<?xml version="1.0" encoding="UTF-8" standalone="no" ?><gpx xmlns="http://www.topografix.com/GPX/1/1" xmlns:gpxx="http://www.garmin.com/xmlschemas/GpxExtensions/v3" xmlns:wptx1="http://www.garmin.com/xmlschemas/WaypointExtension/v1" xmlns:gpxtpx="http://www.garmin.com/xmlschemas/TrackPointExtension/v1" creator="eTrex 10 SEA" version="1.1" xmlns:xsi="http://www.w3.org/2001/XMLSchema-instance" xsi:schemaLocation="http://www.topografix.com/GPX/1/1 http://www.topografix.com/GPX/1/1/gpx.xsd http://www.garmin.com/xmlschemas/GpxExtensions/v3 http://www8.garmin.com/xmlschemas/GpxExtensionsv3.xsd http://www.garmin.com/xmlschemas/WaypointExtension/v1 http://www8.garmin.com/xmlschemas/WaypointExtensionv1.xsd http://www.garmin.com/xmlschemas/TrackPointExtension/v1 http://www.garmin.com/xmlschemas/TrackPointExtensionv1.xsd"><metadata><link href="http://www.garmin.com"><text>Garmin International</text></link><time>2025-11-13T03:39:21Z</time></metadata><trk><name>13-NOV-25 09:09:19 AM</name><extensions><gpxx:TrackExtension><gpxx:DisplayColor>Cyan</gpxx:DisplayColor></gpxx:TrackExtension></extensions><trkseg><trkpt lat="15.6146804430" lon="73.7377651501"><ele>3.98</ele><time>2025-11-13T01:26:02Z</time><extensions><gpxtpx:TrackPointExtension><gpxtpx:cad>0</gpxtpx:cad></gpxtpx:TrackPointExtension></extensions></trkpt><trkpt lat="15.6145233661" lon="73.7377354782"><ele>3.98</ele><time>2025-11-13T01:26:07Z</time><extensions><gpxtpx:TrackPointExtension><gpxtpx:cad>0</gpxtpx:cad></gpxtpx:TrackPointExtension></extensions></trkpt><trkpt lat="15.6143540516" lon="73.7377062254"><ele>3.98</ele><time>2025-11-13T01:26:12Z</time><extensions><gpxtpx:TrackPointExtension><gpxtpx:cad>0</gpxtpx:cad></gpxtpx:TrackPointExtension></extensions></trkpt><trkpt lat="15.6141808815" lon="73.7376777269"><ele>3.98</ele><time>2025-11-13T01:26:17Z</time><extensions><gpxtpx:TrackPointExtension><gpxtpx:cad>0</gpxtpx:cad></gpxtpx:TrackPointExtension></extensions></trkpt><trkpt lat="15.6140312646" lon="73.7376549281"><ele>-0.82</ele><time>2025-11-13T01:26:22Z</time><extensions><gpxtpx:TrackPointExtension><gpxtpx:cad>0</gpxtpx:cad></gpxtpx:TrackPointExtension></extensions></trkpt><trkpt lat="15.6138349604" lon="73.7376460433"><ele>-0.82</ele><time>2025-11-13T01:26:27Z</time><extensions><gpxtpx:TrackPointExtension><gpxtpx:cad>0</gpxtpx:cad></gpxtpx:TrackPointExtension></extensions></trkpt><trkpt lat="15.6136470381" lon="73.7376307044"><ele>-0.82</ele><time>2025-11-13T01:26:32Z</time><extensions><gpxtpx:TrackPointExtension><gpxtpx:cad>0</gpxtpx:cad></gpxtpx:TrackPointExtension></extensions></trkpt><trkpt lat="15.6134546734" lon="73.7376281898"><ele>-0.82</ele><time>2025-11-13T01:26:37Z</time><extensions><gpxtpx:TrackPointExtension><gpxtpx:cad>0</gpxtpx:cad></gpxtpx:TrackPointExtension></extensions></trkpt><trkpt lat="15.6132535078" lon="73.7376353145"><ele>-0.82</ele><time>2025-11-13T01:26:42Z</time><extensions><gpxtpx:TrackPointExtension><gpxtpx:cad>0</gpxtpx:cad></gpxtpx:TrackPointExtension></extensions></trkpt><trkpt lat="15.6130511686" lon="73.7376271840"><ele>-1.30</ele><time>2025-11-13T01:26:47Z</time><extensions><gpxtpx:TrackPointExtension><gpxtpx:cad>0</gpxtpx:cad></gpxtpx:TrackPointExtension></extensions></trkpt><trkpt lat="15.6128509250" lon="73.7376105879"><ele>-1.30</ele><time>2025-11-13T01:26:52Z</time><extensions><gpxtpx:TrackPointExtension><gpxtpx:cad>0</gpxtpx:cad></gpxtpx:TrackPointExtension></extensions></trkpt><trkpt lat="15.6126501784" lon="73.7375996914"><ele>-1.79</ele><time>2025-11-13T01:26:57Z</time><extensions><gpxtpx:TrackPointExtension><gpxtpx:cad>0</gpxtpx:cad></gpxtpx:TrackPointExtension></extensions></trkpt><trkpt lat="15.6124451570" lon="73.7375915609"><ele>-1.79</ele><time>2025-11-13T01:27:02Z</time><extensions><gpxtpx:TrackPointExtension><gpxtpx:cad>0</gpxtpx:cad></gpxtpx:TrackPointExtension></extensions></trkpt><trkpt lat="15.6122426502" lon="73.7375816703"><ele>-1.79</ele><time>2025-11-13T01:27:07Z</time><extensions><gpxtpx:TrackPointExtension><gpxtpx:cad>0</gpxtpx:cad></gpxtpx:TrackPointExtension></extensions></trkpt><trkpt lat="15.6120407302" lon="73.7375672534"><ele>-1.79</ele><time>2025-11-13T01:27:12Z</time><extensions><gpxtpx:TrackPointExtension><gpxtpx:cad>0</gpxtpx:cad></gpxtpx:TrackPointExtension></extensions></trkpt><trkpt lat="15.6118423305" lon="73.7375293672"><ele>-2.27</ele><time>2025-11-13T01:27:17Z</time><extensions><gpxtpx:TrackPointExtension><gpxtpx:cad>0</gpxtpx:cad></gpxtpx:TrackPointExtension></extensions></trkpt><trkpt lat="15.6116514746" lon="73.7374682631"><ele>-1.79</ele><time>2025-11-13T01:27:22Z</time><extensions><gpxtpx:TrackPointExtension><gpxtpx:cad>0</gpxtpx:cad></gpxtpx:TrackPointExtension></extensions></trkpt><trkpt lat="15.6114617083" lon="73.7373805884"><ele>-1.79</ele><time>2025-11-13T01:27:27Z</time><extensions><gpxtpx:TrackPointExtension><gpxtpx:cad>0</gpxtpx:cad></gpxtpx:TrackPointExtension></extensions></trkpt><trkpt lat="15.6112827547" lon="73.7372793350"><ele>-1.79</ele><time>2025-11-13T01:27:32Z</time><extensions><gpxtpx:TrackPointExtension><gpxtpx:cad>0</gpxtpx:cad></gpxtpx:TrackPointExtension></extensions></trkpt><trkpt lat="15.6111079082" lon="73.7371699512"><ele>-1.79</ele><time>2025-11-13T01:27:37Z</time><extensions><gpxtpx:TrackPointExtension><gpxtpx:cad>0</gpxtpx:cad></gpxtpx:TrackPointExtension></extensions></trkpt><trkpt lat="15.6109389290" lon="73.7370526884"><ele>-1.79</ele><time>2025-11-13T01:27:42Z</time><extensions><gpxtpx:TrackPointExtension><gpxtpx:cad>0</gpxtpx:cad></gpxtpx:TrackPointExtension></extensions></trkpt><trkpt lat="15.6107732188" lon="73.7369286362"><ele>-1.79</ele><time>2025-11-13T01:27:47Z</time><extensions><gpxtpx:TrackPointExtension><gpxtpx:cad>0</gpxtpx:cad></gpxtpx:TrackPointExtension></extensions></trkpt><trkpt lat="15.6106176507" lon="73.7368047517"><ele>-1.79</ele><time>2025-11-13T01:27:52Z</time><extensions><gpxtpx:TrackPointExtension><gpxtpx:cad>0</gpxtpx:cad></gpxtpx:TrackPointExtension></extensions></trkpt><trkpt lat="15.6104594003" lon="73.7366879918"><ele>-1.79</ele><time>2025-11-13T01:27:57Z</time><extensions><gpxtpx:TrackPointExtension><gpxtpx:cad>0</gpxtpx:cad></gpxtpx:TrackPointExtension></extensions></trkpt><trkpt lat="15.6103082746" lon="73.7365909293"><ele>-2.27</ele><time>2025-11-13T01:28:02Z</time><extensions><gpxtpx:TrackPointExtension><gpxtpx:cad>0</gpxtpx:cad></gpxtpx:TrackPointExtension></extensions></trkpt><trkpt lat="15.6101568975" lon="73.7364955433"><ele>-2.75</ele><time>2025-11-13T01:28:07Z</time><extensions><gpxtpx:TrackPointExtension><gpxtpx:cad>0</gpxtpx:cad></gpxtpx:TrackPointExtension></extensions></trkpt><trkpt lat="15.6100188475" lon="73.7363989837"><ele>-3.23</ele><time>2025-11-13T01:28:12Z</time><extensions><gpxtpx:TrackPointExtension><gpxtpx:cad>0</gpxtpx:cad></gpxtpx:TrackPointExtension></extensions></trkpt><trkpt lat="15.6098952144" lon="73.7362631131"><ele>-3.23</ele><time>2025-11-13T01:28:17Z</time><extensions><gpxtpx:TrackPointExtension><gpxtpx:cad>0</gpxtpx:cad></gpxtpx:TrackPointExtension></extensions></trkpt><trkpt lat="15.6097904406" lon="73.7360891048"><ele>-3.23</ele><time>2025-11-13T01:28:22Z</time><extensions><gpxtpx:TrackPointExtension><gpxtpx:cad>0</gpxtpx:cad></gpxtpx:TrackPointExtension></extensions></trkpt><trkpt lat="15.6096974015" lon="73.7359053735"><ele>-3.71</ele><time>2025-11-13T01:28:27Z</time><extensions><gpxtpx:TrackPointExtension><gpxtpx:cad>0</gpxtpx:cad></gpxtpx:TrackPointExtension></extensions></trkpt><trkpt lat="15.6096154265" lon="73.7357159425"><ele>-3.71</ele><time>2025-11-13T01:28:32Z</time><extensions><gpxtpx:TrackPointExtension><gpxtpx:cad>0</gpxtpx:cad></gpxtpx:TrackPointExtension></extensions></trkpt><trkpt lat="15.6095426716" lon="73.7355232425"><ele>-3.23</ele><time>2025-11-13T01:28:37Z</time><extensions><gpxtpx:TrackPointExtension><gpxtpx:cad>0</gpxtpx:cad></gpxtpx:TrackPointExtension></extensions></trkpt><trkpt lat="15.6094736885" lon="73.7353235856"><ele>-3.23</ele><time>2025-11-13T01:28:42Z</time><extensions><gpxtpx:TrackPointExtension><gpxtpx:cad>0</gpxtpx:cad></gpxtpx:TrackPointExtension></extensions></trkpt><trkpt lat="15.6094077229" lon="73.7351252697"><ele>-3.23</ele><time>2025-11-13T01:28:47Z</time><extensions><gpxtpx:TrackPointExtension><gpxtpx:cad>0</gpxtpx:cad></gpxtpx:TrackPointExtension></extensions></trkpt><trkpt lat="15.6093497202" lon="73.7349215895"><ele>-3.23</ele><time>2025-11-13T01:28:52Z</time><extensions><gpxtpx:TrackPointExtension><gpxtpx:cad>0</gpxtpx:cad></gpxtpx:TrackPointExtension></extensions></trkpt><trkpt lat="15.6093000155" lon="73.7347262073"><ele>-3.23</ele><time>2025-11-13T01:28:57Z</time><extensions><gpxtpx:TrackPointExtension><gpxtpx:cad>0</gpxtpx:cad></gpxtpx:TrackPointExtension></extensions></trkpt><trkpt lat="15.6092566811" lon="73.7345227785"><ele>-3.23</ele><time>2025-11-13T01:29:02Z</time><extensions><gpxtpx:TrackPointExtension><gpxtpx:cad>0</gpxtpx:cad></gpxtpx:TrackPointExtension></extensions></trkpt><trkpt lat="15.6092135981" lon="73.7343194336"><ele>-2.75</ele><time>2025-11-13T01:29:07Z</time><extensions><gpxtpx:TrackPointExtension><gpxtpx:cad>0</gpxtpx:cad></gpxtpx:TrackPointExtension></extensions></trkpt><trkpt lat="15.6091909669" lon="73.7341116462"><ele>-2.75</ele><time>2025-11-13T01:29:12Z</time><extensions><gpxtpx:TrackPointExtension><gpxtpx:cad>0</gpxtpx:cad></gpxtpx:TrackPointExtension></extensions></trkpt><trkpt lat="15.6091757119" lon="73.7339040264"><ele>-2.75</ele><time>2025-11-13T01:29:17Z</time><extensions><gpxtpx:TrackPointExtension><gpxtpx:cad>0</gpxtpx:cad></gpxtpx:TrackPointExtension></extensions></trkpt><trkpt lat="15.6091577746" lon="73.7336933054"><ele>-2.27</ele><time>2025-11-13T01:29:22Z</time><extensions><gpxtpx:TrackPointExtension><gpxtpx:cad>0</gpxtpx:cad></gpxtpx:TrackPointExtension></extensions></trkpt><trkpt lat="15.6091383286" lon="73.7334803212"><ele>-1.79</ele><time>2025-11-13T01:29:27Z</time><extensions><gpxtpx:TrackPointExtension><gpxtpx:cad>0</gpxtpx:cad></gpxtpx:TrackPointExtension></extensions></trkpt><trkpt lat="15.6090999395" lon="73.7332664989"><ele>-2.27</ele><time>2025-11-13T01:29:32Z</time><extensions><gpxtpx:TrackPointExtension><gpxtpx:cad>0</gpxtpx:cad></gpxtpx:TrackPointExtension></extensions></trkpt><trkpt lat="15.6090597063" lon="73.7330524251"><ele>-2.27</ele><time>2025-11-13T01:29:37Z</time><extensions><gpxtpx:TrackPointExtension><gpxtpx:cad>0</gpxtpx:cad></gpxtpx:TrackPointExtension></extensions></trkpt><trkpt lat="15.6090328004" lon="73.7328443862"><ele>-2.27</ele><time>2025-11-13T01:29:42Z</time><extensions><gpxtpx:TrackPointExtension><gpxtpx:cad>0</gpxtpx:cad></gpxtpx:TrackPointExtension></extensions></trkpt><trkpt lat="15.6090052240" lon="73.7326350063"><ele>-2.27</ele><time>2025-11-13T01:29:47Z</time><extensions><gpxtpx:TrackPointExtension><gpxtpx:cad>0</gpxtpx:cad></gpxtpx:TrackPointExtension></extensions></trkpt><trkpt lat="15.6089785695" lon="73.7324231118"><ele>-1.79</ele><time>2025-11-13T01:29:52Z</time><extensions><gpxtpx:TrackPointExtension><gpxtpx:cad>0</gpxtpx:cad></gpxtpx:TrackPointExtension></extensions></trkpt><trkpt lat="15.6089680921" lon="73.7322110496"><ele>-1.79</ele><time>2025-11-13T01:29:57Z</time><extensions><gpxtpx:TrackPointExtension><gpxtpx:cad>0</gpxtpx:cad></gpxtpx:TrackPointExtension></extensions></trkpt><trkpt lat="15.6089728698" lon="73.7320011668"><ele>-2.27</ele><time>2025-11-13T01:30:02Z</time><extensions><gpxtpx:TrackPointExtension><gpxtpx:cad>0</gpxtpx:cad></gpxtpx:TrackPointExtension></extensions></trkpt><trkpt lat="15.6089945789" lon="73.7317948882"><ele>-2.27</ele><time>2025-11-13T01:30:07Z</time><extensions><gpxtpx:TrackPointExtension><gpxtpx:cad>0</gpxtpx:cad></gpxtpx:TrackPointExtension></extensions></trkpt><trkpt lat="15.6090256758" lon="73.7315851729"><ele>-2.27</ele><time>2025-11-13T01:30:12Z</time><extensions><gpxtpx:TrackPointExtension><gpxtpx:cad>0</gpxtpx:cad></gpxtpx:TrackPointExtension></extensions></trkpt><trkpt lat="15.6090704352" lon="73.7313767988"><ele>-2.27</ele><time>2025-11-13T01:30:17Z</time><extensions><gpxtpx:TrackPointExtension><gpxtpx:cad>0</gpxtpx:cad></gpxtpx:TrackPointExtension></extensions></trkpt><trkpt lat="15.6091164518" lon="73.7311687600"><ele>-2.27</ele><time>2025-11-13T01:30:22Z</time><extensions><gpxtpx:TrackPointExtension><gpxtpx:cad>0</gpxtpx:cad></gpxtpx:TrackPointExtension></extensions></trkpt><trkpt lat="15.6091673300" lon="73.7309629843"><ele>-1.79</ele><time>2025-11-13T01:30:27Z</time><extensions><gpxtpx:TrackPointExtension><gpxtpx:cad>0</gpxtpx:cad></gpxtpx:TrackPointExtension></extensions></trkpt><trkpt lat="15.6092193816" lon="73.7307664286"><ele>-2.27</ele><time>2025-11-13T01:30:32Z</time><extensions><gpxtpx:TrackPointExtension><gpxtpx:cad>0</gpxtpx:cad></gpxtpx:TrackPointExtension></extensions></trkpt><trkpt lat="15.6092714332" lon="73.7305669393"><ele>-2.27</ele><time>2025-11-13T01:30:37Z</time><extensions><gpxtpx:TrackPointExtension><gpxtpx:cad>0</gpxtpx:cad></gpxtpx:TrackPointExtension></extensions></trkpt><trkpt lat="15.6093379855" lon="73.7303712219"><ele>-2.75</ele><time>2025-11-13T01:30:42Z</time><extensions><gpxtpx:TrackPointExtension><gpxtpx:cad>0</gpxtpx:cad></gpxtpx:TrackPointExtension></extensions></trkpt><trkpt lat="15.6093982514" lon="73.7301694695"><ele>-2.75</ele><time>2025-11-13T01:30:47Z</time><extensions><gpxtpx:TrackPointExtension><gpxtpx:cad>0</gpxtpx:cad></gpxtpx:TrackPointExtension></extensions></trkpt><trkpt lat="15.6094375625" lon="73.7299627718"><ele>-3.23</ele><time>2025-11-13T01:30:52Z</time><extensions><gpxtpx:TrackPointExtension><gpxtpx:cad>0</gpxtpx:cad></gpxtpx:TrackPointExtension></extensions></trkpt><trkpt lat="15.6094516441" lon="73.7297629472"><ele>-2.75</ele><time>2025-11-13T01:30:57Z</time><extensions><gpxtpx:TrackPointExtension><gpxtpx:cad>0</gpxtpx:cad></gpxtpx:TrackPointExtension></extensions></trkpt><trkpt lat="15.6094449386" lon="73.7295660563"><ele>-3.23</ele><time>2025-11-13T01:31:02Z</time><extensions><gpxtpx:TrackPointExtension><gpxtpx:cad>0</gpxtpx:cad></gpxtpx:TrackPointExtension></extensions></trkpt><trkpt lat="15.6094360538" lon="73.7293644715"><ele>-3.71</ele><time>2025-11-13T01:31:07Z</time><extensions><gpxtpx:TrackPointExtension><gpxtpx:cad>0</gpxtpx:cad></gpxtpx:TrackPointExtension></extensions></trkpt><trkpt lat="15.6094108243" lon="73.7291642278"><ele>-3.23</ele><time>2025-11-13T01:31:12Z</time><extensions><gpxtpx:TrackPointExtension><gpxtpx:cad>0</gpxtpx:cad></gpxtpx:TrackPointExtension></extensions></trkpt><trkpt lat="15.6093648076" lon="73.7289708573"><ele>-3.71</ele><time>2025-11-13T01:31:17Z</time><extensions><gpxtpx:TrackPointExtension><gpxtpx:cad>0</gpxtpx:cad></gpxtpx:TrackPointExtension></extensions></trkpt><trkpt lat="15.6093099061" lon="73.7287835218"><ele>-3.71</ele><time>2025-11-13T01:31:22Z</time><extensions><gpxtpx:TrackPointExtension><gpxtpx:cad>0</gpxtpx:cad></gpxtpx:TrackPointExtension></extensions></trkpt><trkpt lat="15.6092387438" lon="73.7286077533"><ele>-4.19</ele><time>2025-11-13T01:31:27Z</time><extensions><gpxtpx:TrackPointExtension><gpxtpx:cad>0</gpxtpx:cad></gpxtpx:TrackPointExtension></extensions></trkpt><trkpt lat="15.6091838423" lon="73.7284715474"><ele>-3.71</ele><time>2025-11-13T01:31:32Z</time><extensions><gpxtpx:TrackPointExtension><gpxtpx:cad>0</gpxtpx:cad></gpxtpx:TrackPointExtension></extensions></trkpt><trkpt lat="15.6091284379" lon="73.7283580564"><ele>-2.75</ele><time>2025-11-13T01:31:37Z</time><extensions><gpxtpx:TrackPointExtension><gpxtpx:cad>0</gpxtpx:cad></gpxtpx:TrackPointExtension></extensions></trkpt><trkpt lat="15.6090742908" lon="73.7282767519"><ele>-2.27</ele><time>2025-11-13T01:31:42Z</time><extensions><gpxtpx:TrackPointExtension><gpxtpx:cad>0</gpxtpx:cad></gpxtpx:TrackPointExtension></extensions></trkpt><trkpt lat="15.6090234965" lon="73.7281956989"><ele>-1.79</ele><time>2025-11-13T01:31:47Z</time><extensions><gpxtpx:TrackPointExtension><gpxtpx:cad>0</gpxtpx:cad></gpxtpx:TrackPointExtension></extensions></trkpt><trkpt lat="15.6089661643" lon="73.7281119637"><ele>-1.30</ele><time>2025-11-13T01:31:52Z</time><extensions><gpxtpx:TrackPointExtension><gpxtpx:cad>0</gpxtpx:cad></gpxtpx:TrackPointExtension></extensions></trkpt><trkpt lat="15.6089289486" lon="73.7280332576"><ele>-0.34</ele><time>2025-11-13T01:31:57Z</time><extensions><gpxtpx:TrackPointExtension><gpxtpx:cad>0</gpxtpx:cad></gpxtpx:TrackPointExtension></extensions></trkpt><trkpt lat="15.6088779867" lon="73.7279669568"><ele>0.14</ele><time>2025-11-13T01:32:02Z</time><extensions><gpxtpx:TrackPointExtension><gpxtpx:cad>0</gpxtpx:cad></gpxtpx:TrackPointExtension></extensions></trkpt><trkpt lat="15.6088284496" lon="73.7278920226"><ele>-0.34</ele><time>2025-11-13T01:32:07Z</time><extensions><gpxtpx:TrackPointExtension><gpxtpx:cad>0</gpxtpx:cad></gpxtpx:TrackPointExtension></extensions></trkpt><trkpt lat="15.6087815110" lon="73.7278219499"><ele>-0.82</ele><time>2025-11-13T01:32:12Z</time><extensions><gpxtpx:TrackPointExtension><gpxtpx:cad>0</gpxtpx:cad></gpxtpx:TrackPointExtension></extensions></trkpt><trkpt lat="15.6087335665" lon="73.7277463451"><ele>-0.82</ele><time>2025-11-13T01:32:17Z</time><extensions><gpxtpx:TrackPointExtension><gpxtpx:cad>0</gpxtpx:cad></gpxtpx:TrackPointExtension></extensions></trkpt><trkpt lat="15.6086880527" lon="73.7276735064"><ele>-0.82</ele><time>2025-11-13T01:32:22Z</time><extensions><gpxtpx:TrackPointExtension><gpxtpx:cad>0</gpxtpx:cad></gpxtpx:TrackPointExtension></extensions></trkpt><trkpt lat="15.6086302176" lon="73.7275880948"><ele>-0.34</ele><time>2025-11-13T01:32:27Z</time><extensions><gpxtpx:TrackPointExtension><gpxtpx:cad>0</gpxtpx:cad></gpxtpx:TrackPointExtension></extensions></trkpt><trkpt lat="15.6085557025" lon="73.7274916191"><ele>-0.34</ele><time>2025-11-13T01:32:32Z</time><extensions><gpxtpx:TrackPointExtension><gpxtpx:cad>0</gpxtpx:cad></gpxtpx:TrackPointExtension></extensions></trkpt><trkpt lat="15.6084562931" lon="73.7273773737"><ele>-0.34</ele><time>2025-11-13T01:32:37Z</time><extensions><gpxtpx:TrackPointExtension><gpxtpx:cad>0</gpxtpx:cad></gpxtpx:TrackPointExtension></extensions></trkpt><trkpt lat="15.6083448138" lon="73.7272574287"><ele>0.14</ele><time>2025-11-13T01:32:42Z</time><extensions><gpxtpx:TrackPointExtension><gpxtpx:cad>0</gpxtpx:cad></gpxtpx:TrackPointExtension></extensions></trkpt><trkpt lat="15.6082331669" lon="73.7271339633"><ele>0.14</ele><time>2025-11-13T01:32:47Z</time><extensions><gpxtpx:TrackPointExtension><gpxtpx:cad>0</gpxtpx:cad></gpxtpx:TrackPointExtension></extensions></trkpt><trkpt lat="15.6081159879" lon="73.7270136829"><ele>0.14</ele><time>2025-11-13T01:32:52Z</time><extensions><gpxtpx:TrackPointExtension><gpxtpx:cad>0</gpxtpx:cad></gpxtpx:TrackPointExtension></extensions></trkpt><trkpt lat="15.6080122199" lon="73.7268851884"><ele>0.14</ele><time>2025-11-13T01:32:57Z</time><extensions><gpxtpx:TrackPointExtension><gpxtpx:cad>0</gpxtpx:cad></gpxtpx:TrackPointExtension></extensions></trkpt><trkpt lat="15.6079030875" lon="73.7267639861"><ele>0.14</ele><time>2025-11-13T01:33:02Z</time><extensions><gpxtpx:TrackPointExtension><gpxtpx:cad>0</gpxtpx:cad></gpxtpx:TrackPointExtension></extensions></trkpt><trkpt lat="15.6077893451" lon="73.7266470585"><ele>0.14</ele><time>2025-11-13T01:33:07Z</time><extensions><gpxtpx:TrackPointExtension><gpxtpx:cad>0</gpxtpx:cad></gpxtpx:TrackPointExtension></extensions></trkpt><trkpt lat="15.6076735910" lon="73.7265293766"><ele>-0.34</ele><time>2025-11-13T01:33:12Z</time><extensions><gpxtpx:TrackPointExtension><gpxtpx:cad>0</gpxtpx:cad></gpxtpx:TrackPointExtension></extensions></trkpt><trkpt lat="15.6075650454" lon="73.7263992894"><ele>-0.82</ele><time>2025-11-13T01:33:17Z</time><extensions><gpxtpx:TrackPointExtension><gpxtpx:cad>0</gpxtpx:cad></gpxtpx:TrackPointExtension></extensions></trkpt><trkpt lat="15.6074645463" lon="73.7262707949"><ele>-0.82</ele><time>2025-11-13T01:33:22Z</time><extensions><gpxtpx:TrackPointExtension><gpxtpx:cad>0</gpxtpx:cad></gpxtpx:TrackPointExtension></extensions></trkpt><trkpt lat="15.6073554978" lon="73.7261434738"><ele>-0.82</ele><time>2025-11-13T01:33:27Z</time><extensions><gpxtpx:TrackPointExtension><gpxtpx:cad>0</gpxtpx:cad></gpxtpx:TrackPointExtension></extensions></trkpt><trkpt lat="15.6072396599" lon="73.7260237802"><ele>-1.30</ele><time>2025-11-13T01:33:32Z</time><extensions><gpxtpx:TrackPointExtension><gpxtpx:cad>0</gpxtpx:cad></gpxtpx:TrackPointExtension></extensions></trkpt><trkpt lat="15.6071233191" lon="73.7259034999"><ele>-1.30</ele><time>2025-11-13T01:33:37Z</time><extensions><gpxtpx:TrackPointExtension><gpxtpx:cad>0</gpxtpx:cad></gpxtpx:TrackPointExtension></extensions></trkpt><trkpt lat="15.6070075650" lon="73.7257809564"><ele>-1.30</ele><time>2025-11-13T01:33:42Z</time><extensions><gpxtpx:TrackPointExtension><gpxtpx:cad>0</gpxtpx:cad></gpxtpx:TrackPointExtension></extensions></trkpt><trkpt lat="15.6068860274" lon="73.7256679684"><ele>-1.30</ele><time>2025-11-13T01:33:47Z</time><extensions><gpxtpx:TrackPointExtension><gpxtpx:cad>0</gpxtpx:cad></gpxtpx:TrackPointExtension></extensions></trkpt><trkpt lat="15.6067657471" lon="73.7255508732"><ele>-0.82</ele><time>2025-11-13T01:33:52Z</time><extensions><gpxtpx:TrackPointExtension><gpxtpx:cad>0</gpxtpx:cad></gpxtpx:TrackPointExtension></extensions></trkpt><trkpt lat="15.6066466402" lon="73.7254399806"><ele>-1.30</ele><time>2025-11-13T01:33:57Z</time><extensions><gpxtpx:TrackPointExtension><gpxtpx:cad>0</gpxtpx:cad></gpxtpx:TrackPointExtension></extensions></trkpt><trkpt lat="15.6065296289" lon="73.7253210414"><ele>-1.30</ele><time>2025-11-13T01:34:02Z</time><extensions><gpxtpx:TrackPointExtension><gpxtpx:cad>0</gpxtpx:cad></gpxtpx:TrackPointExtension></extensions></trkpt><trkpt lat="15.6064242683" lon="73.7251897808"><ele>-0.82</ele><time>2025-11-13T01:34:07Z</time><extensions><gpxtpx:TrackPointExtension><gpxtpx:cad>0</gpxtpx:cad></gpxtpx:TrackPointExtension></extensions></trkpt><trkpt lat="15.6063224282" lon="73.7250612024"><ele>-1.30</ele><time>2025-11-13T01:34:12Z</time><extensions><gpxtpx:TrackPointExtension><gpxtpx:cad>0</gpxtpx:cad></gpxtpx:TrackPointExtension></extensions></trkpt><trkpt lat="15.6062162295" lon="73.7249337975"><ele>-1.30</ele><time>2025-11-13T01:34:17Z</time><extensions><gpxtpx:TrackPointExtension><gpxtpx:cad>0</gpxtpx:cad></gpxtpx:TrackPointExtension></extensions></trkpt><trkpt lat="15.6061075162" lon="73.7248112541"><ele>-1.30</ele><time>2025-11-13T01:34:22Z</time><extensions><gpxtpx:TrackPointExtension><gpxtpx:cad>0</gpxtpx:cad></gpxtpx:TrackPointExtension></extensions></trkpt><trkpt lat="15.6060025748" lon="73.7246863637"><ele>-0.82</ele><time>2025-11-13T01:34:27Z</time><extensions><gpxtpx:TrackPointExtension><gpxtpx:cad>0</gpxtpx:cad></gpxtpx:TrackPointExtension></extensions></trkpt><trkpt lat="15.6058993936" lon="73.7245587911"><ele>-0.82</ele><time>2025-11-13T01:34:32Z</time><extensions><gpxtpx:TrackPointExtension><gpxtpx:cad>0</gpxtpx:cad></gpxtpx:TrackPointExtension></extensions></trkpt><trkpt lat="15.6057984754" lon="73.7244263571"><ele>-0.82</ele><time>2025-11-13T01:34:37Z</time><extensions><gpxtpx:TrackPointExtension><gpxtpx:cad>0</gpxtpx:cad></gpxtpx:TrackPointExtension></extensions></trkpt><trkpt lat="15.6056947075" lon="73.7242971919"><ele>-0.82</ele><time>2025-11-13T01:34:42Z</time><extensions><gpxtpx:TrackPointExtension><gpxtpx:cad>0</gpxtpx:cad></gpxtpx:TrackPointExtension></extensions></trkpt><trkpt lat="15.6055894308" lon="73.7241710443"><ele>-0.34</ele><time>2025-11-13T01:34:47Z</time><extensions><gpxtpx:TrackPointExtension><gpxtpx:cad>0</gpxtpx:cad></gpxtpx:TrackPointExtension></extensions></trkpt><trkpt lat="15.6054826453" lon="73.7240443099"><ele>-0.34</ele><time>2025-11-13T01:34:52Z</time><extensions><gpxtpx:TrackPointExtension><gpxtpx:cad>0</gpxtpx:cad></gpxtpx:TrackPointExtension></extensions></trkpt><trkpt lat="15.6053790450" lon="73.7239204254"><ele>-0.34</ele><time>2025-11-13T01:34:57Z</time><extensions><gpxtpx:TrackPointExtension><gpxtpx:cad>0</gpxtpx:cad></gpxtpx:TrackPointExtension></extensions></trkpt><trkpt lat="15.6052772049" lon="73.7237927690"><ele>-0.82</ele><time>2025-11-13T01:35:02Z</time><extensions><gpxtpx:TrackPointExtension><gpxtpx:cad>0</gpxtpx:cad></gpxtpx:TrackPointExtension></extensions></trkpt><trkpt lat="15.6051740237" lon="73.7236622628"><ele>-0.34</ele><time>2025-11-13T01:35:07Z</time><extensions><gpxtpx:TrackPointExtension><gpxtpx:cad>0</gpxtpx:cad></gpxtpx:TrackPointExtension></extensions></trkpt><trkpt lat="15.6050709262" lon="73.7235286552"><ele>-0.34</ele><time>2025-11-13T01:35:12Z</time><extensions><gpxtpx:TrackPointExtension><gpxtpx:cad>0</gpxtpx:cad></gpxtpx:TrackPointExtension></extensions></trkpt><trkpt lat="15.6049687508" lon="73.7233969755"><ele>-0.34</ele><time>2025-11-13T01:35:17Z</time><extensions><gpxtpx:TrackPointExtension><gpxtpx:cad>0</gpxtpx:cad></gpxtpx:TrackPointExtension></extensions></trkpt><trkpt lat="15.6048666593" lon="73.7232714985"><ele>-0.82</ele><time>2025-11-13T01:35:22Z</time><extensions><gpxtpx:TrackPointExtension><gpxtpx:cad>0</gpxtpx:cad></gpxtpx:TrackPointExtension></extensions></trkpt><trkpt lat="15.6047615502" lon="73.7231386453"><ele>-1.30</ele><time>2025-11-13T01:35:27Z</time><extensions><gpxtpx:TrackPointExtension><gpxtpx:cad>0</gpxtpx:cad></gpxtpx:TrackPointExtension></extensions></trkpt><trkpt lat="15.6046470534" lon="73.7230218854"><ele>-1.30</ele><time>2025-11-13T01:35:32Z</time><extensions><gpxtpx:TrackPointExtension><gpxtpx:cad>0</gpxtpx:cad></gpxtpx:TrackPointExtension></extensions></trkpt><trkpt lat="15.6045261025" lon="73.7229048740"><ele>-1.30</ele><time>2025-11-13T01:35:37Z</time><extensions><gpxtpx:TrackPointExtension><gpxtpx:cad>0</gpxtpx:cad></gpxtpx:TrackPointExtension></extensions></trkpt><trkpt lat="15.6044130307" lon="73.7227854319"><ele>-1.79</ele><time>2025-11-13T01:35:42Z</time><extensions><gpxtpx:TrackPointExtension><gpxtpx:cad>0</gpxtpx:cad></gpxtpx:TrackPointExtension></extensions></trkpt><trkpt lat="15.6043137051" lon="73.7226527464"><ele>-1.30</ele><time>2025-11-13T01:35:47Z</time><extensions><gpxtpx:TrackPointExtension><gpxtpx:cad>0</gpxtpx:cad></gpxtpx:TrackPointExtension></extensions></trkpt><trkpt lat="15.6042215880" lon="73.7225140259"><ele>-1.30</ele><time>2025-11-13T01:35:52Z</time><extensions><gpxtpx:TrackPointExtension><gpxtpx:cad>0</gpxtpx:cad></gpxtpx:TrackPointExtension></extensions></trkpt><trkpt lat="15.6041243579" lon="73.7223802507"><ele>-1.30</ele><time>2025-11-13T01:35:57Z</time><extensions><gpxtpx:TrackPointExtension><gpxtpx:cad>0</gpxtpx:cad></gpxtpx:TrackPointExtension></extensions></trkpt><trkpt lat="15.6040107831" lon="73.7222610600"><ele>-1.30</ele><time>2025-11-13T01:36:02Z</time><extensions><gpxtpx:TrackPointExtension><gpxtpx:cad>0</gpxtpx:cad></gpxtpx:TrackPointExtension></extensions></trkpt><trkpt lat="15.6039014831" lon="73.7221365888"><ele>-0.82</ele><time>2025-11-13T01:36:07Z</time><extensions><gpxtpx:TrackPointExtension><gpxtpx:cad>0</gpxtpx:cad></gpxtpx:TrackPointExtension></extensions></trkpt><trkpt lat="15.6038102042" lon="73.7219952699"><ele>-0.82</ele><time>2025-11-13T01:36:12Z</time><extensions><gpxtpx:TrackPointExtension><gpxtpx:cad>0</gpxtpx:cad></gpxtpx:TrackPointExtension></extensions></trkpt><trkpt lat="15.6037210207" lon="73.7218556274"><ele>-0.82</ele><time>2025-11-13T01:36:17Z</time><extensions><gpxtpx:TrackPointExtension><gpxtpx:cad>0</gpxtpx:cad></gpxtpx:TrackPointExtension></extensions></trkpt><trkpt lat="15.6036188453" lon="73.7217298988"><ele>-0.34</ele><time>2025-11-13T01:36:22Z</time><extensions><gpxtpx:TrackPointExtension><gpxtpx:cad>0</gpxtpx:cad></gpxtpx:TrackPointExtension></extensions></trkpt><trkpt lat="15.6035071146" lon="73.7216068525"><ele>-0.34</ele><time>2025-11-13T01:36:27Z</time><extensions><gpxtpx:TrackPointExtension><gpxtpx:cad>0</gpxtpx:cad></gpxtpx:TrackPointExtension></extensions></trkpt><trkpt lat="15.6033912767" lon="73.7214874104"><ele>-0.34</ele><time>2025-11-13T01:36:32Z</time><extensions><gpxtpx:TrackPointExtension><gpxtpx:cad>0</gpxtpx:cad></gpxtpx:TrackPointExtension></extensions></trkpt><trkpt lat="15.6032683980" lon="73.7213683035"><ele>-0.82</ele><time>2025-11-13T01:36:37Z</time><extensions><gpxtpx:TrackPointExtension><gpxtpx:cad>0</gpxtpx:cad></gpxtpx:TrackPointExtension></extensions></trkpt><trkpt lat="15.6031542365" lon="73.7212511245"><ele>-1.30</ele><time>2025-11-13T01:36:42Z</time><extensions><gpxtpx:TrackPointExtension><gpxtpx:cad>0</gpxtpx:cad></gpxtpx:TrackPointExtension></extensions></trkpt><trkpt lat="15.6030486245" lon="73.7211241387"><ele>-1.30</ele><time>2025-11-13T01:36:47Z</time><extensions><gpxtpx:TrackPointExtension><gpxtpx:cad>0</gpxtpx:cad></gpxtpx:TrackPointExtension></extensions></trkpt><trkpt lat="15.6029491313" lon="73.7209931295"><ele>-0.82</ele><time>2025-11-13T01:36:52Z</time><extensions><gpxtpx:TrackPointExtension><gpxtpx:cad>0</gpxtpx:cad></gpxtpx:TrackPointExtension></extensions></trkpt><trkpt lat="15.6028404180" lon="73.7208642159"><ele>-0.82</ele><time>2025-11-13T01:36:57Z</time><extensions><gpxtpx:TrackPointExtension><gpxtpx:cad>0</gpxtpx:cad></gpxtpx:TrackPointExtension></extensions></trkpt><trkpt lat="15.6027267594" lon="73.7207440194"><ele>-1.30</ele><time>2025-11-13T01:37:02Z</time><extensions><gpxtpx:TrackPointExtension><gpxtpx:cad>0</gpxtpx:cad></gpxtpx:TrackPointExtension></extensions></trkpt><trkpt lat="15.6026151963" lon="73.7206208054"><ele>-1.30</ele><time>2025-11-13T01:37:07Z</time><extensions><gpxtpx:TrackPointExtension><gpxtpx:cad>0</gpxtpx:cad></gpxtpx:TrackPointExtension></extensions></trkpt><trkpt lat="15.6024998613" lon="73.7204970885"><ele>-1.79</ele><time>2025-11-13T01:37:12Z</time><extensions><gpxtpx:TrackPointExtension><gpxtpx:cad>0</gpxtpx:cad></gpxtpx:TrackPointExtension></extensions></trkpt><trkpt lat="15.6023836043" lon="73.7203772273"><ele>-1.79</ele><time>2025-11-13T01:37:17Z</time><extensions><gpxtpx:TrackPointExtension><gpxtpx:cad>0</gpxtpx:cad></gpxtpx:TrackPointExtension></extensions></trkpt><trkpt lat="15.6022633240" lon="73.7202564441"><ele>-2.27</ele><time>2025-11-13T01:37:22Z</time><extensions><gpxtpx:TrackPointExtension><gpxtpx:cad>0</gpxtpx:cad></gpxtpx:TrackPointExtension></extensions></trkpt><trkpt lat="15.6021444686" lon="73.7201396003"><ele>-1.79</ele><time>2025-11-13T01:37:27Z</time><extensions><gpxtpx:TrackPointExtension><gpxtpx:cad>0</gpxtpx:cad></gpxtpx:TrackPointExtension></extensions></trkpt><trkpt lat="15.6020340789" lon="73.7200116087"><ele>-1.79</ele><time>2025-11-13T01:37:32Z</time><extensions><gpxtpx:TrackPointExtension><gpxtpx:cad>0</gpxtpx:cad></gpxtpx:TrackPointExtension></extensions></trkpt><trkpt lat="15.6019202527" lon="73.7198857125"><ele>-1.79</ele><time>2025-11-13T01:37:37Z</time><extensions><gpxtpx:TrackPointExtension><gpxtpx:cad>0</gpxtpx:cad></gpxtpx:TrackPointExtension></extensions></trkpt><trkpt lat="15.6018122099" lon="73.7197628338"><ele>-1.79</ele><time>2025-11-13T01:37:42Z</time><extensions><gpxtpx:TrackPointExtension><gpxtpx:cad>0</gpxtpx:cad></gpxtpx:TrackPointExtension></extensions></trkpt><trkpt lat="15.6016956177" lon="73.7196408771"><ele>-1.79</ele><time>2025-11-13T01:37:47Z</time><extensions><gpxtpx:TrackPointExtension><gpxtpx:cad>0</gpxtpx:cad></gpxtpx:TrackPointExtension></extensions></trkpt><trkpt lat="15.6015752535" lon="73.7195299007"><ele>-1.79</ele><time>2025-11-13T01:37:52Z</time><extensions><gpxtpx:TrackPointExtension><gpxtpx:cad>0</gpxtpx:cad></gpxtpx:TrackPointExtension></extensions></trkpt><trkpt lat="15.6014574040" lon="73.7194114644"><ele>-1.79</ele><time>2025-11-13T01:37:57Z</time><extensions><gpxtpx:TrackPointExtension><gpxtpx:cad>0</gpxtpx:cad></gpxtpx:TrackPointExtension></extensions></trkpt><trkpt lat="15.6013474334" lon="73.7192867417"><ele>-1.79</ele><time>2025-11-13T01:38:02Z</time><extensions><gpxtpx:TrackPointExtension><gpxtpx:cad>0</gpxtpx:cad></gpxtpx:TrackPointExtension></extensions></trkpt><trkpt lat="15.6012305059" lon="73.7191615999"><ele>-1.79</ele><time>2025-11-13T01:38:07Z</time><extensions><gpxtpx:TrackPointExtension><gpxtpx:cad>0</gpxtpx:cad></gpxtpx:TrackPointExtension></extensions></trkpt><trkpt lat="15.6011170987" lon="73.7190372963"><ele>-1.79</ele><time>2025-11-13T01:38:12Z</time><extensions><gpxtpx:TrackPointExtension><gpxtpx:cad>0</gpxtpx:cad></gpxtpx:TrackPointExtension></extensions></trkpt><trkpt lat="15.6010065414" lon="73.7189087179"><ele>-1.30</ele><time>2025-11-13T01:38:17Z</time><extensions><gpxtpx:TrackPointExtension><gpxtpx:cad>0</gpxtpx:cad></gpxtpx:TrackPointExtension></extensions></trkpt><trkpt lat="15.6009010132" lon="73.7187770382"><ele>-1.79</ele><time>2025-11-13T01:38:22Z</time><extensions><gpxtpx:TrackPointExtension><gpxtpx:cad>0</gpxtpx:cad></gpxtpx:TrackPointExtension></extensions></trkpt><trkpt lat="15.6007986702" lon="73.7186430115"><ele>-1.30</ele><time>2025-11-13T01:38:27Z</time><extensions><gpxtpx:TrackPointExtension><gpxtpx:cad>0</gpxtpx:cad></gpxtpx:TrackPointExtension></extensions></trkpt><trkpt lat="15.6006921362" lon="73.7185096554"><ele>-1.79</ele><time>2025-11-13T01:38:32Z</time><extensions><gpxtpx:TrackPointExtension><gpxtpx:cad>0</gpxtpx:cad></gpxtpx:TrackPointExtension></extensions></trkpt><trkpt lat="15.6005948223" lon="73.7183733657"><ele>-1.79</ele><time>2025-11-13T01:38:37Z</time><extensions><gpxtpx:TrackPointExtension><gpxtpx:cad>0</gpxtpx:cad></gpxtpx:TrackPointExtension></extensions></trkpt><trkpt lat="15.6004940718" lon="73.7182416022"><ele>-1.79</ele><time>2025-11-13T01:38:42Z</time><extensions><gpxtpx:TrackPointExtension><gpxtpx:cad>0</gpxtpx:cad></gpxtpx:TrackPointExtension></extensions></trkpt><trkpt lat="15.6003843527" lon="73.7181138620"><ele>-1.79</ele><time>2025-11-13T01:38:47Z</time><extensions><gpxtpx:TrackPointExtension><gpxtpx:cad>0</gpxtpx:cad></gpxtpx:TrackPointExtension></extensions></trkpt><trkpt lat="15.6002752203" lon="73.7179849483"><ele>-1.30</ele><time>2025-11-13T01:38:52Z</time><extensions><gpxtpx:TrackPointExtension><gpxtpx:cad>0</gpxtpx:cad></gpxtpx:TrackPointExtension></extensions></trkpt><trkpt lat="15.6001679320" lon="73.7178581301"><ele>-1.30</ele><time>2025-11-13T01:38:57Z</time><extensions><gpxtpx:TrackPointExtension><gpxtpx:cad>0</gpxtpx:cad></gpxtpx:TrackPointExtension></extensions></trkpt><trkpt lat="15.6000553630" lon="73.7177291326"><ele>-1.30</ele><time>2025-11-13T01:39:02Z</time><extensions><gpxtpx:TrackPointExtension><gpxtpx:cad>0</gpxtpx:cad></gpxtpx:TrackPointExtension></extensions></trkpt><trkpt lat="15.5999497510" lon="73.7176014762"><ele>-1.30</ele><time>2025-11-13T01:39:07Z</time><extensions><gpxtpx:TrackPointExtension><gpxtpx:cad>0</gpxtpx:cad></gpxtpx:TrackPointExtension></extensions></trkpt><trkpt lat="15.5998231843" lon="73.7174969539"><ele>-1.30</ele><time>2025-11-13T01:39:12Z</time><extensions><gpxtpx:TrackPointExtension><gpxtpx:cad>0</gpxtpx:cad></gpxtpx:TrackPointExtension></extensions></trkpt><trkpt lat="15.5996867269" lon="73.7174091954"><ele>-1.30</ele><time>2025-11-13T01:39:17Z</time><extensions><gpxtpx:TrackPointExtension><gpxtpx:cad>0</gpxtpx:cad></gpxtpx:TrackPointExtension></extensions></trkpt><trkpt lat="15.5995467491" lon="73.7173150666"><ele>-1.30</ele><time>2025-11-13T01:39:22Z</time><extensions><gpxtpx:TrackPointExtension><gpxtpx:cad>0</gpxtpx:cad></gpxtpx:TrackPointExtension></extensions></trkpt><trkpt lat="15.5994123872" lon="73.7172166631"><ele>-1.30</ele><time>2025-11-13T01:39:27Z</time><extensions><gpxtpx:TrackPointExtension><gpxtpx:cad>0</gpxtpx:cad></gpxtpx:TrackPointExtension></extensions></trkpt><trkpt lat="15.5992700625" lon="73.7171181757"><ele>-1.79</ele><time>2025-11-13T01:39:32Z</time><extensions><gpxtpx:TrackPointExtension><gpxtpx:cad>0</gpxtpx:cad></gpxtpx:TrackPointExtension></extensions></trkpt><trkpt lat="15.5991374608" lon="73.7170225382"><ele>-1.79</ele><time>2025-11-13T01:39:37Z</time><extensions><gpxtpx:TrackPointExtension><gpxtpx:cad>0</gpxtpx:cad></gpxtpx:TrackPointExtension></extensions></trkpt><trkpt lat="15.5990043562" lon="73.7169240508"><ele>-1.79</ele><time>2025-11-13T01:39:42Z</time><extensions><gpxtpx:TrackPointExtension><gpxtpx:cad>0</gpxtpx:cad></gpxtpx:TrackPointExtension></extensions></trkpt><trkpt lat="15.5988737661" lon="73.7168219592"><ele>-1.79</ele><time>2025-11-13T01:39:47Z</time><extensions><gpxtpx:TrackPointExtension><gpxtpx:cad>0</gpxtpx:cad></gpxtpx:TrackPointExtension></extensions></trkpt><trkpt lat="15.5987458583" lon="73.7167174369"><ele>-1.79</ele><time>2025-11-13T01:39:52Z</time><extensions><gpxtpx:TrackPointExtension><gpxtpx:cad>0</gpxtpx:cad></gpxtpx:TrackPointExtension></extensions></trkpt><trkpt lat="15.5986190401" lon="73.7166041974"><ele>-1.30</ele><time>2025-11-13T01:39:57Z</time><extensions><gpxtpx:TrackPointExtension><gpxtpx:cad>0</gpxtpx:cad></gpxtpx:TrackPointExtension></extensions></trkpt><trkpt lat="15.5984928925" lon="73.7164969929"><ele>-1.30</ele><time>2025-11-13T01:40:02Z</time><extensions><gpxtpx:TrackPointExtension><gpxtpx:cad>0</gpxtpx:cad></gpxtpx:TrackPointExtension></extensions></trkpt><trkpt lat="15.5983659904" lon="73.7163943145"><ele>-1.30</ele><time>2025-11-13T01:40:07Z</time><extensions><gpxtpx:TrackPointExtension><gpxtpx:cad>0</gpxtpx:cad></gpxtpx:TrackPointExtension></extensions></trkpt><trkpt lat="15.5982333887" lon="73.7162938155"><ele>-1.79</ele><time>2025-11-13T01:40:12Z</time><extensions><gpxtpx:TrackPointExtension><gpxtpx:cad>0</gpxtpx:cad></gpxtpx:TrackPointExtension></extensions></trkpt><trkpt lat="15.5980981048" lon="73.7161887903"><ele>-1.79</ele><time>2025-11-13T01:40:17Z</time><extensions><gpxtpx:TrackPointExtension><gpxtpx:cad>0</gpxtpx:cad></gpxtpx:TrackPointExtension></extensions></trkpt><trkpt lat="15.5979719572" lon="73.7160800770"><ele>-1.79</ele><time>2025-11-13T01:40:22Z</time><extensions><gpxtpx:TrackPointExtension><gpxtpx:cad>0</gpxtpx:cad></gpxtpx:TrackPointExtension></extensions></trkpt><trkpt lat="15.5978448875" lon="73.7159734592"><ele>-1.79</ele><time>2025-11-13T01:40:27Z</time><extensions><gpxtpx:TrackPointExtension><gpxtpx:cad>0</gpxtpx:cad></gpxtpx:TrackPointExtension></extensions></trkpt><trkpt lat="15.5977174826" lon="73.7158643268"><ele>-1.79</ele><time>2025-11-13T01:40:32Z</time><extensions><gpxtpx:TrackPointExtension><gpxtpx:cad>0</gpxtpx:cad></gpxtpx:TrackPointExtension></extensions></trkpt><trkpt lat="15.5975919217" lon="73.7157540210"><ele>-1.79</ele><time>2025-11-13T01:40:37Z</time><extensions><gpxtpx:TrackPointExtension><gpxtpx:cad>0</gpxtpx:cad></gpxtpx:TrackPointExtension></extensions></trkpt><trkpt lat="15.5974657740" lon="73.7156434637"><ele>-1.79</ele><time>2025-11-13T01:40:42Z</time><extensions><gpxtpx:TrackPointExtension><gpxtpx:cad>0</gpxtpx:cad></gpxtpx:TrackPointExtension></extensions></trkpt><trkpt lat="15.5973392911" lon="73.7155412883"><ele>-1.79</ele><time>2025-11-13T01:40:47Z</time><extensions><gpxtpx:TrackPointExtension><gpxtpx:cad>0</gpxtpx:cad></gpxtpx:TrackPointExtension></extensions></trkpt><trkpt lat="15.5972100422" lon="73.7154371850"><ele>-2.75</ele><time>2025-11-13T01:40:52Z</time><extensions><gpxtpx:TrackPointExtension><gpxtpx:cad>0</gpxtpx:cad></gpxtpx:TrackPointExtension></extensions></trkpt><trkpt lat="15.5970753450" lon="73.7153312378"><ele>-2.75</ele><time>2025-11-13T01:40:57Z</time><extensions><gpxtpx:TrackPointExtension><gpxtpx:cad>0</gpxtpx:cad></gpxtpx:TrackPointExtension></extensions></trkpt><trkpt lat="15.5969370436" lon="73.7152377795"><ele>-2.27</ele><time>2025-11-13T01:41:02Z</time><extensions><gpxtpx:TrackPointExtension><gpxtpx:cad>0</gpxtpx:cad></gpxtpx:TrackPointExtension></extensions></trkpt><trkpt lat="15.5967955571" lon="73.7151533738"><ele>-2.27</ele><time>2025-11-13T01:41:07Z</time><extensions><gpxtpx:TrackPointExtension><gpxtpx:cad>0</gpxtpx:cad></gpxtpx:TrackPointExtension></extensions></trkpt><trkpt lat="15.5966508854" lon="73.7150724046"><ele>-2.27</ele><time>2025-11-13T01:41:12Z</time><extensions><gpxtpx:TrackPointExtension><gpxtpx:cad>0</gpxtpx:cad></gpxtpx:TrackPointExtension></extensions></trkpt><trkpt lat="15.5965073872" lon="73.7149930280"><ele>-2.27</ele><time>2025-11-13T01:41:17Z</time><extensions><gpxtpx:TrackPointExtension><gpxtpx:cad>0</gpxtpx:cad></gpxtpx:TrackPointExtension></extensions></trkpt><trkpt lat="15.5963596981" lon="73.7149174232"><ele>-1.79</ele><time>2025-11-13T01:41:22Z</time><extensions><gpxtpx:TrackPointExtension><gpxtpx:cad>0</gpxtpx:cad></gpxtpx:TrackPointExtension></extensions></trkpt><trkpt lat="15.5962151941" lon="73.7148356996"><ele>-1.79</ele><time>2025-11-13T01:41:27Z</time><extensions><gpxtpx:TrackPointExtension><gpxtpx:cad>0</gpxtpx:cad></gpxtpx:TrackPointExtension></extensions></trkpt><trkpt lat="15.5960720312" lon="73.7147511262"><ele>-2.27</ele><time>2025-11-13T01:41:32Z</time><extensions><gpxtpx:TrackPointExtension><gpxtpx:cad>0</gpxtpx:cad></gpxtpx:TrackPointExtension></extensions></trkpt><trkpt lat="15.5959297065" lon="73.7146625295"><ele>-1.79</ele><time>2025-11-13T01:41:37Z</time><extensions><gpxtpx:TrackPointExtension><gpxtpx:cad>0</gpxtpx:cad></gpxtpx:TrackPointExtension></extensions></trkpt><trkpt lat="15.5957881361" lon="73.7145777885"><ele>-1.79</ele><time>2025-11-13T01:41:42Z</time><extensions><gpxtpx:TrackPointExtension><gpxtpx:cad>0</gpxtpx:cad></gpxtpx:TrackPointExtension></extensions></trkpt><trkpt lat="15.5956530198" lon="73.7144813966"><ele>-1.79</ele><time>2025-11-13T01:41:47Z</time><extensions><gpxtpx:TrackPointExtension><gpxtpx:cad>0</gpxtpx:cad></gpxtpx:TrackPointExtension></extensions></trkpt><trkpt lat="15.5955148861" lon="73.7143831607"><ele>-1.30</ele><time>2025-11-13T01:41:52Z</time><extensions><gpxtpx:TrackPointExtension><gpxtpx:cad>0</gpxtpx:cad></gpxtpx:TrackPointExtension></extensions></trkpt><trkpt lat="15.5953735672" lon="73.7142943963"><ele>-1.30</ele><time>2025-11-13T01:41:57Z</time><extensions><gpxtpx:TrackPointExtension><gpxtpx:cad>0</gpxtpx:cad></gpxtpx:TrackPointExtension></extensions></trkpt><trkpt lat="15.5952296499" lon="73.7142128404"><ele>-0.82</ele><time>2025-11-13T01:42:02Z</time><extensions><gpxtpx:TrackPointExtension><gpxtpx:cad>0</gpxtpx:cad></gpxtpx:TrackPointExtension></extensions></trkpt><trkpt lat="15.5950891692" lon="73.7141162809"><ele>-1.30</ele><time>2025-11-13T01:42:07Z</time><extensions><gpxtpx:TrackPointExtension><gpxtpx:cad>0</gpxtpx:cad></gpxtpx:TrackPointExtension></extensions></trkpt><trkpt lat="15.5949569866" lon="73.7140102498"><ele>-1.79</ele><time>2025-11-13T01:42:12Z</time><extensions><gpxtpx:TrackPointExtension><gpxtpx:cad>0</gpxtpx:cad></gpxtpx:TrackPointExtension></extensions></trkpt><trkpt lat="15.5948289949" lon="73.7139024585"><ele>-1.30</ele><time>2025-11-13T01:42:17Z</time><extensions><gpxtpx:TrackPointExtension><gpxtpx:cad>0</gpxtpx:cad></gpxtpx:TrackPointExtension></extensions></trkpt><trkpt lat="15.5946918670" lon="73.7138063181"><ele>-1.30</ele><time>2025-11-13T01:42:22Z</time><extensions><gpxtpx:TrackPointExtension><gpxtpx:cad>0</gpxtpx:cad></gpxtpx:TrackPointExtension></extensions></trkpt><trkpt lat="15.5945558287" lon="73.7137100939"><ele>-1.30</ele><time>2025-11-13T01:42:27Z</time><extensions><gpxtpx:TrackPointExtension><gpxtpx:cad>0</gpxtpx:cad></gpxtpx:TrackPointExtension></extensions></trkpt><trkpt lat="15.5944249872" lon="73.7136095110"><ele>-0.82</ele><time>2025-11-13T01:42:32Z</time><extensions><gpxtpx:TrackPointExtension><gpxtpx:cad>0</gpxtpx:cad></gpxtpx:TrackPointExtension></extensions></trkpt><trkpt lat="15.5942878593" lon="73.7135138735"><ele>-0.82</ele><time>2025-11-13T01:42:37Z</time><extensions><gpxtpx:TrackPointExtension><gpxtpx:cad>0</gpxtpx:cad></gpxtpx:TrackPointExtension></extensions></trkpt><trkpt lat="15.5941393320" lon="73.7134479918"><ele>-0.82</ele><time>2025-11-13T01:42:42Z</time><extensions><gpxtpx:TrackPointExtension><gpxtpx:cad>0</gpxtpx:cad></gpxtpx:TrackPointExtension></extensions></trkpt><trkpt lat="15.5939884577" lon="73.7134334911"><ele>-0.34</ele><time>2025-11-13T01:42:47Z</time><extensions><gpxtpx:TrackPointExtension><gpxtpx:cad>0</gpxtpx:cad></gpxtpx:TrackPointExtension></extensions></trkpt><trkpt lat="15.5938442051" lon="73.7134767417"><ele>-0.34</ele><time>2025-11-13T01:42:52Z</time><extensions><gpxtpx:TrackPointExtension><gpxtpx:cad>0</gpxtpx:cad></gpxtpx:TrackPointExtension></extensions></trkpt><trkpt lat="15.5937177222" lon="73.7135665119"><ele>-0.34</ele><time>2025-11-13T01:42:57Z</time><extensions><gpxtpx:TrackPointExtension><gpxtpx:cad>0</gpxtpx:cad></gpxtpx:TrackPointExtension></extensions></trkpt><trkpt lat="15.5936114397" lon="73.7136694416"><ele>-0.34</ele><time>2025-11-13T01:43:02Z</time><extensions><gpxtpx:TrackPointExtension><gpxtpx:cad>0</gpxtpx:cad></gpxtpx:TrackPointExtension></extensions></trkpt><trkpt lat="15.5935049895" lon="73.7137862016"><ele>0.14</ele><time>2025-11-13T01:43:07Z</time><extensions><gpxtpx:TrackPointExtension><gpxtpx:cad>0</gpxtpx:cad></gpxtpx:TrackPointExtension></extensions></trkpt><trkpt lat="15.5933961086" lon="73.7139071524"><ele>0.14</ele><time>2025-11-13T01:43:12Z</time><extensions><gpxtpx:TrackPointExtension><gpxtpx:cad>0</gpxtpx:cad></gpxtpx:TrackPointExtension></extensions></trkpt><trkpt lat="15.5933086015" lon="73.7140298635"><ele>0.14</ele><time>2025-11-13T01:43:17Z</time><extensions><gpxtpx:TrackPointExtension><gpxtpx:cad>0</gpxtpx:cad></gpxtpx:TrackPointExtension></extensions></trkpt><trkpt lat="15.5932131317" lon="73.7141584419"><ele>0.14</ele><time>2025-11-13T01:43:22Z</time><extensions><gpxtpx:TrackPointExtension><gpxtpx:cad>0</gpxtpx:cad></gpxtpx:TrackPointExtension></extensions></trkpt><trkpt lat="15.5931071006" lon="73.7142672390"><ele>0.14</ele><time>2025-11-13T01:43:27Z</time><extensions><gpxtpx:TrackPointExtension><gpxtpx:cad>0</gpxtpx:cad></gpxtpx:TrackPointExtension></extensions></trkpt><trkpt lat="15.5929926876" lon="73.7143783830"><ele>-0.34</ele><time>2025-11-13T01:43:32Z</time><extensions><gpxtpx:TrackPointExtension><gpxtpx:cad>0</gpxtpx:cad></gpxtpx:TrackPointExtension></extensions></trkpt><trkpt lat="15.5928864051" lon="73.7144796364"><ele>0.14</ele><time>2025-11-13T01:43:37Z</time><extensions><gpxtpx:TrackPointExtension><gpxtpx:cad>0</gpxtpx:cad></gpxtpx:TrackPointExtension></extensions></trkpt><trkpt lat="15.5927730817" lon="73.7145844102"><ele>0.14</ele><time>2025-11-13T01:43:42Z</time><extensions><gpxtpx:TrackPointExtension><gpxtpx:cad>0</gpxtpx:cad></gpxtpx:TrackPointExtension></extensions></trkpt><trkpt lat="15.5926501192" lon="73.7146932911"><ele>0.14</ele><time>2025-11-13T01:43:47Z</time><extensions><gpxtpx:TrackPointExtension><gpxtpx:cad>0</gpxtpx:cad></gpxtpx:TrackPointExtension></extensions></trkpt><trkpt lat="15.5925445911" lon="73.7148151640"><ele>-0.34</ele><time>2025-11-13T01:43:52Z</time><extensions><gpxtpx:TrackPointExtension><gpxtpx:cad>0</gpxtpx:cad></gpxtpx:TrackPointExtension></extensions></trkpt><trkpt lat="15.5924415775" lon="73.7149422336"><ele>-0.34</ele><time>2025-11-13T01:43:57Z</time><extensions><gpxtpx:TrackPointExtension><gpxtpx:cad>0</gpxtpx:cad></gpxtpx:TrackPointExtension></extensions></trkpt><trkpt lat="15.5923462752" lon="73.7150631007"><ele>-0.34</ele><time>2025-11-13T01:44:02Z</time><extensions><gpxtpx:TrackPointExtension><gpxtpx:cad>0</gpxtpx:cad></gpxtpx:TrackPointExtension></extensions></trkpt><trkpt lat="15.5922448542" lon="73.7151974626"><ele>-0.34</ele><time>2025-11-13T01:44:07Z</time><extensions><gpxtpx:TrackPointExtension><gpxtpx:cad>0</gpxtpx:cad></gpxtpx:TrackPointExtension></extensions></trkpt><trkpt lat="15.5921405833" lon="73.7153174914"><ele>0.14</ele><time>2025-11-13T01:44:12Z</time><extensions><gpxtpx:TrackPointExtension><gpxtpx:cad>0</gpxtpx:cad></gpxtpx:TrackPointExtension></extensions></trkpt><trkpt lat="15.5920526572" lon="73.7154352572"><ele>0.14</ele><time>2025-11-13T01:44:17Z</time><extensions><gpxtpx:TrackPointExtension><gpxtpx:cad>0</gpxtpx:cad></gpxtpx:TrackPointExtension></extensions></trkpt><trkpt lat="15.5919681676" lon="73.7155727204"><ele>0.14</ele><time>2025-11-13T01:44:22Z</time><extensions><gpxtpx:TrackPointExtension><gpxtpx:cad>0</gpxtpx:cad></gpxtpx:TrackPointExtension></extensions></trkpt><trkpt lat="15.5918772239" lon="73.7157040648"><ele>-0.34</ele><time>2025-11-13T01:44:27Z</time><extensions><gpxtpx:TrackPointExtension><gpxtpx:cad>0</gpxtpx:cad></gpxtpx:TrackPointExtension></extensions></trkpt><trkpt lat="15.5917771440" lon="73.7158404384"><ele>-0.82</ele><time>2025-11-13T01:44:32Z</time><extensions><gpxtpx:TrackPointExtension><gpxtpx:cad>0</gpxtpx:cad></gpxtpx:TrackPointExtension></extensions></trkpt><trkpt lat="15.5916824285" lon="73.7159766443"><ele>-1.30</ele><time>2025-11-13T01:44:37Z</time><extensions><gpxtpx:TrackPointExtension><gpxtpx:cad>0</gpxtpx:cad></gpxtpx:TrackPointExtension></extensions></trkpt><trkpt lat="15.5915870424" lon="73.7161115929"><ele>-1.30</ele><time>2025-11-13T01:44:42Z</time><extensions><gpxtpx:TrackPointExtension><gpxtpx:cad>0</gpxtpx:cad></gpxtpx:TrackPointExtension></extensions></trkpt><trkpt lat="15.5914965179" lon="73.7162396684"><ele>-1.30</ele><time>2025-11-13T01:44:47Z</time><extensions><gpxtpx:TrackPointExtension><gpxtpx:cad>0</gpxtpx:cad></gpxtpx:TrackPointExtension></extensions></trkpt><trkpt lat="15.5914093461" lon="73.7163695879"><ele>-1.30</ele><time>2025-11-13T01:44:52Z</time><extensions><gpxtpx:TrackPointExtension><gpxtpx:cad>0</gpxtpx:cad></gpxtpx:TrackPointExtension></extensions></trkpt><trkpt lat="15.5913147144" lon="73.7165112421"><ele>-0.82</ele><time>2025-11-13T01:44:57Z</time><extensions><gpxtpx:TrackPointExtension><gpxtpx:cad>0</gpxtpx:cad></gpxtpx:TrackPointExtension></extensions></trkpt><trkpt lat="15.5912197474" lon="73.7166418321"><ele>-0.82</ele><time>2025-11-13T01:45:02Z</time><extensions><gpxtpx:TrackPointExtension><gpxtpx:cad>0</gpxtpx:cad></gpxtpx:TrackPointExtension></extensions></trkpt><trkpt lat="15.5911182426" lon="73.7167693209"><ele>-0.82</ele><time>2025-11-13T01:45:07Z</time><extensions><gpxtpx:TrackPointExtension><gpxtpx:cad>0</gpxtpx:cad></gpxtpx:TrackPointExtension></extensions></trkpt><trkpt lat="15.5910261255" lon="73.7169059459"><ele>-0.34</ele><time>2025-11-13T01:45:12Z</time><extensions><gpxtpx:TrackPointExtension><gpxtpx:cad>0</gpxtpx:cad></gpxtpx:TrackPointExtension></extensions></trkpt><trkpt lat="15.5909386184" lon="73.7170295790"><ele>0.14</ele><time>2025-11-13T01:45:17Z</time><extensions><gpxtpx:TrackPointExtension><gpxtpx:cad>0</gpxtpx:cad></gpxtpx:TrackPointExtension></extensions></trkpt><trkpt lat="15.5908516981" lon="73.7171647791"><ele>0.14</ele><time>2025-11-13T01:45:22Z</time><extensions><gpxtpx:TrackPointExtension><gpxtpx:cad>0</gpxtpx:cad></gpxtpx:TrackPointExtension></extensions></trkpt><trkpt lat="15.5907800328" lon="73.7173031643"><ele>0.14</ele><time>2025-11-13T01:45:27Z</time><extensions><gpxtpx:TrackPointExtension><gpxtpx:cad>0</gpxtpx:cad></gpxtpx:TrackPointExtension></extensions></trkpt><trkpt lat="15.5906986445" lon="73.7174490094"><ele>0.14</ele><time>2025-11-13T01:45:32Z</time><extensions><gpxtpx:TrackPointExtension><gpxtpx:cad>0</gpxtpx:cad></gpxtpx:TrackPointExtension></extensions></trkpt><trkpt lat="15.5906183459" lon="73.7175821140"><ele>0.14</ele><time>2025-11-13T01:45:37Z</time><extensions><gpxtpx:TrackPointExtension><gpxtpx:cad>0</gpxtpx:cad></gpxtpx:TrackPointExtension></extensions></trkpt><trkpt lat="15.5905385502" lon="73.7177278753"><ele>0.14</ele><time>2025-11-13T01:45:42Z</time><extensions><gpxtpx:TrackPointExtension><gpxtpx:cad>0</gpxtpx:cad></gpxtpx:TrackPointExtension></extensions></trkpt><trkpt lat="15.5904765241" lon="73.7178715412"><ele>0.62</ele><time>2025-11-13T01:45:47Z</time><extensions><gpxtpx:TrackPointExtension><gpxtpx:cad>0</gpxtpx:cad></gpxtpx:TrackPointExtension></extensions></trkpt><trkpt lat="15.5904032663" lon="73.7180155423"><ele>0.62</ele><time>2025-11-13T01:45:52Z</time><extensions><gpxtpx:TrackPointExtension><gpxtpx:cad>0</gpxtpx:cad></gpxtpx:TrackPointExtension></extensions></trkpt><trkpt lat="15.5903283320" lon="73.7181550171"><ele>1.58</ele><time>2025-11-13T01:45:57Z</time><extensions><gpxtpx:TrackPointExtension><gpxtpx:cad>0</gpxtpx:cad></gpxtpx:TrackPointExtension></extensions></trkpt><trkpt lat="15.5902533978" lon="73.7182961684"><ele>2.06</ele><time>2025-11-13T01:46:02Z</time><extensions><gpxtpx:TrackPointExtension><gpxtpx:cad>0</gpxtpx:cad></gpxtpx:TrackPointExtension></extensions></trkpt><trkpt lat="15.5901652202" lon="73.7184422649"><ele>2.06</ele><time>2025-11-13T01:46:07Z</time><extensions><gpxtpx:TrackPointExtension><gpxtpx:cad>0</gpxtpx:cad></gpxtpx:TrackPointExtension></extensions></trkpt><trkpt lat="15.5900902860" lon="73.7185736932"><ele>2.06</ele><time>2025-11-13T01:46:12Z</time><extensions><gpxtpx:TrackPointExtension><gpxtpx:cad>0</gpxtpx:cad></gpxtpx:TrackPointExtension></extensions></trkpt><trkpt lat="15.5900269188" lon="73.7187180296"><ele>1.58</ele><time>2025-11-13T01:46:17Z</time><extensions><gpxtpx:TrackPointExtension><gpxtpx:cad>0</gpxtpx:cad></gpxtpx:TrackPointExtension></extensions></trkpt><trkpt lat="15.5899518169" lon="73.7188689038"><ele>0.62</ele><time>2025-11-13T01:46:22Z</time><extensions><gpxtpx:TrackPointExtension><gpxtpx:cad>0</gpxtpx:cad></gpxtpx:TrackPointExtension></extensions></trkpt><trkpt lat="15.5898786429" lon="73.7190046068"><ele>-0.34</ele><time>2025-11-13T01:46:27Z</time><extensions><gpxtpx:TrackPointExtension><gpxtpx:cad>0</gpxtpx:cad></gpxtpx:TrackPointExtension></extensions></trkpt><trkpt lat="15.5898063909" lon="73.7191519607"><ele>-0.82</ele><time>2025-11-13T01:46:32Z</time><extensions><gpxtpx:TrackPointExtension><gpxtpx:cad>0</gpxtpx:cad></gpxtpx:TrackPointExtension></extensions></trkpt><trkpt lat="15.5897353124" lon="73.7192928605"><ele>-0.82</ele><time>2025-11-13T01:46:37Z</time><extensions><gpxtpx:TrackPointExtension><gpxtpx:cad>0</gpxtpx:cad></gpxtpx:TrackPointExtension></extensions></trkpt><trkpt lat="15.5896407645" lon="73.7194198463"><ele>-0.82</ele><time>2025-11-13T01:46:42Z</time><extensions><gpxtpx:TrackPointExtension><gpxtpx:cad>0</gpxtpx:cad></gpxtpx:TrackPointExtension></extensions></trkpt><trkpt lat="15.5895452946" lon="73.7195387017"><ele>-0.82</ele><time>2025-11-13T01:46:47Z</time><extensions><gpxtpx:TrackPointExtension><gpxtpx:cad>0</gpxtpx:cad></gpxtpx:TrackPointExtension></extensions></trkpt><trkpt lat="15.5894442927" lon="73.7196682859"><ele>-0.82</ele><time>2025-11-13T01:46:52Z</time><extensions><gpxtpx:TrackPointExtension><gpxtpx:cad>0</gpxtpx:cad></gpxtpx:TrackPointExtension></extensions></trkpt><trkpt lat="15.5893413629" lon="73.7197877280"><ele>-1.30</ele><time>2025-11-13T01:46:57Z</time><extensions><gpxtpx:TrackPointExtension><gpxtpx:cad>0</gpxtpx:cad></gpxtpx:TrackPointExtension></extensions></trkpt><trkpt lat="15.5892427079" lon="73.7199050747"><ele>-1.30</ele><time>2025-11-13T01:47:02Z</time><extensions><gpxtpx:TrackPointExtension><gpxtpx:cad>0</gpxtpx:cad></gpxtpx:TrackPointExtension></extensions></trkpt><trkpt lat="15.5891305581" lon="73.7200226728"><ele>-1.79</ele><time>2025-11-13T01:47:07Z</time><extensions><gpxtpx:TrackPointExtension><gpxtpx:cad>0</gpxtpx:cad></gpxtpx:TrackPointExtension></extensions></trkpt><trkpt lat="15.5890333280" lon="73.7201382592"><ele>-1.79</ele><time>2025-11-13T01:47:12Z</time><extensions><gpxtpx:TrackPointExtension><gpxtpx:cad>0</gpxtpx:cad></gpxtpx:TrackPointExtension></extensions></trkpt><trkpt lat="15.5889212620" lon="73.7202607188"><ele>-1.79</ele><time>2025-11-13T01:47:17Z</time><extensions><gpxtpx:TrackPointExtension><gpxtpx:cad>0</gpxtpx:cad></gpxtpx:TrackPointExtension></extensions></trkpt><trkpt lat="15.5888096988" lon="73.7203788199"><ele>-1.79</ele><time>2025-11-13T01:47:22Z</time><extensions><gpxtpx:TrackPointExtension><gpxtpx:cad>0</gpxtpx:cad></gpxtpx:TrackPointExtension></extensions></trkpt><trkpt lat="15.5886936933" lon="73.7204954959"><ele>-1.79</ele><time>2025-11-13T01:47:27Z</time><extensions><gpxtpx:TrackPointExtension><gpxtpx:cad>0</gpxtpx:cad></gpxtpx:TrackPointExtension></extensions></trkpt><trkpt lat="15.5885870755" lon="73.7206104118"><ele>-1.79</ele><time>2025-11-13T01:47:32Z</time><extensions><gpxtpx:TrackPointExtension><gpxtpx:cad>0</gpxtpx:cad></gpxtpx:TrackPointExtension></extensions></trkpt><trkpt lat="15.5884790327" lon="73.7207236513"><ele>-1.79</ele><time>2025-11-13T01:47:37Z</time><extensions><gpxtpx:TrackPointExtension><gpxtpx:cad>0</gpxtpx:cad></gpxtpx:TrackPointExtension></extensions></trkpt><trkpt lat="15.5883665476" lon="73.7208360527"><ele>-1.79</ele><time>2025-11-13T01:47:42Z</time><extensions><gpxtpx:TrackPointExtension><gpxtpx:cad>0</gpxtpx:cad></gpxtpx:TrackPointExtension></extensions></trkpt><trkpt lat="15.5882539786" lon="73.7209499627"><ele>-1.79</ele><time>2025-11-13T01:47:47Z</time><extensions><gpxtpx:TrackPointExtension><gpxtpx:cad>0</gpxtpx:cad></gpxtpx:TrackPointExtension></extensions></trkpt><trkpt lat="15.5881285854" lon="73.7210603524"><ele>-1.79</ele><time>2025-11-13T01:47:52Z</time><extensions><gpxtpx:TrackPointExtension><gpxtpx:cad>0</gpxtpx:cad></gpxtpx:TrackPointExtension></extensions></trkpt><trkpt lat="15.5880148429" lon="73.7211702392"><ele>-1.79</ele><time>2025-11-13T01:47:57Z</time><extensions><gpxtpx:TrackPointExtension><gpxtpx:cad>0</gpxtpx:cad></gpxtpx:TrackPointExtension></extensions></trkpt><trkpt lat="15.5878900364" lon="73.7212770246"><ele>-2.27</ele><time>2025-11-13T01:48:02Z</time><extensions><gpxtpx:TrackPointExtension><gpxtpx:cad>0</gpxtpx:cad></gpxtpx:TrackPointExtension></extensions></trkpt><trkpt lat="15.5877619609" lon="73.7213745061"><ele>-2.27</ele><time>2025-11-13T01:48:07Z</time><extensions><gpxtpx:TrackPointExtension><gpxtpx:cad>0</gpxtpx:cad></gpxtpx:TrackPointExtension></extensions></trkpt><trkpt lat="15.5876391660" lon="73.7214877456"><ele>-1.30</ele><time>2025-11-13T01:48:12Z</time><extensions><gpxtpx:TrackPointExtension><gpxtpx:cad>0</gpxtpx:cad></gpxtpx:TrackPointExtension></extensions></trkpt><trkpt lat="15.5875167903" lon="73.7215860654"><ele>-1.79</ele><time>2025-11-13T01:48:17Z</time><extensions><gpxtpx:TrackPointExtension><gpxtpx:cad>0</gpxtpx:cad></gpxtpx:TrackPointExtension></extensions></trkpt><trkpt lat="15.5873882119" lon="73.7216906715"><ele>-1.30</ele><time>2025-11-13T01:48:22Z</time><extensions><gpxtpx:TrackPointExtension><gpxtpx:cad>0</gpxtpx:cad></gpxtpx:TrackPointExtension></extensions></trkpt><trkpt lat="15.5872701947" lon="73.7217967026"><ele>-1.79</ele><time>2025-11-13T01:48:27Z</time><extensions><gpxtpx:TrackPointExtension><gpxtpx:cad>0</gpxtpx:cad></gpxtpx:TrackPointExtension></extensions></trkpt><trkpt lat="15.5871551111" lon="73.7218952738"><ele>-1.79</ele><time>2025-11-13T01:48:32Z</time><extensions><gpxtpx:TrackPointExtension><gpxtpx:cad>0</gpxtpx:cad></gpxtpx:TrackPointExtension></extensions></trkpt><trkpt lat="15.5870304722" lon="73.7220053282"><ele>-1.79</ele><time>2025-11-13T01:48:37Z</time><extensions><gpxtpx:TrackPointExtension><gpxtpx:cad>0</gpxtpx:cad></gpxtpx:TrackPointExtension></extensions></trkpt><trkpt lat="15.5869077612" lon="73.7221060786"><ele>-2.27</ele><time>2025-11-13T01:48:42Z</time><extensions><gpxtpx:TrackPointExtension><gpxtpx:cad>0</gpxtpx:cad></gpxtpx:TrackPointExtension></extensions></trkpt><trkpt lat="15.5867889896" lon="73.7222179770"><ele>-2.27</ele><time>2025-11-13T01:48:47Z</time><extensions><gpxtpx:TrackPointExtension><gpxtpx:cad>0</gpxtpx:cad></gpxtpx:TrackPointExtension></extensions></trkpt><trkpt lat="15.5866758339" lon="73.7223229185"><ele>-1.79</ele><time>2025-11-13T01:48:52Z</time><extensions><gpxtpx:TrackPointExtension><gpxtpx:cad>0</gpxtpx:cad></gpxtpx:TrackPointExtension></extensions></trkpt><trkpt lat="15.5865554698" lon="73.7224287819"><ele>-1.79</ele><time>2025-11-13T01:48:57Z</time><extensions><gpxtpx:TrackPointExtension><gpxtpx:cad>0</gpxtpx:cad></gpxtpx:TrackPointExtension></extensions></trkpt><trkpt lat="15.5864272267" lon="73.7225240842"><ele>-1.30</ele><time>2025-11-13T01:49:02Z</time><extensions><gpxtpx:TrackPointExtension><gpxtpx:cad>0</gpxtpx:cad></gpxtpx:TrackPointExtension></extensions></trkpt><trkpt lat="15.5863082875" lon="73.7226282712"><ele>-1.30</ele><time>2025-11-13T01:49:07Z</time><extensions><gpxtpx:TrackPointExtension><gpxtpx:cad>0</gpxtpx:cad></gpxtpx:TrackPointExtension></extensions></trkpt><trkpt lat="15.5861861631" lon="73.7227310333"><ele>-0.82</ele><time>2025-11-13T01:49:12Z</time><extensions><gpxtpx:TrackPointExtension><gpxtpx:cad>0</gpxtpx:cad></gpxtpx:TrackPointExtension></extensions></trkpt><trkpt lat="15.5860652961" lon="73.7228349689"><ele>-0.82</ele><time>2025-11-13T01:49:17Z</time><extensions><gpxtpx:TrackPointExtension><gpxtpx:cad>0</gpxtpx:cad></gpxtpx:TrackPointExtension></extensions></trkpt><trkpt lat="15.5859379750" lon="73.7229384854"><ele>-0.34</ele><time>2025-11-13T01:49:22Z</time><extensions><gpxtpx:TrackPointExtension><gpxtpx:cad>0</gpxtpx:cad></gpxtpx:TrackPointExtension></extensions></trkpt><trkpt lat="15.5858219694" lon="73.7230408285"><ele>-0.82</ele><time>2025-11-13T01:49:27Z</time><extensions><gpxtpx:TrackPointExtension><gpxtpx:cad>0</gpxtpx:cad></gpxtpx:TrackPointExtension></extensions></trkpt><trkpt lat="15.5857037008" lon="73.7231460214"><ele>-1.30</ele><time>2025-11-13T01:49:32Z</time><extensions><gpxtpx:TrackPointExtension><gpxtpx:cad>0</gpxtpx:cad></gpxtpx:TrackPointExtension></extensions></trkpt><trkpt lat="15.5855782237" lon="73.7232455146"><ele>-1.79</ele><time>2025-11-13T01:49:37Z</time><extensions><gpxtpx:TrackPointExtension><gpxtpx:cad>0</gpxtpx:cad></gpxtpx:TrackPointExtension></extensions></trkpt><trkpt lat="15.5854515731" lon="73.7233477738"><ele>-1.30</ele><time>2025-11-13T01:49:42Z</time><extensions><gpxtpx:TrackPointExtension><gpxtpx:cad>0</gpxtpx:cad></gpxtpx:TrackPointExtension></extensions></trkpt><trkpt lat="15.5853307899" lon="73.7234523799"><ele>-1.30</ele><time>2025-11-13T01:49:47Z</time><extensions><gpxtpx:TrackPointExtension><gpxtpx:cad>0</gpxtpx:cad></gpxtpx:TrackPointExtension></extensions></trkpt><trkpt lat="15.5852170475" lon="73.7235608418"><ele>-1.79</ele><time>2025-11-13T01:49:52Z</time><extensions><gpxtpx:TrackPointExtension><gpxtpx:cad>0</gpxtpx:cad></gpxtpx:TrackPointExtension></extensions></trkpt><trkpt lat="15.5851007905" lon="73.7236638553"><ele>-1.79</ele><time>2025-11-13T01:49:57Z</time><extensions><gpxtpx:TrackPointExtension><gpxtpx:cad>0</gpxtpx:cad></gpxtpx:TrackPointExtension></extensions></trkpt><trkpt lat="15.5849807616" lon="73.7237572297"><ele>-2.27</ele><time>2025-11-13T01:50:02Z</time><extensions><gpxtpx:TrackPointExtension><gpxtpx:cad>0</gpxtpx:cad></gpxtpx:TrackPointExtension></extensions></trkpt><trkpt lat="15.5848642532" lon="73.7238595728"><ele>-1.79</ele><time>2025-11-13T01:50:07Z</time><extensions><gpxtpx:TrackPointExtension><gpxtpx:cad>0</gpxtpx:cad></gpxtpx:TrackPointExtension></extensions></trkpt><trkpt lat="15.5847337469" lon="73.7239552941"><ele>-2.27</ele><time>2025-11-13T01:50:12Z</time><extensions><gpxtpx:TrackPointExtension><gpxtpx:cad>0</gpxtpx:cad></gpxtpx:TrackPointExtension></extensions></trkpt><trkpt lat="15.5846117903" lon="73.7240557093"><ele>-1.30</ele><time>2025-11-13T01:50:17Z</time><extensions><gpxtpx:TrackPointExtension><gpxtpx:cad>0</gpxtpx:cad></gpxtpx:TrackPointExtension></extensions></trkpt><trkpt lat="15.5845055915" lon="73.7241609022"><ele>-1.30</ele><time>2025-11-13T01:50:22Z</time><extensions><gpxtpx:TrackPointExtension><gpxtpx:cad>0</gpxtpx:cad></gpxtpx:TrackPointExtension></extensions></trkpt><trkpt lat="15.5843878258" lon="73.7242582999"><ele>-1.79</ele><time>2025-11-13T01:50:27Z</time><extensions><gpxtpx:TrackPointExtension><gpxtpx:cad>0</gpxtpx:cad></gpxtpx:TrackPointExtension></extensions></trkpt><trkpt lat="15.5842683837" lon="73.7243414484"><ele>-1.79</ele><time>2025-11-13T01:50:32Z</time><extensions><gpxtpx:TrackPointExtension><gpxtpx:cad>0</gpxtpx:cad></gpxtpx:TrackPointExtension></extensions></trkpt><trkpt lat="15.5841419846" lon="73.7244276144"><ele>-1.30</ele><time>2025-11-13T01:50:37Z</time><extensions><gpxtpx:TrackPointExtension><gpxtpx:cad>0</gpxtpx:cad></gpxtpx:TrackPointExtension></extensions></trkpt><trkpt lat="15.5840126518" lon="73.7245234195"><ele>-1.79</ele><time>2025-11-13T01:50:42Z</time><extensions><gpxtpx:TrackPointExtension><gpxtpx:cad>0</gpxtpx:cad></gpxtpx:TrackPointExtension></extensions></trkpt><trkpt lat="15.5838923715" lon="73.7246214040"><ele>-1.30</ele><time>2025-11-13T01:50:47Z</time><extensions><gpxtpx:TrackPointExtension><gpxtpx:cad>0</gpxtpx:cad></gpxtpx:TrackPointExtension></extensions></trkpt><trkpt lat="15.5837808084" lon="73.7247218192"><ele>-1.30</ele><time>2025-11-13T01:50:52Z</time><extensions><gpxtpx:TrackPointExtension><gpxtpx:cad>0</gpxtpx:cad></gpxtpx:TrackPointExtension></extensions></trkpt><trkpt lat="15.5836733524" lon="73.7248177920"><ele>-1.30</ele><time>2025-11-13T01:50:57Z</time><extensions><gpxtpx:TrackPointExtension><gpxtpx:cad>0</gpxtpx:cad></gpxtpx:TrackPointExtension></extensions></trkpt><trkpt lat="15.5835564248" lon="73.7249075621"><ele>-1.30</ele><time>2025-11-13T01:51:02Z</time><extensions><gpxtpx:TrackPointExtension><gpxtpx:cad>0</gpxtpx:cad></gpxtpx:TrackPointExtension></extensions></trkpt><trkpt lat="15.5834381562" lon="73.7249997631"><ele>-1.79</ele><time>2025-11-13T01:51:07Z</time><extensions><gpxtpx:TrackPointExtension><gpxtpx:cad>0</gpxtpx:cad></gpxtpx:TrackPointExtension></extensions></trkpt><trkpt lat="15.5833160318" lon="73.7251008488"><ele>-1.30</ele><time>2025-11-13T01:51:12Z</time><extensions><gpxtpx:TrackPointExtension><gpxtpx:cad>0</gpxtpx:cad></gpxtpx:TrackPointExtension></extensions></trkpt><trkpt lat="15.5832027085" lon="73.7252024375"><ele>-1.79</ele><time>2025-11-13T01:51:17Z</time><extensions><gpxtpx:TrackPointExtension><gpxtpx:cad>0</gpxtpx:cad></gpxtpx:TrackPointExtension></extensions></trkpt><trkpt lat="15.5830825958" lon="73.7253064569"><ele>-1.79</ele><time>2025-11-13T01:51:22Z</time><extensions><gpxtpx:TrackPointExtension><gpxtpx:cad>0</gpxtpx:cad></gpxtpx:TrackPointExtension></extensions></trkpt><trkpt lat="15.5829735473" lon="73.7254148349"><ele>-1.30</ele><time>2025-11-13T01:51:27Z</time><extensions><gpxtpx:TrackPointExtension><gpxtpx:cad>0</gpxtpx:cad></gpxtpx:TrackPointExtension></extensions></trkpt><trkpt lat="15.5828681029" lon="73.7255210336"><ele>-1.30</ele><time>2025-11-13T01:51:32Z</time><extensions><gpxtpx:TrackPointExtension><gpxtpx:cad>0</gpxtpx:cad></gpxtpx:TrackPointExtension></extensions></trkpt><trkpt lat="15.5827514268" lon="73.7256257236"><ele>-1.30</ele><time>2025-11-13T01:51:37Z</time><extensions><gpxtpx:TrackPointExtension><gpxtpx:cad>0</gpxtpx:cad></gpxtpx:TrackPointExtension></extensions></trkpt><trkpt lat="15.5826353375" lon="73.7257184274"><ele>-0.82</ele><time>2025-11-13T01:51:42Z</time><extensions><gpxtpx:TrackPointExtension><gpxtpx:cad>0</gpxtpx:cad></gpxtpx:TrackPointExtension></extensions></trkpt><trkpt lat="15.5825137999" lon="73.7257999834"><ele>-0.82</ele><time>2025-11-13T01:51:47Z</time><extensions><gpxtpx:TrackPointExtension><gpxtpx:cad>0</gpxtpx:cad></gpxtpx:TrackPointExtension></extensions></trkpt><trkpt lat="15.5823915917" lon="73.7258871552"><ele>-0.82</ele><time>2025-11-13T01:51:52Z</time><extensions><gpxtpx:TrackPointExtension><gpxtpx:cad>0</gpxtpx:cad></gpxtpx:TrackPointExtension></extensions></trkpt><trkpt lat="15.5822764244" lon="73.7259883247"><ele>-0.82</ele><time>2025-11-13T01:51:57Z</time><extensions><gpxtpx:TrackPointExtension><gpxtpx:cad>0</gpxtpx:cad></gpxtpx:TrackPointExtension></extensions></trkpt><trkpt lat="15.5821503606" lon="73.7260729820"><ele>-0.82</ele><time>2025-11-13T01:52:02Z</time><extensions><gpxtpx:TrackPointExtension><gpxtpx:cad>0</gpxtpx:cad></gpxtpx:TrackPointExtension></extensions></trkpt><trkpt lat="15.5820273980" lon="73.7261516042"><ele>-0.82</ele><time>2025-11-13T01:52:07Z</time><extensions><gpxtpx:TrackPointExtension><gpxtpx:cad>0</gpxtpx:cad></gpxtpx:TrackPointExtension></extensions></trkpt><trkpt lat="15.5819119792" lon="73.7262479123"><ele>-1.30</ele><time>2025-11-13T01:52:12Z</time><extensions><gpxtpx:TrackPointExtension><gpxtpx:cad>0</gpxtpx:cad></gpxtpx:TrackPointExtension></extensions></trkpt><trkpt lat="15.5817962252" lon="73.7263419572"><ele>-1.30</ele><time>2025-11-13T01:52:17Z</time><extensions><gpxtpx:TrackPointExtension><gpxtpx:cad>0</gpxtpx:cad></gpxtpx:TrackPointExtension></extensions></trkpt><trkpt lat="15.5816764478" lon="73.7264276203"><ele>-1.79</ele><time>2025-11-13T01:52:22Z</time><extensions><gpxtpx:TrackPointExtension><gpxtpx:cad>0</gpxtpx:cad></gpxtpx:TrackPointExtension></extensions></trkpt><trkpt lat="15.5815566704" lon="73.7265162170"><ele>-1.79</ele><time>2025-11-13T01:52:27Z</time><extensions><gpxtpx:TrackPointExtension><gpxtpx:cad>0</gpxtpx:cad></gpxtpx:TrackPointExtension></extensions></trkpt><trkpt lat="15.5814375635" lon="73.7266052328"><ele>-1.79</ele><time>2025-11-13T01:52:32Z</time><extensions><gpxtpx:TrackPointExtension><gpxtpx:cad>0</gpxtpx:cad></gpxtpx:TrackPointExtension></extensions></trkpt><trkpt lat="15.5813130084" lon="73.7266931590"><ele>-2.27</ele><time>2025-11-13T01:52:37Z</time><extensions><gpxtpx:TrackPointExtension><gpxtpx:cad>0</gpxtpx:cad></gpxtpx:TrackPointExtension></extensions></trkpt><trkpt lat="15.5811876990" lon="73.7267904729"><ele>-1.79</ele><time>2025-11-13T01:52:42Z</time><extensions><gpxtpx:TrackPointExtension><gpxtpx:cad>0</gpxtpx:cad></gpxtpx:TrackPointExtension></extensions></trkpt><trkpt lat="15.5810581148" lon="73.7268795725"><ele>-1.79</ele><time>2025-11-13T01:52:47Z</time><extensions><gpxtpx:TrackPointExtension><gpxtpx:cad>0</gpxtpx:cad></gpxtpx:TrackPointExtension></extensions></trkpt><trkpt lat="15.5809343979" lon="73.7269726116"><ele>-1.79</ele><time>2025-11-13T01:52:52Z</time><extensions><gpxtpx:TrackPointExtension><gpxtpx:cad>0</gpxtpx:cad></gpxtpx:TrackPointExtension></extensions></trkpt><trkpt lat="15.5808102619" lon="73.7270542514"><ele>-1.79</ele><time>2025-11-13T01:52:57Z</time><extensions><gpxtpx:TrackPointExtension><gpxtpx:cad>0</gpxtpx:cad></gpxtpx:TrackPointExtension></extensions></trkpt><trkpt lat="15.5806818511" lon="73.7271456141"><ele>-1.79</ele><time>2025-11-13T01:53:02Z</time><extensions><gpxtpx:TrackPointExtension><gpxtpx:cad>0</gpxtpx:cad></gpxtpx:TrackPointExtension></extensions></trkpt><trkpt lat="15.5805552844" lon="73.7272333726"><ele>-1.79</ele><time>2025-11-13T01:53:07Z</time><extensions><gpxtpx:TrackPointExtension><gpxtpx:cad>0</gpxtpx:cad></gpxtpx:TrackPointExtension></extensions></trkpt><trkpt lat="15.5804237723" lon="73.7273187004"><ele>-1.30</ele><time>2025-11-13T01:53:12Z</time><extensions><gpxtpx:TrackPointExtension><gpxtpx:cad>0</gpxtpx:cad></gpxtpx:TrackPointExtension></extensions></trkpt><trkpt lat="15.5802973732" lon="73.7274009269"><ele>-1.79</ele><time>2025-11-13T01:53:17Z</time><extensions><gpxtpx:TrackPointExtension><gpxtpx:cad>0</gpxtpx:cad></gpxtpx:TrackPointExtension></extensions></trkpt><trkpt lat="15.5801630113" lon="73.7274756096"><ele>-1.30</ele><time>2025-11-13T01:53:22Z</time><extensions><gpxtpx:TrackPointExtension><gpxtpx:cad>0</gpxtpx:cad></gpxtpx:TrackPointExtension></extensions></trkpt><trkpt lat="15.5800311640" lon="73.7275576685"><ele>-1.30</ele><time>2025-11-13T01:53:27Z</time><extensions><gpxtpx:TrackPointExtension><gpxtpx:cad>0</gpxtpx:cad></gpxtpx:TrackPointExtension></extensions></trkpt><trkpt lat="15.5799056031" lon="73.7276407331"><ele>-1.79</ele><time>2025-11-13T01:53:32Z</time><extensions><gpxtpx:TrackPointExtension><gpxtpx:cad>0</gpxtpx:cad></gpxtpx:TrackPointExtension></extensions></trkpt><trkpt lat="15.5797717441" lon="73.7277206127"><ele>-1.79</ele><time>2025-11-13T01:53:37Z</time><extensions><gpxtpx:TrackPointExtension><gpxtpx:cad>0</gpxtpx:cad></gpxtpx:TrackPointExtension></extensions></trkpt><trkpt lat="15.5796354543" lon="73.7278086226"><ele>-1.79</ele><time>2025-11-13T01:53:42Z</time><extensions><gpxtpx:TrackPointExtension><gpxtpx:cad>0</gpxtpx:cad></gpxtpx:TrackPointExtension></extensions></trkpt><trkpt lat="15.5795017630" lon="73.7278942019"><ele>-2.27</ele><time>2025-11-13T01:53:47Z</time><extensions><gpxtpx:TrackPointExtension><gpxtpx:cad>0</gpxtpx:cad></gpxtpx:TrackPointExtension></extensions></trkpt><trkpt lat="15.5793782976" lon="73.7279783562"><ele>-2.27</ele><time>2025-11-13T01:53:52Z</time><extensions><gpxtpx:TrackPointExtension><gpxtpx:cad>0</gpxtpx:cad></gpxtpx:TrackPointExtension></extensions></trkpt><trkpt lat="15.5792504735" lon="73.7280595768"><ele>-2.27</ele><time>2025-11-13T01:53:57Z</time><extensions><gpxtpx:TrackPointExtension><gpxtpx:cad>0</gpxtpx:cad></gpxtpx:TrackPointExtension></extensions></trkpt><trkpt lat="15.5791168660" lon="73.7281454075"><ele>-1.79</ele><time>2025-11-13T01:54:02Z</time><extensions><gpxtpx:TrackPointExtension><gpxtpx:cad>0</gpxtpx:cad></gpxtpx:TrackPointExtension></extensions></trkpt><trkpt lat="15.5789908860" lon="73.7282333337"><ele>-1.30</ele><time>2025-11-13T01:54:07Z</time><extensions><gpxtpx:TrackPointExtension><gpxtpx:cad>0</gpxtpx:cad></gpxtpx:TrackPointExtension></extensions></trkpt><trkpt lat="15.5788713600" lon="73.7283316534"><ele>-1.30</ele><time>2025-11-13T01:54:12Z</time><extensions><gpxtpx:TrackPointExtension><gpxtpx:cad>0</gpxtpx:cad></gpxtpx:TrackPointExtension></extensions></trkpt><trkpt lat="15.5787399318" lon="73.7284109462"><ele>-0.82</ele><time>2025-11-13T01:54:17Z</time><extensions><gpxtpx:TrackPointExtension><gpxtpx:cad>0</gpxtpx:cad></gpxtpx:TrackPointExtension></extensions></trkpt><trkpt lat="15.5786047317" lon="73.7284843717"><ele>-0.82</ele><time>2025-11-13T01:54:22Z</time><extensions><gpxtpx:TrackPointExtension><gpxtpx:cad>0</gpxtpx:cad></gpxtpx:TrackPointExtension></extensions></trkpt><trkpt lat="15.5784748960" lon="73.7285689451"><ele>-0.34</ele><time>2025-11-13T01:54:27Z</time><extensions><gpxtpx:TrackPointExtension><gpxtpx:cad>0</gpxtpx:cad></gpxtpx:TrackPointExtension></extensions></trkpt><trkpt lat="15.5783434678" lon="73.7286556140"><ele>-0.34</ele><time>2025-11-13T01:54:32Z</time><extensions><gpxtpx:TrackPointExtension><gpxtpx:cad>0</gpxtpx:cad></gpxtpx:TrackPointExtension></extensions></trkpt><trkpt lat="15.5782122072" lon="73.7287361640"><ele>-0.34</ele><time>2025-11-13T01:54:37Z</time><extensions><gpxtpx:TrackPointExtension><gpxtpx:cad>0</gpxtpx:cad></gpxtpx:TrackPointExtension></extensions></trkpt><trkpt lat="15.5780786835" lon="73.7288055662"><ele>-0.34</ele><time>2025-11-13T01:54:42Z</time><extensions><gpxtpx:TrackPointExtension><gpxtpx:cad>0</gpxtpx:cad></gpxtpx:TrackPointExtension></extensions></trkpt><trkpt lat="15.5779385380" lon="73.7288729567"><ele>-0.34</ele><time>2025-11-13T01:54:47Z</time><extensions><gpxtpx:TrackPointExtension><gpxtpx:cad>0</gpxtpx:cad></gpxtpx:TrackPointExtension></extensions></trkpt><trkpt lat="15.5778201856" lon="73.7289614696"><ele>-0.82</ele><time>2025-11-13T01:54:52Z</time><extensions><gpxtpx:TrackPointExtension><gpxtpx:cad>0</gpxtpx:cad></gpxtpx:TrackPointExtension></extensions></trkpt><trkpt lat="15.5776976421" lon="73.7290506531"><ele>-0.34</ele><time>2025-11-13T01:54:57Z</time><extensions><gpxtpx:TrackPointExtension><gpxtpx:cad>0</gpxtpx:cad></gpxtpx:TrackPointExtension></extensions></trkpt><trkpt lat="15.5775724165" lon="73.7291348074"><ele>-0.34</ele><time>2025-11-13T01:55:02Z</time><extensions><gpxtpx:TrackPointExtension><gpxtpx:cad>0</gpxtpx:cad></gpxtpx:TrackPointExtension></extensions></trkpt><trkpt lat="15.5774492864" lon="73.7292240746"><ele>-0.34</ele><time>2025-11-13T01:55:07Z</time><extensions><gpxtpx:TrackPointExtension><gpxtpx:cad>0</gpxtpx:cad></gpxtpx:TrackPointExtension></extensions></trkpt><trkpt lat="15.5773300119" lon="73.7293207180"><ele>-0.34</ele><time>2025-11-13T01:55:12Z</time><extensions><gpxtpx:TrackPointExtension><gpxtpx:cad>0</gpxtpx:cad></gpxtpx:TrackPointExtension></extensions></trkpt><trkpt lat="15.5772082228" lon="73.7294238992"><ele>-0.34</ele><time>2025-11-13T01:55:17Z</time><extensions><gpxtpx:TrackPointExtension><gpxtpx:cad>0</gpxtpx:cad></gpxtpx:TrackPointExtension></extensions></trkpt><trkpt lat="15.5770854279" lon="73.7295183633"><ele>-0.82</ele><time>2025-11-13T01:55:22Z</time><extensions><gpxtpx:TrackPointExtension><gpxtpx:cad>0</gpxtpx:cad></gpxtpx:TrackPointExtension></extensions></trkpt><trkpt lat="15.5769686680" lon="73.7296144199"><ele>-1.30</ele><time>2025-11-13T01:55:27Z</time><extensions><gpxtpx:TrackPointExtension><gpxtpx:cad>0</gpxtpx:cad></gpxtpx:TrackPointExtension></extensions></trkpt><trkpt lat="15.5768441129" lon="73.7297022622"><ele>-1.30</ele><time>2025-11-13T01:55:32Z</time><extensions><gpxtpx:TrackPointExtension><gpxtpx:cad>0</gpxtpx:cad></gpxtpx:TrackPointExtension></extensions></trkpt><trkpt lat="15.5767162889" lon="73.7298013363"><ele>-1.30</ele><time>2025-11-13T01:55:37Z</time><extensions><gpxtpx:TrackPointExtension><gpxtpx:cad>0</gpxtpx:cad></gpxtpx:TrackPointExtension></extensions></trkpt><trkpt lat="15.5766035523" lon="73.7299051881"><ele>-0.82</ele><time>2025-11-13T01:55:42Z</time><extensions><gpxtpx:TrackPointExtension><gpxtpx:cad>0</gpxtpx:cad></gpxtpx:TrackPointExtension></extensions></trkpt><trkpt lat="15.5764944199" lon="73.7300131470"><ele>-1.30</ele><time>2025-11-13T01:55:47Z</time><extensions><gpxtpx:TrackPointExtension><gpxtpx:cad>0</gpxtpx:cad></gpxtpx:TrackPointExtension></extensions></trkpt><trkpt lat="15.5763784144" lon="73.7301100418"><ele>-1.30</ele><time>2025-11-13T01:55:52Z</time><extensions><gpxtpx:TrackPointExtension><gpxtpx:cad>0</gpxtpx:cad></gpxtpx:TrackPointExtension></extensions></trkpt><trkpt lat="15.5762499198" lon="73.7301955372"><ele>-1.30</ele><time>2025-11-13T01:55:57Z</time><extensions><gpxtpx:TrackPointExtension><gpxtpx:cad>0</gpxtpx:cad></gpxtpx:TrackPointExtension></extensions></trkpt><trkpt lat="15.5761284661" lon="73.7302842177"><ele>-0.82</ele><time>2025-11-13T01:56:02Z</time><extensions><gpxtpx:TrackPointExtension><gpxtpx:cad>0</gpxtpx:cad></gpxtpx:TrackPointExtension></extensions></trkpt><trkpt lat="15.5760051683" lon="73.7303679530"><ele>-1.30</ele><time>2025-11-13T01:56:07Z</time><extensions><gpxtpx:TrackPointExtension><gpxtpx:cad>0</gpxtpx:cad></gpxtpx:TrackPointExtension></extensions></trkpt><trkpt lat="15.5758797750" lon="73.7304609921"><ele>-1.30</ele><time>2025-11-13T01:56:12Z</time><extensions><gpxtpx:TrackPointExtension><gpxtpx:cad>0</gpxtpx:cad></gpxtpx:TrackPointExtension></extensions></trkpt><trkpt lat="15.5757492688" lon="73.7305463199"><ele>-1.79</ele><time>2025-11-13T01:56:17Z</time><extensions><gpxtpx:TrackPointExtension><gpxtpx:cad>0</gpxtpx:cad></gpxtpx:TrackPointExtension></extensions></trkpt><trkpt lat="15.5756253004" lon="73.7306394428"><ele>-1.30</ele><time>2025-11-13T01:56:22Z</time><extensions><gpxtpx:TrackPointExtension><gpxtpx:cad>0</gpxtpx:cad></gpxtpx:TrackPointExtension></extensions></trkpt><trkpt lat="15.5755029246" lon="73.7307363376"><ele>-0.82</ele><time>2025-11-13T01:56:27Z</time><extensions><gpxtpx:TrackPointExtension><gpxtpx:cad>0</gpxtpx:cad></gpxtpx:TrackPointExtension></extensions></trkpt><trkpt lat="15.5753852427" lon="73.7308352441"><ele>-0.82</ele><time>2025-11-13T01:56:32Z</time><extensions><gpxtpx:TrackPointExtension><gpxtpx:cad>0</gpxtpx:cad></gpxtpx:TrackPointExtension></extensions></trkpt><trkpt lat="15.5752668902" lon="73.7309363298"><ele>-0.82</ele><time>2025-11-13T01:56:37Z</time><extensions><gpxtpx:TrackPointExtension><gpxtpx:cad>0</gpxtpx:cad></gpxtpx:TrackPointExtension></extensions></trkpt><trkpt lat="15.5751417484" lon="73.7310310453"><ele>-0.82</ele><time>2025-11-13T01:56:42Z</time><extensions><gpxtpx:TrackPointExtension><gpxtpx:cad>0</gpxtpx:cad></gpxtpx:TrackPointExtension></extensions></trkpt><trkpt lat="15.5750109907" lon="73.7311252579"><ele>-0.34</ele><time>2025-11-13T01:56:47Z</time><extensions><gpxtpx:TrackPointExtension><gpxtpx:cad>0</gpxtpx:cad></gpxtpx:TrackPointExtension></extensions></trkpt><trkpt lat="15.5748885311" lon="73.7312156148"><ele>-0.82</ele><time>2025-11-13T01:56:52Z</time><extensions><gpxtpx:TrackPointExtension><gpxtpx:cad>0</gpxtpx:cad></gpxtpx:TrackPointExtension></extensions></trkpt><trkpt lat="15.5747641437" lon="73.7313004397"><ele>-0.82</ele><time>2025-11-13T01:56:57Z</time><extensions><gpxtpx:TrackPointExtension><gpxtpx:cad>0</gpxtpx:cad></gpxtpx:TrackPointExtension></extensions></trkpt><trkpt lat="15.5746337213" lon="73.7313804030"><ele>-1.30</ele><time>2025-11-13T01:57:02Z</time><extensions><gpxtpx:TrackPointExtension><gpxtpx:cad>0</gpxtpx:cad></gpxtpx:TrackPointExtension></extensions></trkpt><trkpt lat="15.5745012034" lon="73.7314622104"><ele>-0.82</ele><time>2025-11-13T01:57:07Z</time><extensions><gpxtpx:TrackPointExtension><gpxtpx:cad>0</gpxtpx:cad></gpxtpx:TrackPointExtension></extensions></trkpt><trkpt lat="15.5743758939" lon="73.7315541599"><ele>-1.30</ele><time>2025-11-13T01:57:12Z</time><extensions><gpxtpx:TrackPointExtension><gpxtpx:cad>0</gpxtpx:cad></gpxtpx:TrackPointExtension></extensions></trkpt><trkpt lat="15.5742577929" lon="73.7316575926"><ele>-1.30</ele><time>2025-11-13T01:57:17Z</time><extensions><gpxtpx:TrackPointExtension><gpxtpx:cad>0</gpxtpx:cad></gpxtpx:TrackPointExtension></extensions></trkpt><trkpt lat="15.5741431285" lon="73.7317617796"><ele>-1.30</ele><time>2025-11-13T01:57:22Z</time><extensions><gpxtpx:TrackPointExtension><gpxtpx:cad>0</gpxtpx:cad></gpxtpx:TrackPointExtension></extensions></trkpt><trkpt lat="15.5740291346" lon="73.7318632845"><ele>-0.82</ele><time>2025-11-13T01:57:27Z</time><extensions><gpxtpx:TrackPointExtension><gpxtpx:cad>0</gpxtpx:cad></gpxtpx:TrackPointExtension></extensions></trkpt><trkpt lat="15.5739094410" lon="73.7319616880"><ele>-1.79</ele><time>2025-11-13T01:57:32Z</time><extensions><gpxtpx:TrackPointExtension><gpxtpx:cad>0</gpxtpx:cad></gpxtpx:TrackPointExtension></extensions></trkpt><trkpt lat="15.5737975426" lon="73.7320595887"><ele>-1.79</ele><time>2025-11-13T01:57:37Z</time><extensions><gpxtpx:TrackPointExtension><gpxtpx:cad>0</gpxtpx:cad></gpxtpx:TrackPointExtension></extensions></trkpt><trkpt lat="15.5736794416" lon="73.7321518734"><ele>-1.79</ele><time>2025-11-13T01:57:42Z</time><extensions><gpxtpx:TrackPointExtension><gpxtpx:cad>0</gpxtpx:cad></gpxtpx:TrackPointExtension></extensions></trkpt><trkpt lat="15.5735592451" lon="73.7322420627"><ele>-1.79</ele><time>2025-11-13T01:57:47Z</time><extensions><gpxtpx:TrackPointExtension><gpxtpx:cad>0</gpxtpx:cad></gpxtpx:TrackPointExtension></extensions></trkpt><trkpt lat="15.5734340195" lon="73.7323349342"><ele>-2.27</ele><time>2025-11-13T01:57:52Z</time><extensions><gpxtpx:TrackPointExtension><gpxtpx:cad>0</gpxtpx:cad></gpxtpx:TrackPointExtension></extensions></trkpt><trkpt lat="15.5733030103" lon="73.7324268837"><ele>-2.75</ele><time>2025-11-13T01:57:57Z</time><extensions><gpxtpx:TrackPointExtension><gpxtpx:cad>0</gpxtpx:cad></gpxtpx:TrackPointExtension></extensions></trkpt><trkpt lat="15.5731837358" lon="73.7325226888"><ele>-3.23</ele><time>2025-11-13T01:58:02Z</time><extensions><gpxtpx:TrackPointExtension><gpxtpx:cad>0</gpxtpx:cad></gpxtpx:TrackPointExtension></extensions></trkpt><trkpt lat="15.5730580073" lon="73.7326257024"><ele>-2.75</ele><time>2025-11-13T01:58:07Z</time><extensions><gpxtpx:TrackPointExtension><gpxtpx:cad>0</gpxtpx:cad></gpxtpx:TrackPointExtension></extensions></trkpt><trkpt lat="15.5729436781" lon="73.7327224296"><ele>-2.27</ele><time>2025-11-13T01:58:12Z</time><extensions><gpxtpx:TrackPointExtension><gpxtpx:cad>0</gpxtpx:cad></gpxtpx:TrackPointExtension></extensions></trkpt><trkpt lat="15.5728358869" lon="73.7328277063"><ele>-2.27</ele><time>2025-11-13T01:58:17Z</time><extensions><gpxtpx:TrackPointExtension><gpxtpx:cad>0</gpxtpx:cad></gpxtpx:TrackPointExtension></extensions></trkpt><trkpt lat="15.5727271736" lon="73.7329375930"><ele>-1.79</ele><time>2025-11-13T01:58:22Z</time><extensions><gpxtpx:TrackPointExtension><gpxtpx:cad>0</gpxtpx:cad></gpxtpx:TrackPointExtension></extensions></trkpt><trkpt lat="15.5726109166" lon="73.7330501620"><ele>-1.79</ele><time>2025-11-13T01:58:27Z</time><extensions><gpxtpx:TrackPointExtension><gpxtpx:cad>0</gpxtpx:cad></gpxtpx:TrackPointExtension></extensions></trkpt><trkpt lat="15.5725007784" lon="73.7331657484"><ele>-1.79</ele><time>2025-11-13T01:58:32Z</time><extensions><gpxtpx:TrackPointExtension><gpxtpx:cad>0</gpxtpx:cad></gpxtpx:TrackPointExtension></extensions></trkpt><trkpt lat="15.5723934062" lon="73.7332697678"><ele>-1.79</ele><time>2025-11-13T01:58:37Z</time><extensions><gpxtpx:TrackPointExtension><gpxtpx:cad>0</gpxtpx:cad></gpxtpx:TrackPointExtension></extensions></trkpt><trkpt lat="15.5722815078" lon="73.7333782297"><ele>-1.79</ele><time>2025-11-13T01:58:42Z</time><extensions><gpxtpx:TrackPointExtension><gpxtpx:cad>0</gpxtpx:cad></gpxtpx:TrackPointExtension></extensions></trkpt><trkpt lat="15.5721659213" lon="73.7334776390"><ele>-1.79</ele><time>2025-11-13T01:58:47Z</time><extensions><gpxtpx:TrackPointExtension><gpxtpx:cad>0</gpxtpx:cad></gpxtpx:TrackPointExtension></extensions></trkpt><trkpt lat="15.5720448028" lon="73.7335745338"><ele>-1.30</ele><time>2025-11-13T01:58:52Z</time><extensions><gpxtpx:TrackPointExtension><gpxtpx:cad>0</gpxtpx:cad></gpxtpx:TrackPointExtension></extensions></trkpt><trkpt lat="15.5719465669" lon="73.7336930539"><ele>-1.30</ele><time>2025-11-13T01:58:57Z</time><extensions><gpxtpx:TrackPointExtension><gpxtpx:cad>0</gpxtpx:cad></gpxtpx:TrackPointExtension></extensions></trkpt><trkpt lat="15.5718475766" lon="73.7338099815"><ele>-1.79</ele><time>2025-11-13T01:59:02Z</time><extensions><gpxtpx:TrackPointExtension><gpxtpx:cad>0</gpxtpx:cad></gpxtpx:TrackPointExtension></extensions></trkpt><trkpt lat="15.5717327446" lon="73.7339122407"><ele>-2.27</ele><time>2025-11-13T01:59:07Z</time><extensions><gpxtpx:TrackPointExtension><gpxtpx:cad>0</gpxtpx:cad></gpxtpx:TrackPointExtension></extensions></trkpt><trkpt lat="15.5716223549" lon="73.7340184394"><ele>-2.27</ele><time>2025-11-13T01:59:12Z</time><extensions><gpxtpx:TrackPointExtension><gpxtpx:cad>0</gpxtpx:cad></gpxtpx:TrackPointExtension></extensions></trkpt><trkpt lat="15.5715098698" lon="73.7341252249"><ele>-1.79</ele><time>2025-11-13T01:59:17Z</time><extensions><gpxtpx:TrackPointExtension><gpxtpx:cad>0</gpxtpx:cad></gpxtpx:TrackPointExtension></extensions></trkpt><trkpt lat="15.5714029167" lon="73.7342397217"><ele>-1.79</ele><time>2025-11-13T01:59:22Z</time><extensions><gpxtpx:TrackPointExtension><gpxtpx:cad>0</gpxtpx:cad></gpxtpx:TrackPointExtension></extensions></trkpt><trkpt lat="15.5713049322" lon="73.7343502790"><ele>-2.27</ele><time>2025-11-13T01:59:27Z</time><extensions><gpxtpx:TrackPointExtension><gpxtpx:cad>0</gpxtpx:cad></gpxtpx:TrackPointExtension></extensions></trkpt><trkpt lat="15.5712004937" lon="73.7344631832"><ele>-2.27</ele><time>2025-11-13T01:59:32Z</time><extensions><gpxtpx:TrackPointExtension><gpxtpx:cad>0</gpxtpx:cad></gpxtpx:TrackPointExtension></extensions></trkpt><trkpt lat="15.5710910261" lon="73.7345791887"><ele>-1.79</ele><time>2025-11-13T01:59:37Z</time><extensions><gpxtpx:TrackPointExtension><gpxtpx:cad>0</gpxtpx:cad></gpxtpx:TrackPointExtension></extensions></trkpt><trkpt lat="15.5709785409" lon="73.7346876506"><ele>-1.79</ele><time>2025-11-13T01:59:42Z</time><extensions><gpxtpx:TrackPointExtension><gpxtpx:cad>0</gpxtpx:cad></gpxtpx:TrackPointExtension></extensions></trkpt><trkpt lat="15.5708797183" lon="73.7348053325"><ele>-1.79</ele><time>2025-11-13T01:59:47Z</time><extensions><gpxtpx:TrackPointExtension><gpxtpx:cad>0</gpxtpx:cad></gpxtpx:TrackPointExtension></extensions></trkpt><trkpt lat="15.5707792193" lon="73.7349198293"><ele>-1.79</ele><time>2025-11-13T01:59:52Z</time><extensions><gpxtpx:TrackPointExtension><gpxtpx:cad>0</gpxtpx:cad></gpxtpx:TrackPointExtension></extensions></trkpt><trkpt lat="15.5706781335" lon="73.7350449711"><ele>-1.30</ele><time>2025-11-13T01:59:57Z</time><extensions><gpxtpx:TrackPointExtension><gpxtpx:cad>0</gpxtpx:cad></gpxtpx:TrackPointExtension></extensions></trkpt><trkpt lat="15.5705821607" lon="73.7351619825"><ele>-1.79</ele><time>2025-11-13T02:00:02Z</time><extensions><gpxtpx:TrackPointExtension><gpxtpx:cad>0</gpxtpx:cad></gpxtpx:TrackPointExtension></extensions></trkpt><trkpt lat="15.5704815779" lon="73.7352836039"><ele>-1.79</ele><time>2025-11-13T02:00:07Z</time><extensions><gpxtpx:TrackPointExtension><gpxtpx:cad>0</gpxtpx:cad></gpxtpx:TrackPointExtension></extensions></trkpt><trkpt lat="15.5703739543" lon="73.7354055606"><ele>-2.27</ele><time>2025-11-13T02:00:12Z</time><extensions><gpxtpx:TrackPointExtension><gpxtpx:cad>0</gpxtpx:cad></gpxtpx:TrackPointExtension></extensions></trkpt><trkpt lat="15.5702576973" lon="73.7355249189"><ele>-2.27</ele><time>2025-11-13T02:00:17Z</time><extensions><gpxtpx:TrackPointExtension><gpxtpx:cad>0</gpxtpx:cad></gpxtpx:TrackPointExtension></extensions></trkpt><trkpt lat="15.5701551028" lon="73.7356354762"><ele>-2.27</ele><time>2025-11-13T02:00:22Z</time><extensions><gpxtpx:TrackPointExtension><gpxtpx:cad>0</gpxtpx:cad></gpxtpx:TrackPointExtension></extensions></trkpt><trkpt lat="15.5700529274" lon="73.7357452791"><ele>-2.27</ele><time>2025-11-13T02:00:27Z</time><extensions><gpxtpx:TrackPointExtension><gpxtpx:cad>0</gpxtpx:cad></gpxtpx:TrackPointExtension></extensions></trkpt><trkpt lat="15.5699453875" lon="73.7358531542"><ele>-1.79</ele><time>2025-11-13T02:00:32Z</time><extensions><gpxtpx:TrackPointExtension><gpxtpx:cad>0</gpxtpx:cad></gpxtpx:TrackPointExtension></extensions></trkpt><trkpt lat="15.5698184855" lon="73.7359518930"><ele>-1.79</ele><time>2025-11-13T02:00:37Z</time><extensions><gpxtpx:TrackPointExtension><gpxtpx:cad>0</gpxtpx:cad></gpxtpx:TrackPointExtension></extensions></trkpt><trkpt lat="15.5697117839" lon="73.7360599358"><ele>-2.27</ele><time>2025-11-13T02:00:42Z</time><extensions><gpxtpx:TrackPointExtension><gpxtpx:cad>0</gpxtpx:cad></gpxtpx:TrackPointExtension></extensions></trkpt><trkpt lat="15.5696132127" lon="73.7361718342"><ele>-1.30</ele><time>2025-11-13T02:00:47Z</time><extensions><gpxtpx:TrackPointExtension><gpxtpx:cad>0</gpxtpx:cad></gpxtpx:TrackPointExtension></extensions></trkpt><trkpt lat="15.5695070978" lon="73.7362986524"><ele>-1.30</ele><time>2025-11-13T02:00:52Z</time><extensions><gpxtpx:TrackPointExtension><gpxtpx:cad>0</gpxtpx:cad></gpxtpx:TrackPointExtension></extensions></trkpt><trkpt lat="15.5694110412" lon="73.7364130653"><ele>-1.30</ele><time>2025-11-13T02:00:57Z</time><extensions><gpxtpx:TrackPointExtension><gpxtpx:cad>0</gpxtpx:cad></gpxtpx:TrackPointExtension></extensions></trkpt><trkpt lat="15.5693126377" lon="73.7365335971"><ele>-1.30</ele><time>2025-11-13T02:01:02Z</time><extensions><gpxtpx:TrackPointExtension><gpxtpx:cad>0</gpxtpx:cad></gpxtpx:TrackPointExtension></extensions></trkpt><trkpt lat="15.5692103785" lon="73.7366550509"><ele>-1.30</ele><time>2025-11-13T02:01:07Z</time><extensions><gpxtpx:TrackPointExtension><gpxtpx:cad>0</gpxtpx:cad></gpxtpx:TrackPointExtension></extensions></trkpt><trkpt lat="15.5691098794" lon="73.7367729004"><ele>-1.79</ele><time>2025-11-13T02:01:12Z</time><extensions><gpxtpx:TrackPointExtension><gpxtpx:cad>0</gpxtpx:cad></gpxtpx:TrackPointExtension></extensions></trkpt><trkpt lat="15.5690076202" lon="73.7368869781"><ele>-2.27</ele><time>2025-11-13T02:01:17Z</time><extensions><gpxtpx:TrackPointExtension><gpxtpx:cad>0</gpxtpx:cad></gpxtpx:TrackPointExtension></extensions></trkpt><trkpt lat="15.5688941292" lon="73.7369966973"><ele>-1.79</ele><time>2025-11-13T02:01:22Z</time><extensions><gpxtpx:TrackPointExtension><gpxtpx:cad>0</gpxtpx:cad></gpxtpx:TrackPointExtension></extensions></trkpt><trkpt lat="15.5687906127" lon="73.7371105235"><ele>-1.79</ele><time>2025-11-13T02:01:27Z</time><extensions><gpxtpx:TrackPointExtension><gpxtpx:cad>0</gpxtpx:cad></gpxtpx:TrackPointExtension></extensions></trkpt><trkpt lat="15.5686808098" lon="73.7372256909"><ele>-2.27</ele><time>2025-11-13T02:01:32Z</time><extensions><gpxtpx:TrackPointExtension><gpxtpx:cad>0</gpxtpx:cad></gpxtpx:TrackPointExtension></extensions></trkpt><trkpt lat="15.5685788020" lon="73.7373331469"><ele>-2.27</ele><time>2025-11-13T02:01:37Z</time><extensions><gpxtpx:TrackPointExtension><gpxtpx:cad>0</gpxtpx:cad></gpxtpx:TrackPointExtension></extensions></trkpt><trkpt lat="15.5684657302" lon="73.7374491524"><ele>-2.27</ele><time>2025-11-13T02:01:42Z</time><extensions><gpxtpx:TrackPointExtension><gpxtpx:cad>0</gpxtpx:cad></gpxtpx:TrackPointExtension></extensions></trkpt><trkpt lat="15.5683544185" lon="73.7375562731"><ele>-1.79</ele><time>2025-11-13T02:01:47Z</time><extensions><gpxtpx:TrackPointExtension><gpxtpx:cad>0</gpxtpx:cad></gpxtpx:TrackPointExtension></extensions></trkpt><trkpt lat="15.5682555120" lon="73.7376734521"><ele>-1.79</ele><time>2025-11-13T02:01:52Z</time><extensions><gpxtpx:TrackPointExtension><gpxtpx:cad>0</gpxtpx:cad></gpxtpx:TrackPointExtension></extensions></trkpt><trkpt lat="15.5681535043" lon="73.7377980072"><ele>-1.79</ele><time>2025-11-13T02:01:57Z</time><extensions><gpxtpx:TrackPointExtension><gpxtpx:cad>0</gpxtpx:cad></gpxtpx:TrackPointExtension></extensions></trkpt><trkpt lat="15.5680377502" lon="73.7379083131"><ele>-0.82</ele><time>2025-11-13T02:02:02Z</time><extensions><gpxtpx:TrackPointExtension><gpxtpx:cad>0</gpxtpx:cad></gpxtpx:TrackPointExtension></extensions></trkpt><trkpt lat="15.5679133628" lon="73.7380073033"><ele>-0.82</ele><time>2025-11-13T02:02:07Z</time><extensions><gpxtpx:TrackPointExtension><gpxtpx:cad>0</gpxtpx:cad></gpxtpx:TrackPointExtension></extensions></trkpt><trkpt lat="15.5677821022" lon="73.7380862609"><ele>-0.82</ele><time>2025-11-13T02:02:12Z</time><extensions><gpxtpx:TrackPointExtension><gpxtpx:cad>0</gpxtpx:cad></gpxtpx:TrackPointExtension></extensions></trkpt><trkpt lat="15.5676366761" lon="73.7381202914"><ele>-1.30</ele><time>2025-11-13T02:02:17Z</time><extensions><gpxtpx:TrackPointExtension><gpxtpx:cad>0</gpxtpx:cad></gpxtpx:TrackPointExtension></extensions></trkpt><trkpt lat="15.5674915854" lon="73.7381030247"><ele>-1.30</ele><time>2025-11-13T02:02:22Z</time><extensions><gpxtpx:TrackPointExtension><gpxtpx:cad>0</gpxtpx:cad></gpxtpx:TrackPointExtension></extensions></trkpt><trkpt lat="15.5673516076" lon="73.7380334549"><ele>-1.30</ele><time>2025-11-13T02:02:27Z</time><extensions><gpxtpx:TrackPointExtension><gpxtpx:cad>0</gpxtpx:cad></gpxtpx:TrackPointExtension></extensions></trkpt><trkpt lat="15.5672166590" lon="73.7379462831"><ele>-1.30</ele><time>2025-11-13T02:02:32Z</time><extensions><gpxtpx:TrackPointExtension><gpxtpx:cad>0</gpxtpx:cad></gpxtpx:TrackPointExtension></extensions></trkpt><trkpt lat="15.5670859013" lon="73.7378522381"><ele>-1.79</ele><time>2025-11-13T02:02:37Z</time><extensions><gpxtpx:TrackPointExtension><gpxtpx:cad>0</gpxtpx:cad></gpxtpx:TrackPointExtension></extensions></trkpt><trkpt lat="15.5669589154" lon="73.7377543375"><ele>-1.30</ele><time>2025-11-13T02:02:42Z</time><extensions><gpxtpx:TrackPointExtension><gpxtpx:cad>0</gpxtpx:cad></gpxtpx:TrackPointExtension></extensions></trkpt><trkpt lat="15.5668377131" lon="73.7376465462"><ele>-1.30</ele><time>2025-11-13T02:02:47Z</time><extensions><gpxtpx:TrackPointExtension><gpxtpx:cad>0</gpxtpx:cad></gpxtpx:TrackPointExtension></extensions></trkpt><trkpt lat="15.5667306762" lon="73.7375333905"><ele>-1.30</ele><time>2025-11-13T02:02:52Z</time><extensions><gpxtpx:TrackPointExtension><gpxtpx:cad>0</gpxtpx:cad></gpxtpx:TrackPointExtension></extensions></trkpt><trkpt lat="15.5666187778" lon="73.7374215759"><ele>-1.30</ele><time>2025-11-13T02:02:57Z</time><extensions><gpxtpx:TrackPointExtension><gpxtpx:cad>0</gpxtpx:cad></gpxtpx:TrackPointExtension></extensions></trkpt><trkpt lat="15.5665026885" lon="73.7373137847"><ele>-0.82</ele><time>2025-11-13T02:03:02Z</time><extensions><gpxtpx:TrackPointExtension><gpxtpx:cad>0</gpxtpx:cad></gpxtpx:TrackPointExtension></extensions></trkpt><trkpt lat="15.5663837492" lon="73.7372062448"><ele>-0.82</ele><time>2025-11-13T02:03:07Z</time><extensions><gpxtpx:TrackPointExtension><gpxtpx:cad>0</gpxtpx:cad></gpxtpx:TrackPointExtension></extensions></trkpt><trkpt lat="15.5662683304" lon="73.7370992079"><ele>-0.34</ele><time>2025-11-13T02:03:12Z</time><extensions><gpxtpx:TrackPointExtension><gpxtpx:cad>0</gpxtpx:cad></gpxtpx:TrackPointExtension></extensions></trkpt><trkpt lat="15.5661483016" lon="73.7369966973"><ele>-0.34</ele><time>2025-11-13T02:03:17Z</time><extensions><gpxtpx:TrackPointExtension><gpxtpx:cad>0</gpxtpx:cad></gpxtpx:TrackPointExtension></extensions></trkpt><trkpt lat="15.5660270993" lon="73.7368920911"><ele>-0.34</ele><time>2025-11-13T02:03:22Z</time><extensions><gpxtpx:TrackPointExtension><gpxtpx:cad>0</gpxtpx:cad></gpxtpx:TrackPointExtension></extensions></trkpt><trkpt lat="15.5659065675" lon="73.7367874850"><ele>-0.34</ele><time>2025-11-13T02:03:27Z</time><extensions><gpxtpx:TrackPointExtension><gpxtpx:cad>0</gpxtpx:cad></gpxtpx:TrackPointExtension></extensions></trkpt><trkpt lat="15.5657897238" lon="73.7366804481"><ele>-0.34</ele><time>2025-11-13T02:03:32Z</time><extensions><gpxtpx:TrackPointExtension><gpxtpx:cad>0</gpxtpx:cad></gpxtpx:TrackPointExtension></extensions></trkpt><trkpt lat="15.5656696111" lon="73.7365758419"><ele>-0.34</ele><time>2025-11-13T02:03:37Z</time><extensions><gpxtpx:TrackPointExtension><gpxtpx:cad>0</gpxtpx:cad></gpxtpx:TrackPointExtension></extensions></trkpt><trkpt lat="15.5655533541" lon="73.7364744209"><ele>-0.82</ele><time>2025-11-13T02:03:42Z</time><extensions><gpxtpx:TrackPointExtension><gpxtpx:cad>0</gpxtpx:cad></gpxtpx:TrackPointExtension></extensions></trkpt><trkpt lat="15.5654327385" lon="73.7363721617"><ele>-0.82</ele><time>2025-11-13T02:03:47Z</time><extensions><gpxtpx:TrackPointExtension><gpxtpx:cad>0</gpxtpx:cad></gpxtpx:TrackPointExtension></extensions></trkpt><trkpt lat="15.5653153080" lon="73.7362713274"><ele>-0.82</ele><time>2025-11-13T02:03:52Z</time><extensions><gpxtpx:TrackPointExtension><gpxtpx:cad>0</gpxtpx:cad></gpxtpx:TrackPointExtension></extensions></trkpt><trkpt lat="15.5651954468" lon="73.7361698225"><ele>-0.82</ele><time>2025-11-13T02:03:57Z</time><extensions><gpxtpx:TrackPointExtension><gpxtpx:cad>0</gpxtpx:cad></gpxtpx:TrackPointExtension></extensions></trkpt><trkpt lat="15.5650757533" lon="73.7360674795"><ele>-0.82</ele><time>2025-11-13T02:04:02Z</time><extensions><gpxtpx:TrackPointExtension><gpxtpx:cad>0</gpxtpx:cad></gpxtpx:TrackPointExtension></extensions></trkpt><trkpt lat="15.5649527069" lon="73.7359604426"><ele>-0.82</ele><time>2025-11-13T02:04:07Z</time><extensions><gpxtpx:TrackPointExtension><gpxtpx:cad>0</gpxtpx:cad></gpxtpx:TrackPointExtension></extensions></trkpt><trkpt lat="15.5648336001" lon="73.7358561717"><ele>-0.82</ele><time>2025-11-13T02:04:12Z</time><extensions><gpxtpx:TrackPointExtension><gpxtpx:cad>0</gpxtpx:cad></gpxtpx:TrackPointExtension></extensions></trkpt><trkpt lat="15.5647173431" lon="73.7357475422"><ele>-1.30</ele><time>2025-11-13T02:04:17Z</time><extensions><gpxtpx:TrackPointExtension><gpxtpx:cad>0</gpxtpx:cad></gpxtpx:TrackPointExtension></extensions></trkpt><trkpt lat="15.5645956378" lon="73.7356565986"><ele>-1.30</ele><time>2025-11-13T02:04:22Z</time><extensions><gpxtpx:TrackPointExtension><gpxtpx:cad>0</gpxtpx:cad></gpxtpx:TrackPointExtension></extensions></trkpt><trkpt lat="15.5644539837" lon="73.7356058042"><ele>-1.30</ele><time>2025-11-13T02:04:27Z</time><extensions><gpxtpx:TrackPointExtension><gpxtpx:cad>0</gpxtpx:cad></gpxtpx:TrackPointExtension></extensions></trkpt><trkpt lat="15.5643083062" lon="73.7355558481"><ele>-1.30</ele><time>2025-11-13T02:04:32Z</time><extensions><gpxtpx:TrackPointExtension><gpxtpx:cad>0</gpxtpx:cad></gpxtpx:TrackPointExtension></extensions></trkpt><trkpt lat="15.5641645566" lon="73.7354899663"><ele>-1.79</ele><time>2025-11-13T02:04:37Z</time><extensions><gpxtpx:TrackPointExtension><gpxtpx:cad>0</gpxtpx:cad></gpxtpx:TrackPointExtension></extensions></trkpt><trkpt lat="15.5640221480" lon="73.7354280241"><ele>-1.79</ele><time>2025-11-13T02:04:42Z</time><extensions><gpxtpx:TrackPointExtension><gpxtpx:cad>0</gpxtpx:cad></gpxtpx:TrackPointExtension></extensions></trkpt><trkpt lat="15.5638748780" lon="73.7353642378"><ele>-1.79</ele><time>2025-11-13T02:04:47Z</time><extensions><gpxtpx:TrackPointExtension><gpxtpx:cad>0</gpxtpx:cad></gpxtpx:TrackPointExtension></extensions></trkpt><trkpt lat="15.5637294520" lon="73.7353155389"><ele>-1.79</ele><time>2025-11-13T02:04:52Z</time><extensions><gpxtpx:TrackPointExtension><gpxtpx:cad>0</gpxtpx:cad></gpxtpx:TrackPointExtension></extensions></trkpt><trkpt lat="15.5635821819" lon="73.7352515012"><ele>-1.79</ele><time>2025-11-13T02:04:57Z</time><extensions><gpxtpx:TrackPointExtension><gpxtpx:cad>0</gpxtpx:cad></gpxtpx:TrackPointExtension></extensions></trkpt><trkpt lat="15.5634520110" lon="73.7351768184"><ele>-1.30</ele><time>2025-11-13T02:05:02Z</time><extensions><gpxtpx:TrackPointExtension><gpxtpx:cad>0</gpxtpx:cad></gpxtpx:TrackPointExtension></extensions></trkpt><trkpt lat="15.5633118656" lon="73.7350974418"><ele>-1.79</ele><time>2025-11-13T02:05:07Z</time><extensions><gpxtpx:TrackPointExtension><gpxtpx:cad>0</gpxtpx:cad></gpxtpx:TrackPointExtension></extensions></trkpt><trkpt lat="15.5631751567" lon="73.7350344937"><ele>-1.79</ele><time>2025-11-13T02:05:12Z</time><extensions><gpxtpx:TrackPointExtension><gpxtpx:cad>0</gpxtpx:cad></gpxtpx:TrackPointExtension></extensions></trkpt><trkpt lat="15.5630365200" lon="73.7349684443"><ele>-2.27</ele><time>2025-11-13T02:05:17Z</time><extensions><gpxtpx:TrackPointExtension><gpxtpx:cad>0</gpxtpx:cad></gpxtpx:TrackPointExtension></extensions></trkpt><trkpt lat="15.5629006494" lon="73.7348885648"><ele>-2.27</ele><time>2025-11-13T02:05:22Z</time><extensions><gpxtpx:TrackPointExtension><gpxtpx:cad>0</gpxtpx:cad></gpxtpx:TrackPointExtension></extensions></trkpt><trkpt lat="15.5627589114" lon="73.7348270416"><ele>-2.27</ele><time>2025-11-13T02:05:27Z</time><extensions><gpxtpx:TrackPointExtension><gpxtpx:cad>0</gpxtpx:cad></gpxtpx:TrackPointExtension></extensions></trkpt><trkpt lat="15.5626108032" lon="73.7347782589"><ele>-1.79</ele><time>2025-11-13T02:05:32Z</time><extensions><gpxtpx:TrackPointExtension><gpxtpx:cad>0</gpxtpx:cad></gpxtpx:TrackPointExtension></extensions></trkpt><trkpt lat="15.5624740943" lon="73.7347087730"><ele>-1.79</ele><time>2025-11-13T02:05:37Z</time><extensions><gpxtpx:TrackPointExtension><gpxtpx:cad>0</gpxtpx:cad></gpxtpx:TrackPointExtension></extensions></trkpt><trkpt lat="15.5623354577" lon="73.7346335035"><ele>-2.27</ele><time>2025-11-13T02:05:42Z</time><extensions><gpxtpx:TrackPointExtension><gpxtpx:cad>0</gpxtpx:cad></gpxtpx:TrackPointExtension></extensions></trkpt><trkpt lat="15.5621959828" lon="73.7345671188"><ele>-2.27</ele><time>2025-11-13T02:05:47Z</time><extensions><gpxtpx:TrackPointExtension><gpxtpx:cad>0</gpxtpx:cad></gpxtpx:TrackPointExtension></extensions></trkpt><trkpt lat="15.5620596092" lon="73.7344926875"><ele>-2.27</ele><time>2025-11-13T02:05:52Z</time><extensions><gpxtpx:TrackPointExtension><gpxtpx:cad>0</gpxtpx:cad></gpxtpx:TrackPointExtension></extensions></trkpt><trkpt lat="15.5619239062" lon="73.7344081141"><ele>-2.75</ele><time>2025-11-13T02:05:57Z</time><extensions><gpxtpx:TrackPointExtension><gpxtpx:cad>0</gpxtpx:cad></gpxtpx:TrackPointExtension></extensions></trkpt><trkpt lat="15.5617861077" lon="73.7343252171"><ele>-3.23</ele><time>2025-11-13T02:06:02Z</time><extensions><gpxtpx:TrackPointExtension><gpxtpx:cad>0</gpxtpx:cad></gpxtpx:TrackPointExtension></extensions></trkpt><trkpt lat="15.5616554338" lon="73.7342375424"><ele>-3.71</ele><time>2025-11-13T02:06:07Z</time><extensions><gpxtpx:TrackPointExtension><gpxtpx:cad>0</gpxtpx:cad></gpxtpx:TrackPointExtension></extensions></trkpt><trkpt lat="15.5615299568" lon="73.7341529690"><ele>-3.23</ele><time>2025-11-13T02:06:12Z</time><extensions><gpxtpx:TrackPointExtension><gpxtpx:cad>0</gpxtpx:cad></gpxtpx:TrackPointExtension></extensions></trkpt><trkpt lat="15.5613977741" lon="73.7340618577"><ele>-2.75</ele><time>2025-11-13T02:06:17Z</time><extensions><gpxtpx:TrackPointExtension><gpxtpx:cad>0</gpxtpx:cad></gpxtpx:TrackPointExtension></extensions></trkpt><trkpt lat="15.5612737220" lon="73.7339597661"><ele>-2.75</ele><time>2025-11-13T02:06:22Z</time><extensions><gpxtpx:TrackPointExtension><gpxtpx:cad>0</gpxtpx:cad></gpxtpx:TrackPointExtension></extensions></trkpt><trkpt lat="15.5611471552" lon="73.7338660564"><ele>-2.75</ele><time>2025-11-13T02:06:27Z</time><extensions><gpxtpx:TrackPointExtension><gpxtpx:cad>0</gpxtpx:cad></gpxtpx:TrackPointExtension></extensions></trkpt><trkpt lat="15.5610224325" lon="73.7337788008"><ele>-2.75</ele><time>2025-11-13T02:06:32Z</time><extensions><gpxtpx:TrackPointExtension><gpxtpx:cad>0</gpxtpx:cad></gpxtpx:TrackPointExtension></extensions></trkpt><trkpt lat="15.5608936027" lon="73.7336850073"><ele>-2.27</ele><time>2025-11-13T02:06:37Z</time><extensions><gpxtpx:TrackPointExtension><gpxtpx:cad>0</gpxtpx:cad></gpxtpx:TrackPointExtension></extensions></trkpt><trkpt lat="15.5607625097" lon="73.7335933093"><ele>-2.27</ele><time>2025-11-13T02:06:42Z</time><extensions><gpxtpx:TrackPointExtension><gpxtpx:cad>0</gpxtpx:cad></gpxtpx:TrackPointExtension></extensions></trkpt><trkpt lat="15.5606331769" lon="73.7334980071"><ele>-2.27</ele><time>2025-11-13T02:06:47Z</time><extensions><gpxtpx:TrackPointExtension><gpxtpx:cad>0</gpxtpx:cad></gpxtpx:TrackPointExtension></extensions></trkpt><trkpt lat="15.5605017487" lon="73.7334130984"><ele>-1.79</ele><time>2025-11-13T02:06:52Z</time><extensions><gpxtpx:TrackPointExtension><gpxtpx:cad>0</gpxtpx:cad></gpxtpx:TrackPointExtension></extensions></trkpt><trkpt lat="15.5603639502" lon="73.7333353981"><ele>-1.30</ele><time>2025-11-13T02:06:57Z</time><extensions><gpxtpx:TrackPointExtension><gpxtpx:cad>0</gpxtpx:cad></gpxtpx:TrackPointExtension></extensions></trkpt><trkpt lat="15.5602310132" lon="73.7332613859"><ele>-1.79</ele><time>2025-11-13T02:07:02Z</time><extensions><gpxtpx:TrackPointExtension><gpxtpx:cad>0</gpxtpx:cad></gpxtpx:TrackPointExtension></extensions></trkpt><trkpt lat="15.5600995012" lon="73.7331690174"><ele>-1.79</ele><time>2025-11-13T02:07:07Z</time><extensions><gpxtpx:TrackPointExtension><gpxtpx:cad>0</gpxtpx:cad></gpxtpx:TrackPointExtension></extensions></trkpt><trkpt lat="15.5599626247" lon="73.7330888864"><ele>-1.79</ele><time>2025-11-13T02:07:12Z</time><extensions><gpxtpx:TrackPointExtension><gpxtpx:cad>0</gpxtpx:cad></gpxtpx:TrackPointExtension></extensions></trkpt><trkpt lat="15.5598244071" lon="73.7330204900"><ele>-1.79</ele><time>2025-11-13T02:07:17Z</time><extensions><gpxtpx:TrackPointExtension><gpxtpx:cad>0</gpxtpx:cad></gpxtpx:TrackPointExtension></extensions></trkpt><trkpt lat="15.5596793164" lon="73.7329578772"><ele>-1.79</ele><time>2025-11-13T02:07:22Z</time><extensions><gpxtpx:TrackPointExtension><gpxtpx:cad>0</gpxtpx:cad></gpxtpx:TrackPointExtension></extensions></trkpt><trkpt lat="15.5595343933" lon="73.7328995392"><ele>-2.27</ele><time>2025-11-13T02:07:27Z</time><extensions><gpxtpx:TrackPointExtension><gpxtpx:cad>0</gpxtpx:cad></gpxtpx:TrackPointExtension></extensions></trkpt><trkpt lat="15.5593879614" lon="73.7328391895"><ele>-2.27</ele><time>2025-11-13T02:07:32Z</time><extensions><gpxtpx:TrackPointExtension><gpxtpx:cad>0</gpxtpx:cad></gpxtpx:TrackPointExtension></extensions></trkpt><trkpt lat="15.5592428707" lon="73.7327836175"><ele>-2.27</ele><time>2025-11-13T02:07:37Z</time><extensions><gpxtpx:TrackPointExtension><gpxtpx:cad>0</gpxtpx:cad></gpxtpx:TrackPointExtension></extensions></trkpt><trkpt lat="15.5590959359" lon="73.7327244412"><ele>-2.27</ele><time>2025-11-13T02:07:42Z</time><extensions><gpxtpx:TrackPointExtension><gpxtpx:cad>0</gpxtpx:cad></gpxtpx:TrackPointExtension></extensions></trkpt><trkpt lat="15.5589460675" lon="73.7326826993"><ele>-2.27</ele><time>2025-11-13T02:07:47Z</time><extensions><gpxtpx:TrackPointExtension><gpxtpx:cad>0</gpxtpx:cad></gpxtpx:TrackPointExtension></extensions></trkpt><trkpt lat="15.5587964505" lon="73.7326341681"><ele>-2.27</ele><time>2025-11-13T02:07:52Z</time><extensions><gpxtpx:TrackPointExtension><gpxtpx:cad>0</gpxtpx:cad></gpxtpx:TrackPointExtension></extensions></trkpt><trkpt lat="15.5586560536" lon="73.7325820327"><ele>-2.27</ele><time>2025-11-13T02:07:57Z</time><extensions><gpxtpx:TrackPointExtension><gpxtpx:cad>0</gpxtpx:cad></gpxtpx:TrackPointExtension></extensions></trkpt><trkpt lat="15.5585107952" lon="73.7325371895"><ele>-2.27</ele><time>2025-11-13T02:08:02Z</time><extensions><gpxtpx:TrackPointExtension><gpxtpx:cad>0</gpxtpx:cad></gpxtpx:TrackPointExtension></extensions></trkpt><trkpt lat="15.5583597533" lon="73.7325203419"><ele>-1.79</ele><time>2025-11-13T02:08:07Z</time><extensions><gpxtpx:TrackPointExtension><gpxtpx:cad>0</gpxtpx:cad></gpxtpx:TrackPointExtension></extensions></trkpt><trkpt lat="15.5582086276" lon="73.7325210124"><ele>-1.79</ele><time>2025-11-13T02:08:12Z</time><extensions><gpxtpx:TrackPointExtension><gpxtpx:cad>0</gpxtpx:cad></gpxtpx:TrackPointExtension></extensions></trkpt><trkpt lat="15.5580527242" lon="73.7325172406"><ele>-1.79</ele><time>2025-11-13T02:08:17Z</time><extensions><gpxtpx:TrackPointExtension><gpxtpx:cad>0</gpxtpx:cad></gpxtpx:TrackPointExtension></extensions></trkpt><trkpt lat="15.5578974914" lon="73.7325241975"><ele>-1.79</ele><time>2025-11-13T02:08:22Z</time><extensions><gpxtpx:TrackPointExtension><gpxtpx:cad>0</gpxtpx:cad></gpxtpx:TrackPointExtension></extensions></trkpt><trkpt lat="15.5577458628" lon="73.7325362675"><ele>-1.30</ele><time>2025-11-13T02:08:27Z</time><extensions><gpxtpx:TrackPointExtension><gpxtpx:cad>0</gpxtpx:cad></gpxtpx:TrackPointExtension></extensions></trkpt><trkpt lat="15.5575927254" lon="73.7325417157"><ele>-1.79</ele><time>2025-11-13T02:08:32Z</time><extensions><gpxtpx:TrackPointExtension><gpxtpx:cad>0</gpxtpx:cad></gpxtpx:TrackPointExtension></extensions></trkpt><trkpt lat="15.5574392527" lon="73.7325450685"><ele>-1.30</ele><time>2025-11-13T02:08:37Z</time><extensions><gpxtpx:TrackPointExtension><gpxtpx:cad>0</gpxtpx:cad></gpxtpx:TrackPointExtension></extensions></trkpt><trkpt lat="15.5572839361" lon="73.7325473316"><ele>-1.30</ele><time>2025-11-13T02:08:42Z</time><extensions><gpxtpx:TrackPointExtension><gpxtpx:cad>0</gpxtpx:cad></gpxtpx:TrackPointExtension></extensions></trkpt><trkpt lat="15.5571317207" lon="73.7325521931"><ele>-2.27</ele><time>2025-11-13T02:08:47Z</time><extensions><gpxtpx:TrackPointExtension><gpxtpx:cad>0</gpxtpx:cad></gpxtpx:TrackPointExtension></extensions></trkpt><trkpt lat="15.5569761526" lon="73.7325551268"><ele>-2.27</ele><time>2025-11-13T02:08:52Z</time><extensions><gpxtpx:TrackPointExtension><gpxtpx:cad>0</gpxtpx:cad></gpxtpx:TrackPointExtension></extensions></trkpt><trkpt lat="15.5568204168" lon="73.7325530313"><ele>-2.27</ele><time>2025-11-13T02:08:57Z</time><extensions><gpxtpx:TrackPointExtension><gpxtpx:cad>0</gpxtpx:cad></gpxtpx:TrackPointExtension></extensions></trkpt><trkpt lat="15.5566663574" lon="73.7325584795"><ele>-1.79</ele><time>2025-11-13T02:09:02Z</time><extensions><gpxtpx:TrackPointExtension><gpxtpx:cad>0</gpxtpx:cad></gpxtpx:TrackPointExtension></extensions></trkpt><trkpt lat="15.5565099511" lon="73.7325537857"><ele>-1.30</ele><time>2025-11-13T02:09:07Z</time><extensions><gpxtpx:TrackPointExtension><gpxtpx:cad>0</gpxtpx:cad></gpxtpx:TrackPointExtension></extensions></trkpt><trkpt lat="15.5563599989" lon="73.7325651012"><ele>-1.30</ele><time>2025-11-13T02:09:12Z</time><extensions><gpxtpx:TrackPointExtension><gpxtpx:cad>0</gpxtpx:cad></gpxtpx:TrackPointExtension></extensions></trkpt><trkpt lat="15.5562040955" lon="73.7325763330"><ele>-1.30</ele><time>2025-11-13T02:09:17Z</time><extensions><gpxtpx:TrackPointExtension><gpxtpx:cad>0</gpxtpx:cad></gpxtpx:TrackPointExtension></extensions></trkpt><trkpt lat="15.5560460966" lon="73.7325935997"><ele>-1.30</ele><time>2025-11-13T02:09:22Z</time><extensions><gpxtpx:TrackPointExtension><gpxtpx:cad>0</gpxtpx:cad></gpxtpx:TrackPointExtension></extensions></trkpt><trkpt lat="15.5558935460" lon="73.7326076813"><ele>-1.30</ele><time>2025-11-13T02:09:27Z</time><extensions><gpxtpx:TrackPointExtension><gpxtpx:cad>0</gpxtpx:cad></gpxtpx:TrackPointExtension></extensions></trkpt><trkpt lat="15.5557401571" lon="73.7326302286"><ele>-1.30</ele><time>2025-11-13T02:09:32Z</time><extensions><gpxtpx:TrackPointExtension><gpxtpx:cad>0</gpxtpx:cad></gpxtpx:TrackPointExtension></extensions></trkpt><trkpt lat="15.5555852596" lon="73.7326479983"><ele>-1.79</ele><time>2025-11-13T02:09:37Z</time><extensions><gpxtpx:TrackPointExtension><gpxtpx:cad>0</gpxtpx:cad></gpxtpx:TrackPointExtension></extensions></trkpt><trkpt lat="15.5554324575" lon="73.7326587271"><ele>-1.79</ele><time>2025-11-13T02:09:42Z</time><extensions><gpxtpx:TrackPointExtension><gpxtpx:cad>0</gpxtpx:cad></gpxtpx:TrackPointExtension></extensions></trkpt><trkpt lat="15.5552776437" lon="73.7326698750"><ele>-2.27</ele><time>2025-11-13T02:09:47Z</time><extensions><gpxtpx:TrackPointExtension><gpxtpx:cad>0</gpxtpx:cad></gpxtpx:TrackPointExtension></extensions></trkpt><trkpt lat="15.5551286973" lon="73.7326950207"><ele>-2.27</ele><time>2025-11-13T02:09:52Z</time><extensions><gpxtpx:TrackPointExtension><gpxtpx:cad>0</gpxtpx:cad></gpxtpx:TrackPointExtension></extensions></trkpt><trkpt lat="15.5549881328" lon="73.7327557057"><ele>-2.27</ele><time>2025-11-13T02:09:57Z</time><extensions><gpxtpx:TrackPointExtension><gpxtpx:cad>0</gpxtpx:cad></gpxtpx:TrackPointExtension></extensions></trkpt><trkpt lat="15.5548819341" lon="73.7328491639"><ele>-2.27</ele><time>2025-11-13T02:10:02Z</time><extensions><gpxtpx:TrackPointExtension><gpxtpx:cad>0</gpxtpx:cad></gpxtpx:TrackPointExtension></extensions></trkpt><trkpt lat="15.5547954328" lon="73.7329644151"><ele>-2.27</ele><time>2025-11-13T02:10:07Z</time><extensions><gpxtpx:TrackPointExtension><gpxtpx:cad>0</gpxtpx:cad></gpxtpx:TrackPointExtension></extensions></trkpt><trkpt lat="15.5547124520" lon="73.7330818456"><ele>-2.27</ele><time>2025-11-13T02:10:12Z</time><extensions><gpxtpx:TrackPointExtension><gpxtpx:cad>0</gpxtpx:cad></gpxtpx:TrackPointExtension></extensions></trkpt><trkpt lat="15.5546185747" lon="73.7332114298"><ele>-1.79</ele><time>2025-11-13T02:10:17Z</time><extensions><gpxtpx:TrackPointExtension><gpxtpx:cad>0</gpxtpx:cad></gpxtpx:TrackPointExtension></extensions></trkpt><trkpt lat="15.5545226857" lon="73.7333329674"><ele>-1.30</ele><time>2025-11-13T02:10:22Z</time><extensions><gpxtpx:TrackPointExtension><gpxtpx:cad>0</gpxtpx:cad></gpxtpx:TrackPointExtension></extensions></trkpt><trkpt lat="15.5544104520" lon="73.7334454525"><ele>-0.82</ele><time>2025-11-13T02:10:27Z</time><extensions><gpxtpx:TrackPointExtension><gpxtpx:cad>0</gpxtpx:cad></gpxtpx:TrackPointExtension></extensions></trkpt><trkpt lat="15.5543044209" lon="73.7335534114"><ele>-0.34</ele><time>2025-11-13T02:10:32Z</time><extensions><gpxtpx:TrackPointExtension><gpxtpx:cad>0</gpxtpx:cad></gpxtpx:TrackPointExtension></extensions></trkpt><trkpt lat="15.5542016588" lon="73.7336573470"><ele>-1.30</ele><time>2025-11-13T02:10:37Z</time><extensions><gpxtpx:TrackPointExtension><gpxtpx:cad>0</gpxtpx:cad></gpxtpx:TrackPointExtension></extensions></trkpt><trkpt lat="15.5540920235" lon="73.7337670662"><ele>-0.82</ele><time>2025-11-13T02:10:42Z</time><extensions><gpxtpx:TrackPointExtension><gpxtpx:cad>0</gpxtpx:cad></gpxtpx:TrackPointExtension></extensions></trkpt><trkpt lat="15.5539824720" lon="73.7338734325"><ele>-0.82</ele><time>2025-11-13T02:10:47Z</time><extensions><gpxtpx:TrackPointExtension><gpxtpx:cad>0</gpxtpx:cad></gpxtpx:TrackPointExtension></extensions></trkpt><trkpt lat="15.5538618565" lon="73.7339760270"><ele>-1.30</ele><time>2025-11-13T02:10:52Z</time><extensions><gpxtpx:TrackPointExtension><gpxtpx:cad>0</gpxtpx:cad></gpxtpx:TrackPointExtension></extensions></trkpt><trkpt lat="15.5537444260" lon="73.7340711616"><ele>-1.30</ele><time>2025-11-13T02:10:57Z</time><extensions><gpxtpx:TrackPointExtension><gpxtpx:cad>0</gpxtpx:cad></gpxtpx:TrackPointExtension></extensions></trkpt><trkpt lat="15.5536349583" lon="73.7341605127"><ele>-1.30</ele><time>2025-11-13T02:11:02Z</time><extensions><gpxtpx:TrackPointExtension><gpxtpx:cad>0</gpxtpx:cad></gpxtpx:TrackPointExtension></extensions></trkpt><trkpt lat="15.5535383150" lon="73.7342476007"><ele>-1.30</ele><time>2025-11-13T02:11:07Z</time><extensions><gpxtpx:TrackPointExtension><gpxtpx:cad>0</gpxtpx:cad></gpxtpx:TrackPointExtension></extensions></trkpt><trkpt lat="15.5534516461" lon="73.7343403045"><ele>-1.30</ele><time>2025-11-13T02:11:12Z</time><extensions><gpxtpx:TrackPointExtension><gpxtpx:cad>0</gpxtpx:cad></gpxtpx:TrackPointExtension></extensions></trkpt><trkpt lat="15.5533654802" lon="73.7344338465"><ele>-1.79</ele><time>2025-11-13T02:11:17Z</time><extensions><gpxtpx:TrackPointExtension><gpxtpx:cad>0</gpxtpx:cad></gpxtpx:TrackPointExtension></extensions></trkpt><trkpt lat="15.5532752909" lon="73.7345280591"><ele>-1.79</ele><time>2025-11-13T02:11:22Z</time><extensions><gpxtpx:TrackPointExtension><gpxtpx:cad>0</gpxtpx:cad></gpxtpx:TrackPointExtension></extensions></trkpt><trkpt lat="15.5531823356" lon="73.7346253730"><ele>-1.79</ele><time>2025-11-13T02:11:27Z</time><extensions><gpxtpx:TrackPointExtension><gpxtpx:cad>0</gpxtpx:cad></gpxtpx:TrackPointExtension></extensions></trkpt><trkpt lat="15.5530936550" lon="73.7347186636"><ele>-1.79</ele><time>2025-11-13T02:11:32Z</time><extensions><gpxtpx:TrackPointExtension><gpxtpx:cad>0</gpxtpx:cad></gpxtpx:TrackPointExtension></extensions></trkpt><trkpt lat="15.5529978499" lon="73.7348279636"><ele>-2.27</ele><time>2025-11-13T02:11:37Z</time><extensions><gpxtpx:TrackPointExtension><gpxtpx:cad>0</gpxtpx:cad></gpxtpx:TrackPointExtension></extensions></trkpt><trkpt lat="15.5529059004" lon="73.7349371798"><ele>-2.27</ele><time>2025-11-13T02:11:42Z</time><extensions><gpxtpx:TrackPointExtension><gpxtpx:cad>0</gpxtpx:cad></gpxtpx:TrackPointExtension></extensions></trkpt><trkpt lat="15.5528131966" lon="73.7350573763"><ele>-2.27</ele><time>2025-11-13T02:11:47Z</time><extensions><gpxtpx:TrackPointExtension><gpxtpx:cad>0</gpxtpx:cad></gpxtpx:TrackPointExtension></extensions></trkpt><trkpt lat="15.5527266115" lon="73.7351639103"><ele>-2.27</ele><time>2025-11-13T02:11:52Z</time><extensions><gpxtpx:TrackPointExtension><gpxtpx:cad>0</gpxtpx:cad></gpxtpx:TrackPointExtension></extensions></trkpt><trkpt lat="15.5526392721" lon="73.7352603022"><ele>-2.75</ele><time>2025-11-13T02:11:57Z</time><extensions><gpxtpx:TrackPointExtension><gpxtpx:cad>0</gpxtpx:cad></gpxtpx:TrackPointExtension></extensions></trkpt><trkpt lat="15.5525531061" lon="73.7353547662"><ele>-2.75</ele><time>2025-11-13T02:12:02Z</time><extensions><gpxtpx:TrackPointExtension><gpxtpx:cad>0</gpxtpx:cad></gpxtpx:TrackPointExtension></extensions></trkpt><trkpt lat="15.5524688680" lon="73.7354468834"><ele>-2.75</ele><time>2025-11-13T02:12:07Z</time><extensions><gpxtpx:TrackPointExtension><gpxtpx:cad>0</gpxtpx:cad></gpxtpx:TrackPointExtension></extensions></trkpt><trkpt lat="15.5523776729" lon="73.7355335522"><ele>-3.23</ele><time>2025-11-13T02:12:12Z</time><extensions><gpxtpx:TrackPointExtension><gpxtpx:cad>0</gpxtpx:cad></gpxtpx:TrackPointExtension></extensions></trkpt><trkpt lat="15.5522842985" lon="73.7356371526"><ele>-3.23</ele><time>2025-11-13T02:12:17Z</time><extensions><gpxtpx:TrackPointExtension><gpxtpx:cad>0</gpxtpx:cad></gpxtpx:TrackPointExtension></extensions></trkpt><trkpt lat="15.5521825422" lon="73.7357399147"><ele>-2.75</ele><time>2025-11-13T02:12:22Z</time><extensions><gpxtpx:TrackPointExtension><gpxtpx:cad>0</gpxtpx:cad></gpxtpx:TrackPointExtension></extensions></trkpt><trkpt lat="15.5520728230" lon="73.7358452752"><ele>-2.75</ele><time>2025-11-13T02:12:27Z</time><extensions><gpxtpx:TrackPointExtension><gpxtpx:cad>0</gpxtpx:cad></gpxtpx:TrackPointExtension></extensions></trkpt><trkpt lat="15.5519782752" lon="73.7359547429"><ele>-2.75</ele><time>2025-11-13T02:12:32Z</time><extensions><gpxtpx:TrackPointExtension><gpxtpx:cad>0</gpxtpx:cad></gpxtpx:TrackPointExtension></extensions></trkpt><trkpt lat="15.5518796202" lon="73.7360534817"><ele>-3.23</ele><time>2025-11-13T02:12:37Z</time><extensions><gpxtpx:TrackPointExtension><gpxtpx:cad>0</gpxtpx:cad></gpxtpx:TrackPointExtension></extensions></trkpt><trkpt lat="15.5517833959" lon="73.7361579202"><ele>-3.23</ele><time>2025-11-13T02:12:42Z</time><extensions><gpxtpx:TrackPointExtension><gpxtpx:cad>0</gpxtpx:cad></gpxtpx:TrackPointExtension></extensions></trkpt><trkpt lat="15.5516914465" lon="73.7362603471"><ele>-3.23</ele><time>2025-11-13T02:12:47Z</time><extensions><gpxtpx:TrackPointExtension><gpxtpx:cad>0</gpxtpx:cad></gpxtpx:TrackPointExtension></extensions></trkpt><trkpt lat="15.5515947193" lon="73.7363715749"><ele>-3.71</ele><time>2025-11-13T02:12:52Z</time><extensions><gpxtpx:TrackPointExtension><gpxtpx:cad>0</gpxtpx:cad></gpxtpx:TrackPointExtension></extensions></trkpt><trkpt lat="15.5514986627" lon="73.7364739180"><ele>-3.23</ele><time>2025-11-13T02:12:57Z</time><extensions><gpxtpx:TrackPointExtension><gpxtpx:cad>0</gpxtpx:cad></gpxtpx:TrackPointExtension></extensions></trkpt><trkpt lat="15.5514090601" lon="73.7365807872"><ele>-3.23</ele><time>2025-11-13T02:13:02Z</time><extensions><gpxtpx:TrackPointExtension><gpxtpx:cad>0</gpxtpx:cad></gpxtpx:TrackPointExtension></extensions></trkpt><trkpt lat="15.5513008498" lon="73.7366774306"><ele>-3.71</ele><time>2025-11-13T02:13:07Z</time><extensions><gpxtpx:TrackPointExtension><gpxtpx:cad>0</gpxtpx:cad></gpxtpx:TrackPointExtension></extensions></trkpt><trkpt lat="15.5511961598" lon="73.7367784325"><ele>-3.23</ele><time>2025-11-13T02:13:12Z</time><extensions><gpxtpx:TrackPointExtension><gpxtpx:cad>0</gpxtpx:cad></gpxtpx:TrackPointExtension></extensions></trkpt><trkpt lat="15.5510953255" lon="73.7368785124"><ele>-3.71</ele><time>2025-11-13T02:13:17Z</time><extensions><gpxtpx:TrackPointExtension><gpxtpx:cad>0</gpxtpx:cad></gpxtpx:TrackPointExtension></extensions></trkpt><trkpt lat="15.5509846844" lon="73.7369600683"><ele>-3.71</ele><time>2025-11-13T02:13:22Z</time><extensions><gpxtpx:TrackPointExtension><gpxtpx:cad>0</gpxtpx:cad></gpxtpx:TrackPointExtension></extensions></trkpt><trkpt lat="15.5508742947" lon="73.7370429654"><ele>-3.23</ele><time>2025-11-13T02:13:27Z</time><extensions><gpxtpx:TrackPointExtension><gpxtpx:cad>0</gpxtpx:cad></gpxtpx:TrackPointExtension></extensions></trkpt><trkpt lat="15.5507683475" lon="73.7371215038"><ele>-2.75</ele><time>2025-11-13T02:13:32Z</time><extensions><gpxtpx:TrackPointExtension><gpxtpx:cad>0</gpxtpx:cad></gpxtpx:TrackPointExtension></extensions></trkpt><trkpt lat="15.5506573711" lon="73.7371988688"><ele>-2.75</ele><time>2025-11-13T02:13:37Z</time><extensions><gpxtpx:TrackPointExtension><gpxtpx:cad>0</gpxtpx:cad></gpxtpx:TrackPointExtension></extensions></trkpt><trkpt lat="15.5505484063" lon="73.7372764852"><ele>-2.75</ele><time>2025-11-13T02:13:42Z</time><extensions><gpxtpx:TrackPointExtension><gpxtpx:cad>0</gpxtpx:cad></gpxtpx:TrackPointExtension></extensions></trkpt><trkpt lat="15.5504427943" lon="73.7373607233"><ele>-2.27</ele><time>2025-11-13T02:13:47Z</time><extensions><gpxtpx:TrackPointExtension><gpxtpx:cad>0</gpxtpx:cad></gpxtpx:TrackPointExtension></extensions></trkpt><trkpt lat="15.5503344163" lon="73.7374590430"><ele>-2.27</ele><time>2025-11-13T02:13:52Z</time><extensions><gpxtpx:TrackPointExtension><gpxtpx:cad>0</gpxtpx:cad></gpxtpx:TrackPointExtension></extensions></trkpt><trkpt lat="15.5502279662" lon="73.7375711929"><ele>-2.27</ele><time>2025-11-13T02:13:57Z</time><extensions><gpxtpx:TrackPointExtension><gpxtpx:cad>0</gpxtpx:cad></gpxtpx:TrackPointExtension></extensions></trkpt><trkpt lat="15.5501117930" lon="73.7376835942"><ele>-2.27</ele><time>2025-11-13T02:14:02Z</time><extensions><gpxtpx:TrackPointExtension><gpxtpx:cad>0</gpxtpx:cad></gpxtpx:TrackPointExtension></extensions></trkpt><trkpt lat="15.5500024930" lon="73.7377999350"><ele>-1.79</ele><time>2025-11-13T02:14:07Z</time><extensions><gpxtpx:TrackPointExtension><gpxtpx:cad>0</gpxtpx:cad></gpxtpx:TrackPointExtension></extensions></trkpt><trkpt lat="15.5498981383" lon="73.7379194610"><ele>-2.27</ele><time>2025-11-13T02:14:12Z</time><extensions><gpxtpx:TrackPointExtension><gpxtpx:cad>0</gpxtpx:cad></gpxtpx:TrackPointExtension></extensions></trkpt><trkpt lat="15.5498030037" lon="73.7380430102"><ele>-2.27</ele><time>2025-11-13T02:14:17Z</time><extensions><gpxtpx:TrackPointExtension><gpxtpx:cad>0</gpxtpx:cad></gpxtpx:TrackPointExtension></extensions></trkpt><trkpt lat="15.5497242138" lon="73.7381793000"><ele>-2.27</ele><time>2025-11-13T02:14:22Z</time><extensions><gpxtpx:TrackPointExtension><gpxtpx:cad>0</gpxtpx:cad></gpxtpx:TrackPointExtension></extensions></trkpt><trkpt lat="15.5496496148" lon="73.7383165117"><ele>-2.27</ele><time>2025-11-13T02:14:27Z</time><extensions><gpxtpx:TrackPointExtension><gpxtpx:cad>0</gpxtpx:cad></gpxtpx:TrackPointExtension></extensions></trkpt><trkpt lat="15.5495776981" lon="73.7384497840"><ele>-2.27</ele><time>2025-11-13T02:14:32Z</time><extensions><gpxtpx:TrackPointExtension><gpxtpx:cad>0</gpxtpx:cad></gpxtpx:TrackPointExtension></extensions></trkpt><trkpt lat="15.5494924542" lon="73.7385798711"><ele>-2.27</ele><time>2025-11-13T02:14:37Z</time><extensions><gpxtpx:TrackPointExtension><gpxtpx:cad>0</gpxtpx:cad></gpxtpx:TrackPointExtension></extensions></trkpt><trkpt lat="15.5494156759" lon="73.7387268897"><ele>-1.79</ele><time>2025-11-13T02:14:42Z</time><extensions><gpxtpx:TrackPointExtension><gpxtpx:cad>0</gpxtpx:cad></gpxtpx:TrackPointExtension></extensions></trkpt><trkpt lat="15.5493345391" lon="73.7388625927"><ele>-1.79</ele><time>2025-11-13T02:14:47Z</time><extensions><gpxtpx:TrackPointExtension><gpxtpx:cad>0</gpxtpx:cad></gpxtpx:TrackPointExtension></extensions></trkpt><trkpt lat="15.5492596049" lon="73.7389947753"><ele>-1.79</ele><time>2025-11-13T02:14:52Z</time><extensions><gpxtpx:TrackPointExtension><gpxtpx:cad>0</gpxtpx:cad></gpxtpx:TrackPointExtension></extensions></trkpt><trkpt lat="15.5491908733" lon="73.7391365971"><ele>-2.27</ele><time>2025-11-13T02:14:57Z</time><extensions><gpxtpx:TrackPointExtension><gpxtpx:cad>0</gpxtpx:cad></gpxtpx:TrackPointExtension></extensions></trkpt><trkpt lat="15.5491138436" lon="73.7392708752"><ele>-2.27</ele><time>2025-11-13T02:15:02Z</time><extensions><gpxtpx:TrackPointExtension><gpxtpx:cad>0</gpxtpx:cad></gpxtpx:TrackPointExtension></extensions></trkpt><trkpt lat="15.5490388256" lon="73.7394037284"><ele>-2.27</ele><time>2025-11-13T02:15:07Z</time><extensions><gpxtpx:TrackPointExtension><gpxtpx:cad>0</gpxtpx:cad></gpxtpx:TrackPointExtension></extensions></trkpt><trkpt lat="15.5489700940" lon="73.7395506632"><ele>-2.27</ele><time>2025-11-13T02:15:12Z</time><extensions><gpxtpx:TrackPointExtension><gpxtpx:cad>0</gpxtpx:cad></gpxtpx:TrackPointExtension></extensions></trkpt><trkpt lat="15.5489030387" lon="73.7396944128"><ele>-2.27</ele><time>2025-11-13T02:15:17Z</time><extensions><gpxtpx:TrackPointExtension><gpxtpx:cad>0</gpxtpx:cad></gpxtpx:TrackPointExtension></extensions></trkpt><trkpt lat="15.5488253385" lon="73.7398379110"><ele>-2.27</ele><time>2025-11-13T02:15:22Z</time><extensions><gpxtpx:TrackPointExtension><gpxtpx:cad>0</gpxtpx:cad></gpxtpx:TrackPointExtension></extensions></trkpt><trkpt lat="15.5487535056" lon="73.7399874441"><ele>-1.79</ele><time>2025-11-13T02:15:27Z</time><extensions><gpxtpx:TrackPointExtension><gpxtpx:cad>0</gpxtpx:cad></gpxtpx:TrackPointExtension></extensions></trkpt><trkpt lat="15.5486839358" lon="73.7401334569"><ele>-1.79</ele><time>2025-11-13T02:15:32Z</time><extensions><gpxtpx:TrackPointExtension><gpxtpx:cad>0</gpxtpx:cad></gpxtpx:TrackPointExtension></extensions></trkpt><trkpt lat="15.5486117676" lon="73.7402654719"><ele>-1.79</ele><time>2025-11-13T02:15:37Z</time><extensions><gpxtpx:TrackPointExtension><gpxtpx:cad>0</gpxtpx:cad></gpxtpx:TrackPointExtension></extensions></trkpt><trkpt lat="15.5485388450" lon="73.7404143345"><ele>-1.79</ele><time>2025-11-13T02:15:42Z</time><extensions><gpxtpx:TrackPointExtension><gpxtpx:cad>0</gpxtpx:cad></gpxtpx:TrackPointExtension></extensions></trkpt><trkpt lat="15.5484701972" lon="73.7405564077"><ele>-1.79</ele><time>2025-11-13T02:15:47Z</time><extensions><gpxtpx:TrackPointExtension><gpxtpx:cad>0</gpxtpx:cad></gpxtpx:TrackPointExtension></extensions></trkpt><trkpt lat="15.5483978614" lon="73.7406876683"><ele>-1.79</ele><time>2025-11-13T02:15:52Z</time><extensions><gpxtpx:TrackPointExtension><gpxtpx:cad>0</gpxtpx:cad></gpxtpx:TrackPointExtension></extensions></trkpt><trkpt lat="15.5483164731" lon="73.7408250477"><ele>-2.27</ele><time>2025-11-13T02:15:57Z</time><extensions><gpxtpx:TrackPointExtension><gpxtpx:cad>0</gpxtpx:cad></gpxtpx:TrackPointExtension></extensions></trkpt><trkpt lat="15.5482413713" lon="73.7409697194"><ele>-2.27</ele><time>2025-11-13T02:16:02Z</time><extensions><gpxtpx:TrackPointExtension><gpxtpx:cad>0</gpxtpx:cad></gpxtpx:TrackPointExtension></extensions></trkpt><trkpt lat="15.5481586419" lon="73.7411070988"><ele>-2.27</ele><time>2025-11-13T02:16:07Z</time><extensions><gpxtpx:TrackPointExtension><gpxtpx:cad>0</gpxtpx:cad></gpxtpx:TrackPointExtension></extensions></trkpt><trkpt lat="15.5480717216" lon="73.7412356772"><ele>-2.75</ele><time>2025-11-13T02:16:12Z</time><extensions><gpxtpx:TrackPointExtension><gpxtpx:cad>0</gpxtpx:cad></gpxtpx:TrackPointExtension></extensions></trkpt><trkpt lat="15.5479832925" lon="73.7413612381"><ele>-2.75</ele><time>2025-11-13T02:16:17Z</time><extensions><gpxtpx:TrackPointExtension><gpxtpx:cad>0</gpxtpx:cad></gpxtpx:TrackPointExtension></extensions></trkpt><trkpt lat="15.5478967912" lon="73.7414864637"><ele>-2.27</ele><time>2025-11-13T02:16:22Z</time><extensions><gpxtpx:TrackPointExtension><gpxtpx:cad>0</gpxtpx:cad></gpxtpx:TrackPointExtension></extensions></trkpt><trkpt lat="15.5478080269" lon="73.7416121922"><ele>-2.27</ele><time>2025-11-13T02:16:27Z</time><extensions><gpxtpx:TrackPointExtension><gpxtpx:cad>0</gpxtpx:cad></gpxtpx:TrackPointExtension></extensions></trkpt><trkpt lat="15.5477200169" lon="73.7417407706"><ele>-2.27</ele><time>2025-11-13T02:16:32Z</time><extensions><gpxtpx:TrackPointExtension><gpxtpx:cad>0</gpxtpx:cad></gpxtpx:TrackPointExtension></extensions></trkpt><trkpt lat="15.5476378743" lon="73.7418725342"><ele>-2.27</ele><time>2025-11-13T02:16:37Z</time><extensions><gpxtpx:TrackPointExtension><gpxtpx:cad>0</gpxtpx:cad></gpxtpx:TrackPointExtension></extensions></trkpt><trkpt lat="15.5475534685" lon="73.7420053873"><ele>-2.27</ele><time>2025-11-13T02:16:42Z</time><extensions><gpxtpx:TrackPointExtension><gpxtpx:cad>0</gpxtpx:cad></gpxtpx:TrackPointExtension></extensions></trkpt><trkpt lat="15.5474620219" lon="73.7421410903"><ele>-2.27</ele><time>2025-11-13T02:16:47Z</time><extensions><gpxtpx:TrackPointExtension><gpxtpx:cad>0</gpxtpx:cad></gpxtpx:TrackPointExtension></extensions></trkpt><trkpt lat="15.5473798793" lon="73.7422675733"><ele>-2.27</ele><time>2025-11-13T02:16:52Z</time><extensions><gpxtpx:TrackPointExtension><gpxtpx:cad>0</gpxtpx:cad></gpxtpx:TrackPointExtension></extensions></trkpt><trkpt lat="15.5472852476" lon="73.7423960678"><ele>-2.27</ele><time>2025-11-13T02:16:57Z</time><extensions><gpxtpx:TrackPointExtension><gpxtpx:cad>0</gpxtpx:cad></gpxtpx:TrackPointExtension></extensions></trkpt><trkpt lat="15.5471977405" lon="73.7425217964"><ele>-2.27</ele><time>2025-11-13T02:17:02Z</time><extensions><gpxtpx:TrackPointExtension><gpxtpx:cad>0</gpxtpx:cad></gpxtpx:TrackPointExtension></extensions></trkpt><trkpt lat="15.5471010134" lon="73.7426549010"><ele>-2.27</ele><time>2025-11-13T02:17:07Z</time><extensions><gpxtpx:TrackPointExtension><gpxtpx:cad>0</gpxtpx:cad></gpxtpx:TrackPointExtension></extensions></trkpt><trkpt lat="15.5470120814" lon="73.7427850720"><ele>-2.27</ele><time>2025-11-13T02:17:12Z</time><extensions><gpxtpx:TrackPointExtension><gpxtpx:cad>0</gpxtpx:cad></gpxtpx:TrackPointExtension></extensions></trkpt><trkpt lat="15.5469251610" lon="73.7429111358"><ele>-1.79</ele><time>2025-11-13T02:17:17Z</time><extensions><gpxtpx:TrackPointExtension><gpxtpx:cad>0</gpxtpx:cad></gpxtpx:TrackPointExtension></extensions></trkpt><trkpt lat="15.5468285177" lon="73.7430463359"><ele>-1.30</ele><time>2025-11-13T02:17:22Z</time><extensions><gpxtpx:TrackPointExtension><gpxtpx:cad>0</gpxtpx:cad></gpxtpx:TrackPointExtension></extensions></trkpt><trkpt lat="15.5467448663" lon="73.7431702204"><ele>-0.82</ele><time>2025-11-13T02:17:27Z</time><extensions><gpxtpx:TrackPointExtension><gpxtpx:cad>0</gpxtpx:cad></gpxtpx:TrackPointExtension></extensions></trkpt><trkpt lat="15.5466555152" lon="73.7432971224"><ele>-0.34</ele><time>2025-11-13T02:17:32Z</time><extensions><gpxtpx:TrackPointExtension><gpxtpx:cad>0</gpxtpx:cad></gpxtpx:TrackPointExtension></extensions></trkpt><trkpt lat="15.5465662479" lon="73.7434286345"><ele>-0.82</ele><time>2025-11-13T02:17:37Z</time><extensions><gpxtpx:TrackPointExtension><gpxtpx:cad>0</gpxtpx:cad></gpxtpx:TrackPointExtension></extensions></trkpt><trkpt lat="15.5464804173" lon="73.7435492501"><ele>-1.30</ele><time>2025-11-13T02:17:42Z</time><extensions><gpxtpx:TrackPointExtension><gpxtpx:cad>0</gpxtpx:cad></gpxtpx:TrackPointExtension></extensions></trkpt><trkpt lat="15.5463878810" lon="73.7436782476"><ele>-1.30</ele><time>2025-11-13T02:17:47Z</time><extensions><gpxtpx:TrackPointExtension><gpxtpx:cad>0</gpxtpx:cad></gpxtpx:TrackPointExtension></extensions></trkpt><trkpt lat="15.5462909862" lon="73.7438066583"><ele>-0.82</ele><time>2025-11-13T02:17:52Z</time><extensions><gpxtpx:TrackPointExtension><gpxtpx:cad>0</gpxtpx:cad></gpxtpx:TrackPointExtension></extensions></trkpt><trkpt lat="15.5462153815" lon="73.7439400144"><ele>-1.30</ele><time>2025-11-13T02:17:57Z</time><extensions><gpxtpx:TrackPointExtension><gpxtpx:cad>0</gpxtpx:cad></gpxtpx:TrackPointExtension></extensions></trkpt><trkpt lat="15.5461324006" lon="73.7440690119"><ele>-1.30</ele><time>2025-11-13T02:18:02Z</time><extensions><gpxtpx:TrackPointExtension><gpxtpx:cad>0</gpxtpx:cad></gpxtpx:TrackPointExtension></extensions></trkpt><trkpt lat="15.5460426304" lon="73.7442032900"><ele>-1.30</ele><time>2025-11-13T02:18:07Z</time><extensions><gpxtpx:TrackPointExtension><gpxtpx:cad>0</gpxtpx:cad></gpxtpx:TrackPointExtension></extensions></trkpt><trkpt lat="15.5459682830" lon="73.7443347182"><ele>-0.82</ele><time>2025-11-13T02:18:12Z</time><extensions><gpxtpx:TrackPointExtension><gpxtpx:cad>0</gpxtpx:cad></gpxtpx:TrackPointExtension></extensions></trkpt><trkpt lat="15.5458920076" lon="73.7444651406"><ele>-0.82</ele><time>2025-11-13T02:18:17Z</time><extensions><gpxtpx:TrackPointExtension><gpxtpx:cad>0</gpxtpx:cad></gpxtpx:TrackPointExtension></extensions></trkpt><trkpt lat="15.5458070152" lon="73.7446059566"><ele>-0.82</ele><time>2025-11-13T02:18:22Z</time><extensions><gpxtpx:TrackPointExtension><gpxtpx:cad>0</gpxtpx:cad></gpxtpx:TrackPointExtension></extensions></trkpt><trkpt lat="15.5457384512" lon="73.7447230518"><ele>-1.30</ele><time>2025-11-13T02:18:27Z</time><extensions><gpxtpx:TrackPointExtension><gpxtpx:cad>0</gpxtpx:cad></gpxtpx:TrackPointExtension></extensions></trkpt><trkpt lat="15.5456736591" lon="73.7448283285"><ele>-1.30</ele><time>2025-11-13T02:18:32Z</time><extensions><gpxtpx:TrackPointExtension><gpxtpx:cad>0</gpxtpx:cad></gpxtpx:TrackPointExtension></extensions></trkpt><trkpt lat="15.5456042569" lon="73.7449320965"><ele>-0.82</ele><time>2025-11-13T02:18:37Z</time><extensions><gpxtpx:TrackPointExtension><gpxtpx:cad>0</gpxtpx:cad></gpxtpx:TrackPointExtension></extensions></trkpt><trkpt lat="15.5455364473" lon="73.7450310867"><ele>-0.82</ele><time>2025-11-13T02:18:42Z</time><extensions><gpxtpx:TrackPointExtension><gpxtpx:cad>0</gpxtpx:cad></gpxtpx:TrackPointExtension></extensions></trkpt><trkpt lat="15.5454695597" lon="73.7451258861"><ele>-0.82</ele><time>2025-11-13T02:18:47Z</time><extensions><gpxtpx:TrackPointExtension><gpxtpx:cad>0</gpxtpx:cad></gpxtpx:TrackPointExtension></extensions></trkpt><trkpt lat="15.5454047676" lon="73.7452200148"><ele>-0.82</ele><time>2025-11-13T02:18:52Z</time><extensions><gpxtpx:TrackPointExtension><gpxtpx:cad>0</gpxtpx:cad></gpxtpx:TrackPointExtension></extensions></trkpt><trkpt lat="15.5453391373" lon="73.7453161553"><ele>-0.82</ele><time>2025-11-13T02:18:57Z</time><extensions><gpxtpx:TrackPointExtension><gpxtpx:cad>0</gpxtpx:cad></gpxtpx:TrackPointExtension></extensions></trkpt><trkpt lat="15.5452743452" lon="73.7454023212"><ele>-0.82</ele><time>2025-11-13T02:19:02Z</time><extensions><gpxtpx:TrackPointExtension><gpxtpx:cad>0</gpxtpx:cad></gpxtpx:TrackPointExtension></extensions></trkpt><trkpt lat="15.5452059489" lon="73.7454832066"><ele>-0.82</ele><time>2025-11-13T02:19:07Z</time><extensions><gpxtpx:TrackPointExtension><gpxtpx:cad>0</gpxtpx:cad></gpxtpx:TrackPointExtension></extensions></trkpt><trkpt lat="15.5451409053" lon="73.7455526926"><ele>-0.82</ele><time>2025-11-13T02:19:12Z</time><extensions><gpxtpx:TrackPointExtension><gpxtpx:cad>0</gpxtpx:cad></gpxtpx:TrackPointExtension></extensions></trkpt><trkpt lat="15.5450841598" lon="73.7456133775"><ele>-0.34</ele><time>2025-11-13T02:19:17Z</time><extensions><gpxtpx:TrackPointExtension><gpxtpx:cad>0</gpxtpx:cad></gpxtpx:TrackPointExtension></extensions></trkpt><trkpt lat="15.5450323597" lon="73.7456700392"><ele>-0.34</ele><time>2025-11-13T02:19:22Z</time><extensions><gpxtpx:TrackPointExtension><gpxtpx:cad>0</gpxtpx:cad></gpxtpx:TrackPointExtension></extensions></trkpt><trkpt lat="15.5449846666" lon="73.7457135413"><ele>-0.82</ele><time>2025-11-13T02:19:27Z</time><extensions><gpxtpx:TrackPointExtension><gpxtpx:cad>0</gpxtpx:cad></gpxtpx:TrackPointExtension></extensions></trkpt><trkpt lat="15.5449397396" lon="73.7457574625"><ele>-0.82</ele><time>2025-11-13T02:19:32Z</time><extensions><gpxtpx:TrackPointExtension><gpxtpx:cad>0</gpxtpx:cad></gpxtpx:TrackPointExtension></extensions></trkpt><trkpt lat="15.5448958185" lon="73.7458010484"><ele>-0.82</ele><time>2025-11-13T02:19:37Z</time><extensions><gpxtpx:TrackPointExtension><gpxtpx:cad>0</gpxtpx:cad></gpxtpx:TrackPointExtension></extensions></trkpt><trkpt lat="15.5448557530" lon="73.7458419520"><ele>-0.82</ele><time>2025-11-13T02:19:42Z</time><extensions><gpxtpx:TrackPointExtension><gpxtpx:cad>0</gpxtpx:cad></gpxtpx:TrackPointExtension></extensions></trkpt><trkpt lat="15.5448240694" lon="73.7458690256"><ele>-0.34</ele><time>2025-11-13T02:19:47Z</time><extensions><gpxtpx:TrackPointExtension><gpxtpx:cad>0</gpxtpx:cad></gpxtpx:TrackPointExtension></extensions></trkpt><trkpt lat="15.5447929725" lon="73.7458877172"><ele>-0.34</ele><time>2025-11-13T02:19:52Z</time><extensions><gpxtpx:TrackPointExtension><gpxtpx:cad>0</gpxtpx:cad></gpxtpx:TrackPointExtension></extensions></trkpt><trkpt lat="15.5447625462" lon="73.7458971888"><ele>-0.34</ele><time>2025-11-13T02:19:57Z</time><extensions><gpxtpx:TrackPointExtension><gpxtpx:cad>0</gpxtpx:cad></gpxtpx:TrackPointExtension></extensions></trkpt><trkpt lat="15.5447317008" lon="73.7459039781"><ele>-0.34</ele><time>2025-11-13T02:20:02Z</time><extensions><gpxtpx:TrackPointExtension><gpxtpx:cad>0</gpxtpx:cad></gpxtpx:TrackPointExtension></extensions></trkpt><trkpt lat="15.5447015259" lon="73.7459067442"><ele>-0.82</ele><time>2025-11-13T02:20:07Z</time><extensions><gpxtpx:TrackPointExtension><gpxtpx:cad>0</gpxtpx:cad></gpxtpx:TrackPointExtension></extensions></trkpt><trkpt lat="15.5446725246" lon="73.7459158804"><ele>-0.82</ele><time>2025-11-13T02:20:12Z</time><extensions><gpxtpx:TrackPointExtension><gpxtpx:cad>0</gpxtpx:cad></gpxtpx:TrackPointExtension></extensions></trkpt><trkpt lat="15.5446417630" lon="73.7459236756"><ele>-1.30</ele><time>2025-11-13T02:20:17Z</time><extensions><gpxtpx:TrackPointExtension><gpxtpx:cad>0</gpxtpx:cad></gpxtpx:TrackPointExtension></extensions></trkpt><trkpt lat="15.5446063075" lon="73.7459356617"><ele>-1.30</ele><time>2025-11-13T02:20:22Z</time><extensions><gpxtpx:TrackPointExtension><gpxtpx:cad>0</gpxtpx:cad></gpxtpx:TrackPointExtension></extensions></trkpt><trkpt lat="15.5445767194" lon="73.7459485698"><ele>-0.82</ele><time>2025-11-13T02:20:27Z</time><extensions><gpxtpx:TrackPointExtension><gpxtpx:cad>0</gpxtpx:cad></gpxtpx:TrackPointExtension></extensions></trkpt><trkpt lat="15.5445516575" lon="73.7459525093"><ele>-1.30</ele><time>2025-11-13T02:20:32Z</time><extensions><gpxtpx:TrackPointExtension><gpxtpx:cad>0</gpxtpx:cad></gpxtpx:TrackPointExtension></extensions></trkpt><trkpt lat="15.5445291940" lon="73.7459541857"><ele>-0.82</ele><time>2025-11-13T02:20:37Z</time><extensions><gpxtpx:TrackPointExtension><gpxtpx:cad>0</gpxtpx:cad></gpxtpx:TrackPointExtension></extensions></trkpt><trkpt lat="15.5445063952" lon="73.7459518388"><ele>-0.82</ele><time>2025-11-13T02:20:42Z</time><extensions><gpxtpx:TrackPointExtension><gpxtpx:cad>0</gpxtpx:cad></gpxtpx:TrackPointExtension></extensions></trkpt><trkpt lat="15.5444919784" lon="73.7459472287"><ele>-0.82</ele><time>2025-11-13T02:20:47Z</time><extensions><gpxtpx:TrackPointExtension><gpxtpx:cad>0</gpxtpx:cad></gpxtpx:TrackPointExtension></extensions></trkpt><trkpt lat="15.5444897152" lon="73.7459463906"><ele>-0.82</ele><time>2025-11-13T02:20:52Z</time><extensions><gpxtpx:TrackPointExtension><gpxtpx:cad>0</gpxtpx:cad></gpxtpx:TrackPointExtension></extensions></trkpt><trkpt lat="15.5444835965" lon="73.7459440436"><ele>-0.34</ele><time>2025-11-13T02:20:57Z</time><extensions><gpxtpx:TrackPointExtension><gpxtpx:cad>0</gpxtpx:cad></gpxtpx:TrackPointExtension></extensions></trkpt><trkpt lat="15.5444745440" lon="73.7459359132"><ele>-1.30</ele><time>2025-11-13T02:21:02Z</time><extensions><gpxtpx:TrackPointExtension><gpxtpx:cad>0</gpxtpx:cad></gpxtpx:TrackPointExtension></extensions></trkpt><trkpt lat="15.5444655754" lon="73.7459325604"><ele>-1.30</ele><time>2025-11-13T02:21:07Z</time><extensions><gpxtpx:TrackPointExtension><gpxtpx:cad>0</gpxtpx:cad></gpxtpx:TrackPointExtension></extensions></trkpt><trkpt lat="15.5444540922" lon="73.7459251005"><ele>-1.30</ele><time>2025-11-13T02:21:12Z</time><extensions><gpxtpx:TrackPointExtension><gpxtpx:cad>0</gpxtpx:cad></gpxtpx:TrackPointExtension></extensions></trkpt><trkpt lat="15.5444445368" lon="73.7459166348"><ele>-1.79</ele><time>2025-11-13T02:21:17Z</time><extensions><gpxtpx:TrackPointExtension><gpxtpx:cad>0</gpxtpx:cad></gpxtpx:TrackPointExtension></extensions></trkpt><trkpt lat="15.5444342270" lon="73.7459080014"><ele>-2.27</ele><time>2025-11-13T02:21:22Z</time><extensions><gpxtpx:TrackPointExtension><gpxtpx:cad>0</gpxtpx:cad></gpxtpx:TrackPointExtension></extensions></trkpt><trkpt lat="15.5444266833" lon="73.7459004577"><ele>-2.75</ele><time>2025-11-13T02:21:27Z</time><extensions><gpxtpx:TrackPointExtension><gpxtpx:cad>0</gpxtpx:cad></gpxtpx:TrackPointExtension></extensions></trkpt><trkpt lat="15.5444194749" lon="73.7458918244"><ele>-3.23</ele><time>2025-11-13T02:21:32Z</time><extensions><gpxtpx:TrackPointExtension><gpxtpx:cad>0</gpxtpx:cad></gpxtpx:TrackPointExtension></extensions></trkpt><trkpt lat="15.5444119312" lon="73.7458857056"><ele>-3.23</ele><time>2025-11-13T02:21:36Z</time><extensions><gpxtpx:TrackPointExtension><gpxtpx:cad>0</gpxtpx:cad></gpxtpx:TrackPointExtension></extensions></trkpt><trkpt lat="15.5444013700" lon="73.7458753958"><ele>-3.23</ele><time>2025-11-13T02:21:42Z</time><extensions><gpxtpx:TrackPointExtension><gpxtpx:cad>0</gpxtpx:cad></gpxtpx:TrackPointExtension></extensions></trkpt><trkpt lat="15.5443968438" lon="73.7458687741"><ele>-3.23</ele><time>2025-11-13T02:21:47Z</time><extensions><gpxtpx:TrackPointExtension><gpxtpx:cad>0</gpxtpx:cad></gpxtpx:TrackPointExtension></extensions></trkpt><trkpt lat="15.5443928204" lon="73.7458636612"><ele>-3.23</ele><time>2025-11-13T02:21:52Z</time><extensions><gpxtpx:TrackPointExtension><gpxtpx:cad>0</gpxtpx:cad></gpxtpx:TrackPointExtension></extensions></trkpt><trkpt lat="15.5443858635" lon="73.7458557822"><ele>-3.23</ele><time>2025-11-13T02:21:57Z</time><extensions><gpxtpx:TrackPointExtension><gpxtpx:cad>0</gpxtpx:cad></gpxtpx:TrackPointExtension></extensions></trkpt><trkpt lat="15.5443785712" lon="73.7458455563"><ele>-3.23</ele><time>2025-11-13T02:22:02Z</time><extensions><gpxtpx:TrackPointExtension><gpxtpx:cad>0</gpxtpx:cad></gpxtpx:TrackPointExtension></extensions></trkpt><trkpt lat="15.5443720333" lon="73.7458342407"><ele>-3.71</ele><time>2025-11-13T02:22:07Z</time><extensions><gpxtpx:TrackPointExtension><gpxtpx:cad>0</gpxtpx:cad></gpxtpx:TrackPointExtension></extensions></trkpt><trkpt lat="15.5443649087" lon="73.7458226737"><ele>-3.71</ele><time>2025-11-13T02:22:12Z</time><extensions><gpxtpx:TrackPointExtension><gpxtpx:cad>0</gpxtpx:cad></gpxtpx:TrackPointExtension></extensions></trkpt><trkpt lat="15.5443569459" lon="73.7458129507"><ele>-3.71</ele><time>2025-11-13T02:22:17Z</time><extensions><gpxtpx:TrackPointExtension><gpxtpx:cad>0</gpxtpx:cad></gpxtpx:TrackPointExtension></extensions></trkpt><trkpt lat="15.5443486478" lon="73.7458028924"><ele>-3.71</ele><time>2025-11-13T02:22:22Z</time><extensions><gpxtpx:TrackPointExtension><gpxtpx:cad>0</gpxtpx:cad></gpxtpx:TrackPointExtension></extensions></trkpt><trkpt lat="15.5443382543" lon="73.7457908224"><ele>-3.71</ele><time>2025-11-13T02:22:27Z</time><extensions><gpxtpx:TrackPointExtension><gpxtpx:cad>0</gpxtpx:cad></gpxtpx:TrackPointExtension></extensions></trkpt><trkpt lat="15.5443232507" lon="73.7457826082"><ele>-3.23</ele><time>2025-11-13T02:22:32Z</time><extensions><gpxtpx:TrackPointExtension><gpxtpx:cad>0</gpxtpx:cad></gpxtpx:TrackPointExtension></extensions></trkpt><trkpt lat="15.5442666728" lon="73.7457821891"><ele>-3.71</ele><time>2025-11-13T02:22:37Z</time><extensions><gpxtpx:TrackPointExtension><gpxtpx:cad>0</gpxtpx:cad></gpxtpx:TrackPointExtension></extensions></trkpt><trkpt lat="15.5442047305" lon="73.7457900681"><ele>-3.23</ele><time>2025-11-13T02:22:42Z</time><extensions><gpxtpx:TrackPointExtension><gpxtpx:cad>0</gpxtpx:cad></gpxtpx:TrackPointExtension></extensions></trkpt><trkpt lat="15.5441411957" lon="73.7458038982"><ele>-3.23</ele><time>2025-11-13T02:22:47Z</time><extensions><gpxtpx:TrackPointExtension><gpxtpx:cad>0</gpxtpx:cad></gpxtpx:TrackPointExtension></extensions></trkpt><trkpt lat="15.5440841988" lon="73.7458261941"><ele>-3.23</ele><time>2025-11-13T02:22:52Z</time><extensions><gpxtpx:TrackPointExtension><gpxtpx:cad>0</gpxtpx:cad></gpxtpx:TrackPointExtension></extensions></trkpt><trkpt lat="15.5440343264" lon="73.7458640803"><ele>-2.27</ele><time>2025-11-13T02:22:57Z</time><extensions><gpxtpx:TrackPointExtension><gpxtpx:cad>0</gpxtpx:cad></gpxtpx:TrackPointExtension></extensions></trkpt><trkpt lat="15.5439873040" lon="73.7459051516"><ele>-1.79</ele><time>2025-11-13T02:23:02Z</time><extensions><gpxtpx:TrackPointExtension><gpxtpx:cad>0</gpxtpx:cad></gpxtpx:TrackPointExtension></extensions></trkpt><trkpt lat="15.5439453945" lon="73.7459440436"><ele>-2.27</ele><time>2025-11-13T02:23:07Z</time><extensions><gpxtpx:TrackPointExtension><gpxtpx:cad>0</gpxtpx:cad></gpxtpx:TrackPointExtension></extensions></trkpt><trkpt lat="15.5439122021" lon="73.7459920719"><ele>-2.27</ele><time>2025-11-13T02:23:12Z</time><extensions><gpxtpx:TrackPointExtension><gpxtpx:cad>0</gpxtpx:cad></gpxtpx:TrackPointExtension></extensions></trkpt><trkpt lat="15.5438708793" lon="73.7460307963"><ele>-2.27</ele><time>2025-11-13T02:23:17Z</time><extensions><gpxtpx:TrackPointExtension><gpxtpx:cad>0</gpxtpx:cad></gpxtpx:TrackPointExtension></extensions></trkpt><trkpt lat="15.5438213423" lon="73.7460706104"><ele>-2.27</ele><time>2025-11-13T02:23:22Z</time><extensions><gpxtpx:TrackPointExtension><gpxtpx:cad>0</gpxtpx:cad></gpxtpx:TrackPointExtension></extensions></trkpt><trkpt lat="15.5437709671" lon="73.7461113464"><ele>-2.27</ele><time>2025-11-13T02:23:27Z</time><extensions><gpxtpx:TrackPointExtension><gpxtpx:cad>0</gpxtpx:cad></gpxtpx:TrackPointExtension></extensions></trkpt><trkpt lat="15.5437216815" lon="73.7461414374"><ele>-2.27</ele><time>2025-11-13T02:23:32Z</time><extensions><gpxtpx:TrackPointExtension><gpxtpx:cad>0</gpxtpx:cad></gpxtpx:TrackPointExtension></extensions></trkpt><trkpt lat="15.5436760001" lon="73.7461700197"><ele>-2.27</ele><time>2025-11-13T02:23:37Z</time><extensions><gpxtpx:TrackPointExtension><gpxtpx:cad>0</gpxtpx:cad></gpxtpx:TrackPointExtension></extensions></trkpt><trkpt lat="15.5436287262" lon="73.7462038826"><ele>-2.27</ele><time>2025-11-13T02:23:42Z</time><extensions><gpxtpx:TrackPointExtension><gpxtpx:cad>0</gpxtpx:cad></gpxtpx:TrackPointExtension></extensions></trkpt><trkpt lat="15.5435826257" lon="73.7462345604"><ele>-2.27</ele><time>2025-11-13T02:23:47Z</time><extensions><gpxtpx:TrackPointExtension><gpxtpx:cad>0</gpxtpx:cad></gpxtpx:TrackPointExtension></extensions></trkpt><trkpt lat="15.5435388722" lon="73.7462669145"><ele>-2.27</ele><time>2025-11-13T02:23:52Z</time><extensions><gpxtpx:TrackPointExtension><gpxtpx:cad>0</gpxtpx:cad></gpxtpx:TrackPointExtension></extensions></trkpt><trkpt lat="15.5434991419" lon="73.7462920602"><ele>-2.27</ele><time>2025-11-13T02:23:57Z</time><extensions><gpxtpx:TrackPointExtension><gpxtpx:cad>0</gpxtpx:cad></gpxtpx:TrackPointExtension></extensions></trkpt><trkpt lat="15.5434633512" lon="73.7463175412"><ele>-2.27</ele><time>2025-11-13T02:24:02Z</time><extensions><gpxtpx:TrackPointExtension><gpxtpx:cad>0</gpxtpx:cad></gpxtpx:TrackPointExtension></extensions></trkpt><trkpt lat="15.5434249621" lon="73.7463422678"><ele>-2.27</ele><time>2025-11-13T02:24:07Z</time><extensions><gpxtpx:TrackPointExtension><gpxtpx:cad>0</gpxtpx:cad></gpxtpx:TrackPointExtension></extensions></trkpt><trkpt lat="15.5433892552" lon="73.7463640608"><ele>-2.27</ele><time>2025-11-13T02:24:12Z</time><extensions><gpxtpx:TrackPointExtension><gpxtpx:cad>0</gpxtpx:cad></gpxtpx:TrackPointExtension></extensions></trkpt><trkpt lat="15.5433586612" lon="73.7463763822"><ele>-1.79</ele><time>2025-11-13T02:24:17Z</time><extensions><gpxtpx:TrackPointExtension><gpxtpx:cad>0</gpxtpx:cad></gpxtpx:TrackPointExtension></extensions></trkpt><trkpt lat="15.5433346890" lon="73.7463805731"><ele>-2.27</ele><time>2025-11-13T02:24:22Z</time><extensions><gpxtpx:TrackPointExtension><gpxtpx:cad>0</gpxtpx:cad></gpxtpx:TrackPointExtension></extensions></trkpt><trkpt lat="15.5433123931" lon="73.7463836744"><ele>-2.27</ele><time>2025-11-13T02:24:27Z</time><extensions><gpxtpx:TrackPointExtension><gpxtpx:cad>0</gpxtpx:cad></gpxtpx:TrackPointExtension></extensions></trkpt><trkpt lat="15.5433002394" lon="73.7463808246"><ele>-2.27</ele><time>2025-11-13T02:24:32Z</time><extensions><gpxtpx:TrackPointExtension><gpxtpx:cad>0</gpxtpx:cad></gpxtpx:TrackPointExtension></extensions></trkpt><trkpt lat="15.5432969704" lon="73.7463770527"><ele>-2.27</ele><time>2025-11-13T02:24:37Z</time><extensions><gpxtpx:TrackPointExtension><gpxtpx:cad>0</gpxtpx:cad></gpxtpx:TrackPointExtension></extensions></trkpt><trkpt lat="15.5432914384" lon="73.7463757955"><ele>-2.27</ele><time>2025-11-13T02:24:42Z</time><extensions><gpxtpx:TrackPointExtension><gpxtpx:cad>0</gpxtpx:cad></gpxtpx:TrackPointExtension></extensions></trkpt><trkpt lat="15.5432847328" lon="73.7463752925"><ele>-2.27</ele><time>2025-11-13T02:24:47Z</time><extensions><gpxtpx:TrackPointExtension><gpxtpx:cad>0</gpxtpx:cad></gpxtpx:TrackPointExtension></extensions></trkpt><trkpt lat="15.5432476848" lon="73.7463838421"><ele>-2.27</ele><time>2025-11-13T02:24:52Z</time><extensions><gpxtpx:TrackPointExtension><gpxtpx:cad>0</gpxtpx:cad></gpxtpx:TrackPointExtension></extensions></trkpt><trkpt lat="15.5431885086" lon="73.7464261707"><ele>-2.75</ele><time>2025-11-13T02:24:57Z</time><extensions><gpxtpx:TrackPointExtension><gpxtpx:cad>0</gpxtpx:cad></gpxtpx:TrackPointExtension></extensions></trkpt><trkpt lat="15.5431224592" lon="73.7464885321"><ele>-2.27</ele><time>2025-11-13T02:25:02Z</time><extensions><gpxtpx:TrackPointExtension><gpxtpx:cad>0</gpxtpx:cad></gpxtpx:TrackPointExtension></extensions></trkpt><trkpt lat="15.5430708267" lon="73.7465639692"><ele>-2.27</ele><time>2025-11-13T02:25:07Z</time><extensions><gpxtpx:TrackPointExtension><gpxtpx:cad>0</gpxtpx:cad></gpxtpx:TrackPointExtension></extensions></trkpt><trkpt lat="15.5429994129" lon="73.7466537394"><ele>-2.27</ele><time>2025-11-13T02:25:12Z</time><extensions><gpxtpx:TrackPointExtension><gpxtpx:cad>0</gpxtpx:cad></gpxtpx:TrackPointExtension></extensions></trkpt><trkpt lat="15.5429334473" lon="73.7467506342"><ele>-2.75</ele><time>2025-11-13T02:25:17Z</time><extensions><gpxtpx:TrackPointExtension><gpxtpx:cad>0</gpxtpx:cad></gpxtpx:TrackPointExtension></extensions></trkpt><trkpt lat="15.5428643804" lon="73.7468575034"><ele>-2.75</ele><time>2025-11-13T02:25:22Z</time><extensions><gpxtpx:TrackPointExtension><gpxtpx:cad>0</gpxtpx:cad></gpxtpx:TrackPointExtension></extensions></trkpt><trkpt lat="15.5427967384" lon="73.7469616905"><ele>-2.75</ele><time>2025-11-13T02:25:27Z</time><extensions><gpxtpx:TrackPointExtension><gpxtpx:cad>0</gpxtpx:cad></gpxtpx:TrackPointExtension></extensions></trkpt><trkpt lat="15.5427293479" lon="73.7470740918"><ele>-2.75</ele><time>2025-11-13T02:25:32Z</time><extensions><gpxtpx:TrackPointExtension><gpxtpx:cad>0</gpxtpx:cad></gpxtpx:TrackPointExtension></extensions></trkpt><trkpt lat="15.5426620413" lon="73.7471830565"><ele>-3.23</ele><time>2025-11-13T02:25:37Z</time><extensions><gpxtpx:TrackPointExtension><gpxtpx:cad>0</gpxtpx:cad></gpxtpx:TrackPointExtension></extensions></trkpt><trkpt lat="15.5425901245" lon="73.7472975533"><ele>-3.23</ele><time>2025-11-13T02:25:42Z</time><extensions><gpxtpx:TrackPointExtension><gpxtpx:cad>0</gpxtpx:cad></gpxtpx:TrackPointExtension></extensions></trkpt><trkpt lat="15.5425218120" lon="73.7474066019"><ele>-3.23</ele><time>2025-11-13T02:25:47Z</time><extensions><gpxtpx:TrackPointExtension><gpxtpx:cad>0</gpxtpx:cad></gpxtpx:TrackPointExtension></extensions></trkpt><trkpt lat="15.5424566008" lon="73.7475178298"><ele>-2.75</ele><time>2025-11-13T02:25:52Z</time><extensions><gpxtpx:TrackPointExtension><gpxtpx:cad>0</gpxtpx:cad></gpxtpx:TrackPointExtension></extensions></trkpt><trkpt lat="15.5423871987" lon="73.7476345897"><ele>-2.75</ele><time>2025-11-13T02:25:57Z</time><extensions><gpxtpx:TrackPointExtension><gpxtpx:cad>0</gpxtpx:cad></gpxtpx:TrackPointExtension></extensions></trkpt><trkpt lat="15.5423183832" lon="73.7477517687"><ele>-2.75</ele><time>2025-11-13T02:26:02Z</time><extensions><gpxtpx:TrackPointExtension><gpxtpx:cad>0</gpxtpx:cad></gpxtpx:TrackPointExtension></extensions></trkpt><trkpt lat="15.5422523338" lon="73.7478655111"><ele>-2.75</ele><time>2025-11-13T02:26:07Z</time><extensions><gpxtpx:TrackPointExtension><gpxtpx:cad>0</gpxtpx:cad></gpxtpx:TrackPointExtension></extensions></trkpt><trkpt lat="15.5421849433" lon="73.7479834445"><ele>-2.75</ele><time>2025-11-13T02:26:12Z</time><extensions><gpxtpx:TrackPointExtension><gpxtpx:cad>0</gpxtpx:cad></gpxtpx:TrackPointExtension></extensions></trkpt><trkpt lat="15.5421239231" lon="73.7480968516"><ele>-2.75</ele><time>2025-11-13T02:26:17Z</time><extensions><gpxtpx:TrackPointExtension><gpxtpx:cad>0</gpxtpx:cad></gpxtpx:TrackPointExtension></extensions></trkpt><trkpt lat="15.5420624837" lon="73.7482172158"><ele>-2.75</ele><time>2025-11-13T02:26:22Z</time><extensions><gpxtpx:TrackPointExtension><gpxtpx:cad>0</gpxtpx:cad></gpxtpx:TrackPointExtension></extensions></trkpt><trkpt lat="15.5420032237" lon="73.7483330537"><ele>-3.23</ele><time>2025-11-13T02:26:27Z</time><extensions><gpxtpx:TrackPointExtension><gpxtpx:cad>0</gpxtpx:cad></gpxtpx:TrackPointExtension></extensions></trkpt><trkpt lat="15.5419404432" lon="73.7484534178"><ele>-2.75</ele><time>2025-11-13T02:26:32Z</time><extensions><gpxtpx:TrackPointExtension><gpxtpx:cad>0</gpxtpx:cad></gpxtpx:TrackPointExtension></extensions></trkpt><trkpt lat="15.5418900680" lon="73.7485788949"><ele>-3.23</ele><time>2025-11-13T02:26:37Z</time><extensions><gpxtpx:TrackPointExtension><gpxtpx:cad>0</gpxtpx:cad></gpxtpx:TrackPointExtension></extensions></trkpt><trkpt lat="15.5418380164" lon="73.7487030309"><ele>-3.23</ele><time>2025-11-13T02:26:42Z</time><extensions><gpxtpx:TrackPointExtension><gpxtpx:cad>0</gpxtpx:cad></gpxtpx:TrackPointExtension></extensions></trkpt><trkpt lat="15.5417888146" lon="73.7488298491"><ele>-3.23</ele><time>2025-11-13T02:26:47Z</time><extensions><gpxtpx:TrackPointExtension><gpxtpx:cad>0</gpxtpx:cad></gpxtpx:TrackPointExtension></extensions></trkpt><trkpt lat="15.5417385232" lon="73.7489575893"><ele>-2.75</ele><time>2025-11-13T02:26:52Z</time><extensions><gpxtpx:TrackPointExtension><gpxtpx:cad>0</gpxtpx:cad></gpxtpx:TrackPointExtension></extensions></trkpt><trkpt lat="15.5416847114" lon="73.7490757741"><ele>-3.23</ele><time>2025-11-13T02:26:57Z</time><extensions><gpxtpx:TrackPointExtension><gpxtpx:cad>0</gpxtpx:cad></gpxtpx:TrackPointExtension></extensions></trkpt><trkpt lat="15.5416325759" lon="73.7492039334"><ele>-2.75</ele><time>2025-11-13T02:27:02Z</time><extensions><gpxtpx:TrackPointExtension><gpxtpx:cad>0</gpxtpx:cad></gpxtpx:TrackPointExtension></extensions></trkpt><trkpt lat="15.5415790994" lon="73.7493258063"><ele>-2.27</ele><time>2025-11-13T02:27:07Z</time><extensions><gpxtpx:TrackPointExtension><gpxtpx:cad>0</gpxtpx:cad></gpxtpx:TrackPointExtension></extensions></trkpt><trkpt lat="15.5415168218" lon="73.7494449969"><ele>-2.75</ele><time>2025-11-13T02:27:12Z</time><extensions><gpxtpx:TrackPointExtension><gpxtpx:cad>0</gpxtpx:cad></gpxtpx:TrackPointExtension></extensions></trkpt><trkpt lat="15.5414630938" lon="73.7495652772"><ele>-2.75</ele><time>2025-11-13T02:27:17Z</time><extensions><gpxtpx:TrackPointExtension><gpxtpx:cad>0</gpxtpx:cad></gpxtpx:TrackPointExtension></extensions></trkpt><trkpt lat="15.5414060131" lon="73.7496911734"><ele>-2.75</ele><time>2025-11-13T02:27:22Z</time><extensions><gpxtpx:TrackPointExtension><gpxtpx:cad>0</gpxtpx:cad></gpxtpx:TrackPointExtension></extensions></trkpt><trkpt lat="15.5413484294" lon="73.7498048320"><ele>-2.75</ele><time>2025-11-13T02:27:27Z</time><extensions><gpxtpx:TrackPointExtension><gpxtpx:cad>0</gpxtpx:cad></gpxtpx:TrackPointExtension></extensions></trkpt><trkpt lat="15.5412893370" lon="73.7499330752"><ele>-2.27</ele><time>2025-11-13T02:27:32Z</time><extensions><gpxtpx:TrackPointExtension><gpxtpx:cad>0</gpxtpx:cad></gpxtpx:TrackPointExtension></extensions></trkpt><trkpt lat="15.5412370339" lon="73.7500588875"><ele>-2.27</ele><time>2025-11-13T02:27:37Z</time><extensions><gpxtpx:TrackPointExtension><gpxtpx:cad>0</gpxtpx:cad></gpxtpx:TrackPointExtension></extensions></trkpt><trkpt lat="15.5411803722" lon="73.7501836102"><ele>-2.27</ele><time>2025-11-13T02:27:42Z</time><extensions><gpxtpx:TrackPointExtension><gpxtpx:cad>0</gpxtpx:cad></gpxtpx:TrackPointExtension></extensions></trkpt><trkpt lat="15.5411258060" lon="73.7503048126"><ele>-2.27</ele><time>2025-11-13T02:27:47Z</time><extensions><gpxtpx:TrackPointExtension><gpxtpx:cad>0</gpxtpx:cad></gpxtpx:TrackPointExtension></extensions></trkpt><trkpt lat="15.5410697311" lon="73.7504348159"><ele>-2.27</ele><time>2025-11-13T02:27:52Z</time><extensions><gpxtpx:TrackPointExtension><gpxtpx:cad>0</gpxtpx:cad></gpxtpx:TrackPointExtension></extensions></trkpt><trkpt lat="15.5410135724" lon="73.7505595386"><ele>-2.27</ele><time>2025-11-13T02:27:57Z</time><extensions><gpxtpx:TrackPointExtension><gpxtpx:cad>0</gpxtpx:cad></gpxtpx:TrackPointExtension></extensions></trkpt><trkpt lat="15.5409616884" lon="73.7506791484"><ele>-2.27</ele><time>2025-11-13T02:28:02Z</time><extensions><gpxtpx:TrackPointExtension><gpxtpx:cad>0</gpxtpx:cad></gpxtpx:TrackPointExtension></extensions></trkpt><trkpt lat="15.5409076251" lon="73.7508094870"><ele>-2.27</ele><time>2025-11-13T02:28:07Z</time><extensions><gpxtpx:TrackPointExtension><gpxtpx:cad>0</gpxtpx:cad></gpxtpx:TrackPointExtension></extensions></trkpt><trkpt lat="15.5408566631" lon="73.7509319466"><ele>-2.27</ele><time>2025-11-13T02:28:12Z</time><extensions><gpxtpx:TrackPointExtension><gpxtpx:cad>0</gpxtpx:cad></gpxtpx:TrackPointExtension></extensions></trkpt><trkpt lat="15.5407966487" lon="73.7510563340"><ele>-2.27</ele><time>2025-11-13T02:28:17Z</time><extensions><gpxtpx:TrackPointExtension><gpxtpx:cad>0</gpxtpx:cad></gpxtpx:TrackPointExtension></extensions></trkpt><trkpt lat="15.5407410767" lon="73.7511851639"><ele>-2.27</ele><time>2025-11-13T02:28:22Z</time><extensions><gpxtpx:TrackPointExtension><gpxtpx:cad>0</gpxtpx:cad></gpxtpx:TrackPointExtension></extensions></trkpt><trkpt lat="15.5406798050" lon="73.7513071205"><ele>-2.27</ele><time>2025-11-13T02:28:27Z</time><extensions><gpxtpx:TrackPointExtension><gpxtpx:cad>0</gpxtpx:cad></gpxtpx:TrackPointExtension></extensions></trkpt><trkpt lat="15.5406229757" lon="73.7514316756"><ele>-1.79</ele><time>2025-11-13T02:28:32Z</time><extensions><gpxtpx:TrackPointExtension><gpxtpx:cad>0</gpxtpx:cad></gpxtpx:TrackPointExtension></extensions></trkpt><trkpt lat="15.5405654758" lon="73.7515550572"><ele>-1.79</ele><time>2025-11-13T02:28:37Z</time><extensions><gpxtpx:TrackPointExtension><gpxtpx:cad>0</gpxtpx:cad></gpxtpx:TrackPointExtension></extensions></trkpt><trkpt lat="15.5405126698" lon="73.7516755890"><ele>-1.79</ele><time>2025-11-13T02:28:42Z</time><extensions><gpxtpx:TrackPointExtension><gpxtpx:cad>0</gpxtpx:cad></gpxtpx:TrackPointExtension></extensions></trkpt><trkpt lat="15.5404619593" lon="73.7518053409"><ele>-1.79</ele><time>2025-11-13T02:28:47Z</time><extensions><gpxtpx:TrackPointExtension><gpxtpx:cad>0</gpxtpx:cad></gpxtpx:TrackPointExtension></extensions></trkpt><trkpt lat="15.5404130928" lon="73.7519317400"><ele>-1.79</ele><time>2025-11-13T02:28:52Z</time><extensions><gpxtpx:TrackPointExtension><gpxtpx:cad>0</gpxtpx:cad></gpxtpx:TrackPointExtension></extensions></trkpt><trkpt lat="15.5403610412" lon="73.7520633359"><ele>-1.79</ele><time>2025-11-13T02:28:57Z</time><extensions><gpxtpx:TrackPointExtension><gpxtpx:cad>0</gpxtpx:cad></gpxtpx:TrackPointExtension></extensions></trkpt><trkpt lat="15.5403033737" lon="73.7521819398"><ele>-1.79</ele><time>2025-11-13T02:29:02Z</time><extensions><gpxtpx:TrackPointExtension><gpxtpx:cad>0</gpxtpx:cad></gpxtpx:TrackPointExtension></extensions></trkpt><trkpt lat="15.5402433593" lon="73.7523028906"><ele>-1.30</ele><time>2025-11-13T02:29:07Z</time><extensions><gpxtpx:TrackPointExtension><gpxtpx:cad>0</gpxtpx:cad></gpxtpx:TrackPointExtension></extensions></trkpt><trkpt lat="15.5401814170" lon="73.7524229195"><ele>-1.79</ele><time>2025-11-13T02:29:12Z</time><extensions><gpxtpx:TrackPointExtension><gpxtpx:cad>0</gpxtpx:cad></gpxtpx:TrackPointExtension></extensions></trkpt><trkpt lat="15.5401095841" lon="73.7525416072"><ele>-1.79</ele><time>2025-11-13T02:29:17Z</time><extensions><gpxtpx:TrackPointExtension><gpxtpx:cad>0</gpxtpx:cad></gpxtpx:TrackPointExtension></extensions></trkpt><trkpt lat="15.5400410201" lon="73.7526536733"><ele>-1.79</ele><time>2025-11-13T02:29:22Z</time><extensions><gpxtpx:TrackPointExtension><gpxtpx:cad>0</gpxtpx:cad></gpxtpx:TrackPointExtension></extensions></trkpt><trkpt lat="15.5399648286" lon="73.7527705170"><ele>-1.79</ele><time>2025-11-13T02:29:27Z</time><extensions><gpxtpx:TrackPointExtension><gpxtpx:cad>0</gpxtpx:cad></gpxtpx:TrackPointExtension></extensions></trkpt><trkpt lat="15.5398862064" lon="73.7528792303"><ele>-1.79</ele><time>2025-11-13T02:29:32Z</time><extensions><gpxtpx:TrackPointExtension><gpxtpx:cad>0</gpxtpx:cad></gpxtpx:TrackPointExtension></extensions></trkpt><trkpt lat="15.5398070812" lon="73.7529909611"><ele>-1.79</ele><time>2025-11-13T02:29:37Z</time><extensions><gpxtpx:TrackPointExtension><gpxtpx:cad>0</gpxtpx:cad></gpxtpx:TrackPointExtension></extensions></trkpt><trkpt lat="15.5397246033" lon="73.7530969921"><ele>-1.79</ele><time>2025-11-13T02:29:42Z</time><extensions><gpxtpx:TrackPointExtension><gpxtpx:cad>0</gpxtpx:cad></gpxtpx:TrackPointExtension></extensions></trkpt><trkpt lat="15.5396331567" lon="73.7532019336"><ele>-1.79</ele><time>2025-11-13T02:29:47Z</time><extensions><gpxtpx:TrackPointExtension><gpxtpx:cad>0</gpxtpx:cad></gpxtpx:TrackPointExtension></extensions></trkpt><trkpt lat="15.5395343341" lon="73.7532978225"><ele>-1.79</ele><time>2025-11-13T02:29:52Z</time><extensions><gpxtpx:TrackPointExtension><gpxtpx:cad>0</gpxtpx:cad></gpxtpx:TrackPointExtension></extensions></trkpt><trkpt lat="15.5394238606" lon="73.7533808872"><ele>-2.27</ele><time>2025-11-13T02:29:57Z</time><extensions><gpxtpx:TrackPointExtension><gpxtpx:cad>0</gpxtpx:cad></gpxtpx:TrackPointExtension></extensions></trkpt><trkpt lat="15.5393084418" lon="73.7534573302"><ele>-1.79</ele><time>2025-11-13T02:30:02Z</time><extensions><gpxtpx:TrackPointExtension><gpxtpx:cad>0</gpxtpx:cad></gpxtpx:TrackPointExtension></extensions></trkpt><trkpt lat="15.5391884968" lon="73.7535201106"><ele>-1.79</ele><time>2025-11-13T02:30:07Z</time><extensions><gpxtpx:TrackPointExtension><gpxtpx:cad>0</gpxtpx:cad></gpxtpx:TrackPointExtension></extensions></trkpt><trkpt lat="15.5390439928" lon="73.7535809632"><ele>-1.79</ele><time>2025-11-13T02:30:13Z</time><extensions><gpxtpx:TrackPointExtension><gpxtpx:cad>0</gpxtpx:cad></gpxtpx:TrackPointExtension></extensions></trkpt><trkpt lat="15.5389142409" lon="73.7536232919"><ele>-1.79</ele><time>2025-11-13T02:30:18Z</time><extensions><gpxtpx:TrackPointExtension><gpxtpx:cad>0</gpxtpx:cad></gpxtpx:TrackPointExtension></extensions></trkpt><trkpt lat="15.5387792084" lon="73.7536639441"><ele>-1.30</ele><time>2025-11-13T02:30:23Z</time><extensions><gpxtpx:TrackPointExtension><gpxtpx:cad>0</gpxtpx:cad></gpxtpx:TrackPointExtension></extensions></trkpt><trkpt lat="15.5386487860" lon="73.7536945380"><ele>-1.30</ele><time>2025-11-13T02:30:28Z</time><extensions><gpxtpx:TrackPointExtension><gpxtpx:cad>0</gpxtpx:cad></gpxtpx:TrackPointExtension></extensions></trkpt><trkpt lat="15.5385194533" lon="73.7537246291"><ele>-1.79</ele><time>2025-11-13T02:30:33Z</time><extensions><gpxtpx:TrackPointExtension><gpxtpx:cad>0</gpxtpx:cad></gpxtpx:TrackPointExtension></extensions></trkpt><trkpt lat="15.5383882765" lon="73.7537469249"><ele>-1.79</ele><time>2025-11-13T02:30:38Z</time><extensions><gpxtpx:TrackPointExtension><gpxtpx:cad>0</gpxtpx:cad></gpxtpx:TrackPointExtension></extensions></trkpt><trkpt lat="15.5382498074" lon="73.7537700590"><ele>-1.79</ele><time>2025-11-13T02:30:43Z</time><extensions><gpxtpx:TrackPointExtension><gpxtpx:cad>0</gpxtpx:cad></gpxtpx:TrackPointExtension></extensions></trkpt><trkpt lat="15.5381141044" lon="73.7537828833"><ele>-1.79</ele><time>2025-11-13T02:30:48Z</time><extensions><gpxtpx:TrackPointExtension><gpxtpx:cad>0</gpxtpx:cad></gpxtpx:TrackPointExtension></extensions></trkpt><trkpt lat="15.5379782338" lon="73.7537977193"><ele>-2.75</ele><time>2025-11-13T02:30:53Z</time><extensions><gpxtpx:TrackPointExtension><gpxtpx:cad>0</gpxtpx:cad></gpxtpx:TrackPointExtension></extensions></trkpt><trkpt lat="15.5378469732" lon="73.7538021617"><ele>-2.75</ele><time>2025-11-13T02:30:58Z</time><extensions><gpxtpx:TrackPointExtension><gpxtpx:cad>0</gpxtpx:cad></gpxtpx:TrackPointExtension></extensions></trkpt><trkpt lat="15.5377208255" lon="73.7537688855"><ele>-2.27</ele><time>2025-11-13T02:31:03Z</time><extensions><gpxtpx:TrackPointExtension><gpxtpx:cad>0</gpxtpx:cad></gpxtpx:TrackPointExtension></extensions></trkpt><trkpt lat="15.5376085080" lon="73.7537000701"><ele>-2.27</ele><time>2025-11-13T02:31:08Z</time><extensions><gpxtpx:TrackPointExtension><gpxtpx:cad>0</gpxtpx:cad></gpxtpx:TrackPointExtension></extensions></trkpt><trkpt lat="15.5374966096" lon="73.7536213640"><ele>-2.27</ele><time>2025-11-13T02:31:13Z</time><extensions><gpxtpx:TrackPointExtension><gpxtpx:cad>0</gpxtpx:cad></gpxtpx:TrackPointExtension></extensions></trkpt><trkpt lat="15.5373767484" lon="73.7535460107"><ele>-2.27</ele><time>2025-11-13T02:31:18Z</time><extensions><gpxtpx:TrackPointExtension><gpxtpx:cad>0</gpxtpx:cad></gpxtpx:TrackPointExtension></extensions></trkpt><trkpt lat="15.5372542888" lon="73.7534813024"><ele>-1.79</ele><time>2025-11-13T02:31:23Z</time><extensions><gpxtpx:TrackPointExtension><gpxtpx:cad>0</gpxtpx:cad></gpxtpx:TrackPointExtension></extensions></trkpt><trkpt lat="15.5371307395" lon="73.7534146663"><ele>-1.79</ele><time>2025-11-13T02:31:28Z</time><extensions><gpxtpx:TrackPointExtension><gpxtpx:cad>0</gpxtpx:cad></gpxtpx:TrackPointExtension></extensions></trkpt><trkpt lat="15.5370117165" lon="73.7533484492"><ele>-1.79</ele><time>2025-11-13T02:31:33Z</time><extensions><gpxtpx:TrackPointExtension><gpxtpx:cad>0</gpxtpx:cad></gpxtpx:TrackPointExtension></extensions></trkpt><trkpt lat="15.5368878320" lon="73.7532864232"><ele>-1.79</ele><time>2025-11-13T02:31:38Z</time><extensions><gpxtpx:TrackPointExtension><gpxtpx:cad>0</gpxtpx:cad></gpxtpx:TrackPointExtension></extensions></trkpt><trkpt lat="15.5367618520" lon="73.7532270793"><ele>-2.27</ele><time>2025-11-13T02:31:43Z</time><extensions><gpxtpx:TrackPointExtension><gpxtpx:cad>0</gpxtpx:cad></gpxtpx:TrackPointExtension></extensions></trkpt><trkpt lat="15.5366371293" lon="73.7531692442"><ele>-2.27</ele><time>2025-11-13T02:31:48Z</time><extensions><gpxtpx:TrackPointExtension><gpxtpx:cad>0</gpxtpx:cad></gpxtpx:TrackPointExtension></extensions></trkpt><trkpt lat="15.5365191121" lon="73.7531034462"><ele>-2.75</ele><time>2025-11-13T02:31:53Z</time><extensions><gpxtpx:TrackPointExtension><gpxtpx:cad>0</gpxtpx:cad></gpxtpx:TrackPointExtension></extensions></trkpt><trkpt lat="15.5363970716" lon="73.7530296016"><ele>-2.75</ele><time>2025-11-13T02:31:58Z</time><extensions><gpxtpx:TrackPointExtension><gpxtpx:cad>0</gpxtpx:cad></gpxtpx:TrackPointExtension></extensions></trkpt><trkpt lat="15.5362699181" lon="73.7529461179"><ele>-3.23</ele><time>2025-11-13T02:32:03Z</time><extensions><gpxtpx:TrackPointExtension><gpxtpx:cad>0</gpxtpx:cad></gpxtpx:TrackPointExtension></extensions></trkpt><trkpt lat="15.5361394119" lon="73.7528669927"><ele>-3.23</ele><time>2025-11-13T02:32:08Z</time><extensions><gpxtpx:TrackPointExtension><gpxtpx:cad>0</gpxtpx:cad></gpxtpx:TrackPointExtension></extensions></trkpt><trkpt lat="15.5360064749" lon="73.7527874485"><ele>-2.75</ele><time>2025-11-13T02:32:13Z</time><extensions><gpxtpx:TrackPointExtension><gpxtpx:cad>0</gpxtpx:cad></gpxtpx:TrackPointExtension></extensions></trkpt><trkpt lat="15.5358755495" lon="73.7526996061"><ele>-2.27</ele><time>2025-11-13T02:32:18Z</time><extensions><gpxtpx:TrackPointExtension><gpxtpx:cad>0</gpxtpx:cad></gpxtpx:TrackPointExtension></extensions></trkpt><trkpt lat="15.5357453786" lon="73.7526072375"><ele>-1.79</ele><time>2025-11-13T02:32:23Z</time><extensions><gpxtpx:TrackPointExtension><gpxtpx:cad>0</gpxtpx:cad></gpxtpx:TrackPointExtension></extensions></trkpt><trkpt lat="15.5356153753" lon="73.7525157910"><ele>-1.79</ele><time>2025-11-13T02:32:28Z</time><extensions><gpxtpx:TrackPointExtension><gpxtpx:cad>0</gpxtpx:cad></gpxtpx:TrackPointExtension></extensions></trkpt><trkpt lat="15.5354896467" lon="73.7524249312"><ele>-1.79</ele><time>2025-11-13T02:32:33Z</time><extensions><gpxtpx:TrackPointExtension><gpxtpx:cad>0</gpxtpx:cad></gpxtpx:TrackPointExtension></extensions></trkpt><trkpt lat="15.5353572965" lon="73.7523302995"><ele>-1.30</ele><time>2025-11-13T02:32:38Z</time><extensions><gpxtpx:TrackPointExtension><gpxtpx:cad>0</gpxtpx:cad></gpxtpx:TrackPointExtension></extensions></trkpt><trkpt lat="15.5352260359" lon="73.7522387691"><ele>-1.30</ele><time>2025-11-13T02:32:43Z</time><extensions><gpxtpx:TrackPointExtension><gpxtpx:cad>0</gpxtpx:cad></gpxtpx:TrackPointExtension></extensions></trkpt><trkpt lat="15.5350953620" lon="73.7521547824"><ele>-1.30</ele><time>2025-11-13T02:32:48Z</time><extensions><gpxtpx:TrackPointExtension><gpxtpx:cad>0</gpxtpx:cad></gpxtpx:TrackPointExtension></extensions></trkpt><trkpt lat="15.5349649396" lon="73.7520718854"><ele>-1.30</ele><time>2025-11-13T02:32:53Z</time><extensions><gpxtpx:TrackPointExtension><gpxtpx:cad>0</gpxtpx:cad></gpxtpx:TrackPointExtension></extensions></trkpt><trkpt lat="15.5348303262" lon="73.7519876473"><ele>-0.82</ele><time>2025-11-13T02:32:58Z</time><extensions><gpxtpx:TrackPointExtension><gpxtpx:cad>0</gpxtpx:cad></gpxtpx:TrackPointExtension></extensions></trkpt><trkpt lat="15.5346940365" lon="73.7519074325"><ele>-0.82</ele><time>2025-11-13T02:33:03Z</time><extensions><gpxtpx:TrackPointExtension><gpxtpx:cad>0</gpxtpx:cad></gpxtpx:TrackPointExtension></extensions></trkpt><trkpt lat="15.5345614348" lon="73.7518238649"><ele>-0.82</ele><time>2025-11-13T02:33:08Z</time><extensions><gpxtpx:TrackPointExtension><gpxtpx:cad>0</gpxtpx:cad></gpxtpx:TrackPointExtension></extensions></trkpt><trkpt lat="15.5344278272" lon="73.7517467514"><ele>-0.82</ele><time>2025-11-13T02:33:13Z</time><extensions><gpxtpx:TrackPointExtension><gpxtpx:cad>0</gpxtpx:cad></gpxtpx:TrackPointExtension></extensions></trkpt><trkpt lat="15.5342906993" lon="73.7516698055"><ele>-0.82</ele><time>2025-11-13T02:33:18Z</time><extensions><gpxtpx:TrackPointExtension><gpxtpx:cad>0</gpxtpx:cad></gpxtpx:TrackPointExtension></extensions></trkpt><trkpt lat="15.5341531523" lon="73.7515906803"><ele>-0.82</ele><time>2025-11-13T02:33:23Z</time><extensions><gpxtpx:TrackPointExtension><gpxtpx:cad>0</gpxtpx:cad></gpxtpx:TrackPointExtension></extensions></trkpt><trkpt lat="15.5340146832" lon="73.7515182607"><ele>-1.30</ele><time>2025-11-13T02:33:28Z</time><extensions><gpxtpx:TrackPointExtension><gpxtpx:cad>0</gpxtpx:cad></gpxtpx:TrackPointExtension></extensions></trkpt><trkpt lat="15.5338770524" lon="73.7514449190"><ele>-1.30</ele><time>2025-11-13T02:33:33Z</time><extensions><gpxtpx:TrackPointExtension><gpxtpx:cad>0</gpxtpx:cad></gpxtpx:TrackPointExtension></extensions></trkpt><trkpt lat="15.5337387510" lon="73.7513773609"><ele>-1.30</ele><time>2025-11-13T02:33:38Z</time><extensions><gpxtpx:TrackPointExtension><gpxtpx:cad>0</gpxtpx:cad></gpxtpx:TrackPointExtension></extensions></trkpt><trkpt lat="15.5335981864" lon="73.7513128202"><ele>-1.79</ele><time>2025-11-13T02:33:43Z</time><extensions><gpxtpx:TrackPointExtension><gpxtpx:cad>0</gpxtpx:cad></gpxtpx:TrackPointExtension></extensions></trkpt><trkpt lat="15.5334566161" lon="73.7512448430"><ele>-1.30</ele><time>2025-11-13T02:33:48Z</time><extensions><gpxtpx:TrackPointExtension><gpxtpx:cad>0</gpxtpx:cad></gpxtpx:TrackPointExtension></extensions></trkpt><trkpt lat="15.5333129503" lon="73.7511776201"><ele>-1.79</ele><time>2025-11-13T02:33:53Z</time><extensions><gpxtpx:TrackPointExtension><gpxtpx:cad>0</gpxtpx:cad></gpxtpx:TrackPointExtension></extensions></trkpt><trkpt lat="15.5331717990" lon="73.7511134148"><ele>-1.79</ele><time>2025-11-13T02:33:58Z</time><extensions><gpxtpx:TrackPointExtension><gpxtpx:cad>0</gpxtpx:cad></gpxtpx:TrackPointExtension></extensions></trkpt><trkpt lat="15.5330290552" lon="73.7510487903"><ele>-1.79</ele><time>2025-11-13T02:34:03Z</time><extensions><gpxtpx:TrackPointExtension><gpxtpx:cad>0</gpxtpx:cad></gpxtpx:TrackPointExtension></extensions></trkpt><trkpt lat="15.5328861438" lon="73.7509817351"><ele>-1.79</ele><time>2025-11-13T02:34:08Z</time><extensions><gpxtpx:TrackPointExtension><gpxtpx:cad>0</gpxtpx:cad></gpxtpx:TrackPointExtension></extensions></trkpt><trkpt lat="15.5327428132" lon="73.7509182002"><ele>-1.30</ele><time>2025-11-13T02:34:13Z</time><extensions><gpxtpx:TrackPointExtension><gpxtpx:cad>0</gpxtpx:cad></gpxtpx:TrackPointExtension></extensions></trkpt><trkpt lat="15.5326002371" lon="73.7508555036"><ele>-0.82</ele><time>2025-11-13T02:34:18Z</time><extensions><gpxtpx:TrackPointExtension><gpxtpx:cad>0</gpxtpx:cad></gpxtpx:TrackPointExtension></extensions></trkpt><trkpt lat="15.5324538052" lon="73.7507928908"><ele>-0.82</ele><time>2025-11-13T02:34:23Z</time><extensions><gpxtpx:TrackPointExtension><gpxtpx:cad>0</gpxtpx:cad></gpxtpx:TrackPointExtension></extensions></trkpt><trkpt lat="15.5323119834" lon="73.7507358938"><ele>-0.34</ele><time>2025-11-13T02:34:28Z</time><extensions><gpxtpx:TrackPointExtension><gpxtpx:cad>0</gpxtpx:cad></gpxtpx:TrackPointExtension></extensions></trkpt><trkpt lat="15.5321704969" lon="73.7506814115"><ele>0.14</ele><time>2025-11-13T02:34:33Z</time><extensions><gpxtpx:TrackPointExtension><gpxtpx:cad>0</gpxtpx:cad></gpxtpx:TrackPointExtension></extensions></trkpt><trkpt lat="15.5320241489" lon="73.7506327126"><ele>0.14</ele><time>2025-11-13T02:34:38Z</time><extensions><gpxtpx:TrackPointExtension><gpxtpx:cad>0</gpxtpx:cad></gpxtpx:TrackPointExtension></extensions></trkpt><trkpt lat="15.5318808183" lon="73.7505731173"><ele>-0.34</ele><time>2025-11-13T02:34:43Z</time><extensions><gpxtpx:TrackPointExtension><gpxtpx:cad>0</gpxtpx:cad></gpxtpx:TrackPointExtension></extensions></trkpt><trkpt lat="15.5317454506" lon="73.7505049724"><ele>-0.34</ele><time>2025-11-13T02:34:48Z</time><extensions><gpxtpx:TrackPointExtension><gpxtpx:cad>0</gpxtpx:cad></gpxtpx:TrackPointExtension></extensions></trkpt><trkpt lat="15.5316083226" lon="73.7504326366"><ele>-0.34</ele><time>2025-11-13T02:34:53Z</time><extensions><gpxtpx:TrackPointExtension><gpxtpx:cad>0</gpxtpx:cad></gpxtpx:TrackPointExtension></extensions></trkpt><trkpt lat="15.5314672552" lon="73.7503521703"><ele>-0.34</ele><time>2025-11-13T02:34:58Z</time><extensions><gpxtpx:TrackPointExtension><gpxtpx:cad>0</gpxtpx:cad></gpxtpx:TrackPointExtension></extensions></trkpt><trkpt lat="15.5313344020" lon="73.7502807565"><ele>-0.34</ele><time>2025-11-13T02:35:03Z</time><extensions><gpxtpx:TrackPointExtension><gpxtpx:cad>0</gpxtpx:cad></gpxtpx:TrackPointExtension></extensions></trkpt><trkpt lat="15.5311968550" lon="73.7502157968"><ele>-0.82</ele><time>2025-11-13T02:35:08Z</time><extensions><gpxtpx:TrackPointExtension><gpxtpx:cad>0</gpxtpx:cad></gpxtpx:TrackPointExtension></extensions></trkpt><trkpt lat="15.5310561229" lon="73.7501416169"><ele>-0.82</ele><time>2025-11-13T02:35:13Z</time><extensions><gpxtpx:TrackPointExtension><gpxtpx:cad>0</gpxtpx:cad></gpxtpx:TrackPointExtension></extensions></trkpt><trkpt lat="15.5309197493" lon="73.7500693649"><ele>-0.82</ele><time>2025-11-13T02:35:18Z</time><extensions><gpxtpx:TrackPointExtension><gpxtpx:cad>0</gpxtpx:cad></gpxtpx:TrackPointExtension></extensions></trkpt><trkpt lat="15.5307853036" lon="73.7499920838"><ele>-1.30</ele><time>2025-11-13T02:35:23Z</time><extensions><gpxtpx:TrackPointExtension><gpxtpx:cad>0</gpxtpx:cad></gpxtpx:TrackPointExtension></extensions></trkpt><trkpt lat="15.5306537915" lon="73.7499141321"><ele>-1.79</ele><time>2025-11-13T02:35:28Z</time><extensions><gpxtpx:TrackPointExtension><gpxtpx:cad>0</gpxtpx:cad></gpxtpx:TrackPointExtension></extensions></trkpt><trkpt lat="15.5305206031" lon="73.7498272117"><ele>-1.79</ele><time>2025-11-13T02:35:33Z</time><extensions><gpxtpx:TrackPointExtension><gpxtpx:cad>0</gpxtpx:cad></gpxtpx:TrackPointExtension></extensions></trkpt><trkpt lat="15.5303868279" lon="73.7497447338"><ele>-1.30</ele><time>2025-11-13T02:35:38Z</time><extensions><gpxtpx:TrackPointExtension><gpxtpx:cad>0</gpxtpx:cad></gpxtpx:TrackPointExtension></extensions></trkpt><trkpt lat="15.5302516278" lon="73.7496563047"><ele>-1.30</ele><time>2025-11-13T02:35:43Z</time><extensions><gpxtpx:TrackPointExtension><gpxtpx:cad>0</gpxtpx:cad></gpxtpx:TrackPointExtension></extensions></trkpt><trkpt lat="15.5301160086" lon="73.7495805323"><ele>-1.30</ele><time>2025-11-13T02:35:48Z</time><extensions><gpxtpx:TrackPointExtension><gpxtpx:cad>0</gpxtpx:cad></gpxtpx:TrackPointExtension></extensions></trkpt><trkpt lat="15.5299829040" lon="73.7494991440"><ele>-1.30</ele><time>2025-11-13T02:35:53Z</time><extensions><gpxtpx:TrackPointExtension><gpxtpx:cad>0</gpxtpx:cad></gpxtpx:TrackPointExtension></extensions></trkpt><trkpt lat="15.5298495479" lon="73.7494164985"><ele>-1.79</ele><time>2025-11-13T02:35:58Z</time><extensions><gpxtpx:TrackPointExtension><gpxtpx:cad>0</gpxtpx:cad></gpxtpx:TrackPointExtension></extensions></trkpt><trkpt lat="15.5297154374" lon="73.7493350264"><ele>-1.79</ele><time>2025-11-13T02:36:03Z</time><extensions><gpxtpx:TrackPointExtension><gpxtpx:cad>0</gpxtpx:cad></gpxtpx:TrackPointExtension></extensions></trkpt><trkpt lat="15.5295827519" lon="73.7492533028"><ele>-2.27</ele><time>2025-11-13T02:36:08Z</time><extensions><gpxtpx:TrackPointExtension><gpxtpx:cad>0</gpxtpx:cad></gpxtpx:TrackPointExtension></extensions></trkpt><trkpt lat="15.5294494797" lon="73.7491706572"><ele>-2.27</ele><time>2025-11-13T02:36:13Z</time><extensions><gpxtpx:TrackPointExtension><gpxtpx:cad>0</gpxtpx:cad></gpxtpx:TrackPointExtension></extensions></trkpt><trkpt lat="15.5293146987" lon="73.7490913644"><ele>-2.27</ele><time>2025-11-13T02:36:18Z</time><extensions><gpxtpx:TrackPointExtension><gpxtpx:cad>0</gpxtpx:cad></gpxtpx:TrackPointExtension></extensions></trkpt><trkpt lat="15.5291742180" lon="73.7490143348"><ele>-2.75</ele><time>2025-11-13T02:36:23Z</time><extensions><gpxtpx:TrackPointExtension><gpxtpx:cad>0</gpxtpx:cad></gpxtpx:TrackPointExtension></extensions></trkpt><trkpt lat="15.5290367547" lon="73.7489322759"><ele>-2.27</ele><time>2025-11-13T02:36:28Z</time><extensions><gpxtpx:TrackPointExtension><gpxtpx:cad>0</gpxtpx:cad></gpxtpx:TrackPointExtension></extensions></trkpt><trkpt lat="15.5289021414" lon="73.7488557491"><ele>-2.27</ele><time>2025-11-13T02:36:33Z</time><extensions><gpxtpx:TrackPointExtension><gpxtpx:cad>0</gpxtpx:cad></gpxtpx:TrackPointExtension></extensions></trkpt><trkpt lat="15.5287665222" lon="73.7487814855"><ele>-2.27</ele><time>2025-11-13T02:36:38Z</time><extensions><gpxtpx:TrackPointExtension><gpxtpx:cad>0</gpxtpx:cad></gpxtpx:TrackPointExtension></extensions></trkpt><trkpt lat="15.5286298133" lon="73.7487073895"><ele>-2.27</ele><time>2025-11-13T02:36:43Z</time><extensions><gpxtpx:TrackPointExtension><gpxtpx:cad>0</gpxtpx:cad></gpxtpx:TrackPointExtension></extensions></trkpt><trkpt lat="15.5284922663" lon="73.7486290187"><ele>-2.27</ele><time>2025-11-13T02:36:48Z</time><extensions><gpxtpx:TrackPointExtension><gpxtpx:cad>0</gpxtpx:cad></gpxtpx:TrackPointExtension></extensions></trkpt><trkpt lat="15.5283537973" lon="73.7485570181"><ele>-2.27</ele><time>2025-11-13T02:36:53Z</time><extensions><gpxtpx:TrackPointExtension><gpxtpx:cad>0</gpxtpx:cad></gpxtpx:TrackPointExtension></extensions></trkpt><trkpt lat="15.5282162502" lon="73.7484840117"><ele>-2.27</ele><time>2025-11-13T02:36:58Z</time><extensions><gpxtpx:TrackPointExtension><gpxtpx:cad>0</gpxtpx:cad></gpxtpx:TrackPointExtension></extensions></trkpt><trkpt lat="15.5280778650" lon="73.7484130170"><ele>-2.27</ele><time>2025-11-13T02:37:03Z</time><extensions><gpxtpx:TrackPointExtension><gpxtpx:cad>0</gpxtpx:cad></gpxtpx:TrackPointExtension></extensions></trkpt><trkpt lat="15.5279373005" lon="73.7483442854"><ele>-2.27</ele><time>2025-11-13T02:37:08Z</time><extensions><gpxtpx:TrackPointExtension><gpxtpx:cad>0</gpxtpx:cad></gpxtpx:TrackPointExtension></extensions></trkpt><trkpt lat="15.5277955625" lon="73.7482787389"><ele>-2.27</ele><time>2025-11-13T02:37:13Z</time><extensions><gpxtpx:TrackPointExtension><gpxtpx:cad>0</gpxtpx:cad></gpxtpx:TrackPointExtension></extensions></trkpt><trkpt lat="15.5276549142" lon="73.7482087500"><ele>-2.27</ele><time>2025-11-13T02:37:18Z</time><extensions><gpxtpx:TrackPointExtension><gpxtpx:cad>0</gpxtpx:cad></gpxtpx:TrackPointExtension></extensions></trkpt><trkpt lat="15.5275157746" lon="73.7481399346"><ele>-2.27</ele><time>2025-11-13T02:37:23Z</time><extensions><gpxtpx:TrackPointExtension><gpxtpx:cad>0</gpxtpx:cad></gpxtpx:TrackPointExtension></extensions></trkpt><trkpt lat="15.5273771379" lon="73.7480686046"><ele>-1.79</ele><time>2025-11-13T02:37:28Z</time><extensions><gpxtpx:TrackPointExtension><gpxtpx:cad>0</gpxtpx:cad></gpxtpx:TrackPointExtension></extensions></trkpt><trkpt lat="15.5272348970" lon="73.7479956821"><ele>-2.27</ele><time>2025-11-13T02:37:33Z</time><extensions><gpxtpx:TrackPointExtension><gpxtpx:cad>0</gpxtpx:cad></gpxtpx:TrackPointExtension></extensions></trkpt><trkpt lat="15.5270960927" lon="73.7479268666"><ele>-2.27</ele><time>2025-11-13T02:37:38Z</time><extensions><gpxtpx:TrackPointExtension><gpxtpx:cad>0</gpxtpx:cad></gpxtpx:TrackPointExtension></extensions></trkpt><trkpt lat="15.5269547738" lon="73.7478524353"><ele>-1.79</ele><time>2025-11-13T02:37:43Z</time><extensions><gpxtpx:TrackPointExtension><gpxtpx:cad>0</gpxtpx:cad></gpxtpx:TrackPointExtension></extensions></trkpt><trkpt lat="15.5268163886" lon="73.7477812730"><ele>-1.79</ele><time>2025-11-13T02:37:48Z</time><extensions><gpxtpx:TrackPointExtension><gpxtpx:cad>0</gpxtpx:cad></gpxtpx:TrackPointExtension></extensions></trkpt><trkpt lat="15.5266764946" lon="73.7477083504"><ele>-1.79</ele><time>2025-11-13T02:37:53Z</time><extensions><gpxtpx:TrackPointExtension><gpxtpx:cad>0</gpxtpx:cad></gpxtpx:TrackPointExtension></extensions></trkpt><trkpt lat="15.5265365168" lon="73.7476319913"><ele>-1.79</ele><time>2025-11-13T02:37:58Z</time><extensions><gpxtpx:TrackPointExtension><gpxtpx:cad>0</gpxtpx:cad></gpxtpx:TrackPointExtension></extensions></trkpt><trkpt lat="15.5264029931" lon="73.7475551292"><ele>-1.79</ele><time>2025-11-13T02:38:03Z</time><extensions><gpxtpx:TrackPointExtension><gpxtpx:cad>0</gpxtpx:cad></gpxtpx:TrackPointExtension></extensions></trkpt><trkpt lat="15.5262682121" lon="73.7474718969"><ele>-1.79</ele><time>2025-11-13T02:38:08Z</time><extensions><gpxtpx:TrackPointExtension><gpxtpx:cad>0</gpxtpx:cad></gpxtpx:TrackPointExtension></extensions></trkpt><trkpt lat="15.5261360295" lon="73.7473882455"><ele>-1.79</ele><time>2025-11-13T02:38:13Z</time><extensions><gpxtpx:TrackPointExtension><gpxtpx:cad>0</gpxtpx:cad></gpxtpx:TrackPointExtension></extensions></trkpt><trkpt lat="15.5260027573" lon="73.7473050971"><ele>-1.79</ele><time>2025-11-13T02:38:18Z</time><extensions><gpxtpx:TrackPointExtension><gpxtpx:cad>0</gpxtpx:cad></gpxtpx:TrackPointExtension></extensions></trkpt><trkpt lat="15.5258721672" lon="73.7472198531"><ele>-1.30</ele><time>2025-11-13T02:38:23Z</time><extensions><gpxtpx:TrackPointExtension><gpxtpx:cad>0</gpxtpx:cad></gpxtpx:TrackPointExtension></extensions></trkpt><trkpt lat="15.5257445946" lon="73.7471306697"><ele>-1.30</ele><time>2025-11-13T02:38:28Z</time><extensions><gpxtpx:TrackPointExtension><gpxtpx:cad>0</gpxtpx:cad></gpxtpx:TrackPointExtension></extensions></trkpt><trkpt lat="15.5256153457" lon="73.7470437493"><ele>-1.30</ele><time>2025-11-13T02:38:33Z</time><extensions><gpxtpx:TrackPointExtension><gpxtpx:cad>0</gpxtpx:cad></gpxtpx:TrackPointExtension></extensions></trkpt><trkpt lat="15.5254883599" lon="73.7469507102"><ele>-1.79</ele><time>2025-11-13T02:38:38Z</time><extensions><gpxtpx:TrackPointExtension><gpxtpx:cad>0</gpxtpx:cad></gpxtpx:TrackPointExtension></extensions></trkpt><trkpt lat="15.5253612902" lon="73.7468564138"><ele>-1.30</ele><time>2025-11-13T02:38:43Z</time><extensions><gpxtpx:TrackPointExtension><gpxtpx:cad>0</gpxtpx:cad></gpxtpx:TrackPointExtension></extensions></trkpt><trkpt lat="15.5252337176" lon="73.7467601057"><ele>-1.30</ele><time>2025-11-13T02:38:48Z</time><extensions><gpxtpx:TrackPointExtension><gpxtpx:cad>0</gpxtpx:cad></gpxtpx:TrackPointExtension></extensions></trkpt><trkpt lat="15.5251064803" lon="73.7466625404"><ele>-1.30</ele><time>2025-11-13T02:38:53Z</time><extensions><gpxtpx:TrackPointExtension><gpxtpx:cad>0</gpxtpx:cad></gpxtpx:TrackPointExtension></extensions></trkpt><trkpt lat="15.5249774829" lon="73.7465658132"><ele>-1.79</ele><time>2025-11-13T02:38:58Z</time><extensions><gpxtpx:TrackPointExtension><gpxtpx:cad>0</gpxtpx:cad></gpxtpx:TrackPointExtension></extensions></trkpt><trkpt lat="15.5248456355" lon="73.7464732770"><ele>-1.79</ele><time>2025-11-13T02:39:03Z</time><extensions><gpxtpx:TrackPointExtension><gpxtpx:cad>0</gpxtpx:cad></gpxtpx:TrackPointExtension></extensions></trkpt><trkpt lat="15.5247147940" lon="73.7463780586"><ele>-1.79</ele><time>2025-11-13T02:39:08Z</time><extensions><gpxtpx:TrackPointExtension><gpxtpx:cad>0</gpxtpx:cad></gpxtpx:TrackPointExtension></extensions></trkpt><trkpt lat="15.5245882273" lon="73.7462828401"><ele>-1.79</ele><time>2025-11-13T02:39:13Z</time><extensions><gpxtpx:TrackPointExtension><gpxtpx:cad>0</gpxtpx:cad></gpxtpx:TrackPointExtension></extensions></trkpt><trkpt lat="15.5244601518" lon="73.7461901363"><ele>-1.79</ele><time>2025-11-13T02:39:18Z</time><extensions><gpxtpx:TrackPointExtension><gpxtpx:cad>0</gpxtpx:cad></gpxtpx:TrackPointExtension></extensions></trkpt><trkpt lat="15.5243318249" lon="73.7460976001"><ele>-1.79</ele><time>2025-11-13T02:39:23Z</time><extensions><gpxtpx:TrackPointExtension><gpxtpx:cad>0</gpxtpx:cad></gpxtpx:TrackPointExtension></extensions></trkpt><trkpt lat="15.5242016539" lon="73.7460088357"><ele>-1.79</ele><time>2025-11-13T02:39:28Z</time><extensions><gpxtpx:TrackPointExtension><gpxtpx:cad>0</gpxtpx:cad></gpxtpx:TrackPointExtension></extensions></trkpt><trkpt lat="15.5240712315" lon="73.7459191494"><ele>-1.79</ele><time>2025-11-13T02:39:33Z</time><extensions><gpxtpx:TrackPointExtension><gpxtpx:cad>0</gpxtpx:cad></gpxtpx:TrackPointExtension></extensions></trkpt><trkpt lat="15.5239383783" lon="73.7458262779"><ele>-1.79</ele><time>2025-11-13T02:39:38Z</time><extensions><gpxtpx:TrackPointExtension><gpxtpx:cad>0</gpxtpx:cad></gpxtpx:TrackPointExtension></extensions></trkpt><trkpt lat="15.5238028429" lon="73.7457406148"><ele>-1.79</ele><time>2025-11-13T02:39:43Z</time><extensions><gpxtpx:TrackPointExtension><gpxtpx:cad>0</gpxtpx:cad></gpxtpx:TrackPointExtension></extensions></trkpt><trkpt lat="15.5236678943" lon="73.7456464861"><ele>-1.30</ele><time>2025-11-13T02:39:48Z</time><extensions><gpxtpx:TrackPointExtension><gpxtpx:cad>0</gpxtpx:cad></gpxtpx:TrackPointExtension></extensions></trkpt><trkpt lat="15.5235332809" lon="73.7455623318"><ele>-1.30</ele><time>2025-11-13T02:39:53Z</time><extensions><gpxtpx:TrackPointExtension><gpxtpx:cad>0</gpxtpx:cad></gpxtpx:TrackPointExtension></extensions></trkpt><trkpt lat="15.5233981647" lon="73.7454708852"><ele>-1.30</ele><time>2025-11-13T02:39:58Z</time><extensions><gpxtpx:TrackPointExtension><gpxtpx:cad>0</gpxtpx:cad></gpxtpx:TrackPointExtension></extensions></trkpt><trkpt lat="15.5232615396" lon="73.7453868985"><ele>-1.79</ele><time>2025-11-13T02:40:03Z</time><extensions><gpxtpx:TrackPointExtension><gpxtpx:cad>0</gpxtpx:cad></gpxtpx:TrackPointExtension></extensions></trkpt><trkpt lat="15.5231277645" lon="73.7453002296"><ele>-1.79</ele><time>2025-11-13T02:40:08Z</time><extensions><gpxtpx:TrackPointExtension><gpxtpx:cad>0</gpxtpx:cad></gpxtpx:TrackPointExtension></extensions></trkpt><trkpt lat="15.5229954980" lon="73.7452119682"><ele>-1.79</ele><time>2025-11-13T02:40:13Z</time><extensions><gpxtpx:TrackPointExtension><gpxtpx:cad>0</gpxtpx:cad></gpxtpx:TrackPointExtension></extensions></trkpt><trkpt lat="15.5228634831" lon="73.7451304123"><ele>-1.79</ele><time>2025-11-13T02:40:18Z</time><extensions><gpxtpx:TrackPointExtension><gpxtpx:cad>0</gpxtpx:cad></gpxtpx:TrackPointExtension></extensions></trkpt><trkpt lat="15.5227328092" lon="73.7450474314"><ele>-2.27</ele><time>2025-11-13T02:40:23Z</time><extensions><gpxtpx:TrackPointExtension><gpxtpx:cad>0</gpxtpx:cad></gpxtpx:TrackPointExtension></extensions></trkpt><trkpt lat="15.5226028059" lon="73.7449595891"><ele>-2.27</ele><time>2025-11-13T02:40:28Z</time><extensions><gpxtpx:TrackPointExtension><gpxtpx:cad>0</gpxtpx:cad></gpxtpx:TrackPointExtension></extensions></trkpt><trkpt lat="15.5224751495" lon="73.7448643707"><ele>-2.27</ele><time>2025-11-13T02:40:33Z</time><extensions><gpxtpx:TrackPointExtension><gpxtpx:cad>0</gpxtpx:cad></gpxtpx:TrackPointExtension></extensions></trkpt><trkpt lat="15.5223474931" lon="73.7447695713"><ele>-2.27</ele><time>2025-11-13T02:40:38Z</time><extensions><gpxtpx:TrackPointExtension><gpxtpx:cad>0</gpxtpx:cad></gpxtpx:TrackPointExtension></extensions></trkpt><trkpt lat="15.5222178251" lon="73.7446683180"><ele>-1.79</ele><time>2025-11-13T02:40:43Z</time><extensions><gpxtpx:TrackPointExtension><gpxtpx:cad>0</gpxtpx:cad></gpxtpx:TrackPointExtension></extensions></trkpt><trkpt lat="15.5220978800" lon="73.7445630413"><ele>-1.79</ele><time>2025-11-13T02:40:48Z</time><extensions><gpxtpx:TrackPointExtension><gpxtpx:cad>0</gpxtpx:cad></gpxtpx:TrackPointExtension></extensions></trkpt><trkpt lat="15.5219828803" lon="73.7444537412"><ele>-1.79</ele><time>2025-11-13T02:40:53Z</time><extensions><gpxtpx:TrackPointExtension><gpxtpx:cad>0</gpxtpx:cad></gpxtpx:TrackPointExtension></extensions></trkpt><trkpt lat="15.5218593311" lon="73.7443503086"><ele>-2.27</ele><time>2025-11-13T02:40:58Z</time><extensions><gpxtpx:TrackPointExtension><gpxtpx:cad>0</gpxtpx:cad></gpxtpx:TrackPointExtension></extensions></trkpt><trkpt lat="15.5217331834" lon="73.7442477979"><ele>-1.79</ele><time>2025-11-13T02:41:03Z</time><extensions><gpxtpx:TrackPointExtension><gpxtpx:cad>0</gpxtpx:cad></gpxtpx:TrackPointExtension></extensions></trkpt><trkpt lat="15.5216092151" lon="73.7441510707"><ele>-1.79</ele><time>2025-11-13T02:41:08Z</time><extensions><gpxtpx:TrackPointExtension><gpxtpx:cad>0</gpxtpx:cad></gpxtpx:TrackPointExtension></extensions></trkpt><trkpt lat="15.5214791279" lon="73.7440535892"><ele>-1.79</ele><time>2025-11-13T02:41:13Z</time><extensions><gpxtpx:TrackPointExtension><gpxtpx:cad>0</gpxtpx:cad></gpxtpx:TrackPointExtension></extensions></trkpt><trkpt lat="15.5213528965" lon="73.7439615559"><ele>-1.79</ele><time>2025-11-13T02:41:18Z</time><extensions><gpxtpx:TrackPointExtension><gpxtpx:cad>0</gpxtpx:cad></gpxtpx:TrackPointExtension></extensions></trkpt><trkpt lat="15.5212146789" lon="73.7438859511"><ele>-1.79</ele><time>2025-11-13T02:41:23Z</time><extensions><gpxtpx:TrackPointExtension><gpxtpx:cad>0</gpxtpx:cad></gpxtpx:TrackPointExtension></extensions></trkpt><trkpt lat="15.5210680794" lon="73.7438552734"><ele>-1.30</ele><time>2025-11-13T02:41:28Z</time><extensions><gpxtpx:TrackPointExtension><gpxtpx:cad>0</gpxtpx:cad></gpxtpx:TrackPointExtension></extensions></trkpt><trkpt lat="15.5209235754" lon="73.7438675109"><ele>-1.30</ele><time>2025-11-13T02:41:33Z</time><extensions><gpxtpx:TrackPointExtension><gpxtpx:cad>0</gpxtpx:cad></gpxtpx:TrackPointExtension></extensions></trkpt><trkpt lat="15.5207871180" lon="73.7439205684"><ele>-1.79</ele><time>2025-11-13T02:41:38Z</time><extensions><gpxtpx:TrackPointExtension><gpxtpx:cad>0</gpxtpx:cad></gpxtpx:TrackPointExtension></extensions></trkpt><trkpt lat="15.5206622276" lon="73.7439973466"><ele>-1.30</ele><time>2025-11-13T02:41:43Z</time><extensions><gpxtpx:TrackPointExtension><gpxtpx:cad>0</gpxtpx:cad></gpxtpx:TrackPointExtension></extensions></trkpt><trkpt lat="15.5205511674" lon="73.7440983485"><ele>-1.30</ele><time>2025-11-13T02:41:48Z</time><extensions><gpxtpx:TrackPointExtension><gpxtpx:cad>0</gpxtpx:cad></gpxtpx:TrackPointExtension></extensions></trkpt><trkpt lat="15.5204399396" lon="73.7441940699"><ele>-1.30</ele><time>2025-11-13T02:41:53Z</time><extensions><gpxtpx:TrackPointExtension><gpxtpx:cad>0</gpxtpx:cad></gpxtpx:TrackPointExtension></extensions></trkpt><trkpt lat="15.5203441344" lon="73.7442959100"><ele>-0.82</ele><time>2025-11-13T02:41:58Z</time><extensions><gpxtpx:TrackPointExtension><gpxtpx:cad>0</gpxtpx:cad></gpxtpx:TrackPointExtension></extensions></trkpt><trkpt lat="15.5202805158" lon="73.7444277573"><ele>-0.34</ele><time>2025-11-13T02:42:03Z</time><extensions><gpxtpx:TrackPointExtension><gpxtpx:cad>0</gpxtpx:cad></gpxtpx:TrackPointExtension></extensions></trkpt><trkpt lat="15.5202096887" lon="73.7445591018"><ele>-0.82</ele><time>2025-11-13T02:42:08Z</time><extensions><gpxtpx:TrackPointExtension><gpxtpx:cad>0</gpxtpx:cad></gpxtpx:TrackPointExtension></extensions></trkpt><trkpt lat="15.5201341677" lon="73.7446917035"><ele>-1.79</ele><time>2025-11-13T02:42:13Z</time><extensions><gpxtpx:TrackPointExtension><gpxtpx:cad>0</gpxtpx:cad></gpxtpx:TrackPointExtension></extensions></trkpt><trkpt lat="15.5200764164" lon="73.7448316813"><ele>-1.30</ele><time>2025-11-13T02:42:18Z</time><extensions><gpxtpx:TrackPointExtension><gpxtpx:cad>0</gpxtpx:cad></gpxtpx:TrackPointExtension></extensions></trkpt><trkpt lat="15.5200198386" lon="73.7449707370"><ele>-1.30</ele><time>2025-11-13T02:42:23Z</time><extensions><gpxtpx:TrackPointExtension><gpxtpx:cad>0</gpxtpx:cad></gpxtpx:TrackPointExtension></extensions></trkpt><trkpt lat="15.5199617520" lon="73.7451067753"><ele>-1.79</ele><time>2025-11-13T02:42:28Z</time><extensions><gpxtpx:TrackPointExtension><gpxtpx:cad>0</gpxtpx:cad></gpxtpx:TrackPointExtension></extensions></trkpt><trkpt lat="15.5199108738" lon="73.7452472560"><ele>-1.30</ele><time>2025-11-13T02:42:33Z</time><extensions><gpxtpx:TrackPointExtension><gpxtpx:cad>0</gpxtpx:cad></gpxtpx:TrackPointExtension></extensions></trkpt><trkpt lat="15.5198558886" lon="73.7453893293"><ele>-1.30</ele><time>2025-11-13T02:42:38Z</time><extensions><gpxtpx:TrackPointExtension><gpxtpx:cad>0</gpxtpx:cad></gpxtpx:TrackPointExtension></extensions></trkpt><trkpt lat="15.5197998974" lon="73.7455312349"><ele>-0.82</ele><time>2025-11-13T02:42:43Z</time><extensions><gpxtpx:TrackPointExtension><gpxtpx:cad>0</gpxtpx:cad></gpxtpx:TrackPointExtension></extensions></trkpt><trkpt lat="15.5197502766" lon="73.7456682790"><ele>-0.82</ele><time>2025-11-13T02:42:48Z</time><extensions><gpxtpx:TrackPointExtension><gpxtpx:cad>0</gpxtpx:cad></gpxtpx:TrackPointExtension></extensions></trkpt><trkpt lat="15.5197074451" lon="73.7458152138"><ele>-0.82</ele><time>2025-11-13T02:42:53Z</time><extensions><gpxtpx:TrackPointExtension><gpxtpx:cad>0</gpxtpx:cad></gpxtpx:TrackPointExtension></extensions></trkpt><trkpt lat="15.5196540523" lon="73.7459614780"><ele>-0.82</ele><time>2025-11-13T02:42:58Z</time><extensions><gpxtpx:TrackPointExtension><gpxtpx:cad>0</gpxtpx:cad></gpxtpx:TrackPointExtension></extensions></trkpt><trkpt lat="15.5195960496" lon="73.7460970134"><ele>-0.82</ele><time>2025-11-13T02:43:03Z</time><extensions><gpxtpx:TrackPointExtension><gpxtpx:cad>0</gpxtpx:cad></gpxtpx:TrackPointExtension></extensions></trkpt><trkpt lat="15.5195389688" lon="73.7462449539"><ele>-0.82</ele><time>2025-11-13T02:43:08Z</time><extensions><gpxtpx:TrackPointExtension><gpxtpx:cad>0</gpxtpx:cad></gpxtpx:TrackPointExtension></extensions></trkpt><trkpt lat="15.5194757693" lon="73.7463779747"><ele>-0.82</ele><time>2025-11-13T02:43:13Z</time><extensions><gpxtpx:TrackPointExtension><gpxtpx:cad>0</gpxtpx:cad></gpxtpx:TrackPointExtension></extensions></trkpt><trkpt lat="15.5194117315" lon="73.7465263344"><ele>-1.30</ele><time>2025-11-13T02:43:18Z</time><extensions><gpxtpx:TrackPointExtension><gpxtpx:cad>0</gpxtpx:cad></gpxtpx:TrackPointExtension></extensions></trkpt><trkpt lat="15.5193569139" lon="73.7466635462"><ele>-0.82</ele><time>2025-11-13T02:43:23Z</time><extensions><gpxtpx:TrackPointExtension><gpxtpx:cad>0</gpxtpx:cad></gpxtpx:TrackPointExtension></extensions></trkpt><trkpt lat="15.5192910321" lon="73.7468081340"><ele>-0.34</ele><time>2025-11-13T02:43:28Z</time><extensions><gpxtpx:TrackPointExtension><gpxtpx:cad>0</gpxtpx:cad></gpxtpx:TrackPointExtension></extensions></trkpt><trkpt lat="15.5192415789" lon="73.7469533924"><ele>0.14</ele><time>2025-11-13T02:43:33Z</time><extensions><gpxtpx:TrackPointExtension><gpxtpx:cad>0</gpxtpx:cad></gpxtpx:TrackPointExtension></extensions></trkpt><trkpt lat="15.5192069616" lon="73.7471061107"><ele>0.14</ele><time>2025-11-13T02:43:38Z</time><extensions><gpxtpx:TrackPointExtension><gpxtpx:cad>0</gpxtpx:cad></gpxtpx:TrackPointExtension></extensions></trkpt><trkpt lat="15.5191710871" lon="73.7472502794"><ele>-0.34</ele><time>2025-11-13T02:43:43Z</time><extensions><gpxtpx:TrackPointExtension><gpxtpx:cad>0</gpxtpx:cad></gpxtpx:TrackPointExtension></extensions></trkpt><trkpt lat="15.5191334523" lon="73.7474021595"><ele>-0.34</ele><time>2025-11-13T02:43:48Z</time><extensions><gpxtpx:TrackPointExtension><gpxtpx:cad>0</gpxtpx:cad></gpxtpx:TrackPointExtension></extensions></trkpt><trkpt lat="15.5191047862" lon="73.7475484237"><ele>-0.34</ele><time>2025-11-13T02:43:53Z</time><extensions><gpxtpx:TrackPointExtension><gpxtpx:cad>0</gpxtpx:cad></gpxtpx:TrackPointExtension></extensions></trkpt><trkpt lat="15.5190763716" lon="73.7477028184"><ele>-0.82</ele><time>2025-11-13T02:43:58Z</time><extensions><gpxtpx:TrackPointExtension><gpxtpx:cad>0</gpxtpx:cad></gpxtpx:TrackPointExtension></extensions></trkpt><trkpt lat="15.5190451071" lon="73.7478520162"><ele>-0.82</ele><time>2025-11-13T02:44:03Z</time><extensions><gpxtpx:TrackPointExtension><gpxtpx:cad>0</gpxtpx:cad></gpxtpx:TrackPointExtension></extensions></trkpt><trkpt lat="15.5190124176" lon="73.7480019685"><ele>-0.82</ele><time>2025-11-13T02:44:08Z</time><extensions><gpxtpx:TrackPointExtension><gpxtpx:cad>0</gpxtpx:cad></gpxtpx:TrackPointExtension></extensions></trkpt><trkpt lat="15.5189839192" lon="73.7481506635"><ele>-0.34</ele><time>2025-11-13T02:44:13Z</time><extensions><gpxtpx:TrackPointExtension><gpxtpx:cad>0</gpxtpx:cad></gpxtpx:TrackPointExtension></extensions></trkpt><trkpt lat="15.5189553369" lon="73.7483040523"><ele>-0.82</ele><time>2025-11-13T02:44:18Z</time><extensions><gpxtpx:TrackPointExtension><gpxtpx:cad>0</gpxtpx:cad></gpxtpx:TrackPointExtension></extensions></trkpt><trkpt lat="15.5189286824" lon="73.7484532502"><ele>-0.34</ele><time>2025-11-13T02:44:23Z</time><extensions><gpxtpx:TrackPointExtension><gpxtpx:cad>0</gpxtpx:cad></gpxtpx:TrackPointExtension></extensions></trkpt><trkpt lat="15.5188965797" lon="73.7486068904"><ele>-0.34</ele><time>2025-11-13T02:44:28Z</time><extensions><gpxtpx:TrackPointExtension><gpxtpx:cad>0</gpxtpx:cad></gpxtpx:TrackPointExtension></extensions></trkpt><trkpt lat="15.5188586097" lon="73.7487518974"><ele>-0.34</ele><time>2025-11-13T02:44:33Z</time><extensions><gpxtpx:TrackPointExtension><gpxtpx:cad>0</gpxtpx:cad></gpxtpx:TrackPointExtension></extensions></trkpt><trkpt lat="15.5188326258" lon="73.7488957308"><ele>0.14</ele><time>2025-11-13T02:44:38Z</time><extensions><gpxtpx:TrackPointExtension><gpxtpx:cad>0</gpxtpx:cad></gpxtpx:TrackPointExtension></extensions></trkpt><trkpt lat="15.5188164487" lon="73.7490452640"><ele>0.14</ele><time>2025-11-13T02:44:43Z</time><extensions><gpxtpx:TrackPointExtension><gpxtpx:cad>0</gpxtpx:cad></gpxtpx:TrackPointExtension></extensions></trkpt><trkpt lat="15.5187887046" lon="73.7491995748"><ele>0.14</ele><time>2025-11-13T02:44:48Z</time><extensions><gpxtpx:TrackPointExtension><gpxtpx:cad>0</gpxtpx:cad></gpxtpx:TrackPointExtension></extensions></trkpt><trkpt lat="15.5187538359" lon="73.7493392173"><ele>-0.34</ele><time>2025-11-13T02:44:53Z</time><extensions><gpxtpx:TrackPointExtension><gpxtpx:cad>0</gpxtpx:cad></gpxtpx:TrackPointExtension></extensions></trkpt><trkpt lat="15.5187224876" lon="73.7495052628"><ele>-0.34</ele><time>2025-11-13T02:44:58Z</time><extensions><gpxtpx:TrackPointExtension><gpxtpx:cad>0</gpxtpx:cad></gpxtpx:TrackPointExtension></extensions></trkpt><trkpt lat="15.5187049694" lon="73.7496485934"><ele>-0.34</ele><time>2025-11-13T02:45:03Z</time><extensions><gpxtpx:TrackPointExtension><gpxtpx:cad>0</gpxtpx:cad></gpxtpx:TrackPointExtension></extensions></trkpt><trkpt lat="15.5186827574" lon="73.7498023175"><ele>0.14</ele><time>2025-11-13T02:45:08Z</time><extensions><gpxtpx:TrackPointExtension><gpxtpx:cad>0</gpxtpx:cad></gpxtpx:TrackPointExtension></extensions></trkpt><trkpt lat="15.5186527502" lon="73.7499546167"><ele>0.62</ele><time>2025-11-13T02:45:13Z</time><extensions><gpxtpx:TrackPointExtension><gpxtpx:cad>0</gpxtpx:cad></gpxtpx:TrackPointExtension></extensions></trkpt><trkpt lat="15.5186127685" lon="73.7500945944"><ele>0.62</ele><time>2025-11-13T02:45:18Z</time><extensions><gpxtpx:TrackPointExtension><gpxtpx:cad>0</gpxtpx:cad></gpxtpx:TrackPointExtension></extensions></trkpt><trkpt lat="15.5185608845" lon="73.7502421159"><ele>0.62</ele><time>2025-11-13T02:45:23Z</time><extensions><gpxtpx:TrackPointExtension><gpxtpx:cad>0</gpxtpx:cad></gpxtpx:TrackPointExtension></extensions></trkpt><trkpt lat="15.5184889678" lon="73.7503752206"><ele>0.62</ele><time>2025-11-13T02:45:28Z</time><extensions><gpxtpx:TrackPointExtension><gpxtpx:cad>0</gpxtpx:cad></gpxtpx:TrackPointExtension></extensions></trkpt><trkpt lat="15.5184220802" lon="73.7505186349"><ele>0.62</ele><time>2025-11-13T02:45:33Z</time><extensions><gpxtpx:TrackPointExtension><gpxtpx:cad>0</gpxtpx:cad></gpxtpx:TrackPointExtension></extensions></trkpt><trkpt lat="15.5183667596" lon="73.7506553438"><ele>0.14</ele><time>2025-11-13T02:45:38Z</time><extensions><gpxtpx:TrackPointExtension><gpxtpx:cad>0</gpxtpx:cad></gpxtpx:TrackPointExtension></extensions></trkpt><trkpt lat="15.5183158815" lon="73.7508148514"><ele>0.14</ele><time>2025-11-13T02:45:43Z</time><extensions><gpxtpx:TrackPointExtension><gpxtpx:cad>0</gpxtpx:cad></gpxtpx:TrackPointExtension></extensions></trkpt><trkpt lat="15.5182696972" lon="73.7509529013"><ele>0.14</ele><time>2025-11-13T02:45:48Z</time><extensions><gpxtpx:TrackPointExtension><gpxtpx:cad>0</gpxtpx:cad></gpxtpx:TrackPointExtension></extensions></trkpt><trkpt lat="15.5182212498" lon="73.7510978244"><ele>-0.34</ele><time>2025-11-13T02:45:53Z</time><extensions><gpxtpx:TrackPointExtension><gpxtpx:cad>0</gpxtpx:cad></gpxtpx:TrackPointExtension></extensions></trkpt><trkpt lat="15.5181717966" lon="73.7512457650"><ele>-0.34</ele><time>2025-11-13T02:45:58Z</time><extensions><gpxtpx:TrackPointExtension><gpxtpx:cad>0</gpxtpx:cad></gpxtpx:TrackPointExtension></extensions></trkpt><trkpt lat="15.5181280430" lon="73.7513889279"><ele>0.14</ele><time>2025-11-13T02:46:03Z</time><extensions><gpxtpx:TrackPointExtension><gpxtpx:cad>0</gpxtpx:cad></gpxtpx:TrackPointExtension></extensions></trkpt><trkpt lat="15.5180983711" lon="73.7515315879"><ele>0.14</ele><time>2025-11-13T02:46:08Z</time><extensions><gpxtpx:TrackPointExtension><gpxtpx:cad>0</gpxtpx:cad></gpxtpx:TrackPointExtension></extensions></trkpt><trkpt lat="15.5180748180" lon="73.7516837195"><ele>0.14</ele><time>2025-11-13T02:46:13Z</time><extensions><gpxtpx:TrackPointExtension><gpxtpx:cad>0</gpxtpx:cad></gpxtpx:TrackPointExtension></extensions></trkpt><trkpt lat="15.5180551205" lon="73.7518295646"><ele>0.14</ele><time>2025-11-13T02:46:18Z</time><extensions><gpxtpx:TrackPointExtension><gpxtpx:cad>0</gpxtpx:cad></gpxtpx:TrackPointExtension></extensions></trkpt><trkpt lat="15.5180265382" lon="73.7519843783"><ele>0.14</ele><time>2025-11-13T02:46:23Z</time><extensions><gpxtpx:TrackPointExtension><gpxtpx:cad>0</gpxtpx:cad></gpxtpx:TrackPointExtension></extensions></trkpt><trkpt lat="15.5179728102" lon="73.7521186564"><ele>0.14</ele><time>2025-11-13T02:46:28Z</time><extensions><gpxtpx:TrackPointExtension><gpxtpx:cad>0</gpxtpx:cad></gpxtpx:TrackPointExtension></extensions></trkpt><trkpt lat="15.5179005582" lon="73.7522639148"><ele>0.14</ele><time>2025-11-13T02:46:33Z</time><extensions><gpxtpx:TrackPointExtension><gpxtpx:cad>0</gpxtpx:cad></gpxtpx:TrackPointExtension></extensions></trkpt><trkpt lat="15.5178321619" lon="73.7524027191"><ele>0.14</ele><time>2025-11-13T02:46:38Z</time><extensions><gpxtpx:TrackPointExtension><gpxtpx:cad>0</gpxtpx:cad></gpxtpx:TrackPointExtension></extensions></trkpt><trkpt lat="15.5177694652" lon="73.7525462173"><ele>0.14</ele><time>2025-11-13T02:46:43Z</time><extensions><gpxtpx:TrackPointExtension><gpxtpx:cad>0</gpxtpx:cad></gpxtpx:TrackPointExtension></extensions></trkpt><trkpt lat="15.5177143123" lon="73.7526848540"><ele>0.14</ele><time>2025-11-13T02:46:48Z</time><extensions><gpxtpx:TrackPointExtension><gpxtpx:cad>0</gpxtpx:cad></gpxtpx:TrackPointExtension></extensions></trkpt><trkpt lat="15.5176501069" lon="73.7528211437"><ele>0.14</ele><time>2025-11-13T02:46:53Z</time><extensions><gpxtpx:TrackPointExtension><gpxtpx:cad>0</gpxtpx:cad></gpxtpx:TrackPointExtension></extensions></trkpt><trkpt lat="15.5175948702" lon="73.7529634684"><ele>0.62</ele><time>2025-11-13T02:46:58Z</time><extensions><gpxtpx:TrackPointExtension><gpxtpx:cad>0</gpxtpx:cad></gpxtpx:TrackPointExtension></extensions></trkpt><trkpt lat="15.5175249651" lon="73.7530968245"><ele>0.62</ele><time>2025-11-13T02:47:03Z</time><extensions><gpxtpx:TrackPointExtension><gpxtpx:cad>0</gpxtpx:cad></gpxtpx:TrackPointExtension></extensions></trkpt><trkpt lat="15.5174540542" lon="73.7532393169"><ele>0.62</ele><time>2025-11-13T02:47:08Z</time><extensions><gpxtpx:TrackPointExtension><gpxtpx:cad>0</gpxtpx:cad></gpxtpx:TrackPointExtension></extensions></trkpt><trkpt lat="15.5173870828" lon="73.7533713318"><ele>1.10</ele><time>2025-11-13T02:47:13Z</time><extensions><gpxtpx:TrackPointExtension><gpxtpx:cad>0</gpxtpx:cad></gpxtpx:TrackPointExtension></extensions></trkpt><trkpt lat="15.5173138250" lon="73.7535125669"><ele>1.10</ele><time>2025-11-13T02:47:18Z</time><extensions><gpxtpx:TrackPointExtension><gpxtpx:cad>0</gpxtpx:cad></gpxtpx:TrackPointExtension></extensions></trkpt><trkpt lat="15.5172398128" lon="73.7536465935"><ele>1.58</ele><time>2025-11-13T02:47:23Z</time><extensions><gpxtpx:TrackPointExtension><gpxtpx:cad>0</gpxtpx:cad></gpxtpx:TrackPointExtension></extensions></trkpt><trkpt lat="15.5171543173" lon="73.7537768483"><ele>1.10</ele><time>2025-11-13T02:47:28Z</time><extensions><gpxtpx:TrackPointExtension><gpxtpx:cad>0</gpxtpx:cad></gpxtpx:TrackPointExtension></extensions></trkpt><trkpt lat="15.5170715041" lon="73.7538970448"><ele>1.10</ele><time>2025-11-13T02:47:33Z</time><extensions><gpxtpx:TrackPointExtension><gpxtpx:cad>0</gpxtpx:cad></gpxtpx:TrackPointExtension></extensions></trkpt><trkpt lat="15.5170005932" lon="73.7540248688"><ele>1.10</ele><time>2025-11-13T02:47:38Z</time><extensions><gpxtpx:TrackPointExtension><gpxtpx:cad>0</gpxtpx:cad></gpxtpx:TrackPointExtension></extensions></trkpt><trkpt lat="15.5169207137" lon="73.7541640084"><ele>0.62</ele><time>2025-11-13T02:47:43Z</time><extensions><gpxtpx:TrackPointExtension><gpxtpx:cad>0</gpxtpx:cad></gpxtpx:TrackPointExtension></extensions></trkpt><trkpt lat="15.5168528203" lon="73.7543014716"><ele>0.62</ele><time>2025-11-13T02:47:48Z</time><extensions><gpxtpx:TrackPointExtension><gpxtpx:cad>0</gpxtpx:cad></gpxtpx:TrackPointExtension></extensions></trkpt><trkpt lat="15.5167882796" lon="73.7544454727"><ele>0.62</ele><time>2025-11-13T02:47:53Z</time><extensions><gpxtpx:TrackPointExtension><gpxtpx:cad>0</gpxtpx:cad></gpxtpx:TrackPointExtension></extensions></trkpt><trkpt lat="15.5167271756" lon="73.7545851991"><ele>0.62</ele><time>2025-11-13T02:47:58Z</time><extensions><gpxtpx:TrackPointExtension><gpxtpx:cad>0</gpxtpx:cad></gpxtpx:TrackPointExtension></extensions></trkpt><trkpt lat="15.5166545045" lon="73.7547269370"><ele>0.14</ele><time>2025-11-13T02:48:03Z</time><extensions><gpxtpx:TrackPointExtension><gpxtpx:cad>0</gpxtpx:cad></gpxtpx:TrackPointExtension></extensions></trkpt><trkpt lat="15.5165799893" lon="73.7548647355"><ele>-0.34</ele><time>2025-11-13T02:48:08Z</time><extensions><gpxtpx:TrackPointExtension><gpxtpx:cad>0</gpxtpx:cad></gpxtpx:TrackPointExtension></extensions></trkpt><trkpt lat="15.5165166222" lon="73.7550022826"><ele>0.14</ele><time>2025-11-13T02:48:13Z</time><extensions><gpxtpx:TrackPointExtension><gpxtpx:cad>0</gpxtpx:cad></gpxtpx:TrackPointExtension></extensions></trkpt><trkpt lat="15.5164563563" lon="73.7551379856"><ele>0.62</ele><time>2025-11-13T02:48:18Z</time><extensions><gpxtpx:TrackPointExtension><gpxtpx:cad>0</gpxtpx:cad></gpxtpx:TrackPointExtension></extensions></trkpt><trkpt lat="15.5163856968" lon="73.7552839983"><ele>0.62</ele><time>2025-11-13T02:48:23Z</time><extensions><gpxtpx:TrackPointExtension><gpxtpx:cad>0</gpxtpx:cad></gpxtpx:TrackPointExtension></extensions></trkpt><trkpt lat="15.5163292866" lon="73.7554216292"><ele>0.14</ele><time>2025-11-13T02:48:28Z</time><extensions><gpxtpx:TrackPointExtension><gpxtpx:cad>0</gpxtpx:cad></gpxtpx:TrackPointExtension></extensions></trkpt><trkpt lat="15.5162692722" lon="73.7555689830"><ele>0.14</ele><time>2025-11-13T02:48:33Z</time><extensions><gpxtpx:TrackPointExtension><gpxtpx:cad>0</gpxtpx:cad></gpxtpx:TrackPointExtension></extensions></trkpt><trkpt lat="15.5162086710" lon="73.7557114754"><ele>0.14</ele><time>2025-11-13T02:48:38Z</time><extensions><gpxtpx:TrackPointExtension><gpxtpx:cad>0</gpxtpx:cad></gpxtpx:TrackPointExtension></extensions></trkpt><trkpt lat="15.5161453877" lon="73.7558507826"><ele>0.62</ele><time>2025-11-13T02:48:43Z</time><extensions><gpxtpx:TrackPointExtension><gpxtpx:cad>0</gpxtpx:cad></gpxtpx:TrackPointExtension></extensions></trkpt><trkpt lat="15.5160890613" lon="73.7559957895"><ele>0.62</ele><time>2025-11-13T02:48:48Z</time><extensions><gpxtpx:TrackPointExtension><gpxtpx:cad>0</gpxtpx:cad></gpxtpx:TrackPointExtension></extensions></trkpt><trkpt lat="15.5160251912" lon="73.7561294809"><ele>0.62</ele><time>2025-11-13T02:48:53Z</time><extensions><gpxtpx:TrackPointExtension><gpxtpx:cad>0</gpxtpx:cad></gpxtpx:TrackPointExtension></extensions></trkpt><trkpt lat="15.5159477424" lon="73.7562671117"><ele>1.10</ele><time>2025-11-13T02:48:58Z</time><extensions><gpxtpx:TrackPointExtension><gpxtpx:cad>0</gpxtpx:cad></gpxtpx:TrackPointExtension></extensions></trkpt><trkpt lat="15.5158674438" lon="73.7563970312"><ele>1.10</ele><time>2025-11-13T02:49:03Z</time><extensions><gpxtpx:TrackPointExtension><gpxtpx:cad>0</gpxtpx:cad></gpxtpx:TrackPointExtension></extensions></trkpt><trkpt lat="15.5157889891" lon="73.7565298844"><ele>1.58</ele><time>2025-11-13T02:49:08Z</time><extensions><gpxtpx:TrackPointExtension><gpxtpx:cad>0</gpxtpx:cad></gpxtpx:TrackPointExtension></extensions></trkpt><trkpt lat="15.5157123785" lon="73.7566621508"><ele>1.10</ele><time>2025-11-13T02:49:13Z</time><extensions><gpxtpx:TrackPointExtension><gpxtpx:cad>0</gpxtpx:cad></gpxtpx:TrackPointExtension></extensions></trkpt><trkpt lat="15.5156444851" lon="73.7567967642"><ele>0.62</ele><time>2025-11-13T02:49:18Z</time><extensions><gpxtpx:TrackPointExtension><gpxtpx:cad>0</gpxtpx:cad></gpxtpx:TrackPointExtension></extensions></trkpt><trkpt lat="15.5155789386" lon="73.7569340598"><ele>0.62</ele><time>2025-11-13T02:49:23Z</time><extensions><gpxtpx:TrackPointExtension><gpxtpx:cad>0</gpxtpx:cad></gpxtpx:TrackPointExtension></extensions></trkpt><trkpt lat="15.5155046750" lon="73.7570698466"><ele>0.62</ele><time>2025-11-13T02:49:28Z</time><extensions><gpxtpx:TrackPointExtension><gpxtpx:cad>0</gpxtpx:cad></gpxtpx:TrackPointExtension></extensions></trkpt><trkpt lat="15.5154339317" lon="73.7572032865"><ele>0.62</ele><time>2025-11-13T02:49:33Z</time><extensions><gpxtpx:TrackPointExtension><gpxtpx:cad>0</gpxtpx:cad></gpxtpx:TrackPointExtension></extensions></trkpt><trkpt lat="15.5153531302" lon="73.7573415879"><ele>0.62</ele><time>2025-11-13T02:49:38Z</time><extensions><gpxtpx:TrackPointExtension><gpxtpx:cad>0</gpxtpx:cad></gpxtpx:TrackPointExtension></extensions></trkpt><trkpt lat="15.5152807944" lon="73.7574707530"><ele>1.10</ele><time>2025-11-13T02:49:43Z</time><extensions><gpxtpx:TrackPointExtension><gpxtpx:cad>0</gpxtpx:cad></gpxtpx:TrackPointExtension></extensions></trkpt><trkpt lat="15.5151983164" lon="73.7576116528"><ele>0.62</ele><time>2025-11-13T02:49:48Z</time><extensions><gpxtpx:TrackPointExtension><gpxtpx:cad>0</gpxtpx:cad></gpxtpx:TrackPointExtension></extensions></trkpt><trkpt lat="15.5151192751" lon="73.7577378843"><ele>0.14</ele><time>2025-11-13T02:49:53Z</time><extensions><gpxtpx:TrackPointExtension><gpxtpx:cad>0</gpxtpx:cad></gpxtpx:TrackPointExtension></extensions></trkpt><trkpt lat="15.5150306784" lon="73.7578701507"><ele>0.62</ele><time>2025-11-13T02:49:58Z</time><extensions><gpxtpx:TrackPointExtension><gpxtpx:cad>0</gpxtpx:cad></gpxtpx:TrackPointExtension></extensions></trkpt><trkpt lat="15.5149356276" lon="73.7579834741"><ele>0.62</ele><time>2025-11-13T02:50:03Z</time><extensions><gpxtpx:TrackPointExtension><gpxtpx:cad>0</gpxtpx:cad></gpxtpx:TrackPointExtension></extensions></trkpt><trkpt lat="15.5148296803" lon="73.7581028324"><ele>0.62</ele><time>2025-11-13T02:50:08Z</time><extensions><gpxtpx:TrackPointExtension><gpxtpx:cad>0</gpxtpx:cad></gpxtpx:TrackPointExtension></extensions></trkpt><trkpt lat="15.5147173628" lon="73.7582076062"><ele>0.62</ele><time>2025-11-13T02:50:13Z</time><extensions><gpxtpx:TrackPointExtension><gpxtpx:cad>0</gpxtpx:cad></gpxtpx:TrackPointExtension></extensions></trkpt><trkpt lat="15.5146125890" lon="73.7583212648"><ele>1.10</ele><time>2025-11-13T02:50:18Z</time><extensions><gpxtpx:TrackPointExtension><gpxtpx:cad>0</gpxtpx:cad></gpxtpx:TrackPointExtension></extensions></trkpt><trkpt lat="15.5145283509" lon="73.7584424671"><ele>1.10</ele><time>2025-11-13T02:50:23Z</time><extensions><gpxtpx:TrackPointExtension><gpxtpx:cad>0</gpxtpx:cad></gpxtpx:TrackPointExtension></extensions></trkpt><trkpt lat="15.5144545063" lon="73.7585770804"><ele>1.10</ele><time>2025-11-13T02:50:28Z</time><extensions><gpxtpx:TrackPointExtension><gpxtpx:cad>0</gpxtpx:cad></gpxtpx:TrackPointExtension></extensions></trkpt><trkpt lat="15.5143671669" lon="73.7587011326"><ele>1.10</ele><time>2025-11-13T02:50:33Z</time><extensions><gpxtpx:TrackPointExtension><gpxtpx:cad>0</gpxtpx:cad></gpxtpx:TrackPointExtension></extensions></trkpt><trkpt lat="15.5142795760" lon="73.7588245142"><ele>1.10</ele><time>2025-11-13T02:50:38Z</time><extensions><gpxtpx:TrackPointExtension><gpxtpx:cad>0</gpxtpx:cad></gpxtpx:TrackPointExtension></extensions></trkpt><trkpt lat="15.5141861178" lon="73.7589457165"><ele>1.58</ele><time>2025-11-13T02:50:43Z</time><extensions><gpxtpx:TrackPointExtension><gpxtpx:cad>0</gpxtpx:cad></gpxtpx:TrackPointExtension></extensions></trkpt><trkpt lat="15.5140915699" lon="73.7590602133"><ele>2.06</ele><time>2025-11-13T02:50:48Z</time><extensions><gpxtpx:TrackPointExtension><gpxtpx:cad>0</gpxtpx:cad></gpxtpx:TrackPointExtension></extensions></trkpt><trkpt lat="15.5139929149" lon="73.7591861095"><ele>1.58</ele><time>2025-11-13T02:50:53Z</time><extensions><gpxtpx:TrackPointExtension><gpxtpx:cad>0</gpxtpx:cad></gpxtpx:TrackPointExtension></extensions></trkpt><trkpt lat="15.5138948467" lon="73.7593081500"><ele>1.58</ele><time>2025-11-13T02:50:58Z</time><extensions><gpxtpx:TrackPointExtension><gpxtpx:cad>0</gpxtpx:cad></gpxtpx:TrackPointExtension></extensions></trkpt><trkpt lat="15.5138011370" lon="73.7594310287"><ele>1.58</ele><time>2025-11-13T02:51:03Z</time><extensions><gpxtpx:TrackPointExtension><gpxtpx:cad>0</gpxtpx:cad></gpxtpx:TrackPointExtension></extensions></trkpt><trkpt lat="15.5137108639" lon="73.7595545780"><ele>0.62</ele><time>2025-11-13T02:51:08Z</time><extensions><gpxtpx:TrackPointExtension><gpxtpx:cad>0</gpxtpx:cad></gpxtpx:TrackPointExtension></extensions></trkpt><trkpt lat="15.5136270449" lon="73.7596831564"><ele>1.10</ele><time>2025-11-13T02:51:13Z</time><extensions><gpxtpx:TrackPointExtension><gpxtpx:cad>0</gpxtpx:cad></gpxtpx:TrackPointExtension></extensions></trkpt><trkpt lat="15.5135536194" lon="73.7598202005"><ele>1.10</ele><time>2025-11-13T02:51:18Z</time><extensions><gpxtpx:TrackPointExtension><gpxtpx:cad>0</gpxtpx:cad></gpxtpx:TrackPointExtension></extensions></trkpt><trkpt lat="15.5134811997" lon="73.7599476893"><ele>0.62</ele><time>2025-11-13T02:51:23Z</time><extensions><gpxtpx:TrackPointExtension><gpxtpx:cad>0</gpxtpx:cad></gpxtpx:TrackPointExtension></extensions></trkpt><trkpt lat="15.5133899208" lon="73.7600767706"><ele>1.10</ele><time>2025-11-13T02:51:28Z</time><extensions><gpxtpx:TrackPointExtension><gpxtpx:cad>0</gpxtpx:cad></gpxtpx:TrackPointExtension></extensions></trkpt><trkpt lat="15.5132958759" lon="73.7602011580"><ele>1.10</ele><time>2025-11-13T02:51:33Z</time><extensions><gpxtpx:TrackPointExtension><gpxtpx:cad>0</gpxtpx:cad></gpxtpx:TrackPointExtension></extensions></trkpt><trkpt lat="15.5132046808" lon="73.7603228632"><ele>1.10</ele><time>2025-11-13T02:51:38Z</time><extensions><gpxtpx:TrackPointExtension><gpxtpx:cad>0</gpxtpx:cad></gpxtpx:TrackPointExtension></extensions></trkpt><trkpt lat="15.5131210294" lon="73.7604587339"><ele>1.58</ele><time>2025-11-13T02:51:43Z</time><extensions><gpxtpx:TrackPointExtension><gpxtpx:cad>0</gpxtpx:cad></gpxtpx:TrackPointExtension></extensions></trkpt><trkpt lat="15.5130387191" lon="73.7605758291"><ele>1.10</ele><time>2025-11-13T02:51:48Z</time><extensions><gpxtpx:TrackPointExtension><gpxtpx:cad>0</gpxtpx:cad></gpxtpx:TrackPointExtension></extensions></trkpt><trkpt lat="15.5129481945" lon="73.7606971152"><ele>1.10</ele><time>2025-11-13T02:51:53Z</time><extensions><gpxtpx:TrackPointExtension><gpxtpx:cad>0</gpxtpx:cad></gpxtpx:TrackPointExtension></extensions></trkpt><trkpt lat="15.5128470249" lon="73.7608189043"><ele>1.10</ele><time>2025-11-13T02:51:58Z</time><extensions><gpxtpx:TrackPointExtension><gpxtpx:cad>0</gpxtpx:cad></gpxtpx:TrackPointExtension></extensions></trkpt><trkpt lat="15.5127436761" lon="73.7609342393"><ele>1.10</ele><time>2025-11-13T02:52:03Z</time><extensions><gpxtpx:TrackPointExtension><gpxtpx:cad>0</gpxtpx:cad></gpxtpx:TrackPointExtension></extensions></trkpt><trkpt lat="15.5126521457" lon="73.7610541005"><ele>0.62</ele><time>2025-11-13T02:52:08Z</time><extensions><gpxtpx:TrackPointExtension><gpxtpx:cad>0</gpxtpx:cad></gpxtpx:TrackPointExtension></extensions></trkpt><trkpt lat="15.5125604477" lon="73.7611856963"><ele>0.14</ele><time>2025-11-13T02:52:13Z</time><extensions><gpxtpx:TrackPointExtension><gpxtpx:cad>0</gpxtpx:cad></gpxtpx:TrackPointExtension></extensions></trkpt><trkpt lat="15.5124795623" lon="73.7613193039"><ele>0.14</ele><time>2025-11-13T02:52:18Z</time><extensions><gpxtpx:TrackPointExtension><gpxtpx:cad>0</gpxtpx:cad></gpxtpx:TrackPointExtension></extensions></trkpt><trkpt lat="15.5124056339" lon="73.7614508998"><ele>0.14</ele><time>2025-11-13T02:52:23Z</time><extensions><gpxtpx:TrackPointExtension><gpxtpx:cad>0</gpxtpx:cad></gpxtpx:TrackPointExtension></extensions></trkpt><trkpt lat="15.5123224016" lon="73.7615823280"><ele>-0.34</ele><time>2025-11-13T02:52:28Z</time><extensions><gpxtpx:TrackPointExtension><gpxtpx:cad>0</gpxtpx:cad></gpxtpx:TrackPointExtension></extensions></trkpt><trkpt lat="15.5122358166" lon="73.7617082242"><ele>-0.34</ele><time>2025-11-13T02:52:33Z</time><extensions><gpxtpx:TrackPointExtension><gpxtpx:cad>0</gpxtpx:cad></gpxtpx:TrackPointExtension></extensions></trkpt><trkpt lat="15.5121445376" lon="73.7618272472"><ele>0.14</ele><time>2025-11-13T02:52:38Z</time><extensions><gpxtpx:TrackPointExtension><gpxtpx:cad>0</gpxtpx:cad></gpxtpx:TrackPointExtension></extensions></trkpt><trkpt lat="15.5120283645" lon="73.7619310990"><ele>0.14</ele><time>2025-11-13T02:52:43Z</time><extensions><gpxtpx:TrackPointExtension><gpxtpx:cad>0</gpxtpx:cad></gpxtpx:TrackPointExtension></extensions></trkpt><trkpt lat="15.5118949246" lon="73.7619825639"><ele>-0.34</ele><time>2025-11-13T02:52:48Z</time><extensions><gpxtpx:TrackPointExtension><gpxtpx:cad>0</gpxtpx:cad></gpxtpx:TrackPointExtension></extensions></trkpt><trkpt lat="15.5117567070" lon="73.7619676441"><ele>-0.34</ele><time>2025-11-13T02:52:53Z</time><extensions><gpxtpx:TrackPointExtension><gpxtpx:cad>0</gpxtpx:cad></gpxtpx:TrackPointExtension></extensions></trkpt><trkpt lat="15.5116218422" lon="73.7619097251"><ele>-0.34</ele><time>2025-11-13T02:52:58Z</time><extensions><gpxtpx:TrackPointExtension><gpxtpx:cad>0</gpxtpx:cad></gpxtpx:TrackPointExtension></extensions></trkpt><trkpt lat="15.5114874803" lon="73.7618399877"><ele>-0.34</ele><time>2025-11-13T02:53:03Z</time><extensions><gpxtpx:TrackPointExtension><gpxtpx:cad>0</gpxtpx:cad></gpxtpx:TrackPointExtension></extensions></trkpt><trkpt lat="15.5113481730" lon="73.7617715914"><ele>-0.82</ele><time>2025-11-13T02:53:08Z</time><extensions><gpxtpx:TrackPointExtension><gpxtpx:cad>0</gpxtpx:cad></gpxtpx:TrackPointExtension></extensions></trkpt><trkpt lat="15.5112066027" lon="73.7617075536"><ele>-0.34</ele><time>2025-11-13T02:53:13Z</time><extensions><gpxtpx:TrackPointExtension><gpxtpx:cad>0</gpxtpx:cad></gpxtpx:TrackPointExtension></extensions></trkpt><trkpt lat="15.5110622663" lon="73.7616499700"><ele>0.14</ele><time>2025-11-13T02:53:18Z</time><extensions><gpxtpx:TrackPointExtension><gpxtpx:cad>0</gpxtpx:cad></gpxtpx:TrackPointExtension></extensions></trkpt><trkpt lat="15.5109239649" lon="73.7615974154"><ele>0.62</ele><time>2025-11-13T02:53:23Z</time><extensions><gpxtpx:TrackPointExtension><gpxtpx:cad>0</gpxtpx:cad></gpxtpx:TrackPointExtension></extensions></trkpt><trkpt lat="15.5107711628" lon="73.7615595292"><ele>0.62</ele><time>2025-11-13T02:53:28Z</time><extensions><gpxtpx:TrackPointExtension><gpxtpx:cad>0</gpxtpx:cad></gpxtpx:TrackPointExtension></extensions></trkpt><trkpt lat="15.5106199533" lon="73.7615243252"><ele>0.62</ele><time>2025-11-13T02:53:33Z</time><extensions><gpxtpx:TrackPointExtension><gpxtpx:cad>0</gpxtpx:cad></gpxtpx:TrackPointExtension></extensions></trkpt><trkpt lat="15.5104710069" lon="73.7614904623"><ele>1.10</ele><time>2025-11-13T02:53:38Z</time><extensions><gpxtpx:TrackPointExtension><gpxtpx:cad>0</gpxtpx:cad></gpxtpx:TrackPointExtension></extensions></trkpt><trkpt lat="15.5103236530" lon="73.7614477146"><ele>1.10</ele><time>2025-11-13T02:53:43Z</time><extensions><gpxtpx:TrackPointExtension><gpxtpx:cad>0</gpxtpx:cad></gpxtpx:TrackPointExtension></extensions></trkpt><trkpt lat="15.5101771373" lon="73.7613986805"><ele>0.62</ele><time>2025-11-13T02:53:48Z</time><extensions><gpxtpx:TrackPointExtension><gpxtpx:cad>0</gpxtpx:cad></gpxtpx:TrackPointExtension></extensions></trkpt><trkpt lat="15.5100349803" lon="73.7613492273"><ele>0.62</ele><time>2025-11-13T02:53:53Z</time><extensions><gpxtpx:TrackPointExtension><gpxtpx:cad>0</gpxtpx:cad></gpxtpx:TrackPointExtension></extensions></trkpt><trkpt lat="15.5098945834" lon="73.7612911407"><ele>0.62</ele><time>2025-11-13T02:53:58Z</time><extensions><gpxtpx:TrackPointExtension><gpxtpx:cad>0</gpxtpx:cad></gpxtpx:TrackPointExtension></extensions></trkpt><trkpt lat="15.5097530968" lon="73.7612242531"><ele>0.62</ele><time>2025-11-13T02:54:03Z</time><extensions><gpxtpx:TrackPointExtension><gpxtpx:cad>0</gpxtpx:cad></gpxtpx:TrackPointExtension></extensions></trkpt><trkpt lat="15.5096231773" lon="73.7611464690"><ele>1.10</ele><time>2025-11-13T02:54:08Z</time><extensions><gpxtpx:TrackPointExtension><gpxtpx:cad>0</gpxtpx:cad></gpxtpx:TrackPointExtension></extensions></trkpt><trkpt lat="15.5095048249" lon="73.7610494904"><ele>1.10</ele><time>2025-11-13T02:54:13Z</time><extensions><gpxtpx:TrackPointExtension><gpxtpx:cad>0</gpxtpx:cad></gpxtpx:TrackPointExtension></extensions></trkpt><trkpt lat="15.5094060861" lon="73.7609316409"><ele>0.62</ele><time>2025-11-13T02:54:18Z</time><extensions><gpxtpx:TrackPointExtension><gpxtpx:cad>0</gpxtpx:cad></gpxtpx:TrackPointExtension></extensions></trkpt><trkpt lat="15.5092936009" lon="73.7608163059"><ele>0.62</ele><time>2025-11-13T02:54:23Z</time><extensions><gpxtpx:TrackPointExtension><gpxtpx:cad>0</gpxtpx:cad></gpxtpx:TrackPointExtension></extensions></trkpt><trkpt lat="15.5091692973" lon="73.7607171480"><ele>1.10</ele><time>2025-11-13T02:54:28Z</time><extensions><gpxtpx:TrackPointExtension><gpxtpx:cad>0</gpxtpx:cad></gpxtpx:TrackPointExtension></extensions></trkpt><trkpt lat="15.5090465024" lon="73.7606231868"><ele>1.10</ele><time>2025-11-13T02:54:33Z</time><extensions><gpxtpx:TrackPointExtension><gpxtpx:cad>0</gpxtpx:cad></gpxtpx:TrackPointExtension></extensions></trkpt><trkpt lat="15.5089243781" lon="73.7605244480"><ele>1.10</ele><time>2025-11-13T02:54:38Z</time><extensions><gpxtpx:TrackPointExtension><gpxtpx:cad>0</gpxtpx:cad></gpxtpx:TrackPointExtension></extensions></trkpt><trkpt lat="15.5088053551" lon="73.7604274694"><ele>1.10</ele><time>2025-11-13T02:54:43Z</time><extensions><gpxtpx:TrackPointExtension><gpxtpx:cad>0</gpxtpx:cad></gpxtpx:TrackPointExtension></extensions></trkpt><trkpt lat="15.5086851586" lon="73.7603299879"><ele>1.58</ele><time>2025-11-13T02:54:48Z</time><extensions><gpxtpx:TrackPointExtension><gpxtpx:cad>0</gpxtpx:cad></gpxtpx:TrackPointExtension></extensions></trkpt><trkpt lat="15.5085629504" lon="73.7602287345"><ele>1.58</ele><time>2025-11-13T02:54:53Z</time><extensions><gpxtpx:TrackPointExtension><gpxtpx:cad>0</gpxtpx:cad></gpxtpx:TrackPointExtension></extensions></trkpt><trkpt lat="15.5084445979" lon="73.7601235416"><ele>1.58</ele><time>2025-11-13T02:54:58Z</time><extensions><gpxtpx:TrackPointExtension><gpxtpx:cad>0</gpxtpx:cad></gpxtpx:TrackPointExtension></extensions></trkpt><trkpt lat="15.5083325319" lon="73.7600150798"><ele>1.58</ele><time>2025-11-13T02:55:03Z</time><extensions><gpxtpx:TrackPointExtension><gpxtpx:cad>0</gpxtpx:cad></gpxtpx:TrackPointExtension></extensions></trkpt><trkpt lat="15.5082197953" lon="73.7599036004"><ele>1.10</ele><time>2025-11-13T02:55:08Z</time><extensions><gpxtpx:TrackPointExtension><gpxtpx:cad>0</gpxtpx:cad></gpxtpx:TrackPointExtension></extensions></trkpt><trkpt lat="15.5081087351" lon="73.7597939651"><ele>0.62</ele><time>2025-11-13T02:55:13Z</time><extensions><gpxtpx:TrackPointExtension><gpxtpx:cad>0</gpxtpx:cad></gpxtpx:TrackPointExtension></extensions></trkpt><trkpt lat="15.5079984292" lon="73.7596831564"><ele>1.10</ele><time>2025-11-13T02:55:18Z</time><extensions><gpxtpx:TrackPointExtension><gpxtpx:cad>0</gpxtpx:cad></gpxtpx:TrackPointExtension></extensions></trkpt><trkpt lat="15.5078860279" lon="73.7595711742"><ele>1.10</ele><time>2025-11-13T02:55:23Z</time><extensions><gpxtpx:TrackPointExtension><gpxtpx:cad>0</gpxtpx:cad></gpxtpx:TrackPointExtension></extensions></trkpt><trkpt lat="15.5077598803" lon="73.7594686635"><ele>1.10</ele><time>2025-11-13T02:55:28Z</time><extensions><gpxtpx:TrackPointExtension><gpxtpx:cad>0</gpxtpx:cad></gpxtpx:TrackPointExtension></extensions></trkpt><trkpt lat="15.5076239258" lon="73.7594057154"><ele>0.62</ele><time>2025-11-13T02:55:33Z</time><extensions><gpxtpx:TrackPointExtension><gpxtpx:cad>0</gpxtpx:cad></gpxtpx:TrackPointExtension></extensions></trkpt><trkpt lat="15.5074831098" lon="73.7593442760"><ele>0.62</ele><time>2025-11-13T02:55:38Z</time><extensions><gpxtpx:TrackPointExtension><gpxtpx:cad>0</gpxtpx:cad></gpxtpx:TrackPointExtension></extensions></trkpt><trkpt lat="15.5073452275" lon="73.7592856027"><ele>0.62</ele><time>2025-11-13T02:55:43Z</time><extensions><gpxtpx:TrackPointExtension><gpxtpx:cad>0</gpxtpx:cad></gpxtpx:TrackPointExtension></extensions></trkpt><trkpt lat="15.5071978737" lon="73.7592286896"><ele>1.10</ele><time>2025-11-13T02:55:48Z</time><extensions><gpxtpx:TrackPointExtension><gpxtpx:cad>0</gpxtpx:cad></gpxtpx:TrackPointExtension></extensions></trkpt><trkpt lat="15.5070568901" lon="73.7591648195"><ele>1.10</ele><time>2025-11-13T02:55:53Z</time><extensions><gpxtpx:TrackPointExtension><gpxtpx:cad>0</gpxtpx:cad></gpxtpx:TrackPointExtension></extensions></trkpt><trkpt lat="15.5069132242" lon="73.7591054756"><ele>1.10</ele><time>2025-11-13T02:55:58Z</time><extensions><gpxtpx:TrackPointExtension><gpxtpx:cad>0</gpxtpx:cad></gpxtpx:TrackPointExtension></extensions></trkpt><trkpt lat="15.5067715701" lon="73.7590524182"><ele>1.58</ele><time>2025-11-13T02:56:03Z</time><extensions><gpxtpx:TrackPointExtension><gpxtpx:cad>0</gpxtpx:cad></gpxtpx:TrackPointExtension></extensions></trkpt><trkpt lat="15.5066302512" lon="73.7589900568"><ele>0.62</ele><time>2025-11-13T02:56:08Z</time><extensions><gpxtpx:TrackPointExtension><gpxtpx:cad>0</gpxtpx:cad></gpxtpx:TrackPointExtension></extensions></trkpt><trkpt lat="15.5064905249" lon="73.7589266058"><ele>0.14</ele><time>2025-11-13T02:56:13Z</time><extensions><gpxtpx:TrackPointExtension><gpxtpx:cad>0</gpxtpx:cad></gpxtpx:TrackPointExtension></extensions></trkpt><trkpt lat="15.5063523073" lon="73.7588572875"><ele>0.14</ele><time>2025-11-13T02:56:18Z</time><extensions><gpxtpx:TrackPointExtension><gpxtpx:cad>0</gpxtpx:cad></gpxtpx:TrackPointExtension></extensions></trkpt><trkpt lat="15.5062118266" lon="73.7587886397"><ele>0.62</ele><time>2025-11-13T02:56:23Z</time><extensions><gpxtpx:TrackPointExtension><gpxtpx:cad>0</gpxtpx:cad></gpxtpx:TrackPointExtension></extensions></trkpt><trkpt lat="15.5060724355" lon="73.7587230094"><ele>0.14</ele><time>2025-11-13T02:56:28Z</time><extensions><gpxtpx:TrackPointExtension><gpxtpx:cad>0</gpxtpx:cad></gpxtpx:TrackPointExtension></extensions></trkpt><trkpt lat="15.5059319548" lon="73.7586605642"><ele>0.62</ele><time>2025-11-13T02:56:33Z</time><extensions><gpxtpx:TrackPointExtension><gpxtpx:cad>0</gpxtpx:cad></gpxtpx:TrackPointExtension></extensions></trkpt><trkpt lat="15.5057878699" lon="73.7586072553"><ele>0.14</ele><time>2025-11-13T02:56:38Z</time><extensions><gpxtpx:TrackPointExtension><gpxtpx:cad>0</gpxtpx:cad></gpxtpx:TrackPointExtension></extensions></trkpt><trkpt lat="15.5056407675" lon="73.7585583888"><ele>0.62</ele><time>2025-11-13T02:56:43Z</time><extensions><gpxtpx:TrackPointExtension><gpxtpx:cad>0</gpxtpx:cad></gpxtpx:TrackPointExtension></extensions></trkpt><trkpt lat="15.5054960959" lon="73.7585201673"><ele>0.62</ele><time>2025-11-13T02:56:48Z</time><extensions><gpxtpx:TrackPointExtension><gpxtpx:cad>0</gpxtpx:cad></gpxtpx:TrackPointExtension></extensions></trkpt><trkpt lat="15.5053504184" lon="73.7584722228"><ele>1.10</ele><time>2025-11-13T02:56:53Z</time><extensions><gpxtpx:TrackPointExtension><gpxtpx:cad>0</gpxtpx:cad></gpxtpx:TrackPointExtension></extensions></trkpt><trkpt lat="15.5052045733" lon="73.7584283855"><ele>1.10</ele><time>2025-11-13T02:56:58Z</time><extensions><gpxtpx:TrackPointExtension><gpxtpx:cad>0</gpxtpx:cad></gpxtpx:TrackPointExtension></extensions></trkpt><trkpt lat="15.5050575547" lon="73.7583842129"><ele>1.58</ele><time>2025-11-13T02:57:03Z</time><extensions><gpxtpx:TrackPointExtension><gpxtpx:cad>0</gpxtpx:cad></gpxtpx:TrackPointExtension></extensions></trkpt><trkpt lat="15.5049118772" lon="73.7583382800"><ele>1.58</ele><time>2025-11-13T02:57:08Z</time><extensions><gpxtpx:TrackPointExtension><gpxtpx:cad>0</gpxtpx:cad></gpxtpx:TrackPointExtension></extensions></trkpt><trkpt lat="15.5047663674" lon="73.7582895812"><ele>1.58</ele><time>2025-11-13T02:57:13Z</time><extensions><gpxtpx:TrackPointExtension><gpxtpx:cad>0</gpxtpx:cad></gpxtpx:TrackPointExtension></extensions></trkpt><trkpt lat="15.5046225339" lon="73.7582293153"><ele>1.58</ele><time>2025-11-13T02:57:18Z</time><extensions><gpxtpx:TrackPointExtension><gpxtpx:cad>0</gpxtpx:cad></gpxtpx:TrackPointExtension></extensions></trkpt><trkpt lat="15.5044819694" lon="73.7581709772"><ele>1.58</ele><time>2025-11-13T02:57:23Z</time><extensions><gpxtpx:TrackPointExtension><gpxtpx:cad>0</gpxtpx:cad></gpxtpx:TrackPointExtension></extensions></trkpt><trkpt lat="15.5043385550" lon="73.7581071910"><ele>1.58</ele><time>2025-11-13T02:57:28Z</time><extensions><gpxtpx:TrackPointExtension><gpxtpx:cad>0</gpxtpx:cad></gpxtpx:TrackPointExtension></extensions></trkpt><trkpt lat="15.5041997507" lon="73.7580369506"><ele>1.10</ele><time>2025-11-13T02:57:33Z</time><extensions><gpxtpx:TrackPointExtension><gpxtpx:cad>0</gpxtpx:cad></gpxtpx:TrackPointExtension></extensions></trkpt><trkpt lat="15.5040606111" lon="73.7579677999"><ele>1.58</ele><time>2025-11-13T02:57:38Z</time><extensions><gpxtpx:TrackPointExtension><gpxtpx:cad>0</gpxtpx:cad></gpxtpx:TrackPointExtension></extensions></trkpt><trkpt lat="15.5039197113" lon="73.7578999065"><ele>1.10</ele><time>2025-11-13T02:57:43Z</time><extensions><gpxtpx:TrackPointExtension><gpxtpx:cad>0</gpxtpx:cad></gpxtpx:TrackPointExtension></extensions></trkpt><trkpt lat="15.5037804041" lon="73.7578343600"><ele>1.58</ele><time>2025-11-13T02:57:48Z</time><extensions><gpxtpx:TrackPointExtension><gpxtpx:cad>0</gpxtpx:cad></gpxtpx:TrackPointExtension></extensions></trkpt><trkpt lat="15.5036411807" lon="73.7577640358"><ele>1.58</ele><time>2025-11-13T02:57:53Z</time><extensions><gpxtpx:TrackPointExtension><gpxtpx:cad>0</gpxtpx:cad></gpxtpx:TrackPointExtension></extensions></trkpt><trkpt lat="15.5035008676" lon="73.7576989084"><ele>1.58</ele><time>2025-11-13T02:57:58Z</time><extensions><gpxtpx:TrackPointExtension><gpxtpx:cad>0</gpxtpx:cad></gpxtpx:TrackPointExtension></extensions></trkpt><trkpt lat="15.5033613928" lon="73.7576309312"><ele>1.10</ele><time>2025-11-13T02:58:03Z</time><extensions><gpxtpx:TrackPointExtension><gpxtpx:cad>0</gpxtpx:cad></gpxtpx:TrackPointExtension></extensions></trkpt><trkpt lat="15.5032297131" lon="73.7575607747"><ele>1.10</ele><time>2025-11-13T02:58:08Z</time><extensions><gpxtpx:TrackPointExtension><gpxtpx:cad>0</gpxtpx:cad></gpxtpx:TrackPointExtension></extensions></trkpt><trkpt lat="15.5030868016" lon="73.7574933004"><ele>0.14</ele><time>2025-11-13T02:58:13Z</time><extensions><gpxtpx:TrackPointExtension><gpxtpx:cad>0</gpxtpx:cad></gpxtpx:TrackPointExtension></extensions></trkpt><trkpt lat="15.5029482488" lon="73.7574236467"><ele>0.14</ele><time>2025-11-13T02:58:18Z</time><extensions><gpxtpx:TrackPointExtension><gpxtpx:cad>0</gpxtpx:cad></gpxtpx:TrackPointExtension></extensions></trkpt><trkpt lat="15.5028101988" lon="73.7573492993"><ele>0.62</ele><time>2025-11-13T02:58:23Z</time><extensions><gpxtpx:TrackPointExtension><gpxtpx:cad>0</gpxtpx:cad></gpxtpx:TrackPointExtension></extensions></trkpt><trkpt lat="15.5026668683" lon="73.7572799809"><ele>0.62</ele><time>2025-11-13T02:58:28Z</time><extensions><gpxtpx:TrackPointExtension><gpxtpx:cad>0</gpxtpx:cad></gpxtpx:TrackPointExtension></extensions></trkpt><trkpt lat="15.5025326740" lon="73.7572109140"><ele>0.62</ele><time>2025-11-13T02:58:33Z</time><extensions><gpxtpx:TrackPointExtension><gpxtpx:cad>0</gpxtpx:cad></gpxtpx:TrackPointExtension></extensions></trkpt><trkpt lat="15.5023931991" lon="73.7571456190"><ele>0.62</ele><time>2025-11-13T02:58:38Z</time><extensions><gpxtpx:TrackPointExtension><gpxtpx:cad>0</gpxtpx:cad></gpxtpx:TrackPointExtension></extensions></trkpt><trkpt lat="15.5022559036" lon="73.7570763007"><ele>0.62</ele><time>2025-11-13T02:58:43Z</time><extensions><gpxtpx:TrackPointExtension><gpxtpx:cad>0</gpxtpx:cad></gpxtpx:TrackPointExtension></extensions></trkpt><trkpt lat="15.5021171831" lon="73.7570063956"><ele>0.62</ele><time>2025-11-13T02:58:48Z</time><extensions><gpxtpx:TrackPointExtension><gpxtpx:cad>0</gpxtpx:cad></gpxtpx:TrackPointExtension></extensions></trkpt><trkpt lat="15.5019761156" lon="73.7569270190"><ele>1.10</ele><time>2025-11-13T02:58:53Z</time><extensions><gpxtpx:TrackPointExtension><gpxtpx:cad>0</gpxtpx:cad></gpxtpx:TrackPointExtension></extensions></trkpt><trkpt lat="15.5018435139" lon="73.7568517495"><ele>1.10</ele><time>2025-11-13T02:58:58Z</time><extensions><gpxtpx:TrackPointExtension><gpxtpx:cad>0</gpxtpx:cad></gpxtpx:TrackPointExtension></extensions></trkpt><trkpt lat="15.5017064698" lon="73.7567784078"><ele>0.62</ele><time>2025-11-13T02:59:03Z</time><extensions><gpxtpx:TrackPointExtension><gpxtpx:cad>0</gpxtpx:cad></gpxtpx:TrackPointExtension></extensions></trkpt><trkpt lat="15.5015586130" lon="73.7567055691"><ele>2.06</ele><time>2025-11-13T02:59:08Z</time><extensions><gpxtpx:TrackPointExtension><gpxtpx:cad>0</gpxtpx:cad></gpxtpx:TrackPointExtension></extensions></trkpt><trkpt lat="15.5014203116" lon="73.7566411123"><ele>3.02</ele><time>2025-11-13T02:59:13Z</time><extensions><gpxtpx:TrackPointExtension><gpxtpx:cad>0</gpxtpx:cad></gpxtpx:TrackPointExtension></extensions></trkpt><trkpt lat="15.5012773164" lon="73.7565857917"><ele>3.98</ele><time>2025-11-13T02:59:18Z</time><extensions><gpxtpx:TrackPointExtension><gpxtpx:cad>0</gpxtpx:cad></gpxtpx:TrackPointExtension></extensions></trkpt><trkpt lat="15.5011366680" lon="73.7565380149"><ele>4.46</ele><time>2025-11-13T02:59:23Z</time><extensions><gpxtpx:TrackPointExtension><gpxtpx:cad>0</gpxtpx:cad></gpxtpx:TrackPointExtension></extensions></trkpt><trkpt lat="15.5009961035" lon="73.7564827781"><ele>3.98</ele><time>2025-11-13T02:59:28Z</time><extensions><gpxtpx:TrackPointExtension><gpxtpx:cad>0</gpxtpx:cad></gpxtpx:TrackPointExtension></extensions></trkpt><trkpt lat="15.5008576345" lon="73.7564276252"><ele>2.54</ele><time>2025-11-13T02:59:33Z</time><extensions><gpxtpx:TrackPointExtension><gpxtpx:cad>0</gpxtpx:cad></gpxtpx:TrackPointExtension></extensions></trkpt><trkpt lat="15.5007101130" lon="73.7563738972"><ele>2.06</ele><time>2025-11-13T02:59:38Z</time><extensions><gpxtpx:TrackPointExtension><gpxtpx:cad>0</gpxtpx:cad></gpxtpx:TrackPointExtension></extensions></trkpt><trkpt lat="15.5005623400" lon="73.7563199177"><ele>1.58</ele><time>2025-11-13T02:59:43Z</time><extensions><gpxtpx:TrackPointExtension><gpxtpx:cad>0</gpxtpx:cad></gpxtpx:TrackPointExtension></extensions></trkpt><trkpt lat="15.5004156567" lon="73.7562660221"><ele>1.58</ele><time>2025-11-13T02:59:48Z</time><extensions><gpxtpx:TrackPointExtension><gpxtpx:cad>0</gpxtpx:cad></gpxtpx:TrackPointExtension></extensions></trkpt><trkpt lat="15.5002746731" lon="73.7562091090"><ele>1.58</ele><time>2025-11-13T02:59:53Z</time><extensions><gpxtpx:TrackPointExtension><gpxtpx:cad>0</gpxtpx:cad></gpxtpx:TrackPointExtension></extensions></trkpt><trkpt lat="15.5001351144" lon="73.7561487593"><ele>2.06</ele><time>2025-11-13T02:59:58Z</time><extensions><gpxtpx:TrackPointExtension><gpxtpx:cad>0</gpxtpx:cad></gpxtpx:TrackPointExtension></extensions></trkpt><trkpt lat="15.4999988247" lon="73.7560786027"><ele>2.06</ele><time>2025-11-13T03:00:03Z</time><extensions><gpxtpx:TrackPointExtension><gpxtpx:cad>0</gpxtpx:cad></gpxtpx:TrackPointExtension></extensions></trkpt><trkpt lat="15.4998606909" lon="73.7560045067"><ele>2.06</ele><time>2025-11-13T03:00:08Z</time><extensions><gpxtpx:TrackPointExtension><gpxtpx:cad>0</gpxtpx:cad></gpxtpx:TrackPointExtension></extensions></trkpt><trkpt lat="15.4997200426" lon="73.7559425645"><ele>2.06</ele><time>2025-11-13T03:00:13Z</time><extensions><gpxtpx:TrackPointExtension><gpxtpx:cad>0</gpxtpx:cad></gpxtpx:TrackPointExtension></extensions></trkpt><trkpt lat="15.4995738622" lon="73.7558836397"><ele>2.06</ele><time>2025-11-13T03:00:18Z</time><extensions><gpxtpx:TrackPointExtension><gpxtpx:cad>0</gpxtpx:cad></gpxtpx:TrackPointExtension></extensions></trkpt><trkpt lat="15.4994310346" lon="73.7558391318"><ele>2.06</ele><time>2025-11-13T03:00:23Z</time><extensions><gpxtpx:TrackPointExtension><gpxtpx:cad>0</gpxtpx:cad></gpxtpx:TrackPointExtension></extensions></trkpt><trkpt lat="15.4992833454" lon="73.7558022514"><ele>1.58</ele><time>2025-11-13T03:00:28Z</time><extensions><gpxtpx:TrackPointExtension><gpxtpx:cad>0</gpxtpx:cad></gpxtpx:TrackPointExtension></extensions></trkpt><trkpt lat="15.4991302919" lon="73.7557682209"><ele>1.10</ele><time>2025-11-13T03:00:33Z</time><extensions><gpxtpx:TrackPointExtension><gpxtpx:cad>0</gpxtpx:cad></gpxtpx:TrackPointExtension></extensions></trkpt><trkpt lat="15.4989839438" lon="73.7557310890"><ele>1.10</ele><time>2025-11-13T03:00:38Z</time><extensions><gpxtpx:TrackPointExtension><gpxtpx:cad>0</gpxtpx:cad></gpxtpx:TrackPointExtension></extensions></trkpt><trkpt lat="15.4988376796" lon="73.7556931190"><ele>0.62</ele><time>2025-11-13T03:00:43Z</time><extensions><gpxtpx:TrackPointExtension><gpxtpx:cad>0</gpxtpx:cad></gpxtpx:TrackPointExtension></extensions></trkpt><trkpt lat="15.4986905772" lon="73.7556622736"><ele>0.14</ele><time>2025-11-13T03:00:48Z</time><extensions><gpxtpx:TrackPointExtension><gpxtpx:cad>0</gpxtpx:cad></gpxtpx:TrackPointExtension></extensions></trkpt><trkpt lat="15.4985441454" lon="73.7556372117"><ele>-0.34</ele><time>2025-11-13T03:00:53Z</time><extensions><gpxtpx:TrackPointExtension><gpxtpx:cad>0</gpxtpx:cad></gpxtpx:TrackPointExtension></extensions></trkpt><trkpt lat="15.4983971268" lon="73.7556093838"><ele>-0.34</ele><time>2025-11-13T03:00:58Z</time><extensions><gpxtpx:TrackPointExtension><gpxtpx:cad>0</gpxtpx:cad></gpxtpx:TrackPointExtension></extensions></trkpt><trkpt lat="15.4982475936" lon="73.7555781193"><ele>0.14</ele><time>2025-11-13T03:01:03Z</time><extensions><gpxtpx:TrackPointExtension><gpxtpx:cad>0</gpxtpx:cad></gpxtpx:TrackPointExtension></extensions></trkpt><trkpt lat="15.4980960488" lon="73.7555383891"><ele>0.14</ele><time>2025-11-13T03:01:08Z</time><extensions><gpxtpx:TrackPointExtension><gpxtpx:cad>0</gpxtpx:cad></gpxtpx:TrackPointExtension></extensions></trkpt><trkpt lat="15.4979531374" lon="73.7554874271"><ele>0.62</ele><time>2025-11-13T03:01:13Z</time><extensions><gpxtpx:TrackPointExtension><gpxtpx:cad>0</gpxtpx:cad></gpxtpx:TrackPointExtension></extensions></trkpt><trkpt lat="15.4978071246" lon="73.7554198690"><ele>1.10</ele><time>2025-11-13T03:01:18Z</time><extensions><gpxtpx:TrackPointExtension><gpxtpx:cad>0</gpxtpx:cad></gpxtpx:TrackPointExtension></extensions></trkpt><trkpt lat="15.4976698291" lon="73.7553485390"><ele>1.10</ele><time>2025-11-13T03:01:23Z</time><extensions><gpxtpx:TrackPointExtension><gpxtpx:cad>0</gpxtpx:cad></gpxtpx:TrackPointExtension></extensions></trkpt><trkpt lat="15.4975316115" lon="73.7552772090"><ele>1.10</ele><time>2025-11-13T03:01:28Z</time><extensions><gpxtpx:TrackPointExtension><gpxtpx:cad>0</gpxtpx:cad></gpxtpx:TrackPointExtension></extensions></trkpt><trkpt lat="15.4973918851" lon="73.7552114949"><ele>1.10</ele><time>2025-11-13T03:01:33Z</time><extensions><gpxtpx:TrackPointExtension><gpxtpx:cad>0</gpxtpx:cad></gpxtpx:TrackPointExtension></extensions></trkpt><trkpt lat="15.4972540867" lon="73.7551438529"><ele>1.10</ele><time>2025-11-13T03:01:38Z</time><extensions><gpxtpx:TrackPointExtension><gpxtpx:cad>0</gpxtpx:cad></gpxtpx:TrackPointExtension></extensions></trkpt><trkpt lat="15.4971163720" lon="73.7550705113"><ele>1.58</ele><time>2025-11-13T03:01:43Z</time><extensions><gpxtpx:TrackPointExtension><gpxtpx:cad>0</gpxtpx:cad></gpxtpx:TrackPointExtension></extensions></trkpt><trkpt lat="15.4969774000" lon="73.7549945712"><ele>1.58</ele><time>2025-11-13T03:01:48Z</time><extensions><gpxtpx:TrackPointExtension><gpxtpx:cad>0</gpxtpx:cad></gpxtpx:TrackPointExtension></extensions></trkpt><trkpt lat="15.4968411941" lon="73.7549229898"><ele>2.06</ele><time>2025-11-13T03:01:53Z</time><extensions><gpxtpx:TrackPointExtension><gpxtpx:cad>0</gpxtpx:cad></gpxtpx:TrackPointExtension></extensions></trkpt><trkpt lat="15.4966994561" lon="73.7548545096"><ele>1.58</ele><time>2025-11-13T03:01:58Z</time><extensions><gpxtpx:TrackPointExtension><gpxtpx:cad>0</gpxtpx:cad></gpxtpx:TrackPointExtension></extensions></trkpt><trkpt lat="15.4965614062" lon="73.7547846045"><ele>2.06</ele><time>2025-11-13T03:02:03Z</time><extensions><gpxtpx:TrackPointExtension><gpxtpx:cad>0</gpxtpx:cad></gpxtpx:TrackPointExtension></extensions></trkpt><trkpt lat="15.4964336660" lon="73.7546879612"><ele>2.06</ele><time>2025-11-13T03:02:08Z</time><extensions><gpxtpx:TrackPointExtension><gpxtpx:cad>0</gpxtpx:cad></gpxtpx:TrackPointExtension></extensions></trkpt><trkpt lat="15.4963099491" lon="73.7545990292"><ele>2.06</ele><time>2025-11-13T03:02:13Z</time><extensions><gpxtpx:TrackPointExtension><gpxtpx:cad>0</gpxtpx:cad></gpxtpx:TrackPointExtension></extensions></trkpt><trkpt lat="15.4961780179" lon="73.7545176409"><ele>2.54</ele><time>2025-11-13T03:02:18Z</time><extensions><gpxtpx:TrackPointExtension><gpxtpx:cad>0</gpxtpx:cad></gpxtpx:TrackPointExtension></extensions></trkpt><trkpt lat="15.4960405547" lon="73.7544411141"><ele>2.54</ele><time>2025-11-13T03:02:23Z</time><extensions><gpxtpx:TrackPointExtension><gpxtpx:cad>0</gpxtpx:cad></gpxtpx:TrackPointExtension></extensions></trkpt><trkpt lat="15.4959028400" lon="73.7543654256"><ele>3.02</ele><time>2025-11-13T03:02:28Z</time><extensions><gpxtpx:TrackPointExtension><gpxtpx:cad>0</gpxtpx:cad></gpxtpx:TrackPointExtension></extensions></trkpt><trkpt lat="15.4957697354" lon="73.7542807683"><ele>3.02</ele><time>2025-11-13T03:02:33Z</time><extensions><gpxtpx:TrackPointExtension><gpxtpx:cad>0</gpxtpx:cad></gpxtpx:TrackPointExtension></extensions></trkpt><trkpt lat="15.4956373852" lon="73.7541983742"><ele>3.02</ele><time>2025-11-13T03:02:38Z</time><extensions><gpxtpx:TrackPointExtension><gpxtpx:cad>0</gpxtpx:cad></gpxtpx:TrackPointExtension></extensions></trkpt><trkpt lat="15.4954938032" lon="73.7541548721"><ele>3.50</ele><time>2025-11-13T03:02:43Z</time><extensions><gpxtpx:TrackPointExtension><gpxtpx:cad>0</gpxtpx:cad></gpxtpx:TrackPointExtension></extensions></trkpt><trkpt lat="15.4953581002" lon="73.7541756593"><ele>3.50</ele><time>2025-11-13T03:02:48Z</time><extensions><gpxtpx:TrackPointExtension><gpxtpx:cad>0</gpxtpx:cad></gpxtpx:TrackPointExtension></extensions></trkpt><trkpt lat="15.4952480458" lon="73.7542543653"><ele>3.50</ele><time>2025-11-13T03:02:53Z</time><extensions><gpxtpx:TrackPointExtension><gpxtpx:cad>0</gpxtpx:cad></gpxtpx:TrackPointExtension></extensions></trkpt><trkpt lat="15.4951704293" lon="73.7543693651"><ele>3.02</ele><time>2025-11-13T03:02:58Z</time><extensions><gpxtpx:TrackPointExtension><gpxtpx:cad>0</gpxtpx:cad></gpxtpx:TrackPointExtension></extensions></trkpt><trkpt lat="15.4951073974" lon="73.7544905674"><ele>2.54</ele><time>2025-11-13T03:03:03Z</time><extensions><gpxtpx:TrackPointExtension><gpxtpx:cad>0</gpxtpx:cad></gpxtpx:TrackPointExtension></extensions></trkpt><trkpt lat="15.4950322118" lon="73.7546307966"><ele>2.54</ele><time>2025-11-13T03:03:08Z</time><extensions><gpxtpx:TrackPointExtension><gpxtpx:cad>0</gpxtpx:cad></gpxtpx:TrackPointExtension></extensions></trkpt><trkpt lat="15.4949565232" lon="73.7547564413"><ele>2.54</ele><time>2025-11-13T03:03:13Z</time><extensions><gpxtpx:TrackPointExtension><gpxtpx:cad>0</gpxtpx:cad></gpxtpx:TrackPointExtension></extensions></trkpt><trkpt lat="15.4948884621" lon="73.7548912223"><ele>2.54</ele><time>2025-11-13T03:03:18Z</time><extensions><gpxtpx:TrackPointExtension><gpxtpx:cad>0</gpxtpx:cad></gpxtpx:TrackPointExtension></extensions></trkpt><trkpt lat="15.4948261846" lon="73.7550296076"><ele>2.06</ele><time>2025-11-13T03:03:23Z</time><extensions><gpxtpx:TrackPointExtension><gpxtpx:cad>0</gpxtpx:cad></gpxtpx:TrackPointExtension></extensions></trkpt><trkpt lat="15.4947629850" lon="73.7551632151"><ele>2.06</ele><time>2025-11-13T03:03:28Z</time><extensions><gpxtpx:TrackPointExtension><gpxtpx:cad>0</gpxtpx:cad></gpxtpx:TrackPointExtension></extensions></trkpt><trkpt lat="15.4947041441" lon="73.7553045340"><ele>2.06</ele><time>2025-11-13T03:03:33Z</time><extensions><gpxtpx:TrackPointExtension><gpxtpx:cad>0</gpxtpx:cad></gpxtpx:TrackPointExtension></extensions></trkpt><trkpt lat="15.4946387652" lon="73.7554388959"><ele>1.58</ele><time>2025-11-13T03:03:38Z</time><extensions><gpxtpx:TrackPointExtension><gpxtpx:cad>0</gpxtpx:cad></gpxtpx:TrackPointExtension></extensions></trkpt><trkpt lat="15.4945766553" lon="73.7555785384"><ele>1.58</ele><time>2025-11-13T03:03:43Z</time><extensions><gpxtpx:TrackPointExtension><gpxtpx:cad>0</gpxtpx:cad></gpxtpx:TrackPointExtension></extensions></trkpt><trkpt lat="15.4945048224" lon="73.7557051051"><ele>1.58</ele><time>2025-11-13T03:03:48Z</time><extensions><gpxtpx:TrackPointExtension><gpxtpx:cad>0</gpxtpx:cad></gpxtpx:TrackPointExtension></extensions></trkpt><trkpt lat="15.4944257811" lon="73.7558346894"><ele>1.10</ele><time>2025-11-13T03:03:53Z</time><extensions><gpxtpx:TrackPointExtension><gpxtpx:cad>0</gpxtpx:cad></gpxtpx:TrackPointExtension></extensions></trkpt><trkpt lat="15.4943456501" lon="73.7559618428"><ele>1.10</ele><time>2025-11-13T03:03:58Z</time><extensions><gpxtpx:TrackPointExtension><gpxtpx:cad>0</gpxtpx:cad></gpxtpx:TrackPointExtension></extensions></trkpt><trkpt lat="15.4942694586" lon="73.7560879067"><ele>1.10</ele><time>2025-11-13T03:04:03Z</time><extensions><gpxtpx:TrackPointExtension><gpxtpx:cad>0</gpxtpx:cad></gpxtpx:TrackPointExtension></extensions></trkpt><trkpt lat="15.4941912554" lon="73.7562203407"><ele>1.10</ele><time>2025-11-13T03:04:08Z</time><extensions><gpxtpx:TrackPointExtension><gpxtpx:cad>0</gpxtpx:cad></gpxtpx:TrackPointExtension></extensions></trkpt><trkpt lat="15.4941280559" lon="73.7563474942"><ele>0.62</ele><time>2025-11-13T03:04:13Z</time><extensions><gpxtpx:TrackPointExtension><gpxtpx:cad>0</gpxtpx:cad></gpxtpx:TrackPointExtension></extensions></trkpt><trkpt lat="15.4940589890" lon="73.7564866338"><ele>0.62</ele><time>2025-11-13T03:04:18Z</time><extensions><gpxtpx:TrackPointExtension><gpxtpx:cad>0</gpxtpx:cad></gpxtpx:TrackPointExtension></extensions></trkpt><trkpt lat="15.4939841386" lon="73.7566197384"><ele>0.62</ele><time>2025-11-13T03:04:23Z</time><extensions><gpxtpx:TrackPointExtension><gpxtpx:cad>0</gpxtpx:cad></gpxtpx:TrackPointExtension></extensions></trkpt><trkpt lat="15.4939024989" lon="73.7567489874"><ele>0.62</ele><time>2025-11-13T03:04:28Z</time><extensions><gpxtpx:TrackPointExtension><gpxtpx:cad>0</gpxtpx:cad></gpxtpx:TrackPointExtension></extensions></trkpt><trkpt lat="15.4938236251" lon="73.7568666693"><ele>0.62</ele><time>2025-11-13T03:04:33Z</time><extensions><gpxtpx:TrackPointExtension><gpxtpx:cad>0</gpxtpx:cad></gpxtpx:TrackPointExtension></extensions></trkpt><trkpt lat="15.4937569052" lon="73.7570120953"><ele>0.62</ele><time>2025-11-13T03:04:38Z</time><extensions><gpxtpx:TrackPointExtension><gpxtpx:cad>0</gpxtpx:cad></gpxtpx:TrackPointExtension></extensions></trkpt><trkpt lat="15.4936882574" lon="73.7571430206"><ele>0.62</ele><time>2025-11-13T03:04:43Z</time><extensions><gpxtpx:TrackPointExtension><gpxtpx:cad>0</gpxtpx:cad></gpxtpx:TrackPointExtension></extensions></trkpt><trkpt lat="15.4936216213" lon="73.7572794780"><ele>0.62</ele><time>2025-11-13T03:04:48Z</time><extensions><gpxtpx:TrackPointExtension><gpxtpx:cad>0</gpxtpx:cad></gpxtpx:TrackPointExtension></extensions></trkpt><trkpt lat="15.4935587570" lon="73.7574171927"><ele>0.62</ele><time>2025-11-13T03:04:53Z</time><extensions><gpxtpx:TrackPointExtension><gpxtpx:cad>0</gpxtpx:cad></gpxtpx:TrackPointExtension></extensions></trkpt><trkpt lat="15.4934917018" lon="73.7575491238"><ele>0.62</ele><time>2025-11-13T03:04:58Z</time><extensions><gpxtpx:TrackPointExtension><gpxtpx:cad>0</gpxtpx:cad></gpxtpx:TrackPointExtension></extensions></trkpt><trkpt lat="15.4934191983" lon="73.7576860003"><ele>0.62</ele><time>2025-11-13T03:05:03Z</time><extensions><gpxtpx:TrackPointExtension><gpxtpx:cad>0</gpxtpx:cad></gpxtpx:TrackPointExtension></extensions></trkpt><trkpt lat="15.4933421686" lon="73.7578176800"><ele>1.10</ele><time>2025-11-13T03:05:08Z</time><extensions><gpxtpx:TrackPointExtension><gpxtpx:cad>0</gpxtpx:cad></gpxtpx:TrackPointExtension></extensions></trkpt><trkpt lat="15.4932513926" lon="73.7579405587"><ele>1.10</ele><time>2025-11-13T03:05:13Z</time><extensions><gpxtpx:TrackPointExtension><gpxtpx:cad>0</gpxtpx:cad></gpxtpx:TrackPointExtension></extensions></trkpt><trkpt lat="15.4931636341" lon="73.7580611743"><ele>1.58</ele><time>2025-11-13T03:05:18Z</time><extensions><gpxtpx:TrackPointExtension><gpxtpx:cad>0</gpxtpx:cad></gpxtpx:TrackPointExtension></extensions></trkpt><trkpt lat="15.4930828325" lon="73.7581776828"><ele>2.06</ele><time>2025-11-13T03:05:23Z</time><extensions><gpxtpx:TrackPointExtension><gpxtpx:cad>0</gpxtpx:cad></gpxtpx:TrackPointExtension></extensions></trkpt><trkpt lat="15.4930086527" lon="73.7583148945"><ele>1.58</ele><time>2025-11-13T03:05:28Z</time><extensions><gpxtpx:TrackPointExtension><gpxtpx:cad>0</gpxtpx:cad></gpxtpx:TrackPointExtension></extensions></trkpt><trkpt lat="15.4929415975" lon="73.7584500946"><ele>1.58</ele><time>2025-11-13T03:05:33Z</time><extensions><gpxtpx:TrackPointExtension><gpxtpx:cad>0</gpxtpx:cad></gpxtpx:TrackPointExtension></extensions></trkpt><trkpt lat="15.4928717762" lon="73.7585865520"><ele>2.06</ele><time>2025-11-13T03:05:38Z</time><extensions><gpxtpx:TrackPointExtension><gpxtpx:cad>0</gpxtpx:cad></gpxtpx:TrackPointExtension></extensions></trkpt><trkpt lat="15.4927991051" lon="73.7587206624"><ele>1.58</ele><time>2025-11-13T03:05:43Z</time><extensions><gpxtpx:TrackPointExtension><gpxtpx:cad>0</gpxtpx:cad></gpxtpx:TrackPointExtension></extensions></trkpt><trkpt lat="15.4927218240" lon="73.7588499952"><ele>1.58</ele><time>2025-11-13T03:05:48Z</time><extensions><gpxtpx:TrackPointExtension><gpxtpx:cad>0</gpxtpx:cad></gpxtpx:TrackPointExtension></extensions></trkpt><trkpt lat="15.4926485661" lon="73.7589853629"><ele>1.58</ele><time>2025-11-13T03:05:53Z</time><extensions><gpxtpx:TrackPointExtension><gpxtpx:cad>0</gpxtpx:cad></gpxtpx:TrackPointExtension></extensions></trkpt><trkpt lat="15.4925805889" lon="73.7591163721"><ele>1.58</ele><time>2025-11-13T03:05:58Z</time><extensions><gpxtpx:TrackPointExtension><gpxtpx:cad>0</gpxtpx:cad></gpxtpx:TrackPointExtension></extensions></trkpt><trkpt lat="15.4925121088" lon="73.7592526618"><ele>1.58</ele><time>2025-11-13T03:06:03Z</time><extensions><gpxtpx:TrackPointExtension><gpxtpx:cad>0</gpxtpx:cad></gpxtpx:TrackPointExtension></extensions></trkpt><trkpt lat="15.4924505856" lon="73.7593866047"><ele>1.58</ele><time>2025-11-13T03:06:08Z</time><extensions><gpxtpx:TrackPointExtension><gpxtpx:cad>0</gpxtpx:cad></gpxtpx:TrackPointExtension></extensions></trkpt><trkpt lat="15.4923956003" lon="73.7595255766"><ele>1.58</ele><time>2025-11-13T03:06:13Z</time><extensions><gpxtpx:TrackPointExtension><gpxtpx:cad>0</gpxtpx:cad></gpxtpx:TrackPointExtension></extensions></trkpt><trkpt lat="15.4923416208" lon="73.7596785463"><ele>2.06</ele><time>2025-11-13T03:06:18Z</time><extensions><gpxtpx:TrackPointExtension><gpxtpx:cad>0</gpxtpx:cad></gpxtpx:TrackPointExtension></extensions></trkpt><trkpt lat="15.4923014715" lon="73.7598290015"><ele>2.06</ele><time>2025-11-13T03:06:23Z</time><extensions><gpxtpx:TrackPointExtension><gpxtpx:cad>0</gpxtpx:cad></gpxtpx:TrackPointExtension></extensions></trkpt><trkpt lat="15.4922629148" lon="73.7599808816"><ele>2.54</ele><time>2025-11-13T03:06:28Z</time><extensions><gpxtpx:TrackPointExtension><gpxtpx:cad>0</gpxtpx:cad></gpxtpx:TrackPointExtension></extensions></trkpt><trkpt lat="15.4922225140" lon="73.7601284869"><ele>2.54</ele><time>2025-11-13T03:06:33Z</time><extensions><gpxtpx:TrackPointExtension><gpxtpx:cad>0</gpxtpx:cad></gpxtpx:TrackPointExtension></extensions></trkpt><trkpt lat="15.4921920877" lon="73.7602712307"><ele>3.02</ele><time>2025-11-13T03:06:38Z</time><extensions><gpxtpx:TrackPointExtension><gpxtpx:cad>0</gpxtpx:cad></gpxtpx:TrackPointExtension></extensions></trkpt><trkpt lat="15.4921567999" lon="73.7604301516"><ele>3.02</ele><time>2025-11-13T03:06:43Z</time><extensions><gpxtpx:TrackPointExtension><gpxtpx:cad>0</gpxtpx:cad></gpxtpx:TrackPointExtension></extensions></trkpt><trkpt lat="15.4921129625" lon="73.7605724763"><ele>3.02</ele><time>2025-11-13T03:06:48Z</time><extensions><gpxtpx:TrackPointExtension><gpxtpx:cad>0</gpxtpx:cad></gpxtpx:TrackPointExtension></extensions></trkpt><trkpt lat="15.4920681193" lon="73.7607126217"><ele>2.54</ele><time>2025-11-13T03:06:53Z</time><extensions><gpxtpx:TrackPointExtension><gpxtpx:cad>0</gpxtpx:cad></gpxtpx:TrackPointExtension></extensions></trkpt><trkpt lat="15.4920250364" lon="73.7608557846"><ele>2.54</ele><time>2025-11-13T03:06:58Z</time><extensions><gpxtpx:TrackPointExtension><gpxtpx:cad>0</gpxtpx:cad></gpxtpx:TrackPointExtension></extensions></trkpt><trkpt lat="15.4919906706" lon="73.7610024679"><ele>2.54</ele><time>2025-11-13T03:07:03Z</time><extensions><gpxtpx:TrackPointExtension><gpxtpx:cad>0</gpxtpx:cad></gpxtpx:TrackPointExtension></extensions></trkpt><trkpt lat="15.4919517785" lon="73.7611549348"><ele>3.02</ele><time>2025-11-13T03:07:08Z</time><extensions><gpxtpx:TrackPointExtension><gpxtpx:cad>0</gpxtpx:cad></gpxtpx:TrackPointExtension></extensions></trkpt><trkpt lat="15.4918962065" lon="73.7612964213"><ele>2.54</ele><time>2025-11-13T03:07:13Z</time><extensions><gpxtpx:TrackPointExtension><gpxtpx:cad>0</gpxtpx:cad></gpxtpx:TrackPointExtension></extensions></trkpt><trkpt lat="15.4918423947" lon="73.7614377402"><ele>2.54</ele><time>2025-11-13T03:07:18Z</time><extensions><gpxtpx:TrackPointExtension><gpxtpx:cad>0</gpxtpx:cad></gpxtpx:TrackPointExtension></extensions></trkpt><trkpt lat="15.4917916842" lon="73.7615775503"><ele>2.54</ele><time>2025-11-13T03:07:23Z</time><extensions><gpxtpx:TrackPointExtension><gpxtpx:cad>0</gpxtpx:cad></gpxtpx:TrackPointExtension></extensions></trkpt><trkpt lat="15.4917395487" lon="73.7617181148"><ele>2.54</ele><time>2025-11-13T03:07:28Z</time><extensions><gpxtpx:TrackPointExtension><gpxtpx:cad>0</gpxtpx:cad></gpxtpx:TrackPointExtension></extensions></trkpt><trkpt lat="15.4916823842" lon="73.7618657202"><ele>2.54</ele><time>2025-11-13T03:07:33Z</time><extensions><gpxtpx:TrackPointExtension><gpxtpx:cad>0</gpxtpx:cad></gpxtpx:TrackPointExtension></extensions></trkpt><trkpt lat="15.4916253034" lon="73.7620125711"><ele>2.06</ele><time>2025-11-13T03:07:38Z</time><extensions><gpxtpx:TrackPointExtension><gpxtpx:cad>0</gpxtpx:cad></gpxtpx:TrackPointExtension></extensions></trkpt><trkpt lat="15.4915671330" lon="73.7621501181"><ele>2.54</ele><time>2025-11-13T03:07:43Z</time><extensions><gpxtpx:TrackPointExtension><gpxtpx:cad>0</gpxtpx:cad></gpxtpx:TrackPointExtension></extensions></trkpt><trkpt lat="15.4915182665" lon="73.7622931134"><ele>2.54</ele><time>2025-11-13T03:07:48Z</time><extensions><gpxtpx:TrackPointExtension><gpxtpx:cad>0</gpxtpx:cad></gpxtpx:TrackPointExtension></extensions></trkpt><trkpt lat="15.4914568271" lon="73.7624288164"><ele>2.54</ele><time>2025-11-13T03:07:53Z</time><extensions><gpxtpx:TrackPointExtension><gpxtpx:cad>0</gpxtpx:cad></gpxtpx:TrackPointExtension></extensions></trkpt><trkpt lat="15.4913967289" lon="73.7625721470"><ele>2.54</ele><time>2025-11-13T03:07:58Z</time><extensions><gpxtpx:TrackPointExtension><gpxtpx:cad>0</gpxtpx:cad></gpxtpx:TrackPointExtension></extensions></trkpt><trkpt lat="15.4913475271" lon="73.7627172377"><ele>3.02</ele><time>2025-11-13T03:08:03Z</time><extensions><gpxtpx:TrackPointExtension><gpxtpx:cad>0</gpxtpx:cad></gpxtpx:TrackPointExtension></extensions></trkpt><trkpt lat="15.4912813101" lon="73.7628556229"><ele>2.54</ele><time>2025-11-13T03:08:08Z</time><extensions><gpxtpx:TrackPointExtension><gpxtpx:cad>0</gpxtpx:cad></gpxtpx:TrackPointExtension></extensions></trkpt><trkpt lat="15.4912102316" lon="73.7629904039"><ele>3.02</ele><time>2025-11-13T03:08:13Z</time><extensions><gpxtpx:TrackPointExtension><gpxtpx:cad>0</gpxtpx:cad></gpxtpx:TrackPointExtension></extensions></trkpt><trkpt lat="15.4911376443" lon="73.7631176412"><ele>3.02</ele><time>2025-11-13T03:08:18Z</time><extensions><gpxtpx:TrackPointExtension><gpxtpx:cad>0</gpxtpx:cad></gpxtpx:TrackPointExtension></extensions></trkpt><trkpt lat="15.4910610337" lon="73.7632530928"><ele>3.02</ele><time>2025-11-13T03:08:23Z</time><extensions><gpxtpx:TrackPointExtension><gpxtpx:cad>0</gpxtpx:cad></gpxtpx:TrackPointExtension></extensions></trkpt><trkpt lat="15.4909849260" lon="73.7633834314"><ele>3.02</ele><time>2025-11-13T03:08:28Z</time><extensions><gpxtpx:TrackPointExtension><gpxtpx:cad>0</gpxtpx:cad></gpxtpx:TrackPointExtension></extensions></trkpt><trkpt lat="15.4909118358" lon="73.7635154463"><ele>2.54</ele><time>2025-11-13T03:08:33Z</time><extensions><gpxtpx:TrackPointExtension><gpxtpx:cad>0</gpxtpx:cad></gpxtpx:TrackPointExtension></extensions></trkpt><trkpt lat="15.4908466246" lon="73.7636407558"><ele>2.54</ele><time>2025-11-13T03:08:38Z</time><extensions><gpxtpx:TrackPointExtension><gpxtpx:cad>0</gpxtpx:cad></gpxtpx:TrackPointExtension></extensions></trkpt><trkpt lat="15.4907803237" lon="73.7637852598"><ele>2.54</ele><time>2025-11-13T03:08:43Z</time><extensions><gpxtpx:TrackPointExtension><gpxtpx:cad>0</gpxtpx:cad></gpxtpx:TrackPointExtension></extensions></trkpt><trkpt lat="15.4907182138" lon="73.7639179453"><ele>2.54</ele><time>2025-11-13T03:08:48Z</time><extensions><gpxtpx:TrackPointExtension><gpxtpx:cad>0</gpxtpx:cad></gpxtpx:TrackPointExtension></extensions></trkpt><trkpt lat="15.4906606302" lon="73.7640621141"><ele>2.54</ele><time>2025-11-13T03:08:53Z</time><extensions><gpxtpx:TrackPointExtension><gpxtpx:cad>0</gpxtpx:cad></gpxtpx:TrackPointExtension></extensions></trkpt><trkpt lat="15.4906044714" lon="73.7641926203"><ele>2.54</ele><time>2025-11-13T03:08:58Z</time><extensions><gpxtpx:TrackPointExtension><gpxtpx:cad>0</gpxtpx:cad></gpxtpx:TrackPointExtension></extensions></trkpt><trkpt lat="15.4905465525" lon="73.7643328495"><ele>2.54</ele><time>2025-11-13T03:09:03Z</time><extensions><gpxtpx:TrackPointExtension><gpxtpx:cad>0</gpxtpx:cad></gpxtpx:TrackPointExtension></extensions></trkpt><trkpt lat="15.4904781561" lon="73.7644586619"><ele>3.02</ele><time>2025-11-13T03:09:08Z</time><extensions><gpxtpx:TrackPointExtension><gpxtpx:cad>0</gpxtpx:cad></gpxtpx:TrackPointExtension></extensions></trkpt><trkpt lat="15.4904151242" lon="73.7645993102"><ele>2.54</ele><time>2025-11-13T03:09:13Z</time><extensions><gpxtpx:TrackPointExtension><gpxtpx:cad>0</gpxtpx:cad></gpxtpx:TrackPointExtension></extensions></trkpt><trkpt lat="15.4903482366" lon="73.7647373602"><ele>2.54</ele><time>2025-11-13T03:09:18Z</time><extensions><gpxtpx:TrackPointExtension><gpxtpx:cad>0</gpxtpx:cad></gpxtpx:TrackPointExtension></extensions></trkpt><trkpt lat="15.4902871326" lon="73.7648682855"><ele>2.54</ele><time>2025-11-13T03:09:23Z</time><extensions><gpxtpx:TrackPointExtension><gpxtpx:cad>0</gpxtpx:cad></gpxtpx:TrackPointExtension></extensions></trkpt><trkpt lat="15.4902329855" lon="73.7650062516"><ele>2.54</ele><time>2025-11-13T03:09:28Z</time><extensions><gpxtpx:TrackPointExtension><gpxtpx:cad>0</gpxtpx:cad></gpxtpx:TrackPointExtension></extensions></trkpt><trkpt lat="15.4901799280" lon="73.7651370093"><ele>2.06</ele><time>2025-11-13T03:09:33Z</time><extensions><gpxtpx:TrackPointExtension><gpxtpx:cad>0</gpxtpx:cad></gpxtpx:TrackPointExtension></extensions></trkpt><trkpt lat="15.4901249427" lon="73.7652810104"><ele>2.54</ele><time>2025-11-13T03:09:38Z</time><extensions><gpxtpx:TrackPointExtension><gpxtpx:cad>0</gpxtpx:cad></gpxtpx:TrackPointExtension></extensions></trkpt><trkpt lat="15.4900659341" lon="73.7654163782"><ele>2.54</ele><time>2025-11-13T03:09:43Z</time><extensions><gpxtpx:TrackPointExtension><gpxtpx:cad>0</gpxtpx:cad></gpxtpx:TrackPointExtension></extensions></trkpt><trkpt lat="15.4900060873" lon="73.7655493151"><ele>2.06</ele><time>2025-11-13T03:09:48Z</time><extensions><gpxtpx:TrackPointExtension><gpxtpx:cad>0</gpxtpx:cad></gpxtpx:TrackPointExtension></extensions></trkpt><trkpt lat="15.4899451509" lon="73.7656834256"><ele>2.06</ele><time>2025-11-13T03:09:53Z</time><extensions><gpxtpx:TrackPointExtension><gpxtpx:cad>0</gpxtpx:cad></gpxtpx:TrackPointExtension></extensions></trkpt><trkpt lat="15.4898744915" lon="73.7658148538"><ele>1.58</ele><time>2025-11-13T03:09:58Z</time><extensions><gpxtpx:TrackPointExtension><gpxtpx:cad>0</gpxtpx:cad></gpxtpx:TrackPointExtension></extensions></trkpt><trkpt lat="15.4897962045" lon="73.7659298535"><ele>1.58</ele><time>2025-11-13T03:10:03Z</time><extensions><gpxtpx:TrackPointExtension><gpxtpx:cad>0</gpxtpx:cad></gpxtpx:TrackPointExtension></extensions></trkpt><trkpt lat="15.4897085298" lon="73.7660599407"><ele>1.58</ele><time>2025-11-13T03:10:08Z</time><extensions><gpxtpx:TrackPointExtension><gpxtpx:cad>0</gpxtpx:cad></gpxtpx:TrackPointExtension></extensions></trkpt><trkpt lat="15.4896290693" lon="73.7661770359"><ele>1.58</ele><time>2025-11-13T03:10:13Z</time><extensions><gpxtpx:TrackPointExtension><gpxtpx:cad>0</gpxtpx:cad></gpxtpx:TrackPointExtension></extensions></trkpt><trkpt lat="15.4895478487" lon="73.7662989087"><ele>1.10</ele><time>2025-11-13T03:10:18Z</time><extensions><gpxtpx:TrackPointExtension><gpxtpx:cad>0</gpxtpx:cad></gpxtpx:TrackPointExtension></extensions></trkpt><trkpt lat="15.4894808773" lon="73.7664160039"><ele>0.62</ele><time>2025-11-13T03:10:23Z</time><extensions><gpxtpx:TrackPointExtension><gpxtpx:cad>0</gpxtpx:cad></gpxtpx:TrackPointExtension></extensions></trkpt><trkpt lat="15.4894180130" lon="73.7665588316"><ele>0.62</ele><time>2025-11-13T03:10:28Z</time><extensions><gpxtpx:TrackPointExtension><gpxtpx:cad>0</gpxtpx:cad></gpxtpx:TrackPointExtension></extensions></trkpt><trkpt lat="15.4893564060" lon="73.7666853983"><ele>0.62</ele><time>2025-11-13T03:10:33Z</time><extensions><gpxtpx:TrackPointExtension><gpxtpx:cad>0</gpxtpx:cad></gpxtpx:TrackPointExtension></extensions></trkpt><trkpt lat="15.4892913625" lon="73.7668197602"><ele>1.10</ele><time>2025-11-13T03:10:38Z</time><extensions><gpxtpx:TrackPointExtension><gpxtpx:cad>0</gpxtpx:cad></gpxtpx:TrackPointExtension></extensions></trkpt><trkpt lat="15.4892261513" lon="73.7669561338"><ele>1.58</ele><time>2025-11-13T03:10:43Z</time><extensions><gpxtpx:TrackPointExtension><gpxtpx:cad>0</gpxtpx:cad></gpxtpx:TrackPointExtension></extensions></trkpt><trkpt lat="15.4891671427" lon="73.7670884002"><ele>1.58</ele><time>2025-11-13T03:10:48Z</time><extensions><gpxtpx:TrackPointExtension><gpxtpx:cad>0</gpxtpx:cad></gpxtpx:TrackPointExtension></extensions></trkpt><trkpt lat="15.4891050328" lon="73.7672194093"><ele>2.06</ele><time>2025-11-13T03:10:53Z</time><extensions><gpxtpx:TrackPointExtension><gpxtpx:cad>0</gpxtpx:cad></gpxtpx:TrackPointExtension></extensions></trkpt><trkpt lat="15.4890562501" lon="73.7673542742"><ele>2.54</ele><time>2025-11-13T03:10:58Z</time><extensions><gpxtpx:TrackPointExtension><gpxtpx:cad>0</gpxtpx:cad></gpxtpx:TrackPointExtension></extensions></trkpt><trkpt lat="15.4890294280" lon="73.7674922403"><ele>2.54</ele><time>2025-11-13T03:11:03Z</time><extensions><gpxtpx:TrackPointExtension><gpxtpx:cad>0</gpxtpx:cad></gpxtpx:TrackPointExtension></extensions></trkpt><trkpt lat="15.4890072159" lon="73.7676291168"><ele>2.54</ele><time>2025-11-13T03:11:08Z</time><extensions><gpxtpx:TrackPointExtension><gpxtpx:cad>0</gpxtpx:cad></gpxtpx:TrackPointExtension></extensions></trkpt><trkpt lat="15.4889794718" lon="73.7677669991"><ele>2.54</ele><time>2025-11-13T03:11:13Z</time><extensions><gpxtpx:TrackPointExtension><gpxtpx:cad>0</gpxtpx:cad></gpxtpx:TrackPointExtension></extensions></trkpt><trkpt lat="15.4889592715" lon="73.7679188792"><ele>3.02</ele><time>2025-11-13T03:11:18Z</time><extensions><gpxtpx:TrackPointExtension><gpxtpx:cad>0</gpxtpx:cad></gpxtpx:TrackPointExtension></extensions></trkpt><trkpt lat="15.4889321141" lon="73.7680575158"><ele>2.54</ele><time>2025-11-13T03:11:23Z</time><extensions><gpxtpx:TrackPointExtension><gpxtpx:cad>0</gpxtpx:cad></gpxtpx:TrackPointExtension></extensions></trkpt><trkpt lat="15.4888988379" lon="73.7681936380"><ele>2.06</ele><time>2025-11-13T03:11:28Z</time><extensions><gpxtpx:TrackPointExtension><gpxtpx:cad>0</gpxtpx:cad></gpxtpx:TrackPointExtension></extensions></trkpt><trkpt lat="15.4888717644" lon="73.7683442608"><ele>2.06</ele><time>2025-11-13T03:11:33Z</time><extensions><gpxtpx:TrackPointExtension><gpxtpx:cad>0</gpxtpx:cad></gpxtpx:TrackPointExtension></extensions></trkpt><trkpt lat="15.4888318665" lon="73.7684822269"><ele>1.58</ele><time>2025-11-13T03:11:38Z</time><extensions><gpxtpx:TrackPointExtension><gpxtpx:cad>0</gpxtpx:cad></gpxtpx:TrackPointExtension></extensions></trkpt><trkpt lat="15.4888014402" lon="73.7686219532"><ele>1.58</ele><time>2025-11-13T03:11:43Z</time><extensions><gpxtpx:TrackPointExtension><gpxtpx:cad>0</gpxtpx:cad></gpxtpx:TrackPointExtension></extensions></trkpt><trkpt lat="15.4887684993" lon="73.7687700614"><ele>2.54</ele><time>2025-11-13T03:11:48Z</time><extensions><gpxtpx:TrackPointExtension><gpxtpx:cad>0</gpxtpx:cad></gpxtpx:TrackPointExtension></extensions></trkpt><trkpt lat="15.4887328763" lon="73.7689123861"><ele>3.02</ele><time>2025-11-13T03:11:53Z</time><extensions><gpxtpx:TrackPointExtension><gpxtpx:cad>0</gpxtpx:cad></gpxtpx:TrackPointExtension></extensions></trkpt><trkpt lat="15.4886894580" lon="73.7690525316"><ele>3.50</ele><time>2025-11-13T03:11:58Z</time><extensions><gpxtpx:TrackPointExtension><gpxtpx:cad>0</gpxtpx:cad></gpxtpx:TrackPointExtension></extensions></trkpt><trkpt lat="15.4886364006" lon="73.7691806909"><ele>3.02</ele><time>2025-11-13T03:12:03Z</time><extensions><gpxtpx:TrackPointExtension><gpxtpx:cad>0</gpxtpx:cad></gpxtpx:TrackPointExtension></extensions></trkpt><trkpt lat="15.4885701835" lon="73.7693277095"><ele>3.50</ele><time>2025-11-13T03:12:08Z</time><extensions><gpxtpx:TrackPointExtension><gpxtpx:cad>0</gpxtpx:cad></gpxtpx:TrackPointExtension></extensions></trkpt><trkpt lat="15.4885121807" lon="73.7694640830"><ele>3.50</ele><time>2025-11-13T03:12:13Z</time><extensions><gpxtpx:TrackPointExtension><gpxtpx:cad>0</gpxtpx:cad></gpxtpx:TrackPointExtension></extensions></trkpt><trkpt lat="15.4884613026" lon="73.7696049828"><ele>3.98</ele><time>2025-11-13T03:12:18Z</time><extensions><gpxtpx:TrackPointExtension><gpxtpx:cad>0</gpxtpx:cad></gpxtpx:TrackPointExtension></extensions></trkpt><trkpt lat="15.4884152859" lon="73.7697419431"><ele>3.98</ele><time>2025-11-13T03:12:23Z</time><extensions><gpxtpx:TrackPointExtension><gpxtpx:cad>0</gpxtpx:cad></gpxtpx:TrackPointExtension></extensions></trkpt><trkpt lat="15.4883711971" lon="73.7698846869"><ele>3.98</ele><time>2025-11-13T03:12:28Z</time><extensions><gpxtpx:TrackPointExtension><gpxtpx:cad>0</gpxtpx:cad></gpxtpx:TrackPointExtension></extensions></trkpt><trkpt lat="15.4883395974" lon="73.7700213958"><ele>3.50</ele><time>2025-11-13T03:12:33Z</time><extensions><gpxtpx:TrackPointExtension><gpxtpx:cad>0</gpxtpx:cad></gpxtpx:TrackPointExtension></extensions></trkpt><trkpt lat="15.4883166309" lon="73.7701641396"><ele>3.50</ele><time>2025-11-13T03:12:38Z</time><extensions><gpxtpx:TrackPointExtension><gpxtpx:cad>0</gpxtpx:cad></gpxtpx:TrackPointExtension></extensions></trkpt><trkpt lat="15.4883100931" lon="73.7703016028"><ele>3.50</ele><time>2025-11-13T03:12:43Z</time><extensions><gpxtpx:TrackPointExtension><gpxtpx:cad>0</gpxtpx:cad></gpxtpx:TrackPointExtension></extensions></trkpt><trkpt lat="15.4883093387" lon="73.7704482023"><ele>3.50</ele><time>2025-11-13T03:12:48Z</time><extensions><gpxtpx:TrackPointExtension><gpxtpx:cad>0</gpxtpx:cad></gpxtpx:TrackPointExtension></extensions></trkpt><trkpt lat="15.4883074109" lon="73.7705960590"><ele>3.50</ele><time>2025-11-13T03:12:53Z</time><extensions><gpxtpx:TrackPointExtension><gpxtpx:cad>0</gpxtpx:cad></gpxtpx:TrackPointExtension></extensions></trkpt><trkpt lat="15.4882994480" lon="73.7707373779"><ele>3.98</ele><time>2025-11-13T03:12:58Z</time><extensions><gpxtpx:TrackPointExtension><gpxtpx:cad>0</gpxtpx:cad></gpxtpx:TrackPointExtension></extensions></trkpt><trkpt lat="15.4882939998" lon="73.7708802056"><ele>3.98</ele><time>2025-11-13T03:13:03Z</time><extensions><gpxtpx:TrackPointExtension><gpxtpx:cad>0</gpxtpx:cad></gpxtpx:TrackPointExtension></extensions></trkpt><trkpt lat="15.4882852826" lon="73.7710368633"><ele>4.46</ele><time>2025-11-13T03:13:08Z</time><extensions><gpxtpx:TrackPointExtension><gpxtpx:cad>0</gpxtpx:cad></gpxtpx:TrackPointExtension></extensions></trkpt><trkpt lat="15.4882751405" lon="73.7711754162"><ele>4.46</ele><time>2025-11-13T03:13:13Z</time><extensions><gpxtpx:TrackPointExtension><gpxtpx:cad>0</gpxtpx:cad></gpxtpx:TrackPointExtension></extensions></trkpt><trkpt lat="15.4882705305" lon="73.7713268772"><ele>4.46</ele><time>2025-11-13T03:13:18Z</time><extensions><gpxtpx:TrackPointExtension><gpxtpx:cad>0</gpxtpx:cad></gpxtpx:TrackPointExtension></extensions></trkpt><trkpt lat="15.4882747214" lon="73.7714749016"><ele>4.46</ele><time>2025-11-13T03:13:23Z</time><extensions><gpxtpx:TrackPointExtension><gpxtpx:cad>0</gpxtpx:cad></gpxtpx:TrackPointExtension></extensions></trkpt><trkpt lat="15.4882767331" lon="73.7716240995"><ele>4.46</ele><time>2025-11-13T03:13:28Z</time><extensions><gpxtpx:TrackPointExtension><gpxtpx:cad>0</gpxtpx:cad></gpxtpx:TrackPointExtension></extensions></trkpt><trkpt lat="15.4882752243" lon="73.7717658374"><ele>4.46</ele><time>2025-11-13T03:13:33Z</time><extensions><gpxtpx:TrackPointExtension><gpxtpx:cad>0</gpxtpx:cad></gpxtpx:TrackPointExtension></extensions></trkpt><trkpt lat="15.4882667586" lon="73.7719043065"><ele>3.98</ele><time>2025-11-13T03:13:38Z</time><extensions><gpxtpx:TrackPointExtension><gpxtpx:cad>0</gpxtpx:cad></gpxtpx:TrackPointExtension></extensions></trkpt><trkpt lat="15.4882620648" lon="73.7720519956"><ele>4.46</ele><time>2025-11-13T03:13:43Z</time><extensions><gpxtpx:TrackPointExtension><gpxtpx:cad>0</gpxtpx:cad></gpxtpx:TrackPointExtension></extensions></trkpt><trkpt lat="15.4882535152" lon="73.7721939851"><ele>4.46</ele><time>2025-11-13T03:13:48Z</time><extensions><gpxtpx:TrackPointExtension><gpxtpx:cad>0</gpxtpx:cad></gpxtpx:TrackPointExtension></extensions></trkpt><trkpt lat="15.4882504977" lon="73.7723360583"><ele>3.98</ele><time>2025-11-13T03:13:53Z</time><extensions><gpxtpx:TrackPointExtension><gpxtpx:cad>0</gpxtpx:cad></gpxtpx:TrackPointExtension></extensions></trkpt><trkpt lat="15.4882494081" lon="73.7724841665"><ele>3.98</ele><time>2025-11-13T03:13:58Z</time><extensions><gpxtpx:TrackPointExtension><gpxtpx:cad>0</gpxtpx:cad></gpxtpx:TrackPointExtension></extensions></trkpt><trkpt lat="15.4882405233" lon="73.7726342026"><ele>3.98</ele><time>2025-11-13T03:14:03Z</time><extensions><gpxtpx:TrackPointExtension><gpxtpx:cad>0</gpxtpx:cad></gpxtpx:TrackPointExtension></extensions></trkpt><trkpt lat="15.4882360809" lon="73.7727703247"><ele>3.50</ele><time>2025-11-13T03:14:08Z</time><extensions><gpxtpx:TrackPointExtension><gpxtpx:cad>0</gpxtpx:cad></gpxtpx:TrackPointExtension></extensions></trkpt><trkpt lat="15.4882473126" lon="73.7729155831"><ele>3.50</ele><time>2025-11-13T03:14:13Z</time><extensions><gpxtpx:TrackPointExtension><gpxtpx:cad>0</gpxtpx:cad></gpxtpx:TrackPointExtension></extensions></trkpt><trkpt lat="15.4882624839" lon="73.7730646972"><ele>3.50</ele><time>2025-11-13T03:14:18Z</time><extensions><gpxtpx:TrackPointExtension><gpxtpx:cad>0</gpxtpx:cad></gpxtpx:TrackPointExtension></extensions></trkpt><trkpt lat="15.4882787447" lon="73.7732064351"><ele>3.50</ele><time>2025-11-13T03:14:23Z</time><extensions><gpxtpx:TrackPointExtension><gpxtpx:cad>0</gpxtpx:cad></gpxtpx:TrackPointExtension></extensions></trkpt><trkpt lat="15.4882941674" lon="73.7733494304"><ele>3.50</ele><time>2025-11-13T03:14:28Z</time><extensions><gpxtpx:TrackPointExtension><gpxtpx:cad>0</gpxtpx:cad></gpxtpx:TrackPointExtension></extensions></trkpt><trkpt lat="15.4883062374" lon="73.7734955270"><ele>3.50</ele><time>2025-11-13T03:14:33Z</time><extensions><gpxtpx:TrackPointExtension><gpxtpx:cad>0</gpxtpx:cad></gpxtpx:TrackPointExtension></extensions></trkpt><trkpt lat="15.4883160442" lon="73.7736425456"><ele>3.02</ele><time>2025-11-13T03:14:38Z</time><extensions><gpxtpx:TrackPointExtension><gpxtpx:cad>0</gpxtpx:cad></gpxtpx:TrackPointExtension></extensions></trkpt><trkpt lat="15.4883235041" lon="73.7737865467"><ele>3.02</ele><time>2025-11-13T03:14:43Z</time><extensions><gpxtpx:TrackPointExtension><gpxtpx:cad>0</gpxtpx:cad></gpxtpx:TrackPointExtension></extensions></trkpt><trkpt lat="15.4883292038" lon="73.7739350740"><ele>3.50</ele><time>2025-11-13T03:14:48Z</time><extensions><gpxtpx:TrackPointExtension><gpxtpx:cad>0</gpxtpx:cad></gpxtpx:TrackPointExtension></extensions></trkpt><trkpt lat="15.4883295391" lon="73.7740780693"><ele>4.46</ele><time>2025-11-13T03:14:53Z</time><extensions><gpxtpx:TrackPointExtension><gpxtpx:cad>0</gpxtpx:cad></gpxtpx:TrackPointExtension></extensions></trkpt><trkpt lat="15.4883358255" lon="73.7742234115"><ele>4.46</ele><time>2025-11-13T03:14:58Z</time><extensions><gpxtpx:TrackPointExtension><gpxtpx:cad>0</gpxtpx:cad></gpxtpx:TrackPointExtension></extensions></trkpt><trkpt lat="15.4883520026" lon="73.7743674964"><ele>4.46</ele><time>2025-11-13T03:15:03Z</time><extensions><gpxtpx:TrackPointExtension><gpxtpx:cad>0</gpxtpx:cad></gpxtpx:TrackPointExtension></extensions></trkpt><trkpt lat="15.4883675929" lon="73.7745088991"><ele>4.94</ele><time>2025-11-13T03:15:08Z</time><extensions><gpxtpx:TrackPointExtension><gpxtpx:cad>0</gpxtpx:cad></gpxtpx:TrackPointExtension></extensions></trkpt><trkpt lat="15.4883887153" lon="73.7746535707"><ele>5.91</ele><time>2025-11-13T03:15:13Z</time><extensions><gpxtpx:TrackPointExtension><gpxtpx:cad>0</gpxtpx:cad></gpxtpx:TrackPointExtension></extensions></trkpt><trkpt lat="15.4884126876" lon="73.7748005055"><ele>5.42</ele><time>2025-11-13T03:15:18Z</time><extensions><gpxtpx:TrackPointExtension><gpxtpx:cad>0</gpxtpx:cad></gpxtpx:TrackPointExtension></extensions></trkpt><trkpt lat="15.4884329718" lon="73.7749384716"><ele>5.42</ele><time>2025-11-13T03:15:23Z</time><extensions><gpxtpx:TrackPointExtension><gpxtpx:cad>0</gpxtpx:cad></gpxtpx:TrackPointExtension></extensions></trkpt><trkpt lat="15.4884587042" lon="73.7750873342"><ele>5.42</ele><time>2025-11-13T03:15:28Z</time><extensions><gpxtpx:TrackPointExtension><gpxtpx:cad>0</gpxtpx:cad></gpxtpx:TrackPointExtension></extensions></trkpt><trkpt lat="15.4884840176" lon="73.7752324250"><ele>4.94</ele><time>2025-11-13T03:15:33Z</time><extensions><gpxtpx:TrackPointExtension><gpxtpx:cad>0</gpxtpx:cad></gpxtpx:TrackPointExtension></extensions></trkpt><trkpt lat="15.4885077383" lon="73.7753687985"><ele>4.46</ele><time>2025-11-13T03:15:38Z</time><extensions><gpxtpx:TrackPointExtension><gpxtpx:cad>0</gpxtpx:cad></gpxtpx:TrackPointExtension></extensions></trkpt><trkpt lat="15.4885431100" lon="73.7755099498"><ele>4.46</ele><time>2025-11-13T03:15:43Z</time><extensions><gpxtpx:TrackPointExtension><gpxtpx:cad>0</gpxtpx:cad></gpxtpx:TrackPointExtension></extensions></trkpt><trkpt lat="15.4885814991" lon="73.7756553758"><ele>3.98</ele><time>2025-11-13T03:15:48Z</time><extensions><gpxtpx:TrackPointExtension><gpxtpx:cad>0</gpxtpx:cad></gpxtpx:TrackPointExtension></extensions></trkpt><trkpt lat="15.4886106681" lon="73.7757912464"><ele>3.98</ele><time>2025-11-13T03:15:53Z</time><extensions><gpxtpx:TrackPointExtension><gpxtpx:cad>0</gpxtpx:cad></gpxtpx:TrackPointExtension></extensions></trkpt><trkpt lat="15.4886436090" lon="73.7759327330"><ele>3.50</ele><time>2025-11-13T03:15:58Z</time><extensions><gpxtpx:TrackPointExtension><gpxtpx:cad>0</gpxtpx:cad></gpxtpx:TrackPointExtension></extensions></trkpt><trkpt lat="15.4886724427" lon="73.7760830205"><ele>3.98</ele><time>2025-11-13T03:16:03Z</time><extensions><gpxtpx:TrackPointExtension><gpxtpx:cad>0</gpxtpx:cad></gpxtpx:TrackPointExtension></extensions></trkpt><trkpt lat="15.4886872787" lon="73.7762281112"><ele>3.98</ele><time>2025-11-13T03:16:08Z</time><extensions><gpxtpx:TrackPointExtension><gpxtpx:cad>0</gpxtpx:cad></gpxtpx:TrackPointExtension></extensions></trkpt><trkpt lat="15.4887076467" lon="73.7763657421"><ele>3.98</ele><time>2025-11-13T03:16:13Z</time><extensions><gpxtpx:TrackPointExtension><gpxtpx:cad>0</gpxtpx:cad></gpxtpx:TrackPointExtension></extensions></trkpt><trkpt lat="15.4887389950" lon="73.7765099946"><ele>4.46</ele><time>2025-11-13T03:16:18Z</time><extensions><gpxtpx:TrackPointExtension><gpxtpx:cad>0</gpxtpx:cad></gpxtpx:TrackPointExtension></extensions></trkpt><trkpt lat="15.4887863528" lon="73.7766590249"><ele>4.94</ele><time>2025-11-13T03:16:23Z</time><extensions><gpxtpx:TrackPointExtension><gpxtpx:cad>0</gpxtpx:cad></gpxtpx:TrackPointExtension></extensions></trkpt><trkpt lat="15.4888326209" lon="73.7767986674"><ele>5.42</ele><time>2025-11-13T03:16:28Z</time><extensions><gpxtpx:TrackPointExtension><gpxtpx:cad>0</gpxtpx:cad></gpxtpx:TrackPointExtension></extensions></trkpt><trkpt lat="15.4888879415" lon="73.7769287545"><ele>5.91</ele><time>2025-11-13T03:16:33Z</time><extensions><gpxtpx:TrackPointExtension><gpxtpx:cad>0</gpxtpx:cad></gpxtpx:TrackPointExtension></extensions></trkpt><trkpt lat="15.4889423400" lon="73.7770647928"><ele>5.42</ele><time>2025-11-13T03:16:38Z</time><extensions><gpxtpx:TrackPointExtension><gpxtpx:cad>0</gpxtpx:cad></gpxtpx:TrackPointExtension></extensions></trkpt><trkpt lat="15.4889809806" lon="73.7772042677"><ele>5.42</ele><time>2025-11-13T03:16:43Z</time><extensions><gpxtpx:TrackPointExtension><gpxtpx:cad>0</gpxtpx:cad></gpxtpx:TrackPointExtension></extensions></trkpt><trkpt lat="15.4890074674" lon="73.7773444969"><ele>4.46</ele><time>2025-11-13T03:16:48Z</time><extensions><gpxtpx:TrackPointExtension><gpxtpx:cad>0</gpxtpx:cad></gpxtpx:TrackPointExtension></extensions></trkpt><trkpt lat="15.4890387319" lon="73.7774794456"><ele>4.46</ele><time>2025-11-13T03:16:53Z</time><extensions><gpxtpx:TrackPointExtension><gpxtpx:cad>0</gpxtpx:cad></gpxtpx:TrackPointExtension></extensions></trkpt><trkpt lat="15.4890721757" lon="73.7776224408"><ele>3.98</ele><time>2025-11-13T03:16:58Z</time><extensions><gpxtpx:TrackPointExtension><gpxtpx:cad>0</gpxtpx:cad></gpxtpx:TrackPointExtension></extensions></trkpt><trkpt lat="15.4891002551" lon="73.7777641788"><ele>3.98</ele><time>2025-11-13T03:17:03Z</time><extensions><gpxtpx:TrackPointExtension><gpxtpx:cad>0</gpxtpx:cad></gpxtpx:TrackPointExtension></extensions></trkpt><trkpt lat="15.4891153425" lon="73.7779082637"><ele>4.94</ele><time>2025-11-13T03:17:08Z</time><extensions><gpxtpx:TrackPointExtension><gpxtpx:cad>0</gpxtpx:cad></gpxtpx:TrackPointExtension></extensions></trkpt><trkpt lat="15.4891045298" lon="73.7780547794"><ele>5.42</ele><time>2025-11-13T03:17:13Z</time><extensions><gpxtpx:TrackPointExtension><gpxtpx:cad>0</gpxtpx:cad></gpxtpx:TrackPointExtension></extensions></trkpt><trkpt lat="15.4890928790" lon="73.7781890575"><ele>5.91</ele><time>2025-11-13T03:17:18Z</time><extensions><gpxtpx:TrackPointExtension><gpxtpx:cad>0</gpxtpx:cad></gpxtpx:TrackPointExtension></extensions></trkpt><trkpt lat="15.4890835751" lon="73.7783207372"><ele>5.91</ele><time>2025-11-13T03:17:23Z</time><extensions><gpxtpx:TrackPointExtension><gpxtpx:cad>0</gpxtpx:cad></gpxtpx:TrackPointExtension></extensions></trkpt><trkpt lat="15.4890697449" lon="73.7784675043"><ele>5.91</ele><time>2025-11-13T03:17:28Z</time><extensions><gpxtpx:TrackPointExtension><gpxtpx:cad>0</gpxtpx:cad></gpxtpx:TrackPointExtension></extensions></trkpt><trkpt lat="15.4890535679" lon="73.7786120083"><ele>5.91</ele><time>2025-11-13T03:17:33Z</time><extensions><gpxtpx:TrackPointExtension><gpxtpx:cad>0</gpxtpx:cad></gpxtpx:TrackPointExtension></extensions></trkpt><trkpt lat="15.4890325293" lon="73.7787525728"><ele>5.42</ele><time>2025-11-13T03:17:38Z</time><extensions><gpxtpx:TrackPointExtension><gpxtpx:cad>0</gpxtpx:cad></gpxtpx:TrackPointExtension></extensions></trkpt><trkpt lat="15.4890078865" lon="73.7788978312"><ele>5.42</ele><time>2025-11-13T03:17:43Z</time><extensions><gpxtpx:TrackPointExtension><gpxtpx:cad>0</gpxtpx:cad></gpxtpx:TrackPointExtension></extensions></trkpt><trkpt lat="15.4889808968" lon="73.7790373899"><ele>4.94</ele><time>2025-11-13T03:17:48Z</time><extensions><gpxtpx:TrackPointExtension><gpxtpx:cad>0</gpxtpx:cad></gpxtpx:TrackPointExtension></extensions></trkpt><trkpt lat="15.4889591038" lon="73.7791782059"><ele>4.94</ele><time>2025-11-13T03:17:53Z</time><extensions><gpxtpx:TrackPointExtension><gpxtpx:cad>0</gpxtpx:cad></gpxtpx:TrackPointExtension></extensions></trkpt><trkpt lat="15.4889339581" lon="73.7793166749"><ele>4.46</ele><time>2025-11-13T03:17:58Z</time><extensions><gpxtpx:TrackPointExtension><gpxtpx:cad>0</gpxtpx:cad></gpxtpx:TrackPointExtension></extensions></trkpt><trkpt lat="15.4889066331" lon="73.7794532161"><ele>4.94</ele><time>2025-11-13T03:18:03Z</time><extensions><gpxtpx:TrackPointExtension><gpxtpx:cad>0</gpxtpx:cad></gpxtpx:TrackPointExtension></extensions></trkpt><trkpt lat="15.4888829961" lon="73.7795887515"><ele>4.94</ele><time>2025-11-13T03:18:08Z</time><extensions><gpxtpx:TrackPointExtension><gpxtpx:cad>0</gpxtpx:cad></gpxtpx:TrackPointExtension></extensions></trkpt><trkpt lat="15.4888674058" lon="73.7797270529"><ele>5.42</ele><time>2025-11-13T03:18:13Z</time><extensions><gpxtpx:TrackPointExtension><gpxtpx:cad>0</gpxtpx:cad></gpxtpx:TrackPointExtension></extensions></trkpt><trkpt lat="15.4888558388" lon="73.7798765022"><ele>5.42</ele><time>2025-11-13T03:18:18Z</time><extensions><gpxtpx:TrackPointExtension><gpxtpx:cad>0</gpxtpx:cad></gpxtpx:TrackPointExtension></extensions></trkpt><trkpt lat="15.4888404161" lon="73.7800184079"><ele>5.42</ele><time>2025-11-13T03:18:23Z</time><extensions><gpxtpx:TrackPointExtension><gpxtpx:cad>0</gpxtpx:cad></gpxtpx:TrackPointExtension></extensions></trkpt><trkpt lat="15.4888301063" lon="73.7801515963"><ele>4.94</ele><time>2025-11-13T03:18:28Z</time><extensions><gpxtpx:TrackPointExtension><gpxtpx:cad>0</gpxtpx:cad></gpxtpx:TrackPointExtension></extensions></trkpt><trkpt lat="15.4888327047" lon="73.7802952621"><ele>4.46</ele><time>2025-11-13T03:18:33Z</time><extensions><gpxtpx:TrackPointExtension><gpxtpx:cad>0</gpxtpx:cad></gpxtpx:TrackPointExtension></extensions></trkpt><trkpt lat="15.4888413381" lon="73.7804437056"><ele>4.46</ele><time>2025-11-13T03:18:38Z</time><extensions><gpxtpx:TrackPointExtension><gpxtpx:cad>0</gpxtpx:cad></gpxtpx:TrackPointExtension></extensions></trkpt><trkpt lat="15.4888528213" lon="73.7805798277"><ele>3.98</ele><time>2025-11-13T03:18:43Z</time><extensions><gpxtpx:TrackPointExtension><gpxtpx:cad>0</gpxtpx:cad></gpxtpx:TrackPointExtension></extensions></trkpt><trkpt lat="15.4888663162" lon="73.7807188835"><ele>3.50</ele><time>2025-11-13T03:18:48Z</time><extensions><gpxtpx:TrackPointExtension><gpxtpx:cad>0</gpxtpx:cad></gpxtpx:TrackPointExtension></extensions></trkpt><trkpt lat="15.4888793919" lon="73.7808576878"><ele>3.50</ele><time>2025-11-13T03:18:53Z</time><extensions><gpxtpx:TrackPointExtension><gpxtpx:cad>0</gpxtpx:cad></gpxtpx:TrackPointExtension></extensions></trkpt><trkpt lat="15.4888930544" lon="73.7810034491"><ele>3.50</ele><time>2025-11-13T03:18:58Z</time><extensions><gpxtpx:TrackPointExtension><gpxtpx:cad>0</gpxtpx:cad></gpxtpx:TrackPointExtension></extensions></trkpt><trkpt lat="15.4889018554" lon="73.7811492942"><ele>3.50</ele><time>2025-11-13T03:19:03Z</time><extensions><gpxtpx:TrackPointExtension><gpxtpx:cad>0</gpxtpx:cad></gpxtpx:TrackPointExtension></extensions></trkpt><trkpt lat="15.4889000952" lon="73.7812875956"><ele>3.02</ele><time>2025-11-13T03:19:08Z</time><extensions><gpxtpx:TrackPointExtension><gpxtpx:cad>0</gpxtpx:cad></gpxtpx:TrackPointExtension></extensions></trkpt><trkpt lat="15.4889150150" lon="73.7814339437"><ele>3.50</ele><time>2025-11-13T03:19:13Z</time><extensions><gpxtpx:TrackPointExtension><gpxtpx:cad>0</gpxtpx:cad></gpxtpx:TrackPointExtension></extensions></trkpt><trkpt lat="15.4889356345" lon="73.7815818004"><ele>3.50</ele><time>2025-11-13T03:19:18Z</time><extensions><gpxtpx:TrackPointExtension><gpxtpx:cad>0</gpxtpx:cad></gpxtpx:TrackPointExtension></extensions></trkpt><trkpt lat="15.4889566731" lon="73.7817185931"><ele>3.50</ele><time>2025-11-13T03:19:23Z</time><extensions><gpxtpx:TrackPointExtension><gpxtpx:cad>0</gpxtpx:cad></gpxtpx:TrackPointExtension></extensions></trkpt><trkpt lat="15.4889786337" lon="73.7818530388"><ele>3.50</ele><time>2025-11-13T03:19:28Z</time><extensions><gpxtpx:TrackPointExtension><gpxtpx:cad>0</gpxtpx:cad></gpxtpx:TrackPointExtension></extensions></trkpt><trkpt lat="15.4890041146" lon="73.7819933519"><ele>3.50</ele><time>2025-11-13T03:19:33Z</time><extensions><gpxtpx:TrackPointExtension><gpxtpx:cad>0</gpxtpx:cad></gpxtpx:TrackPointExtension></extensions></trkpt><trkpt lat="15.4890206270" lon="73.7821355090"><ele>3.50</ele><time>2025-11-13T03:19:38Z</time><extensions><gpxtpx:TrackPointExtension><gpxtpx:cad>0</gpxtpx:cad></gpxtpx:TrackPointExtension></extensions></trkpt><trkpt lat="15.4890513886" lon="73.7822696194"><ele>3.98</ele><time>2025-11-13T03:19:43Z</time><extensions><gpxtpx:TrackPointExtension><gpxtpx:cad>0</gpxtpx:cad></gpxtpx:TrackPointExtension></extensions></trkpt><trkpt lat="15.4891051166" lon="73.7824019697"><ele>3.98</ele><time>2025-11-13T03:19:48Z</time><extensions><gpxtpx:TrackPointExtension><gpxtpx:cad>0</gpxtpx:cad></gpxtpx:TrackPointExtension></extensions></trkpt><trkpt lat="15.4891595151" lon="73.7825374212"><ele>3.98</ele><time>2025-11-13T03:19:53Z</time><extensions><gpxtpx:TrackPointExtension><gpxtpx:cad>0</gpxtpx:cad></gpxtpx:TrackPointExtension></extensions></trkpt><trkpt lat="15.4892067052" lon="73.7826699391"><ele>3.50</ele><time>2025-11-13T03:19:58Z</time><extensions><gpxtpx:TrackPointExtension><gpxtpx:cad>0</gpxtpx:cad></gpxtpx:TrackPointExtension></extensions></trkpt><trkpt lat="15.4892559908" lon="73.7828048877"><ele>3.50</ele><time>2025-11-13T03:20:03Z</time><extensions><gpxtpx:TrackPointExtension><gpxtpx:cad>0</gpxtpx:cad></gpxtpx:TrackPointExtension></extensions></trkpt><trkpt lat="15.4893061146" lon="73.7829400040"><ele>3.50</ele><time>2025-11-13T03:20:08Z</time><extensions><gpxtpx:TrackPointExtension><gpxtpx:cad>0</gpxtpx:cad></gpxtpx:TrackPointExtension></extensions></trkpt><trkpt lat="15.4893498681" lon="73.7830824964"><ele>3.50</ele><time>2025-11-13T03:20:13Z</time><extensions><gpxtpx:TrackPointExtension><gpxtpx:cad>0</gpxtpx:cad></gpxtpx:TrackPointExtension></extensions></trkpt><trkpt lat="15.4893911909" lon="73.7832181994"><ele>3.50</ele><time>2025-11-13T03:20:18Z</time><extensions><gpxtpx:TrackPointExtension><gpxtpx:cad>0</gpxtpx:cad></gpxtpx:TrackPointExtension></extensions></trkpt><trkpt lat="15.4894356988" lon="73.7833508011"><ele>3.50</ele><time>2025-11-13T03:20:23Z</time><extensions><gpxtpx:TrackPointExtension><gpxtpx:cad>0</gpxtpx:cad></gpxtpx:TrackPointExtension></extensions></trkpt><trkpt lat="15.4894770216" lon="73.7834854145"><ele>3.50</ele><time>2025-11-13T03:20:28Z</time><extensions><gpxtpx:TrackPointExtension><gpxtpx:cad>0</gpxtpx:cad></gpxtpx:TrackPointExtension></extensions></trkpt><trkpt lat="15.4895213619" lon="73.7836223748"><ele>3.50</ele><time>2025-11-13T03:20:33Z</time><extensions><gpxtpx:TrackPointExtension><gpxtpx:cad>0</gpxtpx:cad></gpxtpx:TrackPointExtension></extensions></trkpt><trkpt lat="15.4895724077" lon="73.7837592512"><ele>3.50</ele><time>2025-11-13T03:20:38Z</time><extensions><gpxtpx:TrackPointExtension><gpxtpx:cad>0</gpxtpx:cad></gpxtpx:TrackPointExtension></extensions></trkpt><trkpt lat="15.4896277282" lon="73.7838956248"><ele>3.98</ele><time>2025-11-13T03:20:43Z</time><extensions><gpxtpx:TrackPointExtension><gpxtpx:cad>0</gpxtpx:cad></gpxtpx:TrackPointExtension></extensions></trkpt><trkpt lat="15.4896856472" lon="73.7840273883"><ele>3.98</ele><time>2025-11-13T03:20:48Z</time><extensions><gpxtpx:TrackPointExtension><gpxtpx:cad>0</gpxtpx:cad></gpxtpx:TrackPointExtension></extensions></trkpt><trkpt lat="15.4897532891" lon="73.7841599900"><ele>4.94</ele><time>2025-11-13T03:20:53Z</time><extensions><gpxtpx:TrackPointExtension><gpxtpx:cad>0</gpxtpx:cad></gpxtpx:TrackPointExtension></extensions></trkpt><trkpt lat="15.4898186680" lon="73.7842879817"><ele>4.94</ele><time>2025-11-13T03:20:58Z</time><extensions><gpxtpx:TrackPointExtension><gpxtpx:cad>0</gpxtpx:cad></gpxtpx:TrackPointExtension></extensions></trkpt><trkpt lat="15.4898666963" lon="73.7844178174"><ele>4.94</ele><time>2025-11-13T03:21:03Z</time><extensions><gpxtpx:TrackPointExtension><gpxtpx:cad>0</gpxtpx:cad></gpxtpx:TrackPointExtension></extensions></trkpt><trkpt lat="15.4899033252" lon="73.7845579628"><ele>5.42</ele><time>2025-11-13T03:21:08Z</time><extensions><gpxtpx:TrackPointExtension><gpxtpx:cad>0</gpxtpx:cad></gpxtpx:TrackPointExtension></extensions></trkpt><trkpt lat="15.4899331648" lon="73.7847054005"><ele>5.42</ele><time>2025-11-13T03:21:13Z</time><extensions><gpxtpx:TrackPointExtension><gpxtpx:cad>0</gpxtpx:cad></gpxtpx:TrackPointExtension></extensions></trkpt><trkpt lat="15.4899497610" lon="73.7848424446"><ele>4.94</ele><time>2025-11-13T03:21:18Z</time><extensions><gpxtpx:TrackPointExtension><gpxtpx:cad>0</gpxtpx:cad></gpxtpx:TrackPointExtension></extensions></trkpt><trkpt lat="15.4899795167" lon="73.7849852722"><ele>4.94</ele><time>2025-11-13T03:21:23Z</time><extensions><gpxtpx:TrackPointExtension><gpxtpx:cad>0</gpxtpx:cad></gpxtpx:TrackPointExtension></extensions></trkpt><trkpt lat="15.4900237732" lon="73.7851320393"><ele>4.94</ele><time>2025-11-13T03:21:28Z</time><extensions><gpxtpx:TrackPointExtension><gpxtpx:cad>0</gpxtpx:cad></gpxtpx:TrackPointExtension></extensions></trkpt><trkpt lat="15.4900713824" lon="73.7852659822"><ele>4.94</ele><time>2025-11-13T03:21:33Z</time><extensions><gpxtpx:TrackPointExtension><gpxtpx:cad>0</gpxtpx:cad></gpxtpx:TrackPointExtension></extensions></trkpt><trkpt lat="15.4901040718" lon="73.7854015175"><ele>5.42</ele><time>2025-11-13T03:21:38Z</time><extensions><gpxtpx:TrackPointExtension><gpxtpx:cad>0</gpxtpx:cad></gpxtpx:TrackPointExtension></extensions></trkpt><trkpt lat="15.4900846258" lon="73.7855335325"><ele>5.91</ele><time>2025-11-13T03:21:43Z</time><extensions><gpxtpx:TrackPointExtension><gpxtpx:cad>0</gpxtpx:cad></gpxtpx:TrackPointExtension></extensions></trkpt><trkpt lat="15.4900231864" lon="73.7856621947"><ele>5.91</ele><time>2025-11-13T03:21:48Z</time><extensions><gpxtpx:TrackPointExtension><gpxtpx:cad>0</gpxtpx:cad></gpxtpx:TrackPointExtension></extensions></trkpt><trkpt lat="15.4899681173" lon="73.7857880071"><ele>5.91</ele><time>2025-11-13T03:21:53Z</time><extensions><gpxtpx:TrackPointExtension><gpxtpx:cad>0</gpxtpx:cad></gpxtpx:TrackPointExtension></extensions></trkpt><trkpt lat="15.4899122100" lon="73.7859229557"><ele>5.91</ele><time>2025-11-13T03:21:58Z</time><extensions><gpxtpx:TrackPointExtension><gpxtpx:cad>0</gpxtpx:cad></gpxtpx:TrackPointExtension></extensions></trkpt><trkpt lat="15.4898421373" lon="73.7860529590"><ele>5.91</ele><time>2025-11-13T03:22:03Z</time><extensions><gpxtpx:TrackPointExtension><gpxtpx:cad>0</gpxtpx:cad></gpxtpx:TrackPointExtension></extensions></trkpt><trkpt lat="15.4897653591" lon="73.7861786876"><ele>5.91</ele><time>2025-11-13T03:22:08Z</time><extensions><gpxtpx:TrackPointExtension><gpxtpx:cad>0</gpxtpx:cad></gpxtpx:TrackPointExtension></extensions></trkpt><trkpt lat="15.4896778520" lon="73.7862986326"><ele>5.42</ele><time>2025-11-13T03:22:13Z</time><extensions><gpxtpx:TrackPointExtension><gpxtpx:cad>0</gpxtpx:cad></gpxtpx:TrackPointExtension></extensions></trkpt><trkpt lat="15.4895905126" lon="73.7864097767"><ele>5.42</ele><time>2025-11-13T03:22:18Z</time><extensions><gpxtpx:TrackPointExtension><gpxtpx:cad>0</gpxtpx:cad></gpxtpx:TrackPointExtension></extensions></trkpt><trkpt lat="15.4894978926" lon="73.7865279615"><ele>4.46</ele><time>2025-11-13T03:22:23Z</time><extensions><gpxtpx:TrackPointExtension><gpxtpx:cad>0</gpxtpx:cad></gpxtpx:TrackPointExtension></extensions></trkpt><trkpt lat="15.4894071165" lon="73.7866387703"><ele>3.98</ele><time>2025-11-13T03:22:28Z</time><extensions><gpxtpx:TrackPointExtension><gpxtpx:cad>0</gpxtpx:cad></gpxtpx:TrackPointExtension></extensions></trkpt><trkpt lat="15.4893155862" lon="73.7867566198"><ele>3.98</ele><time>2025-11-13T03:22:33Z</time><extensions><gpxtpx:TrackPointExtension><gpxtpx:cad>0</gpxtpx:cad></gpxtpx:TrackPointExtension></extensions></trkpt><trkpt lat="15.4892315995" lon="73.7868811749"><ele>4.46</ele><time>2025-11-13T03:22:38Z</time><extensions><gpxtpx:TrackPointExtension><gpxtpx:cad>0</gpxtpx:cad></gpxtpx:TrackPointExtension></extensions></trkpt><trkpt lat="15.4891518038" lon="73.7870009523"><ele>4.46</ele><time>2025-11-13T03:22:43Z</time><extensions><gpxtpx:TrackPointExtension><gpxtpx:cad>0</gpxtpx:cad></gpxtpx:TrackPointExtension></extensions></trkpt><trkpt lat="15.4890757799" lon="73.7871259265"><ele>4.94</ele><time>2025-11-13T03:22:48Z</time><extensions><gpxtpx:TrackPointExtension><gpxtpx:cad>0</gpxtpx:cad></gpxtpx:TrackPointExtension></extensions></trkpt><trkpt lat="15.4890005104" lon="73.7872527447"><ele>4.94</ele><time>2025-11-13T03:22:53Z</time><extensions><gpxtpx:TrackPointExtension><gpxtpx:cad>0</gpxtpx:cad></gpxtpx:TrackPointExtension></extensions></trkpt><trkpt lat="15.4889288452" lon="73.7873804849"><ele>4.94</ele><time>2025-11-13T03:22:58Z</time><extensions><gpxtpx:TrackPointExtension><gpxtpx:cad>0</gpxtpx:cad></gpxtpx:TrackPointExtension></extensions></trkpt><trkpt lat="15.4888702556" lon="73.7875109911"><ele>4.46</ele><time>2025-11-13T03:23:03Z</time><extensions><gpxtpx:TrackPointExtension><gpxtpx:cad>0</gpxtpx:cad></gpxtpx:TrackPointExtension></extensions></trkpt><trkpt lat="15.4888221435" lon="73.7876491249"><ele>4.46</ele><time>2025-11-13T03:23:08Z</time><extensions><gpxtpx:TrackPointExtension><gpxtpx:cad>0</gpxtpx:cad></gpxtpx:TrackPointExtension></extensions></trkpt><trkpt lat="15.4887784738" lon="73.7877880130"><ele>4.94</ele><time>2025-11-13T03:23:13Z</time><extensions><gpxtpx:TrackPointExtension><gpxtpx:cad>0</gpxtpx:cad></gpxtpx:TrackPointExtension></extensions></trkpt><trkpt lat="15.4887259193" lon="73.7879212014"><ele>4.46</ele><time>2025-11-13T03:23:18Z</time><extensions><gpxtpx:TrackPointExtension><gpxtpx:cad>0</gpxtpx:cad></gpxtpx:TrackPointExtension></extensions></trkpt><trkpt lat="15.4886617977" lon="73.7880510371"><ele>4.46</ele><time>2025-11-13T03:23:23Z</time><extensions><gpxtpx:TrackPointExtension><gpxtpx:cad>0</gpxtpx:cad></gpxtpx:TrackPointExtension></extensions></trkpt><trkpt lat="15.4885917250" lon="73.7881786097"><ele>4.46</ele><time>2025-11-13T03:23:28Z</time><extensions><gpxtpx:TrackPointExtension><gpxtpx:cad>0</gpxtpx:cad></gpxtpx:TrackPointExtension></extensions></trkpt><trkpt lat="15.4885055590" lon="73.7882964592"><ele>4.46</ele><time>2025-11-13T03:23:33Z</time><extensions><gpxtpx:TrackPointExtension><gpxtpx:cad>0</gpxtpx:cad></gpxtpx:TrackPointExtension></extensions></trkpt><trkpt lat="15.4884168785" lon="73.7884143088"><ele>4.46</ele><time>2025-11-13T03:23:38Z</time><extensions><gpxtpx:TrackPointExtension><gpxtpx:cad>0</gpxtpx:cad></gpxtpx:TrackPointExtension></extensions></trkpt><trkpt lat="15.4883340653" lon="73.7885326613"><ele>4.46</ele><time>2025-11-13T03:23:43Z</time><extensions><gpxtpx:TrackPointExtension><gpxtpx:cad>0</gpxtpx:cad></gpxtpx:TrackPointExtension></extensions></trkpt><trkpt lat="15.4882425349" lon="73.7886420451"><ele>3.50</ele><time>2025-11-13T03:23:48Z</time><extensions><gpxtpx:TrackPointExtension><gpxtpx:cad>0</gpxtpx:cad></gpxtpx:TrackPointExtension></extensions></trkpt><trkpt lat="15.4881561175" lon="73.7887572125"><ele>3.50</ele><time>2025-11-13T03:23:53Z</time><extensions><gpxtpx:TrackPointExtension><gpxtpx:cad>0</gpxtpx:cad></gpxtpx:TrackPointExtension></extensions></trkpt><trkpt lat="15.4880612344" lon="73.7888695300"><ele>3.98</ele><time>2025-11-13T03:23:58Z</time><extensions><gpxtpx:TrackPointExtension><gpxtpx:cad>0</gpxtpx:cad></gpxtpx:TrackPointExtension></extensions></trkpt><trkpt lat="15.4879613221" lon="73.7889690232"><ele>4.46</ele><time>2025-11-13T03:24:03Z</time><extensions><gpxtpx:TrackPointExtension><gpxtpx:cad>0</gpxtpx:cad></gpxtpx:TrackPointExtension></extensions></trkpt><trkpt lat="15.4878645949" lon="73.7890785746"><ele>4.46</ele><time>2025-11-13T03:24:08Z</time><extensions><gpxtpx:TrackPointExtension><gpxtpx:cad>0</gpxtpx:cad></gpxtpx:TrackPointExtension></extensions></trkpt><trkpt lat="15.4877638444" lon="73.7891817559"><ele>4.46</ele><time>2025-11-13T03:24:13Z</time><extensions><gpxtpx:TrackPointExtension><gpxtpx:cad>0</gpxtpx:cad></gpxtpx:TrackPointExtension></extensions></trkpt><trkpt lat="15.4876632616" lon="73.7892871164"><ele>4.94</ele><time>2025-11-13T03:24:18Z</time><extensions><gpxtpx:TrackPointExtension><gpxtpx:cad>0</gpxtpx:cad></gpxtpx:TrackPointExtension></extensions></trkpt><trkpt lat="15.4875579849" lon="73.7893860228"><ele>4.94</ele><time>2025-11-13T03:24:23Z</time><extensions><gpxtpx:TrackPointExtension><gpxtpx:cad>0</gpxtpx:cad></gpxtpx:TrackPointExtension></extensions></trkpt><trkpt lat="15.4874403868" lon="73.7894776370"><ele>4.94</ele><time>2025-11-13T03:24:28Z</time><extensions><gpxtpx:TrackPointExtension><gpxtpx:cad>0</gpxtpx:cad></gpxtpx:TrackPointExtension></extensions></trkpt><trkpt lat="15.4873229563" lon="73.7895722687"><ele>4.94</ele><time>2025-11-13T03:24:33Z</time><extensions><gpxtpx:TrackPointExtension><gpxtpx:cad>0</gpxtpx:cad></gpxtpx:TrackPointExtension></extensions></trkpt><trkpt lat="15.4871942941" lon="73.7896513101"><ele>4.46</ele><time>2025-11-13T03:24:38Z</time><extensions><gpxtpx:TrackPointExtension><gpxtpx:cad>0</gpxtpx:cad></gpxtpx:TrackPointExtension></extensions></trkpt><trkpt lat="15.4870645422" lon="73.7897255737"><ele>4.46</ele><time>2025-11-13T03:24:43Z</time><extensions><gpxtpx:TrackPointExtension><gpxtpx:cad>0</gpxtpx:cad></gpxtpx:TrackPointExtension></extensions></trkpt><trkpt lat="15.4869346227" lon="73.7898025196"><ele>4.46</ele><time>2025-11-13T03:24:48Z</time><extensions><gpxtpx:TrackPointExtension><gpxtpx:cad>0</gpxtpx:cad></gpxtpx:TrackPointExtension></extensions></trkpt><trkpt lat="15.4868004285" lon="73.7898693234"><ele>4.46</ele><time>2025-11-13T03:24:53Z</time><extensions><gpxtpx:TrackPointExtension><gpxtpx:cad>0</gpxtpx:cad></gpxtpx:TrackPointExtension></extensions></trkpt><trkpt lat="15.4866761249" lon="73.7899358757"><ele>4.46</ele><time>2025-11-13T03:24:58Z</time><extensions><gpxtpx:TrackPointExtension><gpxtpx:cad>0</gpxtpx:cad></gpxtpx:TrackPointExtension></extensions></trkpt><trkpt lat="15.4865575209" lon="73.7900142465"><ele>4.46</ele><time>2025-11-13T03:25:03Z</time><extensions><gpxtpx:TrackPointExtension><gpxtpx:cad>0</gpxtpx:cad></gpxtpx:TrackPointExtension></extensions></trkpt><trkpt lat="15.4864570219" lon="73.7901160028"><ele>4.46</ele><time>2025-11-13T03:25:08Z</time><extensions><gpxtpx:TrackPointExtension><gpxtpx:cad>0</gpxtpx:cad></gpxtpx:TrackPointExtension></extensions></trkpt><trkpt lat="15.4863507394" lon="73.7902168371"><ele>4.46</ele><time>2025-11-13T03:25:13Z</time><extensions><gpxtpx:TrackPointExtension><gpxtpx:cad>0</gpxtpx:cad></gpxtpx:TrackPointExtension></extensions></trkpt><trkpt lat="15.4862415232" lon="73.7903096247"><ele>4.46</ele><time>2025-11-13T03:25:18Z</time><extensions><gpxtpx:TrackPointExtension><gpxtpx:cad>0</gpxtpx:cad></gpxtpx:TrackPointExtension></extensions></trkpt><trkpt lat="15.4861403536" lon="73.7904107943"><ele>4.94</ele><time>2025-11-13T03:25:23Z</time><extensions><gpxtpx:TrackPointExtension><gpxtpx:cad>0</gpxtpx:cad></gpxtpx:TrackPointExtension></extensions></trkpt><trkpt lat="15.4860350769" lon="73.7905104551"><ele>4.94</ele><time>2025-11-13T03:25:28Z</time><extensions><gpxtpx:TrackPointExtension><gpxtpx:cad>0</gpxtpx:cad></gpxtpx:TrackPointExtension></extensions></trkpt><trkpt lat="15.4859354161" lon="73.7906110380"><ele>4.94</ele><time>2025-11-13T03:25:33Z</time><extensions><gpxtpx:TrackPointExtension><gpxtpx:cad>0</gpxtpx:cad></gpxtpx:TrackPointExtension></extensions></trkpt><trkpt lat="15.4858349171" lon="73.7907138839"><ele>5.42</ele><time>2025-11-13T03:25:38Z</time><extensions><gpxtpx:TrackPointExtension><gpxtpx:cad>0</gpxtpx:cad></gpxtpx:TrackPointExtension></extensions></trkpt><trkpt lat="15.4857438896" lon="73.7908234354"><ele>5.42</ele><time>2025-11-13T03:25:43Z</time><extensions><gpxtpx:TrackPointExtension><gpxtpx:cad>0</gpxtpx:cad></gpxtpx:TrackPointExtension></extensions></trkpt><trkpt lat="15.4856476653" lon="73.7909304723"><ele>5.91</ele><time>2025-11-13T03:25:48Z</time><extensions><gpxtpx:TrackPointExtension><gpxtpx:cad>0</gpxtpx:cad></gpxtpx:TrackPointExtension></extensions></trkpt><trkpt lat="15.4855453223" lon="73.7910331506"><ele>5.42</ele><time>2025-11-13T03:25:53Z</time><extensions><gpxtpx:TrackPointExtension><gpxtpx:cad>0</gpxtpx:cad></gpxtpx:TrackPointExtension></extensions></trkpt><trkpt lat="15.4854304902" lon="73.7911292072"><ele>4.94</ele><time>2025-11-13T03:25:58Z</time><extensions><gpxtpx:TrackPointExtension><gpxtpx:cad>0</gpxtpx:cad></gpxtpx:TrackPointExtension></extensions></trkpt><trkpt lat="15.4853173345" lon="73.7912311312"><ele>4.94</ele><time>2025-11-13T03:26:03Z</time><extensions><gpxtpx:TrackPointExtension><gpxtpx:cad>0</gpxtpx:cad></gpxtpx:TrackPointExtension></extensions></trkpt><trkpt lat="15.4851921089" lon="73.7913163751"><ele>4.46</ele><time>2025-11-13T03:26:08Z</time><extensions><gpxtpx:TrackPointExtension><gpxtpx:cad>0</gpxtpx:cad></gpxtpx:TrackPointExtension></extensions></trkpt><trkpt lat="15.4850621894" lon="73.7913910579"><ele>4.94</ele><time>2025-11-13T03:26:13Z</time><extensions><gpxtpx:TrackPointExtension><gpxtpx:cad>0</gpxtpx:cad></gpxtpx:TrackPointExtension></extensions></trkpt><trkpt lat="15.4849317670" lon="73.7914712727"><ele>4.46</ele><time>2025-11-13T03:26:18Z</time><extensions><gpxtpx:TrackPointExtension><gpxtpx:cad>0</gpxtpx:cad></gpxtpx:TrackPointExtension></extensions></trkpt><trkpt lat="15.4847967345" lon="73.7915401720"><ele>4.94</ele><time>2025-11-13T03:26:23Z</time><extensions><gpxtpx:TrackPointExtension><gpxtpx:cad>0</gpxtpx:cad></gpxtpx:TrackPointExtension></extensions></trkpt><trkpt lat="15.4846568406" lon="73.7915959116"><ele>4.94</ele><time>2025-11-13T03:26:28Z</time><extensions><gpxtpx:TrackPointExtension><gpxtpx:cad>0</gpxtpx:cad></gpxtpx:TrackPointExtension></extensions></trkpt><trkpt lat="15.4845064692" lon="73.7916409224"><ele>5.42</ele><time>2025-11-13T03:26:33Z</time><extensions><gpxtpx:TrackPointExtension><gpxtpx:cad>0</gpxtpx:cad></gpxtpx:TrackPointExtension></extensions></trkpt><trkpt lat="15.4843594506" lon="73.7916755397"><ele>4.94</ele><time>2025-11-13T03:26:38Z</time><extensions><gpxtpx:TrackPointExtension><gpxtpx:cad>0</gpxtpx:cad></gpxtpx:TrackPointExtension></extensions></trkpt><trkpt lat="15.4842141923" lon="73.7917170301"><ele>4.94</ele><time>2025-11-13T03:26:43Z</time><extensions><gpxtpx:TrackPointExtension><gpxtpx:cad>0</gpxtpx:cad></gpxtpx:TrackPointExtension></extensions></trkpt><trkpt lat="15.4840607196" lon="73.7917532399"><ele>5.42</ele><time>2025-11-13T03:26:48Z</time><extensions><gpxtpx:TrackPointExtension><gpxtpx:cad>0</gpxtpx:cad></gpxtpx:TrackPointExtension></extensions></trkpt><trkpt lat="15.4839131981" lon="73.7917959876"><ele>5.42</ele><time>2025-11-13T03:26:53Z</time><extensions><gpxtpx:TrackPointExtension><gpxtpx:cad>0</gpxtpx:cad></gpxtpx:TrackPointExtension></extensions></trkpt><trkpt lat="15.4837676045" lon="73.7918427587"><ele>5.42</ele><time>2025-11-13T03:26:58Z</time><extensions><gpxtpx:TrackPointExtension><gpxtpx:cad>0</gpxtpx:cad></gpxtpx:TrackPointExtension></extensions></trkpt><trkpt lat="15.4836266208" lon="73.7918997556"><ele>5.42</ele><time>2025-11-13T03:27:03Z</time><extensions><gpxtpx:TrackPointExtension><gpxtpx:cad>0</gpxtpx:cad></gpxtpx:TrackPointExtension></extensions></trkpt><trkpt lat="15.4834842123" lon="73.7919600215"><ele>5.42</ele><time>2025-11-13T03:27:08Z</time><extensions><gpxtpx:TrackPointExtension><gpxtpx:cad>0</gpxtpx:cad></gpxtpx:TrackPointExtension></extensions></trkpt><trkpt lat="15.4833514430" lon="73.7920248974"><ele>4.94</ele><time>2025-11-13T03:27:13Z</time><extensions><gpxtpx:TrackPointExtension><gpxtpx:cad>0</gpxtpx:cad></gpxtpx:TrackPointExtension></extensions></trkpt><trkpt lat="15.4832125548" lon="73.7920934614"><ele>5.42</ele><time>2025-11-13T03:27:18Z</time><extensions><gpxtpx:TrackPointExtension><gpxtpx:cad>0</gpxtpx:cad></gpxtpx:TrackPointExtension></extensions></trkpt><trkpt lat="15.4830787797" lon="73.7921662163"><ele>5.91</ele><time>2025-11-13T03:27:23Z</time><extensions><gpxtpx:TrackPointExtension><gpxtpx:cad>0</gpxtpx:cad></gpxtpx:TrackPointExtension></extensions></trkpt><trkpt lat="15.4829379637" lon="73.7922294158"><ele>5.42</ele><time>2025-11-13T03:27:28Z</time><extensions><gpxtpx:TrackPointExtension><gpxtpx:cad>0</gpxtpx:cad></gpxtpx:TrackPointExtension></extensions></trkpt><trkpt lat="15.4828015063" lon="73.7922970578"><ele>5.42</ele><time>2025-11-13T03:27:33Z</time><extensions><gpxtpx:TrackPointExtension><gpxtpx:cad>0</gpxtpx:cad></gpxtpx:TrackPointExtension></extensions></trkpt><trkpt lat="15.4826651327" lon="73.7923703995"><ele>5.42</ele><time>2025-11-13T03:27:38Z</time><extensions><gpxtpx:TrackPointExtension><gpxtpx:cad>0</gpxtpx:cad></gpxtpx:TrackPointExtension></extensions></trkpt><trkpt lat="15.4825266637" lon="73.7924408913"><ele>4.94</ele><time>2025-11-13T03:27:43Z</time><extensions><gpxtpx:TrackPointExtension><gpxtpx:cad>0</gpxtpx:cad></gpxtpx:TrackPointExtension></extensions></trkpt><trkpt lat="15.4823981691" lon="73.7925201003"><ele>4.94</ele><time>2025-11-13T03:27:48Z</time><extensions><gpxtpx:TrackPointExtension><gpxtpx:cad>0</gpxtpx:cad></gpxtpx:TrackPointExtension></extensions></trkpt><trkpt lat="15.4822688363" lon="73.7925996445"><ele>5.42</ele><time>2025-11-13T03:27:53Z</time><extensions><gpxtpx:TrackPointExtension><gpxtpx:cad>0</gpxtpx:cad></gpxtpx:TrackPointExtension></extensions></trkpt><trkpt lat="15.4821399227" lon="73.7926749978"><ele>4.94</ele><time>2025-11-13T03:27:58Z</time><extensions><gpxtpx:TrackPointExtension><gpxtpx:cad>0</gpxtpx:cad></gpxtpx:TrackPointExtension></extensions></trkpt><trkpt lat="15.4820045549" lon="73.7927468307"><ele>4.94</ele><time>2025-11-13T03:28:03Z</time><extensions><gpxtpx:TrackPointExtension><gpxtpx:cad>0</gpxtpx:cad></gpxtpx:TrackPointExtension></extensions></trkpt><trkpt lat="15.4818651639" lon="73.7928101141"><ele>4.46</ele><time>2025-11-13T03:28:08Z</time><extensions><gpxtpx:TrackPointExtension><gpxtpx:cad>0</gpxtpx:cad></gpxtpx:TrackPointExtension></extensions></trkpt><trkpt lat="15.4817216657" lon="73.7928682007"><ele>4.94</ele><time>2025-11-13T03:28:13Z</time><extensions><gpxtpx:TrackPointExtension><gpxtpx:cad>0</gpxtpx:cad></gpxtpx:TrackPointExtension></extensions></trkpt><trkpt lat="15.4815759882" lon="73.7929315679"><ele>4.94</ele><time>2025-11-13T03:28:18Z</time><extensions><gpxtpx:TrackPointExtension><gpxtpx:cad>0</gpxtpx:cad></gpxtpx:TrackPointExtension></extensions></trkpt><trkpt lat="15.4814371839" lon="73.7929904927"><ele>4.46</ele><time>2025-11-13T03:28:23Z</time><extensions><gpxtpx:TrackPointExtension><gpxtpx:cad>0</gpxtpx:cad></gpxtpx:TrackPointExtension></extensions></trkpt><trkpt lat="15.4812986311" lon="73.7930509262"><ele>4.46</ele><time>2025-11-13T03:28:28Z</time><extensions><gpxtpx:TrackPointExtension><gpxtpx:cad>0</gpxtpx:cad></gpxtpx:TrackPointExtension></extensions></trkpt><trkpt lat="15.4811615869" lon="73.7931092642"><ele>4.46</ele><time>2025-11-13T03:28:33Z</time><extensions><gpxtpx:TrackPointExtension><gpxtpx:cad>0</gpxtpx:cad></gpxtpx:TrackPointExtension></extensions></trkpt><trkpt lat="15.4810201004" lon="73.7931816000"><ele>4.46</ele><time>2025-11-13T03:28:38Z</time><extensions><gpxtpx:TrackPointExtension><gpxtpx:cad>0</gpxtpx:cad></gpxtpx:TrackPointExtension></extensions></trkpt><trkpt lat="15.4808798712" lon="73.7932476494"><ele>4.46</ele><time>2025-11-13T03:28:43Z</time><extensions><gpxtpx:TrackPointExtension><gpxtpx:cad>0</gpxtpx:cad></gpxtpx:TrackPointExtension></extensions></trkpt><trkpt lat="15.4807356186" lon="73.7933119386"><ele>4.46</ele><time>2025-11-13T03:28:48Z</time><extensions><gpxtpx:TrackPointExtension><gpxtpx:cad>0</gpxtpx:cad></gpxtpx:TrackPointExtension></extensions></trkpt><trkpt lat="15.4805905279" lon="73.7933659181"><ele>4.46</ele><time>2025-11-13T03:28:53Z</time><extensions><gpxtpx:TrackPointExtension><gpxtpx:cad>0</gpxtpx:cad></gpxtpx:TrackPointExtension></extensions></trkpt><trkpt lat="15.4804377258" lon="73.7934012897"><ele>4.46</ele><time>2025-11-13T03:28:58Z</time><extensions><gpxtpx:TrackPointExtension><gpxtpx:cad>0</gpxtpx:cad></gpxtpx:TrackPointExtension></extensions></trkpt><trkpt lat="15.4802820738" lon="73.7934275251"><ele>4.46</ele><time>2025-11-13T03:29:03Z</time><extensions><gpxtpx:TrackPointExtension><gpxtpx:cad>0</gpxtpx:cad></gpxtpx:TrackPointExtension></extensions></trkpt><trkpt lat="15.4801218119" lon="73.7934373319"><ele>4.46</ele><time>2025-11-13T03:29:08Z</time><extensions><gpxtpx:TrackPointExtension><gpxtpx:cad>0</gpxtpx:cad></gpxtpx:TrackPointExtension></extensions></trkpt><trkpt lat="15.4799637292" lon="73.7934512459"><ele>4.46</ele><time>2025-11-13T03:29:13Z</time><extensions><gpxtpx:TrackPointExtension><gpxtpx:cad>0</gpxtpx:cad></gpxtpx:TrackPointExtension></extensions></trkpt><trkpt lat="15.4798034672" lon="73.7934666686"><ele>3.98</ele><time>2025-11-13T03:29:18Z</time><extensions><gpxtpx:TrackPointExtension><gpxtpx:cad>0</gpxtpx:cad></gpxtpx:TrackPointExtension></extensions></trkpt><trkpt lat="15.4796438757" lon="73.7934920657"><ele>4.46</ele><time>2025-11-13T03:29:23Z</time><extensions><gpxtpx:TrackPointExtension><gpxtpx:cad>0</gpxtpx:cad></gpxtpx:TrackPointExtension></extensions></trkpt><trkpt lat="15.4794832785" lon="73.7935115956"><ele>4.46</ele><time>2025-11-13T03:29:28Z</time><extensions><gpxtpx:TrackPointExtension><gpxtpx:cad>0</gpxtpx:cad></gpxtpx:TrackPointExtension></extensions></trkpt><trkpt lat="15.4793225136" lon="73.7935390882"><ele>4.46</ele><time>2025-11-13T03:29:33Z</time><extensions><gpxtpx:TrackPointExtension><gpxtpx:cad>0</gpxtpx:cad></gpxtpx:TrackPointExtension></extensions></trkpt><trkpt lat="15.4791606590" lon="73.7935622223"><ele>3.98</ele><time>2025-11-13T03:29:38Z</time><extensions><gpxtpx:TrackPointExtension><gpxtpx:cad>0</gpxtpx:cad></gpxtpx:TrackPointExtension></extensions></trkpt><trkpt lat="15.4789958708" lon="73.7935802434"><ele>3.50</ele><time>2025-11-13T03:29:43Z</time><extensions><gpxtpx:TrackPointExtension><gpxtpx:cad>0</gpxtpx:cad></gpxtpx:TrackPointExtension></extensions></trkpt><trkpt lat="15.4788309149" lon="73.7935865298"><ele>3.50</ele><time>2025-11-13T03:29:48Z</time><extensions><gpxtpx:TrackPointExtension><gpxtpx:cad>0</gpxtpx:cad></gpxtpx:TrackPointExtension></extensions></trkpt><trkpt lat="15.4786605947" lon="73.7935820036"><ele>3.50</ele><time>2025-11-13T03:29:53Z</time><extensions><gpxtpx:TrackPointExtension><gpxtpx:cad>0</gpxtpx:cad></gpxtpx:TrackPointExtension></extensions></trkpt><trkpt lat="15.4784896877" lon="73.7935735378"><ele>3.50</ele><time>2025-11-13T03:29:58Z</time><extensions><gpxtpx:TrackPointExtension><gpxtpx:cad>0</gpxtpx:cad></gpxtpx:TrackPointExtension></extensions></trkpt><trkpt lat="15.4783208761" lon="73.7935680896"><ele>3.50</ele><time>2025-11-13T03:30:03Z</time><extensions><gpxtpx:TrackPointExtension><gpxtpx:cad>0</gpxtpx:cad></gpxtpx:TrackPointExtension></extensions></trkpt><trkpt lat="15.4781517293" lon="73.7935658265"><ele>3.50</ele><time>2025-11-13T03:30:08Z</time><extensions><gpxtpx:TrackPointExtension><gpxtpx:cad>0</gpxtpx:cad></gpxtpx:TrackPointExtension></extensions></trkpt><trkpt lat="15.4779861867" lon="73.7935601268"><ele>3.50</ele><time>2025-11-13T03:30:13Z</time><extensions><gpxtpx:TrackPointExtension><gpxtpx:cad>0</gpxtpx:cad></gpxtpx:TrackPointExtension></extensions></trkpt><trkpt lat="15.4778179619" lon="73.7935339753"><ele>3.50</ele><time>2025-11-13T03:30:18Z</time><extensions><gpxtpx:TrackPointExtension><gpxtpx:cad>0</gpxtpx:cad></gpxtpx:TrackPointExtension></extensions></trkpt><trkpt lat="15.4776543472" lon="73.7934914790"><ele>3.50</ele><time>2025-11-13T03:30:23Z</time><extensions><gpxtpx:TrackPointExtension><gpxtpx:cad>0</gpxtpx:cad></gpxtpx:TrackPointExtension></extensions></trkpt><trkpt lat="15.4774886370" lon="73.7934512459"><ele>3.50</ele><time>2025-11-13T03:30:28Z</time><extensions><gpxtpx:TrackPointExtension><gpxtpx:cad>0</gpxtpx:cad></gpxtpx:TrackPointExtension></extensions></trkpt><trkpt lat="15.4773206636" lon="73.7934219930"><ele>3.50</ele><time>2025-11-13T03:30:33Z</time><extensions><gpxtpx:TrackPointExtension><gpxtpx:cad>0</gpxtpx:cad></gpxtpx:TrackPointExtension></extensions></trkpt><trkpt lat="15.4771543667" lon="73.7934058160"><ele>3.50</ele><time>2025-11-13T03:30:38Z</time><extensions><gpxtpx:TrackPointExtension><gpxtpx:cad>0</gpxtpx:cad></gpxtpx:TrackPointExtension></extensions></trkpt><trkpt lat="15.4769915063" lon="73.7933913991"><ele>3.50</ele><time>2025-11-13T03:30:43Z</time><extensions><gpxtpx:TrackPointExtension><gpxtpx:cad>0</gpxtpx:cad></gpxtpx:TrackPointExtension></extensions></trkpt><trkpt lat="15.4768226948" lon="73.7933710311"><ele>3.98</ele><time>2025-11-13T03:30:48Z</time><extensions><gpxtpx:TrackPointExtension><gpxtpx:cad>0</gpxtpx:cad></gpxtpx:TrackPointExtension></extensions></trkpt><trkpt lat="15.4766517039" lon="73.7933470588"><ele>4.46</ele><time>2025-11-13T03:30:53Z</time><extensions><gpxtpx:TrackPointExtension><gpxtpx:cad>0</gpxtpx:cad></gpxtpx:TrackPointExtension></extensions></trkpt><trkpt lat="15.4764866643" lon="73.7933122739"><ele>4.46</ele><time>2025-11-13T03:30:58Z</time><extensions><gpxtpx:TrackPointExtension><gpxtpx:cad>0</gpxtpx:cad></gpxtpx:TrackPointExtension></extensions></trkpt><trkpt lat="15.4763224628" lon="73.7932720408"><ele>4.94</ele><time>2025-11-13T03:31:03Z</time><extensions><gpxtpx:TrackPointExtension><gpxtpx:cad>0</gpxtpx:cad></gpxtpx:TrackPointExtension></extensions></trkpt><trkpt lat="15.4761625361" lon="73.7932209112"><ele>4.94</ele><time>2025-11-13T03:31:08Z</time><extensions><gpxtpx:TrackPointExtension><gpxtpx:cad>0</gpxtpx:cad></gpxtpx:TrackPointExtension></extensions></trkpt><trkpt lat="15.4760071356" lon="73.7931731343"><ele>4.94</ele><time>2025-11-13T03:31:13Z</time><extensions><gpxtpx:TrackPointExtension><gpxtpx:cad>0</gpxtpx:cad></gpxtpx:TrackPointExtension></extensions></trkpt><trkpt lat="15.4758566804" lon="73.7931224238"><ele>4.94</ele><time>2025-11-13T03:31:18Z</time><extensions><gpxtpx:TrackPointExtension><gpxtpx:cad>0</gpxtpx:cad></gpxtpx:TrackPointExtension></extensions></trkpt><trkpt lat="15.4757061414" lon="73.7930632476"><ele>4.94</ele><time>2025-11-13T03:31:23Z</time><extensions><gpxtpx:TrackPointExtension><gpxtpx:cad>0</gpxtpx:cad></gpxtpx:TrackPointExtension></extensions></trkpt><trkpt lat="15.4755539261" lon="73.7930114474"><ele>4.46</ele><time>2025-11-13T03:31:28Z</time><extensions><gpxtpx:TrackPointExtension><gpxtpx:cad>0</gpxtpx:cad></gpxtpx:TrackPointExtension></extensions></trkpt><trkpt lat="15.4753955081" lon="73.7929733936"><ele>4.46</ele><time>2025-11-13T03:31:33Z</time><extensions><gpxtpx:TrackPointExtension><gpxtpx:cad>0</gpxtpx:cad></gpxtpx:TrackPointExtension></extensions></trkpt><trkpt lat="15.4752391018" lon="73.7929324061"><ele>4.46</ele><time>2025-11-13T03:31:38Z</time><extensions><gpxtpx:TrackPointExtension><gpxtpx:cad>0</gpxtpx:cad></gpxtpx:TrackPointExtension></extensions></trkpt><trkpt lat="15.4750844557" lon="73.7928821146"><ele>4.46</ele><time>2025-11-13T03:31:43Z</time><extensions><gpxtpx:TrackPointExtension><gpxtpx:cad>0</gpxtpx:cad></gpxtpx:TrackPointExtension></extensions></trkpt><trkpt lat="15.4749260377" lon="73.7928309012"><ele>4.46</ele><time>2025-11-13T03:31:48Z</time><extensions><gpxtpx:TrackPointExtension><gpxtpx:cad>0</gpxtpx:cad></gpxtpx:TrackPointExtension></extensions></trkpt><trkpt lat="15.4747663625" lon="73.7927873991"><ele>4.46</ele><time>2025-11-13T03:31:53Z</time><extensions><gpxtpx:TrackPointExtension><gpxtpx:cad>0</gpxtpx:cad></gpxtpx:TrackPointExtension></extensions></trkpt><trkpt lat="15.4746066872" lon="73.7927482557"><ele>4.94</ele><time>2025-11-13T03:31:58Z</time><extensions><gpxtpx:TrackPointExtension><gpxtpx:cad>0</gpxtpx:cad></gpxtpx:TrackPointExtension></extensions></trkpt><trkpt lat="15.4744461738" lon="73.7927144766"><ele>5.42</ele><time>2025-11-13T03:32:03Z</time><extensions><gpxtpx:TrackPointExtension><gpxtpx:cad>0</gpxtpx:cad></gpxtpx:TrackPointExtension></extensions></trkpt><trkpt lat="15.4742901865" lon="73.7927086931"><ele>5.91</ele><time>2025-11-13T03:32:08Z</time><extensions><gpxtpx:TrackPointExtension><gpxtpx:cad>0</gpxtpx:cad></gpxtpx:TrackPointExtension></extensions></trkpt><trkpt lat="15.4741342831" lon="73.7927314080"><ele>5.91</ele><time>2025-11-13T03:32:13Z</time><extensions><gpxtpx:TrackPointExtension><gpxtpx:cad>0</gpxtpx:cad></gpxtpx:TrackPointExtension></extensions></trkpt><trkpt lat="15.4739743564" lon="73.7927628402"><ele>6.39</ele><time>2025-11-13T03:32:18Z</time><extensions><gpxtpx:TrackPointExtension><gpxtpx:cad>0</gpxtpx:cad></gpxtpx:TrackPointExtension></extensions></trkpt><trkpt lat="15.4738178663" lon="73.7927949429"><ele>6.87</ele><time>2025-11-13T03:32:23Z</time><extensions><gpxtpx:TrackPointExtension><gpxtpx:cad>0</gpxtpx:cad></gpxtpx:TrackPointExtension></extensions></trkpt><trkpt lat="15.4736565985" lon="73.7928228546"><ele>6.87</ele><time>2025-11-13T03:32:28Z</time><extensions><gpxtpx:TrackPointExtension><gpxtpx:cad>0</gpxtpx:cad></gpxtpx:TrackPointExtension></extensions></trkpt><trkpt lat="15.4734990187" lon="73.7928490900"><ele>6.87</ele><time>2025-11-13T03:32:33Z</time><extensions><gpxtpx:TrackPointExtension><gpxtpx:cad>0</gpxtpx:cad></gpxtpx:TrackPointExtension></extensions></trkpt><trkpt lat="15.4733416904" lon="73.7928736489"><ele>6.87</ele><time>2025-11-13T03:32:38Z</time><extensions><gpxtpx:TrackPointExtension><gpxtpx:cad>0</gpxtpx:cad></gpxtpx:TrackPointExtension></extensions></trkpt><trkpt lat="15.4731803387" lon="73.7928975374"><ele>6.87</ele><time>2025-11-13T03:32:43Z</time><extensions><gpxtpx:TrackPointExtension><gpxtpx:cad>0</gpxtpx:cad></gpxtpx:TrackPointExtension></extensions></trkpt><trkpt lat="15.4730253574" lon="73.7929182407"><ele>6.87</ele><time>2025-11-13T03:32:48Z</time><extensions><gpxtpx:TrackPointExtension><gpxtpx:cad>0</gpxtpx:cad></gpxtpx:TrackPointExtension></extensions></trkpt><trkpt lat="15.4728691187" lon="73.7929449789"><ele>5.91</ele><time>2025-11-13T03:32:53Z</time><extensions><gpxtpx:TrackPointExtension><gpxtpx:cad>0</gpxtpx:cad></gpxtpx:TrackPointExtension></extensions></trkpt><trkpt lat="15.4727120418" lon="73.7929724716"><ele>5.42</ele><time>2025-11-13T03:32:58Z</time><extensions><gpxtpx:TrackPointExtension><gpxtpx:cad>0</gpxtpx:cad></gpxtpx:TrackPointExtension></extensions></trkpt><trkpt lat="15.4725560546" lon="73.7930055801"><ele>5.42</ele><time>2025-11-13T03:33:03Z</time><extensions><gpxtpx:TrackPointExtension><gpxtpx:cad>0</gpxtpx:cad></gpxtpx:TrackPointExtension></extensions></trkpt><trkpt lat="15.4724007379" lon="73.7930388562"><ele>4.94</ele><time>2025-11-13T03:33:08Z</time><extensions><gpxtpx:TrackPointExtension><gpxtpx:cad>0</gpxtpx:cad></gpxtpx:TrackPointExtension></extensions></trkpt><trkpt lat="15.4722438287" lon="73.7930666003"><ele>4.94</ele><time>2025-11-13T03:33:13Z</time><extensions><gpxtpx:TrackPointExtension><gpxtpx:cad>0</gpxtpx:cad></gpxtpx:TrackPointExtension></extensions></trkpt><trkpt lat="15.4720891826" lon="73.7930987030"><ele>5.42</ele><time>2025-11-13T03:33:18Z</time><extensions><gpxtpx:TrackPointExtension><gpxtpx:cad>0</gpxtpx:cad></gpxtpx:TrackPointExtension></extensions></trkpt><trkpt lat="15.4719352070" lon="73.7931257766"><ele>5.42</ele><time>2025-11-13T03:33:23Z</time><extensions><gpxtpx:TrackPointExtension><gpxtpx:cad>0</gpxtpx:cad></gpxtpx:TrackPointExtension></extensions></trkpt><trkpt lat="15.4717797227" lon="73.7931513414"><ele>5.42</ele><time>2025-11-13T03:33:28Z</time><extensions><gpxtpx:TrackPointExtension><gpxtpx:cad>0</gpxtpx:cad></gpxtpx:TrackPointExtension></extensions></trkpt><trkpt lat="15.4716244061" lon="73.7931660097"><ele>5.91</ele><time>2025-11-13T03:33:33Z</time><extensions><gpxtpx:TrackPointExtension><gpxtpx:cad>0</gpxtpx:cad></gpxtpx:TrackPointExtension></extensions></trkpt><trkpt lat="15.4714689218" lon="73.7931665964"><ele>5.91</ele><time>2025-11-13T03:33:38Z</time><extensions><gpxtpx:TrackPointExtension><gpxtpx:cad>0</gpxtpx:cad></gpxtpx:TrackPointExtension></extensions></trkpt><trkpt lat="15.4713137727" lon="73.7931687757"><ele>5.91</ele><time>2025-11-13T03:33:43Z</time><extensions><gpxtpx:TrackPointExtension><gpxtpx:cad>0</gpxtpx:cad></gpxtpx:TrackPointExtension></extensions></trkpt><trkpt lat="15.4711580370" lon="73.7931727991"><ele>4.94</ele><time>2025-11-13T03:33:48Z</time><extensions><gpxtpx:TrackPointExtension><gpxtpx:cad>0</gpxtpx:cad></gpxtpx:TrackPointExtension></extensions></trkpt><trkpt lat="15.4710003734" lon="73.7931724638"><ele>4.94</ele><time>2025-11-13T03:33:53Z</time><extensions><gpxtpx:TrackPointExtension><gpxtpx:cad>0</gpxtpx:cad></gpxtpx:TrackPointExtension></extensions></trkpt><trkpt lat="15.4708423745" lon="73.7931625731"><ele>4.46</ele><time>2025-11-13T03:33:58Z</time><extensions><gpxtpx:TrackPointExtension><gpxtpx:cad>0</gpxtpx:cad></gpxtpx:TrackPointExtension></extensions></trkpt><trkpt lat="15.4706876446" lon="73.7931492459"><ele>4.46</ele><time>2025-11-13T03:34:03Z</time><extensions><gpxtpx:TrackPointExtension><gpxtpx:cad>0</gpxtpx:cad></gpxtpx:TrackPointExtension></extensions></trkpt><trkpt lat="15.4705318250" lon="73.7931454740"><ele>4.46</ele><time>2025-11-13T03:34:08Z</time><extensions><gpxtpx:TrackPointExtension><gpxtpx:cad>0</gpxtpx:cad></gpxtpx:TrackPointExtension></extensions></trkpt><trkpt lat="15.4703818727" lon="73.7931731343"><ele>4.46</ele><time>2025-11-13T03:34:13Z</time><extensions><gpxtpx:TrackPointExtension><gpxtpx:cad>0</gpxtpx:cad></gpxtpx:TrackPointExtension></extensions></trkpt><trkpt lat="15.4702329263" lon="73.7932147086"><ele>4.46</ele><time>2025-11-13T03:34:18Z</time><extensions><gpxtpx:TrackPointExtension><gpxtpx:cad>0</gpxtpx:cad></gpxtpx:TrackPointExtension></extensions></trkpt><trkpt lat="15.4700864106" lon="73.7932586297"><ele>4.46</ele><time>2025-11-13T03:34:23Z</time><extensions><gpxtpx:TrackPointExtension><gpxtpx:cad>0</gpxtpx:cad></gpxtpx:TrackPointExtension></extensions></trkpt><trkpt lat="15.4699392244" lon="73.7933021318"><ele>4.46</ele><time>2025-11-13T03:34:28Z</time><extensions><gpxtpx:TrackPointExtension><gpxtpx:cad>0</gpxtpx:cad></gpxtpx:TrackPointExtension></extensions></trkpt><trkpt lat="15.4697852489" lon="73.7933396827"><ele>4.46</ele><time>2025-11-13T03:34:33Z</time><extensions><gpxtpx:TrackPointExtension><gpxtpx:cad>0</gpxtpx:cad></gpxtpx:TrackPointExtension></extensions></trkpt><trkpt lat="15.4696343746" lon="73.7933799159"><ele>4.46</ele><time>2025-11-13T03:34:38Z</time><extensions><gpxtpx:TrackPointExtension><gpxtpx:cad>0</gpxtpx:cad></gpxtpx:TrackPointExtension></extensions></trkpt><trkpt lat="15.4694874398" lon="73.7934205681"><ele>4.46</ele><time>2025-11-13T03:34:43Z</time><extensions><gpxtpx:TrackPointExtension><gpxtpx:cad>0</gpxtpx:cad></gpxtpx:TrackPointExtension></extensions></trkpt><trkpt lat="15.4693417624" lon="73.7934713624"><ele>4.46</ele><time>2025-11-13T03:34:48Z</time><extensions><gpxtpx:TrackPointExtension><gpxtpx:cad>0</gpxtpx:cad></gpxtpx:TrackPointExtension></extensions></trkpt><trkpt lat="15.4691935703" lon="73.7935178820"><ele>4.46</ele><time>2025-11-13T03:34:53Z</time><extensions><gpxtpx:TrackPointExtension><gpxtpx:cad>0</gpxtpx:cad></gpxtpx:TrackPointExtension></extensions></trkpt><trkpt lat="15.4690394271" lon="73.7935530860"><ele>4.46</ele><time>2025-11-13T03:34:58Z</time><extensions><gpxtpx:TrackPointExtension><gpxtpx:cad>0</gpxtpx:cad></gpxtpx:TrackPointExtension></extensions></trkpt><trkpt lat="15.4688914865" lon="73.7935952470"><ele>4.46</ele><time>2025-11-13T03:35:03Z</time><extensions><gpxtpx:TrackPointExtension><gpxtpx:cad>0</gpxtpx:cad></gpxtpx:TrackPointExtension></extensions></trkpt><trkpt lat="15.4687448870" lon="73.7936441135"><ele>4.46</ele><time>2025-11-13T03:35:08Z</time><extensions><gpxtpx:TrackPointExtension><gpxtpx:cad>0</gpxtpx:cad></gpxtpx:TrackPointExtension></extensions></trkpt><trkpt lat="15.4685945157" lon="73.7936969195"><ele>4.46</ele><time>2025-11-13T03:35:13Z</time><extensions><gpxtpx:TrackPointExtension><gpxtpx:cad>0</gpxtpx:cad></gpxtpx:TrackPointExtension></extensions></trkpt><trkpt lat="15.4684454016" lon="73.7937453669"><ele>4.46</ele><time>2025-11-13T03:35:18Z</time><extensions><gpxtpx:TrackPointExtension><gpxtpx:cad>0</gpxtpx:cad></gpxtpx:TrackPointExtension></extensions></trkpt><trkpt lat="15.4682993889" lon="73.7937902100"><ele>4.46</ele><time>2025-11-13T03:35:23Z</time><extensions><gpxtpx:TrackPointExtension><gpxtpx:cad>0</gpxtpx:cad></gpxtpx:TrackPointExtension></extensions></trkpt><trkpt lat="15.4681500234" lon="73.7938366458"><ele>4.94</ele><time>2025-11-13T03:35:28Z</time><extensions><gpxtpx:TrackPointExtension><gpxtpx:cad>0</gpxtpx:cad></gpxtpx:TrackPointExtension></extensions></trkpt><trkpt lat="15.4680008255" lon="73.7938847579"><ele>4.94</ele><time>2025-11-13T03:35:33Z</time><extensions><gpxtpx:TrackPointExtension><gpxtpx:cad>0</gpxtpx:cad></gpxtpx:TrackPointExtension></extensions></trkpt><trkpt lat="15.4678554833" lon="73.7939257454"><ele>4.94</ele><time>2025-11-13T03:35:38Z</time><extensions><gpxtpx:TrackPointExtension><gpxtpx:cad>0</gpxtpx:cad></gpxtpx:TrackPointExtension></extensions></trkpt><trkpt lat="15.4677033518" lon="73.7939677387"><ele>4.46</ele><time>2025-11-13T03:35:43Z</time><extensions><gpxtpx:TrackPointExtension><gpxtpx:cad>0</gpxtpx:cad></gpxtpx:TrackPointExtension></extensions></trkpt><trkpt lat="15.4675505497" lon="73.7940107379"><ele>4.94</ele><time>2025-11-13T03:35:48Z</time><extensions><gpxtpx:TrackPointExtension><gpxtpx:cad>0</gpxtpx:cad></gpxtpx:TrackPointExtension></extensions></trkpt><trkpt lat="15.4674039502" lon="73.7940485403"><ele>4.46</ele><time>2025-11-13T03:35:53Z</time><extensions><gpxtpx:TrackPointExtension><gpxtpx:cad>0</gpxtpx:cad></gpxtpx:TrackPointExtension></extensions></trkpt><trkpt lat="15.4672554228" lon="73.7940798048"><ele>4.46</ele><time>2025-11-13T03:35:58Z</time><extensions><gpxtpx:TrackPointExtension><gpxtpx:cad>0</gpxtpx:cad></gpxtpx:TrackPointExtension></extensions></trkpt><trkpt lat="15.4671020340" lon="73.7941085547"><ele>4.46</ele><time>2025-11-13T03:36:03Z</time><extensions><gpxtpx:TrackPointExtension><gpxtpx:cad>0</gpxtpx:cad></gpxtpx:TrackPointExtension></extensions></trkpt><trkpt lat="15.4669478070" lon="73.7941447645"><ele>4.46</ele><time>2025-11-13T03:36:08Z</time><extensions><gpxtpx:TrackPointExtension><gpxtpx:cad>0</gpxtpx:cad></gpxtpx:TrackPointExtension></extensions></trkpt><trkpt lat="15.4667962622" lon="73.7941872608"><ele>3.98</ele><time>2025-11-13T03:36:13Z</time><extensions><gpxtpx:TrackPointExtension><gpxtpx:cad>0</gpxtpx:cad></gpxtpx:TrackPointExtension></extensions></trkpt><trkpt lat="15.4666461423" lon="73.7942242250"><ele>4.46</ele><time>2025-11-13T03:36:18Z</time><extensions><gpxtpx:TrackPointExtension><gpxtpx:cad>0</gpxtpx:cad></gpxtpx:TrackPointExtension></extensions></trkpt><trkpt lat="15.4664976988" lon="73.7942586746"><ele>4.46</ele><time>2025-11-13T03:36:23Z</time><extensions><gpxtpx:TrackPointExtension><gpxtpx:cad>0</gpxtpx:cad></gpxtpx:TrackPointExtension></extensions></trkpt><trkpt lat="15.4663444776" lon="73.7942971475"><ele>4.46</ele><time>2025-11-13T03:36:28Z</time><extensions><gpxtpx:TrackPointExtension><gpxtpx:cad>0</gpxtpx:cad></gpxtpx:TrackPointExtension></extensions></trkpt><trkpt lat="15.4661956150" lon="73.7943414878"><ele>4.46</ele><time>2025-11-13T03:36:33Z</time><extensions><gpxtpx:TrackPointExtension><gpxtpx:cad>0</gpxtpx:cad></gpxtpx:TrackPointExtension></extensions></trkpt><trkpt lat="15.4660459980" lon="73.7943818048"><ele>3.98</ele><time>2025-11-13T03:36:38Z</time><extensions><gpxtpx:TrackPointExtension><gpxtpx:cad>0</gpxtpx:cad></gpxtpx:TrackPointExtension></extensions></trkpt><trkpt lat="15.4658954591" lon="73.7944211997"><ele>3.50</ele><time>2025-11-13T03:36:43Z</time><extensions><gpxtpx:TrackPointExtension><gpxtpx:cad>0</gpxtpx:cad></gpxtpx:TrackPointExtension></extensions></trkpt><trkpt lat="15.4657446686" lon="73.7944671325"><ele>3.50</ele><time>2025-11-13T03:36:48Z</time><extensions><gpxtpx:TrackPointExtension><gpxtpx:cad>0</gpxtpx:cad></gpxtpx:TrackPointExtension></extensions></trkpt><trkpt lat="15.4656017572" lon="73.7945153285"><ele>3.50</ele><time>2025-11-13T03:36:53Z</time><extensions><gpxtpx:TrackPointExtension><gpxtpx:cad>0</gpxtpx:cad></gpxtpx:TrackPointExtension></extensions></trkpt><trkpt lat="15.4654528946" lon="73.7945722416"><ele>3.50</ele><time>2025-11-13T03:36:58Z</time><extensions><gpxtpx:TrackPointExtension><gpxtpx:cad>0</gpxtpx:cad></gpxtpx:TrackPointExtension></extensions></trkpt><trkpt lat="15.4653145093" lon="73.7946304958"><ele>3.02</ele><time>2025-11-13T03:37:03Z</time><extensions><gpxtpx:TrackPointExtension><gpxtpx:cad>0</gpxtpx:cad></gpxtpx:TrackPointExtension></extensions></trkpt><trkpt lat="15.4651733581" lon="73.7946931925"><ele>3.50</ele><time>2025-11-13T03:37:08Z</time><extensions><gpxtpx:TrackPointExtension><gpxtpx:cad>0</gpxtpx:cad></gpxtpx:TrackPointExtension></extensions></trkpt><trkpt lat="15.4650354758" lon="73.7947532907"><ele>3.50</ele><time>2025-11-13T03:37:13Z</time><extensions><gpxtpx:TrackPointExtension><gpxtpx:cad>0</gpxtpx:cad></gpxtpx:TrackPointExtension></extensions></trkpt><trkpt lat="15.4648971744" lon="73.7948212679"><ele>3.50</ele><time>2025-11-13T03:37:18Z</time><extensions><gpxtpx:TrackPointExtension><gpxtpx:cad>0</gpxtpx:cad></gpxtpx:TrackPointExtension></extensions></trkpt><trkpt lat="15.4647597112" lon="73.7948895805"><ele>3.50</ele><time>2025-11-13T03:37:23Z</time><extensions><gpxtpx:TrackPointExtension><gpxtpx:cad>0</gpxtpx:cad></gpxtpx:TrackPointExtension></extensions></trkpt><trkpt lat="15.4646293726" lon="73.7949682865"><ele>3.50</ele><time>2025-11-13T03:37:28Z</time><extensions><gpxtpx:TrackPointExtension><gpxtpx:cad>0</gpxtpx:cad></gpxtpx:TrackPointExtension></extensions></trkpt><trkpt lat="15.4644876346" lon="73.7950543687"><ele>3.50</ele><time>2025-11-13T03:37:33Z</time><extensions><gpxtpx:TrackPointExtension><gpxtpx:cad>0</gpxtpx:cad></gpxtpx:TrackPointExtension></extensions></trkpt><trkpt lat="15.4643695336" lon="73.7951313984"><ele>3.02</ele><time>2025-11-13T03:37:38Z</time><extensions><gpxtpx:TrackPointExtension><gpxtpx:cad>0</gpxtpx:cad></gpxtpx:TrackPointExtension></extensions></trkpt><trkpt lat="15.4642500076" lon="73.7952334899"><ele>3.02</ele><time>2025-11-13T03:37:43Z</time><extensions><gpxtpx:TrackPointExtension><gpxtpx:cad>0</gpxtpx:cad></gpxtpx:TrackPointExtension></extensions></trkpt><trkpt lat="15.4641489219" lon="73.7953463104"><ele>3.02</ele><time>2025-11-13T03:37:48Z</time><extensions><gpxtpx:TrackPointExtension><gpxtpx:cad>0</gpxtpx:cad></gpxtpx:TrackPointExtension></extensions></trkpt><trkpt lat="15.4640600737" lon="73.7954693567"><ele>3.02</ele><time>2025-11-13T03:37:53Z</time><extensions><gpxtpx:TrackPointExtension><gpxtpx:cad>0</gpxtpx:cad></gpxtpx:TrackPointExtension></extensions></trkpt><trkpt lat="15.4639678728" lon="73.7955964264"><ele>3.02</ele><time>2025-11-13T03:37:58Z</time><extensions><gpxtpx:TrackPointExtension><gpxtpx:cad>0</gpxtpx:cad></gpxtpx:TrackPointExtension></extensions></trkpt><trkpt lat="15.4638693854" lon="73.7957182154"><ele>3.02</ele><time>2025-11-13T03:38:03Z</time><extensions><gpxtpx:TrackPointExtension><gpxtpx:cad>0</gpxtpx:cad></gpxtpx:TrackPointExtension></extensions></trkpt><trkpt lat="15.4637776874" lon="73.7958358135"><ele>3.02</ele><time>2025-11-13T03:38:08Z</time><extensions><gpxtpx:TrackPointExtension><gpxtpx:cad>0</gpxtpx:cad></gpxtpx:TrackPointExtension></extensions></trkpt><trkpt lat="15.4636926111" lon="73.7959594466"><ele>3.50</ele><time>2025-11-13T03:38:13Z</time><extensions><gpxtpx:TrackPointExtension><gpxtpx:cad>0</gpxtpx:cad></gpxtpx:TrackPointExtension></extensions></trkpt><trkpt lat="15.4636056907" lon="73.7960896175"><ele>3.50</ele><time>2025-11-13T03:38:18Z</time><extensions><gpxtpx:TrackPointExtension><gpxtpx:cad>0</gpxtpx:cad></gpxtpx:TrackPointExtension></extensions></trkpt><trkpt lat="15.4635153338" lon="73.7962157652"><ele>3.98</ele><time>2025-11-13T03:38:23Z</time><extensions><gpxtpx:TrackPointExtension><gpxtpx:cad>0</gpxtpx:cad></gpxtpx:TrackPointExtension></extensions></trkpt><trkpt lat="15.4634180199" lon="73.7963315193"><ele>3.98</ele><time>2025-11-13T03:38:28Z</time><extensions><gpxtpx:TrackPointExtension><gpxtpx:cad>0</gpxtpx:cad></gpxtpx:TrackPointExtension></extensions></trkpt><trkpt lat="15.4633134976" lon="73.7964472733"><ele>3.98</ele><time>2025-11-13T03:38:33Z</time><extensions><gpxtpx:TrackPointExtension><gpxtpx:cad>0</gpxtpx:cad></gpxtpx:TrackPointExtension></extensions></trkpt><trkpt lat="15.4632124957" lon="73.7965628598"><ele>3.98</ele><time>2025-11-13T03:38:38Z</time><extensions><gpxtpx:TrackPointExtension><gpxtpx:cad>0</gpxtpx:cad></gpxtpx:TrackPointExtension></extensions></trkpt><trkpt lat="15.4631119128" lon="73.7966698967"><ele>3.98</ele><time>2025-11-13T03:38:43Z</time><extensions><gpxtpx:TrackPointExtension><gpxtpx:cad>0</gpxtpx:cad></gpxtpx:TrackPointExtension></extensions></trkpt><trkpt lat="15.4630077258" lon="73.7967872433"><ele>3.98</ele><time>2025-11-13T03:38:48Z</time><extensions><gpxtpx:TrackPointExtension><gpxtpx:cad>0</gpxtpx:cad></gpxtpx:TrackPointExtension></extensions></trkpt><trkpt lat="15.4629062209" lon="73.7969195098"><ele>3.98</ele><time>2025-11-13T03:38:53Z</time><extensions><gpxtpx:TrackPointExtension><gpxtpx:cad>0</gpxtpx:cad></gpxtpx:TrackPointExtension></extensions></trkpt><trkpt lat="15.4628139362" lon="73.7970433943"><ele>3.98</ele><time>2025-11-13T03:38:58Z</time><extensions><gpxtpx:TrackPointExtension><gpxtpx:cad>0</gpxtpx:cad></gpxtpx:TrackPointExtension></extensions></trkpt><trkpt lat="15.4627262615" lon="73.7971485872"><ele>3.98</ele><time>2025-11-13T03:39:03Z</time><extensions><gpxtpx:TrackPointExtension><gpxtpx:cad>0</gpxtpx:cad></gpxtpx:TrackPointExtension></extensions></trkpt><trkpt lat="15.4626386706" lon="73.7972719688"><ele>3.98</ele><time>2025-11-13T03:39:08Z</time><extensions><gpxtpx:TrackPointExtension><gpxtpx:cad>0</gpxtpx:cad></gpxtpx:TrackPointExtension></extensions></trkpt><trkpt lat="15.4625514150" lon="73.7974091806"><ele>3.98</ele><time>2025-11-13T03:39:13Z</time><extensions><gpxtpx:TrackPointExtension><gpxtpx:cad>0</gpxtpx:cad></gpxtpx:TrackPointExtension></extensions></trkpt><trkpt lat="15.4624742176" lon="73.7975136191"><ele>4.46</ele><time>2025-11-13T03:39:18Z</time><extensions><gpxtpx:TrackPointExtension><gpxtpx:cad>0</gpxtpx:cad></gpxtpx:TrackPointExtension></extensions></trkpt></trkseg></trk></gpx>