<?xml version="1.0" encoding="UTF-8" standalone="no" ?><gpx xmlns="http://www.topografix.com/GPX/1/1" xmlns:gpxx="http://www.garmin.com/xmlschemas/GpxExtensions/v3" xmlns:wptx1="http://www.garmin.com/xmlschemas/WaypointExtension/v1" xmlns:gpxtpx="http://www.garmin.com/xmlschemas/TrackPointExtension/v1" creator="eTrex 10 SEA" version="1.1" xmlns:xsi="http://www.w3.org/2001/XMLSchema-instance" xsi:schemaLocation="http://www.topografix.com/GPX/1/1 http://www.topografix.com/GPX/1/1/gpx.xsd http://www.garmin.com/xmlschemas/GpxExtensions/v3 http://www8.garmin.com/xmlschemas/GpxExtensionsv3.xsd http://www.garmin.com/xmlschemas/WaypointExtension/v1 http://www8.garmin.com/xmlschemas/WaypointExtensionv1.xsd http://www.garmin.com/xmlschemas/TrackPointExtension/v1 http://www.garmin.com/xmlschemas/TrackPointExtensionv1.xsd"><metadata><link href="http://www.garmin.com"><text>Garmin International</text></link><time>2025-11-14T05:49:19Z</time></metadata><trk><name>14-NOV-25 11:19:17 AM</name><extensions><gpxx:TrackExtension><gpxx:DisplayColor>Cyan</gpxx:DisplayColor></gpxx:TrackExtension></extensions><trkseg><trkpt lat="15.4624408577" lon="73.7980125938"><ele>-2.27</ele><time>2025-11-14T01:19:03Z</time><extensions><gpxtpx:TrackPointExtension><gpxtpx:cad>0</gpxtpx:cad></gpxtpx:TrackPointExtension></extensions></trkpt><trkpt lat="15.4625426978" lon="73.7978960015"><ele>-2.27</ele><time>2025-11-14T01:19:08Z</time><extensions><gpxtpx:TrackPointExtension><gpxtpx:cad>0</gpxtpx:cad></gpxtpx:TrackPointExtension></extensions></trkpt><trkpt lat="15.4626433644" lon="73.7977782357"><ele>-2.27</ele><time>2025-11-14T01:19:13Z</time><extensions><gpxtpx:TrackPointExtension><gpxtpx:cad>0</gpxtpx:cad></gpxtpx:TrackPointExtension></extensions></trkpt><trkpt lat="15.4627390020" lon="73.7976580393"><ele>-2.75</ele><time>2025-11-14T01:19:18Z</time><extensions><gpxtpx:TrackPointExtension><gpxtpx:cad>0</gpxtpx:cad></gpxtpx:TrackPointExtension></extensions></trkpt><trkpt lat="15.4628050514" lon="73.7975564506"><ele>-2.27</ele><time>2025-11-14T01:19:22Z</time><extensions><gpxtpx:TrackPointExtension><gpxtpx:cad>0</gpxtpx:cad></gpxtpx:TrackPointExtension></extensions></trkpt><trkpt lat="15.4628802370" lon="73.7974244356"><ele>-2.27</ele><time>2025-11-14T01:19:27Z</time><extensions><gpxtpx:TrackPointExtension><gpxtpx:cad>0</gpxtpx:cad></gpxtpx:TrackPointExtension></extensions></trkpt><trkpt lat="15.4629500583" lon="73.7972952705"><ele>-2.75</ele><time>2025-11-14T01:19:32Z</time><extensions><gpxtpx:TrackPointExtension><gpxtpx:cad>0</gpxtpx:cad></gpxtpx:TrackPointExtension></extensions></trkpt><trkpt lat="15.4630165268" lon="73.7971709669"><ele>-2.75</ele><time>2025-11-14T01:19:37Z</time><extensions><gpxtpx:TrackPointExtension><gpxtpx:cad>0</gpxtpx:cad></gpxtpx:TrackPointExtension></extensions></trkpt><trkpt lat="15.4630758706" lon="73.7970491778"><ele>-2.75</ele><time>2025-11-14T01:19:42Z</time><extensions><gpxtpx:TrackPointExtension><gpxtpx:cad>0</gpxtpx:cad></gpxtpx:TrackPointExtension></extensions></trkpt><trkpt lat="15.4631047882" lon="73.7969283108"><ele>-2.75</ele><time>2025-11-14T01:19:47Z</time><extensions><gpxtpx:TrackPointExtension><gpxtpx:cad>0</gpxtpx:cad></gpxtpx:TrackPointExtension></extensions></trkpt><trkpt lat="15.4630988371" lon="73.7968009058"><ele>-2.27</ele><time>2025-11-14T01:19:52Z</time><extensions><gpxtpx:TrackPointExtension><gpxtpx:cad>0</gpxtpx:cad></gpxtpx:TrackPointExtension></extensions></trkpt><trkpt lat="15.4630762897" lon="73.7966689747"><ele>-2.27</ele><time>2025-11-14T01:19:57Z</time><extensions><gpxtpx:TrackPointExtension><gpxtpx:cad>0</gpxtpx:cad></gpxtpx:TrackPointExtension></extensions></trkpt><trkpt lat="15.4630623758" lon="73.7965337746"><ele>-2.27</ele><time>2025-11-14T01:20:02Z</time><extensions><gpxtpx:TrackPointExtension><gpxtpx:cad>0</gpxtpx:cad></gpxtpx:TrackPointExtension></extensions></trkpt><trkpt lat="15.4630622081" lon="73.7963899411"><ele>-2.75</ele><time>2025-11-14T01:20:07Z</time><extensions><gpxtpx:TrackPointExtension><gpxtpx:cad>0</gpxtpx:cad></gpxtpx:TrackPointExtension></extensions></trkpt><trkpt lat="15.4630827438" lon="73.7962467782"><ele>-1.79</ele><time>2025-11-14T01:20:12Z</time><extensions><gpxtpx:TrackPointExtension><gpxtpx:cad>0</gpxtpx:cad></gpxtpx:TrackPointExtension></extensions></trkpt><trkpt lat="15.4631304368" lon="73.7961052917"><ele>-1.79</ele><time>2025-11-14T01:20:17Z</time><extensions><gpxtpx:TrackPointExtension><gpxtpx:cad>0</gpxtpx:cad></gpxtpx:TrackPointExtension></extensions></trkpt><trkpt lat="15.4632022697" lon="73.7959779706"><ele>-1.79</ele><time>2025-11-14T01:20:22Z</time><extensions><gpxtpx:TrackPointExtension><gpxtpx:cad>0</gpxtpx:cad></gpxtpx:TrackPointExtension></extensions></trkpt><trkpt lat="15.4633009247" lon="73.7958529126"><ele>-1.79</ele><time>2025-11-14T01:20:27Z</time><extensions><gpxtpx:TrackPointExtension><gpxtpx:cad>0</gpxtpx:cad></gpxtpx:TrackPointExtension></extensions></trkpt><trkpt lat="15.4634009209" lon="73.7957318779"><ele>-1.79</ele><time>2025-11-14T01:20:32Z</time><extensions><gpxtpx:TrackPointExtension><gpxtpx:cad>0</gpxtpx:cad></gpxtpx:TrackPointExtension></extensions></trkpt><trkpt lat="15.4635022581" lon="73.7956131063"><ele>-1.79</ele><time>2025-11-14T01:20:37Z</time><extensions><gpxtpx:TrackPointExtension><gpxtpx:cad>0</gpxtpx:cad></gpxtpx:TrackPointExtension></extensions></trkpt><trkpt lat="15.4636052717" lon="73.7954887189"><ele>-1.79</ele><time>2025-11-14T01:20:42Z</time><extensions><gpxtpx:TrackPointExtension><gpxtpx:cad>0</gpxtpx:cad></gpxtpx:TrackPointExtension></extensions></trkpt><trkpt lat="15.4637040943" lon="73.7953578774"><ele>-1.79</ele><time>2025-11-14T01:20:47Z</time><extensions><gpxtpx:TrackPointExtension><gpxtpx:cad>0</gpxtpx:cad></gpxtpx:TrackPointExtension></extensions></trkpt><trkpt lat="15.4638054315" lon="73.7952260301"><ele>-1.79</ele><time>2025-11-14T01:20:52Z</time><extensions><gpxtpx:TrackPointExtension><gpxtpx:cad>0</gpxtpx:cad></gpxtpx:TrackPointExtension></extensions></trkpt><trkpt lat="15.4639062658" lon="73.7950978708"><ele>-1.79</ele><time>2025-11-14T01:20:57Z</time><extensions><gpxtpx:TrackPointExtension><gpxtpx:cad>0</gpxtpx:cad></gpxtpx:TrackPointExtension></extensions></trkpt><trkpt lat="15.4640091956" lon="73.7949619163"><ele>-2.27</ele><time>2025-11-14T01:21:02Z</time><extensions><gpxtpx:TrackPointExtension><gpxtpx:cad>0</gpxtpx:cad></gpxtpx:TrackPointExtension></extensions></trkpt><trkpt lat="15.4641114548" lon="73.7948248722"><ele>-2.27</ele><time>2025-11-14T01:21:07Z</time><extensions><gpxtpx:TrackPointExtension><gpxtpx:cad>0</gpxtpx:cad></gpxtpx:TrackPointExtension></extensions></trkpt><trkpt lat="15.4642075952" lon="73.7946842238"><ele>-2.27</ele><time>2025-11-14T01:21:12Z</time><extensions><gpxtpx:TrackPointExtension><gpxtpx:cad>0</gpxtpx:cad></gpxtpx:TrackPointExtension></extensions></trkpt><trkpt lat="15.4643023107" lon="73.7945459224"><ele>-2.27</ele><time>2025-11-14T01:21:17Z</time><extensions><gpxtpx:TrackPointExtension><gpxtpx:cad>0</gpxtpx:cad></gpxtpx:TrackPointExtension></extensions></trkpt><trkpt lat="15.4644039832" lon="73.7944138236"><ele>-2.75</ele><time>2025-11-14T01:21:22Z</time><extensions><gpxtpx:TrackPointExtension><gpxtpx:cad>0</gpxtpx:cad></gpxtpx:TrackPointExtension></extensions></trkpt><trkpt lat="15.4645089246" lon="73.7942777015"><ele>-2.75</ele><time>2025-11-14T01:21:27Z</time><extensions><gpxtpx:TrackPointExtension><gpxtpx:cad>0</gpxtpx:cad></gpxtpx:TrackPointExtension></extensions></trkpt><trkpt lat="15.4646101780" lon="73.7941406574"><ele>-2.75</ele><time>2025-11-14T01:21:32Z</time><extensions><gpxtpx:TrackPointExtension><gpxtpx:cad>0</gpxtpx:cad></gpxtpx:TrackPointExtension></extensions></trkpt><trkpt lat="15.4647089168" lon="73.7939917110"><ele>-1.79</ele><time>2025-11-14T01:21:37Z</time><extensions><gpxtpx:TrackPointExtension><gpxtpx:cad>0</gpxtpx:cad></gpxtpx:TrackPointExtension></extensions></trkpt><trkpt lat="15.4647975136" lon="73.7938452791"><ele>-1.79</ele><time>2025-11-14T01:21:42Z</time><extensions><gpxtpx:TrackPointExtension><gpxtpx:cad>0</gpxtpx:cad></gpxtpx:TrackPointExtension></extensions></trkpt><trkpt lat="15.4648800753" lon="73.7936907168"><ele>-1.79</ele><time>2025-11-14T01:21:47Z</time><extensions><gpxtpx:TrackPointExtension><gpxtpx:cad>0</gpxtpx:cad></gpxtpx:TrackPointExtension></extensions></trkpt><trkpt lat="15.4649620503" lon="73.7935347296"><ele>-1.79</ele><time>2025-11-14T01:21:52Z</time><extensions><gpxtpx:TrackPointExtension><gpxtpx:cad>0</gpxtpx:cad></gpxtpx:TrackPointExtension></extensions></trkpt><trkpt lat="15.4650447797" lon="73.7933805026"><ele>-1.30</ele><time>2025-11-14T01:21:57Z</time><extensions><gpxtpx:TrackPointExtension><gpxtpx:cad>0</gpxtpx:cad></gpxtpx:TrackPointExtension></extensions></trkpt><trkpt lat="15.4651244916" lon="73.7932257727"><ele>-1.79</ele><time>2025-11-14T01:22:02Z</time><extensions><gpxtpx:TrackPointExtension><gpxtpx:cad>0</gpxtpx:cad></gpxtpx:TrackPointExtension></extensions></trkpt><trkpt lat="15.4652016051" lon="73.7930652592"><ele>-2.27</ele><time>2025-11-14T01:22:07Z</time><extensions><gpxtpx:TrackPointExtension><gpxtpx:cad>0</gpxtpx:cad></gpxtpx:TrackPointExtension></extensions></trkpt><trkpt lat="15.4652826581" lon="73.7928962801"><ele>-1.79</ele><time>2025-11-14T01:22:12Z</time><extensions><gpxtpx:TrackPointExtension><gpxtpx:cad>0</gpxtpx:cad></gpxtpx:TrackPointExtension></extensions></trkpt><trkpt lat="15.4653669801" lon="73.7927295640"><ele>-1.79</ele><time>2025-11-14T01:22:17Z</time><extensions><gpxtpx:TrackPointExtension><gpxtpx:cad>0</gpxtpx:cad></gpxtpx:TrackPointExtension></extensions></trkpt><trkpt lat="15.4654508829" lon="73.7925605848"><ele>-1.79</ele><time>2025-11-14T01:22:22Z</time><extensions><gpxtpx:TrackPointExtension><gpxtpx:cad>0</gpxtpx:cad></gpxtpx:TrackPointExtension></extensions></trkpt><trkpt lat="15.4655311815" lon="73.7923906837"><ele>-1.79</ele><time>2025-11-14T01:22:27Z</time><extensions><gpxtpx:TrackPointExtension><gpxtpx:cad>0</gpxtpx:cad></gpxtpx:TrackPointExtension></extensions></trkpt><trkpt lat="15.4656142462" lon="73.7922198605"><ele>-1.30</ele><time>2025-11-14T01:22:32Z</time><extensions><gpxtpx:TrackPointExtension><gpxtpx:cad>0</gpxtpx:cad></gpxtpx:TrackPointExtension></extensions></trkpt><trkpt lat="15.4656989872" lon="73.7920470256"><ele>-1.30</ele><time>2025-11-14T01:22:37Z</time><extensions><gpxtpx:TrackPointExtension><gpxtpx:cad>0</gpxtpx:cad></gpxtpx:TrackPointExtension></extensions></trkpt><trkpt lat="15.4657803755" lon="73.7918707542"><ele>-1.30</ele><time>2025-11-14T01:22:42Z</time><extensions><gpxtpx:TrackPointExtension><gpxtpx:cad>0</gpxtpx:cad></gpxtpx:TrackPointExtension></extensions></trkpt><trkpt lat="15.4658604227" lon="73.7916982546"><ele>-1.30</ele><time>2025-11-14T01:22:47Z</time><extensions><gpxtpx:TrackPointExtension><gpxtpx:cad>0</gpxtpx:cad></gpxtpx:TrackPointExtension></extensions></trkpt><trkpt lat="15.4659325071" lon="73.7915198039"><ele>-1.30</ele><time>2025-11-14T01:22:52Z</time><extensions><gpxtpx:TrackPointExtension><gpxtpx:cad>0</gpxtpx:cad></gpxtpx:TrackPointExtension></extensions></trkpt><trkpt lat="15.4660025798" lon="73.7913400121"><ele>-1.30</ele><time>2025-11-14T01:22:57Z</time><extensions><gpxtpx:TrackPointExtension><gpxtpx:cad>0</gpxtpx:cad></gpxtpx:TrackPointExtension></extensions></trkpt><trkpt lat="15.4660702217" lon="73.7911616452"><ele>-1.30</ele><time>2025-11-14T01:23:02Z</time><extensions><gpxtpx:TrackPointExtension><gpxtpx:cad>0</gpxtpx:cad></gpxtpx:TrackPointExtension></extensions></trkpt><trkpt lat="15.4661317449" lon="73.7909799255"><ele>-1.79</ele><time>2025-11-14T01:23:07Z</time><extensions><gpxtpx:TrackPointExtension><gpxtpx:cad>0</gpxtpx:cad></gpxtpx:TrackPointExtension></extensions></trkpt><trkpt lat="15.4661920946" lon="73.7907958589"><ele>-1.79</ele><time>2025-11-14T01:23:12Z</time><extensions><gpxtpx:TrackPointExtension><gpxtpx:cad>0</gpxtpx:cad></gpxtpx:TrackPointExtension></extensions></trkpt><trkpt lat="15.4662337527" lon="73.7906296458"><ele>-1.30</ele><time>2025-11-14T01:23:17Z</time><extensions><gpxtpx:TrackPointExtension><gpxtpx:cad>0</gpxtpx:cad></gpxtpx:TrackPointExtension></extensions></trkpt><trkpt lat="15.4662608262" lon="73.7904917635"><ele>-1.30</ele><time>2025-11-14T01:23:22Z</time><extensions><gpxtpx:TrackPointExtension><gpxtpx:cad>0</gpxtpx:cad></gpxtpx:TrackPointExtension></extensions></trkpt><trkpt lat="15.4662801884" lon="73.7903506961"><ele>-1.30</ele><time>2025-11-14T01:23:27Z</time><extensions><gpxtpx:TrackPointExtension><gpxtpx:cad>0</gpxtpx:cad></gpxtpx:TrackPointExtension></extensions></trkpt><trkpt lat="15.4663066752" lon="73.7901812978"><ele>-1.30</ele><time>2025-11-14T01:23:32Z</time><extensions><gpxtpx:TrackPointExtension><gpxtpx:cad>0</gpxtpx:cad></gpxtpx:TrackPointExtension></extensions></trkpt><trkpt lat="15.4663369339" lon="73.7900101393"><ele>-1.30</ele><time>2025-11-14T01:23:37Z</time><extensions><gpxtpx:TrackPointExtension><gpxtpx:cad>0</gpxtpx:cad></gpxtpx:TrackPointExtension></extensions></trkpt><trkpt lat="15.4663656000" lon="73.7898347899"><ele>-1.30</ele><time>2025-11-14T01:23:42Z</time><extensions><gpxtpx:TrackPointExtension><gpxtpx:cad>0</gpxtpx:cad></gpxtpx:TrackPointExtension></extensions></trkpt><trkpt lat="15.4663909972" lon="73.7896573450"><ele>-1.30</ele><time>2025-11-14T01:23:47Z</time><extensions><gpxtpx:TrackPointExtension><gpxtpx:cad>0</gpxtpx:cad></gpxtpx:TrackPointExtension></extensions></trkpt><trkpt lat="15.4664127901" lon="73.7894776370"><ele>-1.30</ele><time>2025-11-14T01:23:52Z</time><extensions><gpxtpx:TrackPointExtension><gpxtpx:cad>0</gpxtpx:cad></gpxtpx:TrackPointExtension></extensions></trkpt><trkpt lat="15.4664251115" lon="73.7892990187"><ele>-1.30</ele><time>2025-11-14T01:23:57Z</time><extensions><gpxtpx:TrackPointExtension><gpxtpx:cad>0</gpxtpx:cad></gpxtpx:TrackPointExtension></extensions></trkpt><trkpt lat="15.4664244410" lon="73.7891200650"><ele>-1.30</ele><time>2025-11-14T01:24:02Z</time><extensions><gpxtpx:TrackPointExtension><gpxtpx:cad>0</gpxtpx:cad></gpxtpx:TrackPointExtension></extensions></trkpt><trkpt lat="15.4664150532" lon="73.7889390998"><ele>-1.30</ele><time>2025-11-14T01:24:07Z</time><extensions><gpxtpx:TrackPointExtension><gpxtpx:cad>0</gpxtpx:cad></gpxtpx:TrackPointExtension></extensions></trkpt><trkpt lat="15.4663977027" lon="73.7887600623"><ele>-1.79</ele><time>2025-11-14T01:24:12Z</time><extensions><gpxtpx:TrackPointExtension><gpxtpx:cad>0</gpxtpx:cad></gpxtpx:TrackPointExtension></extensions></trkpt><trkpt lat="15.4663755745" lon="73.7885777559"><ele>-0.82</ele><time>2025-11-14T01:24:17Z</time><extensions><gpxtpx:TrackPointExtension><gpxtpx:cad>0</gpxtpx:cad></gpxtpx:TrackPointExtension></extensions></trkpt><trkpt lat="15.4663515184" lon="73.7884007301"><ele>-0.82</ele><time>2025-11-14T01:24:22Z</time><extensions><gpxtpx:TrackPointExtension><gpxtpx:cad>0</gpxtpx:cad></gpxtpx:TrackPointExtension></extensions></trkpt><trkpt lat="15.4663202539" lon="73.7882192619"><ele>-0.34</ele><time>2025-11-14T01:24:27Z</time><extensions><gpxtpx:TrackPointExtension><gpxtpx:cad>0</gpxtpx:cad></gpxtpx:TrackPointExtension></extensions></trkpt><trkpt lat="15.4662891570" lon="73.7880398892"><ele>-0.34</ele><time>2025-11-14T01:24:32Z</time><extensions><gpxtpx:TrackPointExtension><gpxtpx:cad>0</gpxtpx:cad></gpxtpx:TrackPointExtension></extensions></trkpt><trkpt lat="15.4662554618" lon="73.7878644560"><ele>-0.82</ele><time>2025-11-14T01:24:37Z</time><extensions><gpxtpx:TrackPointExtension><gpxtpx:cad>0</gpxtpx:cad></gpxtpx:TrackPointExtension></extensions></trkpt><trkpt lat="15.4662162345" lon="73.7876846641"><ele>-0.34</ele><time>2025-11-14T01:24:42Z</time><extensions><gpxtpx:TrackPointExtension><gpxtpx:cad>0</gpxtpx:cad></gpxtpx:TrackPointExtension></extensions></trkpt><trkpt lat="15.4661829583" lon="73.7875024416"><ele>-0.34</ele><time>2025-11-14T01:24:47Z</time><extensions><gpxtpx:TrackPointExtension><gpxtpx:cad>0</gpxtpx:cad></gpxtpx:TrackPointExtension></extensions></trkpt><trkpt lat="15.4661555495" lon="73.7873213924"><ele>-0.82</ele><time>2025-11-14T01:24:52Z</time><extensions><gpxtpx:TrackPointExtension><gpxtpx:cad>0</gpxtpx:cad></gpxtpx:TrackPointExtension></extensions></trkpt><trkpt lat="15.4661299847" lon="73.7871463783"><ele>-0.82</ele><time>2025-11-14T01:24:57Z</time><extensions><gpxtpx:TrackPointExtension><gpxtpx:cad>0</gpxtpx:cad></gpxtpx:TrackPointExtension></extensions></trkpt><trkpt lat="15.4661100358" lon="73.7869655807"><ele>-1.30</ele><time>2025-11-14T01:25:02Z</time><extensions><gpxtpx:TrackPointExtension><gpxtpx:cad>0</gpxtpx:cad></gpxtpx:TrackPointExtension></extensions></trkpt><trkpt lat="15.4660876561" lon="73.7867891416"><ele>-1.79</ele><time>2025-11-14T01:25:07Z</time><extensions><gpxtpx:TrackPointExtension><gpxtpx:cad>0</gpxtpx:cad></gpxtpx:TrackPointExtension></extensions></trkpt><trkpt lat="15.4660600796" lon="73.7866090145"><ele>-1.79</ele><time>2025-11-14T01:25:12Z</time><extensions><gpxtpx:TrackPointExtension><gpxtpx:cad>0</gpxtpx:cad></gpxtpx:TrackPointExtension></extensions></trkpt><trkpt lat="15.4660237022" lon="73.7864289712"><ele>-1.79</ele><time>2025-11-14T01:25:17Z</time><extensions><gpxtpx:TrackPointExtension><gpxtpx:cad>0</gpxtpx:cad></gpxtpx:TrackPointExtension></extensions></trkpt><trkpt lat="15.4659802001" lon="73.7862492632"><ele>-2.27</ele><time>2025-11-14T01:25:22Z</time><extensions><gpxtpx:TrackPointExtension><gpxtpx:cad>0</gpxtpx:cad></gpxtpx:TrackPointExtension></extensions></trkpt><trkpt lat="15.4659361951" lon="73.7860677950"><ele>-1.79</ele><time>2025-11-14T01:25:27Z</time><extensions><gpxtpx:TrackPointExtension><gpxtpx:cad>0</gpxtpx:cad></gpxtpx:TrackPointExtension></extensions></trkpt><trkpt lat="15.4658825509" lon="73.7858928647"><ele>-1.79</ele><time>2025-11-14T01:25:32Z</time><extensions><gpxtpx:TrackPointExtension><gpxtpx:cad>0</gpxtpx:cad></gpxtpx:TrackPointExtension></extensions></trkpt><trkpt lat="15.4658408929" lon="73.7857139949"><ele>-0.82</ele><time>2025-11-14T01:25:37Z</time><extensions><gpxtpx:TrackPointExtension><gpxtpx:cad>0</gpxtpx:cad></gpxtpx:TrackPointExtension></extensions></trkpt><trkpt lat="15.4657890089" lon="73.7855379749"><ele>-0.34</ele><time>2025-11-14T01:25:42Z</time><extensions><gpxtpx:TrackPointExtension><gpxtpx:cad>0</gpxtpx:cad></gpxtpx:TrackPointExtension></extensions></trkpt><trkpt lat="15.4657324310" lon="73.7853708398"><ele>-0.34</ele><time>2025-11-14T01:25:47Z</time><extensions><gpxtpx:TrackPointExtension><gpxtpx:cad>0</gpxtpx:cad></gpxtpx:TrackPointExtension></extensions></trkpt><trkpt lat="15.4656546470" lon="73.7852047943"><ele>0.14</ele><time>2025-11-14T01:25:52Z</time><extensions><gpxtpx:TrackPointExtension><gpxtpx:cad>0</gpxtpx:cad></gpxtpx:TrackPointExtension></extensions></trkpt><trkpt lat="15.4655478615" lon="73.7850703485"><ele>0.14</ele><time>2025-11-14T01:25:57Z</time><extensions><gpxtpx:TrackPointExtension><gpxtpx:cad>0</gpxtpx:cad></gpxtpx:TrackPointExtension></extensions></trkpt><trkpt lat="15.4654295929" lon="73.7849419378"><ele>-0.34</ele><time>2025-11-14T01:26:02Z</time><extensions><gpxtpx:TrackPointExtension><gpxtpx:cad>0</gpxtpx:cad></gpxtpx:TrackPointExtension></extensions></trkpt><trkpt lat="15.4653011821" lon="73.7848131079"><ele>-0.82</ele><time>2025-11-14T01:26:07Z</time><extensions><gpxtpx:TrackPointExtension><gpxtpx:cad>0</gpxtpx:cad></gpxtpx:TrackPointExtension></extensions></trkpt><trkpt lat="15.4651731066" lon="73.7846917380"><ele>-0.82</ele><time>2025-11-14T01:26:12Z</time><extensions><gpxtpx:TrackPointExtension><gpxtpx:cad>0</gpxtpx:cad></gpxtpx:TrackPointExtension></extensions></trkpt><trkpt lat="15.4650382418" lon="73.7845681887"><ele>-0.82</ele><time>2025-11-14T01:26:17Z</time><extensions><gpxtpx:TrackPointExtension><gpxtpx:cad>0</gpxtpx:cad></gpxtpx:TrackPointExtension></extensions></trkpt><trkpt lat="15.4649089929" lon="73.7844487466"><ele>-0.82</ele><time>2025-11-14T01:26:22Z</time><extensions><gpxtpx:TrackPointExtension><gpxtpx:cad>0</gpxtpx:cad></gpxtpx:TrackPointExtension></extensions></trkpt><trkpt lat="15.4647799116" lon="73.7843221799"><ele>-0.82</ele><time>2025-11-14T01:26:27Z</time><extensions><gpxtpx:TrackPointExtension><gpxtpx:cad>0</gpxtpx:cad></gpxtpx:TrackPointExtension></extensions></trkpt><trkpt lat="15.4646571167" lon="73.7841939367"><ele>-1.30</ele><time>2025-11-14T01:26:32Z</time><extensions><gpxtpx:TrackPointExtension><gpxtpx:cad>0</gpxtpx:cad></gpxtpx:TrackPointExtension></extensions></trkpt><trkpt lat="15.4645339865" lon="73.7840698007"><ele>-0.82</ele><time>2025-11-14T01:26:37Z</time><extensions><gpxtpx:TrackPointExtension><gpxtpx:cad>0</gpxtpx:cad></gpxtpx:TrackPointExtension></extensions></trkpt><trkpt lat="15.4644093476" lon="73.7839427311"><ele>-1.30</ele><time>2025-11-14T01:26:42Z</time><extensions><gpxtpx:TrackPointExtension><gpxtpx:cad>0</gpxtpx:cad></gpxtpx:TrackPointExtension></extensions></trkpt><trkpt lat="15.4642895702" lon="73.7838148233"><ele>-1.30</ele><time>2025-11-14T01:26:47Z</time><extensions><gpxtpx:TrackPointExtension><gpxtpx:cad>0</gpxtpx:cad></gpxtpx:TrackPointExtension></extensions></trkpt><trkpt lat="15.4641672783" lon="73.7836878374"><ele>-0.82</ele><time>2025-11-14T01:26:52Z</time><extensions><gpxtpx:TrackPointExtension><gpxtpx:cad>0</gpxtpx:cad></gpxtpx:TrackPointExtension></extensions></trkpt><trkpt lat="15.4640402086" lon="73.7835660484"><ele>-0.82</ele><time>2025-11-14T01:26:57Z</time><extensions><gpxtpx:TrackPointExtension><gpxtpx:cad>0</gpxtpx:cad></gpxtpx:TrackPointExtension></extensions></trkpt><trkpt lat="15.4639083613" lon="73.7834471930"><ele>-0.82</ele><time>2025-11-14T01:27:02Z</time><extensions><gpxtpx:TrackPointExtension><gpxtpx:cad>0</gpxtpx:cad></gpxtpx:TrackPointExtension></extensions></trkpt><trkpt lat="15.4637801182" lon="73.7833285891"><ele>-0.34</ele><time>2025-11-14T01:27:07Z</time><extensions><gpxtpx:TrackPointExtension><gpxtpx:cad>0</gpxtpx:cad></gpxtpx:TrackPointExtension></extensions></trkpt><trkpt lat="15.4636534676" lon="73.7832116615"><ele>-0.82</ele><time>2025-11-14T01:27:12Z</time><extensions><gpxtpx:TrackPointExtension><gpxtpx:cad>0</gpxtpx:cad></gpxtpx:TrackPointExtension></extensions></trkpt><trkpt lat="15.4635279905" lon="73.7830912136"><ele>-0.82</ele><time>2025-11-14T01:27:17Z</time><extensions><gpxtpx:TrackPointExtension><gpxtpx:cad>0</gpxtpx:cad></gpxtpx:TrackPointExtension></extensions></trkpt><trkpt lat="15.4633991607" lon="73.7829818297"><ele>-1.30</ele><time>2025-11-14T01:27:22Z</time><extensions><gpxtpx:TrackPointExtension><gpxtpx:cad>0</gpxtpx:cad></gpxtpx:TrackPointExtension></extensions></trkpt><trkpt lat="15.4632714204" lon="73.7828631420"><ele>-1.79</ele><time>2025-11-14T01:27:27Z</time><extensions><gpxtpx:TrackPointExtension><gpxtpx:cad>0</gpxtpx:cad></gpxtpx:TrackPointExtension></extensions></trkpt><trkpt lat="15.4631479550" lon="73.7827440351"><ele>-1.79</ele><time>2025-11-14T01:27:32Z</time><extensions><gpxtpx:TrackPointExtension><gpxtpx:cad>0</gpxtpx:cad></gpxtpx:TrackPointExtension></extensions></trkpt><trkpt lat="15.4630241543" lon="73.7826292869"><ele>-1.79</ele><time>2025-11-14T01:27:37Z</time><extensions><gpxtpx:TrackPointExtension><gpxtpx:cad>0</gpxtpx:cad></gpxtpx:TrackPointExtension></extensions></trkpt><trkpt lat="15.4628937319" lon="73.7825171370"><ele>-1.30</ele><time>2025-11-14T01:27:42Z</time><extensions><gpxtpx:TrackPointExtension><gpxtpx:cad>0</gpxtpx:cad></gpxtpx:TrackPointExtension></extensions></trkpt><trkpt lat="15.4627585318" lon="73.7824184820"><ele>-1.30</ele><time>2025-11-14T01:27:47Z</time><extensions><gpxtpx:TrackPointExtension><gpxtpx:cad>0</gpxtpx:cad></gpxtpx:TrackPointExtension></extensions></trkpt><trkpt lat="15.4626182187" lon="73.7823140435"><ele>-1.30</ele><time>2025-11-14T01:27:52Z</time><extensions><gpxtpx:TrackPointExtension><gpxtpx:cad>0</gpxtpx:cad></gpxtpx:TrackPointExtension></extensions></trkpt><trkpt lat="15.4624850303" lon="73.7822048273"><ele>-1.30</ele><time>2025-11-14T01:27:57Z</time><extensions><gpxtpx:TrackPointExtension><gpxtpx:cad>0</gpxtpx:cad></gpxtpx:TrackPointExtension></extensions></trkpt><trkpt lat="15.4623463098" lon="73.7820994668"><ele>-1.30</ele><time>2025-11-14T01:28:02Z</time><extensions><gpxtpx:TrackPointExtension><gpxtpx:cad>0</gpxtpx:cad></gpxtpx:TrackPointExtension></extensions></trkpt><trkpt lat="15.4622013867" lon="73.7820013147"><ele>-1.30</ele><time>2025-11-14T01:28:07Z</time><extensions><gpxtpx:TrackPointExtension><gpxtpx:cad>0</gpxtpx:cad></gpxtpx:TrackPointExtension></extensions></trkpt><trkpt lat="15.4620560445" lon="73.7819107901"><ele>-1.30</ele><time>2025-11-14T01:28:12Z</time><extensions><gpxtpx:TrackPointExtension><gpxtpx:cad>0</gpxtpx:cad></gpxtpx:TrackPointExtension></extensions></trkpt><trkpt lat="15.4619226884" lon="73.7818025798"><ele>-1.30</ele><time>2025-11-14T01:28:17Z</time><extensions><gpxtpx:TrackPointExtension><gpxtpx:cad>0</gpxtpx:cad></gpxtpx:TrackPointExtension></extensions></trkpt><trkpt lat="15.4617900029" lon="73.7816946208"><ele>-1.30</ele><time>2025-11-14T01:28:22Z</time><extensions><gpxtpx:TrackPointExtension><gpxtpx:cad>0</gpxtpx:cad></gpxtpx:TrackPointExtension></extensions></trkpt><trkpt lat="15.4616454151" lon="73.7815988157"><ele>-1.30</ele><time>2025-11-14T01:28:27Z</time><extensions><gpxtpx:TrackPointExtension><gpxtpx:cad>0</gpxtpx:cad></gpxtpx:TrackPointExtension></extensions></trkpt><trkpt lat="15.4614955466" lon="73.7815148290"><ele>-1.30</ele><time>2025-11-14T01:28:32Z</time><extensions><gpxtpx:TrackPointExtension><gpxtpx:cad>0</gpxtpx:cad></gpxtpx:TrackPointExtension></extensions></trkpt><trkpt lat="15.4613558203" lon="73.7814153358"><ele>-1.30</ele><time>2025-11-14T01:28:37Z</time><extensions><gpxtpx:TrackPointExtension><gpxtpx:cad>0</gpxtpx:cad></gpxtpx:TrackPointExtension></extensions></trkpt><trkpt lat="15.4612265714" lon="73.7813010067"><ele>-1.30</ele><time>2025-11-14T01:28:42Z</time><extensions><gpxtpx:TrackPointExtension><gpxtpx:cad>0</gpxtpx:cad></gpxtpx:TrackPointExtension></extensions></trkpt><trkpt lat="15.4611129966" lon="73.7811673991"><ele>-1.30</ele><time>2025-11-14T01:28:47Z</time><extensions><gpxtpx:TrackPointExtension><gpxtpx:cad>0</gpxtpx:cad></gpxtpx:TrackPointExtension></extensions></trkpt><trkpt lat="15.4609972425" lon="73.7810371444"><ele>-1.30</ele><time>2025-11-14T01:28:52Z</time><extensions><gpxtpx:TrackPointExtension><gpxtpx:cad>0</gpxtpx:cad></gpxtpx:TrackPointExtension></extensions></trkpt><trkpt lat="15.4608775489" lon="73.7809139304"><ele>-0.82</ele><time>2025-11-14T01:28:57Z</time><extensions><gpxtpx:TrackPointExtension><gpxtpx:cad>0</gpxtpx:cad></gpxtpx:TrackPointExtension></extensions></trkpt><trkpt lat="15.4607435223" lon="73.7807994336"><ele>-0.82</ele><time>2025-11-14T01:29:02Z</time><extensions><gpxtpx:TrackPointExtension><gpxtpx:cad>0</gpxtpx:cad></gpxtpx:TrackPointExtension></extensions></trkpt><trkpt lat="15.4606076516" lon="73.7806943245"><ele>-0.34</ele><time>2025-11-14T01:29:07Z</time><extensions><gpxtpx:TrackPointExtension><gpxtpx:cad>0</gpxtpx:cad></gpxtpx:TrackPointExtension></extensions></trkpt><trkpt lat="15.4604641534" lon="73.7805958372"><ele>-0.34</ele><time>2025-11-14T01:29:12Z</time><extensions><gpxtpx:TrackPointExtension><gpxtpx:cad>0</gpxtpx:cad></gpxtpx:TrackPointExtension></extensions></trkpt><trkpt lat="15.4603180569" lon="73.7805063184"><ele>-0.82</ele><time>2025-11-14T01:29:17Z</time><extensions><gpxtpx:TrackPointExtension><gpxtpx:cad>0</gpxtpx:cad></gpxtpx:TrackPointExtension></extensions></trkpt><trkpt lat="15.4601758998" lon="73.7804121897"><ele>-0.82</ele><time>2025-11-14T01:29:22Z</time><extensions><gpxtpx:TrackPointExtension><gpxtpx:cad>0</gpxtpx:cad></gpxtpx:TrackPointExtension></extensions></trkpt><trkpt lat="15.4600371793" lon="73.7803121936"><ele>-0.82</ele><time>2025-11-14T01:29:27Z</time><extensions><gpxtpx:TrackPointExtension><gpxtpx:cad>0</gpxtpx:cad></gpxtpx:TrackPointExtension></extensions></trkpt><trkpt lat="15.4598974530" lon="73.7802137062"><ele>-0.82</ele><time>2025-11-14T01:29:32Z</time><extensions><gpxtpx:TrackPointExtension><gpxtpx:cad>0</gpxtpx:cad></gpxtpx:TrackPointExtension></extensions></trkpt><trkpt lat="15.4597552959" lon="73.7801127881"><ele>-0.82</ele><time>2025-11-14T01:29:37Z</time><extensions><gpxtpx:TrackPointExtension><gpxtpx:cad>0</gpxtpx:cad></gpxtpx:TrackPointExtension></extensions></trkpt><trkpt lat="15.4596175812" lon="73.7800071761"><ele>-1.30</ele><time>2025-11-14T01:29:42Z</time><extensions><gpxtpx:TrackPointExtension><gpxtpx:cad>0</gpxtpx:cad></gpxtpx:TrackPointExtension></extensions></trkpt><trkpt lat="15.4594798665" lon="73.7799060903"><ele>-0.82</ele><time>2025-11-14T01:29:47Z</time><extensions><gpxtpx:TrackPointExtension><gpxtpx:cad>0</gpxtpx:cad></gpxtpx:TrackPointExtension></extensions></trkpt><trkpt lat="15.4593313392" lon="73.7798188347"><ele>-0.82</ele><time>2025-11-14T01:29:52Z</time><extensions><gpxtpx:TrackPointExtension><gpxtpx:cad>0</gpxtpx:cad></gpxtpx:TrackPointExtension></extensions></trkpt><trkpt lat="15.4591839854" lon="73.7797315791"><ele>-1.30</ele><time>2025-11-14T01:29:57Z</time><extensions><gpxtpx:TrackPointExtension><gpxtpx:cad>0</gpxtpx:cad></gpxtpx:TrackPointExtension></extensions></trkpt><trkpt lat="15.4590408225" lon="73.7796396296"><ele>-1.30</ele><time>2025-11-14T01:30:02Z</time><extensions><gpxtpx:TrackPointExtension><gpxtpx:cad>0</gpxtpx:cad></gpxtpx:TrackPointExtension></extensions></trkpt><trkpt lat="15.4589000903" lon="73.7795412261"><ele>-1.30</ele><time>2025-11-14T01:30:07Z</time><extensions><gpxtpx:TrackPointExtension><gpxtpx:cad>0</gpxtpx:cad></gpxtpx:TrackPointExtension></extensions></trkpt><trkpt lat="15.4587674048" lon="73.7794312555"><ele>-1.30</ele><time>2025-11-14T01:30:12Z</time><extensions><gpxtpx:TrackPointExtension><gpxtpx:cad>0</gpxtpx:cad></gpxtpx:TrackPointExtension></extensions></trkpt><trkpt lat="15.4586358089" lon="73.7793206982"><ele>-1.30</ele><time>2025-11-14T01:30:17Z</time><extensions><gpxtpx:TrackPointExtension><gpxtpx:cad>0</gpxtpx:cad></gpxtpx:TrackPointExtension></extensions></trkpt><trkpt lat="15.4585014470" lon="73.7792087998"><ele>-1.30</ele><time>2025-11-14T01:30:22Z</time><extensions><gpxtpx:TrackPointExtension><gpxtpx:cad>0</gpxtpx:cad></gpxtpx:TrackPointExtension></extensions></trkpt><trkpt lat="15.4583639000" lon="73.7791010924"><ele>-0.82</ele><time>2025-11-14T01:30:27Z</time><extensions><gpxtpx:TrackPointExtension><gpxtpx:cad>0</gpxtpx:cad></gpxtpx:TrackPointExtension></extensions></trkpt><trkpt lat="15.4582232516" lon="73.7789987493"><ele>-1.30</ele><time>2025-11-14T01:30:32Z</time><extensions><gpxtpx:TrackPointExtension><gpxtpx:cad>0</gpxtpx:cad></gpxtpx:TrackPointExtension></extensions></trkpt><trkpt lat="15.4580768198" lon="73.7789078895"><ele>-1.30</ele><time>2025-11-14T01:30:37Z</time><extensions><gpxtpx:TrackPointExtension><gpxtpx:cad>0</gpxtpx:cad></gpxtpx:TrackPointExtension></extensions></trkpt><trkpt lat="15.4579228442" lon="73.7788208015"><ele>-1.30</ele><time>2025-11-14T01:30:42Z</time><extensions><gpxtpx:TrackPointExtension><gpxtpx:cad>0</gpxtpx:cad></gpxtpx:TrackPointExtension></extensions></trkpt><trkpt lat="15.4577776697" lon="73.7787396647"><ele>-1.30</ele><time>2025-11-14T01:30:47Z</time><extensions><gpxtpx:TrackPointExtension><gpxtpx:cad>0</gpxtpx:cad></gpxtpx:TrackPointExtension></extensions></trkpt><trkpt lat="15.4576267116" lon="73.7786580250"><ele>-1.79</ele><time>2025-11-14T01:30:52Z</time><extensions><gpxtpx:TrackPointExtension><gpxtpx:cad>0</gpxtpx:cad></gpxtpx:TrackPointExtension></extensions></trkpt><trkpt lat="15.4574741609" lon="73.7785798218"><ele>-1.79</ele><time>2025-11-14T01:30:57Z</time><extensions><gpxtpx:TrackPointExtension><gpxtpx:cad>0</gpxtpx:cad></gpxtpx:TrackPointExtension></extensions></trkpt><trkpt lat="15.4573248792" lon="73.7785018701"><ele>-2.27</ele><time>2025-11-14T01:31:02Z</time><extensions><gpxtpx:TrackPointExtension><gpxtpx:cad>0</gpxtpx:cad></gpxtpx:TrackPointExtension></extensions></trkpt><trkpt lat="15.4571693111" lon="73.7784263492"><ele>-2.27</ele><time>2025-11-14T01:31:07Z</time><extensions><gpxtpx:TrackPointExtension><gpxtpx:cad>0</gpxtpx:cad></gpxtpx:TrackPointExtension></extensions></trkpt><trkpt lat="15.4570186045" lon="73.7783573661"><ele>-2.27</ele><time>2025-11-14T01:31:12Z</time><extensions><gpxtpx:TrackPointExtension><gpxtpx:cad>0</gpxtpx:cad></gpxtpx:TrackPointExtension></extensions></trkpt><trkpt lat="15.4568622820" lon="73.7782851979"><ele>-1.79</ele><time>2025-11-14T01:31:17Z</time><extensions><gpxtpx:TrackPointExtension><gpxtpx:cad>0</gpxtpx:cad></gpxtpx:TrackPointExtension></extensions></trkpt><trkpt lat="15.4567070492" lon="73.7782073300"><ele>-1.79</ele><time>2025-11-14T01:31:22Z</time><extensions><gpxtpx:TrackPointExtension><gpxtpx:cad>0</gpxtpx:cad></gpxtpx:TrackPointExtension></extensions></trkpt><trkpt lat="15.4565528221" lon="73.7781258579"><ele>-1.79</ele><time>2025-11-14T01:31:27Z</time><extensions><gpxtpx:TrackPointExtension><gpxtpx:cad>0</gpxtpx:cad></gpxtpx:TrackPointExtension></extensions></trkpt><trkpt lat="15.4564018641" lon="73.7780466489"><ele>-1.79</ele><time>2025-11-14T01:31:32Z</time><extensions><gpxtpx:TrackPointExtension><gpxtpx:cad>0</gpxtpx:cad></gpxtpx:TrackPointExtension></extensions></trkpt><trkpt lat="15.4562473856" lon="73.7779660150"><ele>-1.30</ele><time>2025-11-14T01:31:37Z</time><extensions><gpxtpx:TrackPointExtension><gpxtpx:cad>0</gpxtpx:cad></gpxtpx:TrackPointExtension></extensions></trkpt><trkpt lat="15.4560889676" lon="73.7778844591"><ele>-0.82</ele><time>2025-11-14T01:31:42Z</time><extensions><gpxtpx:TrackPointExtension><gpxtpx:cad>0</gpxtpx:cad></gpxtpx:TrackPointExtension></extensions></trkpt><trkpt lat="15.4559363332" lon="73.7778064236"><ele>-0.82</ele><time>2025-11-14T01:31:47Z</time><extensions><gpxtpx:TrackPointExtension><gpxtpx:cad>0</gpxtpx:cad></gpxtpx:TrackPointExtension></extensions></trkpt><trkpt lat="15.4557840340" lon="73.7777401228"><ele>-0.82</ele><time>2025-11-14T01:31:52Z</time><extensions><gpxtpx:TrackPointExtension><gpxtpx:cad>0</gpxtpx:cad></gpxtpx:TrackPointExtension></extensions></trkpt><trkpt lat="15.4556210898" lon="73.7776682898"><ele>-0.82</ele><time>2025-11-14T01:31:57Z</time><extensions><gpxtpx:TrackPointExtension><gpxtpx:cad>0</gpxtpx:cad></gpxtpx:TrackPointExtension></extensions></trkpt><trkpt lat="15.4554598220" lon="73.7776067667"><ele>-0.82</ele><time>2025-11-14T01:32:02Z</time><extensions><gpxtpx:TrackPointExtension><gpxtpx:cad>0</gpxtpx:cad></gpxtpx:TrackPointExtension></extensions></trkpt><trkpt lat="15.4552999791" lon="73.7775456626"><ele>-0.34</ele><time>2025-11-14T01:32:07Z</time><extensions><gpxtpx:TrackPointExtension><gpxtpx:cad>0</gpxtpx:cad></gpxtpx:TrackPointExtension></extensions></trkpt><trkpt lat="15.4551413096" lon="73.7774897553"><ele>-0.34</ele><time>2025-11-14T01:32:12Z</time><extensions><gpxtpx:TrackPointExtension><gpxtpx:cad>0</gpxtpx:cad></gpxtpx:TrackPointExtension></extensions></trkpt><trkpt lat="15.4549802095" lon="73.7774334289"><ele>-0.34</ele><time>2025-11-14T01:32:17Z</time><extensions><gpxtpx:TrackPointExtension><gpxtpx:cad>0</gpxtpx:cad></gpxtpx:TrackPointExtension></extensions></trkpt><trkpt lat="15.4548273236" lon="73.7773828860"><ele>-0.82</ele><time>2025-11-14T01:32:22Z</time><extensions><gpxtpx:TrackPointExtension><gpxtpx:cad>0</gpxtpx:cad></gpxtpx:TrackPointExtension></extensions></trkpt><trkpt lat="15.4546673130" lon="73.7773288228"><ele>-0.82</ele><time>2025-11-14T01:32:27Z</time><extensions><gpxtpx:TrackPointExtension><gpxtpx:cad>0</gpxtpx:cad></gpxtpx:TrackPointExtension></extensions></trkpt><trkpt lat="15.4545010999" lon="73.7772978097"><ele>-0.82</ele><time>2025-11-14T01:32:32Z</time><extensions><gpxtpx:TrackPointExtension><gpxtpx:cad>0</gpxtpx:cad></gpxtpx:TrackPointExtension></extensions></trkpt><trkpt lat="15.4543316178" lon="73.7772833090"><ele>-1.30</ele><time>2025-11-14T01:32:37Z</time><extensions><gpxtpx:TrackPointExtension><gpxtpx:cad>0</gpxtpx:cad></gpxtpx:TrackPointExtension></extensions></trkpt><trkpt lat="15.4541641474" lon="73.7772757653"><ele>-1.79</ele><time>2025-11-14T01:32:42Z</time><extensions><gpxtpx:TrackPointExtension><gpxtpx:cad>0</gpxtpx:cad></gpxtpx:TrackPointExtension></extensions></trkpt><trkpt lat="15.4539962579" lon="73.7772643659"><ele>-1.79</ele><time>2025-11-14T01:32:47Z</time><extensions><gpxtpx:TrackPointExtension><gpxtpx:cad>0</gpxtpx:cad></gpxtpx:TrackPointExtension></extensions></trkpt><trkpt lat="15.4538289551" lon="73.7772475183"><ele>-1.30</ele><time>2025-11-14T01:32:52Z</time><extensions><gpxtpx:TrackPointExtension><gpxtpx:cad>0</gpxtpx:cad></gpxtpx:TrackPointExtension></extensions></trkpt><trkpt lat="15.4536652565" lon="73.7772299163"><ele>-0.82</ele><time>2025-11-14T01:32:57Z</time><extensions><gpxtpx:TrackPointExtension><gpxtpx:cad>0</gpxtpx:cad></gpxtpx:TrackPointExtension></extensions></trkpt><trkpt lat="15.4534977861" lon="73.7772162538"><ele>-0.82</ele><time>2025-11-14T01:33:02Z</time><extensions><gpxtpx:TrackPointExtension><gpxtpx:cad>0</gpxtpx:cad></gpxtpx:TrackPointExtension></extensions></trkpt><trkpt lat="15.4533408768" lon="73.7771952152"><ele>-0.82</ele><time>2025-11-14T01:33:07Z</time><extensions><gpxtpx:TrackPointExtension><gpxtpx:cad>0</gpxtpx:cad></gpxtpx:TrackPointExtension></extensions></trkpt><trkpt lat="15.4531777650" lon="73.7771605141"><ele>-1.30</ele><time>2025-11-14T01:33:12Z</time><extensions><gpxtpx:TrackPointExtension><gpxtpx:cad>0</gpxtpx:cad></gpxtpx:TrackPointExtension></extensions></trkpt><trkpt lat="15.4530124739" lon="73.7771150004"><ele>-1.30</ele><time>2025-11-14T01:33:17Z</time><extensions><gpxtpx:TrackPointExtension><gpxtpx:cad>0</gpxtpx:cad></gpxtpx:TrackPointExtension></extensions></trkpt><trkpt lat="15.4528495297" lon="73.7770796288"><ele>-0.82</ele><time>2025-11-14T01:33:22Z</time><extensions><gpxtpx:TrackPointExtension><gpxtpx:cad>0</gpxtpx:cad></gpxtpx:TrackPointExtension></extensions></trkpt><trkpt lat="15.4526831489" lon="73.7770494539"><ele>-0.82</ele><time>2025-11-14T01:33:27Z</time><extensions><gpxtpx:TrackPointExtension><gpxtpx:cad>0</gpxtpx:cad></gpxtpx:TrackPointExtension></extensions></trkpt><trkpt lat="15.4525172710" lon="73.7770165130"><ele>-0.82</ele><time>2025-11-14T01:33:32Z</time><extensions><gpxtpx:TrackPointExtension><gpxtpx:cad>0</gpxtpx:cad></gpxtpx:TrackPointExtension></extensions></trkpt><trkpt lat="15.4523513932" lon="73.7769779563"><ele>-0.82</ele><time>2025-11-14T01:33:37Z</time><extensions><gpxtpx:TrackPointExtension><gpxtpx:cad>0</gpxtpx:cad></gpxtpx:TrackPointExtension></extensions></trkpt><trkpt lat="15.4521882813" lon="73.7769439258"><ele>-0.82</ele><time>2025-11-14T01:33:42Z</time><extensions><gpxtpx:TrackPointExtension><gpxtpx:cad>0</gpxtpx:cad></gpxtpx:TrackPointExtension></extensions></trkpt><trkpt lat="15.4520202242" lon="73.7769061234"><ele>-0.82</ele><time>2025-11-14T01:33:47Z</time><extensions><gpxtpx:TrackPointExtension><gpxtpx:cad>0</gpxtpx:cad></gpxtpx:TrackPointExtension></extensions></trkpt><trkpt lat="15.4518569447" lon="73.7768764514"><ele>-0.82</ele><time>2025-11-14T01:33:52Z</time><extensions><gpxtpx:TrackPointExtension><gpxtpx:cad>0</gpxtpx:cad></gpxtpx:TrackPointExtension></extensions></trkpt><trkpt lat="15.4516889714" lon="73.7768456060"><ele>-1.30</ele><time>2025-11-14T01:33:57Z</time><extensions><gpxtpx:TrackPointExtension><gpxtpx:cad>0</gpxtpx:cad></gpxtpx:TrackPointExtension></extensions></trkpt><trkpt lat="15.4515245184" lon="73.7767938897"><ele>-0.82</ele><time>2025-11-14T01:34:02Z</time><extensions><gpxtpx:TrackPointExtension><gpxtpx:cad>0</gpxtpx:cad></gpxtpx:TrackPointExtension></extensions></trkpt><trkpt lat="15.4513671063" lon="73.7767248228"><ele>-0.34</ele><time>2025-11-14T01:34:07Z</time><extensions><gpxtpx:TrackPointExtension><gpxtpx:cad>0</gpxtpx:cad></gpxtpx:TrackPointExtension></extensions></trkpt><trkpt lat="15.4512184951" lon="73.7766401656"><ele>-0.82</ele><time>2025-11-14T01:34:12Z</time><extensions><gpxtpx:TrackPointExtension><gpxtpx:cad>0</gpxtpx:cad></gpxtpx:TrackPointExtension></extensions></trkpt><trkpt lat="15.4510793556" lon="73.7765377387"><ele>-0.82</ele><time>2025-11-14T01:34:17Z</time><extensions><gpxtpx:TrackPointExtension><gpxtpx:cad>0</gpxtpx:cad></gpxtpx:TrackPointExtension></extensions></trkpt><trkpt lat="15.4509395454" lon="73.7764247507"><ele>-1.30</ele><time>2025-11-14T01:34:22Z</time><extensions><gpxtpx:TrackPointExtension><gpxtpx:cad>0</gpxtpx:cad></gpxtpx:TrackPointExtension></extensions></trkpt><trkpt lat="15.4508053511" lon="73.7763095833"><ele>-1.30</ele><time>2025-11-14T01:34:27Z</time><extensions><gpxtpx:TrackPointExtension><gpxtpx:cad>0</gpxtpx:cad></gpxtpx:TrackPointExtension></extensions></trkpt><trkpt lat="15.4506812152" lon="73.7761803344"><ele>-1.30</ele><time>2025-11-14T01:34:32Z</time><extensions><gpxtpx:TrackPointExtension><gpxtpx:cad>0</gpxtpx:cad></gpxtpx:TrackPointExtension></extensions></trkpt><trkpt lat="15.4505607672" lon="73.7760496605"><ele>-0.82</ele><time>2025-11-14T01:34:37Z</time><extensions><gpxtpx:TrackPointExtension><gpxtpx:cad>0</gpxtpx:cad></gpxtpx:TrackPointExtension></extensions></trkpt><trkpt lat="15.4504430853" lon="73.7759152986"><ele>-0.82</ele><time>2025-11-14T01:34:42Z</time><extensions><gpxtpx:TrackPointExtension><gpxtpx:cad>0</gpxtpx:cad></gpxtpx:TrackPointExtension></extensions></trkpt><trkpt lat="15.4503254034" lon="73.7757856306"><ele>-0.82</ele><time>2025-11-14T01:34:47Z</time><extensions><gpxtpx:TrackPointExtension><gpxtpx:cad>0</gpxtpx:cad></gpxtpx:TrackPointExtension></extensions></trkpt><trkpt lat="15.4502052907" lon="73.7756581418"><ele>-1.30</ele><time>2025-11-14T01:34:52Z</time><extensions><gpxtpx:TrackPointExtension><gpxtpx:cad>0</gpxtpx:cad></gpxtpx:TrackPointExtension></extensions></trkpt><trkpt lat="15.4500834178" lon="73.7755287252"><ele>-1.30</ele><time>2025-11-14T01:34:57Z</time><extensions><gpxtpx:TrackPointExtension><gpxtpx:cad>0</gpxtpx:cad></gpxtpx:TrackPointExtension></extensions></trkpt><trkpt lat="15.4499660712" lon="73.7753935251"><ele>-1.30</ele><time>2025-11-14T01:35:02Z</time><extensions><gpxtpx:TrackPointExtension><gpxtpx:cad>0</gpxtpx:cad></gpxtpx:TrackPointExtension></extensions></trkpt><trkpt lat="15.4498518258" lon="73.7752605043"><ele>-1.30</ele><time>2025-11-14T01:35:07Z</time><extensions><gpxtpx:TrackPointExtension><gpxtpx:cad>0</gpxtpx:cad></gpxtpx:TrackPointExtension></extensions></trkpt><trkpt lat="15.4497359041" lon="73.7751235440"><ele>-1.30</ele><time>2025-11-14T01:35:12Z</time><extensions><gpxtpx:TrackPointExtension><gpxtpx:cad>0</gpxtpx:cad></gpxtpx:TrackPointExtension></extensions></trkpt><trkpt lat="15.4496242572" lon="73.7749841530"><ele>-1.30</ele><time>2025-11-14T01:35:17Z</time><extensions><gpxtpx:TrackPointExtension><gpxtpx:cad>0</gpxtpx:cad></gpxtpx:TrackPointExtension></extensions></trkpt><trkpt lat="15.4495108500" lon="73.7748411577"><ele>-1.30</ele><time>2025-11-14T01:35:22Z</time><extensions><gpxtpx:TrackPointExtension><gpxtpx:cad>0</gpxtpx:cad></gpxtpx:TrackPointExtension></extensions></trkpt><trkpt lat="15.4494062439" lon="73.7746993359"><ele>-0.82</ele><time>2025-11-14T01:35:27Z</time><extensions><gpxtpx:TrackPointExtension><gpxtpx:cad>0</gpxtpx:cad></gpxtpx:TrackPointExtension></extensions></trkpt><trkpt lat="15.4492983688" lon="73.7745569274"><ele>-0.82</ele><time>2025-11-14T01:35:32Z</time><extensions><gpxtpx:TrackPointExtension><gpxtpx:cad>0</gpxtpx:cad></gpxtpx:TrackPointExtension></extensions></trkpt><trkpt lat="15.4491960257" lon="73.7744065560"><ele>-0.82</ele><time>2025-11-14T01:35:37Z</time><extensions><gpxtpx:TrackPointExtension><gpxtpx:cad>0</gpxtpx:cad></gpxtpx:TrackPointExtension></extensions></trkpt><trkpt lat="15.4490899108" lon="73.7742609624"><ele>-0.82</ele><time>2025-11-14T01:35:42Z</time><extensions><gpxtpx:TrackPointExtension><gpxtpx:cad>0</gpxtpx:cad></gpxtpx:TrackPointExtension></extensions></trkpt><trkpt lat="15.4489921778" lon="73.7741185538"><ele>-1.30</ele><time>2025-11-14T01:35:47Z</time><extensions><gpxtpx:TrackPointExtension><gpxtpx:cad>0</gpxtpx:cad></gpxtpx:TrackPointExtension></extensions></trkpt><trkpt lat="15.4488759208" lon="73.7739852816"><ele>-1.30</ele><time>2025-11-14T01:35:52Z</time><extensions><gpxtpx:TrackPointExtension><gpxtpx:cad>0</gpxtpx:cad></gpxtpx:TrackPointExtension></extensions></trkpt><trkpt lat="15.4487361107" lon="73.7738885544"><ele>-1.30</ele><time>2025-11-14T01:35:57Z</time><extensions><gpxtpx:TrackPointExtension><gpxtpx:cad>0</gpxtpx:cad></gpxtpx:TrackPointExtension></extensions></trkpt><trkpt lat="15.4485943727" lon="73.7737839483"><ele>-1.30</ele><time>2025-11-14T01:36:02Z</time><extensions><gpxtpx:TrackPointExtension><gpxtpx:cad>0</gpxtpx:cad></gpxtpx:TrackPointExtension></extensions></trkpt><trkpt lat="15.4484522156" lon="73.7736748159"><ele>-1.79</ele><time>2025-11-14T01:36:07Z</time><extensions><gpxtpx:TrackPointExtension><gpxtpx:cad>0</gpxtpx:cad></gpxtpx:TrackPointExtension></extensions></trkpt><trkpt lat="15.4483159259" lon="73.7735662702"><ele>-2.27</ele><time>2025-11-14T01:36:12Z</time><extensions><gpxtpx:TrackPointExtension><gpxtpx:cad>0</gpxtpx:cad></gpxtpx:TrackPointExtension></extensions></trkpt><trkpt lat="15.4481898621" lon="73.7734414637"><ele>-2.27</ele><time>2025-11-14T01:36:17Z</time><extensions><gpxtpx:TrackPointExtension><gpxtpx:cad>0</gpxtpx:cad></gpxtpx:TrackPointExtension></extensions></trkpt><trkpt lat="15.4480539076" lon="73.7733262964"><ele>-2.27</ele><time>2025-11-14T01:36:22Z</time><extensions><gpxtpx:TrackPointExtension><gpxtpx:cad>0</gpxtpx:cad></gpxtpx:TrackPointExtension></extensions></trkpt><trkpt lat="15.4479078948" lon="73.7732356880"><ele>-1.79</ele><time>2025-11-14T01:36:27Z</time><extensions><gpxtpx:TrackPointExtension><gpxtpx:cad>0</gpxtpx:cad></gpxtpx:TrackPointExtension></extensions></trkpt><trkpt lat="15.4477509856" lon="73.7731539644"><ele>-1.30</ele><time>2025-11-14T01:36:32Z</time><extensions><gpxtpx:TrackPointExtension><gpxtpx:cad>0</gpxtpx:cad></gpxtpx:TrackPointExtension></extensions></trkpt><trkpt lat="15.4475974292" lon="73.7730758451"><ele>-1.30</ele><time>2025-11-14T01:36:37Z</time><extensions><gpxtpx:TrackPointExtension><gpxtpx:cad>0</gpxtpx:cad></gpxtpx:TrackPointExtension></extensions></trkpt><trkpt lat="15.4474466387" lon="73.7730048504"><ele>-1.30</ele><time>2025-11-14T01:36:42Z</time><extensions><gpxtpx:TrackPointExtension><gpxtpx:cad>0</gpxtpx:cad></gpxtpx:TrackPointExtension></extensions></trkpt><trkpt lat="15.4472893104" lon="73.7729470152"><ele>-0.82</ele><time>2025-11-14T01:36:47Z</time><extensions><gpxtpx:TrackPointExtension><gpxtpx:cad>0</gpxtpx:cad></gpxtpx:TrackPointExtension></extensions></trkpt><trkpt lat="15.4471343290" lon="73.7728837319"><ele>-1.30</ele><time>2025-11-14T01:36:52Z</time><extensions><gpxtpx:TrackPointExtension><gpxtpx:cad>0</gpxtpx:cad></gpxtpx:TrackPointExtension></extensions></trkpt><trkpt lat="15.4469711334" lon="73.7728204485"><ele>-0.82</ele><time>2025-11-14T01:36:57Z</time><extensions><gpxtpx:TrackPointExtension><gpxtpx:cad>0</gpxtpx:cad></gpxtpx:TrackPointExtension></extensions></trkpt><trkpt lat="15.4468169902" lon="73.7727516331"><ele>-0.82</ele><time>2025-11-14T01:37:02Z</time><extensions><gpxtpx:TrackPointExtension><gpxtpx:cad>0</gpxtpx:cad></gpxtpx:TrackPointExtension></extensions></trkpt><trkpt lat="15.4466631822" lon="73.7726808060"><ele>-0.82</ele><time>2025-11-14T01:37:07Z</time><extensions><gpxtpx:TrackPointExtension><gpxtpx:cad>0</gpxtpx:cad></gpxtpx:TrackPointExtension></extensions></trkpt><trkpt lat="15.4465027526" lon="73.7726070452"><ele>-0.34</ele><time>2025-11-14T01:37:12Z</time><extensions><gpxtpx:TrackPointExtension><gpxtpx:cad>0</gpxtpx:cad></gpxtpx:TrackPointExtension></extensions></trkpt><trkpt lat="15.4463465139" lon="73.7725384813"><ele>-0.34</ele><time>2025-11-14T01:37:17Z</time><extensions><gpxtpx:TrackPointExtension><gpxtpx:cad>0</gpxtpx:cad></gpxtpx:TrackPointExtension></extensions></trkpt><trkpt lat="15.4461836535" lon="73.7724768743"><ele>-0.82</ele><time>2025-11-14T01:37:22Z</time><extensions><gpxtpx:TrackPointExtension><gpxtpx:cad>0</gpxtpx:cad></gpxtpx:TrackPointExtension></extensions></trkpt><trkpt lat="15.4460258223" lon="73.7724207994"><ele>-0.82</ele><time>2025-11-14T01:37:27Z</time><extensions><gpxtpx:TrackPointExtension><gpxtpx:cad>0</gpxtpx:cad></gpxtpx:TrackPointExtension></extensions></trkpt><trkpt lat="15.4458677396" lon="73.7723627966"><ele>-0.82</ele><time>2025-11-14T01:37:32Z</time><extensions><gpxtpx:TrackPointExtension><gpxtpx:cad>0</gpxtpx:cad></gpxtpx:TrackPointExtension></extensions></trkpt><trkpt lat="15.4457109980" lon="73.7722946517"><ele>-0.34</ele><time>2025-11-14T01:37:37Z</time><extensions><gpxtpx:TrackPointExtension><gpxtpx:cad>0</gpxtpx:cad></gpxtpx:TrackPointExtension></extensions></trkpt><trkpt lat="15.4455571063" lon="73.7722187955"><ele>-0.34</ele><time>2025-11-14T01:37:42Z</time><extensions><gpxtpx:TrackPointExtension><gpxtpx:cad>0</gpxtpx:cad></gpxtpx:TrackPointExtension></extensions></trkpt><trkpt lat="15.4453973472" lon="73.7721434422"><ele>-0.82</ele><time>2025-11-14T01:37:47Z</time><extensions><gpxtpx:TrackPointExtension><gpxtpx:cad>0</gpxtpx:cad></gpxtpx:TrackPointExtension></extensions></trkpt><trkpt lat="15.4452380072" lon="73.7720788177"><ele>-0.82</ele><time>2025-11-14T01:37:52Z</time><extensions><gpxtpx:TrackPointExtension><gpxtpx:cad>0</gpxtpx:cad></gpxtpx:TrackPointExtension></extensions></trkpt><trkpt lat="15.4450780805" lon="73.7720169593"><ele>-0.82</ele><time>2025-11-14T01:37:57Z</time><extensions><gpxtpx:TrackPointExtension><gpxtpx:cad>0</gpxtpx:cad></gpxtpx:TrackPointExtension></extensions></trkpt><trkpt lat="15.4449159745" lon="73.7719675060"><ele>-0.82</ele><time>2025-11-14T01:38:02Z</time><extensions><gpxtpx:TrackPointExtension><gpxtpx:cad>0</gpxtpx:cad></gpxtpx:TrackPointExtension></extensions></trkpt><trkpt lat="15.4447496776" lon="73.7719287816"><ele>-0.34</ele><time>2025-11-14T01:38:07Z</time><extensions><gpxtpx:TrackPointExtension><gpxtpx:cad>0</gpxtpx:cad></gpxtpx:TrackPointExtension></extensions></trkpt><trkpt lat="15.4445813689" lon="73.7718884647"><ele>-0.34</ele><time>2025-11-14T01:38:12Z</time><extensions><gpxtpx:TrackPointExtension><gpxtpx:cad>0</gpxtpx:cad></gpxtpx:TrackPointExtension></extensions></trkpt><trkpt lat="15.4444213584" lon="73.7718398497"><ele>0.14</ele><time>2025-11-14T01:38:17Z</time><extensions><gpxtpx:TrackPointExtension><gpxtpx:cad>0</gpxtpx:cad></gpxtpx:TrackPointExtension></extensions></trkpt><trkpt lat="15.4442576598" lon="73.7717908993"><ele>0.14</ele><time>2025-11-14T01:38:22Z</time><extensions><gpxtpx:TrackPointExtension><gpxtpx:cad>0</gpxtpx:cad></gpxtpx:TrackPointExtension></extensions></trkpt><trkpt lat="15.4440968949" lon="73.7717352435"><ele>0.62</ele><time>2025-11-14T01:38:27Z</time><extensions><gpxtpx:TrackPointExtension><gpxtpx:cad>0</gpxtpx:cad></gpxtpx:TrackPointExtension></extensions></trkpt><trkpt lat="15.4439384770" lon="73.7716815993"><ele>0.62</ele><time>2025-11-14T01:38:32Z</time><extensions><gpxtpx:TrackPointExtension><gpxtpx:cad>0</gpxtpx:cad></gpxtpx:TrackPointExtension></extensions></trkpt><trkpt lat="15.4437775444" lon="73.7716261949"><ele>0.62</ele><time>2025-11-14T01:38:37Z</time><extensions><gpxtpx:TrackPointExtension><gpxtpx:cad>0</gpxtpx:cad></gpxtpx:TrackPointExtension></extensions></trkpt><trkpt lat="15.4436139297" lon="73.7715753168"><ele>0.14</ele><time>2025-11-14T01:38:42Z</time><extensions><gpxtpx:TrackPointExtension><gpxtpx:cad>0</gpxtpx:cad></gpxtpx:TrackPointExtension></extensions></trkpt><trkpt lat="15.4434529133" lon="73.7715291325"><ele>0.14</ele><time>2025-11-14T01:38:47Z</time><extensions><gpxtpx:TrackPointExtension><gpxtpx:cad>0</gpxtpx:cad></gpxtpx:TrackPointExtension></extensions></trkpt><trkpt lat="15.4432894662" lon="73.7714899052"><ele>0.14</ele><time>2025-11-14T01:38:52Z</time><extensions><gpxtpx:TrackPointExtension><gpxtpx:cad>0</gpxtpx:cad></gpxtpx:TrackPointExtension></extensions></trkpt><trkpt lat="15.4431266058" lon="73.7714525219"><ele>0.14</ele><time>2025-11-14T01:38:57Z</time><extensions><gpxtpx:TrackPointExtension><gpxtpx:cad>0</gpxtpx:cad></gpxtpx:TrackPointExtension></extensions></trkpt><trkpt lat="15.4429637454" lon="73.7714197487"><ele>0.14</ele><time>2025-11-14T01:39:02Z</time><extensions><gpxtpx:TrackPointExtension><gpxtpx:cad>0</gpxtpx:cad></gpxtpx:TrackPointExtension></extensions></trkpt><trkpt lat="15.4427941795" lon="73.7713713013"><ele>0.14</ele><time>2025-11-14T01:39:07Z</time><extensions><gpxtpx:TrackPointExtension><gpxtpx:cad>0</gpxtpx:cad></gpxtpx:TrackPointExtension></extensions></trkpt><trkpt lat="15.4426267091" lon="73.7713284697"><ele>0.14</ele><time>2025-11-14T01:39:12Z</time><extensions><gpxtpx:TrackPointExtension><gpxtpx:cad>0</gpxtpx:cad></gpxtpx:TrackPointExtension></extensions></trkpt><trkpt lat="15.4424615856" lon="73.7712780945"><ele>0.14</ele><time>2025-11-14T01:39:17Z</time><extensions><gpxtpx:TrackPointExtension><gpxtpx:cad>0</gpxtpx:cad></gpxtpx:TrackPointExtension></extensions></trkpt><trkpt lat="15.4422993120" lon="73.7712402083"><ele>0.14</ele><time>2025-11-14T01:39:22Z</time><extensions><gpxtpx:TrackPointExtension><gpxtpx:cad>0</gpxtpx:cad></gpxtpx:TrackPointExtension></extensions></trkpt><trkpt lat="15.4421357810" lon="73.7712002266"><ele>0.14</ele><time>2025-11-14T01:39:27Z</time><extensions><gpxtpx:TrackPointExtension><gpxtpx:cad>0</gpxtpx:cad></gpxtpx:TrackPointExtension></extensions></trkpt><trkpt lat="15.4419734236" lon="73.7711566407"><ele>0.14</ele><time>2025-11-14T01:39:32Z</time><extensions><gpxtpx:TrackPointExtension><gpxtpx:cad>0</gpxtpx:cad></gpxtpx:TrackPointExtension></extensions></trkpt><trkpt lat="15.4418090545" lon="73.7711221911"><ele>0.14</ele><time>2025-11-14T01:39:37Z</time><extensions><gpxtpx:TrackPointExtension><gpxtpx:cad>0</gpxtpx:cad></gpxtpx:TrackPointExtension></extensions></trkpt><trkpt lat="15.4416446015" lon="73.7710916810"><ele>0.62</ele><time>2025-11-14T01:39:42Z</time><extensions><gpxtpx:TrackPointExtension><gpxtpx:cad>0</gpxtpx:cad></gpxtpx:TrackPointExtension></extensions></trkpt><trkpt lat="15.4414770473" lon="73.7710583210"><ele>0.62</ele><time>2025-11-14T01:39:47Z</time><extensions><gpxtpx:TrackPointExtension><gpxtpx:cad>0</gpxtpx:cad></gpxtpx:TrackPointExtension></extensions></trkpt><trkpt lat="15.4413155280" lon="73.7709964626"><ele>0.14</ele><time>2025-11-14T01:39:52Z</time><extensions><gpxtpx:TrackPointExtension><gpxtpx:cad>0</gpxtpx:cad></gpxtpx:TrackPointExtension></extensions></trkpt><trkpt lat="15.4411538411" lon="73.7709375378"><ele>0.14</ele><time>2025-11-14T01:39:57Z</time><extensions><gpxtpx:TrackPointExtension><gpxtpx:cad>0</gpxtpx:cad></gpxtpx:TrackPointExtension></extensions></trkpt><trkpt lat="15.4409899749" lon="73.7708838098"><ele>-0.34</ele><time>2025-11-14T01:40:02Z</time><extensions><gpxtpx:TrackPointExtension><gpxtpx:cad>0</gpxtpx:cad></gpxtpx:TrackPointExtension></extensions></trkpt><trkpt lat="15.4408293776" lon="73.7708356977"><ele>-0.34</ele><time>2025-11-14T01:40:07Z</time><extensions><gpxtpx:TrackPointExtension><gpxtpx:cad>0</gpxtpx:cad></gpxtpx:TrackPointExtension></extensions></trkpt><trkpt lat="15.4406660143" lon="73.7707951292"><ele>-0.82</ele><time>2025-11-14T01:40:12Z</time><extensions><gpxtpx:TrackPointExtension><gpxtpx:cad>0</gpxtpx:cad></gpxtpx:TrackPointExtension></extensions></trkpt><trkpt lat="15.4405003879" lon="73.7707498670"><ele>-0.82</ele><time>2025-11-14T01:40:17Z</time><extensions><gpxtpx:TrackPointExtension><gpxtpx:cad>0</gpxtpx:cad></gpxtpx:TrackPointExtension></extensions></trkpt><trkpt lat="15.4403435625" lon="73.7706961390"><ele>-0.82</ele><time>2025-11-14T01:40:22Z</time><extensions><gpxtpx:TrackPointExtension><gpxtpx:cad>0</gpxtpx:cad></gpxtpx:TrackPointExtension></extensions></trkpt><trkpt lat="15.4401843902" lon="73.7706329394"><ele>-0.82</ele><time>2025-11-14T01:40:27Z</time><extensions><gpxtpx:TrackPointExtension><gpxtpx:cad>0</gpxtpx:cad></gpxtpx:TrackPointExtension></extensions></trkpt><trkpt lat="15.4400260560" lon="73.7705621962"><ele>-0.82</ele><time>2025-11-14T01:40:32Z</time><extensions><gpxtpx:TrackPointExtension><gpxtpx:cad>0</gpxtpx:cad></gpxtpx:TrackPointExtension></extensions></trkpt><trkpt lat="15.4398680571" lon="73.7704899441"><ele>-0.82</ele><time>2025-11-14T01:40:37Z</time><extensions><gpxtpx:TrackPointExtension><gpxtpx:cad>0</gpxtpx:cad></gpxtpx:TrackPointExtension></extensions></trkpt><trkpt lat="15.4397082143" lon="73.7704233080"><ele>-0.34</ele><time>2025-11-14T01:40:42Z</time><extensions><gpxtpx:TrackPointExtension><gpxtpx:cad>0</gpxtpx:cad></gpxtpx:TrackPointExtension></extensions></trkpt><trkpt lat="15.4395462759" lon="73.7703617848"><ele>-0.34</ele><time>2025-11-14T01:40:47Z</time><extensions><gpxtpx:TrackPointExtension><gpxtpx:cad>0</gpxtpx:cad></gpxtpx:TrackPointExtension></extensions></trkpt><trkpt lat="15.4393881932" lon="73.7703086436"><ele>-0.34</ele><time>2025-11-14T01:40:52Z</time><extensions><gpxtpx:TrackPointExtension><gpxtpx:cad>0</gpxtpx:cad></gpxtpx:TrackPointExtension></extensions></trkpt><trkpt lat="15.4392274283" lon="73.7702489644"><ele>-0.34</ele><time>2025-11-14T01:40:57Z</time><extensions><gpxtpx:TrackPointExtension><gpxtpx:cad>0</gpxtpx:cad></gpxtpx:TrackPointExtension></extensions></trkpt><trkpt lat="15.4390680045" lon="73.7701824121"><ele>0.14</ele><time>2025-11-14T01:41:02Z</time><extensions><gpxtpx:TrackPointExtension><gpxtpx:cad>0</gpxtpx:cad></gpxtpx:TrackPointExtension></extensions></trkpt><trkpt lat="15.4389162082" lon="73.7701086514"><ele>0.14</ele><time>2025-11-14T01:41:07Z</time><extensions><gpxtpx:TrackPointExtension><gpxtpx:cad>0</gpxtpx:cad></gpxtpx:TrackPointExtension></extensions></trkpt><trkpt lat="15.4387605563" lon="73.7700315379"><ele>0.14</ele><time>2025-11-14T01:41:12Z</time><extensions><gpxtpx:TrackPointExtension><gpxtpx:cad>0</gpxtpx:cad></gpxtpx:TrackPointExtension></extensions></trkpt><trkpt lat="15.4386051558" lon="73.7699593697"><ele>0.62</ele><time>2025-11-14T01:41:17Z</time><extensions><gpxtpx:TrackPointExtension><gpxtpx:cad>0</gpxtpx:cad></gpxtpx:TrackPointExtension></extensions></trkpt><trkpt lat="15.4384522699" lon="73.7698902190"><ele>0.62</ele><time>2025-11-14T01:41:22Z</time><extensions><gpxtpx:TrackPointExtension><gpxtpx:cad>0</gpxtpx:cad></gpxtpx:TrackPointExtension></extensions></trkpt><trkpt lat="15.4382955283" lon="73.7698122673"><ele>0.62</ele><time>2025-11-14T01:41:27Z</time><extensions><gpxtpx:TrackPointExtension><gpxtpx:cad>0</gpxtpx:cad></gpxtpx:TrackPointExtension></extensions></trkpt><trkpt lat="15.4381421395" lon="73.7697327230"><ele>0.14</ele><time>2025-11-14T01:41:32Z</time><extensions><gpxtpx:TrackPointExtension><gpxtpx:cad>0</gpxtpx:cad></gpxtpx:TrackPointExtension></extensions></trkpt><trkpt lat="15.4379907623" lon="73.7696500774"><ele>-0.34</ele><time>2025-11-14T01:41:37Z</time><extensions><gpxtpx:TrackPointExtension><gpxtpx:cad>0</gpxtpx:cad></gpxtpx:TrackPointExtension></extensions></trkpt><trkpt lat="15.4378377926" lon="73.7695601396"><ele>-0.34</ele><time>2025-11-14T01:41:42Z</time><extensions><gpxtpx:TrackPointExtension><gpxtpx:cad>0</gpxtpx:cad></gpxtpx:TrackPointExtension></extensions></trkpt><trkpt lat="15.4376882594" lon="73.7694706209"><ele>-0.82</ele><time>2025-11-14T01:41:47Z</time><extensions><gpxtpx:TrackPointExtension><gpxtpx:cad>0</gpxtpx:cad></gpxtpx:TrackPointExtension></extensions></trkpt><trkpt lat="15.4375401512" lon="73.7693887297"><ele>-0.82</ele><time>2025-11-14T01:41:52Z</time><extensions><gpxtpx:TrackPointExtension><gpxtpx:cad>0</gpxtpx:cad></gpxtpx:TrackPointExtension></extensions></trkpt><trkpt lat="15.4373862594" lon="73.7692977861"><ele>-0.82</ele><time>2025-11-14T01:41:57Z</time><extensions><gpxtpx:TrackPointExtension><gpxtpx:cad>0</gpxtpx:cad></gpxtpx:TrackPointExtension></extensions></trkpt><trkpt lat="15.4372397438" lon="73.7692003883"><ele>-0.34</ele><time>2025-11-14T01:42:02Z</time><extensions><gpxtpx:TrackPointExtension><gpxtpx:cad>0</gpxtpx:cad></gpxtpx:TrackPointExtension></extensions></trkpt><trkpt lat="15.4370936472" lon="73.7690955307"><ele>-0.82</ele><time>2025-11-14T01:42:07Z</time><extensions><gpxtpx:TrackPointExtension><gpxtpx:cad>0</gpxtpx:cad></gpxtpx:TrackPointExtension></extensions></trkpt><trkpt lat="15.4369518254" lon="73.7689952832"><ele>-0.82</ele><time>2025-11-14T01:42:12Z</time><extensions><gpxtpx:TrackPointExtension><gpxtpx:cad>0</gpxtpx:cad></gpxtpx:TrackPointExtension></extensions></trkpt><trkpt lat="15.4368048068" lon="73.7689004000"><ele>-0.82</ele><time>2025-11-14T01:42:17Z</time><extensions><gpxtpx:TrackPointExtension><gpxtpx:cad>0</gpxtpx:cad></gpxtpx:TrackPointExtension></extensions></trkpt><trkpt lat="15.4366573691" lon="73.7688111328"><ele>-0.82</ele><time>2025-11-14T01:42:22Z</time><extensions><gpxtpx:TrackPointExtension><gpxtpx:cad>0</gpxtpx:cad></gpxtpx:TrackPointExtension></extensions></trkpt><trkpt lat="15.4365096800" lon="73.7687219493"><ele>-0.82</ele><time>2025-11-14T01:42:27Z</time><extensions><gpxtpx:TrackPointExtension><gpxtpx:cad>0</gpxtpx:cad></gpxtpx:TrackPointExtension></extensions></trkpt><trkpt lat="15.4363578837" lon="73.7686333526"><ele>-0.34</ele><time>2025-11-14T01:42:32Z</time><extensions><gpxtpx:TrackPointExtension><gpxtpx:cad>0</gpxtpx:cad></gpxtpx:TrackPointExtension></extensions></trkpt><trkpt lat="15.4362062551" lon="73.7685521320"><ele>-0.34</ele><time>2025-11-14T01:42:37Z</time><extensions><gpxtpx:TrackPointExtension><gpxtpx:cad>0</gpxtpx:cad></gpxtpx:TrackPointExtension></extensions></trkpt><trkpt lat="15.4360544588" lon="73.7684772816"><ele>-0.34</ele><time>2025-11-14T01:42:42Z</time><extensions><gpxtpx:TrackPointExtension><gpxtpx:cad>0</gpxtpx:cad></gpxtpx:TrackPointExtension></extensions></trkpt><trkpt lat="15.4358914308" lon="73.7684093043"><ele>-0.34</ele><time>2025-11-14T01:42:47Z</time><extensions><gpxtpx:TrackPointExtension><gpxtpx:cad>0</gpxtpx:cad></gpxtpx:TrackPointExtension></extensions></trkpt><trkpt lat="15.4357299954" lon="73.7683535647"><ele>-0.34</ele><time>2025-11-14T01:42:52Z</time><extensions><gpxtpx:TrackPointExtension><gpxtpx:cad>0</gpxtpx:cad></gpxtpx:TrackPointExtension></extensions></trkpt><trkpt lat="15.4355688952" lon="73.7683041953"><ele>-0.82</ele><time>2025-11-14T01:42:57Z</time><extensions><gpxtpx:TrackPointExtension><gpxtpx:cad>0</gpxtpx:cad></gpxtpx:TrackPointExtension></extensions></trkpt><trkpt lat="15.4354046099" lon="73.7682592683"><ele>-0.82</ele><time>2025-11-14T01:43:02Z</time><extensions><gpxtpx:TrackPointExtension><gpxtpx:cad>0</gpxtpx:cad></gpxtpx:TrackPointExtension></extensions></trkpt><trkpt lat="15.4352409113" lon="73.7682131678"><ele>-0.82</ele><time>2025-11-14T01:43:07Z</time><extensions><gpxtpx:TrackPointExtension><gpxtpx:cad>0</gpxtpx:cad></gpxtpx:TrackPointExtension></extensions></trkpt><trkpt lat="15.4350793920" lon="73.7681901176"><ele>-0.82</ele><time>2025-11-14T01:43:12Z</time><extensions><gpxtpx:TrackPointExtension><gpxtpx:cad>0</gpxtpx:cad></gpxtpx:TrackPointExtension></extensions></trkpt><trkpt lat="15.4349115863" lon="73.7681705039"><ele>-0.82</ele><time>2025-11-14T01:43:17Z</time><extensions><gpxtpx:TrackPointExtension><gpxtpx:cad>0</gpxtpx:cad></gpxtpx:TrackPointExtension></extensions></trkpt><trkpt lat="15.4347462952" lon="73.7681461964"><ele>-0.82</ele><time>2025-11-14T01:43:22Z</time><extensions><gpxtpx:TrackPointExtension><gpxtpx:cad>0</gpxtpx:cad></gpxtpx:TrackPointExtension></extensions></trkpt><trkpt lat="15.4345765617" lon="73.7681179494"><ele>-0.34</ele><time>2025-11-14T01:43:27Z</time><extensions><gpxtpx:TrackPointExtension><gpxtpx:cad>0</gpxtpx:cad></gpxtpx:TrackPointExtension></extensions></trkpt><trkpt lat="15.4344139528" lon="73.7680859305"><ele>-0.34</ele><time>2025-11-14T01:43:32Z</time><extensions><gpxtpx:TrackPointExtension><gpxtpx:cad>0</gpxtpx:cad></gpxtpx:TrackPointExtension></extensions></trkpt><trkpt lat="15.4342488293" lon="73.7680523191"><ele>-0.34</ele><time>2025-11-14T01:43:37Z</time><extensions><gpxtpx:TrackPointExtension><gpxtpx:cad>0</gpxtpx:cad></gpxtpx:TrackPointExtension></extensions></trkpt><trkpt lat="15.4340808559" lon="73.7680091523"><ele>-0.34</ele><time>2025-11-14T01:43:42Z</time><extensions><gpxtpx:TrackPointExtension><gpxtpx:cad>0</gpxtpx:cad></gpxtpx:TrackPointExtension></extensions></trkpt><trkpt lat="15.4339124635" lon="73.7679588608"><ele>-0.34</ele><time>2025-11-14T01:43:47Z</time><extensions><gpxtpx:TrackPointExtension><gpxtpx:cad>0</gpxtpx:cad></gpxtpx:TrackPointExtension></extensions></trkpt><trkpt lat="15.4337454960" lon="73.7679099943"><ele>-0.82</ele><time>2025-11-14T01:43:52Z</time><extensions><gpxtpx:TrackPointExtension><gpxtpx:cad>0</gpxtpx:cad></gpxtpx:TrackPointExtension></extensions></trkpt><trkpt lat="15.4335817974" lon="73.7678557634"><ele>-0.82</ele><time>2025-11-14T01:43:57Z</time><extensions><gpxtpx:TrackPointExtension><gpxtpx:cad>0</gpxtpx:cad></gpxtpx:TrackPointExtension></extensions></trkpt><trkpt lat="15.4334160034" lon="73.7678075675"><ele>-0.34</ele><time>2025-11-14T01:44:02Z</time><extensions><gpxtpx:TrackPointExtension><gpxtpx:cad>0</gpxtpx:cad></gpxtpx:TrackPointExtension></extensions></trkpt><trkpt lat="15.4332599323" lon="73.7677580304"><ele>-0.34</ele><time>2025-11-14T01:44:07Z</time><extensions><gpxtpx:TrackPointExtension><gpxtpx:cad>0</gpxtpx:cad></gpxtpx:TrackPointExtension></extensions></trkpt><trkpt lat="15.4330999218" lon="73.7677020393"><ele>-0.82</ele><time>2025-11-14T01:44:12Z</time><extensions><gpxtpx:TrackPointExtension><gpxtpx:cad>0</gpxtpx:cad></gpxtpx:TrackPointExtension></extensions></trkpt><trkpt lat="15.4329363070" lon="73.7676406838"><ele>-1.30</ele><time>2025-11-14T01:44:17Z</time><extensions><gpxtpx:TrackPointExtension><gpxtpx:cad>0</gpxtpx:cad></gpxtpx:TrackPointExtension></extensions></trkpt><trkpt lat="15.4327809066" lon="73.7675782386"><ele>-1.30</ele><time>2025-11-14T01:44:22Z</time><extensions><gpxtpx:TrackPointExtension><gpxtpx:cad>0</gpxtpx:cad></gpxtpx:TrackPointExtension></extensions></trkpt><trkpt lat="15.4326199740" lon="73.7675116025"><ele>-0.82</ele><time>2025-11-14T01:44:27Z</time><extensions><gpxtpx:TrackPointExtension><gpxtpx:cad>0</gpxtpx:cad></gpxtpx:TrackPointExtension></extensions></trkpt><trkpt lat="15.4324619751" lon="73.7674359977"><ele>-0.34</ele><time>2025-11-14T01:44:32Z</time><extensions><gpxtpx:TrackPointExtension><gpxtpx:cad>0</gpxtpx:cad></gpxtpx:TrackPointExtension></extensions></trkpt><trkpt lat="15.4323048145" lon="73.7673563696"><ele>0.14</ele><time>2025-11-14T01:44:37Z</time><extensions><gpxtpx:TrackPointExtension><gpxtpx:cad>0</gpxtpx:cad></gpxtpx:TrackPointExtension></extensions></trkpt><trkpt lat="15.4321491625" lon="73.7672776636"><ele>0.14</ele><time>2025-11-14T01:44:42Z</time><extensions><gpxtpx:TrackPointExtension><gpxtpx:cad>0</gpxtpx:cad></gpxtpx:TrackPointExtension></extensions></trkpt><trkpt lat="15.4319907445" lon="73.7672017235"><ele>-0.34</ele><time>2025-11-14T01:44:47Z</time><extensions><gpxtpx:TrackPointExtension><gpxtpx:cad>0</gpxtpx:cad></gpxtpx:TrackPointExtension></extensions></trkpt><trkpt lat="15.4318399541" lon="73.7671168149"><ele>-0.82</ele><time>2025-11-14T01:44:52Z</time><extensions><gpxtpx:TrackPointExtension><gpxtpx:cad>0</gpxtpx:cad></gpxtpx:TrackPointExtension></extensions></trkpt><trkpt lat="15.4316863138" lon="73.7670314871"><ele>-0.82</ele><time>2025-11-14T01:44:57Z</time><extensions><gpxtpx:TrackPointExtension><gpxtpx:cad>0</gpxtpx:cad></gpxtpx:TrackPointExtension></extensions></trkpt><trkpt lat="15.4315356910" lon="73.7669506017"><ele>-0.34</ele><time>2025-11-14T01:45:02Z</time><extensions><gpxtpx:TrackPointExtension><gpxtpx:cad>0</gpxtpx:cad></gpxtpx:TrackPointExtension></extensions></trkpt><trkpt lat="15.4313774407" lon="73.7668641843"><ele>-0.34</ele><time>2025-11-14T01:45:07Z</time><extensions><gpxtpx:TrackPointExtension><gpxtpx:cad>0</gpxtpx:cad></gpxtpx:TrackPointExtension></extensions></trkpt><trkpt lat="15.4312272370" lon="73.7667787727"><ele>-0.34</ele><time>2025-11-14T01:45:12Z</time><extensions><gpxtpx:TrackPointExtension><gpxtpx:cad>0</gpxtpx:cad></gpxtpx:TrackPointExtension></extensions></trkpt><trkpt lat="15.4310756084" lon="73.7666900083"><ele>0.14</ele><time>2025-11-14T01:45:17Z</time><extensions><gpxtpx:TrackPointExtension><gpxtpx:cad>0</gpxtpx:cad></gpxtpx:TrackPointExtension></extensions></trkpt><trkpt lat="15.4309245665" lon="73.7665984780"><ele>-0.34</ele><time>2025-11-14T01:45:22Z</time><extensions><gpxtpx:TrackPointExtension><gpxtpx:cad>0</gpxtpx:cad></gpxtpx:TrackPointExtension></extensions></trkpt><trkpt lat="15.4307767935" lon="73.7665107194"><ele>-0.34</ele><time>2025-11-14T01:45:27Z</time><extensions><gpxtpx:TrackPointExtension><gpxtpx:cad>0</gpxtpx:cad></gpxtpx:TrackPointExtension></extensions></trkpt><trkpt lat="15.4306236561" lon="73.7664174289"><ele>0.14</ele><time>2025-11-14T01:45:32Z</time><extensions><gpxtpx:TrackPointExtension><gpxtpx:cad>0</gpxtpx:cad></gpxtpx:TrackPointExtension></extensions></trkpt><trkpt lat="15.4304732848" lon="73.7663246412"><ele>0.14</ele><time>2025-11-14T01:45:37Z</time><extensions><gpxtpx:TrackPointExtension><gpxtpx:cad>0</gpxtpx:cad></gpxtpx:TrackPointExtension></extensions></trkpt><trkpt lat="15.4303214885" lon="73.7662293389"><ele>0.14</ele><time>2025-11-14T01:45:42Z</time><extensions><gpxtpx:TrackPointExtension><gpxtpx:cad>0</gpxtpx:cad></gpxtpx:TrackPointExtension></extensions></trkpt><trkpt lat="15.4301750567" lon="73.7661296781"><ele>0.14</ele><time>2025-11-14T01:45:47Z</time><extensions><gpxtpx:TrackPointExtension><gpxtpx:cad>0</gpxtpx:cad></gpxtpx:TrackPointExtension></extensions></trkpt><trkpt lat="15.4300221708" lon="73.7660357170"><ele>-0.34</ele><time>2025-11-14T01:45:52Z</time><extensions><gpxtpx:TrackPointExtension><gpxtpx:cad>0</gpxtpx:cad></gpxtpx:TrackPointExtension></extensions></trkpt><trkpt lat="15.4298742302" lon="73.7659359723"><ele>0.14</ele><time>2025-11-14T01:45:57Z</time><extensions><gpxtpx:TrackPointExtension><gpxtpx:cad>0</gpxtpx:cad></gpxtpx:TrackPointExtension></extensions></trkpt><trkpt lat="15.4297270440" lon="73.7658320367"><ele>0.14</ele><time>2025-11-14T01:46:02Z</time><extensions><gpxtpx:TrackPointExtension><gpxtpx:cad>0</gpxtpx:cad></gpxtpx:TrackPointExtension></extensions></trkpt><trkpt lat="15.4295814503" lon="73.7657332141"><ele>0.14</ele><time>2025-11-14T01:46:07Z</time><extensions><gpxtpx:TrackPointExtension><gpxtpx:cad>0</gpxtpx:cad></gpxtpx:TrackPointExtension></extensions></trkpt><trkpt lat="15.4294339288" lon="73.7656343076"><ele>-0.34</ele><time>2025-11-14T01:46:12Z</time><extensions><gpxtpx:TrackPointExtension><gpxtpx:cad>0</gpxtpx:cad></gpxtpx:TrackPointExtension></extensions></trkpt><trkpt lat="15.4292880837" lon="73.7655359879"><ele>-0.34</ele><time>2025-11-14T01:46:17Z</time><extensions><gpxtpx:TrackPointExtension><gpxtpx:cad>0</gpxtpx:cad></gpxtpx:TrackPointExtension></extensions></trkpt><trkpt lat="15.4291419871" lon="73.7654341478"><ele>-0.34</ele><time>2025-11-14T01:46:22Z</time><extensions><gpxtpx:TrackPointExtension><gpxtpx:cad>0</gpxtpx:cad></gpxtpx:TrackPointExtension></extensions></trkpt><trkpt lat="15.4289964773" lon="73.7653287034"><ele>-0.34</ele><time>2025-11-14T01:46:27Z</time><extensions><gpxtpx:TrackPointExtension><gpxtpx:cad>0</gpxtpx:cad></gpxtpx:TrackPointExtension></extensions></trkpt><trkpt lat="15.4288517218" lon="73.7652227562"><ele>-0.34</ele><time>2025-11-14T01:46:32Z</time><extensions><gpxtpx:TrackPointExtension><gpxtpx:cad>0</gpxtpx:cad></gpxtpx:TrackPointExtension></extensions></trkpt><trkpt lat="15.4287080560" lon="73.7651162222"><ele>0.14</ele><time>2025-11-14T01:46:37Z</time><extensions><gpxtpx:TrackPointExtension><gpxtpx:cad>0</gpxtpx:cad></gpxtpx:TrackPointExtension></extensions></trkpt><trkpt lat="15.4285697546" lon="73.7650042400"><ele>-0.34</ele><time>2025-11-14T01:46:42Z</time><extensions><gpxtpx:TrackPointExtension><gpxtpx:cad>0</gpxtpx:cad></gpxtpx:TrackPointExtension></extensions></trkpt><trkpt lat="15.4284319561" lon="73.7648851331"><ele>-0.82</ele><time>2025-11-14T01:46:47Z</time><extensions><gpxtpx:TrackPointExtension><gpxtpx:cad>0</gpxtpx:cad></gpxtpx:TrackPointExtension></extensions></trkpt><trkpt lat="15.4283001926" lon="73.7647624221"><ele>-0.82</ele><time>2025-11-14T01:46:52Z</time><extensions><gpxtpx:TrackPointExtension><gpxtpx:cad>0</gpxtpx:cad></gpxtpx:TrackPointExtension></extensions></trkpt><trkpt lat="15.4281689320" lon="73.7646385375"><ele>-0.34</ele><time>2025-11-14T01:46:57Z</time><extensions><gpxtpx:TrackPointExtension><gpxtpx:cad>0</gpxtpx:cad></gpxtpx:TrackPointExtension></extensions></trkpt><trkpt lat="15.4280323070" lon="73.7645155750"><ele>-0.34</ele><time>2025-11-14T01:47:02Z</time><extensions><gpxtpx:TrackPointExtension><gpxtpx:cad>0</gpxtpx:cad></gpxtpx:TrackPointExtension></extensions></trkpt><trkpt lat="15.4278964363" lon="73.7643885892"><ele>-0.82</ele><time>2025-11-14T01:47:07Z</time><extensions><gpxtpx:TrackPointExtension><gpxtpx:cad>0</gpxtpx:cad></gpxtpx:TrackPointExtension></extensions></trkpt><trkpt lat="15.4277649242" lon="73.7642642017"><ele>-0.82</ele><time>2025-11-14T01:47:12Z</time><extensions><gpxtpx:TrackPointExtension><gpxtpx:cad>0</gpxtpx:cad></gpxtpx:TrackPointExtension></extensions></trkpt><trkpt lat="15.4276403692" lon="73.7641341984"><ele>-0.34</ele><time>2025-11-14T01:47:17Z</time><extensions><gpxtpx:TrackPointExtension><gpxtpx:cad>0</gpxtpx:cad></gpxtpx:TrackPointExtension></extensions></trkpt><trkpt lat="15.4275154788" lon="73.7640012614"><ele>-0.34</ele><time>2025-11-14T01:47:22Z</time><extensions><gpxtpx:TrackPointExtension><gpxtpx:cad>0</gpxtpx:cad></gpxtpx:TrackPointExtension></extensions></trkpt><trkpt lat="15.4273892473" lon="73.7638730183"><ele>0.14</ele><time>2025-11-14T01:47:27Z</time><extensions><gpxtpx:TrackPointExtension><gpxtpx:cad>0</gpxtpx:cad></gpxtpx:TrackPointExtension></extensions></trkpt><trkpt lat="15.4272664525" lon="73.7637472060"><ele>-0.34</ele><time>2025-11-14T01:47:32Z</time><extensions><gpxtpx:TrackPointExtension><gpxtpx:cad>0</gpxtpx:cad></gpxtpx:TrackPointExtension></extensions></trkpt><trkpt lat="15.4271423165" lon="73.7636218965"><ele>0.14</ele><time>2025-11-14T01:47:37Z</time><extensions><gpxtpx:TrackPointExtension><gpxtpx:cad>0</gpxtpx:cad></gpxtpx:TrackPointExtension></extensions></trkpt><trkpt lat="15.4270145763" lon="73.7634971738"><ele>0.14</ele><time>2025-11-14T01:47:42Z</time><extensions><gpxtpx:TrackPointExtension><gpxtpx:cad>0</gpxtpx:cad></gpxtpx:TrackPointExtension></extensions></trkpt><trkpt lat="15.4268914461" lon="73.7633678410"><ele>0.14</ele><time>2025-11-14T01:47:47Z</time><extensions><gpxtpx:TrackPointExtension><gpxtpx:cad>0</gpxtpx:cad></gpxtpx:TrackPointExtension></extensions></trkpt><trkpt lat="15.4267669749" lon="73.7632414419"><ele>0.14</ele><time>2025-11-14T01:47:52Z</time><extensions><gpxtpx:TrackPointExtension><gpxtpx:cad>0</gpxtpx:cad></gpxtpx:TrackPointExtension></extensions></trkpt><trkpt lat="15.4266451858" lon="73.7631153781"><ele>0.14</ele><time>2025-11-14T01:47:57Z</time><extensions><gpxtpx:TrackPointExtension><gpxtpx:cad>0</gpxtpx:cad></gpxtpx:TrackPointExtension></extensions></trkpt><trkpt lat="15.4265236482" lon="73.7629816029"><ele>0.14</ele><time>2025-11-14T01:48:02Z</time><extensions><gpxtpx:TrackPointExtension><gpxtpx:cad>0</gpxtpx:cad></gpxtpx:TrackPointExtension></extensions></trkpt><trkpt lat="15.4264076427" lon="73.7628490850"><ele>0.62</ele><time>2025-11-14T01:48:07Z</time><extensions><gpxtpx:TrackPointExtension><gpxtpx:cad>0</gpxtpx:cad></gpxtpx:TrackPointExtension></extensions></trkpt><trkpt lat="15.4262918048" lon="73.7627143040"><ele>0.62</ele><time>2025-11-14T01:48:12Z</time><extensions><gpxtpx:TrackPointExtension><gpxtpx:cad>0</gpxtpx:cad></gpxtpx:TrackPointExtension></extensions></trkpt><trkpt lat="15.4261802416" lon="73.7625740748"><ele>1.10</ele><time>2025-11-14T01:48:17Z</time><extensions><gpxtpx:TrackPointExtension><gpxtpx:cad>0</gpxtpx:cad></gpxtpx:TrackPointExtension></extensions></trkpt><trkpt lat="15.4260681756" lon="73.7624331750"><ele>1.10</ele><time>2025-11-14T01:48:22Z</time><extensions><gpxtpx:TrackPointExtension><gpxtpx:cad>0</gpxtpx:cad></gpxtpx:TrackPointExtension></extensions></trkpt><trkpt lat="15.4259561095" lon="73.7622967176"><ele>0.62</ele><time>2025-11-14T01:48:27Z</time><extensions><gpxtpx:TrackPointExtension><gpxtpx:cad>0</gpxtpx:cad></gpxtpx:TrackPointExtension></extensions></trkpt><trkpt lat="15.4258408584" lon="73.7621557340"><ele>0.62</ele><time>2025-11-14T01:48:32Z</time><extensions><gpxtpx:TrackPointExtension><gpxtpx:cad>0</gpxtpx:cad></gpxtpx:TrackPointExtension></extensions></trkpt><trkpt lat="15.4257315584" lon="73.7620175164"><ele>0.14</ele><time>2025-11-14T01:48:37Z</time><extensions><gpxtpx:TrackPointExtension><gpxtpx:cad>0</gpxtpx:cad></gpxtpx:TrackPointExtension></extensions></trkpt><trkpt lat="15.4256256949" lon="73.7618734315"><ele>0.62</ele><time>2025-11-14T01:48:42Z</time><extensions><gpxtpx:TrackPointExtension><gpxtpx:cad>0</gpxtpx:cad></gpxtpx:TrackPointExtension></extensions></trkpt><trkpt lat="15.4255179036" lon="73.7617249880"><ele>0.62</ele><time>2025-11-14T01:48:47Z</time><extensions><gpxtpx:TrackPointExtension><gpxtpx:cad>0</gpxtpx:cad></gpxtpx:TrackPointExtension></extensions></trkpt><trkpt lat="15.4254183266" lon="73.7615776341"><ele>0.62</ele><time>2025-11-14T01:48:52Z</time><extensions><gpxtpx:TrackPointExtension><gpxtpx:cad>0</gpxtpx:cad></gpxtpx:TrackPointExtension></extensions></trkpt><trkpt lat="15.4253235273" lon="73.7614265084"><ele>0.14</ele><time>2025-11-14T01:48:57Z</time><extensions><gpxtpx:TrackPointExtension><gpxtpx:cad>0</gpxtpx:cad></gpxtpx:TrackPointExtension></extensions></trkpt><trkpt lat="15.4252278060" lon="73.7612776458"><ele>0.14</ele><time>2025-11-14T01:49:02Z</time><extensions><gpxtpx:TrackPointExtension><gpxtpx:cad>0</gpxtpx:cad></gpxtpx:TrackPointExtension></extensions></trkpt><trkpt lat="15.4251262173" lon="73.7611286156"><ele>0.14</ele><time>2025-11-14T01:49:07Z</time><extensions><gpxtpx:TrackPointExtension><gpxtpx:cad>0</gpxtpx:cad></gpxtpx:TrackPointExtension></extensions></trkpt><trkpt lat="15.4250157438" lon="73.7609863747"><ele>0.62</ele><time>2025-11-14T01:49:12Z</time><extensions><gpxtpx:TrackPointExtension><gpxtpx:cad>0</gpxtpx:cad></gpxtpx:TrackPointExtension></extensions></trkpt><trkpt lat="15.4249040131" lon="73.7608474027"><ele>0.14</ele><time>2025-11-14T01:49:17Z</time><extensions><gpxtpx:TrackPointExtension><gpxtpx:cad>0</gpxtpx:cad></gpxtpx:TrackPointExtension></extensions></trkpt><trkpt lat="15.4248020891" lon="73.7607051618"><ele>0.62</ele><time>2025-11-14T01:49:22Z</time><extensions><gpxtpx:TrackPointExtension><gpxtpx:cad>0</gpxtpx:cad></gpxtpx:TrackPointExtension></extensions></trkpt><trkpt lat="15.4247029312" lon="73.7605547067"><ele>0.14</ele><time>2025-11-14T01:49:27Z</time><extensions><gpxtpx:TrackPointExtension><gpxtpx:cad>0</gpxtpx:cad></gpxtpx:TrackPointExtension></extensions></trkpt><trkpt lat="15.4246104788" lon="73.7604049221"><ele>0.14</ele><time>2025-11-14T01:49:32Z</time><extensions><gpxtpx:TrackPointExtension><gpxtpx:cad>0</gpxtpx:cad></gpxtpx:TrackPointExtension></extensions></trkpt><trkpt lat="15.4245305154" lon="73.7602435704"><ele>0.14</ele><time>2025-11-14T01:49:37Z</time><extensions><gpxtpx:TrackPointExtension><gpxtpx:cad>0</gpxtpx:cad></gpxtpx:TrackPointExtension></extensions></trkpt><trkpt lat="15.4244301002" lon="73.7600953784"><ele>0.14</ele><time>2025-11-14T01:49:42Z</time><extensions><gpxtpx:TrackPointExtension><gpxtpx:cad>0</gpxtpx:cad></gpxtpx:TrackPointExtension></extensions></trkpt><trkpt lat="15.4243162740" lon="73.7599595916"><ele>0.14</ele><time>2025-11-14T01:49:47Z</time><extensions><gpxtpx:TrackPointExtension><gpxtpx:cad>0</gpxtpx:cad></gpxtpx:TrackPointExtension></extensions></trkpt><trkpt lat="15.4242048785" lon="73.7598163448"><ele>-0.34</ele><time>2025-11-14T01:49:52Z</time><extensions><gpxtpx:TrackPointExtension><gpxtpx:cad>0</gpxtpx:cad></gpxtpx:TrackPointExtension></extensions></trkpt><trkpt lat="15.4240913037" lon="73.7596759479"><ele>0.14</ele><time>2025-11-14T01:49:57Z</time><extensions><gpxtpx:TrackPointExtension><gpxtpx:cad>0</gpxtpx:cad></gpxtpx:TrackPointExtension></extensions></trkpt><trkpt lat="15.4239597917" lon="73.7595754489"><ele>0.14</ele><time>2025-11-14T01:50:02Z</time><extensions><gpxtpx:TrackPointExtension><gpxtpx:cad>0</gpxtpx:cad></gpxtpx:TrackPointExtension></extensions></trkpt><trkpt lat="15.4238069057" lon="73.7595548294"><ele>0.14</ele><time>2025-11-14T01:50:07Z</time><extensions><gpxtpx:TrackPointExtension><gpxtpx:cad>0</gpxtpx:cad></gpxtpx:TrackPointExtension></extensions></trkpt><trkpt lat="15.4236472305" lon="73.7595886923"><ele>0.14</ele><time>2025-11-14T01:50:12Z</time><extensions><gpxtpx:TrackPointExtension><gpxtpx:cad>0</gpxtpx:cad></gpxtpx:TrackPointExtension></extensions></trkpt><trkpt lat="15.4234956019" lon="73.7596382294"><ele>0.62</ele><time>2025-11-14T01:50:17Z</time><extensions><gpxtpx:TrackPointExtension><gpxtpx:cad>0</gpxtpx:cad></gpxtpx:TrackPointExtension></extensions></trkpt><trkpt lat="15.4233388603" lon="73.7596960645"><ele>1.10</ele><time>2025-11-14T01:50:22Z</time><extensions><gpxtpx:TrackPointExtension><gpxtpx:cad>0</gpxtpx:cad></gpxtpx:TrackPointExtension></extensions></trkpt><trkpt lat="15.4231955297" lon="73.7597512174"><ele>1.10</ele><time>2025-11-14T01:50:27Z</time><extensions><gpxtpx:TrackPointExtension><gpxtpx:cad>0</gpxtpx:cad></gpxtpx:TrackPointExtension></extensions></trkpt><trkpt lat="15.4230466671" lon="73.7598079629"><ele>1.58</ele><time>2025-11-14T01:50:32Z</time><extensions><gpxtpx:TrackPointExtension><gpxtpx:cad>0</gpxtpx:cad></gpxtpx:TrackPointExtension></extensions></trkpt><trkpt lat="15.4228993971" lon="73.7598650437"><ele>1.58</ele><time>2025-11-14T01:50:37Z</time><extensions><gpxtpx:TrackPointExtension><gpxtpx:cad>0</gpxtpx:cad></gpxtpx:TrackPointExtension></extensions></trkpt><trkpt lat="15.4227554798" lon="73.7599317636"><ele>1.58</ele><time>2025-11-14T01:50:42Z</time><extensions><gpxtpx:TrackPointExtension><gpxtpx:cad>0</gpxtpx:cad></gpxtpx:TrackPointExtension></extensions></trkpt><trkpt lat="15.4226053599" lon="73.7599885929"><ele>0.62</ele><time>2025-11-14T01:50:47Z</time><extensions><gpxtpx:TrackPointExtension><gpxtpx:cad>0</gpxtpx:cad></gpxtpx:TrackPointExtension></extensions></trkpt><trkpt lat="15.4224660527" lon="73.7600517925"><ele>0.62</ele><time>2025-11-14T01:50:52Z</time><extensions><gpxtpx:TrackPointExtension><gpxtpx:cad>0</gpxtpx:cad></gpxtpx:TrackPointExtension></extensions></trkpt><trkpt lat="15.4223186150" lon="73.7601113878"><ele>0.14</ele><time>2025-11-14T01:50:57Z</time><extensions><gpxtpx:TrackPointExtension><gpxtpx:cad>0</gpxtpx:cad></gpxtpx:TrackPointExtension></extensions></trkpt><trkpt lat="15.4221774638" lon="73.7601714861"><ele>0.14</ele><time>2025-11-14T01:51:02Z</time><extensions><gpxtpx:TrackPointExtension><gpxtpx:cad>0</gpxtpx:cad></gpxtpx:TrackPointExtension></extensions></trkpt><trkpt lat="15.4220360611" lon="73.7602351885"><ele>-0.34</ele><time>2025-11-14T01:51:07Z</time><extensions><gpxtpx:TrackPointExtension><gpxtpx:cad>0</gpxtpx:cad></gpxtpx:TrackPointExtension></extensions></trkpt><trkpt lat="15.4218825046" lon="73.7602967955"><ele>0.14</ele><time>2025-11-14T01:51:12Z</time><extensions><gpxtpx:TrackPointExtension><gpxtpx:cad>0</gpxtpx:cad></gpxtpx:TrackPointExtension></extensions></trkpt><trkpt lat="15.4217391741" lon="73.7603515293"><ele>0.14</ele><time>2025-11-14T01:51:17Z</time><extensions><gpxtpx:TrackPointExtension><gpxtpx:cad>0</gpxtpx:cad></gpxtpx:TrackPointExtension></extensions></trkpt><trkpt lat="15.4215826839" lon="73.7604112923"><ele>0.62</ele><time>2025-11-14T01:51:22Z</time><extensions><gpxtpx:TrackPointExtension><gpxtpx:cad>0</gpxtpx:cad></gpxtpx:TrackPointExtension></extensions></trkpt><trkpt lat="15.4214405268" lon="73.7604732346"><ele>0.62</ele><time>2025-11-14T01:51:27Z</time><extensions><gpxtpx:TrackPointExtension><gpxtpx:cad>0</gpxtpx:cad></gpxtpx:TrackPointExtension></extensions></trkpt><trkpt lat="15.4212976154" lon="73.7605472468"><ele>0.62</ele><time>2025-11-14T01:51:32Z</time><extensions><gpxtpx:TrackPointExtension><gpxtpx:cad>0</gpxtpx:cad></gpxtpx:TrackPointExtension></extensions></trkpt><trkpt lat="15.4211568832" lon="73.7606251985"><ele>1.58</ele><time>2025-11-14T01:51:37Z</time><extensions><gpxtpx:TrackPointExtension><gpxtpx:cad>0</gpxtpx:cad></gpxtpx:TrackPointExtension></extensions></trkpt><trkpt lat="15.4210136365" lon="73.7606943492"><ele>1.10</ele><time>2025-11-14T01:51:42Z</time><extensions><gpxtpx:TrackPointExtension><gpxtpx:cad>0</gpxtpx:cad></gpxtpx:TrackPointExtension></extensions></trkpt><trkpt lat="15.4208679590" lon="73.7607578840"><ele>1.10</ele><time>2025-11-14T01:51:47Z</time><extensions><gpxtpx:TrackPointExtension><gpxtpx:cad>0</gpxtpx:cad></gpxtpx:TrackPointExtension></extensions></trkpt><trkpt lat="15.4207182582" lon="73.7608158030"><ele>0.14</ele><time>2025-11-14T01:51:52Z</time><extensions><gpxtpx:TrackPointExtension><gpxtpx:cad>0</gpxtpx:cad></gpxtpx:TrackPointExtension></extensions></trkpt><trkpt lat="15.4205634445" lon="73.7608717941"><ele>-0.34</ele><time>2025-11-14T01:51:57Z</time><extensions><gpxtpx:TrackPointExtension><gpxtpx:cad>0</gpxtpx:cad></gpxtpx:TrackPointExtension></extensions></trkpt><trkpt lat="15.4204207845" lon="73.7609308027"><ele>-0.34</ele><time>2025-11-14T01:52:02Z</time><extensions><gpxtpx:TrackPointExtension><gpxtpx:cad>0</gpxtpx:cad></gpxtpx:TrackPointExtension></extensions></trkpt><trkpt lat="15.4202756099" lon="73.7609976064"><ele>-0.34</ele><time>2025-11-14T01:52:07Z</time><extensions><gpxtpx:TrackPointExtension><gpxtpx:cad>0</gpxtpx:cad></gpxtpx:TrackPointExtension></extensions></trkpt><trkpt lat="15.4201324470" lon="73.7610601354"><ele>-0.34</ele><time>2025-11-14T01:52:12Z</time><extensions><gpxtpx:TrackPointExtension><gpxtpx:cad>0</gpxtpx:cad></gpxtpx:TrackPointExtension></extensions></trkpt><trkpt lat="15.4199824110" lon="73.7611159589"><ele>-0.34</ele><time>2025-11-14T01:52:17Z</time><extensions><gpxtpx:TrackPointExtension><gpxtpx:cad>0</gpxtpx:cad></gpxtpx:TrackPointExtension></extensions></trkpt><trkpt lat="15.4198331293" lon="73.7611584552"><ele>-0.82</ele><time>2025-11-14T01:52:22Z</time><extensions><gpxtpx:TrackPointExtension><gpxtpx:cad>0</gpxtpx:cad></gpxtpx:TrackPointExtension></extensions></trkpt><trkpt lat="15.4196804110" lon="73.7612053100"><ele>-0.34</ele><time>2025-11-14T01:52:27Z</time><extensions><gpxtpx:TrackPointExtension><gpxtpx:cad>0</gpxtpx:cad></gpxtpx:TrackPointExtension></extensions></trkpt><trkpt lat="15.4195304587" lon="73.7612485606"><ele>-0.34</ele><time>2025-11-14T01:52:32Z</time><extensions><gpxtpx:TrackPointExtension><gpxtpx:cad>0</gpxtpx:cad></gpxtpx:TrackPointExtension></extensions></trkpt><trkpt lat="15.4193855356" lon="73.7612968404"><ele>0.14</ele><time>2025-11-14T01:52:37Z</time><extensions><gpxtpx:TrackPointExtension><gpxtpx:cad>0</gpxtpx:cad></gpxtpx:TrackPointExtension></extensions></trkpt><trkpt lat="15.4192269500" lon="73.7613374088"><ele>0.62</ele><time>2025-11-14T01:52:42Z</time><extensions><gpxtpx:TrackPointExtension><gpxtpx:cad>0</gpxtpx:cad></gpxtpx:TrackPointExtension></extensions></trkpt><trkpt lat="15.4190840386" lon="73.7613797374"><ele>1.10</ele><time>2025-11-14T01:52:47Z</time><extensions><gpxtpx:TrackPointExtension><gpxtpx:cad>0</gpxtpx:cad></gpxtpx:TrackPointExtension></extensions></trkpt><trkpt lat="15.4189306498" lon="73.7614398357"><ele>0.62</ele><time>2025-11-14T01:52:52Z</time><extensions><gpxtpx:TrackPointExtension><gpxtpx:cad>0</gpxtpx:cad></gpxtpx:TrackPointExtension></extensions></trkpt><trkpt lat="15.4187991377" lon="73.7615192961"><ele>0.14</ele><time>2025-11-14T01:52:57Z</time><extensions><gpxtpx:TrackPointExtension><gpxtpx:cad>0</gpxtpx:cad></gpxtpx:TrackPointExtension></extensions></trkpt><trkpt lat="15.4186786059" lon="73.7616097368"><ele>0.62</ele><time>2025-11-14T01:53:02Z</time><extensions><gpxtpx:TrackPointExtension><gpxtpx:cad>0</gpxtpx:cad></gpxtpx:TrackPointExtension></extensions></trkpt><trkpt lat="15.4185649473" lon="73.7617121637"><ele>0.14</ele><time>2025-11-14T01:53:07Z</time><extensions><gpxtpx:TrackPointExtension><gpxtpx:cad>0</gpxtpx:cad></gpxtpx:TrackPointExtension></extensions></trkpt><trkpt lat="15.4184528813" lon="73.7618146744"><ele>0.62</ele><time>2025-11-14T01:53:12Z</time><extensions><gpxtpx:TrackPointExtension><gpxtpx:cad>0</gpxtpx:cad></gpxtpx:TrackPointExtension></extensions></trkpt><trkpt lat="15.4183479398" lon="73.7619264890"><ele>0.62</ele><time>2025-11-14T01:53:17Z</time><extensions><gpxtpx:TrackPointExtension><gpxtpx:cad>0</gpxtpx:cad></gpxtpx:TrackPointExtension></extensions></trkpt><trkpt lat="15.4182437528" lon="73.7620480265"><ele>1.10</ele><time>2025-11-14T01:53:22Z</time><extensions><gpxtpx:TrackPointExtension><gpxtpx:cad>0</gpxtpx:cad></gpxtpx:TrackPointExtension></extensions></trkpt><trkpt lat="15.4181483667" lon="73.7621663790"><ele>1.10</ele><time>2025-11-14T01:53:27Z</time><extensions><gpxtpx:TrackPointExtension><gpxtpx:cad>0</gpxtpx:cad></gpxtpx:TrackPointExtension></extensions></trkpt><trkpt lat="15.4180490412" lon="73.7622850668"><ele>1.10</ele><time>2025-11-14T01:53:32Z</time><extensions><gpxtpx:TrackPointExtension><gpxtpx:cad>0</gpxtpx:cad></gpxtpx:TrackPointExtension></extensions></trkpt><trkpt lat="15.4179409146" lon="73.7624086160"><ele>1.58</ele><time>2025-11-14T01:53:37Z</time><extensions><gpxtpx:TrackPointExtension><gpxtpx:cad>0</gpxtpx:cad></gpxtpx:TrackPointExtension></extensions></trkpt><trkpt lat="15.4178383201" lon="73.7625166588"><ele>1.58</ele><time>2025-11-14T01:53:42Z</time><extensions><gpxtpx:TrackPointExtension><gpxtpx:cad>0</gpxtpx:cad></gpxtpx:TrackPointExtension></extensions></trkpt><trkpt lat="15.4177292716" lon="73.7626309041"><ele>1.58</ele><time>2025-11-14T01:53:47Z</time><extensions><gpxtpx:TrackPointExtension><gpxtpx:cad>0</gpxtpx:cad></gpxtpx:TrackPointExtension></extensions></trkpt><trkpt lat="15.4176124278" lon="73.7627308164"><ele>1.58</ele><time>2025-11-14T01:53:52Z</time><extensions><gpxtpx:TrackPointExtension><gpxtpx:cad>0</gpxtpx:cad></gpxtpx:TrackPointExtension></extensions></trkpt><trkpt lat="15.4174929019" lon="73.7628168147"><ele>1.10</ele><time>2025-11-14T01:53:57Z</time><extensions><gpxtpx:TrackPointExtension><gpxtpx:cad>0</gpxtpx:cad></gpxtpx:TrackPointExtension></extensions></trkpt><trkpt lat="15.4173691850" lon="73.7629192416"><ele>1.10</ele><time>2025-11-14T01:54:02Z</time><extensions><gpxtpx:TrackPointExtension><gpxtpx:cad>0</gpxtpx:cad></gpxtpx:TrackPointExtension></extensions></trkpt><trkpt lat="15.4172412772" lon="73.7630142923"><ele>0.62</ele><time>2025-11-14T01:54:07Z</time><extensions><gpxtpx:TrackPointExtension><gpxtpx:cad>0</gpxtpx:cad></gpxtpx:TrackPointExtension></extensions></trkpt><trkpt lat="15.4171111062" lon="73.7631095108"><ele>0.14</ele><time>2025-11-14T01:54:12Z</time><extensions><gpxtpx:TrackPointExtension><gpxtpx:cad>0</gpxtpx:cad></gpxtpx:TrackPointExtension></extensions></trkpt><trkpt lat="15.4169780016" lon="73.7631941680"><ele>0.62</ele><time>2025-11-14T01:54:17Z</time><extensions><gpxtpx:TrackPointExtension><gpxtpx:cad>0</gpxtpx:cad></gpxtpx:TrackPointExtension></extensions></trkpt><trkpt lat="15.4168548714" lon="73.7632833514"><ele>1.10</ele><time>2025-11-14T01:54:22Z</time><extensions><gpxtpx:TrackPointExtension><gpxtpx:cad>0</gpxtpx:cad></gpxtpx:TrackPointExtension></extensions></trkpt><trkpt lat="15.4167226888" lon="73.7633716967"><ele>1.10</ele><time>2025-11-14T01:54:27Z</time><extensions><gpxtpx:TrackPointExtension><gpxtpx:cad>0</gpxtpx:cad></gpxtpx:TrackPointExtension></extensions></trkpt><trkpt lat="15.4165919311" lon="73.7634461280"><ele>1.10</ele><time>2025-11-14T01:54:32Z</time><extensions><gpxtpx:TrackPointExtension><gpxtpx:cad>0</gpxtpx:cad></gpxtpx:TrackPointExtension></extensions></trkpt><trkpt lat="15.4164620955" lon="73.7635276001"><ele>0.62</ele><time>2025-11-14T01:54:37Z</time><extensions><gpxtpx:TrackPointExtension><gpxtpx:cad>0</gpxtpx:cad></gpxtpx:TrackPointExtension></extensions></trkpt><trkpt lat="15.4163302481" lon="73.7636091560"><ele>0.14</ele><time>2025-11-14T01:54:42Z</time><extensions><gpxtpx:TrackPointExtension><gpxtpx:cad>0</gpxtpx:cad></gpxtpx:TrackPointExtension></extensions></trkpt><trkpt lat="15.4161958862" lon="73.7636908796"><ele>0.62</ele><time>2025-11-14T01:54:47Z</time><extensions><gpxtpx:TrackPointExtension><gpxtpx:cad>0</gpxtpx:cad></gpxtpx:TrackPointExtension></extensions></trkpt><trkpt lat="15.4160752706" lon="73.7637783866"><ele>0.62</ele><time>2025-11-14T01:54:52Z</time><extensions><gpxtpx:TrackPointExtension><gpxtpx:cad>0</gpxtpx:cad></gpxtpx:TrackPointExtension></extensions></trkpt><trkpt lat="15.4159546550" lon="73.7638811488"><ele>0.14</ele><time>2025-11-14T01:54:57Z</time><extensions><gpxtpx:TrackPointExtension><gpxtpx:cad>0</gpxtpx:cad></gpxtpx:TrackPointExtension></extensions></trkpt><trkpt lat="15.4158364702" lon="73.7639746070"><ele>0.14</ele><time>2025-11-14T01:55:02Z</time><extensions><gpxtpx:TrackPointExtension><gpxtpx:cad>0</gpxtpx:cad></gpxtpx:TrackPointExtension></extensions></trkpt><trkpt lat="15.4157099873" lon="73.7640764471"><ele>-0.34</ele><time>2025-11-14T01:55:07Z</time><extensions><gpxtpx:TrackPointExtension><gpxtpx:cad>0</gpxtpx:cad></gpxtpx:TrackPointExtension></extensions></trkpt><trkpt lat="15.4155803192" lon="73.7641729228"><ele>-0.34</ele><time>2025-11-14T01:55:12Z</time><extensions><gpxtpx:TrackPointExtension><gpxtpx:cad>0</gpxtpx:cad></gpxtpx:TrackPointExtension></extensions></trkpt><trkpt lat="15.4154446162" lon="73.7642564066"><ele>0.14</ele><time>2025-11-14T01:55:17Z</time><extensions><gpxtpx:TrackPointExtension><gpxtpx:cad>0</gpxtpx:cad></gpxtpx:TrackPointExtension></extensions></trkpt><trkpt lat="15.4153050575" lon="73.7643265631"><ele>0.62</ele><time>2025-11-14T01:55:22Z</time><extensions><gpxtpx:TrackPointExtension><gpxtpx:cad>0</gpxtpx:cad></gpxtpx:TrackPointExtension></extensions></trkpt><trkpt lat="15.4151797481" lon="73.7644188479"><ele>1.10</ele><time>2025-11-14T01:55:27Z</time><extensions><gpxtpx:TrackPointExtension><gpxtpx:cad>0</gpxtpx:cad></gpxtpx:TrackPointExtension></extensions></trkpt><trkpt lat="15.4150459729" lon="73.7645092048"><ele>1.10</ele><time>2025-11-14T01:55:32Z</time><extensions><gpxtpx:TrackPointExtension><gpxtpx:cad>0</gpxtpx:cad></gpxtpx:TrackPointExtension></extensions></trkpt><trkpt lat="15.4149184842" lon="73.7645953707"><ele>1.10</ele><time>2025-11-14T01:55:37Z</time><extensions><gpxtpx:TrackPointExtension><gpxtpx:cad>0</gpxtpx:cad></gpxtpx:TrackPointExtension></extensions></trkpt><trkpt lat="15.4147862177" lon="73.7646816205"><ele>1.10</ele><time>2025-11-14T01:55:42Z</time><extensions><gpxtpx:TrackPointExtension><gpxtpx:cad>0</gpxtpx:cad></gpxtpx:TrackPointExtension></extensions></trkpt><trkpt lat="15.4146610759" lon="73.7647620030"><ele>1.10</ele><time>2025-11-14T01:55:47Z</time><extensions><gpxtpx:TrackPointExtension><gpxtpx:cad>0</gpxtpx:cad></gpxtpx:TrackPointExtension></extensions></trkpt><trkpt lat="15.4145335872" lon="73.7648608256"><ele>1.58</ele><time>2025-11-14T01:55:52Z</time><extensions><gpxtpx:TrackPointExtension><gpxtpx:cad>0</gpxtpx:cad></gpxtpx:TrackPointExtension></extensions></trkpt><trkpt lat="15.4144127201" lon="73.7649511825"><ele>1.10</ele><time>2025-11-14T01:55:57Z</time><extensions><gpxtpx:TrackPointExtension><gpxtpx:cad>0</gpxtpx:cad></gpxtpx:TrackPointExtension></extensions></trkpt><trkpt lat="15.4142966308" lon="73.7650542799"><ele>1.10</ele><time>2025-11-14T01:56:02Z</time><extensions><gpxtpx:TrackPointExtension><gpxtpx:cad>0</gpxtpx:cad></gpxtpx:TrackPointExtension></extensions></trkpt><trkpt lat="15.4141859058" lon="73.7651639152"><ele>1.10</ele><time>2025-11-14T01:56:07Z</time><extensions><gpxtpx:TrackPointExtension><gpxtpx:cad>0</gpxtpx:cad></gpxtpx:TrackPointExtension></extensions></trkpt><trkpt lat="15.4140743427" lon="73.7652688567"><ele>0.62</ele><time>2025-11-14T01:56:12Z</time><extensions><gpxtpx:TrackPointExtension><gpxtpx:cad>0</gpxtpx:cad></gpxtpx:TrackPointExtension></extensions></trkpt><trkpt lat="15.4139631987" lon="73.7653834373"><ele>0.62</ele><time>2025-11-14T01:56:17Z</time><extensions><gpxtpx:TrackPointExtension><gpxtpx:cad>0</gpxtpx:cad></gpxtpx:TrackPointExtension></extensions></trkpt><trkpt lat="15.4138545692" lon="73.7654990237"><ele>0.14</ele><time>2025-11-14T01:56:22Z</time><extensions><gpxtpx:TrackPointExtension><gpxtpx:cad>0</gpxtpx:cad></gpxtpx:TrackPointExtension></extensions></trkpt><trkpt lat="15.4137485381" lon="73.7656091619"><ele>0.14</ele><time>2025-11-14T01:56:27Z</time><extensions><gpxtpx:TrackPointExtension><gpxtpx:cad>0</gpxtpx:cad></gpxtpx:TrackPointExtension></extensions></trkpt><trkpt lat="15.4136422556" lon="73.7657301128"><ele>0.14</ele><time>2025-11-14T01:56:32Z</time><extensions><gpxtpx:TrackPointExtension><gpxtpx:cad>0</gpxtpx:cad></gpxtpx:TrackPointExtension></extensions></trkpt><trkpt lat="15.4135339614" lon="73.7658500578"><ele>0.62</ele><time>2025-11-14T01:56:37Z</time><extensions><gpxtpx:TrackPointExtension><gpxtpx:cad>0</gpxtpx:cad></gpxtpx:TrackPointExtension></extensions></trkpt><trkpt lat="15.4134271760" lon="73.7659645546"><ele>1.10</ele><time>2025-11-14T01:56:42Z</time><extensions><gpxtpx:TrackPointExtension><gpxtpx:cad>0</gpxtpx:cad></gpxtpx:TrackPointExtension></extensions></trkpt><trkpt lat="15.4133244976" lon="73.7660801411"><ele>1.10</ele><time>2025-11-14T01:56:47Z</time><extensions><gpxtpx:TrackPointExtension><gpxtpx:cad>0</gpxtpx:cad></gpxtpx:TrackPointExtension></extensions></trkpt><trkpt lat="15.4132154491" lon="73.7661928777"><ele>0.62</ele><time>2025-11-14T01:56:52Z</time><extensions><gpxtpx:TrackPointExtension><gpxtpx:cad>0</gpxtpx:cad></gpxtpx:TrackPointExtension></extensions></trkpt><trkpt lat="15.4131071549" lon="73.7663085479"><ele>0.62</ele><time>2025-11-14T01:56:57Z</time><extensions><gpxtpx:TrackPointExtension><gpxtpx:cad>0</gpxtpx:cad></gpxtpx:TrackPointExtension></extensions></trkpt><trkpt lat="15.4130008724" lon="73.7664182670"><ele>0.14</ele><time>2025-11-14T01:57:02Z</time><extensions><gpxtpx:TrackPointExtension><gpxtpx:cad>0</gpxtpx:cad></gpxtpx:TrackPointExtension></extensions></trkpt><trkpt lat="15.4128898960" lon="73.7665303331"><ele>0.62</ele><time>2025-11-14T01:57:07Z</time><extensions><gpxtpx:TrackPointExtension><gpxtpx:cad>0</gpxtpx:cad></gpxtpx:TrackPointExtension></extensions></trkpt><trkpt lat="15.4127833620" lon="73.7666341849"><ele>-0.34</ele><time>2025-11-14T01:57:12Z</time><extensions><gpxtpx:TrackPointExtension><gpxtpx:cad>0</gpxtpx:cad></gpxtpx:TrackPointExtension></extensions></trkpt><trkpt lat="15.4126621597" lon="73.7667402998"><ele>-0.34</ele><time>2025-11-14T01:57:17Z</time><extensions><gpxtpx:TrackPointExtension><gpxtpx:cad>0</gpxtpx:cad></gpxtpx:TrackPointExtension></extensions></trkpt><trkpt lat="15.4125469085" lon="73.7668454926"><ele>-0.34</ele><time>2025-11-14T01:57:22Z</time><extensions><gpxtpx:TrackPointExtension><gpxtpx:cad>0</gpxtpx:cad></gpxtpx:TrackPointExtension></extensions></trkpt><trkpt lat="15.4124272149" lon="73.7669569720"><ele>0.14</ele><time>2025-11-14T01:57:27Z</time><extensions><gpxtpx:TrackPointExtension><gpxtpx:cad>0</gpxtpx:cad></gpxtpx:TrackPointExtension></extensions></trkpt><trkpt lat="15.4123168252" lon="73.7670564651"><ele>0.14</ele><time>2025-11-14T01:57:32Z</time><extensions><gpxtpx:TrackPointExtension><gpxtpx:cad>0</gpxtpx:cad></gpxtpx:TrackPointExtension></extensions></trkpt><trkpt lat="15.4121930245" lon="73.7671654299"><ele>0.14</ele><time>2025-11-14T01:57:37Z</time><extensions><gpxtpx:TrackPointExtension><gpxtpx:cad>0</gpxtpx:cad></gpxtpx:TrackPointExtension></extensions></trkpt><trkpt lat="15.4120725766" lon="73.7672661804"><ele>0.14</ele><time>2025-11-14T01:57:42Z</time><extensions><gpxtpx:TrackPointExtension><gpxtpx:cad>0</gpxtpx:cad></gpxtpx:TrackPointExtension></extensions></trkpt><trkpt lat="15.4119501170" lon="73.7673664279"><ele>-0.34</ele><time>2025-11-14T01:57:47Z</time><extensions><gpxtpx:TrackPointExtension><gpxtpx:cad>0</gpxtpx:cad></gpxtpx:TrackPointExtension></extensions></trkpt><trkpt lat="15.4118326027" lon="73.7674670946"><ele>-0.34</ele><time>2025-11-14T01:57:52Z</time><extensions><gpxtpx:TrackPointExtension><gpxtpx:cad>0</gpxtpx:cad></gpxtpx:TrackPointExtension></extensions></trkpt><trkpt lat="15.4117163457" lon="73.7675734609"><ele>0.14</ele><time>2025-11-14T01:57:57Z</time><extensions><gpxtpx:TrackPointExtension><gpxtpx:cad>0</gpxtpx:cad></gpxtpx:TrackPointExtension></extensions></trkpt><trkpt lat="15.4115963168" lon="73.7676846050"><ele>-0.34</ele><time>2025-11-14T01:58:02Z</time><extensions><gpxtpx:TrackPointExtension><gpxtpx:cad>0</gpxtpx:cad></gpxtpx:TrackPointExtension></extensions></trkpt><trkpt lat="15.4114861786" lon="73.7677893788"><ele>-0.82</ele><time>2025-11-14T01:58:07Z</time><extensions><gpxtpx:TrackPointExtension><gpxtpx:cad>0</gpxtpx:cad></gpxtpx:TrackPointExtension></extensions></trkpt><trkpt lat="15.4113798961" lon="73.7679045461"><ele>0.14</ele><time>2025-11-14T01:58:12Z</time><extensions><gpxtpx:TrackPointExtension><gpxtpx:cad>0</gpxtpx:cad></gpxtpx:TrackPointExtension></extensions></trkpt><trkpt lat="15.4112685006" lon="73.7680130079"><ele>0.14</ele><time>2025-11-14T01:58:17Z</time><extensions><gpxtpx:TrackPointExtension><gpxtpx:cad>0</gpxtpx:cad></gpxtpx:TrackPointExtension></extensions></trkpt><trkpt lat="15.4111538362" lon="73.7681167759"><ele>0.14</ele><time>2025-11-14T01:58:22Z</time><extensions><gpxtpx:TrackPointExtension><gpxtpx:cad>0</gpxtpx:cad></gpxtpx:TrackPointExtension></extensions></trkpt><trkpt lat="15.4110486433" lon="73.7682284229"><ele>0.14</ele><time>2025-11-14T01:58:27Z</time><extensions><gpxtpx:TrackPointExtension><gpxtpx:cad>0</gpxtpx:cad></gpxtpx:TrackPointExtension></extensions></trkpt><trkpt lat="15.4109406844" lon="73.7683435064"><ele>0.14</ele><time>2025-11-14T01:58:32Z</time><extensions><gpxtpx:TrackPointExtension><gpxtpx:cad>0</gpxtpx:cad></gpxtpx:TrackPointExtension></extensions></trkpt><trkpt lat="15.4108273610" lon="73.7684542313"><ele>0.62</ele><time>2025-11-14T01:58:37Z</time><extensions><gpxtpx:TrackPointExtension><gpxtpx:cad>0</gpxtpx:cad></gpxtpx:TrackPointExtension></extensions></trkpt><trkpt lat="15.4107120261" lon="73.7685624417"><ele>0.62</ele><time>2025-11-14T01:58:42Z</time><extensions><gpxtpx:TrackPointExtension><gpxtpx:cad>0</gpxtpx:cad></gpxtpx:TrackPointExtension></extensions></trkpt><trkpt lat="15.4106023069" lon="73.7686688919"><ele>0.62</ele><time>2025-11-14T01:58:47Z</time><extensions><gpxtpx:TrackPointExtension><gpxtpx:cad>0</gpxtpx:cad></gpxtpx:TrackPointExtension></extensions></trkpt><trkpt lat="15.4104859661" lon="73.7687838078"><ele>0.62</ele><time>2025-11-14T01:58:52Z</time><extensions><gpxtpx:TrackPointExtension><gpxtpx:cad>0</gpxtpx:cad></gpxtpx:TrackPointExtension></extensions></trkpt><trkpt lat="15.4103649314" lon="73.7688828819"><ele>0.62</ele><time>2025-11-14T01:58:57Z</time><extensions><gpxtpx:TrackPointExtension><gpxtpx:cad>0</gpxtpx:cad></gpxtpx:TrackPointExtension></extensions></trkpt><trkpt lat="15.4102452379" lon="73.7689863145"><ele>0.62</ele><time>2025-11-14T01:59:02Z</time><extensions><gpxtpx:TrackPointExtension><gpxtpx:cad>0</gpxtpx:cad></gpxtpx:TrackPointExtension></extensions></trkpt><trkpt lat="15.4101226944" lon="73.7690798566"><ele>-0.34</ele><time>2025-11-14T01:59:07Z</time><extensions><gpxtpx:TrackPointExtension><gpxtpx:cad>0</gpxtpx:cad></gpxtpx:TrackPointExtension></extensions></trkpt><trkpt lat="15.4099926073" lon="73.7691818643"><ele>0.14</ele><time>2025-11-14T01:59:12Z</time><extensions><gpxtpx:TrackPointExtension><gpxtpx:cad>0</gpxtpx:cad></gpxtpx:TrackPointExtension></extensions></trkpt><trkpt lat="15.4098701477" lon="73.7692756578"><ele>0.14</ele><time>2025-11-14T01:59:17Z</time><extensions><gpxtpx:TrackPointExtension><gpxtpx:cad>0</gpxtpx:cad></gpxtpx:TrackPointExtension></extensions></trkpt><trkpt lat="15.4097455926" lon="73.7693715468"><ele>0.14</ele><time>2025-11-14T01:59:22Z</time><extensions><gpxtpx:TrackPointExtension><gpxtpx:cad>0</gpxtpx:cad></gpxtpx:TrackPointExtension></extensions></trkpt><trkpt lat="15.4096248932" lon="73.7694791704"><ele>0.14</ele><time>2025-11-14T01:59:27Z</time><extensions><gpxtpx:TrackPointExtension><gpxtpx:cad>0</gpxtpx:cad></gpxtpx:TrackPointExtension></extensions></trkpt><trkpt lat="15.4094940517" lon="73.7695674319"><ele>0.14</ele><time>2025-11-14T01:59:32Z</time><extensions><gpxtpx:TrackPointExtension><gpxtpx:cad>0</gpxtpx:cad></gpxtpx:TrackPointExtension></extensions></trkpt><trkpt lat="15.4093656410" lon="73.7696596328"><ele>0.14</ele><time>2025-11-14T01:59:37Z</time><extensions><gpxtpx:TrackPointExtension><gpxtpx:cad>0</gpxtpx:cad></gpxtpx:TrackPointExtension></extensions></trkpt><trkpt lat="15.4092401639" lon="73.7697595451"><ele>0.62</ele><time>2025-11-14T01:59:42Z</time><extensions><gpxtpx:TrackPointExtension><gpxtpx:cad>0</gpxtpx:cad></gpxtpx:TrackPointExtension></extensions></trkpt><trkpt lat="15.4091175366" lon="73.7698510755"><ele>1.10</ele><time>2025-11-14T01:59:47Z</time><extensions><gpxtpx:TrackPointExtension><gpxtpx:cad>0</gpxtpx:cad></gpxtpx:TrackPointExtension></extensions></trkpt><trkpt lat="15.4089871980" lon="73.7699406780"><ele>1.10</ele><time>2025-11-14T01:59:52Z</time><extensions><gpxtpx:TrackPointExtension><gpxtpx:cad>0</gpxtpx:cad></gpxtpx:TrackPointExtension></extensions></trkpt><trkpt lat="15.4088494834" lon="73.7700225692"><ele>1.10</ele><time>2025-11-14T01:59:57Z</time><extensions><gpxtpx:TrackPointExtension><gpxtpx:cad>0</gpxtpx:cad></gpxtpx:TrackPointExtension></extensions></trkpt><trkpt lat="15.4087095894" lon="73.7700910494"><ele>0.62</ele><time>2025-11-14T02:00:02Z</time><extensions><gpxtpx:TrackPointExtension><gpxtpx:cad>0</gpxtpx:cad></gpxtpx:TrackPointExtension></extensions></trkpt><trkpt lat="15.4085640796" lon="73.7701603677"><ele>0.62</ele><time>2025-11-14T02:00:07Z</time><extensions><gpxtpx:TrackPointExtension><gpxtpx:cad>0</gpxtpx:cad></gpxtpx:TrackPointExtension></extensions></trkpt><trkpt lat="15.4084209166" lon="73.7702250760"><ele>0.62</ele><time>2025-11-14T02:00:12Z</time><extensions><gpxtpx:TrackPointExtension><gpxtpx:cad>0</gpxtpx:cad></gpxtpx:TrackPointExtension></extensions></trkpt><trkpt lat="15.4082700424" lon="73.7702936400"><ele>0.62</ele><time>2025-11-14T02:00:17Z</time><extensions><gpxtpx:TrackPointExtension><gpxtpx:cad>0</gpxtpx:cad></gpxtpx:TrackPointExtension></extensions></trkpt><trkpt lat="15.4081287235" lon="73.7703460269"><ele>0.62</ele><time>2025-11-14T02:00:22Z</time><extensions><gpxtpx:TrackPointExtension><gpxtpx:cad>0</gpxtpx:cad></gpxtpx:TrackPointExtension></extensions></trkpt><trkpt lat="15.4079768434" lon="73.7704105675"><ele>1.10</ele><time>2025-11-14T02:00:27Z</time><extensions><gpxtpx:TrackPointExtension><gpxtpx:cad>0</gpxtpx:cad></gpxtpx:TrackPointExtension></extensions></trkpt><trkpt lat="15.4078313336" lon="73.7704786286"><ele>1.10</ele><time>2025-11-14T02:00:32Z</time><extensions><gpxtpx:TrackPointExtension><gpxtpx:cad>0</gpxtpx:cad></gpxtpx:TrackPointExtension></extensions></trkpt><trkpt lat="15.4076968040" lon="73.7705579214"><ele>1.10</ele><time>2025-11-14T02:00:37Z</time><extensions><gpxtpx:TrackPointExtension><gpxtpx:cad>0</gpxtpx:cad></gpxtpx:TrackPointExtension></extensions></trkpt><trkpt lat="15.4075662140" lon="73.7706474401"><ele>1.10</ele><time>2025-11-14T02:00:42Z</time><extensions><gpxtpx:TrackPointExtension><gpxtpx:cad>0</gpxtpx:cad></gpxtpx:TrackPointExtension></extensions></trkpt><trkpt lat="15.4074330255" lon="73.7707342766"><ele>0.62</ele><time>2025-11-14T02:00:47Z</time><extensions><gpxtpx:TrackPointExtension><gpxtpx:cad>0</gpxtpx:cad></gpxtpx:TrackPointExtension></extensions></trkpt><trkpt lat="15.4072974063" lon="73.7708208617"><ele>0.62</ele><time>2025-11-14T02:00:52Z</time><extensions><gpxtpx:TrackPointExtension><gpxtpx:cad>0</gpxtpx:cad></gpxtpx:TrackPointExtension></extensions></trkpt><trkpt lat="15.4071693309" lon="73.7709086202"><ele>0.62</ele><time>2025-11-14T02:00:57Z</time><extensions><gpxtpx:TrackPointExtension><gpxtpx:cad>0</gpxtpx:cad></gpxtpx:TrackPointExtension></extensions></trkpt><trkpt lat="15.4070457816" lon="73.7710116338"><ele>0.62</ele><time>2025-11-14T02:01:02Z</time><extensions><gpxtpx:TrackPointExtension><gpxtpx:cad>0</gpxtpx:cad></gpxtpx:TrackPointExtension></extensions></trkpt><trkpt lat="15.4069229029" lon="73.7711063493"><ele>0.62</ele><time>2025-11-14T02:01:07Z</time><extensions><gpxtpx:TrackPointExtension><gpxtpx:cad>0</gpxtpx:cad></gpxtpx:TrackPointExtension></extensions></trkpt><trkpt lat="15.4068017844" lon="73.7712041661"><ele>1.10</ele><time>2025-11-14T02:01:12Z</time><extensions><gpxtpx:TrackPointExtension><gpxtpx:cad>0</gpxtpx:cad></gpxtpx:TrackPointExtension></extensions></trkpt><trkpt lat="15.4066944122" lon="73.7713189144"><ele>0.62</ele><time>2025-11-14T02:01:17Z</time><extensions><gpxtpx:TrackPointExtension><gpxtpx:cad>0</gpxtpx:cad></gpxtpx:TrackPointExtension></extensions></trkpt><trkpt lat="15.4065764789" lon="73.7714241073"><ele>1.10</ele><time>2025-11-14T02:01:22Z</time><extensions><gpxtpx:TrackPointExtension><gpxtpx:cad>0</gpxtpx:cad></gpxtpx:TrackPointExtension></extensions></trkpt><trkpt lat="15.4064591322" lon="73.7715298031"><ele>0.62</ele><time>2025-11-14T02:01:27Z</time><extensions><gpxtpx:TrackPointExtension><gpxtpx:cad>0</gpxtpx:cad></gpxtpx:TrackPointExtension></extensions></trkpt><trkpt lat="15.4063424561" lon="73.7716388516"><ele>0.14</ele><time>2025-11-14T02:01:32Z</time><extensions><gpxtpx:TrackPointExtension><gpxtpx:cad>0</gpxtpx:cad></gpxtpx:TrackPointExtension></extensions></trkpt><trkpt lat="15.4062375147" lon="73.7717543542"><ele>0.14</ele><time>2025-11-14T02:01:37Z</time><extensions><gpxtpx:TrackPointExtension><gpxtpx:cad>0</gpxtpx:cad></gpxtpx:TrackPointExtension></extensions></trkpt><trkpt lat="15.4061292205" lon="73.7718624808"><ele>0.14</ele><time>2025-11-14T02:01:42Z</time><extensions><gpxtpx:TrackPointExtension><gpxtpx:cad>0</gpxtpx:cad></gpxtpx:TrackPointExtension></extensions></trkpt><trkpt lat="15.4060278833" lon="73.7719831802"><ele>0.14</ele><time>2025-11-14T02:01:47Z</time><extensions><gpxtpx:TrackPointExtension><gpxtpx:cad>0</gpxtpx:cad></gpxtpx:TrackPointExtension></extensions></trkpt><trkpt lat="15.4059195891" lon="73.7720994372"><ele>0.14</ele><time>2025-11-14T02:01:52Z</time><extensions><gpxtpx:TrackPointExtension><gpxtpx:cad>0</gpxtpx:cad></gpxtpx:TrackPointExtension></extensions></trkpt><trkpt lat="15.4058034997" lon="73.7722102460"><ele>0.62</ele><time>2025-11-14T02:01:57Z</time><extensions><gpxtpx:TrackPointExtension><gpxtpx:cad>0</gpxtpx:cad></gpxtpx:TrackPointExtension></extensions></trkpt><trkpt lat="15.4056983907" lon="73.7723244913"><ele>0.62</ele><time>2025-11-14T02:02:02Z</time><extensions><gpxtpx:TrackPointExtension><gpxtpx:cad>0</gpxtpx:cad></gpxtpx:TrackPointExtension></extensions></trkpt><trkpt lat="15.4055913538" lon="73.7724364735"><ele>0.62</ele><time>2025-11-14T02:02:07Z</time><extensions><gpxtpx:TrackPointExtension><gpxtpx:cad>0</gpxtpx:cad></gpxtpx:TrackPointExtension></extensions></trkpt><trkpt lat="15.4054792039" lon="73.7725320272"><ele>0.62</ele><time>2025-11-14T02:02:12Z</time><extensions><gpxtpx:TrackPointExtension><gpxtpx:cad>0</gpxtpx:cad></gpxtpx:TrackPointExtension></extensions></trkpt><trkpt lat="15.4053707421" lon="73.7726256531"><ele>0.62</ele><time>2025-11-14T02:02:17Z</time><extensions><gpxtpx:TrackPointExtension><gpxtpx:cad>0</gpxtpx:cad></gpxtpx:TrackPointExtension></extensions></trkpt><trkpt lat="15.4052719194" lon="73.7727257330"><ele>1.10</ele><time>2025-11-14T02:02:22Z</time><extensions><gpxtpx:TrackPointExtension><gpxtpx:cad>0</gpxtpx:cad></gpxtpx:TrackPointExtension></extensions></trkpt><trkpt lat="15.4051549081" lon="73.7727997452"><ele>1.10</ele><time>2025-11-14T02:02:27Z</time><extensions><gpxtpx:TrackPointExtension><gpxtpx:cad>0</gpxtpx:cad></gpxtpx:TrackPointExtension></extensions></trkpt><trkpt lat="15.4050404113" lon="73.7728801277"><ele>1.10</ele><time>2025-11-14T02:02:32Z</time><extensions><gpxtpx:TrackPointExtension><gpxtpx:cad>0</gpxtpx:cad></gpxtpx:TrackPointExtension></extensions></trkpt><trkpt lat="15.4049414210" lon="73.7729746755"><ele>1.58</ele><time>2025-11-14T02:02:37Z</time><extensions><gpxtpx:TrackPointExtension><gpxtpx:cad>0</gpxtpx:cad></gpxtpx:TrackPointExtension></extensions></trkpt><trkpt lat="15.4048406705" lon="73.7730591651"><ele>1.58</ele><time>2025-11-14T02:02:42Z</time><extensions><gpxtpx:TrackPointExtension><gpxtpx:cad>0</gpxtpx:cad></gpxtpx:TrackPointExtension></extensions></trkpt><trkpt lat="15.4047457874" lon="73.7731465884"><ele>1.10</ele><time>2025-11-14T02:02:47Z</time><extensions><gpxtpx:TrackPointExtension><gpxtpx:cad>0</gpxtpx:cad></gpxtpx:TrackPointExtension></extensions></trkpt><trkpt lat="15.4046436958" lon="73.7732325029"><ele>1.10</ele><time>2025-11-14T02:02:52Z</time><extensions><gpxtpx:TrackPointExtension><gpxtpx:cad>0</gpxtpx:cad></gpxtpx:TrackPointExtension></extensions></trkpt><trkpt lat="15.4045372456" lon="73.7733060960"><ele>1.10</ele><time>2025-11-14T02:02:57Z</time><extensions><gpxtpx:TrackPointExtension><gpxtpx:cad>0</gpxtpx:cad></gpxtpx:TrackPointExtension></extensions></trkpt><trkpt lat="15.4044252634" lon="73.7733722292"><ele>1.10</ele><time>2025-11-14T02:03:02Z</time><extensions><gpxtpx:TrackPointExtension><gpxtpx:cad>0</gpxtpx:cad></gpxtpx:TrackPointExtension></extensions></trkpt><trkpt lat="15.4043085873" lon="73.7734352611"><ele>1.10</ele><time>2025-11-14T02:03:07Z</time><extensions><gpxtpx:TrackPointExtension><gpxtpx:cad>0</gpxtpx:cad></gpxtpx:TrackPointExtension></extensions></trkpt><trkpt lat="15.4041966051" lon="73.7735071778"><ele>0.62</ele><time>2025-11-14T02:03:12Z</time><extensions><gpxtpx:TrackPointExtension><gpxtpx:cad>0</gpxtpx:cad></gpxtpx:TrackPointExtension></extensions></trkpt><trkpt lat="15.4040805995" lon="73.7735746522"><ele>0.62</ele><time>2025-11-14T02:03:17Z</time><extensions><gpxtpx:TrackPointExtension><gpxtpx:cad>0</gpxtpx:cad></gpxtpx:TrackPointExtension></extensions></trkpt><trkpt lat="15.4039574694" lon="73.7736308109"><ele>0.62</ele><time>2025-11-14T02:03:22Z</time><extensions><gpxtpx:TrackPointExtension><gpxtpx:cad>0</gpxtpx:cad></gpxtpx:TrackPointExtension></extensions></trkpt><trkpt lat="15.4038417991" lon="73.7736929208"><ele>1.10</ele><time>2025-11-14T02:03:27Z</time><extensions><gpxtpx:TrackPointExtension><gpxtpx:cad>0</gpxtpx:cad></gpxtpx:TrackPointExtension></extensions></trkpt><trkpt lat="15.4037231952" lon="73.7737534381"><ele>1.10</ele><time>2025-11-14T02:03:32Z</time><extensions><gpxtpx:TrackPointExtension><gpxtpx:cad>0</gpxtpx:cad></gpxtpx:TrackPointExtension></extensions></trkpt><trkpt lat="15.4036033340" lon="73.7738210801"><ele>1.10</ele><time>2025-11-14T02:03:37Z</time><extensions><gpxtpx:TrackPointExtension><gpxtpx:cad>0</gpxtpx:cad></gpxtpx:TrackPointExtension></extensions></trkpt><trkpt lat="15.4034881666" lon="73.7738797534"><ele>1.10</ele><time>2025-11-14T02:03:42Z</time><extensions><gpxtpx:TrackPointExtension><gpxtpx:cad>0</gpxtpx:cad></gpxtpx:TrackPointExtension></extensions></trkpt><trkpt lat="15.4033696465" lon="73.7739359960"><ele>1.10</ele><time>2025-11-14T02:03:47Z</time><extensions><gpxtpx:TrackPointExtension><gpxtpx:cad>0</gpxtpx:cad></gpxtpx:TrackPointExtension></extensions></trkpt><trkpt lat="15.4032491148" lon="73.7740000337"><ele>1.10</ele><time>2025-11-14T02:03:52Z</time><extensions><gpxtpx:TrackPointExtension><gpxtpx:cad>0</gpxtpx:cad></gpxtpx:TrackPointExtension></extensions></trkpt><trkpt lat="15.4031320196" lon="73.7740603834"><ele>1.10</ele><time>2025-11-14T02:03:57Z</time><extensions><gpxtpx:TrackPointExtension><gpxtpx:cad>0</gpxtpx:cad></gpxtpx:TrackPointExtension></extensions></trkpt><trkpt lat="15.4030259047" lon="73.7741328869"><ele>1.10</ele><time>2025-11-14T02:04:02Z</time><extensions><gpxtpx:TrackPointExtension><gpxtpx:cad>0</gpxtpx:cad></gpxtpx:TrackPointExtension></extensions></trkpt><trkpt lat="15.4029301833" lon="73.7742296979"><ele>1.10</ele><time>2025-11-14T02:04:07Z</time><extensions><gpxtpx:TrackPointExtension><gpxtpx:cad>0</gpxtpx:cad></gpxtpx:TrackPointExtension></extensions></trkpt><trkpt lat="15.4028329533" lon="73.7743242458"><ele>1.10</ele><time>2025-11-14T02:04:12Z</time><extensions><gpxtpx:TrackPointExtension><gpxtpx:cad>0</gpxtpx:cad></gpxtpx:TrackPointExtension></extensions></trkpt><trkpt lat="15.4027413391" lon="73.7744183745"><ele>1.10</ele><time>2025-11-14T02:04:17Z</time><extensions><gpxtpx:TrackPointExtension><gpxtpx:cad>0</gpxtpx:cad></gpxtpx:TrackPointExtension></extensions></trkpt><trkpt lat="15.4026443604" lon="73.7745215558"><ele>1.58</ele><time>2025-11-14T02:04:22Z</time><extensions><gpxtpx:TrackPointExtension><gpxtpx:cad>0</gpxtpx:cad></gpxtpx:TrackPointExtension></extensions></trkpt><trkpt lat="15.4025458731" lon="73.7746145949"><ele>1.58</ele><time>2025-11-14T02:04:27Z</time><extensions><gpxtpx:TrackPointExtension><gpxtpx:cad>0</gpxtpx:cad></gpxtpx:TrackPointExtension></extensions></trkpt><trkpt lat="15.4024512414" lon="73.7747115735"><ele>1.10</ele><time>2025-11-14T02:04:32Z</time><extensions><gpxtpx:TrackPointExtension><gpxtpx:cad>0</gpxtpx:cad></gpxtpx:TrackPointExtension></extensions></trkpt><trkpt lat="15.4023635667" lon="73.7748117372"><ele>0.62</ele><time>2025-11-14T02:04:37Z</time><extensions><gpxtpx:TrackPointExtension><gpxtpx:cad>0</gpxtpx:cad></gpxtpx:TrackPointExtension></extensions></trkpt><trkpt lat="15.4022701085" lon="73.7749091350"><ele>0.62</ele><time>2025-11-14T02:04:42Z</time><extensions><gpxtpx:TrackPointExtension><gpxtpx:cad>0</gpxtpx:cad></gpxtpx:TrackPointExtension></extensions></trkpt><trkpt lat="15.4021846969" lon="73.7750081252"><ele>0.62</ele><time>2025-11-14T02:04:47Z</time><extensions><gpxtpx:TrackPointExtension><gpxtpx:cad>0</gpxtpx:cad></gpxtpx:TrackPointExtension></extensions></trkpt><trkpt lat="15.4020877182" lon="73.7751031760"><ele>0.62</ele><time>2025-11-14T02:04:52Z</time><extensions><gpxtpx:TrackPointExtension><gpxtpx:cad>0</gpxtpx:cad></gpxtpx:TrackPointExtension></extensions></trkpt><trkpt lat="15.4019898176" lon="73.7751885876"><ele>0.62</ele><time>2025-11-14T02:04:57Z</time><extensions><gpxtpx:TrackPointExtension><gpxtpx:cad>0</gpxtpx:cad></gpxtpx:TrackPointExtension></extensions></trkpt><trkpt lat="15.4018865526" lon="73.7752745859"><ele>0.14</ele><time>2025-11-14T02:05:02Z</time><extensions><gpxtpx:TrackPointExtension><gpxtpx:cad>0</gpxtpx:cad></gpxtpx:TrackPointExtension></extensions></trkpt><trkpt lat="15.4017889034" lon="73.7753638532"><ele>0.14</ele><time>2025-11-14T02:05:07Z</time><extensions><gpxtpx:TrackPointExtension><gpxtpx:cad>0</gpxtpx:cad></gpxtpx:TrackPointExtension></extensions></trkpt><trkpt lat="15.4016868118" lon="73.7754527852"><ele>-0.34</ele><time>2025-11-14T02:05:12Z</time><extensions><gpxtpx:TrackPointExtension><gpxtpx:cad>0</gpxtpx:cad></gpxtpx:TrackPointExtension></extensions></trkpt><trkpt lat="15.4015862290" lon="73.7755447347"><ele>-0.34</ele><time>2025-11-14T02:05:17Z</time><extensions><gpxtpx:TrackPointExtension><gpxtpx:cad>0</gpxtpx:cad></gpxtpx:TrackPointExtension></extensions></trkpt><trkpt lat="15.4014838021" lon="73.7756277155"><ele>-0.34</ele><time>2025-11-14T02:05:22Z</time><extensions><gpxtpx:TrackPointExtension><gpxtpx:cad>0</gpxtpx:cad></gpxtpx:TrackPointExtension></extensions></trkpt><trkpt lat="15.4013846442" lon="73.7757174019"><ele>0.14</ele><time>2025-11-14T02:05:27Z</time><extensions><gpxtpx:TrackPointExtension><gpxtpx:cad>0</gpxtpx:cad></gpxtpx:TrackPointExtension></extensions></trkpt><trkpt lat="15.4012848157" lon="73.7758045737"><ele>0.14</ele><time>2025-11-14T02:05:32Z</time><extensions><gpxtpx:TrackPointExtension><gpxtpx:cad>0</gpxtpx:cad></gpxtpx:TrackPointExtension></extensions></trkpt><trkpt lat="15.4011934530" lon="73.7758995406"><ele>0.14</ele><time>2025-11-14T02:05:37Z</time><extensions><gpxtpx:TrackPointExtension><gpxtpx:cad>0</gpxtpx:cad></gpxtpx:TrackPointExtension></extensions></trkpt><trkpt lat="15.4011030961" lon="73.7759899814"><ele>0.62</ele><time>2025-11-14T02:05:42Z</time><extensions><gpxtpx:TrackPointExtension><gpxtpx:cad>0</gpxtpx:cad></gpxtpx:TrackPointExtension></extensions></trkpt><trkpt lat="15.4010033514" lon="73.7760796677"><ele>0.62</ele><time>2025-11-14T02:05:47Z</time><extensions><gpxtpx:TrackPointExtension><gpxtpx:cad>0</gpxtpx:cad></gpxtpx:TrackPointExtension></extensions></trkpt><trkpt lat="15.4009010922" lon="73.7761665042"><ele>0.62</ele><time>2025-11-14T02:05:52Z</time><extensions><gpxtpx:TrackPointExtension><gpxtpx:cad>0</gpxtpx:cad></gpxtpx:TrackPointExtension></extensions></trkpt><trkpt lat="15.4008021019" lon="73.7762480602"><ele>0.14</ele><time>2025-11-14T02:05:57Z</time><extensions><gpxtpx:TrackPointExtension><gpxtpx:cad>0</gpxtpx:cad></gpxtpx:TrackPointExtension></extensions></trkpt><trkpt lat="15.4007011000" lon="73.7763335556"><ele>-0.34</ele><time>2025-11-14T02:06:02Z</time><extensions><gpxtpx:TrackPointExtension><gpxtpx:cad>0</gpxtpx:cad></gpxtpx:TrackPointExtension></extensions></trkpt><trkpt lat="15.4006005172" lon="73.7764197215"><ele>-0.34</ele><time>2025-11-14T02:06:07Z</time><extensions><gpxtpx:TrackPointExtension><gpxtpx:cad>0</gpxtpx:cad></gpxtpx:TrackPointExtension></extensions></trkpt><trkpt lat="15.4004905466" lon="73.7764966674"><ele>-0.82</ele><time>2025-11-14T02:06:12Z</time><extensions><gpxtpx:TrackPointExtension><gpxtpx:cad>0</gpxtpx:cad></gpxtpx:TrackPointExtension></extensions></trkpt><trkpt lat="15.4003832582" lon="73.7765729427"><ele>-0.82</ele><time>2025-11-14T02:06:17Z</time><extensions><gpxtpx:TrackPointExtension><gpxtpx:cad>0</gpxtpx:cad></gpxtpx:TrackPointExtension></extensions></trkpt><trkpt lat="15.4002828430" lon="73.7766531575"><ele>-0.34</ele><time>2025-11-14T02:06:22Z</time><extensions><gpxtpx:TrackPointExtension><gpxtpx:cad>0</gpxtpx:cad></gpxtpx:TrackPointExtension></extensions></trkpt><trkpt lat="15.4001785722" lon="73.7767472863"><ele>-0.34</ele><time>2025-11-14T02:06:27Z</time><extensions><gpxtpx:TrackPointExtension><gpxtpx:cad>0</gpxtpx:cad></gpxtpx:TrackPointExtension></extensions></trkpt><trkpt lat="15.4000846110" lon="73.7768647168"><ele>-0.34</ele><time>2025-11-14T02:06:32Z</time><extensions><gpxtpx:TrackPointExtension><gpxtpx:cad>0</gpxtpx:cad></gpxtpx:TrackPointExtension></extensions></trkpt><trkpt lat="15.3999984451" lon="73.7769853324"><ele>-0.34</ele><time>2025-11-14T02:06:37Z</time><extensions><gpxtpx:TrackPointExtension><gpxtpx:cad>0</gpxtpx:cad></gpxtpx:TrackPointExtension></extensions></trkpt><trkpt lat="15.3999111056" lon="73.7771238014"><ele>-0.34</ele><time>2025-11-14T02:06:42Z</time><extensions><gpxtpx:TrackPointExtension><gpxtpx:cad>0</gpxtpx:cad></gpxtpx:TrackPointExtension></extensions></trkpt><trkpt lat="15.3998161387" lon="73.7772476859"><ele>-0.34</ele><time>2025-11-14T02:06:47Z</time><extensions><gpxtpx:TrackPointExtension><gpxtpx:cad>0</gpxtpx:cad></gpxtpx:TrackPointExtension></extensions></trkpt><trkpt lat="15.3997188248" lon="73.7773654517"><ele>0.14</ele><time>2025-11-14T02:06:52Z</time><extensions><gpxtpx:TrackPointExtension><gpxtpx:cad>0</gpxtpx:cad></gpxtpx:TrackPointExtension></extensions></trkpt><trkpt lat="15.3996319883" lon="73.7774823792"><ele>0.14</ele><time>2025-11-14T02:06:57Z</time><extensions><gpxtpx:TrackPointExtension><gpxtpx:cad>0</gpxtpx:cad></gpxtpx:TrackPointExtension></extensions></trkpt><trkpt lat="15.3995405417" lon="73.7776041683"><ele>-0.34</ele><time>2025-11-14T02:07:02Z</time><extensions><gpxtpx:TrackPointExtension><gpxtpx:cad>0</gpxtpx:cad></gpxtpx:TrackPointExtension></extensions></trkpt><trkpt lat="15.3994575609" lon="73.7777345907"><ele>0.14</ele><time>2025-11-14T02:07:07Z</time><extensions><gpxtpx:TrackPointExtension><gpxtpx:cad>0</gpxtpx:cad></gpxtpx:TrackPointExtension></extensions></trkpt><trkpt lat="15.3993650246" lon="73.7778550386"><ele>-0.34</ele><time>2025-11-14T02:07:12Z</time><extensions><gpxtpx:TrackPointExtension><gpxtpx:cad>0</gpxtpx:cad></gpxtpx:TrackPointExtension></extensions></trkpt><trkpt lat="15.3992724046" lon="73.7779717147"><ele>-0.34</ele><time>2025-11-14T02:07:17Z</time><extensions><gpxtpx:TrackPointExtension><gpxtpx:cad>0</gpxtpx:cad></gpxtpx:TrackPointExtension></extensions></trkpt><trkpt lat="15.3991750907" lon="73.7780873012"><ele>-0.34</ele><time>2025-11-14T02:07:22Z</time><extensions><gpxtpx:TrackPointExtension><gpxtpx:cad>0</gpxtpx:cad></gpxtpx:TrackPointExtension></extensions></trkpt><trkpt lat="15.3990676347" lon="73.7781983614"><ele>-0.34</ele><time>2025-11-14T02:07:27Z</time><extensions><gpxtpx:TrackPointExtension><gpxtpx:cad>0</gpxtpx:cad></gpxtpx:TrackPointExtension></extensions></trkpt><trkpt lat="15.3989556525" lon="73.7783050630"><ele>-0.34</ele><time>2025-11-14T02:07:32Z</time><extensions><gpxtpx:TrackPointExtension><gpxtpx:cad>0</gpxtpx:cad></gpxtpx:TrackPointExtension></extensions></trkpt><trkpt lat="15.3988521360" lon="73.7784084957"><ele>-0.34</ele><time>2025-11-14T02:07:37Z</time><extensions><gpxtpx:TrackPointExtension><gpxtpx:cad>0</gpxtpx:cad></gpxtpx:TrackPointExtension></extensions></trkpt><trkpt lat="15.3987756930" lon="73.7785388343"><ele>-0.34</ele><time>2025-11-14T02:07:42Z</time><extensions><gpxtpx:TrackPointExtension><gpxtpx:cad>0</gpxtpx:cad></gpxtpx:TrackPointExtension></extensions></trkpt><trkpt lat="15.3987355437" lon="73.7786850147"><ele>0.14</ele><time>2025-11-14T02:07:47Z</time><extensions><gpxtpx:TrackPointExtension><gpxtpx:cad>0</gpxtpx:cad></gpxtpx:TrackPointExtension></extensions></trkpt><trkpt lat="15.3987365495" lon="73.7788308598"><ele>0.62</ele><time>2025-11-14T02:07:52Z</time><extensions><gpxtpx:TrackPointExtension><gpxtpx:cad>0</gpxtpx:cad></gpxtpx:TrackPointExtension></extensions></trkpt><trkpt lat="15.3987466916" lon="73.7789821532"><ele>1.10</ele><time>2025-11-14T02:07:57Z</time><extensions><gpxtpx:TrackPointExtension><gpxtpx:cad>0</gpxtpx:cad></gpxtpx:TrackPointExtension></extensions></trkpt><trkpt lat="15.3986943886" lon="73.7791121565"><ele>0.62</ele><time>2025-11-14T02:08:02Z</time><extensions><gpxtpx:TrackPointExtension><gpxtpx:cad>0</gpxtpx:cad></gpxtpx:TrackPointExtension></extensions></trkpt><trkpt lat="15.3985944763" lon="73.7792181876"><ele>0.62</ele><time>2025-11-14T02:08:07Z</time><extensions><gpxtpx:TrackPointExtension><gpxtpx:cad>0</gpxtpx:cad></gpxtpx:TrackPointExtension></extensions></trkpt><trkpt lat="15.3984964918" lon="73.7793256436"><ele>0.62</ele><time>2025-11-14T02:08:12Z</time><extensions><gpxtpx:TrackPointExtension><gpxtpx:cad>0</gpxtpx:cad></gpxtpx:TrackPointExtension></extensions></trkpt><trkpt lat="15.3983899578" lon="73.7794434093"><ele>0.62</ele><time>2025-11-14T02:08:17Z</time><extensions><gpxtpx:TrackPointExtension><gpxtpx:cad>0</gpxtpx:cad></gpxtpx:TrackPointExtension></extensions></trkpt><trkpt lat="15.3982989304" lon="73.7795583252"><ele>0.14</ele><time>2025-11-14T02:08:22Z</time><extensions><gpxtpx:TrackPointExtension><gpxtpx:cad>0</gpxtpx:cad></gpxtpx:TrackPointExtension></extensions></trkpt><trkpt lat="15.3982167039" lon="73.7796803657"><ele>0.14</ele><time>2025-11-14T02:08:27Z</time><extensions><gpxtpx:TrackPointExtension><gpxtpx:cad>0</gpxtpx:cad></gpxtpx:TrackPointExtension></extensions></trkpt><trkpt lat="15.3981167916" lon="73.7798091117"><ele>0.14</ele><time>2025-11-14T02:08:32Z</time><extensions><gpxtpx:TrackPointExtension><gpxtpx:cad>0</gpxtpx:cad></gpxtpx:TrackPointExtension></extensions></trkpt><trkpt lat="15.3980147839" lon="73.7799209263"><ele>0.14</ele><time>2025-11-14T02:08:37Z</time><extensions><gpxtpx:TrackPointExtension><gpxtpx:cad>0</gpxtpx:cad></gpxtpx:TrackPointExtension></extensions></trkpt><trkpt lat="15.3979069088" lon="73.7800335791"><ele>0.14</ele><time>2025-11-14T02:08:42Z</time><extensions><gpxtpx:TrackPointExtension><gpxtpx:cad>0</gpxtpx:cad></gpxtpx:TrackPointExtension></extensions></trkpt><trkpt lat="15.3977996204" lon="73.7801401131"><ele>0.14</ele><time>2025-11-14T02:08:47Z</time><extensions><gpxtpx:TrackPointExtension><gpxtpx:cad>0</gpxtpx:cad></gpxtpx:TrackPointExtension></extensions></trkpt><trkpt lat="15.3976904042" lon="73.7802447192"><ele>0.14</ele><time>2025-11-14T02:08:52Z</time><extensions><gpxtpx:TrackPointExtension><gpxtpx:cad>0</gpxtpx:cad></gpxtpx:TrackPointExtension></extensions></trkpt><trkpt lat="15.3975894023" lon="73.7803553604"><ele>0.62</ele><time>2025-11-14T02:08:57Z</time><extensions><gpxtpx:TrackPointExtension><gpxtpx:cad>0</gpxtpx:cad></gpxtpx:TrackPointExtension></extensions></trkpt><trkpt lat="15.3974882327" lon="73.7804701924"><ele>-0.34</ele><time>2025-11-14T02:09:02Z</time><extensions><gpxtpx:TrackPointExtension><gpxtpx:cad>0</gpxtpx:cad></gpxtpx:TrackPointExtension></extensions></trkpt><trkpt lat="15.3973862249" lon="73.7805830967"><ele>-0.34</ele><time>2025-11-14T02:09:07Z</time><extensions><gpxtpx:TrackPointExtension><gpxtpx:cad>0</gpxtpx:cad></gpxtpx:TrackPointExtension></extensions></trkpt><trkpt lat="15.3972922638" lon="73.7807114236"><ele>-0.34</ele><time>2025-11-14T02:09:12Z</time><extensions><gpxtpx:TrackPointExtension><gpxtpx:cad>0</gpxtpx:cad></gpxtpx:TrackPointExtension></extensions></trkpt><trkpt lat="15.3972016554" lon="73.7808326259"><ele>-0.34</ele><time>2025-11-14T02:09:17Z</time><extensions><gpxtpx:TrackPointExtension><gpxtpx:cad>0</gpxtpx:cad></gpxtpx:TrackPointExtension></extensions></trkpt><trkpt lat="15.3971080296" lon="73.7809510622"><ele>-0.34</ele><time>2025-11-14T02:09:22Z</time><extensions><gpxtpx:TrackPointExtension><gpxtpx:cad>0</gpxtpx:cad></gpxtpx:TrackPointExtension></extensions></trkpt><trkpt lat="15.3970187623" lon="73.7810773775"><ele>-0.34</ele><time>2025-11-14T02:09:27Z</time><extensions><gpxtpx:TrackPointExtension><gpxtpx:cad>0</gpxtpx:cad></gpxtpx:TrackPointExtension></extensions></trkpt><trkpt lat="15.3969348595" lon="73.7812109850"><ele>-0.34</ele><time>2025-11-14T02:09:32Z</time><extensions><gpxtpx:TrackPointExtension><gpxtpx:cad>0</gpxtpx:cad></gpxtpx:TrackPointExtension></extensions></trkpt><trkpt lat="15.3968681395" lon="73.7813535612"><ele>0.62</ele><time>2025-11-14T02:09:37Z</time><extensions><gpxtpx:TrackPointExtension><gpxtpx:cad>0</gpxtpx:cad></gpxtpx:TrackPointExtension></extensions></trkpt><trkpt lat="15.3967905231" lon="73.7814875040"><ele>0.62</ele><time>2025-11-14T02:09:42Z</time><extensions><gpxtpx:TrackPointExtension><gpxtpx:cad>0</gpxtpx:cad></gpxtpx:TrackPointExtension></extensions></trkpt><trkpt lat="15.3967238870" lon="73.7816257216"><ele>0.14</ele><time>2025-11-14T02:09:47Z</time><extensions><gpxtpx:TrackPointExtension><gpxtpx:cad>0</gpxtpx:cad></gpxtpx:TrackPointExtension></extensions></trkpt><trkpt lat="15.3966520540" lon="73.7817713991"><ele>0.14</ele><time>2025-11-14T02:09:52Z</time><extensions><gpxtpx:TrackPointExtension><gpxtpx:cad>0</gpxtpx:cad></gpxtpx:TrackPointExtension></extensions></trkpt><trkpt lat="15.3965741023" lon="73.7818975467"><ele>0.14</ele><time>2025-11-14T02:09:57Z</time><extensions><gpxtpx:TrackPointExtension><gpxtpx:cad>0</gpxtpx:cad></gpxtpx:TrackPointExtension></extensions></trkpt><trkpt lat="15.3964863438" lon="73.7820289750"><ele>0.14</ele><time>2025-11-14T02:10:02Z</time><extensions><gpxtpx:TrackPointExtension><gpxtpx:cad>0</gpxtpx:cad></gpxtpx:TrackPointExtension></extensions></trkpt><trkpt lat="15.3963847551" lon="73.7821395323"><ele>-0.34</ele><time>2025-11-14T02:10:07Z</time><extensions><gpxtpx:TrackPointExtension><gpxtpx:cad>0</gpxtpx:cad></gpxtpx:TrackPointExtension></extensions></trkpt><trkpt lat="15.3962816577" lon="73.7822544482"><ele>0.14</ele><time>2025-11-14T02:10:12Z</time><extensions><gpxtpx:TrackPointExtension><gpxtpx:cad>0</gpxtpx:cad></gpxtpx:TrackPointExtension></extensions></trkpt><trkpt lat="15.3961954080" lon="73.7823831942"><ele>0.62</ele><time>2025-11-14T02:10:17Z</time><extensions><gpxtpx:TrackPointExtension><gpxtpx:cad>0</gpxtpx:cad></gpxtpx:TrackPointExtension></extensions></trkpt><trkpt lat="15.3961272631" lon="73.7825119402"><ele>0.62</ele><time>2025-11-14T02:10:22Z</time><extensions><gpxtpx:TrackPointExtension><gpxtpx:cad>0</gpxtpx:cad></gpxtpx:TrackPointExtension></extensions></trkpt><trkpt lat="15.3960501496" lon="73.7826496549"><ele>0.62</ele><time>2025-11-14T02:10:27Z</time><extensions><gpxtpx:TrackPointExtension><gpxtpx:cad>0</gpxtpx:cad></gpxtpx:TrackPointExtension></extensions></trkpt><trkpt lat="15.3959761374" lon="73.7827833463"><ele>0.62</ele><time>2025-11-14T02:10:32Z</time><extensions><gpxtpx:TrackPointExtension><gpxtpx:cad>0</gpxtpx:cad></gpxtpx:TrackPointExtension></extensions></trkpt><trkpt lat="15.3958961740" lon="73.7829186302"><ele>0.62</ele><time>2025-11-14T02:10:37Z</time><extensions><gpxtpx:TrackPointExtension><gpxtpx:cad>0</gpxtpx:cad></gpxtpx:TrackPointExtension></extensions></trkpt><trkpt lat="15.3958141152" lon="73.7830485497"><ele>0.14</ele><time>2025-11-14T02:10:42Z</time><extensions><gpxtpx:TrackPointExtension><gpxtpx:cad>0</gpxtpx:cad></gpxtpx:TrackPointExtension></extensions></trkpt><trkpt lat="15.3957247641" lon="73.7831797265"><ele>0.14</ele><time>2025-11-14T02:10:47Z</time><extensions><gpxtpx:TrackPointExtension><gpxtpx:cad>0</gpxtpx:cad></gpxtpx:TrackPointExtension></extensions></trkpt><trkpt lat="15.3956325632" lon="73.7832946423"><ele>-0.34</ele><time>2025-11-14T02:10:52Z</time><extensions><gpxtpx:TrackPointExtension><gpxtpx:cad>0</gpxtpx:cad></gpxtpx:TrackPointExtension></extensions></trkpt><trkpt lat="15.3955318965" lon="73.7834181078"><ele>-0.34</ele><time>2025-11-14T02:10:57Z</time><extensions><gpxtpx:TrackPointExtension><gpxtpx:cad>0</gpxtpx:cad></gpxtpx:TrackPointExtension></extensions></trkpt><trkpt lat="15.3954353370" lon="73.7835396454"><ele>-0.34</ele><time>2025-11-14T02:11:02Z</time><extensions><gpxtpx:TrackPointExtension><gpxtpx:cad>0</gpxtpx:cad></gpxtpx:TrackPointExtension></extensions></trkpt><trkpt lat="15.3953505121" lon="73.7836731691"><ele>-0.82</ele><time>2025-11-14T02:11:07Z</time><extensions><gpxtpx:TrackPointExtension><gpxtpx:cad>0</gpxtpx:cad></gpxtpx:TrackPointExtension></extensions></trkpt><trkpt lat="15.3952869773" lon="73.7838139012"><ele>-0.82</ele><time>2025-11-14T02:11:12Z</time><extensions><gpxtpx:TrackPointExtension><gpxtpx:cad>0</gpxtpx:cad></gpxtpx:TrackPointExtension></extensions></trkpt><trkpt lat="15.3952239454" lon="73.7839558069"><ele>-0.82</ele><time>2025-11-14T02:11:17Z</time><extensions><gpxtpx:TrackPointExtension><gpxtpx:cad>0</gpxtpx:cad></gpxtpx:TrackPointExtension></extensions></trkpt><trkpt lat="15.3951626737" lon="73.7841050047"><ele>-0.82</ele><time>2025-11-14T02:11:22Z</time><extensions><gpxtpx:TrackPointExtension><gpxtpx:cad>0</gpxtpx:cad></gpxtpx:TrackPointExtension></extensions></trkpt><trkpt lat="15.3951081913" lon="73.7842497602"><ele>-0.82</ele><time>2025-11-14T02:11:27Z</time><extensions><gpxtpx:TrackPointExtension><gpxtpx:cad>0</gpxtpx:cad></gpxtpx:TrackPointExtension></extensions></trkpt><trkpt lat="15.3950541280" lon="73.7844001316"><ele>-0.82</ele><time>2025-11-14T02:11:32Z</time><extensions><gpxtpx:TrackPointExtension><gpxtpx:cad>0</gpxtpx:cad></gpxtpx:TrackPointExtension></extensions></trkpt><trkpt lat="15.3949986398" lon="73.7845391873"><ele>-0.82</ele><time>2025-11-14T02:11:37Z</time><extensions><gpxtpx:TrackPointExtension><gpxtpx:cad>0</gpxtpx:cad></gpxtpx:TrackPointExtension></extensions></trkpt><trkpt lat="15.3949394636" lon="73.7846841943"><ele>-0.34</ele><time>2025-11-14T02:11:42Z</time><extensions><gpxtpx:TrackPointExtension><gpxtpx:cad>0</gpxtpx:cad></gpxtpx:TrackPointExtension></extensions></trkpt><trkpt lat="15.3948755935" lon="73.7848276924"><ele>-0.34</ele><time>2025-11-14T02:11:47Z</time><extensions><gpxtpx:TrackPointExtension><gpxtpx:cad>0</gpxtpx:cad></gpxtpx:TrackPointExtension></extensions></trkpt><trkpt lat="15.3948040120" lon="73.7849669997"><ele>-0.34</ele><time>2025-11-14T02:11:52Z</time><extensions><gpxtpx:TrackPointExtension><gpxtpx:cad>0</gpxtpx:cad></gpxtpx:TrackPointExtension></extensions></trkpt><trkpt lat="15.3947284911" lon="73.7851087376"><ele>-0.34</ele><time>2025-11-14T02:11:57Z</time><extensions><gpxtpx:TrackPointExtension><gpxtpx:cad>0</gpxtpx:cad></gpxtpx:TrackPointExtension></extensions></trkpt><trkpt lat="15.3946636990" lon="73.7852540798"><ele>-0.34</ele><time>2025-11-14T02:12:02Z</time><extensions><gpxtpx:TrackPointExtension><gpxtpx:cad>0</gpxtpx:cad></gpxtpx:TrackPointExtension></extensions></trkpt><trkpt lat="15.3946016729" lon="73.7854059599"><ele>-0.34</ele><time>2025-11-14T02:12:07Z</time><extensions><gpxtpx:TrackPointExtension><gpxtpx:cad>0</gpxtpx:cad></gpxtpx:TrackPointExtension></extensions></trkpt><trkpt lat="15.3945425805" lon="73.7855529785"><ele>-0.82</ele><time>2025-11-14T02:12:12Z</time><extensions><gpxtpx:TrackPointExtension><gpxtpx:cad>0</gpxtpx:cad></gpxtpx:TrackPointExtension></extensions></trkpt><trkpt lat="15.3944770340" lon="73.7857139111"><ele>-0.34</ele><time>2025-11-14T02:12:17Z</time><extensions><gpxtpx:TrackPointExtension><gpxtpx:cad>0</gpxtpx:cad></gpxtpx:TrackPointExtension></extensions></trkpt><trkpt lat="15.3944136668" lon="73.7858600914"><ele>-0.82</ele><time>2025-11-14T02:12:22Z</time><extensions><gpxtpx:TrackPointExtension><gpxtpx:cad>0</gpxtpx:cad></gpxtpx:TrackPointExtension></extensions></trkpt><trkpt lat="15.3943474498" lon="73.7860056851"><ele>-0.82</ele><time>2025-11-14T02:12:27Z</time><extensions><gpxtpx:TrackPointExtension><gpxtpx:cad>0</gpxtpx:cad></gpxtpx:TrackPointExtension></extensions></trkpt><trkpt lat="15.3942818195" lon="73.7861523684"><ele>-0.82</ele><time>2025-11-14T02:12:32Z</time><extensions><gpxtpx:TrackPointExtension><gpxtpx:cad>0</gpxtpx:cad></gpxtpx:TrackPointExtension></extensions></trkpt><trkpt lat="15.3942113277" lon="73.7862980459"><ele>-0.34</ele><time>2025-11-14T02:12:37Z</time><extensions><gpxtpx:TrackPointExtension><gpxtpx:cad>0</gpxtpx:cad></gpxtpx:TrackPointExtension></extensions></trkpt><trkpt lat="15.3941398300" lon="73.7864384428"><ele>-0.34</ele><time>2025-11-14T02:12:42Z</time><extensions><gpxtpx:TrackPointExtension><gpxtpx:cad>0</gpxtpx:cad></gpxtpx:TrackPointExtension></extensions></trkpt><trkpt lat="15.3940692544" lon="73.7865822762"><ele>-0.34</ele><time>2025-11-14T02:12:47Z</time><extensions><gpxtpx:TrackPointExtension><gpxtpx:cad>0</gpxtpx:cad></gpxtpx:TrackPointExtension></extensions></trkpt><trkpt lat="15.3940088209" lon="73.7867293786"><ele>-0.82</ele><time>2025-11-14T02:12:52Z</time><extensions><gpxtpx:TrackPointExtension><gpxtpx:cad>0</gpxtpx:cad></gpxtpx:TrackPointExtension></extensions></trkpt><trkpt lat="15.3939371556" lon="73.7868712842"><ele>-0.34</ele><time>2025-11-14T02:12:57Z</time><extensions><gpxtpx:TrackPointExtension><gpxtpx:cad>0</gpxtpx:cad></gpxtpx:TrackPointExtension></extensions></trkpt><trkpt lat="15.3938711062" lon="73.7870205659"><ele>-0.34</ele><time>2025-11-14T02:13:02Z</time><extensions><gpxtpx:TrackPointExtension><gpxtpx:cad>0</gpxtpx:cad></gpxtpx:TrackPointExtension></extensions></trkpt><trkpt lat="15.3938142769" lon="73.7871659081"><ele>-0.82</ele><time>2025-11-14T02:13:07Z</time><extensions><gpxtpx:TrackPointExtension><gpxtpx:cad>0</gpxtpx:cad></gpxtpx:TrackPointExtension></extensions></trkpt><trkpt lat="15.3937527537" lon="73.7873234041"><ele>-0.82</ele><time>2025-11-14T02:13:12Z</time><extensions><gpxtpx:TrackPointExtension><gpxtpx:cad>0</gpxtpx:cad></gpxtpx:TrackPointExtension></extensions></trkpt><trkpt lat="15.3936979361" lon="73.7874689978"><ele>-0.82</ele><time>2025-11-14T02:13:17Z</time><extensions><gpxtpx:TrackPointExtension><gpxtpx:cad>0</gpxtpx:cad></gpxtpx:TrackPointExtension></extensions></trkpt><trkpt lat="15.3936426155" lon="73.7876280025"><ele>-0.82</ele><time>2025-11-14T02:13:22Z</time><extensions><gpxtpx:TrackPointExtension><gpxtpx:cad>0</gpxtpx:cad></gpxtpx:TrackPointExtension></extensions></trkpt><trkpt lat="15.3935842775" lon="73.7877776194"><ele>-0.82</ele><time>2025-11-14T02:13:27Z</time><extensions><gpxtpx:TrackPointExtension><gpxtpx:cad>0</gpxtpx:cad></gpxtpx:TrackPointExtension></extensions></trkpt><trkpt lat="15.3935343213" lon="73.7879328523"><ele>-0.34</ele><time>2025-11-14T02:13:32Z</time><extensions><gpxtpx:TrackPointExtension><gpxtpx:cad>0</gpxtpx:cad></gpxtpx:TrackPointExtension></extensions></trkpt><trkpt lat="15.3934848681" lon="73.7880876660"><ele>-0.34</ele><time>2025-11-14T02:13:37Z</time><extensions><gpxtpx:TrackPointExtension><gpxtpx:cad>0</gpxtpx:cad></gpxtpx:TrackPointExtension></extensions></trkpt><trkpt lat="15.3934360016" lon="73.7882465869"><ele>-0.34</ele><time>2025-11-14T02:13:42Z</time><extensions><gpxtpx:TrackPointExtension><gpxtpx:cad>0</gpxtpx:cad></gpxtpx:TrackPointExtension></extensions></trkpt><trkpt lat="15.3933884762" lon="73.7884003948"><ele>-0.34</ele><time>2025-11-14T02:13:47Z</time><extensions><gpxtpx:TrackPointExtension><gpxtpx:cad>0</gpxtpx:cad></gpxtpx:TrackPointExtension></extensions></trkpt><trkpt lat="15.3933366761" lon="73.7885562982"><ele>-0.34</ele><time>2025-11-14T02:13:52Z</time><extensions><gpxtpx:TrackPointExtension><gpxtpx:cad>0</gpxtpx:cad></gpxtpx:TrackPointExtension></extensions></trkpt><trkpt lat="15.3932827804" lon="73.7887132913"><ele>-0.82</ele><time>2025-11-14T02:13:57Z</time><extensions><gpxtpx:TrackPointExtension><gpxtpx:cad>0</gpxtpx:cad></gpxtpx:TrackPointExtension></extensions></trkpt><trkpt lat="15.3932361770" lon="73.7888585497"><ele>-0.82</ele><time>2025-11-14T02:14:02Z</time><extensions><gpxtpx:TrackPointExtension><gpxtpx:cad>0</gpxtpx:cad></gpxtpx:TrackPointExtension></extensions></trkpt><trkpt lat="15.3931844607" lon="73.7890173867"><ele>-0.34</ele><time>2025-11-14T02:14:07Z</time><extensions><gpxtpx:TrackPointExtension><gpxtpx:cad>0</gpxtpx:cad></gpxtpx:TrackPointExtension></extensions></trkpt><trkpt lat="15.3931348398" lon="73.7891658302"><ele>-0.34</ele><time>2025-11-14T02:14:12Z</time><extensions><gpxtpx:TrackPointExtension><gpxtpx:cad>0</gpxtpx:cad></gpxtpx:TrackPointExtension></extensions></trkpt><trkpt lat="15.3930814471" lon="73.7893204764"><ele>-0.34</ele><time>2025-11-14T02:14:17Z</time><extensions><gpxtpx:TrackPointExtension><gpxtpx:cad>0</gpxtpx:cad></gpxtpx:TrackPointExtension></extensions></trkpt><trkpt lat="15.3930281382" lon="73.7894683331"><ele>-0.34</ele><time>2025-11-14T02:14:22Z</time><extensions><gpxtpx:TrackPointExtension><gpxtpx:cad>0</gpxtpx:cad></gpxtpx:TrackPointExtension></extensions></trkpt><trkpt lat="15.3929803614" lon="73.7896346301"><ele>-0.34</ele><time>2025-11-14T02:14:27Z</time><extensions><gpxtpx:TrackPointExtension><gpxtpx:cad>0</gpxtpx:cad></gpxtpx:TrackPointExtension></extensions></trkpt><trkpt lat="15.3929390386" lon="73.7897888571"><ele>0.14</ele><time>2025-11-14T02:14:32Z</time><extensions><gpxtpx:TrackPointExtension><gpxtpx:cad>0</gpxtpx:cad></gpxtpx:TrackPointExtension></extensions></trkpt><trkpt lat="15.3928915970" lon="73.7899487838"><ele>0.14</ele><time>2025-11-14T02:14:37Z</time><extensions><gpxtpx:TrackPointExtension><gpxtpx:cad>0</gpxtpx:cad></gpxtpx:TrackPointExtension></extensions></trkpt><trkpt lat="15.3928364441" lon="73.7901005801"><ele>-0.34</ele><time>2025-11-14T02:14:42Z</time><extensions><gpxtpx:TrackPointExtension><gpxtpx:cad>0</gpxtpx:cad></gpxtpx:TrackPointExtension></extensions></trkpt><trkpt lat="15.3927657846" lon="73.7902511191"><ele>-0.34</ele><time>2025-11-14T02:14:47Z</time><extensions><gpxtpx:TrackPointExtension><gpxtpx:cad>0</gpxtpx:cad></gpxtpx:TrackPointExtension></extensions></trkpt><trkpt lat="15.3926997352" lon="73.7904001493"><ele>0.14</ele><time>2025-11-14T02:14:52Z</time><extensions><gpxtpx:TrackPointExtension><gpxtpx:cad>0</gpxtpx:cad></gpxtpx:TrackPointExtension></extensions></trkpt><trkpt lat="15.3926404752" lon="73.7905483413"><ele>0.14</ele><time>2025-11-14T02:14:57Z</time><extensions><gpxtpx:TrackPointExtension><gpxtpx:cad>0</gpxtpx:cad></gpxtpx:TrackPointExtension></extensions></trkpt><trkpt lat="15.3925925307" lon="73.7907076813"><ele>0.14</ele><time>2025-11-14T02:15:02Z</time><extensions><gpxtpx:TrackPointExtension><gpxtpx:cad>0</gpxtpx:cad></gpxtpx:TrackPointExtension></extensions></trkpt><trkpt lat="15.3925510403" lon="73.7908646744"><ele>0.14</ele><time>2025-11-14T02:15:07Z</time><extensions><gpxtpx:TrackPointExtension><gpxtpx:cad>0</gpxtpx:cad></gpxtpx:TrackPointExtension></extensions></trkpt><trkpt lat="15.3925051074" lon="73.7910163868"><ele>0.62</ele><time>2025-11-14T02:15:12Z</time><extensions><gpxtpx:TrackPointExtension><gpxtpx:cad>0</gpxtpx:cad></gpxtpx:TrackPointExtension></extensions></trkpt><trkpt lat="15.3924622759" lon="73.7911650818"><ele>0.62</ele><time>2025-11-14T02:15:17Z</time><extensions><gpxtpx:TrackPointExtension><gpxtpx:cad>0</gpxtpx:cad></gpxtpx:TrackPointExtension></extensions></trkpt><trkpt lat="15.3924134932" lon="73.7913262658"><ele>0.14</ele><time>2025-11-14T02:15:22Z</time><extensions><gpxtpx:TrackPointExtension><gpxtpx:cad>0</gpxtpx:cad></gpxtpx:TrackPointExtension></extensions></trkpt><trkpt lat="15.3923647944" lon="73.7914757989"><ele>0.14</ele><time>2025-11-14T02:15:27Z</time><extensions><gpxtpx:TrackPointExtension><gpxtpx:cad>0</gpxtpx:cad></gpxtpx:TrackPointExtension></extensions></trkpt><trkpt lat="15.3923158441" lon="73.7916306127"><ele>0.62</ele><time>2025-11-14T02:15:32Z</time><extensions><gpxtpx:TrackPointExtension><gpxtpx:cad>0</gpxtpx:cad></gpxtpx:TrackPointExtension></extensions></trkpt><trkpt lat="15.3922671452" lon="73.7917820737"><ele>0.62</ele><time>2025-11-14T02:15:37Z</time><extensions><gpxtpx:TrackPointExtension><gpxtpx:cad>0</gpxtpx:cad></gpxtpx:TrackPointExtension></extensions></trkpt><trkpt lat="15.3922217153" lon="73.7919347920"><ele>0.62</ele><time>2025-11-14T02:15:42Z</time><extensions><gpxtpx:TrackPointExtension><gpxtpx:cad>0</gpxtpx:cad></gpxtpx:TrackPointExtension></extensions></trkpt><trkpt lat="15.3921803925" lon="73.7920942996"><ele>0.14</ele><time>2025-11-14T02:15:47Z</time><extensions><gpxtpx:TrackPointExtension><gpxtpx:cad>0</gpxtpx:cad></gpxtpx:TrackPointExtension></extensions></trkpt><trkpt lat="15.3921380639" lon="73.7922451738"><ele>0.14</ele><time>2025-11-14T02:15:52Z</time><extensions><gpxtpx:TrackPointExtension><gpxtpx:cad>0</gpxtpx:cad></gpxtpx:TrackPointExtension></extensions></trkpt><trkpt lat="15.3920948133" lon="73.7924075313"><ele>0.14</ele><time>2025-11-14T02:15:57Z</time><extensions><gpxtpx:TrackPointExtension><gpxtpx:cad>0</gpxtpx:cad></gpxtpx:TrackPointExtension></extensions></trkpt><trkpt lat="15.3920534067" lon="73.7925618421"><ele>0.14</ele><time>2025-11-14T02:16:02Z</time><extensions><gpxtpx:TrackPointExtension><gpxtpx:cad>0</gpxtpx:cad></gpxtpx:TrackPointExtension></extensions></trkpt><trkpt lat="15.3920107428" lon="73.7927231938"><ele>0.14</ele><time>2025-11-14T02:16:07Z</time><extensions><gpxtpx:TrackPointExtension><gpxtpx:cad>0</gpxtpx:cad></gpxtpx:TrackPointExtension></extensions></trkpt><trkpt lat="15.3919783048" lon="73.7928788457"><ele>0.62</ele><time>2025-11-14T02:16:12Z</time><extensions><gpxtpx:TrackPointExtension><gpxtpx:cad>0</gpxtpx:cad></gpxtpx:TrackPointExtension></extensions></trkpt><trkpt lat="15.3919462860" lon="73.7930345815"><ele>0.14</ele><time>2025-11-14T02:16:17Z</time><extensions><gpxtpx:TrackPointExtension><gpxtpx:cad>0</gpxtpx:cad></gpxtpx:TrackPointExtension></extensions></trkpt><trkpt lat="15.3919100761" lon="73.7931880541"><ele>0.14</ele><time>2025-11-14T02:16:22Z</time><extensions><gpxtpx:TrackPointExtension><gpxtpx:cad>0</gpxtpx:cad></gpxtpx:TrackPointExtension></extensions></trkpt><trkpt lat="15.3918646462" lon="73.7933452986"><ele>0.14</ele><time>2025-11-14T02:16:27Z</time><extensions><gpxtpx:TrackPointExtension><gpxtpx:cad>0</gpxtpx:cad></gpxtpx:TrackPointExtension></extensions></trkpt><trkpt lat="15.3918231558" lon="73.7934996933"><ele>0.14</ele><time>2025-11-14T02:16:32Z</time><extensions><gpxtpx:TrackPointExtension><gpxtpx:cad>0</gpxtpx:cad></gpxtpx:TrackPointExtension></extensions></trkpt><trkpt lat="15.3917828389" lon="73.7936453708"><ele>-0.34</ele><time>2025-11-14T02:16:37Z</time><extensions><gpxtpx:TrackPointExtension><gpxtpx:cad>0</gpxtpx:cad></gpxtpx:TrackPointExtension></extensions></trkpt><trkpt lat="15.3917279374" lon="73.7938047107"><ele>0.14</ele><time>2025-11-14T02:16:42Z</time><extensions><gpxtpx:TrackPointExtension><gpxtpx:cad>0</gpxtpx:cad></gpxtpx:TrackPointExtension></extensions></trkpt><trkpt lat="15.3916655760" lon="73.7939564232"><ele>0.62</ele><time>2025-11-14T02:16:47Z</time><extensions><gpxtpx:TrackPointExtension><gpxtpx:cad>0</gpxtpx:cad></gpxtpx:TrackPointExtension></extensions></trkpt><trkpt lat="15.3916015383" lon="73.7941094767"><ele>1.58</ele><time>2025-11-14T02:16:52Z</time><extensions><gpxtpx:TrackPointExtension><gpxtpx:cad>0</gpxtpx:cad></gpxtpx:TrackPointExtension></extensions></trkpt><trkpt lat="15.3915419430" lon="73.7942488678"><ele>1.58</ele><time>2025-11-14T02:16:57Z</time><extensions><gpxtpx:TrackPointExtension><gpxtpx:cad>0</gpxtpx:cad></gpxtpx:TrackPointExtension></extensions></trkpt><trkpt lat="15.3914832696" lon="73.7944032624"><ele>1.58</ele><time>2025-11-14T02:17:02Z</time><extensions><gpxtpx:TrackPointExtension><gpxtpx:cad>0</gpxtpx:cad></gpxtpx:TrackPointExtension></extensions></trkpt><trkpt lat="15.3914206568" lon="73.7945434079"><ele>1.58</ele><time>2025-11-14T02:17:07Z</time><extensions><gpxtpx:TrackPointExtension><gpxtpx:cad>0</gpxtpx:cad></gpxtpx:TrackPointExtension></extensions></trkpt><trkpt lat="15.3913524281" lon="73.7947042566"><ele>1.58</ele><time>2025-11-14T02:17:12Z</time><extensions><gpxtpx:TrackPointExtension><gpxtpx:cad>0</gpxtpx:cad></gpxtpx:TrackPointExtension></extensions></trkpt><trkpt lat="15.3912889771" lon="73.7948511913"><ele>1.10</ele><time>2025-11-14T02:17:17Z</time><extensions><gpxtpx:TrackPointExtension><gpxtpx:cad>0</gpxtpx:cad></gpxtpx:TrackPointExtension></extensions></trkpt><trkpt lat="15.3912245203" lon="73.7950035743"><ele>1.58</ele><time>2025-11-14T02:17:22Z</time><extensions><gpxtpx:TrackPointExtension><gpxtpx:cad>0</gpxtpx:cad></gpxtpx:TrackPointExtension></extensions></trkpt><trkpt lat="15.3911621589" lon="73.7951489165"><ele>1.10</ele><time>2025-11-14T02:17:27Z</time><extensions><gpxtpx:TrackPointExtension><gpxtpx:cad>0</gpxtpx:cad></gpxtpx:TrackPointExtension></extensions></trkpt><trkpt lat="15.3910894040" lon="73.7952930853"><ele>1.10</ele><time>2025-11-14T02:17:32Z</time><extensions><gpxtpx:TrackPointExtension><gpxtpx:cad>0</gpxtpx:cad></gpxtpx:TrackPointExtension></extensions></trkpt><trkpt lat="15.3910176549" lon="73.7954367511"><ele>1.58</ele><time>2025-11-14T02:17:37Z</time><extensions><gpxtpx:TrackPointExtension><gpxtpx:cad>0</gpxtpx:cad></gpxtpx:TrackPointExtension></extensions></trkpt><trkpt lat="15.3909443971" lon="73.7955820933"><ele>1.58</ele><time>2025-11-14T02:17:42Z</time><extensions><gpxtpx:TrackPointExtension><gpxtpx:cad>0</gpxtpx:cad></gpxtpx:TrackPointExtension></extensions></trkpt><trkpt lat="15.3908783477" lon="73.7957201432"><ele>1.58</ele><time>2025-11-14T02:17:47Z</time><extensions><gpxtpx:TrackPointExtension><gpxtpx:cad>0</gpxtpx:cad></gpxtpx:TrackPointExtension></extensions></trkpt><trkpt lat="15.3908125497" lon="73.7958636414"><ele>1.58</ele><time>2025-11-14T02:17:52Z</time><extensions><gpxtpx:TrackPointExtension><gpxtpx:cad>0</gpxtpx:cad></gpxtpx:TrackPointExtension></extensions></trkpt><trkpt lat="15.3907496855" lon="73.7960136775"><ele>2.06</ele><time>2025-11-14T02:17:57Z</time><extensions><gpxtpx:TrackPointExtension><gpxtpx:cad>0</gpxtpx:cad></gpxtpx:TrackPointExtension></extensions></trkpt><trkpt lat="15.3906853963" lon="73.7961608637"><ele>2.06</ele><time>2025-11-14T02:18:02Z</time><extensions><gpxtpx:TrackPointExtension><gpxtpx:cad>0</gpxtpx:cad></gpxtpx:TrackPointExtension></extensions></trkpt><trkpt lat="15.3906197660" lon="73.7963039428"><ele>2.06</ele><time>2025-11-14T02:18:07Z</time><extensions><gpxtpx:TrackPointExtension><gpxtpx:cad>0</gpxtpx:cad></gpxtpx:TrackPointExtension></extensions></trkpt><trkpt lat="15.3905531298" lon="73.7964548171"><ele>2.06</ele><time>2025-11-14T02:18:12Z</time><extensions><gpxtpx:TrackPointExtension><gpxtpx:cad>0</gpxtpx:cad></gpxtpx:TrackPointExtension></extensions></trkpt><trkpt lat="15.3904878348" lon="73.7966050208"><ele>2.06</ele><time>2025-11-14T02:18:17Z</time><extensions><gpxtpx:TrackPointExtension><gpxtpx:cad>0</gpxtpx:cad></gpxtpx:TrackPointExtension></extensions></trkpt><trkpt lat="15.3904237133" lon="73.7967550568"><ele>2.06</ele><time>2025-11-14T02:18:22Z</time><extensions><gpxtpx:TrackPointExtension><gpxtpx:cad>0</gpxtpx:cad></gpxtpx:TrackPointExtension></extensions></trkpt><trkpt lat="15.3903595917" lon="73.7969080266"><ele>2.06</ele><time>2025-11-14T02:18:27Z</time><extensions><gpxtpx:TrackPointExtension><gpxtpx:cad>0</gpxtpx:cad></gpxtpx:TrackPointExtension></extensions></trkpt><trkpt lat="15.3902930394" lon="73.7970559672"><ele>1.58</ele><time>2025-11-14T02:18:32Z</time><extensions><gpxtpx:TrackPointExtension><gpxtpx:cad>0</gpxtpx:cad></gpxtpx:TrackPointExtension></extensions></trkpt><trkpt lat="15.3902217932" lon="73.7972035725"><ele>1.58</ele><time>2025-11-14T02:18:37Z</time><extensions><gpxtpx:TrackPointExtension><gpxtpx:cad>0</gpxtpx:cad></gpxtpx:TrackPointExtension></extensions></trkpt><trkpt lat="15.3901484516" lon="73.7973484956"><ele>1.58</ele><time>2025-11-14T02:18:42Z</time><extensions><gpxtpx:TrackPointExtension><gpxtpx:cad>0</gpxtpx:cad></gpxtpx:TrackPointExtension></extensions></trkpt><trkpt lat="15.3900768701" lon="73.7974930834"><ele>1.58</ele><time>2025-11-14T02:18:47Z</time><extensions><gpxtpx:TrackPointExtension><gpxtpx:cad>0</gpxtpx:cad></gpxtpx:TrackPointExtension></extensions></trkpt><trkpt lat="15.3900042828" lon="73.7976381741"><ele>1.58</ele><time>2025-11-14T02:18:52Z</time><extensions><gpxtpx:TrackPointExtension><gpxtpx:cad>0</gpxtpx:cad></gpxtpx:TrackPointExtension></extensions></trkpt><trkpt lat="15.3899318632" lon="73.7977805827"><ele>1.58</ele><time>2025-11-14T02:18:57Z</time><extensions><gpxtpx:TrackPointExtension><gpxtpx:cad>0</gpxtpx:cad></gpxtpx:TrackPointExtension></extensions></trkpt><trkpt lat="15.3898647241" lon="73.7979250029"><ele>1.58</ele><time>2025-11-14T02:19:02Z</time><extensions><gpxtpx:TrackPointExtension><gpxtpx:cad>0</gpxtpx:cad></gpxtpx:TrackPointExtension></extensions></trkpt><trkpt lat="15.3898004349" lon="73.7980666570"><ele>1.58</ele><time>2025-11-14T02:19:07Z</time><extensions><gpxtpx:TrackPointExtension><gpxtpx:cad>0</gpxtpx:cad></gpxtpx:TrackPointExtension></extensions></trkpt><trkpt lat="15.3897375707" lon="73.7982182018"><ele>1.58</ele><time>2025-11-14T02:19:12Z</time><extensions><gpxtpx:TrackPointExtension><gpxtpx:cad>0</gpxtpx:cad></gpxtpx:TrackPointExtension></extensions></trkpt><trkpt lat="15.3896761313" lon="73.7983617000"><ele>1.58</ele><time>2025-11-14T02:19:17Z</time><extensions><gpxtpx:TrackPointExtension><gpxtpx:cad>0</gpxtpx:cad></gpxtpx:TrackPointExtension></extensions></trkpt><trkpt lat="15.3896073997" lon="73.7985081319"><ele>1.58</ele><time>2025-11-14T02:19:22Z</time><extensions><gpxtpx:TrackPointExtension><gpxtpx:cad>0</gpxtpx:cad></gpxtpx:TrackPointExtension></extensions></trkpt><trkpt lat="15.3895300347" lon="73.7986474391"><ele>1.58</ele><time>2025-11-14T02:19:27Z</time><extensions><gpxtpx:TrackPointExtension><gpxtpx:cad>0</gpxtpx:cad></gpxtpx:TrackPointExtension></extensions></trkpt><trkpt lat="15.3894474730" lon="73.7987854052"><ele>2.06</ele><time>2025-11-14T02:19:32Z</time><extensions><gpxtpx:TrackPointExtension><gpxtpx:cad>0</gpxtpx:cad></gpxtpx:TrackPointExtension></extensions></trkpt><trkpt lat="15.3893676773" lon="73.7989218626"><ele>2.06</ele><time>2025-11-14T02:19:37Z</time><extensions><gpxtpx:TrackPointExtension><gpxtpx:cad>0</gpxtpx:cad></gpxtpx:TrackPointExtension></extensions></trkpt><trkpt lat="15.3892851155" lon="73.7990587391"><ele>2.06</ele><time>2025-11-14T02:19:42Z</time><extensions><gpxtpx:TrackPointExtension><gpxtpx:cad>0</gpxtpx:cad></gpxtpx:TrackPointExtension></extensions></trkpt><trkpt lat="15.3892027214" lon="73.7991956994"><ele>2.06</ele><time>2025-11-14T02:19:47Z</time><extensions><gpxtpx:TrackPointExtension><gpxtpx:cad>0</gpxtpx:cad></gpxtpx:TrackPointExtension></extensions></trkpt><trkpt lat="15.3891230933" lon="73.7993395329"><ele>2.06</ele><time>2025-11-14T02:19:52Z</time><extensions><gpxtpx:TrackPointExtension><gpxtpx:cad>0</gpxtpx:cad></gpxtpx:TrackPointExtension></extensions></trkpt><trkpt lat="15.3890435491" lon="73.7994770799"><ele>1.58</ele><time>2025-11-14T02:19:57Z</time><extensions><gpxtpx:TrackPointExtension><gpxtpx:cad>0</gpxtpx:cad></gpxtpx:TrackPointExtension></extensions></trkpt><trkpt lat="15.3889640886" lon="73.7996146269"><ele>1.58</ele><time>2025-11-14T02:20:02Z</time><extensions><gpxtpx:TrackPointExtension><gpxtpx:cad>0</gpxtpx:cad></gpxtpx:TrackPointExtension></extensions></trkpt><trkpt lat="15.3888770845" lon="73.7997575384"><ele>2.06</ele><time>2025-11-14T02:20:07Z</time><extensions><gpxtpx:TrackPointExtension><gpxtpx:cad>0</gpxtpx:cad></gpxtpx:TrackPointExtension></extensions></trkpt><trkpt lat="15.3887911700" lon="73.7998922355"><ele>1.58</ele><time>2025-11-14T02:20:12Z</time><extensions><gpxtpx:TrackPointExtension><gpxtpx:cad>0</gpxtpx:cad></gpxtpx:TrackPointExtension></extensions></trkpt><trkpt lat="15.3887002263" lon="73.8000234962"><ele>2.06</ele><time>2025-11-14T02:20:17Z</time><extensions><gpxtpx:TrackPointExtension><gpxtpx:cad>0</gpxtpx:cad></gpxtpx:TrackPointExtension></extensions></trkpt><trkpt lat="15.3886016551" lon="73.8001505658"><ele>2.06</ele><time>2025-11-14T02:20:22Z</time><extensions><gpxtpx:TrackPointExtension><gpxtpx:cad>0</gpxtpx:cad></gpxtpx:TrackPointExtension></extensions></trkpt><trkpt lat="15.3885102924" lon="73.8002767134"><ele>2.06</ele><time>2025-11-14T02:20:27Z</time><extensions><gpxtpx:TrackPointExtension><gpxtpx:cad>0</gpxtpx:cad></gpxtpx:TrackPointExtension></extensions></trkpt><trkpt lat="15.3884158283" lon="73.8004083093"><ele>2.06</ele><time>2025-11-14T02:20:32Z</time><extensions><gpxtpx:TrackPointExtension><gpxtpx:cad>0</gpxtpx:cad></gpxtpx:TrackPointExtension></extensions></trkpt><trkpt lat="15.3883237112" lon="73.8005391508"><ele>2.06</ele><time>2025-11-14T02:20:37Z</time><extensions><gpxtpx:TrackPointExtension><gpxtpx:cad>0</gpxtpx:cad></gpxtpx:TrackPointExtension></extensions></trkpt><trkpt lat="15.3882217035" lon="73.8006578386"><ele>2.06</ele><time>2025-11-14T02:20:42Z</time><extensions><gpxtpx:TrackPointExtension><gpxtpx:cad>0</gpxtpx:cad></gpxtpx:TrackPointExtension></extensions></trkpt><trkpt lat="15.3880988248" lon="73.8007533923"><ele>2.06</ele><time>2025-11-14T02:20:47Z</time><extensions><gpxtpx:TrackPointExtension><gpxtpx:cad>0</gpxtpx:cad></gpxtpx:TrackPointExtension></extensions></trkpt><trkpt lat="15.3879524767" lon="73.8008150831"><ele>2.54</ele><time>2025-11-14T02:20:52Z</time><extensions><gpxtpx:TrackPointExtension><gpxtpx:cad>0</gpxtpx:cad></gpxtpx:TrackPointExtension></extensions></trkpt><trkpt lat="15.3877953161" lon="73.8008470181"><ele>2.06</ele><time>2025-11-14T02:20:57Z</time><extensions><gpxtpx:TrackPointExtension><gpxtpx:cad>0</gpxtpx:cad></gpxtpx:TrackPointExtension></extensions></trkpt><trkpt lat="15.3876345512" lon="73.8008494489"><ele>2.54</ele><time>2025-11-14T02:21:02Z</time><extensions><gpxtpx:TrackPointExtension><gpxtpx:cad>0</gpxtpx:cad></gpxtpx:TrackPointExtension></extensions></trkpt><trkpt lat="15.3874742053" lon="73.8008310925"><ele>2.54</ele><time>2025-11-14T02:21:07Z</time><extensions><gpxtpx:TrackPointExtension><gpxtpx:cad>0</gpxtpx:cad></gpxtpx:TrackPointExtension></extensions></trkpt><trkpt lat="15.3873194754" lon="73.8008054439"><ele>2.54</ele><time>2025-11-14T02:21:12Z</time><extensions><gpxtpx:TrackPointExtension><gpxtpx:cad>0</gpxtpx:cad></gpxtpx:TrackPointExtension></extensions></trkpt><trkpt lat="15.3871620633" lon="73.8007692341"><ele>3.02</ele><time>2025-11-14T02:21:17Z</time><extensions><gpxtpx:TrackPointExtension><gpxtpx:cad>0</gpxtpx:cad></gpxtpx:TrackPointExtension></extensions></trkpt><trkpt lat="15.3870088421" lon="73.8007326890"><ele>3.02</ele><time>2025-11-14T02:21:22Z</time><extensions><gpxtpx:TrackPointExtension><gpxtpx:cad>0</gpxtpx:cad></gpxtpx:TrackPointExtension></extensions></trkpt><trkpt lat="15.3868541121" lon="73.8006843254"><ele>3.02</ele><time>2025-11-14T02:21:27Z</time><extensions><gpxtpx:TrackPointExtension><gpxtpx:cad>0</gpxtpx:cad></gpxtpx:TrackPointExtension></extensions></trkpt><trkpt lat="15.3866978735" lon="73.8006498758"><ele>3.02</ele><time>2025-11-14T02:21:32Z</time><extensions><gpxtpx:TrackPointExtension><gpxtpx:cad>0</gpxtpx:cad></gpxtpx:TrackPointExtension></extensions></trkpt><trkpt lat="15.3865410481" lon="73.8006147556"><ele>3.02</ele><time>2025-11-14T02:21:37Z</time><extensions><gpxtpx:TrackPointExtension><gpxtpx:cad>0</gpxtpx:cad></gpxtpx:TrackPointExtension></extensions></trkpt><trkpt lat="15.3863854799" lon="73.8005796354"><ele>2.54</ele><time>2025-11-14T02:21:42Z</time><extensions><gpxtpx:TrackPointExtension><gpxtpx:cad>0</gpxtpx:cad></gpxtpx:TrackPointExtension></extensions></trkpt><trkpt lat="15.3862333484" lon="73.8005326968"><ele>2.54</ele><time>2025-11-14T02:21:47Z</time><extensions><gpxtpx:TrackPointExtension><gpxtpx:cad>0</gpxtpx:cad></gpxtpx:TrackPointExtension></extensions></trkpt><trkpt lat="15.3860848211" lon="73.8004778791"><ele>2.54</ele><time>2025-11-14T02:21:52Z</time><extensions><gpxtpx:TrackPointExtension><gpxtpx:cad>0</gpxtpx:cad></gpxtpx:TrackPointExtension></extensions></trkpt><trkpt lat="15.3859347012" lon="73.8004156854"><ele>2.54</ele><time>2025-11-14T02:21:57Z</time><extensions><gpxtpx:TrackPointExtension><gpxtpx:cad>0</gpxtpx:cad></gpxtpx:TrackPointExtension></extensions></trkpt><trkpt lat="15.3857914545" lon="73.8003544975"><ele>2.06</ele><time>2025-11-14T02:22:02Z</time><extensions><gpxtpx:TrackPointExtension><gpxtpx:cad>0</gpxtpx:cad></gpxtpx:TrackPointExtension></extensions></trkpt><trkpt lat="15.3856438491" lon="73.8002992608"><ele>2.06</ele><time>2025-11-14T02:22:07Z</time><extensions><gpxtpx:TrackPointExtension><gpxtpx:cad>0</gpxtpx:cad></gpxtpx:TrackPointExtension></extensions></trkpt><trkpt lat="15.3854921367" lon="73.8002458680"><ele>2.06</ele><time>2025-11-14T02:22:12Z</time><extensions><gpxtpx:TrackPointExtension><gpxtpx:cad>0</gpxtpx:cad></gpxtpx:TrackPointExtension></extensions></trkpt><trkpt lat="15.3853407595" lon="73.8001984265"><ele>2.54</ele><time>2025-11-14T02:22:17Z</time><extensions><gpxtpx:TrackPointExtension><gpxtpx:cad>0</gpxtpx:cad></gpxtpx:TrackPointExtension></extensions></trkpt><trkpt lat="15.3851856943" lon="73.8001564331"><ele>2.54</ele><time>2025-11-14T02:22:22Z</time><extensions><gpxtpx:TrackPointExtension><gpxtpx:cad>0</gpxtpx:cad></gpxtpx:TrackPointExtension></extensions></trkpt><trkpt lat="15.3850322217" lon="73.8001169544"><ele>2.54</ele><time>2025-11-14T02:22:27Z</time><extensions><gpxtpx:TrackPointExtension><gpxtpx:cad>0</gpxtpx:cad></gpxtpx:TrackPointExtension></extensions></trkpt><trkpt lat="15.3848775756" lon="73.8000700995"><ele>2.54</ele><time>2025-11-14T02:22:32Z</time><extensions><gpxtpx:TrackPointExtension><gpxtpx:cad>0</gpxtpx:cad></gpxtpx:TrackPointExtension></extensions></trkpt><trkpt lat="15.3847247735" lon="73.8000245858"><ele>2.54</ele><time>2025-11-14T02:22:37Z</time><extensions><gpxtpx:TrackPointExtension><gpxtpx:cad>0</gpxtpx:cad></gpxtpx:TrackPointExtension></extensions></trkpt><trkpt lat="15.3845641762" lon="73.7999835983"><ele>2.54</ele><time>2025-11-14T02:22:42Z</time><extensions><gpxtpx:TrackPointExtension><gpxtpx:cad>0</gpxtpx:cad></gpxtpx:TrackPointExtension></extensions></trkpt><trkpt lat="15.3844025731" lon="73.7999460474"><ele>2.06</ele><time>2025-11-14T02:22:47Z</time><extensions><gpxtpx:TrackPointExtension><gpxtpx:cad>0</gpxtpx:cad></gpxtpx:TrackPointExtension></extensions></trkpt><trkpt lat="15.3842453286" lon="73.7999052275"><ele>2.06</ele><time>2025-11-14T02:22:52Z</time><extensions><gpxtpx:TrackPointExtension><gpxtpx:cad>0</gpxtpx:cad></gpxtpx:TrackPointExtension></extensions></trkpt><trkpt lat="15.3840980586" lon="73.7998669222"><ele>2.54</ele><time>2025-11-14T02:22:57Z</time><extensions><gpxtpx:TrackPointExtension><gpxtpx:cad>0</gpxtpx:cad></gpxtpx:TrackPointExtension></extensions></trkpt><trkpt lat="15.3839429934" lon="73.7998184748"><ele>2.06</ele><time>2025-11-14T02:23:02Z</time><extensions><gpxtpx:TrackPointExtension><gpxtpx:cad>0</gpxtpx:cad></gpxtpx:TrackPointExtension></extensions></trkpt><trkpt lat="15.3837887663" lon="73.7997717038"><ele>1.10</ele><time>2025-11-14T02:23:07Z</time><extensions><gpxtpx:TrackPointExtension><gpxtpx:cad>0</gpxtpx:cad></gpxtpx:TrackPointExtension></extensions></trkpt><trkpt lat="15.3836354613" lon="73.7997308839"><ele>1.10</ele><time>2025-11-14T02:23:12Z</time><extensions><gpxtpx:TrackPointExtension><gpxtpx:cad>0</gpxtpx:cad></gpxtpx:TrackPointExtension></extensions></trkpt><trkpt lat="15.3834805638" lon="73.7996864598"><ele>1.10</ele><time>2025-11-14T02:23:17Z</time><extensions><gpxtpx:TrackPointExtension><gpxtpx:cad>0</gpxtpx:cad></gpxtpx:TrackPointExtension></extensions></trkpt><trkpt lat="15.3833274264" lon="73.7996483222"><ele>1.58</ele><time>2025-11-14T02:23:22Z</time><extensions><gpxtpx:TrackPointExtension><gpxtpx:cad>0</gpxtpx:cad></gpxtpx:TrackPointExtension></extensions></trkpt><trkpt lat="15.3831709363" lon="73.7996176444"><ele>1.58</ele><time>2025-11-14T02:23:27Z</time><extensions><gpxtpx:TrackPointExtension><gpxtpx:cad>0</gpxtpx:cad></gpxtpx:TrackPointExtension></extensions></trkpt><trkpt lat="15.3830163740" lon="73.7995919958"><ele>2.06</ele><time>2025-11-14T02:23:32Z</time><extensions><gpxtpx:TrackPointExtension><gpxtpx:cad>0</gpxtpx:cad></gpxtpx:TrackPointExtension></extensions></trkpt><trkpt lat="15.3828570340" lon="73.7995696161"><ele>2.54</ele><time>2025-11-14T02:23:37Z</time><extensions><gpxtpx:TrackPointExtension><gpxtpx:cad>0</gpxtpx:cad></gpxtpx:TrackPointExtension></extensions></trkpt><trkpt lat="15.3826992027" lon="73.7995469850"><ele>2.54</ele><time>2025-11-14T02:23:42Z</time><extensions><gpxtpx:TrackPointExtension><gpxtpx:cad>0</gpxtpx:cad></gpxtpx:TrackPointExtension></extensions></trkpt><trkpt lat="15.3825414553" lon="73.7995253596"><ele>2.06</ele><time>2025-11-14T02:23:47Z</time><extensions><gpxtpx:TrackPointExtension><gpxtpx:cad>0</gpxtpx:cad></gpxtpx:TrackPointExtension></extensions></trkpt><trkpt lat="15.3823837079" lon="73.7995099369"><ele>2.06</ele><time>2025-11-14T02:23:52Z</time><extensions><gpxtpx:TrackPointExtension><gpxtpx:cad>0</gpxtpx:cad></gpxtpx:TrackPointExtension></extensions></trkpt><trkpt lat="15.3822267987" lon="73.7994970288"><ele>2.06</ele><time>2025-11-14T02:23:57Z</time><extensions><gpxtpx:TrackPointExtension><gpxtpx:cad>0</gpxtpx:cad></gpxtpx:TrackPointExtension></extensions></trkpt><trkpt lat="15.3820662014" lon="73.7994875573"><ele>2.06</ele><time>2025-11-14T02:24:02Z</time><extensions><gpxtpx:TrackPointExtension><gpxtpx:cad>0</gpxtpx:cad></gpxtpx:TrackPointExtension></extensions></trkpt><trkpt lat="15.3819092922" lon="73.7994821090"><ele>2.06</ele><time>2025-11-14T02:24:07Z</time><extensions><gpxtpx:TrackPointExtension><gpxtpx:cad>0</gpxtpx:cad></gpxtpx:TrackPointExtension></extensions></trkpt><trkpt lat="15.3817510419" lon="73.7994844560"><ele>1.58</ele><time>2025-11-14T02:24:12Z</time><extensions><gpxtpx:TrackPointExtension><gpxtpx:cad>0</gpxtpx:cad></gpxtpx:TrackPointExtension></extensions></trkpt><trkpt lat="15.3815922048" lon="73.7994873058"><ele>1.58</ele><time>2025-11-14T02:24:17Z</time><extensions><gpxtpx:TrackPointExtension><gpxtpx:cad>0</gpxtpx:cad></gpxtpx:TrackPointExtension></extensions></trkpt><trkpt lat="15.3814363014" lon="73.7995053269"><ele>1.58</ele><time>2025-11-14T02:24:22Z</time><extensions><gpxtpx:TrackPointExtension><gpxtpx:cad>0</gpxtpx:cad></gpxtpx:TrackPointExtension></extensions></trkpt><trkpt lat="15.3812808171" lon="73.7995354179"><ele>1.58</ele><time>2025-11-14T02:24:27Z</time><extensions><gpxtpx:TrackPointExtension><gpxtpx:cad>0</gpxtpx:cad></gpxtpx:TrackPointExtension></extensions></trkpt><trkpt lat="15.3811244946" lon="73.7995645870"><ele>1.58</ele><time>2025-11-14T02:24:32Z</time><extensions><gpxtpx:TrackPointExtension><gpxtpx:cad>0</gpxtpx:cad></gpxtpx:TrackPointExtension></extensions></trkpt><trkpt lat="15.3809643164" lon="73.7995724659"><ele>1.58</ele><time>2025-11-14T02:24:37Z</time><extensions><gpxtpx:TrackPointExtension><gpxtpx:cad>0</gpxtpx:cad></gpxtpx:TrackPointExtension></extensions></trkpt><trkpt lat="15.3808038868" lon="73.7995713763"><ele>1.58</ele><time>2025-11-14T02:24:42Z</time><extensions><gpxtpx:TrackPointExtension><gpxtpx:cad>0</gpxtpx:cad></gpxtpx:TrackPointExtension></extensions></trkpt><trkpt lat="15.3806411941" lon="73.7995712925"><ele>1.58</ele><time>2025-11-14T02:24:47Z</time><extensions><gpxtpx:TrackPointExtension><gpxtpx:cad>0</gpxtpx:cad></gpxtpx:TrackPointExtension></extensions></trkpt><trkpt lat="15.3804779146" lon="73.7995569594"><ele>1.58</ele><time>2025-11-14T02:24:52Z</time><extensions><gpxtpx:TrackPointExtension><gpxtpx:cad>0</gpxtpx:cad></gpxtpx:TrackPointExtension></extensions></trkpt><trkpt lat="15.3803173173" lon="73.7995500863"><ele>1.58</ele><time>2025-11-14T02:24:57Z</time><extensions><gpxtpx:TrackPointExtension><gpxtpx:cad>0</gpxtpx:cad></gpxtpx:TrackPointExtension></extensions></trkpt><trkpt lat="15.3801551275" lon="73.7995571271"><ele>1.58</ele><time>2025-11-14T02:25:02Z</time><extensions><gpxtpx:TrackPointExtension><gpxtpx:cad>0</gpxtpx:cad></gpxtpx:TrackPointExtension></extensions></trkpt><trkpt lat="15.3799935244" lon="73.7995712087"><ele>2.06</ele><time>2025-11-14T02:25:07Z</time><extensions><gpxtpx:TrackPointExtension><gpxtpx:cad>0</gpxtpx:cad></gpxtpx:TrackPointExtension></extensions></trkpt><trkpt lat="15.3798307478" lon="73.7995759025"><ele>2.06</ele><time>2025-11-14T02:25:12Z</time><extensions><gpxtpx:TrackPointExtension><gpxtpx:cad>0</gpxtpx:cad></gpxtpx:TrackPointExtension></extensions></trkpt><trkpt lat="15.3796704020" lon="73.7995795067"><ele>2.06</ele><time>2025-11-14T02:25:17Z</time><extensions><gpxtpx:TrackPointExtension><gpxtpx:cad>0</gpxtpx:cad></gpxtpx:TrackPointExtension></extensions></trkpt><trkpt lat="15.3795083798" lon="73.7995893974"><ele>2.54</ele><time>2025-11-14T02:25:22Z</time><extensions><gpxtpx:TrackPointExtension><gpxtpx:cad>0</gpxtpx:cad></gpxtpx:TrackPointExtension></extensions></trkpt><trkpt lat="15.3793509677" lon="73.7996077538"><ele>2.54</ele><time>2025-11-14T02:25:27Z</time><extensions><gpxtpx:TrackPointExtension><gpxtpx:cad>0</gpxtpx:cad></gpxtpx:TrackPointExtension></extensions></trkpt><trkpt lat="15.3791968245" lon="73.7996374257"><ele>2.06</ele><time>2025-11-14T02:25:32Z</time><extensions><gpxtpx:TrackPointExtension><gpxtpx:cad>0</gpxtpx:cad></gpxtpx:TrackPointExtension></extensions></trkpt><trkpt lat="15.3790389933" lon="73.7996691093"><ele>1.58</ele><time>2025-11-14T02:25:37Z</time><extensions><gpxtpx:TrackPointExtension><gpxtpx:cad>0</gpxtpx:cad></gpxtpx:TrackPointExtension></extensions></trkpt><trkpt lat="15.3788804077" lon="73.7997023854"><ele>1.58</ele><time>2025-11-14T02:25:42Z</time><extensions><gpxtpx:TrackPointExtension><gpxtpx:cad>0</gpxtpx:cad></gpxtpx:TrackPointExtension></extensions></trkpt><trkpt lat="15.3787211515" lon="73.7997361645"><ele>1.58</ele><time>2025-11-14T02:25:47Z</time><extensions><gpxtpx:TrackPointExtension><gpxtpx:cad>0</gpxtpx:cad></gpxtpx:TrackPointExtension></extensions></trkpt><trkpt lat="15.3785636555" lon="73.7997649983"><ele>1.10</ele><time>2025-11-14T02:25:52Z</time><extensions><gpxtpx:TrackPointExtension><gpxtpx:cad>0</gpxtpx:cad></gpxtpx:TrackPointExtension></extensions></trkpt><trkpt lat="15.3784073330" lon="73.7997950893"><ele>1.10</ele><time>2025-11-14T02:25:57Z</time><extensions><gpxtpx:TrackPointExtension><gpxtpx:cad>0</gpxtpx:cad></gpxtpx:TrackPointExtension></extensions></trkpt><trkpt lat="15.3782480769" lon="73.7998299580"><ele>1.10</ele><time>2025-11-14T02:26:02Z</time><extensions><gpxtpx:TrackPointExtension><gpxtpx:cad>0</gpxtpx:cad></gpxtpx:TrackPointExtension></extensions></trkpt><trkpt lat="15.3780855518" lon="73.7998683471"><ele>1.10</ele><time>2025-11-14T02:26:07Z</time><extensions><gpxtpx:TrackPointExtension><gpxtpx:cad>0</gpxtpx:cad></gpxtpx:TrackPointExtension></extensions></trkpt><trkpt lat="15.3779289778" lon="73.7999080773"><ele>0.62</ele><time>2025-11-14T02:26:12Z</time><extensions><gpxtpx:TrackPointExtension><gpxtpx:cad>0</gpxtpx:cad></gpxtpx:TrackPointExtension></extensions></trkpt><trkpt lat="15.3777698055" lon="73.7999425270"><ele>1.10</ele><time>2025-11-14T02:26:17Z</time><extensions><gpxtpx:TrackPointExtension><gpxtpx:cad>0</gpxtpx:cad></gpxtpx:TrackPointExtension></extensions></trkpt><trkpt lat="15.3776117228" lon="73.7999778986"><ele>1.58</ele><time>2025-11-14T02:26:22Z</time><extensions><gpxtpx:TrackPointExtension><gpxtpx:cad>0</gpxtpx:cad></gpxtpx:TrackPointExtension></extensions></trkpt><trkpt lat="15.3774521314" lon="73.8000112586"><ele>1.10</ele><time>2025-11-14T02:26:27Z</time><extensions><gpxtpx:TrackPointExtension><gpxtpx:cad>0</gpxtpx:cad></gpxtpx:TrackPointExtension></extensions></trkpt><trkpt lat="15.3772934619" lon="73.8000453729"><ele>1.10</ele><time>2025-11-14T02:26:32Z</time><extensions><gpxtpx:TrackPointExtension><gpxtpx:cad>0</gpxtpx:cad></gpxtpx:TrackPointExtension></extensions></trkpt><trkpt lat="15.3771328647" lon="73.8000768051"><ele>1.10</ele><time>2025-11-14T02:26:37Z</time><extensions><gpxtpx:TrackPointExtension><gpxtpx:cad>0</gpxtpx:cad></gpxtpx:TrackPointExtension></extensions></trkpt><trkpt lat="15.3769724350" lon="73.8001124281"><ele>1.58</ele><time>2025-11-14T02:26:42Z</time><extensions><gpxtpx:TrackPointExtension><gpxtpx:cad>0</gpxtpx:cad></gpxtpx:TrackPointExtension></extensions></trkpt><trkpt lat="15.3768119216" lon="73.8001498953"><ele>1.58</ele><time>2025-11-14T02:26:47Z</time><extensions><gpxtpx:TrackPointExtension><gpxtpx:cad>0</gpxtpx:cad></gpxtpx:TrackPointExtension></extensions></trkpt><trkpt lat="15.3766521625" lon="73.8001902960"><ele>1.58</ele><time>2025-11-14T02:26:52Z</time><extensions><gpxtpx:TrackPointExtension><gpxtpx:cad>0</gpxtpx:cad></gpxtpx:TrackPointExtension></extensions></trkpt><trkpt lat="15.3764935769" lon="73.8002325408"><ele>1.10</ele><time>2025-11-14T02:26:57Z</time><extensions><gpxtpx:TrackPointExtension><gpxtpx:cad>0</gpxtpx:cad></gpxtpx:TrackPointExtension></extensions></trkpt><trkpt lat="15.3763330635" lon="73.8002784736"><ele>1.10</ele><time>2025-11-14T02:27:02Z</time><extensions><gpxtpx:TrackPointExtension><gpxtpx:cad>0</gpxtpx:cad></gpxtpx:TrackPointExtension></extensions></trkpt><trkpt lat="15.3761731368" lon="73.8003292680"><ele>1.58</ele><time>2025-11-14T02:27:07Z</time><extensions><gpxtpx:TrackPointExtension><gpxtpx:cad>0</gpxtpx:cad></gpxtpx:TrackPointExtension></extensions></trkpt><trkpt lat="15.3760132100" lon="73.8003737759"><ele>1.10</ele><time>2025-11-14T02:27:12Z</time><extensions><gpxtpx:TrackPointExtension><gpxtpx:cad>0</gpxtpx:cad></gpxtpx:TrackPointExtension></extensions></trkpt><trkpt lat="15.3758531157" lon="73.8004069682"><ele>1.58</ele><time>2025-11-14T02:27:17Z</time><extensions><gpxtpx:TrackPointExtension><gpxtpx:cad>0</gpxtpx:cad></gpxtpx:TrackPointExtension></extensions></trkpt><trkpt lat="15.3756936919" lon="73.8004362211"><ele>1.58</ele><time>2025-11-14T02:27:22Z</time><extensions><gpxtpx:TrackPointExtension><gpxtpx:cad>0</gpxtpx:cad></gpxtpx:TrackPointExtension></extensions></trkpt><trkpt lat="15.3755310830" lon="73.8004670665"><ele>1.58</ele><time>2025-11-14T02:27:27Z</time><extensions><gpxtpx:TrackPointExtension><gpxtpx:cad>0</gpxtpx:cad></gpxtpx:TrackPointExtension></extensions></trkpt><trkpt lat="15.3753704019" lon="73.8004945591"><ele>1.58</ele><time>2025-11-14T02:27:32Z</time><extensions><gpxtpx:TrackPointExtension><gpxtpx:cad>0</gpxtpx:cad></gpxtpx:TrackPointExtension></extensions></trkpt><trkpt lat="15.3752069548" lon="73.8004914578"><ele>1.58</ele><time>2025-11-14T02:27:37Z</time><extensions><gpxtpx:TrackPointExtension><gpxtpx:cad>0</gpxtpx:cad></gpxtpx:TrackPointExtension></extensions></trkpt><trkpt lat="15.3750408255" lon="73.8004711736"><ele>1.58</ele><time>2025-11-14T02:27:42Z</time><extensions><gpxtpx:TrackPointExtension><gpxtpx:cad>0</gpxtpx:cad></gpxtpx:TrackPointExtension></extensions></trkpt><trkpt lat="15.3748772945" lon="73.8004554156"><ele>2.06</ele><time>2025-11-14T02:27:47Z</time><extensions><gpxtpx:TrackPointExtension><gpxtpx:cad>0</gpxtpx:cad></gpxtpx:TrackPointExtension></extensions></trkpt><trkpt lat="15.3747178707" lon="73.8004395738"><ele>2.06</ele><time>2025-11-14T02:27:52Z</time><extensions><gpxtpx:TrackPointExtension><gpxtpx:cad>0</gpxtpx:cad></gpxtpx:TrackPointExtension></extensions></trkpt><trkpt lat="15.3745547589" lon="73.8004299346"><ele>2.06</ele><time>2025-11-14T02:27:57Z</time><extensions><gpxtpx:TrackPointExtension><gpxtpx:cad>0</gpxtpx:cad></gpxtpx:TrackPointExtension></extensions></trkpt><trkpt lat="15.3743895516" lon="73.8004281744"><ele>2.06</ele><time>2025-11-14T02:28:02Z</time><extensions><gpxtpx:TrackPointExtension><gpxtpx:cad>0</gpxtpx:cad></gpxtpx:TrackPointExtension></extensions></trkpt><trkpt lat="15.3742281999" lon="73.8004223071"><ele>1.58</ele><time>2025-11-14T02:28:07Z</time><extensions><gpxtpx:TrackPointExtension><gpxtpx:cad>0</gpxtpx:cad></gpxtpx:TrackPointExtension></extensions></trkpt><trkpt lat="15.3740625735" lon="73.8004087284"><ele>2.06</ele><time>2025-11-14T02:28:12Z</time><extensions><gpxtpx:TrackPointExtension><gpxtpx:cad>0</gpxtpx:cad></gpxtpx:TrackPointExtension></extensions></trkpt><trkpt lat="15.3739012219" lon="73.8003982510"><ele>2.06</ele><time>2025-11-14T02:28:17Z</time><extensions><gpxtpx:TrackPointExtension><gpxtpx:cad>0</gpxtpx:cad></gpxtpx:TrackPointExtension></extensions></trkpt><trkpt lat="15.3737366013" lon="73.8003970776"><ele>2.54</ele><time>2025-11-14T02:28:22Z</time><extensions><gpxtpx:TrackPointExtension><gpxtpx:cad>0</gpxtpx:cad></gpxtpx:TrackPointExtension></extensions></trkpt><trkpt lat="15.3735743277" lon="73.8003975805"><ele>2.54</ele><time>2025-11-14T02:28:27Z</time><extensions><gpxtpx:TrackPointExtension><gpxtpx:cad>0</gpxtpx:cad></gpxtpx:TrackPointExtension></extensions></trkpt><trkpt lat="15.3734108806" lon="73.8003979158"><ele>2.54</ele><time>2025-11-14T02:28:32Z</time><extensions><gpxtpx:TrackPointExtension><gpxtpx:cad>0</gpxtpx:cad></gpxtpx:TrackPointExtension></extensions></trkpt><trkpt lat="15.3732522950" lon="73.8003913779"><ele>3.02</ele><time>2025-11-14T02:28:37Z</time><extensions><gpxtpx:TrackPointExtension><gpxtpx:cad>0</gpxtpx:cad></gpxtpx:TrackPointExtension></extensions></trkpt><trkpt lat="15.3730942961" lon="73.8003755361"><ele>3.02</ele><time>2025-11-14T02:28:42Z</time><extensions><gpxtpx:TrackPointExtension><gpxtpx:cad>0</gpxtpx:cad></gpxtpx:TrackPointExtension></extensions></trkpt><trkpt lat="15.3729347046" lon="73.8003526535"><ele>3.50</ele><time>2025-11-14T02:28:47Z</time><extensions><gpxtpx:TrackPointExtension><gpxtpx:cad>0</gpxtpx:cad></gpxtpx:TrackPointExtension></extensions></trkpt><trkpt lat="15.3727776278" lon="73.8003377337"><ele>3.50</ele><time>2025-11-14T02:28:52Z</time><extensions><gpxtpx:TrackPointExtension><gpxtpx:cad>0</gpxtpx:cad></gpxtpx:TrackPointExtension></extensions></trkpt><trkpt lat="15.3726185393" lon="73.8003167789"><ele>3.50</ele><time>2025-11-14T02:28:57Z</time><extensions><gpxtpx:TrackPointExtension><gpxtpx:cad>0</gpxtpx:cad></gpxtpx:TrackPointExtension></extensions></trkpt><trkpt lat="15.3724620491" lon="73.8002990931"><ele>3.50</ele><time>2025-11-14T02:29:02Z</time><extensions><gpxtpx:TrackPointExtension><gpxtpx:cad>0</gpxtpx:cad></gpxtpx:TrackPointExtension></extensions></trkpt><trkpt lat="15.3723009489" lon="73.8002832513"><ele>3.50</ele><time>2025-11-14T02:29:07Z</time><extensions><gpxtpx:TrackPointExtension><gpxtpx:cad>0</gpxtpx:cad></gpxtpx:TrackPointExtension></extensions></trkpt><trkpt lat="15.3721439559" lon="73.8002747018"><ele>3.50</ele><time>2025-11-14T02:29:12Z</time><extensions><gpxtpx:TrackPointExtension><gpxtpx:cad>0</gpxtpx:cad></gpxtpx:TrackPointExtension></extensions></trkpt><trkpt lat="15.3719839454" lon="73.8002695888"><ele>3.50</ele><time>2025-11-14T02:29:17Z</time><extensions><gpxtpx:TrackPointExtension><gpxtpx:cad>0</gpxtpx:cad></gpxtpx:TrackPointExtension></extensions></trkpt><trkpt lat="15.3718223423" lon="73.8002663199"><ele>3.50</ele><time>2025-11-14T02:29:22Z</time><extensions><gpxtpx:TrackPointExtension><gpxtpx:cad>0</gpxtpx:cad></gpxtpx:TrackPointExtension></extensions></trkpt><trkpt lat="15.3716577217" lon="73.8002716843"><ele>3.02</ele><time>2025-11-14T02:29:27Z</time><extensions><gpxtpx:TrackPointExtension><gpxtpx:cad>0</gpxtpx:cad></gpxtpx:TrackPointExtension></extensions></trkpt><trkpt lat="15.3714994714" lon="73.8002754562"><ele>2.54</ele><time>2025-11-14T02:29:32Z</time><extensions><gpxtpx:TrackPointExtension><gpxtpx:cad>0</gpxtpx:cad></gpxtpx:TrackPointExtension></extensions></trkpt><trkpt lat="15.3713381197" lon="73.8002710138"><ele>3.02</ele><time>2025-11-14T02:29:37Z</time><extensions><gpxtpx:TrackPointExtension><gpxtpx:cad>0</gpxtpx:cad></gpxtpx:TrackPointExtension></extensions></trkpt><trkpt lat="15.3711808752" lon="73.8002574351"><ele>3.02</ele><time>2025-11-14T02:29:42Z</time><extensions><gpxtpx:TrackPointExtension><gpxtpx:cad>0</gpxtpx:cad></gpxtpx:TrackPointExtension></extensions></trkpt><trkpt lat="15.3710209485" lon="73.8002428506"><ele>3.50</ele><time>2025-11-14T02:29:47Z</time><extensions><gpxtpx:TrackPointExtension><gpxtpx:cad>0</gpxtpx:cad></gpxtpx:TrackPointExtension></extensions></trkpt><trkpt lat="15.3708622791" lon="73.8002268411"><ele>3.50</ele><time>2025-11-14T02:29:52Z</time><extensions><gpxtpx:TrackPointExtension><gpxtpx:cad>0</gpxtpx:cad></gpxtpx:TrackPointExtension></extensions></trkpt><trkpt lat="15.3707028553" lon="73.8002111670"><ele>3.50</ele><time>2025-11-14T02:29:57Z</time><extensions><gpxtpx:TrackPointExtension><gpxtpx:cad>0</gpxtpx:cad></gpxtpx:TrackPointExtension></extensions></trkpt><trkpt lat="15.3705466166" lon="73.8002051320"><ele>3.50</ele><time>2025-11-14T02:30:02Z</time><extensions><gpxtpx:TrackPointExtension><gpxtpx:cad>0</gpxtpx:cad></gpxtpx:TrackPointExtension></extensions></trkpt><trkpt lat="15.3703905456" lon="73.8002079818"><ele>3.50</ele><time>2025-11-14T02:30:07Z</time><extensions><gpxtpx:TrackPointExtension><gpxtpx:cad>0</gpxtpx:cad></gpxtpx:TrackPointExtension></extensions></trkpt><trkpt lat="15.3702545073" lon="73.8002627157"><ele>3.50</ele><time>2025-11-14T02:30:12Z</time><extensions><gpxtpx:TrackPointExtension><gpxtpx:cad>0</gpxtpx:cad></gpxtpx:TrackPointExtension></extensions></trkpt><trkpt lat="15.3701388370" lon="73.8003599457"><ele>4.46</ele><time>2025-11-14T02:30:17Z</time><extensions><gpxtpx:TrackPointExtension><gpxtpx:cad>0</gpxtpx:cad></gpxtpx:TrackPointExtension></extensions></trkpt><trkpt lat="15.3700422775" lon="73.8004881889"><ele>4.46</ele><time>2025-11-14T02:30:22Z</time><extensions><gpxtpx:TrackPointExtension><gpxtpx:cad>0</gpxtpx:cad></gpxtpx:TrackPointExtension></extensions></trkpt><trkpt lat="15.3699637391" lon="73.8006338663"><ele>3.98</ele><time>2025-11-14T02:30:27Z</time><extensions><gpxtpx:TrackPointExtension><gpxtpx:cad>0</gpxtpx:cad></gpxtpx:TrackPointExtension></extensions></trkpt><trkpt lat="15.3699059878" lon="73.8007863332"><ele>3.98</ele><time>2025-11-14T02:30:32Z</time><extensions><gpxtpx:TrackPointExtension><gpxtpx:cad>0</gpxtpx:cad></gpxtpx:TrackPointExtension></extensions></trkpt><trkpt lat="15.3698716220" lon="73.8009416498"><ele>3.98</ele><time>2025-11-14T02:30:37Z</time><extensions><gpxtpx:TrackPointExtension><gpxtpx:cad>0</gpxtpx:cad></gpxtpx:TrackPointExtension></extensions></trkpt><trkpt lat="15.3698395193" lon="73.8010962121"><ele>3.98</ele><time>2025-11-14T02:30:42Z</time><extensions><gpxtpx:TrackPointExtension><gpxtpx:cad>0</gpxtpx:cad></gpxtpx:TrackPointExtension></extensions></trkpt><trkpt lat="15.3697982803" lon="73.8012436498"><ele>3.50</ele><time>2025-11-14T02:30:47Z</time><extensions><gpxtpx:TrackPointExtension><gpxtpx:cad>0</gpxtpx:cad></gpxtpx:TrackPointExtension></extensions></trkpt><trkpt lat="15.3697380982" lon="73.8013874833"><ele>3.50</ele><time>2025-11-14T02:30:52Z</time><extensions><gpxtpx:TrackPointExtension><gpxtpx:cad>0</gpxtpx:cad></gpxtpx:TrackPointExtension></extensions></trkpt><trkpt lat="15.3696640860" lon="73.8015276287"><ele>3.50</ele><time>2025-11-14T02:30:57Z</time><extensions><gpxtpx:TrackPointExtension><gpxtpx:cad>0</gpxtpx:cad></gpxtpx:TrackPointExtension></extensions></trkpt><trkpt lat="15.3696048260" lon="73.8016745634"><ele>3.98</ele><time>2025-11-14T02:31:02Z</time><extensions><gpxtpx:TrackPointExtension><gpxtpx:cad>0</gpxtpx:cad></gpxtpx:TrackPointExtension></extensions></trkpt><trkpt lat="15.3695670236" lon="73.8018295448"><ele>3.98</ele><time>2025-11-14T02:31:07Z</time><extensions><gpxtpx:TrackPointExtension><gpxtpx:cad>0</gpxtpx:cad></gpxtpx:TrackPointExtension></extensions></trkpt><trkpt lat="15.3695474099" lon="73.8019873761"><ele>3.98</ele><time>2025-11-14T02:31:12Z</time><extensions><gpxtpx:TrackPointExtension><gpxtpx:cad>0</gpxtpx:cad></gpxtpx:TrackPointExtension></extensions></trkpt><trkpt lat="15.3695352562" lon="73.8021452911"><ele>3.50</ele><time>2025-11-14T02:31:17Z</time><extensions><gpxtpx:TrackPointExtension><gpxtpx:cad>0</gpxtpx:cad></gpxtpx:TrackPointExtension></extensions></trkpt><trkpt lat="15.3695183247" lon="73.8023027033"><ele>3.02</ele><time>2025-11-14T02:31:22Z</time><extensions><gpxtpx:TrackPointExtension><gpxtpx:cad>0</gpxtpx:cad></gpxtpx:TrackPointExtension></extensions></trkpt><trkpt lat="15.3695106134" lon="73.8024604507"><ele>2.54</ele><time>2025-11-14T02:31:27Z</time><extensions><gpxtpx:TrackPointExtension><gpxtpx:cad>0</gpxtpx:cad></gpxtpx:TrackPointExtension></extensions></trkpt><trkpt lat="15.3694900777" lon="73.8026215509"><ele>2.54</ele><time>2025-11-14T02:31:32Z</time><extensions><gpxtpx:TrackPointExtension><gpxtpx:cad>0</gpxtpx:cad></gpxtpx:TrackPointExtension></extensions></trkpt><trkpt lat="15.3694602381" lon="73.8027795497"><ele>2.54</ele><time>2025-11-14T02:31:37Z</time><extensions><gpxtpx:TrackPointExtension><gpxtpx:cad>0</gpxtpx:cad></gpxtpx:TrackPointExtension></extensions></trkpt><trkpt lat="15.3694254532" lon="73.8029345311"><ele>2.06</ele><time>2025-11-14T02:31:42Z</time><extensions><gpxtpx:TrackPointExtension><gpxtpx:cad>0</gpxtpx:cad></gpxtpx:TrackPointExtension></extensions></trkpt><trkpt lat="15.3693887405" lon="73.8030923624"><ele>1.58</ele><time>2025-11-14T02:31:47Z</time><extensions><gpxtpx:TrackPointExtension><gpxtpx:cad>0</gpxtpx:cad></gpxtpx:TrackPointExtension></extensions></trkpt><trkpt lat="15.3693497647" lon="73.8032460865"><ele>1.58</ele><time>2025-11-14T02:31:52Z</time><extensions><gpxtpx:TrackPointExtension><gpxtpx:cad>0</gpxtpx:cad></gpxtpx:TrackPointExtension></extensions></trkpt><trkpt lat="15.3693101183" lon="73.8034039177"><ele>1.10</ele><time>2025-11-14T02:31:57Z</time><extensions><gpxtpx:TrackPointExtension><gpxtpx:cad>0</gpxtpx:cad></gpxtpx:TrackPointExtension></extensions></trkpt><trkpt lat="15.3692817036" lon="73.8035615813"><ele>1.10</ele><time>2025-11-14T02:32:02Z</time><extensions><gpxtpx:TrackPointExtension><gpxtpx:cad>0</gpxtpx:cad></gpxtpx:TrackPointExtension></extensions></trkpt><trkpt lat="15.3692573123" lon="73.8037251960"><ele>1.10</ele><time>2025-11-14T02:32:07Z</time><extensions><gpxtpx:TrackPointExtension><gpxtpx:cad>0</gpxtpx:cad></gpxtpx:TrackPointExtension></extensions></trkpt><trkpt lat="15.3692294005" lon="73.8038818538"><ele>1.10</ele><time>2025-11-14T02:32:12Z</time><extensions><gpxtpx:TrackPointExtension><gpxtpx:cad>0</gpxtpx:cad></gpxtpx:TrackPointExtension></extensions></trkpt><trkpt lat="15.3692082781" lon="73.8040405232"><ele>1.10</ele><time>2025-11-14T02:32:17Z</time><extensions><gpxtpx:TrackPointExtension><gpxtpx:cad>0</gpxtpx:cad></gpxtpx:TrackPointExtension></extensions></trkpt><trkpt lat="15.3691758402" lon="73.8041955885"><ele>1.10</ele><time>2025-11-14T02:32:22Z</time><extensions><gpxtpx:TrackPointExtension><gpxtpx:cad>0</gpxtpx:cad></gpxtpx:TrackPointExtension></extensions></trkpt><trkpt lat="15.3691468388" lon="73.8043536711"><ele>1.10</ele><time>2025-11-14T02:32:27Z</time><extensions><gpxtpx:TrackPointExtension><gpxtpx:cad>0</gpxtpx:cad></gpxtpx:TrackPointExtension></extensions></trkpt><trkpt lat="15.3691185918" lon="73.8045157772"><ele>1.10</ele><time>2025-11-14T02:32:32Z</time><extensions><gpxtpx:TrackPointExtension><gpxtpx:cad>0</gpxtpx:cad></gpxtpx:TrackPointExtension></extensions></trkpt><trkpt lat="15.3690862376" lon="73.8046700880"><ele>1.10</ele><time>2025-11-14T02:32:37Z</time><extensions><gpxtpx:TrackPointExtension><gpxtpx:cad>0</gpxtpx:cad></gpxtpx:TrackPointExtension></extensions></trkpt><trkpt lat="15.3690548893" lon="73.8048296794"><ele>1.10</ele><time>2025-11-14T02:32:42Z</time><extensions><gpxtpx:TrackPointExtension><gpxtpx:cad>0</gpxtpx:cad></gpxtpx:TrackPointExtension></extensions></trkpt><trkpt lat="15.3690214455" lon="73.8049862534"><ele>0.62</ele><time>2025-11-14T02:32:47Z</time><extensions><gpxtpx:TrackPointExtension><gpxtpx:cad>0</gpxtpx:cad></gpxtpx:TrackPointExtension></extensions></trkpt><trkpt lat="15.3689816315" lon="73.8051455095"><ele>0.62</ele><time>2025-11-14T02:32:52Z</time><extensions><gpxtpx:TrackPointExtension><gpxtpx:cad>0</gpxtpx:cad></gpxtpx:TrackPointExtension></extensions></trkpt><trkpt lat="15.3689320944" lon="73.8053010777"><ele>0.62</ele><time>2025-11-14T02:32:57Z</time><extensions><gpxtpx:TrackPointExtension><gpxtpx:cad>0</gpxtpx:cad></gpxtpx:TrackPointExtension></extensions></trkpt><trkpt lat="15.3688904364" lon="73.8054579869"><ele>1.10</ele><time>2025-11-14T02:33:02Z</time><extensions><gpxtpx:TrackPointExtension><gpxtpx:cad>0</gpxtpx:cad></gpxtpx:TrackPointExtension></extensions></trkpt><trkpt lat="15.3688533884" lon="73.8056141417"><ele>1.10</ele><time>2025-11-14T02:33:07Z</time><extensions><gpxtpx:TrackPointExtension><gpxtpx:cad>0</gpxtpx:cad></gpxtpx:TrackPointExtension></extensions></trkpt><trkpt lat="15.3688222915" lon="73.8057748228"><ele>1.10</ele><time>2025-11-14T02:33:12Z</time><extensions><gpxtpx:TrackPointExtension><gpxtpx:cad>0</gpxtpx:cad></gpxtpx:TrackPointExtension></extensions></trkpt><trkpt lat="15.3687880933" lon="73.8059321512"><ele>1.10</ele><time>2025-11-14T02:33:17Z</time><extensions><gpxtpx:TrackPointExtension><gpxtpx:cad>0</gpxtpx:cad></gpxtpx:TrackPointExtension></extensions></trkpt><trkpt lat="15.3687600140" lon="73.8060896471"><ele>1.10</ele><time>2025-11-14T02:33:22Z</time><extensions><gpxtpx:TrackPointExtension><gpxtpx:cad>0</gpxtpx:cad></gpxtpx:TrackPointExtension></extensions></trkpt><trkpt lat="15.3687368799" lon="73.8062536810"><ele>1.10</ele><time>2025-11-14T02:33:27Z</time><extensions><gpxtpx:TrackPointExtension><gpxtpx:cad>0</gpxtpx:cad></gpxtpx:TrackPointExtension></extensions></trkpt><trkpt lat="15.3687102254" lon="73.8064172957"><ele>1.58</ele><time>2025-11-14T02:33:32Z</time><extensions><gpxtpx:TrackPointExtension><gpxtpx:cad>0</gpxtpx:cad></gpxtpx:TrackPointExtension></extensions></trkpt><trkpt lat="15.3686843254" lon="73.8065753784"><ele>1.58</ele><time>2025-11-14T02:33:37Z</time><extensions><gpxtpx:TrackPointExtension><gpxtpx:cad>0</gpxtpx:cad></gpxtpx:TrackPointExtension></extensions></trkpt><trkpt lat="15.3686624486" lon="73.8067356404"><ele>1.58</ele><time>2025-11-14T02:33:42Z</time><extensions><gpxtpx:TrackPointExtension><gpxtpx:cad>0</gpxtpx:cad></gpxtpx:TrackPointExtension></extensions></trkpt><trkpt lat="15.3686440922" lon="73.8069008477"><ele>1.58</ele><time>2025-11-14T02:33:47Z</time><extensions><gpxtpx:TrackPointExtension><gpxtpx:cad>0</gpxtpx:cad></gpxtpx:TrackPointExtension></extensions></trkpt><trkpt lat="15.3686190303" lon="73.8070624508"><ele>1.58</ele><time>2025-11-14T02:33:52Z</time><extensions><gpxtpx:TrackPointExtension><gpxtpx:cad>0</gpxtpx:cad></gpxtpx:TrackPointExtension></extensions></trkpt><trkpt lat="15.3685912862" lon="73.8072221261"><ele>1.58</ele><time>2025-11-14T02:33:57Z</time><extensions><gpxtpx:TrackPointExtension><gpxtpx:cad>0</gpxtpx:cad></gpxtpx:TrackPointExtension></extensions></trkpt><trkpt lat="15.3685767855" lon="73.8073821366"><ele>1.58</ele><time>2025-11-14T02:34:02Z</time><extensions><gpxtpx:TrackPointExtension><gpxtpx:cad>0</gpxtpx:cad></gpxtpx:TrackPointExtension></extensions></trkpt><trkpt lat="15.3685604408" lon="73.8075393811"><ele>1.10</ele><time>2025-11-14T02:34:07Z</time><extensions><gpxtpx:TrackPointExtension><gpxtpx:cad>0</gpxtpx:cad></gpxtpx:TrackPointExtension></extensions></trkpt><trkpt lat="15.3685357980" lon="73.8076967932"><ele>1.58</ele><time>2025-11-14T02:34:12Z</time><extensions><gpxtpx:TrackPointExtension><gpxtpx:cad>0</gpxtpx:cad></gpxtpx:TrackPointExtension></extensions></trkpt><trkpt lat="15.3685145080" lon="73.8078515232"><ele>1.10</ele><time>2025-11-14T02:34:17Z</time><extensions><gpxtpx:TrackPointExtension><gpxtpx:cad>0</gpxtpx:cad></gpxtpx:TrackPointExtension></extensions></trkpt><trkpt lat="15.3684942238" lon="73.8080106955"><ele>1.10</ele><time>2025-11-14T02:34:22Z</time><extensions><gpxtpx:TrackPointExtension><gpxtpx:cad>0</gpxtpx:cad></gpxtpx:TrackPointExtension></extensions></trkpt><trkpt lat="15.3684744425" lon="73.8081697002"><ele>0.62</ele><time>2025-11-14T02:34:27Z</time><extensions><gpxtpx:TrackPointExtension><gpxtpx:cad>0</gpxtpx:cad></gpxtpx:TrackPointExtension></extensions></trkpt><trkpt lat="15.3684556670" lon="73.8083267771"><ele>1.10</ele><time>2025-11-14T02:34:32Z</time><extensions><gpxtpx:TrackPointExtension><gpxtpx:cad>0</gpxtpx:cad></gpxtpx:TrackPointExtension></extensions></trkpt><trkpt lat="15.3684281744" lon="73.8084852789"><ele>0.62</ele><time>2025-11-14T02:34:37Z</time><extensions><gpxtpx:TrackPointExtension><gpxtpx:cad>0</gpxtpx:cad></gpxtpx:TrackPointExtension></extensions></trkpt><trkpt lat="15.3683937248" lon="73.8086390868"><ele>0.62</ele><time>2025-11-14T02:34:42Z</time><extensions><gpxtpx:TrackPointExtension><gpxtpx:cad>0</gpxtpx:cad></gpxtpx:TrackPointExtension></extensions></trkpt><trkpt lat="15.3683691658" lon="73.8087942358"><ele>0.62</ele><time>2025-11-14T02:34:47Z</time><extensions><gpxtpx:TrackPointExtension><gpxtpx:cad>0</gpxtpx:cad></gpxtpx:TrackPointExtension></extensions></trkpt><trkpt lat="15.3683410026" lon="73.8089510612"><ele>0.62</ele><time>2025-11-14T02:34:52Z</time><extensions><gpxtpx:TrackPointExtension><gpxtpx:cad>0</gpxtpx:cad></gpxtpx:TrackPointExtension></extensions></trkpt><trkpt lat="15.3683161084" lon="73.8091109879"><ele>0.62</ele><time>2025-11-14T02:34:57Z</time><extensions><gpxtpx:TrackPointExtension><gpxtpx:cad>0</gpxtpx:cad></gpxtpx:TrackPointExtension></extensions></trkpt><trkpt lat="15.3682870232" lon="73.8092719205"><ele>0.62</ele><time>2025-11-14T02:35:02Z</time><extensions><gpxtpx:TrackPointExtension><gpxtpx:cad>0</gpxtpx:cad></gpxtpx:TrackPointExtension></extensions></trkpt><trkpt lat="15.3682562616" lon="73.8094277401"><ele>0.62</ele><time>2025-11-14T02:35:07Z</time><extensions><gpxtpx:TrackPointExtension><gpxtpx:cad>0</gpxtpx:cad></gpxtpx:TrackPointExtension></extensions></trkpt><trkpt lat="15.3682315350" lon="73.8095849007"><ele>0.62</ele><time>2025-11-14T02:35:12Z</time><extensions><gpxtpx:TrackPointExtension><gpxtpx:cad>0</gpxtpx:cad></gpxtpx:TrackPointExtension></extensions></trkpt><trkpt lat="15.3682088200" lon="73.8097441569"><ele>0.62</ele><time>2025-11-14T02:35:17Z</time><extensions><gpxtpx:TrackPointExtension><gpxtpx:cad>0</gpxtpx:cad></gpxtpx:TrackPointExtension></extensions></trkpt><trkpt lat="15.3681788128" lon="73.8098976295"><ele>0.62</ele><time>2025-11-14T02:35:22Z</time><extensions><gpxtpx:TrackPointExtension><gpxtpx:cad>0</gpxtpx:cad></gpxtpx:TrackPointExtension></extensions></trkpt><trkpt lat="15.3681499790" lon="73.8100592326"><ele>1.10</ele><time>2025-11-14T02:35:27Z</time><extensions><gpxtpx:TrackPointExtension><gpxtpx:cad>0</gpxtpx:cad></gpxtpx:TrackPointExtension></extensions></trkpt><trkpt lat="15.3681257553" lon="73.8102168124"><ele>0.62</ele><time>2025-11-14T02:35:32Z</time><extensions><gpxtpx:TrackPointExtension><gpxtpx:cad>0</gpxtpx:cad></gpxtpx:TrackPointExtension></extensions></trkpt><trkpt lat="15.3681030404" lon="73.8103746437"><ele>1.10</ele><time>2025-11-14T02:35:37Z</time><extensions><gpxtpx:TrackPointExtension><gpxtpx:cad>0</gpxtpx:cad></gpxtpx:TrackPointExtension></extensions></trkpt><trkpt lat="15.3680851031" lon="73.8105309661"><ele>1.10</ele><time>2025-11-14T02:35:42Z</time><extensions><gpxtpx:TrackPointExtension><gpxtpx:cad>0</gpxtpx:cad></gpxtpx:TrackPointExtension></extensions></trkpt><trkpt lat="15.3680612147" lon="73.8106909767"><ele>1.10</ele><time>2025-11-14T02:35:47Z</time><extensions><gpxtpx:TrackPointExtension><gpxtpx:cad>0</gpxtpx:cad></gpxtpx:TrackPointExtension></extensions></trkpt><trkpt lat="15.3680364043" lon="73.8108455390"><ele>1.10</ele><time>2025-11-14T02:35:52Z</time><extensions><gpxtpx:TrackPointExtension><gpxtpx:cad>0</gpxtpx:cad></gpxtpx:TrackPointExtension></extensions></trkpt><trkpt lat="15.3680078220" lon="73.8110070582"><ele>1.58</ele><time>2025-11-14T02:35:57Z</time><extensions><gpxtpx:TrackPointExtension><gpxtpx:cad>0</gpxtpx:cad></gpxtpx:TrackPointExtension></extensions></trkpt><trkpt lat="15.3679747134" lon="73.8111627940"><ele>1.10</ele><time>2025-11-14T02:36:02Z</time><extensions><gpxtpx:TrackPointExtension><gpxtpx:cad>0</gpxtpx:cad></gpxtpx:TrackPointExtension></extensions></trkpt><trkpt lat="15.3679483943" lon="73.8113202062"><ele>1.10</ele><time>2025-11-14T02:36:07Z</time><extensions><gpxtpx:TrackPointExtension><gpxtpx:cad>0</gpxtpx:cad></gpxtpx:TrackPointExtension></extensions></trkpt><trkpt lat="15.3679290321" lon="73.8114753552"><ele>1.10</ele><time>2025-11-14T02:36:12Z</time><extensions><gpxtpx:TrackPointExtension><gpxtpx:cad>0</gpxtpx:cad></gpxtpx:TrackPointExtension></extensions></trkpt><trkpt lat="15.3679253440" lon="73.8116267323"><ele>1.10</ele><time>2025-11-14T02:36:17Z</time><extensions><gpxtpx:TrackPointExtension><gpxtpx:cad>0</gpxtpx:cad></gpxtpx:TrackPointExtension></extensions></trkpt><trkpt lat="15.3679219913" lon="73.8117837254"><ele>1.10</ele><time>2025-11-14T02:36:22Z</time><extensions><gpxtpx:TrackPointExtension><gpxtpx:cad>0</gpxtpx:cad></gpxtpx:TrackPointExtension></extensions></trkpt><trkpt lat="15.3679092508" lon="73.8119370304"><ele>1.10</ele><time>2025-11-14T02:36:27Z</time><extensions><gpxtpx:TrackPointExtension><gpxtpx:cad>0</gpxtpx:cad></gpxtpx:TrackPointExtension></extensions></trkpt><trkpt lat="15.3679044731" lon="73.8120986335"><ele>1.10</ele><time>2025-11-14T02:36:32Z</time><extensions><gpxtpx:TrackPointExtension><gpxtpx:cad>0</gpxtpx:cad></gpxtpx:TrackPointExtension></extensions></trkpt><trkpt lat="15.3678957559" lon="73.8122535311"><ele>1.10</ele><time>2025-11-14T02:36:37Z</time><extensions><gpxtpx:TrackPointExtension><gpxtpx:cad>0</gpxtpx:cad></gpxtpx:TrackPointExtension></extensions></trkpt><trkpt lat="15.3678849433" lon="73.8124115299"><ele>1.10</ele><time>2025-11-14T02:36:42Z</time><extensions><gpxtpx:TrackPointExtension><gpxtpx:cad>0</gpxtpx:cad></gpxtpx:TrackPointExtension></extensions></trkpt><trkpt lat="15.3678769805" lon="73.8125707861"><ele>1.10</ele><time>2025-11-14T02:36:47Z</time><extensions><gpxtpx:TrackPointExtension><gpxtpx:cad>0</gpxtpx:cad></gpxtpx:TrackPointExtension></extensions></trkpt><trkpt lat="15.3678609710" lon="73.8127310481"><ele>1.10</ele><time>2025-11-14T02:36:52Z</time><extensions><gpxtpx:TrackPointExtension><gpxtpx:cad>0</gpxtpx:cad></gpxtpx:TrackPointExtension></extensions></trkpt><trkpt lat="15.3678486496" lon="73.8128901366"><ele>1.10</ele><time>2025-11-14T02:36:57Z</time><extensions><gpxtpx:TrackPointExtension><gpxtpx:cad>0</gpxtpx:cad></gpxtpx:TrackPointExtension></extensions></trkpt><trkpt lat="15.3678337298" lon="73.8130501471"><ele>1.10</ele><time>2025-11-14T02:37:02Z</time><extensions><gpxtpx:TrackPointExtension><gpxtpx:cad>0</gpxtpx:cad></gpxtpx:TrackPointExtension></extensions></trkpt><trkpt lat="15.3678074107" lon="73.8132015243"><ele>1.10</ele><time>2025-11-14T02:37:07Z</time><extensions><gpxtpx:TrackPointExtension><gpxtpx:cad>0</gpxtpx:cad></gpxtpx:TrackPointExtension></extensions></trkpt><trkpt lat="15.3677828517" lon="73.8133602776"><ele>1.10</ele><time>2025-11-14T02:37:12Z</time><extensions><gpxtpx:TrackPointExtension><gpxtpx:cad>0</gpxtpx:cad></gpxtpx:TrackPointExtension></extensions></trkpt><trkpt lat="15.3677538503" lon="73.8135184441"><ele>0.62</ele><time>2025-11-14T02:37:17Z</time><extensions><gpxtpx:TrackPointExtension><gpxtpx:cad>0</gpxtpx:cad></gpxtpx:TrackPointExtension></extensions></trkpt><trkpt lat="15.3677264415" lon="73.8136742637"><ele>0.62</ele><time>2025-11-14T02:37:22Z</time><extensions><gpxtpx:TrackPointExtension><gpxtpx:cad>0</gpxtpx:cad></gpxtpx:TrackPointExtension></extensions></trkpt><trkpt lat="15.3677029721" lon="73.8138325978"><ele>1.10</ele><time>2025-11-14T02:37:27Z</time><extensions><gpxtpx:TrackPointExtension><gpxtpx:cad>0</gpxtpx:cad></gpxtpx:TrackPointExtension></extensions></trkpt><trkpt lat="15.3676736355" lon="73.8139830530"><ele>0.62</ele><time>2025-11-14T02:37:32Z</time><extensions><gpxtpx:TrackPointExtension><gpxtpx:cad>0</gpxtpx:cad></gpxtpx:TrackPointExtension></extensions></trkpt><trkpt lat="15.3676417004" lon="73.8141440693"><ele>1.10</ele><time>2025-11-14T02:37:37Z</time><extensions><gpxtpx:TrackPointExtension><gpxtpx:cad>0</gpxtpx:cad></gpxtpx:TrackPointExtension></extensions></trkpt><trkpt lat="15.3676195722" lon="73.8143004756"><ele>1.10</ele><time>2025-11-14T02:37:42Z</time><extensions><gpxtpx:TrackPointExtension><gpxtpx:cad>0</gpxtpx:cad></gpxtpx:TrackPointExtension></extensions></trkpt><trkpt lat="15.3675940074" lon="73.8144628331"><ele>0.62</ele><time>2025-11-14T02:37:47Z</time><extensions><gpxtpx:TrackPointExtension><gpxtpx:cad>0</gpxtpx:cad></gpxtpx:TrackPointExtension></extensions></trkpt><trkpt lat="15.3675701190" lon="73.8146160543"><ele>0.62</ele><time>2025-11-14T02:37:52Z</time><extensions><gpxtpx:TrackPointExtension><gpxtpx:cad>0</gpxtpx:cad></gpxtpx:TrackPointExtension></extensions></trkpt><trkpt lat="15.3675499186" lon="73.8147773221"><ele>1.10</ele><time>2025-11-14T02:37:57Z</time><extensions><gpxtpx:TrackPointExtension><gpxtpx:cad>0</gpxtpx:cad></gpxtpx:TrackPointExtension></extensions></trkpt><trkpt lat="15.3675157204" lon="73.8149293698"><ele>1.10</ele><time>2025-11-14T02:38:02Z</time><extensions><gpxtpx:TrackPointExtension><gpxtpx:cad>0</gpxtpx:cad></gpxtpx:TrackPointExtension></extensions></trkpt><trkpt lat="15.3674809355" lon="73.8150826748"><ele>1.58</ele><time>2025-11-14T02:38:07Z</time><extensions><gpxtpx:TrackPointExtension><gpxtpx:cad>0</gpxtpx:cad></gpxtpx:TrackPointExtension></extensions></trkpt><trkpt lat="15.3674593102" lon="73.8152371533"><ele>1.58</ele><time>2025-11-14T02:38:12Z</time><extensions><gpxtpx:TrackPointExtension><gpxtpx:cad>0</gpxtpx:cad></gpxtpx:TrackPointExtension></extensions></trkpt><trkpt lat="15.3674458992" lon="73.8153941464"><ele>2.06</ele><time>2025-11-14T02:38:17Z</time><extensions><gpxtpx:TrackPointExtension><gpxtpx:cad>0</gpxtpx:cad></gpxtpx:TrackPointExtension></extensions></trkpt><trkpt lat="15.3674282134" lon="73.8155551627"><ele>2.54</ele><time>2025-11-14T02:38:22Z</time><extensions><gpxtpx:TrackPointExtension><gpxtpx:cad>0</gpxtpx:cad></gpxtpx:TrackPointExtension></extensions></trkpt><trkpt lat="15.3674173169" lon="73.8157106470"><ele>2.54</ele><time>2025-11-14T02:38:27Z</time><extensions><gpxtpx:TrackPointExtension><gpxtpx:cad>0</gpxtpx:cad></gpxtpx:TrackPointExtension></extensions></trkpt><trkpt lat="15.3673970327" lon="73.8158732560"><ele>2.06</ele><time>2025-11-14T02:38:32Z</time><extensions><gpxtpx:TrackPointExtension><gpxtpx:cad>0</gpxtpx:cad></gpxtpx:TrackPointExtension></extensions></trkpt><trkpt lat="15.3673831187" lon="73.8160320092"><ele>2.06</ele><time>2025-11-14T02:38:37Z</time><extensions><gpxtpx:TrackPointExtension><gpxtpx:cad>0</gpxtpx:cad></gpxtpx:TrackPointExtension></extensions></trkpt><trkpt lat="15.3673638403" lon="73.8161888346"><ele>1.58</ele><time>2025-11-14T02:38:42Z</time><extensions><gpxtpx:TrackPointExtension><gpxtpx:cad>0</gpxtpx:cad></gpxtpx:TrackPointExtension></extensions></trkpt><trkpt lat="15.3673473280" lon="73.8163464144"><ele>1.58</ele><time>2025-11-14T02:38:47Z</time><extensions><gpxtpx:TrackPointExtension><gpxtpx:cad>0</gpxtpx:cad></gpxtpx:TrackPointExtension></extensions></trkpt><trkpt lat="15.3673271276" lon="73.8165040780"><ele>1.58</ele><time>2025-11-14T02:38:52Z</time><extensions><gpxtpx:TrackPointExtension><gpxtpx:cad>0</gpxtpx:cad></gpxtpx:TrackPointExtension></extensions></trkpt><trkpt lat="15.3673132975" lon="73.8166604843"><ele>1.58</ele><time>2025-11-14T02:38:57Z</time><extensions><gpxtpx:TrackPointExtension><gpxtpx:cad>0</gpxtpx:cad></gpxtpx:TrackPointExtension></extensions></trkpt><trkpt lat="15.3672959469" lon="73.8168141246"><ele>1.58</ele><time>2025-11-14T02:39:02Z</time><extensions><gpxtpx:TrackPointExtension><gpxtpx:cad>0</gpxtpx:cad></gpxtpx:TrackPointExtension></extensions></trkpt><trkpt lat="15.3672770876" lon="73.8169680163"><ele>1.10</ele><time>2025-11-14T02:39:07Z</time><extensions><gpxtpx:TrackPointExtension><gpxtpx:cad>0</gpxtpx:cad></gpxtpx:TrackPointExtension></extensions></trkpt><trkpt lat="15.3672545403" lon="73.8171214890"><ele>1.10</ele><time>2025-11-14T02:39:12Z</time><extensions><gpxtpx:TrackPointExtension><gpxtpx:cad>0</gpxtpx:cad></gpxtpx:TrackPointExtension></extensions></trkpt><trkpt lat="15.3672212642" lon="73.8172768056"><ele>0.62</ele><time>2025-11-14T02:39:17Z</time><extensions><gpxtpx:TrackPointExtension><gpxtpx:cad>0</gpxtpx:cad></gpxtpx:TrackPointExtension></extensions></trkpt><trkpt lat="15.3672000580" lon="73.8174315356"><ele>0.62</ele><time>2025-11-14T02:39:22Z</time><extensions><gpxtpx:TrackPointExtension><gpxtpx:cad>0</gpxtpx:cad></gpxtpx:TrackPointExtension></extensions></trkpt><trkpt lat="15.3671899159" lon="73.8175959885"><ele>0.62</ele><time>2025-11-14T02:39:27Z</time><extensions><gpxtpx:TrackPointExtension><gpxtpx:cad>0</gpxtpx:cad></gpxtpx:TrackPointExtension></extensions></trkpt><trkpt lat="15.3671770077" lon="73.8177518919"><ele>0.14</ele><time>2025-11-14T02:39:32Z</time><extensions><gpxtpx:TrackPointExtension><gpxtpx:cad>0</gpxtpx:cad></gpxtpx:TrackPointExtension></extensions></trkpt><trkpt lat="15.3671754152" lon="73.8179093879"><ele>0.62</ele><time>2025-11-14T02:39:37Z</time><extensions><gpxtpx:TrackPointExtension><gpxtpx:cad>0</gpxtpx:cad></gpxtpx:TrackPointExtension></extensions></trkpt><trkpt lat="15.3671744931" lon="73.8180655427"><ele>0.14</ele><time>2025-11-14T02:39:42Z</time><extensions><gpxtpx:TrackPointExtension><gpxtpx:cad>0</gpxtpx:cad></gpxtpx:TrackPointExtension></extensions></trkpt><trkpt lat="15.3671793547" lon="73.8182210270"><ele>0.14</ele><time>2025-11-14T02:39:47Z</time><extensions><gpxtpx:TrackPointExtension><gpxtpx:cad>0</gpxtpx:cad></gpxtpx:TrackPointExtension></extensions></trkpt><trkpt lat="15.3671848867" lon="73.8183776848"><ele>0.14</ele><time>2025-11-14T02:39:52Z</time><extensions><gpxtpx:TrackPointExtension><gpxtpx:cad>0</gpxtpx:cad></gpxtpx:TrackPointExtension></extensions></trkpt><trkpt lat="15.3672080208" lon="73.8185303193"><ele>0.14</ele><time>2025-11-14T02:39:57Z</time><extensions><gpxtpx:TrackPointExtension><gpxtpx:cad>0</gpxtpx:cad></gpxtpx:TrackPointExtension></extensions></trkpt><trkpt lat="15.3672436439" lon="73.8186811097"><ele>0.14</ele><time>2025-11-14T02:40:02Z</time><extensions><gpxtpx:TrackPointExtension><gpxtpx:cad>0</gpxtpx:cad></gpxtpx:TrackPointExtension></extensions></trkpt><trkpt lat="15.3672657721" lon="73.8188339118"><ele>0.62</ele><time>2025-11-14T02:40:07Z</time><extensions><gpxtpx:TrackPointExtension><gpxtpx:cad>0</gpxtpx:cad></gpxtpx:TrackPointExtension></extensions></trkpt><trkpt lat="15.3672762495" lon="73.8189921621"><ele>0.62</ele><time>2025-11-14T02:40:12Z</time><extensions><gpxtpx:TrackPointExtension><gpxtpx:cad>0</gpxtpx:cad></gpxtpx:TrackPointExtension></extensions></trkpt><trkpt lat="15.3672849666" lon="73.8191472273"><ele>0.14</ele><time>2025-11-14T02:40:17Z</time><extensions><gpxtpx:TrackPointExtension><gpxtpx:cad>0</gpxtpx:cad></gpxtpx:TrackPointExtension></extensions></trkpt><trkpt lat="15.3672925103" lon="73.8193082437"><ele>0.14</ele><time>2025-11-14T02:40:22Z</time><extensions><gpxtpx:TrackPointExtension><gpxtpx:cad>0</gpxtpx:cad></gpxtpx:TrackPointExtension></extensions></trkpt><trkpt lat="15.3672943544" lon="73.8194648176"><ele>0.14</ele><time>2025-11-14T02:40:27Z</time><extensions><gpxtpx:TrackPointExtension><gpxtpx:cad>0</gpxtpx:cad></gpxtpx:TrackPointExtension></extensions></trkpt><trkpt lat="15.3672933485" lon="73.8196218107"><ele>0.14</ele><time>2025-11-14T02:40:32Z</time><extensions><gpxtpx:TrackPointExtension><gpxtpx:cad>0</gpxtpx:cad></gpxtpx:TrackPointExtension></extensions></trkpt><trkpt lat="15.3672983777" lon="73.8197783846"><ele>0.14</ele><time>2025-11-14T02:40:37Z</time><extensions><gpxtpx:TrackPointExtension><gpxtpx:cad>0</gpxtpx:cad></gpxtpx:TrackPointExtension></extensions></trkpt><trkpt lat="15.3673034068" lon="73.8199306838"><ele>0.14</ele><time>2025-11-14T02:40:42Z</time><extensions><gpxtpx:TrackPointExtension><gpxtpx:cad>0</gpxtpx:cad></gpxtpx:TrackPointExtension></extensions></trkpt><trkpt lat="15.3673122078" lon="73.8200890180"><ele>0.14</ele><time>2025-11-14T02:40:47Z</time><extensions><gpxtpx:TrackPointExtension><gpxtpx:cad>0</gpxtpx:cad></gpxtpx:TrackPointExtension></extensions></trkpt><trkpt lat="15.3673130460" lon="73.8202467654"><ele>0.14</ele><time>2025-11-14T02:40:52Z</time><extensions><gpxtpx:TrackPointExtension><gpxtpx:cad>0</gpxtpx:cad></gpxtpx:TrackPointExtension></extensions></trkpt><trkpt lat="15.3673004732" lon="73.8204068597"><ele>-0.34</ele><time>2025-11-14T02:40:57Z</time><extensions><gpxtpx:TrackPointExtension><gpxtpx:cad>0</gpxtpx:cad></gpxtpx:TrackPointExtension></extensions></trkpt><trkpt lat="15.3672873974" lon="73.8205628470"><ele>-0.34</ele><time>2025-11-14T02:41:02Z</time><extensions><gpxtpx:TrackPointExtension><gpxtpx:cad>0</gpxtpx:cad></gpxtpx:TrackPointExtension></extensions></trkpt><trkpt lat="15.3672752436" lon="73.8207262941"><ele>-0.34</ele><time>2025-11-14T02:41:07Z</time><extensions><gpxtpx:TrackPointExtension><gpxtpx:cad>0</gpxtpx:cad></gpxtpx:TrackPointExtension></extensions></trkpt><trkpt lat="15.3672650177" lon="73.8208805211"><ele>-0.82</ele><time>2025-11-14T02:41:12Z</time><extensions><gpxtpx:TrackPointExtension><gpxtpx:cad>0</gpxtpx:cad></gpxtpx:TrackPointExtension></extensions></trkpt><trkpt lat="15.3672508523" lon="73.8210354187"><ele>-0.82</ele><time>2025-11-14T02:41:17Z</time><extensions><gpxtpx:TrackPointExtension><gpxtpx:cad>0</gpxtpx:cad></gpxtpx:TrackPointExtension></extensions></trkpt><trkpt lat="15.3672252875" lon="73.8211992849"><ele>-0.34</ele><time>2025-11-14T02:41:22Z</time><extensions><gpxtpx:TrackPointExtension><gpxtpx:cad>0</gpxtpx:cad></gpxtpx:TrackPointExtension></extensions></trkpt><trkpt lat="15.3672008961" lon="73.8213540148"><ele>-0.34</ele><time>2025-11-14T02:41:27Z</time><extensions><gpxtpx:TrackPointExtension><gpxtpx:cad>0</gpxtpx:cad></gpxtpx:TrackPointExtension></extensions></trkpt><trkpt lat="15.3671833780" lon="73.8215101697"><ele>-0.34</ele><time>2025-11-14T02:41:32Z</time><extensions><gpxtpx:TrackPointExtension><gpxtpx:cad>0</gpxtpx:cad></gpxtpx:TrackPointExtension></extensions></trkpt><trkpt lat="15.3671679553" lon="73.8216599543"><ele>-0.34</ele><time>2025-11-14T02:41:37Z</time><extensions><gpxtpx:TrackPointExtension><gpxtpx:cad>0</gpxtpx:cad></gpxtpx:TrackPointExtension></extensions></trkpt><trkpt lat="15.3671519458" lon="73.8218132593"><ele>-0.34</ele><time>2025-11-14T02:41:42Z</time><extensions><gpxtpx:TrackPointExtension><gpxtpx:cad>0</gpxtpx:cad></gpxtpx:TrackPointExtension></extensions></trkpt><trkpt lat="15.3671351820" lon="73.8219715934"><ele>0.14</ele><time>2025-11-14T02:41:47Z</time><extensions><gpxtpx:TrackPointExtension><gpxtpx:cad>0</gpxtpx:cad></gpxtpx:TrackPointExtension></extensions></trkpt><trkpt lat="15.3671201784" lon="73.8221247308"><ele>0.62</ele><time>2025-11-14T02:41:52Z</time><extensions><gpxtpx:TrackPointExtension><gpxtpx:cad>0</gpxtpx:cad></gpxtpx:TrackPointExtension></extensions></trkpt><trkpt lat="15.3671079408" lon="73.8222870044"><ele>1.10</ele><time>2025-11-14T02:41:57Z</time><extensions><gpxtpx:TrackPointExtension><gpxtpx:cad>0</gpxtpx:cad></gpxtpx:TrackPointExtension></extensions></trkpt><trkpt lat="15.3670930211" lon="73.8224434946"><ele>1.10</ele><time>2025-11-14T02:42:02Z</time><extensions><gpxtpx:TrackPointExtension><gpxtpx:cad>0</gpxtpx:cad></gpxtpx:TrackPointExtension></extensions></trkpt><trkpt lat="15.3670869023" lon="73.8226045948"><ele>1.10</ele><time>2025-11-14T02:42:07Z</time><extensions><gpxtpx:TrackPointExtension><gpxtpx:cad>0</gpxtpx:cad></gpxtpx:TrackPointExtension></extensions></trkpt><trkpt lat="15.3670751676" lon="73.8227598276"><ele>1.10</ele><time>2025-11-14T02:42:12Z</time><extensions><gpxtpx:TrackPointExtension><gpxtpx:cad>0</gpxtpx:cad></gpxtpx:TrackPointExtension></extensions></trkpt><trkpt lat="15.3670656960" lon="73.8229186647"><ele>1.10</ele><time>2025-11-14T02:42:17Z</time><extensions><gpxtpx:TrackPointExtension><gpxtpx:cad>0</gpxtpx:cad></gpxtpx:TrackPointExtension></extensions></trkpt><trkpt lat="15.3670614213" lon="73.8230798487"><ele>1.10</ele><time>2025-11-14T02:42:22Z</time><extensions><gpxtpx:TrackPointExtension><gpxtpx:cad>0</gpxtpx:cad></gpxtpx:TrackPointExtension></extensions></trkpt><trkpt lat="15.3670693003" lon="73.8232409488"><ele>1.58</ele><time>2025-11-14T02:42:27Z</time><extensions><gpxtpx:TrackPointExtension><gpxtpx:cad>0</gpxtpx:cad></gpxtpx:TrackPointExtension></extensions></trkpt><trkpt lat="15.3670897521" lon="73.8234070782"><ele>1.58</ele><time>2025-11-14T02:42:32Z</time><extensions><gpxtpx:TrackPointExtension><gpxtpx:cad>0</gpxtpx:cad></gpxtpx:TrackPointExtension></extensions></trkpt><trkpt lat="15.3671252914" lon="73.8235628139"><ele>1.58</ele><time>2025-11-14T02:42:37Z</time><extensions><gpxtpx:TrackPointExtension><gpxtpx:cad>0</gpxtpx:cad></gpxtpx:TrackPointExtension></extensions></trkpt><trkpt lat="15.3671708051" lon="73.8237152807"><ele>1.58</ele><time>2025-11-14T02:42:42Z</time><extensions><gpxtpx:TrackPointExtension><gpxtpx:cad>0</gpxtpx:cad></gpxtpx:TrackPointExtension></extensions></trkpt><trkpt lat="15.3671928495" lon="73.8238711003"><ele>1.58</ele><time>2025-11-14T02:42:47Z</time><extensions><gpxtpx:TrackPointExtension><gpxtpx:cad>0</gpxtpx:cad></gpxtpx:TrackPointExtension></extensions></trkpt><trkpt lat="15.3671912570" lon="73.8240306918"><ele>1.10</ele><time>2025-11-14T02:42:52Z</time><extensions><gpxtpx:TrackPointExtension><gpxtpx:cad>0</gpxtpx:cad></gpxtpx:TrackPointExtension></extensions></trkpt><trkpt lat="15.3671921790" lon="73.8241985813"><ele>1.10</ele><time>2025-11-14T02:42:57Z</time><extensions><gpxtpx:TrackPointExtension><gpxtpx:cad>0</gpxtpx:cad></gpxtpx:TrackPointExtension></extensions></trkpt><trkpt lat="15.3672009800" lon="73.8243535627"><ele>1.10</ele><time>2025-11-14T02:43:02Z</time><extensions><gpxtpx:TrackPointExtension><gpxtpx:cad>0</gpxtpx:cad></gpxtpx:TrackPointExtension></extensions></trkpt><trkpt lat="15.3672078531" lon="73.8245162554"><ele>1.58</ele><time>2025-11-14T02:43:07Z</time><extensions><gpxtpx:TrackPointExtension><gpxtpx:cad>0</gpxtpx:cad></gpxtpx:TrackPointExtension></extensions></trkpt><trkpt lat="15.3672085237" lon="73.8246776909"><ele>1.58</ele><time>2025-11-14T02:43:12Z</time><extensions><gpxtpx:TrackPointExtension><gpxtpx:cad>0</gpxtpx:cad></gpxtpx:TrackPointExtension></extensions></trkpt><trkpt lat="15.3672035784" lon="73.8248407189"><ele>1.58</ele><time>2025-11-14T02:43:17Z</time><extensions><gpxtpx:TrackPointExtension><gpxtpx:cad>0</gpxtpx:cad></gpxtpx:TrackPointExtension></extensions></trkpt><trkpt lat="15.3672187496" lon="73.8249997236"><ele>1.58</ele><time>2025-11-14T02:43:22Z</time><extensions><gpxtpx:TrackPointExtension><gpxtpx:cad>0</gpxtpx:cad></gpxtpx:TrackPointExtension></extensions></trkpt><trkpt lat="15.3672426380" lon="73.8251593150"><ele>1.10</ele><time>2025-11-14T02:43:27Z</time><extensions><gpxtpx:TrackPointExtension><gpxtpx:cad>0</gpxtpx:cad></gpxtpx:TrackPointExtension></extensions></trkpt><trkpt lat="15.3672582284" lon="73.8253137097"><ele>1.10</ele><time>2025-11-14T02:43:32Z</time><extensions><gpxtpx:TrackPointExtension><gpxtpx:cad>0</gpxtpx:cad></gpxtpx:TrackPointExtension></extensions></trkpt><trkpt lat="15.3672672808" lon="73.8254702836"><ele>1.58</ele><time>2025-11-14T02:43:37Z</time><extensions><gpxtpx:TrackPointExtension><gpxtpx:cad>0</gpxtpx:cad></gpxtpx:TrackPointExtension></extensions></trkpt><trkpt lat="15.3672828712" lon="73.8256305456"><ele>1.58</ele><time>2025-11-14T02:43:42Z</time><extensions><gpxtpx:TrackPointExtension><gpxtpx:cad>0</gpxtpx:cad></gpxtpx:TrackPointExtension></extensions></trkpt><trkpt lat="15.3673063405" lon="73.8257900532"><ele>1.58</ele><time>2025-11-14T02:43:47Z</time><extensions><gpxtpx:TrackPointExtension><gpxtpx:cad>0</gpxtpx:cad></gpxtpx:TrackPointExtension></extensions></trkpt><trkpt lat="15.3673307318" lon="73.8259480521"><ele>1.58</ele><time>2025-11-14T02:43:52Z</time><extensions><gpxtpx:TrackPointExtension><gpxtpx:cad>0</gpxtpx:cad></gpxtpx:TrackPointExtension></extensions></trkpt><trkpt lat="15.3673553746" lon="73.8261107448"><ele>2.06</ele><time>2025-11-14T02:43:57Z</time><extensions><gpxtpx:TrackPointExtension><gpxtpx:cad>0</gpxtpx:cad></gpxtpx:TrackPointExtension></extensions></trkpt><trkpt lat="15.3673718870" lon="73.8262738567"><ele>2.54</ele><time>2025-11-14T02:44:02Z</time><extensions><gpxtpx:TrackPointExtension><gpxtpx:cad>0</gpxtpx:cad></gpxtpx:TrackPointExtension></extensions></trkpt><trkpt lat="15.3673950210" lon="73.8264336158"><ele>2.06</ele><time>2025-11-14T02:44:07Z</time><extensions><gpxtpx:TrackPointExtension><gpxtpx:cad>0</gpxtpx:cad></gpxtpx:TrackPointExtension></extensions></trkpt><trkpt lat="15.3674191609" lon="73.8265946321"><ele>1.58</ele><time>2025-11-14T02:44:12Z</time><extensions><gpxtpx:TrackPointExtension><gpxtpx:cad>0</gpxtpx:cad></gpxtpx:TrackPointExtension></extensions></trkpt><trkpt lat="15.3674366791" lon="73.8267483562"><ele>1.58</ele><time>2025-11-14T02:44:17Z</time><extensions><gpxtpx:TrackPointExtension><gpxtpx:cad>0</gpxtpx:cad></gpxtpx:TrackPointExtension></extensions></trkpt><trkpt lat="15.3674501739" lon="73.8269107975"><ele>1.10</ele><time>2025-11-14T02:44:22Z</time><extensions><gpxtpx:TrackPointExtension><gpxtpx:cad>0</gpxtpx:cad></gpxtpx:TrackPointExtension></extensions></trkpt><trkpt lat="15.3674609028" lon="73.8270712271"><ele>1.10</ele><time>2025-11-14T02:44:27Z</time><extensions><gpxtpx:TrackPointExtension><gpxtpx:cad>0</gpxtpx:cad></gpxtpx:TrackPointExtension></extensions></trkpt><trkpt lat="15.3674785048" lon="73.8272353448"><ele>1.10</ele><time>2025-11-14T02:44:32Z</time><extensions><gpxtpx:TrackPointExtension><gpxtpx:cad>0</gpxtpx:cad></gpxtpx:TrackPointExtension></extensions></trkpt><trkpt lat="15.3674985375" lon="73.8273961097"><ele>1.10</ele><time>2025-11-14T02:44:37Z</time><extensions><gpxtpx:TrackPointExtension><gpxtpx:cad>0</gpxtpx:cad></gpxtpx:TrackPointExtension></extensions></trkpt><trkpt lat="15.3675188217" lon="73.8275593054"><ele>1.10</ele><time>2025-11-14T02:44:42Z</time><extensions><gpxtpx:TrackPointExtension><gpxtpx:cad>0</gpxtpx:cad></gpxtpx:TrackPointExtension></extensions></trkpt><trkpt lat="15.3675315622" lon="73.8277103473"><ele>1.58</ele><time>2025-11-14T02:44:47Z</time><extensions><gpxtpx:TrackPointExtension><gpxtpx:cad>0</gpxtpx:cad></gpxtpx:TrackPointExtension></extensions></trkpt><trkpt lat="15.3675459791" lon="73.8278735429"><ele>1.58</ele><time>2025-11-14T02:44:52Z</time><extensions><gpxtpx:TrackPointExtension><gpxtpx:cad>0</gpxtpx:cad></gpxtpx:TrackPointExtension></extensions></trkpt><trkpt lat="15.3675690293" lon="73.8280366547"><ele>1.10</ele><time>2025-11-14T02:44:57Z</time><extensions><gpxtpx:TrackPointExtension><gpxtpx:cad>0</gpxtpx:cad></gpxtpx:TrackPointExtension></extensions></trkpt><trkpt lat="15.3675952647" lon="73.8281938154"><ele>1.10</ele><time>2025-11-14T02:45:02Z</time><extensions><gpxtpx:TrackPointExtension><gpxtpx:cad>0</gpxtpx:cad></gpxtpx:TrackPointExtension></extensions></trkpt><trkpt lat="15.3676228411" lon="73.8283555862"><ele>1.10</ele><time>2025-11-14T02:45:07Z</time><extensions><gpxtpx:TrackPointExtension><gpxtpx:cad>0</gpxtpx:cad></gpxtpx:TrackPointExtension></extensions></trkpt><trkpt lat="15.3676504176" lon="73.8285144232"><ele>1.10</ele><time>2025-11-14T02:45:12Z</time><extensions><gpxtpx:TrackPointExtension><gpxtpx:cad>0</gpxtpx:cad></gpxtpx:TrackPointExtension></extensions></trkpt><trkpt lat="15.3676685225" lon="73.8286734279"><ele>1.10</ele><time>2025-11-14T02:45:17Z</time><extensions><gpxtpx:TrackPointExtension><gpxtpx:cad>0</gpxtpx:cad></gpxtpx:TrackPointExtension></extensions></trkpt><trkpt lat="15.3676762339" lon="73.8288394734"><ele>1.10</ele><time>2025-11-14T02:45:22Z</time><extensions><gpxtpx:TrackPointExtension><gpxtpx:cad>0</gpxtpx:cad></gpxtpx:TrackPointExtension></extensions></trkpt><trkpt lat="15.3676672652" lon="73.8290012442"><ele>1.10</ele><time>2025-11-14T02:45:27Z</time><extensions><gpxtpx:TrackPointExtension><gpxtpx:cad>0</gpxtpx:cad></gpxtpx:TrackPointExtension></extensions></trkpt><trkpt lat="15.3676463943" lon="73.8291523699"><ele>1.10</ele><time>2025-11-14T02:45:32Z</time><extensions><gpxtpx:TrackPointExtension><gpxtpx:cad>0</gpxtpx:cad></gpxtpx:TrackPointExtension></extensions></trkpt><trkpt lat="15.3676056582" lon="73.8293138053"><ele>1.58</ele><time>2025-11-14T02:45:37Z</time><extensions><gpxtpx:TrackPointExtension><gpxtpx:cad>0</gpxtpx:cad></gpxtpx:TrackPointExtension></extensions></trkpt><trkpt lat="15.3675406147" lon="73.8294609915"><ele>1.10</ele><time>2025-11-14T02:45:42Z</time><extensions><gpxtpx:TrackPointExtension><gpxtpx:cad>0</gpxtpx:cad></gpxtpx:TrackPointExtension></extensions></trkpt><trkpt lat="15.3674564604" lon="73.8296002150"><ele>1.58</ele><time>2025-11-14T02:45:47Z</time><extensions><gpxtpx:TrackPointExtension><gpxtpx:cad>0</gpxtpx:cad></gpxtpx:TrackPointExtension></extensions></trkpt><trkpt lat="15.3673554584" lon="73.8297301345"><ele>1.58</ele><time>2025-11-14T02:45:52Z</time><extensions><gpxtpx:TrackPointExtension><gpxtpx:cad>0</gpxtpx:cad></gpxtpx:TrackPointExtension></extensions></trkpt><trkpt lat="15.3672484215" lon="73.8298489060"><ele>1.58</ele><time>2025-11-14T02:45:57Z</time><extensions><gpxtpx:TrackPointExtension><gpxtpx:cad>0</gpxtpx:cad></gpxtpx:TrackPointExtension></extensions></trkpt><trkpt lat="15.3671342600" lon="73.8299685996"><ele>1.58</ele><time>2025-11-14T02:46:02Z</time><extensions><gpxtpx:TrackPointExtension><gpxtpx:cad>0</gpxtpx:cad></gpxtpx:TrackPointExtension></extensions></trkpt><trkpt lat="15.3670107946" lon="73.8300758041"><ele>1.58</ele><time>2025-11-14T02:46:07Z</time><extensions><gpxtpx:TrackPointExtension><gpxtpx:cad>0</gpxtpx:cad></gpxtpx:TrackPointExtension></extensions></trkpt><trkpt lat="15.3668873291" lon="73.8301849365"><ele>2.06</ele><time>2025-11-14T02:46:12Z</time><extensions><gpxtpx:TrackPointExtension><gpxtpx:cad>0</gpxtpx:cad></gpxtpx:TrackPointExtension></extensions></trkpt><trkpt lat="15.3667600919" lon="73.8302845135"><ele>1.58</ele><time>2025-11-14T02:46:17Z</time><extensions><gpxtpx:TrackPointExtension><gpxtpx:cad>0</gpxtpx:cad></gpxtpx:TrackPointExtension></extensions></trkpt><trkpt lat="15.3666339442" lon="73.8303773012"><ele>1.58</ele><time>2025-11-14T02:46:22Z</time><extensions><gpxtpx:TrackPointExtension><gpxtpx:cad>0</gpxtpx:cad></gpxtpx:TrackPointExtension></extensions></trkpt><trkpt lat="15.3665025998" lon="73.8304630481"><ele>1.58</ele><time>2025-11-14T02:46:27Z</time><extensions><gpxtpx:TrackPointExtension><gpxtpx:cad>0</gpxtpx:cad></gpxtpx:TrackPointExtension></extensions></trkpt><trkpt lat="15.3663636278" lon="73.8305437658"><ele>1.58</ele><time>2025-11-14T02:46:32Z</time><extensions><gpxtpx:TrackPointExtension><gpxtpx:cad>0</gpxtpx:cad></gpxtpx:TrackPointExtension></extensions></trkpt><trkpt lat="15.3662228119" lon="73.8306162693"><ele>1.58</ele><time>2025-11-14T02:46:37Z</time><extensions><gpxtpx:TrackPointExtension><gpxtpx:cad>0</gpxtpx:cad></gpxtpx:TrackPointExtension></extensions></trkpt><trkpt lat="15.3660770506" lon="73.8306816481"><ele>1.10</ele><time>2025-11-14T02:46:42Z</time><extensions><gpxtpx:TrackPointExtension><gpxtpx:cad>0</gpxtpx:cad></gpxtpx:TrackPointExtension></extensions></trkpt><trkpt lat="15.3659185488" lon="73.8307138346"><ele>1.10</ele><time>2025-11-14T02:46:47Z</time><extensions><gpxtpx:TrackPointExtension><gpxtpx:cad>0</gpxtpx:cad></gpxtpx:TrackPointExtension></extensions></trkpt><trkpt lat="15.3657562751" lon="73.8307093084"><ele>1.58</ele><time>2025-11-14T02:46:52Z</time><extensions><gpxtpx:TrackPointExtension><gpxtpx:cad>0</gpxtpx:cad></gpxtpx:TrackPointExtension></extensions></trkpt><trkpt lat="15.3655980248" lon="73.8306899462"><ele>1.58</ele><time>2025-11-14T02:46:57Z</time><extensions><gpxtpx:TrackPointExtension><gpxtpx:cad>0</gpxtpx:cad></gpxtpx:TrackPointExtension></extensions></trkpt><trkpt lat="15.3654360026" lon="73.8306745235"><ele>2.06</ele><time>2025-11-14T02:47:02Z</time><extensions><gpxtpx:TrackPointExtension><gpxtpx:cad>0</gpxtpx:cad></gpxtpx:TrackPointExtension></extensions></trkpt><trkpt lat="15.3652777523" lon="73.8306546584"><ele>2.06</ele><time>2025-11-14T02:47:07Z</time><extensions><gpxtpx:TrackPointExtension><gpxtpx:cad>0</gpxtpx:cad></gpxtpx:TrackPointExtension></extensions></trkpt><trkpt lat="15.3651164006" lon="73.8306391519"><ele>1.58</ele><time>2025-11-14T02:47:12Z</time><extensions><gpxtpx:TrackPointExtension><gpxtpx:cad>0</gpxtpx:cad></gpxtpx:TrackPointExtension></extensions></trkpt><trkpt lat="15.3649557196" lon="73.8306292612"><ele>1.58</ele><time>2025-11-14T02:47:17Z</time><extensions><gpxtpx:TrackPointExtension><gpxtpx:cad>0</gpxtpx:cad></gpxtpx:TrackPointExtension></extensions></trkpt><trkpt lat="15.3647954576" lon="73.8306246512"><ele>1.58</ele><time>2025-11-14T02:47:22Z</time><extensions><gpxtpx:TrackPointExtension><gpxtpx:cad>0</gpxtpx:cad></gpxtpx:TrackPointExtension></extensions></trkpt><trkpt lat="15.3646369558" lon="73.8306248188"><ele>1.58</ele><time>2025-11-14T02:47:27Z</time><extensions><gpxtpx:TrackPointExtension><gpxtpx:cad>0</gpxtpx:cad></gpxtpx:TrackPointExtension></extensions></trkpt><trkpt lat="15.3644756041" lon="73.8306399900"><ele>1.58</ele><time>2025-11-14T02:47:32Z</time><extensions><gpxtpx:TrackPointExtension><gpxtpx:cad>0</gpxtpx:cad></gpxtpx:TrackPointExtension></extensions></trkpt><trkpt lat="15.3643176891" lon="73.8306594361"><ele>1.58</ele><time>2025-11-14T02:47:37Z</time><extensions><gpxtpx:TrackPointExtension><gpxtpx:cad>0</gpxtpx:cad></gpxtpx:TrackPointExtension></extensions></trkpt><trkpt lat="15.3641543258" lon="73.8306570053"><ele>1.58</ele><time>2025-11-14T02:47:42Z</time><extensions><gpxtpx:TrackPointExtension><gpxtpx:cad>0</gpxtpx:cad></gpxtpx:TrackPointExtension></extensions></trkpt><trkpt lat="15.3639960755" lon="73.8306335360"><ele>1.58</ele><time>2025-11-14T02:47:47Z</time><extensions><gpxtpx:TrackPointExtension><gpxtpx:cad>0</gpxtpx:cad></gpxtpx:TrackPointExtension></extensions></trkpt><trkpt lat="15.3638370708" lon="73.8306078035"><ele>1.10</ele><time>2025-11-14T02:47:52Z</time><extensions><gpxtpx:TrackPointExtension><gpxtpx:cad>0</gpxtpx:cad></gpxtpx:TrackPointExtension></extensions></trkpt><trkpt lat="15.3636746295" lon="73.8305821549"><ele>1.10</ele><time>2025-11-14T02:47:57Z</time><extensions><gpxtpx:TrackPointExtension><gpxtpx:cad>0</gpxtpx:cad></gpxtpx:TrackPointExtension></extensions></trkpt><trkpt lat="15.3635179717" lon="73.8305497169"><ele>1.10</ele><time>2025-11-14T02:48:02Z</time><extensions><gpxtpx:TrackPointExtension><gpxtpx:cad>0</gpxtpx:cad></gpxtpx:TrackPointExtension></extensions></trkpt><trkpt lat="15.3633582965" lon="73.8305117469"><ele>1.58</ele><time>2025-11-14T02:48:07Z</time><extensions><gpxtpx:TrackPointExtension><gpxtpx:cad>0</gpxtpx:cad></gpxtpx:TrackPointExtension></extensions></trkpt><trkpt lat="15.3631951846" lon="73.8304803986"><ele>2.06</ele><time>2025-11-14T02:48:12Z</time><extensions><gpxtpx:TrackPointExtension><gpxtpx:cad>0</gpxtpx:cad></gpxtpx:TrackPointExtension></extensions></trkpt><trkpt lat="15.3630411252" lon="73.8304521516"><ele>2.06</ele><time>2025-11-14T02:48:17Z</time><extensions><gpxtpx:TrackPointExtension><gpxtpx:cad>0</gpxtpx:cad></gpxtpx:TrackPointExtension></extensions></trkpt><trkpt lat="15.3628837969" lon="73.8304277603"><ele>2.06</ele><time>2025-11-14T02:48:22Z</time><extensions><gpxtpx:TrackPointExtension><gpxtpx:cad>0</gpxtpx:cad></gpxtpx:TrackPointExtension></extensions></trkpt><trkpt lat="15.3627289832" lon="73.8304002676"><ele>1.58</ele><time>2025-11-14T02:48:27Z</time><extensions><gpxtpx:TrackPointExtension><gpxtpx:cad>0</gpxtpx:cad></gpxtpx:TrackPointExtension></extensions></trkpt><trkpt lat="15.3625703137" lon="73.8303567655"><ele>1.10</ele><time>2025-11-14T02:48:32Z</time><extensions><gpxtpx:TrackPointExtension><gpxtpx:cad>0</gpxtpx:cad></gpxtpx:TrackPointExtension></extensions></trkpt><trkpt lat="15.3624129016" lon="73.8303120062"><ele>1.10</ele><time>2025-11-14T02:48:37Z</time><extensions><gpxtpx:TrackPointExtension><gpxtpx:cad>0</gpxtpx:cad></gpxtpx:TrackPointExtension></extensions></trkpt><trkpt lat="15.3622600995" lon="73.8302650675"><ele>1.58</ele><time>2025-11-14T02:48:42Z</time><extensions><gpxtpx:TrackPointExtension><gpxtpx:cad>0</gpxtpx:cad></gpxtpx:TrackPointExtension></extensions></trkpt><trkpt lat="15.3621067107" lon="73.8302043825"><ele>1.10</ele><time>2025-11-14T02:48:47Z</time><extensions><gpxtpx:TrackPointExtension><gpxtpx:cad>0</gpxtpx:cad></gpxtpx:TrackPointExtension></extensions></trkpt><trkpt lat="15.3619549982" lon="73.8301479723"><ele>1.10</ele><time>2025-11-14T02:48:52Z</time><extensions><gpxtpx:TrackPointExtension><gpxtpx:cad>0</gpxtpx:cad></gpxtpx:TrackPointExtension></extensions></trkpt><trkpt lat="15.3618025314" lon="73.8300778996"><ele>1.58</ele><time>2025-11-14T02:48:57Z</time><extensions><gpxtpx:TrackPointExtension><gpxtpx:cad>0</gpxtpx:cad></gpxtpx:TrackPointExtension></extensions></trkpt><trkpt lat="15.3616549261" lon="73.8300094195"><ele>1.58</ele><time>2025-11-14T02:49:02Z</time><extensions><gpxtpx:TrackPointExtension><gpxtpx:cad>0</gpxtpx:cad></gpxtpx:TrackPointExtension></extensions></trkpt><trkpt lat="15.3615009505" lon="73.8299400173"><ele>1.58</ele><time>2025-11-14T02:49:07Z</time><extensions><gpxtpx:TrackPointExtension><gpxtpx:cad>0</gpxtpx:cad></gpxtpx:TrackPointExtension></extensions></trkpt><trkpt lat="15.3613463044" lon="73.8298716210"><ele>1.58</ele><time>2025-11-14T02:49:12Z</time><extensions><gpxtpx:TrackPointExtension><gpxtpx:cad>0</gpxtpx:cad></gpxtpx:TrackPointExtension></extensions></trkpt><trkpt lat="15.3611886408" lon="73.8298425358"><ele>2.06</ele><time>2025-11-14T02:49:17Z</time><extensions><gpxtpx:TrackPointExtension><gpxtpx:cad>0</gpxtpx:cad></gpxtpx:TrackPointExtension></extensions></trkpt><trkpt lat="15.3610327374" lon="73.8298424520"><ele>2.54</ele><time>2025-11-14T02:49:22Z</time><extensions><gpxtpx:TrackPointExtension><gpxtpx:cad>0</gpxtpx:cad></gpxtpx:TrackPointExtension></extensions></trkpt><trkpt lat="15.3608742356" lon="73.8298553601"><ele>3.02</ele><time>2025-11-14T02:49:27Z</time><extensions><gpxtpx:TrackPointExtension><gpxtpx:cad>0</gpxtpx:cad></gpxtpx:TrackPointExtension></extensions></trkpt><trkpt lat="15.3607273009" lon="73.8298932463"><ele>3.02</ele><time>2025-11-14T02:49:32Z</time><extensions><gpxtpx:TrackPointExtension><gpxtpx:cad>0</gpxtpx:cad></gpxtpx:TrackPointExtension></extensions></trkpt><trkpt lat="15.3606055956" lon="73.8299622294"><ele>3.50</ele><time>2025-11-14T02:49:37Z</time><extensions><gpxtpx:TrackPointExtension><gpxtpx:cad>0</gpxtpx:cad></gpxtpx:TrackPointExtension></extensions></trkpt><trkpt lat="15.3604858182" lon="73.8300574478"><ele>3.02</ele><time>2025-11-14T02:49:42Z</time><extensions><gpxtpx:TrackPointExtension><gpxtpx:cad>0</gpxtpx:cad></gpxtpx:TrackPointExtension></extensions></trkpt><trkpt lat="15.3603612632" lon="73.8301474694"><ele>2.06</ele><time>2025-11-14T02:49:47Z</time><extensions><gpxtpx:TrackPointExtension><gpxtpx:cad>0</gpxtpx:cad></gpxtpx:TrackPointExtension></extensions></trkpt><trkpt lat="15.3602454253" lon="73.8302454539"><ele>2.06</ele><time>2025-11-14T02:49:52Z</time><extensions><gpxtpx:TrackPointExtension><gpxtpx:cad>0</gpxtpx:cad></gpxtpx:TrackPointExtension></extensions></trkpt><trkpt lat="15.3601383884" lon="73.8303510658"><ele>2.06</ele><time>2025-11-14T02:49:57Z</time><extensions><gpxtpx:TrackPointExtension><gpxtpx:cad>0</gpxtpx:cad></gpxtpx:TrackPointExtension></extensions></trkpt><trkpt lat="15.3600355424" lon="73.8304775488"><ele>1.58</ele><time>2025-11-14T02:50:02Z</time><extensions><gpxtpx:TrackPointExtension><gpxtpx:cad>0</gpxtpx:cad></gpxtpx:TrackPointExtension></extensions></trkpt><trkpt lat="15.3599539865" lon="73.8305894472"><ele>2.06</ele><time>2025-11-14T02:50:07Z</time><extensions><gpxtpx:TrackPointExtension><gpxtpx:cad>0</gpxtpx:cad></gpxtpx:TrackPointExtension></extensions></trkpt><trkpt lat="15.3598513920" lon="73.8307120744"><ele>2.06</ele><time>2025-11-14T02:50:12Z</time><extensions><gpxtpx:TrackPointExtension><gpxtpx:cad>0</gpxtpx:cad></gpxtpx:TrackPointExtension></extensions></trkpt><trkpt lat="15.3597518150" lon="73.8308270741"><ele>1.58</ele><time>2025-11-14T02:50:17Z</time><extensions><gpxtpx:TrackPointExtension><gpxtpx:cad>0</gpxtpx:cad></gpxtpx:TrackPointExtension></extensions></trkpt><trkpt lat="15.3596585244" lon="73.8309452590"><ele>1.58</ele><time>2025-11-14T02:50:22Z</time><extensions><gpxtpx:TrackPointExtension><gpxtpx:cad>0</gpxtpx:cad></gpxtpx:TrackPointExtension></extensions></trkpt><trkpt lat="15.3595563490" lon="73.8310615998"><ele>1.58</ele><time>2025-11-14T02:50:27Z</time><extensions><gpxtpx:TrackPointExtension><gpxtpx:cad>0</gpxtpx:cad></gpxtpx:TrackPointExtension></extensions></trkpt><trkpt lat="15.3594420198" lon="73.8311534654"><ele>1.10</ele><time>2025-11-14T02:50:32Z</time><extensions><gpxtpx:TrackPointExtension><gpxtpx:cad>0</gpxtpx:cad></gpxtpx:TrackPointExtension></extensions></trkpt><trkpt lat="15.3593299538" lon="73.8312594965"><ele>1.10</ele><time>2025-11-14T02:50:37Z</time><extensions><gpxtpx:TrackPointExtension><gpxtpx:cad>0</gpxtpx:cad></gpxtpx:TrackPointExtension></extensions></trkpt><trkpt lat="15.3592217434" lon="73.8313658629"><ele>1.10</ele><time>2025-11-14T02:50:42Z</time><extensions><gpxtpx:TrackPointExtension><gpxtpx:cad>0</gpxtpx:cad></gpxtpx:TrackPointExtension></extensions></trkpt><trkpt lat="15.3591050673" lon="73.8314761687"><ele>1.10</ele><time>2025-11-14T02:50:47Z</time><extensions><gpxtpx:TrackPointExtension><gpxtpx:cad>0</gpxtpx:cad></gpxtpx:TrackPointExtension></extensions></trkpt><trkpt lat="15.3589952644" lon="73.8315694593"><ele>1.10</ele><time>2025-11-14T02:50:52Z</time><extensions><gpxtpx:TrackPointExtension><gpxtpx:cad>0</gpxtpx:cad></gpxtpx:TrackPointExtension></extensions></trkpt><trkpt lat="15.3588735592" lon="73.8316630013"><ele>0.62</ele><time>2025-11-14T02:50:57Z</time><extensions><gpxtpx:TrackPointExtension><gpxtpx:cad>0</gpxtpx:cad></gpxtpx:TrackPointExtension></extensions></trkpt><trkpt lat="15.3587575536" lon="73.8317580521"><ele>1.10</ele><time>2025-11-14T02:51:02Z</time><extensions><gpxtpx:TrackPointExtension><gpxtpx:cad>0</gpxtpx:cad></gpxtpx:TrackPointExtension></extensions></trkpt><trkpt lat="15.3586342558" lon="73.8318604790"><ele>1.10</ele><time>2025-11-14T02:51:07Z</time><extensions><gpxtpx:TrackPointExtension><gpxtpx:cad>0</gpxtpx:cad></gpxtpx:TrackPointExtension></extensions></trkpt><trkpt lat="15.3585233632" lon="73.8319619838"><ele>1.10</ele><time>2025-11-14T02:51:12Z</time><extensions><gpxtpx:TrackPointExtension><gpxtpx:cad>0</gpxtpx:cad></gpxtpx:TrackPointExtension></extensions></trkpt><trkpt lat="15.3584144823" lon="73.8320648298"><ele>1.10</ele><time>2025-11-14T02:51:17Z</time><extensions><gpxtpx:TrackPointExtension><gpxtpx:cad>0</gpxtpx:cad></gpxtpx:TrackPointExtension></extensions></trkpt><trkpt lat="15.3583001532" lon="73.8321639039"><ele>1.10</ele><time>2025-11-14T02:51:22Z</time><extensions><gpxtpx:TrackPointExtension><gpxtpx:cad>0</gpxtpx:cad></gpxtpx:TrackPointExtension></extensions></trkpt><trkpt lat="15.3581889253" lon="73.8322694320"><ele>1.58</ele><time>2025-11-14T02:51:27Z</time><extensions><gpxtpx:TrackPointExtension><gpxtpx:cad>0</gpxtpx:cad></gpxtpx:TrackPointExtension></extensions></trkpt><trkpt lat="15.3580795415" lon="73.8323799893"><ele>1.58</ele><time>2025-11-14T02:51:32Z</time><extensions><gpxtpx:TrackPointExtension><gpxtpx:cad>0</gpxtpx:cad></gpxtpx:TrackPointExtension></extensions></trkpt><trkpt lat="15.3579730075" lon="73.8324907981"><ele>1.58</ele><time>2025-11-14T02:51:37Z</time><extensions><gpxtpx:TrackPointExtension><gpxtpx:cad>0</gpxtpx:cad></gpxtpx:TrackPointExtension></extensions></trkpt><trkpt lat="15.3578778729" lon="73.8326026127"><ele>1.10</ele><time>2025-11-14T02:51:42Z</time><extensions><gpxtpx:TrackPointExtension><gpxtpx:cad>0</gpxtpx:cad></gpxtpx:TrackPointExtension></extensions></trkpt><trkpt lat="15.3577792179" lon="73.8327206299"><ele>0.62</ele><time>2025-11-14T02:51:47Z</time><extensions><gpxtpx:TrackPointExtension><gpxtpx:cad>0</gpxtpx:cad></gpxtpx:TrackPointExtension></extensions></trkpt><trkpt lat="15.3576831613" lon="73.8328432571"><ele>0.62</ele><time>2025-11-14T02:51:52Z</time><extensions><gpxtpx:TrackPointExtension><gpxtpx:cad>0</gpxtpx:cad></gpxtpx:TrackPointExtension></extensions></trkpt><trkpt lat="15.3575664014" lon="73.8329429179"><ele>0.62</ele><time>2025-11-14T02:51:57Z</time><extensions><gpxtpx:TrackPointExtension><gpxtpx:cad>0</gpxtpx:cad></gpxtpx:TrackPointExtension></extensions></trkpt><trkpt lat="15.3574530780" lon="73.8330424111"><ele>0.62</ele><time>2025-11-14T02:52:02Z</time><extensions><gpxtpx:TrackPointExtension><gpxtpx:cad>0</gpxtpx:cad></gpxtpx:TrackPointExtension></extensions></trkpt><trkpt lat="15.3573413473" lon="73.8331431616"><ele>0.14</ele><time>2025-11-14T02:52:07Z</time><extensions><gpxtpx:TrackPointExtension><gpxtpx:cad>0</gpxtpx:cad></gpxtpx:TrackPointExtension></extensions></trkpt><trkpt lat="15.3572277725" lon="73.8332411461"><ele>0.14</ele><time>2025-11-14T02:52:12Z</time><extensions><gpxtpx:TrackPointExtension><gpxtpx:cad>0</gpxtpx:cad></gpxtpx:TrackPointExtension></extensions></trkpt><trkpt lat="15.3571061511" lon="73.8333362807"><ele>0.62</ele><time>2025-11-14T02:52:17Z</time><extensions><gpxtpx:TrackPointExtension><gpxtpx:cad>0</gpxtpx:cad></gpxtpx:TrackPointExtension></extensions></trkpt><trkpt lat="15.3569883015" lon="73.8334240392"><ele>0.62</ele><time>2025-11-14T02:52:22Z</time><extensions><gpxtpx:TrackPointExtension><gpxtpx:cad>0</gpxtpx:cad></gpxtpx:TrackPointExtension></extensions></trkpt><trkpt lat="15.3568724636" lon="73.8335195929"><ele>0.62</ele><time>2025-11-14T02:52:27Z</time><extensions><gpxtpx:TrackPointExtension><gpxtpx:cad>0</gpxtpx:cad></gpxtpx:TrackPointExtension></extensions></trkpt><trkpt lat="15.3567536920" lon="73.8336170744"><ele>0.14</ele><time>2025-11-14T02:52:32Z</time><extensions><gpxtpx:TrackPointExtension><gpxtpx:cad>0</gpxtpx:cad></gpxtpx:TrackPointExtension></extensions></trkpt><trkpt lat="15.3566552047" lon="73.8337262068"><ele>0.14</ele><time>2025-11-14T02:52:37Z</time><extensions><gpxtpx:TrackPointExtension><gpxtpx:cad>0</gpxtpx:cad></gpxtpx:TrackPointExtension></extensions></trkpt><trkpt lat="15.3565648478" lon="73.8338401169"><ele>0.62</ele><time>2025-11-14T02:52:42Z</time><extensions><gpxtpx:TrackPointExtension><gpxtpx:cad>0</gpxtpx:cad></gpxtpx:TrackPointExtension></extensions></trkpt><trkpt lat="15.3564766701" lon="73.8339566253"><ele>1.10</ele><time>2025-11-14T02:52:47Z</time><extensions><gpxtpx:TrackPointExtension><gpxtpx:cad>0</gpxtpx:cad></gpxtpx:TrackPointExtension></extensions></trkpt><trkpt lat="15.3563843854" lon="73.8340722956"><ele>1.10</ele><time>2025-11-14T02:52:52Z</time><extensions><gpxtpx:TrackPointExtension><gpxtpx:cad>0</gpxtpx:cad></gpxtpx:TrackPointExtension></extensions></trkpt><trkpt lat="15.3563019074" lon="73.8342013769"><ele>1.58</ele><time>2025-11-14T02:52:57Z</time><extensions><gpxtpx:TrackPointExtension><gpxtpx:cad>0</gpxtpx:cad></gpxtpx:TrackPointExtension></extensions></trkpt><trkpt lat="15.3562123887" lon="73.8343247585"><ele>1.58</ele><time>2025-11-14T02:53:02Z</time><extensions><gpxtpx:TrackPointExtension><gpxtpx:cad>0</gpxtpx:cad></gpxtpx:TrackPointExtension></extensions></trkpt><trkpt lat="15.3561118059" lon="73.8344454579"><ele>1.58</ele><time>2025-11-14T02:53:07Z</time><extensions><gpxtpx:TrackPointExtension><gpxtpx:cad>0</gpxtpx:cad></gpxtpx:TrackPointExtension></extensions></trkpt><trkpt lat="15.3560062777" lon="73.8345643133"><ele>2.06</ele><time>2025-11-14T02:53:12Z</time><extensions><gpxtpx:TrackPointExtension><gpxtpx:cad>0</gpxtpx:cad></gpxtpx:TrackPointExtension></extensions></trkpt><trkpt lat="15.3558989055" lon="73.8346786425"><ele>1.58</ele><time>2025-11-14T02:53:17Z</time><extensions><gpxtpx:TrackPointExtension><gpxtpx:cad>0</gpxtpx:cad></gpxtpx:TrackPointExtension></extensions></trkpt><trkpt lat="15.3557891864" lon="73.8348001800"><ele>1.58</ele><time>2025-11-14T02:53:22Z</time><extensions><gpxtpx:TrackPointExtension><gpxtpx:cad>0</gpxtpx:cad></gpxtpx:TrackPointExtension></extensions></trkpt><trkpt lat="15.3556792159" lon="73.8349093962"><ele>1.10</ele><time>2025-11-14T02:53:27Z</time><extensions><gpxtpx:TrackPointExtension><gpxtpx:cad>0</gpxtpx:cad></gpxtpx:TrackPointExtension></extensions></trkpt><trkpt lat="15.3555592708" lon="73.8350250665"><ele>1.10</ele><time>2025-11-14T02:53:32Z</time><extensions><gpxtpx:TrackPointExtension><gpxtpx:cad>0</gpxtpx:cad></gpxtpx:TrackPointExtension></extensions></trkpt><trkpt lat="15.3554415051" lon="73.8351284992"><ele>1.10</ele><time>2025-11-14T02:53:37Z</time><extensions><gpxtpx:TrackPointExtension><gpxtpx:cad>0</gpxtpx:cad></gpxtpx:TrackPointExtension></extensions></trkpt><trkpt lat="15.3553133458" lon="73.8352292497"><ele>0.62</ele><time>2025-11-14T02:53:42Z</time><extensions><gpxtpx:TrackPointExtension><gpxtpx:cad>0</gpxtpx:cad></gpxtpx:TrackPointExtension></extensions></trkpt><trkpt lat="15.3551840968" lon="73.8353180978"><ele>1.10</ele><time>2025-11-14T02:53:47Z</time><extensions><gpxtpx:TrackPointExtension><gpxtpx:cad>0</gpxtpx:cad></gpxtpx:TrackPointExtension></extensions></trkpt><trkpt lat="15.3550485615" lon="73.8354028389"><ele>1.58</ele><time>2025-11-14T02:53:52Z</time><extensions><gpxtpx:TrackPointExtension><gpxtpx:cad>0</gpxtpx:cad></gpxtpx:TrackPointExtension></extensions></trkpt><trkpt lat="15.3549192287" lon="73.8354974706"><ele>1.58</ele><time>2025-11-14T02:53:57Z</time><extensions><gpxtpx:TrackPointExtension><gpxtpx:cad>0</gpxtpx:cad></gpxtpx:TrackPointExtension></extensions></trkpt><trkpt lat="15.3547987808" lon="73.8356006518"><ele>1.58</ele><time>2025-11-14T02:54:02Z</time><extensions><gpxtpx:TrackPointExtension><gpxtpx:cad>0</gpxtpx:cad></gpxtpx:TrackPointExtension></extensions></trkpt><trkpt lat="15.3546861280" lon="73.8357203454"><ele>1.10</ele><time>2025-11-14T02:54:07Z</time><extensions><gpxtpx:TrackPointExtension><gpxtpx:cad>0</gpxtpx:cad></gpxtpx:TrackPointExtension></extensions></trkpt><trkpt lat="15.3545809351" lon="73.8358487561"><ele>1.10</ele><time>2025-11-14T02:54:12Z</time><extensions><gpxtpx:TrackPointExtension><gpxtpx:cad>0</gpxtpx:cad></gpxtpx:TrackPointExtension></extensions></trkpt><trkpt lat="15.3544878960" lon="73.8359769993"><ele>1.10</ele><time>2025-11-14T02:54:17Z</time><extensions><gpxtpx:TrackPointExtension><gpxtpx:cad>0</gpxtpx:cad></gpxtpx:TrackPointExtension></extensions></trkpt><trkpt lat="15.3544073459" lon="73.8361127861"><ele>1.58</ele><time>2025-11-14T02:54:22Z</time><extensions><gpxtpx:TrackPointExtension><gpxtpx:cad>0</gpxtpx:cad></gpxtpx:TrackPointExtension></extensions></trkpt><trkpt lat="15.3543293104" lon="73.8362418674"><ele>2.06</ele><time>2025-11-14T02:54:27Z</time><extensions><gpxtpx:TrackPointExtension><gpxtpx:cad>0</gpxtpx:cad></gpxtpx:TrackPointExtension></extensions></trkpt><trkpt lat="15.3542475030" lon="73.8363810070"><ele>2.54</ele><time>2025-11-14T02:54:32Z</time><extensions><gpxtpx:TrackPointExtension><gpxtpx:cad>0</gpxtpx:cad></gpxtpx:TrackPointExtension></extensions></trkpt><trkpt lat="15.3541686293" lon="73.8365188055"><ele>3.02</ele><time>2025-11-14T02:54:37Z</time><extensions><gpxtpx:TrackPointExtension><gpxtpx:cad>0</gpxtpx:cad></gpxtpx:TrackPointExtension></extensions></trkpt><trkpt lat="15.3540933598" lon="73.8366658241"><ele>3.02</ele><time>2025-11-14T02:54:42Z</time><extensions><gpxtpx:TrackPointExtension><gpxtpx:cad>0</gpxtpx:cad></gpxtpx:TrackPointExtension></extensions></trkpt><trkpt lat="15.3540180903" lon="73.8368081488"><ele>3.02</ele><time>2025-11-14T02:54:47Z</time><extensions><gpxtpx:TrackPointExtension><gpxtpx:cad>0</gpxtpx:cad></gpxtpx:TrackPointExtension></extensions></trkpt><trkpt lat="15.3539382946" lon="73.8369485456"><ele>3.02</ele><time>2025-11-14T02:54:52Z</time><extensions><gpxtpx:TrackPointExtension><gpxtpx:cad>0</gpxtpx:cad></gpxtpx:TrackPointExtension></extensions></trkpt><trkpt lat="15.3538559843" lon="73.8370925467"><ele>3.50</ele><time>2025-11-14T02:54:57Z</time><extensions><gpxtpx:TrackPointExtension><gpxtpx:cad>0</gpxtpx:cad></gpxtpx:TrackPointExtension></extensions></trkpt><trkpt lat="15.3537699021" lon="73.8372242264"><ele>3.98</ele><time>2025-11-14T02:55:02Z</time><extensions><gpxtpx:TrackPointExtension><gpxtpx:cad>0</gpxtpx:cad></gpxtpx:TrackPointExtension></extensions></trkpt><trkpt lat="15.3536891006" lon="73.8373702392"><ele>4.46</ele><time>2025-11-14T02:55:07Z</time><extensions><gpxtpx:TrackPointExtension><gpxtpx:cad>0</gpxtpx:cad></gpxtpx:TrackPointExtension></extensions></trkpt><trkpt lat="15.3536186926" lon="73.8375127316"><ele>4.46</ele><time>2025-11-14T02:55:12Z</time><extensions><gpxtpx:TrackPointExtension><gpxtpx:cad>0</gpxtpx:cad></gpxtpx:TrackPointExtension></extensions></trkpt><trkpt lat="15.3535460215" lon="73.8376611751"><ele>4.46</ele><time>2025-11-14T02:55:17Z</time><extensions><gpxtpx:TrackPointExtension><gpxtpx:cad>0</gpxtpx:cad></gpxtpx:TrackPointExtension></extensions></trkpt><trkpt lat="15.3535036091" lon="73.8378117140"><ele>4.94</ele><time>2025-11-14T02:55:22Z</time><extensions><gpxtpx:TrackPointExtension><gpxtpx:cad>0</gpxtpx:cad></gpxtpx:TrackPointExtension></extensions></trkpt><trkpt lat="15.3534971550" lon="73.8379629236"><ele>4.94</ele><time>2025-11-14T02:55:27Z</time><extensions><gpxtpx:TrackPointExtension><gpxtpx:cad>0</gpxtpx:cad></gpxtpx:TrackPointExtension></extensions></trkpt><trkpt lat="15.3535307664" lon="73.8381201681"><ele>4.94</ele><time>2025-11-14T02:55:32Z</time><extensions><gpxtpx:TrackPointExtension><gpxtpx:cad>0</gpxtpx:cad></gpxtpx:TrackPointExtension></extensions></trkpt><trkpt lat="15.3535864223" lon="73.8382717967"><ele>4.94</ele><time>2025-11-14T02:55:37Z</time><extensions><gpxtpx:TrackPointExtension><gpxtpx:cad>0</gpxtpx:cad></gpxtpx:TrackPointExtension></extensions></trkpt><trkpt lat="15.3536413237" lon="73.8384308852"><ele>4.46</ele><time>2025-11-14T02:55:42Z</time><extensions><gpxtpx:TrackPointExtension><gpxtpx:cad>0</gpxtpx:cad></gpxtpx:TrackPointExtension></extensions></trkpt><trkpt lat="15.3536942136" lon="73.8385761436"><ele>3.50</ele><time>2025-11-14T02:55:47Z</time><extensions><gpxtpx:TrackPointExtension><gpxtpx:cad>0</gpxtpx:cad></gpxtpx:TrackPointExtension></extensions></trkpt><trkpt lat="15.3537585028" lon="73.8387242518"><ele>3.02</ele><time>2025-11-14T02:55:52Z</time><extensions><gpxtpx:TrackPointExtension><gpxtpx:cad>0</gpxtpx:cad></gpxtpx:TrackPointExtension></extensions></trkpt><trkpt lat="15.3538154997" lon="73.8388737012"><ele>3.02</ele><time>2025-11-14T02:55:57Z</time><extensions><gpxtpx:TrackPointExtension><gpxtpx:cad>0</gpxtpx:cad></gpxtpx:TrackPointExtension></extensions></trkpt><trkpt lat="15.3538766038" lon="73.8390213065"><ele>2.06</ele><time>2025-11-14T02:56:02Z</time><extensions><gpxtpx:TrackPointExtension><gpxtpx:cad>0</gpxtpx:cad></gpxtpx:TrackPointExtension></extensions></trkpt><trkpt lat="15.3539467603" lon="73.8391663972"><ele>2.06</ele><time>2025-11-14T02:56:07Z</time><extensions><gpxtpx:TrackPointExtension><gpxtpx:cad>0</gpxtpx:cad></gpxtpx:TrackPointExtension></extensions></trkpt><trkpt lat="15.3540039249" lon="73.8393196184"><ele>2.06</ele><time>2025-11-14T02:56:12Z</time><extensions><gpxtpx:TrackPointExtension><gpxtpx:cad>0</gpxtpx:cad></gpxtpx:TrackPointExtension></extensions></trkpt><trkpt lat="15.3540340997" lon="73.8394794613"><ele>2.06</ele><time>2025-11-14T02:56:17Z</time><extensions><gpxtpx:TrackPointExtension><gpxtpx:cad>0</gpxtpx:cad></gpxtpx:TrackPointExtension></extensions></trkpt><trkpt lat="15.3540633526" lon="73.8396315929"><ele>2.06</ele><time>2025-11-14T02:56:22Z</time><extensions><gpxtpx:TrackPointExtension><gpxtpx:cad>0</gpxtpx:cad></gpxtpx:TrackPointExtension></extensions></trkpt><trkpt lat="15.3541351855" lon="73.8397724088"><ele>2.06</ele><time>2025-11-14T02:56:27Z</time><extensions><gpxtpx:TrackPointExtension><gpxtpx:cad>0</gpxtpx:cad></gpxtpx:TrackPointExtension></extensions></trkpt><trkpt lat="15.3542432282" lon="73.8399006519"><ele>1.58</ele><time>2025-11-14T02:56:32Z</time><extensions><gpxtpx:TrackPointExtension><gpxtpx:cad>0</gpxtpx:cad></gpxtpx:TrackPointExtension></extensions></trkpt><trkpt lat="15.3543323278" lon="73.8400255423"><ele>1.10</ele><time>2025-11-14T02:56:37Z</time><extensions><gpxtpx:TrackPointExtension><gpxtpx:cad>0</gpxtpx:cad></gpxtpx:TrackPointExtension></extensions></trkpt><trkpt lat="15.3544118721" lon="73.8401652686"><ele>1.58</ele><time>2025-11-14T02:56:42Z</time><extensions><gpxtpx:TrackPointExtension><gpxtpx:cad>0</gpxtpx:cad></gpxtpx:TrackPointExtension></extensions></trkpt><trkpt lat="15.3544863872" lon="73.8403085154"><ele>2.06</ele><time>2025-11-14T02:56:47Z</time><extensions><gpxtpx:TrackPointExtension><gpxtpx:cad>0</gpxtpx:cad></gpxtpx:TrackPointExtension></extensions></trkpt><trkpt lat="15.3545570467" lon="73.8404582161"><ele>2.54</ele><time>2025-11-14T02:56:52Z</time><extensions><gpxtpx:TrackPointExtension><gpxtpx:cad>0</gpxtpx:cad></gpxtpx:TrackPointExtension></extensions></trkpt><trkpt lat="15.3546103556" lon="73.8406079169"><ele>2.06</ele><time>2025-11-14T02:56:57Z</time><extensions><gpxtpx:TrackPointExtension><gpxtpx:cad>0</gpxtpx:cad></gpxtpx:TrackPointExtension></extensions></trkpt><trkpt lat="15.3546603955" lon="73.8407615572"><ele>2.06</ele><time>2025-11-14T02:57:02Z</time><extensions><gpxtpx:TrackPointExtension><gpxtpx:cad>0</gpxtpx:cad></gpxtpx:TrackPointExtension></extensions></trkpt><trkpt lat="15.3547054902" lon="73.8409169577"><ele>2.54</ele><time>2025-11-14T02:57:07Z</time><extensions><gpxtpx:TrackPointExtension><gpxtpx:cad>0</gpxtpx:cad></gpxtpx:TrackPointExtension></extensions></trkpt><trkpt lat="15.3547508363" lon="73.8410673290"><ele>2.54</ele><time>2025-11-14T02:57:12Z</time><extensions><gpxtpx:TrackPointExtension><gpxtpx:cad>0</gpxtpx:cad></gpxtpx:TrackPointExtension></extensions></trkpt><trkpt lat="15.3548054863" lon="73.8412268367"><ele>3.02</ele><time>2025-11-14T02:57:17Z</time><extensions><gpxtpx:TrackPointExtension><gpxtpx:cad>0</gpxtpx:cad></gpxtpx:TrackPointExtension></extensions></trkpt><trkpt lat="15.3548537660" lon="73.8413757831"><ele>3.02</ele><time>2025-11-14T02:57:22Z</time><extensions><gpxtpx:TrackPointExtension><gpxtpx:cad>0</gpxtpx:cad></gpxtpx:TrackPointExtension></extensions></trkpt><trkpt lat="15.3548985254" lon="73.8415292557"><ele>3.02</ele><time>2025-11-14T02:57:27Z</time><extensions><gpxtpx:TrackPointExtension><gpxtpx:cad>0</gpxtpx:cad></gpxtpx:TrackPointExtension></extensions></trkpt><trkpt lat="15.3549415246" lon="73.8416826446"><ele>3.02</ele><time>2025-11-14T02:57:32Z</time><extensions><gpxtpx:TrackPointExtension><gpxtpx:cad>0</gpxtpx:cad></gpxtpx:TrackPointExtension></extensions></trkpt><trkpt lat="15.3549872059" lon="73.8418374583"><ele>3.50</ele><time>2025-11-14T02:57:37Z</time><extensions><gpxtpx:TrackPointExtension><gpxtpx:cad>0</gpxtpx:cad></gpxtpx:TrackPointExtension></extensions></trkpt><trkpt lat="15.3550454602" lon="73.8419962954"><ele>3.50</ele><time>2025-11-14T02:57:42Z</time><extensions><gpxtpx:TrackPointExtension><gpxtpx:cad>0</gpxtpx:cad></gpxtpx:TrackPointExtension></extensions></trkpt><trkpt lat="15.3550944105" lon="73.8421478402"><ele>3.02</ele><time>2025-11-14T02:57:47Z</time><extensions><gpxtpx:TrackPointExtension><gpxtpx:cad>0</gpxtpx:cad></gpxtpx:TrackPointExtension></extensions></trkpt><trkpt lat="15.3551398404" lon="73.8423052523"><ele>3.02</ele><time>2025-11-14T02:57:52Z</time><extensions><gpxtpx:TrackPointExtension><gpxtpx:cad>0</gpxtpx:cad></gpxtpx:TrackPointExtension></extensions></trkpt><trkpt lat="15.3551881202" lon="73.8424637541"><ele>3.02</ele><time>2025-11-14T02:57:57Z</time><extensions><gpxtpx:TrackPointExtension><gpxtpx:cad>0</gpxtpx:cad></gpxtpx:TrackPointExtension></extensions></trkpt><trkpt lat="15.3552392498" lon="73.8426172268"><ele>2.54</ele><time>2025-11-14T02:58:02Z</time><extensions><gpxtpx:TrackPointExtension><gpxtpx:cad>0</gpxtpx:cad></gpxtpx:TrackPointExtension></extensions></trkpt><trkpt lat="15.3552965820" lon="73.8427660055"><ele>2.06</ele><time>2025-11-14T02:58:07Z</time><extensions><gpxtpx:TrackPointExtension><gpxtpx:cad>0</gpxtpx:cad></gpxtpx:TrackPointExtension></extensions></trkpt><trkpt lat="15.3553543333" lon="73.8429196458"><ele>2.06</ele><time>2025-11-14T02:58:12Z</time><extensions><gpxtpx:TrackPointExtension><gpxtpx:cad>0</gpxtpx:cad></gpxtpx:TrackPointExtension></extensions></trkpt><trkpt lat="15.3554263338" lon="73.8430628926"><ele>2.06</ele><time>2025-11-14T02:58:17Z</time><extensions><gpxtpx:TrackPointExtension><gpxtpx:cad>0</gpxtpx:cad></gpxtpx:TrackPointExtension></extensions></trkpt><trkpt lat="15.3554985859" lon="73.8432021998"><ele>2.06</ele><time>2025-11-14T02:58:22Z</time><extensions><gpxtpx:TrackPointExtension><gpxtpx:cad>0</gpxtpx:cad></gpxtpx:TrackPointExtension></extensions></trkpt><trkpt lat="15.3555565048" lon="73.8433519844"><ele>1.58</ele><time>2025-11-14T02:58:27Z</time><extensions><gpxtpx:TrackPointExtension><gpxtpx:cad>0</gpxtpx:cad></gpxtpx:TrackPointExtension></extensions></trkpt><trkpt lat="15.3556104004" lon="73.8435052056"><ele>2.06</ele><time>2025-11-14T02:58:32Z</time><extensions><gpxtpx:TrackPointExtension><gpxtpx:cad>0</gpxtpx:cad></gpxtpx:TrackPointExtension></extensions></trkpt><trkpt lat="15.3556575067" lon="73.8436575886"><ele>2.06</ele><time>2025-11-14T02:58:37Z</time><extensions><gpxtpx:TrackPointExtension><gpxtpx:cad>0</gpxtpx:cad></gpxtpx:TrackPointExtension></extensions></trkpt><trkpt lat="15.3557090554" lon="73.8438150007"><ele>1.58</ele><time>2025-11-14T02:58:42Z</time><extensions><gpxtpx:TrackPointExtension><gpxtpx:cad>0</gpxtpx:cad></gpxtpx:TrackPointExtension></extensions></trkpt><trkpt lat="15.3557533119" lon="73.8439656235"><ele>1.58</ele><time>2025-11-14T02:58:47Z</time><extensions><gpxtpx:TrackPointExtension><gpxtpx:cad>0</gpxtpx:cad></gpxtpx:TrackPointExtension></extensions></trkpt><trkpt lat="15.3557958081" lon="73.8441201020"><ele>1.58</ele><time>2025-11-14T02:58:52Z</time><extensions><gpxtpx:TrackPointExtension><gpxtpx:cad>0</gpxtpx:cad></gpxtpx:TrackPointExtension></extensions></trkpt><trkpt lat="15.3558427468" lon="73.8442732394"><ele>1.58</ele><time>2025-11-14T02:58:57Z</time><extensions><gpxtpx:TrackPointExtension><gpxtpx:cad>0</gpxtpx:cad></gpxtpx:TrackPointExtension></extensions></trkpt><trkpt lat="15.3558901045" lon="73.8444291428"><ele>2.06</ele><time>2025-11-14T02:59:02Z</time><extensions><gpxtpx:TrackPointExtension><gpxtpx:cad>0</gpxtpx:cad></gpxtpx:TrackPointExtension></extensions></trkpt><trkpt lat="15.3559328523" lon="73.8445826992"><ele>2.06</ele><time>2025-11-14T02:59:07Z</time><extensions><gpxtpx:TrackPointExtension><gpxtpx:cad>0</gpxtpx:cad></gpxtpx:TrackPointExtension></extensions></trkpt><trkpt lat="15.3559787851" lon="73.8447421230"><ele>2.54</ele><time>2025-11-14T02:59:12Z</time><extensions><gpxtpx:TrackPointExtension><gpxtpx:cad>0</gpxtpx:cad></gpxtpx:TrackPointExtension></extensions></trkpt><trkpt lat="15.3560222872" lon="73.8449038938"><ele>2.54</ele><time>2025-11-14T02:59:17Z</time><extensions><gpxtpx:TrackPointExtension><gpxtpx:cad>0</gpxtpx:cad></gpxtpx:TrackPointExtension></extensions></trkpt><trkpt lat="15.3560656216" lon="73.8450577017"><ele>2.06</ele><time>2025-11-14T02:59:22Z</time><extensions><gpxtpx:TrackPointExtension><gpxtpx:cad>0</gpxtpx:cad></gpxtpx:TrackPointExtension></extensions></trkpt><trkpt lat="15.3561147396" lon="73.8452100847"><ele>2.06</ele><time>2025-11-14T02:59:27Z</time><extensions><gpxtpx:TrackPointExtension><gpxtpx:cad>0</gpxtpx:cad></gpxtpx:TrackPointExtension></extensions></trkpt><trkpt lat="15.3561750893" lon="73.8453604560"><ele>2.06</ele><time>2025-11-14T02:59:32Z</time><extensions><gpxtpx:TrackPointExtension><gpxtpx:cad>0</gpxtpx:cad></gpxtpx:TrackPointExtension></extensions></trkpt><trkpt lat="15.3562422283" lon="73.8455134258"><ele>2.54</ele><time>2025-11-14T02:59:37Z</time><extensions><gpxtpx:TrackPointExtension><gpxtpx:cad>0</gpxtpx:cad></gpxtpx:TrackPointExtension></extensions></trkpt><trkpt lat="15.3562999796" lon="73.8456580974"><ele>2.54</ele><time>2025-11-14T02:59:42Z</time><extensions><gpxtpx:TrackPointExtension><gpxtpx:cad>0</gpxtpx:cad></gpxtpx:TrackPointExtension></extensions></trkpt><trkpt lat="15.3563504387" lon="73.8458103128"><ele>2.54</ele><time>2025-11-14T02:59:47Z</time><extensions><gpxtpx:TrackPointExtension><gpxtpx:cad>0</gpxtpx:cad></gpxtpx:TrackPointExtension></extensions></trkpt><trkpt lat="15.3563971259" lon="73.8459632825"><ele>2.06</ele><time>2025-11-14T02:59:52Z</time><extensions><gpxtpx:TrackPointExtension><gpxtpx:cad>0</gpxtpx:cad></gpxtpx:TrackPointExtension></extensions></trkpt><trkpt lat="15.3564499319" lon="73.8461203594"><ele>1.58</ele><time>2025-11-14T02:59:57Z</time><extensions><gpxtpx:TrackPointExtension><gpxtpx:cad>0</gpxtpx:cad></gpxtpx:TrackPointExtension></extensions></trkpt><trkpt lat="15.3565030731" lon="73.8462701440"><ele>1.58</ele><time>2025-11-14T03:00:02Z</time><extensions><gpxtpx:TrackPointExtension><gpxtpx:cad>0</gpxtpx:cad></gpxtpx:TrackPointExtension></extensions></trkpt><trkpt lat="15.3565519396" lon="73.8464215212"><ele>1.58</ele><time>2025-11-14T03:00:07Z</time><extensions><gpxtpx:TrackPointExtension><gpxtpx:cad>0</gpxtpx:cad></gpxtpx:TrackPointExtension></extensions></trkpt><trkpt lat="15.3566018958" lon="73.8465771731"><ele>1.58</ele><time>2025-11-14T03:00:12Z</time><extensions><gpxtpx:TrackPointExtension><gpxtpx:cad>0</gpxtpx:cad></gpxtpx:TrackPointExtension></extensions></trkpt><trkpt lat="15.3566524386" lon="73.8467358425"><ele>1.58</ele><time>2025-11-14T03:00:17Z</time><extensions><gpxtpx:TrackPointExtension><gpxtpx:cad>0</gpxtpx:cad></gpxtpx:TrackPointExtension></extensions></trkpt><trkpt lat="15.3567011375" lon="73.8468925841"><ele>1.58</ele><time>2025-11-14T03:00:22Z</time><extensions><gpxtpx:TrackPointExtension><gpxtpx:cad>0</gpxtpx:cad></gpxtpx:TrackPointExtension></extensions></trkpt><trkpt lat="15.3567500040" lon="73.8470493257"><ele>1.10</ele><time>2025-11-14T03:00:27Z</time><extensions><gpxtpx:TrackPointExtension><gpxtpx:cad>0</gpxtpx:cad></gpxtpx:TrackPointExtension></extensions></trkpt><trkpt lat="15.3568033129" lon="73.8472014572"><ele>1.58</ele><time>2025-11-14T03:00:32Z</time><extensions><gpxtpx:TrackPointExtension><gpxtpx:cad>0</gpxtpx:cad></gpxtpx:TrackPointExtension></extensions></trkpt><trkpt lat="15.3568555322" lon="73.8473567739"><ele>1.10</ele><time>2025-11-14T03:00:37Z</time><extensions><gpxtpx:TrackPointExtension><gpxtpx:cad>0</gpxtpx:cad></gpxtpx:TrackPointExtension></extensions></trkpt><trkpt lat="15.3569037281" lon="73.8475091569"><ele>1.58</ele><time>2025-11-14T03:00:42Z</time><extensions><gpxtpx:TrackPointExtension><gpxtpx:cad>0</gpxtpx:cad></gpxtpx:TrackPointExtension></extensions></trkpt><trkpt lat="15.3569566179" lon="73.8476627134"><ele>1.58</ele><time>2025-11-14T03:00:47Z</time><extensions><gpxtpx:TrackPointExtension><gpxtpx:cad>0</gpxtpx:cad></gpxtpx:TrackPointExtension></extensions></trkpt><trkpt lat="15.3570078313" lon="73.8478152640"><ele>1.58</ele><time>2025-11-14T03:00:52Z</time><extensions><gpxtpx:TrackPointExtension><gpxtpx:cad>0</gpxtpx:cad></gpxtpx:TrackPointExtension></extensions></trkpt><trkpt lat="15.3570614755" lon="73.8479674794"><ele>2.06</ele><time>2025-11-14T03:00:57Z</time><extensions><gpxtpx:TrackPointExtension><gpxtpx:cad>0</gpxtpx:cad></gpxtpx:TrackPointExtension></extensions></trkpt><trkpt lat="15.3571194783" lon="73.8481209520"><ele>2.06</ele><time>2025-11-14T03:01:02Z</time><extensions><gpxtpx:TrackPointExtension><gpxtpx:cad>0</gpxtpx:cad></gpxtpx:TrackPointExtension></extensions></trkpt><trkpt lat="15.3571747150" lon="73.8482710719"><ele>2.06</ele><time>2025-11-14T03:01:07Z</time><extensions><gpxtpx:TrackPointExtension><gpxtpx:cad>0</gpxtpx:cad></gpxtpx:TrackPointExtension></extensions></trkpt><trkpt lat="15.3572333045" lon="73.8484237064"><ele>2.06</ele><time>2025-11-14T03:01:12Z</time><extensions><gpxtpx:TrackPointExtension><gpxtpx:cad>0</gpxtpx:cad></gpxtpx:TrackPointExtension></extensions></trkpt><trkpt lat="15.3572928999" lon="73.8485752512"><ele>1.10</ele><time>2025-11-14T03:01:17Z</time><extensions><gpxtpx:TrackPointExtension><gpxtpx:cad>0</gpxtpx:cad></gpxtpx:TrackPointExtension></extensions></trkpt><trkpt lat="15.3573498968" lon="73.8487297297"><ele>1.10</ele><time>2025-11-14T03:01:22Z</time><extensions><gpxtpx:TrackPointExtension><gpxtpx:cad>0</gpxtpx:cad></gpxtpx:TrackPointExtension></extensions></trkpt><trkpt lat="15.3574059717" lon="73.8488757424"><ele>1.10</ele><time>2025-11-14T03:01:27Z</time><extensions><gpxtpx:TrackPointExtension><gpxtpx:cad>0</gpxtpx:cad></gpxtpx:TrackPointExtension></extensions></trkpt><trkpt lat="15.3574737813" lon="73.8490265328"><ele>1.10</ele><time>2025-11-14T03:01:32Z</time><extensions><gpxtpx:TrackPointExtension><gpxtpx:cad>0</gpxtpx:cad></gpxtpx:TrackPointExtension></extensions></trkpt><trkpt lat="15.3575549182" lon="73.8491743896"><ele>1.10</ele><time>2025-11-14T03:01:37Z</time><extensions><gpxtpx:TrackPointExtension><gpxtpx:cad>0</gpxtpx:cad></gpxtpx:TrackPointExtension></extensions></trkpt><trkpt lat="15.3576097358" lon="73.8493233360"><ele>0.62</ele><time>2025-11-14T03:01:42Z</time><extensions><gpxtpx:TrackPointExtension><gpxtpx:cad>0</gpxtpx:cad></gpxtpx:TrackPointExtension></extensions></trkpt><trkpt lat="15.3576505557" lon="73.8494735397"><ele>0.62</ele><time>2025-11-14T03:01:47Z</time><extensions><gpxtpx:TrackPointExtension><gpxtpx:cad>0</gpxtpx:cad></gpxtpx:TrackPointExtension></extensions></trkpt><trkpt lat="15.3576874360" lon="73.8496327121"><ele>1.10</ele><time>2025-11-14T03:01:52Z</time><extensions><gpxtpx:TrackPointExtension><gpxtpx:cad>0</gpxtpx:cad></gpxtpx:TrackPointExtension></extensions></trkpt><trkpt lat="15.3577273339" lon="73.8497884478"><ele>1.10</ele><time>2025-11-14T03:01:57Z</time><extensions><gpxtpx:TrackPointExtension><gpxtpx:cad>0</gpxtpx:cad></gpxtpx:TrackPointExtension></extensions></trkpt><trkpt lat="15.3578071296" lon="73.8499278389"><ele>1.10</ele><time>2025-11-14T03:02:02Z</time><extensions><gpxtpx:TrackPointExtension><gpxtpx:cad>0</gpxtpx:cad></gpxtpx:TrackPointExtension></extensions></trkpt><trkpt lat="15.3578932118" lon="73.8500623684"><ele>1.10</ele><time>2025-11-14T03:02:07Z</time><extensions><gpxtpx:TrackPointExtension><gpxtpx:cad>0</gpxtpx:cad></gpxtpx:TrackPointExtension></extensions></trkpt><trkpt lat="15.3579724208" lon="73.8502005022"><ele>1.58</ele><time>2025-11-14T03:02:12Z</time><extensions><gpxtpx:TrackPointExtension><gpxtpx:cad>0</gpxtpx:cad></gpxtpx:TrackPointExtension></extensions></trkpt><trkpt lat="15.3580513783" lon="73.8503495324"><ele>1.58</ele><time>2025-11-14T03:02:17Z</time><extensions><gpxtpx:TrackPointExtension><gpxtpx:cad>0</gpxtpx:cad></gpxtpx:TrackPointExtension></extensions></trkpt><trkpt lat="15.3581211995" lon="73.8504970539"><ele>1.10</ele><time>2025-11-14T03:02:22Z</time><extensions><gpxtpx:TrackPointExtension><gpxtpx:cad>0</gpxtpx:cad></gpxtpx:TrackPointExtension></extensions></trkpt><trkpt lat="15.3581878357" lon="73.8506411389"><ele>0.62</ele><time>2025-11-14T03:02:27Z</time><extensions><gpxtpx:TrackPointExtension><gpxtpx:cad>0</gpxtpx:cad></gpxtpx:TrackPointExtension></extensions></trkpt><trkpt lat="15.3582551423" lon="73.8507905044"><ele>1.10</ele><time>2025-11-14T03:02:32Z</time><extensions><gpxtpx:TrackPointExtension><gpxtpx:cad>0</gpxtpx:cad></gpxtpx:TrackPointExtension></extensions></trkpt><trkpt lat="15.3583227843" lon="73.8509394508"><ele>1.10</ele><time>2025-11-14T03:02:37Z</time><extensions><gpxtpx:TrackPointExtension><gpxtpx:cad>0</gpxtpx:cad></gpxtpx:TrackPointExtension></extensions></trkpt><trkpt lat="15.3583865706" lon="73.8510821946"><ele>0.62</ele><time>2025-11-14T03:02:42Z</time><extensions><gpxtpx:TrackPointExtension><gpxtpx:cad>0</gpxtpx:cad></gpxtpx:TrackPointExtension></extensions></trkpt><trkpt lat="15.3584510274" lon="73.8512318116"><ele>0.14</ele><time>2025-11-14T03:02:47Z</time><extensions><gpxtpx:TrackPointExtension><gpxtpx:cad>0</gpxtpx:cad></gpxtpx:TrackPointExtension></extensions></trkpt><trkpt lat="15.3585215192" lon="73.8513837755"><ele>0.14</ele><time>2025-11-14T03:02:52Z</time><extensions><gpxtpx:TrackPointExtension><gpxtpx:cad>0</gpxtpx:cad></gpxtpx:TrackPointExtension></extensions></trkpt><trkpt lat="15.3585863952" lon="73.8515284471"><ele>0.14</ele><time>2025-11-14T03:02:57Z</time><extensions><gpxtpx:TrackPointExtension><gpxtpx:cad>0</gpxtpx:cad></gpxtpx:TrackPointExtension></extensions></trkpt><trkpt lat="15.3586459905" lon="73.8516760524"><ele>0.14</ele><time>2025-11-14T03:03:02Z</time><extensions><gpxtpx:TrackPointExtension><gpxtpx:cad>0</gpxtpx:cad></gpxtpx:TrackPointExtension></extensions></trkpt><trkpt lat="15.3587165661" lon="73.8518260047"><ele>0.14</ele><time>2025-11-14T03:03:07Z</time><extensions><gpxtpx:TrackPointExtension><gpxtpx:cad>0</gpxtpx:cad></gpxtpx:TrackPointExtension></extensions></trkpt><trkpt lat="15.3587915003" lon="73.8519749511"><ele>0.14</ele><time>2025-11-14T03:03:12Z</time><extensions><gpxtpx:TrackPointExtension><gpxtpx:cad>0</gpxtpx:cad></gpxtpx:TrackPointExtension></extensions></trkpt><trkpt lat="15.3588724695" lon="73.8521119952"><ele>0.62</ele><time>2025-11-14T03:03:17Z</time><extensions><gpxtpx:TrackPointExtension><gpxtpx:cad>0</gpxtpx:cad></gpxtpx:TrackPointExtension></extensions></trkpt><trkpt lat="15.3589396086" lon="73.8522518892"><ele>1.10</ele><time>2025-11-14T03:03:22Z</time><extensions><gpxtpx:TrackPointExtension><gpxtpx:cad>0</gpxtpx:cad></gpxtpx:TrackPointExtension></extensions></trkpt><trkpt lat="15.3589890618" lon="73.8524071220"><ele>1.10</ele><time>2025-11-14T03:03:27Z</time><extensions><gpxtpx:TrackPointExtension><gpxtpx:cad>0</gpxtpx:cad></gpxtpx:TrackPointExtension></extensions></trkpt><trkpt lat="15.3590399399" lon="73.8525631092"><ele>2.06</ele><time>2025-11-14T03:03:32Z</time><extensions><gpxtpx:TrackPointExtension><gpxtpx:cad>0</gpxtpx:cad></gpxtpx:TrackPointExtension></extensions></trkpt><trkpt lat="15.3590986133" lon="73.8527144864"><ele>2.06</ele><time>2025-11-14T03:03:37Z</time><extensions><gpxtpx:TrackPointExtension><gpxtpx:cad>0</gpxtpx:cad></gpxtpx:TrackPointExtension></extensions></trkpt><trkpt lat="15.3591596335" lon="73.8528681267"><ele>2.06</ele><time>2025-11-14T03:03:42Z</time><extensions><gpxtpx:TrackPointExtension><gpxtpx:cad>0</gpxtpx:cad></gpxtpx:TrackPointExtension></extensions></trkpt><trkpt lat="15.3592152055" lon="73.8530232757"><ele>2.06</ele><time>2025-11-14T03:03:47Z</time><extensions><gpxtpx:TrackPointExtension><gpxtpx:cad>0</gpxtpx:cad></gpxtpx:TrackPointExtension></extensions></trkpt><trkpt lat="15.3592545167" lon="73.8531835377"><ele>1.58</ele><time>2025-11-14T03:03:52Z</time><extensions><gpxtpx:TrackPointExtension><gpxtpx:cad>0</gpxtpx:cad></gpxtpx:TrackPointExtension></extensions></trkpt><trkpt lat="15.3592991922" lon="73.8533455599"><ele>1.58</ele><time>2025-11-14T03:03:57Z</time><extensions><gpxtpx:TrackPointExtension><gpxtpx:cad>0</gpxtpx:cad></gpxtpx:TrackPointExtension></extensions></trkpt><trkpt lat="15.3593378328" lon="73.8535023853"><ele>2.06</ele><time>2025-11-14T03:04:02Z</time><extensions><gpxtpx:TrackPointExtension><gpxtpx:cad>0</gpxtpx:cad></gpxtpx:TrackPointExtension></extensions></trkpt><trkpt lat="15.3593784850" lon="73.8536628988"><ele>2.06</ele><time>2025-11-14T03:04:07Z</time><extensions><gpxtpx:TrackPointExtension><gpxtpx:cad>0</gpxtpx:cad></gpxtpx:TrackPointExtension></extensions></trkpt><trkpt lat="15.3594182990" lon="73.8538211491"><ele>2.06</ele><time>2025-11-14T03:04:12Z</time><extensions><gpxtpx:TrackPointExtension><gpxtpx:cad>0</gpxtpx:cad></gpxtpx:TrackPointExtension></extensions></trkpt><trkpt lat="15.3594581969" lon="73.8539803214"><ele>2.06</ele><time>2025-11-14T03:04:17Z</time><extensions><gpxtpx:TrackPointExtension><gpxtpx:cad>0</gpxtpx:cad></gpxtpx:TrackPointExtension></extensions></trkpt><trkpt lat="15.3594847675" lon="73.8541420922"><ele>2.54</ele><time>2025-11-14T03:04:22Z</time><extensions><gpxtpx:TrackPointExtension><gpxtpx:cad>0</gpxtpx:cad></gpxtpx:TrackPointExtension></extensions></trkpt><trkpt lat="15.3594999388" lon="73.8543083053"><ele>3.02</ele><time>2025-11-14T03:04:27Z</time><extensions><gpxtpx:TrackPointExtension><gpxtpx:cad>0</gpxtpx:cad></gpxtpx:TrackPointExtension></extensions></trkpt><trkpt lat="15.3595301975" lon="73.8544621132"><ele>3.02</ele><time>2025-11-14T03:04:32Z</time><extensions><gpxtpx:TrackPointExtension><gpxtpx:cad>0</gpxtpx:cad></gpxtpx:TrackPointExtension></extensions></trkpt><trkpt lat="15.3595858533" lon="73.8546180166"><ele>3.02</ele><time>2025-11-14T03:04:37Z</time><extensions><gpxtpx:TrackPointExtension><gpxtpx:cad>0</gpxtpx:cad></gpxtpx:TrackPointExtension></extensions></trkpt><trkpt lat="15.3596413415" lon="73.8547712378"><ele>3.02</ele><time>2025-11-14T03:04:42Z</time><extensions><gpxtpx:TrackPointExtension><gpxtpx:cad>0</gpxtpx:cad></gpxtpx:TrackPointExtension></extensions></trkpt><trkpt lat="15.3596849274" lon="73.8549236208"><ele>3.02</ele><time>2025-11-14T03:04:47Z</time><extensions><gpxtpx:TrackPointExtension><gpxtpx:cad>0</gpxtpx:cad></gpxtpx:TrackPointExtension></extensions></trkpt><trkpt lat="15.3597332910" lon="73.8550762553"><ele>3.02</ele><time>2025-11-14T03:04:52Z</time><extensions><gpxtpx:TrackPointExtension><gpxtpx:cad>0</gpxtpx:cad></gpxtpx:TrackPointExtension></extensions></trkpt><trkpt lat="15.3597812355" lon="73.8552396186"><ele>2.06</ele><time>2025-11-14T03:04:57Z</time><extensions><gpxtpx:TrackPointExtension><gpxtpx:cad>0</gpxtpx:cad></gpxtpx:TrackPointExtension></extensions></trkpt><trkpt lat="15.3598257434" lon="73.8554019760"><ele>2.06</ele><time>2025-11-14T03:05:02Z</time><extensions><gpxtpx:TrackPointExtension><gpxtpx:cad>0</gpxtpx:cad></gpxtpx:TrackPointExtension></extensions></trkpt><trkpt lat="15.3598665632" lon="73.8555576280"><ele>2.06</ele><time>2025-11-14T03:05:07Z</time><extensions><gpxtpx:TrackPointExtension><gpxtpx:cad>0</gpxtpx:cad></gpxtpx:TrackPointExtension></extensions></trkpt><trkpt lat="15.3599000908" lon="73.8557186443"><ele>2.06</ele><time>2025-11-14T03:05:12Z</time><extensions><gpxtpx:TrackPointExtension><gpxtpx:cad>0</gpxtpx:cad></gpxtpx:TrackPointExtension></extensions></trkpt><trkpt lat="15.3599403240" lon="73.8558799960"><ele>2.06</ele><time>2025-11-14T03:05:17Z</time><extensions><gpxtpx:TrackPointExtension><gpxtpx:cad>0</gpxtpx:cad></gpxtpx:TrackPointExtension></extensions></trkpt><trkpt lat="15.3600092232" lon="73.8560269307"><ele>1.58</ele><time>2025-11-14T03:05:22Z</time><extensions><gpxtpx:TrackPointExtension><gpxtpx:cad>0</gpxtpx:cad></gpxtpx:TrackPointExtension></extensions></trkpt><trkpt lat="15.3600834869" lon="73.8561804872"><ele>2.06</ele><time>2025-11-14T03:05:27Z</time><extensions><gpxtpx:TrackPointExtension><gpxtpx:cad>0</gpxtpx:cad></gpxtpx:TrackPointExtension></extensions></trkpt><trkpt lat="15.3601421602" lon="73.8563322835"><ele>1.58</ele><time>2025-11-14T03:05:32Z</time><extensions><gpxtpx:TrackPointExtension><gpxtpx:cad>0</gpxtpx:cad></gpxtpx:TrackPointExtension></extensions></trkpt><trkpt lat="15.3601947147" lon="73.8564865943"><ele>1.58</ele><time>2025-11-14T03:05:37Z</time><extensions><gpxtpx:TrackPointExtension><gpxtpx:cad>0</gpxtpx:cad></gpxtpx:TrackPointExtension></extensions></trkpt><trkpt lat="15.3602595069" lon="73.8566468563"><ele>1.58</ele><time>2025-11-14T03:05:42Z</time><extensions><gpxtpx:TrackPointExtension><gpxtpx:cad>0</gpxtpx:cad></gpxtpx:TrackPointExtension></extensions></trkpt><trkpt lat="15.3603219520" lon="73.8568043523"><ele>1.58</ele><time>2025-11-14T03:05:47Z</time><extensions><gpxtpx:TrackPointExtension><gpxtpx:cad>0</gpxtpx:cad></gpxtpx:TrackPointExtension></extensions></trkpt><trkpt lat="15.3603802901" lon="73.8569588307"><ele>1.10</ele><time>2025-11-14T03:05:52Z</time><extensions><gpxtpx:TrackPointExtension><gpxtpx:cad>0</gpxtpx:cad></gpxtpx:TrackPointExtension></extensions></trkpt><trkpt lat="15.3604374547" lon="73.8571123872"><ele>1.10</ele><time>2025-11-14T03:05:57Z</time><extensions><gpxtpx:TrackPointExtension><gpxtpx:cad>0</gpxtpx:cad></gpxtpx:TrackPointExtension></extensions></trkpt><trkpt lat="15.3604933619" lon="73.8572700508"><ele>1.58</ele><time>2025-11-14T03:06:02Z</time><extensions><gpxtpx:TrackPointExtension><gpxtpx:cad>0</gpxtpx:cad></gpxtpx:TrackPointExtension></extensions></trkpt><trkpt lat="15.3605426475" lon="73.8574307319"><ele>1.10</ele><time>2025-11-14T03:06:07Z</time><extensions><gpxtpx:TrackPointExtension><gpxtpx:cad>0</gpxtpx:cad></gpxtpx:TrackPointExtension></extensions></trkpt><trkpt lat="15.3605910949" lon="73.8575849589"><ele>1.58</ele><time>2025-11-14T03:06:12Z</time><extensions><gpxtpx:TrackPointExtension><gpxtpx:cad>0</gpxtpx:cad></gpxtpx:TrackPointExtension></extensions></trkpt><trkpt lat="15.3606399614" lon="73.8577424549"><ele>1.58</ele><time>2025-11-14T03:06:17Z</time><extensions><gpxtpx:TrackPointExtension><gpxtpx:cad>0</gpxtpx:cad></gpxtpx:TrackPointExtension></extensions></trkpt><trkpt lat="15.3606956173" lon="73.8578995317"><ele>1.58</ele><time>2025-11-14T03:06:22Z</time><extensions><gpxtpx:TrackPointExtension><gpxtpx:cad>0</gpxtpx:cad></gpxtpx:TrackPointExtension></extensions></trkpt><trkpt lat="15.3607558832" lon="73.8580521662"><ele>1.58</ele><time>2025-11-14T03:06:27Z</time><extensions><gpxtpx:TrackPointExtension><gpxtpx:cad>0</gpxtpx:cad></gpxtpx:TrackPointExtension></extensions></trkpt><trkpt lat="15.3608154785" lon="73.8582035434"><ele>1.58</ele><time>2025-11-14T03:06:32Z</time><extensions><gpxtpx:TrackPointExtension><gpxtpx:cad>0</gpxtpx:cad></gpxtpx:TrackPointExtension></extensions></trkpt><trkpt lat="15.3608697094" lon="73.8583646435"><ele>1.10</ele><time>2025-11-14T03:06:37Z</time><extensions><gpxtpx:TrackPointExtension><gpxtpx:cad>0</gpxtpx:cad></gpxtpx:TrackPointExtension></extensions></trkpt><trkpt lat="15.3609177377" lon="73.8585223909"><ele>1.10</ele><time>2025-11-14T03:06:42Z</time><extensions><gpxtpx:TrackPointExtension><gpxtpx:cad>0</gpxtpx:cad></gpxtpx:TrackPointExtension></extensions></trkpt><trkpt lat="15.3609661851" lon="73.8586824853"><ele>1.10</ele><time>2025-11-14T03:06:47Z</time><extensions><gpxtpx:TrackPointExtension><gpxtpx:cad>0</gpxtpx:cad></gpxtpx:TrackPointExtension></extensions></trkpt><trkpt lat="15.3610130399" lon="73.8588432502"><ele>1.10</ele><time>2025-11-14T03:06:52Z</time><extensions><gpxtpx:TrackPointExtension><gpxtpx:cad>0</gpxtpx:cad></gpxtpx:TrackPointExtension></extensions></trkpt><trkpt lat="15.3610521834" lon="73.8590051886"><ele>0.62</ele><time>2025-11-14T03:06:57Z</time><extensions><gpxtpx:TrackPointExtension><gpxtpx:cad>0</gpxtpx:cad></gpxtpx:TrackPointExtension></extensions></trkpt><trkpt lat="15.3610926680" lon="73.8591664564"><ele>0.62</ele><time>2025-11-14T03:07:02Z</time><extensions><gpxtpx:TrackPointExtension><gpxtpx:cad>0</gpxtpx:cad></gpxtpx:TrackPointExtension></extensions></trkpt><trkpt lat="15.3611333203" lon="73.8593340944"><ele>0.62</ele><time>2025-11-14T03:07:07Z</time><extensions><gpxtpx:TrackPointExtension><gpxtpx:cad>0</gpxtpx:cad></gpxtpx:TrackPointExtension></extensions></trkpt><trkpt lat="15.3611763194" lon="73.8595019002"><ele>0.62</ele><time>2025-11-14T03:07:12Z</time><extensions><gpxtpx:TrackPointExtension><gpxtpx:cad>0</gpxtpx:cad></gpxtpx:TrackPointExtension></extensions></trkpt><trkpt lat="15.3612266108" lon="73.8596558757"><ele>0.62</ele><time>2025-11-14T03:07:17Z</time><extensions><gpxtpx:TrackPointExtension><gpxtpx:cad>0</gpxtpx:cad></gpxtpx:TrackPointExtension></extensions></trkpt><trkpt lat="15.3612808418" lon="73.8598034810"><ele>0.62</ele><time>2025-11-14T03:07:22Z</time><extensions><gpxtpx:TrackPointExtension><gpxtpx:cad>0</gpxtpx:cad></gpxtpx:TrackPointExtension></extensions></trkpt><trkpt lat="15.3613540158" lon="73.8599552773"><ele>0.62</ele><time>2025-11-14T03:07:27Z</time><extensions><gpxtpx:TrackPointExtension><gpxtpx:cad>0</gpxtpx:cad></gpxtpx:TrackPointExtension></extensions></trkpt><trkpt lat="15.3614313807" lon="73.8601047266"><ele>0.62</ele><time>2025-11-14T03:07:32Z</time><extensions><gpxtpx:TrackPointExtension><gpxtpx:cad>0</gpxtpx:cad></gpxtpx:TrackPointExtension></extensions></trkpt><trkpt lat="15.3615048900" lon="73.8602478895"><ele>0.62</ele><time>2025-11-14T03:07:37Z</time><extensions><gpxtpx:TrackPointExtension><gpxtpx:cad>0</gpxtpx:cad></gpxtpx:TrackPointExtension></extensions></trkpt><trkpt lat="15.3615866136" lon="73.8603904657"><ele>0.62</ele><time>2025-11-14T03:07:42Z</time><extensions><gpxtpx:TrackPointExtension><gpxtpx:cad>0</gpxtpx:cad></gpxtpx:TrackPointExtension></extensions></trkpt><trkpt lat="15.3616602905" lon="73.8605339639"><ele>0.62</ele><time>2025-11-14T03:07:47Z</time><extensions><gpxtpx:TrackPointExtension><gpxtpx:cad>0</gpxtpx:cad></gpxtpx:TrackPointExtension></extensions></trkpt><trkpt lat="15.3617488034" lon="73.8606696669"><ele>1.10</ele><time>2025-11-14T03:07:52Z</time><extensions><gpxtpx:TrackPointExtension><gpxtpx:cad>0</gpxtpx:cad></gpxtpx:TrackPointExtension></extensions></trkpt><trkpt lat="15.3618347179" lon="73.8608126622"><ele>1.58</ele><time>2025-11-14T03:07:57Z</time><extensions><gpxtpx:TrackPointExtension><gpxtpx:cad>0</gpxtpx:cad></gpxtpx:TrackPointExtension></extensions></trkpt><trkpt lat="15.3619160224" lon="73.8609534781"><ele>1.58</ele><time>2025-11-14T03:08:02Z</time><extensions><gpxtpx:TrackPointExtension><gpxtpx:cad>0</gpxtpx:cad></gpxtpx:TrackPointExtension></extensions></trkpt><trkpt lat="15.3620003443" lon="73.8610982336"><ele>1.58</ele><time>2025-11-14T03:08:07Z</time><extensions><gpxtpx:TrackPointExtension><gpxtpx:cad>0</gpxtpx:cad></gpxtpx:TrackPointExtension></extensions></trkpt><trkpt lat="15.3620837443" lon="73.8612468448"><ele>1.10</ele><time>2025-11-14T03:08:12Z</time><extensions><gpxtpx:TrackPointExtension><gpxtpx:cad>0</gpxtpx:cad></gpxtpx:TrackPointExtension></extensions></trkpt><trkpt lat="15.3621642105" lon="73.8613900077"><ele>1.10</ele><time>2025-11-14T03:08:17Z</time><extensions><gpxtpx:TrackPointExtension><gpxtpx:cad>0</gpxtpx:cad></gpxtpx:TrackPointExtension></extensions></trkpt><trkpt lat="15.3622471076" lon="73.8615324162"><ele>1.10</ele><time>2025-11-14T03:08:22Z</time><extensions><gpxtpx:TrackPointExtension><gpxtpx:cad>0</gpxtpx:cad></gpxtpx:TrackPointExtension></extensions></trkpt><trkpt lat="15.3623229638" lon="73.8616828714"><ele>1.58</ele><time>2025-11-14T03:08:27Z</time><extensions><gpxtpx:TrackPointExtension><gpxtpx:cad>0</gpxtpx:cad></gpxtpx:TrackPointExtension></extensions></trkpt><trkpt lat="15.3623932041" lon="73.8618353382"><ele>1.58</ele><time>2025-11-14T03:08:32Z</time><extensions><gpxtpx:TrackPointExtension><gpxtpx:cad>0</gpxtpx:cad></gpxtpx:TrackPointExtension></extensions></trkpt><trkpt lat="15.3624486085" lon="73.8619935047"><ele>2.06</ele><time>2025-11-14T03:08:37Z</time><extensions><gpxtpx:TrackPointExtension><gpxtpx:cad>0</gpxtpx:cad></gpxtpx:TrackPointExtension></extensions></trkpt><trkpt lat="15.3624995705" lon="73.8621485699"><ele>1.58</ele><time>2025-11-14T03:08:42Z</time><extensions><gpxtpx:TrackPointExtension><gpxtpx:cad>0</gpxtpx:cad></gpxtpx:TrackPointExtension></extensions></trkpt><trkpt lat="15.3625537176" lon="73.8623058982"><ele>1.58</ele><time>2025-11-14T03:08:47Z</time><extensions><gpxtpx:TrackPointExtension><gpxtpx:cad>0</gpxtpx:cad></gpxtpx:TrackPointExtension></extensions></trkpt><trkpt lat="15.3626164980" lon="73.8624620531"><ele>1.58</ele><time>2025-11-14T03:08:52Z</time><extensions><gpxtpx:TrackPointExtension><gpxtpx:cad>0</gpxtpx:cad></gpxtpx:TrackPointExtension></extensions></trkpt><trkpt lat="15.3626964614" lon="73.8626131788"><ele>1.10</ele><time>2025-11-14T03:08:57Z</time><extensions><gpxtpx:TrackPointExtension><gpxtpx:cad>0</gpxtpx:cad></gpxtpx:TrackPointExtension></extensions></trkpt><trkpt lat="15.3627737425" lon="73.8627561741"><ele>0.62</ele><time>2025-11-14T03:09:02Z</time><extensions><gpxtpx:TrackPointExtension><gpxtpx:cad>0</gpxtpx:cad></gpxtpx:TrackPointExtension></extensions></trkpt><trkpt lat="15.3628527839" lon="73.8628969900"><ele>0.62</ele><time>2025-11-14T03:09:07Z</time><extensions><gpxtpx:TrackPointExtension><gpxtpx:cad>0</gpxtpx:cad></gpxtpx:TrackPointExtension></extensions></trkpt><trkpt lat="15.3629408777" lon="73.8630436733"><ele>0.62</ele><time>2025-11-14T03:09:12Z</time><extensions><gpxtpx:TrackPointExtension><gpxtpx:cad>0</gpxtpx:cad></gpxtpx:TrackPointExtension></extensions></trkpt><trkpt lat="15.3630183265" lon="73.8631885964"><ele>0.62</ele><time>2025-11-14T03:09:17Z</time><extensions><gpxtpx:TrackPointExtension><gpxtpx:cad>0</gpxtpx:cad></gpxtpx:TrackPointExtension></extensions></trkpt><trkpt lat="15.3631008882" lon="73.8633347768"><ele>0.62</ele><time>2025-11-14T03:09:22Z</time><extensions><gpxtpx:TrackPointExtension><gpxtpx:cad>0</gpxtpx:cad></gpxtpx:TrackPointExtension></extensions></trkpt><trkpt lat="15.3631817736" lon="73.8634817116"><ele>1.10</ele><time>2025-11-14T03:09:27Z</time><extensions><gpxtpx:TrackPointExtension><gpxtpx:cad>0</gpxtpx:cad></gpxtpx:TrackPointExtension></extensions></trkpt><trkpt lat="15.3632573783" lon="73.8636271376"><ele>0.62</ele><time>2025-11-14T03:09:32Z</time><extensions><gpxtpx:TrackPointExtension><gpxtpx:cad>0</gpxtpx:cad></gpxtpx:TrackPointExtension></extensions></trkpt><trkpt lat="15.3633354977" lon="73.8637702167"><ele>1.10</ele><time>2025-11-14T03:09:37Z</time><extensions><gpxtpx:TrackPointExtension><gpxtpx:cad>0</gpxtpx:cad></gpxtpx:TrackPointExtension></extensions></trkpt><trkpt lat="15.3634185623" lon="73.8639188278"><ele>0.62</ele><time>2025-11-14T03:09:42Z</time><extensions><gpxtpx:TrackPointExtension><gpxtpx:cad>0</gpxtpx:cad></gpxtpx:TrackPointExtension></extensions></trkpt><trkpt lat="15.3635048959" lon="73.8640614878"><ele>0.62</ele><time>2025-11-14T03:09:47Z</time><extensions><gpxtpx:TrackPointExtension><gpxtpx:cad>0</gpxtpx:cad></gpxtpx:TrackPointExtension></extensions></trkpt><trkpt lat="15.3635948338" lon="73.8641995378"><ele>0.62</ele><time>2025-11-14T03:09:52Z</time><extensions><gpxtpx:TrackPointExtension><gpxtpx:cad>0</gpxtpx:cad></gpxtpx:TrackPointExtension></extensions></trkpt><trkpt lat="15.3636890464" lon="73.8643360790"><ele>0.62</ele><time>2025-11-14T03:09:57Z</time><extensions><gpxtpx:TrackPointExtension><gpxtpx:cad>0</gpxtpx:cad></gpxtpx:TrackPointExtension></extensions></trkpt><trkpt lat="15.3637835942" lon="73.8644767273"><ele>0.62</ele><time>2025-11-14T03:10:02Z</time><extensions><gpxtpx:TrackPointExtension><gpxtpx:cad>0</gpxtpx:cad></gpxtpx:TrackPointExtension></extensions></trkpt><trkpt lat="15.3638754599" lon="73.8646172918"><ele>0.62</ele><time>2025-11-14T03:10:07Z</time><extensions><gpxtpx:TrackPointExtension><gpxtpx:cad>0</gpxtpx:cad></gpxtpx:TrackPointExtension></extensions></trkpt><trkpt lat="15.3639729414" lon="73.8647502288"><ele>0.62</ele><time>2025-11-14T03:10:12Z</time><extensions><gpxtpx:TrackPointExtension><gpxtpx:cad>0</gpxtpx:cad></gpxtpx:TrackPointExtension></extensions></trkpt><trkpt lat="15.3640747815" lon="73.8648793940"><ele>1.10</ele><time>2025-11-14T03:10:17Z</time><extensions><gpxtpx:TrackPointExtension><gpxtpx:cad>0</gpxtpx:cad></gpxtpx:TrackPointExtension></extensions></trkpt><trkpt lat="15.3641707543" lon="73.8650192879"><ele>1.58</ele><time>2025-11-14T03:10:22Z</time><extensions><gpxtpx:TrackPointExtension><gpxtpx:cad>0</gpxtpx:cad></gpxtpx:TrackPointExtension></extensions></trkpt><trkpt lat="15.3642720077" lon="73.8651601877"><ele>1.58</ele><time>2025-11-14T03:10:27Z</time><extensions><gpxtpx:TrackPointExtension><gpxtpx:cad>0</gpxtpx:cad></gpxtpx:TrackPointExtension></extensions></trkpt><trkpt lat="15.3643694054" lon="73.8652917836"><ele>1.58</ele><time>2025-11-14T03:10:32Z</time><extensions><gpxtpx:TrackPointExtension><gpxtpx:cad>0</gpxtpx:cad></gpxtpx:TrackPointExtension></extensions></trkpt><trkpt lat="15.3644609358" lon="73.8654239662"><ele>1.58</ele><time>2025-11-14T03:10:37Z</time><extensions><gpxtpx:TrackPointExtension><gpxtpx:cad>0</gpxtpx:cad></gpxtpx:TrackPointExtension></extensions></trkpt><trkpt lat="15.3645554837" lon="73.8655646145"><ele>1.58</ele><time>2025-11-14T03:10:42Z</time><extensions><gpxtpx:TrackPointExtension><gpxtpx:cad>0</gpxtpx:cad></gpxtpx:TrackPointExtension></extensions></trkpt><trkpt lat="15.3646570724" lon="73.8657017425"><ele>1.58</ele><time>2025-11-14T03:10:47Z</time><extensions><gpxtpx:TrackPointExtension><gpxtpx:cad>0</gpxtpx:cad></gpxtpx:TrackPointExtension></extensions></trkpt><trkpt lat="15.3647491895" lon="73.8658350985"><ele>1.58</ele><time>2025-11-14T03:10:52Z</time><extensions><gpxtpx:TrackPointExtension><gpxtpx:cad>0</gpxtpx:cad></gpxtpx:TrackPointExtension></extensions></trkpt><trkpt lat="15.3648413066" lon="73.8659647666"><ele>1.58</ele><time>2025-11-14T03:10:57Z</time><extensions><gpxtpx:TrackPointExtension><gpxtpx:cad>0</gpxtpx:cad></gpxtpx:TrackPointExtension></extensions></trkpt><trkpt lat="15.3649448231" lon="73.8661023136"><ele>1.58</ele><time>2025-11-14T03:11:02Z</time><extensions><gpxtpx:TrackPointExtension><gpxtpx:cad>0</gpxtpx:cad></gpxtpx:TrackPointExtension></extensions></trkpt><trkpt lat="15.3650509380" lon="73.8662336580"><ele>2.06</ele><time>2025-11-14T03:11:07Z</time><extensions><gpxtpx:TrackPointExtension><gpxtpx:cad>0</gpxtpx:cad></gpxtpx:TrackPointExtension></extensions></trkpt><trkpt lat="15.3651462402" lon="73.8663642481"><ele>1.10</ele><time>2025-11-14T03:11:12Z</time><extensions><gpxtpx:TrackPointExtension><gpxtpx:cad>0</gpxtpx:cad></gpxtpx:TrackPointExtension></extensions></trkpt><trkpt lat="15.3652369324" lon="73.8665023819"><ele>0.62</ele><time>2025-11-14T03:11:17Z</time><extensions><gpxtpx:TrackPointExtension><gpxtpx:cad>0</gpxtpx:cad></gpxtpx:TrackPointExtension></extensions></trkpt><trkpt lat="15.3653221764" lon="73.8666439522"><ele>0.62</ele><time>2025-11-14T03:11:22Z</time><extensions><gpxtpx:TrackPointExtension><gpxtpx:cad>0</gpxtpx:cad></gpxtpx:TrackPointExtension></extensions></trkpt><trkpt lat="15.3654122818" lon="73.8667866960"><ele>0.14</ele><time>2025-11-14T03:11:27Z</time><extensions><gpxtpx:TrackPointExtension><gpxtpx:cad>0</gpxtpx:cad></gpxtpx:TrackPointExtension></extensions></trkpt><trkpt lat="15.3655098472" lon="73.8669151068"><ele>0.62</ele><time>2025-11-14T03:11:32Z</time><extensions><gpxtpx:TrackPointExtension><gpxtpx:cad>0</gpxtpx:cad></gpxtpx:TrackPointExtension></extensions></trkpt><trkpt lat="15.3656048141" lon="73.8670548331"><ele>0.14</ele><time>2025-11-14T03:11:37Z</time><extensions><gpxtpx:TrackPointExtension><gpxtpx:cad>0</gpxtpx:cad></gpxtpx:TrackPointExtension></extensions></trkpt><trkpt lat="15.3657029662" lon="73.8671890274"><ele>0.14</ele><time>2025-11-14T03:11:42Z</time><extensions><gpxtpx:TrackPointExtension><gpxtpx:cad>0</gpxtpx:cad></gpxtpx:TrackPointExtension></extensions></trkpt><trkpt lat="15.3658130206" lon="73.8673230540"><ele>0.14</ele><time>2025-11-14T03:11:47Z</time><extensions><gpxtpx:TrackPointExtension><gpxtpx:cad>0</gpxtpx:cad></gpxtpx:TrackPointExtension></extensions></trkpt><trkpt lat="15.3659035452" lon="73.8674573321"><ele>0.14</ele><time>2025-11-14T03:11:52Z</time><extensions><gpxtpx:TrackPointExtension><gpxtpx:cad>0</gpxtpx:cad></gpxtpx:TrackPointExtension></extensions></trkpt><trkpt lat="15.3659842629" lon="73.8675983157"><ele>0.62</ele><time>2025-11-14T03:11:57Z</time><extensions><gpxtpx:TrackPointExtension><gpxtpx:cad>0</gpxtpx:cad></gpxtpx:TrackPointExtension></extensions></trkpt><trkpt lat="15.3660741169" lon="73.8677339349"><ele>0.14</ele><time>2025-11-14T03:12:02Z</time><extensions><gpxtpx:TrackPointExtension><gpxtpx:cad>0</gpxtpx:cad></gpxtpx:TrackPointExtension></extensions></trkpt><trkpt lat="15.3661555052" lon="73.8678747509"><ele>-0.34</ele><time>2025-11-14T03:12:07Z</time><extensions><gpxtpx:TrackPointExtension><gpxtpx:cad>0</gpxtpx:cad></gpxtpx:TrackPointExtension></extensions></trkpt><trkpt lat="15.3662268352" lon="73.8680226915"><ele>-0.34</ele><time>2025-11-14T03:12:12Z</time><extensions><gpxtpx:TrackPointExtension><gpxtpx:cad>0</gpxtpx:cad></gpxtpx:TrackPointExtension></extensions></trkpt><trkpt lat="15.3662876040" lon="73.8681821153"><ele>0.14</ele><time>2025-11-14T03:12:17Z</time><extensions><gpxtpx:TrackPointExtension><gpxtpx:cad>0</gpxtpx:cad></gpxtpx:TrackPointExtension></extensions></trkpt><trkpt lat="15.3663339559" lon="73.8683412038"><ele>0.62</ele><time>2025-11-14T03:12:22Z</time><extensions><gpxtpx:TrackPointExtension><gpxtpx:cad>0</gpxtpx:cad></gpxtpx:TrackPointExtension></extensions></trkpt><trkpt lat="15.3663813137" lon="73.8685034774"><ele>1.10</ele><time>2025-11-14T03:12:27Z</time><extensions><gpxtpx:TrackPointExtension><gpxtpx:cad>0</gpxtpx:cad></gpxtpx:TrackPointExtension></extensions></trkpt><trkpt lat="15.3664255701" lon="73.8686671760"><ele>1.10</ele><time>2025-11-14T03:12:32Z</time><extensions><gpxtpx:TrackPointExtension><gpxtpx:cad>0</gpxtpx:cad></gpxtpx:TrackPointExtension></extensions></trkpt><trkpt lat="15.3664689884" lon="73.8688297849"><ele>1.58</ele><time>2025-11-14T03:12:37Z</time><extensions><gpxtpx:TrackPointExtension><gpxtpx:cad>0</gpxtpx:cad></gpxtpx:TrackPointExtension></extensions></trkpt><trkpt lat="15.3665211238" lon="73.8689963333"><ele>2.06</ele><time>2025-11-14T03:12:42Z</time><extensions><gpxtpx:TrackPointExtension><gpxtpx:cad>0</gpxtpx:cad></gpxtpx:TrackPointExtension></extensions></trkpt><trkpt lat="15.3665647935" lon="73.8691587746"><ele>1.58</ele><time>2025-11-14T03:12:47Z</time><extensions><gpxtpx:TrackPointExtension><gpxtpx:cad>0</gpxtpx:cad></gpxtpx:TrackPointExtension></extensions></trkpt><trkpt lat="15.3666078765" lon="73.8693212997"><ele>2.06</ele><time>2025-11-14T03:12:52Z</time><extensions><gpxtpx:TrackPointExtension><gpxtpx:cad>0</gpxtpx:cad></gpxtpx:TrackPointExtension></extensions></trkpt><trkpt lat="15.3666434158" lon="73.8694873452"><ele>2.06</ele><time>2025-11-14T03:12:57Z</time><extensions><gpxtpx:TrackPointExtension><gpxtpx:cad>0</gpxtpx:cad></gpxtpx:TrackPointExtension></extensions></trkpt><trkpt lat="15.3666719981" lon="73.8696466014"><ele>1.58</ele><time>2025-11-14T03:13:02Z</time><extensions><gpxtpx:TrackPointExtension><gpxtpx:cad>0</gpxtpx:cad></gpxtpx:TrackPointExtension></extensions></trkpt><trkpt lat="15.3666997422" lon="73.8698114734"><ele>1.10</ele><time>2025-11-14T03:13:07Z</time><extensions><gpxtpx:TrackPointExtension><gpxtpx:cad>0</gpxtpx:cad></gpxtpx:TrackPointExtension></extensions></trkpt><trkpt lat="15.3667237144" lon="73.8699740823"><ele>1.58</ele><time>2025-11-14T03:13:12Z</time><extensions><gpxtpx:TrackPointExtension><gpxtpx:cad>0</gpxtpx:cad></gpxtpx:TrackPointExtension></extensions></trkpt><trkpt lat="15.3667142428" lon="73.8701360207"><ele>1.10</ele><time>2025-11-14T03:13:17Z</time><extensions><gpxtpx:TrackPointExtension><gpxtpx:cad>0</gpxtpx:cad></gpxtpx:TrackPointExtension></extensions></trkpt><trkpt lat="15.3666491993" lon="73.8702766690"><ele>1.10</ele><time>2025-11-14T03:13:22Z</time><extensions><gpxtpx:TrackPointExtension><gpxtpx:cad>0</gpxtpx:cad></gpxtpx:TrackPointExtension></extensions></trkpt><trkpt lat="15.3665284161" lon="73.8703847118"><ele>1.10</ele><time>2025-11-14T03:13:27Z</time><extensions><gpxtpx:TrackPointExtension><gpxtpx:cad>0</gpxtpx:cad></gpxtpx:TrackPointExtension></extensions></trkpt><trkpt lat="15.3663813137" lon="73.8704623282"><ele>1.10</ele><time>2025-11-14T03:13:32Z</time><extensions><gpxtpx:TrackPointExtension><gpxtpx:cad>0</gpxtpx:cad></gpxtpx:TrackPointExtension></extensions></trkpt><trkpt lat="15.3662241530" lon="73.8705167267"><ele>1.10</ele><time>2025-11-14T03:13:37Z</time><extensions><gpxtpx:TrackPointExtension><gpxtpx:cad>0</gpxtpx:cad></gpxtpx:TrackPointExtension></extensions></trkpt><trkpt lat="15.3660589457" lon="73.8705482427"><ele>0.62</ele><time>2025-11-14T03:13:42Z</time><extensions><gpxtpx:TrackPointExtension><gpxtpx:cad>0</gpxtpx:cad></gpxtpx:TrackPointExtension></extensions></trkpt><trkpt lat="15.3658917267" lon="73.8705609832"><ele>0.14</ele><time>2025-11-14T03:13:47Z</time><extensions><gpxtpx:TrackPointExtension><gpxtpx:cad>0</gpxtpx:cad></gpxtpx:TrackPointExtension></extensions></trkpt><trkpt lat="15.3657255135" lon="73.8705686945"><ele>0.14</ele><time>2025-11-14T03:13:52Z</time><extensions><gpxtpx:TrackPointExtension><gpxtpx:cad>0</gpxtpx:cad></gpxtpx:TrackPointExtension></extensions></trkpt><trkpt lat="15.3655584622" lon="73.8705614861"><ele>0.14</ele><time>2025-11-14T03:13:57Z</time><extensions><gpxtpx:TrackPointExtension><gpxtpx:cad>0</gpxtpx:cad></gpxtpx:TrackPointExtension></extensions></trkpt><trkpt lat="15.3653901536" lon="73.8705444708"><ele>0.14</ele><time>2025-11-14T03:14:02Z</time><extensions><gpxtpx:TrackPointExtension><gpxtpx:cad>0</gpxtpx:cad></gpxtpx:TrackPointExtension></extensions></trkpt><trkpt lat="15.3652266227" lon="73.8705338258"><ele>0.14</ele><time>2025-11-14T03:14:07Z</time><extensions><gpxtpx:TrackPointExtension><gpxtpx:cad>0</gpxtpx:cad></gpxtpx:TrackPointExtension></extensions></trkpt><trkpt lat="15.3650627565" lon="73.8704990409"><ele>0.14</ele><time>2025-11-14T03:14:12Z</time><extensions><gpxtpx:TrackPointExtension><gpxtpx:cad>0</gpxtpx:cad></gpxtpx:TrackPointExtension></extensions></trkpt><trkpt lat="15.3649081942" lon="73.8704335783"><ele>-0.34</ele><time>2025-11-14T03:14:17Z</time><extensions><gpxtpx:TrackPointExtension><gpxtpx:cad>0</gpxtpx:cad></gpxtpx:TrackPointExtension></extensions></trkpt><trkpt lat="15.3647620976" lon="73.8703646790"><ele>-0.34</ele><time>2025-11-14T03:14:22Z</time><extensions><gpxtpx:TrackPointExtension><gpxtpx:cad>0</gpxtpx:cad></gpxtpx:TrackPointExtension></extensions></trkpt><trkpt lat="15.3646150790" lon="73.8702872302"><ele>-0.34</ele><time>2025-11-14T03:14:27Z</time><extensions><gpxtpx:TrackPointExtension><gpxtpx:cad>0</gpxtpx:cad></gpxtpx:TrackPointExtension></extensions></trkpt><trkpt lat="15.3644628637" lon="73.8702101167"><ele>-0.34</ele><time>2025-11-14T03:14:32Z</time><extensions><gpxtpx:TrackPointExtension><gpxtpx:cad>0</gpxtpx:cad></gpxtpx:TrackPointExtension></extensions></trkpt><trkpt lat="15.3643098101" lon="73.8701336738"><ele>-0.34</ele><time>2025-11-14T03:14:37Z</time><extensions><gpxtpx:TrackPointExtension><gpxtpx:cad>0</gpxtpx:cad></gpxtpx:TrackPointExtension></extensions></trkpt><trkpt lat="15.3641586844" lon="73.8700596616"><ele>-0.34</ele><time>2025-11-14T03:14:42Z</time><extensions><gpxtpx:TrackPointExtension><gpxtpx:cad>0</gpxtpx:cad></gpxtpx:TrackPointExtension></extensions></trkpt><trkpt lat="15.3640096541" lon="73.8699977193"><ele>0.14</ele><time>2025-11-14T03:14:47Z</time><extensions><gpxtpx:TrackPointExtension><gpxtpx:cad>0</gpxtpx:cad></gpxtpx:TrackPointExtension></extensions></trkpt><trkpt lat="15.3638567682" lon="73.8699325081"><ele>0.14</ele><time>2025-11-14T03:14:52Z</time><extensions><gpxtpx:TrackPointExtension><gpxtpx:cad>0</gpxtpx:cad></gpxtpx:TrackPointExtension></extensions></trkpt><trkpt lat="15.3637097497" lon="73.8698594179"><ele>0.14</ele><time>2025-11-14T03:14:57Z</time><extensions><gpxtpx:TrackPointExtension><gpxtpx:cad>0</gpxtpx:cad></gpxtpx:TrackPointExtension></extensions></trkpt><trkpt lat="15.3635718673" lon="73.8697805442"><ele>-0.82</ele><time>2025-11-14T03:15:02Z</time><extensions><gpxtpx:TrackPointExtension><gpxtpx:cad>0</gpxtpx:cad></gpxtpx:TrackPointExtension></extensions></trkpt><trkpt lat="15.3634258546" lon="73.8696983177"><ele>-0.82</ele><time>2025-11-14T03:15:07Z</time><extensions><gpxtpx:TrackPointExtension><gpxtpx:cad>0</gpxtpx:cad></gpxtpx:TrackPointExtension></extensions></trkpt><trkpt lat="15.3632769082" lon="73.8696217071"><ele>-0.34</ele><time>2025-11-14T03:15:12Z</time><extensions><gpxtpx:TrackPointExtension><gpxtpx:cad>0</gpxtpx:cad></gpxtpx:TrackPointExtension></extensions></trkpt><trkpt lat="15.3631246928" lon="73.8695439231"><ele>-0.34</ele><time>2025-11-14T03:15:17Z</time><extensions><gpxtpx:TrackPointExtension><gpxtpx:cad>0</gpxtpx:cad></gpxtpx:TrackPointExtension></extensions></trkpt><trkpt lat="15.3629789315" lon="73.8694638759"><ele>0.14</ele><time>2025-11-14T03:15:22Z</time><extensions><gpxtpx:TrackPointExtension><gpxtpx:cad>0</gpxtpx:cad></gpxtpx:TrackPointExtension></extensions></trkpt><trkpt lat="15.3628354333" lon="73.8693818171"><ele>-0.34</ele><time>2025-11-14T03:15:27Z</time><extensions><gpxtpx:TrackPointExtension><gpxtpx:cad>0</gpxtpx:cad></gpxtpx:TrackPointExtension></extensions></trkpt><trkpt lat="15.3626921028" lon="73.8692917954"><ele>-0.34</ele><time>2025-11-14T03:15:32Z</time><extensions><gpxtpx:TrackPointExtension><gpxtpx:cad>0</gpxtpx:cad></gpxtpx:TrackPointExtension></extensions></trkpt><trkpt lat="15.3625465091" lon="73.8692064676"><ele>-0.34</ele><time>2025-11-14T03:15:37Z</time><extensions><gpxtpx:TrackPointExtension><gpxtpx:cad>0</gpxtpx:cad></gpxtpx:TrackPointExtension></extensions></trkpt><trkpt lat="15.3624051064" lon="73.8691177033"><ele>-0.34</ele><time>2025-11-14T03:15:42Z</time><extensions><gpxtpx:TrackPointExtension><gpxtpx:cad>0</gpxtpx:cad></gpxtpx:TrackPointExtension></extensions></trkpt><trkpt lat="15.3622673918" lon="73.8690344710"><ele>0.14</ele><time>2025-11-14T03:15:47Z</time><extensions><gpxtpx:TrackPointExtension><gpxtpx:cad>0</gpxtpx:cad></gpxtpx:TrackPointExtension></extensions></trkpt><trkpt lat="15.3621228039" lon="73.8689472154"><ele>-0.34</ele><time>2025-11-14T03:15:52Z</time><extensions><gpxtpx:TrackPointExtension><gpxtpx:cad>0</gpxtpx:cad></gpxtpx:TrackPointExtension></extensions></trkpt><trkpt lat="15.3619843349" lon="73.8688482251"><ele>-0.34</ele><time>2025-11-14T03:15:57Z</time><extensions><gpxtpx:TrackPointExtension><gpxtpx:cad>0</gpxtpx:cad></gpxtpx:TrackPointExtension></extensions></trkpt><trkpt lat="15.3618430998" lon="73.8687530067"><ele>-0.34</ele><time>2025-11-14T03:16:02Z</time><extensions><gpxtpx:TrackPointExtension><gpxtpx:cad>0</gpxtpx:cad></gpxtpx:TrackPointExtension></extensions></trkpt><trkpt lat="15.3617020324" lon="73.8686535135"><ele>-0.82</ele><time>2025-11-14T03:16:07Z</time><extensions><gpxtpx:TrackPointExtension><gpxtpx:cad>0</gpxtpx:cad></gpxtpx:TrackPointExtension></extensions></trkpt><trkpt lat="15.3615623061" lon="73.8685564511"><ele>-0.82</ele><time>2025-11-14T03:16:12Z</time><extensions><gpxtpx:TrackPointExtension><gpxtpx:cad>0</gpxtpx:cad></gpxtpx:TrackPointExtension></extensions></trkpt><trkpt lat="15.3614203166" lon="73.8684603944"><ele>-0.82</ele><time>2025-11-14T03:16:17Z</time><extensions><gpxtpx:TrackPointExtension><gpxtpx:cad>0</gpxtpx:cad></gpxtpx:TrackPointExtension></extensions></trkpt><trkpt lat="15.3612779919" lon="73.8683655951"><ele>-0.82</ele><time>2025-11-14T03:16:22Z</time><extensions><gpxtpx:TrackPointExtension><gpxtpx:cad>0</gpxtpx:cad></gpxtpx:TrackPointExtension></extensions></trkpt><trkpt lat="15.3611347452" lon="73.8682726398"><ele>-0.82</ele><time>2025-11-14T03:16:27Z</time><extensions><gpxtpx:TrackPointExtension><gpxtpx:cad>0</gpxtpx:cad></gpxtpx:TrackPointExtension></extensions></trkpt><trkpt lat="15.3609924205" lon="73.8681797683"><ele>-0.34</ele><time>2025-11-14T03:16:32Z</time><extensions><gpxtpx:TrackPointExtension><gpxtpx:cad>0</gpxtpx:cad></gpxtpx:TrackPointExtension></extensions></trkpt><trkpt lat="15.3608511854" lon="73.8680852205"><ele>-0.34</ele><time>2025-11-14T03:16:37Z</time><extensions><gpxtpx:TrackPointExtension><gpxtpx:cad>0</gpxtpx:cad></gpxtpx:TrackPointExtension></extensions></trkpt><trkpt lat="15.3607099503" lon="73.8679880742"><ele>-0.82</ele><time>2025-11-14T03:16:42Z</time><extensions><gpxtpx:TrackPointExtension><gpxtpx:cad>0</gpxtpx:cad></gpxtpx:TrackPointExtension></extensions></trkpt><trkpt lat="15.3605706431" lon="73.8678952865"><ele>-0.82</ele><time>2025-11-14T03:16:47Z</time><extensions><gpxtpx:TrackPointExtension><gpxtpx:cad>0</gpxtpx:cad></gpxtpx:TrackPointExtension></extensions></trkpt><trkpt lat="15.3604294080" lon="73.8678056840"><ele>-0.82</ele><time>2025-11-14T03:16:52Z</time><extensions><gpxtpx:TrackPointExtension><gpxtpx:cad>0</gpxtpx:cad></gpxtpx:TrackPointExtension></extensions></trkpt><trkpt lat="15.3602689784" lon="73.8677182607"><ele>-1.79</ele><time>2025-11-14T03:16:57Z</time><extensions><gpxtpx:TrackPointExtension><gpxtpx:cad>0</gpxtpx:cad></gpxtpx:TrackPointExtension></extensions></trkpt><trkpt lat="15.3601114824" lon="73.8676326815"><ele>-1.30</ele><time>2025-11-14T03:17:02Z</time><extensions><gpxtpx:TrackPointExtension><gpxtpx:cad>0</gpxtpx:cad></gpxtpx:TrackPointExtension></extensions></trkpt><trkpt lat="15.3599639609" lon="73.8675376307"><ele>-1.30</ele><time>2025-11-14T03:17:07Z</time><extensions><gpxtpx:TrackPointExtension><gpxtpx:cad>0</gpxtpx:cad></gpxtpx:TrackPointExtension></extensions></trkpt><trkpt lat="15.3598156013" lon="73.8674347848"><ele>-0.82</ele><time>2025-11-14T03:17:12Z</time><extensions><gpxtpx:TrackPointExtension><gpxtpx:cad>0</gpxtpx:cad></gpxtpx:TrackPointExtension></extensions></trkpt><trkpt lat="15.3596657328" lon="73.8673443440"><ele>-0.82</ele><time>2025-11-14T03:17:17Z</time><extensions><gpxtpx:TrackPointExtension><gpxtpx:cad>0</gpxtpx:cad></gpxtpx:TrackPointExtension></extensions></trkpt><trkpt lat="15.3595073149" lon="73.8672525622"><ele>-0.82</ele><time>2025-11-14T03:17:22Z</time><extensions><gpxtpx:TrackPointExtension><gpxtpx:cad>0</gpxtpx:cad></gpxtpx:TrackPointExtension></extensions></trkpt><trkpt lat="15.3593517467" lon="73.8671674021"><ele>-0.82</ele><time>2025-11-14T03:17:27Z</time><extensions><gpxtpx:TrackPointExtension><gpxtpx:cad>0</gpxtpx:cad></gpxtpx:TrackPointExtension></extensions></trkpt><trkpt lat="15.3592069075" lon="73.8670676574"><ele>-1.30</ele><time>2025-11-14T03:17:32Z</time><extensions><gpxtpx:TrackPointExtension><gpxtpx:cad>0</gpxtpx:cad></gpxtpx:TrackPointExtension></extensions></trkpt><trkpt lat="15.3590621520" lon="73.8669638894"><ele>-1.30</ele><time>2025-11-14T03:17:37Z</time><extensions><gpxtpx:TrackPointExtension><gpxtpx:cad>0</gpxtpx:cad></gpxtpx:TrackPointExtension></extensions></trkpt><trkpt lat="15.3589224257" lon="73.8668582775"><ele>-1.30</ele><time>2025-11-14T03:17:42Z</time><extensions><gpxtpx:TrackPointExtension><gpxtpx:cad>0</gpxtpx:cad></gpxtpx:TrackPointExtension></extensions></trkpt><trkpt lat="15.3587816935" lon="73.8667462952"><ele>-1.30</ele><time>2025-11-14T03:17:47Z</time><extensions><gpxtpx:TrackPointExtension><gpxtpx:cad>0</gpxtpx:cad></gpxtpx:TrackPointExtension></extensions></trkpt><trkpt lat="15.3586326633" lon="73.8666428626"><ele>-1.30</ele><time>2025-11-14T03:17:52Z</time><extensions><gpxtpx:TrackPointExtension><gpxtpx:cad>0</gpxtpx:cad></gpxtpx:TrackPointExtension></extensions></trkpt><trkpt lat="15.3584913444" lon="73.8665318862"><ele>-1.30</ele><time>2025-11-14T03:17:57Z</time><extensions><gpxtpx:TrackPointExtension><gpxtpx:cad>0</gpxtpx:cad></gpxtpx:TrackPointExtension></extensions></trkpt><trkpt lat="15.3583430685" lon="73.8664257713"><ele>-1.30</ele><time>2025-11-14T03:18:02Z</time><extensions><gpxtpx:TrackPointExtension><gpxtpx:cad>0</gpxtpx:cad></gpxtpx:TrackPointExtension></extensions></trkpt><trkpt lat="15.3582011629" lon="73.8663182314"><ele>-1.30</ele><time>2025-11-14T03:18:07Z</time><extensions><gpxtpx:TrackPointExtension><gpxtpx:cad>0</gpxtpx:cad></gpxtpx:TrackPointExtension></extensions></trkpt><trkpt lat="15.3580621909" lon="73.8662063330"><ele>-1.30</ele><time>2025-11-14T03:18:12Z</time><extensions><gpxtpx:TrackPointExtension><gpxtpx:cad>0</gpxtpx:cad></gpxtpx:TrackPointExtension></extensions></trkpt><trkpt lat="15.3579215426" lon="73.8660908304"><ele>-0.82</ele><time>2025-11-14T03:18:17Z</time><extensions><gpxtpx:TrackPointExtension><gpxtpx:cad>0</gpxtpx:cad></gpxtpx:TrackPointExtension></extensions></trkpt><trkpt lat="15.3577840794" lon="73.8659763336"><ele>-0.82</ele><time>2025-11-14T03:18:22Z</time><extensions><gpxtpx:TrackPointExtension><gpxtpx:cad>0</gpxtpx:cad></gpxtpx:TrackPointExtension></extensions></trkpt><trkpt lat="15.3576433472" lon="73.8658677880"><ele>-0.82</ele><time>2025-11-14T03:18:27Z</time><extensions><gpxtpx:TrackPointExtension><gpxtpx:cad>0</gpxtpx:cad></gpxtpx:TrackPointExtension></extensions></trkpt><trkpt lat="15.3574940655" lon="73.8657662831"><ele>-0.82</ele><time>2025-11-14T03:18:32Z</time><extensions><gpxtpx:TrackPointExtension><gpxtpx:cad>0</gpxtpx:cad></gpxtpx:TrackPointExtension></extensions></trkpt><trkpt lat="15.3573415149" lon="73.8656757586"><ele>-0.82</ele><time>2025-11-14T03:18:37Z</time><extensions><gpxtpx:TrackPointExtension><gpxtpx:cad>0</gpxtpx:cad></gpxtpx:TrackPointExtension></extensions></trkpt><trkpt lat="15.3571862821" lon="73.8655982260"><ele>-0.82</ele><time>2025-11-14T03:18:42Z</time><extensions><gpxtpx:TrackPointExtension><gpxtpx:cad>0</gpxtpx:cad></gpxtpx:TrackPointExtension></extensions></trkpt><trkpt lat="15.3570338152" lon="73.8655140717"><ele>-0.34</ele><time>2025-11-14T03:18:47Z</time><extensions><gpxtpx:TrackPointExtension><gpxtpx:cad>0</gpxtpx:cad></gpxtpx:TrackPointExtension></extensions></trkpt><trkpt lat="15.3568774927" lon="73.8654298335"><ele>-0.34</ele><time>2025-11-14T03:18:52Z</time><extensions><gpxtpx:TrackPointExtension><gpxtpx:cad>0</gpxtpx:cad></gpxtpx:TrackPointExtension></extensions></trkpt><trkpt lat="15.3567251936" lon="73.8653445896"><ele>0.14</ele><time>2025-11-14T03:18:57Z</time><extensions><gpxtpx:TrackPointExtension><gpxtpx:cad>0</gpxtpx:cad></gpxtpx:TrackPointExtension></extensions></trkpt><trkpt lat="15.3565772530" lon="73.8652354572"><ele>-0.34</ele><time>2025-11-14T03:19:02Z</time><extensions><gpxtpx:TrackPointExtension><gpxtpx:cad>0</gpxtpx:cad></gpxtpx:TrackPointExtension></extensions></trkpt><trkpt lat="15.3564360179" lon="73.8651270792"><ele>-0.34</ele><time>2025-11-14T03:19:07Z</time><extensions><gpxtpx:TrackPointExtension><gpxtpx:cad>0</gpxtpx:cad></gpxtpx:TrackPointExtension></extensions></trkpt><trkpt lat="15.3562882449" lon="73.8650199585"><ele>-0.34</ele><time>2025-11-14T03:19:12Z</time><extensions><gpxtpx:TrackPointExtension><gpxtpx:cad>0</gpxtpx:cad></gpxtpx:TrackPointExtension></extensions></trkpt><trkpt lat="15.3561370354" lon="73.8649298530"><ele>-0.82</ele><time>2025-11-14T03:19:17Z</time><extensions><gpxtpx:TrackPointExtension><gpxtpx:cad>0</gpxtpx:cad></gpxtpx:TrackPointExtension></extensions></trkpt><trkpt lat="15.3559854906" lon="73.8648322038"><ele>-1.30</ele><time>2025-11-14T03:19:22Z</time><extensions><gpxtpx:TrackPointExtension><gpxtpx:cad>0</gpxtpx:cad></gpxtpx:TrackPointExtension></extensions></trkpt><trkpt lat="15.3558362927" lon="73.8647284359"><ele>-1.79</ele><time>2025-11-14T03:19:27Z</time><extensions><gpxtpx:TrackPointExtension><gpxtpx:cad>0</gpxtpx:cad></gpxtpx:TrackPointExtension></extensions></trkpt><trkpt lat="15.3556906153" lon="73.8646233268"><ele>-1.79</ele><time>2025-11-14T03:19:32Z</time><extensions><gpxtpx:TrackPointExtension><gpxtpx:cad>0</gpxtpx:cad></gpxtpx:TrackPointExtension></extensions></trkpt><trkpt lat="15.3555453569" lon="73.8645228278"><ele>-1.79</ele><time>2025-11-14T03:19:37Z</time><extensions><gpxtpx:TrackPointExtension><gpxtpx:cad>0</gpxtpx:cad></gpxtpx:TrackPointExtension></extensions></trkpt><trkpt lat="15.3553949855" lon="73.8644207362"><ele>-1.79</ele><time>2025-11-14T03:19:42Z</time><extensions><gpxtpx:TrackPointExtension><gpxtpx:cad>0</gpxtpx:cad></gpxtpx:TrackPointExtension></extensions></trkpt><trkpt lat="15.3552505653" lon="73.8643111009"><ele>-1.79</ele><time>2025-11-14T03:19:47Z</time><extensions><gpxtpx:TrackPointExtension><gpxtpx:cad>0</gpxtpx:cad></gpxtpx:TrackPointExtension></extensions></trkpt><trkpt lat="15.3550989367" lon="73.8642081711"><ele>-1.79</ele><time>2025-11-14T03:19:52Z</time><extensions><gpxtpx:TrackPointExtension><gpxtpx:cad>0</gpxtpx:cad></gpxtpx:TrackPointExtension></extensions></trkpt><trkpt lat="15.3549478110" lon="73.8641091809"><ele>-1.30</ele><time>2025-11-14T03:19:57Z</time><extensions><gpxtpx:TrackPointExtension><gpxtpx:cad>0</gpxtpx:cad></gpxtpx:TrackPointExtension></extensions></trkpt><trkpt lat="15.3547823522" lon="73.8640475739"><ele>-1.30</ele><time>2025-11-14T03:20:02Z</time><extensions><gpxtpx:TrackPointExtension><gpxtpx:cad>0</gpxtpx:cad></gpxtpx:TrackPointExtension></extensions></trkpt><trkpt lat="15.3546119481" lon="73.8640272897"><ele>-1.79</ele><time>2025-11-14T03:20:07Z</time><extensions><gpxtpx:TrackPointExtension><gpxtpx:cad>0</gpxtpx:cad></gpxtpx:TrackPointExtension></extensions></trkpt><trkpt lat="15.3544409573" lon="73.8640444726"><ele>-1.30</ele><time>2025-11-14T03:20:12Z</time><extensions><gpxtpx:TrackPointExtension><gpxtpx:cad>0</gpxtpx:cad></gpxtpx:TrackPointExtension></extensions></trkpt><trkpt lat="15.3542782646" lon="73.8640962727"><ele>-1.79</ele><time>2025-11-14T03:20:17Z</time><extensions><gpxtpx:TrackPointExtension><gpxtpx:cad>0</gpxtpx:cad></gpxtpx:TrackPointExtension></extensions></trkpt><trkpt lat="15.3541277256" lon="73.8641733862"><ele>-1.79</ele><time>2025-11-14T03:20:22Z</time><extensions><gpxtpx:TrackPointExtension><gpxtpx:cad>0</gpxtpx:cad></gpxtpx:TrackPointExtension></extensions></trkpt><trkpt lat="15.3539964650" lon="73.8642788306"><ele>-1.79</ele><time>2025-11-14T03:20:27Z</time><extensions><gpxtpx:TrackPointExtension><gpxtpx:cad>0</gpxtpx:cad></gpxtpx:TrackPointExtension></extensions></trkpt><trkpt lat="15.3538804594" lon="73.8644032180"><ele>-1.79</ele><time>2025-11-14T03:20:32Z</time><extensions><gpxtpx:TrackPointExtension><gpxtpx:cad>0</gpxtpx:cad></gpxtpx:TrackPointExtension></extensions></trkpt><trkpt lat="15.3537736740" lon="73.8645340595"><ele>-2.27</ele><time>2025-11-14T03:20:37Z</time><extensions><gpxtpx:TrackPointExtension><gpxtpx:cad>0</gpxtpx:cad></gpxtpx:TrackPointExtension></extensions></trkpt><trkpt lat="15.3536668047" lon="73.8646642305"><ele>-3.23</ele><time>2025-11-14T03:20:42Z</time><extensions><gpxtpx:TrackPointExtension><gpxtpx:cad>0</gpxtpx:cad></gpxtpx:TrackPointExtension></extensions></trkpt><trkpt lat="15.3535546549" lon="73.8647915516"><ele>-3.23</ele><time>2025-11-14T03:20:47Z</time><extensions><gpxtpx:TrackPointExtension><gpxtpx:cad>0</gpxtpx:cad></gpxtpx:TrackPointExtension></extensions></trkpt><trkpt lat="15.3534353804" lon="73.8649166934"><ele>-3.23</ele><time>2025-11-14T03:20:52Z</time><extensions><gpxtpx:TrackPointExtension><gpxtpx:cad>0</gpxtpx:cad></gpxtpx:TrackPointExtension></extensions></trkpt><trkpt lat="15.3533106577" lon="73.8650443498"><ele>-3.71</ele><time>2025-11-14T03:20:57Z</time><extensions><gpxtpx:TrackPointExtension><gpxtpx:cad>0</gpxtpx:cad></gpxtpx:TrackPointExtension></extensions></trkpt><trkpt lat="15.3531859349" lon="73.8651611097"><ele>-3.23</ele><time>2025-11-14T03:21:02Z</time><extensions><gpxtpx:TrackPointExtension><gpxtpx:cad>0</gpxtpx:cad></gpxtpx:TrackPointExtension></extensions></trkpt><trkpt lat="15.3530613799" lon="73.8652791269"><ele>-2.75</ele><time>2025-11-14T03:21:07Z</time><extensions><gpxtpx:TrackPointExtension><gpxtpx:cad>0</gpxtpx:cad></gpxtpx:TrackPointExtension></extensions></trkpt><trkpt lat="15.3529383335" lon="73.8653980661"><ele>-2.27</ele><time>2025-11-14T03:21:12Z</time><extensions><gpxtpx:TrackPointExtension><gpxtpx:cad>0</gpxtpx:cad></gpxtpx:TrackPointExtension></extensions></trkpt><trkpt lat="15.3528137784" lon="73.8655131496"><ele>-1.79</ele><time>2025-11-14T03:21:17Z</time><extensions><gpxtpx:TrackPointExtension><gpxtpx:cad>0</gpxtpx:cad></gpxtpx:TrackPointExtension></extensions></trkpt><trkpt lat="15.3526959289" lon="73.8656346034"><ele>-1.30</ele><time>2025-11-14T03:21:22Z</time><extensions><gpxtpx:TrackPointExtension><gpxtpx:cad>0</gpxtpx:cad></gpxtpx:TrackPointExtension></extensions></trkpt><trkpt lat="15.3525672667" lon="73.8657505251"><ele>-1.30</ele><time>2025-11-14T03:21:27Z</time><extensions><gpxtpx:TrackPointExtension><gpxtpx:cad>0</gpxtpx:cad></gpxtpx:TrackPointExtension></extensions></trkpt><trkpt lat="15.3524437174" lon="73.8658625074"><ele>-1.30</ele><time>2025-11-14T03:21:32Z</time><extensions><gpxtpx:TrackPointExtension><gpxtpx:cad>0</gpxtpx:cad></gpxtpx:TrackPointExtension></extensions></trkpt><trkpt lat="15.3523054160" lon="73.8659682870"><ele>-0.82</ele><time>2025-11-14T03:21:37Z</time><extensions><gpxtpx:TrackPointExtension><gpxtpx:cad>0</gpxtpx:cad></gpxtpx:TrackPointExtension></extensions></trkpt><trkpt lat="15.3521692939" lon="73.8660738152"><ele>-0.82</ele><time>2025-11-14T03:21:42Z</time><extensions><gpxtpx:TrackPointExtension><gpxtpx:cad>0</gpxtpx:cad></gpxtpx:TrackPointExtension></extensions></trkpt><trkpt lat="15.3520278912" lon="73.8661732245"><ele>-0.82</ele><time>2025-11-14T03:21:47Z</time><extensions><gpxtpx:TrackPointExtension><gpxtpx:cad>0</gpxtpx:cad></gpxtpx:TrackPointExtension></extensions></trkpt><trkpt lat="15.3518845607" lon="73.8662660122"><ele>-1.30</ele><time>2025-11-14T03:21:52Z</time><extensions><gpxtpx:TrackPointExtension><gpxtpx:cad>0</gpxtpx:cad></gpxtpx:TrackPointExtension></extensions></trkpt><trkpt lat="15.3517385479" lon="73.8663601410"><ele>-0.82</ele><time>2025-11-14T03:21:57Z</time><extensions><gpxtpx:TrackPointExtension><gpxtpx:cad>0</gpxtpx:cad></gpxtpx:TrackPointExtension></extensions></trkpt><trkpt lat="15.3515959717" lon="73.8664489891"><ele>-0.82</ele><time>2025-11-14T03:22:02Z</time><extensions><gpxtpx:TrackPointExtension><gpxtpx:cad>0</gpxtpx:cad></gpxtpx:TrackPointExtension></extensions></trkpt><trkpt lat="15.3514744341" lon="73.8665600494"><ele>-0.34</ele><time>2025-11-14T03:22:07Z</time><extensions><gpxtpx:TrackPointExtension><gpxtpx:cad>0</gpxtpx:cad></gpxtpx:TrackPointExtension></extensions></trkpt><trkpt lat="15.3513710853" lon="73.8666918129"><ele>0.14</ele><time>2025-11-14T03:22:12Z</time><extensions><gpxtpx:TrackPointExtension><gpxtpx:cad>0</gpxtpx:cad></gpxtpx:TrackPointExtension></extensions></trkpt><trkpt lat="15.3512667306" lon="73.8668289408"><ele>0.14</ele><time>2025-11-14T03:22:17Z</time><extensions><gpxtpx:TrackPointExtension><gpxtpx:cad>0</gpxtpx:cad></gpxtpx:TrackPointExtension></extensions></trkpt><trkpt lat="15.3511689138" lon="73.8669731934"><ele>0.14</ele><time>2025-11-14T03:22:22Z</time><extensions><gpxtpx:TrackPointExtension><gpxtpx:cad>0</gpxtpx:cad></gpxtpx:TrackPointExtension></extensions></trkpt><trkpt lat="15.3510808200" lon="73.8671197928"><ele>0.14</ele><time>2025-11-14T03:22:27Z</time><extensions><gpxtpx:TrackPointExtension><gpxtpx:cad>0</gpxtpx:cad></gpxtpx:TrackPointExtension></extensions></trkpt><trkpt lat="15.3509948216" lon="73.8672653865"><ele>0.62</ele><time>2025-11-14T03:22:32Z</time><extensions><gpxtpx:TrackPointExtension><gpxtpx:cad>0</gpxtpx:cad></gpxtpx:TrackPointExtension></extensions></trkpt><trkpt lat="15.3509187140" lon="73.8674256485"><ele>0.62</ele><time>2025-11-14T03:22:37Z</time><extensions><gpxtpx:TrackPointExtension><gpxtpx:cad>0</gpxtpx:cad></gpxtpx:TrackPointExtension></extensions></trkpt><trkpt lat="15.3508457076" lon="73.8675844017"><ele>0.62</ele><time>2025-11-14T03:22:42Z</time><extensions><gpxtpx:TrackPointExtension><gpxtpx:cad>0</gpxtpx:cad></gpxtpx:TrackPointExtension></extensions></trkpt><trkpt lat="15.3507732041" lon="73.8677375391"><ele>0.62</ele><time>2025-11-14T03:22:47Z</time><extensions><gpxtpx:TrackPointExtension><gpxtpx:cad>0</gpxtpx:cad></gpxtpx:TrackPointExtension></extensions></trkpt><trkpt lat="15.3507000301" lon="73.8678917661"><ele>0.14</ele><time>2025-11-14T03:22:52Z</time><extensions><gpxtpx:TrackPointExtension><gpxtpx:cad>0</gpxtpx:cad></gpxtpx:TrackPointExtension></extensions></trkpt><trkpt lat="15.3506182227" lon="73.8680425566"><ele>0.62</ele><time>2025-11-14T03:22:57Z</time><extensions><gpxtpx:TrackPointExtension><gpxtpx:cad>0</gpxtpx:cad></gpxtpx:TrackPointExtension></extensions></trkpt><trkpt lat="15.3505320568" lon="73.8681937661"><ele>0.62</ele><time>2025-11-14T03:23:02Z</time><extensions><gpxtpx:TrackPointExtension><gpxtpx:cad>0</gpxtpx:cad></gpxtpx:TrackPointExtension></extensions></trkpt><trkpt lat="15.3504506685" lon="73.8683436345"><ele>0.62</ele><time>2025-11-14T03:23:07Z</time><extensions><gpxtpx:TrackPointExtension><gpxtpx:cad>0</gpxtpx:cad></gpxtpx:TrackPointExtension></extensions></trkpt><trkpt lat="15.3503650893" lon="73.8684875518"><ele>0.62</ele><time>2025-11-14T03:23:12Z</time><extensions><gpxtpx:TrackPointExtension><gpxtpx:cad>0</gpxtpx:cad></gpxtpx:TrackPointExtension></extensions></trkpt><trkpt lat="15.3502791747" lon="73.8686354924"><ele>0.62</ele><time>2025-11-14T03:23:17Z</time><extensions><gpxtpx:TrackPointExtension><gpxtpx:cad>0</gpxtpx:cad></gpxtpx:TrackPointExtension></extensions></trkpt><trkpt lat="15.3501951043" lon="73.8687806670"><ele>0.62</ele><time>2025-11-14T03:23:22Z</time><extensions><gpxtpx:TrackPointExtension><gpxtpx:cad>0</gpxtpx:cad></gpxtpx:TrackPointExtension></extensions></trkpt><trkpt lat="15.3501095250" lon="73.8689285237"><ele>0.62</ele><time>2025-11-14T03:23:27Z</time><extensions><gpxtpx:TrackPointExtension><gpxtpx:cad>0</gpxtpx:cad></gpxtpx:TrackPointExtension></extensions></trkpt><trkpt lat="15.3500254545" lon="73.8690768834"><ele>0.62</ele><time>2025-11-14T03:23:32Z</time><extensions><gpxtpx:TrackPointExtension><gpxtpx:cad>0</gpxtpx:cad></gpxtpx:TrackPointExtension></extensions></trkpt><trkpt lat="15.3499454912" lon="73.8692207169"><ele>-0.34</ele><time>2025-11-14T03:23:37Z</time><extensions><gpxtpx:TrackPointExtension><gpxtpx:cad>0</gpxtpx:cad></gpxtpx:TrackPointExtension></extensions></trkpt><trkpt lat="15.3498616721" lon="73.8693677355"><ele>-0.34</ele><time>2025-11-14T03:23:42Z</time><extensions><gpxtpx:TrackPointExtension><gpxtpx:cad>0</gpxtpx:cad></gpxtpx:TrackPointExtension></extensions></trkpt><trkpt lat="15.3497736622" lon="73.8695178553"><ele>-0.34</ele><time>2025-11-14T03:23:47Z</time><extensions><gpxtpx:TrackPointExtension><gpxtpx:cad>0</gpxtpx:cad></gpxtpx:TrackPointExtension></extensions></trkpt><trkpt lat="15.3496921062" lon="73.8696662150"><ele>0.14</ele><time>2025-11-14T03:23:52Z</time><extensions><gpxtpx:TrackPointExtension><gpxtpx:cad>0</gpxtpx:cad></gpxtpx:TrackPointExtension></extensions></trkpt><trkpt lat="15.3496193513" lon="73.8698165026"><ele>0.14</ele><time>2025-11-14T03:23:57Z</time><extensions><gpxtpx:TrackPointExtension><gpxtpx:cad>0</gpxtpx:cad></gpxtpx:TrackPointExtension></extensions></trkpt><trkpt lat="15.3495313413" lon="73.8699697237"><ele>0.14</ele><time>2025-11-14T03:24:02Z</time><extensions><gpxtpx:TrackPointExtension><gpxtpx:cad>0</gpxtpx:cad></gpxtpx:TrackPointExtension></extensions></trkpt><trkpt lat="15.3494564909" lon="73.8701251242"><ele>0.14</ele><time>2025-11-14T03:24:07Z</time><extensions><gpxtpx:TrackPointExtension><gpxtpx:cad>0</gpxtpx:cad></gpxtpx:TrackPointExtension></extensions></trkpt><trkpt lat="15.3493815567" lon="73.8702749088"><ele>0.14</ele><time>2025-11-14T03:24:12Z</time><extensions><gpxtpx:TrackPointExtension><gpxtpx:cad>0</gpxtpx:cad></gpxtpx:TrackPointExtension></extensions></trkpt><trkpt lat="15.3492991626" lon="73.8704219274"><ele>-0.34</ele><time>2025-11-14T03:24:17Z</time><extensions><gpxtpx:TrackPointExtension><gpxtpx:cad>0</gpxtpx:cad></gpxtpx:TrackPointExtension></extensions></trkpt><trkpt lat="15.3492196184" lon="73.8705739751"><ele>-0.34</ele><time>2025-11-14T03:24:22Z</time><extensions><gpxtpx:TrackPointExtension><gpxtpx:cad>0</gpxtpx:cad></gpxtpx:TrackPointExtension></extensions></trkpt><trkpt lat="15.3491301835" lon="73.8707151264"><ele>-0.82</ele><time>2025-11-14T03:24:27Z</time><extensions><gpxtpx:TrackPointExtension><gpxtpx:cad>0</gpxtpx:cad></gpxtpx:TrackPointExtension></extensions></trkpt><trkpt lat="15.3490389045" lon="73.8708524220"><ele>-0.82</ele><time>2025-11-14T03:24:32Z</time><extensions><gpxtpx:TrackPointExtension><gpxtpx:cad>0</gpxtpx:cad></gpxtpx:TrackPointExtension></extensions></trkpt><trkpt lat="15.3489488829" lon="73.8710001111"><ele>-0.82</ele><time>2025-11-14T03:24:37Z</time><extensions><gpxtpx:TrackPointExtension><gpxtpx:cad>0</gpxtpx:cad></gpxtpx:TrackPointExtension></extensions></trkpt><trkpt lat="15.3488537483" lon="73.8711441122"><ele>-0.82</ele><time>2025-11-14T03:24:42Z</time><extensions><gpxtpx:TrackPointExtension><gpxtpx:cad>0</gpxtpx:cad></gpxtpx:TrackPointExtension></extensions></trkpt><trkpt lat="15.3487669956" lon="73.8712854311"><ele>-1.30</ele><time>2025-11-14T03:24:47Z</time><extensions><gpxtpx:TrackPointExtension><gpxtpx:cad>0</gpxtpx:cad></gpxtpx:TrackPointExtension></extensions></trkpt><trkpt lat="15.3486776445" lon="73.8714316115"><ele>-1.30</ele><time>2025-11-14T03:24:52Z</time><extensions><gpxtpx:TrackPointExtension><gpxtpx:cad>0</gpxtpx:cad></gpxtpx:TrackPointExtension></extensions></trkpt><trkpt lat="15.3485905565" lon="73.8715725113"><ele>-1.30</ele><time>2025-11-14T03:24:57Z</time><extensions><gpxtpx:TrackPointExtension><gpxtpx:cad>0</gpxtpx:cad></gpxtpx:TrackPointExtension></extensions></trkpt><trkpt lat="15.3485172149" lon="73.8716989104"><ele>-0.82</ele><time>2025-11-14T03:25:02Z</time><extensions><gpxtpx:TrackPointExtension><gpxtpx:cad>0</gpxtpx:cad></gpxtpx:TrackPointExtension></extensions></trkpt><trkpt lat="15.3484710306" lon="73.8717828970"><ele>-0.34</ele><time>2025-11-14T03:25:07Z</time><extensions><gpxtpx:TrackPointExtension><gpxtpx:cad>0</gpxtpx:cad></gpxtpx:TrackPointExtension></extensions></trkpt><trkpt lat="15.3484293725" lon="73.8718450069"><ele>-0.34</ele><time>2025-11-14T03:25:12Z</time><extensions><gpxtpx:TrackPointExtension><gpxtpx:cad>0</gpxtpx:cad></gpxtpx:TrackPointExtension></extensions></trkpt><trkpt lat="15.3483884688" lon="73.8718936220"><ele>0.14</ele><time>2025-11-14T03:25:17Z</time><extensions><gpxtpx:TrackPointExtension><gpxtpx:cad>0</gpxtpx:cad></gpxtpx:TrackPointExtension></extensions></trkpt><trkpt lat="15.3483346570" lon="73.8719364535"><ele>-0.34</ele><time>2025-11-14T03:25:22Z</time><extensions><gpxtpx:TrackPointExtension><gpxtpx:cad>0</gpxtpx:cad></gpxtpx:TrackPointExtension></extensions></trkpt><trkpt lat="15.3482758999" lon="73.8719873317"><ele>-0.34</ele><time>2025-11-14T03:25:27Z</time><extensions><gpxtpx:TrackPointExtension><gpxtpx:cad>0</gpxtpx:cad></gpxtpx:TrackPointExtension></extensions></trkpt><trkpt lat="15.3482035641" lon="73.8720680494"><ele>-0.34</ele><time>2025-11-14T03:25:32Z</time><extensions><gpxtpx:TrackPointExtension><gpxtpx:cad>0</gpxtpx:cad></gpxtpx:TrackPointExtension></extensions></trkpt><trkpt lat="15.3481338266" lon="73.8721719850"><ele>-0.34</ele><time>2025-11-14T03:25:37Z</time><extensions><gpxtpx:TrackPointExtension><gpxtpx:cad>0</gpxtpx:cad></gpxtpx:TrackPointExtension></extensions></trkpt><trkpt lat="15.3480610717" lon="73.8722838834"><ele>-0.34</ele><time>2025-11-14T03:25:42Z</time><extensions><gpxtpx:TrackPointExtension><gpxtpx:cad>0</gpxtpx:cad></gpxtpx:TrackPointExtension></extensions></trkpt><trkpt lat="15.3479992133" lon="73.8724013139"><ele>0.14</ele><time>2025-11-14T03:25:47Z</time><extensions><gpxtpx:TrackPointExtension><gpxtpx:cad>0</gpxtpx:cad></gpxtpx:TrackPointExtension></extensions></trkpt><trkpt lat="15.3479377739" lon="73.8725293893"><ele>0.14</ele><time>2025-11-14T03:25:52Z</time><extensions><gpxtpx:TrackPointExtension><gpxtpx:cad>0</gpxtpx:cad></gpxtpx:TrackPointExtension></extensions></trkpt><trkpt lat="15.3478759155" lon="73.8726522680"><ele>0.14</ele><time>2025-11-14T03:25:57Z</time><extensions><gpxtpx:TrackPointExtension><gpxtpx:cad>0</gpxtpx:cad></gpxtpx:TrackPointExtension></extensions></trkpt><trkpt lat="15.3478124645" lon="73.8727793377"><ele>0.14</ele><time>2025-11-14T03:26:02Z</time><extensions><gpxtpx:TrackPointExtension><gpxtpx:cad>0</gpxtpx:cad></gpxtpx:TrackPointExtension></extensions></trkpt><trkpt lat="15.3477433976" lon="73.8729114365"><ele>-0.34</ele><time>2025-11-14T03:26:07Z</time><extensions><gpxtpx:TrackPointExtension><gpxtpx:cad>0</gpxtpx:cad></gpxtpx:TrackPointExtension></extensions></trkpt><trkpt lat="15.3476701397" lon="73.8730374165"><ele>-0.34</ele><time>2025-11-14T03:26:12Z</time><extensions><gpxtpx:TrackPointExtension><gpxtpx:cad>0</gpxtpx:cad></gpxtpx:TrackPointExtension></extensions></trkpt><trkpt lat="15.3475985583" lon="73.8731640670"><ele>0.14</ele><time>2025-11-14T03:26:17Z</time><extensions><gpxtpx:TrackPointExtension><gpxtpx:cad>0</gpxtpx:cad></gpxtpx:TrackPointExtension></extensions></trkpt><trkpt lat="15.3475233726" lon="73.8732933998"><ele>0.14</ele><time>2025-11-14T03:26:22Z</time><extensions><gpxtpx:TrackPointExtension><gpxtpx:cad>0</gpxtpx:cad></gpxtpx:TrackPointExtension></extensions></trkpt><trkpt lat="15.3474542219" lon="73.8734207209"><ele>0.14</ele><time>2025-11-14T03:26:27Z</time><extensions><gpxtpx:TrackPointExtension><gpxtpx:cad>0</gpxtpx:cad></gpxtpx:TrackPointExtension></extensions></trkpt><trkpt lat="15.3473883402" lon="73.8735586870"><ele>0.14</ele><time>2025-11-14T03:26:32Z</time><extensions><gpxtpx:TrackPointExtension><gpxtpx:cad>0</gpxtpx:cad></gpxtpx:TrackPointExtension></extensions></trkpt><trkpt lat="15.3473362047" lon="73.8736957312"><ele>-0.34</ele><time>2025-11-14T03:26:37Z</time><extensions><gpxtpx:TrackPointExtension><gpxtpx:cad>0</gpxtpx:cad></gpxtpx:TrackPointExtension></extensions></trkpt><trkpt lat="15.3472911939" lon="73.8738395646"><ele>-0.34</ele><time>2025-11-14T03:26:42Z</time><extensions><gpxtpx:TrackPointExtension><gpxtpx:cad>0</gpxtpx:cad></gpxtpx:TrackPointExtension></extensions></trkpt><trkpt lat="15.3472348675" lon="73.8739863317"><ele>-0.82</ele><time>2025-11-14T03:26:47Z</time><extensions><gpxtpx:TrackPointExtension><gpxtpx:cad>0</gpxtpx:cad></gpxtpx:TrackPointExtension></extensions></trkpt><trkpt lat="15.3471526410" lon="73.8741285726"><ele>-0.82</ele><time>2025-11-14T03:26:52Z</time><extensions><gpxtpx:TrackPointExtension><gpxtpx:cad>0</gpxtpx:cad></gpxtpx:TrackPointExtension></extensions></trkpt><trkpt lat="15.3470851667" lon="73.8742690533"><ele>-0.82</ele><time>2025-11-14T03:26:57Z</time><extensions><gpxtpx:TrackPointExtension><gpxtpx:cad>0</gpxtpx:cad></gpxtpx:TrackPointExtension></extensions></trkpt><trkpt lat="15.3470105678" lon="73.8744100370"><ele>-0.34</ele><time>2025-11-14T03:27:02Z</time><extensions><gpxtpx:TrackPointExtension><gpxtpx:cad>0</gpxtpx:cad></gpxtpx:TrackPointExtension></extensions></trkpt><trkpt lat="15.3469358012" lon="73.8745475840"><ele>-0.34</ele><time>2025-11-14T03:27:07Z</time><extensions><gpxtpx:TrackPointExtension><gpxtpx:cad>0</gpxtpx:cad></gpxtpx:TrackPointExtension></extensions></trkpt><trkpt lat="15.3468647227" lon="73.8746843766"><ele>-0.34</ele><time>2025-11-14T03:27:12Z</time><extensions><gpxtpx:TrackPointExtension><gpxtpx:cad>0</gpxtpx:cad></gpxtpx:TrackPointExtension></extensions></trkpt><trkpt lat="15.3467974160" lon="73.8748255279"><ele>-0.34</ele><time>2025-11-14T03:27:17Z</time><extensions><gpxtpx:TrackPointExtension><gpxtpx:cad>0</gpxtpx:cad></gpxtpx:TrackPointExtension></extensions></trkpt><trkpt lat="15.3467247449" lon="73.8749649189"><ele>0.14</ele><time>2025-11-14T03:27:22Z</time><extensions><gpxtpx:TrackPointExtension><gpxtpx:cad>0</gpxtpx:cad></gpxtpx:TrackPointExtension></extensions></trkpt><trkpt lat="15.3466533311" lon="73.8750988618"><ele>0.14</ele><time>2025-11-14T03:27:27Z</time><extensions><gpxtpx:TrackPointExtension><gpxtpx:cad>0</gpxtpx:cad></gpxtpx:TrackPointExtension></extensions></trkpt><trkpt lat="15.3465833422" lon="73.8752382528"><ele>0.14</ele><time>2025-11-14T03:27:32Z</time><extensions><gpxtpx:TrackPointExtension><gpxtpx:cad>0</gpxtpx:cad></gpxtpx:TrackPointExtension></extensions></trkpt><trkpt lat="15.3465029597" lon="73.8753730338"><ele>0.14</ele><time>2025-11-14T03:27:37Z</time><extensions><gpxtpx:TrackPointExtension><gpxtpx:cad>0</gpxtpx:cad></gpxtpx:TrackPointExtension></extensions></trkpt><trkpt lat="15.3464293666" lon="73.8755075634"><ele>0.14</ele><time>2025-11-14T03:27:42Z</time><extensions><gpxtpx:TrackPointExtension><gpxtpx:cad>0</gpxtpx:cad></gpxtpx:TrackPointExtension></extensions></trkpt><trkpt lat="15.3463418595" lon="73.8756301068"><ele>0.14</ele><time>2025-11-14T03:27:47Z</time><extensions><gpxtpx:TrackPointExtension><gpxtpx:cad>0</gpxtpx:cad></gpxtpx:TrackPointExtension></extensions></trkpt><trkpt lat="15.3462556098" lon="73.8757580984"><ele>0.62</ele><time>2025-11-14T03:27:52Z</time><extensions><gpxtpx:TrackPointExtension><gpxtpx:cad>0</gpxtpx:cad></gpxtpx:TrackPointExtension></extensions></trkpt><trkpt lat="15.3461665940" lon="73.8758862577"><ele>0.62</ele><time>2025-11-14T03:27:57Z</time><extensions><gpxtpx:TrackPointExtension><gpxtpx:cad>0</gpxtpx:cad></gpxtpx:TrackPointExtension></extensions></trkpt><trkpt lat="15.3460863791" lon="73.8760118186"><ele>0.62</ele><time>2025-11-14T03:28:02Z</time><extensions><gpxtpx:TrackPointExtension><gpxtpx:cad>0</gpxtpx:cad></gpxtpx:TrackPointExtension></extensions></trkpt><trkpt lat="15.3460040689" lon="73.8761405647"><ele>0.14</ele><time>2025-11-14T03:28:07Z</time><extensions><gpxtpx:TrackPointExtension><gpxtpx:cad>0</gpxtpx:cad></gpxtpx:TrackPointExtension></extensions></trkpt><trkpt lat="15.3459138796" lon="73.8762714900"><ele>-0.34</ele><time>2025-11-14T03:28:12Z</time><extensions><gpxtpx:TrackPointExtension><gpxtpx:cad>0</gpxtpx:cad></gpxtpx:TrackPointExtension></extensions></trkpt><trkpt lat="15.3458263725" lon="73.8763959613"><ele>-0.82</ele><time>2025-11-14T03:28:17Z</time><extensions><gpxtpx:TrackPointExtension><gpxtpx:cad>0</gpxtpx:cad></gpxtpx:TrackPointExtension></extensions></trkpt><trkpt lat="15.3457407933" lon="73.8765268028"><ele>-0.82</ele><time>2025-11-14T03:28:22Z</time><extensions><gpxtpx:TrackPointExtension><gpxtpx:cad>0</gpxtpx:cad></gpxtpx:TrackPointExtension></extensions></trkpt><trkpt lat="15.3456433117" lon="73.8766449038"><ele>-0.82</ele><time>2025-11-14T03:28:27Z</time><extensions><gpxtpx:TrackPointExtension><gpxtpx:cad>0</gpxtpx:cad></gpxtpx:TrackPointExtension></extensions></trkpt><trkpt lat="15.3455554694" lon="73.8767764997"><ele>-0.82</ele><time>2025-11-14T03:28:32Z</time><extensions><gpxtpx:TrackPointExtension><gpxtpx:cad>0</gpxtpx:cad></gpxtpx:TrackPointExtension></extensions></trkpt><trkpt lat="15.3454718180" lon="73.8769039046"><ele>-0.82</ele><time>2025-11-14T03:28:37Z</time><extensions><gpxtpx:TrackPointExtension><gpxtpx:cad>0</gpxtpx:cad></gpxtpx:TrackPointExtension></extensions></trkpt><trkpt lat="15.3453805391" lon="73.8770267833"><ele>-0.82</ele><time>2025-11-14T03:28:42Z</time><extensions><gpxtpx:TrackPointExtension><gpxtpx:cad>0</gpxtpx:cad></gpxtpx:TrackPointExtension></extensions></trkpt><trkpt lat="15.3452957980" lon="73.8771706168"><ele>-0.82</ele><time>2025-11-14T03:28:47Z</time><extensions><gpxtpx:TrackPointExtension><gpxtpx:cad>0</gpxtpx:cad></gpxtpx:TrackPointExtension></extensions></trkpt><trkpt lat="15.3452157509" lon="73.8772939146"><ele>-0.82</ele><time>2025-11-14T03:28:52Z</time><extensions><gpxtpx:TrackPointExtension><gpxtpx:cad>0</gpxtpx:cad></gpxtpx:TrackPointExtension></extensions></trkpt><trkpt lat="15.3451326862" lon="73.8774204813"><ele>-0.82</ele><time>2025-11-14T03:28:57Z</time><extensions><gpxtpx:TrackPointExtension><gpxtpx:cad>0</gpxtpx:cad></gpxtpx:TrackPointExtension></extensions></trkpt><trkpt lat="15.3450467717" lon="73.8775498979"><ele>-1.30</ele><time>2025-11-14T03:29:02Z</time><extensions><gpxtpx:TrackPointExtension><gpxtpx:cad>0</gpxtpx:cad></gpxtpx:TrackPointExtension></extensions></trkpt><trkpt lat="15.3449597675" lon="73.8776832540"><ele>-0.82</ele><time>2025-11-14T03:29:07Z</time><extensions><gpxtpx:TrackPointExtension><gpxtpx:cad>0</gpxtpx:cad></gpxtpx:TrackPointExtension></extensions></trkpt><trkpt lat="15.3448762000" lon="73.8778103236"><ele>-0.82</ele><time>2025-11-14T03:29:12Z</time><extensions><gpxtpx:TrackPointExtension><gpxtpx:cad>0</gpxtpx:cad></gpxtpx:TrackPointExtension></extensions></trkpt><trkpt lat="15.3448022716" lon="73.8779487088"><ele>-0.34</ele><time>2025-11-14T03:29:17Z</time><extensions><gpxtpx:TrackPointExtension><gpxtpx:cad>0</gpxtpx:cad></gpxtpx:TrackPointExtension></extensions></trkpt><trkpt lat="15.3447281756" lon="73.8780844957"><ele>-0.34</ele><time>2025-11-14T03:29:22Z</time><extensions><gpxtpx:TrackPointExtension><gpxtpx:cad>0</gpxtpx:cad></gpxtpx:TrackPointExtension></extensions></trkpt><trkpt lat="15.3446586058" lon="73.8782186899"><ele>-0.34</ele><time>2025-11-14T03:29:27Z</time><extensions><gpxtpx:TrackPointExtension><gpxtpx:cad>0</gpxtpx:cad></gpxtpx:TrackPointExtension></extensions></trkpt><trkpt lat="15.3445929755" lon="73.8783570752"><ele>-0.34</ele><time>2025-11-14T03:29:32Z</time><extensions><gpxtpx:TrackPointExtension><gpxtpx:cad>0</gpxtpx:cad></gpxtpx:TrackPointExtension></extensions></trkpt><trkpt lat="15.3445255850" lon="73.8784977235"><ele>0.14</ele><time>2025-11-14T03:29:37Z</time><extensions><gpxtpx:TrackPointExtension><gpxtpx:cad>0</gpxtpx:cad></gpxtpx:TrackPointExtension></extensions></trkpt><trkpt lat="15.3444612958" lon="73.8786387071"><ele>-0.34</ele><time>2025-11-14T03:29:42Z</time><extensions><gpxtpx:TrackPointExtension><gpxtpx:cad>0</gpxtpx:cad></gpxtpx:TrackPointExtension></extensions></trkpt><trkpt lat="15.3444025386" lon="73.8787786011"><ele>-0.34</ele><time>2025-11-14T03:29:47Z</time><extensions><gpxtpx:TrackPointExtension><gpxtpx:cad>0</gpxtpx:cad></gpxtpx:TrackPointExtension></extensions></trkpt><trkpt lat="15.3443379980" lon="73.8789199200"><ele>-0.34</ele><time>2025-11-14T03:29:52Z</time><extensions><gpxtpx:TrackPointExtension><gpxtpx:cad>0</gpxtpx:cad></gpxtpx:TrackPointExtension></extensions></trkpt><trkpt lat="15.3442727868" lon="73.8790642563"><ele>-0.34</ele><time>2025-11-14T03:29:57Z</time><extensions><gpxtpx:TrackPointExtension><gpxtpx:cad>0</gpxtpx:cad></gpxtpx:TrackPointExtension></extensions></trkpt><trkpt lat="15.3442094196" lon="73.8792038150"><ele>-0.34</ele><time>2025-11-14T03:30:02Z</time><extensions><gpxtpx:TrackPointExtension><gpxtpx:cad>0</gpxtpx:cad></gpxtpx:TrackPointExtension></extensions></trkpt><trkpt lat="15.3441494890" lon="73.8793459721"><ele>-0.34</ele><time>2025-11-14T03:30:07Z</time><extensions><gpxtpx:TrackPointExtension><gpxtpx:cad>0</gpxtpx:cad></gpxtpx:TrackPointExtension></extensions></trkpt><trkpt lat="15.3440945875" lon="73.8794884644"><ele>-0.34</ele><time>2025-11-14T03:30:12Z</time><extensions><gpxtpx:TrackPointExtension><gpxtpx:cad>0</gpxtpx:cad></gpxtpx:TrackPointExtension></extensions></trkpt><trkpt lat="15.3440472297" lon="73.8796359859"><ele>-0.34</ele><time>2025-11-14T03:30:17Z</time><extensions><gpxtpx:TrackPointExtension><gpxtpx:cad>0</gpxtpx:cad></gpxtpx:TrackPointExtension></extensions></trkpt><trkpt lat="15.3439958487" lon="73.8797812443"><ele>-0.34</ele><time>2025-11-14T03:30:22Z</time><extensions><gpxtpx:TrackPointExtension><gpxtpx:cad>0</gpxtpx:cad></gpxtpx:TrackPointExtension></extensions></trkpt><trkpt lat="15.3439317271" lon="73.8799280953"><ele>-0.34</ele><time>2025-11-14T03:30:27Z</time><extensions><gpxtpx:TrackPointExtension><gpxtpx:cad>0</gpxtpx:cad></gpxtpx:TrackPointExtension></extensions></trkpt><trkpt lat="15.3438603971" lon="73.8800713420"><ele>-0.34</ele><time>2025-11-14T03:30:32Z</time><extensions><gpxtpx:TrackPointExtension><gpxtpx:cad>0</gpxtpx:cad></gpxtpx:TrackPointExtension></extensions></trkpt><trkpt lat="15.3437975328" lon="73.8802117389"><ele>-0.34</ele><time>2025-11-14T03:30:37Z</time><extensions><gpxtpx:TrackPointExtension><gpxtpx:cad>0</gpxtpx:cad></gpxtpx:TrackPointExtension></extensions></trkpt><trkpt lat="15.3437486663" lon="73.8803603500"><ele>-0.34</ele><time>2025-11-14T03:30:42Z</time><extensions><gpxtpx:TrackPointExtension><gpxtpx:cad>0</gpxtpx:cad></gpxtpx:TrackPointExtension></extensions></trkpt><trkpt lat="15.3436972015" lon="73.8805100508"><ele>-0.34</ele><time>2025-11-14T03:30:47Z</time><extensions><gpxtpx:TrackPointExtension><gpxtpx:cad>0</gpxtpx:cad></gpxtpx:TrackPointExtension></extensions></trkpt><trkpt lat="15.3436433058" lon="73.8806543872"><ele>-0.34</ele><time>2025-11-14T03:30:52Z</time><extensions><gpxtpx:TrackPointExtension><gpxtpx:cad>0</gpxtpx:cad></gpxtpx:TrackPointExtension></extensions></trkpt><trkpt lat="15.3435960319" lon="73.8808066864"><ele>0.14</ele><time>2025-11-14T03:30:57Z</time><extensions><gpxtpx:TrackPointExtension><gpxtpx:cad>0</gpxtpx:cad></gpxtpx:TrackPointExtension></extensions></trkpt><trkpt lat="15.3435314912" lon="73.8809473347"><ele>0.14</ele><time>2025-11-14T03:31:02Z</time><extensions><gpxtpx:TrackPointExtension><gpxtpx:cad>0</gpxtpx:cad></gpxtpx:TrackPointExtension></extensions></trkpt><trkpt lat="15.3434577305" lon="73.8810887374"><ele>0.14</ele><time>2025-11-14T03:31:07Z</time><extensions><gpxtpx:TrackPointExtension><gpxtpx:cad>0</gpxtpx:cad></gpxtpx:TrackPointExtension></extensions></trkpt><trkpt lat="15.3433910944" lon="73.8812289666"><ele>0.62</ele><time>2025-11-14T03:31:12Z</time><extensions><gpxtpx:TrackPointExtension><gpxtpx:cad>0</gpxtpx:cad></gpxtpx:TrackPointExtension></extensions></trkpt><trkpt lat="15.3433304094" lon="73.8813742250"><ele>0.14</ele><time>2025-11-14T03:31:17Z</time><extensions><gpxtpx:TrackPointExtension><gpxtpx:cad>0</gpxtpx:cad></gpxtpx:TrackPointExtension></extensions></trkpt><trkpt lat="15.3432700597" lon="73.8815210760"><ele>0.14</ele><time>2025-11-14T03:31:22Z</time><extensions><gpxtpx:TrackPointExtension><gpxtpx:cad>0</gpxtpx:cad></gpxtpx:TrackPointExtension></extensions></trkpt><trkpt lat="15.3432109673" lon="73.8816657476"><ele>0.62</ele><time>2025-11-14T03:31:27Z</time><extensions><gpxtpx:TrackPointExtension><gpxtpx:cad>0</gpxtpx:cad></gpxtpx:TrackPointExtension></extensions></trkpt><trkpt lat="15.3431517910" lon="73.8818131015"><ele>0.14</ele><time>2025-11-14T03:31:32Z</time><extensions><gpxtpx:TrackPointExtension><gpxtpx:cad>0</gpxtpx:cad></gpxtpx:TrackPointExtension></extensions></trkpt><trkpt lat="15.3430919442" lon="73.8819548395"><ele>0.14</ele><time>2025-11-14T03:31:37Z</time><extensions><gpxtpx:TrackPointExtension><gpxtpx:cad>0</gpxtpx:cad></gpxtpx:TrackPointExtension></extensions></trkpt><trkpt lat="15.3430243023" lon="73.8820960745"><ele>0.14</ele><time>2025-11-14T03:31:42Z</time><extensions><gpxtpx:TrackPointExtension><gpxtpx:cad>0</gpxtpx:cad></gpxtpx:TrackPointExtension></extensions></trkpt><trkpt lat="15.3429596778" lon="73.8822406624"><ele>-0.34</ele><time>2025-11-14T03:31:47Z</time><extensions><gpxtpx:TrackPointExtension><gpxtpx:cad>0</gpxtpx:cad></gpxtpx:TrackPointExtension></extensions></trkpt><trkpt lat="15.3428777028" lon="73.8823814783"><ele>0.14</ele><time>2025-11-14T03:31:52Z</time><extensions><gpxtpx:TrackPointExtension><gpxtpx:cad>0</gpxtpx:cad></gpxtpx:TrackPointExtension></extensions></trkpt><trkpt lat="15.3428026848" lon="73.8825194445"><ele>0.62</ele><time>2025-11-14T03:31:57Z</time><extensions><gpxtpx:TrackPointExtension><gpxtpx:cad>0</gpxtpx:cad></gpxtpx:TrackPointExtension></extensions></trkpt><trkpt lat="15.3427264933" lon="73.8826580811"><ele>0.14</ele><time>2025-11-14T03:32:02Z</time><extensions><gpxtpx:TrackPointExtension><gpxtpx:cad>0</gpxtpx:cad></gpxtpx:TrackPointExtension></extensions></trkpt><trkpt lat="15.3426560853" lon="73.8827895932"><ele>0.14</ele><time>2025-11-14T03:32:07Z</time><extensions><gpxtpx:TrackPointExtension><gpxtpx:cad>0</gpxtpx:cad></gpxtpx:TrackPointExtension></extensions></trkpt><trkpt lat="15.3425889462" lon="73.8829358574"><ele>0.14</ele><time>2025-11-14T03:32:12Z</time><extensions><gpxtpx:TrackPointExtension><gpxtpx:cad>0</gpxtpx:cad></gpxtpx:TrackPointExtension></extensions></trkpt><trkpt lat="15.3425341286" lon="73.8830775116"><ele>0.14</ele><time>2025-11-14T03:32:17Z</time><extensions><gpxtpx:TrackPointExtension><gpxtpx:cad>0</gpxtpx:cad></gpxtpx:TrackPointExtension></extensions></trkpt><trkpt lat="15.3424669895" lon="73.8832205068"><ele>0.14</ele><time>2025-11-14T03:32:22Z</time><extensions><gpxtpx:TrackPointExtension><gpxtpx:cad>0</gpxtpx:cad></gpxtpx:TrackPointExtension></extensions></trkpt><trkpt lat="15.3424046282" lon="73.8833649270"><ele>0.62</ele><time>2025-11-14T03:32:27Z</time><extensions><gpxtpx:TrackPointExtension><gpxtpx:cad>0</gpxtpx:cad></gpxtpx:TrackPointExtension></extensions></trkpt><trkpt lat="15.3423621319" lon="73.8835137058"><ele>1.10</ele><time>2025-11-14T03:32:32Z</time><extensions><gpxtpx:TrackPointExtension><gpxtpx:cad>0</gpxtpx:cad></gpxtpx:TrackPointExtension></extensions></trkpt><trkpt lat="15.3423287719" lon="73.8836649992"><ele>1.10</ele><time>2025-11-14T03:32:37Z</time><extensions><gpxtpx:TrackPointExtension><gpxtpx:cad>0</gpxtpx:cad></gpxtpx:TrackPointExtension></extensions></trkpt><trkpt lat="15.3422867786" lon="73.8838198967"><ele>1.10</ele><time>2025-11-14T03:32:42Z</time><extensions><gpxtpx:TrackPointExtension><gpxtpx:cad>0</gpxtpx:cad></gpxtpx:TrackPointExtension></extensions></trkpt><trkpt lat="15.3422343079" lon="73.8839664124"><ele>1.10</ele><time>2025-11-14T03:32:47Z</time><extensions><gpxtpx:TrackPointExtension><gpxtpx:cad>0</gpxtpx:cad></gpxtpx:TrackPointExtension></extensions></trkpt><trkpt lat="15.3421778139" lon="73.8841185439"><ele>1.58</ele><time>2025-11-14T03:32:52Z</time><extensions><gpxtpx:TrackPointExtension><gpxtpx:cad>0</gpxtpx:cad></gpxtpx:TrackPointExtension></extensions></trkpt><trkpt lat="15.3421281092" lon="73.8842702564"><ele>1.10</ele><time>2025-11-14T03:32:57Z</time><extensions><gpxtpx:TrackPointExtension><gpxtpx:cad>0</gpxtpx:cad></gpxtpx:TrackPointExtension></extensions></trkpt><trkpt lat="15.3420836013" lon="73.8844235614"><ele>1.10</ele><time>2025-11-14T03:33:02Z</time><extensions><gpxtpx:TrackPointExtension><gpxtpx:cad>0</gpxtpx:cad></gpxtpx:TrackPointExtension></extensions></trkpt><trkpt lat="15.3420395963" lon="73.8845753577"><ele>1.58</ele><time>2025-11-14T03:33:07Z</time><extensions><gpxtpx:TrackPointExtension><gpxtpx:cad>0</gpxtpx:cad></gpxtpx:TrackPointExtension></extensions></trkpt><trkpt lat="15.3419860359" lon="73.8847257290"><ele>1.58</ele><time>2025-11-14T03:33:12Z</time><extensions><gpxtpx:TrackPointExtension><gpxtpx:cad>0</gpxtpx:cad></gpxtpx:TrackPointExtension></extensions></trkpt><trkpt lat="15.3419351578" lon="73.8848736696"><ele>1.58</ele><time>2025-11-14T03:33:17Z</time><extensions><gpxtpx:TrackPointExtension><gpxtpx:cad>0</gpxtpx:cad></gpxtpx:TrackPointExtension></extensions></trkpt><trkpt lat="15.3418774903" lon="73.8850194309"><ele>1.58</ele><time>2025-11-14T03:33:22Z</time><extensions><gpxtpx:TrackPointExtension><gpxtpx:cad>0</gpxtpx:cad></gpxtpx:TrackPointExtension></extensions></trkpt><trkpt lat="15.3418103512" lon="73.8851659466"><ele>1.10</ele><time>2025-11-14T03:33:27Z</time><extensions><gpxtpx:TrackPointExtension><gpxtpx:cad>0</gpxtpx:cad></gpxtpx:TrackPointExtension></extensions></trkpt><trkpt lat="15.3417292144" lon="73.8853029907"><ele>1.10</ele><time>2025-11-14T03:33:32Z</time><extensions><gpxtpx:TrackPointExtension><gpxtpx:cad>0</gpxtpx:cad></gpxtpx:TrackPointExtension></extensions></trkpt><trkpt lat="15.3416557889" lon="73.8854438066"><ele>0.62</ele><time>2025-11-14T03:33:37Z</time><extensions><gpxtpx:TrackPointExtension><gpxtpx:cad>0</gpxtpx:cad></gpxtpx:TrackPointExtension></extensions></trkpt><trkpt lat="15.3415879793" lon="73.8855872210"><ele>0.62</ele><time>2025-11-14T03:33:42Z</time><extensions><gpxtpx:TrackPointExtension><gpxtpx:cad>0</gpxtpx:cad></gpxtpx:TrackPointExtension></extensions></trkpt><trkpt lat="15.3415147215" lon="73.8857313059"><ele>0.62</ele><time>2025-11-14T03:33:47Z</time><extensions><gpxtpx:TrackPointExtension><gpxtpx:cad>0</gpxtpx:cad></gpxtpx:TrackPointExtension></extensions></trkpt><trkpt lat="15.3414296452" lon="73.8858676795"><ele>0.62</ele><time>2025-11-14T03:33:52Z</time><extensions><gpxtpx:TrackPointExtension><gpxtpx:cad>0</gpxtpx:cad></gpxtpx:TrackPointExtension></extensions></trkpt><trkpt lat="15.3413473349" lon="73.8860061485"><ele>0.62</ele><time>2025-11-14T03:33:57Z</time><extensions><gpxtpx:TrackPointExtension><gpxtpx:cad>0</gpxtpx:cad></gpxtpx:TrackPointExtension></extensions></trkpt><trkpt lat="15.3412740771" lon="73.8861423545"><ele>0.62</ele><time>2025-11-14T03:34:02Z</time><extensions><gpxtpx:TrackPointExtension><gpxtpx:cad>0</gpxtpx:cad></gpxtpx:TrackPointExtension></extensions></trkpt><trkpt lat="15.3411978018" lon="73.8862817455"><ele>0.62</ele><time>2025-11-14T03:34:07Z</time><extensions><gpxtpx:TrackPointExtension><gpxtpx:cad>0</gpxtpx:cad></gpxtpx:TrackPointExtension></extensions></trkpt><trkpt lat="15.3411133960" lon="73.8864138443"><ele>0.14</ele><time>2025-11-14T03:34:12Z</time><extensions><gpxtpx:TrackPointExtension><gpxtpx:cad>0</gpxtpx:cad></gpxtpx:TrackPointExtension></extensions></trkpt><trkpt lat="15.3410170879" lon="73.8865384832"><ele>0.14</ele><time>2025-11-14T03:34:17Z</time><extensions><gpxtpx:TrackPointExtension><gpxtpx:cad>0</gpxtpx:cad></gpxtpx:TrackPointExtension></extensions></trkpt><trkpt lat="15.3409086261" lon="73.8866574224"><ele>0.14</ele><time>2025-11-14T03:34:22Z</time><extensions><gpxtpx:TrackPointExtension><gpxtpx:cad>0</gpxtpx:cad></gpxtpx:TrackPointExtension></extensions></trkpt><trkpt lat="15.3407984879" lon="73.8867734279"><ele>0.62</ele><time>2025-11-14T03:34:27Z</time><extensions><gpxtpx:TrackPointExtension><gpxtpx:cad>0</gpxtpx:cad></gpxtpx:TrackPointExtension></extensions></trkpt><trkpt lat="15.3406860027" lon="73.8868850749"><ele>0.14</ele><time>2025-11-14T03:34:32Z</time><extensions><gpxtpx:TrackPointExtension><gpxtpx:cad>0</gpxtpx:cad></gpxtpx:TrackPointExtension></extensions></trkpt><trkpt lat="15.3405811451" lon="73.8870031759"><ele>0.14</ele><time>2025-11-14T03:34:37Z</time><extensions><gpxtpx:TrackPointExtension><gpxtpx:cad>0</gpxtpx:cad></gpxtpx:TrackPointExtension></extensions></trkpt><trkpt lat="15.3404815681" lon="73.8871227857"><ele>0.62</ele><time>2025-11-14T03:34:42Z</time><extensions><gpxtpx:TrackPointExtension><gpxtpx:cad>0</gpxtpx:cad></gpxtpx:TrackPointExtension></extensions></trkpt><trkpt lat="15.3403746150" lon="73.8872335106"><ele>0.62</ele><time>2025-11-14T03:34:47Z</time><extensions><gpxtpx:TrackPointExtension><gpxtpx:cad>0</gpxtpx:cad></gpxtpx:TrackPointExtension></extensions></trkpt><trkpt lat="15.3402619623" lon="73.8873425592"><ele>0.62</ele><time>2025-11-14T03:34:52Z</time><extensions><gpxtpx:TrackPointExtension><gpxtpx:cad>0</gpxtpx:cad></gpxtpx:TrackPointExtension></extensions></trkpt><trkpt lat="15.3401432745" lon="73.8874504343"><ele>0.62</ele><time>2025-11-14T03:34:57Z</time><extensions><gpxtpx:TrackPointExtension><gpxtpx:cad>0</gpxtpx:cad></gpxtpx:TrackPointExtension></extensions></trkpt><trkpt lat="15.3400189709" lon="73.8875477482"><ele>-0.34</ele><time>2025-11-14T03:35:02Z</time><extensions><gpxtpx:TrackPointExtension><gpxtpx:cad>0</gpxtpx:cad></gpxtpx:TrackPointExtension></extensions></trkpt><trkpt lat="15.3399072401" lon="73.8876552880"><ele>-1.30</ele><time>2025-11-14T03:35:07Z</time><extensions><gpxtpx:TrackPointExtension><gpxtpx:cad>0</gpxtpx:cad></gpxtpx:TrackPointExtension></extensions></trkpt><trkpt lat="15.3398037236" lon="73.8877749816"><ele>-1.79</ele><time>2025-11-14T03:35:12Z</time><extensions><gpxtpx:TrackPointExtension><gpxtpx:cad>0</gpxtpx:cad></gpxtpx:TrackPointExtension></extensions></trkpt><trkpt lat="15.3397059906" lon="73.8878972735"><ele>-2.27</ele><time>2025-11-14T03:35:17Z</time><extensions><gpxtpx:TrackPointExtension><gpxtpx:cad>0</gpxtpx:cad></gpxtpx:TrackPointExtension></extensions></trkpt><trkpt lat="15.3396006301" lon="73.8880131952"><ele>-2.27</ele><time>2025-11-14T03:35:22Z</time><extensions><gpxtpx:TrackPointExtension><gpxtpx:cad>0</gpxtpx:cad></gpxtpx:TrackPointExtension></extensions></trkpt><trkpt lat="15.3394857980" lon="73.8881166279"><ele>-2.27</ele><time>2025-11-14T03:35:27Z</time><extensions><gpxtpx:TrackPointExtension><gpxtpx:cad>0</gpxtpx:cad></gpxtpx:TrackPointExtension></extensions></trkpt><trkpt lat="15.3393628355" lon="73.8882172108"><ele>-2.27</ele><time>2025-11-14T03:35:32Z</time><extensions><gpxtpx:TrackPointExtension><gpxtpx:cad>0</gpxtpx:cad></gpxtpx:TrackPointExtension></extensions></trkpt><trkpt lat="15.3392383642" lon="73.8883171231"><ele>-1.79</ele><time>2025-11-14T03:35:37Z</time><extensions><gpxtpx:TrackPointExtension><gpxtpx:cad>0</gpxtpx:cad></gpxtpx:TrackPointExtension></extensions></trkpt><trkpt lat="15.3391190059" lon="73.8884223159"><ele>-1.30</ele><time>2025-11-14T03:35:42Z</time><extensions><gpxtpx:TrackPointExtension><gpxtpx:cad>0</gpxtpx:cad></gpxtpx:TrackPointExtension></extensions></trkpt><trkpt lat="15.3389998153" lon="73.8885258324"><ele>-0.82</ele><time>2025-11-14T03:35:47Z</time><extensions><gpxtpx:TrackPointExtension><gpxtpx:cad>0</gpxtpx:cad></gpxtpx:TrackPointExtension></extensions></trkpt><trkpt lat="15.3388770204" lon="73.8886296842"><ele>-0.82</ele><time>2025-11-14T03:35:52Z</time><extensions><gpxtpx:TrackPointExtension><gpxtpx:cad>0</gpxtpx:cad></gpxtpx:TrackPointExtension></extensions></trkpt><trkpt lat="15.3387541417" lon="73.8887376431"><ele>-0.82</ele><time>2025-11-14T03:35:57Z</time><extensions><gpxtpx:TrackPointExtension><gpxtpx:cad>0</gpxtpx:cad></gpxtpx:TrackPointExtension></extensions></trkpt><trkpt lat="15.3386268206" lon="73.8888419140"><ele>-0.82</ele><time>2025-11-14T03:36:02Z</time><extensions><gpxtpx:TrackPointExtension><gpxtpx:cad>0</gpxtpx:cad></gpxtpx:TrackPointExtension></extensions></trkpt><trkpt lat="15.3385040257" lon="73.8889414072"><ele>-0.82</ele><time>2025-11-14T03:36:07Z</time><extensions><gpxtpx:TrackPointExtension><gpxtpx:cad>0</gpxtpx:cad></gpxtpx:TrackPointExtension></extensions></trkpt><trkpt lat="15.3383791354" lon="73.8890480250"><ele>-0.82</ele><time>2025-11-14T03:36:12Z</time><extensions><gpxtpx:TrackPointExtension><gpxtpx:cad>0</gpxtpx:cad></gpxtpx:TrackPointExtension></extensions></trkpt><trkpt lat="15.3382549156" lon="73.8891457580"><ele>-0.34</ele><time>2025-11-14T03:36:17Z</time><extensions><gpxtpx:TrackPointExtension><gpxtpx:cad>0</gpxtpx:cad></gpxtpx:TrackPointExtension></extensions></trkpt><trkpt lat="15.3381332941" lon="73.8892440777"><ele>-0.34</ele><time>2025-11-14T03:36:22Z</time><extensions><gpxtpx:TrackPointExtension><gpxtpx:cad>0</gpxtpx:cad></gpxtpx:TrackPointExtension></extensions></trkpt><trkpt lat="15.3380035423" lon="73.8893252145"><ele>-0.34</ele><time>2025-11-14T03:36:27Z</time><extensions><gpxtpx:TrackPointExtension><gpxtpx:cad>0</gpxtpx:cad></gpxtpx:TrackPointExtension></extensions></trkpt><trkpt lat="15.3378649894" lon="73.8893330097"><ele>-0.34</ele><time>2025-11-14T03:36:32Z</time><extensions><gpxtpx:TrackPointExtension><gpxtpx:cad>0</gpxtpx:cad></gpxtpx:TrackPointExtension></extensions></trkpt><trkpt lat="15.3377284482" lon="73.8892706484"><ele>-0.82</ele><time>2025-11-14T03:36:37Z</time><extensions><gpxtpx:TrackPointExtension><gpxtpx:cad>0</gpxtpx:cad></gpxtpx:TrackPointExtension></extensions></trkpt><trkpt lat="15.3375924937" lon="73.8891847339"><ele>-0.82</ele><time>2025-11-14T03:36:42Z</time><extensions><gpxtpx:TrackPointExtension><gpxtpx:cad>0</gpxtpx:cad></gpxtpx:TrackPointExtension></extensions></trkpt><trkpt lat="15.3374550305" lon="73.8891201932"><ele>-1.30</ele><time>2025-11-14T03:36:47Z</time><extensions><gpxtpx:TrackPointExtension><gpxtpx:cad>0</gpxtpx:cad></gpxtpx:TrackPointExtension></extensions></trkpt><trkpt lat="15.3373099398" lon="73.8890476897"><ele>-1.30</ele><time>2025-11-14T03:36:52Z</time><extensions><gpxtpx:TrackPointExtension><gpxtpx:cad>0</gpxtpx:cad></gpxtpx:TrackPointExtension></extensions></trkpt><trkpt lat="15.3371656872" lon="73.8889683131"><ele>-1.30</ele><time>2025-11-14T03:36:57Z</time><extensions><gpxtpx:TrackPointExtension><gpxtpx:cad>0</gpxtpx:cad></gpxtpx:TrackPointExtension></extensions></trkpt><trkpt lat="15.3370185010" lon="73.8888981566"><ele>-0.82</ele><time>2025-11-14T03:37:02Z</time><extensions><gpxtpx:TrackPointExtension><gpxtpx:cad>0</gpxtpx:cad></gpxtpx:TrackPointExtension></extensions></trkpt><trkpt lat="15.3368785232" lon="73.8888333645"><ele>-0.82</ele><time>2025-11-14T03:37:07Z</time><extensions><gpxtpx:TrackPointExtension><gpxtpx:cad>0</gpxtpx:cad></gpxtpx:TrackPointExtension></extensions></trkpt><trkpt lat="15.3367323428" lon="73.8887635432"><ele>-0.82</ele><time>2025-11-14T03:37:12Z</time><extensions><gpxtpx:TrackPointExtension><gpxtpx:cad>0</gpxtpx:cad></gpxtpx:TrackPointExtension></extensions></trkpt><trkpt lat="15.3365909401" lon="73.8886891119"><ele>-0.82</ele><time>2025-11-14T03:37:17Z</time><extensions><gpxtpx:TrackPointExtension><gpxtpx:cad>0</gpxtpx:cad></gpxtpx:TrackPointExtension></extensions></trkpt><trkpt lat="15.3364478610" lon="73.8886132557"><ele>-0.82</ele><time>2025-11-14T03:37:22Z</time><extensions><gpxtpx:TrackPointExtension><gpxtpx:cad>0</gpxtpx:cad></gpxtpx:TrackPointExtension></extensions></trkpt><trkpt lat="15.3363030218" lon="73.8885419257"><ele>-0.34</ele><time>2025-11-14T03:37:27Z</time><extensions><gpxtpx:TrackPointExtension><gpxtpx:cad>0</gpxtpx:cad></gpxtpx:TrackPointExtension></extensions></trkpt><trkpt lat="15.3361544106" lon="73.8884738646"><ele>-0.34</ele><time>2025-11-14T03:37:32Z</time><extensions><gpxtpx:TrackPointExtension><gpxtpx:cad>0</gpxtpx:cad></gpxtpx:TrackPointExtension></extensions></trkpt><trkpt lat="15.3360015247" lon="73.8884097431"><ele>0.14</ele><time>2025-11-14T03:37:37Z</time><extensions><gpxtpx:TrackPointExtension><gpxtpx:cad>0</gpxtpx:cad></gpxtpx:TrackPointExtension></extensions></trkpt><trkpt lat="15.3358508181" lon="73.8883492257"><ele>0.14</ele><time>2025-11-14T03:37:42Z</time><extensions><gpxtpx:TrackPointExtension><gpxtpx:cad>0</gpxtpx:cad></gpxtpx:TrackPointExtension></extensions></trkpt><trkpt lat="15.3357020393" lon="73.8882905524"><ele>0.62</ele><time>2025-11-14T03:37:47Z</time><extensions><gpxtpx:TrackPointExtension><gpxtpx:cad>0</gpxtpx:cad></gpxtpx:TrackPointExtension></extensions></trkpt><trkpt lat="15.3355551045" lon="73.8882348128"><ele>0.62</ele><time>2025-11-14T03:37:52Z</time><extensions><gpxtpx:TrackPointExtension><gpxtpx:cad>0</gpxtpx:cad></gpxtpx:TrackPointExtension></extensions></trkpt><trkpt lat="15.3354095947" lon="73.8881846052"><ele>0.14</ele><time>2025-11-14T03:37:57Z</time><extensions><gpxtpx:TrackPointExtension><gpxtpx:cad>0</gpxtpx:cad></gpxtpx:TrackPointExtension></extensions></trkpt><trkpt lat="15.3352620732" lon="73.8881354872"><ele>0.14</ele><time>2025-11-14T03:38:02Z</time><extensions><gpxtpx:TrackPointExtension><gpxtpx:cad>0</gpxtpx:cad></gpxtpx:TrackPointExtension></extensions></trkpt><trkpt lat="15.3351083491" lon="73.8880826812"><ele>0.14</ele><time>2025-11-14T03:38:07Z</time><extensions><gpxtpx:TrackPointExtension><gpxtpx:cad>0</gpxtpx:cad></gpxtpx:TrackPointExtension></extensions></trkpt><trkpt lat="15.3349563014" lon="73.8880356587"><ele>0.14</ele><time>2025-11-14T03:38:12Z</time><extensions><gpxtpx:TrackPointExtension><gpxtpx:cad>0</gpxtpx:cad></gpxtpx:TrackPointExtension></extensions></trkpt><trkpt lat="15.3348031640" lon="73.8879892230"><ele>0.14</ele><time>2025-11-14T03:38:17Z</time><extensions><gpxtpx:TrackPointExtension><gpxtpx:cad>0</gpxtpx:cad></gpxtpx:TrackPointExtension></extensions></trkpt><trkpt lat="15.3346537985" lon="73.8879483193"><ele>-0.34</ele><time>2025-11-14T03:38:22Z</time><extensions><gpxtpx:TrackPointExtension><gpxtpx:cad>0</gpxtpx:cad></gpxtpx:TrackPointExtension></extensions></trkpt><trkpt lat="15.3345007449" lon="73.8879020512"><ele>-0.34</ele><time>2025-11-14T03:38:27Z</time><extensions><gpxtpx:TrackPointExtension><gpxtpx:cad>0</gpxtpx:cad></gpxtpx:TrackPointExtension></extensions></trkpt><trkpt lat="15.3343489487" lon="73.8878603932"><ele>-0.82</ele><time>2025-11-14T03:38:32Z</time><extensions><gpxtpx:TrackPointExtension><gpxtpx:cad>0</gpxtpx:cad></gpxtpx:TrackPointExtension></extensions></trkpt><trkpt lat="15.3341981582" lon="73.8878229260"><ele>-0.82</ele><time>2025-11-14T03:38:37Z</time><extensions><gpxtpx:TrackPointExtension><gpxtpx:cad>0</gpxtpx:cad></gpxtpx:TrackPointExtension></extensions></trkpt><trkpt lat="15.3340436798" lon="73.8877830282"><ele>-0.82</ele><time>2025-11-14T03:38:42Z</time><extensions><gpxtpx:TrackPointExtension><gpxtpx:cad>0</gpxtpx:cad></gpxtpx:TrackPointExtension></extensions></trkpt><trkpt lat="15.3338933084" lon="73.8877509255"><ele>-0.34</ele><time>2025-11-14T03:38:47Z</time><extensions><gpxtpx:TrackPointExtension><gpxtpx:cad>0</gpxtpx:cad></gpxtpx:TrackPointExtension></extensions></trkpt><trkpt lat="15.3337419312" lon="73.8877134584"><ele>-0.34</ele><time>2025-11-14T03:38:52Z</time><extensions><gpxtpx:TrackPointExtension><gpxtpx:cad>0</gpxtpx:cad></gpxtpx:TrackPointExtension></extensions></trkpt><trkpt lat="15.3335887101" lon="73.8876740634"><ele>-0.34</ele><time>2025-11-14T03:38:57Z</time><extensions><gpxtpx:TrackPointExtension><gpxtpx:cad>0</gpxtpx:cad></gpxtpx:TrackPointExtension></extensions></trkpt><trkpt lat="15.3334342316" lon="73.8876356743"><ele>0.14</ele><time>2025-11-14T03:39:02Z</time><extensions><gpxtpx:TrackPointExtension><gpxtpx:cad>0</gpxtpx:cad></gpxtpx:TrackPointExtension></extensions></trkpt><trkpt lat="15.3332800046" lon="73.8875996321"><ele>0.14</ele><time>2025-11-14T03:39:07Z</time><extensions><gpxtpx:TrackPointExtension><gpxtpx:cad>0</gpxtpx:cad></gpxtpx:TrackPointExtension></extensions></trkpt><trkpt lat="15.3331255261" lon="73.8875616621"><ele>0.14</ele><time>2025-11-14T03:39:12Z</time><extensions><gpxtpx:TrackPointExtension><gpxtpx:cad>0</gpxtpx:cad></gpxtpx:TrackPointExtension></extensions></trkpt><trkpt lat="15.3329699580" lon="73.8875238597"><ele>0.14</ele><time>2025-11-14T03:39:17Z</time><extensions><gpxtpx:TrackPointExtension><gpxtpx:cad>0</gpxtpx:cad></gpxtpx:TrackPointExtension></extensions></trkpt><trkpt lat="15.3328179941" lon="73.8874930143"><ele>0.14</ele><time>2025-11-14T03:39:22Z</time><extensions><gpxtpx:TrackPointExtension><gpxtpx:cad>0</gpxtpx:cad></gpxtpx:TrackPointExtension></extensions></trkpt><trkpt lat="15.3326686285" lon="73.8874578103"><ele>-0.34</ele><time>2025-11-14T03:39:27Z</time><extensions><gpxtpx:TrackPointExtension><gpxtpx:cad>0</gpxtpx:cad></gpxtpx:TrackPointExtension></extensions></trkpt><trkpt lat="15.3325140662" lon="73.8874194212"><ele>0.14</ele><time>2025-11-14T03:39:32Z</time><extensions><gpxtpx:TrackPointExtension><gpxtpx:cad>0</gpxtpx:cad></gpxtpx:TrackPointExtension></extensions></trkpt><trkpt lat="15.3323610127" lon="73.8873817027"><ele>-0.34</ele><time>2025-11-14T03:39:37Z</time><extensions><gpxtpx:TrackPointExtension><gpxtpx:cad>0</gpxtpx:cad></gpxtpx:TrackPointExtension></extensions></trkpt><trkpt lat="15.3322089650" lon="73.8873453252"><ele>-0.34</ele><time>2025-11-14T03:39:42Z</time><extensions><gpxtpx:TrackPointExtension><gpxtpx:cad>0</gpxtpx:cad></gpxtpx:TrackPointExtension></extensions></trkpt><trkpt lat="15.3320535645" lon="73.8873171620"><ele>-0.34</ele><time>2025-11-14T03:39:47Z</time><extensions><gpxtpx:TrackPointExtension><gpxtpx:cad>0</gpxtpx:cad></gpxtpx:TrackPointExtension></extensions></trkpt><trkpt lat="15.3319005948" lon="73.8872879092"><ele>-0.82</ele><time>2025-11-14T03:39:52Z</time><extensions><gpxtpx:TrackPointExtension><gpxtpx:cad>0</gpxtpx:cad></gpxtpx:TrackPointExtension></extensions></trkpt><trkpt lat="15.3317472897" lon="73.8872439042"><ele>-0.34</ele><time>2025-11-14T03:39:57Z</time><extensions><gpxtpx:TrackPointExtension><gpxtpx:cad>0</gpxtpx:cad></gpxtpx:TrackPointExtension></extensions></trkpt><trkpt lat="15.3316007741" lon="73.8871967141"><ele>-0.34</ele><time>2025-11-14T03:40:02Z</time><extensions><gpxtpx:TrackPointExtension><gpxtpx:cad>0</gpxtpx:cad></gpxtpx:TrackPointExtension></extensions></trkpt><trkpt lat="15.3314601257" lon="73.8871334307"><ele>-0.82</ele><time>2025-11-14T03:40:07Z</time><extensions><gpxtpx:TrackPointExtension><gpxtpx:cad>0</gpxtpx:cad></gpxtpx:TrackPointExtension></extensions></trkpt><trkpt lat="15.3313199803" lon="73.8870646991"><ele>-0.82</ele><time>2025-11-14T03:40:12Z</time><extensions><gpxtpx:TrackPointExtension><gpxtpx:cad>0</gpxtpx:cad></gpxtpx:TrackPointExtension></extensions></trkpt><trkpt lat="15.3311846964" lon="73.8869854901"><ele>-0.34</ele><time>2025-11-14T03:40:17Z</time><extensions><gpxtpx:TrackPointExtension><gpxtpx:cad>0</gpxtpx:cad></gpxtpx:TrackPointExtension></extensions></trkpt><trkpt lat="15.3310533520" lon="73.8869022578"><ele>-0.82</ele><time>2025-11-14T03:40:22Z</time><extensions><gpxtpx:TrackPointExtension><gpxtpx:cad>0</gpxtpx:cad></gpxtpx:TrackPointExtension></extensions></trkpt><trkpt lat="15.3309257794" lon="73.8868088834"><ele>-0.34</ele><time>2025-11-14T03:40:27Z</time><extensions><gpxtpx:TrackPointExtension><gpxtpx:cad>0</gpxtpx:cad></gpxtpx:TrackPointExtension></extensions></trkpt><trkpt lat="15.3307927586" lon="73.8867219631"><ele>-0.34</ele><time>2025-11-14T03:40:32Z</time><extensions><gpxtpx:TrackPointExtension><gpxtpx:cad>0</gpxtpx:cad></gpxtpx:TrackPointExtension></extensions></trkpt><trkpt lat="15.3306610789" lon="73.8866305165"><ele>-0.34</ele><time>2025-11-14T03:40:37Z</time><extensions><gpxtpx:TrackPointExtension><gpxtpx:cad>0</gpxtpx:cad></gpxtpx:TrackPointExtension></extensions></trkpt><trkpt lat="15.3305250406" lon="73.8865489606"><ele>-0.34</ele><time>2025-11-14T03:40:42Z</time><extensions><gpxtpx:TrackPointExtension><gpxtpx:cad>0</gpxtpx:cad></gpxtpx:TrackPointExtension></extensions></trkpt><trkpt lat="15.3303943668" lon="73.8864578493"><ele>-0.34</ele><time>2025-11-14T03:40:47Z</time><extensions><gpxtpx:TrackPointExtension><gpxtpx:cad>0</gpxtpx:cad></gpxtpx:TrackPointExtension></extensions></trkpt><trkpt lat="15.3302640282" lon="73.8863714319"><ele>-0.82</ele><time>2025-11-14T03:40:52Z</time><extensions><gpxtpx:TrackPointExtension><gpxtpx:cad>0</gpxtpx:cad></gpxtpx:TrackPointExtension></extensions></trkpt><trkpt lat="15.3301325999" lon="73.8862835057"><ele>-0.82</ele><time>2025-11-14T03:40:57Z</time><extensions><gpxtpx:TrackPointExtension><gpxtpx:cad>0</gpxtpx:cad></gpxtpx:TrackPointExtension></extensions></trkpt><trkpt lat="15.3299999144" lon="73.8861955795"><ele>-0.82</ele><time>2025-11-14T03:41:02Z</time><extensions><gpxtpx:TrackPointExtension><gpxtpx:cad>0</gpxtpx:cad></gpxtpx:TrackPointExtension></extensions></trkpt><trkpt lat="15.3298605233" lon="73.8861211482"><ele>-0.82</ele><time>2025-11-14T03:41:07Z</time><extensions><gpxtpx:TrackPointExtension><gpxtpx:cad>0</gpxtpx:cad></gpxtpx:TrackPointExtension></extensions></trkpt><trkpt lat="15.3297187854" lon="73.8860579487"><ele>-0.82</ele><time>2025-11-14T03:41:12Z</time><extensions><gpxtpx:TrackPointExtension><gpxtpx:cad>0</gpxtpx:cad></gpxtpx:TrackPointExtension></extensions></trkpt><trkpt lat="15.3295995947" lon="73.8860164583"><ele>-0.82</ele><time>2025-11-14T03:41:16Z</time><extensions><gpxtpx:TrackPointExtension><gpxtpx:cad>0</gpxtpx:cad></gpxtpx:TrackPointExtension></extensions></trkpt><trkpt lat="15.3294229042" lon="73.8859560248"><ele>-0.82</ele><time>2025-11-14T03:41:22Z</time><extensions><gpxtpx:TrackPointExtension><gpxtpx:cad>0</gpxtpx:cad></gpxtpx:TrackPointExtension></extensions></trkpt><trkpt lat="15.3292788193" lon="73.8858950883"><ele>-0.82</ele><time>2025-11-14T03:41:27Z</time><extensions><gpxtpx:TrackPointExtension><gpxtpx:cad>0</gpxtpx:cad></gpxtpx:TrackPointExtension></extensions></trkpt><trkpt lat="15.3291353211" lon="73.8858268596"><ele>-0.82</ele><time>2025-11-14T03:41:32Z</time><extensions><gpxtpx:TrackPointExtension><gpxtpx:cad>0</gpxtpx:cad></gpxtpx:TrackPointExtension></extensions></trkpt><trkpt lat="15.3289903142" lon="73.8857504167"><ele>-1.30</ele><time>2025-11-14T03:41:37Z</time><extensions><gpxtpx:TrackPointExtension><gpxtpx:cad>0</gpxtpx:cad></gpxtpx:TrackPointExtension></extensions></trkpt><trkpt lat="15.3288473189" lon="73.8856797572"><ele>-1.30</ele><time>2025-11-14T03:41:42Z</time><extensions><gpxtpx:TrackPointExtension><gpxtpx:cad>0</gpxtpx:cad></gpxtpx:TrackPointExtension></extensions></trkpt><trkpt lat="15.3287003003" lon="73.8856189884"><ele>-1.30</ele><time>2025-11-14T03:41:47Z</time><extensions><gpxtpx:TrackPointExtension><gpxtpx:cad>0</gpxtpx:cad></gpxtpx:TrackPointExtension></extensions></trkpt><trkpt lat="15.3285555448" lon="73.8855533581"><ele>-1.30</ele><time>2025-11-14T03:41:52Z</time><extensions><gpxtpx:TrackPointExtension><gpxtpx:cad>0</gpxtpx:cad></gpxtpx:TrackPointExtension></extensions></trkpt><trkpt lat="15.3284136392" lon="73.8854868896"><ele>-1.30</ele><time>2025-11-14T03:41:57Z</time><extensions><gpxtpx:TrackPointExtension><gpxtpx:cad>0</gpxtpx:cad></gpxtpx:TrackPointExtension></extensions></trkpt><trkpt lat="15.3282703087" lon="73.8854094408"><ele>-1.30</ele><time>2025-11-14T03:42:02Z</time><extensions><gpxtpx:TrackPointExtension><gpxtpx:cad>0</gpxtpx:cad></gpxtpx:TrackPointExtension></extensions></trkpt><trkpt lat="15.3281303309" lon="73.8853302319"><ele>-0.34</ele><time>2025-11-14T03:42:07Z</time><extensions><gpxtpx:TrackPointExtension><gpxtpx:cad>0</gpxtpx:cad></gpxtpx:TrackPointExtension></extensions></trkpt><trkpt lat="15.3279932030" lon="73.8852486759"><ele>-0.82</ele><time>2025-11-14T03:42:12Z</time><extensions><gpxtpx:TrackPointExtension><gpxtpx:cad>0</gpxtpx:cad></gpxtpx:TrackPointExtension></extensions></trkpt><trkpt lat="15.3278631158" lon="73.8851607498"><ele>-0.82</ele><time>2025-11-14T03:42:17Z</time><extensions><gpxtpx:TrackPointExtension><gpxtpx:cad>0</gpxtpx:cad></gpxtpx:TrackPointExtension></extensions></trkpt><trkpt lat="15.3277345374" lon="73.8850651123"><ele>-0.82</ele><time>2025-11-14T03:42:22Z</time><extensions><gpxtpx:TrackPointExtension><gpxtpx:cad>0</gpxtpx:cad></gpxtpx:TrackPointExtension></extensions></trkpt><trkpt lat="15.3276105691" lon="73.8849650323"><ele>-0.82</ele><time>2025-11-14T03:42:27Z</time><extensions><gpxtpx:TrackPointExtension><gpxtpx:cad>0</gpxtpx:cad></gpxtpx:TrackPointExtension></extensions></trkpt><trkpt lat="15.3274840023" lon="73.8848644495"><ele>-0.82</ele><time>2025-11-14T03:42:32Z</time><extensions><gpxtpx:TrackPointExtension><gpxtpx:cad>0</gpxtpx:cad></gpxtpx:TrackPointExtension></extensions></trkpt><trkpt lat="15.3273601178" lon="73.8847628608"><ele>-0.82</ele><time>2025-11-14T03:42:37Z</time><extensions><gpxtpx:TrackPointExtension><gpxtpx:cad>0</gpxtpx:cad></gpxtpx:TrackPointExtension></extensions></trkpt><trkpt lat="15.3272268455" lon="73.8846763596"><ele>-0.82</ele><time>2025-11-14T03:42:42Z</time><extensions><gpxtpx:TrackPointExtension><gpxtpx:cad>0</gpxtpx:cad></gpxtpx:TrackPointExtension></extensions></trkpt><trkpt lat="15.3270862810" lon="73.8846112322"><ele>-0.82</ele><time>2025-11-14T03:42:47Z</time><extensions><gpxtpx:TrackPointExtension><gpxtpx:cad>0</gpxtpx:cad></gpxtpx:TrackPointExtension></extensions></trkpt><trkpt lat="15.3269429505" lon="73.8845486194"><ele>-1.30</ele><time>2025-11-14T03:42:52Z</time><extensions><gpxtpx:TrackPointExtension><gpxtpx:cad>0</gpxtpx:cad></gpxtpx:TrackPointExtension></extensions></trkpt><trkpt lat="15.3267967701" lon="73.8844907004"><ele>-1.30</ele><time>2025-11-14T03:42:57Z</time><extensions><gpxtpx:TrackPointExtension><gpxtpx:cad>0</gpxtpx:cad></gpxtpx:TrackPointExtension></extensions></trkpt><trkpt lat="15.3266534396" lon="73.8844321109"><ele>-1.30</ele><time>2025-11-14T03:43:02Z</time><extensions><gpxtpx:TrackPointExtension><gpxtpx:cad>0</gpxtpx:cad></gpxtpx:TrackPointExtension></extensions></trkpt><trkpt lat="15.3265117016" lon="73.8843601942"><ele>-1.79</ele><time>2025-11-14T03:43:07Z</time><extensions><gpxtpx:TrackPointExtension><gpxtpx:cad>0</gpxtpx:cad></gpxtpx:TrackPointExtension></extensions></trkpt><trkpt lat="15.3263697959" lon="73.8842849247"><ele>-1.30</ele><time>2025-11-14T03:43:12Z</time><extensions><gpxtpx:TrackPointExtension><gpxtpx:cad>0</gpxtpx:cad></gpxtpx:TrackPointExtension></extensions></trkpt><trkpt lat="15.3262240347" lon="73.8842166122"><ele>-0.82</ele><time>2025-11-14T03:43:17Z</time><extensions><gpxtpx:TrackPointExtension><gpxtpx:cad>0</gpxtpx:cad></gpxtpx:TrackPointExtension></extensions></trkpt><trkpt lat="15.3260757588" lon="73.8841492217"><ele>-0.82</ele><time>2025-11-14T03:43:22Z</time><extensions><gpxtpx:TrackPointExtension><gpxtpx:cad>0</gpxtpx:cad></gpxtpx:TrackPointExtension></extensions></trkpt><trkpt lat="15.3259312548" lon="73.8840869442"><ele>-1.30</ele><time>2025-11-14T03:43:27Z</time><extensions><gpxtpx:TrackPointExtension><gpxtpx:cad>0</gpxtpx:cad></gpxtpx:TrackPointExtension></extensions></trkpt><trkpt lat="15.3257874213" lon="73.8840114232"><ele>-1.30</ele><time>2025-11-14T03:43:32Z</time><extensions><gpxtpx:TrackPointExtension><gpxtpx:cad>0</gpxtpx:cad></gpxtpx:TrackPointExtension></extensions></trkpt><trkpt lat="15.3256507963" lon="73.8839271013"><ele>-0.82</ele><time>2025-11-14T03:43:37Z</time><extensions><gpxtpx:TrackPointExtension><gpxtpx:cad>0</gpxtpx:cad></gpxtpx:TrackPointExtension></extensions></trkpt><trkpt lat="15.3255108185" lon="73.8838520832"><ele>-0.82</ele><time>2025-11-14T03:43:42Z</time><extensions><gpxtpx:TrackPointExtension><gpxtpx:cad>0</gpxtpx:cad></gpxtpx:TrackPointExtension></extensions></trkpt><trkpt lat="15.3253701702" lon="73.8837755565"><ele>-0.82</ele><time>2025-11-14T03:43:47Z</time><extensions><gpxtpx:TrackPointExtension><gpxtpx:cad>0</gpxtpx:cad></gpxtpx:TrackPointExtension></extensions></trkpt><trkpt lat="15.3252349701" lon="73.8836953416"><ele>-1.30</ele><time>2025-11-14T03:43:52Z</time><extensions><gpxtpx:TrackPointExtension><gpxtpx:cad>0</gpxtpx:cad></gpxtpx:TrackPointExtension></extensions></trkpt><trkpt lat="15.3251029551" lon="73.8836017158"><ele>-1.30</ele><time>2025-11-14T03:43:57Z</time><extensions><gpxtpx:TrackPointExtension><gpxtpx:cad>0</gpxtpx:cad></gpxtpx:TrackPointExtension></extensions></trkpt><trkpt lat="15.3249799926" lon="73.8835028093"><ele>-1.30</ele><time>2025-11-14T03:44:02Z</time><extensions><gpxtpx:TrackPointExtension><gpxtpx:cad>0</gpxtpx:cad></gpxtpx:TrackPointExtension></extensions></trkpt><trkpt lat="15.3248602152" lon="73.8833953533"><ele>-0.82</ele><time>2025-11-14T03:44:07Z</time><extensions><gpxtpx:TrackPointExtension><gpxtpx:cad>0</gpxtpx:cad></gpxtpx:TrackPointExtension></extensions></trkpt><trkpt lat="15.3247405216" lon="73.8832851313"><ele>-0.82</ele><time>2025-11-14T03:44:12Z</time><extensions><gpxtpx:TrackPointExtension><gpxtpx:cad>0</gpxtpx:cad></gpxtpx:TrackPointExtension></extensions></trkpt><trkpt lat="15.3246214986" lon="73.8831757475"><ele>-0.82</ele><time>2025-11-14T03:44:17Z</time><extensions><gpxtpx:TrackPointExtension><gpxtpx:cad>0</gpxtpx:cad></gpxtpx:TrackPointExtension></extensions></trkpt><trkpt lat="15.3245047387" lon="73.8830555510"><ele>-0.82</ele><time>2025-11-14T03:44:22Z</time><extensions><gpxtpx:TrackPointExtension><gpxtpx:cad>0</gpxtpx:cad></gpxtpx:TrackPointExtension></extensions></trkpt><trkpt lat="15.3243868891" lon="73.8829381205"><ele>-1.30</ele><time>2025-11-14T03:44:27Z</time><extensions><gpxtpx:TrackPointExtension><gpxtpx:cad>0</gpxtpx:cad></gpxtpx:TrackPointExtension></extensions></trkpt><trkpt lat="15.3242717218" lon="73.8828201033"><ele>-1.30</ele><time>2025-11-14T03:44:32Z</time><extensions><gpxtpx:TrackPointExtension><gpxtpx:cad>0</gpxtpx:cad></gpxtpx:TrackPointExtension></extensions></trkpt><trkpt lat="15.3241659421" lon="73.8827051036"><ele>-1.79</ele><time>2025-11-14T03:44:37Z</time><extensions><gpxtpx:TrackPointExtension><gpxtpx:cad>0</gpxtpx:cad></gpxtpx:TrackPointExtension></extensions></trkpt><trkpt lat="15.3240646049" lon="73.8825830631"><ele>-1.79</ele><time>2025-11-14T03:44:42Z</time><extensions><gpxtpx:TrackPointExtension><gpxtpx:cad>0</gpxtpx:cad></gpxtpx:TrackPointExtension></extensions></trkpt><trkpt lat="15.3239564784" lon="73.8824547362"><ele>-2.27</ele><time>2025-11-14T03:44:47Z</time><extensions><gpxtpx:TrackPointExtension><gpxtpx:cad>0</gpxtpx:cad></gpxtpx:TrackPointExtension></extensions></trkpt><trkpt lat="15.3238418978" lon="73.8823378086"><ele>-2.27</ele><time>2025-11-14T03:44:52Z</time><extensions><gpxtpx:TrackPointExtension><gpxtpx:cad>0</gpxtpx:cad></gpxtpx:TrackPointExtension></extensions></trkpt><trkpt lat="15.3237279039" lon="73.8822207134"><ele>-2.27</ele><time>2025-11-14T03:44:57Z</time><extensions><gpxtpx:TrackPointExtension><gpxtpx:cad>0</gpxtpx:cad></gpxtpx:TrackPointExtension></extensions></trkpt><trkpt lat="15.3236217890" lon="73.8820945658"><ele>-2.27</ele><time>2025-11-14T03:45:02Z</time><extensions><gpxtpx:TrackPointExtension><gpxtpx:cad>0</gpxtpx:cad></gpxtpx:TrackPointExtension></extensions></trkpt><trkpt lat="15.3235162608" lon="73.8819656521"><ele>-2.27</ele><time>2025-11-14T03:45:07Z</time><extensions><gpxtpx:TrackPointExtension><gpxtpx:cad>0</gpxtpx:cad></gpxtpx:TrackPointExtension></extensions></trkpt><trkpt lat="15.3234117385" lon="73.8818358164"><ele>-2.75</ele><time>2025-11-14T03:45:12Z</time><extensions><gpxtpx:TrackPointExtension><gpxtpx:cad>0</gpxtpx:cad></gpxtpx:TrackPointExtension></extensions></trkpt><trkpt lat="15.3233182803" lon="73.8817045558"><ele>-2.75</ele><time>2025-11-14T03:45:17Z</time><extensions><gpxtpx:TrackPointExtension><gpxtpx:cad>0</gpxtpx:cad></gpxtpx:TrackPointExtension></extensions></trkpt><trkpt lat="15.3232177813" lon="73.8815661706"><ele>-2.75</ele><time>2025-11-14T03:45:22Z</time><extensions><gpxtpx:TrackPointExtension><gpxtpx:cad>0</gpxtpx:cad></gpxtpx:TrackPointExtension></extensions></trkpt><trkpt lat="15.3231000993" lon="73.8814562000"><ele>-2.75</ele><time>2025-11-14T03:45:27Z</time><extensions><gpxtpx:TrackPointExtension><gpxtpx:cad>0</gpxtpx:cad></gpxtpx:TrackPointExtension></extensions></trkpt><trkpt lat="15.3229664918" lon="73.8813947607"><ele>-2.27</ele><time>2025-11-14T03:45:32Z</time><extensions><gpxtpx:TrackPointExtension><gpxtpx:cad>0</gpxtpx:cad></gpxtpx:TrackPointExtension></extensions></trkpt><trkpt lat="15.3228219878" lon="73.8813813496"><ele>-1.79</ele><time>2025-11-14T03:45:37Z</time><extensions><gpxtpx:TrackPointExtension><gpxtpx:cad>0</gpxtpx:cad></gpxtpx:TrackPointExtension></extensions></trkpt><trkpt lat="15.3226675093" lon="73.8813665137"><ele>-1.30</ele><time>2025-11-14T03:45:42Z</time><extensions><gpxtpx:TrackPointExtension><gpxtpx:cad>0</gpxtpx:cad></gpxtpx:TrackPointExtension></extensions></trkpt><trkpt lat="15.3225149587" lon="73.8813480735"><ele>-1.30</ele><time>2025-11-14T03:45:47Z</time><extensions><gpxtpx:TrackPointExtension><gpxtpx:cad>0</gpxtpx:cad></gpxtpx:TrackPointExtension></extensions></trkpt><trkpt lat="15.3223604802" lon="73.8813233469"><ele>-1.30</ele><time>2025-11-14T03:45:52Z</time><extensions><gpxtpx:TrackPointExtension><gpxtpx:cad>0</gpxtpx:cad></gpxtpx:TrackPointExtension></extensions></trkpt><trkpt lat="15.3222038224" lon="73.8812932558"><ele>-0.82</ele><time>2025-11-14T03:45:57Z</time><extensions><gpxtpx:TrackPointExtension><gpxtpx:cad>0</gpxtpx:cad></gpxtpx:TrackPointExtension></extensions></trkpt><trkpt lat="15.3220500145" lon="73.8812648412"><ele>-0.34</ele><time>2025-11-14T03:46:02Z</time><extensions><gpxtpx:TrackPointExtension><gpxtpx:cad>0</gpxtpx:cad></gpxtpx:TrackPointExtension></extensions></trkpt><trkpt lat="15.3218935244" lon="73.8812351692"><ele>-0.34</ele><time>2025-11-14T03:46:07Z</time><extensions><gpxtpx:TrackPointExtension><gpxtpx:cad>0</gpxtpx:cad></gpxtpx:TrackPointExtension></extensions></trkpt><trkpt lat="15.3217405546" lon="73.8812083472"><ele>0.14</ele><time>2025-11-14T03:46:12Z</time><extensions><gpxtpx:TrackPointExtension><gpxtpx:cad>0</gpxtpx:cad></gpxtpx:TrackPointExtension></extensions></trkpt><trkpt lat="15.3215843998" lon="73.8811743166"><ele>0.14</ele><time>2025-11-14T03:46:17Z</time><extensions><gpxtpx:TrackPointExtension><gpxtpx:cad>0</gpxtpx:cad></gpxtpx:TrackPointExtension></extensions></trkpt><trkpt lat="15.3214328550" lon="73.8811378554"><ele>-0.34</ele><time>2025-11-14T03:46:22Z</time><extensions><gpxtpx:TrackPointExtension><gpxtpx:cad>0</gpxtpx:cad></gpxtpx:TrackPointExtension></extensions></trkpt><trkpt lat="15.3212810587" lon="73.8810891565"><ele>-0.34</ele><time>2025-11-14T03:46:27Z</time><extensions><gpxtpx:TrackPointExtension><gpxtpx:cad>0</gpxtpx:cad></gpxtpx:TrackPointExtension></extensions></trkpt><trkpt lat="15.3211276699" lon="73.8810393680"><ele>-0.34</ele><time>2025-11-14T03:46:32Z</time><extensions><gpxtpx:TrackPointExtension><gpxtpx:cad>0</gpxtpx:cad></gpxtpx:TrackPointExtension></extensions></trkpt><trkpt lat="15.3209769633" lon="73.8809790183"><ele>-0.34</ele><time>2025-11-14T03:46:37Z</time><extensions><gpxtpx:TrackPointExtension><gpxtpx:cad>0</gpxtpx:cad></gpxtpx:TrackPointExtension></extensions></trkpt><trkpt lat="15.3208363988" lon="73.8809133042"><ele>0.14</ele><time>2025-11-14T03:46:42Z</time><extensions><gpxtpx:TrackPointExtension><gpxtpx:cad>0</gpxtpx:cad></gpxtpx:TrackPointExtension></extensions></trkpt><trkpt lat="15.3206866980" lon="73.8808560558"><ele>-0.34</ele><time>2025-11-14T03:46:47Z</time><extensions><gpxtpx:TrackPointExtension><gpxtpx:cad>0</gpxtpx:cad></gpxtpx:TrackPointExtension></extensions></trkpt><trkpt lat="15.3205406014" lon="73.8808009867"><ele>-0.82</ele><time>2025-11-14T03:46:52Z</time><extensions><gpxtpx:TrackPointExtension><gpxtpx:cad>0</gpxtpx:cad></gpxtpx:TrackPointExtension></extensions></trkpt><trkpt lat="15.3203966003" lon="73.8807303272"><ele>-0.82</ele><time>2025-11-14T03:46:57Z</time><extensions><gpxtpx:TrackPointExtension><gpxtpx:cad>0</gpxtpx:cad></gpxtpx:TrackPointExtension></extensions></trkpt><trkpt lat="15.3202593047" lon="73.8806503639"><ele>-0.82</ele><time>2025-11-14T03:47:02Z</time><extensions><gpxtpx:TrackPointExtension><gpxtpx:cad>0</gpxtpx:cad></gpxtpx:TrackPointExtension></extensions></trkpt><trkpt lat="15.3201189078" lon="73.8805655390"><ele>-0.34</ele><time>2025-11-14T03:47:07Z</time><extensions><gpxtpx:TrackPointExtension><gpxtpx:cad>0</gpxtpx:cad></gpxtpx:TrackPointExtension></extensions></trkpt><trkpt lat="15.3199804388" lon="73.8804829773"><ele>-0.34</ele><time>2025-11-14T03:47:12Z</time><extensions><gpxtpx:TrackPointExtension><gpxtpx:cad>0</gpxtpx:cad></gpxtpx:TrackPointExtension></extensions></trkpt><trkpt lat="15.3198422212" lon="73.8803920336"><ele>-0.82</ele><time>2025-11-14T03:47:17Z</time><extensions><gpxtpx:TrackPointExtension><gpxtpx:cad>0</gpxtpx:cad></gpxtpx:TrackPointExtension></extensions></trkpt><trkpt lat="15.3197068535" lon="73.8803028502"><ele>-0.82</ele><time>2025-11-14T03:47:22Z</time><extensions><gpxtpx:TrackPointExtension><gpxtpx:cad>0</gpxtpx:cad></gpxtpx:TrackPointExtension></extensions></trkpt><trkpt lat="15.3195727430" lon="73.8802088052"><ele>-0.82</ele><time>2025-11-14T03:47:27Z</time><extensions><gpxtpx:TrackPointExtension><gpxtpx:cad>0</gpxtpx:cad></gpxtpx:TrackPointExtension></extensions></trkpt><trkpt lat="15.3194355313" lon="73.8801175263"><ele>-0.82</ele><time>2025-11-14T03:47:32Z</time><extensions><gpxtpx:TrackPointExtension><gpxtpx:cad>0</gpxtpx:cad></gpxtpx:TrackPointExtension></extensions></trkpt><trkpt lat="15.3192986548" lon="73.8800405804"><ele>-0.82</ele><time>2025-11-14T03:47:37Z</time><extensions><gpxtpx:TrackPointExtension><gpxtpx:cad>0</gpxtpx:cad></gpxtpx:TrackPointExtension></extensions></trkpt><trkpt lat="15.3191568330" lon="73.8799642213"><ele>-0.34</ele><time>2025-11-14T03:47:42Z</time><extensions><gpxtpx:TrackPointExtension><gpxtpx:cad>0</gpxtpx:cad></gpxtpx:TrackPointExtension></extensions></trkpt><trkpt lat="15.3190184478" lon="73.8798889518"><ele>-0.34</ele><time>2025-11-14T03:47:47Z</time><extensions><gpxtpx:TrackPointExtension><gpxtpx:cad>0</gpxtpx:cad></gpxtpx:TrackPointExtension></extensions></trkpt><trkpt lat="15.3188798111" lon="73.8798138499"><ele>-0.34</ele><time>2025-11-14T03:47:52Z</time><extensions><gpxtpx:TrackPointExtension><gpxtpx:cad>0</gpxtpx:cad></gpxtpx:TrackPointExtension></extensions></trkpt><trkpt lat="15.3187479638" lon="73.8797277678"><ele>-0.34</ele><time>2025-11-14T03:47:57Z</time><extensions><gpxtpx:TrackPointExtension><gpxtpx:cad>0</gpxtpx:cad></gpxtpx:TrackPointExtension></extensions></trkpt><trkpt lat="15.3186130151" lon="73.8796336390"><ele>-0.34</ele><time>2025-11-14T03:48:02Z</time><extensions><gpxtpx:TrackPointExtension><gpxtpx:cad>0</gpxtpx:cad></gpxtpx:TrackPointExtension></extensions></trkpt><trkpt lat="15.3184786532" lon="73.8795445394"><ele>-0.82</ele><time>2025-11-14T03:48:07Z</time><extensions><gpxtpx:TrackPointExtension><gpxtpx:cad>0</gpxtpx:cad></gpxtpx:TrackPointExtension></extensions></trkpt><trkpt lat="15.3183398489" lon="73.8794603851"><ele>-0.82</ele><time>2025-11-14T03:48:12Z</time><extensions><gpxtpx:TrackPointExtension><gpxtpx:cad>0</gpxtpx:cad></gpxtpx:TrackPointExtension></extensions></trkpt><trkpt lat="15.3182053193" lon="73.8793799188"><ele>-0.82</ele><time>2025-11-14T03:48:17Z</time><extensions><gpxtpx:TrackPointExtension><gpxtpx:cad>0</gpxtpx:cad></gpxtpx:TrackPointExtension></extensions></trkpt><trkpt lat="15.3180691972" lon="73.8792864606"><ele>-0.82</ele><time>2025-11-14T03:48:22Z</time><extensions><gpxtpx:TrackPointExtension><gpxtpx:cad>0</gpxtpx:cad></gpxtpx:TrackPointExtension></extensions></trkpt><trkpt lat="15.3179381881" lon="73.8791856263"><ele>-0.82</ele><time>2025-11-14T03:48:27Z</time><extensions><gpxtpx:TrackPointExtension><gpxtpx:cad>0</gpxtpx:cad></gpxtpx:TrackPointExtension></extensions></trkpt><trkpt lat="15.3178082686" lon="73.8790785894"><ele>-1.30</ele><time>2025-11-14T03:48:32Z</time><extensions><gpxtpx:TrackPointExtension><gpxtpx:cad>0</gpxtpx:cad></gpxtpx:TrackPointExtension></extensions></trkpt><trkpt lat="15.3176743258" lon="73.8789870590"><ele>-1.79</ele><time>2025-11-14T03:48:37Z</time><extensions><gpxtpx:TrackPointExtension><gpxtpx:cad>0</gpxtpx:cad></gpxtpx:TrackPointExtension></extensions></trkpt><trkpt lat="15.3175308276" lon="73.8789397012"><ele>-1.79</ele><time>2025-11-14T03:48:42Z</time><extensions><gpxtpx:TrackPointExtension><gpxtpx:cad>0</gpxtpx:cad></gpxtpx:TrackPointExtension></extensions></trkpt><trkpt lat="15.3173871618" lon="73.8789591473"><ele>-1.79</ele><time>2025-11-14T03:48:47Z</time><extensions><gpxtpx:TrackPointExtension><gpxtpx:cad>0</gpxtpx:cad></gpxtpx:TrackPointExtension></extensions></trkpt><trkpt lat="15.3172662947" lon="73.8790343329"><ele>-1.79</ele><time>2025-11-14T03:48:52Z</time><extensions><gpxtpx:TrackPointExtension><gpxtpx:cad>0</gpxtpx:cad></gpxtpx:TrackPointExtension></extensions></trkpt><trkpt lat="15.3171617724" lon="73.8791417051"><ele>-1.30</ele><time>2025-11-14T03:48:57Z</time><extensions><gpxtpx:TrackPointExtension><gpxtpx:cad>0</gpxtpx:cad></gpxtpx:TrackPointExtension></extensions></trkpt><trkpt lat="15.3170475271" lon="73.8792499155"><ele>-1.30</ele><time>2025-11-14T03:49:02Z</time><extensions><gpxtpx:TrackPointExtension><gpxtpx:cad>0</gpxtpx:cad></gpxtpx:TrackPointExtension></extensions></trkpt><trkpt lat="15.3169402387" lon="73.8793537673"><ele>-1.30</ele><time>2025-11-14T03:49:07Z</time><extensions><gpxtpx:TrackPointExtension><gpxtpx:cad>0</gpxtpx:cad></gpxtpx:TrackPointExtension></extensions></trkpt><trkpt lat="15.3168229759" lon="73.8794604689"><ele>-1.30</ele><time>2025-11-14T03:49:12Z</time><extensions><gpxtpx:TrackPointExtension><gpxtpx:cad>0</gpxtpx:cad></gpxtpx:TrackPointExtension></extensions></trkpt><trkpt lat="15.3167128377" lon="73.8795658294"><ele>-1.30</ele><time>2025-11-14T03:49:17Z</time><extensions><gpxtpx:TrackPointExtension><gpxtpx:cad>0</gpxtpx:cad></gpxtpx:TrackPointExtension></extensions></trkpt><trkpt lat="15.3165941499" lon="73.8796769734"><ele>-1.30</ele><time>2025-11-14T03:49:22Z</time><extensions><gpxtpx:TrackPointExtension><gpxtpx:cad>0</gpxtpx:cad></gpxtpx:TrackPointExtension></extensions></trkpt><trkpt lat="15.3164860234" lon="73.8797820825"><ele>-1.30</ele><time>2025-11-14T03:49:27Z</time><extensions><gpxtpx:TrackPointExtension><gpxtpx:cad>0</gpxtpx:cad></gpxtpx:TrackPointExtension></extensions></trkpt><trkpt lat="15.3163789865" lon="73.8798869401"><ele>-1.30</ele><time>2025-11-14T03:49:32Z</time><extensions><gpxtpx:TrackPointExtension><gpxtpx:cad>0</gpxtpx:cad></gpxtpx:TrackPointExtension></extensions></trkpt><trkpt lat="15.3162598796" lon="73.8799934741"><ele>-0.82</ele><time>2025-11-14T03:49:37Z</time><extensions><gpxtpx:TrackPointExtension><gpxtpx:cad>0</gpxtpx:cad></gpxtpx:TrackPointExtension></extensions></trkpt><trkpt lat="15.3161433712" lon="73.8800845016"><ele>-0.34</ele><time>2025-11-14T03:49:42Z</time><extensions><gpxtpx:TrackPointExtension><gpxtpx:cad>0</gpxtpx:cad></gpxtpx:TrackPointExtension></extensions></trkpt><trkpt lat="15.3160165530" lon="73.8801731821"><ele>0.14</ele><time>2025-11-14T03:49:47Z</time><extensions><gpxtpx:TrackPointExtension><gpxtpx:cad>0</gpxtpx:cad></gpxtpx:TrackPointExtension></extensions></trkpt><trkpt lat="15.3158831969" lon="73.8802632038"><ele>0.14</ele><time>2025-11-14T03:49:52Z</time><extensions><gpxtpx:TrackPointExtension><gpxtpx:cad>0</gpxtpx:cad></gpxtpx:TrackPointExtension></extensions></trkpt><trkpt lat="15.3157526907" lon="73.8803476095"><ele>0.14</ele><time>2025-11-14T03:49:57Z</time><extensions><gpxtpx:TrackPointExtension><gpxtpx:cad>0</gpxtpx:cad></gpxtpx:TrackPointExtension></extensions></trkpt><trkpt lat="15.3156166524" lon="73.8804319315"><ele>0.14</ele><time>2025-11-14T03:50:02Z</time><extensions><gpxtpx:TrackPointExtension><gpxtpx:cad>0</gpxtpx:cad></gpxtpx:TrackPointExtension></extensions></trkpt><trkpt lat="15.3154806979" lon="73.8805097993"><ele>0.62</ele><time>2025-11-14T03:50:07Z</time><extensions><gpxtpx:TrackPointExtension><gpxtpx:cad>0</gpxtpx:cad></gpxtpx:TrackPointExtension></extensions></trkpt><trkpt lat="15.3153438214" lon="73.8805985637"><ele>0.62</ele><time>2025-11-14T03:50:12Z</time><extensions><gpxtpx:TrackPointExtension><gpxtpx:cad>0</gpxtpx:cad></gpxtpx:TrackPointExtension></extensions></trkpt><trkpt lat="15.3152202722" lon="73.8806898426"><ele>1.10</ele><time>2025-11-14T03:50:17Z</time><extensions><gpxtpx:TrackPointExtension><gpxtpx:cad>0</gpxtpx:cad></gpxtpx:TrackPointExtension></extensions></trkpt><trkpt lat="15.3150991537" lon="73.8807817921"><ele>1.10</ele><time>2025-11-14T03:50:22Z</time><extensions><gpxtpx:TrackPointExtension><gpxtpx:cad>0</gpxtpx:cad></gpxtpx:TrackPointExtension></extensions></trkpt><trkpt lat="15.3149398137" lon="73.8809186686"><ele>0.62</ele><time>2025-11-14T03:50:29Z</time><extensions><gpxtpx:TrackPointExtension><gpxtpx:cad>0</gpxtpx:cad></gpxtpx:TrackPointExtension></extensions></trkpt><trkpt lat="15.3148157615" lon="73.8810559642"><ele>0.14</ele><time>2025-11-14T03:50:35Z</time><extensions><gpxtpx:TrackPointExtension><gpxtpx:cad>0</gpxtpx:cad></gpxtpx:TrackPointExtension></extensions></trkpt><trkpt lat="15.3147174418" lon="73.8811767474"><ele>-0.34</ele><time>2025-11-14T03:50:40Z</time><extensions><gpxtpx:TrackPointExtension><gpxtpx:cad>0</gpxtpx:cad></gpxtpx:TrackPointExtension></extensions></trkpt><trkpt lat="15.3146334551" lon="73.8813007995"><ele>-0.82</ele><time>2025-11-14T03:50:45Z</time><extensions><gpxtpx:TrackPointExtension><gpxtpx:cad>0</gpxtpx:cad></gpxtpx:TrackPointExtension></extensions></trkpt><trkpt lat="15.3145548329" lon="73.8814390171"><ele>-0.82</ele><time>2025-11-14T03:50:50Z</time><extensions><gpxtpx:TrackPointExtension><gpxtpx:cad>0</gpxtpx:cad></gpxtpx:TrackPointExtension></extensions></trkpt><trkpt lat="15.3144939803" lon="73.8815764803"><ele>-0.34</ele><time>2025-11-14T03:50:55Z</time><extensions><gpxtpx:TrackPointExtension><gpxtpx:cad>0</gpxtpx:cad></gpxtpx:TrackPointExtension></extensions></trkpt><trkpt lat="15.3144219797" lon="73.8817160390"><ele>-0.82</ele><time>2025-11-14T03:51:00Z</time><extensions><gpxtpx:TrackPointExtension><gpxtpx:cad>0</gpxtpx:cad></gpxtpx:TrackPointExtension></extensions></trkpt><trkpt lat="15.3143460397" lon="73.8818483055"><ele>-0.34</ele><time>2025-11-14T03:51:05Z</time><extensions><gpxtpx:TrackPointExtension><gpxtpx:cad>0</gpxtpx:cad></gpxtpx:TrackPointExtension></extensions></trkpt><trkpt lat="15.3142615501" lon="73.8819832541"><ele>0.14</ele><time>2025-11-14T03:51:10Z</time><extensions><gpxtpx:TrackPointExtension><gpxtpx:cad>0</gpxtpx:cad></gpxtpx:TrackPointExtension></extensions></trkpt><trkpt lat="15.3141539264" lon="73.8820943143"><ele>0.14</ele><time>2025-11-14T03:51:15Z</time><extensions><gpxtpx:TrackPointExtension><gpxtpx:cad>0</gpxtpx:cad></gpxtpx:TrackPointExtension></extensions></trkpt><trkpt lat="15.3140540142" lon="73.8822064642"><ele>0.14</ele><time>2025-11-14T03:51:20Z</time><extensions><gpxtpx:TrackPointExtension><gpxtpx:cad>0</gpxtpx:cad></gpxtpx:TrackPointExtension></extensions></trkpt><trkpt lat="15.3139450494" lon="73.8823126629"><ele>0.14</ele><time>2025-11-14T03:51:25Z</time><extensions><gpxtpx:TrackPointExtension><gpxtpx:cad>0</gpxtpx:cad></gpxtpx:TrackPointExtension></extensions></trkpt><trkpt lat="15.3138246853" lon="73.8824214600"><ele>0.14</ele><time>2025-11-14T03:51:30Z</time><extensions><gpxtpx:TrackPointExtension><gpxtpx:cad>0</gpxtpx:cad></gpxtpx:TrackPointExtension></extensions></trkpt><trkpt lat="15.3137104400" lon="73.8825290836"><ele>0.14</ele><time>2025-11-14T03:51:35Z</time><extensions><gpxtpx:TrackPointExtension><gpxtpx:cad>0</gpxtpx:cad></gpxtpx:TrackPointExtension></extensions></trkpt><trkpt lat="15.3135904111" lon="73.8826297503"><ele>0.14</ele><time>2025-11-14T03:51:40Z</time><extensions><gpxtpx:TrackPointExtension><gpxtpx:cad>0</gpxtpx:cad></gpxtpx:TrackPointExtension></extensions></trkpt><trkpt lat="15.3134759143" lon="73.8827288244"><ele>0.14</ele><time>2025-11-14T03:51:45Z</time><extensions><gpxtpx:TrackPointExtension><gpxtpx:cad>0</gpxtpx:cad></gpxtpx:TrackPointExtension></extensions></trkpt><trkpt lat="15.3133639321" lon="73.8828309160"><ele>0.62</ele><time>2025-11-14T03:51:50Z</time><extensions><gpxtpx:TrackPointExtension><gpxtpx:cad>0</gpxtpx:cad></gpxtpx:TrackPointExtension></extensions></trkpt><trkpt lat="15.3132413886" lon="73.8829237875"><ele>0.62</ele><time>2025-11-14T03:51:55Z</time><extensions><gpxtpx:TrackPointExtension><gpxtpx:cad>0</gpxtpx:cad></gpxtpx:TrackPointExtension></extensions></trkpt><trkpt lat="15.3131120559" lon="73.8830101211"><ele>0.62</ele><time>2025-11-14T03:52:00Z</time><extensions><gpxtpx:TrackPointExtension><gpxtpx:cad>0</gpxtpx:cad></gpxtpx:TrackPointExtension></extensions></trkpt><trkpt lat="15.3129814658" lon="73.8830939401"><ele>0.62</ele><time>2025-11-14T03:52:05Z</time><extensions><gpxtpx:TrackPointExtension><gpxtpx:cad>0</gpxtpx:cad></gpxtpx:TrackPointExtension></extensions></trkpt><trkpt lat="15.3128612693" lon="73.8831871469"><ele>1.10</ele><time>2025-11-14T03:52:10Z</time><extensions><gpxtpx:TrackPointExtension><gpxtpx:cad>0</gpxtpx:cad></gpxtpx:TrackPointExtension></extensions></trkpt><trkpt lat="15.3127424978" lon="73.8832847122"><ele>0.62</ele><time>2025-11-14T03:52:15Z</time><extensions><gpxtpx:TrackPointExtension><gpxtpx:cad>0</gpxtpx:cad></gpxtpx:TrackPointExtension></extensions></trkpt><trkpt lat="15.3126357123" lon="73.8833883964"><ele>0.62</ele><time>2025-11-14T03:52:20Z</time><extensions><gpxtpx:TrackPointExtension><gpxtpx:cad>0</gpxtpx:cad></gpxtpx:TrackPointExtension></extensions></trkpt><trkpt lat="15.3125280887" lon="73.8835022226"><ele>0.14</ele><time>2025-11-14T03:52:25Z</time><extensions><gpxtpx:TrackPointExtension><gpxtpx:cad>0</gpxtpx:cad></gpxtpx:TrackPointExtension></extensions></trkpt><trkpt lat="15.3124157712" lon="73.8836042304"><ele>0.14</ele><time>2025-11-14T03:52:30Z</time><extensions><gpxtpx:TrackPointExtension><gpxtpx:cad>0</gpxtpx:cad></gpxtpx:TrackPointExtension></extensions></trkpt><trkpt lat="15.3123004362" lon="73.8836982753"><ele>0.14</ele><time>2025-11-14T03:52:35Z</time><extensions><gpxtpx:TrackPointExtension><gpxtpx:cad>0</gpxtpx:cad></gpxtpx:TrackPointExtension></extensions></trkpt><trkpt lat="15.3121746238" lon="73.8837981038"><ele>0.14</ele><time>2025-11-14T03:52:40Z</time><extensions><gpxtpx:TrackPointExtension><gpxtpx:cad>0</gpxtpx:cad></gpxtpx:TrackPointExtension></extensions></trkpt><trkpt lat="15.3120538406" lon="73.8838896342"><ele>-0.82</ele><time>2025-11-14T03:52:45Z</time><extensions><gpxtpx:TrackPointExtension><gpxtpx:cad>0</gpxtpx:cad></gpxtpx:TrackPointExtension></extensions></trkpt><trkpt lat="15.3119333927" lon="73.8839876186"><ele>-0.82</ele><time>2025-11-14T03:52:50Z</time><extensions><gpxtpx:TrackPointExtension><gpxtpx:cad>0</gpxtpx:cad></gpxtpx:TrackPointExtension></extensions></trkpt><trkpt lat="15.3118119389" lon="73.8840843458"><ele>-1.30</ele><time>2025-11-14T03:52:55Z</time><extensions><gpxtpx:TrackPointExtension><gpxtpx:cad>0</gpxtpx:cad></gpxtpx:TrackPointExtension></extensions></trkpt><trkpt lat="15.3116844501" lon="73.8841714337"><ele>-1.30</ele><time>2025-11-14T03:53:00Z</time><extensions><gpxtpx:TrackPointExtension><gpxtpx:cad>0</gpxtpx:cad></gpxtpx:TrackPointExtension></extensions></trkpt><trkpt lat="15.3115578834" lon="73.8842693344"><ele>-0.82</ele><time>2025-11-14T03:53:05Z</time><extensions><gpxtpx:TrackPointExtension><gpxtpx:cad>0</gpxtpx:cad></gpxtpx:TrackPointExtension></extensions></trkpt><trkpt lat="15.3114385251" lon="73.8843618706"><ele>-0.34</ele><time>2025-11-14T03:53:10Z</time><extensions><gpxtpx:TrackPointExtension><gpxtpx:cad>0</gpxtpx:cad></gpxtpx:TrackPointExtension></extensions></trkpt><trkpt lat="15.3113083541" lon="73.8844555803"><ele>-0.34</ele><time>2025-11-14T03:53:15Z</time><extensions><gpxtpx:TrackPointExtension><gpxtpx:cad>0</gpxtpx:cad></gpxtpx:TrackPointExtension></extensions></trkpt><trkpt lat="15.3111862298" lon="73.8845444284"><ele>-0.82</ele><time>2025-11-14T03:53:20Z</time><extensions><gpxtpx:TrackPointExtension><gpxtpx:cad>0</gpxtpx:cad></gpxtpx:TrackPointExtension></extensions></trkpt><trkpt lat="15.3110568132" lon="73.8846284989"><ele>-0.82</ele><time>2025-11-14T03:53:25Z</time><extensions><gpxtpx:TrackPointExtension><gpxtpx:cad>0</gpxtpx:cad></gpxtpx:TrackPointExtension></extensions></trkpt><trkpt lat="15.3109316714" lon="73.8847233821"><ele>-1.30</ele><time>2025-11-14T03:53:30Z</time><extensions><gpxtpx:TrackPointExtension><gpxtpx:cad>0</gpxtpx:cad></gpxtpx:TrackPointExtension></extensions></trkpt><trkpt lat="15.3108191025" lon="73.8848196063"><ele>-1.30</ele><time>2025-11-14T03:53:35Z</time><extensions><gpxtpx:TrackPointExtension><gpxtpx:cad>0</gpxtpx:cad></gpxtpx:TrackPointExtension></extensions></trkpt><trkpt lat="15.3107241355" lon="73.8849317562"><ele>-1.30</ele><time>2025-11-14T03:53:40Z</time><extensions><gpxtpx:TrackPointExtension><gpxtpx:cad>0</gpxtpx:cad></gpxtpx:TrackPointExtension></extensions></trkpt><trkpt lat="15.3106323536" lon="73.8850615919"><ele>-1.30</ele><time>2025-11-14T03:53:45Z</time><extensions><gpxtpx:TrackPointExtension><gpxtpx:cad>0</gpxtpx:cad></gpxtpx:TrackPointExtension></extensions></trkpt><trkpt lat="15.3105473612" lon="73.8851916790"><ele>-1.79</ele><time>2025-11-14T03:53:50Z</time><extensions><gpxtpx:TrackPointExtension><gpxtpx:cad>0</gpxtpx:cad></gpxtpx:TrackPointExtension></extensions></trkpt><trkpt lat="15.3104668949" lon="73.8853323273"><ele>-1.79</ele><time>2025-11-14T03:53:55Z</time><extensions><gpxtpx:TrackPointExtension><gpxtpx:cad>0</gpxtpx:cad></gpxtpx:TrackPointExtension></extensions></trkpt><trkpt lat="15.3103645518" lon="73.8854510151"><ele>-1.79</ele><time>2025-11-14T03:54:00Z</time><extensions><gpxtpx:TrackPointExtension><gpxtpx:cad>0</gpxtpx:cad></gpxtpx:TrackPointExtension></extensions></trkpt><trkpt lat="15.3102491330" lon="73.8855598960"><ele>-1.30</ele><time>2025-11-14T03:54:05Z</time><extensions><gpxtpx:TrackPointExtension><gpxtpx:cad>0</gpxtpx:cad></gpxtpx:TrackPointExtension></extensions></trkpt><trkpt lat="15.3101378214" lon="73.8856669329"><ele>-1.30</ele><time>2025-11-14T03:54:10Z</time><extensions><gpxtpx:TrackPointExtension><gpxtpx:cad>0</gpxtpx:cad></gpxtpx:TrackPointExtension></extensions></trkpt><trkpt lat="15.3100277670" lon="73.8857810944"><ele>-0.82</ele><time>2025-11-14T03:54:15Z</time><extensions><gpxtpx:TrackPointExtension><gpxtpx:cad>0</gpxtpx:cad></gpxtpx:TrackPointExtension></extensions></trkpt><trkpt lat="15.3099206463" lon="73.8858907297"><ele>-0.82</ele><time>2025-11-14T03:54:20Z</time><extensions><gpxtpx:TrackPointExtension><gpxtpx:cad>0</gpxtpx:cad></gpxtpx:TrackPointExtension></extensions></trkpt><trkpt lat="15.3098183032" lon="73.8860116806"><ele>-0.82</ele><time>2025-11-14T03:54:25Z</time><extensions><gpxtpx:TrackPointExtension><gpxtpx:cad>0</gpxtpx:cad></gpxtpx:TrackPointExtension></extensions></trkpt><trkpt lat="15.3097150382" lon="73.8861262612"><ele>-1.30</ele><time>2025-11-14T03:54:30Z</time><extensions><gpxtpx:TrackPointExtension><gpxtpx:cad>0</gpxtpx:cad></gpxtpx:TrackPointExtension></extensions></trkpt><trkpt lat="15.3096287884" lon="73.8862462062"><ele>-1.30</ele><time>2025-11-14T03:54:35Z</time><extensions><gpxtpx:TrackPointExtension><gpxtpx:cad>0</gpxtpx:cad></gpxtpx:TrackPointExtension></extensions></trkpt><trkpt lat="15.3095422033" lon="73.8863767125"><ele>-1.79</ele><time>2025-11-14T03:54:40Z</time><extensions><gpxtpx:TrackPointExtension><gpxtpx:cad>0</gpxtpx:cad></gpxtpx:TrackPointExtension></extensions></trkpt><trkpt lat="15.3094515949" lon="73.8865046203"><ele>-1.30</ele><time>2025-11-14T03:54:45Z</time><extensions><gpxtpx:TrackPointExtension><gpxtpx:cad>0</gpxtpx:cad></gpxtpx:TrackPointExtension></extensions></trkpt><trkpt lat="15.3093448095" lon="73.8866190333"><ele>-1.30</ele><time>2025-11-14T03:54:50Z</time><extensions><gpxtpx:TrackPointExtension><gpxtpx:cad>0</gpxtpx:cad></gpxtpx:TrackPointExtension></extensions></trkpt><trkpt lat="15.3092147224" lon="73.8867010083"><ele>-0.82</ele><time>2025-11-14T03:54:55Z</time><extensions><gpxtpx:TrackPointExtension><gpxtpx:cad>0</gpxtpx:cad></gpxtpx:TrackPointExtension></extensions></trkpt><trkpt lat="15.3090886585" lon="73.8867917843"><ele>-0.82</ele><time>2025-11-14T03:55:00Z</time><extensions><gpxtpx:TrackPointExtension><gpxtpx:cad>0</gpxtpx:cad></gpxtpx:TrackPointExtension></extensions></trkpt><trkpt lat="15.3089812864" lon="73.8868988212"><ele>-1.30</ele><time>2025-11-14T03:55:05Z</time><extensions><gpxtpx:TrackPointExtension><gpxtpx:cad>0</gpxtpx:cad></gpxtpx:TrackPointExtension></extensions></trkpt><trkpt lat="15.3088817094" lon="73.8870268967"><ele>-1.79</ele><time>2025-11-14T03:55:10Z</time><extensions><gpxtpx:TrackPointExtension><gpxtpx:cad>0</gpxtpx:cad></gpxtpx:TrackPointExtension></extensions></trkpt><trkpt lat="15.3088083677" lon="73.8871642761"><ele>-1.79</ele><time>2025-11-14T03:55:15Z</time><extensions><gpxtpx:TrackPointExtension><gpxtpx:cad>0</gpxtpx:cad></gpxtpx:TrackPointExtension></extensions></trkpt><trkpt lat="15.3087502811" lon="73.8873086963"><ele>-2.27</ele><time>2025-11-14T03:55:20Z</time><extensions><gpxtpx:TrackPointExtension><gpxtpx:cad>0</gpxtpx:cad></gpxtpx:TrackPointExtension></extensions></trkpt><trkpt lat="15.3087145742" lon="73.8874659408"><ele>-2.27</ele><time>2025-11-14T03:55:25Z</time><extensions><gpxtpx:TrackPointExtension><gpxtpx:cad>0</gpxtpx:cad></gpxtpx:TrackPointExtension></extensions></trkpt><trkpt lat="15.3086536378" lon="73.8876057509"><ele>-2.27</ele><time>2025-11-14T03:55:30Z</time><extensions><gpxtpx:TrackPointExtension><gpxtpx:cad>0</gpxtpx:cad></gpxtpx:TrackPointExtension></extensions></trkpt><trkpt lat="15.3085627779" lon="73.8877272047"><ele>-1.79</ele><time>2025-11-14T03:55:35Z</time><extensions><gpxtpx:TrackPointExtension><gpxtpx:cad>0</gpxtpx:cad></gpxtpx:TrackPointExtension></extensions></trkpt><trkpt lat="15.3084676433" lon="73.8878549449"><ele>-0.82</ele><time>2025-11-14T03:55:40Z</time><extensions><gpxtpx:TrackPointExtension><gpxtpx:cad>0</gpxtpx:cad></gpxtpx:TrackPointExtension></extensions></trkpt><trkpt lat="15.3083775379" lon="73.8879853673"><ele>-0.82</ele><time>2025-11-14T03:55:45Z</time><extensions><gpxtpx:TrackPointExtension><gpxtpx:cad>0</gpxtpx:cad></gpxtpx:TrackPointExtension></extensions></trkpt><trkpt lat="15.3082845826" lon="73.8881206512"><ele>-0.34</ele><time>2025-11-14T03:55:50Z</time><extensions><gpxtpx:TrackPointExtension><gpxtpx:cad>0</gpxtpx:cad></gpxtpx:TrackPointExtension></extensions></trkpt><trkpt lat="15.3081930522" lon="73.8882482238"><ele>-0.34</ele><time>2025-11-14T03:55:55Z</time><extensions><gpxtpx:TrackPointExtension><gpxtpx:cad>0</gpxtpx:cad></gpxtpx:TrackPointExtension></extensions></trkpt><trkpt lat="15.3080926370" lon="73.8883690070"><ele>-1.30</ele><time>2025-11-14T03:56:00Z</time><extensions><gpxtpx:TrackPointExtension><gpxtpx:cad>0</gpxtpx:cad></gpxtpx:TrackPointExtension></extensions></trkpt><trkpt lat="15.3080003522" lon="73.8884924725"><ele>-1.30</ele><time>2025-11-14T03:56:05Z</time><extensions><gpxtpx:TrackPointExtension><gpxtpx:cad>0</gpxtpx:cad></gpxtpx:TrackPointExtension></extensions></trkpt><trkpt lat="15.3079016134" lon="73.8886188716"><ele>-0.82</ele><time>2025-11-14T03:56:10Z</time><extensions><gpxtpx:TrackPointExtension><gpxtpx:cad>0</gpxtpx:cad></gpxtpx:TrackPointExtension></extensions></trkpt><trkpt lat="15.3078001924" lon="73.8887394872"><ele>-1.30</ele><time>2025-11-14T03:56:15Z</time><extensions><gpxtpx:TrackPointExtension><gpxtpx:cad>0</gpxtpx:cad></gpxtpx:TrackPointExtension></extensions></trkpt><trkpt lat="15.3077033814" lon="73.8888607733"><ele>-1.79</ele><time>2025-11-14T03:56:20Z</time><extensions><gpxtpx:TrackPointExtension><gpxtpx:cad>0</gpxtpx:cad></gpxtpx:TrackPointExtension></extensions></trkpt><trkpt lat="15.3076035529" lon="73.8889844902"><ele>-1.79</ele><time>2025-11-14T03:56:25Z</time><extensions><gpxtpx:TrackPointExtension><gpxtpx:cad>0</gpxtpx:cad></gpxtpx:TrackPointExtension></extensions></trkpt><trkpt lat="15.3075045627" lon="73.8891022559"><ele>-1.79</ele><time>2025-11-14T03:56:30Z</time><extensions><gpxtpx:TrackPointExtension><gpxtpx:cad>0</gpxtpx:cad></gpxtpx:TrackPointExtension></extensions></trkpt><trkpt lat="15.3074025549" lon="73.8892178424"><ele>-1.79</ele><time>2025-11-14T03:56:35Z</time><extensions><gpxtpx:TrackPointExtension><gpxtpx:cad>0</gpxtpx:cad></gpxtpx:TrackPointExtension></extensions></trkpt><trkpt lat="15.3072950151" lon="73.8893309142"><ele>-1.79</ele><time>2025-11-14T03:56:40Z</time><extensions><gpxtpx:TrackPointExtension><gpxtpx:cad>0</gpxtpx:cad></gpxtpx:TrackPointExtension></extensions></trkpt><trkpt lat="15.3071899898" lon="73.8894434832"><ele>-1.30</ele><time>2025-11-14T03:56:45Z</time><extensions><gpxtpx:TrackPointExtension><gpxtpx:cad>0</gpxtpx:cad></gpxtpx:TrackPointExtension></extensions></trkpt><trkpt lat="15.3070868086" lon="73.8895554654"><ele>-1.30</ele><time>2025-11-14T03:56:50Z</time><extensions><gpxtpx:TrackPointExtension><gpxtpx:cad>0</gpxtpx:cad></gpxtpx:TrackPointExtension></extensions></trkpt><trkpt lat="15.3069848008" lon="73.8896707166"><ele>-1.30</ele><time>2025-11-14T03:56:55Z</time><extensions><gpxtpx:TrackPointExtension><gpxtpx:cad>0</gpxtpx:cad></gpxtpx:TrackPointExtension></extensions></trkpt><trkpt lat="15.3068791889" lon="73.8897661027"><ele>-0.82</ele><time>2025-11-14T03:57:00Z</time><extensions><gpxtpx:TrackPointExtension><gpxtpx:cad>0</gpxtpx:cad></gpxtpx:TrackPointExtension></extensions></trkpt><trkpt lat="15.3067692183" lon="73.8898803480"><ele>-0.82</ele><time>2025-11-14T03:57:05Z</time><extensions><gpxtpx:TrackPointExtension><gpxtpx:cad>0</gpxtpx:cad></gpxtpx:TrackPointExtension></extensions></trkpt><trkpt lat="15.3066581581" lon="73.8899906538"><ele>-1.30</ele><time>2025-11-14T03:57:10Z</time><extensions><gpxtpx:TrackPointExtension><gpxtpx:cad>0</gpxtpx:cad></gpxtpx:TrackPointExtension></extensions></trkpt><trkpt lat="15.3065424878" lon="73.8901023846"><ele>-1.79</ele><time>2025-11-14T03:57:15Z</time><extensions><gpxtpx:TrackPointExtension><gpxtpx:cad>0</gpxtpx:cad></gpxtpx:TrackPointExtension></extensions></trkpt><trkpt lat="15.3064334393" lon="73.8902110979"><ele>-2.27</ele><time>2025-11-14T03:57:20Z</time><extensions><gpxtpx:TrackPointExtension><gpxtpx:cad>0</gpxtpx:cad></gpxtpx:TrackPointExtension></extensions></trkpt><trkpt lat="15.3063402325" lon="73.8903358206"><ele>-2.27</ele><time>2025-11-14T03:57:25Z</time><extensions><gpxtpx:TrackPointExtension><gpxtpx:cad>0</gpxtpx:cad></gpxtpx:TrackPointExtension></extensions></trkpt><trkpt lat="15.3062590118" lon="73.8904684223"><ele>-2.27</ele><time>2025-11-14T03:57:30Z</time><extensions><gpxtpx:TrackPointExtension><gpxtpx:cad>0</gpxtpx:cad></gpxtpx:TrackPointExtension></extensions></trkpt><trkpt lat="15.3061817307" lon="73.8906058017"><ele>-2.27</ele><time>2025-11-14T03:57:35Z</time><extensions><gpxtpx:TrackPointExtension><gpxtpx:cad>0</gpxtpx:cad></gpxtpx:TrackPointExtension></extensions></trkpt><trkpt lat="15.3060882725" lon="73.8907329552"><ele>-1.79</ele><time>2025-11-14T03:57:40Z</time><extensions><gpxtpx:TrackPointExtension><gpxtpx:cad>0</gpxtpx:cad></gpxtpx:TrackPointExtension></extensions></trkpt><trkpt lat="15.3059840854" lon="73.8908522297"><ele>-1.79</ele><time>2025-11-14T03:57:45Z</time><extensions><gpxtpx:TrackPointExtension><gpxtpx:cad>0</gpxtpx:cad></gpxtpx:TrackPointExtension></extensions></trkpt><trkpt lat="15.3058681637" lon="73.8909679838"><ele>-1.79</ele><time>2025-11-14T03:57:50Z</time><extensions><gpxtpx:TrackPointExtension><gpxtpx:cad>0</gpxtpx:cad></gpxtpx:TrackPointExtension></extensions></trkpt><trkpt lat="15.3057619650" lon="73.8910813909"><ele>-1.79</ele><time>2025-11-14T03:57:55Z</time><extensions><gpxtpx:TrackPointExtension><gpxtpx:cad>0</gpxtpx:cad></gpxtpx:TrackPointExtension></extensions></trkpt><trkpt lat="15.3056519944" lon="73.8911921158"><ele>-1.79</ele><time>2025-11-14T03:58:00Z</time><extensions><gpxtpx:TrackPointExtension><gpxtpx:cad>0</gpxtpx:cad></gpxtpx:TrackPointExtension></extensions></trkpt><trkpt lat="15.3055445384" lon="73.8913041819"><ele>-1.79</ele><time>2025-11-14T03:58:05Z</time><extensions><gpxtpx:TrackPointExtension><gpxtpx:cad>0</gpxtpx:cad></gpxtpx:TrackPointExtension></extensions></trkpt><trkpt lat="15.3054298740" lon="73.8914076146"><ele>-1.79</ele><time>2025-11-14T03:58:10Z</time><extensions><gpxtpx:TrackPointExtension><gpxtpx:cad>0</gpxtpx:cad></gpxtpx:TrackPointExtension></extensions></trkpt><trkpt lat="15.3053059895" lon="73.8915019948"><ele>-1.79</ele><time>2025-11-14T03:58:15Z</time><extensions><gpxtpx:TrackPointExtension><gpxtpx:cad>0</gpxtpx:cad></gpxtpx:TrackPointExtension></extensions></trkpt><trkpt lat="15.3051860444" lon="73.8915915973"><ele>-2.27</ele><time>2025-11-14T03:58:20Z</time><extensions><gpxtpx:TrackPointExtension><gpxtpx:cad>0</gpxtpx:cad></gpxtpx:TrackPointExtension></extensions></trkpt><trkpt lat="15.3050641716" lon="73.8916902523"><ele>-2.27</ele><time>2025-11-14T03:58:25Z</time><extensions><gpxtpx:TrackPointExtension><gpxtpx:cad>0</gpxtpx:cad></gpxtpx:TrackPointExtension></extensions></trkpt><trkpt lat="15.3049426340" lon="73.8917872310"><ele>-1.79</ele><time>2025-11-14T03:58:30Z</time><extensions><gpxtpx:TrackPointExtension><gpxtpx:cad>0</gpxtpx:cad></gpxtpx:TrackPointExtension></extensions></trkpt><trkpt lat="15.3048176598" lon="73.8918787614"><ele>-1.79</ele><time>2025-11-14T03:58:35Z</time><extensions><gpxtpx:TrackPointExtension><gpxtpx:cad>0</gpxtpx:cad></gpxtpx:TrackPointExtension></extensions></trkpt><trkpt lat="15.3046920989" lon="73.8919699565"><ele>-1.79</ele><time>2025-11-14T03:58:40Z</time><extensions><gpxtpx:TrackPointExtension><gpxtpx:cad>0</gpxtpx:cad></gpxtpx:TrackPointExtension></extensions></trkpt><trkpt lat="15.3045716509" lon="73.8920672704"><ele>-1.79</ele><time>2025-11-14T03:58:45Z</time><extensions><gpxtpx:TrackPointExtension><gpxtpx:cad>0</gpxtpx:cad></gpxtpx:TrackPointExtension></extensions></trkpt><trkpt lat="15.3044462577" lon="73.8921665121"><ele>-1.79</ele><time>2025-11-14T03:58:50Z</time><extensions><gpxtpx:TrackPointExtension><gpxtpx:cad>0</gpxtpx:cad></gpxtpx:TrackPointExtension></extensions></trkpt><trkpt lat="15.3043341916" lon="73.8922666758"><ele>-1.79</ele><time>2025-11-14T03:58:55Z</time><extensions><gpxtpx:TrackPointExtension><gpxtpx:cad>0</gpxtpx:cad></gpxtpx:TrackPointExtension></extensions></trkpt><trkpt lat="15.3042126540" lon="73.8923729584"><ele>-2.27</ele><time>2025-11-14T03:59:00Z</time><extensions><gpxtpx:TrackPointExtension><gpxtpx:cad>0</gpxtpx:cad></gpxtpx:TrackPointExtension></extensions></trkpt><trkpt lat="15.3040958941" lon="73.8924684282"><ele>-1.79</ele><time>2025-11-14T03:59:05Z</time><extensions><gpxtpx:TrackPointExtension><gpxtpx:cad>0</gpxtpx:cad></gpxtpx:TrackPointExtension></extensions></trkpt><trkpt lat="15.3039719258" lon="73.8925627246"><ele>-1.79</ele><time>2025-11-14T03:59:10Z</time><extensions><gpxtpx:TrackPointExtension><gpxtpx:cad>0</gpxtpx:cad></gpxtpx:TrackPointExtension></extensions></trkpt><trkpt lat="15.3038477898" lon="73.8926576916"><ele>-1.79</ele><time>2025-11-14T03:59:15Z</time><extensions><gpxtpx:TrackPointExtension><gpxtpx:cad>0</gpxtpx:cad></gpxtpx:TrackPointExtension></extensions></trkpt><trkpt lat="15.3037294373" lon="73.8927530777"><ele>-1.79</ele><time>2025-11-14T03:59:20Z</time><extensions><gpxtpx:TrackPointExtension><gpxtpx:cad>0</gpxtpx:cad></gpxtpx:TrackPointExtension></extensions></trkpt><trkpt lat="15.3036039602" lon="73.8928474579"><ele>-1.30</ele><time>2025-11-14T03:59:25Z</time><extensions><gpxtpx:TrackPointExtension><gpxtpx:cad>0</gpxtpx:cad></gpxtpx:TrackPointExtension></extensions></trkpt><trkpt lat="15.3034778964" lon="73.8929333724"><ele>-1.30</ele><time>2025-11-14T03:59:30Z</time><extensions><gpxtpx:TrackPointExtension><gpxtpx:cad>0</gpxtpx:cad></gpxtpx:TrackPointExtension></extensions></trkpt><trkpt lat="15.3033401817" lon="73.8930071332"><ele>-1.30</ele><time>2025-11-14T03:59:35Z</time><extensions><gpxtpx:TrackPointExtension><gpxtpx:cad>0</gpxtpx:cad></gpxtpx:TrackPointExtension></extensions></trkpt><trkpt lat="15.3032021318" lon="73.8930730987"><ele>-1.30</ele><time>2025-11-14T03:59:40Z</time><extensions><gpxtpx:TrackPointExtension><gpxtpx:cad>0</gpxtpx:cad></gpxtpx:TrackPointExtension></extensions></trkpt><trkpt lat="15.3030622378" lon="73.8931351248"><ele>-1.79</ele><time>2025-11-14T03:59:45Z</time><extensions><gpxtpx:TrackPointExtension><gpxtpx:cad>0</gpxtpx:cad></gpxtpx:TrackPointExtension></extensions></trkpt><trkpt lat="15.3029249422" lon="73.8932045270"><ele>-1.30</ele><time>2025-11-14T03:59:50Z</time><extensions><gpxtpx:TrackPointExtension><gpxtpx:cad>0</gpxtpx:cad></gpxtpx:TrackPointExtension></extensions></trkpt><trkpt lat="15.3027882334" lon="73.8932766113"><ele>-1.79</ele><time>2025-11-14T03:59:55Z</time><extensions><gpxtpx:TrackPointExtension><gpxtpx:cad>0</gpxtpx:cad></gpxtpx:TrackPointExtension></extensions></trkpt><trkpt lat="15.3026565537" lon="73.8933604304"><ele>-1.79</ele><time>2025-11-14T04:00:00Z</time><extensions><gpxtpx:TrackPointExtension><gpxtpx:cad>0</gpxtpx:cad></gpxtpx:TrackPointExtension></extensions></trkpt><trkpt lat="15.3025301546" lon="73.8934460934"><ele>-1.79</ele><time>2025-11-14T04:00:05Z</time><extensions><gpxtpx:TrackPointExtension><gpxtpx:cad>0</gpxtpx:cad></gpxtpx:TrackPointExtension></extensions></trkpt><trkpt lat="15.3024080303" lon="73.8935393840"><ele>-1.79</ele><time>2025-11-14T04:00:10Z</time><extensions><gpxtpx:TrackPointExtension><gpxtpx:cad>0</gpxtpx:cad></gpxtpx:TrackPointExtension></extensions></trkpt><trkpt lat="15.3022895940" lon="73.8936395478"><ele>-1.79</ele><time>2025-11-14T04:00:15Z</time><extensions><gpxtpx:TrackPointExtension><gpxtpx:cad>0</gpxtpx:cad></gpxtpx:TrackPointExtension></extensions></trkpt><trkpt lat="15.3021618538" lon="73.8937276416"><ele>-2.27</ele><time>2025-11-14T04:00:20Z</time><extensions><gpxtpx:TrackPointExtension><gpxtpx:cad>0</gpxtpx:cad></gpxtpx:TrackPointExtension></extensions></trkpt><trkpt lat="15.3020335268" lon="73.8938184176"><ele>-1.79</ele><time>2025-11-14T04:00:25Z</time><extensions><gpxtpx:TrackPointExtension><gpxtpx:cad>0</gpxtpx:cad></gpxtpx:TrackPointExtension></extensions></trkpt><trkpt lat="15.3019109834" lon="73.8939146418"><ele>-2.27</ele><time>2025-11-14T04:00:30Z</time><extensions><gpxtpx:TrackPointExtension><gpxtpx:cad>0</gpxtpx:cad></gpxtpx:TrackPointExtension></extensions></trkpt><trkpt lat="15.3017895296" lon="73.8940122910"><ele>-2.27</ele><time>2025-11-14T04:00:35Z</time><extensions><gpxtpx:TrackPointExtension><gpxtpx:cad>0</gpxtpx:cad></gpxtpx:TrackPointExtension></extensions></trkpt><trkpt lat="15.3016707581" lon="73.8941173162"><ele>-2.27</ele><time>2025-11-14T04:00:40Z</time><extensions><gpxtpx:TrackPointExtension><gpxtpx:cad>0</gpxtpx:cad></gpxtpx:TrackPointExtension></extensions></trkpt><trkpt lat="15.3015556745" lon="73.8942196593"><ele>-1.79</ele><time>2025-11-14T04:00:45Z</time><extensions><gpxtpx:TrackPointExtension><gpxtpx:cad>0</gpxtpx:cad></gpxtpx:TrackPointExtension></extensions></trkpt><trkpt lat="15.3014476318" lon="73.8943303004"><ele>-1.79</ele><time>2025-11-14T04:00:50Z</time><extensions><gpxtpx:TrackPointExtension><gpxtpx:cad>0</gpxtpx:cad></gpxtpx:TrackPointExtension></extensions></trkpt><trkpt lat="15.3013441153" lon="73.8944385946"><ele>-1.30</ele><time>2025-11-14T04:00:55Z</time><extensions><gpxtpx:TrackPointExtension><gpxtpx:cad>0</gpxtpx:cad></gpxtpx:TrackPointExtension></extensions></trkpt><trkpt lat="15.3012380842" lon="73.8945545163"><ele>-1.30</ele><time>2025-11-14T04:01:00Z</time><extensions><gpxtpx:TrackPointExtension><gpxtpx:cad>0</gpxtpx:cad></gpxtpx:TrackPointExtension></extensions></trkpt><trkpt lat="15.3011394292" lon="73.8946689293"><ele>-1.79</ele><time>2025-11-14T04:01:05Z</time><extensions><gpxtpx:TrackPointExtension><gpxtpx:cad>0</gpxtpx:cad></gpxtpx:TrackPointExtension></extensions></trkpt><trkpt lat="15.3010335658" lon="73.8947835937"><ele>-2.27</ele><time>2025-11-14T04:01:10Z</time><extensions><gpxtpx:TrackPointExtension><gpxtpx:cad>0</gpxtpx:cad></gpxtpx:TrackPointExtension></extensions></trkpt><trkpt lat="15.3009223379" lon="73.8948965818"><ele>-2.27</ele><time>2025-11-14T04:01:15Z</time><extensions><gpxtpx:TrackPointExtension><gpxtpx:cad>0</gpxtpx:cad></gpxtpx:TrackPointExtension></extensions></trkpt><trkpt lat="15.3008132055" lon="73.8950074743"><ele>-1.79</ele><time>2025-11-14T04:01:20Z</time><extensions><gpxtpx:TrackPointExtension><gpxtpx:cad>0</gpxtpx:cad></gpxtpx:TrackPointExtension></extensions></trkpt><trkpt lat="15.3006922547" lon="73.8951113261"><ele>-2.27</ele><time>2025-11-14T04:01:25Z</time><extensions><gpxtpx:TrackPointExtension><gpxtpx:cad>0</gpxtpx:cad></gpxtpx:TrackPointExtension></extensions></trkpt><trkpt lat="15.3005621675" lon="73.8952042814"><ele>-1.79</ele><time>2025-11-14T04:01:30Z</time><extensions><gpxtpx:TrackPointExtension><gpxtpx:cad>0</gpxtpx:cad></gpxtpx:TrackPointExtension></extensions></trkpt><trkpt lat="15.3004368581" lon="73.8952977397"><ele>-1.79</ele><time>2025-11-14T04:01:35Z</time><extensions><gpxtpx:TrackPointExtension><gpxtpx:cad>0</gpxtpx:cad></gpxtpx:TrackPointExtension></extensions></trkpt><trkpt lat="15.3003112134" lon="73.8953865040"><ele>-1.79</ele><time>2025-11-14T04:01:40Z</time><extensions><gpxtpx:TrackPointExtension><gpxtpx:cad>0</gpxtpx:cad></gpxtpx:TrackPointExtension></extensions></trkpt><trkpt lat="15.3001874965" lon="73.8954857457"><ele>-1.30</ele><time>2025-11-14T04:01:45Z</time><extensions><gpxtpx:TrackPointExtension><gpxtpx:cad>0</gpxtpx:cad></gpxtpx:TrackPointExtension></extensions></trkpt><trkpt lat="15.3000818007" lon="73.8955983985"><ele>-1.79</ele><time>2025-11-14T04:01:50Z</time><extensions><gpxtpx:TrackPointExtension><gpxtpx:cad>0</gpxtpx:cad></gpxtpx:TrackPointExtension></extensions></trkpt><trkpt lat="15.2999781165" lon="73.8957113866"><ele>-1.79</ele><time>2025-11-14T04:01:55Z</time><extensions><gpxtpx:TrackPointExtension><gpxtpx:cad>0</gpxtpx:cad></gpxtpx:TrackPointExtension></extensions></trkpt><trkpt lat="15.2998626977" lon="73.8958191779"><ele>-1.79</ele><time>2025-11-14T04:02:00Z</time><extensions><gpxtpx:TrackPointExtension><gpxtpx:cad>0</gpxtpx:cad></gpxtpx:TrackPointExtension></extensions></trkpt><trkpt lat="15.2997524757" lon="73.8959182519"><ele>-1.30</ele><time>2025-11-14T04:02:05Z</time><extensions><gpxtpx:TrackPointExtension><gpxtpx:cad>0</gpxtpx:cad></gpxtpx:TrackPointExtension></extensions></trkpt><trkpt lat="15.2996372245" lon="73.8960204273"><ele>-1.30</ele><time>2025-11-14T04:02:10Z</time><extensions><gpxtpx:TrackPointExtension><gpxtpx:cad>0</gpxtpx:cad></gpxtpx:TrackPointExtension></extensions></trkpt><trkpt lat="15.2995208837" lon="73.8961202558"><ele>-1.30</ele><time>2025-11-14T04:02:15Z</time><extensions><gpxtpx:TrackPointExtension><gpxtpx:cad>0</gpxtpx:cad></gpxtpx:TrackPointExtension></extensions></trkpt><trkpt lat="15.2994161937" lon="73.8962279633"><ele>-0.82</ele><time>2025-11-14T04:02:20Z</time><extensions><gpxtpx:TrackPointExtension><gpxtpx:cad>0</gpxtpx:cad></gpxtpx:TrackPointExtension></extensions></trkpt><trkpt lat="15.2993144374" lon="73.8963380177"><ele>-0.82</ele><time>2025-11-14T04:02:25Z</time><extensions><gpxtpx:TrackPointExtension><gpxtpx:cad>0</gpxtpx:cad></gpxtpx:TrackPointExtension></extensions></trkpt><trkpt lat="15.2992115077" lon="73.8964590523"><ele>-0.82</ele><time>2025-11-14T04:02:30Z</time><extensions><gpxtpx:TrackPointExtension><gpxtpx:cad>0</gpxtpx:cad></gpxtpx:TrackPointExtension></extensions></trkpt><trkpt lat="15.2991158701" lon="73.8965800032"><ele>-0.82</ele><time>2025-11-14T04:02:35Z</time><extensions><gpxtpx:TrackPointExtension><gpxtpx:cad>0</gpxtpx:cad></gpxtpx:TrackPointExtension></extensions></trkpt><trkpt lat="15.2990182210" lon="73.8967070729"><ele>-0.34</ele><time>2025-11-14T04:02:40Z</time><extensions><gpxtpx:TrackPointExtension><gpxtpx:cad>0</gpxtpx:cad></gpxtpx:TrackPointExtension></extensions></trkpt><trkpt lat="15.2989164647" lon="73.8968250062"><ele>-0.34</ele><time>2025-11-14T04:02:45Z</time><extensions><gpxtpx:TrackPointExtension><gpxtpx:cad>0</gpxtpx:cad></gpxtpx:TrackPointExtension></extensions></trkpt><trkpt lat="15.2988088410" lon="73.8969412632"><ele>-0.34</ele><time>2025-11-14T04:02:50Z</time><extensions><gpxtpx:TrackPointExtension><gpxtpx:cad>0</gpxtpx:cad></gpxtpx:TrackPointExtension></extensions></trkpt><trkpt lat="15.2986974455" lon="73.8970482163"><ele>-0.82</ele><time>2025-11-14T04:02:55Z</time><extensions><gpxtpx:TrackPointExtension><gpxtpx:cad>0</gpxtpx:cad></gpxtpx:TrackPointExtension></extensions></trkpt><trkpt lat="15.2985809371" lon="73.8971569296"><ele>-0.82</ele><time>2025-11-14T04:03:00Z</time><extensions><gpxtpx:TrackPointExtension><gpxtpx:cad>0</gpxtpx:cad></gpxtpx:TrackPointExtension></extensions></trkpt><trkpt lat="15.2984677814" lon="73.8972590212"><ele>-1.30</ele><time>2025-11-14T04:03:05Z</time><extensions><gpxtpx:TrackPointExtension><gpxtpx:cad>0</gpxtpx:cad></gpxtpx:TrackPointExtension></extensions></trkpt><trkpt lat="15.2983634267" lon="73.8973728474"><ele>-1.30</ele><time>2025-11-14T04:03:10Z</time><extensions><gpxtpx:TrackPointExtension><gpxtpx:cad>0</gpxtpx:cad></gpxtpx:TrackPointExtension></extensions></trkpt><trkpt lat="15.2982698847" lon="73.8974979054"><ele>-0.82</ele><time>2025-11-14T04:03:15Z</time><extensions><gpxtpx:TrackPointExtension><gpxtpx:cad>0</gpxtpx:cad></gpxtpx:TrackPointExtension></extensions></trkpt><trkpt lat="15.2981671225" lon="73.8976155873"><ele>-0.82</ele><time>2025-11-14T04:03:20Z</time><extensions><gpxtpx:TrackPointExtension><gpxtpx:cad>0</gpxtpx:cad></gpxtpx:TrackPointExtension></extensions></trkpt><trkpt lat="15.2980585769" lon="73.8977299165"><ele>-0.82</ele><time>2025-11-14T04:03:25Z</time><extensions><gpxtpx:TrackPointExtension><gpxtpx:cad>0</gpxtpx:cad></gpxtpx:TrackPointExtension></extensions></trkpt><trkpt lat="15.2979517914" lon="73.8978392165"><ele>-1.30</ele><time>2025-11-14T04:03:30Z</time><extensions><gpxtpx:TrackPointExtension><gpxtpx:cad>0</gpxtpx:cad></gpxtpx:TrackPointExtension></extensions></trkpt><trkpt lat="15.2978419047" lon="73.8979422301"><ele>-1.79</ele><time>2025-11-14T04:03:35Z</time><extensions><gpxtpx:TrackPointExtension><gpxtpx:cad>0</gpxtpx:cad></gpxtpx:TrackPointExtension></extensions></trkpt><trkpt lat="15.2977297548" lon="73.8980461657"><ele>-2.27</ele><time>2025-11-14T04:03:40Z</time><extensions><gpxtpx:TrackPointExtension><gpxtpx:cad>0</gpxtpx:cad></gpxtpx:TrackPointExtension></extensions></trkpt><trkpt lat="15.2976091392" lon="73.8981393725"><ele>-2.27</ele><time>2025-11-14T04:03:45Z</time><extensions><gpxtpx:TrackPointExtension><gpxtpx:cad>0</gpxtpx:cad></gpxtpx:TrackPointExtension></extensions></trkpt><trkpt lat="15.2975001745" lon="73.8982438948"><ele>-2.75</ele><time>2025-11-14T04:03:50Z</time><extensions><gpxtpx:TrackPointExtension><gpxtpx:cad>0</gpxtpx:cad></gpxtpx:TrackPointExtension></extensions></trkpt><trkpt lat="15.2973896172" lon="73.8983532786"><ele>-2.75</ele><time>2025-11-14T04:03:55Z</time><extensions><gpxtpx:TrackPointExtension><gpxtpx:cad>0</gpxtpx:cad></gpxtpx:TrackPointExtension></extensions></trkpt><trkpt lat="15.2972752880" lon="73.8984566275"><ele>-2.27</ele><time>2025-11-14T04:04:00Z</time><extensions><gpxtpx:TrackPointExtension><gpxtpx:cad>0</gpxtpx:cad></gpxtpx:TrackPointExtension></extensions></trkpt><trkpt lat="15.2971547563" lon="73.8985585514"><ele>-1.79</ele><time>2025-11-14T04:04:05Z</time><extensions><gpxtpx:TrackPointExtension><gpxtpx:cad>0</gpxtpx:cad></gpxtpx:TrackPointExtension></extensions></trkpt><trkpt lat="15.2970327996" lon="73.8986499980"><ele>-1.30</ele><time>2025-11-14T04:04:10Z</time><extensions><gpxtpx:TrackPointExtension><gpxtpx:cad>0</gpxtpx:cad></gpxtpx:TrackPointExtension></extensions></trkpt><trkpt lat="15.2969103400" lon="73.8987457193"><ele>-1.30</ele><time>2025-11-14T04:04:15Z</time><extensions><gpxtpx:TrackPointExtension><gpxtpx:cad>0</gpxtpx:cad></gpxtpx:TrackPointExtension></extensions></trkpt><trkpt lat="15.2967799176" lon="73.8988308795"><ele>-0.82</ele><time>2025-11-14T04:04:20Z</time><extensions><gpxtpx:TrackPointExtension><gpxtpx:cad>0</gpxtpx:cad></gpxtpx:TrackPointExtension></extensions></trkpt><trkpt lat="15.2966653369" lon="73.8989256788"><ele>-0.82</ele><time>2025-11-14T04:04:25Z</time><extensions><gpxtpx:TrackPointExtension><gpxtpx:cad>0</gpxtpx:cad></gpxtpx:TrackPointExtension></extensions></trkpt><trkpt lat="15.2965712920" lon="73.8990529161"><ele>-0.82</ele><time>2025-11-14T04:04:30Z</time><extensions><gpxtpx:TrackPointExtension><gpxtpx:cad>0</gpxtpx:cad></gpxtpx:TrackPointExtension></extensions></trkpt><trkpt lat="15.2964830305" lon="73.8991824165"><ele>-0.82</ele><time>2025-11-14T04:04:35Z</time><extensions><gpxtpx:TrackPointExtension><gpxtpx:cad>0</gpxtpx:cad></gpxtpx:TrackPointExtension></extensions></trkpt><trkpt lat="15.2963899914" lon="73.8993139286"><ele>-0.82</ele><time>2025-11-14T04:04:40Z</time><extensions><gpxtpx:TrackPointExtension><gpxtpx:cad>0</gpxtpx:cad></gpxtpx:TrackPointExtension></extensions></trkpt><trkpt lat="15.2962976228" lon="73.8994448539"><ele>-1.30</ele><time>2025-11-14T04:04:45Z</time><extensions><gpxtpx:TrackPointExtension><gpxtpx:cad>0</gpxtpx:cad></gpxtpx:TrackPointExtension></extensions></trkpt><trkpt lat="15.2962117083" lon="73.8995666429"><ele>-0.82</ele><time>2025-11-14T04:04:50Z</time><extensions><gpxtpx:TrackPointExtension><gpxtpx:cad>0</gpxtpx:cad></gpxtpx:TrackPointExtension></extensions></trkpt><trkpt lat="15.2961058449" lon="73.8996937964"><ele>-0.82</ele><time>2025-11-14T04:04:55Z</time><extensions><gpxtpx:TrackPointExtension><gpxtpx:cad>0</gpxtpx:cad></gpxtpx:TrackPointExtension></extensions></trkpt><trkpt lat="15.2960102912" lon="73.8998171780"><ele>-0.82</ele><time>2025-11-14T04:05:00Z</time><extensions><gpxtpx:TrackPointExtension><gpxtpx:cad>0</gpxtpx:cad></gpxtpx:TrackPointExtension></extensions></trkpt><trkpt lat="15.2959212754" lon="73.8999501150"><ele>-0.82</ele><time>2025-11-14T04:05:05Z</time><extensions><gpxtpx:TrackPointExtension><gpxtpx:cad>0</gpxtpx:cad></gpxtpx:TrackPointExtension></extensions></trkpt><trkpt lat="15.2958391327" lon="73.9000798669"><ele>-0.82</ele><time>2025-11-14T04:05:10Z</time><extensions><gpxtpx:TrackPointExtension><gpxtpx:cad>0</gpxtpx:cad></gpxtpx:TrackPointExtension></extensions></trkpt><trkpt lat="15.2957636956" lon="73.9002190903"><ele>-0.34</ele><time>2025-11-14T04:05:15Z</time><extensions><gpxtpx:TrackPointExtension><gpxtpx:cad>0</gpxtpx:cad></gpxtpx:TrackPointExtension></extensions></trkpt><trkpt lat="15.2956892643" lon="73.9003589842"><ele>-0.34</ele><time>2025-11-14T04:05:20Z</time><extensions><gpxtpx:TrackPointExtension><gpxtpx:cad>0</gpxtpx:cad></gpxtpx:TrackPointExtension></extensions></trkpt><trkpt lat="15.2956144977" lon="73.9004977047"><ele>-0.34</ele><time>2025-11-14T04:05:25Z</time><extensions><gpxtpx:TrackPointExtension><gpxtpx:cad>0</gpxtpx:cad></gpxtpx:TrackPointExtension></extensions></trkpt><trkpt lat="15.2955393121" lon="73.9006318990"><ele>-0.34</ele><time>2025-11-14T04:05:30Z</time><extensions><gpxtpx:TrackPointExtension><gpxtpx:cad>0</gpxtpx:cad></gpxtpx:TrackPointExtension></extensions></trkpt><trkpt lat="15.2954569180" lon="73.9007752296"><ele>-0.34</ele><time>2025-11-14T04:05:35Z</time><extensions><gpxtpx:TrackPointExtension><gpxtpx:cad>0</gpxtpx:cad></gpxtpx:TrackPointExtension></extensions></trkpt><trkpt lat="15.2953639627" lon="73.9008969348"><ele>-0.34</ele><time>2025-11-14T04:05:40Z</time><extensions><gpxtpx:TrackPointExtension><gpxtpx:cad>0</gpxtpx:cad></gpxtpx:TrackPointExtension></extensions></trkpt><trkpt lat="15.2952573448" lon="73.9010184724"><ele>0.14</ele><time>2025-11-14T04:05:45Z</time><extensions><gpxtpx:TrackPointExtension><gpxtpx:cad>0</gpxtpx:cad></gpxtpx:TrackPointExtension></extensions></trkpt><trkpt lat="15.2951408364" lon="73.9011212345"><ele>-0.34</ele><time>2025-11-14T04:05:50Z</time><extensions><gpxtpx:TrackPointExtension><gpxtpx:cad>0</gpxtpx:cad></gpxtpx:TrackPointExtension></extensions></trkpt><trkpt lat="15.2950165328" lon="73.9012145251"><ele>-0.34</ele><time>2025-11-14T04:05:55Z</time><extensions><gpxtpx:TrackPointExtension><gpxtpx:cad>0</gpxtpx:cad></gpxtpx:TrackPointExtension></extensions></trkpt><trkpt lat="15.2948993538" lon="73.9013258368"><ele>0.14</ele><time>2025-11-14T04:06:00Z</time><extensions><gpxtpx:TrackPointExtension><gpxtpx:cad>0</gpxtpx:cad></gpxtpx:TrackPointExtension></extensions></trkpt><trkpt lat="15.2947839350" lon="73.9014340471"><ele>0.14</ele><time>2025-11-14T04:06:05Z</time><extensions><gpxtpx:TrackPointExtension><gpxtpx:cad>0</gpxtpx:cad></gpxtpx:TrackPointExtension></extensions></trkpt><trkpt lat="15.2946755569" lon="73.9015430119"><ele>0.14</ele><time>2025-11-14T04:06:10Z</time><extensions><gpxtpx:TrackPointExtension><gpxtpx:cad>0</gpxtpx:cad></gpxtpx:TrackPointExtension></extensions></trkpt><trkpt lat="15.2945634909" lon="73.9016551618"><ele>0.14</ele><time>2025-11-14T04:06:15Z</time><extensions><gpxtpx:TrackPointExtension><gpxtpx:cad>0</gpxtpx:cad></gpxtpx:TrackPointExtension></extensions></trkpt><trkpt lat="15.2944530174" lon="73.9017647970"><ele>-0.34</ele><time>2025-11-14T04:06:20Z</time><extensions><gpxtpx:TrackPointExtension><gpxtpx:cad>0</gpxtpx:cad></gpxtpx:TrackPointExtension></extensions></trkpt><trkpt lat="15.2943539433" lon="73.9018858317"><ele>-0.34</ele><time>2025-11-14T04:06:25Z</time><extensions><gpxtpx:TrackPointExtension><gpxtpx:cad>0</gpxtpx:cad></gpxtpx:TrackPointExtension></extensions></trkpt><trkpt lat="15.2942636702" lon="73.9020179305"><ele>-0.34</ele><time>2025-11-14T04:06:30Z</time><extensions><gpxtpx:TrackPointExtension><gpxtpx:cad>0</gpxtpx:cad></gpxtpx:TrackPointExtension></extensions></trkpt><trkpt lat="15.2941776719" lon="73.9021496940"><ele>-0.82</ele><time>2025-11-14T04:06:35Z</time><extensions><gpxtpx:TrackPointExtension><gpxtpx:cad>0</gpxtpx:cad></gpxtpx:TrackPointExtension></extensions></trkpt><trkpt lat="15.2940887399" lon="73.9022889175"><ele>-1.30</ele><time>2025-11-14T04:06:40Z</time><extensions><gpxtpx:TrackPointExtension><gpxtpx:cad>0</gpxtpx:cad></gpxtpx:TrackPointExtension></extensions></trkpt><trkpt lat="15.2940065973" lon="73.9024159033"><ele>-1.79</ele><time>2025-11-14T04:06:45Z</time><extensions><gpxtpx:TrackPointExtension><gpxtpx:cad>0</gpxtpx:cad></gpxtpx:TrackPointExtension></extensions></trkpt><trkpt lat="15.2939183358" lon="73.9025459904"><ele>-1.79</ele><time>2025-11-14T04:06:50Z</time><extensions><gpxtpx:TrackPointExtension><gpxtpx:cad>0</gpxtpx:cad></gpxtpx:TrackPointExtension></extensions></trkpt><trkpt lat="15.2938268892" lon="73.9026755746"><ele>-1.30</ele><time>2025-11-14T04:06:55Z</time><extensions><gpxtpx:TrackPointExtension><gpxtpx:cad>0</gpxtpx:cad></gpxtpx:TrackPointExtension></extensions></trkpt><trkpt lat="15.2937271446" lon="73.9027977828"><ele>-1.30</ele><time>2025-11-14T04:07:00Z</time><extensions><gpxtpx:TrackPointExtension><gpxtpx:cad>0</gpxtpx:cad></gpxtpx:TrackPointExtension></extensions></trkpt><trkpt lat="15.2936325129" lon="73.9029170573"><ele>-1.79</ele><time>2025-11-14T04:07:05Z</time><extensions><gpxtpx:TrackPointExtension><gpxtpx:cad>0</gpxtpx:cad></gpxtpx:TrackPointExtension></extensions></trkpt><trkpt lat="15.2935306728" lon="73.9030374214"><ele>-1.30</ele><time>2025-11-14T04:07:10Z</time><extensions><gpxtpx:TrackPointExtension><gpxtpx:cad>0</gpxtpx:cad></gpxtpx:TrackPointExtension></extensions></trkpt><trkpt lat="15.2934290003" lon="73.9031644911"><ele>-0.82</ele><time>2025-11-14T04:07:15Z</time><extensions><gpxtpx:TrackPointExtension><gpxtpx:cad>0</gpxtpx:cad></gpxtpx:TrackPointExtension></extensions></trkpt><trkpt lat="15.2933374699" lon="73.9032944944"><ele>-0.82</ele><time>2025-11-14T04:07:20Z</time><extensions><gpxtpx:TrackPointExtension><gpxtpx:cad>0</gpxtpx:cad></gpxtpx:TrackPointExtension></extensions></trkpt><trkpt lat="15.2932448499" lon="73.9034218993"><ele>-1.30</ele><time>2025-11-14T04:07:25Z</time><extensions><gpxtpx:TrackPointExtension><gpxtpx:cad>0</gpxtpx:cad></gpxtpx:TrackPointExtension></extensions></trkpt><trkpt lat="15.2931562532" lon="73.9035532437"><ele>-1.79</ele><time>2025-11-14T04:07:30Z</time><extensions><gpxtpx:TrackPointExtension><gpxtpx:cad>0</gpxtpx:cad></gpxtpx:TrackPointExtension></extensions></trkpt><trkpt lat="15.2930647228" lon="73.9036886953"><ele>-2.27</ele><time>2025-11-14T04:07:35Z</time><extensions><gpxtpx:TrackPointExtension><gpxtpx:cad>0</gpxtpx:cad></gpxtpx:TrackPointExtension></extensions></trkpt><trkpt lat="15.2929721028" lon="73.9038207103"><ele>-3.23</ele><time>2025-11-14T04:07:40Z</time><extensions><gpxtpx:TrackPointExtension><gpxtpx:cad>0</gpxtpx:cad></gpxtpx:TrackPointExtension></extensions></trkpt><trkpt lat="15.2928761300" lon="73.9039446786"><ele>-3.23</ele><time>2025-11-14T04:07:45Z</time><extensions><gpxtpx:TrackPointExtension><gpxtpx:cad>0</gpxtpx:cad></gpxtpx:TrackPointExtension></extensions></trkpt><trkpt lat="15.2927618846" lon="73.9040580019"><ele>-3.23</ele><time>2025-11-14T04:07:50Z</time><extensions><gpxtpx:TrackPointExtension><gpxtpx:cad>0</gpxtpx:cad></gpxtpx:TrackPointExtension></extensions></trkpt><trkpt lat="15.2926468849" lon="73.9041608479"><ele>-3.23</ele><time>2025-11-14T04:07:55Z</time><extensions><gpxtpx:TrackPointExtension><gpxtpx:cad>0</gpxtpx:cad></gpxtpx:TrackPointExtension></extensions></trkpt><trkpt lat="15.2925053984" lon="73.9042010810"><ele>-3.23</ele><time>2025-11-14T04:08:00Z</time><extensions><gpxtpx:TrackPointExtension><gpxtpx:cad>0</gpxtpx:cad></gpxtpx:TrackPointExtension></extensions></trkpt><trkpt lat="15.2923515905" lon="73.9041797072"><ele>-2.75</ele><time>2025-11-14T04:08:05Z</time><extensions><gpxtpx:TrackPointExtension><gpxtpx:cad>0</gpxtpx:cad></gpxtpx:TrackPointExtension></extensions></trkpt><trkpt lat="15.2922060806" lon="73.9041078743"><ele>-2.75</ele><time>2025-11-14T04:08:10Z</time><extensions><gpxtpx:TrackPointExtension><gpxtpx:cad>0</gpxtpx:cad></gpxtpx:TrackPointExtension></extensions></trkpt><trkpt lat="15.2920692042" lon="73.9040231332"><ele>-2.75</ele><time>2025-11-14T04:08:15Z</time><extensions><gpxtpx:TrackPointExtension><gpxtpx:cad>0</gpxtpx:cad></gpxtpx:TrackPointExtension></extensions></trkpt><trkpt lat="15.2919306513" lon="73.9039399009"><ele>-3.71</ele><time>2025-11-14T04:08:20Z</time><extensions><gpxtpx:TrackPointExtension><gpxtpx:cad>0</gpxtpx:cad></gpxtpx:TrackPointExtension></extensions></trkpt><trkpt lat="15.2917887457" lon="73.9038564172"><ele>-2.75</ele><time>2025-11-14T04:08:25Z</time><extensions><gpxtpx:TrackPointExtension><gpxtpx:cad>0</gpxtpx:cad></gpxtpx:TrackPointExtension></extensions></trkpt><trkpt lat="15.2916515339" lon="73.9037690777"><ele>-1.79</ele><time>2025-11-14T04:08:30Z</time><extensions><gpxtpx:TrackPointExtension><gpxtpx:cad>0</gpxtpx:cad></gpxtpx:TrackPointExtension></extensions></trkpt><trkpt lat="15.2915192675" lon="73.9036810677"><ele>-1.79</ele><time>2025-11-14T04:08:35Z</time><extensions><gpxtpx:TrackPointExtension><gpxtpx:cad>0</gpxtpx:cad></gpxtpx:TrackPointExtension></extensions></trkpt><trkpt lat="15.2913868334" lon="73.9035865199"><ele>-2.75</ele><time>2025-11-14T04:08:40Z</time><extensions><gpxtpx:TrackPointExtension><gpxtpx:cad>0</gpxtpx:cad></gpxtpx:TrackPointExtension></extensions></trkpt><trkpt lat="15.2912507113" lon="73.9034899604"><ele>-2.27</ele><time>2025-11-14T04:08:45Z</time><extensions><gpxtpx:TrackPointExtension><gpxtpx:cad>0</gpxtpx:cad></gpxtpx:TrackPointExtension></extensions></trkpt><trkpt lat="15.2911166847" lon="73.9034021180"><ele>-2.75</ele><time>2025-11-14T04:08:50Z</time><extensions><gpxtpx:TrackPointExtension><gpxtpx:cad>0</gpxtpx:cad></gpxtpx:TrackPointExtension></extensions></trkpt><trkpt lat="15.2909824066" lon="73.9033092465"><ele>-2.75</ele><time>2025-11-14T04:08:55Z</time><extensions><gpxtpx:TrackPointExtension><gpxtpx:cad>0</gpxtpx:cad></gpxtpx:TrackPointExtension></extensions></trkpt><trkpt lat="15.2908529062" lon="73.9032076579"><ele>-2.75</ele><time>2025-11-14T04:09:00Z</time><extensions><gpxtpx:TrackPointExtension><gpxtpx:cad>0</gpxtpx:cad></gpxtpx:TrackPointExtension></extensions></trkpt><trkpt lat="15.2907291055" lon="73.9031010401"><ele>-2.75</ele><time>2025-11-14T04:09:05Z</time><extensions><gpxtpx:TrackPointExtension><gpxtpx:cad>0</gpxtpx:cad></gpxtpx:TrackPointExtension></extensions></trkpt><trkpt lat="15.2906009462" lon="73.9030020498"><ele>-2.75</ele><time>2025-11-14T04:09:10Z</time><extensions><gpxtpx:TrackPointExtension><gpxtpx:cad>0</gpxtpx:cad></gpxtpx:TrackPointExtension></extensions></trkpt><trkpt lat="15.2904692665" lon="73.9029066637"><ele>-3.23</ele><time>2025-11-14T04:09:15Z</time><extensions><gpxtpx:TrackPointExtension><gpxtpx:cad>0</gpxtpx:cad></gpxtpx:TrackPointExtension></extensions></trkpt><trkpt lat="15.2903331444" lon="73.9028188214"><ele>-3.23</ele><time>2025-11-14T04:09:20Z</time><extensions><gpxtpx:TrackPointExtension><gpxtpx:cad>0</gpxtpx:cad></gpxtpx:TrackPointExtension></extensions></trkpt><trkpt lat="15.2901997883" lon="73.9027272072"><ele>-3.23</ele><time>2025-11-14T04:09:25Z</time><extensions><gpxtpx:TrackPointExtension><gpxtpx:cad>0</gpxtpx:cad></gpxtpx:TrackPointExtension></extensions></trkpt><trkpt lat="15.2900691982" lon="73.9026318211"><ele>-3.23</ele><time>2025-11-14T04:09:30Z</time><extensions><gpxtpx:TrackPointExtension><gpxtpx:cad>0</gpxtpx:cad></gpxtpx:TrackPointExtension></extensions></trkpt><trkpt lat="15.2899380215" lon="73.9025352616"><ele>-3.23</ele><time>2025-11-14T04:09:35Z</time><extensions><gpxtpx:TrackPointExtension><gpxtpx:cad>0</gpxtpx:cad></gpxtpx:TrackPointExtension></extensions></trkpt><trkpt lat="15.2898096107" lon="73.9024336729"><ele>-2.75</ele><time>2025-11-14T04:09:40Z</time><extensions><gpxtpx:TrackPointExtension><gpxtpx:cad>0</gpxtpx:cad></gpxtpx:TrackPointExtension></extensions></trkpt><trkpt lat="15.2896848880" lon="73.9023268875"><ele>-2.75</ele><time>2025-11-14T04:09:45Z</time><extensions><gpxtpx:TrackPointExtension><gpxtpx:cad>0</gpxtpx:cad></gpxtpx:TrackPointExtension></extensions></trkpt><trkpt lat="15.2895619255" lon="73.9022159949"><ele>-2.75</ele><time>2025-11-14T04:09:50Z</time><extensions><gpxtpx:TrackPointExtension><gpxtpx:cad>0</gpxtpx:cad></gpxtpx:TrackPointExtension></extensions></trkpt><trkpt lat="15.2894452494" lon="73.9021013305"><ele>-2.27</ele><time>2025-11-14T04:09:55Z</time><extensions><gpxtpx:TrackPointExtension><gpxtpx:cad>0</gpxtpx:cad></gpxtpx:TrackPointExtension></extensions></trkpt><trkpt lat="15.2893365361" lon="73.9019822236"><ele>-2.27</ele><time>2025-11-14T04:10:00Z</time><extensions><gpxtpx:TrackPointExtension><gpxtpx:cad>0</gpxtpx:cad></gpxtpx:TrackPointExtension></extensions></trkpt><trkpt lat="15.2892361209" lon="73.9018476103"><ele>-1.79</ele><time>2025-11-14T04:10:05Z</time><extensions><gpxtpx:TrackPointExtension><gpxtpx:cad>0</gpxtpx:cad></gpxtpx:TrackPointExtension></extensions></trkpt><trkpt lat="15.2891398966" lon="73.9017129969"><ele>-1.79</ele><time>2025-11-14T04:10:10Z</time><extensions><gpxtpx:TrackPointExtension><gpxtpx:cad>0</gpxtpx:cad></gpxtpx:TrackPointExtension></extensions></trkpt><trkpt lat="15.2890420798" lon="73.9015833288"><ele>-1.79</ele><time>2025-11-14T04:10:15Z</time><extensions><gpxtpx:TrackPointExtension><gpxtpx:cad>0</gpxtpx:cad></gpxtpx:TrackPointExtension></extensions></trkpt><trkpt lat="15.2889404912" lon="73.9014537446"><ele>-1.30</ele><time>2025-11-14T04:10:20Z</time><extensions><gpxtpx:TrackPointExtension><gpxtpx:cad>0</gpxtpx:cad></gpxtpx:TrackPointExtension></extensions></trkpt><trkpt lat="15.2888353821" lon="73.9013290219"><ele>-1.30</ele><time>2025-11-14T04:10:25Z</time><extensions><gpxtpx:TrackPointExtension><gpxtpx:cad>0</gpxtpx:cad></gpxtpx:TrackPointExtension></extensions></trkpt><trkpt lat="15.2887249086" lon="73.9012051374"><ele>-0.82</ele><time>2025-11-14T04:10:30Z</time><extensions><gpxtpx:TrackPointExtension><gpxtpx:cad>0</gpxtpx:cad></gpxtpx:TrackPointExtension></extensions></trkpt><trkpt lat="15.2886095736" lon="73.9010846056"><ele>-0.82</ele><time>2025-11-14T04:10:35Z</time><extensions><gpxtpx:TrackPointExtension><gpxtpx:cad>0</gpxtpx:cad></gpxtpx:TrackPointExtension></extensions></trkpt><trkpt lat="15.2884870302" lon="73.9009773172"><ele>-0.82</ele><time>2025-11-14T04:10:40Z</time><extensions><gpxtpx:TrackPointExtension><gpxtpx:cad>0</gpxtpx:cad></gpxtpx:TrackPointExtension></extensions></trkpt><trkpt lat="15.2883566078" lon="73.9008808415"><ele>-1.30</ele><time>2025-11-14T04:10:45Z</time><extensions><gpxtpx:TrackPointExtension><gpxtpx:cad>0</gpxtpx:cad></gpxtpx:TrackPointExtension></extensions></trkpt><trkpt lat="15.2882196475" lon="73.9007935021"><ele>-1.30</ele><time>2025-11-14T04:10:50Z</time><extensions><gpxtpx:TrackPointExtension><gpxtpx:cad>0</gpxtpx:cad></gpxtpx:TrackPointExtension></extensions></trkpt><trkpt lat="15.2880791668" lon="73.9007102698"><ele>-1.30</ele><time>2025-11-14T04:10:55Z</time><extensions><gpxtpx:TrackPointExtension><gpxtpx:cad>0</gpxtpx:cad></gpxtpx:TrackPointExtension></extensions></trkpt><trkpt lat="15.2879344951" lon="73.9006417058"><ele>-0.82</ele><time>2025-11-14T04:11:00Z</time><extensions><gpxtpx:TrackPointExtension><gpxtpx:cad>0</gpxtpx:cad></gpxtpx:TrackPointExtension></extensions></trkpt><trkpt lat="15.2877869736" lon="73.9005822781"><ele>-0.82</ele><time>2025-11-14T04:11:05Z</time><extensions><gpxtpx:TrackPointExtension><gpxtpx:cad>0</gpxtpx:cad></gpxtpx:TrackPointExtension></extensions></trkpt><trkpt lat="15.2876432240" lon="73.9005096909"><ele>-0.82</ele><time>2025-11-14T04:11:10Z</time><extensions><gpxtpx:TrackPointExtension><gpxtpx:cad>0</gpxtpx:cad></gpxtpx:TrackPointExtension></extensions></trkpt><trkpt lat="15.2875038330" lon="73.9004293922"><ele>-0.82</ele><time>2025-11-14T04:11:15Z</time><extensions><gpxtpx:TrackPointExtension><gpxtpx:cad>0</gpxtpx:cad></gpxtpx:TrackPointExtension></extensions></trkpt><trkpt lat="15.2873662021" lon="73.9003483392"><ele>-0.82</ele><time>2025-11-14T04:11:20Z</time><extensions><gpxtpx:TrackPointExtension><gpxtpx:cad>0</gpxtpx:cad></gpxtpx:TrackPointExtension></extensions></trkpt><trkpt lat="15.2872290742" lon="73.9002636820"><ele>-0.82</ele><time>2025-11-14T04:11:25Z</time><extensions><gpxtpx:TrackPointExtension><gpxtpx:cad>0</gpxtpx:cad></gpxtpx:TrackPointExtension></extensions></trkpt><trkpt lat="15.2870914433" lon="73.9001765102"><ele>-1.30</ele><time>2025-11-14T04:11:30Z</time><extensions><gpxtpx:TrackPointExtension><gpxtpx:cad>0</gpxtpx:cad></gpxtpx:TrackPointExtension></extensions></trkpt><trkpt lat="15.2869542316" lon="73.9000953734"><ele>-0.82</ele><time>2025-11-14T04:11:35Z</time><extensions><gpxtpx:TrackPointExtension><gpxtpx:cad>0</gpxtpx:cad></gpxtpx:TrackPointExtension></extensions></trkpt><trkpt lat="15.2868093923" lon="73.9000219479"><ele>-0.34</ele><time>2025-11-14T04:11:40Z</time><extensions><gpxtpx:TrackPointExtension><gpxtpx:cad>0</gpxtpx:cad></gpxtpx:TrackPointExtension></extensions></trkpt><trkpt lat="15.2866662294" lon="73.8999609277"><ele>-0.34</ele><time>2025-11-14T04:11:45Z</time><extensions><gpxtpx:TrackPointExtension><gpxtpx:cad>0</gpxtpx:cad></gpxtpx:TrackPointExtension></extensions></trkpt><trkpt lat="15.2865175344" lon="73.8998974767"><ele>0.14</ele><time>2025-11-14T04:11:50Z</time><extensions><gpxtpx:TrackPointExtension><gpxtpx:cad>0</gpxtpx:cad></gpxtpx:TrackPointExtension></extensions></trkpt><trkpt lat="15.2863704320" lon="73.8998367917"><ele>0.14</ele><time>2025-11-14T04:11:55Z</time><extensions><gpxtpx:TrackPointExtension><gpxtpx:cad>0</gpxtpx:cad></gpxtpx:TrackPointExtension></extensions></trkpt><trkpt lat="15.2862284426" lon="73.8997595944"><ele>0.14</ele><time>2025-11-14T04:12:00Z</time><extensions><gpxtpx:TrackPointExtension><gpxtpx:cad>0</gpxtpx:cad></gpxtpx:TrackPointExtension></extensions></trkpt><trkpt lat="15.2860888839" lon="73.8996766973"><ele>-0.34</ele><time>2025-11-14T04:12:05Z</time><extensions><gpxtpx:TrackPointExtension><gpxtpx:cad>0</gpxtpx:cad></gpxtpx:TrackPointExtension></extensions></trkpt><trkpt lat="15.2859536000" lon="73.8995881006"><ele>-0.34</ele><time>2025-11-14T04:12:10Z</time><extensions><gpxtpx:TrackPointExtension><gpxtpx:cad>0</gpxtpx:cad></gpxtpx:TrackPointExtension></extensions></trkpt><trkpt lat="15.2858218364" lon="73.8994984981"><ele>-0.34</ele><time>2025-11-14T04:12:15Z</time><extensions><gpxtpx:TrackPointExtension><gpxtpx:cad>0</gpxtpx:cad></gpxtpx:TrackPointExtension></extensions></trkpt><trkpt lat="15.2856960241" lon="73.8993954845"><ele>-0.82</ele><time>2025-11-14T04:12:20Z</time><extensions><gpxtpx:TrackPointExtension><gpxtpx:cad>0</gpxtpx:cad></gpxtpx:TrackPointExtension></extensions></trkpt><trkpt lat="15.2855790127" lon="73.8992797304"><ele>-1.30</ele><time>2025-11-14T04:12:25Z</time><extensions><gpxtpx:TrackPointExtension><gpxtpx:cad>0</gpxtpx:cad></gpxtpx:TrackPointExtension></extensions></trkpt><trkpt lat="15.2854586486" lon="73.8991515711"><ele>-1.79</ele><time>2025-11-14T04:12:30Z</time><extensions><gpxtpx:TrackPointExtension><gpxtpx:cad>0</gpxtpx:cad></gpxtpx:TrackPointExtension></extensions></trkpt><trkpt lat="15.2853408828" lon="73.8990318775"><ele>-2.75</ele><time>2025-11-14T04:12:35Z</time><extensions><gpxtpx:TrackPointExtension><gpxtpx:cad>0</gpxtpx:cad></gpxtpx:TrackPointExtension></extensions></trkpt><trkpt lat="15.2852169983" lon="73.8989228290"><ele>-2.75</ele><time>2025-11-14T04:12:40Z</time><extensions><gpxtpx:TrackPointExtension><gpxtpx:cad>0</gpxtpx:cad></gpxtpx:TrackPointExtension></extensions></trkpt><trkpt lat="15.2850890905" lon="73.8988250121"><ele>-2.75</ele><time>2025-11-14T04:12:45Z</time><extensions><gpxtpx:TrackPointExtension><gpxtpx:cad>0</gpxtpx:cad></gpxtpx:TrackPointExtension></extensions></trkpt><trkpt lat="15.2849530522" lon="73.8987416960"><ele>-2.75</ele><time>2025-11-14T04:12:50Z</time><extensions><gpxtpx:TrackPointExtension><gpxtpx:cad>0</gpxtpx:cad></gpxtpx:TrackPointExtension></extensions></trkpt><trkpt lat="15.2848228812" lon="73.8986422867"><ele>-3.23</ele><time>2025-11-14T04:12:55Z</time><extensions><gpxtpx:TrackPointExtension><gpxtpx:cad>0</gpxtpx:cad></gpxtpx:TrackPointExtension></extensions></trkpt><trkpt lat="15.2847005893" lon="73.8985415362"><ele>-2.75</ele><time>2025-11-14T04:13:00Z</time><extensions><gpxtpx:TrackPointExtension><gpxtpx:cad>0</gpxtpx:cad></gpxtpx:TrackPointExtension></extensions></trkpt><trkpt lat="15.2845779620" lon="73.8984416239"><ele>-2.75</ele><time>2025-11-14T04:13:05Z</time><extensions><gpxtpx:TrackPointExtension><gpxtpx:cad>0</gpxtpx:cad></gpxtpx:TrackPointExtension></extensions></trkpt><trkpt lat="15.2844540775" lon="73.8983439747"><ele>-2.75</ele><time>2025-11-14T04:13:10Z</time><extensions><gpxtpx:TrackPointExtension><gpxtpx:cad>0</gpxtpx:cad></gpxtpx:TrackPointExtension></extensions></trkpt><trkpt lat="15.2843257505" lon="73.8982604071"><ele>-1.79</ele><time>2025-11-14T04:13:15Z</time><extensions><gpxtpx:TrackPointExtension><gpxtpx:cad>0</gpxtpx:cad></gpxtpx:TrackPointExtension></extensions></trkpt><trkpt lat="15.2841904666" lon="73.8981736545"><ele>-1.79</ele><time>2025-11-14T04:13:20Z</time><extensions><gpxtpx:TrackPointExtension><gpxtpx:cad>0</gpxtpx:cad></gpxtpx:TrackPointExtension></extensions></trkpt><trkpt lat="15.2840653248" lon="73.8980672043"><ele>-2.27</ele><time>2025-11-14T04:13:25Z</time><extensions><gpxtpx:TrackPointExtension><gpxtpx:cad>0</gpxtpx:cad></gpxtpx:TrackPointExtension></extensions></trkpt><trkpt lat="15.2839539293" lon="73.8979549706"><ele>-2.75</ele><time>2025-11-14T04:13:30Z</time><extensions><gpxtpx:TrackPointExtension><gpxtpx:cad>0</gpxtpx:cad></gpxtpx:TrackPointExtension></extensions></trkpt><trkpt lat="15.2838554420" lon="73.8978235424"><ele>-2.75</ele><time>2025-11-14T04:13:35Z</time><extensions><gpxtpx:TrackPointExtension><gpxtpx:cad>0</gpxtpx:cad></gpxtpx:TrackPointExtension></extensions></trkpt><trkpt lat="15.2837606426" lon="73.8976927008"><ele>-3.23</ele><time>2025-11-14T04:13:40Z</time><extensions><gpxtpx:TrackPointExtension><gpxtpx:cad>0</gpxtpx:cad></gpxtpx:TrackPointExtension></extensions></trkpt><trkpt lat="15.2836617362" lon="73.8975555729"><ele>-3.23</ele><time>2025-11-14T04:13:45Z</time><extensions><gpxtpx:TrackPointExtension><gpxtpx:cad>0</gpxtpx:cad></gpxtpx:TrackPointExtension></extensions></trkpt><trkpt lat="15.2835664339" lon="73.8974188641"><ele>-3.71</ele><time>2025-11-14T04:13:50Z</time><extensions><gpxtpx:TrackPointExtension><gpxtpx:cad>0</gpxtpx:cad></gpxtpx:TrackPointExtension></extensions></trkpt><trkpt lat="15.2834629174" lon="73.8972889446"><ele>-3.23</ele><time>2025-11-14T04:13:55Z</time><extensions><gpxtpx:TrackPointExtension><gpxtpx:cad>0</gpxtpx:cad></gpxtpx:TrackPointExtension></extensions></trkpt><trkpt lat="15.2833566349" lon="73.8971615396"><ele>-3.23</ele><time>2025-11-14T04:14:00Z</time><extensions><gpxtpx:TrackPointExtension><gpxtpx:cad>0</gpxtpx:cad></gpxtpx:TrackPointExtension></extensions></trkpt><trkpt lat="15.2832497656" lon="73.8970341347"><ele>-3.23</ele><time>2025-11-14T04:14:05Z</time><extensions><gpxtpx:TrackPointExtension><gpxtpx:cad>0</gpxtpx:cad></gpxtpx:TrackPointExtension></extensions></trkpt><trkpt lat="15.2831478417" lon="73.8969108369"><ele>-2.75</ele><time>2025-11-14T04:14:10Z</time><extensions><gpxtpx:TrackPointExtension><gpxtpx:cad>0</gpxtpx:cad></gpxtpx:TrackPointExtension></extensions></trkpt><trkpt lat="15.2830480132" lon="73.8967801630"><ele>-2.75</ele><time>2025-11-14T04:14:15Z</time><extensions><gpxtpx:TrackPointExtension><gpxtpx:cad>0</gpxtpx:cad></gpxtpx:TrackPointExtension></extensions></trkpt><trkpt lat="15.2829509508" lon="73.8966499921"><ele>-2.27</ele><time>2025-11-14T04:14:20Z</time><extensions><gpxtpx:TrackPointExtension><gpxtpx:cad>0</gpxtpx:cad></gpxtpx:TrackPointExtension></extensions></trkpt><trkpt lat="15.2828838117" lon="73.8965013810"><ele>-1.79</ele><time>2025-11-14T04:14:25Z</time><extensions><gpxtpx:TrackPointExtension><gpxtpx:cad>0</gpxtpx:cad></gpxtpx:TrackPointExtension></extensions></trkpt><trkpt lat="15.2828552295" lon="73.8963367604"><ele>-1.30</ele><time>2025-11-14T04:14:30Z</time><extensions><gpxtpx:TrackPointExtension><gpxtpx:cad>0</gpxtpx:cad></gpxtpx:TrackPointExtension></extensions></trkpt><trkpt lat="15.2828434110" lon="73.8961681165"><ele>-1.30</ele><time>2025-11-14T04:14:35Z</time><extensions><gpxtpx:TrackPointExtension><gpxtpx:cad>0</gpxtpx:cad></gpxtpx:TrackPointExtension></extensions></trkpt><trkpt lat="15.2827892639" lon="73.8960155658"><ele>-1.30</ele><time>2025-11-14T04:14:40Z</time><extensions><gpxtpx:TrackPointExtension><gpxtpx:cad>0</gpxtpx:cad></gpxtpx:TrackPointExtension></extensions></trkpt><trkpt lat="15.2826865017" lon="73.8958837185"><ele>-1.30</ele><time>2025-11-14T04:14:45Z</time><extensions><gpxtpx:TrackPointExtension><gpxtpx:cad>0</gpxtpx:cad></gpxtpx:TrackPointExtension></extensions></trkpt><trkpt lat="15.2825741004" lon="73.8957657013"><ele>-1.79</ele><time>2025-11-14T04:14:50Z</time><extensions><gpxtpx:TrackPointExtension><gpxtpx:cad>0</gpxtpx:cad></gpxtpx:TrackPointExtension></extensions></trkpt><trkpt lat="15.2824620344" lon="73.8956465106"><ele>-2.27</ele><time>2025-11-14T04:14:55Z</time><extensions><gpxtpx:TrackPointExtension><gpxtpx:cad>0</gpxtpx:cad></gpxtpx:TrackPointExtension></extensions></trkpt><trkpt lat="15.2823492140" lon="73.8955271523"><ele>-1.79</ele><time>2025-11-14T04:15:00Z</time><extensions><gpxtpx:TrackPointExtension><gpxtpx:cad>0</gpxtpx:cad></gpxtpx:TrackPointExtension></extensions></trkpt><trkpt lat="15.2822303586" lon="73.8954124879"><ele>-1.79</ele><time>2025-11-14T04:15:05Z</time><extensions><gpxtpx:TrackPointExtension><gpxtpx:cad>0</gpxtpx:cad></gpxtpx:TrackPointExtension></extensions></trkpt><trkpt lat="15.2821139339" lon="73.8953127433"><ele>-1.30</ele><time>2025-11-14T04:15:10Z</time><extensions><gpxtpx:TrackPointExtension><gpxtpx:cad>0</gpxtpx:cad></gpxtpx:TrackPointExtension></extensions></trkpt><trkpt lat="15.2819810808" lon="73.8952226378"><ele>-1.30</ele><time>2025-11-14T04:15:15Z</time><extensions><gpxtpx:TrackPointExtension><gpxtpx:cad>0</gpxtpx:cad></gpxtpx:TrackPointExtension></extensions></trkpt><trkpt lat="15.2818455454" lon="73.8951442670"><ele>-1.30</ele><time>2025-11-14T04:15:20Z</time><extensions><gpxtpx:TrackPointExtension><gpxtpx:cad>0</gpxtpx:cad></gpxtpx:TrackPointExtension></extensions></trkpt><trkpt lat="15.2817119379" lon="73.8950608671"><ele>-1.79</ele><time>2025-11-14T04:15:25Z</time><extensions><gpxtpx:TrackPointExtension><gpxtpx:cad>0</gpxtpx:cad></gpxtpx:TrackPointExtension></extensions></trkpt><trkpt lat="15.2815901488" lon="73.8949553389"><ele>-1.79</ele><time>2025-11-14T04:15:30Z</time><extensions><gpxtpx:TrackPointExtension><gpxtpx:cad>0</gpxtpx:cad></gpxtpx:TrackPointExtension></extensions></trkpt><trkpt lat="15.2814621571" lon="73.8948657364"><ele>-2.27</ele><time>2025-11-14T04:15:35Z</time><extensions><gpxtpx:TrackPointExtension><gpxtpx:cad>0</gpxtpx:cad></gpxtpx:TrackPointExtension></extensions></trkpt><trkpt lat="15.2813319024" lon="73.8947806600"><ele>-2.27</ele><time>2025-11-14T04:15:40Z</time><extensions><gpxtpx:TrackPointExtension><gpxtpx:cad>0</gpxtpx:cad></gpxtpx:TrackPointExtension></extensions></trkpt><trkpt lat="15.2812036593" lon="73.8946773112"><ele>-2.27</ele><time>2025-11-14T04:15:45Z</time><extensions><gpxtpx:TrackPointExtension><gpxtpx:cad>0</gpxtpx:cad></gpxtpx:TrackPointExtension></extensions></trkpt><trkpt lat="15.2810818702" lon="73.8945674244"><ele>-2.27</ele><time>2025-11-14T04:15:50Z</time><extensions><gpxtpx:TrackPointExtension><gpxtpx:cad>0</gpxtpx:cad></gpxtpx:TrackPointExtension></extensions></trkpt><trkpt lat="15.2809732407" lon="73.8944489043"><ele>-1.79</ele><time>2025-11-14T04:15:55Z</time><extensions><gpxtpx:TrackPointExtension><gpxtpx:cad>0</gpxtpx:cad></gpxtpx:TrackPointExtension></extensions></trkpt><trkpt lat="15.2808536310" lon="73.8943491597"><ele>-1.30</ele><time>2025-11-14T04:16:00Z</time><extensions><gpxtpx:TrackPointExtension><gpxtpx:cad>0</gpxtpx:cad></gpxtpx:TrackPointExtension></extensions></trkpt><trkpt lat="15.2807213645" lon="73.8942614850"><ele>-0.82</ele><time>2025-11-14T04:16:05Z</time><extensions><gpxtpx:TrackPointExtension><gpxtpx:cad>0</gpxtpx:cad></gpxtpx:TrackPointExtension></extensions></trkpt><trkpt lat="15.2805866674" lon="73.8941769954"><ele>-1.30</ele><time>2025-11-14T04:16:10Z</time><extensions><gpxtpx:TrackPointExtension><gpxtpx:cad>0</gpxtpx:cad></gpxtpx:TrackPointExtension></extensions></trkpt><trkpt lat="15.2804487012" lon="73.8940915838"><ele>-1.79</ele><time>2025-11-14T04:16:15Z</time><extensions><gpxtpx:TrackPointExtension><gpxtpx:cad>0</gpxtpx:cad></gpxtpx:TrackPointExtension></extensions></trkpt><trkpt lat="15.2803175244" lon="73.8940012269"><ele>-1.79</ele><time>2025-11-14T04:16:20Z</time><extensions><gpxtpx:TrackPointExtension><gpxtpx:cad>0</gpxtpx:cad></gpxtpx:TrackPointExtension></extensions></trkpt><trkpt lat="15.2801851742" lon="73.8939158991"><ele>-1.79</ele><time>2025-11-14T04:16:25Z</time><extensions><gpxtpx:TrackPointExtension><gpxtpx:cad>0</gpxtpx:cad></gpxtpx:TrackPointExtension></extensions></trkpt><trkpt lat="15.2800547518" lon="73.8938245364"><ele>-0.82</ele><time>2025-11-14T04:16:30Z</time><extensions><gpxtpx:TrackPointExtension><gpxtpx:cad>0</gpxtpx:cad></gpxtpx:TrackPointExtension></extensions></trkpt><trkpt lat="15.2799265087" lon="73.8937326707"><ele>-0.82</ele><time>2025-11-14T04:16:35Z</time><extensions><gpxtpx:TrackPointExtension><gpxtpx:cad>0</gpxtpx:cad></gpxtpx:TrackPointExtension></extensions></trkpt><trkpt lat="15.2797956672" lon="73.8936349377"><ele>-0.82</ele><time>2025-11-14T04:16:40Z</time><extensions><gpxtpx:TrackPointExtension><gpxtpx:cad>0</gpxtpx:cad></gpxtpx:TrackPointExtension></extensions></trkpt><trkpt lat="15.2796702739" lon="73.8935367856"><ele>-0.82</ele><time>2025-11-14T04:16:45Z</time><extensions><gpxtpx:TrackPointExtension><gpxtpx:cad>0</gpxtpx:cad></gpxtpx:TrackPointExtension></extensions></trkpt><trkpt lat="15.2795396838" lon="73.8934470993"><ele>-0.82</ele><time>2025-11-14T04:16:50Z</time><extensions><gpxtpx:TrackPointExtension><gpxtpx:cad>0</gpxtpx:cad></gpxtpx:TrackPointExtension></extensions></trkpt><trkpt lat="15.2794012986" lon="73.8933628611"><ele>-0.34</ele><time>2025-11-14T04:16:55Z</time><extensions><gpxtpx:TrackPointExtension><gpxtpx:cad>0</gpxtpx:cad></gpxtpx:TrackPointExtension></extensions></trkpt><trkpt lat="15.2792697027" lon="73.8932678103"><ele>-0.82</ele><time>2025-11-14T04:17:00Z</time><extensions><gpxtpx:TrackPointExtension><gpxtpx:cad>0</gpxtpx:cad></gpxtpx:TrackPointExtension></extensions></trkpt><trkpt lat="15.2791421302" lon="73.8931671437"><ele>-0.82</ele><time>2025-11-14T04:17:05Z</time><extensions><gpxtpx:TrackPointExtension><gpxtpx:cad>0</gpxtpx:cad></gpxtpx:TrackPointExtension></extensions></trkpt><trkpt lat="15.2790090255" lon="73.8930807263"><ele>-0.82</ele><time>2025-11-14T04:17:10Z</time><extensions><gpxtpx:TrackPointExtension><gpxtpx:cad>0</gpxtpx:cad></gpxtpx:TrackPointExtension></extensions></trkpt><trkpt lat="15.2788760047" lon="73.8929938059"><ele>-0.82</ele><time>2025-11-14T04:17:15Z</time><extensions><gpxtpx:TrackPointExtension><gpxtpx:cad>0</gpxtpx:cad></gpxtpx:TrackPointExtension></extensions></trkpt><trkpt lat="15.2787397150" lon="73.8929507229"><ele>-0.82</ele><time>2025-11-14T04:17:20Z</time><extensions><gpxtpx:TrackPointExtension><gpxtpx:cad>0</gpxtpx:cad></gpxtpx:TrackPointExtension></extensions></trkpt><trkpt lat="15.2785982285" lon="73.8929612003"><ele>-0.82</ele><time>2025-11-14T04:17:25Z</time><extensions><gpxtpx:TrackPointExtension><gpxtpx:cad>0</gpxtpx:cad></gpxtpx:TrackPointExtension></extensions></trkpt><trkpt lat="15.2784543112" lon="73.8929799758"><ele>-0.82</ele><time>2025-11-14T04:17:30Z</time><extensions><gpxtpx:TrackPointExtension><gpxtpx:cad>0</gpxtpx:cad></gpxtpx:TrackPointExtension></extensions></trkpt><trkpt lat="15.2783006709" lon="73.8929869328"><ele>-0.82</ele><time>2025-11-14T04:17:35Z</time><extensions><gpxtpx:TrackPointExtension><gpxtpx:cad>0</gpxtpx:cad></gpxtpx:TrackPointExtension></extensions></trkpt><trkpt lat="15.2781557478" lon="73.8930016849"><ele>-0.34</ele><time>2025-11-14T04:17:40Z</time><extensions><gpxtpx:TrackPointExtension><gpxtpx:cad>0</gpxtpx:cad></gpxtpx:TrackPointExtension></extensions></trkpt><trkpt lat="15.2780053765" lon="73.8930243999"><ele>-0.34</ele><time>2025-11-14T04:17:45Z</time><extensions><gpxtpx:TrackPointExtension><gpxtpx:cad>0</gpxtpx:cad></gpxtpx:TrackPointExtension></extensions></trkpt><trkpt lat="15.2778590284" lon="73.8930500485"><ele>-0.34</ele><time>2025-11-14T04:17:50Z</time><extensions><gpxtpx:TrackPointExtension><gpxtpx:cad>0</gpxtpx:cad></gpxtpx:TrackPointExtension></extensions></trkpt><trkpt lat="15.2777118422" lon="73.8930799719"><ele>0.14</ele><time>2025-11-14T04:17:55Z</time><extensions><gpxtpx:TrackPointExtension><gpxtpx:cad>0</gpxtpx:cad></gpxtpx:TrackPointExtension></extensions></trkpt><trkpt lat="15.2775712777" lon="73.8931125775"><ele>0.14</ele><time>2025-11-14T04:18:00Z</time><extensions><gpxtpx:TrackPointExtension><gpxtpx:cad>0</gpxtpx:cad></gpxtpx:TrackPointExtension></extensions></trkpt><trkpt lat="15.2774343174" lon="73.8931638747"><ele>0.14</ele><time>2025-11-14T04:18:05Z</time><extensions><gpxtpx:TrackPointExtension><gpxtpx:cad>0</gpxtpx:cad></gpxtpx:TrackPointExtension></extensions></trkpt><trkpt lat="15.2772928309" lon="73.8932129089"><ele>0.14</ele><time>2025-11-14T04:18:10Z</time><extensions><gpxtpx:TrackPointExtension><gpxtpx:cad>0</gpxtpx:cad></gpxtpx:TrackPointExtension></extensions></trkpt><trkpt lat="15.2771556191" lon="73.8932618592"><ele>-0.34</ele><time>2025-11-14T04:18:15Z</time><extensions><gpxtpx:TrackPointExtension><gpxtpx:cad>0</gpxtpx:cad></gpxtpx:TrackPointExtension></extensions></trkpt><trkpt lat="15.2770131268" lon="73.8933136594"><ele>-0.34</ele><time>2025-11-14T04:18:20Z</time><extensions><gpxtpx:TrackPointExtension><gpxtpx:cad>0</gpxtpx:cad></gpxtpx:TrackPointExtension></extensions></trkpt><trkpt lat="15.2768768370" lon="73.8933782838"><ele>-0.34</ele><time>2025-11-14T04:18:25Z</time><extensions><gpxtpx:TrackPointExtension><gpxtpx:cad>0</gpxtpx:cad></gpxtpx:TrackPointExtension></extensions></trkpt><trkpt lat="15.2767424751" lon="73.8934402261"><ele>-0.34</ele><time>2025-11-14T04:18:30Z</time><extensions><gpxtpx:TrackPointExtension><gpxtpx:cad>0</gpxtpx:cad></gpxtpx:TrackPointExtension></extensions></trkpt><trkpt lat="15.2766084485" lon="73.8934978936"><ele>-0.82</ele><time>2025-11-14T04:18:35Z</time><extensions><gpxtpx:TrackPointExtension><gpxtpx:cad>0</gpxtpx:cad></gpxtpx:TrackPointExtension></extensions></trkpt><trkpt lat="15.2764714882" lon="73.8935558964"><ele>-0.82</ele><time>2025-11-14T04:18:40Z</time><extensions><gpxtpx:TrackPointExtension><gpxtpx:cad>0</gpxtpx:cad></gpxtpx:TrackPointExtension></extensions></trkpt><trkpt lat="15.2763382159" lon="73.8936245441"><ele>-0.34</ele><time>2025-11-14T04:18:45Z</time><extensions><gpxtpx:TrackPointExtension><gpxtpx:cad>0</gpxtpx:cad></gpxtpx:TrackPointExtension></extensions></trkpt><trkpt lat="15.2762046084" lon="73.8936829660"><ele>-0.34</ele><time>2025-11-14T04:18:50Z</time><extensions><gpxtpx:TrackPointExtension><gpxtpx:cad>0</gpxtpx:cad></gpxtpx:TrackPointExtension></extensions></trkpt><trkpt lat="15.2760746051" lon="73.8937475905"><ele>-0.34</ele><time>2025-11-14T04:18:55Z</time><extensions><gpxtpx:TrackPointExtension><gpxtpx:cad>0</gpxtpx:cad></gpxtpx:TrackPointExtension></extensions></trkpt><trkpt lat="15.2759453561" lon="73.8938151486"><ele>-0.34</ele><time>2025-11-14T04:19:00Z</time><extensions><gpxtpx:TrackPointExtension><gpxtpx:cad>0</gpxtpx:cad></gpxtpx:TrackPointExtension></extensions></trkpt><trkpt lat="15.2758239023" lon="73.8938962016"><ele>-0.82</ele><time>2025-11-14T04:19:05Z</time><extensions><gpxtpx:TrackPointExtension><gpxtpx:cad>0</gpxtpx:cad></gpxtpx:TrackPointExtension></extensions></trkpt><trkpt lat="15.2756958269" lon="73.8939822838"><ele>-0.82</ele><time>2025-11-14T04:19:10Z</time><extensions><gpxtpx:TrackPointExtension><gpxtpx:cad>0</gpxtpx:cad></gpxtpx:TrackPointExtension></extensions></trkpt><trkpt lat="15.2755765524" lon="73.8940682821"><ele>-1.30</ele><time>2025-11-14T04:19:15Z</time><extensions><gpxtpx:TrackPointExtension><gpxtpx:cad>0</gpxtpx:cad></gpxtpx:TrackPointExtension></extensions></trkpt><trkpt lat="15.2754615527" lon="73.8941594772"><ele>-1.30</ele><time>2025-11-14T04:19:20Z</time><extensions><gpxtpx:TrackPointExtension><gpxtpx:cad>0</gpxtpx:cad></gpxtpx:TrackPointExtension></extensions></trkpt><trkpt lat="15.2753404342" lon="73.8942400273"><ele>-1.30</ele><time>2025-11-14T04:19:25Z</time><extensions><gpxtpx:TrackPointExtension><gpxtpx:cad>0</gpxtpx:cad></gpxtpx:TrackPointExtension></extensions></trkpt><trkpt lat="15.2752189804" lon="73.8943175599"><ele>-1.30</ele><time>2025-11-14T04:19:30Z</time><extensions><gpxtpx:TrackPointExtension><gpxtpx:cad>0</gpxtpx:cad></gpxtpx:TrackPointExtension></extensions></trkpt><trkpt lat="15.2750882227" lon="73.8943970203"><ele>-1.30</ele><time>2025-11-14T04:19:35Z</time><extensions><gpxtpx:TrackPointExtension><gpxtpx:cad>0</gpxtpx:cad></gpxtpx:TrackPointExtension></extensions></trkpt><trkpt lat="15.2749682777" lon="73.8944695238"><ele>-1.30</ele><time>2025-11-14T04:19:40Z</time><extensions><gpxtpx:TrackPointExtension><gpxtpx:cad>0</gpxtpx:cad></gpxtpx:TrackPointExtension></extensions></trkpt><trkpt lat="15.2748427168" lon="73.8945422787"><ele>-1.30</ele><time>2025-11-14T04:19:45Z</time><extensions><gpxtpx:TrackPointExtension><gpxtpx:cad>0</gpxtpx:cad></gpxtpx:TrackPointExtension></extensions></trkpt><trkpt lat="15.2747085225" lon="73.8946106751"><ele>-1.30</ele><time>2025-11-14T04:19:50Z</time><extensions><gpxtpx:TrackPointExtension><gpxtpx:cad>0</gpxtpx:cad></gpxtpx:TrackPointExtension></extensions></trkpt><trkpt lat="15.2745747473" lon="73.8946790714"><ele>-1.79</ele><time>2025-11-14T04:19:55Z</time><extensions><gpxtpx:TrackPointExtension><gpxtpx:cad>0</gpxtpx:cad></gpxtpx:TrackPointExtension></extensions></trkpt><trkpt lat="15.2744395472" lon="73.8947490603"><ele>-2.27</ele><time>2025-11-14T04:20:00Z</time><extensions><gpxtpx:TrackPointExtension><gpxtpx:cad>0</gpxtpx:cad></gpxtpx:TrackPointExtension></extensions></trkpt><trkpt lat="15.2743047662" lon="73.8948192168"><ele>-1.30</ele><time>2025-11-14T04:20:05Z</time><extensions><gpxtpx:TrackPointExtension><gpxtpx:cad>0</gpxtpx:cad></gpxtpx:TrackPointExtension></extensions></trkpt><trkpt lat="15.2741800435" lon="73.8948959112"><ele>0.14</ele><time>2025-11-14T04:20:10Z</time><extensions><gpxtpx:TrackPointExtension><gpxtpx:cad>0</gpxtpx:cad></gpxtpx:TrackPointExtension></extensions></trkpt><trkpt lat="15.2740535606" lon="73.8949740306"><ele>0.14</ele><time>2025-11-14T04:20:15Z</time><extensions><gpxtpx:TrackPointExtension><gpxtpx:cad>0</gpxtpx:cad></gpxtpx:TrackPointExtension></extensions></trkpt><trkpt lat="15.2739141695" lon="73.8950376492"><ele>0.62</ele><time>2025-11-14T04:20:20Z</time><extensions><gpxtpx:TrackPointExtension><gpxtpx:cad>0</gpxtpx:cad></gpxtpx:TrackPointExtension></extensions></trkpt><trkpt lat="15.2737766225" lon="73.8950980827"><ele>0.62</ele><time>2025-11-14T04:20:25Z</time><extensions><gpxtpx:TrackPointExtension><gpxtpx:cad>0</gpxtpx:cad></gpxtpx:TrackPointExtension></extensions></trkpt><trkpt lat="15.2736481279" lon="73.8951694127"><ele>0.62</ele><time>2025-11-14T04:20:30Z</time><extensions><gpxtpx:TrackPointExtension><gpxtpx:cad>0</gpxtpx:cad></gpxtpx:TrackPointExtension></extensions></trkpt><trkpt lat="15.2735134307" lon="73.8952389825"><ele>0.14</ele><time>2025-11-14T04:20:35Z</time><extensions><gpxtpx:TrackPointExtension><gpxtpx:cad>0</gpxtpx:cad></gpxtpx:TrackPointExtension></extensions></trkpt><trkpt lat="15.2733825892" lon="73.8953054510"><ele>0.14</ele><time>2025-11-14T04:20:40Z</time><extensions><gpxtpx:TrackPointExtension><gpxtpx:cad>0</gpxtpx:cad></gpxtpx:TrackPointExtension></extensions></trkpt><trkpt lat="15.2732525021" lon="73.8953840733"><ele>-0.34</ele><time>2025-11-14T04:20:45Z</time><extensions><gpxtpx:TrackPointExtension><gpxtpx:cad>0</gpxtpx:cad></gpxtpx:TrackPointExtension></extensions></trkpt><trkpt lat="15.2731239237" lon="73.8954613544"><ele>0.14</ele><time>2025-11-14T04:20:50Z</time><extensions><gpxtpx:TrackPointExtension><gpxtpx:cad>0</gpxtpx:cad></gpxtpx:TrackPointExtension></extensions></trkpt><trkpt lat="15.2729918249" lon="73.8955409825"><ele>-0.34</ele><time>2025-11-14T04:20:55Z</time><extensions><gpxtpx:TrackPointExtension><gpxtpx:cad>0</gpxtpx:cad></gpxtpx:TrackPointExtension></extensions></trkpt><trkpt lat="15.2728693653" lon="73.8956229575"><ele>0.14</ele><time>2025-11-14T04:21:00Z</time><extensions><gpxtpx:TrackPointExtension><gpxtpx:cad>0</gpxtpx:cad></gpxtpx:TrackPointExtension></extensions></trkpt><trkpt lat="15.2727424633" lon="73.8957019150"><ele>0.14</ele><time>2025-11-14T04:21:05Z</time><extensions><gpxtpx:TrackPointExtension><gpxtpx:cad>0</gpxtpx:cad></gpxtpx:TrackPointExtension></extensions></trkpt><trkpt lat="15.2726148069" lon="73.8957771007"><ele>0.14</ele><time>2025-11-14T04:21:10Z</time><extensions><gpxtpx:TrackPointExtension><gpxtpx:cad>0</gpxtpx:cad></gpxtpx:TrackPointExtension></extensions></trkpt><trkpt lat="15.2724867314" lon="73.8958518673"><ele>0.14</ele><time>2025-11-14T04:21:15Z</time><extensions><gpxtpx:TrackPointExtension><gpxtpx:cad>0</gpxtpx:cad></gpxtpx:TrackPointExtension></extensions></trkpt><trkpt lat="15.2723530401" lon="73.8959257957"><ele>0.14</ele><time>2025-11-14T04:21:20Z</time><extensions><gpxtpx:TrackPointExtension><gpxtpx:cad>0</gpxtpx:cad></gpxtpx:TrackPointExtension></extensions></trkpt><trkpt lat="15.2722219471" lon="73.8959979638"><ele>0.62</ele><time>2025-11-14T04:21:25Z</time><extensions><gpxtpx:TrackPointExtension><gpxtpx:cad>0</gpxtpx:cad></gpxtpx:TrackPointExtension></extensions></trkpt><trkpt lat="15.2720900159" lon="73.8960705511"><ele>1.10</ele><time>2025-11-14T04:21:30Z</time><extensions><gpxtpx:TrackPointExtension><gpxtpx:cad>0</gpxtpx:cad></gpxtpx:TrackPointExtension></extensions></trkpt><trkpt lat="15.2719618566" lon="73.8961444795"><ele>1.10</ele><time>2025-11-14T04:21:35Z</time><extensions><gpxtpx:TrackPointExtension><gpxtpx:cad>0</gpxtpx:cad></gpxtpx:TrackPointExtension></extensions></trkpt><trkpt lat="15.2718294226" lon="73.8962258678"><ele>1.58</ele><time>2025-11-14T04:21:40Z</time><extensions><gpxtpx:TrackPointExtension><gpxtpx:cad>0</gpxtpx:cad></gpxtpx:TrackPointExtension></extensions></trkpt><trkpt lat="15.2717080526" lon="73.8963101897"><ele>1.58</ele><time>2025-11-14T04:21:45Z</time><extensions><gpxtpx:TrackPointExtension><gpxtpx:cad>0</gpxtpx:cad></gpxtpx:TrackPointExtension></extensions></trkpt><trkpt lat="15.2715836652" lon="73.8963976968"><ele>1.58</ele><time>2025-11-14T04:21:50Z</time><extensions><gpxtpx:TrackPointExtension><gpxtpx:cad>0</gpxtpx:cad></gpxtpx:TrackPointExtension></extensions></trkpt><trkpt lat="15.2714474592" lon="73.8964632433"><ele>1.10</ele><time>2025-11-14T04:21:55Z</time><extensions><gpxtpx:TrackPointExtension><gpxtpx:cad>0</gpxtpx:cad></gpxtpx:TrackPointExtension></extensions></trkpt><trkpt lat="15.2713151928" lon="73.8965249341"><ele>1.10</ele><time>2025-11-14T04:22:00Z</time><extensions><gpxtpx:TrackPointExtension><gpxtpx:cad>0</gpxtpx:cad></gpxtpx:TrackPointExtension></extensions></trkpt><trkpt lat="15.2711780649" lon="73.8965762313"><ele>1.10</ele><time>2025-11-14T04:22:05Z</time><extensions><gpxtpx:TrackPointExtension><gpxtpx:cad>0</gpxtpx:cad></gpxtpx:TrackPointExtension></extensions></trkpt><trkpt lat="15.2710332256" lon="73.8966274448"><ele>1.10</ele><time>2025-11-14T04:22:10Z</time><extensions><gpxtpx:TrackPointExtension><gpxtpx:cad>0</gpxtpx:cad></gpxtpx:TrackPointExtension></extensions></trkpt><trkpt lat="15.2708945051" lon="73.8966871239"><ele>1.10</ele><time>2025-11-14T04:22:15Z</time><extensions><gpxtpx:TrackPointExtension><gpxtpx:cad>0</gpxtpx:cad></gpxtpx:TrackPointExtension></extensions></trkpt><trkpt lat="15.2707596403" lon="73.8967485633"><ele>1.58</ele><time>2025-11-14T04:22:20Z</time><extensions><gpxtpx:TrackPointExtension><gpxtpx:cad>0</gpxtpx:cad></gpxtpx:TrackPointExtension></extensions></trkpt><trkpt lat="15.2706169803" lon="73.8968028780"><ele>1.58</ele><time>2025-11-14T04:22:25Z</time><extensions><gpxtpx:TrackPointExtension><gpxtpx:cad>0</gpxtpx:cad></gpxtpx:TrackPointExtension></extensions></trkpt><trkpt lat="15.2704769187" lon="73.8968576957"><ele>1.58</ele><time>2025-11-14T04:22:30Z</time><extensions><gpxtpx:TrackPointExtension><gpxtpx:cad>0</gpxtpx:cad></gpxtpx:TrackPointExtension></extensions></trkpt><trkpt lat="15.2703355998" lon="73.8969191350"><ele>1.58</ele><time>2025-11-14T04:22:35Z</time><extensions><gpxtpx:TrackPointExtension><gpxtpx:cad>0</gpxtpx:cad></gpxtpx:TrackPointExtension></extensions></trkpt><trkpt lat="15.2702013217" lon="73.8969767187"><ele>1.58</ele><time>2025-11-14T04:22:40Z</time><extensions><gpxtpx:TrackPointExtension><gpxtpx:cad>0</gpxtpx:cad></gpxtpx:TrackPointExtension></extensions></trkpt><trkpt lat="15.2700622659" lon="73.8970397506"><ele>1.58</ele><time>2025-11-14T04:22:45Z</time><extensions><gpxtpx:TrackPointExtension><gpxtpx:cad>0</gpxtpx:cad></gpxtpx:TrackPointExtension></extensions></trkpt><trkpt lat="15.2699194383" lon="73.8970901258"><ele>1.58</ele><time>2025-11-14T04:22:50Z</time><extensions><gpxtpx:TrackPointExtension><gpxtpx:cad>0</gpxtpx:cad></gpxtpx:TrackPointExtension></extensions></trkpt><trkpt lat="15.2697779518" lon="73.8971428480"><ele>2.06</ele><time>2025-11-14T04:22:55Z</time><extensions><gpxtpx:TrackPointExtension><gpxtpx:cad>0</gpxtpx:cad></gpxtpx:TrackPointExtension></extensions></trkpt><trkpt lat="15.2696393151" lon="73.8972009346"><ele>2.06</ele><time>2025-11-14T04:23:00Z</time><extensions><gpxtpx:TrackPointExtension><gpxtpx:cad>0</gpxtpx:cad></gpxtpx:TrackPointExtension></extensions></trkpt><trkpt lat="15.2694989182" lon="73.8972545788"><ele>1.58</ele><time>2025-11-14T04:23:05Z</time><extensions><gpxtpx:TrackPointExtension><gpxtpx:cad>0</gpxtpx:cad></gpxtpx:TrackPointExtension></extensions></trkpt><trkpt lat="15.2693624608" lon="73.8973090611"><ele>1.58</ele><time>2025-11-14T04:23:10Z</time><extensions><gpxtpx:TrackPointExtension><gpxtpx:cad>0</gpxtpx:cad></gpxtpx:TrackPointExtension></extensions></trkpt><trkpt lat="15.2692242432" lon="73.8973634597"><ele>1.58</ele><time>2025-11-14T04:23:15Z</time><extensions><gpxtpx:TrackPointExtension><gpxtpx:cad>0</gpxtpx:cad></gpxtpx:TrackPointExtension></extensions></trkpt><trkpt lat="15.2690908033" lon="73.8974309340"><ele>2.06</ele><time>2025-11-14T04:23:20Z</time><extensions><gpxtpx:TrackPointExtension><gpxtpx:cad>0</gpxtpx:cad></gpxtpx:TrackPointExtension></extensions></trkpt><trkpt lat="15.2689504903" lon="73.8974887691"><ele>1.58</ele><time>2025-11-14T04:23:25Z</time><extensions><gpxtpx:TrackPointExtension><gpxtpx:cad>0</gpxtpx:cad></gpxtpx:TrackPointExtension></extensions></trkpt><trkpt lat="15.2688222472" lon="73.8975548185"><ele>1.10</ele><time>2025-11-14T04:23:30Z</time><extensions><gpxtpx:TrackPointExtension><gpxtpx:cad>0</gpxtpx:cad></gpxtpx:TrackPointExtension></extensions></trkpt><trkpt lat="15.2686915733" lon="73.8976276573"><ele>2.06</ele><time>2025-11-14T04:23:35Z</time><extensions><gpxtpx:TrackPointExtension><gpxtpx:cad>0</gpxtpx:cad></gpxtpx:TrackPointExtension></extensions></trkpt><trkpt lat="15.2685598936" lon="73.8976942096"><ele>2.06</ele><time>2025-11-14T04:23:40Z</time><extensions><gpxtpx:TrackPointExtension><gpxtpx:cad>0</gpxtpx:cad></gpxtpx:TrackPointExtension></extensions></trkpt><trkpt lat="15.2684363443" lon="73.8977758493"><ele>2.06</ele><time>2025-11-14T04:23:45Z</time><extensions><gpxtpx:TrackPointExtension><gpxtpx:cad>0</gpxtpx:cad></gpxtpx:TrackPointExtension></extensions></trkpt><trkpt lat="15.2683096100" lon="73.8978601713"><ele>1.58</ele><time>2025-11-14T04:23:50Z</time><extensions><gpxtpx:TrackPointExtension><gpxtpx:cad>0</gpxtpx:cad></gpxtpx:TrackPointExtension></extensions></trkpt><trkpt lat="15.2681980468" lon="73.8979575690"><ele>1.10</ele><time>2025-11-14T04:23:55Z</time><extensions><gpxtpx:TrackPointExtension><gpxtpx:cad>0</gpxtpx:cad></gpxtpx:TrackPointExtension></extensions></trkpt><trkpt lat="15.2681081090" lon="73.8980749156"><ele>1.10</ele><time>2025-11-14T04:24:00Z</time><extensions><gpxtpx:TrackPointExtension><gpxtpx:cad>0</gpxtpx:cad></gpxtpx:TrackPointExtension></extensions></trkpt><trkpt lat="15.2680242900" lon="73.8981929328"><ele>1.10</ele><time>2025-11-14T04:24:05Z</time><extensions><gpxtpx:TrackPointExtension><gpxtpx:cad>0</gpxtpx:cad></gpxtpx:TrackPointExtension></extensions></trkpt><trkpt lat="15.2679313347" lon="73.8983140513"><ele>1.58</ele><time>2025-11-14T04:24:10Z</time><extensions><gpxtpx:TrackPointExtension><gpxtpx:cad>0</gpxtpx:cad></gpxtpx:TrackPointExtension></extensions></trkpt><trkpt lat="15.2678356972" lon="73.8984320685"><ele>1.58</ele><time>2025-11-14T04:24:15Z</time><extensions><gpxtpx:TrackPointExtension><gpxtpx:cad>0</gpxtpx:cad></gpxtpx:TrackPointExtension></extensions></trkpt><trkpt lat="15.2677316777" lon="73.8985483255"><ele>1.10</ele><time>2025-11-14T04:24:20Z</time><extensions><gpxtpx:TrackPointExtension><gpxtpx:cad>0</gpxtpx:cad></gpxtpx:TrackPointExtension></extensions></trkpt><trkpt lat="15.2676333580" lon="73.8986587990"><ele>0.62</ele><time>2025-11-14T04:24:25Z</time><extensions><gpxtpx:TrackPointExtension><gpxtpx:cad>0</gpxtpx:cad></gpxtpx:TrackPointExtension></extensions></trkpt><trkpt lat="15.2675291710" lon="73.8987732120"><ele>0.62</ele><time>2025-11-14T04:24:30Z</time><extensions><gpxtpx:TrackPointExtension><gpxtpx:cad>0</gpxtpx:cad></gpxtpx:TrackPointExtension></extensions></trkpt><trkpt lat="15.2674194518" lon="73.8988807518"><ele>0.14</ele><time>2025-11-14T04:24:35Z</time><extensions><gpxtpx:TrackPointExtension><gpxtpx:cad>0</gpxtpx:cad></gpxtpx:TrackPointExtension></extensions></trkpt><trkpt lat="15.2673132531" lon="73.8989861961"><ele>0.14</ele><time>2025-11-14T04:24:40Z</time><extensions><gpxtpx:TrackPointExtension><gpxtpx:cad>0</gpxtpx:cad></gpxtpx:TrackPointExtension></extensions></trkpt><trkpt lat="15.2672086470" lon="73.8990934007"><ele>0.14</ele><time>2025-11-14T04:24:45Z</time><extensions><gpxtpx:TrackPointExtension><gpxtpx:cad>0</gpxtpx:cad></gpxtpx:TrackPointExtension></extensions></trkpt><trkpt lat="15.2670903783" lon="73.8991916366"><ele>-0.34</ele><time>2025-11-14T04:24:50Z</time><extensions><gpxtpx:TrackPointExtension><gpxtpx:cad>0</gpxtpx:cad></gpxtpx:TrackPointExtension></extensions></trkpt><trkpt lat="15.2669730317" lon="73.8992886990"><ele>0.14</ele><time>2025-11-14T04:24:55Z</time><extensions><gpxtpx:TrackPointExtension><gpxtpx:cad>0</gpxtpx:cad></gpxtpx:TrackPointExtension></extensions></trkpt><trkpt lat="15.2668516617" lon="73.8993729372"><ele>0.14</ele><time>2025-11-14T04:25:00Z</time><extensions><gpxtpx:TrackPointExtension><gpxtpx:cad>0</gpxtpx:cad></gpxtpx:TrackPointExtension></extensions></trkpt><trkpt lat="15.2667173836" lon="73.8994508050"><ele>0.14</ele><time>2025-11-14T04:25:05Z</time><extensions><gpxtpx:TrackPointExtension><gpxtpx:cad>0</gpxtpx:cad></gpxtpx:TrackPointExtension></extensions></trkpt><trkpt lat="15.2665883023" lon="73.8995331991"><ele>0.62</ele><time>2025-11-14T04:25:10Z</time><extensions><gpxtpx:TrackPointExtension><gpxtpx:cad>0</gpxtpx:cad></gpxtpx:TrackPointExtension></extensions></trkpt><trkpt lat="15.2664653398" lon="73.8996171020"><ele>1.10</ele><time>2025-11-14T04:25:15Z</time><extensions><gpxtpx:TrackPointExtension><gpxtpx:cad>0</gpxtpx:cad></gpxtpx:TrackPointExtension></extensions></trkpt><trkpt lat="15.2663460653" lon="73.8996971492"><ele>0.62</ele><time>2025-11-14T04:25:20Z</time><extensions><gpxtpx:TrackPointExtension><gpxtpx:cad>0</gpxtpx:cad></gpxtpx:TrackPointExtension></extensions></trkpt><trkpt lat="15.2662235219" lon="73.8997802138"><ele>0.62</ele><time>2025-11-14T04:25:25Z</time><extensions><gpxtpx:TrackPointExtension><gpxtpx:cad>0</gpxtpx:cad></gpxtpx:TrackPointExtension></extensions></trkpt><trkpt lat="15.2660989668" lon="73.8998600934"><ele>0.14</ele><time>2025-11-14T04:25:30Z</time><extensions><gpxtpx:TrackPointExtension><gpxtpx:cad>0</gpxtpx:cad></gpxtpx:TrackPointExtension></extensions></trkpt><trkpt lat="15.2659750823" lon="73.8999385480"><ele>0.14</ele><time>2025-11-14T04:25:35Z</time><extensions><gpxtpx:TrackPointExtension><gpxtpx:cad>0</gpxtpx:cad></gpxtpx:TrackPointExtension></extensions></trkpt><trkpt lat="15.2658462524" lon="73.9000201877"><ele>0.14</ele><time>2025-11-14T04:25:40Z</time><extensions><gpxtpx:TrackPointExtension><gpxtpx:cad>0</gpxtpx:cad></gpxtpx:TrackPointExtension></extensions></trkpt><trkpt lat="15.2657175902" lon="73.9000999834"><ele>0.62</ele><time>2025-11-14T04:25:45Z</time><extensions><gpxtpx:TrackPointExtension><gpxtpx:cad>0</gpxtpx:cad></gpxtpx:TrackPointExtension></extensions></trkpt><trkpt lat="15.2655954659" lon="73.9001804497"><ele>0.62</ele><time>2025-11-14T04:25:50Z</time><extensions><gpxtpx:TrackPointExtension><gpxtpx:cad>0</gpxtpx:cad></gpxtpx:TrackPointExtension></extensions></trkpt><trkpt lat="15.2654738445" lon="73.9002700523"><ele>0.62</ele><time>2025-11-14T04:25:55Z</time><extensions><gpxtpx:TrackPointExtension><gpxtpx:cad>0</gpxtpx:cad></gpxtpx:TrackPointExtension></extensions></trkpt><trkpt lat="15.2653518878" lon="73.9003650192"><ele>0.62</ele><time>2025-11-14T04:26:00Z</time><extensions><gpxtpx:TrackPointExtension><gpxtpx:cad>0</gpxtpx:cad></gpxtpx:TrackPointExtension></extensions></trkpt><trkpt lat="15.2652330324" lon="73.9004559629"><ele>1.10</ele><time>2025-11-14T04:26:05Z</time><extensions><gpxtpx:TrackPointExtension><gpxtpx:cad>0</gpxtpx:cad></gpxtpx:TrackPointExtension></extensions></trkpt><trkpt lat="15.2651118301" lon="73.9005450625"><ele>1.10</ele><time>2025-11-14T04:26:10Z</time><extensions><gpxtpx:TrackPointExtension><gpxtpx:cad>0</gpxtpx:cad></gpxtpx:TrackPointExtension></extensions></trkpt><trkpt lat="15.2649934776" lon="73.9006357547"><ele>0.62</ele><time>2025-11-14T04:26:15Z</time><extensions><gpxtpx:TrackPointExtension><gpxtpx:cad>0</gpxtpx:cad></gpxtpx:TrackPointExtension></extensions></trkpt><trkpt lat="15.2648724429" lon="73.9007206634"><ele>0.62</ele><time>2025-11-14T04:26:20Z</time><extensions><gpxtpx:TrackPointExtension><gpxtpx:cad>0</gpxtpx:cad></gpxtpx:TrackPointExtension></extensions></trkpt><trkpt lat="15.2647455409" lon="73.9008028898"><ele>1.10</ele><time>2025-11-14T04:26:25Z</time><extensions><gpxtpx:TrackPointExtension><gpxtpx:cad>0</gpxtpx:cad></gpxtpx:TrackPointExtension></extensions></trkpt><trkpt lat="15.2646207344" lon="73.9008857869"><ele>1.10</ele><time>2025-11-14T04:26:30Z</time><extensions><gpxtpx:TrackPointExtension><gpxtpx:cad>0</gpxtpx:cad></gpxtpx:TrackPointExtension></extensions></trkpt><trkpt lat="15.2644863725" lon="73.9009582065"><ele>1.10</ele><time>2025-11-14T04:26:35Z</time><extensions><gpxtpx:TrackPointExtension><gpxtpx:cad>0</gpxtpx:cad></gpxtpx:TrackPointExtension></extensions></trkpt><trkpt lat="15.2643534355" lon="73.9010276925"><ele>1.58</ele><time>2025-11-14T04:26:40Z</time><extensions><gpxtpx:TrackPointExtension><gpxtpx:cad>0</gpxtpx:cad></gpxtpx:TrackPointExtension></extensions></trkpt><trkpt lat="15.2642233483" lon="73.9010987710"><ele>1.10</ele><time>2025-11-14T04:26:45Z</time><extensions><gpxtpx:TrackPointExtension><gpxtpx:cad>0</gpxtpx:cad></gpxtpx:TrackPointExtension></extensions></trkpt><trkpt lat="15.2640918363" lon="73.9011805784"><ele>1.58</ele><time>2025-11-14T04:26:50Z</time><extensions><gpxtpx:TrackPointExtension><gpxtpx:cad>0</gpxtpx:cad></gpxtpx:TrackPointExtension></extensions></trkpt><trkpt lat="15.2639650181" lon="73.9012669120"><ele>1.58</ele><time>2025-11-14T04:26:55Z</time><extensions><gpxtpx:TrackPointExtension><gpxtpx:cad>0</gpxtpx:cad></gpxtpx:TrackPointExtension></extensions></trkpt><trkpt lat="15.2638432290" lon="73.9013516530"><ele>1.58</ele><time>2025-11-14T04:27:00Z</time><extensions><gpxtpx:TrackPointExtension><gpxtpx:cad>0</gpxtpx:cad></gpxtpx:TrackPointExtension></extensions></trkpt><trkpt lat="15.2637402993" lon="73.9014503919"><ele>1.58</ele><time>2025-11-14T04:27:05Z</time><extensions><gpxtpx:TrackPointExtension><gpxtpx:cad>0</gpxtpx:cad></gpxtpx:TrackPointExtension></extensions></trkpt><trkpt lat="15.2636457514" lon="73.9015684091"><ele>1.10</ele><time>2025-11-14T04:27:10Z</time><extensions><gpxtpx:TrackPointExtension><gpxtpx:cad>0</gpxtpx:cad></gpxtpx:TrackPointExtension></extensions></trkpt><trkpt lat="15.2635538857" lon="73.9016731828"><ele>1.10</ele><time>2025-11-14T04:27:15Z</time><extensions><gpxtpx:TrackPointExtension><gpxtpx:cad>0</gpxtpx:cad></gpxtpx:TrackPointExtension></extensions></trkpt><trkpt lat="15.2634555660" lon="73.9017955586"><ele>0.62</ele><time>2025-11-14T04:27:20Z</time><extensions><gpxtpx:TrackPointExtension><gpxtpx:cad>0</gpxtpx:cad></gpxtpx:TrackPointExtension></extensions></trkpt><trkpt lat="15.2633593418" lon="73.9019129053"><ele>0.62</ele><time>2025-11-14T04:27:25Z</time><extensions><gpxtpx:TrackPointExtension><gpxtpx:cad>0</gpxtpx:cad></gpxtpx:TrackPointExtension></extensions></trkpt><trkpt lat="15.2632578369" lon="73.9020238817"><ele>0.62</ele><time>2025-11-14T04:27:30Z</time><extensions><gpxtpx:TrackPointExtension><gpxtpx:cad>0</gpxtpx:cad></gpxtpx:TrackPointExtension></extensions></trkpt><trkpt lat="15.2631531470" lon="73.9021344390"><ele>0.62</ele><time>2025-11-14T04:27:35Z</time><extensions><gpxtpx:TrackPointExtension><gpxtpx:cad>0</gpxtpx:cad></gpxtpx:TrackPointExtension></extensions></trkpt><trkpt lat="15.2630444337" lon="73.9022441581"><ele>0.62</ele><time>2025-11-14T04:27:40Z</time><extensions><gpxtpx:TrackPointExtension><gpxtpx:cad>0</gpxtpx:cad></gpxtpx:TrackPointExtension></extensions></trkpt><trkpt lat="15.2629405819" lon="73.9023516141"><ele>0.62</ele><time>2025-11-14T04:27:45Z</time><extensions><gpxtpx:TrackPointExtension><gpxtpx:cad>0</gpxtpx:cad></gpxtpx:TrackPointExtension></extensions></trkpt><trkpt lat="15.2628306951" lon="73.9024602436"><ele>0.62</ele><time>2025-11-14T04:27:50Z</time><extensions><gpxtpx:TrackPointExtension><gpxtpx:cad>0</gpxtpx:cad></gpxtpx:TrackPointExtension></extensions></trkpt><trkpt lat="15.2627239097" lon="73.9025658555"><ele>0.62</ele><time>2025-11-14T04:27:55Z</time><extensions><gpxtpx:TrackPointExtension><gpxtpx:cad>0</gpxtpx:cad></gpxtpx:TrackPointExtension></extensions></trkpt><trkpt lat="15.2626113407" lon="73.9026736468"><ele>0.62</ele><time>2025-11-14T04:28:00Z</time><extensions><gpxtpx:TrackPointExtension><gpxtpx:cad>0</gpxtpx:cad></gpxtpx:TrackPointExtension></extensions></trkpt><trkpt lat="15.2624984365" lon="73.9027800132"><ele>0.62</ele><time>2025-11-14T04:28:05Z</time><extensions><gpxtpx:TrackPointExtension><gpxtpx:cad>0</gpxtpx:cad></gpxtpx:TrackPointExtension></extensions></trkpt><trkpt lat="15.2623927407" lon="73.9028931689"><ele>1.10</ele><time>2025-11-14T04:28:10Z</time><extensions><gpxtpx:TrackPointExtension><gpxtpx:cad>0</gpxtpx:cad></gpxtpx:TrackPointExtension></extensions></trkpt><trkpt lat="15.2622863743" lon="73.9030041452"><ele>1.58</ele><time>2025-11-14T04:28:15Z</time><extensions><gpxtpx:TrackPointExtension><gpxtpx:cad>0</gpxtpx:cad></gpxtpx:TrackPointExtension></extensions></trkpt><trkpt lat="15.2621818520" lon="73.9031084161"><ele>1.10</ele><time>2025-11-14T04:28:20Z</time><extensions><gpxtpx:TrackPointExtension><gpxtpx:cad>0</gpxtpx:cad></gpxtpx:TrackPointExtension></extensions></trkpt><trkpt lat="15.2620731387" lon="73.9032256790"><ele>1.10</ele><time>2025-11-14T04:28:25Z</time><extensions><gpxtpx:TrackPointExtension><gpxtpx:cad>0</gpxtpx:cad></gpxtpx:TrackPointExtension></extensions></trkpt><trkpt lat="15.2619697060" lon="73.9033348951"><ele>1.58</ele><time>2025-11-14T04:28:30Z</time><extensions><gpxtpx:TrackPointExtension><gpxtpx:cad>0</gpxtpx:cad></gpxtpx:TrackPointExtension></extensions></trkpt><trkpt lat="15.2618619148" lon="73.9034418482"><ele>1.58</ele><time>2025-11-14T04:28:35Z</time><extensions><gpxtpx:TrackPointExtension><gpxtpx:cad>0</gpxtpx:cad></gpxtpx:TrackPointExtension></extensions></trkpt><trkpt lat="15.2617574763" lon="73.9035537466"><ele>1.58</ele><time>2025-11-14T04:28:40Z</time><extensions><gpxtpx:TrackPointExtension><gpxtpx:cad>0</gpxtpx:cad></gpxtpx:TrackPointExtension></extensions></trkpt><trkpt lat="15.2616611682" lon="73.9036733564"><ele>1.10</ele><time>2025-11-14T04:28:45Z</time><extensions><gpxtpx:TrackPointExtension><gpxtpx:cad>0</gpxtpx:cad></gpxtpx:TrackPointExtension></extensions></trkpt><trkpt lat="15.2615563944" lon="73.9037888590"><ele>1.10</ele><time>2025-11-14T04:28:50Z</time><extensions><gpxtpx:TrackPointExtension><gpxtpx:cad>0</gpxtpx:cad></gpxtpx:TrackPointExtension></extensions></trkpt><trkpt lat="15.2614513692" lon="73.9039006736"><ele>0.62</ele><time>2025-11-14T04:28:55Z</time><extensions><gpxtpx:TrackPointExtension><gpxtpx:cad>0</gpxtpx:cad></gpxtpx:TrackPointExtension></extensions></trkpt><trkpt lat="15.2613606770" lon="73.9040172659"><ele>0.62</ele><time>2025-11-14T04:29:00Z</time><extensions><gpxtpx:TrackPointExtension><gpxtpx:cad>0</gpxtpx:cad></gpxtpx:TrackPointExtension></extensions></trkpt><trkpt lat="15.2612735052" lon="73.9041450899"><ele>0.62</ele><time>2025-11-14T04:29:05Z</time><extensions><gpxtpx:TrackPointExtension><gpxtpx:cad>0</gpxtpx:cad></gpxtpx:TrackPointExtension></extensions></trkpt><trkpt lat="15.2611865848" lon="73.9042715728"><ele>0.62</ele><time>2025-11-14T04:29:10Z</time><extensions><gpxtpx:TrackPointExtension><gpxtpx:cad>0</gpxtpx:cad></gpxtpx:TrackPointExtension></extensions></trkpt><trkpt lat="15.2610964794" lon="73.9043980557"><ele>0.14</ele><time>2025-11-14T04:29:15Z</time><extensions><gpxtpx:TrackPointExtension><gpxtpx:cad>0</gpxtpx:cad></gpxtpx:TrackPointExtension></extensions></trkpt><trkpt lat="15.2610100619" lon="73.9045236167"><ele>0.14</ele><time>2025-11-14T04:29:20Z</time><extensions><gpxtpx:TrackPointExtension><gpxtpx:cad>0</gpxtpx:cad></gpxtpx:TrackPointExtension></extensions></trkpt><trkpt lat="15.2609154303" lon="73.9046480879"><ele>-0.34</ele><time>2025-11-14T04:29:25Z</time><extensions><gpxtpx:TrackPointExtension><gpxtpx:cad>0</gpxtpx:cad></gpxtpx:TrackPointExtension></extensions></trkpt><trkpt lat="15.2608243190" lon="73.9047730621"><ele>0.14</ele><time>2025-11-14T04:29:30Z</time><extensions><gpxtpx:TrackPointExtension><gpxtpx:cad>0</gpxtpx:cad></gpxtpx:TrackPointExtension></extensions></trkpt><trkpt lat="15.2607389074" lon="73.9049039036"><ele>-0.34</ele><time>2025-11-14T04:29:35Z</time><extensions><gpxtpx:TrackPointExtension><gpxtpx:cad>0</gpxtpx:cad></gpxtpx:TrackPointExtension></extensions></trkpt><trkpt lat="15.2606510650" lon="73.9050295483"><ele>-0.34</ele><time>2025-11-14T04:29:40Z</time><extensions><gpxtpx:TrackPointExtension><gpxtpx:cad>0</gpxtpx:cad></gpxtpx:TrackPointExtension></extensions></trkpt><trkpt lat="15.2605637256" lon="73.9051609766"><ele>0.14</ele><time>2025-11-14T04:29:45Z</time><extensions><gpxtpx:TrackPointExtension><gpxtpx:cad>0</gpxtpx:cad></gpxtpx:TrackPointExtension></extensions></trkpt><trkpt lat="15.2604702674" lon="73.9052815083"><ele>0.14</ele><time>2025-11-14T04:29:50Z</time><extensions><gpxtpx:TrackPointExtension><gpxtpx:cad>0</gpxtpx:cad></gpxtpx:TrackPointExtension></extensions></trkpt><trkpt lat="15.2603807487" lon="73.9054032136"><ele>0.14</ele><time>2025-11-14T04:29:55Z</time><extensions><gpxtpx:TrackPointExtension><gpxtpx:cad>0</gpxtpx:cad></gpxtpx:TrackPointExtension></extensions></trkpt><trkpt lat="15.2603009529" lon="73.9055344742"><ele>0.14</ele><time>2025-11-14T04:30:00Z</time><extensions><gpxtpx:TrackPointExtension><gpxtpx:cad>0</gpxtpx:cad></gpxtpx:TrackPointExtension></extensions></trkpt><trkpt lat="15.2602167148" lon="73.9056700096"><ele>0.14</ele><time>2025-11-14T04:30:05Z</time><extensions><gpxtpx:TrackPointExtension><gpxtpx:cad>0</gpxtpx:cad></gpxtpx:TrackPointExtension></extensions></trkpt><trkpt lat="15.2601318900" lon="73.9057918824"><ele>0.62</ele><time>2025-11-14T04:30:10Z</time><extensions><gpxtpx:TrackPointExtension><gpxtpx:cad>0</gpxtpx:cad></gpxtpx:TrackPointExtension></extensions></trkpt><trkpt lat="15.2600419521" lon="73.9059123304"><ele>1.10</ele><time>2025-11-14T04:30:15Z</time><extensions><gpxtpx:TrackPointExtension><gpxtpx:cad>0</gpxtpx:cad></gpxtpx:TrackPointExtension></extensions></trkpt><trkpt lat="15.2599519305" lon="73.9060365502"><ele>1.58</ele><time>2025-11-14T04:30:20Z</time><extensions><gpxtpx:TrackPointExtension><gpxtpx:cad>0</gpxtpx:cad></gpxtpx:TrackPointExtension></extensions></trkpt><trkpt lat="15.2598619089" lon="73.9061551541"><ele>1.10</ele><time>2025-11-14T04:30:25Z</time><extensions><gpxtpx:TrackPointExtension><gpxtpx:cad>0</gpxtpx:cad></gpxtpx:TrackPointExtension></extensions></trkpt><trkpt lat="15.2597666066" lon="73.9062736742"><ele>0.62</ele><time>2025-11-14T04:30:30Z</time><extensions><gpxtpx:TrackPointExtension><gpxtpx:cad>0</gpxtpx:cad></gpxtpx:TrackPointExtension></extensions></trkpt><trkpt lat="15.2596754115" lon="73.9064006601"><ele>0.14</ele><time>2025-11-14T04:30:35Z</time><extensions><gpxtpx:TrackPointExtension><gpxtpx:cad>0</gpxtpx:cad></gpxtpx:TrackPointExtension></extensions></trkpt><trkpt lat="15.2595790196" lon="73.9065175876"><ele>-0.34</ele><time>2025-11-14T04:30:40Z</time><extensions><gpxtpx:TrackPointExtension><gpxtpx:cad>0</gpxtpx:cad></gpxtpx:TrackPointExtension></extensions></trkpt><trkpt lat="15.2594856452" lon="73.9066400472"><ele>-0.34</ele><time>2025-11-14T04:30:45Z</time><extensions><gpxtpx:TrackPointExtension><gpxtpx:cad>0</gpxtpx:cad></gpxtpx:TrackPointExtension></extensions></trkpt><trkpt lat="15.2593957074" lon="73.9067573939"><ele>-0.82</ele><time>2025-11-14T04:30:50Z</time><extensions><gpxtpx:TrackPointExtension><gpxtpx:cad>0</gpxtpx:cad></gpxtpx:TrackPointExtension></extensions></trkpt><trkpt lat="15.2593008243" lon="73.9068725612"><ele>-0.82</ele><time>2025-11-14T04:30:55Z</time><extensions><gpxtpx:TrackPointExtension><gpxtpx:cad>0</gpxtpx:cad></gpxtpx:TrackPointExtension></extensions></trkpt><trkpt lat="15.2591959666" lon="73.9069831185"><ele>-0.34</ele><time>2025-11-14T04:31:00Z</time><extensions><gpxtpx:TrackPointExtension><gpxtpx:cad>0</gpxtpx:cad></gpxtpx:TrackPointExtension></extensions></trkpt><trkpt lat="15.2590912767" lon="73.9070899040"><ele>-0.34</ele><time>2025-11-14T04:31:05Z</time><extensions><gpxtpx:TrackPointExtension><gpxtpx:cad>0</gpxtpx:cad></gpxtpx:TrackPointExtension></extensions></trkpt><trkpt lat="15.2589944657" lon="73.9072087593"><ele>-0.34</ele><time>2025-11-14T04:31:10Z</time><extensions><gpxtpx:TrackPointExtension><gpxtpx:cad>0</gpxtpx:cad></gpxtpx:TrackPointExtension></extensions></trkpt><trkpt lat="15.2589005046" lon="73.9073256869"><ele>0.14</ele><time>2025-11-14T04:31:15Z</time><extensions><gpxtpx:TrackPointExtension><gpxtpx:cad>0</gpxtpx:cad></gpxtpx:TrackPointExtension></extensions></trkpt><trkpt lat="15.2588127460" lon="73.9074477274"><ele>0.14</ele><time>2025-11-14T04:31:20Z</time><extensions><gpxtpx:TrackPointExtension><gpxtpx:cad>0</gpxtpx:cad></gpxtpx:TrackPointExtension></extensions></trkpt><trkpt lat="15.2587285917" lon="73.9075730368"><ele>0.62</ele><time>2025-11-14T04:31:25Z</time><extensions><gpxtpx:TrackPointExtension><gpxtpx:cad>0</gpxtpx:cad></gpxtpx:TrackPointExtension></extensions></trkpt><trkpt lat="15.2586402465" lon="73.9076979272"><ele>0.62</ele><time>2025-11-14T04:31:30Z</time><extensions><gpxtpx:TrackPointExtension><gpxtpx:cad>0</gpxtpx:cad></gpxtpx:TrackPointExtension></extensions></trkpt><trkpt lat="15.2585545834" lon="73.9078234043"><ele>0.62</ele><time>2025-11-14T04:31:35Z</time><extensions><gpxtpx:TrackPointExtension><gpxtpx:cad>0</gpxtpx:cad></gpxtpx:TrackPointExtension></extensions></trkpt><trkpt lat="15.2584744524" lon="73.9079513121"><ele>0.62</ele><time>2025-11-14T04:31:40Z</time><extensions><gpxtpx:TrackPointExtension><gpxtpx:cad>0</gpxtpx:cad></gpxtpx:TrackPointExtension></extensions></trkpt><trkpt lat="15.2583942376" lon="73.9080875181"><ele>0.62</ele><time>2025-11-14T04:31:45Z</time><extensions><gpxtpx:TrackPointExtension><gpxtpx:cad>0</gpxtpx:cad></gpxtpx:TrackPointExtension></extensions></trkpt><trkpt lat="15.2583131846" lon="73.9082165156"><ele>0.14</ele><time>2025-11-14T04:31:50Z</time><extensions><gpxtpx:TrackPointExtension><gpxtpx:cad>0</gpxtpx:cad></gpxtpx:TrackPointExtension></extensions></trkpt><trkpt lat="15.2582310420" lon="73.9083606005"><ele>0.14</ele><time>2025-11-14T04:31:55Z</time><extensions><gpxtpx:TrackPointExtension><gpxtpx:cad>0</gpxtpx:cad></gpxtpx:TrackPointExtension></extensions></trkpt><trkpt lat="15.2581527550" lon="73.9084812999"><ele>0.62</ele><time>2025-11-14T04:32:00Z</time><extensions><gpxtpx:TrackPointExtension><gpxtpx:cad>0</gpxtpx:cad></gpxtpx:TrackPointExtension></extensions></trkpt><trkpt lat="15.2580667567" lon="73.9086055197"><ele>0.62</ele><time>2025-11-14T04:32:05Z</time><extensions><gpxtpx:TrackPointExtension><gpxtpx:cad>0</gpxtpx:cad></gpxtpx:TrackPointExtension></extensions></trkpt><trkpt lat="15.2579839434" lon="73.9087361936"><ele>0.62</ele><time>2025-11-14T04:32:10Z</time><extensions><gpxtpx:TrackPointExtension><gpxtpx:cad>0</gpxtpx:cad></gpxtpx:TrackPointExtension></extensions></trkpt><trkpt lat="15.2578963526" lon="73.9088684600"><ele>0.14</ele><time>2025-11-14T04:32:15Z</time><extensions><gpxtpx:TrackPointExtension><gpxtpx:cad>0</gpxtpx:cad></gpxtpx:TrackPointExtension></extensions></trkpt><trkpt lat="15.2578153834" lon="73.9089911710"><ele>0.14</ele><time>2025-11-14T04:32:20Z</time><extensions><gpxtpx:TrackPointExtension><gpxtpx:cad>0</gpxtpx:cad></gpxtpx:TrackPointExtension></extensions></trkpt><trkpt lat="15.2577318158" lon="73.9091220126"><ele>0.14</ele><time>2025-11-14T04:32:25Z</time><extensions><gpxtpx:TrackPointExtension><gpxtpx:cad>0</gpxtpx:cad></gpxtpx:TrackPointExtension></extensions></trkpt><trkpt lat="15.2576503437" lon="73.9092454780"><ele>-0.34</ele><time>2025-11-14T04:32:30Z</time><extensions><gpxtpx:TrackPointExtension><gpxtpx:cad>0</gpxtpx:cad></gpxtpx:TrackPointExtension></extensions></trkpt><trkpt lat="15.2575678658" lon="73.9093764033"><ele>-1.30</ele><time>2025-11-14T04:32:35Z</time><extensions><gpxtpx:TrackPointExtension><gpxtpx:cad>0</gpxtpx:cad></gpxtpx:TrackPointExtension></extensions></trkpt><trkpt lat="15.2574911714" lon="73.9095076639"><ele>-1.30</ele><time>2025-11-14T04:32:40Z</time><extensions><gpxtpx:TrackPointExtension><gpxtpx:cad>0</gpxtpx:cad></gpxtpx:TrackPointExtension></extensions></trkpt><trkpt lat="15.2574030776" lon="73.9096311294"><ele>-1.30</ele><time>2025-11-14T04:32:45Z</time><extensions><gpxtpx:TrackPointExtension><gpxtpx:cad>0</gpxtpx:cad></gpxtpx:TrackPointExtension></extensions></trkpt><trkpt lat="15.2573199291" lon="73.9097543433"><ele>-0.82</ele><time>2025-11-14T04:32:50Z</time><extensions><gpxtpx:TrackPointExtension><gpxtpx:cad>0</gpxtpx:cad></gpxtpx:TrackPointExtension></extensions></trkpt><trkpt lat="15.2572290692" lon="73.9098727796"><ele>-1.30</ele><time>2025-11-14T04:32:55Z</time><extensions><gpxtpx:TrackPointExtension><gpxtpx:cad>0</gpxtpx:cad></gpxtpx:TrackPointExtension></extensions></trkpt><trkpt lat="15.2571388800" lon="73.9100005198"><ele>-1.30</ele><time>2025-11-14T04:33:00Z</time><extensions><gpxtpx:TrackPointExtension><gpxtpx:cad>0</gpxtpx:cad></gpxtpx:TrackPointExtension></extensions></trkpt><trkpt lat="15.2570560668" lon="73.9101260807"><ele>-0.82</ele><time>2025-11-14T04:33:05Z</time><extensions><gpxtpx:TrackPointExtension><gpxtpx:cad>0</gpxtpx:cad></gpxtpx:TrackPointExtension></extensions></trkpt><trkpt lat="15.2569699846" lon="73.9102562517"><ele>-0.82</ele><time>2025-11-14T04:33:10Z</time><extensions><gpxtpx:TrackPointExtension><gpxtpx:cad>0</gpxtpx:cad></gpxtpx:TrackPointExtension></extensions></trkpt><trkpt lat="15.2568918653" lon="73.9103811421"><ele>-0.82</ele><time>2025-11-14T04:33:15Z</time><extensions><gpxtpx:TrackPointExtension><gpxtpx:cad>0</gpxtpx:cad></gpxtpx:TrackPointExtension></extensions></trkpt><trkpt lat="15.2568047773" lon="73.9105196111"><ele>-0.82</ele><time>2025-11-14T04:33:20Z</time><extensions><gpxtpx:TrackPointExtension><gpxtpx:cad>0</gpxtpx:cad></gpxtpx:TrackPointExtension></extensions></trkpt><trkpt lat="15.2567311842" lon="73.9106498659"><ele>-1.30</ele><time>2025-11-14T04:33:25Z</time><extensions><gpxtpx:TrackPointExtension><gpxtpx:cad>0</gpxtpx:cad></gpxtpx:TrackPointExtension></extensions></trkpt><trkpt lat="15.2566515561" lon="73.9107864909"><ele>-1.30</ele><time>2025-11-14T04:33:30Z</time><extensions><gpxtpx:TrackPointExtension><gpxtpx:cad>0</gpxtpx:cad></gpxtpx:TrackPointExtension></extensions></trkpt><trkpt lat="15.2565759514" lon="73.9109231997"><ele>-1.79</ele><time>2025-11-14T04:33:35Z</time><extensions><gpxtpx:TrackPointExtension><gpxtpx:cad>0</gpxtpx:cad></gpxtpx:TrackPointExtension></extensions></trkpt><trkpt lat="15.2565029450" lon="73.9110541251"><ele>-1.79</ele><time>2025-11-14T04:33:40Z</time><extensions><gpxtpx:TrackPointExtension><gpxtpx:cad>0</gpxtpx:cad></gpxtpx:TrackPointExtension></extensions></trkpt><trkpt lat="15.2564335428" lon="73.9111950248"><ele>-1.79</ele><time>2025-11-14T04:33:45Z</time><extensions><gpxtpx:TrackPointExtension><gpxtpx:cad>0</gpxtpx:cad></gpxtpx:TrackPointExtension></extensions></trkpt><trkpt lat="15.2563555911" lon="73.9113262016"><ele>-1.79</ele><time>2025-11-14T04:33:50Z</time><extensions><gpxtpx:TrackPointExtension><gpxtpx:cad>0</gpxtpx:cad></gpxtpx:TrackPointExtension></extensions></trkpt><trkpt lat="15.2562788967" lon="73.9114596415"><ele>-1.30</ele><time>2025-11-14T04:33:55Z</time><extensions><gpxtpx:TrackPointExtension><gpxtpx:cad>0</gpxtpx:cad></gpxtpx:TrackPointExtension></extensions></trkpt><trkpt lat="15.2561985143" lon="73.9115971886"><ele>-1.30</ele><time>2025-11-14T04:34:00Z</time><extensions><gpxtpx:TrackPointExtension><gpxtpx:cad>0</gpxtpx:cad></gpxtpx:TrackPointExtension></extensions></trkpt><trkpt lat="15.2561184671" lon="73.9117328078"><ele>-1.30</ele><time>2025-11-14T04:34:05Z</time><extensions><gpxtpx:TrackPointExtension><gpxtpx:cad>0</gpxtpx:cad></gpxtpx:TrackPointExtension></extensions></trkpt><trkpt lat="15.2560381684" lon="73.9118702710"><ele>-1.30</ele><time>2025-11-14T04:34:10Z</time><extensions><gpxtpx:TrackPointExtension><gpxtpx:cad>0</gpxtpx:cad></gpxtpx:TrackPointExtension></extensions></trkpt><trkpt lat="15.2559716161" lon="73.9120140206"><ele>-1.30</ele><time>2025-11-14T04:34:15Z</time><extensions><gpxtpx:TrackPointExtension><gpxtpx:cad>0</gpxtpx:cad></gpxtpx:TrackPointExtension></extensions></trkpt><trkpt lat="15.2559017111" lon="73.9121484663"><ele>-0.82</ele><time>2025-11-14T04:34:20Z</time><extensions><gpxtpx:TrackPointExtension><gpxtpx:cad>0</gpxtpx:cad></gpxtpx:TrackPointExtension></extensions></trkpt><trkpt lat="15.2558265254" lon="73.9122784697"><ele>-1.30</ele><time>2025-11-14T04:34:25Z</time><extensions><gpxtpx:TrackPointExtension><gpxtpx:cad>0</gpxtpx:cad></gpxtpx:TrackPointExtension></extensions></trkpt><trkpt lat="15.2557530161" lon="73.9124212135"><ele>-0.82</ele><time>2025-11-14T04:34:30Z</time><extensions><gpxtpx:TrackPointExtension><gpxtpx:cad>0</gpxtpx:cad></gpxtpx:TrackPointExtension></extensions></trkpt><trkpt lat="15.2556750644" lon="73.9125536475"><ele>-0.82</ele><time>2025-11-14T04:34:35Z</time><extensions><gpxtpx:TrackPointExtension><gpxtpx:cad>0</gpxtpx:cad></gpxtpx:TrackPointExtension></extensions></trkpt><trkpt lat="15.2555966936" lon="73.9126897696"><ele>-0.82</ele><time>2025-11-14T04:34:40Z</time><extensions><gpxtpx:TrackPointExtension><gpxtpx:cad>0</gpxtpx:cad></gpxtpx:TrackPointExtension></extensions></trkpt><trkpt lat="15.2555171493" lon="73.9128231257"><ele>-0.82</ele><time>2025-11-14T04:34:45Z</time><extensions><gpxtpx:TrackPointExtension><gpxtpx:cad>0</gpxtpx:cad></gpxtpx:TrackPointExtension></extensions></trkpt><trkpt lat="15.2554430533" lon="73.9129586611"><ele>-0.34</ele><time>2025-11-14T04:34:50Z</time><extensions><gpxtpx:TrackPointExtension><gpxtpx:cad>0</gpxtpx:cad></gpxtpx:TrackPointExtension></extensions></trkpt><trkpt lat="15.2553592343" lon="73.9130925201"><ele>-0.34</ele><time>2025-11-14T04:34:55Z</time><extensions><gpxtpx:TrackPointExtension><gpxtpx:cad>0</gpxtpx:cad></gpxtpx:TrackPointExtension></extensions></trkpt><trkpt lat="15.2552758344" lon="73.9132217690"><ele>-0.34</ele><time>2025-11-14T04:35:00Z</time><extensions><gpxtpx:TrackPointExtension><gpxtpx:cad>0</gpxtpx:cad></gpxtpx:TrackPointExtension></extensions></trkpt><trkpt lat="15.2551762573" lon="73.9133421332"><ele>0.14</ele><time>2025-11-14T04:35:05Z</time><extensions><gpxtpx:TrackPointExtension><gpxtpx:cad>0</gpxtpx:cad></gpxtpx:TrackPointExtension></extensions></trkpt><trkpt lat="15.2550705615" lon="73.9134564623"><ele>-0.34</ele><time>2025-11-14T04:35:10Z</time><extensions><gpxtpx:TrackPointExtension><gpxtpx:cad>0</gpxtpx:cad></gpxtpx:TrackPointExtension></extensions></trkpt><trkpt lat="15.2549605910" lon="73.9135671873"><ele>-0.34</ele><time>2025-11-14T04:35:15Z</time><extensions><gpxtpx:TrackPointExtension><gpxtpx:cad>0</gpxtpx:cad></gpxtpx:TrackPointExtension></extensions></trkpt><trkpt lat="15.2548435796" lon="73.9136730507"><ele>-0.34</ele><time>2025-11-14T04:35:20Z</time><extensions><gpxtpx:TrackPointExtension><gpxtpx:cad>0</gpxtpx:cad></gpxtpx:TrackPointExtension></extensions></trkpt><trkpt lat="15.2547076251" lon="73.9137436263"><ele>-0.34</ele><time>2025-11-14T04:35:25Z</time><extensions><gpxtpx:TrackPointExtension><gpxtpx:cad>0</gpxtpx:cad></gpxtpx:TrackPointExtension></extensions></trkpt><trkpt lat="15.2545625344" lon="73.9137981087"><ele>-0.82</ele><time>2025-11-14T04:35:30Z</time><extensions><gpxtpx:TrackPointExtension><gpxtpx:cad>0</gpxtpx:cad></gpxtpx:TrackPointExtension></extensions></trkpt><trkpt lat="15.2544246521" lon="73.9138654154"><ele>-1.30</ele><time>2025-11-14T04:35:35Z</time><extensions><gpxtpx:TrackPointExtension><gpxtpx:cad>0</gpxtpx:cad></gpxtpx:TrackPointExtension></extensions></trkpt><trkpt lat="15.2542869374" lon="73.9139385894"><ele>-1.30</ele><time>2025-11-14T04:35:40Z</time><extensions><gpxtpx:TrackPointExtension><gpxtpx:cad>0</gpxtpx:cad></gpxtpx:TrackPointExtension></extensions></trkpt><trkpt lat="15.2541514859" lon="73.9140106738"><ele>-0.82</ele><time>2025-11-14T04:35:45Z</time><extensions><gpxtpx:TrackPointExtension><gpxtpx:cad>0</gpxtpx:cad></gpxtpx:TrackPointExtension></extensions></trkpt><trkpt lat="15.2540121786" lon="73.9140834287"><ele>-0.82</ele><time>2025-11-14T04:35:50Z</time><extensions><gpxtpx:TrackPointExtension><gpxtpx:cad>0</gpxtpx:cad></gpxtpx:TrackPointExtension></extensions></trkpt><trkpt lat="15.2538721170" lon="73.9141517412"><ele>-0.82</ele><time>2025-11-14T04:35:55Z</time><extensions><gpxtpx:TrackPointExtension><gpxtpx:cad>0</gpxtpx:cad></gpxtpx:TrackPointExtension></extensions></trkpt><trkpt lat="15.2537262719" lon="73.9142176230"><ele>-0.82</ele><time>2025-11-14T04:36:00Z</time><extensions><gpxtpx:TrackPointExtension><gpxtpx:cad>0</gpxtpx:cad></gpxtpx:TrackPointExtension></extensions></trkpt><trkpt lat="15.2535902336" lon="73.9142872766"><ele>-0.34</ele><time>2025-11-14T04:36:05Z</time><extensions><gpxtpx:TrackPointExtension><gpxtpx:cad>0</gpxtpx:cad></gpxtpx:TrackPointExtension></extensions></trkpt><trkpt lat="15.2534522675" lon="73.9143560082"><ele>-0.34</ele><time>2025-11-14T04:36:10Z</time><extensions><gpxtpx:TrackPointExtension><gpxtpx:cad>0</gpxtpx:cad></gpxtpx:TrackPointExtension></extensions></trkpt><trkpt lat="15.2533018962" lon="73.9144233149"><ele>0.14</ele><time>2025-11-14T04:36:15Z</time><extensions><gpxtpx:TrackPointExtension><gpxtpx:cad>0</gpxtpx:cad></gpxtpx:TrackPointExtension></extensions></trkpt><trkpt lat="15.2531671990" lon="73.9144850895"><ele>0.14</ele><time>2025-11-14T04:36:20Z</time><extensions><gpxtpx:TrackPointExtension><gpxtpx:cad>0</gpxtpx:cad></gpxtpx:TrackPointExtension></extensions></trkpt><trkpt lat="15.2530302387" lon="73.9145504683"><ele>0.62</ele><time>2025-11-14T04:36:25Z</time><extensions><gpxtpx:TrackPointExtension><gpxtpx:cad>0</gpxtpx:cad></gpxtpx:TrackPointExtension></extensions></trkpt><trkpt lat="15.2528869919" lon="73.9146087226"><ele>1.10</ele><time>2025-11-14T04:36:30Z</time><extensions><gpxtpx:TrackPointExtension><gpxtpx:cad>0</gpxtpx:cad></gpxtpx:TrackPointExtension></extensions></trkpt><trkpt lat="15.2527412307" lon="73.9146688208"><ele>1.10</ele><time>2025-11-14T04:36:35Z</time><extensions><gpxtpx:TrackPointExtension><gpxtpx:cad>0</gpxtpx:cad></gpxtpx:TrackPointExtension></extensions></trkpt><trkpt lat="15.2526017558" lon="73.9147378877"><ele>0.62</ele><time>2025-11-14T04:36:40Z</time><extensions><gpxtpx:TrackPointExtension><gpxtpx:cad>0</gpxtpx:cad></gpxtpx:TrackPointExtension></extensions></trkpt><trkpt lat="15.2524585929" lon="73.9147968963"><ele>0.62</ele><time>2025-11-14T04:36:45Z</time><extensions><gpxtpx:TrackPointExtension><gpxtpx:cad>0</gpxtpx:cad></gpxtpx:TrackPointExtension></extensions></trkpt><trkpt lat="15.2523100656" lon="73.9148589224"><ele>0.62</ele><time>2025-11-14T04:36:50Z</time><extensions><gpxtpx:TrackPointExtension><gpxtpx:cad>0</gpxtpx:cad></gpxtpx:TrackPointExtension></extensions></trkpt><trkpt lat="15.2521700040" lon="73.9149220381"><ele>1.10</ele><time>2025-11-14T04:36:55Z</time><extensions><gpxtpx:TrackPointExtension><gpxtpx:cad>0</gpxtpx:cad></gpxtpx:TrackPointExtension></extensions></trkpt><trkpt lat="15.2520297747" lon="73.9149914403"><ele>0.62</ele><time>2025-11-14T04:37:00Z</time><extensions><gpxtpx:TrackPointExtension><gpxtpx:cad>0</gpxtpx:cad></gpxtpx:TrackPointExtension></extensions></trkpt><trkpt lat="15.2518905513" lon="73.9150631893"><ele>0.14</ele><time>2025-11-14T04:37:05Z</time><extensions><gpxtpx:TrackPointExtension><gpxtpx:cad>0</gpxtpx:cad></gpxtpx:TrackPointExtension></extensions></trkpt><trkpt lat="15.2517528366" lon="73.9151411410"><ele>0.14</ele><time>2025-11-14T04:37:10Z</time><extensions><gpxtpx:TrackPointExtension><gpxtpx:cad>0</gpxtpx:cad></gpxtpx:TrackPointExtension></extensions></trkpt><trkpt lat="15.2516280301" lon="73.9152250439"><ele>0.14</ele><time>2025-11-14T04:37:15Z</time><extensions><gpxtpx:TrackPointExtension><gpxtpx:cad>0</gpxtpx:cad></gpxtpx:TrackPointExtension></extensions></trkpt><trkpt lat="15.2515080851" lon="73.9153210167"><ele>0.14</ele><time>2025-11-14T04:37:20Z</time><extensions><gpxtpx:TrackPointExtension><gpxtpx:cad>0</gpxtpx:cad></gpxtpx:TrackPointExtension></extensions></trkpt><trkpt lat="15.2513823565" lon="73.9154101163"><ele>0.62</ele><time>2025-11-14T04:37:25Z</time><extensions><gpxtpx:TrackPointExtension><gpxtpx:cad>0</gpxtpx:cad></gpxtpx:TrackPointExtension></extensions></trkpt><trkpt lat="15.2512491681" lon="73.9154938515"><ele>0.62</ele><time>2025-11-14T04:37:30Z</time><extensions><gpxtpx:TrackPointExtension><gpxtpx:cad>0</gpxtpx:cad></gpxtpx:TrackPointExtension></extensions></trkpt><trkpt lat="15.2511091065" lon="73.9155663550"><ele>0.14</ele><time>2025-11-14T04:37:35Z</time><extensions><gpxtpx:TrackPointExtension><gpxtpx:cad>0</gpxtpx:cad></gpxtpx:TrackPointExtension></extensions></trkpt><trkpt lat="15.2509774268" lon="73.9156451449"><ele>0.62</ele><time>2025-11-14T04:37:40Z</time><extensions><gpxtpx:TrackPointExtension><gpxtpx:cad>0</gpxtpx:cad></gpxtpx:TrackPointExtension></extensions></trkpt><trkpt lat="15.2508463338" lon="73.9157368429"><ele>0.62</ele><time>2025-11-14T04:37:45Z</time><extensions><gpxtpx:TrackPointExtension><gpxtpx:cad>0</gpxtpx:cad></gpxtpx:TrackPointExtension></extensions></trkpt><trkpt lat="15.2507216111" lon="73.9158277865"><ele>1.10</ele><time>2025-11-14T04:37:50Z</time><extensions><gpxtpx:TrackPointExtension><gpxtpx:cad>0</gpxtpx:cad></gpxtpx:TrackPointExtension></extensions></trkpt><trkpt lat="15.2506045159" lon="73.9159325603"><ele>1.10</ele><time>2025-11-14T04:37:55Z</time><extensions><gpxtpx:TrackPointExtension><gpxtpx:cad>0</gpxtpx:cad></gpxtpx:TrackPointExtension></extensions></trkpt><trkpt lat="15.2504928689" lon="73.9160391781"><ele>1.10</ele><time>2025-11-14T04:38:00Z</time><extensions><gpxtpx:TrackPointExtension><gpxtpx:cad>0</gpxtpx:cad></gpxtpx:TrackPointExtension></extensions></trkpt><trkpt lat="15.2503911965" lon="73.9161635656"><ele>1.10</ele><time>2025-11-14T04:38:05Z</time><extensions><gpxtpx:TrackPointExtension><gpxtpx:cad>0</gpxtpx:cad></gpxtpx:TrackPointExtension></extensions></trkpt><trkpt lat="15.2503015101" lon="73.9162923954"><ele>0.62</ele><time>2025-11-14T04:38:10Z</time><extensions><gpxtpx:TrackPointExtension><gpxtpx:cad>0</gpxtpx:cad></gpxtpx:TrackPointExtension></extensions></trkpt><trkpt lat="15.2502088901" lon="73.9164280146"><ele>0.62</ele><time>2025-11-14T04:38:15Z</time><extensions><gpxtpx:TrackPointExtension><gpxtpx:cad>0</gpxtpx:cad></gpxtpx:TrackPointExtension></extensions></trkpt><trkpt lat="15.2501169406" lon="73.9165574312"><ele>0.14</ele><time>2025-11-14T04:38:20Z</time><extensions><gpxtpx:TrackPointExtension><gpxtpx:cad>0</gpxtpx:cad></gpxtpx:TrackPointExtension></extensions></trkpt><trkpt lat="15.2500280086" lon="73.9166860934"><ele>0.14</ele><time>2025-11-14T04:38:25Z</time><extensions><gpxtpx:TrackPointExtension><gpxtpx:cad>0</gpxtpx:cad></gpxtpx:TrackPointExtension></extensions></trkpt><trkpt lat="15.2499393281" lon="73.9168179408"><ele>-0.34</ele><time>2025-11-14T04:38:30Z</time><extensions><gpxtpx:TrackPointExtension><gpxtpx:cad>0</gpxtpx:cad></gpxtpx:TrackPointExtension></extensions></trkpt><trkpt lat="15.2498500608" lon="73.9169484470"><ele>-0.34</ele><time>2025-11-14T04:38:35Z</time><extensions><gpxtpx:TrackPointExtension><gpxtpx:cad>0</gpxtpx:cad></gpxtpx:TrackPointExtension></extensions></trkpt><trkpt lat="15.2497384977" lon="73.9170472696"><ele>-0.34</ele><time>2025-11-14T04:38:40Z</time><extensions><gpxtpx:TrackPointExtension><gpxtpx:cad>0</gpxtpx:cad></gpxtpx:TrackPointExtension></extensions></trkpt><trkpt lat="15.2495959215" lon="73.9170735050"><ele>-0.34</ele><time>2025-11-14T04:38:45Z</time><extensions><gpxtpx:TrackPointExtension><gpxtpx:cad>0</gpxtpx:cad></gpxtpx:TrackPointExtension></extensions></trkpt><trkpt lat="15.2494506631" lon="73.9170183521"><ele>0.14</ele><time>2025-11-14T04:38:50Z</time><extensions><gpxtpx:TrackPointExtension><gpxtpx:cad>0</gpxtpx:cad></gpxtpx:TrackPointExtension></extensions></trkpt><trkpt lat="15.2493179776" lon="73.9169328567"><ele>-0.34</ele><time>2025-11-14T04:38:55Z</time><extensions><gpxtpx:TrackPointExtension><gpxtpx:cad>0</gpxtpx:cad></gpxtpx:TrackPointExtension></extensions></trkpt><trkpt lat="15.2491857111" lon="73.9168393146"><ele>0.14</ele><time>2025-11-14T04:39:00Z</time><extensions><gpxtpx:TrackPointExtension><gpxtpx:cad>0</gpxtpx:cad></gpxtpx:TrackPointExtension></extensions></trkpt><trkpt lat="15.2490540314" lon="73.9167496283"><ele>0.14</ele><time>2025-11-14T04:39:05Z</time><extensions><gpxtpx:TrackPointExtension><gpxtpx:cad>0</gpxtpx:cad></gpxtpx:TrackPointExtension></extensions></trkpt><trkpt lat="15.2489206754" lon="73.9166602772"><ele>0.14</ele><time>2025-11-14T04:39:10Z</time><extensions><gpxtpx:TrackPointExtension><gpxtpx:cad>0</gpxtpx:cad></gpxtpx:TrackPointExtension></extensions></trkpt><trkpt lat="15.2487849724" lon="73.9165710937"><ele>0.14</ele><time>2025-11-14T04:39:15Z</time><extensions><gpxtpx:TrackPointExtension><gpxtpx:cad>0</gpxtpx:cad></gpxtpx:TrackPointExtension></extensions></trkpt><trkpt lat="15.2486546338" lon="73.9164767973"><ele>0.62</ele><time>2025-11-14T04:39:20Z</time><extensions><gpxtpx:TrackPointExtension><gpxtpx:cad>0</gpxtpx:cad></gpxtpx:TrackPointExtension></extensions></trkpt><trkpt lat="15.2485250495" lon="73.9163763821"><ele>0.62</ele><time>2025-11-14T04:39:25Z</time><extensions><gpxtpx:TrackPointExtension><gpxtpx:cad>0</gpxtpx:cad></gpxtpx:TrackPointExtension></extensions></trkpt><trkpt lat="15.2484019194" lon="73.9162684232"><ele>0.62</ele><time>2025-11-14T04:39:30Z</time><extensions><gpxtpx:TrackPointExtension><gpxtpx:cad>0</gpxtpx:cad></gpxtpx:TrackPointExtension></extensions></trkpt><trkpt lat="15.2482800465" lon="73.9161592908"><ele>0.62</ele><time>2025-11-14T04:39:35Z</time><extensions><gpxtpx:TrackPointExtension><gpxtpx:cad>0</gpxtpx:cad></gpxtpx:TrackPointExtension></extensions></trkpt><trkpt lat="15.2481582575" lon="73.9160484821"><ele>0.14</ele><time>2025-11-14T04:39:40Z</time><extensions><gpxtpx:TrackPointExtension><gpxtpx:cad>0</gpxtpx:cad></gpxtpx:TrackPointExtension></extensions></trkpt><trkpt lat="15.2480335347" lon="73.9159465581"><ele>0.14</ele><time>2025-11-14T04:39:45Z</time><extensions><gpxtpx:TrackPointExtension><gpxtpx:cad>0</gpxtpx:cad></gpxtpx:TrackPointExtension></extensions></trkpt><trkpt lat="15.2479066327" lon="73.9158513397"><ele>0.14</ele><time>2025-11-14T04:39:50Z</time><extensions><gpxtpx:TrackPointExtension><gpxtpx:cad>0</gpxtpx:cad></gpxtpx:TrackPointExtension></extensions></trkpt><trkpt lat="15.2477715164" lon="73.9157608151"><ele>0.14</ele><time>2025-11-14T04:39:55Z</time><extensions><gpxtpx:TrackPointExtension><gpxtpx:cad>0</gpxtpx:cad></gpxtpx:TrackPointExtension></extensions></trkpt><trkpt lat="15.2476365678" lon="73.9156739786"><ele>0.14</ele><time>2025-11-14T04:40:00Z</time><extensions><gpxtpx:TrackPointExtension><gpxtpx:cad>0</gpxtpx:cad></gpxtpx:TrackPointExtension></extensions></trkpt><trkpt lat="15.2474980988" lon="73.9155924227"><ele>-0.34</ele><time>2025-11-14T04:40:05Z</time><extensions><gpxtpx:TrackPointExtension><gpxtpx:cad>0</gpxtpx:cad></gpxtpx:TrackPointExtension></extensions></trkpt><trkpt lat="15.2473613899" lon="73.9155147225"><ele>0.14</ele><time>2025-11-14T04:40:10Z</time><extensions><gpxtpx:TrackPointExtension><gpxtpx:cad>0</gpxtpx:cad></gpxtpx:TrackPointExtension></extensions></trkpt><trkpt lat="15.2472230047" lon="73.9154389501"><ele>0.14</ele><time>2025-11-14T04:40:15Z</time><extensions><gpxtpx:TrackPointExtension><gpxtpx:cad>0</gpxtpx:cad></gpxtpx:TrackPointExtension></extensions></trkpt><trkpt lat="15.2470820211" lon="73.9153652731"><ele>-0.34</ele><time>2025-11-14T04:40:20Z</time><extensions><gpxtpx:TrackPointExtension><gpxtpx:cad>0</gpxtpx:cad></gpxtpx:TrackPointExtension></extensions></trkpt><trkpt lat="15.2469277103" lon="73.9152964577"><ele>-0.34</ele><time>2025-11-14T04:40:25Z</time><extensions><gpxtpx:TrackPointExtension><gpxtpx:cad>0</gpxtpx:cad></gpxtpx:TrackPointExtension></extensions></trkpt><trkpt lat="15.2467774227" lon="73.9152373653"><ele>-0.82</ele><time>2025-11-14T04:40:30Z</time><extensions><gpxtpx:TrackPointExtension><gpxtpx:cad>0</gpxtpx:cad></gpxtpx:TrackPointExtension></extensions></trkpt><trkpt lat="15.2466301527" lon="73.9151797816"><ele>-0.82</ele><time>2025-11-14T04:40:35Z</time><extensions><gpxtpx:TrackPointExtension><gpxtpx:cad>0</gpxtpx:cad></gpxtpx:TrackPointExtension></extensions></trkpt><trkpt lat="15.2464796975" lon="73.9151303284"><ele>-0.82</ele><time>2025-11-14T04:40:40Z</time><extensions><gpxtpx:TrackPointExtension><gpxtpx:cad>0</gpxtpx:cad></gpxtpx:TrackPointExtension></extensions></trkpt><trkpt lat="15.2463278174" lon="73.9150872454"><ele>-0.82</ele><time>2025-11-14T04:40:45Z</time><extensions><gpxtpx:TrackPointExtension><gpxtpx:cad>0</gpxtpx:cad></gpxtpx:TrackPointExtension></extensions></trkpt><trkpt lat="15.2461744286" lon="73.9150524605"><ele>-1.30</ele><time>2025-11-14T04:40:50Z</time><extensions><gpxtpx:TrackPointExtension><gpxtpx:cad>0</gpxtpx:cad></gpxtpx:TrackPointExtension></extensions></trkpt><trkpt lat="15.2460217103" lon="73.9150258061"><ele>-0.82</ele><time>2025-11-14T04:40:55Z</time><extensions><gpxtpx:TrackPointExtension><gpxtpx:cad>0</gpxtpx:cad></gpxtpx:TrackPointExtension></extensions></trkpt><trkpt lat="15.2458715066" lon="73.9150013309"><ele>-0.34</ele><time>2025-11-14T04:41:00Z</time><extensions><gpxtpx:TrackPointExtension><gpxtpx:cad>0</gpxtpx:cad></gpxtpx:TrackPointExtension></extensions></trkpt><trkpt lat="15.2457209677" lon="73.9149761014"><ele>-0.34</ele><time>2025-11-14T04:41:05Z</time><extensions><gpxtpx:TrackPointExtension><gpxtpx:cad>0</gpxtpx:cad></gpxtpx:TrackPointExtension></extensions></trkpt><trkpt lat="15.2455705963" lon="73.9149601758"><ele>-0.82</ele><time>2025-11-14T04:41:10Z</time><extensions><gpxtpx:TrackPointExtension><gpxtpx:cad>0</gpxtpx:cad></gpxtpx:TrackPointExtension></extensions></trkpt><trkpt lat="15.2454112563" lon="73.9149380475"><ele>-0.82</ele><time>2025-11-14T04:41:15Z</time><extensions><gpxtpx:TrackPointExtension><gpxtpx:cad>0</gpxtpx:cad></gpxtpx:TrackPointExtension></extensions></trkpt><trkpt lat="15.2452539280" lon="73.9149140753"><ele>-0.82</ele><time>2025-11-14T04:41:20Z</time><extensions><gpxtpx:TrackPointExtension><gpxtpx:cad>0</gpxtpx:cad></gpxtpx:TrackPointExtension></extensions></trkpt><trkpt lat="15.2451021317" lon="73.9148740098"><ele>-0.82</ele><time>2025-11-14T04:41:25Z</time><extensions><gpxtpx:TrackPointExtension><gpxtpx:cad>0</gpxtpx:cad></gpxtpx:TrackPointExtension></extensions></trkpt><trkpt lat="15.2449518442" lon="73.9148345310"><ele>-0.82</ele><time>2025-11-14T04:41:30Z</time><extensions><gpxtpx:TrackPointExtension><gpxtpx:cad>0</gpxtpx:cad></gpxtpx:TrackPointExtension></extensions></trkpt><trkpt lat="15.2447973657" lon="73.9148028474"><ele>-0.34</ele><time>2025-11-14T04:41:35Z</time><extensions><gpxtpx:TrackPointExtension><gpxtpx:cad>0</gpxtpx:cad></gpxtpx:TrackPointExtension></extensions></trkpt><trkpt lat="15.2446489222" lon="73.9147637039"><ele>-0.82</ele><time>2025-11-14T04:41:40Z</time><extensions><gpxtpx:TrackPointExtension><gpxtpx:cad>0</gpxtpx:cad></gpxtpx:TrackPointExtension></extensions></trkpt><trkpt lat="15.2445055079" lon="73.9147041924"><ele>-0.82</ele><time>2025-11-14T04:41:45Z</time><extensions><gpxtpx:TrackPointExtension><gpxtpx:cad>0</gpxtpx:cad></gpxtpx:TrackPointExtension></extensions></trkpt><trkpt lat="15.2443647757" lon="73.9146321081"><ele>-0.82</ele><time>2025-11-14T04:41:50Z</time><extensions><gpxtpx:TrackPointExtension><gpxtpx:cad>0</gpxtpx:cad></gpxtpx:TrackPointExtension></extensions></trkpt><trkpt lat="15.2442216966" lon="73.9145673998"><ele>-0.34</ele><time>2025-11-14T04:41:55Z</time><extensions><gpxtpx:TrackPointExtension><gpxtpx:cad>0</gpxtpx:cad></gpxtpx:TrackPointExtension></extensions></trkpt><trkpt lat="15.2440764382" lon="73.9145004284"><ele>-0.34</ele><time>2025-11-14T04:42:00Z</time><extensions><gpxtpx:TrackPointExtension><gpxtpx:cad>0</gpxtpx:cad></gpxtpx:TrackPointExtension></extensions></trkpt><trkpt lat="15.2439356223" lon="73.9144337084"><ele>-0.34</ele><time>2025-11-14T04:42:05Z</time><extensions><gpxtpx:TrackPointExtension><gpxtpx:cad>0</gpxtpx:cad></gpxtpx:TrackPointExtension></extensions></trkpt><trkpt lat="15.2437977400" lon="73.9143696707"><ele>-0.34</ele><time>2025-11-14T04:42:10Z</time><extensions><gpxtpx:TrackPointExtension><gpxtpx:cad>0</gpxtpx:cad></gpxtpx:TrackPointExtension></extensions></trkpt><trkpt lat="15.2436557505" lon="73.9143089019"><ele>-0.34</ele><time>2025-11-14T04:42:15Z</time><extensions><gpxtpx:TrackPointExtension><gpxtpx:cad>0</gpxtpx:cad></gpxtpx:TrackPointExtension></extensions></trkpt><trkpt lat="15.2435086481" lon="73.9142336324"><ele>0.14</ele><time>2025-11-14T04:42:20Z</time><extensions><gpxtpx:TrackPointExtension><gpxtpx:cad>0</gpxtpx:cad></gpxtpx:TrackPointExtension></extensions></trkpt><trkpt lat="15.2433682512" lon="73.9141612966"><ele>0.62</ele><time>2025-11-14T04:42:25Z</time><extensions><gpxtpx:TrackPointExtension><gpxtpx:cad>0</gpxtpx:cad></gpxtpx:TrackPointExtension></extensions></trkpt><trkpt lat="15.2432359010" lon="73.9140893798"><ele>1.10</ele><time>2025-11-14T04:42:30Z</time><extensions><gpxtpx:TrackPointExtension><gpxtpx:cad>0</gpxtpx:cad></gpxtpx:TrackPointExtension></extensions></trkpt><trkpt lat="15.2430991922" lon="73.9140051417"><ele>1.10</ele><time>2025-11-14T04:42:35Z</time><extensions><gpxtpx:TrackPointExtension><gpxtpx:cad>0</gpxtpx:cad></gpxtpx:TrackPointExtension></extensions></trkpt><trkpt lat="15.2429665066" lon="73.9139161259"><ele>1.10</ele><time>2025-11-14T04:42:40Z</time><extensions><gpxtpx:TrackPointExtension><gpxtpx:cad>0</gpxtpx:cad></gpxtpx:TrackPointExtension></extensions></trkpt><trkpt lat="15.2428279538" lon="73.9138334803"><ele>2.06</ele><time>2025-11-14T04:42:45Z</time><extensions><gpxtpx:TrackPointExtension><gpxtpx:cad>0</gpxtpx:cad></gpxtpx:TrackPointExtension></extensions></trkpt><trkpt lat="15.2426890656" lon="73.9137508348"><ele>2.06</ele><time>2025-11-14T04:42:50Z</time><extensions><gpxtpx:TrackPointExtension><gpxtpx:cad>0</gpxtpx:cad></gpxtpx:TrackPointExtension></extensions></trkpt><trkpt lat="15.2425536141" lon="73.9136693627"><ele>2.06</ele><time>2025-11-14T04:42:55Z</time><extensions><gpxtpx:TrackPointExtension><gpxtpx:cad>0</gpxtpx:cad></gpxtpx:TrackPointExtension></extensions></trkpt><trkpt lat="15.2424176596" lon="73.9135866333"><ele>2.54</ele><time>2025-11-14T04:43:00Z</time><extensions><gpxtpx:TrackPointExtension><gpxtpx:cad>0</gpxtpx:cad></gpxtpx:TrackPointExtension></extensions></trkpt><trkpt lat="15.2422818728" lon="73.9135002159"><ele>2.06</ele><time>2025-11-14T04:43:05Z</time><extensions><gpxtpx:TrackPointExtension><gpxtpx:cad>0</gpxtpx:cad></gpxtpx:TrackPointExtension></extensions></trkpt><trkpt lat="15.2421561442" lon="73.9134148881"><ele>2.06</ele><time>2025-11-14T04:43:10Z</time><extensions><gpxtpx:TrackPointExtension><gpxtpx:cad>0</gpxtpx:cad></gpxtpx:TrackPointExtension></extensions></trkpt><trkpt lat="15.2420271467" lon="73.9133266266"><ele>2.06</ele><time>2025-11-14T04:43:15Z</time><extensions><gpxtpx:TrackPointExtension><gpxtpx:cad>0</gpxtpx:cad></gpxtpx:TrackPointExtension></extensions></trkpt><trkpt lat="15.2418989036" lon="73.9132398739"><ele>2.06</ele><time>2025-11-14T04:43:20Z</time><extensions><gpxtpx:TrackPointExtension><gpxtpx:cad>0</gpxtpx:cad></gpxtpx:TrackPointExtension></extensions></trkpt><trkpt lat="15.2417646255" lon="73.9131506905"><ele>2.54</ele><time>2025-11-14T04:43:25Z</time><extensions><gpxtpx:TrackPointExtension><gpxtpx:cad>0</gpxtpx:cad></gpxtpx:TrackPointExtension></extensions></trkpt><trkpt lat="15.2416342869" lon="73.9130630996"><ele>2.06</ele><time>2025-11-14T04:43:30Z</time><extensions><gpxtpx:TrackPointExtension><gpxtpx:cad>0</gpxtpx:cad></gpxtpx:TrackPointExtension></extensions></trkpt><trkpt lat="15.2415036969" lon="73.9129706472"><ele>2.06</ele><time>2025-11-14T04:43:35Z</time><extensions><gpxtpx:TrackPointExtension><gpxtpx:cad>0</gpxtpx:cad></gpxtpx:TrackPointExtension></extensions></trkpt><trkpt lat="15.2413756214" lon="73.9128754288"><ele>2.06</ele><time>2025-11-14T04:43:40Z</time><extensions><gpxtpx:TrackPointExtension><gpxtpx:cad>0</gpxtpx:cad></gpxtpx:TrackPointExtension></extensions></trkpt><trkpt lat="15.2412492223" lon="73.9127791207"><ele>1.58</ele><time>2025-11-14T04:43:45Z</time><extensions><gpxtpx:TrackPointExtension><gpxtpx:cad>0</gpxtpx:cad></gpxtpx:TrackPointExtension></extensions></trkpt><trkpt lat="15.2411179617" lon="73.9126826450"><ele>1.10</ele><time>2025-11-14T04:43:50Z</time><extensions><gpxtpx:TrackPointExtension><gpxtpx:cad>0</gpxtpx:cad></gpxtpx:TrackPointExtension></extensions></trkpt><trkpt lat="15.2409835998" lon="73.9125869237"><ele>1.10</ele><time>2025-11-14T04:43:55Z</time><extensions><gpxtpx:TrackPointExtension><gpxtpx:cad>0</gpxtpx:cad></gpxtpx:TrackPointExtension></extensions></trkpt><trkpt lat="15.2408492379" lon="73.9125066251"><ele>1.10</ele><time>2025-11-14T04:44:00Z</time><extensions><gpxtpx:TrackPointExtension><gpxtpx:cad>0</gpxtpx:cad></gpxtpx:TrackPointExtension></extensions></trkpt><trkpt lat="15.2407155465" lon="73.9124156814"><ele>0.62</ele><time>2025-11-14T04:44:05Z</time><extensions><gpxtpx:TrackPointExtension><gpxtpx:cad>0</gpxtpx:cad></gpxtpx:TrackPointExtension></extensions></trkpt><trkpt lat="15.2405925002" lon="73.9123150147"><ele>1.10</ele><time>2025-11-14T04:44:10Z</time><extensions><gpxtpx:TrackPointExtension><gpxtpx:cad>0</gpxtpx:cad></gpxtpx:TrackPointExtension></extensions></trkpt><trkpt lat="15.2404597308" lon="73.9122325368"><ele>1.10</ele><time>2025-11-14T04:44:15Z</time><extensions><gpxtpx:TrackPointExtension><gpxtpx:cad>0</gpxtpx:cad></gpxtpx:TrackPointExtension></extensions></trkpt><trkpt lat="15.2403210942" lon="73.9121801499"><ele>0.62</ele><time>2025-11-14T04:44:20Z</time><extensions><gpxtpx:TrackPointExtension><gpxtpx:cad>0</gpxtpx:cad></gpxtpx:TrackPointExtension></extensions></trkpt><trkpt lat="15.2401734050" lon="73.9121312834"><ele>0.62</ele><time>2025-11-14T04:44:25Z</time><extensions><gpxtpx:TrackPointExtension><gpxtpx:cad>0</gpxtpx:cad></gpxtpx:TrackPointExtension></extensions></trkpt><trkpt lat="15.2400287334" lon="73.9120835066"><ele>0.62</ele><time>2025-11-14T04:44:30Z</time><extensions><gpxtpx:TrackPointExtension><gpxtpx:cad>0</gpxtpx:cad></gpxtpx:TrackPointExtension></extensions></trkpt><trkpt lat="15.2398817148" lon="73.9120345563"><ele>1.10</ele><time>2025-11-14T04:44:35Z</time><extensions><gpxtpx:TrackPointExtension><gpxtpx:cad>0</gpxtpx:cad></gpxtpx:TrackPointExtension></extensions></trkpt><trkpt lat="15.2397305053" lon="73.9119824208"><ele>1.10</ele><time>2025-11-14T04:44:40Z</time><extensions><gpxtpx:TrackPointExtension><gpxtpx:cad>0</gpxtpx:cad></gpxtpx:TrackPointExtension></extensions></trkpt><trkpt lat="15.2395847440" lon="73.9119215682"><ele>0.62</ele><time>2025-11-14T04:44:45Z</time><extensions><gpxtpx:TrackPointExtension><gpxtpx:cad>0</gpxtpx:cad></gpxtpx:TrackPointExtension></extensions></trkpt><trkpt lat="15.2394426707" lon="73.9118530881"><ele>0.62</ele><time>2025-11-14T04:44:50Z</time><extensions><gpxtpx:TrackPointExtension><gpxtpx:cad>0</gpxtpx:cad></gpxtpx:TrackPointExtension></extensions></trkpt><trkpt lat="15.2392988373" lon="73.9117934927"><ele>0.14</ele><time>2025-11-14T04:44:55Z</time><extensions><gpxtpx:TrackPointExtension><gpxtpx:cad>0</gpxtpx:cad></gpxtpx:TrackPointExtension></extensions></trkpt><trkpt lat="15.2391540818" lon="73.9117388427"><ele>0.14</ele><time>2025-11-14T04:45:00Z</time><extensions><gpxtpx:TrackPointExtension><gpxtpx:cad>0</gpxtpx:cad></gpxtpx:TrackPointExtension></extensions></trkpt><trkpt lat="15.2390084043" lon="73.9116813429"><ele>0.14</ele><time>2025-11-14T04:45:05Z</time><extensions><gpxtpx:TrackPointExtension><gpxtpx:cad>0</gpxtpx:cad></gpxtpx:TrackPointExtension></extensions></trkpt><trkpt lat="15.2388634812" lon="73.9116196521"><ele>0.62</ele><time>2025-11-14T04:45:10Z</time><extensions><gpxtpx:TrackPointExtension><gpxtpx:cad>0</gpxtpx:cad></gpxtpx:TrackPointExtension></extensions></trkpt><trkpt lat="15.2387196478" lon="73.9115554467"><ele>0.62</ele><time>2025-11-14T04:45:15Z</time><extensions><gpxtpx:TrackPointExtension><gpxtpx:cad>0</gpxtpx:cad></gpxtpx:TrackPointExtension></extensions></trkpt><trkpt lat="15.2385807596" lon="73.9114909060"><ele>0.62</ele><time>2025-11-14T04:45:20Z</time><extensions><gpxtpx:TrackPointExtension><gpxtpx:cad>0</gpxtpx:cad></gpxtpx:TrackPointExtension></extensions></trkpt><trkpt lat="15.2384862117" lon="73.9114396088"><ele>1.10</ele><time>2025-11-14T04:45:25Z</time><extensions><gpxtpx:TrackPointExtension><gpxtpx:cad>0</gpxtpx:cad></gpxtpx:TrackPointExtension></extensions></trkpt><trkpt lat="15.2384127025" lon="73.9113977831"><ele>0.62</ele><time>2025-11-14T04:45:30Z</time><extensions><gpxtpx:TrackPointExtension><gpxtpx:cad>0</gpxtpx:cad></gpxtpx:TrackPointExtension></extensions></trkpt><trkpt lat="15.2383529395" lon="73.9113673568"><ele>0.62</ele><time>2025-11-14T04:45:35Z</time><extensions><gpxtpx:TrackPointExtension><gpxtpx:cad>0</gpxtpx:cad></gpxtpx:TrackPointExtension></extensions></trkpt><trkpt lat="15.2383017261" lon="73.9113398641"><ele>0.62</ele><time>2025-11-14T04:45:40Z</time><extensions><gpxtpx:TrackPointExtension><gpxtpx:cad>0</gpxtpx:cad></gpxtpx:TrackPointExtension></extensions></trkpt><trkpt lat="15.2382570505" lon="73.9113201667"><ele>0.62</ele><time>2025-11-14T04:45:45Z</time><extensions><gpxtpx:TrackPointExtension><gpxtpx:cad>0</gpxtpx:cad></gpxtpx:TrackPointExtension></extensions></trkpt><trkpt lat="15.2382172365" lon="73.9113002177"><ele>0.62</ele><time>2025-11-14T04:45:50Z</time><extensions><gpxtpx:TrackPointExtension><gpxtpx:cad>0</gpxtpx:cad></gpxtpx:TrackPointExtension></extensions></trkpt><trkpt lat="15.2381839603" lon="73.9112813585"><ele>0.62</ele><time>2025-11-14T04:45:55Z</time><extensions><gpxtpx:TrackPointExtension><gpxtpx:cad>0</gpxtpx:cad></gpxtpx:TrackPointExtension></extensions></trkpt><trkpt lat="15.2381535340" lon="73.9112632535"><ele>1.10</ele><time>2025-11-14T04:46:00Z</time><extensions><gpxtpx:TrackPointExtension><gpxtpx:cad>0</gpxtpx:cad></gpxtpx:TrackPointExtension></extensions></trkpt><trkpt lat="15.2381259575" lon="73.9112424664"><ele>1.10</ele><time>2025-11-14T04:46:05Z</time><extensions><gpxtpx:TrackPointExtension><gpxtpx:cad>0</gpxtpx:cad></gpxtpx:TrackPointExtension></extensions></trkpt><trkpt lat="15.2381078526" lon="73.9112272952"><ele>1.10</ele><time>2025-11-14T04:46:10Z</time><extensions><gpxtpx:TrackPointExtension><gpxtpx:cad>0</gpxtpx:cad></gpxtpx:TrackPointExtension></extensions></trkpt><trkpt lat="15.2380884066" lon="73.9112133812"><ele>1.58</ele><time>2025-11-14T04:46:15Z</time><extensions><gpxtpx:TrackPointExtension><gpxtpx:cad>0</gpxtpx:cad></gpxtpx:TrackPointExtension></extensions></trkpt><trkpt lat="15.2380708046" lon="73.9111982938"><ele>1.58</ele><time>2025-11-14T04:46:20Z</time><extensions><gpxtpx:TrackPointExtension><gpxtpx:cad>0</gpxtpx:cad></gpxtpx:TrackPointExtension></extensions></trkpt><trkpt lat="15.2380557172" lon="73.9111832064"><ele>1.10</ele><time>2025-11-14T04:46:25Z</time><extensions><gpxtpx:TrackPointExtension><gpxtpx:cad>0</gpxtpx:cad></gpxtpx:TrackPointExtension></extensions></trkpt><trkpt lat="15.2380433120" lon="73.9111680351"><ele>1.58</ele><time>2025-11-14T04:46:30Z</time><extensions><gpxtpx:TrackPointExtension><gpxtpx:cad>0</gpxtpx:cad></gpxtpx:TrackPointExtension></extensions></trkpt><trkpt lat="15.2380341757" lon="73.9111540373"><ele>1.58</ele><time>2025-11-14T04:46:35Z</time><extensions><gpxtpx:TrackPointExtension><gpxtpx:cad>0</gpxtpx:cad></gpxtpx:TrackPointExtension></extensions></trkpt><trkpt lat="15.2380323317" lon="73.9111439791"><ele>2.06</ele><time>2025-11-14T04:46:40Z</time><extensions><gpxtpx:TrackPointExtension><gpxtpx:cad>0</gpxtpx:cad></gpxtpx:TrackPointExtension></extensions></trkpt><trkpt lat="15.2380233631" lon="73.9111278020"><ele>2.54</ele><time>2025-11-14T04:46:45Z</time><extensions><gpxtpx:TrackPointExtension><gpxtpx:cad>0</gpxtpx:cad></gpxtpx:TrackPointExtension></extensions></trkpt><trkpt lat="15.2380164899" lon="73.9111207612"><ele>2.54</ele><time>2025-11-14T04:46:50Z</time><extensions><gpxtpx:TrackPointExtension><gpxtpx:cad>0</gpxtpx:cad></gpxtpx:TrackPointExtension></extensions></trkpt><trkpt lat="15.2380071022" lon="73.9111061767"><ele>2.54</ele><time>2025-11-14T04:46:55Z</time><extensions><gpxtpx:TrackPointExtension><gpxtpx:cad>0</gpxtpx:cad></gpxtpx:TrackPointExtension></extensions></trkpt><trkpt lat="15.2380016539" lon="73.9110903349"><ele>2.54</ele><time>2025-11-14T04:47:00Z</time><extensions><gpxtpx:TrackPointExtension><gpxtpx:cad>0</gpxtpx:cad></gpxtpx:TrackPointExtension></extensions></trkpt><trkpt lat="15.2380008996" lon="73.9110840484"><ele>3.02</ele><time>2025-11-14T04:47:05Z</time><extensions><gpxtpx:TrackPointExtension><gpxtpx:cad>0</gpxtpx:cad></gpxtpx:TrackPointExtension></extensions></trkpt><trkpt lat="15.2379970439" lon="73.9110690448"><ele>2.54</ele><time>2025-11-14T04:47:10Z</time><extensions><gpxtpx:TrackPointExtension><gpxtpx:cad>0</gpxtpx:cad></gpxtpx:TrackPointExtension></extensions></trkpt><trkpt lat="15.2379943617" lon="73.9110657759"><ele>2.06</ele><time>2025-11-14T04:47:14Z</time><extensions><gpxtpx:TrackPointExtension><gpxtpx:cad>0</gpxtpx:cad></gpxtpx:TrackPointExtension></extensions></trkpt><trkpt lat="15.2379909251" lon="73.9110553823"><ele>1.10</ele><time>2025-11-14T04:47:20Z</time><extensions><gpxtpx:TrackPointExtension><gpxtpx:cad>0</gpxtpx:cad></gpxtpx:TrackPointExtension></extensions></trkpt><trkpt lat="15.2379884105" lon="73.9110470004"><ele>1.10</ele><time>2025-11-14T04:47:25Z</time><extensions><gpxtpx:TrackPointExtension><gpxtpx:cad>0</gpxtpx:cad></gpxtpx:TrackPointExtension></extensions></trkpt><trkpt lat="15.2379855607" lon="73.9110343438"><ele>0.62</ele><time>2025-11-14T04:47:30Z</time><extensions><gpxtpx:TrackPointExtension><gpxtpx:cad>0</gpxtpx:cad></gpxtpx:TrackPointExtension></extensions></trkpt><trkpt lat="15.2379846387" lon="73.9110311586"><ele>0.14</ele><time>2025-11-14T04:47:34Z</time><extensions><gpxtpx:TrackPointExtension><gpxtpx:cad>0</gpxtpx:cad></gpxtpx:TrackPointExtension></extensions></trkpt><trkpt lat="15.2379827108" lon="73.9110236149"><ele>-0.34</ele><time>2025-11-14T04:47:40Z</time><extensions><gpxtpx:TrackPointExtension><gpxtpx:cad>0</gpxtpx:cad></gpxtpx:TrackPointExtension></extensions></trkpt><trkpt lat="15.2379806153" lon="73.9110164903"><ele>-0.82</ele><time>2025-11-14T04:47:45Z</time><extensions><gpxtpx:TrackPointExtension><gpxtpx:cad>0</gpxtpx:cad></gpxtpx:TrackPointExtension></extensions></trkpt><trkpt lat="15.2379769273" lon="73.9110069349"><ele>-1.30</ele><time>2025-11-14T04:47:50Z</time><extensions><gpxtpx:TrackPointExtension><gpxtpx:cad>0</gpxtpx:cad></gpxtpx:TrackPointExtension></extensions></trkpt><trkpt lat="15.2379760891" lon="73.9109879080"><ele>0.62</ele><time>2025-11-14T04:47:54Z</time><extensions><gpxtpx:TrackPointExtension><gpxtpx:cad>0</gpxtpx:cad></gpxtpx:TrackPointExtension></extensions></trkpt><trkpt lat="15.2379752509" lon="73.9109698869"><ele>1.58</ele><time>2025-11-14T04:48:00Z</time><extensions><gpxtpx:TrackPointExtension><gpxtpx:cad>0</gpxtpx:cad></gpxtpx:TrackPointExtension></extensions></trkpt><trkpt lat="15.2379752509" lon="73.9109584875"><ele>1.58</ele><time>2025-11-14T04:48:05Z</time><extensions><gpxtpx:TrackPointExtension><gpxtpx:cad>0</gpxtpx:cad></gpxtpx:TrackPointExtension></extensions></trkpt><trkpt lat="15.2379758377" lon="73.9109505247"><ele>2.06</ele><time>2025-11-14T04:48:10Z</time><extensions><gpxtpx:TrackPointExtension><gpxtpx:cad>0</gpxtpx:cad></gpxtpx:TrackPointExtension></extensions></trkpt><trkpt lat="15.2379740775" lon="73.9109449927"><ele>2.06</ele><time>2025-11-14T04:48:15Z</time><extensions><gpxtpx:TrackPointExtension><gpxtpx:cad>0</gpxtpx:cad></gpxtpx:TrackPointExtension></extensions></trkpt><trkpt lat="15.2379734907" lon="73.9109368622"><ele>2.54</ele><time>2025-11-14T04:48:20Z</time><extensions><gpxtpx:TrackPointExtension><gpxtpx:cad>0</gpxtpx:cad></gpxtpx:TrackPointExtension></extensions></trkpt><trkpt lat="15.2379740775" lon="73.9109278936"><ele>3.02</ele><time>2025-11-14T04:48:25Z</time><extensions><gpxtpx:TrackPointExtension><gpxtpx:cad>0</gpxtpx:cad></gpxtpx:TrackPointExtension></extensions></trkpt><trkpt lat="15.2379739098" lon="73.9109232835"><ele>3.02</ele><time>2025-11-14T04:48:30Z</time><extensions><gpxtpx:TrackPointExtension><gpxtpx:cad>0</gpxtpx:cad></gpxtpx:TrackPointExtension></extensions></trkpt><trkpt lat="15.2379739098" lon="73.9109174162"><ele>3.50</ele><time>2025-11-14T04:48:35Z</time><extensions><gpxtpx:TrackPointExtension><gpxtpx:cad>0</gpxtpx:cad></gpxtpx:TrackPointExtension></extensions></trkpt><trkpt lat="15.2379762568" lon="73.9109103754"><ele>3.02</ele><time>2025-11-14T04:48:40Z</time><extensions><gpxtpx:TrackPointExtension><gpxtpx:cad>0</gpxtpx:cad></gpxtpx:TrackPointExtension></extensions></trkpt><trkpt lat="15.2379775979" lon="73.9109065197"><ele>3.02</ele><time>2025-11-14T04:48:45Z</time><extensions><gpxtpx:TrackPointExtension><gpxtpx:cad>0</gpxtpx:cad></gpxtpx:TrackPointExtension></extensions></trkpt><trkpt lat="15.2379814535" lon="73.9108925220"><ele>2.54</ele><time>2025-11-14T04:48:50Z</time><extensions><gpxtpx:TrackPointExtension><gpxtpx:cad>0</gpxtpx:cad></gpxtpx:TrackPointExtension></extensions></trkpt><trkpt lat="15.2379823755" lon="73.9108873252"><ele>2.54</ele><time>2025-11-14T04:48:55Z</time><extensions><gpxtpx:TrackPointExtension><gpxtpx:cad>0</gpxtpx:cad></gpxtpx:TrackPointExtension></extensions></trkpt><trkpt lat="15.2379743289" lon="73.9108808711"><ele>2.06</ele><time>2025-11-14T04:49:00Z</time><extensions><gpxtpx:TrackPointExtension><gpxtpx:cad>0</gpxtpx:cad></gpxtpx:TrackPointExtension></extensions></trkpt><trkpt lat="15.2379185893" lon="73.9108704776"><ele>2.06</ele><time>2025-11-14T04:49:05Z</time><extensions><gpxtpx:TrackPointExtension><gpxtpx:cad>0</gpxtpx:cad></gpxtpx:TrackPointExtension></extensions></trkpt><trkpt lat="15.2378161624" lon="73.9108881634"><ele>1.58</ele><time>2025-11-14T04:49:10Z</time><extensions><gpxtpx:TrackPointExtension><gpxtpx:cad>0</gpxtpx:cad></gpxtpx:TrackPointExtension></extensions></trkpt><trkpt lat="15.2376999054" lon="73.9109246247"><ele>1.10</ele><time>2025-11-14T04:49:15Z</time><extensions><gpxtpx:TrackPointExtension><gpxtpx:cad>0</gpxtpx:cad></gpxtpx:TrackPointExtension></extensions></trkpt><trkpt lat="15.2375688963" lon="73.9109706413"><ele>-0.34</ele><time>2025-11-14T04:49:20Z</time><extensions><gpxtpx:TrackPointExtension><gpxtpx:cad>0</gpxtpx:cad></gpxtpx:TrackPointExtension></extensions></trkpt><trkpt lat="15.2374389768" lon="73.9110287279"><ele>-0.34</ele><time>2025-11-14T04:49:25Z</time><extensions><gpxtpx:TrackPointExtension><gpxtpx:cad>0</gpxtpx:cad></gpxtpx:TrackPointExtension></extensions></trkpt><trkpt lat="15.2373099793" lon="73.9110842161"><ele>-0.82</ele><time>2025-11-14T04:49:30Z</time><extensions><gpxtpx:TrackPointExtension><gpxtpx:cad>0</gpxtpx:cad></gpxtpx:TrackPointExtension></extensions></trkpt><trkpt lat="15.2371688280" lon="73.9111219347"><ele>-0.82</ele><time>2025-11-14T04:49:35Z</time><extensions><gpxtpx:TrackPointExtension><gpxtpx:cad>0</gpxtpx:cad></gpxtpx:TrackPointExtension></extensions></trkpt><trkpt lat="15.2370322030" lon="73.9111569710"><ele>-0.34</ele><time>2025-11-14T04:49:40Z</time><extensions><gpxtpx:TrackPointExtension><gpxtpx:cad>0</gpxtpx:cad></gpxtpx:TrackPointExtension></extensions></trkpt><trkpt lat="15.2368916385" lon="73.9111837931"><ele>-0.34</ele><time>2025-11-14T04:49:45Z</time><extensions><gpxtpx:TrackPointExtension><gpxtpx:cad>0</gpxtpx:cad></gpxtpx:TrackPointExtension></extensions></trkpt><trkpt lat="15.2367477212" lon="73.9111569710"><ele>-0.34</ele><time>2025-11-14T04:49:50Z</time><extensions><gpxtpx:TrackPointExtension><gpxtpx:cad>0</gpxtpx:cad></gpxtpx:TrackPointExtension></extensions></trkpt><trkpt lat="15.2366037201" lon="73.9110783488"><ele>0.14</ele><time>2025-11-14T04:49:55Z</time><extensions><gpxtpx:TrackPointExtension><gpxtpx:cad>0</gpxtpx:cad></gpxtpx:TrackPointExtension></extensions></trkpt><trkpt lat="15.2364582941" lon="73.9109928533"><ele>0.14</ele><time>2025-11-14T04:50:00Z</time><extensions><gpxtpx:TrackPointExtension><gpxtpx:cad>0</gpxtpx:cad></gpxtpx:TrackPointExtension></extensions></trkpt><trkpt lat="15.2363178972" lon="73.9109062683"><ele>0.62</ele><time>2025-11-14T04:50:05Z</time><extensions><gpxtpx:TrackPointExtension><gpxtpx:cad>0</gpxtpx:cad></gpxtpx:TrackPointExtension></extensions></trkpt><trkpt lat="15.2361743152" lon="73.9108185098"><ele>0.62</ele><time>2025-11-14T04:50:10Z</time><extensions><gpxtpx:TrackPointExtension><gpxtpx:cad>0</gpxtpx:cad></gpxtpx:TrackPointExtension></extensions></trkpt><trkpt lat="15.2360327449" lon="73.9107219502"><ele>0.62</ele><time>2025-11-14T04:50:15Z</time><extensions><gpxtpx:TrackPointExtension><gpxtpx:cad>0</gpxtpx:cad></gpxtpx:TrackPointExtension></extensions></trkpt><trkpt lat="15.2359020710" lon="73.9106201101"><ele>0.14</ele><time>2025-11-14T04:50:20Z</time><extensions><gpxtpx:TrackPointExtension><gpxtpx:cad>0</gpxtpx:cad></gpxtpx:TrackPointExtension></extensions></trkpt><trkpt lat="15.2357741632" lon="73.9105164260"><ele>1.10</ele><time>2025-11-14T04:50:25Z</time><extensions><gpxtpx:TrackPointExtension><gpxtpx:cad>0</gpxtpx:cad></gpxtpx:TrackPointExtension></extensions></trkpt><trkpt lat="15.2356455009" lon="73.9104183577"><ele>1.10</ele><time>2025-11-14T04:50:30Z</time><extensions><gpxtpx:TrackPointExtension><gpxtpx:cad>0</gpxtpx:cad></gpxtpx:TrackPointExtension></extensions></trkpt><trkpt lat="15.2355176769" lon="73.9103233907"><ele>1.10</ele><time>2025-11-14T04:50:35Z</time><extensions><gpxtpx:TrackPointExtension><gpxtpx:cad>0</gpxtpx:cad></gpxtpx:TrackPointExtension></extensions></trkpt><trkpt lat="15.2353783697" lon="73.9102352131"><ele>0.62</ele><time>2025-11-14T04:50:40Z</time><extensions><gpxtpx:TrackPointExtension><gpxtpx:cad>0</gpxtpx:cad></gpxtpx:TrackPointExtension></extensions></trkpt><trkpt lat="15.2352402359" lon="73.9101567585"><ele>0.62</ele><time>2025-11-14T04:50:45Z</time><extensions><gpxtpx:TrackPointExtension><gpxtpx:cad>0</gpxtpx:cad></gpxtpx:TrackPointExtension></extensions></trkpt><trkpt lat="15.2350965701" lon="73.9100803155"><ele>0.62</ele><time>2025-11-14T04:50:50Z</time><extensions><gpxtpx:TrackPointExtension><gpxtpx:cad>0</gpxtpx:cad></gpxtpx:TrackPointExtension></extensions></trkpt><trkpt lat="15.2349513117" lon="73.9100103267"><ele>0.14</ele><time>2025-11-14T04:50:55Z</time><extensions><gpxtpx:TrackPointExtension><gpxtpx:cad>0</gpxtpx:cad></gpxtpx:TrackPointExtension></extensions></trkpt><trkpt lat="15.2348004375" lon="73.9099231549"><ele>0.62</ele><time>2025-11-14T04:51:00Z</time><extensions><gpxtpx:TrackPointExtension><gpxtpx:cad>0</gpxtpx:cad></gpxtpx:TrackPointExtension></extensions></trkpt><trkpt lat="15.2346472163" lon="73.9098412637"><ele>0.62</ele><time>2025-11-14T04:51:05Z</time><extensions><gpxtpx:TrackPointExtension><gpxtpx:cad>0</gpxtpx:cad></gpxtpx:TrackPointExtension></extensions></trkpt><trkpt lat="15.2344968449" lon="73.9097634796"><ele>1.10</ele><time>2025-11-14T04:51:10Z</time><extensions><gpxtpx:TrackPointExtension><gpxtpx:cad>0</gpxtpx:cad></gpxtpx:TrackPointExtension></extensions></trkpt><trkpt lat="15.2343498264" lon="73.9096934069"><ele>0.14</ele><time>2025-11-14T04:51:15Z</time><extensions><gpxtpx:TrackPointExtension><gpxtpx:cad>0</gpxtpx:cad></gpxtpx:TrackPointExtension></extensions></trkpt><trkpt lat="15.2342068311" lon="73.9096204843"><ele>0.62</ele><time>2025-11-14T04:51:20Z</time><extensions><gpxtpx:TrackPointExtension><gpxtpx:cad>0</gpxtpx:cad></gpxtpx:TrackPointExtension></extensions></trkpt><trkpt lat="15.2340613212" lon="73.9095452148"><ele>1.10</ele><time>2025-11-14T04:51:25Z</time><extensions><gpxtpx:TrackPointExtension><gpxtpx:cad>0</gpxtpx:cad></gpxtpx:TrackPointExtension></extensions></trkpt><trkpt lat="15.2339157276" lon="73.9094758965"><ele>1.10</ele><time>2025-11-14T04:51:30Z</time><extensions><gpxtpx:TrackPointExtension><gpxtpx:cad>0</gpxtpx:cad></gpxtpx:TrackPointExtension></extensions></trkpt><trkpt lat="15.2337653562" lon="73.9094167203"><ele>1.10</ele><time>2025-11-14T04:51:35Z</time><extensions><gpxtpx:TrackPointExtension><gpxtpx:cad>0</gpxtpx:cad></gpxtpx:TrackPointExtension></extensions></trkpt><trkpt lat="15.2336141467" lon="73.9093558677"><ele>1.58</ele><time>2025-11-14T04:51:40Z</time><extensions><gpxtpx:TrackPointExtension><gpxtpx:cad>0</gpxtpx:cad></gpxtpx:TrackPointExtension></extensions></trkpt><trkpt lat="15.2334712353" lon="73.9092835318"><ele>1.10</ele><time>2025-11-14T04:51:45Z</time><extensions><gpxtpx:TrackPointExtension><gpxtpx:cad>0</gpxtpx:cad></gpxtpx:TrackPointExtension></extensions></trkpt><trkpt lat="15.2333267312" lon="73.9092079271"><ele>1.10</ele><time>2025-11-14T04:51:50Z</time><extensions><gpxtpx:TrackPointExtension><gpxtpx:cad>0</gpxtpx:cad></gpxtpx:TrackPointExtension></extensions></trkpt><trkpt lat="15.2331825625" lon="73.9091277122"><ele>0.62</ele><time>2025-11-14T04:51:55Z</time><extensions><gpxtpx:TrackPointExtension><gpxtpx:cad>0</gpxtpx:cad></gpxtpx:TrackPointExtension></extensions></trkpt><trkpt lat="15.2330410760" lon="73.9090423007"><ele>0.14</ele><time>2025-11-14T04:52:00Z</time><extensions><gpxtpx:TrackPointExtension><gpxtpx:cad>0</gpxtpx:cad></gpxtpx:TrackPointExtension></extensions></trkpt><trkpt lat="15.2328947280" lon="73.9089617506"><ele>0.62</ele><time>2025-11-14T04:52:05Z</time><extensions><gpxtpx:TrackPointExtension><gpxtpx:cad>0</gpxtpx:cad></gpxtpx:TrackPointExtension></extensions></trkpt><trkpt lat="15.2327421773" lon="73.9088927675"><ele>0.14</ele><time>2025-11-14T04:52:10Z</time><extensions><gpxtpx:TrackPointExtension><gpxtpx:cad>0</gpxtpx:cad></gpxtpx:TrackPointExtension></extensions></trkpt><trkpt lat="15.2325892914" lon="73.9088345133"><ele>0.62</ele><time>2025-11-14T04:52:15Z</time><extensions><gpxtpx:TrackPointExtension><gpxtpx:cad>0</gpxtpx:cad></gpxtpx:TrackPointExtension></extensions></trkpt><trkpt lat="15.2324333042" lon="73.9087832160"><ele>0.62</ele><time>2025-11-14T04:52:20Z</time><extensions><gpxtpx:TrackPointExtension><gpxtpx:cad>0</gpxtpx:cad></gpxtpx:TrackPointExtension></extensions></trkpt><trkpt lat="15.2322765626" lon="73.9087358583"><ele>1.10</ele><time>2025-11-14T04:52:25Z</time><extensions><gpxtpx:TrackPointExtension><gpxtpx:cad>0</gpxtpx:cad></gpxtpx:TrackPointExtension></extensions></trkpt><trkpt lat="15.2321267780" lon="73.9086842258"><ele>1.58</ele><time>2025-11-14T04:52:30Z</time><extensions><gpxtpx:TrackPointExtension><gpxtpx:cad>0</gpxtpx:cad></gpxtpx:TrackPointExtension></extensions></trkpt><trkpt lat="15.2319712099" lon="73.9086346887"><ele>1.58</ele><time>2025-11-14T04:52:35Z</time><extensions><gpxtpx:TrackPointExtension><gpxtpx:cad>0</gpxtpx:cad></gpxtpx:TrackPointExtension></extensions></trkpt><trkpt lat="15.2318146359" lon="73.9085874148"><ele>1.10</ele><time>2025-11-14T04:52:40Z</time><extensions><gpxtpx:TrackPointExtension><gpxtpx:cad>0</gpxtpx:cad></gpxtpx:TrackPointExtension></extensions></trkpt><trkpt lat="15.2316582296" lon="73.9085380454"><ele>0.62</ele><time>2025-11-14T04:52:45Z</time><extensions><gpxtpx:TrackPointExtension><gpxtpx:cad>0</gpxtpx:cad></gpxtpx:TrackPointExtension></extensions></trkpt><trkpt lat="15.2315046731" lon="73.9084864128"><ele>0.14</ele><time>2025-11-14T04:52:50Z</time><extensions><gpxtpx:TrackPointExtension><gpxtpx:cad>0</gpxtpx:cad></gpxtpx:TrackPointExtension></extensions></trkpt><trkpt lat="15.2313486021" lon="73.9084340259"><ele>0.14</ele><time>2025-11-14T04:52:55Z</time><extensions><gpxtpx:TrackPointExtension><gpxtpx:cad>0</gpxtpx:cad></gpxtpx:TrackPointExtension></extensions></trkpt><trkpt lat="15.2311954647" lon="73.9083842374"><ele>0.14</ele><time>2025-11-14T04:53:00Z</time><extensions><gpxtpx:TrackPointExtension><gpxtpx:cad>0</gpxtpx:cad></gpxtpx:TrackPointExtension></extensions></trkpt><trkpt lat="15.2310455963" lon="73.9083169308"><ele>0.14</ele><time>2025-11-14T04:53:05Z</time><extensions><gpxtpx:TrackPointExtension><gpxtpx:cad>0</gpxtpx:cad></gpxtpx:TrackPointExtension></extensions></trkpt><trkpt lat="15.2308934648" lon="73.9082642086"><ele>0.14</ele><time>2025-11-14T04:53:10Z</time><extensions><gpxtpx:TrackPointExtension><gpxtpx:cad>0</gpxtpx:cad></gpxtpx:TrackPointExtension></extensions></trkpt><trkpt lat="15.2307405788" lon="73.9082076307"><ele>0.14</ele><time>2025-11-14T04:53:15Z</time><extensions><gpxtpx:TrackPointExtension><gpxtpx:cad>0</gpxtpx:cad></gpxtpx:TrackPointExtension></extensions></trkpt><trkpt lat="15.2305849269" lon="73.9081538189"><ele>0.62</ele><time>2025-11-14T04:53:20Z</time><extensions><gpxtpx:TrackPointExtension><gpxtpx:cad>0</gpxtpx:cad></gpxtpx:TrackPointExtension></extensions></trkpt><trkpt lat="15.2304283530" lon="73.9081032760"><ele>0.62</ele><time>2025-11-14T04:53:25Z</time><extensions><gpxtpx:TrackPointExtension><gpxtpx:cad>0</gpxtpx:cad></gpxtpx:TrackPointExtension></extensions></trkpt><trkpt lat="15.2302747127" lon="73.9080461115"><ele>0.62</ele><time>2025-11-14T04:53:30Z</time><extensions><gpxtpx:TrackPointExtension><gpxtpx:cad>0</gpxtpx:cad></gpxtpx:TrackPointExtension></extensions></trkpt><trkpt lat="15.2301217429" lon="73.9079830796"><ele>1.10</ele><time>2025-11-14T04:53:35Z</time><extensions><gpxtpx:TrackPointExtension><gpxtpx:cad>0</gpxtpx:cad></gpxtpx:TrackPointExtension></extensions></trkpt><trkpt lat="15.2299712040" lon="73.9079175331"><ele>1.10</ele><time>2025-11-14T04:53:40Z</time><extensions><gpxtpx:TrackPointExtension><gpxtpx:cad>0</gpxtpx:cad></gpxtpx:TrackPointExtension></extensions></trkpt><trkpt lat="15.2298235148" lon="73.9078455325"><ele>1.10</ele><time>2025-11-14T04:53:45Z</time><extensions><gpxtpx:TrackPointExtension><gpxtpx:cad>0</gpxtpx:cad></gpxtpx:TrackPointExtension></extensions></trkpt><trkpt lat="15.2296803519" lon="73.9077789802"><ele>0.14</ele><time>2025-11-14T04:53:50Z</time><extensions><gpxtpx:TrackPointExtension><gpxtpx:cad>0</gpxtpx:cad></gpxtpx:TrackPointExtension></extensions></trkpt><trkpt lat="15.2295325790" lon="73.9077065606"><ele>0.14</ele><time>2025-11-14T04:53:55Z</time><extensions><gpxtpx:TrackPointExtension><gpxtpx:cad>0</gpxtpx:cad></gpxtpx:TrackPointExtension></extensions></trkpt><trkpt lat="15.2293870691" lon="73.9076255914"><ele>0.14</ele><time>2025-11-14T04:54:00Z</time><extensions><gpxtpx:TrackPointExtension><gpxtpx:cad>0</gpxtpx:cad></gpxtpx:TrackPointExtension></extensions></trkpt><trkpt lat="15.2292456664" lon="73.9075391740"><ele>0.14</ele><time>2025-11-14T04:54:05Z</time><extensions><gpxtpx:TrackPointExtension><gpxtpx:cad>0</gpxtpx:cad></gpxtpx:TrackPointExtension></extensions></trkpt><trkpt lat="15.2291004080" lon="73.9074563608"><ele>0.14</ele><time>2025-11-14T04:54:10Z</time><extensions><gpxtpx:TrackPointExtension><gpxtpx:cad>0</gpxtpx:cad></gpxtpx:TrackPointExtension></extensions></trkpt><trkpt lat="15.2289511263" lon="73.9073898923"><ele>0.14</ele><time>2025-11-14T04:54:15Z</time><extensions><gpxtpx:TrackPointExtension><gpxtpx:cad>0</gpxtpx:cad></gpxtpx:TrackPointExtension></extensions></trkpt><trkpt lat="15.2288029343" lon="73.9073340688"><ele>0.62</ele><time>2025-11-14T04:54:20Z</time><extensions><gpxtpx:TrackPointExtension><gpxtpx:cad>0</gpxtpx:cad></gpxtpx:TrackPointExtension></extensions></trkpt><trkpt lat="15.2286467794" lon="73.9072886389"><ele>1.58</ele><time>2025-11-14T04:54:25Z</time><extensions><gpxtpx:TrackPointExtension><gpxtpx:cad>0</gpxtpx:cad></gpxtpx:TrackPointExtension></extensions></trkpt><trkpt lat="15.2284870204" lon="73.9072536863"><ele>1.58</ele><time>2025-11-14T04:54:30Z</time><extensions><gpxtpx:TrackPointExtension><gpxtpx:cad>0</gpxtpx:cad></gpxtpx:TrackPointExtension></extensions></trkpt><trkpt lat="15.2283264231" lon="73.9072229248"><ele>2.06</ele><time>2025-11-14T04:54:35Z</time><extensions><gpxtpx:TrackPointExtension><gpxtpx:cad>0</gpxtpx:cad></gpxtpx:TrackPointExtension></extensions></trkpt><trkpt lat="15.2281684242" lon="73.9071940072"><ele>2.54</ele><time>2025-11-14T04:54:40Z</time><extensions><gpxtpx:TrackPointExtension><gpxtpx:cad>0</gpxtpx:cad></gpxtpx:TrackPointExtension></extensions></trkpt><trkpt lat="15.2280038875" lon="73.9071671013"><ele>2.06</ele><time>2025-11-14T04:54:45Z</time><extensions><gpxtpx:TrackPointExtension><gpxtpx:cad>0</gpxtpx:cad></gpxtpx:TrackPointExtension></extensions></trkpt><trkpt lat="15.2278458048" lon="73.9071366750"><ele>2.06</ele><time>2025-11-14T04:54:50Z</time><extensions><gpxtpx:TrackPointExtension><gpxtpx:cad>0</gpxtpx:cad></gpxtpx:TrackPointExtension></extensions></trkpt><trkpt lat="15.2276875544" lon="73.9071085956"><ele>2.06</ele><time>2025-11-14T04:54:55Z</time><extensions><gpxtpx:TrackPointExtension><gpxtpx:cad>0</gpxtpx:cad></gpxtpx:TrackPointExtension></extensions></trkpt><trkpt lat="15.2275314834" lon="73.9070701227"><ele>1.58</ele><time>2025-11-14T04:55:00Z</time><extensions><gpxtpx:TrackPointExtension><gpxtpx:cad>0</gpxtpx:cad></gpxtpx:TrackPointExtension></extensions></trkpt><trkpt lat="15.2273809444" lon="73.9070132095"><ele>1.58</ele><time>2025-11-14T04:55:05Z</time><extensions><gpxtpx:TrackPointExtension><gpxtpx:cad>0</gpxtpx:cad></gpxtpx:TrackPointExtension></extensions></trkpt><trkpt lat="15.2272320818" lon="73.9069431368"><ele>1.58</ele><time>2025-11-14T04:55:10Z</time><extensions><gpxtpx:TrackPointExtension><gpxtpx:cad>0</gpxtpx:cad></gpxtpx:TrackPointExtension></extensions></trkpt><trkpt lat="15.2270838898" lon="73.9068728965"><ele>1.10</ele><time>2025-11-14T04:55:15Z</time><extensions><gpxtpx:TrackPointExtension><gpxtpx:cad>0</gpxtpx:cad></gpxtpx:TrackPointExtension></extensions></trkpt><trkpt lat="15.2269342728" lon="73.9068005607"><ele>0.62</ele><time>2025-11-14T04:55:20Z</time><extensions><gpxtpx:TrackPointExtension><gpxtpx:cad>0</gpxtpx:cad></gpxtpx:TrackPointExtension></extensions></trkpt><trkpt lat="15.2267824765" lon="73.9067252073"><ele>0.14</ele><time>2025-11-14T04:55:25Z</time><extensions><gpxtpx:TrackPointExtension><gpxtpx:cad>0</gpxtpx:cad></gpxtpx:TrackPointExtension></extensions></trkpt><trkpt lat="15.2266316023" lon="73.9066406339"><ele>0.14</ele><time>2025-11-14T04:55:30Z</time><extensions><gpxtpx:TrackPointExtension><gpxtpx:cad>0</gpxtpx:cad></gpxtpx:TrackPointExtension></extensions></trkpt><trkpt lat="15.2264863439" lon="73.9065640233"><ele>0.62</ele><time>2025-11-14T04:55:35Z</time><extensions><gpxtpx:TrackPointExtension><gpxtpx:cad>0</gpxtpx:cad></gpxtpx:TrackPointExtension></extensions></trkpt><trkpt lat="15.2263522334" lon="73.9065485168"><ele>0.14</ele><time>2025-11-14T04:55:40Z</time><extensions><gpxtpx:TrackPointExtension><gpxtpx:cad>0</gpxtpx:cad></gpxtpx:TrackPointExtension></extensions></trkpt><trkpt lat="15.2262361441" lon="73.9066108782"><ele>0.62</ele><time>2025-11-14T04:55:45Z</time><extensions><gpxtpx:TrackPointExtension><gpxtpx:cad>0</gpxtpx:cad></gpxtpx:TrackPointExtension></extensions></trkpt><trkpt lat="15.2261389978" lon="73.9067286439"><ele>0.62</ele><time>2025-11-14T04:55:50Z</time><extensions><gpxtpx:TrackPointExtension><gpxtpx:cad>0</gpxtpx:cad></gpxtpx:TrackPointExtension></extensions></trkpt><trkpt lat="15.2260580286" lon="73.9068650175"><ele>0.14</ele><time>2025-11-14T04:55:55Z</time><extensions><gpxtpx:TrackPointExtension><gpxtpx:cad>0</gpxtpx:cad></gpxtpx:TrackPointExtension></extensions></trkpt><trkpt lat="15.2259696834" lon="73.9069956075"><ele>0.62</ele><time>2025-11-14T04:56:00Z</time><extensions><gpxtpx:TrackPointExtension><gpxtpx:cad>0</gpxtpx:cad></gpxtpx:TrackPointExtension></extensions></trkpt><trkpt lat="15.2258710284" lon="73.9071215037"><ele>1.10</ele><time>2025-11-14T04:56:05Z</time><extensions><gpxtpx:TrackPointExtension><gpxtpx:cad>0</gpxtpx:cad></gpxtpx:TrackPointExtension></extensions></trkpt><trkpt lat="15.2257840242" lon="73.9072480705"><ele>1.10</ele><time>2025-11-14T04:56:10Z</time><extensions><gpxtpx:TrackPointExtension><gpxtpx:cad>0</gpxtpx:cad></gpxtpx:TrackPointExtension></extensions></trkpt><trkpt lat="15.2256994508" lon="73.9073881321"><ele>1.58</ele><time>2025-11-14T04:56:15Z</time><extensions><gpxtpx:TrackPointExtension><gpxtpx:cad>0</gpxtpx:cad></gpxtpx:TrackPointExtension></extensions></trkpt><trkpt lat="15.2256118599" lon="73.9075312112"><ele>1.58</ele><time>2025-11-14T04:56:20Z</time><extensions><gpxtpx:TrackPointExtension><gpxtpx:cad>0</gpxtpx:cad></gpxtpx:TrackPointExtension></extensions></trkpt><trkpt lat="15.2255357523" lon="73.9076908864"><ele>1.10</ele><time>2025-11-14T04:56:25Z</time><extensions><gpxtpx:TrackPointExtension><gpxtpx:cad>0</gpxtpx:cad></gpxtpx:TrackPointExtension></extensions></trkpt><trkpt lat="15.2254707925" lon="73.9078406710"><ele>1.10</ele><time>2025-11-14T04:56:30Z</time><extensions><gpxtpx:TrackPointExtension><gpxtpx:cad>0</gpxtpx:cad></gpxtpx:TrackPointExtension></extensions></trkpt><trkpt lat="15.2253929246" lon="73.9079924673"><ele>1.58</ele><time>2025-11-14T04:56:35Z</time><extensions><gpxtpx:TrackPointExtension><gpxtpx:cad>0</gpxtpx:cad></gpxtpx:TrackPointExtension></extensions></trkpt><trkpt lat="15.2253189124" lon="73.9081374742"><ele>1.10</ele><time>2025-11-14T04:56:40Z</time><extensions><gpxtpx:TrackPointExtension><gpxtpx:cad>0</gpxtpx:cad></gpxtpx:TrackPointExtension></extensions></trkpt><trkpt lat="15.2252417151" lon="73.9082853310"><ele>1.10</ele><time>2025-11-14T04:56:45Z</time><extensions><gpxtpx:TrackPointExtension><gpxtpx:cad>0</gpxtpx:cad></gpxtpx:TrackPointExtension></extensions></trkpt><trkpt lat="15.2251636796" lon="73.9084312599"><ele>0.62</ele><time>2025-11-14T04:56:50Z</time><extensions><gpxtpx:TrackPointExtension><gpxtpx:cad>0</gpxtpx:cad></gpxtpx:TrackPointExtension></extensions></trkpt><trkpt lat="15.2250869013" lon="73.9085834753"><ele>0.14</ele><time>2025-11-14T04:56:55Z</time><extensions><gpxtpx:TrackPointExtension><gpxtpx:cad>0</gpxtpx:cad></gpxtpx:TrackPointExtension></extensions></trkpt><trkpt lat="15.2250060998" lon="73.9087288175"><ele>0.14</ele><time>2025-11-14T04:57:00Z</time><extensions><gpxtpx:TrackPointExtension><gpxtpx:cad>0</gpxtpx:cad></gpxtpx:TrackPointExtension></extensions></trkpt><trkpt lat="15.2249399666" lon="73.9088785183"><ele>-0.34</ele><time>2025-11-14T04:57:05Z</time><extensions><gpxtpx:TrackPointExtension><gpxtpx:cad>0</gpxtpx:cad></gpxtpx:TrackPointExtension></extensions></trkpt><trkpt lat="15.2248742525" lon="73.9090278000"><ele>-0.82</ele><time>2025-11-14T04:57:10Z</time><extensions><gpxtpx:TrackPointExtension><gpxtpx:cad>0</gpxtpx:cad></gpxtpx:TrackPointExtension></extensions></trkpt><trkpt lat="15.2248083707" lon="73.9091710467"><ele>-1.30</ele><time>2025-11-14T04:57:15Z</time><extensions><gpxtpx:TrackPointExtension><gpxtpx:cad>0</gpxtpx:cad></gpxtpx:TrackPointExtension></extensions></trkpt><trkpt lat="15.2247408964" lon="73.9093163051"><ele>-1.30</ele><time>2025-11-14T04:57:20Z</time><extensions><gpxtpx:TrackPointExtension><gpxtpx:cad>0</gpxtpx:cad></gpxtpx:TrackPointExtension></extensions></trkpt><trkpt lat="15.2246657107" lon="73.9094668441"><ele>-1.30</ele><time>2025-11-14T04:57:25Z</time><extensions><gpxtpx:TrackPointExtension><gpxtpx:cad>0</gpxtpx:cad></gpxtpx:TrackPointExtension></extensions></trkpt><trkpt lat="15.2245937102" lon="73.9096124377"><ele>-2.27</ele><time>2025-11-14T04:57:30Z</time><extensions><gpxtpx:TrackPointExtension><gpxtpx:cad>0</gpxtpx:cad></gpxtpx:TrackPointExtension></extensions></trkpt><trkpt lat="15.2245218772" lon="73.9097538404"><ele>-2.75</ele><time>2025-11-14T04:57:35Z</time><extensions><gpxtpx:TrackPointExtension><gpxtpx:cad>0</gpxtpx:cad></gpxtpx:TrackPointExtension></extensions></trkpt><trkpt lat="15.2244528942" lon="73.9099061396"><ele>-3.23</ele><time>2025-11-14T04:57:40Z</time><extensions><gpxtpx:TrackPointExtension><gpxtpx:cad>0</gpxtpx:cad></gpxtpx:TrackPointExtension></extensions></trkpt><trkpt lat="15.2243727632" lon="73.9100503083"><ele>-3.23</ele><time>2025-11-14T04:57:45Z</time><extensions><gpxtpx:TrackPointExtension><gpxtpx:cad>0</gpxtpx:cad></gpxtpx:TrackPointExtension></extensions></trkpt><trkpt lat="15.2242787182" lon="73.9101919625"><ele>-3.23</ele><time>2025-11-14T04:57:50Z</time><extensions><gpxtpx:TrackPointExtension><gpxtpx:cad>0</gpxtpx:cad></gpxtpx:TrackPointExtension></extensions></trkpt><trkpt lat="15.2241817396" lon="73.9103175234"><ele>-2.75</ele><time>2025-11-14T04:57:55Z</time><extensions><gpxtpx:TrackPointExtension><gpxtpx:cad>0</gpxtpx:cad></gpxtpx:TrackPointExtension></extensions></trkpt><trkpt lat="15.2240832523" lon="73.9104554057"><ele>-2.75</ele><time>2025-11-14T04:58:00Z</time><extensions><gpxtpx:TrackPointExtension><gpxtpx:cad>0</gpxtpx:cad></gpxtpx:TrackPointExtension></extensions></trkpt><trkpt lat="15.2239956614" lon="73.9105854090"><ele>-1.79</ele><time>2025-11-14T04:58:05Z</time><extensions><gpxtpx:TrackPointExtension><gpxtpx:cad>0</gpxtpx:cad></gpxtpx:TrackPointExtension></extensions></trkpt><trkpt lat="15.2238958329" lon="73.9107135683"><ele>-1.30</ele><time>2025-11-14T04:58:10Z</time><extensions><gpxtpx:TrackPointExtension><gpxtpx:cad>0</gpxtpx:cad></gpxtpx:TrackPointExtension></extensions></trkpt><trkpt lat="15.2237920649" lon="73.9108351897"><ele>-1.30</ele><time>2025-11-14T04:58:15Z</time><extensions><gpxtpx:TrackPointExtension><gpxtpx:cad>0</gpxtpx:cad></gpxtpx:TrackPointExtension></extensions></trkpt><trkpt lat="15.2236852795" lon="73.9109629299"><ele>-0.82</ele><time>2025-11-14T04:58:20Z</time><extensions><gpxtpx:TrackPointExtension><gpxtpx:cad>0</gpxtpx:cad></gpxtpx:TrackPointExtension></extensions></trkpt><trkpt lat="15.2235755604" lon="73.9110811148"><ele>-0.82</ele><time>2025-11-14T04:58:25Z</time><extensions><gpxtpx:TrackPointExtension><gpxtpx:cad>0</gpxtpx:cad></gpxtpx:TrackPointExtension></extensions></trkpt><trkpt lat="15.2234598901" lon="73.9112009760"><ele>-0.34</ele><time>2025-11-14T04:58:30Z</time><extensions><gpxtpx:TrackPointExtension><gpxtpx:cad>0</gpxtpx:cad></gpxtpx:TrackPointExtension></extensions></trkpt><trkpt lat="15.2233320661" lon="73.9113046601"><ele>-0.34</ele><time>2025-11-14T04:58:35Z</time><extensions><gpxtpx:TrackPointExtension><gpxtpx:cad>0</gpxtpx:cad></gpxtpx:TrackPointExtension></extensions></trkpt><trkpt lat="15.2232124563" lon="73.9114044048"><ele>0.14</ele><time>2025-11-14T04:58:40Z</time><extensions><gpxtpx:TrackPointExtension><gpxtpx:cad>0</gpxtpx:cad></gpxtpx:TrackPointExtension></extensions></trkpt><trkpt lat="15.2230953611" lon="73.9115142077"><ele>0.14</ele><time>2025-11-14T04:58:45Z</time><extensions><gpxtpx:TrackPointExtension><gpxtpx:cad>0</gpxtpx:cad></gpxtpx:TrackPointExtension></extensions></trkpt><trkpt lat="15.2229944430" lon="73.9116354939"><ele>0.14</ele><time>2025-11-14T04:58:50Z</time><extensions><gpxtpx:TrackPointExtension><gpxtpx:cad>0</gpxtpx:cad></gpxtpx:TrackPointExtension></extensions></trkpt><trkpt lat="15.2229014877" lon="73.9117710292"><ele>0.62</ele><time>2025-11-14T04:58:55Z</time><extensions><gpxtpx:TrackPointExtension><gpxtpx:cad>0</gpxtpx:cad></gpxtpx:TrackPointExtension></extensions></trkpt><trkpt lat="15.2228122205" lon="73.9119120967"><ele>0.62</ele><time>2025-11-14T04:59:00Z</time><extensions><gpxtpx:TrackPointExtension><gpxtpx:cad>0</gpxtpx:cad></gpxtpx:TrackPointExtension></extensions></trkpt><trkpt lat="15.2227257192" lon="73.9120468777"><ele>0.62</ele><time>2025-11-14T04:59:05Z</time><extensions><gpxtpx:TrackPointExtension><gpxtpx:cad>0</gpxtpx:cad></gpxtpx:TrackPointExtension></extensions></trkpt><trkpt lat="15.2226347756" lon="73.9121838380"><ele>1.10</ele><time>2025-11-14T04:59:10Z</time><extensions><gpxtpx:TrackPointExtension><gpxtpx:cad>0</gpxtpx:cad></gpxtpx:TrackPointExtension></extensions></trkpt><trkpt lat="15.2225474361" lon="73.9123175293"><ele>1.10</ele><time>2025-11-14T04:59:15Z</time><extensions><gpxtpx:TrackPointExtension><gpxtpx:cad>0</gpxtpx:cad></gpxtpx:TrackPointExtension></extensions></trkpt><trkpt lat="15.2224555705" lon="73.9124540705"><ele>1.10</ele><time>2025-11-14T04:59:20Z</time><extensions><gpxtpx:TrackPointExtension><gpxtpx:cad>0</gpxtpx:cad></gpxtpx:TrackPointExtension></extensions></trkpt><trkpt lat="15.2223830670" lon="73.9125932101"><ele>1.10</ele><time>2025-11-14T04:59:25Z</time><extensions><gpxtpx:TrackPointExtension><gpxtpx:cad>0</gpxtpx:cad></gpxtpx:TrackPointExtension></extensions></trkpt><trkpt lat="15.2223017626" lon="73.9127348643"><ele>1.10</ele><time>2025-11-14T04:59:30Z</time><extensions><gpxtpx:TrackPointExtension><gpxtpx:cad>0</gpxtpx:cad></gpxtpx:TrackPointExtension></extensions></trkpt><trkpt lat="15.2222097293" lon="73.9128709864"><ele>1.10</ele><time>2025-11-14T04:59:35Z</time><extensions><gpxtpx:TrackPointExtension><gpxtpx:cad>0</gpxtpx:cad></gpxtpx:TrackPointExtension></extensions></trkpt><trkpt lat="15.2221202943" lon="73.9130058512"><ele>1.10</ele><time>2025-11-14T04:59:40Z</time><extensions><gpxtpx:TrackPointExtension><gpxtpx:cad>0</gpxtpx:cad></gpxtpx:TrackPointExtension></extensions></trkpt><trkpt lat="15.2220264170" lon="73.9131400455"><ele>1.10</ele><time>2025-11-14T04:59:45Z</time><extensions><gpxtpx:TrackPointExtension><gpxtpx:cad>0</gpxtpx:cad></gpxtpx:TrackPointExtension></extensions></trkpt><trkpt lat="15.2219312824" lon="73.9132679533"><ele>1.10</ele><time>2025-11-14T04:59:50Z</time><extensions><gpxtpx:TrackPointExtension><gpxtpx:cad>0</gpxtpx:cad></gpxtpx:TrackPointExtension></extensions></trkpt><trkpt lat="15.2218344714" lon="73.9134011418"><ele>1.10</ele><time>2025-11-14T04:59:55Z</time><extensions><gpxtpx:TrackPointExtension><gpxtpx:cad>0</gpxtpx:cad></gpxtpx:TrackPointExtension></extensions></trkpt><trkpt lat="15.2217400912" lon="73.9135319833"><ele>1.10</ele><time>2025-11-14T05:00:00Z</time><extensions><gpxtpx:TrackPointExtension><gpxtpx:cad>0</gpxtpx:cad></gpxtpx:TrackPointExtension></extensions></trkpt><trkpt lat="15.2216457110" lon="73.9136619028"><ele>0.62</ele><time>2025-11-14T05:00:05Z</time><extensions><gpxtpx:TrackPointExtension><gpxtpx:cad>0</gpxtpx:cad></gpxtpx:TrackPointExtension></extensions></trkpt><trkpt lat="15.2215484809" lon="73.9137951750"><ele>0.62</ele><time>2025-11-14T05:00:10Z</time><extensions><gpxtpx:TrackPointExtension><gpxtpx:cad>0</gpxtpx:cad></gpxtpx:TrackPointExtension></extensions></trkpt><trkpt lat="15.2214499936" lon="73.9139182214"><ele>0.62</ele><time>2025-11-14T05:00:15Z</time><extensions><gpxtpx:TrackPointExtension><gpxtpx:cad>0</gpxtpx:cad></gpxtpx:TrackPointExtension></extensions></trkpt><trkpt lat="15.2213460580" lon="73.9140464645"><ele>0.62</ele><time>2025-11-14T05:00:20Z</time><extensions><gpxtpx:TrackPointExtension><gpxtpx:cad>0</gpxtpx:cad></gpxtpx:TrackPointExtension></extensions></trkpt><trkpt lat="15.2212412842" lon="73.9141692594"><ele>0.62</ele><time>2025-11-14T05:00:25Z</time><extensions><gpxtpx:TrackPointExtension><gpxtpx:cad>0</gpxtpx:cad></gpxtpx:TrackPointExtension></extensions></trkpt><trkpt lat="15.2211329900" lon="73.9142913837"><ele>0.62</ele><time>2025-11-14T05:00:30Z</time><extensions><gpxtpx:TrackPointExtension><gpxtpx:cad>0</gpxtpx:cad></gpxtpx:TrackPointExtension></extensions></trkpt><trkpt lat="15.2210212592" lon="73.9144069701"><ele>0.62</ele><time>2025-11-14T05:00:35Z</time><extensions><gpxtpx:TrackPointExtension><gpxtpx:cad>0</gpxtpx:cad></gpxtpx:TrackPointExtension></extensions></trkpt><trkpt lat="15.2209145576" lon="73.9145245682"><ele>0.62</ele><time>2025-11-14T05:00:40Z</time><extensions><gpxtpx:TrackPointExtension><gpxtpx:cad>0</gpxtpx:cad></gpxtpx:TrackPointExtension></extensions></trkpt><trkpt lat="15.2208110411" lon="73.9146487042"><ele>0.62</ele><time>2025-11-14T05:00:45Z</time><extensions><gpxtpx:TrackPointExtension><gpxtpx:cad>0</gpxtpx:cad></gpxtpx:TrackPointExtension></extensions></trkpt><trkpt lat="15.2207086142" lon="73.9147759415"><ele>0.62</ele><time>2025-11-14T05:00:50Z</time><extensions><gpxtpx:TrackPointExtension><gpxtpx:cad>0</gpxtpx:cad></gpxtpx:TrackPointExtension></extensions></trkpt><trkpt lat="15.2206235379" lon="73.9149149973"><ele>0.62</ele><time>2025-11-14T05:00:55Z</time><extensions><gpxtpx:TrackPointExtension><gpxtpx:cad>0</gpxtpx:cad></gpxtpx:TrackPointExtension></extensions></trkpt><trkpt lat="15.2205372881" lon="73.9150579926"><ele>0.62</ele><time>2025-11-14T05:01:00Z</time><extensions><gpxtpx:TrackPointExtension><gpxtpx:cad>0</gpxtpx:cad></gpxtpx:TrackPointExtension></extensions></trkpt><trkpt lat="15.2204493620" lon="73.9151900075"><ele>0.62</ele><time>2025-11-14T05:01:05Z</time><extensions><gpxtpx:TrackPointExtension><gpxtpx:cad>0</gpxtpx:cad></gpxtpx:TrackPointExtension></extensions></trkpt><trkpt lat="15.2203613520" lon="73.9153280575"><ele>0.62</ele><time>2025-11-14T05:01:10Z</time><extensions><gpxtpx:TrackPointExtension><gpxtpx:cad>0</gpxtpx:cad></gpxtpx:TrackPointExtension></extensions></trkpt><trkpt lat="15.2202796284" lon="73.9154728968"><ele>0.62</ele><time>2025-11-14T05:01:15Z</time><extensions><gpxtpx:TrackPointExtension><gpxtpx:cad>0</gpxtpx:cad></gpxtpx:TrackPointExtension></extensions></trkpt><trkpt lat="15.2202091366" lon="73.9156169817"><ele>0.14</ele><time>2025-11-14T05:01:20Z</time><extensions><gpxtpx:TrackPointExtension><gpxtpx:cad>0</gpxtpx:cad></gpxtpx:TrackPointExtension></extensions></trkpt><trkpt lat="15.2201499604" lon="73.9157671016"><ele>0.14</ele><time>2025-11-14T05:01:25Z</time><extensions><gpxtpx:TrackPointExtension><gpxtpx:cad>0</gpxtpx:cad></gpxtpx:TrackPointExtension></extensions></trkpt><trkpt lat="15.2200773731" lon="73.9159184787"><ele>0.14</ele><time>2025-11-14T05:01:30Z</time><extensions><gpxtpx:TrackPointExtension><gpxtpx:cad>0</gpxtpx:cad></gpxtpx:TrackPointExtension></extensions></trkpt><trkpt lat="15.2199962363" lon="73.9160560258"><ele>-0.34</ele><time>2025-11-14T05:01:35Z</time><extensions><gpxtpx:TrackPointExtension><gpxtpx:cad>0</gpxtpx:cad></gpxtpx:TrackPointExtension></extensions></trkpt><trkpt lat="15.2199012693" lon="73.9161953330"><ele>-0.34</ele><time>2025-11-14T05:01:40Z</time><extensions><gpxtpx:TrackPointExtension><gpxtpx:cad>0</gpxtpx:cad></gpxtpx:TrackPointExtension></extensions></trkpt><trkpt lat="15.2198024467" lon="73.9163162000"><ele>-0.34</ele><time>2025-11-14T05:01:45Z</time><extensions><gpxtpx:TrackPointExtension><gpxtpx:cad>0</gpxtpx:cad></gpxtpx:TrackPointExtension></extensions></trkpt><trkpt lat="15.2197024506" lon="73.9164384920"><ele>-0.82</ele><time>2025-11-14T05:01:50Z</time><extensions><gpxtpx:TrackPointExtension><gpxtpx:cad>0</gpxtpx:cad></gpxtpx:TrackPointExtension></extensions></trkpt><trkpt lat="15.2195864450" lon="73.9165518992"><ele>-0.82</ele><time>2025-11-14T05:01:55Z</time><extensions><gpxtpx:TrackPointExtension><gpxtpx:cad>0</gpxtpx:cad></gpxtpx:TrackPointExtension></extensions></trkpt><trkpt lat="15.2194657456" lon="73.9166550804"><ele>-0.34</ele><time>2025-11-14T05:02:00Z</time><extensions><gpxtpx:TrackPointExtension><gpxtpx:cad>0</gpxtpx:cad></gpxtpx:TrackPointExtension></extensions></trkpt><trkpt lat="15.2193428669" lon="73.9167581778"><ele>-0.34</ele><time>2025-11-14T05:02:05Z</time><extensions><gpxtpx:TrackPointExtension><gpxtpx:cad>0</gpxtpx:cad></gpxtpx:TrackPointExtension></extensions></trkpt><trkpt lat="15.2192157134" lon="73.9168587606"><ele>0.14</ele><time>2025-11-14T05:02:10Z</time><extensions><gpxtpx:TrackPointExtension><gpxtpx:cad>0</gpxtpx:cad></gpxtpx:TrackPointExtension></extensions></trkpt><trkpt lat="15.2190756518" lon="73.9169395622"><ele>-0.34</ele><time>2025-11-14T05:02:15Z</time><extensions><gpxtpx:TrackPointExtension><gpxtpx:cad>0</gpxtpx:cad></gpxtpx:TrackPointExtension></extensions></trkpt><trkpt lat="15.2189365961" lon="73.9170087129"><ele>0.14</ele><time>2025-11-14T05:02:20Z</time><extensions><gpxtpx:TrackPointExtension><gpxtpx:cad>0</gpxtpx:cad></gpxtpx:TrackPointExtension></extensions></trkpt><trkpt lat="15.2187837102" lon="73.9170768578"><ele>-0.34</ele><time>2025-11-14T05:02:25Z</time><extensions><gpxtpx:TrackPointExtension><gpxtpx:cad>0</gpxtpx:cad></gpxtpx:TrackPointExtension></extensions></trkpt><trkpt lat="15.2186297346" lon="73.9171308372"><ele>-0.34</ele><time>2025-11-14T05:02:30Z</time><extensions><gpxtpx:TrackPointExtension><gpxtpx:cad>0</gpxtpx:cad></gpxtpx:TrackPointExtension></extensions></trkpt><trkpt lat="15.2184704784" lon="73.9171631914"><ele>-0.82</ele><time>2025-11-14T05:02:35Z</time><extensions><gpxtpx:TrackPointExtension><gpxtpx:cad>0</gpxtpx:cad></gpxtpx:TrackPointExtension></extensions></trkpt><trkpt lat="15.2183165867" lon="73.9172030054"><ele>-0.82</ele><time>2025-11-14T05:02:40Z</time><extensions><gpxtpx:TrackPointExtension><gpxtpx:cad>0</gpxtpx:cad></gpxtpx:TrackPointExtension></extensions></trkpt><trkpt lat="15.2181648742" lon="73.9172575716"><ele>-0.82</ele><time>2025-11-14T05:02:45Z</time><extensions><gpxtpx:TrackPointExtension><gpxtpx:cad>0</gpxtpx:cad></gpxtpx:TrackPointExtension></extensions></trkpt><trkpt lat="15.2180162631" lon="73.9173128083"><ele>-0.34</ele><time>2025-11-14T05:02:50Z</time><extensions><gpxtpx:TrackPointExtension><gpxtpx:cad>0</gpxtpx:cad></gpxtpx:TrackPointExtension></extensions></trkpt><trkpt lat="15.2178642992" lon="73.9173796959"><ele>-0.34</ele><time>2025-11-14T05:02:55Z</time><extensions><gpxtpx:TrackPointExtension><gpxtpx:cad>0</gpxtpx:cad></gpxtpx:TrackPointExtension></extensions></trkpt><trkpt lat="15.2177162748" lon="73.9174378663"><ele>-0.34</ele><time>2025-11-14T05:03:00Z</time><extensions><gpxtpx:TrackPointExtension><gpxtpx:cad>0</gpxtpx:cad></gpxtpx:TrackPointExtension></extensions></trkpt><trkpt lat="15.2175645623" lon="73.9175015688"><ele>-0.34</ele><time>2025-11-14T05:03:05Z</time><extensions><gpxtpx:TrackPointExtension><gpxtpx:cad>0</gpxtpx:cad></gpxtpx:TrackPointExtension></extensions></trkpt><trkpt lat="15.2174152806" lon="73.9175645169"><ele>-0.34</ele><time>2025-11-14T05:03:10Z</time><extensions><gpxtpx:TrackPointExtension><gpxtpx:cad>0</gpxtpx:cad></gpxtpx:TrackPointExtension></extensions></trkpt><trkpt lat="15.2172581200" lon="73.9176262915"><ele>0.14</ele><time>2025-11-14T05:03:15Z</time><extensions><gpxtpx:TrackPointExtension><gpxtpx:cad>0</gpxtpx:cad></gpxtpx:TrackPointExtension></extensions></trkpt><trkpt lat="15.2171137836" lon="73.9177017286"><ele>0.14</ele><time>2025-11-14T05:03:20Z</time><extensions><gpxtpx:TrackPointExtension><gpxtpx:cad>0</gpxtpx:cad></gpxtpx:TrackPointExtension></extensions></trkpt><trkpt lat="15.2169730514" lon="73.9177899063"><ele>0.14</ele><time>2025-11-14T05:03:25Z</time><extensions><gpxtpx:TrackPointExtension><gpxtpx:cad>0</gpxtpx:cad></gpxtpx:TrackPointExtension></extensions></trkpt><trkpt lat="15.2168375999" lon="73.9178821072"><ele>-0.34</ele><time>2025-11-14T05:03:30Z</time><extensions><gpxtpx:TrackPointExtension><gpxtpx:cad>0</gpxtpx:cad></gpxtpx:TrackPointExtension></extensions></trkpt><trkpt lat="15.2167075127" lon="73.9179750625"><ele>-0.34</ele><time>2025-11-14T05:03:35Z</time><extensions><gpxtpx:TrackPointExtension><gpxtpx:cad>0</gpxtpx:cad></gpxtpx:TrackPointExtension></extensions></trkpt><trkpt lat="15.2165831253" lon="73.9180770703"><ele>-0.82</ele><time>2025-11-14T05:03:40Z</time><extensions><gpxtpx:TrackPointExtension><gpxtpx:cad>0</gpxtpx:cad></gpxtpx:TrackPointExtension></extensions></trkpt><trkpt lat="15.2164664492" lon="73.9181878790"><ele>-0.82</ele><time>2025-11-14T05:03:45Z</time><extensions><gpxtpx:TrackPointExtension><gpxtpx:cad>0</gpxtpx:cad></gpxtpx:TrackPointExtension></extensions></trkpt><trkpt lat="15.2163444087" lon="73.9182939101"><ele>-0.82</ele><time>2025-11-14T05:03:50Z</time><extensions><gpxtpx:TrackPointExtension><gpxtpx:cad>0</gpxtpx:cad></gpxtpx:TrackPointExtension></extensions></trkpt><trkpt lat="15.2162378747" lon="73.9184134360"><ele>-1.30</ele><time>2025-11-14T05:03:55Z</time><extensions><gpxtpx:TrackPointExtension><gpxtpx:cad>0</gpxtpx:cad></gpxtpx:TrackPointExtension></extensions></trkpt><trkpt lat="15.2161460090" lon="73.9185547549"><ele>-2.27</ele><time>2025-11-14T05:04:00Z</time><extensions><gpxtpx:TrackPointExtension><gpxtpx:cad>0</gpxtpx:cad></gpxtpx:TrackPointExtension></extensions></trkpt><trkpt lat="15.2160419896" lon="73.9186737780"><ele>-2.75</ele><time>2025-11-14T05:04:05Z</time><extensions><gpxtpx:TrackPointExtension><gpxtpx:cad>0</gpxtpx:cad></gpxtpx:TrackPointExtension></extensions></trkpt><trkpt lat="15.2159258164" lon="73.9187882748"><ele>-3.23</ele><time>2025-11-14T05:04:10Z</time><extensions><gpxtpx:TrackPointExtension><gpxtpx:cad>0</gpxtpx:cad></gpxtpx:TrackPointExtension></extensions></trkpt><trkpt lat="15.2158032730" lon="73.9188941382"><ele>-3.71</ele><time>2025-11-14T05:04:15Z</time><extensions><gpxtpx:TrackPointExtension><gpxtpx:cad>0</gpxtpx:cad></gpxtpx:TrackPointExtension></extensions></trkpt><trkpt lat="15.2156809811" lon="73.9190082159"><ele>-3.71</ele><time>2025-11-14T05:04:20Z</time><extensions><gpxtpx:TrackPointExtension><gpxtpx:cad>0</gpxtpx:cad></gpxtpx:TrackPointExtension></extensions></trkpt><trkpt lat="15.2155640535" lon="73.9191242214"><ele>-3.71</ele><time>2025-11-14T05:04:25Z</time><extensions><gpxtpx:TrackPointExtension><gpxtpx:cad>0</gpxtpx:cad></gpxtpx:TrackPointExtension></extensions></trkpt><trkpt lat="15.2154500596" lon="73.9192365389"><ele>-3.71</ele><time>2025-11-14T05:04:30Z</time><extensions><gpxtpx:TrackPointExtension><gpxtpx:cad>0</gpxtpx:cad></gpxtpx:TrackPointExtension></extensions></trkpt><trkpt lat="15.2153404243" lon="73.9193620998"><ele>-4.19</ele><time>2025-11-14T05:04:35Z</time><extensions><gpxtpx:TrackPointExtension><gpxtpx:cad>0</gpxtpx:cad></gpxtpx:TrackPointExtension></extensions></trkpt><trkpt lat="15.2152360696" lon="73.9194777701"><ele>-5.15</ele><time>2025-11-14T05:04:40Z</time><extensions><gpxtpx:TrackPointExtension><gpxtpx:cad>0</gpxtpx:cad></gpxtpx:TrackPointExtension></extensions></trkpt><trkpt lat="15.2151375823" lon="73.9196095336"><ele>-5.63</ele><time>2025-11-14T05:04:45Z</time><extensions><gpxtpx:TrackPointExtension><gpxtpx:cad>0</gpxtpx:cad></gpxtpx:TrackPointExtension></extensions></trkpt><trkpt lat="15.2150406875" lon="73.9197426382"><ele>-5.63</ele><time>2025-11-14T05:04:50Z</time><extensions><gpxtpx:TrackPointExtension><gpxtpx:cad>0</gpxtpx:cad></gpxtpx:TrackPointExtension></extensions></trkpt><trkpt lat="15.2149487380" lon="73.9198783413"><ele>-5.63</ele><time>2025-11-14T05:04:55Z</time><extensions><gpxtpx:TrackPointExtension><gpxtpx:cad>0</gpxtpx:cad></gpxtpx:TrackPointExtension></extensions></trkpt><trkpt lat="15.2148593869" lon="73.9200133737"><ele>-5.15</ele><time>2025-11-14T05:05:00Z</time><extensions><gpxtpx:TrackPointExtension><gpxtpx:cad>0</gpxtpx:cad></gpxtpx:TrackPointExtension></extensions></trkpt><trkpt lat="15.2147543617" lon="73.9201406948"><ele>-5.15</ele><time>2025-11-14T05:05:05Z</time><extensions><gpxtpx:TrackPointExtension><gpxtpx:cad>0</gpxtpx:cad></gpxtpx:TrackPointExtension></extensions></trkpt><trkpt lat="15.2146464027" lon="73.9202570356"><ele>-5.15</ele><time>2025-11-14T05:05:10Z</time><extensions><gpxtpx:TrackPointExtension><gpxtpx:cad>0</gpxtpx:cad></gpxtpx:TrackPointExtension></extensions></trkpt><trkpt lat="15.2145382762" lon="73.9203864522"><ele>-5.15</ele><time>2025-11-14T05:05:15Z</time><extensions><gpxtpx:TrackPointExtension><gpxtpx:cad>0</gpxtpx:cad></gpxtpx:TrackPointExtension></extensions></trkpt><trkpt lat="15.2144289762" lon="73.9205012843"><ele>-5.15</ele><time>2025-11-14T05:05:20Z</time><extensions><gpxtpx:TrackPointExtension><gpxtpx:cad>0</gpxtpx:cad></gpxtpx:TrackPointExtension></extensions></trkpt><trkpt lat="15.2143197600" lon="73.9206279349"><ele>-5.15</ele><time>2025-11-14T05:05:25Z</time><extensions><gpxtpx:TrackPointExtension><gpxtpx:cad>0</gpxtpx:cad></gpxtpx:TrackPointExtension></extensions></trkpt><trkpt lat="15.2142113820" lon="73.9207529929"><ele>-5.15</ele><time>2025-11-14T05:05:30Z</time><extensions><gpxtpx:TrackPointExtension><gpxtpx:cad>0</gpxtpx:cad></gpxtpx:TrackPointExtension></extensions></trkpt><trkpt lat="15.2140985616" lon="73.9208684117"><ele>-5.15</ele><time>2025-11-14T05:05:35Z</time><extensions><gpxtpx:TrackPointExtension><gpxtpx:cad>0</gpxtpx:cad></gpxtpx:TrackPointExtension></extensions></trkpt><trkpt lat="15.2139902674" lon="73.9209967386"><ele>-5.15</ele><time>2025-11-14T05:05:40Z</time><extensions><gpxtpx:TrackPointExtension><gpxtpx:cad>0</gpxtpx:cad></gpxtpx:TrackPointExtension></extensions></trkpt><trkpt lat="15.2138761897" lon="73.9211159293"><ele>-5.63</ele><time>2025-11-14T05:05:45Z</time><extensions><gpxtpx:TrackPointExtension><gpxtpx:cad>0</gpxtpx:cad></gpxtpx:TrackPointExtension></extensions></trkpt><trkpt lat="15.2137607709" lon="73.9212260675"><ele>-6.11</ele><time>2025-11-14T05:05:50Z</time><extensions><gpxtpx:TrackPointExtension><gpxtpx:cad>0</gpxtpx:cad></gpxtpx:TrackPointExtension></extensions></trkpt><trkpt lat="15.2136124950" lon="73.9213589206"><ele>-6.11</ele><time>2025-11-14T05:05:56Z</time><extensions><gpxtpx:TrackPointExtension><gpxtpx:cad>0</gpxtpx:cad></gpxtpx:TrackPointExtension></extensions></trkpt><trkpt lat="15.2134743612" lon="73.9214921929"><ele>-6.11</ele><time>2025-11-14T05:06:02Z</time><extensions><gpxtpx:TrackPointExtension><gpxtpx:cad>0</gpxtpx:cad></gpxtpx:TrackPointExtension></extensions></trkpt><trkpt lat="15.2133531589" lon="73.9216086175"><ele>-6.11</ele><time>2025-11-14T05:06:07Z</time><extensions><gpxtpx:TrackPointExtension><gpxtpx:cad>0</gpxtpx:cad></gpxtpx:TrackPointExtension></extensions></trkpt><trkpt lat="15.2132393327" lon="73.9217185881"><ele>-6.11</ele><time>2025-11-14T05:06:12Z</time><extensions><gpxtpx:TrackPointExtension><gpxtpx:cad>0</gpxtpx:cad></gpxtpx:TrackPointExtension></extensions></trkpt><trkpt lat="15.2131213993" lon="73.9218357671"><ele>-6.11</ele><time>2025-11-14T05:06:17Z</time><extensions><gpxtpx:TrackPointExtension><gpxtpx:cad>0</gpxtpx:cad></gpxtpx:TrackPointExtension></extensions></trkpt><trkpt lat="15.2130036335" lon="73.9219387807"><ele>-6.59</ele><time>2025-11-14T05:06:22Z</time><extensions><gpxtpx:TrackPointExtension><gpxtpx:cad>0</gpxtpx:cad></gpxtpx:TrackPointExtension></extensions></trkpt><trkpt lat="15.2128848620" lon="73.9220457338"><ele>-6.11</ele><time>2025-11-14T05:06:27Z</time><extensions><gpxtpx:TrackPointExtension><gpxtpx:cad>0</gpxtpx:cad></gpxtpx:TrackPointExtension></extensions></trkpt><trkpt lat="15.2127576247" lon="73.9221516810"><ele>-6.11</ele><time>2025-11-14T05:06:32Z</time><extensions><gpxtpx:TrackPointExtension><gpxtpx:cad>0</gpxtpx:cad></gpxtpx:TrackPointExtension></extensions></trkpt><trkpt lat="15.2126395237" lon="73.9222615678"><ele>-5.63</ele><time>2025-11-14T05:06:37Z</time><extensions><gpxtpx:TrackPointExtension><gpxtpx:cad>0</gpxtpx:cad></gpxtpx:TrackPointExtension></extensions></trkpt><trkpt lat="15.2125270385" lon="73.9223795012"><ele>-5.63</ele><time>2025-11-14T05:06:42Z</time><extensions><gpxtpx:TrackPointExtension><gpxtpx:cad>0</gpxtpx:cad></gpxtpx:TrackPointExtension></extensions></trkpt><trkpt lat="15.2124057524" lon="73.9224908128"><ele>-5.15</ele><time>2025-11-14T05:06:47Z</time><extensions><gpxtpx:TrackPointExtension><gpxtpx:cad>0</gpxtpx:cad></gpxtpx:TrackPointExtension></extensions></trkpt><trkpt lat="15.2122885734" lon="73.9226032980"><ele>-5.15</ele><time>2025-11-14T05:06:52Z</time><extensions><gpxtpx:TrackPointExtension><gpxtpx:cad>0</gpxtpx:cad></gpxtpx:TrackPointExtension></extensions></trkpt><trkpt lat="15.2121646050" lon="73.9227131847"><ele>-5.15</ele><time>2025-11-14T05:06:57Z</time><extensions><gpxtpx:TrackPointExtension><gpxtpx:cad>0</gpxtpx:cad></gpxtpx:TrackPointExtension></extensions></trkpt><trkpt lat="15.2120464202" lon="73.9228276815"><ele>-4.67</ele><time>2025-11-14T05:07:02Z</time><extensions><gpxtpx:TrackPointExtension><gpxtpx:cad>0</gpxtpx:cad></gpxtpx:TrackPointExtension></extensions></trkpt><trkpt lat="15.2119276486" lon="73.9229383226"><ele>-4.19</ele><time>2025-11-14T05:07:07Z</time><extensions><gpxtpx:TrackPointExtension><gpxtpx:cad>0</gpxtpx:cad></gpxtpx:TrackPointExtension></extensions></trkpt><trkpt lat="15.2117976453" lon="73.9230385702"><ele>-4.19</ele><time>2025-11-14T05:07:12Z</time><extensions><gpxtpx:TrackPointExtension><gpxtpx:cad>0</gpxtpx:cad></gpxtpx:TrackPointExtension></extensions></trkpt><trkpt lat="15.2116757724" lon="73.9231373928"><ele>-3.71</ele><time>2025-11-14T05:07:17Z</time><extensions><gpxtpx:TrackPointExtension><gpxtpx:cad>0</gpxtpx:cad></gpxtpx:TrackPointExtension></extensions></trkpt><trkpt lat="15.2115519717" lon="73.9232488722"><ele>-3.23</ele><time>2025-11-14T05:07:22Z</time><extensions><gpxtpx:TrackPointExtension><gpxtpx:cad>0</gpxtpx:cad></gpxtpx:TrackPointExtension></extensions></trkpt><trkpt lat="15.2114344575" lon="73.9233572502"><ele>-3.23</ele><time>2025-11-14T05:07:27Z</time><extensions><gpxtpx:TrackPointExtension><gpxtpx:cad>0</gpxtpx:cad></gpxtpx:TrackPointExtension></extensions></trkpt><trkpt lat="15.2113053761" lon="73.9234624431"><ele>-3.23</ele><time>2025-11-14T05:07:32Z</time><extensions><gpxtpx:TrackPointExtension><gpxtpx:cad>0</gpxtpx:cad></gpxtpx:TrackPointExtension></extensions></trkpt><trkpt lat="15.2111757919" lon="73.9235551469"><ele>-2.75</ele><time>2025-11-14T05:07:37Z</time><extensions><gpxtpx:TrackPointExtension><gpxtpx:cad>0</gpxtpx:cad></gpxtpx:TrackPointExtension></extensions></trkpt><trkpt lat="15.2110472973" lon="73.9236556459"><ele>-1.79</ele><time>2025-11-14T05:07:42Z</time><extensions><gpxtpx:TrackPointExtension><gpxtpx:cad>0</gpxtpx:cad></gpxtpx:TrackPointExtension></extensions></trkpt><trkpt lat="15.2109160367" lon="73.9237532113"><ele>-1.30</ele><time>2025-11-14T05:07:47Z</time><extensions><gpxtpx:TrackPointExtension><gpxtpx:cad>0</gpxtpx:cad></gpxtpx:TrackPointExtension></extensions></trkpt><trkpt lat="15.2107893862" lon="73.9238563087"><ele>-1.30</ele><time>2025-11-14T05:07:52Z</time><extensions><gpxtpx:TrackPointExtension><gpxtpx:cad>0</gpxtpx:cad></gpxtpx:TrackPointExtension></extensions></trkpt><trkpt lat="15.2106660046" lon="73.9239642676"><ele>-1.30</ele><time>2025-11-14T05:07:57Z</time><extensions><gpxtpx:TrackPointExtension><gpxtpx:cad>0</gpxtpx:cad></gpxtpx:TrackPointExtension></extensions></trkpt><trkpt lat="15.2105403598" lon="73.9240697958"><ele>-0.82</ele><time>2025-11-14T05:08:02Z</time><extensions><gpxtpx:TrackPointExtension><gpxtpx:cad>0</gpxtpx:cad></gpxtpx:TrackPointExtension></extensions></trkpt><trkpt lat="15.2104117814" lon="73.9241700433"><ele>-0.34</ele><time>2025-11-14T05:08:07Z</time><extensions><gpxtpx:TrackPointExtension><gpxtpx:cad>0</gpxtpx:cad></gpxtpx:TrackPointExtension></extensions></trkpt><trkpt lat="15.2102886513" lon="73.9242746495"><ele>-0.34</ele><time>2025-11-14T05:08:12Z</time><extensions><gpxtpx:TrackPointExtension><gpxtpx:cad>0</gpxtpx:cad></gpxtpx:TrackPointExtension></extensions></trkpt><trkpt lat="15.2101599891" lon="73.9243749809"><ele>0.14</ele><time>2025-11-14T05:08:17Z</time><extensions><gpxtpx:TrackPointExtension><gpxtpx:cad>0</gpxtpx:cad></gpxtpx:TrackPointExtension></extensions></trkpt><trkpt lat="15.2100263815" lon="73.9244713727"><ele>0.14</ele><time>2025-11-14T05:08:22Z</time><extensions><gpxtpx:TrackPointExtension><gpxtpx:cad>0</gpxtpx:cad></gpxtpx:TrackPointExtension></extensions></trkpt><trkpt lat="15.2098949533" lon="73.9245730452"><ele>0.62</ele><time>2025-11-14T05:08:27Z</time><extensions><gpxtpx:TrackPointExtension><gpxtpx:cad>0</gpxtpx:cad></gpxtpx:TrackPointExtension></extensions></trkpt><trkpt lat="15.2097694762" lon="73.9246769808"><ele>0.62</ele><time>2025-11-14T05:08:32Z</time><extensions><gpxtpx:TrackPointExtension><gpxtpx:cad>0</gpxtpx:cad></gpxtpx:TrackPointExtension></extensions></trkpt><trkpt lat="15.2096448373" lon="73.9247861132"><ele>0.62</ele><time>2025-11-14T05:08:37Z</time><extensions><gpxtpx:TrackPointExtension><gpxtpx:cad>0</gpxtpx:cad></gpxtpx:TrackPointExtension></extensions></trkpt><trkpt lat="15.2095170133" lon="73.9248908870"><ele>0.62</ele><time>2025-11-14T05:08:42Z</time><extensions><gpxtpx:TrackPointExtension><gpxtpx:cad>0</gpxtpx:cad></gpxtpx:TrackPointExtension></extensions></trkpt><trkpt lat="15.2093885187" lon="73.9249920566"><ele>1.10</ele><time>2025-11-14T05:08:47Z</time><extensions><gpxtpx:TrackPointExtension><gpxtpx:cad>0</gpxtpx:cad></gpxtpx:TrackPointExtension></extensions></trkpt><trkpt lat="15.2092537377" lon="73.9250908792"><ele>0.62</ele><time>2025-11-14T05:08:52Z</time><extensions><gpxtpx:TrackPointExtension><gpxtpx:cad>0</gpxtpx:cad></gpxtpx:TrackPointExtension></extensions></trkpt><trkpt lat="15.2091276739" lon="73.9251963235"><ele>0.62</ele><time>2025-11-14T05:08:57Z</time><extensions><gpxtpx:TrackPointExtension><gpxtpx:cad>0</gpxtpx:cad></gpxtpx:TrackPointExtension></extensions></trkpt><trkpt lat="15.2090091538" lon="73.9253080543"><ele>0.14</ele><time>2025-11-14T05:09:02Z</time><extensions><gpxtpx:TrackPointExtension><gpxtpx:cad>0</gpxtpx:cad></gpxtpx:TrackPointExtension></extensions></trkpt><trkpt lat="15.2088862751" lon="73.9254077151"><ele>0.14</ele><time>2025-11-14T05:09:07Z</time><extensions><gpxtpx:TrackPointExtension><gpxtpx:cad>0</gpxtpx:cad></gpxtpx:TrackPointExtension></extensions></trkpt><trkpt lat="15.2087545116" lon="73.9255155064"><ele>-0.34</ele><time>2025-11-14T05:09:12Z</time><extensions><gpxtpx:TrackPointExtension><gpxtpx:cad>0</gpxtpx:cad></gpxtpx:TrackPointExtension></extensions></trkpt><trkpt lat="15.2086243406" lon="73.9256231301"><ele>-0.82</ele><time>2025-11-14T05:09:17Z</time><extensions><gpxtpx:TrackPointExtension><gpxtpx:cad>0</gpxtpx:cad></gpxtpx:TrackPointExtension></extensions></trkpt><trkpt lat="15.2085013781" lon="73.9257403091"><ele>-0.82</ele><time>2025-11-14T05:09:22Z</time><extensions><gpxtpx:TrackPointExtension><gpxtpx:cad>0</gpxtpx:cad></gpxtpx:TrackPointExtension></extensions></trkpt><trkpt lat="15.2083806787" lon="73.9258501958"><ele>-1.30</ele><time>2025-11-14T05:09:27Z</time><extensions><gpxtpx:TrackPointExtension><gpxtpx:cad>0</gpxtpx:cad></gpxtpx:TrackPointExtension></extensions></trkpt><trkpt lat="15.2082557045" lon="73.9259527903"><ele>-1.79</ele><time>2025-11-14T05:09:32Z</time><extensions><gpxtpx:TrackPointExtension><gpxtpx:cad>0</gpxtpx:cad></gpxtpx:TrackPointExtension></extensions></trkpt><trkpt lat="15.2081396151" lon="73.9260651916"><ele>-1.79</ele><time>2025-11-14T05:09:37Z</time><extensions><gpxtpx:TrackPointExtension><gpxtpx:cad>0</gpxtpx:cad></gpxtpx:TrackPointExtension></extensions></trkpt><trkpt lat="15.2080299798" lon="73.9261930995"><ele>-2.27</ele><time>2025-11-14T05:09:42Z</time><extensions><gpxtpx:TrackPointExtension><gpxtpx:cad>0</gpxtpx:cad></gpxtpx:TrackPointExtension></extensions></trkpt><trkpt lat="15.2079150639" lon="73.9263139665"><ele>-2.75</ele><time>2025-11-14T05:09:47Z</time><extensions><gpxtpx:TrackPointExtension><gpxtpx:cad>0</gpxtpx:cad></gpxtpx:TrackPointExtension></extensions></trkpt><trkpt lat="15.2077926043" lon="73.9264272060"><ele>-2.75</ele><time>2025-11-14T05:09:52Z</time><extensions><gpxtpx:TrackPointExtension><gpxtpx:cad>0</gpxtpx:cad></gpxtpx:TrackPointExtension></extensions></trkpt><trkpt lat="15.2076688875" lon="73.9265330695"><ele>-2.75</ele><time>2025-11-14T05:09:57Z</time><extensions><gpxtpx:TrackPointExtension><gpxtpx:cad>0</gpxtpx:cad></gpxtpx:TrackPointExtension></extensions></trkpt><trkpt lat="15.2075464278" lon="73.9266484044"><ele>-2.75</ele><time>2025-11-14T05:10:02Z</time><extensions><gpxtpx:TrackPointExtension><gpxtpx:cad>0</gpxtpx:cad></gpxtpx:TrackPointExtension></extensions></trkpt><trkpt lat="15.2074152511" lon="73.9267558604"><ele>-2.75</ele><time>2025-11-14T05:10:07Z</time><extensions><gpxtpx:TrackPointExtension><gpxtpx:cad>0</gpxtpx:cad></gpxtpx:TrackPointExtension></extensions></trkpt><trkpt lat="15.2072839066" lon="73.9268589579"><ele>-2.75</ele><time>2025-11-14T05:10:12Z</time><extensions><gpxtpx:TrackPointExtension><gpxtpx:cad>0</gpxtpx:cad></gpxtpx:TrackPointExtension></extensions></trkpt><trkpt lat="15.2071572561" lon="73.9269640669"><ele>-2.75</ele><time>2025-11-14T05:10:17Z</time><extensions><gpxtpx:TrackPointExtension><gpxtpx:cad>0</gpxtpx:cad></gpxtpx:TrackPointExtension></extensions></trkpt><trkpt lat="15.2070325334" lon="73.9270645659"><ele>-2.27</ele><time>2025-11-14T05:10:22Z</time><extensions><gpxtpx:TrackPointExtension><gpxtpx:cad>0</gpxtpx:cad></gpxtpx:TrackPointExtension></extensions></trkpt><trkpt lat="15.2069048770" lon="73.9271685015"><ele>-1.79</ele><time>2025-11-14T05:10:27Z</time><extensions><gpxtpx:TrackPointExtension><gpxtpx:cad>0</gpxtpx:cad></gpxtpx:TrackPointExtension></extensions></trkpt><trkpt lat="15.2067710180" lon="73.9272719342"><ele>-1.79</ele><time>2025-11-14T05:10:32Z</time><extensions><gpxtpx:TrackPointExtension><gpxtpx:cad>0</gpxtpx:cad></gpxtpx:TrackPointExtension></extensions></trkpt><trkpt lat="15.2066393383" lon="73.9273730200"><ele>-1.79</ele><time>2025-11-14T05:10:37Z</time><extensions><gpxtpx:TrackPointExtension><gpxtpx:cad>0</gpxtpx:cad></gpxtpx:TrackPointExtension></extensions></trkpt><trkpt lat="15.2065100055" lon="73.9274739381"><ele>-1.79</ele><time>2025-11-14T05:10:42Z</time><extensions><gpxtpx:TrackPointExtension><gpxtpx:cad>0</gpxtpx:cad></gpxtpx:TrackPointExtension></extensions></trkpt><trkpt lat="15.2063821815" lon="73.9275741018"><ele>-1.79</ele><time>2025-11-14T05:10:47Z</time><extensions><gpxtpx:TrackPointExtension><gpxtpx:cad>0</gpxtpx:cad></gpxtpx:TrackPointExtension></extensions></trkpt><trkpt lat="15.2062499151" lon="73.9276796300"><ele>-1.79</ele><time>2025-11-14T05:10:52Z</time><extensions><gpxtpx:TrackPointExtension><gpxtpx:cad>0</gpxtpx:cad></gpxtpx:TrackPointExtension></extensions></trkpt><trkpt lat="15.2061158884" lon="73.9277787879"><ele>-1.79</ele><time>2025-11-14T05:10:57Z</time><extensions><gpxtpx:TrackPointExtension><gpxtpx:cad>0</gpxtpx:cad></gpxtpx:TrackPointExtension></extensions></trkpt><trkpt lat="15.2059873939" lon="73.9278773591"><ele>-1.79</ele><time>2025-11-14T05:11:02Z</time><extensions><gpxtpx:TrackPointExtension><gpxtpx:cad>0</gpxtpx:cad></gpxtpx:TrackPointExtension></extensions></trkpt><trkpt lat="15.2058543731" lon="73.9279823005"><ele>-1.79</ele><time>2025-11-14T05:11:07Z</time><extensions><gpxtpx:TrackPointExtension><gpxtpx:cad>0</gpxtpx:cad></gpxtpx:TrackPointExtension></extensions></trkpt><trkpt lat="15.2057159040" lon="73.9280724060"><ele>-1.79</ele><time>2025-11-14T05:11:12Z</time><extensions><gpxtpx:TrackPointExtension><gpxtpx:cad>0</gpxtpx:cad></gpxtpx:TrackPointExtension></extensions></trkpt><trkpt lat="15.2055785246" lon="73.9281602483"><ele>-1.79</ele><time>2025-11-14T05:11:17Z</time><extensions><gpxtpx:TrackPointExtension><gpxtpx:cad>0</gpxtpx:cad></gpxtpx:TrackPointExtension></extensions></trkpt><trkpt lat="15.2054365352" lon="73.9282455761"><ele>-1.79</ele><time>2025-11-14T05:11:22Z</time><extensions><gpxtpx:TrackPointExtension><gpxtpx:cad>0</gpxtpx:cad></gpxtpx:TrackPointExtension></extensions></trkpt><trkpt lat="15.2052927017" lon="73.9283274673"><ele>-2.27</ele><time>2025-11-14T05:11:27Z</time><extensions><gpxtpx:TrackPointExtension><gpxtpx:cad>0</gpxtpx:cad></gpxtpx:TrackPointExtension></extensions></trkpt><trkpt lat="15.2051503770" lon="73.9284125436"><ele>-2.27</ele><time>2025-11-14T05:11:32Z</time><extensions><gpxtpx:TrackPointExtension><gpxtpx:cad>0</gpxtpx:cad></gpxtpx:TrackPointExtension></extensions></trkpt><trkpt lat="15.2050099801" lon="73.9284970332"><ele>-2.75</ele><time>2025-11-14T05:11:37Z</time><extensions><gpxtpx:TrackPointExtension><gpxtpx:cad>0</gpxtpx:cad></gpxtpx:TrackPointExtension></extensions></trkpt><trkpt lat="15.2048707567" lon="73.9285844564"><ele>-2.27</ele><time>2025-11-14T05:11:42Z</time><extensions><gpxtpx:TrackPointExtension><gpxtpx:cad>0</gpxtpx:cad></gpxtpx:TrackPointExtension></extensions></trkpt><trkpt lat="15.2047315333" lon="73.9286752325"><ele>-2.75</ele><time>2025-11-14T05:11:47Z</time><extensions><gpxtpx:TrackPointExtension><gpxtpx:cad>0</gpxtpx:cad></gpxtpx:TrackPointExtension></extensions></trkpt><trkpt lat="15.2045933157" lon="73.9287670981"><ele>-2.75</ele><time>2025-11-14T05:11:52Z</time><extensions><gpxtpx:TrackPointExtension><gpxtpx:cad>0</gpxtpx:cad></gpxtpx:TrackPointExtension></extensions></trkpt><trkpt lat="15.2044648211" lon="73.9288702793"><ele>-2.75</ele><time>2025-11-14T05:11:57Z</time><extensions><gpxtpx:TrackPointExtension><gpxtpx:cad>0</gpxtpx:cad></gpxtpx:TrackPointExtension></extensions></trkpt><trkpt lat="15.2043562755" lon="73.9289980195"><ele>-3.23</ele><time>2025-11-14T05:12:02Z</time><extensions><gpxtpx:TrackPointExtension><gpxtpx:cad>0</gpxtpx:cad></gpxtpx:TrackPointExtension></extensions></trkpt><trkpt lat="15.2042445447" lon="73.9291220717"><ele>-2.75</ele><time>2025-11-14T05:12:07Z</time><extensions><gpxtpx:TrackPointExtension><gpxtpx:cad>0</gpxtpx:cad></gpxtpx:TrackPointExtension></extensions></trkpt><trkpt lat="15.2041271143" lon="73.9292468783"><ele>-2.75</ele><time>2025-11-14T05:12:12Z</time><extensions><gpxtpx:TrackPointExtension><gpxtpx:cad>0</gpxtpx:cad></gpxtpx:TrackPointExtension></extensions></trkpt><trkpt lat="15.2040220890" lon="73.9293707628"><ele>-2.75</ele><time>2025-11-14T05:12:17Z</time><extensions><gpxtpx:TrackPointExtension><gpxtpx:cad>0</gpxtpx:cad></gpxtpx:TrackPointExtension></extensions></trkpt><trkpt lat="15.2039155550" lon="73.9295051247"><ele>-2.75</ele><time>2025-11-14T05:12:22Z</time><extensions><gpxtpx:TrackPointExtension><gpxtpx:cad>0</gpxtpx:cad></gpxtpx:TrackPointExtension></extensions></trkpt><trkpt lat="15.2038025670" lon="73.9296355471"><ele>-2.75</ele><time>2025-11-14T05:12:27Z</time><extensions><gpxtpx:TrackPointExtension><gpxtpx:cad>0</gpxtpx:cad></gpxtpx:TrackPointExtension></extensions></trkpt><trkpt lat="15.2036885731" lon="73.9297583420"><ele>-2.75</ele><time>2025-11-14T05:12:32Z</time><extensions><gpxtpx:TrackPointExtension><gpxtpx:cad>0</gpxtpx:cad></gpxtpx:TrackPointExtension></extensions></trkpt><trkpt lat="15.2035775967" lon="73.9298867527"><ele>-2.27</ele><time>2025-11-14T05:12:37Z</time><extensions><gpxtpx:TrackPointExtension><gpxtpx:cad>0</gpxtpx:cad></gpxtpx:TrackPointExtension></extensions></trkpt><trkpt lat="15.2034658659" lon="73.9300111402"><ele>-2.27</ele><time>2025-11-14T05:12:42Z</time><extensions><gpxtpx:TrackPointExtension><gpxtpx:cad>0</gpxtpx:cad></gpxtpx:TrackPointExtension></extensions></trkpt><trkpt lat="15.2033459209" lon="73.9301315043"><ele>-2.27</ele><time>2025-11-14T05:12:47Z</time><extensions><gpxtpx:TrackPointExtension><gpxtpx:cad>0</gpxtpx:cad></gpxtpx:TrackPointExtension></extensions></trkpt><trkpt lat="15.2032215334" lon="73.9302491862"><ele>-1.79</ele><time>2025-11-14T05:12:52Z</time><extensions><gpxtpx:TrackPointExtension><gpxtpx:cad>0</gpxtpx:cad></gpxtpx:TrackPointExtension></extensions></trkpt><trkpt lat="15.2030996606" lon="73.9303628448"><ele>-1.30</ele><time>2025-11-14T05:12:57Z</time><extensions><gpxtpx:TrackPointExtension><gpxtpx:cad>0</gpxtpx:cad></gpxtpx:TrackPointExtension></extensions></trkpt><trkpt lat="15.2029783744" lon="73.9304799400"><ele>-1.30</ele><time>2025-11-14T05:13:02Z</time><extensions><gpxtpx:TrackPointExtension><gpxtpx:cad>0</gpxtpx:cad></gpxtpx:TrackPointExtension></extensions></trkpt><trkpt lat="15.2028614469" lon="73.9305951074"><ele>-0.82</ele><time>2025-11-14T05:13:07Z</time><extensions><gpxtpx:TrackPointExtension><gpxtpx:cad>0</gpxtpx:cad></gpxtpx:TrackPointExtension></extensions></trkpt><trkpt lat="15.2027422562" lon="73.9307075925"><ele>-0.82</ele><time>2025-11-14T05:13:12Z</time><extensions><gpxtpx:TrackPointExtension><gpxtpx:cad>0</gpxtpx:cad></gpxtpx:TrackPointExtension></extensions></trkpt><trkpt lat="15.2026130073" lon="73.9308039006"><ele>-0.82</ele><time>2025-11-14T05:13:17Z</time><extensions><gpxtpx:TrackPointExtension><gpxtpx:cad>0</gpxtpx:cad></gpxtpx:TrackPointExtension></extensions></trkpt><trkpt lat="15.2024798188" lon="73.9309007954"><ele>-0.82</ele><time>2025-11-14T05:13:22Z</time><extensions><gpxtpx:TrackPointExtension><gpxtpx:cad>0</gpxtpx:cad></gpxtpx:TrackPointExtension></extensions></trkpt><trkpt lat="15.2023447864" lon="73.9310017973"><ele>-0.82</ele><time>2025-11-14T05:13:27Z</time><extensions><gpxtpx:TrackPointExtension><gpxtpx:cad>0</gpxtpx:cad></gpxtpx:TrackPointExtension></extensions></trkpt><trkpt lat="15.2022064012" lon="73.9310991112"><ele>-1.30</ele><time>2025-11-14T05:13:32Z</time><extensions><gpxtpx:TrackPointExtension><gpxtpx:cad>0</gpxtpx:cad></gpxtpx:TrackPointExtension></extensions></trkpt><trkpt lat="15.2020660881" lon="73.9311846904"><ele>-1.30</ele><time>2025-11-14T05:13:37Z</time><extensions><gpxtpx:TrackPointExtension><gpxtpx:cad>0</gpxtpx:cad></gpxtpx:TrackPointExtension></extensions></trkpt><trkpt lat="15.2019229252" lon="73.9312670846"><ele>-1.30</ele><time>2025-11-14T05:13:42Z</time><extensions><gpxtpx:TrackPointExtension><gpxtpx:cad>0</gpxtpx:cad></gpxtpx:TrackPointExtension></extensions></trkpt><trkpt lat="15.2017780859" lon="73.9313448686"><ele>-1.79</ele><time>2025-11-14T05:13:47Z</time><extensions><gpxtpx:TrackPointExtension><gpxtpx:cad>0</gpxtpx:cad></gpxtpx:TrackPointExtension></extensions></trkpt><trkpt lat="15.2016338333" lon="73.9314195514"><ele>-2.27</ele><time>2025-11-14T05:13:52Z</time><extensions><gpxtpx:TrackPointExtension><gpxtpx:cad>0</gpxtpx:cad></gpxtpx:TrackPointExtension></extensions></trkpt><trkpt lat="15.2014848869" lon="73.9314936474"><ele>-2.27</ele><time>2025-11-14T05:13:57Z</time><extensions><gpxtpx:TrackPointExtension><gpxtpx:cad>0</gpxtpx:cad></gpxtpx:TrackPointExtension></extensions></trkpt><trkpt lat="15.2013300732" lon="73.9315560088"><ele>-2.27</ele><time>2025-11-14T05:14:02Z</time><extensions><gpxtpx:TrackPointExtension><gpxtpx:cad>0</gpxtpx:cad></gpxtpx:TrackPointExtension></extensions></trkpt><trkpt lat="15.2011763491" lon="73.9316229802"><ele>-1.79</ele><time>2025-11-14T05:14:07Z</time><extensions><gpxtpx:TrackPointExtension><gpxtpx:cad>0</gpxtpx:cad></gpxtpx:TrackPointExtension></extensions></trkpt><trkpt lat="15.2010328509" lon="73.9317029435"><ele>-1.30</ele><time>2025-11-14T05:14:12Z</time><extensions><gpxtpx:TrackPointExtension><gpxtpx:cad>0</gpxtpx:cad></gpxtpx:TrackPointExtension></extensions></trkpt><trkpt lat="15.2008859161" lon="73.9317817334"><ele>-1.30</ele><time>2025-11-14T05:14:17Z</time><extensions><gpxtpx:TrackPointExtension><gpxtpx:cad>0</gpxtpx:cad></gpxtpx:TrackPointExtension></extensions></trkpt><trkpt lat="15.2007400710" lon="73.9318596851"><ele>-1.30</ele><time>2025-11-14T05:14:22Z</time><extensions><gpxtpx:TrackPointExtension><gpxtpx:cad>0</gpxtpx:cad></gpxtpx:TrackPointExtension></extensions></trkpt><trkpt lat="15.2005950641" lon="73.9319295064"><ele>-1.30</ele><time>2025-11-14T05:14:27Z</time><extensions><gpxtpx:TrackPointExtension><gpxtpx:cad>0</gpxtpx:cad></gpxtpx:TrackPointExtension></extensions></trkpt><trkpt lat="15.2004547510" lon="73.9320098888"><ele>-1.79</ele><time>2025-11-14T05:14:32Z</time><extensions><gpxtpx:TrackPointExtension><gpxtpx:cad>0</gpxtpx:cad></gpxtpx:TrackPointExtension></extensions></trkpt><trkpt lat="15.2003146894" lon="73.9320932049"><ele>-1.79</ele><time>2025-11-14T05:14:37Z</time><extensions><gpxtpx:TrackPointExtension><gpxtpx:cad>0</gpxtpx:cad></gpxtpx:TrackPointExtension></extensions></trkpt><trkpt lat="15.2001742925" lon="73.9321767725"><ele>-2.27</ele><time>2025-11-14T05:14:42Z</time><extensions><gpxtpx:TrackPointExtension><gpxtpx:cad>0</gpxtpx:cad></gpxtpx:TrackPointExtension></extensions></trkpt><trkpt lat="15.2000309620" lon="73.9322584122"><ele>-2.27</ele><time>2025-11-14T05:14:47Z</time><extensions><gpxtpx:TrackPointExtension><gpxtpx:cad>0</gpxtpx:cad></gpxtpx:TrackPointExtension></extensions></trkpt><trkpt lat="15.1998841111" lon="73.9323343523"><ele>-1.79</ele><time>2025-11-14T05:14:52Z</time><extensions><gpxtpx:TrackPointExtension><gpxtpx:cad>0</gpxtpx:cad></gpxtpx:TrackPointExtension></extensions></trkpt><trkpt lat="15.1997356676" lon="73.9324108791"><ele>-1.79</ele><time>2025-11-14T05:14:57Z</time><extensions><gpxtpx:TrackPointExtension><gpxtpx:cad>0</gpxtpx:cad></gpxtpx:TrackPointExtension></extensions></trkpt><trkpt lat="15.1995846257" lon="73.9324847236"><ele>-1.79</ele><time>2025-11-14T05:15:02Z</time><extensions><gpxtpx:TrackPointExtension><gpxtpx:cad>0</gpxtpx:cad></gpxtpx:TrackPointExtension></extensions></trkpt><trkpt lat="15.1994309854" lon="73.9325563889"><ele>-1.79</ele><time>2025-11-14T05:15:07Z</time><extensions><gpxtpx:TrackPointExtension><gpxtpx:cad>0</gpxtpx:cad></gpxtpx:TrackPointExtension></extensions></trkpt><trkpt lat="15.1992819551" lon="73.9326200914"><ele>-2.27</ele><time>2025-11-14T05:15:12Z</time><extensions><gpxtpx:TrackPointExtension><gpxtpx:cad>0</gpxtpx:cad></gpxtpx:TrackPointExtension></extensions></trkpt><trkpt lat="15.1991307456" lon="73.9326820336"><ele>-2.27</ele><time>2025-11-14T05:15:17Z</time><extensions><gpxtpx:TrackPointExtension><gpxtpx:cad>0</gpxtpx:cad></gpxtpx:TrackPointExtension></extensions></trkpt><trkpt lat="15.1989757642" lon="73.9327275474"><ele>-2.27</ele><time>2025-11-14T05:15:22Z</time><extensions><gpxtpx:TrackPointExtension><gpxtpx:cad>0</gpxtpx:cad></gpxtpx:TrackPointExtension></extensions></trkpt><trkpt lat="15.1988211181" lon="73.9327668585"><ele>-2.27</ele><time>2025-11-14T05:15:27Z</time><extensions><gpxtpx:TrackPointExtension><gpxtpx:cad>0</gpxtpx:cad></gpxtpx:TrackPointExtension></extensions></trkpt><trkpt lat="15.1986608561" lon="73.9328076784"><ele>-2.27</ele><time>2025-11-14T05:15:32Z</time><extensions><gpxtpx:TrackPointExtension><gpxtpx:cad>0</gpxtpx:cad></gpxtpx:TrackPointExtension></extensions></trkpt><trkpt lat="15.1985013485" lon="73.9328496717"><ele>-2.75</ele><time>2025-11-14T05:15:37Z</time><extensions><gpxtpx:TrackPointExtension><gpxtpx:cad>0</gpxtpx:cad></gpxtpx:TrackPointExtension></extensions></trkpt><trkpt lat="15.1983383205" lon="73.9328847919"><ele>-2.75</ele><time>2025-11-14T05:15:42Z</time><extensions><gpxtpx:TrackPointExtension><gpxtpx:cad>0</gpxtpx:cad></gpxtpx:TrackPointExtension></extensions></trkpt><trkpt lat="15.1981757116" lon="73.9329157211"><ele>-2.75</ele><time>2025-11-14T05:15:47Z</time><extensions><gpxtpx:TrackPointExtension><gpxtpx:cad>0</gpxtpx:cad></gpxtpx:TrackPointExtension></extensions></trkpt><trkpt lat="15.1980165392" lon="73.9329614025"><ele>-2.27</ele><time>2025-11-14T05:15:52Z</time><extensions><gpxtpx:TrackPointExtension><gpxtpx:cad>0</gpxtpx:cad></gpxtpx:TrackPointExtension></extensions></trkpt><trkpt lat="15.1978642400" lon="73.9330103528"><ele>-2.27</ele><time>2025-11-14T05:15:57Z</time><extensions><gpxtpx:TrackPointExtension><gpxtpx:cad>0</gpxtpx:cad></gpxtpx:TrackPointExtension></extensions></trkpt><trkpt lat="15.1977093425" lon="73.9330079220"><ele>-1.79</ele><time>2025-11-14T05:16:02Z</time><extensions><gpxtpx:TrackPointExtension><gpxtpx:cad>0</gpxtpx:cad></gpxtpx:TrackPointExtension></extensions></trkpt><trkpt lat="15.1975668501" lon="73.9329460636"><ele>-1.30</ele><time>2025-11-14T05:16:07Z</time><extensions><gpxtpx:TrackPointExtension><gpxtpx:cad>0</gpxtpx:cad></gpxtpx:TrackPointExtension></extensions></trkpt><trkpt lat="15.1974337455" lon="73.9328502584"><ele>-1.30</ele><time>2025-11-14T05:16:12Z</time><extensions><gpxtpx:TrackPointExtension><gpxtpx:cad>0</gpxtpx:cad></gpxtpx:TrackPointExtension></extensions></trkpt><trkpt lat="15.1973161474" lon="73.9327350073"><ele>-1.30</ele><time>2025-11-14T05:16:17Z</time><extensions><gpxtpx:TrackPointExtension><gpxtpx:cad>0</gpxtpx:cad></gpxtpx:TrackPointExtension></extensions></trkpt><trkpt lat="15.1972074341" lon="73.9326018188"><ele>-0.34</ele><time>2025-11-14T05:16:22Z</time><extensions><gpxtpx:TrackPointExtension><gpxtpx:cad>0</gpxtpx:cad></gpxtpx:TrackPointExtension></extensions></trkpt><trkpt lat="15.1970990561" lon="73.9324698877"><ele>-0.34</ele><time>2025-11-14T05:16:27Z</time><extensions><gpxtpx:TrackPointExtension><gpxtpx:cad>0</gpxtpx:cad></gpxtpx:TrackPointExtension></extensions></trkpt><trkpt lat="15.1969731599" lon="73.9323675446"><ele>-0.82</ele><time>2025-11-14T05:16:32Z</time><extensions><gpxtpx:TrackPointExtension><gpxtpx:cad>0</gpxtpx:cad></gpxtpx:TrackPointExtension></extensions></trkpt><trkpt lat="15.1968277339" lon="73.9323123079"><ele>-0.82</ele><time>2025-11-14T05:16:37Z</time><extensions><gpxtpx:TrackPointExtension><gpxtpx:cad>0</gpxtpx:cad></gpxtpx:TrackPointExtension></extensions></trkpt><trkpt lat="15.1966687292" lon="73.9323050994"><ele>-0.34</ele><time>2025-11-14T05:16:42Z</time><extensions><gpxtpx:TrackPointExtension><gpxtpx:cad>0</gpxtpx:cad></gpxtpx:TrackPointExtension></extensions></trkpt><trkpt lat="15.1964979060" lon="73.9323108830"><ele>-0.82</ele><time>2025-11-14T05:16:47Z</time><extensions><gpxtpx:TrackPointExtension><gpxtpx:cad>0</gpxtpx:cad></gpxtpx:TrackPointExtension></extensions></trkpt><trkpt lat="15.1963342912" lon="73.9322973043"><ele>-0.82</ele><time>2025-11-14T05:16:52Z</time><extensions><gpxtpx:TrackPointExtension><gpxtpx:cad>0</gpxtpx:cad></gpxtpx:TrackPointExtension></extensions></trkpt><trkpt lat="15.1961783879" lon="73.9322570711"><ele>-0.34</ele><time>2025-11-14T05:16:57Z</time><extensions><gpxtpx:TrackPointExtension><gpxtpx:cad>0</gpxtpx:cad></gpxtpx:TrackPointExtension></extensions></trkpt><trkpt lat="15.1960244961" lon="73.9321970567"><ele>0.14</ele><time>2025-11-14T05:17:02Z</time><extensions><gpxtpx:TrackPointExtension><gpxtpx:cad>0</gpxtpx:cad></gpxtpx:TrackPointExtension></extensions></trkpt><trkpt lat="15.1958676707" lon="73.9321398083"><ele>0.62</ele><time>2025-11-14T05:17:07Z</time><extensions><gpxtpx:TrackPointExtension><gpxtpx:cad>0</gpxtpx:cad></gpxtpx:TrackPointExtension></extensions></trkpt><trkpt lat="15.1957003679" lon="73.9321208652"><ele>1.10</ele><time>2025-11-14T05:17:12Z</time><extensions><gpxtpx:TrackPointExtension><gpxtpx:cad>0</gpxtpx:cad></gpxtpx:TrackPointExtension></extensions></trkpt><trkpt lat="15.1955335680" lon="73.9321241342"><ele>1.10</ele><time>2025-11-14T05:17:17Z</time><extensions><gpxtpx:TrackPointExtension><gpxtpx:cad>0</gpxtpx:cad></gpxtpx:TrackPointExtension></extensions></trkpt><trkpt lat="15.1953723840" lon="73.9321392216"><ele>0.62</ele><time>2025-11-14T05:17:22Z</time><extensions><gpxtpx:TrackPointExtension><gpxtpx:cad>0</gpxtpx:cad></gpxtpx:TrackPointExtension></extensions></trkpt><trkpt lat="15.1952139661" lon="73.9321361203"><ele>0.62</ele><time>2025-11-14T05:17:27Z</time><extensions><gpxtpx:TrackPointExtension><gpxtpx:cad>0</gpxtpx:cad></gpxtpx:TrackPointExtension></extensions></trkpt><trkpt lat="15.1950445678" lon="73.9321284927"><ele>1.10</ele><time>2025-11-14T05:17:32Z</time><extensions><gpxtpx:TrackPointExtension><gpxtpx:cad>0</gpxtpx:cad></gpxtpx:TrackPointExtension></extensions></trkpt><trkpt lat="15.1948790252" lon="73.9321341086"><ele>1.58</ele><time>2025-11-14T05:17:37Z</time><extensions><gpxtpx:TrackPointExtension><gpxtpx:cad>0</gpxtpx:cad></gpxtpx:TrackPointExtension></extensions></trkpt><trkpt lat="15.1947136503" lon="73.9321525488"><ele>1.58</ele><time>2025-11-14T05:17:42Z</time><extensions><gpxtpx:TrackPointExtension><gpxtpx:cad>0</gpxtpx:cad></gpxtpx:TrackPointExtension></extensions></trkpt><trkpt lat="15.1945490297" lon="73.9321641997"><ele>1.58</ele><time>2025-11-14T05:17:47Z</time><extensions><gpxtpx:TrackPointExtension><gpxtpx:cad>0</gpxtpx:cad></gpxtpx:TrackPointExtension></extensions></trkpt><trkpt lat="15.1943849120" lon="73.9321633615"><ele>2.06</ele><time>2025-11-14T05:17:52Z</time><extensions><gpxtpx:TrackPointExtension><gpxtpx:cad>0</gpxtpx:cad></gpxtpx:TrackPointExtension></extensions></trkpt><trkpt lat="15.1942215487" lon="73.9321477711"><ele>2.06</ele><time>2025-11-14T05:17:57Z</time><extensions><gpxtpx:TrackPointExtension><gpxtpx:cad>0</gpxtpx:cad></gpxtpx:TrackPointExtension></extensions></trkpt><trkpt lat="15.1940565091" lon="73.9321326837"><ele>2.54</ele><time>2025-11-14T05:18:02Z</time><extensions><gpxtpx:TrackPointExtension><gpxtpx:cad>0</gpxtpx:cad></gpxtpx:TrackPointExtension></extensions></trkpt><trkpt lat="15.1938901283" lon="73.9321373776"><ele>2.06</ele><time>2025-11-14T05:18:07Z</time><extensions><gpxtpx:TrackPointExtension><gpxtpx:cad>0</gpxtpx:cad></gpxtpx:TrackPointExtension></extensions></trkpt><trkpt lat="15.1937319618" lon="73.9321201108"><ele>2.06</ele><time>2025-11-14T05:18:12Z</time><extensions><gpxtpx:TrackPointExtension><gpxtpx:cad>0</gpxtpx:cad></gpxtpx:TrackPointExtension></extensions></trkpt><trkpt lat="15.1935706940" lon="73.9320870023"><ele>2.06</ele><time>2025-11-14T05:18:17Z</time><extensions><gpxtpx:TrackPointExtension><gpxtpx:cad>0</gpxtpx:cad></gpxtpx:TrackPointExtension></extensions></trkpt><trkpt lat="15.1934006251" lon="73.9320770279"><ele>1.58</ele><time>2025-11-14T05:18:22Z</time><extensions><gpxtpx:TrackPointExtension><gpxtpx:cad>0</gpxtpx:cad></gpxtpx:TrackPointExtension></extensions></trkpt><trkpt lat="15.1932273712" lon="73.9320759382"><ele>1.10</ele><time>2025-11-14T05:18:27Z</time><extensions><gpxtpx:TrackPointExtension><gpxtpx:cad>0</gpxtpx:cad></gpxtpx:TrackPointExtension></extensions></trkpt><trkpt lat="15.1930609904" lon="73.9320691489"><ele>1.58</ele><time>2025-11-14T05:18:32Z</time><extensions><gpxtpx:TrackPointExtension><gpxtpx:cad>0</gpxtpx:cad></gpxtpx:TrackPointExtension></extensions></trkpt><trkpt lat="15.1928955317" lon="73.9320785366"><ele>0.62</ele><time>2025-11-14T05:18:37Z</time><extensions><gpxtpx:TrackPointExtension><gpxtpx:cad>0</gpxtpx:cad></gpxtpx:TrackPointExtension></extensions></trkpt><trkpt lat="15.1927298214" lon="73.9320910256"><ele>0.62</ele><time>2025-11-14T05:18:42Z</time><extensions><gpxtpx:TrackPointExtension><gpxtpx:cad>0</gpxtpx:cad></gpxtpx:TrackPointExtension></extensions></trkpt><trkpt lat="15.1925650332" lon="73.9321033470"><ele>-0.34</ele><time>2025-11-14T05:18:47Z</time><extensions><gpxtpx:TrackPointExtension><gpxtpx:cad>0</gpxtpx:cad></gpxtpx:TrackPointExtension></extensions></trkpt><trkpt lat="15.1923979819" lon="73.9321129024"><ele>-0.34</ele><time>2025-11-14T05:18:52Z</time><extensions><gpxtpx:TrackPointExtension><gpxtpx:cad>0</gpxtpx:cad></gpxtpx:TrackPointExtension></extensions></trkpt><trkpt lat="15.1922323555" lon="73.9321221225"><ele>-0.34</ele><time>2025-11-14T05:18:57Z</time><extensions><gpxtpx:TrackPointExtension><gpxtpx:cad>0</gpxtpx:cad></gpxtpx:TrackPointExtension></extensions></trkpt><trkpt lat="15.1920669805" lon="73.9321352821"><ele>0.14</ele><time>2025-11-14T05:19:02Z</time><extensions><gpxtpx:TrackPointExtension><gpxtpx:cad>0</gpxtpx:cad></gpxtpx:TrackPointExtension></extensions></trkpt><trkpt lat="15.1919006836" lon="73.9321443345"><ele>0.62</ele><time>2025-11-14T05:19:07Z</time><extensions><gpxtpx:TrackPointExtension><gpxtpx:cad>0</gpxtpx:cad></gpxtpx:TrackPointExtension></extensions></trkpt><trkpt lat="15.1917484682" lon="73.9321600087"><ele>0.14</ele><time>2025-11-14T05:19:12Z</time><extensions><gpxtpx:TrackPointExtension><gpxtpx:cad>0</gpxtpx:cad></gpxtpx:TrackPointExtension></extensions></trkpt><trkpt lat="15.1915838476" lon="73.9321697317"><ele>-0.34</ele><time>2025-11-14T05:19:17Z</time><extensions><gpxtpx:TrackPointExtension><gpxtpx:cad>0</gpxtpx:cad></gpxtpx:TrackPointExtension></extensions></trkpt><trkpt lat="15.1914248429" lon="73.9321850706"><ele>-0.82</ele><time>2025-11-14T05:19:22Z</time><extensions><gpxtpx:TrackPointExtension><gpxtpx:cad>0</gpxtpx:cad></gpxtpx:TrackPointExtension></extensions></trkpt><trkpt lat="15.1912598033" lon="73.9322005771"><ele>-1.79</ele><time>2025-11-14T05:19:27Z</time><extensions><gpxtpx:TrackPointExtension><gpxtpx:cad>0</gpxtpx:cad></gpxtpx:TrackPointExtension></extensions></trkpt><trkpt lat="15.1910987031" lon="73.9322248008"><ele>-1.79</ele><time>2025-11-14T05:19:32Z</time><extensions><gpxtpx:TrackPointExtension><gpxtpx:cad>0</gpxtpx:cad></gpxtpx:TrackPointExtension></extensions></trkpt><trkpt lat="15.1909336634" lon="73.9322454203"><ele>-2.27</ele><time>2025-11-14T05:19:37Z</time><extensions><gpxtpx:TrackPointExtension><gpxtpx:cad>0</gpxtpx:cad></gpxtpx:TrackPointExtension></extensions></trkpt><trkpt lat="15.1907681208" lon="73.9322655369"><ele>-2.75</ele><time>2025-11-14T05:19:42Z</time><extensions><gpxtpx:TrackPointExtension><gpxtpx:cad>0</gpxtpx:cad></gpxtpx:TrackPointExtension></extensions></trkpt><trkpt lat="15.1906066854" lon="73.9322867431"><ele>-2.75</ele><time>2025-11-14T05:19:47Z</time><extensions><gpxtpx:TrackPointExtension><gpxtpx:cad>0</gpxtpx:cad></gpxtpx:TrackPointExtension></extensions></trkpt><trkpt lat="15.1904441603" lon="73.9323035069"><ele>-2.27</ele><time>2025-11-14T05:19:52Z</time><extensions><gpxtpx:TrackPointExtension><gpxtpx:cad>0</gpxtpx:cad></gpxtpx:TrackPointExtension></extensions></trkpt><trkpt lat="15.1902796235" lon="73.9323114697"><ele>-2.27</ele><time>2025-11-14T05:19:57Z</time><extensions><gpxtpx:TrackPointExtension><gpxtpx:cad>0</gpxtpx:cad></gpxtpx:TrackPointExtension></extensions></trkpt><trkpt lat="15.1901188586" lon="73.9323137328"><ele>-1.79</ele><time>2025-11-14T05:20:02Z</time><extensions><gpxtpx:TrackPointExtension><gpxtpx:cad>0</gpxtpx:cad></gpxtpx:TrackPointExtension></extensions></trkpt><trkpt lat="15.1899533998" lon="73.9323149063"><ele>-1.30</ele><time>2025-11-14T05:20:07Z</time><extensions><gpxtpx:TrackPointExtension><gpxtpx:cad>0</gpxtpx:cad></gpxtpx:TrackPointExtension></extensions></trkpt><trkpt lat="15.1897907071" lon="73.9323330112"><ele>-1.30</ele><time>2025-11-14T05:20:12Z</time><extensions><gpxtpx:TrackPointExtension><gpxtpx:cad>0</gpxtpx:cad></gpxtpx:TrackPointExtension></extensions></trkpt><trkpt lat="15.1896255836" lon="73.9323511999"><ele>-1.30</ele><time>2025-11-14T05:20:17Z</time><extensions><gpxtpx:TrackPointExtension><gpxtpx:cad>0</gpxtpx:cad></gpxtpx:TrackPointExtension></extensions></trkpt><trkpt lat="15.1894623041" lon="73.9323522057"><ele>-0.82</ele><time>2025-11-14T05:20:22Z</time><extensions><gpxtpx:TrackPointExtension><gpxtpx:cad>0</gpxtpx:cad></gpxtpx:TrackPointExtension></extensions></trkpt><trkpt lat="15.1893067360" lon="73.9323177561"><ele>-0.82</ele><time>2025-11-14T05:20:27Z</time><extensions><gpxtpx:TrackPointExtension><gpxtpx:cad>0</gpxtpx:cad></gpxtpx:TrackPointExtension></extensions></trkpt><trkpt lat="15.1891517546" lon="73.9322660398"><ele>-0.82</ele><time>2025-11-14T05:20:32Z</time><extensions><gpxtpx:TrackPointExtension><gpxtpx:cad>0</gpxtpx:cad></gpxtpx:TrackPointExtension></extensions></trkpt><trkpt lat="15.1889979467" lon="73.9322118089"><ele>-0.82</ele><time>2025-11-14T05:20:37Z</time><extensions><gpxtpx:TrackPointExtension><gpxtpx:cad>0</gpxtpx:cad></gpxtpx:TrackPointExtension></extensions></trkpt><trkpt lat="15.1888485812" lon="73.9321524650"><ele>-0.82</ele><time>2025-11-14T05:20:42Z</time><extensions><gpxtpx:TrackPointExtension><gpxtpx:cad>0</gpxtpx:cad></gpxtpx:TrackPointExtension></extensions></trkpt><trkpt lat="15.1886958629" lon="73.9320834819"><ele>-0.34</ele><time>2025-11-14T05:20:47Z</time><extensions><gpxtpx:TrackPointExtension><gpxtpx:cad>0</gpxtpx:cad></gpxtpx:TrackPointExtension></extensions></trkpt><trkpt lat="15.1885459945" lon="73.9320136607"><ele>0.14</ele><time>2025-11-14T05:20:52Z</time><extensions><gpxtpx:TrackPointExtension><gpxtpx:cad>0</gpxtpx:cad></gpxtpx:TrackPointExtension></extensions></trkpt><trkpt lat="15.1883968804" lon="73.9319405705"><ele>0.14</ele><time>2025-11-14T05:20:57Z</time><extensions><gpxtpx:TrackPointExtension><gpxtpx:cad>0</gpxtpx:cad></gpxtpx:TrackPointExtension></extensions></trkpt><trkpt lat="15.1882453356" lon="73.9318696596"><ele>0.14</ele><time>2025-11-14T05:21:02Z</time><extensions><gpxtpx:TrackPointExtension><gpxtpx:cad>0</gpxtpx:cad></gpxtpx:TrackPointExtension></extensions></trkpt><trkpt lat="15.1880932879" lon="73.9318025205"><ele>0.14</ele><time>2025-11-14T05:21:07Z</time><extensions><gpxtpx:TrackPointExtension><gpxtpx:cad>0</gpxtpx:cad></gpxtpx:TrackPointExtension></extensions></trkpt><trkpt lat="15.1879397314" lon="73.9317395724"><ele>0.62</ele><time>2025-11-14T05:21:12Z</time><extensions><gpxtpx:TrackPointExtension><gpxtpx:cad>0</gpxtpx:cad></gpxtpx:TrackPointExtension></extensions></trkpt><trkpt lat="15.1877834927" lon="73.9316794742"><ele>0.62</ele><time>2025-11-14T05:21:17Z</time><extensions><gpxtpx:TrackPointExtension><gpxtpx:cad>0</gpxtpx:cad></gpxtpx:TrackPointExtension></extensions></trkpt><trkpt lat="15.1876321994" lon="73.9316166099"><ele>1.10</ele><time>2025-11-14T05:21:22Z</time><extensions><gpxtpx:TrackPointExtension><gpxtpx:cad>0</gpxtpx:cad></gpxtpx:TrackPointExtension></extensions></trkpt><trkpt lat="15.1874811575" lon="73.9315457828"><ele>1.58</ele><time>2025-11-14T05:21:27Z</time><extensions><gpxtpx:TrackPointExtension><gpxtpx:cad>0</gpxtpx:cad></gpxtpx:TrackPointExtension></extensions></trkpt><trkpt lat="15.1873327978" lon="73.9314658195"><ele>1.58</ele><time>2025-11-14T05:21:32Z</time><extensions><gpxtpx:TrackPointExtension><gpxtpx:cad>0</gpxtpx:cad></gpxtpx:TrackPointExtension></extensions></trkpt><trkpt lat="15.1871876232" lon="73.9313807432"><ele>1.58</ele><time>2025-11-14T05:21:37Z</time><extensions><gpxtpx:TrackPointExtension><gpxtpx:cad>0</gpxtpx:cad></gpxtpx:TrackPointExtension></extensions></trkpt><trkpt lat="15.1870406885" lon="73.9312972594"><ele>2.06</ele><time>2025-11-14T05:21:42Z</time><extensions><gpxtpx:TrackPointExtension><gpxtpx:cad>0</gpxtpx:cad></gpxtpx:TrackPointExtension></extensions></trkpt><trkpt lat="15.1868956815" lon="73.9312120155"><ele>2.06</ele><time>2025-11-14T05:21:47Z</time><extensions><gpxtpx:TrackPointExtension><gpxtpx:cad>0</gpxtpx:cad></gpxtpx:TrackPointExtension></extensions></trkpt><trkpt lat="15.1867469028" lon="73.9311349019"><ele>2.06</ele><time>2025-11-14T05:21:52Z</time><extensions><gpxtpx:TrackPointExtension><gpxtpx:cad>0</gpxtpx:cad></gpxtpx:TrackPointExtension></extensions></trkpt><trkpt lat="15.1865976211" lon="73.9310601354"><ele>2.06</ele><time>2025-11-14T05:21:57Z</time><extensions><gpxtpx:TrackPointExtension><gpxtpx:cad>0</gpxtpx:cad></gpxtpx:TrackPointExtension></extensions></trkpt><trkpt lat="15.1864523627" lon="73.9309853688"><ele>2.06</ele><time>2025-11-14T05:22:02Z</time><extensions><gpxtpx:TrackPointExtension><gpxtpx:cad>0</gpxtpx:cad></gpxtpx:TrackPointExtension></extensions></trkpt><trkpt lat="15.1863051765" lon="73.9309011307"><ele>2.06</ele><time>2025-11-14T05:22:07Z</time><extensions><gpxtpx:TrackPointExtension><gpxtpx:cad>0</gpxtpx:cad></gpxtpx:TrackPointExtension></extensions></trkpt><trkpt lat="15.1861691382" lon="73.9308175631"><ele>1.58</ele><time>2025-11-14T05:22:12Z</time><extensions><gpxtpx:TrackPointExtension><gpxtpx:cad>0</gpxtpx:cad></gpxtpx:TrackPointExtension></extensions></trkpt><trkpt lat="15.1860245503" lon="73.9307366777"><ele>2.06</ele><time>2025-11-14T05:22:17Z</time><extensions><gpxtpx:TrackPointExtension><gpxtpx:cad>0</gpxtpx:cad></gpxtpx:TrackPointExtension></extensions></trkpt><trkpt lat="15.1858839020" lon="73.9306577202"><ele>2.06</ele><time>2025-11-14T05:22:22Z</time><extensions><gpxtpx:TrackPointExtension><gpxtpx:cad>0</gpxtpx:cad></gpxtpx:TrackPointExtension></extensions></trkpt><trkpt lat="15.1857374702" lon="73.9305793494"><ele>2.54</ele><time>2025-11-14T05:22:27Z</time><extensions><gpxtpx:TrackPointExtension><gpxtpx:cad>0</gpxtpx:cad></gpxtpx:TrackPointExtension></extensions></trkpt><trkpt lat="15.1855911221" lon="73.9304935187"><ele>2.54</ele><time>2025-11-14T05:22:32Z</time><extensions><gpxtpx:TrackPointExtension><gpxtpx:cad>0</gpxtpx:cad></gpxtpx:TrackPointExtension></extensions></trkpt><trkpt lat="15.1854519825" lon="73.9304064307"><ele>2.06</ele><time>2025-11-14T05:22:37Z</time><extensions><gpxtpx:TrackPointExtension><gpxtpx:cad>0</gpxtpx:cad></gpxtpx:TrackPointExtension></extensions></trkpt><trkpt lat="15.1853144355" lon="73.9303098712"><ele>2.06</ele><time>2025-11-14T05:22:42Z</time><extensions><gpxtpx:TrackPointExtension><gpxtpx:cad>0</gpxtpx:cad></gpxtpx:TrackPointExtension></extensions></trkpt><trkpt lat="15.1851876173" lon="73.9302014932"><ele>1.58</ele><time>2025-11-14T05:22:47Z</time><extensions><gpxtpx:TrackPointExtension><gpxtpx:cad>0</gpxtpx:cad></gpxtpx:TrackPointExtension></extensions></trkpt><trkpt lat="15.1850508247" lon="73.9301037602"><ele>1.58</ele><time>2025-11-14T05:22:52Z</time><extensions><gpxtpx:TrackPointExtension><gpxtpx:cad>0</gpxtpx:cad></gpxtpx:TrackPointExtension></extensions></trkpt><trkpt lat="15.1849110145" lon="73.9300122298"><ele>1.58</ele><time>2025-11-14T05:22:57Z</time><extensions><gpxtpx:TrackPointExtension><gpxtpx:cad>0</gpxtpx:cad></gpxtpx:TrackPointExtension></extensions></trkpt><trkpt lat="15.1847743057" lon="73.9299174305"><ele>2.06</ele><time>2025-11-14T05:23:02Z</time><extensions><gpxtpx:TrackPointExtension><gpxtpx:cad>0</gpxtpx:cad></gpxtpx:TrackPointExtension></extensions></trkpt><trkpt lat="15.1846360881" lon="73.9298243914"><ele>2.06</ele><time>2025-11-14T05:23:07Z</time><extensions><gpxtpx:TrackPointExtension><gpxtpx:cad>0</gpxtpx:cad></gpxtpx:TrackPointExtension></extensions></trkpt><trkpt lat="15.1844918355" lon="73.9297405723"><ele>1.58</ele><time>2025-11-14T05:23:12Z</time><extensions><gpxtpx:TrackPointExtension><gpxtpx:cad>0</gpxtpx:cad></gpxtpx:TrackPointExtension></extensions></trkpt><trkpt lat="15.1843465772" lon="73.9296673983"><ele>1.58</ele><time>2025-11-14T05:23:17Z</time><extensions><gpxtpx:TrackPointExtension><gpxtpx:cad>0</gpxtpx:cad></gpxtpx:TrackPointExtension></extensions></trkpt><trkpt lat="15.1841936074" lon="73.9295978285"><ele>2.06</ele><time>2025-11-14T05:23:22Z</time><extensions><gpxtpx:TrackPointExtension><gpxtpx:cad>0</gpxtpx:cad></gpxtpx:TrackPointExtension></extensions></trkpt><trkpt lat="15.1840373687" lon="73.9295367245"><ele>2.06</ele><time>2025-11-14T05:23:27Z</time><extensions><gpxtpx:TrackPointExtension><gpxtpx:cad>0</gpxtpx:cad></gpxtpx:TrackPointExtension></extensions></trkpt><trkpt lat="15.1838802081" lon="73.9294694178"><ele>2.54</ele><time>2025-11-14T05:23:32Z</time><extensions><gpxtpx:TrackPointExtension><gpxtpx:cad>0</gpxtpx:cad></gpxtpx:TrackPointExtension></extensions></trkpt><trkpt lat="15.1837222092" lon="73.9294021949"><ele>2.06</ele><time>2025-11-14T05:23:37Z</time><extensions><gpxtpx:TrackPointExtension><gpxtpx:cad>0</gpxtpx:cad></gpxtpx:TrackPointExtension></extensions></trkpt><trkpt lat="15.1835708320" lon="73.9293389954"><ele>2.06</ele><time>2025-11-14T05:23:42Z</time><extensions><gpxtpx:TrackPointExtension><gpxtpx:cad>0</gpxtpx:cad></gpxtpx:TrackPointExtension></extensions></trkpt><trkpt lat="15.1834175270" lon="73.9292741194"><ele>2.06</ele><time>2025-11-14T05:23:47Z</time><extensions><gpxtpx:TrackPointExtension><gpxtpx:cad>0</gpxtpx:cad></gpxtpx:TrackPointExtension></extensions></trkpt><trkpt lat="15.1832664851" lon="73.9292124286"><ele>2.06</ele><time>2025-11-14T05:23:52Z</time><extensions><gpxtpx:TrackPointExtension><gpxtpx:cad>0</gpxtpx:cad></gpxtpx:TrackPointExtension></extensions></trkpt><trkpt lat="15.1831137668" lon="73.9291440323"><ele>1.58</ele><time>2025-11-14T05:23:57Z</time><extensions><gpxtpx:TrackPointExtension><gpxtpx:cad>0</gpxtpx:cad></gpxtpx:TrackPointExtension></extensions></trkpt><trkpt lat="15.1829607133" lon="73.9290777314"><ele>1.58</ele><time>2025-11-14T05:24:02Z</time><extensions><gpxtpx:TrackPointExtension><gpxtpx:cad>0</gpxtpx:cad></gpxtpx:TrackPointExtension></extensions></trkpt><trkpt lat="15.1828115992" lon="73.9290075749"><ele>1.58</ele><time>2025-11-14T05:24:07Z</time><extensions><gpxtpx:TrackPointExtension><gpxtpx:cad>0</gpxtpx:cad></gpxtpx:TrackPointExtension></extensions></trkpt><trkpt lat="15.1826625690" lon="73.9289340656"><ele>1.58</ele><time>2025-11-14T05:24:12Z</time><extensions><gpxtpx:TrackPointExtension><gpxtpx:cad>0</gpxtpx:cad></gpxtpx:TrackPointExtension></extensions></trkpt><trkpt lat="15.1825128682" lon="73.9288623165"><ele>1.10</ele><time>2025-11-14T05:24:17Z</time><extensions><gpxtpx:TrackPointExtension><gpxtpx:cad>0</gpxtpx:cad></gpxtpx:TrackPointExtension></extensions></trkpt><trkpt lat="15.1823593117" lon="73.9287862927"><ele>1.10</ele><time>2025-11-14T05:24:22Z</time><extensions><gpxtpx:TrackPointExtension><gpxtpx:cad>0</gpxtpx:cad></gpxtpx:TrackPointExtension></extensions></trkpt><trkpt lat="15.1822044980" lon="73.9287194889"><ele>1.10</ele><time>2025-11-14T05:24:27Z</time><extensions><gpxtpx:TrackPointExtension><gpxtpx:cad>0</gpxtpx:cad></gpxtpx:TrackPointExtension></extensions></trkpt><trkpt lat="15.1820475888" lon="73.9286625758"><ele>0.62</ele><time>2025-11-14T05:24:32Z</time><extensions><gpxtpx:TrackPointExtension><gpxtpx:cad>0</gpxtpx:cad></gpxtpx:TrackPointExtension></extensions></trkpt><trkpt lat="15.1818895061" lon="73.9286075905"><ele>0.62</ele><time>2025-11-14T05:24:37Z</time><extensions><gpxtpx:TrackPointExtension><gpxtpx:cad>0</gpxtpx:cad></gpxtpx:TrackPointExtension></extensions></trkpt><trkpt lat="15.1817302499" lon="73.9285593946"><ele>0.62</ele><time>2025-11-14T05:24:42Z</time><extensions><gpxtpx:TrackPointExtension><gpxtpx:cad>0</gpxtpx:cad></gpxtpx:TrackPointExtension></extensions></trkpt><trkpt lat="15.1815683953" lon="73.9285138808"><ele>0.14</ele><time>2025-11-14T05:24:47Z</time><extensions><gpxtpx:TrackPointExtension><gpxtpx:cad>0</gpxtpx:cad></gpxtpx:TrackPointExtension></extensions></trkpt><trkpt lat="15.1814083010" lon="73.9284741506"><ele>0.14</ele><time>2025-11-14T05:24:52Z</time><extensions><gpxtpx:TrackPointExtension><gpxtpx:cad>0</gpxtpx:cad></gpxtpx:TrackPointExtension></extensions></trkpt><trkpt lat="15.1812480390" lon="73.9284215961"><ele>0.14</ele><time>2025-11-14T05:24:57Z</time><extensions><gpxtpx:TrackPointExtension><gpxtpx:cad>0</gpxtpx:cad></gpxtpx:TrackPointExtension></extensions></trkpt><trkpt lat="15.1810925547" lon="73.9283562172"><ele>0.14</ele><time>2025-11-14T05:25:02Z</time><extensions><gpxtpx:TrackPointExtension><gpxtpx:cad>0</gpxtpx:cad></gpxtpx:TrackPointExtension></extensions></trkpt><trkpt lat="15.1809379086" lon="73.9282892458"><ele>0.14</ele><time>2025-11-14T05:25:07Z</time><extensions><gpxtpx:TrackPointExtension><gpxtpx:cad>0</gpxtpx:cad></gpxtpx:TrackPointExtension></extensions></trkpt><trkpt lat="15.1807820890" lon="73.9282220230"><ele>0.14</ele><time>2025-11-14T05:25:12Z</time><extensions><gpxtpx:TrackPointExtension><gpxtpx:cad>0</gpxtpx:cad></gpxtpx:TrackPointExtension></extensions></trkpt><trkpt lat="15.1806219108" lon="73.9281584881"><ele>0.14</ele><time>2025-11-14T05:25:17Z</time><extensions><gpxtpx:TrackPointExtension><gpxtpx:cad>0</gpxtpx:cad></gpxtpx:TrackPointExtension></extensions></trkpt><trkpt lat="15.1804603916" lon="73.9281018265"><ele>0.14</ele><time>2025-11-14T05:25:22Z</time><extensions><gpxtpx:TrackPointExtension><gpxtpx:cad>0</gpxtpx:cad></gpxtpx:TrackPointExtension></extensions></trkpt><trkpt lat="15.1803028118" lon="73.9280638564"><ele>0.62</ele><time>2025-11-14T05:25:27Z</time><extensions><gpxtpx:TrackPointExtension><gpxtpx:cad>0</gpxtpx:cad></gpxtpx:TrackPointExtension></extensions></trkpt><trkpt lat="15.1801401190" lon="73.9280273113"><ele>1.10</ele><time>2025-11-14T05:25:32Z</time><extensions><gpxtpx:TrackPointExtension><gpxtpx:cad>0</gpxtpx:cad></gpxtpx:TrackPointExtension></extensions></trkpt><trkpt lat="15.1799768396" lon="73.9280099608"><ele>1.10</ele><time>2025-11-14T05:25:37Z</time><extensions><gpxtpx:TrackPointExtension><gpxtpx:cad>0</gpxtpx:cad></gpxtpx:TrackPointExtension></extensions></trkpt><trkpt lat="15.1798124705" lon="73.9279964659"><ele>0.62</ele><time>2025-11-14T05:25:42Z</time><extensions><gpxtpx:TrackPointExtension><gpxtpx:cad>0</gpxtpx:cad></gpxtpx:TrackPointExtension></extensions></trkpt><trkpt lat="15.1796473470" lon="73.9279968850"><ele>1.10</ele><time>2025-11-14T05:25:47Z</time><extensions><gpxtpx:TrackPointExtension><gpxtpx:cad>0</gpxtpx:cad></gpxtpx:TrackPointExtension></extensions></trkpt><trkpt lat="15.1794875879" lon="73.9280263055"><ele>1.10</ele><time>2025-11-14T05:25:52Z</time><extensions><gpxtpx:TrackPointExtension><gpxtpx:cad>0</gpxtpx:cad></gpxtpx:TrackPointExtension></extensions></trkpt><trkpt lat="15.1793290023" lon="73.9280401357"><ele>1.10</ele><time>2025-11-14T05:25:57Z</time><extensions><gpxtpx:TrackPointExtension><gpxtpx:cad>0</gpxtpx:cad></gpxtpx:TrackPointExtension></extensions></trkpt><trkpt lat="15.1791626215" lon="73.9280211087"><ele>1.10</ele><time>2025-11-14T05:26:02Z</time><extensions><gpxtpx:TrackPointExtension><gpxtpx:cad>0</gpxtpx:cad></gpxtpx:TrackPointExtension></extensions></trkpt><trkpt lat="15.1789948158" lon="73.9279914368"><ele>0.62</ele><time>2025-11-14T05:26:07Z</time><extensions><gpxtpx:TrackPointExtension><gpxtpx:cad>0</gpxtpx:cad></gpxtpx:TrackPointExtension></extensions></trkpt><trkpt lat="15.1788281836" lon="73.9279522933"><ele>0.62</ele><time>2025-11-14T05:26:12Z</time><extensions><gpxtpx:TrackPointExtension><gpxtpx:cad>0</gpxtpx:cad></gpxtpx:TrackPointExtension></extensions></trkpt><trkpt lat="15.1786599588" lon="73.9278968889"><ele>0.14</ele><time>2025-11-14T05:26:17Z</time><extensions><gpxtpx:TrackPointExtension><gpxtpx:cad>0</gpxtpx:cad></gpxtpx:TrackPointExtension></extensions></trkpt><trkpt lat="15.1784949191" lon="73.9278329350"><ele>0.14</ele><time>2025-11-14T05:26:22Z</time><extensions><gpxtpx:TrackPointExtension><gpxtpx:cad>0</gpxtpx:cad></gpxtpx:TrackPointExtension></extensions></trkpt><trkpt lat="15.1783302985" lon="73.9277642034"><ele>0.14</ele><time>2025-11-14T05:26:27Z</time><extensions><gpxtpx:TrackPointExtension><gpxtpx:cad>0</gpxtpx:cad></gpxtpx:TrackPointExtension></extensions></trkpt><trkpt lat="15.1781657618" lon="73.9276958071"><ele>0.14</ele><time>2025-11-14T05:26:32Z</time><extensions><gpxtpx:TrackPointExtension><gpxtpx:cad>0</gpxtpx:cad></gpxtpx:TrackPointExtension></extensions></trkpt><trkpt lat="15.1779999677" lon="73.9276237227"><ele>0.14</ele><time>2025-11-14T05:26:37Z</time><extensions><gpxtpx:TrackPointExtension><gpxtpx:cad>0</gpxtpx:cad></gpxtpx:TrackPointExtension></extensions></trkpt><trkpt lat="15.1778354309" lon="73.9275553264"><ele>0.62</ele><time>2025-11-14T05:26:42Z</time><extensions><gpxtpx:TrackPointExtension><gpxtpx:cad>0</gpxtpx:cad></gpxtpx:TrackPointExtension></extensions></trkpt><trkpt lat="15.1776728220" lon="73.9274826553"><ele>0.62</ele><time>2025-11-14T05:26:47Z</time><extensions><gpxtpx:TrackPointExtension><gpxtpx:cad>0</gpxtpx:cad></gpxtpx:TrackPointExtension></extensions></trkpt><trkpt lat="15.1775099616" lon="73.9274101518"><ele>0.62</ele><time>2025-11-14T05:26:52Z</time><extensions><gpxtpx:TrackPointExtension><gpxtpx:cad>0</gpxtpx:cad></gpxtpx:TrackPointExtension></extensions></trkpt><trkpt lat="15.1773490291" lon="73.9273412526"><ele>1.10</ele><time>2025-11-14T05:26:57Z</time><extensions><gpxtpx:TrackPointExtension><gpxtpx:cad>0</gpxtpx:cad></gpxtpx:TrackPointExtension></extensions></trkpt><trkpt lat="15.1771937963" lon="73.9272655640"><ele>1.58</ele><time>2025-11-14T05:27:02Z</time><extensions><gpxtpx:TrackPointExtension><gpxtpx:cad>0</gpxtpx:cad></gpxtpx:TrackPointExtension></extensions></trkpt><trkpt lat="15.1770335343" lon="73.9271892887"><ele>2.06</ele><time>2025-11-14T05:27:07Z</time><extensions><gpxtpx:TrackPointExtension><gpxtpx:cad>0</gpxtpx:cad></gpxtpx:TrackPointExtension></extensions></trkpt><trkpt lat="15.1768664829" lon="73.9271286037"><ele>2.54</ele><time>2025-11-14T05:27:12Z</time><extensions><gpxtpx:TrackPointExtension><gpxtpx:cad>0</gpxtpx:cad></gpxtpx:TrackPointExtension></extensions></trkpt><trkpt lat="15.1766972523" lon="73.9270737860"><ele>2.06</ele><time>2025-11-14T05:27:17Z</time><extensions><gpxtpx:TrackPointExtension><gpxtpx:cad>0</gpxtpx:cad></gpxtpx:TrackPointExtension></extensions></trkpt><trkpt lat="15.1765291952" lon="73.9270235784"><ele>2.06</ele><time>2025-11-14T05:27:22Z</time><extensions><gpxtpx:TrackPointExtension><gpxtpx:cad>0</gpxtpx:cad></gpxtpx:TrackPointExtension></extensions></trkpt><trkpt lat="15.1763601322" lon="73.9269685093"><ele>2.06</ele><time>2025-11-14T05:27:27Z</time><extensions><gpxtpx:TrackPointExtension><gpxtpx:cad>0</gpxtpx:cad></gpxtpx:TrackPointExtension></extensions></trkpt><trkpt lat="15.1761933323" lon="73.9268999454"><ele>2.06</ele><time>2025-11-14T05:27:32Z</time><extensions><gpxtpx:TrackPointExtension><gpxtpx:cad>0</gpxtpx:cad></gpxtpx:TrackPointExtension></extensions></trkpt><trkpt lat="15.1760282926" lon="73.9268236700"><ele>2.06</ele><time>2025-11-14T05:27:37Z</time><extensions><gpxtpx:TrackPointExtension><gpxtpx:cad>0</gpxtpx:cad></gpxtpx:TrackPointExtension></extensions></trkpt><trkpt lat="15.1758700423" lon="73.9267451316"><ele>2.06</ele><time>2025-11-14T05:27:42Z</time><extensions><gpxtpx:TrackPointExtension><gpxtpx:cad>0</gpxtpx:cad></gpxtpx:TrackPointExtension></extensions></trkpt><trkpt lat="15.1757108700" lon="73.9266643301"><ele>2.54</ele><time>2025-11-14T05:27:47Z</time><extensions><gpxtpx:TrackPointExtension><gpxtpx:cad>0</gpxtpx:cad></gpxtpx:TrackPointExtension></extensions></trkpt><trkpt lat="15.1755511947" lon="73.9265932515"><ele>3.02</ele><time>2025-11-14T05:27:52Z</time><extensions><gpxtpx:TrackPointExtension><gpxtpx:cad>0</gpxtpx:cad></gpxtpx:TrackPointExtension></extensions></trkpt><trkpt lat="15.1753884181" lon="73.9265251067"><ele>3.02</ele><time>2025-11-14T05:27:57Z</time><extensions><gpxtpx:TrackPointExtension><gpxtpx:cad>0</gpxtpx:cad></gpxtpx:TrackPointExtension></extensions></trkpt><trkpt lat="15.1752211992" lon="73.9264547825"><ele>3.02</ele><time>2025-11-14T05:28:02Z</time><extensions><gpxtpx:TrackPointExtension><gpxtpx:cad>0</gpxtpx:cad></gpxtpx:TrackPointExtension></extensions></trkpt><trkpt lat="15.1750533096" lon="73.9263914991"><ele>3.02</ele><time>2025-11-14T05:28:07Z</time><extensions><gpxtpx:TrackPointExtension><gpxtpx:cad>0</gpxtpx:cad></gpxtpx:TrackPointExtension></extensions></trkpt><trkpt lat="15.1748801395" lon="73.9263298083"><ele>2.54</ele><time>2025-11-14T05:28:12Z</time><extensions><gpxtpx:TrackPointExtension><gpxtpx:cad>0</gpxtpx:cad></gpxtpx:TrackPointExtension></extensions></trkpt><trkpt lat="15.1747096516" lon="73.9262749907"><ele>2.06</ele><time>2025-11-14T05:28:17Z</time><extensions><gpxtpx:TrackPointExtension><gpxtpx:cad>0</gpxtpx:cad></gpxtpx:TrackPointExtension></extensions></trkpt><trkpt lat="15.1745350566" lon="73.9262150601"><ele>2.06</ele><time>2025-11-14T05:28:22Z</time><extensions><gpxtpx:TrackPointExtension><gpxtpx:cad>0</gpxtpx:cad></gpxtpx:TrackPointExtension></extensions></trkpt><trkpt lat="15.1743605454" lon="73.9261674508"><ele>2.06</ele><time>2025-11-14T05:28:27Z</time><extensions><gpxtpx:TrackPointExtension><gpxtpx:cad>0</gpxtpx:cad></gpxtpx:TrackPointExtension></extensions></trkpt><trkpt lat="15.1741871238" lon="73.9261245355"><ele>1.58</ele><time>2025-11-14T05:28:32Z</time><extensions><gpxtpx:TrackPointExtension><gpxtpx:cad>0</gpxtpx:cad></gpxtpx:TrackPointExtension></extensions></trkpt><trkpt lat="15.1740114391" lon="73.9260749146"><ele>2.06</ele><time>2025-11-14T05:28:37Z</time><extensions><gpxtpx:TrackPointExtension><gpxtpx:cad>0</gpxtpx:cad></gpxtpx:TrackPointExtension></extensions></trkpt><trkpt lat="15.1738362573" lon="73.9260224439"><ele>2.06</ele><time>2025-11-14T05:28:42Z</time><extensions><gpxtpx:TrackPointExtension><gpxtpx:cad>0</gpxtpx:cad></gpxtpx:TrackPointExtension></extensions></trkpt><trkpt lat="15.1736611594" lon="73.9259743318"><ele>2.06</ele><time>2025-11-14T05:28:47Z</time><extensions><gpxtpx:TrackPointExtension><gpxtpx:cad>0</gpxtpx:cad></gpxtpx:TrackPointExtension></extensions></trkpt><trkpt lat="15.1734923478" lon="73.9259127248"><ele>2.06</ele><time>2025-11-14T05:28:52Z</time><extensions><gpxtpx:TrackPointExtension><gpxtpx:cad>0</gpxtpx:cad></gpxtpx:TrackPointExtension></extensions></trkpt><trkpt lat="15.1733259670" lon="73.9258444123"><ele>2.06</ele><time>2025-11-14T05:28:57Z</time><extensions><gpxtpx:TrackPointExtension><gpxtpx:cad>0</gpxtpx:cad></gpxtpx:TrackPointExtension></extensions></trkpt><trkpt lat="15.1731593348" lon="73.9257766027"><ele>2.54</ele><time>2025-11-14T05:29:02Z</time><extensions><gpxtpx:TrackPointExtension><gpxtpx:cad>0</gpxtpx:cad></gpxtpx:TrackPointExtension></extensions></trkpt><trkpt lat="15.1729922835" lon="73.9257165883"><ele>2.54</ele><time>2025-11-14T05:29:07Z</time><extensions><gpxtpx:TrackPointExtension><gpxtpx:cad>0</gpxtpx:cad></gpxtpx:TrackPointExtension></extensions></trkpt><trkpt lat="15.1728171017" lon="73.9256587531"><ele>3.02</ele><time>2025-11-14T05:29:12Z</time><extensions><gpxtpx:TrackPointExtension><gpxtpx:cad>0</gpxtpx:cad></gpxtpx:TrackPointExtension></extensions></trkpt><trkpt lat="15.1726479549" lon="73.9256029297"><ele>3.02</ele><time>2025-11-14T05:29:17Z</time><extensions><gpxtpx:TrackPointExtension><gpxtpx:cad>0</gpxtpx:cad></gpxtpx:TrackPointExtension></extensions></trkpt><trkpt lat="15.1724749524" lon="73.9255541470"><ele>3.50</ele><time>2025-11-14T05:29:22Z</time><extensions><gpxtpx:TrackPointExtension><gpxtpx:cad>0</gpxtpx:cad></gpxtpx:TrackPointExtension></extensions></trkpt><trkpt lat="15.1722985134" lon="73.9255035203"><ele>3.02</ele><time>2025-11-14T05:29:27Z</time><extensions><gpxtpx:TrackPointExtension><gpxtpx:cad>0</gpxtpx:cad></gpxtpx:TrackPointExtension></extensions></trkpt><trkpt lat="15.1721235830" lon="73.9254499599"><ele>3.02</ele><time>2025-11-14T05:29:32Z</time><extensions><gpxtpx:TrackPointExtension><gpxtpx:cad>0</gpxtpx:cad></gpxtpx:TrackPointExtension></extensions></trkpt><trkpt lat="15.1719473116" lon="73.9254182763"><ele>2.54</ele><time>2025-11-14T05:29:37Z</time><extensions><gpxtpx:TrackPointExtension><gpxtpx:cad>0</gpxtpx:cad></gpxtpx:TrackPointExtension></extensions></trkpt><trkpt lat="15.1717658434" lon="73.9254119061"><ele>2.54</ele><time>2025-11-14T05:29:42Z</time><extensions><gpxtpx:TrackPointExtension><gpxtpx:cad>0</gpxtpx:cad></gpxtpx:TrackPointExtension></extensions></trkpt><trkpt lat="15.1715870574" lon="73.9254493732"><ele>2.54</ele><time>2025-11-14T05:29:47Z</time><extensions><gpxtpx:TrackPointExtension><gpxtpx:cad>0</gpxtpx:cad></gpxtpx:TrackPointExtension></extensions></trkpt><trkpt lat="15.1714143902" lon="73.9255128242"><ele>2.06</ele><time>2025-11-14T05:29:52Z</time><extensions><gpxtpx:TrackPointExtension><gpxtpx:cad>0</gpxtpx:cad></gpxtpx:TrackPointExtension></extensions></trkpt><trkpt lat="15.1712479256" lon="73.9256014209"><ele>2.06</ele><time>2025-11-14T05:29:57Z</time><extensions><gpxtpx:TrackPointExtension><gpxtpx:cad>0</gpxtpx:cad></gpxtpx:TrackPointExtension></extensions></trkpt><trkpt lat="15.1710895076" lon="73.9257077035"><ele>2.06</ele><time>2025-11-14T05:30:02Z</time><extensions><gpxtpx:TrackPointExtension><gpxtpx:cad>0</gpxtpx:cad></gpxtpx:TrackPointExtension></extensions></trkpt><trkpt lat="15.1709346101" lon="73.9258093759"><ele>1.58</ele><time>2025-11-14T05:30:07Z</time><extensions><gpxtpx:TrackPointExtension><gpxtpx:cad>0</gpxtpx:cad></gpxtpx:TrackPointExtension></extensions></trkpt><trkpt lat="15.1707781199" lon="73.9259056840"><ele>1.58</ele><time>2025-11-14T05:30:12Z</time><extensions><gpxtpx:TrackPointExtension><gpxtpx:cad>0</gpxtpx:cad></gpxtpx:TrackPointExtension></extensions></trkpt><trkpt lat="15.1706285868" lon="73.9260138106"><ele>1.58</ele><time>2025-11-14T05:30:17Z</time><extensions><gpxtpx:TrackPointExtension><gpxtpx:cad>0</gpxtpx:cad></gpxtpx:TrackPointExtension></extensions></trkpt><trkpt lat="15.1704748627" lon="73.9261252899"><ele>1.58</ele><time>2025-11-14T05:30:22Z</time><extensions><gpxtpx:TrackPointExtension><gpxtpx:cad>0</gpxtpx:cad></gpxtpx:TrackPointExtension></extensions></trkpt><trkpt lat="15.1703269221" lon="73.9262412954"><ele>1.58</ele><time>2025-11-14T05:30:27Z</time><extensions><gpxtpx:TrackPointExtension><gpxtpx:cad>0</gpxtpx:cad></gpxtpx:TrackPointExtension></extensions></trkpt><trkpt lat="15.1701717731" lon="73.9263388608"><ele>1.10</ele><time>2025-11-14T05:30:32Z</time><extensions><gpxtpx:TrackPointExtension><gpxtpx:cad>0</gpxtpx:cad></gpxtpx:TrackPointExtension></extensions></trkpt><trkpt lat="15.1700136904" lon="73.9264478255"><ele>1.58</ele><time>2025-11-14T05:30:37Z</time><extensions><gpxtpx:TrackPointExtension><gpxtpx:cad>0</gpxtpx:cad></gpxtpx:TrackPointExtension></extensions></trkpt><trkpt lat="15.1698730420" lon="73.9265674353"><ele>1.58</ele><time>2025-11-14T05:30:42Z</time><extensions><gpxtpx:TrackPointExtension><gpxtpx:cad>0</gpxtpx:cad></gpxtpx:TrackPointExtension></extensions></trkpt><trkpt lat="15.1697314717" lon="73.9267033897"><ele>1.58</ele><time>2025-11-14T05:30:47Z</time><extensions><gpxtpx:TrackPointExtension><gpxtpx:cad>0</gpxtpx:cad></gpxtpx:TrackPointExtension></extensions></trkpt><trkpt lat="15.1695952658" lon="73.9268170483"><ele>1.10</ele><time>2025-11-14T05:30:52Z</time><extensions><gpxtpx:TrackPointExtension><gpxtpx:cad>0</gpxtpx:cad></gpxtpx:TrackPointExtension></extensions></trkpt><trkpt lat="15.1694552042" lon="73.9269360714"><ele>1.10</ele><time>2025-11-14T05:30:57Z</time><extensions><gpxtpx:TrackPointExtension><gpxtpx:cad>0</gpxtpx:cad></gpxtpx:TrackPointExtension></extensions></trkpt><trkpt lat="15.1693138015" lon="73.9270577766"><ele>1.10</ele><time>2025-11-14T05:31:02Z</time><extensions><gpxtpx:TrackPointExtension><gpxtpx:cad>0</gpxtpx:cad></gpxtpx:TrackPointExtension></extensions></trkpt><trkpt lat="15.1691648550" lon="73.9271761291"><ele>0.62</ele><time>2025-11-14T05:31:07Z</time><extensions><gpxtpx:TrackPointExtension><gpxtpx:cad>0</gpxtpx:cad></gpxtpx:TrackPointExtension></extensions></trkpt><trkpt lat="15.1690340973" lon="73.9273023605"><ele>0.62</ele><time>2025-11-14T05:31:12Z</time><extensions><gpxtpx:TrackPointExtension><gpxtpx:cad>0</gpxtpx:cad></gpxtpx:TrackPointExtension></extensions></trkpt><trkpt lat="15.1688864920" lon="73.9274150971"><ele>0.14</ele><time>2025-11-14T05:31:17Z</time><extensions><gpxtpx:TrackPointExtension><gpxtpx:cad>0</gpxtpx:cad></gpxtpx:TrackPointExtension></extensions></trkpt><trkpt lat="15.1687299181" lon="73.9275260735"><ele>0.14</ele><time>2025-11-14T05:31:22Z</time><extensions><gpxtpx:TrackPointExtension><gpxtpx:cad>0</gpxtpx:cad></gpxtpx:TrackPointExtension></extensions></trkpt><trkpt lat="15.1685782894" lon="73.9276364632"><ele>-0.34</ele><time>2025-11-14T05:31:27Z</time><extensions><gpxtpx:TrackPointExtension><gpxtpx:cad>0</gpxtpx:cad></gpxtpx:TrackPointExtension></extensions></trkpt><trkpt lat="15.1684259903" lon="73.9277485292"><ele>-0.34</ele><time>2025-11-14T05:31:32Z</time><extensions><gpxtpx:TrackPointExtension><gpxtpx:cad>0</gpxtpx:cad></gpxtpx:TrackPointExtension></extensions></trkpt><trkpt lat="15.1682735234" lon="73.9278642833"><ele>0.14</ele><time>2025-11-14T05:31:37Z</time><extensions><gpxtpx:TrackPointExtension><gpxtpx:cad>0</gpxtpx:cad></gpxtpx:TrackPointExtension></extensions></trkpt><trkpt lat="15.1681199670" lon="73.9279799536"><ele>-0.34</ele><time>2025-11-14T05:31:42Z</time><extensions><gpxtpx:TrackPointExtension><gpxtpx:cad>0</gpxtpx:cad></gpxtpx:TrackPointExtension></extensions></trkpt><trkpt lat="15.1679669973" lon="73.9280865714"><ele>0.14</ele><time>2025-11-14T05:31:47Z</time><extensions><gpxtpx:TrackPointExtension><gpxtpx:cad>0</gpxtpx:cad></gpxtpx:TrackPointExtension></extensions></trkpt><trkpt lat="15.1678177156" lon="73.9281974640"><ele>0.62</ele><time>2025-11-14T05:31:52Z</time><extensions><gpxtpx:TrackPointExtension><gpxtpx:cad>0</gpxtpx:cad></gpxtpx:TrackPointExtension></extensions></trkpt><trkpt lat="15.1676663384" lon="73.9283097815"><ele>0.62</ele><time>2025-11-14T05:31:57Z</time><extensions><gpxtpx:TrackPointExtension><gpxtpx:cad>0</gpxtpx:cad></gpxtpx:TrackPointExtension></extensions></trkpt><trkpt lat="15.1675200742" lon="73.9284210932"><ele>0.62</ele><time>2025-11-14T05:32:02Z</time><extensions><gpxtpx:TrackPointExtension><gpxtpx:cad>0</gpxtpx:cad></gpxtpx:TrackPointExtension></extensions></trkpt><trkpt lat="15.1673728041" lon="73.9285439719"><ele>0.62</ele><time>2025-11-14T05:32:07Z</time><extensions><gpxtpx:TrackPointExtension><gpxtpx:cad>0</gpxtpx:cad></gpxtpx:TrackPointExtension></extensions></trkpt><trkpt lat="15.1672277972" lon="73.9286613185"><ele>0.62</ele><time>2025-11-14T05:32:12Z</time><extensions><gpxtpx:TrackPointExtension><gpxtpx:cad>0</gpxtpx:cad></gpxtpx:TrackPointExtension></extensions></trkpt><trkpt lat="15.1670856401" lon="73.9287789166"><ele>0.62</ele><time>2025-11-14T05:32:17Z</time><extensions><gpxtpx:TrackPointExtension><gpxtpx:cad>0</gpxtpx:cad></gpxtpx:TrackPointExtension></extensions></trkpt><trkpt lat="15.1669403818" lon="73.9288955927"><ele>0.62</ele><time>2025-11-14T05:32:22Z</time><extensions><gpxtpx:TrackPointExtension><gpxtpx:cad>0</gpxtpx:cad></gpxtpx:TrackPointExtension></extensions></trkpt><trkpt lat="15.1667975541" lon="73.9290152024"><ele>0.62</ele><time>2025-11-14T05:32:27Z</time><extensions><gpxtpx:TrackPointExtension><gpxtpx:cad>0</gpxtpx:cad></gpxtpx:TrackPointExtension></extensions></trkpt><trkpt lat="15.1666583307" lon="73.9291225746"><ele>0.62</ele><time>2025-11-14T05:32:32Z</time><extensions><gpxtpx:TrackPointExtension><gpxtpx:cad>0</gpxtpx:cad></gpxtpx:TrackPointExtension></extensions></trkpt><trkpt lat="15.1665106416" lon="73.9292289410"><ele>0.62</ele><time>2025-11-14T05:32:37Z</time><extensions><gpxtpx:TrackPointExtension><gpxtpx:cad>0</gpxtpx:cad></gpxtpx:TrackPointExtension></extensions></trkpt><trkpt lat="15.1663636230" lon="73.9293370675"><ele>0.62</ele><time>2025-11-14T05:32:42Z</time><extensions><gpxtpx:TrackPointExtension><gpxtpx:cad>0</gpxtpx:cad></gpxtpx:TrackPointExtension></extensions></trkpt><trkpt lat="15.1662086416" lon="73.9294418413"><ele>0.14</ele><time>2025-11-14T05:32:47Z</time><extensions><gpxtpx:TrackPointExtension><gpxtpx:cad>0</gpxtpx:cad></gpxtpx:TrackPointExtension></extensions></trkpt><trkpt lat="15.1660506427" lon="73.9295411669"><ele>0.14</ele><time>2025-11-14T05:32:52Z</time><extensions><gpxtpx:TrackPointExtension><gpxtpx:cad>0</gpxtpx:cad></gpxtpx:TrackPointExtension></extensions></trkpt><trkpt lat="15.1658893749" lon="73.9296414983"><ele>0.14</ele><time>2025-11-14T05:32:57Z</time><extensions><gpxtpx:TrackPointExtension><gpxtpx:cad>0</gpxtpx:cad></gpxtpx:TrackPointExtension></extensions></trkpt><trkpt lat="15.1657369919" lon="73.9297466073"><ele>0.14</ele><time>2025-11-14T05:33:02Z</time><extensions><gpxtpx:TrackPointExtension><gpxtpx:cad>0</gpxtpx:cad></gpxtpx:TrackPointExtension></extensions></trkpt><trkpt lat="15.1655820105" lon="73.9298572484"><ele>0.14</ele><time>2025-11-14T05:33:07Z</time><extensions><gpxtpx:TrackPointExtension><gpxtpx:cad>0</gpxtpx:cad></gpxtpx:TrackPointExtension></extensions></trkpt><trkpt lat="15.1654349081" lon="73.9299656264"><ele>0.14</ele><time>2025-11-14T05:33:12Z</time><extensions><gpxtpx:TrackPointExtension><gpxtpx:cad>0</gpxtpx:cad></gpxtpx:TrackPointExtension></extensions></trkpt><trkpt lat="15.1652825251" lon="73.9300889242"><ele>-0.34</ele><time>2025-11-14T05:33:17Z</time><extensions><gpxtpx:TrackPointExtension><gpxtpx:cad>0</gpxtpx:cad></gpxtpx:TrackPointExtension></extensions></trkpt><trkpt lat="15.1651339978" lon="73.9302054327"><ele>-0.34</ele><time>2025-11-14T05:33:22Z</time><extensions><gpxtpx:TrackPointExtension><gpxtpx:cad>0</gpxtpx:cad></gpxtpx:TrackPointExtension></extensions></trkpt><trkpt lat="15.1649764180" lon="73.9303273056"><ele>0.14</ele><time>2025-11-14T05:33:27Z</time><extensions><gpxtpx:TrackPointExtension><gpxtpx:cad>0</gpxtpx:cad></gpxtpx:TrackPointExtension></extensions></trkpt><trkpt lat="15.1648309920" lon="73.9304342587"><ele>0.14</ele><time>2025-11-14T05:33:32Z</time><extensions><gpxtpx:TrackPointExtension><gpxtpx:cad>0</gpxtpx:cad></gpxtpx:TrackPointExtension></extensions></trkpt><trkpt lat="15.1646781899" lon="73.9305437263"><ele>0.14</ele><time>2025-11-14T05:33:37Z</time><extensions><gpxtpx:TrackPointExtension><gpxtpx:cad>0</gpxtpx:cad></gpxtpx:TrackPointExtension></extensions></trkpt><trkpt lat="15.1645319257" lon="73.9306552894"><ele>0.14</ele><time>2025-11-14T05:33:42Z</time><extensions><gpxtpx:TrackPointExtension><gpxtpx:cad>0</gpxtpx:cad></gpxtpx:TrackPointExtension></extensions></trkpt><trkpt lat="15.1643844042" lon="73.9307748154"><ele>0.62</ele><time>2025-11-14T05:33:47Z</time><extensions><gpxtpx:TrackPointExtension><gpxtpx:cad>0</gpxtpx:cad></gpxtpx:TrackPointExtension></extensions></trkpt><trkpt lat="15.1642418280" lon="73.9308919944"><ele>1.10</ele><time>2025-11-14T05:33:52Z</time><extensions><gpxtpx:TrackPointExtension><gpxtpx:cad>0</gpxtpx:cad></gpxtpx:TrackPointExtension></extensions></trkpt><trkpt lat="15.1641026884" lon="73.9310101792"><ele>1.10</ele><time>2025-11-14T05:33:57Z</time><extensions><gpxtpx:TrackPointExtension><gpxtpx:cad>0</gpxtpx:cad></gpxtpx:TrackPointExtension></extensions></trkpt><trkpt lat="15.1639657281" lon="73.9311381709"><ele>0.62</ele><time>2025-11-14T05:34:02Z</time><extensions><gpxtpx:TrackPointExtension><gpxtpx:cad>0</gpxtpx:cad></gpxtpx:TrackPointExtension></extensions></trkpt><trkpt lat="15.1638195477" lon="73.9312576130"><ele>0.62</ele><time>2025-11-14T05:34:07Z</time><extensions><gpxtpx:TrackPointExtension><gpxtpx:cad>0</gpxtpx:cad></gpxtpx:TrackPointExtension></extensions></trkpt><trkpt lat="15.1636742055" lon="73.9313707687"><ele>1.10</ele><time>2025-11-14T05:34:12Z</time><extensions><gpxtpx:TrackPointExtension><gpxtpx:cad>0</gpxtpx:cad></gpxtpx:TrackPointExtension></extensions></trkpt><trkpt lat="15.1635323837" lon="73.9314871933"><ele>1.10</ele><time>2025-11-14T05:34:17Z</time><extensions><gpxtpx:TrackPointExtension><gpxtpx:cad>0</gpxtpx:cad></gpxtpx:TrackPointExtension></extensions></trkpt><trkpt lat="15.1633868739" lon="73.9316129219"><ele>1.10</ele><time>2025-11-14T05:34:22Z</time><extensions><gpxtpx:TrackPointExtension><gpxtpx:cad>0</gpxtpx:cad></gpxtpx:TrackPointExtension></extensions></trkpt><trkpt lat="15.1632432081" lon="73.9317362197"><ele>1.10</ele><time>2025-11-14T05:34:27Z</time><extensions><gpxtpx:TrackPointExtension><gpxtpx:cad>0</gpxtpx:cad></gpxtpx:TrackPointExtension></extensions></trkpt><trkpt lat="15.1630868018" lon="73.9318447653"><ele>0.62</ele><time>2025-11-14T05:34:32Z</time><extensions><gpxtpx:TrackPointExtension><gpxtpx:cad>0</gpxtpx:cad></gpxtpx:TrackPointExtension></extensions></trkpt><trkpt lat="15.1629264560" lon="73.9319430012"><ele>0.14</ele><time>2025-11-14T05:34:37Z</time><extensions><gpxtpx:TrackPointExtension><gpxtpx:cad>0</gpxtpx:cad></gpxtpx:TrackPointExtension></extensions></trkpt><trkpt lat="15.1627638470" lon="73.9320305921"><ele>-0.34</ele><time>2025-11-14T05:34:42Z</time><extensions><gpxtpx:TrackPointExtension><gpxtpx:cad>0</gpxtpx:cad></gpxtpx:TrackPointExtension></extensions></trkpt><trkpt lat="15.1625918504" lon="73.9321072027"><ele>-0.34</ele><time>2025-11-14T05:34:47Z</time><extensions><gpxtpx:TrackPointExtension><gpxtpx:cad>0</gpxtpx:cad></gpxtpx:TrackPointExtension></extensions></trkpt><trkpt lat="15.1624239609" lon="73.9321921952"><ele>0.14</ele><time>2025-11-14T05:34:52Z</time><extensions><gpxtpx:TrackPointExtension><gpxtpx:cad>0</gpxtpx:cad></gpxtpx:TrackPointExtension></extensions></trkpt><trkpt lat="15.1622618549" lon="73.9322935324"><ele>-0.34</ele><time>2025-11-14T05:34:57Z</time><extensions><gpxtpx:TrackPointExtension><gpxtpx:cad>0</gpxtpx:cad></gpxtpx:TrackPointExtension></extensions></trkpt><trkpt lat="15.1621024311" lon="73.9323973004"><ele>-0.34</ele><time>2025-11-14T05:35:02Z</time><extensions><gpxtpx:TrackPointExtension><gpxtpx:cad>0</gpxtpx:cad></gpxtpx:TrackPointExtension></extensions></trkpt><trkpt lat="15.1619541552" lon="73.9325107913"><ele>0.14</ele><time>2025-11-14T05:35:07Z</time><extensions><gpxtpx:TrackPointExtension><gpxtpx:cad>0</gpxtpx:cad></gpxtpx:TrackPointExtension></extensions></trkpt><trkpt lat="15.1618090644" lon="73.9326207619"><ele>0.14</ele><time>2025-11-14T05:35:12Z</time><extensions><gpxtpx:TrackPointExtension><gpxtpx:cad>0</gpxtpx:cad></gpxtpx:TrackPointExtension></extensions></trkpt><trkpt lat="15.1616589446" lon="73.9327458199"><ele>0.62</ele><time>2025-11-14T05:35:17Z</time><extensions><gpxtpx:TrackPointExtension><gpxtpx:cad>0</gpxtpx:cad></gpxtpx:TrackPointExtension></extensions></trkpt><trkpt lat="15.1615219004" lon="73.9328622445"><ele>0.14</ele><time>2025-11-14T05:35:22Z</time><extensions><gpxtpx:TrackPointExtension><gpxtpx:cad>0</gpxtpx:cad></gpxtpx:TrackPointExtension></extensions></trkpt><trkpt lat="15.1613824256" lon="73.9329850394"><ele>0.14</ele><time>2025-11-14T05:35:27Z</time><extensions><gpxtpx:TrackPointExtension><gpxtpx:cad>0</gpxtpx:cad></gpxtpx:TrackPointExtension></extensions></trkpt><trkpt lat="15.1612406876" lon="73.9331116062"><ele>-0.34</ele><time>2025-11-14T05:35:32Z</time><extensions><gpxtpx:TrackPointExtension><gpxtpx:cad>0</gpxtpx:cad></gpxtpx:TrackPointExtension></extensions></trkpt><trkpt lat="15.1611094270" lon="73.9332399331"><ele>-0.34</ele><time>2025-11-14T05:35:37Z</time><extensions><gpxtpx:TrackPointExtension><gpxtpx:cad>0</gpxtpx:cad></gpxtpx:TrackPointExtension></extensions></trkpt><trkpt lat="15.1609795913" lon="73.9333680924"><ele>-0.34</ele><time>2025-11-14T05:35:42Z</time><extensions><gpxtpx:TrackPointExtension><gpxtpx:cad>0</gpxtpx:cad></gpxtpx:TrackPointExtension></extensions></trkpt><trkpt lat="15.1608479954" lon="73.9335026219"><ele>-0.34</ele><time>2025-11-14T05:35:47Z</time><extensions><gpxtpx:TrackPointExtension><gpxtpx:cad>0</gpxtpx:cad></gpxtpx:TrackPointExtension></extensions></trkpt><trkpt lat="15.1607189141" lon="73.9336340502"><ele>-0.82</ele><time>2025-11-14T05:35:52Z</time><extensions><gpxtpx:TrackPointExtension><gpxtpx:cad>0</gpxtpx:cad></gpxtpx:TrackPointExtension></extensions></trkpt><trkpt lat="15.1605818700" lon="73.9337653946"><ele>-0.82</ele><time>2025-11-14T05:35:57Z</time><extensions><gpxtpx:TrackPointExtension><gpxtpx:cad>0</gpxtpx:cad></gpxtpx:TrackPointExtension></extensions></trkpt><trkpt lat="15.1604427304" lon="73.9338846691"><ele>-0.82</ele><time>2025-11-14T05:36:02Z</time><extensions><gpxtpx:TrackPointExtension><gpxtpx:cad>0</gpxtpx:cad></gpxtpx:TrackPointExtension></extensions></trkpt><trkpt lat="15.1602983102" lon="73.9340099785"><ele>-0.82</ele><time>2025-11-14T05:36:07Z</time><extensions><gpxtpx:TrackPointExtension><gpxtpx:cad>0</gpxtpx:cad></gpxtpx:TrackPointExtension></extensions></trkpt><trkpt lat="15.1601427421" lon="73.9341231342"><ele>-1.30</ele><time>2025-11-14T05:36:12Z</time><extensions><gpxtpx:TrackPointExtension><gpxtpx:cad>0</gpxtpx:cad></gpxtpx:TrackPointExtension></extensions></trkpt><trkpt lat="15.1599929575" lon="73.9342381340"><ele>-1.30</ele><time>2025-11-14T05:36:17Z</time><extensions><gpxtpx:TrackPointExtension><gpxtpx:cad>0</gpxtpx:cad></gpxtpx:TrackPointExtension></extensions></trkpt><trkpt lat="15.1598473638" lon="73.9343593363"><ele>-0.82</ele><time>2025-11-14T05:36:22Z</time><extensions><gpxtpx:TrackPointExtension><gpxtpx:cad>0</gpxtpx:cad></gpxtpx:TrackPointExtension></extensions></trkpt><trkpt lat="15.1597026922" lon="73.9344746713"><ele>-0.82</ele><time>2025-11-14T05:36:27Z</time><extensions><gpxtpx:TrackPointExtension><gpxtpx:cad>0</gpxtpx:cad></gpxtpx:TrackPointExtension></extensions></trkpt><trkpt lat="15.1595526561" lon="73.9345864020"><ele>0.14</ele><time>2025-11-14T05:36:32Z</time><extensions><gpxtpx:TrackPointExtension><gpxtpx:cad>0</gpxtpx:cad></gpxtpx:TrackPointExtension></extensions></trkpt><trkpt lat="15.1594036259" lon="73.9347048383"><ele>0.14</ele><time>2025-11-14T05:36:37Z</time><extensions><gpxtpx:TrackPointExtension><gpxtpx:cad>0</gpxtpx:cad></gpxtpx:TrackPointExtension></extensions></trkpt><trkpt lat="15.1592611335" lon="73.9348228555"><ele>-0.34</ele><time>2025-11-14T05:36:42Z</time><extensions><gpxtpx:TrackPointExtension><gpxtpx:cad>0</gpxtpx:cad></gpxtpx:TrackPointExtension></extensions></trkpt><trkpt lat="15.1591140311" lon="73.9349442255"><ele>-0.34</ele><time>2025-11-14T05:36:47Z</time><extensions><gpxtpx:TrackPointExtension><gpxtpx:cad>0</gpxtpx:cad></gpxtpx:TrackPointExtension></extensions></trkpt><trkpt lat="15.1589668449" lon="73.9350606501"><ele>0.14</ele><time>2025-11-14T05:36:52Z</time><extensions><gpxtpx:TrackPointExtension><gpxtpx:cad>0</gpxtpx:cad></gpxtpx:TrackPointExtension></extensions></trkpt><trkpt lat="15.1588157192" lon="73.9351784158"><ele>0.62</ele><time>2025-11-14T05:36:57Z</time><extensions><gpxtpx:TrackPointExtension><gpxtpx:cad>0</gpxtpx:cad></gpxtpx:TrackPointExtension></extensions></trkpt><trkpt lat="15.1586659346" lon="73.9352879673"><ele>0.62</ele><time>2025-11-14T05:37:02Z</time><extensions><gpxtpx:TrackPointExtension><gpxtpx:cad>0</gpxtpx:cad></gpxtpx:TrackPointExtension></extensions></trkpt><trkpt lat="15.1585199218" lon="73.9354020450"><ele>0.62</ele><time>2025-11-14T05:37:07Z</time><extensions><gpxtpx:TrackPointExtension><gpxtpx:cad>0</gpxtpx:cad></gpxtpx:TrackPointExtension></extensions></trkpt><trkpt lat="15.1583718974" lon="73.9355132729"><ele>0.62</ele><time>2025-11-14T05:37:12Z</time><extensions><gpxtpx:TrackPointExtension><gpxtpx:cad>0</gpxtpx:cad></gpxtpx:TrackPointExtension></extensions></trkpt><trkpt lat="15.1582167484" lon="73.9356172923"><ele>0.14</ele><time>2025-11-14T05:37:17Z</time><extensions><gpxtpx:TrackPointExtension><gpxtpx:cad>0</gpxtpx:cad></gpxtpx:TrackPointExtension></extensions></trkpt><trkpt lat="15.1580665447" lon="73.9357335493"><ele>-0.34</ele><time>2025-11-14T05:37:22Z</time><extensions><gpxtpx:TrackPointExtension><gpxtpx:cad>0</gpxtpx:cad></gpxtpx:TrackPointExtension></extensions></trkpt><trkpt lat="15.1579216216" lon="73.9358570147"><ele>-0.82</ele><time>2025-11-14T05:37:27Z</time><extensions><gpxtpx:TrackPointExtension><gpxtpx:cad>0</gpxtpx:cad></gpxtpx:TrackPointExtension></extensions></trkpt><trkpt lat="15.1577679813" lon="73.9359758701"><ele>-0.34</ele><time>2025-11-14T05:37:32Z</time><extensions><gpxtpx:TrackPointExtension><gpxtpx:cad>0</gpxtpx:cad></gpxtpx:TrackPointExtension></extensions></trkpt><trkpt lat="15.1576192863" lon="73.9360858407"><ele>-0.82</ele><time>2025-11-14T05:37:37Z</time><extensions><gpxtpx:TrackPointExtension><gpxtpx:cad>0</gpxtpx:cad></gpxtpx:TrackPointExtension></extensions></trkpt><trkpt lat="15.1574638858" lon="73.9361931290"><ele>-0.82</ele><time>2025-11-14T05:37:42Z</time><extensions><gpxtpx:TrackPointExtension><gpxtpx:cad>0</gpxtpx:cad></gpxtpx:TrackPointExtension></extensions></trkpt><trkpt lat="15.1573062222" lon="73.9362920355"><ele>-0.82</ele><time>2025-11-14T05:37:47Z</time><extensions><gpxtpx:TrackPointExtension><gpxtpx:cad>0</gpxtpx:cad></gpxtpx:TrackPointExtension></extensions></trkpt><trkpt lat="15.1571407635" lon="73.9363811351"><ele>-1.30</ele><time>2025-11-14T05:37:52Z</time><extensions><gpxtpx:TrackPointExtension><gpxtpx:cad>0</gpxtpx:cad></gpxtpx:TrackPointExtension></extensions></trkpt><trkpt lat="15.1569763944" lon="73.9364666305"><ele>-0.82</ele><time>2025-11-14T05:37:57Z</time><extensions><gpxtpx:TrackPointExtension><gpxtpx:cad>0</gpxtpx:cad></gpxtpx:TrackPointExtension></extensions></trkpt><trkpt lat="15.1568076666" lon="73.9365558978"><ele>-0.82</ele><time>2025-11-14T05:38:02Z</time><extensions><gpxtpx:TrackPointExtension><gpxtpx:cad>0</gpxtpx:cad></gpxtpx:TrackPointExtension></extensions></trkpt><trkpt lat="15.1566372626" lon="73.9366455842"><ele>-1.30</ele><time>2025-11-14T05:38:07Z</time><extensions><gpxtpx:TrackPointExtension><gpxtpx:cad>0</gpxtpx:cad></gpxtpx:TrackPointExtension></extensions></trkpt><trkpt lat="15.1564727258" lon="73.9367366116"><ele>-0.82</ele><time>2025-11-14T05:38:12Z</time><extensions><gpxtpx:TrackPointExtension><gpxtpx:cad>0</gpxtpx:cad></gpxtpx:TrackPointExtension></extensions></trkpt><trkpt lat="15.1563088596" lon="73.9368232805"><ele>-0.82</ele><time>2025-11-14T05:38:17Z</time><extensions><gpxtpx:TrackPointExtension><gpxtpx:cad>0</gpxtpx:cad></gpxtpx:TrackPointExtension></extensions></trkpt><trkpt lat="15.1561477594" lon="73.9369221032"><ele>-0.82</ele><time>2025-11-14T05:38:22Z</time><extensions><gpxtpx:TrackPointExtension><gpxtpx:cad>0</gpxtpx:cad></gpxtpx:TrackPointExtension></extensions></trkpt><trkpt lat="15.1559816301" lon="73.9370171539"><ele>-0.82</ele><time>2025-11-14T05:38:27Z</time><extensions><gpxtpx:TrackPointExtension><gpxtpx:cad>0</gpxtpx:cad></gpxtpx:TrackPointExtension></extensions></trkpt><trkpt lat="15.1558232959" lon="73.9371105283"><ele>-0.34</ele><time>2025-11-14T05:38:32Z</time><extensions><gpxtpx:TrackPointExtension><gpxtpx:cad>0</gpxtpx:cad></gpxtpx:TrackPointExtension></extensions></trkpt><trkpt lat="15.1556588430" lon="73.9371960238"><ele>-0.34</ele><time>2025-11-14T05:38:37Z</time><extensions><gpxtpx:TrackPointExtension><gpxtpx:cad>0</gpxtpx:cad></gpxtpx:TrackPointExtension></extensions></trkpt><trkpt lat="15.1554880198" lon="73.9372820221"><ele>0.14</ele><time>2025-11-14T05:38:42Z</time><extensions><gpxtpx:TrackPointExtension><gpxtpx:cad>0</gpxtpx:cad></gpxtpx:TrackPointExtension></extensions></trkpt><trkpt lat="15.1553186215" lon="73.9373652544"><ele>0.62</ele><time>2025-11-14T05:38:47Z</time><extensions><gpxtpx:TrackPointExtension><gpxtpx:cad>0</gpxtpx:cad></gpxtpx:TrackPointExtension></extensions></trkpt><trkpt lat="15.1551524084" lon="73.9374453016"><ele>0.62</ele><time>2025-11-14T05:38:52Z</time><extensions><gpxtpx:TrackPointExtension><gpxtpx:cad>0</gpxtpx:cad></gpxtpx:TrackPointExtension></extensions></trkpt><trkpt lat="15.1549849380" lon="73.9375330601"><ele>1.10</ele><time>2025-11-14T05:38:57Z</time><extensions><gpxtpx:TrackPointExtension><gpxtpx:cad>0</gpxtpx:cad></gpxtpx:TrackPointExtension></extensions></trkpt><trkpt lat="15.1548156235" lon="73.9376136102"><ele>1.10</ele><time>2025-11-14T05:39:02Z</time><extensions><gpxtpx:TrackPointExtension><gpxtpx:cad>0</gpxtpx:cad></gpxtpx:TrackPointExtension></extensions></trkpt><trkpt lat="15.1546477340" lon="73.9376851916"><ele>1.58</ele><time>2025-11-14T05:39:07Z</time><extensions><gpxtpx:TrackPointExtension><gpxtpx:cad>0</gpxtpx:cad></gpxtpx:TrackPointExtension></extensions></trkpt><trkpt lat="15.1544743124" lon="73.9377579466"><ele>2.06</ele><time>2025-11-14T05:39:12Z</time><extensions><gpxtpx:TrackPointExtension><gpxtpx:cad>0</gpxtpx:cad></gpxtpx:TrackPointExtension></extensions></trkpt><trkpt lat="15.1543063391" lon="73.9378332160"><ele>2.06</ele><time>2025-11-14T05:39:17Z</time><extensions><gpxtpx:TrackPointExtension><gpxtpx:cad>0</gpxtpx:cad></gpxtpx:TrackPointExtension></extensions></trkpt><trkpt lat="15.1541391201" lon="73.9379223995"><ele>2.06</ele><time>2025-11-14T05:39:22Z</time><extensions><gpxtpx:TrackPointExtension><gpxtpx:cad>0</gpxtpx:cad></gpxtpx:TrackPointExtension></extensions></trkpt><trkpt lat="15.1539689675" lon="73.9380078949"><ele>2.06</ele><time>2025-11-14T05:39:27Z</time><extensions><gpxtpx:TrackPointExtension><gpxtpx:cad>0</gpxtpx:cad></gpxtpx:TrackPointExtension></extensions></trkpt><trkpt lat="15.1538064424" lon="73.9381034486"><ele>2.06</ele><time>2025-11-14T05:39:32Z</time><extensions><gpxtpx:TrackPointExtension><gpxtpx:cad>0</gpxtpx:cad></gpxtpx:TrackPointExtension></extensions></trkpt><trkpt lat="15.1536543947" lon="73.9382130001"><ele>2.54</ele><time>2025-11-14T05:39:37Z</time><extensions><gpxtpx:TrackPointExtension><gpxtpx:cad>0</gpxtpx:cad></gpxtpx:TrackPointExtension></extensions></trkpt><trkpt lat="15.1535157580" lon="73.9383515529"><ele>2.54</ele><time>2025-11-14T05:39:42Z</time><extensions><gpxtpx:TrackPointExtension><gpxtpx:cad>0</gpxtpx:cad></gpxtpx:TrackPointExtension></extensions></trkpt><trkpt lat="15.1533991657" lon="73.9385030977"><ele>2.54</ele><time>2025-11-14T05:39:47Z</time><extensions><gpxtpx:TrackPointExtension><gpxtpx:cad>0</gpxtpx:cad></gpxtpx:TrackPointExtension></extensions></trkpt><trkpt lat="15.1533037797" lon="73.9386583306"><ele>2.54</ele><time>2025-11-14T05:39:52Z</time><extensions><gpxtpx:TrackPointExtension><gpxtpx:cad>0</gpxtpx:cad></gpxtpx:TrackPointExtension></extensions></trkpt><trkpt lat="15.1532166917" lon="73.9388221130"><ele>2.54</ele><time>2025-11-14T05:39:57Z</time><extensions><gpxtpx:TrackPointExtension><gpxtpx:cad>0</gpxtpx:cad></gpxtpx:TrackPointExtension></extensions></trkpt><trkpt lat="15.1531399973" lon="73.9389949478"><ele>3.02</ele><time>2025-11-14T05:40:02Z</time><extensions><gpxtpx:TrackPointExtension><gpxtpx:cad>0</gpxtpx:cad></gpxtpx:TrackPointExtension></extensions></trkpt><trkpt lat="15.1530590281" lon="73.9391588978"><ele>2.54</ele><time>2025-11-14T05:40:07Z</time><extensions><gpxtpx:TrackPointExtension><gpxtpx:cad>0</gpxtpx:cad></gpxtpx:TrackPointExtension></extensions></trkpt><trkpt lat="15.1529731974" lon="73.9393241890"><ele>2.54</ele><time>2025-11-14T05:40:12Z</time><extensions><gpxtpx:TrackPointExtension><gpxtpx:cad>0</gpxtpx:cad></gpxtpx:TrackPointExtension></extensions></trkpt><trkpt lat="15.1528790686" lon="73.9394881390"><ele>2.54</ele><time>2025-11-14T05:40:17Z</time><extensions><gpxtpx:TrackPointExtension><gpxtpx:cad>0</gpxtpx:cad></gpxtpx:TrackPointExtension></extensions></trkpt><trkpt lat="15.1527727861" lon="73.9396353252"><ele>2.54</ele><time>2025-11-14T05:40:22Z</time><extensions><gpxtpx:TrackPointExtension><gpxtpx:cad>0</gpxtpx:cad></gpxtpx:TrackPointExtension></extensions></trkpt><trkpt lat="15.1526579540" lon="73.9397900552"><ele>2.54</ele><time>2025-11-14T05:40:27Z</time><extensions><gpxtpx:TrackPointExtension><gpxtpx:cad>0</gpxtpx:cad></gpxtpx:TrackPointExtension></extensions></trkpt><trkpt lat="15.1525472291" lon="73.9399474673"><ele>2.54</ele><time>2025-11-14T05:40:32Z</time><extensions><gpxtpx:TrackPointExtension><gpxtpx:cad>0</gpxtpx:cad></gpxtpx:TrackPointExtension></extensions></trkpt><trkpt lat="15.1524344925" lon="73.9400866907"><ele>2.54</ele><time>2025-11-14T05:40:37Z</time><extensions><gpxtpx:TrackPointExtension><gpxtpx:cad>0</gpxtpx:cad></gpxtpx:TrackPointExtension></extensions></trkpt><trkpt lat="15.1523231808" lon="73.9402452763"><ele>2.06</ele><time>2025-11-14T05:40:42Z</time><extensions><gpxtpx:TrackPointExtension><gpxtpx:cad>0</gpxtpx:cad></gpxtpx:TrackPointExtension></extensions></trkpt><trkpt lat="15.1522188261" lon="73.9404083043"><ele>2.06</ele><time>2025-11-14T05:40:47Z</time><extensions><gpxtpx:TrackPointExtension><gpxtpx:cad>0</gpxtpx:cad></gpxtpx:TrackPointExtension></extensions></trkpt><trkpt lat="15.1521086041" lon="73.9405566640"><ele>1.58</ele><time>2025-11-14T05:40:52Z</time><extensions><gpxtpx:TrackPointExtension><gpxtpx:cad>0</gpxtpx:cad></gpxtpx:TrackPointExtension></extensions></trkpt><trkpt lat="15.1519909222" lon="73.9407128189"><ele>1.58</ele><time>2025-11-14T05:40:57Z</time><extensions><gpxtpx:TrackPointExtension><gpxtpx:cad>0</gpxtpx:cad></gpxtpx:TrackPointExtension></extensions></trkpt><trkpt lat="15.1518795267" lon="73.9408527128"><ele>1.10</ele><time>2025-11-14T05:41:02Z</time><extensions><gpxtpx:TrackPointExtension><gpxtpx:cad>0</gpxtpx:cad></gpxtpx:TrackPointExtension></extensions></trkpt><trkpt lat="15.1517652813" lon="73.9410045929"><ele>1.10</ele><time>2025-11-14T05:41:07Z</time><extensions><gpxtpx:TrackPointExtension><gpxtpx:cad>0</gpxtpx:cad></gpxtpx:TrackPointExtension></extensions></trkpt><trkpt lat="15.1516502816" lon="73.9411578979"><ele>1.10</ele><time>2025-11-14T05:41:12Z</time><extensions><gpxtpx:TrackPointExtension><gpxtpx:cad>0</gpxtpx:cad></gpxtpx:TrackPointExtension></extensions></trkpt><trkpt lat="15.1515286602" lon="73.9412894100"><ele>1.10</ele><time>2025-11-14T05:41:17Z</time><extensions><gpxtpx:TrackPointExtension><gpxtpx:cad>0</gpxtpx:cad></gpxtpx:TrackPointExtension></extensions></trkpt><trkpt lat="15.1513923705" lon="73.9414204191"><ele>0.62</ele><time>2025-11-14T05:41:22Z</time><extensions><gpxtpx:TrackPointExtension><gpxtpx:cad>0</gpxtpx:cad></gpxtpx:TrackPointExtension></extensions></trkpt><trkpt lat="15.1512547396" lon="73.9415392745"><ele>0.14</ele><time>2025-11-14T05:41:27Z</time><extensions><gpxtpx:TrackPointExtension><gpxtpx:cad>0</gpxtpx:cad></gpxtpx:TrackPointExtension></extensions></trkpt><trkpt lat="15.1510879397" lon="73.9416172262"><ele>-0.34</ele><time>2025-11-14T05:41:32Z</time><extensions><gpxtpx:TrackPointExtension><gpxtpx:cad>0</gpxtpx:cad></gpxtpx:TrackPointExtension></extensions></trkpt><trkpt lat="15.1509123389" lon="73.9416732173"><ele>-0.34</ele><time>2025-11-14T05:41:37Z</time><extensions><gpxtpx:TrackPointExtension><gpxtpx:cad>0</gpxtpx:cad></gpxtpx:TrackPointExtension></extensions></trkpt><trkpt lat="15.1507373247" lon="73.9417376742"><ele>-0.82</ele><time>2025-11-14T05:41:42Z</time><extensions><gpxtpx:TrackPointExtension><gpxtpx:cad>0</gpxtpx:cad></gpxtpx:TrackPointExtension></extensions></trkpt><trkpt lat="15.1505598798" lon="73.9418103453"><ele>-0.82</ele><time>2025-11-14T05:41:47Z</time><extensions><gpxtpx:TrackPointExtension><gpxtpx:cad>0</gpxtpx:cad></gpxtpx:TrackPointExtension></extensions></trkpt><trkpt lat="15.1503827702" lon="73.9418755565"><ele>-0.34</ele><time>2025-11-14T05:41:52Z</time><extensions><gpxtpx:TrackPointExtension><gpxtpx:cad>0</gpxtpx:cad></gpxtpx:TrackPointExtension></extensions></trkpt><trkpt lat="15.1501950994" lon="73.9419383369"><ele>-0.34</ele><time>2025-11-14T05:41:57Z</time><extensions><gpxtpx:TrackPointExtension><gpxtpx:cad>0</gpxtpx:cad></gpxtpx:TrackPointExtension></extensions></trkpt><trkpt lat="15.1500181574" lon="73.9420047216"><ele>-0.34</ele><time>2025-11-14T05:42:02Z</time><extensions><gpxtpx:TrackPointExtension><gpxtpx:cad>0</gpxtpx:cad></gpxtpx:TrackPointExtension></extensions></trkpt><trkpt lat="15.1498405449" lon="73.9420669153"><ele>-0.34</ele><time>2025-11-14T05:42:07Z</time><extensions><gpxtpx:TrackPointExtension><gpxtpx:cad>0</gpxtpx:cad></gpxtpx:TrackPointExtension></extensions></trkpt><trkpt lat="15.1496554725" lon="73.9421171229"><ele>-0.34</ele><time>2025-11-14T05:42:12Z</time><extensions><gpxtpx:TrackPointExtension><gpxtpx:cad>0</gpxtpx:cad></gpxtpx:TrackPointExtension></extensions></trkpt><trkpt lat="15.1494788658" lon="73.9421697613"><ele>-0.34</ele><time>2025-11-14T05:42:17Z</time><extensions><gpxtpx:TrackPointExtension><gpxtpx:cad>0</gpxtpx:cad></gpxtpx:TrackPointExtension></extensions></trkpt><trkpt lat="15.1493014209" lon="73.9422255848"><ele>0.14</ele><time>2025-11-14T05:42:22Z</time><extensions><gpxtpx:TrackPointExtension><gpxtpx:cad>0</gpxtpx:cad></gpxtpx:TrackPointExtension></extensions></trkpt><trkpt lat="15.1491178572" lon="73.9422866888"><ele>0.14</ele><time>2025-11-14T05:42:27Z</time><extensions><gpxtpx:TrackPointExtension><gpxtpx:cad>0</gpxtpx:cad></gpxtpx:TrackPointExtension></extensions></trkpt><trkpt lat="15.1489366405" lon="73.9423480444"><ele>0.14</ele><time>2025-11-14T05:42:32Z</time><extensions><gpxtpx:TrackPointExtension><gpxtpx:cad>0</gpxtpx:cad></gpxtpx:TrackPointExtension></extensions></trkpt><trkpt lat="15.1487550884" lon="73.9424156863"><ele>0.62</ele><time>2025-11-14T05:42:37Z</time><extensions><gpxtpx:TrackPointExtension><gpxtpx:cad>0</gpxtpx:cad></gpxtpx:TrackPointExtension></extensions></trkpt><trkpt lat="15.1485783141" lon="73.9424772095"><ele>0.62</ele><time>2025-11-14T05:42:42Z</time><extensions><gpxtpx:TrackPointExtension><gpxtpx:cad>0</gpxtpx:cad></gpxtpx:TrackPointExtension></extensions></trkpt><trkpt lat="15.1484006178" lon="73.9425458573"><ele>0.62</ele><time>2025-11-14T05:42:47Z</time><extensions><gpxtpx:TrackPointExtension><gpxtpx:cad>0</gpxtpx:cad></gpxtpx:TrackPointExtension></extensions></trkpt><trkpt lat="15.1482289564" lon="73.9426241443"><ele>0.62</ele><time>2025-11-14T05:42:52Z</time><extensions><gpxtpx:TrackPointExtension><gpxtpx:cad>0</gpxtpx:cad></gpxtpx:TrackPointExtension></extensions></trkpt><trkpt lat="15.1480550319" lon="73.9427107293"><ele>0.62</ele><time>2025-11-14T05:42:57Z</time><extensions><gpxtpx:TrackPointExtension><gpxtpx:cad>0</gpxtpx:cad></gpxtpx:TrackPointExtension></extensions></trkpt><trkpt lat="15.1478865556" lon="73.9427957218"><ele>0.14</ele><time>2025-11-14T05:43:02Z</time><extensions><gpxtpx:TrackPointExtension><gpxtpx:cad>0</gpxtpx:cad></gpxtpx:TrackPointExtension></extensions></trkpt><trkpt lat="15.1477196719" lon="73.9428838994"><ele>0.14</ele><time>2025-11-14T05:43:07Z</time><extensions><gpxtpx:TrackPointExtension><gpxtpx:cad>0</gpxtpx:cad></gpxtpx:TrackPointExtension></extensions></trkpt><trkpt lat="15.1475474238" lon="73.9429656230"><ele>-0.34</ele><time>2025-11-14T05:43:12Z</time><extensions><gpxtpx:TrackPointExtension><gpxtpx:cad>0</gpxtpx:cad></gpxtpx:TrackPointExtension></extensions></trkpt><trkpt lat="15.1473693922" lon="73.9430375397"><ele>-0.34</ele><time>2025-11-14T05:43:17Z</time><extensions><gpxtpx:TrackPointExtension><gpxtpx:cad>0</gpxtpx:cad></gpxtpx:TrackPointExtension></extensions></trkpt><trkpt lat="15.1471875887" lon="73.9431066904"><ele>-0.34</ele><time>2025-11-14T05:43:22Z</time><extensions><gpxtpx:TrackPointExtension><gpxtpx:cad>0</gpxtpx:cad></gpxtpx:TrackPointExtension></extensions></trkpt><trkpt lat="15.1470040251" lon="73.9431709796"><ele>-0.34</ele><time>2025-11-14T05:43:27Z</time><extensions><gpxtpx:TrackPointExtension><gpxtpx:cad>0</gpxtpx:cad></gpxtpx:TrackPointExtension></extensions></trkpt><trkpt lat="15.1468285918" lon="73.9432343468"><ele>-0.34</ele><time>2025-11-14T05:43:32Z</time><extensions><gpxtpx:TrackPointExtension><gpxtpx:cad>0</gpxtpx:cad></gpxtpx:TrackPointExtension></extensions></trkpt><trkpt lat="15.1466544997" lon="73.9433116280"><ele>-1.30</ele><time>2025-11-14T05:43:37Z</time><extensions><gpxtpx:TrackPointExtension><gpxtpx:cad>0</gpxtpx:cad></gpxtpx:TrackPointExtension></extensions></trkpt><trkpt lat="15.1464792341" lon="73.9433969557"><ele>-1.79</ele><time>2025-11-14T05:43:42Z</time><extensions><gpxtpx:TrackPointExtension><gpxtpx:cad>0</gpxtpx:cad></gpxtpx:TrackPointExtension></extensions></trkpt><trkpt lat="15.1463203132" lon="73.9434806909"><ele>-1.79</ele><time>2025-11-14T05:43:47Z</time><extensions><gpxtpx:TrackPointExtension><gpxtpx:cad>0</gpxtpx:cad></gpxtpx:TrackPointExtension></extensions></trkpt><trkpt lat="15.1461613085" lon="73.9435860515"><ele>-2.27</ele><time>2025-11-14T05:43:52Z</time><extensions><gpxtpx:TrackPointExtension><gpxtpx:cad>0</gpxtpx:cad></gpxtpx:TrackPointExtension></extensions></trkpt><trkpt lat="15.1460030582" lon="73.9436986204"><ele>-2.27</ele><time>2025-11-14T05:43:57Z</time><extensions><gpxtpx:TrackPointExtension><gpxtpx:cad>0</gpxtpx:cad></gpxtpx:TrackPointExtension></extensions></trkpt><trkpt lat="15.1458434667" lon="73.9438158832"><ele>-1.79</ele><time>2025-11-14T05:44:02Z</time><extensions><gpxtpx:TrackPointExtension><gpxtpx:cad>0</gpxtpx:cad></gpxtpx:TrackPointExtension></extensions></trkpt><trkpt lat="15.1456882339" lon="73.9439276140"><ele>-2.27</ele><time>2025-11-14T05:44:07Z</time><extensions><gpxtpx:TrackPointExtension><gpxtpx:cad>0</gpxtpx:cad></gpxtpx:TrackPointExtension></extensions></trkpt><trkpt lat="15.1455359347" lon="73.9440303762"><ele>-2.75</ele><time>2025-11-14T05:44:12Z</time><extensions><gpxtpx:TrackPointExtension><gpxtpx:cad>0</gpxtpx:cad></gpxtpx:TrackPointExtension></extensions></trkpt><trkpt lat="15.1453890838" lon="73.9441492315"><ele>-2.75</ele><time>2025-11-14T05:44:17Z</time><extensions><gpxtpx:TrackPointExtension><gpxtpx:cad>0</gpxtpx:cad></gpxtpx:TrackPointExtension></extensions></trkpt><trkpt lat="15.1452529617" lon="73.9442641474"><ele>-2.75</ele><time>2025-11-14T05:44:22Z</time><extensions><gpxtpx:TrackPointExtension><gpxtpx:cad>0</gpxtpx:cad></gpxtpx:TrackPointExtension></extensions></trkpt><trkpt lat="15.1451154146" lon="73.9443799853"><ele>-2.75</ele><time>2025-11-14T05:44:27Z</time><extensions><gpxtpx:TrackPointExtension><gpxtpx:cad>0</gpxtpx:cad></gpxtpx:TrackPointExtension></extensions></trkpt><trkpt lat="15.1449731737" lon="73.9444850944"><ele>-3.23</ele><time>2025-11-14T05:44:32Z</time><extensions><gpxtpx:TrackPointExtension><gpxtpx:cad>0</gpxtpx:cad></gpxtpx:TrackPointExtension></extensions></trkpt><trkpt lat="15.1448340341" lon="73.9445944782"><ele>-2.75</ele><time>2025-11-14T05:44:37Z</time><extensions><gpxtpx:TrackPointExtension><gpxtpx:cad>0</gpxtpx:cad></gpxtpx:TrackPointExtension></extensions></trkpt><trkpt lat="15.1446876861" lon="73.9447082207"><ele>-2.75</ele><time>2025-11-14T05:44:42Z</time><extensions><gpxtpx:TrackPointExtension><gpxtpx:cad>0</gpxtpx:cad></gpxtpx:TrackPointExtension></extensions></trkpt><trkpt lat="15.1445398293" lon="73.9448127430"><ele>-3.23</ele><time>2025-11-14T05:44:47Z</time><extensions><gpxtpx:TrackPointExtension><gpxtpx:cad>0</gpxtpx:cad></gpxtpx:TrackPointExtension></extensions></trkpt><trkpt lat="15.1443908829" lon="73.9449061174"><ele>-2.75</ele><time>2025-11-14T05:44:52Z</time><extensions><gpxtpx:TrackPointExtension><gpxtpx:cad>0</gpxtpx:cad></gpxtpx:TrackPointExtension></extensions></trkpt><trkpt lat="15.1442276035" lon="73.9449908584"><ele>-2.75</ele><time>2025-11-14T05:44:57Z</time><extensions><gpxtpx:TrackPointExtension><gpxtpx:cad>0</gpxtpx:cad></gpxtpx:TrackPointExtension></extensions></trkpt><trkpt lat="15.1440629829" lon="73.9450807124"><ele>-2.27</ele><time>2025-11-14T05:45:02Z</time><extensions><gpxtpx:TrackPointExtension><gpxtpx:cad>0</gpxtpx:cad></gpxtpx:TrackPointExtension></extensions></trkpt><trkpt lat="15.1439085044" lon="73.9451750927"><ele>-2.27</ele><time>2025-11-14T05:45:07Z</time><extensions><gpxtpx:TrackPointExtension><gpxtpx:cad>0</gpxtpx:cad></gpxtpx:TrackPointExtension></extensions></trkpt><trkpt lat="15.1437737234" lon="73.9452682994"><ele>-1.79</ele><time>2025-11-14T05:45:12Z</time><extensions><gpxtpx:TrackPointExtension><gpxtpx:cad>0</gpxtpx:cad></gpxtpx:TrackPointExtension></extensions></trkpt><trkpt lat="15.1436327398" lon="73.9453534596"><ele>-1.79</ele><time>2025-11-14T05:45:17Z</time><extensions><gpxtpx:TrackPointExtension><gpxtpx:cad>0</gpxtpx:cad></gpxtpx:TrackPointExtension></extensions></trkpt><trkpt lat="15.1434938516" lon="73.9454304893"><ele>-1.79</ele><time>2025-11-14T05:45:22Z</time><extensions><gpxtpx:TrackPointExtension><gpxtpx:cad>0</gpxtpx:cad></gpxtpx:TrackPointExtension></extensions></trkpt><trkpt lat="15.1433598250" lon="73.9455301501"><ele>-1.30</ele><time>2025-11-14T05:45:27Z</time><extensions><gpxtpx:TrackPointExtension><gpxtpx:cad>0</gpxtpx:cad></gpxtpx:TrackPointExtension></extensions></trkpt><trkpt lat="15.1432408020" lon="73.9456468262"><ele>-1.79</ele><time>2025-11-14T05:45:32Z</time><extensions><gpxtpx:TrackPointExtension><gpxtpx:cad>0</gpxtpx:cad></gpxtpx:TrackPointExtension></extensions></trkpt><trkpt lat="15.1431244612" lon="73.9457647596"><ele>-1.30</ele><time>2025-11-14T05:45:37Z</time><extensions><gpxtpx:TrackPointExtension><gpxtpx:cad>0</gpxtpx:cad></gpxtpx:TrackPointExtension></extensions></trkpt><trkpt lat="15.1430161670" lon="73.9458905719"><ele>-1.30</ele><time>2025-11-14T05:45:42Z</time><extensions><gpxtpx:TrackPointExtension><gpxtpx:cad>0</gpxtpx:cad></gpxtpx:TrackPointExtension></extensions></trkpt><trkpt lat="15.1429253910" lon="73.9460249338"><ele>-1.30</ele><time>2025-11-14T05:45:47Z</time><extensions><gpxtpx:TrackPointExtension><gpxtpx:cad>0</gpxtpx:cad></gpxtpx:TrackPointExtension></extensions></trkpt><trkpt lat="15.1428466011" lon="73.9461583737"><ele>-1.30</ele><time>2025-11-14T05:45:52Z</time><extensions><gpxtpx:TrackPointExtension><gpxtpx:cad>0</gpxtpx:cad></gpxtpx:TrackPointExtension></extensions></trkpt><trkpt lat="15.1427791268" lon="73.9462980162"><ele>-1.79</ele><time>2025-11-14T05:45:57Z</time><extensions><gpxtpx:TrackPointExtension><gpxtpx:cad>0</gpxtpx:cad></gpxtpx:TrackPointExtension></extensions></trkpt><trkpt lat="15.1427351218" lon="73.9464384969"><ele>-1.79</ele><time>2025-11-14T05:46:02Z</time><extensions><gpxtpx:TrackPointExtension><gpxtpx:cad>0</gpxtpx:cad></gpxtpx:TrackPointExtension></extensions></trkpt><trkpt lat="15.1427203696" lon="73.9465829171"><ele>-1.79</ele><time>2025-11-14T05:46:07Z</time><extensions><gpxtpx:TrackPointExtension><gpxtpx:cad>0</gpxtpx:cad></gpxtpx:TrackPointExtension></extensions></trkpt><trkpt lat="15.1427209564" lon="73.9467226434"><ele>-1.79</ele><time>2025-11-14T05:46:12Z</time><extensions><gpxtpx:TrackPointExtension><gpxtpx:cad>0</gpxtpx:cad></gpxtpx:TrackPointExtension></extensions></trkpt><trkpt lat="15.1427214593" lon="73.9468697459"><ele>-1.79</ele><time>2025-11-14T05:46:17Z</time><extensions><gpxtpx:TrackPointExtension><gpxtpx:cad>0</gpxtpx:cad></gpxtpx:TrackPointExtension></extensions></trkpt><trkpt lat="15.1427195314" lon="73.9470005874"><ele>-2.27</ele><time>2025-11-14T05:46:22Z</time><extensions><gpxtpx:TrackPointExtension><gpxtpx:cad>0</gpxtpx:cad></gpxtpx:TrackPointExtension></extensions></trkpt><trkpt lat="15.1427199505" lon="73.9471334405"><ele>-2.27</ele><time>2025-11-14T05:46:27Z</time><extensions><gpxtpx:TrackPointExtension><gpxtpx:cad>0</gpxtpx:cad></gpxtpx:TrackPointExtension></extensions></trkpt><trkpt lat="15.1427174360" lon="73.9472576603"><ele>-2.27</ele><time>2025-11-14T05:46:32Z</time><extensions><gpxtpx:TrackPointExtension><gpxtpx:cad>0</gpxtpx:cad></gpxtpx:TrackPointExtension></extensions></trkpt><trkpt lat="15.1427292544" lon="73.9473816287"><ele>-1.79</ele><time>2025-11-14T05:46:37Z</time><extensions><gpxtpx:TrackPointExtension><gpxtpx:cad>0</gpxtpx:cad></gpxtpx:TrackPointExtension></extensions></trkpt><trkpt lat="15.1427425817" lon="73.9474982210"><ele>-1.79</ele><time>2025-11-14T05:46:42Z</time><extensions><gpxtpx:TrackPointExtension><gpxtpx:cad>0</gpxtpx:cad></gpxtpx:TrackPointExtension></extensions></trkpt><trkpt lat="15.1427637879" lon="73.9476308227"><ele>-1.79</ele><time>2025-11-14T05:46:47Z</time><extensions><gpxtpx:TrackPointExtension><gpxtpx:cad>0</gpxtpx:cad></gpxtpx:TrackPointExtension></extensions></trkpt><trkpt lat="15.1427818928" lon="73.9477614127"><ele>-1.79</ele><time>2025-11-14T05:46:52Z</time><extensions><gpxtpx:TrackPointExtension><gpxtpx:cad>0</gpxtpx:cad></gpxtpx:TrackPointExtension></extensions></trkpt><trkpt lat="15.1427800488" lon="73.9478933439"><ele>-1.79</ele><time>2025-11-14T05:46:57Z</time><extensions><gpxtpx:TrackPointExtension><gpxtpx:cad>0</gpxtpx:cad></gpxtpx:TrackPointExtension></extensions></trkpt><trkpt lat="15.1427678112" lon="73.9480076730"><ele>-2.27</ele><time>2025-11-14T05:47:02Z</time><extensions><gpxtpx:TrackPointExtension><gpxtpx:cad>0</gpxtpx:cad></gpxtpx:TrackPointExtension></extensions></trkpt><trkpt lat="15.1427517179" lon="73.9481363352"><ele>-2.27</ele><time>2025-11-14T05:47:07Z</time><extensions><gpxtpx:TrackPointExtension><gpxtpx:cad>0</gpxtpx:cad></gpxtpx:TrackPointExtension></extensions></trkpt><trkpt lat="15.1427475270" lon="73.9482759777"><ele>-2.27</ele><time>2025-11-14T05:47:12Z</time><extensions><gpxtpx:TrackPointExtension><gpxtpx:cad>0</gpxtpx:cad></gpxtpx:TrackPointExtension></extensions></trkpt><trkpt lat="15.1427310146" lon="73.9483960066"><ele>-2.27</ele><time>2025-11-14T05:47:17Z</time><extensions><gpxtpx:TrackPointExtension><gpxtpx:cad>0</gpxtpx:cad></gpxtpx:TrackPointExtension></extensions></trkpt><trkpt lat="15.1426933799" lon="73.9485185500"><ele>-2.27</ele><time>2025-11-14T05:47:22Z</time><extensions><gpxtpx:TrackPointExtension><gpxtpx:cad>0</gpxtpx:cad></gpxtpx:TrackPointExtension></extensions></trkpt><trkpt lat="15.1426425017" lon="73.9486750402"><ele>-2.27</ele><time>2025-11-14T05:47:27Z</time><extensions><gpxtpx:TrackPointExtension><gpxtpx:cad>0</gpxtpx:cad></gpxtpx:TrackPointExtension></extensions></trkpt><trkpt lat="15.1425885223" lon="73.9488293510"><ele>-2.27</ele><time>2025-11-14T05:47:32Z</time><extensions><gpxtpx:TrackPointExtension><gpxtpx:cad>0</gpxtpx:cad></gpxtpx:TrackPointExtension></extensions></trkpt><trkpt lat="15.1425390691" lon="73.9489808120"><ele>-2.27</ele><time>2025-11-14T05:47:37Z</time><extensions><gpxtpx:TrackPointExtension><gpxtpx:cad>0</gpxtpx:cad></gpxtpx:TrackPointExtension></extensions></trkpt><trkpt lat="15.1424782164" lon="73.9491226338"><ele>-2.75</ele><time>2025-11-14T05:47:42Z</time><extensions><gpxtpx:TrackPointExtension><gpxtpx:cad>0</gpxtpx:cad></gpxtpx:TrackPointExtension></extensions></trkpt><trkpt lat="15.1424036175" lon="73.9492621087"><ele>-2.75</ele><time>2025-11-14T05:47:47Z</time><extensions><gpxtpx:TrackPointExtension><gpxtpx:cad>0</gpxtpx:cad></gpxtpx:TrackPointExtension></extensions></trkpt><trkpt lat="15.1423348859" lon="73.9494061936"><ele>-3.23</ele><time>2025-11-14T05:47:52Z</time><extensions><gpxtpx:TrackPointExtension><gpxtpx:cad>0</gpxtpx:cad></gpxtpx:TrackPointExtension></extensions></trkpt><trkpt lat="15.1422649808" lon="73.9495454170"><ele>-2.75</ele><time>2025-11-14T05:47:57Z</time><extensions><gpxtpx:TrackPointExtension><gpxtpx:cad>0</gpxtpx:cad></gpxtpx:TrackPointExtension></extensions></trkpt><trkpt lat="15.1422112528" lon="73.9496782701"><ele>-2.75</ele><time>2025-11-14T05:48:02Z</time><extensions><gpxtpx:TrackPointExtension><gpxtpx:cad>0</gpxtpx:cad></gpxtpx:TrackPointExtension></extensions></trkpt><trkpt lat="15.1421552617" lon="73.9498126321"><ele>-3.23</ele><time>2025-11-14T05:48:07Z</time><extensions><gpxtpx:TrackPointExtension><gpxtpx:cad>0</gpxtpx:cad></gpxtpx:TrackPointExtension></extensions></trkpt><trkpt lat="15.1421082392" lon="73.9499499276"><ele>-3.23</ele><time>2025-11-14T05:48:12Z</time><extensions><gpxtpx:TrackPointExtension><gpxtpx:cad>0</gpxtpx:cad></gpxtpx:TrackPointExtension></extensions></trkpt><trkpt lat="15.1420706883" lon="73.9501071721"><ele>-3.23</ele><time>2025-11-14T05:48:17Z</time><extensions><gpxtpx:TrackPointExtension><gpxtpx:cad>0</gpxtpx:cad></gpxtpx:TrackPointExtension></extensions></trkpt><trkpt lat="15.1420282759" lon="73.9502862096"><ele>-2.75</ele><time>2025-11-14T05:48:22Z</time><extensions><gpxtpx:TrackPointExtension><gpxtpx:cad>0</gpxtpx:cad></gpxtpx:TrackPointExtension></extensions></trkpt><trkpt lat="15.1419834327" lon="73.9504852798"><ele>-2.75</ele><time>2025-11-14T05:48:27Z</time><extensions><gpxtpx:TrackPointExtension><gpxtpx:cad>0</gpxtpx:cad></gpxtpx:TrackPointExtension></extensions></trkpt><trkpt lat="15.1419872046" lon="73.9506327175"><ele>-2.27</ele><time>2025-11-14T05:48:32Z</time><extensions><gpxtpx:TrackPointExtension><gpxtpx:cad>0</gpxtpx:cad></gpxtpx:TrackPointExtension></extensions></trkpt><trkpt lat="15.1420691796" lon="73.9507320430"><ele>-1.79</ele><time>2025-11-14T05:48:37Z</time><extensions><gpxtpx:TrackPointExtension><gpxtpx:cad>0</gpxtpx:cad></gpxtpx:TrackPointExtension></extensions></trkpt><trkpt lat="15.1422002725" lon="73.9507918060"><ele>-1.79</ele><time>2025-11-14T05:48:42Z</time><extensions><gpxtpx:TrackPointExtension><gpxtpx:cad>0</gpxtpx:cad></gpxtpx:TrackPointExtension></extensions></trkpt><trkpt lat="15.1423435193" lon="73.9508312847"><ele>-2.27</ele><time>2025-11-14T05:48:47Z</time><extensions><gpxtpx:TrackPointExtension><gpxtpx:cad>0</gpxtpx:cad></gpxtpx:TrackPointExtension></extensions></trkpt><trkpt lat="15.1424882747" lon="73.9508647285"><ele>-2.75</ele><time>2025-11-14T05:48:52Z</time><extensions><gpxtpx:TrackPointExtension><gpxtpx:cad>0</gpxtpx:cad></gpxtpx:TrackPointExtension></extensions></trkpt><trkpt lat="15.1426317729" lon="73.9508991782"><ele>-2.75</ele><time>2025-11-14T05:48:57Z</time><extensions><gpxtpx:TrackPointExtension><gpxtpx:cad>0</gpxtpx:cad></gpxtpx:TrackPointExtension></extensions></trkpt><trkpt lat="15.1427800488" lon="73.9509343822"><ele>-2.75</ele><time>2025-11-14T05:49:02Z</time><extensions><gpxtpx:TrackPointExtension><gpxtpx:cad>0</gpxtpx:cad></gpxtpx:TrackPointExtension></extensions></trkpt><trkpt lat="15.1429264806" lon="73.9509765431"><ele>-2.75</ele><time>2025-11-14T05:49:07Z</time><extensions><gpxtpx:TrackPointExtension><gpxtpx:cad>0</gpxtpx:cad></gpxtpx:TrackPointExtension></extensions></trkpt><trkpt lat="15.1430764329" lon="73.9510236494"><ele>-2.27</ele><time>2025-11-14T05:49:12Z</time><extensions><gpxtpx:TrackPointExtension><gpxtpx:cad>0</gpxtpx:cad></gpxtpx:TrackPointExtension></extensions></trkpt><trkpt lat="15.1432243735" lon="73.9510686602"><ele>-2.27</ele><time>2025-11-14T05:49:17Z</time><extensions><gpxtpx:TrackPointExtension><gpxtpx:cad>0</gpxtpx:cad></gpxtpx:TrackPointExtension></extensions></trkpt></trkseg></trk></gpx>