<?xml version="1.0" encoding="UTF-8" standalone="no" ?><gpx xmlns="http://www.topografix.com/GPX/1/1" xmlns:gpxx="http://www.garmin.com/xmlschemas/GpxExtensions/v3" xmlns:wptx1="http://www.garmin.com/xmlschemas/WaypointExtension/v1" xmlns:gpxtpx="http://www.garmin.com/xmlschemas/TrackPointExtension/v1" creator="eTrex 10 SEA" version="1.1" xmlns:xsi="http://www.w3.org/2001/XMLSchema-instance" xsi:schemaLocation="http://www.topografix.com/GPX/1/1 http://www.topografix.com/GPX/1/1/gpx.xsd http://www.garmin.com/xmlschemas/GpxExtensions/v3 http://www8.garmin.com/xmlschemas/GpxExtensionsv3.xsd http://www.garmin.com/xmlschemas/WaypointExtension/v1 http://www8.garmin.com/xmlschemas/WaypointExtensionv1.xsd http://www.garmin.com/xmlschemas/TrackPointExtension/v1 http://www.garmin.com/xmlschemas/TrackPointExtensionv1.xsd"><metadata><link href="http://www.garmin.com"><text>Garmin International</text></link><time>2025-11-18T05:19:31Z</time></metadata><trk><name>18-NOV-25 10:49:30 AM</name><extensions><gpxx:TrackExtension><gpxx:DisplayColor>Cyan</gpxx:DisplayColor></gpxx:TrackExtension></extensions><trkseg><trkpt lat="15.4639960360" lon="73.7962015159"><ele>-0.34</ele><time>2025-11-18T01:08:28Z</time><extensions><gpxtpx:TrackPointExtension><gpxtpx:cad>0</gpxtpx:cad></gpxtpx:TrackPointExtension></extensions></trkpt><trkpt lat="15.4641326610" lon="73.7960958201"><ele>-0.34</ele><time>2025-11-18T01:08:33Z</time><extensions><gpxtpx:TrackPointExtension><gpxtpx:cad>0</gpxtpx:cad></gpxtpx:TrackPointExtension></extensions></trkpt><trkpt lat="15.4641849641" lon="73.7960549165"><ele>-0.34</ele><time>2025-11-18T01:08:35Z</time><extensions><gpxtpx:TrackPointExtension><gpxtpx:cad>0</gpxtpx:cad></gpxtpx:TrackPointExtension></extensions></trkpt><trkpt lat="15.4643231817" lon="73.7959525734"><ele>-0.34</ele><time>2025-11-18T01:08:40Z</time><extensions><gpxtpx:TrackPointExtension><gpxtpx:cad>0</gpxtpx:cad></gpxtpx:TrackPointExtension></extensions></trkpt><trkpt lat="15.4644620698" lon="73.7958505657"><ele>-0.34</ele><time>2025-11-18T01:08:45Z</time><extensions><gpxtpx:TrackPointExtension><gpxtpx:cad>0</gpxtpx:cad></gpxtpx:TrackPointExtension></extensions></trkpt><trkpt lat="15.4645994492" lon="73.7957375776"><ele>-0.34</ele><time>2025-11-18T01:08:50Z</time><extensions><gpxtpx:TrackPointExtension><gpxtpx:cad>0</gpxtpx:cad></gpxtpx:TrackPointExtension></extensions></trkpt><trkpt lat="15.4647310451" lon="73.7956248410"><ele>-0.34</ele><time>2025-11-18T01:08:55Z</time><extensions><gpxtpx:TrackPointExtension><gpxtpx:cad>0</gpxtpx:cad></gpxtpx:TrackPointExtension></extensions></trkpt><trkpt lat="15.4648532532" lon="73.7954966817"><ele>-0.34</ele><time>2025-11-18T01:09:00Z</time><extensions><gpxtpx:TrackPointExtension><gpxtpx:cad>0</gpxtpx:cad></gpxtpx:TrackPointExtension></extensions></trkpt><trkpt lat="15.4649650678" lon="73.7953697797"><ele>-0.34</ele><time>2025-11-18T01:09:05Z</time><extensions><gpxtpx:TrackPointExtension><gpxtpx:cad>0</gpxtpx:cad></gpxtpx:TrackPointExtension></extensions></trkpt><trkpt lat="15.4650767148" lon="73.7952341605"><ele>-0.34</ele><time>2025-11-18T01:09:10Z</time><extensions><gpxtpx:TrackPointExtension><gpxtpx:cad>0</gpxtpx:cad></gpxtpx:TrackPointExtension></extensions></trkpt><trkpt lat="15.4651926365" lon="73.7950953562"><ele>-0.34</ele><time>2025-11-18T01:09:15Z</time><extensions><gpxtpx:TrackPointExtension><gpxtpx:cad>0</gpxtpx:cad></gpxtpx:TrackPointExtension></extensions></trkpt><trkpt lat="15.4653135035" lon="73.7949635088"><ele>-0.34</ele><time>2025-11-18T01:09:20Z</time><extensions><gpxtpx:TrackPointExtension><gpxtpx:cad>0</gpxtpx:cad></gpxtpx:TrackPointExtension></extensions></trkpt><trkpt lat="15.4654402379" lon="73.7948331703"><ele>-0.34</ele><time>2025-11-18T01:09:25Z</time><extensions><gpxtpx:TrackPointExtension><gpxtpx:cad>0</gpxtpx:cad></gpxtpx:TrackPointExtension></extensions></trkpt><trkpt lat="15.4655466042" lon="73.7947001494"><ele>-0.34</ele><time>2025-11-18T01:09:30Z</time><extensions><gpxtpx:TrackPointExtension><gpxtpx:cad>0</gpxtpx:cad></gpxtpx:TrackPointExtension></extensions></trkpt><trkpt lat="15.4656108096" lon="73.7945364509"><ele>-0.34</ele><time>2025-11-18T01:09:35Z</time><extensions><gpxtpx:TrackPointExtension><gpxtpx:cad>0</gpxtpx:cad></gpxtpx:TrackPointExtension></extensions></trkpt><trkpt lat="15.4656922817" lon="73.7943785358"><ele>-0.34</ele><time>2025-11-18T01:09:40Z</time><extensions><gpxtpx:TrackPointExtension><gpxtpx:cad>0</gpxtpx:cad></gpxtpx:TrackPointExtension></extensions></trkpt><trkpt lat="15.4658045992" lon="73.7942428328"><ele>-0.34</ele><time>2025-11-18T01:09:45Z</time><extensions><gpxtpx:TrackPointExtension><gpxtpx:cad>0</gpxtpx:cad></gpxtpx:TrackPointExtension></extensions></trkpt><trkpt lat="15.4659152403" lon="73.7941066269"><ele>-0.34</ele><time>2025-11-18T01:09:50Z</time><extensions><gpxtpx:TrackPointExtension><gpxtpx:cad>0</gpxtpx:cad></gpxtpx:TrackPointExtension></extensions></trkpt><trkpt lat="15.4660278931" lon="73.7939684093"><ele>-0.34</ele><time>2025-11-18T01:09:55Z</time><extensions><gpxtpx:TrackPointExtension><gpxtpx:cad>0</gpxtpx:cad></gpxtpx:TrackPointExtension></extensions></trkpt><trkpt lat="15.4661374446" lon="73.7938297726"><ele>-0.34</ele><time>2025-11-18T01:10:00Z</time><extensions><gpxtpx:TrackPointExtension><gpxtpx:cad>0</gpxtpx:cad></gpxtpx:TrackPointExtension></extensions></trkpt><trkpt lat="15.4662478343" lon="73.7936938182"><ele>-0.34</ele><time>2025-11-18T01:10:05Z</time><extensions><gpxtpx:TrackPointExtension><gpxtpx:cad>0</gpxtpx:cad></gpxtpx:TrackPointExtension></extensions></trkpt><trkpt lat="15.4663570505" lon="73.7935515773"><ele>-1.30</ele><time>2025-11-18T01:10:10Z</time><extensions><gpxtpx:TrackPointExtension><gpxtpx:cad>0</gpxtpx:cad></gpxtpx:TrackPointExtension></extensions></trkpt><trkpt lat="15.4664649256" lon="73.7934090849"><ele>-1.30</ele><time>2025-11-18T01:10:15Z</time><extensions><gpxtpx:TrackPointExtension><gpxtpx:cad>0</gpxtpx:cad></gpxtpx:TrackPointExtension></extensions></trkpt><trkpt lat="15.4665761534" lon="73.7932670955"><ele>-1.30</ele><time>2025-11-18T01:10:20Z</time><extensions><gpxtpx:TrackPointExtension><gpxtpx:cad>0</gpxtpx:cad></gpxtpx:TrackPointExtension></extensions></trkpt><trkpt lat="15.4666896444" lon="73.7931292970"><ele>-1.30</ele><time>2025-11-18T01:10:25Z</time><extensions><gpxtpx:TrackPointExtension><gpxtpx:cad>0</gpxtpx:cad></gpxtpx:TrackPointExtension></extensions></trkpt><trkpt lat="15.4668024648" lon="73.7929821108"><ele>-0.82</ele><time>2025-11-18T01:10:30Z</time><extensions><gpxtpx:TrackPointExtension><gpxtpx:cad>0</gpxtpx:cad></gpxtpx:TrackPointExtension></extensions></trkpt><trkpt lat="15.4669072386" lon="73.7928322423"><ele>-0.34</ele><time>2025-11-18T01:10:35Z</time><extensions><gpxtpx:TrackPointExtension><gpxtpx:cad>0</gpxtpx:cad></gpxtpx:TrackPointExtension></extensions></trkpt><trkpt lat="15.4670093302" lon="73.7926788535"><ele>-0.34</ele><time>2025-11-18T01:10:40Z</time><extensions><gpxtpx:TrackPointExtension><gpxtpx:cad>0</gpxtpx:cad></gpxtpx:TrackPointExtension></extensions></trkpt><trkpt lat="15.4671075661" lon="73.7925299909"><ele>-0.34</ele><time>2025-11-18T01:10:45Z</time><extensions><gpxtpx:TrackPointExtension><gpxtpx:cad>0</gpxtpx:cad></gpxtpx:TrackPointExtension></extensions></trkpt><trkpt lat="15.4672113340" lon="73.7923752610"><ele>-0.34</ele><time>2025-11-18T01:10:50Z</time><extensions><gpxtpx:TrackPointExtension><gpxtpx:cad>0</gpxtpx:cad></gpxtpx:TrackPointExtension></extensions></trkpt><trkpt lat="15.4673131742" lon="73.7922198605"><ele>-0.34</ele><time>2025-11-18T01:10:55Z</time><extensions><gpxtpx:TrackPointExtension><gpxtpx:cad>0</gpxtpx:cad></gpxtpx:TrackPointExtension></extensions></trkpt><trkpt lat="15.4674090631" lon="73.7920598499"><ele>-0.82</ele><time>2025-11-18T01:11:00Z</time><extensions><gpxtpx:TrackPointExtension><gpxtpx:cad>0</gpxtpx:cad></gpxtpx:TrackPointExtension></extensions></trkpt><trkpt lat="15.4674972408" lon="73.7919050362"><ele>-0.82</ele><time>2025-11-18T01:11:05Z</time><extensions><gpxtpx:TrackPointExtension><gpxtpx:cad>0</gpxtpx:cad></gpxtpx:TrackPointExtension></extensions></trkpt><trkpt lat="15.4675860889" lon="73.7917430140"><ele>-0.82</ele><time>2025-11-18T01:11:10Z</time><extensions><gpxtpx:TrackPointExtension><gpxtpx:cad>0</gpxtpx:cad></gpxtpx:TrackPointExtension></extensions></trkpt><trkpt lat="15.4676770326" lon="73.7915876135"><ele>-0.82</ele><time>2025-11-18T01:11:15Z</time><extensions><gpxtpx:TrackPointExtension><gpxtpx:cad>0</gpxtpx:cad></gpxtpx:TrackPointExtension></extensions></trkpt><trkpt lat="15.4677603487" lon="73.7914280221"><ele>-0.82</ele><time>2025-11-18T01:11:20Z</time><extensions><gpxtpx:TrackPointExtension><gpxtpx:cad>0</gpxtpx:cad></gpxtpx:TrackPointExtension></extensions></trkpt><trkpt lat="15.4678543936" lon="73.7912730407"><ele>-1.30</ele><time>2025-11-18T01:11:25Z</time><extensions><gpxtpx:TrackPointExtension><gpxtpx:cad>0</gpxtpx:cad></gpxtpx:TrackPointExtension></extensions></trkpt><trkpt lat="15.4679439124" lon="73.7911111023"><ele>-1.30</ele><time>2025-11-18T01:11:30Z</time><extensions><gpxtpx:TrackPointExtension><gpxtpx:cad>0</gpxtpx:cad></gpxtpx:TrackPointExtension></extensions></trkpt><trkpt lat="15.4680385441" lon="73.7909562886"><ele>-1.30</ele><time>2025-11-18T01:11:35Z</time><extensions><gpxtpx:TrackPointExtension><gpxtpx:cad>0</gpxtpx:cad></gpxtpx:TrackPointExtension></extensions></trkpt><trkpt lat="15.4681291524" lon="73.7907912489"><ele>-0.82</ele><time>2025-11-18T01:11:40Z</time><extensions><gpxtpx:TrackPointExtension><gpxtpx:cad>0</gpxtpx:cad></gpxtpx:TrackPointExtension></extensions></trkpt><trkpt lat="15.4681946151" lon="73.7906210963"><ele>-0.82</ele><time>2025-11-18T01:11:45Z</time><extensions><gpxtpx:TrackPointExtension><gpxtpx:cad>0</gpxtpx:cad></gpxtpx:TrackPointExtension></extensions></trkpt><trkpt lat="15.4682299029" lon="73.7904398795"><ele>-1.79</ele><time>2025-11-18T01:11:50Z</time><extensions><gpxtpx:TrackPointExtension><gpxtpx:cad>0</gpxtpx:cad></gpxtpx:TrackPointExtension></extensions></trkpt><trkpt lat="15.4682511091" lon="73.7902551424"><ele>-1.79</ele><time>2025-11-18T01:11:55Z</time><extensions><gpxtpx:TrackPointExtension><gpxtpx:cad>0</gpxtpx:cad></gpxtpx:TrackPointExtension></extensions></trkpt><trkpt lat="15.4682652745" lon="73.7900766078"><ele>-2.27</ele><time>2025-11-18T01:12:00Z</time><extensions><gpxtpx:TrackPointExtension><gpxtpx:cad>0</gpxtpx:cad></gpxtpx:TrackPointExtension></extensions></trkpt><trkpt lat="15.4682660289" lon="73.7898882665"><ele>-2.27</ele><time>2025-11-18T01:12:05Z</time><extensions><gpxtpx:TrackPointExtension><gpxtpx:cad>0</gpxtpx:cad></gpxtpx:TrackPointExtension></extensions></trkpt><trkpt lat="15.4682610836" lon="73.7897030264"><ele>-2.27</ele><time>2025-11-18T01:12:10Z</time><extensions><gpxtpx:TrackPointExtension><gpxtpx:cad>0</gpxtpx:cad></gpxtpx:TrackPointExtension></extensions></trkpt><trkpt lat="15.4682560544" lon="73.7895121705"><ele>-2.27</ele><time>2025-11-18T01:12:15Z</time><extensions><gpxtpx:TrackPointExtension><gpxtpx:cad>0</gpxtpx:cad></gpxtpx:TrackPointExtension></extensions></trkpt><trkpt lat="15.4682530370" lon="73.7893301994"><ele>-2.27</ele><time>2025-11-18T01:12:20Z</time><extensions><gpxtpx:TrackPointExtension><gpxtpx:cad>0</gpxtpx:cad></gpxtpx:TrackPointExtension></extensions></trkpt><trkpt lat="15.4682488460" lon="73.7891442049"><ele>-1.79</ele><time>2025-11-18T01:12:25Z</time><extensions><gpxtpx:TrackPointExtension><gpxtpx:cad>0</gpxtpx:cad></gpxtpx:TrackPointExtension></extensions></trkpt><trkpt lat="15.4682443198" lon="73.7889582943"><ele>-1.79</ele><time>2025-11-18T01:12:30Z</time><extensions><gpxtpx:TrackPointExtension><gpxtpx:cad>0</gpxtpx:cad></gpxtpx:TrackPointExtension></extensions></trkpt><trkpt lat="15.4682461638" lon="73.7887697853"><ele>-1.79</ele><time>2025-11-18T01:12:35Z</time><extensions><gpxtpx:TrackPointExtension><gpxtpx:cad>0</gpxtpx:cad></gpxtpx:TrackPointExtension></extensions></trkpt><trkpt lat="15.4682514444" lon="73.7885860540"><ele>-1.79</ele><time>2025-11-18T01:12:40Z</time><extensions><gpxtpx:TrackPointExtension><gpxtpx:cad>0</gpxtpx:cad></gpxtpx:TrackPointExtension></extensions></trkpt><trkpt lat="15.4682573117" lon="73.7883965392"><ele>-1.79</ele><time>2025-11-18T01:12:45Z</time><extensions><gpxtpx:TrackPointExtension><gpxtpx:cad>0</gpxtpx:cad></gpxtpx:TrackPointExtension></extensions></trkpt><trkpt lat="15.4682702199" lon="73.7882120535"><ele>-1.79</ele><time>2025-11-18T01:12:50Z</time><extensions><gpxtpx:TrackPointExtension><gpxtpx:cad>0</gpxtpx:cad></gpxtpx:TrackPointExtension></extensions></trkpt><trkpt lat="15.4682933539" lon="73.7880305015"><ele>-1.79</ele><time>2025-11-18T01:12:55Z</time><extensions><gpxtpx:TrackPointExtension><gpxtpx:cad>0</gpxtpx:cad></gpxtpx:TrackPointExtension></extensions></trkpt><trkpt lat="15.4683065135" lon="73.7878435850"><ele>-0.82</ele><time>2025-11-18T01:13:00Z</time><extensions><gpxtpx:TrackPointExtension><gpxtpx:cad>0</gpxtpx:cad></gpxtpx:TrackPointExtension></extensions></trkpt><trkpt lat="15.4683261272" lon="73.7876589317"><ele>-1.30</ele><time>2025-11-18T01:13:05Z</time><extensions><gpxtpx:TrackPointExtension><gpxtpx:cad>0</gpxtpx:cad></gpxtpx:TrackPointExtension></extensions></trkpt><trkpt lat="15.4683312401" lon="73.7874766253"><ele>-1.79</ele><time>2025-11-18T01:13:10Z</time><extensions><gpxtpx:TrackPointExtension><gpxtpx:cad>0</gpxtpx:cad></gpxtpx:TrackPointExtension></extensions></trkpt><trkpt lat="15.4683435615" lon="73.7872857694"><ele>-1.79</ele><time>2025-11-18T01:13:15Z</time><extensions><gpxtpx:TrackPointExtension><gpxtpx:cad>0</gpxtpx:cad></gpxtpx:TrackPointExtension></extensions></trkpt><trkpt lat="15.4683506861" lon="73.7871027086"><ele>-2.27</ele><time>2025-11-18T01:13:20Z</time><extensions><gpxtpx:TrackPointExtension><gpxtpx:cad>0</gpxtpx:cad></gpxtpx:TrackPointExtension></extensions></trkpt><trkpt lat="15.4683495127" lon="73.7869101763"><ele>-2.27</ele><time>2025-11-18T01:13:25Z</time><extensions><gpxtpx:TrackPointExtension><gpxtpx:cad>0</gpxtpx:cad></gpxtpx:TrackPointExtension></extensions></trkpt><trkpt lat="15.4683465790" lon="73.7867251039"><ele>-2.27</ele><time>2025-11-18T01:13:30Z</time><extensions><gpxtpx:TrackPointExtension><gpxtpx:cad>0</gpxtpx:cad></gpxtpx:TrackPointExtension></extensions></trkpt><trkpt lat="15.4683392029" lon="73.7865351699"><ele>-2.75</ele><time>2025-11-18T01:13:35Z</time><extensions><gpxtpx:TrackPointExtension><gpxtpx:cad>0</gpxtpx:cad></gpxtpx:TrackPointExtension></extensions></trkpt><trkpt lat="15.4683210142" lon="73.7863552105"><ele>-2.75</ele><time>2025-11-18T01:13:40Z</time><extensions><gpxtpx:TrackPointExtension><gpxtpx:cad>0</gpxtpx:cad></gpxtpx:TrackPointExtension></extensions></trkpt><trkpt lat="15.4682946950" lon="73.7861672882"><ele>-3.23</ele><time>2025-11-18T01:13:45Z</time><extensions><gpxtpx:TrackPointExtension><gpxtpx:cad>0</gpxtpx:cad></gpxtpx:TrackPointExtension></extensions></trkpt><trkpt lat="15.4682617541" lon="73.7859869935"><ele>-3.23</ele><time>2025-11-18T01:13:50Z</time><extensions><gpxtpx:TrackPointExtension><gpxtpx:cad>0</gpxtpx:cad></gpxtpx:TrackPointExtension></extensions></trkpt><trkpt lat="15.4682681244" lon="73.7857999932"><ele>-4.19</ele><time>2025-11-18T01:13:55Z</time><extensions><gpxtpx:TrackPointExtension><gpxtpx:cad>0</gpxtpx:cad></gpxtpx:TrackPointExtension></extensions></trkpt><trkpt lat="15.4683019035" lon="73.7856163457"><ele>-3.23</ele><time>2025-11-18T01:14:00Z</time><extensions><gpxtpx:TrackPointExtension><gpxtpx:cad>0</gpxtpx:cad></gpxtpx:TrackPointExtension></extensions></trkpt><trkpt lat="15.4683209304" lon="73.7854547426"><ele>-3.23</ele><time>2025-11-18T01:14:05Z</time><extensions><gpxtpx:TrackPointExtension><gpxtpx:cad>0</gpxtpx:cad></gpxtpx:TrackPointExtension></extensions></trkpt><trkpt lat="15.4682833795" lon="73.7853050418"><ele>-2.75</ele><time>2025-11-18T01:14:10Z</time><extensions><gpxtpx:TrackPointExtension><gpxtpx:cad>0</gpxtpx:cad></gpxtpx:TrackPointExtension></extensions></trkpt><trkpt lat="15.4682102893" lon="73.7851528265"><ele>-2.75</ele><time>2025-11-18T01:14:15Z</time><extensions><gpxtpx:TrackPointExtension><gpxtpx:cad>0</gpxtpx:cad></gpxtpx:TrackPointExtension></extensions></trkpt><trkpt lat="15.4681351874" lon="73.7849978451"><ele>-2.75</ele><time>2025-11-18T01:14:20Z</time><extensions><gpxtpx:TrackPointExtension><gpxtpx:cad>0</gpxtpx:cad></gpxtpx:TrackPointExtension></extensions></trkpt><trkpt lat="15.4680678807" lon="73.7848448753"><ele>-2.27</ele><time>2025-11-18T01:14:25Z</time><extensions><gpxtpx:TrackPointExtension><gpxtpx:cad>0</gpxtpx:cad></gpxtpx:TrackPointExtension></extensions></trkpt><trkpt lat="15.4680082016" lon="73.7846759800"><ele>-2.27</ele><time>2025-11-18T01:14:30Z</time><extensions><gpxtpx:TrackPointExtension><gpxtpx:cad>0</gpxtpx:cad></gpxtpx:TrackPointExtension></extensions></trkpt><trkpt lat="15.4679521266" lon="73.7845130358"><ele>-2.75</ele><time>2025-11-18T01:14:35Z</time><extensions><gpxtpx:TrackPointExtension><gpxtpx:cad>0</gpxtpx:cad></gpxtpx:TrackPointExtension></extensions></trkpt><trkpt lat="15.4678930342" lon="73.7843526062"><ele>-2.75</ele><time>2025-11-18T01:14:40Z</time><extensions><gpxtpx:TrackPointExtension><gpxtpx:cad>0</gpxtpx:cad></gpxtpx:TrackPointExtension></extensions></trkpt><trkpt lat="15.4678341094" lon="73.7841912545"><ele>-3.23</ele><time>2025-11-18T01:14:45Z</time><extensions><gpxtpx:TrackPointExtension><gpxtpx:cad>0</gpxtpx:cad></gpxtpx:TrackPointExtension></extensions></trkpt><trkpt lat="15.4677755199" lon="73.7840195093"><ele>-2.75</ele><time>2025-11-18T01:14:50Z</time><extensions><gpxtpx:TrackPointExtension><gpxtpx:cad>0</gpxtpx:cad></gpxtpx:TrackPointExtension></extensions></trkpt><trkpt lat="15.4677311797" lon="73.7838548888"><ele>-2.75</ele><time>2025-11-18T01:14:55Z</time><extensions><gpxtpx:TrackPointExtension><gpxtpx:cad>0</gpxtpx:cad></gpxtpx:TrackPointExtension></extensions></trkpt><trkpt lat="15.4676793795" lon="73.7836855743"><ele>-3.23</ele><time>2025-11-18T01:15:00Z</time><extensions><gpxtpx:TrackPointExtension><gpxtpx:cad>0</gpxtpx:cad></gpxtpx:TrackPointExtension></extensions></trkpt><trkpt lat="15.4676311836" lon="73.7835145835"><ele>-3.23</ele><time>2025-11-18T01:15:05Z</time><extensions><gpxtpx:TrackPointExtension><gpxtpx:cad>0</gpxtpx:cad></gpxtpx:TrackPointExtension></extensions></trkpt><trkpt lat="15.4675884359" lon="73.7833447661"><ele>-2.75</ele><time>2025-11-18T01:15:10Z</time><extensions><gpxtpx:TrackPointExtension><gpxtpx:cad>0</gpxtpx:cad></gpxtpx:TrackPointExtension></extensions></trkpt><trkpt lat="15.4675611947" lon="73.7831725180"><ele>-2.27</ele><time>2025-11-18T01:15:15Z</time><extensions><gpxtpx:TrackPointExtension><gpxtpx:cad>0</gpxtpx:cad></gpxtpx:TrackPointExtension></extensions></trkpt><trkpt lat="15.4675388150" lon="73.7829950731"><ele>-2.27</ele><time>2025-11-18T01:15:20Z</time><extensions><gpxtpx:TrackPointExtension><gpxtpx:cad>0</gpxtpx:cad></gpxtpx:TrackPointExtension></extensions></trkpt><trkpt lat="15.4675332829" lon="73.7828219868"><ele>-2.27</ele><time>2025-11-18T01:15:25Z</time><extensions><gpxtpx:TrackPointExtension><gpxtpx:cad>0</gpxtpx:cad></gpxtpx:TrackPointExtension></extensions></trkpt><trkpt lat="15.4675445985" lon="73.7826477271"><ele>-2.75</ele><time>2025-11-18T01:15:30Z</time><extensions><gpxtpx:TrackPointExtension><gpxtpx:cad>0</gpxtpx:cad></gpxtpx:TrackPointExtension></extensions></trkpt><trkpt lat="15.4675870948" lon="73.7824812625"><ele>-3.23</ele><time>2025-11-18T01:15:35Z</time><extensions><gpxtpx:TrackPointExtension><gpxtpx:cad>0</gpxtpx:cad></gpxtpx:TrackPointExtension></extensions></trkpt><trkpt lat="15.4676268250" lon="73.7823066674"><ele>-3.71</ele><time>2025-11-18T01:15:40Z</time><extensions><gpxtpx:TrackPointExtension><gpxtpx:cad>0</gpxtpx:cad></gpxtpx:TrackPointExtension></extensions></trkpt><trkpt lat="15.4676725902" lon="73.7821381912"><ele>-3.71</ele><time>2025-11-18T01:15:45Z</time><extensions><gpxtpx:TrackPointExtension><gpxtpx:cad>0</gpxtpx:cad></gpxtpx:TrackPointExtension></extensions></trkpt><trkpt lat="15.4677183554" lon="73.7819742411"><ele>-3.71</ele><time>2025-11-18T01:15:50Z</time><extensions><gpxtpx:TrackPointExtension><gpxtpx:cad>0</gpxtpx:cad></gpxtpx:TrackPointExtension></extensions></trkpt><trkpt lat="15.4677728377" lon="73.7818076927"><ele>-3.71</ele><time>2025-11-18T01:15:55Z</time><extensions><gpxtpx:TrackPointExtension><gpxtpx:cad>0</gpxtpx:cad></gpxtpx:TrackPointExtension></extensions></trkpt><trkpt lat="15.4678440001" lon="73.7816447485"><ele>-3.23</ele><time>2025-11-18T01:16:00Z</time><extensions><gpxtpx:TrackPointExtension><gpxtpx:cad>0</gpxtpx:cad></gpxtpx:TrackPointExtension></extensions></trkpt><trkpt lat="15.4679153301" lon="73.7814849894"><ele>-3.23</ele><time>2025-11-18T01:16:05Z</time><extensions><gpxtpx:TrackPointExtension><gpxtpx:cad>0</gpxtpx:cad></gpxtpx:TrackPointExtension></extensions></trkpt><trkpt lat="15.4679859895" lon="73.7813216262"><ele>-2.75</ele><time>2025-11-18T01:16:10Z</time><extensions><gpxtpx:TrackPointExtension><gpxtpx:cad>0</gpxtpx:cad></gpxtpx:TrackPointExtension></extensions></trkpt><trkpt lat="15.4680548050" lon="73.7811622024"><ele>-2.75</ele><time>2025-11-18T01:16:15Z</time><extensions><gpxtpx:TrackPointExtension><gpxtpx:cad>0</gpxtpx:cad></gpxtpx:TrackPointExtension></extensions></trkpt><trkpt lat="15.4681242071" lon="73.7810031977"><ele>-2.27</ele><time>2025-11-18T01:16:20Z</time><extensions><gpxtpx:TrackPointExtension><gpxtpx:cad>0</gpxtpx:cad></gpxtpx:TrackPointExtension></extensions></trkpt><trkpt lat="15.4682070203" lon="73.7808485515"><ele>-1.79</ele><time>2025-11-18T01:16:25Z</time><extensions><gpxtpx:TrackPointExtension><gpxtpx:cad>0</gpxtpx:cad></gpxtpx:TrackPointExtension></extensions></trkpt><trkpt lat="15.4682895821" lon="73.7806954142"><ele>-1.79</ele><time>2025-11-18T01:16:30Z</time><extensions><gpxtpx:TrackPointExtension><gpxtpx:cad>0</gpxtpx:cad></gpxtpx:TrackPointExtension></extensions></trkpt><trkpt lat="15.4683535360" lon="73.7805315480"><ele>-1.79</ele><time>2025-11-18T01:16:35Z</time><extensions><gpxtpx:TrackPointExtension><gpxtpx:cad>0</gpxtpx:cad></gpxtpx:TrackPointExtension></extensions></trkpt><trkpt lat="15.4684183281" lon="73.7803781591"><ele>-1.79</ele><time>2025-11-18T01:16:40Z</time><extensions><gpxtpx:TrackPointExtension><gpxtpx:cad>0</gpxtpx:cad></gpxtpx:TrackPointExtension></extensions></trkpt><trkpt lat="15.4684842099" lon="73.7802117784"><ele>-1.79</ele><time>2025-11-18T01:16:45Z</time><extensions><gpxtpx:TrackPointExtension><gpxtpx:cad>0</gpxtpx:cad></gpxtpx:TrackPointExtension></extensions></trkpt><trkpt lat="15.4685643408" lon="73.7800600659"><ele>-2.27</ele><time>2025-11-18T01:16:50Z</time><extensions><gpxtpx:TrackPointExtension><gpxtpx:cad>0</gpxtpx:cad></gpxtpx:TrackPointExtension></extensions></trkpt><trkpt lat="15.4686453938" lon="73.7798985466"><ele>-2.27</ele><time>2025-11-18T01:16:55Z</time><extensions><gpxtpx:TrackPointExtension><gpxtpx:cad>0</gpxtpx:cad></gpxtpx:TrackPointExtension></extensions></trkpt><trkpt lat="15.4687137064" lon="73.7797399610"><ele>-2.27</ele><time>2025-11-18T01:17:00Z</time><extensions><gpxtpx:TrackPointExtension><gpxtpx:cad>0</gpxtpx:cad></gpxtpx:TrackPointExtension></extensions></trkpt><trkpt lat="15.4687743913" lon="73.7795719877"><ele>-2.75</ele><time>2025-11-18T01:17:05Z</time><extensions><gpxtpx:TrackPointExtension><gpxtpx:cad>0</gpxtpx:cad></gpxtpx:TrackPointExtension></extensions></trkpt><trkpt lat="15.4688294604" lon="73.7794084568"><ele>-2.75</ele><time>2025-11-18T01:17:10Z</time><extensions><gpxtpx:TrackPointExtension><gpxtpx:cad>0</gpxtpx:cad></gpxtpx:TrackPointExtension></extensions></trkpt><trkpt lat="15.4688825179" lon="73.7792378012"><ele>-2.75</ele><time>2025-11-18T01:17:15Z</time><extensions><gpxtpx:TrackPointExtension><gpxtpx:cad>0</gpxtpx:cad></gpxtpx:TrackPointExtension></extensions></trkpt><trkpt lat="15.4689209070" lon="73.7790693250"><ele>-2.75</ele><time>2025-11-18T01:17:20Z</time><extensions><gpxtpx:TrackPointExtension><gpxtpx:cad>0</gpxtpx:cad></gpxtpx:TrackPointExtension></extensions></trkpt><trkpt lat="15.4689560272" lon="73.7788985856"><ele>-2.75</ele><time>2025-11-18T01:17:25Z</time><extensions><gpxtpx:TrackPointExtension><gpxtpx:cad>0</gpxtpx:cad></gpxtpx:TrackPointExtension></extensions></trkpt><trkpt lat="15.4689822625" lon="73.7787213083"><ele>-2.75</ele><time>2025-11-18T01:17:30Z</time><extensions><gpxtpx:TrackPointExtension><gpxtpx:cad>0</gpxtpx:cad></gpxtpx:TrackPointExtension></extensions></trkpt><trkpt lat="15.4690064862" lon="73.7785488926"><ele>-2.27</ele><time>2025-11-18T01:17:35Z</time><extensions><gpxtpx:TrackPointExtension><gpxtpx:cad>0</gpxtpx:cad></gpxtpx:TrackPointExtension></extensions></trkpt><trkpt lat="15.4690165445" lon="73.7783679273"><ele>-2.75</ele><time>2025-11-18T01:17:40Z</time><extensions><gpxtpx:TrackPointExtension><gpxtpx:cad>0</gpxtpx:cad></gpxtpx:TrackPointExtension></extensions></trkpt><trkpt lat="15.4690228309" lon="73.7781883869"><ele>-2.27</ele><time>2025-11-18T01:17:45Z</time><extensions><gpxtpx:TrackPointExtension><gpxtpx:cad>0</gpxtpx:cad></gpxtpx:TrackPointExtension></extensions></trkpt><trkpt lat="15.4690361582" lon="73.7780094333"><ele>-2.27</ele><time>2025-11-18T01:17:50Z</time><extensions><gpxtpx:TrackPointExtension><gpxtpx:cad>0</gpxtpx:cad></gpxtpx:TrackPointExtension></extensions></trkpt><trkpt lat="15.4690564424" lon="73.7778331619"><ele>-2.75</ele><time>2025-11-18T01:17:55Z</time><extensions><gpxtpx:TrackPointExtension><gpxtpx:cad>0</gpxtpx:cad></gpxtpx:TrackPointExtension></extensions></trkpt><trkpt lat="15.4690836836" lon="73.7776572257"><ele>-3.23</ele><time>2025-11-18T01:18:00Z</time><extensions><gpxtpx:TrackPointExtension><gpxtpx:cad>0</gpxtpx:cad></gpxtpx:TrackPointExtension></extensions></trkpt><trkpt lat="15.4691193067" lon="73.7774859834"><ele>-3.23</ele><time>2025-11-18T01:18:05Z</time><extensions><gpxtpx:TrackPointExtension><gpxtpx:cad>0</gpxtpx:cad></gpxtpx:TrackPointExtension></extensions></trkpt><trkpt lat="15.4691554327" lon="73.7773099635"><ele>-3.23</ele><time>2025-11-18T01:18:10Z</time><extensions><gpxtpx:TrackPointExtension><gpxtpx:cad>0</gpxtpx:cad></gpxtpx:TrackPointExtension></extensions></trkpt><trkpt lat="15.4692037962" lon="73.7771455105"><ele>-2.75</ele><time>2025-11-18T01:18:15Z</time><extensions><gpxtpx:TrackPointExtension><gpxtpx:cad>0</gpxtpx:cad></gpxtpx:TrackPointExtension></extensions></trkpt><trkpt lat="15.4692532495" lon="73.7769741844"><ele>-2.75</ele><time>2025-11-18T01:18:20Z</time><extensions><gpxtpx:TrackPointExtension><gpxtpx:cad>0</gpxtpx:cad></gpxtpx:TrackPointExtension></extensions></trkpt><trkpt lat="15.4693085700" lon="73.7768058758"><ele>-2.75</ele><time>2025-11-18T01:18:25Z</time><extensions><gpxtpx:TrackPointExtension><gpxtpx:cad>0</gpxtpx:cad></gpxtpx:TrackPointExtension></extensions></trkpt><trkpt lat="15.4693394993" lon="73.7766308617"><ele>-3.23</ele><time>2025-11-18T01:18:30Z</time><extensions><gpxtpx:TrackPointExtension><gpxtpx:cad>0</gpxtpx:cad></gpxtpx:TrackPointExtension></extensions></trkpt><trkpt lat="15.4693569336" lon="73.7764545903"><ele>-3.23</ele><time>2025-11-18T01:18:35Z</time><extensions><gpxtpx:TrackPointExtension><gpxtpx:cad>0</gpxtpx:cad></gpxtpx:TrackPointExtension></extensions></trkpt><trkpt lat="15.4693712667" lon="73.7762760557"><ele>-3.71</ele><time>2025-11-18T01:18:40Z</time><extensions><gpxtpx:TrackPointExtension><gpxtpx:cad>0</gpxtpx:cad></gpxtpx:TrackPointExtension></extensions></trkpt><trkpt lat="15.4693779722" lon="73.7760926597"><ele>-3.71</ele><time>2025-11-18T01:18:45Z</time><extensions><gpxtpx:TrackPointExtension><gpxtpx:cad>0</gpxtpx:cad></gpxtpx:TrackPointExtension></extensions></trkpt><trkpt lat="15.4693917185" lon="73.7759194057"><ele>-2.75</ele><time>2025-11-18T01:18:50Z</time><extensions><gpxtpx:TrackPointExtension><gpxtpx:cad>0</gpxtpx:cad></gpxtpx:TrackPointExtension></extensions></trkpt><trkpt lat="15.4694087338" lon="73.7757408712"><ele>-2.75</ele><time>2025-11-18T01:18:55Z</time><extensions><gpxtpx:TrackPointExtension><gpxtpx:cad>0</gpxtpx:cad></gpxtpx:TrackPointExtension></extensions></trkpt><trkpt lat="15.4694336280" lon="73.7755657732"><ele>-2.75</ele><time>2025-11-18T01:19:00Z</time><extensions><gpxtpx:TrackPointExtension><gpxtpx:cad>0</gpxtpx:cad></gpxtpx:TrackPointExtension></extensions></trkpt><trkpt lat="15.4694702569" lon="73.7753964588"><ele>-2.75</ele><time>2025-11-18T01:19:05Z</time><extensions><gpxtpx:TrackPointExtension><gpxtpx:cad>0</gpxtpx:cad></gpxtpx:TrackPointExtension></extensions></trkpt><trkpt lat="15.4695023596" lon="73.7752222829"><ele>-2.27</ele><time>2025-11-18T01:19:10Z</time><extensions><gpxtpx:TrackPointExtension><gpxtpx:cad>0</gpxtpx:cad></gpxtpx:TrackPointExtension></extensions></trkpt><trkpt lat="15.4695376474" lon="73.7750518788"><ele>-2.27</ele><time>2025-11-18T01:19:15Z</time><extensions><gpxtpx:TrackPointExtension><gpxtpx:cad>0</gpxtpx:cad></gpxtpx:TrackPointExtension></extensions></trkpt><trkpt lat="15.4695623741" lon="73.7748749368"><ele>-2.27</ele><time>2025-11-18T01:19:20Z</time><extensions><gpxtpx:TrackPointExtension><gpxtpx:cad>0</gpxtpx:cad></gpxtpx:TrackPointExtension></extensions></trkpt><trkpt lat="15.4695857596" lon="73.7746995874"><ele>-2.27</ele><time>2025-11-18T01:19:25Z</time><extensions><gpxtpx:TrackPointExtension><gpxtpx:cad>0</gpxtpx:cad></gpxtpx:TrackPointExtension></extensions></trkpt><trkpt lat="15.4696081392" lon="73.7745203823"><ele>-2.27</ele><time>2025-11-18T01:19:30Z</time><extensions><gpxtpx:TrackPointExtension><gpxtpx:cad>0</gpxtpx:cad></gpxtpx:TrackPointExtension></extensions></trkpt><trkpt lat="15.4696300160" lon="73.7743473798"><ele>-2.27</ele><time>2025-11-18T01:19:35Z</time><extensions><gpxtpx:TrackPointExtension><gpxtpx:cad>0</gpxtpx:cad></gpxtpx:TrackPointExtension></extensions></trkpt><trkpt lat="15.4696528986" lon="73.7741695996"><ele>-2.27</ele><time>2025-11-18T01:19:40Z</time><extensions><gpxtpx:TrackPointExtension><gpxtpx:cad>0</gpxtpx:cad></gpxtpx:TrackPointExtension></extensions></trkpt><trkpt lat="15.4696740210" lon="73.7739973515"><ele>-2.27</ele><time>2025-11-18T01:19:45Z</time><extensions><gpxtpx:TrackPointExtension><gpxtpx:cad>0</gpxtpx:cad></gpxtpx:TrackPointExtension></extensions></trkpt><trkpt lat="15.4697077163" lon="73.7738263607"><ele>-2.75</ele><time>2025-11-18T01:19:50Z</time><extensions><gpxtpx:TrackPointExtension><gpxtpx:cad>0</gpxtpx:cad></gpxtpx:TrackPointExtension></extensions></trkpt><trkpt lat="15.4697365500" lon="73.7736551184"><ele>-2.75</ele><time>2025-11-18T01:19:55Z</time><extensions><gpxtpx:TrackPointExtension><gpxtpx:cad>0</gpxtpx:cad></gpxtpx:TrackPointExtension></extensions></trkpt><trkpt lat="15.4697593488" lon="73.7734788470"><ele>-2.75</ele><time>2025-11-18T01:20:00Z</time><extensions><gpxtpx:TrackPointExtension><gpxtpx:cad>0</gpxtpx:cad></gpxtpx:TrackPointExtension></extensions></trkpt><trkpt lat="15.4697771184" lon="73.7733045872"><ele>-2.27</ele><time>2025-11-18T01:20:05Z</time><extensions><gpxtpx:TrackPointExtension><gpxtpx:cad>0</gpxtpx:cad></gpxtpx:TrackPointExtension></extensions></trkpt><trkpt lat="15.4697827343" lon="73.7731229514"><ele>-2.27</ele><time>2025-11-18T01:20:10Z</time><extensions><gpxtpx:TrackPointExtension><gpxtpx:cad>0</gpxtpx:cad></gpxtpx:TrackPointExtension></extensions></trkpt><trkpt lat="15.4697952233" lon="73.7729479373"><ele>-2.27</ele><time>2025-11-18T01:20:15Z</time><extensions><gpxtpx:TrackPointExtension><gpxtpx:cad>0</gpxtpx:cad></gpxtpx:TrackPointExtension></extensions></trkpt><trkpt lat="15.4698114842" lon="73.7727710791"><ele>-2.27</ele><time>2025-11-18T01:20:20Z</time><extensions><gpxtpx:TrackPointExtension><gpxtpx:cad>0</gpxtpx:cad></gpxtpx:TrackPointExtension></extensions></trkpt><trkpt lat="15.4698276613" lon="73.7725940533"><ele>-2.27</ele><time>2025-11-18T01:20:25Z</time><extensions><gpxtpx:TrackPointExtension><gpxtpx:cad>0</gpxtpx:cad></gpxtpx:TrackPointExtension></extensions></trkpt><trkpt lat="15.4698481970" lon="73.7724175304"><ele>-2.75</ele><time>2025-11-18T01:20:30Z</time><extensions><gpxtpx:TrackPointExtension><gpxtpx:cad>0</gpxtpx:cad></gpxtpx:TrackPointExtension></extensions></trkpt><trkpt lat="15.4698668048" lon="73.7722410075"><ele>-2.75</ele><time>2025-11-18T01:20:35Z</time><extensions><gpxtpx:TrackPointExtension><gpxtpx:cad>0</gpxtpx:cad></gpxtpx:TrackPointExtension></extensions></trkpt><trkpt lat="15.4698938783" lon="73.7720660772"><ele>-2.75</ele><time>2025-11-18T01:20:40Z</time><extensions><gpxtpx:TrackPointExtension><gpxtpx:cad>0</gpxtpx:cad></gpxtpx:TrackPointExtension></extensions></trkpt><trkpt lat="15.4699138273" lon="73.7718877941"><ele>-3.23</ele><time>2025-11-18T01:20:45Z</time><extensions><gpxtpx:TrackPointExtension><gpxtpx:cad>0</gpxtpx:cad></gpxtpx:TrackPointExtension></extensions></trkpt><trkpt lat="15.4699425772" lon="73.7717129476"><ele>-3.23</ele><time>2025-11-18T01:20:50Z</time><extensions><gpxtpx:TrackPointExtension><gpxtpx:cad>0</gpxtpx:cad></gpxtpx:TrackPointExtension></extensions></trkpt><trkpt lat="15.4699601792" lon="73.7715346646"><ele>-3.23</ele><time>2025-11-18T01:20:55Z</time><extensions><gpxtpx:TrackPointExtension><gpxtpx:cad>0</gpxtpx:cad></gpxtpx:TrackPointExtension></extensions></trkpt><trkpt lat="15.4699765239" lon="73.7713533640"><ele>-3.23</ele><time>2025-11-18T01:21:00Z</time><extensions><gpxtpx:TrackPointExtension><gpxtpx:cad>0</gpxtpx:cad></gpxtpx:TrackPointExtension></extensions></trkpt><trkpt lat="15.4700001609" lon="73.7711775955"><ele>-2.75</ele><time>2025-11-18T01:21:05Z</time><extensions><gpxtpx:TrackPointExtension><gpxtpx:cad>0</gpxtpx:cad></gpxtpx:TrackPointExtension></extensions></trkpt><trkpt lat="15.4700076208" lon="73.7709965464"><ele>-2.75</ele><time>2025-11-18T01:21:10Z</time><extensions><gpxtpx:TrackPointExtension><gpxtpx:cad>0</gpxtpx:cad></gpxtpx:TrackPointExtension></extensions></trkpt><trkpt lat="15.4700191040" lon="73.7708196044"><ele>-2.75</ele><time>2025-11-18T01:21:15Z</time><extensions><gpxtpx:TrackPointExtension><gpxtpx:cad>0</gpxtpx:cad></gpxtpx:TrackPointExtension></extensions></trkpt><trkpt lat="15.4700390529" lon="73.7706430815"><ele>-3.23</ele><time>2025-11-18T01:21:20Z</time><extensions><gpxtpx:TrackPointExtension><gpxtpx:cad>0</gpxtpx:cad></gpxtpx:TrackPointExtension></extensions></trkpt><trkpt lat="15.4700664617" lon="73.7704709172"><ele>-2.75</ele><time>2025-11-18T01:21:25Z</time><extensions><gpxtpx:TrackPointExtension><gpxtpx:cad>0</gpxtpx:cad></gpxtpx:TrackPointExtension></extensions></trkpt><trkpt lat="15.4701037612" lon="73.7702993397"><ele>-3.23</ele><time>2025-11-18T01:21:30Z</time><extensions><gpxtpx:TrackPointExtension><gpxtpx:cad>0</gpxtpx:cad></gpxtpx:TrackPointExtension></extensions></trkpt><trkpt lat="15.4701375403" lon="73.7701218110"><ele>-3.23</ele><time>2025-11-18T01:21:35Z</time><extensions><gpxtpx:TrackPointExtension><gpxtpx:cad>0</gpxtpx:cad></gpxtpx:TrackPointExtension></extensions></trkpt><trkpt lat="15.4701874126" lon="73.7699513230"><ele>-2.75</ele><time>2025-11-18T01:21:40Z</time><extensions><gpxtpx:TrackPointExtension><gpxtpx:cad>0</gpxtpx:cad></gpxtpx:TrackPointExtension></extensions></trkpt><trkpt lat="15.4702294897" lon="73.7697781529"><ele>-2.75</ele><time>2025-11-18T01:21:45Z</time><extensions><gpxtpx:TrackPointExtension><gpxtpx:cad>0</gpxtpx:cad></gpxtpx:TrackPointExtension></extensions></trkpt><trkpt lat="15.4702821281" lon="73.7696126103"><ele>-2.27</ele><time>2025-11-18T01:21:50Z</time><extensions><gpxtpx:TrackPointExtension><gpxtpx:cad>0</gpxtpx:cad></gpxtpx:TrackPointExtension></extensions></trkpt><trkpt lat="15.4703324195" lon="73.7694444694"><ele>-2.27</ele><time>2025-11-18T01:21:55Z</time><extensions><gpxtpx:TrackPointExtension><gpxtpx:cad>0</gpxtpx:cad></gpxtpx:TrackPointExtension></extensions></trkpt><trkpt lat="15.4703789391" lon="73.7692769989"><ele>-2.27</ele><time>2025-11-18T01:22:00Z</time><extensions><gpxtpx:TrackPointExtension><gpxtpx:cad>0</gpxtpx:cad></gpxtpx:TrackPointExtension></extensions></trkpt><trkpt lat="15.4704281408" lon="73.7691065110"><ele>-2.27</ele><time>2025-11-18T01:22:05Z</time><extensions><gpxtpx:TrackPointExtension><gpxtpx:cad>0</gpxtpx:cad></gpxtpx:TrackPointExtension></extensions></trkpt><trkpt lat="15.4704818688" lon="73.7689366937"><ele>-2.27</ele><time>2025-11-18T01:22:10Z</time><extensions><gpxtpx:TrackPointExtension><gpxtpx:cad>0</gpxtpx:cad></gpxtpx:TrackPointExtension></extensions></trkpt><trkpt lat="15.4705417156" lon="73.7687687203"><ele>-2.27</ele><time>2025-11-18T01:22:15Z</time><extensions><gpxtpx:TrackPointExtension><gpxtpx:cad>0</gpxtpx:cad></gpxtpx:TrackPointExtension></extensions></trkpt><trkpt lat="15.4706012271" lon="73.7686039321"><ele>-2.27</ele><time>2025-11-18T01:22:20Z</time><extensions><gpxtpx:TrackPointExtension><gpxtpx:cad>0</gpxtpx:cad></gpxtpx:TrackPointExtension></extensions></trkpt><trkpt lat="15.4706546199" lon="73.7684365455"><ele>-2.27</ele><time>2025-11-18T01:22:25Z</time><extensions><gpxtpx:TrackPointExtension><gpxtpx:cad>0</gpxtpx:cad></gpxtpx:TrackPointExtension></extensions></trkpt><trkpt lat="15.4707043245" lon="73.7682756968"><ele>-2.27</ele><time>2025-11-18T01:22:30Z</time><extensions><gpxtpx:TrackPointExtension><gpxtpx:cad>0</gpxtpx:cad></gpxtpx:TrackPointExtension></extensions></trkpt><trkpt lat="15.4707543645" lon="73.7681140937"><ele>-2.27</ele><time>2025-11-18T01:22:35Z</time><extensions><gpxtpx:TrackPointExtension><gpxtpx:cad>0</gpxtpx:cad></gpxtpx:TrackPointExtension></extensions></trkpt><trkpt lat="15.4708092660" lon="73.7679483835"><ele>-2.75</ele><time>2025-11-18T01:22:40Z</time><extensions><gpxtpx:TrackPointExtension><gpxtpx:cad>0</gpxtpx:cad></gpxtpx:TrackPointExtension></extensions></trkpt><trkpt lat="15.4708653409" lon="73.7677871995"><ele>-2.27</ele><time>2025-11-18T01:22:45Z</time><extensions><gpxtpx:TrackPointExtension><gpxtpx:cad>0</gpxtpx:cad></gpxtpx:TrackPointExtension></extensions></trkpt><trkpt lat="15.4709244333" lon="73.7676266860"><ele>-2.75</ele><time>2025-11-18T01:22:50Z</time><extensions><gpxtpx:TrackPointExtension><gpxtpx:cad>0</gpxtpx:cad></gpxtpx:TrackPointExtension></extensions></trkpt><trkpt lat="15.4709767364" lon="73.7674617302"><ele>-2.27</ele><time>2025-11-18T01:22:55Z</time><extensions><gpxtpx:TrackPointExtension><gpxtpx:cad>0</gpxtpx:cad></gpxtpx:TrackPointExtension></extensions></trkpt><trkpt lat="15.4710360803" lon="73.7672973610"><ele>-2.27</ele><time>2025-11-18T01:23:00Z</time><extensions><gpxtpx:TrackPointExtension><gpxtpx:cad>0</gpxtpx:cad></gpxtpx:TrackPointExtension></extensions></trkpt><trkpt lat="15.4710927419" lon="73.7671357580"><ele>-2.27</ele><time>2025-11-18T01:23:05Z</time><extensions><gpxtpx:TrackPointExtension><gpxtpx:cad>0</gpxtpx:cad></gpxtpx:TrackPointExtension></extensions></trkpt><trkpt lat="15.4711494874" lon="73.7669723947"><ele>-2.75</ele><time>2025-11-18T01:23:10Z</time><extensions><gpxtpx:TrackPointExtension><gpxtpx:cad>0</gpxtpx:cad></gpxtpx:TrackPointExtension></extensions></trkpt><trkpt lat="15.4712033831" lon="73.7668098696"><ele>-2.27</ele><time>2025-11-18T01:23:15Z</time><extensions><gpxtpx:TrackPointExtension><gpxtpx:cad>0</gpxtpx:cad></gpxtpx:TrackPointExtension></extensions></trkpt><trkpt lat="15.4712601285" lon="73.7666497752"><ele>-1.79</ele><time>2025-11-18T01:23:20Z</time><extensions><gpxtpx:TrackPointExtension><gpxtpx:cad>0</gpxtpx:cad></gpxtpx:TrackPointExtension></extensions></trkpt><trkpt lat="15.4712957516" lon="73.7664821371"><ele>-2.27</ele><time>2025-11-18T01:23:25Z</time><extensions><gpxtpx:TrackPointExtension><gpxtpx:cad>0</gpxtpx:cad></gpxtpx:TrackPointExtension></extensions></trkpt><trkpt lat="15.4713458754" lon="73.7663224619"><ele>-1.79</ele><time>2025-11-18T01:23:30Z</time><extensions><gpxtpx:TrackPointExtension><gpxtpx:cad>0</gpxtpx:cad></gpxtpx:TrackPointExtension></extensions></trkpt><trkpt lat="15.4713961668" lon="73.7661570869"><ele>-2.27</ele><time>2025-11-18T01:23:35Z</time><extensions><gpxtpx:TrackPointExtension><gpxtpx:cad>0</gpxtpx:cad></gpxtpx:TrackPointExtension></extensions></trkpt><trkpt lat="15.4714477155" lon="73.7659936398"><ele>-1.79</ele><time>2025-11-18T01:23:40Z</time><extensions><gpxtpx:TrackPointExtension><gpxtpx:cad>0</gpxtpx:cad></gpxtpx:TrackPointExtension></extensions></trkpt><trkpt lat="15.4715087358" lon="73.7658353057"><ele>-1.79</ele><time>2025-11-18T01:23:45Z</time><extensions><gpxtpx:TrackPointExtension><gpxtpx:cad>0</gpxtpx:cad></gpxtpx:TrackPointExtension></extensions></trkpt><trkpt lat="15.4715579376" lon="73.7656675838"><ele>-1.79</ele><time>2025-11-18T01:23:50Z</time><extensions><gpxtpx:TrackPointExtension><gpxtpx:cad>0</gpxtpx:cad></gpxtpx:TrackPointExtension></extensions></trkpt><trkpt lat="15.4716113303" lon="73.7655043881"><ele>-1.79</ele><time>2025-11-18T01:23:55Z</time><extensions><gpxtpx:TrackPointExtension><gpxtpx:cad>0</gpxtpx:cad></gpxtpx:TrackPointExtension></extensions></trkpt><trkpt lat="15.4716569278" lon="73.7653367501"><ele>-2.27</ele><time>2025-11-18T01:24:00Z</time><extensions><gpxtpx:TrackPointExtension><gpxtpx:cad>0</gpxtpx:cad></gpxtpx:TrackPointExtension></extensions></trkpt><trkpt lat="15.4717033636" lon="73.7651758175"><ele>-2.27</ele><time>2025-11-18T01:24:05Z</time><extensions><gpxtpx:TrackPointExtension><gpxtpx:cad>0</gpxtpx:cad></gpxtpx:TrackPointExtension></extensions></trkpt><trkpt lat="15.4717409983" lon="73.7650065031"><ele>-2.75</ele><time>2025-11-18T01:24:10Z</time><extensions><gpxtpx:TrackPointExtension><gpxtpx:cad>0</gpxtpx:cad></gpxtpx:TrackPointExtension></extensions></trkpt><trkpt lat="15.4717781302" lon="73.7648404576"><ele>-2.75</ele><time>2025-11-18T01:24:15Z</time><extensions><gpxtpx:TrackPointExtension><gpxtpx:cad>0</gpxtpx:cad></gpxtpx:TrackPointExtension></extensions></trkpt><trkpt lat="15.4718293436" lon="73.7646837160"><ele>-2.27</ele><time>2025-11-18T01:24:20Z</time><extensions><gpxtpx:TrackPointExtension><gpxtpx:cad>0</gpxtpx:cad></gpxtpx:TrackPointExtension></extensions></trkpt><trkpt lat="15.4718819819" lon="73.7645221129"><ele>-1.30</ele><time>2025-11-18T01:24:25Z</time><extensions><gpxtpx:TrackPointExtension><gpxtpx:cad>0</gpxtpx:cad></gpxtpx:TrackPointExtension></extensions></trkpt><trkpt lat="15.4719359614" lon="73.7643644493"><ele>-1.30</ele><time>2025-11-18T01:24:30Z</time><extensions><gpxtpx:TrackPointExtension><gpxtpx:cad>0</gpxtpx:cad></gpxtpx:TrackPointExtension></extensions></trkpt><trkpt lat="15.4719874263" lon="73.7642041035"><ele>-1.30</ele><time>2025-11-18T01:24:35Z</time><extensions><gpxtpx:TrackPointExtension><gpxtpx:cad>0</gpxtpx:cad></gpxtpx:TrackPointExtension></extensions></trkpt><trkpt lat="15.4720414057" lon="73.7640479486"><ele>-1.30</ele><time>2025-11-18T01:24:40Z</time><extensions><gpxtpx:TrackPointExtension><gpxtpx:cad>0</gpxtpx:cad></gpxtpx:TrackPointExtension></extensions></trkpt><trkpt lat="15.4720838182" lon="73.7638871837"><ele>-1.30</ele><time>2025-11-18T01:24:45Z</time><extensions><gpxtpx:TrackPointExtension><gpxtpx:cad>0</gpxtpx:cad></gpxtpx:TrackPointExtension></extensions></trkpt><trkpt lat="15.4721258115" lon="73.7637234852"><ele>-1.79</ele><time>2025-11-18T01:24:50Z</time><extensions><gpxtpx:TrackPointExtension><gpxtpx:cad>0</gpxtpx:cad></gpxtpx:TrackPointExtension></extensions></trkpt><trkpt lat="15.4721704870" lon="73.7635619659"><ele>-1.79</ele><time>2025-11-18T01:24:55Z</time><extensions><gpxtpx:TrackPointExtension><gpxtpx:cad>0</gpxtpx:cad></gpxtpx:TrackPointExtension></extensions></trkpt><trkpt lat="15.4722015839" lon="73.7633960042"><ele>-1.79</ele><time>2025-11-18T01:25:00Z</time><extensions><gpxtpx:TrackPointExtension><gpxtpx:cad>0</gpxtpx:cad></gpxtpx:TrackPointExtension></extensions></trkpt><trkpt lat="15.4722302500" lon="73.7632352393"><ele>-1.30</ele><time>2025-11-18T01:25:05Z</time><extensions><gpxtpx:TrackPointExtension><gpxtpx:cad>0</gpxtpx:cad></gpxtpx:TrackPointExtension></extensions></trkpt><trkpt lat="15.4722613469" lon="73.7630739715"><ele>-1.30</ele><time>2025-11-18T01:25:10Z</time><extensions><gpxtpx:TrackPointExtension><gpxtpx:cad>0</gpxtpx:cad></gpxtpx:TrackPointExtension></extensions></trkpt><trkpt lat="15.4722938687" lon="73.7629090995"><ele>-1.30</ele><time>2025-11-18T01:25:15Z</time><extensions><gpxtpx:TrackPointExtension><gpxtpx:cad>0</gpxtpx:cad></gpxtpx:TrackPointExtension></extensions></trkpt><trkpt lat="15.4723275639" lon="73.7627464905"><ele>-1.30</ele><time>2025-11-18T01:25:20Z</time><extensions><gpxtpx:TrackPointExtension><gpxtpx:cad>0</gpxtpx:cad></gpxtpx:TrackPointExtension></extensions></trkpt><trkpt lat="15.4723463394" lon="73.7625789363"><ele>-1.30</ele><time>2025-11-18T01:25:25Z</time><extensions><gpxtpx:TrackPointExtension><gpxtpx:cad>0</gpxtpx:cad></gpxtpx:TrackPointExtension></extensions></trkpt><trkpt lat="15.4723662045" lon="73.7624091189"><ele>-1.79</ele><time>2025-11-18T01:25:30Z</time><extensions><gpxtpx:TrackPointExtension><gpxtpx:cad>0</gpxtpx:cad></gpxtpx:TrackPointExtension></extensions></trkpt><trkpt lat="15.4723883327" lon="73.7622426543"><ele>-1.79</ele><time>2025-11-18T01:25:35Z</time><extensions><gpxtpx:TrackPointExtension><gpxtpx:cad>0</gpxtpx:cad></gpxtpx:TrackPointExtension></extensions></trkpt><trkpt lat="15.4724073596" lon="73.7620740104"><ele>-1.79</ele><time>2025-11-18T01:25:40Z</time><extensions><gpxtpx:TrackPointExtension><gpxtpx:cad>0</gpxtpx:cad></gpxtpx:TrackPointExtension></extensions></trkpt><trkpt lat="15.4724280629" lon="73.7619052827"><ele>-1.79</ele><time>2025-11-18T01:25:45Z</time><extensions><gpxtpx:TrackPointExtension><gpxtpx:cad>0</gpxtpx:cad></gpxtpx:TrackPointExtension></extensions></trkpt><trkpt lat="15.4724599142" lon="73.7617368903"><ele>-2.27</ele><time>2025-11-18T01:25:50Z</time><extensions><gpxtpx:TrackPointExtension><gpxtpx:cad>0</gpxtpx:cad></gpxtpx:TrackPointExtension></extensions></trkpt><trkpt lat="15.4724845570" lon="73.7615684979"><ele>-1.79</ele><time>2025-11-18T01:25:55Z</time><extensions><gpxtpx:TrackPointExtension><gpxtpx:cad>0</gpxtpx:cad></gpxtpx:TrackPointExtension></extensions></trkpt><trkpt lat="15.4724997282" lon="73.7613944057"><ele>-2.27</ele><time>2025-11-18T01:26:00Z</time><extensions><gpxtpx:TrackPointExtension><gpxtpx:cad>0</gpxtpx:cad></gpxtpx:TrackPointExtension></extensions></trkpt><trkpt lat="15.4725154024" lon="73.7612251751"><ele>-1.30</ele><time>2025-11-18T01:26:05Z</time><extensions><gpxtpx:TrackPointExtension><gpxtpx:cad>0</gpxtpx:cad></gpxtpx:TrackPointExtension></extensions></trkpt><trkpt lat="15.4725249577" lon="73.7610593811"><ele>-1.79</ele><time>2025-11-18T01:26:10Z</time><extensions><gpxtpx:TrackPointExtension><gpxtpx:cad>0</gpxtpx:cad></gpxtpx:TrackPointExtension></extensions></trkpt><trkpt lat="15.4725331720" lon="73.7609001249"><ele>-2.27</ele><time>2025-11-18T01:26:15Z</time><extensions><gpxtpx:TrackPointExtension><gpxtpx:cad>0</gpxtpx:cad></gpxtpx:TrackPointExtension></extensions></trkpt><trkpt lat="15.4725529533" lon="73.7607295532"><ele>-2.27</ele><time>2025-11-18T01:26:20Z</time><extensions><gpxtpx:TrackPointExtension><gpxtpx:cad>0</gpxtpx:cad></gpxtpx:TrackPointExtension></extensions></trkpt><trkpt lat="15.4725751653" lon="73.7605594844"><ele>-2.75</ele><time>2025-11-18T01:26:25Z</time><extensions><gpxtpx:TrackPointExtension><gpxtpx:cad>0</gpxtpx:cad></gpxtpx:TrackPointExtension></extensions></trkpt><trkpt lat="15.4726094473" lon="73.7603968754"><ele>-2.27</ele><time>2025-11-18T01:26:30Z</time><extensions><gpxtpx:TrackPointExtension><gpxtpx:cad>0</gpxtpx:cad></gpxtpx:TrackPointExtension></extensions></trkpt><trkpt lat="15.4726313241" lon="73.7602275610"><ele>-2.27</ele><time>2025-11-18T01:26:35Z</time><extensions><gpxtpx:TrackPointExtension><gpxtpx:cad>0</gpxtpx:cad></gpxtpx:TrackPointExtension></extensions></trkpt><trkpt lat="15.4726635106" lon="73.7600635272"><ele>-2.27</ele><time>2025-11-18T01:26:40Z</time><extensions><gpxtpx:TrackPointExtension><gpxtpx:cad>0</gpxtpx:cad></gpxtpx:TrackPointExtension></extensions></trkpt><trkpt lat="15.4727008939" lon="73.7598997448"><ele>-2.27</ele><time>2025-11-18T01:26:45Z</time><extensions><gpxtpx:TrackPointExtension><gpxtpx:cad>0</gpxtpx:cad></gpxtpx:TrackPointExtension></extensions></trkpt><trkpt lat="15.4727518559" lon="73.7597425003"><ele>-2.27</ele><time>2025-11-18T01:26:50Z</time><extensions><gpxtpx:TrackPointExtension><gpxtpx:cad>0</gpxtpx:cad></gpxtpx:TrackPointExtension></extensions></trkpt><trkpt lat="15.4728021473" lon="73.7595812324"><ele>-1.79</ele><time>2025-11-18T01:26:55Z</time><extensions><gpxtpx:TrackPointExtension><gpxtpx:cad>0</gpxtpx:cad></gpxtpx:TrackPointExtension></extensions></trkpt><trkpt lat="15.4728583060" lon="73.7594205514"><ele>-2.27</ele><time>2025-11-18T01:27:00Z</time><extensions><gpxtpx:TrackPointExtension><gpxtpx:cad>0</gpxtpx:cad></gpxtpx:TrackPointExtension></extensions></trkpt><trkpt lat="15.4729143810" lon="73.7592610437"><ele>-1.79</ele><time>2025-11-18T01:27:05Z</time><extensions><gpxtpx:TrackPointExtension><gpxtpx:cad>0</gpxtpx:cad></gpxtpx:TrackPointExtension></extensions></trkpt><trkpt lat="15.4729691148" lon="73.7591060624"><ele>-1.79</ele><time>2025-11-18T01:27:10Z</time><extensions><gpxtpx:TrackPointExtension><gpxtpx:cad>0</gpxtpx:cad></gpxtpx:TrackPointExtension></extensions></trkpt><trkpt lat="15.4730214179" lon="73.7589458004"><ele>-2.75</ele><time>2025-11-18T01:27:15Z</time><extensions><gpxtpx:TrackPointExtension><gpxtpx:cad>0</gpxtpx:cad></gpxtpx:TrackPointExtension></extensions></trkpt><trkpt lat="15.4730664287" lon="73.7587845325"><ele>-2.27</ele><time>2025-11-18T01:27:20Z</time><extensions><gpxtpx:TrackPointExtension><gpxtpx:cad>0</gpxtpx:cad></gpxtpx:TrackPointExtension></extensions></trkpt><trkpt lat="15.4731135350" lon="73.7586249411"><ele>-1.79</ele><time>2025-11-18T01:27:25Z</time><extensions><gpxtpx:TrackPointExtension><gpxtpx:cad>0</gpxtpx:cad></gpxtpx:TrackPointExtension></extensions></trkpt><trkpt lat="15.4731573723" lon="73.7584613264"><ele>-1.79</ele><time>2025-11-18T01:27:30Z</time><extensions><gpxtpx:TrackPointExtension><gpxtpx:cad>0</gpxtpx:cad></gpxtpx:TrackPointExtension></extensions></trkpt><trkpt lat="15.4732145369" lon="73.7583090272"><ele>-1.30</ele><time>2025-11-18T01:27:35Z</time><extensions><gpxtpx:TrackPointExtension><gpxtpx:cad>0</gpxtpx:cad></gpxtpx:TrackPointExtension></extensions></trkpt><trkpt lat="15.4732623976" lon="73.7581395451"><ele>-1.30</ele><time>2025-11-18T01:27:40Z</time><extensions><gpxtpx:TrackPointExtension><gpxtpx:cad>0</gpxtpx:cad></gpxtpx:TrackPointExtension></extensions></trkpt><trkpt lat="15.4733126890" lon="73.7579791993"><ele>-1.30</ele><time>2025-11-18T01:27:45Z</time><extensions><gpxtpx:TrackPointExtension><gpxtpx:cad>0</gpxtpx:cad></gpxtpx:TrackPointExtension></extensions></trkpt><trkpt lat="15.4733618069" lon="73.7578157522"><ele>-1.79</ele><time>2025-11-18T01:27:50Z</time><extensions><gpxtpx:TrackPointExtension><gpxtpx:cad>0</gpxtpx:cad></gpxtpx:TrackPointExtension></extensions></trkpt><trkpt lat="15.4734207317" lon="73.7576607708"><ele>-1.30</ele><time>2025-11-18T01:27:55Z</time><extensions><gpxtpx:TrackPointExtension><gpxtpx:cad>0</gpxtpx:cad></gpxtpx:TrackPointExtension></extensions></trkpt><trkpt lat="15.4734872840" lon="73.7575089745"><ele>-1.30</ele><time>2025-11-18T01:28:00Z</time><extensions><gpxtpx:TrackPointExtension><gpxtpx:cad>0</gpxtpx:cad></gpxtpx:TrackPointExtension></extensions></trkpt><trkpt lat="15.4735841788" lon="73.7573887780"><ele>-0.82</ele><time>2025-11-18T01:28:05Z</time><extensions><gpxtpx:TrackPointExtension><gpxtpx:cad>0</gpxtpx:cad></gpxtpx:TrackPointExtension></extensions></trkpt><trkpt lat="15.4737286828" lon="73.7573373970"><ele>-0.82</ele><time>2025-11-18T01:28:10Z</time><extensions><gpxtpx:TrackPointExtension><gpxtpx:cad>0</gpxtpx:cad></gpxtpx:TrackPointExtension></extensions></trkpt><trkpt lat="15.4738733545" lon="73.7573404983"><ele>-1.30</ele><time>2025-11-18T01:28:15Z</time><extensions><gpxtpx:TrackPointExtension><gpxtpx:cad>0</gpxtpx:cad></gpxtpx:TrackPointExtension></extensions></trkpt><trkpt lat="15.4740280844" lon="73.7573830783"><ele>-1.79</ele><time>2025-11-18T01:28:20Z</time><extensions><gpxtpx:TrackPointExtension><gpxtpx:cad>0</gpxtpx:cad></gpxtpx:TrackPointExtension></extensions></trkpt><trkpt lat="15.4741795454" lon="73.7573894486"><ele>-1.30</ele><time>2025-11-18T01:28:25Z</time><extensions><gpxtpx:TrackPointExtension><gpxtpx:cad>0</gpxtpx:cad></gpxtpx:TrackPointExtension></extensions></trkpt><trkpt lat="15.4743320961" lon="73.7573790550"><ele>-1.30</ele><time>2025-11-18T01:28:30Z</time><extensions><gpxtpx:TrackPointExtension><gpxtpx:cad>0</gpxtpx:cad></gpxtpx:TrackPointExtension></extensions></trkpt><trkpt lat="15.4744974710" lon="73.7573678233"><ele>-1.30</ele><time>2025-11-18T01:28:35Z</time><extensions><gpxtpx:TrackPointExtension><gpxtpx:cad>0</gpxtpx:cad></gpxtpx:TrackPointExtension></extensions></trkpt><trkpt lat="15.4746507760" lon="73.7573497184"><ele>-1.79</ele><time>2025-11-18T01:28:40Z</time><extensions><gpxtpx:TrackPointExtension><gpxtpx:cad>0</gpxtpx:cad></gpxtpx:TrackPointExtension></extensions></trkpt><trkpt lat="15.4748064280" lon="73.7573417556"><ele>-1.79</ele><time>2025-11-18T01:28:45Z</time><extensions><gpxtpx:TrackPointExtension><gpxtpx:cad>0</gpxtpx:cad></gpxtpx:TrackPointExtension></extensions></trkpt><trkpt lat="15.4749682825" lon="73.7573373131"><ele>-1.30</ele><time>2025-11-18T01:28:50Z</time><extensions><gpxtpx:TrackPointExtension><gpxtpx:cad>0</gpxtpx:cad></gpxtpx:TrackPointExtension></extensions></trkpt><trkpt lat="15.4751334060" lon="73.7573284283"><ele>-1.30</ele><time>2025-11-18T01:28:55Z</time><extensions><gpxtpx:TrackPointExtension><gpxtpx:cad>0</gpxtpx:cad></gpxtpx:TrackPointExtension></extensions></trkpt><trkpt lat="15.4752894770" lon="73.7573206332"><ele>-1.30</ele><time>2025-11-18T01:29:00Z</time><extensions><gpxtpx:TrackPointExtension><gpxtpx:cad>0</gpxtpx:cad></gpxtpx:TrackPointExtension></extensions></trkpt><trkpt lat="15.4754473921" lon="73.7573162746"><ele>-1.79</ele><time>2025-11-18T01:29:05Z</time><extensions><gpxtpx:TrackPointExtension><gpxtpx:cad>0</gpxtpx:cad></gpxtpx:TrackPointExtension></extensions></trkpt><trkpt lat="15.4756110907" lon="73.7573151011"><ele>-1.79</ele><time>2025-11-18T01:29:10Z</time><extensions><gpxtpx:TrackPointExtension><gpxtpx:cad>0</gpxtpx:cad></gpxtpx:TrackPointExtension></extensions></trkpt><trkpt lat="15.4757705983" lon="73.7573232315"><ele>-1.79</ele><time>2025-11-18T01:29:15Z</time><extensions><gpxtpx:TrackPointExtension><gpxtpx:cad>0</gpxtpx:cad></gpxtpx:TrackPointExtension></extensions></trkpt><trkpt lat="15.4759120010" lon="73.7573555857"><ele>-1.79</ele><time>2025-11-18T01:29:20Z</time><extensions><gpxtpx:TrackPointExtension><gpxtpx:cad>0</gpxtpx:cad></gpxtpx:TrackPointExtension></extensions></trkpt><trkpt lat="15.4760664795" lon="73.7573706731"><ele>-1.79</ele><time>2025-11-18T01:29:25Z</time><extensions><gpxtpx:TrackPointExtension><gpxtpx:cad>0</gpxtpx:cad></gpxtpx:TrackPointExtension></extensions></trkpt><trkpt lat="15.4762320220" lon="73.7573618721"><ele>-1.79</ele><time>2025-11-18T01:29:30Z</time><extensions><gpxtpx:TrackPointExtension><gpxtpx:cad>0</gpxtpx:cad></gpxtpx:TrackPointExtension></extensions></trkpt><trkpt lat="15.4763844050" lon="73.7573347148"><ele>-2.27</ele><time>2025-11-18T01:29:35Z</time><extensions><gpxtpx:TrackPointExtension><gpxtpx:cad>0</gpxtpx:cad></gpxtpx:TrackPointExtension></extensions></trkpt><trkpt lat="15.4765295796" lon="73.7572855130"><ele>-2.27</ele><time>2025-11-18T01:29:40Z</time><extensions><gpxtpx:TrackPointExtension><gpxtpx:cad>0</gpxtpx:cad></gpxtpx:TrackPointExtension></extensions></trkpt><trkpt lat="15.4766922724" lon="73.7572502252"><ele>-2.27</ele><time>2025-11-18T01:29:45Z</time><extensions><gpxtpx:TrackPointExtension><gpxtpx:cad>0</gpxtpx:cad></gpxtpx:TrackPointExtension></extensions></trkpt><trkpt lat="15.4768540431" lon="73.7571968324"><ele>-2.27</ele><time>2025-11-18T01:29:50Z</time><extensions><gpxtpx:TrackPointExtension><gpxtpx:cad>0</gpxtpx:cad></gpxtpx:TrackPointExtension></extensions></trkpt><trkpt lat="15.4769927636" lon="73.7571280170"><ele>-2.27</ele><time>2025-11-18T01:29:55Z</time><extensions><gpxtpx:TrackPointExtension><gpxtpx:cad>0</gpxtpx:cad></gpxtpx:TrackPointExtension></extensions></trkpt><trkpt lat="15.4771472421" lon="73.7570799887"><ele>-1.79</ele><time>2025-11-18T01:30:00Z</time><extensions><gpxtpx:TrackPointExtension><gpxtpx:cad>0</gpxtpx:cad></gpxtpx:TrackPointExtension></extensions></trkpt><trkpt lat="15.4773064144" lon="73.7570633925"><ele>-1.30</ele><time>2025-11-18T01:30:05Z</time><extensions><gpxtpx:TrackPointExtension><gpxtpx:cad>0</gpxtpx:cad></gpxtpx:TrackPointExtension></extensions></trkpt><trkpt lat="15.4774580430" lon="73.7570615485"><ele>-0.82</ele><time>2025-11-18T01:30:10Z</time><extensions><gpxtpx:TrackPointExtension><gpxtpx:cad>0</gpxtpx:cad></gpxtpx:TrackPointExtension></extensions></trkpt><trkpt lat="15.4776214901" lon="73.7570702657"><ele>-0.82</ele><time>2025-11-18T01:30:15Z</time><extensions><gpxtpx:TrackPointExtension><gpxtpx:cad>0</gpxtpx:cad></gpxtpx:TrackPointExtension></extensions></trkpt><trkpt lat="15.4777838476" lon="73.7570727803"><ele>-0.82</ele><time>2025-11-18T01:30:20Z</time><extensions><gpxtpx:TrackPointExtension><gpxtpx:cad>0</gpxtpx:cad></gpxtpx:TrackPointExtension></extensions></trkpt><trkpt lat="15.4779389128" lon="73.7570695952"><ele>-0.82</ele><time>2025-11-18T01:30:25Z</time><extensions><gpxtpx:TrackPointExtension><gpxtpx:cad>0</gpxtpx:cad></gpxtpx:TrackPointExtension></extensions></trkpt><trkpt lat="15.4780975822" lon="73.7570592016"><ele>-0.82</ele><time>2025-11-18T01:30:30Z</time><extensions><gpxtpx:TrackPointExtension><gpxtpx:cad>0</gpxtpx:cad></gpxtpx:TrackPointExtension></extensions></trkpt><trkpt lat="15.4782616161" lon="73.7570550106"><ele>-0.34</ele><time>2025-11-18T01:30:35Z</time><extensions><gpxtpx:TrackPointExtension><gpxtpx:cad>0</gpxtpx:cad></gpxtpx:TrackPointExtension></extensions></trkpt><trkpt lat="15.4784190282" lon="73.7570423540"><ele>-0.34</ele><time>2025-11-18T01:30:40Z</time><extensions><gpxtpx:TrackPointExtension><gpxtpx:cad>0</gpxtpx:cad></gpxtpx:TrackPointExtension></extensions></trkpt><trkpt lat="15.4785776138" lon="73.7570348103"><ele>-0.82</ele><time>2025-11-18T01:30:45Z</time><extensions><gpxtpx:TrackPointExtension><gpxtpx:cad>0</gpxtpx:cad></gpxtpx:TrackPointExtension></extensions></trkpt><trkpt lat="15.4787394684" lon="73.7570343073"><ele>-0.82</ele><time>2025-11-18T01:30:50Z</time><extensions><gpxtpx:TrackPointExtension><gpxtpx:cad>0</gpxtpx:cad></gpxtpx:TrackPointExtension></extensions></trkpt><trkpt lat="15.4788998980" lon="73.7570269313"><ele>-0.82</ele><time>2025-11-18T01:30:55Z</time><extensions><gpxtpx:TrackPointExtension><gpxtpx:cad>0</gpxtpx:cad></gpxtpx:TrackPointExtension></extensions></trkpt><trkpt lat="15.4790604953" lon="73.7570198067"><ele>-0.82</ele><time>2025-11-18T01:31:00Z</time><extensions><gpxtpx:TrackPointExtension><gpxtpx:cad>0</gpxtpx:cad></gpxtpx:TrackPointExtension></extensions></trkpt><trkpt lat="15.4792175721" lon="73.7570199743"><ele>-0.82</ele><time>2025-11-18T01:31:05Z</time><extensions><gpxtpx:TrackPointExtension><gpxtpx:cad>0</gpxtpx:cad></gpxtpx:TrackPointExtension></extensions></trkpt><trkpt lat="15.4793855455" lon="73.7570184655"><ele>-0.82</ele><time>2025-11-18T01:31:10Z</time><extensions><gpxtpx:TrackPointExtension><gpxtpx:cad>0</gpxtpx:cad></gpxtpx:TrackPointExtension></extensions></trkpt><trkpt lat="15.4795429576" lon="73.7570194714"><ele>-0.34</ele><time>2025-11-18T01:31:15Z</time><extensions><gpxtpx:TrackPointExtension><gpxtpx:cad>0</gpxtpx:cad></gpxtpx:TrackPointExtension></extensions></trkpt><trkpt lat="15.4797034711" lon="73.7570194714"><ele>-0.34</ele><time>2025-11-18T01:31:20Z</time><extensions><gpxtpx:TrackPointExtension><gpxtpx:cad>0</gpxtpx:cad></gpxtpx:TrackPointExtension></extensions></trkpt><trkpt lat="15.4798609670" lon="73.7570180465"><ele>-0.34</ele><time>2025-11-18T01:31:25Z</time><extensions><gpxtpx:TrackPointExtension><gpxtpx:cad>0</gpxtpx:cad></gpxtpx:TrackPointExtension></extensions></trkpt><trkpt lat="15.4800249171" lon="73.7570396718"><ele>-0.82</ele><time>2025-11-18T01:31:30Z</time><extensions><gpxtpx:TrackPointExtension><gpxtpx:cad>0</gpxtpx:cad></gpxtpx:TrackPointExtension></extensions></trkpt><trkpt lat="15.4801897053" lon="73.7570612133"><ele>-1.30</ele><time>2025-11-18T01:31:35Z</time><extensions><gpxtpx:TrackPointExtension><gpxtpx:cad>0</gpxtpx:cad></gpxtpx:TrackPointExtension></extensions></trkpt><trkpt lat="15.4803501349" lon="73.7570794858"><ele>-1.30</ele><time>2025-11-18T01:31:40Z</time><extensions><gpxtpx:TrackPointExtension><gpxtpx:cad>0</gpxtpx:cad></gpxtpx:TrackPointExtension></extensions></trkpt><trkpt lat="15.4805086367" lon="73.7571086548"><ele>-1.79</ele><time>2025-11-18T01:31:45Z</time><extensions><gpxtpx:TrackPointExtension><gpxtpx:cad>0</gpxtpx:cad></gpxtpx:TrackPointExtension></extensions></trkpt><trkpt lat="15.4806642886" lon="73.7571367342"><ele>-2.27</ele><time>2025-11-18T01:31:50Z</time><extensions><gpxtpx:TrackPointExtension><gpxtpx:cad>0</gpxtpx:cad></gpxtpx:TrackPointExtension></extensions></trkpt><trkpt lat="15.4808204435" lon="73.7571709324"><ele>-1.79</ele><time>2025-11-18T01:31:55Z</time><extensions><gpxtpx:TrackPointExtension><gpxtpx:cad>0</gpxtpx:cad></gpxtpx:TrackPointExtension></extensions></trkpt><trkpt lat="15.4809786938" lon="73.7572097406"><ele>-2.27</ele><time>2025-11-18T01:32:00Z</time><extensions><gpxtpx:TrackPointExtension><gpxtpx:cad>0</gpxtpx:cad></gpxtpx:TrackPointExtension></extensions></trkpt><trkpt lat="15.4811301548" lon="73.7572513148"><ele>-2.27</ele><time>2025-11-18T01:32:05Z</time><extensions><gpxtpx:TrackPointExtension><gpxtpx:cad>0</gpxtpx:cad></gpxtpx:TrackPointExtension></extensions></trkpt><trkpt lat="15.4812929314" lon="73.7572877761"><ele>-2.27</ele><time>2025-11-18T01:32:10Z</time><extensions><gpxtpx:TrackPointExtension><gpxtpx:cad>0</gpxtpx:cad></gpxtpx:TrackPointExtension></extensions></trkpt><trkpt lat="15.4814506788" lon="73.7573194597"><ele>-2.27</ele><time>2025-11-18T01:32:15Z</time><extensions><gpxtpx:TrackPointExtension><gpxtpx:cad>0</gpxtpx:cad></gpxtpx:TrackPointExtension></extensions></trkpt><trkpt lat="15.4816037323" lon="73.7573530711"><ele>-2.75</ele><time>2025-11-18T01:32:20Z</time><extensions><gpxtpx:TrackPointExtension><gpxtpx:cad>0</gpxtpx:cad></gpxtpx:TrackPointExtension></extensions></trkpt><trkpt lat="15.4817587137" lon="73.7573821563"><ele>-2.75</ele><time>2025-11-18T01:32:25Z</time><extensions><gpxtpx:TrackPointExtension><gpxtpx:cad>0</gpxtpx:cad></gpxtpx:TrackPointExtension></extensions></trkpt><trkpt lat="15.4819100909" lon="73.7574100681"><ele>-2.27</ele><time>2025-11-18T01:32:30Z</time><extensions><gpxtpx:TrackPointExtension><gpxtpx:cad>0</gpxtpx:cad></gpxtpx:TrackPointExtension></extensions></trkpt><trkpt lat="15.4820662457" lon="73.7574397400"><ele>-1.79</ele><time>2025-11-18T01:32:35Z</time><extensions><gpxtpx:TrackPointExtension><gpxtpx:cad>0</gpxtpx:cad></gpxtpx:TrackPointExtension></extensions></trkpt><trkpt lat="15.4822318722" lon="73.7574819010"><ele>-1.79</ele><time>2025-11-18T01:32:40Z</time><extensions><gpxtpx:TrackPointExtension><gpxtpx:cad>0</gpxtpx:cad></gpxtpx:TrackPointExtension></extensions></trkpt><trkpt lat="15.4823871050" lon="73.7575186137"><ele>-2.27</ele><time>2025-11-18T01:32:45Z</time><extensions><gpxtpx:TrackPointExtension><gpxtpx:cad>0</gpxtpx:cad></gpxtpx:TrackPointExtension></extensions></trkpt><trkpt lat="15.4825404938" lon="73.7575465254"><ele>-2.27</ele><time>2025-11-18T01:32:50Z</time><extensions><gpxtpx:TrackPointExtension><gpxtpx:cad>0</gpxtpx:cad></gpxtpx:TrackPointExtension></extensions></trkpt><trkpt lat="15.4827046953" lon="73.7575762812"><ele>-1.79</ele><time>2025-11-18T01:32:55Z</time><extensions><gpxtpx:TrackPointExtension><gpxtpx:cad>0</gpxtpx:cad></gpxtpx:TrackPointExtension></extensions></trkpt><trkpt lat="15.4828655440" lon="73.7576115690"><ele>-2.27</ele><time>2025-11-18T01:33:00Z</time><extensions><gpxtpx:TrackPointExtension><gpxtpx:cad>0</gpxtpx:cad></gpxtpx:TrackPointExtension></extensions></trkpt><trkpt lat="15.4830219503" lon="73.7576411571"><ele>-2.75</ele><time>2025-11-18T01:33:05Z</time><extensions><gpxtpx:TrackPointExtension><gpxtpx:cad>0</gpxtpx:cad></gpxtpx:TrackPointExtension></extensions></trkpt><trkpt lat="15.4831741657" lon="73.7576673925"><ele>-2.75</ele><time>2025-11-18T01:33:10Z</time><extensions><gpxtpx:TrackPointExtension><gpxtpx:cad>0</gpxtpx:cad></gpxtpx:TrackPointExtension></extensions></trkpt><trkpt lat="15.4833444022" lon="73.7576990761"><ele>-2.75</ele><time>2025-11-18T01:33:15Z</time><extensions><gpxtpx:TrackPointExtension><gpxtpx:cad>0</gpxtpx:cad></gpxtpx:TrackPointExtension></extensions></trkpt><trkpt lat="15.4835145548" lon="73.7577300891"><ele>-2.75</ele><time>2025-11-18T01:33:20Z</time><extensions><gpxtpx:TrackPointExtension><gpxtpx:cad>0</gpxtpx:cad></gpxtpx:TrackPointExtension></extensions></trkpt><trkpt lat="15.4836732242" lon="73.7577496190"><ele>-2.75</ele><time>2025-11-18T01:33:25Z</time><extensions><gpxtpx:TrackPointExtension><gpxtpx:cad>0</gpxtpx:cad></gpxtpx:TrackPointExtension></extensions></trkpt><trkpt lat="15.4838284571" lon="73.7577756867"><ele>-3.23</ele><time>2025-11-18T01:33:30Z</time><extensions><gpxtpx:TrackPointExtension><gpxtpx:cad>0</gpxtpx:cad></gpxtpx:TrackPointExtension></extensions></trkpt><trkpt lat="15.4839930777" lon="73.7578078732"><ele>-2.75</ele><time>2025-11-18T01:33:35Z</time><extensions><gpxtpx:TrackPointExtension><gpxtpx:cad>0</gpxtpx:cad></gpxtpx:TrackPointExtension></extensions></trkpt><trkpt lat="15.4841576144" lon="73.7578377966"><ele>-1.79</ele><time>2025-11-18T01:33:40Z</time><extensions><gpxtpx:TrackPointExtension><gpxtpx:cad>0</gpxtpx:cad></gpxtpx:TrackPointExtension></extensions></trkpt><trkpt lat="15.4843207262" lon="73.7578595057"><ele>-1.79</ele><time>2025-11-18T01:33:45Z</time><extensions><gpxtpx:TrackPointExtension><gpxtpx:cad>0</gpxtpx:cad></gpxtpx:TrackPointExtension></extensions></trkpt><trkpt lat="15.4844748694" lon="73.7578793708"><ele>-1.30</ele><time>2025-11-18T01:33:50Z</time><extensions><gpxtpx:TrackPointExtension><gpxtpx:cad>0</gpxtpx:cad></gpxtpx:TrackPointExtension></extensions></trkpt><trkpt lat="15.4846370593" lon="73.7579029240"><ele>-1.30</ele><time>2025-11-18T01:33:55Z</time><extensions><gpxtpx:TrackPointExtension><gpxtpx:cad>0</gpxtpx:cad></gpxtpx:TrackPointExtension></extensions></trkpt><trkpt lat="15.4848049488" lon="73.7579249684"><ele>-0.34</ele><time>2025-11-18T01:34:00Z</time><extensions><gpxtpx:TrackPointExtension><gpxtpx:cad>0</gpxtpx:cad></gpxtpx:TrackPointExtension></extensions></trkpt><trkpt lat="15.4849578347" lon="73.7579439115"><ele>-0.34</ele><time>2025-11-18T01:34:05Z</time><extensions><gpxtpx:TrackPointExtension><gpxtpx:cad>0</gpxtpx:cad></gpxtpx:TrackPointExtension></extensions></trkpt><trkpt lat="15.4851185158" lon="73.7579649501"><ele>-0.34</ele><time>2025-11-18T01:34:10Z</time><extensions><gpxtpx:TrackPointExtension><gpxtpx:cad>0</gpxtpx:cad></gpxtpx:TrackPointExtension></extensions></trkpt><trkpt lat="15.4852805380" lon="73.7579916883"><ele>0.14</ele><time>2025-11-18T01:34:15Z</time><extensions><gpxtpx:TrackPointExtension><gpxtpx:cad>0</gpxtpx:cad></gpxtpx:TrackPointExtension></extensions></trkpt><trkpt lat="15.4854359385" lon="73.7580146547"><ele>-0.34</ele><time>2025-11-18T01:34:20Z</time><extensions><gpxtpx:TrackPointExtension><gpxtpx:cad>0</gpxtpx:cad></gpxtpx:TrackPointExtension></extensions></trkpt><trkpt lat="15.4855899140" lon="73.7580444943"><ele>-1.30</ele><time>2025-11-18T01:34:25Z</time><extensions><gpxtpx:TrackPointExtension><gpxtpx:cad>0</gpxtpx:cad></gpxtpx:TrackPointExtension></extensions></trkpt><trkpt lat="15.4857527744" lon="73.7580791116"><ele>-1.30</ele><time>2025-11-18T01:34:30Z</time><extensions><gpxtpx:TrackPointExtension><gpxtpx:cad>0</gpxtpx:cad></gpxtpx:TrackPointExtension></extensions></trkpt><trkpt lat="15.4859017208" lon="73.7581102923"><ele>-1.30</ele><time>2025-11-18T01:34:35Z</time><extensions><gpxtpx:TrackPointExtension><gpxtpx:cad>0</gpxtpx:cad></gpxtpx:TrackPointExtension></extensions></trkpt><trkpt lat="15.4860470630" lon="73.7581358571"><ele>-1.30</ele><time>2025-11-18T01:34:40Z</time><extensions><gpxtpx:TrackPointExtension><gpxtpx:cad>0</gpxtpx:cad></gpxtpx:TrackPointExtension></extensions></trkpt><trkpt lat="15.4862060677" lon="73.7581697199"><ele>-1.30</ele><time>2025-11-18T01:34:45Z</time><extensions><gpxtpx:TrackPointExtension><gpxtpx:cad>0</gpxtpx:cad></gpxtpx:TrackPointExtension></extensions></trkpt><trkpt lat="15.4863668326" lon="73.7582047563"><ele>-0.82</ele><time>2025-11-18T01:34:50Z</time><extensions><gpxtpx:TrackPointExtension><gpxtpx:cad>0</gpxtpx:cad></gpxtpx:TrackPointExtension></extensions></trkpt><trkpt lat="15.4865202215" lon="73.7582443189"><ele>-1.30</ele><time>2025-11-18T01:34:55Z</time><extensions><gpxtpx:TrackPointExtension><gpxtpx:cad>0</gpxtpx:cad></gpxtpx:TrackPointExtension></extensions></trkpt><trkpt lat="15.4866796453" lon="73.7582858093"><ele>-1.30</ele><time>2025-11-18T01:35:00Z</time><extensions><gpxtpx:TrackPointExtension><gpxtpx:cad>0</gpxtpx:cad></gpxtpx:TrackPointExtension></extensions></trkpt><trkpt lat="15.4868461099" lon="73.7583233602"><ele>-1.79</ele><time>2025-11-18T01:35:05Z</time><extensions><gpxtpx:TrackPointExtension><gpxtpx:cad>0</gpxtpx:cad></gpxtpx:TrackPointExtension></extensions></trkpt><trkpt lat="15.4869974870" lon="73.7583628390"><ele>-2.27</ele><time>2025-11-18T01:35:10Z</time><extensions><gpxtpx:TrackPointExtension><gpxtpx:cad>0</gpxtpx:cad></gpxtpx:TrackPointExtension></extensions></trkpt><trkpt lat="15.4871471040" lon="73.7584114540"><ele>-1.30</ele><time>2025-11-18T01:35:15Z</time><extensions><gpxtpx:TrackPointExtension><gpxtpx:cad>0</gpxtpx:cad></gpxtpx:TrackPointExtension></extensions></trkpt><trkpt lat="15.4873074498" lon="73.7584608234"><ele>-0.82</ele><time>2025-11-18T01:35:20Z</time><extensions><gpxtpx:TrackPointExtension><gpxtpx:cad>0</gpxtpx:cad></gpxtpx:TrackPointExtension></extensions></trkpt><trkpt lat="15.4874653649" lon="73.7585047446"><ele>-0.82</ele><time>2025-11-18T01:35:25Z</time><extensions><gpxtpx:TrackPointExtension><gpxtpx:cad>0</gpxtpx:cad></gpxtpx:TrackPointExtension></extensions></trkpt><trkpt lat="15.4876236990" lon="73.7585368473"><ele>-0.82</ele><time>2025-11-18T01:35:30Z</time><extensions><gpxtpx:TrackPointExtension><gpxtpx:cad>0</gpxtpx:cad></gpxtpx:TrackPointExtension></extensions></trkpt><trkpt lat="15.4877765011" lon="73.7585600652"><ele>-0.82</ele><time>2025-11-18T01:35:35Z</time><extensions><gpxtpx:TrackPointExtension><gpxtpx:cad>0</gpxtpx:cad></gpxtpx:TrackPointExtension></extensions></trkpt><trkpt lat="15.4879401997" lon="73.7585965265"><ele>-0.34</ele><time>2025-11-18T01:35:40Z</time><extensions><gpxtpx:TrackPointExtension><gpxtpx:cad>0</gpxtpx:cad></gpxtpx:TrackPointExtension></extensions></trkpt><trkpt lat="15.4881040659" lon="73.7586331554"><ele>-0.34</ele><time>2025-11-18T01:35:45Z</time><extensions><gpxtpx:TrackPointExtension><gpxtpx:cad>0</gpxtpx:cad></gpxtpx:TrackPointExtension></extensions></trkpt><trkpt lat="15.4882567842" lon="73.7586608157"><ele>-0.82</ele><time>2025-11-18T01:35:50Z</time><extensions><gpxtpx:TrackPointExtension><gpxtpx:cad>0</gpxtpx:cad></gpxtpx:TrackPointExtension></extensions></trkpt><trkpt lat="15.4883983545" lon="73.7586929183"><ele>-0.82</ele><time>2025-11-18T01:35:55Z</time><extensions><gpxtpx:TrackPointExtension><gpxtpx:cad>0</gpxtpx:cad></gpxtpx:TrackPointExtension></extensions></trkpt><trkpt lat="15.4885524977" lon="73.7587363366"><ele>-0.82</ele><time>2025-11-18T01:36:00Z</time><extensions><gpxtpx:TrackPointExtension><gpxtpx:cad>0</gpxtpx:cad></gpxtpx:TrackPointExtension></extensions></trkpt><trkpt lat="15.4887199681" lon="73.7587774079"><ele>-0.82</ele><time>2025-11-18T01:36:05Z</time><extensions><gpxtpx:TrackPointExtension><gpxtpx:cad>0</gpxtpx:cad></gpxtpx:TrackPointExtension></extensions></trkpt><trkpt lat="15.4888722673" lon="73.7588080019"><ele>-1.30</ele><time>2025-11-18T01:36:10Z</time><extensions><gpxtpx:TrackPointExtension><gpxtpx:cad>0</gpxtpx:cad></gpxtpx:TrackPointExtension></extensions></trkpt><trkpt lat="15.4890211299" lon="73.7588378415"><ele>-1.79</ele><time>2025-11-18T01:36:15Z</time><extensions><gpxtpx:TrackPointExtension><gpxtpx:cad>0</gpxtpx:cad></gpxtpx:TrackPointExtension></extensions></trkpt><trkpt lat="15.4891821463" lon="73.7588678487"><ele>-1.30</ele><time>2025-11-18T01:36:20Z</time><extensions><gpxtpx:TrackPointExtension><gpxtpx:cad>0</gpxtpx:cad></gpxtpx:TrackPointExtension></extensions></trkpt><trkpt lat="15.4893373791" lon="73.7588935811"><ele>-1.30</ele><time>2025-11-18T01:36:25Z</time><extensions><gpxtpx:TrackPointExtension><gpxtpx:cad>0</gpxtpx:cad></gpxtpx:TrackPointExtension></extensions></trkpt><trkpt lat="15.4894925281" lon="73.7589228339"><ele>-1.30</ele><time>2025-11-18T01:36:30Z</time><extensions><gpxtpx:TrackPointExtension><gpxtpx:cad>0</gpxtpx:cad></gpxtpx:TrackPointExtension></extensions></trkpt><trkpt lat="15.4896423966" lon="73.7589371670"><ele>-1.30</ele><time>2025-11-18T01:36:35Z</time><extensions><gpxtpx:TrackPointExtension><gpxtpx:cad>0</gpxtpx:cad></gpxtpx:TrackPointExtension></extensions></trkpt><trkpt lat="15.4897920135" lon="73.7589604687"><ele>-0.82</ele><time>2025-11-18T01:36:40Z</time><extensions><gpxtpx:TrackPointExtension><gpxtpx:cad>0</gpxtpx:cad></gpxtpx:TrackPointExtension></extensions></trkpt><trkpt lat="15.4899478331" lon="73.7589928228"><ele>-0.82</ele><time>2025-11-18T01:36:45Z</time><extensions><gpxtpx:TrackPointExtension><gpxtpx:cad>0</gpxtpx:cad></gpxtpx:TrackPointExtension></extensions></trkpt><trkpt lat="15.4900995456" lon="73.7590260152"><ele>-0.82</ele><time>2025-11-18T01:36:50Z</time><extensions><gpxtpx:TrackPointExtension><gpxtpx:cad>0</gpxtpx:cad></gpxtpx:TrackPointExtension></extensions></trkpt><trkpt lat="15.4902456421" lon="73.7590557709"><ele>-0.82</ele><time>2025-11-18T01:36:55Z</time><extensions><gpxtpx:TrackPointExtension><gpxtpx:cad>0</gpxtpx:cad></gpxtpx:TrackPointExtension></extensions></trkpt><trkpt lat="15.4904006235" lon="73.7590952497"><ele>-0.34</ele><time>2025-11-18T01:37:00Z</time><extensions><gpxtpx:TrackPointExtension><gpxtpx:cad>0</gpxtpx:cad></gpxtpx:TrackPointExtension></extensions></trkpt><trkpt lat="15.4905482288" lon="73.7591405120"><ele>-0.34</ele><time>2025-11-18T01:37:05Z</time><extensions><gpxtpx:TrackPointExtension><gpxtpx:cad>0</gpxtpx:cad></gpxtpx:TrackPointExtension></extensions></trkpt><trkpt lat="15.4906983487" lon="73.7591817509"><ele>-0.34</ele><time>2025-11-18T01:37:10Z</time><extensions><gpxtpx:TrackPointExtension><gpxtpx:cad>0</gpxtpx:cad></gpxtpx:TrackPointExtension></extensions></trkpt><trkpt lat="15.4908472113" lon="73.7592179608"><ele>-0.34</ele><time>2025-11-18T01:37:15Z</time><extensions><gpxtpx:TrackPointExtension><gpxtpx:cad>0</gpxtpx:cad></gpxtpx:TrackPointExtension></extensions></trkpt><trkpt lat="15.4910006002" lon="73.7592573557"><ele>-0.34</ele><time>2025-11-18T01:37:20Z</time><extensions><gpxtpx:TrackPointExtension><gpxtpx:cad>0</gpxtpx:cad></gpxtpx:TrackPointExtension></extensions></trkpt><trkpt lat="15.4911556654" lon="73.7593000196"><ele>-0.34</ele><time>2025-11-18T01:37:25Z</time><extensions><gpxtpx:TrackPointExtension><gpxtpx:cad>0</gpxtpx:cad></gpxtpx:TrackPointExtension></extensions></trkpt><trkpt lat="15.4913058691" lon="73.7593398336"><ele>-0.82</ele><time>2025-11-18T01:37:30Z</time><extensions><gpxtpx:TrackPointExtension><gpxtpx:cad>0</gpxtpx:cad></gpxtpx:TrackPointExtension></extensions></trkpt><trkpt lat="15.4914559890" lon="73.7593826652"><ele>-1.30</ele><time>2025-11-18T01:37:35Z</time><extensions><gpxtpx:TrackPointExtension><gpxtpx:cad>0</gpxtpx:cad></gpxtpx:TrackPointExtension></extensions></trkpt><trkpt lat="15.4916170891" lon="73.7594131753"><ele>-0.82</ele><time>2025-11-18T01:37:40Z</time><extensions><gpxtpx:TrackPointExtension><gpxtpx:cad>0</gpxtpx:cad></gpxtpx:TrackPointExtension></extensions></trkpt><trkpt lat="15.4917697236" lon="73.7594413385"><ele>-1.30</ele><time>2025-11-18T01:37:45Z</time><extensions><gpxtpx:TrackPointExtension><gpxtpx:cad>0</gpxtpx:cad></gpxtpx:TrackPointExtension></extensions></trkpt><trkpt lat="15.4919222742" lon="73.7594669871"><ele>-1.30</ele><time>2025-11-18T01:37:50Z</time><extensions><gpxtpx:TrackPointExtension><gpxtpx:cad>0</gpxtpx:cad></gpxtpx:TrackPointExtension></extensions></trkpt><trkpt lat="15.4920732323" lon="73.7594837509"><ele>-0.82</ele><time>2025-11-18T01:37:55Z</time><extensions><gpxtpx:TrackPointExtension><gpxtpx:cad>0</gpxtpx:cad></gpxtpx:TrackPointExtension></extensions></trkpt><trkpt lat="15.4922319856" lon="73.7594987545"><ele>-0.82</ele><time>2025-11-18T01:38:00Z</time><extensions><gpxtpx:TrackPointExtension><gpxtpx:cad>0</gpxtpx:cad></gpxtpx:TrackPointExtension></extensions></trkpt><trkpt lat="15.4923888948" lon="73.7595141772"><ele>-1.30</ele><time>2025-11-18T01:38:05Z</time><extensions><gpxtpx:TrackPointExtension><gpxtpx:cad>0</gpxtpx:cad></gpxtpx:TrackPointExtension></extensions></trkpt><trkpt lat="15.4925381765" lon="73.7595463637"><ele>-1.79</ele><time>2025-11-18T01:38:10Z</time><extensions><gpxtpx:TrackPointExtension><gpxtpx:cad>0</gpxtpx:cad></gpxtpx:TrackPointExtension></extensions></trkpt><trkpt lat="15.4926859494" lon="73.7595695816"><ele>-1.79</ele><time>2025-11-18T01:38:15Z</time><extensions><gpxtpx:TrackPointExtension><gpxtpx:cad>0</gpxtpx:cad></gpxtpx:TrackPointExtension></extensions></trkpt><trkpt lat="15.4928385839" lon="73.7595972419"><ele>-1.79</ele><time>2025-11-18T01:38:20Z</time><extensions><gpxtpx:TrackPointExtension><gpxtpx:cad>0</gpxtpx:cad></gpxtpx:TrackPointExtension></extensions></trkpt><trkpt lat="15.4929985106" lon="73.7596303504"><ele>-1.30</ele><time>2025-11-18T01:38:25Z</time><extensions><gpxtpx:TrackPointExtension><gpxtpx:cad>0</gpxtpx:cad></gpxtpx:TrackPointExtension></extensions></trkpt><trkpt lat="15.4931398295" lon="73.7596606929"><ele>-1.79</ele><time>2025-11-18T01:38:30Z</time><extensions><gpxtpx:TrackPointExtension><gpxtpx:cad>0</gpxtpx:cad></gpxtpx:TrackPointExtension></extensions></trkpt><trkpt lat="15.4932891950" lon="73.7596885208"><ele>-1.30</ele><time>2025-11-18T01:38:35Z</time><extensions><gpxtpx:TrackPointExtension><gpxtpx:cad>0</gpxtpx:cad></gpxtpx:TrackPointExtension></extensions></trkpt><trkpt lat="15.4934432544" lon="73.7597191986"><ele>-1.30</ele><time>2025-11-18T01:38:40Z</time><extensions><gpxtpx:TrackPointExtension><gpxtpx:cad>0</gpxtpx:cad></gpxtpx:TrackPointExtension></extensions></trkpt><trkpt lat="15.4935947154" lon="73.7597689033"><ele>-1.79</ele><time>2025-11-18T01:38:45Z</time><extensions><gpxtpx:TrackPointExtension><gpxtpx:cad>0</gpxtpx:cad></gpxtpx:TrackPointExtension></extensions></trkpt><trkpt lat="15.4937259760" lon="73.7598232180"><ele>-2.27</ele><time>2025-11-18T01:38:50Z</time><extensions><gpxtpx:TrackPointExtension><gpxtpx:cad>0</gpxtpx:cad></gpxtpx:TrackPointExtension></extensions></trkpt><trkpt lat="15.4938734137" lon="73.7598806340"><ele>-1.79</ele><time>2025-11-18T01:38:55Z</time><extensions><gpxtpx:TrackPointExtension><gpxtpx:cad>0</gpxtpx:cad></gpxtpx:TrackPointExtension></extensions></trkpt><trkpt lat="15.4940275569" lon="73.7599458452"><ele>-1.79</ele><time>2025-11-18T01:39:00Z</time><extensions><gpxtpx:TrackPointExtension><gpxtpx:cad>0</gpxtpx:cad></gpxtpx:TrackPointExtension></extensions></trkpt><trkpt lat="15.4941702168" lon="73.7600011658"><ele>-1.79</ele><time>2025-11-18T01:39:05Z</time><extensions><gpxtpx:TrackPointExtension><gpxtpx:cad>0</gpxtpx:cad></gpxtpx:TrackPointExtension></extensions></trkpt><trkpt lat="15.4943033215" lon="73.7600600906"><ele>-2.27</ele><time>2025-11-18T01:39:10Z</time><extensions><gpxtpx:TrackPointExtension><gpxtpx:cad>0</gpxtpx:cad></gpxtpx:TrackPointExtension></extensions></trkpt><trkpt lat="15.4944453109" lon="73.7601234578"><ele>-2.27</ele><time>2025-11-18T01:39:15Z</time><extensions><gpxtpx:TrackPointExtension><gpxtpx:cad>0</gpxtpx:cad></gpxtpx:TrackPointExtension></extensions></trkpt><trkpt lat="15.4945942573" lon="73.7601978891"><ele>-2.27</ele><time>2025-11-18T01:39:20Z</time><extensions><gpxtpx:TrackPointExtension><gpxtpx:cad>0</gpxtpx:cad></gpxtpx:TrackPointExtension></extensions></trkpt><trkpt lat="15.4947310500" lon="73.7602715660"><ele>-1.79</ele><time>2025-11-18T01:39:25Z</time><extensions><gpxtpx:TrackPointExtension><gpxtpx:cad>0</gpxtpx:cad></gpxtpx:TrackPointExtension></extensions></trkpt><trkpt lat="15.4948633164" lon="73.7603295688"><ele>-1.79</ele><time>2025-11-18T01:39:30Z</time><extensions><gpxtpx:TrackPointExtension><gpxtpx:cad>0</gpxtpx:cad></gpxtpx:TrackPointExtension></extensions></trkpt><trkpt lat="15.4950077366" lon="73.7603962887"><ele>-1.30</ele><time>2025-11-18T01:39:35Z</time><extensions><gpxtpx:TrackPointExtension><gpxtpx:cad>0</gpxtpx:cad></gpxtpx:TrackPointExtension></extensions></trkpt><trkpt lat="15.4951578565" lon="73.7604676187"><ele>-1.30</ele><time>2025-11-18T01:39:40Z</time><extensions><gpxtpx:TrackPointExtension><gpxtpx:cad>0</gpxtpx:cad></gpxtpx:TrackPointExtension></extensions></trkpt><trkpt lat="15.4952924699" lon="73.7605344225"><ele>-1.30</ele><time>2025-11-18T01:39:45Z</time><extensions><gpxtpx:TrackPointExtension><gpxtpx:cad>0</gpxtpx:cad></gpxtpx:TrackPointExtension></extensions></trkpt><trkpt lat="15.4954227246" lon="73.7606054172"><ele>-1.30</ele><time>2025-11-18T01:39:50Z</time><extensions><gpxtpx:TrackPointExtension><gpxtpx:cad>0</gpxtpx:cad></gpxtpx:TrackPointExtension></extensions></trkpt><trkpt lat="15.4955596849" lon="73.7606731430"><ele>-1.30</ele><time>2025-11-18T01:39:55Z</time><extensions><gpxtpx:TrackPointExtension><gpxtpx:cad>0</gpxtpx:cad></gpxtpx:TrackPointExtension></extensions></trkpt><trkpt lat="15.4957062844" lon="73.7607398629"><ele>-0.82</ele><time>2025-11-18T01:40:00Z</time><extensions><gpxtpx:TrackPointExtension><gpxtpx:cad>0</gpxtpx:cad></gpxtpx:TrackPointExtension></extensions></trkpt><trkpt lat="15.4958575778" lon="73.7607969437"><ele>-0.82</ele><time>2025-11-18T01:40:05Z</time><extensions><gpxtpx:TrackPointExtension><gpxtpx:cad>0</gpxtpx:cad></gpxtpx:TrackPointExtension></extensions></trkpt><trkpt lat="15.4959908500" lon="73.7608475704"><ele>-1.30</ele><time>2025-11-18T01:40:10Z</time><extensions><gpxtpx:TrackPointExtension><gpxtpx:cad>0</gpxtpx:cad></gpxtpx:TrackPointExtension></extensions></trkpt><trkpt lat="15.4961328395" lon="73.7609189842"><ele>-0.82</ele><time>2025-11-18T01:40:15Z</time><extensions><gpxtpx:TrackPointExtension><gpxtpx:cad>0</gpxtpx:cad></gpxtpx:TrackPointExtension></extensions></trkpt><trkpt lat="15.4962772597" lon="73.7609956786"><ele>-0.34</ele><time>2025-11-18T01:40:20Z</time><extensions><gpxtpx:TrackPointExtension><gpxtpx:cad>0</gpxtpx:cad></gpxtpx:TrackPointExtension></extensions></trkpt><trkpt lat="15.4964174051" lon="73.7610577047"><ele>-0.82</ele><time>2025-11-18T01:40:25Z</time><extensions><gpxtpx:TrackPointExtension><gpxtpx:cad>0</gpxtpx:cad></gpxtpx:TrackPointExtension></extensions></trkpt><trkpt lat="15.4965571314" lon="73.7611273583"><ele>-0.82</ele><time>2025-11-18T01:40:30Z</time><extensions><gpxtpx:TrackPointExtension><gpxtpx:cad>0</gpxtpx:cad></gpxtpx:TrackPointExtension></extensions></trkpt><trkpt lat="15.4966999590" lon="73.7612017058"><ele>-0.34</ele><time>2025-11-18T01:40:35Z</time><extensions><gpxtpx:TrackPointExtension><gpxtpx:cad>0</gpxtpx:cad></gpxtpx:TrackPointExtension></extensions></trkpt><trkpt lat="15.4968419485" lon="73.7612732872"><ele>-0.34</ele><time>2025-11-18T01:40:40Z</time><extensions><gpxtpx:TrackPointExtension><gpxtpx:cad>0</gpxtpx:cad></gpxtpx:TrackPointExtension></extensions></trkpt><trkpt lat="15.4969795793" lon="73.7613390014"><ele>-0.34</ele><time>2025-11-18T01:40:45Z</time><extensions><gpxtpx:TrackPointExtension><gpxtpx:cad>0</gpxtpx:cad></gpxtpx:TrackPointExtension></extensions></trkpt><trkpt lat="15.4971266817" lon="73.7613996025"><ele>-0.34</ele><time>2025-11-18T01:40:50Z</time><extensions><gpxtpx:TrackPointExtension><gpxtpx:cad>0</gpxtpx:cad></gpxtpx:TrackPointExtension></extensions></trkpt><trkpt lat="15.4972731136" lon="73.7614617124"><ele>-0.34</ele><time>2025-11-18T01:40:55Z</time><extensions><gpxtpx:TrackPointExtension><gpxtpx:cad>0</gpxtpx:cad></gpxtpx:TrackPointExtension></extensions></trkpt><trkpt lat="15.4974192940" lon="73.7615247443"><ele>-0.34</ele><time>2025-11-18T01:41:00Z</time><extensions><gpxtpx:TrackPointExtension><gpxtpx:cad>0</gpxtpx:cad></gpxtpx:TrackPointExtension></extensions></trkpt><trkpt lat="15.4975592718" lon="73.7615915481"><ele>-0.82</ele><time>2025-11-18T01:41:05Z</time><extensions><gpxtpx:TrackPointExtension><gpxtpx:cad>0</gpxtpx:cad></gpxtpx:TrackPointExtension></extensions></trkpt><trkpt lat="15.4976985790" lon="73.7616532389"><ele>-0.34</ele><time>2025-11-18T01:41:10Z</time><extensions><gpxtpx:TrackPointExtension><gpxtpx:cad>0</gpxtpx:cad></gpxtpx:TrackPointExtension></extensions></trkpt><trkpt lat="15.4978492018" lon="73.7617135048"><ele>-0.34</ele><time>2025-11-18T01:41:15Z</time><extensions><gpxtpx:TrackPointExtension><gpxtpx:cad>0</gpxtpx:cad></gpxtpx:TrackPointExtension></extensions></trkpt><trkpt lat="15.4979948793" lon="73.7617566716"><ele>-0.34</ele><time>2025-11-18T01:41:20Z</time><extensions><gpxtpx:TrackPointExtension><gpxtpx:cad>0</gpxtpx:cad></gpxtpx:TrackPointExtension></extensions></trkpt><trkpt lat="15.4981390480" lon="73.7617954798"><ele>-0.34</ele><time>2025-11-18T01:41:25Z</time><extensions><gpxtpx:TrackPointExtension><gpxtpx:cad>0</gpxtpx:cad></gpxtpx:TrackPointExtension></extensions></trkpt><trkpt lat="15.4982938617" lon="73.7618342880"><ele>-0.82</ele><time>2025-11-18T01:41:30Z</time><extensions><gpxtpx:TrackPointExtension><gpxtpx:cad>0</gpxtpx:cad></gpxtpx:TrackPointExtension></extensions></trkpt><trkpt lat="15.4984466638" lon="73.7618736830"><ele>-0.34</ele><time>2025-11-18T01:41:35Z</time><extensions><gpxtpx:TrackPointExtension><gpxtpx:cad>0</gpxtpx:cad></gpxtpx:TrackPointExtension></extensions></trkpt><trkpt lat="15.4985872284" lon="73.7619143352"><ele>0.14</ele><time>2025-11-18T01:41:40Z</time><extensions><gpxtpx:TrackPointExtension><gpxtpx:cad>0</gpxtpx:cad></gpxtpx:TrackPointExtension></extensions></trkpt><trkpt lat="15.4987269547" lon="73.7619843241"><ele>0.14</ele><time>2025-11-18T01:41:45Z</time><extensions><gpxtpx:TrackPointExtension><gpxtpx:cad>0</gpxtpx:cad></gpxtpx:TrackPointExtension></extensions></trkpt><trkpt lat="15.4988668486" lon="73.7620492838"><ele>0.14</ele><time>2025-11-18T01:41:50Z</time><extensions><gpxtpx:TrackPointExtension><gpxtpx:cad>0</gpxtpx:cad></gpxtpx:TrackPointExtension></extensions></trkpt><trkpt lat="15.4990147054" lon="73.7621070351"><ele>-0.34</ele><time>2025-11-18T01:41:55Z</time><extensions><gpxtpx:TrackPointExtension><gpxtpx:cad>0</gpxtpx:cad></gpxtpx:TrackPointExtension></extensions></trkpt><trkpt lat="15.4991534259" lon="73.7621636968"><ele>-0.34</ele><time>2025-11-18T01:42:00Z</time><extensions><gpxtpx:TrackPointExtension><gpxtpx:cad>0</gpxtpx:cad></gpxtpx:TrackPointExtension></extensions></trkpt><trkpt lat="15.4992893804" lon="73.7622205261"><ele>-0.34</ele><time>2025-11-18T01:42:05Z</time><extensions><gpxtpx:TrackPointExtension><gpxtpx:cad>0</gpxtpx:cad></gpxtpx:TrackPointExtension></extensions></trkpt><trkpt lat="15.4994436912" lon="73.7622708175"><ele>-0.34</ele><time>2025-11-18T01:42:10Z</time><extensions><gpxtpx:TrackPointExtension><gpxtpx:cad>0</gpxtpx:cad></gpxtpx:TrackPointExtension></extensions></trkpt><trkpt lat="15.4995997623" lon="73.7623231206"><ele>-0.34</ele><time>2025-11-18T01:42:15Z</time><extensions><gpxtpx:TrackPointExtension><gpxtpx:cad>0</gpxtpx:cad></gpxtpx:TrackPointExtension></extensions></trkpt><trkpt lat="15.4997450206" lon="73.7623732444"><ele>-0.82</ele><time>2025-11-18T01:42:20Z</time><extensions><gpxtpx:TrackPointExtension><gpxtpx:cad>0</gpxtpx:cad></gpxtpx:TrackPointExtension></extensions></trkpt><trkpt lat="15.4999008402" lon="73.7624228653"><ele>-1.30</ele><time>2025-11-18T01:42:25Z</time><extensions><gpxtpx:TrackPointExtension><gpxtpx:cad>0</gpxtpx:cad></gpxtpx:TrackPointExtension></extensions></trkpt><trkpt lat="15.5000500381" lon="73.7624734920"><ele>-1.79</ele><time>2025-11-18T01:42:30Z</time><extensions><gpxtpx:TrackPointExtension><gpxtpx:cad>0</gpxtpx:cad></gpxtpx:TrackPointExtension></extensions></trkpt><trkpt lat="15.5002001580" lon="73.7625244539"><ele>-1.79</ele><time>2025-11-18T01:42:35Z</time><extensions><gpxtpx:TrackPointExtension><gpxtpx:cad>0</gpxtpx:cad></gpxtpx:TrackPointExtension></extensions></trkpt><trkpt lat="15.5003514513" lon="73.7625860609"><ele>-2.27</ele><time>2025-11-18T01:42:40Z</time><extensions><gpxtpx:TrackPointExtension><gpxtpx:cad>0</gpxtpx:cad></gpxtpx:TrackPointExtension></extensions></trkpt><trkpt lat="15.5004998110" lon="73.7626371905"><ele>-1.79</ele><time>2025-11-18T01:42:45Z</time><extensions><gpxtpx:TrackPointExtension><gpxtpx:cad>0</gpxtpx:cad></gpxtpx:TrackPointExtension></extensions></trkpt><trkpt lat="15.5006459076" lon="73.7626631744"><ele>-1.79</ele><time>2025-11-18T01:42:50Z</time><extensions><gpxtpx:TrackPointExtension><gpxtpx:cad>0</gpxtpx:cad></gpxtpx:TrackPointExtension></extensions></trkpt><trkpt lat="15.5008048285" lon="73.7626759149"><ele>-1.79</ele><time>2025-11-18T01:42:55Z</time><extensions><gpxtpx:TrackPointExtension><gpxtpx:cad>0</gpxtpx:cad></gpxtpx:TrackPointExtension></extensions></trkpt><trkpt lat="15.5009636655" lon="73.7626946066"><ele>-1.79</ele><time>2025-11-18T01:43:00Z</time><extensions><gpxtpx:TrackPointExtension><gpxtpx:cad>0</gpxtpx:cad></gpxtpx:TrackPointExtension></extensions></trkpt><trkpt lat="15.5010977760" lon="73.7627310678"><ele>-1.30</ele><time>2025-11-18T01:43:05Z</time><extensions><gpxtpx:TrackPointExtension><gpxtpx:cad>0</gpxtpx:cad></gpxtpx:TrackPointExtension></extensions></trkpt><trkpt lat="15.5012449622" lon="73.7627909984"><ele>-1.30</ele><time>2025-11-18T01:43:10Z</time><extensions><gpxtpx:TrackPointExtension><gpxtpx:cad>0</gpxtpx:cad></gpxtpx:TrackPointExtension></extensions></trkpt><trkpt lat="15.5013980996" lon="73.7628532760"><ele>-1.30</ele><time>2025-11-18T01:43:15Z</time><extensions><gpxtpx:TrackPointExtension><gpxtpx:cad>0</gpxtpx:cad></gpxtpx:TrackPointExtension></extensions></trkpt><trkpt lat="15.5015398376" lon="73.7629157212"><ele>-1.30</ele><time>2025-11-18T01:43:20Z</time><extensions><gpxtpx:TrackPointExtension><gpxtpx:cad>0</gpxtpx:cad></gpxtpx:TrackPointExtension></extensions></trkpt><trkpt lat="15.5016747862" lon="73.7629731372"><ele>-1.30</ele><time>2025-11-18T01:43:25Z</time><extensions><gpxtpx:TrackPointExtension><gpxtpx:cad>0</gpxtpx:cad></gpxtpx:TrackPointExtension></extensions></trkpt><trkpt lat="15.5018355511" lon="73.7630118616"><ele>-1.30</ele><time>2025-11-18T01:43:30Z</time><extensions><gpxtpx:TrackPointExtension><gpxtpx:cad>0</gpxtpx:cad></gpxtpx:TrackPointExtension></extensions></trkpt><trkpt lat="15.5019936338" lon="73.7630391866"><ele>-1.30</ele><time>2025-11-18T01:43:35Z</time><extensions><gpxtpx:TrackPointExtension><gpxtpx:cad>0</gpxtpx:cad></gpxtpx:TrackPointExtension></extensions></trkpt><trkpt lat="15.5021437537" lon="73.7630579621"><ele>-1.30</ele><time>2025-11-18T01:43:40Z</time><extensions><gpxtpx:TrackPointExtension><gpxtpx:cad>0</gpxtpx:cad></gpxtpx:TrackPointExtension></extensions></trkpt><trkpt lat="15.5022984836" lon="73.7630858738"><ele>-1.30</ele><time>2025-11-18T01:43:45Z</time><extensions><gpxtpx:TrackPointExtension><gpxtpx:cad>0</gpxtpx:cad></gpxtpx:TrackPointExtension></extensions></trkpt><trkpt lat="15.5024579074" lon="73.7631025538"><ele>-1.30</ele><time>2025-11-18T01:43:50Z</time><extensions><gpxtpx:TrackPointExtension><gpxtpx:cad>0</gpxtpx:cad></gpxtpx:TrackPointExtension></extensions></trkpt><trkpt lat="15.5026102066" lon="73.7631095108"><ele>-0.82</ele><time>2025-11-18T01:43:55Z</time><extensions><gpxtpx:TrackPointExtension><gpxtpx:cad>0</gpxtpx:cad></gpxtpx:TrackPointExtension></extensions></trkpt><trkpt lat="15.5027592368" lon="73.7631312199"><ele>-1.30</ele><time>2025-11-18T01:44:00Z</time><extensions><gpxtpx:TrackPointExtension><gpxtpx:cad>0</gpxtpx:cad></gpxtpx:TrackPointExtension></extensions></trkpt><trkpt lat="15.5029193312" lon="73.7631592993"><ele>-0.82</ele><time>2025-11-18T01:44:05Z</time><extensions><gpxtpx:TrackPointExtension><gpxtpx:cad>0</gpxtpx:cad></gpxtpx:TrackPointExtension></extensions></trkpt><trkpt lat="15.5030795932" lon="73.7631908152"><ele>-1.30</ele><time>2025-11-18T01:44:10Z</time><extensions><gpxtpx:TrackPointExtension><gpxtpx:cad>0</gpxtpx:cad></gpxtpx:TrackPointExtension></extensions></trkpt><trkpt lat="15.5032302998" lon="73.7632147036"><ele>-1.30</ele><time>2025-11-18T01:44:15Z</time><extensions><gpxtpx:TrackPointExtension><gpxtpx:cad>0</gpxtpx:cad></gpxtpx:TrackPointExtension></extensions></trkpt><trkpt lat="15.5033646617" lon="73.7631653342"><ele>-1.30</ele><time>2025-11-18T01:44:20Z</time><extensions><gpxtpx:TrackPointExtension><gpxtpx:cad>0</gpxtpx:cad></gpxtpx:TrackPointExtension></extensions></trkpt><trkpt lat="15.5034828465" lon="73.7630652543"><ele>-0.82</ele><time>2025-11-18T01:44:25Z</time><extensions><gpxtpx:TrackPointExtension><gpxtpx:cad>0</gpxtpx:cad></gpxtpx:TrackPointExtension></extensions></trkpt><trkpt lat="15.5035794899" lon="73.7629432138"><ele>-0.82</ele><time>2025-11-18T01:44:30Z</time><extensions><gpxtpx:TrackPointExtension><gpxtpx:cad>0</gpxtpx:cad></gpxtpx:TrackPointExtension></extensions></trkpt><trkpt lat="15.5036815815" lon="73.7628249452"><ele>-0.82</ele><time>2025-11-18T01:44:35Z</time><extensions><gpxtpx:TrackPointExtension><gpxtpx:cad>0</gpxtpx:cad></gpxtpx:TrackPointExtension></extensions></trkpt><trkpt lat="15.5037935637" lon="73.7627122924"><ele>-0.82</ele><time>2025-11-18T01:44:40Z</time><extensions><gpxtpx:TrackPointExtension><gpxtpx:cad>0</gpxtpx:cad></gpxtpx:TrackPointExtension></extensions></trkpt><trkpt lat="15.5039119162" lon="73.7625977956"><ele>-0.82</ele><time>2025-11-18T01:44:45Z</time><extensions><gpxtpx:TrackPointExtension><gpxtpx:cad>0</gpxtpx:cad></gpxtpx:TrackPointExtension></extensions></trkpt><trkpt lat="15.5040265806" lon="73.7624957878"><ele>-0.34</ele><time>2025-11-18T01:44:50Z</time><extensions><gpxtpx:TrackPointExtension><gpxtpx:cad>0</gpxtpx:cad></gpxtpx:TrackPointExtension></extensions></trkpt><trkpt lat="15.5041334499" lon="73.7623809557"><ele>-0.34</ele><time>2025-11-18T01:44:55Z</time><extensions><gpxtpx:TrackPointExtension><gpxtpx:cad>0</gpxtpx:cad></gpxtpx:TrackPointExtension></extensions></trkpt><trkpt lat="15.5042445939" lon="73.7622714881"><ele>-0.34</ele><time>2025-11-18T01:45:00Z</time><extensions><gpxtpx:TrackPointExtension><gpxtpx:cad>0</gpxtpx:cad></gpxtpx:TrackPointExtension></extensions></trkpt><trkpt lat="15.5043539777" lon="73.7621514592"><ele>-0.34</ele><time>2025-11-18T01:45:05Z</time><extensions><gpxtpx:TrackPointExtension><gpxtpx:cad>0</gpxtpx:cad></gpxtpx:TrackPointExtension></extensions></trkpt><trkpt lat="15.5044681393" lon="73.7620393932"><ele>-0.34</ele><time>2025-11-18T01:45:10Z</time><extensions><gpxtpx:TrackPointExtension><gpxtpx:cad>0</gpxtpx:cad></gpxtpx:TrackPointExtension></extensions></trkpt><trkpt lat="15.5045821331" lon="73.7619267404"><ele>-0.82</ele><time>2025-11-18T01:45:15Z</time><extensions><gpxtpx:TrackPointExtension><gpxtpx:cad>0</gpxtpx:cad></gpxtpx:TrackPointExtension></extensions></trkpt><trkpt lat="15.5046886671" lon="73.7618136685"><ele>-0.82</ele><time>2025-11-18T01:45:20Z</time><extensions><gpxtpx:TrackPointExtension><gpxtpx:cad>0</gpxtpx:cad></gpxtpx:TrackPointExtension></extensions></trkpt><trkpt lat="15.5047952849" lon="73.7616918795"><ele>-0.34</ele><time>2025-11-18T01:45:25Z</time><extensions><gpxtpx:TrackPointExtension><gpxtpx:cad>0</gpxtpx:cad></gpxtpx:TrackPointExtension></extensions></trkpt><trkpt lat="15.5048941914" lon="73.7615718506"><ele>-0.82</ele><time>2025-11-18T01:45:30Z</time><extensions><gpxtpx:TrackPointExtension><gpxtpx:cad>0</gpxtpx:cad></gpxtpx:TrackPointExtension></extensions></trkpt><trkpt lat="15.5049936008" lon="73.7614415959"><ele>-0.82</ele><time>2025-11-18T01:45:35Z</time><extensions><gpxtpx:TrackPointExtension><gpxtpx:cad>0</gpxtpx:cad></gpxtpx:TrackPointExtension></extensions></trkpt><trkpt lat="15.5050972011" lon="73.7613255065"><ele>-0.82</ele><time>2025-11-18T01:45:40Z</time><extensions><gpxtpx:TrackPointExtension><gpxtpx:cad>0</gpxtpx:cad></gpxtpx:TrackPointExtension></extensions></trkpt><trkpt lat="15.5051962752" lon="73.7612047233"><ele>-0.82</ele><time>2025-11-18T01:45:45Z</time><extensions><gpxtpx:TrackPointExtension><gpxtpx:cad>0</gpxtpx:cad></gpxtpx:TrackPointExtension></extensions></trkpt><trkpt lat="15.5053033121" lon="73.7610838562"><ele>-1.30</ele><time>2025-11-18T01:45:50Z</time><extensions><gpxtpx:TrackPointExtension><gpxtpx:cad>0</gpxtpx:cad></gpxtpx:TrackPointExtension></extensions></trkpt><trkpt lat="15.5054059066" lon="73.7609567028"><ele>-1.30</ele><time>2025-11-18T01:45:55Z</time><extensions><gpxtpx:TrackPointExtension><gpxtpx:cad>0</gpxtpx:cad></gpxtpx:TrackPointExtension></extensions></trkpt><trkpt lat="15.5055188108" lon="73.7608324829"><ele>-0.82</ele><time>2025-11-18T01:46:00Z</time><extensions><gpxtpx:TrackPointExtension><gpxtpx:cad>0</gpxtpx:cad></gpxtpx:TrackPointExtension></extensions></trkpt><trkpt lat="15.5056209024" lon="73.7607159745"><ele>-0.82</ele><time>2025-11-18T01:46:05Z</time><extensions><gpxtpx:TrackPointExtension><gpxtpx:cad>0</gpxtpx:cad></gpxtpx:TrackPointExtension></extensions></trkpt><trkpt lat="15.5057270173" lon="73.7605914194"><ele>-0.82</ele><time>2025-11-18T01:46:10Z</time><extensions><gpxtpx:TrackPointExtension><gpxtpx:cad>0</gpxtpx:cad></gpxtpx:TrackPointExtension></extensions></trkpt><trkpt lat="15.5058358982" lon="73.7604742404"><ele>-0.82</ele><time>2025-11-18T01:46:15Z</time><extensions><gpxtpx:TrackPointExtension><gpxtpx:cad>0</gpxtpx:cad></gpxtpx:TrackPointExtension></extensions></trkpt><trkpt lat="15.5059560947" lon="73.7603605818"><ele>-0.82</ele><time>2025-11-18T01:46:20Z</time><extensions><gpxtpx:TrackPointExtension><gpxtpx:cad>0</gpxtpx:cad></gpxtpx:TrackPointExtension></extensions></trkpt><trkpt lat="15.5060653109" lon="73.7602357753"><ele>-1.30</ele><time>2025-11-18T01:46:25Z</time><extensions><gpxtpx:TrackPointExtension><gpxtpx:cad>0</gpxtpx:cad></gpxtpx:TrackPointExtension></extensions></trkpt><trkpt lat="15.5061781313" lon="73.7601355277"><ele>-2.27</ele><time>2025-11-18T01:46:30Z</time><extensions><gpxtpx:TrackPointExtension><gpxtpx:cad>0</gpxtpx:cad></gpxtpx:TrackPointExtension></extensions></trkpt><trkpt lat="15.5062848330" lon="73.7600110564"><ele>-2.75</ele><time>2025-11-18T01:46:35Z</time><extensions><gpxtpx:TrackPointExtension><gpxtpx:cad>0</gpxtpx:cad></gpxtpx:TrackPointExtension></extensions></trkpt><trkpt lat="15.5063945521" lon="73.7598911952"><ele>-2.27</ele><time>2025-11-18T01:46:40Z</time><extensions><gpxtpx:TrackPointExtension><gpxtpx:cad>0</gpxtpx:cad></gpxtpx:TrackPointExtension></extensions></trkpt><trkpt lat="15.5065094680" lon="73.7597877625"><ele>-2.27</ele><time>2025-11-18T01:46:45Z</time><extensions><gpxtpx:TrackPointExtension><gpxtpx:cad>0</gpxtpx:cad></gpxtpx:TrackPointExtension></extensions></trkpt><trkpt lat="15.5066219531" lon="73.7596715055"><ele>-2.75</ele><time>2025-11-18T01:46:50Z</time><extensions><gpxtpx:TrackPointExtension><gpxtpx:cad>0</gpxtpx:cad></gpxtpx:TrackPointExtension></extensions></trkpt><trkpt lat="15.5067428201" lon="73.7595595233"><ele>-2.27</ele><time>2025-11-18T01:46:55Z</time><extensions><gpxtpx:TrackPointExtension><gpxtpx:cad>0</gpxtpx:cad></gpxtpx:TrackPointExtension></extensions></trkpt><trkpt lat="15.5068587419" lon="73.7594412547"><ele>-2.75</ele><time>2025-11-18T01:47:00Z</time><extensions><gpxtpx:TrackPointExtension><gpxtpx:cad>0</gpxtpx:cad></gpxtpx:TrackPointExtension></extensions></trkpt><trkpt lat="15.5069720652" lon="73.7593308650"><ele>-2.75</ele><time>2025-11-18T01:47:05Z</time><extensions><gpxtpx:TrackPointExtension><gpxtpx:cad>0</gpxtpx:cad></gpxtpx:TrackPointExtension></extensions></trkpt><trkpt lat="15.5070756655" lon="73.7592139374"><ele>-2.75</ele><time>2025-11-18T01:47:10Z</time><extensions><gpxtpx:TrackPointExtension><gpxtpx:cad>0</gpxtpx:cad></gpxtpx:TrackPointExtension></extensions></trkpt><trkpt lat="15.5071905814" lon="73.7590952497"><ele>-2.27</ele><time>2025-11-18T01:47:15Z</time><extensions><gpxtpx:TrackPointExtension><gpxtpx:cad>0</gpxtpx:cad></gpxtpx:TrackPointExtension></extensions></trkpt><trkpt lat="15.5072963610" lon="73.7589818425"><ele>-2.75</ele><time>2025-11-18T01:47:20Z</time><extensions><gpxtpx:TrackPointExtension><gpxtpx:cad>0</gpxtpx:cad></gpxtpx:TrackPointExtension></extensions></trkpt><trkpt lat="15.5074079242" lon="73.7588630710"><ele>-2.75</ele><time>2025-11-18T01:47:25Z</time><extensions><gpxtpx:TrackPointExtension><gpxtpx:cad>0</gpxtpx:cad></gpxtpx:TrackPointExtension></extensions></trkpt><trkpt lat="15.5075192358" lon="73.7587560341"><ele>-2.75</ele><time>2025-11-18T01:47:30Z</time><extensions><gpxtpx:TrackPointExtension><gpxtpx:cad>0</gpxtpx:cad></gpxtpx:TrackPointExtension></extensions></trkpt><trkpt lat="15.5076282844" lon="73.7586293835"><ele>-2.75</ele><time>2025-11-18T01:47:35Z</time><extensions><gpxtpx:TrackPointExtension><gpxtpx:cad>0</gpxtpx:cad></gpxtpx:TrackPointExtension></extensions></trkpt><trkpt lat="15.5077401828" lon="73.7585178204"><ele>-2.27</ele><time>2025-11-18T01:47:40Z</time><extensions><gpxtpx:TrackPointExtension><gpxtpx:cad>0</gpxtpx:cad></gpxtpx:TrackPointExtension></extensions></trkpt><trkpt lat="15.5078553502" lon="73.7584127951"><ele>-2.27</ele><time>2025-11-18T01:47:45Z</time><extensions><gpxtpx:TrackPointExtension><gpxtpx:cad>0</gpxtpx:cad></gpxtpx:TrackPointExtension></extensions></trkpt><trkpt lat="15.5079633091" lon="73.7582935207"><ele>-2.27</ele><time>2025-11-18T01:47:50Z</time><extensions><gpxtpx:TrackPointExtension><gpxtpx:cad>0</gpxtpx:cad></gpxtpx:TrackPointExtension></extensions></trkpt><trkpt lat="15.5080862716" lon="73.7581936084"><ele>-1.79</ele><time>2025-11-18T01:47:55Z</time><extensions><gpxtpx:TrackPointExtension><gpxtpx:cad>0</gpxtpx:cad></gpxtpx:TrackPointExtension></extensions></trkpt><trkpt lat="15.5082073063" lon="73.7580905948"><ele>-2.27</ele><time>2025-11-18T01:48:00Z</time><extensions><gpxtpx:TrackPointExtension><gpxtpx:cad>0</gpxtpx:cad></gpxtpx:TrackPointExtension></extensions></trkpt><trkpt lat="15.5083297659" lon="73.7579915207"><ele>-1.79</ele><time>2025-11-18T01:48:05Z</time><extensions><gpxtpx:TrackPointExtension><gpxtpx:cad>0</gpxtpx:cad></gpxtpx:TrackPointExtension></extensions></trkpt><trkpt lat="15.5084668100" lon="73.7579030916"><ele>-1.79</ele><time>2025-11-18T01:48:10Z</time><extensions><gpxtpx:TrackPointExtension><gpxtpx:cad>0</gpxtpx:cad></gpxtpx:TrackPointExtension></extensions></trkpt><trkpt lat="15.5085847434" lon="73.7578055263"><ele>-1.79</ele><time>2025-11-18T01:48:15Z</time><extensions><gpxtpx:TrackPointExtension><gpxtpx:cad>0</gpxtpx:cad></gpxtpx:TrackPointExtension></extensions></trkpt><trkpt lat="15.5087173451" lon="73.7577273231"><ele>-1.30</ele><time>2025-11-18T01:48:20Z</time><extensions><gpxtpx:TrackPointExtension><gpxtpx:cad>0</gpxtpx:cad></gpxtpx:TrackPointExtension></extensions></trkpt><trkpt lat="15.5088575743" lon="73.7576488685"><ele>-0.82</ele><time>2025-11-18T01:48:25Z</time><extensions><gpxtpx:TrackPointExtension><gpxtpx:cad>0</gpxtpx:cad></gpxtpx:TrackPointExtension></extensions></trkpt><trkpt lat="15.5089920200" lon="73.7575817294"><ele>-1.30</ele><time>2025-11-18T01:48:30Z</time><extensions><gpxtpx:TrackPointExtension><gpxtpx:cad>0</gpxtpx:cad></gpxtpx:TrackPointExtension></extensions></trkpt><trkpt lat="15.5091252923" lon="73.7575062923"><ele>-0.82</ele><time>2025-11-18T01:48:35Z</time><extensions><gpxtpx:TrackPointExtension><gpxtpx:cad>0</gpxtpx:cad></gpxtpx:TrackPointExtension></extensions></trkpt><trkpt lat="15.5092640128" lon="73.7574269157"><ele>-0.82</ele><time>2025-11-18T01:48:40Z</time><extensions><gpxtpx:TrackPointExtension><gpxtpx:cad>0</gpxtpx:cad></gpxtpx:TrackPointExtension></extensions></trkpt><trkpt lat="15.5093941838" lon="73.7573321164"><ele>-0.82</ele><time>2025-11-18T01:48:45Z</time><extensions><gpxtpx:TrackPointExtension><gpxtpx:cad>0</gpxtpx:cad></gpxtpx:TrackPointExtension></extensions></trkpt><trkpt lat="15.5095189903" lon="73.7572406698"><ele>-0.82</ele><time>2025-11-18T01:48:50Z</time><extensions><gpxtpx:TrackPointExtension><gpxtpx:cad>0</gpxtpx:cad></gpxtpx:TrackPointExtension></extensions></trkpt><trkpt lat="15.5096439645" lon="73.7571431883"><ele>-0.34</ele><time>2025-11-18T01:48:55Z</time><extensions><gpxtpx:TrackPointExtension><gpxtpx:cad>0</gpxtpx:cad></gpxtpx:TrackPointExtension></extensions></trkpt><trkpt lat="15.5097540189" lon="73.7570246682"><ele>-0.34</ele><time>2025-11-18T01:49:00Z</time><extensions><gpxtpx:TrackPointExtension><gpxtpx:cad>0</gpxtpx:cad></gpxtpx:TrackPointExtension></extensions></trkpt><trkpt lat="15.5098734610" lon="73.7569227442"><ele>0.14</ele><time>2025-11-18T01:49:05Z</time><extensions><gpxtpx:TrackPointExtension><gpxtpx:cad>0</gpxtpx:cad></gpxtpx:TrackPointExtension></extensions></trkpt><trkpt lat="15.5099965073" lon="73.7568313815"><ele>0.14</ele><time>2025-11-18T01:49:10Z</time><extensions><gpxtpx:TrackPointExtension><gpxtpx:cad>0</gpxtpx:cad></gpxtpx:TrackPointExtension></extensions></trkpt><trkpt lat="15.5101116747" lon="73.7567205727"><ele>0.14</ele><time>2025-11-18T01:49:15Z</time><extensions><gpxtpx:TrackPointExtension><gpxtpx:cad>0</gpxtpx:cad></gpxtpx:TrackPointExtension></extensions></trkpt><trkpt lat="15.5102243274" lon="73.7566165533"><ele>0.14</ele><time>2025-11-18T01:49:20Z</time><extensions><gpxtpx:TrackPointExtension><gpxtpx:cad>0</gpxtpx:cad></gpxtpx:TrackPointExtension></extensions></trkpt><trkpt lat="15.5103334598" lon="73.7564930040"><ele>0.14</ele><time>2025-11-18T01:49:25Z</time><extensions><gpxtpx:TrackPointExtension><gpxtpx:cad>0</gpxtpx:cad></gpxtpx:TrackPointExtension></extensions></trkpt><trkpt lat="15.5104485434" lon="73.7563778367"><ele>0.14</ele><time>2025-11-18T01:49:30Z</time><extensions><gpxtpx:TrackPointExtension><gpxtpx:cad>0</gpxtpx:cad></gpxtpx:TrackPointExtension></extensions></trkpt><trkpt lat="15.5105657224" lon="73.7562686205"><ele>-0.34</ele><time>2025-11-18T01:49:35Z</time><extensions><gpxtpx:TrackPointExtension><gpxtpx:cad>0</gpxtpx:cad></gpxtpx:TrackPointExtension></extensions></trkpt><trkpt lat="15.5106804706" lon="73.7561596557"><ele>-0.34</ele><time>2025-11-18T01:49:40Z</time><extensions><gpxtpx:TrackPointExtension><gpxtpx:cad>0</gpxtpx:cad></gpxtpx:TrackPointExtension></extensions></trkpt><trkpt lat="15.5108038522" lon="73.7560634315"><ele>-0.34</ele><time>2025-11-18T01:49:45Z</time><extensions><gpxtpx:TrackPointExtension><gpxtpx:cad>0</gpxtpx:cad></gpxtpx:TrackPointExtension></extensions></trkpt><trkpt lat="15.5109299999" lon="73.7559599150"><ele>0.14</ele><time>2025-11-18T01:49:50Z</time><extensions><gpxtpx:TrackPointExtension><gpxtpx:cad>0</gpxtpx:cad></gpxtpx:TrackPointExtension></extensions></trkpt><trkpt lat="15.5110216979" lon="73.7558362819"><ele>0.14</ele><time>2025-11-18T01:49:55Z</time><extensions><gpxtpx:TrackPointExtension><gpxtpx:cad>0</gpxtpx:cad></gpxtpx:TrackPointExtension></extensions></trkpt><trkpt lat="15.5110972188" lon="73.7557006627"><ele>-0.34</ele><time>2025-11-18T01:50:00Z</time><extensions><gpxtpx:TrackPointExtension><gpxtpx:cad>0</gpxtpx:cad></gpxtpx:TrackPointExtension></extensions></trkpt><trkpt lat="15.5111662019" lon="73.7555624451"><ele>-0.34</ele><time>2025-11-18T01:50:05Z</time><extensions><gpxtpx:TrackPointExtension><gpxtpx:cad>0</gpxtpx:cad></gpxtpx:TrackPointExtension></extensions></trkpt><trkpt lat="15.5112512782" lon="73.7554205395"><ele>-1.30</ele><time>2025-11-18T01:50:10Z</time><extensions><gpxtpx:TrackPointExtension><gpxtpx:cad>0</gpxtpx:cad></gpxtpx:TrackPointExtension></extensions></trkpt><trkpt lat="15.5113308225" lon="73.7552834954"><ele>-1.30</ele><time>2025-11-18T01:50:15Z</time><extensions><gpxtpx:TrackPointExtension><gpxtpx:cad>0</gpxtpx:cad></gpxtpx:TrackPointExtension></extensions></trkpt><trkpt lat="15.5113974586" lon="73.7551422603"><ele>-1.30</ele><time>2025-11-18T01:50:20Z</time><extensions><gpxtpx:TrackPointExtension><gpxtpx:cad>0</gpxtpx:cad></gpxtpx:TrackPointExtension></extensions></trkpt><trkpt lat="15.5114640109" lon="73.7549980916"><ele>-1.30</ele><time>2025-11-18T01:50:25Z</time><extensions><gpxtpx:TrackPointExtension><gpxtpx:cad>0</gpxtpx:cad></gpxtpx:TrackPointExtension></extensions></trkpt><trkpt lat="15.5115299765" lon="73.7548519112"><ele>-1.30</ele><time>2025-11-18T01:50:30Z</time><extensions><gpxtpx:TrackPointExtension><gpxtpx:cad>0</gpxtpx:cad></gpxtpx:TrackPointExtension></extensions></trkpt><trkpt lat="15.5115996301" lon="73.7547114305"><ele>-0.34</ele><time>2025-11-18T01:50:35Z</time><extensions><gpxtpx:TrackPointExtension><gpxtpx:cad>0</gpxtpx:cad></gpxtpx:TrackPointExtension></extensions></trkpt><trkpt lat="15.5116617400" lon="73.7545676809"><ele>-1.30</ele><time>2025-11-18T01:50:40Z</time><extensions><gpxtpx:TrackPointExtension><gpxtpx:cad>0</gpxtpx:cad></gpxtpx:TrackPointExtension></extensions></trkpt><trkpt lat="15.5117290467" lon="73.7544263620"><ele>-0.82</ele><time>2025-11-18T01:50:45Z</time><extensions><gpxtpx:TrackPointExtension><gpxtpx:cad>0</gpxtpx:cad></gpxtpx:TrackPointExtension></extensions></trkpt><trkpt lat="15.5117990356" lon="73.7542781699"><ele>-0.82</ele><time>2025-11-18T01:50:50Z</time><extensions><gpxtpx:TrackPointExtension><gpxtpx:cad>0</gpxtpx:cad></gpxtpx:TrackPointExtension></extensions></trkpt><trkpt lat="15.5118698627" lon="73.7541314028"><ele>-0.82</ele><time>2025-11-18T01:50:55Z</time><extensions><gpxtpx:TrackPointExtension><gpxtpx:cad>0</gpxtpx:cad></gpxtpx:TrackPointExtension></extensions></trkpt><trkpt lat="15.5119515024" lon="73.7539973762"><ele>-0.82</ele><time>2025-11-18T01:51:00Z</time><extensions><gpxtpx:TrackPointExtension><gpxtpx:cad>0</gpxtpx:cad></gpxtpx:TrackPointExtension></extensions></trkpt><trkpt lat="15.5120310467" lon="73.7538619246"><ele>-0.82</ele><time>2025-11-18T01:51:05Z</time><extensions><gpxtpx:TrackPointExtension><gpxtpx:cad>0</gpxtpx:cad></gpxtpx:TrackPointExtension></extensions></trkpt><trkpt lat="15.5121001974" lon="73.7537185941"><ele>-0.82</ele><time>2025-11-18T01:51:10Z</time><extensions><gpxtpx:TrackPointExtension><gpxtpx:cad>0</gpxtpx:cad></gpxtpx:TrackPointExtension></extensions></trkpt><trkpt lat="15.5121694319" lon="73.7535750121"><ele>-0.34</ele><time>2025-11-18T01:51:15Z</time><extensions><gpxtpx:TrackPointExtension><gpxtpx:cad>0</gpxtpx:cad></gpxtpx:TrackPointExtension></extensions></trkpt><trkpt lat="15.5122465454" lon="73.7534299213"><ele>-0.34</ele><time>2025-11-18T01:51:20Z</time><extensions><gpxtpx:TrackPointExtension><gpxtpx:cad>0</gpxtpx:cad></gpxtpx:TrackPointExtension></extensions></trkpt><trkpt lat="15.5123260897" lon="73.7532927096"><ele>-0.82</ele><time>2025-11-18T01:51:25Z</time><extensions><gpxtpx:TrackPointExtension><gpxtpx:cad>0</gpxtpx:cad></gpxtpx:TrackPointExtension></extensions></trkpt><trkpt lat="15.5124070588" lon="73.7531563360"><ele>-0.34</ele><time>2025-11-18T01:51:30Z</time><extensions><gpxtpx:TrackPointExtension><gpxtpx:cad>0</gpxtpx:cad></gpxtpx:TrackPointExtension></extensions></trkpt><trkpt lat="15.5124854296" lon="73.7530134246"><ele>-0.34</ele><time>2025-11-18T01:51:35Z</time><extensions><gpxtpx:TrackPointExtension><gpxtpx:cad>0</gpxtpx:cad></gpxtpx:TrackPointExtension></extensions></trkpt><trkpt lat="15.5125655606" lon="73.7528668251"><ele>-0.34</ele><time>2025-11-18T01:51:40Z</time><extensions><gpxtpx:TrackPointExtension><gpxtpx:cad>0</gpxtpx:cad></gpxtpx:TrackPointExtension></extensions></trkpt><trkpt lat="15.5126508046" lon="73.7527369056"><ele>-0.34</ele><time>2025-11-18T01:51:45Z</time><extensions><gpxtpx:TrackPointExtension><gpxtpx:cad>0</gpxtpx:cad></gpxtpx:TrackPointExtension></extensions></trkpt><trkpt lat="15.5127437599" lon="73.7526077405"><ele>-0.82</ele><time>2025-11-18T01:51:50Z</time><extensions><gpxtpx:TrackPointExtension><gpxtpx:cad>0</gpxtpx:cad></gpxtpx:TrackPointExtension></extensions></trkpt><trkpt lat="15.5128491204" lon="73.7524863705"><ele>-0.34</ele><time>2025-11-18T01:51:55Z</time><extensions><gpxtpx:TrackPointExtension><gpxtpx:cad>0</gpxtpx:cad></gpxtpx:TrackPointExtension></extensions></trkpt><trkpt lat="15.5129550677" lon="73.7523616478"><ele>-0.34</ele><time>2025-11-18T01:52:00Z</time><extensions><gpxtpx:TrackPointExtension><gpxtpx:cad>0</gpxtpx:cad></gpxtpx:TrackPointExtension></extensions></trkpt><trkpt lat="15.5130675528" lon="73.7522499170"><ele>-0.34</ele><time>2025-11-18T01:52:05Z</time><extensions><gpxtpx:TrackPointExtension><gpxtpx:cad>0</gpxtpx:cad></gpxtpx:TrackPointExtension></extensions></trkpt><trkpt lat="15.5131860729" lon="73.7521557882"><ele>-0.34</ele><time>2025-11-18T01:52:10Z</time><extensions><gpxtpx:TrackPointExtension><gpxtpx:cad>0</gpxtpx:cad></gpxtpx:TrackPointExtension></extensions></trkpt><trkpt lat="15.5133087002" lon="73.7520575523"><ele>-0.34</ele><time>2025-11-18T01:52:15Z</time><extensions><gpxtpx:TrackPointExtension><gpxtpx:cad>0</gpxtpx:cad></gpxtpx:TrackPointExtension></extensions></trkpt><trkpt lat="15.5134208500" lon="73.7519382779"><ele>-0.34</ele><time>2025-11-18T01:52:20Z</time><extensions><gpxtpx:TrackPointExtension><gpxtpx:cad>0</gpxtpx:cad></gpxtpx:TrackPointExtension></extensions></trkpt><trkpt lat="15.5135324970" lon="73.7518323306"><ele>-0.82</ele><time>2025-11-18T01:52:25Z</time><extensions><gpxtpx:TrackPointExtension><gpxtpx:cad>0</gpxtpx:cad></gpxtpx:TrackPointExtension></extensions></trkpt><trkpt lat="15.5136433896" lon="73.7517190073"><ele>-1.30</ele><time>2025-11-18T01:52:30Z</time><extensions><gpxtpx:TrackPointExtension><gpxtpx:cad>0</gpxtpx:cad></gpxtpx:TrackPointExtension></extensions></trkpt><trkpt lat="15.5137554556" lon="73.7516044267"><ele>-1.30</ele><time>2025-11-18T01:52:35Z</time><extensions><gpxtpx:TrackPointExtension><gpxtpx:cad>0</gpxtpx:cad></gpxtpx:TrackPointExtension></extensions></trkpt><trkpt lat="15.5138742272" lon="73.7514980603"><ele>-1.30</ele><time>2025-11-18T01:52:40Z</time><extensions><gpxtpx:TrackPointExtension><gpxtpx:cad>0</gpxtpx:cad></gpxtpx:TrackPointExtension></extensions></trkpt><trkpt lat="15.5139833596" lon="73.7513859104"><ele>-1.30</ele><time>2025-11-18T01:52:45Z</time><extensions><gpxtpx:TrackPointExtension><gpxtpx:cad>0</gpxtpx:cad></gpxtpx:TrackPointExtension></extensions></trkpt><trkpt lat="15.5140941683" lon="73.7512793764"><ele>-0.82</ele><time>2025-11-18T01:52:50Z</time><extensions><gpxtpx:TrackPointExtension><gpxtpx:cad>0</gpxtpx:cad></gpxtpx:TrackPointExtension></extensions></trkpt><trkpt lat="15.5142056476" lon="73.7511709146"><ele>-1.30</ele><time>2025-11-18T01:52:55Z</time><extensions><gpxtpx:TrackPointExtension><gpxtpx:cad>0</gpxtpx:cad></gpxtpx:TrackPointExtension></extensions></trkpt><trkpt lat="15.5143293645" lon="73.7510694098"><ele>-1.30</ele><time>2025-11-18T01:53:00Z</time><extensions><gpxtpx:TrackPointExtension><gpxtpx:cad>0</gpxtpx:cad></gpxtpx:TrackPointExtension></extensions></trkpt><trkpt lat="15.5144587811" lon="73.7509873509"><ele>-0.82</ele><time>2025-11-18T01:53:05Z</time><extensions><gpxtpx:TrackPointExtension><gpxtpx:cad>0</gpxtpx:cad></gpxtpx:TrackPointExtension></extensions></trkpt><trkpt lat="15.5145835876" lon="73.7508943118"><ele>-0.82</ele><time>2025-11-18T01:53:10Z</time><extensions><gpxtpx:TrackPointExtension><gpxtpx:cad>0</gpxtpx:cad></gpxtpx:TrackPointExtension></extensions></trkpt><trkpt lat="15.5147011857" lon="73.7507930584"><ele>-1.30</ele><time>2025-11-18T01:53:15Z</time><extensions><gpxtpx:TrackPointExtension><gpxtpx:cad>0</gpxtpx:cad></gpxtpx:TrackPointExtension></extensions></trkpt><trkpt lat="15.5148309376" lon="73.7506959122"><ele>-0.82</ele><time>2025-11-18T01:53:20Z</time><extensions><gpxtpx:TrackPointExtension><gpxtpx:cad>0</gpxtpx:cad></gpxtpx:TrackPointExtension></extensions></trkpt><trkpt lat="15.5149480328" lon="73.7505952455"><ele>-1.30</ele><time>2025-11-18T01:53:25Z</time><extensions><gpxtpx:TrackPointExtension><gpxtpx:cad>0</gpxtpx:cad></gpxtpx:TrackPointExtension></extensions></trkpt><trkpt lat="15.5150658824" lon="73.7504966743"><ele>-1.30</ele><time>2025-11-18T01:53:30Z</time><extensions><gpxtpx:TrackPointExtension><gpxtpx:cad>0</gpxtpx:cad></gpxtpx:TrackPointExtension></extensions></trkpt><trkpt lat="15.5151838996" lon="73.7503967620"><ele>-1.30</ele><time>2025-11-18T01:53:35Z</time><extensions><gpxtpx:TrackPointExtension><gpxtpx:cad>0</gpxtpx:cad></gpxtpx:TrackPointExtension></extensions></trkpt><trkpt lat="15.5153047666" lon="73.7502877135"><ele>-1.30</ele><time>2025-11-18T01:53:40Z</time><extensions><gpxtpx:TrackPointExtension><gpxtpx:cad>0</gpxtpx:cad></gpxtpx:TrackPointExtension></extensions></trkpt><trkpt lat="15.5154259689" lon="73.7501932494"><ele>-1.30</ele><time>2025-11-18T01:53:45Z</time><extensions><gpxtpx:TrackPointExtension><gpxtpx:cad>0</gpxtpx:cad></gpxtpx:TrackPointExtension></extensions></trkpt><trkpt lat="15.5155602470" lon="73.7500998750"><ele>-0.82</ele><time>2025-11-18T01:53:50Z</time><extensions><gpxtpx:TrackPointExtension><gpxtpx:cad>0</gpxtpx:cad></gpxtpx:TrackPointExtension></extensions></trkpt><trkpt lat="15.5156850535" lon="73.7499963585"><ele>-0.82</ele><time>2025-11-18T01:53:55Z</time><extensions><gpxtpx:TrackPointExtension><gpxtpx:cad>0</gpxtpx:cad></gpxtpx:TrackPointExtension></extensions></trkpt><trkpt lat="15.5157975387" lon="73.7498843763"><ele>-0.82</ele><time>2025-11-18T01:54:00Z</time><extensions><gpxtpx:TrackPointExtension><gpxtpx:cad>0</gpxtpx:cad></gpxtpx:TrackPointExtension></extensions></trkpt><trkpt lat="15.5159112811" lon="73.7497724779"><ele>-1.30</ele><time>2025-11-18T01:54:05Z</time><extensions><gpxtpx:TrackPointExtension><gpxtpx:cad>0</gpxtpx:cad></gpxtpx:TrackPointExtension></extensions></trkpt><trkpt lat="15.5160130374" lon="73.7496560533"><ele>-1.30</ele><time>2025-11-18T01:54:10Z</time><extensions><gpxtpx:TrackPointExtension><gpxtpx:cad>0</gpxtpx:cad></gpxtpx:TrackPointExtension></extensions></trkpt><trkpt lat="15.5161168054" lon="73.7495418079"><ele>-0.82</ele><time>2025-11-18T01:54:15Z</time><extensions><gpxtpx:TrackPointExtension><gpxtpx:cad>0</gpxtpx:cad></gpxtpx:TrackPointExtension></extensions></trkpt><trkpt lat="15.5162228364" lon="73.7494356092"><ele>-0.82</ele><time>2025-11-18T01:54:20Z</time><extensions><gpxtpx:TrackPointExtension><gpxtpx:cad>0</gpxtpx:cad></gpxtpx:TrackPointExtension></extensions></trkpt><trkpt lat="15.5163294543" lon="73.7493231241"><ele>-1.30</ele><time>2025-11-18T01:54:25Z</time><extensions><gpxtpx:TrackPointExtension><gpxtpx:cad>0</gpxtpx:cad></gpxtpx:TrackPointExtension></extensions></trkpt><trkpt lat="15.5164354015" lon="73.7492041849"><ele>-1.30</ele><time>2025-11-18T01:54:30Z</time><extensions><gpxtpx:TrackPointExtension><gpxtpx:cad>0</gpxtpx:cad></gpxtpx:TrackPointExtension></extensions></trkpt><trkpt lat="15.5165376607" lon="73.7490807194"><ele>-1.30</ele><time>2025-11-18T01:54:35Z</time><extensions><gpxtpx:TrackPointExtension><gpxtpx:cad>0</gpxtpx:cad></gpxtpx:TrackPointExtension></extensions></trkpt><trkpt lat="15.5166365672" lon="73.7489635404"><ele>-1.30</ele><time>2025-11-18T01:54:40Z</time><extensions><gpxtpx:TrackPointExtension><gpxtpx:cad>0</gpxtpx:cad></gpxtpx:TrackPointExtension></extensions></trkpt><trkpt lat="15.5167351384" lon="73.7488373928"><ele>-1.30</ele><time>2025-11-18T01:54:45Z</time><extensions><gpxtpx:TrackPointExtension><gpxtpx:cad>0</gpxtpx:cad></gpxtpx:TrackPointExtension></extensions></trkpt><trkpt lat="15.5168438517" lon="73.7487202138"><ele>-1.30</ele><time>2025-11-18T01:54:50Z</time><extensions><gpxtpx:TrackPointExtension><gpxtpx:cad>0</gpxtpx:cad></gpxtpx:TrackPointExtension></extensions></trkpt><trkpt lat="15.5169557501" lon="73.7486042082"><ele>-2.27</ele><time>2025-11-18T01:54:55Z</time><extensions><gpxtpx:TrackPointExtension><gpxtpx:cad>0</gpxtpx:cad></gpxtpx:TrackPointExtension></extensions></trkpt><trkpt lat="15.5170680676" lon="73.7484893762"><ele>-2.27</ele><time>2025-11-18T01:55:00Z</time><extensions><gpxtpx:TrackPointExtension><gpxtpx:cad>0</gpxtpx:cad></gpxtpx:TrackPointExtension></extensions></trkpt><trkpt lat="15.5171908624" lon="73.7483929005"><ele>-1.79</ele><time>2025-11-18T01:55:05Z</time><extensions><gpxtpx:TrackPointExtension><gpxtpx:cad>0</gpxtpx:cad></gpxtpx:TrackPointExtension></extensions></trkpt><trkpt lat="15.5172978994" lon="73.7482696865"><ele>-1.79</ele><time>2025-11-18T01:55:10Z</time><extensions><gpxtpx:TrackPointExtension><gpxtpx:cad>0</gpxtpx:cad></gpxtpx:TrackPointExtension></extensions></trkpt><trkpt lat="15.5174014159" lon="73.7481547706"><ele>-1.79</ele><time>2025-11-18T01:55:15Z</time><extensions><gpxtpx:TrackPointExtension><gpxtpx:cad>0</gpxtpx:cad></gpxtpx:TrackPointExtension></extensions></trkpt><trkpt lat="15.5174988974" lon="73.7480318919"><ele>-1.79</ele><time>2025-11-18T01:55:20Z</time><extensions><gpxtpx:TrackPointExtension><gpxtpx:cad>0</gpxtpx:cad></gpxtpx:TrackPointExtension></extensions></trkpt><trkpt lat="15.5175900925" lon="73.7478966080"><ele>-1.79</ele><time>2025-11-18T01:55:25Z</time><extensions><gpxtpx:TrackPointExtension><gpxtpx:cad>0</gpxtpx:cad></gpxtpx:TrackPointExtension></extensions></trkpt><trkpt lat="15.5176843051" lon="73.7477708794"><ele>-1.30</ele><time>2025-11-18T01:55:30Z</time><extensions><gpxtpx:TrackPointExtension><gpxtpx:cad>0</gpxtpx:cad></gpxtpx:TrackPointExtension></extensions></trkpt><trkpt lat="15.5177817866" lon="73.7476372719"><ele>-1.79</ele><time>2025-11-18T01:55:35Z</time><extensions><gpxtpx:TrackPointExtension><gpxtpx:cad>0</gpxtpx:cad></gpxtpx:TrackPointExtension></extensions></trkpt><trkpt lat="15.5178824533" lon="73.7475167401"><ele>-1.79</ele><time>2025-11-18T01:55:40Z</time><extensions><gpxtpx:TrackPointExtension><gpxtpx:cad>0</gpxtpx:cad></gpxtpx:TrackPointExtension></extensions></trkpt><trkpt lat="15.5180018116" lon="73.7474030815"><ele>-1.30</ele><time>2025-11-18T01:55:45Z</time><extensions><gpxtpx:TrackPointExtension><gpxtpx:cad>0</gpxtpx:cad></gpxtpx:TrackPointExtension></extensions></trkpt><trkpt lat="15.5181113631" lon="73.7472876627"><ele>-1.30</ele><time>2025-11-18T01:55:50Z</time><extensions><gpxtpx:TrackPointExtension><gpxtpx:cad>0</gpxtpx:cad></gpxtpx:TrackPointExtension></extensions></trkpt><trkpt lat="15.5182207469" lon="73.7471760157"><ele>-0.82</ele><time>2025-11-18T01:55:55Z</time><extensions><gpxtpx:TrackPointExtension><gpxtpx:cad>0</gpxtpx:cad></gpxtpx:TrackPointExtension></extensions></trkpt><trkpt lat="15.5183416139" lon="73.7470696494"><ele>-0.34</ele><time>2025-11-18T01:56:00Z</time><extensions><gpxtpx:TrackPointExtension><gpxtpx:cad>0</gpxtpx:cad></gpxtpx:TrackPointExtension></extensions></trkpt><trkpt lat="15.5184398498" lon="73.7469566613"><ele>-0.82</ele><time>2025-11-18T01:56:05Z</time><extensions><gpxtpx:TrackPointExtension><gpxtpx:cad>0</gpxtpx:cad></gpxtpx:TrackPointExtension></extensions></trkpt><trkpt lat="15.5185459647" lon="73.7468393147"><ele>-1.79</ele><time>2025-11-18T01:56:10Z</time><extensions><gpxtpx:TrackPointExtension><gpxtpx:cad>0</gpxtpx:cad></gpxtpx:TrackPointExtension></extensions></trkpt><trkpt lat="15.5186479725" lon="73.7467241473"><ele>-1.79</ele><time>2025-11-18T01:56:15Z</time><extensions><gpxtpx:TrackPointExtension><gpxtpx:cad>0</gpxtpx:cad></gpxtpx:TrackPointExtension></extensions></trkpt><trkpt lat="15.5187444482" lon="73.7466033641"><ele>-1.30</ele><time>2025-11-18T01:56:20Z</time><extensions><gpxtpx:TrackPointExtension><gpxtpx:cad>0</gpxtpx:cad></gpxtpx:TrackPointExtension></extensions></trkpt><trkpt lat="15.5188560952" lon="73.7464821618"><ele>-1.30</ele><time>2025-11-18T01:56:25Z</time><extensions><gpxtpx:TrackPointExtension><gpxtpx:cad>0</gpxtpx:cad></gpxtpx:TrackPointExtension></extensions></trkpt><trkpt lat="15.5189669877" lon="73.7463656534"><ele>-1.30</ele><time>2025-11-18T01:56:30Z</time><extensions><gpxtpx:TrackPointExtension><gpxtpx:cad>0</gpxtpx:cad></gpxtpx:TrackPointExtension></extensions></trkpt><trkpt lat="15.5190710071" lon="73.7462519947"><ele>-1.30</ele><time>2025-11-18T01:56:35Z</time><extensions><gpxtpx:TrackPointExtension><gpxtpx:cad>0</gpxtpx:cad></gpxtpx:TrackPointExtension></extensions></trkpt><trkpt lat="15.5191842467" lon="73.7461449578"><ele>-1.30</ele><time>2025-11-18T01:56:40Z</time><extensions><gpxtpx:TrackPointExtension><gpxtpx:cad>0</gpxtpx:cad></gpxtpx:TrackPointExtension></extensions></trkpt><trkpt lat="15.5192911997" lon="73.7460332271"><ele>-1.30</ele><time>2025-11-18T01:56:45Z</time><extensions><gpxtpx:TrackPointExtension><gpxtpx:cad>0</gpxtpx:cad></gpxtpx:TrackPointExtension></extensions></trkpt><trkpt lat="15.5193985719" lon="73.7459119409"><ele>-1.30</ele><time>2025-11-18T01:56:50Z</time><extensions><gpxtpx:TrackPointExtension><gpxtpx:cad>0</gpxtpx:cad></gpxtpx:TrackPointExtension></extensions></trkpt><trkpt lat="15.5195009988" lon="73.7457936723"><ele>-0.82</ele><time>2025-11-18T01:56:55Z</time><extensions><gpxtpx:TrackPointExtension><gpxtpx:cad>0</gpxtpx:cad></gpxtpx:TrackPointExtension></extensions></trkpt><trkpt lat="15.5196066108" lon="73.7456769124"><ele>-0.82</ele><time>2025-11-18T01:57:00Z</time><extensions><gpxtpx:TrackPointExtension><gpxtpx:cad>0</gpxtpx:cad></gpxtpx:TrackPointExtension></extensions></trkpt><trkpt lat="15.5197186768" lon="73.7455630023"><ele>-0.82</ele><time>2025-11-18T01:57:05Z</time><extensions><gpxtpx:TrackPointExtension><gpxtpx:cad>0</gpxtpx:cad></gpxtpx:TrackPointExtension></extensions></trkpt><trkpt lat="15.5198304076" lon="73.7454547081"><ele>-1.30</ele><time>2025-11-18T01:57:10Z</time><extensions><gpxtpx:TrackPointExtension><gpxtpx:cad>0</gpxtpx:cad></gpxtpx:TrackPointExtension></extensions></trkpt><trkpt lat="15.5199491791" lon="73.7453435641"><ele>-1.30</ele><time>2025-11-18T01:57:15Z</time><extensions><gpxtpx:TrackPointExtension><gpxtpx:cad>0</gpxtpx:cad></gpxtpx:TrackPointExtension></extensions></trkpt><trkpt lat="15.5200671963" lon="73.7452391256"><ele>-1.30</ele><time>2025-11-18T01:57:20Z</time><extensions><gpxtpx:TrackPointExtension><gpxtpx:cad>0</gpxtpx:cad></gpxtpx:TrackPointExtension></extensions></trkpt><trkpt lat="15.5201928411" lon="73.7451429013"><ele>-1.30</ele><time>2025-11-18T01:57:25Z</time><extensions><gpxtpx:TrackPointExtension><gpxtpx:cad>0</gpxtpx:cad></gpxtpx:TrackPointExtension></extensions></trkpt><trkpt lat="15.5203327350" lon="73.7451199349"><ele>-1.30</ele><time>2025-11-18T01:57:30Z</time><extensions><gpxtpx:TrackPointExtension><gpxtpx:cad>0</gpxtpx:cad></gpxtpx:TrackPointExtension></extensions></trkpt><trkpt lat="15.5204687733" lon="73.7451662030"><ele>-0.82</ele><time>2025-11-18T01:57:35Z</time><extensions><gpxtpx:TrackPointExtension><gpxtpx:cad>0</gpxtpx:cad></gpxtpx:TrackPointExtension></extensions></trkpt><trkpt lat="15.5206037220" lon="73.7452450767"><ele>-1.30</ele><time>2025-11-18T01:57:40Z</time><extensions><gpxtpx:TrackPointExtension><gpxtpx:cad>0</gpxtpx:cad></gpxtpx:TrackPointExtension></extensions></trkpt><trkpt lat="15.5207422748" lon="73.7453179155"><ele>-1.79</ele><time>2025-11-18T01:57:45Z</time><extensions><gpxtpx:TrackPointExtension><gpxtpx:cad>0</gpxtpx:cad></gpxtpx:TrackPointExtension></extensions></trkpt><trkpt lat="15.5208824202" lon="73.7453915086"><ele>-2.27</ele><time>2025-11-18T01:57:50Z</time><extensions><gpxtpx:TrackPointExtension><gpxtpx:cad>0</gpxtpx:cad></gpxtpx:TrackPointExtension></extensions></trkpt><trkpt lat="15.5210132618" lon="73.7454683706"><ele>-1.79</ele><time>2025-11-18T01:57:55Z</time><extensions><gpxtpx:TrackPointExtension><gpxtpx:cad>0</gpxtpx:cad></gpxtpx:TrackPointExtension></extensions></trkpt><trkpt lat="15.5211538263" lon="73.7455454003"><ele>-1.79</ele><time>2025-11-18T01:58:00Z</time><extensions><gpxtpx:TrackPointExtension><gpxtpx:cad>0</gpxtpx:cad></gpxtpx:TrackPointExtension></extensions></trkpt><trkpt lat="15.5212947261" lon="73.7456215080"><ele>-1.30</ele><time>2025-11-18T01:58:05Z</time><extensions><gpxtpx:TrackPointExtension><gpxtpx:cad>0</gpxtpx:cad></gpxtpx:TrackPointExtension></extensions></trkpt><trkpt lat="15.5214327760" lon="73.7456958555"><ele>-1.79</ele><time>2025-11-18T01:58:10Z</time><extensions><gpxtpx:TrackPointExtension><gpxtpx:cad>0</gpxtpx:cad></gpxtpx:TrackPointExtension></extensions></trkpt><trkpt lat="15.5215727538" lon="73.7457640842"><ele>-1.30</ele><time>2025-11-18T01:58:15Z</time><extensions><gpxtpx:TrackPointExtension><gpxtpx:cad>0</gpxtpx:cad></gpxtpx:TrackPointExtension></extensions></trkpt><trkpt lat="15.5217165872" lon="73.7458290439"><ele>-1.30</ele><time>2025-11-18T01:58:20Z</time><extensions><gpxtpx:TrackPointExtension><gpxtpx:cad>0</gpxtpx:cad></gpxtpx:TrackPointExtension></extensions></trkpt><trkpt lat="15.5218617618" lon="73.7458924111"><ele>-1.30</ele><time>2025-11-18T01:58:25Z</time><extensions><gpxtpx:TrackPointExtension><gpxtpx:cad>0</gpxtpx:cad></gpxtpx:TrackPointExtension></extensions></trkpt><trkpt lat="15.5219967943" lon="73.7459582090"><ele>-1.30</ele><time>2025-11-18T01:58:30Z</time><extensions><gpxtpx:TrackPointExtension><gpxtpx:cad>0</gpxtpx:cad></gpxtpx:TrackPointExtension></extensions></trkpt><trkpt lat="15.5221325811" lon="73.7460287847"><ele>-1.79</ele><time>2025-11-18T01:58:35Z</time><extensions><gpxtpx:TrackPointExtension><gpxtpx:cad>0</gpxtpx:cad></gpxtpx:TrackPointExtension></extensions></trkpt><trkpt lat="15.5222618300" lon="73.7461244222"><ele>-1.30</ele><time>2025-11-18T01:58:40Z</time><extensions><gpxtpx:TrackPointExtension><gpxtpx:cad>0</gpxtpx:cad></gpxtpx:TrackPointExtension></extensions></trkpt><trkpt lat="15.5223811883" lon="73.7462384999"><ele>-1.30</ele><time>2025-11-18T01:58:45Z</time><extensions><gpxtpx:TrackPointExtension><gpxtpx:cad>0</gpxtpx:cad></gpxtpx:TrackPointExtension></extensions></trkpt><trkpt lat="15.5225065816" lon="73.7463272642"><ele>-1.79</ele><time>2025-11-18T01:58:50Z</time><extensions><gpxtpx:TrackPointExtension><gpxtpx:cad>0</gpxtpx:cad></gpxtpx:TrackPointExtension></extensions></trkpt><trkpt lat="15.5226371717" lon="73.7464116700"><ele>-1.30</ele><time>2025-11-18T01:58:55Z</time><extensions><gpxtpx:TrackPointExtension><gpxtpx:cad>0</gpxtpx:cad></gpxtpx:TrackPointExtension></extensions></trkpt><trkpt lat="15.5227730423" lon="73.7464986742"><ele>-1.30</ele><time>2025-11-18T01:59:00Z</time><extensions><gpxtpx:TrackPointExtension><gpxtpx:cad>0</gpxtpx:cad></gpxtpx:TrackPointExtension></extensions></trkpt><trkpt lat="15.5229040515" lon="73.7465829961"><ele>-1.30</ele><time>2025-11-18T01:59:05Z</time><extensions><gpxtpx:TrackPointExtension><gpxtpx:cad>0</gpxtpx:cad></gpxtpx:TrackPointExtension></extensions></trkpt><trkpt lat="15.5230363179" lon="73.7466685753"><ele>-1.30</ele><time>2025-11-18T01:59:10Z</time><extensions><gpxtpx:TrackPointExtension><gpxtpx:cad>0</gpxtpx:cad></gpxtpx:TrackPointExtension></extensions></trkpt><trkpt lat="15.5231753737" lon="73.7467439286"><ele>-1.30</ele><time>2025-11-18T01:59:15Z</time><extensions><gpxtpx:TrackPointExtension><gpxtpx:cad>0</gpxtpx:cad></gpxtpx:TrackPointExtension></extensions></trkpt><trkpt lat="15.5233186204" lon="73.7468131632"><ele>-1.79</ele><time>2025-11-18T01:59:20Z</time><extensions><gpxtpx:TrackPointExtension><gpxtpx:cad>0</gpxtpx:cad></gpxtpx:TrackPointExtension></extensions></trkpt><trkpt lat="15.5234533176" lon="73.7468886841"><ele>-1.79</ele><time>2025-11-18T01:59:25Z</time><extensions><gpxtpx:TrackPointExtension><gpxtpx:cad>0</gpxtpx:cad></gpxtpx:TrackPointExtension></extensions></trkpt><trkpt lat="15.5235961452" lon="73.7469672225"><ele>-1.30</ele><time>2025-11-18T01:59:30Z</time><extensions><gpxtpx:TrackPointExtension><gpxtpx:cad>0</gpxtpx:cad></gpxtpx:TrackPointExtension></extensions></trkpt><trkpt lat="15.5237305071" lon="73.7470481079"><ele>-1.30</ele><time>2025-11-18T01:59:35Z</time><extensions><gpxtpx:TrackPointExtension><gpxtpx:cad>0</gpxtpx:cad></gpxtpx:TrackPointExtension></extensions></trkpt><trkpt lat="15.5238643661" lon="73.7471325137"><ele>-1.30</ele><time>2025-11-18T01:59:40Z</time><extensions><gpxtpx:TrackPointExtension><gpxtpx:cad>0</gpxtpx:cad></gpxtpx:TrackPointExtension></extensions></trkpt><trkpt lat="15.5239980575" lon="73.7472103816"><ele>-0.82</ele><time>2025-11-18T01:59:45Z</time><extensions><gpxtpx:TrackPointExtension><gpxtpx:cad>0</gpxtpx:cad></gpxtpx:TrackPointExtension></extensions></trkpt><trkpt lat="15.5241336767" lon="73.7472896744"><ele>-0.82</ele><time>2025-11-18T01:59:50Z</time><extensions><gpxtpx:TrackPointExtension><gpxtpx:cad>0</gpxtpx:cad></gpxtpx:TrackPointExtension></extensions></trkpt><trkpt lat="15.5242690444" lon="73.7473683804"><ele>-0.82</ele><time>2025-11-18T01:59:55Z</time><extensions><gpxtpx:TrackPointExtension><gpxtpx:cad>0</gpxtpx:cad></gpxtpx:TrackPointExtension></extensions></trkpt><trkpt lat="15.5244106147" lon="73.7474416383"><ele>-0.82</ele><time>2025-11-18T02:00:00Z</time><extensions><gpxtpx:TrackPointExtension><gpxtpx:cad>0</gpxtpx:cad></gpxtpx:TrackPointExtension></extensions></trkpt><trkpt lat="15.5245498382" lon="73.7475060113"><ele>-0.82</ele><time>2025-11-18T02:00:05Z</time><extensions><gpxtpx:TrackPointExtension><gpxtpx:cad>0</gpxtpx:cad></gpxtpx:TrackPointExtension></extensions></trkpt><trkpt lat="15.5246832781" lon="73.7475751620"><ele>-1.30</ele><time>2025-11-18T02:00:10Z</time><extensions><gpxtpx:TrackPointExtension><gpxtpx:cad>0</gpxtpx:cad></gpxtpx:TrackPointExtension></extensions></trkpt><trkpt lat="15.5248293746" lon="73.7476439774"><ele>-1.30</ele><time>2025-11-18T02:00:15Z</time><extensions><gpxtpx:TrackPointExtension><gpxtpx:cad>0</gpxtpx:cad></gpxtpx:TrackPointExtension></extensions></trkpt><trkpt lat="15.5249718670" lon="73.7477089372"><ele>-0.82</ele><time>2025-11-18T02:00:20Z</time><extensions><gpxtpx:TrackPointExtension><gpxtpx:cad>0</gpxtpx:cad></gpxtpx:TrackPointExtension></extensions></trkpt><trkpt lat="15.5251071509" lon="73.7477722205"><ele>-0.82</ele><time>2025-11-18T02:00:25Z</time><extensions><gpxtpx:TrackPointExtension><gpxtpx:cad>0</gpxtpx:cad></gpxtpx:TrackPointExtension></extensions></trkpt><trkpt lat="15.5252457876" lon="73.7478324864"><ele>-0.82</ele><time>2025-11-18T02:00:30Z</time><extensions><gpxtpx:TrackPointExtension><gpxtpx:cad>0</gpxtpx:cad></gpxtpx:TrackPointExtension></extensions></trkpt><trkpt lat="15.5253886990" lon="73.7478987873"><ele>-1.30</ele><time>2025-11-18T02:00:35Z</time><extensions><gpxtpx:TrackPointExtension><gpxtpx:cad>0</gpxtpx:cad></gpxtpx:TrackPointExtension></extensions></trkpt><trkpt lat="15.5255302694" lon="73.7479719613"><ele>-1.30</ele><time>2025-11-18T02:00:40Z</time><extensions><gpxtpx:TrackPointExtension><gpxtpx:cad>0</gpxtpx:cad></gpxtpx:TrackPointExtension></extensions></trkpt><trkpt lat="15.5256636254" lon="73.7480455544"><ele>-1.30</ele><time>2025-11-18T02:00:45Z</time><extensions><gpxtpx:TrackPointExtension><gpxtpx:cad>0</gpxtpx:cad></gpxtpx:TrackPointExtension></extensions></trkpt><trkpt lat="15.5257900245" lon="73.7481171358"><ele>-1.79</ele><time>2025-11-18T02:00:50Z</time><extensions><gpxtpx:TrackPointExtension><gpxtpx:cad>0</gpxtpx:cad></gpxtpx:TrackPointExtension></extensions></trkpt><trkpt lat="15.5259314273" lon="73.7481900584"><ele>-1.30</ele><time>2025-11-18T02:00:55Z</time><extensions><gpxtpx:TrackPointExtension><gpxtpx:cad>0</gpxtpx:cad></gpxtpx:TrackPointExtension></extensions></trkpt><trkpt lat="15.5260755960" lon="73.7482659146"><ele>-1.30</ele><time>2025-11-18T02:01:00Z</time><extensions><gpxtpx:TrackPointExtension><gpxtpx:cad>0</gpxtpx:cad></gpxtpx:TrackPointExtension></extensions></trkpt><trkpt lat="15.5262133107" lon="73.7483338919"><ele>-1.30</ele><time>2025-11-18T02:01:05Z</time><extensions><gpxtpx:TrackPointExtension><gpxtpx:cad>0</gpxtpx:cad></gpxtpx:TrackPointExtension></extensions></trkpt><trkpt lat="15.5263464991" lon="73.7484075688"><ele>-1.30</ele><time>2025-11-18T02:01:10Z</time><extensions><gpxtpx:TrackPointExtension><gpxtpx:cad>0</gpxtpx:cad></gpxtpx:TrackPointExtension></extensions></trkpt><trkpt lat="15.5264839623" lon="73.7484909687"><ele>-1.30</ele><time>2025-11-18T02:01:15Z</time><extensions><gpxtpx:TrackPointExtension><gpxtpx:cad>0</gpxtpx:cad></gpxtpx:TrackPointExtension></extensions></trkpt><trkpt lat="15.5266246106" lon="73.7485658191"><ele>-1.30</ele><time>2025-11-18T02:01:20Z</time><extensions><gpxtpx:TrackPointExtension><gpxtpx:cad>0</gpxtpx:cad></gpxtpx:TrackPointExtension></extensions></trkpt><trkpt lat="15.5267602298" lon="73.7486375682"><ele>-1.30</ele><time>2025-11-18T02:01:25Z</time><extensions><gpxtpx:TrackPointExtension><gpxtpx:cad>0</gpxtpx:cad></gpxtpx:TrackPointExtension></extensions></trkpt><trkpt lat="15.5268945079" lon="73.7487205490"><ele>-1.30</ele><time>2025-11-18T02:01:30Z</time><extensions><gpxtpx:TrackPointExtension><gpxtpx:cad>0</gpxtpx:cad></gpxtpx:TrackPointExtension></extensions></trkpt><trkpt lat="15.5270271935" lon="73.7488073856"><ele>-0.82</ele><time>2025-11-18T02:01:35Z</time><extensions><gpxtpx:TrackPointExtension><gpxtpx:cad>0</gpxtpx:cad></gpxtpx:TrackPointExtension></extensions></trkpt><trkpt lat="15.5271538440" lon="73.7488988321"><ele>-0.82</ele><time>2025-11-18T02:01:40Z</time><extensions><gpxtpx:TrackPointExtension><gpxtpx:cad>0</gpxtpx:cad></gpxtpx:TrackPointExtension></extensions></trkpt><trkpt lat="15.5272815842" lon="73.7489920389"><ele>-0.82</ele><time>2025-11-18T02:01:45Z</time><extensions><gpxtpx:TrackPointExtension><gpxtpx:cad>0</gpxtpx:cad></gpxtpx:TrackPointExtension></extensions></trkpt><trkpt lat="15.5274044629" lon="73.7490877602"><ele>-0.82</ele><time>2025-11-18T02:01:50Z</time><extensions><gpxtpx:TrackPointExtension><gpxtpx:cad>0</gpxtpx:cad></gpxtpx:TrackPointExtension></extensions></trkpt><trkpt lat="15.5275223963" lon="73.7491927855"><ele>-1.30</ele><time>2025-11-18T02:01:55Z</time><extensions><gpxtpx:TrackPointExtension><gpxtpx:cad>0</gpxtpx:cad></gpxtpx:TrackPointExtension></extensions></trkpt><trkpt lat="15.5276420061" lon="73.7492997386"><ele>-1.30</ele><time>2025-11-18T02:02:00Z</time><extensions><gpxtpx:TrackPointExtension><gpxtpx:cad>0</gpxtpx:cad></gpxtpx:TrackPointExtension></extensions></trkpt><trkpt lat="15.5277597718" lon="73.7493957952"><ele>-1.30</ele><time>2025-11-18T02:02:05Z</time><extensions><gpxtpx:TrackPointExtension><gpxtpx:cad>0</gpxtpx:cad></gpxtpx:TrackPointExtension></extensions></trkpt><trkpt lat="15.5278850812" lon="73.7495029159"><ele>-1.30</ele><time>2025-11-18T02:02:10Z</time><extensions><gpxtpx:TrackPointExtension><gpxtpx:cad>0</gpxtpx:cad></gpxtpx:TrackPointExtension></extensions></trkpt><trkpt lat="15.5280090496" lon="73.7496030796"><ele>-1.30</ele><time>2025-11-18T02:02:15Z</time><extensions><gpxtpx:TrackPointExtension><gpxtpx:cad>0</gpxtpx:cad></gpxtpx:TrackPointExtension></extensions></trkpt><trkpt lat="15.5281254742" lon="73.7497012317"><ele>-1.79</ele><time>2025-11-18T02:02:20Z</time><extensions><gpxtpx:TrackPointExtension><gpxtpx:cad>0</gpxtpx:cad></gpxtpx:TrackPointExtension></extensions></trkpt><trkpt lat="15.5282434076" lon="73.7497993838"><ele>-1.79</ele><time>2025-11-18T02:02:25Z</time><extensions><gpxtpx:TrackPointExtension><gpxtpx:cad>0</gpxtpx:cad></gpxtpx:TrackPointExtension></extensions></trkpt><trkpt lat="15.5283821281" lon="73.7498904113"><ele>-2.27</ele><time>2025-11-18T02:02:30Z</time><extensions><gpxtpx:TrackPointExtension><gpxtpx:cad>0</gpxtpx:cad></gpxtpx:TrackPointExtension></extensions></trkpt><trkpt lat="15.5285183340" lon="73.7499760743"><ele>-2.27</ele><time>2025-11-18T02:02:35Z</time><extensions><gpxtpx:TrackPointExtension><gpxtpx:cad>0</gpxtpx:cad></gpxtpx:TrackPointExtension></extensions></trkpt><trkpt lat="15.5286471639" lon="73.7500466499"><ele>-2.75</ele><time>2025-11-18T02:02:40Z</time><extensions><gpxtpx:TrackPointExtension><gpxtpx:cad>0</gpxtpx:cad></gpxtpx:TrackPointExtension></extensions></trkpt><trkpt lat="15.5287735630" lon="73.7501288764"><ele>-2.27</ele><time>2025-11-18T02:02:45Z</time><extensions><gpxtpx:TrackPointExtension><gpxtpx:cad>0</gpxtpx:cad></gpxtpx:TrackPointExtension></extensions></trkpt><trkpt lat="15.5289176479" lon="73.7502199877"><ele>-2.27</ele><time>2025-11-18T02:02:50Z</time><extensions><gpxtpx:TrackPointExtension><gpxtpx:cad>0</gpxtpx:cad></gpxtpx:TrackPointExtension></extensions></trkpt><trkpt lat="15.5290551949" lon="73.7503065728"><ele>-2.27</ele><time>2025-11-18T02:02:55Z</time><extensions><gpxtpx:TrackPointExtension><gpxtpx:cad>0</gpxtpx:cad></gpxtpx:TrackPointExtension></extensions></trkpt><trkpt lat="15.5291743856" lon="73.7503898051"><ele>-2.27</ele><time>2025-11-18T02:03:00Z</time><extensions><gpxtpx:TrackPointExtension><gpxtpx:cad>0</gpxtpx:cad></gpxtpx:TrackPointExtension></extensions></trkpt><trkpt lat="15.5292975996" lon="73.7504595425"><ele>-2.27</ele><time>2025-11-18T02:03:05Z</time><extensions><gpxtpx:TrackPointExtension><gpxtpx:cad>0</gpxtpx:cad></gpxtpx:TrackPointExtension></extensions></trkpt><trkpt lat="15.5294363201" lon="73.7505483907"><ele>-1.79</ele><time>2025-11-18T02:03:10Z</time><extensions><gpxtpx:TrackPointExtension><gpxtpx:cad>0</gpxtpx:cad></gpxtpx:TrackPointExtension></extensions></trkpt><trkpt lat="15.5295781419" lon="73.7506317068"><ele>-1.79</ele><time>2025-11-18T02:03:15Z</time><extensions><gpxtpx:TrackPointExtension><gpxtpx:cad>0</gpxtpx:cad></gpxtpx:TrackPointExtension></extensions></trkpt><trkpt lat="15.5297024455" lon="73.7507091556"><ele>-2.27</ele><time>2025-11-18T02:03:20Z</time><extensions><gpxtpx:TrackPointExtension><gpxtpx:cad>0</gpxtpx:cad></gpxtpx:TrackPointExtension></extensions></trkpt><trkpt lat="15.5298267491" lon="73.7507917173"><ele>-2.75</ele><time>2025-11-18T02:03:25Z</time><extensions><gpxtpx:TrackPointExtension><gpxtpx:cad>0</gpxtpx:cad></gpxtpx:TrackPointExtension></extensions></trkpt><trkpt lat="15.5299590155" lon="73.7508844212"><ele>-2.75</ele><time>2025-11-18T02:03:30Z</time><extensions><gpxtpx:TrackPointExtension><gpxtpx:cad>0</gpxtpx:cad></gpxtpx:TrackPointExtension></extensions></trkpt><trkpt lat="15.5300784577" lon="73.7509769574"><ele>-2.75</ele><time>2025-11-18T02:03:35Z</time><extensions><gpxtpx:TrackPointExtension><gpxtpx:cad>0</gpxtpx:cad></gpxtpx:TrackPointExtension></extensions></trkpt><trkpt lat="15.5302145798" lon="73.7510610279"><ele>-2.27</ele><time>2025-11-18T02:03:40Z</time><extensions><gpxtpx:TrackPointExtension><gpxtpx:cad>0</gpxtpx:cad></gpxtpx:TrackPointExtension></extensions></trkpt><trkpt lat="15.5303464271" lon="73.7511363812"><ele>-2.27</ele><time>2025-11-18T02:03:45Z</time><extensions><gpxtpx:TrackPointExtension><gpxtpx:cad>0</gpxtpx:cad></gpxtpx:TrackPointExtension></extensions></trkpt><trkpt lat="15.5304748379" lon="73.7512173504"><ele>-2.27</ele><time>2025-11-18T02:03:50Z</time><extensions><gpxtpx:TrackPointExtension><gpxtpx:cad>0</gpxtpx:cad></gpxtpx:TrackPointExtension></extensions></trkpt><trkpt lat="15.5305969622" lon="73.7513051927"><ele>-1.79</ele><time>2025-11-18T02:03:55Z</time><extensions><gpxtpx:TrackPointExtension><gpxtpx:cad>0</gpxtpx:cad></gpxtpx:TrackPointExtension></extensions></trkpt><trkpt lat="15.5307420529" lon="73.7513914425"><ele>-1.79</ele><time>2025-11-18T02:04:00Z</time><extensions><gpxtpx:TrackPointExtension><gpxtpx:cad>0</gpxtpx:cad></gpxtpx:TrackPointExtension></extensions></trkpt><trkpt lat="15.5308736488" lon="73.7514547259"><ele>-2.27</ele><time>2025-11-18T02:04:05Z</time><extensions><gpxtpx:TrackPointExtension><gpxtpx:cad>0</gpxtpx:cad></gpxtpx:TrackPointExtension></extensions></trkpt><trkpt lat="15.5310046580" lon="73.7515205238"><ele>-2.75</ele><time>2025-11-18T02:04:10Z</time><extensions><gpxtpx:TrackPointExtension><gpxtpx:cad>0</gpxtpx:cad></gpxtpx:TrackPointExtension></extensions></trkpt><trkpt lat="15.5311283749" lon="73.7515953742"><ele>-2.27</ele><time>2025-11-18T02:04:15Z</time><extensions><gpxtpx:TrackPointExtension><gpxtpx:cad>0</gpxtpx:cad></gpxtpx:TrackPointExtension></extensions></trkpt><trkpt lat="15.5312636588" lon="73.7516806182"><ele>-1.79</ele><time>2025-11-18T02:04:20Z</time><extensions><gpxtpx:TrackPointExtension><gpxtpx:cad>0</gpxtpx:cad></gpxtpx:TrackPointExtension></extensions></trkpt><trkpt lat="15.5314055644" lon="73.7517670356"><ele>-0.34</ele><time>2025-11-18T02:04:25Z</time><extensions><gpxtpx:TrackPointExtension><gpxtpx:cad>0</gpxtpx:cad></gpxtpx:TrackPointExtension></extensions></trkpt><trkpt lat="15.5315264314" lon="73.7518381979"><ele>-0.34</ele><time>2025-11-18T02:04:30Z</time><extensions><gpxtpx:TrackPointExtension><gpxtpx:cad>0</gpxtpx:cad></gpxtpx:TrackPointExtension></extensions></trkpt><trkpt lat="15.5316445325" lon="73.7519229390"><ele>-0.34</ele><time>2025-11-18T02:04:35Z</time><extensions><gpxtpx:TrackPointExtension><gpxtpx:cad>0</gpxtpx:cad></gpxtpx:TrackPointExtension></extensions></trkpt><trkpt lat="15.5317752901" lon="73.7520140503"><ele>-0.34</ele><time>2025-11-18T02:04:40Z</time><extensions><gpxtpx:TrackPointExtension><gpxtpx:cad>0</gpxtpx:cad></gpxtpx:TrackPointExtension></extensions></trkpt><trkpt lat="15.5319131725" lon="73.7521143816"><ele>0.14</ele><time>2025-11-18T02:04:45Z</time><extensions><gpxtpx:TrackPointExtension><gpxtpx:cad>0</gpxtpx:cad></gpxtpx:TrackPointExtension></extensions></trkpt><trkpt lat="15.5320094805" lon="73.7522033136"><ele>-0.34</ele><time>2025-11-18T02:04:50Z</time><extensions><gpxtpx:TrackPointExtension><gpxtpx:cad>0</gpxtpx:cad></gpxtpx:TrackPointExtension></extensions></trkpt><trkpt lat="15.5321145058" lon="73.7522954307"><ele>-0.34</ele><time>2025-11-18T02:04:55Z</time><extensions><gpxtpx:TrackPointExtension><gpxtpx:cad>0</gpxtpx:cad></gpxtpx:TrackPointExtension></extensions></trkpt><trkpt lat="15.5322335288" lon="73.7524126936"><ele>-0.34</ele><time>2025-11-18T02:05:00Z</time><extensions><gpxtpx:TrackPointExtension><gpxtpx:cad>0</gpxtpx:cad></gpxtpx:TrackPointExtension></extensions></trkpt><trkpt lat="15.5323559046" lon="73.7525286991"><ele>0.14</ele><time>2025-11-18T02:05:05Z</time><extensions><gpxtpx:TrackPointExtension><gpxtpx:cad>0</gpxtpx:cad></gpxtpx:TrackPointExtension></extensions></trkpt><trkpt lat="15.5324732512" lon="73.7526099198"><ele>-0.34</ele><time>2025-11-18T02:05:10Z</time><extensions><gpxtpx:TrackPointExtension><gpxtpx:cad>0</gpxtpx:cad></gpxtpx:TrackPointExtension></extensions></trkpt><trkpt lat="15.5325827189" lon="73.7526996899"><ele>-0.82</ele><time>2025-11-18T02:05:15Z</time><extensions><gpxtpx:TrackPointExtension><gpxtpx:cad>0</gpxtpx:cad></gpxtpx:TrackPointExtension></extensions></trkpt><trkpt lat="15.5327035021" lon="73.7528022006"><ele>-1.30</ele><time>2025-11-18T02:05:20Z</time><extensions><gpxtpx:TrackPointExtension><gpxtpx:cad>0</gpxtpx:cad></gpxtpx:TrackPointExtension></extensions></trkpt><trkpt lat="15.5328289792" lon="73.7528983410"><ele>-1.30</ele><time>2025-11-18T02:05:25Z</time><extensions><gpxtpx:TrackPointExtension><gpxtpx:cad>0</gpxtpx:cad></gpxtpx:TrackPointExtension></extensions></trkpt><trkpt lat="15.5329557974" lon="73.7529858481"><ele>-1.30</ele><time>2025-11-18T02:05:30Z</time><extensions><gpxtpx:TrackPointExtension><gpxtpx:cad>0</gpxtpx:cad></gpxtpx:TrackPointExtension></extensions></trkpt><trkpt lat="15.5330788437" lon="73.7530642189"><ele>-1.30</ele><time>2025-11-18T02:05:35Z</time><extensions><gpxtpx:TrackPointExtension><gpxtpx:cad>0</gpxtpx:cad></gpxtpx:TrackPointExtension></extensions></trkpt><trkpt lat="15.5332033150" lon="73.7531473674"><ele>-1.30</ele><time>2025-11-18T02:05:40Z</time><extensions><gpxtpx:TrackPointExtension><gpxtpx:cad>0</gpxtpx:cad></gpxtpx:TrackPointExtension></extensions></trkpt><trkpt lat="15.5333338212" lon="73.7532382272"><ele>-0.82</ele><time>2025-11-18T02:05:45Z</time><extensions><gpxtpx:TrackPointExtension><gpxtpx:cad>0</gpxtpx:cad></gpxtpx:TrackPointExtension></extensions></trkpt><trkpt lat="15.5334588792" lon="73.7533366308"><ele>-0.82</ele><time>2025-11-18T02:05:50Z</time><extensions><gpxtpx:TrackPointExtension><gpxtpx:cad>0</gpxtpx:cad></gpxtpx:TrackPointExtension></extensions></trkpt><trkpt lat="15.5335751362" lon="73.7534228805"><ele>-1.30</ele><time>2025-11-18T02:05:55Z</time><extensions><gpxtpx:TrackPointExtension><gpxtpx:cad>0</gpxtpx:cad></gpxtpx:TrackPointExtension></extensions></trkpt><trkpt lat="15.5336877890" lon="73.7535048556"><ele>-1.30</ele><time>2025-11-18T02:06:00Z</time><extensions><gpxtpx:TrackPointExtension><gpxtpx:cad>0</gpxtpx:cad></gpxtpx:TrackPointExtension></extensions></trkpt><trkpt lat="15.5338156130" lon="73.7535999902"><ele>-1.30</ele><time>2025-11-18T02:06:05Z</time><extensions><gpxtpx:TrackPointExtension><gpxtpx:cad>0</gpxtpx:cad></gpxtpx:TrackPointExtension></extensions></trkpt><trkpt lat="15.5339457002" lon="73.7537025847"><ele>-1.30</ele><time>2025-11-18T02:06:10Z</time><extensions><gpxtpx:TrackPointExtension><gpxtpx:cad>0</gpxtpx:cad></gpxtpx:TrackPointExtension></extensions></trkpt><trkpt lat="15.5340655614" lon="73.7537879124"><ele>-1.79</ele><time>2025-11-18T02:06:15Z</time><extensions><gpxtpx:TrackPointExtension><gpxtpx:cad>0</gpxtpx:cad></gpxtpx:TrackPointExtension></extensions></trkpt><trkpt lat="15.5341838300" lon="73.7538661156"><ele>-1.79</ele><time>2025-11-18T02:06:20Z</time><extensions><gpxtpx:TrackPointExtension><gpxtpx:cad>0</gpxtpx:cad></gpxtpx:TrackPointExtension></extensions></trkpt><trkpt lat="15.5343110673" lon="73.7539530359"><ele>-1.79</ele><time>2025-11-18T02:06:25Z</time><extensions><gpxtpx:TrackPointExtension><gpxtpx:cad>0</gpxtpx:cad></gpxtpx:TrackPointExtension></extensions></trkpt><trkpt lat="15.5344495364" lon="73.7540391181"><ele>-1.30</ele><time>2025-11-18T02:06:30Z</time><extensions><gpxtpx:TrackPointExtension><gpxtpx:cad>0</gpxtpx:cad></gpxtpx:TrackPointExtension></extensions></trkpt><trkpt lat="15.5345860776" lon="73.7541141361"><ele>-1.79</ele><time>2025-11-18T02:06:35Z</time><extensions><gpxtpx:TrackPointExtension><gpxtpx:cad>0</gpxtpx:cad></gpxtpx:TrackPointExtension></extensions></trkpt><trkpt lat="15.5347180087" lon="73.7541738991"><ele>-1.79</ele><time>2025-11-18T02:06:40Z</time><extensions><gpxtpx:TrackPointExtension><gpxtpx:cad>0</gpxtpx:cad></gpxtpx:TrackPointExtension></extensions></trkpt><trkpt lat="15.5348520353" lon="73.7542256992"><ele>-1.30</ele><time>2025-11-18T02:06:45Z</time><extensions><gpxtpx:TrackPointExtension><gpxtpx:cad>0</gpxtpx:cad></gpxtpx:TrackPointExtension></extensions></trkpt><trkpt lat="15.5349880736" lon="73.7542772479"><ele>-1.30</ele><time>2025-11-18T02:06:50Z</time><extensions><gpxtpx:TrackPointExtension><gpxtpx:cad>0</gpxtpx:cad></gpxtpx:TrackPointExtension></extensions></trkpt><trkpt lat="15.5350930989" lon="73.7543049082"><ele>-1.30</ele><time>2025-11-18T02:06:55Z</time><extensions><gpxtpx:TrackPointExtension><gpxtpx:cad>0</gpxtpx:cad></gpxtpx:TrackPointExtension></extensions></trkpt><trkpt lat="15.5351697095" lon="73.7543193251"><ele>-1.30</ele><time>2025-11-18T02:07:00Z</time><extensions><gpxtpx:TrackPointExtension><gpxtpx:cad>0</gpxtpx:cad></gpxtpx:TrackPointExtension></extensions></trkpt><trkpt lat="15.5352456495" lon="73.7543428782"><ele>-0.82</ele><time>2025-11-18T02:07:05Z</time><extensions><gpxtpx:TrackPointExtension><gpxtpx:cad>0</gpxtpx:cad></gpxtpx:TrackPointExtension></extensions></trkpt><trkpt lat="15.5353125371" lon="73.7543546967"><ele>-0.82</ele><time>2025-11-18T02:07:10Z</time><extensions><gpxtpx:TrackPointExtension><gpxtpx:cad>0</gpxtpx:cad></gpxtpx:TrackPointExtension></extensions></trkpt><trkpt lat="15.5353735574" lon="73.7543634977"><ele>-0.82</ele><time>2025-11-18T02:07:15Z</time><extensions><gpxtpx:TrackPointExtension><gpxtpx:cad>0</gpxtpx:cad></gpxtpx:TrackPointExtension></extensions></trkpt><trkpt lat="15.5354494974" lon="73.7543770764"><ele>-0.82</ele><time>2025-11-18T02:07:20Z</time><extensions><gpxtpx:TrackPointExtension><gpxtpx:cad>0</gpxtpx:cad></gpxtpx:TrackPointExtension></extensions></trkpt><trkpt lat="15.5355453026" lon="73.7543877214"><ele>-0.34</ele><time>2025-11-18T02:07:25Z</time><extensions><gpxtpx:TrackPointExtension><gpxtpx:cad>0</gpxtpx:cad></gpxtpx:TrackPointExtension></extensions></trkpt><trkpt lat="15.5356686842" lon="73.7544076703"><ele>-0.34</ele><time>2025-11-18T02:07:30Z</time><extensions><gpxtpx:TrackPointExtension><gpxtpx:cad>0</gpxtpx:cad></gpxtpx:TrackPointExtension></extensions></trkpt><trkpt lat="15.5358069856" lon="73.7544353306"><ele>-0.34</ele><time>2025-11-18T02:07:35Z</time><extensions><gpxtpx:TrackPointExtension><gpxtpx:cad>0</gpxtpx:cad></gpxtpx:TrackPointExtension></extensions></trkpt><trkpt lat="15.5359532498" lon="73.7544642482"><ele>-0.82</ele><time>2025-11-18T02:07:40Z</time><extensions><gpxtpx:TrackPointExtension><gpxtpx:cad>0</gpxtpx:cad></gpxtpx:TrackPointExtension></extensions></trkpt><trkpt lat="15.5360955745" lon="73.7545038108"><ele>-0.82</ele><time>2025-11-18T02:07:45Z</time><extensions><gpxtpx:TrackPointExtension><gpxtpx:cad>0</gpxtpx:cad></gpxtpx:TrackPointExtension></extensions></trkpt><trkpt lat="15.5362418387" lon="73.7545469776"><ele>-0.34</ele><time>2025-11-18T02:07:50Z</time><extensions><gpxtpx:TrackPointExtension><gpxtpx:cad>0</gpxtpx:cad></gpxtpx:TrackPointExtension></extensions></trkpt><trkpt lat="15.5363815650" lon="73.7545834389"><ele>-0.82</ele><time>2025-11-18T02:07:55Z</time><extensions><gpxtpx:TrackPointExtension><gpxtpx:cad>0</gpxtpx:cad></gpxtpx:TrackPointExtension></extensions></trkpt><trkpt lat="15.5365145858" lon="73.7546035554"><ele>-1.30</ele><time>2025-11-18T02:08:00Z</time><extensions><gpxtpx:TrackPointExtension><gpxtpx:cad>0</gpxtpx:cad></gpxtpx:TrackPointExtension></extensions></trkpt><trkpt lat="15.5366655439" lon="73.7546322215"><ele>-1.30</ele><time>2025-11-18T02:08:05Z</time><extensions><gpxtpx:TrackPointExtension><gpxtpx:cad>0</gpxtpx:cad></gpxtpx:TrackPointExtension></extensions></trkpt><trkpt lat="15.5368173402" lon="73.7546562776"><ele>-1.30</ele><time>2025-11-18T02:08:10Z</time><extensions><gpxtpx:TrackPointExtension><gpxtpx:cad>0</gpxtpx:cad></gpxtpx:TrackPointExtension></extensions></trkpt><trkpt lat="15.5369525403" lon="73.7546642404"><ele>-1.79</ele><time>2025-11-18T02:08:15Z</time><extensions><gpxtpx:TrackPointExtension><gpxtpx:cad>0</gpxtpx:cad></gpxtpx:TrackPointExtension></extensions></trkpt><trkpt lat="15.5370907579" lon="73.7546419445"><ele>-1.30</ele><time>2025-11-18T02:08:20Z</time><extensions><gpxtpx:TrackPointExtension><gpxtpx:cad>0</gpxtpx:cad></gpxtpx:TrackPointExtension></extensions></trkpt><trkpt lat="15.5372294784" lon="73.7546000350"><ele>-1.30</ele><time>2025-11-18T02:08:25Z</time><extensions><gpxtpx:TrackPointExtension><gpxtpx:cad>0</gpxtpx:cad></gpxtpx:TrackPointExtension></extensions></trkpt><trkpt lat="15.5373701267" lon="73.7545572035"><ele>-1.79</ele><time>2025-11-18T02:08:30Z</time><extensions><gpxtpx:TrackPointExtension><gpxtpx:cad>0</gpxtpx:cad></gpxtpx:TrackPointExtension></extensions></trkpt><trkpt lat="15.5375033990" lon="73.7545110192"><ele>-1.30</ele><time>2025-11-18T02:08:35Z</time><extensions><gpxtpx:TrackPointExtension><gpxtpx:cad>0</gpxtpx:cad></gpxtpx:TrackPointExtension></extensions></trkpt><trkpt lat="15.5376407783" lon="73.7544602249"><ele>-1.30</ele><time>2025-11-18T02:08:40Z</time><extensions><gpxtpx:TrackPointExtension><gpxtpx:cad>0</gpxtpx:cad></gpxtpx:TrackPointExtension></extensions></trkpt><trkpt lat="15.5377613939" lon="73.7543876376"><ele>-1.30</ele><time>2025-11-18T02:08:45Z</time><extensions><gpxtpx:TrackPointExtension><gpxtpx:cad>0</gpxtpx:cad></gpxtpx:TrackPointExtension></extensions></trkpt><trkpt lat="15.5378723703" lon="73.7542847078"><ele>-1.30</ele><time>2025-11-18T02:08:50Z</time><extensions><gpxtpx:TrackPointExtension><gpxtpx:cad>0</gpxtpx:cad></gpxtpx:TrackPointExtension></extensions></trkpt><trkpt lat="15.5379995238" lon="73.7541872263"><ele>-1.30</ele><time>2025-11-18T02:08:55Z</time><extensions><gpxtpx:TrackPointExtension><gpxtpx:cad>0</gpxtpx:cad></gpxtpx:TrackPointExtension></extensions></trkpt><trkpt lat="15.5381113384" lon="73.7540775072"><ele>-1.30</ele><time>2025-11-18T02:09:00Z</time><extensions><gpxtpx:TrackPointExtension><gpxtpx:cad>0</gpxtpx:cad></gpxtpx:TrackPointExtension></extensions></trkpt><trkpt lat="15.5382118374" lon="73.7539532036"><ele>-1.30</ele><time>2025-11-18T02:09:05Z</time><extensions><gpxtpx:TrackPointExtension><gpxtpx:cad>0</gpxtpx:cad></gpxtpx:TrackPointExtension></extensions></trkpt><trkpt lat="15.5383205507" lon="73.7538445741"><ele>-1.30</ele><time>2025-11-18T02:09:10Z</time><extensions><gpxtpx:TrackPointExtension><gpxtpx:cad>0</gpxtpx:cad></gpxtpx:TrackPointExtension></extensions></trkpt><trkpt lat="15.5384295993" lon="73.7537269760"><ele>-1.79</ele><time>2025-11-18T02:09:15Z</time><extensions><gpxtpx:TrackPointExtension><gpxtpx:cad>0</gpxtpx:cad></gpxtpx:TrackPointExtension></extensions></trkpt><trkpt lat="15.5385414977" lon="73.7536082882"><ele>-1.30</ele><time>2025-11-18T02:09:20Z</time><extensions><gpxtpx:TrackPointExtension><gpxtpx:cad>0</gpxtpx:cad></gpxtpx:TrackPointExtension></extensions></trkpt><trkpt lat="15.5386593472" lon="73.7535031792"><ele>-1.30</ele><time>2025-11-18T02:09:25Z</time><extensions><gpxtpx:TrackPointExtension><gpxtpx:cad>0</gpxtpx:cad></gpxtpx:TrackPointExtension></extensions></trkpt><trkpt lat="15.5387745984" lon="73.7533886824"><ele>-1.30</ele><time>2025-11-18T02:09:30Z</time><extensions><gpxtpx:TrackPointExtension><gpxtpx:cad>0</gpxtpx:cad></gpxtpx:TrackPointExtension></extensions></trkpt><trkpt lat="15.5388841499" lon="73.7532746885"><ele>-1.30</ele><time>2025-11-18T02:09:35Z</time><extensions><gpxtpx:TrackPointExtension><gpxtpx:cad>0</gpxtpx:cad></gpxtpx:TrackPointExtension></extensions></trkpt><trkpt lat="15.5390065257" lon="73.7531757820"><ele>-1.30</ele><time>2025-11-18T02:09:40Z</time><extensions><gpxtpx:TrackPointExtension><gpxtpx:cad>0</gpxtpx:cad></gpxtpx:TrackPointExtension></extensions></trkpt><trkpt lat="15.5391232017" lon="73.7530637160"><ele>-1.30</ele><time>2025-11-18T02:09:45Z</time><extensions><gpxtpx:TrackPointExtension><gpxtpx:cad>0</gpxtpx:cad></gpxtpx:TrackPointExtension></extensions></trkpt><trkpt lat="15.5392382015" lon="73.7529539969"><ele>-1.79</ele><time>2025-11-18T02:09:50Z</time><extensions><gpxtpx:TrackPointExtension><gpxtpx:cad>0</gpxtpx:cad></gpxtpx:TrackPointExtension></extensions></trkpt><trkpt lat="15.5393600743" lon="73.7528503127"><ele>-1.79</ele><time>2025-11-18T02:09:55Z</time><extensions><gpxtpx:TrackPointExtension><gpxtpx:cad>0</gpxtpx:cad></gpxtpx:TrackPointExtension></extensions></trkpt><trkpt lat="15.5394770857" lon="73.7527383305"><ele>-1.79</ele><time>2025-11-18T02:10:00Z</time><extensions><gpxtpx:TrackPointExtension><gpxtpx:cad>0</gpxtpx:cad></gpxtpx:TrackPointExtension></extensions></trkpt><trkpt lat="15.5395930912" lon="73.7526283599"><ele>-1.30</ele><time>2025-11-18T02:10:05Z</time><extensions><gpxtpx:TrackPointExtension><gpxtpx:cad>0</gpxtpx:cad></gpxtpx:TrackPointExtension></extensions></trkpt><trkpt lat="15.5396904889" lon="73.7525018770"><ele>-1.30</ele><time>2025-11-18T02:10:10Z</time><extensions><gpxtpx:TrackPointExtension><gpxtpx:cad>0</gpxtpx:cad></gpxtpx:TrackPointExtension></extensions></trkpt><trkpt lat="15.5397953466" lon="73.7523824349"><ele>-1.30</ele><time>2025-11-18T02:10:15Z</time><extensions><gpxtpx:TrackPointExtension><gpxtpx:cad>0</gpxtpx:cad></gpxtpx:TrackPointExtension></extensions></trkpt><trkpt lat="15.5399036407" lon="73.7522582151"><ele>-1.30</ele><time>2025-11-18T02:10:20Z</time><extensions><gpxtpx:TrackPointExtension><gpxtpx:cad>0</gpxtpx:cad></gpxtpx:TrackPointExtension></extensions></trkpt><trkpt lat="15.5400020443" lon="73.7521396950"><ele>-1.30</ele><time>2025-11-18T02:10:25Z</time><extensions><gpxtpx:TrackPointExtension><gpxtpx:cad>0</gpxtpx:cad></gpxtpx:TrackPointExtension></extensions></trkpt><trkpt lat="15.5401047226" lon="73.7520130444"><ele>-1.79</ele><time>2025-11-18T02:10:30Z</time><extensions><gpxtpx:TrackPointExtension><gpxtpx:cad>0</gpxtpx:cad></gpxtpx:TrackPointExtension></extensions></trkpt><trkpt lat="15.5402086582" lon="73.7518902496"><ele>-1.79</ele><time>2025-11-18T02:10:35Z</time><extensions><gpxtpx:TrackPointExtension><gpxtpx:cad>0</gpxtpx:cad></gpxtpx:TrackPointExtension></extensions></trkpt><trkpt lat="15.5403114203" lon="73.7517677899"><ele>-1.79</ele><time>2025-11-18T02:10:40Z</time><extensions><gpxtpx:TrackPointExtension><gpxtpx:cad>0</gpxtpx:cad></gpxtpx:TrackPointExtension></extensions></trkpt><trkpt lat="15.5404047109" lon="73.7516311649"><ele>-1.79</ele><time>2025-11-18T02:10:45Z</time><extensions><gpxtpx:TrackPointExtension><gpxtpx:cad>0</gpxtpx:cad></gpxtpx:TrackPointExtension></extensions></trkpt><trkpt lat="15.5404955707" lon="73.7515071128"><ele>-1.30</ele><time>2025-11-18T02:10:50Z</time><extensions><gpxtpx:TrackPointExtension><gpxtpx:cad>0</gpxtpx:cad></gpxtpx:TrackPointExtension></extensions></trkpt><trkpt lat="15.5405724328" lon="73.7513695657"><ele>-1.30</ele><time>2025-11-18T02:10:55Z</time><extensions><gpxtpx:TrackPointExtension><gpxtpx:cad>0</gpxtpx:cad></gpxtpx:TrackPointExtension></extensions></trkpt><trkpt lat="15.5406587664" lon="73.7512324378"><ele>-0.82</ele><time>2025-11-18T02:11:00Z</time><extensions><gpxtpx:TrackPointExtension><gpxtpx:cad>0</gpxtpx:cad></gpxtpx:TrackPointExtension></extensions></trkpt><trkpt lat="15.5407478660" lon="73.7510982435"><ele>-1.30</ele><time>2025-11-18T02:11:05Z</time><extensions><gpxtpx:TrackPointExtension><gpxtpx:cad>0</gpxtpx:cad></gpxtpx:TrackPointExtension></extensions></trkpt><trkpt lat="15.5408379715" lon="73.7509632949"><ele>-0.82</ele><time>2025-11-18T02:11:10Z</time><extensions><gpxtpx:TrackPointExtension><gpxtpx:cad>0</gpxtpx:cad></gpxtpx:TrackPointExtension></extensions></trkpt><trkpt lat="15.5409238860" lon="73.7508337945"><ele>-0.82</ele><time>2025-11-18T02:11:15Z</time><extensions><gpxtpx:TrackPointExtension><gpxtpx:cad>0</gpxtpx:cad></gpxtpx:TrackPointExtension></extensions></trkpt><trkpt lat="15.5410259776" lon="73.7507095747"><ele>-0.82</ele><time>2025-11-18T02:11:20Z</time><extensions><gpxtpx:TrackPointExtension><gpxtpx:cad>0</gpxtpx:cad></gpxtpx:TrackPointExtension></extensions></trkpt><trkpt lat="15.5411237106" lon="73.7505820859"><ele>-0.82</ele><time>2025-11-18T02:11:25Z</time><extensions><gpxtpx:TrackPointExtension><gpxtpx:cad>0</gpxtpx:cad></gpxtpx:TrackPointExtension></extensions></trkpt><trkpt lat="15.5412329268" lon="73.7504613865"><ele>-0.34</ele><time>2025-11-18T02:11:30Z</time><extensions><gpxtpx:TrackPointExtension><gpxtpx:cad>0</gpxtpx:cad></gpxtpx:TrackPointExtension></extensions></trkpt><trkpt lat="15.5413304921" lon="73.7503394298"><ele>-0.34</ele><time>2025-11-18T02:11:35Z</time><extensions><gpxtpx:TrackPointExtension><gpxtpx:cad>0</gpxtpx:cad></gpxtpx:TrackPointExtension></extensions></trkpt><trkpt lat="15.5414177477" lon="73.7502002064"><ele>-0.34</ele><time>2025-11-18T02:11:40Z</time><extensions><gpxtpx:TrackPointExtension><gpxtpx:cad>0</gpxtpx:cad></gpxtpx:TrackPointExtension></extensions></trkpt><trkpt lat="15.5415067635" lon="73.7500678562"><ele>-0.34</ele><time>2025-11-18T02:11:45Z</time><extensions><gpxtpx:TrackPointExtension><gpxtpx:cad>0</gpxtpx:cad></gpxtpx:TrackPointExtension></extensions></trkpt><trkpt lat="15.5415931810" lon="73.7499228492"><ele>-0.82</ele><time>2025-11-18T02:11:50Z</time><extensions><gpxtpx:TrackPointExtension><gpxtpx:cad>0</gpxtpx:cad></gpxtpx:TrackPointExtension></extensions></trkpt><trkpt lat="15.5416811910" lon="73.7497904990"><ele>-0.82</ele><time>2025-11-18T02:11:55Z</time><extensions><gpxtpx:TrackPointExtension><gpxtpx:cad>0</gpxtpx:cad></gpxtpx:TrackPointExtension></extensions></trkpt><trkpt lat="15.5417605676" lon="73.7496524490"><ele>-0.82</ele><time>2025-11-18T02:12:00Z</time><extensions><gpxtpx:TrackPointExtension><gpxtpx:cad>0</gpxtpx:cad></gpxtpx:TrackPointExtension></extensions></trkpt><trkpt lat="15.5418487452" lon="73.7495180033"><ele>-0.82</ele><time>2025-11-18T02:12:05Z</time><extensions><gpxtpx:TrackPointExtension><gpxtpx:cad>0</gpxtpx:cad></gpxtpx:TrackPointExtension></extensions></trkpt><trkpt lat="15.5419321451" lon="73.7493810430"><ele>-1.30</ele><time>2025-11-18T02:12:10Z</time><extensions><gpxtpx:TrackPointExtension><gpxtpx:cad>0</gpxtpx:cad></gpxtpx:TrackPointExtension></extensions></trkpt><trkpt lat="15.5420146231" lon="73.7492400594"><ele>-1.30</ele><time>2025-11-18T02:12:15Z</time><extensions><gpxtpx:TrackPointExtension><gpxtpx:cad>0</gpxtpx:cad></gpxtpx:TrackPointExtension></extensions></trkpt><trkpt lat="15.5420985259" lon="73.7491006684"><ele>-0.82</ele><time>2025-11-18T02:12:20Z</time><extensions><gpxtpx:TrackPointExtension><gpxtpx:cad>0</gpxtpx:cad></gpxtpx:TrackPointExtension></extensions></trkpt><trkpt lat="15.5421836022" lon="73.7489662226"><ele>-0.34</ele><time>2025-11-18T02:12:25Z</time><extensions><gpxtpx:TrackPointExtension><gpxtpx:cad>0</gpxtpx:cad></gpxtpx:TrackPointExtension></extensions></trkpt><trkpt lat="15.5422645714" lon="73.7488241494"><ele>-0.82</ele><time>2025-11-18T02:12:30Z</time><extensions><gpxtpx:TrackPointExtension><gpxtpx:cad>0</gpxtpx:cad></gpxtpx:TrackPointExtension></extensions></trkpt><trkpt lat="15.5423541740" lon="73.7486892007"><ele>-0.82</ele><time>2025-11-18T02:12:35Z</time><extensions><gpxtpx:TrackPointExtension><gpxtpx:cad>0</gpxtpx:cad></gpxtpx:TrackPointExtension></extensions></trkpt><trkpt lat="15.5424314551" lon="73.7485483009"><ele>-0.82</ele><time>2025-11-18T02:12:40Z</time><extensions><gpxtpx:TrackPointExtension><gpxtpx:cad>0</gpxtpx:cad></gpxtpx:TrackPointExtension></extensions></trkpt><trkpt lat="15.5425109155" lon="73.7484105024"><ele>-0.82</ele><time>2025-11-18T02:12:45Z</time><extensions><gpxtpx:TrackPointExtension><gpxtpx:cad>0</gpxtpx:cad></gpxtpx:TrackPointExtension></extensions></trkpt><trkpt lat="15.5425868556" lon="73.7482737098"><ele>-1.30</ele><time>2025-11-18T02:12:50Z</time><extensions><gpxtpx:TrackPointExtension><gpxtpx:cad>0</gpxtpx:cad></gpxtpx:TrackPointExtension></extensions></trkpt><trkpt lat="15.5426606163" lon="73.7481238414"><ele>-1.30</ele><time>2025-11-18T02:12:55Z</time><extensions><gpxtpx:TrackPointExtension><gpxtpx:cad>0</gpxtpx:cad></gpxtpx:TrackPointExtension></extensions></trkpt><trkpt lat="15.5427432619" lon="73.7479895633"><ele>-1.30</ele><time>2025-11-18T02:13:00Z</time><extensions><gpxtpx:TrackPointExtension><gpxtpx:cad>0</gpxtpx:cad></gpxtpx:TrackPointExtension></extensions></trkpt><trkpt lat="15.5428255722" lon="73.7478456460"><ele>-1.30</ele><time>2025-11-18T02:13:05Z</time><extensions><gpxtpx:TrackPointExtension><gpxtpx:cad>0</gpxtpx:cad></gpxtpx:TrackPointExtension></extensions></trkpt><trkpt lat="15.5429161806" lon="73.7477066740"><ele>-1.30</ele><time>2025-11-18T02:13:10Z</time><extensions><gpxtpx:TrackPointExtension><gpxtpx:cad>0</gpxtpx:cad></gpxtpx:TrackPointExtension></extensions></trkpt><trkpt lat="15.5430054478" lon="73.7475713901"><ele>-1.30</ele><time>2025-11-18T02:13:15Z</time><extensions><gpxtpx:TrackPointExtension><gpxtpx:cad>0</gpxtpx:cad></gpxtpx:TrackPointExtension></extensions></trkpt><trkpt lat="15.5430944636" lon="73.7474311609"><ele>-1.30</ele><time>2025-11-18T02:13:20Z</time><extensions><gpxtpx:TrackPointExtension><gpxtpx:cad>0</gpxtpx:cad></gpxtpx:TrackPointExtension></extensions></trkpt><trkpt lat="15.5431891792" lon="73.7473038398"><ele>-1.30</ele><time>2025-11-18T02:13:25Z</time><extensions><gpxtpx:TrackPointExtension><gpxtpx:cad>0</gpxtpx:cad></gpxtpx:TrackPointExtension></extensions></trkpt><trkpt lat="15.5432838108" lon="73.7471750099"><ele>-1.30</ele><time>2025-11-18T02:13:30Z</time><extensions><gpxtpx:TrackPointExtension><gpxtpx:cad>0</gpxtpx:cad></gpxtpx:TrackPointExtension></extensions></trkpt><trkpt lat="15.5433788616" lon="73.7470470183"><ele>-0.82</ele><time>2025-11-18T02:13:35Z</time><extensions><gpxtpx:TrackPointExtension><gpxtpx:cad>0</gpxtpx:cad></gpxtpx:TrackPointExtension></extensions></trkpt><trkpt lat="15.5434708949" lon="73.7469181884"><ele>-0.82</ele><time>2025-11-18T02:13:40Z</time><extensions><gpxtpx:TrackPointExtension><gpxtpx:cad>0</gpxtpx:cad></gpxtpx:TrackPointExtension></extensions></trkpt><trkpt lat="15.5435758363" lon="73.7467508856"><ele>-1.30</ele><time>2025-11-18T02:13:46Z</time><extensions><gpxtpx:TrackPointExtension><gpxtpx:cad>0</gpxtpx:cad></gpxtpx:TrackPointExtension></extensions></trkpt><trkpt lat="15.5436748266" lon="73.7466250733"><ele>-1.30</ele><time>2025-11-18T02:13:51Z</time><extensions><gpxtpx:TrackPointExtension><gpxtpx:cad>0</gpxtpx:cad></gpxtpx:TrackPointExtension></extensions></trkpt><trkpt lat="15.5437642615" lon="73.7464945670"><ele>-1.30</ele><time>2025-11-18T02:13:56Z</time><extensions><gpxtpx:TrackPointExtension><gpxtpx:cad>0</gpxtpx:cad></gpxtpx:TrackPointExtension></extensions></trkpt><trkpt lat="15.5438580550" lon="73.7463610433"><ele>-1.79</ele><time>2025-11-18T02:14:01Z</time><extensions><gpxtpx:TrackPointExtension><gpxtpx:cad>0</gpxtpx:cad></gpxtpx:TrackPointExtension></extensions></trkpt><trkpt lat="15.5439579673" lon="73.7462410145"><ele>-1.79</ele><time>2025-11-18T02:14:06Z</time><extensions><gpxtpx:TrackPointExtension><gpxtpx:cad>0</gpxtpx:cad></gpxtpx:TrackPointExtension></extensions></trkpt><trkpt lat="15.5440619029" lon="73.7461167946"><ele>-1.79</ele><time>2025-11-18T02:14:11Z</time><extensions><gpxtpx:TrackPointExtension><gpxtpx:cad>0</gpxtpx:cad></gpxtpx:TrackPointExtension></extensions></trkpt><trkpt lat="15.5441666767" lon="73.7459996156"><ele>-1.79</ele><time>2025-11-18T02:14:16Z</time><extensions><gpxtpx:TrackPointExtension><gpxtpx:cad>0</gpxtpx:cad></gpxtpx:TrackPointExtension></extensions></trkpt><trkpt lat="15.5442686845" lon="73.7458782457"><ele>-1.79</ele><time>2025-11-18T02:14:21Z</time><extensions><gpxtpx:TrackPointExtension><gpxtpx:cad>0</gpxtpx:cad></gpxtpx:TrackPointExtension></extensions></trkpt><trkpt lat="15.5443680938" lon="73.7457591388"><ele>-1.79</ele><time>2025-11-18T02:14:26Z</time><extensions><gpxtpx:TrackPointExtension><gpxtpx:cad>0</gpxtpx:cad></gpxtpx:TrackPointExtension></extensions></trkpt><trkpt lat="15.5444806628" lon="73.7456535269"><ele>-1.79</ele><time>2025-11-18T02:14:31Z</time><extensions><gpxtpx:TrackPointExtension><gpxtpx:cad>0</gpxtpx:cad></gpxtpx:TrackPointExtension></extensions></trkpt><trkpt lat="15.5445917230" lon="73.7455486692"><ele>-1.79</ele><time>2025-11-18T02:14:36Z</time><extensions><gpxtpx:TrackPointExtension><gpxtpx:cad>0</gpxtpx:cad></gpxtpx:TrackPointExtension></extensions></trkpt><trkpt lat="15.5447002687" lon="73.7454445660"><ele>-1.79</ele><time>2025-11-18T02:14:41Z</time><extensions><gpxtpx:TrackPointExtension><gpxtpx:cad>0</gpxtpx:cad></gpxtpx:TrackPointExtension></extensions></trkpt><trkpt lat="15.5448283441" lon="73.7453508563"><ele>-1.30</ele><time>2025-11-18T02:14:46Z</time><extensions><gpxtpx:TrackPointExtension><gpxtpx:cad>0</gpxtpx:cad></gpxtpx:TrackPointExtension></extensions></trkpt><trkpt lat="15.5449501332" lon="73.7452608347"><ele>-1.30</ele><time>2025-11-18T02:14:51Z</time><extensions><gpxtpx:TrackPointExtension><gpxtpx:cad>0</gpxtpx:cad></gpxtpx:TrackPointExtension></extensions></trkpt><trkpt lat="15.5450530630" lon="73.7451475952"><ele>-1.30</ele><time>2025-11-18T02:14:56Z</time><extensions><gpxtpx:TrackPointExtension><gpxtpx:cad>0</gpxtpx:cad></gpxtpx:TrackPointExtension></extensions></trkpt><trkpt lat="15.5451537296" lon="73.7450371217"><ele>-1.30</ele><time>2025-11-18T02:15:01Z</time><extensions><gpxtpx:TrackPointExtension><gpxtpx:cad>0</gpxtpx:cad></gpxtpx:TrackPointExtension></extensions></trkpt><trkpt lat="15.5452471878" lon="73.7449107226"><ele>-1.30</ele><time>2025-11-18T02:15:06Z</time><extensions><gpxtpx:TrackPointExtension><gpxtpx:cad>0</gpxtpx:cad></gpxtpx:TrackPointExtension></extensions></trkpt><trkpt lat="15.5453294981" lon="73.7447770312"><ele>-1.79</ele><time>2025-11-18T02:15:11Z</time><extensions><gpxtpx:TrackPointExtension><gpxtpx:cad>0</gpxtpx:cad></gpxtpx:TrackPointExtension></extensions></trkpt><trkpt lat="15.5454332661" lon="73.7446591817"><ele>-0.82</ele><time>2025-11-18T02:15:16Z</time><extensions><gpxtpx:TrackPointExtension><gpxtpx:cad>0</gpxtpx:cad></gpxtpx:TrackPointExtension></extensions></trkpt><trkpt lat="15.5455175880" lon="73.7445322797"><ele>-1.30</ele><time>2025-11-18T02:15:21Z</time><extensions><gpxtpx:TrackPointExtension><gpxtpx:cad>0</gpxtpx:cad></gpxtpx:TrackPointExtension></extensions></trkpt><trkpt lat="15.5456200987" lon="73.7444125861"><ele>-1.30</ele><time>2025-11-18T02:15:26Z</time><extensions><gpxtpx:TrackPointExtension><gpxtpx:cad>0</gpxtpx:cad></gpxtpx:TrackPointExtension></extensions></trkpt><trkpt lat="15.5457343441" lon="73.7443115003"><ele>-1.30</ele><time>2025-11-18T02:15:31Z</time><extensions><gpxtpx:TrackPointExtension><gpxtpx:cad>0</gpxtpx:cad></gpxtpx:TrackPointExtension></extensions></trkpt><trkpt lat="15.5458272155" lon="73.7441909686"><ele>-1.79</ele><time>2025-11-18T02:15:36Z</time><extensions><gpxtpx:TrackPointExtension><gpxtpx:cad>0</gpxtpx:cad></gpxtpx:TrackPointExtension></extensions></trkpt><trkpt lat="15.5459215958" lon="73.7440675031"><ele>-1.79</ele><time>2025-11-18T02:15:41Z</time><extensions><gpxtpx:TrackPointExtension><gpxtpx:cad>0</gpxtpx:cad></gpxtpx:TrackPointExtension></extensions></trkpt><trkpt lat="15.5460167304" lon="73.7439452950"><ele>-1.79</ele><time>2025-11-18T02:15:46Z</time><extensions><gpxtpx:TrackPointExtension><gpxtpx:cad>0</gpxtpx:cad></gpxtpx:TrackPointExtension></extensions></trkpt><trkpt lat="15.5461080931" lon="73.7438167166"><ele>-2.27</ele><time>2025-11-18T02:15:51Z</time><extensions><gpxtpx:TrackPointExtension><gpxtpx:cad>0</gpxtpx:cad></gpxtpx:TrackPointExtension></extensions></trkpt><trkpt lat="15.5462126154" lon="73.7437058240"><ele>-1.79</ele><time>2025-11-18T02:15:56Z</time><extensions><gpxtpx:TrackPointExtension><gpxtpx:cad>0</gpxtpx:cad></gpxtpx:TrackPointExtension></extensions></trkpt><trkpt lat="15.5463214964" lon="73.7435948476"><ele>-2.27</ele><time>2025-11-18T02:16:01Z</time><extensions><gpxtpx:TrackPointExtension><gpxtpx:cad>0</gpxtpx:cad></gpxtpx:TrackPointExtension></extensions></trkpt><trkpt lat="15.5464189779" lon="73.7434717175"><ele>-2.27</ele><time>2025-11-18T02:16:06Z</time><extensions><gpxtpx:TrackPointExtension><gpxtpx:cad>0</gpxtpx:cad></gpxtpx:TrackPointExtension></extensions></trkpt><trkpt lat="15.5465117656" lon="73.7433477491"><ele>-1.79</ele><time>2025-11-18T02:16:11Z</time><extensions><gpxtpx:TrackPointExtension><gpxtpx:cad>0</gpxtpx:cad></gpxtpx:TrackPointExtension></extensions></trkpt><trkpt lat="15.5465975963" lon="73.7432215177"><ele>-1.30</ele><time>2025-11-18T02:16:16Z</time><extensions><gpxtpx:TrackPointExtension><gpxtpx:cad>0</gpxtpx:cad></gpxtpx:TrackPointExtension></extensions></trkpt><trkpt lat="15.5466765538" lon="73.7430908438"><ele>-1.30</ele><time>2025-11-18T02:16:21Z</time><extensions><gpxtpx:TrackPointExtension><gpxtpx:cad>0</gpxtpx:cad></gpxtpx:TrackPointExtension></extensions></trkpt><trkpt lat="15.5467629712" lon="73.7429631874"><ele>-1.30</ele><time>2025-11-18T02:16:26Z</time><extensions><gpxtpx:TrackPointExtension><gpxtpx:cad>0</gpxtpx:cad></gpxtpx:TrackPointExtension></extensions></trkpt><trkpt lat="15.5468546692" lon="73.7428388000"><ele>-1.30</ele><time>2025-11-18T02:16:31Z</time><extensions><gpxtpx:TrackPointExtension><gpxtpx:cad>0</gpxtpx:cad></gpxtpx:TrackPointExtension></extensions></trkpt><trkpt lat="15.5469535757" lon="73.7427232973"><ele>-0.82</ele><time>2025-11-18T02:16:36Z</time><extensions><gpxtpx:TrackPointExtension><gpxtpx:cad>0</gpxtpx:cad></gpxtpx:TrackPointExtension></extensions></trkpt><trkpt lat="15.5470419209" lon="73.7426067051"><ele>-1.30</ele><time>2025-11-18T02:16:41Z</time><extensions><gpxtpx:TrackPointExtension><gpxtpx:cad>0</gpxtpx:cad></gpxtpx:TrackPointExtension></extensions></trkpt><trkpt lat="15.5471321940" lon="73.7424822338"><ele>-1.30</ele><time>2025-11-18T02:16:46Z</time><extensions><gpxtpx:TrackPointExtension><gpxtpx:cad>0</gpxtpx:cad></gpxtpx:TrackPointExtension></extensions></trkpt><trkpt lat="15.5472301785" lon="73.7423613667"><ele>-1.30</ele><time>2025-11-18T02:16:51Z</time><extensions><gpxtpx:TrackPointExtension><gpxtpx:cad>0</gpxtpx:cad></gpxtpx:TrackPointExtension></extensions></trkpt><trkpt lat="15.5473210383" lon="73.7422361411"><ele>-1.79</ele><time>2025-11-18T02:16:56Z</time><extensions><gpxtpx:TrackPointExtension><gpxtpx:cad>0</gpxtpx:cad></gpxtpx:TrackPointExtension></extensions></trkpt><trkpt lat="15.5474210344" lon="73.7421169505"><ele>-2.27</ele><time>2025-11-18T02:17:01Z</time><extensions><gpxtpx:TrackPointExtension><gpxtpx:cad>0</gpxtpx:cad></gpxtpx:TrackPointExtension></extensions></trkpt><trkpt lat="15.5475245509" lon="73.7420010287"><ele>-2.75</ele><time>2025-11-18T02:17:06Z</time><extensions><gpxtpx:TrackPointExtension><gpxtpx:cad>0</gpxtpx:cad></gpxtpx:TrackPointExtension></extensions></trkpt><trkpt lat="15.5476374552" lon="73.7418967579"><ele>-2.75</ele><time>2025-11-18T02:17:11Z</time><extensions><gpxtpx:TrackPointExtension><gpxtpx:cad>0</gpxtpx:cad></gpxtpx:TrackPointExtension></extensions></trkpt><trkpt lat="15.5477485992" lon="73.7417929061"><ele>-2.75</ele><time>2025-11-18T02:17:16Z</time><extensions><gpxtpx:TrackPointExtension><gpxtpx:cad>0</gpxtpx:cad></gpxtpx:TrackPointExtension></extensions></trkpt><trkpt lat="15.5478549656" lon="73.7416783255"><ele>-2.75</ele><time>2025-11-18T02:17:21Z</time><extensions><gpxtpx:TrackPointExtension><gpxtpx:cad>0</gpxtpx:cad></gpxtpx:TrackPointExtension></extensions></trkpt><trkpt lat="15.5479502678" lon="73.7415546086"><ele>-2.27</ele><time>2025-11-18T02:17:26Z</time><extensions><gpxtpx:TrackPointExtension><gpxtpx:cad>0</gpxtpx:cad></gpxtpx:TrackPointExtension></extensions></trkpt><trkpt lat="15.5480467435" lon="73.7414379325"><ele>-2.27</ele><time>2025-11-18T02:17:31Z</time><extensions><gpxtpx:TrackPointExtension><gpxtpx:cad>0</gpxtpx:cad></gpxtpx:TrackPointExtension></extensions></trkpt><trkpt lat="15.5481391959" lon="73.7413168140"><ele>-2.27</ele><time>2025-11-18T02:17:36Z</time><extensions><gpxtpx:TrackPointExtension><gpxtpx:cad>0</gpxtpx:cad></gpxtpx:TrackPointExtension></extensions></trkpt><trkpt lat="15.5482293852" lon="73.7411904987"><ele>-2.27</ele><time>2025-11-18T02:17:41Z</time><extensions><gpxtpx:TrackPointExtension><gpxtpx:cad>0</gpxtpx:cad></gpxtpx:TrackPointExtension></extensions></trkpt><trkpt lat="15.5483228434" lon="73.7410687935"><ele>-1.79</ele><time>2025-11-18T02:17:46Z</time><extensions><gpxtpx:TrackPointExtension><gpxtpx:cad>0</gpxtpx:cad></gpxtpx:TrackPointExtension></extensions></trkpt><trkpt lat="15.5483911559" lon="73.7409335934"><ele>-1.79</ele><time>2025-11-18T02:17:51Z</time><extensions><gpxtpx:TrackPointExtension><gpxtpx:cad>0</gpxtpx:cad></gpxtpx:TrackPointExtension></extensions></trkpt><trkpt lat="15.5484601390" lon="73.7407950405"><ele>-0.82</ele><time>2025-11-18T02:17:56Z</time><extensions><gpxtpx:TrackPointExtension><gpxtpx:cad>0</gpxtpx:cad></gpxtpx:TrackPointExtension></extensions></trkpt><trkpt lat="15.5485369172" lon="73.7406558171"><ele>-0.82</ele><time>2025-11-18T02:18:01Z</time><extensions><gpxtpx:TrackPointExtension><gpxtpx:cad>0</gpxtpx:cad></gpxtpx:TrackPointExtension></extensions></trkpt><trkpt lat="15.5486113485" lon="73.7405182701"><ele>-1.30</ele><time>2025-11-18T02:18:06Z</time><extensions><gpxtpx:TrackPointExtension><gpxtpx:cad>0</gpxtpx:cad></gpxtpx:TrackPointExtension></extensions></trkpt><trkpt lat="15.5486871209" lon="73.7403849140"><ele>-1.30</ele><time>2025-11-18T02:18:11Z</time><extensions><gpxtpx:TrackPointExtension><gpxtpx:cad>0</gpxtpx:cad></gpxtpx:TrackPointExtension></extensions></trkpt><trkpt lat="15.5487719458" lon="73.7402597722"><ele>-0.82</ele><time>2025-11-18T02:18:16Z</time><extensions><gpxtpx:TrackPointExtension><gpxtpx:cad>0</gpxtpx:cad></gpxtpx:TrackPointExtension></extensions></trkpt><trkpt lat="15.5488694273" lon="73.7401328702"><ele>-0.82</ele><time>2025-11-18T02:18:21Z</time><extensions><gpxtpx:TrackPointExtension><gpxtpx:cad>0</gpxtpx:cad></gpxtpx:TrackPointExtension></extensions></trkpt><trkpt lat="15.5489749555" lon="73.7400174513"><ele>-1.30</ele><time>2025-11-18T02:18:26Z</time><extensions><gpxtpx:TrackPointExtension><gpxtpx:cad>0</gpxtpx:cad></gpxtpx:TrackPointExtension></extensions></trkpt><trkpt lat="15.5490707606" lon="73.7398977578"><ele>-0.82</ele><time>2025-11-18T02:18:31Z</time><extensions><gpxtpx:TrackPointExtension><gpxtpx:cad>0</gpxtpx:cad></gpxtpx:TrackPointExtension></extensions></trkpt><trkpt lat="15.5491684098" lon="73.7397796568"><ele>-0.82</ele><time>2025-11-18T02:18:36Z</time><extensions><gpxtpx:TrackPointExtension><gpxtpx:cad>0</gpxtpx:cad></gpxtpx:TrackPointExtension></extensions></trkpt><trkpt lat="15.5492710881" lon="73.7396645732"><ele>-0.82</ele><time>2025-11-18T02:18:41Z</time><extensions><gpxtpx:TrackPointExtension><gpxtpx:cad>0</gpxtpx:cad></gpxtpx:TrackPointExtension></extensions></trkpt><trkpt lat="15.5493643787" lon="73.7395444605"><ele>-0.34</ele><time>2025-11-18T02:18:46Z</time><extensions><gpxtpx:TrackPointExtension><gpxtpx:cad>0</gpxtpx:cad></gpxtpx:TrackPointExtension></extensions></trkpt><trkpt lat="15.5494669732" lon="73.7394298799"><ele>-0.34</ele><time>2025-11-18T02:18:51Z</time><extensions><gpxtpx:TrackPointExtension><gpxtpx:cad>0</gpxtpx:cad></gpxtpx:TrackPointExtension></extensions></trkpt><trkpt lat="15.5495586712" lon="73.7393057439"><ele>-0.82</ele><time>2025-11-18T02:18:56Z</time><extensions><gpxtpx:TrackPointExtension><gpxtpx:cad>0</gpxtpx:cad></gpxtpx:TrackPointExtension></extensions></trkpt><trkpt lat="15.5496557336" lon="73.7391865533"><ele>-0.34</ele><time>2025-11-18T02:19:01Z</time><extensions><gpxtpx:TrackPointExtension><gpxtpx:cad>0</gpxtpx:cad></gpxtpx:TrackPointExtension></extensions></trkpt><trkpt lat="15.5497631896" lon="73.7390718888"><ele>-0.82</ele><time>2025-11-18T02:19:06Z</time><extensions><gpxtpx:TrackPointExtension><gpxtpx:cad>0</gpxtpx:cad></gpxtpx:TrackPointExtension></extensions></trkpt><trkpt lat="15.5498603359" lon="73.7389544584"><ele>-1.30</ele><time>2025-11-18T02:19:11Z</time><extensions><gpxtpx:TrackPointExtension><gpxtpx:cad>0</gpxtpx:cad></gpxtpx:TrackPointExtension></extensions></trkpt><trkpt lat="15.5499549676" lon="73.7388342619"><ele>-0.82</ele><time>2025-11-18T02:19:16Z</time><extensions><gpxtpx:TrackPointExtension><gpxtpx:cad>0</gpxtpx:cad></gpxtpx:TrackPointExtension></extensions></trkpt><trkpt lat="15.5500633456" lon="73.7387258001"><ele>-1.30</ele><time>2025-11-18T02:19:21Z</time><extensions><gpxtpx:TrackPointExtension><gpxtpx:cad>0</gpxtpx:cad></gpxtpx:TrackPointExtension></extensions></trkpt><trkpt lat="15.5501749925" lon="73.7386187632"><ele>-1.30</ele><time>2025-11-18T02:19:26Z</time><extensions><gpxtpx:TrackPointExtension><gpxtpx:cad>0</gpxtpx:cad></gpxtpx:TrackPointExtension></extensions></trkpt><trkpt lat="15.5502866395" lon="73.7385159172"><ele>-1.30</ele><time>2025-11-18T02:19:31Z</time><extensions><gpxtpx:TrackPointExtension><gpxtpx:cad>0</gpxtpx:cad></gpxtpx:TrackPointExtension></extensions></trkpt><trkpt lat="15.5503857136" lon="73.7383963913"><ele>-0.82</ele><time>2025-11-18T02:19:36Z</time><extensions><gpxtpx:TrackPointExtension><gpxtpx:cad>0</gpxtpx:cad></gpxtpx:TrackPointExtension></extensions></trkpt><trkpt lat="15.5504838657" lon="73.7382751051"><ele>-0.82</ele><time>2025-11-18T02:19:41Z</time><extensions><gpxtpx:TrackPointExtension><gpxtpx:cad>0</gpxtpx:cad></gpxtpx:TrackPointExtension></extensions></trkpt><trkpt lat="15.5505732168" lon="73.7381559145"><ele>-0.82</ele><time>2025-11-18T02:19:46Z</time><extensions><gpxtpx:TrackPointExtension><gpxtpx:cad>0</gpxtpx:cad></gpxtpx:TrackPointExtension></extensions></trkpt><trkpt lat="15.5506578740" lon="73.7380241510"><ele>-1.30</ele><time>2025-11-18T02:19:51Z</time><extensions><gpxtpx:TrackPointExtension><gpxtpx:cad>0</gpxtpx:cad></gpxtpx:TrackPointExtension></extensions></trkpt><trkpt lat="15.5507420283" lon="73.7378921360"><ele>-1.30</ele><time>2025-11-18T02:19:56Z</time><extensions><gpxtpx:TrackPointExtension><gpxtpx:cad>0</gpxtpx:cad></gpxtpx:TrackPointExtension></extensions></trkpt><trkpt lat="15.5508183036" lon="73.7377542537"><ele>-1.30</ele><time>2025-11-18T02:20:01Z</time><extensions><gpxtpx:TrackPointExtension><gpxtpx:cad>0</gpxtpx:cad></gpxtpx:TrackPointExtension></extensions></trkpt><trkpt lat="15.5508950818" lon="73.7376164552"><ele>-1.30</ele><time>2025-11-18T02:20:06Z</time><extensions><gpxtpx:TrackPointExtension><gpxtpx:cad>0</gpxtpx:cad></gpxtpx:TrackPointExtension></extensions></trkpt><trkpt lat="15.5509678368" lon="73.7374805845"><ele>-1.30</ele><time>2025-11-18T02:20:11Z</time><extensions><gpxtpx:TrackPointExtension><gpxtpx:cad>0</gpxtpx:cad></gpxtpx:TrackPointExtension></extensions></trkpt><trkpt lat="15.5510452855" lon="73.7373465579"><ele>-0.82</ele><time>2025-11-18T02:20:16Z</time><extensions><gpxtpx:TrackPointExtension><gpxtpx:cad>0</gpxtpx:cad></gpxtpx:TrackPointExtension></extensions></trkpt><trkpt lat="15.5511291884" lon="73.7372152973"><ele>-1.30</ele><time>2025-11-18T02:20:21Z</time><extensions><gpxtpx:TrackPointExtension><gpxtpx:cad>0</gpxtpx:cad></gpxtpx:TrackPointExtension></extensions></trkpt><trkpt lat="15.5512219761" lon="73.7370911613"><ele>-1.30</ele><time>2025-11-18T02:20:26Z</time><extensions><gpxtpx:TrackPointExtension><gpxtpx:cad>0</gpxtpx:cad></gpxtpx:TrackPointExtension></extensions></trkpt><trkpt lat="15.5513122492" lon="73.7369647622"><ele>-1.79</ele><time>2025-11-18T02:20:31Z</time><extensions><gpxtpx:TrackPointExtension><gpxtpx:cad>0</gpxtpx:cad></gpxtpx:TrackPointExtension></extensions></trkpt><trkpt lat="15.5513955653" lon="73.7368347589"><ele>-1.79</ele><time>2025-11-18T02:20:36Z</time><extensions><gpxtpx:TrackPointExtension><gpxtpx:cad>0</gpxtpx:cad></gpxtpx:TrackPointExtension></extensions></trkpt><trkpt lat="15.5514773726" lon="73.7367081083"><ele>-1.30</ele><time>2025-11-18T02:20:41Z</time><extensions><gpxtpx:TrackPointExtension><gpxtpx:cad>0</gpxtpx:cad></gpxtpx:TrackPointExtension></extensions></trkpt><trkpt lat="15.5515625328" lon="73.7365736626"><ele>-1.79</ele><time>2025-11-18T02:20:46Z</time><extensions><gpxtpx:TrackPointExtension><gpxtpx:cad>0</gpxtpx:cad></gpxtpx:TrackPointExtension></extensions></trkpt><trkpt lat="15.5516475253" lon="73.7364496104"><ele>-1.30</ele><time>2025-11-18T02:20:51Z</time><extensions><gpxtpx:TrackPointExtension><gpxtpx:cad>0</gpxtpx:cad></gpxtpx:TrackPointExtension></extensions></trkpt><trkpt lat="15.5517162569" lon="73.7363163382"><ele>-1.30</ele><time>2025-11-18T02:20:56Z</time><extensions><gpxtpx:TrackPointExtension><gpxtpx:cad>0</gpxtpx:cad></gpxtpx:TrackPointExtension></extensions></trkpt><trkpt lat="15.5517943762" lon="73.7361888494"><ele>-0.82</ele><time>2025-11-18T02:21:01Z</time><extensions><gpxtpx:TrackPointExtension><gpxtpx:cad>0</gpxtpx:cad></gpxtpx:TrackPointExtension></extensions></trkpt><trkpt lat="15.5518771056" lon="73.7360599358"><ele>-0.82</ele><time>2025-11-18T02:21:06Z</time><extensions><gpxtpx:TrackPointExtension><gpxtpx:cad>0</gpxtpx:cad></gpxtpx:TrackPointExtension></extensions></trkpt><trkpt lat="15.5519589130" lon="73.7359311059"><ele>-0.82</ele><time>2025-11-18T02:21:11Z</time><extensions><gpxtpx:TrackPointExtension><gpxtpx:cad>0</gpxtpx:cad></gpxtpx:TrackPointExtension></extensions></trkpt><trkpt lat="15.5520514492" lon="73.7358093169"><ele>-0.82</ele><time>2025-11-18T02:21:16Z</time><extensions><gpxtpx:TrackPointExtension><gpxtpx:cad>0</gpxtpx:cad></gpxtpx:TrackPointExtension></extensions></trkpt><trkpt lat="15.5521459132" lon="73.7356869411"><ele>-0.82</ele><time>2025-11-18T02:21:21Z</time><extensions><gpxtpx:TrackPointExtension><gpxtpx:cad>0</gpxtpx:cad></gpxtpx:TrackPointExtension></extensions></trkpt><trkpt lat="15.5522533692" lon="73.7355784792"><ele>-0.82</ele><time>2025-11-18T02:21:26Z</time><extensions><gpxtpx:TrackPointExtension><gpxtpx:cad>0</gpxtpx:cad></gpxtpx:TrackPointExtension></extensions></trkpt><trkpt lat="15.5523669440" lon="73.7354768906"><ele>-1.30</ele><time>2025-11-18T02:21:31Z</time><extensions><gpxtpx:TrackPointExtension><gpxtpx:cad>0</gpxtpx:cad></gpxtpx:TrackPointExtension></extensions></trkpt><trkpt lat="15.5524718016" lon="73.7353633996"><ele>-1.30</ele><time>2025-11-18T02:21:36Z</time><extensions><gpxtpx:TrackPointExtension><gpxtpx:cad>0</gpxtpx:cad></gpxtpx:TrackPointExtension></extensions></trkpt><trkpt lat="15.5525836162" lon="73.7352588773"><ele>-1.30</ele><time>2025-11-18T02:21:41Z</time><extensions><gpxtpx:TrackPointExtension><gpxtpx:cad>0</gpxtpx:cad></gpxtpx:TrackPointExtension></extensions></trkpt><trkpt lat="15.5526978616" lon="73.7351623178"><ele>-1.79</ele><time>2025-11-18T02:21:46Z</time><extensions><gpxtpx:TrackPointExtension><gpxtpx:cad>0</gpxtpx:cad></gpxtpx:TrackPointExtension></extensions></trkpt><trkpt lat="15.5528276972" lon="73.7351294607"><ele>-2.27</ele><time>2025-11-18T02:21:51Z</time><extensions><gpxtpx:TrackPointExtension><gpxtpx:cad>0</gpxtpx:cad></gpxtpx:TrackPointExtension></extensions></trkpt><trkpt lat="15.5529629812" lon="73.7351807579"><ele>-1.79</ele><time>2025-11-18T02:21:56Z</time><extensions><gpxtpx:TrackPointExtension><gpxtpx:cad>0</gpxtpx:cad></gpxtpx:TrackPointExtension></extensions></trkpt><trkpt lat="15.5531069823" lon="73.7352309655"><ele>-1.79</ele><time>2025-11-18T02:22:01Z</time><extensions><gpxtpx:TrackPointExtension><gpxtpx:cad>0</gpxtpx:cad></gpxtpx:TrackPointExtension></extensions></trkpt><trkpt lat="15.5532567669" lon="73.7352321390"><ele>-1.79</ele><time>2025-11-18T02:22:06Z</time><extensions><gpxtpx:TrackPointExtension><gpxtpx:cad>0</gpxtpx:cad></gpxtpx:TrackPointExtension></extensions></trkpt><trkpt lat="15.5534040369" lon="73.7352206558"><ele>-2.27</ele><time>2025-11-18T02:22:11Z</time><extensions><gpxtpx:TrackPointExtension><gpxtpx:cad>0</gpxtpx:cad></gpxtpx:TrackPointExtension></extensions></trkpt><trkpt lat="15.5535611138" lon="73.7352338992"><ele>-2.27</ele><time>2025-11-18T02:22:16Z</time><extensions><gpxtpx:TrackPointExtension><gpxtpx:cad>0</gpxtpx:cad></gpxtpx:TrackPointExtension></extensions></trkpt><trkpt lat="15.5537137482" lon="73.7352520879"><ele>-1.79</ele><time>2025-11-18T02:22:21Z</time><extensions><gpxtpx:TrackPointExtension><gpxtpx:cad>0</gpxtpx:cad></gpxtpx:TrackPointExtension></extensions></trkpt><trkpt lat="15.5538600124" lon="73.7352663372"><ele>-1.79</ele><time>2025-11-18T02:22:26Z</time><extensions><gpxtpx:TrackPointExtension><gpxtpx:cad>0</gpxtpx:cad></gpxtpx:TrackPointExtension></extensions></trkpt><trkpt lat="15.5540049355" lon="73.7352980208"><ele>-1.30</ele><time>2025-11-18T02:22:31Z</time><extensions><gpxtpx:TrackPointExtension><gpxtpx:cad>0</gpxtpx:cad></gpxtpx:TrackPointExtension></extensions></trkpt><trkpt lat="15.5541579053" lon="73.7353444565"><ele>-1.30</ele><time>2025-11-18T02:22:36Z</time><extensions><gpxtpx:TrackPointExtension><gpxtpx:cad>0</gpxtpx:cad></gpxtpx:TrackPointExtension></extensions></trkpt><trkpt lat="15.5543041695" lon="73.7353843544"><ele>-1.79</ele><time>2025-11-18T02:22:41Z</time><extensions><gpxtpx:TrackPointExtension><gpxtpx:cad>0</gpxtpx:cad></gpxtpx:TrackPointExtension></extensions></trkpt><trkpt lat="15.5544409622" lon="73.7354222406"><ele>-2.27</ele><time>2025-11-18T02:22:46Z</time><extensions><gpxtpx:TrackPointExtension><gpxtpx:cad>0</gpxtpx:cad></gpxtpx:TrackPointExtension></extensions></trkpt><trkpt lat="15.5545934290" lon="73.7354637310"><ele>-1.79</ele><time>2025-11-18T02:22:51Z</time><extensions><gpxtpx:TrackPointExtension><gpxtpx:cad>0</gpxtpx:cad></gpxtpx:TrackPointExtension></extensions></trkpt><trkpt lat="15.5547436327" lon="73.7354985159"><ele>-1.79</ele><time>2025-11-18T02:22:56Z</time><extensions><gpxtpx:TrackPointExtension><gpxtpx:cad>0</gpxtpx:cad></gpxtpx:TrackPointExtension></extensions></trkpt><trkpt lat="15.5548849516" lon="73.7355404254"><ele>-1.79</ele><time>2025-11-18T02:23:01Z</time><extensions><gpxtpx:TrackPointExtension><gpxtpx:cad>0</gpxtpx:cad></gpxtpx:TrackPointExtension></extensions></trkpt><trkpt lat="15.5550197326" lon="73.7355942372"><ele>-1.30</ele><time>2025-11-18T02:23:06Z</time><extensions><gpxtpx:TrackPointExtension><gpxtpx:cad>0</gpxtpx:cad></gpxtpx:TrackPointExtension></extensions></trkpt><trkpt lat="15.5551663321" lon="73.7356519885"><ele>-1.30</ele><time>2025-11-18T02:23:11Z</time><extensions><gpxtpx:TrackPointExtension><gpxtpx:cad>0</gpxtpx:cad></gpxtpx:TrackPointExtension></extensions></trkpt><trkpt lat="15.5553107522" lon="73.7357140984"><ele>-1.79</ele><time>2025-11-18T02:23:16Z</time><extensions><gpxtpx:TrackPointExtension><gpxtpx:cad>0</gpxtpx:cad></gpxtpx:TrackPointExtension></extensions></trkpt><trkpt lat="15.5554493051" lon="73.7357746996"><ele>-1.79</ele><time>2025-11-18T02:23:21Z</time><extensions><gpxtpx:TrackPointExtension><gpxtpx:cad>0</gpxtpx:cad></gpxtpx:TrackPointExtension></extensions></trkpt><trkpt lat="15.5555850919" lon="73.7358291820"><ele>-2.27</ele><time>2025-11-18T02:23:26Z</time><extensions><gpxtpx:TrackPointExtension><gpxtpx:cad>0</gpxtpx:cad></gpxtpx:TrackPointExtension></extensions></trkpt><trkpt lat="15.5557341222" lon="73.7358586024"><ele>-1.79</ele><time>2025-11-18T02:23:31Z</time><extensions><gpxtpx:TrackPointExtension><gpxtpx:cad>0</gpxtpx:cad></gpxtpx:TrackPointExtension></extensions></trkpt><trkpt lat="15.5558885168" lon="73.7358589377"><ele>-1.79</ele><time>2025-11-18T02:23:36Z</time><extensions><gpxtpx:TrackPointExtension><gpxtpx:cad>0</gpxtpx:cad></gpxtpx:TrackPointExtension></extensions></trkpt><trkpt lat="15.5560424924" lon="73.7358587701"><ele>-1.79</ele><time>2025-11-18T02:23:41Z</time><extensions><gpxtpx:TrackPointExtension><gpxtpx:cad>0</gpxtpx:cad></gpxtpx:TrackPointExtension></extensions></trkpt><trkpt lat="15.5561832245" lon="73.7358793058"><ele>-1.79</ele><time>2025-11-18T02:23:46Z</time><extensions><gpxtpx:TrackPointExtension><gpxtpx:cad>0</gpxtpx:cad></gpxtpx:TrackPointExtension></extensions></trkpt><trkpt lat="15.5563367810" lon="73.7359005958"><ele>-1.30</ele><time>2025-11-18T02:23:51Z</time><extensions><gpxtpx:TrackPointExtension><gpxtpx:cad>0</gpxtpx:cad></gpxtpx:TrackPointExtension></extensions></trkpt><trkpt lat="15.5564897507" lon="73.7359192036"><ele>-1.30</ele><time>2025-11-18T02:23:56Z</time><extensions><gpxtpx:TrackPointExtension><gpxtpx:cad>0</gpxtpx:cad></gpxtpx:TrackPointExtension></extensions></trkpt><trkpt lat="15.5566392001" lon="73.7359281722"><ele>-1.30</ele><time>2025-11-18T02:24:01Z</time><extensions><gpxtpx:TrackPointExtension><gpxtpx:cad>0</gpxtpx:cad></gpxtpx:TrackPointExtension></extensions></trkpt><trkpt lat="15.5567844585" lon="73.7359513063"><ele>-1.30</ele><time>2025-11-18T02:24:06Z</time><extensions><gpxtpx:TrackPointExtension><gpxtpx:cad>0</gpxtpx:cad></gpxtpx:TrackPointExtension></extensions></trkpt><trkpt lat="15.5569404457" lon="73.7359923776"><ele>-0.34</ele><time>2025-11-18T02:24:11Z</time><extensions><gpxtpx:TrackPointExtension><gpxtpx:cad>0</gpxtpx:cad></gpxtpx:TrackPointExtension></extensions></trkpt><trkpt lat="15.5570912361" lon="73.7360270787"><ele>-0.34</ele><time>2025-11-18T02:24:16Z</time><extensions><gpxtpx:TrackPointExtension><gpxtpx:cad>0</gpxtpx:cad></gpxtpx:TrackPointExtension></extensions></trkpt><trkpt lat="15.5572338123" lon="73.7360443454"><ele>-0.82</ele><time>2025-11-18T02:24:21Z</time><extensions><gpxtpx:TrackPointExtension><gpxtpx:cad>0</gpxtpx:cad></gpxtpx:TrackPointExtension></extensions></trkpt><trkpt lat="15.5573857762" lon="73.7360621989"><ele>-0.82</ele><time>2025-11-18T02:24:26Z</time><extensions><gpxtpx:TrackPointExtension><gpxtpx:cad>0</gpxtpx:cad></gpxtpx:TrackPointExtension></extensions></trkpt><trkpt lat="15.5575498939" lon="73.7360948883"><ele>-1.30</ele><time>2025-11-18T02:24:31Z</time><extensions><gpxtpx:TrackPointExtension><gpxtpx:cad>0</gpxtpx:cad></gpxtpx:TrackPointExtension></extensions></trkpt><trkpt lat="15.5576981697" lon="73.7361248117"><ele>-1.30</ele><time>2025-11-18T02:24:36Z</time><extensions><gpxtpx:TrackPointExtension><gpxtpx:cad>0</gpxtpx:cad></gpxtpx:TrackPointExtension></extensions></trkpt><trkpt lat="15.5578349624" lon="73.7361554056"><ele>-1.30</ele><time>2025-11-18T02:24:41Z</time><extensions><gpxtpx:TrackPointExtension><gpxtpx:cad>0</gpxtpx:cad></gpxtpx:TrackPointExtension></extensions></trkpt><trkpt lat="15.5579859205" lon="73.7361993268"><ele>-0.34</ele><time>2025-11-18T02:24:46Z</time><extensions><gpxtpx:TrackPointExtension><gpxtpx:cad>0</gpxtpx:cad></gpxtpx:TrackPointExtension></extensions></trkpt><trkpt lat="15.5581391416" lon="73.7362490315"><ele>-0.34</ele><time>2025-11-18T02:24:51Z</time><extensions><gpxtpx:TrackPointExtension><gpxtpx:cad>0</gpxtpx:cad></gpxtpx:TrackPointExtension></extensions></trkpt><trkpt lat="15.5582897644" lon="73.7362930365"><ele>-0.34</ele><time>2025-11-18T02:24:56Z</time><extensions><gpxtpx:TrackPointExtension><gpxtpx:cad>0</gpxtpx:cad></gpxtpx:TrackPointExtension></extensions></trkpt><trkpt lat="15.5584269762" lon="73.7363332696"><ele>-0.34</ele><time>2025-11-18T02:25:01Z</time><extensions><gpxtpx:TrackPointExtension><gpxtpx:cad>0</gpxtpx:cad></gpxtpx:TrackPointExtension></extensions></trkpt><trkpt lat="15.5585717317" lon="73.7363773584"><ele>-0.82</ele><time>2025-11-18T02:25:06Z</time><extensions><gpxtpx:TrackPointExtension><gpxtpx:cad>0</gpxtpx:cad></gpxtpx:TrackPointExtension></extensions></trkpt><trkpt lat="15.5587247014" lon="73.7364393845"><ele>-0.34</ele><time>2025-11-18T02:25:11Z</time><extensions><gpxtpx:TrackPointExtension><gpxtpx:cad>0</gpxtpx:cad></gpxtpx:TrackPointExtension></extensions></trkpt><trkpt lat="15.5588614102" lon="73.7365036737"><ele>-0.82</ele><time>2025-11-18T02:25:16Z</time><extensions><gpxtpx:TrackPointExtension><gpxtpx:cad>0</gpxtpx:cad></gpxtpx:TrackPointExtension></extensions></trkpt><trkpt lat="15.5589858815" lon="73.7365752552"><ele>-0.82</ele><time>2025-11-18T02:25:21Z</time><extensions><gpxtpx:TrackPointExtension><gpxtpx:cad>0</gpxtpx:cad></gpxtpx:TrackPointExtension></extensions></trkpt><trkpt lat="15.5591269489" lon="73.7366377842"><ele>-0.34</ele><time>2025-11-18T02:25:26Z</time><extensions><gpxtpx:TrackPointExtension><gpxtpx:cad>0</gpxtpx:cad></gpxtpx:TrackPointExtension></extensions></trkpt><trkpt lat="15.5592863727" lon="73.7366802804"><ele>-0.34</ele><time>2025-11-18T02:25:31Z</time><extensions><gpxtpx:TrackPointExtension><gpxtpx:cad>0</gpxtpx:cad></gpxtpx:TrackPointExtension></extensions></trkpt><trkpt lat="15.5594287813" lon="73.7367095333"><ele>-0.34</ele><time>2025-11-18T02:25:36Z</time><extensions><gpxtpx:TrackPointExtension><gpxtpx:cad>0</gpxtpx:cad></gpxtpx:TrackPointExtension></extensions></trkpt><trkpt lat="15.5595705193" lon="73.7367520295"><ele>-0.34</ele><time>2025-11-18T02:25:41Z</time><extensions><gpxtpx:TrackPointExtension><gpxtpx:cad>0</gpxtpx:cad></gpxtpx:TrackPointExtension></extensions></trkpt><trkpt lat="15.5597295240" lon="73.7367956154"><ele>-0.82</ele><time>2025-11-18T02:25:46Z</time><extensions><gpxtpx:TrackPointExtension><gpxtpx:cad>0</gpxtpx:cad></gpxtpx:TrackPointExtension></extensions></trkpt><trkpt lat="15.5598705914" lon="73.7368438952"><ele>-1.30</ele><time>2025-11-18T02:25:51Z</time><extensions><gpxtpx:TrackPointExtension><gpxtpx:cad>0</gpxtpx:cad></gpxtpx:TrackPointExtension></extensions></trkpt><trkpt lat="15.5600104854" lon="73.7368893251"><ele>-0.82</ele><time>2025-11-18T02:25:56Z</time><extensions><gpxtpx:TrackPointExtension><gpxtpx:cad>0</gpxtpx:cad></gpxtpx:TrackPointExtension></extensions></trkpt><trkpt lat="15.5601529777" lon="73.7369339168"><ele>-0.82</ele><time>2025-11-18T02:26:01Z</time><extensions><gpxtpx:TrackPointExtension><gpxtpx:cad>0</gpxtpx:cad></gpxtpx:TrackPointExtension></extensions></trkpt><trkpt lat="15.5603087135" lon="73.7369776703"><ele>-0.82</ele><time>2025-11-18T02:26:06Z</time><extensions><gpxtpx:TrackPointExtension><gpxtpx:cad>0</gpxtpx:cad></gpxtpx:TrackPointExtension></extensions></trkpt><trkpt lat="15.5604577437" lon="73.7370142154"><ele>-1.30</ele><time>2025-11-18T02:26:11Z</time><extensions><gpxtpx:TrackPointExtension><gpxtpx:cad>0</gpxtpx:cad></gpxtpx:TrackPointExtension></extensions></trkpt><trkpt lat="15.5606068578" lon="73.7370495871"><ele>-0.82</ele><time>2025-11-18T02:26:16Z</time><extensions><gpxtpx:TrackPointExtension><gpxtpx:cad>0</gpxtpx:cad></gpxtpx:TrackPointExtension></extensions></trkpt><trkpt lat="15.5607535411" lon="73.7370950170"><ele>-0.82</ele><time>2025-11-18T02:26:21Z</time><extensions><gpxtpx:TrackPointExtension><gpxtpx:cad>0</gpxtpx:cad></gpxtpx:TrackPointExtension></extensions></trkpt><trkpt lat="15.5609030742" lon="73.7371288799"><ele>-0.82</ele><time>2025-11-18T02:26:26Z</time><extensions><gpxtpx:TrackPointExtension><gpxtpx:cad>0</gpxtpx:cad></gpxtpx:TrackPointExtension></extensions></trkpt><trkpt lat="15.5610491708" lon="73.7371585518"><ele>-0.82</ele><time>2025-11-18T02:26:31Z</time><extensions><gpxtpx:TrackPointExtension><gpxtpx:cad>0</gpxtpx:cad></gpxtpx:TrackPointExtension></extensions></trkpt><trkpt lat="15.5611996260" lon="73.7371867988"><ele>-1.30</ele><time>2025-11-18T02:26:36Z</time><extensions><gpxtpx:TrackPointExtension><gpxtpx:cad>0</gpxtpx:cad></gpxtpx:TrackPointExtension></extensions></trkpt><trkpt lat="15.5613484886" lon="73.7372201588"><ele>-1.30</ele><time>2025-11-18T02:26:41Z</time><extensions><gpxtpx:TrackPointExtension><gpxtpx:cad>0</gpxtpx:cad></gpxtpx:TrackPointExtension></extensions></trkpt><trkpt lat="15.5614913162" lon="73.7372557819"><ele>-1.30</ele><time>2025-11-18T02:26:46Z</time><extensions><gpxtpx:TrackPointExtension><gpxtpx:cad>0</gpxtpx:cad></gpxtpx:TrackPointExtension></extensions></trkpt><trkpt lat="15.5616374966" lon="73.7372883037"><ele>-1.30</ele><time>2025-11-18T02:26:51Z</time><extensions><gpxtpx:TrackPointExtension><gpxtpx:cad>0</gpxtpx:cad></gpxtpx:TrackPointExtension></extensions></trkpt><trkpt lat="15.5617881194" lon="73.7373227533"><ele>-1.30</ele><time>2025-11-18T02:26:56Z</time><extensions><gpxtpx:TrackPointExtension><gpxtpx:cad>0</gpxtpx:cad></gpxtpx:TrackPointExtension></extensions></trkpt><trkpt lat="15.5619308632" lon="73.7373594660"><ele>-2.27</ele><time>2025-11-18T02:27:01Z</time><extensions><gpxtpx:TrackPointExtension><gpxtpx:cad>0</gpxtpx:cad></gpxtpx:TrackPointExtension></extensions></trkpt><trkpt lat="15.5620763730" lon="73.7373919040"><ele>-1.79</ele><time>2025-11-18T02:27:06Z</time><extensions><gpxtpx:TrackPointExtension><gpxtpx:cad>0</gpxtpx:cad></gpxtpx:TrackPointExtension></extensions></trkpt><trkpt lat="15.5622203741" lon="73.7374212407"><ele>-1.30</ele><time>2025-11-18T02:27:11Z</time><extensions><gpxtpx:TrackPointExtension><gpxtpx:cad>0</gpxtpx:cad></gpxtpx:TrackPointExtension></extensions></trkpt><trkpt lat="15.5623715837" lon="73.7374522537"><ele>-1.30</ele><time>2025-11-18T02:27:16Z</time><extensions><gpxtpx:TrackPointExtension><gpxtpx:cad>0</gpxtpx:cad></gpxtpx:TrackPointExtension></extensions></trkpt><trkpt lat="15.5625241343" lon="73.7374844402"><ele>-1.30</ele><time>2025-11-18T02:27:21Z</time><extensions><gpxtpx:TrackPointExtension><gpxtpx:cad>0</gpxtpx:cad></gpxtpx:TrackPointExtension></extensions></trkpt><trkpt lat="15.5626840610" lon="73.7375116814"><ele>-1.30</ele><time>2025-11-18T02:27:26Z</time><extensions><gpxtpx:TrackPointExtension><gpxtpx:cad>0</gpxtpx:cad></gpxtpx:TrackPointExtension></extensions></trkpt><trkpt lat="15.5628366116" lon="73.7375410181"><ele>-1.30</ele><time>2025-11-18T02:27:31Z</time><extensions><gpxtpx:TrackPointExtension><gpxtpx:cad>0</gpxtpx:cad></gpxtpx:TrackPointExtension></extensions></trkpt><trkpt lat="15.5629795231" lon="73.7375751324"><ele>-1.30</ele><time>2025-11-18T02:27:36Z</time><extensions><gpxtpx:TrackPointExtension><gpxtpx:cad>0</gpxtpx:cad></gpxtpx:TrackPointExtension></extensions></trkpt><trkpt lat="15.5631328281" lon="73.7376004457"><ele>-0.82</ele><time>2025-11-18T02:27:41Z</time><extensions><gpxtpx:TrackPointExtension><gpxtpx:cad>0</gpxtpx:cad></gpxtpx:TrackPointExtension></extensions></trkpt><trkpt lat="15.5632832833" lon="73.7376009487"><ele>-1.30</ele><time>2025-11-18T02:27:46Z</time><extensions><gpxtpx:TrackPointExtension><gpxtpx:cad>0</gpxtpx:cad></gpxtpx:TrackPointExtension></extensions></trkpt><trkpt lat="15.5634339899" lon="73.7375964224"><ele>-1.79</ele><time>2025-11-18T02:27:51Z</time><extensions><gpxtpx:TrackPointExtension><gpxtpx:cad>0</gpxtpx:cad></gpxtpx:TrackPointExtension></extensions></trkpt><trkpt lat="15.5635874625" lon="73.7375955842"><ele>-1.79</ele><time>2025-11-18T02:27:56Z</time><extensions><gpxtpx:TrackPointExtension><gpxtpx:cad>0</gpxtpx:cad></gpxtpx:TrackPointExtension></extensions></trkpt><trkpt lat="15.5637428630" lon="73.7375944946"><ele>-1.79</ele><time>2025-11-18T02:28:01Z</time><extensions><gpxtpx:TrackPointExtension><gpxtpx:cad>0</gpxtpx:cad></gpxtpx:TrackPointExtension></extensions></trkpt><trkpt lat="15.5638887919" lon="73.7375987694"><ele>-1.79</ele><time>2025-11-18T02:28:06Z</time><extensions><gpxtpx:TrackPointExtension><gpxtpx:cad>0</gpxtpx:cad></gpxtpx:TrackPointExtension></extensions></trkpt><trkpt lat="15.5640348885" lon="73.7376086600"><ele>-1.79</ele><time>2025-11-18T02:28:11Z</time><extensions><gpxtpx:TrackPointExtension><gpxtpx:cad>0</gpxtpx:cad></gpxtpx:TrackPointExtension></extensions></trkpt><trkpt lat="15.5641945638" lon="73.7376319617"><ele>-1.79</ele><time>2025-11-18T02:28:16Z</time><extensions><gpxtpx:TrackPointExtension><gpxtpx:cad>0</gpxtpx:cad></gpxtpx:TrackPointExtension></extensions></trkpt><trkpt lat="15.5643492099" lon="73.7376543414"><ele>-1.79</ele><time>2025-11-18T02:28:21Z</time><extensions><gpxtpx:TrackPointExtension><gpxtpx:cad>0</gpxtpx:cad></gpxtpx:TrackPointExtension></extensions></trkpt><trkpt lat="15.5644946359" lon="73.7376665790"><ele>-1.79</ele><time>2025-11-18T02:28:26Z</time><extensions><gpxtpx:TrackPointExtension><gpxtpx:cad>0</gpxtpx:cad></gpxtpx:TrackPointExtension></extensions></trkpt><trkpt lat="15.5646465160" lon="73.7376625556"><ele>-1.30</ele><time>2025-11-18T02:28:31Z</time><extensions><gpxtpx:TrackPointExtension><gpxtpx:cad>0</gpxtpx:cad></gpxtpx:TrackPointExtension></extensions></trkpt><trkpt lat="15.5647949595" lon="73.7376646511"><ele>-1.30</ele><time>2025-11-18T02:28:36Z</time><extensions><gpxtpx:TrackPointExtension><gpxtpx:cad>0</gpxtpx:cad></gpxtpx:TrackPointExtension></extensions></trkpt><trkpt lat="15.5649529584" lon="73.7376570236"><ele>-1.30</ele><time>2025-11-18T02:28:41Z</time><extensions><gpxtpx:TrackPointExtension><gpxtpx:cad>0</gpxtpx:cad></gpxtpx:TrackPointExtension></extensions></trkpt><trkpt lat="15.5651035812" lon="73.7376530841"><ele>-1.30</ele><time>2025-11-18T02:28:46Z</time><extensions><gpxtpx:TrackPointExtension><gpxtpx:cad>0</gpxtpx:cad></gpxtpx:TrackPointExtension></extensions></trkpt><trkpt lat="15.5652556289" lon="73.7376457918"><ele>-1.30</ele><time>2025-11-18T02:28:51Z</time><extensions><gpxtpx:TrackPointExtension><gpxtpx:cad>0</gpxtpx:cad></gpxtpx:TrackPointExtension></extensions></trkpt><trkpt lat="15.5654103588" lon="73.7376326323"><ele>-1.79</ele><time>2025-11-18T02:28:56Z</time><extensions><gpxtpx:TrackPointExtension><gpxtpx:cad>0</gpxtpx:cad></gpxtpx:TrackPointExtension></extensions></trkpt><trkpt lat="15.5655681901" lon="73.7376140244"><ele>-2.27</ele><time>2025-11-18T02:29:01Z</time><extensions><gpxtpx:TrackPointExtension><gpxtpx:cad>0</gpxtpx:cad></gpxtpx:TrackPointExtension></extensions></trkpt><trkpt lat="15.5657246802" lon="73.7375923153"><ele>-2.27</ele><time>2025-11-18T02:29:06Z</time><extensions><gpxtpx:TrackPointExtension><gpxtpx:cad>0</gpxtpx:cad></gpxtpx:TrackPointExtension></extensions></trkpt><trkpt lat="15.5658729561" lon="73.7375762220"><ele>-2.27</ele><time>2025-11-18T02:29:11Z</time><extensions><gpxtpx:TrackPointExtension><gpxtpx:cad>0</gpxtpx:cad></gpxtpx:TrackPointExtension></extensions></trkpt><trkpt lat="15.5660220701" lon="73.7375909742"><ele>-1.79</ele><time>2025-11-18T02:29:16Z</time><extensions><gpxtpx:TrackPointExtension><gpxtpx:cad>0</gpxtpx:cad></gpxtpx:TrackPointExtension></extensions></trkpt><trkpt lat="15.5661788955" lon="73.7376189698"><ele>-1.79</ele><time>2025-11-18T02:29:21Z</time><extensions><gpxtpx:TrackPointExtension><gpxtpx:cad>0</gpxtpx:cad></gpxtpx:TrackPointExtension></extensions></trkpt><trkpt lat="15.5663327873" lon="73.7376381643"><ele>-2.27</ele><time>2025-11-18T02:29:26Z</time><extensions><gpxtpx:TrackPointExtension><gpxtpx:cad>0</gpxtpx:cad></gpxtpx:TrackPointExtension></extensions></trkpt><trkpt lat="15.5664808955" lon="73.7376583647"><ele>-2.27</ele><time>2025-11-18T02:29:31Z</time><extensions><gpxtpx:TrackPointExtension><gpxtpx:cad>0</gpxtpx:cad></gpxtpx:TrackPointExtension></extensions></trkpt><trkpt lat="15.5666356254" lon="73.7376752961"><ele>-1.79</ele><time>2025-11-18T02:29:36Z</time><extensions><gpxtpx:TrackPointExtension><gpxtpx:cad>0</gpxtpx:cad></gpxtpx:TrackPointExtension></extensions></trkpt><trkpt lat="15.5667951331" lon="73.7376887910"><ele>-1.30</ele><time>2025-11-18T02:29:41Z</time><extensions><gpxtpx:TrackPointExtension><gpxtpx:cad>0</gpxtpx:cad></gpxtpx:TrackPointExtension></extensions></trkpt><trkpt lat="15.5669512041" lon="73.7376981787"><ele>-1.30</ele><time>2025-11-18T02:29:46Z</time><extensions><gpxtpx:TrackPointExtension><gpxtpx:cad>0</gpxtpx:cad></gpxtpx:TrackPointExtension></extensions></trkpt><trkpt lat="15.5670908466" lon="73.7377138529"><ele>-0.82</ele><time>2025-11-18T02:29:51Z</time><extensions><gpxtpx:TrackPointExtension><gpxtpx:cad>0</gpxtpx:cad></gpxtpx:TrackPointExtension></extensions></trkpt><trkpt lat="15.5672444031" lon="73.7377477996"><ele>-0.82</ele><time>2025-11-18T02:29:56Z</time><extensions><gpxtpx:TrackPointExtension><gpxtpx:cad>0</gpxtpx:cad></gpxtpx:TrackPointExtension></extensions></trkpt><trkpt lat="15.5674060062" lon="73.7377860211"><ele>-0.82</ele><time>2025-11-18T02:30:01Z</time><extensions><gpxtpx:TrackPointExtension><gpxtpx:cad>0</gpxtpx:cad></gpxtpx:TrackPointExtension></extensions></trkpt><trkpt lat="15.5675439723" lon="73.7378243264"><ele>-0.82</ele><time>2025-11-18T02:30:06Z</time><extensions><gpxtpx:TrackPointExtension><gpxtpx:cad>0</gpxtpx:cad></gpxtpx:TrackPointExtension></extensions></trkpt><trkpt lat="15.5676785856" lon="73.7378643081"><ele>-0.34</ele><time>2025-11-18T02:30:11Z</time><extensions><gpxtpx:TrackPointExtension><gpxtpx:cad>0</gpxtpx:cad></gpxtpx:TrackPointExtension></extensions></trkpt><trkpt lat="15.5678300466" lon="73.7379103247"><ele>-0.34</ele><time>2025-11-18T02:30:16Z</time><extensions><gpxtpx:TrackPointExtension><gpxtpx:cad>0</gpxtpx:cad></gpxtpx:TrackPointExtension></extensions></trkpt><trkpt lat="15.5679828487" lon="73.7379646394"><ele>-0.34</ele><time>2025-11-18T02:30:21Z</time><extensions><gpxtpx:TrackPointExtension><gpxtpx:cad>0</gpxtpx:cad></gpxtpx:TrackPointExtension></extensions></trkpt><trkpt lat="15.5681255087" lon="73.7380091473"><ele>-0.34</ele><time>2025-11-18T02:30:26Z</time><extensions><gpxtpx:TrackPointExtension><gpxtpx:cad>0</gpxtpx:cad></gpxtpx:TrackPointExtension></extensions></trkpt><trkpt lat="15.5682648160" lon="73.7380384840"><ele>-0.34</ele><time>2025-11-18T02:30:31Z</time><extensions><gpxtpx:TrackPointExtension><gpxtpx:cad>0</gpxtpx:cad></gpxtpx:TrackPointExtension></extensions></trkpt><trkpt lat="15.5684185401" lon="73.7380575109"><ele>0.14</ele><time>2025-11-18T02:30:36Z</time><extensions><gpxtpx:TrackPointExtension><gpxtpx:cad>0</gpxtpx:cad></gpxtpx:TrackPointExtension></extensions></trkpt><trkpt lat="15.5685740244" lon="73.7380740233"><ele>0.62</ele><time>2025-11-18T02:30:41Z</time><extensions><gpxtpx:TrackPointExtension><gpxtpx:cad>0</gpxtpx:cad></gpxtpx:TrackPointExtension></extensions></trkpt><trkpt lat="15.5687316041" lon="73.7380897813"><ele>0.62</ele><time>2025-11-18T02:30:46Z</time><extensions><gpxtpx:TrackPointExtension><gpxtpx:cad>0</gpxtpx:cad></gpxtpx:TrackPointExtension></extensions></trkpt><trkpt lat="15.5688787065" lon="73.7380869314"><ele>0.62</ele><time>2025-11-18T02:30:51Z</time><extensions><gpxtpx:TrackPointExtension><gpxtpx:cad>0</gpxtpx:cad></gpxtpx:TrackPointExtension></extensions></trkpt><trkpt lat="15.5690363701" lon="73.7380900327"><ele>0.62</ele><time>2025-11-18T02:30:56Z</time><extensions><gpxtpx:TrackPointExtension><gpxtpx:cad>0</gpxtpx:cad></gpxtpx:TrackPointExtension></extensions></trkpt><trkpt lat="15.5691957939" lon="73.7380938884"><ele>0.62</ele><time>2025-11-18T02:31:01Z</time><extensions><gpxtpx:TrackPointExtension><gpxtpx:cad>0</gpxtpx:cad></gpxtpx:TrackPointExtension></extensions></trkpt><trkpt lat="15.5693420582" lon="73.7380961515"><ele>-0.34</ele><time>2025-11-18T02:31:06Z</time><extensions><gpxtpx:TrackPointExtension><gpxtpx:cad>0</gpxtpx:cad></gpxtpx:TrackPointExtension></extensions></trkpt><trkpt lat="15.5694972910" lon="73.7381064612"><ele>-0.34</ele><time>2025-11-18T02:31:11Z</time><extensions><gpxtpx:TrackPointExtension><gpxtpx:cad>0</gpxtpx:cad></gpxtpx:TrackPointExtension></extensions></trkpt><trkpt lat="15.5696571339" lon="73.7381110713"><ele>-0.34</ele><time>2025-11-18T02:31:16Z</time><extensions><gpxtpx:TrackPointExtension><gpxtpx:cad>0</gpxtpx:cad></gpxtpx:TrackPointExtension></extensions></trkpt><trkpt lat="15.5698036496" lon="73.7381087244"><ele>-0.82</ele><time>2025-11-18T02:31:21Z</time><extensions><gpxtpx:TrackPointExtension><gpxtpx:cad>0</gpxtpx:cad></gpxtpx:TrackPointExtension></extensions></trkpt><trkpt lat="15.5699551105" lon="73.7381018512"><ele>-0.34</ele><time>2025-11-18T02:31:26Z</time><extensions><gpxtpx:TrackPointExtension><gpxtpx:cad>0</gpxtpx:cad></gpxtpx:TrackPointExtension></extensions></trkpt><trkpt lat="15.5701174680" lon="73.7381091435"><ele>-0.34</ele><time>2025-11-18T02:31:31Z</time><extensions><gpxtpx:TrackPointExtension><gpxtpx:cad>0</gpxtpx:cad></gpxtpx:TrackPointExtension></extensions></trkpt><trkpt lat="15.5702673364" lon="73.7381136697"><ele>-0.82</ele><time>2025-11-18T02:31:36Z</time><extensions><gpxtpx:TrackPointExtension><gpxtpx:cad>0</gpxtpx:cad></gpxtpx:TrackPointExtension></extensions></trkpt><trkpt lat="15.5704213120" lon="73.7381037790"><ele>-0.82</ele><time>2025-11-18T02:31:41Z</time><extensions><gpxtpx:TrackPointExtension><gpxtpx:cad>0</gpxtpx:cad></gpxtpx:TrackPointExtension></extensions></trkpt><trkpt lat="15.5705821607" lon="73.7380920444"><ele>-0.82</ele><time>2025-11-18T02:31:46Z</time><extensions><gpxtpx:TrackPointExtension><gpxtpx:cad>0</gpxtpx:cad></gpxtpx:TrackPointExtension></extensions></trkpt><trkpt lat="15.5707382318" lon="73.7380756158"><ele>-0.82</ele><time>2025-11-18T02:31:51Z</time><extensions><gpxtpx:TrackPointExtension><gpxtpx:cad>0</gpxtpx:cad></gpxtpx:TrackPointExtension></extensions></trkpt><trkpt lat="15.5708880164" lon="73.7380605284"><ele>-0.82</ele><time>2025-11-18T02:31:56Z</time><extensions><gpxtpx:TrackPointExtension><gpxtpx:cad>0</gpxtpx:cad></gpxtpx:TrackPointExtension></extensions></trkpt><trkpt lat="15.5710364599" lon="73.7380549964"><ele>-0.82</ele><time>2025-11-18T02:32:01Z</time><extensions><gpxtpx:TrackPointExtension><gpxtpx:cad>0</gpxtpx:cad></gpxtpx:TrackPointExtension></extensions></trkpt><trkpt lat="15.5711937044" lon="73.7380540743"><ele>-0.34</ele><time>2025-11-18T02:32:06Z</time><extensions><gpxtpx:TrackPointExtension><gpxtpx:cad>0</gpxtpx:cad></gpxtpx:TrackPointExtension></extensions></trkpt><trkpt lat="15.5713497754" lon="73.7380422559"><ele>-0.34</ele><time>2025-11-18T02:32:11Z</time><extensions><gpxtpx:TrackPointExtension><gpxtpx:cad>0</gpxtpx:cad></gpxtpx:TrackPointExtension></extensions></trkpt><trkpt lat="15.5714972969" lon="73.7380052079"><ele>-0.82</ele><time>2025-11-18T02:32:16Z</time><extensions><gpxtpx:TrackPointExtension><gpxtpx:cad>0</gpxtpx:cad></gpxtpx:TrackPointExtension></extensions></trkpt><trkpt lat="15.5716445670" lon="73.7379741110"><ele>-0.34</ele><time>2025-11-18T02:32:21Z</time><extensions><gpxtpx:TrackPointExtension><gpxtpx:cad>0</gpxtpx:cad></gpxtpx:TrackPointExtension></extensions></trkpt><trkpt lat="15.5718056671" lon="73.7379507255"><ele>0.14</ele><time>2025-11-18T02:32:26Z</time><extensions><gpxtpx:TrackPointExtension><gpxtpx:cad>0</gpxtpx:cad></gpxtpx:TrackPointExtension></extensions></trkpt><trkpt lat="15.5719539430" lon="73.7379161920"><ele>0.14</ele><time>2025-11-18T02:32:31Z</time><extensions><gpxtpx:TrackPointExtension><gpxtpx:cad>0</gpxtpx:cad></gpxtpx:TrackPointExtension></extensions></trkpt><trkpt lat="15.5720873829" lon="73.7378848437"><ele>-0.34</ele><time>2025-11-18T02:32:36Z</time><extensions><gpxtpx:TrackPointExtension><gpxtpx:cad>0</gpxtpx:cad></gpxtpx:TrackPointExtension></extensions></trkpt><trkpt lat="15.5722434539" lon="73.7378527410"><ele>0.14</ele><time>2025-11-18T02:32:41Z</time><extensions><gpxtpx:TrackPointExtension><gpxtpx:cad>0</gpxtpx:cad></gpxtpx:TrackPointExtension></extensions></trkpt><trkpt lat="15.5723980162" lon="73.7378099933"><ele>0.14</ele><time>2025-11-18T02:32:46Z</time><extensions><gpxtpx:TrackPointExtension><gpxtpx:cad>0</gpxtpx:cad></gpxtpx:TrackPointExtension></extensions></trkpt><trkpt lat="15.5725376587" lon="73.7377386633"><ele>0.14</ele><time>2025-11-18T02:32:51Z</time><extensions><gpxtpx:TrackPointExtension><gpxtpx:cad>0</gpxtpx:cad></gpxtpx:TrackPointExtension></extensions></trkpt><trkpt lat="15.5726695061" lon="73.7376573589"><ele>0.14</ele><time>2025-11-18T02:32:56Z</time><extensions><gpxtpx:TrackPointExtension><gpxtpx:cad>0</gpxtpx:cad></gpxtpx:TrackPointExtension></extensions></trkpt><trkpt lat="15.5727923848" lon="73.7375604641"><ele>-0.34</ele><time>2025-11-18T02:33:01Z</time><extensions><gpxtpx:TrackPointExtension><gpxtpx:cad>0</gpxtpx:cad></gpxtpx:TrackPointExtension></extensions></trkpt><trkpt lat="15.5728911236" lon="73.7374361604"><ele>-0.34</ele><time>2025-11-18T02:33:06Z</time><extensions><gpxtpx:TrackPointExtension><gpxtpx:cad>0</gpxtpx:cad></gpxtpx:TrackPointExtension></extensions></trkpt><trkpt lat="15.5729901139" lon="73.7373143714"><ele>0.14</ele><time>2025-11-18T02:33:11Z</time><extensions><gpxtpx:TrackPointExtension><gpxtpx:cad>0</gpxtpx:cad></gpxtpx:TrackPointExtension></extensions></trkpt><trkpt lat="15.5730751064" lon="73.7371860445"><ele>-0.34</ele><time>2025-11-18T02:33:16Z</time><extensions><gpxtpx:TrackPointExtension><gpxtpx:cad>0</gpxtpx:cad></gpxtpx:TrackPointExtension></extensions></trkpt><trkpt lat="15.5731564946" lon="73.7370482460"><ele>-0.82</ele><time>2025-11-18T02:33:21Z</time><extensions><gpxtpx:TrackPointExtension><gpxtpx:cad>0</gpxtpx:cad></gpxtpx:TrackPointExtension></extensions></trkpt><trkpt lat="15.5732605979" lon="73.7369305640"><ele>0.14</ele><time>2025-11-18T02:33:26Z</time><extensions><gpxtpx:TrackPointExtension><gpxtpx:cad>0</gpxtpx:cad></gpxtpx:TrackPointExtension></extensions></trkpt><trkpt lat="15.5733522959" lon="73.7367997225"><ele>0.14</ele><time>2025-11-18T02:33:31Z</time><extensions><gpxtpx:TrackPointExtension><gpxtpx:cad>0</gpxtpx:cad></gpxtpx:TrackPointExtension></extensions></trkpt><trkpt lat="15.5734318402" lon="73.7366766762"><ele>0.14</ele><time>2025-11-18T02:33:36Z</time><extensions><gpxtpx:TrackPointExtension><gpxtpx:cad>0</gpxtpx:cad></gpxtpx:TrackPointExtension></extensions></trkpt><trkpt lat="15.5735105462" lon="73.7366050109"><ele>-0.34</ele><time>2025-11-18T02:33:41Z</time><extensions><gpxtpx:TrackPointExtension><gpxtpx:cad>0</gpxtpx:cad></gpxtpx:TrackPointExtension></extensions></trkpt><trkpt lat="15.5735627655" lon="73.7365144026"><ele>-0.82</ele><time>2025-11-18T02:33:46Z</time><extensions><gpxtpx:TrackPointExtension><gpxtpx:cad>0</gpxtpx:cad></gpxtpx:TrackPointExtension></extensions></trkpt><trkpt lat="15.5736369453" lon="73.7364203576"><ele>-1.30</ele><time>2025-11-18T02:33:51Z</time><extensions><gpxtpx:TrackPointExtension><gpxtpx:cad>0</gpxtpx:cad></gpxtpx:TrackPointExtension></extensions></trkpt><trkpt lat="15.5737124663" lon="73.7363175955"><ele>-1.79</ele><time>2025-11-18T02:33:56Z</time><extensions><gpxtpx:TrackPointExtension><gpxtpx:cad>0</gpxtpx:cad></gpxtpx:TrackPointExtension></extensions></trkpt><trkpt lat="15.5737916753" lon="73.7362067029"><ele>-1.79</ele><time>2025-11-18T02:34:01Z</time><extensions><gpxtpx:TrackPointExtension><gpxtpx:cad>0</gpxtpx:cad></gpxtpx:TrackPointExtension></extensions></trkpt><trkpt lat="15.5738866422" lon="73.7361045275"><ele>-1.30</ele><time>2025-11-18T02:34:06Z</time><extensions><gpxtpx:TrackPointExtension><gpxtpx:cad>0</gpxtpx:cad></gpxtpx:TrackPointExtension></extensions></trkpt><trkpt lat="15.5739636719" lon="73.7360042799"><ele>-0.82</ele><time>2025-11-18T02:34:11Z</time><extensions><gpxtpx:TrackPointExtension><gpxtpx:cad>0</gpxtpx:cad></gpxtpx:TrackPointExtension></extensions></trkpt><trkpt lat="15.5740163941" lon="73.7359185331"><ele>-0.34</ele><time>2025-11-18T02:34:16Z</time><extensions><gpxtpx:TrackPointExtension><gpxtpx:cad>0</gpxtpx:cad></gpxtpx:TrackPointExtension></extensions></trkpt><trkpt lat="15.5740572140" lon="73.7358367257"><ele>-0.82</ele><time>2025-11-18T02:34:21Z</time><extensions><gpxtpx:TrackPointExtension><gpxtpx:cad>0</gpxtpx:cad></gpxtpx:TrackPointExtension></extensions></trkpt><trkpt lat="15.5741118640" lon="73.7357147690"><ele>-1.30</ele><time>2025-11-18T02:34:26Z</time><extensions><gpxtpx:TrackPointExtension><gpxtpx:cad>0</gpxtpx:cad></gpxtpx:TrackPointExtension></extensions></trkpt><trkpt lat="15.5741944257" lon="73.7355918065"><ele>-1.30</ele><time>2025-11-18T02:34:31Z</time><extensions><gpxtpx:TrackPointExtension><gpxtpx:cad>0</gpxtpx:cad></gpxtpx:TrackPointExtension></extensions></trkpt><trkpt lat="15.5742862914" lon="73.7354843505"><ele>-1.30</ele><time>2025-11-18T02:34:36Z</time><extensions><gpxtpx:TrackPointExtension><gpxtpx:cad>0</gpxtpx:cad></gpxtpx:TrackPointExtension></extensions></trkpt><trkpt lat="15.5743526760" lon="73.7353709433"><ele>-1.30</ele><time>2025-11-18T02:34:41Z</time><extensions><gpxtpx:TrackPointExtension><gpxtpx:cad>0</gpxtpx:cad></gpxtpx:TrackPointExtension></extensions></trkpt><trkpt lat="15.5744287837" lon="73.7352767307"><ele>-1.30</ele><time>2025-11-18T02:34:46Z</time><extensions><gpxtpx:TrackPointExtension><gpxtpx:cad>0</gpxtpx:cad></gpxtpx:TrackPointExtension></extensions></trkpt><trkpt lat="15.5745162908" lon="73.7351744715"><ele>-1.30</ele><time>2025-11-18T02:34:51Z</time><extensions><gpxtpx:TrackPointExtension><gpxtpx:cad>0</gpxtpx:cad></gpxtpx:TrackPointExtension></extensions></trkpt><trkpt lat="15.5746199749" lon="73.7350764032"><ele>-1.30</ele><time>2025-11-18T02:34:56Z</time><extensions><gpxtpx:TrackPointExtension><gpxtpx:cad>0</gpxtpx:cad></gpxtpx:TrackPointExtension></extensions></trkpt><trkpt lat="15.5747374892" lon="73.7349874713"><ele>-1.30</ele><time>2025-11-18T02:35:01Z</time><extensions><gpxtpx:TrackPointExtension><gpxtpx:cad>0</gpxtpx:cad></gpxtpx:TrackPointExtension></extensions></trkpt><trkpt lat="15.5748575181" lon="73.7348963600"><ele>-0.82</ele><time>2025-11-18T02:35:06Z</time><extensions><gpxtpx:TrackPointExtension><gpxtpx:cad>0</gpxtpx:cad></gpxtpx:TrackPointExtension></extensions></trkpt><trkpt lat="15.5749668181" lon="73.7347760797"><ele>-1.30</ele><time>2025-11-18T02:35:11Z</time><extensions><gpxtpx:TrackPointExtension><gpxtpx:cad>0</gpxtpx:cad></gpxtpx:TrackPointExtension></extensions></trkpt><trkpt lat="15.5750691611" lon="73.7346759997"><ele>-1.79</ele><time>2025-11-18T02:35:16Z</time><extensions><gpxtpx:TrackPointExtension><gpxtpx:cad>0</gpxtpx:cad></gpxtpx:TrackPointExtension></extensions></trkpt><trkpt lat="15.5751808919" lon="73.7345696334"><ele>-1.79</ele><time>2025-11-18T02:35:21Z</time><extensions><gpxtpx:TrackPointExtension><gpxtpx:cad>0</gpxtpx:cad></gpxtpx:TrackPointExtension></extensions></trkpt><trkpt lat="15.5752787087" lon="73.7344513647"><ele>-2.27</ele><time>2025-11-18T02:35:26Z</time><extensions><gpxtpx:TrackPointExtension><gpxtpx:cad>0</gpxtpx:cad></gpxtpx:TrackPointExtension></extensions></trkpt><trkpt lat="15.5753967259" lon="73.7343411427"><ele>-2.27</ele><time>2025-11-18T02:35:31Z</time><extensions><gpxtpx:TrackPointExtension><gpxtpx:cad>0</gpxtpx:cad></gpxtpx:TrackPointExtension></extensions></trkpt><trkpt lat="15.5754998233" lon="73.7342260592"><ele>-2.27</ele><time>2025-11-18T02:35:36Z</time><extensions><gpxtpx:TrackPointExtension><gpxtpx:cad>0</gpxtpx:cad></gpxtpx:TrackPointExtension></extensions></trkpt><trkpt lat="15.5755895097" lon="73.7340994924"><ele>-2.27</ele><time>2025-11-18T02:35:41Z</time><extensions><gpxtpx:TrackPointExtension><gpxtpx:cad>0</gpxtpx:cad></gpxtpx:TrackPointExtension></extensions></trkpt><trkpt lat="15.5756842252" lon="73.7339725066"><ele>-1.79</ele><time>2025-11-18T02:35:46Z</time><extensions><gpxtpx:TrackPointExtension><gpxtpx:cad>0</gpxtpx:cad></gpxtpx:TrackPointExtension></extensions></trkpt><trkpt lat="15.5757672060" lon="73.7338410784"><ele>-1.79</ele><time>2025-11-18T02:35:51Z</time><extensions><gpxtpx:TrackPointExtension><gpxtpx:cad>0</gpxtpx:cad></gpxtpx:TrackPointExtension></extensions></trkpt><trkpt lat="15.5758612510" lon="73.7337216362"><ele>-1.30</ele><time>2025-11-18T02:35:56Z</time><extensions><gpxtpx:TrackPointExtension><gpxtpx:cad>0</gpxtpx:cad></gpxtpx:TrackPointExtension></extensions></trkpt><trkpt lat="15.5759412982" lon="73.7335855979"><ele>-0.82</ele><time>2025-11-18T02:36:01Z</time><extensions><gpxtpx:TrackPointExtension><gpxtpx:cad>0</gpxtpx:cad></gpxtpx:TrackPointExtension></extensions></trkpt><trkpt lat="15.5760184117" lon="73.7334468774"><ele>-0.82</ele><time>2025-11-18T02:36:06Z</time><extensions><gpxtpx:TrackPointExtension><gpxtpx:cad>0</gpxtpx:cad></gpxtpx:TrackPointExtension></extensions></trkpt><trkpt lat="15.5760797672" lon="73.7333065644"><ele>-0.82</ele><time>2025-11-18T02:36:11Z</time><extensions><gpxtpx:TrackPointExtension><gpxtpx:cad>0</gpxtpx:cad></gpxtpx:TrackPointExtension></extensions></trkpt><trkpt lat="15.5761412904" lon="73.7331572827"><ele>-0.82</ele><time>2025-11-18T02:36:16Z</time><extensions><gpxtpx:TrackPointExtension><gpxtpx:cad>0</gpxtpx:cad></gpxtpx:TrackPointExtension></extensions></trkpt><trkpt lat="15.5762098543" lon="73.7330153771"><ele>-1.30</ele><time>2025-11-18T02:36:21Z</time><extensions><gpxtpx:TrackPointExtension><gpxtpx:cad>0</gpxtpx:cad></gpxtpx:TrackPointExtension></extensions></trkpt><trkpt lat="15.5762822740" lon="73.7328741420"><ele>-1.30</ele><time>2025-11-18T02:36:26Z</time><extensions><gpxtpx:TrackPointExtension><gpxtpx:cad>0</gpxtpx:cad></gpxtpx:TrackPointExtension></extensions></trkpt><trkpt lat="15.5763595551" lon="73.7327329069"><ele>-1.30</ele><time>2025-11-18T02:36:31Z</time><extensions><gpxtpx:TrackPointExtension><gpxtpx:cad>0</gpxtpx:cad></gpxtpx:TrackPointExtension></extensions></trkpt><trkpt lat="15.5764388479" lon="73.7325910851"><ele>-1.30</ele><time>2025-11-18T02:36:36Z</time><extensions><gpxtpx:TrackPointExtension><gpxtpx:cad>0</gpxtpx:cad></gpxtpx:TrackPointExtension></extensions></trkpt><trkpt lat="15.5765173025" lon="73.7324550468"><ele>-1.30</ele><time>2025-11-18T02:36:41Z</time><extensions><gpxtpx:TrackPointExtension><gpxtpx:cad>0</gpxtpx:cad></gpxtpx:TrackPointExtension></extensions></trkpt><trkpt lat="15.5765992776" lon="73.7323273066"><ele>-1.79</ele><time>2025-11-18T02:36:46Z</time><extensions><gpxtpx:TrackPointExtension><gpxtpx:cad>0</gpxtpx:cad></gpxtpx:TrackPointExtension></extensions></trkpt><trkpt lat="15.5766880419" lon="73.7322024163"><ele>-1.79</ele><time>2025-11-18T02:36:51Z</time><extensions><gpxtpx:TrackPointExtension><gpxtpx:cad>0</gpxtpx:cad></gpxtpx:TrackPointExtension></extensions></trkpt><trkpt lat="15.5767700169" lon="73.7320675515"><ele>-1.79</ele><time>2025-11-18T02:36:56Z</time><extensions><gpxtpx:TrackPointExtension><gpxtpx:cad>0</gpxtpx:cad></gpxtpx:TrackPointExtension></extensions></trkpt><trkpt lat="15.5768495612" lon="73.7319357879"><ele>-1.79</ele><time>2025-11-18T02:37:01Z</time><extensions><gpxtpx:TrackPointExtension><gpxtpx:cad>0</gpxtpx:cad></gpxtpx:TrackPointExtension></extensions></trkpt><trkpt lat="15.5769256689" lon="73.7317941338"><ele>-1.79</ele><time>2025-11-18T02:37:06Z</time><extensions><gpxtpx:TrackPointExtension><gpxtpx:cad>0</gpxtpx:cad></gpxtpx:TrackPointExtension></extensions></trkpt><trkpt lat="15.5769944843" lon="73.7316439301"><ele>-0.82</ele><time>2025-11-18T02:37:11Z</time><extensions><gpxtpx:TrackPointExtension><gpxtpx:cad>0</gpxtpx:cad></gpxtpx:TrackPointExtension></extensions></trkpt><trkpt lat="15.5770835839" lon="73.7315080594"><ele>-0.34</ele><time>2025-11-18T02:37:16Z</time><extensions><gpxtpx:TrackPointExtension><gpxtpx:cad>0</gpxtpx:cad></gpxtpx:TrackPointExtension></extensions></trkpt><trkpt lat="15.5771596916" lon="73.7313715182"><ele>-0.34</ele><time>2025-11-18T02:37:21Z</time><extensions><gpxtpx:TrackPointExtension><gpxtpx:cad>0</gpxtpx:cad></gpxtpx:TrackPointExtension></extensions></trkpt><trkpt lat="15.5772335362" lon="73.7312174588"><ele>-0.34</ele><time>2025-11-18T02:37:26Z</time><extensions><gpxtpx:TrackPointExtension><gpxtpx:cad>0</gpxtpx:cad></gpxtpx:TrackPointExtension></extensions></trkpt><trkpt lat="15.5773009267" lon="73.7310770620"><ele>-0.82</ele><time>2025-11-18T02:37:31Z</time><extensions><gpxtpx:TrackPointExtension><gpxtpx:cad>0</gpxtpx:cad></gpxtpx:TrackPointExtension></extensions></trkpt><trkpt lat="15.5773390643" lon="73.7309087534"><ele>-1.30</ele><time>2025-11-18T02:37:36Z</time><extensions><gpxtpx:TrackPointExtension><gpxtpx:cad>0</gpxtpx:cad></gpxtpx:TrackPointExtension></extensions></trkpt><trkpt lat="15.5774150882" lon="73.7307667639"><ele>-0.82</ele><time>2025-11-18T02:37:41Z</time><extensions><gpxtpx:TrackPointExtension><gpxtpx:cad>0</gpxtpx:cad></gpxtpx:TrackPointExtension></extensions></trkpt><trkpt lat="15.5774937104" lon="73.7306281272"><ele>-0.82</ele><time>2025-11-18T02:37:46Z</time><extensions><gpxtpx:TrackPointExtension><gpxtpx:cad>0</gpxtpx:cad></gpxtpx:TrackPointExtension></extensions></trkpt><trkpt lat="15.5775942933" lon="73.7305038236"><ele>-0.82</ele><time>2025-11-18T02:37:51Z</time><extensions><gpxtpx:TrackPointExtension><gpxtpx:cad>0</gpxtpx:cad></gpxtpx:TrackPointExtension></extensions></trkpt><trkpt lat="15.5777086224" lon="73.7304014806"><ele>-1.30</ele><time>2025-11-18T02:37:56Z</time><extensions><gpxtpx:TrackPointExtension><gpxtpx:cad>0</gpxtpx:cad></gpxtpx:TrackPointExtension></extensions></trkpt><trkpt lat="15.5778152402" lon="73.7302889954"><ele>-1.30</ele><time>2025-11-18T02:38:01Z</time><extensions><gpxtpx:TrackPointExtension><gpxtpx:cad>0</gpxtpx:cad></gpxtpx:TrackPointExtension></extensions></trkpt><trkpt lat="15.5779299885" lon="73.7301698886"><ele>-0.82</ele><time>2025-11-18T02:38:06Z</time><extensions><gpxtpx:TrackPointExtension><gpxtpx:cad>0</gpxtpx:cad></gpxtpx:TrackPointExtension></extensions></trkpt><trkpt lat="15.5780469161" lon="73.7300589960"><ele>-0.82</ele><time>2025-11-18T02:38:11Z</time><extensions><gpxtpx:TrackPointExtension><gpxtpx:cad>0</gpxtpx:cad></gpxtpx:TrackPointExtension></extensions></trkpt><trkpt lat="15.5781527795" lon="73.7299366202"><ele>-0.82</ele><time>2025-11-18T02:38:16Z</time><extensions><gpxtpx:TrackPointExtension><gpxtpx:cad>0</gpxtpx:cad></gpxtpx:TrackPointExtension></extensions></trkpt><trkpt lat="15.5782582238" lon="73.7298067845"><ele>-0.82</ele><time>2025-11-18T02:38:21Z</time><extensions><gpxtpx:TrackPointExtension><gpxtpx:cad>0</gpxtpx:cad></gpxtpx:TrackPointExtension></extensions></trkpt><trkpt lat="15.5783585552" lon="73.7296844926"><ele>-0.34</ele><time>2025-11-18T02:38:26Z</time><extensions><gpxtpx:TrackPointExtension><gpxtpx:cad>0</gpxtpx:cad></gpxtpx:TrackPointExtension></extensions></trkpt><trkpt lat="15.5784264486" lon="73.7295287568"><ele>-0.82</ele><time>2025-11-18T02:38:31Z</time><extensions><gpxtpx:TrackPointExtension><gpxtpx:cad>0</gpxtpx:cad></gpxtpx:TrackPointExtension></extensions></trkpt><trkpt lat="15.5785149615" lon="73.7293943949"><ele>-0.82</ele><time>2025-11-18T02:38:36Z</time><extensions><gpxtpx:TrackPointExtension><gpxtpx:cad>0</gpxtpx:cad></gpxtpx:TrackPointExtension></extensions></trkpt><trkpt lat="15.5786137842" lon="73.7292707618"><ele>-0.82</ele><time>2025-11-18T02:38:41Z</time><extensions><gpxtpx:TrackPointExtension><gpxtpx:cad>0</gpxtpx:cad></gpxtpx:TrackPointExtension></extensions></trkpt><trkpt lat="15.5787147861" lon="73.7291464582"><ele>-0.82</ele><time>2025-11-18T02:38:46Z</time><extensions><gpxtpx:TrackPointExtension><gpxtpx:cad>0</gpxtpx:cad></gpxtpx:TrackPointExtension></extensions></trkpt><trkpt lat="15.5788277742" lon="73.7290286925"><ele>-1.30</ele><time>2025-11-18T02:38:51Z</time><extensions><gpxtpx:TrackPointExtension><gpxtpx:cad>0</gpxtpx:cad></gpxtpx:TrackPointExtension></extensions></trkpt><trkpt lat="15.5789375771" lon="73.7289085798"><ele>-1.30</ele><time>2025-11-18T02:38:56Z</time><extensions><gpxtpx:TrackPointExtension><gpxtpx:cad>0</gpxtpx:cad></gpxtpx:TrackPointExtension></extensions></trkpt><trkpt lat="15.5790498946" lon="73.7287910655"><ele>-1.30</ele><time>2025-11-18T02:39:01Z</time><extensions><gpxtpx:TrackPointExtension><gpxtpx:cad>0</gpxtpx:cad></gpxtpx:TrackPointExtension></extensions></trkpt><trkpt lat="15.5791675765" lon="73.7286783289"><ele>-0.82</ele><time>2025-11-18T02:39:06Z</time><extensions><gpxtpx:TrackPointExtension><gpxtpx:cad>0</gpxtpx:cad></gpxtpx:TrackPointExtension></extensions></trkpt><trkpt lat="15.5792934727" lon="73.7285702862"><ele>-0.82</ele><time>2025-11-18T02:39:11Z</time><extensions><gpxtpx:TrackPointExtension><gpxtpx:cad>0</gpxtpx:cad></gpxtpx:TrackPointExtension></extensions></trkpt><trkpt lat="15.5794066284" lon="73.7284464855"><ele>-1.30</ele><time>2025-11-18T02:39:16Z</time><extensions><gpxtpx:TrackPointExtension><gpxtpx:cad>0</gpxtpx:cad></gpxtpx:TrackPointExtension></extensions></trkpt><trkpt lat="15.5795267411" lon="73.7283391971"><ele>-0.82</ele><time>2025-11-18T02:39:21Z</time><extensions><gpxtpx:TrackPointExtension><gpxtpx:cad>0</gpxtpx:cad></gpxtpx:TrackPointExtension></extensions></trkpt><trkpt lat="15.5796373822" lon="73.7282260414"><ele>-0.82</ele><time>2025-11-18T02:39:26Z</time><extensions><gpxtpx:TrackPointExtension><gpxtpx:cad>0</gpxtpx:cad></gpxtpx:TrackPointExtension></extensions></trkpt><trkpt lat="15.5797424912" lon="73.7281013187"><ele>-1.30</ele><time>2025-11-18T02:39:31Z</time><extensions><gpxtpx:TrackPointExtension><gpxtpx:cad>0</gpxtpx:cad></gpxtpx:TrackPointExtension></extensions></trkpt><trkpt lat="15.5798598379" lon="73.7279858999"><ele>-0.82</ele><time>2025-11-18T02:39:36Z</time><extensions><gpxtpx:TrackPointExtension><gpxtpx:cad>0</gpxtpx:cad></gpxtpx:TrackPointExtension></extensions></trkpt><trkpt lat="15.5799679644" lon="73.7278668769"><ele>-0.82</ele><time>2025-11-18T02:39:41Z</time><extensions><gpxtpx:TrackPointExtension><gpxtpx:cad>0</gpxtpx:cad></gpxtpx:TrackPointExtension></extensions></trkpt><trkpt lat="15.5800884962" lon="73.7277437467"><ele>-1.30</ele><time>2025-11-18T02:39:46Z</time><extensions><gpxtpx:TrackPointExtension><gpxtpx:cad>0</gpxtpx:cad></gpxtpx:TrackPointExtension></extensions></trkpt><trkpt lat="15.5802208465" lon="73.7276331056"><ele>-0.82</ele><time>2025-11-18T02:39:51Z</time><extensions><gpxtpx:TrackPointExtension><gpxtpx:cad>0</gpxtpx:cad></gpxtpx:TrackPointExtension></extensions></trkpt><trkpt lat="15.5803497601" lon="73.7275168486"><ele>-0.82</ele><time>2025-11-18T02:39:56Z</time><extensions><gpxtpx:TrackPointExtension><gpxtpx:cad>0</gpxtpx:cad></gpxtpx:TrackPointExtension></extensions></trkpt><trkpt lat="15.5804845411" lon="73.7273954786"><ele>-0.82</ele><time>2025-11-18T02:40:01Z</time><extensions><gpxtpx:TrackPointExtension><gpxtpx:cad>0</gpxtpx:cad></gpxtpx:TrackPointExtension></extensions></trkpt><trkpt lat="15.5806245189" lon="73.7272890285"><ele>-0.82</ele><time>2025-11-18T02:40:06Z</time><extensions><gpxtpx:TrackPointExtension><gpxtpx:cad>0</gpxtpx:cad></gpxtpx:TrackPointExtension></extensions></trkpt><trkpt lat="15.5807499122" lon="73.7271623779"><ele>-1.30</ele><time>2025-11-18T02:40:11Z</time><extensions><gpxtpx:TrackPointExtension><gpxtpx:cad>0</gpxtpx:cad></gpxtpx:TrackPointExtension></extensions></trkpt><trkpt lat="15.5808826815" lon="73.7270329613"><ele>-1.30</ele><time>2025-11-18T02:40:16Z</time><extensions><gpxtpx:TrackPointExtension><gpxtpx:cad>0</gpxtpx:cad></gpxtpx:TrackPointExtension></extensions></trkpt><trkpt lat="15.5810143612" lon="73.7269084062"><ele>-1.30</ele><time>2025-11-18T02:40:21Z</time><extensions><gpxtpx:TrackPointExtension><gpxtpx:cad>0</gpxtpx:cad></gpxtpx:TrackPointExtension></extensions></trkpt><trkpt lat="15.5811307020" lon="73.7267769780"><ele>-1.79</ele><time>2025-11-18T02:40:26Z</time><extensions><gpxtpx:TrackPointExtension><gpxtpx:cad>0</gpxtpx:cad></gpxtpx:TrackPointExtension></extensions></trkpt><trkpt lat="15.5812493060" lon="73.7266449630"><ele>-1.30</ele><time>2025-11-18T02:40:31Z</time><extensions><gpxtpx:TrackPointExtension><gpxtpx:cad>0</gpxtpx:cad></gpxtpx:TrackPointExtension></extensions></trkpt><trkpt lat="15.5813759565" lon="73.7265137862"><ele>-1.30</ele><time>2025-11-18T02:40:36Z</time><extensions><gpxtpx:TrackPointExtension><gpxtpx:cad>0</gpxtpx:cad></gpxtpx:TrackPointExtension></extensions></trkpt><trkpt lat="15.5814952310" lon="73.7263899855"><ele>-1.30</ele><time>2025-11-18T02:40:41Z</time><extensions><gpxtpx:TrackPointExtension><gpxtpx:cad>0</gpxtpx:cad></gpxtpx:TrackPointExtension></extensions></trkpt><trkpt lat="15.5816229712" lon="73.7262767460"><ele>-1.30</ele><time>2025-11-18T02:40:46Z</time><extensions><gpxtpx:TrackPointExtension><gpxtpx:cad>0</gpxtpx:cad></gpxtpx:TrackPointExtension></extensions></trkpt><trkpt lat="15.5817547347" lon="73.7261504307"><ele>-1.30</ele><time>2025-11-18T02:40:51Z</time><extensions><gpxtpx:TrackPointExtension><gpxtpx:cad>0</gpxtpx:cad></gpxtpx:TrackPointExtension></extensions></trkpt><trkpt lat="15.5818790384" lon="73.7260292284"><ele>-1.30</ele><time>2025-11-18T02:40:56Z</time><extensions><gpxtpx:TrackPointExtension><gpxtpx:cad>0</gpxtpx:cad></gpxtpx:TrackPointExtension></extensions></trkpt><trkpt lat="15.5820092093" lon="73.7259136420"><ele>-1.30</ele><time>2025-11-18T02:41:01Z</time><extensions><gpxtpx:TrackPointExtension><gpxtpx:cad>0</gpxtpx:cad></gpxtpx:TrackPointExtension></extensions></trkpt><trkpt lat="15.5821350217" lon="73.7258013245"><ele>-1.79</ele><time>2025-11-18T02:41:06Z</time><extensions><gpxtpx:TrackPointExtension><gpxtpx:cad>0</gpxtpx:cad></gpxtpx:TrackPointExtension></extensions></trkpt><trkpt lat="15.5822757538" lon="73.7256921921"><ele>-2.27</ele><time>2025-11-18T02:41:11Z</time><extensions><gpxtpx:TrackPointExtension><gpxtpx:cad>0</gpxtpx:cad></gpxtpx:TrackPointExtension></extensions></trkpt><trkpt lat="15.5824115407" lon="73.7255729176"><ele>-1.79</ele><time>2025-11-18T02:41:16Z</time><extensions><gpxtpx:TrackPointExtension><gpxtpx:cad>0</gpxtpx:cad></gpxtpx:TrackPointExtension></extensions></trkpt><trkpt lat="15.5825422145" lon="73.7254550681"><ele>-1.79</ele><time>2025-11-18T02:41:21Z</time><extensions><gpxtpx:TrackPointExtension><gpxtpx:cad>0</gpxtpx:cad></gpxtpx:TrackPointExtension></extensions></trkpt><trkpt lat="15.5826810189" lon="73.7253414933"><ele>-1.30</ele><time>2025-11-18T02:41:26Z</time><extensions><gpxtpx:TrackPointExtension><gpxtpx:cad>0</gpxtpx:cad></gpxtpx:TrackPointExtension></extensions></trkpt><trkpt lat="15.5828217510" lon="73.7252217997"><ele>-1.30</ele><time>2025-11-18T02:41:31Z</time><extensions><gpxtpx:TrackPointExtension><gpxtpx:cad>0</gpxtpx:cad></gpxtpx:TrackPointExtension></extensions></trkpt><trkpt lat="15.5829475634" lon="73.7250977475"><ele>-1.30</ele><time>2025-11-18T02:41:36Z</time><extensions><gpxtpx:TrackPointExtension><gpxtpx:cad>0</gpxtpx:cad></gpxtpx:TrackPointExtension></extensions></trkpt><trkpt lat="15.5830840208" lon="73.7249852624"><ele>-1.79</ele><time>2025-11-18T02:41:41Z</time><extensions><gpxtpx:TrackPointExtension><gpxtpx:cad>0</gpxtpx:cad></gpxtpx:TrackPointExtension></extensions></trkpt><trkpt lat="15.5832162872" lon="73.7248669937"><ele>-1.79</ele><time>2025-11-18T02:41:46Z</time><extensions><gpxtpx:TrackPointExtension><gpxtpx:cad>0</gpxtpx:cad></gpxtpx:TrackPointExtension></extensions></trkpt><trkpt lat="15.5833438598" lon="73.7247541733"><ele>-1.79</ele><time>2025-11-18T02:41:51Z</time><extensions><gpxtpx:TrackPointExtension><gpxtpx:cad>0</gpxtpx:cad></gpxtpx:TrackPointExtension></extensions></trkpt><trkpt lat="15.5834842566" lon="73.7246366590"><ele>-1.30</ele><time>2025-11-18T02:41:56Z</time><extensions><gpxtpx:TrackPointExtension><gpxtpx:cad>0</gpxtpx:cad></gpxtpx:TrackPointExtension></extensions></trkpt><trkpt lat="15.5836154334" lon="73.7245200668"><ele>-1.79</ele><time>2025-11-18T02:42:01Z</time><extensions><gpxtpx:TrackPointExtension><gpxtpx:cad>0</gpxtpx:cad></gpxtpx:TrackPointExtension></extensions></trkpt><trkpt lat="15.5837444309" lon="73.7243950926"><ele>-1.30</ele><time>2025-11-18T02:42:06Z</time><extensions><gpxtpx:TrackPointExtension><gpxtpx:cad>0</gpxtpx:cad></gpxtpx:TrackPointExtension></extensions></trkpt><trkpt lat="15.5838747695" lon="73.7242853735"><ele>-1.30</ele><time>2025-11-18T02:42:11Z</time><extensions><gpxtpx:TrackPointExtension><gpxtpx:cad>0</gpxtpx:cad></gpxtpx:TrackPointExtension></extensions></trkpt><trkpt lat="15.5839977320" lon="73.7241639197"><ele>-1.30</ele><time>2025-11-18T02:42:16Z</time><extensions><gpxtpx:TrackPointExtension><gpxtpx:cad>0</gpxtpx:cad></gpxtpx:TrackPointExtension></extensions></trkpt><trkpt lat="15.5841319263" lon="73.7240422145"><ele>-1.30</ele><time>2025-11-18T02:42:21Z</time><extensions><gpxtpx:TrackPointExtension><gpxtpx:cad>0</gpxtpx:cad></gpxtpx:TrackPointExtension></extensions></trkpt><trkpt lat="15.5842719041" lon="73.7239340041"><ele>-1.30</ele><time>2025-11-18T02:42:26Z</time><extensions><gpxtpx:TrackPointExtension><gpxtpx:cad>0</gpxtpx:cad></gpxtpx:TrackPointExtension></extensions></trkpt><trkpt lat="15.5844065174" lon="73.7238206808"><ele>-0.82</ele><time>2025-11-18T02:42:31Z</time><extensions><gpxtpx:TrackPointExtension><gpxtpx:cad>0</gpxtpx:cad></gpxtpx:TrackPointExtension></extensions></trkpt><trkpt lat="15.5845452379" lon="73.7237102073"><ele>-1.30</ele><time>2025-11-18T02:42:36Z</time><extensions><gpxtpx:TrackPointExtension><gpxtpx:cad>0</gpxtpx:cad></gpxtpx:TrackPointExtension></extensions></trkpt><trkpt lat="15.5846832041" lon="73.7236040086"><ele>-1.30</ele><time>2025-11-18T02:42:41Z</time><extensions><gpxtpx:TrackPointExtension><gpxtpx:cad>0</gpxtpx:cad></gpxtpx:TrackPointExtension></extensions></trkpt><trkpt lat="15.5848234333" lon="73.7234895956"><ele>-1.30</ele><time>2025-11-18T02:42:46Z</time><extensions><gpxtpx:TrackPointExtension><gpxtpx:cad>0</gpxtpx:cad></gpxtpx:TrackPointExtension></extensions></trkpt><trkpt lat="15.5849512573" lon="73.7233701535"><ele>-1.30</ele><time>2025-11-18T02:42:51Z</time><extensions><gpxtpx:TrackPointExtension><gpxtpx:cad>0</gpxtpx:cad></gpxtpx:TrackPointExtension></extensions></trkpt><trkpt lat="15.5850678496" lon="73.7232475262"><ele>-1.79</ele><time>2025-11-18T02:42:56Z</time><extensions><gpxtpx:TrackPointExtension><gpxtpx:cad>0</gpxtpx:cad></gpxtpx:TrackPointExtension></extensions></trkpt><trkpt lat="15.5851988588" lon="73.7231268268"><ele>-1.79</ele><time>2025-11-18T02:43:01Z</time><extensions><gpxtpx:TrackPointExtension><gpxtpx:cad>0</gpxtpx:cad></gpxtpx:TrackPointExtension></extensions></trkpt><trkpt lat="15.5853346456" lon="73.7230110727"><ele>-2.27</ele><time>2025-11-18T02:43:06Z</time><extensions><gpxtpx:TrackPointExtension><gpxtpx:cad>0</gpxtpx:cad></gpxtpx:TrackPointExtension></extensions></trkpt><trkpt lat="15.5854699295" lon="73.7228997611"><ele>-2.27</ele><time>2025-11-18T02:43:11Z</time><extensions><gpxtpx:TrackPointExtension><gpxtpx:cad>0</gpxtpx:cad></gpxtpx:TrackPointExtension></extensions></trkpt><trkpt lat="15.5856047943" lon="73.7227833364"><ele>-2.27</ele><time>2025-11-18T02:43:16Z</time><extensions><gpxtpx:TrackPointExtension><gpxtpx:cad>0</gpxtpx:cad></gpxtpx:TrackPointExtension></extensions></trkpt><trkpt lat="15.5857343785" lon="73.7226716056"><ele>-2.27</ele><time>2025-11-18T02:43:21Z</time><extensions><gpxtpx:TrackPointExtension><gpxtpx:cad>0</gpxtpx:cad></gpxtpx:TrackPointExtension></extensions></trkpt><trkpt lat="15.5858728476" lon="73.7225646526"><ele>-2.27</ele><time>2025-11-18T02:43:26Z</time><extensions><gpxtpx:TrackPointExtension><gpxtpx:cad>0</gpxtpx:cad></gpxtpx:TrackPointExtension></extensions></trkpt><trkpt lat="15.5860006716" lon="73.7224468030"><ele>-1.79</ele><time>2025-11-18T02:43:31Z</time><extensions><gpxtpx:TrackPointExtension><gpxtpx:cad>0</gpxtpx:cad></gpxtpx:TrackPointExtension></extensions></trkpt><trkpt lat="15.5861341953" lon="73.7223357428"><ele>-1.79</ele><time>2025-11-18T02:43:36Z</time><extensions><gpxtpx:TrackPointExtension><gpxtpx:cad>0</gpxtpx:cad></gpxtpx:TrackPointExtension></extensions></trkpt><trkpt lat="15.5862679705" lon="73.7222209107"><ele>-1.79</ele><time>2025-11-18T02:43:41Z</time><extensions><gpxtpx:TrackPointExtension><gpxtpx:cad>0</gpxtpx:cad></gpxtpx:TrackPointExtension></extensions></trkpt><trkpt lat="15.5864119716" lon="73.7221083418"><ele>-1.79</ele><time>2025-11-18T02:43:46Z</time><extensions><gpxtpx:TrackPointExtension><gpxtpx:cad>0</gpxtpx:cad></gpxtpx:TrackPointExtension></extensions></trkpt><trkpt lat="15.5865422264" lon="73.7219944317"><ele>-1.30</ele><time>2025-11-18T02:43:51Z</time><extensions><gpxtpx:TrackPointExtension><gpxtpx:cad>0</gpxtpx:cad></gpxtpx:TrackPointExtension></extensions></trkpt><trkpt lat="15.5866791029" lon="73.7218697928"><ele>-1.79</ele><time>2025-11-18T02:43:56Z</time><extensions><gpxtpx:TrackPointExtension><gpxtpx:cad>0</gpxtpx:cad></gpxtpx:TrackPointExtension></extensions></trkpt><trkpt lat="15.5868138839" lon="73.7217545416"><ele>-1.30</ele><time>2025-11-18T02:44:01Z</time><extensions><gpxtpx:TrackPointExtension><gpxtpx:cad>0</gpxtpx:cad></gpxtpx:TrackPointExtension></extensions></trkpt><trkpt lat="15.5869369302" lon="73.7216299865"><ele>-1.30</ele><time>2025-11-18T02:44:06Z</time><extensions><gpxtpx:TrackPointExtension><gpxtpx:cad>0</gpxtpx:cad></gpxtpx:TrackPointExtension></extensions></trkpt><trkpt lat="15.5870590545" lon="73.7215030845"><ele>-1.30</ele><time>2025-11-18T02:44:11Z</time><extensions><gpxtpx:TrackPointExtension><gpxtpx:cad>0</gpxtpx:cad></gpxtpx:TrackPointExtension></extensions></trkpt><trkpt lat="15.5871855374" lon="73.7213849835"><ele>-1.30</ele><time>2025-11-18T02:44:16Z</time><extensions><gpxtpx:TrackPointExtension><gpxtpx:cad>0</gpxtpx:cad></gpxtpx:TrackPointExtension></extensions></trkpt><trkpt lat="15.5873050634" lon="73.7212628592"><ele>-1.79</ele><time>2025-11-18T02:44:21Z</time><extensions><gpxtpx:TrackPointExtension><gpxtpx:cad>0</gpxtpx:cad></gpxtpx:TrackPointExtension></extensions></trkpt><trkpt lat="15.5874320492" lon="73.7211463507"><ele>-1.79</ele><time>2025-11-18T02:44:26Z</time><extensions><gpxtpx:TrackPointExtension><gpxtpx:cad>0</gpxtpx:cad></gpxtpx:TrackPointExtension></extensions></trkpt><trkpt lat="15.5875520781" lon="73.7210119050"><ele>-1.30</ele><time>2025-11-18T02:44:31Z</time><extensions><gpxtpx:TrackPointExtension><gpxtpx:cad>0</gpxtpx:cad></gpxtpx:TrackPointExtension></extensions></trkpt><trkpt lat="15.5876690894" lon="73.7208912056"><ele>-0.82</ele><time>2025-11-18T02:44:36Z</time><extensions><gpxtpx:TrackPointExtension><gpxtpx:cad>0</gpxtpx:cad></gpxtpx:TrackPointExtension></extensions></trkpt><trkpt lat="15.5877976678" lon="73.7207715958"><ele>-1.30</ele><time>2025-11-18T02:44:41Z</time><extensions><gpxtpx:TrackPointExtension><gpxtpx:cad>0</gpxtpx:cad></gpxtpx:TrackPointExtension></extensions></trkpt><trkpt lat="15.5879256595" lon="73.7206566799"><ele>-1.30</ele><time>2025-11-18T02:44:46Z</time><extensions><gpxtpx:TrackPointExtension><gpxtpx:cad>0</gpxtpx:cad></gpxtpx:TrackPointExtension></extensions></trkpt><trkpt lat="15.5880529806" lon="73.7205365673"><ele>-1.30</ele><time>2025-11-18T02:44:51Z</time><extensions><gpxtpx:TrackPointExtension><gpxtpx:cad>0</gpxtpx:cad></gpxtpx:TrackPointExtension></extensions></trkpt><trkpt lat="15.5881811399" lon="73.7204165384"><ele>-1.79</ele><time>2025-11-18T02:44:56Z</time><extensions><gpxtpx:TrackPointExtension><gpxtpx:cad>0</gpxtpx:cad></gpxtpx:TrackPointExtension></extensions></trkpt><trkpt lat="15.5883124843" lon="73.7203017902"><ele>-1.79</ele><time>2025-11-18T02:45:01Z</time><extensions><gpxtpx:TrackPointExtension><gpxtpx:cad>0</gpxtpx:cad></gpxtpx:TrackPointExtension></extensions></trkpt><trkpt lat="15.5884420685" lon="73.7201965135"><ele>-2.27</ele><time>2025-11-18T02:45:06Z</time><extensions><gpxtpx:TrackPointExtension><gpxtpx:cad>0</gpxtpx:cad></gpxtpx:TrackPointExtension></extensions></trkpt><trkpt lat="15.5885796994" lon="73.7200919073"><ele>-2.27</ele><time>2025-11-18T02:45:11Z</time><extensions><gpxtpx:TrackPointExtension><gpxtpx:cad>0</gpxtpx:cad></gpxtpx:TrackPointExtension></extensions></trkpt><trkpt lat="15.5887207668" lon="73.7199918274"><ele>-2.75</ele><time>2025-11-18T02:45:16Z</time><extensions><gpxtpx:TrackPointExtension><gpxtpx:cad>0</gpxtpx:cad></gpxtpx:TrackPointExtension></extensions></trkpt><trkpt lat="15.5888747424" lon="73.7199277896"><ele>-3.71</ele><time>2025-11-18T02:45:21Z</time><extensions><gpxtpx:TrackPointExtension><gpxtpx:cad>0</gpxtpx:cad></gpxtpx:TrackPointExtension></extensions></trkpt><trkpt lat="15.5890363455" lon="73.7199303042"><ele>-3.23</ele><time>2025-11-18T02:45:26Z</time><extensions><gpxtpx:TrackPointExtension><gpxtpx:cad>0</gpxtpx:cad></gpxtpx:TrackPointExtension></extensions></trkpt><trkpt lat="15.5891980324" lon="73.7199691124"><ele>-2.75</ele><time>2025-11-18T02:45:31Z</time><extensions><gpxtpx:TrackPointExtension><gpxtpx:cad>0</gpxtpx:cad></gpxtpx:TrackPointExtension></extensions></trkpt><trkpt lat="15.5893564504" lon="73.7200334854"><ele>-2.75</ele><time>2025-11-18T02:45:36Z</time><extensions><gpxtpx:TrackPointExtension><gpxtpx:cad>0</gpxtpx:cad></gpxtpx:TrackPointExtension></extensions></trkpt><trkpt lat="15.5895079952" lon="73.7201009598"><ele>-2.27</ele><time>2025-11-18T02:45:41Z</time><extensions><gpxtpx:TrackPointExtension><gpxtpx:cad>0</gpxtpx:cad></gpxtpx:TrackPointExtension></extensions></trkpt><trkpt lat="15.5896583665" lon="73.7201644946"><ele>-1.79</ele><time>2025-11-18T02:45:46Z</time><extensions><gpxtpx:TrackPointExtension><gpxtpx:cad>0</gpxtpx:cad></gpxtpx:TrackPointExtension></extensions></trkpt><trkpt lat="15.5897961650" lon="73.7202173006"><ele>-1.30</ele><time>2025-11-18T02:45:51Z</time><extensions><gpxtpx:TrackPointExtension><gpxtpx:cad>0</gpxtpx:cad></gpxtpx:TrackPointExtension></extensions></trkpt><trkpt lat="15.5899376515" lon="73.7202684302"><ele>-0.82</ele><time>2025-11-18T02:45:56Z</time><extensions><gpxtpx:TrackPointExtension><gpxtpx:cad>0</gpxtpx:cad></gpxtpx:TrackPointExtension></extensions></trkpt><trkpt lat="15.5900757853" lon="73.7203280255"><ele>-0.82</ele><time>2025-11-18T02:46:01Z</time><extensions><gpxtpx:TrackPointExtension><gpxtpx:cad>0</gpxtpx:cad></gpxtpx:TrackPointExtension></extensions></trkpt><trkpt lat="15.5902140029" lon="73.7203960028"><ele>-0.82</ele><time>2025-11-18T02:46:06Z</time><extensions><gpxtpx:TrackPointExtension><gpxtpx:cad>0</gpxtpx:cad></gpxtpx:TrackPointExtension></extensions></trkpt><trkpt lat="15.5903615244" lon="73.7204694282"><ele>-0.82</ele><time>2025-11-18T02:46:11Z</time><extensions><gpxtpx:TrackPointExtension><gpxtpx:cad>0</gpxtpx:cad></gpxtpx:TrackPointExtension></extensions></trkpt><trkpt lat="15.5905000772" lon="73.7205415126"><ele>-0.34</ele><time>2025-11-18T02:46:16Z</time><extensions><gpxtpx:TrackPointExtension><gpxtpx:cad>0</gpxtpx:cad></gpxtpx:TrackPointExtension></extensions></trkpt><trkpt lat="15.5906398874" lon="73.7206063885"><ele>-0.82</ele><time>2025-11-18T02:46:21Z</time><extensions><gpxtpx:TrackPointExtension><gpxtpx:cad>0</gpxtpx:cad></gpxtpx:TrackPointExtension></extensions></trkpt><trkpt lat="15.5907768477" lon="73.7206792273"><ele>-0.82</ele><time>2025-11-18T02:46:26Z</time><extensions><gpxtpx:TrackPointExtension><gpxtpx:cad>0</gpxtpx:cad></gpxtpx:TrackPointExtension></extensions></trkpt><trkpt lat="15.5909148138" lon="73.7207601964"><ele>-0.82</ele><time>2025-11-18T02:46:31Z</time><extensions><gpxtpx:TrackPointExtension><gpxtpx:cad>0</gpxtpx:cad></gpxtpx:TrackPointExtension></extensions></trkpt><trkpt lat="15.5910516903" lon="73.7208359689"><ele>-0.82</ele><time>2025-11-18T02:46:36Z</time><extensions><gpxtpx:TrackPointExtension><gpxtpx:cad>0</gpxtpx:cad></gpxtpx:TrackPointExtension></extensions></trkpt><trkpt lat="15.5911894888" lon="73.7209115736"><ele>-0.82</ele><time>2025-11-18T02:46:41Z</time><extensions><gpxtpx:TrackPointExtension><gpxtpx:cad>0</gpxtpx:cad></gpxtpx:TrackPointExtension></extensions></trkpt><trkpt lat="15.5913244374" lon="73.7209851667"><ele>-0.82</ele><time>2025-11-18T02:46:46Z</time><extensions><gpxtpx:TrackPointExtension><gpxtpx:cad>0</gpxtpx:cad></gpxtpx:TrackPointExtension></extensions></trkpt><trkpt lat="15.5914542731" lon="73.7210665550"><ele>-0.82</ele><time>2025-11-18T02:46:51Z</time><extensions><gpxtpx:TrackPointExtension><gpxtpx:cad>0</gpxtpx:cad></gpxtpx:TrackPointExtension></extensions></trkpt><trkpt lat="15.5915919039" lon="73.7211564090"><ele>-0.82</ele><time>2025-11-18T02:46:56Z</time><extensions><gpxtpx:TrackPointExtension><gpxtpx:cad>0</gpxtpx:cad></gpxtpx:TrackPointExtension></extensions></trkpt><trkpt lat="15.5917250086" lon="73.7212479394"><ele>-0.82</ele><time>2025-11-18T02:47:01Z</time><extensions><gpxtpx:TrackPointExtension><gpxtpx:cad>0</gpxtpx:cad></gpxtpx:TrackPointExtension></extensions></trkpt><trkpt lat="15.5918485578" lon="73.7213310879"><ele>-0.82</ele><time>2025-11-18T02:47:06Z</time><extensions><gpxtpx:TrackPointExtension><gpxtpx:cad>0</gpxtpx:cad></gpxtpx:TrackPointExtension></extensions></trkpt><trkpt lat="15.5919816624" lon="73.7214070279"><ele>-0.82</ele><time>2025-11-18T02:47:11Z</time><extensions><gpxtpx:TrackPointExtension><gpxtpx:cad>0</gpxtpx:cad></gpxtpx:TrackPointExtension></extensions></trkpt><trkpt lat="15.5921268370" lon="73.7214765139"><ele>-0.82</ele><time>2025-11-18T02:47:16Z</time><extensions><gpxtpx:TrackPointExtension><gpxtpx:cad>0</gpxtpx:cad></gpxtpx:TrackPointExtension></extensions></trkpt><trkpt lat="15.5922684912" lon="73.7215478439"><ele>-0.82</ele><time>2025-11-18T02:47:21Z</time><extensions><gpxtpx:TrackPointExtension><gpxtpx:cad>0</gpxtpx:cad></gpxtpx:TrackPointExtension></extensions></trkpt><trkpt lat="15.5924081337" lon="73.7216167431"><ele>-0.82</ele><time>2025-11-18T02:47:26Z</time><extensions><gpxtpx:TrackPointExtension><gpxtpx:cad>0</gpxtpx:cad></gpxtpx:TrackPointExtension></extensions></trkpt><trkpt lat="15.5925403163" lon="73.7216894142"><ele>-0.82</ele><time>2025-11-18T02:47:31Z</time><extensions><gpxtpx:TrackPointExtension><gpxtpx:cad>0</gpxtpx:cad></gpxtpx:TrackPointExtension></extensions></trkpt><trkpt lat="15.5926853232" lon="73.7217661086"><ele>-0.82</ele><time>2025-11-18T02:47:36Z</time><extensions><gpxtpx:TrackPointExtension><gpxtpx:cad>0</gpxtpx:cad></gpxtpx:TrackPointExtension></extensions></trkpt><trkpt lat="15.5928272288" lon="73.7218466587"><ele>-0.34</ele><time>2025-11-18T02:47:41Z</time><extensions><gpxtpx:TrackPointExtension><gpxtpx:cad>0</gpxtpx:cad></gpxtpx:TrackPointExtension></extensions></trkpt><trkpt lat="15.5929609202" lon="73.7219205033"><ele>-0.34</ele><time>2025-11-18T02:47:46Z</time><extensions><gpxtpx:TrackPointExtension><gpxtpx:cad>0</gpxtpx:cad></gpxtpx:TrackPointExtension></extensions></trkpt><trkpt lat="15.5930965394" lon="73.7219955213"><ele>-0.82</ele><time>2025-11-18T02:47:51Z</time><extensions><gpxtpx:TrackPointExtension><gpxtpx:cad>0</gpxtpx:cad></gpxtpx:TrackPointExtension></extensions></trkpt><trkpt lat="15.5932376906" lon="73.7220659293"><ele>-0.82</ele><time>2025-11-18T02:47:56Z</time><extensions><gpxtpx:TrackPointExtension><gpxtpx:cad>0</gpxtpx:cad></gpxtpx:TrackPointExtension></extensions></trkpt><trkpt lat="15.5933852959" lon="73.7221336551"><ele>-0.34</ele><time>2025-11-18T02:48:01Z</time><extensions><gpxtpx:TrackPointExtension><gpxtpx:cad>0</gpxtpx:cad></gpxtpx:TrackPointExtension></extensions></trkpt><trkpt lat="15.5935261119" lon="73.7222129479"><ele>-0.34</ele><time>2025-11-18T02:48:06Z</time><extensions><gpxtpx:TrackPointExtension><gpxtpx:cad>0</gpxtpx:cad></gpxtpx:TrackPointExtension></extensions></trkpt><trkpt lat="15.5936590489" lon="73.7222970184"><ele>-0.82</ele><time>2025-11-18T02:48:11Z</time><extensions><gpxtpx:TrackPointExtension><gpxtpx:cad>0</gpxtpx:cad></gpxtpx:TrackPointExtension></extensions></trkpt><trkpt lat="15.5937844422" lon="73.7223706115"><ele>-0.82</ele><time>2025-11-18T02:48:16Z</time><extensions><gpxtpx:TrackPointExtension><gpxtpx:cad>0</gpxtpx:cad></gpxtpx:TrackPointExtension></extensions></trkpt><trkpt lat="15.5939261802" lon="73.7224531732"><ele>-0.82</ele><time>2025-11-18T02:48:21Z</time><extensions><gpxtpx:TrackPointExtension><gpxtpx:cad>0</gpxtpx:cad></gpxtpx:TrackPointExtension></extensions></trkpt><trkpt lat="15.5940630566" lon="73.7225364055"><ele>-0.34</ele><time>2025-11-18T02:48:26Z</time><extensions><gpxtpx:TrackPointExtension><gpxtpx:cad>0</gpxtpx:cad></gpxtpx:TrackPointExtension></extensions></trkpt><trkpt lat="15.5941994302" lon="73.7226161174"><ele>-0.34</ele><time>2025-11-18T02:48:31Z</time><extensions><gpxtpx:TrackPointExtension><gpxtpx:cad>0</gpxtpx:cad></gpxtpx:TrackPointExtension></extensions></trkpt><trkpt lat="15.5943314452" lon="73.7226815801"><ele>0.14</ele><time>2025-11-18T02:48:36Z</time><extensions><gpxtpx:TrackPointExtension><gpxtpx:cad>0</gpxtpx:cad></gpxtpx:TrackPointExtension></extensions></trkpt><trkpt lat="15.5944782961" lon="73.7227449473"><ele>0.62</ele><time>2025-11-18T02:48:41Z</time><extensions><gpxtpx:TrackPointExtension><gpxtpx:cad>0</gpxtpx:cad></gpxtpx:TrackPointExtension></extensions></trkpt><trkpt lat="15.5946308468" lon="73.7228124216"><ele>0.62</ele><time>2025-11-18T02:48:46Z</time><extensions><gpxtpx:TrackPointExtension><gpxtpx:cad>0</gpxtpx:cad></gpxtpx:TrackPointExtension></extensions></trkpt><trkpt lat="15.5947722495" lon="73.7228666525"><ele>0.62</ele><time>2025-11-18T02:48:51Z</time><extensions><gpxtpx:TrackPointExtension><gpxtpx:cad>0</gpxtpx:cad></gpxtpx:TrackPointExtension></extensions></trkpt><trkpt lat="15.5949113052" lon="73.7229272537"><ele>0.62</ele><time>2025-11-18T02:48:56Z</time><extensions><gpxtpx:TrackPointExtension><gpxtpx:cad>0</gpxtpx:cad></gpxtpx:TrackPointExtension></extensions></trkpt><trkpt lat="15.5950633530" lon="73.7229943089"><ele>0.62</ele><time>2025-11-18T02:49:01Z</time><extensions><gpxtpx:TrackPointExtension><gpxtpx:cad>0</gpxtpx:cad></gpxtpx:TrackPointExtension></extensions></trkpt><trkpt lat="15.5952097010" lon="73.7230575085"><ele>0.14</ele><time>2025-11-18T02:49:06Z</time><extensions><gpxtpx:TrackPointExtension><gpxtpx:cad>0</gpxtpx:cad></gpxtpx:TrackPointExtension></extensions></trkpt><trkpt lat="15.5953468289" lon="73.7231173553"><ele>0.14</ele><time>2025-11-18T02:49:11Z</time><extensions><gpxtpx:TrackPointExtension><gpxtpx:cad>0</gpxtpx:cad></gpxtpx:TrackPointExtension></extensions></trkpt><trkpt lat="15.5954929255" lon="73.7231808901"><ele>0.62</ele><time>2025-11-18T02:49:16Z</time><extensions><gpxtpx:TrackPointExtension><gpxtpx:cad>0</gpxtpx:cad></gpxtpx:TrackPointExtension></extensions></trkpt><trkpt lat="15.5956389382" lon="73.7232466880"><ele>0.62</ele><time>2025-11-18T02:49:21Z</time><extensions><gpxtpx:TrackPointExtension><gpxtpx:cad>0</gpxtpx:cad></gpxtpx:TrackPointExtension></extensions></trkpt><trkpt lat="15.5957832746" lon="73.7233118992"><ele>0.62</ele><time>2025-11-18T02:49:26Z</time><extensions><gpxtpx:TrackPointExtension><gpxtpx:cad>0</gpxtpx:cad></gpxtpx:TrackPointExtension></extensions></trkpt><trkpt lat="15.5959255993" lon="73.7233772781"><ele>0.62</ele><time>2025-11-18T02:49:31Z</time><extensions><gpxtpx:TrackPointExtension><gpxtpx:cad>0</gpxtpx:cad></gpxtpx:TrackPointExtension></extensions></trkpt><trkpt lat="15.5960701872" lon="73.7234476861"><ele>1.10</ele><time>2025-11-18T02:49:36Z</time><extensions><gpxtpx:TrackPointExtension><gpxtpx:cad>0</gpxtpx:cad></gpxtpx:TrackPointExtension></extensions></trkpt><trkpt lat="15.5962109193" lon="73.7235172559"><ele>0.62</ele><time>2025-11-18T02:49:41Z</time><extensions><gpxtpx:TrackPointExtension><gpxtpx:cad>0</gpxtpx:cad></gpxtpx:TrackPointExtension></extensions></trkpt><trkpt lat="15.5963537470" lon="73.7235808745"><ele>0.62</ele><time>2025-11-18T02:49:46Z</time><extensions><gpxtpx:TrackPointExtension><gpxtpx:cad>0</gpxtpx:cad></gpxtpx:TrackPointExtension></extensions></trkpt><trkpt lat="15.5965004303" lon="73.7236531265"><ele>0.62</ele><time>2025-11-18T02:49:51Z</time><extensions><gpxtpx:TrackPointExtension><gpxtpx:cad>0</gpxtpx:cad></gpxtpx:TrackPointExtension></extensions></trkpt><trkpt lat="15.5966434255" lon="73.7237236183"><ele>0.62</ele><time>2025-11-18T02:49:56Z</time><extensions><gpxtpx:TrackPointExtension><gpxtpx:cad>0</gpxtpx:cad></gpxtpx:TrackPointExtension></extensions></trkpt><trkpt lat="15.5967864208" lon="73.7237883266"><ele>1.10</ele><time>2025-11-18T02:50:01Z</time><extensions><gpxtpx:TrackPointExtension><gpxtpx:cad>0</gpxtpx:cad></gpxtpx:TrackPointExtension></extensions></trkpt><trkpt lat="15.5969277397" lon="73.7238559686"><ele>0.62</ele><time>2025-11-18T02:50:06Z</time><extensions><gpxtpx:TrackPointExtension><gpxtpx:cad>0</gpxtpx:cad></gpxtpx:TrackPointExtension></extensions></trkpt><trkpt lat="15.5970688071" lon="73.7239238620"><ele>0.62</ele><time>2025-11-18T02:50:11Z</time><extensions><gpxtpx:TrackPointExtension><gpxtpx:cad>0</gpxtpx:cad></gpxtpx:TrackPointExtension></extensions></trkpt><trkpt lat="15.5972167477" lon="73.7239820324"><ele>0.62</ele><time>2025-11-18T02:50:16Z</time><extensions><gpxtpx:TrackPointExtension><gpxtpx:cad>0</gpxtpx:cad></gpxtpx:TrackPointExtension></extensions></trkpt><trkpt lat="15.5973648559" lon="73.7240363471"><ele>0.62</ele><time>2025-11-18T02:50:21Z</time><extensions><gpxtpx:TrackPointExtension><gpxtpx:cad>0</gpxtpx:cad></gpxtpx:TrackPointExtension></extensions></trkpt><trkpt lat="15.5975096114" lon="73.7240889017"><ele>0.62</ele><time>2025-11-18T02:50:26Z</time><extensions><gpxtpx:TrackPointExtension><gpxtpx:cad>0</gpxtpx:cad></gpxtpx:TrackPointExtension></extensions></trkpt><trkpt lat="15.5976549536" lon="73.7241443899"><ele>0.62</ele><time>2025-11-18T02:50:31Z</time><extensions><gpxtpx:TrackPointExtension><gpxtpx:cad>0</gpxtpx:cad></gpxtpx:TrackPointExtension></extensions></trkpt><trkpt lat="15.5977996252" lon="73.7242121156"><ele>1.10</ele><time>2025-11-18T02:50:36Z</time><extensions><gpxtpx:TrackPointExtension><gpxtpx:cad>0</gpxtpx:cad></gpxtpx:TrackPointExtension></extensions></trkpt><trkpt lat="15.5979447160" lon="73.7242757343"><ele>1.10</ele><time>2025-11-18T02:50:41Z</time><extensions><gpxtpx:TrackPointExtension><gpxtpx:cad>0</gpxtpx:cad></gpxtpx:TrackPointExtension></extensions></trkpt><trkpt lat="15.5980907287" lon="73.7243317254"><ele>1.10</ele><time>2025-11-18T02:50:46Z</time><extensions><gpxtpx:TrackPointExtension><gpxtpx:cad>0</gpxtpx:cad></gpxtpx:TrackPointExtension></extensions></trkpt><trkpt lat="15.5982276052" lon="73.7243915722"><ele>1.58</ele><time>2025-11-18T02:50:51Z</time><extensions><gpxtpx:TrackPointExtension><gpxtpx:cad>0</gpxtpx:cad></gpxtpx:TrackPointExtension></extensions></trkpt><trkpt lat="15.5983836763" lon="73.7244572863"><ele>1.58</ele><time>2025-11-18T02:50:56Z</time><extensions><gpxtpx:TrackPointExtension><gpxtpx:cad>0</gpxtpx:cad></gpxtpx:TrackPointExtension></extensions></trkpt><trkpt lat="15.5985318683" lon="73.7245138641"><ele>1.58</ele><time>2025-11-18T02:51:01Z</time><extensions><gpxtpx:TrackPointExtension><gpxtpx:cad>0</gpxtpx:cad></gpxtpx:TrackPointExtension></extensions></trkpt><trkpt lat="15.5986658949" lon="73.7245668378"><ele>1.58</ele><time>2025-11-18T02:51:06Z</time><extensions><gpxtpx:TrackPointExtension><gpxtpx:cad>0</gpxtpx:cad></gpxtpx:TrackPointExtension></extensions></trkpt><trkpt lat="15.5988067947" lon="73.7246336415"><ele>1.58</ele><time>2025-11-18T02:51:11Z</time><extensions><gpxtpx:TrackPointExtension><gpxtpx:cad>0</gpxtpx:cad></gpxtpx:TrackPointExtension></extensions></trkpt><trkpt lat="15.5989546515" lon="73.7247001939"><ele>1.58</ele><time>2025-11-18T02:51:16Z</time><extensions><gpxtpx:TrackPointExtension><gpxtpx:cad>0</gpxtpx:cad></gpxtpx:TrackPointExtension></extensions></trkpt><trkpt lat="15.5991055258" lon="73.7247669138"><ele>1.58</ele><time>2025-11-18T02:51:21Z</time><extensions><gpxtpx:TrackPointExtension><gpxtpx:cad>0</gpxtpx:cad></gpxtpx:TrackPointExtension></extensions></trkpt><trkpt lat="15.5992485210" lon="73.7248191331"><ele>1.58</ele><time>2025-11-18T02:51:26Z</time><extensions><gpxtpx:TrackPointExtension><gpxtpx:cad>0</gpxtpx:cad></gpxtpx:TrackPointExtension></extensions></trkpt><trkpt lat="15.5993898399" lon="73.7248835899"><ele>1.58</ele><time>2025-11-18T02:51:31Z</time><extensions><gpxtpx:TrackPointExtension><gpxtpx:cad>0</gpxtpx:cad></gpxtpx:TrackPointExtension></extensions></trkpt><trkpt lat="15.5995357689" lon="73.7249399163"><ele>1.58</ele><time>2025-11-18T02:51:36Z</time><extensions><gpxtpx:TrackPointExtension><gpxtpx:cad>0</gpxtpx:cad></gpxtpx:TrackPointExtension></extensions></trkpt><trkpt lat="15.5996853020" lon="73.7249906268"><ele>1.58</ele><time>2025-11-18T02:51:41Z</time><extensions><gpxtpx:TrackPointExtension><gpxtpx:cad>0</gpxtpx:cad></gpxtpx:TrackPointExtension></extensions></trkpt><trkpt lat="15.5998339131" lon="73.7250322849"><ele>1.58</ele><time>2025-11-18T02:51:46Z</time><extensions><gpxtpx:TrackPointExtension><gpxtpx:cad>0</gpxtpx:cad></gpxtpx:TrackPointExtension></extensions></trkpt><trkpt lat="15.5999734718" lon="73.7250817381"><ele>1.58</ele><time>2025-11-18T02:51:51Z</time><extensions><gpxtpx:TrackPointExtension><gpxtpx:cad>0</gpxtpx:cad></gpxtpx:TrackPointExtension></extensions></trkpt><trkpt lat="15.6001204066" lon="73.7251492962"><ele>1.58</ele><time>2025-11-18T02:51:56Z</time><extensions><gpxtpx:TrackPointExtension><gpxtpx:cad>0</gpxtpx:cad></gpxtpx:TrackPointExtension></extensions></trkpt><trkpt lat="15.6002644915" lon="73.7252232246"><ele>1.10</ele><time>2025-11-18T02:52:01Z</time><extensions><gpxtpx:TrackPointExtension><gpxtpx:cad>0</gpxtpx:cad></gpxtpx:TrackPointExtension></extensions></trkpt><trkpt lat="15.6003963389" lon="73.7252866756"><ele>0.62</ele><time>2025-11-18T02:52:06Z</time><extensions><gpxtpx:TrackPointExtension><gpxtpx:cad>0</gpxtpx:cad></gpxtpx:TrackPointExtension></extensions></trkpt><trkpt lat="15.6005011126" lon="73.7253342848"><ele>0.62</ele><time>2025-11-18T02:52:11Z</time><extensions><gpxtpx:TrackPointExtension><gpxtpx:cad>0</gpxtpx:cad></gpxtpx:TrackPointExtension></extensions></trkpt><trkpt lat="15.6005949900" lon="73.7253686506"><ele>1.10</ele><time>2025-11-18T02:52:16Z</time><extensions><gpxtpx:TrackPointExtension><gpxtpx:cad>0</gpxtpx:cad></gpxtpx:TrackPointExtension></extensions></trkpt><trkpt lat="15.6006769650" lon="73.7253704946"><ele>1.10</ele><time>2025-11-18T02:52:21Z</time><extensions><gpxtpx:TrackPointExtension><gpxtpx:cad>0</gpxtpx:cad></gpxtpx:TrackPointExtension></extensions></trkpt><trkpt lat="15.6007765420" lon="73.7253564131"><ele>1.10</ele><time>2025-11-18T02:52:26Z</time><extensions><gpxtpx:TrackPointExtension><gpxtpx:cad>0</gpxtpx:cad></gpxtpx:TrackPointExtension></extensions></trkpt><trkpt lat="15.6009044498" lon="73.7253227178"><ele>1.10</ele><time>2025-11-18T02:52:31Z</time><extensions><gpxtpx:TrackPointExtension><gpxtpx:cad>0</gpxtpx:cad></gpxtpx:TrackPointExtension></extensions></trkpt><trkpt lat="15.6010383088" lon="73.7252714206"><ele>1.10</ele><time>2025-11-18T02:52:36Z</time><extensions><gpxtpx:TrackPointExtension><gpxtpx:cad>0</gpxtpx:cad></gpxtpx:TrackPointExtension></extensions></trkpt><trkpt lat="15.6011718325" lon="73.7252109870"><ele>0.62</ele><time>2025-11-18T02:52:41Z</time><extensions><gpxtpx:TrackPointExtension><gpxtpx:cad>0</gpxtpx:cad></gpxtpx:TrackPointExtension></extensions></trkpt><trkpt lat="15.6013062783" lon="73.7251505535"><ele>0.14</ele><time>2025-11-18T02:52:46Z</time><extensions><gpxtpx:TrackPointExtension><gpxtpx:cad>0</gpxtpx:cad></gpxtpx:TrackPointExtension></extensions></trkpt><trkpt lat="15.6014421489" lon="73.7250911258"><ele>-0.34</ele><time>2025-11-18T02:52:51Z</time><extensions><gpxtpx:TrackPointExtension><gpxtpx:cad>0</gpxtpx:cad></gpxtpx:TrackPointExtension></extensions></trkpt><trkpt lat="15.6015718170" lon="73.7250239868"><ele>-0.34</ele><time>2025-11-18T02:52:56Z</time><extensions><gpxtpx:TrackPointExtension><gpxtpx:cad>0</gpxtpx:cad></gpxtpx:TrackPointExtension></extensions></trkpt><trkpt lat="15.6017028261" lon="73.7249632180"><ele>0.14</ele><time>2025-11-18T02:53:01Z</time><extensions><gpxtpx:TrackPointExtension><gpxtpx:cad>0</gpxtpx:cad></gpxtpx:TrackPointExtension></extensions></trkpt><trkpt lat="15.6018435583" lon="73.7249046285"><ele>0.14</ele><time>2025-11-18T02:53:06Z</time><extensions><gpxtpx:TrackPointExtension><gpxtpx:cad>0</gpxtpx:cad></gpxtpx:TrackPointExtension></extensions></trkpt><trkpt lat="15.6019736454" lon="73.7248407584"><ele>0.14</ele><time>2025-11-18T02:53:11Z</time><extensions><gpxtpx:TrackPointExtension><gpxtpx:cad>0</gpxtpx:cad></gpxtpx:TrackPointExtension></extensions></trkpt><trkpt lat="15.6021066662" lon="73.7247752119"><ele>-0.34</ele><time>2025-11-18T02:53:16Z</time><extensions><gpxtpx:TrackPointExtension><gpxtpx:cad>0</gpxtpx:cad></gpxtpx:TrackPointExtension></extensions></trkpt><trkpt lat="15.6022446323" lon="73.7247120962"><ele>-0.34</ele><time>2025-11-18T02:53:21Z</time><extensions><gpxtpx:TrackPointExtension><gpxtpx:cad>0</gpxtpx:cad></gpxtpx:TrackPointExtension></extensions></trkpt><trkpt lat="15.6023774017" lon="73.7246432807"><ele>-0.34</ele><time>2025-11-18T02:53:26Z</time><extensions><gpxtpx:TrackPointExtension><gpxtpx:cad>0</gpxtpx:cad></gpxtpx:TrackPointExtension></extensions></trkpt><trkpt lat="15.6025052257" lon="73.7245666701"><ele>-0.34</ele><time>2025-11-18T02:53:31Z</time><extensions><gpxtpx:TrackPointExtension><gpxtpx:cad>0</gpxtpx:cad></gpxtpx:TrackPointExtension></extensions></trkpt><trkpt lat="15.6026413478" lon="73.7244978547"><ele>-0.34</ele><time>2025-11-18T02:53:36Z</time><extensions><gpxtpx:TrackPointExtension><gpxtpx:cad>0</gpxtpx:cad></gpxtpx:TrackPointExtension></extensions></trkpt><trkpt lat="15.6027729437" lon="73.7244262733"><ele>-0.34</ele><time>2025-11-18T02:53:41Z</time><extensions><gpxtpx:TrackPointExtension><gpxtpx:cad>0</gpxtpx:cad></gpxtpx:TrackPointExtension></extensions></trkpt><trkpt lat="15.6029033661" lon="73.7243736349"><ele>-0.34</ele><time>2025-11-18T02:53:46Z</time><extensions><gpxtpx:TrackPointExtension><gpxtpx:cad>0</gpxtpx:cad></gpxtpx:TrackPointExtension></extensions></trkpt><trkpt lat="15.6030502170" lon="73.7243318930"><ele>-0.82</ele><time>2025-11-18T02:53:51Z</time><extensions><gpxtpx:TrackPointExtension><gpxtpx:cad>0</gpxtpx:cad></gpxtpx:TrackPointExtension></extensions></trkpt><trkpt lat="15.6031936314" lon="73.7242879719"><ele>-0.82</ele><time>2025-11-18T02:53:56Z</time><extensions><gpxtpx:TrackPointExtension><gpxtpx:cad>0</gpxtpx:cad></gpxtpx:TrackPointExtension></extensions></trkpt><trkpt lat="15.6033320166" lon="73.7242332380"><ele>-0.82</ele><time>2025-11-18T02:54:01Z</time><extensions><gpxtpx:TrackPointExtension><gpxtpx:cad>0</gpxtpx:cad></gpxtpx:TrackPointExtension></extensions></trkpt><trkpt lat="15.6034752633" lon="73.7241815217"><ele>-0.82</ele><time>2025-11-18T02:54:06Z</time><extensions><gpxtpx:TrackPointExtension><gpxtpx:cad>0</gpxtpx:cad></gpxtpx:TrackPointExtension></extensions></trkpt><trkpt lat="15.6036146544" lon="73.7241184060"><ele>-1.30</ele><time>2025-11-18T02:54:11Z</time><extensions><gpxtpx:TrackPointExtension><gpxtpx:cad>0</gpxtpx:cad></gpxtpx:TrackPointExtension></extensions></trkpt><trkpt lat="15.6037566438" lon="73.7240635045"><ele>-1.30</ele><time>2025-11-18T02:54:16Z</time><extensions><gpxtpx:TrackPointExtension><gpxtpx:cad>0</gpxtpx:cad></gpxtpx:TrackPointExtension></extensions></trkpt><trkpt lat="15.6038909219" lon="73.7240085192"><ele>-1.30</ele><time>2025-11-18T02:54:21Z</time><extensions><gpxtpx:TrackPointExtension><gpxtpx:cad>0</gpxtpx:cad></gpxtpx:TrackPointExtension></extensions></trkpt><trkpt lat="15.6040289719" lon="73.7239569705"><ele>-1.30</ele><time>2025-11-18T02:54:26Z</time><extensions><gpxtpx:TrackPointExtension><gpxtpx:cad>0</gpxtpx:cad></gpxtpx:TrackPointExtension></extensions></trkpt><trkpt lat="15.6041647587" lon="73.7239096127"><ele>-1.30</ele><time>2025-11-18T02:54:31Z</time><extensions><gpxtpx:TrackPointExtension><gpxtpx:cad>0</gpxtpx:cad></gpxtpx:TrackPointExtension></extensions></trkpt><trkpt lat="15.6043090951" lon="73.7238516938"><ele>-1.30</ele><time>2025-11-18T02:54:36Z</time><extensions><gpxtpx:TrackPointExtension><gpxtpx:cad>0</gpxtpx:cad></gpxtpx:TrackPointExtension></extensions></trkpt><trkpt lat="15.6044432893" lon="73.7237899192"><ele>-1.79</ele><time>2025-11-18T02:54:41Z</time><extensions><gpxtpx:TrackPointExtension><gpxtpx:cad>0</gpxtpx:cad></gpxtpx:TrackPointExtension></extensions></trkpt><trkpt lat="15.6045802496" lon="73.7237523682"><ele>-1.79</ele><time>2025-11-18T02:54:46Z</time><extensions><gpxtpx:TrackPointExtension><gpxtpx:cad>0</gpxtpx:cad></gpxtpx:TrackPointExtension></extensions></trkpt><trkpt lat="15.6047168747" lon="73.7237201817"><ele>-1.79</ele><time>2025-11-18T02:54:51Z</time><extensions><gpxtpx:TrackPointExtension><gpxtpx:cad>0</gpxtpx:cad></gpxtpx:TrackPointExtension></extensions></trkpt><trkpt lat="15.6048473809" lon="73.7236746680"><ele>-2.27</ele><time>2025-11-18T02:54:56Z</time><extensions><gpxtpx:TrackPointExtension><gpxtpx:cad>0</gpxtpx:cad></gpxtpx:TrackPointExtension></extensions></trkpt><trkpt lat="15.6049767975" lon="73.7236255500"><ele>-2.27</ele><time>2025-11-18T02:55:01Z</time><extensions><gpxtpx:TrackPointExtension><gpxtpx:cad>0</gpxtpx:cad></gpxtpx:TrackPointExtension></extensions></trkpt><trkpt lat="15.6051236484" lon="73.7235819642"><ele>-2.27</ele><time>2025-11-18T02:55:06Z</time><extensions><gpxtpx:TrackPointExtension><gpxtpx:cad>0</gpxtpx:cad></gpxtpx:TrackPointExtension></extensions></trkpt><trkpt lat="15.6052675657" lon="73.7235287391"><ele>-2.27</ele><time>2025-11-18T02:55:11Z</time><extensions><gpxtpx:TrackPointExtension><gpxtpx:cad>0</gpxtpx:cad></gpxtpx:TrackPointExtension></extensions></trkpt><trkpt lat="15.6054215413" lon="73.7234589178"><ele>-1.79</ele><time>2025-11-18T02:55:16Z</time><extensions><gpxtpx:TrackPointExtension><gpxtpx:cad>0</gpxtpx:cad></gpxtpx:TrackPointExtension></extensions></trkpt><trkpt lat="15.6055612676" lon="73.7234099675"><ele>-0.34</ele><time>2025-11-18T02:55:21Z</time><extensions><gpxtpx:TrackPointExtension><gpxtpx:cad>0</gpxtpx:cad></gpxtpx:TrackPointExtension></extensions></trkpt><trkpt lat="15.6056954619" lon="73.7233508751"><ele>-0.82</ele><time>2025-11-18T02:55:26Z</time><extensions><gpxtpx:TrackPointExtension><gpxtpx:cad>0</gpxtpx:cad></gpxtpx:TrackPointExtension></extensions></trkpt><trkpt lat="15.6058269739" lon="73.7232910283"><ele>-0.82</ele><time>2025-11-18T02:55:31Z</time><extensions><gpxtpx:TrackPointExtension><gpxtpx:cad>0</gpxtpx:cad></gpxtpx:TrackPointExtension></extensions></trkpt><trkpt lat="15.6059718132" lon="73.7232418265"><ele>-0.34</ele><time>2025-11-18T02:55:36Z</time><extensions><gpxtpx:TrackPointExtension><gpxtpx:cad>0</gpxtpx:cad></gpxtpx:TrackPointExtension></extensions></trkpt><trkpt lat="15.6061063427" lon="73.7231877632"><ele>-0.34</ele><time>2025-11-18T02:55:41Z</time><extensions><gpxtpx:TrackPointExtension><gpxtpx:cad>0</gpxtpx:cad></gpxtpx:TrackPointExtension></extensions></trkpt><trkpt lat="15.6062346697" lon="73.7231282517"><ele>-0.82</ele><time>2025-11-18T02:55:46Z</time><extensions><gpxtpx:TrackPointExtension><gpxtpx:cad>0</gpxtpx:cad></gpxtpx:TrackPointExtension></extensions></trkpt><trkpt lat="15.6063710432" lon="73.7230712548"><ele>-1.30</ele><time>2025-11-18T02:55:51Z</time><extensions><gpxtpx:TrackPointExtension><gpxtpx:cad>0</gpxtpx:cad></gpxtpx:TrackPointExtension></extensions></trkpt><trkpt lat="15.6065227557" lon="73.7230392359"><ele>-1.30</ele><time>2025-11-18T02:55:56Z</time><extensions><gpxtpx:TrackPointExtension><gpxtpx:cad>0</gpxtpx:cad></gpxtpx:TrackPointExtension></extensions></trkpt><trkpt lat="15.6066525914" lon="73.7230161857"><ele>-1.30</ele><time>2025-11-18T02:56:01Z</time><extensions><gpxtpx:TrackPointExtension><gpxtpx:cad>0</gpxtpx:cad></gpxtpx:TrackPointExtension></extensions></trkpt><trkpt lat="15.6067949161" lon="73.7230101507"><ele>-0.82</ele><time>2025-11-18T02:56:06Z</time><extensions><gpxtpx:TrackPointExtension><gpxtpx:cad>0</gpxtpx:cad></gpxtpx:TrackPointExtension></extensions></trkpt><trkpt lat="15.6069474667" lon="73.7230160180"><ele>-0.82</ele><time>2025-11-18T02:56:11Z</time><extensions><gpxtpx:TrackPointExtension><gpxtpx:cad>0</gpxtpx:cad></gpxtpx:TrackPointExtension></extensions></trkpt><trkpt lat="15.6070968322" lon="73.7230181973"><ele>-0.82</ele><time>2025-11-18T02:56:16Z</time><extensions><gpxtpx:TrackPointExtension><gpxtpx:cad>0</gpxtpx:cad></gpxtpx:TrackPointExtension></extensions></trkpt><trkpt lat="15.6072403304" lon="73.7230095640"><ele>-0.82</ele><time>2025-11-18T02:56:21Z</time><extensions><gpxtpx:TrackPointExtension><gpxtpx:cad>0</gpxtpx:cad></gpxtpx:TrackPointExtension></extensions></trkpt><trkpt lat="15.6073815655" lon="73.7229976617"><ele>-0.34</ele><time>2025-11-18T02:56:26Z</time><extensions><gpxtpx:TrackPointExtension><gpxtpx:cad>0</gpxtpx:cad></gpxtpx:TrackPointExtension></extensions></trkpt><trkpt lat="15.6075342838" lon="73.7229996733"><ele>0.14</ele><time>2025-11-18T02:56:31Z</time><extensions><gpxtpx:TrackPointExtension><gpxtpx:cad>0</gpxtpx:cad></gpxtpx:TrackPointExtension></extensions></trkpt><trkpt lat="15.6076842360" lon="73.7229889445"><ele>0.14</ele><time>2025-11-18T02:56:36Z</time><extensions><gpxtpx:TrackPointExtension><gpxtpx:cad>0</gpxtpx:cad></gpxtpx:TrackPointExtension></extensions></trkpt><trkpt lat="15.6078222021" lon="73.7229741085"><ele>-0.34</ele><time>2025-11-18T02:56:41Z</time><extensions><gpxtpx:TrackPointExtension><gpxtpx:cad>0</gpxtpx:cad></gpxtpx:TrackPointExtension></extensions></trkpt><trkpt lat="15.6079693045" lon="73.7229727674"><ele>-0.34</ele><time>2025-11-18T02:56:46Z</time><extensions><gpxtpx:TrackPointExtension><gpxtpx:cad>0</gpxtpx:cad></gpxtpx:TrackPointExtension></extensions></trkpt><trkpt lat="15.6081114616" lon="73.7229750305"><ele>-0.82</ele><time>2025-11-18T02:56:51Z</time><extensions><gpxtpx:TrackPointExtension><gpxtpx:cad>0</gpxtpx:cad></gpxtpx:TrackPointExtension></extensions></trkpt><trkpt lat="15.6082521100" lon="73.7229788862"><ele>-0.82</ele><time>2025-11-18T02:56:56Z</time><extensions><gpxtpx:TrackPointExtension><gpxtpx:cad>0</gpxtpx:cad></gpxtpx:TrackPointExtension></extensions></trkpt><trkpt lat="15.6083940994" lon="73.7229769584"><ele>-0.82</ele><time>2025-11-18T02:57:01Z</time><extensions><gpxtpx:TrackPointExtension><gpxtpx:cad>0</gpxtpx:cad></gpxtpx:TrackPointExtension></extensions></trkpt><trkpt lat="15.6085431296" lon="73.7229792215"><ele>-0.82</ele><time>2025-11-18T02:57:06Z</time><extensions><gpxtpx:TrackPointExtension><gpxtpx:cad>0</gpxtpx:cad></gpxtpx:TrackPointExtension></extensions></trkpt><trkpt lat="15.6086854544" lon="73.7229777128"><ele>-1.30</ele><time>2025-11-18T02:57:11Z</time><extensions><gpxtpx:TrackPointExtension><gpxtpx:cad>0</gpxtpx:cad></gpxtpx:TrackPointExtension></extensions></trkpt><trkpt lat="15.6088301260" lon="73.7229750305"><ele>-1.30</ele><time>2025-11-18T02:57:16Z</time><extensions><gpxtpx:TrackPointExtension><gpxtpx:cad>0</gpxtpx:cad></gpxtpx:TrackPointExtension></extensions></trkpt><trkpt lat="15.6089851074" lon="73.7229777128"><ele>-0.82</ele><time>2025-11-18T02:57:21Z</time><extensions><gpxtpx:TrackPointExtension><gpxtpx:cad>0</gpxtpx:cad></gpxtpx:TrackPointExtension></extensions></trkpt><trkpt lat="15.6091300305" lon="73.7229793891"><ele>-0.82</ele><time>2025-11-18T02:57:26Z</time><extensions><gpxtpx:TrackPointExtension><gpxtpx:cad>0</gpxtpx:cad></gpxtpx:TrackPointExtension></extensions></trkpt><trkpt lat="15.6092692539" lon="73.7229843345"><ele>-1.30</ele><time>2025-11-18T02:57:31Z</time><extensions><gpxtpx:TrackPointExtension><gpxtpx:cad>0</gpxtpx:cad></gpxtpx:TrackPointExtension></extensions></trkpt><trkpt lat="15.6094175298" lon="73.7229897827"><ele>-0.82</ele><time>2025-11-18T02:57:36Z</time><extensions><gpxtpx:TrackPointExtension><gpxtpx:cad>0</gpxtpx:cad></gpxtpx:TrackPointExtension></extensions></trkpt><trkpt lat="15.6095669791" lon="73.7229929678"><ele>-0.82</ele><time>2025-11-18T02:57:41Z</time><extensions><gpxtpx:TrackPointExtension><gpxtpx:cad>0</gpxtpx:cad></gpxtpx:TrackPointExtension></extensions></trkpt><trkpt lat="15.6097113155" lon="73.7230002601"><ele>-0.82</ele><time>2025-11-18T02:57:46Z</time><extensions><gpxtpx:TrackPointExtension><gpxtpx:cad>0</gpxtpx:cad></gpxtpx:TrackPointExtension></extensions></trkpt><trkpt lat="15.6098538078" lon="73.7230085582"><ele>-0.82</ele><time>2025-11-18T02:57:51Z</time><extensions><gpxtpx:TrackPointExtension><gpxtpx:cad>0</gpxtpx:cad></gpxtpx:TrackPointExtension></extensions></trkpt><trkpt lat="15.6099981442" lon="73.7230183650"><ele>-0.82</ele><time>2025-11-18T02:57:56Z</time><extensions><gpxtpx:TrackPointExtension><gpxtpx:cad>0</gpxtpx:cad></gpxtpx:TrackPointExtension></extensions></trkpt><trkpt lat="15.6101407204" lon="73.7230289262"><ele>-0.82</ele><time>2025-11-18T02:58:01Z</time><extensions><gpxtpx:TrackPointExtension><gpxtpx:cad>0</gpxtpx:cad></gpxtpx:TrackPointExtension></extensions></trkpt><trkpt lat="15.6102859788" lon="73.7230424210"><ele>-0.34</ele><time>2025-11-18T02:58:06Z</time><extensions><gpxtpx:TrackPointExtension><gpxtpx:cad>0</gpxtpx:cad></gpxtpx:TrackPointExtension></extensions></trkpt><trkpt lat="15.6104333326" lon="73.7230673991"><ele>-0.34</ele><time>2025-11-18T02:58:11Z</time><extensions><gpxtpx:TrackPointExtension><gpxtpx:cad>0</gpxtpx:cad></gpxtpx:TrackPointExtension></extensions></trkpt><trkpt lat="15.6105803512" lon="73.7230916228"><ele>-0.34</ele><time>2025-11-18T02:58:16Z</time><extensions><gpxtpx:TrackPointExtension><gpxtpx:cad>0</gpxtpx:cad></gpxtpx:TrackPointExtension></extensions></trkpt><trkpt lat="15.6107163057" lon="73.7231085543"><ele>-0.82</ele><time>2025-11-18T02:58:21Z</time><extensions><gpxtpx:TrackPointExtension><gpxtpx:cad>0</gpxtpx:cad></gpxtpx:TrackPointExtension></extensions></trkpt><trkpt lat="15.6108661741" lon="73.7231364660"><ele>-0.34</ele><time>2025-11-18T02:58:26Z</time><extensions><gpxtpx:TrackPointExtension><gpxtpx:cad>0</gpxtpx:cad></gpxtpx:TrackPointExtension></extensions></trkpt><trkpt lat="15.6110227481" lon="73.7231550738"><ele>-0.82</ele><time>2025-11-18T02:58:31Z</time><extensions><gpxtpx:TrackPointExtension><gpxtpx:cad>0</gpxtpx:cad></gpxtpx:TrackPointExtension></extensions></trkpt><trkpt lat="15.6111581158" lon="73.7231612764"><ele>-0.82</ele><time>2025-11-18T02:58:36Z</time><extensions><gpxtpx:TrackPointExtension><gpxtpx:cad>0</gpxtpx:cad></gpxtpx:TrackPointExtension></extensions></trkpt><trkpt lat="15.6112943217" lon="73.7231906131"><ele>-0.82</ele><time>2025-11-18T02:58:41Z</time><extensions><gpxtpx:TrackPointExtension><gpxtpx:cad>0</gpxtpx:cad></gpxtpx:TrackPointExtension></extensions></trkpt><trkpt lat="15.6114521530" lon="73.7232300919"><ele>-0.82</ele><time>2025-11-18T02:58:46Z</time><extensions><gpxtpx:TrackPointExtension><gpxtpx:cad>0</gpxtpx:cad></gpxtpx:TrackPointExtension></extensions></trkpt><trkpt lat="15.6115929689" lon="73.7232614402"><ele>-0.82</ele><time>2025-11-18T02:58:51Z</time><extensions><gpxtpx:TrackPointExtension><gpxtpx:cad>0</gpxtpx:cad></gpxtpx:TrackPointExtension></extensions></trkpt><trkpt lat="15.6117265765" lon="73.7232940458"><ele>-1.30</ele><time>2025-11-18T02:58:56Z</time><extensions><gpxtpx:TrackPointExtension><gpxtpx:cad>0</gpxtpx:cad></gpxtpx:TrackPointExtension></extensions></trkpt><trkpt lat="15.6118712481" lon="73.7233225442"><ele>-1.30</ele><time>2025-11-18T02:59:01Z</time><extensions><gpxtpx:TrackPointExtension><gpxtpx:cad>0</gpxtpx:cad></gpxtpx:TrackPointExtension></extensions></trkpt><trkpt lat="15.6120257266" lon="73.7233445048"><ele>-1.30</ele><time>2025-11-18T02:59:06Z</time><extensions><gpxtpx:TrackPointExtension><gpxtpx:cad>0</gpxtpx:cad></gpxtpx:TrackPointExtension></extensions></trkpt><trkpt lat="15.6121721584" lon="73.7233569939"><ele>-1.30</ele><time>2025-11-18T02:59:11Z</time><extensions><gpxtpx:TrackPointExtension><gpxtpx:cad>0</gpxtpx:cad></gpxtpx:TrackPointExtension></extensions></trkpt><trkpt lat="15.6123090349" lon="73.7233704887"><ele>-0.82</ele><time>2025-11-18T02:59:16Z</time><extensions><gpxtpx:TrackPointExtension><gpxtpx:cad>0</gpxtpx:cad></gpxtpx:TrackPointExtension></extensions></trkpt><trkpt lat="15.6124577299" lon="73.7233875040"><ele>-1.30</ele><time>2025-11-18T02:59:21Z</time><extensions><gpxtpx:TrackPointExtension><gpxtpx:cad>0</gpxtpx:cad></gpxtpx:TrackPointExtension></extensions></trkpt><trkpt lat="15.6126069278" lon="73.7234082911"><ele>-1.30</ele><time>2025-11-18T02:59:26Z</time><extensions><gpxtpx:TrackPointExtension><gpxtpx:cad>0</gpxtpx:cad></gpxtpx:TrackPointExtension></extensions></trkpt><trkpt lat="15.6127532758" lon="73.7234349456"><ele>-0.82</ele><time>2025-11-18T02:59:31Z</time><extensions><gpxtpx:TrackPointExtension><gpxtpx:cad>0</gpxtpx:cad></gpxtpx:TrackPointExtension></extensions></trkpt><trkpt lat="15.6128971092" lon="73.7234587502"><ele>-0.34</ele><time>2025-11-18T02:59:36Z</time><extensions><gpxtpx:TrackPointExtension><gpxtpx:cad>0</gpxtpx:cad></gpxtpx:TrackPointExtension></extensions></trkpt><trkpt lat="15.6130381767" lon="73.7234758493"><ele>0.14</ele><time>2025-11-18T02:59:41Z</time><extensions><gpxtpx:TrackPointExtension><gpxtpx:cad>0</gpxtpx:cad></gpxtpx:TrackPointExtension></extensions></trkpt><trkpt lat="15.6131892186" lon="73.7235024199"><ele>0.14</ele><time>2025-11-18T02:59:46Z</time><extensions><gpxtpx:TrackPointExtension><gpxtpx:cad>0</gpxtpx:cad></gpxtpx:TrackPointExtension></extensions></trkpt><trkpt lat="15.6133299507" lon="73.7235263921"><ele>0.62</ele><time>2025-11-18T02:59:51Z</time><extensions><gpxtpx:TrackPointExtension><gpxtpx:cad>0</gpxtpx:cad></gpxtpx:TrackPointExtension></extensions></trkpt><trkpt lat="15.6134664081" lon="73.7235506997"><ele>0.62</ele><time>2025-11-18T02:59:56Z</time><extensions><gpxtpx:TrackPointExtension><gpxtpx:cad>0</gpxtpx:cad></gpxtpx:TrackPointExtension></extensions></trkpt><trkpt lat="15.6136181206" lon="73.7235664576"><ele>0.62</ele><time>2025-11-18T03:00:01Z</time><extensions><gpxtpx:TrackPointExtension><gpxtpx:cad>0</gpxtpx:cad></gpxtpx:TrackPointExtension></extensions></trkpt><trkpt lat="15.6137684919" lon="73.7235795334"><ele>0.62</ele><time>2025-11-18T03:00:06Z</time><extensions><gpxtpx:TrackPointExtension><gpxtpx:cad>0</gpxtpx:cad></gpxtpx:TrackPointExtension></extensions></trkpt><trkpt lat="15.6139075477" lon="73.7235920224"><ele>0.62</ele><time>2025-11-18T03:00:11Z</time><extensions><gpxtpx:TrackPointExtension><gpxtpx:cad>0</gpxtpx:cad></gpxtpx:TrackPointExtension></extensions></trkpt><trkpt lat="15.6140411552" lon="73.7236082833"><ele>0.62</ele><time>2025-11-18T03:00:16Z</time><extensions><gpxtpx:TrackPointExtension><gpxtpx:cad>0</gpxtpx:cad></gpxtpx:TrackPointExtension></extensions></trkpt><trkpt lat="15.6141947117" lon="73.7236268073"><ele>0.14</ele><time>2025-11-18T03:00:21Z</time><extensions><gpxtpx:TrackPointExtension><gpxtpx:cad>0</gpxtpx:cad></gpxtpx:TrackPointExtension></extensions></trkpt><trkpt lat="15.6143396348" lon="73.7236584909"><ele>-0.34</ele><time>2025-11-18T03:00:26Z</time><extensions><gpxtpx:TrackPointExtension><gpxtpx:cad>0</gpxtpx:cad></gpxtpx:TrackPointExtension></extensions></trkpt><trkpt lat="15.6144745834" lon="73.7236913480"><ele>-0.34</ele><time>2025-11-18T03:00:31Z</time><extensions><gpxtpx:TrackPointExtension><gpxtpx:cad>0</gpxtpx:cad></gpxtpx:TrackPointExtension></extensions></trkpt><trkpt lat="15.6146228593" lon="73.7237230316"><ele>-0.34</ele><time>2025-11-18T03:00:36Z</time><extensions><gpxtpx:TrackPointExtension><gpxtpx:cad>0</gpxtpx:cad></gpxtpx:TrackPointExtension></extensions></trkpt><trkpt lat="15.6147699617" lon="73.7237563916"><ele>-0.34</ele><time>2025-11-18T03:00:41Z</time><extensions><gpxtpx:TrackPointExtension><gpxtpx:cad>0</gpxtpx:cad></gpxtpx:TrackPointExtension></extensions></trkpt><trkpt lat="15.6149155553" lon="73.7237907574"><ele>-0.34</ele><time>2025-11-18T03:00:46Z</time><extensions><gpxtpx:TrackPointExtension><gpxtpx:cad>0</gpxtpx:cad></gpxtpx:TrackPointExtension></extensions></trkpt><trkpt lat="15.6150551978" lon="73.7238310743"><ele>-0.82</ele><time>2025-11-18T03:00:51Z</time><extensions><gpxtpx:TrackPointExtension><gpxtpx:cad>0</gpxtpx:cad></gpxtpx:TrackPointExtension></extensions></trkpt><trkpt lat="15.6152025517" lon="73.7238723133"><ele>-0.82</ele><time>2025-11-18T03:00:56Z</time><extensions><gpxtpx:TrackPointExtension><gpxtpx:cad>0</gpxtpx:cad></gpxtpx:TrackPointExtension></extensions></trkpt><trkpt lat="15.6153477263" lon="73.7239088584"><ele>-1.30</ele><time>2025-11-18T03:01:01Z</time><extensions><gpxtpx:TrackPointExtension><gpxtpx:cad>0</gpxtpx:cad></gpxtpx:TrackPointExtension></extensions></trkpt><trkpt lat="15.6154939905" lon="73.7239554618"><ele>-0.82</ele><time>2025-11-18T03:01:06Z</time><extensions><gpxtpx:TrackPointExtension><gpxtpx:cad>0</gpxtpx:cad></gpxtpx:TrackPointExtension></extensions></trkpt><trkpt lat="15.6156321242" lon="73.7239905819"><ele>-0.82</ele><time>2025-11-18T03:01:11Z</time><extensions><gpxtpx:TrackPointExtension><gpxtpx:cad>0</gpxtpx:cad></gpxtpx:TrackPointExtension></extensions></trkpt><trkpt lat="15.6157798972" lon="73.7240293901"><ele>-0.34</ele><time>2025-11-18T03:01:16Z</time><extensions><gpxtpx:TrackPointExtension><gpxtpx:cad>0</gpxtpx:cad></gpxtpx:TrackPointExtension></extensions></trkpt><trkpt lat="15.6159312744" lon="73.7240765803"><ele>0.14</ele><time>2025-11-18T03:01:21Z</time><extensions><gpxtpx:TrackPointExtension><gpxtpx:cad>0</gpxtpx:cad></gpxtpx:TrackPointExtension></extensions></trkpt><trkpt lat="15.6160713360" lon="73.7241207529"><ele>0.62</ele><time>2025-11-18T03:01:26Z</time><extensions><gpxtpx:TrackPointExtension><gpxtpx:cad>0</gpxtpx:cad></gpxtpx:TrackPointExtension></extensions></trkpt><trkpt lat="15.6162132416" lon="73.7241598964"><ele>0.14</ele><time>2025-11-18T03:01:31Z</time><extensions><gpxtpx:TrackPointExtension><gpxtpx:cad>0</gpxtpx:cad></gpxtpx:TrackPointExtension></extensions></trkpt><trkpt lat="15.6163626909" lon="73.7241997104"><ele>0.14</ele><time>2025-11-18T03:01:36Z</time><extensions><gpxtpx:TrackPointExtension><gpxtpx:cad>0</gpxtpx:cad></gpxtpx:TrackPointExtension></extensions></trkpt><trkpt lat="15.6165129784" lon="73.7242330704"><ele>-0.34</ele><time>2025-11-18T03:01:41Z</time><extensions><gpxtpx:TrackPointExtension><gpxtpx:cad>0</gpxtpx:cad></gpxtpx:TrackPointExtension></extensions></trkpt><trkpt lat="15.6166583207" lon="73.7242618203"><ele>-0.34</ele><time>2025-11-18T03:01:46Z</time><extensions><gpxtpx:TrackPointExtension><gpxtpx:cad>0</gpxtpx:cad></gpxtpx:TrackPointExtension></extensions></trkpt><trkpt lat="15.6168015674" lon="73.7242808472"><ele>-0.82</ele><time>2025-11-18T03:01:51Z</time><extensions><gpxtpx:TrackPointExtension><gpxtpx:cad>0</gpxtpx:cad></gpxtpx:TrackPointExtension></extensions></trkpt><trkpt lat="15.6169599853" lon="73.7242930848"><ele>-0.82</ele><time>2025-11-18T03:01:56Z</time><extensions><gpxtpx:TrackPointExtension><gpxtpx:cad>0</gpxtpx:cad></gpxtpx:TrackPointExtension></extensions></trkpt><trkpt lat="15.6171080936" lon="73.7242946774"><ele>-0.82</ele><time>2025-11-18T03:02:01Z</time><extensions><gpxtpx:TrackPointExtension><gpxtpx:cad>0</gpxtpx:cad></gpxtpx:TrackPointExtension></extensions></trkpt><trkpt lat="15.6172549445" lon="73.7242919113"><ele>-0.82</ele><time>2025-11-18T03:02:06Z</time><extensions><gpxtpx:TrackPointExtension><gpxtpx:cad>0</gpxtpx:cad></gpxtpx:TrackPointExtension></extensions></trkpt><trkpt lat="15.6173981912" lon="73.7242935877"><ele>-0.82</ele><time>2025-11-18T03:02:11Z</time><extensions><gpxtpx:TrackPointExtension><gpxtpx:cad>0</gpxtpx:cad></gpxtpx:TrackPointExtension></extensions></trkpt><trkpt lat="15.6175535917" lon="73.7242974434"><ele>-0.82</ele><time>2025-11-18T03:02:16Z</time><extensions><gpxtpx:TrackPointExtension><gpxtpx:cad>0</gpxtpx:cad></gpxtpx:TrackPointExtension></extensions></trkpt><trkpt lat="15.6176985987" lon="73.7243053224"><ele>-0.82</ele><time>2025-11-18T03:02:21Z</time><extensions><gpxtpx:TrackPointExtension><gpxtpx:cad>0</gpxtpx:cad></gpxtpx:TrackPointExtension></extensions></trkpt><trkpt lat="15.6178477965" lon="73.7243060768"><ele>-0.82</ele><time>2025-11-18T03:02:26Z</time><extensions><gpxtpx:TrackPointExtension><gpxtpx:cad>0</gpxtpx:cad></gpxtpx:TrackPointExtension></extensions></trkpt><trkpt lat="15.6180011015" lon="73.7243049033"><ele>-0.82</ele><time>2025-11-18T03:02:31Z</time><extensions><gpxtpx:TrackPointExtension><gpxtpx:cad>0</gpxtpx:cad></gpxtpx:TrackPointExtension></extensions></trkpt><trkpt lat="15.6181604415" lon="73.7243101001"><ele>-0.82</ele><time>2025-11-18T03:02:36Z</time><extensions><gpxtpx:TrackPointExtension><gpxtpx:cad>0</gpxtpx:cad></gpxtpx:TrackPointExtension></extensions></trkpt><trkpt lat="15.6183075439" lon="73.7243053224"><ele>-0.82</ele><time>2025-11-18T03:02:41Z</time><extensions><gpxtpx:TrackPointExtension><gpxtpx:cad>0</gpxtpx:cad></gpxtpx:TrackPointExtension></extensions></trkpt><trkpt lat="15.6184522994" lon="73.7242953479"><ele>-1.30</ele><time>2025-11-18T03:02:46Z</time><extensions><gpxtpx:TrackPointExtension><gpxtpx:cad>0</gpxtpx:cad></gpxtpx:TrackPointExtension></extensions></trkpt><trkpt lat="15.6186008267" lon="73.7242955156"><ele>-0.82</ele><time>2025-11-18T03:02:51Z</time><extensions><gpxtpx:TrackPointExtension><gpxtpx:cad>0</gpxtpx:cad></gpxtpx:TrackPointExtension></extensions></trkpt><trkpt lat="15.6187509466" lon="73.7242861278"><ele>-0.82</ele><time>2025-11-18T03:02:56Z</time><extensions><gpxtpx:TrackPointExtension><gpxtpx:cad>0</gpxtpx:cad></gpxtpx:TrackPointExtension></extensions></trkpt><trkpt lat="15.6188958697" lon="73.7242705375"><ele>-0.82</ele><time>2025-11-18T03:03:01Z</time><extensions><gpxtpx:TrackPointExtension><gpxtpx:cad>0</gpxtpx:cad></gpxtpx:TrackPointExtension></extensions></trkpt><trkpt lat="15.6190412119" lon="73.7242501695"><ele>-0.82</ele><time>2025-11-18T03:03:06Z</time><extensions><gpxtpx:TrackPointExtension><gpxtpx:cad>0</gpxtpx:cad></gpxtpx:TrackPointExtension></extensions></trkpt><trkpt lat="15.6191964447" lon="73.7242382672"><ele>-0.82</ele><time>2025-11-18T03:03:11Z</time><extensions><gpxtpx:TrackPointExtension><gpxtpx:cad>0</gpxtpx:cad></gpxtpx:TrackPointExtension></extensions></trkpt><trkpt lat="15.6193477381" lon="73.7242266163"><ele>-0.82</ele><time>2025-11-18T03:03:16Z</time><extensions><gpxtpx:TrackPointExtension><gpxtpx:cad>0</gpxtpx:cad></gpxtpx:TrackPointExtension></extensions></trkpt><trkpt lat="15.6194960978" lon="73.7242085114"><ele>-0.82</ele><time>2025-11-18T03:03:21Z</time><extensions><gpxtpx:TrackPointExtension><gpxtpx:cad>0</gpxtpx:cad></gpxtpx:TrackPointExtension></extensions></trkpt><trkpt lat="15.6196364108" lon="73.7241912447"><ele>-0.82</ele><time>2025-11-18T03:03:26Z</time><extensions><gpxtpx:TrackPointExtension><gpxtpx:cad>0</gpxtpx:cad></gpxtpx:TrackPointExtension></extensions></trkpt><trkpt lat="15.6197929010" lon="73.7241745647"><ele>-0.34</ele><time>2025-11-18T03:03:31Z</time><extensions><gpxtpx:TrackPointExtension><gpxtpx:cad>0</gpxtpx:cad></gpxtpx:TrackPointExtension></extensions></trkpt><trkpt lat="15.6199396681" lon="73.7241547834"><ele>-0.82</ele><time>2025-11-18T03:03:36Z</time><extensions><gpxtpx:TrackPointExtension><gpxtpx:cad>0</gpxtpx:cad></gpxtpx:TrackPointExtension></extensions></trkpt><trkpt lat="15.6200878602" lon="73.7241355889"><ele>-0.82</ele><time>2025-11-18T03:03:41Z</time><extensions><gpxtpx:TrackPointExtension><gpxtpx:cad>0</gpxtpx:cad></gpxtpx:TrackPointExtension></extensions></trkpt><trkpt lat="15.6202403270" lon="73.7241251953"><ele>-0.82</ele><time>2025-11-18T03:03:46Z</time><extensions><gpxtpx:TrackPointExtension><gpxtpx:cad>0</gpxtpx:cad></gpxtpx:TrackPointExtension></extensions></trkpt><trkpt lat="15.6203975715" lon="73.7241117004"><ele>-1.30</ele><time>2025-11-18T03:03:51Z</time><extensions><gpxtpx:TrackPointExtension><gpxtpx:cad>0</gpxtpx:cad></gpxtpx:TrackPointExtension></extensions></trkpt><trkpt lat="15.6205519661" lon="73.7240941823"><ele>-1.30</ele><time>2025-11-18T03:03:56Z</time><extensions><gpxtpx:TrackPointExtension><gpxtpx:cad>0</gpxtpx:cad></gpxtpx:TrackPointExtension></extensions></trkpt><trkpt lat="15.6207039300" lon="73.7240773346"><ele>-1.30</ele><time>2025-11-18T03:04:01Z</time><extensions><gpxtpx:TrackPointExtension><gpxtpx:cad>0</gpxtpx:cad></gpxtpx:TrackPointExtension></extensions></trkpt><trkpt lat="15.6208657846" lon="73.7240659352"><ele>-0.82</ele><time>2025-11-18T03:04:06Z</time><extensions><gpxtpx:TrackPointExtension><gpxtpx:cad>0</gpxtpx:cad></gpxtpx:TrackPointExtension></extensions></trkpt><trkpt lat="15.6210273877" lon="73.7240546197"><ele>-0.82</ele><time>2025-11-18T03:04:11Z</time><extensions><gpxtpx:TrackPointExtension><gpxtpx:cad>0</gpxtpx:cad></gpxtpx:TrackPointExtension></extensions></trkpt><trkpt lat="15.6211725622" lon="73.7240342516"><ele>-0.82</ele><time>2025-11-18T03:04:16Z</time><extensions><gpxtpx:TrackPointExtension><gpxtpx:cad>0</gpxtpx:cad></gpxtpx:TrackPointExtension></extensions></trkpt><trkpt lat="15.6213199161" lon="73.7240200024"><ele>-1.30</ele><time>2025-11-18T03:04:21Z</time><extensions><gpxtpx:TrackPointExtension><gpxtpx:cad>0</gpxtpx:cad></gpxtpx:TrackPointExtension></extensions></trkpt><trkpt lat="15.6214805972" lon="73.7239971198"><ele>-0.82</ele><time>2025-11-18T03:04:26Z</time><extensions><gpxtpx:TrackPointExtension><gpxtpx:cad>0</gpxtpx:cad></gpxtpx:TrackPointExtension></extensions></trkpt><trkpt lat="15.6216272805" lon="73.7239468284"><ele>-0.82</ele><time>2025-11-18T03:04:31Z</time><extensions><gpxtpx:TrackPointExtension><gpxtpx:cad>0</gpxtpx:cad></gpxtpx:TrackPointExtension></extensions></trkpt><trkpt lat="15.6217705272" lon="73.7239016499"><ele>-0.82</ele><time>2025-11-18T03:04:36Z</time><extensions><gpxtpx:TrackPointExtension><gpxtpx:cad>0</gpxtpx:cad></gpxtpx:TrackPointExtension></extensions></trkpt><trkpt lat="15.6219263468" lon="73.7238560524"><ele>-0.34</ele><time>2025-11-18T03:04:41Z</time><extensions><gpxtpx:TrackPointExtension><gpxtpx:cad>0</gpxtpx:cad></gpxtpx:TrackPointExtension></extensions></trkpt><trkpt lat="15.6220743712" lon="73.7238029111"><ele>-0.34</ele><time>2025-11-18T03:04:46Z</time><extensions><gpxtpx:TrackPointExtension><gpxtpx:cad>0</gpxtpx:cad></gpxtpx:TrackPointExtension></extensions></trkpt><trkpt lat="15.6222132593" lon="73.7237275578"><ele>-0.34</ele><time>2025-11-18T03:04:51Z</time><extensions><gpxtpx:TrackPointExtension><gpxtpx:cad>0</gpxtpx:cad></gpxtpx:TrackPointExtension></extensions></trkpt><trkpt lat="15.6223546620" lon="73.7236602511"><ele>-0.34</ele><time>2025-11-18T03:04:56Z</time><extensions><gpxtpx:TrackPointExtension><gpxtpx:cad>0</gpxtpx:cad></gpxtpx:TrackPointExtension></extensions></trkpt><trkpt lat="15.6224932149" lon="73.7235862389"><ele>-0.82</ele><time>2025-11-18T03:05:01Z</time><extensions><gpxtpx:TrackPointExtension><gpxtpx:cad>0</gpxtpx:cad></gpxtpx:TrackPointExtension></extensions></trkpt><trkpt lat="15.6226329412" lon="73.7235137355"><ele>-0.82</ele><time>2025-11-18T03:05:06Z</time><extensions><gpxtpx:TrackPointExtension><gpxtpx:cad>0</gpxtpx:cad></gpxtpx:TrackPointExtension></extensions></trkpt><trkpt lat="15.6227668002" lon="73.7234337721"><ele>-0.82</ele><time>2025-11-18T03:05:11Z</time><extensions><gpxtpx:TrackPointExtension><gpxtpx:cad>0</gpxtpx:cad></gpxtpx:TrackPointExtension></extensions></trkpt><trkpt lat="15.6228900142" lon="73.7233317643"><ele>-0.82</ele><time>2025-11-18T03:05:16Z</time><extensions><gpxtpx:TrackPointExtension><gpxtpx:cad>0</gpxtpx:cad></gpxtpx:TrackPointExtension></extensions></trkpt><trkpt lat="15.6230166648" lon="73.7232418265"><ele>-0.82</ele><time>2025-11-18T03:05:21Z</time><extensions><gpxtpx:TrackPointExtension><gpxtpx:cad>0</gpxtpx:cad></gpxtpx:TrackPointExtension></extensions></trkpt><trkpt lat="15.6231408846" lon="73.7231341191"><ele>-0.82</ele><time>2025-11-18T03:05:26Z</time><extensions><gpxtpx:TrackPointExtension><gpxtpx:cad>0</gpxtpx:cad></gpxtpx:TrackPointExtension></extensions></trkpt><trkpt lat="15.6232649367" lon="73.7230298482"><ele>-0.82</ele><time>2025-11-18T03:05:31Z</time><extensions><gpxtpx:TrackPointExtension><gpxtpx:cad>0</gpxtpx:cad></gpxtpx:TrackPointExtension></extensions></trkpt><trkpt lat="15.6233907491" lon="73.7229363900"><ele>-0.34</ele><time>2025-11-18T03:05:36Z</time><extensions><gpxtpx:TrackPointExtension><gpxtpx:cad>0</gpxtpx:cad></gpxtpx:TrackPointExtension></extensions></trkpt><trkpt lat="15.6235199980" lon="73.7228238210"><ele>-0.34</ele><time>2025-11-18T03:05:41Z</time><extensions><gpxtpx:TrackPointExtension><gpxtpx:cad>0</gpxtpx:cad></gpxtpx:TrackPointExtension></extensions></trkpt><trkpt lat="15.6236417871" lon="73.7227319553"><ele>-0.34</ele><time>2025-11-18T03:05:46Z</time><extensions><gpxtpx:TrackPointExtension><gpxtpx:cad>0</gpxtpx:cad></gpxtpx:TrackPointExtension></extensions></trkpt><trkpt lat="15.6237658393" lon="73.7226283550"><ele>-1.30</ele><time>2025-11-18T03:05:51Z</time><extensions><gpxtpx:TrackPointExtension><gpxtpx:cad>0</gpxtpx:cad></gpxtpx:TrackPointExtension></extensions></trkpt><trkpt lat="15.6238884665" lon="73.7225200608"><ele>-1.79</ele><time>2025-11-18T03:05:56Z</time><extensions><gpxtpx:TrackPointExtension><gpxtpx:cad>0</gpxtpx:cad></gpxtpx:TrackPointExtension></extensions></trkpt><trkpt lat="15.6240209844" lon="73.7224289495"><ele>-1.30</ele><time>2025-11-18T03:06:01Z</time><extensions><gpxtpx:TrackPointExtension><gpxtpx:cad>0</gpxtpx:cad></gpxtpx:TrackPointExtension></extensions></trkpt><trkpt lat="15.6241491437" lon="73.7223311327"><ele>-1.79</ele><time>2025-11-18T03:06:06Z</time><extensions><gpxtpx:TrackPointExtension><gpxtpx:cad>0</gpxtpx:cad></gpxtpx:TrackPointExtension></extensions></trkpt><trkpt lat="15.6242861878" lon="73.7222424522"><ele>-1.30</ele><time>2025-11-18T03:06:11Z</time><extensions><gpxtpx:TrackPointExtension><gpxtpx:cad>0</gpxtpx:cad></gpxtpx:TrackPointExtension></extensions></trkpt><trkpt lat="15.6244252436" lon="73.7221634947"><ele>-1.79</ele><time>2025-11-18T03:06:16Z</time><extensions><gpxtpx:TrackPointExtension><gpxtpx:cad>0</gpxtpx:cad></gpxtpx:TrackPointExtension></extensions></trkpt><trkpt lat="15.6245500501" lon="73.7220670190"><ele>-1.79</ele><time>2025-11-18T03:06:21Z</time><extensions><gpxtpx:TrackPointExtension><gpxtpx:cad>0</gpxtpx:cad></gpxtpx:TrackPointExtension></extensions></trkpt><trkpt lat="15.6246789638" lon="73.7219752371"><ele>-1.79</ele><time>2025-11-18T03:06:26Z</time><extensions><gpxtpx:TrackPointExtension><gpxtpx:cad>0</gpxtpx:cad></gpxtpx:TrackPointExtension></extensions></trkpt><trkpt lat="15.6248169299" lon="73.7218891550"><ele>-1.79</ele><time>2025-11-18T03:06:31Z</time><extensions><gpxtpx:TrackPointExtension><gpxtpx:cad>0</gpxtpx:cad></gpxtpx:TrackPointExtension></extensions></trkpt><trkpt lat="15.6249579135" lon="73.7218119577"><ele>-1.30</ele><time>2025-11-18T03:06:36Z</time><extensions><gpxtpx:TrackPointExtension><gpxtpx:cad>0</gpxtpx:cad></gpxtpx:TrackPointExtension></extensions></trkpt><trkpt lat="15.6250945386" lon="73.7217449863"><ele>-1.30</ele><time>2025-11-18T03:06:41Z</time><extensions><gpxtpx:TrackPointExtension><gpxtpx:cad>0</gpxtpx:cad></gpxtpx:TrackPointExtension></extensions></trkpt><trkpt lat="15.6252263021" lon="73.7216588203"><ele>-0.82</ele><time>2025-11-18T03:06:46Z</time><extensions><gpxtpx:TrackPointExtension><gpxtpx:cad>0</gpxtpx:cad></gpxtpx:TrackPointExtension></extensions></trkpt><trkpt lat="15.6253509410" lon="73.7215560582"><ele>-0.82</ele><time>2025-11-18T03:06:51Z</time><extensions><gpxtpx:TrackPointExtension><gpxtpx:cad>0</gpxtpx:cad></gpxtpx:TrackPointExtension></extensions></trkpt><trkpt lat="15.6254693773" lon="73.7214489374"><ele>-0.34</ele><time>2025-11-18T03:06:56Z</time><extensions><gpxtpx:TrackPointExtension><gpxtpx:cad>0</gpxtpx:cad></gpxtpx:TrackPointExtension></extensions></trkpt><trkpt lat="15.6256014761" lon="73.7213550601"><ele>0.14</ele><time>2025-11-18T03:07:01Z</time><extensions><gpxtpx:TrackPointExtension><gpxtpx:cad>0</gpxtpx:cad></gpxtpx:TrackPointExtension></extensions></trkpt><trkpt lat="15.6257184874" lon="73.7212457601"><ele>-0.34</ele><time>2025-11-18T03:07:06Z</time><extensions><gpxtpx:TrackPointExtension><gpxtpx:cad>0</gpxtpx:cad></gpxtpx:TrackPointExtension></extensions></trkpt><trkpt lat="15.6258442998" lon="73.7211449258"><ele>-0.34</ele><time>2025-11-18T03:07:11Z</time><extensions><gpxtpx:TrackPointExtension><gpxtpx:cad>0</gpxtpx:cad></gpxtpx:TrackPointExtension></extensions></trkpt><trkpt lat="15.6259675976" lon="73.7210419960"><ele>-0.34</ele><time>2025-11-18T03:07:16Z</time><extensions><gpxtpx:TrackPointExtension><gpxtpx:cad>0</gpxtpx:cad></gpxtpx:TrackPointExtension></extensions></trkpt><trkpt lat="15.6260754727" lon="73.7209166866"><ele>-0.82</ele><time>2025-11-18T03:07:21Z</time><extensions><gpxtpx:TrackPointExtension><gpxtpx:cad>0</gpxtpx:cad></gpxtpx:TrackPointExtension></extensions></trkpt><trkpt lat="15.6261705235" lon="73.7207817379"><ele>-0.82</ele><time>2025-11-18T03:07:26Z</time><extensions><gpxtpx:TrackPointExtension><gpxtpx:cad>0</gpxtpx:cad></gpxtpx:TrackPointExtension></extensions></trkpt><trkpt lat="15.6262727827" lon="73.7206532434"><ele>-0.82</ele><time>2025-11-18T03:07:31Z</time><extensions><gpxtpx:TrackPointExtension><gpxtpx:cad>0</gpxtpx:cad></gpxtpx:TrackPointExtension></extensions></trkpt><trkpt lat="15.6263643131" lon="73.7205130979"><ele>-0.82</ele><time>2025-11-18T03:07:36Z</time><extensions><gpxtpx:TrackPointExtension><gpxtpx:cad>0</gpxtpx:cad></gpxtpx:TrackPointExtension></extensions></trkpt><trkpt lat="15.6264596153" lon="73.7203854416"><ele>-0.34</ele><time>2025-11-18T03:07:41Z</time><extensions><gpxtpx:TrackPointExtension><gpxtpx:cad>0</gpxtpx:cad></gpxtpx:TrackPointExtension></extensions></trkpt><trkpt lat="15.6265418418" lon="73.7202386744"><ele>-0.82</ele><time>2025-11-18T03:07:46Z</time><extensions><gpxtpx:TrackPointExtension><gpxtpx:cad>0</gpxtpx:cad></gpxtpx:TrackPointExtension></extensions></trkpt><trkpt lat="15.6266308576" lon="73.7201030552"><ele>-0.82</ele><time>2025-11-18T03:07:51Z</time><extensions><gpxtpx:TrackPointExtension><gpxtpx:cad>0</gpxtpx:cad></gpxtpx:TrackPointExtension></extensions></trkpt><trkpt lat="15.6267238129" lon="73.7199682742"><ele>-0.82</ele><time>2025-11-18T03:07:56Z</time><extensions><gpxtpx:TrackPointExtension><gpxtpx:cad>0</gpxtpx:cad></gpxtpx:TrackPointExtension></extensions></trkpt><trkpt lat="15.6268257368" lon="73.7198363431"><ele>-0.82</ele><time>2025-11-18T03:08:01Z</time><extensions><gpxtpx:TrackPointExtension><gpxtpx:cad>0</gpxtpx:cad></gpxtpx:TrackPointExtension></extensions></trkpt><trkpt lat="15.6269261520" lon="73.7197034899"><ele>-0.82</ele><time>2025-11-18T03:08:06Z</time><extensions><gpxtpx:TrackPointExtension><gpxtpx:cad>0</gpxtpx:cad></gpxtpx:TrackPointExtension></extensions></trkpt><trkpt lat="15.6270238012" lon="73.7195679545"><ele>-0.82</ele><time>2025-11-18T03:08:11Z</time><extensions><gpxtpx:TrackPointExtension><gpxtpx:cad>0</gpxtpx:cad></gpxtpx:TrackPointExtension></extensions></trkpt><trkpt lat="15.6271207798" lon="73.7194469199"><ele>-0.82</ele><time>2025-11-18T03:08:16Z</time><extensions><gpxtpx:TrackPointExtension><gpxtpx:cad>0</gpxtpx:cad></gpxtpx:TrackPointExtension></extensions></trkpt><trkpt lat="15.6272025872" lon="73.7192956265"><ele>-0.82</ele><time>2025-11-18T03:08:21Z</time><extensions><gpxtpx:TrackPointExtension><gpxtpx:cad>0</gpxtpx:cad></gpxtpx:TrackPointExtension></extensions></trkpt><trkpt lat="15.6272980571" lon="73.7191619352"><ele>-0.82</ele><time>2025-11-18T03:08:26Z</time><extensions><gpxtpx:TrackPointExtension><gpxtpx:cad>0</gpxtpx:cad></gpxtpx:TrackPointExtension></extensions></trkpt><trkpt lat="15.6273695547" lon="73.7190134916"><ele>-0.34</ele><time>2025-11-18T03:08:31Z</time><extensions><gpxtpx:TrackPointExtension><gpxtpx:cad>0</gpxtpx:cad></gpxtpx:TrackPointExtension></extensions></trkpt><trkpt lat="15.6274547987" lon="73.7188773695"><ele>-0.34</ele><time>2025-11-18T03:08:36Z</time><extensions><gpxtpx:TrackPointExtension><gpxtpx:cad>0</gpxtpx:cad></gpxtpx:TrackPointExtension></extensions></trkpt><trkpt lat="15.6275497656" lon="73.7187451031"><ele>-0.82</ele><time>2025-11-18T03:08:41Z</time><extensions><gpxtpx:TrackPointExtension><gpxtpx:cad>0</gpxtpx:cad></gpxtpx:TrackPointExtension></extensions></trkpt><trkpt lat="15.6276558805" lon="73.7186218891"><ele>0.14</ele><time>2025-11-18T03:08:46Z</time><extensions><gpxtpx:TrackPointExtension><gpxtpx:cad>0</gpxtpx:cad></gpxtpx:TrackPointExtension></extensions></trkpt><trkpt lat="15.6277755741" lon="73.7185104098"><ele>-0.82</ele><time>2025-11-18T03:08:51Z</time><extensions><gpxtpx:TrackPointExtension><gpxtpx:cad>0</gpxtpx:cad></gpxtpx:TrackPointExtension></extensions></trkpt><trkpt lat="15.6278894003" lon="73.7183953263"><ele>-1.30</ele><time>2025-11-18T03:08:56Z</time><extensions><gpxtpx:TrackPointExtension><gpxtpx:cad>0</gpxtpx:cad></gpxtpx:TrackPointExtension></extensions></trkpt><trkpt lat="15.6279947609" lon="73.7182690110"><ele>-1.30</ele><time>2025-11-18T03:09:01Z</time><extensions><gpxtpx:TrackPointExtension><gpxtpx:cad>0</gpxtpx:cad></gpxtpx:TrackPointExtension></extensions></trkpt><trkpt lat="15.6281090900" lon="73.7181512453"><ele>-1.79</ele><time>2025-11-18T03:09:06Z</time><extensions><gpxtpx:TrackPointExtension><gpxtpx:cad>0</gpxtpx:cad></gpxtpx:TrackPointExtension></extensions></trkpt><trkpt lat="15.6282249279" lon="73.7180355750"><ele>-1.30</ele><time>2025-11-18T03:09:11Z</time><extensions><gpxtpx:TrackPointExtension><gpxtpx:cad>0</gpxtpx:cad></gpxtpx:TrackPointExtension></extensions></trkpt><trkpt lat="15.6283310428" lon="73.7179176416"><ele>-0.34</ele><time>2025-11-18T03:09:16Z</time><extensions><gpxtpx:TrackPointExtension><gpxtpx:cad>0</gpxtpx:cad></gpxtpx:TrackPointExtension></extensions></trkpt><trkpt lat="15.6284346431" lon="73.7177974451"><ele>-0.34</ele><time>2025-11-18T03:09:21Z</time><extensions><gpxtpx:TrackPointExtension><gpxtpx:cad>0</gpxtpx:cad></gpxtpx:TrackPointExtension></extensions></trkpt><trkpt lat="15.6285325438" lon="73.7176738121"><ele>-0.34</ele><time>2025-11-18T03:09:26Z</time><extensions><gpxtpx:TrackPointExtension><gpxtpx:cad>0</gpxtpx:cad></gpxtpx:TrackPointExtension></extensions></trkpt><trkpt lat="15.6286300253" lon="73.7175486702"><ele>0.14</ele><time>2025-11-18T03:09:31Z</time><extensions><gpxtpx:TrackPointExtension><gpxtpx:cad>0</gpxtpx:cad></gpxtpx:TrackPointExtension></extensions></trkpt><trkpt lat="15.6287250761" lon="73.7174136378"><ele>0.14</ele><time>2025-11-18T03:09:36Z</time><extensions><gpxtpx:TrackPointExtension><gpxtpx:cad>0</gpxtpx:cad></gpxtpx:TrackPointExtension></extensions></trkpt><trkpt lat="15.6288062129" lon="73.7172808684"><ele>0.14</ele><time>2025-11-18T03:09:41Z</time><extensions><gpxtpx:TrackPointExtension><gpxtpx:cad>0</gpxtpx:cad></gpxtpx:TrackPointExtension></extensions></trkpt><trkpt lat="15.6289081369" lon="73.7171563972"><ele>0.62</ele><time>2025-11-18T03:09:46Z</time><extensions><gpxtpx:TrackPointExtension><gpxtpx:cad>0</gpxtpx:cad></gpxtpx:TrackPointExtension></extensions></trkpt><trkpt lat="15.6290030200" lon="73.7170302495"><ele>0.62</ele><time>2025-11-18T03:09:51Z</time><extensions><gpxtpx:TrackPointExtension><gpxtpx:cad>0</gpxtpx:cad></gpxtpx:TrackPointExtension></extensions></trkpt><trkpt lat="15.6291109789" lon="73.7169047724"><ele>1.10</ele><time>2025-11-18T03:09:56Z</time><extensions><gpxtpx:TrackPointExtension><gpxtpx:cad>0</gpxtpx:cad></gpxtpx:TrackPointExtension></extensions></trkpt><trkpt lat="15.6292086281" lon="73.7167767808"><ele>0.62</ele><time>2025-11-18T03:10:01Z</time><extensions><gpxtpx:TrackPointExtension><gpxtpx:cad>0</gpxtpx:cad></gpxtpx:TrackPointExtension></extensions></trkpt><trkpt lat="15.6293196883" lon="73.7166645471"><ele>0.62</ele><time>2025-11-18T03:10:06Z</time><extensions><gpxtpx:TrackPointExtension><gpxtpx:cad>0</gpxtpx:cad></gpxtpx:TrackPointExtension></extensions></trkpt><trkpt lat="15.6294336822" lon="73.7165529002"><ele>0.62</ele><time>2025-11-18T03:10:11Z</time><extensions><gpxtpx:TrackPointExtension><gpxtpx:cad>0</gpxtpx:cad></gpxtpx:TrackPointExtension></extensions></trkpt><trkpt lat="15.6295502745" lon="73.7164483778"><ele>0.14</ele><time>2025-11-18T03:10:16Z</time><extensions><gpxtpx:TrackPointExtension><gpxtpx:cad>0</gpxtpx:cad></gpxtpx:TrackPointExtension></extensions></trkpt><trkpt lat="15.6296699680" lon="73.7163482141"><ele>0.14</ele><time>2025-11-18T03:10:21Z</time><extensions><gpxtpx:TrackPointExtension><gpxtpx:cad>0</gpxtpx:cad></gpxtpx:TrackPointExtension></extensions></trkpt><trkpt lat="15.6297913380" lon="73.7162438594"><ele>-0.34</ele><time>2025-11-18T03:10:26Z</time><extensions><gpxtpx:TrackPointExtension><gpxtpx:cad>0</gpxtpx:cad></gpxtpx:TrackPointExtension></extensions></trkpt><trkpt lat="15.6299189106" lon="73.7161486410"><ele>0.14</ele><time>2025-11-18T03:10:31Z</time><extensions><gpxtpx:TrackPointExtension><gpxtpx:cad>0</gpxtpx:cad></gpxtpx:TrackPointExtension></extensions></trkpt><trkpt lat="15.6300421245" lon="73.7160524167"><ele>-0.34</ele><time>2025-11-18T03:10:36Z</time><extensions><gpxtpx:TrackPointExtension><gpxtpx:cad>0</gpxtpx:cad></gpxtpx:TrackPointExtension></extensions></trkpt><trkpt lat="15.6301632430" lon="73.7159517501"><ele>-0.34</ele><time>2025-11-18T03:10:41Z</time><extensions><gpxtpx:TrackPointExtension><gpxtpx:cad>0</gpxtpx:cad></gpxtpx:TrackPointExtension></extensions></trkpt><trkpt lat="15.6302865408" lon="73.7158509158"><ele>-0.34</ele><time>2025-11-18T03:10:46Z</time><extensions><gpxtpx:TrackPointExtension><gpxtpx:cad>0</gpxtpx:cad></gpxtpx:TrackPointExtension></extensions></trkpt><trkpt lat="15.6304178853" lon="73.7157630734"><ele>-0.34</ele><time>2025-11-18T03:10:51Z</time><extensions><gpxtpx:TrackPointExtension><gpxtpx:cad>0</gpxtpx:cad></gpxtpx:TrackPointExtension></extensions></trkpt><trkpt lat="15.6305497326" lon="73.7156705372"><ele>-0.34</ele><time>2025-11-18T03:10:56Z</time><extensions><gpxtpx:TrackPointExtension><gpxtpx:cad>0</gpxtpx:cad></gpxtpx:TrackPointExtension></extensions></trkpt><trkpt lat="15.6306706835" lon="73.7155663501"><ele>-0.34</ele><time>2025-11-18T03:11:01Z</time><extensions><gpxtpx:TrackPointExtension><gpxtpx:cad>0</gpxtpx:cad></gpxtpx:TrackPointExtension></extensions></trkpt><trkpt lat="15.6308068894" lon="73.7154857162"><ele>0.14</ele><time>2025-11-18T03:11:06Z</time><extensions><gpxtpx:TrackPointExtension><gpxtpx:cad>0</gpxtpx:cad></gpxtpx:TrackPointExtension></extensions></trkpt><trkpt lat="15.6309289299" lon="73.7153848819"><ele>0.14</ele><time>2025-11-18T03:11:11Z</time><extensions><gpxtpx:TrackPointExtension><gpxtpx:cad>0</gpxtpx:cad></gpxtpx:TrackPointExtension></extensions></trkpt><trkpt lat="15.6310586818" lon="73.7152856402"><ele>0.14</ele><time>2025-11-18T03:11:16Z</time><extensions><gpxtpx:TrackPointExtension><gpxtpx:cad>0</gpxtpx:cad></gpxtpx:TrackPointExtension></extensions></trkpt><trkpt lat="15.6311903615" lon="73.7151860632"><ele>0.14</ele><time>2025-11-18T03:11:21Z</time><extensions><gpxtpx:TrackPointExtension><gpxtpx:cad>0</gpxtpx:cad></gpxtpx:TrackPointExtension></extensions></trkpt><trkpt lat="15.6313143298" lon="73.7150785234"><ele>0.14</ele><time>2025-11-18T03:11:26Z</time><extensions><gpxtpx:TrackPointExtension><gpxtpx:cad>0</gpxtpx:cad></gpxtpx:TrackPointExtension></extensions></trkpt><trkpt lat="15.6314419862" lon="73.7149881665"><ele>-0.34</ele><time>2025-11-18T03:11:31Z</time><extensions><gpxtpx:TrackPointExtension><gpxtpx:cad>0</gpxtpx:cad></gpxtpx:TrackPointExtension></extensions></trkpt><trkpt lat="15.6315725762" lon="73.7148972228"><ele>-0.34</ele><time>2025-11-18T03:11:36Z</time><extensions><gpxtpx:TrackPointExtension><gpxtpx:cad>0</gpxtpx:cad></gpxtpx:TrackPointExtension></extensions></trkpt><trkpt lat="15.6317061000" lon="73.7148043513"><ele>-0.34</ele><time>2025-11-18T03:11:41Z</time><extensions><gpxtpx:TrackPointExtension><gpxtpx:cad>0</gpxtpx:cad></gpxtpx:TrackPointExtension></extensions></trkpt><trkpt lat="15.6318467483" lon="73.7147217058"><ele>0.14</ele><time>2025-11-18T03:11:46Z</time><extensions><gpxtpx:TrackPointExtension><gpxtpx:cad>0</gpxtpx:cad></gpxtpx:TrackPointExtension></extensions></trkpt><trkpt lat="15.6319805235" lon="73.7146424130"><ele>0.14</ele><time>2025-11-18T03:11:51Z</time><extensions><gpxtpx:TrackPointExtension><gpxtpx:cad>0</gpxtpx:cad></gpxtpx:TrackPointExtension></extensions></trkpt><trkpt lat="15.6321176514" lon="73.7145555764"><ele>0.14</ele><time>2025-11-18T03:11:56Z</time><extensions><gpxtpx:TrackPointExtension><gpxtpx:cad>0</gpxtpx:cad></gpxtpx:TrackPointExtension></extensions></trkpt><trkpt lat="15.6322566234" lon="73.7144748587"><ele>0.62</ele><time>2025-11-18T03:12:01Z</time><extensions><gpxtpx:TrackPointExtension><gpxtpx:cad>0</gpxtpx:cad></gpxtpx:TrackPointExtension></extensions></trkpt><trkpt lat="15.6323991157" lon="73.7143986672"><ele>0.62</ele><time>2025-11-18T03:12:06Z</time><extensions><gpxtpx:TrackPointExtension><gpxtpx:cad>0</gpxtpx:cad></gpxtpx:TrackPointExtension></extensions></trkpt><trkpt lat="15.6325433683" lon="73.7143254932"><ele>0.62</ele><time>2025-11-18T03:12:11Z</time><extensions><gpxtpx:TrackPointExtension><gpxtpx:cad>0</gpxtpx:cad></gpxtpx:TrackPointExtension></extensions></trkpt><trkpt lat="15.6326816697" lon="73.7142458651"><ele>0.62</ele><time>2025-11-18T03:12:16Z</time><extensions><gpxtpx:TrackPointExtension><gpxtpx:cad>0</gpxtpx:cad></gpxtpx:TrackPointExtension></extensions></trkpt><trkpt lat="15.6328229047" lon="73.7141716015"><ele>0.62</ele><time>2025-11-18T03:12:21Z</time><extensions><gpxtpx:TrackPointExtension><gpxtpx:cad>0</gpxtpx:cad></gpxtpx:TrackPointExtension></extensions></trkpt><trkpt lat="15.6329666544" lon="73.7140922248"><ele>0.62</ele><time>2025-11-18T03:12:26Z</time><extensions><gpxtpx:TrackPointExtension><gpxtpx:cad>0</gpxtpx:cad></gpxtpx:TrackPointExtension></extensions></trkpt><trkpt lat="15.6331064645" lon="73.7140245829"><ele>0.62</ele><time>2025-11-18T03:12:31Z</time><extensions><gpxtpx:TrackPointExtension><gpxtpx:cad>0</gpxtpx:cad></gpxtpx:TrackPointExtension></extensions></trkpt><trkpt lat="15.6332399882" lon="73.7139363214"><ele>0.62</ele><time>2025-11-18T03:12:36Z</time><extensions><gpxtpx:TrackPointExtension><gpxtpx:cad>0</gpxtpx:cad></gpxtpx:TrackPointExtension></extensions></trkpt><trkpt lat="15.6333807204" lon="73.7138590403"><ele>0.62</ele><time>2025-11-18T03:12:41Z</time><extensions><gpxtpx:TrackPointExtension><gpxtpx:cad>0</gpxtpx:cad></gpxtpx:TrackPointExtension></extensions></trkpt><trkpt lat="15.6335199438" lon="73.7137748022"><ele>0.14</ele><time>2025-11-18T03:12:46Z</time><extensions><gpxtpx:TrackPointExtension><gpxtpx:cad>0</gpxtpx:cad></gpxtpx:TrackPointExtension></extensions></trkpt><trkpt lat="15.6336600892" lon="73.7136885524"><ele>-0.34</ele><time>2025-11-18T03:12:51Z</time><extensions><gpxtpx:TrackPointExtension><gpxtpx:cad>0</gpxtpx:cad></gpxtpx:TrackPointExtension></extensions></trkpt><trkpt lat="15.6337991450" lon="73.7136051524"><ele>0.14</ele><time>2025-11-18T03:12:56Z</time><extensions><gpxtpx:TrackPointExtension><gpxtpx:cad>0</gpxtpx:cad></gpxtpx:TrackPointExtension></extensions></trkpt><trkpt lat="15.6339345127" lon="73.7135266140"><ele>0.14</ele><time>2025-11-18T03:13:01Z</time><extensions><gpxtpx:TrackPointExtension><gpxtpx:cad>0</gpxtpx:cad></gpxtpx:TrackPointExtension></extensions></trkpt><trkpt lat="15.6340686232" lon="73.7134414539"><ele>0.14</ele><time>2025-11-18T03:13:06Z</time><extensions><gpxtpx:TrackPointExtension><gpxtpx:cad>0</gpxtpx:cad></gpxtpx:TrackPointExtension></extensions></trkpt><trkpt lat="15.6342085171" lon="73.7133723870"><ele>0.14</ele><time>2025-11-18T03:13:11Z</time><extensions><gpxtpx:TrackPointExtension><gpxtpx:cad>0</gpxtpx:cad></gpxtpx:TrackPointExtension></extensions></trkpt><trkpt lat="15.6343478244" lon="73.7132905796"><ele>0.14</ele><time>2025-11-18T03:13:16Z</time><extensions><gpxtpx:TrackPointExtension><gpxtpx:cad>0</gpxtpx:cad></gpxtpx:TrackPointExtension></extensions></trkpt><trkpt lat="15.6344833598" lon="73.7132179923"><ele>0.14</ele><time>2025-11-18T03:13:21Z</time><extensions><gpxtpx:TrackPointExtension><gpxtpx:cad>0</gpxtpx:cad></gpxtpx:TrackPointExtension></extensions></trkpt><trkpt lat="15.6346183922" lon="73.7131313235"><ele>-0.34</ele><time>2025-11-18T03:13:26Z</time><extensions><gpxtpx:TrackPointExtension><gpxtpx:cad>0</gpxtpx:cad></gpxtpx:TrackPointExtension></extensions></trkpt><trkpt lat="15.6347525865" lon="73.7130433135"><ele>0.14</ele><time>2025-11-18T03:13:31Z</time><extensions><gpxtpx:TrackPointExtension><gpxtpx:cad>0</gpxtpx:cad></gpxtpx:TrackPointExtension></extensions></trkpt><trkpt lat="15.6348855235" lon="73.7129429821"><ele>0.14</ele><time>2025-11-18T03:13:36Z</time><extensions><gpxtpx:TrackPointExtension><gpxtpx:cad>0</gpxtpx:cad></gpxtpx:TrackPointExtension></extensions></trkpt><trkpt lat="15.6350039598" lon="73.7128290720"><ele>-0.34</ele><time>2025-11-18T03:13:41Z</time><extensions><gpxtpx:TrackPointExtension><gpxtpx:cad>0</gpxtpx:cad></gpxtpx:TrackPointExtension></extensions></trkpt><trkpt lat="15.6351259165" lon="73.7127272319"><ele>0.14</ele><time>2025-11-18T03:13:46Z</time><extensions><gpxtpx:TrackPointExtension><gpxtpx:cad>0</gpxtpx:cad></gpxtpx:TrackPointExtension></extensions></trkpt><trkpt lat="15.6352472026" lon="73.7126237154"><ele>0.14</ele><time>2025-11-18T03:13:51Z</time><extensions><gpxtpx:TrackPointExtension><gpxtpx:cad>0</gpxtpx:cad></gpxtpx:TrackPointExtension></extensions></trkpt><trkpt lat="15.6353661418" lon="73.7125196960"><ele>-0.34</ele><time>2025-11-18T03:13:56Z</time><extensions><gpxtpx:TrackPointExtension><gpxtpx:cad>0</gpxtpx:cad></gpxtpx:TrackPointExtension></extensions></trkpt><trkpt lat="15.6354969833" lon="73.7124221306"><ele>0.14</ele><time>2025-11-18T03:14:01Z</time><extensions><gpxtpx:TrackPointExtension><gpxtpx:cad>0</gpxtpx:cad></gpxtpx:TrackPointExtension></extensions></trkpt><trkpt lat="15.6356150005" lon="73.7123160996"><ele>-0.34</ele><time>2025-11-18T03:14:06Z</time><extensions><gpxtpx:TrackPointExtension><gpxtpx:cad>0</gpxtpx:cad></gpxtpx:TrackPointExtension></extensions></trkpt><trkpt lat="15.6357339397" lon="73.7122056261"><ele>0.14</ele><time>2025-11-18T03:14:11Z</time><extensions><gpxtpx:TrackPointExtension><gpxtpx:cad>0</gpxtpx:cad></gpxtpx:TrackPointExtension></extensions></trkpt><trkpt lat="15.6358613446" lon="73.7121057138"><ele>0.14</ele><time>2025-11-18T03:14:16Z</time><extensions><gpxtpx:TrackPointExtension><gpxtpx:cad>0</gpxtpx:cad></gpxtpx:TrackPointExtension></extensions></trkpt><trkpt lat="15.6359845586" lon="73.7120041251"><ele>0.14</ele><time>2025-11-18T03:14:21Z</time><extensions><gpxtpx:TrackPointExtension><gpxtpx:cad>0</gpxtpx:cad></gpxtpx:TrackPointExtension></extensions></trkpt><trkpt lat="15.6361169089" lon="73.7119089905"><ele>0.14</ele><time>2025-11-18T03:14:26Z</time><extensions><gpxtpx:TrackPointExtension><gpxtpx:cad>0</gpxtpx:cad></gpxtpx:TrackPointExtension></extensions></trkpt><trkpt lat="15.6362503488" lon="73.7118193880"><ele>0.14</ele><time>2025-11-18T03:14:31Z</time><extensions><gpxtpx:TrackPointExtension><gpxtpx:cad>0</gpxtpx:cad></gpxtpx:TrackPointExtension></extensions></trkpt><trkpt lat="15.6363776699" lon="73.7117227446"><ele>0.14</ele><time>2025-11-18T03:14:36Z</time><extensions><gpxtpx:TrackPointExtension><gpxtpx:cad>0</gpxtpx:cad></gpxtpx:TrackPointExtension></extensions></trkpt><trkpt lat="15.6365055777" lon="73.7116341479"><ele>0.14</ele><time>2025-11-18T03:14:41Z</time><extensions><gpxtpx:TrackPointExtension><gpxtpx:cad>0</gpxtpx:cad></gpxtpx:TrackPointExtension></extensions></trkpt><trkpt lat="15.6366403587" lon="73.7115450483"><ele>0.14</ele><time>2025-11-18T03:14:46Z</time><extensions><gpxtpx:TrackPointExtension><gpxtpx:cad>0</gpxtpx:cad></gpxtpx:TrackPointExtension></extensions></trkpt><trkpt lat="15.6367626507" lon="73.7114536017"><ele>-0.34</ele><time>2025-11-18T03:14:51Z</time><extensions><gpxtpx:TrackPointExtension><gpxtpx:cad>0</gpxtpx:cad></gpxtpx:TrackPointExtension></extensions></trkpt><trkpt lat="15.6368782371" lon="73.7113426253"><ele>-0.34</ele><time>2025-11-18T03:14:56Z</time><extensions><gpxtpx:TrackPointExtension><gpxtpx:cad>0</gpxtpx:cad></gpxtpx:TrackPointExtension></extensions></trkpt><trkpt lat="15.6370028760" lon="73.7112480775"><ele>-0.82</ele><time>2025-11-18T03:15:01Z</time><extensions><gpxtpx:TrackPointExtension><gpxtpx:cad>0</gpxtpx:cad></gpxtpx:TrackPointExtension></extensions></trkpt><trkpt lat="15.6371255871" lon="73.7111496739"><ele>-1.30</ele><time>2025-11-18T03:15:06Z</time><extensions><gpxtpx:TrackPointExtension><gpxtpx:cad>0</gpxtpx:cad></gpxtpx:TrackPointExtension></extensions></trkpt><trkpt lat="15.6372474600" lon="73.7110501807"><ele>-1.30</ele><time>2025-11-18T03:15:11Z</time><extensions><gpxtpx:TrackPointExtension><gpxtpx:cad>0</gpxtpx:cad></gpxtpx:TrackPointExtension></extensions></trkpt><trkpt lat="15.6373767089" lon="73.7109542079"><ele>-1.30</ele><time>2025-11-18T03:15:16Z</time><extensions><gpxtpx:TrackPointExtension><gpxtpx:cad>0</gpxtpx:cad></gpxtpx:TrackPointExtension></extensions></trkpt><trkpt lat="15.6375045329" lon="73.7108552177"><ele>-1.30</ele><time>2025-11-18T03:15:21Z</time><extensions><gpxtpx:TrackPointExtension><gpxtpx:cad>0</gpxtpx:cad></gpxtpx:TrackPointExtension></extensions></trkpt><trkpt lat="15.6376310997" lon="73.7107559759"><ele>-1.30</ele><time>2025-11-18T03:15:26Z</time><extensions><gpxtpx:TrackPointExtension><gpxtpx:cad>0</gpxtpx:cad></gpxtpx:TrackPointExtension></extensions></trkpt><trkpt lat="15.6377564929" lon="73.7106528785"><ele>-0.34</ele><time>2025-11-18T03:15:31Z</time><extensions><gpxtpx:TrackPointExtension><gpxtpx:cad>0</gpxtpx:cad></gpxtpx:TrackPointExtension></extensions></trkpt><trkpt lat="15.6378816348" lon="73.7105516251"><ele>-0.34</ele><time>2025-11-18T03:15:36Z</time><extensions><gpxtpx:TrackPointExtension><gpxtpx:cad>0</gpxtpx:cad></gpxtpx:TrackPointExtension></extensions></trkpt><trkpt lat="15.6380040105" lon="73.7104438338"><ele>-0.82</ele><time>2025-11-18T03:15:41Z</time><extensions><gpxtpx:TrackPointExtension><gpxtpx:cad>0</gpxtpx:cad></gpxtpx:TrackPointExtension></extensions></trkpt><trkpt lat="15.6381273083" lon="73.7103383057"><ele>-0.82</ele><time>2025-11-18T03:15:46Z</time><extensions><gpxtpx:TrackPointExtension><gpxtpx:cad>0</gpxtpx:cad></gpxtpx:TrackPointExtension></extensions></trkpt><trkpt lat="15.6382531207" lon="73.7102404051"><ele>-0.34</ele><time>2025-11-18T03:15:51Z</time><extensions><gpxtpx:TrackPointExtension><gpxtpx:cad>0</gpxtpx:cad></gpxtpx:TrackPointExtension></extensions></trkpt><trkpt lat="15.6383744907" lon="73.7101347093"><ele>-0.34</ele><time>2025-11-18T03:15:56Z</time><extensions><gpxtpx:TrackPointExtension><gpxtpx:cad>0</gpxtpx:cad></gpxtpx:TrackPointExtension></extensions></trkpt><trkpt lat="15.6384982076" lon="73.7100352161"><ele>-0.34</ele><time>2025-11-18T03:16:01Z</time><extensions><gpxtpx:TrackPointExtension><gpxtpx:cad>0</gpxtpx:cad></gpxtpx:TrackPointExtension></extensions></trkpt><trkpt lat="15.6386271212" lon="73.7099306937"><ele>-0.34</ele><time>2025-11-18T03:16:06Z</time><extensions><gpxtpx:TrackPointExtension><gpxtpx:cad>0</gpxtpx:cad></gpxtpx:TrackPointExtension></extensions></trkpt><trkpt lat="15.6387494132" lon="73.7098337151"><ele>-0.34</ele><time>2025-11-18T03:16:11Z</time><extensions><gpxtpx:TrackPointExtension><gpxtpx:cad>0</gpxtpx:cad></gpxtpx:TrackPointExtension></extensions></trkpt><trkpt lat="15.6388762314" lon="73.7097280193"><ele>-0.34</ele><time>2025-11-18T03:16:16Z</time><extensions><gpxtpx:TrackPointExtension><gpxtpx:cad>0</gpxtpx:cad></gpxtpx:TrackPointExtension></extensions></trkpt><trkpt lat="15.6390103418" lon="73.7096405122"><ele>0.14</ele><time>2025-11-18T03:16:21Z</time><extensions><gpxtpx:TrackPointExtension><gpxtpx:cad>0</gpxtpx:cad></gpxtpx:TrackPointExtension></extensions></trkpt><trkpt lat="15.6391478051" lon="73.7095427793"><ele>0.14</ele><time>2025-11-18T03:16:26Z</time><extensions><gpxtpx:TrackPointExtension><gpxtpx:cad>0</gpxtpx:cad></gpxtpx:TrackPointExtension></extensions></trkpt><trkpt lat="15.6392719410" lon="73.7094489858"><ele>0.62</ele><time>2025-11-18T03:16:31Z</time><extensions><gpxtpx:TrackPointExtension><gpxtpx:cad>0</gpxtpx:cad></gpxtpx:TrackPointExtension></extensions></trkpt><trkpt lat="15.6394025311" lon="73.7093588803"><ele>0.14</ele><time>2025-11-18T03:16:36Z</time><extensions><gpxtpx:TrackPointExtension><gpxtpx:cad>0</gpxtpx:cad></gpxtpx:TrackPointExtension></extensions></trkpt><trkpt lat="15.6395352166" lon="73.7092697807"><ele>0.14</ele><time>2025-11-18T03:16:41Z</time><extensions><gpxtpx:TrackPointExtension><gpxtpx:cad>0</gpxtpx:cad></gpxtpx:TrackPointExtension></extensions></trkpt><trkpt lat="15.6396771222" lon="73.7091883924"><ele>0.14</ele><time>2025-11-18T03:16:46Z</time><extensions><gpxtpx:TrackPointExtension><gpxtpx:cad>0</gpxtpx:cad></gpxtpx:TrackPointExtension></extensions></trkpt><trkpt lat="15.6398089696" lon="73.7091014720"><ele>0.14</ele><time>2025-11-18T03:16:51Z</time><extensions><gpxtpx:TrackPointExtension><gpxtpx:cad>0</gpxtpx:cad></gpxtpx:TrackPointExtension></extensions></trkpt><trkpt lat="15.6399481092" lon="73.7090223469"><ele>0.14</ele><time>2025-11-18T03:16:56Z</time><extensions><gpxtpx:TrackPointExtension><gpxtpx:cad>0</gpxtpx:cad></gpxtpx:TrackPointExtension></extensions></trkpt><trkpt lat="15.6400835607" lon="73.7089415453"><ele>0.14</ele><time>2025-11-18T03:17:01Z</time><extensions><gpxtpx:TrackPointExtension><gpxtpx:cad>0</gpxtpx:cad></gpxtpx:TrackPointExtension></extensions></trkpt><trkpt lat="15.6402110495" lon="73.7088433933"><ele>0.14</ele><time>2025-11-18T03:17:06Z</time><extensions><gpxtpx:TrackPointExtension><gpxtpx:cad>0</gpxtpx:cad></gpxtpx:TrackPointExtension></extensions></trkpt><trkpt lat="15.6403473392" lon="73.7087462470"><ele>0.14</ele><time>2025-11-18T03:17:11Z</time><extensions><gpxtpx:TrackPointExtension><gpxtpx:cad>0</gpxtpx:cad></gpxtpx:TrackPointExtension></extensions></trkpt><trkpt lat="15.6404738221" lon="73.7086493522"><ele>0.14</ele><time>2025-11-18T03:17:16Z</time><extensions><gpxtpx:TrackPointExtension><gpxtpx:cad>0</gpxtpx:cad></gpxtpx:TrackPointExtension></extensions></trkpt><trkpt lat="15.6405954435" lon="73.7085482664"><ele>0.14</ele><time>2025-11-18T03:17:21Z</time><extensions><gpxtpx:TrackPointExtension><gpxtpx:cad>0</gpxtpx:cad></gpxtpx:TrackPointExtension></extensions></trkpt><trkpt lat="15.6407296378" lon="73.7084545568"><ele>0.62</ele><time>2025-11-18T03:17:26Z</time><extensions><gpxtpx:TrackPointExtension><gpxtpx:cad>0</gpxtpx:cad></gpxtpx:TrackPointExtension></extensions></trkpt><trkpt lat="15.6408540253" lon="73.7083531357"><ele>0.14</ele><time>2025-11-18T03:17:31Z</time><extensions><gpxtpx:TrackPointExtension><gpxtpx:cad>0</gpxtpx:cad></gpxtpx:TrackPointExtension></extensions></trkpt><trkpt lat="15.6409836933" lon="73.7082573306"><ele>0.14</ele><time>2025-11-18T03:17:36Z</time><extensions><gpxtpx:TrackPointExtension><gpxtpx:cad>0</gpxtpx:cad></gpxtpx:TrackPointExtension></extensions></trkpt><trkpt lat="15.6411188934" lon="73.7081674766"><ele>0.14</ele><time>2025-11-18T03:17:41Z</time><extensions><gpxtpx:TrackPointExtension><gpxtpx:cad>0</gpxtpx:cad></gpxtpx:TrackPointExtension></extensions></trkpt><trkpt lat="15.6412402634" lon="73.7080693245"><ele>0.14</ele><time>2025-11-18T03:17:46Z</time><extensions><gpxtpx:TrackPointExtension><gpxtpx:cad>0</gpxtpx:cad></gpxtpx:TrackPointExtension></extensions></trkpt><trkpt lat="15.6413669977" lon="73.7079644669"><ele>0.14</ele><time>2025-11-18T03:17:51Z</time><extensions><gpxtpx:TrackPointExtension><gpxtpx:cad>0</gpxtpx:cad></gpxtpx:TrackPointExtension></extensions></trkpt><trkpt lat="15.6415011920" lon="73.7078740261"><ele>0.14</ele><time>2025-11-18T03:17:56Z</time><extensions><gpxtpx:TrackPointExtension><gpxtpx:cad>0</gpxtpx:cad></gpxtpx:TrackPointExtension></extensions></trkpt><trkpt lat="15.6416324526" lon="73.7077805679"><ele>0.14</ele><time>2025-11-18T03:18:01Z</time><extensions><gpxtpx:TrackPointExtension><gpxtpx:cad>0</gpxtpx:cad></gpxtpx:TrackPointExtension></extensions></trkpt><trkpt lat="15.6417619530" lon="73.7076902110"><ele>0.14</ele><time>2025-11-18T03:18:06Z</time><extensions><gpxtpx:TrackPointExtension><gpxtpx:cad>0</gpxtpx:cad></gpxtpx:TrackPointExtension></extensions></trkpt><trkpt lat="15.6419007573" lon="73.7076126784"><ele>0.14</ele><time>2025-11-18T03:18:11Z</time><extensions><gpxtpx:TrackPointExtension><gpxtpx:cad>0</gpxtpx:cad></gpxtpx:TrackPointExtension></extensions></trkpt><trkpt lat="15.6420364603" lon="73.7075275183"><ele>0.14</ele><time>2025-11-18T03:18:16Z</time><extensions><gpxtpx:TrackPointExtension><gpxtpx:cad>0</gpxtpx:cad></gpxtpx:TrackPointExtension></extensions></trkpt><trkpt lat="15.6421730015" lon="73.7074476387"><ele>0.14</ele><time>2025-11-18T03:18:21Z</time><extensions><gpxtpx:TrackPointExtension><gpxtpx:cad>0</gpxtpx:cad></gpxtpx:TrackPointExtension></extensions></trkpt><trkpt lat="15.6423121411" lon="73.7073647417"><ele>0.14</ele><time>2025-11-18T03:18:26Z</time><extensions><gpxtpx:TrackPointExtension><gpxtpx:cad>0</gpxtpx:cad></gpxtpx:TrackPointExtension></extensions></trkpt><trkpt lat="15.6424409710" lon="73.7072734628"><ele>0.14</ele><time>2025-11-18T03:18:31Z</time><extensions><gpxtpx:TrackPointExtension><gpxtpx:cad>0</gpxtpx:cad></gpxtpx:TrackPointExtension></extensions></trkpt><trkpt lat="15.6425740756" lon="73.7071835250"><ele>0.14</ele><time>2025-11-18T03:18:36Z</time><extensions><gpxtpx:TrackPointExtension><gpxtpx:cad>0</gpxtpx:cad></gpxtpx:TrackPointExtension></extensions></trkpt><trkpt lat="15.6426988821" lon="73.7070803437"><ele>0.14</ele><time>2025-11-18T03:18:41Z</time><extensions><gpxtpx:TrackPointExtension><gpxtpx:cad>0</gpxtpx:cad></gpxtpx:TrackPointExtension></extensions></trkpt><trkpt lat="15.6428323220" lon="73.7069941778"><ele>0.62</ele><time>2025-11-18T03:18:46Z</time><extensions><gpxtpx:TrackPointExtension><gpxtpx:cad>0</gpxtpx:cad></gpxtpx:TrackPointExtension></extensions></trkpt><trkpt lat="15.6429772452" lon="73.7069235183"><ele>0.14</ele><time>2025-11-18T03:18:51Z</time><extensions><gpxtpx:TrackPointExtension><gpxtpx:cad>0</gpxtpx:cad></gpxtpx:TrackPointExtension></extensions></trkpt><trkpt lat="15.6431220006" lon="73.7068641745"><ele>0.14</ele><time>2025-11-18T03:18:56Z</time><extensions><gpxtpx:TrackPointExtension><gpxtpx:cad>0</gpxtpx:cad></gpxtpx:TrackPointExtension></extensions></trkpt><trkpt lat="15.6432671752" lon="73.7067892402"><ele>0.14</ele><time>2025-11-18T03:19:01Z</time><extensions><gpxtpx:TrackPointExtension><gpxtpx:cad>0</gpxtpx:cad></gpxtpx:TrackPointExtension></extensions></trkpt><trkpt lat="15.6434073206" lon="73.7067145575"><ele>0.14</ele><time>2025-11-18T03:19:06Z</time><extensions><gpxtpx:TrackPointExtension><gpxtpx:cad>0</gpxtpx:cad></gpxtpx:TrackPointExtension></extensions></trkpt><trkpt lat="15.6435464602" lon="73.7066358514"><ele>0.14</ele><time>2025-11-18T03:19:11Z</time><extensions><gpxtpx:TrackPointExtension><gpxtpx:cad>0</gpxtpx:cad></gpxtpx:TrackPointExtension></extensions></trkpt><trkpt lat="15.6436795648" lon="73.7065454945"><ele>0.14</ele><time>2025-11-18T03:19:16Z</time><extensions><gpxtpx:TrackPointExtension><gpxtpx:cad>0</gpxtpx:cad></gpxtpx:TrackPointExtension></extensions></trkpt><trkpt lat="15.6438135915" lon="73.7064701412"><ele>0.62</ele><time>2025-11-18T03:19:21Z</time><extensions><gpxtpx:TrackPointExtension><gpxtpx:cad>0</gpxtpx:cad></gpxtpx:TrackPointExtension></extensions></trkpt><trkpt lat="15.6439484563" lon="73.7063891720"><ele>0.14</ele><time>2025-11-18T03:19:26Z</time><extensions><gpxtpx:TrackPointExtension><gpxtpx:cad>0</gpxtpx:cad></gpxtpx:TrackPointExtension></extensions></trkpt><trkpt lat="15.6440849975" lon="73.7063096277"><ele>-0.34</ele><time>2025-11-18T03:19:31Z</time><extensions><gpxtpx:TrackPointExtension><gpxtpx:cad>0</gpxtpx:cad></gpxtpx:TrackPointExtension></extensions></trkpt><trkpt lat="15.6442222930" lon="73.7062266469"><ele>-0.82</ele><time>2025-11-18T03:19:36Z</time><extensions><gpxtpx:TrackPointExtension><gpxtpx:cad>0</gpxtpx:cad></gpxtpx:TrackPointExtension></extensions></trkpt><trkpt lat="15.6443636958" lon="73.7061429117"><ele>-1.30</ele><time>2025-11-18T03:19:41Z</time><extensions><gpxtpx:TrackPointExtension><gpxtpx:cad>0</gpxtpx:cad></gpxtpx:TrackPointExtension></extensions></trkpt><trkpt lat="15.6444969680" lon="73.7060590927"><ele>-1.30</ele><time>2025-11-18T03:19:46Z</time><extensions><gpxtpx:TrackPointExtension><gpxtpx:cad>0</gpxtpx:cad></gpxtpx:TrackPointExtension></extensions></trkpt><trkpt lat="15.6446430646" lon="73.7059856672"><ele>-0.82</ele><time>2025-11-18T03:19:51Z</time><extensions><gpxtpx:TrackPointExtension><gpxtpx:cad>0</gpxtpx:cad></gpxtpx:TrackPointExtension></extensions></trkpt><trkpt lat="15.6447739899" lon="73.7059005909"><ele>-0.82</ele><time>2025-11-18T03:19:56Z</time><extensions><gpxtpx:TrackPointExtension><gpxtpx:cad>0</gpxtpx:cad></gpxtpx:TrackPointExtension></extensions></trkpt><trkpt lat="15.6449006405" lon="73.7057944760"><ele>-0.82</ele><time>2025-11-18T03:20:01Z</time><extensions><gpxtpx:TrackPointExtension><gpxtpx:cad>0</gpxtpx:cad></gpxtpx:TrackPointExtension></extensions></trkpt><trkpt lat="15.6450339966" lon="73.7057015207"><ele>-0.82</ele><time>2025-11-18T03:20:06Z</time><extensions><gpxtpx:TrackPointExtension><gpxtpx:cad>0</gpxtpx:cad></gpxtpx:TrackPointExtension></extensions></trkpt><trkpt lat="15.6451693643" lon="73.7056215573"><ele>-0.34</ele><time>2025-11-18T03:20:11Z</time><extensions><gpxtpx:TrackPointExtension><gpxtpx:cad>0</gpxtpx:cad></gpxtpx:TrackPointExtension></extensions></trkpt><trkpt lat="15.6453082524" lon="73.7055412587"><ele>-0.34</ele><time>2025-11-18T03:20:16Z</time><extensions><gpxtpx:TrackPointExtension><gpxtpx:cad>0</gpxtpx:cad></gpxtpx:TrackPointExtension></extensions></trkpt><trkpt lat="15.6454473082" lon="73.7054612115"><ele>-0.34</ele><time>2025-11-18T03:20:21Z</time><extensions><gpxtpx:TrackPointExtension><gpxtpx:cad>0</gpxtpx:cad></gpxtpx:TrackPointExtension></extensions></trkpt><trkpt lat="15.6455809157" lon="73.7053736206"><ele>-0.34</ele><time>2025-11-18T03:20:26Z</time><extensions><gpxtpx:TrackPointExtension><gpxtpx:cad>0</gpxtpx:cad></gpxtpx:TrackPointExtension></extensions></trkpt><trkpt lat="15.6457182113" lon="73.7052935734"><ele>0.14</ele><time>2025-11-18T03:20:31Z</time><extensions><gpxtpx:TrackPointExtension><gpxtpx:cad>0</gpxtpx:cad></gpxtpx:TrackPointExtension></extensions></trkpt><trkpt lat="15.6458551716" lon="73.7052087486"><ele>0.62</ele><time>2025-11-18T03:20:36Z</time><extensions><gpxtpx:TrackPointExtension><gpxtpx:cad>0</gpxtpx:cad></gpxtpx:TrackPointExtension></extensions></trkpt><trkpt lat="15.6459933054" lon="73.7051240075"><ele>0.62</ele><time>2025-11-18T03:20:41Z</time><extensions><gpxtpx:TrackPointExtension><gpxtpx:cad>0</gpxtpx:cad></gpxtpx:TrackPointExtension></extensions></trkpt><trkpt lat="15.6461287569" lon="73.7050388474"><ele>0.14</ele><time>2025-11-18T03:20:46Z</time><extensions><gpxtpx:TrackPointExtension><gpxtpx:cad>0</gpxtpx:cad></gpxtpx:TrackPointExtension></extensions></trkpt><trkpt lat="15.6462658010" lon="73.7049543578"><ele>0.14</ele><time>2025-11-18T03:20:51Z</time><extensions><gpxtpx:TrackPointExtension><gpxtpx:cad>0</gpxtpx:cad></gpxtpx:TrackPointExtension></extensions></trkpt><trkpt lat="15.6463970616" lon="73.7048676051"><ele>-0.34</ele><time>2025-11-18T03:20:56Z</time><extensions><gpxtpx:TrackPointExtension><gpxtpx:cad>0</gpxtpx:cad></gpxtpx:TrackPointExtension></extensions></trkpt><trkpt lat="15.6465234607" lon="73.7047628313"><ele>-0.34</ele><time>2025-11-18T03:21:01Z</time><extensions><gpxtpx:TrackPointExtension><gpxtpx:cad>0</gpxtpx:cad></gpxtpx:TrackPointExtension></extensions></trkpt><trkpt lat="15.6466548890" lon="73.7046682835"><ele>0.62</ele><time>2025-11-18T03:21:06Z</time><extensions><gpxtpx:TrackPointExtension><gpxtpx:cad>0</gpxtpx:cad></gpxtpx:TrackPointExtension></extensions></trkpt><trkpt lat="15.6467807852" lon="73.7045686226"><ele>0.62</ele><time>2025-11-18T03:21:11Z</time><extensions><gpxtpx:TrackPointExtension><gpxtpx:cad>0</gpxtpx:cad></gpxtpx:TrackPointExtension></extensions></trkpt><trkpt lat="15.6469088607" lon="73.7044661120"><ele>0.62</ele><time>2025-11-18T03:21:16Z</time><extensions><gpxtpx:TrackPointExtension><gpxtpx:cad>0</gpxtpx:cad></gpxtpx:TrackPointExtension></extensions></trkpt><trkpt lat="15.6470345054" lon="73.7043710612"><ele>1.10</ele><time>2025-11-18T03:21:21Z</time><extensions><gpxtpx:TrackPointExtension><gpxtpx:cad>0</gpxtpx:cad></gpxtpx:TrackPointExtension></extensions></trkpt><trkpt lat="15.6471574679" lon="73.7042668741"><ele>1.10</ele><time>2025-11-18T03:21:26Z</time><extensions><gpxtpx:TrackPointExtension><gpxtpx:cad>0</gpxtpx:cad></gpxtpx:TrackPointExtension></extensions></trkpt><trkpt lat="15.6472909078" lon="73.7041642796"><ele>1.10</ele><time>2025-11-18T03:21:31Z</time><extensions><gpxtpx:TrackPointExtension><gpxtpx:cad>0</gpxtpx:cad></gpxtpx:TrackPointExtension></extensions></trkpt><trkpt lat="15.6474091765" lon="73.7040596735"><ele>0.14</ele><time>2025-11-18T03:21:36Z</time><extensions><gpxtpx:TrackPointExtension><gpxtpx:cad>0</gpxtpx:cad></gpxtpx:TrackPointExtension></extensions></trkpt><trkpt lat="15.6475343183" lon="73.7039527204"><ele>0.62</ele><time>2025-11-18T03:21:41Z</time><extensions><gpxtpx:TrackPointExtension><gpxtpx:cad>0</gpxtpx:cad></gpxtpx:TrackPointExtension></extensions></trkpt><trkpt lat="15.6476566102" lon="73.7038471084"><ele>0.62</ele><time>2025-11-18T03:21:46Z</time><extensions><gpxtpx:TrackPointExtension><gpxtpx:cad>0</gpxtpx:cad></gpxtpx:TrackPointExtension></extensions></trkpt><trkpt lat="15.6477753818" lon="73.7037274148"><ele>0.62</ele><time>2025-11-18T03:21:51Z</time><extensions><gpxtpx:TrackPointExtension><gpxtpx:cad>0</gpxtpx:cad></gpxtpx:TrackPointExtension></extensions></trkpt><trkpt lat="15.6478891242" lon="73.7036063801"><ele>0.62</ele><time>2025-11-18T03:21:56Z</time><extensions><gpxtpx:TrackPointExtension><gpxtpx:cad>0</gpxtpx:cad></gpxtpx:TrackPointExtension></extensions></trkpt><trkpt lat="15.6479987595" lon="73.7034861837"><ele>1.10</ele><time>2025-11-18T03:22:01Z</time><extensions><gpxtpx:TrackPointExtension><gpxtpx:cad>0</gpxtpx:cad></gpxtpx:TrackPointExtension></extensions></trkpt><trkpt lat="15.6481106579" lon="73.7033695076"><ele>1.10</ele><time>2025-11-18T03:22:06Z</time><extensions><gpxtpx:TrackPointExtension><gpxtpx:cad>0</gpxtpx:cad></gpxtpx:TrackPointExtension></extensions></trkpt><trkpt lat="15.6482176110" lon="73.7032418512"><ele>1.10</ele><time>2025-11-18T03:22:11Z</time><extensions><gpxtpx:TrackPointExtension><gpxtpx:cad>0</gpxtpx:cad></gpxtpx:TrackPointExtension></extensions></trkpt><trkpt lat="15.6483214628" lon="73.7031114288"><ele>1.10</ele><time>2025-11-18T03:22:16Z</time><extensions><gpxtpx:TrackPointExtension><gpxtpx:cad>0</gpxtpx:cad></gpxtpx:TrackPointExtension></extensions></trkpt><trkpt lat="15.6484350376" lon="73.7030023802"><ele>1.10</ele><time>2025-11-18T03:22:21Z</time><extensions><gpxtpx:TrackPointExtension><gpxtpx:cad>0</gpxtpx:cad></gpxtpx:TrackPointExtension></extensions></trkpt><trkpt lat="15.6485479418" lon="73.7028812617"><ele>0.62</ele><time>2025-11-18T03:22:26Z</time><extensions><gpxtpx:TrackPointExtension><gpxtpx:cad>0</gpxtpx:cad></gpxtpx:TrackPointExtension></extensions></trkpt><trkpt lat="15.6486720778" lon="73.7027698662"><ele>1.58</ele><time>2025-11-18T03:22:31Z</time><extensions><gpxtpx:TrackPointExtension><gpxtpx:cad>0</gpxtpx:cad></gpxtpx:TrackPointExtension></extensions></trkpt><trkpt lat="15.6487955432" lon="73.7026692834"><ele>1.10</ele><time>2025-11-18T03:22:36Z</time><extensions><gpxtpx:TrackPointExtension><gpxtpx:cad>0</gpxtpx:cad></gpxtpx:TrackPointExtension></extensions></trkpt><trkpt lat="15.6489174161" lon="73.7025609054"><ele>0.62</ele><time>2025-11-18T03:22:41Z</time><extensions><gpxtpx:TrackPointExtension><gpxtpx:cad>0</gpxtpx:cad></gpxtpx:TrackPointExtension></extensions></trkpt><trkpt lat="15.6490475871" lon="73.7024612445"><ele>1.10</ele><time>2025-11-18T03:22:46Z</time><extensions><gpxtpx:TrackPointExtension><gpxtpx:cad>0</gpxtpx:cad></gpxtpx:TrackPointExtension></extensions></trkpt><trkpt lat="15.6491722260" lon="73.7023529503"><ele>0.62</ele><time>2025-11-18T03:22:51Z</time><extensions><gpxtpx:TrackPointExtension><gpxtpx:cad>0</gpxtpx:cad></gpxtpx:TrackPointExtension></extensions></trkpt><trkpt lat="15.6493028160" lon="73.7022585701"><ele>0.62</ele><time>2025-11-18T03:22:56Z</time><extensions><gpxtpx:TrackPointExtension><gpxtpx:cad>0</gpxtpx:cad></gpxtpx:TrackPointExtension></extensions></trkpt><trkpt lat="15.6494407821" lon="73.7021737453"><ele>0.62</ele><time>2025-11-18T03:23:01Z</time><extensions><gpxtpx:TrackPointExtension><gpxtpx:cad>0</gpxtpx:cad></gpxtpx:TrackPointExtension></extensions></trkpt><trkpt lat="15.6495701149" lon="73.7020777725"><ele>0.14</ele><time>2025-11-18T03:23:06Z</time><extensions><gpxtpx:TrackPointExtension><gpxtpx:cad>0</gpxtpx:cad></gpxtpx:TrackPointExtension></extensions></trkpt><trkpt lat="15.6497085001" lon="73.7019880861"><ele>0.62</ele><time>2025-11-18T03:23:11Z</time><extensions><gpxtpx:TrackPointExtension><gpxtpx:cad>0</gpxtpx:cad></gpxtpx:TrackPointExtension></extensions></trkpt><trkpt lat="15.6498493999" lon="73.7019095477"><ele>0.62</ele><time>2025-11-18T03:23:16Z</time><extensions><gpxtpx:TrackPointExtension><gpxtpx:cad>0</gpxtpx:cad></gpxtpx:TrackPointExtension></extensions></trkpt><trkpt lat="15.6500014476" lon="73.7018362898"><ele>0.62</ele><time>2025-11-18T03:23:21Z</time><extensions><gpxtpx:TrackPointExtension><gpxtpx:cad>0</gpxtpx:cad></gpxtpx:TrackPointExtension></extensions></trkpt><trkpt lat="15.6501415931" lon="73.7017584220"><ele>0.62</ele><time>2025-11-18T03:23:26Z</time><extensions><gpxtpx:TrackPointExtension><gpxtpx:cad>0</gpxtpx:cad></gpxtpx:TrackPointExtension></extensions></trkpt><trkpt lat="15.6502834987" lon="73.7016790453"><ele>0.62</ele><time>2025-11-18T03:23:31Z</time><extensions><gpxtpx:TrackPointExtension><gpxtpx:cad>0</gpxtpx:cad></gpxtpx:TrackPointExtension></extensions></trkpt><trkpt lat="15.6504217163" lon="73.7015969865"><ele>0.62</ele><time>2025-11-18T03:23:36Z</time><extensions><gpxtpx:TrackPointExtension><gpxtpx:cad>0</gpxtpx:cad></gpxtpx:TrackPointExtension></extensions></trkpt><trkpt lat="15.6505629513" lon="73.7015180290"><ele>0.62</ele><time>2025-11-18T03:23:41Z</time><extensions><gpxtpx:TrackPointExtension><gpxtpx:cad>0</gpxtpx:cad></gpxtpx:TrackPointExtension></extensions></trkpt><trkpt lat="15.6507010851" lon="73.7014366407"><ele>0.62</ele><time>2025-11-18T03:23:46Z</time><extensions><gpxtpx:TrackPointExtension><gpxtpx:cad>0</gpxtpx:cad></gpxtpx:TrackPointExtension></extensions></trkpt><trkpt lat="15.6508358661" lon="73.7013521511"><ele>0.62</ele><time>2025-11-18T03:23:51Z</time><extensions><gpxtpx:TrackPointExtension><gpxtpx:cad>0</gpxtpx:cad></gpxtpx:TrackPointExtension></extensions></trkpt><trkpt lat="15.6509758439" lon="73.7012690026"><ele>1.10</ele><time>2025-11-18T03:23:56Z</time><extensions><gpxtpx:TrackPointExtension><gpxtpx:cad>0</gpxtpx:cad></gpxtpx:TrackPointExtension></extensions></trkpt><trkpt lat="15.6511164084" lon="73.7011897936"><ele>1.10</ele><time>2025-11-18T03:24:01Z</time><extensions><gpxtpx:TrackPointExtension><gpxtpx:cad>0</gpxtpx:cad></gpxtpx:TrackPointExtension></extensions></trkpt><trkpt lat="15.6512542069" lon="73.7011111714"><ele>1.10</ele><time>2025-11-18T03:24:06Z</time><extensions><gpxtpx:TrackPointExtension><gpxtpx:cad>0</gpxtpx:cad></gpxtpx:TrackPointExtension></extensions></trkpt><trkpt lat="15.6513929274" lon="73.7010227423"><ele>1.10</ele><time>2025-11-18T03:24:11Z</time><extensions><gpxtpx:TrackPointExtension><gpxtpx:cad>0</gpxtpx:cad></gpxtpx:TrackPointExtension></extensions></trkpt><trkpt lat="15.6515195780" lon="73.7009257637"><ele>0.62</ele><time>2025-11-18T03:24:16Z</time><extensions><gpxtpx:TrackPointExtension><gpxtpx:cad>0</gpxtpx:cad></gpxtpx:TrackPointExtension></extensions></trkpt><trkpt lat="15.6516468991" lon="73.7008221634"><ele>0.14</ele><time>2025-11-18T03:24:21Z</time><extensions><gpxtpx:TrackPointExtension><gpxtpx:cad>0</gpxtpx:cad></gpxtpx:TrackPointExtension></extensions></trkpt><trkpt lat="15.6517664250" lon="73.7007178087"><ele>0.14</ele><time>2025-11-18T03:24:26Z</time><extensions><gpxtpx:TrackPointExtension><gpxtpx:cad>0</gpxtpx:cad></gpxtpx:TrackPointExtension></extensions></trkpt><trkpt lat="15.6518975180" lon="73.7006119452"><ele>0.14</ele><time>2025-11-18T03:24:31Z</time><extensions><gpxtpx:TrackPointExtension><gpxtpx:cad>0</gpxtpx:cad></gpxtpx:TrackPointExtension></extensions></trkpt><trkpt lat="15.6520208158" lon="73.7005082611"><ele>-0.34</ele><time>2025-11-18T03:24:36Z</time><extensions><gpxtpx:TrackPointExtension><gpxtpx:cad>0</gpxtpx:cad></gpxtpx:TrackPointExtension></extensions></trkpt><trkpt lat="15.6521488912" lon="73.7004059181"><ele>-0.34</ele><time>2025-11-18T03:24:41Z</time><extensions><gpxtpx:TrackPointExtension><gpxtpx:cad>0</gpxtpx:cad></gpxtpx:TrackPointExtension></extensions></trkpt><trkpt lat="15.6522845943" lon="73.7003149744"><ele>-0.34</ele><time>2025-11-18T03:24:46Z</time><extensions><gpxtpx:TrackPointExtension><gpxtpx:cad>0</gpxtpx:cad></gpxtpx:TrackPointExtension></extensions></trkpt><trkpt lat="15.6524124183" lon="73.7002174091"><ele>-0.34</ele><time>2025-11-18T03:24:51Z</time><extensions><gpxtpx:TrackPointExtension><gpxtpx:cad>0</gpxtpx:cad></gpxtpx:TrackPointExtension></extensions></trkpt><trkpt lat="15.6525446009" lon="73.7001266330"><ele>-0.34</ele><time>2025-11-18T03:24:56Z</time><extensions><gpxtpx:TrackPointExtension><gpxtpx:cad>0</gpxtpx:cad></gpxtpx:TrackPointExtension></extensions></trkpt><trkpt lat="15.6526725926" lon="73.7000365276"><ele>0.14</ele><time>2025-11-18T03:25:01Z</time><extensions><gpxtpx:TrackPointExtension><gpxtpx:cad>0</gpxtpx:cad></gpxtpx:TrackPointExtension></extensions></trkpt><trkpt lat="15.6528000813" lon="73.6999284849"><ele>0.14</ele><time>2025-11-18T03:25:06Z</time><extensions><gpxtpx:TrackPointExtension><gpxtpx:cad>0</gpxtpx:cad></gpxtpx:TrackPointExtension></extensions></trkpt><trkpt lat="15.6529342756" lon="73.6998377088"><ele>0.14</ele><time>2025-11-18T03:25:11Z</time><extensions><gpxtpx:TrackPointExtension><gpxtpx:cad>0</gpxtpx:cad></gpxtpx:TrackPointExtension></extensions></trkpt><trkpt lat="15.6530702300" lon="73.6997506209"><ele>0.14</ele><time>2025-11-18T03:25:16Z</time><extensions><gpxtpx:TrackPointExtension><gpxtpx:cad>0</gpxtpx:cad></gpxtpx:TrackPointExtension></extensions></trkpt><trkpt lat="15.6532045919" lon="73.6996694840"><ele>0.14</ele><time>2025-11-18T03:25:21Z</time><extensions><gpxtpx:TrackPointExtension><gpxtpx:cad>0</gpxtpx:cad></gpxtpx:TrackPointExtension></extensions></trkpt><trkpt lat="15.6533448212" lon="73.6995918676"><ele>0.14</ele><time>2025-11-18T03:25:26Z</time><extensions><gpxtpx:TrackPointExtension><gpxtpx:cad>0</gpxtpx:cad></gpxtpx:TrackPointExtension></extensions></trkpt><trkpt lat="15.6534839608" lon="73.6995088030"><ele>-0.34</ele><time>2025-11-18T03:25:31Z</time><extensions><gpxtpx:TrackPointExtension><gpxtpx:cad>0</gpxtpx:cad></gpxtpx:TrackPointExtension></extensions></trkpt><trkpt lat="15.6536110304" lon="73.6994101480"><ele>0.14</ele><time>2025-11-18T03:25:36Z</time><extensions><gpxtpx:TrackPointExtension><gpxtpx:cad>0</gpxtpx:cad></gpxtpx:TrackPointExtension></extensions></trkpt><trkpt lat="15.6537412852" lon="73.6993220542"><ele>0.14</ele><time>2025-11-18T03:25:41Z</time><extensions><gpxtpx:TrackPointExtension><gpxtpx:cad>0</gpxtpx:cad></gpxtpx:TrackPointExtension></extensions></trkpt><trkpt lat="15.6538766529" lon="73.6992311943"><ele>1.10</ele><time>2025-11-18T03:25:46Z</time><extensions><gpxtpx:TrackPointExtension><gpxtpx:cad>0</gpxtpx:cad></gpxtpx:TrackPointExtension></extensions></trkpt><trkpt lat="15.6540146191" lon="73.6991368141"><ele>1.10</ele><time>2025-11-18T03:25:51Z</time><extensions><gpxtpx:TrackPointExtension><gpxtpx:cad>0</gpxtpx:cad></gpxtpx:TrackPointExtension></extensions></trkpt><trkpt lat="15.6541536748" lon="73.6990824994"><ele>1.10</ele><time>2025-11-18T03:25:56Z</time><extensions><gpxtpx:TrackPointExtension><gpxtpx:cad>0</gpxtpx:cad></gpxtpx:TrackPointExtension></extensions></trkpt><trkpt lat="15.6543053873" lon="73.6990762968"><ele>0.62</ele><time>2025-11-18T03:26:01Z</time><extensions><gpxtpx:TrackPointExtension><gpxtpx:cad>0</gpxtpx:cad></gpxtpx:TrackPointExtension></extensions></trkpt><trkpt lat="15.6544626318" lon="73.6990999337"><ele>0.62</ele><time>2025-11-18T03:26:06Z</time><extensions><gpxtpx:TrackPointExtension><gpxtpx:cad>0</gpxtpx:cad></gpxtpx:TrackPointExtension></extensions></trkpt><trkpt lat="15.6546168588" lon="73.6991223134"><ele>0.62</ele><time>2025-11-18T03:26:11Z</time><extensions><gpxtpx:TrackPointExtension><gpxtpx:cad>0</gpxtpx:cad></gpxtpx:TrackPointExtension></extensions></trkpt><trkpt lat="15.6547660567" lon="73.6991425138"><ele>0.62</ele><time>2025-11-18T03:26:16Z</time><extensions><gpxtpx:TrackPointExtension><gpxtpx:cad>0</gpxtpx:cad></gpxtpx:TrackPointExtension></extensions></trkpt><trkpt lat="15.6549220439" lon="73.6991805676"><ele>0.62</ele><time>2025-11-18T03:26:21Z</time><extensions><gpxtpx:TrackPointExtension><gpxtpx:cad>0</gpxtpx:cad></gpxtpx:TrackPointExtension></extensions></trkpt><trkpt lat="15.6550826412" lon="73.6992068868"><ele>0.62</ele><time>2025-11-18T03:26:26Z</time><extensions><gpxtpx:TrackPointExtension><gpxtpx:cad>0</gpxtpx:cad></gpxtpx:TrackPointExtension></extensions></trkpt><trkpt lat="15.6552289892" lon="73.6992275901"><ele>0.62</ele><time>2025-11-18T03:26:31Z</time><extensions><gpxtpx:TrackPointExtension><gpxtpx:cad>0</gpxtpx:cad></gpxtpx:TrackPointExtension></extensions></trkpt><trkpt lat="15.6553777680" lon="73.6992581841"><ele>0.62</ele><time>2025-11-18T03:26:36Z</time><extensions><gpxtpx:TrackPointExtension><gpxtpx:cad>0</gpxtpx:cad></gpxtpx:TrackPointExtension></extensions></trkpt><trkpt lat="15.6555374432" lon="73.6992895324"><ele>0.62</ele><time>2025-11-18T03:26:41Z</time><extensions><gpxtpx:TrackPointExtension><gpxtpx:cad>0</gpxtpx:cad></gpxtpx:TrackPointExtension></extensions></trkpt><trkpt lat="15.6556967832" lon="73.6993285082"><ele>0.14</ele><time>2025-11-18T03:26:46Z</time><extensions><gpxtpx:TrackPointExtension><gpxtpx:cad>0</gpxtpx:cad></gpxtpx:TrackPointExtension></extensions></trkpt><trkpt lat="15.6558438856" lon="73.6993591860"><ele>-0.34</ele><time>2025-11-18T03:26:51Z</time><extensions><gpxtpx:TrackPointExtension><gpxtpx:cad>0</gpxtpx:cad></gpxtpx:TrackPointExtension></extensions></trkpt><trkpt lat="15.6559896469" lon="73.6993948929"><ele>-0.82</ele><time>2025-11-18T03:26:56Z</time><extensions><gpxtpx:TrackPointExtension><gpxtpx:cad>0</gpxtpx:cad></gpxtpx:TrackPointExtension></extensions></trkpt><trkpt lat="15.6561445445" lon="73.6994523089"><ele>-0.82</ele><time>2025-11-18T03:27:01Z</time><extensions><gpxtpx:TrackPointExtension><gpxtpx:cad>0</gpxtpx:cad></gpxtpx:TrackPointExtension></extensions></trkpt><trkpt lat="15.6562877074" lon="73.6994989961"><ele>-1.30</ele><time>2025-11-18T03:27:06Z</time><extensions><gpxtpx:TrackPointExtension><gpxtpx:cad>0</gpxtpx:cad></gpxtpx:TrackPointExtension></extensions></trkpt><trkpt lat="15.6564358156" lon="73.6995379720"><ele>-1.79</ele><time>2025-11-18T03:27:11Z</time><extensions><gpxtpx:TrackPointExtension><gpxtpx:cad>0</gpxtpx:cad></gpxtpx:TrackPointExtension></extensions></trkpt><trkpt lat="15.6565871090" lon="73.6995661352"><ele>-1.30</ele><time>2025-11-18T03:27:16Z</time><extensions><gpxtpx:TrackPointExtension><gpxtpx:cad>0</gpxtpx:cad></gpxtpx:TrackPointExtension></extensions></trkpt><trkpt lat="15.6567451917" lon="73.6995996628"><ele>-1.79</ele><time>2025-11-18T03:27:21Z</time><extensions><gpxtpx:TrackPointExtension><gpxtpx:cad>0</gpxtpx:cad></gpxtpx:TrackPointExtension></extensions></trkpt><trkpt lat="15.6569022685" lon="73.6996330228"><ele>-1.79</ele><time>2025-11-18T03:27:26Z</time><extensions><gpxtpx:TrackPointExtension><gpxtpx:cad>0</gpxtpx:cad></gpxtpx:TrackPointExtension></extensions></trkpt><trkpt lat="15.6570464373" lon="73.6996735912"><ele>-1.30</ele><time>2025-11-18T03:27:31Z</time><extensions><gpxtpx:TrackPointExtension><gpxtpx:cad>0</gpxtpx:cad></gpxtpx:TrackPointExtension></extensions></trkpt><trkpt lat="15.6571946293" lon="73.6997163389"><ele>-1.79</ele><time>2025-11-18T03:27:36Z</time><extensions><gpxtpx:TrackPointExtension><gpxtpx:cad>0</gpxtpx:cad></gpxtpx:TrackPointExtension></extensions></trkpt><trkpt lat="15.6573430728" lon="73.6997613497"><ele>-1.30</ele><time>2025-11-18T03:27:41Z</time><extensions><gpxtpx:TrackPointExtension><gpxtpx:cad>0</gpxtpx:cad></gpxtpx:TrackPointExtension></extensions></trkpt><trkpt lat="15.6575030833" lon="73.6998050194"><ele>-1.30</ele><time>2025-11-18T03:27:46Z</time><extensions><gpxtpx:TrackPointExtension><gpxtpx:cad>0</gpxtpx:cad></gpxtpx:TrackPointExtension></extensions></trkpt><trkpt lat="15.6576485094" lon="73.6998423189"><ele>-1.79</ele><time>2025-11-18T03:27:51Z</time><extensions><gpxtpx:TrackPointExtension><gpxtpx:cad>0</gpxtpx:cad></gpxtpx:TrackPointExtension></extensions></trkpt><trkpt lat="15.6577947736" lon="73.6998909339"><ele>-1.30</ele><time>2025-11-18T03:27:56Z</time><extensions><gpxtpx:TrackPointExtension><gpxtpx:cad>0</gpxtpx:cad></gpxtpx:TrackPointExtension></extensions></trkpt><trkpt lat="15.6579475757" lon="73.6999369506"><ele>-0.82</ele><time>2025-11-18T03:28:01Z</time><extensions><gpxtpx:TrackPointExtension><gpxtpx:cad>0</gpxtpx:cad></gpxtpx:TrackPointExtension></extensions></trkpt><trkpt lat="15.6580965221" lon="73.6999831349"><ele>-0.82</ele><time>2025-11-18T03:28:06Z</time><extensions><gpxtpx:TrackPointExtension><gpxtpx:cad>0</gpxtpx:cad></gpxtpx:TrackPointExtension></extensions></trkpt><trkpt lat="15.6582443789" lon="73.7000369467"><ele>-0.82</ele><time>2025-11-18T03:28:11Z</time><extensions><gpxtpx:TrackPointExtension><gpxtpx:cad>0</gpxtpx:cad></gpxtpx:TrackPointExtension></extensions></trkpt><trkpt lat="15.6583926547" lon="73.7000826281"><ele>-1.30</ele><time>2025-11-18T03:28:16Z</time><extensions><gpxtpx:TrackPointExtension><gpxtpx:cad>0</gpxtpx:cad></gpxtpx:TrackPointExtension></extensions></trkpt><trkpt lat="15.6585373264" lon="73.7001271360"><ele>-1.79</ele><time>2025-11-18T03:28:21Z</time><extensions><gpxtpx:TrackPointExtension><gpxtpx:cad>0</gpxtpx:cad></gpxtpx:TrackPointExtension></extensions></trkpt><trkpt lat="15.6586991809" lon="73.7001708057"><ele>-1.79</ele><time>2025-11-18T03:28:26Z</time><extensions><gpxtpx:TrackPointExtension><gpxtpx:cad>0</gpxtpx:cad></gpxtpx:TrackPointExtension></extensions></trkpt><trkpt lat="15.6588597782" lon="73.7002096139"><ele>-1.79</ele><time>2025-11-18T03:28:31Z</time><extensions><gpxtpx:TrackPointExtension><gpxtpx:cad>0</gpxtpx:cad></gpxtpx:TrackPointExtension></extensions></trkpt><trkpt lat="15.6590022705" lon="73.7002449855"><ele>-1.79</ele><time>2025-11-18T03:28:36Z</time><extensions><gpxtpx:TrackPointExtension><gpxtpx:cad>0</gpxtpx:cad></gpxtpx:TrackPointExtension></extensions></trkpt><trkpt lat="15.6591532286" lon="73.7002856378"><ele>-1.30</ele><time>2025-11-18T03:28:41Z</time><extensions><gpxtpx:TrackPointExtension><gpxtpx:cad>0</gpxtpx:cad></gpxtpx:TrackPointExtension></extensions></trkpt><trkpt lat="15.6593127362" lon="73.7003219314"><ele>-1.30</ele><time>2025-11-18T03:28:46Z</time><extensions><gpxtpx:TrackPointExtension><gpxtpx:cad>0</gpxtpx:cad></gpxtpx:TrackPointExtension></extensions></trkpt><trkpt lat="15.6594692264" lon="73.7003562972"><ele>-1.30</ele><time>2025-11-18T03:28:51Z</time><extensions><gpxtpx:TrackPointExtension><gpxtpx:cad>0</gpxtpx:cad></gpxtpx:TrackPointExtension></extensions></trkpt><trkpt lat="15.6596146524" lon="73.7003946025"><ele>-1.79</ele><time>2025-11-18T03:28:56Z</time><extensions><gpxtpx:TrackPointExtension><gpxtpx:cad>0</gpxtpx:cad></gpxtpx:TrackPointExtension></extensions></trkpt><trkpt lat="15.6597681250" lon="73.7004287168"><ele>-1.30</ele><time>2025-11-18T03:29:01Z</time><extensions><gpxtpx:TrackPointExtension><gpxtpx:cad>0</gpxtpx:cad></gpxtpx:TrackPointExtension></extensions></trkpt><trkpt lat="15.6599287223" lon="73.7004551198"><ele>-1.30</ele><time>2025-11-18T03:29:06Z</time><extensions><gpxtpx:TrackPointExtension><gpxtpx:cad>0</gpxtpx:cad></gpxtpx:TrackPointExtension></extensions></trkpt><trkpt lat="15.6600826140" lon="73.7004870549"><ele>-1.30</ele><time>2025-11-18T03:29:11Z</time><extensions><gpxtpx:TrackPointExtension><gpxtpx:cad>0</gpxtpx:cad></gpxtpx:TrackPointExtension></extensions></trkpt><trkpt lat="15.6602288783" lon="73.7005208340"><ele>-1.30</ele><time>2025-11-18T03:29:16Z</time><extensions><gpxtpx:TrackPointExtension><gpxtpx:cad>0</gpxtpx:cad></gpxtpx:TrackPointExtension></extensions></trkpt><trkpt lat="15.6603817642" lon="73.7005640846"><ele>-1.30</ele><time>2025-11-18T03:29:21Z</time><extensions><gpxtpx:TrackPointExtension><gpxtpx:cad>0</gpxtpx:cad></gpxtpx:TrackPointExtension></extensions></trkpt><trkpt lat="15.6605369970" lon="73.7006043177"><ele>-1.30</ele><time>2025-11-18T03:29:26Z</time><extensions><gpxtpx:TrackPointExtension><gpxtpx:cad>0</gpxtpx:cad></gpxtpx:TrackPointExtension></extensions></trkpt><trkpt lat="15.6606829260" lon="73.7006405275"><ele>-1.79</ele><time>2025-11-18T03:29:31Z</time><extensions><gpxtpx:TrackPointExtension><gpxtpx:cad>0</gpxtpx:cad></gpxtpx:TrackPointExtension></extensions></trkpt><trkpt lat="15.6608311180" lon="73.7006749772"><ele>-1.30</ele><time>2025-11-18T03:29:36Z</time><extensions><gpxtpx:TrackPointExtension><gpxtpx:cad>0</gpxtpx:cad></gpxtpx:TrackPointExtension></extensions></trkpt><trkpt lat="15.6609892845" lon="73.7007272802"><ele>-1.30</ele><time>2025-11-18T03:29:41Z</time><extensions><gpxtpx:TrackPointExtension><gpxtpx:cad>0</gpxtpx:cad></gpxtpx:TrackPointExtension></extensions></trkpt><trkpt lat="15.6611381471" lon="73.7007660884"><ele>-1.30</ele><time>2025-11-18T03:29:46Z</time><extensions><gpxtpx:TrackPointExtension><gpxtpx:cad>0</gpxtpx:cad></gpxtpx:TrackPointExtension></extensions></trkpt><trkpt lat="15.6612885185" lon="73.7008059025"><ele>-1.30</ele><time>2025-11-18T03:29:51Z</time><extensions><gpxtpx:TrackPointExtension><gpxtpx:cad>0</gpxtpx:cad></gpxtpx:TrackPointExtension></extensions></trkpt><trkpt lat="15.6614460982" lon="73.7008458842"><ele>-1.30</ele><time>2025-11-18T03:29:56Z</time><extensions><gpxtpx:TrackPointExtension><gpxtpx:cad>0</gpxtpx:cad></gpxtpx:TrackPointExtension></extensions></trkpt><trkpt lat="15.6616004091" lon="73.7008844409"><ele>-0.82</ele><time>2025-11-18T03:30:01Z</time><extensions><gpxtpx:TrackPointExtension><gpxtpx:cad>0</gpxtpx:cad></gpxtpx:TrackPointExtension></extensions></trkpt><trkpt lat="15.6617486849" lon="73.7009261828"><ele>-1.30</ele><time>2025-11-18T03:30:06Z</time><extensions><gpxtpx:TrackPointExtension><gpxtpx:cad>0</gpxtpx:cad></gpxtpx:TrackPointExtension></extensions></trkpt><trkpt lat="15.6619034987" lon="73.7009749655"><ele>-1.79</ele><time>2025-11-18T03:30:11Z</time><extensions><gpxtpx:TrackPointExtension><gpxtpx:cad>0</gpxtpx:cad></gpxtpx:TrackPointExtension></extensions></trkpt><trkpt lat="15.6620622519" lon="73.7010276038"><ele>-1.79</ele><time>2025-11-18T03:30:16Z</time><extensions><gpxtpx:TrackPointExtension><gpxtpx:cad>0</gpxtpx:cad></gpxtpx:TrackPointExtension></extensions></trkpt><trkpt lat="15.6622085162" lon="73.7010755483"><ele>-1.79</ele><time>2025-11-18T03:30:21Z</time><extensions><gpxtpx:TrackPointExtension><gpxtpx:cad>0</gpxtpx:cad></gpxtpx:TrackPointExtension></extensions></trkpt><trkpt lat="15.6623462308" lon="73.7011296116"><ele>-2.27</ele><time>2025-11-18T03:30:26Z</time><extensions><gpxtpx:TrackPointExtension><gpxtpx:cad>0</gpxtpx:cad></gpxtpx:TrackPointExtension></extensions></trkpt><trkpt lat="15.6624886394" lon="73.7011876982"><ele>-2.27</ele><time>2025-11-18T03:30:31Z</time><extensions><gpxtpx:TrackPointExtension><gpxtpx:cad>0</gpxtpx:cad></gpxtpx:TrackPointExtension></extensions></trkpt><trkpt lat="15.6626431178" lon="73.7012539990"><ele>-1.79</ele><time>2025-11-18T03:30:36Z</time><extensions><gpxtpx:TrackPointExtension><gpxtpx:cad>0</gpxtpx:cad></gpxtpx:TrackPointExtension></extensions></trkpt><trkpt lat="15.6627904717" lon="73.7013170309"><ele>-1.79</ele><time>2025-11-18T03:30:41Z</time><extensions><gpxtpx:TrackPointExtension><gpxtpx:cad>0</gpxtpx:cad></gpxtpx:TrackPointExtension></extensions></trkpt><trkpt lat="15.6629274320" lon="73.7013655622"><ele>-1.79</ele><time>2025-11-18T03:30:46Z</time><extensions><gpxtpx:TrackPointExtension><gpxtpx:cad>0</gpxtpx:cad></gpxtpx:TrackPointExtension></extensions></trkpt><trkpt lat="15.6630746182" lon="73.7014206313"><ele>-1.79</ele><time>2025-11-18T03:30:51Z</time><extensions><gpxtpx:TrackPointExtension><gpxtpx:cad>0</gpxtpx:cad></gpxtpx:TrackPointExtension></extensions></trkpt><trkpt lat="15.6632404123" lon="73.7014912907"><ele>-1.30</ele><time>2025-11-18T03:30:56Z</time><extensions><gpxtpx:TrackPointExtension><gpxtpx:cad>0</gpxtpx:cad></gpxtpx:TrackPointExtension></extensions></trkpt><trkpt lat="15.6633780431" lon="73.7015433423"><ele>-1.79</ele><time>2025-11-18T03:31:01Z</time><extensions><gpxtpx:TrackPointExtension><gpxtpx:cad>0</gpxtpx:cad></gpxtpx:TrackPointExtension></extensions></trkpt><trkpt lat="15.6635133270" lon="73.7015885208"><ele>-2.27</ele><time>2025-11-18T03:31:06Z</time><extensions><gpxtpx:TrackPointExtension><gpxtpx:cad>0</gpxtpx:cad></gpxtpx:TrackPointExtension></extensions></trkpt><trkpt lat="15.6636631954" lon="73.7016400695"><ele>-1.30</ele><time>2025-11-18T03:31:11Z</time><extensions><gpxtpx:TrackPointExtension><gpxtpx:cad>0</gpxtpx:cad></gpxtpx:TrackPointExtension></extensions></trkpt><trkpt lat="15.6638196018" lon="73.7016852479"><ele>-1.79</ele><time>2025-11-18T03:31:16Z</time><extensions><gpxtpx:TrackPointExtension><gpxtpx:cad>0</gpxtpx:cad></gpxtpx:TrackPointExtension></extensions></trkpt><trkpt lat="15.6639657822" lon="73.7017207034"><ele>-2.27</ele><time>2025-11-18T03:31:21Z</time><extensions><gpxtpx:TrackPointExtension><gpxtpx:cad>0</gpxtpx:cad></gpxtpx:TrackPointExtension></extensions></trkpt><trkpt lat="15.6641059276" lon="73.7017525546"><ele>-2.27</ele><time>2025-11-18T03:31:26Z</time><extensions><gpxtpx:TrackPointExtension><gpxtpx:cad>0</gpxtpx:cad></gpxtpx:TrackPointExtension></extensions></trkpt><trkpt lat="15.6642606575" lon="73.7017972302"><ele>-2.27</ele><time>2025-11-18T03:31:31Z</time><extensions><gpxtpx:TrackPointExtension><gpxtpx:cad>0</gpxtpx:cad></gpxtpx:TrackPointExtension></extensions></trkpt><trkpt lat="15.6644204166" lon="73.7018315122"><ele>-2.27</ele><time>2025-11-18T03:31:36Z</time><extensions><gpxtpx:TrackPointExtension><gpxtpx:cad>0</gpxtpx:cad></gpxtpx:TrackPointExtension></extensions></trkpt><trkpt lat="15.6645687763" lon="73.7018626928"><ele>-2.27</ele><time>2025-11-18T03:31:41Z</time><extensions><gpxtpx:TrackPointExtension><gpxtpx:cad>0</gpxtpx:cad></gpxtpx:TrackPointExtension></extensions></trkpt><trkpt lat="15.6647115201" lon="73.7019049376"><ele>-2.75</ele><time>2025-11-18T03:31:46Z</time><extensions><gpxtpx:TrackPointExtension><gpxtpx:cad>0</gpxtpx:cad></gpxtpx:TrackPointExtension></extensions></trkpt><trkpt lat="15.6648711953" lon="73.7019400578"><ele>-1.30</ele><time>2025-11-18T03:31:51Z</time><extensions><gpxtpx:TrackPointExtension><gpxtpx:cad>0</gpxtpx:cad></gpxtpx:TrackPointExtension></extensions></trkpt><trkpt lat="15.6650247518" lon="73.7019864097"><ele>-0.82</ele><time>2025-11-18T03:31:56Z</time><extensions><gpxtpx:TrackPointExtension><gpxtpx:cad>0</gpxtpx:cad></gpxtpx:TrackPointExtension></extensions></trkpt><trkpt lat="15.6651735306" lon="73.7020266429"><ele>-0.82</ele><time>2025-11-18T03:32:01Z</time><extensions><gpxtpx:TrackPointExtension><gpxtpx:cad>0</gpxtpx:cad></gpxtpx:TrackPointExtension></extensions></trkpt><trkpt lat="15.6653322000" lon="73.7020601705"><ele>-0.82</ele><time>2025-11-18T03:32:06Z</time><extensions><gpxtpx:TrackPointExtension><gpxtpx:cad>0</gpxtpx:cad></gpxtpx:TrackPointExtension></extensions></trkpt><trkpt lat="15.6654835772" lon="73.7020973861"><ele>-0.34</ele><time>2025-11-18T03:32:11Z</time><extensions><gpxtpx:TrackPointExtension><gpxtpx:cad>0</gpxtpx:cad></gpxtpx:TrackPointExtension></extensions></trkpt><trkpt lat="15.6656354573" lon="73.7021418102"><ele>-0.34</ele><time>2025-11-18T03:32:16Z</time><extensions><gpxtpx:TrackPointExtension><gpxtpx:cad>0</gpxtpx:cad></gpxtpx:TrackPointExtension></extensions></trkpt><trkpt lat="15.6657847390" lon="73.7021645252"><ele>0.14</ele><time>2025-11-18T03:32:21Z</time><extensions><gpxtpx:TrackPointExtension><gpxtpx:cad>0</gpxtpx:cad></gpxtpx:TrackPointExtension></extensions></trkpt><trkpt lat="15.6659465097" lon="73.7021884136"><ele>0.14</ele><time>2025-11-18T03:32:26Z</time><extensions><gpxtpx:TrackPointExtension><gpxtpx:cad>0</gpxtpx:cad></gpxtpx:TrackPointExtension></extensions></trkpt><trkpt lat="15.6660964619" lon="73.7022041716"><ele>0.62</ele><time>2025-11-18T03:32:31Z</time><extensions><gpxtpx:TrackPointExtension><gpxtpx:cad>0</gpxtpx:cad></gpxtpx:TrackPointExtension></extensions></trkpt><trkpt lat="15.6662498508" lon="73.7022156548"><ele>0.62</ele><time>2025-11-18T03:32:36Z</time><extensions><gpxtpx:TrackPointExtension><gpxtpx:cad>0</gpxtpx:cad></gpxtpx:TrackPointExtension></extensions></trkpt><trkpt lat="15.6664081011" lon="73.7022232823"><ele>0.62</ele><time>2025-11-18T03:32:41Z</time><extensions><gpxtpx:TrackPointExtension><gpxtpx:cad>0</gpxtpx:cad></gpxtpx:TrackPointExtension></extensions></trkpt><trkpt lat="15.6665684469" lon="73.7022399623"><ele>0.62</ele><time>2025-11-18T03:32:46Z</time><extensions><gpxtpx:TrackPointExtension><gpxtpx:cad>0</gpxtpx:cad></gpxtpx:TrackPointExtension></extensions></trkpt><trkpt lat="15.6667240150" lon="73.7022517808"><ele>0.62</ele><time>2025-11-18T03:32:51Z</time><extensions><gpxtpx:TrackPointExtension><gpxtpx:cad>0</gpxtpx:cad></gpxtpx:TrackPointExtension></extensions></trkpt><trkpt lat="15.6668819301" lon="73.7022553012"><ele>0.62</ele><time>2025-11-18T03:32:56Z</time><extensions><gpxtpx:TrackPointExtension><gpxtpx:cad>0</gpxtpx:cad></gpxtpx:TrackPointExtension></extensions></trkpt><trkpt lat="15.6670403481" lon="73.7022692990"><ele>1.10</ele><time>2025-11-18T03:33:01Z</time><extensions><gpxtpx:TrackPointExtension><gpxtpx:cad>0</gpxtpx:cad></gpxtpx:TrackPointExtension></extensions></trkpt><trkpt lat="15.6671953294" lon="73.7022732385"><ele>1.10</ele><time>2025-11-18T03:33:06Z</time><extensions><gpxtpx:TrackPointExtension><gpxtpx:cad>0</gpxtpx:cad></gpxtpx:TrackPointExtension></extensions></trkpt><trkpt lat="15.6673550885" lon="73.7022783514"><ele>1.10</ele><time>2025-11-18T03:33:11Z</time><extensions><gpxtpx:TrackPointExtension><gpxtpx:cad>0</gpxtpx:cad></gpxtpx:TrackPointExtension></extensions></trkpt><trkpt lat="15.6675120816" lon="73.7022954505"><ele>1.10</ele><time>2025-11-18T03:33:16Z</time><extensions><gpxtpx:TrackPointExtension><gpxtpx:cad>0</gpxtpx:cad></gpxtpx:TrackPointExtension></extensions></trkpt><trkpt lat="15.6676588487" lon="73.7023068499"><ele>1.10</ele><time>2025-11-18T03:33:21Z</time><extensions><gpxtpx:TrackPointExtension><gpxtpx:cad>0</gpxtpx:cad></gpxtpx:TrackPointExtension></extensions></trkpt><trkpt lat="15.6678085495" lon="73.7023310736"><ele>1.58</ele><time>2025-11-18T03:33:26Z</time><extensions><gpxtpx:TrackPointExtension><gpxtpx:cad>0</gpxtpx:cad></gpxtpx:TrackPointExtension></extensions></trkpt><trkpt lat="15.6679624412" lon="73.7023604102"><ele>1.10</ele><time>2025-11-18T03:33:31Z</time><extensions><gpxtpx:TrackPointExtension><gpxtpx:cad>0</gpxtpx:cad></gpxtpx:TrackPointExtension></extensions></trkpt><trkpt lat="15.6681102142" lon="73.7023746595"><ele>1.10</ele><time>2025-11-18T03:33:36Z</time><extensions><gpxtpx:TrackPointExtension><gpxtpx:cad>0</gpxtpx:cad></gpxtpx:TrackPointExtension></extensions></trkpt><trkpt lat="15.6682615075" lon="73.7023890764"><ele>1.10</ele><time>2025-11-18T03:33:41Z</time><extensions><gpxtpx:TrackPointExtension><gpxtpx:cad>0</gpxtpx:cad></gpxtpx:TrackPointExtension></extensions></trkpt><trkpt lat="15.6684226077" lon="73.7023986317"><ele>1.10</ele><time>2025-11-18T03:33:46Z</time><extensions><gpxtpx:TrackPointExtension><gpxtpx:cad>0</gpxtpx:cad></gpxtpx:TrackPointExtension></extensions></trkpt><trkpt lat="15.6685742363" lon="73.7024150603"><ele>0.62</ele><time>2025-11-18T03:33:51Z</time><extensions><gpxtpx:TrackPointExtension><gpxtpx:cad>0</gpxtpx:cad></gpxtpx:TrackPointExtension></extensions></trkpt><trkpt lat="15.6687297206" lon="73.7024238613"><ele>1.10</ele><time>2025-11-18T03:33:56Z</time><extensions><gpxtpx:TrackPointExtension><gpxtpx:cad>0</gpxtpx:cad></gpxtpx:TrackPointExtension></extensions></trkpt><trkpt lat="15.6688879710" lon="73.7024234422"><ele>1.58</ele><time>2025-11-18T03:34:01Z</time><extensions><gpxtpx:TrackPointExtension><gpxtpx:cad>0</gpxtpx:cad></gpxtpx:TrackPointExtension></extensions></trkpt><trkpt lat="15.6690493226" lon="73.7024134677"><ele>1.10</ele><time>2025-11-18T03:34:06Z</time><extensions><gpxtpx:TrackPointExtension><gpxtpx:cad>0</gpxtpx:cad></gpxtpx:TrackPointExtension></extensions></trkpt><trkpt lat="15.6691976823" lon="73.7024081033"><ele>1.10</ele><time>2025-11-18T03:34:11Z</time><extensions><gpxtpx:TrackPointExtension><gpxtpx:cad>0</gpxtpx:cad></gpxtpx:TrackPointExtension></extensions></trkpt><trkpt lat="15.6693503167" lon="73.7024099473"><ele>1.10</ele><time>2025-11-18T03:34:16Z</time><extensions><gpxtpx:TrackPointExtension><gpxtpx:cad>0</gpxtpx:cad></gpxtpx:TrackPointExtension></extensions></trkpt><trkpt lat="15.6695170328" lon="73.7024172395"><ele>1.10</ele><time>2025-11-18T03:34:21Z</time><extensions><gpxtpx:TrackPointExtension><gpxtpx:cad>0</gpxtpx:cad></gpxtpx:TrackPointExtension></extensions></trkpt><trkpt lat="15.6696707569" lon="73.7024013139"><ele>1.10</ele><time>2025-11-18T03:34:26Z</time><extensions><gpxtpx:TrackPointExtension><gpxtpx:cad>0</gpxtpx:cad></gpxtpx:TrackPointExtension></extensions></trkpt><trkpt lat="15.6698161829" lon="73.7023851369"><ele>0.62</ele><time>2025-11-18T03:34:31Z</time><extensions><gpxtpx:TrackPointExtension><gpxtpx:cad>0</gpxtpx:cad></gpxtpx:TrackPointExtension></extensions></trkpt><trkpt lat="15.6699763611" lon="73.7023826223"><ele>1.10</ele><time>2025-11-18T03:34:36Z</time><extensions><gpxtpx:TrackPointExtension><gpxtpx:cad>0</gpxtpx:cad></gpxtpx:TrackPointExtension></extensions></trkpt><trkpt lat="15.6701463461" lon="73.7023784313"><ele>1.58</ele><time>2025-11-18T03:34:41Z</time><extensions><gpxtpx:TrackPointExtension><gpxtpx:cad>0</gpxtpx:cad></gpxtpx:TrackPointExtension></extensions></trkpt><trkpt lat="15.6702980585" lon="73.7023708038"><ele>1.10</ele><time>2025-11-18T03:34:46Z</time><extensions><gpxtpx:TrackPointExtension><gpxtpx:cad>0</gpxtpx:cad></gpxtpx:TrackPointExtension></extensions></trkpt><trkpt lat="15.6704462506" lon="73.7023921777"><ele>1.10</ele><time>2025-11-18T03:34:51Z</time><extensions><gpxtpx:TrackPointExtension><gpxtpx:cad>0</gpxtpx:cad></gpxtpx:TrackPointExtension></extensions></trkpt><trkpt lat="15.6706149783" lon="73.7024085224"><ele>1.10</ele><time>2025-11-18T03:34:56Z</time><extensions><gpxtpx:TrackPointExtension><gpxtpx:cad>0</gpxtpx:cad></gpxtpx:TrackPointExtension></extensions></trkpt><trkpt lat="15.6707765814" lon="73.7024040800"><ele>1.10</ele><time>2025-11-18T03:35:01Z</time><extensions><gpxtpx:TrackPointExtension><gpxtpx:cad>0</gpxtpx:cad></gpxtpx:TrackPointExtension></extensions></trkpt><trkpt lat="15.6709159724" lon="73.7024018168"><ele>0.62</ele><time>2025-11-18T03:35:06Z</time><extensions><gpxtpx:TrackPointExtension><gpxtpx:cad>0</gpxtpx:cad></gpxtpx:TrackPointExtension></extensions></trkpt><trkpt lat="15.6710635778" lon="73.7023995537"><ele>1.10</ele><time>2025-11-18T03:35:11Z</time><extensions><gpxtpx:TrackPointExtension><gpxtpx:cad>0</gpxtpx:cad></gpxtpx:TrackPointExtension></extensions></trkpt><trkpt lat="15.6712157093" lon="73.7024014816"><ele>1.10</ele><time>2025-11-18T03:35:16Z</time><extensions><gpxtpx:TrackPointExtension><gpxtpx:cad>0</gpxtpx:cad></gpxtpx:TrackPointExtension></extensions></trkpt><trkpt lat="15.6713666674" lon="73.7023864780"><ele>1.10</ele><time>2025-11-18T03:35:21Z</time><extensions><gpxtpx:TrackPointExtension><gpxtpx:cad>0</gpxtpx:cad></gpxtpx:TrackPointExtension></extensions></trkpt><trkpt lat="15.6715165358" lon="73.7023853883"><ele>1.10</ele><time>2025-11-18T03:35:26Z</time><extensions><gpxtpx:TrackPointExtension><gpxtpx:cad>0</gpxtpx:cad></gpxtpx:TrackPointExtension></extensions></trkpt><trkpt lat="15.6716730259" lon="73.7024082709"><ele>1.58</ele><time>2025-11-18T03:35:31Z</time><extensions><gpxtpx:TrackPointExtension><gpxtpx:cad>0</gpxtpx:cad></gpxtpx:TrackPointExtension></extensions></trkpt><trkpt lat="15.6718319468" lon="73.7024147250"><ele>1.58</ele><time>2025-11-18T03:35:36Z</time><extensions><gpxtpx:TrackPointExtension><gpxtpx:cad>0</gpxtpx:cad></gpxtpx:TrackPointExtension></extensions></trkpt><trkpt lat="15.6719881855" lon="73.7024053372"><ele>1.58</ele><time>2025-11-18T03:35:41Z</time><extensions><gpxtpx:TrackPointExtension><gpxtpx:cad>0</gpxtpx:cad></gpxtpx:TrackPointExtension></extensions></trkpt><trkpt lat="15.6721420772" lon="73.7023839634"><ele>1.10</ele><time>2025-11-18T03:35:46Z</time><extensions><gpxtpx:TrackPointExtension><gpxtpx:cad>0</gpxtpx:cad></gpxtpx:TrackPointExtension></extensions></trkpt><trkpt lat="15.6723035965" lon="73.7023779284"><ele>0.62</ele><time>2025-11-18T03:35:51Z</time><extensions><gpxtpx:TrackPointExtension><gpxtpx:cad>0</gpxtpx:cad></gpxtpx:TrackPointExtension></extensions></trkpt><trkpt lat="15.6724641938" lon="73.7023619190"><ele>0.62</ele><time>2025-11-18T03:35:56Z</time><extensions><gpxtpx:TrackPointExtension><gpxtpx:cad>0</gpxtpx:cad></gpxtpx:TrackPointExtension></extensions></trkpt><trkpt lat="15.6726285629" lon="73.7023579795"><ele>0.62</ele><time>2025-11-18T03:36:01Z</time><extensions><gpxtpx:TrackPointExtension><gpxtpx:cad>0</gpxtpx:cad></gpxtpx:TrackPointExtension></extensions></trkpt><trkpt lat="15.6727867294" lon="73.7023610808"><ele>0.62</ele><time>2025-11-18T03:36:06Z</time><extensions><gpxtpx:TrackPointExtension><gpxtpx:cad>0</gpxtpx:cad></gpxtpx:TrackPointExtension></extensions></trkpt><trkpt lat="15.6729472429" lon="73.7023682892"><ele>1.10</ele><time>2025-11-18T03:36:11Z</time><extensions><gpxtpx:TrackPointExtension><gpxtpx:cad>0</gpxtpx:cad></gpxtpx:TrackPointExtension></extensions></trkpt><trkpt lat="15.6731015537" lon="73.7023640145"><ele>1.10</ele><time>2025-11-18T03:36:16Z</time><extensions><gpxtpx:TrackPointExtension><gpxtpx:cad>0</gpxtpx:cad></gpxtpx:TrackPointExtension></extensions></trkpt><trkpt lat="15.6732552778" lon="73.7023617513"><ele>1.10</ele><time>2025-11-18T03:36:21Z</time><extensions><gpxtpx:TrackPointExtension><gpxtpx:cad>0</gpxtpx:cad></gpxtpx:TrackPointExtension></extensions></trkpt><trkpt lat="15.6734136958" lon="73.7023537885"><ele>1.10</ele><time>2025-11-18T03:36:26Z</time><extensions><gpxtpx:TrackPointExtension><gpxtpx:cad>0</gpxtpx:cad></gpxtpx:TrackPointExtension></extensions></trkpt><trkpt lat="15.6735745445" lon="73.7023430597"><ele>0.62</ele><time>2025-11-18T03:36:31Z</time><extensions><gpxtpx:TrackPointExtension><gpxtpx:cad>0</gpxtpx:cad></gpxtpx:TrackPointExtension></extensions></trkpt><trkpt lat="15.6737299450" lon="73.7023313250"><ele>0.62</ele><time>2025-11-18T03:36:36Z</time><extensions><gpxtpx:TrackPointExtension><gpxtpx:cad>0</gpxtpx:cad></gpxtpx:TrackPointExtension></extensions></trkpt><trkpt lat="15.6738866866" lon="73.7023220211"><ele>0.62</ele><time>2025-11-18T03:36:41Z</time><extensions><gpxtpx:TrackPointExtension><gpxtpx:cad>0</gpxtpx:cad></gpxtpx:TrackPointExtension></extensions></trkpt><trkpt lat="15.6740433443" lon="73.7023114599"><ele>0.62</ele><time>2025-11-18T03:36:46Z</time><extensions><gpxtpx:TrackPointExtension><gpxtpx:cad>0</gpxtpx:cad></gpxtpx:TrackPointExtension></extensions></trkpt><trkpt lat="15.6742080487" lon="73.7023012340"><ele>0.62</ele><time>2025-11-18T03:36:51Z</time><extensions><gpxtpx:TrackPointExtension><gpxtpx:cad>0</gpxtpx:cad></gpxtpx:TrackPointExtension></extensions></trkpt><trkpt lat="15.6743711606" lon="73.7022787705"><ele>0.62</ele><time>2025-11-18T03:36:56Z</time><extensions><gpxtpx:TrackPointExtension><gpxtpx:cad>0</gpxtpx:cad></gpxtpx:TrackPointExtension></extensions></trkpt><trkpt lat="15.6745245494" lon="73.7022423930"><ele>1.10</ele><time>2025-11-18T03:37:01Z</time><extensions><gpxtpx:TrackPointExtension><gpxtpx:cad>0</gpxtpx:cad></gpxtpx:TrackPointExtension></extensions></trkpt><trkpt lat="15.6746741664" lon="73.7022107933"><ele>2.06</ele><time>2025-11-18T03:37:06Z</time><extensions><gpxtpx:TrackPointExtension><gpxtpx:cad>0</gpxtpx:cad></gpxtpx:TrackPointExtension></extensions></trkpt><trkpt lat="15.6748201791" lon="73.7021637708"><ele>2.06</ele><time>2025-11-18T03:37:11Z</time><extensions><gpxtpx:TrackPointExtension><gpxtpx:cad>0</gpxtpx:cad></gpxtpx:TrackPointExtension></extensions></trkpt><trkpt lat="15.6749778427" lon="73.7021175865"><ele>2.54</ele><time>2025-11-18T03:37:16Z</time><extensions><gpxtpx:TrackPointExtension><gpxtpx:cad>0</gpxtpx:cad></gpxtpx:TrackPointExtension></extensions></trkpt><trkpt lat="15.6751288008" lon="73.7020821311"><ele>2.54</ele><time>2025-11-18T03:37:21Z</time><extensions><gpxtpx:TrackPointExtension><gpxtpx:cad>0</gpxtpx:cad></gpxtpx:TrackPointExtension></extensions></trkpt><trkpt lat="15.6752812676" lon="73.7020305824"><ele>1.58</ele><time>2025-11-18T03:37:26Z</time><extensions><gpxtpx:TrackPointExtension><gpxtpx:cad>0</gpxtpx:cad></gpxtpx:TrackPointExtension></extensions></trkpt><trkpt lat="15.6754347403" lon="73.7019834761"><ele>1.58</ele><time>2025-11-18T03:37:31Z</time><extensions><gpxtpx:TrackPointExtension><gpxtpx:cad>0</gpxtpx:cad></gpxtpx:TrackPointExtension></extensions></trkpt><trkpt lat="15.6755888835" lon="73.7019464280"><ele>1.58</ele><time>2025-11-18T03:37:36Z</time><extensions><gpxtpx:TrackPointExtension><gpxtpx:cad>0</gpxtpx:cad></gpxtpx:TrackPointExtension></extensions></trkpt><trkpt lat="15.6757432781" lon="73.7018860783"><ele>1.10</ele><time>2025-11-18T03:37:41Z</time><extensions><gpxtpx:TrackPointExtension><gpxtpx:cad>0</gpxtpx:cad></gpxtpx:TrackPointExtension></extensions></trkpt><trkpt lat="15.6758918054" lon="73.7018265668"><ele>1.58</ele><time>2025-11-18T03:37:46Z</time><extensions><gpxtpx:TrackPointExtension><gpxtpx:cad>0</gpxtpx:cad></gpxtpx:TrackPointExtension></extensions></trkpt><trkpt lat="15.6760514807" lon="73.7017897703"><ele>1.58</ele><time>2025-11-18T03:37:51Z</time><extensions><gpxtpx:TrackPointExtension><gpxtpx:cad>0</gpxtpx:cad></gpxtpx:TrackPointExtension></extensions></trkpt><trkpt lat="15.6762057077" lon="73.7017339468"><ele>1.10</ele><time>2025-11-18T03:37:56Z</time><extensions><gpxtpx:TrackPointExtension><gpxtpx:cad>0</gpxtpx:cad></gpxtpx:TrackPointExtension></extensions></trkpt><trkpt lat="15.6763434224" lon="73.7016632035"><ele>1.10</ele><time>2025-11-18T03:38:01Z</time><extensions><gpxtpx:TrackPointExtension><gpxtpx:cad>0</gpxtpx:cad></gpxtpx:TrackPointExtension></extensions></trkpt><trkpt lat="15.6764756050" lon="73.7015824858"><ele>0.62</ele><time>2025-11-18T03:38:06Z</time><extensions><gpxtpx:TrackPointExtension><gpxtpx:cad>0</gpxtpx:cad></gpxtpx:TrackPointExtension></extensions></trkpt><trkpt lat="15.6766260602" lon="73.7015228905"><ele>0.62</ele><time>2025-11-18T03:38:11Z</time><extensions><gpxtpx:TrackPointExtension><gpxtpx:cad>0</gpxtpx:cad></gpxtpx:TrackPointExtension></extensions></trkpt><trkpt lat="15.6767815445" lon="73.7014867645"><ele>0.62</ele><time>2025-11-18T03:38:16Z</time><extensions><gpxtpx:TrackPointExtension><gpxtpx:cad>0</gpxtpx:cad></gpxtpx:TrackPointExtension></extensions></trkpt><trkpt lat="15.6769293174" lon="73.7014814839"><ele>0.62</ele><time>2025-11-18T03:38:21Z</time><extensions><gpxtpx:TrackPointExtension><gpxtpx:cad>0</gpxtpx:cad></gpxtpx:TrackPointExtension></extensions></trkpt><trkpt lat="15.6770726480" lon="73.7015276682"><ele>0.62</ele><time>2025-11-18T03:38:26Z</time><extensions><gpxtpx:TrackPointExtension><gpxtpx:cad>0</gpxtpx:cad></gpxtpx:TrackPointExtension></extensions></trkpt><trkpt lat="15.6772226840" lon="73.7015726790"><ele>0.62</ele><time>2025-11-18T03:38:31Z</time><extensions><gpxtpx:TrackPointExtension><gpxtpx:cad>0</gpxtpx:cad></gpxtpx:TrackPointExtension></extensions></trkpt><trkpt lat="15.6773832813" lon="73.7016040273"><ele>0.62</ele><time>2025-11-18T03:38:36Z</time><extensions><gpxtpx:TrackPointExtension><gpxtpx:cad>0</gpxtpx:cad></gpxtpx:TrackPointExtension></extensions></trkpt><trkpt lat="15.6775424536" lon="73.7016284186"><ele>0.62</ele><time>2025-11-18T03:38:41Z</time><extensions><gpxtpx:TrackPointExtension><gpxtpx:cad>0</gpxtpx:cad></gpxtpx:TrackPointExtension></extensions></trkpt><trkpt lat="15.6777022127" lon="73.7016370520"><ele>0.14</ele><time>2025-11-18T03:38:46Z</time><extensions><gpxtpx:TrackPointExtension><gpxtpx:cad>0</gpxtpx:cad></gpxtpx:TrackPointExtension></extensions></trkpt><trkpt lat="15.6778587028" lon="73.7016219646"><ele>0.14</ele><time>2025-11-18T03:38:51Z</time><extensions><gpxtpx:TrackPointExtension><gpxtpx:cad>0</gpxtpx:cad></gpxtpx:TrackPointExtension></extensions></trkpt><trkpt lat="15.6780152768" lon="73.7016067095"><ele>0.14</ele><time>2025-11-18T03:38:56Z</time><extensions><gpxtpx:TrackPointExtension><gpxtpx:cad>0</gpxtpx:cad></gpxtpx:TrackPointExtension></extensions></trkpt><trkpt lat="15.6781790592" lon="73.7016037758"><ele>0.14</ele><time>2025-11-18T03:39:01Z</time><extensions><gpxtpx:TrackPointExtension><gpxtpx:cad>0</gpxtpx:cad></gpxtpx:TrackPointExtension></extensions></trkpt><trkpt lat="15.6783423387" lon="73.7016146723"><ele>-0.34</ele><time>2025-11-18T03:39:06Z</time><extensions><gpxtpx:TrackPointExtension><gpxtpx:cad>0</gpxtpx:cad></gpxtpx:TrackPointExtension></extensions></trkpt><trkpt lat="15.6784996670" lon="73.7016147561"><ele>-0.34</ele><time>2025-11-18T03:39:11Z</time><extensions><gpxtpx:TrackPointExtension><gpxtpx:cad>0</gpxtpx:cad></gpxtpx:TrackPointExtension></extensions></trkpt><trkpt lat="15.6786497869" lon="73.7015960645"><ele>-0.82</ele><time>2025-11-18T03:39:16Z</time><extensions><gpxtpx:TrackPointExtension><gpxtpx:cad>0</gpxtpx:cad></gpxtpx:TrackPointExtension></extensions></trkpt><trkpt lat="15.6787856575" lon="73.7015256565"><ele>-0.82</ele><time>2025-11-18T03:39:21Z</time><extensions><gpxtpx:TrackPointExtension><gpxtpx:cad>0</gpxtpx:cad></gpxtpx:TrackPointExtension></extensions></trkpt><trkpt lat="15.6789013278" lon="73.7014101539"><ele>-0.34</ele><time>2025-11-18T03:39:26Z</time><extensions><gpxtpx:TrackPointExtension><gpxtpx:cad>0</gpxtpx:cad></gpxtpx:TrackPointExtension></extensions></trkpt><trkpt lat="15.6790137291" lon="73.7012923043"><ele>0.14</ele><time>2025-11-18T03:39:31Z</time><extensions><gpxtpx:TrackPointExtension><gpxtpx:cad>0</gpxtpx:cad></gpxtpx:TrackPointExtension></extensions></trkpt><trkpt lat="15.6791304890" lon="73.7011782266"><ele>0.62</ele><time>2025-11-18T03:39:36Z</time><extensions><gpxtpx:TrackPointExtension><gpxtpx:cad>0</gpxtpx:cad></gpxtpx:TrackPointExtension></extensions></trkpt><trkpt lat="15.6792355981" lon="73.7010529172"><ele>0.62</ele><time>2025-11-18T03:39:41Z</time><extensions><gpxtpx:TrackPointExtension><gpxtpx:cad>0</gpxtpx:cad></gpxtpx:TrackPointExtension></extensions></trkpt><trkpt lat="15.6793509331" lon="73.7009398453"><ele>1.10</ele><time>2025-11-18T03:39:46Z</time><extensions><gpxtpx:TrackPointExtension><gpxtpx:cad>0</gpxtpx:cad></gpxtpx:TrackPointExtension></extensions></trkpt><trkpt lat="15.6794612389" lon="73.7008143682"><ele>1.10</ele><time>2025-11-18T03:39:51Z</time><extensions><gpxtpx:TrackPointExtension><gpxtpx:cad>0</gpxtpx:cad></gpxtpx:TrackPointExtension></extensions></trkpt><trkpt lat="15.6795759872" lon="73.7006917410"><ele>1.58</ele><time>2025-11-18T03:39:56Z</time><extensions><gpxtpx:TrackPointExtension><gpxtpx:cad>0</gpxtpx:cad></gpxtpx:TrackPointExtension></extensions></trkpt><trkpt lat="15.6796902325" lon="73.7005788367"><ele>1.58</ele><time>2025-11-18T03:40:01Z</time><extensions><gpxtpx:TrackPointExtension><gpxtpx:cad>0</gpxtpx:cad></gpxtpx:TrackPointExtension></extensions></trkpt><trkpt lat="15.6798022147" lon="73.7004569639"><ele>1.58</ele><time>2025-11-18T03:40:06Z</time><extensions><gpxtpx:TrackPointExtension><gpxtpx:cad>0</gpxtpx:cad></gpxtpx:TrackPointExtension></extensions></trkpt><trkpt lat="15.6799050607" lon="73.7003308162"><ele>1.58</ele><time>2025-11-18T03:40:11Z</time><extensions><gpxtpx:TrackPointExtension><gpxtpx:cad>0</gpxtpx:cad></gpxtpx:TrackPointExtension></extensions></trkpt><trkpt lat="15.6800139416" lon="73.7002124637"><ele>1.58</ele><time>2025-11-18T03:40:16Z</time><extensions><gpxtpx:TrackPointExtension><gpxtpx:cad>0</gpxtpx:cad></gpxtpx:TrackPointExtension></extensions></trkpt><trkpt lat="15.6801246665" lon="73.7000895012"><ele>1.10</ele><time>2025-11-18T03:40:21Z</time><extensions><gpxtpx:TrackPointExtension><gpxtpx:cad>0</gpxtpx:cad></gpxtpx:TrackPointExtension></extensions></trkpt><trkpt lat="15.6802331284" lon="73.6999720708"><ele>1.10</ele><time>2025-11-18T03:40:26Z</time><extensions><gpxtpx:TrackPointExtension><gpxtpx:cad>0</gpxtpx:cad></gpxtpx:TrackPointExtension></extensions></trkpt><trkpt lat="15.6803412549" lon="73.6998480186"><ele>1.10</ele><time>2025-11-18T03:40:31Z</time><extensions><gpxtpx:TrackPointExtension><gpxtpx:cad>0</gpxtpx:cad></gpxtpx:TrackPointExtension></extensions></trkpt><trkpt lat="15.6804434303" lon="73.6997118965"><ele>1.10</ele><time>2025-11-18T03:40:36Z</time><extensions><gpxtpx:TrackPointExtension><gpxtpx:cad>0</gpxtpx:cad></gpxtpx:TrackPointExtension></extensions></trkpt><trkpt lat="15.6805613637" lon="73.6995994952"><ele>1.10</ele><time>2025-11-18T03:40:41Z</time><extensions><gpxtpx:TrackPointExtension><gpxtpx:cad>0</gpxtpx:cad></gpxtpx:TrackPointExtension></extensions></trkpt><trkpt lat="15.6806730945" lon="73.6994833220"><ele>0.62</ele><time>2025-11-18T03:40:46Z</time><extensions><gpxtpx:TrackPointExtension><gpxtpx:cad>0</gpxtpx:cad></gpxtpx:TrackPointExtension></extensions></trkpt><trkpt lat="15.6807807181" lon="73.6993621197"><ele>0.62</ele><time>2025-11-18T03:40:51Z</time><extensions><gpxtpx:TrackPointExtension><gpxtpx:cad>0</gpxtpx:cad></gpxtpx:TrackPointExtension></extensions></trkpt><trkpt lat="15.6808875874" lon="73.6992330384"><ele>-0.34</ele><time>2025-11-18T03:40:56Z</time><extensions><gpxtpx:TrackPointExtension><gpxtpx:cad>0</gpxtpx:cad></gpxtpx:TrackPointExtension></extensions></trkpt><trkpt lat="15.6809973903" lon="73.6991084833"><ele>-0.34</ele><time>2025-11-18T03:41:01Z</time><extensions><gpxtpx:TrackPointExtension><gpxtpx:cad>0</gpxtpx:cad></gpxtpx:TrackPointExtension></extensions></trkpt><trkpt lat="15.6811105460" lon="73.6989886221"><ele>-0.34</ele><time>2025-11-18T03:41:06Z</time><extensions><gpxtpx:TrackPointExtension><gpxtpx:cad>0</gpxtpx:cad></gpxtpx:TrackPointExtension></extensions></trkpt><trkpt lat="15.6812299043" lon="73.6988849379"><ele>0.14</ele><time>2025-11-18T03:41:11Z</time><extensions><gpxtpx:TrackPointExtension><gpxtpx:cad>0</gpxtpx:cad></gpxtpx:TrackPointExtension></extensions></trkpt><trkpt lat="15.6813488435" lon="73.6987779848"><ele>-0.82</ele><time>2025-11-18T03:41:16Z</time><extensions><gpxtpx:TrackPointExtension><gpxtpx:cad>0</gpxtpx:cad></gpxtpx:TrackPointExtension></extensions></trkpt><trkpt lat="15.6814687885" lon="73.6986696906"><ele>-0.82</ele><time>2025-11-18T03:41:21Z</time><extensions><gpxtpx:TrackPointExtension><gpxtpx:cad>0</gpxtpx:cad></gpxtpx:TrackPointExtension></extensions></trkpt><trkpt lat="15.6815725565" lon="73.6985416990"><ele>-0.82</ele><time>2025-11-18T03:41:26Z</time><extensions><gpxtpx:TrackPointExtension><gpxtpx:cad>0</gpxtpx:cad></gpxtpx:TrackPointExtension></extensions></trkpt><trkpt lat="15.6816763245" lon="73.6984087620"><ele>-0.34</ele><time>2025-11-18T03:41:31Z</time><extensions><gpxtpx:TrackPointExtension><gpxtpx:cad>0</gpxtpx:cad></gpxtpx:TrackPointExtension></extensions></trkpt><trkpt lat="15.6817700341" lon="73.6982775852"><ele>-0.34</ele><time>2025-11-18T03:41:36Z</time><extensions><gpxtpx:TrackPointExtension><gpxtpx:cad>0</gpxtpx:cad></gpxtpx:TrackPointExtension></extensions></trkpt><trkpt lat="15.6818712875" lon="73.6981492583"><ele>0.14</ele><time>2025-11-18T03:41:41Z</time><extensions><gpxtpx:TrackPointExtension><gpxtpx:cad>0</gpxtpx:cad></gpxtpx:TrackPointExtension></extensions></trkpt><trkpt lat="15.6819765642" lon="73.6980230268"><ele>0.14</ele><time>2025-11-18T03:41:46Z</time><extensions><gpxtpx:TrackPointExtension><gpxtpx:cad>0</gpxtpx:cad></gpxtpx:TrackPointExtension></extensions></trkpt><trkpt lat="15.6820810027" lon="73.6979012378"><ele>0.14</ele><time>2025-11-18T03:41:51Z</time><extensions><gpxtpx:TrackPointExtension><gpxtpx:cad>0</gpxtpx:cad></gpxtpx:TrackPointExtension></extensions></trkpt><trkpt lat="15.6821843516" lon="73.6977727432"><ele>0.14</ele><time>2025-11-18T03:41:56Z</time><extensions><gpxtpx:TrackPointExtension><gpxtpx:cad>0</gpxtpx:cad></gpxtpx:TrackPointExtension></extensions></trkpt><trkpt lat="15.6822827552" lon="73.6976394709"><ele>0.14</ele><time>2025-11-18T03:42:01Z</time><extensions><gpxtpx:TrackPointExtension><gpxtpx:cad>0</gpxtpx:cad></gpxtpx:TrackPointExtension></extensions></trkpt><trkpt lat="15.6823744532" lon="73.6975014210"><ele>0.14</ele><time>2025-11-18T03:42:06Z</time><extensions><gpxtpx:TrackPointExtension><gpxtpx:cad>0</gpxtpx:cad></gpxtpx:TrackPointExtension></extensions></trkpt><trkpt lat="15.6824603677" lon="73.6973545700"><ele>0.62</ele><time>2025-11-18T03:42:11Z</time><extensions><gpxtpx:TrackPointExtension><gpxtpx:cad>0</gpxtpx:cad></gpxtpx:TrackPointExtension></extensions></trkpt><trkpt lat="15.6825456955" lon="73.6972152628"><ele>0.62</ele><time>2025-11-18T03:42:16Z</time><extensions><gpxtpx:TrackPointExtension><gpxtpx:cad>0</gpxtpx:cad></gpxtpx:TrackPointExtension></extensions></trkpt><trkpt lat="15.6826280896" lon="73.6970723514"><ele>0.62</ele><time>2025-11-18T03:42:21Z</time><extensions><gpxtpx:TrackPointExtension><gpxtpx:cad>0</gpxtpx:cad></gpxtpx:TrackPointExtension></extensions></trkpt><trkpt lat="15.6827060413" lon="73.6969314516"><ele>0.62</ele><time>2025-11-18T03:42:26Z</time><extensions><gpxtpx:TrackPointExtension><gpxtpx:cad>0</gpxtpx:cad></gpxtpx:TrackPointExtension></extensions></trkpt><trkpt lat="15.6827594340" lon="73.6967833433"><ele>0.62</ele><time>2025-11-18T03:42:31Z</time><extensions><gpxtpx:TrackPointExtension><gpxtpx:cad>0</gpxtpx:cad></gpxtpx:TrackPointExtension></extensions></trkpt><trkpt lat="15.6828172691" lon="73.6966227461"><ele>0.62</ele><time>2025-11-18T03:42:36Z</time><extensions><gpxtpx:TrackPointExtension><gpxtpx:cad>0</gpxtpx:cad></gpxtpx:TrackPointExtension></extensions></trkpt><trkpt lat="15.6828733440" lon="73.6964720394"><ele>1.10</ele><time>2025-11-18T03:42:41Z</time><extensions><gpxtpx:TrackPointExtension><gpxtpx:cad>0</gpxtpx:cad></gpxtpx:TrackPointExtension></extensions></trkpt><trkpt lat="15.6829372142" lon="73.6963163037"><ele>0.62</ele><time>2025-11-18T03:42:46Z</time><extensions><gpxtpx:TrackPointExtension><gpxtpx:cad>0</gpxtpx:cad></gpxtpx:TrackPointExtension></extensions></trkpt><trkpt lat="15.6830097176" lon="73.6961641721"><ele>0.14</ele><time>2025-11-18T03:42:51Z</time><extensions><gpxtpx:TrackPointExtension><gpxtpx:cad>0</gpxtpx:cad></gpxtpx:TrackPointExtension></extensions></trkpt><trkpt lat="15.6830918603" lon="73.6960200034"><ele>-0.34</ele><time>2025-11-18T03:42:56Z</time><extensions><gpxtpx:TrackPointExtension><gpxtpx:cad>0</gpxtpx:cad></gpxtpx:TrackPointExtension></extensions></trkpt><trkpt lat="15.6831716560" lon="73.6958736554"><ele>-0.34</ele><time>2025-11-18T03:43:01Z</time><extensions><gpxtpx:TrackPointExtension><gpxtpx:cad>0</gpxtpx:cad></gpxtpx:TrackPointExtension></extensions></trkpt><trkpt lat="15.6832580734" lon="73.6957371980"><ele>0.14</ele><time>2025-11-18T03:43:06Z</time><extensions><gpxtpx:TrackPointExtension><gpxtpx:cad>0</gpxtpx:cad></gpxtpx:TrackPointExtension></extensions></trkpt><trkpt lat="15.6833521184" lon="73.6955966335"><ele>0.14</ele><time>2025-11-18T03:43:11Z</time><extensions><gpxtpx:TrackPointExtension><gpxtpx:cad>0</gpxtpx:cad></gpxtpx:TrackPointExtension></extensions></trkpt><trkpt lat="15.6834291480" lon="73.6954516266"><ele>0.62</ele><time>2025-11-18T03:43:16Z</time><extensions><gpxtpx:TrackPointExtension><gpxtpx:cad>0</gpxtpx:cad></gpxtpx:TrackPointExtension></extensions></trkpt><trkpt lat="15.6835138891" lon="73.6953206174"><ele>1.10</ele><time>2025-11-18T03:43:21Z</time><extensions><gpxtpx:TrackPointExtension><gpxtpx:cad>0</gpxtpx:cad></gpxtpx:TrackPointExtension></extensions></trkpt><trkpt lat="15.6835905835" lon="73.6951717548"><ele>0.14</ele><time>2025-11-18T03:43:26Z</time><extensions><gpxtpx:TrackPointExtension><gpxtpx:cad>0</gpxtpx:cad></gpxtpx:TrackPointExtension></extensions></trkpt><trkpt lat="15.6836675294" lon="73.6950284243"><ele>-0.34</ele><time>2025-11-18T03:43:31Z</time><extensions><gpxtpx:TrackPointExtension><gpxtpx:cad>0</gpxtpx:cad></gpxtpx:TrackPointExtension></extensions></trkpt><trkpt lat="15.6837459002" lon="73.6948853452"><ele>-0.34</ele><time>2025-11-18T03:43:36Z</time><extensions><gpxtpx:TrackPointExtension><gpxtpx:cad>0</gpxtpx:cad></gpxtpx:TrackPointExtension></extensions></trkpt><trkpt lat="15.6838228460" lon="73.6947374884"><ele>-0.82</ele><time>2025-11-18T03:43:41Z</time><extensions><gpxtpx:TrackPointExtension><gpxtpx:cad>0</gpxtpx:cad></gpxtpx:TrackPointExtension></extensions></trkpt><trkpt lat="15.6838989537" lon="73.6945914757"><ele>-0.82</ele><time>2025-11-18T03:43:46Z</time><extensions><gpxtpx:TrackPointExtension><gpxtpx:cad>0</gpxtpx:cad></gpxtpx:TrackPointExtension></extensions></trkpt><trkpt lat="15.6839808449" lon="73.6944520846"><ele>-1.30</ele><time>2025-11-18T03:43:51Z</time><extensions><gpxtpx:TrackPointExtension><gpxtpx:cad>0</gpxtpx:cad></gpxtpx:TrackPointExtension></extensions></trkpt><trkpt lat="15.6840587128" lon="73.6943105143"><ele>-1.30</ele><time>2025-11-18T03:43:56Z</time><extensions><gpxtpx:TrackPointExtension><gpxtpx:cad>0</gpxtpx:cad></gpxtpx:TrackPointExtension></extensions></trkpt><trkpt lat="15.6841395143" lon="73.6941680219"><ele>-0.82</ele><time>2025-11-18T03:44:01Z</time><extensions><gpxtpx:TrackPointExtension><gpxtpx:cad>0</gpxtpx:cad></gpxtpx:TrackPointExtension></extensions></trkpt><trkpt lat="15.6842252612" lon="73.6940333247"><ele>-0.82</ele><time>2025-11-18T03:44:06Z</time><extensions><gpxtpx:TrackPointExtension><gpxtpx:cad>0</gpxtpx:cad></gpxtpx:TrackPointExtension></extensions></trkpt><trkpt lat="15.6843091641" lon="73.6938951910"><ele>-0.82</ele><time>2025-11-18T03:44:11Z</time><extensions><gpxtpx:TrackPointExtension><gpxtpx:cad>0</gpxtpx:cad></gpxtpx:TrackPointExtension></extensions></trkpt><trkpt lat="15.6844006944" lon="73.6937545426"><ele>-1.30</ele><time>2025-11-18T03:44:16Z</time><extensions><gpxtpx:TrackPointExtension><gpxtpx:cad>0</gpxtpx:cad></gpxtpx:TrackPointExtension></extensions></trkpt><trkpt lat="15.6844912190" lon="73.6936250422"><ele>-1.30</ele><time>2025-11-18T03:44:21Z</time><extensions><gpxtpx:TrackPointExtension><gpxtpx:cad>0</gpxtpx:cad></gpxtpx:TrackPointExtension></extensions></trkpt><trkpt lat="15.6845767982" lon="73.6934812926"><ele>-0.82</ele><time>2025-11-18T03:44:26Z</time><extensions><gpxtpx:TrackPointExtension><gpxtpx:cad>0</gpxtpx:cad></gpxtpx:TrackPointExtension></extensions></trkpt><trkpt lat="15.6846697535" lon="73.6933479365"><ele>0.14</ele><time>2025-11-18T03:44:31Z</time><extensions><gpxtpx:TrackPointExtension><gpxtpx:cad>0</gpxtpx:cad></gpxtpx:TrackPointExtension></extensions></trkpt><trkpt lat="15.6847573444" lon="73.6932123173"><ele>-0.34</ele><time>2025-11-18T03:44:36Z</time><extensions><gpxtpx:TrackPointExtension><gpxtpx:cad>0</gpxtpx:cad></gpxtpx:TrackPointExtension></extensions></trkpt><trkpt lat="15.6848477852" lon="73.6930806376"><ele>-0.34</ele><time>2025-11-18T03:44:41Z</time><extensions><gpxtpx:TrackPointExtension><gpxtpx:cad>0</gpxtpx:cad></gpxtpx:TrackPointExtension></extensions></trkpt><trkpt lat="15.6849294249" lon="73.6929409951"><ele>-0.82</ele><time>2025-11-18T03:44:46Z</time><extensions><gpxtpx:TrackPointExtension><gpxtpx:cad>0</gpxtpx:cad></gpxtpx:TrackPointExtension></extensions></trkpt><trkpt lat="15.6850157585" lon="73.6927965749"><ele>-1.30</ele><time>2025-11-18T03:44:51Z</time><extensions><gpxtpx:TrackPointExtension><gpxtpx:cad>0</gpxtpx:cad></gpxtpx:TrackPointExtension></extensions></trkpt><trkpt lat="15.6851052772" lon="73.6926653143"><ele>-1.30</ele><time>2025-11-18T03:44:56Z</time><extensions><gpxtpx:TrackPointExtension><gpxtpx:cad>0</gpxtpx:cad></gpxtpx:TrackPointExtension></extensions></trkpt><trkpt lat="15.6851906888" lon="73.6925237440"><ele>-1.79</ele><time>2025-11-18T03:45:01Z</time><extensions><gpxtpx:TrackPointExtension><gpxtpx:cad>0</gpxtpx:cad></gpxtpx:TrackPointExtension></extensions></trkpt><trkpt lat="15.6852781959" lon="73.6923894659"><ele>-0.82</ele><time>2025-11-18T03:45:06Z</time><extensions><gpxtpx:TrackPointExtension><gpxtpx:cad>0</gpxtpx:cad></gpxtpx:TrackPointExtension></extensions></trkpt><trkpt lat="15.6853731629" lon="73.6922618095"><ele>-1.30</ele><time>2025-11-18T03:45:11Z</time><extensions><gpxtpx:TrackPointExtension><gpxtpx:cad>0</gpxtpx:cad></gpxtpx:TrackPointExtension></extensions></trkpt><trkpt lat="15.6854653638" lon="73.6921294592"><ele>-1.30</ele><time>2025-11-18T03:45:16Z</time><extensions><gpxtpx:TrackPointExtension><gpxtpx:cad>0</gpxtpx:cad></gpxtpx:TrackPointExtension></extensions></trkpt><trkpt lat="15.6855665334" lon="73.6920061614"><ele>-0.82</ele><time>2025-11-18T03:45:21Z</time><extensions><gpxtpx:TrackPointExtension><gpxtpx:cad>0</gpxtpx:cad></gpxtpx:TrackPointExtension></extensions></trkpt><trkpt lat="15.6856753305" lon="73.6918773316"><ele>-0.82</ele><time>2025-11-18T03:45:26Z</time><extensions><gpxtpx:TrackPointExtension><gpxtpx:cad>0</gpxtpx:cad></gpxtpx:TrackPointExtension></extensions></trkpt><trkpt lat="15.6857788470" lon="73.6917478312"><ele>-0.34</ele><time>2025-11-18T03:45:31Z</time><extensions><gpxtpx:TrackPointExtension><gpxtpx:cad>0</gpxtpx:cad></gpxtpx:TrackPointExtension></extensions></trkpt><trkpt lat="15.6858730596" lon="73.6916192528"><ele>-0.34</ele><time>2025-11-18T03:45:36Z</time><extensions><gpxtpx:TrackPointExtension><gpxtpx:cad>0</gpxtpx:cad></gpxtpx:TrackPointExtension></extensions></trkpt><trkpt lat="15.6859650090" lon="73.6914870702"><ele>-0.34</ele><time>2025-11-18T03:45:41Z</time><extensions><gpxtpx:TrackPointExtension><gpxtpx:cad>0</gpxtpx:cad></gpxtpx:TrackPointExtension></extensions></trkpt><trkpt lat="15.6860431284" lon="73.6913397163"><ele>-0.34</ele><time>2025-11-18T03:45:46Z</time><extensions><gpxtpx:TrackPointExtension><gpxtpx:cad>0</gpxtpx:cad></gpxtpx:TrackPointExtension></extensions></trkpt><trkpt lat="15.6861185655" lon="73.6911981460"><ele>0.14</ele><time>2025-11-18T03:45:51Z</time><extensions><gpxtpx:TrackPointExtension><gpxtpx:cad>0</gpxtpx:cad></gpxtpx:TrackPointExtension></extensions></trkpt><trkpt lat="15.6862018816" lon="73.6910572462"><ele>0.14</ele><time>2025-11-18T03:45:56Z</time><extensions><gpxtpx:TrackPointExtension><gpxtpx:cad>0</gpxtpx:cad></gpxtpx:TrackPointExtension></extensions></trkpt><trkpt lat="15.6862906460" lon="73.6909222137"><ele>-0.34</ele><time>2025-11-18T03:46:01Z</time><extensions><gpxtpx:TrackPointExtension><gpxtpx:cad>0</gpxtpx:cad></gpxtpx:TrackPointExtension></extensions></trkpt><trkpt lat="15.6863928214" lon="73.6907975748"><ele>-0.34</ele><time>2025-11-18T03:46:06Z</time><extensions><gpxtpx:TrackPointExtension><gpxtpx:cad>0</gpxtpx:cad></gpxtpx:TrackPointExtension></extensions></trkpt><trkpt lat="15.6864874531" lon="73.6906610336"><ele>-0.34</ele><time>2025-11-18T03:46:11Z</time><extensions><gpxtpx:TrackPointExtension><gpxtpx:cad>0</gpxtpx:cad></gpxtpx:TrackPointExtension></extensions></trkpt><trkpt lat="15.6865804084" lon="73.6905277614"><ele>-0.34</ele><time>2025-11-18T03:46:16Z</time><extensions><gpxtpx:TrackPointExtension><gpxtpx:cad>0</gpxtpx:cad></gpxtpx:TrackPointExtension></extensions></trkpt><trkpt lat="15.6866797339" lon="73.6903908849"><ele>-0.34</ele><time>2025-11-18T03:46:21Z</time><extensions><gpxtpx:TrackPointExtension><gpxtpx:cad>0</gpxtpx:cad></gpxtpx:TrackPointExtension></extensions></trkpt><trkpt lat="15.6867770478" lon="73.6902560201"><ele>-0.82</ele><time>2025-11-18T03:46:26Z</time><extensions><gpxtpx:TrackPointExtension><gpxtpx:cad>0</gpxtpx:cad></gpxtpx:TrackPointExtension></extensions></trkpt><trkpt lat="15.6868861802" lon="73.6901422776"><ele>-0.34</ele><time>2025-11-18T03:46:31Z</time><extensions><gpxtpx:TrackPointExtension><gpxtpx:cad>0</gpxtpx:cad></gpxtpx:TrackPointExtension></extensions></trkpt><trkpt lat="15.6869959831" lon="73.6900230870"><ele>0.14</ele><time>2025-11-18T03:46:36Z</time><extensions><gpxtpx:TrackPointExtension><gpxtpx:cad>0</gpxtpx:cad></gpxtpx:TrackPointExtension></extensions></trkpt><trkpt lat="15.6871093065" lon="73.6899020523"><ele>0.14</ele><time>2025-11-18T03:46:41Z</time><extensions><gpxtpx:TrackPointExtension><gpxtpx:cad>0</gpxtpx:cad></gpxtpx:TrackPointExtension></extensions></trkpt><trkpt lat="15.6872144155" lon="73.6897799280"><ele>0.14</ele><time>2025-11-18T03:46:46Z</time><extensions><gpxtpx:TrackPointExtension><gpxtpx:cad>0</gpxtpx:cad></gpxtpx:TrackPointExtension></extensions></trkpt><trkpt lat="15.6873140763" lon="73.6896521877"><ele>-0.34</ele><time>2025-11-18T03:46:51Z</time><extensions><gpxtpx:TrackPointExtension><gpxtpx:cad>0</gpxtpx:cad></gpxtpx:TrackPointExtension></extensions></trkpt><trkpt lat="15.6874137372" lon="73.6895180773"><ele>-0.34</ele><time>2025-11-18T03:46:56Z</time><extensions><gpxtpx:TrackPointExtension><gpxtpx:cad>0</gpxtpx:cad></gpxtpx:TrackPointExtension></extensions></trkpt><trkpt lat="15.6875073630" lon="73.6893828772"><ele>-0.34</ele><time>2025-11-18T03:47:01Z</time><extensions><gpxtpx:TrackPointExtension><gpxtpx:cad>0</gpxtpx:cad></gpxtpx:TrackPointExtension></extensions></trkpt><trkpt lat="15.6875872426" lon="73.6892427318"><ele>-0.34</ele><time>2025-11-18T03:47:06Z</time><extensions><gpxtpx:TrackPointExtension><gpxtpx:cad>0</gpxtpx:cad></gpxtpx:TrackPointExtension></extensions></trkpt><trkpt lat="15.6876600813" lon="73.6890952103"><ele>-0.34</ele><time>2025-11-18T03:47:11Z</time><extensions><gpxtpx:TrackPointExtension><gpxtpx:cad>0</gpxtpx:cad></gpxtpx:TrackPointExtension></extensions></trkpt><trkpt lat="15.6877180841" lon="73.6889397260"><ele>-0.34</ele><time>2025-11-18T03:47:16Z</time><extensions><gpxtpx:TrackPointExtension><gpxtpx:cad>0</gpxtpx:cad></gpxtpx:TrackPointExtension></extensions></trkpt><trkpt lat="15.6877630949" lon="73.6887808051"><ele>-0.82</ele><time>2025-11-18T03:47:21Z</time><extensions><gpxtpx:TrackPointExtension><gpxtpx:cad>0</gpxtpx:cad></gpxtpx:TrackPointExtension></extensions></trkpt><trkpt lat="15.6877977960" lon="73.6886159331"><ele>-0.82</ele><time>2025-11-18T03:47:26Z</time><extensions><gpxtpx:TrackPointExtension><gpxtpx:cad>0</gpxtpx:cad></gpxtpx:TrackPointExtension></extensions></trkpt><trkpt lat="15.6878241990" lon="73.6884561740"><ele>-0.34</ele><time>2025-11-18T03:47:31Z</time><extensions><gpxtpx:TrackPointExtension><gpxtpx:cad>0</gpxtpx:cad></gpxtpx:TrackPointExtension></extensions></trkpt><trkpt lat="15.6878813636" lon="73.6882997677"><ele>-0.34</ele><time>2025-11-18T03:47:36Z</time><extensions><gpxtpx:TrackPointExtension><gpxtpx:cad>0</gpxtpx:cad></gpxtpx:TrackPointExtension></extensions></trkpt><trkpt lat="15.6879743189" lon="73.6881852709"><ele>0.14</ele><time>2025-11-18T03:47:41Z</time><extensions><gpxtpx:TrackPointExtension><gpxtpx:cad>0</gpxtpx:cad></gpxtpx:TrackPointExtension></extensions></trkpt><trkpt lat="15.6880758237" lon="73.6880566087"><ele>-0.34</ele><time>2025-11-18T03:47:46Z</time><extensions><gpxtpx:TrackPointExtension><gpxtpx:cad>0</gpxtpx:cad></gpxtpx:TrackPointExtension></extensions></trkpt><trkpt lat="15.6881769095" lon="73.6879213247"><ele>-0.34</ele><time>2025-11-18T03:47:51Z</time><extensions><gpxtpx:TrackPointExtension><gpxtpx:cad>0</gpxtpx:cad></gpxtpx:TrackPointExtension></extensions></trkpt><trkpt lat="15.6882868800" lon="73.6878049001"><ele>-0.34</ele><time>2025-11-18T03:47:56Z</time><extensions><gpxtpx:TrackPointExtension><gpxtpx:cad>0</gpxtpx:cad></gpxtpx:TrackPointExtension></extensions></trkpt><trkpt lat="15.6884209905" lon="73.6877428740"><ele>-0.34</ele><time>2025-11-18T03:48:01Z</time><extensions><gpxtpx:TrackPointExtension><gpxtpx:cad>0</gpxtpx:cad></gpxtpx:TrackPointExtension></extensions></trkpt><trkpt lat="15.6885711942" lon="73.6877393536"><ele>-0.34</ele><time>2025-11-18T03:48:06Z</time><extensions><gpxtpx:TrackPointExtension><gpxtpx:cad>0</gpxtpx:cad></gpxtpx:TrackPointExtension></extensions></trkpt><trkpt lat="15.6887320429" lon="73.6877525132"><ele>0.14</ele><time>2025-11-18T03:48:11Z</time><extensions><gpxtpx:TrackPointExtension><gpxtpx:cad>0</gpxtpx:cad></gpxtpx:TrackPointExtension></extensions></trkpt><trkpt lat="15.6888850965" lon="73.6877568718"><ele>0.14</ele><time>2025-11-18T03:48:16Z</time><extensions><gpxtpx:TrackPointExtension><gpxtpx:cad>0</gpxtpx:cad></gpxtpx:TrackPointExtension></extensions></trkpt><trkpt lat="15.6890347973" lon="73.6877572071"><ele>0.62</ele><time>2025-11-18T03:48:21Z</time><extensions><gpxtpx:TrackPointExtension><gpxtpx:cad>0</gpxtpx:cad></gpxtpx:TrackPointExtension></extensions></trkpt><trkpt lat="15.6891912036" lon="73.6877748929"><ele>1.10</ele><time>2025-11-18T03:48:26Z</time><extensions><gpxtpx:TrackPointExtension><gpxtpx:cad>0</gpxtpx:cad></gpxtpx:TrackPointExtension></extensions></trkpt><trkpt lat="15.6893516332" lon="73.6877975240"><ele>1.58</ele><time>2025-11-18T03:48:31Z</time><extensions><gpxtpx:TrackPointExtension><gpxtpx:cad>0</gpxtpx:cad></gpxtpx:TrackPointExtension></extensions></trkpt><trkpt lat="15.6895044353" lon="73.6878201552"><ele>1.10</ele><time>2025-11-18T03:48:36Z</time><extensions><gpxtpx:TrackPointExtension><gpxtpx:cad>0</gpxtpx:cad></gpxtpx:TrackPointExtension></extensions></trkpt><trkpt lat="15.6896572374" lon="73.6878404394"><ele>1.10</ele><time>2025-11-18T03:48:41Z</time><extensions><gpxtpx:TrackPointExtension><gpxtpx:cad>0</gpxtpx:cad></gpxtpx:TrackPointExtension></extensions></trkpt><trkpt lat="15.6898130570" lon="73.6878527608"><ele>1.58</ele><time>2025-11-18T03:48:46Z</time><extensions><gpxtpx:TrackPointExtension><gpxtpx:cad>0</gpxtpx:cad></gpxtpx:TrackPointExtension></extensions></trkpt><trkpt lat="15.6899688765" lon="73.6878708657"><ele>1.58</ele><time>2025-11-18T03:48:51Z</time><extensions><gpxtpx:TrackPointExtension><gpxtpx:cad>0</gpxtpx:cad></gpxtpx:TrackPointExtension></extensions></trkpt><trkpt lat="15.6901174039" lon="73.6878871266"><ele>1.58</ele><time>2025-11-18T03:48:56Z</time><extensions><gpxtpx:TrackPointExtension><gpxtpx:cad>0</gpxtpx:cad></gpxtpx:TrackPointExtension></extensions></trkpt><trkpt lat="15.6902717985" lon="73.6879013758"><ele>1.10</ele><time>2025-11-18T03:49:01Z</time><extensions><gpxtpx:TrackPointExtension><gpxtpx:cad>0</gpxtpx:cad></gpxtpx:TrackPointExtension></extensions></trkpt><trkpt lat="15.6904292107" lon="73.6879217438"><ele>1.58</ele><time>2025-11-18T03:49:06Z</time><extensions><gpxtpx:TrackPointExtension><gpxtpx:cad>0</gpxtpx:cad></gpxtpx:TrackPointExtension></extensions></trkpt><trkpt lat="15.6905834377" lon="73.6879385915"><ele>1.58</ele><time>2025-11-18T03:49:11Z</time><extensions><gpxtpx:TrackPointExtension><gpxtpx:cad>0</gpxtpx:cad></gpxtpx:TrackPointExtension></extensions></trkpt><trkpt lat="15.6907358207" lon="73.6879611388"><ele>1.58</ele><time>2025-11-18T03:49:16Z</time><extensions><gpxtpx:TrackPointExtension><gpxtpx:cad>0</gpxtpx:cad></gpxtpx:TrackPointExtension></extensions></trkpt><trkpt lat="15.6908885390" lon="73.6879955046"><ele>1.58</ele><time>2025-11-18T03:49:21Z</time><extensions><gpxtpx:TrackPointExtension><gpxtpx:cad>0</gpxtpx:cad></gpxtpx:TrackPointExtension></extensions></trkpt><trkpt lat="15.6910467893" lon="73.6880315468"><ele>1.10</ele><time>2025-11-18T03:49:26Z</time><extensions><gpxtpx:TrackPointExtension><gpxtpx:cad>0</gpxtpx:cad></gpxtpx:TrackPointExtension></extensions></trkpt><trkpt lat="15.6911974959" lon="73.6880607996"><ele>1.10</ele><time>2025-11-18T03:49:31Z</time><extensions><gpxtpx:TrackPointExtension><gpxtpx:cad>0</gpxtpx:cad></gpxtpx:TrackPointExtension></extensions></trkpt><trkpt lat="15.6913486216" lon="73.6880861968"><ele>1.10</ele><time>2025-11-18T03:49:36Z</time><extensions><gpxtpx:TrackPointExtension><gpxtpx:cad>0</gpxtpx:cad></gpxtpx:TrackPointExtension></extensions></trkpt><trkpt lat="15.6915079616" lon="73.6881118454"><ele>1.58</ele><time>2025-11-18T03:49:41Z</time><extensions><gpxtpx:TrackPointExtension><gpxtpx:cad>0</gpxtpx:cad></gpxtpx:TrackPointExtension></extensions></trkpt><trkpt lat="15.6916649546" lon="73.6881387513"><ele>1.58</ele><time>2025-11-18T03:49:46Z</time><extensions><gpxtpx:TrackPointExtension><gpxtpx:cad>0</gpxtpx:cad></gpxtpx:TrackPointExtension></extensions></trkpt><trkpt lat="15.6918229535" lon="73.6881562695"><ele>1.58</ele><time>2025-11-18T03:49:51Z</time><extensions><gpxtpx:TrackPointExtension><gpxtpx:cad>0</gpxtpx:cad></gpxtpx:TrackPointExtension></extensions></trkpt><trkpt lat="15.6919651944" lon="73.6881736200"><ele>1.58</ele><time>2025-11-18T03:49:56Z</time><extensions><gpxtpx:TrackPointExtension><gpxtpx:cad>0</gpxtpx:cad></gpxtpx:TrackPointExtension></extensions></trkpt><trkpt lat="15.6921131350" lon="73.6882022861"><ele>2.06</ele><time>2025-11-18T03:50:01Z</time><extensions><gpxtpx:TrackPointExtension><gpxtpx:cad>0</gpxtpx:cad></gpxtpx:TrackPointExtension></extensions></trkpt><trkpt lat="15.6922752410" lon="73.6882296111"><ele>2.54</ele><time>2025-11-18T03:50:06Z</time><extensions><gpxtpx:TrackPointExtension><gpxtpx:cad>0</gpxtpx:cad></gpxtpx:TrackPointExtension></extensions></trkpt><trkpt lat="15.6924306415" lon="73.6882537510"><ele>1.58</ele><time>2025-11-18T03:50:11Z</time><extensions><gpxtpx:TrackPointExtension><gpxtpx:cad>0</gpxtpx:cad></gpxtpx:TrackPointExtension></extensions></trkpt><trkpt lat="15.6925758999" lon="73.6882806569"><ele>1.58</ele><time>2025-11-18T03:50:16Z</time><extensions><gpxtpx:TrackPointExtension><gpxtpx:cad>0</gpxtpx:cad></gpxtpx:TrackPointExtension></extensions></trkpt><trkpt lat="15.6927276123" lon="73.6883127596"><ele>2.06</ele><time>2025-11-18T03:50:21Z</time><extensions><gpxtpx:TrackPointExtension><gpxtpx:cad>0</gpxtpx:cad></gpxtpx:TrackPointExtension></extensions></trkpt><trkpt lat="15.6928877067" lon="73.6883494724"><ele>2.54</ele><time>2025-11-18T03:50:26Z</time><extensions><gpxtpx:TrackPointExtension><gpxtpx:cad>0</gpxtpx:cad></gpxtpx:TrackPointExtension></extensions></trkpt><trkpt lat="15.6930437777" lon="73.6883842573"><ele>2.54</ele><time>2025-11-18T03:50:31Z</time><extensions><gpxtpx:TrackPointExtension><gpxtpx:cad>0</gpxtpx:cad></gpxtpx:TrackPointExtension></extensions></trkpt><trkpt lat="15.6931895390" lon="73.6884097382"><ele>2.54</ele><time>2025-11-18T03:50:36Z</time><extensions><gpxtpx:TrackPointExtension><gpxtpx:cad>0</gpxtpx:cad></gpxtpx:TrackPointExtension></extensions></trkpt><trkpt lat="15.6933425087" lon="73.6884408351"><ele>2.54</ele><time>2025-11-18T03:50:41Z</time><extensions><gpxtpx:TrackPointExtension><gpxtpx:cad>0</gpxtpx:cad></gpxtpx:TrackPointExtension></extensions></trkpt><trkpt lat="15.6935015135" lon="73.6884764582"><ele>2.54</ele><time>2025-11-18T03:50:46Z</time><extensions><gpxtpx:TrackPointExtension><gpxtpx:cad>0</gpxtpx:cad></gpxtpx:TrackPointExtension></extensions></trkpt><trkpt lat="15.6936558243" lon="73.6885054596"><ele>2.06</ele><time>2025-11-18T03:50:51Z</time><extensions><gpxtpx:TrackPointExtension><gpxtpx:cad>0</gpxtpx:cad></gpxtpx:TrackPointExtension></extensions></trkpt><trkpt lat="15.6937955506" lon="73.6885349639"><ele>2.06</ele><time>2025-11-18T03:50:56Z</time><extensions><gpxtpx:TrackPointExtension><gpxtpx:cad>0</gpxtpx:cad></gpxtpx:TrackPointExtension></extensions></trkpt><trkpt lat="15.6939438265" lon="73.6885679048"><ele>2.06</ele><time>2025-11-18T03:51:01Z</time><extensions><gpxtpx:TrackPointExtension><gpxtpx:cad>0</gpxtpx:cad></gpxtpx:TrackPointExtension></extensions></trkpt><trkpt lat="15.6941016577" lon="73.6885857582"><ele>2.06</ele><time>2025-11-18T03:51:06Z</time><extensions><gpxtpx:TrackPointExtension><gpxtpx:cad>0</gpxtpx:cad></gpxtpx:TrackPointExtension></extensions></trkpt><trkpt lat="15.6942604110" lon="73.6885999236"><ele>2.06</ele><time>2025-11-18T03:51:11Z</time><extensions><gpxtpx:TrackPointExtension><gpxtpx:cad>0</gpxtpx:cad></gpxtpx:TrackPointExtension></extensions></trkpt><trkpt lat="15.6944119558" lon="73.6886190344"><ele>2.06</ele><time>2025-11-18T03:51:16Z</time><extensions><gpxtpx:TrackPointExtension><gpxtpx:cad>0</gpxtpx:cad></gpxtpx:TrackPointExtension></extensions></trkpt><trkpt lat="15.6945597287" lon="73.6886414979"><ele>2.06</ele><time>2025-11-18T03:51:21Z</time><extensions><gpxtpx:TrackPointExtension><gpxtpx:cad>0</gpxtpx:cad></gpxtpx:TrackPointExtension></extensions></trkpt><trkpt lat="15.6947277859" lon="73.6886760313"><ele>2.06</ele><time>2025-11-18T03:51:26Z</time><extensions><gpxtpx:TrackPointExtension><gpxtpx:cad>0</gpxtpx:cad></gpxtpx:TrackPointExtension></extensions></trkpt><trkpt lat="15.6948857848" lon="73.6886982433"><ele>2.06</ele><time>2025-11-18T03:51:31Z</time><extensions><gpxtpx:TrackPointExtension><gpxtpx:cad>0</gpxtpx:cad></gpxtpx:TrackPointExtension></extensions></trkpt><trkpt lat="15.6950314622" lon="73.6887082178"><ele>2.06</ele><time>2025-11-18T03:51:36Z</time><extensions><gpxtpx:TrackPointExtension><gpxtpx:cad>0</gpxtpx:cad></gpxtpx:TrackPointExtension></extensions></trkpt><trkpt lat="15.6951866113" lon="73.6887311842"><ele>2.06</ele><time>2025-11-18T03:51:41Z</time><extensions><gpxtpx:TrackPointExtension><gpxtpx:cad>0</gpxtpx:cad></gpxtpx:TrackPointExtension></extensions></trkpt><trkpt lat="15.6953503098" lon="73.6887492053"><ele>2.06</ele><time>2025-11-18T03:51:46Z</time><extensions><gpxtpx:TrackPointExtension><gpxtpx:cad>0</gpxtpx:cad></gpxtpx:TrackPointExtension></extensions></trkpt><trkpt lat="15.6955047883" lon="73.6887621973"><ele>2.06</ele><time>2025-11-18T03:51:51Z</time><extensions><gpxtpx:TrackPointExtension><gpxtpx:cad>0</gpxtpx:cad></gpxtpx:TrackPointExtension></extensions></trkpt><trkpt lat="15.6956458557" lon="73.6887849960"><ele>2.06</ele><time>2025-11-18T03:51:56Z</time><extensions><gpxtpx:TrackPointExtension><gpxtpx:cad>0</gpxtpx:cad></gpxtpx:TrackPointExtension></extensions></trkpt><trkpt lat="15.6958041061" lon="73.6888087168"><ele>2.06</ele><time>2025-11-18T03:52:01Z</time><extensions><gpxtpx:TrackPointExtension><gpxtpx:cad>0</gpxtpx:cad></gpxtpx:TrackPointExtension></extensions></trkpt><trkpt lat="15.6959576625" lon="73.6888412386"><ele>1.58</ele><time>2025-11-18T03:52:06Z</time><extensions><gpxtpx:TrackPointExtension><gpxtpx:cad>0</gpxtpx:cad></gpxtpx:TrackPointExtension></extensions></trkpt><trkpt lat="15.6961066928" lon="73.6888767779"><ele>1.58</ele><time>2025-11-18T03:52:11Z</time><extensions><gpxtpx:TrackPointExtension><gpxtpx:cad>0</gpxtpx:cad></gpxtpx:TrackPointExtension></extensions></trkpt><trkpt lat="15.6962608360" lon="73.6889148317"><ele>2.06</ele><time>2025-11-18T03:52:16Z</time><extensions><gpxtpx:TrackPointExtension><gpxtpx:cad>0</gpxtpx:cad></gpxtpx:TrackPointExtension></extensions></trkpt><trkpt lat="15.6964039151" lon="73.6889438331"><ele>2.06</ele><time>2025-11-18T03:52:21Z</time><extensions><gpxtpx:TrackPointExtension><gpxtpx:cad>0</gpxtpx:cad></gpxtpx:TrackPointExtension></extensions></trkpt><trkpt lat="15.6965577230" lon="73.6889754329"><ele>1.10</ele><time>2025-11-18T03:52:26Z</time><extensions><gpxtpx:TrackPointExtension><gpxtpx:cad>0</gpxtpx:cad></gpxtpx:TrackPointExtension></extensions></trkpt><trkpt lat="15.6967148837" lon="73.6889968067"><ele>1.10</ele><time>2025-11-18T03:52:31Z</time><extensions><gpxtpx:TrackPointExtension><gpxtpx:cad>0</gpxtpx:cad></gpxtpx:TrackPointExtension></extensions></trkpt><trkpt lat="15.6968712062" lon="73.6890203599"><ele>0.62</ele><time>2025-11-18T03:52:36Z</time><extensions><gpxtpx:TrackPointExtension><gpxtpx:cad>0</gpxtpx:cad></gpxtpx:TrackPointExtension></extensions></trkpt><trkpt lat="15.6970358267" lon="73.6890462600"><ele>0.62</ele><time>2025-11-18T03:52:41Z</time><extensions><gpxtpx:TrackPointExtension><gpxtpx:cad>0</gpxtpx:cad></gpxtpx:TrackPointExtension></extensions></trkpt><trkpt lat="15.6971892994" lon="73.6890811287"><ele>1.10</ele><time>2025-11-18T03:52:46Z</time><extensions><gpxtpx:TrackPointExtension><gpxtpx:cad>0</gpxtpx:cad></gpxtpx:TrackPointExtension></extensions></trkpt><trkpt lat="15.6973415148" lon="73.6891289055"><ele>1.58</ele><time>2025-11-18T03:52:51Z</time><extensions><gpxtpx:TrackPointExtension><gpxtpx:cad>0</gpxtpx:cad></gpxtpx:TrackPointExtension></extensions></trkpt><trkpt lat="15.6974834204" lon="73.6891663726"><ele>1.58</ele><time>2025-11-18T03:52:56Z</time><extensions><gpxtpx:TrackPointExtension><gpxtpx:cad>0</gpxtpx:cad></gpxtpx:TrackPointExtension></extensions></trkpt><trkpt lat="15.6976430956" lon="73.6891843937"><ele>1.58</ele><time>2025-11-18T03:53:01Z</time><extensions><gpxtpx:TrackPointExtension><gpxtpx:cad>0</gpxtpx:cad></gpxtpx:TrackPointExtension></extensions></trkpt><trkpt lat="15.6978030223" lon="73.6892048456"><ele>2.06</ele><time>2025-11-18T03:53:06Z</time><extensions><gpxtpx:TrackPointExtension><gpxtpx:cad>0</gpxtpx:cad></gpxtpx:TrackPointExtension></extensions></trkpt><trkpt lat="15.6979496218" lon="73.6892279796"><ele>2.06</ele><time>2025-11-18T03:53:11Z</time><extensions><gpxtpx:TrackPointExtension><gpxtpx:cad>0</gpxtpx:cad></gpxtpx:TrackPointExtension></extensions></trkpt><trkpt lat="15.6981005799" lon="73.6892438214"><ele>2.54</ele><time>2025-11-18T03:53:16Z</time><extensions><gpxtpx:TrackPointExtension><gpxtpx:cad>0</gpxtpx:cad></gpxtpx:TrackPointExtension></extensions></trkpt><trkpt lat="15.6982538011" lon="73.6892575677"><ele>1.10</ele><time>2025-11-18T03:53:21Z</time><extensions><gpxtpx:TrackPointExtension><gpxtpx:cad>0</gpxtpx:cad></gpxtpx:TrackPointExtension></extensions></trkpt><trkpt lat="15.6984014064" lon="73.6892687995"><ele>0.14</ele><time>2025-11-18T03:53:26Z</time><extensions><gpxtpx:TrackPointExtension><gpxtpx:cad>0</gpxtpx:cad></gpxtpx:TrackPointExtension></extensions></trkpt><trkpt lat="15.6985537056" lon="73.6892861500"><ele>-0.82</ele><time>2025-11-18T03:53:31Z</time><extensions><gpxtpx:TrackPointExtension><gpxtpx:cad>0</gpxtpx:cad></gpxtpx:TrackPointExtension></extensions></trkpt><trkpt lat="15.6987108663" lon="73.6892878264"><ele>-0.82</ele><time>2025-11-18T03:53:36Z</time><extensions><gpxtpx:TrackPointExtension><gpxtpx:cad>0</gpxtpx:cad></gpxtpx:TrackPointExtension></extensions></trkpt><trkpt lat="15.6988804322" lon="73.6893081106"><ele>0.14</ele><time>2025-11-18T03:53:41Z</time><extensions><gpxtpx:TrackPointExtension><gpxtpx:cad>0</gpxtpx:cad></gpxtpx:TrackPointExtension></extensions></trkpt><trkpt lat="15.6990351621" lon="73.6893174984"><ele>0.62</ele><time>2025-11-18T03:53:46Z</time><extensions><gpxtpx:TrackPointExtension><gpxtpx:cad>0</gpxtpx:cad></gpxtpx:TrackPointExtension></extensions></trkpt><trkpt lat="15.6991871260" lon="73.6893238686"><ele>1.10</ele><time>2025-11-18T03:53:51Z</time><extensions><gpxtpx:TrackPointExtension><gpxtpx:cad>0</gpxtpx:cad></gpxtpx:TrackPointExtension></extensions></trkpt><trkpt lat="15.6993457116" lon="73.6893425602"><ele>1.58</ele><time>2025-11-18T03:53:56Z</time><extensions><gpxtpx:TrackPointExtension><gpxtpx:cad>0</gpxtpx:cad></gpxtpx:TrackPointExtension></extensions></trkpt><trkpt lat="15.6994976755" lon="73.6893616710"><ele>1.58</ele><time>2025-11-18T03:54:01Z</time><extensions><gpxtpx:TrackPointExtension><gpxtpx:cad>0</gpxtpx:cad></gpxtpx:TrackPointExtension></extensions></trkpt><trkpt lat="15.6996451970" lon="73.6893758364"><ele>1.10</ele><time>2025-11-18T03:54:06Z</time><extensions><gpxtpx:TrackPointExtension><gpxtpx:cad>0</gpxtpx:cad></gpxtpx:TrackPointExtension></extensions></trkpt><trkpt lat="15.6997923832" lon="73.6893886607"><ele>1.10</ele><time>2025-11-18T03:54:11Z</time><extensions><gpxtpx:TrackPointExtension><gpxtpx:cad>0</gpxtpx:cad></gpxtpx:TrackPointExtension></extensions></trkpt><trkpt lat="15.6999464426" lon="73.6894122977"><ele>1.58</ele><time>2025-11-18T03:54:16Z</time><extensions><gpxtpx:TrackPointExtension><gpxtpx:cad>0</gpxtpx:cad></gpxtpx:TrackPointExtension></extensions></trkpt><trkpt lat="15.7000938803" lon="73.6894427240"><ele>1.58</ele><time>2025-11-18T03:54:21Z</time><extensions><gpxtpx:TrackPointExtension><gpxtpx:cad>0</gpxtpx:cad></gpxtpx:TrackPointExtension></extensions></trkpt><trkpt lat="15.7002307568" lon="73.6894823704"><ele>1.58</ele><time>2025-11-18T03:54:26Z</time><extensions><gpxtpx:TrackPointExtension><gpxtpx:cad>0</gpxtpx:cad></gpxtpx:TrackPointExtension></extensions></trkpt><trkpt lat="15.7003646158" lon="73.6895393673"><ele>1.58</ele><time>2025-11-18T03:54:31Z</time><extensions><gpxtpx:TrackPointExtension><gpxtpx:cad>0</gpxtpx:cad></gpxtpx:TrackPointExtension></extensions></trkpt><trkpt lat="15.7005123049" lon="73.6895769183"><ele>1.58</ele><time>2025-11-18T03:54:36Z</time><extensions><gpxtpx:TrackPointExtension><gpxtpx:cad>0</gpxtpx:cad></gpxtpx:TrackPointExtension></extensions></trkpt><trkpt lat="15.7006639335" lon="73.6895797681"><ele>2.06</ele><time>2025-11-18T03:54:41Z</time><extensions><gpxtpx:TrackPointExtension><gpxtpx:cad>0</gpxtpx:cad></gpxtpx:TrackPointExtension></extensions></trkpt><trkpt lat="15.7007758319" lon="73.6895743199"><ele>1.58</ele><time>2025-11-18T03:54:46Z</time><extensions><gpxtpx:TrackPointExtension><gpxtpx:cad>0</gpxtpx:cad></gpxtpx:TrackPointExtension></extensions></trkpt><trkpt lat="15.7008645963" lon="73.6895690393"><ele>1.58</ele><time>2025-11-18T03:54:51Z</time><extensions><gpxtpx:TrackPointExtension><gpxtpx:cad>0</gpxtpx:cad></gpxtpx:TrackPointExtension></extensions></trkpt><trkpt lat="15.7009451464" lon="73.6895744037"><ele>1.58</ele><time>2025-11-18T03:54:56Z</time><extensions><gpxtpx:TrackPointExtension><gpxtpx:cad>0</gpxtpx:cad></gpxtpx:TrackPointExtension></extensions></trkpt><trkpt lat="15.7010004669" lon="73.6895585619"><ele>1.58</ele><time>2025-11-18T03:55:01Z</time><extensions><gpxtpx:TrackPointExtension><gpxtpx:cad>0</gpxtpx:cad></gpxtpx:TrackPointExtension></extensions></trkpt><trkpt lat="15.7010489143" lon="73.6895421334"><ele>2.06</ele><time>2025-11-18T03:55:06Z</time><extensions><gpxtpx:TrackPointExtension><gpxtpx:cad>0</gpxtpx:cad></gpxtpx:TrackPointExtension></extensions></trkpt><trkpt lat="15.7010971103" lon="73.6895353440"><ele>2.54</ele><time>2025-11-18T03:55:11Z</time><extensions><gpxtpx:TrackPointExtension><gpxtpx:cad>0</gpxtpx:cad></gpxtpx:TrackPointExtension></extensions></trkpt><trkpt lat="15.7011315599" lon="73.6895158980"><ele>2.54</ele><time>2025-11-18T03:55:16Z</time><extensions><gpxtpx:TrackPointExtension><gpxtpx:cad>0</gpxtpx:cad></gpxtpx:TrackPointExtension></extensions></trkpt><trkpt lat="15.7011629082" lon="73.6895013135"><ele>2.54</ele><time>2025-11-18T03:55:21Z</time><extensions><gpxtpx:TrackPointExtension><gpxtpx:cad>0</gpxtpx:cad></gpxtpx:TrackPointExtension></extensions></trkpt><trkpt lat="15.7011939213" lon="73.6894933507"><ele>2.06</ele><time>2025-11-18T03:55:26Z</time><extensions><gpxtpx:TrackPointExtension><gpxtpx:cad>0</gpxtpx:cad></gpxtpx:TrackPointExtension></extensions></trkpt><trkpt lat="15.7012156304" lon="73.6894813646"><ele>2.06</ele><time>2025-11-18T03:55:31Z</time><extensions><gpxtpx:TrackPointExtension><gpxtpx:cad>0</gpxtpx:cad></gpxtpx:TrackPointExtension></extensions></trkpt><trkpt lat="15.7012323104" lon="73.6894720607"><ele>2.54</ele><time>2025-11-18T03:55:36Z</time><extensions><gpxtpx:TrackPointExtension><gpxtpx:cad>0</gpxtpx:cad></gpxtpx:TrackPointExtension></extensions></trkpt><trkpt lat="15.7012479007" lon="73.6894609965"><ele>2.54</ele><time>2025-11-18T03:55:41Z</time><extensions><gpxtpx:TrackPointExtension><gpxtpx:cad>0</gpxtpx:cad></gpxtpx:TrackPointExtension></extensions></trkpt><trkpt lat="15.7012595516" lon="73.6894490942"><ele>2.06</ele><time>2025-11-18T03:55:46Z</time><extensions><gpxtpx:TrackPointExtension><gpxtpx:cad>0</gpxtpx:cad></gpxtpx:TrackPointExtension></extensions></trkpt><trkpt lat="15.7012620661" lon="73.6894394550"><ele>2.54</ele><time>2025-11-18T03:55:51Z</time><extensions><gpxtpx:TrackPointExtension><gpxtpx:cad>0</gpxtpx:cad></gpxtpx:TrackPointExtension></extensions></trkpt><trkpt lat="15.7012664247" lon="73.6894314084"><ele>2.54</ele><time>2025-11-18T03:55:56Z</time><extensions><gpxtpx:TrackPointExtension><gpxtpx:cad>0</gpxtpx:cad></gpxtpx:TrackPointExtension></extensions></trkpt><trkpt lat="15.7012689393" lon="73.6894284748"><ele>2.54</ele><time>2025-11-18T03:56:01Z</time><extensions><gpxtpx:TrackPointExtension><gpxtpx:cad>0</gpxtpx:cad></gpxtpx:TrackPointExtension></extensions></trkpt><trkpt lat="15.7012831047" lon="73.6894205119"><ele>2.54</ele><time>2025-11-18T03:56:06Z</time><extensions><gpxtpx:TrackPointExtension><gpxtpx:cad>0</gpxtpx:cad></gpxtpx:TrackPointExtension></extensions></trkpt><trkpt lat="15.7013336476" lon="73.6894141417"><ele>2.54</ele><time>2025-11-18T03:56:11Z</time><extensions><gpxtpx:TrackPointExtension><gpxtpx:cad>0</gpxtpx:cad></gpxtpx:TrackPointExtension></extensions></trkpt><trkpt lat="15.7013990264" lon="73.6894114595"><ele>2.54</ele><time>2025-11-18T03:56:16Z</time><extensions><gpxtpx:TrackPointExtension><gpxtpx:cad>0</gpxtpx:cad></gpxtpx:TrackPointExtension></extensions></trkpt><trkpt lat="15.7014918141" lon="73.6894218531"><ele>3.02</ele><time>2025-11-18T03:56:21Z</time><extensions><gpxtpx:TrackPointExtension><gpxtpx:cad>0</gpxtpx:cad></gpxtpx:TrackPointExtension></extensions></trkpt><trkpt lat="15.7016289420" lon="73.6894446518"><ele>3.98</ele><time>2025-11-18T03:56:26Z</time><extensions><gpxtpx:TrackPointExtension><gpxtpx:cad>0</gpxtpx:cad></gpxtpx:TrackPointExtension></extensions></trkpt><trkpt lat="15.7017856836" lon="73.6894752458"><ele>3.50</ele><time>2025-11-18T03:56:31Z</time><extensions><gpxtpx:TrackPointExtension><gpxtpx:cad>0</gpxtpx:cad></gpxtpx:TrackPointExtension></extensions></trkpt><trkpt lat="15.7019477896" lon="73.6895040795"><ele>3.02</ele><time>2025-11-18T03:56:36Z</time><extensions><gpxtpx:TrackPointExtension><gpxtpx:cad>0</gpxtpx:cad></gpxtpx:TrackPointExtension></extensions></trkpt><trkpt lat="15.7021135837" lon="73.6895422172"><ele>3.02</ele><time>2025-11-18T03:56:41Z</time><extensions><gpxtpx:TrackPointExtension><gpxtpx:cad>0</gpxtpx:cad></gpxtpx:TrackPointExtension></extensions></trkpt><trkpt lat="15.7022702415" lon="73.6895731464"><ele>3.02</ele><time>2025-11-18T03:56:46Z</time><extensions><gpxtpx:TrackPointExtension><gpxtpx:cad>0</gpxtpx:cad></gpxtpx:TrackPointExtension></extensions></trkpt><trkpt lat="15.7024338562" lon="73.6895894073"><ele>2.54</ele><time>2025-11-18T03:56:51Z</time><extensions><gpxtpx:TrackPointExtension><gpxtpx:cad>0</gpxtpx:cad></gpxtpx:TrackPointExtension></extensions></trkpt><trkpt lat="15.7025973871" lon="73.6896067578"><ele>2.54</ele><time>2025-11-18T03:56:56Z</time><extensions><gpxtpx:TrackPointExtension><gpxtpx:cad>0</gpxtpx:cad></gpxtpx:TrackPointExtension></extensions></trkpt><trkpt lat="15.7027560566" lon="73.6896161456"><ele>2.06</ele><time>2025-11-18T03:57:01Z</time><extensions><gpxtpx:TrackPointExtension><gpxtpx:cad>0</gpxtpx:cad></gpxtpx:TrackPointExtension></extensions></trkpt><trkpt lat="15.7029210962" lon="73.6896193307"><ele>2.06</ele><time>2025-11-18T03:57:06Z</time><extensions><gpxtpx:TrackPointExtension><gpxtpx:cad>0</gpxtpx:cad></gpxtpx:TrackPointExtension></extensions></trkpt><trkpt lat="15.7030925900" lon="73.6896317359"><ele>2.06</ele><time>2025-11-18T03:57:11Z</time><extensions><gpxtpx:TrackPointExtension><gpxtpx:cad>0</gpxtpx:cad></gpxtpx:TrackPointExtension></extensions></trkpt><trkpt lat="15.7032548636" lon="73.6896409560"><ele>1.58</ele><time>2025-11-18T03:57:16Z</time><extensions><gpxtpx:TrackPointExtension><gpxtpx:cad>0</gpxtpx:cad></gpxtpx:TrackPointExtension></extensions></trkpt><trkpt lat="15.7034173049" lon="73.6896457337"><ele>0.62</ele><time>2025-11-18T03:57:21Z</time><extensions><gpxtpx:TrackPointExtension><gpxtpx:cad>0</gpxtpx:cad></gpxtpx:TrackPointExtension></extensions></trkpt><trkpt lat="15.7035939954" lon="73.6896464881"><ele>1.10</ele><time>2025-11-18T03:57:26Z</time><extensions><gpxtpx:TrackPointExtension><gpxtpx:cad>0</gpxtpx:cad></gpxtpx:TrackPointExtension></extensions></trkpt><trkpt lat="15.7037597056" lon="73.6896276288"><ele>1.10</ele><time>2025-11-18T03:57:31Z</time><extensions><gpxtpx:TrackPointExtension><gpxtpx:cad>0</gpxtpx:cad></gpxtpx:TrackPointExtension></extensions></trkpt><trkpt lat="15.7039214764" lon="73.6895930953"><ele>0.62</ele><time>2025-11-18T03:57:36Z</time><extensions><gpxtpx:TrackPointExtension><gpxtpx:cad>0</gpxtpx:cad></gpxtpx:TrackPointExtension></extensions></trkpt><trkpt lat="15.7040752843" lon="73.6895487551"><ele>0.62</ele><time>2025-11-18T03:57:41Z</time><extensions><gpxtpx:TrackPointExtension><gpxtpx:cad>0</gpxtpx:cad></gpxtpx:TrackPointExtension></extensions></trkpt><trkpt lat="15.7042466104" lon="73.6895045824"><ele>1.10</ele><time>2025-11-18T03:57:46Z</time><extensions><gpxtpx:TrackPointExtension><gpxtpx:cad>0</gpxtpx:cad></gpxtpx:TrackPointExtension></extensions></trkpt><trkpt lat="15.7044101413" lon="73.6894717254"><ele>1.10</ele><time>2025-11-18T03:57:51Z</time><extensions><gpxtpx:TrackPointExtension><gpxtpx:cad>0</gpxtpx:cad></gpxtpx:TrackPointExtension></extensions></trkpt><trkpt lat="15.7045657095" lon="73.6894308217"><ele>1.58</ele><time>2025-11-18T03:57:56Z</time><extensions><gpxtpx:TrackPointExtension><gpxtpx:cad>0</gpxtpx:cad></gpxtpx:TrackPointExtension></extensions></trkpt><trkpt lat="15.7047250494" lon="73.6893924326"><ele>1.58</ele><time>2025-11-18T03:58:01Z</time><extensions><gpxtpx:TrackPointExtension><gpxtpx:cad>0</gpxtpx:cad></gpxtpx:TrackPointExtension></extensions></trkpt><trkpt lat="15.7048901729" lon="73.6893607490"><ele>2.06</ele><time>2025-11-18T03:58:06Z</time><extensions><gpxtpx:TrackPointExtension><gpxtpx:cad>0</gpxtpx:cad></gpxtpx:TrackPointExtension></extensions></trkpt><trkpt lat="15.7050447352" lon="73.6893232819"><ele>1.58</ele><time>2025-11-18T03:58:11Z</time><extensions><gpxtpx:TrackPointExtension><gpxtpx:cad>0</gpxtpx:cad></gpxtpx:TrackPointExtension></extensions></trkpt><trkpt lat="15.7052044105" lon="73.6892901734"><ele>1.10</ele><time>2025-11-18T03:58:16Z</time><extensions><gpxtpx:TrackPointExtension><gpxtpx:cad>0</gpxtpx:cad></gpxtpx:TrackPointExtension></extensions></trkpt><trkpt lat="15.7053741440" lon="73.6892629322"><ele>0.62</ele><time>2025-11-18T03:58:21Z</time><extensions><gpxtpx:TrackPointExtension><gpxtpx:cad>0</gpxtpx:cad></gpxtpx:TrackPointExtension></extensions></trkpt><trkpt lat="15.7055380102" lon="73.6892493535"><ele>0.14</ele><time>2025-11-18T03:58:26Z</time><extensions><gpxtpx:TrackPointExtension><gpxtpx:cad>0</gpxtpx:cad></gpxtpx:TrackPointExtension></extensions></trkpt><trkpt lat="15.7056974340" lon="73.6892305780"><ele>-0.34</ele><time>2025-11-18T03:58:31Z</time><extensions><gpxtpx:TrackPointExtension><gpxtpx:cad>0</gpxtpx:cad></gpxtpx:TrackPointExtension></extensions></trkpt><trkpt lat="15.7058585342" lon="73.6891809572"><ele>0.14</ele><time>2025-11-18T03:58:36Z</time><extensions><gpxtpx:TrackPointExtension><gpxtpx:cad>0</gpxtpx:cad></gpxtpx:TrackPointExtension></extensions></trkpt><trkpt lat="15.7060206402" lon="73.6891299952"><ele>0.62</ele><time>2025-11-18T03:58:41Z</time><extensions><gpxtpx:TrackPointExtension><gpxtpx:cad>0</gpxtpx:cad></gpxtpx:TrackPointExtension></extensions></trkpt><trkpt lat="15.7061764598" lon="73.6890682206"><ele>1.10</ele><time>2025-11-18T03:58:46Z</time><extensions><gpxtpx:TrackPointExtension><gpxtpx:cad>0</gpxtpx:cad></gpxtpx:TrackPointExtension></extensions></trkpt><trkpt lat="15.7063377276" lon="73.6890060268"><ele>1.58</ele><time>2025-11-18T03:58:51Z</time><extensions><gpxtpx:TrackPointExtension><gpxtpx:cad>0</gpxtpx:cad></gpxtpx:TrackPointExtension></extensions></trkpt><trkpt lat="15.7065050304" lon="73.6889390554"><ele>2.06</ele><time>2025-11-18T03:58:56Z</time><extensions><gpxtpx:TrackPointExtension><gpxtpx:cad>0</gpxtpx:cad></gpxtpx:TrackPointExtension></extensions></trkpt><trkpt lat="15.7066554856" lon="73.6888870876"><ele>1.58</ele><time>2025-11-18T03:59:01Z</time><extensions><gpxtpx:TrackPointExtension><gpxtpx:cad>0</gpxtpx:cad></gpxtpx:TrackPointExtension></extensions></trkpt><trkpt lat="15.7068159152" lon="73.6888433341"><ele>2.06</ele><time>2025-11-18T03:59:06Z</time><extensions><gpxtpx:TrackPointExtension><gpxtpx:cad>0</gpxtpx:cad></gpxtpx:TrackPointExtension></extensions></trkpt><trkpt lat="15.7069807872" lon="73.6888054479"><ele>2.54</ele><time>2025-11-18T03:59:11Z</time><extensions><gpxtpx:TrackPointExtension><gpxtpx:cad>0</gpxtpx:cad></gpxtpx:TrackPointExtension></extensions></trkpt><trkpt lat="15.7071445696" lon="73.6887700763"><ele>2.06</ele><time>2025-11-18T03:59:16Z</time><extensions><gpxtpx:TrackPointExtension><gpxtpx:cad>0</gpxtpx:cad></gpxtpx:TrackPointExtension></extensions></trkpt><trkpt lat="15.7073036581" lon="73.6887395661"><ele>2.54</ele><time>2025-11-18T03:59:21Z</time><extensions><gpxtpx:TrackPointExtension><gpxtpx:cad>0</gpxtpx:cad></gpxtpx:TrackPointExtension></extensions></trkpt><trkpt lat="15.7074681111" lon="73.6887180246"><ele>2.54</ele><time>2025-11-18T03:59:26Z</time><extensions><gpxtpx:TrackPointExtension><gpxtpx:cad>0</gpxtpx:cad></gpxtpx:TrackPointExtension></extensions></trkpt><trkpt lat="15.7076369226" lon="73.6886942200"><ele>2.54</ele><time>2025-11-18T03:59:31Z</time><extensions><gpxtpx:TrackPointExtension><gpxtpx:cad>0</gpxtpx:cad></gpxtpx:TrackPointExtension></extensions></trkpt><trkpt lat="15.7078091707" lon="73.6886695772"><ele>2.54</ele><time>2025-11-18T03:59:36Z</time><extensions><gpxtpx:TrackPointExtension><gpxtpx:cad>0</gpxtpx:cad></gpxtpx:TrackPointExtension></extensions></trkpt><trkpt lat="15.7079794072" lon="73.6886409950"><ele>2.54</ele><time>2025-11-18T03:59:41Z</time><extensions><gpxtpx:TrackPointExtension><gpxtpx:cad>0</gpxtpx:cad></gpxtpx:TrackPointExtension></extensions></trkpt><trkpt lat="15.7081478834" lon="73.6886114068"><ele>2.06</ele><time>2025-11-18T03:59:46Z</time><extensions><gpxtpx:TrackPointExtension><gpxtpx:cad>0</gpxtpx:cad></gpxtpx:TrackPointExtension></extensions></trkpt><trkpt lat="15.7083117496" lon="73.6885863449"><ele>2.54</ele><time>2025-11-18T03:59:51Z</time><extensions><gpxtpx:TrackPointExtension><gpxtpx:cad>0</gpxtpx:cad></gpxtpx:TrackPointExtension></extensions></trkpt><trkpt lat="15.7084812317" lon="73.6885606963"><ele>2.06</ele><time>2025-11-18T03:59:56Z</time><extensions><gpxtpx:TrackPointExtension><gpxtpx:cad>0</gpxtpx:cad></gpxtpx:TrackPointExtension></extensions></trkpt><trkpt lat="15.7086506300" lon="73.6885337066"><ele>1.58</ele><time>2025-11-18T04:00:01Z</time><extensions><gpxtpx:TrackPointExtension><gpxtpx:cad>0</gpxtpx:cad></gpxtpx:TrackPointExtension></extensions></trkpt><trkpt lat="15.7088137418" lon="73.6885003466"><ele>1.58</ele><time>2025-11-18T04:00:06Z</time><extensions><gpxtpx:TrackPointExtension><gpxtpx:cad>0</gpxtpx:cad></gpxtpx:TrackPointExtension></extensions></trkpt><trkpt lat="15.7089794520" lon="73.6884725187"><ele>1.58</ele><time>2025-11-18T04:00:11Z</time><extensions><gpxtpx:TrackPointExtension><gpxtpx:cad>0</gpxtpx:cad></gpxtpx:TrackPointExtension></extensions></trkpt><trkpt lat="15.7091472577" lon="73.6884562578"><ele>2.06</ele><time>2025-11-18T04:00:16Z</time><extensions><gpxtpx:TrackPointExtension><gpxtpx:cad>0</gpxtpx:cad></gpxtpx:TrackPointExtension></extensions></trkpt><trkpt lat="15.7093109563" lon="73.6884208862"><ele>1.58</ele><time>2025-11-18T04:00:21Z</time><extensions><gpxtpx:TrackPointExtension><gpxtpx:cad>0</gpxtpx:cad></gpxtpx:TrackPointExtension></extensions></trkpt><trkpt lat="15.7094831206" lon="73.6883911304"><ele>2.06</ele><time>2025-11-18T04:00:26Z</time><extensions><gpxtpx:TrackPointExtension><gpxtpx:cad>0</gpxtpx:cad></gpxtpx:TrackPointExtension></extensions></trkpt><trkpt lat="15.7096510939" lon="73.6883555911"><ele>1.58</ele><time>2025-11-18T04:00:31Z</time><extensions><gpxtpx:TrackPointExtension><gpxtpx:cad>0</gpxtpx:cad></gpxtpx:TrackPointExtension></extensions></trkpt><trkpt lat="15.7098135352" lon="73.6883101612"><ele>2.06</ele><time>2025-11-18T04:00:36Z</time><extensions><gpxtpx:TrackPointExtension><gpxtpx:cad>0</gpxtpx:cad></gpxtpx:TrackPointExtension></extensions></trkpt><trkpt lat="15.7099733781" lon="73.6882682517"><ele>2.06</ele><time>2025-11-18T04:00:41Z</time><extensions><gpxtpx:TrackPointExtension><gpxtpx:cad>0</gpxtpx:cad></gpxtpx:TrackPointExtension></extensions></trkpt><trkpt lat="15.7101361547" lon="73.6882162839"><ele>2.06</ele><time>2025-11-18T04:00:46Z</time><extensions><gpxtpx:TrackPointExtension><gpxtpx:cad>0</gpxtpx:cad></gpxtpx:TrackPointExtension></extensions></trkpt><trkpt lat="15.7103008591" lon="73.6881721951"><ele>2.06</ele><time>2025-11-18T04:00:51Z</time><extensions><gpxtpx:TrackPointExtension><gpxtpx:cad>0</gpxtpx:cad></gpxtpx:TrackPointExtension></extensions></trkpt><trkpt lat="15.7104602829" lon="73.6881203111"><ele>2.54</ele><time>2025-11-18T04:00:56Z</time><extensions><gpxtpx:TrackPointExtension><gpxtpx:cad>0</gpxtpx:cad></gpxtpx:TrackPointExtension></extensions></trkpt><trkpt lat="15.7106146775" lon="73.6880679242"><ele>2.06</ele><time>2025-11-18T04:01:01Z</time><extensions><gpxtpx:TrackPointExtension><gpxtpx:cad>0</gpxtpx:cad></gpxtpx:TrackPointExtension></extensions></trkpt><trkpt lat="15.7107745204" lon="73.6880100053"><ele>2.54</ele><time>2025-11-18T04:01:06Z</time><extensions><gpxtpx:TrackPointExtension><gpxtpx:cad>0</gpxtpx:cad></gpxtpx:TrackPointExtension></extensions></trkpt><trkpt lat="15.7109359559" lon="73.6879407708"><ele>3.02</ele><time>2025-11-18T04:01:11Z</time><extensions><gpxtpx:TrackPointExtension><gpxtpx:cad>0</gpxtpx:cad></gpxtpx:TrackPointExtension></extensions></trkpt><trkpt lat="15.7110897638" lon="73.6878706980"><ele>3.02</ele><time>2025-11-18T04:01:16Z</time><extensions><gpxtpx:TrackPointExtension><gpxtpx:cad>0</gpxtpx:cad></gpxtpx:TrackPointExtension></extensions></trkpt><trkpt lat="15.7112405542" lon="73.6877779104"><ele>3.02</ele><time>2025-11-18T04:01:21Z</time><extensions><gpxtpx:TrackPointExtension><gpxtpx:cad>0</gpxtpx:cad></gpxtpx:TrackPointExtension></extensions></trkpt><trkpt lat="15.7113884948" lon="73.6876889784"><ele>3.02</ele><time>2025-11-18T04:01:26Z</time><extensions><gpxtpx:TrackPointExtension><gpxtpx:cad>0</gpxtpx:cad></gpxtpx:TrackPointExtension></extensions></trkpt><trkpt lat="15.7115374412" lon="73.6875935085"><ele>3.02</ele><time>2025-11-18T04:01:31Z</time><extensions><gpxtpx:TrackPointExtension><gpxtpx:cad>0</gpxtpx:cad></gpxtpx:TrackPointExtension></extensions></trkpt><trkpt lat="15.7116860524" lon="73.6875107791"><ele>3.02</ele><time>2025-11-18T04:01:36Z</time><extensions><gpxtpx:TrackPointExtension><gpxtpx:cad>0</gpxtpx:cad></gpxtpx:TrackPointExtension></extensions></trkpt><trkpt lat="15.7118309755" lon="73.6874239426"><ele>3.02</ele><time>2025-11-18T04:01:41Z</time><extensions><gpxtpx:TrackPointExtension><gpxtpx:cad>0</gpxtpx:cad></gpxtpx:TrackPointExtension></extensions></trkpt><trkpt lat="15.7119821850" lon="73.6873422191"><ele>3.02</ele><time>2025-11-18T04:01:46Z</time><extensions><gpxtpx:TrackPointExtension><gpxtpx:cad>0</gpxtpx:cad></gpxtpx:TrackPointExtension></extensions></trkpt><trkpt lat="15.7121324725" lon="73.6872682068"><ele>3.50</ele><time>2025-11-18T04:01:51Z</time><extensions><gpxtpx:TrackPointExtension><gpxtpx:cad>0</gpxtpx:cad></gpxtpx:TrackPointExtension></extensions></trkpt><trkpt lat="15.7122739591" lon="73.6871845555"><ele>3.50</ele><time>2025-11-18T04:01:56Z</time><extensions><gpxtpx:TrackPointExtension><gpxtpx:cad>0</gpxtpx:cad></gpxtpx:TrackPointExtension></extensions></trkpt><trkpt lat="15.7124207262" lon="73.6871102918"><ele>3.02</ele><time>2025-11-18T04:02:01Z</time><extensions><gpxtpx:TrackPointExtension><gpxtpx:cad>0</gpxtpx:cad></gpxtpx:TrackPointExtension></extensions></trkpt><trkpt lat="15.7125741150" lon="73.6870343518"><ele>3.50</ele><time>2025-11-18T04:02:06Z</time><extensions><gpxtpx:TrackPointExtension><gpxtpx:cad>0</gpxtpx:cad></gpxtpx:TrackPointExtension></extensions></trkpt><trkpt lat="15.7127159368" lon="73.6869504489"><ele>3.50</ele><time>2025-11-18T04:02:11Z</time><extensions><gpxtpx:TrackPointExtension><gpxtpx:cad>0</gpxtpx:cad></gpxtpx:TrackPointExtension></extensions></trkpt><trkpt lat="15.7128592674" lon="73.6868619360"><ele>3.50</ele><time>2025-11-18T04:02:16Z</time><extensions><gpxtpx:TrackPointExtension><gpxtpx:cad>0</gpxtpx:cad></gpxtpx:TrackPointExtension></extensions></trkpt><trkpt lat="15.7130119018" lon="73.6867844034"><ele>3.50</ele><time>2025-11-18T04:02:21Z</time><extensions><gpxtpx:TrackPointExtension><gpxtpx:cad>0</gpxtpx:cad></gpxtpx:TrackPointExtension></extensions></trkpt><trkpt lat="15.7131621055" lon="73.6866943818"><ele>3.02</ele><time>2025-11-18T04:02:26Z</time><extensions><gpxtpx:TrackPointExtension><gpxtpx:cad>0</gpxtpx:cad></gpxtpx:TrackPointExtension></extensions></trkpt><trkpt lat="15.7133067772" lon="73.6866045278"><ele>3.02</ele><time>2025-11-18T04:02:31Z</time><extensions><gpxtpx:TrackPointExtension><gpxtpx:cad>0</gpxtpx:cad></gpxtpx:TrackPointExtension></extensions></trkpt><trkpt lat="15.7134544663" lon="73.6865162663"><ele>3.02</ele><time>2025-11-18T04:02:36Z</time><extensions><gpxtpx:TrackPointExtension><gpxtpx:cad>0</gpxtpx:cad></gpxtpx:TrackPointExtension></extensions></trkpt><trkpt lat="15.7136019878" lon="73.6864333693"><ele>3.02</ele><time>2025-11-18T04:02:41Z</time><extensions><gpxtpx:TrackPointExtension><gpxtpx:cad>0</gpxtpx:cad></gpxtpx:TrackPointExtension></extensions></trkpt><trkpt lat="15.7137454022" lon="73.6863503885"><ele>2.54</ele><time>2025-11-18T04:02:46Z</time><extensions><gpxtpx:TrackPointExtension><gpxtpx:cad>0</gpxtpx:cad></gpxtpx:TrackPointExtension></extensions></trkpt><trkpt lat="15.7138947677" lon="73.6862671562"><ele>2.54</ele><time>2025-11-18T04:02:51Z</time><extensions><gpxtpx:TrackPointExtension><gpxtpx:cad>0</gpxtpx:cad></gpxtpx:TrackPointExtension></extensions></trkpt><trkpt lat="15.7140469830" lon="73.6861870252"><ele>2.54</ele><time>2025-11-18T04:02:56Z</time><extensions><gpxtpx:TrackPointExtension><gpxtpx:cad>0</gpxtpx:cad></gpxtpx:TrackPointExtension></extensions></trkpt><trkpt lat="15.7141902298" lon="73.6861010268"><ele>2.54</ele><time>2025-11-18T04:03:01Z</time><extensions><gpxtpx:TrackPointExtension><gpxtpx:cad>0</gpxtpx:cad></gpxtpx:TrackPointExtension></extensions></trkpt><trkpt lat="15.7143334765" lon="73.6860180460"><ele>2.54</ele><time>2025-11-18T04:03:06Z</time><extensions><gpxtpx:TrackPointExtension><gpxtpx:cad>0</gpxtpx:cad></gpxtpx:TrackPointExtension></extensions></trkpt><trkpt lat="15.7144871168" lon="73.6859411839"><ele>2.54</ele><time>2025-11-18T04:03:11Z</time><extensions><gpxtpx:TrackPointExtension><gpxtpx:cad>0</gpxtpx:cad></gpxtpx:TrackPointExtension></extensions></trkpt><trkpt lat="15.7146323752" lon="73.6858602986"><ele>2.54</ele><time>2025-11-18T04:03:16Z</time><extensions><gpxtpx:TrackPointExtension><gpxtpx:cad>0</gpxtpx:cad></gpxtpx:TrackPointExtension></extensions></trkpt><trkpt lat="15.7147788908" lon="73.6857870407"><ele>2.54</ele><time>2025-11-18T04:03:21Z</time><extensions><gpxtpx:TrackPointExtension><gpxtpx:cad>0</gpxtpx:cad></gpxtpx:TrackPointExtension></extensions></trkpt><trkpt lat="15.7149332017" lon="73.6857100111"><ele>3.02</ele><time>2025-11-18T04:03:26Z</time><extensions><gpxtpx:TrackPointExtension><gpxtpx:cad>0</gpxtpx:cad></gpxtpx:TrackPointExtension></extensions></trkpt><trkpt lat="15.7150783762" lon="73.6856168881"><ele>3.02</ele><time>2025-11-18T04:03:31Z</time><extensions><gpxtpx:TrackPointExtension><gpxtpx:cad>0</gpxtpx:cad></gpxtpx:TrackPointExtension></extensions></trkpt><trkpt lat="15.7152253110" lon="73.6855287105"><ele>3.02</ele><time>2025-11-18T04:03:36Z</time><extensions><gpxtpx:TrackPointExtension><gpxtpx:cad>0</gpxtpx:cad></gpxtpx:TrackPointExtension></extensions></trkpt><trkpt lat="15.7153711561" lon="73.6854438018"><ele>2.54</ele><time>2025-11-18T04:03:41Z</time><extensions><gpxtpx:TrackPointExtension><gpxtpx:cad>0</gpxtpx:cad></gpxtpx:TrackPointExtension></extensions></trkpt><trkpt lat="15.7155180909" lon="73.6853493378"><ele>2.06</ele><time>2025-11-18T04:03:46Z</time><extensions><gpxtpx:TrackPointExtension><gpxtpx:cad>0</gpxtpx:cad></gpxtpx:TrackPointExtension></extensions></trkpt><trkpt lat="15.7156666182" lon="73.6852576397"><ele>2.54</ele><time>2025-11-18T04:03:51Z</time><extensions><gpxtpx:TrackPointExtension><gpxtpx:cad>0</gpxtpx:cad></gpxtpx:TrackPointExtension></extensions></trkpt><trkpt lat="15.7158065122" lon="73.6851695459"><ele>3.02</ele><time>2025-11-18T04:03:56Z</time><extensions><gpxtpx:TrackPointExtension><gpxtpx:cad>0</gpxtpx:cad></gpxtpx:TrackPointExtension></extensions></trkpt><trkpt lat="15.7159555424" lon="73.6850880738"><ele>3.02</ele><time>2025-11-18T04:04:01Z</time><extensions><gpxtpx:TrackPointExtension><gpxtpx:cad>0</gpxtpx:cad></gpxtpx:TrackPointExtension></extensions></trkpt><trkpt lat="15.7161011361" lon="73.6850138940"><ele>3.02</ele><time>2025-11-18T04:04:06Z</time><extensions><gpxtpx:TrackPointExtension><gpxtpx:cad>0</gpxtpx:cad></gpxtpx:TrackPointExtension></extensions></trkpt><trkpt lat="15.7162574586" lon="73.6849324219"><ele>3.50</ele><time>2025-11-18T04:04:11Z</time><extensions><gpxtpx:TrackPointExtension><gpxtpx:cad>0</gpxtpx:cad></gpxtpx:TrackPointExtension></extensions></trkpt><trkpt lat="15.7164082490" lon="73.6848491896"><ele>3.50</ele><time>2025-11-18T04:04:16Z</time><extensions><gpxtpx:TrackPointExtension><gpxtpx:cad>0</gpxtpx:cad></gpxtpx:TrackPointExtension></extensions></trkpt><trkpt lat="15.7165507413" lon="73.6847614311"><ele>3.98</ele><time>2025-11-18T04:04:21Z</time><extensions><gpxtpx:TrackPointExtension><gpxtpx:cad>0</gpxtpx:cad></gpxtpx:TrackPointExtension></extensions></trkpt><trkpt lat="15.7166978437" lon="73.6846661288"><ele>3.98</ele><time>2025-11-18T04:04:26Z</time><extensions><gpxtpx:TrackPointExtension><gpxtpx:cad>0</gpxtpx:cad></gpxtpx:TrackPointExtension></extensions></trkpt><trkpt lat="15.7168521546" lon="73.6845871713"><ele>4.46</ele><time>2025-11-18T04:04:31Z</time><extensions><gpxtpx:TrackPointExtension><gpxtpx:cad>0</gpxtpx:cad></gpxtpx:TrackPointExtension></extensions></trkpt><trkpt lat="15.7169918809" lon="73.6845056154"><ele>4.46</ele><time>2025-11-18T04:04:36Z</time><extensions><gpxtpx:TrackPointExtension><gpxtpx:cad>0</gpxtpx:cad></gpxtpx:TrackPointExtension></extensions></trkpt><trkpt lat="15.7171306852" lon="73.6844080500"><ele>3.98</ele><time>2025-11-18T04:04:41Z</time><extensions><gpxtpx:TrackPointExtension><gpxtpx:cad>0</gpxtpx:cad></gpxtpx:TrackPointExtension></extensions></trkpt><trkpt lat="15.7172656339" lon="73.6843072996"><ele>4.46</ele><time>2025-11-18T04:04:46Z</time><extensions><gpxtpx:TrackPointExtension><gpxtpx:cad>0</gpxtpx:cad></gpxtpx:TrackPointExtension></extensions></trkpt><trkpt lat="15.7173960563" lon="73.6841997597"><ele>3.98</ele><time>2025-11-18T04:04:51Z</time><extensions><gpxtpx:TrackPointExtension><gpxtpx:cad>0</gpxtpx:cad></gpxtpx:TrackPointExtension></extensions></trkpt><trkpt lat="15.7175429072" lon="73.6841064692"><ele>3.98</ele><time>2025-11-18T04:04:56Z</time><extensions><gpxtpx:TrackPointExtension><gpxtpx:cad>0</gpxtpx:cad></gpxtpx:TrackPointExtension></extensions></trkpt><trkpt lat="15.7176721562" lon="73.6840033717"><ele>3.98</ele><time>2025-11-18T04:05:01Z</time><extensions><gpxtpx:TrackPointExtension><gpxtpx:cad>0</gpxtpx:cad></gpxtpx:TrackPointExtension></extensions></trkpt><trkpt lat="15.7177912630" lon="73.6838746257"><ele>3.98</ele><time>2025-11-18T04:05:06Z</time><extensions><gpxtpx:TrackPointExtension><gpxtpx:cad>0</gpxtpx:cad></gpxtpx:TrackPointExtension></extensions></trkpt><trkpt lat="15.7179049216" lon="73.6837473884"><ele>4.46</ele><time>2025-11-18T04:05:11Z</time><extensions><gpxtpx:TrackPointExtension><gpxtpx:cad>0</gpxtpx:cad></gpxtpx:TrackPointExtension></extensions></trkpt><trkpt lat="15.7180082705" lon="73.6836089194"><ele>3.98</ele><time>2025-11-18T04:05:16Z</time><extensions><gpxtpx:TrackPointExtension><gpxtpx:cad>0</gpxtpx:cad></gpxtpx:TrackPointExtension></extensions></trkpt><trkpt lat="15.7180940174" lon="73.6834587157"><ele>3.98</ele><time>2025-11-18T04:05:21Z</time><extensions><gpxtpx:TrackPointExtension><gpxtpx:cad>0</gpxtpx:cad></gpxtpx:TrackPointExtension></extensions></trkpt><trkpt lat="15.7181606535" lon="73.6833016388"><ele>3.98</ele><time>2025-11-18T04:05:26Z</time><extensions><gpxtpx:TrackPointExtension><gpxtpx:cad>0</gpxtpx:cad></gpxtpx:TrackPointExtension></extensions></trkpt><trkpt lat="15.7182055805" lon="73.6831262894"><ele>3.98</ele><time>2025-11-18T04:05:31Z</time><extensions><gpxtpx:TrackPointExtension><gpxtpx:cad>0</gpxtpx:cad></gpxtpx:TrackPointExtension></extensions></trkpt><trkpt lat="15.7182300556" lon="73.6829428934"><ele>3.98</ele><time>2025-11-18T04:05:36Z</time><extensions><gpxtpx:TrackPointExtension><gpxtpx:cad>0</gpxtpx:cad></gpxtpx:TrackPointExtension></extensions></trkpt><trkpt lat="15.7182435505" lon="73.6827656161"><ele>3.98</ele><time>2025-11-18T04:05:41Z</time><extensions><gpxtpx:TrackPointExtension><gpxtpx:cad>0</gpxtpx:cad></gpxtpx:TrackPointExtension></extensions></trkpt><trkpt lat="15.7182451431" lon="73.6825877521"><ele>4.46</ele><time>2025-11-18T04:05:46Z</time><extensions><gpxtpx:TrackPointExtension><gpxtpx:cad>0</gpxtpx:cad></gpxtpx:TrackPointExtension></extensions></trkpt><trkpt lat="15.7182204165" lon="73.6824153364"><ele>3.98</ele><time>2025-11-18T04:05:51Z</time><extensions><gpxtpx:TrackPointExtension><gpxtpx:cad>0</gpxtpx:cad></gpxtpx:TrackPointExtension></extensions></trkpt><trkpt lat="15.7181490026" lon="73.6822497100"><ele>3.50</ele><time>2025-11-18T04:05:56Z</time><extensions><gpxtpx:TrackPointExtension><gpxtpx:cad>0</gpxtpx:cad></gpxtpx:TrackPointExtension></extensions></trkpt><trkpt lat="15.7180331647" lon="73.6821182817"><ele>2.06</ele><time>2025-11-18T04:06:01Z</time><extensions><gpxtpx:TrackPointExtension><gpxtpx:cad>0</gpxtpx:cad></gpxtpx:TrackPointExtension></extensions></trkpt><trkpt lat="15.7178921811" lon="73.6820020247"><ele>1.10</ele><time>2025-11-18T04:06:06Z</time><extensions><gpxtpx:TrackPointExtension><gpxtpx:cad>0</gpxtpx:cad></gpxtpx:TrackPointExtension></extensions></trkpt><trkpt lat="15.7177466713" lon="73.6819116678"><ele>1.10</ele><time>2025-11-18T04:06:11Z</time><extensions><gpxtpx:TrackPointExtension><gpxtpx:cad>0</gpxtpx:cad></gpxtpx:TrackPointExtension></extensions></trkpt><trkpt lat="15.7175917737" lon="73.6818123423"><ele>1.10</ele><time>2025-11-18T04:06:16Z</time><extensions><gpxtpx:TrackPointExtension><gpxtpx:cad>0</gpxtpx:cad></gpxtpx:TrackPointExtension></extensions></trkpt><trkpt lat="15.7174512930" lon="73.6817125976"><ele>1.10</ele><time>2025-11-18T04:06:21Z</time><extensions><gpxtpx:TrackPointExtension><gpxtpx:cad>0</gpxtpx:cad></gpxtpx:TrackPointExtension></extensions></trkpt><trkpt lat="15.7173025142" lon="73.6816208996"><ele>1.58</ele><time>2025-11-18T04:06:26Z</time><extensions><gpxtpx:TrackPointExtension><gpxtpx:cad>0</gpxtpx:cad></gpxtpx:TrackPointExtension></extensions></trkpt><trkpt lat="15.7171454374" lon="73.6815479770"><ele>2.54</ele><time>2025-11-18T04:06:31Z</time><extensions><gpxtpx:TrackPointExtension><gpxtpx:cad>0</gpxtpx:cad></gpxtpx:TrackPointExtension></extensions></trkpt><trkpt lat="15.7169856783" lon="73.6814825982"><ele>3.02</ele><time>2025-11-18T04:06:36Z</time><extensions><gpxtpx:TrackPointExtension><gpxtpx:cad>0</gpxtpx:cad></gpxtpx:TrackPointExtension></extensions></trkpt><trkpt lat="15.7168216445" lon="73.6814212427"><ele>3.02</ele><time>2025-11-18T04:06:41Z</time><extensions><gpxtpx:TrackPointExtension><gpxtpx:cad>0</gpxtpx:cad></gpxtpx:TrackPointExtension></extensions></trkpt><trkpt lat="15.7166550122" lon="73.6813973542"><ele>2.54</ele><time>2025-11-18T04:06:46Z</time><extensions><gpxtpx:TrackPointExtension><gpxtpx:cad>0</gpxtpx:cad></gpxtpx:TrackPointExtension></extensions></trkpt><trkpt lat="15.7164784893" lon="73.6813813448"><ele>2.06</ele><time>2025-11-18T04:06:51Z</time><extensions><gpxtpx:TrackPointExtension><gpxtpx:cad>0</gpxtpx:cad></gpxtpx:TrackPointExtension></extensions></trkpt><trkpt lat="15.7162989490" lon="73.6813747231"><ele>2.06</ele><time>2025-11-18T04:06:56Z</time><extensions><gpxtpx:TrackPointExtension><gpxtpx:cad>0</gpxtpx:cad></gpxtpx:TrackPointExtension></extensions></trkpt><trkpt lat="15.7161165588" lon="73.6813782435"><ele>2.06</ele><time>2025-11-18T04:07:01Z</time><extensions><gpxtpx:TrackPointExtension><gpxtpx:cad>0</gpxtpx:cad></gpxtpx:TrackPointExtension></extensions></trkpt><trkpt lat="15.7159483340" lon="73.6813898943"><ele>2.06</ele><time>2025-11-18T04:07:06Z</time><extensions><gpxtpx:TrackPointExtension><gpxtpx:cad>0</gpxtpx:cad></gpxtpx:TrackPointExtension></extensions></trkpt><trkpt lat="15.7157718111" lon="73.6814032216"><ele>1.58</ele><time>2025-11-18T04:07:11Z</time><extensions><gpxtpx:TrackPointExtension><gpxtpx:cad>0</gpxtpx:cad></gpxtpx:TrackPointExtension></extensions></trkpt><trkpt lat="15.7156074420" lon="73.6814340670"><ele>2.06</ele><time>2025-11-18T04:07:16Z</time><extensions><gpxtpx:TrackPointExtension><gpxtpx:cad>0</gpxtpx:cad></gpxtpx:TrackPointExtension></extensions></trkpt><trkpt lat="15.7154238783" lon="73.6814478971"><ele>1.58</ele><time>2025-11-18T04:07:21Z</time><extensions><gpxtpx:TrackPointExtension><gpxtpx:cad>0</gpxtpx:cad></gpxtpx:TrackPointExtension></extensions></trkpt><trkpt lat="15.7152574137" lon="73.6814758088"><ele>2.06</ele><time>2025-11-18T04:07:26Z</time><extensions><gpxtpx:TrackPointExtension><gpxtpx:cad>0</gpxtpx:cad></gpxtpx:TrackPointExtension></extensions></trkpt><trkpt lat="15.7150818966" lon="73.6815040559"><ele>2.06</ele><time>2025-11-18T04:07:31Z</time><extensions><gpxtpx:TrackPointExtension><gpxtpx:cad>0</gpxtpx:cad></gpxtpx:TrackPointExtension></extensions></trkpt><trkpt lat="15.7149150129" lon="73.6815591250"><ele>2.54</ele><time>2025-11-18T04:07:36Z</time><extensions><gpxtpx:TrackPointExtension><gpxtpx:cad>0</gpxtpx:cad></gpxtpx:TrackPointExtension></extensions></trkpt><trkpt lat="15.7147441059" lon="73.6816001125"><ele>2.06</ele><time>2025-11-18T04:07:41Z</time><extensions><gpxtpx:TrackPointExtension><gpxtpx:cad>0</gpxtpx:cad></gpxtpx:TrackPointExtension></extensions></trkpt><trkpt lat="15.7145685889" lon="73.6816217378"><ele>2.06</ele><time>2025-11-18T04:07:46Z</time><extensions><gpxtpx:TrackPointExtension><gpxtpx:cad>0</gpxtpx:cad></gpxtpx:TrackPointExtension></extensions></trkpt><trkpt lat="15.7143972628" lon="73.6816499848"><ele>1.58</ele><time>2025-11-18T04:07:51Z</time><extensions><gpxtpx:TrackPointExtension><gpxtpx:cad>0</gpxtpx:cad></gpxtpx:TrackPointExtension></extensions></trkpt><trkpt lat="15.7142204884" lon="73.6816780642"><ele>1.10</ele><time>2025-11-18T04:07:56Z</time><extensions><gpxtpx:TrackPointExtension><gpxtpx:cad>0</gpxtpx:cad></gpxtpx:TrackPointExtension></extensions></trkpt><trkpt lat="15.7140510064" lon="73.6817089096"><ele>0.62</ele><time>2025-11-18T04:08:01Z</time><extensions><gpxtpx:TrackPointExtension><gpxtpx:cad>0</gpxtpx:cad></gpxtpx:TrackPointExtension></extensions></trkpt><trkpt lat="15.7138754893" lon="73.6817349773"><ele>0.62</ele><time>2025-11-18T04:08:06Z</time><extensions><gpxtpx:TrackPointExtension><gpxtpx:cad>0</gpxtpx:cad></gpxtpx:TrackPointExtension></extensions></trkpt><trkpt lat="15.7137048338" lon="73.6817714386"><ele>0.62</ele><time>2025-11-18T04:08:11Z</time><extensions><gpxtpx:TrackPointExtension><gpxtpx:cad>0</gpxtpx:cad></gpxtpx:TrackPointExtension></extensions></trkpt><trkpt lat="15.7135264669" lon="73.6818019487"><ele>1.10</ele><time>2025-11-18T04:08:16Z</time><extensions><gpxtpx:TrackPointExtension><gpxtpx:cad>0</gpxtpx:cad></gpxtpx:TrackPointExtension></extensions></trkpt><trkpt lat="15.7133484352" lon="73.6818265915"><ele>1.58</ele><time>2025-11-18T04:08:21Z</time><extensions><gpxtpx:TrackPointExtension><gpxtpx:cad>0</gpxtpx:cad></gpxtpx:TrackPointExtension></extensions></trkpt><trkpt lat="15.7131720800" lon="73.6818460375"><ele>1.10</ele><time>2025-11-18T04:08:26Z</time><extensions><gpxtpx:TrackPointExtension><gpxtpx:cad>0</gpxtpx:cad></gpxtpx:TrackPointExtension></extensions></trkpt><trkpt lat="15.7129995804" lon="73.6818596162"><ele>1.58</ele><time>2025-11-18T04:08:31Z</time><extensions><gpxtpx:TrackPointExtension><gpxtpx:cad>0</gpxtpx:cad></gpxtpx:TrackPointExtension></extensions></trkpt><trkpt lat="15.7128226385" lon="73.6818814091"><ele>1.58</ele><time>2025-11-18T04:08:36Z</time><extensions><gpxtpx:TrackPointExtension><gpxtpx:cad>0</gpxtpx:cad></gpxtpx:TrackPointExtension></extensions></trkpt><trkpt lat="15.7126477081" lon="73.6819118354"><ele>1.10</ele><time>2025-11-18T04:08:41Z</time><extensions><gpxtpx:TrackPointExtension><gpxtpx:cad>0</gpxtpx:cad></gpxtpx:TrackPointExtension></extensions></trkpt><trkpt lat="15.7124682516" lon="73.6819365621"><ele>0.62</ele><time>2025-11-18T04:08:46Z</time><extensions><gpxtpx:TrackPointExtension><gpxtpx:cad>0</gpxtpx:cad></gpxtpx:TrackPointExtension></extensions></trkpt><trkpt lat="15.7122928184" lon="73.6819712631"><ele>0.14</ele><time>2025-11-18T04:08:51Z</time><extensions><gpxtpx:TrackPointExtension><gpxtpx:cad>0</gpxtpx:cad></gpxtpx:TrackPointExtension></extensions></trkpt><trkpt lat="15.7121229172" lon="73.6819968279"><ele>0.14</ele><time>2025-11-18T04:08:56Z</time><extensions><gpxtpx:TrackPointExtension><gpxtpx:cad>0</gpxtpx:cad></gpxtpx:TrackPointExtension></extensions></trkpt><trkpt lat="15.7119544409" lon="73.6820001807"><ele>0.62</ele><time>2025-11-18T04:09:01Z</time><extensions><gpxtpx:TrackPointExtension><gpxtpx:cad>0</gpxtpx:cad></gpxtpx:TrackPointExtension></extensions></trkpt><trkpt lat="15.7117801812" lon="73.6819804832"><ele>0.62</ele><time>2025-11-18T04:09:06Z</time><extensions><gpxtpx:TrackPointExtension><gpxtpx:cad>0</gpxtpx:cad></gpxtpx:TrackPointExtension></extensions></trkpt><trkpt lat="15.7116057537" lon="73.6819558404"><ele>0.14</ele><time>2025-11-18T04:09:11Z</time><extensions><gpxtpx:TrackPointExtension><gpxtpx:cad>0</gpxtpx:cad></gpxtpx:TrackPointExtension></extensions></trkpt><trkpt lat="15.7114282250" lon="73.6819182057"><ele>0.14</ele><time>2025-11-18T04:09:16Z</time><extensions><gpxtpx:TrackPointExtension><gpxtpx:cad>0</gpxtpx:cad></gpxtpx:TrackPointExtension></extensions></trkpt><trkpt lat="15.7112540491" lon="73.6818929762"><ele>-0.34</ele><time>2025-11-18T04:09:21Z</time><extensions><gpxtpx:TrackPointExtension><gpxtpx:cad>0</gpxtpx:cad></gpxtpx:TrackPointExtension></extensions></trkpt><trkpt lat="15.7110783644" lon="73.6818737816"><ele>0.14</ele><time>2025-11-18T04:09:26Z</time><extensions><gpxtpx:TrackPointExtension><gpxtpx:cad>0</gpxtpx:cad></gpxtpx:TrackPointExtension></extensions></trkpt><trkpt lat="15.7109009195" lon="73.6818648130"><ele>0.14</ele><time>2025-11-18T04:09:31Z</time><extensions><gpxtpx:TrackPointExtension><gpxtpx:cad>0</gpxtpx:cad></gpxtpx:TrackPointExtension></extensions></trkpt><trkpt lat="15.7107312698" lon="73.6818240769"><ele>0.14</ele><time>2025-11-18T04:09:36Z</time><extensions><gpxtpx:TrackPointExtension><gpxtpx:cad>0</gpxtpx:cad></gpxtpx:TrackPointExtension></extensions></trkpt><trkpt lat="15.7105587702" lon="73.6817876995"><ele>0.14</ele><time>2025-11-18T04:09:41Z</time><extensions><gpxtpx:TrackPointExtension><gpxtpx:cad>0</gpxtpx:cad></gpxtpx:TrackPointExtension></extensions></trkpt><trkpt lat="15.7103874441" lon="73.6817421857"><ele>0.14</ele><time>2025-11-18T04:09:46Z</time><extensions><gpxtpx:TrackPointExtension><gpxtpx:cad>0</gpxtpx:cad></gpxtpx:TrackPointExtension></extensions></trkpt><trkpt lat="15.7102166209" lon="73.6816918105"><ele>-0.34</ele><time>2025-11-18T04:09:51Z</time><extensions><gpxtpx:TrackPointExtension><gpxtpx:cad>0</gpxtpx:cad></gpxtpx:TrackPointExtension></extensions></trkpt><trkpt lat="15.7100515813" lon="73.6816344783"><ele>-0.34</ele><time>2025-11-18T04:09:56Z</time><extensions><gpxtpx:TrackPointExtension><gpxtpx:cad>0</gpxtpx:cad></gpxtpx:TrackPointExtension></extensions></trkpt><trkpt lat="15.7098817639" lon="73.6815758049"><ele>-0.34</ele><time>2025-11-18T04:10:01Z</time><extensions><gpxtpx:TrackPointExtension><gpxtpx:cad>0</gpxtpx:cad></gpxtpx:TrackPointExtension></extensions></trkpt><trkpt lat="15.7097109407" lon="73.6815211549"><ele>0.14</ele><time>2025-11-18T04:10:06Z</time><extensions><gpxtpx:TrackPointExtension><gpxtpx:cad>0</gpxtpx:cad></gpxtpx:TrackPointExtension></extensions></trkpt><trkpt lat="15.7095459010" lon="73.6814617272"><ele>0.14</ele><time>2025-11-18T04:10:11Z</time><extensions><gpxtpx:TrackPointExtension><gpxtpx:cad>0</gpxtpx:cad></gpxtpx:TrackPointExtension></extensions></trkpt><trkpt lat="15.7093791012" lon="73.6813975219"><ele>1.10</ele><time>2025-11-18T04:10:16Z</time><extensions><gpxtpx:TrackPointExtension><gpxtpx:cad>0</gpxtpx:cad></gpxtpx:TrackPointExtension></extensions></trkpt><trkpt lat="15.7092149835" lon="73.6813194025"><ele>1.10</ele><time>2025-11-18T04:10:21Z</time><extensions><gpxtpx:TrackPointExtension><gpxtpx:cad>0</gpxtpx:cad></gpxtpx:TrackPointExtension></extensions></trkpt><trkpt lat="15.7090546377" lon="73.6812422890"><ele>1.10</ele><time>2025-11-18T04:10:26Z</time><extensions><gpxtpx:TrackPointExtension><gpxtpx:cad>0</gpxtpx:cad></gpxtpx:TrackPointExtension></extensions></trkpt><trkpt lat="15.7088968903" lon="73.6811718810"><ele>1.10</ele><time>2025-11-18T04:10:31Z</time><extensions><gpxtpx:TrackPointExtension><gpxtpx:cad>0</gpxtpx:cad></gpxtpx:TrackPointExtension></extensions></trkpt><trkpt lat="15.7087395620" lon="73.6810827814"><ele>1.58</ele><time>2025-11-18T04:10:36Z</time><extensions><gpxtpx:TrackPointExtension><gpxtpx:cad>0</gpxtpx:cad></gpxtpx:TrackPointExtension></extensions></trkpt><trkpt lat="15.7085809764" lon="73.6809947714"><ele>2.06</ele><time>2025-11-18T04:10:41Z</time><extensions><gpxtpx:TrackPointExtension><gpxtpx:cad>0</gpxtpx:cad></gpxtpx:TrackPointExtension></extensions></trkpt><trkpt lat="15.7084172778" lon="73.6809133831"><ele>2.06</ele><time>2025-11-18T04:10:46Z</time><extensions><gpxtpx:TrackPointExtension><gpxtpx:cad>0</gpxtpx:cad></gpxtpx:TrackPointExtension></extensions></trkpt><trkpt lat="15.7082545012" lon="73.6808506865"><ele>2.06</ele><time>2025-11-18T04:10:51Z</time><extensions><gpxtpx:TrackPointExtension><gpxtpx:cad>0</gpxtpx:cad></gpxtpx:TrackPointExtension></extensions></trkpt><trkpt lat="15.7080853544" lon="73.6807900015"><ele>1.58</ele><time>2025-11-18T04:10:56Z</time><extensions><gpxtpx:TrackPointExtension><gpxtpx:cad>0</gpxtpx:cad></gpxtpx:TrackPointExtension></extensions></trkpt><trkpt lat="15.7079173811" lon="73.6807148997"><ele>2.06</ele><time>2025-11-18T04:11:01Z</time><extensions><gpxtpx:TrackPointExtension><gpxtpx:cad>0</gpxtpx:cad></gpxtpx:TrackPointExtension></extensions></trkpt><trkpt lat="15.7077571191" lon="73.6806314159"><ele>2.06</ele><time>2025-11-18T04:11:06Z</time><extensions><gpxtpx:TrackPointExtension><gpxtpx:cad>0</gpxtpx:cad></gpxtpx:TrackPointExtension></extensions></trkpt><trkpt lat="15.7075933367" lon="73.6805530451"><ele>1.58</ele><time>2025-11-18T04:11:11Z</time><extensions><gpxtpx:TrackPointExtension><gpxtpx:cad>0</gpxtpx:cad></gpxtpx:TrackPointExtension></extensions></trkpt><trkpt lat="15.7074327394" lon="73.6804726627"><ele>1.58</ele><time>2025-11-18T04:11:16Z</time><extensions><gpxtpx:TrackPointExtension><gpxtpx:cad>0</gpxtpx:cad></gpxtpx:TrackPointExtension></extensions></trkpt><trkpt lat="15.7072785962" lon="73.6803916097"><ele>1.58</ele><time>2025-11-18T04:11:21Z</time><extensions><gpxtpx:TrackPointExtension><gpxtpx:cad>0</gpxtpx:cad></gpxtpx:TrackPointExtension></extensions></trkpt><trkpt lat="15.7071172446" lon="73.6803203635"><ele>2.06</ele><time>2025-11-18T04:11:26Z</time><extensions><gpxtpx:TrackPointExtension><gpxtpx:cad>0</gpxtpx:cad></gpxtpx:TrackPointExtension></extensions></trkpt><trkpt lat="15.7069508638" lon="73.6802466027"><ele>1.58</ele><time>2025-11-18T04:11:31Z</time><extensions><gpxtpx:TrackPointExtension><gpxtpx:cad>0</gpxtpx:cad></gpxtpx:TrackPointExtension></extensions></trkpt><trkpt lat="15.7067959663" lon="73.6801585089"><ele>1.58</ele><time>2025-11-18T04:11:36Z</time><extensions><gpxtpx:TrackPointExtension><gpxtpx:cad>0</gpxtpx:cad></gpxtpx:TrackPointExtension></extensions></trkpt><trkpt lat="15.7066394761" lon="73.6800777912"><ele>1.58</ele><time>2025-11-18T04:11:41Z</time><extensions><gpxtpx:TrackPointExtension><gpxtpx:cad>0</gpxtpx:cad></gpxtpx:TrackPointExtension></extensions></trkpt><trkpt lat="15.7064869255" lon="73.6799856741"><ele>1.58</ele><time>2025-11-18T04:11:46Z</time><extensions><gpxtpx:TrackPointExtension><gpxtpx:cad>0</gpxtpx:cad></gpxtpx:TrackPointExtension></extensions></trkpt><trkpt lat="15.7063293457" lon="73.6798977479"><ele>2.06</ele><time>2025-11-18T04:11:51Z</time><extensions><gpxtpx:TrackPointExtension><gpxtpx:cad>0</gpxtpx:cad></gpxtpx:TrackPointExtension></extensions></trkpt><trkpt lat="15.7061623782" lon="73.6798020266"><ele>2.06</ele><time>2025-11-18T04:11:56Z</time><extensions><gpxtpx:TrackPointExtension><gpxtpx:cad>0</gpxtpx:cad></gpxtpx:TrackPointExtension></extensions></trkpt><trkpt lat="15.7060143538" lon="73.6797173694"><ele>1.58</ele><time>2025-11-18T04:12:01Z</time><extensions><gpxtpx:TrackPointExtension><gpxtpx:cad>0</gpxtpx:cad></gpxtpx:TrackPointExtension></extensions></trkpt><trkpt lat="15.7058581989" lon="73.6796147749"><ele>1.10</ele><time>2025-11-18T04:12:06Z</time><extensions><gpxtpx:TrackPointExtension><gpxtpx:cad>0</gpxtpx:cad></gpxtpx:TrackPointExtension></extensions></trkpt><trkpt lat="15.7057086658" lon="73.6795142759"><ele>1.58</ele><time>2025-11-18T04:12:11Z</time><extensions><gpxtpx:TrackPointExtension><gpxtpx:cad>0</gpxtpx:cad></gpxtpx:TrackPointExtension></extensions></trkpt><trkpt lat="15.7055600546" lon="73.6794164591"><ele>1.10</ele><time>2025-11-18T04:12:16Z</time><extensions><gpxtpx:TrackPointExtension><gpxtpx:cad>0</gpxtpx:cad></gpxtpx:TrackPointExtension></extensions></trkpt><trkpt lat="15.7054127846" lon="73.6793242581"><ele>1.58</ele><time>2025-11-18T04:12:21Z</time><extensions><gpxtpx:TrackPointExtension><gpxtpx:cad>0</gpxtpx:cad></gpxtpx:TrackPointExtension></extensions></trkpt><trkpt lat="15.7052686997" lon="73.6792258546"><ele>1.58</ele><time>2025-11-18T04:12:26Z</time><extensions><gpxtpx:TrackPointExtension><gpxtpx:cad>0</gpxtpx:cad></gpxtpx:TrackPointExtension></extensions></trkpt><trkpt lat="15.7051221002" lon="73.6791225895"><ele>1.58</ele><time>2025-11-18T04:12:31Z</time><extensions><gpxtpx:TrackPointExtension><gpxtpx:cad>0</gpxtpx:cad></gpxtpx:TrackPointExtension></extensions></trkpt><trkpt lat="15.7049727347" lon="73.6790249404"><ele>1.58</ele><time>2025-11-18T04:12:36Z</time><extensions><gpxtpx:TrackPointExtension><gpxtpx:cad>0</gpxtpx:cad></gpxtpx:TrackPointExtension></extensions></trkpt><trkpt lat="15.7048169151" lon="73.6789251119"><ele>2.06</ele><time>2025-11-18T04:12:41Z</time><extensions><gpxtpx:TrackPointExtension><gpxtpx:cad>0</gpxtpx:cad></gpxtpx:TrackPointExtension></extensions></trkpt><trkpt lat="15.7046617661" lon="73.6788324919"><ele>2.54</ele><time>2025-11-18T04:12:46Z</time><extensions><gpxtpx:TrackPointExtension><gpxtpx:cad>0</gpxtpx:cad></gpxtpx:TrackPointExtension></extensions></trkpt><trkpt lat="15.7045052759" lon="73.6787395366"><ele>2.06</ele><time>2025-11-18T04:12:51Z</time><extensions><gpxtpx:TrackPointExtension><gpxtpx:cad>0</gpxtpx:cad></gpxtpx:TrackPointExtension></extensions></trkpt><trkpt lat="15.7043569162" lon="73.6786418874"><ele>2.06</ele><time>2025-11-18T04:12:56Z</time><extensions><gpxtpx:TrackPointExtension><gpxtpx:cad>0</gpxtpx:cad></gpxtpx:TrackPointExtension></extensions></trkpt><trkpt lat="15.7042104844" lon="73.6785396282"><ele>2.06</ele><time>2025-11-18T04:13:01Z</time><extensions><gpxtpx:TrackPointExtension><gpxtpx:cad>0</gpxtpx:cad></gpxtpx:TrackPointExtension></extensions></trkpt><trkpt lat="15.7040622924" lon="73.6784345191"><ele>2.06</ele><time>2025-11-18T04:13:06Z</time><extensions><gpxtpx:TrackPointExtension><gpxtpx:cad>0</gpxtpx:cad></gpxtpx:TrackPointExtension></extensions></trkpt><trkpt lat="15.7039102446" lon="73.6783365346"><ele>2.54</ele><time>2025-11-18T04:13:11Z</time><extensions><gpxtpx:TrackPointExtension><gpxtpx:cad>0</gpxtpx:cad></gpxtpx:TrackPointExtension></extensions></trkpt><trkpt lat="15.7037612144" lon="73.6782331858"><ele>2.06</ele><time>2025-11-18T04:13:16Z</time><extensions><gpxtpx:TrackPointExtension><gpxtpx:cad>0</gpxtpx:cad></gpxtpx:TrackPointExtension></extensions></trkpt><trkpt lat="15.7036116812" lon="73.6781318486"><ele>2.06</ele><time>2025-11-18T04:13:21Z</time><extensions><gpxtpx:TrackPointExtension><gpxtpx:cad>0</gpxtpx:cad></gpxtpx:TrackPointExtension></extensions></trkpt><trkpt lat="15.7034649141" lon="73.6780267395"><ele>1.58</ele><time>2025-11-18T04:13:26Z</time><extensions><gpxtpx:TrackPointExtension><gpxtpx:cad>0</gpxtpx:cad></gpxtpx:TrackPointExtension></extensions></trkpt><trkpt lat="15.7033235952" lon="73.6779124103"><ele>1.58</ele><time>2025-11-18T04:13:31Z</time><extensions><gpxtpx:TrackPointExtension><gpxtpx:cad>0</gpxtpx:cad></gpxtpx:TrackPointExtension></extensions></trkpt><trkpt lat="15.7031790912" lon="73.6778060440"><ele>1.58</ele><time>2025-11-18T04:13:36Z</time><extensions><gpxtpx:TrackPointExtension><gpxtpx:cad>0</gpxtpx:cad></gpxtpx:TrackPointExtension></extensions></trkpt><trkpt lat="15.7030371856" lon="73.6776999291"><ele>1.58</ele><time>2025-11-18T04:13:41Z</time><extensions><gpxtpx:TrackPointExtension><gpxtpx:cad>0</gpxtpx:cad></gpxtpx:TrackPointExtension></extensions></trkpt><trkpt lat="15.7029005606" lon="73.6775829177"><ele>1.58</ele><time>2025-11-18T04:13:46Z</time><extensions><gpxtpx:TrackPointExtension><gpxtpx:cad>0</gpxtpx:cad></gpxtpx:TrackPointExtension></extensions></trkpt><trkpt lat="15.7027556375" lon="73.6774675827"><ele>2.54</ele><time>2025-11-18T04:13:51Z</time><extensions><gpxtpx:TrackPointExtension><gpxtpx:cad>0</gpxtpx:cad></gpxtpx:TrackPointExtension></extensions></trkpt><trkpt lat="15.7026023325" lon="73.6773633957"><ele>3.02</ele><time>2025-11-18T04:13:56Z</time><extensions><gpxtpx:TrackPointExtension><gpxtpx:cad>0</gpxtpx:cad></gpxtpx:TrackPointExtension></extensions></trkpt><trkpt lat="15.7024553139" lon="73.6772535089"><ele>3.50</ele><time>2025-11-18T04:14:01Z</time><extensions><gpxtpx:TrackPointExtension><gpxtpx:cad>0</gpxtpx:cad></gpxtpx:TrackPointExtension></extensions></trkpt><trkpt lat="15.7023182698" lon="73.6771373358"><ele>3.50</ele><time>2025-11-18T04:14:06Z</time><extensions><gpxtpx:TrackPointExtension><gpxtpx:cad>0</gpxtpx:cad></gpxtpx:TrackPointExtension></extensions></trkpt><trkpt lat="15.7021814771" lon="73.6770235095"><ele>3.50</ele><time>2025-11-18T04:14:11Z</time><extensions><gpxtpx:TrackPointExtension><gpxtpx:cad>0</gpxtpx:cad></gpxtpx:TrackPointExtension></extensions></trkpt><trkpt lat="15.7020321116" lon="73.6769179814"><ele>3.02</ele><time>2025-11-18T04:14:16Z</time><extensions><gpxtpx:TrackPointExtension><gpxtpx:cad>0</gpxtpx:cad></gpxtpx:TrackPointExtension></extensions></trkpt><trkpt lat="15.7018917147" lon="73.6768032331"><ele>3.02</ele><time>2025-11-18T04:14:21Z</time><extensions><gpxtpx:TrackPointExtension><gpxtpx:cad>0</gpxtpx:cad></gpxtpx:TrackPointExtension></extensions></trkpt><trkpt lat="15.7017503958" lon="73.6766922567"><ele>2.54</ele><time>2025-11-18T04:14:26Z</time><extensions><gpxtpx:TrackPointExtension><gpxtpx:cad>0</gpxtpx:cad></gpxtpx:TrackPointExtension></extensions></trkpt><trkpt lat="15.7016054727" lon="73.6765830405"><ele>2.06</ele><time>2025-11-18T04:14:31Z</time><extensions><gpxtpx:TrackPointExtension><gpxtpx:cad>0</gpxtpx:cad></gpxtpx:TrackPointExtension></extensions></trkpt><trkpt lat="15.7014528383" lon="73.6765073519"><ele>2.06</ele><time>2025-11-18T04:14:36Z</time><extensions><gpxtpx:TrackPointExtension><gpxtpx:cad>0</gpxtpx:cad></gpxtpx:TrackPointExtension></extensions></trkpt><trkpt lat="15.7012959290" lon="73.6765262950"><ele>1.58</ele><time>2025-11-18T04:14:41Z</time><extensions><gpxtpx:TrackPointExtension><gpxtpx:cad>0</gpxtpx:cad></gpxtpx:TrackPointExtension></extensions></trkpt><trkpt lat="15.7011582982" lon="73.6766159814"><ele>1.10</ele><time>2025-11-18T04:14:46Z</time><extensions><gpxtpx:TrackPointExtension><gpxtpx:cad>0</gpxtpx:cad></gpxtpx:TrackPointExtension></extensions></trkpt><trkpt lat="15.7010425441" lon="73.6767334957"><ele>1.10</ele><time>2025-11-18T04:14:51Z</time><extensions><gpxtpx:TrackPointExtension><gpxtpx:cad>0</gpxtpx:cad></gpxtpx:TrackPointExtension></extensions></trkpt><trkpt lat="15.7009360939" lon="73.6768713780"><ele>1.10</ele><time>2025-11-18T04:14:56Z</time><extensions><gpxtpx:TrackPointExtension><gpxtpx:cad>0</gpxtpx:cad></gpxtpx:TrackPointExtension></extensions></trkpt><trkpt lat="15.7008061744" lon="73.6769973580"><ele>1.10</ele><time>2025-11-18T04:15:01Z</time><extensions><gpxtpx:TrackPointExtension><gpxtpx:cad>0</gpxtpx:cad></gpxtpx:TrackPointExtension></extensions></trkpt><trkpt lat="15.7006771769" lon="73.6771163810"><ele>1.10</ele><time>2025-11-18T04:15:06Z</time><extensions><gpxtpx:TrackPointExtension><gpxtpx:cad>0</gpxtpx:cad></gpxtpx:TrackPointExtension></extensions></trkpt><trkpt lat="15.7005658653" lon="73.6772468872"><ele>1.10</ele><time>2025-11-18T04:15:11Z</time><extensions><gpxtpx:TrackPointExtension><gpxtpx:cad>0</gpxtpx:cad></gpxtpx:TrackPointExtension></extensions></trkpt><trkpt lat="15.7004663721" lon="73.6773908883"><ele>0.62</ele><time>2025-11-18T04:15:16Z</time><extensions><gpxtpx:TrackPointExtension><gpxtpx:cad>0</gpxtpx:cad></gpxtpx:TrackPointExtension></extensions></trkpt><trkpt lat="15.7003603410" lon="73.6775291897"><ele>1.10</ele><time>2025-11-18T04:15:21Z</time><extensions><gpxtpx:TrackPointExtension><gpxtpx:cad>0</gpxtpx:cad></gpxtpx:TrackPointExtension></extensions></trkpt><trkpt lat="15.7002559025" lon="73.6776733585"><ele>0.62</ele><time>2025-11-18T04:15:26Z</time><extensions><gpxtpx:TrackPointExtension><gpxtpx:cad>0</gpxtpx:cad></gpxtpx:TrackPointExtension></extensions></trkpt><trkpt lat="15.7001452614" lon="73.6778152641"><ele>0.14</ele><time>2025-11-18T04:15:31Z</time><extensions><gpxtpx:TrackPointExtension><gpxtpx:cad>0</gpxtpx:cad></gpxtpx:TrackPointExtension></extensions></trkpt><trkpt lat="15.7000517193" lon="73.6779627018"><ele>0.14</ele><time>2025-11-18T04:15:36Z</time><extensions><gpxtpx:TrackPointExtension><gpxtpx:cad>0</gpxtpx:cad></gpxtpx:TrackPointExtension></extensions></trkpt><trkpt lat="15.6999451853" lon="73.6781004164"><ele>0.14</ele><time>2025-11-18T04:15:41Z</time><extensions><gpxtpx:TrackPointExtension><gpxtpx:cad>0</gpxtpx:cad></gpxtpx:TrackPointExtension></extensions></trkpt><trkpt lat="15.6998270005" lon="73.6782313418"><ele>-0.34</ele><time>2025-11-18T04:15:46Z</time><extensions><gpxtpx:TrackPointExtension><gpxtpx:cad>0</gpxtpx:cad></gpxtpx:TrackPointExtension></extensions></trkpt><trkpt lat="15.6997241545" lon="73.6783771869"><ele>-0.34</ele><time>2025-11-18T04:15:51Z</time><extensions><gpxtpx:TrackPointExtension><gpxtpx:cad>0</gpxtpx:cad></gpxtpx:TrackPointExtension></extensions></trkpt><trkpt lat="15.6996024493" lon="73.6785108782"><ele>-0.34</ele><time>2025-11-18T04:15:56Z</time><extensions><gpxtpx:TrackPointExtension><gpxtpx:cad>0</gpxtpx:cad></gpxtpx:TrackPointExtension></extensions></trkpt><trkpt lat="15.6994796544" lon="73.6786239501"><ele>-0.34</ele><time>2025-11-18T04:16:01Z</time><extensions><gpxtpx:TrackPointExtension><gpxtpx:cad>0</gpxtpx:cad></gpxtpx:TrackPointExtension></extensions></trkpt><trkpt lat="15.6993644033" lon="73.6787578091"><ele>0.14</ele><time>2025-11-18T04:16:06Z</time><extensions><gpxtpx:TrackPointExtension><gpxtpx:cad>0</gpxtpx:cad></gpxtpx:TrackPointExtension></extensions></trkpt><trkpt lat="15.6992517505" lon="73.6788842920"><ele>-0.82</ele><time>2025-11-18T04:16:11Z</time><extensions><gpxtpx:TrackPointExtension><gpxtpx:cad>0</gpxtpx:cad></gpxtpx:TrackPointExtension></extensions></trkpt><trkpt lat="15.6991493236" lon="73.6790321488"><ele>-0.82</ele><time>2025-11-18T04:16:16Z</time><extensions><gpxtpx:TrackPointExtension><gpxtpx:cad>0</gpxtpx:cad></gpxtpx:TrackPointExtension></extensions></trkpt><trkpt lat="15.6990541052" lon="73.6791764013"><ele>-1.30</ele><time>2025-11-18T04:16:21Z</time><extensions><gpxtpx:TrackPointExtension><gpxtpx:cad>0</gpxtpx:cad></gpxtpx:TrackPointExtension></extensions></trkpt><trkpt lat="15.6989426259" lon="73.6793175526"><ele>-1.30</ele><time>2025-11-18T04:16:26Z</time><extensions><gpxtpx:TrackPointExtension><gpxtpx:cad>0</gpxtpx:cad></gpxtpx:TrackPointExtension></extensions></trkpt><trkpt lat="15.6988444738" lon="73.6794493999"><ele>-0.82</ele><time>2025-11-18T04:16:31Z</time><extensions><gpxtpx:TrackPointExtension><gpxtpx:cad>0</gpxtpx:cad></gpxtpx:TrackPointExtension></extensions></trkpt><trkpt lat="15.6987365149" lon="73.6796005256"><ele>-0.34</ele><time>2025-11-18T04:16:36Z</time><extensions><gpxtpx:TrackPointExtension><gpxtpx:cad>0</gpxtpx:cad></gpxtpx:TrackPointExtension></extensions></trkpt><trkpt lat="15.6986402906" lon="73.6797398329"><ele>-0.34</ele><time>2025-11-18T04:16:41Z</time><extensions><gpxtpx:TrackPointExtension><gpxtpx:cad>0</gpxtpx:cad></gpxtpx:TrackPointExtension></extensions></trkpt><trkpt lat="15.6985322479" lon="73.6798683275"><ele>0.14</ele><time>2025-11-18T04:16:46Z</time><extensions><gpxtpx:TrackPointExtension><gpxtpx:cad>0</gpxtpx:cad></gpxtpx:TrackPointExtension></extensions></trkpt><trkpt lat="15.6984082796" lon="73.6799896136"><ele>0.14</ele><time>2025-11-18T04:16:51Z</time><extensions><gpxtpx:TrackPointExtension><gpxtpx:cad>0</gpxtpx:cad></gpxtpx:TrackPointExtension></extensions></trkpt><trkpt lat="15.6982755940" lon="73.6801093072"><ele>0.62</ele><time>2025-11-18T04:16:56Z</time><extensions><gpxtpx:TrackPointExtension><gpxtpx:cad>0</gpxtpx:cad></gpxtpx:TrackPointExtension></extensions></trkpt><trkpt lat="15.6981541403" lon="73.6802280787"><ele>0.14</ele><time>2025-11-18T04:17:01Z</time><extensions><gpxtpx:TrackPointExtension><gpxtpx:cad>0</gpxtpx:cad></gpxtpx:TrackPointExtension></extensions></trkpt><trkpt lat="15.6980359554" lon="73.6803526338"><ele>0.62</ele><time>2025-11-18T04:17:06Z</time><extensions><gpxtpx:TrackPointExtension><gpxtpx:cad>0</gpxtpx:cad></gpxtpx:TrackPointExtension></extensions></trkpt><trkpt lat="15.6979272421" lon="73.6804820504"><ele>0.14</ele><time>2025-11-18T04:17:11Z</time><extensions><gpxtpx:TrackPointExtension><gpxtpx:cad>0</gpxtpx:cad></gpxtpx:TrackPointExtension></extensions></trkpt><trkpt lat="15.6978099793" lon="73.6806157418"><ele>-0.34</ele><time>2025-11-18T04:17:16Z</time><extensions><gpxtpx:TrackPointExtension><gpxtpx:cad>0</gpxtpx:cad></gpxtpx:TrackPointExtension></extensions></trkpt><trkpt lat="15.6977065466" lon="73.6807478406"><ele>-0.34</ele><time>2025-11-18T04:17:21Z</time><extensions><gpxtpx:TrackPointExtension><gpxtpx:cad>0</gpxtpx:cad></gpxtpx:TrackPointExtension></extensions></trkpt><trkpt lat="15.6975963246" lon="73.6808843818"><ele>0.14</ele><time>2025-11-18T04:17:26Z</time><extensions><gpxtpx:TrackPointExtension><gpxtpx:cad>0</gpxtpx:cad></gpxtpx:TrackPointExtension></extensions></trkpt><trkpt lat="15.6974829175" lon="73.6810055003"><ele>0.14</ele><time>2025-11-18T04:17:31Z</time><extensions><gpxtpx:TrackPointExtension><gpxtpx:cad>0</gpxtpx:cad></gpxtpx:TrackPointExtension></extensions></trkpt><trkpt lat="15.6973780598" lon="73.6811501719"><ele>0.62</ele><time>2025-11-18T04:17:36Z</time><extensions><gpxtpx:TrackPointExtension><gpxtpx:cad>0</gpxtpx:cad></gpxtpx:TrackPointExtension></extensions></trkpt><trkpt lat="15.6972593721" lon="73.6812847015"><ele>0.62</ele><time>2025-11-18T04:17:41Z</time><extensions><gpxtpx:TrackPointExtension><gpxtpx:cad>0</gpxtpx:cad></gpxtpx:TrackPointExtension></extensions></trkpt><trkpt lat="15.6971363258" lon="73.6814058200"><ele>0.62</ele><time>2025-11-18T04:17:46Z</time><extensions><gpxtpx:TrackPointExtension><gpxtpx:cad>0</gpxtpx:cad></gpxtpx:TrackPointExtension></extensions></trkpt><trkpt lat="15.6970147043" lon="73.6815340631"><ele>0.62</ele><time>2025-11-18T04:17:51Z</time><extensions><gpxtpx:TrackPointExtension><gpxtpx:cad>0</gpxtpx:cad></gpxtpx:TrackPointExtension></extensions></trkpt><trkpt lat="15.6968954299" lon="73.6816545948"><ele>0.14</ele><time>2025-11-18T04:17:56Z</time><extensions><gpxtpx:TrackPointExtension><gpxtpx:cad>0</gpxtpx:cad></gpxtpx:TrackPointExtension></extensions></trkpt><trkpt lat="15.6967739761" lon="73.6817812454"><ele>0.62</ele><time>2025-11-18T04:18:01Z</time><extensions><gpxtpx:TrackPointExtension><gpxtpx:cad>0</gpxtpx:cad></gpxtpx:TrackPointExtension></extensions></trkpt><trkpt lat="15.6966467388" lon="73.6819047108"><ele>0.62</ele><time>2025-11-18T04:18:06Z</time><extensions><gpxtpx:TrackPointExtension><gpxtpx:cad>0</gpxtpx:cad></gpxtpx:TrackPointExtension></extensions></trkpt><trkpt lat="15.6965403724" lon="73.6820433475"><ele>0.14</ele><time>2025-11-18T04:18:11Z</time><extensions><gpxtpx:TrackPointExtension><gpxtpx:cad>0</gpxtpx:cad></gpxtpx:TrackPointExtension></extensions></trkpt><trkpt lat="15.6964268815" lon="73.6821761169"><ele>0.14</ele><time>2025-11-18T04:18:16Z</time><extensions><gpxtpx:TrackPointExtension><gpxtpx:cad>0</gpxtpx:cad></gpxtpx:TrackPointExtension></extensions></trkpt><trkpt lat="15.6963162404" lon="73.6823044438"><ele>0.14</ele><time>2025-11-18T04:18:21Z</time><extensions><gpxtpx:TrackPointExtension><gpxtpx:cad>0</gpxtpx:cad></gpxtpx:TrackPointExtension></extensions></trkpt><trkpt lat="15.6961931102" lon="73.6824332736"><ele>-0.82</ele><time>2025-11-18T04:18:26Z</time><extensions><gpxtpx:TrackPointExtension><gpxtpx:cad>0</gpxtpx:cad></gpxtpx:TrackPointExtension></extensions></trkpt><trkpt lat="15.6960771047" lon="73.6825655401"><ele>-0.82</ele><time>2025-11-18T04:18:31Z</time><extensions><gpxtpx:TrackPointExtension><gpxtpx:cad>0</gpxtpx:cad></gpxtpx:TrackPointExtension></extensions></trkpt><trkpt lat="15.6959583331" lon="73.6826869100"><ele>-0.82</ele><time>2025-11-18T04:18:36Z</time><extensions><gpxtpx:TrackPointExtension><gpxtpx:cad>0</gpxtpx:cad></gpxtpx:TrackPointExtension></extensions></trkpt><trkpt lat="15.6958340295" lon="73.6828039214"><ele>-0.82</ele><time>2025-11-18T04:18:41Z</time><extensions><gpxtpx:TrackPointExtension><gpxtpx:cad>0</gpxtpx:cad></gpxtpx:TrackPointExtension></extensions></trkpt><trkpt lat="15.6957138330" lon="73.6829203460"><ele>-0.34</ele><time>2025-11-18T04:18:46Z</time><extensions><gpxtpx:TrackPointExtension><gpxtpx:cad>0</gpxtpx:cad></gpxtpx:TrackPointExtension></extensions></trkpt><trkpt lat="15.6955907028" lon="73.6830336694"><ele>0.14</ele><time>2025-11-18T04:18:51Z</time><extensions><gpxtpx:TrackPointExtension><gpxtpx:cad>0</gpxtpx:cad></gpxtpx:TrackPointExtension></extensions></trkpt><trkpt lat="15.6954775471" lon="73.6831676122"><ele>0.62</ele><time>2025-11-18T04:18:56Z</time><extensions><gpxtpx:TrackPointExtension><gpxtpx:cad>0</gpxtpx:cad></gpxtpx:TrackPointExtension></extensions></trkpt><trkpt lat="15.6953582726" lon="73.6832889821"><ele>0.62</ele><time>2025-11-18T04:19:01Z</time><extensions><gpxtpx:TrackPointExtension><gpxtpx:cad>0</gpxtpx:cad></gpxtpx:TrackPointExtension></extensions></trkpt><trkpt lat="15.6952410936" lon="73.6834173929"><ele>0.62</ele><time>2025-11-18T04:19:06Z</time><extensions><gpxtpx:TrackPointExtension><gpxtpx:cad>0</gpxtpx:cad></gpxtpx:TrackPointExtension></extensions></trkpt><trkpt lat="15.6951282732" lon="73.6835509166"><ele>0.62</ele><time>2025-11-18T04:19:11Z</time><extensions><gpxtpx:TrackPointExtension><gpxtpx:cad>0</gpxtpx:cad></gpxtpx:TrackPointExtension></extensions></trkpt><trkpt lat="15.6950213201" lon="73.6836796626"><ele>0.62</ele><time>2025-11-18T04:19:16Z</time><extensions><gpxtpx:TrackPointExtension><gpxtpx:cad>0</gpxtpx:cad></gpxtpx:TrackPointExtension></extensions></trkpt><trkpt lat="15.6949053984" lon="73.6838151980"><ele>0.14</ele><time>2025-11-18T04:19:21Z</time><extensions><gpxtpx:TrackPointExtension><gpxtpx:cad>0</gpxtpx:cad></gpxtpx:TrackPointExtension></extensions></trkpt><trkpt lat="15.6947871298" lon="73.6839454528"><ele>0.14</ele><time>2025-11-18T04:19:26Z</time><extensions><gpxtpx:TrackPointExtension><gpxtpx:cad>0</gpxtpx:cad></gpxtpx:TrackPointExtension></extensions></trkpt><trkpt lat="15.6946675200" lon="73.6840655655"><ele>-0.34</ele><time>2025-11-18T04:19:31Z</time><extensions><gpxtpx:TrackPointExtension><gpxtpx:cad>0</gpxtpx:cad></gpxtpx:TrackPointExtension></extensions></trkpt><trkpt lat="15.6945448928" lon="73.6841829121"><ele>-0.34</ele><time>2025-11-18T04:19:36Z</time><extensions><gpxtpx:TrackPointExtension><gpxtpx:cad>0</gpxtpx:cad></gpxtpx:TrackPointExtension></extensions></trkpt><trkpt lat="15.6944244448" lon="73.6843052041"><ele>-0.34</ele><time>2025-11-18T04:19:41Z</time><extensions><gpxtpx:TrackPointExtension><gpxtpx:cad>0</gpxtpx:cad></gpxtpx:TrackPointExtension></extensions></trkpt><trkpt lat="15.6942951120" lon="73.6844173539"><ele>-0.82</ele><time>2025-11-18T04:19:46Z</time><extensions><gpxtpx:TrackPointExtension><gpxtpx:cad>0</gpxtpx:cad></gpxtpx:TrackPointExtension></extensions></trkpt><trkpt lat="15.6941615045" lon="73.6845310125"><ele>0.14</ele><time>2025-11-18T04:19:51Z</time><extensions><gpxtpx:TrackPointExtension><gpxtpx:cad>0</gpxtpx:cad></gpxtpx:TrackPointExtension></extensions></trkpt><trkpt lat="15.6940281484" lon="73.6846397258"><ele>0.62</ele><time>2025-11-18T04:19:56Z</time><extensions><gpxtpx:TrackPointExtension><gpxtpx:cad>0</gpxtpx:cad></gpxtpx:TrackPointExtension></extensions></trkpt><trkpt lat="15.6938919425" lon="73.6847530492"><ele>0.62</ele><time>2025-11-18T04:20:01Z</time><extensions><gpxtpx:TrackPointExtension><gpxtpx:cad>0</gpxtpx:cad></gpxtpx:TrackPointExtension></extensions></trkpt><trkpt lat="15.6937694829" lon="73.6848749220"><ele>0.62</ele><time>2025-11-18T04:20:06Z</time><extensions><gpxtpx:TrackPointExtension><gpxtpx:cad>0</gpxtpx:cad></gpxtpx:TrackPointExtension></extensions></trkpt><trkpt lat="15.6936376356" lon="73.6849973816"><ele>0.62</ele><time>2025-11-18T04:20:11Z</time><extensions><gpxtpx:TrackPointExtension><gpxtpx:cad>0</gpxtpx:cad></gpxtpx:TrackPointExtension></extensions></trkpt><trkpt lat="15.6935159303" lon="73.6851153150"><ele>1.10</ele><time>2025-11-18T04:20:16Z</time><extensions><gpxtpx:TrackPointExtension><gpxtpx:cad>0</gpxtpx:cad></gpxtpx:TrackPointExtension></extensions></trkpt><trkpt lat="15.6933912076" lon="73.6852373555"><ele>1.10</ele><time>2025-11-18T04:20:21Z</time><extensions><gpxtpx:TrackPointExtension><gpxtpx:cad>0</gpxtpx:cad></gpxtpx:TrackPointExtension></extensions></trkpt><trkpt lat="15.6932693347" lon="73.6853600666"><ele>1.10</ele><time>2025-11-18T04:20:26Z</time><extensions><gpxtpx:TrackPointExtension><gpxtpx:cad>0</gpxtpx:cad></gpxtpx:TrackPointExtension></extensions></trkpt><trkpt lat="15.6931446120" lon="73.6854795925"><ele>1.58</ele><time>2025-11-18T04:20:31Z</time><extensions><gpxtpx:TrackPointExtension><gpxtpx:cad>0</gpxtpx:cad></gpxtpx:TrackPointExtension></extensions></trkpt><trkpt lat="15.6930162851" lon="73.6856063269"><ele>1.58</ele><time>2025-11-18T04:20:36Z</time><extensions><gpxtpx:TrackPointExtension><gpxtpx:cad>0</gpxtpx:cad></gpxtpx:TrackPointExtension></extensions></trkpt><trkpt lat="15.6928885449" lon="73.6857245956"><ele>1.58</ele><time>2025-11-18T04:20:41Z</time><extensions><gpxtpx:TrackPointExtension><gpxtpx:cad>0</gpxtpx:cad></gpxtpx:TrackPointExtension></extensions></trkpt><trkpt lat="15.6927670911" lon="73.6858387571"><ele>1.10</ele><time>2025-11-18T04:20:46Z</time><extensions><gpxtpx:TrackPointExtension><gpxtpx:cad>0</gpxtpx:cad></gpxtpx:TrackPointExtension></extensions></trkpt><trkpt lat="15.6926518399" lon="73.6859676708"><ele>1.10</ele><time>2025-11-18T04:20:51Z</time><extensions><gpxtpx:TrackPointExtension><gpxtpx:cad>0</gpxtpx:cad></gpxtpx:TrackPointExtension></extensions></trkpt><trkpt lat="15.6925406121" lon="73.6860991828"><ele>1.10</ele><time>2025-11-18T04:20:56Z</time><extensions><gpxtpx:TrackPointExtension><gpxtpx:cad>0</gpxtpx:cad></gpxtpx:TrackPointExtension></extensions></trkpt><trkpt lat="15.6924316473" lon="73.6862313654"><ele>1.10</ele><time>2025-11-18T04:21:01Z</time><extensions><gpxtpx:TrackPointExtension><gpxtpx:cad>0</gpxtpx:cad></gpxtpx:TrackPointExtension></extensions></trkpt><trkpt lat="15.6923218444" lon="73.6863648891"><ele>1.58</ele><time>2025-11-18T04:21:06Z</time><extensions><gpxtpx:TrackPointExtension><gpxtpx:cad>0</gpxtpx:cad></gpxtpx:TrackPointExtension></extensions></trkpt><trkpt lat="15.6922174059" lon="73.6865062919"><ele>1.58</ele><time>2025-11-18T04:21:11Z</time><extensions><gpxtpx:TrackPointExtension><gpxtpx:cad>0</gpxtpx:cad></gpxtpx:TrackPointExtension></extensions></trkpt><trkpt lat="15.6921085250" lon="73.6866391450"><ele>2.06</ele><time>2025-11-18T04:21:16Z</time><extensions><gpxtpx:TrackPointExtension><gpxtpx:cad>0</gpxtpx:cad></gpxtpx:TrackPointExtension></extensions></trkpt><trkpt lat="15.6919893343" lon="73.6867740098"><ele>2.54</ele><time>2025-11-18T04:21:21Z</time><extensions><gpxtpx:TrackPointExtension><gpxtpx:cad>0</gpxtpx:cad></gpxtpx:TrackPointExtension></extensions></trkpt><trkpt lat="15.6918630190" lon="73.6868896801"><ele>2.54</ele><time>2025-11-18T04:21:26Z</time><extensions><gpxtpx:TrackPointExtension><gpxtpx:cad>0</gpxtpx:cad></gpxtpx:TrackPointExtension></extensions></trkpt><trkpt lat="15.6917146593" lon="73.6869945377"><ele>1.58</ele><time>2025-11-18T04:21:31Z</time><extensions><gpxtpx:TrackPointExtension><gpxtpx:cad>0</gpxtpx:cad></gpxtpx:TrackPointExtension></extensions></trkpt><trkpt lat="15.6915780343" lon="73.6871042568"><ele>0.62</ele><time>2025-11-18T04:21:36Z</time><extensions><gpxtpx:TrackPointExtension><gpxtpx:cad>0</gpxtpx:cad></gpxtpx:TrackPointExtension></extensions></trkpt><trkpt lat="15.6914505456" lon="73.6872205976"><ele>0.62</ele><time>2025-11-18T04:21:41Z</time><extensions><gpxtpx:TrackPointExtension><gpxtpx:cad>0</gpxtpx:cad></gpxtpx:TrackPointExtension></extensions></trkpt><trkpt lat="15.6913385633" lon="73.6873599049"><ele>0.62</ele><time>2025-11-18T04:21:46Z</time><extensions><gpxtpx:TrackPointExtension><gpxtpx:cad>0</gpxtpx:cad></gpxtpx:TrackPointExtension></extensions></trkpt><trkpt lat="15.6912369747" lon="73.6874972004"><ele>0.62</ele><time>2025-11-18T04:21:51Z</time><extensions><gpxtpx:TrackPointExtension><gpxtpx:cad>0</gpxtpx:cad></gpxtpx:TrackPointExtension></extensions></trkpt><trkpt lat="15.6911331229" lon="73.6876401957"><ele>1.10</ele><time>2025-11-18T04:21:56Z</time><extensions><gpxtpx:TrackPointExtension><gpxtpx:cad>0</gpxtpx:cad></gpxtpx:TrackPointExtension></extensions></trkpt><trkpt lat="15.6910377368" lon="73.6877834424"><ele>1.10</ele><time>2025-11-18T04:22:01Z</time><extensions><gpxtpx:TrackPointExtension><gpxtpx:cad>0</gpxtpx:cad></gpxtpx:TrackPointExtension></extensions></trkpt><trkpt lat="15.6909389980" lon="73.6879277788"><ele>0.62</ele><time>2025-11-18T04:22:06Z</time><extensions><gpxtpx:TrackPointExtension><gpxtpx:cad>0</gpxtpx:cad></gpxtpx:TrackPointExtension></extensions></trkpt><trkpt lat="15.6908290274" lon="73.6880673375"><ele>1.58</ele><time>2025-11-18T04:22:11Z</time><extensions><gpxtpx:TrackPointExtension><gpxtpx:cad>0</gpxtpx:cad></gpxtpx:TrackPointExtension></extensions></trkpt><trkpt lat="15.6907286122" lon="73.6882037111"><ele>1.10</ele><time>2025-11-18T04:22:16Z</time><extensions><gpxtpx:TrackPointExtension><gpxtpx:cad>0</gpxtpx:cad></gpxtpx:TrackPointExtension></extensions></trkpt><trkpt lat="15.6906157918" lon="73.6883432698"><ele>1.58</ele><time>2025-11-18T04:22:21Z</time><extensions><gpxtpx:TrackPointExtension><gpxtpx:cad>0</gpxtpx:cad></gpxtpx:TrackPointExtension></extensions></trkpt><trkpt lat="15.6905046478" lon="73.6884767935"><ele>1.58</ele><time>2025-11-18T04:22:26Z</time><extensions><gpxtpx:TrackPointExtension><gpxtpx:cad>0</gpxtpx:cad></gpxtpx:TrackPointExtension></extensions></trkpt><trkpt lat="15.6903942581" lon="73.6886205431"><ele>1.58</ele><time>2025-11-18T04:22:31Z</time><extensions><gpxtpx:TrackPointExtension><gpxtpx:cad>0</gpxtpx:cad></gpxtpx:TrackPointExtension></extensions></trkpt><trkpt lat="15.6902919151" lon="73.6887594312"><ele>1.10</ele><time>2025-11-18T04:22:36Z</time><extensions><gpxtpx:TrackPointExtension><gpxtpx:cad>0</gpxtpx:cad></gpxtpx:TrackPointExtension></extensions></trkpt><trkpt lat="15.6901975349" lon="73.6889075395"><ele>0.62</ele><time>2025-11-18T04:22:41Z</time><extensions><gpxtpx:TrackPointExtension><gpxtpx:cad>0</gpxtpx:cad></gpxtpx:TrackPointExtension></extensions></trkpt><trkpt lat="15.6901008077" lon="73.6890516244"><ele>0.62</ele><time>2025-11-18T04:22:46Z</time><extensions><gpxtpx:TrackPointExtension><gpxtpx:cad>0</gpxtpx:cad></gpxtpx:TrackPointExtension></extensions></trkpt><trkpt lat="15.6899925973" lon="73.6891899258"><ele>0.62</ele><time>2025-11-18T04:22:51Z</time><extensions><gpxtpx:TrackPointExtension><gpxtpx:cad>0</gpxtpx:cad></gpxtpx:TrackPointExtension></extensions></trkpt><trkpt lat="15.6898893323" lon="73.6893248744"><ele>0.62</ele><time>2025-11-18T04:22:56Z</time><extensions><gpxtpx:TrackPointExtension><gpxtpx:cad>0</gpxtpx:cad></gpxtpx:TrackPointExtension></extensions></trkpt><trkpt lat="15.6897755899" lon="73.6894552130"><ele>0.14</ele><time>2025-11-18T04:23:01Z</time><extensions><gpxtpx:TrackPointExtension><gpxtpx:cad>0</gpxtpx:cad></gpxtpx:TrackPointExtension></extensions></trkpt><trkpt lat="15.6896486878" lon="73.6895679496"><ele>0.14</ele><time>2025-11-18T04:23:06Z</time><extensions><gpxtpx:TrackPointExtension><gpxtpx:cad>0</gpxtpx:cad></gpxtpx:TrackPointExtension></extensions></trkpt><trkpt lat="15.6895266473" lon="73.6896862183"><ele>0.14</ele><time>2025-11-18T04:23:11Z</time><extensions><gpxtpx:TrackPointExtension><gpxtpx:cad>0</gpxtpx:cad></gpxtpx:TrackPointExtension></extensions></trkpt><trkpt lat="15.6894056965" lon="73.6898084264"><ele>0.14</ele><time>2025-11-18T04:23:16Z</time><extensions><gpxtpx:TrackPointExtension><gpxtpx:cad>0</gpxtpx:cad></gpxtpx:TrackPointExtension></extensions></trkpt><trkpt lat="15.6892760284" lon="73.6899244320"><ele>-0.34</ele><time>2025-11-18T04:23:21Z</time><extensions><gpxtpx:TrackPointExtension><gpxtpx:cad>0</gpxtpx:cad></gpxtpx:TrackPointExtension></extensions></trkpt><trkpt lat="15.6891481206" lon="73.6900450476"><ele>-0.34</ele><time>2025-11-18T04:23:26Z</time><extensions><gpxtpx:TrackPointExtension><gpxtpx:cad>0</gpxtpx:cad></gpxtpx:TrackPointExtension></extensions></trkpt><trkpt lat="15.6890348811" lon="73.6901659146"><ele>-0.34</ele><time>2025-11-18T04:23:31Z</time><extensions><gpxtpx:TrackPointExtension><gpxtpx:cad>0</gpxtpx:cad></gpxtpx:TrackPointExtension></extensions></trkpt><trkpt lat="15.6889117509" lon="73.6902923137"><ele>-0.82</ele><time>2025-11-18T04:23:36Z</time><extensions><gpxtpx:TrackPointExtension><gpxtpx:cad>0</gpxtpx:cad></gpxtpx:TrackPointExtension></extensions></trkpt><trkpt lat="15.6887966674" lon="73.6904185452"><ele>-0.82</ele><time>2025-11-18T04:23:41Z</time><extensions><gpxtpx:TrackPointExtension><gpxtpx:cad>0</gpxtpx:cad></gpxtpx:TrackPointExtension></extensions></trkpt><trkpt lat="15.6886816677" lon="73.6905500572"><ele>-0.34</ele><time>2025-11-18T04:23:46Z</time><extensions><gpxtpx:TrackPointExtension><gpxtpx:cad>0</gpxtpx:cad></gpxtpx:TrackPointExtension></extensions></trkpt><trkpt lat="15.6885630637" lon="73.6906765401"><ele>0.14</ele><time>2025-11-18T04:23:51Z</time><extensions><gpxtpx:TrackPointExtension><gpxtpx:cad>0</gpxtpx:cad></gpxtpx:TrackPointExtension></extensions></trkpt><trkpt lat="15.6884361617" lon="73.6908074655"><ele>0.62</ele><time>2025-11-18T04:23:56Z</time><extensions><gpxtpx:TrackPointExtension><gpxtpx:cad>0</gpxtpx:cad></gpxtpx:TrackPointExtension></extensions></trkpt><trkpt lat="15.6883218326" lon="73.6909312662"><ele>0.62</ele><time>2025-11-18T04:24:01Z</time><extensions><gpxtpx:TrackPointExtension><gpxtpx:cad>0</gpxtpx:cad></gpxtpx:TrackPointExtension></extensions></trkpt><trkpt lat="15.6882084254" lon="73.6910575815"><ele>1.10</ele><time>2025-11-18T04:24:06Z</time><extensions><gpxtpx:TrackPointExtension><gpxtpx:cad>0</gpxtpx:cad></gpxtpx:TrackPointExtension></extensions></trkpt><trkpt lat="15.6880956050" lon="73.6911854055"><ele>1.58</ele><time>2025-11-18T04:24:11Z</time><extensions><gpxtpx:TrackPointExtension><gpxtpx:cad>0</gpxtpx:cad></gpxtpx:TrackPointExtension></extensions></trkpt><trkpt lat="15.6879764982" lon="73.6913105473"><ele>1.10</ele><time>2025-11-18T04:24:16Z</time><extensions><gpxtpx:TrackPointExtension><gpxtpx:cad>0</gpxtpx:cad></gpxtpx:TrackPointExtension></extensions></trkpt><trkpt lat="15.6878562178" lon="73.6914461665"><ele>1.58</ele><time>2025-11-18T04:24:21Z</time><extensions><gpxtpx:TrackPointExtension><gpxtpx:cad>0</gpxtpx:cad></gpxtpx:TrackPointExtension></extensions></trkpt><trkpt lat="15.6877349317" lon="73.6915664468"><ele>1.58</ele><time>2025-11-18T04:24:26Z</time><extensions><gpxtpx:TrackPointExtension><gpxtpx:cad>0</gpxtpx:cad></gpxtpx:TrackPointExtension></extensions></trkpt><trkpt lat="15.6876092032" lon="73.6916904151"><ele>1.58</ele><time>2025-11-18T04:24:31Z</time><extensions><gpxtpx:TrackPointExtension><gpxtpx:cad>0</gpxtpx:cad></gpxtpx:TrackPointExtension></extensions></trkpt><trkpt lat="15.6874801219" lon="73.6918079294"><ele>2.06</ele><time>2025-11-18T04:24:36Z</time><extensions><gpxtpx:TrackPointExtension><gpxtpx:cad>0</gpxtpx:cad></gpxtpx:TrackPointExtension></extensions></trkpt><trkpt lat="15.6873470172" lon="73.6919199955"><ele>2.06</ele><time>2025-11-18T04:24:41Z</time><extensions><gpxtpx:TrackPointExtension><gpxtpx:cad>0</gpxtpx:cad></gpxtpx:TrackPointExtension></extensions></trkpt><trkpt lat="15.6872126553" lon="73.6920297146"><ele>2.06</ele><time>2025-11-18T04:24:46Z</time><extensions><gpxtpx:TrackPointExtension><gpxtpx:cad>0</gpxtpx:cad></gpxtpx:TrackPointExtension></extensions></trkpt><trkpt lat="15.6870861724" lon="73.6921420321"><ele>1.58</ele><time>2025-11-18T04:24:51Z</time><extensions><gpxtpx:TrackPointExtension><gpxtpx:cad>0</gpxtpx:cad></gpxtpx:TrackPointExtension></extensions></trkpt><trkpt lat="15.6869506370" lon="73.6922547687"><ele>0.62</ele><time>2025-11-18T04:24:56Z</time><extensions><gpxtpx:TrackPointExtension><gpxtpx:cad>0</gpxtpx:cad></gpxtpx:TrackPointExtension></extensions></trkpt><trkpt lat="15.6868208852" lon="73.6923659965"><ele>0.62</ele><time>2025-11-18T04:25:01Z</time><extensions><gpxtpx:TrackPointExtension><gpxtpx:cad>0</gpxtpx:cad></gpxtpx:TrackPointExtension></extensions></trkpt><trkpt lat="15.6866823323" lon="73.6924830917"><ele>0.62</ele><time>2025-11-18T04:25:06Z</time><extensions><gpxtpx:TrackPointExtension><gpxtpx:cad>0</gpxtpx:cad></gpxtpx:TrackPointExtension></extensions></trkpt><trkpt lat="15.6865336373" lon="73.6925683357"><ele>0.14</ele><time>2025-11-18T04:25:11Z</time><extensions><gpxtpx:TrackPointExtension><gpxtpx:cad>0</gpxtpx:cad></gpxtpx:TrackPointExtension></extensions></trkpt><trkpt lat="15.6863914803" lon="73.6926664039"><ele>-0.34</ele><time>2025-11-18T04:25:16Z</time><extensions><gpxtpx:TrackPointExtension><gpxtpx:cad>0</gpxtpx:cad></gpxtpx:TrackPointExtension></extensions></trkpt><trkpt lat="15.6862515025" lon="73.6927645560"><ele>-0.34</ele><time>2025-11-18T04:25:21Z</time><extensions><gpxtpx:TrackPointExtension><gpxtpx:cad>0</gpxtpx:cad></gpxtpx:TrackPointExtension></extensions></trkpt><trkpt lat="15.6861159671" lon="73.6928756163"><ele>0.14</ele><time>2025-11-18T04:25:26Z</time><extensions><gpxtpx:TrackPointExtension><gpxtpx:cad>0</gpxtpx:cad></gpxtpx:TrackPointExtension></extensions></trkpt><trkpt lat="15.6859855447" lon="73.6929850839"><ele>0.62</ele><time>2025-11-18T04:25:31Z</time><extensions><gpxtpx:TrackPointExtension><gpxtpx:cad>0</gpxtpx:cad></gpxtpx:TrackPointExtension></extensions></trkpt><trkpt lat="15.6858666893" lon="73.6930969823"><ele>0.62</ele><time>2025-11-18T04:25:36Z</time><extensions><gpxtpx:TrackPointExtension><gpxtpx:cad>0</gpxtpx:cad></gpxtpx:TrackPointExtension></extensions></trkpt><trkpt lat="15.6857780926" lon="73.6932364572"><ele>0.62</ele><time>2025-11-18T04:25:41Z</time><extensions><gpxtpx:TrackPointExtension><gpxtpx:cad>0</gpxtpx:cad></gpxtpx:TrackPointExtension></extensions></trkpt><trkpt lat="15.6856935192" lon="73.6933874991"><ele>0.62</ele><time>2025-11-18T04:25:46Z</time><extensions><gpxtpx:TrackPointExtension><gpxtpx:cad>0</gpxtpx:cad></gpxtpx:TrackPointExtension></extensions></trkpt><trkpt lat="15.6856154837" lon="73.6935424805"><ele>1.10</ele><time>2025-11-18T04:25:51Z</time><extensions><gpxtpx:TrackPointExtension><gpxtpx:cad>0</gpxtpx:cad></gpxtpx:TrackPointExtension></extensions></trkpt><trkpt lat="15.6855277251" lon="73.6936840508"><ele>1.10</ele><time>2025-11-18T04:25:56Z</time><extensions><gpxtpx:TrackPointExtension><gpxtpx:cad>0</gpxtpx:cad></gpxtpx:TrackPointExtension></extensions></trkpt><trkpt lat="15.6854382902" lon="73.6938406248"><ele>1.58</ele><time>2025-11-18T04:26:01Z</time><extensions><gpxtpx:TrackPointExtension><gpxtpx:cad>0</gpxtpx:cad></gpxtpx:TrackPointExtension></extensions></trkpt><trkpt lat="15.6853641104" lon="73.6939912476"><ele>1.58</ele><time>2025-11-18T04:26:06Z</time><extensions><gpxtpx:TrackPointExtension><gpxtpx:cad>0</gpxtpx:cad></gpxtpx:TrackPointExtension></extensions></trkpt><trkpt lat="15.6852926128" lon="73.6941406969"><ele>1.58</ele><time>2025-11-18T04:26:11Z</time><extensions><gpxtpx:TrackPointExtension><gpxtpx:cad>0</gpxtpx:cad></gpxtpx:TrackPointExtension></extensions></trkpt><trkpt lat="15.6852180138" lon="73.6942929961"><ele>1.10</ele><time>2025-11-18T04:26:16Z</time><extensions><gpxtpx:TrackPointExtension><gpxtpx:cad>0</gpxtpx:cad></gpxtpx:TrackPointExtension></extensions></trkpt><trkpt lat="15.6851371285" lon="73.6944415234"><ele>0.62</ele><time>2025-11-18T04:26:21Z</time><extensions><gpxtpx:TrackPointExtension><gpxtpx:cad>0</gpxtpx:cad></gpxtpx:TrackPointExtension></extensions></trkpt><trkpt lat="15.6850526389" lon="73.6945918947"><ele>1.10</ele><time>2025-11-18T04:26:26Z</time><extensions><gpxtpx:TrackPointExtension><gpxtpx:cad>0</gpxtpx:cad></gpxtpx:TrackPointExtension></extensions></trkpt><trkpt lat="15.6849569175" lon="73.6947362311"><ele>1.58</ele><time>2025-11-18T04:26:31Z</time><extensions><gpxtpx:TrackPointExtension><gpxtpx:cad>0</gpxtpx:cad></gpxtpx:TrackPointExtension></extensions></trkpt><trkpt lat="15.6848526467" lon="73.6948807351"><ele>2.06</ele><time>2025-11-18T04:26:36Z</time><extensions><gpxtpx:TrackPointExtension><gpxtpx:cad>0</gpxtpx:cad></gpxtpx:TrackPointExtension></extensions></trkpt><trkpt lat="15.6847558357" lon="73.6950151809"><ele>1.58</ele><time>2025-11-18T04:26:41Z</time><extensions><gpxtpx:TrackPointExtension><gpxtpx:cad>0</gpxtpx:cad></gpxtpx:TrackPointExtension></extensions></trkpt><trkpt lat="15.6846582703" lon="73.6951559130"><ele>1.58</ele><time>2025-11-18T04:26:46Z</time><extensions><gpxtpx:TrackPointExtension><gpxtpx:cad>0</gpxtpx:cad></gpxtpx:TrackPointExtension></extensions></trkpt><trkpt lat="15.6845589448" lon="73.6953053623"><ele>2.06</ele><time>2025-11-18T04:26:51Z</time><extensions><gpxtpx:TrackPointExtension><gpxtpx:cad>0</gpxtpx:cad></gpxtpx:TrackPointExtension></extensions></trkpt><trkpt lat="15.6844571047" lon="73.6954456754"><ele>1.58</ele><time>2025-11-18T04:26:56Z</time><extensions><gpxtpx:TrackPointExtension><gpxtpx:cad>0</gpxtpx:cad></gpxtpx:TrackPointExtension></extensions></trkpt><trkpt lat="15.6843530852" lon="73.6955800373"><ele>1.58</ele><time>2025-11-18T04:27:01Z</time><extensions><gpxtpx:TrackPointExtension><gpxtpx:cad>0</gpxtpx:cad></gpxtpx:TrackPointExtension></extensions></trkpt><trkpt lat="15.6842473056" lon="73.6957156565"><ele>1.10</ele><time>2025-11-18T04:27:06Z</time><extensions><gpxtpx:TrackPointExtension><gpxtpx:cad>0</gpxtpx:cad></gpxtpx:TrackPointExtension></extensions></trkpt><trkpt lat="15.6841200683" lon="73.6958418880"><ele>0.62</ele><time>2025-11-18T04:27:11Z</time><extensions><gpxtpx:TrackPointExtension><gpxtpx:cad>0</gpxtpx:cad></gpxtpx:TrackPointExtension></extensions></trkpt><trkpt lat="15.6839924958" lon="73.6959528644"><ele>0.62</ele><time>2025-11-18T04:27:16Z</time><extensions><gpxtpx:TrackPointExtension><gpxtpx:cad>0</gpxtpx:cad></gpxtpx:TrackPointExtension></extensions></trkpt><trkpt lat="15.6838660967" lon="73.6960668582"><ele>0.62</ele><time>2025-11-18T04:27:21Z</time><extensions><gpxtpx:TrackPointExtension><gpxtpx:cad>0</gpxtpx:cad></gpxtpx:TrackPointExtension></extensions></trkpt><trkpt lat="15.6837396137" lon="73.6961820256"><ele>0.62</ele><time>2025-11-18T04:27:26Z</time><extensions><gpxtpx:TrackPointExtension><gpxtpx:cad>0</gpxtpx:cad></gpxtpx:TrackPointExtension></extensions></trkpt><trkpt lat="15.6836089399" lon="73.6962890625"><ele>1.10</ele><time>2025-11-18T04:27:31Z</time><extensions><gpxtpx:TrackPointExtension><gpxtpx:cad>0</gpxtpx:cad></gpxtpx:TrackPointExtension></extensions></trkpt><trkpt lat="15.6834784336" lon="73.6963960156"><ele>1.58</ele><time>2025-11-18T04:27:36Z</time><extensions><gpxtpx:TrackPointExtension><gpxtpx:cad>0</gpxtpx:cad></gpxtpx:TrackPointExtension></extensions></trkpt><trkpt lat="15.6833424792" lon="73.6965025496"><ele>2.06</ele><time>2025-11-18T04:27:41Z</time><extensions><gpxtpx:TrackPointExtension><gpxtpx:cad>0</gpxtpx:cad></gpxtpx:TrackPointExtension></extensions></trkpt><trkpt lat="15.6832062732" lon="73.6966087483"><ele>2.54</ele><time>2025-11-18T04:27:46Z</time><extensions><gpxtpx:TrackPointExtension><gpxtpx:cad>0</gpxtpx:cad></gpxtpx:TrackPointExtension></extensions></trkpt><trkpt lat="15.6830637809" lon="73.6966954172"><ele>2.54</ele><time>2025-11-18T04:27:51Z</time><extensions><gpxtpx:TrackPointExtension><gpxtpx:cad>0</gpxtpx:cad></gpxtpx:TrackPointExtension></extensions></trkpt><trkpt lat="15.6829374656" lon="73.6968048848"><ele>2.06</ele><time>2025-11-18T04:27:56Z</time><extensions><gpxtpx:TrackPointExtension><gpxtpx:cad>0</gpxtpx:cad></gpxtpx:TrackPointExtension></extensions></trkpt><trkpt lat="15.6828352902" lon="73.6969241593"><ele>1.58</ele><time>2025-11-18T04:28:01Z</time><extensions><gpxtpx:TrackPointExtension><gpxtpx:cad>0</gpxtpx:cad></gpxtpx:TrackPointExtension></extensions></trkpt><trkpt lat="15.6827176083" lon="73.6970536597"><ele>1.10</ele><time>2025-11-18T04:28:06Z</time><extensions><gpxtpx:TrackPointExtension><gpxtpx:cad>0</gpxtpx:cad></gpxtpx:TrackPointExtension></extensions></trkpt><trkpt lat="15.6826093979" lon="73.6971735209"><ele>0.62</ele><time>2025-11-18T04:28:11Z</time><extensions><gpxtpx:TrackPointExtension><gpxtpx:cad>0</gpxtpx:cad></gpxtpx:TrackPointExtension></extensions></trkpt><trkpt lat="15.6824964099" lon="73.6973143369"><ele>0.62</ele><time>2025-11-18T04:28:16Z</time><extensions><gpxtpx:TrackPointExtension><gpxtpx:cad>0</gpxtpx:cad></gpxtpx:TrackPointExtension></extensions></trkpt><trkpt lat="15.6823923066" lon="73.6974385567"><ele>0.62</ele><time>2025-11-18T04:28:21Z</time><extensions><gpxtpx:TrackPointExtension><gpxtpx:cad>0</gpxtpx:cad></gpxtpx:TrackPointExtension></extensions></trkpt><trkpt lat="15.6822824199" lon="73.6975720804"><ele>1.10</ele><time>2025-11-18T04:28:26Z</time><extensions><gpxtpx:TrackPointExtension><gpxtpx:cad>0</gpxtpx:cad></gpxtpx:TrackPointExtension></extensions></trkpt><trkpt lat="15.6821681745" lon="73.6976941209"><ele>1.10</ele><time>2025-11-18T04:28:31Z</time><extensions><gpxtpx:TrackPointExtension><gpxtpx:cad>0</gpxtpx:cad></gpxtpx:TrackPointExtension></extensions></trkpt><trkpt lat="15.6820461340" lon="73.6978285667"><ele>1.58</ele><time>2025-11-18T04:28:36Z</time><extensions><gpxtpx:TrackPointExtension><gpxtpx:cad>0</gpxtpx:cad></gpxtpx:TrackPointExtension></extensions></trkpt><trkpt lat="15.6819102634" lon="73.6979363579"><ele>1.10</ele><time>2025-11-18T04:28:41Z</time><extensions><gpxtpx:TrackPointExtension><gpxtpx:cad>0</gpxtpx:cad></gpxtpx:TrackPointExtension></extensions></trkpt><trkpt lat="15.6817719620" lon="73.6980374437"><ele>2.06</ele><time>2025-11-18T04:28:46Z</time><extensions><gpxtpx:TrackPointExtension><gpxtpx:cad>0</gpxtpx:cad></gpxtpx:TrackPointExtension></extensions></trkpt><trkpt lat="15.6816518493" lon="73.6981503479"><ele>1.58</ele><time>2025-11-18T04:28:51Z</time><extensions><gpxtpx:TrackPointExtension><gpxtpx:cad>0</gpxtpx:cad></gpxtpx:TrackPointExtension></extensions></trkpt><trkpt lat="15.6815182418" lon="73.6982712150"><ele>1.58</ele><time>2025-11-18T04:28:56Z</time><extensions><gpxtpx:TrackPointExtension><gpxtpx:cad>0</gpxtpx:cad></gpxtpx:TrackPointExtension></extensions></trkpt><trkpt lat="15.6813952792" lon="73.6983850412"><ele>1.58</ele><time>2025-11-18T04:29:01Z</time><extensions><gpxtpx:TrackPointExtension><gpxtpx:cad>0</gpxtpx:cad></gpxtpx:TrackPointExtension></extensions></trkpt><trkpt lat="15.6812616717" lon="73.6985046510"><ele>1.58</ele><time>2025-11-18T04:29:06Z</time><extensions><gpxtpx:TrackPointExtension><gpxtpx:cad>0</gpxtpx:cad></gpxtpx:TrackPointExtension></extensions></trkpt><trkpt lat="15.6811317522" lon="73.6986085027"><ele>1.10</ele><time>2025-11-18T04:29:11Z</time><extensions><gpxtpx:TrackPointExtension><gpxtpx:cad>0</gpxtpx:cad></gpxtpx:TrackPointExtension></extensions></trkpt><trkpt lat="15.6809928641" lon="73.6987177189"><ele>1.58</ele><time>2025-11-18T04:29:16Z</time><extensions><gpxtpx:TrackPointExtension><gpxtpx:cad>0</gpxtpx:cad></gpxtpx:TrackPointExtension></extensions></trkpt><trkpt lat="15.6808470190" lon="73.6988145299"><ele>1.10</ele><time>2025-11-18T04:29:21Z</time><extensions><gpxtpx:TrackPointExtension><gpxtpx:cad>0</gpxtpx:cad></gpxtpx:TrackPointExtension></extensions></trkpt><trkpt lat="15.6806974858" lon="73.6989109218"><ele>0.62</ele><time>2025-11-18T04:29:26Z</time><extensions><gpxtpx:TrackPointExtension><gpxtpx:cad>0</gpxtpx:cad></gpxtpx:TrackPointExtension></extensions></trkpt><trkpt lat="15.6805424206" lon="73.6989932321"><ele>0.62</ele><time>2025-11-18T04:29:31Z</time><extensions><gpxtpx:TrackPointExtension><gpxtpx:cad>0</gpxtpx:cad></gpxtpx:TrackPointExtension></extensions></trkpt><trkpt lat="15.6803876068" lon="73.6990703456"><ele>0.62</ele><time>2025-11-18T04:29:36Z</time><extensions><gpxtpx:TrackPointExtension><gpxtpx:cad>0</gpxtpx:cad></gpxtpx:TrackPointExtension></extensions></trkpt><trkpt lat="15.6802408397" lon="73.6991549190"><ele>1.10</ele><time>2025-11-18T04:29:41Z</time><extensions><gpxtpx:TrackPointExtension><gpxtpx:cad>0</gpxtpx:cad></gpxtpx:TrackPointExtension></extensions></trkpt><trkpt lat="15.6800856069" lon="73.6992359720"><ele>1.10</ele><time>2025-11-18T04:29:46Z</time><extensions><gpxtpx:TrackPointExtension><gpxtpx:cad>0</gpxtpx:cad></gpxtpx:TrackPointExtension></extensions></trkpt><trkpt lat="15.6799243391" lon="73.6993156001"><ele>1.10</ele><time>2025-11-18T04:29:51Z</time><extensions><gpxtpx:TrackPointExtension><gpxtpx:cad>0</gpxtpx:cad></gpxtpx:TrackPointExtension></extensions></trkpt><trkpt lat="15.6797757279" lon="73.6993974913"><ele>2.06</ele><time>2025-11-18T04:29:56Z</time><extensions><gpxtpx:TrackPointExtension><gpxtpx:cad>0</gpxtpx:cad></gpxtpx:TrackPointExtension></extensions></trkpt><trkpt lat="15.6796318106" lon="73.6994901951"><ele>1.58</ele><time>2025-11-18T04:30:01Z</time><extensions><gpxtpx:TrackPointExtension><gpxtpx:cad>0</gpxtpx:cad></gpxtpx:TrackPointExtension></extensions></trkpt><trkpt lat="15.6794912461" lon="73.6995909456"><ele>1.10</ele><time>2025-11-18T04:30:06Z</time><extensions><gpxtpx:TrackPointExtension><gpxtpx:cad>0</gpxtpx:cad></gpxtpx:TrackPointExtension></extensions></trkpt><trkpt lat="15.6793401204" lon="73.6996968929"><ele>1.10</ele><time>2025-11-18T04:30:11Z</time><extensions><gpxtpx:TrackPointExtension><gpxtpx:cad>0</gpxtpx:cad></gpxtpx:TrackPointExtension></extensions></trkpt><trkpt lat="15.6792104524" lon="73.6997942068"><ele>0.62</ele><time>2025-11-18T04:30:16Z</time><extensions><gpxtpx:TrackPointExtension><gpxtpx:cad>0</gpxtpx:cad></gpxtpx:TrackPointExtension></extensions></trkpt><trkpt lat="15.6790642720" lon="73.6998988967"><ele>0.62</ele><time>2025-11-18T04:30:21Z</time><extensions><gpxtpx:TrackPointExtension><gpxtpx:cad>0</gpxtpx:cad></gpxtpx:TrackPointExtension></extensions></trkpt><trkpt lat="15.6789306644" lon="73.6999967135"><ele>0.62</ele><time>2025-11-18T04:30:26Z</time><extensions><gpxtpx:TrackPointExtension><gpxtpx:cad>0</gpxtpx:cad></gpxtpx:TrackPointExtension></extensions></trkpt><trkpt lat="15.6787818857" lon="73.7000918481"><ele>0.62</ele><time>2025-11-18T04:30:31Z</time><extensions><gpxtpx:TrackPointExtension><gpxtpx:cad>0</gpxtpx:cad></gpxtpx:TrackPointExtension></extensions></trkpt><trkpt lat="15.6786465179" lon="73.7001808640"><ele>1.10</ele><time>2025-11-18T04:30:36Z</time><extensions><gpxtpx:TrackPointExtension><gpxtpx:cad>0</gpxtpx:cad></gpxtpx:TrackPointExtension></extensions></trkpt><trkpt lat="15.6784918718" lon="73.7002608273"><ele>1.58</ele><time>2025-11-18T04:30:41Z</time><extensions><gpxtpx:TrackPointExtension><gpxtpx:cad>0</gpxtpx:cad></gpxtpx:TrackPointExtension></extensions></trkpt><trkpt lat="15.6783360522" lon="73.7003436405"><ele>1.10</ele><time>2025-11-18T04:30:46Z</time><extensions><gpxtpx:TrackPointExtension><gpxtpx:cad>0</gpxtpx:cad></gpxtpx:TrackPointExtension></extensions></trkpt><trkpt lat="15.6781912129" lon="73.7004432175"><ele>1.58</ele><time>2025-11-18T04:30:51Z</time><extensions><gpxtpx:TrackPointExtension><gpxtpx:cad>0</gpxtpx:cad></gpxtpx:TrackPointExtension></extensions></trkpt><trkpt lat="15.6780372374" lon="73.7005278748"><ele>1.10</ele><time>2025-11-18T04:30:56Z</time><extensions><gpxtpx:TrackPointExtension><gpxtpx:cad>0</gpxtpx:cad></gpxtpx:TrackPointExtension></extensions></trkpt><trkpt lat="15.6778991036" lon="73.7006176449"><ele>1.58</ele><time>2025-11-18T04:31:01Z</time><extensions><gpxtpx:TrackPointExtension><gpxtpx:cad>0</gpxtpx:cad></gpxtpx:TrackPointExtension></extensions></trkpt><trkpt lat="15.6777564436" lon="73.7007339019"><ele>2.06</ele><time>2025-11-18T04:31:06Z</time><extensions><gpxtpx:TrackPointExtension><gpxtpx:cad>0</gpxtpx:cad></gpxtpx:TrackPointExtension></extensions></trkpt><trkpt lat="15.6776151247" lon="73.7008204032"><ele>2.06</ele><time>2025-11-18T04:31:11Z</time><extensions><gpxtpx:TrackPointExtension><gpxtpx:cad>0</gpxtpx:cad></gpxtpx:TrackPointExtension></extensions></trkpt><trkpt lat="15.6774704531" lon="73.7009074073"><ele>2.06</ele><time>2025-11-18T04:31:16Z</time><extensions><gpxtpx:TrackPointExtension><gpxtpx:cad>0</gpxtpx:cad></gpxtpx:TrackPointExtension></extensions></trkpt><trkpt lat="15.6773316488" lon="73.7010098342"><ele>2.06</ele><time>2025-11-18T04:31:21Z</time><extensions><gpxtpx:TrackPointExtension><gpxtpx:cad>0</gpxtpx:cad></gpxtpx:TrackPointExtension></extensions></trkpt><trkpt lat="15.6771887373" lon="73.7011048011"><ele>1.10</ele><time>2025-11-18T04:31:26Z</time><extensions><gpxtpx:TrackPointExtension><gpxtpx:cad>0</gpxtpx:cad></gpxtpx:TrackPointExtension></extensions></trkpt><trkpt lat="15.6770432275" lon="73.7011926435"><ele>1.58</ele><time>2025-11-18T04:31:31Z</time><extensions><gpxtpx:TrackPointExtension><gpxtpx:cad>0</gpxtpx:cad></gpxtpx:TrackPointExtension></extensions></trkpt><trkpt lat="15.6768965442" lon="73.7012690865"><ele>1.58</ele><time>2025-11-18T04:31:36Z</time><extensions><gpxtpx:TrackPointExtension><gpxtpx:cad>0</gpxtpx:cad></gpxtpx:TrackPointExtension></extensions></trkpt><trkpt lat="15.6767394673" lon="73.7013405003"><ele>1.10</ele><time>2025-11-18T04:31:41Z</time><extensions><gpxtpx:TrackPointExtension><gpxtpx:cad>0</gpxtpx:cad></gpxtpx:TrackPointExtension></extensions></trkpt><trkpt lat="15.6765818037" lon="73.7014184520"><ele>0.62</ele><time>2025-11-18T04:31:46Z</time><extensions><gpxtpx:TrackPointExtension><gpxtpx:cad>0</gpxtpx:cad></gpxtpx:TrackPointExtension></extensions></trkpt><trkpt lat="15.6764400657" lon="73.7015064619"><ele>1.10</ele><time>2025-11-18T04:31:51Z</time><extensions><gpxtpx:TrackPointExtension><gpxtpx:cad>0</gpxtpx:cad></gpxtpx:TrackPointExtension></extensions></trkpt><trkpt lat="15.6762880180" lon="73.7015883531"><ele>1.58</ele><time>2025-11-18T04:31:56Z</time><extensions><gpxtpx:TrackPointExtension><gpxtpx:cad>0</gpxtpx:cad></gpxtpx:TrackPointExtension></extensions></trkpt><trkpt lat="15.6761340424" lon="73.7016647961"><ele>1.58</ele><time>2025-11-18T04:32:01Z</time><extensions><gpxtpx:TrackPointExtension><gpxtpx:cad>0</gpxtpx:cad></gpxtpx:TrackPointExtension></extensions></trkpt><trkpt lat="15.6759635545" lon="73.7017174345"><ele>2.06</ele><time>2025-11-18T04:32:06Z</time><extensions><gpxtpx:TrackPointExtension><gpxtpx:cad>0</gpxtpx:cad></gpxtpx:TrackPointExtension></extensions></trkpt><trkpt lat="15.6757944915" lon="73.7017622776"><ele>3.02</ele><time>2025-11-18T04:32:11Z</time><extensions><gpxtpx:TrackPointExtension><gpxtpx:cad>0</gpxtpx:cad></gpxtpx:TrackPointExtension></extensions></trkpt><trkpt lat="15.6756214052" lon="73.7017688155"><ele>3.02</ele><time>2025-11-18T04:32:16Z</time><extensions><gpxtpx:TrackPointExtension><gpxtpx:cad>0</gpxtpx:cad></gpxtpx:TrackPointExtension></extensions></trkpt><trkpt lat="15.6754538510" lon="73.7017376348"><ele>3.50</ele><time>2025-11-18T04:32:21Z</time><extensions><gpxtpx:TrackPointExtension><gpxtpx:cad>0</gpxtpx:cad></gpxtpx:TrackPointExtension></extensions></trkpt><trkpt lat="15.6753035635" lon="73.7016550731"><ele>3.98</ele><time>2025-11-18T04:32:26Z</time><extensions><gpxtpx:TrackPointExtension><gpxtpx:cad>0</gpxtpx:cad></gpxtpx:TrackPointExtension></extensions></trkpt><trkpt lat="15.6751609873" lon="73.7015478685"><ele>3.98</ele><time>2025-11-18T04:32:31Z</time><extensions><gpxtpx:TrackPointExtension><gpxtpx:cad>0</gpxtpx:cad></gpxtpx:TrackPointExtension></extensions></trkpt><trkpt lat="15.6750292238" lon="73.7014270853"><ele>3.98</ele><time>2025-11-18T04:32:36Z</time><extensions><gpxtpx:TrackPointExtension><gpxtpx:cad>0</gpxtpx:cad></gpxtpx:TrackPointExtension></extensions></trkpt><trkpt lat="15.6749091111" lon="73.7013064697"><ele>3.98</ele><time>2025-11-18T04:32:41Z</time><extensions><gpxtpx:TrackPointExtension><gpxtpx:cad>0</gpxtpx:cad></gpxtpx:TrackPointExtension></extensions></trkpt><trkpt lat="15.6748022418" lon="73.7011851836"><ele>3.50</ele><time>2025-11-18T04:32:46Z</time><extensions><gpxtpx:TrackPointExtension><gpxtpx:cad>0</gpxtpx:cad></gpxtpx:TrackPointExtension></extensions></trkpt><trkpt lat="15.6747170817" lon="73.7010831758"><ele>3.02</ele><time>2025-11-18T04:32:51Z</time><extensions><gpxtpx:TrackPointExtension><gpxtpx:cad>0</gpxtpx:cad></gpxtpx:TrackPointExtension></extensions></trkpt><trkpt lat="15.6746299099" lon="73.7009872869"><ele>3.02</ele><time>2025-11-18T04:32:56Z</time><extensions><gpxtpx:TrackPointExtension><gpxtpx:cad>0</gpxtpx:cad></gpxtpx:TrackPointExtension></extensions></trkpt><trkpt lat="15.6745318417" lon="73.7009121012"><ele>3.02</ele><time>2025-11-18T04:33:01Z</time><extensions><gpxtpx:TrackPointExtension><gpxtpx:cad>0</gpxtpx:cad></gpxtpx:TrackPointExtension></extensions></trkpt><trkpt lat="15.6744442508" lon="73.7008569483"><ele>3.02</ele><time>2025-11-18T04:33:06Z</time><extensions><gpxtpx:TrackPointExtension><gpxtpx:cad>0</gpxtpx:cad></gpxtpx:TrackPointExtension></extensions></trkpt><trkpt lat="15.6743731722" lon="73.7008059025"><ele>3.02</ele><time>2025-11-18T04:33:11Z</time><extensions><gpxtpx:TrackPointExtension><gpxtpx:cad>0</gpxtpx:cad></gpxtpx:TrackPointExtension></extensions></trkpt><trkpt lat="15.6743085478" lon="73.7007587962"><ele>3.50</ele><time>2025-11-18T04:33:16Z</time><extensions><gpxtpx:TrackPointExtension><gpxtpx:cad>0</gpxtpx:cad></gpxtpx:TrackPointExtension></extensions></trkpt><trkpt lat="15.6742514670" lon="73.7007069960"><ele>3.98</ele><time>2025-11-18T04:33:21Z</time><extensions><gpxtpx:TrackPointExtension><gpxtpx:cad>0</gpxtpx:cad></gpxtpx:TrackPointExtension></extensions></trkpt><trkpt lat="15.6741866749" lon="73.7006663438"><ele>4.46</ele><time>2025-11-18T04:33:26Z</time><extensions><gpxtpx:TrackPointExtension><gpxtpx:cad>0</gpxtpx:cad></gpxtpx:TrackPointExtension></extensions></trkpt><trkpt lat="15.6741168536" lon="73.7006037310"><ele>3.50</ele><time>2025-11-18T04:33:31Z</time><extensions><gpxtpx:TrackPointExtension><gpxtpx:cad>0</gpxtpx:cad></gpxtpx:TrackPointExtension></extensions></trkpt><trkpt lat="15.6740286760" lon="73.7005210854"><ele>3.02</ele><time>2025-11-18T04:33:36Z</time><extensions><gpxtpx:TrackPointExtension><gpxtpx:cad>0</gpxtpx:cad></gpxtpx:TrackPointExtension></extensions></trkpt><trkpt lat="15.6739464495" lon="73.7004245259"><ele>2.54</ele><time>2025-11-18T04:33:41Z</time><extensions><gpxtpx:TrackPointExtension><gpxtpx:cad>0</gpxtpx:cad></gpxtpx:TrackPointExtension></extensions></trkpt><trkpt lat="15.6738861836" lon="73.7003397848"><ele>2.06</ele><time>2025-11-18T04:33:46Z</time><extensions><gpxtpx:TrackPointExtension><gpxtpx:cad>0</gpxtpx:cad></gpxtpx:TrackPointExtension></extensions></trkpt><trkpt lat="15.6738251634" lon="73.7002542056"><ele>2.06</ele><time>2025-11-18T04:33:51Z</time><extensions><gpxtpx:TrackPointExtension><gpxtpx:cad>0</gpxtpx:cad></gpxtpx:TrackPointExtension></extensions></trkpt><trkpt lat="15.6737314537" lon="73.7001328357"><ele>2.06</ele><time>2025-11-18T04:33:56Z</time><extensions><gpxtpx:TrackPointExtension><gpxtpx:cad>0</gpxtpx:cad></gpxtpx:TrackPointExtension></extensions></trkpt><trkpt lat="15.6736131012" lon="73.6999996472"><ele>3.02</ele><time>2025-11-18T04:34:01Z</time><extensions><gpxtpx:TrackPointExtension><gpxtpx:cad>0</gpxtpx:cad></gpxtpx:TrackPointExtension></extensions></trkpt><trkpt lat="15.6734883785" lon="73.6998738348"><ele>2.54</ele><time>2025-11-18T04:34:06Z</time><extensions><gpxtpx:TrackPointExtension><gpxtpx:cad>0</gpxtpx:cad></gpxtpx:TrackPointExtension></extensions></trkpt><trkpt lat="15.6733486522" lon="73.6997791193"><ele>2.54</ele><time>2025-11-18T04:34:11Z</time><extensions><gpxtpx:TrackPointExtension><gpxtpx:cad>0</gpxtpx:cad></gpxtpx:TrackPointExtension></extensions></trkpt><trkpt lat="15.6731986161" lon="73.6996797100"><ele>2.54</ele><time>2025-11-18T04:34:16Z</time><extensions><gpxtpx:TrackPointExtension><gpxtpx:cad>0</gpxtpx:cad></gpxtpx:TrackPointExtension></extensions></trkpt><trkpt lat="15.6730507594" lon="73.6995769478"><ele>2.06</ele><time>2025-11-18T04:34:21Z</time><extensions><gpxtpx:TrackPointExtension><gpxtpx:cad>0</gpxtpx:cad></gpxtpx:TrackPointExtension></extensions></trkpt><trkpt lat="15.6729110330" lon="73.6994651332"><ele>2.06</ele><time>2025-11-18T04:34:26Z</time><extensions><gpxtpx:TrackPointExtension><gpxtpx:cad>0</gpxtpx:cad></gpxtpx:TrackPointExtension></extensions></trkpt><trkpt lat="15.6727659423" lon="73.6993586831"><ele>1.58</ele><time>2025-11-18T04:34:31Z</time><extensions><gpxtpx:TrackPointExtension><gpxtpx:cad>0</gpxtpx:cad></gpxtpx:TrackPointExtension></extensions></trkpt><trkpt lat="15.6726225279" lon="73.6992492992"><ele>1.10</ele><time>2025-11-18T04:34:36Z</time><extensions><gpxtpx:TrackPointExtension><gpxtpx:cad>0</gpxtpx:cad></gpxtpx:TrackPointExtension></extensions></trkpt><trkpt lat="15.6724822987" lon="73.6991382390"><ele>0.62</ele><time>2025-11-18T04:34:41Z</time><extensions><gpxtpx:TrackPointExtension><gpxtpx:cad>0</gpxtpx:cad></gpxtpx:TrackPointExtension></extensions></trkpt><trkpt lat="15.6723425724" lon="73.6990257539"><ele>0.62</ele><time>2025-11-18T04:34:46Z</time><extensions><gpxtpx:TrackPointExtension><gpxtpx:cad>0</gpxtpx:cad></gpxtpx:TrackPointExtension></extensions></trkpt><trkpt lat="15.6722195260" lon="73.6989189684"><ele>0.14</ele><time>2025-11-18T04:34:51Z</time><extensions><gpxtpx:TrackPointExtension><gpxtpx:cad>0</gpxtpx:cad></gpxtpx:TrackPointExtension></extensions></trkpt><trkpt lat="15.6720870081" lon="73.6988115124"><ele>-0.34</ele><time>2025-11-18T04:34:56Z</time><extensions><gpxtpx:TrackPointExtension><gpxtpx:cad>0</gpxtpx:cad></gpxtpx:TrackPointExtension></extensions></trkpt><trkpt lat="15.6719539873" lon="73.6986935791"><ele>0.14</ele><time>2025-11-18T04:35:01Z</time><extensions><gpxtpx:TrackPointExtension><gpxtpx:cad>0</gpxtpx:cad></gpxtpx:TrackPointExtension></extensions></trkpt><trkpt lat="15.6718213018" lon="73.6985615641"><ele>0.14</ele><time>2025-11-18T04:35:06Z</time><extensions><gpxtpx:TrackPointExtension><gpxtpx:cad>0</gpxtpx:cad></gpxtpx:TrackPointExtension></extensions></trkpt><trkpt lat="15.6716953218" lon="73.6984396074"><ele>-0.34</ele><time>2025-11-18T04:35:11Z</time><extensions><gpxtpx:TrackPointExtension><gpxtpx:cad>0</gpxtpx:cad></gpxtpx:TrackPointExtension></extensions></trkpt><trkpt lat="15.6715613790" lon="73.6983106099"><ele>-0.34</ele><time>2025-11-18T04:35:16Z</time><extensions><gpxtpx:TrackPointExtension><gpxtpx:cad>0</gpxtpx:cad></gpxtpx:TrackPointExtension></extensions></trkpt><trkpt lat="15.6714224070" lon="73.6981917545"><ele>-0.34</ele><time>2025-11-18T04:35:21Z</time><extensions><gpxtpx:TrackPointExtension><gpxtpx:cad>0</gpxtpx:cad></gpxtpx:TrackPointExtension></extensions></trkpt><trkpt lat="15.6712912302" lon="73.6980768386"><ele>-0.82</ele><time>2025-11-18T04:35:26Z</time><extensions><gpxtpx:TrackPointExtension><gpxtpx:cad>0</gpxtpx:cad></gpxtpx:TrackPointExtension></extensions></trkpt><trkpt lat="15.6711442955" lon="73.6979701370"><ele>-0.34</ele><time>2025-11-18T04:35:31Z</time><extensions><gpxtpx:TrackPointExtension><gpxtpx:cad>0</gpxtpx:cad></gpxtpx:TrackPointExtension></extensions></trkpt><trkpt lat="15.6709999591" lon="73.6978701409"><ele>-0.34</ele><time>2025-11-18T04:35:36Z</time><extensions><gpxtpx:TrackPointExtension><gpxtpx:cad>0</gpxtpx:cad></gpxtpx:TrackPointExtension></extensions></trkpt><trkpt lat="15.6708576344" lon="73.6977731623"><ele>-0.34</ele><time>2025-11-18T04:35:41Z</time><extensions><gpxtpx:TrackPointExtension><gpxtpx:cad>0</gpxtpx:cad></gpxtpx:TrackPointExtension></extensions></trkpt><trkpt lat="15.6706996355" lon="73.6976941209"><ele>-0.34</ele><time>2025-11-18T04:35:46Z</time><extensions><gpxtpx:TrackPointExtension><gpxtpx:cad>0</gpxtpx:cad></gpxtpx:TrackPointExtension></extensions></trkpt><trkpt lat="15.6705254596" lon="73.6976315919"><ele>0.14</ele><time>2025-11-18T04:35:51Z</time><extensions><gpxtpx:TrackPointExtension><gpxtpx:cad>0</gpxtpx:cad></gpxtpx:TrackPointExtension></extensions></trkpt><trkpt lat="15.6703623477" lon="73.6975999922"><ele>0.62</ele><time>2025-11-18T04:35:56Z</time><extensions><gpxtpx:TrackPointExtension><gpxtpx:cad>0</gpxtpx:cad></gpxtpx:TrackPointExtension></extensions></trkpt><trkpt lat="15.6702040136" lon="73.6975735892"><ele>1.10</ele><time>2025-11-18T04:36:01Z</time><extensions><gpxtpx:TrackPointExtension><gpxtpx:cad>0</gpxtpx:cad></gpxtpx:TrackPointExtension></extensions></trkpt><trkpt lat="15.6700892653" lon="73.6975585017"><ele>2.06</ele><time>2025-11-18T04:36:06Z</time><extensions><gpxtpx:TrackPointExtension><gpxtpx:cad>0</gpxtpx:cad></gpxtpx:TrackPointExtension></extensions></trkpt><trkpt lat="15.6699987408" lon="73.6975433305"><ele>2.06</ele><time>2025-11-18T04:36:11Z</time><extensions><gpxtpx:TrackPointExtension><gpxtpx:cad>0</gpxtpx:cad></gpxtpx:TrackPointExtension></extensions></trkpt><trkpt lat="15.6699265726" lon="73.6975362059"><ele>3.50</ele><time>2025-11-18T04:36:16Z</time><extensions><gpxtpx:TrackPointExtension><gpxtpx:cad>0</gpxtpx:cad></gpxtpx:TrackPointExtension></extensions></trkpt><trkpt lat="15.6698568352" lon="73.6975426599"><ele>3.02</ele><time>2025-11-18T04:36:21Z</time><extensions><gpxtpx:TrackPointExtension><gpxtpx:cad>0</gpxtpx:cad></gpxtpx:TrackPointExtension></extensions></trkpt><trkpt lat="15.6697790511" lon="73.6975523829"><ele>3.98</ele><time>2025-11-18T04:36:26Z</time><extensions><gpxtpx:TrackPointExtension><gpxtpx:cad>0</gpxtpx:cad></gpxtpx:TrackPointExtension></extensions></trkpt><trkpt lat="15.6696992554" lon="73.6975648720"><ele>4.46</ele><time>2025-11-18T04:36:31Z</time><extensions><gpxtpx:TrackPointExtension><gpxtpx:cad>0</gpxtpx:cad></gpxtpx:TrackPointExtension></extensions></trkpt><trkpt lat="15.6696043722" lon="73.6975751817"><ele>4.94</ele><time>2025-11-18T04:36:36Z</time><extensions><gpxtpx:TrackPointExtension><gpxtpx:cad>0</gpxtpx:cad></gpxtpx:TrackPointExtension></extensions></trkpt><trkpt lat="15.6694958266" lon="73.6976137385"><ele>4.46</ele><time>2025-11-18T04:36:41Z</time><extensions><gpxtpx:TrackPointExtension><gpxtpx:cad>0</gpxtpx:cad></gpxtpx:TrackPointExtension></extensions></trkpt><trkpt lat="15.6693836767" lon="73.6976824701"><ele>3.50</ele><time>2025-11-18T04:36:46Z</time><extensions><gpxtpx:TrackPointExtension><gpxtpx:cad>0</gpxtpx:cad></gpxtpx:TrackPointExtension></extensions></trkpt><trkpt lat="15.6692600437" lon="73.6977679655"><ele>3.02</ele><time>2025-11-18T04:36:51Z</time><extensions><gpxtpx:TrackPointExtension><gpxtpx:cad>0</gpxtpx:cad></gpxtpx:TrackPointExtension></extensions></trkpt><trkpt lat="15.6691597123" lon="73.6978655308"><ele>2.06</ele><time>2025-11-18T04:36:56Z</time><extensions><gpxtpx:TrackPointExtension><gpxtpx:cad>0</gpxtpx:cad></gpxtpx:TrackPointExtension></extensions></trkpt><trkpt lat="15.6690496579" lon="73.6979451589"><ele>1.10</ele><time>2025-11-18T04:37:01Z</time><extensions><gpxtpx:TrackPointExtension><gpxtpx:cad>0</gpxtpx:cad></gpxtpx:TrackPointExtension></extensions></trkpt><trkpt lat="15.6689284556" lon="73.6980165727"><ele>0.62</ele><time>2025-11-18T04:37:06Z</time><extensions><gpxtpx:TrackPointExtension><gpxtpx:cad>0</gpxtpx:cad></gpxtpx:TrackPointExtension></extensions></trkpt><trkpt lat="15.6688074209" lon="73.6980838794"><ele>0.62</ele><time>2025-11-18T04:37:11Z</time><extensions><gpxtpx:TrackPointExtension><gpxtpx:cad>0</gpxtpx:cad></gpxtpx:TrackPointExtension></extensions></trkpt><trkpt lat="15.6686759926" lon="73.6981402058"><ele>0.62</ele><time>2025-11-18T04:37:16Z</time><extensions><gpxtpx:TrackPointExtension><gpxtpx:cad>0</gpxtpx:cad></gpxtpx:TrackPointExtension></extensions></trkpt><trkpt lat="15.6685392838" lon="73.6981887370"><ele>1.10</ele><time>2025-11-18T04:37:21Z</time><extensions><gpxtpx:TrackPointExtension><gpxtpx:cad>0</gpxtpx:cad></gpxtpx:TrackPointExtension></extensions></trkpt><trkpt lat="15.6684009824" lon="73.6982376873"><ele>1.10</ele><time>2025-11-18T04:37:26Z</time><extensions><gpxtpx:TrackPointExtension><gpxtpx:cad>0</gpxtpx:cad></gpxtpx:TrackPointExtension></extensions></trkpt><trkpt lat="15.6682426482" lon="73.6982689518"><ele>1.58</ele><time>2025-11-18T04:37:31Z</time><extensions><gpxtpx:TrackPointExtension><gpxtpx:cad>0</gpxtpx:cad></gpxtpx:TrackPointExtension></extensions></trkpt><trkpt lat="15.6680946238" lon="73.6982978694"><ele>1.58</ele><time>2025-11-18T04:37:36Z</time><extensions><gpxtpx:TrackPointExtension><gpxtpx:cad>0</gpxtpx:cad></gpxtpx:TrackPointExtension></extensions></trkpt><trkpt lat="15.6679362897" lon="73.6983098555"><ele>1.58</ele><time>2025-11-18T04:37:41Z</time><extensions><gpxtpx:TrackPointExtension><gpxtpx:cad>0</gpxtpx:cad></gpxtpx:TrackPointExtension></extensions></trkpt><trkpt lat="15.6677859183" lon="73.6983362585"><ele>2.54</ele><time>2025-11-18T04:37:46Z</time><extensions><gpxtpx:TrackPointExtension><gpxtpx:cad>0</gpxtpx:cad></gpxtpx:TrackPointExtension></extensions></trkpt><trkpt lat="15.6676276680" lon="73.6983548664"><ele>2.54</ele><time>2025-11-18T04:37:51Z</time><extensions><gpxtpx:TrackPointExtension><gpxtpx:cad>0</gpxtpx:cad></gpxtpx:TrackPointExtension></extensions></trkpt><trkpt lat="15.6674541626" lon="73.6983429641"><ele>2.06</ele><time>2025-11-18T04:37:56Z</time><extensions><gpxtpx:TrackPointExtension><gpxtpx:cad>0</gpxtpx:cad></gpxtpx:TrackPointExtension></extensions></trkpt><trkpt lat="15.6672864407" lon="73.6983208358"><ele>2.06</ele><time>2025-11-18T04:38:01Z</time><extensions><gpxtpx:TrackPointExtension><gpxtpx:cad>0</gpxtpx:cad></gpxtpx:TrackPointExtension></extensions></trkpt><trkpt lat="15.6671205629" lon="73.6982966959"><ele>2.06</ele><time>2025-11-18T04:38:06Z</time><extensions><gpxtpx:TrackPointExtension><gpxtpx:cad>0</gpxtpx:cad></gpxtpx:TrackPointExtension></extensions></trkpt><trkpt lat="15.6669587083" lon="73.6982732266"><ele>2.06</ele><time>2025-11-18T04:38:11Z</time><extensions><gpxtpx:TrackPointExtension><gpxtpx:cad>0</gpxtpx:cad></gpxtpx:TrackPointExtension></extensions></trkpt><trkpt lat="15.6667955965" lon="73.6982577201"><ele>1.58</ele><time>2025-11-18T04:38:16Z</time><extensions><gpxtpx:TrackPointExtension><gpxtpx:cad>0</gpxtpx:cad></gpxtpx:TrackPointExtension></extensions></trkpt><trkpt lat="15.6666265335" lon="73.6982459016"><ele>2.06</ele><time>2025-11-18T04:38:21Z</time><extensions><gpxtpx:TrackPointExtension><gpxtpx:cad>0</gpxtpx:cad></gpxtpx:TrackPointExtension></extensions></trkpt><trkpt lat="15.6664686184" lon="73.6982579716"><ele>3.02</ele><time>2025-11-18T04:38:26Z</time><extensions><gpxtpx:TrackPointExtension><gpxtpx:cad>0</gpxtpx:cad></gpxtpx:TrackPointExtension></extensions></trkpt><trkpt lat="15.6663139723" lon="73.6982766632"><ele>3.02</ele><time>2025-11-18T04:38:31Z</time><extensions><gpxtpx:TrackPointExtension><gpxtpx:cad>0</gpxtpx:cad></gpxtpx:TrackPointExtension></extensions></trkpt><trkpt lat="15.6661485136" lon="73.6982992943"><ele>3.50</ele><time>2025-11-18T04:38:36Z</time><extensions><gpxtpx:TrackPointExtension><gpxtpx:cad>0</gpxtpx:cad></gpxtpx:TrackPointExtension></extensions></trkpt><trkpt lat="15.6659788638" lon="73.6983237695"><ele>3.98</ele><time>2025-11-18T04:38:41Z</time><extensions><gpxtpx:TrackPointExtension><gpxtpx:cad>0</gpxtpx:cad></gpxtpx:TrackPointExtension></extensions></trkpt><trkpt lat="15.6658052746" lon="73.6983386893"><ele>3.98</ele><time>2025-11-18T04:38:46Z</time><extensions><gpxtpx:TrackPointExtension><gpxtpx:cad>0</gpxtpx:cad></gpxtpx:TrackPointExtension></extensions></trkpt><trkpt lat="15.6656368822" lon="73.6983496696"><ele>3.98</ele><time>2025-11-18T04:38:51Z</time><extensions><gpxtpx:TrackPointExtension><gpxtpx:cad>0</gpxtpx:cad></gpxtpx:TrackPointExtension></extensions></trkpt><trkpt lat="15.6654618680" lon="73.6983603984"><ele>3.98</ele><time>2025-11-18T04:38:56Z</time><extensions><gpxtpx:TrackPointExtension><gpxtpx:cad>0</gpxtpx:cad></gpxtpx:TrackPointExtension></extensions></trkpt><trkpt lat="15.6652845070" lon="73.6983720493"><ele>4.46</ele><time>2025-11-18T04:39:01Z</time><extensions><gpxtpx:TrackPointExtension><gpxtpx:cad>0</gpxtpx:cad></gpxtpx:TrackPointExtension></extensions></trkpt><trkpt lat="15.6651106663" lon="73.6983613204"><ele>4.46</ele><time>2025-11-18T04:39:06Z</time><extensions><gpxtpx:TrackPointExtension><gpxtpx:cad>0</gpxtpx:cad></gpxtpx:TrackPointExtension></extensions></trkpt><trkpt lat="15.6649429444" lon="73.6983638350"><ele>4.94</ele><time>2025-11-18T04:39:11Z</time><extensions><gpxtpx:TrackPointExtension><gpxtpx:cad>0</gpxtpx:cad></gpxtpx:TrackPointExtension></extensions></trkpt><trkpt lat="15.6647687685" lon="73.6983641703"><ele>4.94</ele><time>2025-11-18T04:39:16Z</time><extensions><gpxtpx:TrackPointExtension><gpxtpx:cad>0</gpxtpx:cad></gpxtpx:TrackPointExtension></extensions></trkpt><trkpt lat="15.6645958498" lon="73.6983689480"><ele>5.42</ele><time>2025-11-18T04:39:21Z</time><extensions><gpxtpx:TrackPointExtension><gpxtpx:cad>0</gpxtpx:cad></gpxtpx:TrackPointExtension></extensions></trkpt><trkpt lat="15.6644153874" lon="73.6983726360"><ele>4.94</ele><time>2025-11-18T04:39:26Z</time><extensions><gpxtpx:TrackPointExtension><gpxtpx:cad>0</gpxtpx:cad></gpxtpx:TrackPointExtension></extensions></trkpt><trkpt lat="15.6642422173" lon="73.6983666010"><ele>4.94</ele><time>2025-11-18T04:39:31Z</time><extensions><gpxtpx:TrackPointExtension><gpxtpx:cad>0</gpxtpx:cad></gpxtpx:TrackPointExtension></extensions></trkpt><trkpt lat="15.6640599109" lon="73.6983568780"><ele>3.98</ele><time>2025-11-18T04:39:36Z</time><extensions><gpxtpx:TrackPointExtension><gpxtpx:cad>0</gpxtpx:cad></gpxtpx:TrackPointExtension></extensions></trkpt><trkpt lat="15.6638880819" lon="73.6983657628"><ele>3.02</ele><time>2025-11-18T04:39:41Z</time><extensions><gpxtpx:TrackPointExtension><gpxtpx:cad>0</gpxtpx:cad></gpxtpx:TrackPointExtension></extensions></trkpt><trkpt lat="15.6637150794" lon="73.6983667687"><ele>2.54</ele><time>2025-11-18T04:39:46Z</time><extensions><gpxtpx:TrackPointExtension><gpxtpx:cad>0</gpxtpx:cad></gpxtpx:TrackPointExtension></extensions></trkpt><trkpt lat="15.6635467708" lon="73.6983889807"><ele>3.02</ele><time>2025-11-18T04:39:51Z</time><extensions><gpxtpx:TrackPointExtension><gpxtpx:cad>0</gpxtpx:cad></gpxtpx:TrackPointExtension></extensions></trkpt><trkpt lat="15.6633754447" lon="73.6984032299"><ele>3.02</ele><time>2025-11-18T04:39:56Z</time><extensions><gpxtpx:TrackPointExtension><gpxtpx:cad>0</gpxtpx:cad></gpxtpx:TrackPointExtension></extensions></trkpt><trkpt lat="15.6632111594" lon="73.6984157190"><ele>3.50</ele><time>2025-11-18T04:40:01Z</time><extensions><gpxtpx:TrackPointExtension><gpxtpx:cad>0</gpxtpx:cad></gpxtpx:TrackPointExtension></extensions></trkpt><trkpt lat="15.6630483828" lon="73.6984325666"><ele>3.02</ele><time>2025-11-18T04:40:06Z</time><extensions><gpxtpx:TrackPointExtension><gpxtpx:cad>0</gpxtpx:cad></gpxtpx:TrackPointExtension></extensions></trkpt><trkpt lat="15.6628876179" lon="73.6984562874"><ele>3.02</ele><time>2025-11-18T04:40:11Z</time><extensions><gpxtpx:TrackPointExtension><gpxtpx:cad>0</gpxtpx:cad></gpxtpx:TrackPointExtension></extensions></trkpt><trkpt lat="15.6627224945" lon="73.6984911561"><ele>3.02</ele><time>2025-11-18T04:40:16Z</time><extensions><gpxtpx:TrackPointExtension><gpxtpx:cad>0</gpxtpx:cad></gpxtpx:TrackPointExtension></extensions></trkpt><trkpt lat="15.6625547726" lon="73.6985049862"><ele>3.02</ele><time>2025-11-18T04:40:21Z</time><extensions><gpxtpx:TrackPointExtension><gpxtpx:cad>0</gpxtpx:cad></gpxtpx:TrackPointExtension></extensions></trkpt><trkpt lat="15.6623891462" lon="73.6985259410"><ele>2.54</ele><time>2025-11-18T04:40:26Z</time><extensions><gpxtpx:TrackPointExtension><gpxtpx:cad>0</gpxtpx:cad></gpxtpx:TrackPointExtension></extensions></trkpt><trkpt lat="15.6622236874" lon="73.6985305510"><ele>2.54</ele><time>2025-11-18T04:40:31Z</time><extensions><gpxtpx:TrackPointExtension><gpxtpx:cad>0</gpxtpx:cad></gpxtpx:TrackPointExtension></extensions></trkpt><trkpt lat="15.6620499305" lon="73.6985383462"><ele>2.54</ele><time>2025-11-18T04:40:36Z</time><extensions><gpxtpx:TrackPointExtension><gpxtpx:cad>0</gpxtpx:cad></gpxtpx:TrackPointExtension></extensions></trkpt><trkpt lat="15.6618775986" lon="73.6985356640"><ele>1.10</ele><time>2025-11-18T04:40:41Z</time><extensions><gpxtpx:TrackPointExtension><gpxtpx:cad>0</gpxtpx:cad></gpxtpx:TrackPointExtension></extensions></trkpt><trkpt lat="15.6617014110" lon="73.6985265277"><ele>0.62</ele><time>2025-11-18T04:40:46Z</time><extensions><gpxtpx:TrackPointExtension><gpxtpx:cad>0</gpxtpx:cad></gpxtpx:TrackPointExtension></extensions></trkpt><trkpt lat="15.6615351140" lon="73.6985110212"><ele>0.14</ele><time>2025-11-18T04:40:51Z</time><extensions><gpxtpx:TrackPointExtension><gpxtpx:cad>0</gpxtpx:cad></gpxtpx:TrackPointExtension></extensions></trkpt><trkpt lat="15.6613678951" lon="73.6984810140"><ele>-0.34</ele><time>2025-11-18T04:40:56Z</time><extensions><gpxtpx:TrackPointExtension><gpxtpx:cad>0</gpxtpx:cad></gpxtpx:TrackPointExtension></extensions></trkpt><trkpt lat="15.6611953117" lon="73.6984463967"><ele>-0.34</ele><time>2025-11-18T04:41:01Z</time><extensions><gpxtpx:TrackPointExtension><gpxtpx:cad>0</gpxtpx:cad></gpxtpx:TrackPointExtension></extensions></trkpt><trkpt lat="15.6610297691" lon="73.6984049063"><ele>-0.34</ele><time>2025-11-18T04:41:06Z</time><extensions><gpxtpx:TrackPointExtension><gpxtpx:cad>0</gpxtpx:cad></gpxtpx:TrackPointExtension></extensions></trkpt><trkpt lat="15.6608525757" lon="73.6983701214"><ele>-0.34</ele><time>2025-11-18T04:41:11Z</time><extensions><gpxtpx:TrackPointExtension><gpxtpx:cad>0</gpxtpx:cad></gpxtpx:TrackPointExtension></extensions></trkpt><trkpt lat="15.6606830098" lon="73.6983386055"><ele>-0.34</ele><time>2025-11-18T04:41:16Z</time><extensions><gpxtpx:TrackPointExtension><gpxtpx:cad>0</gpxtpx:cad></gpxtpx:TrackPointExtension></extensions></trkpt><trkpt lat="15.6605167966" lon="73.6983102746"><ele>-0.34</ele><time>2025-11-18T04:41:21Z</time><extensions><gpxtpx:TrackPointExtension><gpxtpx:cad>0</gpxtpx:cad></gpxtpx:TrackPointExtension></extensions></trkpt><trkpt lat="15.6603425369" lon="73.6982827820"><ele>-0.34</ele><time>2025-11-18T04:41:26Z</time><extensions><gpxtpx:TrackPointExtension><gpxtpx:cad>0</gpxtpx:cad></gpxtpx:TrackPointExtension></extensions></trkpt><trkpt lat="15.6601674389" lon="73.6982464883"><ele>0.14</ele><time>2025-11-18T04:41:31Z</time><extensions><gpxtpx:TrackPointExtension><gpxtpx:cad>0</gpxtpx:cad></gpxtpx:TrackPointExtension></extensions></trkpt><trkpt lat="15.6599972025" lon="73.6981952749"><ele>0.62</ele><time>2025-11-18T04:41:36Z</time><extensions><gpxtpx:TrackPointExtension><gpxtpx:cad>0</gpxtpx:cad></gpxtpx:TrackPointExtension></extensions></trkpt><trkpt lat="15.6598297320" lon="73.6981433071"><ele>0.62</ele><time>2025-11-18T04:41:41Z</time><extensions><gpxtpx:TrackPointExtension><gpxtpx:cad>0</gpxtpx:cad></gpxtpx:TrackPointExtension></extensions></trkpt><trkpt lat="15.6596758403" lon="73.6980603263"><ele>1.10</ele><time>2025-11-18T04:41:46Z</time><extensions><gpxtpx:TrackPointExtension><gpxtpx:cad>0</gpxtpx:cad></gpxtpx:TrackPointExtension></extensions></trkpt><trkpt lat="15.6595254689" lon="73.6979867332"><ele>1.10</ele><time>2025-11-18T04:41:51Z</time><extensions><gpxtpx:TrackPointExtension><gpxtpx:cad>0</gpxtpx:cad></gpxtpx:TrackPointExtension></extensions></trkpt><trkpt lat="15.6593657099" lon="73.6979167443"><ele>1.10</ele><time>2025-11-18T04:41:56Z</time><extensions><gpxtpx:TrackPointExtension><gpxtpx:cad>0</gpxtpx:cad></gpxtpx:TrackPointExtension></extensions></trkpt><trkpt lat="15.6592014246" lon="73.6978672910"><ele>1.58</ele><time>2025-11-18T04:42:01Z</time><extensions><gpxtpx:TrackPointExtension><gpxtpx:cad>0</gpxtpx:cad></gpxtpx:TrackPointExtension></extensions></trkpt><trkpt lat="15.6590288412" lon="73.6978112999"><ele>1.58</ele><time>2025-11-18T04:42:06Z</time><extensions><gpxtpx:TrackPointExtension><gpxtpx:cad>0</gpxtpx:cad></gpxtpx:TrackPointExtension></extensions></trkpt><trkpt lat="15.6588668190" lon="73.6977729108"><ele>1.58</ele><time>2025-11-18T04:42:11Z</time><extensions><gpxtpx:TrackPointExtension><gpxtpx:cad>0</gpxtpx:cad></gpxtpx:TrackPointExtension></extensions></trkpt><trkpt lat="15.6586945709" lon="73.6977192666"><ele>1.58</ele><time>2025-11-18T04:42:16Z</time><extensions><gpxtpx:TrackPointExtension><gpxtpx:cad>0</gpxtpx:cad></gpxtpx:TrackPointExtension></extensions></trkpt><trkpt lat="15.6585241668" lon="73.6976849008"><ele>2.06</ele><time>2025-11-18T04:42:21Z</time><extensions><gpxtpx:TrackPointExtension><gpxtpx:cad>0</gpxtpx:cad></gpxtpx:TrackPointExtension></extensions></trkpt><trkpt lat="15.6583523378" lon="73.6976596713"><ele>2.06</ele><time>2025-11-18T04:42:26Z</time><extensions><gpxtpx:TrackPointExtension><gpxtpx:cad>0</gpxtpx:cad></gpxtpx:TrackPointExtension></extensions></trkpt><trkpt lat="15.6581745576" lon="73.6976299994"><ele>2.54</ele><time>2025-11-18T04:42:31Z</time><extensions><gpxtpx:TrackPointExtension><gpxtpx:cad>0</gpxtpx:cad></gpxtpx:TrackPointExtension></extensions></trkpt><trkpt lat="15.6580055784" lon="73.6976021715"><ele>2.54</ele><time>2025-11-18T04:42:36Z</time><extensions><gpxtpx:TrackPointExtension><gpxtpx:cad>0</gpxtpx:cad></gpxtpx:TrackPointExtension></extensions></trkpt><trkpt lat="15.6578334142" lon="73.6975826416"><ele>2.54</ele><time>2025-11-18T04:42:41Z</time><extensions><gpxtpx:TrackPointExtension><gpxtpx:cad>0</gpxtpx:cad></gpxtpx:TrackPointExtension></extensions></trkpt><trkpt lat="15.6576715596" lon="73.6975880060"><ele>2.06</ele><time>2025-11-18T04:42:46Z</time><extensions><gpxtpx:TrackPointExtension><gpxtpx:cad>0</gpxtpx:cad></gpxtpx:TrackPointExtension></extensions></trkpt><trkpt lat="15.6574959587" lon="73.6975893471"><ele>1.10</ele><time>2025-11-18T04:42:51Z</time><extensions><gpxtpx:TrackPointExtension><gpxtpx:cad>0</gpxtpx:cad></gpxtpx:TrackPointExtension></extensions></trkpt><trkpt lat="15.6573283207" lon="73.6975963879"><ele>0.62</ele><time>2025-11-18T04:42:56Z</time><extensions><gpxtpx:TrackPointExtension><gpxtpx:cad>0</gpxtpx:cad></gpxtpx:TrackPointExtension></extensions></trkpt><trkpt lat="15.6571445055" lon="73.6975959688"><ele>0.62</ele><time>2025-11-18T04:43:01Z</time><extensions><gpxtpx:TrackPointExtension><gpxtpx:cad>0</gpxtpx:cad></gpxtpx:TrackPointExtension></extensions></trkpt><trkpt lat="15.6569753587" lon="73.6975970585"><ele>0.62</ele><time>2025-11-18T04:43:06Z</time><extensions><gpxtpx:TrackPointExtension><gpxtpx:cad>0</gpxtpx:cad></gpxtpx:TrackPointExtension></extensions></trkpt><trkpt lat="15.6568062119" lon="73.6975731701"><ele>0.62</ele><time>2025-11-18T04:43:11Z</time><extensions><gpxtpx:TrackPointExtension><gpxtpx:cad>0</gpxtpx:cad></gpxtpx:TrackPointExtension></extensions></trkpt><trkpt lat="15.6566333771" lon="73.6975481920"><ele>0.62</ele><time>2025-11-18T04:43:16Z</time><extensions><gpxtpx:TrackPointExtension><gpxtpx:cad>0</gpxtpx:cad></gpxtpx:TrackPointExtension></extensions></trkpt><trkpt lat="15.6564606261" lon="73.6975298356"><ele>0.14</ele><time>2025-11-18T04:43:21Z</time><extensions><gpxtpx:TrackPointExtension><gpxtpx:cad>0</gpxtpx:cad></gpxtpx:TrackPointExtension></extensions></trkpt><trkpt lat="15.6562872883" lon="73.6975058634"><ele>0.62</ele><time>2025-11-18T04:43:26Z</time><extensions><gpxtpx:TrackPointExtension><gpxtpx:cad>0</gpxtpx:cad></gpxtpx:TrackPointExtension></extensions></trkpt><trkpt lat="15.6561120227" lon="73.6974756885"><ele>1.58</ele><time>2025-11-18T04:43:31Z</time><extensions><gpxtpx:TrackPointExtension><gpxtpx:cad>0</gpxtpx:cad></gpxtpx:TrackPointExtension></extensions></trkpt><trkpt lat="15.6559308060" lon="73.6974471901"><ele>2.54</ele><time>2025-11-18T04:43:36Z</time><extensions><gpxtpx:TrackPointExtension><gpxtpx:cad>0</gpxtpx:cad></gpxtpx:TrackPointExtension></extensions></trkpt><trkpt lat="15.6557632517" lon="73.6974328570"><ele>3.02</ele><time>2025-11-18T04:43:41Z</time><extensions><gpxtpx:TrackPointExtension><gpxtpx:cad>0</gpxtpx:cad></gpxtpx:TrackPointExtension></extensions></trkpt><trkpt lat="15.6555872317" lon="73.6974082980"><ele>3.50</ele><time>2025-11-18T04:43:46Z</time><extensions><gpxtpx:TrackPointExtension><gpxtpx:cad>0</gpxtpx:cad></gpxtpx:TrackPointExtension></extensions></trkpt><trkpt lat="15.6554202642" lon="73.6974108964"><ele>3.98</ele><time>2025-11-18T04:43:51Z</time><extensions><gpxtpx:TrackPointExtension><gpxtpx:cad>0</gpxtpx:cad></gpxtpx:TrackPointExtension></extensions></trkpt><trkpt lat="15.6552708987" lon="73.6974174343"><ele>4.46</ele><time>2025-11-18T04:43:56Z</time><extensions><gpxtpx:TrackPointExtension><gpxtpx:cad>0</gpxtpx:cad></gpxtpx:TrackPointExtension></extensions></trkpt><trkpt lat="15.6551634427" lon="73.6974517163"><ele>4.94</ele><time>2025-11-18T04:44:01Z</time><extensions><gpxtpx:TrackPointExtension><gpxtpx:cad>0</gpxtpx:cad></gpxtpx:TrackPointExtension></extensions></trkpt><trkpt lat="15.6550601777" lon="73.6975255609"><ele>4.94</ele><time>2025-11-18T04:44:06Z</time><extensions><gpxtpx:TrackPointExtension><gpxtpx:cad>0</gpxtpx:cad></gpxtpx:TrackPointExtension></extensions></trkpt><trkpt lat="15.6549695693" lon="73.6976244673"><ele>4.94</ele><time>2025-11-18T04:44:11Z</time><extensions><gpxtpx:TrackPointExtension><gpxtpx:cad>0</gpxtpx:cad></gpxtpx:TrackPointExtension></extensions></trkpt><trkpt lat="15.6548810564" lon="73.6977397185"><ele>4.94</ele><time>2025-11-18T04:44:16Z</time><extensions><gpxtpx:TrackPointExtension><gpxtpx:cad>0</gpxtpx:cad></gpxtpx:TrackPointExtension></extensions></trkpt><trkpt lat="15.6548109837" lon="73.6978672072"><ele>4.46</ele><time>2025-11-18T04:44:21Z</time><extensions><gpxtpx:TrackPointExtension><gpxtpx:cad>0</gpxtpx:cad></gpxtpx:TrackPointExtension></extensions></trkpt><trkpt lat="15.6547427550" lon="73.6979946122"><ele>4.46</ele><time>2025-11-18T04:44:26Z</time><extensions><gpxtpx:TrackPointExtension><gpxtpx:cad>0</gpxtpx:cad></gpxtpx:TrackPointExtension></extensions></trkpt><trkpt lat="15.6546756998" lon="73.6981140543"><ele>4.46</ele><time>2025-11-18T04:44:31Z</time><extensions><gpxtpx:TrackPointExtension><gpxtpx:cad>0</gpxtpx:cad></gpxtpx:TrackPointExtension></extensions></trkpt><trkpt lat="15.6546066329" lon="73.6982422136"><ele>4.94</ele><time>2025-11-18T04:44:36Z</time><extensions><gpxtpx:TrackPointExtension><gpxtpx:cad>0</gpxtpx:cad></gpxtpx:TrackPointExtension></extensions></trkpt><trkpt lat="15.6545382366" lon="73.6983756535"><ele>4.46</ele><time>2025-11-18T04:44:41Z</time><extensions><gpxtpx:TrackPointExtension><gpxtpx:cad>0</gpxtpx:cad></gpxtpx:TrackPointExtension></extensions></trkpt><trkpt lat="15.6544586923" lon="73.6985027231"><ele>3.50</ele><time>2025-11-18T04:44:46Z</time><extensions><gpxtpx:TrackPointExtension><gpxtpx:cad>0</gpxtpx:cad></gpxtpx:TrackPointExtension></extensions></trkpt><trkpt lat="15.6543901283" lon="73.6986308824"><ele>3.50</ele><time>2025-11-18T04:44:51Z</time><extensions><gpxtpx:TrackPointExtension><gpxtpx:cad>0</gpxtpx:cad></gpxtpx:TrackPointExtension></extensions></trkpt><trkpt lat="15.6543284375" lon="73.6987655796"><ele>3.02</ele><time>2025-11-18T04:44:56Z</time><extensions><gpxtpx:TrackPointExtension><gpxtpx:cad>0</gpxtpx:cad></gpxtpx:TrackPointExtension></extensions></trkpt><trkpt lat="15.6542561017" lon="73.6988892965"><ele>2.54</ele><time>2025-11-18T04:45:01Z</time><extensions><gpxtpx:TrackPointExtension><gpxtpx:cad>0</gpxtpx:cad></gpxtpx:TrackPointExtension></extensions></trkpt><trkpt lat="15.6541898008" lon="73.6990175396"><ele>3.02</ele><time>2025-11-18T04:45:06Z</time><extensions><gpxtpx:TrackPointExtension><gpxtpx:cad>0</gpxtpx:cad></gpxtpx:TrackPointExtension></extensions></trkpt><trkpt lat="15.6541267689" lon="73.6991595291"><ele>2.54</ele><time>2025-11-18T04:45:11Z</time><extensions><gpxtpx:TrackPointExtension><gpxtpx:cad>0</gpxtpx:cad></gpxtpx:TrackPointExtension></extensions></trkpt><trkpt lat="15.6540644076" lon="73.6992921308"><ele>2.06</ele><time>2025-11-18T04:45:16Z</time><extensions><gpxtpx:TrackPointExtension><gpxtpx:cad>0</gpxtpx:cad></gpxtpx:TrackPointExtension></extensions></trkpt><trkpt lat="15.6540039741" lon="73.6994290911"><ele>1.58</ele><time>2025-11-18T04:45:21Z</time><extensions><gpxtpx:TrackPointExtension><gpxtpx:cad>0</gpxtpx:cad></gpxtpx:TrackPointExtension></extensions></trkpt><trkpt lat="15.6539454684" lon="73.6995714996"><ele>2.06</ele><time>2025-11-18T04:45:26Z</time><extensions><gpxtpx:TrackPointExtension><gpxtpx:cad>0</gpxtpx:cad></gpxtpx:TrackPointExtension></extensions></trkpt><trkpt lat="15.6538893934" lon="73.6997077893"><ele>2.06</ele><time>2025-11-18T04:45:31Z</time><extensions><gpxtpx:TrackPointExtension><gpxtpx:cad>0</gpxtpx:cad></gpxtpx:TrackPointExtension></extensions></trkpt><trkpt lat="15.6538308877" lon="73.6998383794"><ele>1.58</ele><time>2025-11-18T04:45:36Z</time><extensions><gpxtpx:TrackPointExtension><gpxtpx:cad>0</gpxtpx:cad></gpxtpx:TrackPointExtension></extensions></trkpt><trkpt lat="15.6537812669" lon="73.6999739986"><ele>1.10</ele><time>2025-11-18T04:45:41Z</time><extensions><gpxtpx:TrackPointExtension><gpxtpx:cad>0</gpxtpx:cad></gpxtpx:TrackPointExtension></extensions></trkpt><trkpt lat="15.6537370104" lon="73.7001215201"><ele>1.58</ele><time>2025-11-18T04:45:46Z</time><extensions><gpxtpx:TrackPointExtension><gpxtpx:cad>0</gpxtpx:cad></gpxtpx:TrackPointExtension></extensions></trkpt><trkpt lat="15.6536774151" lon="73.7002458237"><ele>1.58</ele><time>2025-11-18T04:45:51Z</time><extensions><gpxtpx:TrackPointExtension><gpxtpx:cad>0</gpxtpx:cad></gpxtpx:TrackPointExtension></extensions></trkpt><trkpt lat="15.6536098570" lon="73.7003659364"><ele>2.06</ele><time>2025-11-18T04:45:56Z</time><extensions><gpxtpx:TrackPointExtension><gpxtpx:cad>0</gpxtpx:cad></gpxtpx:TrackPointExtension></extensions></trkpt><trkpt lat="15.6535365153" lon="73.7004979514"><ele>3.02</ele><time>2025-11-18T04:46:01Z</time><extensions><gpxtpx:TrackPointExtension><gpxtpx:cad>0</gpxtpx:cad></gpxtpx:TrackPointExtension></extensions></trkpt><trkpt lat="15.6534636766" lon="73.7006187346"><ele>2.54</ele><time>2025-11-18T04:46:06Z</time><extensions><gpxtpx:TrackPointExtension><gpxtpx:cad>0</gpxtpx:cad></gpxtpx:TrackPointExtension></extensions></trkpt><trkpt lat="15.6533868983" lon="73.7007455528"><ele>2.54</ele><time>2025-11-18T04:46:11Z</time><extensions><gpxtpx:TrackPointExtension><gpxtpx:cad>0</gpxtpx:cad></gpxtpx:TrackPointExtension></extensions></trkpt><trkpt lat="15.6533127185" lon="73.7008743826"><ele>2.54</ele><time>2025-11-18T04:46:16Z</time><extensions><gpxtpx:TrackPointExtension><gpxtpx:cad>0</gpxtpx:cad></gpxtpx:TrackPointExtension></extensions></trkpt><trkpt lat="15.6532370299" lon="73.7010032963"><ele>2.54</ele><time>2025-11-18T04:46:21Z</time><extensions><gpxtpx:TrackPointExtension><gpxtpx:cad>0</gpxtpx:cad></gpxtpx:TrackPointExtension></extensions></trkpt><trkpt lat="15.6531655323" lon="73.7011298630"><ele>2.54</ele><time>2025-11-18T04:46:26Z</time><extensions><gpxtpx:TrackPointExtension><gpxtpx:cad>0</gpxtpx:cad></gpxtpx:TrackPointExtension></extensions></trkpt><trkpt lat="15.6530988961" lon="73.7012721039"><ele>2.06</ele><time>2025-11-18T04:46:31Z</time><extensions><gpxtpx:TrackPointExtension><gpxtpx:cad>0</gpxtpx:cad></gpxtpx:TrackPointExtension></extensions></trkpt><trkpt lat="15.6530361995" lon="73.7014067173"><ele>2.06</ele><time>2025-11-18T04:46:36Z</time><extensions><gpxtpx:TrackPointExtension><gpxtpx:cad>0</gpxtpx:cad></gpxtpx:TrackPointExtension></extensions></trkpt><trkpt lat="15.6529756822" lon="73.7015465274"><ele>1.58</ele><time>2025-11-18T04:46:41Z</time><extensions><gpxtpx:TrackPointExtension><gpxtpx:cad>0</gpxtpx:cad></gpxtpx:TrackPointExtension></extensions></trkpt><trkpt lat="15.6529035140" lon="73.7016858347"><ele>1.58</ele><time>2025-11-18T04:46:46Z</time><extensions><gpxtpx:TrackPointExtension><gpxtpx:cad>0</gpxtpx:cad></gpxtpx:TrackPointExtension></extensions></trkpt><trkpt lat="15.6528337765" lon="73.7018191069"><ele>1.58</ele><time>2025-11-18T04:46:51Z</time><extensions><gpxtpx:TrackPointExtension><gpxtpx:cad>0</gpxtpx:cad></gpxtpx:TrackPointExtension></extensions></trkpt><trkpt lat="15.6527561601" lon="73.7019536365"><ele>1.10</ele><time>2025-11-18T04:46:56Z</time><extensions><gpxtpx:TrackPointExtension><gpxtpx:cad>0</gpxtpx:cad></gpxtpx:TrackPointExtension></extensions></trkpt><trkpt lat="15.6526799686" lon="73.7020852324"><ele>1.58</ele><time>2025-11-18T04:47:01Z</time><extensions><gpxtpx:TrackPointExtension><gpxtpx:cad>0</gpxtpx:cad></gpxtpx:TrackPointExtension></extensions></trkpt><trkpt lat="15.6525943056" lon="73.7022040877"><ele>1.58</ele><time>2025-11-18T04:47:06Z</time><extensions><gpxtpx:TrackPointExtension><gpxtpx:cad>0</gpxtpx:cad></gpxtpx:TrackPointExtension></extensions></trkpt><trkpt lat="15.6524950638" lon="73.7023164891"><ele>2.06</ele><time>2025-11-18T04:47:11Z</time><extensions><gpxtpx:TrackPointExtension><gpxtpx:cad>0</gpxtpx:cad></gpxtpx:TrackPointExtension></extensions></trkpt><trkpt lat="15.6523993425" lon="73.7024352606"><ele>2.54</ele><time>2025-11-18T04:47:16Z</time><extensions><gpxtpx:TrackPointExtension><gpxtpx:cad>0</gpxtpx:cad></gpxtpx:TrackPointExtension></extensions></trkpt><trkpt lat="15.6523044594" lon="73.7025624979"><ele>2.54</ele><time>2025-11-18T04:47:21Z</time><extensions><gpxtpx:TrackPointExtension><gpxtpx:cad>0</gpxtpx:cad></gpxtpx:TrackPointExtension></extensions></trkpt><trkpt lat="15.6522014458" lon="73.7026739772"><ele>2.54</ele><time>2025-11-18T04:47:26Z</time><extensions><gpxtpx:TrackPointExtension><gpxtpx:cad>0</gpxtpx:cad></gpxtpx:TrackPointExtension></extensions></trkpt><trkpt lat="15.6520973425" lon="73.7027811818"><ele>2.06</ele><time>2025-11-18T04:47:31Z</time><extensions><gpxtpx:TrackPointExtension><gpxtpx:cad>0</gpxtpx:cad></gpxtpx:TrackPointExtension></extensions></trkpt><trkpt lat="15.6519914791" lon="73.7028934993"><ele>2.06</ele><time>2025-11-18T04:47:36Z</time><extensions><gpxtpx:TrackPointExtension><gpxtpx:cad>0</gpxtpx:cad></gpxtpx:TrackPointExtension></extensions></trkpt><trkpt lat="15.6518828496" lon="73.7029922381"><ele>1.58</ele><time>2025-11-18T04:47:41Z</time><extensions><gpxtpx:TrackPointExtension><gpxtpx:cad>0</gpxtpx:cad></gpxtpx:TrackPointExtension></extensions></trkpt><trkpt lat="15.6517769862" lon="73.7030991074"><ele>1.58</ele><time>2025-11-18T04:47:46Z</time><extensions><gpxtpx:TrackPointExtension><gpxtpx:cad>0</gpxtpx:cad></gpxtpx:TrackPointExtension></extensions></trkpt><trkpt lat="15.6516909879" lon="73.7032208964"><ele>1.58</ele><time>2025-11-18T04:47:51Z</time><extensions><gpxtpx:TrackPointExtension><gpxtpx:cad>0</gpxtpx:cad></gpxtpx:TrackPointExtension></extensions></trkpt><trkpt lat="15.6515871361" lon="73.7033319566"><ele>1.58</ele><time>2025-11-18T04:47:56Z</time><extensions><gpxtpx:TrackPointExtension><gpxtpx:cad>0</gpxtpx:cad></gpxtpx:TrackPointExtension></extensions></trkpt><trkpt lat="15.6514878105" lon="73.7034426816"><ele>1.58</ele><time>2025-11-18T04:48:01Z</time><extensions><gpxtpx:TrackPointExtension><gpxtpx:cad>0</gpxtpx:cad></gpxtpx:TrackPointExtension></extensions></trkpt><trkpt lat="15.6513859704" lon="73.7035669014"><ele>1.58</ele><time>2025-11-18T04:48:06Z</time><extensions><gpxtpx:TrackPointExtension><gpxtpx:cad>0</gpxtpx:cad></gpxtpx:TrackPointExtension></extensions></trkpt><trkpt lat="15.6512806099" lon="73.7036744412"><ele>1.58</ele><time>2025-11-18T04:48:11Z</time><extensions><gpxtpx:TrackPointExtension><gpxtpx:cad>0</gpxtpx:cad></gpxtpx:TrackPointExtension></extensions></trkpt><trkpt lat="15.6511760037" lon="73.7037865911"><ele>1.58</ele><time>2025-11-18T04:48:16Z</time><extensions><gpxtpx:TrackPointExtension><gpxtpx:cad>0</gpxtpx:cad></gpxtpx:TrackPointExtension></extensions></trkpt><trkpt lat="15.6510742474" lon="73.7039142475"><ele>2.06</ele><time>2025-11-18T04:48:21Z</time><extensions><gpxtpx:TrackPointExtension><gpxtpx:cad>0</gpxtpx:cad></gpxtpx:TrackPointExtension></extensions></trkpt><trkpt lat="15.6509568170" lon="73.7040271517"><ele>1.58</ele><time>2025-11-18T04:48:26Z</time><extensions><gpxtpx:TrackPointExtension><gpxtpx:cad>0</gpxtpx:cad></gpxtpx:TrackPointExtension></extensions></trkpt><trkpt lat="15.6508397218" lon="73.7041363679"><ele>1.58</ele><time>2025-11-18T04:48:31Z</time><extensions><gpxtpx:TrackPointExtension><gpxtpx:cad>0</gpxtpx:cad></gpxtpx:TrackPointExtension></extensions></trkpt><trkpt lat="15.6507274881" lon="73.7042587437"><ele>1.10</ele><time>2025-11-18T04:48:36Z</time><extensions><gpxtpx:TrackPointExtension><gpxtpx:cad>0</gpxtpx:cad></gpxtpx:TrackPointExtension></extensions></trkpt><trkpt lat="15.6505883485" lon="73.7043498550"><ele>0.62</ele><time>2025-11-18T04:48:41Z</time><extensions><gpxtpx:TrackPointExtension><gpxtpx:cad>0</gpxtpx:cad></gpxtpx:TrackPointExtension></extensions></trkpt><trkpt lat="15.6504562497" lon="73.7044402957"><ele>1.10</ele><time>2025-11-18T04:48:46Z</time><extensions><gpxtpx:TrackPointExtension><gpxtpx:cad>0</gpxtpx:cad></gpxtpx:TrackPointExtension></extensions></trkpt><trkpt lat="15.6503131706" lon="73.7045241985"><ele>1.10</ele><time>2025-11-18T04:48:51Z</time><extensions><gpxtpx:TrackPointExtension><gpxtpx:cad>0</gpxtpx:cad></gpxtpx:TrackPointExtension></extensions></trkpt><trkpt lat="15.6501769647" lon="73.7046067603"><ele>1.10</ele><time>2025-11-18T04:48:56Z</time><extensions><gpxtpx:TrackPointExtension><gpxtpx:cad>0</gpxtpx:cad></gpxtpx:TrackPointExtension></extensions></trkpt><trkpt lat="15.6500591990" lon="73.7047065888"><ele>1.58</ele><time>2025-11-18T04:49:01Z</time><extensions><gpxtpx:TrackPointExtension><gpxtpx:cad>0</gpxtpx:cad></gpxtpx:TrackPointExtension></extensions></trkpt><trkpt lat="15.6499313749" lon="73.7047914974"><ele>1.10</ele><time>2025-11-18T04:49:06Z</time><extensions><gpxtpx:TrackPointExtension><gpxtpx:cad>0</gpxtpx:cad></gpxtpx:TrackPointExtension></extensions></trkpt><trkpt lat="15.6497868709" lon="73.7048677728"><ele>1.58</ele><time>2025-11-18T04:49:11Z</time><extensions><gpxtpx:TrackPointExtension><gpxtpx:cad>0</gpxtpx:cad></gpxtpx:TrackPointExtension></extensions></trkpt><trkpt lat="15.6496603880" lon="73.7049520109"><ele>2.06</ele><time>2025-11-18T04:49:16Z</time><extensions><gpxtpx:TrackPointExtension><gpxtpx:cad>0</gpxtpx:cad></gpxtpx:TrackPointExtension></extensions></trkpt><trkpt lat="15.6495177280" lon="73.7050326448"><ele>2.06</ele><time>2025-11-18T04:49:21Z</time><extensions><gpxtpx:TrackPointExtension><gpxtpx:cad>0</gpxtpx:cad></gpxtpx:TrackPointExtension></extensions></trkpt><trkpt lat="15.6493883952" lon="73.7051075790"><ele>3.02</ele><time>2025-11-18T04:49:26Z</time><extensions><gpxtpx:TrackPointExtension><gpxtpx:cad>0</gpxtpx:cad></gpxtpx:TrackPointExtension></extensions></trkpt><trkpt lat="15.6492521055" lon="73.7051855307"><ele>3.02</ele><time>2025-11-18T04:49:31Z</time><extensions><gpxtpx:TrackPointExtension><gpxtpx:cad>0</gpxtpx:cad></gpxtpx:TrackPointExtension></extensions></trkpt><trkpt lat="15.6491013989" lon="73.7052535918"><ele>2.54</ele><time>2025-11-18T04:49:36Z</time><extensions><gpxtpx:TrackPointExtension><gpxtpx:cad>0</gpxtpx:cad></gpxtpx:TrackPointExtension></extensions></trkpt><trkpt lat="15.6489646900" lon="73.7053326331"><ele>3.02</ele><time>2025-11-18T04:49:41Z</time><extensions><gpxtpx:TrackPointExtension><gpxtpx:cad>0</gpxtpx:cad></gpxtpx:TrackPointExtension></extensions></trkpt><trkpt lat="15.6488164980" lon="73.7053992692"><ele>3.02</ele><time>2025-11-18T04:49:46Z</time><extensions><gpxtpx:TrackPointExtension><gpxtpx:cad>0</gpxtpx:cad></gpxtpx:TrackPointExtension></extensions></trkpt><trkpt lat="15.6486807950" lon="73.7054753769"><ele>3.02</ele><time>2025-11-18T04:49:51Z</time><extensions><gpxtpx:TrackPointExtension><gpxtpx:cad>0</gpxtpx:cad></gpxtpx:TrackPointExtension></extensions></trkpt><trkpt lat="15.6485431641" lon="73.7055596150"><ele>3.50</ele><time>2025-11-18T04:49:56Z</time><extensions><gpxtpx:TrackPointExtension><gpxtpx:cad>0</gpxtpx:cad></gpxtpx:TrackPointExtension></extensions></trkpt><trkpt lat="15.6484031025" lon="73.7056365609"><ele>3.98</ele><time>2025-11-18T04:50:01Z</time><extensions><gpxtpx:TrackPointExtension><gpxtpx:cad>0</gpxtpx:cad></gpxtpx:TrackPointExtension></extensions></trkpt><trkpt lat="15.6482634600" lon="73.7057187874"><ele>3.98</ele><time>2025-11-18T04:50:06Z</time><extensions><gpxtpx:TrackPointExtension><gpxtpx:cad>0</gpxtpx:cad></gpxtpx:TrackPointExtension></extensions></trkpt><trkpt lat="15.6481250748" lon="73.7058008462"><ele>3.98</ele><time>2025-11-18T04:50:11Z</time><extensions><gpxtpx:TrackPointExtension><gpxtpx:cad>0</gpxtpx:cad></gpxtpx:TrackPointExtension></extensions></trkpt><trkpt lat="15.6479845103" lon="73.7058756966"><ele>3.98</ele><time>2025-11-18T04:50:16Z</time><extensions><gpxtpx:TrackPointExtension><gpxtpx:cad>0</gpxtpx:cad></gpxtpx:TrackPointExtension></extensions></trkpt><trkpt lat="15.6478405930" lon="73.7059575878"><ele>3.50</ele><time>2025-11-18T04:50:21Z</time><extensions><gpxtpx:TrackPointExtension><gpxtpx:cad>0</gpxtpx:cad></gpxtpx:TrackPointExtension></extensions></trkpt><trkpt lat="15.6477119308" lon="73.7060423288"><ele>3.98</ele><time>2025-11-18T04:50:26Z</time><extensions><gpxtpx:TrackPointExtension><gpxtpx:cad>0</gpxtpx:cad></gpxtpx:TrackPointExtension></extensions></trkpt><trkpt lat="15.6475601345" lon="73.7061219569"><ele>3.98</ele><time>2025-11-18T04:50:31Z</time><extensions><gpxtpx:TrackPointExtension><gpxtpx:cad>0</gpxtpx:cad></gpxtpx:TrackPointExtension></extensions></trkpt><trkpt lat="15.6474307179" lon="73.7061969750"><ele>3.98</ele><time>2025-11-18T04:50:36Z</time><extensions><gpxtpx:TrackPointExtension><gpxtpx:cad>0</gpxtpx:cad></gpxtpx:TrackPointExtension></extensions></trkpt><trkpt lat="15.6472945120" lon="73.7062885053"><ele>3.98</ele><time>2025-11-18T04:50:41Z</time><extensions><gpxtpx:TrackPointExtension><gpxtpx:cad>0</gpxtpx:cad></gpxtpx:TrackPointExtension></extensions></trkpt><trkpt lat="15.6471730582" lon="73.7063807901"><ele>3.98</ele><time>2025-11-18T04:50:46Z</time><extensions><gpxtpx:TrackPointExtension><gpxtpx:cad>0</gpxtpx:cad></gpxtpx:TrackPointExtension></extensions></trkpt><trkpt lat="15.6470329128" lon="73.7064744160"><ele>3.50</ele><time>2025-11-18T04:50:51Z</time><extensions><gpxtpx:TrackPointExtension><gpxtpx:cad>0</gpxtpx:cad></gpxtpx:TrackPointExtension></extensions></trkpt><trkpt lat="15.6469006464" lon="73.7065541279"><ele>3.02</ele><time>2025-11-18T04:50:56Z</time><extensions><gpxtpx:TrackPointExtension><gpxtpx:cad>0</gpxtpx:cad></gpxtpx:TrackPointExtension></extensions></trkpt><trkpt lat="15.6467671227" lon="73.7066505197"><ele>3.50</ele><time>2025-11-18T04:51:01Z</time><extensions><gpxtpx:TrackPointExtension><gpxtpx:cad>0</gpxtpx:cad></gpxtpx:TrackPointExtension></extensions></trkpt><trkpt lat="15.6466433220" lon="73.7067479175"><ele>3.50</ele><time>2025-11-18T04:51:06Z</time><extensions><gpxtpx:TrackPointExtension><gpxtpx:cad>0</gpxtpx:cad></gpxtpx:TrackPointExtension></extensions></trkpt><trkpt lat="15.6464983150" lon="73.7068459019"><ele>3.98</ele><time>2025-11-18T04:51:11Z</time><extensions><gpxtpx:TrackPointExtension><gpxtpx:cad>0</gpxtpx:cad></gpxtpx:TrackPointExtension></extensions></trkpt><trkpt lat="15.6463681441" lon="73.7069335766"><ele>3.98</ele><time>2025-11-18T04:51:16Z</time><extensions><gpxtpx:TrackPointExtension><gpxtpx:cad>0</gpxtpx:cad></gpxtpx:TrackPointExtension></extensions></trkpt><trkpt lat="15.6462312676" lon="73.7070247717"><ele>3.98</ele><time>2025-11-18T04:51:21Z</time><extensions><gpxtpx:TrackPointExtension><gpxtpx:cad>0</gpxtpx:cad></gpxtpx:TrackPointExtension></extensions></trkpt><trkpt lat="15.6460883562" lon="73.7071183138"><ele>3.50</ele><time>2025-11-18T04:51:26Z</time><extensions><gpxtpx:TrackPointExtension><gpxtpx:cad>0</gpxtpx:cad></gpxtpx:TrackPointExtension></extensions></trkpt><trkpt lat="15.6459561735" lon="73.7072078325"><ele>3.98</ele><time>2025-11-18T04:51:31Z</time><extensions><gpxtpx:TrackPointExtension><gpxtpx:cad>0</gpxtpx:cad></gpxtpx:TrackPointExtension></extensions></trkpt><trkpt lat="15.6458207220" lon="73.7072959263"><ele>3.98</ele><time>2025-11-18T04:51:36Z</time><extensions><gpxtpx:TrackPointExtension><gpxtpx:cad>0</gpxtpx:cad></gpxtpx:TrackPointExtension></extensions></trkpt><trkpt lat="15.6456825882" lon="73.7073781528"><ele>3.50</ele><time>2025-11-18T04:51:41Z</time><extensions><gpxtpx:TrackPointExtension><gpxtpx:cad>0</gpxtpx:cad></gpxtpx:TrackPointExtension></extensions></trkpt><trkpt lat="15.6455355696" lon="73.7074591219"><ele>3.02</ele><time>2025-11-18T04:51:46Z</time><extensions><gpxtpx:TrackPointExtension><gpxtpx:cad>0</gpxtpx:cad></gpxtpx:TrackPointExtension></extensions></trkpt><trkpt lat="15.6453928258" lon="73.7075355649"><ele>3.50</ele><time>2025-11-18T04:51:51Z</time><extensions><gpxtpx:TrackPointExtension><gpxtpx:cad>0</gpxtpx:cad></gpxtpx:TrackPointExtension></extensions></trkpt><trkpt lat="15.6452477351" lon="73.7076188810"><ele>3.50</ele><time>2025-11-18T04:51:56Z</time><extensions><gpxtpx:TrackPointExtension><gpxtpx:cad>0</gpxtpx:cad></gpxtpx:TrackPointExtension></extensions></trkpt><trkpt lat="15.6451072544" lon="73.7076962460"><ele>3.50</ele><time>2025-11-18T04:52:01Z</time><extensions><gpxtpx:TrackPointExtension><gpxtpx:cad>0</gpxtpx:cad></gpxtpx:TrackPointExtension></extensions></trkpt><trkpt lat="15.6449672766" lon="73.7077776343"><ele>3.98</ele><time>2025-11-18T04:52:06Z</time><extensions><gpxtpx:TrackPointExtension><gpxtpx:cad>0</gpxtpx:cad></gpxtpx:TrackPointExtension></extensions></trkpt><trkpt lat="15.6448261254" lon="73.7078693323"><ele>3.98</ele><time>2025-11-18T04:52:11Z</time><extensions><gpxtpx:TrackPointExtension><gpxtpx:cad>0</gpxtpx:cad></gpxtpx:TrackPointExtension></extensions></trkpt><trkpt lat="15.6446912605" lon="73.7079544086"><ele>3.98</ele><time>2025-11-18T04:52:16Z</time><extensions><gpxtpx:TrackPointExtension><gpxtpx:cad>0</gpxtpx:cad></gpxtpx:TrackPointExtension></extensions></trkpt><trkpt lat="15.6445574854" lon="73.7080457713"><ele>4.46</ele><time>2025-11-18T04:52:21Z</time><extensions><gpxtpx:TrackPointExtension><gpxtpx:cad>0</gpxtpx:cad></gpxtpx:TrackPointExtension></extensions></trkpt><trkpt lat="15.6444295775" lon="73.7081342004"><ele>4.94</ele><time>2025-11-18T04:52:26Z</time><extensions><gpxtpx:TrackPointExtension><gpxtpx:cad>0</gpxtpx:cad></gpxtpx:TrackPointExtension></extensions></trkpt><trkpt lat="15.6442936230" lon="73.7082250603"><ele>4.94</ele><time>2025-11-18T04:52:31Z</time><extensions><gpxtpx:TrackPointExtension><gpxtpx:cad>0</gpxtpx:cad></gpxtpx:TrackPointExtension></extensions></trkpt><trkpt lat="15.6441713311" lon="73.7083263136"><ele>4.94</ele><time>2025-11-18T04:52:36Z</time><extensions><gpxtpx:TrackPointExtension><gpxtpx:cad>0</gpxtpx:cad></gpxtpx:TrackPointExtension></extensions></trkpt><trkpt lat="15.6440351252" lon="73.7084193528"><ele>4.94</ele><time>2025-11-18T04:52:41Z</time><extensions><gpxtpx:TrackPointExtension><gpxtpx:cad>0</gpxtpx:cad></gpxtpx:TrackPointExtension></extensions></trkpt><trkpt lat="15.6439111568" lon="73.7085204385"><ele>4.46</ele><time>2025-11-18T04:52:46Z</time><extensions><gpxtpx:TrackPointExtension><gpxtpx:cad>0</gpxtpx:cad></gpxtpx:TrackPointExtension></extensions></trkpt><trkpt lat="15.6437867694" lon="73.7086295709"><ele>4.46</ele><time>2025-11-18T04:52:51Z</time><extensions><gpxtpx:TrackPointExtension><gpxtpx:cad>0</gpxtpx:cad></gpxtpx:TrackPointExtension></extensions></trkpt><trkpt lat="15.6436655670" lon="73.7087345123"><ele>4.46</ele><time>2025-11-18T04:52:56Z</time><extensions><gpxtpx:TrackPointExtension><gpxtpx:cad>0</gpxtpx:cad></gpxtpx:TrackPointExtension></extensions></trkpt><trkpt lat="15.6435354799" lon="73.7088419683"><ele>4.46</ele><time>2025-11-18T04:53:01Z</time><extensions><gpxtpx:TrackPointExtension><gpxtpx:cad>0</gpxtpx:cad></gpxtpx:TrackPointExtension></extensions></trkpt><trkpt lat="15.6434063986" lon="73.7089427188"><ele>3.98</ele><time>2025-11-18T04:53:06Z</time><extensions><gpxtpx:TrackPointExtension><gpxtpx:cad>0</gpxtpx:cad></gpxtpx:TrackPointExtension></extensions></trkpt><trkpt lat="15.6432782393" lon="73.7090515159"><ele>3.98</ele><time>2025-11-18T04:53:11Z</time><extensions><gpxtpx:TrackPointExtension><gpxtpx:cad>0</gpxtpx:cad></gpxtpx:TrackPointExtension></extensions></trkpt><trkpt lat="15.6431560311" lon="73.7091581337"><ele>3.98</ele><time>2025-11-18T04:53:16Z</time><extensions><gpxtpx:TrackPointExtension><gpxtpx:cad>0</gpxtpx:cad></gpxtpx:TrackPointExtension></extensions></trkpt><trkpt lat="15.6430272013" lon="73.7092756480"><ele>3.98</ele><time>2025-11-18T04:53:21Z</time><extensions><gpxtpx:TrackPointExtension><gpxtpx:cad>0</gpxtpx:cad></gpxtpx:TrackPointExtension></extensions></trkpt><trkpt lat="15.6429045741" lon="73.7093800865"><ele>3.50</ele><time>2025-11-18T04:53:26Z</time><extensions><gpxtpx:TrackPointExtension><gpxtpx:cad>0</gpxtpx:cad></gpxtpx:TrackPointExtension></extensions></trkpt><trkpt lat="15.6427714694" lon="73.7094740476"><ele>3.98</ele><time>2025-11-18T04:53:31Z</time><extensions><gpxtpx:TrackPointExtension><gpxtpx:cad>0</gpxtpx:cad></gpxtpx:TrackPointExtension></extensions></trkpt><trkpt lat="15.6426459085" lon="73.7095752172"><ele>3.50</ele><time>2025-11-18T04:53:36Z</time><extensions><gpxtpx:TrackPointExtension><gpxtpx:cad>0</gpxtpx:cad></gpxtpx:TrackPointExtension></extensions></trkpt><trkpt lat="15.6425161567" lon="73.7096795719"><ele>3.50</ele><time>2025-11-18T04:53:41Z</time><extensions><gpxtpx:TrackPointExtension><gpxtpx:cad>0</gpxtpx:cad></gpxtpx:TrackPointExtension></extensions></trkpt><trkpt lat="15.6423854828" lon="73.7097813282"><ele>3.02</ele><time>2025-11-18T04:53:46Z</time><extensions><gpxtpx:TrackPointExtension><gpxtpx:cad>0</gpxtpx:cad></gpxtpx:TrackPointExtension></extensions></trkpt><trkpt lat="15.6422764342" lon="73.7098909635"><ele>3.02</ele><time>2025-11-18T04:53:51Z</time><extensions><gpxtpx:TrackPointExtension><gpxtpx:cad>0</gpxtpx:cad></gpxtpx:TrackPointExtension></extensions></trkpt><trkpt lat="15.6421636138" lon="73.7100022752"><ele>3.50</ele><time>2025-11-18T04:53:56Z</time><extensions><gpxtpx:TrackPointExtension><gpxtpx:cad>0</gpxtpx:cad></gpxtpx:TrackPointExtension></extensions></trkpt><trkpt lat="15.6420601811" lon="73.7101263274"><ele>3.50</ele><time>2025-11-18T04:54:01Z</time><extensions><gpxtpx:TrackPointExtension><gpxtpx:cad>0</gpxtpx:cad></gpxtpx:TrackPointExtension></extensions></trkpt><trkpt lat="15.6419485342" lon="73.7102523074"><ele>3.50</ele><time>2025-11-18T04:54:06Z</time><extensions><gpxtpx:TrackPointExtension><gpxtpx:cad>0</gpxtpx:cad></gpxtpx:TrackPointExtension></extensions></trkpt><trkpt lat="15.6418538187" lon="73.7103808019"><ele>3.50</ele><time>2025-11-18T04:54:11Z</time><extensions><gpxtpx:TrackPointExtension><gpxtpx:cad>0</gpxtpx:cad></gpxtpx:TrackPointExtension></extensions></trkpt><trkpt lat="15.6417704187" lon="73.7105243001"><ele>3.50</ele><time>2025-11-18T04:54:16Z</time><extensions><gpxtpx:TrackPointExtension><gpxtpx:cad>0</gpxtpx:cad></gpxtpx:TrackPointExtension></extensions></trkpt><trkpt lat="15.6416855101" lon="73.7106621824"><ele>3.50</ele><time>2025-11-18T04:54:21Z</time><extensions><gpxtpx:TrackPointExtension><gpxtpx:cad>0</gpxtpx:cad></gpxtpx:TrackPointExtension></extensions></trkpt><trkpt lat="15.6415761262" lon="73.7107905094"><ele>3.50</ele><time>2025-11-18T04:54:26Z</time><extensions><gpxtpx:TrackPointExtension><gpxtpx:cad>0</gpxtpx:cad></gpxtpx:TrackPointExtension></extensions></trkpt><trkpt lat="15.6414555945" lon="73.7109011505"><ele>3.50</ele><time>2025-11-18T04:54:31Z</time><extensions><gpxtpx:TrackPointExtension><gpxtpx:cad>0</gpxtpx:cad></gpxtpx:TrackPointExtension></extensions></trkpt><trkpt lat="15.6413239986" lon="73.7110031582"><ele>3.50</ele><time>2025-11-18T04:54:36Z</time><extensions><gpxtpx:TrackPointExtension><gpxtpx:cad>0</gpxtpx:cad></gpxtpx:TrackPointExtension></extensions></trkpt><trkpt lat="15.6411970966" lon="73.7110978737"><ele>3.50</ele><time>2025-11-18T04:54:41Z</time><extensions><gpxtpx:TrackPointExtension><gpxtpx:cad>0</gpxtpx:cad></gpxtpx:TrackPointExtension></extensions></trkpt><trkpt lat="15.6410760619" lon="73.7112105265"><ele>3.50</ele><time>2025-11-18T04:54:46Z</time><extensions><gpxtpx:TrackPointExtension><gpxtpx:cad>0</gpxtpx:cad></gpxtpx:TrackPointExtension></extensions></trkpt><trkpt lat="15.6409651693" lon="73.7113282084"><ele>3.50</ele><time>2025-11-18T04:54:51Z</time><extensions><gpxtpx:TrackPointExtension><gpxtpx:cad>0</gpxtpx:cad></gpxtpx:TrackPointExtension></extensions></trkpt><trkpt lat="15.6408544444" lon="73.7114471477"><ele>3.98</ele><time>2025-11-18T04:54:56Z</time><extensions><gpxtpx:TrackPointExtension><gpxtpx:cad>0</gpxtpx:cad></gpxtpx:TrackPointExtension></extensions></trkpt><trkpt lat="15.6407507602" lon="73.7115697749"><ele>3.98</ele><time>2025-11-18T04:55:01Z</time><extensions><gpxtpx:TrackPointExtension><gpxtpx:cad>0</gpxtpx:cad></gpxtpx:TrackPointExtension></extensions></trkpt><trkpt lat="15.6406476628" lon="73.7116993591"><ele>3.98</ele><time>2025-11-18T04:55:06Z</time><extensions><gpxtpx:TrackPointExtension><gpxtpx:cad>0</gpxtpx:cad></gpxtpx:TrackPointExtension></extensions></trkpt><trkpt lat="15.6405605748" lon="73.7118405942"><ele>3.98</ele><time>2025-11-18T04:55:11Z</time><extensions><gpxtpx:TrackPointExtension><gpxtpx:cad>0</gpxtpx:cad></gpxtpx:TrackPointExtension></extensions></trkpt><trkpt lat="15.6404467486" lon="73.7119596172"><ele>4.46</ele><time>2025-11-18T04:55:16Z</time><extensions><gpxtpx:TrackPointExtension><gpxtpx:cad>0</gpxtpx:cad></gpxtpx:TrackPointExtension></extensions></trkpt><trkpt lat="15.6403303239" lon="73.7120658997"><ele>4.46</ele><time>2025-11-18T04:55:21Z</time><extensions><gpxtpx:TrackPointExtension><gpxtpx:cad>0</gpxtpx:cad></gpxtpx:TrackPointExtension></extensions></trkpt><trkpt lat="15.6402289029" lon="73.7121988367"><ele>4.46</ele><time>2025-11-18T04:55:26Z</time><extensions><gpxtpx:TrackPointExtension><gpxtpx:cad>0</gpxtpx:cad></gpxtpx:TrackPointExtension></extensions></trkpt><trkpt lat="15.6401276495" lon="73.7123243976"><ele>4.46</ele><time>2025-11-18T04:55:31Z</time><extensions><gpxtpx:TrackPointExtension><gpxtpx:cad>0</gpxtpx:cad></gpxtpx:TrackPointExtension></extensions></trkpt><trkpt lat="15.6400389690" lon="73.7124684826"><ele>3.50</ele><time>2025-11-18T04:55:36Z</time><extensions><gpxtpx:TrackPointExtension><gpxtpx:cad>0</gpxtpx:cad></gpxtpx:TrackPointExtension></extensions></trkpt><trkpt lat="15.6399627775" lon="73.7126086280"><ele>3.02</ele><time>2025-11-18T04:55:41Z</time><extensions><gpxtpx:TrackPointExtension><gpxtpx:cad>0</gpxtpx:cad></gpxtpx:TrackPointExtension></extensions></trkpt><trkpt lat="15.6398642063" lon="73.7127619330"><ele>2.54</ele><time>2025-11-18T04:55:46Z</time><extensions><gpxtpx:TrackPointExtension><gpxtpx:cad>0</gpxtpx:cad></gpxtpx:TrackPointExtension></extensions></trkpt><trkpt lat="15.6397611927" lon="73.7128755078"><ele>2.54</ele><time>2025-11-18T04:55:51Z</time><extensions><gpxtpx:TrackPointExtension><gpxtpx:cad>0</gpxtpx:cad></gpxtpx:TrackPointExtension></extensions></trkpt><trkpt lat="15.6396447681" lon="73.7130003981"><ele>2.54</ele><time>2025-11-18T04:55:56Z</time><extensions><gpxtpx:TrackPointExtension><gpxtpx:cad>0</gpxtpx:cad></gpxtpx:TrackPointExtension></extensions></trkpt><trkpt lat="15.6395235658" lon="73.7131003104"><ele>2.54</ele><time>2025-11-18T04:56:01Z</time><extensions><gpxtpx:TrackPointExtension><gpxtpx:cad>0</gpxtpx:cad></gpxtpx:TrackPointExtension></extensions></trkpt><trkpt lat="15.6394000165" lon="73.7132122088"><ele>2.54</ele><time>2025-11-18T04:56:06Z</time><extensions><gpxtpx:TrackPointExtension><gpxtpx:cad>0</gpxtpx:cad></gpxtpx:TrackPointExtension></extensions></trkpt><trkpt lat="15.6392687559" lon="73.7133126240"><ele>2.54</ele><time>2025-11-18T04:56:11Z</time><extensions><gpxtpx:TrackPointExtension><gpxtpx:cad>0</gpxtpx:cad></gpxtpx:TrackPointExtension></extensions></trkpt><trkpt lat="15.6391220726" lon="73.7133982871"><ele>2.54</ele><time>2025-11-18T04:56:16Z</time><extensions><gpxtpx:TrackPointExtension><gpxtpx:cad>0</gpxtpx:cad></gpxtpx:TrackPointExtension></extensions></trkpt><trkpt lat="15.6389801670" lon="73.7134944275"><ele>3.02</ele><time>2025-11-18T04:56:21Z</time><extensions><gpxtpx:TrackPointExtension><gpxtpx:cad>0</gpxtpx:cad></gpxtpx:TrackPointExtension></extensions></trkpt><trkpt lat="15.6388397701" lon="73.7135767378"><ele>3.50</ele><time>2025-11-18T04:56:26Z</time><extensions><gpxtpx:TrackPointExtension><gpxtpx:cad>0</gpxtpx:cad></gpxtpx:TrackPointExtension></extensions></trkpt><trkpt lat="15.6386853755" lon="73.7136704475"><ele>3.98</ele><time>2025-11-18T04:56:31Z</time><extensions><gpxtpx:TrackPointExtension><gpxtpx:cad>0</gpxtpx:cad></gpxtpx:TrackPointExtension></extensions></trkpt><trkpt lat="15.6385394465" lon="73.7137607206"><ele>4.46</ele><time>2025-11-18T04:56:36Z</time><extensions><gpxtpx:TrackPointExtension><gpxtpx:cad>0</gpxtpx:cad></gpxtpx:TrackPointExtension></extensions></trkpt><trkpt lat="15.6383910868" lon="73.7138534244"><ele>4.94</ele><time>2025-11-18T04:56:41Z</time><extensions><gpxtpx:TrackPointExtension><gpxtpx:cad>0</gpxtpx:cad></gpxtpx:TrackPointExtension></extensions></trkpt><trkpt lat="15.6382439844" lon="73.7139508221"><ele>4.94</ele><time>2025-11-18T04:56:46Z</time><extensions><gpxtpx:TrackPointExtension><gpxtpx:cad>0</gpxtpx:cad></gpxtpx:TrackPointExtension></extensions></trkpt><trkpt lat="15.6381020788" lon="73.7140392512"><ele>5.42</ele><time>2025-11-18T04:56:51Z</time><extensions><gpxtpx:TrackPointExtension><gpxtpx:cad>0</gpxtpx:cad></gpxtpx:TrackPointExtension></extensions></trkpt><trkpt lat="15.6379512884" lon="73.7141458690"><ele>5.91</ele><time>2025-11-18T04:56:56Z</time><extensions><gpxtpx:TrackPointExtension><gpxtpx:cad>0</gpxtpx:cad></gpxtpx:TrackPointExtension></extensions></trkpt><trkpt lat="15.6378059462" lon="73.7142239884"><ele>5.42</ele><time>2025-11-18T04:57:01Z</time><extensions><gpxtpx:TrackPointExtension><gpxtpx:cad>0</gpxtpx:cad></gpxtpx:TrackPointExtension></extensions></trkpt><trkpt lat="15.6376456004" lon="73.7143103220"><ele>5.91</ele><time>2025-11-18T04:57:06Z</time><extensions><gpxtpx:TrackPointExtension><gpxtpx:cad>0</gpxtpx:cad></gpxtpx:TrackPointExtension></extensions></trkpt><trkpt lat="15.6374972407" lon="73.7143971585"><ele>5.91</ele><time>2025-11-18T04:57:11Z</time><extensions><gpxtpx:TrackPointExtension><gpxtpx:cad>0</gpxtpx:cad></gpxtpx:TrackPointExtension></extensions></trkpt><trkpt lat="15.6373364758" lon="73.7144584302"><ele>5.91</ele><time>2025-11-18T04:57:16Z</time><extensions><gpxtpx:TrackPointExtension><gpxtpx:cad>0</gpxtpx:cad></gpxtpx:TrackPointExtension></extensions></trkpt><trkpt lat="15.6371804047" lon="73.7145236414"><ele>6.39</ele><time>2025-11-18T04:57:21Z</time><extensions><gpxtpx:TrackPointExtension><gpxtpx:cad>0</gpxtpx:cad></gpxtpx:TrackPointExtension></extensions></trkpt><trkpt lat="15.6370091625" lon="73.7145525590"><ele>6.87</ele><time>2025-11-18T04:57:26Z</time><extensions><gpxtpx:TrackPointExtension><gpxtpx:cad>0</gpxtpx:cad></gpxtpx:TrackPointExtension></extensions></trkpt><trkpt lat="15.6368366629" lon="73.7145773694"><ele>7.35</ele><time>2025-11-18T04:57:31Z</time><extensions><gpxtpx:TrackPointExtension><gpxtpx:cad>0</gpxtpx:cad></gpxtpx:TrackPointExtension></extensions></trkpt><trkpt lat="15.6366641633" lon="73.7145905290"><ele>7.35</ele><time>2025-11-18T04:57:36Z</time><extensions><gpxtpx:TrackPointExtension><gpxtpx:cad>0</gpxtpx:cad></gpxtpx:TrackPointExtension></extensions></trkpt><trkpt lat="15.6364863832" lon="73.7145928759"><ele>7.35</ele><time>2025-11-18T04:57:41Z</time><extensions><gpxtpx:TrackPointExtension><gpxtpx:cad>0</gpxtpx:cad></gpxtpx:TrackPointExtension></extensions></trkpt><trkpt lat="15.6363189127" lon="73.7146094721"><ele>7.35</ele><time>2025-11-18T04:57:46Z</time><extensions><gpxtpx:TrackPointExtension><gpxtpx:cad>0</gpxtpx:cad></gpxtpx:TrackPointExtension></extensions></trkpt><trkpt lat="15.6361513585" lon="73.7146166805"><ele>6.87</ele><time>2025-11-18T04:57:51Z</time><extensions><gpxtpx:TrackPointExtension><gpxtpx:cad>0</gpxtpx:cad></gpxtpx:TrackPointExtension></extensions></trkpt><trkpt lat="15.6359755900" lon="73.7146373000"><ele>6.39</ele><time>2025-11-18T04:57:56Z</time><extensions><gpxtpx:TrackPointExtension><gpxtpx:cad>0</gpxtpx:cad></gpxtpx:TrackPointExtension></extensions></trkpt><trkpt lat="15.6358086225" lon="73.7146424130"><ele>5.91</ele><time>2025-11-18T04:58:01Z</time><extensions><gpxtpx:TrackPointExtension><gpxtpx:cad>0</gpxtpx:cad></gpxtpx:TrackPointExtension></extensions></trkpt><trkpt lat="15.6356410682" lon="73.7146453466"><ele>5.91</ele><time>2025-11-18T04:58:06Z</time><extensions><gpxtpx:TrackPointExtension><gpxtpx:cad>0</gpxtpx:cad></gpxtpx:TrackPointExtension></extensions></trkpt><trkpt lat="15.6354690716" lon="73.7146438379"><ele>5.42</ele><time>2025-11-18T04:58:11Z</time><extensions><gpxtpx:TrackPointExtension><gpxtpx:cad>0</gpxtpx:cad></gpxtpx:TrackPointExtension></extensions></trkpt><trkpt lat="15.6352972426" lon="73.7146388926"><ele>5.91</ele><time>2025-11-18T04:58:16Z</time><extensions><gpxtpx:TrackPointExtension><gpxtpx:cad>0</gpxtpx:cad></gpxtpx:TrackPointExtension></extensions></trkpt><trkpt lat="15.6351286825" lon="73.7146302592"><ele>5.42</ele><time>2025-11-18T04:58:21Z</time><extensions><gpxtpx:TrackPointExtension><gpxtpx:cad>0</gpxtpx:cad></gpxtpx:TrackPointExtension></extensions></trkpt><trkpt lat="15.6349559315" lon="73.7146211229"><ele>5.42</ele><time>2025-11-18T04:58:26Z</time><extensions><gpxtpx:TrackPointExtension><gpxtpx:cad>0</gpxtpx:cad></gpxtpx:TrackPointExtension></extensions></trkpt><trkpt lat="15.6347881258" lon="73.7146072090"><ele>4.94</ele><time>2025-11-18T04:58:31Z</time><extensions><gpxtpx:TrackPointExtension><gpxtpx:cad>0</gpxtpx:cad></gpxtpx:TrackPointExtension></extensions></trkpt><trkpt lat="15.6346230023" lon="73.7145849969"><ele>4.46</ele><time>2025-11-18T04:58:36Z</time><extensions><gpxtpx:TrackPointExtension><gpxtpx:cad>0</gpxtpx:cad></gpxtpx:TrackPointExtension></extensions></trkpt><trkpt lat="15.6344576273" lon="73.7145595159"><ele>4.46</ele><time>2025-11-18T04:58:41Z</time><extensions><gpxtpx:TrackPointExtension><gpxtpx:cad>0</gpxtpx:cad></gpxtpx:TrackPointExtension></extensions></trkpt><trkpt lat="15.6342852116" lon="73.7145331129"><ele>4.94</ele><time>2025-11-18T04:58:46Z</time><extensions><gpxtpx:TrackPointExtension><gpxtpx:cad>0</gpxtpx:cad></gpxtpx:TrackPointExtension></extensions></trkpt><trkpt lat="15.6341156457" lon="73.7145057879"><ele>4.94</ele><time>2025-11-18T04:58:51Z</time><extensions><gpxtpx:TrackPointExtension><gpxtpx:cad>0</gpxtpx:cad></gpxtpx:TrackPointExtension></extensions></trkpt><trkpt lat="15.6339489296" lon="73.7144685723"><ele>4.94</ele><time>2025-11-18T04:58:56Z</time><extensions><gpxtpx:TrackPointExtension><gpxtpx:cad>0</gpxtpx:cad></gpxtpx:TrackPointExtension></extensions></trkpt><trkpt lat="15.6337839738" lon="73.7144259084"><ele>4.94</ele><time>2025-11-18T04:59:01Z</time><extensions><gpxtpx:TrackPointExtension><gpxtpx:cad>0</gpxtpx:cad></gpxtpx:TrackPointExtension></extensions></trkpt><trkpt lat="15.6336167548" lon="73.7143813167"><ele>4.94</ele><time>2025-11-18T04:59:06Z</time><extensions><gpxtpx:TrackPointExtension><gpxtpx:cad>0</gpxtpx:cad></gpxtpx:TrackPointExtension></extensions></trkpt><trkpt lat="15.6334445067" lon="73.7143329531"><ele>5.42</ele><time>2025-11-18T04:59:11Z</time><extensions><gpxtpx:TrackPointExtension><gpxtpx:cad>0</gpxtpx:cad></gpxtpx:TrackPointExtension></extensions></trkpt><trkpt lat="15.6332814787" lon="73.7143030297"><ele>5.42</ele><time>2025-11-18T04:59:16Z</time><extensions><gpxtpx:TrackPointExtension><gpxtpx:cad>0</gpxtpx:cad></gpxtpx:TrackPointExtension></extensions></trkpt><trkpt lat="15.6331100687" lon="73.7142739445"><ele>5.42</ele><time>2025-11-18T04:59:21Z</time><extensions><gpxtpx:TrackPointExtension><gpxtpx:cad>0</gpxtpx:cad></gpxtpx:TrackPointExtension></extensions></trkpt><trkpt lat="15.6329436880" lon="73.7142519001"><ele>5.91</ele><time>2025-11-18T04:59:26Z</time><extensions><gpxtpx:TrackPointExtension><gpxtpx:cad>0</gpxtpx:cad></gpxtpx:TrackPointExtension></extensions></trkpt><trkpt lat="15.6327664945" lon="73.7142182048"><ele>5.42</ele><time>2025-11-18T04:59:31Z</time><extensions><gpxtpx:TrackPointExtension><gpxtpx:cad>0</gpxtpx:cad></gpxtpx:TrackPointExtension></extensions></trkpt><trkpt lat="15.6325986050" lon="73.7141816597"><ele>5.42</ele><time>2025-11-18T04:59:36Z</time><extensions><gpxtpx:TrackPointExtension><gpxtpx:cad>0</gpxtpx:cad></gpxtpx:TrackPointExtension></extensions></trkpt><trkpt lat="15.6324281171" lon="73.7141371518"><ele>4.94</ele><time>2025-11-18T04:59:41Z</time><extensions><gpxtpx:TrackPointExtension><gpxtpx:cad>0</gpxtpx:cad></gpxtpx:TrackPointExtension></extensions></trkpt><trkpt lat="15.6322603114" lon="73.7140991818"><ele>4.94</ele><time>2025-11-18T04:59:46Z</time><extensions><gpxtpx:TrackPointExtension><gpxtpx:cad>0</gpxtpx:cad></gpxtpx:TrackPointExtension></extensions></trkpt><trkpt lat="15.6320890691" lon="73.7140541710"><ele>4.46</ele><time>2025-11-18T04:59:51Z</time><extensions><gpxtpx:TrackPointExtension><gpxtpx:cad>0</gpxtpx:cad></gpxtpx:TrackPointExtension></extensions></trkpt><trkpt lat="15.6319282204" lon="73.7140130159"><ele>4.46</ele><time>2025-11-18T04:59:56Z</time><extensions><gpxtpx:TrackPointExtension><gpxtpx:cad>0</gpxtpx:cad></gpxtpx:TrackPointExtension></extensions></trkpt><trkpt lat="15.6317565590" lon="73.7139687594"><ele>4.46</ele><time>2025-11-18T05:00:01Z</time><extensions><gpxtpx:TrackPointExtension><gpxtpx:cad>0</gpxtpx:cad></gpxtpx:TrackPointExtension></extensions></trkpt><trkpt lat="15.6315975543" lon="73.7139440328"><ele>4.46</ele><time>2025-11-18T05:00:06Z</time><extensions><gpxtpx:TrackPointExtension><gpxtpx:cad>0</gpxtpx:cad></gpxtpx:TrackPointExtension></extensions></trkpt><trkpt lat="15.6314211991" lon="73.7139089126"><ele>4.46</ele><time>2025-11-18T05:00:11Z</time><extensions><gpxtpx:TrackPointExtension><gpxtpx:cad>0</gpxtpx:cad></gpxtpx:TrackPointExtension></extensions></trkpt><trkpt lat="15.6312513817" lon="73.7138829287"><ele>4.46</ele><time>2025-11-18T05:00:16Z</time><extensions><gpxtpx:TrackPointExtension><gpxtpx:cad>0</gpxtpx:cad></gpxtpx:TrackPointExtension></extensions></trkpt><trkpt lat="15.6310792174" lon="73.7138560228"><ele>3.98</ele><time>2025-11-18T05:00:21Z</time><extensions><gpxtpx:TrackPointExtension><gpxtpx:cad>0</gpxtpx:cad></gpxtpx:TrackPointExtension></extensions></trkpt><trkpt lat="15.6309083942" lon="73.7138390914"><ele>3.98</ele><time>2025-11-18T05:00:26Z</time><extensions><gpxtpx:TrackPointExtension><gpxtpx:cad>0</gpxtpx:cad></gpxtpx:TrackPointExtension></extensions></trkpt><trkpt lat="15.6307361461" lon="73.7138100062"><ele>3.50</ele><time>2025-11-18T05:00:31Z</time><extensions><gpxtpx:TrackPointExtension><gpxtpx:cad>0</gpxtpx:cad></gpxtpx:TrackPointExtension></extensions></trkpt><trkpt lat="15.6305624731" lon="73.7137755565"><ele>4.46</ele><time>2025-11-18T05:00:36Z</time><extensions><gpxtpx:TrackPointExtension><gpxtpx:cad>0</gpxtpx:cad></gpxtpx:TrackPointExtension></extensions></trkpt><trkpt lat="15.6303950027" lon="73.7137532607"><ele>4.94</ele><time>2025-11-18T05:00:41Z</time><extensions><gpxtpx:TrackPointExtension><gpxtpx:cad>0</gpxtpx:cad></gpxtpx:TrackPointExtension></extensions></trkpt><trkpt lat="15.6302213296" lon="73.7137256004"><ele>4.94</ele><time>2025-11-18T05:00:46Z</time><extensions><gpxtpx:TrackPointExtension><gpxtpx:cad>0</gpxtpx:cad></gpxtpx:TrackPointExtension></extensions></trkpt><trkpt lat="15.6300488301" lon="73.7137113512"><ele>4.94</ele><time>2025-11-18T05:00:51Z</time><extensions><gpxtpx:TrackPointExtension><gpxtpx:cad>0</gpxtpx:cad></gpxtpx:TrackPointExtension></extensions></trkpt><trkpt lat="15.6298738159" lon="73.7136673462"><ele>5.91</ele><time>2025-11-18T05:00:56Z</time><extensions><gpxtpx:TrackPointExtension><gpxtpx:cad>0</gpxtpx:cad></gpxtpx:TrackPointExtension></extensions></trkpt><trkpt lat="15.6297075190" lon="73.7136348244"><ele>6.87</ele><time>2025-11-18T05:01:01Z</time><extensions><gpxtpx:TrackPointExtension><gpxtpx:cad>0</gpxtpx:cad></gpxtpx:TrackPointExtension></extensions></trkpt><trkpt lat="15.6295332592" lon="73.7136062421"><ele>7.35</ele><time>2025-11-18T05:01:06Z</time><extensions><gpxtpx:TrackPointExtension><gpxtpx:cad>0</gpxtpx:cad></gpxtpx:TrackPointExtension></extensions></trkpt><trkpt lat="15.6293620169" lon="73.7135874666"><ele>6.87</ele><time>2025-11-18T05:01:11Z</time><extensions><gpxtpx:TrackPointExtension><gpxtpx:cad>0</gpxtpx:cad></gpxtpx:TrackPointExtension></extensions></trkpt><trkpt lat="15.6291973125" lon="73.7135613989"><ele>6.87</ele><time>2025-11-18T05:01:16Z</time><extensions><gpxtpx:TrackPointExtension><gpxtpx:cad>0</gpxtpx:cad></gpxtpx:TrackPointExtension></extensions></trkpt><trkpt lat="15.6290285848" lon="73.7135298830"><ele>6.87</ele><time>2025-11-18T05:01:21Z</time><extensions><gpxtpx:TrackPointExtension><gpxtpx:cad>0</gpxtpx:cad></gpxtpx:TrackPointExtension></extensions></trkpt><trkpt lat="15.6288625393" lon="73.7135183997"><ele>6.39</ele><time>2025-11-18T05:01:26Z</time><extensions><gpxtpx:TrackPointExtension><gpxtpx:cad>0</gpxtpx:cad></gpxtpx:TrackPointExtension></extensions></trkpt><trkpt lat="15.6286911294" lon="73.7134898175"><ele>5.91</ele><time>2025-11-18T05:01:31Z</time><extensions><gpxtpx:TrackPointExtension><gpxtpx:cad>0</gpxtpx:cad></gpxtpx:TrackPointExtension></extensions></trkpt><trkpt lat="15.6285193004" lon="73.7134782504"><ele>5.91</ele><time>2025-11-18T05:01:36Z</time><extensions><gpxtpx:TrackPointExtension><gpxtpx:cad>0</gpxtpx:cad></gpxtpx:TrackPointExtension></extensions></trkpt><trkpt lat="15.6283450406" lon="73.7134603132"><ele>5.91</ele><time>2025-11-18T05:01:41Z</time><extensions><gpxtpx:TrackPointExtension><gpxtpx:cad>0</gpxtpx:cad></gpxtpx:TrackPointExtension></extensions></trkpt><trkpt lat="15.6281758938" lon="73.7134526018"><ele>5.91</ele><time>2025-11-18T05:01:46Z</time><extensions><gpxtpx:TrackPointExtension><gpxtpx:cad>0</gpxtpx:cad></gpxtpx:TrackPointExtension></extensions></trkpt><trkpt lat="15.6279959343" lon="73.7134384364"><ele>5.91</ele><time>2025-11-18T05:01:51Z</time><extensions><gpxtpx:TrackPointExtension><gpxtpx:cad>0</gpxtpx:cad></gpxtpx:TrackPointExtension></extensions></trkpt><trkpt lat="15.6278278772" lon="73.7134346645"><ele>5.42</ele><time>2025-11-18T05:01:56Z</time><extensions><gpxtpx:TrackPointExtension><gpxtpx:cad>0</gpxtpx:cad></gpxtpx:TrackPointExtension></extensions></trkpt><trkpt lat="15.6276559643" lon="73.7134253606"><ele>5.42</ele><time>2025-11-18T05:02:01Z</time><extensions><gpxtpx:TrackPointExtension><gpxtpx:cad>0</gpxtpx:cad></gpxtpx:TrackPointExtension></extensions></trkpt><trkpt lat="15.6274800282" lon="73.7134204991"><ele>5.91</ele><time>2025-11-18T05:02:06Z</time><extensions><gpxtpx:TrackPointExtension><gpxtpx:cad>0</gpxtpx:cad></gpxtpx:TrackPointExtension></extensions></trkpt><trkpt lat="15.6273186766" lon="73.7134307250"><ele>5.91</ele><time>2025-11-18T05:02:11Z</time><extensions><gpxtpx:TrackPointExtension><gpxtpx:cad>0</gpxtpx:cad></gpxtpx:TrackPointExtension></extensions></trkpt><trkpt lat="15.6271464285" lon="73.7134556193"><ele>5.91</ele><time>2025-11-18T05:02:16Z</time><extensions><gpxtpx:TrackPointExtension><gpxtpx:cad>0</gpxtpx:cad></gpxtpx:TrackPointExtension></extensions></trkpt><trkpt lat="15.6269725878" lon="73.7134701200"><ele>5.42</ele><time>2025-11-18T05:02:21Z</time><extensions><gpxtpx:TrackPointExtension><gpxtpx:cad>0</gpxtpx:cad></gpxtpx:TrackPointExtension></extensions></trkpt><trkpt lat="15.6268015970" lon="73.7134837825"><ele>5.91</ele><time>2025-11-18T05:02:26Z</time><extensions><gpxtpx:TrackPointExtension><gpxtpx:cad>0</gpxtpx:cad></gpxtpx:TrackPointExtension></extensions></trkpt><trkpt lat="15.6266311929" lon="73.7135011330"><ele>5.91</ele><time>2025-11-18T05:02:31Z</time><extensions><gpxtpx:TrackPointExtension><gpxtpx:cad>0</gpxtpx:cad></gpxtpx:TrackPointExtension></extensions></trkpt><trkpt lat="15.6264589448" lon="73.7135248538"><ele>6.39</ele><time>2025-11-18T05:02:36Z</time><extensions><gpxtpx:TrackPointExtension><gpxtpx:cad>0</gpxtpx:cad></gpxtpx:TrackPointExtension></extensions></trkpt><trkpt lat="15.6262896303" lon="73.7135571241"><ele>6.39</ele><time>2025-11-18T05:02:41Z</time><extensions><gpxtpx:TrackPointExtension><gpxtpx:cad>0</gpxtpx:cad></gpxtpx:TrackPointExtension></extensions></trkpt><trkpt lat="15.6261275243" lon="73.7135918252"><ele>6.39</ele><time>2025-11-18T05:02:46Z</time><extensions><gpxtpx:TrackPointExtension><gpxtpx:cad>0</gpxtpx:cad></gpxtpx:TrackPointExtension></extensions></trkpt><trkpt lat="15.6259615626" lon="73.7136318069"><ele>6.87</ele><time>2025-11-18T05:02:51Z</time><extensions><gpxtpx:TrackPointExtension><gpxtpx:cad>0</gpxtpx:cad></gpxtpx:TrackPointExtension></extensions></trkpt><trkpt lat="15.6258055754" lon="73.7136769854"><ele>6.39</ele><time>2025-11-18T05:02:56Z</time><extensions><gpxtpx:TrackPointExtension><gpxtpx:cad>0</gpxtpx:cad></gpxtpx:TrackPointExtension></extensions></trkpt><trkpt lat="15.6256387755" lon="73.7137287855"><ele>5.42</ele><time>2025-11-18T05:03:01Z</time><extensions><gpxtpx:TrackPointExtension><gpxtpx:cad>0</gpxtpx:cad></gpxtpx:TrackPointExtension></extensions></trkpt><trkpt lat="15.6254952773" lon="73.7137907278"><ele>4.94</ele><time>2025-11-18T05:03:06Z</time><extensions><gpxtpx:TrackPointExtension><gpxtpx:cad>0</gpxtpx:cad></gpxtpx:TrackPointExtension></extensions></trkpt><trkpt lat="15.6253341772" lon="73.7138397619"><ele>4.94</ele><time>2025-11-18T05:03:11Z</time><extensions><gpxtpx:TrackPointExtension><gpxtpx:cad>0</gpxtpx:cad></gpxtpx:TrackPointExtension></extensions></trkpt><trkpt lat="15.6251838058" lon="73.7138885446"><ele>4.46</ele><time>2025-11-18T05:03:16Z</time><extensions><gpxtpx:TrackPointExtension><gpxtpx:cad>0</gpxtpx:cad></gpxtpx:TrackPointExtension></extensions></trkpt><trkpt lat="15.6250216160" lon="73.7139406800"><ele>4.46</ele><time>2025-11-18T05:03:21Z</time><extensions><gpxtpx:TrackPointExtension><gpxtpx:cad>0</gpxtpx:cad></gpxtpx:TrackPointExtension></extensions></trkpt><trkpt lat="15.6248584203" lon="73.7139732018"><ele>4.46</ele><time>2025-11-18T05:03:26Z</time><extensions><gpxtpx:TrackPointExtension><gpxtpx:cad>0</gpxtpx:cad></gpxtpx:TrackPointExtension></extensions></trkpt><trkpt lat="15.6247081328" lon="73.7140301149"><ele>4.46</ele><time>2025-11-18T05:03:31Z</time><extensions><gpxtpx:TrackPointExtension><gpxtpx:cad>0</gpxtpx:cad></gpxtpx:TrackPointExtension></extensions></trkpt><trkpt lat="15.6245507207" lon="73.7140829209"><ele>3.02</ele><time>2025-11-18T05:03:36Z</time><extensions><gpxtpx:TrackPointExtension><gpxtpx:cad>0</gpxtpx:cad></gpxtpx:TrackPointExtension></extensions></trkpt><trkpt lat="15.6243999302" lon="73.7141431868"><ele>2.54</ele><time>2025-11-18T05:03:41Z</time><extensions><gpxtpx:TrackPointExtension><gpxtpx:cad>0</gpxtpx:cad></gpxtpx:TrackPointExtension></extensions></trkpt><trkpt lat="15.6242457870" lon="73.7142139301"><ele>2.54</ele><time>2025-11-18T05:03:46Z</time><extensions><gpxtpx:TrackPointExtension><gpxtpx:cad>0</gpxtpx:cad></gpxtpx:TrackPointExtension></extensions></trkpt><trkpt lat="15.6240852736" lon="73.7142835837"><ele>2.06</ele><time>2025-11-18T05:03:51Z</time><extensions><gpxtpx:TrackPointExtension><gpxtpx:cad>0</gpxtpx:cad></gpxtpx:TrackPointExtension></extensions></trkpt><trkpt lat="15.6239259336" lon="73.7143677380"><ele>2.06</ele><time>2025-11-18T05:03:56Z</time><extensions><gpxtpx:TrackPointExtension><gpxtpx:cad>0</gpxtpx:cad></gpxtpx:TrackPointExtension></extensions></trkpt><trkpt lat="15.6237717066" lon="73.7144400738"><ele>1.58</ele><time>2025-11-18T05:04:01Z</time><extensions><gpxtpx:TrackPointExtension><gpxtpx:cad>0</gpxtpx:cad></gpxtpx:TrackPointExtension></extensions></trkpt><trkpt lat="15.6236169767" lon="73.7145217136"><ele>1.58</ele><time>2025-11-18T05:04:06Z</time><extensions><gpxtpx:TrackPointExtension><gpxtpx:cad>0</gpxtpx:cad></gpxtpx:TrackPointExtension></extensions></trkpt><trkpt lat="15.6234761607" lon="73.7146017607"><ele>1.58</ele><time>2025-11-18T05:04:11Z</time><extensions><gpxtpx:TrackPointExtension><gpxtpx:cad>0</gpxtpx:cad></gpxtpx:TrackPointExtension></extensions></trkpt><trkpt lat="15.6233364344" lon="73.7147028465"><ele>1.58</ele><time>2025-11-18T05:04:16Z</time><extensions><gpxtpx:TrackPointExtension><gpxtpx:cad>0</gpxtpx:cad></gpxtpx:TrackPointExtension></extensions></trkpt><trkpt lat="15.6232075207" lon="73.7148080394"><ele>1.58</ele><time>2025-11-18T05:04:21Z</time><extensions><gpxtpx:TrackPointExtension><gpxtpx:cad>0</gpxtpx:cad></gpxtpx:TrackPointExtension></extensions></trkpt><trkpt lat="15.6230684649" lon="73.7149223685"><ele>1.58</ele><time>2025-11-18T05:04:26Z</time><extensions><gpxtpx:TrackPointExtension><gpxtpx:cad>0</gpxtpx:cad></gpxtpx:TrackPointExtension></extensions></trkpt><trkpt lat="15.6229348574" lon="73.7150198501"><ele>1.10</ele><time>2025-11-18T05:04:31Z</time><extensions><gpxtpx:TrackPointExtension><gpxtpx:cad>0</gpxtpx:cad></gpxtpx:TrackPointExtension></extensions></trkpt><trkpt lat="15.6228120625" lon="73.7151410524"><ele>1.10</ele><time>2025-11-18T05:04:36Z</time><extensions><gpxtpx:TrackPointExtension><gpxtpx:cad>0</gpxtpx:cad></gpxtpx:TrackPointExtension></extensions></trkpt><trkpt lat="15.6226893514" lon="73.7152661104"><ele>0.62</ele><time>2025-11-18T05:04:41Z</time><extensions><gpxtpx:TrackPointExtension><gpxtpx:cad>0</gpxtpx:cad></gpxtpx:TrackPointExtension></extensions></trkpt><trkpt lat="15.6225679815" lon="73.7153913360"><ele>0.62</ele><time>2025-11-18T05:04:46Z</time><extensions><gpxtpx:TrackPointExtension><gpxtpx:cad>0</gpxtpx:cad></gpxtpx:TrackPointExtension></extensions></trkpt><trkpt lat="15.6224528980" lon="73.7155024800"><ele>1.10</ele><time>2025-11-18T05:04:51Z</time><extensions><gpxtpx:TrackPointExtension><gpxtpx:cad>0</gpxtpx:cad></gpxtpx:TrackPointExtension></extensions></trkpt><trkpt lat="15.6223235652" lon="73.7156250235"><ele>1.10</ele><time>2025-11-18T05:04:56Z</time><extensions><gpxtpx:TrackPointExtension><gpxtpx:cad>0</gpxtpx:cad></gpxtpx:TrackPointExtension></extensions></trkpt><trkpt lat="15.6222011056" lon="73.7157391850"><ele>1.10</ele><time>2025-11-18T05:05:01Z</time><extensions><gpxtpx:TrackPointExtension><gpxtpx:cad>0</gpxtpx:cad></gpxtpx:TrackPointExtension></extensions></trkpt><trkpt lat="15.6220834237" lon="73.7158598844"><ele>1.10</ele><time>2025-11-18T05:05:06Z</time><extensions><gpxtpx:TrackPointExtension><gpxtpx:cad>0</gpxtpx:cad></gpxtpx:TrackPointExtension></extensions></trkpt><trkpt lat="15.6219566893" lon="73.7159825116"><ele>1.10</ele><time>2025-11-18T05:05:11Z</time><extensions><gpxtpx:TrackPointExtension><gpxtpx:cad>0</gpxtpx:cad></gpxtpx:TrackPointExtension></extensions></trkpt><trkpt lat="15.6218350679" lon="73.7161082402"><ele>0.62</ele><time>2025-11-18T05:05:16Z</time><extensions><gpxtpx:TrackPointExtension><gpxtpx:cad>0</gpxtpx:cad></gpxtpx:TrackPointExtension></extensions></trkpt><trkpt lat="15.6217123568" lon="73.7162415124"><ele>0.14</ele><time>2025-11-18T05:05:21Z</time><extensions><gpxtpx:TrackPointExtension><gpxtpx:cad>0</gpxtpx:cad></gpxtpx:TrackPointExtension></extensions></trkpt><trkpt lat="15.6215826049" lon="73.7163715158"><ele>0.14</ele><time>2025-11-18T05:05:26Z</time><extensions><gpxtpx:TrackPointExtension><gpxtpx:cad>0</gpxtpx:cad></gpxtpx:TrackPointExtension></extensions></trkpt><trkpt lat="15.6214676052" lon="73.7165002618"><ele>-0.34</ele><time>2025-11-18T05:05:31Z</time><extensions><gpxtpx:TrackPointExtension><gpxtpx:cad>0</gpxtpx:cad></gpxtpx:TrackPointExtension></extensions></trkpt><trkpt lat="15.6213464867" lon="73.7166605238"><ele>-0.34</ele><time>2025-11-18T05:05:36Z</time><extensions><gpxtpx:TrackPointExtension><gpxtpx:cad>0</gpxtpx:cad></gpxtpx:TrackPointExtension></extensions></trkpt><trkpt lat="15.6212360971" lon="73.7167854141"><ele>-0.82</ele><time>2025-11-18T05:05:41Z</time><extensions><gpxtpx:TrackPointExtension><gpxtpx:cad>0</gpxtpx:cad></gpxtpx:TrackPointExtension></extensions></trkpt><trkpt lat="15.6211362686" lon="73.7169248052"><ele>-0.82</ele><time>2025-11-18T05:05:46Z</time><extensions><gpxtpx:TrackPointExtension><gpxtpx:cad>0</gpxtpx:cad></gpxtpx:TrackPointExtension></extensions></trkpt><trkpt lat="15.6210418884" lon="73.7170560658"><ele>-1.30</ele><time>2025-11-18T05:05:51Z</time><extensions><gpxtpx:TrackPointExtension><gpxtpx:cad>0</gpxtpx:cad></gpxtpx:TrackPointExtension></extensions></trkpt><trkpt lat="15.6209352706" lon="73.7171766814"><ele>-1.30</ele><time>2025-11-18T05:05:56Z</time><extensions><gpxtpx:TrackPointExtension><gpxtpx:cad>0</gpxtpx:cad></gpxtpx:TrackPointExtension></extensions></trkpt><trkpt lat="15.6208380405" lon="73.7173065171"><ele>-1.30</ele><time>2025-11-18T05:06:01Z</time><extensions><gpxtpx:TrackPointExtension><gpxtpx:cad>0</gpxtpx:cad></gpxtpx:TrackPointExtension></extensions></trkpt><trkpt lat="15.6207394693" lon="73.7174325809"><ele>-1.79</ele><time>2025-11-18T05:06:06Z</time><extensions><gpxtpx:TrackPointExtension><gpxtpx:cad>0</gpxtpx:cad></gpxtpx:TrackPointExtension></extensions></trkpt><trkpt lat="15.6206354499" lon="73.7175619137"><ele>-1.79</ele><time>2025-11-18T05:06:11Z</time><extensions><gpxtpx:TrackPointExtension><gpxtpx:cad>0</gpxtpx:cad></gpxtpx:TrackPointExtension></extensions></trkpt><trkpt lat="15.6205409020" lon="73.7176918332"><ele>-1.30</ele><time>2025-11-18T05:06:16Z</time><extensions><gpxtpx:TrackPointExtension><gpxtpx:cad>0</gpxtpx:cad></gpxtpx:TrackPointExtension></extensions></trkpt><trkpt lat="15.6204409059" lon="73.7178215850"><ele>-1.79</ele><time>2025-11-18T05:06:21Z</time><extensions><gpxtpx:TrackPointExtension><gpxtpx:cad>0</gpxtpx:cad></gpxtpx:TrackPointExtension></extensions></trkpt><trkpt lat="15.6203379761" lon="73.7179442123"><ele>-1.79</ele><time>2025-11-18T05:06:26Z</time><extensions><gpxtpx:TrackPointExtension><gpxtpx:cad>0</gpxtpx:cad></gpxtpx:TrackPointExtension></extensions></trkpt><trkpt lat="15.6202401593" lon="73.7180889677"><ele>-1.30</ele><time>2025-11-18T05:06:31Z</time><extensions><gpxtpx:TrackPointExtension><gpxtpx:cad>0</gpxtpx:cad></gpxtpx:TrackPointExtension></extensions></trkpt><trkpt lat="15.6201415882" lon="73.7182197254"><ele>-1.79</ele><time>2025-11-18T05:06:36Z</time><extensions><gpxtpx:TrackPointExtension><gpxtpx:cad>0</gpxtpx:cad></gpxtpx:TrackPointExtension></extensions></trkpt><trkpt lat="15.6200322881" lon="73.7183405925"><ele>-2.27</ele><time>2025-11-18T05:06:41Z</time><extensions><gpxtpx:TrackPointExtension><gpxtpx:cad>0</gpxtpx:cad></gpxtpx:TrackPointExtension></extensions></trkpt><trkpt lat="15.6199324597" lon="73.7184689194"><ele>-2.27</ele><time>2025-11-18T05:06:46Z</time><extensions><gpxtpx:TrackPointExtension><gpxtpx:cad>0</gpxtpx:cad></gpxtpx:TrackPointExtension></extensions></trkpt><trkpt lat="15.6198333018" lon="73.7186031137"><ele>-2.75</ele><time>2025-11-18T05:06:51Z</time><extensions><gpxtpx:TrackPointExtension><gpxtpx:cad>0</gpxtpx:cad></gpxtpx:TrackPointExtension></extensions></trkpt><trkpt lat="15.6197250076" lon="73.7187170237"><ele>-3.23</ele><time>2025-11-18T05:06:56Z</time><extensions><gpxtpx:TrackPointExtension><gpxtpx:cad>0</gpxtpx:cad></gpxtpx:TrackPointExtension></extensions></trkpt><trkpt lat="15.6196162943" lon="73.7188430037"><ele>-3.23</ele><time>2025-11-18T05:07:01Z</time><extensions><gpxtpx:TrackPointExtension><gpxtpx:cad>0</gpxtpx:cad></gpxtpx:TrackPointExtension></extensions></trkpt><trkpt lat="15.6195054855" lon="73.7189600989"><ele>-3.23</ele><time>2025-11-18T05:07:06Z</time><extensions><gpxtpx:TrackPointExtension><gpxtpx:cad>0</gpxtpx:cad></gpxtpx:TrackPointExtension></extensions></trkpt><trkpt lat="15.6193851214" lon="73.7190787867"><ele>-3.23</ele><time>2025-11-18T05:07:11Z</time><extensions><gpxtpx:TrackPointExtension><gpxtpx:cad>0</gpxtpx:cad></gpxtpx:TrackPointExtension></extensions></trkpt><trkpt lat="15.6192814372" lon="73.7191971391"><ele>-3.23</ele><time>2025-11-18T05:07:16Z</time><extensions><gpxtpx:TrackPointExtension><gpxtpx:cad>0</gpxtpx:cad></gpxtpx:TrackPointExtension></extensions></trkpt><trkpt lat="15.6191667728" lon="73.7193180062"><ele>-3.23</ele><time>2025-11-18T05:07:21Z</time><extensions><gpxtpx:TrackPointExtension><gpxtpx:cad>0</gpxtpx:cad></gpxtpx:TrackPointExtension></extensions></trkpt><trkpt lat="15.6190603226" lon="73.7194322515"><ele>-3.23</ele><time>2025-11-18T05:07:26Z</time><extensions><gpxtpx:TrackPointExtension><gpxtpx:cad>0</gpxtpx:cad></gpxtpx:TrackPointExtension></extensions></trkpt><trkpt lat="15.6189473346" lon="73.7195547111"><ele>-3.23</ele><time>2025-11-18T05:07:31Z</time><extensions><gpxtpx:TrackPointExtension><gpxtpx:cad>0</gpxtpx:cad></gpxtpx:TrackPointExtension></extensions></trkpt><trkpt lat="15.6188320834" lon="73.7196614128"><ele>-3.23</ele><time>2025-11-18T05:07:36Z</time><extensions><gpxtpx:TrackPointExtension><gpxtpx:cad>0</gpxtpx:cad></gpxtpx:TrackPointExtension></extensions></trkpt><trkpt lat="15.6187058520" lon="73.7197723053"><ele>-2.75</ele><time>2025-11-18T05:07:41Z</time><extensions><gpxtpx:TrackPointExtension><gpxtpx:cad>0</gpxtpx:cad></gpxtpx:TrackPointExtension></extensions></trkpt><trkpt lat="15.6185665447" lon="73.7198532745"><ele>-3.23</ele><time>2025-11-18T05:07:46Z</time><extensions><gpxtpx:TrackPointExtension><gpxtpx:cad>0</gpxtpx:cad></gpxtpx:TrackPointExtension></extensions></trkpt><trkpt lat="15.6184249744" lon="73.7199402787"><ele>-3.23</ele><time>2025-11-18T05:07:51Z</time><extensions><gpxtpx:TrackPointExtension><gpxtpx:cad>0</gpxtpx:cad></gpxtpx:TrackPointExtension></extensions></trkpt><trkpt lat="15.6182837393" lon="73.7200118601"><ele>-3.23</ele><time>2025-11-18T05:07:56Z</time><extensions><gpxtpx:TrackPointExtension><gpxtpx:cad>0</gpxtpx:cad></gpxtpx:TrackPointExtension></extensions></trkpt><trkpt lat="15.6181353796" lon="73.7200861238"><ele>-3.23</ele><time>2025-11-18T05:08:01Z</time><extensions><gpxtpx:TrackPointExtension><gpxtpx:cad>0</gpxtpx:cad></gpxtpx:TrackPointExtension></extensions></trkpt><trkpt lat="15.6179878581" lon="73.7201545201"><ele>-3.23</ele><time>2025-11-18T05:08:06Z</time><extensions><gpxtpx:TrackPointExtension><gpxtpx:cad>0</gpxtpx:cad></gpxtpx:TrackPointExtension></extensions></trkpt><trkpt lat="15.6178378221" lon="73.7202232517"><ele>-3.71</ele><time>2025-11-18T05:08:11Z</time><extensions><gpxtpx:TrackPointExtension><gpxtpx:cad>0</gpxtpx:cad></gpxtpx:TrackPointExtension></extensions></trkpt><trkpt lat="15.6176866125" lon="73.7202896364"><ele>-3.23</ele><time>2025-11-18T05:08:16Z</time><extensions><gpxtpx:TrackPointExtension><gpxtpx:cad>0</gpxtpx:cad></gpxtpx:TrackPointExtension></extensions></trkpt><trkpt lat="15.6175435334" lon="73.7203507405"><ele>-3.23</ele><time>2025-11-18T05:08:21Z</time><extensions><gpxtpx:TrackPointExtension><gpxtpx:cad>0</gpxtpx:cad></gpxtpx:TrackPointExtension></extensions></trkpt><trkpt lat="15.6173865404" lon="73.7204195559"><ele>-3.23</ele><time>2025-11-18T05:08:26Z</time><extensions><gpxtpx:TrackPointExtension><gpxtpx:cad>0</gpxtpx:cad></gpxtpx:TrackPointExtension></extensions></trkpt><trkpt lat="15.6172458921" lon="73.7204854377"><ele>-3.23</ele><time>2025-11-18T05:08:31Z</time><extensions><gpxtpx:TrackPointExtension><gpxtpx:cad>0</gpxtpx:cad></gpxtpx:TrackPointExtension></extensions></trkpt><trkpt lat="15.6170903239" lon="73.7205525767"><ele>-2.75</ele><time>2025-11-18T05:08:36Z</time><extensions><gpxtpx:TrackPointExtension><gpxtpx:cad>0</gpxtpx:cad></gpxtpx:TrackPointExtension></extensions></trkpt><trkpt lat="15.6169385277" lon="73.7205961626"><ele>-2.27</ele><time>2025-11-18T05:08:41Z</time><extensions><gpxtpx:TrackPointExtension><gpxtpx:cad>0</gpxtpx:cad></gpxtpx:TrackPointExtension></extensions></trkpt><trkpt lat="15.6167849712" lon="73.7206451967"><ele>-1.79</ele><time>2025-11-18T05:08:46Z</time><extensions><gpxtpx:TrackPointExtension><gpxtpx:cad>0</gpxtpx:cad></gpxtpx:TrackPointExtension></extensions></trkpt><trkpt lat="15.6166273076" lon="73.7206923869"><ele>-0.82</ele><time>2025-11-18T05:08:51Z</time><extensions><gpxtpx:TrackPointExtension><gpxtpx:cad>0</gpxtpx:cad></gpxtpx:TrackPointExtension></extensions></trkpt><trkpt lat="15.6164894253" lon="73.7207563408"><ele>0.14</ele><time>2025-11-18T05:08:56Z</time><extensions><gpxtpx:TrackPointExtension><gpxtpx:cad>0</gpxtpx:cad></gpxtpx:TrackPointExtension></extensions></trkpt><trkpt lat="15.6163391378" lon="73.7208293471"><ele>1.10</ele><time>2025-11-18T05:09:01Z</time><extensions><gpxtpx:TrackPointExtension><gpxtpx:cad>0</gpxtpx:cad></gpxtpx:TrackPointExtension></extensions></trkpt><trkpt lat="15.6161852460" lon="73.7208804768"><ele>1.10</ele><time>2025-11-18T05:09:06Z</time><extensions><gpxtpx:TrackPointExtension><gpxtpx:cad>0</gpxtpx:cad></gpxtpx:TrackPointExtension></extensions></trkpt><trkpt lat="15.6160284206" lon="73.7209355459"><ele>1.10</ele><time>2025-11-18T05:09:11Z</time><extensions><gpxtpx:TrackPointExtension><gpxtpx:cad>0</gpxtpx:cad></gpxtpx:TrackPointExtension></extensions></trkpt><trkpt lat="15.6158666499" lon="73.7209827360"><ele>0.14</ele><time>2025-11-18T05:09:16Z</time><extensions><gpxtpx:TrackPointExtension><gpxtpx:cad>0</gpxtpx:cad></gpxtpx:TrackPointExtension></extensions></trkpt><trkpt lat="15.6157170329" lon="73.7210525572"><ele>0.62</ele><time>2025-11-18T05:09:21Z</time><extensions><gpxtpx:TrackPointExtension><gpxtpx:cad>0</gpxtpx:cad></gpxtpx:TrackPointExtension></extensions></trkpt><trkpt lat="15.6155695952" lon="73.7211144995"><ele>0.62</ele><time>2025-11-18T05:09:26Z</time><extensions><gpxtpx:TrackPointExtension><gpxtpx:cad>0</gpxtpx:cad></gpxtpx:TrackPointExtension></extensions></trkpt><trkpt lat="15.6154202297" lon="73.7211830635"><ele>0.62</ele><time>2025-11-18T05:09:31Z</time><extensions><gpxtpx:TrackPointExtension><gpxtpx:cad>0</gpxtpx:cad></gpxtpx:TrackPointExtension></extensions></trkpt><trkpt lat="15.6152665056" lon="73.7212543096"><ele>0.62</ele><time>2025-11-18T05:09:36Z</time><extensions><gpxtpx:TrackPointExtension><gpxtpx:cad>0</gpxtpx:cad></gpxtpx:TrackPointExtension></extensions></trkpt><trkpt lat="15.6151244324" lon="73.7213140726"><ele>0.62</ele><time>2025-11-18T05:09:41Z</time><extensions><gpxtpx:TrackPointExtension><gpxtpx:cad>0</gpxtpx:cad></gpxtpx:TrackPointExtension></extensions></trkpt><trkpt lat="15.6149725523" lon="73.7213955447"><ele>0.14</ele><time>2025-11-18T05:09:46Z</time><extensions><gpxtpx:TrackPointExtension><gpxtpx:cad>0</gpxtpx:cad></gpxtpx:TrackPointExtension></extensions></trkpt><trkpt lat="15.6148215104" lon="73.7214546371"><ele>0.14</ele><time>2025-11-18T05:09:51Z</time><extensions><gpxtpx:TrackPointExtension><gpxtpx:cad>0</gpxtpx:cad></gpxtpx:TrackPointExtension></extensions></trkpt><trkpt lat="15.6146641821" lon="73.7215257995"><ele>-0.34</ele><time>2025-11-18T05:09:56Z</time><extensions><gpxtpx:TrackPointExtension><gpxtpx:cad>0</gpxtpx:cad></gpxtpx:TrackPointExtension></extensions></trkpt><trkpt lat="15.6145140622" lon="73.7215889990"><ele>-0.34</ele><time>2025-11-18T05:10:01Z</time><extensions><gpxtpx:TrackPointExtension><gpxtpx:cad>0</gpxtpx:cad></gpxtpx:TrackPointExtension></extensions></trkpt><trkpt lat="15.6143627688" lon="73.7216434814"><ele>-0.34</ele><time>2025-11-18T05:10:06Z</time><extensions><gpxtpx:TrackPointExtension><gpxtpx:cad>0</gpxtpx:cad></gpxtpx:TrackPointExtension></extensions></trkpt><trkpt lat="15.6142152473" lon="73.7217184994"><ele>-0.34</ele><time>2025-11-18T05:10:11Z</time><extensions><gpxtpx:TrackPointExtension><gpxtpx:cad>0</gpxtpx:cad></gpxtpx:TrackPointExtension></extensions></trkpt><trkpt lat="15.6140601821" lon="73.7217896618"><ele>-0.34</ele><time>2025-11-18T05:10:16Z</time><extensions><gpxtpx:TrackPointExtension><gpxtpx:cad>0</gpxtpx:cad></gpxtpx:TrackPointExtension></extensions></trkpt><trkpt lat="15.6139157619" lon="73.7218726426"><ele>-0.34</ele><time>2025-11-18T05:10:21Z</time><extensions><gpxtpx:TrackPointExtension><gpxtpx:cad>0</gpxtpx:cad></gpxtpx:TrackPointExtension></extensions></trkpt><trkpt lat="15.6137784664" lon="73.7219537795"><ele>0.14</ele><time>2025-11-18T05:10:26Z</time><extensions><gpxtpx:TrackPointExtension><gpxtpx:cad>0</gpxtpx:cad></gpxtpx:TrackPointExtension></extensions></trkpt><trkpt lat="15.6136315316" lon="73.7220361736"><ele>0.62</ele><time>2025-11-18T05:10:31Z</time><extensions><gpxtpx:TrackPointExtension><gpxtpx:cad>0</gpxtpx:cad></gpxtpx:TrackPointExtension></extensions></trkpt><trkpt lat="15.6135019474" lon="73.7221122812"><ele>1.10</ele><time>2025-11-18T05:10:36Z</time><extensions><gpxtpx:TrackPointExtension><gpxtpx:cad>0</gpxtpx:cad></gpxtpx:TrackPointExtension></extensions></trkpt><trkpt lat="15.6133552641" lon="73.7221883051"><ele>1.10</ele><time>2025-11-18T05:10:41Z</time><extensions><gpxtpx:TrackPointExtension><gpxtpx:cad>0</gpxtpx:cad></gpxtpx:TrackPointExtension></extensions></trkpt><trkpt lat="15.6132132746" lon="73.7222596351"><ele>2.06</ele><time>2025-11-18T05:10:46Z</time><extensions><gpxtpx:TrackPointExtension><gpxtpx:cad>0</gpxtpx:cad></gpxtpx:TrackPointExtension></extensions></trkpt><trkpt lat="15.6130763143" lon="73.7223357428"><ele>2.54</ele><time>2025-11-18T05:10:51Z</time><extensions><gpxtpx:TrackPointExtension><gpxtpx:cad>0</gpxtpx:cad></gpxtpx:TrackPointExtension></extensions></trkpt><trkpt lat="15.6129309721" lon="73.7223981041"><ele>3.02</ele><time>2025-11-18T05:10:56Z</time><extensions><gpxtpx:TrackPointExtension><gpxtpx:cad>0</gpxtpx:cad></gpxtpx:TrackPointExtension></extensions></trkpt><trkpt lat="15.6127937604" lon="73.7224751338"><ele>3.02</ele><time>2025-11-18T05:11:01Z</time><extensions><gpxtpx:TrackPointExtension><gpxtpx:cad>0</gpxtpx:cad></gpxtpx:TrackPointExtension></extensions></trkpt><trkpt lat="15.6126459874" lon="73.7225514092"><ele>3.50</ele><time>2025-11-18T05:11:06Z</time><extensions><gpxtpx:TrackPointExtension><gpxtpx:cad>0</gpxtpx:cad></gpxtpx:TrackPointExtension></extensions></trkpt><trkpt lat="15.6125089433" lon="73.7226312049"><ele>3.50</ele><time>2025-11-18T05:11:11Z</time><extensions><gpxtpx:TrackPointExtension><gpxtpx:cad>0</gpxtpx:cad></gpxtpx:TrackPointExtension></extensions></trkpt><trkpt lat="15.6123808678" lon="73.7227254175"><ele>3.50</ele><time>2025-11-18T05:11:16Z</time><extensions><gpxtpx:TrackPointExtension><gpxtpx:cad>0</gpxtpx:cad></gpxtpx:TrackPointExtension></extensions></trkpt><trkpt lat="15.6122491043" lon="73.7228304427"><ele>3.50</ele><time>2025-11-18T05:11:21Z</time><extensions><gpxtpx:TrackPointExtension><gpxtpx:cad>0</gpxtpx:cad></gpxtpx:TrackPointExtension></extensions></trkpt><trkpt lat="15.6121133175" lon="73.7229243200"><ele>3.98</ele><time>2025-11-18T05:11:26Z</time><extensions><gpxtpx:TrackPointExtension><gpxtpx:cad>0</gpxtpx:cad></gpxtpx:TrackPointExtension></extensions></trkpt><trkpt lat="15.6119776983" lon="73.7230239809"><ele>3.50</ele><time>2025-11-18T05:11:31Z</time><extensions><gpxtpx:TrackPointExtension><gpxtpx:cad>0</gpxtpx:cad></gpxtpx:TrackPointExtension></extensions></trkpt><trkpt lat="15.6118502095" lon="73.7231253181"><ele>3.02</ele><time>2025-11-18T05:11:36Z</time><extensions><gpxtpx:TrackPointExtension><gpxtpx:cad>0</gpxtpx:cad></gpxtpx:TrackPointExtension></extensions></trkpt><trkpt lat="15.6117276661" lon="73.7232226320"><ele>3.02</ele><time>2025-11-18T05:11:41Z</time><extensions><gpxtpx:TrackPointExtension><gpxtpx:cad>0</gpxtpx:cad></gpxtpx:TrackPointExtension></extensions></trkpt><trkpt lat="15.6115987524" lon="73.7233192753"><ele>3.02</ele><time>2025-11-18T05:11:46Z</time><extensions><gpxtpx:TrackPointExtension><gpxtpx:cad>0</gpxtpx:cad></gpxtpx:TrackPointExtension></extensions></trkpt><trkpt lat="15.6114746165" lon="73.7234228756"><ele>3.50</ele><time>2025-11-18T05:11:51Z</time><extensions><gpxtpx:TrackPointExtension><gpxtpx:cad>0</gpxtpx:cad></gpxtpx:TrackPointExtension></extensions></trkpt><trkpt lat="15.6113462057" lon="73.7235287391"><ele>3.50</ele><time>2025-11-18T05:11:56Z</time><extensions><gpxtpx:TrackPointExtension><gpxtpx:cad>0</gpxtpx:cad></gpxtpx:TrackPointExtension></extensions></trkpt><trkpt lat="15.6112234946" lon="73.7236299925"><ele>3.50</ele><time>2025-11-18T05:12:01Z</time><extensions><gpxtpx:TrackPointExtension><gpxtpx:cad>0</gpxtpx:cad></gpxtpx:TrackPointExtension></extensions></trkpt><trkpt lat="15.6111219060" lon="73.7237397954"><ele>3.50</ele><time>2025-11-18T05:12:06Z</time><extensions><gpxtpx:TrackPointExtension><gpxtpx:cad>0</gpxtpx:cad></gpxtpx:TrackPointExtension></extensions></trkpt><trkpt lat="15.6110282801" lon="73.7238594051"><ele>3.50</ele><time>2025-11-18T05:12:11Z</time><extensions><gpxtpx:TrackPointExtension><gpxtpx:cad>0</gpxtpx:cad></gpxtpx:TrackPointExtension></extensions></trkpt><trkpt lat="15.6109333131" lon="73.7239926774"><ele>2.54</ele><time>2025-11-18T05:12:16Z</time><extensions><gpxtpx:TrackPointExtension><gpxtpx:cad>0</gpxtpx:cad></gpxtpx:TrackPointExtension></extensions></trkpt><trkpt lat="15.6108441297" lon="73.7241226807"><ele>2.54</ele><time>2025-11-18T05:12:21Z</time><extensions><gpxtpx:TrackPointExtension><gpxtpx:cad>0</gpxtpx:cad></gpxtpx:TrackPointExtension></extensions></trkpt><trkpt lat="15.6107525993" lon="73.7242482416"><ele>2.06</ele><time>2025-11-18T05:12:26Z</time><extensions><gpxtpx:TrackPointExtension><gpxtpx:cad>0</gpxtpx:cad></gpxtpx:TrackPointExtension></extensions></trkpt><trkpt lat="15.6106738932" lon="73.7243729644"><ele>1.58</ele><time>2025-11-18T05:12:31Z</time><extensions><gpxtpx:TrackPointExtension><gpxtpx:cad>0</gpxtpx:cad></gpxtpx:TrackPointExtension></extensions></trkpt><trkpt lat="15.6105982885" lon="73.7245194800"><ele>0.62</ele><time>2025-11-18T05:12:36Z</time><extensions><gpxtpx:TrackPointExtension><gpxtpx:cad>0</gpxtpx:cad></gpxtpx:TrackPointExtension></extensions></trkpt><trkpt lat="15.6105080154" lon="73.7246510759"><ele>-0.34</ele><time>2025-11-18T05:12:41Z</time><extensions><gpxtpx:TrackPointExtension><gpxtpx:cad>0</gpxtpx:cad></gpxtpx:TrackPointExtension></extensions></trkpt><trkpt lat="15.6104204245" lon="73.7247814983"><ele>-0.34</ele><time>2025-11-18T05:12:46Z</time><extensions><gpxtpx:TrackPointExtension><gpxtpx:cad>0</gpxtpx:cad></gpxtpx:TrackPointExtension></extensions></trkpt><trkpt lat="15.6103349291" lon="73.7249169499"><ele>-0.82</ele><time>2025-11-18T05:12:51Z</time><extensions><gpxtpx:TrackPointExtension><gpxtpx:cad>0</gpxtpx:cad></gpxtpx:TrackPointExtension></extensions></trkpt><trkpt lat="15.6102400459" lon="73.7250446901"><ele>-0.82</ele><time>2025-11-18T05:12:56Z</time><extensions><gpxtpx:TrackPointExtension><gpxtpx:cad>0</gpxtpx:cad></gpxtpx:TrackPointExtension></extensions></trkpt><trkpt lat="15.6101327576" lon="73.7251700833"><ele>-1.30</ele><time>2025-11-18T05:13:01Z</time><extensions><gpxtpx:TrackPointExtension><gpxtpx:cad>0</gpxtpx:cad></gpxtpx:TrackPointExtension></extensions></trkpt><trkpt lat="15.6100360304" lon="73.7252885196"><ele>-1.30</ele><time>2025-11-18T05:13:06Z</time><extensions><gpxtpx:TrackPointExtension><gpxtpx:cad>0</gpxtpx:cad></gpxtpx:TrackPointExtension></extensions></trkpt><trkpt lat="15.6099101342" lon="73.7253922038"><ele>-1.30</ele><time>2025-11-18T05:13:11Z</time><extensions><gpxtpx:TrackPointExtension><gpxtpx:cad>0</gpxtpx:cad></gpxtpx:TrackPointExtension></extensions></trkpt><trkpt lat="15.6097800471" lon="73.7254694011"><ele>-1.30</ele><time>2025-11-18T05:13:16Z</time><extensions><gpxtpx:TrackPointExtension><gpxtpx:cad>0</gpxtpx:cad></gpxtpx:TrackPointExtension></extensions></trkpt><trkpt lat="15.6096430868" lon="73.7255505379"><ele>-1.79</ele><time>2025-11-18T05:13:21Z</time><extensions><gpxtpx:TrackPointExtension><gpxtpx:cad>0</gpxtpx:cad></gpxtpx:TrackPointExtension></extensions></trkpt><trkpt lat="15.6094947271" lon="73.7256068643"><ele>-1.79</ele><time>2025-11-18T05:13:26Z</time><extensions><gpxtpx:TrackPointExtension><gpxtpx:cad>0</gpxtpx:cad></gpxtpx:TrackPointExtension></extensions></trkpt><trkpt lat="15.6093429308" lon="73.7256695610"><ele>-1.30</ele><time>2025-11-18T05:13:31Z</time><extensions><gpxtpx:TrackPointExtension><gpxtpx:cad>0</gpxtpx:cad></gpxtpx:TrackPointExtension></extensions></trkpt><trkpt lat="15.6091912184" lon="73.7257085368"><ele>-0.82</ele><time>2025-11-18T05:13:36Z</time><extensions><gpxtpx:TrackPointExtension><gpxtpx:cad>0</gpxtpx:cad></gpxtpx:TrackPointExtension></extensions></trkpt><trkpt lat="15.6090387516" lon="73.7257582415"><ele>-0.34</ele><time>2025-11-18T05:13:41Z</time><extensions><gpxtpx:TrackPointExtension><gpxtpx:cad>0</gpxtpx:cad></gpxtpx:TrackPointExtension></extensions></trkpt><trkpt lat="15.6088912301" lon="73.7258159928"><ele>0.14</ele><time>2025-11-18T05:13:46Z</time><extensions><gpxtpx:TrackPointExtension><gpxtpx:cad>0</gpxtpx:cad></gpxtpx:TrackPointExtension></extensions></trkpt><trkpt lat="15.6087691057" lon="73.7258790247"><ele>-0.34</ele><time>2025-11-18T05:13:51Z</time><extensions><gpxtpx:TrackPointExtension><gpxtpx:cad>0</gpxtpx:cad></gpxtpx:TrackPointExtension></extensions></trkpt><trkpt lat="15.6086666789" lon="73.7259718124"><ele>0.14</ele><time>2025-11-18T05:13:56Z</time><extensions><gpxtpx:TrackPointExtension><gpxtpx:cad>0</gpxtpx:cad></gpxtpx:TrackPointExtension></extensions></trkpt><trkpt lat="15.6086037308" lon="73.7260574754"><ele>-0.34</ele><time>2025-11-18T05:14:01Z</time><extensions><gpxtpx:TrackPointExtension><gpxtpx:cad>0</gpxtpx:cad></gpxtpx:TrackPointExtension></extensions></trkpt><trkpt lat="15.6085779145" lon="73.7261095271"><ele>-0.82</ele><time>2025-11-18T05:14:06Z</time><extensions><gpxtpx:TrackPointExtension><gpxtpx:cad>0</gpxtpx:cad></gpxtpx:TrackPointExtension></extensions></trkpt><trkpt lat="15.6085630786" lon="73.7261687033"><ele>-0.82</ele><time>2025-11-18T05:14:11Z</time><extensions><gpxtpx:TrackPointExtension><gpxtpx:cad>0</gpxtpx:cad></gpxtpx:TrackPointExtension></extensions></trkpt><trkpt lat="15.6085457280" lon="73.7262298074"><ele>-0.82</ele><time>2025-11-18T05:14:16Z</time><extensions><gpxtpx:TrackPointExtension><gpxtpx:cad>0</gpxtpx:cad></gpxtpx:TrackPointExtension></extensions></trkpt><trkpt lat="15.6085352506" lon="73.7262803502"><ele>-0.82</ele><time>2025-11-18T05:14:21Z</time><extensions><gpxtpx:TrackPointExtension><gpxtpx:cad>0</gpxtpx:cad></gpxtpx:TrackPointExtension></extensions></trkpt><trkpt lat="15.6085184868" lon="73.7263536919"><ele>-0.82</ele><time>2025-11-18T05:14:26Z</time><extensions><gpxtpx:TrackPointExtension><gpxtpx:cad>0</gpxtpx:cad></gpxtpx:TrackPointExtension></extensions></trkpt><trkpt lat="15.6084974483" lon="73.7264380977"><ele>-0.82</ele><time>2025-11-18T05:14:31Z</time><extensions><gpxtpx:TrackPointExtension><gpxtpx:cad>0</gpxtpx:cad></gpxtpx:TrackPointExtension></extensions></trkpt><trkpt lat="15.6084710453" lon="73.7264869642"><ele>-0.82</ele><time>2025-11-18T05:14:36Z</time><extensions><gpxtpx:TrackPointExtension><gpxtpx:cad>0</gpxtpx:cad></gpxtpx:TrackPointExtension></extensions></trkpt><trkpt lat="15.6084616575" lon="73.7265298795"><ele>-0.82</ele><time>2025-11-18T05:14:41Z</time><extensions><gpxtpx:TrackPointExtension><gpxtpx:cad>0</gpxtpx:cad></gpxtpx:TrackPointExtension></extensions></trkpt><trkpt lat="15.6084505096" lon="73.7265789974"><ele>-1.30</ele><time>2025-11-18T05:14:46Z</time><extensions><gpxtpx:TrackPointExtension><gpxtpx:cad>0</gpxtpx:cad></gpxtpx:TrackPointExtension></extensions></trkpt><trkpt lat="15.6084320694" lon="73.7266359944"><ele>-1.30</ele><time>2025-11-18T05:14:51Z</time><extensions><gpxtpx:TrackPointExtension><gpxtpx:cad>0</gpxtpx:cad></gpxtpx:TrackPointExtension></extensions></trkpt><trkpt lat="15.6084194966" lon="73.7267061509"><ele>-1.30</ele><time>2025-11-18T05:14:56Z</time><extensions><gpxtpx:TrackPointExtension><gpxtpx:cad>0</gpxtpx:cad></gpxtpx:TrackPointExtension></extensions></trkpt><trkpt lat="15.6084078457" lon="73.7267937418"><ele>-1.30</ele><time>2025-11-18T05:15:01Z</time><extensions><gpxtpx:TrackPointExtension><gpxtpx:cad>0</gpxtpx:cad></gpxtpx:TrackPointExtension></extensions></trkpt><trkpt lat="15.6083845440" lon="73.7268763036"><ele>-0.82</ele><time>2025-11-18T05:15:06Z</time><extensions><gpxtpx:TrackPointExtension><gpxtpx:cad>0</gpxtpx:cad></gpxtpx:TrackPointExtension></extensions></trkpt><trkpt lat="15.6083552912" lon="73.7269552611"><ele>-0.82</ele><time>2025-11-18T05:15:11Z</time><extensions><gpxtpx:TrackPointExtension><gpxtpx:cad>0</gpxtpx:cad></gpxtpx:TrackPointExtension></extensions></trkpt><trkpt lat="15.6083324924" lon="73.7270664889"><ele>-0.82</ele><time>2025-11-18T05:15:16Z</time><extensions><gpxtpx:TrackPointExtension><gpxtpx:cad>0</gpxtpx:cad></gpxtpx:TrackPointExtension></extensions></trkpt><trkpt lat="15.6083101127" lon="73.7271482963"><ele>-0.82</ele><time>2025-11-18T05:15:21Z</time><extensions><gpxtpx:TrackPointExtension><gpxtpx:cad>0</gpxtpx:cad></gpxtpx:TrackPointExtension></extensions></trkpt><trkpt lat="15.6082812790" lon="73.7272206321"><ele>-1.30</ele><time>2025-11-18T05:15:26Z</time><extensions><gpxtpx:TrackPointExtension><gpxtpx:cad>0</gpxtpx:cad></gpxtpx:TrackPointExtension></extensions></trkpt><trkpt lat="15.6082673650" lon="73.7273093965"><ele>-1.30</ele><time>2025-11-18T05:15:31Z</time><extensions><gpxtpx:TrackPointExtension><gpxtpx:cad>0</gpxtpx:cad></gpxtpx:TrackPointExtension></extensions></trkpt><trkpt lat="15.6082570553" lon="73.7273826543"><ele>-0.82</ele><time>2025-11-18T05:15:36Z</time><extensions><gpxtpx:TrackPointExtension><gpxtpx:cad>0</gpxtpx:cad></gpxtpx:TrackPointExtension></extensions></trkpt><trkpt lat="15.6082427222" lon="73.7274640426"><ele>-0.82</ele><time>2025-11-18T05:15:41Z</time><extensions><gpxtpx:TrackPointExtension><gpxtpx:cad>0</gpxtpx:cad></gpxtpx:TrackPointExtension></extensions></trkpt><trkpt lat="15.6082354300" lon="73.7275358755"><ele>-0.34</ele><time>2025-11-18T05:15:46Z</time><extensions><gpxtpx:TrackPointExtension><gpxtpx:cad>0</gpxtpx:cad></gpxtpx:TrackPointExtension></extensions></trkpt><trkpt lat="15.6082279701" lon="73.7276058644"><ele>0.14</ele><time>2025-11-18T05:15:51Z</time><extensions><gpxtpx:TrackPointExtension><gpxtpx:cad>0</gpxtpx:cad></gpxtpx:TrackPointExtension></extensions></trkpt><trkpt lat="15.6082138047" lon="73.7276927847"><ele>0.14</ele><time>2025-11-18T05:15:56Z</time><extensions><gpxtpx:TrackPointExtension><gpxtpx:cad>0</gpxtpx:cad></gpxtpx:TrackPointExtension></extensions></trkpt><trkpt lat="15.6081892457" lon="73.7277685571"><ele>0.14</ele><time>2025-11-18T05:16:01Z</time><extensions><gpxtpx:TrackPointExtension><gpxtpx:cad>0</gpxtpx:cad></gpxtpx:TrackPointExtension></extensions></trkpt><trkpt lat="15.6081781816" lon="73.7278417312"><ele>0.14</ele><time>2025-11-18T05:16:06Z</time><extensions><gpxtpx:TrackPointExtension><gpxtpx:cad>0</gpxtpx:cad></gpxtpx:TrackPointExtension></extensions></trkpt><trkpt lat="15.6081613339" lon="73.7279154081"><ele>0.14</ele><time>2025-11-18T05:16:11Z</time><extensions><gpxtpx:TrackPointExtension><gpxtpx:cad>0</gpxtpx:cad></gpxtpx:TrackPointExtension></extensions></trkpt><trkpt lat="15.6081486773" lon="73.7280019931"><ele>0.14</ele><time>2025-11-18T05:16:16Z</time><extensions><gpxtpx:TrackPointExtension><gpxtpx:cad>0</gpxtpx:cad></gpxtpx:TrackPointExtension></extensions></trkpt><trkpt lat="15.6081407145" lon="73.7280863989"><ele>0.14</ele><time>2025-11-18T05:16:21Z</time><extensions><gpxtpx:TrackPointExtension><gpxtpx:cad>0</gpxtpx:cad></gpxtpx:TrackPointExtension></extensions></trkpt><trkpt lat="15.6081393734" lon="73.7281683739"><ele>0.14</ele><time>2025-11-18T05:16:26Z</time><extensions><gpxtpx:TrackPointExtension><gpxtpx:cad>0</gpxtpx:cad></gpxtpx:TrackPointExtension></extensions></trkpt><trkpt lat="15.6081376970" lon="73.7282417994"><ele>0.14</ele><time>2025-11-18T05:16:31Z</time><extensions><gpxtpx:TrackPointExtension><gpxtpx:cad>0</gpxtpx:cad></gpxtpx:TrackPointExtension></extensions></trkpt><trkpt lat="15.6081291474" lon="73.7283316534"><ele>-0.34</ele><time>2025-11-18T05:16:36Z</time><extensions><gpxtpx:TrackPointExtension><gpxtpx:cad>0</gpxtpx:cad></gpxtpx:TrackPointExtension></extensions></trkpt><trkpt lat="15.6081125513" lon="73.7284152210"><ele>-0.34</ele><time>2025-11-18T05:16:41Z</time><extensions><gpxtpx:TrackPointExtension><gpxtpx:cad>0</gpxtpx:cad></gpxtpx:TrackPointExtension></extensions></trkpt><trkpt lat="15.6081006490" lon="73.7284885626"><ele>-0.82</ele><time>2025-11-18T05:16:46Z</time><extensions><gpxtpx:TrackPointExtension><gpxtpx:cad>0</gpxtpx:cad></gpxtpx:TrackPointExtension></extensions></trkpt><trkpt lat="15.6080773473" lon="73.7285716273"><ele>-0.82</ele><time>2025-11-18T05:16:51Z</time><extensions><gpxtpx:TrackPointExtension><gpxtpx:cad>0</gpxtpx:cad></gpxtpx:TrackPointExtension></extensions></trkpt><trkpt lat="15.6080389582" lon="73.7286492437"><ele>-1.30</ele><time>2025-11-18T05:16:56Z</time><extensions><gpxtpx:TrackPointExtension><gpxtpx:cad>0</gpxtpx:cad></gpxtpx:TrackPointExtension></extensions></trkpt><trkpt lat="15.6079864874" lon="73.7287729606"><ele>-1.30</ele><time>2025-11-18T05:17:01Z</time><extensions><gpxtpx:TrackPointExtension><gpxtpx:cad>0</gpxtpx:cad></gpxtpx:TrackPointExtension></extensions></trkpt><trkpt lat="15.6079234555" lon="73.7289030477"><ele>-0.82</ele><time>2025-11-18T05:17:06Z</time><extensions><gpxtpx:TrackPointExtension><gpxtpx:cad>0</gpxtpx:cad></gpxtpx:TrackPointExtension></extensions></trkpt><trkpt lat="15.6078796182" lon="73.7290482223"><ele>-1.30</ele><time>2025-11-18T05:17:11Z</time><extensions><gpxtpx:TrackPointExtension><gpxtpx:cad>0</gpxtpx:cad></gpxtpx:TrackPointExtension></extensions></trkpt><trkpt lat="15.6078582443" lon="73.7291773036"><ele>-0.82</ele><time>2025-11-18T05:17:16Z</time><extensions><gpxtpx:TrackPointExtension><gpxtpx:cad>0</gpxtpx:cad></gpxtpx:TrackPointExtension></extensions></trkpt><trkpt lat="15.6078409776" lon="73.7292985898"><ele>-1.30</ele><time>2025-11-18T05:17:21Z</time><extensions><gpxtpx:TrackPointExtension><gpxtpx:cad>0</gpxtpx:cad></gpxtpx:TrackPointExtension></extensions></trkpt><trkpt lat="15.6078371219" lon="73.7294044532"><ele>-1.79</ele><time>2025-11-18T05:17:26Z</time><extensions><gpxtpx:TrackPointExtension><gpxtpx:cad>0</gpxtpx:cad></gpxtpx:TrackPointExtension></extensions></trkpt><trkpt lat="15.6078485213" lon="73.7295235600"><ele>-1.79</ele><time>2025-11-18T05:17:31Z</time><extensions><gpxtpx:TrackPointExtension><gpxtpx:cad>0</gpxtpx:cad></gpxtpx:TrackPointExtension></extensions></trkpt><trkpt lat="15.6078510359" lon="73.7296289206"><ele>-1.79</ele><time>2025-11-18T05:17:36Z</time><extensions><gpxtpx:TrackPointExtension><gpxtpx:cad>0</gpxtpx:cad></gpxtpx:TrackPointExtension></extensions></trkpt><trkpt lat="15.6078134850" lon="73.7297161762"><ele>-1.30</ele><time>2025-11-18T05:17:41Z</time><extensions><gpxtpx:TrackPointExtension><gpxtpx:cad>0</gpxtpx:cad></gpxtpx:TrackPointExtension></extensions></trkpt><trkpt lat="15.6077736709" lon="73.7297753524"><ele>-1.30</ele><time>2025-11-18T05:17:46Z</time><extensions><gpxtpx:TrackPointExtension><gpxtpx:cad>0</gpxtpx:cad></gpxtpx:TrackPointExtension></extensions></trkpt><trkpt lat="15.6077598408" lon="73.7298565730"><ele>-1.79</ele><time>2025-11-18T05:17:51Z</time><extensions><gpxtpx:TrackPointExtension><gpxtpx:cad>0</gpxtpx:cad></gpxtpx:TrackPointExtension></extensions></trkpt><trkpt lat="15.6077198591" lon="73.7299142405"><ele>-1.79</ele><time>2025-11-18T05:17:56Z</time><extensions><gpxtpx:TrackPointExtension><gpxtpx:cad>0</gpxtpx:cad></gpxtpx:TrackPointExtension></extensions></trkpt><trkpt lat="15.6076920312" lon="73.7299593352"><ele>-1.30</ele><time>2025-11-18T05:18:01Z</time><extensions><gpxtpx:TrackPointExtension><gpxtpx:cad>0</gpxtpx:cad></gpxtpx:TrackPointExtension></extensions></trkpt><trkpt lat="15.6077046879" lon="73.7300246302"><ele>-0.82</ele><time>2025-11-18T05:18:06Z</time><extensions><gpxtpx:TrackPointExtension><gpxtpx:cad>0</gpxtpx:cad></gpxtpx:TrackPointExtension></extensions></trkpt><trkpt lat="15.6076982338" lon="73.7300584931"><ele>-0.34</ele><time>2025-11-18T05:18:11Z</time><extensions><gpxtpx:TrackPointExtension><gpxtpx:cad>0</gpxtpx:cad></gpxtpx:TrackPointExtension></extensions></trkpt><trkpt lat="15.6076933723" lon="73.7300848123"><ele>-0.82</ele><time>2025-11-18T05:18:16Z</time><extensions><gpxtpx:TrackPointExtension><gpxtpx:cad>0</gpxtpx:cad></gpxtpx:TrackPointExtension></extensions></trkpt><trkpt lat="15.6077177636" lon="73.7301456649"><ele>-0.34</ele><time>2025-11-18T05:18:21Z</time><extensions><gpxtpx:TrackPointExtension><gpxtpx:cad>0</gpxtpx:cad></gpxtpx:TrackPointExtension></extensions></trkpt><trkpt lat="15.6077274866" lon="73.7301966269"><ele>0.14</ele><time>2025-11-18T05:18:26Z</time><extensions><gpxtpx:TrackPointExtension><gpxtpx:cad>0</gpxtpx:cad></gpxtpx:TrackPointExtension></extensions></trkpt><trkpt lat="15.6077376287" lon="73.7302345131"><ele>0.14</ele><time>2025-11-18T05:18:31Z</time><extensions><gpxtpx:TrackPointExtension><gpxtpx:cad>0</gpxtpx:cad></gpxtpx:TrackPointExtension></extensions></trkpt><trkpt lat="15.6077480223" lon="73.7302702200"><ele>0.14</ele><time>2025-11-18T05:18:36Z</time><extensions><gpxtpx:TrackPointExtension><gpxtpx:cad>0</gpxtpx:cad></gpxtpx:TrackPointExtension></extensions></trkpt><trkpt lat="15.6077789515" lon="73.7303224392"><ele>0.14</ele><time>2025-11-18T05:18:41Z</time><extensions><gpxtpx:TrackPointExtension><gpxtpx:cad>0</gpxtpx:cad></gpxtpx:TrackPointExtension></extensions></trkpt><trkpt lat="15.6077885069" lon="73.7303516082"><ele>0.14</ele><time>2025-11-18T05:18:46Z</time><extensions><gpxtpx:TrackPointExtension><gpxtpx:cad>0</gpxtpx:cad></gpxtpx:TrackPointExtension></extensions></trkpt><trkpt lat="15.6077880040" lon="73.7303775921"><ele>0.14</ele><time>2025-11-18T05:18:51Z</time><extensions><gpxtpx:TrackPointExtension><gpxtpx:cad>0</gpxtpx:cad></gpxtpx:TrackPointExtension></extensions></trkpt><trkpt lat="15.6078188494" lon="73.7304265425"><ele>0.62</ele><time>2025-11-18T05:18:56Z</time><extensions><gpxtpx:TrackPointExtension><gpxtpx:cad>0</gpxtpx:cad></gpxtpx:TrackPointExtension></extensions></trkpt><trkpt lat="15.6078381278" lon="73.7304661889"><ele>0.14</ele><time>2025-11-18T05:19:01Z</time><extensions><gpxtpx:TrackPointExtension><gpxtpx:cad>0</gpxtpx:cad></gpxtpx:TrackPointExtension></extensions></trkpt><trkpt lat="15.6078596693" lon="73.7305110320"><ele>-0.34</ele><time>2025-11-18T05:19:06Z</time><extensions><gpxtpx:TrackPointExtension><gpxtpx:cad>0</gpxtpx:cad></gpxtpx:TrackPointExtension></extensions></trkpt><trkpt lat="15.6078754272" lon="73.7305607367"><ele>0.14</ele><time>2025-11-18T05:19:11Z</time><extensions><gpxtpx:TrackPointExtension><gpxtpx:cad>0</gpxtpx:cad></gpxtpx:TrackPointExtension></extensions></trkpt><trkpt lat="15.6079087034" lon="73.7306433823"><ele>0.14</ele><time>2025-11-18T05:19:16Z</time><extensions><gpxtpx:TrackPointExtension><gpxtpx:cad>0</gpxtpx:cad></gpxtpx:TrackPointExtension></extensions></trkpt><trkpt lat="15.6079439912" lon="73.7307741400"><ele>-0.34</ele><time>2025-11-18T05:19:21Z</time><extensions><gpxtpx:TrackPointExtension><gpxtpx:cad>0</gpxtpx:cad></gpxtpx:TrackPointExtension></extensions></trkpt><trkpt lat="15.6080100406" lon="73.7309247628"><ele>-0.34</ele><time>2025-11-18T05:19:26Z</time><extensions><gpxtpx:TrackPointExtension><gpxtpx:cad>0</gpxtpx:cad></gpxtpx:TrackPointExtension></extensions></trkpt></trkseg></trk></gpx>