<?xml version="1.0" encoding="UTF-8" standalone="no" ?><gpx xmlns="http://www.topografix.com/GPX/1/1" xmlns:gpxx="http://www.garmin.com/xmlschemas/GpxExtensions/v3" xmlns:wptx1="http://www.garmin.com/xmlschemas/WaypointExtension/v1" xmlns:gpxtpx="http://www.garmin.com/xmlschemas/TrackPointExtension/v1" creator="eTrex 10 SEA" version="1.1" xmlns:xsi="http://www.w3.org/2001/XMLSchema-instance" xsi:schemaLocation="http://www.topografix.com/GPX/1/1 http://www.topografix.com/GPX/1/1/gpx.xsd http://www.garmin.com/xmlschemas/GpxExtensions/v3 http://www8.garmin.com/xmlschemas/GpxExtensionsv3.xsd http://www.garmin.com/xmlschemas/WaypointExtension/v1 http://www8.garmin.com/xmlschemas/WaypointExtensionv1.xsd http://www.garmin.com/xmlschemas/TrackPointExtension/v1 http://www.garmin.com/xmlschemas/TrackPointExtensionv1.xsd"><metadata><link href="http://www.garmin.com"><text>Garmin International</text></link><time>2025-11-17T05:35:10Z</time></metadata><trk><name>17-NOV-25 11:05:09 AM</name><extensions><gpxx:TrackExtension><gpxx:DisplayColor>Cyan</gpxx:DisplayColor></gpxx:TrackExtension></extensions><trkseg><trkpt lat="15.1422461215" lon="73.9499884006"><ele>-1.30</ele><time>2025-11-17T01:00:44Z</time><extensions><gpxtpx:TrackPointExtension><gpxtpx:cad>0</gpxtpx:cad></gpxtpx:TrackPointExtension></extensions></trkpt><trkpt lat="15.1423159428" lon="73.9498464949"><ele>-0.82</ele><time>2025-11-17T01:00:49Z</time><extensions><gpxtpx:TrackPointExtension><gpxtpx:cad>0</gpxtpx:cad></gpxtpx:TrackPointExtension></extensions></trkpt><trkpt lat="15.1423489675" lon="73.9497568924"><ele>-1.30</ele><time>2025-11-17T01:00:52Z</time><extensions><gpxtpx:TrackPointExtension><gpxtpx:cad>0</gpxtpx:cad></gpxtpx:TrackPointExtension></extensions></trkpt><trkpt lat="15.1423992589" lon="73.9496083651"><ele>-1.79</ele><time>2025-11-17T01:00:57Z</time><extensions><gpxtpx:TrackPointExtension><gpxtpx:cad>0</gpxtpx:cad></gpxtpx:TrackPointExtension></extensions></trkpt><trkpt lat="15.1424461976" lon="73.9494576585"><ele>-2.27</ele><time>2025-11-17T01:01:02Z</time><extensions><gpxtpx:TrackPointExtension><gpxtpx:cad>0</gpxtpx:cad></gpxtpx:TrackPointExtension></extensions></trkpt><trkpt lat="15.1424926333" lon="73.9493017551"><ele>-2.27</ele><time>2025-11-17T01:01:07Z</time><extensions><gpxtpx:TrackPointExtension><gpxtpx:cad>0</gpxtpx:cad></gpxtpx:TrackPointExtension></extensions></trkpt><trkpt lat="15.1425393205" lon="73.9491455164"><ele>-2.27</ele><time>2025-11-17T01:01:12Z</time><extensions><gpxtpx:TrackPointExtension><gpxtpx:cad>0</gpxtpx:cad></gpxtpx:TrackPointExtension></extensions></trkpt><trkpt lat="15.1425865944" lon="73.9489891101"><ele>-2.27</ele><time>2025-11-17T01:01:17Z</time><extensions><gpxtpx:TrackPointExtension><gpxtpx:cad>0</gpxtpx:cad></gpxtpx:TrackPointExtension></extensions></trkpt><trkpt lat="15.1426323596" lon="73.9488311112"><ele>-2.27</ele><time>2025-11-17T01:01:22Z</time><extensions><gpxtpx:TrackPointExtension><gpxtpx:cad>0</gpxtpx:cad></gpxtpx:TrackPointExtension></extensions></trkpt><trkpt lat="15.1426693238" lon="73.9486666583"><ele>-2.27</ele><time>2025-11-17T01:01:27Z</time><extensions><gpxtpx:TrackPointExtension><gpxtpx:cad>0</gpxtpx:cad></gpxtpx:TrackPointExtension></extensions></trkpt><trkpt lat="15.1426997501" lon="73.9485017024"><ele>-2.27</ele><time>2025-11-17T01:01:32Z</time><extensions><gpxtpx:TrackPointExtension><gpxtpx:cad>0</gpxtpx:cad></gpxtpx:TrackPointExtension></extensions></trkpt><trkpt lat="15.1427266560" lon="73.9483332261"><ele>-2.27</ele><time>2025-11-17T01:01:37Z</time><extensions><gpxtpx:TrackPointExtension><gpxtpx:cad>0</gpxtpx:cad></gpxtpx:TrackPointExtension></extensions></trkpt><trkpt lat="15.1427513827" lon="73.9481616486"><ele>-1.79</ele><time>2025-11-17T01:01:42Z</time><extensions><gpxtpx:TrackPointExtension><gpxtpx:cad>0</gpxtpx:cad></gpxtpx:TrackPointExtension></extensions></trkpt><trkpt lat="15.1427891012" lon="73.9479909930"><ele>-2.27</ele><time>2025-11-17T01:01:47Z</time><extensions><gpxtpx:TrackPointExtension><gpxtpx:cad>0</gpxtpx:cad></gpxtpx:TrackPointExtension></extensions></trkpt><trkpt lat="15.1428289153" lon="73.9478218462"><ele>-2.27</ele><time>2025-11-17T01:01:52Z</time><extensions><gpxtpx:TrackPointExtension><gpxtpx:cad>0</gpxtpx:cad></gpxtpx:TrackPointExtension></extensions></trkpt><trkpt lat="15.1428691484" lon="73.9476532023"><ele>-1.79</ele><time>2025-11-17T01:01:57Z</time><extensions><gpxtpx:TrackPointExtension><gpxtpx:cad>0</gpxtpx:cad></gpxtpx:TrackPointExtension></extensions></trkpt><trkpt lat="15.1429113932" lon="73.9474841394"><ele>-1.79</ele><time>2025-11-17T01:02:02Z</time><extensions><gpxtpx:TrackPointExtension><gpxtpx:cad>0</gpxtpx:cad></gpxtpx:TrackPointExtension></extensions></trkpt><trkpt lat="15.1429646183" lon="73.9473196864"><ele>-1.79</ele><time>2025-11-17T01:02:07Z</time><extensions><gpxtpx:TrackPointExtension><gpxtpx:cad>0</gpxtpx:cad></gpxtpx:TrackPointExtension></extensions></trkpt><trkpt lat="15.1430183463" lon="73.9471548144"><ele>-1.30</ele><time>2025-11-17T01:02:12Z</time><extensions><gpxtpx:TrackPointExtension><gpxtpx:cad>0</gpxtpx:cad></gpxtpx:TrackPointExtension></extensions></trkpt><trkpt lat="15.1430785283" lon="73.9469850808"><ele>-1.79</ele><time>2025-11-17T01:02:17Z</time><extensions><gpxtpx:TrackPointExtension><gpxtpx:cad>0</gpxtpx:cad></gpxtpx:TrackPointExtension></extensions></trkpt><trkpt lat="15.1431376208" lon="73.9468239807"><ele>-1.30</ele><time>2025-11-17T01:02:22Z</time><extensions><gpxtpx:TrackPointExtension><gpxtpx:cad>0</gpxtpx:cad></gpxtpx:TrackPointExtension></extensions></trkpt><trkpt lat="15.1432064362" lon="73.9466684125"><ele>-1.79</ele><time>2025-11-17T01:02:27Z</time><extensions><gpxtpx:TrackPointExtension><gpxtpx:cad>0</gpxtpx:cad></gpxtpx:TrackPointExtension></extensions></trkpt><trkpt lat="15.1432656124" lon="73.9465099946"><ele>-2.27</ele><time>2025-11-17T01:02:32Z</time><extensions><gpxtpx:TrackPointExtension><gpxtpx:cad>0</gpxtpx:cad></gpxtpx:TrackPointExtension></extensions></trkpt><trkpt lat="15.1433298178" lon="73.9463509899"><ele>-1.79</ele><time>2025-11-17T01:02:37Z</time><extensions><gpxtpx:TrackPointExtension><gpxtpx:cad>0</gpxtpx:cad></gpxtpx:TrackPointExtension></extensions></trkpt><trkpt lat="15.1433829591" lon="73.9461849444"><ele>-1.79</ele><time>2025-11-17T01:02:42Z</time><extensions><gpxtpx:TrackPointExtension><gpxtpx:cad>0</gpxtpx:cad></gpxtpx:TrackPointExtension></extensions></trkpt><trkpt lat="15.1434446499" lon="73.9460093435"><ele>-1.79</ele><time>2025-11-17T01:02:47Z</time><extensions><gpxtpx:TrackPointExtension><gpxtpx:cad>0</gpxtpx:cad></gpxtpx:TrackPointExtension></extensions></trkpt><trkpt lat="15.1435060892" lon="73.9458398614"><ele>-1.79</ele><time>2025-11-17T01:02:52Z</time><extensions><gpxtpx:TrackPointExtension><gpxtpx:cad>0</gpxtpx:cad></gpxtpx:TrackPointExtension></extensions></trkpt><trkpt lat="15.1435727254" lon="73.9456837904"><ele>-1.79</ele><time>2025-11-17T01:02:57Z</time><extensions><gpxtpx:TrackPointExtension><gpxtpx:cad>0</gpxtpx:cad></gpxtpx:TrackPointExtension></extensions></trkpt><trkpt lat="15.1436391100" lon="73.9455155656"><ele>-2.27</ele><time>2025-11-17T01:03:02Z</time><extensions><gpxtpx:TrackPointExtension><gpxtpx:cad>0</gpxtpx:cad></gpxtpx:TrackPointExtension></extensions></trkpt><trkpt lat="15.1437170617" lon="73.9453597460"><ele>-2.27</ele><time>2025-11-17T01:03:07Z</time><extensions><gpxtpx:TrackPointExtension><gpxtpx:cad>0</gpxtpx:cad></gpxtpx:TrackPointExtension></extensions></trkpt><trkpt lat="15.1437652577" lon="73.9452097937"><ele>-2.27</ele><time>2025-11-17T01:03:12Z</time><extensions><gpxtpx:TrackPointExtension><gpxtpx:cad>0</gpxtpx:cad></gpxtpx:TrackPointExtension></extensions></trkpt><trkpt lat="15.1438191533" lon="73.9450710732"><ele>-2.27</ele><time>2025-11-17T01:03:17Z</time><extensions><gpxtpx:TrackPointExtension><gpxtpx:cad>0</gpxtpx:cad></gpxtpx:TrackPointExtension></extensions></trkpt><trkpt lat="15.1438650023" lon="73.9449395612"><ele>-2.27</ele><time>2025-11-17T01:03:22Z</time><extensions><gpxtpx:TrackPointExtension><gpxtpx:cad>0</gpxtpx:cad></gpxtpx:TrackPointExtension></extensions></trkpt><trkpt lat="15.1439245977" lon="73.9448160958"><ele>-2.75</ele><time>2025-11-17T01:03:27Z</time><extensions><gpxtpx:TrackPointExtension><gpxtpx:cad>0</gpxtpx:cad></gpxtpx:TrackPointExtension></extensions></trkpt><trkpt lat="15.1439897250" lon="73.9446949773"><ele>-2.75</ele><time>2025-11-17T01:03:32Z</time><extensions><gpxtpx:TrackPointExtension><gpxtpx:cad>0</gpxtpx:cad></gpxtpx:TrackPointExtension></extensions></trkpt><trkpt lat="15.1440478954" lon="73.9445502218"><ele>-2.75</ele><time>2025-11-17T01:03:37Z</time><extensions><gpxtpx:TrackPointExtension><gpxtpx:cad>0</gpxtpx:cad></gpxtpx:TrackPointExtension></extensions></trkpt><trkpt lat="15.1441216562" lon="73.9444218948"><ele>-2.27</ele><time>2025-11-17T01:03:42Z</time><extensions><gpxtpx:TrackPointExtension><gpxtpx:cad>0</gpxtpx:cad></gpxtpx:TrackPointExtension></extensions></trkpt><trkpt lat="15.1441880409" lon="73.9442721102"><ele>-1.79</ele><time>2025-11-17T01:03:47Z</time><extensions><gpxtpx:TrackPointExtension><gpxtpx:cad>0</gpxtpx:cad></gpxtpx:TrackPointExtension></extensions></trkpt><trkpt lat="15.1442505699" lon="73.9441218227"><ele>-1.30</ele><time>2025-11-17T01:03:52Z</time><extensions><gpxtpx:TrackPointExtension><gpxtpx:cad>0</gpxtpx:cad></gpxtpx:TrackPointExtension></extensions></trkpt><trkpt lat="15.1443163678" lon="73.9439806715"><ele>-1.30</ele><time>2025-11-17T01:03:57Z</time><extensions><gpxtpx:TrackPointExtension><gpxtpx:cad>0</gpxtpx:cad></gpxtpx:TrackPointExtension></extensions></trkpt><trkpt lat="15.1443657372" lon="73.9438128658"><ele>-1.30</ele><time>2025-11-17T01:04:02Z</time><extensions><gpxtpx:TrackPointExtension><gpxtpx:cad>0</gpxtpx:cad></gpxtpx:TrackPointExtension></extensions></trkpt><trkpt lat="15.1444405038" lon="73.9436759893"><ele>-0.82</ele><time>2025-11-17T01:04:07Z</time><extensions><gpxtpx:TrackPointExtension><gpxtpx:cad>0</gpxtpx:cad></gpxtpx:TrackPointExtension></extensions></trkpt><trkpt lat="15.1445190422" lon="73.9435240254"><ele>-0.34</ele><time>2025-11-17T01:04:12Z</time><extensions><gpxtpx:TrackPointExtension><gpxtpx:cad>0</gpxtpx:cad></gpxtpx:TrackPointExtension></extensions></trkpt><trkpt lat="15.1445951499" lon="73.9433726482"><ele>-0.34</ele><time>2025-11-17T01:04:17Z</time><extensions><gpxtpx:TrackPointExtension><gpxtpx:cad>0</gpxtpx:cad></gpxtpx:TrackPointExtension></extensions></trkpt><trkpt lat="15.1446705032" lon="73.9432282280"><ele>-0.82</ele><time>2025-11-17T01:04:22Z</time><extensions><gpxtpx:TrackPointExtension><gpxtpx:cad>0</gpxtpx:cad></gpxtpx:TrackPointExtension></extensions></trkpt><trkpt lat="15.1447339542" lon="73.9430657867"><ele>-0.82</ele><time>2025-11-17T01:04:27Z</time><extensions><gpxtpx:TrackPointExtension><gpxtpx:cad>0</gpxtpx:cad></gpxtpx:TrackPointExtension></extensions></trkpt><trkpt lat="15.1448124088" lon="73.9429227915"><ele>-0.34</ele><time>2025-11-17T01:04:32Z</time><extensions><gpxtpx:TrackPointExtension><gpxtpx:cad>0</gpxtpx:cad></gpxtpx:TrackPointExtension></extensions></trkpt><trkpt lat="15.1448931266" lon="73.9427716658"><ele>-0.34</ele><time>2025-11-17T01:04:37Z</time><extensions><gpxtpx:TrackPointExtension><gpxtpx:cad>0</gpxtpx:cad></gpxtpx:TrackPointExtension></extensions></trkpt><trkpt lat="15.1449557394" lon="73.9426082186"><ele>-0.34</ele><time>2025-11-17T01:04:42Z</time><extensions><gpxtpx:TrackPointExtension><gpxtpx:cad>0</gpxtpx:cad></gpxtpx:TrackPointExtension></extensions></trkpt><trkpt lat="15.1450448390" lon="73.9424713422"><ele>-0.34</ele><time>2025-11-17T01:04:47Z</time><extensions><gpxtpx:TrackPointExtension><gpxtpx:cad>0</gpxtpx:cad></gpxtpx:TrackPointExtension></extensions></trkpt><trkpt lat="15.1451209467" lon="73.9423187077"><ele>-0.34</ele><time>2025-11-17T01:04:52Z</time><extensions><gpxtpx:TrackPointExtension><gpxtpx:cad>0</gpxtpx:cad></gpxtpx:TrackPointExtension></extensions></trkpt><trkpt lat="15.1451939531" lon="73.9421720244"><ele>-0.34</ele><time>2025-11-17T01:04:57Z</time><extensions><gpxtpx:TrackPointExtension><gpxtpx:cad>0</gpxtpx:cad></gpxtpx:TrackPointExtension></extensions></trkpt><trkpt lat="15.1452717371" lon="73.9420260116"><ele>-1.30</ele><time>2025-11-17T01:05:02Z</time><extensions><gpxtpx:TrackPointExtension><gpxtpx:cad>0</gpxtpx:cad></gpxtpx:TrackPointExtension></extensions></trkpt><trkpt lat="15.1453268901" lon="73.9418591280"><ele>-1.30</ele><time>2025-11-17T01:05:07Z</time><extensions><gpxtpx:TrackPointExtension><gpxtpx:cad>0</gpxtpx:cad></gpxtpx:TrackPointExtension></extensions></trkpt><trkpt lat="15.1453932747" lon="73.9417139534"><ele>-0.34</ele><time>2025-11-17T01:05:12Z</time><extensions><gpxtpx:TrackPointExtension><gpxtpx:cad>0</gpxtpx:cad></gpxtpx:TrackPointExtension></extensions></trkpt><trkpt lat="15.1454643533" lon="73.9415531885"><ele>-0.34</ele><time>2025-11-17T01:05:17Z</time><extensions><gpxtpx:TrackPointExtension><gpxtpx:cad>0</gpxtpx:cad></gpxtpx:TrackPointExtension></extensions></trkpt><trkpt lat="15.1455470826" lon="73.9413968660"><ele>-0.34</ele><time>2025-11-17T01:05:22Z</time><extensions><gpxtpx:TrackPointExtension><gpxtpx:cad>0</gpxtpx:cad></gpxtpx:TrackPointExtension></extensions></trkpt><trkpt lat="15.1456413791" lon="73.9412545413"><ele>0.14</ele><time>2025-11-17T01:05:27Z</time><extensions><gpxtpx:TrackPointExtension><gpxtpx:cad>0</gpxtpx:cad></gpxtpx:TrackPointExtension></extensions></trkpt><trkpt lat="15.1457241084" lon="73.9410988055"><ele>-0.34</ele><time>2025-11-17T01:05:32Z</time><extensions><gpxtpx:TrackPointExtension><gpxtpx:cad>0</gpxtpx:cad></gpxtpx:TrackPointExtension></extensions></trkpt><trkpt lat="15.1458142977" lon="73.9409502782"><ele>-0.34</ele><time>2025-11-17T01:05:37Z</time><extensions><gpxtpx:TrackPointExtension><gpxtpx:cad>0</gpxtpx:cad></gpxtpx:TrackPointExtension></extensions></trkpt><trkpt lat="15.1459059957" lon="73.9408050198"><ele>-0.34</ele><time>2025-11-17T01:05:42Z</time><extensions><gpxtpx:TrackPointExtension><gpxtpx:cad>0</gpxtpx:cad></gpxtpx:TrackPointExtension></extensions></trkpt><trkpt lat="15.1459896471" lon="73.9406574983"><ele>-0.34</ele><time>2025-11-17T01:05:47Z</time><extensions><gpxtpx:TrackPointExtension><gpxtpx:cad>0</gpxtpx:cad></gpxtpx:TrackPointExtension></extensions></trkpt><trkpt lat="15.1460878830" lon="73.9405222982"><ele>-1.30</ele><time>2025-11-17T01:05:52Z</time><extensions><gpxtpx:TrackPointExtension><gpxtpx:cad>0</gpxtpx:cad></gpxtpx:TrackPointExtension></extensions></trkpt><trkpt lat="15.1461925730" lon="73.9403854217"><ele>-1.30</ele><time>2025-11-17T01:05:57Z</time><extensions><gpxtpx:TrackPointExtension><gpxtpx:cad>0</gpxtpx:cad></gpxtpx:TrackPointExtension></extensions></trkpt><trkpt lat="15.1462857798" lon="73.9402307756"><ele>-1.79</ele><time>2025-11-17T01:06:02Z</time><extensions><gpxtpx:TrackPointExtension><gpxtpx:cad>0</gpxtpx:cad></gpxtpx:TrackPointExtension></extensions></trkpt><trkpt lat="15.1463973429" lon="73.9401037898"><ele>-1.79</ele><time>2025-11-17T01:06:07Z</time><extensions><gpxtpx:TrackPointExtension><gpxtpx:cad>0</gpxtpx:cad></gpxtpx:TrackPointExtension></extensions></trkpt><trkpt lat="15.1465019491" lon="73.9399591181"><ele>-1.79</ele><time>2025-11-17T01:06:12Z</time><extensions><gpxtpx:TrackPointExtension><gpxtpx:cad>0</gpxtpx:cad></gpxtpx:TrackPointExtension></extensions></trkpt><trkpt lat="15.1466088183" lon="73.9398141950"><ele>-1.79</ele><time>2025-11-17T01:06:17Z</time><extensions><gpxtpx:TrackPointExtension><gpxtpx:cad>0</gpxtpx:cad></gpxtpx:TrackPointExtension></extensions></trkpt><trkpt lat="15.1467333734" lon="73.9397020452"><ele>-1.30</ele><time>2025-11-17T01:06:22Z</time><extensions><gpxtpx:TrackPointExtension><gpxtpx:cad>0</gpxtpx:cad></gpxtpx:TrackPointExtension></extensions></trkpt><trkpt lat="15.1468383987" lon="73.9395541046"><ele>-1.30</ele><time>2025-11-17T01:06:27Z</time><extensions><gpxtpx:TrackPointExtension><gpxtpx:cad>0</gpxtpx:cad></gpxtpx:TrackPointExtension></extensions></trkpt><trkpt lat="15.1469463576" lon="73.9394134562"><ele>-0.82</ele><time>2025-11-17T01:06:32Z</time><extensions><gpxtpx:TrackPointExtension><gpxtpx:cad>0</gpxtpx:cad></gpxtpx:TrackPointExtension></extensions></trkpt><trkpt lat="15.1470566634" lon="73.9392849617"><ele>-1.79</ele><time>2025-11-17T01:06:37Z</time><extensions><gpxtpx:TrackPointExtension><gpxtpx:cad>0</gpxtpx:cad></gpxtpx:TrackPointExtension></extensions></trkpt><trkpt lat="15.1471548155" lon="73.9391385298"><ele>-2.27</ele><time>2025-11-17T01:06:42Z</time><extensions><gpxtpx:TrackPointExtension><gpxtpx:cad>0</gpxtpx:cad></gpxtpx:TrackPointExtension></extensions></trkpt><trkpt lat="15.1472699828" lon="73.9390106220"><ele>-2.27</ele><time>2025-11-17T01:06:47Z</time><extensions><gpxtpx:TrackPointExtension><gpxtpx:cad>0</gpxtpx:cad></gpxtpx:TrackPointExtension></extensions></trkpt><trkpt lat="15.1473814622" lon="73.9388753381"><ele>-1.79</ele><time>2025-11-17T01:06:52Z</time><extensions><gpxtpx:TrackPointExtension><gpxtpx:cad>0</gpxtpx:cad></gpxtpx:TrackPointExtension></extensions></trkpt><trkpt lat="15.1474946178" lon="73.9387432393"><ele>-1.79</ele><time>2025-11-17T01:06:57Z</time><extensions><gpxtpx:TrackPointExtension><gpxtpx:cad>0</gpxtpx:cad></gpxtpx:TrackPointExtension></extensions></trkpt><trkpt lat="15.1476165745" lon="73.9386152476"><ele>-1.79</ele><time>2025-11-17T01:07:02Z</time><extensions><gpxtpx:TrackPointExtension><gpxtpx:cad>0</gpxtpx:cad></gpxtpx:TrackPointExtension></extensions></trkpt><trkpt lat="15.1477446500" lon="73.9384994935"><ele>-1.79</ele><time>2025-11-17T01:07:07Z</time><extensions><gpxtpx:TrackPointExtension><gpxtpx:cad>0</gpxtpx:cad></gpxtpx:TrackPointExtension></extensions></trkpt><trkpt lat="15.1478640921" lon="73.9383772854"><ele>-1.79</ele><time>2025-11-17T01:07:12Z</time><extensions><gpxtpx:TrackPointExtension><gpxtpx:cad>0</gpxtpx:cad></gpxtpx:TrackPointExtension></extensions></trkpt><trkpt lat="15.1479752362" lon="73.9382324461"><ele>-1.79</ele><time>2025-11-17T01:07:17Z</time><extensions><gpxtpx:TrackPointExtension><gpxtpx:cad>0</gpxtpx:cad></gpxtpx:TrackPointExtension></extensions></trkpt><trkpt lat="15.1480985340" lon="73.9381077234"><ele>-1.30</ele><time>2025-11-17T01:07:22Z</time><extensions><gpxtpx:TrackPointExtension><gpxtpx:cad>0</gpxtpx:cad></gpxtpx:TrackPointExtension></extensions></trkpt><trkpt lat="15.1482238434" lon="73.9379934780"><ele>-1.30</ele><time>2025-11-17T01:07:27Z</time><extensions><gpxtpx:TrackPointExtension><gpxtpx:cad>0</gpxtpx:cad></gpxtpx:TrackPointExtension></extensions></trkpt><trkpt lat="15.1483381726" lon="73.9378674142"><ele>-0.82</ele><time>2025-11-17T01:07:32Z</time><extensions><gpxtpx:TrackPointExtension><gpxtpx:cad>0</gpxtpx:cad></gpxtpx:TrackPointExtension></extensions></trkpt><trkpt lat="15.1484659128" lon="73.9377407636"><ele>-0.82</ele><time>2025-11-17T01:07:37Z</time><extensions><gpxtpx:TrackPointExtension><gpxtpx:cad>0</gpxtpx:cad></gpxtpx:TrackPointExtension></extensions></trkpt><trkpt lat="15.1485886239" lon="73.9376188908"><ele>-1.30</ele><time>2025-11-17T01:07:42Z</time><extensions><gpxtpx:TrackPointExtension><gpxtpx:cad>0</gpxtpx:cad></gpxtpx:TrackPointExtension></extensions></trkpt><trkpt lat="15.1487077307" lon="73.9374924079"><ele>-1.30</ele><time>2025-11-17T01:07:47Z</time><extensions><gpxtpx:TrackPointExtension><gpxtpx:cad>0</gpxtpx:cad></gpxtpx:TrackPointExtension></extensions></trkpt><trkpt lat="15.1488391589" lon="73.9373847004"><ele>-0.82</ele><time>2025-11-17T01:07:52Z</time><extensions><gpxtpx:TrackPointExtension><gpxtpx:cad>0</gpxtpx:cad></gpxtpx:TrackPointExtension></extensions></trkpt><trkpt lat="15.1489521470" lon="73.9372534398"><ele>-1.79</ele><time>2025-11-17T01:07:57Z</time><extensions><gpxtpx:TrackPointExtension><gpxtpx:cad>0</gpxtpx:cad></gpxtpx:TrackPointExtension></extensions></trkpt><trkpt lat="15.1490647998" lon="73.9371168986"><ele>-1.79</ele><time>2025-11-17T01:08:02Z</time><extensions><gpxtpx:TrackPointExtension><gpxtpx:cad>0</gpxtpx:cad></gpxtpx:TrackPointExtension></extensions></trkpt><trkpt lat="15.1492027659" lon="73.9370043296"><ele>-1.30</ele><time>2025-11-17T01:08:07Z</time><extensions><gpxtpx:TrackPointExtension><gpxtpx:cad>0</gpxtpx:cad></gpxtpx:TrackPointExtension></extensions></trkpt><trkpt lat="15.1493295003" lon="73.9368871506"><ele>-1.30</ele><time>2025-11-17T01:08:12Z</time><extensions><gpxtpx:TrackPointExtension><gpxtpx:cad>0</gpxtpx:cad></gpxtpx:TrackPointExtension></extensions></trkpt><trkpt lat="15.1494628564" lon="73.9367652778"><ele>-0.82</ele><time>2025-11-17T01:08:17Z</time><extensions><gpxtpx:TrackPointExtension><gpxtpx:cad>0</gpxtpx:cad></gpxtpx:TrackPointExtension></extensions></trkpt><trkpt lat="15.1495894231" lon="73.9366504457"><ele>-0.34</ele><time>2025-11-17T01:08:22Z</time><extensions><gpxtpx:TrackPointExtension><gpxtpx:cad>0</gpxtpx:cad></gpxtpx:TrackPointExtension></extensions></trkpt><trkpt lat="15.1497106254" lon="73.9365237951"><ele>-0.82</ele><time>2025-11-17T01:08:27Z</time><extensions><gpxtpx:TrackPointExtension><gpxtpx:cad>0</gpxtpx:cad></gpxtpx:TrackPointExtension></extensions></trkpt><trkpt lat="15.1498257089" lon="73.9363921154"><ele>-0.82</ele><time>2025-11-17T01:08:32Z</time><extensions><gpxtpx:TrackPointExtension><gpxtpx:cad>0</gpxtpx:cad></gpxtpx:TrackPointExtension></extensions></trkpt><trkpt lat="15.1499346737" lon="73.9362585079"><ele>-1.30</ele><time>2025-11-17T01:08:37Z</time><extensions><gpxtpx:TrackPointExtension><gpxtpx:cad>0</gpxtpx:cad></gpxtpx:TrackPointExtension></extensions></trkpt><trkpt lat="15.1500413753" lon="73.9361228049"><ele>-1.30</ele><time>2025-11-17T01:08:42Z</time><extensions><gpxtpx:TrackPointExtension><gpxtpx:cad>0</gpxtpx:cad></gpxtpx:TrackPointExtension></extensions></trkpt><trkpt lat="15.1501189917" lon="73.9359603636"><ele>-1.79</ele><time>2025-11-17T01:08:47Z</time><extensions><gpxtpx:TrackPointExtension><gpxtpx:cad>0</gpxtpx:cad></gpxtpx:TrackPointExtension></extensions></trkpt><trkpt lat="15.1501940098" lon="73.9358079806"><ele>-0.82</ele><time>2025-11-17T01:08:52Z</time><extensions><gpxtpx:TrackPointExtension><gpxtpx:cad>0</gpxtpx:cad></gpxtpx:TrackPointExtension></extensions></trkpt><trkpt lat="15.1502790861" lon="73.9356575254"><ele>-1.30</ele><time>2025-11-17T01:08:57Z</time><extensions><gpxtpx:TrackPointExtension><gpxtpx:cad>0</gpxtpx:cad></gpxtpx:TrackPointExtension></extensions></trkpt><trkpt lat="15.1503415313" lon="73.9354794938"><ele>-1.79</ele><time>2025-11-17T01:09:02Z</time><extensions><gpxtpx:TrackPointExtension><gpxtpx:cad>0</gpxtpx:cad></gpxtpx:TrackPointExtension></extensions></trkpt><trkpt lat="15.1504202373" lon="73.9353316370"><ele>-1.30</ele><time>2025-11-17T01:09:07Z</time><extensions><gpxtpx:TrackPointExtension><gpxtpx:cad>0</gpxtpx:cad></gpxtpx:TrackPointExtension></extensions></trkpt><trkpt lat="15.1504832692" lon="73.9351631608"><ele>-1.30</ele><time>2025-11-17T01:09:12Z</time><extensions><gpxtpx:TrackPointExtension><gpxtpx:cad>0</gpxtpx:cad></gpxtpx:TrackPointExtension></extensions></trkpt><trkpt lat="15.1505449601" lon="73.9349975344"><ele>-0.82</ele><time>2025-11-17T01:09:17Z</time><extensions><gpxtpx:TrackPointExtension><gpxtpx:cad>0</gpxtpx:cad></gpxtpx:TrackPointExtension></extensions></trkpt><trkpt lat="15.1506231632" lon="73.9348386135"><ele>-1.30</ele><time>2025-11-17T01:09:22Z</time><extensions><gpxtpx:TrackPointExtension><gpxtpx:cad>0</gpxtpx:cad></gpxtpx:TrackPointExtension></extensions></trkpt><trkpt lat="15.1506860275" lon="73.9346698858"><ele>-1.30</ele><time>2025-11-17T01:09:27Z</time><extensions><gpxtpx:TrackPointExtension><gpxtpx:cad>0</gpxtpx:cad></gpxtpx:TrackPointExtension></extensions></trkpt><trkpt lat="15.1507663261" lon="73.9345177542"><ele>-0.34</ele><time>2025-11-17T01:09:32Z</time><extensions><gpxtpx:TrackPointExtension><gpxtpx:cad>0</gpxtpx:cad></gpxtpx:TrackPointExtension></extensions></trkpt><trkpt lat="15.1508431043" lon="73.9343608450"><ele>-0.34</ele><time>2025-11-17T01:09:37Z</time><extensions><gpxtpx:TrackPointExtension><gpxtpx:cad>0</gpxtpx:cad></gpxtpx:TrackPointExtension></extensions></trkpt><trkpt lat="15.1509135123" lon="73.9341940451"><ele>-0.34</ele><time>2025-11-17T01:09:42Z</time><extensions><gpxtpx:TrackPointExtension><gpxtpx:cad>0</gpxtpx:cad></gpxtpx:TrackPointExtension></extensions></trkpt><trkpt lat="15.1509882789" lon="73.9340355434"><ele>-0.34</ele><time>2025-11-17T01:09:47Z</time><extensions><gpxtpx:TrackPointExtension><gpxtpx:cad>0</gpxtpx:cad></gpxtpx:TrackPointExtension></extensions></trkpt><trkpt lat="15.1510582678" lon="73.9338766225"><ele>-0.82</ele><time>2025-11-17T01:09:52Z</time><extensions><gpxtpx:TrackPointExtension><gpxtpx:cad>0</gpxtpx:cad></gpxtpx:TrackPointExtension></extensions></trkpt><trkpt lat="15.1511179470" lon="73.9337081462"><ele>-0.82</ele><time>2025-11-17T01:09:57Z</time><extensions><gpxtpx:TrackPointExtension><gpxtpx:cad>0</gpxtpx:cad></gpxtpx:TrackPointExtension></extensions></trkpt><trkpt lat="15.1511825714" lon="73.9335498959"><ele>-0.82</ele><time>2025-11-17T01:10:02Z</time><extensions><gpxtpx:TrackPointExtension><gpxtpx:cad>0</gpxtpx:cad></gpxtpx:TrackPointExtension></extensions></trkpt><trkpt lat="15.1512570027" lon="73.9333827607"><ele>-0.82</ele><time>2025-11-17T01:10:07Z</time><extensions><gpxtpx:TrackPointExtension><gpxtpx:cad>0</gpxtpx:cad></gpxtpx:TrackPointExtension></extensions></trkpt><trkpt lat="15.1513265725" lon="73.9332182240"><ele>-0.82</ele><time>2025-11-17T01:10:12Z</time><extensions><gpxtpx:TrackPointExtension><gpxtpx:cad>0</gpxtpx:cad></gpxtpx:TrackPointExtension></extensions></trkpt><trkpt lat="15.1514060330" lon="73.9330673497"><ele>-0.34</ele><time>2025-11-17T01:10:17Z</time><extensions><gpxtpx:TrackPointExtension><gpxtpx:cad>0</gpxtpx:cad></gpxtpx:TrackPointExtension></extensions></trkpt><trkpt lat="15.1514770277" lon="73.9329052437"><ele>-0.34</ele><time>2025-11-17T01:10:22Z</time><extensions><gpxtpx:TrackPointExtension><gpxtpx:cad>0</gpxtpx:cad></gpxtpx:TrackPointExtension></extensions></trkpt><trkpt lat="15.1515474357" lon="73.9327355940"><ele>0.14</ele><time>2025-11-17T01:10:27Z</time><extensions><gpxtpx:TrackPointExtension><gpxtpx:cad>0</gpxtpx:cad></gpxtpx:TrackPointExtension></extensions></trkpt><trkpt lat="15.1516320091" lon="73.9325828757"><ele>0.14</ele><time>2025-11-17T01:10:32Z</time><extensions><gpxtpx:TrackPointExtension><gpxtpx:cad>0</gpxtpx:cad></gpxtpx:TrackPointExtension></extensions></trkpt><trkpt lat="15.1517066918" lon="73.9324161597"><ele>0.62</ele><time>2025-11-17T01:10:37Z</time><extensions><gpxtpx:TrackPointExtension><gpxtpx:cad>0</gpxtpx:cad></gpxtpx:TrackPointExtension></extensions></trkpt><trkpt lat="15.1517799497" lon="73.9322595857"><ele>0.62</ele><time>2025-11-17T01:10:42Z</time><extensions><gpxtpx:TrackPointExtension><gpxtpx:cad>0</gpxtpx:cad></gpxtpx:TrackPointExtension></extensions></trkpt><trkpt lat="15.1518555544" lon="73.9321053587"><ele>0.62</ele><time>2025-11-17T01:10:47Z</time><extensions><gpxtpx:TrackPointExtension><gpxtpx:cad>0</gpxtpx:cad></gpxtpx:TrackPointExtension></extensions></trkpt><trkpt lat="15.1519255433" lon="73.9319410734"><ele>0.62</ele><time>2025-11-17T01:10:52Z</time><extensions><gpxtpx:TrackPointExtension><gpxtpx:cad>0</gpxtpx:cad></gpxtpx:TrackPointExtension></extensions></trkpt><trkpt lat="15.1519952808" lon="73.9317829069"><ele>0.62</ele><time>2025-11-17T01:10:57Z</time><extensions><gpxtpx:TrackPointExtension><gpxtpx:cad>0</gpxtpx:cad></gpxtpx:TrackPointExtension></extensions></trkpt><trkpt lat="15.1520699635" lon="73.9316202141"><ele>0.14</ele><time>2025-11-17T01:11:02Z</time><extensions><gpxtpx:TrackPointExtension><gpxtpx:cad>0</gpxtpx:cad></gpxtpx:TrackPointExtension></extensions></trkpt><trkpt lat="15.1521288883" lon="73.9314523246"><ele>0.14</ele><time>2025-11-17T01:11:07Z</time><extensions><gpxtpx:TrackPointExtension><gpxtpx:cad>0</gpxtpx:cad></gpxtpx:TrackPointExtension></extensions></trkpt><trkpt lat="15.1521997154" lon="73.9312920626"><ele>0.62</ele><time>2025-11-17T01:11:12Z</time><extensions><gpxtpx:TrackPointExtension><gpxtpx:cad>0</gpxtpx:cad></gpxtpx:TrackPointExtension></extensions></trkpt><trkpt lat="15.1522621606" lon="73.9311285317"><ele>0.62</ele><time>2025-11-17T01:11:17Z</time><extensions><gpxtpx:TrackPointExtension><gpxtpx:cad>0</gpxtpx:cad></gpxtpx:TrackPointExtension></extensions></trkpt><trkpt lat="15.1523216721" lon="73.9309564512"><ele>0.62</ele><time>2025-11-17T01:11:22Z</time><extensions><gpxtpx:TrackPointExtension><gpxtpx:cad>0</gpxtpx:cad></gpxtpx:TrackPointExtension></extensions></trkpt><trkpt lat="15.1523877215" lon="73.9307920821"><ele>1.10</ele><time>2025-11-17T01:11:27Z</time><extensions><gpxtpx:TrackPointExtension><gpxtpx:cad>0</gpxtpx:cad></gpxtpx:TrackPointExtension></extensions></trkpt><trkpt lat="15.1524390187" lon="73.9306217618"><ele>1.10</ele><time>2025-11-17T01:11:32Z</time><extensions><gpxtpx:TrackPointExtension><gpxtpx:cad>0</gpxtpx:cad></gpxtpx:TrackPointExtension></extensions></trkpt><trkpt lat="15.1524995361" lon="73.9304501843"><ele>1.10</ele><time>2025-11-17T01:11:37Z</time><extensions><gpxtpx:TrackPointExtension><gpxtpx:cad>0</gpxtpx:cad></gpxtpx:TrackPointExtension></extensions></trkpt><trkpt lat="15.1525599696" lon="73.9302812051"><ele>1.10</ele><time>2025-11-17T01:11:42Z</time><extensions><gpxtpx:TrackPointExtension><gpxtpx:cad>0</gpxtpx:cad></gpxtpx:TrackPointExtension></extensions></trkpt><trkpt lat="15.1526103448" lon="73.9301119745"><ele>1.10</ele><time>2025-11-17T01:11:47Z</time><extensions><gpxtpx:TrackPointExtension><gpxtpx:cad>0</gpxtpx:cad></gpxtpx:TrackPointExtension></extensions></trkpt><trkpt lat="15.1526732091" lon="73.9299438335"><ele>1.10</ele><time>2025-11-17T01:11:52Z</time><extensions><gpxtpx:TrackPointExtension><gpxtpx:cad>0</gpxtpx:cad></gpxtpx:TrackPointExtension></extensions></trkpt><trkpt lat="15.1527292840" lon="73.9297813922"><ele>0.14</ele><time>2025-11-17T01:11:57Z</time><extensions><gpxtpx:TrackPointExtension><gpxtpx:cad>0</gpxtpx:cad></gpxtpx:TrackPointExtension></extensions></trkpt><trkpt lat="15.1527955849" lon="73.9296141732"><ele>0.14</ele><time>2025-11-17T01:12:02Z</time><extensions><gpxtpx:TrackPointExtension><gpxtpx:cad>0</gpxtpx:cad></gpxtpx:TrackPointExtension></extensions></trkpt><trkpt lat="15.1528484747" lon="73.9294417575"><ele>-0.34</ele><time>2025-11-17T01:12:07Z</time><extensions><gpxtpx:TrackPointExtension><gpxtpx:cad>0</gpxtpx:cad></gpxtpx:TrackPointExtension></extensions></trkpt><trkpt lat="15.1529002748" lon="73.9292700961"><ele>-0.34</ele><time>2025-11-17T01:12:12Z</time><extensions><gpxtpx:TrackPointExtension><gpxtpx:cad>0</gpxtpx:cad></gpxtpx:TrackPointExtension></extensions></trkpt><trkpt lat="15.1529405080" lon="73.9290968422"><ele>-0.34</ele><time>2025-11-17T01:12:17Z</time><extensions><gpxtpx:TrackPointExtension><gpxtpx:cad>0</gpxtpx:cad></gpxtpx:TrackPointExtension></extensions></trkpt><trkpt lat="15.1529762149" lon="73.9289195649"><ele>-1.30</ele><time>2025-11-17T01:12:22Z</time><extensions><gpxtpx:TrackPointExtension><gpxtpx:cad>0</gpxtpx:cad></gpxtpx:TrackPointExtension></extensions></trkpt><trkpt lat="15.1530127600" lon="73.9287524298"><ele>-1.30</ele><time>2025-11-17T01:12:27Z</time><extensions><gpxtpx:TrackPointExtension><gpxtpx:cad>0</gpxtpx:cad></gpxtpx:TrackPointExtension></extensions></trkpt><trkpt lat="15.1530318707" lon="73.9285685308"><ele>-0.82</ele><time>2025-11-17T01:12:32Z</time><extensions><gpxtpx:TrackPointExtension><gpxtpx:cad>0</gpxtpx:cad></gpxtpx:TrackPointExtension></extensions></trkpt><trkpt lat="15.1530712657" lon="73.9283921756"><ele>-0.34</ele><time>2025-11-17T01:12:37Z</time><extensions><gpxtpx:TrackPointExtension><gpxtpx:cad>0</gpxtpx:cad></gpxtpx:TrackPointExtension></extensions></trkpt><trkpt lat="15.1531038713" lon="73.9282108750"><ele>-0.34</ele><time>2025-11-17T01:12:42Z</time><extensions><gpxtpx:TrackPointExtension><gpxtpx:cad>0</gpxtpx:cad></gpxtpx:TrackPointExtension></extensions></trkpt><trkpt lat="15.1531272568" lon="73.9280310832"><ele>-0.34</ele><time>2025-11-17T01:12:47Z</time><extensions><gpxtpx:TrackPointExtension><gpxtpx:cad>0</gpxtpx:cad></gpxtpx:TrackPointExtension></extensions></trkpt><trkpt lat="15.1531643886" lon="73.9278633613"><ele>0.14</ele><time>2025-11-17T01:12:52Z</time><extensions><gpxtpx:TrackPointExtension><gpxtpx:cad>0</gpxtpx:cad></gpxtpx:TrackPointExtension></extensions></trkpt><trkpt lat="15.1531887800" lon="73.9276836533"><ele>0.14</ele><time>2025-11-17T01:12:57Z</time><extensions><gpxtpx:TrackPointExtension><gpxtpx:cad>0</gpxtpx:cad></gpxtpx:TrackPointExtension></extensions></trkpt><trkpt lat="15.1532253250" lon="73.9275057893"><ele>0.14</ele><time>2025-11-17T01:13:02Z</time><extensions><gpxtpx:TrackPointExtension><gpxtpx:cad>0</gpxtpx:cad></gpxtpx:TrackPointExtension></extensions></trkpt><trkpt lat="15.1532558352" lon="73.9273302723"><ele>0.14</ele><time>2025-11-17T01:13:07Z</time><extensions><gpxtpx:TrackPointExtension><gpxtpx:cad>0</gpxtpx:cad></gpxtpx:TrackPointExtension></extensions></trkpt><trkpt lat="15.1532668155" lon="73.9271390811"><ele>-0.34</ele><time>2025-11-17T01:13:12Z</time><extensions><gpxtpx:TrackPointExtension><gpxtpx:cad>0</gpxtpx:cad></gpxtpx:TrackPointExtension></extensions></trkpt><trkpt lat="15.1532917097" lon="73.9269646537"><ele>0.14</ele><time>2025-11-17T01:13:17Z</time><extensions><gpxtpx:TrackPointExtension><gpxtpx:cad>0</gpxtpx:cad></gpxtpx:TrackPointExtension></extensions></trkpt><trkpt lat="15.1533078868" lon="73.9267895557"><ele>-0.82</ele><time>2025-11-17T01:13:22Z</time><extensions><gpxtpx:TrackPointExtension><gpxtpx:cad>0</gpxtpx:cad></gpxtpx:TrackPointExtension></extensions></trkpt><trkpt lat="15.1533209626" lon="73.9266078360"><ele>-0.82</ele><time>2025-11-17T01:13:27Z</time><extensions><gpxtpx:TrackPointExtension><gpxtpx:cad>0</gpxtpx:cad></gpxtpx:TrackPointExtension></extensions></trkpt><trkpt lat="15.1533611119" lon="73.9264422096"><ele>-0.82</ele><time>2025-11-17T01:13:32Z</time><extensions><gpxtpx:TrackPointExtension><gpxtpx:cad>0</gpxtpx:cad></gpxtpx:TrackPointExtension></extensions></trkpt><trkpt lat="15.1534393150" lon="73.9262904972"><ele>-1.30</ele><time>2025-11-17T01:13:37Z</time><extensions><gpxtpx:TrackPointExtension><gpxtpx:cad>0</gpxtpx:cad></gpxtpx:TrackPointExtension></extensions></trkpt><trkpt lat="15.1535847411" lon="73.9262177423"><ele>-1.30</ele><time>2025-11-17T01:13:42Z</time><extensions><gpxtpx:TrackPointExtension><gpxtpx:cad>0</gpxtpx:cad></gpxtpx:TrackPointExtension></extensions></trkpt><trkpt lat="15.1537429914" lon="73.9261650201"><ele>-1.30</ele><time>2025-11-17T01:13:47Z</time><extensions><gpxtpx:TrackPointExtension><gpxtpx:cad>0</gpxtpx:cad></gpxtpx:TrackPointExtension></extensions></trkpt><trkpt lat="15.1538952067" lon="73.9260948636"><ele>-1.30</ele><time>2025-11-17T01:13:52Z</time><extensions><gpxtpx:TrackPointExtension><gpxtpx:cad>0</gpxtpx:cad></gpxtpx:TrackPointExtension></extensions></trkpt><trkpt lat="15.1540543791" lon="73.9260203484"><ele>-0.82</ele><time>2025-11-17T01:13:57Z</time><extensions><gpxtpx:TrackPointExtension><gpxtpx:cad>0</gpxtpx:cad></gpxtpx:TrackPointExtension></extensions></trkpt><trkpt lat="15.1542128809" lon="73.9259489346"><ele>0.14</ele><time>2025-11-17T01:14:02Z</time><extensions><gpxtpx:TrackPointExtension><gpxtpx:cad>0</gpxtpx:cad></gpxtpx:TrackPointExtension></extensions></trkpt><trkpt lat="15.1543575525" lon="73.9258705638"><ele>-0.34</ele><time>2025-11-17T01:14:07Z</time><extensions><gpxtpx:TrackPointExtension><gpxtpx:cad>0</gpxtpx:cad></gpxtpx:TrackPointExtension></extensions></trkpt><trkpt lat="15.1545147970" lon="73.9257904328"><ele>-0.34</ele><time>2025-11-17T01:14:12Z</time><extensions><gpxtpx:TrackPointExtension><gpxtpx:cad>0</gpxtpx:cad></gpxtpx:TrackPointExtension></extensions></trkpt><trkpt lat="15.1546718739" lon="73.9257221203"><ele>-0.34</ele><time>2025-11-17T01:14:17Z</time><extensions><gpxtpx:TrackPointExtension><gpxtpx:cad>0</gpxtpx:cad></gpxtpx:TrackPointExtension></extensions></trkpt><trkpt lat="15.1548077445" lon="73.9256352838"><ele>-0.34</ele><time>2025-11-17T01:14:22Z</time><extensions><gpxtpx:TrackPointExtension><gpxtpx:cad>0</gpxtpx:cad></gpxtpx:TrackPointExtension></extensions></trkpt><trkpt lat="15.1549581159" lon="73.9255547337"><ele>0.14</ele><time>2025-11-17T01:14:27Z</time><extensions><gpxtpx:TrackPointExtension><gpxtpx:cad>0</gpxtpx:cad></gpxtpx:TrackPointExtension></extensions></trkpt><trkpt lat="15.1551069785" lon="73.9254726749"><ele>0.14</ele><time>2025-11-17T01:14:32Z</time><extensions><gpxtpx:TrackPointExtension><gpxtpx:cad>0</gpxtpx:cad></gpxtpx:TrackPointExtension></extensions></trkpt><trkpt lat="15.1552493032" lon="73.9253762830"><ele>-0.34</ele><time>2025-11-17T01:14:37Z</time><extensions><gpxtpx:TrackPointExtension><gpxtpx:cad>0</gpxtpx:cad></gpxtpx:TrackPointExtension></extensions></trkpt><trkpt lat="15.1553879399" lon="73.9252777118"><ele>-0.34</ele><time>2025-11-17T01:14:42Z</time><extensions><gpxtpx:TrackPointExtension><gpxtpx:cad>0</gpxtpx:cad></gpxtpx:TrackPointExtension></extensions></trkpt><trkpt lat="15.1555403229" lon="73.9251828287"><ele>-0.34</ele><time>2025-11-17T01:14:47Z</time><extensions><gpxtpx:TrackPointExtension><gpxtpx:cad>0</gpxtpx:cad></gpxtpx:TrackPointExtension></extensions></trkpt><trkpt lat="15.1556823961" lon="73.9250908792"><ele>-0.34</ele><time>2025-11-17T01:14:52Z</time><extensions><gpxtpx:TrackPointExtension><gpxtpx:cad>0</gpxtpx:cad></gpxtpx:TrackPointExtension></extensions></trkpt><trkpt lat="15.1558155846" lon="73.9249820821"><ele>-0.34</ele><time>2025-11-17T01:14:57Z</time><extensions><gpxtpx:TrackPointExtension><gpxtpx:cad>0</gpxtpx:cad></gpxtpx:TrackPointExtension></extensions></trkpt><trkpt lat="15.1559605915" lon="73.9248864446"><ele>0.14</ele><time>2025-11-17T01:15:02Z</time><extensions><gpxtpx:TrackPointExtension><gpxtpx:cad>0</gpxtpx:cad></gpxtpx:TrackPointExtension></extensions></trkpt><trkpt lat="15.1561267208" lon="73.9248400088"><ele>0.62</ele><time>2025-11-17T01:15:07Z</time><extensions><gpxtpx:TrackPointExtension><gpxtpx:cad>0</gpxtpx:cad></gpxtpx:TrackPointExtension></extensions></trkpt><trkpt lat="15.1562749129" lon="73.9248114266"><ele>0.14</ele><time>2025-11-17T01:15:12Z</time><extensions><gpxtpx:TrackPointExtension><gpxtpx:cad>0</gpxtpx:cad></gpxtpx:TrackPointExtension></extensions></trkpt><trkpt lat="15.1564245299" lon="73.9248260949"><ele>0.14</ele><time>2025-11-17T01:15:17Z</time><extensions><gpxtpx:TrackPointExtension><gpxtpx:cad>0</gpxtpx:cad></gpxtpx:TrackPointExtension></extensions></trkpt><trkpt lat="15.1565899886" lon="73.9248827565"><ele>0.14</ele><time>2025-11-17T01:15:22Z</time><extensions><gpxtpx:TrackPointExtension><gpxtpx:cad>0</gpxtpx:cad></gpxtpx:TrackPointExtension></extensions></trkpt><trkpt lat="15.1567454729" lon="73.9249802381"><ele>0.14</ele><time>2025-11-17T01:15:27Z</time><extensions><gpxtpx:TrackPointExtension><gpxtpx:cad>0</gpxtpx:cad></gpxtpx:TrackPointExtension></extensions></trkpt><trkpt lat="15.1568784099" lon="73.9250783063"><ele>0.14</ele><time>2025-11-17T01:15:32Z</time><extensions><gpxtpx:TrackPointExtension><gpxtpx:cad>0</gpxtpx:cad></gpxtpx:TrackPointExtension></extensions></trkpt><trkpt lat="15.1569990255" lon="73.9251544140"><ele>0.14</ele><time>2025-11-17T01:15:37Z</time><extensions><gpxtpx:TrackPointExtension><gpxtpx:cad>0</gpxtpx:cad></gpxtpx:TrackPointExtension></extensions></trkpt><trkpt lat="15.1571245026" lon="73.9252356347"><ele>-0.34</ele><time>2025-11-17T01:15:42Z</time><extensions><gpxtpx:TrackPointExtension><gpxtpx:cad>0</gpxtpx:cad></gpxtpx:TrackPointExtension></extensions></trkpt><trkpt lat="15.1572721079" lon="73.9253390674"><ele>0.14</ele><time>2025-11-17T01:15:47Z</time><extensions><gpxtpx:TrackPointExtension><gpxtpx:cad>0</gpxtpx:cad></gpxtpx:TrackPointExtension></extensions></trkpt><trkpt lat="15.1574261673" lon="73.9254597668"><ele>-0.34</ele><time>2025-11-17T01:15:52Z</time><extensions><gpxtpx:TrackPointExtension><gpxtpx:cad>0</gpxtpx:cad></gpxtpx:TrackPointExtension></extensions></trkpt><trkpt lat="15.1575483754" lon="73.9255503751"><ele>-1.30</ele><time>2025-11-17T01:15:57Z</time><extensions><gpxtpx:TrackPointExtension><gpxtpx:cad>0</gpxtpx:cad></gpxtpx:TrackPointExtension></extensions></trkpt><trkpt lat="15.1576534845" lon="73.9256312605"><ele>-1.30</ele><time>2025-11-17T01:16:02Z</time><extensions><gpxtpx:TrackPointExtension><gpxtpx:cad>0</gpxtpx:cad></gpxtpx:TrackPointExtension></extensions></trkpt><trkpt lat="15.1577813085" lon="73.9257247187"><ele>-1.30</ele><time>2025-11-17T01:16:07Z</time><extensions><gpxtpx:TrackPointExtension><gpxtpx:cad>0</gpxtpx:cad></gpxtpx:TrackPointExtension></extensions></trkpt><trkpt lat="15.1579303388" lon="73.9258364495"><ele>-0.34</ele><time>2025-11-17T01:16:12Z</time><extensions><gpxtpx:TrackPointExtension><gpxtpx:cad>0</gpxtpx:cad></gpxtpx:TrackPointExtension></extensions></trkpt><trkpt lat="15.1580643654" lon="73.9259495214"><ele>-0.34</ele><time>2025-11-17T01:16:17Z</time><extensions><gpxtpx:TrackPointExtension><gpxtpx:cad>0</gpxtpx:cad></gpxtpx:TrackPointExtension></extensions></trkpt><trkpt lat="15.1581849810" lon="73.9260433987"><ele>-0.34</ele><time>2025-11-17T01:16:22Z</time><extensions><gpxtpx:TrackPointExtension><gpxtpx:cad>0</gpxtpx:cad></gpxtpx:TrackPointExtension></extensions></trkpt><trkpt lat="15.1583108772" lon="73.9261328336"><ele>-0.34</ele><time>2025-11-17T01:16:27Z</time><extensions><gpxtpx:TrackPointExtension><gpxtpx:cad>0</gpxtpx:cad></gpxtpx:TrackPointExtension></extensions></trkpt><trkpt lat="15.1584401261" lon="73.9262379427"><ele>0.14</ele><time>2025-11-17T01:16:32Z</time><extensions><gpxtpx:TrackPointExtension><gpxtpx:cad>0</gpxtpx:cad></gpxtpx:TrackPointExtension></extensions></trkpt><trkpt lat="15.1585726440" lon="73.9263526071"><ele>0.14</ele><time>2025-11-17T01:16:37Z</time><extensions><gpxtpx:TrackPointExtension><gpxtpx:cad>0</gpxtpx:cad></gpxtpx:TrackPointExtension></extensions></trkpt><trkpt lat="15.1587020606" lon="73.9264691994"><ele>0.62</ele><time>2025-11-17T01:16:42Z</time><extensions><gpxtpx:TrackPointExtension><gpxtpx:cad>0</gpxtpx:cad></gpxtpx:TrackPointExtension></extensions></trkpt><trkpt lat="15.1588285435" lon="73.9265873842"><ele>0.62</ele><time>2025-11-17T01:16:47Z</time><extensions><gpxtpx:TrackPointExtension><gpxtpx:cad>0</gpxtpx:cad></gpxtpx:TrackPointExtension></extensions></trkpt><trkpt lat="15.1589409448" lon="73.9266898949"><ele>0.14</ele><time>2025-11-17T01:16:52Z</time><extensions><gpxtpx:TrackPointExtension><gpxtpx:cad>0</gpxtpx:cad></gpxtpx:TrackPointExtension></extensions></trkpt><trkpt lat="15.1590634044" lon="73.9268042240"><ele>0.14</ele><time>2025-11-17T01:16:57Z</time><extensions><gpxtpx:TrackPointExtension><gpxtpx:cad>0</gpxtpx:cad></gpxtpx:TrackPointExtension></extensions></trkpt><trkpt lat="15.1591889653" lon="73.9269234985"><ele>0.62</ele><time>2025-11-17T01:17:02Z</time><extensions><gpxtpx:TrackPointExtension><gpxtpx:cad>0</gpxtpx:cad></gpxtpx:TrackPointExtension></extensions></trkpt><trkpt lat="15.1593146939" lon="73.9270342235"><ele>0.62</ele><time>2025-11-17T01:17:07Z</time><extensions><gpxtpx:TrackPointExtension><gpxtpx:cad>0</gpxtpx:cad></gpxtpx:TrackPointExtension></extensions></trkpt><trkpt lat="15.1594353933" lon="73.9271530788"><ele>0.62</ele><time>2025-11-17T01:17:12Z</time><extensions><gpxtpx:TrackPointExtension><gpxtpx:cad>0</gpxtpx:cad></gpxtpx:TrackPointExtension></extensions></trkpt><trkpt lat="15.1595583558" lon="73.9272705093"><ele>0.14</ele><time>2025-11-17T01:17:17Z</time><extensions><gpxtpx:TrackPointExtension><gpxtpx:cad>0</gpxtpx:cad></gpxtpx:TrackPointExtension></extensions></trkpt><trkpt lat="15.1596833300" lon="73.9273680747"><ele>-0.34</ele><time>2025-11-17T01:17:22Z</time><extensions><gpxtpx:TrackPointExtension><gpxtpx:cad>0</gpxtpx:cad></gpxtpx:TrackPointExtension></extensions></trkpt><trkpt lat="15.1598143391" lon="73.9274724294"><ele>-0.34</ele><time>2025-11-17T01:17:27Z</time><extensions><gpxtpx:TrackPointExtension><gpxtpx:cad>0</gpxtpx:cad></gpxtpx:TrackPointExtension></extensions></trkpt><trkpt lat="15.1599474438" lon="73.9275835734"><ele>-0.34</ele><time>2025-11-17T01:17:32Z</time><extensions><gpxtpx:TrackPointExtension><gpxtpx:cad>0</gpxtpx:cad></gpxtpx:TrackPointExtension></extensions></trkpt><trkpt lat="15.1600824762" lon="73.9277015906"><ele>-0.34</ele><time>2025-11-17T01:17:37Z</time><extensions><gpxtpx:TrackPointExtension><gpxtpx:cad>0</gpxtpx:cad></gpxtpx:TrackPointExtension></extensions></trkpt><trkpt lat="15.1602082048" lon="73.9278070349"><ele>-0.34</ele><time>2025-11-17T01:17:42Z</time><extensions><gpxtpx:TrackPointExtension><gpxtpx:cad>0</gpxtpx:cad></gpxtpx:TrackPointExtension></extensions></trkpt><trkpt lat="15.1603363641" lon="73.9279161673"><ele>-0.34</ele><time>2025-11-17T01:17:47Z</time><extensions><gpxtpx:TrackPointExtension><gpxtpx:cad>0</gpxtpx:cad></gpxtpx:TrackPointExtension></extensions></trkpt><trkpt lat="15.1604595780" lon="73.9280248806"><ele>-0.34</ele><time>2025-11-17T01:17:52Z</time><extensions><gpxtpx:TrackPointExtension><gpxtpx:cad>0</gpxtpx:cad></gpxtpx:TrackPointExtension></extensions></trkpt><trkpt lat="15.1605845522" lon="73.9281402156"><ele>-0.34</ele><time>2025-11-17T01:17:57Z</time><extensions><gpxtpx:TrackPointExtension><gpxtpx:cad>0</gpxtpx:cad></gpxtpx:TrackPointExtension></extensions></trkpt><trkpt lat="15.1607147232" lon="73.9282524493"><ele>-0.34</ele><time>2025-11-17T01:18:02Z</time><extensions><gpxtpx:TrackPointExtension><gpxtpx:cad>0</gpxtpx:cad></gpxtpx:TrackPointExtension></extensions></trkpt><trkpt lat="15.1608407870" lon="73.9283649344"><ele>-0.82</ele><time>2025-11-17T01:18:07Z</time><extensions><gpxtpx:TrackPointExtension><gpxtpx:cad>0</gpxtpx:cad></gpxtpx:TrackPointExtension></extensions></trkpt><trkpt lat="15.1609581336" lon="73.9284671936"><ele>-0.82</ele><time>2025-11-17T01:18:12Z</time><extensions><gpxtpx:TrackPointExtension><gpxtpx:cad>0</gpxtpx:cad></gpxtpx:TrackPointExtension></extensions></trkpt><trkpt lat="15.1610845327" lon="73.9285818581"><ele>-0.82</ele><time>2025-11-17T01:18:17Z</time><extensions><gpxtpx:TrackPointExtension><gpxtpx:cad>0</gpxtpx:cad></gpxtpx:TrackPointExtension></extensions></trkpt><trkpt lat="15.1612054836" lon="73.9286986180"><ele>-0.82</ele><time>2025-11-17T01:18:22Z</time><extensions><gpxtpx:TrackPointExtension><gpxtpx:cad>0</gpxtpx:cad></gpxtpx:TrackPointExtension></extensions></trkpt><trkpt lat="15.1613319665" lon="73.9288101811"><ele>-0.82</ele><time>2025-11-17T01:18:27Z</time><extensions><gpxtpx:TrackPointExtension><gpxtpx:cad>0</gpxtpx:cad></gpxtpx:TrackPointExtension></extensions></trkpt><trkpt lat="15.1614560187" lon="73.9289145358"><ele>-0.82</ele><time>2025-11-17T01:18:32Z</time><extensions><gpxtpx:TrackPointExtension><gpxtpx:cad>0</gpxtpx:cad></gpxtpx:TrackPointExtension></extensions></trkpt><trkpt lat="15.1615901291" lon="73.9290205669"><ele>-0.82</ele><time>2025-11-17T01:18:37Z</time><extensions><gpxtpx:TrackPointExtension><gpxtpx:cad>0</gpxtpx:cad></gpxtpx:TrackPointExtension></extensions></trkpt><trkpt lat="15.1617208030" lon="73.9291246701"><ele>-0.82</ele><time>2025-11-17T01:18:42Z</time><extensions><gpxtpx:TrackPointExtension><gpxtpx:cad>0</gpxtpx:cad></gpxtpx:TrackPointExtension></extensions></trkpt><trkpt lat="15.1618537400" lon="73.9292185474"><ele>-0.34</ele><time>2025-11-17T01:18:47Z</time><extensions><gpxtpx:TrackPointExtension><gpxtpx:cad>0</gpxtpx:cad></gpxtpx:TrackPointExtension></extensions></trkpt><trkpt lat="15.1619829889" lon="73.9293189626"><ele>-0.34</ele><time>2025-11-17T01:18:52Z</time><extensions><gpxtpx:TrackPointExtension><gpxtpx:cad>0</gpxtpx:cad></gpxtpx:TrackPointExtension></extensions></trkpt><trkpt lat="15.1621289179" lon="73.9294264186"><ele>0.14</ele><time>2025-11-17T01:18:57Z</time><extensions><gpxtpx:TrackPointExtension><gpxtpx:cad>0</gpxtpx:cad></gpxtpx:TrackPointExtension></extensions></trkpt><trkpt lat="15.1622644532" lon="73.9295227267"><ele>0.14</ele><time>2025-11-17T01:19:02Z</time><extensions><gpxtpx:TrackPointExtension><gpxtpx:cad>0</gpxtpx:cad></gpxtpx:TrackPointExtension></extensions></trkpt><trkpt lat="15.1623927802" lon="73.9296085574"><ele>0.14</ele><time>2025-11-17T01:19:07Z</time><extensions><gpxtpx:TrackPointExtension><gpxtpx:cad>0</gpxtpx:cad></gpxtpx:TrackPointExtension></extensions></trkpt><trkpt lat="15.1625228673" lon="73.9297006745"><ele>-0.34</ele><time>2025-11-17T01:19:12Z</time><extensions><gpxtpx:TrackPointExtension><gpxtpx:cad>0</gpxtpx:cad></gpxtpx:TrackPointExtension></extensions></trkpt><trkpt lat="15.1626666170" lon="73.9298087172"><ele>0.14</ele><time>2025-11-17T01:19:17Z</time><extensions><gpxtpx:TrackPointExtension><gpxtpx:cad>0</gpxtpx:cad></gpxtpx:TrackPointExtension></extensions></trkpt><trkpt lat="15.1628070977" lon="73.9299101382"><ele>-0.34</ele><time>2025-11-17T01:19:22Z</time><extensions><gpxtpx:TrackPointExtension><gpxtpx:cad>0</gpxtpx:cad></gpxtpx:TrackPointExtension></extensions></trkpt><trkpt lat="15.1629382744" lon="73.9300024230"><ele>-0.34</ele><time>2025-11-17T01:19:27Z</time><extensions><gpxtpx:TrackPointExtension><gpxtpx:cad>0</gpxtpx:cad></gpxtpx:TrackPointExtension></extensions></trkpt><trkpt lat="15.1630642544" lon="73.9300925285"><ele>-0.34</ele><time>2025-11-17T01:19:32Z</time><extensions><gpxtpx:TrackPointExtension><gpxtpx:cad>0</gpxtpx:cad></gpxtpx:TrackPointExtension></extensions></trkpt><trkpt lat="15.1632004604" lon="73.9301938657"><ele>-0.34</ele><time>2025-11-17T01:19:37Z</time><extensions><gpxtpx:TrackPointExtension><gpxtpx:cad>0</gpxtpx:cad></gpxtpx:TrackPointExtension></extensions></trkpt><trkpt lat="15.1633431204" lon="73.9303039201"><ele>0.62</ele><time>2025-11-17T01:19:42Z</time><extensions><gpxtpx:TrackPointExtension><gpxtpx:cad>0</gpxtpx:cad></gpxtpx:TrackPointExtension></extensions></trkpt><trkpt lat="15.1634745486" lon="73.9304112084"><ele>0.62</ele><time>2025-11-17T01:19:47Z</time><extensions><gpxtpx:TrackPointExtension><gpxtpx:cad>0</gpxtpx:cad></gpxtpx:TrackPointExtension></extensions></trkpt><trkpt lat="15.1635989361" lon="73.9305078518"><ele>0.62</ele><time>2025-11-17T01:19:52Z</time><extensions><gpxtpx:TrackPointExtension><gpxtpx:cad>0</gpxtpx:cad></gpxtpx:TrackPointExtension></extensions></trkpt><trkpt lat="15.1637188811" lon="73.9306044113"><ele>0.62</ele><time>2025-11-17T01:19:57Z</time><extensions><gpxtpx:TrackPointExtension><gpxtpx:cad>0</gpxtpx:cad></gpxtpx:TrackPointExtension></extensions></trkpt><trkpt lat="15.1638482139" lon="73.9307113644"><ele>1.10</ele><time>2025-11-17T01:20:02Z</time><extensions><gpxtpx:TrackPointExtension><gpxtpx:cad>0</gpxtpx:cad></gpxtpx:TrackPointExtension></extensions></trkpt><trkpt lat="15.1639850903" lon="73.9308189042"><ele>1.58</ele><time>2025-11-17T01:20:07Z</time><extensions><gpxtpx:TrackPointExtension><gpxtpx:cad>0</gpxtpx:cad></gpxtpx:TrackPointExtension></extensions></trkpt><trkpt lat="15.1641162671" lon="73.9309284557"><ele>1.58</ele><time>2025-11-17T01:20:12Z</time><extensions><gpxtpx:TrackPointExtension><gpxtpx:cad>0</gpxtpx:cad></gpxtpx:TrackPointExtension></extensions></trkpt><trkpt lat="15.1642357931" lon="73.9310303796"><ele>1.10</ele><time>2025-11-17T01:20:17Z</time><extensions><gpxtpx:TrackPointExtension><gpxtpx:cad>0</gpxtpx:cad></gpxtpx:TrackPointExtension></extensions></trkpt><trkpt lat="15.1643629465" lon="73.9311338961"><ele>1.10</ele><time>2025-11-17T01:20:22Z</time><extensions><gpxtpx:TrackPointExtension><gpxtpx:cad>0</gpxtpx:cad></gpxtpx:TrackPointExtension></extensions></trkpt><trkpt lat="15.1644974761" lon="73.9312420227"><ele>1.58</ele><time>2025-11-17T01:20:27Z</time><extensions><gpxtpx:TrackPointExtension><gpxtpx:cad>0</gpxtpx:cad></gpxtpx:TrackPointExtension></extensions></trkpt><trkpt lat="15.1646345202" lon="73.9313515741"><ele>2.06</ele><time>2025-11-17T01:20:32Z</time><extensions><gpxtpx:TrackPointExtension><gpxtpx:cad>0</gpxtpx:cad></gpxtpx:TrackPointExtension></extensions></trkpt><trkpt lat="15.1647584885" lon="73.9314572699"><ele>2.06</ele><time>2025-11-17T01:20:37Z</time><extensions><gpxtpx:TrackPointExtension><gpxtpx:cad>0</gpxtpx:cad></gpxtpx:TrackPointExtension></extensions></trkpt><trkpt lat="15.1648741588" lon="73.9315640554"><ele>2.06</ele><time>2025-11-17T01:20:42Z</time><extensions><gpxtpx:TrackPointExtension><gpxtpx:cad>0</gpxtpx:cad></gpxtpx:TrackPointExtension></extensions></trkpt><trkpt lat="15.1649987977" lon="73.9316813182"><ele>2.06</ele><time>2025-11-17T01:20:47Z</time><extensions><gpxtpx:TrackPointExtension><gpxtpx:cad>0</gpxtpx:cad></gpxtpx:TrackPointExtension></extensions></trkpt><trkpt lat="15.1651267055" lon="73.9318117406"><ele>2.06</ele><time>2025-11-17T01:20:52Z</time><extensions><gpxtpx:TrackPointExtension><gpxtpx:cad>0</gpxtpx:cad></gpxtpx:TrackPointExtension></extensions></trkpt><trkpt lat="15.1652427949" lon="73.9319344517"><ele>1.58</ele><time>2025-11-17T01:20:57Z</time><extensions><gpxtpx:TrackPointExtension><gpxtpx:cad>0</gpxtpx:cad></gpxtpx:TrackPointExtension></extensions></trkpt><trkpt lat="15.1653634105" lon="73.9320508763"><ele>1.10</ele><time>2025-11-17T01:21:02Z</time><extensions><gpxtpx:TrackPointExtension><gpxtpx:cad>0</gpxtpx:cad></gpxtpx:TrackPointExtension></extensions></trkpt><trkpt lat="15.1654817630" lon="73.9321673010"><ele>0.62</ele><time>2025-11-17T01:21:07Z</time><extensions><gpxtpx:TrackPointExtension><gpxtpx:cad>0</gpxtpx:cad></gpxtpx:TrackPointExtension></extensions></trkpt><trkpt lat="15.1656004507" lon="73.9322851505"><ele>0.62</ele><time>2025-11-17T01:21:12Z</time><extensions><gpxtpx:TrackPointExtension><gpxtpx:cad>0</gpxtpx:cad></gpxtpx:TrackPointExtension></extensions></trkpt><trkpt lat="15.1657202281" lon="73.9324087836"><ele>0.62</ele><time>2025-11-17T01:21:17Z</time><extensions><gpxtpx:TrackPointExtension><gpxtpx:cad>0</gpxtpx:cad></gpxtpx:TrackPointExtension></extensions></trkpt><trkpt lat="15.1658428553" lon="73.9325263817"><ele>0.14</ele><time>2025-11-17T01:21:22Z</time><extensions><gpxtpx:TrackPointExtension><gpxtpx:cad>0</gpxtpx:cad></gpxtpx:TrackPointExtension></extensions></trkpt><trkpt lat="15.1659660693" lon="73.9326415490"><ele>-0.34</ele><time>2025-11-17T01:21:27Z</time><extensions><gpxtpx:TrackPointExtension><gpxtpx:cad>0</gpxtpx:cad></gpxtpx:TrackPointExtension></extensions></trkpt><trkpt lat="15.1660819072" lon="73.9327462390"><ele>-0.82</ele><time>2025-11-17T01:21:32Z</time><extensions><gpxtpx:TrackPointExtension><gpxtpx:cad>0</gpxtpx:cad></gpxtpx:TrackPointExtension></extensions></trkpt><trkpt lat="15.1662041154" lon="73.9328490011"><ele>-0.82</ele><time>2025-11-17T01:21:37Z</time><extensions><gpxtpx:TrackPointExtension><gpxtpx:cad>0</gpxtpx:cad></gpxtpx:TrackPointExtension></extensions></trkpt><trkpt lat="15.1663396508" lon="73.9329610672"><ele>-0.34</ele><time>2025-11-17T01:21:42Z</time><extensions><gpxtpx:TrackPointExtension><gpxtpx:cad>0</gpxtpx:cad></gpxtpx:TrackPointExtension></extensions></trkpt><trkpt lat="15.1664694026" lon="73.9330662601"><ele>-0.34</ele><time>2025-11-17T01:21:47Z</time><extensions><gpxtpx:TrackPointExtension><gpxtpx:cad>0</gpxtpx:cad></gpxtpx:TrackPointExtension></extensions></trkpt><trkpt lat="15.1665929519" lon="73.9331624005"><ele>-0.34</ele><time>2025-11-17T01:21:52Z</time><extensions><gpxtpx:TrackPointExtension><gpxtpx:cad>0</gpxtpx:cad></gpxtpx:TrackPointExtension></extensions></trkpt><trkpt lat="15.1667154953" lon="73.9332582895"><ele>0.14</ele><time>2025-11-17T01:21:57Z</time><extensions><gpxtpx:TrackPointExtension><gpxtpx:cad>0</gpxtpx:cad></gpxtpx:TrackPointExtension></extensions></trkpt><trkpt lat="15.1668479294" lon="73.9333591238"><ele>0.14</ele><time>2025-11-17T01:22:02Z</time><extensions><gpxtpx:TrackPointExtension><gpxtpx:cad>0</gpxtpx:cad></gpxtpx:TrackPointExtension></extensions></trkpt><trkpt lat="15.1669937745" lon="73.9334741235"><ele>0.62</ele><time>2025-11-17T01:22:07Z</time><extensions><gpxtpx:TrackPointExtension><gpxtpx:cad>0</gpxtpx:cad></gpxtpx:TrackPointExtension></extensions></trkpt><trkpt lat="15.1671298966" lon="73.9335926436"><ele>0.62</ele><time>2025-11-17T01:22:12Z</time><extensions><gpxtpx:TrackPointExtension><gpxtpx:cad>0</gpxtpx:cad></gpxtpx:TrackPointExtension></extensions></trkpt><trkpt lat="15.1672548708" lon="73.9337076433"><ele>0.62</ele><time>2025-11-17T01:22:17Z</time><extensions><gpxtpx:TrackPointExtension><gpxtpx:cad>0</gpxtpx:cad></gpxtpx:TrackPointExtension></extensions></trkpt><trkpt lat="15.1673755702" lon="73.9338170271"><ele>1.10</ele><time>2025-11-17T01:22:22Z</time><extensions><gpxtpx:TrackPointExtension><gpxtpx:cad>0</gpxtpx:cad></gpxtpx:TrackPointExtension></extensions></trkpt><trkpt lat="15.1674972754" lon="73.9339178614"><ele>1.58</ele><time>2025-11-17T01:22:27Z</time><extensions><gpxtpx:TrackPointExtension><gpxtpx:cad>0</gpxtpx:cad></gpxtpx:TrackPointExtension></extensions></trkpt><trkpt lat="15.1676237583" lon="73.9340320230"><ele>2.06</ele><time>2025-11-17T01:22:32Z</time><extensions><gpxtpx:TrackPointExtension><gpxtpx:cad>0</gpxtpx:cad></gpxtpx:TrackPointExtension></extensions></trkpt><trkpt lat="15.1677540131" lon="73.9341651276"><ele>2.54</ele><time>2025-11-17T01:22:37Z</time><extensions><gpxtpx:TrackPointExtension><gpxtpx:cad>0</gpxtpx:cad></gpxtpx:TrackPointExtension></extensions></trkpt><trkpt lat="15.1678563561" lon="73.9343107212"><ele>3.02</ele><time>2025-11-17T01:22:42Z</time><extensions><gpxtpx:TrackPointExtension><gpxtpx:cad>0</gpxtpx:cad></gpxtpx:TrackPointExtension></extensions></trkpt><trkpt lat="15.1679596212" lon="73.9344247151"><ele>3.50</ele><time>2025-11-17T01:22:47Z</time><extensions><gpxtpx:TrackPointExtension><gpxtpx:cad>0</gpxtpx:cad></gpxtpx:TrackPointExtension></extensions></trkpt><trkpt lat="15.1680576894" lon="73.9345356077"><ele>2.54</ele><time>2025-11-17T01:22:52Z</time><extensions><gpxtpx:TrackPointExtension><gpxtpx:cad>0</gpxtpx:cad></gpxtpx:TrackPointExtension></extensions></trkpt><trkpt lat="15.1681643911" lon="73.9346527867"><ele>2.54</ele><time>2025-11-17T01:22:57Z</time><extensions><gpxtpx:TrackPointExtension><gpxtpx:cad>0</gpxtpx:cad></gpxtpx:TrackPointExtension></extensions></trkpt><trkpt lat="15.1682951488" lon="73.9347936027"><ele>2.54</ele><time>2025-11-17T01:23:02Z</time><extensions><gpxtpx:TrackPointExtension><gpxtpx:cad>0</gpxtpx:cad></gpxtpx:TrackPointExtension></extensions></trkpt><trkpt lat="15.1684216317" lon="73.9349252824"><ele>2.54</ele><time>2025-11-17T01:23:07Z</time><extensions><gpxtpx:TrackPointExtension><gpxtpx:cad>0</gpxtpx:cad></gpxtpx:TrackPointExtension></extensions></trkpt><trkpt lat="15.1685248129" lon="73.9350351691"><ele>2.06</ele><time>2025-11-17T01:23:12Z</time><extensions><gpxtpx:TrackPointExtension><gpxtpx:cad>0</gpxtpx:cad></gpxtpx:TrackPointExtension></extensions></trkpt><trkpt lat="15.1686287485" lon="73.9351441339"><ele>2.06</ele><time>2025-11-17T01:23:17Z</time><extensions><gpxtpx:TrackPointExtension><gpxtpx:cad>0</gpxtpx:cad></gpxtpx:TrackPointExtension></extensions></trkpt><trkpt lat="15.1687439997" lon="73.9352534339"><ele>1.58</ele><time>2025-11-17T01:23:22Z</time><extensions><gpxtpx:TrackPointExtension><gpxtpx:cad>0</gpxtpx:cad></gpxtpx:TrackPointExtension></extensions></trkpt><trkpt lat="15.1688669622" lon="73.9353779890"><ele>1.58</ele><time>2025-11-17T01:23:27Z</time><extensions><gpxtpx:TrackPointExtension><gpxtpx:cad>0</gpxtpx:cad></gpxtpx:TrackPointExtension></extensions></trkpt><trkpt lat="15.1689968817" lon="73.9355142787"><ele>2.54</ele><time>2025-11-17T01:23:32Z</time><extensions><gpxtpx:TrackPointExtension><gpxtpx:cad>0</gpxtpx:cad></gpxtpx:TrackPointExtension></extensions></trkpt><trkpt lat="15.1691226941" lon="73.9356261771"><ele>2.06</ele><time>2025-11-17T01:23:37Z</time><extensions><gpxtpx:TrackPointExtension><gpxtpx:cad>0</gpxtpx:cad></gpxtpx:TrackPointExtension></extensions></trkpt><trkpt lat="15.1692498475" lon="73.9357337169"><ele>2.06</ele><time>2025-11-17T01:23:42Z</time><extensions><gpxtpx:TrackPointExtension><gpxtpx:cad>0</gpxtpx:cad></gpxtpx:TrackPointExtension></extensions></trkpt><trkpt lat="15.1693730615" lon="73.9358326234"><ele>1.58</ele><time>2025-11-17T01:23:47Z</time><extensions><gpxtpx:TrackPointExtension><gpxtpx:cad>0</gpxtpx:cad></gpxtpx:TrackPointExtension></extensions></trkpt><trkpt lat="15.1694981195" lon="73.9359460305"><ele>1.58</ele><time>2025-11-17T01:23:52Z</time><extensions><gpxtpx:TrackPointExtension><gpxtpx:cad>0</gpxtpx:cad></gpxtpx:TrackPointExtension></extensions></trkpt><trkpt lat="15.1696309727" lon="73.9360605273"><ele>2.06</ele><time>2025-11-17T01:23:57Z</time><extensions><gpxtpx:TrackPointExtension><gpxtpx:cad>0</gpxtpx:cad></gpxtpx:TrackPointExtension></extensions></trkpt><trkpt lat="15.1697681006" lon="73.9361771196"><ele>2.06</ele><time>2025-11-17T01:24:02Z</time><extensions><gpxtpx:TrackPointExtension><gpxtpx:cad>0</gpxtpx:cad></gpxtpx:TrackPointExtension></extensions></trkpt><trkpt lat="15.1698924880" lon="73.9362825640"><ele>2.06</ele><time>2025-11-17T01:24:07Z</time><extensions><gpxtpx:TrackPointExtension><gpxtpx:cad>0</gpxtpx:cad></gpxtpx:TrackPointExtension></extensions></trkpt><trkpt lat="15.1700072363" lon="73.9363888465"><ele>2.06</ele><time>2025-11-17T01:24:12Z</time><extensions><gpxtpx:TrackPointExtension><gpxtpx:cad>0</gpxtpx:cad></gpxtpx:TrackPointExtension></extensions></trkpt><trkpt lat="15.1701229066" lon="73.9364905190"><ele>1.58</ele><time>2025-11-17T01:24:17Z</time><extensions><gpxtpx:TrackPointExtension><gpxtpx:cad>0</gpxtpx:cad></gpxtpx:TrackPointExtension></extensions></trkpt><trkpt lat="15.1702375710" lon="73.9366008248"><ele>1.10</ele><time>2025-11-17T01:24:22Z</time><extensions><gpxtpx:TrackPointExtension><gpxtpx:cad>0</gpxtpx:cad></gpxtpx:TrackPointExtension></extensions></trkpt><trkpt lat="15.1703677420" lon="73.9367175009"><ele>1.10</ele><time>2025-11-17T01:24:27Z</time><extensions><gpxtpx:TrackPointExtension><gpxtpx:cad>0</gpxtpx:cad></gpxtpx:TrackPointExtension></extensions></trkpt><trkpt lat="15.1705007628" lon="73.9368497673"><ele>0.62</ele><time>2025-11-17T01:24:32Z</time><extensions><gpxtpx:TrackPointExtension><gpxtpx:cad>0</gpxtpx:cad></gpxtpx:TrackPointExtension></extensions></trkpt><trkpt lat="15.1706212107" lon="73.9369717240"><ele>0.62</ele><time>2025-11-17T01:24:37Z</time><extensions><gpxtpx:TrackPointExtension><gpxtpx:cad>0</gpxtpx:cad></gpxtpx:TrackPointExtension></extensions></trkpt><trkpt lat="15.1707300078" lon="73.9370878972"><ele>0.14</ele><time>2025-11-17T01:24:42Z</time><extensions><gpxtpx:TrackPointExtension><gpxtpx:cad>0</gpxtpx:cad></gpxtpx:TrackPointExtension></extensions></trkpt><trkpt lat="15.1708337758" lon="73.9371970296"><ele>0.14</ele><time>2025-11-17T01:24:47Z</time><extensions><gpxtpx:TrackPointExtension><gpxtpx:cad>0</gpxtpx:cad></gpxtpx:TrackPointExtension></extensions></trkpt><trkpt lat="15.1709473506" lon="73.9373053238"><ele>0.14</ele><time>2025-11-17T01:24:52Z</time><extensions><gpxtpx:TrackPointExtension><gpxtpx:cad>0</gpxtpx:cad></gpxtpx:TrackPointExtension></extensions></trkpt><trkpt lat="15.1710760966" lon="73.9374230895"><ele>0.62</ele><time>2025-11-17T01:24:57Z</time><extensions><gpxtpx:TrackPointExtension><gpxtpx:cad>0</gpxtpx:cad></gpxtpx:TrackPointExtension></extensions></trkpt><trkpt lat="15.1712159067" lon="73.9375511650"><ele>1.10</ele><time>2025-11-17T01:25:02Z</time><extensions><gpxtpx:TrackPointExtension><gpxtpx:cad>0</gpxtpx:cad></gpxtpx:TrackPointExtension></extensions></trkpt><trkpt lat="15.1713407971" lon="73.9376626443"><ele>0.62</ele><time>2025-11-17T01:25:07Z</time><extensions><gpxtpx:TrackPointExtension><gpxtpx:cad>0</gpxtpx:cad></gpxtpx:TrackPointExtension></extensions></trkpt><trkpt lat="15.1714689564" lon="73.9377483074"><ele>0.62</ele><time>2025-11-17T01:25:12Z</time><extensions><gpxtpx:TrackPointExtension><gpxtpx:cad>0</gpxtpx:cad></gpxtpx:TrackPointExtension></extensions></trkpt><trkpt lat="15.1716062520" lon="73.9378076512"><ele>0.62</ele><time>2025-11-17T01:25:17Z</time><extensions><gpxtpx:TrackPointExtension><gpxtpx:cad>0</gpxtpx:cad></gpxtpx:TrackPointExtension></extensions></trkpt><trkpt lat="15.1717603114" lon="73.9378628880"><ele>0.62</ele><time>2025-11-17T01:25:22Z</time><extensions><gpxtpx:TrackPointExtension><gpxtpx:cad>0</gpxtpx:cad></gpxtpx:TrackPointExtension></extensions></trkpt><trkpt lat="15.1719327271" lon="73.9378762152"><ele>1.58</ele><time>2025-11-17T01:25:27Z</time><extensions><gpxtpx:TrackPointExtension><gpxtpx:cad>0</gpxtpx:cad></gpxtpx:TrackPointExtension></extensions></trkpt><trkpt lat="15.1720860321" lon="73.9378265105"><ele>1.10</ele><time>2025-11-17T01:25:32Z</time><extensions><gpxtpx:TrackPointExtension><gpxtpx:cad>0</gpxtpx:cad></gpxtpx:TrackPointExtension></extensions></trkpt><trkpt lat="15.1722271834" lon="73.9377333876"><ele>1.10</ele><time>2025-11-17T01:25:37Z</time><extensions><gpxtpx:TrackPointExtension><gpxtpx:cad>0</gpxtpx:cad></gpxtpx:TrackPointExtension></extensions></trkpt><trkpt lat="15.1723436918" lon="73.9376245067"><ele>1.10</ele><time>2025-11-17T01:25:42Z</time><extensions><gpxtpx:TrackPointExtension><gpxtpx:cad>0</gpxtpx:cad></gpxtpx:TrackPointExtension></extensions></trkpt><trkpt lat="15.1724024490" lon="73.9374692738"><ele>1.10</ele><time>2025-11-17T01:25:47Z</time><extensions><gpxtpx:TrackPointExtension><gpxtpx:cad>0</gpxtpx:cad></gpxtpx:TrackPointExtension></extensions></trkpt><trkpt lat="15.1724444423" lon="73.9373011328"><ele>1.10</ele><time>2025-11-17T01:25:52Z</time><extensions><gpxtpx:TrackPointExtension><gpxtpx:cad>0</gpxtpx:cad></gpxtpx:TrackPointExtension></extensions></trkpt><trkpt lat="15.1724829990" lon="73.9371386077"><ele>1.58</ele><time>2025-11-17T01:25:57Z</time><extensions><gpxtpx:TrackPointExtension><gpxtpx:cad>0</gpxtpx:cad></gpxtpx:TrackPointExtension></extensions></trkpt><trkpt lat="15.1725150179" lon="73.9369635098"><ele>1.58</ele><time>2025-11-17T01:26:02Z</time><extensions><gpxtpx:TrackPointExtension><gpxtpx:cad>0</gpxtpx:cad></gpxtpx:TrackPointExtension></extensions></trkpt><trkpt lat="15.1725507248" lon="73.9367996436"><ele>1.10</ele><time>2025-11-17T01:26:07Z</time><extensions><gpxtpx:TrackPointExtension><gpxtpx:cad>0</gpxtpx:cad></gpxtpx:TrackPointExtension></extensions></trkpt><trkpt lat="15.1725763734" lon="73.9366228692"><ele>0.62</ele><time>2025-11-17T01:26:12Z</time><extensions><gpxtpx:TrackPointExtension><gpxtpx:cad>0</gpxtpx:cad></gpxtpx:TrackPointExtension></extensions></trkpt><trkpt lat="15.1726285089" lon="73.9364462625"><ele>0.14</ele><time>2025-11-17T01:26:17Z</time><extensions><gpxtpx:TrackPointExtension><gpxtpx:cad>0</gpxtpx:cad></gpxtpx:TrackPointExtension></extensions></trkpt><trkpt lat="15.1726719271" lon="73.9362844918"><ele>0.14</ele><time>2025-11-17T01:26:22Z</time><extensions><gpxtpx:TrackPointExtension><gpxtpx:cad>0</gpxtpx:cad></gpxtpx:TrackPointExtension></extensions></trkpt><trkpt lat="15.1727282535" lon="73.9361180272"><ele>0.14</ele><time>2025-11-17T01:26:27Z</time><extensions><gpxtpx:TrackPointExtension><gpxtpx:cad>0</gpxtpx:cad></gpxtpx:TrackPointExtension></extensions></trkpt><trkpt lat="15.1727809757" lon="73.9359595254"><ele>0.14</ele><time>2025-11-17T01:26:32Z</time><extensions><gpxtpx:TrackPointExtension><gpxtpx:cad>0</gpxtpx:cad></gpxtpx:TrackPointExtension></extensions></trkpt><trkpt lat="15.1728285011" lon="73.9357946534"><ele>-0.34</ele><time>2025-11-17T01:26:37Z</time><extensions><gpxtpx:TrackPointExtension><gpxtpx:cad>0</gpxtpx:cad></gpxtpx:TrackPointExtension></extensions></trkpt><trkpt lat="15.1728805527" lon="73.9356308710"><ele>-0.34</ele><time>2025-11-17T01:26:42Z</time><extensions><gpxtpx:TrackPointExtension><gpxtpx:cad>0</gpxtpx:cad></gpxtpx:TrackPointExtension></extensions></trkpt><trkpt lat="15.1729419921" lon="73.9354630653"><ele>-0.82</ele><time>2025-11-17T01:26:47Z</time><extensions><gpxtpx:TrackPointExtension><gpxtpx:cad>0</gpxtpx:cad></gpxtpx:TrackPointExtension></extensions></trkpt><trkpt lat="15.1729949657" lon="73.9353035577"><ele>-0.82</ele><time>2025-11-17T01:26:52Z</time><extensions><gpxtpx:TrackPointExtension><gpxtpx:cad>0</gpxtpx:cad></gpxtpx:TrackPointExtension></extensions></trkpt><trkpt lat="15.1730476879" lon="73.9351401944"><ele>-0.82</ele><time>2025-11-17T01:26:57Z</time><extensions><gpxtpx:TrackPointExtension><gpxtpx:cad>0</gpxtpx:cad></gpxtpx:TrackPointExtension></extensions></trkpt><trkpt lat="15.1730859093" lon="73.9349702932"><ele>-1.30</ele><time>2025-11-17T01:27:02Z</time><extensions><gpxtpx:TrackPointExtension><gpxtpx:cad>0</gpxtpx:cad></gpxtpx:TrackPointExtension></extensions></trkpt><trkpt lat="15.1731273159" lon="73.9348086901"><ele>-1.30</ele><time>2025-11-17T01:27:07Z</time><extensions><gpxtpx:TrackPointExtension><gpxtpx:cad>0</gpxtpx:cad></gpxtpx:TrackPointExtension></extensions></trkpt><trkpt lat="15.1731593348" lon="73.9346370287"><ele>-1.30</ele><time>2025-11-17T01:27:12Z</time><extensions><gpxtpx:TrackPointExtension><gpxtpx:cad>0</gpxtpx:cad></gpxtpx:TrackPointExtension></extensions></trkpt><trkpt lat="15.1731853187" lon="73.9344697259"><ele>-1.30</ele><time>2025-11-17T01:27:17Z</time><extensions><gpxtpx:TrackPointExtension><gpxtpx:cad>0</gpxtpx:cad></gpxtpx:TrackPointExtension></extensions></trkpt><trkpt lat="15.1732087880" lon="73.9342965558"><ele>-1.79</ele><time>2025-11-17T01:27:22Z</time><extensions><gpxtpx:TrackPointExtension><gpxtpx:cad>0</gpxtpx:cad></gpxtpx:TrackPointExtension></extensions></trkpt><trkpt lat="15.1732294913" lon="73.9341212064"><ele>-2.27</ele><time>2025-11-17T01:27:27Z</time><extensions><gpxtpx:TrackPointExtension><gpxtpx:cad>0</gpxtpx:cad></gpxtpx:TrackPointExtension></extensions></trkpt><trkpt lat="15.1732587442" lon="73.9339547418"><ele>-2.27</ele><time>2025-11-17T01:27:32Z</time><extensions><gpxtpx:TrackPointExtension><gpxtpx:cad>0</gpxtpx:cad></gpxtpx:TrackPointExtension></extensions></trkpt><trkpt lat="15.1732811239" lon="73.9337788895"><ele>-2.27</ele><time>2025-11-17T01:27:37Z</time><extensions><gpxtpx:TrackPointExtension><gpxtpx:cad>0</gpxtpx:cad></gpxtpx:TrackPointExtension></extensions></trkpt><trkpt lat="15.1733264700" lon="73.9336130116"><ele>-1.79</ele><time>2025-11-17T01:27:42Z</time><extensions><gpxtpx:TrackPointExtension><gpxtpx:cad>0</gpxtpx:cad></gpxtpx:TrackPointExtension></extensions></trkpt><trkpt lat="15.1733614225" lon="73.9334389195"><ele>-1.79</ele><time>2025-11-17T01:27:47Z</time><extensions><gpxtpx:TrackPointExtension><gpxtpx:cad>0</gpxtpx:cad></gpxtpx:TrackPointExtension></extensions></trkpt><trkpt lat="15.1734048408" lon="73.9332717005"><ele>-1.30</ele><time>2025-11-17T01:27:52Z</time><extensions><gpxtpx:TrackPointExtension><gpxtpx:cad>0</gpxtpx:cad></gpxtpx:TrackPointExtension></extensions></trkpt><trkpt lat="15.1734498516" lon="73.9330955129"><ele>-0.82</ele><time>2025-11-17T01:27:57Z</time><extensions><gpxtpx:TrackPointExtension><gpxtpx:cad>0</gpxtpx:cad></gpxtpx:TrackPointExtension></extensions></trkpt><trkpt lat="15.1734968740" lon="73.9329310600"><ele>-0.82</ele><time>2025-11-17T01:28:02Z</time><extensions><gpxtpx:TrackPointExtension><gpxtpx:cad>0</gpxtpx:cad></gpxtpx:TrackPointExtension></extensions></trkpt><trkpt lat="15.1735319942" lon="73.9327557106"><ele>-0.82</ele><time>2025-11-17T01:28:07Z</time><extensions><gpxtpx:TrackPointExtension><gpxtpx:cad>0</gpxtpx:cad></gpxtpx:TrackPointExtension></extensions></trkpt><trkpt lat="15.1735702995" lon="73.9325880725"><ele>-0.34</ele><time>2025-11-17T01:28:12Z</time><extensions><gpxtpx:TrackPointExtension><gpxtpx:cad>0</gpxtpx:cad></gpxtpx:TrackPointExtension></extensions></trkpt><trkpt lat="15.1736207586" lon="73.9324206021"><ele>-0.34</ele><time>2025-11-17T01:28:17Z</time><extensions><gpxtpx:TrackPointExtension><gpxtpx:cad>0</gpxtpx:cad></gpxtpx:TrackPointExtension></extensions></trkpt><trkpt lat="15.1736724749" lon="73.9322497789"><ele>-0.34</ele><time>2025-11-17T01:28:22Z</time><extensions><gpxtpx:TrackPointExtension><gpxtpx:cad>0</gpxtpx:cad></gpxtpx:TrackPointExtension></extensions></trkpt><trkpt lat="15.1737329084" lon="73.9320921153"><ele>-0.34</ele><time>2025-11-17T01:28:27Z</time><extensions><gpxtpx:TrackPointExtension><gpxtpx:cad>0</gpxtpx:cad></gpxtpx:TrackPointExtension></extensions></trkpt><trkpt lat="15.1737775840" lon="73.9319218788"><ele>-0.82</ele><time>2025-11-17T01:28:32Z</time><extensions><gpxtpx:TrackPointExtension><gpxtpx:cad>0</gpxtpx:cad></gpxtpx:TrackPointExtension></extensions></trkpt><trkpt lat="15.1738386042" lon="73.9317593537"><ele>-0.82</ele><time>2025-11-17T01:28:37Z</time><extensions><gpxtpx:TrackPointExtension><gpxtpx:cad>0</gpxtpx:cad></gpxtpx:TrackPointExtension></extensions></trkpt><trkpt lat="15.1738983672" lon="73.9315935597"><ele>-1.30</ele><time>2025-11-17T01:28:42Z</time><extensions><gpxtpx:TrackPointExtension><gpxtpx:cad>0</gpxtpx:cad></gpxtpx:TrackPointExtension></extensions></trkpt><trkpt lat="15.1739605609" lon="73.9314307831"><ele>-1.30</ele><time>2025-11-17T01:28:47Z</time><extensions><gpxtpx:TrackPointExtension><gpxtpx:cad>0</gpxtpx:cad></gpxtpx:TrackPointExtension></extensions></trkpt><trkpt lat="15.1740217488" lon="73.9312714431"><ele>-1.79</ele><time>2025-11-17T01:28:52Z</time><extensions><gpxtpx:TrackPointExtension><gpxtpx:cad>0</gpxtpx:cad></gpxtpx:TrackPointExtension></extensions></trkpt><trkpt lat="15.1740806736" lon="73.9311128575"><ele>-1.79</ele><time>2025-11-17T01:28:57Z</time><extensions><gpxtpx:TrackPointExtension><gpxtpx:cad>0</gpxtpx:cad></gpxtpx:TrackPointExtension></extensions></trkpt><trkpt lat="15.1741468906" lon="73.9309519250"><ele>-1.79</ele><time>2025-11-17T01:29:02Z</time><extensions><gpxtpx:TrackPointExtension><gpxtpx:cad>0</gpxtpx:cad></gpxtpx:TrackPointExtension></extensions></trkpt><trkpt lat="15.1742146164" lon="73.9307916630"><ele>-1.79</ele><time>2025-11-17T01:29:07Z</time><extensions><gpxtpx:TrackPointExtension><gpxtpx:cad>0</gpxtpx:cad></gpxtpx:TrackPointExtension></extensions></trkpt><trkpt lat="15.1742852759" lon="73.9306308981"><ele>-1.79</ele><time>2025-11-17T01:29:12Z</time><extensions><gpxtpx:TrackPointExtension><gpxtpx:cad>0</gpxtpx:cad></gpxtpx:TrackPointExtension></extensions></trkpt><trkpt lat="15.1743621379" lon="73.9304782636"><ele>-1.30</ele><time>2025-11-17T01:29:17Z</time><extensions><gpxtpx:TrackPointExtension><gpxtpx:cad>0</gpxtpx:cad></gpxtpx:TrackPointExtension></extensions></trkpt><trkpt lat="15.1744338870" lon="73.9303312451"><ele>-1.30</ele><time>2025-11-17T01:29:22Z</time><extensions><gpxtpx:TrackPointExtension><gpxtpx:cad>0</gpxtpx:cad></gpxtpx:TrackPointExtension></extensions></trkpt><trkpt lat="15.1745095756" lon="73.9301786106"><ele>-1.30</ele><time>2025-11-17T01:29:27Z</time><extensions><gpxtpx:TrackPointExtension><gpxtpx:cad>0</gpxtpx:cad></gpxtpx:TrackPointExtension></extensions></trkpt><trkpt lat="15.1745814923" lon="73.9300248865"><ele>-0.82</ele><time>2025-11-17T01:29:32Z</time><extensions><gpxtpx:TrackPointExtension><gpxtpx:cad>0</gpxtpx:cad></gpxtpx:TrackPointExtension></extensions></trkpt><trkpt lat="15.1746619586" lon="73.9298730902"><ele>-1.30</ele><time>2025-11-17T01:29:37Z</time><extensions><gpxtpx:TrackPointExtension><gpxtpx:cad>0</gpxtpx:cad></gpxtpx:TrackPointExtension></extensions></trkpt><trkpt lat="15.1747431792" lon="73.9297171868"><ele>-1.30</ele><time>2025-11-17T01:29:42Z</time><extensions><gpxtpx:TrackPointExtension><gpxtpx:cad>0</gpxtpx:cad></gpxtpx:TrackPointExtension></extensions></trkpt><trkpt lat="15.1748284232" lon="73.9295638818"><ele>-1.30</ele><time>2025-11-17T01:29:47Z</time><extensions><gpxtpx:TrackPointExtension><gpxtpx:cad>0</gpxtpx:cad></gpxtpx:TrackPointExtension></extensions></trkpt><trkpt lat="15.1749188639" lon="73.9294213895"><ele>-1.30</ele><time>2025-11-17T01:29:52Z</time><extensions><gpxtpx:TrackPointExtension><gpxtpx:cad>0</gpxtpx:cad></gpxtpx:TrackPointExtension></extensions></trkpt><trkpt lat="15.1750108972" lon="73.9292730298"><ele>-0.82</ele><time>2025-11-17T01:29:57Z</time><extensions><gpxtpx:TrackPointExtension><gpxtpx:cad>0</gpxtpx:cad></gpxtpx:TrackPointExtension></extensions></trkpt><trkpt lat="15.1751071215" lon="73.9291267656"><ele>-0.34</ele><time>2025-11-17T01:30:02Z</time><extensions><gpxtpx:TrackPointExtension><gpxtpx:cad>0</gpxtpx:cad></gpxtpx:TrackPointExtension></extensions></trkpt><trkpt lat="15.1752042677" lon="73.9289858658"><ele>-0.34</ele><time>2025-11-17T01:30:07Z</time><extensions><gpxtpx:TrackPointExtension><gpxtpx:cad>0</gpxtpx:cad></gpxtpx:TrackPointExtension></extensions></trkpt><trkpt lat="15.1752987318" lon="73.9288419485"><ele>-0.34</ele><time>2025-11-17T01:30:12Z</time><extensions><gpxtpx:TrackPointExtension><gpxtpx:cad>0</gpxtpx:cad></gpxtpx:TrackPointExtension></extensions></trkpt><trkpt lat="15.1754022483" lon="73.9287095983"><ele>0.14</ele><time>2025-11-17T01:30:17Z</time><extensions><gpxtpx:TrackPointExtension><gpxtpx:cad>0</gpxtpx:cad></gpxtpx:TrackPointExtension></extensions></trkpt><trkpt lat="15.1755077764" lon="73.9285740629"><ele>0.14</ele><time>2025-11-17T01:30:22Z</time><extensions><gpxtpx:TrackPointExtension><gpxtpx:cad>0</gpxtpx:cad></gpxtpx:TrackPointExtension></extensions></trkpt><trkpt lat="15.1756086107" lon="73.9284289721"><ele>0.14</ele><time>2025-11-17T01:30:27Z</time><extensions><gpxtpx:TrackPointExtension><gpxtpx:cad>0</gpxtpx:cad></gpxtpx:TrackPointExtension></extensions></trkpt><trkpt lat="15.1757134683" lon="73.9282961190"><ele>0.14</ele><time>2025-11-17T01:30:32Z</time><extensions><gpxtpx:TrackPointExtension><gpxtpx:cad>0</gpxtpx:cad></gpxtpx:TrackPointExtension></extensions></trkpt><trkpt lat="15.1758159790" lon="73.9281488489"><ele>0.14</ele><time>2025-11-17T01:30:37Z</time><extensions><gpxtpx:TrackPointExtension><gpxtpx:cad>0</gpxtpx:cad></gpxtpx:TrackPointExtension></extensions></trkpt><trkpt lat="15.1759173162" lon="73.9280105475"><ele>0.14</ele><time>2025-11-17T01:30:42Z</time><extensions><gpxtpx:TrackPointExtension><gpxtpx:cad>0</gpxtpx:cad></gpxtpx:TrackPointExtension></extensions></trkpt><trkpt lat="15.1760182343" lon="73.9278763533"><ele>0.14</ele><time>2025-11-17T01:30:47Z</time><extensions><gpxtpx:TrackPointExtension><gpxtpx:cad>0</gpxtpx:cad></gpxtpx:TrackPointExtension></extensions></trkpt><trkpt lat="15.1761086751" lon="73.9277250599"><ele>0.14</ele><time>2025-11-17T01:30:52Z</time><extensions><gpxtpx:TrackPointExtension><gpxtpx:cad>0</gpxtpx:cad></gpxtpx:TrackPointExtension></extensions></trkpt><trkpt lat="15.1762080844" lon="73.9275839925"><ele>0.14</ele><time>2025-11-17T01:30:57Z</time><extensions><gpxtpx:TrackPointExtension><gpxtpx:cad>0</gpxtpx:cad></gpxtpx:TrackPointExtension></extensions></trkpt><trkpt lat="15.1763009559" lon="73.9274392370"><ele>0.14</ele><time>2025-11-17T01:31:02Z</time><extensions><gpxtpx:TrackPointExtension><gpxtpx:cad>0</gpxtpx:cad></gpxtpx:TrackPointExtension></extensions></trkpt><trkpt lat="15.1764004491" lon="73.9272941463"><ele>0.14</ele><time>2025-11-17T01:31:07Z</time><extensions><gpxtpx:TrackPointExtension><gpxtpx:cad>0</gpxtpx:cad></gpxtpx:TrackPointExtension></extensions></trkpt><trkpt lat="15.1764975954" lon="73.9271515701"><ele>0.14</ele><time>2025-11-17T01:31:12Z</time><extensions><gpxtpx:TrackPointExtension><gpxtpx:cad>0</gpxtpx:cad></gpxtpx:TrackPointExtension></extensions></trkpt><trkpt lat="15.1765894610" lon="73.9270010311"><ele>-0.82</ele><time>2025-11-17T01:31:17Z</time><extensions><gpxtpx:TrackPointExtension><gpxtpx:cad>0</gpxtpx:cad></gpxtpx:TrackPointExtension></extensions></trkpt><trkpt lat="15.1766859367" lon="73.9268608857"><ele>-0.82</ele><time>2025-11-17T01:31:22Z</time><extensions><gpxtpx:TrackPointExtension><gpxtpx:cad>0</gpxtpx:cad></gpxtpx:TrackPointExtension></extensions></trkpt><trkpt lat="15.1767796464" lon="73.9267078321"><ele>-0.34</ele><time>2025-11-17T01:31:27Z</time><extensions><gpxtpx:TrackPointExtension><gpxtpx:cad>0</gpxtpx:cad></gpxtpx:TrackPointExtension></extensions></trkpt><trkpt lat="15.1768734399" lon="73.9265579637"><ele>-0.34</ele><time>2025-11-17T01:31:32Z</time><extensions><gpxtpx:TrackPointExtension><gpxtpx:cad>0</gpxtpx:cad></gpxtpx:TrackPointExtension></extensions></trkpt><trkpt lat="15.1769653056" lon="73.9264190756"><ele>-0.34</ele><time>2025-11-17T01:31:37Z</time><extensions><gpxtpx:TrackPointExtension><gpxtpx:cad>0</gpxtpx:cad></gpxtpx:TrackPointExtension></extensions></trkpt><trkpt lat="15.1770516392" lon="73.9262608252"><ele>-0.34</ele><time>2025-11-17T01:31:42Z</time><extensions><gpxtpx:TrackPointExtension><gpxtpx:cad>0</gpxtpx:cad></gpxtpx:TrackPointExtension></extensions></trkpt><trkpt lat="15.1771512162" lon="73.9261174947"><ele>-0.34</ele><time>2025-11-17T01:31:47Z</time><extensions><gpxtpx:TrackPointExtension><gpxtpx:cad>0</gpxtpx:cad></gpxtpx:TrackPointExtension></extensions></trkpt><trkpt lat="15.1772444230" lon="73.9259631000"><ele>-0.82</ele><time>2025-11-17T01:31:52Z</time><extensions><gpxtpx:TrackPointExtension><gpxtpx:cad>0</gpxtpx:cad></gpxtpx:TrackPointExtension></extensions></trkpt><trkpt lat="15.1773340255" lon="73.9258113876"><ele>-0.82</ele><time>2025-11-17T01:31:57Z</time><extensions><gpxtpx:TrackPointExtension><gpxtpx:cad>0</gpxtpx:cad></gpxtpx:TrackPointExtension></extensions></trkpt><trkpt lat="15.1774286572" lon="73.9256714936"><ele>-0.82</ele><time>2025-11-17T01:32:02Z</time><extensions><gpxtpx:TrackPointExtension><gpxtpx:cad>0</gpxtpx:cad></gpxtpx:TrackPointExtension></extensions></trkpt><trkpt lat="15.1775261387" lon="73.9255223796"><ele>-0.34</ele><time>2025-11-17T01:32:07Z</time><extensions><gpxtpx:TrackPointExtension><gpxtpx:cad>0</gpxtpx:cad></gpxtpx:TrackPointExtension></extensions></trkpt><trkpt lat="15.1776227821" lon="73.9253766183"><ele>0.14</ele><time>2025-11-17T01:32:12Z</time><extensions><gpxtpx:TrackPointExtension><gpxtpx:cad>0</gpxtpx:cad></gpxtpx:TrackPointExtension></extensions></trkpt><trkpt lat="15.1777163241" lon="73.9252307732"><ele>0.14</ele><time>2025-11-17T01:32:17Z</time><extensions><gpxtpx:TrackPointExtension><gpxtpx:cad>0</gpxtpx:cad></gpxtpx:TrackPointExtension></extensions></trkpt><trkpt lat="15.1778131351" lon="73.9250849281"><ele>0.14</ele><time>2025-11-17T01:32:22Z</time><extensions><gpxtpx:TrackPointExtension><gpxtpx:cad>0</gpxtpx:cad></gpxtpx:TrackPointExtension></extensions></trkpt><trkpt lat="15.1779158972" lon="73.9249405079"><ele>0.62</ele><time>2025-11-17T01:32:27Z</time><extensions><gpxtpx:TrackPointExtension><gpxtpx:cad>0</gpxtpx:cad></gpxtpx:TrackPointExtension></extensions></trkpt><trkpt lat="15.1780084334" lon="73.9247983508"><ele>1.10</ele><time>2025-11-17T01:32:32Z</time><extensions><gpxtpx:TrackPointExtension><gpxtpx:cad>0</gpxtpx:cad></gpxtpx:TrackPointExtension></extensions></trkpt><trkpt lat="15.1781080943" lon="73.9246584568"><ele>1.10</ele><time>2025-11-17T01:32:37Z</time><extensions><gpxtpx:TrackPointExtension><gpxtpx:cad>0</gpxtpx:cad></gpxtpx:TrackPointExtension></extensions></trkpt><trkpt lat="15.1781966910" lon="73.9245057385"><ele>1.10</ele><time>2025-11-17T01:32:42Z</time><extensions><gpxtpx:TrackPointExtension><gpxtpx:cad>0</gpxtpx:cad></gpxtpx:TrackPointExtension></extensions></trkpt><trkpt lat="15.1782890595" lon="73.9243601449"><ele>1.10</ele><time>2025-11-17T01:32:47Z</time><extensions><gpxtpx:TrackPointExtension><gpxtpx:cad>0</gpxtpx:cad></gpxtpx:TrackPointExtension></extensions></trkpt><trkpt lat="15.1783862058" lon="73.9242215920"><ele>1.10</ele><time>2025-11-17T01:32:52Z</time><extensions><gpxtpx:TrackPointExtension><gpxtpx:cad>0</gpxtpx:cad></gpxtpx:TrackPointExtension></extensions></trkpt><trkpt lat="15.1784753893" lon="73.9240682870"><ele>0.62</ele><time>2025-11-17T01:32:57Z</time><extensions><gpxtpx:TrackPointExtension><gpxtpx:cad>0</gpxtpx:cad></gpxtpx:TrackPointExtension></extensions></trkpt><trkpt lat="15.1785731222" lon="73.9239296503"><ele>0.14</ele><time>2025-11-17T01:33:02Z</time><extensions><gpxtpx:TrackPointExtension><gpxtpx:cad>0</gpxtpx:cad></gpxtpx:TrackPointExtension></extensions></trkpt><trkpt lat="15.1786588691" lon="73.9237877447"><ele>0.62</ele><time>2025-11-17T01:33:07Z</time><extensions><gpxtpx:TrackPointExtension><gpxtpx:cad>0</gpxtpx:cad></gpxtpx:TrackPointExtension></extensions></trkpt><trkpt lat="15.1787478849" lon="73.9236450847"><ele>0.62</ele><time>2025-11-17T01:33:12Z</time><extensions><gpxtpx:TrackPointExtension><gpxtpx:cad>0</gpxtpx:cad></gpxtpx:TrackPointExtension></extensions></trkpt><trkpt lat="15.1788379904" lon="73.9234995749"><ele>1.10</ele><time>2025-11-17T01:33:17Z</time><extensions><gpxtpx:TrackPointExtension><gpxtpx:cad>0</gpxtpx:cad></gpxtpx:TrackPointExtension></extensions></trkpt><trkpt lat="15.1789286826" lon="73.9233602677"><ele>1.10</ele><time>2025-11-17T01:33:22Z</time><extensions><gpxtpx:TrackPointExtension><gpxtpx:cad>0</gpxtpx:cad></gpxtpx:TrackPointExtension></extensions></trkpt><trkpt lat="15.1790218893" lon="73.9232098125"><ele>0.14</ele><time>2025-11-17T01:33:27Z</time><extensions><gpxtpx:TrackPointExtension><gpxtpx:cad>0</gpxtpx:cad></gpxtpx:TrackPointExtension></extensions></trkpt><trkpt lat="15.1791130006" lon="73.9230643027"><ele>0.14</ele><time>2025-11-17T01:33:32Z</time><extensions><gpxtpx:TrackPointExtension><gpxtpx:cad>0</gpxtpx:cad></gpxtpx:TrackPointExtension></extensions></trkpt><trkpt lat="15.1792081352" lon="73.9229273424"><ele>0.14</ele><time>2025-11-17T01:33:37Z</time><extensions><gpxtpx:TrackPointExtension><gpxtpx:cad>0</gpxtpx:cad></gpxtpx:TrackPointExtension></extensions></trkpt><trkpt lat="15.1792902779" lon="73.9227669965"><ele>-0.34</ele><time>2025-11-17T01:33:42Z</time><extensions><gpxtpx:TrackPointExtension><gpxtpx:cad>0</gpxtpx:cad></gpxtpx:TrackPointExtension></extensions></trkpt><trkpt lat="15.1793876756" lon="73.9226298686"><ele>0.14</ele><time>2025-11-17T01:33:47Z</time><extensions><gpxtpx:TrackPointExtension><gpxtpx:cad>0</gpxtpx:cad></gpxtpx:TrackPointExtension></extensions></trkpt><trkpt lat="15.1794723328" lon="73.9224835206"><ele>0.14</ele><time>2025-11-17T01:33:52Z</time><extensions><gpxtpx:TrackPointExtension><gpxtpx:cad>0</gpxtpx:cad></gpxtpx:TrackPointExtension></extensions></trkpt><trkpt lat="15.1795524638" lon="73.9223291259"><ele>0.14</ele><time>2025-11-17T01:33:57Z</time><extensions><gpxtpx:TrackPointExtension><gpxtpx:cad>0</gpxtpx:cad></gpxtpx:TrackPointExtension></extensions></trkpt><trkpt lat="15.1796398871" lon="73.9221859630"><ele>0.62</ele><time>2025-11-17T01:34:02Z</time><extensions><gpxtpx:TrackPointExtension><gpxtpx:cad>0</gpxtpx:cad></gpxtpx:TrackPointExtension></extensions></trkpt><trkpt lat="15.1797126420" lon="73.9220256172"><ele>0.14</ele><time>2025-11-17T01:34:07Z</time><extensions><gpxtpx:TrackPointExtension><gpxtpx:cad>0</gpxtpx:cad></gpxtpx:TrackPointExtension></extensions></trkpt><trkpt lat="15.1797998976" lon="73.9218780119"><ele>0.14</ele><time>2025-11-17T01:34:12Z</time><extensions><gpxtpx:TrackPointExtension><gpxtpx:cad>0</gpxtpx:cad></gpxtpx:TrackPointExtension></extensions></trkpt><trkpt lat="15.1798857283" lon="73.9217293169"><ele>0.14</ele><time>2025-11-17T01:34:17Z</time><extensions><gpxtpx:TrackPointExtension><gpxtpx:cad>0</gpxtpx:cad></gpxtpx:TrackPointExtension></extensions></trkpt><trkpt lat="15.1799605787" lon="73.9215720724"><ele>0.14</ele><time>2025-11-17T01:34:22Z</time><extensions><gpxtpx:TrackPointExtension><gpxtpx:cad>0</gpxtpx:cad></gpxtpx:TrackPointExtension></extensions></trkpt><trkpt lat="15.1800521929" lon="73.9214300830"><ele>0.14</ele><time>2025-11-17T01:34:27Z</time><extensions><gpxtpx:TrackPointExtension><gpxtpx:cad>0</gpxtpx:cad></gpxtpx:TrackPointExtension></extensions></trkpt><trkpt lat="15.1801341679" lon="73.9212764427"><ele>-0.34</ele><time>2025-11-17T01:34:32Z</time><extensions><gpxtpx:TrackPointExtension><gpxtpx:cad>0</gpxtpx:cad></gpxtpx:TrackPointExtension></extensions></trkpt><trkpt lat="15.1802198309" lon="73.9211254008"><ele>0.14</ele><time>2025-11-17T01:34:37Z</time><extensions><gpxtpx:TrackPointExtension><gpxtpx:cad>0</gpxtpx:cad></gpxtpx:TrackPointExtension></extensions></trkpt><trkpt lat="15.1803112775" lon="73.9209871832"><ele>0.14</ele><time>2025-11-17T01:34:42Z</time><extensions><gpxtpx:TrackPointExtension><gpxtpx:cad>0</gpxtpx:cad></gpxtpx:TrackPointExtension></extensions></trkpt><trkpt lat="15.1803949289" lon="73.9208363090"><ele>0.14</ele><time>2025-11-17T01:34:47Z</time><extensions><gpxtpx:TrackPointExtension><gpxtpx:cad>0</gpxtpx:cad></gpxtpx:TrackPointExtension></extensions></trkpt><trkpt lat="15.1804745570" lon="73.9206850156"><ele>0.62</ele><time>2025-11-17T01:34:52Z</time><extensions><gpxtpx:TrackPointExtension><gpxtpx:cad>0</gpxtpx:cad></gpxtpx:TrackPointExtension></extensions></trkpt><trkpt lat="15.1805586275" lon="73.9205322135"><ele>0.14</ele><time>2025-11-17T01:34:57Z</time><extensions><gpxtpx:TrackPointExtension><gpxtpx:cad>0</gpxtpx:cad></gpxtpx:TrackPointExtension></extensions></trkpt><trkpt lat="15.1806416921" lon="73.9203791600"><ele>0.14</ele><time>2025-11-17T01:35:02Z</time><extensions><gpxtpx:TrackPointExtension><gpxtpx:cad>0</gpxtpx:cad></gpxtpx:TrackPointExtension></extensions></trkpt><trkpt lat="15.1807381678" lon="73.9202434570"><ele>0.14</ele><time>2025-11-17T01:35:07Z</time><extensions><gpxtpx:TrackPointExtension><gpxtpx:cad>0</gpxtpx:cad></gpxtpx:TrackPointExtension></extensions></trkpt><trkpt lat="15.1808271836" lon="73.9201005455"><ele>-0.34</ele><time>2025-11-17T01:35:12Z</time><extensions><gpxtpx:TrackPointExtension><gpxtpx:cad>0</gpxtpx:cad></gpxtpx:TrackPointExtension></extensions></trkpt><trkpt lat="15.1809205581" lon="73.9199612383"><ele>-0.34</ele><time>2025-11-17T01:35:17Z</time><extensions><gpxtpx:TrackPointExtension><gpxtpx:cad>0</gpxtpx:cad></gpxtpx:TrackPointExtension></extensions></trkpt><trkpt lat="15.1810491364" lon="73.9198495075"><ele>0.14</ele><time>2025-11-17T01:35:22Z</time><extensions><gpxtpx:TrackPointExtension><gpxtpx:cad>0</gpxtpx:cad></gpxtpx:TrackPointExtension></extensions></trkpt><trkpt lat="15.1811471209" lon="73.9197121281"><ele>0.62</ele><time>2025-11-17T01:35:27Z</time><extensions><gpxtpx:TrackPointExtension><gpxtpx:cad>0</gpxtpx:cad></gpxtpx:TrackPointExtension></extensions></trkpt><trkpt lat="15.1812006813" lon="73.9195563085"><ele>0.62</ele><time>2025-11-17T01:35:32Z</time><extensions><gpxtpx:TrackPointExtension><gpxtpx:cad>0</gpxtpx:cad></gpxtpx:TrackPointExtension></extensions></trkpt><trkpt lat="15.1812500507" lon="73.9193972200"><ele>0.14</ele><time>2025-11-17T01:35:37Z</time><extensions><gpxtpx:TrackPointExtension><gpxtpx:cad>0</gpxtpx:cad></gpxtpx:TrackPointExtension></extensions></trkpt><trkpt lat="15.1813037787" lon="73.9192289952"><ele>0.14</ele><time>2025-11-17T01:35:42Z</time><extensions><gpxtpx:TrackPointExtension><gpxtpx:cad>0</gpxtpx:cad></gpxtpx:TrackPointExtension></extensions></trkpt><trkpt lat="15.1813808084" lon="73.9190795459"><ele>0.62</ele><time>2025-11-17T01:35:47Z</time><extensions><gpxtpx:TrackPointExtension><gpxtpx:cad>0</gpxtpx:cad></gpxtpx:TrackPointExtension></extensions></trkpt><trkpt lat="15.1814536471" lon="73.9189268276"><ele>0.14</ele><time>2025-11-17T01:35:52Z</time><extensions><gpxtpx:TrackPointExtension><gpxtpx:cad>0</gpxtpx:cad></gpxtpx:TrackPointExtension></extensions></trkpt><trkpt lat="15.1815258153" lon="73.9187700860"><ele>0.62</ele><time>2025-11-17T01:35:57Z</time><extensions><gpxtpx:TrackPointExtension><gpxtpx:cad>0</gpxtpx:cad></gpxtpx:TrackPointExtension></extensions></trkpt><trkpt lat="15.1816149987" lon="73.9186291862"><ele>0.14</ele><time>2025-11-17T01:36:02Z</time><extensions><gpxtpx:TrackPointExtension><gpxtpx:cad>0</gpxtpx:cad></gpxtpx:TrackPointExtension></extensions></trkpt><trkpt lat="15.1817031763" lon="73.9184780605"><ele>0.14</ele><time>2025-11-17T01:36:07Z</time><extensions><gpxtpx:TrackPointExtension><gpxtpx:cad>0</gpxtpx:cad></gpxtpx:TrackPointExtension></extensions></trkpt><trkpt lat="15.1818180922" lon="73.9183530863"><ele>0.62</ele><time>2025-11-17T01:36:12Z</time><extensions><gpxtpx:TrackPointExtension><gpxtpx:cad>0</gpxtpx:cad></gpxtpx:TrackPointExtension></extensions></trkpt><trkpt lat="15.1819542143" lon="73.9182696026"><ele>1.10</ele><time>2025-11-17T01:36:17Z</time><extensions><gpxtpx:TrackPointExtension><gpxtpx:cad>0</gpxtpx:cad></gpxtpx:TrackPointExtension></extensions></trkpt><trkpt lat="15.1820962038" lon="73.9181800839"><ele>0.62</ele><time>2025-11-17T01:36:22Z</time><extensions><gpxtpx:TrackPointExtension><gpxtpx:cad>0</gpxtpx:cad></gpxtpx:TrackPointExtension></extensions></trkpt><trkpt lat="15.1822513528" lon="73.9181123581"><ele>0.62</ele><time>2025-11-17T01:36:27Z</time><extensions><gpxtpx:TrackPointExtension><gpxtpx:cad>0</gpxtpx:cad></gpxtpx:TrackPointExtension></extensions></trkpt><trkpt lat="15.1824159734" lon="73.9180634078"><ele>0.62</ele><time>2025-11-17T01:36:32Z</time><extensions><gpxtpx:TrackPointExtension><gpxtpx:cad>0</gpxtpx:cad></gpxtpx:TrackPointExtension></extensions></trkpt><trkpt lat="15.1825695299" lon="73.9180028066"><ele>0.62</ele><time>2025-11-17T01:36:37Z</time><extensions><gpxtpx:TrackPointExtension><gpxtpx:cad>0</gpxtpx:cad></gpxtpx:TrackPointExtension></extensions></trkpt><trkpt lat="15.1827224996" lon="73.9179324824"><ele>0.62</ele><time>2025-11-17T01:36:42Z</time><extensions><gpxtpx:TrackPointExtension><gpxtpx:cad>0</gpxtpx:cad></gpxtpx:TrackPointExtension></extensions></trkpt><trkpt lat="15.1828865334" lon="73.9178680256"><ele>0.62</ele><time>2025-11-17T01:36:47Z</time><extensions><gpxtpx:TrackPointExtension><gpxtpx:cad>0</gpxtpx:cad></gpxtpx:TrackPointExtension></extensions></trkpt><trkpt lat="15.1830312889" lon="73.9177845418"><ele>0.62</ele><time>2025-11-17T01:36:52Z</time><extensions><gpxtpx:TrackPointExtension><gpxtpx:cad>0</gpxtpx:cad></gpxtpx:TrackPointExtension></extensions></trkpt><trkpt lat="15.1831742842" lon="73.9177026507"><ele>0.62</ele><time>2025-11-17T01:36:57Z</time><extensions><gpxtpx:TrackPointExtension><gpxtpx:cad>0</gpxtpx:cad></gpxtpx:TrackPointExtension></extensions></trkpt><trkpt lat="15.1833287627" lon="73.9176306501"><ele>1.10</ele><time>2025-11-17T01:37:02Z</time><extensions><gpxtpx:TrackPointExtension><gpxtpx:cad>0</gpxtpx:cad></gpxtpx:TrackPointExtension></extensions></trkpt><trkpt lat="15.1834828220" lon="73.9175603259"><ele>1.58</ele><time>2025-11-17T01:37:07Z</time><extensions><gpxtpx:TrackPointExtension><gpxtpx:cad>0</gpxtpx:cad></gpxtpx:TrackPointExtension></extensions></trkpt><trkpt lat="15.1836341154" lon="73.9174756687"><ele>1.58</ele><time>2025-11-17T01:37:12Z</time><extensions><gpxtpx:TrackPointExtension><gpxtpx:cad>0</gpxtpx:cad></gpxtpx:TrackPointExtension></extensions></trkpt><trkpt lat="15.1837822236" lon="73.9173838031"><ele>1.10</ele><time>2025-11-17T01:37:17Z</time><extensions><gpxtpx:TrackPointExtension><gpxtpx:cad>0</gpxtpx:cad></gpxtpx:TrackPointExtension></extensions></trkpt><trkpt lat="15.1839272305" lon="73.9172887523"><ele>1.58</ele><time>2025-11-17T01:37:22Z</time><extensions><gpxtpx:TrackPointExtension><gpxtpx:cad>0</gpxtpx:cad></gpxtpx:TrackPointExtension></extensions></trkpt><trkpt lat="15.1840657834" lon="73.9172023349"><ele>1.10</ele><time>2025-11-17T01:37:27Z</time><extensions><gpxtpx:TrackPointExtension><gpxtpx:cad>0</gpxtpx:cad></gpxtpx:TrackPointExtension></extensions></trkpt><trkpt lat="15.1842122991" lon="73.9171271492"><ele>0.14</ele><time>2025-11-17T01:37:32Z</time><extensions><gpxtpx:TrackPointExtension><gpxtpx:cad>0</gpxtpx:cad></gpxtpx:TrackPointExtension></extensions></trkpt><trkpt lat="15.1843744889" lon="73.9170779474"><ele>1.10</ele><time>2025-11-17T01:37:37Z</time><extensions><gpxtpx:TrackPointExtension><gpxtpx:cad>0</gpxtpx:cad></gpxtpx:TrackPointExtension></extensions></trkpt><trkpt lat="15.1845355053" lon="73.9170305058"><ele>1.10</ele><time>2025-11-17T01:37:42Z</time><extensions><gpxtpx:TrackPointExtension><gpxtpx:cad>0</gpxtpx:cad></gpxtpx:TrackPointExtension></extensions></trkpt><trkpt lat="15.1846940909" lon="73.9169737604"><ele>0.62</ele><time>2025-11-17T01:37:47Z</time><extensions><gpxtpx:TrackPointExtension><gpxtpx:cad>0</gpxtpx:cad></gpxtpx:TrackPointExtension></extensions></trkpt><trkpt lat="15.1848596334" lon="73.9169310965"><ele>0.62</ele><time>2025-11-17T01:37:52Z</time><extensions><gpxtpx:TrackPointExtension><gpxtpx:cad>0</gpxtpx:cad></gpxtpx:TrackPointExtension></extensions></trkpt><trkpt lat="15.1850242540" lon="73.9168954734"><ele>0.14</ele><time>2025-11-17T01:37:57Z</time><extensions><gpxtpx:TrackPointExtension><gpxtpx:cad>0</gpxtpx:cad></gpxtpx:TrackPointExtension></extensions></trkpt><trkpt lat="15.1851877011" lon="73.9168604370"><ele>-0.34</ele><time>2025-11-17T01:38:02Z</time><extensions><gpxtpx:TrackPointExtension><gpxtpx:cad>0</gpxtpx:cad></gpxtpx:TrackPointExtension></extensions></trkpt><trkpt lat="15.1853524055" lon="73.9168309327"><ele>-0.34</ele><time>2025-11-17T01:38:07Z</time><extensions><gpxtpx:TrackPointExtension><gpxtpx:cad>0</gpxtpx:cad></gpxtpx:TrackPointExtension></extensions></trkpt><trkpt lat="15.1855224743" lon="73.9168077987"><ele>-0.34</ele><time>2025-11-17T01:38:12Z</time><extensions><gpxtpx:TrackPointExtension><gpxtpx:cad>0</gpxtpx:cad></gpxtpx:TrackPointExtension></extensions></trkpt><trkpt lat="15.1856911182" lon="73.9167788811"><ele>-0.34</ele><time>2025-11-17T01:38:17Z</time><extensions><gpxtpx:TrackPointExtension><gpxtpx:cad>0</gpxtpx:cad></gpxtpx:TrackPointExtension></extensions></trkpt><trkpt lat="15.1858528052" lon="73.9167428389"><ele>-0.34</ele><time>2025-11-17T01:38:22Z</time><extensions><gpxtpx:TrackPointExtension><gpxtpx:cad>0</gpxtpx:cad></gpxtpx:TrackPointExtension></extensions></trkpt><trkpt lat="15.1860247180" lon="73.9167146757"><ele>-0.34</ele><time>2025-11-17T01:38:27Z</time><extensions><gpxtpx:TrackPointExtension><gpxtpx:cad>0</gpxtpx:cad></gpxtpx:TrackPointExtension></extensions></trkpt><trkpt lat="15.1861965470" lon="73.9166972414"><ele>-0.34</ele><time>2025-11-17T01:38:32Z</time><extensions><gpxtpx:TrackPointExtension><gpxtpx:cad>0</gpxtpx:cad></gpxtpx:TrackPointExtension></extensions></trkpt><trkpt lat="15.1863636822" lon="73.9166719280"><ele>-0.34</ele><time>2025-11-17T01:38:37Z</time><extensions><gpxtpx:TrackPointExtension><gpxtpx:cad>0</gpxtpx:cad></gpxtpx:TrackPointExtension></extensions></trkpt><trkpt lat="15.1865329128" lon="73.9166597743"><ele>0.14</ele><time>2025-11-17T01:38:42Z</time><extensions><gpxtpx:TrackPointExtension><gpxtpx:cad>0</gpxtpx:cad></gpxtpx:TrackPointExtension></extensions></trkpt><trkpt lat="15.1867079269" lon="73.9166636299"><ele>0.14</ele><time>2025-11-17T01:38:47Z</time><extensions><gpxtpx:TrackPointExtension><gpxtpx:cad>0</gpxtpx:cad></gpxtpx:TrackPointExtension></extensions></trkpt><trkpt lat="15.1868722122" lon="73.9166561700"><ele>0.14</ele><time>2025-11-17T01:38:52Z</time><extensions><gpxtpx:TrackPointExtension><gpxtpx:cad>0</gpxtpx:cad></gpxtpx:TrackPointExtension></extensions></trkpt><trkpt lat="15.1870354079" lon="73.9166312758"><ele>0.14</ele><time>2025-11-17T01:38:57Z</time><extensions><gpxtpx:TrackPointExtension><gpxtpx:cad>0</gpxtpx:cad></gpxtpx:TrackPointExtension></extensions></trkpt><trkpt lat="15.1872032136" lon="73.9165987540"><ele>0.14</ele><time>2025-11-17T01:39:02Z</time><extensions><gpxtpx:TrackPointExtension><gpxtpx:cad>0</gpxtpx:cad></gpxtpx:TrackPointExtension></extensions></trkpt><trkpt lat="15.1873728633" lon="73.9165746141"><ele>0.14</ele><time>2025-11-17T01:39:07Z</time><extensions><gpxtpx:TrackPointExtension><gpxtpx:cad>0</gpxtpx:cad></gpxtpx:TrackPointExtension></extensions></trkpt><trkpt lat="15.1875337958" lon="73.9165505581"><ele>0.14</ele><time>2025-11-17T01:39:12Z</time><extensions><gpxtpx:TrackPointExtension><gpxtpx:cad>0</gpxtpx:cad></gpxtpx:TrackPointExtension></extensions></trkpt><trkpt lat="15.1876937225" lon="73.9165692497"><ele>0.14</ele><time>2025-11-17T01:39:17Z</time><extensions><gpxtpx:TrackPointExtension><gpxtpx:cad>0</gpxtpx:cad></gpxtpx:TrackPointExtension></extensions></trkpt><trkpt lat="15.1878399868" lon="73.9166342095"><ele>-0.34</ele><time>2025-11-17T01:39:22Z</time><extensions><gpxtpx:TrackPointExtension><gpxtpx:cad>0</gpxtpx:cad></gpxtpx:TrackPointExtension></extensions></trkpt><trkpt lat="15.1879994944" lon="73.9167200401"><ele>0.14</ele><time>2025-11-17T01:39:27Z</time><extensions><gpxtpx:TrackPointExtension><gpxtpx:cad>0</gpxtpx:cad></gpxtpx:TrackPointExtension></extensions></trkpt><trkpt lat="15.1881668810" lon="73.9168166835"><ele>0.62</ele><time>2025-11-17T01:39:32Z</time><extensions><gpxtpx:TrackPointExtension><gpxtpx:cad>0</gpxtpx:cad></gpxtpx:TrackPointExtension></extensions></trkpt><trkpt lat="15.1883216947" lon="73.9168917853"><ele>0.62</ele><time>2025-11-17T01:39:37Z</time><extensions><gpxtpx:TrackPointExtension><gpxtpx:cad>0</gpxtpx:cad></gpxtpx:TrackPointExtension></extensions></trkpt><trkpt lat="15.1884597447" lon="73.9169499557"><ele>0.14</ele><time>2025-11-17T01:39:42Z</time><extensions><gpxtpx:TrackPointExtension><gpxtpx:cad>0</gpxtpx:cad></gpxtpx:TrackPointExtension></extensions></trkpt><trkpt lat="15.1886153128" lon="73.9170128200"><ele>0.14</ele><time>2025-11-17T01:39:47Z</time><extensions><gpxtpx:TrackPointExtension><gpxtpx:cad>0</gpxtpx:cad></gpxtpx:TrackPointExtension></extensions></trkpt><trkpt lat="15.1887926739" lon="73.9170843177"><ele>0.62</ele><time>2025-11-17T01:39:52Z</time><extensions><gpxtpx:TrackPointExtension><gpxtpx:cad>0</gpxtpx:cad></gpxtpx:TrackPointExtension></extensions></trkpt><trkpt lat="15.1889669336" lon="73.9171470143"><ele>0.14</ele><time>2025-11-17T01:39:57Z</time><extensions><gpxtpx:TrackPointExtension><gpxtpx:cad>0</gpxtpx:cad></gpxtpx:TrackPointExtension></extensions></trkpt><trkpt lat="15.1891152933" lon="73.9172016643"><ele>0.14</ele><time>2025-11-17T01:40:02Z</time><extensions><gpxtpx:TrackPointExtension><gpxtpx:cad>0</gpxtpx:cad></gpxtpx:TrackPointExtension></extensions></trkpt><trkpt lat="15.1892670896" lon="73.9172437415"><ele>0.14</ele><time>2025-11-17T01:40:07Z</time><extensions><gpxtpx:TrackPointExtension><gpxtpx:cad>0</gpxtpx:cad></gpxtpx:TrackPointExtension></extensions></trkpt><trkpt lat="15.1894279383" lon="73.9172938652"><ele>0.62</ele><time>2025-11-17T01:40:12Z</time><extensions><gpxtpx:TrackPointExtension><gpxtpx:cad>0</gpxtpx:cad></gpxtpx:TrackPointExtension></extensions></trkpt><trkpt lat="15.1896002702" lon="73.9173612557"><ele>1.10</ele><time>2025-11-17T01:40:17Z</time><extensions><gpxtpx:TrackPointExtension><gpxtpx:cad>0</gpxtpx:cad></gpxtpx:TrackPointExtension></extensions></trkpt><trkpt lat="15.1897578500" lon="73.9174199291"><ele>1.10</ele><time>2025-11-17T01:40:22Z</time><extensions><gpxtpx:TrackPointExtension><gpxtpx:cad>0</gpxtpx:cad></gpxtpx:TrackPointExtension></extensions></trkpt><trkpt lat="15.1899106521" lon="73.9174797758"><ele>1.10</ele><time>2025-11-17T01:40:27Z</time><extensions><gpxtpx:TrackPointExtension><gpxtpx:cad>0</gpxtpx:cad></gpxtpx:TrackPointExtension></extensions></trkpt><trkpt lat="15.1900691539" lon="73.9175339229"><ele>1.10</ele><time>2025-11-17T01:40:32Z</time><extensions><gpxtpx:TrackPointExtension><gpxtpx:cad>0</gpxtpx:cad></gpxtpx:TrackPointExtension></extensions></trkpt><trkpt lat="15.1902286615" lon="73.9175840467"><ele>1.10</ele><time>2025-11-17T01:40:37Z</time><extensions><gpxtpx:TrackPointExtension><gpxtpx:cad>0</gpxtpx:cad></gpxtpx:TrackPointExtension></extensions></trkpt><trkpt lat="15.1904013287" lon="73.9176340029"><ele>0.62</ele><time>2025-11-17T01:40:42Z</time><extensions><gpxtpx:TrackPointExtension><gpxtpx:cad>0</gpxtpx:cad></gpxtpx:TrackPointExtension></extensions></trkpt><trkpt lat="15.1905646920" lon="73.9176733978"><ele>0.62</ele><time>2025-11-17T01:40:47Z</time><extensions><gpxtpx:TrackPointExtension><gpxtpx:cad>0</gpxtpx:cad></gpxtpx:TrackPointExtension></extensions></trkpt><trkpt lat="15.1907202601" lon="73.9177117031"><ele>0.62</ele><time>2025-11-17T01:40:52Z</time><extensions><gpxtpx:TrackPointExtension><gpxtpx:cad>0</gpxtpx:cad></gpxtpx:TrackPointExtension></extensions></trkpt><trkpt lat="15.1908868086" lon="73.9177528583"><ele>0.14</ele><time>2025-11-17T01:40:57Z</time><extensions><gpxtpx:TrackPointExtension><gpxtpx:cad>0</gpxtpx:cad></gpxtpx:TrackPointExtension></extensions></trkpt><trkpt lat="15.1910578832" lon="73.9177759923"><ele>0.14</ele><time>2025-11-17T01:41:02Z</time><extensions><gpxtpx:TrackPointExtension><gpxtpx:cad>0</gpxtpx:cad></gpxtpx:TrackPointExtension></extensions></trkpt><trkpt lat="15.1912245154" lon="73.9178064186"><ele>0.62</ele><time>2025-11-17T01:41:07Z</time><extensions><gpxtpx:TrackPointExtension><gpxtpx:cad>0</gpxtpx:cad></gpxtpx:TrackPointExtension></extensions></trkpt><trkpt lat="15.1913899742" lon="73.9178367611"><ele>0.62</ele><time>2025-11-17T01:41:12Z</time><extensions><gpxtpx:TrackPointExtension><gpxtpx:cad>0</gpxtpx:cad></gpxtpx:TrackPointExtension></extensions></trkpt><trkpt lat="15.1915526669" lon="73.9178634156"><ele>0.14</ele><time>2025-11-17T01:41:17Z</time><extensions><gpxtpx:TrackPointExtension><gpxtpx:cad>0</gpxtpx:cad></gpxtpx:TrackPointExtension></extensions></trkpt><trkpt lat="15.1917193830" lon="73.9178861305"><ele>0.14</ele><time>2025-11-17T01:41:22Z</time><extensions><gpxtpx:TrackPointExtension><gpxtpx:cad>0</gpxtpx:cad></gpxtpx:TrackPointExtension></extensions></trkpt><trkpt lat="15.1918862667" lon="73.9179117791"><ele>0.62</ele><time>2025-11-17T01:41:27Z</time><extensions><gpxtpx:TrackPointExtension><gpxtpx:cad>0</gpxtpx:cad></gpxtpx:TrackPointExtension></extensions></trkpt><trkpt lat="15.1920593530" lon="73.9179308899"><ele>1.10</ele><time>2025-11-17T01:41:32Z</time><extensions><gpxtpx:TrackPointExtension><gpxtpx:cad>0</gpxtpx:cad></gpxtpx:TrackPointExtension></extensions></trkpt><trkpt lat="15.1922263205" lon="73.9179342426"><ele>1.10</ele><time>2025-11-17T01:41:37Z</time><extensions><gpxtpx:TrackPointExtension><gpxtpx:cad>0</gpxtpx:cad></gpxtpx:TrackPointExtension></extensions></trkpt><trkpt lat="15.1923927851" lon="73.9179374278"><ele>1.10</ele><time>2025-11-17T01:41:42Z</time><extensions><gpxtpx:TrackPointExtension><gpxtpx:cad>0</gpxtpx:cad></gpxtpx:TrackPointExtension></extensions></trkpt><trkpt lat="15.1925625186" lon="73.9179617353"><ele>1.10</ele><time>2025-11-17T01:41:47Z</time><extensions><gpxtpx:TrackPointExtension><gpxtpx:cad>0</gpxtpx:cad></gpxtpx:TrackPointExtension></extensions></trkpt><trkpt lat="15.1927294023" lon="73.9179961011"><ele>1.10</ele><time>2025-11-17T01:41:52Z</time><extensions><gpxtpx:TrackPointExtension><gpxtpx:cad>0</gpxtpx:cad></gpxtpx:TrackPointExtension></extensions></trkpt><trkpt lat="15.1928987168" lon="73.9180311374"><ele>1.10</ele><time>2025-11-17T01:41:57Z</time><extensions><gpxtpx:TrackPointExtension><gpxtpx:cad>0</gpxtpx:cad></gpxtpx:TrackPointExtension></extensions></trkpt><trkpt lat="15.1930580568" lon="73.9180604741"><ele>0.14</ele><time>2025-11-17T01:42:02Z</time><extensions><gpxtpx:TrackPointExtension><gpxtpx:cad>0</gpxtpx:cad></gpxtpx:TrackPointExtension></extensions></trkpt><trkpt lat="15.1932267006" lon="73.9180841111"><ele>0.14</ele><time>2025-11-17T01:42:07Z</time><extensions><gpxtpx:TrackPointExtension><gpxtpx:cad>0</gpxtpx:cad></gpxtpx:TrackPointExtension></extensions></trkpt><trkpt lat="15.1933979429" lon="73.9181071613"><ele>0.62</ele><time>2025-11-17T01:42:12Z</time><extensions><gpxtpx:TrackPointExtension><gpxtpx:cad>0</gpxtpx:cad></gpxtpx:TrackPointExtension></extensions></trkpt><trkpt lat="15.1935635693" lon="73.9181273617"><ele>0.62</ele><time>2025-11-17T01:42:17Z</time><extensions><gpxtpx:TrackPointExtension><gpxtpx:cad>0</gpxtpx:cad></gpxtpx:TrackPointExtension></extensions></trkpt><trkpt lat="15.1937312074" lon="73.9181566983"><ele>0.62</ele><time>2025-11-17T01:42:22Z</time><extensions><gpxtpx:TrackPointExtension><gpxtpx:cad>0</gpxtpx:cad></gpxtpx:TrackPointExtension></extensions></trkpt><trkpt lat="15.1938934810" lon="73.9181908127"><ele>0.62</ele><time>2025-11-17T01:42:27Z</time><extensions><gpxtpx:TrackPointExtension><gpxtpx:cad>0</gpxtpx:cad></gpxtpx:TrackPointExtension></extensions></trkpt><trkpt lat="15.1940583531" lon="73.9182331413"><ele>0.62</ele><time>2025-11-17T01:42:32Z</time><extensions><gpxtpx:TrackPointExtension><gpxtpx:cad>0</gpxtpx:cad></gpxtpx:TrackPointExtension></extensions></trkpt><trkpt lat="15.1942277513" lon="73.9182830974"><ele>0.62</ele><time>2025-11-17T01:42:37Z</time><extensions><gpxtpx:TrackPointExtension><gpxtpx:cad>0</gpxtpx:cad></gpxtpx:TrackPointExtension></extensions></trkpt><trkpt lat="15.1943957247" lon="73.9183315448"><ele>1.10</ele><time>2025-11-17T01:42:42Z</time><extensions><gpxtpx:TrackPointExtension><gpxtpx:cad>0</gpxtpx:cad></gpxtpx:TrackPointExtension></extensions></trkpt><trkpt lat="15.1945549808" lon="73.9183751307"><ele>0.62</ele><time>2025-11-17T01:42:47Z</time><extensions><gpxtpx:TrackPointExtension><gpxtpx:cad>0</gpxtpx:cad></gpxtpx:TrackPointExtension></extensions></trkpt><trkpt lat="15.1947152428" lon="73.9184077363"><ele>0.14</ele><time>2025-11-17T01:42:52Z</time><extensions><gpxtpx:TrackPointExtension><gpxtpx:cad>0</gpxtpx:cad></gpxtpx:TrackPointExtension></extensions></trkpt><trkpt lat="15.1948872395" lon="73.9184441138"><ele>1.10</ele><time>2025-11-17T01:42:57Z</time><extensions><gpxtpx:TrackPointExtension><gpxtpx:cad>0</gpxtpx:cad></gpxtpx:TrackPointExtension></extensions></trkpt><trkpt lat="15.1950617507" lon="73.9184712712"><ele>1.58</ele><time>2025-11-17T01:43:02Z</time><extensions><gpxtpx:TrackPointExtension><gpxtpx:cad>0</gpxtpx:cad></gpxtpx:TrackPointExtension></extensions></trkpt><trkpt lat="15.1952122897" lon="73.9184778091"><ele>0.62</ele><time>2025-11-17T01:43:07Z</time><extensions><gpxtpx:TrackPointExtension><gpxtpx:cad>0</gpxtpx:cad></gpxtpx:TrackPointExtension></extensions></trkpt><trkpt lat="15.1953894831" lon="73.9184943214"><ele>0.62</ele><time>2025-11-17T01:43:12Z</time><extensions><gpxtpx:TrackPointExtension><gpxtpx:cad>0</gpxtpx:cad></gpxtpx:TrackPointExtension></extensions></trkpt><trkpt lat="15.1955586299" lon="73.9185088221"><ele>1.10</ele><time>2025-11-17T01:43:17Z</time><extensions><gpxtpx:TrackPointExtension><gpxtpx:cad>0</gpxtpx:cad></gpxtpx:TrackPointExtension></extensions></trkpt><trkpt lat="15.1957279444" lon="73.9185224008"><ele>1.58</ele><time>2025-11-17T01:43:22Z</time><extensions><gpxtpx:TrackPointExtension><gpxtpx:cad>0</gpxtpx:cad></gpxtpx:TrackPointExtension></extensions></trkpt><trkpt lat="15.1958984323" lon="73.9185367338"><ele>2.06</ele><time>2025-11-17T01:43:27Z</time><extensions><gpxtpx:TrackPointExtension><gpxtpx:cad>0</gpxtpx:cad></gpxtpx:TrackPointExtension></extensions></trkpt><trkpt lat="15.1960560959" lon="73.9185446966"><ele>1.10</ele><time>2025-11-17T01:43:32Z</time><extensions><gpxtpx:TrackPointExtension><gpxtpx:cad>0</gpxtpx:cad></gpxtpx:TrackPointExtension></extensions></trkpt><trkpt lat="15.1962176990" lon="73.9185628016"><ele>1.10</ele><time>2025-11-17T01:43:37Z</time><extensions><gpxtpx:TrackPointExtension><gpxtpx:cad>0</gpxtpx:cad></gpxtpx:TrackPointExtension></extensions></trkpt><trkpt lat="15.1963972393" lon="73.9186031185"><ele>1.10</ele><time>2025-11-17T01:43:42Z</time><extensions><gpxtpx:TrackPointExtension><gpxtpx:cad>0</gpxtpx:cad></gpxtpx:TrackPointExtension></extensions></trkpt><trkpt lat="15.1965677273" lon="73.9186400827"><ele>1.10</ele><time>2025-11-17T01:43:47Z</time><extensions><gpxtpx:TrackPointExtension><gpxtpx:cad>0</gpxtpx:cad></gpxtpx:TrackPointExtension></extensions></trkpt><trkpt lat="15.1967245527" lon="73.9186664857"><ele>1.10</ele><time>2025-11-17T01:43:52Z</time><extensions><gpxtpx:TrackPointExtension><gpxtpx:cad>0</gpxtpx:cad></gpxtpx:TrackPointExtension></extensions></trkpt><trkpt lat="15.1968789473" lon="73.9187042043"><ele>0.62</ele><time>2025-11-17T01:43:57Z</time><extensions><gpxtpx:TrackPointExtension><gpxtpx:cad>0</gpxtpx:cad></gpxtpx:TrackPointExtension></extensions></trkpt><trkpt lat="15.1970409695" lon="73.9187491313"><ele>1.10</ele><time>2025-11-17T01:44:02Z</time><extensions><gpxtpx:TrackPointExtension><gpxtpx:cad>0</gpxtpx:cad></gpxtpx:TrackPointExtension></extensions></trkpt><trkpt lat="15.1972117927" lon="73.9187996741"><ele>1.10</ele><time>2025-11-17T01:44:07Z</time><extensions><gpxtpx:TrackPointExtension><gpxtpx:cad>0</gpxtpx:cad></gpxtpx:TrackPointExtension></extensions></trkpt><trkpt lat="15.1973744854" lon="73.9188484568"><ele>1.10</ele><time>2025-11-17T01:44:12Z</time><extensions><gpxtpx:TrackPointExtension><gpxtpx:cad>0</gpxtpx:cad></gpxtpx:TrackPointExtension></extensions></trkpt><trkpt lat="15.1975231804" lon="73.9189072978"><ele>1.10</ele><time>2025-11-17T01:44:17Z</time><extensions><gpxtpx:TrackPointExtension><gpxtpx:cad>0</gpxtpx:cad></gpxtpx:TrackPointExtension></extensions></trkpt><trkpt lat="15.1976688579" lon="73.9189683180"><ele>0.62</ele><time>2025-11-17T01:44:22Z</time><extensions><gpxtpx:TrackPointExtension><gpxtpx:cad>0</gpxtpx:cad></gpxtpx:TrackPointExtension></extensions></trkpt><trkpt lat="15.1978316344" lon="73.9190425817"><ele>1.10</ele><time>2025-11-17T01:44:27Z</time><extensions><gpxtpx:TrackPointExtension><gpxtpx:cad>0</gpxtpx:cad></gpxtpx:TrackPointExtension></extensions></trkpt><trkpt lat="15.1979975961" lon="73.9191212878"><ele>1.58</ele><time>2025-11-17T01:44:32Z</time><extensions><gpxtpx:TrackPointExtension><gpxtpx:cad>0</gpxtpx:cad></gpxtpx:TrackPointExtension></extensions></trkpt><trkpt lat="15.1981562655" lon="73.9191867504"><ele>1.10</ele><time>2025-11-17T01:44:37Z</time><extensions><gpxtpx:TrackPointExtension><gpxtpx:cad>0</gpxtpx:cad></gpxtpx:TrackPointExtension></extensions></trkpt><trkpt lat="15.1983069722" lon="73.9192415681"><ele>1.10</ele><time>2025-11-17T01:44:42Z</time><extensions><gpxtpx:TrackPointExtension><gpxtpx:cad>0</gpxtpx:cad></gpxtpx:TrackPointExtension></extensions></trkpt><trkpt lat="15.1984580979" lon="73.9192994032"><ele>1.10</ele><time>2025-11-17T01:44:47Z</time><extensions><gpxtpx:TrackPointExtension><gpxtpx:cad>0</gpxtpx:cad></gpxtpx:TrackPointExtension></extensions></trkpt><trkpt lat="15.1986250654" lon="73.9193554781"><ele>1.10</ele><time>2025-11-17T01:44:52Z</time><extensions><gpxtpx:TrackPointExtension><gpxtpx:cad>0</gpxtpx:cad></gpxtpx:TrackPointExtension></extensions></trkpt><trkpt lat="15.1987911947" lon="73.9194098767"><ele>1.10</ele><time>2025-11-17T01:44:57Z</time><extensions><gpxtpx:TrackPointExtension><gpxtpx:cad>0</gpxtpx:cad></gpxtpx:TrackPointExtension></extensions></trkpt><trkpt lat="15.1989569049" lon="73.9194641914"><ele>1.10</ele><time>2025-11-17T01:45:02Z</time><extensions><gpxtpx:TrackPointExtension><gpxtpx:cad>0</gpxtpx:cad></gpxtpx:TrackPointExtension></extensions></trkpt><trkpt lat="15.1991182566" lon="73.9195154049"><ele>1.10</ele><time>2025-11-17T01:45:07Z</time><extensions><gpxtpx:TrackPointExtension><gpxtpx:cad>0</gpxtpx:cad></gpxtpx:TrackPointExtension></extensions></trkpt><trkpt lat="15.1992756687" lon="73.9195756707"><ele>1.10</ele><time>2025-11-17T01:45:12Z</time><extensions><gpxtpx:TrackPointExtension><gpxtpx:cad>0</gpxtpx:cad></gpxtpx:TrackPointExtension></extensions></trkpt><trkpt lat="15.1994117070" lon="73.9196698833"><ele>1.10</ele><time>2025-11-17T01:45:17Z</time><extensions><gpxtpx:TrackPointExtension><gpxtpx:cad>0</gpxtpx:cad></gpxtpx:TrackPointExtension></extensions></trkpt><trkpt lat="15.1995411236" lon="73.9197791833"><ele>0.62</ele><time>2025-11-17T01:45:22Z</time><extensions><gpxtpx:TrackPointExtension><gpxtpx:cad>0</gpxtpx:cad></gpxtpx:TrackPointExtension></extensions></trkpt><trkpt lat="15.1996682771" lon="73.9199004695"><ele>0.62</ele><time>2025-11-17T01:45:27Z</time><extensions><gpxtpx:TrackPointExtension><gpxtpx:cad>0</gpxtpx:cad></gpxtpx:TrackPointExtension></extensions></trkpt><trkpt lat="15.1997953467" lon="73.9200195763"><ele>0.14</ele><time>2025-11-17T01:45:32Z</time><extensions><gpxtpx:TrackPointExtension><gpxtpx:cad>0</gpxtpx:cad></gpxtpx:TrackPointExtension></extensions></trkpt><trkpt lat="15.1999167167" lon="73.9201417845"><ele>0.14</ele><time>2025-11-17T01:45:37Z</time><extensions><gpxtpx:TrackPointExtension><gpxtpx:cad>0</gpxtpx:cad></gpxtpx:TrackPointExtension></extensions></trkpt><trkpt lat="15.2000291180" lon="73.9202588797"><ele>0.14</ele><time>2025-11-17T01:45:42Z</time><extensions><gpxtpx:TrackPointExtension><gpxtpx:cad>0</gpxtpx:cad></gpxtpx:TrackPointExtension></extensions></trkpt><trkpt lat="15.2001488116" lon="73.9203810878"><ele>0.14</ele><time>2025-11-17T01:45:47Z</time><extensions><gpxtpx:TrackPointExtension><gpxtpx:cad>0</gpxtpx:cad></gpxtpx:TrackPointExtension></extensions></trkpt><trkpt lat="15.2002814971" lon="73.9205017872"><ele>0.14</ele><time>2025-11-17T01:45:52Z</time><extensions><gpxtpx:TrackPointExtension><gpxtpx:cad>0</gpxtpx:cad></gpxtpx:TrackPointExtension></extensions></trkpt><trkpt lat="15.2004170325" lon="73.9206302818"><ele>0.62</ele><time>2025-11-17T01:45:57Z</time><extensions><gpxtpx:TrackPointExtension><gpxtpx:cad>0</gpxtpx:cad></gpxtpx:TrackPointExtension></extensions></trkpt><trkpt lat="15.2005410846" lon="73.9207493886"><ele>1.10</ele><time>2025-11-17T01:46:02Z</time><extensions><gpxtpx:TrackPointExtension><gpxtpx:cad>0</gpxtpx:cad></gpxtpx:TrackPointExtension></extensions></trkpt><trkpt lat="15.2006528992" lon="73.9208626281"><ele>1.10</ele><time>2025-11-17T01:46:07Z</time><extensions><gpxtpx:TrackPointExtension><gpxtpx:cad>0</gpxtpx:cad></gpxtpx:TrackPointExtension></extensions></trkpt><trkpt lat="15.2007638756" lon="73.9209702518"><ele>0.62</ele><time>2025-11-17T01:46:12Z</time><extensions><gpxtpx:TrackPointExtension><gpxtpx:cad>0</gpxtpx:cad></gpxtpx:TrackPointExtension></extensions></trkpt><trkpt lat="15.2008987404" lon="73.9210936334"><ele>0.62</ele><time>2025-11-17T01:46:17Z</time><extensions><gpxtpx:TrackPointExtension><gpxtpx:cad>0</gpxtpx:cad></gpxtpx:TrackPointExtension></extensions></trkpt><trkpt lat="15.2010385506" lon="73.9212156739"><ele>0.62</ele><time>2025-11-17T01:46:22Z</time><extensions><gpxtpx:TrackPointExtension><gpxtpx:cad>0</gpxtpx:cad></gpxtpx:TrackPointExtension></extensions></trkpt><trkpt lat="15.2011730801" lon="73.9213243872"><ele>0.62</ele><time>2025-11-17T01:46:27Z</time><extensions><gpxtpx:TrackPointExtension><gpxtpx:cad>0</gpxtpx:cad></gpxtpx:TrackPointExtension></extensions></trkpt><trkpt lat="15.2013011556" lon="73.9214214496"><ele>0.62</ele><time>2025-11-17T01:46:32Z</time><extensions><gpxtpx:TrackPointExtension><gpxtpx:cad>0</gpxtpx:cad></gpxtpx:TrackPointExtension></extensions></trkpt><trkpt lat="15.2014325839" lon="73.9215209428"><ele>0.62</ele><time>2025-11-17T01:46:37Z</time><extensions><gpxtpx:TrackPointExtension><gpxtpx:cad>0</gpxtpx:cad></gpxtpx:TrackPointExtension></extensions></trkpt><trkpt lat="15.2015738189" lon="73.9216154069"><ele>0.62</ele><time>2025-11-17T01:46:42Z</time><extensions><gpxtpx:TrackPointExtension><gpxtpx:cad>0</gpxtpx:cad></gpxtpx:TrackPointExtension></extensions></trkpt><trkpt lat="15.2017291356" lon="73.9216963761"><ele>0.62</ele><time>2025-11-17T01:46:47Z</time><extensions><gpxtpx:TrackPointExtension><gpxtpx:cad>0</gpxtpx:cad></gpxtpx:TrackPointExtension></extensions></trkpt><trkpt lat="15.2018870506" lon="73.9217730705"><ele>0.62</ele><time>2025-11-17T01:46:52Z</time><extensions><gpxtpx:TrackPointExtension><gpxtpx:cad>0</gpxtpx:cad></gpxtpx:TrackPointExtension></extensions></trkpt><trkpt lat="15.2020314708" lon="73.9218439814"><ele>0.62</ele><time>2025-11-17T01:46:57Z</time><extensions><gpxtpx:TrackPointExtension><gpxtpx:cad>0</gpxtpx:cad></gpxtpx:TrackPointExtension></extensions></trkpt><trkpt lat="15.2021729574" lon="73.9219217654"><ele>0.62</ele><time>2025-11-17T01:47:02Z</time><extensions><gpxtpx:TrackPointExtension><gpxtpx:cad>0</gpxtpx:cad></gpxtpx:TrackPointExtension></extensions></trkpt><trkpt lat="15.2023151144" lon="73.9220145531"><ele>0.62</ele><time>2025-11-17T01:47:07Z</time><extensions><gpxtpx:TrackPointExtension><gpxtpx:cad>0</gpxtpx:cad></gpxtpx:TrackPointExtension></extensions></trkpt><trkpt lat="15.2024623845" lon="73.9221151359"><ele>1.10</ele><time>2025-11-17T01:47:12Z</time><extensions><gpxtpx:TrackPointExtension><gpxtpx:cad>0</gpxtpx:cad></gpxtpx:TrackPointExtension></extensions></trkpt><trkpt lat="15.2026094869" lon="73.9222145453"><ele>1.10</ele><time>2025-11-17T01:47:17Z</time><extensions><gpxtpx:TrackPointExtension><gpxtpx:cad>0</gpxtpx:cad></gpxtpx:TrackPointExtension></extensions></trkpt><trkpt lat="15.2027486265" lon="73.9223066624"><ele>1.10</ele><time>2025-11-17T01:47:22Z</time><extensions><gpxtpx:TrackPointExtension><gpxtpx:cad>0</gpxtpx:cad></gpxtpx:TrackPointExtension></extensions></trkpt><trkpt lat="15.2028883528" lon="73.9223956782"><ele>1.10</ele><time>2025-11-17T01:47:27Z</time><extensions><gpxtpx:TrackPointExtension><gpxtpx:cad>0</gpxtpx:cad></gpxtpx:TrackPointExtension></extensions></trkpt><trkpt lat="15.2030275762" lon="73.9224854484"><ele>1.58</ele><time>2025-11-17T01:47:32Z</time><extensions><gpxtpx:TrackPointExtension><gpxtpx:cad>0</gpxtpx:cad></gpxtpx:TrackPointExtension></extensions></trkpt><trkpt lat="15.2031674702" lon="73.9225894678"><ele>1.58</ele><time>2025-11-17T01:47:37Z</time><extensions><gpxtpx:TrackPointExtension><gpxtpx:cad>0</gpxtpx:cad></gpxtpx:TrackPointExtension></extensions></trkpt><trkpt lat="15.2033082861" lon="73.9226879552"><ele>1.58</ele><time>2025-11-17T01:47:42Z</time><extensions><gpxtpx:TrackPointExtension><gpxtpx:cad>0</gpxtpx:cad></gpxtpx:TrackPointExtension></extensions></trkpt><trkpt lat="15.2034532931" lon="73.9227788989"><ele>1.10</ele><time>2025-11-17T01:47:47Z</time><extensions><gpxtpx:TrackPointExtension><gpxtpx:cad>0</gpxtpx:cad></gpxtpx:TrackPointExtension></extensions></trkpt><trkpt lat="15.2035962883" lon="73.9228629693"><ele>1.10</ele><time>2025-11-17T01:47:52Z</time><extensions><gpxtpx:TrackPointExtension><gpxtpx:cad>0</gpxtpx:cad></gpxtpx:TrackPointExtension></extensions></trkpt><trkpt lat="15.2037350927" lon="73.9229441900"><ele>1.10</ele><time>2025-11-17T01:47:57Z</time><extensions><gpxtpx:TrackPointExtension><gpxtpx:cad>0</gpxtpx:cad></gpxtpx:TrackPointExtension></extensions></trkpt><trkpt lat="15.2038824465" lon="73.9230285957"><ele>1.10</ele><time>2025-11-17T01:48:02Z</time><extensions><gpxtpx:TrackPointExtension><gpxtpx:cad>0</gpxtpx:cad></gpxtpx:TrackPointExtension></extensions></trkpt><trkpt lat="15.2040426247" lon="73.9231152646"><ele>1.10</ele><time>2025-11-17T01:48:07Z</time><extensions><gpxtpx:TrackPointExtension><gpxtpx:cad>0</gpxtpx:cad></gpxtpx:TrackPointExtension></extensions></trkpt><trkpt lat="15.2041966002" lon="73.9231934678"><ele>1.10</ele><time>2025-11-17T01:48:12Z</time><extensions><gpxtpx:TrackPointExtension><gpxtpx:cad>0</gpxtpx:cad></gpxtpx:TrackPointExtension></extensions></trkpt><trkpt lat="15.2043361589" lon="73.9232735150"><ele>1.10</ele><time>2025-11-17T01:48:17Z</time><extensions><gpxtpx:TrackPointExtension><gpxtpx:cad>0</gpxtpx:cad></gpxtpx:TrackPointExtension></extensions></trkpt><trkpt lat="15.2044730354" lon="73.9233632851"><ele>0.62</ele><time>2025-11-17T01:48:22Z</time><extensions><gpxtpx:TrackPointExtension><gpxtpx:cad>0</gpxtpx:cad></gpxtpx:TrackPointExtension></extensions></trkpt><trkpt lat="15.2046157792" lon="73.9234590903"><ele>0.62</ele><time>2025-11-17T01:48:27Z</time><extensions><gpxtpx:TrackPointExtension><gpxtpx:cad>0</gpxtpx:cad></gpxtpx:TrackPointExtension></extensions></trkpt><trkpt lat="15.2047702577" lon="73.9235552307"><ele>0.62</ele><time>2025-11-17T01:48:32Z</time><extensions><gpxtpx:TrackPointExtension><gpxtpx:cad>0</gpxtpx:cad></gpxtpx:TrackPointExtension></extensions></trkpt><trkpt lat="15.2049241494" lon="73.9236410614"><ele>1.10</ele><time>2025-11-17T01:48:37Z</time><extensions><gpxtpx:TrackPointExtension><gpxtpx:cad>0</gpxtpx:cad></gpxtpx:TrackPointExtension></extensions></trkpt><trkpt lat="15.2050653007" lon="73.9237205219"><ele>0.62</ele><time>2025-11-17T01:48:42Z</time><extensions><gpxtpx:TrackPointExtension><gpxtpx:cad>0</gpxtpx:cad></gpxtpx:TrackPointExtension></extensions></trkpt><trkpt lat="15.2052106429" lon="73.9237983059"><ele>0.62</ele><time>2025-11-17T01:48:47Z</time><extensions><gpxtpx:TrackPointExtension><gpxtpx:cad>0</gpxtpx:cad></gpxtpx:TrackPointExtension></extensions></trkpt><trkpt lat="15.2053568233" lon="73.9238762576"><ele>0.14</ele><time>2025-11-17T01:48:52Z</time><extensions><gpxtpx:TrackPointExtension><gpxtpx:cad>0</gpxtpx:cad></gpxtpx:TrackPointExtension></extensions></trkpt><trkpt lat="15.2055137325" lon="73.9239643514"><ele>0.14</ele><time>2025-11-17T01:48:57Z</time><extensions><gpxtpx:TrackPointExtension><gpxtpx:cad>0</gpxtpx:cad></gpxtpx:TrackPointExtension></extensions></trkpt><trkpt lat="15.2056645229" lon="73.9240539540"><ele>0.14</ele><time>2025-11-17T01:49:02Z</time><extensions><gpxtpx:TrackPointExtension><gpxtpx:cad>0</gpxtpx:cad></gpxtpx:TrackPointExtension></extensions></trkpt><trkpt lat="15.2058136370" lon="73.9241252001"><ele>-0.34</ele><time>2025-11-17T01:49:07Z</time><extensions><gpxtpx:TrackPointExtension><gpxtpx:cad>0</gpxtpx:cad></gpxtpx:TrackPointExtension></extensions></trkpt><trkpt lat="15.2059630863" lon="73.9241877291"><ele>-0.34</ele><time>2025-11-17T01:49:12Z</time><extensions><gpxtpx:TrackPointExtension><gpxtpx:cad>0</gpxtpx:cad></gpxtpx:TrackPointExtension></extensions></trkpt><trkpt lat="15.2061196603" lon="73.9242618252"><ele>0.14</ele><time>2025-11-17T01:49:17Z</time><extensions><gpxtpx:TrackPointExtension><gpxtpx:cad>0</gpxtpx:cad></gpxtpx:TrackPointExtension></extensions></trkpt><trkpt lat="15.2062830236" lon="73.9243401960"><ele>0.14</ele><time>2025-11-17T01:49:22Z</time><extensions><gpxtpx:TrackPointExtension><gpxtpx:cad>0</gpxtpx:cad></gpxtpx:TrackPointExtension></extensions></trkpt><trkpt lat="15.2064323891" lon="73.9244168904"><ele>0.14</ele><time>2025-11-17T01:49:27Z</time><extensions><gpxtpx:TrackPointExtension><gpxtpx:cad>0</gpxtpx:cad></gpxtpx:TrackPointExtension></extensions></trkpt><trkpt lat="15.2065732889" lon="73.9245080855"><ele>0.62</ele><time>2025-11-17T01:49:32Z</time><extensions><gpxtpx:TrackPointExtension><gpxtpx:cad>0</gpxtpx:cad></gpxtpx:TrackPointExtension></extensions></trkpt><trkpt lat="15.2067110874" lon="73.9246108476"><ele>0.62</ele><time>2025-11-17T01:49:37Z</time><extensions><gpxtpx:TrackPointExtension><gpxtpx:cad>0</gpxtpx:cad></gpxtpx:TrackPointExtension></extensions></trkpt><trkpt lat="15.2068592794" lon="73.9247053955"><ele>1.58</ele><time>2025-11-17T01:49:42Z</time><extensions><gpxtpx:TrackPointExtension><gpxtpx:cad>0</gpxtpx:cad></gpxtpx:TrackPointExtension></extensions></trkpt><trkpt lat="15.2070021909" lon="73.9248043019"><ele>1.58</ele><time>2025-11-17T01:49:47Z</time><extensions><gpxtpx:TrackPointExtension><gpxtpx:cad>0</gpxtpx:cad></gpxtpx:TrackPointExtension></extensions></trkpt><trkpt lat="15.2071413305" lon="73.9249054715"><ele>1.58</ele><time>2025-11-17T01:49:52Z</time><extensions><gpxtpx:TrackPointExtension><gpxtpx:cad>0</gpxtpx:cad></gpxtpx:TrackPointExtension></extensions></trkpt><trkpt lat="15.2072836552" lon="73.9250069764"><ele>1.58</ele><time>2025-11-17T01:49:57Z</time><extensions><gpxtpx:TrackPointExtension><gpxtpx:cad>0</gpxtpx:cad></gpxtpx:TrackPointExtension></extensions></trkpt><trkpt lat="15.2074271534" lon="73.9251066372"><ele>1.10</ele><time>2025-11-17T01:50:02Z</time><extensions><gpxtpx:TrackPointExtension><gpxtpx:cad>0</gpxtpx:cad></gpxtpx:TrackPointExtension></extensions></trkpt><trkpt lat="15.2075683046" lon="73.9252026938"><ele>1.10</ele><time>2025-11-17T01:50:07Z</time><extensions><gpxtpx:TrackPointExtension><gpxtpx:cad>0</gpxtpx:cad></gpxtpx:TrackPointExtension></extensions></trkpt><trkpt lat="15.2077061031" lon="73.9253098983"><ele>1.10</ele><time>2025-11-17T01:50:12Z</time><extensions><gpxtpx:TrackPointExtension><gpxtpx:cad>0</gpxtpx:cad></gpxtpx:TrackPointExtension></extensions></trkpt><trkpt lat="15.2078472544" lon="73.9254105650"><ele>1.10</ele><time>2025-11-17T01:50:17Z</time><extensions><gpxtpx:TrackPointExtension><gpxtpx:cad>0</gpxtpx:cad></gpxtpx:TrackPointExtension></extensions></trkpt><trkpt lat="15.2079882380" lon="73.9255049452"><ele>1.58</ele><time>2025-11-17T01:50:22Z</time><extensions><gpxtpx:TrackPointExtension><gpxtpx:cad>0</gpxtpx:cad></gpxtpx:TrackPointExtension></extensions></trkpt><trkpt lat="15.2081235219" lon="73.9256127365"><ele>1.58</ele><time>2025-11-17T01:50:27Z</time><extensions><gpxtpx:TrackPointExtension><gpxtpx:cad>0</gpxtpx:cad></gpxtpx:TrackPointExtension></extensions></trkpt><trkpt lat="15.2082571294" lon="73.9257113915"><ele>1.10</ele><time>2025-11-17T01:50:32Z</time><extensions><gpxtpx:TrackPointExtension><gpxtpx:cad>0</gpxtpx:cad></gpxtpx:TrackPointExtension></extensions></trkpt><trkpt lat="15.2083948441" lon="73.9258025028"><ele>1.10</ele><time>2025-11-17T01:50:37Z</time><extensions><gpxtpx:TrackPointExtension><gpxtpx:cad>0</gpxtpx:cad></gpxtpx:TrackPointExtension></extensions></trkpt><trkpt lat="15.2085407730" lon="73.9258952066"><ele>1.10</ele><time>2025-11-17T01:50:42Z</time><extensions><gpxtpx:TrackPointExtension><gpxtpx:cad>0</gpxtpx:cad></gpxtpx:TrackPointExtension></extensions></trkpt><trkpt lat="15.2086944971" lon="73.9259855635"><ele>1.58</ele><time>2025-11-17T01:50:47Z</time><extensions><gpxtpx:TrackPointExtension><gpxtpx:cad>0</gpxtpx:cad></gpxtpx:TrackPointExtension></extensions></trkpt><trkpt lat="15.2088374086" lon="73.9260765072"><ele>1.58</ele><time>2025-11-17T01:50:52Z</time><extensions><gpxtpx:TrackPointExtension><gpxtpx:cad>0</gpxtpx:cad></gpxtpx:TrackPointExtension></extensions></trkpt><trkpt lat="15.2089748718" lon="73.9261612482"><ele>1.10</ele><time>2025-11-17T01:50:57Z</time><extensions><gpxtpx:TrackPointExtension><gpxtpx:cad>0</gpxtpx:cad></gpxtpx:TrackPointExtension></extensions></trkpt><trkpt lat="15.2091228962" lon="73.9262379427"><ele>0.62</ele><time>2025-11-17T01:51:02Z</time><extensions><gpxtpx:TrackPointExtension><gpxtpx:cad>0</gpxtpx:cad></gpxtpx:TrackPointExtension></extensions></trkpt><trkpt lat="15.2092936356" lon="73.9263126254"><ele>1.10</ele><time>2025-11-17T01:51:07Z</time><extensions><gpxtpx:TrackPointExtension><gpxtpx:cad>0</gpxtpx:cad></gpxtpx:TrackPointExtension></extensions></trkpt><trkpt lat="15.2094588429" lon="73.9263885655"><ele>1.10</ele><time>2025-11-17T01:51:12Z</time><extensions><gpxtpx:TrackPointExtension><gpxtpx:cad>0</gpxtpx:cad></gpxtpx:TrackPointExtension></extensions></trkpt><trkpt lat="15.2096040174" lon="73.9264609851"><ele>1.10</ele><time>2025-11-17T01:51:17Z</time><extensions><gpxtpx:TrackPointExtension><gpxtpx:cad>0</gpxtpx:cad></gpxtpx:TrackPointExtension></extensions></trkpt><trkpt lat="15.2097475156" lon="73.9265358355"><ele>1.10</ele><time>2025-11-17T01:51:22Z</time><extensions><gpxtpx:TrackPointExtension><gpxtpx:cad>0</gpxtpx:cad></gpxtpx:TrackPointExtension></extensions></trkpt><trkpt lat="15.2099047601" lon="73.9265980292"><ele>1.10</ele><time>2025-11-17T01:51:27Z</time><extensions><gpxtpx:TrackPointExtension><gpxtpx:cad>0</gpxtpx:cad></gpxtpx:TrackPointExtension></extensions></trkpt><trkpt lat="15.2100709733" lon="73.9266735502"><ele>1.58</ele><time>2025-11-17T01:51:32Z</time><extensions><gpxtpx:TrackPointExtension><gpxtpx:cad>0</gpxtpx:cad></gpxtpx:TrackPointExtension></extensions></trkpt><trkpt lat="15.2102212608" lon="73.9267623983"><ele>1.10</ele><time>2025-11-17T01:51:37Z</time><extensions><gpxtpx:TrackPointExtension><gpxtpx:cad>0</gpxtpx:cad></gpxtpx:TrackPointExtension></extensions></trkpt><trkpt lat="15.2103586402" lon="73.9268470556"><ele>0.62</ele><time>2025-11-17T01:51:42Z</time><extensions><gpxtpx:TrackPointExtension><gpxtpx:cad>0</gpxtpx:cad></gpxtpx:TrackPointExtension></extensions></trkpt><trkpt lat="15.2105054073" lon="73.9269050583"><ele>0.62</ele><time>2025-11-17T01:51:47Z</time><extensions><gpxtpx:TrackPointExtension><gpxtpx:cad>0</gpxtpx:cad></gpxtpx:TrackPointExtension></extensions></trkpt><trkpt lat="15.2106632385" lon="73.9269383345"><ele>0.62</ele><time>2025-11-17T01:51:52Z</time><extensions><gpxtpx:TrackPointExtension><gpxtpx:cad>0</gpxtpx:cad></gpxtpx:TrackPointExtension></extensions></trkpt><trkpt lat="15.2108373307" lon="73.9269853570"><ele>1.10</ele><time>2025-11-17T01:51:57Z</time><extensions><gpxtpx:TrackPointExtension><gpxtpx:cad>0</gpxtpx:cad></gpxtpx:TrackPointExtension></extensions></trkpt><trkpt lat="15.2110096626" lon="73.9270320442"><ele>1.58</ele><time>2025-11-17T01:52:02Z</time><extensions><gpxtpx:TrackPointExtension><gpxtpx:cad>0</gpxtpx:cad></gpxtpx:TrackPointExtension></extensions></trkpt><trkpt lat="15.2111598663" lon="73.9270833414"><ele>1.10</ele><time>2025-11-17T01:52:07Z</time><extensions><gpxtpx:TrackPointExtension><gpxtpx:cad>0</gpxtpx:cad></gpxtpx:TrackPointExtension></extensions></trkpt><trkpt lat="15.2113128360" lon="73.9271181263"><ele>0.62</ele><time>2025-11-17T01:52:12Z</time><extensions><gpxtpx:TrackPointExtension><gpxtpx:cad>0</gpxtpx:cad></gpxtpx:TrackPointExtension></extensions></trkpt><trkpt lat="15.2114756964" lon="73.9271416795"><ele>1.10</ele><time>2025-11-17T01:52:17Z</time><extensions><gpxtpx:TrackPointExtension><gpxtpx:cad>0</gpxtpx:cad></gpxtpx:TrackPointExtension></extensions></trkpt><trkpt lat="15.2116528898" lon="73.9271786436"><ele>1.58</ele><time>2025-11-17T01:52:22Z</time><extensions><gpxtpx:TrackPointExtension><gpxtpx:cad>0</gpxtpx:cad></gpxtpx:TrackPointExtension></extensions></trkpt><trkpt lat="15.2118268982" lon="73.9272194635"><ele>2.06</ele><time>2025-11-17T01:52:27Z</time><extensions><gpxtpx:TrackPointExtension><gpxtpx:cad>0</gpxtpx:cad></gpxtpx:TrackPointExtension></extensions></trkpt><trkpt lat="15.2119883336" lon="73.9272384066"><ele>2.54</ele><time>2025-11-17T01:52:32Z</time><extensions><gpxtpx:TrackPointExtension><gpxtpx:cad>0</gpxtpx:cad></gpxtpx:TrackPointExtension></extensions></trkpt><trkpt lat="15.2121503558" lon="73.9272452798"><ele>2.54</ele><time>2025-11-17T01:52:37Z</time><extensions><gpxtpx:TrackPointExtension><gpxtpx:cad>0</gpxtpx:cad></gpxtpx:TrackPointExtension></extensions></trkpt><trkpt lat="15.2123148087" lon="73.9272580203"><ele>2.54</ele><time>2025-11-17T01:52:42Z</time><extensions><gpxtpx:TrackPointExtension><gpxtpx:cad>0</gpxtpx:cad></gpxtpx:TrackPointExtension></extensions></trkpt><trkpt lat="15.2124909125" lon="73.9272778854"><ele>3.50</ele><time>2025-11-17T01:52:47Z</time><extensions><gpxtpx:TrackPointExtension><gpxtpx:cad>0</gpxtpx:cad></gpxtpx:TrackPointExtension></extensions></trkpt><trkpt lat="15.2126637474" lon="73.9272883628"><ele>3.02</ele><time>2025-11-17T01:52:52Z</time><extensions><gpxtpx:TrackPointExtension><gpxtpx:cad>0</gpxtpx:cad></gpxtpx:TrackPointExtension></extensions></trkpt><trkpt lat="15.2128254343" lon="73.9272982534"><ele>2.54</ele><time>2025-11-17T01:52:57Z</time><extensions><gpxtpx:TrackPointExtension><gpxtpx:cad>0</gpxtpx:cad></gpxtpx:TrackPointExtension></extensions></trkpt><trkpt lat="15.2129915636" lon="73.9273140114"><ele>2.06</ele><time>2025-11-17T01:53:02Z</time><extensions><gpxtpx:TrackPointExtension><gpxtpx:cad>0</gpxtpx:cad></gpxtpx:TrackPointExtension></extensions></trkpt><trkpt lat="15.2131632250" lon="73.9273414202"><ele>1.58</ele><time>2025-11-17T01:53:07Z</time><extensions><gpxtpx:TrackPointExtension><gpxtpx:cad>0</gpxtpx:cad></gpxtpx:TrackPointExtension></extensions></trkpt><trkpt lat="15.2133331262" lon="73.9273691643"><ele>1.58</ele><time>2025-11-17T01:53:12Z</time><extensions><gpxtpx:TrackPointExtension><gpxtpx:cad>0</gpxtpx:cad></gpxtpx:TrackPointExtension></extensions></trkpt><trkpt lat="15.2134976629" lon="73.9273875207"><ele>1.10</ele><time>2025-11-17T01:53:17Z</time><extensions><gpxtpx:TrackPointExtension><gpxtpx:cad>0</gpxtpx:cad></gpxtpx:TrackPointExtension></extensions></trkpt><trkpt lat="15.2136623673" lon="73.9273974113"><ele>0.62</ele><time>2025-11-17T01:53:22Z</time><extensions><gpxtpx:TrackPointExtension><gpxtpx:cad>0</gpxtpx:cad></gpxtpx:TrackPointExtension></extensions></trkpt><trkpt lat="15.2138316818" lon="73.9273985848"><ele>0.62</ele><time>2025-11-17T01:53:27Z</time><extensions><gpxtpx:TrackPointExtension><gpxtpx:cad>0</gpxtpx:cad></gpxtpx:TrackPointExtension></extensions></trkpt><trkpt lat="15.2140071988" lon="73.9274008479"><ele>0.62</ele><time>2025-11-17T01:53:32Z</time><extensions><gpxtpx:TrackPointExtension><gpxtpx:cad>0</gpxtpx:cad></gpxtpx:TrackPointExtension></extensions></trkpt><trkpt lat="15.2141821291" lon="73.9273877721"><ele>0.62</ele><time>2025-11-17T01:53:37Z</time><extensions><gpxtpx:TrackPointExtension><gpxtpx:cad>0</gpxtpx:cad></gpxtpx:TrackPointExtension></extensions></trkpt><trkpt lat="15.2143423911" lon="73.9273754507"><ele>0.62</ele><time>2025-11-17T01:53:42Z</time><extensions><gpxtpx:TrackPointExtension><gpxtpx:cad>0</gpxtpx:cad></gpxtpx:TrackPointExtension></extensions></trkpt><trkpt lat="15.2145101968" lon="73.9273575973"><ele>0.62</ele><time>2025-11-17T01:53:47Z</time><extensions><gpxtpx:TrackPointExtension><gpxtpx:cad>0</gpxtpx:cad></gpxtpx:TrackPointExtension></extensions></trkpt><trkpt lat="15.2146819420" lon="73.9273327030"><ele>1.58</ele><time>2025-11-17T01:53:52Z</time><extensions><gpxtpx:TrackPointExtension><gpxtpx:cad>0</gpxtpx:cad></gpxtpx:TrackPointExtension></extensions></trkpt><trkpt lat="15.2148142923" lon="73.9272374846"><ele>1.58</ele><time>2025-11-17T01:53:57Z</time><extensions><gpxtpx:TrackPointExtension><gpxtpx:cad>0</gpxtpx:cad></gpxtpx:TrackPointExtension></extensions></trkpt><trkpt lat="15.2149283700" lon="73.9271054696"><ele>1.58</ele><time>2025-11-17T01:54:02Z</time><extensions><gpxtpx:TrackPointExtension><gpxtpx:cad>0</gpxtpx:cad></gpxtpx:TrackPointExtension></extensions></trkpt><trkpt lat="15.2150339819" lon="73.9269711077"><ele>1.58</ele><time>2025-11-17T01:54:07Z</time><extensions><gpxtpx:TrackPointExtension><gpxtpx:cad>0</gpxtpx:cad></gpxtpx:TrackPointExtension></extensions></trkpt><trkpt lat="15.2151337266" lon="73.9268347342"><ele>1.58</ele><time>2025-11-17T01:54:12Z</time><extensions><gpxtpx:TrackPointExtension><gpxtpx:cad>0</gpxtpx:cad></gpxtpx:TrackPointExtension></extensions></trkpt><trkpt lat="15.2152257599" lon="73.9266860392"><ele>2.06</ele><time>2025-11-17T01:54:17Z</time><extensions><gpxtpx:TrackPointExtension><gpxtpx:cad>0</gpxtpx:cad></gpxtpx:TrackPointExtension></extensions></trkpt><trkpt lat="15.2153191343" lon="73.9265376795"><ele>2.06</ele><time>2025-11-17T01:54:22Z</time><extensions><gpxtpx:TrackPointExtension><gpxtpx:cad>0</gpxtpx:cad></gpxtpx:TrackPointExtension></extensions></trkpt><trkpt lat="15.2154133469" lon="73.9263943490"><ele>1.58</ele><time>2025-11-17T01:54:27Z</time><extensions><gpxtpx:TrackPointExtension><gpxtpx:cad>0</gpxtpx:cad></gpxtpx:TrackPointExtension></extensions></trkpt><trkpt lat="15.2154987585" lon="73.9262337517"><ele>1.10</ele><time>2025-11-17T01:54:32Z</time><extensions><gpxtpx:TrackPointExtension><gpxtpx:cad>0</gpxtpx:cad></gpxtpx:TrackPointExtension></extensions></trkpt><trkpt lat="15.2155902050" lon="73.9260936901"><ele>1.10</ele><time>2025-11-17T01:54:37Z</time><extensions><gpxtpx:TrackPointExtension><gpxtpx:cad>0</gpxtpx:cad></gpxtpx:TrackPointExtension></extensions></trkpt><trkpt lat="15.2156772930" lon="73.9259371161"><ele>1.10</ele><time>2025-11-17T01:54:42Z</time><extensions><gpxtpx:TrackPointExtension><gpxtpx:cad>0</gpxtpx:cad></gpxtpx:TrackPointExtension></extensions></trkpt><trkpt lat="15.2157606091" lon="73.9257846493"><ele>0.62</ele><time>2025-11-17T01:54:47Z</time><extensions><gpxtpx:TrackPointExtension><gpxtpx:cad>0</gpxtpx:cad></gpxtpx:TrackPointExtension></extensions></trkpt><trkpt lat="15.2158563305" lon="73.9256460126"><ele>0.62</ele><time>2025-11-17T01:54:52Z</time><extensions><gpxtpx:TrackPointExtension><gpxtpx:cad>0</gpxtpx:cad></gpxtpx:TrackPointExtension></extensions></trkpt><trkpt lat="15.2159388922" lon="73.9254868403"><ele>0.14</ele><time>2025-11-17T01:54:57Z</time><extensions><gpxtpx:TrackPointExtension><gpxtpx:cad>0</gpxtpx:cad></gpxtpx:TrackPointExtension></extensions></trkpt><trkpt lat="15.2160271537" lon="73.9253330324"><ele>0.62</ele><time>2025-11-17T01:55:02Z</time><extensions><gpxtpx:TrackPointExtension><gpxtpx:cad>0</gpxtpx:cad></gpxtpx:TrackPointExtension></extensions></trkpt><trkpt lat="15.2161130682" lon="73.9251834154"><ele>0.62</ele><time>2025-11-17T01:55:07Z</time><extensions><gpxtpx:TrackPointExtension><gpxtpx:cad>0</gpxtpx:cad></gpxtpx:TrackPointExtension></extensions></trkpt><trkpt lat="15.2161771897" lon="73.9250130951"><ele>0.62</ele><time>2025-11-17T01:55:12Z</time><extensions><gpxtpx:TrackPointExtension><gpxtpx:cad>0</gpxtpx:cad></gpxtpx:TrackPointExtension></extensions></trkpt><trkpt lat="15.2162496094" lon="73.9248565212"><ele>1.10</ele><time>2025-11-17T01:55:17Z</time><extensions><gpxtpx:TrackPointExtension><gpxtpx:cad>0</gpxtpx:cad></gpxtpx:TrackPointExtension></extensions></trkpt><trkpt lat="15.2163107973" lon="73.9246917330"><ele>0.62</ele><time>2025-11-17T01:55:22Z</time><extensions><gpxtpx:TrackPointExtension><gpxtpx:cad>0</gpxtpx:cad></gpxtpx:TrackPointExtension></extensions></trkpt><trkpt lat="15.2163738292" lon="73.9245286211"><ele>0.62</ele><time>2025-11-17T01:55:27Z</time><extensions><gpxtpx:TrackPointExtension><gpxtpx:cad>0</gpxtpx:cad></gpxtpx:TrackPointExtension></extensions></trkpt><trkpt lat="15.2164534573" lon="73.9243760705"><ele>1.10</ele><time>2025-11-17T01:55:32Z</time><extensions><gpxtpx:TrackPointExtension><gpxtpx:cad>0</gpxtpx:cad></gpxtpx:TrackPointExtension></extensions></trkpt><trkpt lat="15.2165346779" lon="73.9242163114"><ele>1.10</ele><time>2025-11-17T01:55:37Z</time><extensions><gpxtpx:TrackPointExtension><gpxtpx:cad>0</gpxtpx:cad></gpxtpx:TrackPointExtension></extensions></trkpt><trkpt lat="15.2166139707" lon="73.9240564685"><ele>1.58</ele><time>2025-11-17T01:55:42Z</time><extensions><gpxtpx:TrackPointExtension><gpxtpx:cad>0</gpxtpx:cad></gpxtpx:TrackPointExtension></extensions></trkpt><trkpt lat="15.2167025674" lon="73.9239103720"><ele>1.58</ele><time>2025-11-17T01:55:47Z</time><extensions><gpxtpx:TrackPointExtension><gpxtpx:cad>0</gpxtpx:cad></gpxtpx:TrackPointExtension></extensions></trkpt><trkpt lat="15.2167870570" lon="73.9237533789"><ele>2.06</ele><time>2025-11-17T01:55:52Z</time><extensions><gpxtpx:TrackPointExtension><gpxtpx:cad>0</gpxtpx:cad></gpxtpx:TrackPointExtension></extensions></trkpt><trkpt lat="15.2168836165" lon="73.9236103836"><ele>2.06</ele><time>2025-11-17T01:55:57Z</time><extensions><gpxtpx:TrackPointExtension><gpxtpx:cad>0</gpxtpx:cad></gpxtpx:TrackPointExtension></extensions></trkpt><trkpt lat="15.2169716265" lon="73.9234561566"><ele>1.58</ele><time>2025-11-17T01:56:02Z</time><extensions><gpxtpx:TrackPointExtension><gpxtpx:cad>0</gpxtpx:cad></gpxtpx:TrackPointExtension></extensions></trkpt><trkpt lat="15.2170488238" lon="73.9233013429"><ele>1.58</ele><time>2025-11-17T01:56:07Z</time><extensions><gpxtpx:TrackPointExtension><gpxtpx:cad>0</gpxtpx:cad></gpxtpx:TrackPointExtension></extensions></trkpt><trkpt lat="15.2171447128" lon="73.9231624547"><ele>1.58</ele><time>2025-11-17T01:56:12Z</time><extensions><gpxtpx:TrackPointExtension><gpxtpx:cad>0</gpxtpx:cad></gpxtpx:TrackPointExtension></extensions></trkpt><trkpt lat="15.2172245923" lon="73.9230026118"><ele>1.10</ele><time>2025-11-17T01:56:17Z</time><extensions><gpxtpx:TrackPointExtension><gpxtpx:cad>0</gpxtpx:cad></gpxtpx:TrackPointExtension></extensions></trkpt><trkpt lat="15.2173015382" lon="73.9228478819"><ele>1.10</ele><time>2025-11-17T01:56:22Z</time><extensions><gpxtpx:TrackPointExtension><gpxtpx:cad>0</gpxtpx:cad></gpxtpx:TrackPointExtension></extensions></trkpt><trkpt lat="15.2173856087" lon="73.9226969238"><ele>1.10</ele><time>2025-11-17T01:56:27Z</time><extensions><gpxtpx:TrackPointExtension><gpxtpx:cad>0</gpxtpx:cad></gpxtpx:TrackPointExtension></extensions></trkpt><trkpt lat="15.2174689248" lon="73.9225385059"><ele>0.62</ele><time>2025-11-17T01:56:32Z</time><extensions><gpxtpx:TrackPointExtension><gpxtpx:cad>0</gpxtpx:cad></gpxtpx:TrackPointExtension></extensions></trkpt><trkpt lat="15.2175676636" lon="73.9223997016"><ele>1.10</ele><time>2025-11-17T01:56:37Z</time><extensions><gpxtpx:TrackPointExtension><gpxtpx:cad>0</gpxtpx:cad></gpxtpx:TrackPointExtension></extensions></trkpt><trkpt lat="15.2176482975" lon="73.9222427085"><ele>1.10</ele><time>2025-11-17T01:56:42Z</time><extensions><gpxtpx:TrackPointExtension><gpxtpx:cad>0</gpxtpx:cad></gpxtpx:TrackPointExtension></extensions></trkpt><trkpt lat="15.2177318651" lon="73.9220888168"><ele>0.14</ele><time>2025-11-17T01:56:47Z</time><extensions><gpxtpx:TrackPointExtension><gpxtpx:cad>0</gpxtpx:cad></gpxtpx:TrackPointExtension></extensions></trkpt><trkpt lat="15.2178360522" lon="73.9219606575"><ele>0.14</ele><time>2025-11-17T01:56:52Z</time><extensions><gpxtpx:TrackPointExtension><gpxtpx:cad>0</gpxtpx:cad></gpxtpx:TrackPointExtension></extensions></trkpt><trkpt lat="15.2179554943" lon="73.9218361862"><ele>-0.34</ele><time>2025-11-17T01:56:57Z</time><extensions><gpxtpx:TrackPointExtension><gpxtpx:cad>0</gpxtpx:cad></gpxtpx:TrackPointExtension></extensions></trkpt><trkpt lat="15.2180621121" lon="73.9217027463"><ele>-0.34</ele><time>2025-11-17T01:57:02Z</time><extensions><gpxtpx:TrackPointExtension><gpxtpx:cad>0</gpxtpx:cad></gpxtpx:TrackPointExtension></extensions></trkpt><trkpt lat="15.2181810513" lon="73.9215750899"><ele>0.14</ele><time>2025-11-17T01:57:07Z</time><extensions><gpxtpx:TrackPointExtension><gpxtpx:cad>0</gpxtpx:cad></gpxtpx:TrackPointExtension></extensions></trkpt><trkpt lat="15.2182785328" lon="73.9214320108"><ele>0.14</ele><time>2025-11-17T01:57:12Z</time><extensions><gpxtpx:TrackPointExtension><gpxtpx:cad>0</gpxtpx:cad></gpxtpx:TrackPointExtension></extensions></trkpt><trkpt lat="15.2183724102" lon="73.9212814718"><ele>0.14</ele><time>2025-11-17T01:57:17Z</time><extensions><gpxtpx:TrackPointExtension><gpxtpx:cad>0</gpxtpx:cad></gpxtpx:TrackPointExtension></extensions></trkpt><trkpt lat="15.2184869908" lon="73.9211537316"><ele>0.14</ele><time>2025-11-17T01:57:22Z</time><extensions><gpxtpx:TrackPointExtension><gpxtpx:cad>0</gpxtpx:cad></gpxtpx:TrackPointExtension></extensions></trkpt><trkpt lat="15.2185976319" lon="73.9210201241"><ele>0.14</ele><time>2025-11-17T01:57:27Z</time><extensions><gpxtpx:TrackPointExtension><gpxtpx:cad>0</gpxtpx:cad></gpxtpx:TrackPointExtension></extensions></trkpt><trkpt lat="15.2187082730" lon="73.9208896179"><ele>0.14</ele><time>2025-11-17T01:57:32Z</time><extensions><gpxtpx:TrackPointExtension><gpxtpx:cad>0</gpxtpx:cad></gpxtpx:TrackPointExtension></extensions></trkpt><trkpt lat="15.2188268770" lon="73.9207638055"><ele>0.14</ele><time>2025-11-17T01:57:37Z</time><extensions><gpxtpx:TrackPointExtension><gpxtpx:cad>0</gpxtpx:cad></gpxtpx:TrackPointExtension></extensions></trkpt><trkpt lat="15.2189329918" lon="73.9206213970"><ele>-0.34</ele><time>2025-11-17T01:57:42Z</time><extensions><gpxtpx:TrackPointExtension><gpxtpx:cad>0</gpxtpx:cad></gpxtpx:TrackPointExtension></extensions></trkpt><trkpt lat="15.2190407831" lon="73.9204892982"><ele>0.14</ele><time>2025-11-17T01:57:47Z</time><extensions><gpxtpx:TrackPointExtension><gpxtpx:cad>0</gpxtpx:cad></gpxtpx:TrackPointExtension></extensions></trkpt><trkpt lat="15.2191520110" lon="73.9203582890"><ele>0.14</ele><time>2025-11-17T01:57:52Z</time><extensions><gpxtpx:TrackPointExtension><gpxtpx:cad>0</gpxtpx:cad></gpxtpx:TrackPointExtension></extensions></trkpt><trkpt lat="15.2192489058" lon="73.9202166349"><ele>0.14</ele><time>2025-11-17T01:57:57Z</time><extensions><gpxtpx:TrackPointExtension><gpxtpx:cad>0</gpxtpx:cad></gpxtpx:TrackPointExtension></extensions></trkpt><trkpt lat="15.2193597984" lon="73.9200816862"><ele>0.14</ele><time>2025-11-17T01:58:02Z</time><extensions><gpxtpx:TrackPointExtension><gpxtpx:cad>0</gpxtpx:cad></gpxtpx:TrackPointExtension></extensions></trkpt><trkpt lat="15.2194700204" lon="73.9199438039"><ele>0.62</ele><time>2025-11-17T01:58:07Z</time><extensions><gpxtpx:TrackPointExtension><gpxtpx:cad>0</gpxtpx:cad></gpxtpx:TrackPointExtension></extensions></trkpt><trkpt lat="15.2195749618" lon="73.9198080171"><ele>0.62</ele><time>2025-11-17T01:58:12Z</time><extensions><gpxtpx:TrackPointExtension><gpxtpx:cad>0</gpxtpx:cad></gpxtpx:TrackPointExtension></extensions></trkpt><trkpt lat="15.2196845971" lon="73.9196790196"><ele>0.14</ele><time>2025-11-17T01:58:17Z</time><extensions><gpxtpx:TrackPointExtension><gpxtpx:cad>0</gpxtpx:cad></gpxtpx:TrackPointExtension></extensions></trkpt><trkpt lat="15.2197969146" lon="73.9195487648"><ele>0.14</ele><time>2025-11-17T01:58:22Z</time><extensions><gpxtpx:TrackPointExtension><gpxtpx:cad>0</gpxtpx:cad></gpxtpx:TrackPointExtension></extensions></trkpt><trkpt lat="15.2198970784" lon="73.9194121398"><ele>0.14</ele><time>2025-11-17T01:58:27Z</time><extensions><gpxtpx:TrackPointExtension><gpxtpx:cad>0</gpxtpx:cad></gpxtpx:TrackPointExtension></extensions></trkpt><trkpt lat="15.2200031932" lon="73.9192750119"><ele>0.14</ele><time>2025-11-17T01:58:32Z</time><extensions><gpxtpx:TrackPointExtension><gpxtpx:cad>0</gpxtpx:cad></gpxtpx:TrackPointExtension></extensions></trkpt><trkpt lat="15.2201095596" lon="73.9191362914"><ele>0.14</ele><time>2025-11-17T01:58:37Z</time><extensions><gpxtpx:TrackPointExtension><gpxtpx:cad>0</gpxtpx:cad></gpxtpx:TrackPointExtension></extensions></trkpt><trkpt lat="15.2202061191" lon="73.9189937990"><ele>0.14</ele><time>2025-11-17T01:58:42Z</time><extensions><gpxtpx:TrackPointExtension><gpxtpx:cad>0</gpxtpx:cad></gpxtpx:TrackPointExtension></extensions></trkpt><trkpt lat="15.2203077916" lon="73.9188575931"><ele>0.14</ele><time>2025-11-17T01:58:47Z</time><extensions><gpxtpx:TrackPointExtension><gpxtpx:cad>0</gpxtpx:cad></gpxtpx:TrackPointExtension></extensions></trkpt><trkpt lat="15.2204040997" lon="73.9187145978"><ele>0.14</ele><time>2025-11-17T01:58:52Z</time><extensions><gpxtpx:TrackPointExtension><gpxtpx:cad>0</gpxtpx:cad></gpxtpx:TrackPointExtension></extensions></trkpt><trkpt lat="15.2205094602" lon="73.9185746200"><ele>0.14</ele><time>2025-11-17T01:58:57Z</time><extensions><gpxtpx:TrackPointExtension><gpxtpx:cad>0</gpxtpx:cad></gpxtpx:TrackPointExtension></extensions></trkpt><trkpt lat="15.2206133120" lon="73.9184396714"><ele>0.62</ele><time>2025-11-17T01:59:02Z</time><extensions><gpxtpx:TrackPointExtension><gpxtpx:cad>0</gpxtpx:cad></gpxtpx:TrackPointExtension></extensions></trkpt><trkpt lat="15.2207107935" lon="73.9182969276"><ele>0.62</ele><time>2025-11-17T01:59:07Z</time><extensions><gpxtpx:TrackPointExtension><gpxtpx:cad>0</gpxtpx:cad></gpxtpx:TrackPointExtension></extensions></trkpt><trkpt lat="15.2208128013" lon="73.9181566983"><ele>0.62</ele><time>2025-11-17T01:59:12Z</time><extensions><gpxtpx:TrackPointExtension><gpxtpx:cad>0</gpxtpx:cad></gpxtpx:TrackPointExtension></extensions></trkpt><trkpt lat="15.2209044155" lon="73.9180106856"><ele>0.62</ele><time>2025-11-17T01:59:17Z</time><extensions><gpxtpx:TrackPointExtension><gpxtpx:cad>0</gpxtpx:cad></gpxtpx:TrackPointExtension></extensions></trkpt><trkpt lat="15.2209817804" lon="73.9178547822"><ele>0.62</ele><time>2025-11-17T01:59:22Z</time><extensions><gpxtpx:TrackPointExtension><gpxtpx:cad>0</gpxtpx:cad></gpxtpx:TrackPointExtension></extensions></trkpt><trkpt lat="15.2210569661" lon="73.9176930115"><ele>0.62</ele><time>2025-11-17T01:59:27Z</time><extensions><gpxtpx:TrackPointExtension><gpxtpx:cad>0</gpxtpx:cad></gpxtpx:TrackPointExtension></extensions></trkpt><trkpt lat="15.2211126219" lon="73.9175213501"><ele>0.62</ele><time>2025-11-17T01:59:32Z</time><extensions><gpxtpx:TrackPointExtension><gpxtpx:cad>0</gpxtpx:cad></gpxtpx:TrackPointExtension></extensions></trkpt><trkpt lat="15.2211800124" lon="73.9173564781"><ele>0.62</ele><time>2025-11-17T01:59:37Z</time><extensions><gpxtpx:TrackPointExtension><gpxtpx:cad>0</gpxtpx:cad></gpxtpx:TrackPointExtension></extensions></trkpt><trkpt lat="15.2212532703" lon="73.9171946235"><ele>0.14</ele><time>2025-11-17T01:59:42Z</time><extensions><gpxtpx:TrackPointExtension><gpxtpx:cad>0</gpxtpx:cad></gpxtpx:TrackPointExtension></extensions></trkpt><trkpt lat="15.2213283721" lon="73.9170305897"><ele>0.14</ele><time>2025-11-17T01:59:47Z</time><extensions><gpxtpx:TrackPointExtension><gpxtpx:cad>0</gpxtpx:cad></gpxtpx:TrackPointExtension></extensions></trkpt><trkpt lat="15.2214132808" lon="73.9168796316"><ele>0.14</ele><time>2025-11-17T01:59:52Z</time><extensions><gpxtpx:TrackPointExtension><gpxtpx:cad>0</gpxtpx:cad></gpxtpx:TrackPointExtension></extensions></trkpt><trkpt lat="15.2214883827" lon="73.9167218842"><ele>-0.34</ele><time>2025-11-17T01:59:57Z</time><extensions><gpxtpx:TrackPointExtension><gpxtpx:cad>0</gpxtpx:cad></gpxtpx:TrackPointExtension></extensions></trkpt><trkpt lat="15.2215749677" lon="73.9165682439"><ele>-0.34</ele><time>2025-11-17T02:00:02Z</time><extensions><gpxtpx:TrackPointExtension><gpxtpx:cad>0</gpxtpx:cad></gpxtpx:TrackPointExtension></extensions></trkpt><trkpt lat="15.2216602955" lon="73.9164166152"><ele>-0.34</ele><time>2025-11-17T02:00:07Z</time><extensions><gpxtpx:TrackPointExtension><gpxtpx:cad>0</gpxtpx:cad></gpxtpx:TrackPointExtension></extensions></trkpt><trkpt lat="15.2217343077" lon="73.9162627235"><ele>-0.34</ele><time>2025-11-17T02:00:12Z</time><extensions><gpxtpx:TrackPointExtension><gpxtpx:cad>0</gpxtpx:cad></gpxtpx:TrackPointExtension></extensions></trkpt><trkpt lat="15.2218106668" lon="73.9161040541"><ele>-0.34</ele><time>2025-11-17T02:00:17Z</time><extensions><gpxtpx:TrackPointExtension><gpxtpx:cad>0</gpxtpx:cad></gpxtpx:TrackPointExtension></extensions></trkpt><trkpt lat="15.2218792308" lon="73.9159395173"><ele>-0.34</ele><time>2025-11-17T02:00:22Z</time><extensions><gpxtpx:TrackPointExtension><gpxtpx:cad>0</gpxtpx:cad></gpxtpx:TrackPointExtension></extensions></trkpt><trkpt lat="15.2219533268" lon="73.9157810155"><ele>0.14</ele><time>2025-11-17T02:00:27Z</time><extensions><gpxtpx:TrackPointExtension><gpxtpx:cad>0</gpxtpx:cad></gpxtpx:TrackPointExtension></extensions></trkpt><trkpt lat="15.2220265009" lon="73.9156156406"><ele>0.14</ele><time>2025-11-17T02:00:32Z</time><extensions><gpxtpx:TrackPointExtension><gpxtpx:cad>0</gpxtpx:cad></gpxtpx:TrackPointExtension></extensions></trkpt><trkpt lat="15.2221027762" lon="73.9154610783"><ele>0.14</ele><time>2025-11-17T02:00:37Z</time><extensions><gpxtpx:TrackPointExtension><gpxtpx:cad>0</gpxtpx:cad></gpxtpx:TrackPointExtension></extensions></trkpt><trkpt lat="15.2221822366" lon="73.9153046720"><ele>-0.34</ele><time>2025-11-17T02:00:42Z</time><extensions><gpxtpx:TrackPointExtension><gpxtpx:cad>0</gpxtpx:cad></gpxtpx:TrackPointExtension></extensions></trkpt><trkpt lat="15.2222588472" lon="73.9151617605"><ele>-0.34</ele><time>2025-11-17T02:00:47Z</time><extensions><gpxtpx:TrackPointExtension><gpxtpx:cad>0</gpxtpx:cad></gpxtpx:TrackPointExtension></extensions></trkpt><trkpt lat="15.2223450970" lon="73.9150088746"><ele>-0.34</ele><time>2025-11-17T02:00:52Z</time><extensions><gpxtpx:TrackPointExtension><gpxtpx:cad>0</gpxtpx:cad></gpxtpx:TrackPointExtension></extensions></trkpt><trkpt lat="15.2224284131" lon="73.9148518816"><ele>0.14</ele><time>2025-11-17T02:00:57Z</time><extensions><gpxtpx:TrackPointExtension><gpxtpx:cad>0</gpxtpx:cad></gpxtpx:TrackPointExtension></extensions></trkpt><trkpt lat="15.2225216199" lon="73.9147072099"><ele>0.62</ele><time>2025-11-17T02:01:02Z</time><extensions><gpxtpx:TrackPointExtension><gpxtpx:cad>0</gpxtpx:cad></gpxtpx:TrackPointExtension></extensions></trkpt><trkpt lat="15.2226021700" lon="73.9145530667"><ele>0.62</ele><time>2025-11-17T02:01:07Z</time><extensions><gpxtpx:TrackPointExtension><gpxtpx:cad>0</gpxtpx:cad></gpxtpx:TrackPointExtension></extensions></trkpt><trkpt lat="15.2226872463" lon="73.9144000970"><ele>1.10</ele><time>2025-11-17T02:01:12Z</time><extensions><gpxtpx:TrackPointExtension><gpxtpx:cad>0</gpxtpx:cad></gpxtpx:TrackPointExtension></extensions></trkpt><trkpt lat="15.2227771003" lon="73.9142490551"><ele>1.10</ele><time>2025-11-17T02:01:17Z</time><extensions><gpxtpx:TrackPointExtension><gpxtpx:cad>0</gpxtpx:cad></gpxtpx:TrackPointExtension></extensions></trkpt><trkpt lat="15.2228660323" lon="73.9140979294"><ele>1.10</ele><time>2025-11-17T02:01:22Z</time><extensions><gpxtpx:TrackPointExtension><gpxtpx:cad>0</gpxtpx:cad></gpxtpx:TrackPointExtension></extensions></trkpt><trkpt lat="15.2229537908" lon="73.9139445405"><ele>1.10</ele><time>2025-11-17T02:01:27Z</time><extensions><gpxtpx:TrackPointExtension><gpxtpx:cad>0</gpxtpx:cad></gpxtpx:TrackPointExtension></extensions></trkpt><trkpt lat="15.2230470814" lon="73.9137914032"><ele>1.10</ele><time>2025-11-17T02:01:32Z</time><extensions><gpxtpx:TrackPointExtension><gpxtpx:cad>0</gpxtpx:cad></gpxtpx:TrackPointExtension></extensions></trkpt><trkpt lat="15.2231336664" lon="73.9136377629"><ele>1.58</ele><time>2025-11-17T02:01:37Z</time><extensions><gpxtpx:TrackPointExtension><gpxtpx:cad>0</gpxtpx:cad></gpxtpx:TrackPointExtension></extensions></trkpt><trkpt lat="15.2232209221" lon="73.9134888165"><ele>2.06</ele><time>2025-11-17T02:01:42Z</time><extensions><gpxtpx:TrackPointExtension><gpxtpx:cad>0</gpxtpx:cad></gpxtpx:TrackPointExtension></extensions></trkpt><trkpt lat="15.2233125363" lon="73.9133421332"><ele>2.06</ele><time>2025-11-17T02:01:47Z</time><extensions><gpxtpx:TrackPointExtension><gpxtpx:cad>0</gpxtpx:cad></gpxtpx:TrackPointExtension></extensions></trkpt><trkpt lat="15.2233884763" lon="73.9131800272"><ele>2.06</ele><time>2025-11-17T02:01:52Z</time><extensions><gpxtpx:TrackPointExtension><gpxtpx:cad>0</gpxtpx:cad></gpxtpx:TrackPointExtension></extensions></trkpt><trkpt lat="15.2234743908" lon="73.9130289014"><ele>2.54</ele><time>2025-11-17T02:01:57Z</time><extensions><gpxtpx:TrackPointExtension><gpxtpx:cad>0</gpxtpx:cad></gpxtpx:TrackPointExtension></extensions></trkpt><trkpt lat="15.2235649154" lon="73.9128759317"><ele>2.54</ele><time>2025-11-17T02:02:02Z</time><extensions><gpxtpx:TrackPointExtension><gpxtpx:cad>0</gpxtpx:cad></gpxtpx:TrackPointExtension></extensions></trkpt><trkpt lat="15.2236473095" lon="73.9127167594"><ele>2.54</ele><time>2025-11-17T02:02:07Z</time><extensions><gpxtpx:TrackPointExtension><gpxtpx:cad>0</gpxtpx:cad></gpxtpx:TrackPointExtension></extensions></trkpt><trkpt lat="15.2237405162" lon="73.9125658851"><ele>2.06</ele><time>2025-11-17T02:02:12Z</time><extensions><gpxtpx:TrackPointExtension><gpxtpx:cad>0</gpxtpx:cad></gpxtpx:TrackPointExtension></extensions></trkpt><trkpt lat="15.2238305379" lon="73.9124119934"><ele>2.06</ele><time>2025-11-17T02:02:17Z</time><extensions><gpxtpx:TrackPointExtension><gpxtpx:cad>0</gpxtpx:cad></gpxtpx:TrackPointExtension></extensions></trkpt><trkpt lat="15.2239178773" lon="73.9122542460"><ele>2.06</ele><time>2025-11-17T02:02:22Z</time><extensions><gpxtpx:TrackPointExtension><gpxtpx:cad>0</gpxtpx:cad></gpxtpx:TrackPointExtension></extensions></trkpt><trkpt lat="15.2240135986" lon="73.9121027011"><ele>2.54</ele><time>2025-11-17T02:02:27Z</time><extensions><gpxtpx:TrackPointExtension><gpxtpx:cad>0</gpxtpx:cad></gpxtpx:TrackPointExtension></extensions></trkpt><trkpt lat="15.2241105773" lon="73.9119592868"><ele>1.58</ele><time>2025-11-17T02:02:32Z</time><extensions><gpxtpx:TrackPointExtension><gpxtpx:cad>0</gpxtpx:cad></gpxtpx:TrackPointExtension></extensions></trkpt><trkpt lat="15.2242396586" lon="73.9118623920"><ele>2.06</ele><time>2025-11-17T02:02:37Z</time><extensions><gpxtpx:TrackPointExtension><gpxtpx:cad>0</gpxtpx:cad></gpxtpx:TrackPointExtension></extensions></trkpt><trkpt lat="15.2243986633" lon="73.9118417725"><ele>2.06</ele><time>2025-11-17T02:02:42Z</time><extensions><gpxtpx:TrackPointExtension><gpxtpx:cad>0</gpxtpx:cad></gpxtpx:TrackPointExtension></extensions></trkpt><trkpt lat="15.2245486993" lon="73.9118866995"><ele>1.58</ele><time>2025-11-17T02:02:47Z</time><extensions><gpxtpx:TrackPointExtension><gpxtpx:cad>0</gpxtpx:cad></gpxtpx:TrackPointExtension></extensions></trkpt><trkpt lat="15.2246802114" lon="73.9119703509"><ele>1.10</ele><time>2025-11-17T02:02:52Z</time><extensions><gpxtpx:TrackPointExtension><gpxtpx:cad>0</gpxtpx:cad></gpxtpx:TrackPointExtension></extensions></trkpt><trkpt lat="15.2248249669" lon="73.9120518230"><ele>0.62</ele><time>2025-11-17T02:02:57Z</time><extensions><gpxtpx:TrackPointExtension><gpxtpx:cad>0</gpxtpx:cad></gpxtpx:TrackPointExtension></extensions></trkpt><trkpt lat="15.2249900065" lon="73.9121154416"><ele>1.10</ele><time>2025-11-17T02:03:02Z</time><extensions><gpxtpx:TrackPointExtension><gpxtpx:cad>0</gpxtpx:cad></gpxtpx:TrackPointExtension></extensions></trkpt><trkpt lat="15.2251537889" lon="73.9121615421"><ele>0.62</ele><time>2025-11-17T02:03:07Z</time><extensions><gpxtpx:TrackPointExtension><gpxtpx:cad>0</gpxtpx:cad></gpxtpx:TrackPointExtension></extensions></trkpt><trkpt lat="15.2253120393" lon="73.9122082293"><ele>1.10</ele><time>2025-11-17T02:03:12Z</time><extensions><gpxtpx:TrackPointExtension><gpxtpx:cad>0</gpxtpx:cad></gpxtpx:TrackPointExtension></extensions></trkpt><trkpt lat="15.2254763246" lon="73.9122618735"><ele>0.62</ele><time>2025-11-17T02:03:17Z</time><extensions><gpxtpx:TrackPointExtension><gpxtpx:cad>0</gpxtpx:cad></gpxtpx:TrackPointExtension></extensions></trkpt><trkpt lat="15.2256396879" lon="73.9123057108"><ele>0.62</ele><time>2025-11-17T02:03:22Z</time><extensions><gpxtpx:TrackPointExtension><gpxtpx:cad>0</gpxtpx:cad></gpxtpx:TrackPointExtension></extensions></trkpt><trkpt lat="15.2258128580" lon="73.9123498835"><ele>0.62</ele><time>2025-11-17T02:03:27Z</time><extensions><gpxtpx:TrackPointExtension><gpxtpx:cad>0</gpxtpx:cad></gpxtpx:TrackPointExtension></extensions></trkpt><trkpt lat="15.2259766404" lon="73.9123800583"><ele>0.62</ele><time>2025-11-17T02:03:32Z</time><extensions><gpxtpx:TrackPointExtension><gpxtpx:cad>0</gpxtpx:cad></gpxtpx:TrackPointExtension></extensions></trkpt><trkpt lat="15.2261441946" lon="73.9124110714"><ele>0.62</ele><time>2025-11-17T02:03:37Z</time><extensions><gpxtpx:TrackPointExtension><gpxtpx:cad>0</gpxtpx:cad></gpxtpx:TrackPointExtension></extensions></trkpt><trkpt lat="15.2263223100" lon="73.9124528132"><ele>0.62</ele><time>2025-11-17T02:03:42Z</time><extensions><gpxtpx:TrackPointExtension><gpxtpx:cad>0</gpxtpx:cad></gpxtpx:TrackPointExtension></extensions></trkpt><trkpt lat="15.2264912892" lon="73.9124821499"><ele>0.14</ele><time>2025-11-17T02:03:47Z</time><extensions><gpxtpx:TrackPointExtension><gpxtpx:cad>0</gpxtpx:cad></gpxtpx:TrackPointExtension></extensions></trkpt><trkpt lat="15.2266564127" lon="73.9125094749"><ele>0.14</ele><time>2025-11-17T02:03:52Z</time><extensions><gpxtpx:TrackPointExtension><gpxtpx:cad>0</gpxtpx:cad></gpxtpx:TrackPointExtension></extensions></trkpt><trkpt lat="15.2268232126" lon="73.9125423320"><ele>0.14</ele><time>2025-11-17T02:03:57Z</time><extensions><gpxtpx:TrackPointExtension><gpxtpx:cad>0</gpxtpx:cad></gpxtpx:TrackPointExtension></extensions></trkpt><trkpt lat="15.2269877493" lon="73.9125969820"><ele>0.14</ele><time>2025-11-17T02:04:02Z</time><extensions><gpxtpx:TrackPointExtension><gpxtpx:cad>0</gpxtpx:cad></gpxtpx:TrackPointExtension></extensions></trkpt><trkpt lat="15.2271449100" lon="73.9126455970"><ele>0.14</ele><time>2025-11-17T02:04:07Z</time><extensions><gpxtpx:TrackPointExtension><gpxtpx:cad>0</gpxtpx:cad></gpxtpx:TrackPointExtension></extensions></trkpt><trkpt lat="15.2273070998" lon="73.9126786217"><ele>0.14</ele><time>2025-11-17T02:04:12Z</time><extensions><gpxtpx:TrackPointExtension><gpxtpx:cad>0</gpxtpx:cad></gpxtpx:TrackPointExtension></extensions></trkpt><trkpt lat="15.2274701279" lon="73.9127071202"><ele>0.14</ele><time>2025-11-17T02:04:17Z</time><extensions><gpxtpx:TrackPointExtension><gpxtpx:cad>0</gpxtpx:cad></gpxtpx:TrackPointExtension></extensions></trkpt><trkpt lat="15.2276261989" lon="73.9127572440"><ele>-0.34</ele><time>2025-11-17T02:04:22Z</time><extensions><gpxtpx:TrackPointExtension><gpxtpx:cad>0</gpxtpx:cad></gpxtpx:TrackPointExtension></extensions></trkpt><trkpt lat="15.2278004587" lon="73.9128169231"><ele>0.14</ele><time>2025-11-17T02:04:27Z</time><extensions><gpxtpx:TrackPointExtension><gpxtpx:cad>0</gpxtpx:cad></gpxtpx:TrackPointExtension></extensions></trkpt><trkpt lat="15.2279675938" lon="73.9128760993"><ele>0.62</ele><time>2025-11-17T02:04:32Z</time><extensions><gpxtpx:TrackPointExtension><gpxtpx:cad>0</gpxtpx:cad></gpxtpx:TrackPointExtension></extensions></trkpt><trkpt lat="15.2281338070" lon="73.9129330963"><ele>0.62</ele><time>2025-11-17T02:04:37Z</time><extensions><gpxtpx:TrackPointExtension><gpxtpx:cad>0</gpxtpx:cad></gpxtpx:TrackPointExtension></extensions></trkpt><trkpt lat="15.2282850165" lon="73.9129833039"><ele>0.62</ele><time>2025-11-17T02:04:42Z</time><extensions><gpxtpx:TrackPointExtension><gpxtpx:cad>0</gpxtpx:cad></gpxtpx:TrackPointExtension></extensions></trkpt><trkpt lat="15.2284479607" lon="73.9130439889"><ele>0.62</ele><time>2025-11-17T02:04:47Z</time><extensions><gpxtpx:TrackPointExtension><gpxtpx:cad>0</gpxtpx:cad></gpxtpx:TrackPointExtension></extensions></trkpt><trkpt lat="15.2286203764" lon="73.9130934421"><ele>1.10</ele><time>2025-11-17T02:04:52Z</time><extensions><gpxtpx:TrackPointExtension><gpxtpx:cad>0</gpxtpx:cad></gpxtpx:TrackPointExtension></extensions></trkpt><trkpt lat="15.2287911996" lon="73.9131425600"><ele>0.62</ele><time>2025-11-17T02:04:57Z</time><extensions><gpxtpx:TrackPointExtension><gpxtpx:cad>0</gpxtpx:cad></gpxtpx:TrackPointExtension></extensions></trkpt><trkpt lat="15.2289424092" lon="73.9131841343"><ele>0.62</ele><time>2025-11-17T02:05:02Z</time><extensions><gpxtpx:TrackPointExtension><gpxtpx:cad>0</gpxtpx:cad></gpxtpx:TrackPointExtension></extensions></trkpt><trkpt lat="15.2291058563" lon="73.9132311568"><ele>0.62</ele><time>2025-11-17T02:05:07Z</time><extensions><gpxtpx:TrackPointExtension><gpxtpx:cad>0</gpxtpx:cad></gpxtpx:TrackPointExtension></extensions></trkpt><trkpt lat="15.2292791102" lon="73.9132825378"><ele>1.10</ele><time>2025-11-17T02:05:12Z</time><extensions><gpxtpx:TrackPointExtension><gpxtpx:cad>0</gpxtpx:cad></gpxtpx:TrackPointExtension></extensions></trkpt><trkpt lat="15.2294478379" lon="73.9133288898"><ele>1.10</ele><time>2025-11-17T02:05:17Z</time><extensions><gpxtpx:TrackPointExtension><gpxtpx:cad>0</gpxtpx:cad></gpxtpx:TrackPointExtension></extensions></trkpt><trkpt lat="15.2296022326" lon="73.9133654349"><ele>0.62</ele><time>2025-11-17T02:05:22Z</time><extensions><gpxtpx:TrackPointExtension><gpxtpx:cad>0</gpxtpx:cad></gpxtpx:TrackPointExtension></extensions></trkpt><trkpt lat="15.2297611535" lon="73.9134027343"><ele>0.62</ele><time>2025-11-17T02:05:27Z</time><extensions><gpxtpx:TrackPointExtension><gpxtpx:cad>0</gpxtpx:cad></gpxtpx:TrackPointExtension></extensions></trkpt><trkpt lat="15.2299400233" lon="73.9134485833"><ele>1.10</ele><time>2025-11-17T02:05:32Z</time><extensions><gpxtpx:TrackPointExtension><gpxtpx:cad>0</gpxtpx:cad></gpxtpx:TrackPointExtension></extensions></trkpt><trkpt lat="15.2301096730" lon="73.9134846255"><ele>1.10</ele><time>2025-11-17T02:05:37Z</time><extensions><gpxtpx:TrackPointExtension><gpxtpx:cad>0</gpxtpx:cad></gpxtpx:TrackPointExtension></extensions></trkpt><trkpt lat="15.2302703541" lon="73.9135085139"><ele>0.62</ele><time>2025-11-17T02:05:42Z</time><extensions><gpxtpx:TrackPointExtension><gpxtpx:cad>0</gpxtpx:cad></gpxtpx:TrackPointExtension></extensions></trkpt><trkpt lat="15.2304344717" lon="73.9135235175"><ele>0.62</ele><time>2025-11-17T02:05:47Z</time><extensions><gpxtpx:TrackPointExtension><gpxtpx:cad>0</gpxtpx:cad></gpxtpx:TrackPointExtension></extensions></trkpt><trkpt lat="15.2306052111" lon="73.9135303069"><ele>0.62</ele><time>2025-11-17T02:05:52Z</time><extensions><gpxtpx:TrackPointExtension><gpxtpx:cad>0</gpxtpx:cad></gpxtpx:TrackPointExtension></extensions></trkpt><trkpt lat="15.2307847515" lon="73.9135427959"><ele>1.10</ele><time>2025-11-17T02:05:57Z</time><extensions><gpxtpx:TrackPointExtension><gpxtpx:cad>0</gpxtpx:cad></gpxtpx:TrackPointExtension></extensions></trkpt><trkpt lat="15.2309409063" lon="73.9135503396"><ele>1.10</ele><time>2025-11-17T02:06:02Z</time><extensions><gpxtpx:TrackPointExtension><gpxtpx:cad>0</gpxtpx:cad></gpxtpx:TrackPointExtension></extensions></trkpt><trkpt lat="15.2310989052" lon="73.9135562070"><ele>0.62</ele><time>2025-11-17T02:06:07Z</time><extensions><gpxtpx:TrackPointExtension><gpxtpx:cad>0</gpxtpx:cad></gpxtpx:TrackPointExtension></extensions></trkpt><trkpt lat="15.2312739193" lon="73.9135682769"><ele>1.10</ele><time>2025-11-17T02:06:12Z</time><extensions><gpxtpx:TrackPointExtension><gpxtpx:cad>0</gpxtpx:cad></gpxtpx:TrackPointExtension></extensions></trkpt><trkpt lat="15.2314501069" lon="73.9135871362"><ele>1.10</ele><time>2025-11-17T02:06:17Z</time><extensions><gpxtpx:TrackPointExtension><gpxtpx:cad>0</gpxtpx:cad></gpxtpx:TrackPointExtension></extensions></trkpt><trkpt lat="15.2316093631" lon="73.9135914948"><ele>0.62</ele><time>2025-11-17T02:06:22Z</time><extensions><gpxtpx:TrackPointExtension><gpxtpx:cad>0</gpxtpx:cad></gpxtpx:TrackPointExtension></extensions></trkpt><trkpt lat="15.2317723073" lon="73.9136075880"><ele>0.62</ele><time>2025-11-17T02:06:27Z</time><extensions><gpxtpx:TrackPointExtension><gpxtpx:cad>0</gpxtpx:cad></gpxtpx:TrackPointExtension></extensions></trkpt><trkpt lat="15.2319531050" lon="73.9136299677"><ele>0.62</ele><time>2025-11-17T02:06:32Z</time><extensions><gpxtpx:TrackPointExtension><gpxtpx:cad>0</gpxtpx:cad></gpxtpx:TrackPointExtension></extensions></trkpt><trkpt lat="15.2321286220" lon="73.9136564545"><ele>0.62</ele><time>2025-11-17T02:06:37Z</time><extensions><gpxtpx:TrackPointExtension><gpxtpx:cad>0</gpxtpx:cad></gpxtpx:TrackPointExtension></extensions></trkpt><trkpt lat="15.2322930750" lon="73.9136809297"><ele>0.14</ele><time>2025-11-17T02:06:42Z</time><extensions><gpxtpx:TrackPointExtension><gpxtpx:cad>0</gpxtpx:cad></gpxtpx:TrackPointExtension></extensions></trkpt><trkpt lat="15.2324630599" lon="73.9136977773"><ele>-0.34</ele><time>2025-11-17T02:06:47Z</time><extensions><gpxtpx:TrackPointExtension><gpxtpx:cad>0</gpxtpx:cad></gpxtpx:TrackPointExtension></extensions></trkpt><trkpt lat="15.2326371521" lon="73.9137188997"><ele>0.14</ele><time>2025-11-17T02:06:52Z</time><extensions><gpxtpx:TrackPointExtension><gpxtpx:cad>0</gpxtpx:cad></gpxtpx:TrackPointExtension></extensions></trkpt><trkpt lat="15.2328064665" lon="73.9137412794"><ele>-0.34</ele><time>2025-11-17T02:06:57Z</time><extensions><gpxtpx:TrackPointExtension><gpxtpx:cad>0</gpxtpx:cad></gpxtpx:TrackPointExtension></extensions></trkpt><trkpt lat="15.2329764515" lon="73.9137597196"><ele>-0.34</ele><time>2025-11-17T02:07:02Z</time><extensions><gpxtpx:TrackPointExtension><gpxtpx:cad>0</gpxtpx:cad></gpxtpx:TrackPointExtension></extensions></trkpt><trkpt lat="15.2331516333" lon="73.9137794171"><ele>-0.34</ele><time>2025-11-17T02:07:07Z</time><extensions><gpxtpx:TrackPointExtension><gpxtpx:cad>0</gpxtpx:cad></gpxtpx:TrackPointExtension></extensions></trkpt><trkpt lat="15.2333259769" lon="73.9137991145"><ele>0.62</ele><time>2025-11-17T02:07:12Z</time><extensions><gpxtpx:TrackPointExtension><gpxtpx:cad>0</gpxtpx:cad></gpxtpx:TrackPointExtension></extensions></trkpt><trkpt lat="15.2334878314" lon="73.9138105139"><ele>1.10</ele><time>2025-11-17T02:07:17Z</time><extensions><gpxtpx:TrackPointExtension><gpxtpx:cad>0</gpxtpx:cad></gpxtpx:TrackPointExtension></extensions></trkpt><trkpt lat="15.2336599957" lon="73.9138324745"><ele>1.58</ele><time>2025-11-17T02:07:22Z</time><extensions><gpxtpx:TrackPointExtension><gpxtpx:cad>0</gpxtpx:cad></gpxtpx:TrackPointExtension></extensions></trkpt><trkpt lat="15.2338352613" lon="73.9138618112"><ele>1.58</ele><time>2025-11-17T02:07:27Z</time><extensions><gpxtpx:TrackPointExtension><gpxtpx:cad>0</gpxtpx:cad></gpxtpx:TrackPointExtension></extensions></trkpt><trkpt lat="15.2340022288" lon="73.9138888009"><ele>1.58</ele><time>2025-11-17T02:07:32Z</time><extensions><gpxtpx:TrackPointExtension><gpxtpx:cad>0</gpxtpx:cad></gpxtpx:TrackPointExtension></extensions></trkpt><trkpt lat="15.2341660950" lon="73.9139164612"><ele>2.06</ele><time>2025-11-17T02:07:37Z</time><extensions><gpxtpx:TrackPointExtension><gpxtpx:cad>0</gpxtpx:cad></gpxtpx:TrackPointExtension></extensions></trkpt><trkpt lat="15.2343188133" lon="73.9139754698"><ele>2.06</ele><time>2025-11-17T02:07:42Z</time><extensions><gpxtpx:TrackPointExtension><gpxtpx:cad>0</gpxtpx:cad></gpxtpx:TrackPointExtension></extensions></trkpt><trkpt lat="15.2344703581" lon="73.9140747953"><ele>2.54</ele><time>2025-11-17T02:07:47Z</time><extensions><gpxtpx:TrackPointExtension><gpxtpx:cad>0</gpxtpx:cad></gpxtpx:TrackPointExtension></extensions></trkpt><trkpt lat="15.2346232440" lon="73.9141710196"><ele>2.54</ele><time>2025-11-17T02:07:52Z</time><extensions><gpxtpx:TrackPointExtension><gpxtpx:cad>0</gpxtpx:cad></gpxtpx:TrackPointExtension></extensions></trkpt><trkpt lat="15.2347534150" lon="73.9142618794"><ele>2.54</ele><time>2025-11-17T02:07:57Z</time><extensions><gpxtpx:TrackPointExtension><gpxtpx:cad>0</gpxtpx:cad></gpxtpx:TrackPointExtension></extensions></trkpt><trkpt lat="15.2348789759" lon="73.9143542480"><ele>2.06</ele><time>2025-11-17T02:08:02Z</time><extensions><gpxtpx:TrackPointExtension><gpxtpx:cad>0</gpxtpx:cad></gpxtpx:TrackPointExtension></extensions></trkpt><trkpt lat="15.2350202110" lon="73.9144556690"><ele>2.54</ele><time>2025-11-17T02:08:07Z</time><extensions><gpxtpx:TrackPointExtension><gpxtpx:cad>0</gpxtpx:cad></gpxtpx:TrackPointExtension></extensions></trkpt><trkpt lat="15.2351680677" lon="73.9145734347"><ele>3.02</ele><time>2025-11-17T02:08:12Z</time><extensions><gpxtpx:TrackPointExtension><gpxtpx:cad>0</gpxtpx:cad></gpxtpx:TrackPointExtension></extensions></trkpt><trkpt lat="15.2353102248" lon="73.9146781247"><ele>2.54</ele><time>2025-11-17T02:08:17Z</time><extensions><gpxtpx:TrackPointExtension><gpxtpx:cad>0</gpxtpx:cad></gpxtpx:TrackPointExtension></extensions></trkpt><trkpt lat="15.2354455926" lon="73.9147687331"><ele>2.06</ele><time>2025-11-17T02:08:22Z</time><extensions><gpxtpx:TrackPointExtension><gpxtpx:cad>0</gpxtpx:cad></gpxtpx:TrackPointExtension></extensions></trkpt><trkpt lat="15.2355843130" lon="73.9148627780"><ele>2.06</ele><time>2025-11-17T02:08:27Z</time><extensions><gpxtpx:TrackPointExtension><gpxtpx:cad>0</gpxtpx:cad></gpxtpx:TrackPointExtension></extensions></trkpt><trkpt lat="15.2357243747" lon="73.9149691444"><ele>3.02</ele><time>2025-11-17T02:08:32Z</time><extensions><gpxtpx:TrackPointExtension><gpxtpx:cad>0</gpxtpx:cad></gpxtpx:TrackPointExtension></extensions></trkpt><trkpt lat="15.2358554676" lon="73.9150886703"><ele>3.02</ele><time>2025-11-17T02:08:37Z</time><extensions><gpxtpx:TrackPointExtension><gpxtpx:cad>0</gpxtpx:cad></gpxtpx:TrackPointExtension></extensions></trkpt><trkpt lat="15.2359934337" lon="73.9151989762"><ele>3.02</ele><time>2025-11-17T02:08:42Z</time><extensions><gpxtpx:TrackPointExtension><gpxtpx:cad>0</gpxtpx:cad></gpxtpx:TrackPointExtension></extensions></trkpt><trkpt lat="15.2361261193" lon="73.9152945299"><ele>2.54</ele><time>2025-11-17T02:08:47Z</time><extensions><gpxtpx:TrackPointExtension><gpxtpx:cad>0</gpxtpx:cad></gpxtpx:TrackPointExtension></extensions></trkpt><trkpt lat="15.2362640854" lon="73.9153930172"><ele>3.02</ele><time>2025-11-17T02:08:52Z</time><extensions><gpxtpx:TrackPointExtension><gpxtpx:cad>0</gpxtpx:cad></gpxtpx:TrackPointExtension></extensions></trkpt><trkpt lat="15.2364112716" lon="73.9154859725"><ele>3.02</ele><time>2025-11-17T02:08:57Z</time><extensions><gpxtpx:TrackPointExtension><gpxtpx:cad>0</gpxtpx:cad></gpxtpx:TrackPointExtension></extensions></trkpt><trkpt lat="15.2365564462" lon="73.9155840408"><ele>3.50</ele><time>2025-11-17T02:09:02Z</time><extensions><gpxtpx:TrackPointExtension><gpxtpx:cad>0</gpxtpx:cad></gpxtpx:TrackPointExtension></extensions></trkpt><trkpt lat="15.2366959210" lon="73.9156780858"><ele>3.50</ele><time>2025-11-17T02:09:07Z</time><extensions><gpxtpx:TrackPointExtension><gpxtpx:cad>0</gpxtpx:cad></gpxtpx:TrackPointExtension></extensions></trkpt><trkpt lat="15.2368383296" lon="73.9157659281"><ele>3.50</ele><time>2025-11-17T02:09:12Z</time><extensions><gpxtpx:TrackPointExtension><gpxtpx:cad>0</gpxtpx:cad></gpxtpx:TrackPointExtension></extensions></trkpt><trkpt lat="15.2369896229" lon="73.9158591349"><ele>3.02</ele><time>2025-11-17T02:09:17Z</time><extensions><gpxtpx:TrackPointExtension><gpxtpx:cad>0</gpxtpx:cad></gpxtpx:TrackPointExtension></extensions></trkpt><trkpt lat="15.2371450234" lon="73.9159442112"><ele>3.02</ele><time>2025-11-17T02:09:22Z</time><extensions><gpxtpx:TrackPointExtension><gpxtpx:cad>0</gpxtpx:cad></gpxtpx:TrackPointExtension></extensions></trkpt><trkpt lat="15.2372939698" lon="73.9160390943"><ele>3.02</ele><time>2025-11-17T02:09:27Z</time><extensions><gpxtpx:TrackPointExtension><gpxtpx:cad>0</gpxtpx:cad></gpxtpx:TrackPointExtension></extensions></trkpt><trkpt lat="15.2374232188" lon="73.9161373302"><ele>3.02</ele><time>2025-11-17T02:09:32Z</time><extensions><gpxtpx:TrackPointExtension><gpxtpx:cad>0</gpxtpx:cad></gpxtpx:TrackPointExtension></extensions></trkpt><trkpt lat="15.2375587542" lon="73.9162429422"><ele>2.54</ele><time>2025-11-17T02:09:37Z</time><extensions><gpxtpx:TrackPointExtension><gpxtpx:cad>0</gpxtpx:cad></gpxtpx:TrackPointExtension></extensions></trkpt><trkpt lat="15.2377061918" lon="73.9163545053"><ele>2.54</ele><time>2025-11-17T02:09:42Z</time><extensions><gpxtpx:TrackPointExtension><gpxtpx:cad>0</gpxtpx:cad></gpxtpx:TrackPointExtension></extensions></trkpt><trkpt lat="15.2378465887" lon="73.9164653141"><ele>2.54</ele><time>2025-11-17T02:09:47Z</time><extensions><gpxtpx:TrackPointExtension><gpxtpx:cad>0</gpxtpx:cad></gpxtpx:TrackPointExtension></extensions></trkpt><trkpt lat="15.2379764244" lon="73.9165687468"><ele>2.54</ele><time>2025-11-17T02:09:52Z</time><extensions><gpxtpx:TrackPointExtension><gpxtpx:cad>0</gpxtpx:cad></gpxtpx:TrackPointExtension></extensions></trkpt><trkpt lat="15.2381018177" lon="73.9166690782"><ele>2.06</ele><time>2025-11-17T02:09:57Z</time><extensions><gpxtpx:TrackPointExtension><gpxtpx:cad>0</gpxtpx:cad></gpxtpx:TrackPointExtension></extensions></trkpt><trkpt lat="15.2382416278" lon="73.9167840779"><ele>2.06</ele><time>2025-11-17T02:10:02Z</time><extensions><gpxtpx:TrackPointExtension><gpxtpx:cad>0</gpxtpx:cad></gpxtpx:TrackPointExtension></extensions></trkpt><trkpt lat="15.2383930050" lon="73.9168922883"><ele>2.06</ele><time>2025-11-17T02:10:07Z</time><extensions><gpxtpx:TrackPointExtension><gpxtpx:cad>0</gpxtpx:cad></gpxtpx:TrackPointExtension></extensions></trkpt><trkpt lat="15.2385365870" lon="73.9169928711"><ele>2.06</ele><time>2025-11-17T02:10:12Z</time><extensions><gpxtpx:TrackPointExtension><gpxtpx:cad>0</gpxtpx:cad></gpxtpx:TrackPointExtension></extensions></trkpt><trkpt lat="15.2386733796" lon="73.9171000756"><ele>2.06</ele><time>2025-11-17T02:10:17Z</time><extensions><gpxtpx:TrackPointExtension><gpxtpx:cad>0</gpxtpx:cad></gpxtpx:TrackPointExtension></extensions></trkpt><trkpt lat="15.2388046402" lon="73.9172005747"><ele>2.06</ele><time>2025-11-17T02:10:22Z</time><extensions><gpxtpx:TrackPointExtension><gpxtpx:cad>0</gpxtpx:cad></gpxtpx:TrackPointExtension></extensions></trkpt><trkpt lat="15.2389566880" lon="73.9172915183"><ele>2.06</ele><time>2025-11-17T02:10:27Z</time><extensions><gpxtpx:TrackPointExtension><gpxtpx:cad>0</gpxtpx:cad></gpxtpx:TrackPointExtension></extensions></trkpt><trkpt lat="15.2391095739" lon="73.9173882455"><ele>2.06</ele><time>2025-11-17T02:10:32Z</time><extensions><gpxtpx:TrackPointExtension><gpxtpx:cad>0</gpxtpx:cad></gpxtpx:TrackPointExtension></extensions></trkpt><trkpt lat="15.2392583527" lon="73.9174770936"><ele>2.06</ele><time>2025-11-17T02:10:37Z</time><extensions><gpxtpx:TrackPointExtension><gpxtpx:cad>0</gpxtpx:cad></gpxtpx:TrackPointExtension></extensions></trkpt><trkpt lat="15.2394003421" lon="73.9175656065"><ele>2.06</ele><time>2025-11-17T02:10:42Z</time><extensions><gpxtpx:TrackPointExtension><gpxtpx:cad>0</gpxtpx:cad></gpxtpx:TrackPointExtension></extensions></trkpt><trkpt lat="15.2395430021" lon="73.9176534489"><ele>2.06</ele><time>2025-11-17T02:10:47Z</time><extensions><gpxtpx:TrackPointExtension><gpxtpx:cad>0</gpxtpx:cad></gpxtpx:TrackPointExtension></extensions></trkpt><trkpt lat="15.2396856621" lon="73.9177456498"><ele>2.54</ele><time>2025-11-17T02:10:52Z</time><extensions><gpxtpx:TrackPointExtension><gpxtpx:cad>0</gpxtpx:cad></gpxtpx:TrackPointExtension></extensions></trkpt><trkpt lat="15.2398332674" lon="73.9178427123"><ele>2.54</ele><time>2025-11-17T02:10:57Z</time><extensions><gpxtpx:TrackPointExtension><gpxtpx:cad>0</gpxtpx:cad></gpxtpx:TrackPointExtension></extensions></trkpt><trkpt lat="15.2399774361" lon="73.9179411996"><ele>3.02</ele><time>2025-11-17T02:11:02Z</time><extensions><gpxtpx:TrackPointExtension><gpxtpx:cad>0</gpxtpx:cad></gpxtpx:TrackPointExtension></extensions></trkpt><trkpt lat="15.2401192579" lon="73.9180422015"><ele>3.02</ele><time>2025-11-17T02:11:07Z</time><extensions><gpxtpx:TrackPointExtension><gpxtpx:cad>0</gpxtpx:cad></gpxtpx:TrackPointExtension></extensions></trkpt><trkpt lat="15.2402629238" lon="73.9181360789"><ele>3.02</ele><time>2025-11-17T02:11:12Z</time><extensions><gpxtpx:TrackPointExtension><gpxtpx:cad>0</gpxtpx:cad></gpxtpx:TrackPointExtension></extensions></trkpt><trkpt lat="15.2403985430" lon="73.9182256814"><ele>3.02</ele><time>2025-11-17T02:11:17Z</time><extensions><gpxtpx:TrackPointExtension><gpxtpx:cad>0</gpxtpx:cad></gpxtpx:TrackPointExtension></extensions></trkpt><trkpt lat="15.2405501716" lon="73.9183250908"><ele>3.02</ele><time>2025-11-17T02:11:22Z</time><extensions><gpxtpx:TrackPointExtension><gpxtpx:cad>0</gpxtpx:cad></gpxtpx:TrackPointExtension></extensions></trkpt><trkpt lat="15.2407077514" lon="73.9184110053"><ele>3.02</ele><time>2025-11-17T02:11:27Z</time><extensions><gpxtpx:TrackPointExtension><gpxtpx:cad>0</gpxtpx:cad></gpxtpx:TrackPointExtension></extensions></trkpt><trkpt lat="15.2408533450" lon="73.9184886217"><ele>3.02</ele><time>2025-11-17T02:11:32Z</time><extensions><gpxtpx:TrackPointExtension><gpxtpx:cad>0</gpxtpx:cad></gpxtpx:TrackPointExtension></extensions></trkpt><trkpt lat="15.2409972623" lon="73.9185692556"><ele>3.02</ele><time>2025-11-17T02:11:37Z</time><extensions><gpxtpx:TrackPointExtension><gpxtpx:cad>0</gpxtpx:cad></gpxtpx:TrackPointExtension></extensions></trkpt><trkpt lat="15.2411520761" lon="73.9186435193"><ele>3.02</ele><time>2025-11-17T02:11:42Z</time><extensions><gpxtpx:TrackPointExtension><gpxtpx:cad>0</gpxtpx:cad></gpxtpx:TrackPointExtension></extensions></trkpt><trkpt lat="15.2413128410" lon="73.9187089819"><ele>3.50</ele><time>2025-11-17T02:11:47Z</time><extensions><gpxtpx:TrackPointExtension><gpxtpx:cad>0</gpxtpx:cad></gpxtpx:TrackPointExtension></extensions></trkpt><trkpt lat="15.2414696664" lon="73.9187861793"><ele>3.50</ele><time>2025-11-17T02:11:52Z</time><extensions><gpxtpx:TrackPointExtension><gpxtpx:cad>0</gpxtpx:cad></gpxtpx:TrackPointExtension></extensions></trkpt><trkpt lat="15.2416240610" lon="73.9188596047"><ele>3.50</ele><time>2025-11-17T02:11:57Z</time><extensions><gpxtpx:TrackPointExtension><gpxtpx:cad>0</gpxtpx:cad></gpxtpx:TrackPointExtension></extensions></trkpt><trkpt lat="15.2417751867" lon="73.9189292584"><ele>3.02</ele><time>2025-11-17T02:12:02Z</time><extensions><gpxtpx:TrackPointExtension><gpxtpx:cad>0</gpxtpx:cad></gpxtpx:TrackPointExtension></extensions></trkpt><trkpt lat="15.2419269830" lon="73.9190013427"><ele>3.02</ele><time>2025-11-17T02:12:07Z</time><extensions><gpxtpx:TrackPointExtension><gpxtpx:cad>0</gpxtpx:cad></gpxtpx:TrackPointExtension></extensions></trkpt><trkpt lat="15.2420854848" lon="73.9190852456"><ele>3.02</ele><time>2025-11-17T02:12:12Z</time><extensions><gpxtpx:TrackPointExtension><gpxtpx:cad>0</gpxtpx:cad></gpxtpx:TrackPointExtension></extensions></trkpt><trkpt lat="15.2422480099" lon="73.9191680588"><ele>3.02</ele><time>2025-11-17T02:12:17Z</time><extensions><gpxtpx:TrackPointExtension><gpxtpx:cad>0</gpxtpx:cad></gpxtpx:TrackPointExtension></extensions></trkpt><trkpt lat="15.2423995547" lon="73.9192412328"><ele>3.02</ele><time>2025-11-17T02:12:22Z</time><extensions><gpxtpx:TrackPointExtension><gpxtpx:cad>0</gpxtpx:cad></gpxtpx:TrackPointExtension></extensions></trkpt><trkpt lat="15.2425473277" lon="73.9193089586"><ele>2.54</ele><time>2025-11-17T02:12:27Z</time><extensions><gpxtpx:TrackPointExtension><gpxtpx:cad>0</gpxtpx:cad></gpxtpx:TrackPointExtension></extensions></trkpt><trkpt lat="15.2427039016" lon="73.9193699788"><ele>2.54</ele><time>2025-11-17T02:12:32Z</time><extensions><gpxtpx:TrackPointExtension><gpxtpx:cad>0</gpxtpx:cad></gpxtpx:TrackPointExtension></extensions></trkpt><trkpt lat="15.2428664267" lon="73.9194343518"><ele>2.54</ele><time>2025-11-17T02:12:37Z</time><extensions><gpxtpx:TrackPointExtension><gpxtpx:cad>0</gpxtpx:cad></gpxtpx:TrackPointExtension></extensions></trkpt><trkpt lat="15.2430367470" lon="73.9195015747"><ele>2.54</ele><time>2025-11-17T02:12:42Z</time><extensions><gpxtpx:TrackPointExtension><gpxtpx:cad>0</gpxtpx:cad></gpxtpx:TrackPointExtension></extensions></trkpt><trkpt lat="15.2432021219" lon="73.9195561409"><ele>2.06</ele><time>2025-11-17T02:12:47Z</time><extensions><gpxtpx:TrackPointExtension><gpxtpx:cad>0</gpxtpx:cad></gpxtpx:TrackPointExtension></extensions></trkpt><trkpt lat="15.2433609590" lon="73.9195983019"><ele>2.06</ele><time>2025-11-17T02:12:52Z</time><extensions><gpxtpx:TrackPointExtension><gpxtpx:cad>0</gpxtpx:cad></gpxtpx:TrackPointExtension></extensions></trkpt><trkpt lat="15.2435212210" lon="73.9196362719"><ele>2.06</ele><time>2025-11-17T02:12:57Z</time><extensions><gpxtpx:TrackPointExtension><gpxtpx:cad>0</gpxtpx:cad></gpxtpx:TrackPointExtension></extensions></trkpt><trkpt lat="15.2436860092" lon="73.9196762536"><ele>2.06</ele><time>2025-11-17T02:13:02Z</time><extensions><gpxtpx:TrackPointExtension><gpxtpx:cad>0</gpxtpx:cad></gpxtpx:TrackPointExtension></extensions></trkpt><trkpt lat="15.2438663878" lon="73.9197215997"><ele>2.06</ele><time>2025-11-17T02:13:07Z</time><extensions><gpxtpx:TrackPointExtension><gpxtpx:cad>0</gpxtpx:cad></gpxtpx:TrackPointExtension></extensions></trkpt><trkpt lat="15.2440466825" lon="73.9197644312"><ele>1.58</ele><time>2025-11-17T02:13:12Z</time><extensions><gpxtpx:TrackPointExtension><gpxtpx:cad>0</gpxtpx:cad></gpxtpx:TrackPointExtension></extensions></trkpt><trkpt lat="15.2442178410" lon="73.9197920077"><ele>1.58</ele><time>2025-11-17T02:13:17Z</time><extensions><gpxtpx:TrackPointExtension><gpxtpx:cad>0</gpxtpx:cad></gpxtpx:TrackPointExtension></extensions></trkpt><trkpt lat="15.2443897538" lon="73.9198031556"><ele>1.58</ele><time>2025-11-17T02:13:22Z</time><extensions><gpxtpx:TrackPointExtension><gpxtpx:cad>0</gpxtpx:cad></gpxtpx:TrackPointExtension></extensions></trkpt><trkpt lat="15.2445638459" lon="73.9198211767"><ele>1.10</ele><time>2025-11-17T02:13:27Z</time><extensions><gpxtpx:TrackPointExtension><gpxtpx:cad>0</gpxtpx:cad></gpxtpx:TrackPointExtension></extensions></trkpt><trkpt lat="15.2447387762" lon="73.9198203385"><ele>1.10</ele><time>2025-11-17T02:13:32Z</time><extensions><gpxtpx:TrackPointExtension><gpxtpx:cad>0</gpxtpx:cad></gpxtpx:TrackPointExtension></extensions></trkpt><trkpt lat="15.2448907401" lon="73.9197554626"><ele>1.10</ele><time>2025-11-17T02:13:37Z</time><extensions><gpxtpx:TrackPointExtension><gpxtpx:cad>0</gpxtpx:cad></gpxtpx:TrackPointExtension></extensions></trkpt><trkpt lat="15.2450030576" lon="73.9196335059"><ele>1.58</ele><time>2025-11-17T02:13:42Z</time><extensions><gpxtpx:TrackPointExtension><gpxtpx:cad>0</gpxtpx:cad></gpxtpx:TrackPointExtension></extensions></trkpt><trkpt lat="15.2450852003" lon="73.9194787759"><ele>1.58</ele><time>2025-11-17T02:13:47Z</time><extensions><gpxtpx:TrackPointExtension><gpxtpx:cad>0</gpxtpx:cad></gpxtpx:TrackPointExtension></extensions></trkpt><trkpt lat="15.2451669239" lon="73.9193360321"><ele>1.58</ele><time>2025-11-17T02:13:52Z</time><extensions><gpxtpx:TrackPointExtension><gpxtpx:cad>0</gpxtpx:cad></gpxtpx:TrackPointExtension></extensions></trkpt><trkpt lat="15.2452463005" lon="73.9191817213"><ele>1.58</ele><time>2025-11-17T02:13:57Z</time><extensions><gpxtpx:TrackPointExtension><gpxtpx:cad>0</gpxtpx:cad></gpxtpx:TrackPointExtension></extensions></trkpt><trkpt lat="15.2453355677" lon="73.9190337807"><ele>1.58</ele><time>2025-11-17T02:14:02Z</time><extensions><gpxtpx:TrackPointExtension><gpxtpx:cad>0</gpxtpx:cad></gpxtpx:TrackPointExtension></extensions></trkpt><trkpt lat="15.2454265114" lon="73.9188793860"><ele>1.10</ele><time>2025-11-17T02:14:07Z</time><extensions><gpxtpx:TrackPointExtension><gpxtpx:cad>0</gpxtpx:cad></gpxtpx:TrackPointExtension></extensions></trkpt><trkpt lat="15.2455259208" lon="73.9187264163"><ele>2.06</ele><time>2025-11-17T02:14:12Z</time><extensions><gpxtpx:TrackPointExtension><gpxtpx:cad>0</gpxtpx:cad></gpxtpx:TrackPointExtension></extensions></trkpt><trkpt lat="15.2456269227" lon="73.9185845945"><ele>2.06</ele><time>2025-11-17T02:14:17Z</time><extensions><gpxtpx:TrackPointExtension><gpxtpx:cad>0</gpxtpx:cad></gpxtpx:TrackPointExtension></extensions></trkpt><trkpt lat="15.2457192075" lon="73.9184305351"><ele>2.06</ele><time>2025-11-17T02:14:22Z</time><extensions><gpxtpx:TrackPointExtension><gpxtpx:cad>0</gpxtpx:cad></gpxtpx:TrackPointExtension></extensions></trkpt><trkpt lat="15.2458259929" lon="73.9182906412"><ele>2.54</ele><time>2025-11-17T02:14:27Z</time><extensions><gpxtpx:TrackPointExtension><gpxtpx:cad>0</gpxtpx:cad></gpxtpx:TrackPointExtension></extensions></trkpt><trkpt lat="15.2459280845" lon="73.9181411080"><ele>2.06</ele><time>2025-11-17T02:14:32Z</time><extensions><gpxtpx:TrackPointExtension><gpxtpx:cad>0</gpxtpx:cad></gpxtpx:TrackPointExtension></extensions></trkpt><trkpt lat="15.2460345346" lon="73.9180107694"><ele>2.06</ele><time>2025-11-17T02:14:37Z</time><extensions><gpxtpx:TrackPointExtension><gpxtpx:cad>0</gpxtpx:cad></gpxtpx:TrackPointExtension></extensions></trkpt><trkpt lat="15.2461563237" lon="73.9178796764"><ele>2.06</ele><time>2025-11-17T02:14:42Z</time><extensions><gpxtpx:TrackPointExtension><gpxtpx:cad>0</gpxtpx:cad></gpxtpx:TrackPointExtension></extensions></trkpt><trkpt lat="15.2462796215" lon="73.9177590609"><ele>2.06</ele><time>2025-11-17T02:14:47Z</time><extensions><gpxtpx:TrackPointExtension><gpxtpx:cad>0</gpxtpx:cad></gpxtpx:TrackPointExtension></extensions></trkpt><trkpt lat="15.2463914361" lon="73.9176154789"><ele>2.06</ele><time>2025-11-17T02:14:52Z</time><extensions><gpxtpx:TrackPointExtension><gpxtpx:cad>0</gpxtpx:cad></gpxtpx:TrackPointExtension></extensions></trkpt><trkpt lat="15.2464927733" lon="73.9174703043"><ele>2.06</ele><time>2025-11-17T02:14:57Z</time><extensions><gpxtpx:TrackPointExtension><gpxtpx:cad>0</gpxtpx:cad></gpxtpx:TrackPointExtension></extensions></trkpt><trkpt lat="15.2465910092" lon="73.9173237048"><ele>1.58</ele><time>2025-11-17T02:15:02Z</time><extensions><gpxtpx:TrackPointExtension><gpxtpx:cad>0</gpxtpx:cad></gpxtpx:TrackPointExtension></extensions></trkpt><trkpt lat="15.2466760855" lon="73.9171708189"><ele>1.58</ele><time>2025-11-17T02:15:07Z</time><extensions><gpxtpx:TrackPointExtension><gpxtpx:cad>0</gpxtpx:cad></gpxtpx:TrackPointExtension></extensions></trkpt><trkpt lat="15.2467502654" lon="73.9170113113"><ele>1.58</ele><time>2025-11-17T02:15:12Z</time><extensions><gpxtpx:TrackPointExtension><gpxtpx:cad>0</gpxtpx:cad></gpxtpx:TrackPointExtension></extensions></trkpt><trkpt lat="15.2468229365" lon="73.9168463554"><ele>1.58</ele><time>2025-11-17T02:15:17Z</time><extensions><gpxtpx:TrackPointExtension><gpxtpx:cad>0</gpxtpx:cad></gpxtpx:TrackPointExtension></extensions></trkpt><trkpt lat="15.2468916681" lon="73.9166877698"><ele>1.58</ele><time>2025-11-17T02:15:22Z</time><extensions><gpxtpx:TrackPointExtension><gpxtpx:cad>0</gpxtpx:cad></gpxtpx:TrackPointExtension></extensions></trkpt><trkpt lat="15.2469495870" lon="73.9165162761"><ele>1.10</ele><time>2025-11-17T02:15:27Z</time><extensions><gpxtpx:TrackPointExtension><gpxtpx:cad>0</gpxtpx:cad></gpxtpx:TrackPointExtension></extensions></trkpt><trkpt lat="15.2469966095" lon="73.9163441118"><ele>1.10</ele><time>2025-11-17T02:15:32Z</time><extensions><gpxtpx:TrackPointExtension><gpxtpx:cad>0</gpxtpx:cad></gpxtpx:TrackPointExtension></extensions></trkpt><trkpt lat="15.2470437158" lon="73.9161745459"><ele>1.10</ele><time>2025-11-17T02:15:37Z</time><extensions><gpxtpx:TrackPointExtension><gpxtpx:cad>0</gpxtpx:cad></gpxtpx:TrackPointExtension></extensions></trkpt><trkpt lat="15.2471123636" lon="73.9160102606"><ele>1.10</ele><time>2025-11-17T02:15:42Z</time><extensions><gpxtpx:TrackPointExtension><gpxtpx:cad>0</gpxtpx:cad></gpxtpx:TrackPointExtension></extensions></trkpt><trkpt lat="15.2472092584" lon="73.9158650860"><ele>1.10</ele><time>2025-11-17T02:15:47Z</time><extensions><gpxtpx:TrackPointExtension><gpxtpx:cad>0</gpxtpx:cad></gpxtpx:TrackPointExtension></extensions></trkpt><trkpt lat="15.2473131940" lon="73.9157229289"><ele>1.10</ele><time>2025-11-17T02:15:52Z</time><extensions><gpxtpx:TrackPointExtension><gpxtpx:cad>0</gpxtpx:cad></gpxtpx:TrackPointExtension></extensions></trkpt><trkpt lat="15.2474220749" lon="73.9155743178"><ele>1.58</ele><time>2025-11-17T02:15:57Z</time><extensions><gpxtpx:TrackPointExtension><gpxtpx:cad>0</gpxtpx:cad></gpxtpx:TrackPointExtension></extensions></trkpt><trkpt lat="15.2475500666" lon="73.9154536184"><ele>1.58</ele><time>2025-11-17T02:16:02Z</time><extensions><gpxtpx:TrackPointExtension><gpxtpx:cad>0</gpxtpx:cad></gpxtpx:TrackPointExtension></extensions></trkpt><trkpt lat="15.2476726938" lon="73.9153309073"><ele>1.58</ele><time>2025-11-17T02:16:07Z</time><extensions><gpxtpx:TrackPointExtension><gpxtpx:cad>0</gpxtpx:cad></gpxtpx:TrackPointExtension></extensions></trkpt><trkpt lat="15.2477994282" lon="73.9152076095"><ele>1.10</ele><time>2025-11-17T02:16:12Z</time><extensions><gpxtpx:TrackPointExtension><gpxtpx:cad>0</gpxtpx:cad></gpxtpx:TrackPointExtension></extensions></trkpt><trkpt lat="15.2479425073" lon="73.9151092060"><ele>1.10</ele><time>2025-11-17T02:16:17Z</time><extensions><gpxtpx:TrackPointExtension><gpxtpx:cad>0</gpxtpx:cad></gpxtpx:TrackPointExtension></extensions></trkpt><trkpt lat="15.2480825689" lon="73.9150048513"><ele>1.10</ele><time>2025-11-17T02:16:22Z</time><extensions><gpxtpx:TrackPointExtension><gpxtpx:cad>0</gpxtpx:cad></gpxtpx:TrackPointExtension></extensions></trkpt><trkpt lat="15.2482130751" lon="73.9148888458"><ele>1.10</ele><time>2025-11-17T02:16:27Z</time><extensions><gpxtpx:TrackPointExtension><gpxtpx:cad>0</gpxtpx:cad></gpxtpx:TrackPointExtension></extensions></trkpt><trkpt lat="15.2483463474" lon="73.9147786237"><ele>1.58</ele><time>2025-11-17T02:16:32Z</time><extensions><gpxtpx:TrackPointExtension><gpxtpx:cad>0</gpxtpx:cad></gpxtpx:TrackPointExtension></extensions></trkpt><trkpt lat="15.2484820504" lon="73.9146679826"><ele>1.58</ele><time>2025-11-17T02:16:37Z</time><extensions><gpxtpx:TrackPointExtension><gpxtpx:cad>0</gpxtpx:cad></gpxtpx:TrackPointExtension></extensions></trkpt><trkpt lat="15.2486169152" lon="73.9145521447"><ele>1.58</ele><time>2025-11-17T02:16:42Z</time><extensions><gpxtpx:TrackPointExtension><gpxtpx:cad>0</gpxtpx:cad></gpxtpx:TrackPointExtension></extensions></trkpt><trkpt lat="15.2487576474" lon="73.9144444373"><ele>1.58</ele><time>2025-11-17T02:16:47Z</time><extensions><gpxtpx:TrackPointExtension><gpxtpx:cad>0</gpxtpx:cad></gpxtpx:TrackPointExtension></extensions></trkpt><trkpt lat="15.2488990501" lon="73.9143408369"><ele>1.10</ele><time>2025-11-17T02:16:52Z</time><extensions><gpxtpx:TrackPointExtension><gpxtpx:cad>0</gpxtpx:cad></gpxtpx:TrackPointExtension></extensions></trkpt><trkpt lat="15.2490302268" lon="73.9142177068"><ele>0.62</ele><time>2025-11-17T02:16:57Z</time><extensions><gpxtpx:TrackPointExtension><gpxtpx:cad>0</gpxtpx:cad></gpxtpx:TrackPointExtension></extensions></trkpt><trkpt lat="15.2491766587" lon="73.9141104184"><ele>1.10</ele><time>2025-11-17T02:17:02Z</time><extensions><gpxtpx:TrackPointExtension><gpxtpx:cad>0</gpxtpx:cad></gpxtpx:TrackPointExtension></extensions></trkpt><trkpt lat="15.2493220009" lon="73.9140080754"><ele>0.62</ele><time>2025-11-17T02:17:07Z</time><extensions><gpxtpx:TrackPointExtension><gpxtpx:cad>0</gpxtpx:cad></gpxtpx:TrackPointExtension></extensions></trkpt><trkpt lat="15.2494582906" lon="73.9138904773"><ele>0.62</ele><time>2025-11-17T02:17:12Z</time><extensions><gpxtpx:TrackPointExtension><gpxtpx:cad>0</gpxtpx:cad></gpxtpx:TrackPointExtension></extensions></trkpt><trkpt lat="15.2495999448" lon="73.9137812611"><ele>0.62</ele><time>2025-11-17T02:17:17Z</time><extensions><gpxtpx:TrackPointExtension><gpxtpx:cad>0</gpxtpx:cad></gpxtpx:TrackPointExtension></extensions></trkpt><trkpt lat="15.2497441974" lon="73.9136773255"><ele>0.62</ele><time>2025-11-17T02:17:22Z</time><extensions><gpxtpx:TrackPointExtension><gpxtpx:cad>0</gpxtpx:cad></gpxtpx:TrackPointExtension></extensions></trkpt><trkpt lat="15.2498811577" lon="73.9135652594"><ele>0.62</ele><time>2025-11-17T02:17:27Z</time><extensions><gpxtpx:TrackPointExtension><gpxtpx:cad>0</gpxtpx:cad></gpxtpx:TrackPointExtension></extensions></trkpt><trkpt lat="15.2500132564" lon="73.9134519361"><ele>1.10</ele><time>2025-11-17T02:17:32Z</time><extensions><gpxtpx:TrackPointExtension><gpxtpx:cad>0</gpxtpx:cad></gpxtpx:TrackPointExtension></extensions></trkpt><trkpt lat="15.2501480374" lon="73.9133407921"><ele>1.10</ele><time>2025-11-17T02:17:37Z</time><extensions><gpxtpx:TrackPointExtension><gpxtpx:cad>0</gpxtpx:cad></gpxtpx:TrackPointExtension></extensions></trkpt><trkpt lat="15.2502805553" lon="73.9132238645"><ele>1.10</ele><time>2025-11-17T02:17:42Z</time><extensions><gpxtpx:TrackPointExtension><gpxtpx:cad>0</gpxtpx:cad></gpxtpx:TrackPointExtension></extensions></trkpt><trkpt lat="15.2504141629" lon="73.9131092839"><ele>1.10</ele><time>2025-11-17T02:17:47Z</time><extensions><gpxtpx:TrackPointExtension><gpxtpx:cad>0</gpxtpx:cad></gpxtpx:TrackPointExtension></extensions></trkpt><trkpt lat="15.2505487762" lon="73.9129927754"><ele>1.10</ele><time>2025-11-17T02:17:52Z</time><extensions><gpxtpx:TrackPointExtension><gpxtpx:cad>0</gpxtpx:cad></gpxtpx:TrackPointExtension></extensions></trkpt><trkpt lat="15.2506829705" lon="73.9128751773"><ele>1.10</ele><time>2025-11-17T02:17:57Z</time><extensions><gpxtpx:TrackPointExtension><gpxtpx:cad>0</gpxtpx:cad></gpxtpx:TrackPointExtension></extensions></trkpt><trkpt lat="15.2508238703" lon="73.9127695654"><ele>1.58</ele><time>2025-11-17T02:18:02Z</time><extensions><gpxtpx:TrackPointExtension><gpxtpx:cad>0</gpxtpx:cad></gpxtpx:TrackPointExtension></extensions></trkpt><trkpt lat="15.2509728167" lon="73.9126712456"><ele>2.06</ele><time>2025-11-17T02:18:07Z</time><extensions><gpxtpx:TrackPointExtension><gpxtpx:cad>0</gpxtpx:cad></gpxtpx:TrackPointExtension></extensions></trkpt><trkpt lat="15.2511201706" lon="73.9125714172"><ele>1.58</ele><time>2025-11-17T02:18:12Z</time><extensions><gpxtpx:TrackPointExtension><gpxtpx:cad>0</gpxtpx:cad></gpxtpx:TrackPointExtension></extensions></trkpt><trkpt lat="15.2512657642" lon="73.9124722593"><ele>1.58</ele><time>2025-11-17T02:18:17Z</time><extensions><gpxtpx:TrackPointExtension><gpxtpx:cad>0</gpxtpx:cad></gpxtpx:TrackPointExtension></extensions></trkpt><trkpt lat="15.2514116094" lon="73.9123759512"><ele>2.06</ele><time>2025-11-17T02:18:22Z</time><extensions><gpxtpx:TrackPointExtension><gpxtpx:cad>0</gpxtpx:cad></gpxtpx:TrackPointExtension></extensions></trkpt><trkpt lat="15.2515514195" lon="73.9122671541"><ele>2.06</ele><time>2025-11-17T02:18:27Z</time><extensions><gpxtpx:TrackPointExtension><gpxtpx:cad>0</gpxtpx:cad></gpxtpx:TrackPointExtension></extensions></trkpt><trkpt lat="15.2516924869" lon="73.9121597819"><ele>2.06</ele><time>2025-11-17T02:18:32Z</time><extensions><gpxtpx:TrackPointExtension><gpxtpx:cad>0</gpxtpx:cad></gpxtpx:TrackPointExtension></extensions></trkpt><trkpt lat="15.2518232446" lon="73.9120431896"><ele>2.06</ele><time>2025-11-17T02:18:37Z</time><extensions><gpxtpx:TrackPointExtension><gpxtpx:cad>0</gpxtpx:cad></gpxtpx:TrackPointExtension></extensions></trkpt><trkpt lat="15.2519421000" lon="73.9119156171"><ele>1.58</ele><time>2025-11-17T02:18:42Z</time><extensions><gpxtpx:TrackPointExtension><gpxtpx:cad>0</gpxtpx:cad></gpxtpx:TrackPointExtension></extensions></trkpt><trkpt lat="15.2520384081" lon="73.9117675088"><ele>2.06</ele><time>2025-11-17T02:18:47Z</time><extensions><gpxtpx:TrackPointExtension><gpxtpx:cad>0</gpxtpx:cad></gpxtpx:TrackPointExtension></extensions></trkpt><trkpt lat="15.2521163598" lon="73.9116152097"><ele>1.58</ele><time>2025-11-17T02:18:52Z</time><extensions><gpxtpx:TrackPointExtension><gpxtpx:cad>0</gpxtpx:cad></gpxtpx:TrackPointExtension></extensions></trkpt><trkpt lat="15.2521997597" lon="73.9114550315"><ele>1.10</ele><time>2025-11-17T02:18:57Z</time><extensions><gpxtpx:TrackPointExtension><gpxtpx:cad>0</gpxtpx:cad></gpxtpx:TrackPointExtension></extensions></trkpt><trkpt lat="15.2522752807" lon="73.9112915844"><ele>0.62</ele><time>2025-11-17T02:19:02Z</time><extensions><gpxtpx:TrackPointExtension><gpxtpx:cad>0</gpxtpx:cad></gpxtpx:TrackPointExtension></extensions></trkpt><trkpt lat="15.2523557469" lon="73.9111366030"><ele>0.62</ele><time>2025-11-17T02:19:07Z</time><extensions><gpxtpx:TrackPointExtension><gpxtpx:cad>0</gpxtpx:cad></gpxtpx:TrackPointExtension></extensions></trkpt><trkpt lat="15.2524320222" lon="73.9109772630"><ele>0.14</ele><time>2025-11-17T02:19:12Z</time><extensions><gpxtpx:TrackPointExtension><gpxtpx:cad>0</gpxtpx:cad></gpxtpx:TrackPointExtension></extensions></trkpt><trkpt lat="15.2525121532" lon="73.9108190965"><ele>0.14</ele><time>2025-11-17T02:19:17Z</time><extensions><gpxtpx:TrackPointExtension><gpxtpx:cad>0</gpxtpx:cad></gpxtpx:TrackPointExtension></extensions></trkpt><trkpt lat="15.2526164241" lon="73.9106761012"><ele>0.62</ele><time>2025-11-17T02:19:22Z</time><extensions><gpxtpx:TrackPointExtension><gpxtpx:cad>0</gpxtpx:cad></gpxtpx:TrackPointExtension></extensions></trkpt><trkpt lat="15.2527251374" lon="73.9105353691"><ele>0.14</ele><time>2025-11-17T02:19:27Z</time><extensions><gpxtpx:TrackPointExtension><gpxtpx:cad>0</gpxtpx:cad></gpxtpx:TrackPointExtension></extensions></trkpt><trkpt lat="15.2528332639" lon="73.9103954751"><ele>0.62</ele><time>2025-11-17T02:19:32Z</time><extensions><gpxtpx:TrackPointExtension><gpxtpx:cad>0</gpxtpx:cad></gpxtpx:TrackPointExtension></extensions></trkpt><trkpt lat="15.2529479284" lon="73.9102658071"><ele>0.62</ele><time>2025-11-17T02:19:37Z</time><extensions><gpxtpx:TrackPointExtension><gpxtpx:cad>0</gpxtpx:cad></gpxtpx:TrackPointExtension></extensions></trkpt><trkpt lat="15.2530625090" lon="73.9101329539"><ele>1.10</ele><time>2025-11-17T02:19:42Z</time><extensions><gpxtpx:TrackPointExtension><gpxtpx:cad>0</gpxtpx:cad></gpxtpx:TrackPointExtension></extensions></trkpt><trkpt lat="15.2531779278" lon="73.9100028668"><ele>1.10</ele><time>2025-11-17T02:19:47Z</time><extensions><gpxtpx:TrackPointExtension><gpxtpx:cad>0</gpxtpx:cad></gpxtpx:TrackPointExtension></extensions></trkpt><trkpt lat="15.2533003874" lon="73.9098769706"><ele>1.10</ele><time>2025-11-17T02:19:52Z</time><extensions><gpxtpx:TrackPointExtension><gpxtpx:cad>0</gpxtpx:cad></gpxtpx:TrackPointExtension></extensions></trkpt><trkpt lat="15.2534054965" lon="73.9097379986"><ele>1.10</ele><time>2025-11-17T02:19:57Z</time><extensions><gpxtpx:TrackPointExtension><gpxtpx:cad>0</gpxtpx:cad></gpxtpx:TrackPointExtension></extensions></trkpt><trkpt lat="15.2535154670" lon="73.9095987752"><ele>1.10</ele><time>2025-11-17T02:20:02Z</time><extensions><gpxtpx:TrackPointExtension><gpxtpx:cad>0</gpxtpx:cad></gpxtpx:TrackPointExtension></extensions></trkpt><trkpt lat="15.2536264434" lon="73.9094635751"><ele>1.10</ele><time>2025-11-17T02:20:07Z</time><extensions><gpxtpx:TrackPointExtension><gpxtpx:cad>0</gpxtpx:cad></gpxtpx:TrackPointExtension></extensions></trkpt><trkpt lat="15.2537184767" lon="73.9093067497"><ele>1.10</ele><time>2025-11-17T02:20:12Z</time><extensions><gpxtpx:TrackPointExtension><gpxtpx:cad>0</gpxtpx:cad></gpxtpx:TrackPointExtension></extensions></trkpt><trkpt lat="15.2538141981" lon="73.9091610722"><ele>1.58</ele><time>2025-11-17T02:20:17Z</time><extensions><gpxtpx:TrackPointExtension><gpxtpx:cad>0</gpxtpx:cad></gpxtpx:TrackPointExtension></extensions></trkpt><trkpt lat="15.2539116796" lon="73.9090115391"><ele>1.10</ele><time>2025-11-17T02:20:22Z</time><extensions><gpxtpx:TrackPointExtension><gpxtpx:cad>0</gpxtpx:cad></gpxtpx:TrackPointExtension></extensions></trkpt><trkpt lat="15.2540021203" lon="73.9088611677"><ele>0.62</ele><time>2025-11-17T02:20:27Z</time><extensions><gpxtpx:TrackPointExtension><gpxtpx:cad>0</gpxtpx:cad></gpxtpx:TrackPointExtension></extensions></trkpt><trkpt lat="15.2541043796" lon="73.9087242913"><ele>1.10</ele><time>2025-11-17T02:20:32Z</time><extensions><gpxtpx:TrackPointExtension><gpxtpx:cad>0</gpxtpx:cad></gpxtpx:TrackPointExtension></extensions></trkpt><trkpt lat="15.2542042919" lon="73.9085817989"><ele>1.58</ele><time>2025-11-17T02:20:37Z</time><extensions><gpxtpx:TrackPointExtension><gpxtpx:cad>0</gpxtpx:cad></gpxtpx:TrackPointExtension></extensions></trkpt><trkpt lat="15.2542947326" lon="73.9084273204"><ele>1.58</ele><time>2025-11-17T02:20:42Z</time><extensions><gpxtpx:TrackPointExtension><gpxtpx:cad>0</gpxtpx:cad></gpxtpx:TrackPointExtension></extensions></trkpt><trkpt lat="15.2543910407" lon="73.9082801342"><ele>2.06</ele><time>2025-11-17T02:20:47Z</time><extensions><gpxtpx:TrackPointExtension><gpxtpx:cad>0</gpxtpx:cad></gpxtpx:TrackPointExtension></extensions></trkpt><trkpt lat="15.2544705011" lon="73.9081170224"><ele>1.58</ele><time>2025-11-17T02:20:52Z</time><extensions><gpxtpx:TrackPointExtension><gpxtpx:cad>0</gpxtpx:cad></gpxtpx:TrackPointExtension></extensions></trkpt><trkpt lat="15.2545622829" lon="73.9079653099"><ele>1.58</ele><time>2025-11-17T02:20:57Z</time><extensions><gpxtpx:TrackPointExtension><gpxtpx:cad>0</gpxtpx:cad></gpxtpx:TrackPointExtension></extensions></trkpt><trkpt lat="15.2546485327" lon="73.9078116696"><ele>1.58</ele><time>2025-11-17T02:21:02Z</time><extensions><gpxtpx:TrackPointExtension><gpxtpx:cad>0</gpxtpx:cad></gpxtpx:TrackPointExtension></extensions></trkpt><trkpt lat="15.2547336929" lon="73.9076549280"><ele>1.58</ele><time>2025-11-17T02:21:07Z</time><extensions><gpxtpx:TrackPointExtension><gpxtpx:cad>0</gpxtpx:cad></gpxtpx:TrackPointExtension></extensions></trkpt><trkpt lat="15.2548258100" lon="73.9075004496"><ele>2.06</ele><time>2025-11-17T02:21:12Z</time><extensions><gpxtpx:TrackPointExtension><gpxtpx:cad>0</gpxtpx:cad></gpxtpx:TrackPointExtension></extensions></trkpt><trkpt lat="15.2549073659" lon="73.9073478989"><ele>1.58</ele><time>2025-11-17T02:21:17Z</time><extensions><gpxtpx:TrackPointExtension><gpxtpx:cad>0</gpxtpx:cad></gpxtpx:TrackPointExtension></extensions></trkpt><trkpt lat="15.2549839765" lon="73.9071864635"><ele>2.06</ele><time>2025-11-17T02:21:22Z</time><extensions><gpxtpx:TrackPointExtension><gpxtpx:cad>0</gpxtpx:cad></gpxtpx:TrackPointExtension></extensions></trkpt><trkpt lat="15.2550574858" lon="73.9070229325"><ele>2.06</ele><time>2025-11-17T02:21:27Z</time><extensions><gpxtpx:TrackPointExtension><gpxtpx:cad>0</gpxtpx:cad></gpxtpx:TrackPointExtension></extensions></trkpt><trkpt lat="15.2551323362" lon="73.9068635087"><ele>2.06</ele><time>2025-11-17T02:21:32Z</time><extensions><gpxtpx:TrackPointExtension><gpxtpx:cad>0</gpxtpx:cad></gpxtpx:TrackPointExtension></extensions></trkpt><trkpt lat="15.2552181669" lon="73.9067045879"><ele>2.54</ele><time>2025-11-17T02:21:37Z</time><extensions><gpxtpx:TrackPointExtension><gpxtpx:cad>0</gpxtpx:cad></gpxtpx:TrackPointExtension></extensions></trkpt><trkpt lat="15.2553129662" lon="73.9065634366"><ele>3.02</ele><time>2025-11-17T02:21:42Z</time><extensions><gpxtpx:TrackPointExtension><gpxtpx:cad>0</gpxtpx:cad></gpxtpx:TrackPointExtension></extensions></trkpt><trkpt lat="15.2554266248" lon="73.9064328466"><ele>3.50</ele><time>2025-11-17T02:21:47Z</time><extensions><gpxtpx:TrackPointExtension><gpxtpx:cad>0</gpxtpx:cad></gpxtpx:TrackPointExtension></extensions></trkpt><trkpt lat="15.2555589750" lon="73.9063129853"><ele>3.50</ele><time>2025-11-17T02:21:52Z</time><extensions><gpxtpx:TrackPointExtension><gpxtpx:cad>0</gpxtpx:cad></gpxtpx:TrackPointExtension></extensions></trkpt><trkpt lat="15.2556950971" lon="73.9062038530"><ele>3.50</ele><time>2025-11-17T02:21:57Z</time><extensions><gpxtpx:TrackPointExtension><gpxtpx:cad>0</gpxtpx:cad></gpxtpx:TrackPointExtension></extensions></trkpt><trkpt lat="15.2558273636" lon="73.9060796332"><ele>3.50</ele><time>2025-11-17T02:22:02Z</time><extensions><gpxtpx:TrackPointExtension><gpxtpx:cad>0</gpxtpx:cad></gpxtpx:TrackPointExtension></extensions></trkpt><trkpt lat="15.2559628990" lon="73.9059609454"><ele>3.98</ele><time>2025-11-17T02:22:07Z</time><extensions><gpxtpx:TrackPointExtension><gpxtpx:cad>0</gpxtpx:cad></gpxtpx:TrackPointExtension></extensions></trkpt><trkpt lat="15.2561132703" lon="73.9058632962"><ele>3.98</ele><time>2025-11-17T02:22:12Z</time><extensions><gpxtpx:TrackPointExtension><gpxtpx:cad>0</gpxtpx:cad></gpxtpx:TrackPointExtension></extensions></trkpt><trkpt lat="15.2562387474" lon="73.9057337958"><ele>3.50</ele><time>2025-11-17T02:22:17Z</time><extensions><gpxtpx:TrackPointExtension><gpxtpx:cad>0</gpxtpx:cad></gpxtpx:TrackPointExtension></extensions></trkpt><trkpt lat="15.2563596983" lon="73.9056108333"><ele>3.50</ele><time>2025-11-17T02:22:22Z</time><extensions><gpxtpx:TrackPointExtension><gpxtpx:cad>0</gpxtpx:cad></gpxtpx:TrackPointExtension></extensions></trkpt><trkpt lat="15.2564863488" lon="73.9054897986"><ele>3.50</ele><time>2025-11-17T02:22:27Z</time><extensions><gpxtpx:TrackPointExtension><gpxtpx:cad>0</gpxtpx:cad></gpxtpx:TrackPointExtension></extensions></trkpt><trkpt lat="15.2565819863" lon="73.9053356554"><ele>3.02</ele><time>2025-11-17T02:22:32Z</time><extensions><gpxtpx:TrackPointExtension><gpxtpx:cad>0</gpxtpx:cad></gpxtpx:TrackPointExtension></extensions></trkpt><trkpt lat="15.2566916216" lon="73.9051924087"><ele>3.50</ele><time>2025-11-17T02:22:37Z</time><extensions><gpxtpx:TrackPointExtension><gpxtpx:cad>0</gpxtpx:cad></gpxtpx:TrackPointExtension></extensions></trkpt><trkpt lat="15.2567981556" lon="73.9050551131"><ele>3.50</ele><time>2025-11-17T02:22:42Z</time><extensions><gpxtpx:TrackPointExtension><gpxtpx:cad>0</gpxtpx:cad></gpxtpx:TrackPointExtension></extensions></trkpt><trkpt lat="15.2568862494" lon="73.9048937615"><ele>3.50</ele><time>2025-11-17T02:22:47Z</time><extensions><gpxtpx:TrackPointExtension><gpxtpx:cad>0</gpxtpx:cad></gpxtpx:TrackPointExtension></extensions></trkpt><trkpt lat="15.2569896821" lon="73.9047563821"><ele>3.98</ele><time>2025-11-17T02:22:52Z</time><extensions><gpxtpx:TrackPointExtension><gpxtpx:cad>0</gpxtpx:cad></gpxtpx:TrackPointExtension></extensions></trkpt><trkpt lat="15.2570838109" lon="73.9046161529"><ele>3.02</ele><time>2025-11-17T02:22:57Z</time><extensions><gpxtpx:TrackPointExtension><gpxtpx:cad>0</gpxtpx:cad></gpxtpx:TrackPointExtension></extensions></trkpt><trkpt lat="15.2571707312" lon="73.9044557232"><ele>2.06</ele><time>2025-11-17T02:23:02Z</time><extensions><gpxtpx:TrackPointExtension><gpxtpx:cad>0</gpxtpx:cad></gpxtpx:TrackPointExtension></extensions></trkpt><trkpt lat="15.2572789416" lon="73.9043174218"><ele>2.06</ele><time>2025-11-17T02:23:07Z</time><extensions><gpxtpx:TrackPointExtension><gpxtpx:cad>0</gpxtpx:cad></gpxtpx:TrackPointExtension></extensions></trkpt><trkpt lat="15.2573777642" lon="73.9041721635"><ele>1.10</ele><time>2025-11-17T02:23:12Z</time><extensions><gpxtpx:TrackPointExtension><gpxtpx:cad>0</gpxtpx:cad></gpxtpx:TrackPointExtension></extensions></trkpt><trkpt lat="15.2574701328" lon="73.9040185232"><ele>1.10</ele><time>2025-11-17T02:23:17Z</time><extensions><gpxtpx:TrackPointExtension><gpxtpx:cad>0</gpxtpx:cad></gpxtpx:TrackPointExtension></extensions></trkpt><trkpt lat="15.2575894073" lon="73.9038925432"><ele>1.58</ele><time>2025-11-17T02:23:22Z</time><extensions><gpxtpx:TrackPointExtension><gpxtpx:cad>0</gpxtpx:cad></gpxtpx:TrackPointExtension></extensions></trkpt><trkpt lat="15.2576931752" lon="73.9037456922"><ele>1.10</ele><time>2025-11-17T02:23:27Z</time><extensions><gpxtpx:TrackPointExtension><gpxtpx:cad>0</gpxtpx:cad></gpxtpx:TrackPointExtension></extensions></trkpt><trkpt lat="15.2578014694" lon="73.9036035351"><ele>1.58</ele><time>2025-11-17T02:23:32Z</time><extensions><gpxtpx:TrackPointExtension><gpxtpx:cad>0</gpxtpx:cad></gpxtpx:TrackPointExtension></extensions></trkpt><trkpt lat="15.2579213306" lon="73.9034772199"><ele>1.58</ele><time>2025-11-17T02:23:37Z</time><extensions><gpxtpx:TrackPointExtension><gpxtpx:cad>0</gpxtpx:cad></gpxtpx:TrackPointExtension></extensions></trkpt><trkpt lat="15.2580248471" lon="73.9033325482"><ele>1.10</ele><time>2025-11-17T02:23:42Z</time><extensions><gpxtpx:TrackPointExtension><gpxtpx:cad>0</gpxtpx:cad></gpxtpx:TrackPointExtension></extensions></trkpt><trkpt lat="15.2581352368" lon="73.9031902235"><ele>1.58</ele><time>2025-11-17T02:23:47Z</time><extensions><gpxtpx:TrackPointExtension><gpxtpx:cad>0</gpxtpx:cad></gpxtpx:TrackPointExtension></extensions></trkpt><trkpt lat="15.2582407650" lon="73.9030426182"><ele>1.10</ele><time>2025-11-17T02:23:52Z</time><extensions><gpxtpx:TrackPointExtension><gpxtpx:cad>0</gpxtpx:cad></gpxtpx:TrackPointExtension></extensions></trkpt><trkpt lat="15.2583417669" lon="73.9028933365"><ele>1.10</ele><time>2025-11-17T02:23:57Z</time><extensions><gpxtpx:TrackPointExtension><gpxtpx:cad>0</gpxtpx:cad></gpxtpx:TrackPointExtension></extensions></trkpt><trkpt lat="15.2584265918" lon="73.9027374331"><ele>0.62</ele><time>2025-11-17T02:24:02Z</time><extensions><gpxtpx:TrackPointExtension><gpxtpx:cad>0</gpxtpx:cad></gpxtpx:TrackPointExtension></extensions></trkpt><trkpt lat="15.2584970836" lon="73.9025790151"><ele>0.62</ele><time>2025-11-17T02:24:07Z</time><extensions><gpxtpx:TrackPointExtension><gpxtpx:cad>0</gpxtpx:cad></gpxtpx:TrackPointExtension></extensions></trkpt><trkpt lat="15.2585550863" lon="73.9024086948"><ele>0.62</ele><time>2025-11-17T02:24:12Z</time><extensions><gpxtpx:TrackPointExtension><gpxtpx:cad>0</gpxtpx:cad></gpxtpx:TrackPointExtension></extensions></trkpt><trkpt lat="15.2586220577" lon="73.9022449125"><ele>1.10</ele><time>2025-11-17T02:24:17Z</time><extensions><gpxtpx:TrackPointExtension><gpxtpx:cad>0</gpxtpx:cad></gpxtpx:TrackPointExtension></extensions></trkpt><trkpt lat="15.2586860955" lon="73.9020774420"><ele>0.62</ele><time>2025-11-17T02:24:22Z</time><extensions><gpxtpx:TrackPointExtension><gpxtpx:cad>0</gpxtpx:cad></gpxtpx:TrackPointExtension></extensions></trkpt><trkpt lat="15.2587619517" lon="73.9019175153"><ele>1.10</ele><time>2025-11-17T02:24:27Z</time><extensions><gpxtpx:TrackPointExtension><gpxtpx:cad>0</gpxtpx:cad></gpxtpx:TrackPointExtension></extensions></trkpt><trkpt lat="15.2588485368" lon="73.9017657191"><ele>0.62</ele><time>2025-11-17T02:24:32Z</time><extensions><gpxtpx:TrackPointExtension><gpxtpx:cad>0</gpxtpx:cad></gpxtpx:TrackPointExtension></extensions></trkpt><trkpt lat="15.2589357924" lon="73.9016086422"><ele>1.10</ele><time>2025-11-17T02:24:37Z</time><extensions><gpxtpx:TrackPointExtension><gpxtpx:cad>0</gpxtpx:cad></gpxtpx:TrackPointExtension></extensions></trkpt><trkpt lat="15.2590362076" lon="73.9014684130"><ele>1.58</ele><time>2025-11-17T02:24:42Z</time><extensions><gpxtpx:TrackPointExtension><gpxtpx:cad>0</gpxtpx:cad></gpxtpx:TrackPointExtension></extensions></trkpt><trkpt lat="15.2591264807" lon="73.9013147727"><ele>1.58</ele><time>2025-11-17T02:24:47Z</time><extensions><gpxtpx:TrackPointExtension><gpxtpx:cad>0</gpxtpx:cad></gpxtpx:TrackPointExtension></extensions></trkpt><trkpt lat="15.2592159156" lon="73.9011620544"><ele>2.06</ele><time>2025-11-17T02:24:52Z</time><extensions><gpxtpx:TrackPointExtension><gpxtpx:cad>0</gpxtpx:cad></gpxtpx:TrackPointExtension></extensions></trkpt><trkpt lat="15.2593071107" lon="73.9010177180"><ele>1.58</ele><time>2025-11-17T02:24:57Z</time><extensions><gpxtpx:TrackPointExtension><gpxtpx:cad>0</gpxtpx:cad></gpxtpx:TrackPointExtension></extensions></trkpt><trkpt lat="15.2593788598" lon="73.9008475654"><ele>1.10</ele><time>2025-11-17T02:25:02Z</time><extensions><gpxtpx:TrackPointExtension><gpxtpx:cad>0</gpxtpx:cad></gpxtpx:TrackPointExtension></extensions></trkpt><trkpt lat="15.2594605833" lon="73.9006915782"><ele>1.58</ele><time>2025-11-17T02:25:07Z</time><extensions><gpxtpx:TrackPointExtension><gpxtpx:cad>0</gpxtpx:cad></gpxtpx:TrackPointExtension></extensions></trkpt><trkpt lat="15.2595569752" lon="73.9005422127"><ele>1.58</ele><time>2025-11-17T02:25:12Z</time><extensions><gpxtpx:TrackPointExtension><gpxtpx:cad>0</gpxtpx:cad></gpxtpx:TrackPointExtension></extensions></trkpt><trkpt lat="15.2596379444" lon="73.9003787655"><ele>1.58</ele><time>2025-11-17T02:25:17Z</time><extensions><gpxtpx:TrackPointExtension><gpxtpx:cad>0</gpxtpx:cad></gpxtpx:TrackPointExtension></extensions></trkpt><trkpt lat="15.2597239427" lon="73.9002305735"><ele>2.06</ele><time>2025-11-17T02:25:22Z</time><extensions><gpxtpx:TrackPointExtension><gpxtpx:cad>0</gpxtpx:cad></gpxtpx:TrackPointExtension></extensions></trkpt><trkpt lat="15.2598076779" lon="73.9000722393"><ele>2.54</ele><time>2025-11-17T02:25:27Z</time><extensions><gpxtpx:TrackPointExtension><gpxtpx:cad>0</gpxtpx:cad></gpxtpx:TrackPointExtension></extensions></trkpt><trkpt lat="15.2598920837" lon="73.8999103010"><ele>2.06</ele><time>2025-11-17T02:25:32Z</time><extensions><gpxtpx:TrackPointExtension><gpxtpx:cad>0</gpxtpx:cad></gpxtpx:TrackPointExtension></extensions></trkpt><trkpt lat="15.2599826921" lon="73.8997560740"><ele>2.06</ele><time>2025-11-17T02:25:37Z</time><extensions><gpxtpx:TrackPointExtension><gpxtpx:cad>0</gpxtpx:cad></gpxtpx:TrackPointExtension></extensions></trkpt><trkpt lat="15.2600763179" lon="73.8996009249"><ele>2.06</ele><time>2025-11-17T02:25:42Z</time><extensions><gpxtpx:TrackPointExtension><gpxtpx:cad>0</gpxtpx:cad></gpxtpx:TrackPointExtension></extensions></trkpt><trkpt lat="15.2601888869" lon="73.8994653895"><ele>2.54</ele><time>2025-11-17T02:25:47Z</time><extensions><gpxtpx:TrackPointExtension><gpxtpx:cad>0</gpxtpx:cad></gpxtpx:TrackPointExtension></extensions></trkpt><trkpt lat="15.2603082452" lon="73.8993321173"><ele>2.54</ele><time>2025-11-17T02:25:52Z</time><extensions><gpxtpx:TrackPointExtension><gpxtpx:cad>0</gpxtpx:cad></gpxtpx:TrackPointExtension></extensions></trkpt><trkpt lat="15.2604264300" lon="73.8992045447"><ele>3.02</ele><time>2025-11-17T02:25:57Z</time><extensions><gpxtpx:TrackPointExtension><gpxtpx:cad>0</gpxtpx:cad></gpxtpx:TrackPointExtension></extensions></trkpt><trkpt lat="15.2605725266" lon="73.8991505653"><ele>3.50</ele><time>2025-11-17T02:26:02Z</time><extensions><gpxtpx:TrackPointExtension><gpxtpx:cad>0</gpxtpx:cad></gpxtpx:TrackPointExtension></extensions></trkpt><trkpt lat="15.2607258316" lon="73.8991692569"><ele>3.50</ele><time>2025-11-17T02:26:07Z</time><extensions><gpxtpx:TrackPointExtension><gpxtpx:cad>0</gpxtpx:cad></gpxtpx:TrackPointExtension></extensions></trkpt><trkpt lat="15.2608669829" lon="73.8992382400"><ele>3.50</ele><time>2025-11-17T02:26:12Z</time><extensions><gpxtpx:TrackPointExtension><gpxtpx:cad>0</gpxtpx:cad></gpxtpx:TrackPointExtension></extensions></trkpt><trkpt lat="15.2610156778" lon="73.8993256632"><ele>3.50</ele><time>2025-11-17T02:26:17Z</time><extensions><gpxtpx:TrackPointExtension><gpxtpx:cad>0</gpxtpx:cad></gpxtpx:TrackPointExtension></extensions></trkpt><trkpt lat="15.2611832321" lon="73.8994215522"><ele>3.50</ele><time>2025-11-17T02:26:22Z</time><extensions><gpxtpx:TrackPointExtension><gpxtpx:cad>0</gpxtpx:cad></gpxtpx:TrackPointExtension></extensions></trkpt><trkpt lat="15.2613357827" lon="73.8995142560"><ele>2.54</ele><time>2025-11-17T02:26:27Z</time><extensions><gpxtpx:TrackPointExtension><gpxtpx:cad>0</gpxtpx:cad></gpxtpx:TrackPointExtension></extensions></trkpt><trkpt lat="15.2614769340" lon="73.8996007573"><ele>2.54</ele><time>2025-11-17T02:26:32Z</time><extensions><gpxtpx:TrackPointExtension><gpxtpx:cad>0</gpxtpx:cad></gpxtpx:TrackPointExtension></extensions></trkpt><trkpt lat="15.2616278082" lon="73.8996733446"><ele>2.54</ele><time>2025-11-17T02:26:37Z</time><extensions><gpxtpx:TrackPointExtension><gpxtpx:cad>0</gpxtpx:cad></gpxtpx:TrackPointExtension></extensions></trkpt><trkpt lat="15.2617947757" lon="73.8997502904"><ele>3.02</ele><time>2025-11-17T02:26:42Z</time><extensions><gpxtpx:TrackPointExtension><gpxtpx:cad>0</gpxtpx:cad></gpxtpx:TrackPointExtension></extensions></trkpt><trkpt lat="15.2619645093" lon="73.8998206146"><ele>3.50</ele><time>2025-11-17T02:26:47Z</time><extensions><gpxtpx:TrackPointExtension><gpxtpx:cad>0</gpxtpx:cad></gpxtpx:TrackPointExtension></extensions></trkpt><trkpt lat="15.2621239331" lon="73.8998889271"><ele>3.98</ele><time>2025-11-17T02:26:52Z</time><extensions><gpxtpx:TrackPointExtension><gpxtpx:cad>0</gpxtpx:cad></gpxtpx:TrackPointExtension></extensions></trkpt><trkpt lat="15.2622748911" lon="73.8999636937"><ele>3.50</ele><time>2025-11-17T02:26:57Z</time><extensions><gpxtpx:TrackPointExtension><gpxtpx:cad>0</gpxtpx:cad></gpxtpx:TrackPointExtension></extensions></trkpt><trkpt lat="15.2624290343" lon="73.9000392146"><ele>3.50</ele><time>2025-11-17T02:27:02Z</time><extensions><gpxtpx:TrackPointExtension><gpxtpx:cad>0</gpxtpx:cad></gpxtpx:TrackPointExtension></extensions></trkpt><trkpt lat="15.2625949960" lon="73.9001142327"><ele>3.50</ele><time>2025-11-17T02:27:07Z</time><extensions><gpxtpx:TrackPointExtension><gpxtpx:cad>0</gpxtpx:cad></gpxtpx:TrackPointExtension></extensions></trkpt><trkpt lat="15.2627642266" lon="73.9001895022"><ele>3.02</ele><time>2025-11-17T02:27:12Z</time><extensions><gpxtpx:TrackPointExtension><gpxtpx:cad>0</gpxtpx:cad></gpxtpx:TrackPointExtension></extensions></trkpt><trkpt lat="15.2629203815" lon="73.9002635982"><ele>3.02</ele><time>2025-11-17T02:27:17Z</time><extensions><gpxtpx:TrackPointExtension><gpxtpx:cad>0</gpxtpx:cad></gpxtpx:TrackPointExtension></extensions></trkpt><trkpt lat="15.2630670648" lon="73.9003477525"><ele>3.02</ele><time>2025-11-17T02:27:22Z</time><extensions><gpxtpx:TrackPointExtension><gpxtpx:cad>0</gpxtpx:cad></gpxtpx:TrackPointExtension></extensions></trkpt><trkpt lat="15.2632275783" lon="73.9004279673"><ele>3.50</ele><time>2025-11-17T02:27:27Z</time><extensions><gpxtpx:TrackPointExtension><gpxtpx:cad>0</gpxtpx:cad></gpxtpx:TrackPointExtension></extensions></trkpt><trkpt lat="15.2633914445" lon="73.9004970342"><ele>3.02</ele><time>2025-11-17T02:27:32Z</time><extensions><gpxtpx:TrackPointExtension><gpxtpx:cad>0</gpxtpx:cad></gpxtpx:TrackPointExtension></extensions></trkpt><trkpt lat="15.2635490242" lon="73.9005650114"><ele>3.02</ele><time>2025-11-17T02:27:37Z</time><extensions><gpxtpx:TrackPointExtension><gpxtpx:cad>0</gpxtpx:cad></gpxtpx:TrackPointExtension></extensions></trkpt><trkpt lat="15.2637063526" lon="73.9006396104"><ele>3.02</ele><time>2025-11-17T02:27:42Z</time><extensions><gpxtpx:TrackPointExtension><gpxtpx:cad>0</gpxtpx:cad></gpxtpx:TrackPointExtension></extensions></trkpt><trkpt lat="15.2638711408" lon="73.9007199928"><ele>3.50</ele><time>2025-11-17T02:27:47Z</time><extensions><gpxtpx:TrackPointExtension><gpxtpx:cad>0</gpxtpx:cad></gpxtpx:TrackPointExtension></extensions></trkpt><trkpt lat="15.2640354261" lon="73.9007870480"><ele>3.50</ele><time>2025-11-17T02:27:52Z</time><extensions><gpxtpx:TrackPointExtension><gpxtpx:cad>0</gpxtpx:cad></gpxtpx:TrackPointExtension></extensions></trkpt><trkpt lat="15.2641970292" lon="73.9008433744"><ele>3.02</ele><time>2025-11-17T02:27:57Z</time><extensions><gpxtpx:TrackPointExtension><gpxtpx:cad>0</gpxtpx:cad></gpxtpx:TrackPointExtension></extensions></trkpt><trkpt lat="15.2643581294" lon="73.9008960128"><ele>3.02</ele><time>2025-11-17T02:28:02Z</time><extensions><gpxtpx:TrackPointExtension><gpxtpx:cad>0</gpxtpx:cad></gpxtpx:TrackPointExtension></extensions></trkpt><trkpt lat="15.2645250130" lon="73.9009483997"><ele>3.02</ele><time>2025-11-17T02:28:07Z</time><extensions><gpxtpx:TrackPointExtension><gpxtpx:cad>0</gpxtpx:cad></gpxtpx:TrackPointExtension></extensions></trkpt><trkpt lat="15.2647027932" lon="73.9009848610"><ele>3.02</ele><time>2025-11-17T02:28:12Z</time><extensions><gpxtpx:TrackPointExtension><gpxtpx:cad>0</gpxtpx:cad></gpxtpx:TrackPointExtension></extensions></trkpt><trkpt lat="15.2648814116" lon="73.9010048099"><ele>3.02</ele><time>2025-11-17T02:28:17Z</time><extensions><gpxtpx:TrackPointExtension><gpxtpx:cad>0</gpxtpx:cad></gpxtpx:TrackPointExtension></extensions></trkpt><trkpt lat="15.2650504746" lon="73.9009906445"><ele>3.02</ele><time>2025-11-17T02:28:22Z</time><extensions><gpxtpx:TrackPointExtension><gpxtpx:cad>0</gpxtpx:cad></gpxtpx:TrackPointExtension></extensions></trkpt><trkpt lat="15.2652286738" lon="73.9009608049"><ele>3.02</ele><time>2025-11-17T02:28:27Z</time><extensions><gpxtpx:TrackPointExtension><gpxtpx:cad>0</gpxtpx:cad></gpxtpx:TrackPointExtension></extensions></trkpt><trkpt lat="15.2653972339" lon="73.9009495731"><ele>3.50</ele><time>2025-11-17T02:28:32Z</time><extensions><gpxtpx:TrackPointExtension><gpxtpx:cad>0</gpxtpx:cad></gpxtpx:TrackPointExtension></extensions></trkpt><trkpt lat="15.2655536402" lon="73.9010015409"><ele>3.50</ele><time>2025-11-17T02:28:37Z</time><extensions><gpxtpx:TrackPointExtension><gpxtpx:cad>0</gpxtpx:cad></gpxtpx:TrackPointExtension></extensions></trkpt><trkpt lat="15.2657126449" lon="73.9010672551"><ele>3.50</ele><time>2025-11-17T02:28:42Z</time><extensions><gpxtpx:TrackPointExtension><gpxtpx:cad>0</gpxtpx:cad></gpxtpx:TrackPointExtension></extensions></trkpt><trkpt lat="15.2658725716" lon="73.9011149481"><ele>3.50</ele><time>2025-11-17T02:28:47Z</time><extensions><gpxtpx:TrackPointExtension><gpxtpx:cad>0</gpxtpx:cad></gpxtpx:TrackPointExtension></extensions></trkpt><trkpt lat="15.2660439815" lon="73.9011571929"><ele>3.02</ele><time>2025-11-17T02:28:52Z</time><extensions><gpxtpx:TrackPointExtension><gpxtpx:cad>0</gpxtpx:cad></gpxtpx:TrackPointExtension></extensions></trkpt><trkpt lat="15.2662226837" lon="73.9012131840"><ele>3.50</ele><time>2025-11-17T02:28:57Z</time><extensions><gpxtpx:TrackPointExtension><gpxtpx:cad>0</gpxtpx:cad></gpxtpx:TrackPointExtension></extensions></trkpt><trkpt lat="15.2663803473" lon="73.9012811612"><ele>3.02</ele><time>2025-11-17T02:29:02Z</time><extensions><gpxtpx:TrackPointExtension><gpxtpx:cad>0</gpxtpx:cad></gpxtpx:TrackPointExtension></extensions></trkpt><trkpt lat="15.2665225882" lon="73.9013437741"><ele>3.02</ele><time>2025-11-17T02:29:07Z</time><extensions><gpxtpx:TrackPointExtension><gpxtpx:cad>0</gpxtpx:cad></gpxtpx:TrackPointExtension></extensions></trkpt><trkpt lat="15.2666751388" lon="73.9014030341"><ele>3.02</ele><time>2025-11-17T02:29:12Z</time><extensions><gpxtpx:TrackPointExtension><gpxtpx:cad>0</gpxtpx:cad></gpxtpx:TrackPointExtension></extensions></trkpt><trkpt lat="15.2668462973" lon="73.9014799800"><ele>3.50</ele><time>2025-11-17T02:29:17Z</time><extensions><gpxtpx:TrackPointExtension><gpxtpx:cad>0</gpxtpx:cad></gpxtpx:TrackPointExtension></extensions></trkpt><trkpt lat="15.2670124266" lon="73.9015578479"><ele>3.50</ele><time>2025-11-17T02:29:22Z</time><extensions><gpxtpx:TrackPointExtension><gpxtpx:cad>0</gpxtpx:cad></gpxtpx:TrackPointExtension></extensions></trkpt><trkpt lat="15.2671560086" lon="73.9016274177"><ele>3.02</ele><time>2025-11-17T02:29:27Z</time><extensions><gpxtpx:TrackPointExtension><gpxtpx:cad>0</gpxtpx:cad></gpxtpx:TrackPointExtension></extensions></trkpt><trkpt lat="15.2673057932" lon="73.9016978256"><ele>3.02</ele><time>2025-11-17T02:29:32Z</time><extensions><gpxtpx:TrackPointExtension><gpxtpx:cad>0</gpxtpx:cad></gpxtpx:TrackPointExtension></extensions></trkpt><trkpt lat="15.2674627025" lon="73.9017655514"><ele>3.02</ele><time>2025-11-17T02:29:37Z</time><extensions><gpxtpx:TrackPointExtension><gpxtpx:cad>0</gpxtpx:cad></gpxtpx:TrackPointExtension></extensions></trkpt><trkpt lat="15.2676329389" lon="73.9018440899"><ele>3.50</ele><time>2025-11-17T02:29:42Z</time><extensions><gpxtpx:TrackPointExtension><gpxtpx:cad>0</gpxtpx:cad></gpxtpx:TrackPointExtension></extensions></trkpt><trkpt lat="15.2677984815" lon="73.9019130729"><ele>3.50</ele><time>2025-11-17T02:29:47Z</time><extensions><gpxtpx:TrackPointExtension><gpxtpx:cad>0</gpxtpx:cad></gpxtpx:TrackPointExtension></extensions></trkpt><trkpt lat="15.2679602522" lon="73.9019657113"><ele>3.02</ele><time>2025-11-17T02:29:52Z</time><extensions><gpxtpx:TrackPointExtension><gpxtpx:cad>0</gpxtpx:cad></gpxtpx:TrackPointExtension></extensions></trkpt><trkpt lat="15.2681165747" lon="73.9020116441"><ele>3.02</ele><time>2025-11-17T02:29:57Z</time><extensions><gpxtpx:TrackPointExtension><gpxtpx:cad>0</gpxtpx:cad></gpxtpx:TrackPointExtension></extensions></trkpt><trkpt lat="15.2682859730" lon="73.9020578284"><ele>3.02</ele><time>2025-11-17T02:30:02Z</time><extensions><gpxtpx:TrackPointExtension><gpxtpx:cad>0</gpxtpx:cad></gpxtpx:TrackPointExtension></extensions></trkpt><trkpt lat="15.2684637532" lon="73.9021140710"><ele>3.50</ele><time>2025-11-17T02:30:07Z</time><extensions><gpxtpx:TrackPointExtension><gpxtpx:cad>0</gpxtpx:cad></gpxtpx:TrackPointExtension></extensions></trkpt><trkpt lat="15.2686237637" lon="73.9021642786"><ele>3.02</ele><time>2025-11-17T02:30:12Z</time><extensions><gpxtpx:TrackPointExtension><gpxtpx:cad>0</gpxtpx:cad></gpxtpx:TrackPointExtension></extensions></trkpt><trkpt lat="15.2687850315" lon="73.9022116363"><ele>3.02</ele><time>2025-11-17T02:30:17Z</time><extensions><gpxtpx:TrackPointExtension><gpxtpx:cad>0</gpxtpx:cad></gpxtpx:TrackPointExtension></extensions></trkpt><trkpt lat="15.2689518314" lon="73.9022694714"><ele>3.50</ele><time>2025-11-17T02:30:22Z</time><extensions><gpxtpx:TrackPointExtension><gpxtpx:cad>0</gpxtpx:cad></gpxtpx:TrackPointExtension></extensions></trkpt><trkpt lat="15.2691254206" lon="73.9023308270"><ele>3.50</ele><time>2025-11-17T02:30:27Z</time><extensions><gpxtpx:TrackPointExtension><gpxtpx:cad>0</gpxtpx:cad></gpxtpx:TrackPointExtension></extensions></trkpt><trkpt lat="15.2692870237" lon="73.9023949485"><ele>3.50</ele><time>2025-11-17T02:30:32Z</time><extensions><gpxtpx:TrackPointExtension><gpxtpx:cad>0</gpxtpx:cad></gpxtpx:TrackPointExtension></extensions></trkpt><trkpt lat="15.2694422565" lon="73.9024546277"><ele>3.02</ele><time>2025-11-17T02:30:37Z</time><extensions><gpxtpx:TrackPointExtension><gpxtpx:cad>0</gpxtpx:cad></gpxtpx:TrackPointExtension></extensions></trkpt><trkpt lat="15.2696010098" lon="73.9025241137"><ele>3.50</ele><time>2025-11-17T02:30:42Z</time><extensions><gpxtpx:TrackPointExtension><gpxtpx:cad>0</gpxtpx:cad></gpxtpx:TrackPointExtension></extensions></trkpt><trkpt lat="15.2697674744" lon="73.9025995508"><ele>3.50</ele><time>2025-11-17T02:30:47Z</time><extensions><gpxtpx:TrackPointExtension><gpxtpx:cad>0</gpxtpx:cad></gpxtpx:TrackPointExtension></extensions></trkpt><trkpt lat="15.2699268144" lon="73.9026660193"><ele>3.50</ele><time>2025-11-17T02:30:52Z</time><extensions><gpxtpx:TrackPointExtension><gpxtpx:cad>0</gpxtpx:cad></gpxtpx:TrackPointExtension></extensions></trkpt><trkpt lat="15.2700825501" lon="73.9027211722"><ele>3.02</ele><time>2025-11-17T02:30:57Z</time><extensions><gpxtpx:TrackPointExtension><gpxtpx:cad>0</gpxtpx:cad></gpxtpx:TrackPointExtension></extensions></trkpt><trkpt lat="15.2702413872" lon="73.9027732238"><ele>3.02</ele><time>2025-11-17T02:31:02Z</time><extensions><gpxtpx:TrackPointExtension><gpxtpx:cad>0</gpxtpx:cad></gpxtpx:TrackPointExtension></extensions></trkpt><trkpt lat="15.2704095282" lon="73.9028333221"><ele>3.02</ele><time>2025-11-17T02:31:07Z</time><extensions><gpxtpx:TrackPointExtension><gpxtpx:cad>0</gpxtpx:cad></gpxtpx:TrackPointExtension></extensions></trkpt><trkpt lat="15.2705832012" lon="73.9028958511"><ele>3.50</ele><time>2025-11-17T02:31:12Z</time><extensions><gpxtpx:TrackPointExtension><gpxtpx:cad>0</gpxtpx:cad></gpxtpx:TrackPointExtension></extensions></trkpt><trkpt lat="15.2707440499" lon="73.9029528480"><ele>3.98</ele><time>2025-11-17T02:31:17Z</time><extensions><gpxtpx:TrackPointExtension><gpxtpx:cad>0</gpxtpx:cad></gpxtpx:TrackPointExtension></extensions></trkpt><trkpt lat="15.2709011268" lon="73.9030053187"><ele>3.98</ele><time>2025-11-17T02:31:22Z</time><extensions><gpxtpx:TrackPointExtension><gpxtpx:cad>0</gpxtpx:cad></gpxtpx:TrackPointExtension></extensions></trkpt><trkpt lat="15.2710713632" lon="73.9030297939"><ele>3.50</ele><time>2025-11-17T02:31:27Z</time><extensions><gpxtpx:TrackPointExtension><gpxtpx:cad>0</gpxtpx:cad></gpxtpx:TrackPointExtension></extensions></trkpt><trkpt lat="15.2712484729" lon="73.9030742180"><ele>3.50</ele><time>2025-11-17T02:31:32Z</time><extensions><gpxtpx:TrackPointExtension><gpxtpx:cad>0</gpxtpx:cad></gpxtpx:TrackPointExtension></extensions></trkpt><trkpt lat="15.2714039572" lon="73.9031255152"><ele>3.02</ele><time>2025-11-17T02:31:37Z</time><extensions><gpxtpx:TrackPointExtension><gpxtpx:cad>0</gpxtpx:cad></gpxtpx:TrackPointExtension></extensions></trkpt><trkpt lat="15.2715591900" lon="73.9031763934"><ele>2.54</ele><time>2025-11-17T02:31:42Z</time><extensions><gpxtpx:TrackPointExtension><gpxtpx:cad>0</gpxtpx:cad></gpxtpx:TrackPointExtension></extensions></trkpt><trkpt lat="15.2717228886" lon="73.9032300375"><ele>2.06</ele><time>2025-11-17T02:31:47Z</time><extensions><gpxtpx:TrackPointExtension><gpxtpx:cad>0</gpxtpx:cad></gpxtpx:TrackPointExtension></extensions></trkpt><trkpt lat="15.2718961425" lon="73.9032901358"><ele>2.54</ele><time>2025-11-17T02:31:52Z</time><extensions><gpxtpx:TrackPointExtension><gpxtpx:cad>0</gpxtpx:cad></gpxtpx:TrackPointExtension></extensions></trkpt><trkpt lat="15.2720550634" lon="73.9033471327"><ele>2.06</ele><time>2025-11-17T02:31:57Z</time><extensions><gpxtpx:TrackPointExtension><gpxtpx:cad>0</gpxtpx:cad></gpxtpx:TrackPointExtension></extensions></trkpt><trkpt lat="15.2722087037" lon="73.9034089074"><ele>1.58</ele><time>2025-11-17T02:32:02Z</time><extensions><gpxtpx:TrackPointExtension><gpxtpx:cad>0</gpxtpx:cad></gpxtpx:TrackPointExtension></extensions></trkpt><trkpt lat="15.2723744139" lon="73.9034730289"><ele>1.58</ele><time>2025-11-17T02:32:07Z</time><extensions><gpxtpx:TrackPointExtension><gpxtpx:cad>0</gpxtpx:cad></gpxtpx:TrackPointExtension></extensions></trkpt><trkpt lat="15.2725429740" lon="73.9035401680"><ele>1.58</ele><time>2025-11-17T02:32:12Z</time><extensions><gpxtpx:TrackPointExtension><gpxtpx:cad>0</gpxtpx:cad></gpxtpx:TrackPointExtension></extensions></trkpt><trkpt lat="15.2727049123" lon="73.9036060497"><ele>2.06</ele><time>2025-11-17T02:32:17Z</time><extensions><gpxtpx:TrackPointExtension><gpxtpx:cad>0</gpxtpx:cad></gpxtpx:TrackPointExtension></extensions></trkpt><trkpt lat="15.2728479914" lon="73.9036762062"><ele>2.06</ele><time>2025-11-17T02:32:22Z</time><extensions><gpxtpx:TrackPointExtension><gpxtpx:cad>0</gpxtpx:cad></gpxtpx:TrackPointExtension></extensions></trkpt><trkpt lat="15.2730024699" lon="73.9037350472"><ele>2.06</ele><time>2025-11-17T02:32:27Z</time><extensions><gpxtpx:TrackPointExtension><gpxtpx:cad>0</gpxtpx:cad></gpxtpx:TrackPointExtension></extensions></trkpt><trkpt lat="15.2731756400" lon="73.9037805609"><ele>2.54</ele><time>2025-11-17T02:32:32Z</time><extensions><gpxtpx:TrackPointExtension><gpxtpx:cad>0</gpxtpx:cad></gpxtpx:TrackPointExtension></extensions></trkpt><trkpt lat="15.2733502351" lon="73.9038124960"><ele>2.54</ele><time>2025-11-17T02:32:37Z</time><extensions><gpxtpx:TrackPointExtension><gpxtpx:cad>0</gpxtpx:cad></gpxtpx:TrackPointExtension></extensions></trkpt><trkpt lat="15.2735115029" lon="73.9038563333"><ele>2.06</ele><time>2025-11-17T02:32:42Z</time><extensions><gpxtpx:TrackPointExtension><gpxtpx:cad>0</gpxtpx:cad></gpxtpx:TrackPointExtension></extensions></trkpt><trkpt lat="15.2736655623" lon="73.9039024338"><ele>2.06</ele><time>2025-11-17T02:32:47Z</time><extensions><gpxtpx:TrackPointExtension><gpxtpx:cad>0</gpxtpx:cad></gpxtpx:TrackPointExtension></extensions></trkpt><trkpt lat="15.2738321945" lon="73.9039472770"><ele>2.06</ele><time>2025-11-17T02:32:52Z</time><extensions><gpxtpx:TrackPointExtension><gpxtpx:cad>0</gpxtpx:cad></gpxtpx:TrackPointExtension></extensions></trkpt><trkpt lat="15.2740084659" lon="73.9040062018"><ele>3.02</ele><time>2025-11-17T02:32:57Z</time><extensions><gpxtpx:TrackPointExtension><gpxtpx:cad>0</gpxtpx:cad></gpxtpx:TrackPointExtension></extensions></trkpt><trkpt lat="15.2741730865" lon="73.9040646236"><ele>3.02</ele><time>2025-11-17T02:33:02Z</time><extensions><gpxtpx:TrackPointExtension><gpxtpx:cad>0</gpxtpx:cad></gpxtpx:TrackPointExtension></extensions></trkpt><trkpt lat="15.2743369527" lon="73.9041175134"><ele>3.02</ele><time>2025-11-17T02:33:07Z</time><extensions><gpxtpx:TrackPointExtension><gpxtpx:cad>0</gpxtpx:cad></gpxtpx:TrackPointExtension></extensions></trkpt><trkpt lat="15.2744994778" lon="73.9041603450"><ele>3.02</ele><time>2025-11-17T02:33:12Z</time><extensions><gpxtpx:TrackPointExtension><gpxtpx:cad>0</gpxtpx:cad></gpxtpx:TrackPointExtension></extensions></trkpt><trkpt lat="15.2746684570" lon="73.9042087086"><ele>3.02</ele><time>2025-11-17T02:33:17Z</time><extensions><gpxtpx:TrackPointExtension><gpxtpx:cad>0</gpxtpx:cad></gpxtpx:TrackPointExtension></extensions></trkpt><trkpt lat="15.2748453151" lon="73.9042703994"><ele>3.02</ele><time>2025-11-17T02:33:22Z</time><extensions><gpxtpx:TrackPointExtension><gpxtpx:cad>0</gpxtpx:cad></gpxtpx:TrackPointExtension></extensions></trkpt><trkpt lat="15.2750111092" lon="73.9043249656"><ele>2.54</ele><time>2025-11-17T02:33:27Z</time><extensions><gpxtpx:TrackPointExtension><gpxtpx:cad>0</gpxtpx:cad></gpxtpx:TrackPointExtension></extensions></trkpt><trkpt lat="15.2751686051" lon="73.9043718204"><ele>2.06</ele><time>2025-11-17T02:33:32Z</time><extensions><gpxtpx:TrackPointExtension><gpxtpx:cad>0</gpxtpx:cad></gpxtpx:TrackPointExtension></extensions></trkpt><trkpt lat="15.2753259335" lon="73.9044172503"><ele>2.06</ele><time>2025-11-17T02:33:37Z</time><extensions><gpxtpx:TrackPointExtension><gpxtpx:cad>0</gpxtpx:cad></gpxtpx:TrackPointExtension></extensions></trkpt><trkpt lat="15.2755012829" lon="73.9044682961"><ele>1.58</ele><time>2025-11-17T02:33:42Z</time><extensions><gpxtpx:TrackPointExtension><gpxtpx:cad>0</gpxtpx:cad></gpxtpx:TrackPointExtension></extensions></trkpt><trkpt lat="15.2756753750" lon="73.9045169950"><ele>1.58</ele><time>2025-11-17T02:33:47Z</time><extensions><gpxtpx:TrackPointExtension><gpxtpx:cad>0</gpxtpx:cad></gpxtpx:TrackPointExtension></extensions></trkpt><trkpt lat="15.2758356370" lon="73.9045726508"><ele>0.62</ele><time>2025-11-17T02:33:52Z</time><extensions><gpxtpx:TrackPointExtension><gpxtpx:cad>0</gpxtpx:cad></gpxtpx:TrackPointExtension></extensions></trkpt><trkpt lat="15.2759962343" lon="73.9046204276"><ele>0.62</ele><time>2025-11-17T02:33:57Z</time><extensions><gpxtpx:TrackPointExtension><gpxtpx:cad>0</gpxtpx:cad></gpxtpx:TrackPointExtension></extensions></trkpt><trkpt lat="15.2761618607" lon="73.9046635944"><ele>0.62</ele><time>2025-11-17T02:34:02Z</time><extensions><gpxtpx:TrackPointExtension><gpxtpx:cad>0</gpxtpx:cad></gpxtpx:TrackPointExtension></extensions></trkpt><trkpt lat="15.2763391379" lon="73.9047077671"><ele>0.62</ele><time>2025-11-17T02:34:07Z</time><extensions><gpxtpx:TrackPointExtension><gpxtpx:cad>0</gpxtpx:cad></gpxtpx:TrackPointExtension></extensions></trkpt><trkpt lat="15.2765087038" lon="73.9047641773"><ele>1.10</ele><time>2025-11-17T02:34:12Z</time><extensions><gpxtpx:TrackPointExtension><gpxtpx:cad>0</gpxtpx:cad></gpxtpx:TrackPointExtension></extensions></trkpt><trkpt lat="15.2766686305" lon="73.9048191626"><ele>1.10</ele><time>2025-11-17T02:34:17Z</time><extensions><gpxtpx:TrackPointExtension><gpxtpx:cad>0</gpxtpx:cad></gpxtpx:TrackPointExtension></extensions></trkpt><trkpt lat="15.2768302336" lon="73.9048730582"><ele>1.10</ele><time>2025-11-17T02:34:22Z</time><extensions><gpxtpx:TrackPointExtension><gpxtpx:cad>0</gpxtpx:cad></gpxtpx:TrackPointExtension></extensions></trkpt><trkpt lat="15.2769968659" lon="73.9049250260"><ele>0.62</ele><time>2025-11-17T02:34:27Z</time><extensions><gpxtpx:TrackPointExtension><gpxtpx:cad>0</gpxtpx:cad></gpxtpx:TrackPointExtension></extensions></trkpt><trkpt lat="15.2771683596" lon="73.9049708750"><ele>1.10</ele><time>2025-11-17T02:34:32Z</time><extensions><gpxtpx:TrackPointExtension><gpxtpx:cad>0</gpxtpx:cad></gpxtpx:TrackPointExtension></extensions></trkpt><trkpt lat="15.2773392666" lon="73.9050305542"><ele>1.10</ele><time>2025-11-17T02:34:37Z</time><extensions><gpxtpx:TrackPointExtension><gpxtpx:cad>0</gpxtpx:cad></gpxtpx:TrackPointExtension></extensions></trkpt><trkpt lat="15.2774998639" lon="73.9050992858"><ele>1.58</ele><time>2025-11-17T02:34:42Z</time><extensions><gpxtpx:TrackPointExtension><gpxtpx:cad>0</gpxtpx:cad></gpxtpx:TrackPointExtension></extensions></trkpt><trkpt lat="15.2776564378" lon="73.9051506668"><ele>1.58</ele><time>2025-11-17T02:34:47Z</time><extensions><gpxtpx:TrackPointExtension><gpxtpx:cad>0</gpxtpx:cad></gpxtpx:TrackPointExtension></extensions></trkpt><trkpt lat="15.2778164484" lon="73.9052096754"><ele>2.06</ele><time>2025-11-17T02:34:52Z</time><extensions><gpxtpx:TrackPointExtension><gpxtpx:cad>0</gpxtpx:cad></gpxtpx:TrackPointExtension></extensions></trkpt><trkpt lat="15.2779808175" lon="73.9052715339"><ele>2.54</ele><time>2025-11-17T02:34:57Z</time><extensions><gpxtpx:TrackPointExtension><gpxtpx:cad>0</gpxtpx:cad></gpxtpx:TrackPointExtension></extensions></trkpt><trkpt lat="15.2781541552" lon="73.9053354878"><ele>2.54</ele><time>2025-11-17T02:35:02Z</time><extensions><gpxtpx:TrackPointExtension><gpxtpx:cad>0</gpxtpx:cad></gpxtpx:TrackPointExtension></extensions></trkpt><trkpt lat="15.2783183567" lon="73.9054015372"><ele>2.54</ele><time>2025-11-17T02:35:07Z</time><extensions><gpxtpx:TrackPointExtension><gpxtpx:cad>0</gpxtpx:cad></gpxtpx:TrackPointExtension></extensions></trkpt><trkpt lat="15.2784770261" lon="73.9054723643"><ele>2.54</ele><time>2025-11-17T02:35:12Z</time><extensions><gpxtpx:TrackPointExtension><gpxtpx:cad>0</gpxtpx:cad></gpxtpx:TrackPointExtension></extensions></trkpt><trkpt lat="15.2786359470" lon="73.9055375755"><ele>2.54</ele><time>2025-11-17T02:35:17Z</time><extensions><gpxtpx:TrackPointExtension><gpxtpx:cad>0</gpxtpx:cad></gpxtpx:TrackPointExtension></extensions></trkpt><trkpt lat="15.2787906770" lon="73.9056063909"><ele>2.54</ele><time>2025-11-17T02:35:22Z</time><extensions><gpxtpx:TrackPointExtension><gpxtpx:cad>0</gpxtpx:cad></gpxtpx:TrackPointExtension></extensions></trkpt><trkpt lat="15.2789567225" lon="73.9056902099"><ele>3.02</ele><time>2025-11-17T02:35:27Z</time><extensions><gpxtpx:TrackPointExtension><gpxtpx:cad>0</gpxtpx:cad></gpxtpx:TrackPointExtension></extensions></trkpt><trkpt lat="15.2791229356" lon="73.9057736937"><ele>3.02</ele><time>2025-11-17T02:35:32Z</time><extensions><gpxtpx:TrackPointExtension><gpxtpx:cad>0</gpxtpx:cad></gpxtpx:TrackPointExtension></extensions></trkpt><trkpt lat="15.2792712953" lon="73.9058513101"><ele>3.02</ele><time>2025-11-17T02:35:37Z</time><extensions><gpxtpx:TrackPointExtension><gpxtpx:cad>0</gpxtpx:cad></gpxtpx:TrackPointExtension></extensions></trkpt><trkpt lat="15.2794219181" lon="73.9059224725"><ele>2.54</ele><time>2025-11-17T02:35:42Z</time><extensions><gpxtpx:TrackPointExtension><gpxtpx:cad>0</gpxtpx:cad></gpxtpx:TrackPointExtension></extensions></trkpt><trkpt lat="15.2795762289" lon="73.9059966523"><ele>3.02</ele><time>2025-11-17T02:35:47Z</time><extensions><gpxtpx:TrackPointExtension><gpxtpx:cad>0</gpxtpx:cad></gpxtpx:TrackPointExtension></extensions></trkpt><trkpt lat="15.2797363233" lon="73.9060891047"><ele>2.54</ele><time>2025-11-17T02:35:52Z</time><extensions><gpxtpx:TrackPointExtension><gpxtpx:cad>0</gpxtpx:cad></gpxtpx:TrackPointExtension></extensions></trkpt><trkpt lat="15.2799028717" lon="73.9061808866"><ele>2.54</ele><time>2025-11-17T02:35:57Z</time><extensions><gpxtpx:TrackPointExtension><gpxtpx:cad>0</gpxtpx:cad></gpxtpx:TrackPointExtension></extensions></trkpt><trkpt lat="15.2800518181" lon="73.9062618557"><ele>2.54</ele><time>2025-11-17T02:36:02Z</time><extensions><gpxtpx:TrackPointExtension><gpxtpx:cad>0</gpxtpx:cad></gpxtpx:TrackPointExtension></extensions></trkpt><trkpt lat="15.2801987529" lon="73.9063452557"><ele>2.54</ele><time>2025-11-17T02:36:07Z</time><extensions><gpxtpx:TrackPointExtension><gpxtpx:cad>0</gpxtpx:cad></gpxtpx:TrackPointExtension></extensions></trkpt><trkpt lat="15.2803384792" lon="73.9064302482"><ele>2.06</ele><time>2025-11-17T02:36:12Z</time><extensions><gpxtpx:TrackPointExtension><gpxtpx:cad>0</gpxtpx:cad></gpxtpx:TrackPointExtension></extensions></trkpt><trkpt lat="15.2804877609" lon="73.9065198507"><ele>2.54</ele><time>2025-11-17T02:36:17Z</time><extensions><gpxtpx:TrackPointExtension><gpxtpx:cad>0</gpxtpx:cad></gpxtpx:TrackPointExtension></extensions></trkpt><trkpt lat="15.2806563210" lon="73.9066160750"><ele>3.02</ele><time>2025-11-17T02:36:22Z</time><extensions><gpxtpx:TrackPointExtension><gpxtpx:cad>0</gpxtpx:cad></gpxtpx:TrackPointExtension></extensions></trkpt><trkpt lat="15.2808164153" lon="73.9067024086"><ele>3.02</ele><time>2025-11-17T02:36:27Z</time><extensions><gpxtpx:TrackPointExtension><gpxtpx:cad>0</gpxtpx:cad></gpxtpx:TrackPointExtension></extensions></trkpt><trkpt lat="15.2809661161" lon="73.9067784324"><ele>3.50</ele><time>2025-11-17T02:36:32Z</time><extensions><gpxtpx:TrackPointExtension><gpxtpx:cad>0</gpxtpx:cad></gpxtpx:TrackPointExtension></extensions></trkpt><trkpt lat="15.2811143920" lon="73.9068526961"><ele>3.98</ele><time>2025-11-17T02:36:37Z</time><extensions><gpxtpx:TrackPointExtension><gpxtpx:cad>0</gpxtpx:cad></gpxtpx:TrackPointExtension></extensions></trkpt><trkpt lat="15.2812730614" lon="73.9069313183"><ele>3.98</ele><time>2025-11-17T02:36:42Z</time><extensions><gpxtpx:TrackPointExtension><gpxtpx:cad>0</gpxtpx:cad></gpxtpx:TrackPointExtension></extensions></trkpt><trkpt lat="15.2814416215" lon="73.9070202503"><ele>4.46</ele><time>2025-11-17T02:36:47Z</time><extensions><gpxtpx:TrackPointExtension><gpxtpx:cad>0</gpxtpx:cad></gpxtpx:TrackPointExtension></extensions></trkpt><trkpt lat="15.2816080023" lon="73.9070942625"><ele>4.46</ele><time>2025-11-17T02:36:52Z</time><extensions><gpxtpx:TrackPointExtension><gpxtpx:cad>0</gpxtpx:cad></gpxtpx:TrackPointExtension></extensions></trkpt><trkpt lat="15.2817577031" lon="73.9071629941"><ele>4.46</ele><time>2025-11-17T02:36:57Z</time><extensions><gpxtpx:TrackPointExtension><gpxtpx:cad>0</gpxtpx:cad></gpxtpx:TrackPointExtension></extensions></trkpt><trkpt lat="15.2819026262" lon="73.9072176442"><ele>3.98</ele><time>2025-11-17T02:37:02Z</time><extensions><gpxtpx:TrackPointExtension><gpxtpx:cad>0</gpxtpx:cad></gpxtpx:TrackPointExtension></extensions></trkpt><trkpt lat="15.2820663247" lon="73.9072661754"><ele>3.98</ele><time>2025-11-17T02:37:07Z</time><extensions><gpxtpx:TrackPointExtension><gpxtpx:cad>0</gpxtpx:cad></gpxtpx:TrackPointExtension></extensions></trkpt><trkpt lat="15.2822458651" lon="73.9073258545"><ele>3.98</ele><time>2025-11-17T02:37:12Z</time><extensions><gpxtpx:TrackPointExtension><gpxtpx:cad>0</gpxtpx:cad></gpxtpx:TrackPointExtension></extensions></trkpt><trkpt lat="15.2824167721" lon="73.9073882159"><ele>3.98</ele><time>2025-11-17T02:37:17Z</time><extensions><gpxtpx:TrackPointExtension><gpxtpx:cad>0</gpxtpx:cad></gpxtpx:TrackPointExtension></extensions></trkpt><trkpt lat="15.2825720888" lon="73.9074272756"><ele>3.50</ele><time>2025-11-17T02:37:22Z</time><extensions><gpxtpx:TrackPointExtension><gpxtpx:cad>0</gpxtpx:cad></gpxtpx:TrackPointExtension></extensions></trkpt><trkpt lat="15.2827290818" lon="73.9074500743"><ele>3.98</ele><time>2025-11-17T02:37:27Z</time><extensions><gpxtpx:TrackPointExtension><gpxtpx:cad>0</gpxtpx:cad></gpxtpx:TrackPointExtension></extensions></trkpt><trkpt lat="15.2828992344" lon="73.9074859489"><ele>4.46</ele><time>2025-11-17T02:37:32Z</time><extensions><gpxtpx:TrackPointExtension><gpxtpx:cad>0</gpxtpx:cad></gpxtpx:TrackPointExtension></extensions></trkpt><trkpt lat="15.2830809541" lon="73.9075344801"><ele>5.42</ele><time>2025-11-17T02:37:37Z</time><extensions><gpxtpx:TrackPointExtension><gpxtpx:cad>0</gpxtpx:cad></gpxtpx:TrackPointExtension></extensions></trkpt><trkpt lat="15.2832552977" lon="73.9075762220"><ele>5.91</ele><time>2025-11-17T02:37:42Z</time><extensions><gpxtpx:TrackPointExtension><gpxtpx:cad>0</gpxtpx:cad></gpxtpx:TrackPointExtension></extensions></trkpt><trkpt lat="15.2834244445" lon="73.9076039661"><ele>5.91</ele><time>2025-11-17T02:37:47Z</time><extensions><gpxtpx:TrackPointExtension><gpxtpx:cad>0</gpxtpx:cad></gpxtpx:TrackPointExtension></extensions></trkpt><trkpt lat="15.2835904900" lon="73.9076182991"><ele>5.91</ele><time>2025-11-17T02:37:52Z</time><extensions><gpxtpx:TrackPointExtension><gpxtpx:cad>0</gpxtpx:cad></gpxtpx:TrackPointExtension></extensions></trkpt><trkpt lat="15.2837705333" lon="73.9076331351"><ele>5.42</ele><time>2025-11-17T02:37:57Z</time><extensions><gpxtpx:TrackPointExtension><gpxtpx:cad>0</gpxtpx:cad></gpxtpx:TrackPointExtension></extensions></trkpt><trkpt lat="15.2839541808" lon="73.9076482225"><ele>5.42</ele><time>2025-11-17T02:38:02Z</time><extensions><gpxtpx:TrackPointExtension><gpxtpx:cad>0</gpxtpx:cad></gpxtpx:TrackPointExtension></extensions></trkpt><trkpt lat="15.2841271833" lon="73.9076522458"><ele>4.46</ele><time>2025-11-17T02:38:07Z</time><extensions><gpxtpx:TrackPointExtension><gpxtpx:cad>0</gpxtpx:cad></gpxtpx:TrackPointExtension></extensions></trkpt><trkpt lat="15.2842908818" lon="73.9076464623"><ele>3.50</ele><time>2025-11-17T02:38:12Z</time><extensions><gpxtpx:TrackPointExtension><gpxtpx:cad>0</gpxtpx:cad></gpxtpx:TrackPointExtension></extensions></trkpt><trkpt lat="15.2844634652" lon="73.9076402597"><ele>3.50</ele><time>2025-11-17T02:38:17Z</time><extensions><gpxtpx:TrackPointExtension><gpxtpx:cad>0</gpxtpx:cad></gpxtpx:TrackPointExtension></extensions></trkpt><trkpt lat="15.2846505493" lon="73.9076546766"><ele>3.50</ele><time>2025-11-17T02:38:22Z</time><extensions><gpxtpx:TrackPointExtension><gpxtpx:cad>0</gpxtpx:cad></gpxtpx:TrackPointExtension></extensions></trkpt><trkpt lat="15.2848219592" lon="73.9076633938"><ele>3.02</ele><time>2025-11-17T02:38:27Z</time><extensions><gpxtpx:TrackPointExtension><gpxtpx:cad>0</gpxtpx:cad></gpxtpx:TrackPointExtension></extensions></trkpt><trkpt lat="15.2849904355" lon="73.9076538384"><ele>3.02</ele><time>2025-11-17T02:38:32Z</time><extensions><gpxtpx:TrackPointExtension><gpxtpx:cad>0</gpxtpx:cad></gpxtpx:TrackPointExtension></extensions></trkpt><trkpt lat="15.2851564810" lon="73.9076218195"><ele>3.02</ele><time>2025-11-17T02:38:37Z</time><extensions><gpxtpx:TrackPointExtension><gpxtpx:cad>0</gpxtpx:cad></gpxtpx:TrackPointExtension></extensions></trkpt><trkpt lat="15.2853369433" lon="73.9076037146"><ele>3.02</ele><time>2025-11-17T02:38:42Z</time><extensions><gpxtpx:TrackPointExtension><gpxtpx:cad>0</gpxtpx:cad></gpxtpx:TrackPointExtension></extensions></trkpt><trkpt lat="15.2855081018" lon="73.9075783174"><ele>3.50</ele><time>2025-11-17T02:38:47Z</time><extensions><gpxtpx:TrackPointExtension><gpxtpx:cad>0</gpxtpx:cad></gpxtpx:TrackPointExtension></extensions></trkpt><trkpt lat="15.2856608201" lon="73.9075019583"><ele>3.50</ele><time>2025-11-17T02:38:52Z</time><extensions><gpxtpx:TrackPointExtension><gpxtpx:cad>0</gpxtpx:cad></gpxtpx:TrackPointExtension></extensions></trkpt><trkpt lat="15.2857997920" lon="73.9073927421"><ele>3.50</ele><time>2025-11-17T02:38:57Z</time><extensions><gpxtpx:TrackPointExtension><gpxtpx:cad>0</gpxtpx:cad></gpxtpx:TrackPointExtension></extensions></trkpt><trkpt lat="15.2859216649" lon="73.9072670136"><ele>3.50</ele><time>2025-11-17T02:39:02Z</time><extensions><gpxtpx:TrackPointExtension><gpxtpx:cad>0</gpxtpx:cad></gpxtpx:TrackPointExtension></extensions></trkpt><trkpt lat="15.2860131953" lon="73.9071098529"><ele>3.50</ele><time>2025-11-17T02:39:07Z</time><extensions><gpxtpx:TrackPointExtension><gpxtpx:cad>0</gpxtpx:cad></gpxtpx:TrackPointExtension></extensions></trkpt><trkpt lat="15.2860947512" lon="73.9069521893"><ele>3.02</ele><time>2025-11-17T02:39:12Z</time><extensions><gpxtpx:TrackPointExtension><gpxtpx:cad>0</gpxtpx:cad></gpxtpx:TrackPointExtension></extensions></trkpt><trkpt lat="15.2861743793" lon="73.9067977946"><ele>2.54</ele><time>2025-11-17T02:39:17Z</time><extensions><gpxtpx:TrackPointExtension><gpxtpx:cad>0</gpxtpx:cad></gpxtpx:TrackPointExtension></extensions></trkpt><trkpt lat="15.2862354834" lon="73.9066309109"><ele>2.54</ele><time>2025-11-17T02:39:22Z</time><extensions><gpxtpx:TrackPointExtension><gpxtpx:cad>0</gpxtpx:cad></gpxtpx:TrackPointExtension></extensions></trkpt><trkpt lat="15.2863058075" lon="73.9064693078"><ele>2.54</ele><time>2025-11-17T02:39:27Z</time><extensions><gpxtpx:TrackPointExtension><gpxtpx:cad>0</gpxtpx:cad></gpxtpx:TrackPointExtension></extensions></trkpt><trkpt lat="15.2863643970" lon="73.9062963892"><ele>2.54</ele><time>2025-11-17T02:39:32Z</time><extensions><gpxtpx:TrackPointExtension><gpxtpx:cad>0</gpxtpx:cad></gpxtpx:TrackPointExtension></extensions></trkpt><trkpt lat="15.2864266746" lon="73.9061359596"><ele>2.54</ele><time>2025-11-17T02:39:37Z</time><extensions><gpxtpx:TrackPointExtension><gpxtpx:cad>0</gpxtpx:cad></gpxtpx:TrackPointExtension></extensions></trkpt><trkpt lat="15.2865011059" lon="73.9059842471"><ele>2.54</ele><time>2025-11-17T02:39:42Z</time><extensions><gpxtpx:TrackPointExtension><gpxtpx:cad>0</gpxtpx:cad></gpxtpx:TrackPointExtension></extensions></trkpt><trkpt lat="15.2865633834" lon="73.9058135916"><ele>2.54</ele><time>2025-11-17T02:39:47Z</time><extensions><gpxtpx:TrackPointExtension><gpxtpx:cad>0</gpxtpx:cad></gpxtpx:TrackPointExtension></extensions></trkpt><trkpt lat="15.2866318636" lon="73.9056543354"><ele>2.54</ele><time>2025-11-17T02:39:52Z</time><extensions><gpxtpx:TrackPointExtension><gpxtpx:cad>0</gpxtpx:cad></gpxtpx:TrackPointExtension></extensions></trkpt><trkpt lat="15.2867000084" lon="73.9054868650"><ele>2.06</ele><time>2025-11-17T02:39:57Z</time><extensions><gpxtpx:TrackPointExtension><gpxtpx:cad>0</gpxtpx:cad></gpxtpx:TrackPointExtension></extensions></trkpt><trkpt lat="15.2867669798" lon="73.9053141139"><ele>2.06</ele><time>2025-11-17T02:40:02Z</time><extensions><gpxtpx:TrackPointExtension><gpxtpx:cad>0</gpxtpx:cad></gpxtpx:TrackPointExtension></extensions></trkpt><trkpt lat="15.2868407406" lon="73.9051504154"><ele>2.06</ele><time>2025-11-17T02:40:07Z</time><extensions><gpxtpx:TrackPointExtension><gpxtpx:cad>0</gpxtpx:cad></gpxtpx:TrackPointExtension></extensions></trkpt><trkpt lat="15.2869088855" lon="73.9049858786"><ele>2.54</ele><time>2025-11-17T02:40:12Z</time><extensions><gpxtpx:TrackPointExtension><gpxtpx:cad>0</gpxtpx:cad></gpxtpx:TrackPointExtension></extensions></trkpt><trkpt lat="15.2869807184" lon="73.9048332442"><ele>3.02</ele><time>2025-11-17T02:40:17Z</time><extensions><gpxtpx:TrackPointExtension><gpxtpx:cad>0</gpxtpx:cad></gpxtpx:TrackPointExtension></extensions></trkpt><trkpt lat="15.2870536409" lon="73.9046700485"><ele>2.54</ele><time>2025-11-17T02:40:22Z</time><extensions><gpxtpx:TrackPointExtension><gpxtpx:cad>0</gpxtpx:cad></gpxtpx:TrackPointExtension></extensions></trkpt><trkpt lat="15.2871297486" lon="73.9045031648"><ele>3.02</ele><time>2025-11-17T02:40:27Z</time><extensions><gpxtpx:TrackPointExtension><gpxtpx:cad>0</gpxtpx:cad></gpxtpx:TrackPointExtension></extensions></trkpt><trkpt lat="15.2872030903" lon="73.9043426514"><ele>3.50</ele><time>2025-11-17T02:40:32Z</time><extensions><gpxtpx:TrackPointExtension><gpxtpx:cad>0</gpxtpx:cad></gpxtpx:TrackPointExtension></extensions></trkpt><trkpt lat="15.2872741688" lon="73.9041837305"><ele>3.02</ele><time>2025-11-17T02:40:37Z</time><extensions><gpxtpx:TrackPointExtension><gpxtpx:cad>0</gpxtpx:cad></gpxtpx:TrackPointExtension></extensions></trkpt><trkpt lat="15.2873534616" lon="73.9040223788"><ele>3.50</ele><time>2025-11-17T02:40:42Z</time><extensions><gpxtpx:TrackPointExtension><gpxtpx:cad>0</gpxtpx:cad></gpxtpx:TrackPointExtension></extensions></trkpt><trkpt lat="15.2874377836" lon="73.9038687386"><ele>3.50</ele><time>2025-11-17T02:40:47Z</time><extensions><gpxtpx:TrackPointExtension><gpxtpx:cad>0</gpxtpx:cad></gpxtpx:TrackPointExtension></extensions></trkpt><trkpt lat="15.2875156514" lon="73.9037015196"><ele>3.02</ele><time>2025-11-17T02:40:52Z</time><extensions><gpxtpx:TrackPointExtension><gpxtpx:cad>0</gpxtpx:cad></gpxtpx:TrackPointExtension></extensions></trkpt><trkpt lat="15.2875901666" lon="73.9035367314"><ele>3.02</ele><time>2025-11-17T02:40:57Z</time><extensions><gpxtpx:TrackPointExtension><gpxtpx:cad>0</gpxtpx:cad></gpxtpx:TrackPointExtension></extensions></trkpt><trkpt lat="15.2876712196" lon="73.9033833425"><ele>3.50</ele><time>2025-11-17T02:41:02Z</time><extensions><gpxtpx:TrackPointExtension><gpxtpx:cad>0</gpxtpx:cad></gpxtpx:TrackPointExtension></extensions></trkpt><trkpt lat="15.2877362631" lon="73.9032133576"><ele>3.50</ele><time>2025-11-17T02:41:07Z</time><extensions><gpxtpx:TrackPointExtension><gpxtpx:cad>0</gpxtpx:cad></gpxtpx:TrackPointExtension></extensions></trkpt><trkpt lat="15.2878202498" lon="73.9030577056"><ele>3.98</ele><time>2025-11-17T02:41:12Z</time><extensions><gpxtpx:TrackPointExtension><gpxtpx:cad>0</gpxtpx:cad></gpxtpx:TrackPointExtension></extensions></trkpt><trkpt lat="15.2878891490" lon="73.9028898161"><ele>3.50</ele><time>2025-11-17T02:41:17Z</time><extensions><gpxtpx:TrackPointExtension><gpxtpx:cad>0</gpxtpx:cad></gpxtpx:TrackPointExtension></extensions></trkpt><trkpt lat="15.2879539412" lon="73.9027175680"><ele>3.50</ele><time>2025-11-17T02:41:22Z</time><extensions><gpxtpx:TrackPointExtension><gpxtpx:cad>0</gpxtpx:cad></gpxtpx:TrackPointExtension></extensions></trkpt><trkpt lat="15.2880255226" lon="73.9025568869"><ele>3.50</ele><time>2025-11-17T02:41:27Z</time><extensions><gpxtpx:TrackPointExtension><gpxtpx:cad>0</gpxtpx:cad></gpxtpx:TrackPointExtension></extensions></trkpt><trkpt lat="15.2880915720" lon="73.9023879077"><ele>3.02</ele><time>2025-11-17T02:41:32Z</time><extensions><gpxtpx:TrackPointExtension><gpxtpx:cad>0</gpxtpx:cad></gpxtpx:TrackPointExtension></extensions></trkpt><trkpt lat="15.2881672606" lon="73.9022297412"><ele>3.02</ele><time>2025-11-17T02:41:37Z</time><extensions><gpxtpx:TrackPointExtension><gpxtpx:cad>0</gpxtpx:cad></gpxtpx:TrackPointExtension></extensions></trkpt><trkpt lat="15.2882353216" lon="73.9020628575"><ele>3.02</ele><time>2025-11-17T02:41:42Z</time><extensions><gpxtpx:TrackPointExtension><gpxtpx:cad>0</gpxtpx:cad></gpxtpx:TrackPointExtension></extensions></trkpt><trkpt lat="15.2883071546" lon="73.9018956386"><ele>3.02</ele><time>2025-11-17T02:41:47Z</time><extensions><gpxtpx:TrackPointExtension><gpxtpx:cad>0</gpxtpx:cad></gpxtpx:TrackPointExtension></extensions></trkpt><trkpt lat="15.2883800771" lon="73.9017290901"><ele>3.02</ele><time>2025-11-17T02:41:52Z</time><extensions><gpxtpx:TrackPointExtension><gpxtpx:cad>0</gpxtpx:cad></gpxtpx:TrackPointExtension></extensions></trkpt><trkpt lat="15.2884482220" lon="73.9015621226"><ele>3.50</ele><time>2025-11-17T02:41:57Z</time><extensions><gpxtpx:TrackPointExtension><gpxtpx:cad>0</gpxtpx:cad></gpxtpx:TrackPointExtension></extensions></trkpt><trkpt lat="15.2885123435" lon="73.9013952389"><ele>3.50</ele><time>2025-11-17T02:42:02Z</time><extensions><gpxtpx:TrackPointExtension><gpxtpx:cad>0</gpxtpx:cad></gpxtpx:TrackPointExtension></extensions></trkpt><trkpt lat="15.2885711845" lon="73.9012259245"><ele>3.50</ele><time>2025-11-17T02:42:07Z</time><extensions><gpxtpx:TrackPointExtension><gpxtpx:cad>0</gpxtpx:cad></gpxtpx:TrackPointExtension></extensions></trkpt><trkpt lat="15.2886335459" lon="73.9010551851"><ele>3.50</ele><time>2025-11-17T02:42:12Z</time><extensions><gpxtpx:TrackPointExtension><gpxtpx:cad>0</gpxtpx:cad></gpxtpx:TrackPointExtension></extensions></trkpt><trkpt lat="15.2886889502" lon="73.9008800033"><ele>3.02</ele><time>2025-11-17T02:42:17Z</time><extensions><gpxtpx:TrackPointExtension><gpxtpx:cad>0</gpxtpx:cad></gpxtpx:TrackPointExtension></extensions></trkpt><trkpt lat="15.2887361404" lon="73.9007055759"><ele>2.54</ele><time>2025-11-17T02:42:22Z</time><extensions><gpxtpx:TrackPointExtension><gpxtpx:cad>0</gpxtpx:cad></gpxtpx:TrackPointExtension></extensions></trkpt><trkpt lat="15.2887912933" lon="73.9005366806"><ele>2.54</ele><time>2025-11-17T02:42:27Z</time><extensions><gpxtpx:TrackPointExtension><gpxtpx:cad>0</gpxtpx:cad></gpxtpx:TrackPointExtension></extensions></trkpt><trkpt lat="15.2888420876" lon="73.9003623370"><ele>2.54</ele><time>2025-11-17T02:42:32Z</time><extensions><gpxtpx:TrackPointExtension><gpxtpx:cad>0</gpxtpx:cad></gpxtpx:TrackPointExtension></extensions></trkpt><trkpt lat="15.2889117412" lon="73.9001950342"><ele>3.02</ele><time>2025-11-17T02:42:37Z</time><extensions><gpxtpx:TrackPointExtension><gpxtpx:cad>0</gpxtpx:cad></gpxtpx:TrackPointExtension></extensions></trkpt><trkpt lat="15.2890448458" lon="73.9001011569"><ele>3.02</ele><time>2025-11-17T02:42:42Z</time><extensions><gpxtpx:TrackPointExtension><gpxtpx:cad>0</gpxtpx:cad></gpxtpx:TrackPointExtension></extensions></trkpt><trkpt lat="15.2891842369" lon="73.9000038430"><ele>2.06</ele><time>2025-11-17T02:42:47Z</time><extensions><gpxtpx:TrackPointExtension><gpxtpx:cad>0</gpxtpx:cad></gpxtpx:TrackPointExtension></extensions></trkpt><trkpt lat="15.2893202752" lon="73.8998901006"><ele>3.02</ele><time>2025-11-17T02:42:52Z</time><extensions><gpxtpx:TrackPointExtension><gpxtpx:cad>0</gpxtpx:cad></gpxtpx:TrackPointExtension></extensions></trkpt><trkpt lat="15.2894570678" lon="73.8997754361"><ele>3.02</ele><time>2025-11-17T02:42:57Z</time><extensions><gpxtpx:TrackPointExtension><gpxtpx:cad>0</gpxtpx:cad></gpxtpx:TrackPointExtension></extensions></trkpt><trkpt lat="15.2895895019" lon="73.8996549044"><ele>3.50</ele><time>2025-11-17T02:43:02Z</time><extensions><gpxtpx:TrackPointExtension><gpxtpx:cad>0</gpxtpx:cad></gpxtpx:TrackPointExtension></extensions></trkpt><trkpt lat="15.2897293121" lon="73.8995422516"><ele>3.50</ele><time>2025-11-17T02:43:07Z</time><extensions><gpxtpx:TrackPointExtension><gpxtpx:cad>0</gpxtpx:cad></gpxtpx:TrackPointExtension></extensions></trkpt><trkpt lat="15.2898609918" lon="73.8994258270"><ele>3.98</ele><time>2025-11-17T02:43:12Z</time><extensions><gpxtpx:TrackPointExtension><gpxtpx:cad>0</gpxtpx:cad></gpxtpx:TrackPointExtension></extensions></trkpt><trkpt lat="15.2899966948" lon="73.8993083965"><ele>3.98</ele><time>2025-11-17T02:43:17Z</time><extensions><gpxtpx:TrackPointExtension><gpxtpx:cad>0</gpxtpx:cad></gpxtpx:TrackPointExtension></extensions></trkpt><trkpt lat="15.2901326492" lon="73.8991952408"><ele>3.50</ele><time>2025-11-17T02:43:22Z</time><extensions><gpxtpx:TrackPointExtension><gpxtpx:cad>0</gpxtpx:cad></gpxtpx:TrackPointExtension></extensions></trkpt><trkpt lat="15.2902674302" lon="73.8990774751"><ele>3.02</ele><time>2025-11-17T02:43:27Z</time><extensions><gpxtpx:TrackPointExtension><gpxtpx:cad>0</gpxtpx:cad></gpxtpx:TrackPointExtension></extensions></trkpt><trkpt lat="15.2903950866" lon="73.8989470527"><ele>3.02</ele><time>2025-11-17T02:43:32Z</time><extensions><gpxtpx:TrackPointExtension><gpxtpx:cad>0</gpxtpx:cad></gpxtpx:TrackPointExtension></extensions></trkpt><trkpt lat="15.2905164566" lon="73.8988167979"><ele>2.54</ele><time>2025-11-17T02:43:37Z</time><extensions><gpxtpx:TrackPointExtension><gpxtpx:cad>0</gpxtpx:cad></gpxtpx:TrackPointExtension></extensions></trkpt><trkpt lat="15.2906391677" lon="73.8986805920"><ele>2.54</ele><time>2025-11-17T02:43:42Z</time><extensions><gpxtpx:TrackPointExtension><gpxtpx:cad>0</gpxtpx:cad></gpxtpx:TrackPointExtension></extensions></trkpt><trkpt lat="15.2907557599" lon="73.8985403627"><ele>2.54</ele><time>2025-11-17T02:43:47Z</time><extensions><gpxtpx:TrackPointExtension><gpxtpx:cad>0</gpxtpx:cad></gpxtpx:TrackPointExtension></extensions></trkpt><trkpt lat="15.2908688318" lon="73.8984011393"><ele>2.54</ele><time>2025-11-17T02:43:52Z</time><extensions><gpxtpx:TrackPointExtension><gpxtpx:cad>0</gpxtpx:cad></gpxtpx:TrackPointExtension></extensions></trkpt><trkpt lat="15.2909865975" lon="73.8982644305"><ele>2.54</ele><time>2025-11-17T02:43:57Z</time><extensions><gpxtpx:TrackPointExtension><gpxtpx:cad>0</gpxtpx:cad></gpxtpx:TrackPointExtension></extensions></trkpt><trkpt lat="15.2910983283" lon="73.8981228601"><ele>2.54</ele><time>2025-11-17T02:44:02Z</time><extensions><gpxtpx:TrackPointExtension><gpxtpx:cad>0</gpxtpx:cad></gpxtpx:TrackPointExtension></extensions></trkpt><trkpt lat="15.2912063710" lon="73.8979804516"><ele>3.02</ele><time>2025-11-17T02:44:07Z</time><extensions><gpxtpx:TrackPointExtension><gpxtpx:cad>0</gpxtpx:cad></gpxtpx:TrackPointExtension></extensions></trkpt><trkpt lat="15.2913181018" lon="73.8978357799"><ele>3.02</ele><time>2025-11-17T02:44:12Z</time><extensions><gpxtpx:TrackPointExtension><gpxtpx:cad>0</gpxtpx:cad></gpxtpx:TrackPointExtension></extensions></trkpt><trkpt lat="15.2914253902" lon="73.8976892643"><ele>2.54</ele><time>2025-11-17T02:44:17Z</time><extensions><gpxtpx:TrackPointExtension><gpxtpx:cad>0</gpxtpx:cad></gpxtpx:TrackPointExtension></extensions></trkpt><trkpt lat="15.2915334329" lon="73.8975479454"><ele>3.50</ele><time>2025-11-17T02:44:22Z</time><extensions><gpxtpx:TrackPointExtension><gpxtpx:cad>0</gpxtpx:cad></gpxtpx:TrackPointExtension></extensions></trkpt><trkpt lat="15.2916382905" lon="73.8974011783"><ele>2.54</ele><time>2025-11-17T02:44:27Z</time><extensions><gpxtpx:TrackPointExtension><gpxtpx:cad>0</gpxtpx:cad></gpxtpx:TrackPointExtension></extensions></trkpt><trkpt lat="15.2917490155" lon="73.8972641341"><ele>2.54</ele><time>2025-11-17T02:44:32Z</time><extensions><gpxtpx:TrackPointExtension><gpxtpx:cad>0</gpxtpx:cad></gpxtpx:TrackPointExtension></extensions></trkpt><trkpt lat="15.2918679547" lon="73.8971284311"><ele>2.06</ele><time>2025-11-17T02:44:37Z</time><extensions><gpxtpx:TrackPointExtension><gpxtpx:cad>0</gpxtpx:cad></gpxtpx:TrackPointExtension></extensions></trkpt><trkpt lat="15.2919878997" lon="73.8969959132"><ele>1.58</ele><time>2025-11-17T02:44:42Z</time><extensions><gpxtpx:TrackPointExtension><gpxtpx:cad>0</gpxtpx:cad></gpxtpx:TrackPointExtension></extensions></trkpt><trkpt lat="15.2921099402" lon="73.8968699332"><ele>2.06</ele><time>2025-11-17T02:44:47Z</time><extensions><gpxtpx:TrackPointExtension><gpxtpx:cad>0</gpxtpx:cad></gpxtpx:TrackPointExtension></extensions></trkpt><trkpt lat="15.2922285441" lon="73.8967392594"><ele>2.06</ele><time>2025-11-17T02:44:52Z</time><extensions><gpxtpx:TrackPointExtension><gpxtpx:cad>0</gpxtpx:cad></gpxtpx:TrackPointExtension></extensions></trkpt><trkpt lat="15.2923398558" lon="73.8965980243"><ele>2.06</ele><time>2025-11-17T02:44:57Z</time><extensions><gpxtpx:TrackPointExtension><gpxtpx:cad>0</gpxtpx:cad></gpxtpx:TrackPointExtension></extensions></trkpt><trkpt lat="15.2924383432" lon="73.8964422047"><ele>2.54</ele><time>2025-11-17T02:45:02Z</time><extensions><gpxtpx:TrackPointExtension><gpxtpx:cad>0</gpxtpx:cad></gpxtpx:TrackPointExtension></extensions></trkpt><trkpt lat="15.2925291192" lon="73.8962865528"><ele>3.02</ele><time>2025-11-17T02:45:07Z</time><extensions><gpxtpx:TrackPointExtension><gpxtpx:cad>0</gpxtpx:cad></gpxtpx:TrackPointExtension></extensions></trkpt><trkpt lat="15.2926358208" lon="73.8961449824"><ele>3.02</ele><time>2025-11-17T02:45:12Z</time><extensions><gpxtpx:TrackPointExtension><gpxtpx:cad>0</gpxtpx:cad></gpxtpx:TrackPointExtension></extensions></trkpt><trkpt lat="15.2927354816" lon="73.8959940244"><ele>3.02</ele><time>2025-11-17T02:45:17Z</time><extensions><gpxtpx:TrackPointExtension><gpxtpx:cad>0</gpxtpx:cad></gpxtpx:TrackPointExtension></extensions></trkpt><trkpt lat="15.2928353101" lon="73.8958421443"><ele>2.54</ele><time>2025-11-17T02:45:22Z</time><extensions><gpxtpx:TrackPointExtension><gpxtpx:cad>0</gpxtpx:cad></gpxtpx:TrackPointExtension></extensions></trkpt><trkpt lat="15.2929321211" lon="73.8956835587"><ele>2.54</ele><time>2025-11-17T02:45:27Z</time><extensions><gpxtpx:TrackPointExtension><gpxtpx:cad>0</gpxtpx:cad></gpxtpx:TrackPointExtension></extensions></trkpt><trkpt lat="15.2930275910" lon="73.8955311757"><ele>2.54</ele><time>2025-11-17T02:45:32Z</time><extensions><gpxtpx:TrackPointExtension><gpxtpx:cad>0</gpxtpx:cad></gpxtpx:TrackPointExtension></extensions></trkpt><trkpt lat="15.2931286767" lon="73.8953830674"><ele>2.54</ele><time>2025-11-17T02:45:37Z</time><extensions><gpxtpx:TrackPointExtension><gpxtpx:cad>0</gpxtpx:cad></gpxtpx:TrackPointExtension></extensions></trkpt><trkpt lat="15.2932200395" lon="73.8952284213"><ele>3.50</ele><time>2025-11-17T02:45:42Z</time><extensions><gpxtpx:TrackPointExtension><gpxtpx:cad>0</gpxtpx:cad></gpxtpx:TrackPointExtension></extensions></trkpt><trkpt lat="15.2933114860" lon="73.8950763736"><ele>3.02</ele><time>2025-11-17T02:45:47Z</time><extensions><gpxtpx:TrackPointExtension><gpxtpx:cad>0</gpxtpx:cad></gpxtpx:TrackPointExtension></extensions></trkpt><trkpt lat="15.2933968138" lon="73.8949172851"><ele>2.54</ele><time>2025-11-17T02:45:52Z</time><extensions><gpxtpx:TrackPointExtension><gpxtpx:cad>0</gpxtpx:cad></gpxtpx:TrackPointExtension></extensions></trkpt><trkpt lat="15.2934834827" lon="73.8947591186"><ele>2.54</ele><time>2025-11-17T02:45:57Z</time><extensions><gpxtpx:TrackPointExtension><gpxtpx:cad>0</gpxtpx:cad></gpxtpx:TrackPointExtension></extensions></trkpt><trkpt lat="15.2935622726" lon="73.8945949171"><ele>2.54</ele><time>2025-11-17T02:46:02Z</time><extensions><gpxtpx:TrackPointExtension><gpxtpx:cad>0</gpxtpx:cad></gpxtpx:TrackPointExtension></extensions></trkpt><trkpt lat="15.2936512884" lon="73.8944433723"><ele>2.54</ele><time>2025-11-17T02:46:07Z</time><extensions><gpxtpx:TrackPointExtension><gpxtpx:cad>0</gpxtpx:cad></gpxtpx:TrackPointExtension></extensions></trkpt><trkpt lat="15.2937332634" lon="73.8942814339"><ele>2.54</ele><time>2025-11-17T02:46:12Z</time><extensions><gpxtpx:TrackPointExtension><gpxtpx:cad>0</gpxtpx:cad></gpxtpx:TrackPointExtension></extensions></trkpt><trkpt lat="15.2938038390" lon="73.8941083476"><ele>3.02</ele><time>2025-11-17T02:46:17Z</time><extensions><gpxtpx:TrackPointExtension><gpxtpx:cad>0</gpxtpx:cad></gpxtpx:TrackPointExtension></extensions></trkpt><trkpt lat="15.2938838862" lon="73.8939530309"><ele>3.02</ele><time>2025-11-17T02:46:22Z</time><extensions><gpxtpx:TrackPointExtension><gpxtpx:cad>0</gpxtpx:cad></gpxtpx:TrackPointExtension></extensions></trkpt><trkpt lat="15.2939541265" lon="73.8937857281"><ele>3.02</ele><time>2025-11-17T02:46:27Z</time><extensions><gpxtpx:TrackPointExtension><gpxtpx:cad>0</gpxtpx:cad></gpxtpx:TrackPointExtension></extensions></trkpt><trkpt lat="15.2940264624" lon="73.8936176710"><ele>3.50</ele><time>2025-11-17T02:46:32Z</time><extensions><gpxtpx:TrackPointExtension><gpxtpx:cad>0</gpxtpx:cad></gpxtpx:TrackPointExtension></extensions></trkpt><trkpt lat="15.2941037435" lon="73.8934630249"><ele>3.50</ele><time>2025-11-17T02:46:37Z</time><extensions><gpxtpx:TrackPointExtension><gpxtpx:cad>0</gpxtpx:cad></gpxtpx:TrackPointExtension></extensions></trkpt><trkpt lat="15.2941645123" lon="73.8932872564"><ele>3.02</ele><time>2025-11-17T02:46:42Z</time><extensions><gpxtpx:TrackPointExtension><gpxtpx:cad>0</gpxtpx:cad></gpxtpx:TrackPointExtension></extensions></trkpt><trkpt lat="15.2942429669" lon="73.8931287546"><ele>3.50</ele><time>2025-11-17T02:46:47Z</time><extensions><gpxtpx:TrackPointExtension><gpxtpx:cad>0</gpxtpx:cad></gpxtpx:TrackPointExtension></extensions></trkpt><trkpt lat="15.2943071723" lon="73.8929610327"><ele>3.50</ele><time>2025-11-17T02:46:52Z</time><extensions><gpxtpx:TrackPointExtension><gpxtpx:cad>0</gpxtpx:cad></gpxtpx:TrackPointExtension></extensions></trkpt><trkpt lat="15.2943706233" lon="73.8927862700"><ele>3.98</ele><time>2025-11-17T02:46:57Z</time><extensions><gpxtpx:TrackPointExtension><gpxtpx:cad>0</gpxtpx:cad></gpxtpx:TrackPointExtension></extensions></trkpt><trkpt lat="15.2944305539" lon="73.8926204760"><ele>3.50</ele><time>2025-11-17T02:47:02Z</time><extensions><gpxtpx:TrackPointExtension><gpxtpx:cad>0</gpxtpx:cad></gpxtpx:TrackPointExtension></extensions></trkpt><trkpt lat="15.2944924962" lon="73.8924423605"><ele>3.50</ele><time>2025-11-17T02:47:07Z</time><extensions><gpxtpx:TrackPointExtension><gpxtpx:cad>0</gpxtpx:cad></gpxtpx:TrackPointExtension></extensions></trkpt><trkpt lat="15.2945604734" lon="73.8922767341"><ele>3.50</ele><time>2025-11-17T02:47:12Z</time><extensions><gpxtpx:TrackPointExtension><gpxtpx:cad>0</gpxtpx:cad></gpxtpx:TrackPointExtension></extensions></trkpt><trkpt lat="15.2946240082" lon="73.8921104372"><ele>3.98</ele><time>2025-11-17T02:47:17Z</time><extensions><gpxtpx:TrackPointExtension><gpxtpx:cad>0</gpxtpx:cad></gpxtpx:TrackPointExtension></extensions></trkpt><trkpt lat="15.2946815919" lon="73.8919325732"><ele>3.50</ele><time>2025-11-17T02:47:22Z</time><extensions><gpxtpx:TrackPointExtension><gpxtpx:cad>0</gpxtpx:cad></gpxtpx:TrackPointExtension></extensions></trkpt><trkpt lat="15.2947533410" lon="73.8917701319"><ele>3.50</ele><time>2025-11-17T02:47:27Z</time><extensions><gpxtpx:TrackPointExtension><gpxtpx:cad>0</gpxtpx:cad></gpxtpx:TrackPointExtension></extensions></trkpt><trkpt lat="15.2948183846" lon="73.8916085288"><ele>2.06</ele><time>2025-11-17T02:47:32Z</time><extensions><gpxtpx:TrackPointExtension><gpxtpx:cad>0</gpxtpx:cad></gpxtpx:TrackPointExtension></extensions></trkpt><trkpt lat="15.2948818356" lon="73.8914365321"><ele>1.58</ele><time>2025-11-17T02:47:37Z</time><extensions><gpxtpx:TrackPointExtension><gpxtpx:cad>0</gpxtpx:cad></gpxtpx:TrackPointExtension></extensions></trkpt><trkpt lat="15.2949611284" lon="73.8912827242"><ele>1.58</ele><time>2025-11-17T02:47:42Z</time><extensions><gpxtpx:TrackPointExtension><gpxtpx:cad>0</gpxtpx:cad></gpxtpx:TrackPointExtension></extensions></trkpt><trkpt lat="15.2950446960" lon="73.8911230490"><ele>1.58</ele><time>2025-11-17T02:47:47Z</time><extensions><gpxtpx:TrackPointExtension><gpxtpx:cad>0</gpxtpx:cad></gpxtpx:TrackPointExtension></extensions></trkpt><trkpt lat="15.2951352205" lon="73.8909691572"><ele>1.58</ele><time>2025-11-17T02:47:52Z</time><extensions><gpxtpx:TrackPointExtension><gpxtpx:cad>0</gpxtpx:cad></gpxtpx:TrackPointExtension></extensions></trkpt><trkpt lat="15.2952363063" lon="73.8908218034"><ele>1.58</ele><time>2025-11-17T02:47:57Z</time><extensions><gpxtpx:TrackPointExtension><gpxtpx:cad>0</gpxtpx:cad></gpxtpx:TrackPointExtension></extensions></trkpt><trkpt lat="15.2953372244" lon="73.8906700909"><ele>1.58</ele><time>2025-11-17T02:48:02Z</time><extensions><gpxtpx:TrackPointExtension><gpxtpx:cad>0</gpxtpx:cad></gpxtpx:TrackPointExtension></extensions></trkpt><trkpt lat="15.2954554930" lon="73.8905363996"><ele>2.06</ele><time>2025-11-17T02:48:07Z</time><extensions><gpxtpx:TrackPointExtension><gpxtpx:cad>0</gpxtpx:cad></gpxtpx:TrackPointExtension></extensions></trkpt><trkpt lat="15.2955855802" lon="73.8904130179"><ele>2.06</ele><time>2025-11-17T02:48:12Z</time><extensions><gpxtpx:TrackPointExtension><gpxtpx:cad>0</gpxtpx:cad></gpxtpx:TrackPointExtension></extensions></trkpt><trkpt lat="15.2957136557" lon="73.8902845234"><ele>2.06</ele><time>2025-11-17T02:48:17Z</time><extensions><gpxtpx:TrackPointExtension><gpxtpx:cad>0</gpxtpx:cad></gpxtpx:TrackPointExtension></extensions></trkpt><trkpt lat="15.2958446648" lon="73.8901648298"><ele>2.06</ele><time>2025-11-17T02:48:22Z</time><extensions><gpxtpx:TrackPointExtension><gpxtpx:cad>0</gpxtpx:cad></gpxtpx:TrackPointExtension></extensions></trkpt><trkpt lat="15.2959793620" lon="73.8900435437"><ele>2.06</ele><time>2025-11-17T02:48:27Z</time><extensions><gpxtpx:TrackPointExtension><gpxtpx:cad>0</gpxtpx:cad></gpxtpx:TrackPointExtension></extensions></trkpt><trkpt lat="15.2961039171" lon="73.8899152167"><ele>1.58</ele><time>2025-11-17T02:48:32Z</time><extensions><gpxtpx:TrackPointExtension><gpxtpx:cad>0</gpxtpx:cad></gpxtpx:TrackPointExtension></extensions></trkpt><trkpt lat="15.2962572221" lon="73.8898341637"><ele>1.58</ele><time>2025-11-17T02:48:37Z</time><extensions><gpxtpx:TrackPointExtension><gpxtpx:cad>0</gpxtpx:cad></gpxtpx:TrackPointExtension></extensions></trkpt><trkpt lat="15.2964295540" lon="73.8898111135"><ele>1.10</ele><time>2025-11-17T02:48:42Z</time><extensions><gpxtpx:TrackPointExtension><gpxtpx:cad>0</gpxtpx:cad></gpxtpx:TrackPointExtension></extensions></trkpt><trkpt lat="15.2965886425" lon="73.8898342475"><ele>1.58</ele><time>2025-11-17T02:48:47Z</time><extensions><gpxtpx:TrackPointExtension><gpxtpx:cad>0</gpxtpx:cad></gpxtpx:TrackPointExtension></extensions></trkpt><trkpt lat="15.2967546880" lon="73.8898732234"><ele>1.10</ele><time>2025-11-17T02:48:52Z</time><extensions><gpxtpx:TrackPointExtension><gpxtpx:cad>0</gpxtpx:cad></gpxtpx:TrackPointExtension></extensions></trkpt><trkpt lat="15.2969324682" lon="73.8899152167"><ele>1.58</ele><time>2025-11-17T02:48:57Z</time><extensions><gpxtpx:TrackPointExtension><gpxtpx:cad>0</gpxtpx:cad></gpxtpx:TrackPointExtension></extensions></trkpt><trkpt lat="15.2971079014" lon="73.8899567910"><ele>2.06</ele><time>2025-11-17T02:49:02Z</time><extensions><gpxtpx:TrackPointExtension><gpxtpx:cad>0</gpxtpx:cad></gpxtpx:TrackPointExtension></extensions></trkpt><trkpt lat="15.2972750366" lon="73.8899867143"><ele>2.06</ele><time>2025-11-17T02:49:07Z</time><extensions><gpxtpx:TrackPointExtension><gpxtpx:cad>0</gpxtpx:cad></gpxtpx:TrackPointExtension></extensions></trkpt><trkpt lat="15.2974365558" lon="73.8900110219"><ele>2.06</ele><time>2025-11-17T02:49:12Z</time><extensions><gpxtpx:TrackPointExtension><gpxtpx:cad>0</gpxtpx:cad></gpxtpx:TrackPointExtension></extensions></trkpt><trkpt lat="15.2976162639" lon="73.8900370896"><ele>2.06</ele><time>2025-11-17T02:49:17Z</time><extensions><gpxtpx:TrackPointExtension><gpxtpx:cad>0</gpxtpx:cad></gpxtpx:TrackPointExtension></extensions></trkpt><trkpt lat="15.2977989055" lon="73.8900686055"><ele>2.06</ele><time>2025-11-17T02:49:22Z</time><extensions><gpxtpx:TrackPointExtension><gpxtpx:cad>0</gpxtpx:cad></gpxtpx:TrackPointExtension></extensions></trkpt><trkpt lat="15.2979591675" lon="73.8900963496"><ele>1.10</ele><time>2025-11-17T02:49:27Z</time><extensions><gpxtpx:TrackPointExtension><gpxtpx:cad>0</gpxtpx:cad></gpxtpx:TrackPointExtension></extensions></trkpt><trkpt lat="15.2981278952" lon="73.8901104312"><ele>1.10</ele><time>2025-11-17T02:49:32Z</time><extensions><gpxtpx:TrackPointExtension><gpxtpx:cad>0</gpxtpx:cad></gpxtpx:TrackPointExtension></extensions></trkpt><trkpt lat="15.2982998919" lon="73.8901299611"><ele>1.58</ele><time>2025-11-17T02:49:37Z</time><extensions><gpxtpx:TrackPointExtension><gpxtpx:cad>0</gpxtpx:cad></gpxtpx:TrackPointExtension></extensions></trkpt><trkpt lat="15.2984885685" lon="73.8901465572"><ele>2.06</ele><time>2025-11-17T02:49:42Z</time><extensions><gpxtpx:TrackPointExtension><gpxtpx:cad>0</gpxtpx:cad></gpxtpx:TrackPointExtension></extensions></trkpt><trkpt lat="15.2986606490" lon="73.8901527599"><ele>2.06</ele><time>2025-11-17T02:49:47Z</time><extensions><gpxtpx:TrackPointExtension><gpxtpx:cad>0</gpxtpx:cad></gpxtpx:TrackPointExtension></extensions></trkpt><trkpt lat="15.2988269459" lon="73.8901496585"><ele>2.06</ele><time>2025-11-17T02:49:52Z</time><extensions><gpxtpx:TrackPointExtension><gpxtpx:cad>0</gpxtpx:cad></gpxtpx:TrackPointExtension></extensions></trkpt><trkpt lat="15.2989956737" lon="73.8901570346"><ele>2.06</ele><time>2025-11-17T02:49:57Z</time><extensions><gpxtpx:TrackPointExtension><gpxtpx:cad>0</gpxtpx:cad></gpxtpx:TrackPointExtension></extensions></trkpt><trkpt lat="15.2991732024" lon="73.8901720382"><ele>2.54</ele><time>2025-11-17T02:50:02Z</time><extensions><gpxtpx:TrackPointExtension><gpxtpx:cad>0</gpxtpx:cad></gpxtpx:TrackPointExtension></extensions></trkpt><trkpt lat="15.2993439417" lon="73.8901772350"><ele>2.54</ele><time>2025-11-17T02:50:07Z</time><extensions><gpxtpx:TrackPointExtension><gpxtpx:cad>0</gpxtpx:cad></gpxtpx:TrackPointExtension></extensions></trkpt><trkpt lat="15.2995112445" lon="73.8901791628"><ele>3.02</ele><time>2025-11-17T02:50:12Z</time><extensions><gpxtpx:TrackPointExtension><gpxtpx:cad>0</gpxtpx:cad></gpxtpx:TrackPointExtension></extensions></trkpt><trkpt lat="15.2996819839" lon="73.8901953399"><ele>3.98</ele><time>2025-11-17T02:50:17Z</time><extensions><gpxtpx:TrackPointExtension><gpxtpx:cad>0</gpxtpx:cad></gpxtpx:TrackPointExtension></extensions></trkpt><trkpt lat="15.2998632845" lon="73.8902545162"><ele>4.46</ele><time>2025-11-17T02:50:22Z</time><extensions><gpxtpx:TrackPointExtension><gpxtpx:cad>0</gpxtpx:cad></gpxtpx:TrackPointExtension></extensions></trkpt><trkpt lat="15.3000268992" lon="73.8903056458"><ele>4.46</ele><time>2025-11-17T02:50:27Z</time><extensions><gpxtpx:TrackPointExtension><gpxtpx:cad>0</gpxtpx:cad></gpxtpx:TrackPointExtension></extensions></trkpt><trkpt lat="15.3001846466" lon="73.8903545123"><ele>4.46</ele><time>2025-11-17T02:50:32Z</time><extensions><gpxtpx:TrackPointExtension><gpxtpx:cad>0</gpxtpx:cad></gpxtpx:TrackPointExtension></extensions></trkpt><trkpt lat="15.3003483452" lon="73.8904008642"><ele>4.46</ele><time>2025-11-17T02:50:37Z</time><extensions><gpxtpx:TrackPointExtension><gpxtpx:cad>0</gpxtpx:cad></gpxtpx:TrackPointExtension></extensions></trkpt><trkpt lat="15.3005231079" lon="73.8904622197"><ele>4.46</ele><time>2025-11-17T02:50:42Z</time><extensions><gpxtpx:TrackPointExtension><gpxtpx:cad>0</gpxtpx:cad></gpxtpx:TrackPointExtension></extensions></trkpt><trkpt lat="15.3006920032" lon="73.8905343041"><ele>3.98</ele><time>2025-11-17T02:50:47Z</time><extensions><gpxtpx:TrackPointExtension><gpxtpx:cad>0</gpxtpx:cad></gpxtpx:TrackPointExtension></extensions></trkpt><trkpt lat="15.3008586355" lon="73.8905948214"><ele>3.50</ele><time>2025-11-17T02:50:52Z</time><extensions><gpxtpx:TrackPointExtension><gpxtpx:cad>0</gpxtpx:cad></gpxtpx:TrackPointExtension></extensions></trkpt><trkpt lat="15.3010188974" lon="73.8906385750"><ele>3.02</ele><time>2025-11-17T02:50:57Z</time><extensions><gpxtpx:TrackPointExtension><gpxtpx:cad>0</gpxtpx:cad></gpxtpx:TrackPointExtension></extensions></trkpt><trkpt lat="15.3011841048" lon="73.8906835020"><ele>3.50</ele><time>2025-11-17T02:51:02Z</time><extensions><gpxtpx:TrackPointExtension><gpxtpx:cad>0</gpxtpx:cad></gpxtpx:TrackPointExtension></extensions></trkpt><trkpt lat="15.3013607115" lon="73.8907357212"><ele>3.98</ele><time>2025-11-17T02:51:07Z</time><extensions><gpxtpx:TrackPointExtension><gpxtpx:cad>0</gpxtpx:cad></gpxtpx:TrackPointExtension></extensions></trkpt><trkpt lat="15.3015289363" lon="73.8907844201"><ele>3.50</ele><time>2025-11-17T02:51:12Z</time><extensions><gpxtpx:TrackPointExtension><gpxtpx:cad>0</gpxtpx:cad></gpxtpx:TrackPointExtension></extensions></trkpt><trkpt lat="15.3016859293" lon="73.8908228092"><ele>3.50</ele><time>2025-11-17T02:51:17Z</time><extensions><gpxtpx:TrackPointExtension><gpxtpx:cad>0</gpxtpx:cad></gpxtpx:TrackPointExtension></extensions></trkpt><trkpt lat="15.3018546570" lon="73.8908532355"><ele>3.02</ele><time>2025-11-17T02:51:22Z</time><extensions><gpxtpx:TrackPointExtension><gpxtpx:cad>0</gpxtpx:cad></gpxtpx:TrackPointExtension></extensions></trkpt><trkpt lat="15.3020407353" lon="73.8908998389"><ele>3.50</ele><time>2025-11-17T02:51:27Z</time><extensions><gpxtpx:TrackPointExtension><gpxtpx:cad>0</gpxtpx:cad></gpxtpx:TrackPointExtension></extensions></trkpt><trkpt lat="15.3022115584" lon="73.8909575064"><ele>3.50</ele><time>2025-11-17T02:51:32Z</time><extensions><gpxtpx:TrackPointExtension><gpxtpx:cad>0</gpxtpx:cad></gpxtpx:TrackPointExtension></extensions></trkpt><trkpt lat="15.3023674618" lon="73.8909988292"><ele>2.54</ele><time>2025-11-17T02:51:37Z</time><extensions><gpxtpx:TrackPointExtension><gpxtpx:cad>0</gpxtpx:cad></gpxtpx:TrackPointExtension></extensions></trkpt><trkpt lat="15.3025290649" lon="73.8910335302"><ele>3.02</ele><time>2025-11-17T02:51:42Z</time><extensions><gpxtpx:TrackPointExtension><gpxtpx:cad>0</gpxtpx:cad></gpxtpx:TrackPointExtension></extensions></trkpt><trkpt lat="15.3027038276" lon="73.8910838217"><ele>3.50</ele><time>2025-11-17T02:51:47Z</time><extensions><gpxtpx:TrackPointExtension><gpxtpx:cad>0</gpxtpx:cad></gpxtpx:TrackPointExtension></extensions></trkpt><trkpt lat="15.3028779197" lon="73.8911306765"><ele>3.50</ele><time>2025-11-17T02:51:52Z</time><extensions><gpxtpx:TrackPointExtension><gpxtpx:cad>0</gpxtpx:cad></gpxtpx:TrackPointExtension></extensions></trkpt><trkpt lat="15.3030445520" lon="73.8911782019"><ele>3.02</ele><time>2025-11-17T02:51:57Z</time><extensions><gpxtpx:TrackPointExtension><gpxtpx:cad>0</gpxtpx:cad></gpxtpx:TrackPointExtension></extensions></trkpt><trkpt lat="15.3031986114" lon="73.8912251405"><ele>2.54</ele><time>2025-11-17T02:52:02Z</time><extensions><gpxtpx:TrackPointExtension><gpxtpx:cad>0</gpxtpx:cad></gpxtpx:TrackPointExtension></extensions></trkpt><trkpt lat="15.3033626452" lon="73.8912698999"><ele>2.54</ele><time>2025-11-17T02:52:07Z</time><extensions><gpxtpx:TrackPointExtension><gpxtpx:cad>0</gpxtpx:cad></gpxtpx:TrackPointExtension></extensions></trkpt><trkpt lat="15.3035358991" lon="73.8913222868"><ele>2.54</ele><time>2025-11-17T02:52:12Z</time><extensions><gpxtpx:TrackPointExtension><gpxtpx:cad>0</gpxtpx:cad></gpxtpx:TrackPointExtension></extensions></trkpt><trkpt lat="15.3037053812" lon="73.8913708180"><ele>2.54</ele><time>2025-11-17T02:52:17Z</time><extensions><gpxtpx:TrackPointExtension><gpxtpx:cad>0</gpxtpx:cad></gpxtpx:TrackPointExtension></extensions></trkpt><trkpt lat="15.3038689122" lon="73.8914135657"><ele>2.54</ele><time>2025-11-17T02:52:22Z</time><extensions><gpxtpx:TrackPointExtension><gpxtpx:cad>0</gpxtpx:cad></gpxtpx:TrackPointExtension></extensions></trkpt><trkpt lat="15.3040295932" lon="73.8914593309"><ele>2.06</ele><time>2025-11-17T02:52:27Z</time><extensions><gpxtpx:TrackPointExtension><gpxtpx:cad>0</gpxtpx:cad></gpxtpx:TrackPointExtension></extensions></trkpt><trkpt lat="15.3041954711" lon="73.8915055152"><ele>2.54</ele><time>2025-11-17T02:52:32Z</time><extensions><gpxtpx:TrackPointExtension><gpxtpx:cad>0</gpxtpx:cad></gpxtpx:TrackPointExtension></extensions></trkpt><trkpt lat="15.3043697309" lon="73.8915433176"><ele>3.02</ele><time>2025-11-17T02:52:37Z</time><extensions><gpxtpx:TrackPointExtension><gpxtpx:cad>0</gpxtpx:cad></gpxtpx:TrackPointExtension></extensions></trkpt><trkpt lat="15.3045419790" lon="73.8915783539"><ele>3.02</ele><time>2025-11-17T02:52:42Z</time><extensions><gpxtpx:TrackPointExtension><gpxtpx:cad>0</gpxtpx:cad></gpxtpx:TrackPointExtension></extensions></trkpt><trkpt lat="15.3047045041" lon="73.8916119654"><ele>3.02</ele><time>2025-11-17T02:52:47Z</time><extensions><gpxtpx:TrackPointExtension><gpxtpx:cad>0</gpxtpx:cad></gpxtpx:TrackPointExtension></extensions></trkpt><trkpt lat="15.3048713040" lon="73.8916385360"><ele>3.02</ele><time>2025-11-17T02:52:52Z</time><extensions><gpxtpx:TrackPointExtension><gpxtpx:cad>0</gpxtpx:cad></gpxtpx:TrackPointExtension></extensions></trkpt><trkpt lat="15.3050350863" lon="73.8916736562"><ele>3.02</ele><time>2025-11-17T02:52:57Z</time><extensions><gpxtpx:TrackPointExtension><gpxtpx:cad>0</gpxtpx:cad></gpxtpx:TrackPointExtension></extensions></trkpt><trkpt lat="15.3052013833" lon="73.8917379454"><ele>3.50</ele><time>2025-11-17T02:53:02Z</time><extensions><gpxtpx:TrackPointExtension><gpxtpx:cad>0</gpxtpx:cad></gpxtpx:TrackPointExtension></extensions></trkpt><trkpt lat="15.3053651657" lon="73.8918075152"><ele>3.02</ele><time>2025-11-17T02:53:07Z</time><extensions><gpxtpx:TrackPointExtension><gpxtpx:cad>0</gpxtpx:cad></gpxtpx:TrackPointExtension></extensions></trkpt><trkpt lat="15.3055149503" lon="73.8918798510"><ele>2.54</ele><time>2025-11-17T02:53:12Z</time><extensions><gpxtpx:TrackPointExtension><gpxtpx:cad>0</gpxtpx:cad></gpxtpx:TrackPointExtension></extensions></trkpt><trkpt lat="15.3056708537" lon="73.8919455651"><ele>2.54</ele><time>2025-11-17T02:53:17Z</time><extensions><gpxtpx:TrackPointExtension><gpxtpx:cad>0</gpxtpx:cad></gpxtpx:TrackPointExtension></extensions></trkpt><trkpt lat="15.3058311157" lon="73.8920091838"><ele>3.02</ele><time>2025-11-17T02:53:22Z</time><extensions><gpxtpx:TrackPointExtension><gpxtpx:cad>0</gpxtpx:cad></gpxtpx:TrackPointExtension></extensions></trkpt><trkpt lat="15.3060084768" lon="73.8920783345"><ele>3.02</ele><time>2025-11-17T02:53:27Z</time><extensions><gpxtpx:TrackPointExtension><gpxtpx:cad>0</gpxtpx:cad></gpxtpx:TrackPointExtension></extensions></trkpt><trkpt lat="15.3061777912" lon="73.8921511732"><ele>3.02</ele><time>2025-11-17T02:53:32Z</time><extensions><gpxtpx:TrackPointExtension><gpxtpx:cad>0</gpxtpx:cad></gpxtpx:TrackPointExtension></extensions></trkpt><trkpt lat="15.3063292522" lon="73.8922225032"><ele>2.54</ele><time>2025-11-17T02:53:37Z</time><extensions><gpxtpx:TrackPointExtension><gpxtpx:cad>0</gpxtpx:cad></gpxtpx:TrackPointExtension></extensions></trkpt><trkpt lat="15.3064771928" lon="73.8922895584"><ele>2.54</ele><time>2025-11-17T02:53:42Z</time><extensions><gpxtpx:TrackPointExtension><gpxtpx:cad>0</gpxtpx:cad></gpxtpx:TrackPointExtension></extensions></trkpt><trkpt lat="15.3066283185" lon="73.8923561946"><ele>3.02</ele><time>2025-11-17T02:53:47Z</time><extensions><gpxtpx:TrackPointExtension><gpxtpx:cad>0</gpxtpx:cad></gpxtpx:TrackPointExtension></extensions></trkpt><trkpt lat="15.3067952022" lon="73.8924413547"><ele>3.50</ele><time>2025-11-17T02:53:52Z</time><extensions><gpxtpx:TrackPointExtension><gpxtpx:cad>0</gpxtpx:cad></gpxtpx:TrackPointExtension></extensions></trkpt><trkpt lat="15.3069598228" lon="73.8925288618"><ele>3.50</ele><time>2025-11-17T02:53:57Z</time><extensions><gpxtpx:TrackPointExtension><gpxtpx:cad>0</gpxtpx:cad></gpxtpx:TrackPointExtension></extensions></trkpt><trkpt lat="15.3071033210" lon="73.8925990183"><ele>3.02</ele><time>2025-11-17T02:54:02Z</time><extensions><gpxtpx:TrackPointExtension><gpxtpx:cad>0</gpxtpx:cad></gpxtpx:TrackPointExtension></extensions></trkpt><trkpt lat="15.3072471544" lon="73.8926665764"><ele>3.02</ele><time>2025-11-17T02:54:07Z</time><extensions><gpxtpx:TrackPointExtension><gpxtpx:cad>0</gpxtpx:cad></gpxtpx:TrackPointExtension></extensions></trkpt><trkpt lat="15.3073966037" lon="73.8927358948"><ele>2.54</ele><time>2025-11-17T02:54:12Z</time><extensions><gpxtpx:TrackPointExtension><gpxtpx:cad>0</gpxtpx:cad></gpxtpx:TrackPointExtension></extensions></trkpt><trkpt lat="15.3075558599" lon="73.8928146008"><ele>2.54</ele><time>2025-11-17T02:54:17Z</time><extensions><gpxtpx:TrackPointExtension><gpxtpx:cad>0</gpxtpx:cad></gpxtpx:TrackPointExtension></extensions></trkpt><trkpt lat="15.3077175468" lon="73.8929028623"><ele>2.54</ele><time>2025-11-17T02:54:22Z</time><extensions><gpxtpx:TrackPointExtension><gpxtpx:cad>0</gpxtpx:cad></gpxtpx:TrackPointExtension></extensions></trkpt><trkpt lat="15.3078641463" lon="73.8929793891"><ele>2.54</ele><time>2025-11-17T02:54:27Z</time><extensions><gpxtpx:TrackPointExtension><gpxtpx:cad>0</gpxtpx:cad></gpxtpx:TrackPointExtension></extensions></trkpt><trkpt lat="15.3080079798" lon="73.8930440135"><ele>2.06</ele><time>2025-11-17T02:54:32Z</time><extensions><gpxtpx:TrackPointExtension><gpxtpx:cad>0</gpxtpx:cad></gpxtpx:TrackPointExtension></extensions></trkpt><trkpt lat="15.3081553336" lon="73.8931126613"><ele>2.06</ele><time>2025-11-17T02:54:37Z</time><extensions><gpxtpx:TrackPointExtension><gpxtpx:cad>0</gpxtpx:cad></gpxtpx:TrackPointExtension></extensions></trkpt><trkpt lat="15.3083176073" lon="73.8931874279"><ele>2.06</ele><time>2025-11-17T02:54:42Z</time><extensions><gpxtpx:TrackPointExtension><gpxtpx:cad>0</gpxtpx:cad></gpxtpx:TrackPointExtension></extensions></trkpt><trkpt lat="15.3084900230" lon="73.8932716660"><ele>2.54</ele><time>2025-11-17T02:54:47Z</time><extensions><gpxtpx:TrackPointExtension><gpxtpx:cad>0</gpxtpx:cad></gpxtpx:TrackPointExtension></extensions></trkpt><trkpt lat="15.3086425737" lon="73.8933480252"><ele>2.54</ele><time>2025-11-17T02:54:52Z</time><extensions><gpxtpx:TrackPointExtension><gpxtpx:cad>0</gpxtpx:cad></gpxtpx:TrackPointExtension></extensions></trkpt><trkpt lat="15.3087844793" lon="73.8934049383"><ele>2.06</ele><time>2025-11-17T02:54:57Z</time><extensions><gpxtpx:TrackPointExtension><gpxtpx:cad>0</gpxtpx:cad></gpxtpx:TrackPointExtension></extensions></trkpt><trkpt lat="15.3089325875" lon="73.8934631925"><ele>2.54</ele><time>2025-11-17T02:55:02Z</time><extensions><gpxtpx:TrackPointExtension><gpxtpx:cad>0</gpxtpx:cad></gpxtpx:TrackPointExtension></extensions></trkpt><trkpt lat="15.3090951126" lon="73.8935388811"><ele>2.54</ele><time>2025-11-17T02:55:07Z</time><extensions><gpxtpx:TrackPointExtension><gpxtpx:cad>0</gpxtpx:cad></gpxtpx:TrackPointExtension></extensions></trkpt><trkpt lat="15.3092614934" lon="73.8936130609"><ele>2.54</ele><time>2025-11-17T02:55:12Z</time><extensions><gpxtpx:TrackPointExtension><gpxtpx:cad>0</gpxtpx:cad></gpxtpx:TrackPointExtension></extensions></trkpt><trkpt lat="15.3094140440" lon="73.8936750870"><ele>2.06</ele><time>2025-11-17T02:55:17Z</time><extensions><gpxtpx:TrackPointExtension><gpxtpx:cad>0</gpxtpx:cad></gpxtpx:TrackPointExtension></extensions></trkpt><trkpt lat="15.3095693607" lon="73.8937294856"><ele>2.06</ele><time>2025-11-17T02:55:22Z</time><extensions><gpxtpx:TrackPointExtension><gpxtpx:cad>0</gpxtpx:cad></gpxtpx:TrackPointExtension></extensions></trkpt><trkpt lat="15.3097278625" lon="73.8937866502"><ele>2.54</ele><time>2025-11-17T02:55:27Z</time><extensions><gpxtpx:TrackPointExtension><gpxtpx:cad>0</gpxtpx:cad></gpxtpx:TrackPointExtension></extensions></trkpt><trkpt lat="15.3099053074" lon="73.8938501850"><ele>2.54</ele><time>2025-11-17T02:55:32Z</time><extensions><gpxtpx:TrackPointExtension><gpxtpx:cad>0</gpxtpx:cad></gpxtpx:TrackPointExtension></extensions></trkpt><trkpt lat="15.3100767173" lon="73.8939180784"><ele>2.54</ele><time>2025-11-17T02:55:37Z</time><extensions><gpxtpx:TrackPointExtension><gpxtpx:cad>0</gpxtpx:cad></gpxtpx:TrackPointExtension></extensions></trkpt><trkpt lat="15.3102286812" lon="73.8939744886"><ele>2.54</ele><time>2025-11-17T02:55:42Z</time><extensions><gpxtpx:TrackPointExtension><gpxtpx:cad>0</gpxtpx:cad></gpxtpx:TrackPointExtension></extensions></trkpt><trkpt lat="15.3103832435" lon="73.8940266240"><ele>3.02</ele><time>2025-11-17T02:55:47Z</time><extensions><gpxtpx:TrackPointExtension><gpxtpx:cad>0</gpxtpx:cad></gpxtpx:TrackPointExtension></extensions></trkpt><trkpt lat="15.3105424158" lon="73.8940723054"><ele>3.50</ele><time>2025-11-17T02:55:52Z</time><extensions><gpxtpx:TrackPointExtension><gpxtpx:cad>0</gpxtpx:cad></gpxtpx:TrackPointExtension></extensions></trkpt><trkpt lat="15.3107123170" lon="73.8941246923"><ele>3.02</ele><time>2025-11-17T02:55:57Z</time><extensions><gpxtpx:TrackPointExtension><gpxtpx:cad>0</gpxtpx:cad></gpxtpx:TrackPointExtension></extensions></trkpt><trkpt lat="15.3108841460" lon="73.8941796776"><ele>3.50</ele><time>2025-11-17T02:56:02Z</time><extensions><gpxtpx:TrackPointExtension><gpxtpx:cad>0</gpxtpx:cad></gpxtpx:TrackPointExtension></extensions></trkpt><trkpt lat="15.3110448271" lon="73.8942329865"><ele>3.02</ele><time>2025-11-17T02:56:07Z</time><extensions><gpxtpx:TrackPointExtension><gpxtpx:cad>0</gpxtpx:cad></gpxtpx:TrackPointExtension></extensions></trkpt><trkpt lat="15.3111994732" lon="73.8942757342"><ele>3.02</ele><time>2025-11-17T02:56:12Z</time><extensions><gpxtpx:TrackPointExtension><gpxtpx:cad>0</gpxtpx:cad></gpxtpx:TrackPointExtension></extensions></trkpt><trkpt lat="15.3113617469" lon="73.8943166379"><ele>2.54</ele><time>2025-11-17T02:56:17Z</time><extensions><gpxtpx:TrackPointExtension><gpxtpx:cad>0</gpxtpx:cad></gpxtpx:TrackPointExtension></extensions></trkpt><trkpt lat="15.3115274571" lon="73.8943707012"><ele>2.54</ele><time>2025-11-17T02:56:22Z</time><extensions><gpxtpx:TrackPointExtension><gpxtpx:cad>0</gpxtpx:cad></gpxtpx:TrackPointExtension></extensions></trkpt><trkpt lat="15.3116998728" lon="73.8944306318"><ele>2.06</ele><time>2025-11-17T02:56:27Z</time><extensions><gpxtpx:TrackPointExtension><gpxtpx:cad>0</gpxtpx:cad></gpxtpx:TrackPointExtension></extensions></trkpt><trkpt lat="15.3118660022" lon="73.8944806717"><ele>2.06</ele><time>2025-11-17T02:56:32Z</time><extensions><gpxtpx:TrackPointExtension><gpxtpx:cad>0</gpxtpx:cad></gpxtpx:TrackPointExtension></extensions></trkpt><trkpt lat="15.3120321315" lon="73.8945339806"><ele>2.06</ele><time>2025-11-17T02:56:37Z</time><extensions><gpxtpx:TrackPointExtension><gpxtpx:cad>0</gpxtpx:cad></gpxtpx:TrackPointExtension></extensions></trkpt><trkpt lat="15.3121982608" lon="73.8945890497"><ele>1.58</ele><time>2025-11-17T02:56:42Z</time><extensions><gpxtpx:TrackPointExtension><gpxtpx:cad>0</gpxtpx:cad></gpxtpx:TrackPointExtension></extensions></trkpt><trkpt lat="15.3123578522" lon="73.8946351502"><ele>1.58</ele><time>2025-11-17T02:56:47Z</time><extensions><gpxtpx:TrackPointExtension><gpxtpx:cad>0</gpxtpx:cad></gpxtpx:TrackPointExtension></extensions></trkpt><trkpt lat="15.3125238139" lon="73.8946881238"><ele>2.06</ele><time>2025-11-17T02:56:52Z</time><extensions><gpxtpx:TrackPointExtension><gpxtpx:cad>0</gpxtpx:cad></gpxtpx:TrackPointExtension></extensions></trkpt><trkpt lat="15.3126934636" lon="73.8947482221"><ele>2.06</ele><time>2025-11-17T02:56:57Z</time><extensions><gpxtpx:TrackPointExtension><gpxtpx:cad>0</gpxtpx:cad></gpxtpx:TrackPointExtension></extensions></trkpt><trkpt lat="15.3128564917" lon="73.8947996031"><ele>2.06</ele><time>2025-11-17T02:57:02Z</time><extensions><gpxtpx:TrackPointExtension><gpxtpx:cad>0</gpxtpx:cad></gpxtpx:TrackPointExtension></extensions></trkpt><trkpt lat="15.3130134009" lon="73.8948430214"><ele>2.06</ele><time>2025-11-17T02:57:07Z</time><extensions><gpxtpx:TrackPointExtension><gpxtpx:cad>0</gpxtpx:cad></gpxtpx:TrackPointExtension></extensions></trkpt><trkpt lat="15.3131756745" lon="73.8948805723"><ele>2.06</ele><time>2025-11-17T02:57:12Z</time><extensions><gpxtpx:TrackPointExtension><gpxtpx:cad>0</gpxtpx:cad></gpxtpx:TrackPointExtension></extensions></trkpt><trkpt lat="15.3133506048" lon="73.8949247450"><ele>2.06</ele><time>2025-11-17T02:57:17Z</time><extensions><gpxtpx:TrackPointExtension><gpxtpx:cad>0</gpxtpx:cad></gpxtpx:TrackPointExtension></extensions></trkpt><trkpt lat="15.3135181591" lon="73.8949568477"><ele>2.06</ele><time>2025-11-17T02:57:22Z</time><extensions><gpxtpx:TrackPointExtension><gpxtpx:cad>0</gpxtpx:cad></gpxtpx:TrackPointExtension></extensions></trkpt><trkpt lat="15.3136789240" lon="73.8949933928"><ele>1.58</ele><time>2025-11-17T02:57:27Z</time><extensions><gpxtpx:TrackPointExtension><gpxtpx:cad>0</gpxtpx:cad></gpxtpx:TrackPointExtension></extensions></trkpt><trkpt lat="15.3138454724" lon="73.8950372301"><ele>1.58</ele><time>2025-11-17T02:57:32Z</time><extensions><gpxtpx:TrackPointExtension><gpxtpx:cad>0</gpxtpx:cad></gpxtpx:TrackPointExtension></extensions></trkpt><trkpt lat="15.3140201513" lon="73.8950845879"><ele>1.58</ele><time>2025-11-17T02:57:37Z</time><extensions><gpxtpx:TrackPointExtension><gpxtpx:cad>0</gpxtpx:cad></gpxtpx:TrackPointExtension></extensions></trkpt><trkpt lat="15.3141900524" lon="73.8951271679"><ele>1.58</ele><time>2025-11-17T02:57:42Z</time><extensions><gpxtpx:TrackPointExtension><gpxtpx:cad>0</gpxtpx:cad></gpxtpx:TrackPointExtension></extensions></trkpt><trkpt lat="15.3143610433" lon="73.8951667305"><ele>1.58</ele><time>2025-11-17T02:57:47Z</time><extensions><gpxtpx:TrackPointExtension><gpxtpx:cad>0</gpxtpx:cad></gpxtpx:TrackPointExtension></extensions></trkpt><trkpt lat="15.3145241551" lon="73.8952062931"><ele>1.58</ele><time>2025-11-17T02:57:52Z</time><extensions><gpxtpx:TrackPointExtension><gpxtpx:cad>0</gpxtpx:cad></gpxtpx:TrackPointExtension></extensions></trkpt><trkpt lat="15.3146864288" lon="73.8952500466"><ele>1.58</ele><time>2025-11-17T02:57:57Z</time><extensions><gpxtpx:TrackPointExtension><gpxtpx:cad>0</gpxtpx:cad></gpxtpx:TrackPointExtension></extensions></trkpt><trkpt lat="15.3148533963" lon="73.8952957280"><ele>1.58</ele><time>2025-11-17T02:58:02Z</time><extensions><gpxtpx:TrackPointExtension><gpxtpx:cad>0</gpxtpx:cad></gpxtpx:TrackPointExtension></extensions></trkpt><trkpt lat="15.3150246385" lon="73.8953347877"><ele>1.58</ele><time>2025-11-17T02:58:07Z</time><extensions><gpxtpx:TrackPointExtension><gpxtpx:cad>0</gpxtpx:cad></gpxtpx:TrackPointExtension></extensions></trkpt><trkpt lat="15.3151973058" lon="73.8953740988"><ele>1.10</ele><time>2025-11-17T02:58:12Z</time><extensions><gpxtpx:TrackPointExtension><gpxtpx:cad>0</gpxtpx:cad></gpxtpx:TrackPointExtension></extensions></trkpt><trkpt lat="15.3153650276" lon="73.8954111468"><ele>0.62</ele><time>2025-11-17T02:58:17Z</time><extensions><gpxtpx:TrackPointExtension><gpxtpx:cad>0</gpxtpx:cad></gpxtpx:TrackPointExtension></extensions></trkpt><trkpt lat="15.3155304864" lon="73.8954573311"><ele>0.62</ele><time>2025-11-17T02:58:22Z</time><extensions><gpxtpx:TrackPointExtension><gpxtpx:cad>0</gpxtpx:cad></gpxtpx:TrackPointExtension></extensions></trkpt><trkpt lat="15.3156961966" lon="73.8954957202"><ele>0.62</ele><time>2025-11-17T02:58:27Z</time><extensions><gpxtpx:TrackPointExtension><gpxtpx:cad>0</gpxtpx:cad></gpxtpx:TrackPointExtension></extensions></trkpt><trkpt lat="15.3158596437" lon="73.8955359533"><ele>1.10</ele><time>2025-11-17T02:58:32Z</time><extensions><gpxtpx:TrackPointExtension><gpxtpx:cad>0</gpxtpx:cad></gpxtpx:TrackPointExtension></extensions></trkpt><trkpt lat="15.3160349932" lon="73.8955866639"><ele>2.06</ele><time>2025-11-17T02:58:37Z</time><extensions><gpxtpx:TrackPointExtension><gpxtpx:cad>0</gpxtpx:cad></gpxtpx:TrackPointExtension></extensions></trkpt><trkpt lat="15.3162015416" lon="73.8956295792"><ele>2.06</ele><time>2025-11-17T02:58:42Z</time><extensions><gpxtpx:TrackPointExtension><gpxtpx:cad>0</gpxtpx:cad></gpxtpx:TrackPointExtension></extensions></trkpt><trkpt lat="15.3163602948" lon="73.8956599217"><ele>2.06</ele><time>2025-11-17T02:58:47Z</time><extensions><gpxtpx:TrackPointExtension><gpxtpx:cad>0</gpxtpx:cad></gpxtpx:TrackPointExtension></extensions></trkpt><trkpt lat="15.3165264241" lon="73.8956870791"><ele>2.06</ele><time>2025-11-17T02:58:52Z</time><extensions><gpxtpx:TrackPointExtension><gpxtpx:cad>0</gpxtpx:cad></gpxtpx:TrackPointExtension></extensions></trkpt><trkpt lat="15.3167030308" lon="73.8957221992"><ele>2.54</ele><time>2025-11-17T02:58:57Z</time><extensions><gpxtpx:TrackPointExtension><gpxtpx:cad>0</gpxtpx:cad></gpxtpx:TrackPointExtension></extensions></trkpt><trkpt lat="15.3168741055" lon="73.8957516197"><ele>3.02</ele><time>2025-11-17T02:59:02Z</time><extensions><gpxtpx:TrackPointExtension><gpxtpx:cad>0</gpxtpx:cad></gpxtpx:TrackPointExtension></extensions></trkpt><trkpt lat="15.3170444258" lon="73.8957791124"><ele>2.54</ele><time>2025-11-17T02:59:07Z</time><extensions><gpxtpx:TrackPointExtension><gpxtpx:cad>0</gpxtpx:cad></gpxtpx:TrackPointExtension></extensions></trkpt><trkpt lat="15.3172119800" lon="73.8957976364"><ele>2.54</ele><time>2025-11-17T02:59:12Z</time><extensions><gpxtpx:TrackPointExtension><gpxtpx:cad>0</gpxtpx:cad></gpxtpx:TrackPointExtension></extensions></trkpt><trkpt lat="15.3173822165" lon="73.8958202675"><ele>2.54</ele><time>2025-11-17T02:59:17Z</time><extensions><gpxtpx:TrackPointExtension><gpxtpx:cad>0</gpxtpx:cad></gpxtpx:TrackPointExtension></extensions></trkpt><trkpt lat="15.3175605834" lon="73.8958474249"><ele>2.54</ele><time>2025-11-17T02:59:22Z</time><extensions><gpxtpx:TrackPointExtension><gpxtpx:cad>0</gpxtpx:cad></gpxtpx:TrackPointExtension></extensions></trkpt><trkpt lat="15.3177314065" lon="73.8958710618"><ele>2.06</ele><time>2025-11-17T02:59:27Z</time><extensions><gpxtpx:TrackPointExtension><gpxtpx:cad>0</gpxtpx:cad></gpxtpx:TrackPointExtension></extensions></trkpt><trkpt lat="15.3179025650" lon="73.8958993927"><ele>2.06</ele><time>2025-11-17T02:59:32Z</time><extensions><gpxtpx:TrackPointExtension><gpxtpx:cad>0</gpxtpx:cad></gpxtpx:TrackPointExtension></extensions></trkpt><trkpt lat="15.3180683590" lon="73.8959243707"><ele>1.58</ele><time>2025-11-17T02:59:37Z</time><extensions><gpxtpx:TrackPointExtension><gpxtpx:cad>0</gpxtpx:cad></gpxtpx:TrackPointExtension></extensions></trkpt><trkpt lat="15.3182375059" lon="73.8959455770"><ele>1.58</ele><time>2025-11-17T02:59:42Z</time><extensions><gpxtpx:TrackPointExtension><gpxtpx:cad>0</gpxtpx:cad></gpxtpx:TrackPointExtension></extensions></trkpt><trkpt lat="15.3184140287" lon="73.8959650230"><ele>2.06</ele><time>2025-11-17T02:59:47Z</time><extensions><gpxtpx:TrackPointExtension><gpxtpx:cad>0</gpxtpx:cad></gpxtpx:TrackPointExtension></extensions></trkpt><trkpt lat="15.3185855225" lon="73.8959864806"><ele>2.06</ele><time>2025-11-17T02:59:52Z</time><extensions><gpxtpx:TrackPointExtension><gpxtpx:cad>0</gpxtpx:cad></gpxtpx:TrackPointExtension></extensions></trkpt><trkpt lat="15.3187499754" lon="73.8960118778"><ele>2.06</ele><time>2025-11-17T02:59:57Z</time><extensions><gpxtpx:TrackPointExtension><gpxtpx:cad>0</gpxtpx:cad></gpxtpx:TrackPointExtension></extensions></trkpt><trkpt lat="15.3189167753" lon="73.8960346766"><ele>2.06</ele><time>2025-11-17T03:00:02Z</time><extensions><gpxtpx:TrackPointExtension><gpxtpx:cad>0</gpxtpx:cad></gpxtpx:TrackPointExtension></extensions></trkpt><trkpt lat="15.3190910351" lon="73.8960541226"><ele>2.06</ele><time>2025-11-17T03:00:07Z</time><extensions><gpxtpx:TrackPointExtension><gpxtpx:cad>0</gpxtpx:cad></gpxtpx:TrackPointExtension></extensions></trkpt><trkpt lat="15.3192613553" lon="73.8960683718"><ele>2.06</ele><time>2025-11-17T03:00:12Z</time><extensions><gpxtpx:TrackPointExtension><gpxtpx:cad>0</gpxtpx:cad></gpxtpx:TrackPointExtension></extensions></trkpt><trkpt lat="15.3194416501" lon="73.8960842974"><ele>2.06</ele><time>2025-11-17T03:00:17Z</time><extensions><gpxtpx:TrackPointExtension><gpxtpx:cad>0</gpxtpx:cad></gpxtpx:TrackPointExtension></extensions></trkpt><trkpt lat="15.3196233697" lon="73.8961014803"><ele>2.54</ele><time>2025-11-17T03:00:22Z</time><extensions><gpxtpx:TrackPointExtension><gpxtpx:cad>0</gpxtpx:cad></gpxtpx:TrackPointExtension></extensions></trkpt><trkpt lat="15.3197956178" lon="73.8961096108"><ele>2.06</ele><time>2025-11-17T03:00:27Z</time><extensions><gpxtpx:TrackPointExtension><gpxtpx:cad>0</gpxtpx:cad></gpxtpx:TrackPointExtension></extensions></trkpt><trkpt lat="15.3199644294" lon="73.8961152267"><ele>2.06</ele><time>2025-11-17T03:00:32Z</time><extensions><gpxtpx:TrackPointExtension><gpxtpx:cad>0</gpxtpx:cad></gpxtpx:TrackPointExtension></extensions></trkpt><trkpt lat="15.3201346658" lon="73.8961188309"><ele>2.06</ele><time>2025-11-17T03:00:37Z</time><extensions><gpxtpx:TrackPointExtension><gpxtpx:cad>0</gpxtpx:cad></gpxtpx:TrackPointExtension></extensions></trkpt><trkpt lat="15.3203190677" lon="73.8961188309"><ele>2.54</ele><time>2025-11-17T03:00:42Z</time><extensions><gpxtpx:TrackPointExtension><gpxtpx:cad>0</gpxtpx:cad></gpxtpx:TrackPointExtension></extensions></trkpt><trkpt lat="15.3205009550" lon="73.8961083535"><ele>2.54</ele><time>2025-11-17T03:00:47Z</time><extensions><gpxtpx:TrackPointExtension><gpxtpx:cad>0</gpxtpx:cad></gpxtpx:TrackPointExtension></extensions></trkpt><trkpt lat="15.3206729516" lon="73.8960922603"><ele>2.54</ele><time>2025-11-17T03:00:52Z</time><extensions><gpxtpx:TrackPointExtension><gpxtpx:cad>0</gpxtpx:cad></gpxtpx:TrackPointExtension></extensions></trkpt><trkpt lat="15.3208354767" lon="73.8960336708"><ele>3.02</ele><time>2025-11-17T03:00:57Z</time><extensions><gpxtpx:TrackPointExtension><gpxtpx:cad>0</gpxtpx:cad></gpxtpx:TrackPointExtension></extensions></trkpt><trkpt lat="15.3209954873" lon="73.8959654421"><ele>2.54</ele><time>2025-11-17T03:01:02Z</time><extensions><gpxtpx:TrackPointExtension><gpxtpx:cad>0</gpxtpx:cad></gpxtpx:TrackPointExtension></extensions></trkpt><trkpt lat="15.3211136721" lon="73.8958546333"><ele>2.54</ele><time>2025-11-17T03:01:07Z</time><extensions><gpxtpx:TrackPointExtension><gpxtpx:cad>0</gpxtpx:cad></gpxtpx:TrackPointExtension></extensions></trkpt><trkpt lat="15.3211896122" lon="73.8957074471"><ele>3.02</ele><time>2025-11-17T03:01:12Z</time><extensions><gpxtpx:TrackPointExtension><gpxtpx:cad>0</gpxtpx:cad></gpxtpx:TrackPointExtension></extensions></trkpt><trkpt lat="15.3212209605" lon="73.8955287449"><ele>3.02</ele><time>2025-11-17T03:01:17Z</time><extensions><gpxtpx:TrackPointExtension><gpxtpx:cad>0</gpxtpx:cad></gpxtpx:TrackPointExtension></extensions></trkpt><trkpt lat="15.3212916199" lon="73.8953783736"><ele>3.02</ele><time>2025-11-17T03:01:22Z</time><extensions><gpxtpx:TrackPointExtension><gpxtpx:cad>0</gpxtpx:cad></gpxtpx:TrackPointExtension></extensions></trkpt><trkpt lat="15.3213616926" lon="73.8952184469"><ele>2.54</ele><time>2025-11-17T03:01:27Z</time><extensions><gpxtpx:TrackPointExtension><gpxtpx:cad>0</gpxtpx:cad></gpxtpx:TrackPointExtension></extensions></trkpt><trkpt lat="15.3214427456" lon="73.8950606994"><ele>2.54</ele><time>2025-11-17T03:01:32Z</time><extensions><gpxtpx:TrackPointExtension><gpxtpx:cad>0</gpxtpx:cad></gpxtpx:TrackPointExtension></extensions></trkpt><trkpt lat="15.3215384670" lon="73.8949156925"><ele>2.54</ele><time>2025-11-17T03:01:37Z</time><extensions><gpxtpx:TrackPointExtension><gpxtpx:cad>0</gpxtpx:cad></gpxtpx:TrackPointExtension></extensions></trkpt><trkpt lat="15.3216169216" lon="73.8947553467"><ele>2.06</ele><time>2025-11-17T03:01:42Z</time><extensions><gpxtpx:TrackPointExtension><gpxtpx:cad>0</gpxtpx:cad></gpxtpx:TrackPointExtension></extensions></trkpt><trkpt lat="15.3217152413" lon="73.8946119323"><ele>2.06</ele><time>2025-11-17T03:01:47Z</time><extensions><gpxtpx:TrackPointExtension><gpxtpx:cad>0</gpxtpx:cad></gpxtpx:TrackPointExtension></extensions></trkpt><trkpt lat="15.3218199313" lon="73.8944718707"><ele>2.06</ele><time>2025-11-17T03:01:52Z</time><extensions><gpxtpx:TrackPointExtension><gpxtpx:cad>0</gpxtpx:cad></gpxtpx:TrackPointExtension></extensions></trkpt><trkpt lat="15.3219206817" lon="73.8943204097"><ele>1.58</ele><time>2025-11-17T03:01:57Z</time><extensions><gpxtpx:TrackPointExtension><gpxtpx:cad>0</gpxtpx:cad></gpxtpx:TrackPointExtension></extensions></trkpt><trkpt lat="15.3220308200" lon="73.8941885624"><ele>2.06</ele><time>2025-11-17T03:02:02Z</time><extensions><gpxtpx:TrackPointExtension><gpxtpx:cad>0</gpxtpx:cad></gpxtpx:TrackPointExtension></extensions></trkpt><trkpt lat="15.3221235238" lon="73.8940312341"><ele>2.06</ele><time>2025-11-17T03:02:07Z</time><extensions><gpxtpx:TrackPointExtension><gpxtpx:cad>0</gpxtpx:cad></gpxtpx:TrackPointExtension></extensions></trkpt><trkpt lat="15.3222359251" lon="73.8938939385"><ele>2.54</ele><time>2025-11-17T03:02:12Z</time><extensions><gpxtpx:TrackPointExtension><gpxtpx:cad>0</gpxtpx:cad></gpxtpx:TrackPointExtension></extensions></trkpt><trkpt lat="15.3223551158" lon="73.8937722333"><ele>2.06</ele><time>2025-11-17T03:02:17Z</time><extensions><gpxtpx:TrackPointExtension><gpxtpx:cad>0</gpxtpx:cad></gpxtpx:TrackPointExtension></extensions></trkpt><trkpt lat="15.3224615660" lon="73.8936290704"><ele>2.06</ele><time>2025-11-17T03:02:22Z</time><extensions><gpxtpx:TrackPointExtension><gpxtpx:cad>0</gpxtpx:cad></gpxtpx:TrackPointExtension></extensions></trkpt><trkpt lat="15.3225822654" lon="73.8935110532"><ele>2.54</ele><time>2025-11-17T03:02:27Z</time><extensions><gpxtpx:TrackPointExtension><gpxtpx:cad>0</gpxtpx:cad></gpxtpx:TrackPointExtension></extensions></trkpt><trkpt lat="15.3226852790" lon="73.8933735061"><ele>2.54</ele><time>2025-11-17T03:02:32Z</time><extensions><gpxtpx:TrackPointExtension><gpxtpx:cad>0</gpxtpx:cad></gpxtpx:TrackPointExtension></extensions></trkpt><trkpt lat="15.3227789048" lon="73.8932236377"><ele>2.54</ele><time>2025-11-17T03:02:37Z</time><extensions><gpxtpx:TrackPointExtension><gpxtpx:cad>0</gpxtpx:cad></gpxtpx:TrackPointExtension></extensions></trkpt><trkpt lat="15.3228841815" lon="73.8930877671"><ele>3.02</ele><time>2025-11-17T03:02:42Z</time><extensions><gpxtpx:TrackPointExtension><gpxtpx:cad>0</gpxtpx:cad></gpxtpx:TrackPointExtension></extensions></trkpt><trkpt lat="15.3229793999" lon="73.8929384854"><ele>2.54</ele><time>2025-11-17T03:02:47Z</time><extensions><gpxtpx:TrackPointExtension><gpxtpx:cad>0</gpxtpx:cad></gpxtpx:TrackPointExtension></extensions></trkpt><trkpt lat="15.3230752889" lon="73.8927861024"><ele>2.54</ele><time>2025-11-17T03:02:52Z</time><extensions><gpxtpx:TrackPointExtension><gpxtpx:cad>0</gpxtpx:cad></gpxtpx:TrackPointExtension></extensions></trkpt><trkpt lat="15.3231871035" lon="73.8926556800"><ele>2.06</ele><time>2025-11-17T03:02:57Z</time><extensions><gpxtpx:TrackPointExtension><gpxtpx:cad>0</gpxtpx:cad></gpxtpx:TrackPointExtension></extensions></trkpt><trkpt lat="15.3232948948" lon="73.8925149478"><ele>2.54</ele><time>2025-11-17T03:03:02Z</time><extensions><gpxtpx:TrackPointExtension><gpxtpx:cad>0</gpxtpx:cad></gpxtpx:TrackPointExtension></extensions></trkpt><trkpt lat="15.3234129958" lon="73.8923893031"><ele>2.54</ele><time>2025-11-17T03:03:07Z</time><extensions><gpxtpx:TrackPointExtension><gpxtpx:cad>0</gpxtpx:cad></gpxtpx:TrackPointExtension></extensions></trkpt><trkpt lat="15.3235222958" lon="73.8922453020"><ele>2.54</ele><time>2025-11-17T03:03:12Z</time><extensions><gpxtpx:TrackPointExtension><gpxtpx:cad>0</gpxtpx:cad></gpxtpx:TrackPointExtension></extensions></trkpt><trkpt lat="15.3236383013" lon="73.8921210822"><ele>3.02</ele><time>2025-11-17T03:03:17Z</time><extensions><gpxtpx:TrackPointExtension><gpxtpx:cad>0</gpxtpx:cad></gpxtpx:TrackPointExtension></extensions></trkpt><trkpt lat="15.3237444162" lon="73.8919799309"><ele>2.54</ele><time>2025-11-17T03:03:22Z</time><extensions><gpxtpx:TrackPointExtension><gpxtpx:cad>0</gpxtpx:cad></gpxtpx:TrackPointExtension></extensions></trkpt><trkpt lat="15.3238487709" lon="73.8918339182"><ele>3.02</ele><time>2025-11-17T03:03:27Z</time><extensions><gpxtpx:TrackPointExtension><gpxtpx:cad>0</gpxtpx:cad></gpxtpx:TrackPointExtension></extensions></trkpt><trkpt lat="15.3239661176" lon="73.8917085249"><ele>3.50</ele><time>2025-11-17T03:03:32Z</time><extensions><gpxtpx:TrackPointExtension><gpxtpx:cad>0</gpxtpx:cad></gpxtpx:TrackPointExtension></extensions></trkpt><trkpt lat="15.3240617551" lon="73.8915579859"><ele>3.02</ele><time>2025-11-17T03:03:37Z</time><extensions><gpxtpx:TrackPointExtension><gpxtpx:cad>0</gpxtpx:cad></gpxtpx:TrackPointExtension></extensions></trkpt><trkpt lat="15.3241511062" lon="73.8913983107"><ele>3.02</ele><time>2025-11-17T03:03:42Z</time><extensions><gpxtpx:TrackPointExtension><gpxtpx:cad>0</gpxtpx:cad></gpxtpx:TrackPointExtension></extensions></trkpt><trkpt lat="15.3242564667" lon="73.8912701514"><ele>2.54</ele><time>2025-11-17T03:03:47Z</time><extensions><gpxtpx:TrackPointExtension><gpxtpx:cad>0</gpxtpx:cad></gpxtpx:TrackPointExtension></extensions></trkpt><trkpt lat="15.3243733943" lon="73.8911336940"><ele>2.54</ele><time>2025-11-17T03:03:52Z</time><extensions><gpxtpx:TrackPointExtension><gpxtpx:cad>0</gpxtpx:cad></gpxtpx:TrackPointExtension></extensions></trkpt><trkpt lat="15.3244934231" lon="73.8910010923"><ele>3.02</ele><time>2025-11-17T03:03:57Z</time><extensions><gpxtpx:TrackPointExtension><gpxtpx:cad>0</gpxtpx:cad></gpxtpx:TrackPointExtension></extensions></trkpt><trkpt lat="15.3246218339" lon="73.8908790518"><ele>2.54</ele><time>2025-11-17T03:04:02Z</time><extensions><gpxtpx:TrackPointExtension><gpxtpx:cad>0</gpxtpx:cad></gpxtpx:TrackPointExtension></extensions></trkpt><trkpt lat="15.3247432038" lon="73.8907551672"><ele>2.06</ele><time>2025-11-17T03:04:07Z</time><extensions><gpxtpx:TrackPointExtension><gpxtpx:cad>0</gpxtpx:cad></gpxtpx:TrackPointExtension></extensions></trkpt><trkpt lat="15.3248780686" lon="73.8906337973"><ele>2.06</ele><time>2025-11-17T03:04:12Z</time><extensions><gpxtpx:TrackPointExtension><gpxtpx:cad>0</gpxtpx:cad></gpxtpx:TrackPointExtension></extensions></trkpt><trkpt lat="15.3249789868" lon="73.8905025367"><ele>1.58</ele><time>2025-11-17T03:04:17Z</time><extensions><gpxtpx:TrackPointExtension><gpxtpx:cad>0</gpxtpx:cad></gpxtpx:TrackPointExtension></extensions></trkpt><trkpt lat="15.3250626381" lon="73.8903483097"><ele>2.06</ele><time>2025-11-17T03:04:22Z</time><extensions><gpxtpx:TrackPointExtension><gpxtpx:cad>0</gpxtpx:cad></gpxtpx:TrackPointExtension></extensions></trkpt><trkpt lat="15.3251538333" lon="73.8902016263"><ele>2.54</ele><time>2025-11-17T03:04:27Z</time><extensions><gpxtpx:TrackPointExtension><gpxtpx:cad>0</gpxtpx:cad></gpxtpx:TrackPointExtension></extensions></trkpt><trkpt lat="15.3252482135" lon="73.8900573738"><ele>2.06</ele><time>2025-11-17T03:04:32Z</time><extensions><gpxtpx:TrackPointExtension><gpxtpx:cad>0</gpxtpx:cad></gpxtpx:TrackPointExtension></extensions></trkpt><trkpt lat="15.3253585193" lon="73.8899230119"><ele>1.58</ele><time>2025-11-17T03:04:37Z</time><extensions><gpxtpx:TrackPointExtension><gpxtpx:cad>0</gpxtpx:cad></gpxtpx:TrackPointExtension></extensions></trkpt><trkpt lat="15.3254836611" lon="73.8898013905"><ele>1.58</ele><time>2025-11-17T03:04:42Z</time><extensions><gpxtpx:TrackPointExtension><gpxtpx:cad>0</gpxtpx:cad></gpxtpx:TrackPointExtension></extensions></trkpt><trkpt lat="15.3256065398" lon="73.8896805234"><ele>1.58</ele><time>2025-11-17T03:04:47Z</time><extensions><gpxtpx:TrackPointExtension><gpxtpx:cad>0</gpxtpx:cad></gpxtpx:TrackPointExtension></extensions></trkpt><trkpt lat="15.3257170971" lon="73.8895444851"><ele>1.10</ele><time>2025-11-17T03:04:52Z</time><extensions><gpxtpx:TrackPointExtension><gpxtpx:cad>0</gpxtpx:cad></gpxtpx:TrackPointExtension></extensions></trkpt><trkpt lat="15.3258130699" lon="73.8893936947"><ele>1.58</ele><time>2025-11-17T03:04:57Z</time><extensions><gpxtpx:TrackPointExtension><gpxtpx:cad>0</gpxtpx:cad></gpxtpx:TrackPointExtension></extensions></trkpt><trkpt lat="15.3259110544" lon="73.8892480172"><ele>2.06</ele><time>2025-11-17T03:05:02Z</time><extensions><gpxtpx:TrackPointExtension><gpxtpx:cad>0</gpxtpx:cad></gpxtpx:TrackPointExtension></extensions></trkpt><trkpt lat="15.3260131460" lon="73.8891008310"><ele>1.58</ele><time>2025-11-17T03:05:07Z</time><extensions><gpxtpx:TrackPointExtension><gpxtpx:cad>0</gpxtpx:cad></gpxtpx:TrackPointExtension></extensions></trkpt><trkpt lat="15.3261176683" lon="73.8889612723"><ele>1.58</ele><time>2025-11-17T03:05:12Z</time><extensions><gpxtpx:TrackPointExtension><gpxtpx:cad>0</gpxtpx:cad></gpxtpx:TrackPointExtension></extensions></trkpt><trkpt lat="15.3262159042" lon="73.8888092246"><ele>2.06</ele><time>2025-11-17T03:05:17Z</time><extensions><gpxtpx:TrackPointExtension><gpxtpx:cad>0</gpxtpx:cad></gpxtpx:TrackPointExtension></extensions></trkpt><trkpt lat="15.3263103683" lon="73.8886639662"><ele>2.06</ele><time>2025-11-17T03:05:22Z</time><extensions><gpxtpx:TrackPointExtension><gpxtpx:cad>0</gpxtpx:cad></gpxtpx:TrackPointExtension></extensions></trkpt><trkpt lat="15.3263970371" lon="73.8885072246"><ele>1.58</ele><time>2025-11-17T03:05:27Z</time><extensions><gpxtpx:TrackPointExtension><gpxtpx:cad>0</gpxtpx:cad></gpxtpx:TrackPointExtension></extensions></trkpt><trkpt lat="15.3264847957" lon="73.8883502316"><ele>1.58</ele><time>2025-11-17T03:05:32Z</time><extensions><gpxtpx:TrackPointExtension><gpxtpx:cad>0</gpxtpx:cad></gpxtpx:TrackPointExtension></extensions></trkpt><trkpt lat="15.3265594784" lon="73.8881863654"><ele>1.58</ele><time>2025-11-17T03:05:37Z</time><extensions><gpxtpx:TrackPointExtension><gpxtpx:cad>0</gpxtpx:cad></gpxtpx:TrackPointExtension></extensions></trkpt><trkpt lat="15.3266394418" lon="73.8880261872"><ele>2.06</ele><time>2025-11-17T03:05:42Z</time><extensions><gpxtpx:TrackPointExtension><gpxtpx:cad>0</gpxtpx:cad></gpxtpx:TrackPointExtension></extensions></trkpt><trkpt lat="15.3267225064" lon="73.8878722955"><ele>2.06</ele><time>2025-11-17T03:05:47Z</time><extensions><gpxtpx:TrackPointExtension><gpxtpx:cad>0</gpxtpx:cad></gpxtpx:TrackPointExtension></extensions></trkpt><trkpt lat="15.3267955966" lon="73.8877041545"><ele>2.06</ele><time>2025-11-17T03:05:52Z</time><extensions><gpxtpx:TrackPointExtension><gpxtpx:cad>0</gpxtpx:cad></gpxtpx:TrackPointExtension></extensions></trkpt><trkpt lat="15.3268701956" lon="73.8875419647"><ele>2.06</ele><time>2025-11-17T03:05:57Z</time><extensions><gpxtpx:TrackPointExtension><gpxtpx:cad>0</gpxtpx:cad></gpxtpx:TrackPointExtension></extensions></trkpt><trkpt lat="15.3269437049" lon="73.8873784337"><ele>1.58</ele><time>2025-11-17T03:06:02Z</time><extensions><gpxtpx:TrackPointExtension><gpxtpx:cad>0</gpxtpx:cad></gpxtpx:TrackPointExtension></extensions></trkpt><trkpt lat="15.3270152863" lon="73.8872149866"><ele>2.06</ele><time>2025-11-17T03:06:07Z</time><extensions><gpxtpx:TrackPointExtension><gpxtpx:cad>0</gpxtpx:cad></gpxtpx:TrackPointExtension></extensions></trkpt><trkpt lat="15.3270901367" lon="73.8870551437"><ele>3.02</ele><time>2025-11-17T03:06:12Z</time><extensions><gpxtpx:TrackPointExtension><gpxtpx:cad>0</gpxtpx:cad></gpxtpx:TrackPointExtension></extensions></trkpt><trkpt lat="15.3271724470" lon="73.8869030960"><ele>2.54</ele><time>2025-11-17T03:06:17Z</time><extensions><gpxtpx:TrackPointExtension><gpxtpx:cad>0</gpxtpx:cad></gpxtpx:TrackPointExtension></extensions></trkpt><trkpt lat="15.3272654023" lon="73.8867494557"><ele>2.54</ele><time>2025-11-17T03:06:22Z</time><extensions><gpxtpx:TrackPointExtension><gpxtpx:cad>0</gpxtpx:cad></gpxtpx:TrackPointExtension></extensions></trkpt><trkpt lat="15.3273582738" lon="73.8866041973"><ele>2.54</ele><time>2025-11-17T03:06:27Z</time><extensions><gpxtpx:TrackPointExtension><gpxtpx:cad>0</gpxtpx:cad></gpxtpx:TrackPointExtension></extensions></trkpt><trkpt lat="15.3274394106" lon="73.8864451926"><ele>1.58</ele><time>2025-11-17T03:06:32Z</time><extensions><gpxtpx:TrackPointExtension><gpxtpx:cad>0</gpxtpx:cad></gpxtpx:TrackPointExtension></extensions></trkpt><trkpt lat="15.3275275044" lon="73.8862923905"><ele>2.06</ele><time>2025-11-17T03:06:37Z</time><extensions><gpxtpx:TrackPointExtension><gpxtpx:cad>0</gpxtpx:cad></gpxtpx:TrackPointExtension></extensions></trkpt><trkpt lat="15.3276203759" lon="73.8861442823"><ele>1.58</ele><time>2025-11-17T03:06:42Z</time><extensions><gpxtpx:TrackPointExtension><gpxtpx:cad>0</gpxtpx:cad></gpxtpx:TrackPointExtension></extensions></trkpt><trkpt lat="15.3277127445" lon="73.8859910611"><ele>1.58</ele><time>2025-11-17T03:06:47Z</time><extensions><gpxtpx:TrackPointExtension><gpxtpx:cad>0</gpxtpx:cad></gpxtpx:TrackPointExtension></extensions></trkpt><trkpt lat="15.3278085496" lon="73.8858334813"><ele>1.10</ele><time>2025-11-17T03:06:52Z</time><extensions><gpxtpx:TrackPointExtension><gpxtpx:cad>0</gpxtpx:cad></gpxtpx:TrackPointExtension></extensions></trkpt><trkpt lat="15.3279036842" lon="73.8856798410"><ele>1.58</ele><time>2025-11-17T03:06:57Z</time><extensions><gpxtpx:TrackPointExtension><gpxtpx:cad>0</gpxtpx:cad></gpxtpx:TrackPointExtension></extensions></trkpt><trkpt lat="15.3279927839" lon="73.8855257817"><ele>1.10</ele><time>2025-11-17T03:07:02Z</time><extensions><gpxtpx:TrackPointExtension><gpxtpx:cad>0</gpxtpx:cad></gpxtpx:TrackPointExtension></extensions></trkpt><trkpt lat="15.3280823864" lon="73.8853726443"><ele>1.58</ele><time>2025-11-17T03:07:07Z</time><extensions><gpxtpx:TrackPointExtension><gpxtpx:cad>0</gpxtpx:cad></gpxtpx:TrackPointExtension></extensions></trkpt><trkpt lat="15.3281790297" lon="73.8852301519"><ele>1.10</ele><time>2025-11-17T03:07:12Z</time><extensions><gpxtpx:TrackPointExtension><gpxtpx:cad>0</gpxtpx:cad></gpxtpx:TrackPointExtension></extensions></trkpt><trkpt lat="15.3282633517" lon="73.8850672077"><ele>1.10</ele><time>2025-11-17T03:07:17Z</time><extensions><gpxtpx:TrackPointExtension><gpxtpx:cad>0</gpxtpx:cad></gpxtpx:TrackPointExtension></extensions></trkpt><trkpt lat="15.3283610847" lon="73.8849144895"><ele>1.58</ele><time>2025-11-17T03:07:22Z</time><extensions><gpxtpx:TrackPointExtension><gpxtpx:cad>0</gpxtpx:cad></gpxtpx:TrackPointExtension></extensions></trkpt><trkpt lat="15.3284519445" lon="73.8847636990"><ele>1.10</ele><time>2025-11-17T03:07:27Z</time><extensions><gpxtpx:TrackPointExtension><gpxtpx:cad>0</gpxtpx:cad></gpxtpx:TrackPointExtension></extensions></trkpt><trkpt lat="15.3285388649" lon="73.8846077118"><ele>1.58</ele><time>2025-11-17T03:07:32Z</time><extensions><gpxtpx:TrackPointExtension><gpxtpx:cad>0</gpxtpx:cad></gpxtpx:TrackPointExtension></extensions></trkpt><trkpt lat="15.3286345024" lon="73.8844565023"><ele>1.58</ele><time>2025-11-17T03:07:37Z</time><extensions><gpxtpx:TrackPointExtension><gpxtpx:cad>0</gpxtpx:cad></gpxtpx:TrackPointExtension></extensions></trkpt><trkpt lat="15.3287219256" lon="73.8843017723"><ele>2.06</ele><time>2025-11-17T03:07:42Z</time><extensions><gpxtpx:TrackPointExtension><gpxtpx:cad>0</gpxtpx:cad></gpxtpx:TrackPointExtension></extensions></trkpt><trkpt lat="15.3288198262" lon="73.8841462042"><ele>2.06</ele><time>2025-11-17T03:07:47Z</time><extensions><gpxtpx:TrackPointExtension><gpxtpx:cad>0</gpxtpx:cad></gpxtpx:TrackPointExtension></extensions></trkpt><trkpt lat="15.3289051540" lon="73.8839890435"><ele>1.58</ele><time>2025-11-17T03:07:52Z</time><extensions><gpxtpx:TrackPointExtension><gpxtpx:cad>0</gpxtpx:cad></gpxtpx:TrackPointExtension></extensions></trkpt><trkpt lat="15.3289913200" lon="73.8838400133"><ele>1.58</ele><time>2025-11-17T03:07:57Z</time><extensions><gpxtpx:TrackPointExtension><gpxtpx:cad>0</gpxtpx:cad></gpxtpx:TrackPointExtension></extensions></trkpt><trkpt lat="15.3290768992" lon="73.8836782426"><ele>1.58</ele><time>2025-11-17T03:08:02Z</time><extensions><gpxtpx:TrackPointExtension><gpxtpx:cad>0</gpxtpx:cad></gpxtpx:TrackPointExtension></extensions></trkpt><trkpt lat="15.3291693516" lon="73.8835298829"><ele>2.54</ele><time>2025-11-17T03:08:07Z</time><extensions><gpxtpx:TrackPointExtension><gpxtpx:cad>0</gpxtpx:cad></gpxtpx:TrackPointExtension></extensions></trkpt><trkpt lat="15.3292559367" lon="73.8833798468"><ele>2.54</ele><time>2025-11-17T03:08:12Z</time><extensions><gpxtpx:TrackPointExtension><gpxtpx:cad>0</gpxtpx:cad></gpxtpx:TrackPointExtension></extensions></trkpt><trkpt lat="15.3293412644" lon="73.8832192495"><ele>2.54</ele><time>2025-11-17T03:08:17Z</time><extensions><gpxtpx:TrackPointExtension><gpxtpx:cad>0</gpxtpx:cad></gpxtpx:TrackPointExtension></extensions></trkpt><trkpt lat="15.3294348065" lon="73.8830678724"><ele>2.54</ele><time>2025-11-17T03:08:22Z</time><extensions><gpxtpx:TrackPointExtension><gpxtpx:cad>0</gpxtpx:cad></gpxtpx:TrackPointExtension></extensions></trkpt><trkpt lat="15.3295211401" lon="73.8829175010"><ele>2.06</ele><time>2025-11-17T03:08:27Z</time><extensions><gpxtpx:TrackPointExtension><gpxtpx:cad>0</gpxtpx:cad></gpxtpx:TrackPointExtension></extensions></trkpt><trkpt lat="15.3296001814" lon="73.8827518746"><ele>1.58</ele><time>2025-11-17T03:08:32Z</time><extensions><gpxtpx:TrackPointExtension><gpxtpx:cad>0</gpxtpx:cad></gpxtpx:TrackPointExtension></extensions></trkpt><trkpt lat="15.3296906222" lon="73.8826076221"><ele>1.58</ele><time>2025-11-17T03:08:37Z</time><extensions><gpxtpx:TrackPointExtension><gpxtpx:cad>0</gpxtpx:cad></gpxtpx:TrackPointExtension></extensions></trkpt><trkpt lat="15.3297691606" lon="73.8824460190"><ele>1.58</ele><time>2025-11-17T03:08:42Z</time><extensions><gpxtpx:TrackPointExtension><gpxtpx:cad>0</gpxtpx:cad></gpxtpx:TrackPointExtension></extensions></trkpt><trkpt lat="15.3298443463" lon="73.8822847512"><ele>1.58</ele><time>2025-11-17T03:08:47Z</time><extensions><gpxtpx:TrackPointExtension><gpxtpx:cad>0</gpxtpx:cad></gpxtpx:TrackPointExtension></extensions></trkpt><trkpt lat="15.3299337812" lon="73.8821276743"><ele>2.06</ele><time>2025-11-17T03:08:52Z</time><extensions><gpxtpx:TrackPointExtension><gpxtpx:cad>0</gpxtpx:cad></gpxtpx:TrackPointExtension></extensions></trkpt><trkpt lat="15.3300072905" lon="73.8819693401"><ele>1.58</ele><time>2025-11-17T03:08:57Z</time><extensions><gpxtpx:TrackPointExtension><gpxtpx:cad>0</gpxtpx:cad></gpxtpx:TrackPointExtension></extensions></trkpt><trkpt lat="15.3300927021" lon="73.8818098325"><ele>1.58</ele><time>2025-11-17T03:09:02Z</time><extensions><gpxtpx:TrackPointExtension><gpxtpx:cad>0</gpxtpx:cad></gpxtpx:TrackPointExtension></extensions></trkpt><trkpt lat="15.3301744256" lon="73.8816582039"><ele>1.58</ele><time>2025-11-17T03:09:07Z</time><extensions><gpxtpx:TrackPointExtension><gpxtpx:cad>0</gpxtpx:cad></gpxtpx:TrackPointExtension></extensions></trkpt><trkpt lat="15.3302603401" lon="73.8815054018"><ele>1.58</ele><time>2025-11-17T03:09:12Z</time><extensions><gpxtpx:TrackPointExtension><gpxtpx:cad>0</gpxtpx:cad></gpxtpx:TrackPointExtension></extensions></trkpt><trkpt lat="15.3303524572" lon="73.8813499175"><ele>1.58</ele><time>2025-11-17T03:09:17Z</time><extensions><gpxtpx:TrackPointExtension><gpxtpx:cad>0</gpxtpx:cad></gpxtpx:TrackPointExtension></extensions></trkpt><trkpt lat="15.3304473404" lon="73.8811977860"><ele>1.58</ele><time>2025-11-17T03:09:22Z</time><extensions><gpxtpx:TrackPointExtension><gpxtpx:cad>0</gpxtpx:cad></gpxtpx:TrackPointExtension></extensions></trkpt><trkpt lat="15.3305444866" lon="73.8810504321"><ele>1.10</ele><time>2025-11-17T03:09:27Z</time><extensions><gpxtpx:TrackPointExtension><gpxtpx:cad>0</gpxtpx:cad></gpxtpx:TrackPointExtension></extensions></trkpt><trkpt lat="15.3306376934" lon="73.8809003122"><ele>1.10</ele><time>2025-11-17T03:09:32Z</time><extensions><gpxtpx:TrackPointExtension><gpxtpx:cad>0</gpxtpx:cad></gpxtpx:TrackPointExtension></extensions></trkpt><trkpt lat="15.3307390306" lon="73.8807498571"><ele>1.10</ele><time>2025-11-17T03:09:37Z</time><extensions><gpxtpx:TrackPointExtension><gpxtpx:cad>0</gpxtpx:cad></gpxtpx:TrackPointExtension></extensions></trkpt><trkpt lat="15.3308466543" lon="73.8806079514"><ele>1.58</ele><time>2025-11-17T03:09:42Z</time><extensions><gpxtpx:TrackPointExtension><gpxtpx:cad>0</gpxtpx:cad></gpxtpx:TrackPointExtension></extensions></trkpt><trkpt lat="15.3309472371" lon="73.8804585859"><ele>1.58</ele><time>2025-11-17T03:09:47Z</time><extensions><gpxtpx:TrackPointExtension><gpxtpx:cad>0</gpxtpx:cad></gpxtpx:TrackPointExtension></extensions></trkpt><trkpt lat="15.3310516756" lon="73.8803172670"><ele>1.58</ele><time>2025-11-17T03:09:52Z</time><extensions><gpxtpx:TrackPointExtension><gpxtpx:cad>0</gpxtpx:cad></gpxtpx:TrackPointExtension></extensions></trkpt><trkpt lat="15.3311533481" lon="73.8801820669"><ele>1.10</ele><time>2025-11-17T03:09:57Z</time><extensions><gpxtpx:TrackPointExtension><gpxtpx:cad>0</gpxtpx:cad></gpxtpx:TrackPointExtension></extensions></trkpt><trkpt lat="15.3312403522" lon="73.8800207153"><ele>0.62</ele><time>2025-11-17T03:10:02Z</time><extensions><gpxtpx:TrackPointExtension><gpxtpx:cad>0</gpxtpx:cad></gpxtpx:TrackPointExtension></extensions></trkpt><trkpt lat="15.3313481435" lon="73.8798736129"><ele>0.62</ele><time>2025-11-17T03:10:07Z</time><extensions><gpxtpx:TrackPointExtension><gpxtpx:cad>0</gpxtpx:cad></gpxtpx:TrackPointExtension></extensions></trkpt><trkpt lat="15.3314338904" lon="73.8797254208"><ele>0.14</ele><time>2025-11-17T03:10:12Z</time><extensions><gpxtpx:TrackPointExtension><gpxtpx:cad>0</gpxtpx:cad></gpxtpx:TrackPointExtension></extensions></trkpt><trkpt lat="15.3315232415" lon="73.8795607165"><ele>0.14</ele><time>2025-11-17T03:10:17Z</time><extensions><gpxtpx:TrackPointExtension><gpxtpx:cad>0</gpxtpx:cad></gpxtpx:TrackPointExtension></extensions></trkpt><trkpt lat="15.3316283505" lon="73.8794163801"><ele>0.62</ele><time>2025-11-17T03:10:22Z</time><extensions><gpxtpx:TrackPointExtension><gpxtpx:cad>0</gpxtpx:cad></gpxtpx:TrackPointExtension></extensions></trkpt><trkpt lat="15.3317259997" lon="73.8792682718"><ele>1.10</ele><time>2025-11-17T03:10:27Z</time><extensions><gpxtpx:TrackPointExtension><gpxtpx:cad>0</gpxtpx:cad></gpxtpx:TrackPointExtension></extensions></trkpt><trkpt lat="15.3318213020" lon="73.8791170623"><ele>1.10</ele><time>2025-11-17T03:10:32Z</time><extensions><gpxtpx:TrackPointExtension><gpxtpx:cad>0</gpxtpx:cad></gpxtpx:TrackPointExtension></extensions></trkpt><trkpt lat="15.3319151793" lon="73.8789739832"><ele>0.14</ele><time>2025-11-17T03:10:37Z</time><extensions><gpxtpx:TrackPointExtension><gpxtpx:cad>0</gpxtpx:cad></gpxtpx:TrackPointExtension></extensions></trkpt><trkpt lat="15.3320100624" lon="73.8788231090"><ele>0.62</ele><time>2025-11-17T03:10:42Z</time><extensions><gpxtpx:TrackPointExtension><gpxtpx:cad>0</gpxtpx:cad></gpxtpx:TrackPointExtension></extensions></trkpt><trkpt lat="15.3321033530" lon="73.8786734920"><ele>0.14</ele><time>2025-11-17T03:10:47Z</time><extensions><gpxtpx:TrackPointExtension><gpxtpx:cad>0</gpxtpx:cad></gpxtpx:TrackPointExtension></extensions></trkpt><trkpt lat="15.3321917821" lon="73.8785119727"><ele>0.14</ele><time>2025-11-17T03:10:52Z</time><extensions><gpxtpx:TrackPointExtension><gpxtpx:cad>0</gpxtpx:cad></gpxtpx:TrackPointExtension></extensions></trkpt><trkpt lat="15.3322746791" lon="73.8783550635"><ele>0.62</ele><time>2025-11-17T03:10:57Z</time><extensions><gpxtpx:TrackPointExtension><gpxtpx:cad>0</gpxtpx:cad></gpxtpx:TrackPointExtension></extensions></trkpt><trkpt lat="15.3323380463" lon="73.8781867549"><ele>0.14</ele><time>2025-11-17T03:11:02Z</time><extensions><gpxtpx:TrackPointExtension><gpxtpx:cad>0</gpxtpx:cad></gpxtpx:TrackPointExtension></extensions></trkpt><trkpt lat="15.3324113041" lon="73.8780265767"><ele>0.62</ele><time>2025-11-17T03:11:07Z</time><extensions><gpxtpx:TrackPointExtension><gpxtpx:cad>0</gpxtpx:cad></gpxtpx:TrackPointExtension></extensions></trkpt><trkpt lat="15.3324807063" lon="73.8778581843"><ele>1.10</ele><time>2025-11-17T03:11:12Z</time><extensions><gpxtpx:TrackPointExtension><gpxtpx:cad>0</gpxtpx:cad></gpxtpx:TrackPointExtension></extensions></trkpt><trkpt lat="15.3325429838" lon="73.8776923902"><ele>1.10</ele><time>2025-11-17T03:11:17Z</time><extensions><gpxtpx:TrackPointExtension><gpxtpx:cad>0</gpxtpx:cad></gpxtpx:TrackPointExtension></extensions></trkpt><trkpt lat="15.3326171637" lon="73.8775367383"><ele>0.62</ele><time>2025-11-17T03:11:22Z</time><extensions><gpxtpx:TrackPointExtension><gpxtpx:cad>0</gpxtpx:cad></gpxtpx:TrackPointExtension></extensions></trkpt><trkpt lat="15.3326924331" lon="73.8773696870"><ele>0.14</ele><time>2025-11-17T03:11:27Z</time><extensions><gpxtpx:TrackPointExtension><gpxtpx:cad>0</gpxtpx:cad></gpxtpx:TrackPointExtension></extensions></trkpt><trkpt lat="15.3327762522" lon="73.8772111852"><ele>0.62</ele><time>2025-11-17T03:11:32Z</time><extensions><gpxtpx:TrackPointExtension><gpxtpx:cad>0</gpxtpx:cad></gpxtpx:TrackPointExtension></extensions></trkpt><trkpt lat="15.3328543715" lon="73.8770538568"><ele>0.14</ele><time>2025-11-17T03:11:37Z</time><extensions><gpxtpx:TrackPointExtension><gpxtpx:cad>0</gpxtpx:cad></gpxtpx:TrackPointExtension></extensions></trkpt><trkpt lat="15.3329392802" lon="73.8768991269"><ele>0.62</ele><time>2025-11-17T03:11:42Z</time><extensions><gpxtpx:TrackPointExtension><gpxtpx:cad>0</gpxtpx:cad></gpxtpx:TrackPointExtension></extensions></trkpt><trkpt lat="15.3330171481" lon="73.8767390326"><ele>0.62</ele><time>2025-11-17T03:11:47Z</time><extensions><gpxtpx:TrackPointExtension><gpxtpx:cad>0</gpxtpx:cad></gpxtpx:TrackPointExtension></extensions></trkpt><trkpt lat="15.3330972791" lon="73.8765724842"><ele>1.10</ele><time>2025-11-17T03:11:52Z</time><extensions><gpxtpx:TrackPointExtension><gpxtpx:cad>0</gpxtpx:cad></gpxtpx:TrackPointExtension></extensions></trkpt><trkpt lat="15.3331714589" lon="73.8764145691"><ele>0.62</ele><time>2025-11-17T03:11:57Z</time><extensions><gpxtpx:TrackPointExtension><gpxtpx:cad>0</gpxtpx:cad></gpxtpx:TrackPointExtension></extensions></trkpt><trkpt lat="15.3332418669" lon="73.8762470987"><ele>1.10</ele><time>2025-11-17T03:12:02Z</time><extensions><gpxtpx:TrackPointExtension><gpxtpx:cad>0</gpxtpx:cad></gpxtpx:TrackPointExtension></extensions></trkpt><trkpt lat="15.3333193995" lon="73.8760897703"><ele>1.58</ele><time>2025-11-17T03:12:07Z</time><extensions><gpxtpx:TrackPointExtension><gpxtpx:cad>0</gpxtpx:cad></gpxtpx:TrackPointExtension></extensions></trkpt><trkpt lat="15.3333872091" lon="73.8759257365"><ele>1.58</ele><time>2025-11-17T03:12:12Z</time><extensions><gpxtpx:TrackPointExtension><gpxtpx:cad>0</gpxtpx:cad></gpxtpx:TrackPointExtension></extensions></trkpt><trkpt lat="15.3334520850" lon="73.8757521473"><ele>2.06</ele><time>2025-11-17T03:12:17Z</time><extensions><gpxtpx:TrackPointExtension><gpxtpx:cad>0</gpxtpx:cad></gpxtpx:TrackPointExtension></extensions></trkpt><trkpt lat="15.3335250914" lon="73.8755915500"><ele>2.06</ele><time>2025-11-17T03:12:22Z</time><extensions><gpxtpx:TrackPointExtension><gpxtpx:cad>0</gpxtpx:cad></gpxtpx:TrackPointExtension></extensions></trkpt><trkpt lat="15.3335787356" lon="73.8754159492"><ele>2.06</ele><time>2025-11-17T03:12:27Z</time><extensions><gpxtpx:TrackPointExtension><gpxtpx:cad>0</gpxtpx:cad></gpxtpx:TrackPointExtension></extensions></trkpt><trkpt lat="15.3336378280" lon="73.8752462994"><ele>2.54</ele><time>2025-11-17T03:12:32Z</time><extensions><gpxtpx:TrackPointExtension><gpxtpx:cad>0</gpxtpx:cad></gpxtpx:TrackPointExtension></extensions></trkpt><trkpt lat="15.3336955793" lon="73.8750728779"><ele>2.54</ele><time>2025-11-17T03:12:37Z</time><extensions><gpxtpx:TrackPointExtension><gpxtpx:cad>0</gpxtpx:cad></gpxtpx:TrackPointExtension></extensions></trkpt><trkpt lat="15.3337476309" lon="73.8749027252"><ele>2.54</ele><time>2025-11-17T03:12:42Z</time><extensions><gpxtpx:TrackPointExtension><gpxtpx:cad>0</gpxtpx:cad></gpxtpx:TrackPointExtension></extensions></trkpt><trkpt lat="15.3338073939" lon="73.8747376017"><ele>2.06</ele><time>2025-11-17T03:12:47Z</time><extensions><gpxtpx:TrackPointExtension><gpxtpx:cad>0</gpxtpx:cad></gpxtpx:TrackPointExtension></extensions></trkpt><trkpt lat="15.3338718507" lon="73.8745743223"><ele>2.54</ele><time>2025-11-17T03:12:52Z</time><extensions><gpxtpx:TrackPointExtension><gpxtpx:cad>0</gpxtpx:cad></gpxtpx:TrackPointExtension></extensions></trkpt><trkpt lat="15.3339301888" lon="73.8744035829"><ele>2.06</ele><time>2025-11-17T03:12:57Z</time><extensions><gpxtpx:TrackPointExtension><gpxtpx:cad>0</gpxtpx:cad></gpxtpx:TrackPointExtension></extensions></trkpt><trkpt lat="15.3339940589" lon="73.8742342684"><ele>2.06</ele><time>2025-11-17T03:13:02Z</time><extensions><gpxtpx:TrackPointExtension><gpxtpx:cad>0</gpxtpx:cad></gpxtpx:TrackPointExtension></extensions></trkpt><trkpt lat="15.3340670653" lon="73.8740729168"><ele>2.54</ele><time>2025-11-17T03:13:07Z</time><extensions><gpxtpx:TrackPointExtension><gpxtpx:cad>0</gpxtpx:cad></gpxtpx:TrackPointExtension></extensions></trkpt><trkpt lat="15.3341771197" lon="73.8739512954"><ele>2.54</ele><time>2025-11-17T03:13:12Z</time><extensions><gpxtpx:TrackPointExtension><gpxtpx:cad>0</gpxtpx:cad></gpxtpx:TrackPointExtension></extensions></trkpt><trkpt lat="15.3343261499" lon="73.8738796301"><ele>3.02</ele><time>2025-11-17T03:13:17Z</time><extensions><gpxtpx:TrackPointExtension><gpxtpx:cad>0</gpxtpx:cad></gpxtpx:TrackPointExtension></extensions></trkpt><trkpt lat="15.3344975598" lon="73.8738305122"><ele>3.02</ele><time>2025-11-17T03:13:22Z</time><extensions><gpxtpx:TrackPointExtension><gpxtpx:cad>0</gpxtpx:cad></gpxtpx:TrackPointExtension></extensions></trkpt><trkpt lat="15.3346620128" lon="73.8737790473"><ele>2.54</ele><time>2025-11-17T03:13:27Z</time><extensions><gpxtpx:TrackPointExtension><gpxtpx:cad>0</gpxtpx:cad></gpxtpx:TrackPointExtension></extensions></trkpt><trkpt lat="15.3348223586" lon="73.8737201225"><ele>2.06</ele><time>2025-11-17T03:13:32Z</time><extensions><gpxtpx:TrackPointExtension><gpxtpx:cad>0</gpxtpx:cad></gpxtpx:TrackPointExtension></extensions></trkpt><trkpt lat="15.3349946905" lon="73.8736735191"><ele>2.54</ele><time>2025-11-17T03:13:37Z</time><extensions><gpxtpx:TrackPointExtension><gpxtpx:cad>0</gpxtpx:cad></gpxtpx:TrackPointExtension></extensions></trkpt><trkpt lat="15.3351698723" lon="73.8736737706"><ele>2.54</ele><time>2025-11-17T03:13:42Z</time><extensions><gpxtpx:TrackPointExtension><gpxtpx:cad>0</gpxtpx:cad></gpxtpx:TrackPointExtension></extensions></trkpt><trkpt lat="15.3353328165" lon="73.8736955635"><ele>2.06</ele><time>2025-11-17T03:13:47Z</time><extensions><gpxtpx:TrackPointExtension><gpxtpx:cad>0</gpxtpx:cad></gpxtpx:TrackPointExtension></extensions></trkpt><trkpt lat="15.3354854509" lon="73.8737318572"><ele>2.06</ele><time>2025-11-17T03:13:52Z</time><extensions><gpxtpx:TrackPointExtension><gpxtpx:cad>0</gpxtpx:cad></gpxtpx:TrackPointExtension></extensions></trkpt><trkpt lat="15.3356501553" lon="73.8737833221"><ele>2.06</ele><time>2025-11-17T03:13:57Z</time><extensions><gpxtpx:TrackPointExtension><gpxtpx:cad>0</gpxtpx:cad></gpxtpx:TrackPointExtension></extensions></trkpt><trkpt lat="15.3358357307" lon="73.8738268241"><ele>1.58</ele><time>2025-11-17T03:14:02Z</time><extensions><gpxtpx:TrackPointExtension><gpxtpx:cad>0</gpxtpx:cad></gpxtpx:TrackPointExtension></extensions></trkpt><trkpt lat="15.3360048775" lon="73.8738424145"><ele>1.10</ele><time>2025-11-17T03:14:07Z</time><extensions><gpxtpx:TrackPointExtension><gpxtpx:cad>0</gpxtpx:cad></gpxtpx:TrackPointExtension></extensions></trkpt><trkpt lat="15.3361601103" lon="73.8738601003"><ele>0.14</ele><time>2025-11-17T03:14:12Z</time><extensions><gpxtpx:TrackPointExtension><gpxtpx:cad>0</gpxtpx:cad></gpxtpx:TrackPointExtension></extensions></trkpt><trkpt lat="15.3363286704" lon="73.8738875929"><ele>0.14</ele><time>2025-11-17T03:14:17Z</time><extensions><gpxtpx:TrackPointExtension><gpxtpx:cad>0</gpxtpx:cad></gpxtpx:TrackPointExtension></extensions></trkpt><trkpt lat="15.3365132399" lon="73.8739272393"><ele>0.62</ele><time>2025-11-17T03:14:22Z</time><extensions><gpxtpx:TrackPointExtension><gpxtpx:cad>0</gpxtpx:cad></gpxtpx:TrackPointExtension></extensions></trkpt><trkpt lat="15.3366823029" lon="73.8739743456"><ele>0.62</ele><time>2025-11-17T03:14:27Z</time><extensions><gpxtpx:TrackPointExtension><gpxtpx:cad>0</gpxtpx:cad></gpxtpx:TrackPointExtension></extensions></trkpt><trkpt lat="15.3368301596" lon="73.8740365393"><ele>0.14</ele><time>2025-11-17T03:14:32Z</time><extensions><gpxtpx:TrackPointExtension><gpxtpx:cad>0</gpxtpx:cad></gpxtpx:TrackPointExtension></extensions></trkpt><trkpt lat="15.3369795252" lon="73.8740910217"><ele>0.14</ele><time>2025-11-17T03:14:37Z</time><extensions><gpxtpx:TrackPointExtension><gpxtpx:cad>0</gpxtpx:cad></gpxtpx:TrackPointExtension></extensions></trkpt><trkpt lat="15.3371460736" lon="73.8741344400"><ele>0.14</ele><time>2025-11-17T03:14:42Z</time><extensions><gpxtpx:TrackPointExtension><gpxtpx:cad>0</gpxtpx:cad></gpxtpx:TrackPointExtension></extensions></trkpt><trkpt lat="15.3373246919" lon="73.8741880842"><ele>0.14</ele><time>2025-11-17T03:14:47Z</time><extensions><gpxtpx:TrackPointExtension><gpxtpx:cad>0</gpxtpx:cad></gpxtpx:TrackPointExtension></extensions></trkpt><trkpt lat="15.3374933358" lon="73.8742288202"><ele>0.14</ele><time>2025-11-17T03:14:52Z</time><extensions><gpxtpx:TrackPointExtension><gpxtpx:cad>0</gpxtpx:cad></gpxtpx:TrackPointExtension></extensions></trkpt><trkpt lat="15.3376504965" lon="73.8742579054"><ele>-0.34</ele><time>2025-11-17T03:14:57Z</time><extensions><gpxtpx:TrackPointExtension><gpxtpx:cad>0</gpxtpx:cad></gpxtpx:TrackPointExtension></extensions></trkpt><trkpt lat="15.3378134407" lon="73.8742814586"><ele>-0.34</ele><time>2025-11-17T03:15:02Z</time><extensions><gpxtpx:TrackPointExtension><gpxtpx:cad>0</gpxtpx:cad></gpxtpx:TrackPointExtension></extensions></trkpt><trkpt lat="15.3379920591" lon="73.8742977194"><ele>0.14</ele><time>2025-11-17T03:15:07Z</time><extensions><gpxtpx:TrackPointExtension><gpxtpx:cad>0</gpxtpx:cad></gpxtpx:TrackPointExtension></extensions></trkpt><trkpt lat="15.3381688334" lon="73.8743206020"><ele>0.14</ele><time>2025-11-17T03:15:12Z</time><extensions><gpxtpx:TrackPointExtension><gpxtpx:cad>0</gpxtpx:cad></gpxtpx:TrackPointExtension></extensions></trkpt><trkpt lat="15.3383428417" lon="73.8743388746"><ele>-0.34</ele><time>2025-11-17T03:15:17Z</time><extensions><gpxtpx:TrackPointExtension><gpxtpx:cad>0</gpxtpx:cad></gpxtpx:TrackPointExtension></extensions></trkpt><trkpt lat="15.3385169338" lon="73.8743604999"><ele>0.62</ele><time>2025-11-17T03:15:22Z</time><extensions><gpxtpx:TrackPointExtension><gpxtpx:cad>0</gpxtpx:cad></gpxtpx:TrackPointExtension></extensions></trkpt><trkpt lat="15.3386875894" lon="73.8743832149"><ele>1.10</ele><time>2025-11-17T03:15:27Z</time><extensions><gpxtpx:TrackPointExtension><gpxtpx:cad>0</gpxtpx:cad></gpxtpx:TrackPointExtension></extensions></trkpt><trkpt lat="15.3388505336" lon="73.8744034991"><ele>1.58</ele><time>2025-11-17T03:15:32Z</time><extensions><gpxtpx:TrackPointExtension><gpxtpx:cad>0</gpxtpx:cad></gpxtpx:TrackPointExtension></extensions></trkpt><trkpt lat="15.3390243743" lon="73.8744164910"><ele>2.06</ele><time>2025-11-17T03:15:37Z</time><extensions><gpxtpx:TrackPointExtension><gpxtpx:cad>0</gpxtpx:cad></gpxtpx:TrackPointExtension></extensions></trkpt><trkpt lat="15.3392024897" lon="73.8744441513"><ele>2.54</ele><time>2025-11-17T03:15:42Z</time><extensions><gpxtpx:TrackPointExtension><gpxtpx:cad>0</gpxtpx:cad></gpxtpx:TrackPointExtension></extensions></trkpt><trkpt lat="15.3393634222" lon="73.8744738232"><ele>2.54</ele><time>2025-11-17T03:15:47Z</time><extensions><gpxtpx:TrackPointExtension><gpxtpx:cad>0</gpxtpx:cad></gpxtpx:TrackPointExtension></extensions></trkpt><trkpt lat="15.3395220917" lon="73.8744910900"><ele>2.54</ele><time>2025-11-17T03:15:52Z</time><extensions><gpxtpx:TrackPointExtension><gpxtpx:cad>0</gpxtpx:cad></gpxtpx:TrackPointExtension></extensions></trkpt><trkpt lat="15.3396945912" lon="73.8745137211"><ele>2.54</ele><time>2025-11-17T03:15:57Z</time><extensions><gpxtpx:TrackPointExtension><gpxtpx:cad>0</gpxtpx:cad></gpxtpx:TrackPointExtension></extensions></trkpt><trkpt lat="15.3398800828" lon="73.8745516911"><ele>2.54</ele><time>2025-11-17T03:16:02Z</time><extensions><gpxtpx:TrackPointExtension><gpxtpx:cad>0</gpxtpx:cad></gpxtpx:TrackPointExtension></extensions></trkpt><trkpt lat="15.3400417697" lon="73.8745909184"><ele>2.06</ele><time>2025-11-17T03:16:07Z</time><extensions><gpxtpx:TrackPointExtension><gpxtpx:cad>0</gpxtpx:cad></gpxtpx:TrackPointExtension></extensions></trkpt><trkpt lat="15.3401968349" lon="73.8746329118"><ele>1.58</ele><time>2025-11-17T03:16:12Z</time><extensions><gpxtpx:TrackPointExtension><gpxtpx:cad>0</gpxtpx:cad></gpxtpx:TrackPointExtension></extensions></trkpt><trkpt lat="15.3403570969" lon="73.8746818621"><ele>1.10</ele><time>2025-11-17T03:16:17Z</time><extensions><gpxtpx:TrackPointExtension><gpxtpx:cad>0</gpxtpx:cad></gpxtpx:TrackPointExtension></extensions></trkpt><trkpt lat="15.3405264113" lon="73.8747527730"><ele>1.10</ele><time>2025-11-17T03:16:22Z</time><extensions><gpxtpx:TrackPointExtension><gpxtpx:cad>0</gpxtpx:cad></gpxtpx:TrackPointExtension></extensions></trkpt><trkpt lat="15.3406989109" lon="73.8748297188"><ele>1.10</ele><time>2025-11-17T03:16:27Z</time><extensions><gpxtpx:TrackPointExtension><gpxtpx:cad>0</gpxtpx:cad></gpxtpx:TrackPointExtension></extensions></trkpt><trkpt lat="15.3408401459" lon="73.8749011327"><ele>1.10</ele><time>2025-11-17T03:16:32Z</time><extensions><gpxtpx:TrackPointExtension><gpxtpx:cad>0</gpxtpx:cad></gpxtpx:TrackPointExtension></extensions></trkpt><trkpt lat="15.3409828898" lon="73.8749706186"><ele>1.10</ele><time>2025-11-17T03:16:37Z</time><extensions><gpxtpx:TrackPointExtension><gpxtpx:cad>0</gpxtpx:cad></gpxtpx:TrackPointExtension></extensions></trkpt><trkpt lat="15.3411420621" lon="73.8750321418"><ele>1.58</ele><time>2025-11-17T03:16:42Z</time><extensions><gpxtpx:TrackPointExtension><gpxtpx:cad>0</gpxtpx:cad></gpxtpx:TrackPointExtension></extensions></trkpt><trkpt lat="15.3413167410" lon="73.8750947546"><ele>2.06</ele><time>2025-11-17T03:16:47Z</time><extensions><gpxtpx:TrackPointExtension><gpxtpx:cad>0</gpxtpx:cad></gpxtpx:TrackPointExtension></extensions></trkpt><trkpt lat="15.3414814454" lon="73.8751536794"><ele>2.06</ele><time>2025-11-17T03:16:52Z</time><extensions><gpxtpx:TrackPointExtension><gpxtpx:cad>0</gpxtpx:cad></gpxtpx:TrackPointExtension></extensions></trkpt><trkpt lat="15.3416370973" lon="73.8751924038"><ele>1.58</ele><time>2025-11-17T03:16:57Z</time><extensions><gpxtpx:TrackPointExtension><gpxtpx:cad>0</gpxtpx:cad></gpxtpx:TrackPointExtension></extensions></trkpt><trkpt lat="15.3417940065" lon="73.8752411027"><ele>2.06</ele><time>2025-11-17T03:17:02Z</time><extensions><gpxtpx:TrackPointExtension><gpxtpx:cad>0</gpxtpx:cad></gpxtpx:TrackPointExtension></extensions></trkpt><trkpt lat="15.3419658355" lon="73.8752955012"><ele>1.58</ele><time>2025-11-17T03:17:07Z</time><extensions><gpxtpx:TrackPointExtension><gpxtpx:cad>0</gpxtpx:cad></gpxtpx:TrackPointExtension></extensions></trkpt><trkpt lat="15.3421343956" lon="73.8753511570"><ele>1.58</ele><time>2025-11-17T03:17:12Z</time><extensions><gpxtpx:TrackPointExtension><gpxtpx:cad>0</gpxtpx:cad></gpxtpx:TrackPointExtension></extensions></trkpt><trkpt lat="15.3422924783" lon="73.8754081540"><ele>1.10</ele><time>2025-11-17T03:17:17Z</time><extensions><gpxtpx:TrackPointExtension><gpxtpx:cad>0</gpxtpx:cad></gpxtpx:TrackPointExtension></extensions></trkpt><trkpt lat="15.3424565960" lon="73.8754546735"><ele>1.10</ele><time>2025-11-17T03:17:22Z</time><extensions><gpxtpx:TrackPointExtension><gpxtpx:cad>0</gpxtpx:cad></gpxtpx:TrackPointExtension></extensions></trkpt><trkpt lat="15.3426285926" lon="73.8754996005"><ele>1.10</ele><time>2025-11-17T03:17:27Z</time><extensions><gpxtpx:TrackPointExtension><gpxtpx:cad>0</gpxtpx:cad></gpxtpx:TrackPointExtension></extensions></trkpt><trkpt lat="15.3428051155" lon="73.8755425159"><ele>0.62</ele><time>2025-11-17T03:17:32Z</time><extensions><gpxtpx:TrackPointExtension><gpxtpx:cad>0</gpxtpx:cad></gpxtpx:TrackPointExtension></extensions></trkpt><trkpt lat="15.3429708257" lon="73.8755858503"><ele>0.14</ele><time>2025-11-17T03:17:37Z</time><extensions><gpxtpx:TrackPointExtension><gpxtpx:cad>0</gpxtpx:cad></gpxtpx:TrackPointExtension></extensions></trkpt><trkpt lat="15.3431328479" lon="73.8756387401"><ele>0.14</ele><time>2025-11-17T03:17:42Z</time><extensions><gpxtpx:TrackPointExtension><gpxtpx:cad>0</gpxtpx:cad></gpxtpx:TrackPointExtension></extensions></trkpt><trkpt lat="15.3433045931" lon="73.8756781351"><ele>0.62</ele><time>2025-11-17T03:17:47Z</time><extensions><gpxtpx:TrackPointExtension><gpxtpx:cad>0</gpxtpx:cad></gpxtpx:TrackPointExtension></extensions></trkpt><trkpt lat="15.3434743267" lon="73.8757120818"><ele>0.62</ele><time>2025-11-17T03:17:52Z</time><extensions><gpxtpx:TrackPointExtension><gpxtpx:cad>0</gpxtpx:cad></gpxtpx:TrackPointExtension></extensions></trkpt><trkpt lat="15.3436336666" lon="73.8757493813"><ele>0.14</ele><time>2025-11-17T03:17:57Z</time><extensions><gpxtpx:TrackPointExtension><gpxtpx:cad>0</gpxtpx:cad></gpxtpx:TrackPointExtension></extensions></trkpt><trkpt lat="15.3437977843" lon="73.8757915422"><ele>0.62</ele><time>2025-11-17T03:18:02Z</time><extensions><gpxtpx:TrackPointExtension><gpxtpx:cad>0</gpxtpx:cad></gpxtpx:TrackPointExtension></extensions></trkpt><trkpt lat="15.3439712897" lon="73.8758440968"><ele>1.10</ele><time>2025-11-17T03:18:07Z</time><extensions><gpxtpx:TrackPointExtension><gpxtpx:cad>0</gpxtpx:cad></gpxtpx:TrackPointExtension></extensions></trkpt><trkpt lat="15.3441439569" lon="73.8759001717"><ele>1.58</ele><time>2025-11-17T03:18:12Z</time><extensions><gpxtpx:TrackPointExtension><gpxtpx:cad>0</gpxtpx:cad></gpxtpx:TrackPointExtension></extensions></trkpt><trkpt lat="15.3442986030" lon="73.8759582583"><ele>1.58</ele><time>2025-11-17T03:18:17Z</time><extensions><gpxtpx:TrackPointExtension><gpxtpx:cad>0</gpxtpx:cad></gpxtpx:TrackPointExtension></extensions></trkpt><trkpt lat="15.3444550093" lon="73.8760072086"><ele>1.58</ele><time>2025-11-17T03:18:22Z</time><extensions><gpxtpx:TrackPointExtension><gpxtpx:cad>0</gpxtpx:cad></gpxtpx:TrackPointExtension></extensions></trkpt><trkpt lat="15.3446210548" lon="73.8760557398"><ele>2.06</ele><time>2025-11-17T03:18:27Z</time><extensions><gpxtpx:TrackPointExtension><gpxtpx:cad>0</gpxtpx:cad></gpxtpx:TrackPointExtension></extensions></trkpt><trkpt lat="15.3448005114" lon="73.8761118986"><ele>2.06</ele><time>2025-11-17T03:18:32Z</time><extensions><gpxtpx:TrackPointExtension><gpxtpx:cad>0</gpxtpx:cad></gpxtpx:TrackPointExtension></extensions></trkpt><trkpt lat="15.3449645452" lon="73.8761620224"><ele>1.58</ele><time>2025-11-17T03:18:37Z</time><extensions><gpxtpx:TrackPointExtension><gpxtpx:cad>0</gpxtpx:cad></gpxtpx:TrackPointExtension></extensions></trkpt><trkpt lat="15.3451228794" lon="73.8761975616"><ele>1.10</ele><time>2025-11-17T03:18:42Z</time><extensions><gpxtpx:TrackPointExtension><gpxtpx:cad>0</gpxtpx:cad></gpxtpx:TrackPointExtension></extensions></trkpt><trkpt lat="15.3452812135" lon="73.8762294967"><ele>1.10</ele><time>2025-11-17T03:18:47Z</time><extensions><gpxtpx:TrackPointExtension><gpxtpx:cad>0</gpxtpx:cad></gpxtpx:TrackPointExtension></extensions></trkpt><trkpt lat="15.3454500251" lon="73.8762688916"><ele>0.62</ele><time>2025-11-17T03:18:52Z</time><extensions><gpxtpx:TrackPointExtension><gpxtpx:cad>0</gpxtpx:cad></gpxtpx:TrackPointExtension></extensions></trkpt><trkpt lat="15.3456283081" lon="73.8763136510"><ele>0.14</ele><time>2025-11-17T03:18:57Z</time><extensions><gpxtpx:TrackPointExtension><gpxtpx:cad>0</gpxtpx:cad></gpxtpx:TrackPointExtension></extensions></trkpt><trkpt lat="15.3457944375" lon="73.8763453346"><ele>-0.34</ele><time>2025-11-17T03:19:02Z</time><extensions><gpxtpx:TrackPointExtension><gpxtpx:cad>0</gpxtpx:cad></gpxtpx:TrackPointExtension></extensions></trkpt><trkpt lat="15.3459528554" lon="73.8763769343"><ele>-0.34</ele><time>2025-11-17T03:19:07Z</time><extensions><gpxtpx:TrackPointExtension><gpxtpx:cad>0</gpxtpx:cad></gpxtpx:TrackPointExtension></extensions></trkpt><trkpt lat="15.3461126145" lon="73.8764187600"><ele>-0.34</ele><time>2025-11-17T03:19:12Z</time><extensions><gpxtpx:TrackPointExtension><gpxtpx:cad>0</gpxtpx:cad></gpxtpx:TrackPointExtension></extensions></trkpt><trkpt lat="15.3462854493" lon="73.8764568139"><ele>-0.34</ele><time>2025-11-17T03:19:17Z</time><extensions><gpxtpx:TrackPointExtension><gpxtpx:cad>0</gpxtpx:cad></gpxtpx:TrackPointExtension></extensions></trkpt><trkpt lat="15.3464607988" lon="73.8764905930"><ele>-0.82</ele><time>2025-11-17T03:19:22Z</time><extensions><gpxtpx:TrackPointExtension><gpxtpx:cad>0</gpxtpx:cad></gpxtpx:TrackPointExtension></extensions></trkpt><trkpt lat="15.3466253355" lon="73.8765257131"><ele>-1.30</ele><time>2025-11-17T03:19:27Z</time><extensions><gpxtpx:TrackPointExtension><gpxtpx:cad>0</gpxtpx:cad></gpxtpx:TrackPointExtension></extensions></trkpt><trkpt lat="15.3467898723" lon="73.8765511941"><ele>-1.79</ele><time>2025-11-17T03:19:32Z</time><extensions><gpxtpx:TrackPointExtension><gpxtpx:cad>0</gpxtpx:cad></gpxtpx:TrackPointExtension></extensions></trkpt><trkpt lat="15.3469617851" lon="73.8765752502"><ele>-1.79</ele><time>2025-11-17T03:19:37Z</time><extensions><gpxtpx:TrackPointExtension><gpxtpx:cad>0</gpxtpx:cad></gpxtpx:TrackPointExtension></extensions></trkpt><trkpt lat="15.3471348714" lon="73.8765972946"><ele>-1.30</ele><time>2025-11-17T03:19:42Z</time><extensions><gpxtpx:TrackPointExtension><gpxtpx:cad>0</gpxtpx:cad></gpxtpx:TrackPointExtension></extensions></trkpt><trkpt lat="15.3473018389" lon="73.8766319118"><ele>-1.79</ele><time>2025-11-17T03:19:47Z</time><extensions><gpxtpx:TrackPointExtension><gpxtpx:cad>0</gpxtpx:cad></gpxtpx:TrackPointExtension></extensions></trkpt><trkpt lat="15.3474725783" lon="73.8766547106"><ele>-1.79</ele><time>2025-11-17T03:19:52Z</time><extensions><gpxtpx:TrackPointExtension><gpxtpx:cad>0</gpxtpx:cad></gpxtpx:TrackPointExtension></extensions></trkpt><trkpt lat="15.3476402164" lon="73.8766713906"><ele>-1.79</ele><time>2025-11-17T03:19:57Z</time><extensions><gpxtpx:TrackPointExtension><gpxtpx:cad>0</gpxtpx:cad></gpxtpx:TrackPointExtension></extensions></trkpt><trkpt lat="15.3478067648" lon="73.8766978774"><ele>-1.30</ele><time>2025-11-17T03:20:02Z</time><extensions><gpxtpx:TrackPointExtension><gpxtpx:cad>0</gpxtpx:cad></gpxtpx:TrackPointExtension></extensions></trkpt><trkpt lat="15.3479729779" lon="73.8767281361"><ele>-1.30</ele><time>2025-11-17T03:20:07Z</time><extensions><gpxtpx:TrackPointExtension><gpxtpx:cad>0</gpxtpx:cad></gpxtpx:TrackPointExtension></extensions></trkpt><trkpt lat="15.3481412865" lon="73.8767661899"><ele>-1.30</ele><time>2025-11-17T03:20:12Z</time><extensions><gpxtpx:TrackPointExtension><gpxtpx:cad>0</gpxtpx:cad></gpxtpx:TrackPointExtension></extensions></trkpt><trkpt lat="15.3483044822" lon="73.8767956104"><ele>-1.30</ele><time>2025-11-17T03:20:17Z</time><extensions><gpxtpx:TrackPointExtension><gpxtpx:cad>0</gpxtpx:cad></gpxtpx:TrackPointExtension></extensions></trkpt><trkpt lat="15.3484736290" lon="73.8768201694"><ele>-0.82</ele><time>2025-11-17T03:20:22Z</time><extensions><gpxtpx:TrackPointExtension><gpxtpx:cad>0</gpxtpx:cad></gpxtpx:TrackPointExtension></extensions></trkpt><trkpt lat="15.3486442845" lon="73.8768433034"><ele>-0.82</ele><time>2025-11-17T03:20:27Z</time><extensions><gpxtpx:TrackPointExtension><gpxtpx:cad>0</gpxtpx:cad></gpxtpx:TrackPointExtension></extensions></trkpt><trkpt lat="15.3488174547" lon="73.8768646773"><ele>-0.82</ele><time>2025-11-17T03:20:32Z</time><extensions><gpxtpx:TrackPointExtension><gpxtpx:cad>0</gpxtpx:cad></gpxtpx:TrackPointExtension></extensions></trkpt><trkpt lat="15.3489881940" lon="73.8768752385"><ele>-0.34</ele><time>2025-11-17T03:20:37Z</time><extensions><gpxtpx:TrackPointExtension><gpxtpx:cad>0</gpxtpx:cad></gpxtpx:TrackPointExtension></extensions></trkpt><trkpt lat="15.3491597716" lon="73.8768780883"><ele>-0.34</ele><time>2025-11-17T03:20:42Z</time><extensions><gpxtpx:TrackPointExtension><gpxtpx:cad>0</gpxtpx:cad></gpxtpx:TrackPointExtension></extensions></trkpt><trkpt lat="15.3493327741" lon="73.8768783398"><ele>0.14</ele><time>2025-11-17T03:20:47Z</time><extensions><gpxtpx:TrackPointExtension><gpxtpx:cad>0</gpxtpx:cad></gpxtpx:TrackPointExtension></extensions></trkpt><trkpt lat="15.3494974785" lon="73.8768900745"><ele>0.62</ele><time>2025-11-17T03:20:52Z</time><extensions><gpxtpx:TrackPointExtension><gpxtpx:cad>0</gpxtpx:cad></gpxtpx:TrackPointExtension></extensions></trkpt><trkpt lat="15.3496732470" lon="73.8769106101"><ele>1.10</ele><time>2025-11-17T03:20:57Z</time><extensions><gpxtpx:TrackPointExtension><gpxtpx:cad>0</gpxtpx:cad></gpxtpx:TrackPointExtension></extensions></trkpt><trkpt lat="15.3498415556" lon="73.8769552857"><ele>1.58</ele><time>2025-11-17T03:21:02Z</time><extensions><gpxtpx:TrackPointExtension><gpxtpx:cad>0</gpxtpx:cad></gpxtpx:TrackPointExtension></extensions></trkpt><trkpt lat="15.3499910887" lon="73.8770251069"><ele>1.58</ele><time>2025-11-17T03:21:07Z</time><extensions><gpxtpx:TrackPointExtension><gpxtpx:cad>0</gpxtpx:cad></gpxtpx:TrackPointExtension></extensions></trkpt><trkpt lat="15.3501367662" lon="73.8771027233"><ele>1.10</ele><time>2025-11-17T03:21:12Z</time><extensions><gpxtpx:TrackPointExtension><gpxtpx:cad>0</gpxtpx:cad></gpxtpx:TrackPointExtension></extensions></trkpt><trkpt lat="15.3502989560" lon="73.8771758135"><ele>1.10</ele><time>2025-11-17T03:21:17Z</time><extensions><gpxtpx:TrackPointExtension><gpxtpx:cad>0</gpxtpx:cad></gpxtpx:TrackPointExtension></extensions></trkpt><trkpt lat="15.3504526801" lon="73.8772650808"><ele>1.10</ele><time>2025-11-17T03:21:22Z</time><extensions><gpxtpx:TrackPointExtension><gpxtpx:cad>0</gpxtpx:cad></gpxtpx:TrackPointExtension></extensions></trkpt><trkpt lat="15.3505975194" lon="73.8773557730"><ele>1.10</ele><time>2025-11-17T03:21:27Z</time><extensions><gpxtpx:TrackPointExtension><gpxtpx:cad>0</gpxtpx:cad></gpxtpx:TrackPointExtension></extensions></trkpt><trkpt lat="15.3507455438" lon="73.8774346467"><ele>1.10</ele><time>2025-11-17T03:21:32Z</time><extensions><gpxtpx:TrackPointExtension><gpxtpx:cad>0</gpxtpx:cad></gpxtpx:TrackPointExtension></extensions></trkpt><trkpt lat="15.3508986812" lon="73.8775094133"><ele>1.58</ele><time>2025-11-17T03:21:37Z</time><extensions><gpxtpx:TrackPointExtension><gpxtpx:cad>0</gpxtpx:cad></gpxtpx:TrackPointExtension></extensions></trkpt><trkpt lat="15.3510550037" lon="73.8775764685"><ele>1.10</ele><time>2025-11-17T03:21:42Z</time><extensions><gpxtpx:TrackPointExtension><gpxtpx:cad>0</gpxtpx:cad></gpxtpx:TrackPointExtension></extensions></trkpt><trkpt lat="15.3512186185" lon="73.8776398357"><ele>1.10</ele><time>2025-11-17T03:21:47Z</time><extensions><gpxtpx:TrackPointExtension><gpxtpx:cad>0</gpxtpx:cad></gpxtpx:TrackPointExtension></extensions></trkpt><trkpt lat="15.3513808921" lon="73.8777189609"><ele>1.10</ele><time>2025-11-17T03:21:52Z</time><extensions><gpxtpx:TrackPointExtension><gpxtpx:cad>0</gpxtpx:cad></gpxtpx:TrackPointExtension></extensions></trkpt><trkpt lat="15.3515388072" lon="73.8777892012"><ele>1.10</ele><time>2025-11-17T03:21:57Z</time><extensions><gpxtpx:TrackPointExtension><gpxtpx:cad>0</gpxtpx:cad></gpxtpx:TrackPointExtension></extensions></trkpt><trkpt lat="15.3516903520" lon="73.8778458629"><ele>0.62</ele><time>2025-11-17T03:22:02Z</time><extensions><gpxtpx:TrackPointExtension><gpxtpx:cad>0</gpxtpx:cad></gpxtpx:TrackPointExtension></extensions></trkpt><trkpt lat="15.3518429026" lon="73.8779099006"><ele>0.14</ele><time>2025-11-17T03:22:07Z</time><extensions><gpxtpx:TrackPointExtension><gpxtpx:cad>0</gpxtpx:cad></gpxtpx:TrackPointExtension></extensions></trkpt><trkpt lat="15.3520068526" lon="73.8779747766"><ele>-0.34</ele><time>2025-11-17T03:22:12Z</time><extensions><gpxtpx:TrackPointExtension><gpxtpx:cad>0</gpxtpx:cad></gpxtpx:TrackPointExtension></extensions></trkpt><trkpt lat="15.3521781787" lon="73.8780390657"><ele>0.14</ele><time>2025-11-17T03:22:17Z</time><extensions><gpxtpx:TrackPointExtension><gpxtpx:cad>0</gpxtpx:cad></gpxtpx:TrackPointExtension></extensions></trkpt><trkpt lat="15.3523408715" lon="73.8780974876"><ele>0.14</ele><time>2025-11-17T03:22:22Z</time><extensions><gpxtpx:TrackPointExtension><gpxtpx:cad>0</gpxtpx:cad></gpxtpx:TrackPointExtension></extensions></trkpt><trkpt lat="15.3524949308" lon="73.8781445939"><ele>0.14</ele><time>2025-11-17T03:22:27Z</time><extensions><gpxtpx:TrackPointExtension><gpxtpx:cad>0</gpxtpx:cad></gpxtpx:TrackPointExtension></extensions></trkpt><trkpt lat="15.3526540194" lon="73.8781816419"><ele>0.14</ele><time>2025-11-17T03:22:32Z</time><extensions><gpxtpx:TrackPointExtension><gpxtpx:cad>0</gpxtpx:cad></gpxtpx:TrackPointExtension></extensions></trkpt><trkpt lat="15.3528184723" lon="73.8782170974"><ele>0.62</ele><time>2025-11-17T03:22:37Z</time><extensions><gpxtpx:TrackPointExtension><gpxtpx:cad>0</gpxtpx:cad></gpxtpx:TrackPointExtension></extensions></trkpt><trkpt lat="15.3529934026" lon="73.8782558218"><ele>1.10</ele><time>2025-11-17T03:22:42Z</time><extensions><gpxtpx:TrackPointExtension><gpxtpx:cad>0</gpxtpx:cad></gpxtpx:TrackPointExtension></extensions></trkpt><trkpt lat="15.3531651478" lon="73.8783004135"><ele>1.10</ele><time>2025-11-17T03:22:47Z</time><extensions><gpxtpx:TrackPointExtension><gpxtpx:cad>0</gpxtpx:cad></gpxtpx:TrackPointExtension></extensions></trkpt><trkpt lat="15.3533228952" lon="73.8783370424"><ele>0.62</ele><time>2025-11-17T03:22:52Z</time><extensions><gpxtpx:TrackPointExtension><gpxtpx:cad>0</gpxtpx:cad></gpxtpx:TrackPointExtension></extensions></trkpt><trkpt lat="15.3534804750" lon="73.8783767726"><ele>0.62</ele><time>2025-11-17T03:22:57Z</time><extensions><gpxtpx:TrackPointExtension><gpxtpx:cad>0</gpxtpx:cad></gpxtpx:TrackPointExtension></extensions></trkpt><trkpt lat="15.3536472749" lon="73.8784166705"><ele>0.62</ele><time>2025-11-17T03:23:02Z</time><extensions><gpxtpx:TrackPointExtension><gpxtpx:cad>0</gpxtpx:cad></gpxtpx:TrackPointExtension></extensions></trkpt><trkpt lat="15.3538267314" lon="73.8784594182"><ele>1.10</ele><time>2025-11-17T03:23:07Z</time><extensions><gpxtpx:TrackPointExtension><gpxtpx:cad>0</gpxtpx:cad></gpxtpx:TrackPointExtension></extensions></trkpt><trkpt lat="15.3539952077" lon="73.8785111345"><ele>0.62</ele><time>2025-11-17T03:23:12Z</time><extensions><gpxtpx:TrackPointExtension><gpxtpx:cad>0</gpxtpx:cad></gpxtpx:TrackPointExtension></extensions></trkpt><trkpt lat="15.3541439865" lon="73.8785650302"><ele>1.10</ele><time>2025-11-17T03:23:17Z</time><extensions><gpxtpx:TrackPointExtension><gpxtpx:cad>0</gpxtpx:cad></gpxtpx:TrackPointExtension></extensions></trkpt><trkpt lat="15.3543021530" lon="73.8786137290"><ele>1.10</ele><time>2025-11-17T03:23:22Z</time><extensions><gpxtpx:TrackPointExtension><gpxtpx:cad>0</gpxtpx:cad></gpxtpx:TrackPointExtension></extensions></trkpt><trkpt lat="15.3544722218" lon="73.8786490168"><ele>1.58</ele><time>2025-11-17T03:23:27Z</time><extensions><gpxtpx:TrackPointExtension><gpxtpx:cad>0</gpxtpx:cad></gpxtpx:TrackPointExtension></extensions></trkpt><trkpt lat="15.3546533547" lon="73.8786840532"><ele>1.58</ele><time>2025-11-17T03:23:32Z</time><extensions><gpxtpx:TrackPointExtension><gpxtpx:cad>0</gpxtpx:cad></gpxtpx:TrackPointExtension></extensions></trkpt><trkpt lat="15.3548191488" lon="73.8787289802"><ele>1.10</ele><time>2025-11-17T03:23:37Z</time><extensions><gpxtpx:TrackPointExtension><gpxtpx:cad>0</gpxtpx:cad></gpxtpx:TrackPointExtension></extensions></trkpt><trkpt lat="15.3549802490" lon="73.8787581492"><ele>0.62</ele><time>2025-11-17T03:23:42Z</time><extensions><gpxtpx:TrackPointExtension><gpxtpx:cad>0</gpxtpx:cad></gpxtpx:TrackPointExtension></extensions></trkpt><trkpt lat="15.3551504016" lon="73.8787730690"><ele>0.62</ele><time>2025-11-17T03:23:47Z</time><extensions><gpxtpx:TrackPointExtension><gpxtpx:cad>0</gpxtpx:cad></gpxtpx:TrackPointExtension></extensions></trkpt><trkpt lat="15.3553217277" lon="73.8787979633"><ele>0.62</ele><time>2025-11-17T03:23:52Z</time><extensions><gpxtpx:TrackPointExtension><gpxtpx:cad>0</gpxtpx:cad></gpxtpx:TrackPointExtension></extensions></trkpt><trkpt lat="15.3554871865" lon="73.8788215164"><ele>0.14</ele><time>2025-11-17T03:23:57Z</time><extensions><gpxtpx:TrackPointExtension><gpxtpx:cad>0</gpxtpx:cad></gpxtpx:TrackPointExtension></extensions></trkpt><trkpt lat="15.3556622844" lon="73.8788200077"><ele>0.62</ele><time>2025-11-17T03:24:02Z</time><extensions><gpxtpx:TrackPointExtension><gpxtpx:cad>0</gpxtpx:cad></gpxtpx:TrackPointExtension></extensions></trkpt><trkpt lat="15.3558394779" lon="73.8788129669"><ele>0.62</ele><time>2025-11-17T03:24:07Z</time><extensions><gpxtpx:TrackPointExtension><gpxtpx:cad>0</gpxtpx:cad></gpxtpx:TrackPointExtension></extensions></trkpt><trkpt lat="15.3560013324" lon="73.8788108714"><ele>0.62</ele><time>2025-11-17T03:24:12Z</time><extensions><gpxtpx:TrackPointExtension><gpxtpx:cad>0</gpxtpx:cad></gpxtpx:TrackPointExtension></extensions></trkpt><trkpt lat="15.3561603371" lon="73.8788033277"><ele>1.58</ele><time>2025-11-17T03:24:17Z</time><extensions><gpxtpx:TrackPointExtension><gpxtpx:cad>0</gpxtpx:cad></gpxtpx:TrackPointExtension></extensions></trkpt><trkpt lat="15.3563283943" lon="73.8787859771"><ele>1.58</ele><time>2025-11-17T03:24:22Z</time><extensions><gpxtpx:TrackPointExtension><gpxtpx:cad>0</gpxtpx:cad></gpxtpx:TrackPointExtension></extensions></trkpt><trkpt lat="15.3564996365" lon="73.8787464146"><ele>1.58</ele><time>2025-11-17T03:24:27Z</time><extensions><gpxtpx:TrackPointExtension><gpxtpx:cad>0</gpxtpx:cad></gpxtpx:TrackPointExtension></extensions></trkpt><trkpt lat="15.3566589765" lon="73.8786963746"><ele>1.58</ele><time>2025-11-17T03:24:32Z</time><extensions><gpxtpx:TrackPointExtension><gpxtpx:cad>0</gpxtpx:cad></gpxtpx:TrackPointExtension></extensions></trkpt><trkpt lat="15.3568172269" lon="73.8786452450"><ele>2.06</ele><time>2025-11-17T03:24:37Z</time><extensions><gpxtpx:TrackPointExtension><gpxtpx:cad>0</gpxtpx:cad></gpxtpx:TrackPointExtension></extensions></trkpt><trkpt lat="15.3569861222" lon="73.8785997313"><ele>2.54</ele><time>2025-11-17T03:24:42Z</time><extensions><gpxtpx:TrackPointExtension><gpxtpx:cad>0</gpxtpx:cad></gpxtpx:TrackPointExtension></extensions></trkpt><trkpt lat="15.3571479768" lon="73.8785525411"><ele>2.06</ele><time>2025-11-17T03:24:47Z</time><extensions><gpxtpx:TrackPointExtension><gpxtpx:cad>0</gpxtpx:cad></gpxtpx:TrackPointExtension></extensions></trkpt><trkpt lat="15.3573067300" lon="73.8784881681"><ele>2.06</ele><time>2025-11-17T03:24:52Z</time><extensions><gpxtpx:TrackPointExtension><gpxtpx:cad>0</gpxtpx:cad></gpxtpx:TrackPointExtension></extensions></trkpt><trkpt lat="15.3574645612" lon="73.8784117252"><ele>2.06</ele><time>2025-11-17T03:24:57Z</time><extensions><gpxtpx:TrackPointExtension><gpxtpx:cad>0</gpxtpx:cad></gpxtpx:TrackPointExtension></extensions></trkpt><trkpt lat="15.3576272540" lon="73.8783456758"><ele>2.54</ele><time>2025-11-17T03:25:02Z</time><extensions><gpxtpx:TrackPointExtension><gpxtpx:cad>0</gpxtpx:cad></gpxtpx:TrackPointExtension></extensions></trkpt><trkpt lat="15.3577685729" lon="73.8782478590"><ele>2.54</ele><time>2025-11-17T03:25:07Z</time><extensions><gpxtpx:TrackPointExtension><gpxtpx:cad>0</gpxtpx:cad></gpxtpx:TrackPointExtension></extensions></trkpt><trkpt lat="15.3579044435" lon="73.8781372178"><ele>2.54</ele><time>2025-11-17T03:25:12Z</time><extensions><gpxtpx:TrackPointExtension><gpxtpx:cad>0</gpxtpx:cad></gpxtpx:TrackPointExtension></extensions></trkpt><trkpt lat="15.3580507915" lon="73.8780469447"><ele>3.02</ele><time>2025-11-17T03:25:17Z</time><extensions><gpxtpx:TrackPointExtension><gpxtpx:cad>0</gpxtpx:cad></gpxtpx:TrackPointExtension></extensions></trkpt><trkpt lat="15.3581946250" lon="73.8779517263"><ele>3.02</ele><time>2025-11-17T03:25:22Z</time><extensions><gpxtpx:TrackPointExtension><gpxtpx:cad>0</gpxtpx:cad></gpxtpx:TrackPointExtension></extensions></trkpt><trkpt lat="15.3583286516" lon="73.8778476231"><ele>3.02</ele><time>2025-11-17T03:25:27Z</time><extensions><gpxtpx:TrackPointExtension><gpxtpx:cad>0</gpxtpx:cad></gpxtpx:TrackPointExtension></extensions></trkpt><trkpt lat="15.3584617563" lon="73.8777232356"><ele>3.50</ele><time>2025-11-17T03:25:32Z</time><extensions><gpxtpx:TrackPointExtension><gpxtpx:cad>0</gpxtpx:cad></gpxtpx:TrackPointExtension></extensions></trkpt><trkpt lat="15.3585949447" lon="73.8776208926"><ele>3.50</ele><time>2025-11-17T03:25:37Z</time><extensions><gpxtpx:TrackPointExtension><gpxtpx:cad>0</gpxtpx:cad></gpxtpx:TrackPointExtension></extensions></trkpt><trkpt lat="15.3587394487" lon="73.8775197230"><ele>3.50</ele><time>2025-11-17T03:25:42Z</time><extensions><gpxtpx:TrackPointExtension><gpxtpx:cad>0</gpxtpx:cad></gpxtpx:TrackPointExtension></extensions></trkpt><trkpt lat="15.3588863835" lon="73.8774139434"><ele>3.50</ele><time>2025-11-17T03:25:47Z</time><extensions><gpxtpx:TrackPointExtension><gpxtpx:cad>0</gpxtpx:cad></gpxtpx:TrackPointExtension></extensions></trkpt><trkpt lat="15.3590246011" lon="73.8773063198"><ele>3.02</ele><time>2025-11-17T03:25:52Z</time><extensions><gpxtpx:TrackPointExtension><gpxtpx:cad>0</gpxtpx:cad></gpxtpx:TrackPointExtension></extensions></trkpt><trkpt lat="15.3591672610" lon="73.8772089221"><ele>3.02</ele><time>2025-11-17T03:25:57Z</time><extensions><gpxtpx:TrackPointExtension><gpxtpx:cad>0</gpxtpx:cad></gpxtpx:TrackPointExtension></extensions></trkpt><trkpt lat="15.3593042213" lon="73.8771097641"><ele>3.02</ele><time>2025-11-17T03:26:02Z</time><extensions><gpxtpx:TrackPointExtension><gpxtpx:cad>0</gpxtpx:cad></gpxtpx:TrackPointExtension></extensions></trkpt><trkpt lat="15.3594493959" lon="73.8770072535"><ele>3.02</ele><time>2025-11-17T03:26:07Z</time><extensions><gpxtpx:TrackPointExtension><gpxtpx:cad>0</gpxtpx:cad></gpxtpx:TrackPointExtension></extensions></trkpt><trkpt lat="15.3595941514" lon="73.8769107778"><ele>3.02</ele><time>2025-11-17T03:26:12Z</time><extensions><gpxtpx:TrackPointExtension><gpxtpx:cad>0</gpxtpx:cad></gpxtpx:TrackPointExtension></extensions></trkpt><trkpt lat="15.3597354703" lon="73.8768112846"><ele>3.02</ele><time>2025-11-17T03:26:17Z</time><extensions><gpxtpx:TrackPointExtension><gpxtpx:cad>0</gpxtpx:cad></gpxtpx:TrackPointExtension></extensions></trkpt><trkpt lat="15.3598838300" lon="73.8767182454"><ele>3.02</ele><time>2025-11-17T03:26:22Z</time><extensions><gpxtpx:TrackPointExtension><gpxtpx:cad>0</gpxtpx:cad></gpxtpx:TrackPointExtension></extensions></trkpt><trkpt lat="15.3600348718" lon="73.8766202610"><ele>3.02</ele><time>2025-11-17T03:26:27Z</time><extensions><gpxtpx:TrackPointExtension><gpxtpx:cad>0</gpxtpx:cad></gpxtpx:TrackPointExtension></extensions></trkpt><trkpt lat="15.3601840697" lon="73.8765329216"><ele>3.02</ele><time>2025-11-17T03:26:32Z</time><extensions><gpxtpx:TrackPointExtension><gpxtpx:cad>0</gpxtpx:cad></gpxtpx:TrackPointExtension></extensions></trkpt><trkpt lat="15.3603206947" lon="73.8764331769"><ele>2.54</ele><time>2025-11-17T03:26:37Z</time><extensions><gpxtpx:TrackPointExtension><gpxtpx:cad>0</gpxtpx:cad></gpxtpx:TrackPointExtension></extensions></trkpt><trkpt lat="15.3604631033" lon="73.8763208594"><ele>2.06</ele><time>2025-11-17T03:26:42Z</time><extensions><gpxtpx:TrackPointExtension><gpxtpx:cad>0</gpxtpx:cad></gpxtpx:TrackPointExtension></extensions></trkpt><trkpt lat="15.3606105410" lon="73.8762188517"><ele>2.06</ele><time>2025-11-17T03:26:47Z</time><extensions><gpxtpx:TrackPointExtension><gpxtpx:cad>0</gpxtpx:cad></gpxtpx:TrackPointExtension></extensions></trkpt><trkpt lat="15.3607470822" lon="73.8761094678"><ele>2.06</ele><time>2025-11-17T03:26:52Z</time><extensions><gpxtpx:TrackPointExtension><gpxtpx:cad>0</gpxtpx:cad></gpxtpx:TrackPointExtension></extensions></trkpt><trkpt lat="15.3608715534" lon="73.8759825658"><ele>1.58</ele><time>2025-11-17T03:26:57Z</time><extensions><gpxtpx:TrackPointExtension><gpxtpx:cad>0</gpxtpx:cad></gpxtpx:TrackPointExtension></extensions></trkpt><trkpt lat="15.3610066697" lon="73.8758760318"><ele>1.58</ele><time>2025-11-17T03:27:02Z</time><extensions><gpxtpx:TrackPointExtension><gpxtpx:cad>0</gpxtpx:cad></gpxtpx:TrackPointExtension></extensions></trkpt><trkpt lat="15.3611666802" lon="73.8758107368"><ele>1.10</ele><time>2025-11-17T03:27:07Z</time><extensions><gpxtpx:TrackPointExtension><gpxtpx:cad>0</gpxtpx:cad></gpxtpx:TrackPointExtension></extensions></trkpt><trkpt lat="15.3613292892" lon="73.8757627085"><ele>1.10</ele><time>2025-11-17T03:27:12Z</time><extensions><gpxtpx:TrackPointExtension><gpxtpx:cad>0</gpxtpx:cad></gpxtpx:TrackPointExtension></extensions></trkpt><trkpt lat="15.3614986874" lon="73.8757236488"><ele>0.62</ele><time>2025-11-17T03:27:17Z</time><extensions><gpxtpx:TrackPointExtension><gpxtpx:cad>0</gpxtpx:cad></gpxtpx:TrackPointExtension></extensions></trkpt><trkpt lat="15.3616666608" lon="73.8756803144"><ele>0.62</ele><time>2025-11-17T03:27:22Z</time><extensions><gpxtpx:TrackPointExtension><gpxtpx:cad>0</gpxtpx:cad></gpxtpx:TrackPointExtension></extensions></trkpt><trkpt lat="15.3618357237" lon="73.8756434340"><ele>0.14</ele><time>2025-11-17T03:27:27Z</time><extensions><gpxtpx:TrackPointExtension><gpxtpx:cad>0</gpxtpx:cad></gpxtpx:TrackPointExtension></extensions></trkpt><trkpt lat="15.3619978298" lon="73.8756005187"><ele>0.62</ele><time>2025-11-17T03:27:32Z</time><extensions><gpxtpx:TrackPointExtension><gpxtpx:cad>0</gpxtpx:cad></gpxtpx:TrackPointExtension></extensions></trkpt><trkpt lat="15.3621642943" lon="73.8755455334"><ele>1.10</ele><time>2025-11-17T03:27:37Z</time><extensions><gpxtpx:TrackPointExtension><gpxtpx:cad>0</gpxtpx:cad></gpxtpx:TrackPointExtension></extensions></trkpt><trkpt lat="15.3623261489" lon="73.8754892070"><ele>1.58</ele><time>2025-11-17T03:27:42Z</time><extensions><gpxtpx:TrackPointExtension><gpxtpx:cad>0</gpxtpx:cad></gpxtpx:TrackPointExtension></extensions></trkpt><trkpt lat="15.3624911048" lon="73.8754282705"><ele>1.58</ele><time>2025-11-17T03:27:47Z</time><extensions><gpxtpx:TrackPointExtension><gpxtpx:cad>0</gpxtpx:cad></gpxtpx:TrackPointExtension></extensions></trkpt><trkpt lat="15.3626522887" lon="73.8753531687"><ele>1.58</ele><time>2025-11-17T03:27:52Z</time><extensions><gpxtpx:TrackPointExtension><gpxtpx:cad>0</gpxtpx:cad></gpxtpx:TrackPointExtension></extensions></trkpt><trkpt lat="15.3628112935" lon="73.8752808329"><ele>1.58</ele><time>2025-11-17T03:27:57Z</time><extensions><gpxtpx:TrackPointExtension><gpxtpx:cad>0</gpxtpx:cad></gpxtpx:TrackPointExtension></extensions></trkpt><trkpt lat="15.3629518580" lon="73.8751927391"><ele>1.10</ele><time>2025-11-17T03:28:02Z</time><extensions><gpxtpx:TrackPointExtension><gpxtpx:cad>0</gpxtpx:cad></gpxtpx:TrackPointExtension></extensions></trkpt><trkpt lat="15.3630608227" lon="73.8750566170"><ele>1.58</ele><time>2025-11-17T03:28:07Z</time><extensions><gpxtpx:TrackPointExtension><gpxtpx:cad>0</gpxtpx:cad></gpxtpx:TrackPointExtension></extensions></trkpt><trkpt lat="15.3631293867" lon="73.8748885598"><ele>0.62</ele><time>2025-11-17T03:28:12Z</time><extensions><gpxtpx:TrackPointExtension><gpxtpx:cad>0</gpxtpx:cad></gpxtpx:TrackPointExtension></extensions></trkpt><trkpt lat="15.3631763253" lon="73.8747155573"><ele>0.62</ele><time>2025-11-17T03:28:17Z</time><extensions><gpxtpx:TrackPointExtension><gpxtpx:cad>0</gpxtpx:cad></gpxtpx:TrackPointExtension></extensions></trkpt><trkpt lat="15.3632211685" lon="73.8745457400"><ele>0.62</ele><time>2025-11-17T03:28:22Z</time><extensions><gpxtpx:TrackPointExtension><gpxtpx:cad>0</gpxtpx:cad></gpxtpx:TrackPointExtension></extensions></trkpt><trkpt lat="15.3632349987" lon="73.8743632659"><ele>0.14</ele><time>2025-11-17T03:28:27Z</time><extensions><gpxtpx:TrackPointExtension><gpxtpx:cad>0</gpxtpx:cad></gpxtpx:TrackPointExtension></extensions></trkpt><trkpt lat="15.3632542770" lon="73.8741915207"><ele>0.62</ele><time>2025-11-17T03:28:32Z</time><extensions><gpxtpx:TrackPointExtension><gpxtpx:cad>0</gpxtpx:cad></gpxtpx:TrackPointExtension></extensions></trkpt><trkpt lat="15.3632593900" lon="73.8740046043"><ele>1.10</ele><time>2025-11-17T03:28:37Z</time><extensions><gpxtpx:TrackPointExtension><gpxtpx:cad>0</gpxtpx:cad></gpxtpx:TrackPointExtension></extensions></trkpt><trkpt lat="15.3632724658" lon="73.8738329429"><ele>1.10</ele><time>2025-11-17T03:28:42Z</time><extensions><gpxtpx:TrackPointExtension><gpxtpx:cad>0</gpxtpx:cad></gpxtpx:TrackPointExtension></extensions></trkpt><trkpt lat="15.3633014672" lon="73.8736599404"><ele>0.62</ele><time>2025-11-17T03:28:47Z</time><extensions><gpxtpx:TrackPointExtension><gpxtpx:cad>0</gpxtpx:cad></gpxtpx:TrackPointExtension></extensions></trkpt><trkpt lat="15.3633031435" lon="73.8734777179"><ele>0.62</ele><time>2025-11-17T03:28:52Z</time><extensions><gpxtpx:TrackPointExtension><gpxtpx:cad>0</gpxtpx:cad></gpxtpx:TrackPointExtension></extensions></trkpt><trkpt lat="15.3633221705" lon="73.8733054698"><ele>0.62</ele><time>2025-11-17T03:28:57Z</time><extensions><gpxtpx:TrackPointExtension><gpxtpx:cad>0</gpxtpx:cad></gpxtpx:TrackPointExtension></extensions></trkpt><trkpt lat="15.3633123636" lon="73.8731142785"><ele>0.62</ele><time>2025-11-17T03:29:02Z</time><extensions><gpxtpx:TrackPointExtension><gpxtpx:cad>0</gpxtpx:cad></gpxtpx:TrackPointExtension></extensions></trkpt><trkpt lat="15.3633147944" lon="73.8729386777"><ele>1.58</ele><time>2025-11-17T03:29:07Z</time><extensions><gpxtpx:TrackPointExtension><gpxtpx:cad>0</gpxtpx:cad></gpxtpx:TrackPointExtension></extensions></trkpt><trkpt lat="15.3633074183" lon="73.8727570418"><ele>1.10</ele><time>2025-11-17T03:29:12Z</time><extensions><gpxtpx:TrackPointExtension><gpxtpx:cad>0</gpxtpx:cad></gpxtpx:TrackPointExtension></extensions></trkpt><trkpt lat="15.3633047361" lon="73.8725741487"><ele>1.58</ele><time>2025-11-17T03:29:17Z</time><extensions><gpxtpx:TrackPointExtension><gpxtpx:cad>0</gpxtpx:cad></gpxtpx:TrackPointExtension></extensions></trkpt><trkpt lat="15.3633032274" lon="73.8723975420"><ele>1.10</ele><time>2025-11-17T03:29:22Z</time><extensions><gpxtpx:TrackPointExtension><gpxtpx:cad>0</gpxtpx:cad></gpxtpx:TrackPointExtension></extensions></trkpt><trkpt lat="15.3632920794" lon="73.8722179178"><ele>1.10</ele><time>2025-11-17T03:29:27Z</time><extensions><gpxtpx:TrackPointExtension><gpxtpx:cad>0</gpxtpx:cad></gpxtpx:TrackPointExtension></extensions></trkpt><trkpt lat="15.3632992040" lon="73.8720470946"><ele>1.10</ele><time>2025-11-17T03:29:32Z</time><extensions><gpxtpx:TrackPointExtension><gpxtpx:cad>0</gpxtpx:cad></gpxtpx:TrackPointExtension></extensions></trkpt><trkpt lat="15.3632946778" lon="73.8718606811"><ele>1.10</ele><time>2025-11-17T03:29:37Z</time><extensions><gpxtpx:TrackPointExtension><gpxtpx:cad>0</gpxtpx:cad></gpxtpx:TrackPointExtension></extensions></trkpt><trkpt lat="15.3633028921" lon="73.8716829848"><ele>1.58</ele><time>2025-11-17T03:29:42Z</time><extensions><gpxtpx:TrackPointExtension><gpxtpx:cad>0</gpxtpx:cad></gpxtpx:TrackPointExtension></extensions></trkpt><trkpt lat="15.3633165546" lon="73.8715058751"><ele>1.58</ele><time>2025-11-17T03:29:47Z</time><extensions><gpxtpx:TrackPointExtension><gpxtpx:cad>0</gpxtpx:cad></gpxtpx:TrackPointExtension></extensions></trkpt><trkpt lat="15.3633278701" lon="73.8713228982"><ele>2.06</ele><time>2025-11-17T03:29:52Z</time><extensions><gpxtpx:TrackPointExtension><gpxtpx:cad>0</gpxtpx:cad></gpxtpx:TrackPointExtension></extensions></trkpt><trkpt lat="15.3633396886" lon="73.8711475488"><ele>2.06</ele><time>2025-11-17T03:29:57Z</time><extensions><gpxtpx:TrackPointExtension><gpxtpx:cad>0</gpxtpx:cad></gpxtpx:TrackPointExtension></extensions></trkpt><trkpt lat="15.3633173928" lon="73.8709622249"><ele>2.06</ele><time>2025-11-17T03:30:02Z</time><extensions><gpxtpx:TrackPointExtension><gpxtpx:cad>0</gpxtpx:cad></gpxtpx:TrackPointExtension></extensions></trkpt><trkpt lat="15.3632992879" lon="73.8707961794"><ele>2.06</ele><time>2025-11-17T03:30:07Z</time><extensions><gpxtpx:TrackPointExtension><gpxtpx:cad>0</gpxtpx:cad></gpxtpx:TrackPointExtension></extensions></trkpt><trkpt lat="15.3632709570" lon="73.8706085924"><ele>2.06</ele><time>2025-11-17T03:30:12Z</time><extensions><gpxtpx:TrackPointExtension><gpxtpx:cad>0</gpxtpx:cad></gpxtpx:TrackPointExtension></extensions></trkpt><trkpt lat="15.3632277902" lon="73.8704265375"><ele>2.54</ele><time>2025-11-17T03:30:17Z</time><extensions><gpxtpx:TrackPointExtension><gpxtpx:cad>0</gpxtpx:cad></gpxtpx:TrackPointExtension></extensions></trkpt><trkpt lat="15.3631862160" lon="73.8702539541"><ele>2.54</ele><time>2025-11-17T03:30:22Z</time><extensions><gpxtpx:TrackPointExtension><gpxtpx:cad>0</gpxtpx:cad></gpxtpx:TrackPointExtension></extensions></trkpt><trkpt lat="15.3631271236" lon="73.8700810354"><ele>2.06</ele><time>2025-11-17T03:30:27Z</time><extensions><gpxtpx:TrackPointExtension><gpxtpx:cad>0</gpxtpx:cad></gpxtpx:TrackPointExtension></extensions></trkpt><trkpt lat="15.3630391974" lon="73.8699160796"><ele>2.54</ele><time>2025-11-17T03:30:32Z</time><extensions><gpxtpx:TrackPointExtension><gpxtpx:cad>0</gpxtpx:cad></gpxtpx:TrackPointExtension></extensions></trkpt><trkpt lat="15.3629340045" lon="73.8697676361"><ele>2.54</ele><time>2025-11-17T03:30:37Z</time><extensions><gpxtpx:TrackPointExtension><gpxtpx:cad>0</gpxtpx:cad></gpxtpx:TrackPointExtension></extensions></trkpt><trkpt lat="15.3628303204" lon="73.8696273230"><ele>2.06</ele><time>2025-11-17T03:30:42Z</time><extensions><gpxtpx:TrackPointExtension><gpxtpx:cad>0</gpxtpx:cad></gpxtpx:TrackPointExtension></extensions></trkpt><trkpt lat="15.3627428133" lon="73.8694735989"><ele>2.54</ele><time>2025-11-17T03:30:47Z</time><extensions><gpxtpx:TrackPointExtension><gpxtpx:cad>0</gpxtpx:cad></gpxtpx:TrackPointExtension></extensions></trkpt><trkpt lat="15.3626527917" lon="73.8693132531"><ele>2.54</ele><time>2025-11-17T03:30:52Z</time><extensions><gpxtpx:TrackPointExtension><gpxtpx:cad>0</gpxtpx:cad></gpxtpx:TrackPointExtension></extensions></trkpt><trkpt lat="15.3625768516" lon="73.8691575173"><ele>2.54</ele><time>2025-11-17T03:30:57Z</time><extensions><gpxtpx:TrackPointExtension><gpxtpx:cad>0</gpxtpx:cad></gpxtpx:TrackPointExtension></extensions></trkpt><trkpt lat="15.3625304159" lon="73.8689825870"><ele>3.02</ele><time>2025-11-17T03:31:02Z</time><extensions><gpxtpx:TrackPointExtension><gpxtpx:cad>0</gpxtpx:cad></gpxtpx:TrackPointExtension></extensions></trkpt><trkpt lat="15.3625085391" lon="73.8688010350"><ele>3.02</ele><time>2025-11-17T03:31:07Z</time><extensions><gpxtpx:TrackPointExtension><gpxtpx:cad>0</gpxtpx:cad></gpxtpx:TrackPointExtension></extensions></trkpt><trkpt lat="15.3625088744" lon="73.8686166331"><ele>3.50</ele><time>2025-11-17T03:31:12Z</time><extensions><gpxtpx:TrackPointExtension><gpxtpx:cad>0</gpxtpx:cad></gpxtpx:TrackPointExtension></extensions></trkpt><trkpt lat="15.3625202738" lon="73.8684398588"><ele>3.98</ele><time>2025-11-17T03:31:17Z</time><extensions><gpxtpx:TrackPointExtension><gpxtpx:cad>0</gpxtpx:cad></gpxtpx:TrackPointExtension></extensions></trkpt><trkpt lat="15.3625274822" lon="73.8682585582"><ele>3.98</ele><time>2025-11-17T03:31:22Z</time><extensions><gpxtpx:TrackPointExtension><gpxtpx:cad>0</gpxtpx:cad></gpxtpx:TrackPointExtension></extensions></trkpt><trkpt lat="15.3625682183" lon="73.8680879027"><ele>3.98</ele><time>2025-11-17T03:31:27Z</time><extensions><gpxtpx:TrackPointExtension><gpxtpx:cad>0</gpxtpx:cad></gpxtpx:TrackPointExtension></extensions></trkpt><trkpt lat="15.3625993989" lon="73.8679119665"><ele>3.50</ele><time>2025-11-17T03:31:32Z</time><extensions><gpxtpx:TrackPointExtension><gpxtpx:cad>0</gpxtpx:cad></gpxtpx:TrackPointExtension></extensions></trkpt><trkpt lat="15.3626328427" lon="73.8677361142"><ele>2.54</ele><time>2025-11-17T03:31:37Z</time><extensions><gpxtpx:TrackPointExtension><gpxtpx:cad>0</gpxtpx:cad></gpxtpx:TrackPointExtension></extensions></trkpt><trkpt lat="15.3626648616" lon="73.8675656263"><ele>2.06</ele><time>2025-11-17T03:31:42Z</time><extensions><gpxtpx:TrackPointExtension><gpxtpx:cad>0</gpxtpx:cad></gpxtpx:TrackPointExtension></extensions></trkpt><trkpt lat="15.3626910970" lon="73.8673782069"><ele>2.06</ele><time>2025-11-17T03:31:47Z</time><extensions><gpxtpx:TrackPointExtension><gpxtpx:cad>0</gpxtpx:cad></gpxtpx:TrackPointExtension></extensions></trkpt><trkpt lat="15.3627288155" lon="73.8672135863"><ele>2.06</ele><time>2025-11-17T03:31:52Z</time><extensions><gpxtpx:TrackPointExtension><gpxtpx:cad>0</gpxtpx:cad></gpxtpx:TrackPointExtension></extensions></trkpt><trkpt lat="15.3627603315" lon="73.8670339622"><ele>1.58</ele><time>2025-11-17T03:31:57Z</time><extensions><gpxtpx:TrackPointExtension><gpxtpx:cad>0</gpxtpx:cad></gpxtpx:TrackPointExtension></extensions></trkpt><trkpt lat="15.3627951164" lon="73.8668590318"><ele>1.58</ele><time>2025-11-17T03:32:02Z</time><extensions><gpxtpx:TrackPointExtension><gpxtpx:cad>0</gpxtpx:cad></gpxtpx:TrackPointExtension></extensions></trkpt><trkpt lat="15.3628418036" lon="73.8666908070"><ele>2.06</ele><time>2025-11-17T03:32:07Z</time><extensions><gpxtpx:TrackPointExtension><gpxtpx:cad>0</gpxtpx:cad></gpxtpx:TrackPointExtension></extensions></trkpt><trkpt lat="15.3628841322" lon="73.8665122725"><ele>1.58</ele><time>2025-11-17T03:32:12Z</time><extensions><gpxtpx:TrackPointExtension><gpxtpx:cad>0</gpxtpx:cad></gpxtpx:TrackPointExtension></extensions></trkpt><trkpt lat="15.3629379440" lon="73.8663511723"><ele>2.54</ele><time>2025-11-17T03:32:17Z</time><extensions><gpxtpx:TrackPointExtension><gpxtpx:cad>0</gpxtpx:cad></gpxtpx:TrackPointExtension></extensions></trkpt><trkpt lat="15.3629867267" lon="73.8661782537"><ele>2.54</ele><time>2025-11-17T03:32:22Z</time><extensions><gpxtpx:TrackPointExtension><gpxtpx:cad>0</gpxtpx:cad></gpxtpx:TrackPointExtension></extensions></trkpt><trkpt lat="15.3630132135" lon="73.8660058379"><ele>2.54</ele><time>2025-11-17T03:32:27Z</time><extensions><gpxtpx:TrackPointExtension><gpxtpx:cad>0</gpxtpx:cad></gpxtpx:TrackPointExtension></extensions></trkpt><trkpt lat="15.3630636726" lon="73.8658321649"><ele>2.54</ele><time>2025-11-17T03:32:32Z</time><extensions><gpxtpx:TrackPointExtension><gpxtpx:cad>0</gpxtpx:cad></gpxtpx:TrackPointExtension></extensions></trkpt><trkpt lat="15.3631199151" lon="73.8656660356"><ele>2.06</ele><time>2025-11-17T03:32:37Z</time><extensions><gpxtpx:TrackPointExtension><gpxtpx:cad>0</gpxtpx:cad></gpxtpx:TrackPointExtension></extensions></trkpt><trkpt lat="15.3631782532" lon="73.8654967211"><ele>2.54</ele><time>2025-11-17T03:32:42Z</time><extensions><gpxtpx:TrackPointExtension><gpxtpx:cad>0</gpxtpx:cad></gpxtpx:TrackPointExtension></extensions></trkpt><trkpt lat="15.3632340766" lon="73.8653262332"><ele>2.54</ele><time>2025-11-17T03:32:47Z</time><extensions><gpxtpx:TrackPointExtension><gpxtpx:cad>0</gpxtpx:cad></gpxtpx:TrackPointExtension></extensions></trkpt><trkpt lat="15.3632839490" lon="73.8651559129"><ele>2.54</ele><time>2025-11-17T03:32:52Z</time><extensions><gpxtpx:TrackPointExtension><gpxtpx:cad>0</gpxtpx:cad></gpxtpx:TrackPointExtension></extensions></trkpt><trkpt lat="15.3633238468" lon="73.8649789710"><ele>3.02</ele><time>2025-11-17T03:32:57Z</time><extensions><gpxtpx:TrackPointExtension><gpxtpx:cad>0</gpxtpx:cad></gpxtpx:TrackPointExtension></extensions></trkpt><trkpt lat="15.3633714560" lon="73.8648094051"><ele>3.02</ele><time>2025-11-17T03:33:02Z</time><extensions><gpxtpx:TrackPointExtension><gpxtpx:cad>0</gpxtpx:cad></gpxtpx:TrackPointExtension></extensions></trkpt><trkpt lat="15.3634050675" lon="73.8646255899"><ele>3.02</ele><time>2025-11-17T03:33:07Z</time><extensions><gpxtpx:TrackPointExtension><gpxtpx:cad>0</gpxtpx:cad></gpxtpx:TrackPointExtension></extensions></trkpt><trkpt lat="15.3634500783" lon="73.8644530065"><ele>3.98</ele><time>2025-11-17T03:33:12Z</time><extensions><gpxtpx:TrackPointExtension><gpxtpx:cad>0</gpxtpx:cad></gpxtpx:TrackPointExtension></extensions></trkpt><trkpt lat="15.3634978551" lon="73.8642798364"><ele>3.50</ele><time>2025-11-17T03:33:17Z</time><extensions><gpxtpx:TrackPointExtension><gpxtpx:cad>0</gpxtpx:cad></gpxtpx:TrackPointExtension></extensions></trkpt><trkpt lat="15.3635426145" lon="73.8641076721"><ele>3.50</ele><time>2025-11-17T03:33:22Z</time><extensions><gpxtpx:TrackPointExtension><gpxtpx:cad>0</gpxtpx:cad></gpxtpx:TrackPointExtension></extensions></trkpt><trkpt lat="15.3636051435" lon="73.8639409561"><ele>3.98</ele><time>2025-11-17T03:33:27Z</time><extensions><gpxtpx:TrackPointExtension><gpxtpx:cad>0</gpxtpx:cad></gpxtpx:TrackPointExtension></extensions></trkpt><trkpt lat="15.3636481427" lon="73.8637723960"><ele>3.50</ele><time>2025-11-17T03:33:32Z</time><extensions><gpxtpx:TrackPointExtension><gpxtpx:cad>0</gpxtpx:cad></gpxtpx:TrackPointExtension></extensions></trkpt><trkpt lat="15.3636960872" lon="73.8635967951"><ele>4.46</ele><time>2025-11-17T03:33:37Z</time><extensions><gpxtpx:TrackPointExtension><gpxtpx:cad>0</gpxtpx:cad></gpxtpx:TrackPointExtension></extensions></trkpt><trkpt lat="15.3637220711" lon="73.8634299953"><ele>3.50</ele><time>2025-11-17T03:33:42Z</time><extensions><gpxtpx:TrackPointExtension><gpxtpx:cad>0</gpxtpx:cad></gpxtpx:TrackPointExtension></extensions></trkpt><trkpt lat="15.3637290280" lon="73.8632445876"><ele>3.50</ele><time>2025-11-17T03:33:47Z</time><extensions><gpxtpx:TrackPointExtension><gpxtpx:cad>0</gpxtpx:cad></gpxtpx:TrackPointExtension></extensions></trkpt><trkpt lat="15.3637321293" lon="73.8630676456"><ele>3.98</ele><time>2025-11-17T03:33:52Z</time><extensions><gpxtpx:TrackPointExtension><gpxtpx:cad>0</gpxtpx:cad></gpxtpx:TrackPointExtension></extensions></trkpt><trkpt lat="15.3637145273" lon="73.8628813159"><ele>3.98</ele><time>2025-11-17T03:33:57Z</time><extensions><gpxtpx:TrackPointExtension><gpxtpx:cad>0</gpxtpx:cad></gpxtpx:TrackPointExtension></extensions></trkpt><trkpt lat="15.3636940755" lon="73.8627065532"><ele>3.98</ele><time>2025-11-17T03:34:02Z</time><extensions><gpxtpx:TrackPointExtension><gpxtpx:cad>0</gpxtpx:cad></gpxtpx:TrackPointExtension></extensions></trkpt><trkpt lat="15.3636695165" lon="73.8625296112"><ele>3.98</ele><time>2025-11-17T03:34:07Z</time><extensions><gpxtpx:TrackPointExtension><gpxtpx:cad>0</gpxtpx:cad></gpxtpx:TrackPointExtension></extensions></trkpt><trkpt lat="15.3636342287" lon="73.8623468857"><ele>3.98</ele><time>2025-11-17T03:34:12Z</time><extensions><gpxtpx:TrackPointExtension><gpxtpx:cad>0</gpxtpx:cad></gpxtpx:TrackPointExtension></extensions></trkpt><trkpt lat="15.3636106756" lon="73.8621783257"><ele>3.50</ele><time>2025-11-17T03:34:17Z</time><extensions><gpxtpx:TrackPointExtension><gpxtpx:cad>0</gpxtpx:cad></gpxtpx:TrackPointExtension></extensions></trkpt><trkpt lat="15.3635734599" lon="73.8619967736"><ele>2.54</ele><time>2025-11-17T03:34:22Z</time><extensions><gpxtpx:TrackPointExtension><gpxtpx:cad>0</gpxtpx:cad></gpxtpx:TrackPointExtension></extensions></trkpt><trkpt lat="15.3635470569" lon="73.8618209213"><ele>3.02</ele><time>2025-11-17T03:34:27Z</time><extensions><gpxtpx:TrackPointExtension><gpxtpx:cad>0</gpxtpx:cad></gpxtpx:TrackPointExtension></extensions></trkpt><trkpt lat="15.3635127749" lon="73.8616428897"><ele>2.54</ele><time>2025-11-17T03:34:32Z</time><extensions><gpxtpx:TrackPointExtension><gpxtpx:cad>0</gpxtpx:cad></gpxtpx:TrackPointExtension></extensions></trkpt><trkpt lat="15.3634783253" lon="73.8614601642"><ele>2.54</ele><time>2025-11-17T03:34:37Z</time><extensions><gpxtpx:TrackPointExtension><gpxtpx:cad>0</gpxtpx:cad></gpxtpx:TrackPointExtension></extensions></trkpt><trkpt lat="15.3634489886" lon="73.8612867426"><ele>2.54</ele><time>2025-11-17T03:34:42Z</time><extensions><gpxtpx:TrackPointExtension><gpxtpx:cad>0</gpxtpx:cad></gpxtpx:TrackPointExtension></extensions></trkpt><trkpt lat="15.3634197358" lon="73.8611077890"><ele>2.06</ele><time>2025-11-17T03:34:47Z</time><extensions><gpxtpx:TrackPointExtension><gpxtpx:cad>0</gpxtpx:cad></gpxtpx:TrackPointExtension></extensions></trkpt><trkpt lat="15.3633923270" lon="73.8609292544"><ele>3.02</ele><time>2025-11-17T03:34:52Z</time><extensions><gpxtpx:TrackPointExtension><gpxtpx:cad>0</gpxtpx:cad></gpxtpx:TrackPointExtension></extensions></trkpt><trkpt lat="15.3633639961" lon="73.8607625384"><ele>2.06</ele><time>2025-11-17T03:34:57Z</time><extensions><gpxtpx:TrackPointExtension><gpxtpx:cad>0</gpxtpx:cad></gpxtpx:TrackPointExtension></extensions></trkpt><trkpt lat="15.3633265290" lon="73.8605846744"><ele>1.58</ele><time>2025-11-17T03:35:02Z</time><extensions><gpxtpx:TrackPointExtension><gpxtpx:cad>0</gpxtpx:cad></gpxtpx:TrackPointExtension></extensions></trkpt><trkpt lat="15.3632966895" lon="73.8604120072"><ele>2.06</ele><time>2025-11-17T03:35:07Z</time><extensions><gpxtpx:TrackPointExtension><gpxtpx:cad>0</gpxtpx:cad></gpxtpx:TrackPointExtension></extensions></trkpt><trkpt lat="15.3632484935" lon="73.8602320477"><ele>1.58</ele><time>2025-11-17T03:35:12Z</time><extensions><gpxtpx:TrackPointExtension><gpxtpx:cad>0</gpxtpx:cad></gpxtpx:TrackPointExtension></extensions></trkpt><trkpt lat="15.3632137924" lon="73.8600497413"><ele>1.58</ele><time>2025-11-17T03:35:17Z</time><extensions><gpxtpx:TrackPointExtension><gpxtpx:cad>0</gpxtpx:cad></gpxtpx:TrackPointExtension></extensions></trkpt><trkpt lat="15.3631786723" lon="73.8598703686"><ele>1.58</ele><time>2025-11-17T03:35:22Z</time><extensions><gpxtpx:TrackPointExtension><gpxtpx:cad>0</gpxtpx:cad></gpxtpx:TrackPointExtension></extensions></trkpt><trkpt lat="15.3631327394" lon="73.8596927561"><ele>1.58</ele><time>2025-11-17T03:35:27Z</time><extensions><gpxtpx:TrackPointExtension><gpxtpx:cad>0</gpxtpx:cad></gpxtpx:TrackPointExtension></extensions></trkpt><trkpt lat="15.3630888183" lon="73.8595232740"><ele>1.58</ele><time>2025-11-17T03:35:32Z</time><extensions><gpxtpx:TrackPointExtension><gpxtpx:cad>0</gpxtpx:cad></gpxtpx:TrackPointExtension></extensions></trkpt><trkpt lat="15.3630445618" lon="73.8593420573"><ele>1.58</ele><time>2025-11-17T03:35:37Z</time><extensions><gpxtpx:TrackPointExtension><gpxtpx:cad>0</gpxtpx:cad></gpxtpx:TrackPointExtension></extensions></trkpt><trkpt lat="15.3630060051" lon="73.8591713179"><ele>2.06</ele><time>2025-11-17T03:35:42Z</time><extensions><gpxtpx:TrackPointExtension><gpxtpx:cad>0</gpxtpx:cad></gpxtpx:TrackPointExtension></extensions></trkpt><trkpt lat="15.3629543725" lon="73.8590009976"><ele>1.58</ele><time>2025-11-17T03:35:47Z</time><extensions><gpxtpx:TrackPointExtension><gpxtpx:cad>0</gpxtpx:cad></gpxtpx:TrackPointExtension></extensions></trkpt><trkpt lat="15.3628750797" lon="73.8588484470"><ele>1.58</ele><time>2025-11-17T03:35:52Z</time><extensions><gpxtpx:TrackPointExtension><gpxtpx:cad>0</gpxtpx:cad></gpxtpx:TrackPointExtension></extensions></trkpt><trkpt lat="15.3627937753" lon="73.8586985786"><ele>1.58</ele><time>2025-11-17T03:35:57Z</time><extensions><gpxtpx:TrackPointExtension><gpxtpx:cad>0</gpxtpx:cad></gpxtpx:TrackPointExtension></extensions></trkpt><trkpt lat="15.3626950365" lon="73.8585351314"><ele>1.10</ele><time>2025-11-17T03:36:02Z</time><extensions><gpxtpx:TrackPointExtension><gpxtpx:cad>0</gpxtpx:cad></gpxtpx:TrackPointExtension></extensions></trkpt><trkpt lat="15.3626206052" lon="73.8583777193"><ele>1.58</ele><time>2025-11-17T03:36:07Z</time><extensions><gpxtpx:TrackPointExtension><gpxtpx:cad>0</gpxtpx:cad></gpxtpx:TrackPointExtension></extensions></trkpt><trkpt lat="15.3625382949" lon="73.8582121767"><ele>1.58</ele><time>2025-11-17T03:36:12Z</time><extensions><gpxtpx:TrackPointExtension><gpxtpx:cad>0</gpxtpx:cad></gpxtpx:TrackPointExtension></extensions></trkpt><trkpt lat="15.3624513745" lon="73.8580598775"><ele>2.54</ele><time>2025-11-17T03:36:17Z</time><extensions><gpxtpx:TrackPointExtension><gpxtpx:cad>0</gpxtpx:cad></gpxtpx:TrackPointExtension></extensions></trkpt><trkpt lat="15.3623548150" lon="73.8579024654"><ele>2.06</ele><time>2025-11-17T03:36:22Z</time><extensions><gpxtpx:TrackPointExtension><gpxtpx:cad>0</gpxtpx:cad></gpxtpx:TrackPointExtension></extensions></trkpt><trkpt lat="15.3622566629" lon="73.8577414490"><ele>3.02</ele><time>2025-11-17T03:36:27Z</time><extensions><gpxtpx:TrackPointExtension><gpxtpx:cad>0</gpxtpx:cad></gpxtpx:TrackPointExtension></extensions></trkpt><trkpt lat="15.3621795494" lon="73.8575878087"><ele>3.02</ele><time>2025-11-17T03:36:32Z</time><extensions><gpxtpx:TrackPointExtension><gpxtpx:cad>0</gpxtpx:cad></gpxtpx:TrackPointExtension></extensions></trkpt><trkpt lat="15.3620793018" lon="73.8574325759"><ele>3.02</ele><time>2025-11-17T03:36:37Z</time><extensions><gpxtpx:TrackPointExtension><gpxtpx:cad>0</gpxtpx:cad></gpxtpx:TrackPointExtension></extensions></trkpt><trkpt lat="15.3620017692" lon="73.8572733197"><ele>2.54</ele><time>2025-11-17T03:36:42Z</time><extensions><gpxtpx:TrackPointExtension><gpxtpx:cad>0</gpxtpx:cad></gpxtpx:TrackPointExtension></extensions></trkpt><trkpt lat="15.3619444370" lon="73.8571015745"><ele>2.06</ele><time>2025-11-17T03:36:47Z</time><extensions><gpxtpx:TrackPointExtension><gpxtpx:cad>0</gpxtpx:cad></gpxtpx:TrackPointExtension></extensions></trkpt><trkpt lat="15.3618836682" lon="73.8569311704"><ele>2.06</ele><time>2025-11-17T03:36:52Z</time><extensions><gpxtpx:TrackPointExtension><gpxtpx:cad>0</gpxtpx:cad></gpxtpx:TrackPointExtension></extensions></trkpt><trkpt lat="15.3618061356" lon="73.8567613531"><ele>1.58</ele><time>2025-11-17T03:36:57Z</time><extensions><gpxtpx:TrackPointExtension><gpxtpx:cad>0</gpxtpx:cad></gpxtpx:TrackPointExtension></extensions></trkpt><trkpt lat="15.3617384098" lon="73.8565947209"><ele>2.06</ele><time>2025-11-17T03:37:02Z</time><extensions><gpxtpx:TrackPointExtension><gpxtpx:cad>0</gpxtpx:cad></gpxtpx:TrackPointExtension></extensions></trkpt><trkpt lat="15.3616550099" lon="73.8564380631"><ele>1.58</ele><time>2025-11-17T03:37:07Z</time><extensions><gpxtpx:TrackPointExtension><gpxtpx:cad>0</gpxtpx:cad></gpxtpx:TrackPointExtension></extensions></trkpt><trkpt lat="15.3615759686" lon="73.8562808186"><ele>1.58</ele><time>2025-11-17T03:37:12Z</time><extensions><gpxtpx:TrackPointExtension><gpxtpx:cad>0</gpxtpx:cad></gpxtpx:TrackPointExtension></extensions></trkpt><trkpt lat="15.3615047224" lon="73.8561251666"><ele>1.58</ele><time>2025-11-17T03:37:17Z</time><extensions><gpxtpx:TrackPointExtension><gpxtpx:cad>0</gpxtpx:cad></gpxtpx:TrackPointExtension></extensions></trkpt><trkpt lat="15.3614214901" lon="73.8559656590"><ele>1.58</ele><time>2025-11-17T03:37:22Z</time><extensions><gpxtpx:TrackPointExtension><gpxtpx:cad>0</gpxtpx:cad></gpxtpx:TrackPointExtension></extensions></trkpt><trkpt lat="15.3613474779" lon="73.8558020443"><ele>1.58</ele><time>2025-11-17T03:37:27Z</time><extensions><gpxtpx:TrackPointExtension><gpxtpx:cad>0</gpxtpx:cad></gpxtpx:TrackPointExtension></extensions></trkpt><trkpt lat="15.3612743039" lon="73.8556395192"><ele>1.58</ele><time>2025-11-17T03:37:32Z</time><extensions><gpxtpx:TrackPointExtension><gpxtpx:cad>0</gpxtpx:cad></gpxtpx:TrackPointExtension></extensions></trkpt><trkpt lat="15.3612022195" lon="73.8554743957"><ele>1.58</ele><time>2025-11-17T03:37:37Z</time><extensions><gpxtpx:TrackPointExtension><gpxtpx:cad>0</gpxtpx:cad></gpxtpx:TrackPointExtension></extensions></trkpt><trkpt lat="15.3611362539" lon="73.8553110324"><ele>1.58</ele><time>2025-11-17T03:37:42Z</time><extensions><gpxtpx:TrackPointExtension><gpxtpx:cad>0</gpxtpx:cad></gpxtpx:TrackPointExtension></extensions></trkpt><trkpt lat="15.3610734735" lon="73.8551445678"><ele>1.58</ele><time>2025-11-17T03:37:47Z</time><extensions><gpxtpx:TrackPointExtension><gpxtpx:cad>0</gpxtpx:cad></gpxtpx:TrackPointExtension></extensions></trkpt><trkpt lat="15.3610039037" lon="73.8549760077"><ele>2.06</ele><time>2025-11-17T03:37:52Z</time><extensions><gpxtpx:TrackPointExtension><gpxtpx:cad>0</gpxtpx:cad></gpxtpx:TrackPointExtension></extensions></trkpt><trkpt lat="15.3609314002" lon="73.8548120577"><ele>2.54</ele><time>2025-11-17T03:37:57Z</time><extensions><gpxtpx:TrackPointExtension><gpxtpx:cad>0</gpxtpx:cad></gpxtpx:TrackPointExtension></extensions></trkpt><trkpt lat="15.3608608246" lon="73.8546491135"><ele>2.54</ele><time>2025-11-17T03:38:02Z</time><extensions><gpxtpx:TrackPointExtension><gpxtpx:cad>0</gpxtpx:cad></gpxtpx:TrackPointExtension></extensions></trkpt><trkpt lat="15.3607905842" lon="73.8544848282"><ele>2.54</ele><time>2025-11-17T03:38:07Z</time><extensions><gpxtpx:TrackPointExtension><gpxtpx:cad>0</gpxtpx:cad></gpxtpx:TrackPointExtension></extensions></trkpt><trkpt lat="15.3607168235" lon="73.8543218840"><ele>2.06</ele><time>2025-11-17T03:38:12Z</time><extensions><gpxtpx:TrackPointExtension><gpxtpx:cad>0</gpxtpx:cad></gpxtpx:TrackPointExtension></extensions></trkpt><trkpt lat="15.3606431466" lon="73.8541571796"><ele>2.54</ele><time>2025-11-17T03:38:17Z</time><extensions><gpxtpx:TrackPointExtension><gpxtpx:cad>0</gpxtpx:cad></gpxtpx:TrackPointExtension></extensions></trkpt><trkpt lat="15.3605743311" lon="73.8539966661"><ele>2.54</ele><time>2025-11-17T03:38:22Z</time><extensions><gpxtpx:TrackPointExtension><gpxtpx:cad>0</gpxtpx:cad></gpxtpx:TrackPointExtension></extensions></trkpt><trkpt lat="15.3604868241" lon="73.8538310397"><ele>2.54</ele><time>2025-11-17T03:38:27Z</time><extensions><gpxtpx:TrackPointExtension><gpxtpx:cad>0</gpxtpx:cad></gpxtpx:TrackPointExtension></extensions></trkpt><trkpt lat="15.3604153264" lon="73.8536655810"><ele>2.54</ele><time>2025-11-17T03:38:32Z</time><extensions><gpxtpx:TrackPointExtension><gpxtpx:cad>0</gpxtpx:cad></gpxtpx:TrackPointExtension></extensions></trkpt><trkpt lat="15.3603374586" lon="73.8535044808"><ele>2.06</ele><time>2025-11-17T03:38:37Z</time><extensions><gpxtpx:TrackPointExtension><gpxtpx:cad>0</gpxtpx:cad></gpxtpx:TrackPointExtension></extensions></trkpt><trkpt lat="15.3602542263" lon="73.8533423748"><ele>2.06</ele><time>2025-11-17T03:38:42Z</time><extensions><gpxtpx:TrackPointExtension><gpxtpx:cad>0</gpxtpx:cad></gpxtpx:TrackPointExtension></extensions></trkpt><trkpt lat="15.3601770289" lon="73.8531849626"><ele>2.06</ele><time>2025-11-17T03:38:47Z</time><extensions><gpxtpx:TrackPointExtension><gpxtpx:cad>0</gpxtpx:cad></gpxtpx:TrackPointExtension></extensions></trkpt><trkpt lat="15.3601033520" lon="73.8530152291"><ele>2.06</ele><time>2025-11-17T03:38:52Z</time><extensions><gpxtpx:TrackPointExtension><gpxtpx:cad>0</gpxtpx:cad></gpxtpx:TrackPointExtension></extensions></trkpt><trkpt lat="15.3600404877" lon="73.8528412208"><ele>2.06</ele><time>2025-11-17T03:38:57Z</time><extensions><gpxtpx:TrackPointExtension><gpxtpx:cad>0</gpxtpx:cad></gpxtpx:TrackPointExtension></extensions></trkpt><trkpt lat="15.3599896096" lon="73.8526706491"><ele>1.58</ele><time>2025-11-17T03:39:02Z</time><extensions><gpxtpx:TrackPointExtension><gpxtpx:cad>0</gpxtpx:cad></gpxtpx:TrackPointExtension></extensions></trkpt><trkpt lat="15.3599101491" lon="73.8525020890"><ele>1.58</ele><time>2025-11-17T03:39:07Z</time><extensions><gpxtpx:TrackPointExtension><gpxtpx:cad>0</gpxtpx:cad></gpxtpx:TrackPointExtension></extensions></trkpt><trkpt lat="15.3598450217" lon="73.8523421623"><ele>2.06</ele><time>2025-11-17T03:39:12Z</time><extensions><gpxtpx:TrackPointExtension><gpxtpx:cad>0</gpxtpx:cad></gpxtpx:TrackPointExtension></extensions></trkpt><trkpt lat="15.3597772960" lon="73.8521685731"><ele>1.58</ele><time>2025-11-17T03:39:17Z</time><extensions><gpxtpx:TrackPointExtension><gpxtpx:cad>0</gpxtpx:cad></gpxtpx:TrackPointExtension></extensions></trkpt><trkpt lat="15.3597337939" lon="73.8520029467"><ele>1.58</ele><time>2025-11-17T03:39:22Z</time><extensions><gpxtpx:TrackPointExtension><gpxtpx:cad>0</gpxtpx:cad></gpxtpx:TrackPointExtension></extensions></trkpt><trkpt lat="15.3596673254" lon="73.8518278487"><ele>2.06</ele><time>2025-11-17T03:39:27Z</time><extensions><gpxtpx:TrackPointExtension><gpxtpx:cad>0</gpxtpx:cad></gpxtpx:TrackPointExtension></extensions></trkpt><trkpt lat="15.3596192971" lon="73.8516580313"><ele>3.02</ele><time>2025-11-17T03:39:32Z</time><extensions><gpxtpx:TrackPointExtension><gpxtpx:cad>0</gpxtpx:cad></gpxtpx:TrackPointExtension></extensions></trkpt><trkpt lat="15.3595684189" lon="73.8514810894"><ele>3.02</ele><time>2025-11-17T03:39:37Z</time><extensions><gpxtpx:TrackPointExtension><gpxtpx:cad>0</gpxtpx:cad></gpxtpx:TrackPointExtension></extensions></trkpt><trkpt lat="15.3594946582" lon="73.8513199892"><ele>2.54</ele><time>2025-11-17T03:39:42Z</time><extensions><gpxtpx:TrackPointExtension><gpxtpx:cad>0</gpxtpx:cad></gpxtpx:TrackPointExtension></extensions></trkpt><trkpt lat="15.3594304528" lon="73.8511424605"><ele>1.58</ele><time>2025-11-17T03:39:47Z</time><extensions><gpxtpx:TrackPointExtension><gpxtpx:cad>0</gpxtpx:cad></gpxtpx:TrackPointExtension></extensions></trkpt><trkpt lat="15.3593516629" lon="73.8509812765"><ele>1.58</ele><time>2025-11-17T03:39:52Z</time><extensions><gpxtpx:TrackPointExtension><gpxtpx:cad>0</gpxtpx:cad></gpxtpx:TrackPointExtension></extensions></trkpt><trkpt lat="15.3592702746" lon="73.8508209307"><ele>1.10</ele><time>2025-11-17T03:39:57Z</time><extensions><gpxtpx:TrackPointExtension><gpxtpx:cad>0</gpxtpx:cad></gpxtpx:TrackPointExtension></extensions></trkpt><trkpt lat="15.3592136130" lon="73.8506600820"><ele>2.06</ele><time>2025-11-17T03:40:02Z</time><extensions><gpxtpx:TrackPointExtension><gpxtpx:cad>0</gpxtpx:cad></gpxtpx:TrackPointExtension></extensions></trkpt><trkpt lat="15.3591451328" lon="73.8504989818"><ele>1.58</ele><time>2025-11-17T03:40:07Z</time><extensions><gpxtpx:TrackPointExtension><gpxtpx:cad>0</gpxtpx:cad></gpxtpx:TrackPointExtension></extensions></trkpt><trkpt lat="15.3590705339" lon="73.8503324334"><ele>2.06</ele><time>2025-11-17T03:40:12Z</time><extensions><gpxtpx:TrackPointExtension><gpxtpx:cad>0</gpxtpx:cad></gpxtpx:TrackPointExtension></extensions></trkpt><trkpt lat="15.3589866310" lon="73.8501727581"><ele>1.58</ele><time>2025-11-17T03:40:17Z</time><extensions><gpxtpx:TrackPointExtension><gpxtpx:cad>0</gpxtpx:cad></gpxtpx:TrackPointExtension></extensions></trkpt><trkpt lat="15.3589231800" lon="73.8500074670"><ele>2.06</ele><time>2025-11-17T03:40:22Z</time><extensions><gpxtpx:TrackPointExtension><gpxtpx:cad>0</gpxtpx:cad></gpxtpx:TrackPointExtension></extensions></trkpt><trkpt lat="15.3588539455" lon="73.8498428464"><ele>2.54</ele><time>2025-11-17T03:40:27Z</time><extensions><gpxtpx:TrackPointExtension><gpxtpx:cad>0</gpxtpx:cad></gpxtpx:TrackPointExtension></extensions></trkpt><trkpt lat="15.3587749042" lon="73.8496845961"><ele>2.54</ele><time>2025-11-17T03:40:32Z</time><extensions><gpxtpx:TrackPointExtension><gpxtpx:cad>0</gpxtpx:cad></gpxtpx:TrackPointExtension></extensions></trkpt><trkpt lat="15.3587043285" lon="73.8495197240"><ele>2.54</ele><time>2025-11-17T03:40:37Z</time><extensions><gpxtpx:TrackPointExtension><gpxtpx:cad>0</gpxtpx:cad></gpxtpx:TrackPointExtension></extensions></trkpt><trkpt lat="15.3586495109" lon="73.8493460510"><ele>3.02</ele><time>2025-11-17T03:40:42Z</time><extensions><gpxtpx:TrackPointExtension><gpxtpx:cad>0</gpxtpx:cad></gpxtpx:TrackPointExtension></extensions></trkpt><trkpt lat="15.3585890774" lon="73.8491726294"><ele>3.50</ele><time>2025-11-17T03:40:47Z</time><extensions><gpxtpx:TrackPointExtension><gpxtpx:cad>0</gpxtpx:cad></gpxtpx:TrackPointExtension></extensions></trkpt><trkpt lat="15.3585354332" lon="73.8489928376"><ele>3.02</ele><time>2025-11-17T03:40:52Z</time><extensions><gpxtpx:TrackPointExtension><gpxtpx:cad>0</gpxtpx:cad></gpxtpx:TrackPointExtension></extensions></trkpt><trkpt lat="15.3584568109" lon="73.8488231041"><ele>3.02</ele><time>2025-11-17T03:40:57Z</time><extensions><gpxtpx:TrackPointExtension><gpxtpx:cad>0</gpxtpx:cad></gpxtpx:TrackPointExtension></extensions></trkpt><trkpt lat="15.3583920188" lon="73.8486575615"><ele>3.02</ele><time>2025-11-17T03:41:02Z</time><extensions><gpxtpx:TrackPointExtension><gpxtpx:cad>0</gpxtpx:cad></gpxtpx:TrackPointExtension></extensions></trkpt><trkpt lat="15.3583439905" lon="73.8484812062"><ele>3.02</ele><time>2025-11-17T03:41:07Z</time><extensions><gpxtpx:TrackPointExtension><gpxtpx:cad>0</gpxtpx:cad></gpxtpx:TrackPointExtension></extensions></trkpt><trkpt lat="15.3582863230" lon="73.8483066950"><ele>2.54</ele><time>2025-11-17T03:41:12Z</time><extensions><gpxtpx:TrackPointExtension><gpxtpx:cad>0</gpxtpx:cad></gpxtpx:TrackPointExtension></extensions></trkpt><trkpt lat="15.3582226206" lon="73.8481297530"><ele>2.54</ele><time>2025-11-17T03:41:17Z</time><extensions><gpxtpx:TrackPointExtension><gpxtpx:cad>0</gpxtpx:cad></gpxtpx:TrackPointExtension></extensions></trkpt><trkpt lat="15.3581440821" lon="73.8479680661"><ele>3.02</ele><time>2025-11-17T03:41:22Z</time><extensions><gpxtpx:TrackPointExtension><gpxtpx:cad>0</gpxtpx:cad></gpxtpx:TrackPointExtension></extensions></trkpt><trkpt lat="15.3580750991" lon="73.8478029426"><ele>3.02</ele><time>2025-11-17T03:41:27Z</time><extensions><gpxtpx:TrackPointExtension><gpxtpx:cad>0</gpxtpx:cad></gpxtpx:TrackPointExtension></extensions></trkpt><trkpt lat="15.3580010869" lon="73.8476361427"><ele>3.02</ele><time>2025-11-17T03:41:32Z</time><extensions><gpxtpx:TrackPointExtension><gpxtpx:cad>0</gpxtpx:cad></gpxtpx:TrackPointExtension></extensions></trkpt><trkpt lat="15.3579402342" lon="73.8474727795"><ele>2.54</ele><time>2025-11-17T03:41:37Z</time><extensions><gpxtpx:TrackPointExtension><gpxtpx:cad>0</gpxtpx:cad></gpxtpx:TrackPointExtension></extensions></trkpt><trkpt lat="15.3578831535" lon="73.8472967595"><ele>2.54</ele><time>2025-11-17T03:41:42Z</time><extensions><gpxtpx:TrackPointExtension><gpxtpx:cad>0</gpxtpx:cad></gpxtpx:TrackPointExtension></extensions></trkpt><trkpt lat="15.3578399867" lon="73.8471218292"><ele>3.02</ele><time>2025-11-17T03:41:47Z</time><extensions><gpxtpx:TrackPointExtension><gpxtpx:cad>0</gpxtpx:cad></gpxtpx:TrackPointExtension></extensions></trkpt><trkpt lat="15.3577875998" lon="73.8469463959"><ele>3.02</ele><time>2025-11-17T03:41:52Z</time><extensions><gpxtpx:TrackPointExtension><gpxtpx:cad>0</gpxtpx:cad></gpxtpx:TrackPointExtension></extensions></trkpt><trkpt lat="15.3577375598" lon="73.8467675261"><ele>3.02</ele><time>2025-11-17T03:41:57Z</time><extensions><gpxtpx:TrackPointExtension><gpxtpx:cad>0</gpxtpx:cad></gpxtpx:TrackPointExtension></extensions></trkpt><trkpt lat="15.3576933872" lon="73.8465920091"><ele>3.02</ele><time>2025-11-17T03:42:02Z</time><extensions><gpxtpx:TrackPointExtension><gpxtpx:cad>0</gpxtpx:cad></gpxtpx:TrackPointExtension></extensions></trkpt><trkpt lat="15.3576538246" lon="73.8464057632"><ele>3.02</ele><time>2025-11-17T03:42:07Z</time><extensions><gpxtpx:TrackPointExtension><gpxtpx:cad>0</gpxtpx:cad></gpxtpx:TrackPointExtension></extensions></trkpt><trkpt lat="15.3576312773" lon="73.8462275639"><ele>3.02</ele><time>2025-11-17T03:42:12Z</time><extensions><gpxtpx:TrackPointExtension><gpxtpx:cad>0</gpxtpx:cad></gpxtpx:TrackPointExtension></extensions></trkpt><trkpt lat="15.3575928882" lon="73.8460424077"><ele>3.02</ele><time>2025-11-17T03:42:17Z</time><extensions><gpxtpx:TrackPointExtension><gpxtpx:cad>0</gpxtpx:cad></gpxtpx:TrackPointExtension></extensions></trkpt><trkpt lat="15.3575658146" lon="73.8458643761"><ele>3.02</ele><time>2025-11-17T03:42:22Z</time><extensions><gpxtpx:TrackPointExtension><gpxtpx:cad>0</gpxtpx:cad></gpxtpx:TrackPointExtension></extensions></trkpt><trkpt lat="15.3575322870" lon="73.8456833269"><ele>2.54</ele><time>2025-11-17T03:42:27Z</time><extensions><gpxtpx:TrackPointExtension><gpxtpx:cad>0</gpxtpx:cad></gpxtpx:TrackPointExtension></extensions></trkpt><trkpt lat="15.3574948199" lon="73.8455058821"><ele>2.54</ele><time>2025-11-17T03:42:32Z</time><extensions><gpxtpx:TrackPointExtension><gpxtpx:cad>0</gpxtpx:cad></gpxtpx:TrackPointExtension></extensions></trkpt><trkpt lat="15.3574560955" lon="73.8453312032"><ele>2.54</ele><time>2025-11-17T03:42:37Z</time><extensions><gpxtpx:TrackPointExtension><gpxtpx:cad>0</gpxtpx:cad></gpxtpx:TrackPointExtension></extensions></trkpt><trkpt lat="15.3574266750" lon="73.8451482262"><ele>2.54</ele><time>2025-11-17T03:42:42Z</time><extensions><gpxtpx:TrackPointExtension><gpxtpx:cad>0</gpxtpx:cad></gpxtpx:TrackPointExtension></extensions></trkpt><trkpt lat="15.3573962487" lon="73.8449771516"><ele>2.06</ele><time>2025-11-17T03:42:47Z</time><extensions><gpxtpx:TrackPointExtension><gpxtpx:cad>0</gpxtpx:cad></gpxtpx:TrackPointExtension></extensions></trkpt><trkpt lat="15.3573710192" lon="73.8448022213"><ele>2.54</ele><time>2025-11-17T03:42:52Z</time><extensions><gpxtpx:TrackPointExtension><gpxtpx:cad>0</gpxtpx:cad></gpxtpx:TrackPointExtension></extensions></trkpt><trkpt lat="15.3573453706" lon="73.8446205854"><ele>2.06</ele><time>2025-11-17T03:42:57Z</time><extensions><gpxtpx:TrackPointExtension><gpxtpx:cad>0</gpxtpx:cad></gpxtpx:TrackPointExtension></extensions></trkpt><trkpt lat="15.3573260084" lon="73.8444347586"><ele>2.54</ele><time>2025-11-17T03:43:02Z</time><extensions><gpxtpx:TrackPointExtension><gpxtpx:cad>0</gpxtpx:cad></gpxtpx:TrackPointExtension></extensions></trkpt><trkpt lat="15.3573170397" lon="73.8442553859"><ele>2.54</ele><time>2025-11-17T03:43:07Z</time><extensions><gpxtpx:TrackPointExtension><gpxtpx:cad>0</gpxtpx:cad></gpxtpx:TrackPointExtension></extensions></trkpt><trkpt lat="15.3572840150" lon="73.8440764323"><ele>2.54</ele><time>2025-11-17T03:43:12Z</time><extensions><gpxtpx:TrackPointExtension><gpxtpx:cad>0</gpxtpx:cad></gpxtpx:TrackPointExtension></extensions></trkpt><trkpt lat="15.3572434466" lon="73.8439012505"><ele>2.54</ele><time>2025-11-17T03:43:17Z</time><extensions><gpxtpx:TrackPointExtension><gpxtpx:cad>0</gpxtpx:cad></gpxtpx:TrackPointExtension></extensions></trkpt><trkpt lat="15.3572241683" lon="73.8437236380"><ele>2.54</ele><time>2025-11-17T03:43:22Z</time><extensions><gpxtpx:TrackPointExtension><gpxtpx:cad>0</gpxtpx:cad></gpxtpx:TrackPointExtension></extensions></trkpt><trkpt lat="15.3571980167" lon="73.8435356319"><ele>3.02</ele><time>2025-11-17T03:43:27Z</time><extensions><gpxtpx:TrackPointExtension><gpxtpx:cad>0</gpxtpx:cad></gpxtpx:TrackPointExtension></extensions></trkpt><trkpt lat="15.3571859468" lon="73.8433579355"><ele>3.50</ele><time>2025-11-17T03:43:32Z</time><extensions><gpxtpx:TrackPointExtension><gpxtpx:cad>0</gpxtpx:cad></gpxtpx:TrackPointExtension></extensions></trkpt><trkpt lat="15.3571529221" lon="73.8431747071"><ele>3.02</ele><time>2025-11-17T03:43:37Z</time><extensions><gpxtpx:TrackPointExtension><gpxtpx:cad>0</gpxtpx:cad></gpxtpx:TrackPointExtension></extensions></trkpt><trkpt lat="15.3571187239" lon="73.8430033810"><ele>3.50</ele><time>2025-11-17T03:43:42Z</time><extensions><gpxtpx:TrackPointExtension><gpxtpx:cad>0</gpxtpx:cad></gpxtpx:TrackPointExtension></extensions></trkpt><trkpt lat="15.3570937458" lon="73.8428219128"><ele>3.02</ele><time>2025-11-17T03:43:47Z</time><extensions><gpxtpx:TrackPointExtension><gpxtpx:cad>0</gpxtpx:cad></gpxtpx:TrackPointExtension></extensions></trkpt><trkpt lat="15.3570481483" lon="73.8426403608"><ele>3.50</ele><time>2025-11-17T03:43:52Z</time><extensions><gpxtpx:TrackPointExtension><gpxtpx:cad>0</gpxtpx:cad></gpxtpx:TrackPointExtension></extensions></trkpt><trkpt lat="15.3570240084" lon="73.8424669392"><ele>3.50</ele><time>2025-11-17T03:43:57Z</time><extensions><gpxtpx:TrackPointExtension><gpxtpx:cad>0</gpxtpx:cad></gpxtpx:TrackPointExtension></extensions></trkpt><trkpt lat="15.3569926601" lon="73.8422756642"><ele>3.50</ele><time>2025-11-17T03:44:02Z</time><extensions><gpxtpx:TrackPointExtension><gpxtpx:cad>0</gpxtpx:cad></gpxtpx:TrackPointExtension></extensions></trkpt><trkpt lat="15.3569613118" lon="73.8421011530"><ele>3.02</ele><time>2025-11-17T03:44:07Z</time><extensions><gpxtpx:TrackPointExtension><gpxtpx:cad>0</gpxtpx:cad></gpxtpx:TrackPointExtension></extensions></trkpt><trkpt lat="15.3569139540" lon="73.8419277314"><ele>3.02</ele><time>2025-11-17T03:44:12Z</time><extensions><gpxtpx:TrackPointExtension><gpxtpx:cad>0</gpxtpx:cad></gpxtpx:TrackPointExtension></extensions></trkpt><trkpt lat="15.3568859585" lon="73.8417514600"><ele>3.02</ele><time>2025-11-17T03:44:17Z</time><extensions><gpxtpx:TrackPointExtension><gpxtpx:cad>0</gpxtpx:cad></gpxtpx:TrackPointExtension></extensions></trkpt><trkpt lat="15.3568705358" lon="73.8415739313"><ele>3.02</ele><time>2025-11-17T03:44:22Z</time><extensions><gpxtpx:TrackPointExtension><gpxtpx:cad>0</gpxtpx:cad></gpxtpx:TrackPointExtension></extensions></trkpt><trkpt lat="15.3568535205" lon="73.8413901161"><ele>3.50</ele><time>2025-11-17T03:44:27Z</time><extensions><gpxtpx:TrackPointExtension><gpxtpx:cad>0</gpxtpx:cad></gpxtpx:TrackPointExtension></extensions></trkpt><trkpt lat="15.3568344098" lon="73.8412066363"><ele>3.50</ele><time>2025-11-17T03:44:32Z</time><extensions><gpxtpx:TrackPointExtension><gpxtpx:cad>0</gpxtpx:cad></gpxtpx:TrackPointExtension></extensions></trkpt><trkpt lat="15.3568115272" lon="73.8410304487"><ele>3.50</ele><time>2025-11-17T03:44:37Z</time><extensions><gpxtpx:TrackPointExtension><gpxtpx:cad>0</gpxtpx:cad></gpxtpx:TrackPointExtension></extensions></trkpt><trkpt lat="15.3567809332" lon="73.8408445381"><ele>3.50</ele><time>2025-11-17T03:44:42Z</time><extensions><gpxtpx:TrackPointExtension><gpxtpx:cad>0</gpxtpx:cad></gpxtpx:TrackPointExtension></extensions></trkpt><trkpt lat="15.3567598108" lon="73.8406633213"><ele>3.50</ele><time>2025-11-17T03:44:47Z</time><extensions><gpxtpx:TrackPointExtension><gpxtpx:cad>0</gpxtpx:cad></gpxtpx:TrackPointExtension></extensions></trkpt><trkpt lat="15.3567498364" lon="73.8404893130"><ele>3.50</ele><time>2025-11-17T03:44:52Z</time><extensions><gpxtpx:TrackPointExtension><gpxtpx:cad>0</gpxtpx:cad></gpxtpx:TrackPointExtension></extensions></trkpt><trkpt lat="15.3567391913" lon="73.8403033186"><ele>3.02</ele><time>2025-11-17T03:44:57Z</time><extensions><gpxtpx:TrackPointExtension><gpxtpx:cad>0</gpxtpx:cad></gpxtpx:TrackPointExtension></extensions></trkpt><trkpt lat="15.3567429632" lon="73.8401137199"><ele>3.02</ele><time>2025-11-17T03:45:02Z</time><extensions><gpxtpx:TrackPointExtension><gpxtpx:cad>0</gpxtpx:cad></gpxtpx:TrackPointExtension></extensions></trkpt><trkpt lat="15.3567398619" lon="73.8399361074"><ele>2.54</ele><time>2025-11-17T03:45:07Z</time><extensions><gpxtpx:TrackPointExtension><gpxtpx:cad>0</gpxtpx:cad></gpxtpx:TrackPointExtension></extensions></trkpt><trkpt lat="15.3567280434" lon="73.8397536334"><ele>2.06</ele><time>2025-11-17T03:45:12Z</time><extensions><gpxtpx:TrackPointExtension><gpxtpx:cad>0</gpxtpx:cad></gpxtpx:TrackPointExtension></extensions></trkpt><trkpt lat="15.3567315638" lon="73.8395697344"><ele>2.54</ele><time>2025-11-17T03:45:17Z</time><extensions><gpxtpx:TrackPointExtension><gpxtpx:cad>0</gpxtpx:cad></gpxtpx:TrackPointExtension></extensions></trkpt><trkpt lat="15.3567447234" lon="73.8393840753"><ele>2.06</ele><time>2025-11-17T03:45:22Z</time><extensions><gpxtpx:TrackPointExtension><gpxtpx:cad>0</gpxtpx:cad></gpxtpx:TrackPointExtension></extensions></trkpt><trkpt lat="15.3567456454" lon="73.8391958177"><ele>1.58</ele><time>2025-11-17T03:45:27Z</time><extensions><gpxtpx:TrackPointExtension><gpxtpx:cad>0</gpxtpx:cad></gpxtpx:TrackPointExtension></extensions></trkpt><trkpt lat="15.3567515127" lon="73.8390216418"><ele>1.10</ele><time>2025-11-17T03:45:32Z</time><extensions><gpxtpx:TrackPointExtension><gpxtpx:cad>0</gpxtpx:cad></gpxtpx:TrackPointExtension></extensions></trkpt><trkpt lat="15.3567510936" lon="73.8388373237"><ele>1.58</ele><time>2025-11-17T03:45:37Z</time><extensions><gpxtpx:TrackPointExtension><gpxtpx:cad>0</gpxtpx:cad></gpxtpx:TrackPointExtension></extensions></trkpt><trkpt lat="15.3567427117" lon="73.8386525027"><ele>2.06</ele><time>2025-11-17T03:45:42Z</time><extensions><gpxtpx:TrackPointExtension><gpxtpx:cad>0</gpxtpx:cad></gpxtpx:TrackPointExtension></extensions></trkpt><trkpt lat="15.3567412030" lon="73.8384722918"><ele>2.06</ele><time>2025-11-17T03:45:47Z</time><extensions><gpxtpx:TrackPointExtension><gpxtpx:cad>0</gpxtpx:cad></gpxtpx:TrackPointExtension></extensions></trkpt><trkpt lat="15.3567398619" lon="73.8382846210"><ele>2.06</ele><time>2025-11-17T03:45:52Z</time><extensions><gpxtpx:TrackPointExtension><gpxtpx:cad>0</gpxtpx:cad></gpxtpx:TrackPointExtension></extensions></trkpt><trkpt lat="15.3567562066" lon="73.8381061703"><ele>2.54</ele><time>2025-11-17T03:45:57Z</time><extensions><gpxtpx:TrackPointExtension><gpxtpx:cad>0</gpxtpx:cad></gpxtpx:TrackPointExtension></extensions></trkpt><trkpt lat="15.3567564581" lon="73.8379178289"><ele>2.54</ele><time>2025-11-17T03:46:02Z</time><extensions><gpxtpx:TrackPointExtension><gpxtpx:cad>0</gpxtpx:cad></gpxtpx:TrackPointExtension></extensions></trkpt><trkpt lat="15.3567558713" lon="73.8377331756"><ele>3.02</ele><time>2025-11-17T03:46:07Z</time><extensions><gpxtpx:TrackPointExtension><gpxtpx:cad>0</gpxtpx:cad></gpxtpx:TrackPointExtension></extensions></trkpt><trkpt lat="15.3567511775" lon="73.8375538867"><ele>2.54</ele><time>2025-11-17T03:46:12Z</time><extensions><gpxtpx:TrackPointExtension><gpxtpx:cad>0</gpxtpx:cad></gpxtpx:TrackPointExtension></extensions></trkpt><trkpt lat="15.3567286301" lon="73.8373639528"><ele>2.54</ele><time>2025-11-17T03:46:17Z</time><extensions><gpxtpx:TrackPointExtension><gpxtpx:cad>0</gpxtpx:cad></gpxtpx:TrackPointExtension></extensions></trkpt><trkpt lat="15.3567146324" lon="73.8371886872"><ele>2.54</ele><time>2025-11-17T03:46:22Z</time><extensions><gpxtpx:TrackPointExtension><gpxtpx:cad>0</gpxtpx:cad></gpxtpx:TrackPointExtension></extensions></trkpt><trkpt lat="15.3566772491" lon="73.8370053750"><ele>2.54</ele><time>2025-11-17T03:46:27Z</time><extensions><gpxtpx:TrackPointExtension><gpxtpx:cad>0</gpxtpx:cad></gpxtpx:TrackPointExtension></extensions></trkpt><trkpt lat="15.3566424642" lon="73.8368245773"><ele>2.54</ele><time>2025-11-17T03:46:32Z</time><extensions><gpxtpx:TrackPointExtension><gpxtpx:cad>0</gpxtpx:cad></gpxtpx:TrackPointExtension></extensions></trkpt><trkpt lat="15.3566322383" lon="73.8366430253"><ele>3.02</ele><time>2025-11-17T03:46:37Z</time><extensions><gpxtpx:TrackPointExtension><gpxtpx:cad>0</gpxtpx:cad></gpxtpx:TrackPointExtension></extensions></trkpt><trkpt lat="15.3566390276" lon="73.8364588749"><ele>3.02</ele><time>2025-11-17T03:46:42Z</time><extensions><gpxtpx:TrackPointExtension><gpxtpx:cad>0</gpxtpx:cad></gpxtpx:TrackPointExtension></extensions></trkpt><trkpt lat="15.3566480801" lon="73.8362724613"><ele>3.02</ele><time>2025-11-17T03:46:47Z</time><extensions><gpxtpx:TrackPointExtension><gpxtpx:cad>0</gpxtpx:cad></gpxtpx:TrackPointExtension></extensions></trkpt><trkpt lat="15.3566585574" lon="73.8360892329"><ele>3.02</ele><time>2025-11-17T03:46:52Z</time><extensions><gpxtpx:TrackPointExtension><gpxtpx:cad>0</gpxtpx:cad></gpxtpx:TrackPointExtension></extensions></trkpt><trkpt lat="15.3566713817" lon="73.8359067589"><ele>3.02</ele><time>2025-11-17T03:46:57Z</time><extensions><gpxtpx:TrackPointExtension><gpxtpx:cad>0</gpxtpx:cad></gpxtpx:TrackPointExtension></extensions></trkpt><trkpt lat="15.3566901572" lon="73.8357232790"><ele>3.50</ele><time>2025-11-17T03:47:02Z</time><extensions><gpxtpx:TrackPointExtension><gpxtpx:cad>0</gpxtpx:cad></gpxtpx:TrackPointExtension></extensions></trkpt><trkpt lat="15.3567023948" lon="73.8355400506"><ele>2.54</ele><time>2025-11-17T03:47:07Z</time><extensions><gpxtpx:TrackPointExtension><gpxtpx:cad>0</gpxtpx:cad></gpxtpx:TrackPointExtension></extensions></trkpt><trkpt lat="15.3567189910" lon="73.8353552297"><ele>3.02</ele><time>2025-11-17T03:47:12Z</time><extensions><gpxtpx:TrackPointExtension><gpxtpx:cad>0</gpxtpx:cad></gpxtpx:TrackPointExtension></extensions></trkpt><trkpt lat="15.3567381855" lon="73.8351738453"><ele>3.02</ele><time>2025-11-17T03:47:17Z</time><extensions><gpxtpx:TrackPointExtension><gpxtpx:cad>0</gpxtpx:cad></gpxtpx:TrackPointExtension></extensions></trkpt><trkpt lat="15.3567468189" lon="73.8349822350"><ele>3.02</ele><time>2025-11-17T03:47:22Z</time><extensions><gpxtpx:TrackPointExtension><gpxtpx:cad>0</gpxtpx:cad></gpxtpx:TrackPointExtension></extensions></trkpt><trkpt lat="15.3567710426" lon="73.8348043710"><ele>3.50</ele><time>2025-11-17T03:47:27Z</time><extensions><gpxtpx:TrackPointExtension><gpxtpx:cad>0</gpxtpx:cad></gpxtpx:TrackPointExtension></extensions></trkpt><trkpt lat="15.3568023909" lon="73.8346205559"><ele>4.46</ele><time>2025-11-17T03:47:32Z</time><extensions><gpxtpx:TrackPointExtension><gpxtpx:cad>0</gpxtpx:cad></gpxtpx:TrackPointExtension></extensions></trkpt><trkpt lat="15.3568302188" lon="73.8344412670"><ele>4.46</ele><time>2025-11-17T03:47:37Z</time><extensions><gpxtpx:TrackPointExtension><gpxtpx:cad>0</gpxtpx:cad></gpxtpx:TrackPointExtension></extensions></trkpt><trkpt lat="15.3568656743" lon="73.8342615589"><ele>3.98</ele><time>2025-11-17T03:47:42Z</time><extensions><gpxtpx:TrackPointExtension><gpxtpx:cad>0</gpxtpx:cad></gpxtpx:TrackPointExtension></extensions></trkpt><trkpt lat="15.3569026385" lon="73.8340850361"><ele>3.98</ele><time>2025-11-17T03:47:47Z</time><extensions><gpxtpx:TrackPointExtension><gpxtpx:cad>0</gpxtpx:cad></gpxtpx:TrackPointExtension></extensions></trkpt><trkpt lat="15.3569518402" lon="73.8339175656"><ele>3.98</ele><time>2025-11-17T03:47:52Z</time><extensions><gpxtpx:TrackPointExtension><gpxtpx:cad>0</gpxtpx:cad></gpxtpx:TrackPointExtension></extensions></trkpt><trkpt lat="15.3569924086" lon="73.8337319903"><ele>3.50</ele><time>2025-11-17T03:47:57Z</time><extensions><gpxtpx:TrackPointExtension><gpxtpx:cad>0</gpxtpx:cad></gpxtpx:TrackPointExtension></extensions></trkpt><trkpt lat="15.3570263553" lon="73.8335529529"><ele>3.98</ele><time>2025-11-17T03:48:02Z</time><extensions><gpxtpx:TrackPointExtension><gpxtpx:cad>0</gpxtpx:cad></gpxtpx:TrackPointExtension></extensions></trkpt><trkpt lat="15.3570742998" lon="73.8333793636"><ele>3.98</ele><time>2025-11-17T03:48:07Z</time><extensions><gpxtpx:TrackPointExtension><gpxtpx:cad>0</gpxtpx:cad></gpxtpx:TrackPointExtension></extensions></trkpt><trkpt lat="15.3571122698" lon="73.8331964705"><ele>3.98</ele><time>2025-11-17T03:48:12Z</time><extensions><gpxtpx:TrackPointExtension><gpxtpx:cad>0</gpxtpx:cad></gpxtpx:TrackPointExtension></extensions></trkpt><trkpt lat="15.3571549337" lon="73.8330251444"><ele>4.46</ele><time>2025-11-17T03:48:17Z</time><extensions><gpxtpx:TrackPointExtension><gpxtpx:cad>0</gpxtpx:cad></gpxtpx:TrackPointExtension></extensions></trkpt><trkpt lat="15.3571772296" lon="73.8328405749"><ele>3.98</ele><time>2025-11-17T03:48:22Z</time><extensions><gpxtpx:TrackPointExtension><gpxtpx:cad>0</gpxtpx:cad></gpxtpx:TrackPointExtension></extensions></trkpt><trkpt lat="15.3572089970" lon="73.8326616213"><ele>3.98</ele><time>2025-11-17T03:48:27Z</time><extensions><gpxtpx:TrackPointExtension><gpxtpx:cad>0</gpxtpx:cad></gpxtpx:TrackPointExtension></extensions></trkpt><trkpt lat="15.3572387528" lon="73.8324781414"><ele>3.98</ele><time>2025-11-17T03:48:32Z</time><extensions><gpxtpx:TrackPointExtension><gpxtpx:cad>0</gpxtpx:cad></gpxtpx:TrackPointExtension></extensions></trkpt><trkpt lat="15.3572771419" lon="73.8322981820"><ele>4.46</ele><time>2025-11-17T03:48:37Z</time><extensions><gpxtpx:TrackPointExtension><gpxtpx:cad>0</gpxtpx:cad></gpxtpx:TrackPointExtension></extensions></trkpt><trkpt lat="15.3573182970" lon="73.8321207371"><ele>3.98</ele><time>2025-11-17T03:48:42Z</time><extensions><gpxtpx:TrackPointExtension><gpxtpx:cad>0</gpxtpx:cad></gpxtpx:TrackPointExtension></extensions></trkpt><trkpt lat="15.3573484719" lon="73.8319344074"><ele>3.98</ele><time>2025-11-17T03:48:47Z</time><extensions><gpxtpx:TrackPointExtension><gpxtpx:cad>0</gpxtpx:cad></gpxtpx:TrackPointExtension></extensions></trkpt><trkpt lat="15.3573929798" lon="73.8317617401"><ele>3.98</ele><time>2025-11-17T03:48:52Z</time><extensions><gpxtpx:TrackPointExtension><gpxtpx:cad>0</gpxtpx:cad></gpxtpx:TrackPointExtension></extensions></trkpt><trkpt lat="15.3574338835" lon="73.8315793499"><ele>3.50</ele><time>2025-11-17T03:48:57Z</time><extensions><gpxtpx:TrackPointExtension><gpxtpx:cad>0</gpxtpx:cad></gpxtpx:TrackPointExtension></extensions></trkpt><trkpt lat="15.3574753739" lon="73.8314037491"><ele>4.46</ele><time>2025-11-17T03:49:02Z</time><extensions><gpxtpx:TrackPointExtension><gpxtpx:cad>0</gpxtpx:cad></gpxtpx:TrackPointExtension></extensions></trkpt><trkpt lat="15.3575121704" lon="73.8312190119"><ele>3.98</ele><time>2025-11-17T03:49:07Z</time><extensions><gpxtpx:TrackPointExtension><gpxtpx:cad>0</gpxtpx:cad></gpxtpx:TrackPointExtension></extensions></trkpt><trkpt lat="15.3575435188" lon="73.8310234621"><ele>3.98</ele><time>2025-11-17T03:49:12Z</time><extensions><gpxtpx:TrackPointExtension><gpxtpx:cad>0</gpxtpx:cad></gpxtpx:TrackPointExtension></extensions></trkpt><trkpt lat="15.3575838357" lon="73.8308474422"><ele>4.46</ele><time>2025-11-17T03:49:17Z</time><extensions><gpxtpx:TrackPointExtension><gpxtpx:cad>0</gpxtpx:cad></gpxtpx:TrackPointExtension></extensions></trkpt><trkpt lat="15.3576176148" lon="73.8306710869"><ele>4.46</ele><time>2025-11-17T03:49:22Z</time><extensions><gpxtpx:TrackPointExtension><gpxtpx:cad>0</gpxtpx:cad></gpxtpx:TrackPointExtension></extensions></trkpt><trkpt lat="15.3576585185" lon="73.8304935582"><ele>4.46</ele><time>2025-11-17T03:49:27Z</time><extensions><gpxtpx:TrackPointExtension><gpxtpx:cad>0</gpxtpx:cad></gpxtpx:TrackPointExtension></extensions></trkpt><trkpt lat="15.3577055410" lon="73.8303127605"><ele>4.46</ele><time>2025-11-17T03:49:32Z</time><extensions><gpxtpx:TrackPointExtension><gpxtpx:cad>0</gpxtpx:cad></gpxtpx:TrackPointExtension></extensions></trkpt><trkpt lat="15.3577413317" lon="73.8301296160"><ele>4.46</ele><time>2025-11-17T03:49:37Z</time><extensions><gpxtpx:TrackPointExtension><gpxtpx:cad>0</gpxtpx:cad></gpxtpx:TrackPointExtension></extensions></trkpt><trkpt lat="15.3577767871" lon="73.8299495727"><ele>4.94</ele><time>2025-11-17T03:49:42Z</time><extensions><gpxtpx:TrackPointExtension><gpxtpx:cad>0</gpxtpx:cad></gpxtpx:TrackPointExtension></extensions></trkpt><trkpt lat="15.3578156792" lon="73.8297631592"><ele>4.94</ele><time>2025-11-17T03:49:47Z</time><extensions><gpxtpx:TrackPointExtension><gpxtpx:cad>0</gpxtpx:cad></gpxtpx:TrackPointExtension></extensions></trkpt><trkpt lat="15.3578469437" lon="73.8295850437"><ele>4.94</ele><time>2025-11-17T03:49:52Z</time><extensions><gpxtpx:TrackPointExtension><gpxtpx:cad>0</gpxtpx:cad></gpxtpx:TrackPointExtension></extensions></trkpt><trkpt lat="15.3578951396" lon="73.8294013124"><ele>5.42</ele><time>2025-11-17T03:49:57Z</time><extensions><gpxtpx:TrackPointExtension><gpxtpx:cad>0</gpxtpx:cad></gpxtpx:TrackPointExtension></extensions></trkpt><trkpt lat="15.3579445090" lon="73.8292304892"><ele>5.42</ele><time>2025-11-17T03:50:02Z</time><extensions><gpxtpx:TrackPointExtension><gpxtpx:cad>0</gpxtpx:cad></gpxtpx:TrackPointExtension></extensions></trkpt><trkpt lat="15.3579930402" lon="73.8290542178"><ele>4.94</ele><time>2025-11-17T03:50:07Z</time><extensions><gpxtpx:TrackPointExtension><gpxtpx:cad>0</gpxtpx:cad></gpxtpx:TrackPointExtension></extensions></trkpt><trkpt lat="15.3580356203" lon="73.8288750127"><ele>5.42</ele><time>2025-11-17T03:50:12Z</time><extensions><gpxtpx:TrackPointExtension><gpxtpx:cad>0</gpxtpx:cad></gpxtpx:TrackPointExtension></extensions></trkpt><trkpt lat="15.3580808826" lon="73.8286992442"><ele>5.42</ele><time>2025-11-17T03:50:17Z</time><extensions><gpxtpx:TrackPointExtension><gpxtpx:cad>0</gpxtpx:cad></gpxtpx:TrackPointExtension></extensions></trkpt><trkpt lat="15.3581295814" lon="73.8285221346"><ele>5.42</ele><time>2025-11-17T03:50:22Z</time><extensions><gpxtpx:TrackPointExtension><gpxtpx:cad>0</gpxtpx:cad></gpxtpx:TrackPointExtension></extensions></trkpt><trkpt lat="15.3581615165" lon="73.8283445220"><ele>5.42</ele><time>2025-11-17T03:50:27Z</time><extensions><gpxtpx:TrackPointExtension><gpxtpx:cad>0</gpxtpx:cad></gpxtpx:TrackPointExtension></extensions></trkpt><trkpt lat="15.3582082875" lon="73.8281785604"><ele>5.42</ele><time>2025-11-17T03:50:32Z</time><extensions><gpxtpx:TrackPointExtension><gpxtpx:cad>0</gpxtpx:cad></gpxtpx:TrackPointExtension></extensions></trkpt><trkpt lat="15.3582610097" lon="73.8279991038"><ele>5.42</ele><time>2025-11-17T03:50:37Z</time><extensions><gpxtpx:TrackPointExtension><gpxtpx:cad>0</gpxtpx:cad></gpxtpx:TrackPointExtension></extensions></trkpt><trkpt lat="15.3583083674" lon="73.8278245926"><ele>5.42</ele><time>2025-11-17T03:50:42Z</time><extensions><gpxtpx:TrackPointExtension><gpxtpx:cad>0</gpxtpx:cad></gpxtpx:TrackPointExtension></extensions></trkpt><trkpt lat="15.3583762608" lon="73.8276528474"><ele>5.91</ele><time>2025-11-17T03:50:47Z</time><extensions><gpxtpx:TrackPointExtension><gpxtpx:cad>0</gpxtpx:cad></gpxtpx:TrackPointExtension></extensions></trkpt><trkpt lat="15.3584393766" lon="73.8274842035"><ele>5.91</ele><time>2025-11-17T03:50:52Z</time><extensions><gpxtpx:TrackPointExtension><gpxtpx:cad>0</gpxtpx:cad></gpxtpx:TrackPointExtension></extensions></trkpt><trkpt lat="15.3585126344" lon="73.8273175713"><ele>5.91</ele><time>2025-11-17T03:50:57Z</time><extensions><gpxtpx:TrackPointExtension><gpxtpx:cad>0</gpxtpx:cad></gpxtpx:TrackPointExtension></extensions></trkpt><trkpt lat="15.3585776780" lon="73.8271458261"><ele>5.91</ele><time>2025-11-17T03:51:02Z</time><extensions><gpxtpx:TrackPointExtension><gpxtpx:cad>0</gpxtpx:cad></gpxtpx:TrackPointExtension></extensions></trkpt><trkpt lat="15.3586438112" lon="73.8269719016"><ele>5.91</ele><time>2025-11-17T03:51:07Z</time><extensions><gpxtpx:TrackPointExtension><gpxtpx:cad>0</gpxtpx:cad></gpxtpx:TrackPointExtension></extensions></trkpt><trkpt lat="15.3587111179" lon="73.8268009946"><ele>5.91</ele><time>2025-11-17T03:51:12Z</time><extensions><gpxtpx:TrackPointExtension><gpxtpx:cad>0</gpxtpx:cad></gpxtpx:TrackPointExtension></extensions></trkpt><trkpt lat="15.3587692045" lon="73.8266354520"><ele>6.39</ele><time>2025-11-17T03:51:17Z</time><extensions><gpxtpx:TrackPointExtension><gpxtpx:cad>0</gpxtpx:cad></gpxtpx:TrackPointExtension></extensions></trkpt><trkpt lat="15.3588419594" lon="73.8264659699"><ele>6.87</ele><time>2025-11-17T03:51:22Z</time><extensions><gpxtpx:TrackPointExtension><gpxtpx:cad>0</gpxtpx:cad></gpxtpx:TrackPointExtension></extensions></trkpt><trkpt lat="15.3589169774" lon="73.8263026066"><ele>6.39</ele><time>2025-11-17T03:51:27Z</time><extensions><gpxtpx:TrackPointExtension><gpxtpx:cad>0</gpxtpx:cad></gpxtpx:TrackPointExtension></extensions></trkpt><trkpt lat="15.3589825239" lon="73.8261355553"><ele>6.39</ele><time>2025-11-17T03:51:32Z</time><extensions><gpxtpx:TrackPointExtension><gpxtpx:cad>0</gpxtpx:cad></gpxtpx:TrackPointExtension></extensions></trkpt><trkpt lat="15.3590563685" lon="73.8259785622"><ele>6.87</ele><time>2025-11-17T03:51:37Z</time><extensions><gpxtpx:TrackPointExtension><gpxtpx:cad>0</gpxtpx:cad></gpxtpx:TrackPointExtension></extensions></trkpt><trkpt lat="15.3591102641" lon="73.8258083258"><ele>6.39</ele><time>2025-11-17T03:51:42Z</time><extensions><gpxtpx:TrackPointExtension><gpxtpx:cad>0</gpxtpx:cad></gpxtpx:TrackPointExtension></extensions></trkpt><trkpt lat="15.3591684345" lon="73.8256383408"><ele>6.87</ele><time>2025-11-17T03:51:47Z</time><extensions><gpxtpx:TrackPointExtension><gpxtpx:cad>0</gpxtpx:cad></gpxtpx:TrackPointExtension></extensions></trkpt><trkpt lat="15.3592302091" lon="73.8254738040"><ele>6.87</ele><time>2025-11-17T03:51:52Z</time><extensions><gpxtpx:TrackPointExtension><gpxtpx:cad>0</gpxtpx:cad></gpxtpx:TrackPointExtension></extensions></trkpt><trkpt lat="15.3592833504" lon="73.8252987899"><ele>6.39</ele><time>2025-11-17T03:51:57Z</time><extensions><gpxtpx:TrackPointExtension><gpxtpx:cad>0</gpxtpx:cad></gpxtpx:TrackPointExtension></extensions></trkpt><trkpt lat="15.3593461309" lon="73.8251251169"><ele>6.87</ele><time>2025-11-17T03:52:02Z</time><extensions><gpxtpx:TrackPointExtension><gpxtpx:cad>0</gpxtpx:cad></gpxtpx:TrackPointExtension></extensions></trkpt><trkpt lat="15.3594177123" lon="73.8249626756"><ele>6.87</ele><time>2025-11-17T03:52:07Z</time><extensions><gpxtpx:TrackPointExtension><gpxtpx:cad>0</gpxtpx:cad></gpxtpx:TrackPointExtension></extensions></trkpt><trkpt lat="15.3594732843" lon="73.8247862365"><ele>6.39</ele><time>2025-11-17T03:52:12Z</time><extensions><gpxtpx:TrackPointExtension><gpxtpx:cad>0</gpxtpx:cad></gpxtpx:TrackPointExtension></extensions></trkpt><trkpt lat="15.3595508169" lon="73.8246309198"><ele>5.91</ele><time>2025-11-17T03:52:17Z</time><extensions><gpxtpx:TrackPointExtension><gpxtpx:cad>0</gpxtpx:cad></gpxtpx:TrackPointExtension></extensions></trkpt><trkpt lat="15.3596159443" lon="73.8244642038"><ele>5.91</ele><time>2025-11-17T03:52:22Z</time><extensions><gpxtpx:TrackPointExtension><gpxtpx:cad>0</gpxtpx:cad></gpxtpx:TrackPointExtension></extensions></trkpt><trkpt lat="15.3596674092" lon="73.8242858369"><ele>5.91</ele><time>2025-11-17T03:52:27Z</time><extensions><gpxtpx:TrackPointExtension><gpxtpx:cad>0</gpxtpx:cad></gpxtpx:TrackPointExtension></extensions></trkpt><trkpt lat="15.3597367276" lon="73.8241227251"><ele>5.91</ele><time>2025-11-17T03:52:32Z</time><extensions><gpxtpx:TrackPointExtension><gpxtpx:cad>0</gpxtpx:cad></gpxtpx:TrackPointExtension></extensions></trkpt><trkpt lat="15.3597887792" lon="73.8239464536"><ele>5.91</ele><time>2025-11-17T03:52:37Z</time><extensions><gpxtpx:TrackPointExtension><gpxtpx:cad>0</gpxtpx:cad></gpxtpx:TrackPointExtension></extensions></trkpt><trkpt lat="15.3598233964" lon="73.8237685058"><ele>6.39</ele><time>2025-11-17T03:52:42Z</time><extensions><gpxtpx:TrackPointExtension><gpxtpx:cad>0</gpxtpx:cad></gpxtpx:TrackPointExtension></extensions></trkpt><trkpt lat="15.3598797228" lon="73.8235927373"><ele>5.91</ele><time>2025-11-17T03:52:47Z</time><extensions><gpxtpx:TrackPointExtension><gpxtpx:cad>0</gpxtpx:cad></gpxtpx:TrackPointExtension></extensions></trkpt><trkpt lat="15.3599296790" lon="73.8234152924"><ele>6.39</ele><time>2025-11-17T03:52:52Z</time><extensions><gpxtpx:TrackPointExtension><gpxtpx:cad>0</gpxtpx:cad></gpxtpx:TrackPointExtension></extensions></trkpt><trkpt lat="15.3599645477" lon="73.8232319802"><ele>6.39</ele><time>2025-11-17T03:52:57Z</time><extensions><gpxtpx:TrackPointExtension><gpxtpx:cad>0</gpxtpx:cad></gpxtpx:TrackPointExtension></extensions></trkpt><trkpt lat="15.3600108996" lon="73.8230518531"><ele>6.39</ele><time>2025-11-17T03:53:02Z</time><extensions><gpxtpx:TrackPointExtension><gpxtpx:cad>0</gpxtpx:cad></gpxtpx:TrackPointExtension></extensions></trkpt><trkpt lat="15.3600683156" lon="73.8228774257"><ele>6.39</ele><time>2025-11-17T03:53:07Z</time><extensions><gpxtpx:TrackPointExtension><gpxtpx:cad>0</gpxtpx:cad></gpxtpx:TrackPointExtension></extensions></trkpt><trkpt lat="15.3601326048" lon="73.8227074407"><ele>6.39</ele><time>2025-11-17T03:53:12Z</time><extensions><gpxtpx:TrackPointExtension><gpxtpx:cad>0</gpxtpx:cad></gpxtpx:TrackPointExtension></extensions></trkpt><trkpt lat="15.3601863328" lon="73.8225350250"><ele>6.39</ele><time>2025-11-17T03:53:17Z</time><extensions><gpxtpx:TrackPointExtension><gpxtpx:cad>0</gpxtpx:cad></gpxtpx:TrackPointExtension></extensions></trkpt><trkpt lat="15.3602497000" lon="73.8223563228"><ele>6.39</ele><time>2025-11-17T03:53:22Z</time><extensions><gpxtpx:TrackPointExtension><gpxtpx:cad>0</gpxtpx:cad></gpxtpx:TrackPointExtension></extensions></trkpt><trkpt lat="15.3602911066" lon="73.8221726753"><ele>5.91</ele><time>2025-11-17T03:53:27Z</time><extensions><gpxtpx:TrackPointExtension><gpxtpx:cad>0</gpxtpx:cad></gpxtpx:TrackPointExtension></extensions></trkpt><trkpt lat="15.3603394702" lon="73.8219998404"><ele>6.39</ele><time>2025-11-17T03:53:32Z</time><extensions><gpxtpx:TrackPointExtension><gpxtpx:cad>0</gpxtpx:cad></gpxtpx:TrackPointExtension></extensions></trkpt><trkpt lat="15.3603968024" lon="73.8218249939"><ele>6.87</ele><time>2025-11-17T03:53:37Z</time><extensions><gpxtpx:TrackPointExtension><gpxtpx:cad>0</gpxtpx:cad></gpxtpx:TrackPointExtension></extensions></trkpt><trkpt lat="15.3604361136" lon="73.8216426037"><ele>6.39</ele><time>2025-11-17T03:53:42Z</time><extensions><gpxtpx:TrackPointExtension><gpxtpx:cad>0</gpxtpx:cad></gpxtpx:TrackPointExtension></extensions></trkpt><trkpt lat="15.3605092876" lon="73.8214825094"><ele>6.87</ele><time>2025-11-17T03:53:47Z</time><extensions><gpxtpx:TrackPointExtension><gpxtpx:cad>0</gpxtpx:cad></gpxtpx:TrackPointExtension></extensions></trkpt><trkpt lat="15.3606220242" lon="73.8213512488"><ele>5.91</ele><time>2025-11-17T03:53:52Z</time><extensions><gpxtpx:TrackPointExtension><gpxtpx:cad>0</gpxtpx:cad></gpxtpx:TrackPointExtension></extensions></trkpt><trkpt lat="15.3607424721" lon="73.8212241791"><ele>5.42</ele><time>2025-11-17T03:53:57Z</time><extensions><gpxtpx:TrackPointExtension><gpxtpx:cad>0</gpxtpx:cad></gpxtpx:TrackPointExtension></extensions></trkpt><trkpt lat="15.3608674463" lon="73.8211004622"><ele>5.91</ele><time>2025-11-17T03:54:02Z</time><extensions><gpxtpx:TrackPointExtension><gpxtpx:cad>0</gpxtpx:cad></gpxtpx:TrackPointExtension></extensions></trkpt><trkpt lat="15.3609880619" lon="73.8209744822"><ele>5.42</ele><time>2025-11-17T03:54:07Z</time><extensions><gpxtpx:TrackPointExtension><gpxtpx:cad>0</gpxtpx:cad></gpxtpx:TrackPointExtension></extensions></trkpt><trkpt lat="15.3611183167" lon="73.8208489213"><ele>4.94</ele><time>2025-11-17T03:54:12Z</time><extensions><gpxtpx:TrackPointExtension><gpxtpx:cad>0</gpxtpx:cad></gpxtpx:TrackPointExtension></extensions></trkpt><trkpt lat="15.3612432908" lon="73.8207214326"><ele>4.46</ele><time>2025-11-17T03:54:17Z</time><extensions><gpxtpx:TrackPointExtension><gpxtpx:cad>0</gpxtpx:cad></gpxtpx:TrackPointExtension></extensions></trkpt><trkpt lat="15.3613771498" lon="73.8206007332"><ele>4.94</ele><time>2025-11-17T03:54:22Z</time><extensions><gpxtpx:TrackPointExtension><gpxtpx:cad>0</gpxtpx:cad></gpxtpx:TrackPointExtension></extensions></trkpt><trkpt lat="15.3615076561" lon="73.8204680476"><ele>4.94</ele><time>2025-11-17T03:54:27Z</time><extensions><gpxtpx:TrackPointExtension><gpxtpx:cad>0</gpxtpx:cad></gpxtpx:TrackPointExtension></extensions></trkpt><trkpt lat="15.3616319597" lon="73.8203403074"><ele>5.42</ele><time>2025-11-17T03:54:32Z</time><extensions><gpxtpx:TrackPointExtension><gpxtpx:cad>0</gpxtpx:cad></gpxtpx:TrackPointExtension></extensions></trkpt><trkpt lat="15.3617581911" lon="73.8202132378"><ele>5.91</ele><time>2025-11-17T03:54:37Z</time><extensions><gpxtpx:TrackPointExtension><gpxtpx:cad>0</gpxtpx:cad></gpxtpx:TrackPointExtension></extensions></trkpt><trkpt lat="15.3618830815" lon="73.8200851623"><ele>5.42</ele><time>2025-11-17T03:54:42Z</time><extensions><gpxtpx:TrackPointExtension><gpxtpx:cad>0</gpxtpx:cad></gpxtpx:TrackPointExtension></extensions></trkpt><trkpt lat="15.3620158508" lon="73.8199601881"><ele>5.42</ele><time>2025-11-17T03:54:47Z</time><extensions><gpxtpx:TrackPointExtension><gpxtpx:cad>0</gpxtpx:cad></gpxtpx:TrackPointExtension></extensions></trkpt><trkpt lat="15.3621337842" lon="73.8198298495"><ele>5.91</ele><time>2025-11-17T03:54:52Z</time><extensions><gpxtpx:TrackPointExtension><gpxtpx:cad>0</gpxtpx:cad></gpxtpx:TrackPointExtension></extensions></trkpt><trkpt lat="15.3622546513" lon="73.8196957391"><ele>5.91</ele><time>2025-11-17T03:54:57Z</time><extensions><gpxtpx:TrackPointExtension><gpxtpx:cad>0</gpxtpx:cad></gpxtpx:TrackPointExtension></extensions></trkpt><trkpt lat="15.3623731714" lon="73.8195588626"><ele>6.39</ele><time>2025-11-17T03:55:02Z</time><extensions><gpxtpx:TrackPointExtension><gpxtpx:cad>0</gpxtpx:cad></gpxtpx:TrackPointExtension></extensions></trkpt><trkpt lat="15.3624831419" lon="73.8194230758"><ele>5.91</ele><time>2025-11-17T03:55:07Z</time><extensions><gpxtpx:TrackPointExtension><gpxtpx:cad>0</gpxtpx:cad></gpxtpx:TrackPointExtension></extensions></trkpt><trkpt lat="15.3626046795" lon="73.8192960899"><ele>5.91</ele><time>2025-11-17T03:55:12Z</time><extensions><gpxtpx:TrackPointExtension><gpxtpx:cad>0</gpxtpx:cad></gpxtpx:TrackPointExtension></extensions></trkpt><trkpt lat="15.3627218585" lon="73.8191626500"><ele>5.42</ele><time>2025-11-17T03:55:17Z</time><extensions><gpxtpx:TrackPointExtension><gpxtpx:cad>0</gpxtpx:cad></gpxtpx:TrackPointExtension></extensions></trkpt><trkpt lat="15.3628417198" lon="73.8190227561"><ele>5.91</ele><time>2025-11-17T03:55:22Z</time><extensions><gpxtpx:TrackPointExtension><gpxtpx:cad>0</gpxtpx:cad></gpxtpx:TrackPointExtension></extensions></trkpt><trkpt lat="15.3629700467" lon="73.8188877236"><ele>6.39</ele><time>2025-11-17T03:55:27Z</time><extensions><gpxtpx:TrackPointExtension><gpxtpx:cad>0</gpxtpx:cad></gpxtpx:TrackPointExtension></extensions></trkpt><trkpt lat="15.3630798496" lon="73.8187491708"><ele>6.39</ele><time>2025-11-17T03:55:32Z</time><extensions><gpxtpx:TrackPointExtension><gpxtpx:cad>0</gpxtpx:cad></gpxtpx:TrackPointExtension></extensions></trkpt><trkpt lat="15.3631881438" lon="73.8186029065"><ele>6.39</ele><time>2025-11-17T03:55:37Z</time><extensions><gpxtpx:TrackPointExtension><gpxtpx:cad>0</gpxtpx:cad></gpxtpx:TrackPointExtension></extensions></trkpt><trkpt lat="15.3633048199" lon="73.8184589893"><ele>6.87</ele><time>2025-11-17T03:55:42Z</time><extensions><gpxtpx:TrackPointExtension><gpxtpx:cad>0</gpxtpx:cad></gpxtpx:TrackPointExtension></extensions></trkpt><trkpt lat="15.3634103481" lon="73.8183199335"><ele>6.39</ele><time>2025-11-17T03:55:47Z</time><extensions><gpxtpx:TrackPointExtension><gpxtpx:cad>0</gpxtpx:cad></gpxtpx:TrackPointExtension></extensions></trkpt><trkpt lat="15.3635160439" lon="73.8181807101"><ele>6.39</ele><time>2025-11-17T03:55:52Z</time><extensions><gpxtpx:TrackPointExtension><gpxtpx:cad>0</gpxtpx:cad></gpxtpx:TrackPointExtension></extensions></trkpt><trkpt lat="15.3636372462" lon="73.8180590048"><ele>6.39</ele><time>2025-11-17T03:55:57Z</time><extensions><gpxtpx:TrackPointExtension><gpxtpx:cad>0</gpxtpx:cad></gpxtpx:TrackPointExtension></extensions></trkpt><trkpt lat="15.3637669981" lon="73.8179372996"><ele>6.39</ele><time>2025-11-17T03:56:02Z</time><extensions><gpxtpx:TrackPointExtension><gpxtpx:cad>0</gpxtpx:cad></gpxtpx:TrackPointExtension></extensions></trkpt><trkpt lat="15.3638861887" lon="73.8178119063"><ele>5.91</ele><time>2025-11-17T03:56:07Z</time><extensions><gpxtpx:TrackPointExtension><gpxtpx:cad>0</gpxtpx:cad></gpxtpx:TrackPointExtension></extensions></trkpt><trkpt lat="15.3640086483" lon="73.8176783826"><ele>5.42</ele><time>2025-11-17T03:56:12Z</time><extensions><gpxtpx:TrackPointExtension><gpxtpx:cad>0</gpxtpx:cad></gpxtpx:TrackPointExtension></extensions></trkpt><trkpt lat="15.3641392384" lon="73.8175579347"><ele>5.42</ele><time>2025-11-17T03:56:17Z</time><extensions><gpxtpx:TrackPointExtension><gpxtpx:cad>0</gpxtpx:cad></gpxtpx:TrackPointExtension></extensions></trkpt><trkpt lat="15.3642662242" lon="73.8174183760"><ele>5.42</ele><time>2025-11-17T03:56:22Z</time><extensions><gpxtpx:TrackPointExtension><gpxtpx:cad>0</gpxtpx:cad></gpxtpx:TrackPointExtension></extensions></trkpt><trkpt lat="15.3643740993" lon="73.8172755484"><ele>5.42</ele><time>2025-11-17T03:56:27Z</time><extensions><gpxtpx:TrackPointExtension><gpxtpx:cad>0</gpxtpx:cad></gpxtpx:TrackPointExtension></extensions></trkpt><trkpt lat="15.3644992411" lon="73.8171374146"><ele>5.91</ele><time>2025-11-17T03:56:32Z</time><extensions><gpxtpx:TrackPointExtension><gpxtpx:cad>0</gpxtpx:cad></gpxtpx:TrackPointExtension></extensions></trkpt><trkpt lat="15.3646144923" lon="73.8169877138"><ele>5.91</ele><time>2025-11-17T03:56:37Z</time><extensions><gpxtpx:TrackPointExtension><gpxtpx:cad>0</gpxtpx:cad></gpxtpx:TrackPointExtension></extensions></trkpt><trkpt lat="15.3647190146" lon="73.8168437965"><ele>5.91</ele><time>2025-11-17T03:56:42Z</time><extensions><gpxtpx:TrackPointExtension><gpxtpx:cad>0</gpxtpx:cad></gpxtpx:TrackPointExtension></extensions></trkpt><trkpt lat="15.3648377862" lon="73.8167089317"><ele>6.39</ele><time>2025-11-17T03:56:47Z</time><extensions><gpxtpx:TrackPointExtension><gpxtpx:cad>0</gpxtpx:cad></gpxtpx:TrackPointExtension></extensions></trkpt><trkpt lat="15.3649416380" lon="73.8165599015"><ele>6.39</ele><time>2025-11-17T03:56:52Z</time><extensions><gpxtpx:TrackPointExtension><gpxtpx:cad>0</gpxtpx:cad></gpxtpx:TrackPointExtension></extensions></trkpt><trkpt lat="15.3650492616" lon="73.8164153136"><ele>6.39</ele><time>2025-11-17T03:56:57Z</time><extensions><gpxtpx:TrackPointExtension><gpxtpx:cad>0</gpxtpx:cad></gpxtpx:TrackPointExtension></extensions></trkpt><trkpt lat="15.3651599865" lon="73.8162695523"><ele>6.39</ele><time>2025-11-17T03:57:02Z</time><extensions><gpxtpx:TrackPointExtension><gpxtpx:cad>0</gpxtpx:cad></gpxtpx:TrackPointExtension></extensions></trkpt><trkpt lat="15.3652636707" lon="73.8161272276"><ele>6.39</ele><time>2025-11-17T03:57:07Z</time><extensions><gpxtpx:TrackPointExtension><gpxtpx:cad>0</gpxtpx:cad></gpxtpx:TrackPointExtension></extensions></trkpt><trkpt lat="15.3653796762" lon="73.8159828912"><ele>6.39</ele><time>2025-11-17T03:57:12Z</time><extensions><gpxtpx:TrackPointExtension><gpxtpx:cad>0</gpxtpx:cad></gpxtpx:TrackPointExtension></extensions></trkpt><trkpt lat="15.3654928319" lon="73.8158453442"><ele>6.39</ele><time>2025-11-17T03:57:17Z</time><extensions><gpxtpx:TrackPointExtension><gpxtpx:cad>0</gpxtpx:cad></gpxtpx:TrackPointExtension></extensions></trkpt><trkpt lat="15.3656083345" lon="73.8157056179"><ele>6.39</ele><time>2025-11-17T03:57:22Z</time><extensions><gpxtpx:TrackPointExtension><gpxtpx:cad>0</gpxtpx:cad></gpxtpx:TrackPointExtension></extensions></trkpt><trkpt lat="15.3657212388" lon="73.8155668974"><ele>5.91</ele><time>2025-11-17T03:57:27Z</time><extensions><gpxtpx:TrackPointExtension><gpxtpx:cad>0</gpxtpx:cad></gpxtpx:TrackPointExtension></extensions></trkpt><trkpt lat="15.3658328857" lon="73.8154227287"><ele>5.42</ele><time>2025-11-17T03:57:32Z</time><extensions><gpxtpx:TrackPointExtension><gpxtpx:cad>0</gpxtpx:cad></gpxtpx:TrackPointExtension></extensions></trkpt><trkpt lat="15.3659485560" lon="73.8152865227"><ele>5.42</ele><time>2025-11-17T03:57:37Z</time><extensions><gpxtpx:TrackPointExtension><gpxtpx:cad>0</gpxtpx:cad></gpxtpx:TrackPointExtension></extensions></trkpt><trkpt lat="15.3660671599" lon="73.8151474670"><ele>5.42</ele><time>2025-11-17T03:57:42Z</time><extensions><gpxtpx:TrackPointExtension><gpxtpx:cad>0</gpxtpx:cad></gpxtpx:TrackPointExtension></extensions></trkpt><trkpt lat="15.3661830816" lon="73.8150183856"><ele>6.87</ele><time>2025-11-17T03:57:47Z</time><extensions><gpxtpx:TrackPointExtension><gpxtpx:cad>0</gpxtpx:cad></gpxtpx:TrackPointExtension></extensions></trkpt><trkpt lat="15.3663008474" lon="73.8148872089"><ele>7.35</ele><time>2025-11-17T03:57:52Z</time><extensions><gpxtpx:TrackPointExtension><gpxtpx:cad>0</gpxtpx:cad></gpxtpx:TrackPointExtension></extensions></trkpt><trkpt lat="15.3664211277" lon="73.8147531822"><ele>7.35</ele><time>2025-11-17T03:57:57Z</time><extensions><gpxtpx:TrackPointExtension><gpxtpx:cad>0</gpxtpx:cad></gpxtpx:TrackPointExtension></extensions></trkpt><trkpt lat="15.3665440064" lon="73.8146301359"><ele>7.83</ele><time>2025-11-17T03:58:02Z</time><extensions><gpxtpx:TrackPointExtension><gpxtpx:cad>0</gpxtpx:cad></gpxtpx:TrackPointExtension></extensions></trkpt><trkpt lat="15.3666709922" lon="73.8145049941"><ele>7.35</ele><time>2025-11-17T03:58:07Z</time><extensions><gpxtpx:TrackPointExtension><gpxtpx:cad>0</gpxtpx:cad></gpxtpx:TrackPointExtension></extensions></trkpt><trkpt lat="15.3668020014" lon="73.8143757451"><ele>6.87</ele><time>2025-11-17T03:58:12Z</time><extensions><gpxtpx:TrackPointExtension><gpxtpx:cad>0</gpxtpx:cad></gpxtpx:TrackPointExtension></extensions></trkpt><trkpt lat="15.3669300769" lon="73.8142512739"><ele>7.35</ele><time>2025-11-17T03:58:17Z</time><extensions><gpxtpx:TrackPointExtension><gpxtpx:cad>0</gpxtpx:cad></gpxtpx:TrackPointExtension></extensions></trkpt><trkpt lat="15.3670539614" lon="73.8141234498"><ele>7.35</ele><time>2025-11-17T03:58:22Z</time><extensions><gpxtpx:TrackPointExtension><gpxtpx:cad>0</gpxtpx:cad></gpxtpx:TrackPointExtension></extensions></trkpt><trkpt lat="15.3671816178" lon="73.8139983080"><ele>7.35</ele><time>2025-11-17T03:58:27Z</time><extensions><gpxtpx:TrackPointExtension><gpxtpx:cad>0</gpxtpx:cad></gpxtpx:TrackPointExtension></extensions></trkpt><trkpt lat="15.3673169855" lon="73.8138772734"><ele>7.83</ele><time>2025-11-17T03:58:32Z</time><extensions><gpxtpx:TrackPointExtension><gpxtpx:cad>0</gpxtpx:cad></gpxtpx:TrackPointExtension></extensions></trkpt><trkpt lat="15.3674490843" lon="73.8137491979"><ele>8.31</ele><time>2025-11-17T03:58:37Z</time><extensions><gpxtpx:TrackPointExtension><gpxtpx:cad>0</gpxtpx:cad></gpxtpx:TrackPointExtension></extensions></trkpt><trkpt lat="15.3675707057" lon="73.8136247266"><ele>8.31</ele><time>2025-11-17T03:58:42Z</time><extensions><gpxtpx:TrackPointExtension><gpxtpx:cad>0</gpxtpx:cad></gpxtpx:TrackPointExtension></extensions></trkpt><trkpt lat="15.3677070793" lon="73.8135086372"><ele>8.31</ele><time>2025-11-17T03:58:47Z</time><extensions><gpxtpx:TrackPointExtension><gpxtpx:cad>0</gpxtpx:cad></gpxtpx:TrackPointExtension></extensions></trkpt><trkpt lat="15.3678414412" lon="73.8133860938"><ele>8.31</ele><time>2025-11-17T03:58:52Z</time><extensions><gpxtpx:TrackPointExtension><gpxtpx:cad>0</gpxtpx:cad></gpxtpx:TrackPointExtension></extensions></trkpt><trkpt lat="15.3679691814" lon="73.8132634666"><ele>8.31</ele><time>2025-11-17T03:58:57Z</time><extensions><gpxtpx:TrackPointExtension><gpxtpx:cad>0</gpxtpx:cad></gpxtpx:TrackPointExtension></extensions></trkpt><trkpt lat="15.3680999391" lon="73.8131377380"><ele>8.31</ele><time>2025-11-17T03:59:02Z</time><extensions><gpxtpx:TrackPointExtension><gpxtpx:cad>0</gpxtpx:cad></gpxtpx:TrackPointExtension></extensions></trkpt><trkpt lat="15.3682165314" lon="73.8130109198"><ele>8.31</ele><time>2025-11-17T03:59:07Z</time><extensions><gpxtpx:TrackPointExtension><gpxtpx:cad>0</gpxtpx:cad></gpxtpx:TrackPointExtension></extensions></trkpt><trkpt lat="15.3683423437" lon="73.8128742110"><ele>8.31</ele><time>2025-11-17T03:59:12Z</time><extensions><gpxtpx:TrackPointExtension><gpxtpx:cad>0</gpxtpx:cad></gpxtpx:TrackPointExtension></extensions></trkpt><trkpt lat="15.3684596904" lon="73.8127380889"><ele>7.83</ele><time>2025-11-17T03:59:17Z</time><extensions><gpxtpx:TrackPointExtension><gpxtpx:cad>0</gpxtpx:cad></gpxtpx:TrackPointExtension></extensions></trkpt><trkpt lat="15.3685704153" lon="73.8125866279"><ele>8.31</ele><time>2025-11-17T03:59:22Z</time><extensions><gpxtpx:TrackPointExtension><gpxtpx:cad>0</gpxtpx:cad></gpxtpx:TrackPointExtension></extensions></trkpt><trkpt lat="15.3686673939" lon="73.8124272041"><ele>8.79</ele><time>2025-11-17T03:59:27Z</time><extensions><gpxtpx:TrackPointExtension><gpxtpx:cad>0</gpxtpx:cad></gpxtpx:TrackPointExtension></extensions></trkpt><trkpt lat="15.3687704913" lon="73.8122832030"><ele>8.79</ele><time>2025-11-17T03:59:32Z</time><extensions><gpxtpx:TrackPointExtension><gpxtpx:cad>0</gpxtpx:cad></gpxtpx:TrackPointExtension></extensions></trkpt><trkpt lat="15.3688731696" lon="73.8121272158"><ele>8.31</ele><time>2025-11-17T03:59:37Z</time><extensions><gpxtpx:TrackPointExtension><gpxtpx:cad>0</gpxtpx:cad></gpxtpx:TrackPointExtension></extensions></trkpt><trkpt lat="15.3689636942" lon="73.8119675405"><ele>8.31</ele><time>2025-11-17T03:59:42Z</time><extensions><gpxtpx:TrackPointExtension><gpxtpx:cad>0</gpxtpx:cad></gpxtpx:TrackPointExtension></extensions></trkpt><trkpt lat="15.3690626007" lon="73.8118144870"><ele>8.31</ele><time>2025-11-17T03:59:47Z</time><extensions><gpxtpx:TrackPointExtension><gpxtpx:cad>0</gpxtpx:cad></gpxtpx:TrackPointExtension></extensions></trkpt><trkpt lat="15.3691762593" lon="73.8116739225"><ele>8.31</ele><time>2025-11-17T03:59:52Z</time><extensions><gpxtpx:TrackPointExtension><gpxtpx:cad>0</gpxtpx:cad></gpxtpx:TrackPointExtension></extensions></trkpt><trkpt lat="15.3692975454" lon="73.8115485292"><ele>8.31</ele><time>2025-11-17T03:59:57Z</time><extensions><gpxtpx:TrackPointExtension><gpxtpx:cad>0</gpxtpx:cad></gpxtpx:TrackPointExtension></extensions></trkpt><trkpt lat="15.3694338351" lon="73.8114300091"><ele>8.31</ele><time>2025-11-17T04:00:02Z</time><extensions><gpxtpx:TrackPointExtension><gpxtpx:cad>0</gpxtpx:cad></gpxtpx:TrackPointExtension></extensions></trkpt><trkpt lat="15.3695637546" lon="73.8113069627"><ele>8.31</ele><time>2025-11-17T04:00:07Z</time><extensions><gpxtpx:TrackPointExtension><gpxtpx:cad>0</gpxtpx:cad></gpxtpx:TrackPointExtension></extensions></trkpt><trkpt lat="15.3696910758" lon="73.8111789711"><ele>7.83</ele><time>2025-11-17T04:00:12Z</time><extensions><gpxtpx:TrackPointExtension><gpxtpx:cad>0</gpxtpx:cad></gpxtpx:TrackPointExtension></extensions></trkpt><trkpt lat="15.3698204923" lon="73.8110623788"><ele>7.35</ele><time>2025-11-17T04:00:17Z</time><extensions><gpxtpx:TrackPointExtension><gpxtpx:cad>0</gpxtpx:cad></gpxtpx:TrackPointExtension></extensions></trkpt><trkpt lat="15.3699508309" lon="73.8109338004"><ele>7.35</ele><time>2025-11-17T04:00:22Z</time><extensions><gpxtpx:TrackPointExtension><gpxtpx:cad>0</gpxtpx:cad></gpxtpx:TrackPointExtension></extensions></trkpt><trkpt lat="15.3700779844" lon="73.8108059764"><ele>7.83</ele><time>2025-11-17T04:00:27Z</time><extensions><gpxtpx:TrackPointExtension><gpxtpx:cad>0</gpxtpx:cad></gpxtpx:TrackPointExtension></extensions></trkpt><trkpt lat="15.3702029586" lon="73.8106644060"><ele>7.83</ele><time>2025-11-17T04:00:32Z</time><extensions><gpxtpx:TrackPointExtension><gpxtpx:cad>0</gpxtpx:cad></gpxtpx:TrackPointExtension></extensions></trkpt><trkpt lat="15.3703236580" lon="73.8105347380"><ele>7.83</ele><time>2025-11-17T04:00:37Z</time><extensions><gpxtpx:TrackPointExtension><gpxtpx:cad>0</gpxtpx:cad></gpxtpx:TrackPointExtension></extensions></trkpt><trkpt lat="15.3704521526" lon="73.8104081713"><ele>7.35</ele><time>2025-11-17T04:00:42Z</time><extensions><gpxtpx:TrackPointExtension><gpxtpx:cad>0</gpxtpx:cad></gpxtpx:TrackPointExtension></extensions></trkpt><trkpt lat="15.3705913760" lon="73.8102794252"><ele>7.35</ele><time>2025-11-17T04:00:47Z</time><extensions><gpxtpx:TrackPointExtension><gpxtpx:cad>0</gpxtpx:cad></gpxtpx:TrackPointExtension></extensions></trkpt><trkpt lat="15.3707213793" lon="73.8101457339"><ele>7.83</ele><time>2025-11-17T04:00:52Z</time><extensions><gpxtpx:TrackPointExtension><gpxtpx:cad>0</gpxtpx:cad></gpxtpx:TrackPointExtension></extensions></trkpt><trkpt lat="15.3708405700" lon="73.8100085221"><ele>7.83</ele><time>2025-11-17T04:00:57Z</time><extensions><gpxtpx:TrackPointExtension><gpxtpx:cad>0</gpxtpx:cad></gpxtpx:TrackPointExtension></extensions></trkpt><trkpt lat="15.3709520493" lon="73.8098692149"><ele>7.83</ele><time>2025-11-17T04:01:02Z</time><extensions><gpxtpx:TrackPointExtension><gpxtpx:cad>0</gpxtpx:cad></gpxtpx:TrackPointExtension></extensions></trkpt><trkpt lat="15.3710723296" lon="73.8097340986"><ele>7.83</ele><time>2025-11-17T04:01:07Z</time><extensions><gpxtpx:TrackPointExtension><gpxtpx:cad>0</gpxtpx:cad></gpxtpx:TrackPointExtension></extensions></trkpt><trkpt lat="15.3712003212" lon="73.8096013293"><ele>7.83</ele><time>2025-11-17T04:01:12Z</time><extensions><gpxtpx:TrackPointExtension><gpxtpx:cad>0</gpxtpx:cad></gpxtpx:TrackPointExtension></extensions></trkpt><trkpt lat="15.3713342641" lon="73.8094820548"><ele>7.83</ele><time>2025-11-17T04:01:17Z</time><extensions><gpxtpx:TrackPointExtension><gpxtpx:cad>0</gpxtpx:cad></gpxtpx:TrackPointExtension></extensions></trkpt><trkpt lat="15.3714692127" lon="73.8093711622"><ele>8.31</ele><time>2025-11-17T04:01:22Z</time><extensions><gpxtpx:TrackPointExtension><gpxtpx:cad>0</gpxtpx:cad></gpxtpx:TrackPointExtension></extensions></trkpt><trkpt lat="15.3716060892" lon="73.8092497084"><ele>7.83</ele><time>2025-11-17T04:01:27Z</time><extensions><gpxtpx:TrackPointExtension><gpxtpx:cad>0</gpxtpx:cad></gpxtpx:TrackPointExtension></extensions></trkpt><trkpt lat="15.3717431333" lon="73.8091330323"><ele>8.31</ele><time>2025-11-17T04:01:32Z</time><extensions><gpxtpx:TrackPointExtension><gpxtpx:cad>0</gpxtpx:cad></gpxtpx:TrackPointExtension></extensions></trkpt><trkpt lat="15.3718748968" lon="73.8090091478"><ele>8.31</ele><time>2025-11-17T04:01:37Z</time><extensions><gpxtpx:TrackPointExtension><gpxtpx:cad>0</gpxtpx:cad></gpxtpx:TrackPointExtension></extensions></trkpt><trkpt lat="15.3720037267" lon="73.8088905439"><ele>8.31</ele><time>2025-11-17T04:01:42Z</time><extensions><gpxtpx:TrackPointExtension><gpxtpx:cad>0</gpxtpx:cad></gpxtpx:TrackPointExtension></extensions></trkpt><trkpt lat="15.3721385915" lon="73.8087715209"><ele>8.79</ele><time>2025-11-17T04:01:47Z</time><extensions><gpxtpx:TrackPointExtension><gpxtpx:cad>0</gpxtpx:cad></gpxtpx:TrackPointExtension></extensions></trkpt><trkpt lat="15.3722804133" lon="73.8086491451"><ele>8.31</ele><time>2025-11-17T04:01:52Z</time><extensions><gpxtpx:TrackPointExtension><gpxtpx:cad>0</gpxtpx:cad></gpxtpx:TrackPointExtension></extensions></trkpt><trkpt lat="15.3724107519" lon="73.8085234165"><ele>8.31</ele><time>2025-11-17T04:01:57Z</time><extensions><gpxtpx:TrackPointExtension><gpxtpx:cad>0</gpxtpx:cad></gpxtpx:TrackPointExtension></extensions></trkpt><trkpt lat="15.3725347202" lon="73.8083970174"><ele>8.31</ele><time>2025-11-17T04:02:02Z</time><extensions><gpxtpx:TrackPointExtension><gpxtpx:cad>0</gpxtpx:cad></gpxtpx:TrackPointExtension></extensions></trkpt><trkpt lat="15.3726593591" lon="73.8082732167"><ele>8.31</ele><time>2025-11-17T04:02:07Z</time><extensions><gpxtpx:TrackPointExtension><gpxtpx:cad>0</gpxtpx:cad></gpxtpx:TrackPointExtension></extensions></trkpt><trkpt lat="15.3727839980" lon="73.8081506733"><ele>8.31</ele><time>2025-11-17T04:02:12Z</time><extensions><gpxtpx:TrackPointExtension><gpxtpx:cad>0</gpxtpx:cad></gpxtpx:TrackPointExtension></extensions></trkpt><trkpt lat="15.3729088884" lon="73.8080179878"><ele>8.79</ele><time>2025-11-17T04:02:17Z</time><extensions><gpxtpx:TrackPointExtension><gpxtpx:cad>0</gpxtpx:cad></gpxtpx:TrackPointExtension></extensions></trkpt><trkpt lat="15.3730273247" lon="73.8078766689"><ele>8.79</ele><time>2025-11-17T04:02:22Z</time><extensions><gpxtpx:TrackPointExtension><gpxtpx:cad>0</gpxtpx:cad></gpxtpx:TrackPointExtension></extensions></trkpt><trkpt lat="15.3731459286" lon="73.8077398762"><ele>8.31</ele><time>2025-11-17T04:02:27Z</time><extensions><gpxtpx:TrackPointExtension><gpxtpx:cad>0</gpxtpx:cad></gpxtpx:TrackPointExtension></extensions></trkpt><trkpt lat="15.3732727468" lon="73.8076119684"><ele>7.83</ele><time>2025-11-17T04:02:32Z</time><extensions><gpxtpx:TrackPointExtension><gpxtpx:cad>0</gpxtpx:cad></gpxtpx:TrackPointExtension></extensions></trkpt><trkpt lat="15.3734077793" lon="73.8074837252"><ele>7.83</ele><time>2025-11-17T04:02:37Z</time><extensions><gpxtpx:TrackPointExtension><gpxtpx:cad>0</gpxtpx:cad></gpxtpx:TrackPointExtension></extensions></trkpt><trkpt lat="15.3735437337" lon="73.8073599245"><ele>7.35</ele><time>2025-11-17T04:02:42Z</time><extensions><gpxtpx:TrackPointExtension><gpxtpx:cad>0</gpxtpx:cad></gpxtpx:TrackPointExtension></extensions></trkpt><trkpt lat="15.3736760002" lon="73.8072357886"><ele>6.87</ele><time>2025-11-17T04:02:47Z</time><extensions><gpxtpx:TrackPointExtension><gpxtpx:cad>0</gpxtpx:cad></gpxtpx:TrackPointExtension></extensions></trkpt><trkpt lat="15.3738086857" lon="73.8071048632"><ele>6.87</ele><time>2025-11-17T04:02:52Z</time><extensions><gpxtpx:TrackPointExtension><gpxtpx:cad>0</gpxtpx:cad></gpxtpx:TrackPointExtension></extensions></trkpt><trkpt lat="15.3739458974" lon="73.8069772907"><ele>6.39</ele><time>2025-11-17T04:02:57Z</time><extensions><gpxtpx:TrackPointExtension><gpxtpx:cad>0</gpxtpx:cad></gpxtpx:TrackPointExtension></extensions></trkpt><trkpt lat="15.3740743920" lon="73.8068490475"><ele>6.39</ele><time>2025-11-17T04:03:02Z</time><extensions><gpxtpx:TrackPointExtension><gpxtpx:cad>0</gpxtpx:cad></gpxtpx:TrackPointExtension></extensions></trkpt><trkpt lat="15.3742038086" lon="73.8067216426"><ele>6.39</ele><time>2025-11-17T04:03:07Z</time><extensions><gpxtpx:TrackPointExtension><gpxtpx:cad>0</gpxtpx:cad></gpxtpx:TrackPointExtension></extensions></trkpt><trkpt lat="15.3743357398" lon="73.8065926451"><ele>5.91</ele><time>2025-11-17T04:03:12Z</time><extensions><gpxtpx:TrackPointExtension><gpxtpx:cad>0</gpxtpx:cad></gpxtpx:TrackPointExtension></extensions></trkpt><trkpt lat="15.3744695149" lon="73.8064678386"><ele>5.91</ele><time>2025-11-17T04:03:17Z</time><extensions><gpxtpx:TrackPointExtension><gpxtpx:cad>0</gpxtpx:cad></gpxtpx:TrackPointExtension></extensions></trkpt><trkpt lat="15.3746016137" lon="73.8063445408"><ele>5.91</ele><time>2025-11-17T04:03:22Z</time><extensions><gpxtpx:TrackPointExtension><gpxtpx:cad>0</gpxtpx:cad></gpxtpx:TrackPointExtension></extensions></trkpt><trkpt lat="15.3747334611" lon="73.8062157948"><ele>6.39</ele><time>2025-11-17T04:03:27Z</time><extensions><gpxtpx:TrackPointExtension><gpxtpx:cad>0</gpxtpx:cad></gpxtpx:TrackPointExtension></extensions></trkpt><trkpt lat="15.3748696670" lon="73.8060826063"><ele>6.39</ele><time>2025-11-17T04:03:32Z</time><extensions><gpxtpx:TrackPointExtension><gpxtpx:cad>0</gpxtpx:cad></gpxtpx:TrackPointExtension></extensions></trkpt><trkpt lat="15.3749998379" lon="73.8059472386"><ele>6.87</ele><time>2025-11-17T04:03:37Z</time><extensions><gpxtpx:TrackPointExtension><gpxtpx:cad>0</gpxtpx:cad></gpxtpx:TrackPointExtension></extensions></trkpt><trkpt lat="15.3751280811" lon="73.8058174867"><ele>7.35</ele><time>2025-11-17T04:03:42Z</time><extensions><gpxtpx:TrackPointExtension><gpxtpx:cad>0</gpxtpx:cad></gpxtpx:TrackPointExtension></extensions></trkpt><trkpt lat="15.3752686456" lon="73.8056933507"><ele>7.83</ele><time>2025-11-17T04:03:47Z</time><extensions><gpxtpx:TrackPointExtension><gpxtpx:cad>0</gpxtpx:cad></gpxtpx:TrackPointExtension></extensions></trkpt><trkpt lat="15.3754067793" lon="73.8055745792"><ele>7.83</ele><time>2025-11-17T04:03:52Z</time><extensions><gpxtpx:TrackPointExtension><gpxtpx:cad>0</gpxtpx:cad></gpxtpx:TrackPointExtension></extensions></trkpt><trkpt lat="15.3755373694" lon="73.8054546341"><ele>7.83</ele><time>2025-11-17T04:03:57Z</time><extensions><gpxtpx:TrackPointExtension><gpxtpx:cad>0</gpxtpx:cad></gpxtpx:TrackPointExtension></extensions></trkpt><trkpt lat="15.3756696358" lon="73.8053262234"><ele>7.83</ele><time>2025-11-17T04:04:02Z</time><extensions><gpxtpx:TrackPointExtension><gpxtpx:cad>0</gpxtpx:cad></gpxtpx:TrackPointExtension></extensions></trkpt><trkpt lat="15.3758032434" lon="73.8051961362"><ele>8.31</ele><time>2025-11-17T04:04:07Z</time><extensions><gpxtpx:TrackPointExtension><gpxtpx:cad>0</gpxtpx:cad></gpxtpx:TrackPointExtension></extensions></trkpt><trkpt lat="15.3759278823" lon="73.8050606847"><ele>8.31</ele><time>2025-11-17T04:04:12Z</time><extensions><gpxtpx:TrackPointExtension><gpxtpx:cad>0</gpxtpx:cad></gpxtpx:TrackPointExtension></extensions></trkpt><trkpt lat="15.3760512639" lon="73.8049319386"><ele>7.83</ele><time>2025-11-17T04:04:17Z</time><extensions><gpxtpx:TrackPointExtension><gpxtpx:cad>0</gpxtpx:cad></gpxtpx:TrackPointExtension></extensions></trkpt><trkpt lat="15.3761850391" lon="73.8048029412"><ele>8.31</ele><time>2025-11-17T04:04:22Z</time><extensions><gpxtpx:TrackPointExtension><gpxtpx:cad>0</gpxtpx:cad></gpxtpx:TrackPointExtension></extensions></trkpt><trkpt lat="15.3763134498" lon="73.8046686631"><ele>8.31</ele><time>2025-11-17T04:04:27Z</time><extensions><gpxtpx:TrackPointExtension><gpxtpx:cad>0</gpxtpx:cad></gpxtpx:TrackPointExtension></extensions></trkpt><trkpt lat="15.3764308803" lon="73.8045274280"><ele>8.31</ele><time>2025-11-17T04:04:32Z</time><extensions><gpxtpx:TrackPointExtension><gpxtpx:cad>0</gpxtpx:cad></gpxtpx:TrackPointExtension></extensions></trkpt><trkpt lat="15.3765384201" lon="73.8043732010"><ele>8.79</ele><time>2025-11-17T04:04:37Z</time><extensions><gpxtpx:TrackPointExtension><gpxtpx:cad>0</gpxtpx:cad></gpxtpx:TrackPointExtension></extensions></trkpt><trkpt lat="15.3766467981" lon="73.8042192254"><ele>9.27</ele><time>2025-11-17T04:04:42Z</time><extensions><gpxtpx:TrackPointExtension><gpxtpx:cad>0</gpxtpx:cad></gpxtpx:TrackPointExtension></extensions></trkpt><trkpt lat="15.3767757956" lon="73.8040811755"><ele>8.79</ele><time>2025-11-17T04:04:47Z</time><extensions><gpxtpx:TrackPointExtension><gpxtpx:cad>0</gpxtpx:cad></gpxtpx:TrackPointExtension></extensions></trkpt><trkpt lat="15.3769107442" lon="73.8039576262"><ele>8.79</ele><time>2025-11-17T04:04:52Z</time><extensions><gpxtpx:TrackPointExtension><gpxtpx:cad>0</gpxtpx:cad></gpxtpx:TrackPointExtension></extensions></trkpt><trkpt lat="15.3770376462" lon="73.8038257789"><ele>8.31</ele><time>2025-11-17T04:04:57Z</time><extensions><gpxtpx:TrackPointExtension><gpxtpx:cad>0</gpxtpx:cad></gpxtpx:TrackPointExtension></extensions></trkpt><trkpt lat="15.3771393187" lon="73.8036707975"><ele>8.79</ele><time>2025-11-17T04:05:02Z</time><extensions><gpxtpx:TrackPointExtension><gpxtpx:cad>0</gpxtpx:cad></gpxtpx:TrackPointExtension></extensions></trkpt><trkpt lat="15.3772307653" lon="73.8035083562"><ele>8.79</ele><time>2025-11-17T04:05:07Z</time><extensions><gpxtpx:TrackPointExtension><gpxtpx:cad>0</gpxtpx:cad></gpxtpx:TrackPointExtension></extensions></trkpt><trkpt lat="15.3773317672" lon="73.8033516146"><ele>8.79</ele><time>2025-11-17T04:05:12Z</time><extensions><gpxtpx:TrackPointExtension><gpxtpx:cad>0</gpxtpx:cad></gpxtpx:TrackPointExtension></extensions></trkpt><trkpt lat="15.3774351161" lon="73.8031939510"><ele>8.31</ele><time>2025-11-17T04:05:17Z</time><extensions><gpxtpx:TrackPointExtension><gpxtpx:cad>0</gpxtpx:cad></gpxtpx:TrackPointExtension></extensions></trkpt><trkpt lat="15.3775321785" lon="73.8030365389"><ele>8.31</ele><time>2025-11-17T04:05:22Z</time><extensions><gpxtpx:TrackPointExtension><gpxtpx:cad>0</gpxtpx:cad></gpxtpx:TrackPointExtension></extensions></trkpt><trkpt lat="15.3776320908" lon="73.8028812222"><ele>8.31</ele><time>2025-11-17T04:05:27Z</time><extensions><gpxtpx:TrackPointExtension><gpxtpx:cad>0</gpxtpx:cad></gpxtpx:TrackPointExtension></extensions></trkpt><trkpt lat="15.3777273931" lon="73.8027202059"><ele>8.79</ele><time>2025-11-17T04:05:32Z</time><extensions><gpxtpx:TrackPointExtension><gpxtpx:cad>0</gpxtpx:cad></gpxtpx:TrackPointExtension></extensions></trkpt><trkpt lat="15.3778159060" lon="73.8025553338"><ele>8.31</ele><time>2025-11-17T04:05:37Z</time><extensions><gpxtpx:TrackPointExtension><gpxtpx:cad>0</gpxtpx:cad></gpxtpx:TrackPointExtension></extensions></trkpt><trkpt lat="15.3779019043" lon="73.8023930602"><ele>8.31</ele><time>2025-11-17T04:05:42Z</time><extensions><gpxtpx:TrackPointExtension><gpxtpx:cad>0</gpxtpx:cad></gpxtpx:TrackPointExtension></extensions></trkpt><trkpt lat="15.3779948596" lon="73.8022315409"><ele>8.31</ele><time>2025-11-17T04:05:47Z</time><extensions><gpxtpx:TrackPointExtension><gpxtpx:cad>0</gpxtpx:cad></gpxtpx:TrackPointExtension></extensions></trkpt><trkpt lat="15.3780875634" lon="73.8020696025"><ele>7.83</ele><time>2025-11-17T04:05:52Z</time><extensions><gpxtpx:TrackPointExtension><gpxtpx:cad>0</gpxtpx:cad></gpxtpx:TrackPointExtension></extensions></trkpt><trkpt lat="15.3781798482" lon="73.8019121904"><ele>7.83</ele><time>2025-11-17T04:05:57Z</time><extensions><gpxtpx:TrackPointExtension><gpxtpx:cad>0</gpxtpx:cad></gpxtpx:TrackPointExtension></extensions></trkpt><trkpt lat="15.3782775812" lon="73.8017515093"><ele>7.83</ele><time>2025-11-17T04:06:02Z</time><extensions><gpxtpx:TrackPointExtension><gpxtpx:cad>0</gpxtpx:cad></gpxtpx:TrackPointExtension></extensions></trkpt><trkpt lat="15.3783691116" lon="73.8015901577"><ele>7.83</ele><time>2025-11-17T04:06:07Z</time><extensions><gpxtpx:TrackPointExtension><gpxtpx:cad>0</gpxtpx:cad></gpxtpx:TrackPointExtension></extensions></trkpt><trkpt lat="15.3784588818" lon="73.8014306501"><ele>7.83</ele><time>2025-11-17T04:06:12Z</time><extensions><gpxtpx:TrackPointExtension><gpxtpx:cad>0</gpxtpx:cad></gpxtpx:TrackPointExtension></extensions></trkpt><trkpt lat="15.3785636555" lon="73.8012718968"><ele>8.31</ele><time>2025-11-17T04:06:17Z</time><extensions><gpxtpx:TrackPointExtension><gpxtpx:cad>0</gpxtpx:cad></gpxtpx:TrackPointExtension></extensions></trkpt><trkpt lat="15.3786731232" lon="73.8011196814"><ele>8.79</ele><time>2025-11-17T04:06:22Z</time><extensions><gpxtpx:TrackPointExtension><gpxtpx:cad>0</gpxtpx:cad></gpxtpx:TrackPointExtension></extensions></trkpt><trkpt lat="15.3787761368" lon="73.8009635266"><ele>8.79</ele><time>2025-11-17T04:06:27Z</time><extensions><gpxtpx:TrackPointExtension><gpxtpx:cad>0</gpxtpx:cad></gpxtpx:TrackPointExtension></extensions></trkpt><trkpt lat="15.3788654879" lon="73.8008006662"><ele>8.79</ele><time>2025-11-17T04:06:32Z</time><extensions><gpxtpx:TrackPointExtension><gpxtpx:cad>0</gpxtpx:cad></gpxtpx:TrackPointExtension></extensions></trkpt><trkpt lat="15.3789415956" lon="73.8006323576"><ele>8.79</ele><time>2025-11-17T04:06:37Z</time><extensions><gpxtpx:TrackPointExtension><gpxtpx:cad>0</gpxtpx:cad></gpxtpx:TrackPointExtension></extensions></trkpt><trkpt lat="15.3790115844" lon="73.8004587684"><ele>8.31</ele><time>2025-11-17T04:06:42Z</time><extensions><gpxtpx:TrackPointExtension><gpxtpx:cad>0</gpxtpx:cad></gpxtpx:TrackPointExtension></extensions></trkpt><trkpt lat="15.3790750355" lon="73.8002852630"><ele>8.31</ele><time>2025-11-17T04:06:47Z</time><extensions><gpxtpx:TrackPointExtension><gpxtpx:cad>0</gpxtpx:cad></gpxtpx:TrackPointExtension></extensions></trkpt><trkpt lat="15.3791505564" lon="73.8001103327"><ele>8.31</ele><time>2025-11-17T04:06:52Z</time><extensions><gpxtpx:TrackPointExtension><gpxtpx:cad>0</gpxtpx:cad></gpxtpx:TrackPointExtension></extensions></trkpt><trkpt lat="15.3792523127" lon="73.7999542616"><ele>8.31</ele><time>2025-11-17T04:06:57Z</time><extensions><gpxtpx:TrackPointExtension><gpxtpx:cad>0</gpxtpx:cad></gpxtpx:TrackPointExtension></extensions></trkpt><trkpt lat="15.3793658875" lon="73.7997959275"><ele>8.31</ele><time>2025-11-17T04:07:02Z</time><extensions><gpxtpx:TrackPointExtension><gpxtpx:cad>0</gpxtpx:cad></gpxtpx:TrackPointExtension></extensions></trkpt><trkpt lat="15.3794689011" lon="73.7996377610"><ele>8.79</ele><time>2025-11-17T04:07:07Z</time><extensions><gpxtpx:TrackPointExtension><gpxtpx:cad>0</gpxtpx:cad></gpxtpx:TrackPointExtension></extensions></trkpt><trkpt lat="15.3795737587" lon="73.7994855456"><ele>8.31</ele><time>2025-11-17T04:07:12Z</time><extensions><gpxtpx:TrackPointExtension><gpxtpx:cad>0</gpxtpx:cad></gpxtpx:TrackPointExtension></extensions></trkpt><trkpt lat="15.3796771076" lon="73.7993226014"><ele>8.79</ele><time>2025-11-17T04:07:17Z</time><extensions><gpxtpx:TrackPointExtension><gpxtpx:cad>0</gpxtpx:cad></gpxtpx:TrackPointExtension></extensions></trkpt><trkpt lat="15.3797731642" lon="73.7991563044"><ele>8.79</ele><time>2025-11-17T04:07:22Z</time><extensions><gpxtpx:TrackPointExtension><gpxtpx:cad>0</gpxtpx:cad></gpxtpx:TrackPointExtension></extensions></trkpt><trkpt lat="15.3798619285" lon="73.7989879120"><ele>9.27</ele><time>2025-11-17T04:07:27Z</time><extensions><gpxtpx:TrackPointExtension><gpxtpx:cad>0</gpxtpx:cad></gpxtpx:TrackPointExtension></extensions></trkpt><trkpt lat="15.3799495194" lon="73.7988205254"><ele>9.27</ele><time>2025-11-17T04:07:32Z</time><extensions><gpxtpx:TrackPointExtension><gpxtpx:cad>0</gpxtpx:cad></gpxtpx:TrackPointExtension></extensions></trkpt><trkpt lat="15.3800467495" lon="73.7986518815"><ele>9.75</ele><time>2025-11-17T04:07:37Z</time><extensions><gpxtpx:TrackPointExtension><gpxtpx:cad>0</gpxtpx:cad></gpxtpx:TrackPointExtension></extensions></trkpt><trkpt lat="15.3801245335" lon="73.7984836567"><ele>9.27</ele><time>2025-11-17T04:07:42Z</time><extensions><gpxtpx:TrackPointExtension><gpxtpx:cad>0</gpxtpx:cad></gpxtpx:TrackPointExtension></extensions></trkpt><trkpt lat="15.3801959474" lon="73.7983155157"><ele>8.79</ele><time>2025-11-17T04:07:47Z</time><extensions><gpxtpx:TrackPointExtension><gpxtpx:cad>0</gpxtpx:cad></gpxtpx:TrackPointExtension></extensions></trkpt><trkpt lat="15.3802665230" lon="73.7981415074"><ele>9.27</ele><time>2025-11-17T04:07:52Z</time><extensions><gpxtpx:TrackPointExtension><gpxtpx:cad>0</gpxtpx:cad></gpxtpx:TrackPointExtension></extensions></trkpt><trkpt lat="15.3803393617" lon="73.7979669962"><ele>9.75</ele><time>2025-11-17T04:07:57Z</time><extensions><gpxtpx:TrackPointExtension><gpxtpx:cad>0</gpxtpx:cad></gpxtpx:TrackPointExtension></extensions></trkpt><trkpt lat="15.3804080095" lon="73.7977985200"><ele>9.75</ele><time>2025-11-17T04:08:02Z</time><extensions><gpxtpx:TrackPointExtension><gpxtpx:cad>0</gpxtpx:cad></gpxtpx:TrackPointExtension></extensions></trkpt><trkpt lat="15.3804743942" lon="73.7976228353"><ele>10.23</ele><time>2025-11-17T04:08:07Z</time><extensions><gpxtpx:TrackPointExtension><gpxtpx:cad>0</gpxtpx:cad></gpxtpx:TrackPointExtension></extensions></trkpt><trkpt lat="15.3805433773" lon="73.7974528503"><ele>10.23</ele><time>2025-11-17T04:08:12Z</time><extensions><gpxtpx:TrackPointExtension><gpxtpx:cad>0</gpxtpx:cad></gpxtpx:TrackPointExtension></extensions></trkpt><trkpt lat="15.3806155454" lon="73.7972896546"><ele>10.71</ele><time>2025-11-17T04:08:17Z</time><extensions><gpxtpx:TrackPointExtension><gpxtpx:cad>0</gpxtpx:cad></gpxtpx:TrackPointExtension></extensions></trkpt><trkpt lat="15.3806820139" lon="73.7971286383"><ele>10.71</ele><time>2025-11-17T04:08:22Z</time><extensions><gpxtpx:TrackPointExtension><gpxtpx:cad>0</gpxtpx:cad></gpxtpx:TrackPointExtension></extensions></trkpt><trkpt lat="15.3807409387" lon="73.7969637662"><ele>10.71</ele><time>2025-11-17T04:08:27Z</time><extensions><gpxtpx:TrackPointExtension><gpxtpx:cad>0</gpxtpx:cad></gpxtpx:TrackPointExtension></extensions></trkpt><trkpt lat="15.3807990253" lon="73.7967966311"><ele>11.19</ele><time>2025-11-17T04:08:32Z</time><extensions><gpxtpx:TrackPointExtension><gpxtpx:cad>0</gpxtpx:cad></gpxtpx:TrackPointExtension></extensions></trkpt><trkpt lat="15.3808690980" lon="73.7966408953"><ele>11.19</ele><time>2025-11-17T04:08:37Z</time><extensions><gpxtpx:TrackPointExtension><gpxtpx:cad>0</gpxtpx:cad></gpxtpx:TrackPointExtension></extensions></trkpt><trkpt lat="15.3809451219" lon="73.7964894343"><ele>10.71</ele><time>2025-11-17T04:08:42Z</time><extensions><gpxtpx:TrackPointExtension><gpxtpx:cad>0</gpxtpx:cad></gpxtpx:TrackPointExtension></extensions></trkpt><trkpt lat="15.3810224030" lon="73.7963295914"><ele>10.71</ele><time>2025-11-17T04:08:47Z</time><extensions><gpxtpx:TrackPointExtension><gpxtpx:cad>0</gpxtpx:cad></gpxtpx:TrackPointExtension></extensions></trkpt><trkpt lat="15.3811038751" lon="73.7961678207"><ele>11.19</ele><time>2025-11-17T04:08:52Z</time><extensions><gpxtpx:TrackPointExtension><gpxtpx:cad>0</gpxtpx:cad></gpxtpx:TrackPointExtension></extensions></trkpt><trkpt lat="15.3811708465" lon="73.7960048765"><ele>11.67</ele><time>2025-11-17T04:08:57Z</time><extensions><gpxtpx:TrackPointExtension><gpxtpx:cad>0</gpxtpx:cad></gpxtpx:TrackPointExtension></extensions></trkpt><trkpt lat="15.3812459484" lon="73.7958480511"><ele>12.15</ele><time>2025-11-17T04:09:02Z</time><extensions><gpxtpx:TrackPointExtension><gpxtpx:cad>0</gpxtpx:cad></gpxtpx:TrackPointExtension></extensions></trkpt><trkpt lat="15.3813250735" lon="73.7956944108"><ele>12.63</ele><time>2025-11-17T04:09:07Z</time><extensions><gpxtpx:TrackPointExtension><gpxtpx:cad>0</gpxtpx:cad></gpxtpx:TrackPointExtension></extensions></trkpt><trkpt lat="15.3814175259" lon="73.7955633178"><ele>13.12</ele><time>2025-11-17T04:09:12Z</time><extensions><gpxtpx:TrackPointExtension><gpxtpx:cad>0</gpxtpx:cad></gpxtpx:TrackPointExtension></extensions></trkpt><trkpt lat="15.3815432545" lon="73.7954819296"><ele>13.12</ele><time>2025-11-17T04:09:17Z</time><extensions><gpxtpx:TrackPointExtension><gpxtpx:cad>0</gpxtpx:cad></gpxtpx:TrackPointExtension></extensions></trkpt><trkpt lat="15.3816911951" lon="73.7954462226"><ele>12.15</ele><time>2025-11-17T04:09:22Z</time><extensions><gpxtpx:TrackPointExtension><gpxtpx:cad>0</gpxtpx:cad></gpxtpx:TrackPointExtension></extensions></trkpt><trkpt lat="15.3818578273" lon="73.7954331469"><ele>11.19</ele><time>2025-11-17T04:09:27Z</time><extensions><gpxtpx:TrackPointExtension><gpxtpx:cad>0</gpxtpx:cad></gpxtpx:TrackPointExtension></extensions></trkpt><trkpt lat="15.3820244595" lon="73.7954251841"><ele>11.67</ele><time>2025-11-17T04:09:32Z</time><extensions><gpxtpx:TrackPointExtension><gpxtpx:cad>0</gpxtpx:cad></gpxtpx:TrackPointExtension></extensions></trkpt><trkpt lat="15.3821918461" lon="73.7953789160"><ele>11.19</ele><time>2025-11-17T04:09:37Z</time><extensions><gpxtpx:TrackPointExtension><gpxtpx:cad>0</gpxtpx:cad></gpxtpx:TrackPointExtension></extensions></trkpt><trkpt lat="15.3823464084" lon="73.7953062449"><ele>11.19</ele><time>2025-11-17T04:09:42Z</time><extensions><gpxtpx:TrackPointExtension><gpxtpx:cad>0</gpxtpx:cad></gpxtpx:TrackPointExtension></extensions></trkpt><trkpt lat="15.3825022280" lon="73.7952277903"><ele>11.19</ele><time>2025-11-17T04:09:47Z</time><extensions><gpxtpx:TrackPointExtension><gpxtpx:cad>0</gpxtpx:cad></gpxtpx:TrackPointExtension></extensions></trkpt><trkpt lat="15.3826487437" lon="73.7951479107"><ele>11.19</ele><time>2025-11-17T04:09:52Z</time><extensions><gpxtpx:TrackPointExtension><gpxtpx:cad>0</gpxtpx:cad></gpxtpx:TrackPointExtension></extensions></trkpt><trkpt lat="15.3827930801" lon="73.7950495910"><ele>10.71</ele><time>2025-11-17T04:09:57Z</time><extensions><gpxtpx:TrackPointExtension><gpxtpx:cad>0</gpxtpx:cad></gpxtpx:TrackPointExtension></extensions></trkpt><trkpt lat="15.3829345666" lon="73.7949468289"><ele>10.23</ele><time>2025-11-17T04:10:02Z</time><extensions><gpxtpx:TrackPointExtension><gpxtpx:cad>0</gpxtpx:cad></gpxtpx:TrackPointExtension></extensions></trkpt><trkpt lat="15.3830800764" lon="73.7948583160"><ele>9.75</ele><time>2025-11-17T04:10:07Z</time><extensions><gpxtpx:TrackPointExtension><gpxtpx:cad>0</gpxtpx:cad></gpxtpx:TrackPointExtension></extensions></trkpt><trkpt lat="15.3832291067" lon="73.7947653607"><ele>10.23</ele><time>2025-11-17T04:10:12Z</time><extensions><gpxtpx:TrackPointExtension><gpxtpx:cad>0</gpxtpx:cad></gpxtpx:TrackPointExtension></extensions></trkpt><trkpt lat="15.3833819926" lon="73.7946776859"><ele>10.71</ele><time>2025-11-17T04:10:17Z</time><extensions><gpxtpx:TrackPointExtension><gpxtpx:cad>0</gpxtpx:cad></gpxtpx:TrackPointExtension></extensions></trkpt><trkpt lat="15.3835362196" lon="73.7945859879"><ele>10.23</ele><time>2025-11-17T04:10:22Z</time><extensions><gpxtpx:TrackPointExtension><gpxtpx:cad>0</gpxtpx:cad></gpxtpx:TrackPointExtension></extensions></trkpt><trkpt lat="15.3836849984" lon="73.7944941223"><ele>9.75</ele><time>2025-11-17T04:10:27Z</time><extensions><gpxtpx:TrackPointExtension><gpxtpx:cad>0</gpxtpx:cad></gpxtpx:TrackPointExtension></extensions></trkpt><trkpt lat="15.3838445898" lon="73.7944194395"><ele>9.75</ele><time>2025-11-17T04:10:32Z</time><extensions><gpxtpx:TrackPointExtension><gpxtpx:cad>0</gpxtpx:cad></gpxtpx:TrackPointExtension></extensions></trkpt><trkpt lat="15.3839980625" lon="73.7943299208"><ele>9.27</ele><time>2025-11-17T04:10:37Z</time><extensions><gpxtpx:TrackPointExtension><gpxtpx:cad>0</gpxtpx:cad></gpxtpx:TrackPointExtension></extensions></trkpt><trkpt lat="15.3841519542" lon="73.7942364626"><ele>9.27</ele><time>2025-11-17T04:10:42Z</time><extensions><gpxtpx:TrackPointExtension><gpxtpx:cad>0</gpxtpx:cad></gpxtpx:TrackPointExtension></extensions></trkpt><trkpt lat="15.3843110427" lon="73.7941544876"><ele>9.27</ele><time>2025-11-17T04:10:47Z</time><extensions><gpxtpx:TrackPointExtension><gpxtpx:cad>0</gpxtpx:cad></gpxtpx:TrackPointExtension></extensions></trkpt><trkpt lat="15.3844796866" lon="73.7940758653"><ele>10.23</ele><time>2025-11-17T04:10:52Z</time><extensions><gpxtpx:TrackPointExtension><gpxtpx:cad>0</gpxtpx:cad></gpxtpx:TrackPointExtension></extensions></trkpt><trkpt lat="15.3846458998" lon="73.7940037809"><ele>9.75</ele><time>2025-11-17T04:10:57Z</time><extensions><gpxtpx:TrackPointExtension><gpxtpx:cad>0</gpxtpx:cad></gpxtpx:TrackPointExtension></extensions></trkpt><trkpt lat="15.3848028090" lon="73.7939148489"><ele>10.23</ele><time>2025-11-17T04:11:02Z</time><extensions><gpxtpx:TrackPointExtension><gpxtpx:cad>0</gpxtpx:cad></gpxtpx:TrackPointExtension></extensions></trkpt><trkpt lat="15.3849644121" lon="73.7938260846"><ele>9.75</ele><time>2025-11-17T04:11:07Z</time><extensions><gpxtpx:TrackPointExtension><gpxtpx:cad>0</gpxtpx:cad></gpxtpx:TrackPointExtension></extensions></trkpt><trkpt lat="15.3851359058" lon="73.7937376555"><ele>9.27</ele><time>2025-11-17T04:11:12Z</time><extensions><gpxtpx:TrackPointExtension><gpxtpx:cad>0</gpxtpx:cad></gpxtpx:TrackPointExtension></extensions></trkpt><trkpt lat="15.3852949943" lon="73.7936497293"><ele>9.27</ele><time>2025-11-17T04:11:17Z</time><extensions><gpxtpx:TrackPointExtension><gpxtpx:cad>0</gpxtpx:cad></gpxtpx:TrackPointExtension></extensions></trkpt><trkpt lat="15.3854595311" lon="73.7935654074"><ele>8.79</ele><time>2025-11-17T04:11:22Z</time><extensions><gpxtpx:TrackPointExtension><gpxtpx:cad>0</gpxtpx:cad></gpxtpx:TrackPointExtension></extensions></trkpt><trkpt lat="15.3856232297" lon="73.7934790738"><ele>8.79</ele><time>2025-11-17T04:11:27Z</time><extensions><gpxtpx:TrackPointExtension><gpxtpx:cad>0</gpxtpx:cad></gpxtpx:TrackPointExtension></extensions></trkpt><trkpt lat="15.3857861739" lon="73.7933819275"><ele>8.31</ele><time>2025-11-17T04:11:32Z</time><extensions><gpxtpx:TrackPointExtension><gpxtpx:cad>0</gpxtpx:cad></gpxtpx:TrackPointExtension></extensions></trkpt><trkpt lat="15.3859509621" lon="73.7932877988"><ele>7.83</ele><time>2025-11-17T04:11:37Z</time><extensions><gpxtpx:TrackPointExtension><gpxtpx:cad>0</gpxtpx:cad></gpxtpx:TrackPointExtension></extensions></trkpt><trkpt lat="15.3861075360" lon="73.7931888923"><ele>7.83</ele><time>2025-11-17T04:11:42Z</time><extensions><gpxtpx:TrackPointExtension><gpxtpx:cad>0</gpxtpx:cad></gpxtpx:TrackPointExtension></extensions></trkpt><trkpt lat="15.3862679657" lon="73.7930871360"><ele>7.83</ele><time>2025-11-17T04:11:47Z</time><extensions><gpxtpx:TrackPointExtension><gpxtpx:cad>0</gpxtpx:cad></gpxtpx:TrackPointExtension></extensions></trkpt><trkpt lat="15.3864214383" lon="73.7929818593"><ele>7.83</ele><time>2025-11-17T04:11:52Z</time><extensions><gpxtpx:TrackPointExtension><gpxtpx:cad>0</gpxtpx:cad></gpxtpx:TrackPointExtension></extensions></trkpt><trkpt lat="15.3865712229" lon="73.7928721402"><ele>7.83</ele><time>2025-11-17T04:11:57Z</time><extensions><gpxtpx:TrackPointExtension><gpxtpx:cad>0</gpxtpx:cad></gpxtpx:TrackPointExtension></extensions></trkpt><trkpt lat="15.3867219295" lon="73.7927558832"><ele>7.83</ele><time>2025-11-17T04:12:02Z</time><extensions><gpxtpx:TrackPointExtension><gpxtpx:cad>0</gpxtpx:cad></gpxtpx:TrackPointExtension></extensions></trkpt><trkpt lat="15.3868722171" lon="73.7926351838"><ele>8.31</ele><time>2025-11-17T04:12:07Z</time><extensions><gpxtpx:TrackPointExtension><gpxtpx:cad>0</gpxtpx:cad></gpxtpx:TrackPointExtension></extensions></trkpt><trkpt lat="15.3870121948" lon="73.7925119698"><ele>8.31</ele><time>2025-11-17T04:12:12Z</time><extensions><gpxtpx:TrackPointExtension><gpxtpx:cad>0</gpxtpx:cad></gpxtpx:TrackPointExtension></extensions></trkpt><trkpt lat="15.3871473111" lon="73.7923835590"><ele>8.31</ele><time>2025-11-17T04:12:17Z</time><extensions><gpxtpx:TrackPointExtension><gpxtpx:cad>0</gpxtpx:cad></gpxtpx:TrackPointExtension></extensions></trkpt><trkpt lat="15.3872939944" lon="73.7922712415"><ele>8.31</ele><time>2025-11-17T04:12:22Z</time><extensions><gpxtpx:TrackPointExtension><gpxtpx:cad>0</gpxtpx:cad></gpxtpx:TrackPointExtension></extensions></trkpt><trkpt lat="15.3874456231" lon="73.7921675574"><ele>8.31</ele><time>2025-11-17T04:12:27Z</time><extensions><gpxtpx:TrackPointExtension><gpxtpx:cad>0</gpxtpx:cad></gpxtpx:TrackPointExtension></extensions></trkpt><trkpt lat="15.3875964973" lon="73.7920671422"><ele>8.31</ele><time>2025-11-17T04:12:32Z</time><extensions><gpxtpx:TrackPointExtension><gpxtpx:cad>0</gpxtpx:cad></gpxtpx:TrackPointExtension></extensions></trkpt><trkpt lat="15.3877449408" lon="73.7919630390"><ele>8.31</ele><time>2025-11-17T04:12:37Z</time><extensions><gpxtpx:TrackPointExtension><gpxtpx:cad>0</gpxtpx:cad></gpxtpx:TrackPointExtension></extensions></trkpt><trkpt lat="15.3879034426" lon="73.7918558344"><ele>8.79</ele><time>2025-11-17T04:12:42Z</time><extensions><gpxtpx:TrackPointExtension><gpxtpx:cad>0</gpxtpx:cad></gpxtpx:TrackPointExtension></extensions></trkpt><trkpt lat="15.3880530596" lon="73.7917486299"><ele>8.79</ele><time>2025-11-17T04:12:47Z</time><extensions><gpxtpx:TrackPointExtension><gpxtpx:cad>0</gpxtpx:cad></gpxtpx:TrackPointExtension></extensions></trkpt><trkpt lat="15.3881942946" lon="73.7916341331"><ele>8.79</ele><time>2025-11-17T04:12:52Z</time><extensions><gpxtpx:TrackPointExtension><gpxtpx:cad>0</gpxtpx:cad></gpxtpx:TrackPointExtension></extensions></trkpt><trkpt lat="15.3883372061" lon="73.7915141881"><ele>8.79</ele><time>2025-11-17T04:12:57Z</time><extensions><gpxtpx:TrackPointExtension><gpxtpx:cad>0</gpxtpx:cad></gpxtpx:TrackPointExtension></extensions></trkpt><trkpt lat="15.3884771839" lon="73.7913897168"><ele>8.79</ele><time>2025-11-17T04:13:02Z</time><extensions><gpxtpx:TrackPointExtension><gpxtpx:cad>0</gpxtpx:cad></gpxtpx:TrackPointExtension></extensions></trkpt><trkpt lat="15.3886153176" lon="73.7912608031"><ele>8.31</ele><time>2025-11-17T04:13:07Z</time><extensions><gpxtpx:TrackPointExtension><gpxtpx:cad>0</gpxtpx:cad></gpxtpx:TrackPointExtension></extensions></trkpt><trkpt lat="15.3887599893" lon="73.7911450490"><ele>7.83</ele><time>2025-11-17T04:13:12Z</time><extensions><gpxtpx:TrackPointExtension><gpxtpx:cad>0</gpxtpx:cad></gpxtpx:TrackPointExtension></extensions></trkpt><trkpt lat="15.3888970334" lon="73.7910236791"><ele>7.83</ele><time>2025-11-17T04:13:17Z</time><extensions><gpxtpx:TrackPointExtension><gpxtpx:cad>0</gpxtpx:cad></gpxtpx:TrackPointExtension></extensions></trkpt><trkpt lat="15.3890404478" lon="73.7909073383"><ele>8.31</ele><time>2025-11-17T04:13:22Z</time><extensions><gpxtpx:TrackPointExtension><gpxtpx:cad>0</gpxtpx:cad></gpxtpx:TrackPointExtension></extensions></trkpt><trkpt lat="15.3891866282" lon="73.7907951046"><ele>8.31</ele><time>2025-11-17T04:13:27Z</time><extensions><gpxtpx:TrackPointExtension><gpxtpx:cad>0</gpxtpx:cad></gpxtpx:TrackPointExtension></extensions></trkpt><trkpt lat="15.3893289529" lon="73.7906902470"><ele>8.31</ele><time>2025-11-17T04:13:32Z</time><extensions><gpxtpx:TrackPointExtension><gpxtpx:cad>0</gpxtpx:cad></gpxtpx:TrackPointExtension></extensions></trkpt><trkpt lat="15.3894717805" lon="73.7905786000"><ele>8.31</ele><time>2025-11-17T04:13:37Z</time><extensions><gpxtpx:TrackPointExtension><gpxtpx:cad>0</gpxtpx:cad></gpxtpx:TrackPointExtension></extensions></trkpt><trkpt lat="15.3896218166" lon="73.7904787716"><ele>8.31</ele><time>2025-11-17T04:13:42Z</time><extensions><gpxtpx:TrackPointExtension><gpxtpx:cad>0</gpxtpx:cad></gpxtpx:TrackPointExtension></extensions></trkpt><trkpt lat="15.3897766303" lon="73.7903771829"><ele>8.79</ele><time>2025-11-17T04:13:47Z</time><extensions><gpxtpx:TrackPointExtension><gpxtpx:cad>0</gpxtpx:cad></gpxtpx:TrackPointExtension></extensions></trkpt><trkpt lat="15.3899085615" lon="73.7902693078"><ele>8.79</ele><time>2025-11-17T04:13:52Z</time><extensions><gpxtpx:TrackPointExtension><gpxtpx:cad>0</gpxtpx:cad></gpxtpx:TrackPointExtension></extensions></trkpt><trkpt lat="15.3900591843" lon="73.7901786994"><ele>9.75</ele><time>2025-11-17T04:13:57Z</time><extensions><gpxtpx:TrackPointExtension><gpxtpx:cad>0</gpxtpx:cad></gpxtpx:TrackPointExtension></extensions></trkpt><trkpt lat="15.3902181052" lon="73.7900997419"><ele>10.23</ele><time>2025-11-17T04:14:02Z</time><extensions><gpxtpx:TrackPointExtension><gpxtpx:cad>0</gpxtpx:cad></gpxtpx:TrackPointExtension></extensions></trkpt><trkpt lat="15.3903770261" lon="73.7900268193"><ele>10.23</ele><time>2025-11-17T04:14:07Z</time><extensions><gpxtpx:TrackPointExtension><gpxtpx:cad>0</gpxtpx:cad></gpxtpx:TrackPointExtension></extensions></trkpt><trkpt lat="15.3905391321" lon="73.7899525557"><ele>10.71</ele><time>2025-11-17T04:14:12Z</time><extensions><gpxtpx:TrackPointExtension><gpxtpx:cad>0</gpxtpx:cad></gpxtpx:TrackPointExtension></extensions></trkpt><trkpt lat="15.3907123860" lon="73.7898877636"><ele>10.71</ele><time>2025-11-17T04:14:17Z</time><extensions><gpxtpx:TrackPointExtension><gpxtpx:cad>0</gpxtpx:cad></gpxtpx:TrackPointExtension></extensions></trkpt><trkpt lat="15.3908768389" lon="73.7898228038"><ele>10.71</ele><time>2025-11-17T04:14:22Z</time><extensions><gpxtpx:TrackPointExtension><gpxtpx:cad>0</gpxtpx:cad></gpxtpx:TrackPointExtension></extensions></trkpt><trkpt lat="15.3910360951" lon="73.7897528987"><ele>10.71</ele><time>2025-11-17T04:14:27Z</time><extensions><gpxtpx:TrackPointExtension><gpxtpx:cad>0</gpxtpx:cad></gpxtpx:TrackPointExtension></extensions></trkpt><trkpt lat="15.3911717143" lon="73.7896881066"><ele>10.23</ele><time>2025-11-17T04:14:32Z</time><extensions><gpxtpx:TrackPointExtension><gpxtpx:cad>0</gpxtpx:cad></gpxtpx:TrackPointExtension></extensions></trkpt><trkpt lat="15.3912979458" lon="73.7896316964"><ele>10.23</ele><time>2025-11-17T04:14:37Z</time><extensions><gpxtpx:TrackPointExtension><gpxtpx:cad>0</gpxtpx:cad></gpxtpx:TrackPointExtension></extensions></trkpt><trkpt lat="15.3914019652" lon="73.7895786390"><ele>9.75</ele><time>2025-11-17T04:14:42Z</time><extensions><gpxtpx:TrackPointExtension><gpxtpx:cad>0</gpxtpx:cad></gpxtpx:TrackPointExtension></extensions></trkpt><trkpt lat="15.3914813418" lon="73.7895323709"><ele>9.27</ele><time>2025-11-17T04:14:47Z</time><extensions><gpxtpx:TrackPointExtension><gpxtpx:cad>0</gpxtpx:cad></gpxtpx:TrackPointExtension></extensions></trkpt><trkpt lat="15.3915533423" lon="73.7894964963"><ele>9.27</ele><time>2025-11-17T04:14:52Z</time><extensions><gpxtpx:TrackPointExtension><gpxtpx:cad>0</gpxtpx:cad></gpxtpx:TrackPointExtension></extensions></trkpt><trkpt lat="15.3916104231" lon="73.7894608732"><ele>8.79</ele><time>2025-11-17T04:14:57Z</time><extensions><gpxtpx:TrackPointExtension><gpxtpx:cad>0</gpxtpx:cad></gpxtpx:TrackPointExtension></extensions></trkpt><trkpt lat="15.3916644026" lon="73.7894192990"><ele>8.79</ele><time>2025-11-17T04:15:02Z</time><extensions><gpxtpx:TrackPointExtension><gpxtpx:cad>0</gpxtpx:cad></gpxtpx:TrackPointExtension></extensions></trkpt><trkpt lat="15.3917184658" lon="73.7893823348"><ele>9.27</ele><time>2025-11-17T04:15:07Z</time><extensions><gpxtpx:TrackPointExtension><gpxtpx:cad>0</gpxtpx:cad></gpxtpx:TrackPointExtension></extensions></trkpt><trkpt lat="15.3917631414" lon="73.7893485557"><ele>8.79</ele><time>2025-11-17T04:15:12Z</time><extensions><gpxtpx:TrackPointExtension><gpxtpx:cad>0</gpxtpx:cad></gpxtpx:TrackPointExtension></extensions></trkpt><trkpt lat="15.3918104991" lon="73.7893164530"><ele>8.79</ele><time>2025-11-17T04:15:17Z</time><extensions><gpxtpx:TrackPointExtension><gpxtpx:cad>0</gpxtpx:cad></gpxtpx:TrackPointExtension></extensions></trkpt><trkpt lat="15.3918598685" lon="73.7892803270"><ele>8.79</ele><time>2025-11-17T04:15:22Z</time><extensions><gpxtpx:TrackPointExtension><gpxtpx:cad>0</gpxtpx:cad></gpxtpx:TrackPointExtension></extensions></trkpt><trkpt lat="15.3919297736" lon="73.7892308738"><ele>8.79</ele><time>2025-11-17T04:15:27Z</time><extensions><gpxtpx:TrackPointExtension><gpxtpx:cad>0</gpxtpx:cad></gpxtpx:TrackPointExtension></extensions></trkpt><trkpt lat="15.3920248244" lon="73.7891657464"><ele>9.27</ele><time>2025-11-17T04:15:32Z</time><extensions><gpxtpx:TrackPointExtension><gpxtpx:cad>0</gpxtpx:cad></gpxtpx:TrackPointExtension></extensions></trkpt><trkpt lat="15.3921375610" lon="73.7890787423"><ele>9.27</ele><time>2025-11-17T04:15:37Z</time><extensions><gpxtpx:TrackPointExtension><gpxtpx:cad>0</gpxtpx:cad></gpxtpx:TrackPointExtension></extensions></trkpt><trkpt lat="15.3922631219" lon="73.7889948394"><ele>9.27</ele><time>2025-11-17T04:15:42Z</time><extensions><gpxtpx:TrackPointExtension><gpxtpx:cad>0</gpxtpx:cad></gpxtpx:TrackPointExtension></extensions></trkpt><trkpt lat="15.3923804685" lon="73.7888987828"><ele>9.75</ele><time>2025-11-17T04:15:47Z</time><extensions><gpxtpx:TrackPointExtension><gpxtpx:cad>0</gpxtpx:cad></gpxtpx:TrackPointExtension></extensions></trkpt><trkpt lat="15.3925054427" lon="73.7887969427"><ele>9.27</ele><time>2025-11-17T04:15:52Z</time><extensions><gpxtpx:TrackPointExtension><gpxtpx:cad>0</gpxtpx:cad></gpxtpx:TrackPointExtension></extensions></trkpt><trkpt lat="15.3926359490" lon="73.7886892352"><ele>9.27</ele><time>2025-11-17T04:15:57Z</time><extensions><gpxtpx:TrackPointExtension><gpxtpx:cad>0</gpxtpx:cad></gpxtpx:TrackPointExtension></extensions></trkpt><trkpt lat="15.3927659523" lon="73.7885754928"><ele>9.27</ele><time>2025-11-17T04:16:02Z</time><extensions><gpxtpx:TrackPointExtension><gpxtpx:cad>0</gpxtpx:cad></gpxtpx:TrackPointExtension></extensions></trkpt><trkpt lat="15.3929019067" lon="73.7884532847"><ele>9.75</ele><time>2025-11-17T04:16:07Z</time><extensions><gpxtpx:TrackPointExtension><gpxtpx:cad>0</gpxtpx:cad></gpxtpx:TrackPointExtension></extensions></trkpt><trkpt lat="15.3930359334" lon="73.7883375306"><ele>9.27</ele><time>2025-11-17T04:16:12Z</time><extensions><gpxtpx:TrackPointExtension><gpxtpx:cad>0</gpxtpx:cad></gpxtpx:TrackPointExtension></extensions></trkpt><trkpt lat="15.3931692895" lon="73.7882180046"><ele>9.27</ele><time>2025-11-17T04:16:17Z</time><extensions><gpxtpx:TrackPointExtension><gpxtpx:cad>0</gpxtpx:cad></gpxtpx:TrackPointExtension></extensions></trkpt><trkpt lat="15.3932971135" lon="73.7880944554"><ele>9.27</ele><time>2025-11-17T04:16:22Z</time><extensions><gpxtpx:TrackPointExtension><gpxtpx:cad>0</gpxtpx:cad></gpxtpx:TrackPointExtension></extensions></trkpt><trkpt lat="15.3934303857" lon="73.7879730854"><ele>9.27</ele><time>2025-11-17T04:16:27Z</time><extensions><gpxtpx:TrackPointExtension><gpxtpx:cad>0</gpxtpx:cad></gpxtpx:TrackPointExtension></extensions></trkpt><trkpt lat="15.3935623169" lon="73.7878436688"><ele>9.75</ele><time>2025-11-17T04:16:32Z</time><extensions><gpxtpx:TrackPointExtension><gpxtpx:cad>0</gpxtpx:cad></gpxtpx:TrackPointExtension></extensions></trkpt><trkpt lat="15.3936831001" lon="73.7877115700"><ele>9.75</ele><time>2025-11-17T04:16:37Z</time><extensions><gpxtpx:TrackPointExtension><gpxtpx:cad>0</gpxtpx:cad></gpxtpx:TrackPointExtension></extensions></trkpt><trkpt lat="15.3937943280" lon="73.7875880208"><ele>9.27</ele><time>2025-11-17T04:16:42Z</time><extensions><gpxtpx:TrackPointExtension><gpxtpx:cad>0</gpxtpx:cad></gpxtpx:TrackPointExtension></extensions></trkpt><trkpt lat="15.3939143568" lon="73.7874608673"><ele>9.75</ele><time>2025-11-17T04:16:47Z</time><extensions><gpxtpx:TrackPointExtension><gpxtpx:cad>0</gpxtpx:cad></gpxtpx:TrackPointExtension></extensions></trkpt><trkpt lat="15.3940396663" lon="73.7873316184"><ele>10.23</ele><time>2025-11-17T04:16:52Z</time><extensions><gpxtpx:TrackPointExtension><gpxtpx:cad>0</gpxtpx:cad></gpxtpx:TrackPointExtension></extensions></trkpt><trkpt lat="15.3941648081" lon="73.7871984299"><ele>10.23</ele><time>2025-11-17T04:16:57Z</time><extensions><gpxtpx:TrackPointExtension><gpxtpx:cad>0</gpxtpx:cad></gpxtpx:TrackPointExtension></extensions></trkpt><trkpt lat="15.3942808975" lon="73.7870604638"><ele>10.23</ele><time>2025-11-17T04:17:02Z</time><extensions><gpxtpx:TrackPointExtension><gpxtpx:cad>0</gpxtpx:cad></gpxtpx:TrackPointExtension></extensions></trkpt><trkpt lat="15.3943915386" lon="73.7869255990"><ele>10.71</ele><time>2025-11-17T04:17:07Z</time><extensions><gpxtpx:TrackPointExtension><gpxtpx:cad>0</gpxtpx:cad></gpxtpx:TrackPointExtension></extensions></trkpt><trkpt lat="15.3945106454" lon="73.7867933325"><ele>11.19</ele><time>2025-11-17T04:17:12Z</time><extensions><gpxtpx:TrackPointExtension><gpxtpx:cad>0</gpxtpx:cad></gpxtpx:TrackPointExtension></extensions></trkpt><trkpt lat="15.3946401458" lon="73.7866686936"><ele>11.19</ele><time>2025-11-17T04:17:17Z</time><extensions><gpxtpx:TrackPointExtension><gpxtpx:cad>0</gpxtpx:cad></gpxtpx:TrackPointExtension></extensions></trkpt><trkpt lat="15.3947735857" lon="73.7865405343"><ele>11.67</ele><time>2025-11-17T04:17:22Z</time><extensions><gpxtpx:TrackPointExtension><gpxtpx:cad>0</gpxtpx:cad></gpxtpx:TrackPointExtension></extensions></trkpt><trkpt lat="15.3949095402" lon="73.7864319887"><ele>11.19</ele><time>2025-11-17T04:17:27Z</time><extensions><gpxtpx:TrackPointExtension><gpxtpx:cad>0</gpxtpx:cad></gpxtpx:TrackPointExtension></extensions></trkpt><trkpt lat="15.3950456623" lon="73.7863200903"><ele>11.19</ele><time>2025-11-17T04:17:32Z</time><extensions><gpxtpx:TrackPointExtension><gpxtpx:cad>0</gpxtpx:cad></gpxtpx:TrackPointExtension></extensions></trkpt><trkpt lat="15.3951852210" lon="73.7862168252"><ele>11.19</ele><time>2025-11-17T04:17:37Z</time><extensions><gpxtpx:TrackPointExtension><gpxtpx:cad>0</gpxtpx:cad></gpxtpx:TrackPointExtension></extensions></trkpt><trkpt lat="15.3953305632" lon="73.7861107104"><ele>11.19</ele><time>2025-11-17T04:17:42Z</time><extensions><gpxtpx:TrackPointExtension><gpxtpx:cad>0</gpxtpx:cad></gpxtpx:TrackPointExtension></extensions></trkpt><trkpt lat="15.3954787552" lon="73.7860235386"><ele>10.71</ele><time>2025-11-17T04:17:47Z</time><extensions><gpxtpx:TrackPointExtension><gpxtpx:cad>0</gpxtpx:cad></gpxtpx:TrackPointExtension></extensions></trkpt><trkpt lat="15.3956271149" lon="73.7859410606"><ele>10.71</ele><time>2025-11-17T04:17:52Z</time><extensions><gpxtpx:TrackPointExtension><gpxtpx:cad>0</gpxtpx:cad></gpxtpx:TrackPointExtension></extensions></trkpt><trkpt lat="15.3957803361" lon="73.7858456746"><ele>11.19</ele><time>2025-11-17T04:17:57Z</time><extensions><gpxtpx:TrackPointExtension><gpxtpx:cad>0</gpxtpx:cad></gpxtpx:TrackPointExtension></extensions></trkpt><trkpt lat="15.3959074896" lon="73.7857287470"><ele>12.15</ele><time>2025-11-17T04:18:02Z</time><extensions><gpxtpx:TrackPointExtension><gpxtpx:cad>0</gpxtpx:cad></gpxtpx:TrackPointExtension></extensions></trkpt><trkpt lat="15.3960173763" lon="73.7855894398"><ele>12.15</ele><time>2025-11-17T04:18:07Z</time><extensions><gpxtpx:TrackPointExtension><gpxtpx:cad>0</gpxtpx:cad></gpxtpx:TrackPointExtension></extensions></trkpt><trkpt lat="15.3961264249" lon="73.7854554132"><ele>12.15</ele><time>2025-11-17T04:18:12Z</time><extensions><gpxtpx:TrackPointExtension><gpxtpx:cad>0</gpxtpx:cad></gpxtpx:TrackPointExtension></extensions></trkpt><trkpt lat="15.3962413408" lon="73.7853171118"><ele>12.63</ele><time>2025-11-17T04:18:17Z</time><extensions><gpxtpx:TrackPointExtension><gpxtpx:cad>0</gpxtpx:cad></gpxtpx:TrackPointExtension></extensions></trkpt><trkpt lat="15.3963575140" lon="73.7851736974"><ele>12.15</ele><time>2025-11-17T04:18:22Z</time><extensions><gpxtpx:TrackPointExtension><gpxtpx:cad>0</gpxtpx:cad></gpxtpx:TrackPointExtension></extensions></trkpt><trkpt lat="15.3964732680" lon="73.7850408442"><ele>12.15</ele><time>2025-11-17T04:18:27Z</time><extensions><gpxtpx:TrackPointExtension><gpxtpx:cad>0</gpxtpx:cad></gpxtpx:TrackPointExtension></extensions></trkpt><trkpt lat="15.3965886030" lon="73.7849115115"><ele>13.12</ele><time>2025-11-17T04:18:32Z</time><extensions><gpxtpx:TrackPointExtension><gpxtpx:cad>0</gpxtpx:cad></gpxtpx:TrackPointExtension></extensions></trkpt><trkpt lat="15.3967054468" lon="73.7847763952"><ele>13.12</ele><time>2025-11-17T04:18:37Z</time><extensions><gpxtpx:TrackPointExtension><gpxtpx:cad>0</gpxtpx:cad></gpxtpx:TrackPointExtension></extensions></trkpt><trkpt lat="15.3968252242" lon="73.7846385967"><ele>13.12</ele><time>2025-11-17T04:18:42Z</time><extensions><gpxtpx:TrackPointExtension><gpxtpx:cad>0</gpxtpx:cad></gpxtpx:TrackPointExtension></extensions></trkpt><trkpt lat="15.3969398048" lon="73.7845054083"><ele>12.63</ele><time>2025-11-17T04:18:47Z</time><extensions><gpxtpx:TrackPointExtension><gpxtpx:cad>0</gpxtpx:cad></gpxtpx:TrackPointExtension></extensions></trkpt><trkpt lat="15.3970439918" lon="73.7843712140"><ele>10.71</ele><time>2025-11-17T04:18:52Z</time><extensions><gpxtpx:TrackPointExtension><gpxtpx:cad>0</gpxtpx:cad></gpxtpx:TrackPointExtension></extensions></trkpt><trkpt lat="15.3971526213" lon="73.7842273805"><ele>9.75</ele><time>2025-11-17T04:18:57Z</time><extensions><gpxtpx:TrackPointExtension><gpxtpx:cad>0</gpxtpx:cad></gpxtpx:TrackPointExtension></extensions></trkpt><trkpt lat="15.3972724825" lon="73.7840909231"><ele>9.27</ele><time>2025-11-17T04:19:02Z</time><extensions><gpxtpx:TrackPointExtension><gpxtpx:cad>0</gpxtpx:cad></gpxtpx:TrackPointExtension></extensions></trkpt><trkpt lat="15.3973944392" lon="73.7839598302"><ele>8.79</ele><time>2025-11-17T04:19:07Z</time><extensions><gpxtpx:TrackPointExtension><gpxtpx:cad>0</gpxtpx:cad></gpxtpx:TrackPointExtension></extensions></trkpt><trkpt lat="15.3975110315" lon="73.7838208582"><ele>8.79</ele><time>2025-11-17T04:19:12Z</time><extensions><gpxtpx:TrackPointExtension><gpxtpx:cad>0</gpxtpx:cad></gpxtpx:TrackPointExtension></extensions></trkpt><trkpt lat="15.3976209182" lon="73.7836802099"><ele>8.31</ele><time>2025-11-17T04:19:17Z</time><extensions><gpxtpx:TrackPointExtension><gpxtpx:cad>0</gpxtpx:cad></gpxtpx:TrackPointExtension></extensions></trkpt><trkpt lat="15.3977361694" lon="73.7835450936"><ele>8.31</ele><time>2025-11-17T04:19:22Z</time><extensions><gpxtpx:TrackPointExtension><gpxtpx:cad>0</gpxtpx:cad></gpxtpx:TrackPointExtension></extensions></trkpt><trkpt lat="15.3978396859" lon="73.7833932135"><ele>8.31</ele><time>2025-11-17T04:19:27Z</time><extensions><gpxtpx:TrackPointExtension><gpxtpx:cad>0</gpxtpx:cad></gpxtpx:TrackPointExtension></extensions></trkpt><trkpt lat="15.3979355749" lon="73.7832486257"><ele>6.87</ele><time>2025-11-17T04:19:32Z</time><extensions><gpxtpx:TrackPointExtension><gpxtpx:cad>0</gpxtpx:cad></gpxtpx:TrackPointExtension></extensions></trkpt><trkpt lat="15.3980350681" lon="73.7831051275"><ele>5.91</ele><time>2025-11-17T04:19:37Z</time><extensions><gpxtpx:TrackPointExtension><gpxtpx:cad>0</gpxtpx:cad></gpxtpx:TrackPointExtension></extensions></trkpt><trkpt lat="15.3981297836" lon="73.7829517387"><ele>5.91</ele><time>2025-11-17T04:19:42Z</time><extensions><gpxtpx:TrackPointExtension><gpxtpx:cad>0</gpxtpx:cad></gpxtpx:TrackPointExtension></extensions></trkpt><trkpt lat="15.3982224036" lon="73.7827861123"><ele>6.39</ele><time>2025-11-17T04:19:47Z</time><extensions><gpxtpx:TrackPointExtension><gpxtpx:cad>0</gpxtpx:cad></gpxtpx:TrackPointExtension></extensions></trkpt><trkpt lat="15.3983238246" lon="73.7826300412"><ele>6.87</ele><time>2025-11-17T04:19:52Z</time><extensions><gpxtpx:TrackPointExtension><gpxtpx:cad>0</gpxtpx:cad></gpxtpx:TrackPointExtension></extensions></trkpt><trkpt lat="15.3984140139" lon="73.7824776582"><ele>6.87</ele><time>2025-11-17T04:19:57Z</time><extensions><gpxtpx:TrackPointExtension><gpxtpx:cad>0</gpxtpx:cad></gpxtpx:TrackPointExtension></extensions></trkpt><trkpt lat="15.3985043708" lon="73.7823303044"><ele>7.35</ele><time>2025-11-17T04:20:02Z</time><extensions><gpxtpx:TrackPointExtension><gpxtpx:cad>0</gpxtpx:cad></gpxtpx:TrackPointExtension></extensions></trkpt><trkpt lat="15.3986014333" lon="73.7821842916"><ele>7.83</ele><time>2025-11-17T04:20:07Z</time><extensions><gpxtpx:TrackPointExtension><gpxtpx:cad>0</gpxtpx:cad></gpxtpx:TrackPointExtension></extensions></trkpt><trkpt lat="15.3986966517" lon="73.7820354290"><ele>7.35</ele><time>2025-11-17T04:20:12Z</time><extensions><gpxtpx:TrackPointExtension><gpxtpx:cad>0</gpxtpx:cad></gpxtpx:TrackPointExtension></extensions></trkpt><trkpt lat="15.3987886012" lon="73.7818806991"><ele>7.35</ele><time>2025-11-17T04:20:17Z</time><extensions><gpxtpx:TrackPointExtension><gpxtpx:cad>0</gpxtpx:cad></gpxtpx:TrackPointExtension></extensions></trkpt><trkpt lat="15.3988988232" lon="73.7817409728"><ele>7.35</ele><time>2025-11-17T04:20:22Z</time><extensions><gpxtpx:TrackPointExtension><gpxtpx:cad>0</gpxtpx:cad></gpxtpx:TrackPointExtension></extensions></trkpt><trkpt lat="15.3990034293" lon="73.7816037610"><ele>6.87</ele><time>2025-11-17T04:20:27Z</time><extensions><gpxtpx:TrackPointExtension><gpxtpx:cad>0</gpxtpx:cad></gpxtpx:TrackPointExtension></extensions></trkpt><trkpt lat="15.3990986478" lon="73.7814569939"><ele>6.39</ele><time>2025-11-17T04:20:32Z</time><extensions><gpxtpx:TrackPointExtension><gpxtpx:cad>0</gpxtpx:cad></gpxtpx:TrackPointExtension></extensions></trkpt><trkpt lat="15.3992007393" lon="73.7813162617"><ele>5.91</ele><time>2025-11-17T04:20:37Z</time><extensions><gpxtpx:TrackPointExtension><gpxtpx:cad>0</gpxtpx:cad></gpxtpx:TrackPointExtension></extensions></trkpt><trkpt lat="15.3993068542" lon="73.7811839115"><ele>4.94</ele><time>2025-11-17T04:20:42Z</time><extensions><gpxtpx:TrackPointExtension><gpxtpx:cad>0</gpxtpx:cad></gpxtpx:TrackPointExtension></extensions></trkpt><trkpt lat="15.3993981332" lon="73.7810283434"><ele>3.98</ele><time>2025-11-17T04:20:47Z</time><extensions><gpxtpx:TrackPointExtension><gpxtpx:cad>0</gpxtpx:cad></gpxtpx:TrackPointExtension></extensions></trkpt><trkpt lat="15.3994999733" lon="73.7808781397"><ele>3.50</ele><time>2025-11-17T04:20:52Z</time><extensions><gpxtpx:TrackPointExtension><gpxtpx:cad>0</gpxtpx:cad></gpxtpx:TrackPointExtension></extensions></trkpt><trkpt lat="15.3996071778" lon="73.7807421852"><ele>3.98</ele><time>2025-11-17T04:20:57Z</time><extensions><gpxtpx:TrackPointExtension><gpxtpx:cad>0</gpxtpx:cad></gpxtpx:TrackPointExtension></extensions></trkpt><trkpt lat="15.3996891528" lon="73.7805791572"><ele>3.98</ele><time>2025-11-17T04:21:02Z</time><extensions><gpxtpx:TrackPointExtension><gpxtpx:cad>0</gpxtpx:cad></gpxtpx:TrackPointExtension></extensions></trkpt><trkpt lat="15.3997872211" lon="73.7804430351"><ele>4.94</ele><time>2025-11-17T04:21:07Z</time><extensions><gpxtpx:TrackPointExtension><gpxtpx:cad>0</gpxtpx:cad></gpxtpx:TrackPointExtension></extensions></trkpt><trkpt lat="15.3999018017" lon="73.7803157978"><ele>4.94</ele><time>2025-11-17T04:21:12Z</time><extensions><gpxtpx:TrackPointExtension><gpxtpx:cad>0</gpxtpx:cad></gpxtpx:TrackPointExtension></extensions></trkpt><trkpt lat="15.3999954276" lon="73.7801643368"><ele>4.94</ele><time>2025-11-17T04:21:17Z</time><extensions><gpxtpx:TrackPointExtension><gpxtpx:cad>0</gpxtpx:cad></gpxtpx:TrackPointExtension></extensions></trkpt><trkpt lat="15.4001031350" lon="73.7800318189"><ele>5.42</ele><time>2025-11-17T04:21:22Z</time><extensions><gpxtpx:TrackPointExtension><gpxtpx:cad>0</gpxtpx:cad></gpxtpx:TrackPointExtension></extensions></trkpt><trkpt lat="15.4002284445" lon="73.7799036596"><ele>5.42</ele><time>2025-11-17T04:21:27Z</time><extensions><gpxtpx:TrackPointExtension><gpxtpx:cad>0</gpxtpx:cad></gpxtpx:TrackPointExtension></extensions></trkpt><trkpt lat="15.4003359843" lon="73.7797731534"><ele>4.94</ele><time>2025-11-17T04:21:32Z</time><extensions><gpxtpx:TrackPointExtension><gpxtpx:cad>0</gpxtpx:cad></gpxtpx:TrackPointExtension></extensions></trkpt><trkpt lat="15.4004415125" lon="73.7796377856"><ele>4.94</ele><time>2025-11-17T04:21:37Z</time><extensions><gpxtpx:TrackPointExtension><gpxtpx:cad>0</gpxtpx:cad></gpxtpx:TrackPointExtension></extensions></trkpt><trkpt lat="15.4005547520" lon="73.7795092072"><ele>4.94</ele><time>2025-11-17T04:21:42Z</time><extensions><gpxtpx:TrackPointExtension><gpxtpx:cad>0</gpxtpx:cad></gpxtpx:TrackPointExtension></extensions></trkpt><trkpt lat="15.4006653093" lon="73.7793826405"><ele>4.94</ele><time>2025-11-17T04:21:47Z</time><extensions><gpxtpx:TrackPointExtension><gpxtpx:cad>0</gpxtpx:cad></gpxtpx:TrackPointExtension></extensions></trkpt><trkpt lat="15.4007753637" lon="73.7792471889"><ele>4.94</ele><time>2025-11-17T04:21:52Z</time><extensions><gpxtpx:TrackPointExtension><gpxtpx:cad>0</gpxtpx:cad></gpxtpx:TrackPointExtension></extensions></trkpt><trkpt lat="15.4008834902" lon="73.7791148387"><ele>4.94</ele><time>2025-11-17T04:21:57Z</time><extensions><gpxtpx:TrackPointExtension><gpxtpx:cad>0</gpxtpx:cad></gpxtpx:TrackPointExtension></extensions></trkpt><trkpt lat="15.4010078777" lon="73.7789918762"><ele>5.42</ele><time>2025-11-17T04:22:02Z</time><extensions><gpxtpx:TrackPointExtension><gpxtpx:cad>0</gpxtpx:cad></gpxtpx:TrackPointExtension></extensions></trkpt><trkpt lat="15.4011129029" lon="73.7788642198"><ele>4.94</ele><time>2025-11-17T04:22:07Z</time><extensions><gpxtpx:TrackPointExtension><gpxtpx:cad>0</gpxtpx:cad></gpxtpx:TrackPointExtension></extensions></trkpt><trkpt lat="15.4012293275" lon="73.7787471246"><ele>5.42</ele><time>2025-11-17T04:22:12Z</time><extensions><gpxtpx:TrackPointExtension><gpxtpx:cad>0</gpxtpx:cad></gpxtpx:TrackPointExtension></extensions></trkpt><trkpt lat="15.4013657011" lon="73.7786317896"><ele>5.42</ele><time>2025-11-17T04:22:17Z</time><extensions><gpxtpx:TrackPointExtension><gpxtpx:cad>0</gpxtpx:cad></gpxtpx:TrackPointExtension></extensions></trkpt><trkpt lat="15.4014823772" lon="73.7785145268"><ele>5.42</ele><time>2025-11-17T04:22:22Z</time><extensions><gpxtpx:TrackPointExtension><gpxtpx:cad>0</gpxtpx:cad></gpxtpx:TrackPointExtension></extensions></trkpt><trkpt lat="15.4015986342" lon="73.7783887144"><ele>5.42</ele><time>2025-11-17T04:22:27Z</time><extensions><gpxtpx:TrackPointExtension><gpxtpx:cad>0</gpxtpx:cad></gpxtpx:TrackPointExtension></extensions></trkpt><trkpt lat="15.4017177410" lon="73.7782613933"><ele>5.91</ele><time>2025-11-17T04:22:32Z</time><extensions><gpxtpx:TrackPointExtension><gpxtpx:cad>0</gpxtpx:cad></gpxtpx:TrackPointExtension></extensions></trkpt><trkpt lat="15.4018416256" lon="73.7781504169"><ele>5.91</ele><time>2025-11-17T04:22:37Z</time><extensions><gpxtpx:TrackPointExtension><gpxtpx:cad>0</gpxtpx:cad></gpxtpx:TrackPointExtension></extensions></trkpt><trkpt lat="15.4019697011" lon="73.7780359201"><ele>5.91</ele><time>2025-11-17T04:22:42Z</time><extensions><gpxtpx:TrackPointExtension><gpxtpx:cad>0</gpxtpx:cad></gpxtpx:TrackPointExtension></extensions></trkpt><trkpt lat="15.4020977765" lon="73.7779289670"><ele>5.91</ele><time>2025-11-17T04:22:47Z</time><extensions><gpxtpx:TrackPointExtension><gpxtpx:cad>0</gpxtpx:cad></gpxtpx:TrackPointExtension></extensions></trkpt><trkpt lat="15.4022293724" lon="73.7778236903"><ele>5.42</ele><time>2025-11-17T04:22:52Z</time><extensions><gpxtpx:TrackPointExtension><gpxtpx:cad>0</gpxtpx:cad></gpxtpx:TrackPointExtension></extensions></trkpt><trkpt lat="15.4023682605" lon="73.7777276337"><ele>4.94</ele><time>2025-11-17T04:22:57Z</time><extensions><gpxtpx:TrackPointExtension><gpxtpx:cad>0</gpxtpx:cad></gpxtpx:TrackPointExtension></extensions></trkpt><trkpt lat="15.4025015328" lon="73.7776236143"><ele>3.98</ele><time>2025-11-17T04:23:02Z</time><extensions><gpxtpx:TrackPointExtension><gpxtpx:cad>0</gpxtpx:cad></gpxtpx:TrackPointExtension></extensions></trkpt><trkpt lat="15.4026280995" lon="73.7775194272"><ele>3.98</ele><time>2025-11-17T04:23:07Z</time><extensions><gpxtpx:TrackPointExtension><gpxtpx:cad>0</gpxtpx:cad></gpxtpx:TrackPointExtension></extensions></trkpt><trkpt lat="15.4027607851" lon="73.7774111331"><ele>4.46</ele><time>2025-11-17T04:23:12Z</time><extensions><gpxtpx:TrackPointExtension><gpxtpx:cad>0</gpxtpx:cad></gpxtpx:TrackPointExtension></extensions></trkpt><trkpt lat="15.4029040318" lon="73.7773088738"><ele>3.98</ele><time>2025-11-17T04:23:17Z</time><extensions><gpxtpx:TrackPointExtension><gpxtpx:cad>0</gpxtpx:cad></gpxtpx:TrackPointExtension></extensions></trkpt><trkpt lat="15.4030455183" lon="73.7772082072"><ele>3.50</ele><time>2025-11-17T04:23:22Z</time><extensions><gpxtpx:TrackPointExtension><gpxtpx:cad>0</gpxtpx:cad></gpxtpx:TrackPointExtension></extensions></trkpt><trkpt lat="15.4031817243" lon="73.7771103065"><ele>3.50</ele><time>2025-11-17T04:23:27Z</time><extensions><gpxtpx:TrackPointExtension><gpxtpx:cad>0</gpxtpx:cad></gpxtpx:TrackPointExtension></extensions></trkpt><trkpt lat="15.4033234622" lon="73.7770082988"><ele>3.02</ele><time>2025-11-17T04:23:32Z</time><extensions><gpxtpx:TrackPointExtension><gpxtpx:cad>0</gpxtpx:cad></gpxtpx:TrackPointExtension></extensions></trkpt><trkpt lat="15.4034643620" lon="73.7769093923"><ele>2.54</ele><time>2025-11-17T04:23:37Z</time><extensions><gpxtpx:TrackPointExtension><gpxtpx:cad>0</gpxtpx:cad></gpxtpx:TrackPointExtension></extensions></trkpt><trkpt lat="15.4036066029" lon="73.7768166885"><ele>2.06</ele><time>2025-11-17T04:23:42Z</time><extensions><gpxtpx:TrackPointExtension><gpxtpx:cad>0</gpxtpx:cad></gpxtpx:TrackPointExtension></extensions></trkpt><trkpt lat="15.4037449043" lon="73.7767252419"><ele>2.06</ele><time>2025-11-17T04:23:47Z</time><extensions><gpxtpx:TrackPointExtension><gpxtpx:cad>0</gpxtpx:cad></gpxtpx:TrackPointExtension></extensions></trkpt><trkpt lat="15.4038827028" lon="73.7766291015"><ele>2.06</ele><time>2025-11-17T04:23:52Z</time><extensions><gpxtpx:TrackPointExtension><gpxtpx:cad>0</gpxtpx:cad></gpxtpx:TrackPointExtension></extensions></trkpt><trkpt lat="15.4040291347" lon="73.7765264232"><ele>2.06</ele><time>2025-11-17T04:23:57Z</time><extensions><gpxtpx:TrackPointExtension><gpxtpx:cad>0</gpxtpx:cad></gpxtpx:TrackPointExtension></extensions></trkpt><trkpt lat="15.4041717947" lon="73.7764281034"><ele>2.06</ele><time>2025-11-17T04:24:02Z</time><extensions><gpxtpx:TrackPointExtension><gpxtpx:cad>0</gpxtpx:cad></gpxtpx:TrackPointExtension></extensions></trkpt><trkpt lat="15.4043074138" lon="73.7763255928"><ele>2.06</ele><time>2025-11-17T04:24:07Z</time><extensions><gpxtpx:TrackPointExtension><gpxtpx:cad>0</gpxtpx:cad></gpxtpx:TrackPointExtension></extensions></trkpt><trkpt lat="15.4044411052" lon="73.7762223277"><ele>1.58</ele><time>2025-11-17T04:24:12Z</time><extensions><gpxtpx:TrackPointExtension><gpxtpx:cad>0</gpxtpx:cad></gpxtpx:TrackPointExtension></extensions></trkpt><trkpt lat="15.4045874532" lon="73.7761181407"><ele>2.06</ele><time>2025-11-17T04:24:17Z</time><extensions><gpxtpx:TrackPointExtension><gpxtpx:cad>0</gpxtpx:cad></gpxtpx:TrackPointExtension></extensions></trkpt><trkpt lat="15.4047258385" lon="73.7760111038"><ele>1.58</ele><time>2025-11-17T04:24:22Z</time><extensions><gpxtpx:TrackPointExtension><gpxtpx:cad>0</gpxtpx:cad></gpxtpx:TrackPointExtension></extensions></trkpt><trkpt lat="15.4048625473" lon="73.7759049051"><ele>1.58</ele><time>2025-11-17T04:24:27Z</time><extensions><gpxtpx:TrackPointExtension><gpxtpx:cad>0</gpxtpx:cad></gpxtpx:TrackPointExtension></extensions></trkpt><trkpt lat="15.4049925506" lon="73.7758061662"><ele>1.58</ele><time>2025-11-17T04:24:32Z</time><extensions><gpxtpx:TrackPointExtension><gpxtpx:cad>0</gpxtpx:cad></gpxtpx:TrackPointExtension></extensions></trkpt><trkpt lat="15.4051140882" lon="73.7756784260"><ele>1.10</ele><time>2025-11-17T04:24:37Z</time><extensions><gpxtpx:TrackPointExtension><gpxtpx:cad>0</gpxtpx:cad></gpxtpx:TrackPointExtension></extensions></trkpt><trkpt lat="15.4052547365" lon="73.7755720597"><ele>1.58</ele><time>2025-11-17T04:24:42Z</time><extensions><gpxtpx:TrackPointExtension><gpxtpx:cad>0</gpxtpx:cad></gpxtpx:TrackPointExtension></extensions></trkpt><trkpt lat="15.4053788725" lon="73.7754682917"><ele>1.10</ele><time>2025-11-17T04:24:47Z</time><extensions><gpxtpx:TrackPointExtension><gpxtpx:cad>0</gpxtpx:cad></gpxtpx:TrackPointExtension></extensions></trkpt><trkpt lat="15.4055058584" lon="73.7753575668"><ele>1.10</ele><time>2025-11-17T04:24:52Z</time><extensions><gpxtpx:TrackPointExtension><gpxtpx:cad>0</gpxtpx:cad></gpxtpx:TrackPointExtension></extensions></trkpt><trkpt lat="15.4056521226" lon="73.7752621807"><ele>1.58</ele><time>2025-11-17T04:24:57Z</time><extensions><gpxtpx:TrackPointExtension><gpxtpx:cad>0</gpxtpx:cad></gpxtpx:TrackPointExtension></extensions></trkpt><trkpt lat="15.4057926033" lon="73.7751524616"><ele>1.10</ele><time>2025-11-17T04:25:02Z</time><extensions><gpxtpx:TrackPointExtension><gpxtpx:cad>0</gpxtpx:cad></gpxtpx:TrackPointExtension></extensions></trkpt><trkpt lat="15.4059186671" lon="73.7750454247"><ele>0.62</ele><time>2025-11-17T04:25:07Z</time><extensions><gpxtpx:TrackPointExtension><gpxtpx:cad>0</gpxtpx:cad></gpxtpx:TrackPointExtension></extensions></trkpt><trkpt lat="15.4060562979" lon="73.7749511283"><ele>1.10</ele><time>2025-11-17T04:25:12Z</time><extensions><gpxtpx:TrackPointExtension><gpxtpx:cad>0</gpxtpx:cad></gpxtpx:TrackPointExtension></extensions></trkpt><trkpt lat="15.4061829485" lon="73.7748254836"><ele>2.06</ele><time>2025-11-17T04:25:17Z</time><extensions><gpxtpx:TrackPointExtension><gpxtpx:cad>0</gpxtpx:cad></gpxtpx:TrackPointExtension></extensions></trkpt><trkpt lat="15.4063017201" lon="73.7746930495"><ele>2.54</ele><time>2025-11-17T04:25:22Z</time><extensions><gpxtpx:TrackPointExtension><gpxtpx:cad>0</gpxtpx:cad></gpxtpx:TrackPointExtension></extensions></trkpt><trkpt lat="15.4064256884" lon="73.7745790556"><ele>3.50</ele><time>2025-11-17T04:25:27Z</time><extensions><gpxtpx:TrackPointExtension><gpxtpx:cad>0</gpxtpx:cad></gpxtpx:TrackPointExtension></extensions></trkpt><trkpt lat="15.4065505788" lon="73.7744699232"><ele>4.46</ele><time>2025-11-17T04:25:32Z</time><extensions><gpxtpx:TrackPointExtension><gpxtpx:cad>0</gpxtpx:cad></gpxtpx:TrackPointExtension></extensions></trkpt><trkpt lat="15.4066753015" lon="73.7743555102"><ele>4.46</ele><time>2025-11-17T04:25:37Z</time><extensions><gpxtpx:TrackPointExtension><gpxtpx:cad>0</gpxtpx:cad></gpxtpx:TrackPointExtension></extensions></trkpt><trkpt lat="15.4068145249" lon="73.7742516585"><ele>4.46</ele><time>2025-11-17T04:25:42Z</time><extensions><gpxtpx:TrackPointExtension><gpxtpx:cad>0</gpxtpx:cad></gpxtpx:TrackPointExtension></extensions></trkpt><trkpt lat="15.4069462046" lon="73.7741474714"><ele>5.42</ele><time>2025-11-17T04:25:47Z</time><extensions><gpxtpx:TrackPointExtension><gpxtpx:cad>0</gpxtpx:cad></gpxtpx:TrackPointExtension></extensions></trkpt><trkpt lat="15.4070699215" lon="73.7740373332"><ele>5.91</ele><time>2025-11-17T04:25:52Z</time><extensions><gpxtpx:TrackPointExtension><gpxtpx:cad>0</gpxtpx:cad></gpxtpx:TrackPointExtension></extensions></trkpt><trkpt lat="15.4072075523" lon="73.7739325594"><ele>6.87</ele><time>2025-11-17T04:25:57Z</time><extensions><gpxtpx:TrackPointExtension><gpxtpx:cad>0</gpxtpx:cad></gpxtpx:TrackPointExtension></extensions></trkpt><trkpt lat="15.4073630366" lon="73.7738416158"><ele>7.35</ele><time>2025-11-17T04:26:02Z</time><extensions><gpxtpx:TrackPointExtension><gpxtpx:cad>0</gpxtpx:cad></gpxtpx:TrackPointExtension></extensions></trkpt><trkpt lat="15.4074939620" lon="73.7737431284"><ele>6.87</ele><time>2025-11-17T04:26:07Z</time><extensions><gpxtpx:TrackPointExtension><gpxtpx:cad>0</gpxtpx:cad></gpxtpx:TrackPointExtension></extensions></trkpt><trkpt lat="15.4076213669" lon="73.7736367621"><ele>6.39</ele><time>2025-11-17T04:26:12Z</time><extensions><gpxtpx:TrackPointExtension><gpxtpx:cad>0</gpxtpx:cad></gpxtpx:TrackPointExtension></extensions></trkpt><trkpt lat="15.4077589139" lon="73.7735492550"><ele>7.35</ele><time>2025-11-17T04:26:17Z</time><extensions><gpxtpx:TrackPointExtension><gpxtpx:cad>0</gpxtpx:cad></gpxtpx:TrackPointExtension></extensions></trkpt><trkpt lat="15.4079024959" lon="73.7734484207"><ele>7.83</ele><time>2025-11-17T04:26:22Z</time><extensions><gpxtpx:TrackPointExtension><gpxtpx:cad>0</gpxtpx:cad></gpxtpx:TrackPointExtension></extensions></trkpt><trkpt lat="15.4080300685" lon="73.7733397074"><ele>7.83</ele><time>2025-11-17T04:26:27Z</time><extensions><gpxtpx:TrackPointExtension><gpxtpx:cad>0</gpxtpx:cad></gpxtpx:TrackPointExtension></extensions></trkpt><trkpt lat="15.4081758298" lon="73.7732519489"><ele>8.31</ele><time>2025-11-17T04:26:32Z</time><extensions><gpxtpx:TrackPointExtension><gpxtpx:cad>0</gpxtpx:cad></gpxtpx:TrackPointExtension></extensions></trkpt><trkpt lat="15.4083309788" lon="73.7731796969"><ele>8.31</ele><time>2025-11-17T04:26:37Z</time><extensions><gpxtpx:TrackPointExtension><gpxtpx:cad>0</gpxtpx:cad></gpxtpx:TrackPointExtension></extensions></trkpt><trkpt lat="15.4084801767" lon="73.7731113005"><ele>8.31</ele><time>2025-11-17T04:26:42Z</time><extensions><gpxtpx:TrackPointExtension><gpxtpx:cad>0</gpxtpx:cad></gpxtpx:TrackPointExtension></extensions></trkpt><trkpt lat="15.4086199030" lon="73.7730427366"><ele>8.31</ele><time>2025-11-17T04:26:47Z</time><extensions><gpxtpx:TrackPointExtension><gpxtpx:cad>0</gpxtpx:cad></gpxtpx:TrackPointExtension></extensions></trkpt><trkpt lat="15.4087685980" lon="73.7729662098"><ele>8.31</ele><time>2025-11-17T04:26:52Z</time><extensions><gpxtpx:TrackPointExtension><gpxtpx:cad>0</gpxtpx:cad></gpxtpx:TrackPointExtension></extensions></trkpt><trkpt lat="15.4089151975" lon="73.7729237974"><ele>8.31</ele><time>2025-11-17T04:26:57Z</time><extensions><gpxtpx:TrackPointExtension><gpxtpx:cad>0</gpxtpx:cad></gpxtpx:TrackPointExtension></extensions></trkpt><trkpt lat="15.4090685025" lon="73.7729244679"><ele>7.83</ele><time>2025-11-17T04:27:02Z</time><extensions><gpxtpx:TrackPointExtension><gpxtpx:cad>0</gpxtpx:cad></gpxtpx:TrackPointExtension></extensions></trkpt><trkpt lat="15.4092192929" lon="73.7729637790"><ele>6.87</ele><time>2025-11-17T04:27:07Z</time><extensions><gpxtpx:TrackPointExtension><gpxtpx:cad>0</gpxtpx:cad></gpxtpx:TrackPointExtension></extensions></trkpt><trkpt lat="15.4093655571" lon="73.7730298284"><ele>6.39</ele><time>2025-11-17T04:27:12Z</time><extensions><gpxtpx:TrackPointExtension><gpxtpx:cad>0</gpxtpx:cad></gpxtpx:TrackPointExtension></extensions></trkpt><trkpt lat="15.4095008411" lon="73.7731180061"><ele>5.91</ele><time>2025-11-17T04:27:17Z</time><extensions><gpxtpx:TrackPointExtension><gpxtpx:cad>0</gpxtpx:cad></gpxtpx:TrackPointExtension></extensions></trkpt><trkpt lat="15.4096355382" lon="73.7732123025"><ele>5.91</ele><time>2025-11-17T04:27:22Z</time><extensions><gpxtpx:TrackPointExtension><gpxtpx:cad>0</gpxtpx:cad></gpxtpx:TrackPointExtension></extensions></trkpt><trkpt lat="15.4097621050" lon="73.7733229436"><ele>5.91</ele><time>2025-11-17T04:27:27Z</time><extensions><gpxtpx:TrackPointExtension><gpxtpx:cad>0</gpxtpx:cad></gpxtpx:TrackPointExtension></extensions></trkpt><trkpt lat="15.4098758474" lon="73.7734237779"><ele>5.91</ele><time>2025-11-17T04:27:32Z</time><extensions><gpxtpx:TrackPointExtension><gpxtpx:cad>0</gpxtpx:cad></gpxtpx:TrackPointExtension></extensions></trkpt><trkpt lat="15.4099992290" lon="73.7735311501"><ele>5.91</ele><time>2025-11-17T04:27:37Z</time><extensions><gpxtpx:TrackPointExtension><gpxtpx:cad>0</gpxtpx:cad></gpxtpx:TrackPointExtension></extensions></trkpt><trkpt lat="15.4101294838" lon="73.7736526038"><ele>6.39</ele><time>2025-11-17T04:27:42Z</time><extensions><gpxtpx:TrackPointExtension><gpxtpx:cad>0</gpxtpx:cad></gpxtpx:TrackPointExtension></extensions></trkpt><trkpt lat="15.4102587327" lon="73.7737641670"><ele>6.87</ele><time>2025-11-17T04:27:47Z</time><extensions><gpxtpx:TrackPointExtension><gpxtpx:cad>0</gpxtpx:cad></gpxtpx:TrackPointExtension></extensions></trkpt><trkpt lat="15.4103823658" lon="73.7738524284"><ele>7.83</ele><time>2025-11-17T04:27:52Z</time><extensions><gpxtpx:TrackPointExtension><gpxtpx:cad>0</gpxtpx:cad></gpxtpx:TrackPointExtension></extensions></trkpt><trkpt lat="15.4105089325" lon="73.7739417795"><ele>8.31</ele><time>2025-11-17T04:27:57Z</time><extensions><gpxtpx:TrackPointExtension><gpxtpx:cad>0</gpxtpx:cad></gpxtpx:TrackPointExtension></extensions></trkpt><trkpt lat="15.4106454737" lon="73.7740475591"><ele>8.79</ele><time>2025-11-17T04:28:02Z</time><extensions><gpxtpx:TrackPointExtension><gpxtpx:cad>0</gpxtpx:cad></gpxtpx:TrackPointExtension></extensions></trkpt><trkpt lat="15.4107859544" lon="73.7741578650"><ele>9.75</ele><time>2025-11-17T04:28:07Z</time><extensions><gpxtpx:TrackPointExtension><gpxtpx:cad>0</gpxtpx:cad></gpxtpx:TrackPointExtension></extensions></trkpt><trkpt lat="15.4109060671" lon="73.7742549274"><ele>9.27</ele><time>2025-11-17T04:28:12Z</time><extensions><gpxtpx:TrackPointExtension><gpxtpx:cad>0</gpxtpx:cad></gpxtpx:TrackPointExtension></extensions></trkpt><trkpt lat="15.4110258445" lon="73.7743419316"><ele>9.27</ele><time>2025-11-17T04:28:17Z</time><extensions><gpxtpx:TrackPointExtension><gpxtpx:cad>0</gpxtpx:cad></gpxtpx:TrackPointExtension></extensions></trkpt><trkpt lat="15.4111517407" lon="73.7744433526"><ele>8.79</ele><time>2025-11-17T04:28:22Z</time><extensions><gpxtpx:TrackPointExtension><gpxtpx:cad>0</gpxtpx:cad></gpxtpx:TrackPointExtension></extensions></trkpt><trkpt lat="15.4112846777" lon="73.7745597772"><ele>8.79</ele><time>2025-11-17T04:28:27Z</time><extensions><gpxtpx:TrackPointExtension><gpxtpx:cad>0</gpxtpx:cad></gpxtpx:TrackPointExtension></extensions></trkpt><trkpt lat="15.4114088975" lon="73.7746675685"><ele>8.31</ele><time>2025-11-17T04:28:32Z</time><extensions><gpxtpx:TrackPointExtension><gpxtpx:cad>0</gpxtpx:cad></gpxtpx:TrackPointExtension></extensions></trkpt><trkpt lat="15.4115104023" lon="73.7747804727"><ele>7.83</ele><time>2025-11-17T04:28:37Z</time><extensions><gpxtpx:TrackPointExtension><gpxtpx:cad>0</gpxtpx:cad></gpxtpx:TrackPointExtension></extensions></trkpt><trkpt lat="15.4116219655" lon="73.7748942990"><ele>7.35</ele><time>2025-11-17T04:28:42Z</time><extensions><gpxtpx:TrackPointExtension><gpxtpx:cad>0</gpxtpx:cad></gpxtpx:TrackPointExtension></extensions></trkpt><trkpt lat="15.4117441736" lon="73.7750124000"><ele>7.83</ele><time>2025-11-17T04:28:47Z</time><extensions><gpxtpx:TrackPointExtension><gpxtpx:cad>0</gpxtpx:cad></gpxtpx:TrackPointExtension></extensions></trkpt><trkpt lat="15.4118693154" lon="73.7751289085"><ele>7.83</ele><time>2025-11-17T04:28:52Z</time><extensions><gpxtpx:TrackPointExtension><gpxtpx:cad>0</gpxtpx:cad></gpxtpx:TrackPointExtension></extensions></trkpt><trkpt lat="15.4119841475" lon="73.7752251327"><ele>8.79</ele><time>2025-11-17T04:28:57Z</time><extensions><gpxtpx:TrackPointExtension><gpxtpx:cad>0</gpxtpx:cad></gpxtpx:TrackPointExtension></extensions></trkpt><trkpt lat="15.4121041764" lon="73.7753066886"><ele>9.75</ele><time>2025-11-17T04:29:02Z</time><extensions><gpxtpx:TrackPointExtension><gpxtpx:cad>0</gpxtpx:cad></gpxtpx:TrackPointExtension></extensions></trkpt><trkpt lat="15.4122475907" lon="73.7754112110"><ele>10.23</ele><time>2025-11-17T04:29:07Z</time><extensions><gpxtpx:TrackPointExtension><gpxtpx:cad>0</gpxtpx:cad></gpxtpx:TrackPointExtension></extensions></trkpt><trkpt lat="15.4123754986" lon="73.7755148951"><ele>9.75</ele><time>2025-11-17T04:29:12Z</time><extensions><gpxtpx:TrackPointExtension><gpxtpx:cad>0</gpxtpx:cad></gpxtpx:TrackPointExtension></extensions></trkpt><trkpt lat="15.4125070944" lon="73.7756201718"><ele>9.75</ele><time>2025-11-17T04:29:17Z</time><extensions><gpxtpx:TrackPointExtension><gpxtpx:cad>0</gpxtpx:cad></gpxtpx:TrackPointExtension></extensions></trkpt><trkpt lat="15.4126381874" lon="73.7757202517"><ele>9.27</ele><time>2025-11-17T04:29:22Z</time><extensions><gpxtpx:TrackPointExtension><gpxtpx:cad>0</gpxtpx:cad></gpxtpx:TrackPointExtension></extensions></trkpt><trkpt lat="15.4127643351" lon="73.7758168112"><ele>9.27</ele><time>2025-11-17T04:29:27Z</time><extensions><gpxtpx:TrackPointExtension><gpxtpx:cad>0</gpxtpx:cad></gpxtpx:TrackPointExtension></extensions></trkpt><trkpt lat="15.4128934164" lon="73.7759183999"><ele>8.79</ele><time>2025-11-17T04:29:32Z</time><extensions><gpxtpx:TrackPointExtension><gpxtpx:cad>0</gpxtpx:cad></gpxtpx:TrackPointExtension></extensions></trkpt><trkpt lat="15.4130173847" lon="73.7760226708"><ele>8.31</ele><time>2025-11-17T04:29:37Z</time><extensions><gpxtpx:TrackPointExtension><gpxtpx:cad>0</gpxtpx:cad></gpxtpx:TrackPointExtension></extensions></trkpt><trkpt lat="15.4131427780" lon="73.7761220802"><ele>7.83</ele><time>2025-11-17T04:29:42Z</time><extensions><gpxtpx:TrackPointExtension><gpxtpx:cad>0</gpxtpx:cad></gpxtpx:TrackPointExtension></extensions></trkpt><trkpt lat="15.4132707696" lon="73.7762166280"><ele>7.35</ele><time>2025-11-17T04:29:47Z</time><extensions><gpxtpx:TrackPointExtension><gpxtpx:cad>0</gpxtpx:cad></gpxtpx:TrackPointExtension></extensions></trkpt><trkpt lat="15.4133995995" lon="73.7763153668"><ele>7.35</ele><time>2025-11-17T04:29:52Z</time><extensions><gpxtpx:TrackPointExtension><gpxtpx:cad>0</gpxtpx:cad></gpxtpx:TrackPointExtension></extensions></trkpt><trkpt lat="15.4135213047" lon="73.7764276005"><ele>6.87</ele><time>2025-11-17T04:29:57Z</time><extensions><gpxtpx:TrackPointExtension><gpxtpx:cad>0</gpxtpx:cad></gpxtpx:TrackPointExtension></extensions></trkpt><trkpt lat="15.4136397410" lon="73.7765363138"><ele>6.39</ele><time>2025-11-17T04:30:02Z</time><extensions><gpxtpx:TrackPointExtension><gpxtpx:cad>0</gpxtpx:cad></gpxtpx:TrackPointExtension></extensions></trkpt><trkpt lat="15.4137689061" lon="73.7766306940"><ele>6.39</ele><time>2025-11-17T04:30:07Z</time><extensions><gpxtpx:TrackPointExtension><gpxtpx:cad>0</gpxtpx:cad></gpxtpx:TrackPointExtension></extensions></trkpt><trkpt lat="15.4138957243" lon="73.7767469510"><ele>6.39</ele><time>2025-11-17T04:30:12Z</time><extensions><gpxtpx:TrackPointExtension><gpxtpx:cad>0</gpxtpx:cad></gpxtpx:TrackPointExtension></extensions></trkpt><trkpt lat="15.4140103050" lon="73.7768625375"><ele>5.42</ele><time>2025-11-17T04:30:17Z</time><extensions><gpxtpx:TrackPointExtension><gpxtpx:cad>0</gpxtpx:cad></gpxtpx:TrackPointExtension></extensions></trkpt><trkpt lat="15.4141161684" lon="73.7769735977"><ele>4.94</ele><time>2025-11-17T04:30:22Z</time><extensions><gpxtpx:TrackPointExtension><gpxtpx:cad>0</gpxtpx:cad></gpxtpx:TrackPointExtension></extensions></trkpt><trkpt lat="15.4142207745" lon="73.7770951353"><ele>5.42</ele><time>2025-11-17T04:30:27Z</time><extensions><gpxtpx:TrackPointExtension><gpxtpx:cad>0</gpxtpx:cad></gpxtpx:TrackPointExtension></extensions></trkpt><trkpt lat="15.4143178370" lon="73.7772315089"><ele>4.46</ele><time>2025-11-17T04:30:32Z</time><extensions><gpxtpx:TrackPointExtension><gpxtpx:cad>0</gpxtpx:cad></gpxtpx:TrackPointExtension></extensions></trkpt><trkpt lat="15.4144120496" lon="73.7773536332"><ele>3.98</ele><time>2025-11-17T04:30:37Z</time><extensions><gpxtpx:TrackPointExtension><gpxtpx:cad>0</gpxtpx:cad></gpxtpx:TrackPointExtension></extensions></trkpt><trkpt lat="15.4145008978" lon="73.7774777692"><ele>3.50</ele><time>2025-11-17T04:30:42Z</time><extensions><gpxtpx:TrackPointExtension><gpxtpx:cad>0</gpxtpx:cad></gpxtpx:TrackPointExtension></extensions></trkpt><trkpt lat="15.4145982116" lon="73.7775936071"><ele>3.50</ele><time>2025-11-17T04:30:47Z</time><extensions><gpxtpx:TrackPointExtension><gpxtpx:cad>0</gpxtpx:cad></gpxtpx:TrackPointExtension></extensions></trkpt><trkpt lat="15.4147063382" lon="73.7777090259"><ele>3.50</ele><time>2025-11-17T04:30:52Z</time><extensions><gpxtpx:TrackPointExtension><gpxtpx:cad>0</gpxtpx:cad></gpxtpx:TrackPointExtension></extensions></trkpt><trkpt lat="15.4148220923" lon="73.7778174039"><ele>3.50</ele><time>2025-11-17T04:30:57Z</time><extensions><gpxtpx:TrackPointExtension><gpxtpx:cad>0</gpxtpx:cad></gpxtpx:TrackPointExtension></extensions></trkpt><trkpt lat="15.4149346612" lon="73.7779344991"><ele>3.98</ele><time>2025-11-17T04:31:02Z</time><extensions><gpxtpx:TrackPointExtension><gpxtpx:cad>0</gpxtpx:cad></gpxtpx:TrackPointExtension></extensions></trkpt><trkpt lat="15.4150434583" lon="73.7780544441"><ele>3.02</ele><time>2025-11-17T04:31:07Z</time><extensions><gpxtpx:TrackPointExtension><gpxtpx:cad>0</gpxtpx:cad></gpxtpx:TrackPointExtension></extensions></trkpt><trkpt lat="15.4151463881" lon="73.7781700306"><ele>3.02</ele><time>2025-11-17T04:31:12Z</time><extensions><gpxtpx:TrackPointExtension><gpxtpx:cad>0</gpxtpx:cad></gpxtpx:TrackPointExtension></extensions></trkpt><trkpt lat="15.4152473900" lon="73.7782872934"><ele>3.50</ele><time>2025-11-17T04:31:17Z</time><extensions><gpxtpx:TrackPointExtension><gpxtpx:cad>0</gpxtpx:cad></gpxtpx:TrackPointExtension></extensions></trkpt><trkpt lat="15.4153499845" lon="73.7784042209"><ele>3.98</ele><time>2025-11-17T04:31:22Z</time><extensions><gpxtpx:TrackPointExtension><gpxtpx:cad>0</gpxtpx:cad></gpxtpx:TrackPointExtension></extensions></trkpt><trkpt lat="15.4154508188" lon="73.7785172090"><ele>4.46</ele><time>2025-11-17T04:31:27Z</time><extensions><gpxtpx:TrackPointExtension><gpxtpx:cad>0</gpxtpx:cad></gpxtpx:TrackPointExtension></extensions></trkpt><trkpt lat="15.4155308660" lon="73.7786178757"><ele>5.91</ele><time>2025-11-17T04:31:32Z</time><extensions><gpxtpx:TrackPointExtension><gpxtpx:cad>0</gpxtpx:cad></gpxtpx:TrackPointExtension></extensions></trkpt><trkpt lat="15.4156207200" lon="73.7787256669"><ele>6.87</ele><time>2025-11-17T04:31:37Z</time><extensions><gpxtpx:TrackPointExtension><gpxtpx:cad>0</gpxtpx:cad></gpxtpx:TrackPointExtension></extensions></trkpt><trkpt lat="15.4157280922" lon="73.7788382359"><ele>7.83</ele><time>2025-11-17T04:31:42Z</time><extensions><gpxtpx:TrackPointExtension><gpxtpx:cad>0</gpxtpx:cad></gpxtpx:TrackPointExtension></extensions></trkpt><trkpt lat="15.4158401582" lon="73.7789542414"><ele>8.31</ele><time>2025-11-17T04:31:47Z</time><extensions><gpxtpx:TrackPointExtension><gpxtpx:cad>0</gpxtpx:cad></gpxtpx:TrackPointExtension></extensions></trkpt><trkpt lat="15.4159514699" lon="73.7790510524"><ele>8.31</ele><time>2025-11-17T04:31:52Z</time><extensions><gpxtpx:TrackPointExtension><gpxtpx:cad>0</gpxtpx:cad></gpxtpx:TrackPointExtension></extensions></trkpt><trkpt lat="15.4160599317" lon="73.7791481987"><ele>8.79</ele><time>2025-11-17T04:31:57Z</time><extensions><gpxtpx:TrackPointExtension><gpxtpx:cad>0</gpxtpx:cad></gpxtpx:TrackPointExtension></extensions></trkpt><trkpt lat="15.4161753505" lon="73.7792610191"><ele>9.27</ele><time>2025-11-17T04:32:02Z</time><extensions><gpxtpx:TrackPointExtension><gpxtpx:cad>0</gpxtpx:cad></gpxtpx:TrackPointExtension></extensions></trkpt><trkpt lat="15.4162938707" lon="73.7793718278"><ele>9.75</ele><time>2025-11-17T04:32:07Z</time><extensions><gpxtpx:TrackPointExtension><gpxtpx:cad>0</gpxtpx:cad></gpxtpx:TrackPointExtension></extensions></trkpt><trkpt lat="15.4164120555" lon="73.7794760987"><ele>9.75</ele><time>2025-11-17T04:32:12Z</time><extensions><gpxtpx:TrackPointExtension><gpxtpx:cad>0</gpxtpx:cad></gpxtpx:TrackPointExtension></extensions></trkpt><trkpt lat="15.4165305756" lon="73.7795804534"><ele>9.75</ele><time>2025-11-17T04:32:17Z</time><extensions><gpxtpx:TrackPointExtension><gpxtpx:cad>0</gpxtpx:cad></gpxtpx:TrackPointExtension></extensions></trkpt><trkpt lat="15.4166359361" lon="73.7796901725"><ele>9.75</ele><time>2025-11-17T04:32:22Z</time><extensions><gpxtpx:TrackPointExtension><gpxtpx:cad>0</gpxtpx:cad></gpxtpx:TrackPointExtension></extensions></trkpt><trkpt lat="15.4167402070" lon="73.7797998078"><ele>9.75</ele><time>2025-11-17T04:32:27Z</time><extensions><gpxtpx:TrackPointExtension><gpxtpx:cad>0</gpxtpx:cad></gpxtpx:TrackPointExtension></extensions></trkpt><trkpt lat="15.4168602359" lon="73.7799045816"><ele>10.23</ele><time>2025-11-17T04:32:32Z</time><extensions><gpxtpx:TrackPointExtension><gpxtpx:cad>0</gpxtpx:cad></gpxtpx:TrackPointExtension></extensions></trkpt><trkpt lat="15.4169733077" lon="73.7800100259"><ele>10.71</ele><time>2025-11-17T04:32:37Z</time><extensions><gpxtpx:TrackPointExtension><gpxtpx:cad>0</gpxtpx:cad></gpxtpx:TrackPointExtension></extensions></trkpt><trkpt lat="15.4170886427" lon="73.7801173981"><ele>11.19</ele><time>2025-11-17T04:32:42Z</time><extensions><gpxtpx:TrackPointExtension><gpxtpx:cad>0</gpxtpx:cad></gpxtpx:TrackPointExtension></extensions></trkpt><trkpt lat="15.4172166344" lon="73.7802236807"><ele>11.67</ele><time>2025-11-17T04:32:47Z</time><extensions><gpxtpx:TrackPointExtension><gpxtpx:cad>0</gpxtpx:cad></gpxtpx:TrackPointExtension></extensions></trkpt><trkpt lat="15.4173376691" lon="73.7803152110"><ele>11.67</ele><time>2025-11-17T04:32:52Z</time><extensions><gpxtpx:TrackPointExtension><gpxtpx:cad>0</gpxtpx:cad></gpxtpx:TrackPointExtension></extensions></trkpt><trkpt lat="15.4174491484" lon="73.7804188114"><ele>11.67</ele><time>2025-11-17T04:32:57Z</time><extensions><gpxtpx:TrackPointExtension><gpxtpx:cad>0</gpxtpx:cad></gpxtpx:TrackPointExtension></extensions></trkpt><trkpt lat="15.4175666627" lon="73.7805248424"><ele>12.15</ele><time>2025-11-17T04:33:02Z</time><extensions><gpxtpx:TrackPointExtension><gpxtpx:cad>0</gpxtpx:cad></gpxtpx:TrackPointExtension></extensions></trkpt><trkpt lat="15.4176915530" lon="73.7806229107"><ele>11.67</ele><time>2025-11-17T04:33:07Z</time><extensions><gpxtpx:TrackPointExtension><gpxtpx:cad>0</gpxtpx:cad></gpxtpx:TrackPointExtension></extensions></trkpt><trkpt lat="15.4178102408" lon="73.7807124294"><ele>11.67</ele><time>2025-11-17T04:33:12Z</time><extensions><gpxtpx:TrackPointExtension><gpxtpx:cad>0</gpxtpx:cad></gpxtpx:TrackPointExtension></extensions></trkpt><trkpt lat="15.4179329518" lon="73.7808056362"><ele>11.67</ele><time>2025-11-17T04:33:17Z</time><extensions><gpxtpx:TrackPointExtension><gpxtpx:cad>0</gpxtpx:cad></gpxtpx:TrackPointExtension></extensions></trkpt><trkpt lat="15.4180473648" lon="73.7809070572"><ele>11.67</ele><time>2025-11-17T04:33:22Z</time><extensions><gpxtpx:TrackPointExtension><gpxtpx:cad>0</gpxtpx:cad></gpxtpx:TrackPointExtension></extensions></trkpt><trkpt lat="15.4181559943" lon="73.7810117472"><ele>11.67</ele><time>2025-11-17T04:33:27Z</time><extensions><gpxtpx:TrackPointExtension><gpxtpx:cad>0</gpxtpx:cad></gpxtpx:TrackPointExtension></extensions></trkpt><trkpt lat="15.4182687309" lon="73.7811125815"><ele>11.19</ele><time>2025-11-17T04:33:32Z</time><extensions><gpxtpx:TrackPointExtension><gpxtpx:cad>0</gpxtpx:cad></gpxtpx:TrackPointExtension></extensions></trkpt><trkpt lat="15.4183906876" lon="73.7812082190"><ele>11.19</ele><time>2025-11-17T04:33:37Z</time><extensions><gpxtpx:TrackPointExtension><gpxtpx:cad>0</gpxtpx:cad></gpxtpx:TrackPointExtension></extensions></trkpt><trkpt lat="15.4185079504" lon="73.7813088018"><ele>11.67</ele><time>2025-11-17T04:33:42Z</time><extensions><gpxtpx:TrackPointExtension><gpxtpx:cad>0</gpxtpx:cad></gpxtpx:TrackPointExtension></extensions></trkpt><trkpt lat="15.4186180886" lon="73.7814121507"><ele>11.67</ele><time>2025-11-17T04:33:47Z</time><extensions><gpxtpx:TrackPointExtension><gpxtpx:cad>0</gpxtpx:cad></gpxtpx:TrackPointExtension></extensions></trkpt><trkpt lat="15.4187300708" lon="73.7815145776"><ele>12.15</ele><time>2025-11-17T04:33:52Z</time><extensions><gpxtpx:TrackPointExtension><gpxtpx:cad>0</gpxtpx:cad></gpxtpx:TrackPointExtension></extensions></trkpt><trkpt lat="15.4188464954" lon="73.7816217821"><ele>11.19</ele><time>2025-11-17T04:33:57Z</time><extensions><gpxtpx:TrackPointExtension><gpxtpx:cad>0</gpxtpx:cad></gpxtpx:TrackPointExtension></extensions></trkpt><trkpt lat="15.4189614113" lon="73.7817376200"><ele>10.71</ele><time>2025-11-17T04:34:02Z</time><extensions><gpxtpx:TrackPointExtension><gpxtpx:cad>0</gpxtpx:cad></gpxtpx:TrackPointExtension></extensions></trkpt><trkpt lat="15.4190803505" lon="73.7818454951"><ele>10.23</ele><time>2025-11-17T04:34:07Z</time><extensions><gpxtpx:TrackPointExtension><gpxtpx:cad>0</gpxtpx:cad></gpxtpx:TrackPointExtension></extensions></trkpt><trkpt lat="15.4191805143" lon="73.7819578126"><ele>10.23</ele><time>2025-11-17T04:34:12Z</time><extensions><gpxtpx:TrackPointExtension><gpxtpx:cad>0</gpxtpx:cad></gpxtpx:TrackPointExtension></extensions></trkpt><trkpt lat="15.4192985315" lon="73.7820682861"><ele>9.75</ele><time>2025-11-17T04:34:17Z</time><extensions><gpxtpx:TrackPointExtension><gpxtpx:cad>0</gpxtpx:cad></gpxtpx:TrackPointExtension></extensions></trkpt><trkpt lat="15.4194099270" lon="73.7821687851"><ele>8.79</ele><time>2025-11-17T04:34:22Z</time><extensions><gpxtpx:TrackPointExtension><gpxtpx:cad>0</gpxtpx:cad></gpxtpx:TrackPointExtension></extensions></trkpt><trkpt lat="15.4195245914" lon="73.7822712120"><ele>8.31</ele><time>2025-11-17T04:34:27Z</time><extensions><gpxtpx:TrackPointExtension><gpxtpx:cad>0</gpxtpx:cad></gpxtpx:TrackPointExtension></extensions></trkpt><trkpt lat="15.4196289461" lon="73.7823851220"><ele>8.31</ele><time>2025-11-17T04:34:32Z</time><extensions><gpxtpx:TrackPointExtension><gpxtpx:cad>0</gpxtpx:cad></gpxtpx:TrackPointExtension></extensions></trkpt><trkpt lat="15.4197369050" lon="73.7824927457"><ele>7.83</ele><time>2025-11-17T04:34:37Z</time><extensions><gpxtpx:TrackPointExtension><gpxtpx:cad>0</gpxtpx:cad></gpxtpx:TrackPointExtension></extensions></trkpt><trkpt lat="15.4198395833" lon="73.7826031353"><ele>7.35</ele><time>2025-11-17T04:34:42Z</time><extensions><gpxtpx:TrackPointExtension><gpxtpx:cad>0</gpxtpx:cad></gpxtpx:TrackPointExtension></extensions></trkpt><trkpt lat="15.4199477099" lon="73.7827157043"><ele>7.83</ele><time>2025-11-17T04:34:47Z</time><extensions><gpxtpx:TrackPointExtension><gpxtpx:cad>0</gpxtpx:cad></gpxtpx:TrackPointExtension></extensions></trkpt><trkpt lat="15.4200622905" lon="73.7828315422"><ele>7.83</ele><time>2025-11-17T04:34:52Z</time><extensions><gpxtpx:TrackPointExtension><gpxtpx:cad>0</gpxtpx:cad></gpxtpx:TrackPointExtension></extensions></trkpt><trkpt lat="15.4201710876" lon="73.7829394173"><ele>7.83</ele><time>2025-11-17T04:34:57Z</time><extensions><gpxtpx:TrackPointExtension><gpxtpx:cad>0</gpxtpx:cad></gpxtpx:TrackPointExtension></extensions></trkpt><trkpt lat="15.4202805553" lon="73.7830322050"><ele>9.27</ele><time>2025-11-17T04:35:02Z</time><extensions><gpxtpx:TrackPointExtension><gpxtpx:cad>0</gpxtpx:cad></gpxtpx:TrackPointExtension></extensions></trkpt><trkpt lat="15.4203946330" lon="73.7831351347"><ele>9.27</ele><time>2025-11-17T04:35:07Z</time><extensions><gpxtpx:TrackPointExtension><gpxtpx:cad>0</gpxtpx:cad></gpxtpx:TrackPointExtension></extensions></trkpt><trkpt lat="15.4205097165" lon="73.7832422554"><ele>9.75</ele><time>2025-11-17T04:35:12Z</time><extensions><gpxtpx:TrackPointExtension><gpxtpx:cad>0</gpxtpx:cad></gpxtpx:TrackPointExtension></extensions></trkpt><trkpt lat="15.4206211958" lon="73.7833484542"><ele>10.23</ele><time>2025-11-17T04:35:17Z</time><extensions><gpxtpx:TrackPointExtension><gpxtpx:cad>0</gpxtpx:cad></gpxtpx:TrackPointExtension></extensions></trkpt><trkpt lat="15.4207286518" lon="73.7834524736"><ele>10.71</ele><time>2025-11-17T04:35:22Z</time><extensions><gpxtpx:TrackPointExtension><gpxtpx:cad>0</gpxtpx:cad></gpxtpx:TrackPointExtension></extensions></trkpt><trkpt lat="15.4208330903" lon="73.7835621927"><ele>10.23</ele><time>2025-11-17T04:35:27Z</time><extensions><gpxtpx:TrackPointExtension><gpxtpx:cad>0</gpxtpx:cad></gpxtpx:TrackPointExtension></extensions></trkpt><trkpt lat="15.4209356848" lon="73.7836699840"><ele>8.79</ele><time>2025-11-17T04:35:32Z</time><extensions><gpxtpx:TrackPointExtension><gpxtpx:cad>0</gpxtpx:cad></gpxtpx:TrackPointExtension></extensions></trkpt><trkpt lat="15.4210440628" lon="73.7837725785"><ele>7.35</ele><time>2025-11-17T04:35:37Z</time><extensions><gpxtpx:TrackPointExtension><gpxtpx:cad>0</gpxtpx:cad></gpxtpx:TrackPointExtension></extensions></trkpt><trkpt lat="15.4211560450" lon="73.7838677969"><ele>6.87</ele><time>2025-11-17T04:35:42Z</time><extensions><gpxtpx:TrackPointExtension><gpxtpx:cad>0</gpxtpx:cad></gpxtpx:TrackPointExtension></extensions></trkpt><trkpt lat="15.4212623276" lon="73.7839650270"><ele>6.39</ele><time>2025-11-17T04:35:47Z</time><extensions><gpxtpx:TrackPointExtension><gpxtpx:cad>0</gpxtpx:cad></gpxtpx:TrackPointExtension></extensions></trkpt><trkpt lat="15.4213670176" lon="73.7840615865"><ele>6.39</ele><time>2025-11-17T04:35:52Z</time><extensions><gpxtpx:TrackPointExtension><gpxtpx:cad>0</gpxtpx:cad></gpxtpx:TrackPointExtension></extensions></trkpt><trkpt lat="15.4214707855" lon="73.7841635104"><ele>6.39</ele><time>2025-11-17T04:35:57Z</time><extensions><gpxtpx:TrackPointExtension><gpxtpx:cad>0</gpxtpx:cad></gpxtpx:TrackPointExtension></extensions></trkpt><trkpt lat="15.4215816781" lon="73.7842682004"><ele>6.39</ele><time>2025-11-17T04:36:02Z</time><extensions><gpxtpx:TrackPointExtension><gpxtpx:cad>0</gpxtpx:cad></gpxtpx:TrackPointExtension></extensions></trkpt><trkpt lat="15.4216931574" lon="73.7843655143"><ele>5.91</ele><time>2025-11-17T04:36:07Z</time><extensions><gpxtpx:TrackPointExtension><gpxtpx:cad>0</gpxtpx:cad></gpxtpx:TrackPointExtension></extensions></trkpt><trkpt lat="15.4217774794" lon="73.7844764907"><ele>5.91</ele><time>2025-11-17T04:36:12Z</time><extensions><gpxtpx:TrackPointExtension><gpxtpx:cad>0</gpxtpx:cad></gpxtpx:TrackPointExtension></extensions></trkpt><trkpt lat="15.4218291119" lon="73.7846047338"><ele>5.91</ele><time>2025-11-17T04:36:17Z</time><extensions><gpxtpx:TrackPointExtension><gpxtpx:cad>0</gpxtpx:cad></gpxtpx:TrackPointExtension></extensions></trkpt><trkpt lat="15.4218649864" lon="73.7847424485"><ele>6.39</ele><time>2025-11-17T04:36:22Z</time><extensions><gpxtpx:TrackPointExtension><gpxtpx:cad>0</gpxtpx:cad></gpxtpx:TrackPointExtension></extensions></trkpt><trkpt lat="15.4218941554" lon="73.7848916464"><ele>6.39</ele><time>2025-11-17T04:36:27Z</time><extensions><gpxtpx:TrackPointExtension><gpxtpx:cad>0</gpxtpx:cad></gpxtpx:TrackPointExtension></extensions></trkpt><trkpt lat="15.4219229054" lon="73.7850317080"><ele>5.42</ele><time>2025-11-17T04:36:32Z</time><extensions><gpxtpx:TrackPointExtension><gpxtpx:cad>0</gpxtpx:cad></gpxtpx:TrackPointExtension></extensions></trkpt><trkpt lat="15.4219493922" lon="73.7851789780"><ele>4.94</ele><time>2025-11-17T04:36:37Z</time><extensions><gpxtpx:TrackPointExtension><gpxtpx:cad>0</gpxtpx:cad></gpxtpx:TrackPointExtension></extensions></trkpt><trkpt lat="15.4219764657" lon="73.7853249069"><ele>4.94</ele><time>2025-11-17T04:36:42Z</time><extensions><gpxtpx:TrackPointExtension><gpxtpx:cad>0</gpxtpx:cad></gpxtpx:TrackPointExtension></extensions></trkpt><trkpt lat="15.4220080655" lon="73.7854725961"><ele>4.46</ele><time>2025-11-17T04:36:47Z</time><extensions><gpxtpx:TrackPointExtension><gpxtpx:cad>0</gpxtpx:cad></gpxtpx:TrackPointExtension></extensions></trkpt><trkpt lat="15.4220355581" lon="73.7856118195"><ele>3.98</ele><time>2025-11-17T04:36:52Z</time><extensions><gpxtpx:TrackPointExtension><gpxtpx:cad>0</gpxtpx:cad></gpxtpx:TrackPointExtension></extensions></trkpt><trkpt lat="15.4220579378" lon="73.7857449241"><ele>3.50</ele><time>2025-11-17T04:36:57Z</time><extensions><gpxtpx:TrackPointExtension><gpxtpx:cad>0</gpxtpx:cad></gpxtpx:TrackPointExtension></extensions></trkpt><trkpt lat="15.4220811557" lon="73.7858929485"><ele>3.02</ele><time>2025-11-17T04:37:02Z</time><extensions><gpxtpx:TrackPointExtension><gpxtpx:cad>0</gpxtpx:cad></gpxtpx:TrackPointExtension></extensions></trkpt><trkpt lat="15.4221073911" lon="73.7860386260"><ele>3.02</ele><time>2025-11-17T04:37:07Z</time><extensions><gpxtpx:TrackPointExtension><gpxtpx:cad>0</gpxtpx:cad></gpxtpx:TrackPointExtension></extensions></trkpt><trkpt lat="15.4221355543" lon="73.7861765921"><ele>2.54</ele><time>2025-11-17T04:37:12Z</time><extensions><gpxtpx:TrackPointExtension><gpxtpx:cad>0</gpxtpx:cad></gpxtpx:TrackPointExtension></extensions></trkpt><trkpt lat="15.4221616220" lon="73.7863166537"><ele>2.54</ele><time>2025-11-17T04:37:17Z</time><extensions><gpxtpx:TrackPointExtension><gpxtpx:cad>0</gpxtpx:cad></gpxtpx:TrackPointExtension></extensions></trkpt><trkpt lat="15.4221917130" lon="73.7864569668"><ele>2.54</ele><time>2025-11-17T04:37:22Z</time><extensions><gpxtpx:TrackPointExtension><gpxtpx:cad>0</gpxtpx:cad></gpxtpx:TrackPointExtension></extensions></trkpt><trkpt lat="15.4222337063" lon="73.7865991239"><ele>2.54</ele><time>2025-11-17T04:37:27Z</time><extensions><gpxtpx:TrackPointExtension><gpxtpx:cad>0</gpxtpx:cad></gpxtpx:TrackPointExtension></extensions></trkpt><trkpt lat="15.4222684074" lon="73.7867402751"><ele>2.54</ele><time>2025-11-17T04:37:32Z</time><extensions><gpxtpx:TrackPointExtension><gpxtpx:cad>0</gpxtpx:cad></gpxtpx:TrackPointExtension></extensions></trkpt><trkpt lat="15.4222979955" lon="73.7868789956"><ele>2.06</ele><time>2025-11-17T04:37:37Z</time><extensions><gpxtpx:TrackPointExtension><gpxtpx:cad>0</gpxtpx:cad></gpxtpx:TrackPointExtension></extensions></trkpt><trkpt lat="15.4223264102" lon="73.7870141957"><ele>2.06</ele><time>2025-11-17T04:37:42Z</time><extensions><gpxtpx:TrackPointExtension><gpxtpx:cad>0</gpxtpx:cad></gpxtpx:TrackPointExtension></extensions></trkpt><trkpt lat="15.4223573394" lon="73.7871660758"><ele>2.54</ele><time>2025-11-17T04:37:47Z</time><extensions><gpxtpx:TrackPointExtension><gpxtpx:cad>0</gpxtpx:cad></gpxtpx:TrackPointExtension></extensions></trkpt><trkpt lat="15.4223969858" lon="73.7873071432"><ele>2.54</ele><time>2025-11-17T04:37:52Z</time><extensions><gpxtpx:TrackPointExtension><gpxtpx:cad>0</gpxtpx:cad></gpxtpx:TrackPointExtension></extensions></trkpt><trkpt lat="15.4224342853" lon="73.7874458637"><ele>1.58</ele><time>2025-11-17T04:37:57Z</time><extensions><gpxtpx:TrackPointExtension><gpxtpx:cad>0</gpxtpx:cad></gpxtpx:TrackPointExtension></extensions></trkpt><trkpt lat="15.4224813916" lon="73.7875800580"><ele>1.58</ele><time>2025-11-17T04:38:02Z</time><extensions><gpxtpx:TrackPointExtension><gpxtpx:cad>0</gpxtpx:cad></gpxtpx:TrackPointExtension></extensions></trkpt><trkpt lat="15.4225411545" lon="73.7877161801"><ele>1.58</ele><time>2025-11-17T04:38:07Z</time><extensions><gpxtpx:TrackPointExtension><gpxtpx:cad>0</gpxtpx:cad></gpxtpx:TrackPointExtension></extensions></trkpt><trkpt lat="15.4226024263" lon="73.7878528889"><ele>1.10</ele><time>2025-11-17T04:38:12Z</time><extensions><gpxtpx:TrackPointExtension><gpxtpx:cad>0</gpxtpx:cad></gpxtpx:TrackPointExtension></extensions></trkpt><trkpt lat="15.4226631951" lon="73.7879787851"><ele>1.58</ele><time>2025-11-17T04:38:17Z</time><extensions><gpxtpx:TrackPointExtension><gpxtpx:cad>0</gpxtpx:cad></gpxtpx:TrackPointExtension></extensions></trkpt><trkpt lat="15.4227258917" lon="73.7881134823"><ele>1.10</ele><time>2025-11-17T04:38:22Z</time><extensions><gpxtpx:TrackPointExtension><gpxtpx:cad>0</gpxtpx:cad></gpxtpx:TrackPointExtension></extensions></trkpt><trkpt lat="15.4227866605" lon="73.7882568967"><ele>1.58</ele><time>2025-11-17T04:38:27Z</time><extensions><gpxtpx:TrackPointExtension><gpxtpx:cad>0</gpxtpx:cad></gpxtpx:TrackPointExtension></extensions></trkpt><trkpt lat="15.4228456691" lon="73.7883944437"><ele>1.58</ele><time>2025-11-17T04:38:32Z</time><extensions><gpxtpx:TrackPointExtension><gpxtpx:cad>0</gpxtpx:cad></gpxtpx:TrackPointExtension></extensions></trkpt><trkpt lat="15.4228929430" lon="73.7885289732"><ele>1.58</ele><time>2025-11-17T04:38:37Z</time><extensions><gpxtpx:TrackPointExtension><gpxtpx:cad>0</gpxtpx:cad></gpxtpx:TrackPointExtension></extensions></trkpt><trkpt lat="15.4229447432" lon="73.7886607368"><ele>1.10</ele><time>2025-11-17T04:38:42Z</time><extensions><gpxtpx:TrackPointExtension><gpxtpx:cad>0</gpxtpx:cad></gpxtpx:TrackPointExtension></extensions></trkpt><trkpt lat="15.4230113793" lon="73.7887976971"><ele>1.58</ele><time>2025-11-17T04:38:47Z</time><extensions><gpxtpx:TrackPointExtension><gpxtpx:cad>0</gpxtpx:cad></gpxtpx:TrackPointExtension></extensions></trkpt><trkpt lat="15.4230726510" lon="73.7889273651"><ele>1.58</ele><time>2025-11-17T04:38:52Z</time><extensions><gpxtpx:TrackPointExtension><gpxtpx:cad>0</gpxtpx:cad></gpxtpx:TrackPointExtension></extensions></trkpt><trkpt lat="15.4231280554" lon="73.7890627328"><ele>1.10</ele><time>2025-11-17T04:38:57Z</time><extensions><gpxtpx:TrackPointExtension><gpxtpx:cad>0</gpxtpx:cad></gpxtpx:TrackPointExtension></extensions></trkpt><trkpt lat="15.4231843818" lon="73.7891937420"><ele>0.62</ele><time>2025-11-17T04:39:02Z</time><extensions><gpxtpx:TrackPointExtension><gpxtpx:cad>0</gpxtpx:cad></gpxtpx:TrackPointExtension></extensions></trkpt><trkpt lat="15.4232408758" lon="73.7892983481"><ele>1.10</ele><time>2025-11-17T04:39:07Z</time><extensions><gpxtpx:TrackPointExtension><gpxtpx:cad>0</gpxtpx:cad></gpxtpx:TrackPointExtension></extensions></trkpt><trkpt lat="15.4232647642" lon="73.7893490586"><ele>1.58</ele><time>2025-11-17T04:39:12Z</time><extensions><gpxtpx:TrackPointExtension><gpxtpx:cad>0</gpxtpx:cad></gpxtpx:TrackPointExtension></extensions></trkpt><trkpt lat="15.4233028181" lon="73.7894035410"><ele>2.06</ele><time>2025-11-17T04:39:17Z</time><extensions><gpxtpx:TrackPointExtension><gpxtpx:cad>0</gpxtpx:cad></gpxtpx:TrackPointExtension></extensions></trkpt><trkpt lat="15.4233646765" lon="73.7894846778"><ele>2.54</ele><time>2025-11-17T04:39:22Z</time><extensions><gpxtpx:TrackPointExtension><gpxtpx:cad>0</gpxtpx:cad></gpxtpx:TrackPointExtension></extensions></trkpt><trkpt lat="15.4234287981" lon="73.7895982526"><ele>2.06</ele><time>2025-11-17T04:39:27Z</time><extensions><gpxtpx:TrackPointExtension><gpxtpx:cad>0</gpxtpx:cad></gpxtpx:TrackPointExtension></extensions></trkpt><trkpt lat="15.4234930873" lon="73.7897224724"><ele>2.06</ele><time>2025-11-17T04:39:32Z</time><extensions><gpxtpx:TrackPointExtension><gpxtpx:cad>0</gpxtpx:cad></gpxtpx:TrackPointExtension></extensions></trkpt><trkpt lat="15.4235665966" lon="73.7898586784"><ele>2.06</ele><time>2025-11-17T04:39:37Z</time><extensions><gpxtpx:TrackPointExtension><gpxtpx:cad>0</gpxtpx:cad></gpxtpx:TrackPointExtension></extensions></trkpt><trkpt lat="15.4236478172" lon="73.7899943814"><ele>1.58</ele><time>2025-11-17T04:39:42Z</time><extensions><gpxtpx:TrackPointExtension><gpxtpx:cad>0</gpxtpx:cad></gpxtpx:TrackPointExtension></extensions></trkpt><trkpt lat="15.4237173032" lon="73.7901332695"><ele>1.58</ele><time>2025-11-17T04:39:47Z</time><extensions><gpxtpx:TrackPointExtension><gpxtpx:cad>0</gpxtpx:cad></gpxtpx:TrackPointExtension></extensions></trkpt><trkpt lat="15.4237778205" lon="73.7902626861"><ele>2.54</ele><time>2025-11-17T04:39:52Z</time><extensions><gpxtpx:TrackPointExtension><gpxtpx:cad>0</gpxtpx:cad></gpxtpx:TrackPointExtension></extensions></trkpt><trkpt lat="15.4238487314" lon="73.7904050946"><ele>3.02</ele><time>2025-11-17T04:39:57Z</time><extensions><gpxtpx:TrackPointExtension><gpxtpx:cad>0</gpxtpx:cad></gpxtpx:TrackPointExtension></extensions></trkpt><trkpt lat="15.4239164572" lon="73.7905393727"><ele>3.50</ele><time>2025-11-17T04:40:02Z</time><extensions><gpxtpx:TrackPointExtension><gpxtpx:cad>0</gpxtpx:cad></gpxtpx:TrackPointExtension></extensions></trkpt><trkpt lat="15.4239832610" lon="73.7906754948"><ele>4.46</ele><time>2025-11-17T04:40:07Z</time><extensions><gpxtpx:TrackPointExtension><gpxtpx:cad>0</gpxtpx:cad></gpxtpx:TrackPointExtension></extensions></trkpt><trkpt lat="15.4240508191" lon="73.7908092700"><ele>4.94</ele><time>2025-11-17T04:40:12Z</time><extensions><gpxtpx:TrackPointExtension><gpxtpx:cad>0</gpxtpx:cad></gpxtpx:TrackPointExtension></extensions></trkpt><trkpt lat="15.4241172038" lon="73.7909497507"><ele>4.94</ele><time>2025-11-17T04:40:17Z</time><extensions><gpxtpx:TrackPointExtension><gpxtpx:cad>0</gpxtpx:cad></gpxtpx:TrackPointExtension></extensions></trkpt><trkpt lat="15.4241925571" lon="73.7910938356"><ele>4.46</ele><time>2025-11-17T04:40:22Z</time><extensions><gpxtpx:TrackPointExtension><gpxtpx:cad>0</gpxtpx:cad></gpxtpx:TrackPointExtension></extensions></trkpt><trkpt lat="15.4242609534" lon="73.7912370823"><ele>3.98</ele><time>2025-11-17T04:40:27Z</time><extensions><gpxtpx:TrackPointExtension><gpxtpx:cad>0</gpxtpx:cad></gpxtpx:TrackPointExtension></extensions></trkpt><trkpt lat="15.4243195429" lon="73.7913865317"><ele>3.50</ele><time>2025-11-17T04:40:32Z</time><extensions><gpxtpx:TrackPointExtension><gpxtpx:cad>0</gpxtpx:cad></gpxtpx:TrackPointExtension></extensions></trkpt><trkpt lat="15.4243750311" lon="73.7915281020"><ele>3.50</ele><time>2025-11-17T04:40:37Z</time><extensions><gpxtpx:TrackPointExtension><gpxtpx:cad>0</gpxtpx:cad></gpxtpx:TrackPointExtension></extensions></trkpt><trkpt lat="15.4244325310" lon="73.7916746177"><ele>3.50</ele><time>2025-11-17T04:40:42Z</time><extensions><gpxtpx:TrackPointExtension><gpxtpx:cad>0</gpxtpx:cad></gpxtpx:TrackPointExtension></extensions></trkpt><trkpt lat="15.4244879354" lon="73.7918221392"><ele>3.50</ele><time>2025-11-17T04:40:47Z</time><extensions><gpxtpx:TrackPointExtension><gpxtpx:cad>0</gpxtpx:cad></gpxtpx:TrackPointExtension></extensions></trkpt><trkpt lat="15.4245305154" lon="73.7919729296"><ele>3.50</ele><time>2025-11-17T04:40:52Z</time><extensions><gpxtpx:TrackPointExtension><gpxtpx:cad>0</gpxtpx:cad></gpxtpx:TrackPointExtension></extensions></trkpt><trkpt lat="15.4245713353" lon="73.7921181042"><ele>3.02</ele><time>2025-11-17T04:40:57Z</time><extensions><gpxtpx:TrackPointExtension><gpxtpx:cad>0</gpxtpx:cad></gpxtpx:TrackPointExtension></extensions></trkpt><trkpt lat="15.4245979898" lon="73.7922688108"><ele>3.02</ele><time>2025-11-17T04:41:02Z</time><extensions><gpxtpx:TrackPointExtension><gpxtpx:cad>0</gpxtpx:cad></gpxtpx:TrackPointExtension></extensions></trkpt><trkpt lat="15.4246197827" lon="73.7924259715"><ele>3.02</ele><time>2025-11-17T04:41:07Z</time><extensions><gpxtpx:TrackPointExtension><gpxtpx:cad>0</gpxtpx:cad></gpxtpx:TrackPointExtension></extensions></trkpt><trkpt lat="15.4246464372" lon="73.7925768457"><ele>3.02</ele><time>2025-11-17T04:41:12Z</time><extensions><gpxtpx:TrackPointExtension><gpxtpx:cad>0</gpxtpx:cad></gpxtpx:TrackPointExtension></extensions></trkpt><trkpt lat="15.4246827308" lon="73.7927225232"><ele>3.02</ele><time>2025-11-17T04:41:17Z</time><extensions><gpxtpx:TrackPointExtension><gpxtpx:cad>0</gpxtpx:cad></gpxtpx:TrackPointExtension></extensions></trkpt><trkpt lat="15.4247420747" lon="73.7928654347"><ele>3.02</ele><time>2025-11-17T04:41:22Z</time><extensions><gpxtpx:TrackPointExtension><gpxtpx:cad>0</gpxtpx:cad></gpxtpx:TrackPointExtension></extensions></trkpt><trkpt lat="15.4248027597" lon="73.7930109445"><ele>3.02</ele><time>2025-11-17T04:41:27Z</time><extensions><gpxtpx:TrackPointExtension><gpxtpx:cad>0</gpxtpx:cad></gpxtpx:TrackPointExtension></extensions></trkpt><trkpt lat="15.4248587508" lon="73.7931562867"><ele>2.54</ele><time>2025-11-17T04:41:32Z</time><extensions><gpxtpx:TrackPointExtension><gpxtpx:cad>0</gpxtpx:cad></gpxtpx:TrackPointExtension></extensions></trkpt><trkpt lat="15.4249129817" lon="73.7932969350"><ele>2.06</ele><time>2025-11-17T04:41:37Z</time><extensions><gpxtpx:TrackPointExtension><gpxtpx:cad>0</gpxtpx:cad></gpxtpx:TrackPointExtension></extensions></trkpt><trkpt lat="15.4249775223" lon="73.7934437860"><ele>1.58</ele><time>2025-11-17T04:41:42Z</time><extensions><gpxtpx:TrackPointExtension><gpxtpx:cad>0</gpxtpx:cad></gpxtpx:TrackPointExtension></extensions></trkpt><trkpt lat="15.4250366148" lon="73.7935911398"><ele>1.58</ele><time>2025-11-17T04:41:47Z</time><extensions><gpxtpx:TrackPointExtension><gpxtpx:cad>0</gpxtpx:cad></gpxtpx:TrackPointExtension></extensions></trkpt><trkpt lat="15.4250863194" lon="73.7937392481"><ele>1.58</ele><time>2025-11-17T04:41:52Z</time><extensions><gpxtpx:TrackPointExtension><gpxtpx:cad>0</gpxtpx:cad></gpxtpx:TrackPointExtension></extensions></trkpt><trkpt lat="15.4251313303" lon="73.7938876078"><ele>2.06</ele><time>2025-11-17T04:41:57Z</time><extensions><gpxtpx:TrackPointExtension><gpxtpx:cad>0</gpxtpx:cad></gpxtpx:TrackPointExtension></extensions></trkpt><trkpt lat="15.4251832981" lon="73.7940406613"><ele>2.06</ele><time>2025-11-17T04:42:02Z</time><extensions><gpxtpx:TrackPointExtension><gpxtpx:cad>0</gpxtpx:cad></gpxtpx:TrackPointExtension></extensions></trkpt><trkpt lat="15.4252387024" lon="73.7941937149"><ele>2.54</ele><time>2025-11-17T04:42:07Z</time><extensions><gpxtpx:TrackPointExtension><gpxtpx:cad>0</gpxtpx:cad></gpxtpx:TrackPointExtension></extensions></trkpt><trkpt lat="15.4253047518" lon="73.7943361234"><ele>1.58</ele><time>2025-11-17T04:42:12Z</time><extensions><gpxtpx:TrackPointExtension><gpxtpx:cad>0</gpxtpx:cad></gpxtpx:TrackPointExtension></extensions></trkpt><trkpt lat="15.4253737349" lon="73.7944708206"><ele>1.10</ele><time>2025-11-17T04:42:17Z</time><extensions><gpxtpx:TrackPointExtension><gpxtpx:cad>0</gpxtpx:cad></gpxtpx:TrackPointExtension></extensions></trkpt><trkpt lat="15.4254456516" lon="73.7946086191"><ele>0.62</ele><time>2025-11-17T04:42:22Z</time><extensions><gpxtpx:TrackPointExtension><gpxtpx:cad>0</gpxtpx:cad></gpxtpx:TrackPointExtension></extensions></trkpt><trkpt lat="15.4255422950" lon="73.7947433162"><ele>0.62</ele><time>2025-11-17T04:42:27Z</time><extensions><gpxtpx:TrackPointExtension><gpxtpx:cad>0</gpxtpx:cad></gpxtpx:TrackPointExtension></extensions></trkpt><trkpt lat="15.4256409500" lon="73.7948730681"><ele>0.62</ele><time>2025-11-17T04:42:32Z</time><extensions><gpxtpx:TrackPointExtension><gpxtpx:cad>0</gpxtpx:cad></gpxtpx:TrackPointExtension></extensions></trkpt><trkpt lat="15.4257058259" lon="73.7950080168"><ele>1.10</ele><time>2025-11-17T04:42:37Z</time><extensions><gpxtpx:TrackPointExtension><gpxtpx:cad>0</gpxtpx:cad></gpxtpx:TrackPointExtension></extensions></trkpt><trkpt lat="15.4257623199" lon="73.7951503415"><ele>1.10</ele><time>2025-11-17T04:42:42Z</time><extensions><gpxtpx:TrackPointExtension><gpxtpx:cad>0</gpxtpx:cad></gpxtpx:TrackPointExtension></extensions></trkpt><trkpt lat="15.4258233402" lon="73.7952978630"><ele>1.58</ele><time>2025-11-17T04:42:47Z</time><extensions><gpxtpx:TrackPointExtension><gpxtpx:cad>0</gpxtpx:cad></gpxtpx:TrackPointExtension></extensions></trkpt><trkpt lat="15.4258946702" lon="73.7954420317"><ele>1.58</ele><time>2025-11-17T04:42:52Z</time><extensions><gpxtpx:TrackPointExtension><gpxtpx:cad>0</gpxtpx:cad></gpxtpx:TrackPointExtension></extensions></trkpt><trkpt lat="15.4259660840" lon="73.7955839373"><ele>1.58</ele><time>2025-11-17T04:42:57Z</time><extensions><gpxtpx:TrackPointExtension><gpxtpx:cad>0</gpxtpx:cad></gpxtpx:TrackPointExtension></extensions></trkpt><trkpt lat="15.4260358214" lon="73.7957224902"><ele>2.06</ele><time>2025-11-17T04:43:02Z</time><extensions><gpxtpx:TrackPointExtension><gpxtpx:cad>0</gpxtpx:cad></gpxtpx:TrackPointExtension></extensions></trkpt><trkpt lat="15.4261064809" lon="73.7958681677"><ele>2.06</ele><time>2025-11-17T04:43:07Z</time><extensions><gpxtpx:TrackPointExtension><gpxtpx:cad>0</gpxtpx:cad></gpxtpx:TrackPointExtension></extensions></trkpt><trkpt lat="15.4261850193" lon="73.7960060500"><ele>2.06</ele><time>2025-11-17T04:43:12Z</time><extensions><gpxtpx:TrackPointExtension><gpxtpx:cad>0</gpxtpx:cad></gpxtpx:TrackPointExtension></extensions></trkpt><trkpt lat="15.4262542538" lon="73.7961455248"><ele>2.06</ele><time>2025-11-17T04:43:17Z</time><extensions><gpxtpx:TrackPointExtension><gpxtpx:cad>0</gpxtpx:cad></gpxtpx:TrackPointExtension></extensions></trkpt><trkpt lat="15.4263114184" lon="73.7962911185"><ele>2.06</ele><time>2025-11-17T04:43:22Z</time><extensions><gpxtpx:TrackPointExtension><gpxtpx:cad>0</gpxtpx:cad></gpxtpx:TrackPointExtension></extensions></trkpt><trkpt lat="15.4263625480" lon="73.7964303419"><ele>2.06</ele><time>2025-11-17T04:43:27Z</time><extensions><gpxtpx:TrackPointExtension><gpxtpx:cad>0</gpxtpx:cad></gpxtpx:TrackPointExtension></extensions></trkpt><trkpt lat="15.4264023621" lon="73.7965823896"><ele>2.54</ele><time>2025-11-17T04:43:32Z</time><extensions><gpxtpx:TrackPointExtension><gpxtpx:cad>0</gpxtpx:cad></gpxtpx:TrackPointExtension></extensions></trkpt><trkpt lat="15.4264203832" lon="73.7967429869"><ele>2.54</ele><time>2025-11-17T04:43:37Z</time><extensions><gpxtpx:TrackPointExtension><gpxtpx:cad>0</gpxtpx:cad></gpxtpx:TrackPointExtension></extensions></trkpt><trkpt lat="15.4264498875" lon="73.7968887482"><ele>2.54</ele><time>2025-11-17T04:43:42Z</time><extensions><gpxtpx:TrackPointExtension><gpxtpx:cad>0</gpxtpx:cad></gpxtpx:TrackPointExtension></extensions></trkpt><trkpt lat="15.4264985025" lon="73.7970385328"><ele>2.54</ele><time>2025-11-17T04:43:47Z</time><extensions><gpxtpx:TrackPointExtension><gpxtpx:cad>0</gpxtpx:cad></gpxtpx:TrackPointExtension></extensions></trkpt><trkpt lat="15.4265424237" lon="73.7971992977"><ele>2.54</ele><time>2025-11-17T04:43:52Z</time><extensions><gpxtpx:TrackPointExtension><gpxtpx:cad>0</gpxtpx:cad></gpxtpx:TrackPointExtension></extensions></trkpt><trkpt lat="15.4265877698" lon="73.7973459810"><ele>2.54</ele><time>2025-11-17T04:43:57Z</time><extensions><gpxtpx:TrackPointExtension><gpxtpx:cad>0</gpxtpx:cad></gpxtpx:TrackPointExtension></extensions></trkpt><trkpt lat="15.4266337864" lon="73.7974958494"><ele>2.54</ele><time>2025-11-17T04:44:02Z</time><extensions><gpxtpx:TrackPointExtension><gpxtpx:cad>0</gpxtpx:cad></gpxtpx:TrackPointExtension></extensions></trkpt><trkpt lat="15.4266786296" lon="73.7976530939"><ele>2.54</ele><time>2025-11-17T04:44:07Z</time><extensions><gpxtpx:TrackPointExtension><gpxtpx:cad>0</gpxtpx:cad></gpxtpx:TrackPointExtension></extensions></trkpt><trkpt lat="15.4267200362" lon="73.7978044711"><ele>2.06</ele><time>2025-11-17T04:44:12Z</time><extensions><gpxtpx:TrackPointExtension><gpxtpx:cad>0</gpxtpx:cad></gpxtpx:TrackPointExtension></extensions></trkpt><trkpt lat="15.4267653823" lon="73.7979545910"><ele>2.06</ele><time>2025-11-17T04:44:17Z</time><extensions><gpxtpx:TrackPointExtension><gpxtpx:cad>0</gpxtpx:cad></gpxtpx:TrackPointExtension></extensions></trkpt><trkpt lat="15.4268072080" lon="73.7981036212"><ele>1.58</ele><time>2025-11-17T04:44:22Z</time><extensions><gpxtpx:TrackPointExtension><gpxtpx:cad>0</gpxtpx:cad></gpxtpx:TrackPointExtension></extensions></trkpt><trkpt lat="15.4268496204" lon="73.7982550822"><ele>1.58</ele><time>2025-11-17T04:44:27Z</time><extensions><gpxtpx:TrackPointExtension><gpxtpx:cad>0</gpxtpx:cad></gpxtpx:TrackPointExtension></extensions></trkpt><trkpt lat="15.4269016720" lon="73.7983999215"><ele>2.06</ele><time>2025-11-17T04:44:32Z</time><extensions><gpxtpx:TrackPointExtension><gpxtpx:cad>0</gpxtpx:cad></gpxtpx:TrackPointExtension></extensions></trkpt><trkpt lat="15.4269600101" lon="73.7985467725"><ele>2.06</ele><time>2025-11-17T04:44:37Z</time><extensions><gpxtpx:TrackPointExtension><gpxtpx:cad>0</gpxtpx:cad></gpxtpx:TrackPointExtension></extensions></trkpt><trkpt lat="15.4270211980" lon="73.7986976467"><ele>2.06</ele><time>2025-11-17T04:44:42Z</time><extensions><gpxtpx:TrackPointExtension><gpxtpx:cad>0</gpxtpx:cad></gpxtpx:TrackPointExtension></extensions></trkpt><trkpt lat="15.4270817153" lon="73.7988408934"><ele>1.58</ele><time>2025-11-17T04:44:47Z</time><extensions><gpxtpx:TrackPointExtension><gpxtpx:cad>0</gpxtpx:cad></gpxtpx:TrackPointExtension></extensions></trkpt><trkpt lat="15.4271426518" lon="73.7989792787"><ele>1.58</ele><time>2025-11-17T04:44:52Z</time><extensions><gpxtpx:TrackPointExtension><gpxtpx:cad>0</gpxtpx:cad></gpxtpx:TrackPointExtension></extensions></trkpt><trkpt lat="15.4272030853" lon="73.7991208490"><ele>2.06</ele><time>2025-11-17T04:44:57Z</time><extensions><gpxtpx:TrackPointExtension><gpxtpx:cad>0</gpxtpx:cad></gpxtpx:TrackPointExtension></extensions></trkpt><trkpt lat="15.4272702243" lon="73.7992668618"><ele>2.06</ele><time>2025-11-17T04:45:02Z</time><extensions><gpxtpx:TrackPointExtension><gpxtpx:cad>0</gpxtpx:cad></gpxtpx:TrackPointExtension></extensions></trkpt><trkpt lat="15.4273418058" lon="73.7994054146"><ele>2.06</ele><time>2025-11-17T04:45:07Z</time><extensions><gpxtpx:TrackPointExtension><gpxtpx:cad>0</gpxtpx:cad></gpxtpx:TrackPointExtension></extensions></trkpt><trkpt lat="15.4274106212" lon="73.7995479908"><ele>1.58</ele><time>2025-11-17T04:45:12Z</time><extensions><gpxtpx:TrackPointExtension><gpxtpx:cad>0</gpxtpx:cad></gpxtpx:TrackPointExtension></extensions></trkpt><trkpt lat="15.4274852201" lon="73.7996826041"><ele>2.06</ele><time>2025-11-17T04:45:17Z</time><extensions><gpxtpx:TrackPointExtension><gpxtpx:cad>0</gpxtpx:cad></gpxtpx:TrackPointExtension></extensions></trkpt><trkpt lat="15.4275635909" lon="73.7998079136"><ele>1.58</ele><time>2025-11-17T04:45:22Z</time><extensions><gpxtpx:TrackPointExtension><gpxtpx:cad>0</gpxtpx:cad></gpxtpx:TrackPointExtension></extensions></trkpt><trkpt lat="15.4276489187" lon="73.7999434490"><ele>2.06</ele><time>2025-11-17T04:45:27Z</time><extensions><gpxtpx:TrackPointExtension><gpxtpx:cad>0</gpxtpx:cad></gpxtpx:TrackPointExtension></extensions></trkpt><trkpt lat="15.4277354199" lon="73.8000754640"><ele>2.06</ele><time>2025-11-17T04:45:32Z</time><extensions><gpxtpx:TrackPointExtension><gpxtpx:cad>0</gpxtpx:cad></gpxtpx:TrackPointExtension></extensions></trkpt><trkpt lat="15.4278316442" lon="73.8002008572"><ele>2.06</ele><time>2025-11-17T04:45:37Z</time><extensions><gpxtpx:TrackPointExtension><gpxtpx:cad>0</gpxtpx:cad></gpxtpx:TrackPointExtension></extensions></trkpt><trkpt lat="15.4279274493" lon="73.8003197126"><ele>2.06</ele><time>2025-11-17T04:45:42Z</time><extensions><gpxtpx:TrackPointExtension><gpxtpx:cad>0</gpxtpx:cad></gpxtpx:TrackPointExtension></extensions></trkpt><trkpt lat="15.4280298762" lon="73.8004364725"><ele>2.54</ele><time>2025-11-17T04:45:47Z</time><extensions><gpxtpx:TrackPointExtension><gpxtpx:cad>0</gpxtpx:cad></gpxtpx:TrackPointExtension></extensions></trkpt><trkpt lat="15.4281240888" lon="73.8005625363"><ele>2.54</ele><time>2025-11-17T04:45:52Z</time><extensions><gpxtpx:TrackPointExtension><gpxtpx:cad>0</gpxtpx:cad></gpxtpx:TrackPointExtension></extensions></trkpt><trkpt lat="15.4282236658" lon="73.8006974012"><ele>2.06</ele><time>2025-11-17T04:45:57Z</time><extensions><gpxtpx:TrackPointExtension><gpxtpx:cad>0</gpxtpx:cad></gpxtpx:TrackPointExtension></extensions></trkpt><trkpt lat="15.4283267632" lon="73.8008124009"><ele>1.58</ele><time>2025-11-17T04:46:02Z</time><extensions><gpxtpx:TrackPointExtension><gpxtpx:cad>0</gpxtpx:cad></gpxtpx:TrackPointExtension></extensions></trkpt><trkpt lat="15.4284329619" lon="73.8009160850"><ele>2.06</ele><time>2025-11-17T04:46:07Z</time><extensions><gpxtpx:TrackPointExtension><gpxtpx:cad>0</gpxtpx:cad></gpxtpx:TrackPointExtension></extensions></trkpt><trkpt lat="15.4285415076" lon="73.8010264747"><ele>2.06</ele><time>2025-11-17T04:46:12Z</time><extensions><gpxtpx:TrackPointExtension><gpxtpx:cad>0</gpxtpx:cad></gpxtpx:TrackPointExtension></extensions></trkpt><trkpt lat="15.4286426771" lon="73.8011530414"><ele>2.06</ele><time>2025-11-17T04:46:17Z</time><extensions><gpxtpx:TrackPointExtension><gpxtpx:cad>0</gpxtpx:cad></gpxtpx:TrackPointExtension></extensions></trkpt><trkpt lat="15.4287381470" lon="73.8012749143"><ele>2.54</ele><time>2025-11-17T04:46:22Z</time><extensions><gpxtpx:TrackPointExtension><gpxtpx:cad>0</gpxtpx:cad></gpxtpx:TrackPointExtension></extensions></trkpt><trkpt lat="15.4288458545" lon="73.8013822027"><ele>2.54</ele><time>2025-11-17T04:46:27Z</time><extensions><gpxtpx:TrackPointExtension><gpxtpx:cad>0</gpxtpx:cad></gpxtpx:TrackPointExtension></extensions></trkpt><trkpt lat="15.4289660510" lon="73.8014692068"><ele>3.02</ele><time>2025-11-17T04:46:32Z</time><extensions><gpxtpx:TrackPointExtension><gpxtpx:cad>0</gpxtpx:cad></gpxtpx:TrackPointExtension></extensions></trkpt><trkpt lat="15.4290875886" lon="73.8015617430"><ele>3.02</ele><time>2025-11-17T04:46:37Z</time><extensions><gpxtpx:TrackPointExtension><gpxtpx:cad>0</gpxtpx:cad></gpxtpx:TrackPointExtension></extensions></trkpt><trkpt lat="15.4292087909" lon="73.8016644213"><ele>3.02</ele><time>2025-11-17T04:46:42Z</time><extensions><gpxtpx:TrackPointExtension><gpxtpx:cad>0</gpxtpx:cad></gpxtpx:TrackPointExtension></extensions></trkpt><trkpt lat="15.4293219466" lon="73.8017670996"><ele>3.50</ele><time>2025-11-17T04:46:47Z</time><extensions><gpxtpx:TrackPointExtension><gpxtpx:cad>0</gpxtpx:cad></gpxtpx:TrackPointExtension></extensions></trkpt><trkpt lat="15.4294490162" lon="73.8018665090"><ele>3.50</ele><time>2025-11-17T04:46:52Z</time><extensions><gpxtpx:TrackPointExtension><gpxtpx:cad>0</gpxtpx:cad></gpxtpx:TrackPointExtension></extensions></trkpt><trkpt lat="15.4295807797" lon="73.8019546866"><ele>3.02</ele><time>2025-11-17T04:46:57Z</time><extensions><gpxtpx:TrackPointExtension><gpxtpx:cad>0</gpxtpx:cad></gpxtpx:TrackPointExtension></extensions></trkpt><trkpt lat="15.4297029879" lon="73.8020487316"><ele>3.50</ele><time>2025-11-17T04:47:02Z</time><extensions><gpxtpx:TrackPointExtension><gpxtpx:cad>0</gpxtpx:cad></gpxtpx:TrackPointExtension></extensions></trkpt><trkpt lat="15.4298277106" lon="73.8021512423"><ele>3.50</ele><time>2025-11-17T04:47:07Z</time><extensions><gpxtpx:TrackPointExtension><gpxtpx:cad>0</gpxtpx:cad></gpxtpx:TrackPointExtension></extensions></trkpt><trkpt lat="15.4299472366" lon="73.8022526633"><ele>3.50</ele><time>2025-11-17T04:47:12Z</time><extensions><gpxtpx:TrackPointExtension><gpxtpx:cad>0</gpxtpx:cad></gpxtpx:TrackPointExtension></extensions></trkpt><trkpt lat="15.4300605599" lon="73.8023545034"><ele>3.50</ele><time>2025-11-17T04:47:17Z</time><extensions><gpxtpx:TrackPointExtension><gpxtpx:cad>0</gpxtpx:cad></gpxtpx:TrackPointExtension></extensions></trkpt><trkpt lat="15.4301781580" lon="73.8024550024"><ele>3.98</ele><time>2025-11-17T04:47:22Z</time><extensions><gpxtpx:TrackPointExtension><gpxtpx:cad>0</gpxtpx:cad></gpxtpx:TrackPointExtension></extensions></trkpt><trkpt lat="15.4302949179" lon="73.8025563397"><ele>3.98</ele><time>2025-11-17T04:47:27Z</time><extensions><gpxtpx:TrackPointExtension><gpxtpx:cad>0</gpxtpx:cad></gpxtpx:TrackPointExtension></extensions></trkpt><trkpt lat="15.4304061458" lon="73.8026608620"><ele>3.98</ele><time>2025-11-17T04:47:32Z</time><extensions><gpxtpx:TrackPointExtension><gpxtpx:cad>0</gpxtpx:cad></gpxtpx:TrackPointExtension></extensions></trkpt><trkpt lat="15.4305266775" lon="73.8027729280"><ele>4.46</ele><time>2025-11-17T04:47:37Z</time><extensions><gpxtpx:TrackPointExtension><gpxtpx:cad>0</gpxtpx:cad></gpxtpx:TrackPointExtension></extensions></trkpt><trkpt lat="15.4306389950" lon="73.8028865866"><ele>4.46</ele><time>2025-11-17T04:47:42Z</time><extensions><gpxtpx:TrackPointExtension><gpxtpx:cad>0</gpxtpx:cad></gpxtpx:TrackPointExtension></extensions></trkpt><trkpt lat="15.4307450261" lon="73.8029986527"><ele>4.46</ele><time>2025-11-17T04:47:47Z</time><extensions><gpxtpx:TrackPointExtension><gpxtpx:cad>0</gpxtpx:cad></gpxtpx:TrackPointExtension></extensions></trkpt><trkpt lat="15.4308503866" lon="73.8031056058"><ele>4.46</ele><time>2025-11-17T04:47:52Z</time><extensions><gpxtpx:TrackPointExtension><gpxtpx:cad>0</gpxtpx:cad></gpxtpx:TrackPointExtension></extensions></trkpt><trkpt lat="15.4309617821" lon="73.8032144867"><ele>4.46</ele><time>2025-11-17T04:47:57Z</time><extensions><gpxtpx:TrackPointExtension><gpxtpx:cad>0</gpxtpx:cad></gpxtpx:TrackPointExtension></extensions></trkpt><trkpt lat="15.4310673941" lon="73.8033260498"><ele>4.46</ele><time>2025-11-17T04:48:02Z</time><extensions><gpxtpx:TrackPointExtension><gpxtpx:cad>0</gpxtpx:cad></gpxtpx:TrackPointExtension></extensions></trkpt><trkpt lat="15.4311706591" lon="73.8034487609"><ele>4.46</ele><time>2025-11-17T04:48:07Z</time><extensions><gpxtpx:TrackPointExtension><gpxtpx:cad>0</gpxtpx:cad></gpxtpx:TrackPointExtension></extensions></trkpt><trkpt lat="15.4312647041" lon="73.8035675324"><ele>3.98</ele><time>2025-11-17T04:48:12Z</time><extensions><gpxtpx:TrackPointExtension><gpxtpx:cad>0</gpxtpx:cad></gpxtpx:TrackPointExtension></extensions></trkpt><trkpt lat="15.4313598387" lon="73.8036848791"><ele>3.98</ele><time>2025-11-17T04:48:17Z</time><extensions><gpxtpx:TrackPointExtension><gpxtpx:cad>0</gpxtpx:cad></gpxtpx:TrackPointExtension></extensions></trkpt><trkpt lat="15.4314652830" lon="73.8038093504"><ele>3.98</ele><time>2025-11-17T04:48:22Z</time><extensions><gpxtpx:TrackPointExtension><gpxtpx:cad>0</gpxtpx:cad></gpxtpx:TrackPointExtension></extensions></trkpt><trkpt lat="15.4315685481" lon="73.8039211649"><ele>3.50</ele><time>2025-11-17T04:48:27Z</time><extensions><gpxtpx:TrackPointExtension><gpxtpx:cad>0</gpxtpx:cad></gpxtpx:TrackPointExtension></extensions></trkpt><trkpt lat="15.4316754173" lon="73.8040296268"><ele>3.50</ele><time>2025-11-17T04:48:32Z</time><extensions><gpxtpx:TrackPointExtension><gpxtpx:cad>0</gpxtpx:cad></gpxtpx:TrackPointExtension></extensions></trkpt><trkpt lat="15.4317817837" lon="73.8041419443"><ele>3.50</ele><time>2025-11-17T04:48:37Z</time><extensions><gpxtpx:TrackPointExtension><gpxtpx:cad>0</gpxtpx:cad></gpxtpx:TrackPointExtension></extensions></trkpt><trkpt lat="15.4318894912" lon="73.8042587880"><ele>3.98</ele><time>2025-11-17T04:48:42Z</time><extensions><gpxtpx:TrackPointExtension><gpxtpx:cad>0</gpxtpx:cad></gpxtpx:TrackPointExtension></extensions></trkpt><trkpt lat="15.4319842067" lon="73.8043814152"><ele>3.98</ele><time>2025-11-17T04:48:47Z</time><extensions><gpxtpx:TrackPointExtension><gpxtpx:cad>0</gpxtpx:cad></gpxtpx:TrackPointExtension></extensions></trkpt><trkpt lat="15.4320797604" lon="73.8045030367"><ele>3.98</ele><time>2025-11-17T04:48:52Z</time><extensions><gpxtpx:TrackPointExtension><gpxtpx:cad>0</gpxtpx:cad></gpxtpx:TrackPointExtension></extensions></trkpt><trkpt lat="15.4321588017" lon="73.8046239875"><ele>3.50</ele><time>2025-11-17T04:48:57Z</time><extensions><gpxtpx:TrackPointExtension><gpxtpx:cad>0</gpxtpx:cad></gpxtpx:TrackPointExtension></extensions></trkpt><trkpt lat="15.4322553612" lon="73.8047495484"><ele>3.50</ele><time>2025-11-17T04:49:02Z</time><extensions><gpxtpx:TrackPointExtension><gpxtpx:cad>0</gpxtpx:cad></gpxtpx:TrackPointExtension></extensions></trkpt><trkpt lat="15.4323449638" lon="73.8048782106"><ele>3.50</ele><time>2025-11-17T04:49:07Z</time><extensions><gpxtpx:TrackPointExtension><gpxtpx:cad>0</gpxtpx:cad></gpxtpx:TrackPointExtension></extensions></trkpt><trkpt lat="15.4323970992" lon="73.8050226308"><ele>3.50</ele><time>2025-11-17T04:49:12Z</time><extensions><gpxtpx:TrackPointExtension><gpxtpx:cad>0</gpxtpx:cad></gpxtpx:TrackPointExtension></extensions></trkpt><trkpt lat="15.4324051458" lon="73.8051741756"><ele>3.02</ele><time>2025-11-17T04:49:17Z</time><extensions><gpxtpx:TrackPointExtension><gpxtpx:cad>0</gpxtpx:cad></gpxtpx:TrackPointExtension></extensions></trkpt><trkpt lat="15.4323980212" lon="73.8053338509"><ele>2.54</ele><time>2025-11-17T04:49:22Z</time><extensions><gpxtpx:TrackPointExtension><gpxtpx:cad>0</gpxtpx:cad></gpxtpx:TrackPointExtension></extensions></trkpt><trkpt lat="15.4323954228" lon="73.8054975495"><ele>2.54</ele><time>2025-11-17T04:49:27Z</time><extensions><gpxtpx:TrackPointExtension><gpxtpx:cad>0</gpxtpx:cad></gpxtpx:TrackPointExtension></extensions></trkpt><trkpt lat="15.4323906451" lon="73.8056438975"><ele>2.54</ele><time>2025-11-17T04:49:32Z</time><extensions><gpxtpx:TrackPointExtension><gpxtpx:cad>0</gpxtpx:cad></gpxtpx:TrackPointExtension></extensions></trkpt><trkpt lat="15.4323704448" lon="73.8057953585"><ele>3.50</ele><time>2025-11-17T04:49:37Z</time><extensions><gpxtpx:TrackPointExtension><gpxtpx:cad>0</gpxtpx:cad></gpxtpx:TrackPointExtension></extensions></trkpt><trkpt lat="15.4323463887" lon="73.8059436344"><ele>3.50</ele><time>2025-11-17T04:49:42Z</time><extensions><gpxtpx:TrackPointExtension><gpxtpx:cad>0</gpxtpx:cad></gpxtpx:TrackPointExtension></extensions></trkpt><trkpt lat="15.4323233385" lon="73.8060977776"><ele>3.50</ele><time>2025-11-17T04:49:47Z</time><extensions><gpxtpx:TrackPointExtension><gpxtpx:cad>0</gpxtpx:cad></gpxtpx:TrackPointExtension></extensions></trkpt><trkpt lat="15.4323123582" lon="73.8062460534"><ele>3.02</ele><time>2025-11-17T04:49:52Z</time><extensions><gpxtpx:TrackPointExtension><gpxtpx:cad>0</gpxtpx:cad></gpxtpx:TrackPointExtension></extensions></trkpt><trkpt lat="15.4323168006" lon="73.8063969277"><ele>3.02</ele><time>2025-11-17T04:49:57Z</time><extensions><gpxtpx:TrackPointExtension><gpxtpx:cad>0</gpxtpx:cad></gpxtpx:TrackPointExtension></extensions></trkpt><trkpt lat="15.4323309660" lon="73.8065507356"><ele>3.02</ele><time>2025-11-17T04:50:02Z</time><extensions><gpxtpx:TrackPointExtension><gpxtpx:cad>0</gpxtpx:cad></gpxtpx:TrackPointExtension></extensions></trkpt><trkpt lat="15.4323546030" lon="73.8066988438"><ele>2.54</ele><time>2025-11-17T04:50:07Z</time><extensions><gpxtpx:TrackPointExtension><gpxtpx:cad>0</gpxtpx:cad></gpxtpx:TrackPointExtension></extensions></trkpt><trkpt lat="15.4323687684" lon="73.8068531547"><ele>2.06</ele><time>2025-11-17T04:50:12Z</time><extensions><gpxtpx:TrackPointExtension><gpxtpx:cad>0</gpxtpx:cad></gpxtpx:TrackPointExtension></extensions></trkpt><trkpt lat="15.4323613085" lon="73.8070098963"><ele>2.06</ele><time>2025-11-17T04:50:17Z</time><extensions><gpxtpx:TrackPointExtension><gpxtpx:cad>0</gpxtpx:cad></gpxtpx:TrackPointExtension></extensions></trkpt><trkpt lat="15.4323380068" lon="73.8071740139"><ele>1.58</ele><time>2025-11-17T04:50:22Z</time><extensions><gpxtpx:TrackPointExtension><gpxtpx:cad>0</gpxtpx:cad></gpxtpx:TrackPointExtension></extensions></trkpt><trkpt lat="15.4323430359" lon="73.8073362038"><ele>1.58</ele><time>2025-11-17T04:50:27Z</time><extensions><gpxtpx:TrackPointExtension><gpxtpx:cad>0</gpxtpx:cad></gpxtpx:TrackPointExtension></extensions></trkpt><trkpt lat="15.4323797487" lon="73.8074880838"><ele>1.58</ele><time>2025-11-17T04:50:32Z</time><extensions><gpxtpx:TrackPointExtension><gpxtpx:cad>0</gpxtpx:cad></gpxtpx:TrackPointExtension></extensions></trkpt><trkpt lat="15.4324361589" lon="73.8076283969"><ele>1.58</ele><time>2025-11-17T04:50:37Z</time><extensions><gpxtpx:TrackPointExtension><gpxtpx:cad>0</gpxtpx:cad></gpxtpx:TrackPointExtension></extensions></trkpt><trkpt lat="15.4324914794" lon="73.8077765051"><ele>2.06</ele><time>2025-11-17T04:50:42Z</time><extensions><gpxtpx:TrackPointExtension><gpxtpx:cad>0</gpxtpx:cad></gpxtpx:TrackPointExtension></extensions></trkpt><trkpt lat="15.4325292818" lon="73.8079432212"><ele>2.54</ele><time>2025-11-17T04:50:47Z</time><extensions><gpxtpx:TrackPointExtension><gpxtpx:cad>0</gpxtpx:cad></gpxtpx:TrackPointExtension></extensions></trkpt><trkpt lat="15.4325585347" lon="73.8081114460"><ele>2.54</ele><time>2025-11-17T04:50:52Z</time><extensions><gpxtpx:TrackPointExtension><gpxtpx:cad>0</gpxtpx:cad></gpxtpx:TrackPointExtension></extensions></trkpt><trkpt lat="15.4325665813" lon="73.8082720432"><ele>2.54</ele><time>2025-11-17T04:50:57Z</time><extensions><gpxtpx:TrackPointExtension><gpxtpx:cad>0</gpxtpx:cad></gpxtpx:TrackPointExtension></extensions></trkpt><trkpt lat="15.4325856920" lon="73.8084224146"><ele>2.06</ele><time>2025-11-17T04:51:02Z</time><extensions><gpxtpx:TrackPointExtension><gpxtpx:cad>0</gpxtpx:cad></gpxtpx:TrackPointExtension></extensions></trkpt><trkpt lat="15.4326135200" lon="73.8085702714"><ele>2.06</ele><time>2025-11-17T04:51:07Z</time><extensions><gpxtpx:TrackPointExtension><gpxtpx:cad>0</gpxtpx:cad></gpxtpx:TrackPointExtension></extensions></trkpt><trkpt lat="15.4326498136" lon="73.8087164517"><ele>1.58</ele><time>2025-11-17T04:51:12Z</time><extensions><gpxtpx:TrackPointExtension><gpxtpx:cad>0</gpxtpx:cad></gpxtpx:TrackPointExtension></extensions></trkpt><trkpt lat="15.4326762166" lon="73.8088732772"><ele>2.06</ele><time>2025-11-17T04:51:17Z</time><extensions><gpxtpx:TrackPointExtension><gpxtpx:cad>0</gpxtpx:cad></gpxtpx:TrackPointExtension></extensions></trkpt><trkpt lat="15.4327047989" lon="73.8090211339"><ele>2.06</ele><time>2025-11-17T04:51:22Z</time><extensions><gpxtpx:TrackPointExtension><gpxtpx:cad>0</gpxtpx:cad></gpxtpx:TrackPointExtension></extensions></trkpt><trkpt lat="15.4327425174" lon="73.8091645483"><ele>1.58</ele><time>2025-11-17T04:51:27Z</time><extensions><gpxtpx:TrackPointExtension><gpxtpx:cad>0</gpxtpx:cad></gpxtpx:TrackPointExtension></extensions></trkpt><trkpt lat="15.4327809904" lon="73.8093181048"><ele>1.58</ele><time>2025-11-17T04:51:32Z</time><extensions><gpxtpx:TrackPointExtension><gpxtpx:cad>0</gpxtpx:cad></gpxtpx:TrackPointExtension></extensions></trkpt><trkpt lat="15.4328052979" lon="73.8094802108"><ele>2.06</ele><time>2025-11-17T04:51:37Z</time><extensions><gpxtpx:TrackPointExtension><gpxtpx:cad>0</gpxtpx:cad></gpxtpx:TrackPointExtension></extensions></trkpt><trkpt lat="15.4328103270" lon="73.8096512854"><ele>2.54</ele><time>2025-11-17T04:51:42Z</time><extensions><gpxtpx:TrackPointExtension><gpxtpx:cad>0</gpxtpx:cad></gpxtpx:TrackPointExtension></extensions></trkpt><trkpt lat="15.4328044597" lon="73.8098081946"><ele>2.54</ele><time>2025-11-17T04:51:47Z</time><extensions><gpxtpx:TrackPointExtension><gpxtpx:cad>0</gpxtpx:cad></gpxtpx:TrackPointExtension></extensions></trkpt><trkpt lat="15.4328056332" lon="73.8099696301"><ele>2.06</ele><time>2025-11-17T04:51:52Z</time><extensions><gpxtpx:TrackPointExtension><gpxtpx:cad>0</gpxtpx:cad></gpxtpx:TrackPointExtension></extensions></trkpt><trkpt lat="15.4328068905" lon="73.8101231866"><ele>2.06</ele><time>2025-11-17T04:51:57Z</time><extensions><gpxtpx:TrackPointExtension><gpxtpx:cad>0</gpxtpx:cad></gpxtpx:TrackPointExtension></extensions></trkpt><trkpt lat="15.4328266717" lon="73.8102826942"><ele>2.54</ele><time>2025-11-17T04:52:02Z</time><extensions><gpxtpx:TrackPointExtension><gpxtpx:cad>0</gpxtpx:cad></gpxtpx:TrackPointExtension></extensions></trkpt><trkpt lat="15.4328382388" lon="73.8104435429"><ele>2.54</ele><time>2025-11-17T04:52:07Z</time><extensions><gpxtpx:TrackPointExtension><gpxtpx:cad>0</gpxtpx:cad></gpxtpx:TrackPointExtension></extensions></trkpt><trkpt lat="15.4328530747" lon="73.8105915673"><ele>2.54</ele><time>2025-11-17T04:52:12Z</time><extensions><gpxtpx:TrackPointExtension><gpxtpx:cad>0</gpxtpx:cad></gpxtpx:TrackPointExtension></extensions></trkpt><trkpt lat="15.4328757897" lon="73.8107338920"><ele>2.06</ele><time>2025-11-17T04:52:17Z</time><extensions><gpxtpx:TrackPointExtension><gpxtpx:cad>0</gpxtpx:cad></gpxtpx:TrackPointExtension></extensions></trkpt><trkpt lat="15.4328928888" lon="73.8108920585"><ele>2.06</ele><time>2025-11-17T04:52:22Z</time><extensions><gpxtpx:TrackPointExtension><gpxtpx:cad>0</gpxtpx:cad></gpxtpx:TrackPointExtension></extensions></trkpt><trkpt lat="15.4329227284" lon="73.8110509794"><ele>2.06</ele><time>2025-11-17T04:52:27Z</time><extensions><gpxtpx:TrackPointExtension><gpxtpx:cad>0</gpxtpx:cad></gpxtpx:TrackPointExtension></extensions></trkpt><trkpt lat="15.4329579324" lon="73.8112138398"><ele>2.54</ele><time>2025-11-17T04:52:32Z</time><extensions><gpxtpx:TrackPointExtension><gpxtpx:cad>0</gpxtpx:cad></gpxtpx:TrackPointExtension></extensions></trkpt><trkpt lat="15.4329928011" lon="73.8113788795"><ele>2.54</ele><time>2025-11-17T04:52:37Z</time><extensions><gpxtpx:TrackPointExtension><gpxtpx:cad>0</gpxtpx:cad></gpxtpx:TrackPointExtension></extensions></trkpt><trkpt lat="15.4330306873" lon="73.8115388062"><ele>2.54</ele><time>2025-11-17T04:52:42Z</time><extensions><gpxtpx:TrackPointExtension><gpxtpx:cad>0</gpxtpx:cad></gpxtpx:TrackPointExtension></extensions></trkpt><trkpt lat="15.4330716748" lon="73.8116960507"><ele>2.54</ele><time>2025-11-17T04:52:47Z</time><extensions><gpxtpx:TrackPointExtension><gpxtpx:cad>0</gpxtpx:cad></gpxtpx:TrackPointExtension></extensions></trkpt><trkpt lat="15.4331131652" lon="73.8118548039"><ele>3.02</ele><time>2025-11-17T04:52:52Z</time><extensions><gpxtpx:TrackPointExtension><gpxtpx:cad>0</gpxtpx:cad></gpxtpx:TrackPointExtension></extensions></trkpt><trkpt lat="15.4331502970" lon="73.8120009005"><ele>3.02</ele><time>2025-11-17T04:52:57Z</time><extensions><gpxtpx:TrackPointExtension><gpxtpx:cad>0</gpxtpx:cad></gpxtpx:TrackPointExtension></extensions></trkpt><trkpt lat="15.4331892729" lon="73.8121501822"><ele>3.02</ele><time>2025-11-17T04:53:02Z</time><extensions><gpxtpx:TrackPointExtension><gpxtpx:cad>0</gpxtpx:cad></gpxtpx:TrackPointExtension></extensions></trkpt><trkpt lat="15.4332384747" lon="73.8123049121"><ele>3.02</ele><time>2025-11-17T04:53:07Z</time><extensions><gpxtpx:TrackPointExtension><gpxtpx:cad>0</gpxtpx:cad></gpxtpx:TrackPointExtension></extensions></trkpt><trkpt lat="15.4332914483" lon="73.8124487456"><ele>3.02</ele><time>2025-11-17T04:53:12Z</time><extensions><gpxtpx:TrackPointExtension><gpxtpx:cad>0</gpxtpx:cad></gpxtpx:TrackPointExtension></extensions></trkpt><trkpt lat="15.4333355371" lon="73.8125963509"><ele>2.54</ele><time>2025-11-17T04:53:17Z</time><extensions><gpxtpx:TrackPointExtension><gpxtpx:cad>0</gpxtpx:cad></gpxtpx:TrackPointExtension></extensions></trkpt><trkpt lat="15.4333727527" lon="73.8127478957"><ele>2.54</ele><time>2025-11-17T04:53:22Z</time><extensions><gpxtpx:TrackPointExtension><gpxtpx:cad>0</gpxtpx:cad></gpxtpx:TrackPointExtension></extensions></trkpt><trkpt lat="15.4334010836" lon="73.8129081577"><ele>2.54</ele><time>2025-11-17T04:53:27Z</time><extensions><gpxtpx:TrackPointExtension><gpxtpx:cad>0</gpxtpx:cad></gpxtpx:TrackPointExtension></extensions></trkpt><trkpt lat="15.4334223736" lon="73.8130633067"><ele>2.06</ele><time>2025-11-17T04:53:32Z</time><extensions><gpxtpx:TrackPointExtension><gpxtpx:cad>0</gpxtpx:cad></gpxtpx:TrackPointExtension></extensions></trkpt><trkpt lat="15.4334382154" lon="73.8132184558"><ele>1.58</ele><time>2025-11-17T04:53:37Z</time><extensions><gpxtpx:TrackPointExtension><gpxtpx:cad>0</gpxtpx:cad></gpxtpx:TrackPointExtension></extensions></trkpt><trkpt lat="15.4334708210" lon="73.8133659773"><ele>1.10</ele><time>2025-11-17T04:53:42Z</time><extensions><gpxtpx:TrackPointExtension><gpxtpx:cad>0</gpxtpx:cad></gpxtpx:TrackPointExtension></extensions></trkpt><trkpt lat="15.4335091263" lon="73.8135140855"><ele>1.58</ele><time>2025-11-17T04:53:47Z</time><extensions><gpxtpx:TrackPointExtension><gpxtpx:cad>0</gpxtpx:cad></gpxtpx:TrackPointExtension></extensions></trkpt><trkpt lat="15.4335414805" lon="73.8136648759"><ele>1.58</ele><time>2025-11-17T04:53:52Z</time><extensions><gpxtpx:TrackPointExtension><gpxtpx:cad>0</gpxtpx:cad></gpxtpx:TrackPointExtension></extensions></trkpt><trkpt lat="15.4335710686" lon="73.8138225395"><ele>2.06</ele><time>2025-11-17T04:53:57Z</time><extensions><gpxtpx:TrackPointExtension><gpxtpx:cad>0</gpxtpx:cad></gpxtpx:TrackPointExtension></extensions></trkpt><trkpt lat="15.4335921910" lon="73.8139749225"><ele>1.58</ele><time>2025-11-17T04:54:02Z</time><extensions><gpxtpx:TrackPointExtension><gpxtpx:cad>0</gpxtpx:cad></gpxtpx:TrackPointExtension></extensions></trkpt><trkpt lat="15.4336267244" lon="73.8141224440"><ele>1.10</ele><time>2025-11-17T04:54:07Z</time><extensions><gpxtpx:TrackPointExtension><gpxtpx:cad>0</gpxtpx:cad></gpxtpx:TrackPointExtension></extensions></trkpt><trkpt lat="15.4336686339" lon="73.8142653555"><ele>1.10</ele><time>2025-11-17T04:54:12Z</time><extensions><gpxtpx:TrackPointExtension><gpxtpx:cad>0</gpxtpx:cad></gpxtpx:TrackPointExtension></extensions></trkpt><trkpt lat="15.4337101243" lon="73.8144163135"><ele>1.10</ele><time>2025-11-17T04:54:17Z</time><extensions><gpxtpx:TrackPointExtension><gpxtpx:cad>0</gpxtpx:cad></gpxtpx:TrackPointExtension></extensions></trkpt><trkpt lat="15.4337593261" lon="73.8145717978"><ele>0.62</ele><time>2025-11-17T04:54:22Z</time><extensions><gpxtpx:TrackPointExtension><gpxtpx:cad>0</gpxtpx:cad></gpxtpx:TrackPointExtension></extensions></trkpt><trkpt lat="15.4338081088" lon="73.8147270307"><ele>0.62</ele><time>2025-11-17T04:54:27Z</time><extensions><gpxtpx:TrackPointExtension><gpxtpx:cad>0</gpxtpx:cad></gpxtpx:TrackPointExtension></extensions></trkpt><trkpt lat="15.4338497669" lon="73.8148610573"><ele>0.14</ele><time>2025-11-17T04:54:32Z</time><extensions><gpxtpx:TrackPointExtension><gpxtpx:cad>0</gpxtpx:cad></gpxtpx:TrackPointExtension></extensions></trkpt><trkpt lat="15.4338942748" lon="73.8150089979"><ele>0.14</ele><time>2025-11-17T04:54:37Z</time><extensions><gpxtpx:TrackPointExtension><gpxtpx:cad>0</gpxtpx:cad></gpxtpx:TrackPointExtension></extensions></trkpt><trkpt lat="15.4339490924" lon="73.8151623029"><ele>0.14</ele><time>2025-11-17T04:54:42Z</time><extensions><gpxtpx:TrackPointExtension><gpxtpx:cad>0</gpxtpx:cad></gpxtpx:TrackPointExtension></extensions></trkpt><trkpt lat="15.4340106156" lon="73.8153089024"><ele>0.62</ele><time>2025-11-17T04:54:47Z</time><extensions><gpxtpx:TrackPointExtension><gpxtpx:cad>0</gpxtpx:cad></gpxtpx:TrackPointExtension></extensions></trkpt><trkpt lat="15.4340718035" lon="73.8154486287"><ele>1.10</ele><time>2025-11-17T04:54:52Z</time><extensions><gpxtpx:TrackPointExtension><gpxtpx:cad>0</gpxtpx:cad></gpxtpx:TrackPointExtension></extensions></trkpt><trkpt lat="15.4341461509" lon="73.8155822363"><ele>1.58</ele><time>2025-11-17T04:54:57Z</time><extensions><gpxtpx:TrackPointExtension><gpxtpx:cad>0</gpxtpx:cad></gpxtpx:TrackPointExtension></extensions></trkpt><trkpt lat="15.4342101049" lon="73.8157234713"><ele>1.58</ele><time>2025-11-17T04:55:02Z</time><extensions><gpxtpx:TrackPointExtension><gpxtpx:cad>0</gpxtpx:cad></gpxtpx:TrackPointExtension></extensions></trkpt><trkpt lat="15.4342671018" lon="73.8158684783"><ele>1.58</ele><time>2025-11-17T04:55:07Z</time><extensions><gpxtpx:TrackPointExtension><gpxtpx:cad>0</gpxtpx:cad></gpxtpx:TrackPointExtension></extensions></trkpt><trkpt lat="15.4343230929" lon="73.8160165027"><ele>1.58</ele><time>2025-11-17T04:55:12Z</time><extensions><gpxtpx:TrackPointExtension><gpxtpx:cad>0</gpxtpx:cad></gpxtpx:TrackPointExtension></extensions></trkpt><trkpt lat="15.4343827721" lon="73.8161667064"><ele>1.58</ele><time>2025-11-17T04:55:17Z</time><extensions><gpxtpx:TrackPointExtension><gpxtpx:cad>0</gpxtpx:cad></gpxtpx:TrackPointExtension></extensions></trkpt><trkpt lat="15.4344453011" lon="73.8163090311"><ele>2.06</ele><time>2025-11-17T04:55:22Z</time><extensions><gpxtpx:TrackPointExtension><gpxtpx:cad>0</gpxtpx:cad></gpxtpx:TrackPointExtension></extensions></trkpt><trkpt lat="15.4344994482" lon="73.8164449856"><ele>2.06</ele><time>2025-11-17T04:55:27Z</time><extensions><gpxtpx:TrackPointExtension><gpxtpx:cad>0</gpxtpx:cad></gpxtpx:TrackPointExtension></extensions></trkpt><trkpt lat="15.4345525894" lon="73.8165973686"><ele>2.54</ele><time>2025-11-17T04:55:32Z</time><extensions><gpxtpx:TrackPointExtension><gpxtpx:cad>0</gpxtpx:cad></gpxtpx:TrackPointExtension></extensions></trkpt><trkpt lat="15.4346029647" lon="73.8167458959"><ele>2.06</ele><time>2025-11-17T04:55:37Z</time><extensions><gpxtpx:TrackPointExtension><gpxtpx:cad>0</gpxtpx:cad></gpxtpx:TrackPointExtension></extensions></trkpt><trkpt lat="15.4346343968" lon="73.8168935850"><ele>2.54</ele><time>2025-11-17T04:55:42Z</time><extensions><gpxtpx:TrackPointExtension><gpxtpx:cad>0</gpxtpx:cad></gpxtpx:TrackPointExtension></extensions></trkpt><trkpt lat="15.4346763063" lon="73.8170466386"><ele>2.54</ele><time>2025-11-17T04:55:47Z</time><extensions><gpxtpx:TrackPointExtension><gpxtpx:cad>0</gpxtpx:cad></gpxtpx:TrackPointExtension></extensions></trkpt><trkpt lat="15.4347314592" lon="73.8171929866"><ele>2.54</ele><time>2025-11-17T04:55:52Z</time><extensions><gpxtpx:TrackPointExtension><gpxtpx:cad>0</gpxtpx:cad></gpxtpx:TrackPointExtension></extensions></trkpt><trkpt lat="15.4347903840" lon="73.8173375744"><ele>2.06</ele><time>2025-11-17T04:55:57Z</time><extensions><gpxtpx:TrackPointExtension><gpxtpx:cad>0</gpxtpx:cad></gpxtpx:TrackPointExtension></extensions></trkpt><trkpt lat="15.4348532483" lon="73.8174747862"><ele>2.06</ele><time>2025-11-17T04:56:02Z</time><extensions><gpxtpx:TrackPointExtension><gpxtpx:cad>0</gpxtpx:cad></gpxtpx:TrackPointExtension></extensions></trkpt><trkpt lat="15.4349164478" lon="73.8176158536"><ele>2.54</ele><time>2025-11-17T04:56:07Z</time><extensions><gpxtpx:TrackPointExtension><gpxtpx:cad>0</gpxtpx:cad></gpxtpx:TrackPointExtension></extensions></trkpt><trkpt lat="15.4349842574" lon="73.8177598547"><ele>2.54</ele><time>2025-11-17T04:56:12Z</time><extensions><gpxtpx:TrackPointExtension><gpxtpx:cad>0</gpxtpx:cad></gpxtpx:TrackPointExtension></extensions></trkpt><trkpt lat="15.4350585211" lon="73.8178994972"><ele>3.02</ele><time>2025-11-17T04:56:17Z</time><extensions><gpxtpx:TrackPointExtension><gpxtpx:cad>0</gpxtpx:cad></gpxtpx:TrackPointExtension></extensions></trkpt><trkpt lat="15.4351328686" lon="73.8180335239"><ele>3.02</ele><time>2025-11-17T04:56:22Z</time><extensions><gpxtpx:TrackPointExtension><gpxtpx:cad>0</gpxtpx:cad></gpxtpx:TrackPointExtension></extensions></trkpt><trkpt lat="15.4351970740" lon="73.8181653712"><ele>3.98</ele><time>2025-11-17T04:56:27Z</time><extensions><gpxtpx:TrackPointExtension><gpxtpx:cad>0</gpxtpx:cad></gpxtpx:TrackPointExtension></extensions></trkpt><trkpt lat="15.4352513049" lon="73.8183011580"><ele>3.98</ele><time>2025-11-17T04:56:32Z</time><extensions><gpxtpx:TrackPointExtension><gpxtpx:cad>0</gpxtpx:cad></gpxtpx:TrackPointExtension></extensions></trkpt><trkpt lat="15.4353158455" lon="73.8184470031"><ele>4.46</ele><time>2025-11-17T04:56:37Z</time><extensions><gpxtpx:TrackPointExtension><gpxtpx:cad>0</gpxtpx:cad></gpxtpx:TrackPointExtension></extensions></trkpt><trkpt lat="15.4353862535" lon="73.8185941894"><ele>4.46</ele><time>2025-11-17T04:56:42Z</time><extensions><gpxtpx:TrackPointExtension><gpxtpx:cad>0</gpxtpx:cad></gpxtpx:TrackPointExtension></extensions></trkpt><trkpt lat="15.4354569968" lon="73.8187341671"><ele>4.94</ele><time>2025-11-17T04:56:47Z</time><extensions><gpxtpx:TrackPointExtension><gpxtpx:cad>0</gpxtpx:cad></gpxtpx:TrackPointExtension></extensions></trkpt><trkpt lat="15.4355241358" lon="73.8188713789"><ele>4.94</ele><time>2025-11-17T04:56:52Z</time><extensions><gpxtpx:TrackPointExtension><gpxtpx:cad>0</gpxtpx:cad></gpxtpx:TrackPointExtension></extensions></trkpt><trkpt lat="15.4355849046" lon="73.8190100156"><ele>5.42</ele><time>2025-11-17T04:56:57Z</time><extensions><gpxtpx:TrackPointExtension><gpxtpx:cad>0</gpxtpx:cad></gpxtpx:TrackPointExtension></extensions></trkpt><trkpt lat="15.4356424045" lon="73.8191602193"><ele>5.42</ele><time>2025-11-17T04:57:02Z</time><extensions><gpxtpx:TrackPointExtension><gpxtpx:cad>0</gpxtpx:cad></gpxtpx:TrackPointExtension></extensions></trkpt><trkpt lat="15.4356947914" lon="73.8193146139"><ele>5.42</ele><time>2025-11-17T04:57:07Z</time><extensions><gpxtpx:TrackPointExtension><gpxtpx:cad>0</gpxtpx:cad></gpxtpx:TrackPointExtension></extensions></trkpt><trkpt lat="15.4357453343" lon="73.8194654882"><ele>5.91</ele><time>2025-11-17T04:57:12Z</time><extensions><gpxtpx:TrackPointExtension><gpxtpx:cad>0</gpxtpx:cad></gpxtpx:TrackPointExtension></extensions></trkpt><trkpt lat="15.4357960448" lon="73.8196067233"><ele>5.91</ele><time>2025-11-17T04:57:17Z</time><extensions><gpxtpx:TrackPointExtension><gpxtpx:cad>0</gpxtpx:cad></gpxtpx:TrackPointExtension></extensions></trkpt><trkpt lat="15.4358465876" lon="73.8197453599"><ele>5.91</ele><time>2025-11-17T04:57:22Z</time><extensions><gpxtpx:TrackPointExtension><gpxtpx:cad>0</gpxtpx:cad></gpxtpx:TrackPointExtension></extensions></trkpt><trkpt lat="15.4358992260" lon="73.8198927138"><ele>5.91</ele><time>2025-11-17T04:57:27Z</time><extensions><gpxtpx:TrackPointExtension><gpxtpx:cad>0</gpxtpx:cad></gpxtpx:TrackPointExtension></extensions></trkpt><trkpt lat="15.4359493498" lon="73.8200494554"><ele>5.91</ele><time>2025-11-17T04:57:32Z</time><extensions><gpxtpx:TrackPointExtension><gpxtpx:cad>0</gpxtpx:cad></gpxtpx:TrackPointExtension></extensions></trkpt><trkpt lat="15.4360058438" lon="73.8201891817"><ele>5.91</ele><time>2025-11-17T04:57:37Z</time><extensions><gpxtpx:TrackPointExtension><gpxtpx:cad>0</gpxtpx:cad></gpxtpx:TrackPointExtension></extensions></trkpt><trkpt lat="15.4360718094" lon="73.8203279860"><ele>5.91</ele><time>2025-11-17T04:57:42Z</time><extensions><gpxtpx:TrackPointExtension><gpxtpx:cad>0</gpxtpx:cad></gpxtpx:TrackPointExtension></extensions></trkpt><trkpt lat="15.4361238610" lon="73.8204714004"><ele>5.42</ele><time>2025-11-17T04:57:47Z</time><extensions><gpxtpx:TrackPointExtension><gpxtpx:cad>0</gpxtpx:cad></gpxtpx:TrackPointExtension></extensions></trkpt><trkpt lat="15.4361719731" lon="73.8206158206"><ele>5.42</ele><time>2025-11-17T04:57:52Z</time><extensions><gpxtpx:TrackPointExtension><gpxtpx:cad>0</gpxtpx:cad></gpxtpx:TrackPointExtension></extensions></trkpt><trkpt lat="15.4362153914" lon="73.8207652699"><ele>5.42</ele><time>2025-11-17T04:57:57Z</time><extensions><gpxtpx:TrackPointExtension><gpxtpx:cad>0</gpxtpx:cad></gpxtpx:TrackPointExtension></extensions></trkpt><trkpt lat="15.4362639226" lon="73.8209246099"><ele>5.42</ele><time>2025-11-17T04:58:02Z</time><extensions><gpxtpx:TrackPointExtension><gpxtpx:cad>0</gpxtpx:cad></gpxtpx:TrackPointExtension></extensions></trkpt><trkpt lat="15.4363179021" lon="73.8210697845"><ele>5.42</ele><time>2025-11-17T04:58:07Z</time><extensions><gpxtpx:TrackPointExtension><gpxtpx:cad>0</gpxtpx:cad></gpxtpx:TrackPointExtension></extensions></trkpt><trkpt lat="15.4363803472" lon="73.8212095946"><ele>5.42</ele><time>2025-11-17T04:58:12Z</time><extensions><gpxtpx:TrackPointExtension><gpxtpx:cad>0</gpxtpx:cad></gpxtpx:TrackPointExtension></extensions></trkpt><trkpt lat="15.4364480730" lon="73.8213421963"><ele>4.94</ele><time>2025-11-17T04:58:17Z</time><extensions><gpxtpx:TrackPointExtension><gpxtpx:cad>0</gpxtpx:cad></gpxtpx:TrackPointExtension></extensions></trkpt><trkpt lat="15.4365258571" lon="73.8214775641"><ele>4.94</ele><time>2025-11-17T04:58:22Z</time><extensions><gpxtpx:TrackPointExtension><gpxtpx:cad>0</gpxtpx:cad></gpxtpx:TrackPointExtension></extensions></trkpt><trkpt lat="15.4365990311" lon="73.8216162845"><ele>4.46</ele><time>2025-11-17T04:58:27Z</time><extensions><gpxtpx:TrackPointExtension><gpxtpx:cad>0</gpxtpx:cad></gpxtpx:TrackPointExtension></extensions></trkpt><trkpt lat="15.4366762284" lon="73.8217536639"><ele>3.98</ele><time>2025-11-17T04:58:32Z</time><extensions><gpxtpx:TrackPointExtension><gpxtpx:cad>0</gpxtpx:cad></gpxtpx:TrackPointExtension></extensions></trkpt><trkpt lat="15.4367629811" lon="73.8218680769"><ele>3.98</ele><time>2025-11-17T04:58:37Z</time><extensions><gpxtpx:TrackPointExtension><gpxtpx:cad>0</gpxtpx:cad></gpxtpx:TrackPointExtension></extensions></trkpt><trkpt lat="15.4368747957" lon="73.8219696656"><ele>4.46</ele><time>2025-11-17T04:58:42Z</time><extensions><gpxtpx:TrackPointExtension><gpxtpx:cad>0</gpxtpx:cad></gpxtpx:TrackPointExtension></extensions></trkpt><trkpt lat="15.4369821679" lon="73.8220777083"><ele>4.46</ele><time>2025-11-17T04:58:47Z</time><extensions><gpxtpx:TrackPointExtension><gpxtpx:cad>0</gpxtpx:cad></gpxtpx:TrackPointExtension></extensions></trkpt><trkpt lat="15.4370736983" lon="73.8222050294"><ele>4.94</ele><time>2025-11-17T04:58:52Z</time><extensions><gpxtpx:TrackPointExtension><gpxtpx:cad>0</gpxtpx:cad></gpxtpx:TrackPointExtension></extensions></trkpt><trkpt lat="15.4371684976" lon="73.8223277405"><ele>4.94</ele><time>2025-11-17T04:58:57Z</time><extensions><gpxtpx:TrackPointExtension><gpxtpx:cad>0</gpxtpx:cad></gpxtpx:TrackPointExtension></extensions></trkpt><trkpt lat="15.4372488800" lon="73.8224603422"><ele>5.42</ele><time>2025-11-17T04:59:02Z</time><extensions><gpxtpx:TrackPointExtension><gpxtpx:cad>0</gpxtpx:cad></gpxtpx:TrackPointExtension></extensions></trkpt><trkpt lat="15.4373225570" lon="73.8225933630"><ele>5.42</ele><time>2025-11-17T04:59:07Z</time><extensions><gpxtpx:TrackPointExtension><gpxtpx:cad>0</gpxtpx:cad></gpxtpx:TrackPointExtension></extensions></trkpt><trkpt lat="15.4373935517" lon="73.8227335922"><ele>5.42</ele><time>2025-11-17T04:59:12Z</time><extensions><gpxtpx:TrackPointExtension><gpxtpx:cad>0</gpxtpx:cad></gpxtpx:TrackPointExtension></extensions></trkpt><trkpt lat="15.4374657199" lon="73.8228811137"><ele>5.42</ele><time>2025-11-17T04:59:17Z</time><extensions><gpxtpx:TrackPointExtension><gpxtpx:cad>0</gpxtpx:cad></gpxtpx:TrackPointExtension></extensions></trkpt><trkpt lat="15.4375331942" lon="73.8230246119"><ele>5.42</ele><time>2025-11-17T04:59:22Z</time><extensions><gpxtpx:TrackPointExtension><gpxtpx:cad>0</gpxtpx:cad></gpxtpx:TrackPointExtension></extensions></trkpt><trkpt lat="15.4375976510" lon="73.8231685292"><ele>5.42</ele><time>2025-11-17T04:59:27Z</time><extensions><gpxtpx:TrackPointExtension><gpxtpx:cad>0</gpxtpx:cad></gpxtpx:TrackPointExtension></extensions></trkpt><trkpt lat="15.4376629461" lon="73.8233079202"><ele>5.42</ele><time>2025-11-17T04:59:32Z</time><extensions><gpxtpx:TrackPointExtension><gpxtpx:cad>0</gpxtpx:cad></gpxtpx:TrackPointExtension></extensions></trkpt><trkpt lat="15.4377293307" lon="73.8234492391"><ele>5.42</ele><time>2025-11-17T04:59:37Z</time><extensions><gpxtpx:TrackPointExtension><gpxtpx:cad>0</gpxtpx:cad></gpxtpx:TrackPointExtension></extensions></trkpt><trkpt lat="15.4377914406" lon="73.8235892169"><ele>5.42</ele><time>2025-11-17T04:59:42Z</time><extensions><gpxtpx:TrackPointExtension><gpxtpx:cad>0</gpxtpx:cad></gpxtpx:TrackPointExtension></extensions></trkpt><trkpt lat="15.4378512036" lon="73.8237395044"><ele>4.94</ele><time>2025-11-17T04:59:47Z</time><extensions><gpxtpx:TrackPointExtension><gpxtpx:cad>0</gpxtpx:cad></gpxtpx:TrackPointExtension></extensions></trkpt><trkpt lat="15.4379124753" lon="73.8238873612"><ele>4.94</ele><time>2025-11-17T04:59:52Z</time><extensions><gpxtpx:TrackPointExtension><gpxtpx:cad>0</gpxtpx:cad></gpxtpx:TrackPointExtension></extensions></trkpt><trkpt lat="15.4379786085" lon="73.8240286801"><ele>4.94</ele><time>2025-11-17T04:59:57Z</time><extensions><gpxtpx:TrackPointExtension><gpxtpx:cad>0</gpxtpx:cad></gpxtpx:TrackPointExtension></extensions></trkpt><trkpt lat="15.4380470049" lon="73.8241647184"><ele>4.94</ele><time>2025-11-17T05:00:02Z</time><extensions><gpxtpx:TrackPointExtension><gpxtpx:cad>0</gpxtpx:cad></gpxtpx:TrackPointExtension></extensions></trkpt><trkpt lat="15.4381211009" lon="73.8242970686"><ele>4.46</ele><time>2025-11-17T05:00:07Z</time><extensions><gpxtpx:TrackPointExtension><gpxtpx:cad>0</gpxtpx:cad></gpxtpx:TrackPointExtension></extensions></trkpt><trkpt lat="15.4381987173" lon="73.8244269043"><ele>3.98</ele><time>2025-11-17T05:00:12Z</time><extensions><gpxtpx:TrackPointExtension><gpxtpx:cad>0</gpxtpx:cad></gpxtpx:TrackPointExtension></extensions></trkpt><trkpt lat="15.4382839613" lon="73.8245618530"><ele>4.46</ele><time>2025-11-17T05:00:17Z</time><extensions><gpxtpx:TrackPointExtension><gpxtpx:cad>0</gpxtpx:cad></gpxtpx:TrackPointExtension></extensions></trkpt><trkpt lat="15.4383717198" lon="73.8246941194"><ele>4.46</ele><time>2025-11-17T05:00:22Z</time><extensions><gpxtpx:TrackPointExtension><gpxtpx:cad>0</gpxtpx:cad></gpxtpx:TrackPointExtension></extensions></trkpt><trkpt lat="15.4384539463" lon="73.8248338457"><ele>3.98</ele><time>2025-11-17T05:00:27Z</time><extensions><gpxtpx:TrackPointExtension><gpxtpx:cad>0</gpxtpx:cad></gpxtpx:TrackPointExtension></extensions></trkpt><trkpt lat="15.4385238513" lon="73.8249651063"><ele>3.98</ele><time>2025-11-17T05:00:32Z</time><extensions><gpxtpx:TrackPointExtension><gpxtpx:cad>0</gpxtpx:cad></gpxtpx:TrackPointExtension></extensions></trkpt><trkpt lat="15.4385783337" lon="73.8251077663"><ele>3.98</ele><time>2025-11-17T05:00:37Z</time><extensions><gpxtpx:TrackPointExtension><gpxtpx:cad>0</gpxtpx:cad></gpxtpx:TrackPointExtension></extensions></trkpt><trkpt lat="15.4386166390" lon="73.8252557907"><ele>4.46</ele><time>2025-11-17T05:00:42Z</time><extensions><gpxtpx:TrackPointExtension><gpxtpx:cad>0</gpxtpx:cad></gpxtpx:TrackPointExtension></extensions></trkpt><trkpt lat="15.4386841133" lon="73.8253879733"><ele>3.98</ele><time>2025-11-17T05:00:47Z</time><extensions><gpxtpx:TrackPointExtension><gpxtpx:cad>0</gpxtpx:cad></gpxtpx:TrackPointExtension></extensions></trkpt><trkpt lat="15.4388107639" lon="73.8254423719"><ele>3.98</ele><time>2025-11-17T05:00:52Z</time><extensions><gpxtpx:TrackPointExtension><gpxtpx:cad>0</gpxtpx:cad></gpxtpx:TrackPointExtension></extensions></trkpt><trkpt lat="15.4389374983" lon="73.8253882248"><ele>3.50</ele><time>2025-11-17T05:00:57Z</time><extensions><gpxtpx:TrackPointExtension><gpxtpx:cad>0</gpxtpx:cad></gpxtpx:TrackPointExtension></extensions></trkpt><trkpt lat="15.4390353151" lon="73.8252619095"><ele>3.50</ele><time>2025-11-17T05:01:02Z</time><extensions><gpxtpx:TrackPointExtension><gpxtpx:cad>0</gpxtpx:cad></gpxtpx:TrackPointExtension></extensions></trkpt><trkpt lat="15.4391237441" lon="73.8251149748"><ele>3.50</ele><time>2025-11-17T05:01:07Z</time><extensions><gpxtpx:TrackPointExtension><gpxtpx:cad>0</gpxtpx:cad></gpxtpx:TrackPointExtension></extensions></trkpt><trkpt lat="15.4392042942" lon="73.8249446545"><ele>3.50</ele><time>2025-11-17T05:01:12Z</time><extensions><gpxtpx:TrackPointExtension><gpxtpx:cad>0</gpxtpx:cad></gpxtpx:TrackPointExtension></extensions></trkpt><trkpt lat="15.4392713495" lon="73.8247829676"><ele>3.98</ele><time>2025-11-17T05:01:17Z</time><extensions><gpxtpx:TrackPointExtension><gpxtpx:cad>0</gpxtpx:cad></gpxtpx:TrackPointExtension></extensions></trkpt><trkpt lat="15.4393443558" lon="73.8246246334"><ele>3.50</ele><time>2025-11-17T05:01:22Z</time><extensions><gpxtpx:TrackPointExtension><gpxtpx:cad>0</gpxtpx:cad></gpxtpx:TrackPointExtension></extensions></trkpt><trkpt lat="15.4394086450" lon="73.8244579174"><ele>3.50</ele><time>2025-11-17T05:01:27Z</time><extensions><gpxtpx:TrackPointExtension><gpxtpx:cad>0</gpxtpx:cad></gpxtpx:TrackPointExtension></extensions></trkpt><trkpt lat="15.4394758679" lon="73.8242978230"><ele>3.50</ele><time>2025-11-17T05:01:32Z</time><extensions><gpxtpx:TrackPointExtension><gpxtpx:cad>0</gpxtpx:cad></gpxtpx:TrackPointExtension></extensions></trkpt><trkpt lat="15.4395436775" lon="73.8241233956"><ele>3.50</ele><time>2025-11-17T05:01:37Z</time><extensions><gpxtpx:TrackPointExtension><gpxtpx:cad>0</gpxtpx:cad></gpxtpx:TrackPointExtension></extensions></trkpt><trkpt lat="15.4396174382" lon="73.8239556737"><ele>3.50</ele><time>2025-11-17T05:01:42Z</time><extensions><gpxtpx:TrackPointExtension><gpxtpx:cad>0</gpxtpx:cad></gpxtpx:TrackPointExtension></extensions></trkpt><trkpt lat="15.4396874271" lon="73.8237838447"><ele>3.50</ele><time>2025-11-17T05:01:47Z</time><extensions><gpxtpx:TrackPointExtension><gpxtpx:cad>0</gpxtpx:cad></gpxtpx:TrackPointExtension></extensions></trkpt><trkpt lat="15.4397539794" lon="73.8236094173"><ele>3.02</ele><time>2025-11-17T05:01:52Z</time><extensions><gpxtpx:TrackPointExtension><gpxtpx:cad>0</gpxtpx:cad></gpxtpx:TrackPointExtension></extensions></trkpt><trkpt lat="15.4398215376" lon="73.8234391809"><ele>3.02</ele><time>2025-11-17T05:01:57Z</time><extensions><gpxtpx:TrackPointExtension><gpxtpx:cad>0</gpxtpx:cad></gpxtpx:TrackPointExtension></extensions></trkpt><trkpt lat="15.4398838989" lon="73.8232602272"><ele>2.54</ele><time>2025-11-17T05:02:02Z</time><extensions><gpxtpx:TrackPointExtension><gpxtpx:cad>0</gpxtpx:cad></gpxtpx:TrackPointExtension></extensions></trkpt><trkpt lat="15.4399489425" lon="73.8230879791"><ele>3.02</ele><time>2025-11-17T05:02:07Z</time><extensions><gpxtpx:TrackPointExtension><gpxtpx:cad>0</gpxtpx:cad></gpxtpx:TrackPointExtension></extensions></trkpt><trkpt lat="15.4400096275" lon="73.8229107857"><ele>3.02</ele><time>2025-11-17T05:02:12Z</time><extensions><gpxtpx:TrackPointExtension><gpxtpx:cad>0</gpxtpx:cad></gpxtpx:TrackPointExtension></extensions></trkpt><trkpt lat="15.4400729109" lon="73.8227367774"><ele>3.02</ele><time>2025-11-17T05:02:17Z</time><extensions><gpxtpx:TrackPointExtension><gpxtpx:cad>0</gpxtpx:cad></gpxtpx:TrackPointExtension></extensions></trkpt><trkpt lat="15.4401420616" lon="73.8225615956"><ele>3.50</ele><time>2025-11-17T05:02:22Z</time><extensions><gpxtpx:TrackPointExtension><gpxtpx:cad>0</gpxtpx:cad></gpxtpx:TrackPointExtension></extensions></trkpt><trkpt lat="15.4402138945" lon="73.8223888446"><ele>3.98</ele><time>2025-11-17T05:02:27Z</time><extensions><gpxtpx:TrackPointExtension><gpxtpx:cad>0</gpxtpx:cad></gpxtpx:TrackPointExtension></extensions></trkpt><trkpt lat="15.4402798600" lon="73.8222154230"><ele>4.46</ele><time>2025-11-17T05:02:32Z</time><extensions><gpxtpx:TrackPointExtension><gpxtpx:cad>0</gpxtpx:cad></gpxtpx:TrackPointExtension></extensions></trkpt><trkpt lat="15.4403513577" lon="73.8220425881"><ele>4.94</ele><time>2025-11-17T05:02:37Z</time><extensions><gpxtpx:TrackPointExtension><gpxtpx:cad>0</gpxtpx:cad></gpxtpx:TrackPointExtension></extensions></trkpt><trkpt lat="15.4404232744" lon="73.8218721841"><ele>5.42</ele><time>2025-11-17T05:02:42Z</time><extensions><gpxtpx:TrackPointExtension><gpxtpx:cad>0</gpxtpx:cad></gpxtpx:TrackPointExtension></extensions></trkpt><trkpt lat="15.4404864740" lon="73.8216951583"><ele>5.42</ele><time>2025-11-17T05:02:47Z</time><extensions><gpxtpx:TrackPointExtension><gpxtpx:cad>0</gpxtpx:cad></gpxtpx:TrackPointExtension></extensions></trkpt><trkpt lat="15.4405402858" lon="73.8215149473"><ele>5.42</ele><time>2025-11-17T05:02:52Z</time><extensions><gpxtpx:TrackPointExtension><gpxtpx:cad>0</gpxtpx:cad></gpxtpx:TrackPointExtension></extensions></trkpt><trkpt lat="15.4406066705" lon="73.8213437051"><ele>5.42</ele><time>2025-11-17T05:02:57Z</time><extensions><gpxtpx:TrackPointExtension><gpxtpx:cad>0</gpxtpx:cad></gpxtpx:TrackPointExtension></extensions></trkpt><trkpt lat="15.4406750668" lon="73.8211725466"><ele>5.42</ele><time>2025-11-17T05:03:02Z</time><extensions><gpxtpx:TrackPointExtension><gpxtpx:cad>0</gpxtpx:cad></gpxtpx:TrackPointExtension></extensions></trkpt><trkpt lat="15.4407424573" lon="73.8210017234"><ele>5.42</ele><time>2025-11-17T05:03:07Z</time><extensions><gpxtpx:TrackPointExtension><gpxtpx:cad>0</gpxtpx:cad></gpxtpx:TrackPointExtension></extensions></trkpt><trkpt lat="15.4407996219" lon="73.8208273798"><ele>5.42</ele><time>2025-11-17T05:03:12Z</time><extensions><gpxtpx:TrackPointExtension><gpxtpx:cad>0</gpxtpx:cad></gpxtpx:TrackPointExtension></extensions></trkpt><trkpt lat="15.4408680182" lon="73.8206562214"><ele>5.42</ele><time>2025-11-17T05:03:17Z</time><extensions><gpxtpx:TrackPointExtension><gpxtpx:cad>0</gpxtpx:cad></gpxtpx:TrackPointExtension></extensions></trkpt><trkpt lat="15.4409440421" lon="73.8204838056"><ele>5.42</ele><time>2025-11-17T05:03:22Z</time><extensions><gpxtpx:TrackPointExtension><gpxtpx:cad>0</gpxtpx:cad></gpxtpx:TrackPointExtension></extensions></trkpt><trkpt lat="15.4410117678" lon="73.8203127310"><ele>5.42</ele><time>2025-11-17T05:03:27Z</time><extensions><gpxtpx:TrackPointExtension><gpxtpx:cad>0</gpxtpx:cad></gpxtpx:TrackPointExtension></extensions></trkpt><trkpt lat="15.4410729557" lon="73.8201330230"><ele>5.42</ele><time>2025-11-17T05:03:32Z</time><extensions><gpxtpx:TrackPointExtension><gpxtpx:cad>0</gpxtpx:cad></gpxtpx:TrackPointExtension></extensions></trkpt><trkpt lat="15.4411433637" lon="73.8199639600"><ele>5.42</ele><time>2025-11-17T05:03:37Z</time><extensions><gpxtpx:TrackPointExtension><gpxtpx:cad>0</gpxtpx:cad></gpxtpx:TrackPointExtension></extensions></trkpt><trkpt lat="15.4412080720" lon="73.8197849225"><ele>5.42</ele><time>2025-11-17T05:03:42Z</time><extensions><gpxtpx:TrackPointExtension><gpxtpx:cad>0</gpxtpx:cad></gpxtpx:TrackPointExtension></extensions></trkpt><trkpt lat="15.4412776418" lon="73.8196104951"><ele>5.42</ele><time>2025-11-17T05:03:47Z</time><extensions><gpxtpx:TrackPointExtension><gpxtpx:cad>0</gpxtpx:cad></gpxtpx:TrackPointExtension></extensions></trkpt><trkpt lat="15.4413397517" lon="73.8194340561"><ele>5.42</ele><time>2025-11-17T05:03:52Z</time><extensions><gpxtpx:TrackPointExtension><gpxtpx:cad>0</gpxtpx:cad></gpxtpx:TrackPointExtension></extensions></trkpt><trkpt lat="15.4414055496" lon="73.8192587066"><ele>5.42</ele><time>2025-11-17T05:03:57Z</time><extensions><gpxtpx:TrackPointExtension><gpxtpx:cad>0</gpxtpx:cad></gpxtpx:TrackPointExtension></extensions></trkpt><trkpt lat="15.4414699227" lon="73.8190845307"><ele>5.42</ele><time>2025-11-17T05:04:02Z</time><extensions><gpxtpx:TrackPointExtension><gpxtpx:cad>0</gpxtpx:cad></gpxtpx:TrackPointExtension></extensions></trkpt><trkpt lat="15.4415303562" lon="73.8189067505"><ele>5.42</ele><time>2025-11-17T05:04:07Z</time><extensions><gpxtpx:TrackPointExtension><gpxtpx:cad>0</gpxtpx:cad></gpxtpx:TrackPointExtension></extensions></trkpt><trkpt lat="15.4415928852" lon="73.8187317364"><ele>5.42</ele><time>2025-11-17T05:04:12Z</time><extensions><gpxtpx:TrackPointExtension><gpxtpx:cad>0</gpxtpx:cad></gpxtpx:TrackPointExtension></extensions></trkpt><trkpt lat="15.4416596051" lon="73.8185619190"><ele>5.42</ele><time>2025-11-17T05:04:17Z</time><extensions><gpxtpx:TrackPointExtension><gpxtpx:cad>0</gpxtpx:cad></gpxtpx:TrackPointExtension></extensions></trkpt><trkpt lat="15.4417202063" lon="73.8183856476"><ele>5.42</ele><time>2025-11-17T05:04:22Z</time><extensions><gpxtpx:TrackPointExtension><gpxtpx:cad>0</gpxtpx:cad></gpxtpx:TrackPointExtension></extensions></trkpt><trkpt lat="15.4417815618" lon="73.8182114717"><ele>5.42</ele><time>2025-11-17T05:04:27Z</time><extensions><gpxtpx:TrackPointExtension><gpxtpx:cad>0</gpxtpx:cad></gpxtpx:TrackPointExtension></extensions></trkpt><trkpt lat="15.4418383073" lon="73.8180333562"><ele>5.42</ele><time>2025-11-17T05:04:32Z</time><extensions><gpxtpx:TrackPointExtension><gpxtpx:cad>0</gpxtpx:cad></gpxtpx:TrackPointExtension></extensions></trkpt><trkpt lat="15.4418959748" lon="73.8178520557"><ele>5.42</ele><time>2025-11-17T05:04:37Z</time><extensions><gpxtpx:TrackPointExtension><gpxtpx:cad>0</gpxtpx:cad></gpxtpx:TrackPointExtension></extensions></trkpt><trkpt lat="15.4419554025" lon="73.8176755328"><ele>5.42</ele><time>2025-11-17T05:04:42Z</time><extensions><gpxtpx:TrackPointExtension><gpxtpx:cad>0</gpxtpx:cad></gpxtpx:TrackPointExtension></extensions></trkpt><trkpt lat="15.4420061968" lon="73.8174949866"><ele>5.42</ele><time>2025-11-17T05:04:47Z</time><extensions><gpxtpx:TrackPointExtension><gpxtpx:cad>0</gpxtpx:cad></gpxtpx:TrackPointExtension></extensions></trkpt><trkpt lat="15.4420557339" lon="73.8173148595"><ele>5.42</ele><time>2025-11-17T05:04:52Z</time><extensions><gpxtpx:TrackPointExtension><gpxtpx:cad>0</gpxtpx:cad></gpxtpx:TrackPointExtension></extensions></trkpt><trkpt lat="15.4421056900" lon="73.8171314634"><ele>4.94</ele><time>2025-11-17T05:04:57Z</time><extensions><gpxtpx:TrackPointExtension><gpxtpx:cad>0</gpxtpx:cad></gpxtpx:TrackPointExtension></extensions></trkpt><trkpt lat="15.4421584122" lon="73.8169501629"><ele>4.94</ele><time>2025-11-17T05:05:02Z</time><extensions><gpxtpx:TrackPointExtension><gpxtpx:cad>0</gpxtpx:cad></gpxtpx:TrackPointExtension></extensions></trkpt><trkpt lat="15.4421986453" lon="73.8167628273"><ele>4.94</ele><time>2025-11-17T05:05:07Z</time><extensions><gpxtpx:TrackPointExtension><gpxtpx:cad>0</gpxtpx:cad></gpxtpx:TrackPointExtension></extensions></trkpt><trkpt lat="15.4422408063" lon="73.8165796828"><ele>4.94</ele><time>2025-11-17T05:05:12Z</time><extensions><gpxtpx:TrackPointExtension><gpxtpx:cad>0</gpxtpx:cad></gpxtpx:TrackPointExtension></extensions></trkpt><trkpt lat="15.4422779381" lon="73.8163931854"><ele>5.42</ele><time>2025-11-17T05:05:17Z</time><extensions><gpxtpx:TrackPointExtension><gpxtpx:cad>0</gpxtpx:cad></gpxtpx:TrackPointExtension></extensions></trkpt><trkpt lat="15.4423182551" lon="73.8162086997"><ele>5.42</ele><time>2025-11-17T05:05:22Z</time><extensions><gpxtpx:TrackPointExtension><gpxtpx:cad>0</gpxtpx:cad></gpxtpx:TrackPointExtension></extensions></trkpt><trkpt lat="15.4423660319" lon="73.8160311710"><ele>5.42</ele><time>2025-11-17T05:05:27Z</time><extensions><gpxtpx:TrackPointExtension><gpxtpx:cad>0</gpxtpx:cad></gpxtpx:TrackPointExtension></extensions></trkpt><trkpt lat="15.4424066842" lon="73.8158452604"><ele>5.91</ele><time>2025-11-17T05:05:32Z</time><extensions><gpxtpx:TrackPointExtension><gpxtpx:cad>0</gpxtpx:cad></gpxtpx:TrackPointExtension></extensions></trkpt><trkpt lat="15.4424518626" lon="73.8156657200"><ele>5.42</ele><time>2025-11-17T05:05:37Z</time><extensions><gpxtpx:TrackPointExtension><gpxtpx:cad>0</gpxtpx:cad></gpxtpx:TrackPointExtension></extensions></trkpt><trkpt lat="15.4424934369" lon="73.8154815696"><ele>5.42</ele><time>2025-11-17T05:05:42Z</time><extensions><gpxtpx:TrackPointExtension><gpxtpx:cad>0</gpxtpx:cad></gpxtpx:TrackPointExtension></extensions></trkpt><trkpt lat="15.4425460752" lon="73.8153052144"><ele>5.91</ele><time>2025-11-17T05:05:47Z</time><extensions><gpxtpx:TrackPointExtension><gpxtpx:cad>0</gpxtpx:cad></gpxtpx:TrackPointExtension></extensions></trkpt><trkpt lat="15.4425977916" lon="73.8151323795"><ele>5.42</ele><time>2025-11-17T05:05:52Z</time><extensions><gpxtpx:TrackPointExtension><gpxtpx:cad>0</gpxtpx:cad></gpxtpx:TrackPointExtension></extensions></trkpt><trkpt lat="15.4426731449" lon="73.8149623107"><ele>5.42</ele><time>2025-11-17T05:05:57Z</time><extensions><gpxtpx:TrackPointExtension><gpxtpx:cad>0</gpxtpx:cad></gpxtpx:TrackPointExtension></extensions></trkpt><trkpt lat="15.4427448101" lon="73.8147876319"><ele>4.94</ele><time>2025-11-17T05:06:02Z</time><extensions><gpxtpx:TrackPointExtension><gpxtpx:cad>0</gpxtpx:cad></gpxtpx:TrackPointExtension></extensions></trkpt><trkpt lat="15.4428065848" lon="73.8146094326"><ele>4.94</ele><time>2025-11-17T05:06:07Z</time><extensions><gpxtpx:TrackPointExtension><gpxtpx:cad>0</gpxtpx:cad></gpxtpx:TrackPointExtension></extensions></trkpt><trkpt lat="15.4428728856" lon="73.8144367654"><ele>4.94</ele><time>2025-11-17T05:06:12Z</time><extensions><gpxtpx:TrackPointExtension><gpxtpx:cad>0</gpxtpx:cad></gpxtpx:TrackPointExtension></extensions></trkpt><trkpt lat="15.4429423716" lon="73.8142592367"><ele>4.94</ele><time>2025-11-17T05:06:17Z</time><extensions><gpxtpx:TrackPointExtension><gpxtpx:cad>0</gpxtpx:cad></gpxtpx:TrackPointExtension></extensions></trkpt><trkpt lat="15.4430118576" lon="73.8140886649"><ele>4.94</ele><time>2025-11-17T05:06:22Z</time><extensions><gpxtpx:TrackPointExtension><gpxtpx:cad>0</gpxtpx:cad></gpxtpx:TrackPointExtension></extensions></trkpt><trkpt lat="15.4430790804" lon="73.8139142375"><ele>4.94</ele><time>2025-11-17T05:06:27Z</time><extensions><gpxtpx:TrackPointExtension><gpxtpx:cad>0</gpxtpx:cad></gpxtpx:TrackPointExtension></extensions></trkpt><trkpt lat="15.4431484826" lon="73.8137434982"><ele>4.46</ele><time>2025-11-17T05:06:32Z</time><extensions><gpxtpx:TrackPointExtension><gpxtpx:cad>0</gpxtpx:cad></gpxtpx:TrackPointExtension></extensions></trkpt><trkpt lat="15.4432152025" lon="73.8135728426"><ele>3.98</ele><time>2025-11-17T05:06:37Z</time><extensions><gpxtpx:TrackPointExtension><gpxtpx:cad>0</gpxtpx:cad></gpxtpx:TrackPointExtension></extensions></trkpt><trkpt lat="15.4432872031" lon="73.8134017680"><ele>3.98</ele><time>2025-11-17T05:06:42Z</time><extensions><gpxtpx:TrackPointExtension><gpxtpx:cad>0</gpxtpx:cad></gpxtpx:TrackPointExtension></extensions></trkpt><trkpt lat="15.4433586169" lon="73.8132301066"><ele>3.98</ele><time>2025-11-17T05:06:47Z</time><extensions><gpxtpx:TrackPointExtension><gpxtpx:cad>0</gpxtpx:cad></gpxtpx:TrackPointExtension></extensions></trkpt><trkpt lat="15.4434237443" lon="73.8130548410"><ele>4.46</ele><time>2025-11-17T05:06:52Z</time><extensions><gpxtpx:TrackPointExtension><gpxtpx:cad>0</gpxtpx:cad></gpxtpx:TrackPointExtension></extensions></trkpt><trkpt lat="15.4435014445" lon="73.8128835149"><ele>4.46</ele><time>2025-11-17T05:06:57Z</time><extensions><gpxtpx:TrackPointExtension><gpxtpx:cad>0</gpxtpx:cad></gpxtpx:TrackPointExtension></extensions></trkpt><trkpt lat="15.4435764626" lon="73.8127121050"><ele>4.46</ele><time>2025-11-17T05:07:02Z</time><extensions><gpxtpx:TrackPointExtension><gpxtpx:cad>0</gpxtpx:cad></gpxtpx:TrackPointExtension></extensions></trkpt><trkpt lat="15.4436563421" lon="73.8125447184"><ele>4.46</ele><time>2025-11-17T05:07:07Z</time><extensions><gpxtpx:TrackPointExtension><gpxtpx:cad>0</gpxtpx:cad></gpxtpx:TrackPointExtension></extensions></trkpt><trkpt lat="15.4437358864" lon="73.8123749010"><ele>4.46</ele><time>2025-11-17T05:07:12Z</time><extensions><gpxtpx:TrackPointExtension><gpxtpx:cad>0</gpxtpx:cad></gpxtpx:TrackPointExtension></extensions></trkpt><trkpt lat="15.4438143410" lon="73.8122086879"><ele>4.94</ele><time>2025-11-17T05:07:17Z</time><extensions><gpxtpx:TrackPointExtension><gpxtpx:cad>0</gpxtpx:cad></gpxtpx:TrackPointExtension></extensions></trkpt><trkpt lat="15.4438834079" lon="73.8120371103"><ele>4.94</ele><time>2025-11-17T05:07:22Z</time><extensions><gpxtpx:TrackPointExtension><gpxtpx:cad>0</gpxtpx:cad></gpxtpx:TrackPointExtension></extensions></trkpt><trkpt lat="15.4439520556" lon="73.8118622638"><ele>4.94</ele><time>2025-11-17T05:07:27Z</time><extensions><gpxtpx:TrackPointExtension><gpxtpx:cad>0</gpxtpx:cad></gpxtpx:TrackPointExtension></extensions></trkpt><trkpt lat="15.4440170154" lon="73.8116864953"><ele>4.94</ele><time>2025-11-17T05:07:32Z</time><extensions><gpxtpx:TrackPointExtension><gpxtpx:cad>0</gpxtpx:cad></gpxtpx:TrackPointExtension></extensions></trkpt><trkpt lat="15.4440836515" lon="73.8115132414"><ele>4.94</ele><time>2025-11-17T05:07:37Z</time><extensions><gpxtpx:TrackPointExtension><gpxtpx:cad>0</gpxtpx:cad></gpxtpx:TrackPointExtension></extensions></trkpt><trkpt lat="15.4441501200" lon="73.8113399874"><ele>5.42</ele><time>2025-11-17T05:07:42Z</time><extensions><gpxtpx:TrackPointExtension><gpxtpx:cad>0</gpxtpx:cad></gpxtpx:TrackPointExtension></extensions></trkpt><trkpt lat="15.4442263115" lon="73.8111698348"><ele>5.42</ele><time>2025-11-17T05:07:47Z</time><extensions><gpxtpx:TrackPointExtension><gpxtpx:cad>0</gpxtpx:cad></gpxtpx:TrackPointExtension></extensions></trkpt><trkpt lat="15.4443142377" lon="73.8110059686"><ele>5.42</ele><time>2025-11-17T05:07:52Z</time><extensions><gpxtpx:TrackPointExtension><gpxtpx:cad>0</gpxtpx:cad></gpxtpx:TrackPointExtension></extensions></trkpt><trkpt lat="15.4444060195" lon="73.8108436111"><ele>5.91</ele><time>2025-11-17T05:07:57Z</time><extensions><gpxtpx:TrackPointExtension><gpxtpx:cad>0</gpxtpx:cad></gpxtpx:TrackPointExtension></extensions></trkpt><trkpt lat="15.4444901738" lon="73.8106768951"><ele>5.42</ele><time>2025-11-17T05:08:02Z</time><extensions><gpxtpx:TrackPointExtension><gpxtpx:cad>0</gpxtpx:cad></gpxtpx:TrackPointExtension></extensions></trkpt><trkpt lat="15.4445641022" lon="73.8105057366"><ele>5.42</ele><time>2025-11-17T05:08:07Z</time><extensions><gpxtpx:TrackPointExtension><gpxtpx:cad>0</gpxtpx:cad></gpxtpx:TrackPointExtension></extensions></trkpt><trkpt lat="15.4446459096" lon="73.8103433792"><ele>5.91</ele><time>2025-11-17T05:08:12Z</time><extensions><gpxtpx:TrackPointExtension><gpxtpx:cad>0</gpxtpx:cad></gpxtpx:TrackPointExtension></extensions></trkpt><trkpt lat="15.4447299801" lon="73.8101774175"><ele>5.42</ele><time>2025-11-17T05:08:17Z</time><extensions><gpxtpx:TrackPointExtension><gpxtpx:cad>0</gpxtpx:cad></gpxtpx:TrackPointExtension></extensions></trkpt><trkpt lat="15.4448253661" lon="73.8100192510"><ele>5.91</ele><time>2025-11-17T05:08:22Z</time><extensions><gpxtpx:TrackPointExtension><gpxtpx:cad>0</gpxtpx:cad></gpxtpx:TrackPointExtension></extensions></trkpt><trkpt lat="15.4449032340" lon="73.8098516129"><ele>5.42</ele><time>2025-11-17T05:08:27Z</time><extensions><gpxtpx:TrackPointExtension><gpxtpx:cad>0</gpxtpx:cad></gpxtpx:TrackPointExtension></extensions></trkpt><trkpt lat="15.4449691158" lon="73.8096733298"><ele>4.94</ele><time>2025-11-17T05:08:32Z</time><extensions><gpxtpx:TrackPointExtension><gpxtpx:cad>0</gpxtpx:cad></gpxtpx:TrackPointExtension></extensions></trkpt><trkpt lat="15.4450473189" lon="73.8095068652"><ele>4.94</ele><time>2025-11-17T05:08:37Z</time><extensions><gpxtpx:TrackPointExtension><gpxtpx:cad>0</gpxtpx:cad></gpxtpx:TrackPointExtension></extensions></trkpt><trkpt lat="15.4451182298" lon="73.8093347847"><ele>4.94</ele><time>2025-11-17T05:08:42Z</time><extensions><gpxtpx:TrackPointExtension><gpxtpx:cad>0</gpxtpx:cad></gpxtpx:TrackPointExtension></extensions></trkpt><trkpt lat="15.4451948404" lon="73.8091632072"><ele>4.94</ele><time>2025-11-17T05:08:47Z</time><extensions><gpxtpx:TrackPointExtension><gpxtpx:cad>0</gpxtpx:cad></gpxtpx:TrackPointExtension></extensions></trkpt><trkpt lat="15.4452853650" lon="73.8090034481"><ele>4.94</ele><time>2025-11-17T05:08:52Z</time><extensions><gpxtpx:TrackPointExtension><gpxtpx:cad>0</gpxtpx:cad></gpxtpx:TrackPointExtension></extensions></trkpt><trkpt lat="15.4453721177" lon="73.8088404201"><ele>4.94</ele><time>2025-11-17T05:08:57Z</time><extensions><gpxtpx:TrackPointExtension><gpxtpx:cad>0</gpxtpx:cad></gpxtpx:TrackPointExtension></extensions></trkpt><trkpt lat="15.4454459623" lon="73.8086685911"><ele>4.94</ele><time>2025-11-17T05:09:02Z</time><extensions><gpxtpx:TrackPointExtension><gpxtpx:cad>0</gpxtpx:cad></gpxtpx:TrackPointExtension></extensions></trkpt><trkpt lat="15.4455130175" lon="73.8085005339"><ele>5.42</ele><time>2025-11-17T05:09:07Z</time><extensions><gpxtpx:TrackPointExtension><gpxtpx:cad>0</gpxtpx:cad></gpxtpx:TrackPointExtension></extensions></trkpt><trkpt lat="15.4455669131" lon="73.8083147909"><ele>5.42</ele><time>2025-11-17T05:09:12Z</time><extensions><gpxtpx:TrackPointExtension><gpxtpx:cad>0</gpxtpx:cad></gpxtpx:TrackPointExtension></extensions></trkpt><trkpt lat="15.4456243291" lon="73.8081397768"><ele>5.42</ele><time>2025-11-17T05:09:17Z</time><extensions><gpxtpx:TrackPointExtension><gpxtpx:cad>0</gpxtpx:cad></gpxtpx:TrackPointExtension></extensions></trkpt><trkpt lat="15.4456811585" lon="73.8079578895"><ele>5.42</ele><time>2025-11-17T05:09:22Z</time><extensions><gpxtpx:TrackPointExtension><gpxtpx:cad>0</gpxtpx:cad></gpxtpx:TrackPointExtension></extensions></trkpt><trkpt lat="15.4457399156" lon="73.8077793550"><ele>5.42</ele><time>2025-11-17T05:09:27Z</time><extensions><gpxtpx:TrackPointExtension><gpxtpx:cad>0</gpxtpx:cad></gpxtpx:TrackPointExtension></extensions></trkpt><trkpt lat="15.4457994271" lon="73.8076023292"><ele>4.94</ele><time>2025-11-17T05:09:32Z</time><extensions><gpxtpx:TrackPointExtension><gpxtpx:cad>0</gpxtpx:cad></gpxtpx:TrackPointExtension></extensions></trkpt><trkpt lat="15.4458618723" lon="73.8074258063"><ele>4.94</ele><time>2025-11-17T05:09:37Z</time><extensions><gpxtpx:TrackPointExtension><gpxtpx:cad>0</gpxtpx:cad></gpxtpx:TrackPointExtension></extensions></trkpt><trkpt lat="15.4459077213" lon="73.8072393928"><ele>4.46</ele><time>2025-11-17T05:09:42Z</time><extensions><gpxtpx:TrackPointExtension><gpxtpx:cad>0</gpxtpx:cad></gpxtpx:TrackPointExtension></extensions></trkpt><trkpt lat="15.4459530674" lon="73.8070551585"><ele>4.94</ele><time>2025-11-17T05:09:47Z</time><extensions><gpxtpx:TrackPointExtension><gpxtpx:cad>0</gpxtpx:cad></gpxtpx:TrackPointExtension></extensions></trkpt><trkpt lat="15.4459875170" lon="73.8068648893"><ele>4.94</ele><time>2025-11-17T05:09:52Z</time><extensions><gpxtpx:TrackPointExtension><gpxtpx:cad>0</gpxtpx:cad></gpxtpx:TrackPointExtension></extensions></trkpt><trkpt lat="15.4460176080" lon="73.8066716865"><ele>4.94</ele><time>2025-11-17T05:09:57Z</time><extensions><gpxtpx:TrackPointExtension><gpxtpx:cad>0</gpxtpx:cad></gpxtpx:TrackPointExtension></extensions></trkpt><trkpt lat="15.4460695758" lon="73.8064975943"><ele>5.42</ele><time>2025-11-17T05:10:02Z</time><extensions><gpxtpx:TrackPointExtension><gpxtpx:cad>0</gpxtpx:cad></gpxtpx:TrackPointExtension></extensions></trkpt><trkpt lat="15.4461059533" lon="73.8063065708"><ele>5.42</ele><time>2025-11-17T05:10:07Z</time><extensions><gpxtpx:TrackPointExtension><gpxtpx:cad>0</gpxtpx:cad></gpxtpx:TrackPointExtension></extensions></trkpt><trkpt lat="15.4461708292" lon="73.8061385974"><ele>5.91</ele><time>2025-11-17T05:10:12Z</time><extensions><gpxtpx:TrackPointExtension><gpxtpx:cad>0</gpxtpx:cad></gpxtpx:TrackPointExtension></extensions></trkpt><trkpt lat="15.4462661315" lon="73.8059883937"><ele>5.91</ele><time>2025-11-17T05:10:17Z</time><extensions><gpxtpx:TrackPointExtension><gpxtpx:cad>0</gpxtpx:cad></gpxtpx:TrackPointExtension></extensions></trkpt><trkpt lat="15.4463430773" lon="73.8058174029"><ele>5.91</ele><time>2025-11-17T05:10:22Z</time><extensions><gpxtpx:TrackPointExtension><gpxtpx:cad>0</gpxtpx:cad></gpxtpx:TrackPointExtension></extensions></trkpt><trkpt lat="15.4464023374" lon="73.8056444842"><ele>5.91</ele><time>2025-11-17T05:10:27Z</time><extensions><gpxtpx:TrackPointExtension><gpxtpx:cad>0</gpxtpx:cad></gpxtpx:TrackPointExtension></extensions></trkpt><trkpt lat="15.4464500304" lon="73.8054610044"><ele>5.91</ele><time>2025-11-17T05:10:32Z</time><extensions><gpxtpx:TrackPointExtension><gpxtpx:cad>0</gpxtpx:cad></gpxtpx:TrackPointExtension></extensions></trkpt><trkpt lat="15.4464847315" lon="73.8052735012"><ele>5.91</ele><time>2025-11-17T05:10:37Z</time><extensions><gpxtpx:TrackPointExtension><gpxtpx:cad>0</gpxtpx:cad></gpxtpx:TrackPointExtension></extensions></trkpt><trkpt lat="15.4465278983" lon="73.8050917815"><ele>5.91</ele><time>2025-11-17T05:10:42Z</time><extensions><gpxtpx:TrackPointExtension><gpxtpx:cad>0</gpxtpx:cad></gpxtpx:TrackPointExtension></extensions></trkpt><trkpt lat="15.4465584923" lon="73.8049011771"><ele>6.39</ele><time>2025-11-17T05:10:47Z</time><extensions><gpxtpx:TrackPointExtension><gpxtpx:cad>0</gpxtpx:cad></gpxtpx:TrackPointExtension></extensions></trkpt><trkpt lat="15.4465859849" lon="73.8047121651"><ele>6.39</ele><time>2025-11-17T05:10:52Z</time><extensions><gpxtpx:TrackPointExtension><gpxtpx:cad>0</gpxtpx:cad></gpxtpx:TrackPointExtension></extensions></trkpt><trkpt lat="15.4466112144" lon="73.8045261707"><ele>6.87</ele><time>2025-11-17T05:10:57Z</time><extensions><gpxtpx:TrackPointExtension><gpxtpx:cad>0</gpxtpx:cad></gpxtpx:TrackPointExtension></extensions></trkpt><trkpt lat="15.4466268048" lon="73.8043357339"><ele>6.87</ele><time>2025-11-17T05:11:02Z</time><extensions><gpxtpx:TrackPointExtension><gpxtpx:cad>0</gpxtpx:cad></gpxtpx:TrackPointExtension></extensions></trkpt><trkpt lat="15.4466438200" lon="73.8041475601"><ele>6.87</ele><time>2025-11-17T05:11:07Z</time><extensions><gpxtpx:TrackPointExtension><gpxtpx:cad>0</gpxtpx:cad></gpxtpx:TrackPointExtension></extensions></trkpt><trkpt lat="15.4466468375" lon="73.8039571233"><ele>6.39</ele><time>2025-11-17T05:11:12Z</time><extensions><gpxtpx:TrackPointExtension><gpxtpx:cad>0</gpxtpx:cad></gpxtpx:TrackPointExtension></extensions></trkpt><trkpt lat="15.4466595780" lon="73.8037713803"><ele>6.39</ele><time>2025-11-17T05:11:17Z</time><extensions><gpxtpx:TrackPointExtension><gpxtpx:cad>0</gpxtpx:cad></gpxtpx:TrackPointExtension></extensions></trkpt><trkpt lat="15.4466700554" lon="73.8035822008"><ele>5.91</ele><time>2025-11-17T05:11:22Z</time><extensions><gpxtpx:TrackPointExtension><gpxtpx:cad>0</gpxtpx:cad></gpxtpx:TrackPointExtension></extensions></trkpt><trkpt lat="15.4466846399" lon="73.8033938594"><ele>5.91</ele><time>2025-11-17T05:11:27Z</time><extensions><gpxtpx:TrackPointExtension><gpxtpx:cad>0</gpxtpx:cad></gpxtpx:TrackPointExtension></extensions></trkpt><trkpt lat="15.4467074387" lon="73.8032016624"><ele>6.39</ele><time>2025-11-17T05:11:32Z</time><extensions><gpxtpx:TrackPointExtension><gpxtpx:cad>0</gpxtpx:cad></gpxtpx:TrackPointExtension></extensions></trkpt><trkpt lat="15.4467330035" lon="73.8030126505"><ele>6.39</ele><time>2025-11-17T05:11:37Z</time><extensions><gpxtpx:TrackPointExtension><gpxtpx:cad>0</gpxtpx:cad></gpxtpx:TrackPointExtension></extensions></trkpt><trkpt lat="15.4467492644" lon="73.8028203696"><ele>6.39</ele><time>2025-11-17T05:11:42Z</time><extensions><gpxtpx:TrackPointExtension><gpxtpx:cad>0</gpxtpx:cad></gpxtpx:TrackPointExtension></extensions></trkpt><trkpt lat="15.4467701353" lon="73.8026347104"><ele>6.39</ele><time>2025-11-17T05:11:47Z</time><extensions><gpxtpx:TrackPointExtension><gpxtpx:cad>0</gpxtpx:cad></gpxtpx:TrackPointExtension></extensions></trkpt><trkpt lat="15.4467858095" lon="73.8024478778"><ele>6.87</ele><time>2025-11-17T05:11:52Z</time><extensions><gpxtpx:TrackPointExtension><gpxtpx:cad>0</gpxtpx:cad></gpxtpx:TrackPointExtension></extensions></trkpt><trkpt lat="15.4467985500" lon="73.8022564352"><ele>6.87</ele><time>2025-11-17T05:11:57Z</time><extensions><gpxtpx:TrackPointExtension><gpxtpx:cad>0</gpxtpx:cad></gpxtpx:TrackPointExtension></extensions></trkpt><trkpt lat="15.4468148947" lon="73.8020680100"><ele>6.87</ele><time>2025-11-17T05:12:02Z</time><extensions><gpxtpx:TrackPointExtension><gpxtpx:cad>0</gpxtpx:cad></gpxtpx:TrackPointExtension></extensions></trkpt><trkpt lat="15.4468096979" lon="73.8018737175"><ele>6.87</ele><time>2025-11-17T05:12:07Z</time><extensions><gpxtpx:TrackPointExtension><gpxtpx:cad>0</gpxtpx:cad></gpxtpx:TrackPointExtension></extensions></trkpt><trkpt lat="15.4468236957" lon="73.8016875554"><ele>6.87</ele><time>2025-11-17T05:12:12Z</time><extensions><gpxtpx:TrackPointExtension><gpxtpx:cad>0</gpxtpx:cad></gpxtpx:TrackPointExtension></extensions></trkpt><trkpt lat="15.4468399566" lon="73.8014950231"><ele>6.39</ele><time>2025-11-17T05:12:17Z</time><extensions><gpxtpx:TrackPointExtension><gpxtpx:cad>0</gpxtpx:cad></gpxtpx:TrackPointExtension></extensions></trkpt><trkpt lat="15.4468677845" lon="73.8013050891"><ele>6.39</ele><time>2025-11-17T05:12:22Z</time><extensions><gpxtpx:TrackPointExtension><gpxtpx:cad>0</gpxtpx:cad></gpxtpx:TrackPointExtension></extensions></trkpt><trkpt lat="15.4468915053" lon="73.8011163287"><ele>6.39</ele><time>2025-11-17T05:12:27Z</time><extensions><gpxtpx:TrackPointExtension><gpxtpx:cad>0</gpxtpx:cad></gpxtpx:TrackPointExtension></extensions></trkpt><trkpt lat="15.4468984623" lon="73.8009175099"><ele>6.39</ele><time>2025-11-17T05:12:32Z</time><extensions><gpxtpx:TrackPointExtension><gpxtpx:cad>0</gpxtpx:cad></gpxtpx:TrackPointExtension></extensions></trkpt><trkpt lat="15.4469024017" lon="73.8007275760"><ele>6.87</ele><time>2025-11-17T05:12:37Z</time><extensions><gpxtpx:TrackPointExtension><gpxtpx:cad>0</gpxtpx:cad></gpxtpx:TrackPointExtension></extensions></trkpt><trkpt lat="15.4469152261" lon="73.8005366363"><ele>6.87</ele><time>2025-11-17T05:12:42Z</time><extensions><gpxtpx:TrackPointExtension><gpxtpx:cad>0</gpxtpx:cad></gpxtpx:TrackPointExtension></extensions></trkpt><trkpt lat="15.4469360132" lon="73.8003487978"><ele>6.87</ele><time>2025-11-17T05:12:47Z</time><extensions><gpxtpx:TrackPointExtension><gpxtpx:cad>0</gpxtpx:cad></gpxtpx:TrackPointExtension></extensions></trkpt><trkpt lat="15.4469595663" lon="73.8001622166"><ele>6.39</ele><time>2025-11-17T05:12:52Z</time><extensions><gpxtpx:TrackPointExtension><gpxtpx:cad>0</gpxtpx:cad></gpxtpx:TrackPointExtension></extensions></trkpt><trkpt lat="15.4469765816" lon="73.7999629788"><ele>6.39</ele><time>2025-11-17T05:12:57Z</time><extensions><gpxtpx:TrackPointExtension><gpxtpx:cad>0</gpxtpx:cad></gpxtpx:TrackPointExtension></extensions></trkpt><trkpt lat="15.4470112827" lon="73.7997743860"><ele>6.39</ele><time>2025-11-17T05:13:02Z</time><extensions><gpxtpx:TrackPointExtension><gpxtpx:cad>0</gpxtpx:cad></gpxtpx:TrackPointExtension></extensions></trkpt><trkpt lat="15.4470341653" lon="73.7995803449"><ele>5.42</ele><time>2025-11-17T05:13:07Z</time><extensions><gpxtpx:TrackPointExtension><gpxtpx:cad>0</gpxtpx:cad></gpxtpx:TrackPointExtension></extensions></trkpt><trkpt lat="15.4470737278" lon="73.7993965298"><ele>5.91</ele><time>2025-11-17T05:13:12Z</time><extensions><gpxtpx:TrackPointExtension><gpxtpx:cad>0</gpxtpx:cad></gpxtpx:TrackPointExtension></extensions></trkpt><trkpt lat="15.4471034836" lon="73.7991995551"><ele>5.91</ele><time>2025-11-17T05:13:17Z</time><extensions><gpxtpx:TrackPointExtension><gpxtpx:cad>0</gpxtpx:cad></gpxtpx:TrackPointExtension></extensions></trkpt><trkpt lat="15.4471313115" lon="73.7990077771"><ele>5.42</ele><time>2025-11-17T05:13:22Z</time><extensions><gpxtpx:TrackPointExtension><gpxtpx:cad>0</gpxtpx:cad></gpxtpx:TrackPointExtension></extensions></trkpt><trkpt lat="15.4471694492" lon="73.7988154124"><ele>5.42</ele><time>2025-11-17T05:13:27Z</time><extensions><gpxtpx:TrackPointExtension><gpxtpx:cad>0</gpxtpx:cad></gpxtpx:TrackPointExtension></extensions></trkpt><trkpt lat="15.4472192377" lon="73.7986248080"><ele>4.94</ele><time>2025-11-17T05:13:32Z</time><extensions><gpxtpx:TrackPointExtension><gpxtpx:cad>0</gpxtpx:cad></gpxtpx:TrackPointExtension></extensions></trkpt><trkpt lat="15.4472742230" lon="73.7984404061"><ele>4.46</ele><time>2025-11-17T05:13:37Z</time><extensions><gpxtpx:TrackPointExtension><gpxtpx:cad>0</gpxtpx:cad></gpxtpx:TrackPointExtension></extensions></trkpt><trkpt lat="15.4473287892" lon="73.7982580159"><ele>4.46</ele><time>2025-11-17T05:13:42Z</time><extensions><gpxtpx:TrackPointExtension><gpxtpx:cad>0</gpxtpx:cad></gpxtpx:TrackPointExtension></extensions></trkpt><trkpt lat="15.4473816790" lon="73.7980705127"><ele>4.46</ele><time>2025-11-17T05:13:47Z</time><extensions><gpxtpx:TrackPointExtension><gpxtpx:cad>0</gpxtpx:cad></gpxtpx:TrackPointExtension></extensions></trkpt><trkpt lat="15.4474293720" lon="73.7978802435"><ele>3.98</ele><time>2025-11-17T05:13:52Z</time><extensions><gpxtpx:TrackPointExtension><gpxtpx:cad>0</gpxtpx:cad></gpxtpx:TrackPointExtension></extensions></trkpt><trkpt lat="15.4474712815" lon="73.7976896390"><ele>3.50</ele><time>2025-11-17T05:13:57Z</time><extensions><gpxtpx:TrackPointExtension><gpxtpx:cad>0</gpxtpx:cad></gpxtpx:TrackPointExtension></extensions></trkpt><trkpt lat="15.4475170467" lon="73.7974986155"><ele>3.02</ele><time>2025-11-17T05:14:02Z</time><extensions><gpxtpx:TrackPointExtension><gpxtpx:cad>0</gpxtpx:cad></gpxtpx:TrackPointExtension></extensions></trkpt><trkpt lat="15.4475694336" lon="73.7973149680"><ele>3.02</ele><time>2025-11-17T05:14:07Z</time><extensions><gpxtpx:TrackPointExtension><gpxtpx:cad>0</gpxtpx:cad></gpxtpx:TrackPointExtension></extensions></trkpt><trkpt lat="15.4476222396" lon="73.7971262913"><ele>3.02</ele><time>2025-11-17T05:14:12Z</time><extensions><gpxtpx:TrackPointExtension><gpxtpx:cad>0</gpxtpx:cad></gpxtpx:TrackPointExtension></extensions></trkpt><trkpt lat="15.4476893786" lon="73.7969455775"><ele>3.50</ele><time>2025-11-17T05:14:17Z</time><extensions><gpxtpx:TrackPointExtension><gpxtpx:cad>0</gpxtpx:cad></gpxtpx:TrackPointExtension></extensions></trkpt><trkpt lat="15.4477269296" lon="73.7967487704"><ele>3.98</ele><time>2025-11-17T05:14:22Z</time><extensions><gpxtpx:TrackPointExtension><gpxtpx:cad>0</gpxtpx:cad></gpxtpx:TrackPointExtension></extensions></trkpt><trkpt lat="15.4477603734" lon="73.7965570763"><ele>4.46</ele><time>2025-11-17T05:14:27Z</time><extensions><gpxtpx:TrackPointExtension><gpxtpx:cad>0</gpxtpx:cad></gpxtpx:TrackPointExtension></extensions></trkpt><trkpt lat="15.4478014447" lon="73.7963658012"><ele>4.94</ele><time>2025-11-17T05:14:32Z</time><extensions><gpxtpx:TrackPointExtension><gpxtpx:cad>0</gpxtpx:cad></gpxtpx:TrackPointExtension></extensions></trkpt><trkpt lat="15.4478477128" lon="73.7961813156"><ele>4.94</ele><time>2025-11-17T05:14:37Z</time><extensions><gpxtpx:TrackPointExtension><gpxtpx:cad>0</gpxtpx:cad></gpxtpx:TrackPointExtension></extensions></trkpt><trkpt lat="15.4478977527" lon="73.7959898729"><ele>4.94</ele><time>2025-11-17T05:14:42Z</time><extensions><gpxtpx:TrackPointExtension><gpxtpx:cad>0</gpxtpx:cad></gpxtpx:TrackPointExtension></extensions></trkpt><trkpt lat="15.4479422607" lon="73.7958000228"><ele>4.46</ele><time>2025-11-17T05:14:47Z</time><extensions><gpxtpx:TrackPointExtension><gpxtpx:cad>0</gpxtpx:cad></gpxtpx:TrackPointExtension></extensions></trkpt><trkpt lat="15.4480021074" lon="73.7956188899"><ele>4.46</ele><time>2025-11-17T05:14:52Z</time><extensions><gpxtpx:TrackPointExtension><gpxtpx:cad>0</gpxtpx:cad></gpxtpx:TrackPointExtension></extensions></trkpt><trkpt lat="15.4480452742" lon="73.7954298779"><ele>4.46</ele><time>2025-11-17T05:14:57Z</time><extensions><gpxtpx:TrackPointExtension><gpxtpx:cad>0</gpxtpx:cad></gpxtpx:TrackPointExtension></extensions></trkpt><trkpt lat="15.4480856750" lon="73.7952384353"><ele>4.46</ele><time>2025-11-17T05:15:02Z</time><extensions><gpxtpx:TrackPointExtension><gpxtpx:cad>0</gpxtpx:cad></gpxtpx:TrackPointExtension></extensions></trkpt><trkpt lat="15.4481451027" lon="73.7950521894"><ele>4.46</ele><time>2025-11-17T05:15:07Z</time><extensions><gpxtpx:TrackPointExtension><gpxtpx:cad>0</gpxtpx:cad></gpxtpx:TrackPointExtension></extensions></trkpt><trkpt lat="15.4481890239" lon="73.7948551308"><ele>3.98</ele><time>2025-11-17T05:15:12Z</time><extensions><gpxtpx:TrackPointExtension><gpxtpx:cad>0</gpxtpx:cad></gpxtpx:TrackPointExtension></extensions></trkpt><trkpt lat="15.4482437577" lon="73.7946724053"><ele>4.46</ele><time>2025-11-17T05:15:17Z</time><extensions><gpxtpx:TrackPointExtension><gpxtpx:cad>0</gpxtpx:cad></gpxtpx:TrackPointExtension></extensions></trkpt><trkpt lat="15.4482850805" lon="73.7944760174"><ele>4.46</ele><time>2025-11-17T05:15:22Z</time><extensions><gpxtpx:TrackPointExtension><gpxtpx:cad>0</gpxtpx:cad></gpxtpx:TrackPointExtension></extensions></trkpt><trkpt lat="15.4483429994" lon="73.7942912802"><ele>4.94</ele><time>2025-11-17T05:15:27Z</time><extensions><gpxtpx:TrackPointExtension><gpxtpx:cad>0</gpxtpx:cad></gpxtpx:TrackPointExtension></extensions></trkpt><trkpt lat="15.4484098032" lon="73.7941119075"><ele>4.94</ele><time>2025-11-17T05:15:32Z</time><extensions><gpxtpx:TrackPointExtension><gpxtpx:cad>0</gpxtpx:cad></gpxtpx:TrackPointExtension></extensions></trkpt><trkpt lat="15.4484610166" lon="73.7939216383"><ele>4.94</ele><time>2025-11-17T05:15:37Z</time><extensions><gpxtpx:TrackPointExtension><gpxtpx:cad>0</gpxtpx:cad></gpxtpx:TrackPointExtension></extensions></trkpt><trkpt lat="15.4485243000" lon="73.7937413435"><ele>4.46</ele><time>2025-11-17T05:15:42Z</time><extensions><gpxtpx:TrackPointExtension><gpxtpx:cad>0</gpxtpx:cad></gpxtpx:TrackPointExtension></extensions></trkpt><trkpt lat="15.4485629406" lon="73.7935478054"><ele>4.46</ele><time>2025-11-17T05:15:47Z</time><extensions><gpxtpx:TrackPointExtension><gpxtpx:cad>0</gpxtpx:cad></gpxtpx:TrackPointExtension></extensions></trkpt><trkpt lat="15.4486387130" lon="73.7933696900"><ele>4.94</ele><time>2025-11-17T05:15:52Z</time><extensions><gpxtpx:TrackPointExtension><gpxtpx:cad>0</gpxtpx:cad></gpxtpx:TrackPointExtension></extensions></trkpt><trkpt lat="15.4487447441" lon="73.7932147086"><ele>4.46</ele><time>2025-11-17T05:15:57Z</time><extensions><gpxtpx:TrackPointExtension><gpxtpx:cad>0</gpxtpx:cad></gpxtpx:TrackPointExtension></extensions></trkpt><trkpt lat="15.4488679580" lon="73.7930805981"><ele>4.46</ele><time>2025-11-17T05:16:02Z</time><extensions><gpxtpx:TrackPointExtension><gpxtpx:cad>0</gpxtpx:cad></gpxtpx:TrackPointExtension></extensions></trkpt><trkpt lat="15.4490156472" lon="73.7929637544"><ele>4.94</ele><time>2025-11-17T05:16:07Z</time><extensions><gpxtpx:TrackPointExtension><gpxtpx:cad>0</gpxtpx:cad></gpxtpx:TrackPointExtension></extensions></trkpt><trkpt lat="15.4491524398" lon="73.7928363495"><ele>4.46</ele><time>2025-11-17T05:16:12Z</time><extensions><gpxtpx:TrackPointExtension><gpxtpx:cad>0</gpxtpx:cad></gpxtpx:TrackPointExtension></extensions></trkpt><trkpt lat="15.4492458981" lon="73.7926740758"><ele>3.98</ele><time>2025-11-17T05:16:17Z</time><extensions><gpxtpx:TrackPointExtension><gpxtpx:cad>0</gpxtpx:cad></gpxtpx:TrackPointExtension></extensions></trkpt><trkpt lat="15.4493277892" lon="73.7925018277"><ele>4.46</ele><time>2025-11-17T05:16:22Z</time><extensions><gpxtpx:TrackPointExtension><gpxtpx:cad>0</gpxtpx:cad></gpxtpx:TrackPointExtension></extensions></trkpt><trkpt lat="15.4494162183" lon="73.7923331838"><ele>3.98</ele><time>2025-11-17T05:16:27Z</time><extensions><gpxtpx:TrackPointExtension><gpxtpx:cad>0</gpxtpx:cad></gpxtpx:TrackPointExtension></extensions></trkpt><trkpt lat="15.4494897276" lon="73.7921530567"><ele>3.98</ele><time>2025-11-17T05:16:32Z</time><extensions><gpxtpx:TrackPointExtension><gpxtpx:cad>0</gpxtpx:cad></gpxtpx:TrackPointExtension></extensions></trkpt><trkpt lat="15.4495665058" lon="73.7919779588"><ele>3.98</ele><time>2025-11-17T05:16:37Z</time><extensions><gpxtpx:TrackPointExtension><gpxtpx:cad>0</gpxtpx:cad></gpxtpx:TrackPointExtension></extensions></trkpt><trkpt lat="15.4496557731" lon="73.7918069679"><ele>3.98</ele><time>2025-11-17T05:16:42Z</time><extensions><gpxtpx:TrackPointExtension><gpxtpx:cad>0</gpxtpx:cad></gpxtpx:TrackPointExtension></extensions></trkpt><trkpt lat="15.4497348983" lon="73.7916337978"><ele>3.98</ele><time>2025-11-17T05:16:47Z</time><extensions><gpxtpx:TrackPointExtension><gpxtpx:cad>0</gpxtpx:cad></gpxtpx:TrackPointExtension></extensions></trkpt><trkpt lat="15.4498220701" lon="73.7914664112"><ele>3.98</ele><time>2025-11-17T05:16:52Z</time><extensions><gpxtpx:TrackPointExtension><gpxtpx:cad>0</gpxtpx:cad></gpxtpx:TrackPointExtension></extensions></trkpt><trkpt lat="15.4499044642" lon="73.7912976835"><ele>3.98</ele><time>2025-11-17T05:16:57Z</time><extensions><gpxtpx:TrackPointExtension><gpxtpx:cad>0</gpxtpx:cad></gpxtpx:TrackPointExtension></extensions></trkpt><trkpt lat="15.4499790631" lon="73.7911234237"><ele>3.98</ele><time>2025-11-17T05:17:02Z</time><extensions><gpxtpx:TrackPointExtension><gpxtpx:cad>0</gpxtpx:cad></gpxtpx:TrackPointExtension></extensions></trkpt><trkpt lat="15.4500562605" lon="73.7909492478"><ele>3.98</ele><time>2025-11-17T05:17:07Z</time><extensions><gpxtpx:TrackPointExtension><gpxtpx:cad>0</gpxtpx:cad></gpxtpx:TrackPointExtension></extensions></trkpt><trkpt lat="15.4501424264" lon="73.7907798495"><ele>3.98</ele><time>2025-11-17T05:17:12Z</time><extensions><gpxtpx:TrackPointExtension><gpxtpx:cad>0</gpxtpx:cad></gpxtpx:TrackPointExtension></extensions></trkpt><trkpt lat="15.4502210487" lon="73.7906038295"><ele>3.50</ele><time>2025-11-17T05:17:17Z</time><extensions><gpxtpx:TrackPointExtension><gpxtpx:cad>0</gpxtpx:cad></gpxtpx:TrackPointExtension></extensions></trkpt><trkpt lat="15.4503082205" lon="73.7904377002"><ele>3.50</ele><time>2025-11-17T05:17:22Z</time><extensions><gpxtpx:TrackPointExtension><gpxtpx:cad>0</gpxtpx:cad></gpxtpx:TrackPointExtension></extensions></trkpt><trkpt lat="15.4504108150" lon="73.7902719062"><ele>3.98</ele><time>2025-11-17T05:17:27Z</time><extensions><gpxtpx:TrackPointExtension><gpxtpx:cad>0</gpxtpx:cad></gpxtpx:TrackPointExtension></extensions></trkpt><trkpt lat="15.4504979867" lon="73.7901034299"><ele>3.50</ele><time>2025-11-17T05:17:32Z</time><extensions><gpxtpx:TrackPointExtension><gpxtpx:cad>0</gpxtpx:cad></gpxtpx:TrackPointExtension></extensions></trkpt><trkpt lat="15.4505877569" lon="73.7899404857"><ele>3.50</ele><time>2025-11-17T05:17:37Z</time><extensions><gpxtpx:TrackPointExtension><gpxtpx:cad>0</gpxtpx:cad></gpxtpx:TrackPointExtension></extensions></trkpt><trkpt lat="15.4506763536" lon="73.7897702493"><ele>3.02</ele><time>2025-11-17T05:17:42Z</time><extensions><gpxtpx:TrackPointExtension><gpxtpx:cad>0</gpxtpx:cad></gpxtpx:TrackPointExtension></extensions></trkpt><trkpt lat="15.4507714882" lon="73.7896051258"><ele>3.50</ele><time>2025-11-17T05:17:47Z</time><extensions><gpxtpx:TrackPointExtension><gpxtpx:cad>0</gpxtpx:cad></gpxtpx:TrackPointExtension></extensions></trkpt><trkpt lat="15.4508780222" lon="73.7894479651"><ele>3.50</ele><time>2025-11-17T05:17:52Z</time><extensions><gpxtpx:TrackPointExtension><gpxtpx:cad>0</gpxtpx:cad></gpxtpx:TrackPointExtension></extensions></trkpt><trkpt lat="15.4509840533" lon="73.7892947439"><ele>3.98</ele><time>2025-11-17T05:17:57Z</time><extensions><gpxtpx:TrackPointExtension><gpxtpx:cad>0</gpxtpx:cad></gpxtpx:TrackPointExtension></extensions></trkpt><trkpt lat="15.4510971252" lon="73.7891415227"><ele>3.50</ele><time>2025-11-17T05:18:02Z</time><extensions><gpxtpx:TrackPointExtension><gpxtpx:cad>0</gpxtpx:cad></gpxtpx:TrackPointExtension></extensions></trkpt><trkpt lat="15.4512037430" lon="73.7889822666"><ele>3.50</ele><time>2025-11-17T05:18:07Z</time><extensions><gpxtpx:TrackPointExtension><gpxtpx:cad>0</gpxtpx:cad></gpxtpx:TrackPointExtension></extensions></trkpt><trkpt lat="15.4512988776" lon="73.7888177298"><ele>3.50</ele><time>2025-11-17T05:18:12Z</time><extensions><gpxtpx:TrackPointExtension><gpxtpx:cad>0</gpxtpx:cad></gpxtpx:TrackPointExtension></extensions></trkpt><trkpt lat="15.4513949342" lon="73.7886562943"><ele>3.02</ele><time>2025-11-17T05:18:17Z</time><extensions><gpxtpx:TrackPointExtension><gpxtpx:cad>0</gpxtpx:cad></gpxtpx:TrackPointExtension></extensions></trkpt><trkpt lat="15.4514976963" lon="73.7885022350"><ele>2.54</ele><time>2025-11-17T05:18:22Z</time><extensions><gpxtpx:TrackPointExtension><gpxtpx:cad>0</gpxtpx:cad></gpxtpx:TrackPointExtension></extensions></trkpt><trkpt lat="15.4516047332" lon="73.7883506063"><ele>3.02</ele><time>2025-11-17T05:18:27Z</time><extensions><gpxtpx:TrackPointExtension><gpxtpx:cad>0</gpxtpx:cad></gpxtpx:TrackPointExtension></extensions></trkpt><trkpt lat="15.4516984429" lon="73.7881802022"><ele>3.02</ele><time>2025-11-17T05:18:32Z</time><extensions><gpxtpx:TrackPointExtension><gpxtpx:cad>0</gpxtpx:cad></gpxtpx:TrackPointExtension></extensions></trkpt><trkpt lat="15.4517997801" lon="73.7880227063"><ele>3.50</ele><time>2025-11-17T05:18:37Z</time><extensions><gpxtpx:TrackPointExtension><gpxtpx:cad>0</gpxtpx:cad></gpxtpx:TrackPointExtension></extensions></trkpt><trkpt lat="15.4519048054" lon="73.7878666352"><ele>3.50</ele><time>2025-11-17T05:18:42Z</time><extensions><gpxtpx:TrackPointExtension><gpxtpx:cad>0</gpxtpx:cad></gpxtpx:TrackPointExtension></extensions></trkpt><trkpt lat="15.4520036280" lon="73.7877070438"><ele>3.50</ele><time>2025-11-17T05:18:47Z</time><extensions><gpxtpx:TrackPointExtension><gpxtpx:cad>0</gpxtpx:cad></gpxtpx:TrackPointExtension></extensions></trkpt><trkpt lat="15.4521108326" lon="73.7875477877"><ele>3.50</ele><time>2025-11-17T05:18:52Z</time><extensions><gpxtpx:TrackPointExtension><gpxtpx:cad>0</gpxtpx:cad></gpxtpx:TrackPointExtension></extensions></trkpt><trkpt lat="15.4522290174" lon="73.7873990089"><ele>3.50</ele><time>2025-11-17T05:18:57Z</time><extensions><gpxtpx:TrackPointExtension><gpxtpx:cad>0</gpxtpx:cad></gpxtpx:TrackPointExtension></extensions></trkpt><trkpt lat="15.4523528181" lon="73.7872571032"><ele>3.02</ele><time>2025-11-17T05:19:02Z</time><extensions><gpxtpx:TrackPointExtension><gpxtpx:cad>0</gpxtpx:cad></gpxtpx:TrackPointExtension></extensions></trkpt><trkpt lat="15.4524749424" lon="73.7871198915"><ele>3.02</ele><time>2025-11-17T05:19:07Z</time><extensions><gpxtpx:TrackPointExtension><gpxtpx:cad>0</gpxtpx:cad></gpxtpx:TrackPointExtension></extensions></trkpt><trkpt lat="15.4525926244" lon="73.7869702745"><ele>3.02</ele><time>2025-11-17T05:19:12Z</time><extensions><gpxtpx:TrackPointExtension><gpxtpx:cad>0</gpxtpx:cad></gpxtpx:TrackPointExtension></extensions></trkpt><trkpt lat="15.4527178500" lon="73.7868313026"><ele>2.54</ele><time>2025-11-17T05:19:17Z</time><extensions><gpxtpx:TrackPointExtension><gpxtpx:cad>0</gpxtpx:cad></gpxtpx:TrackPointExtension></extensions></trkpt><trkpt lat="15.4528325144" lon="73.7866852060"><ele>2.06</ele><time>2025-11-17T05:19:22Z</time><extensions><gpxtpx:TrackPointExtension><gpxtpx:cad>0</gpxtpx:cad></gpxtpx:TrackPointExtension></extensions></trkpt><trkpt lat="15.4529491067" lon="73.7865384389"><ele>2.54</ele><time>2025-11-17T05:19:27Z</time><extensions><gpxtpx:TrackPointExtension><gpxtpx:cad>0</gpxtpx:cad></gpxtpx:TrackPointExtension></extensions></trkpt><trkpt lat="15.4530714825" lon="73.7863956112"><ele>3.02</ele><time>2025-11-17T05:19:32Z</time><extensions><gpxtpx:TrackPointExtension><gpxtpx:cad>0</gpxtpx:cad></gpxtpx:TrackPointExtension></extensions></trkpt><trkpt lat="15.4531823751" lon="73.7862402946"><ele>3.02</ele><time>2025-11-17T05:19:37Z</time><extensions><gpxtpx:TrackPointExtension><gpxtpx:cad>0</gpxtpx:cad></gpxtpx:TrackPointExtension></extensions></trkpt><trkpt lat="15.4532902502" lon="73.7860882469"><ele>3.02</ele><time>2025-11-17T05:19:42Z</time><extensions><gpxtpx:TrackPointExtension><gpxtpx:cad>0</gpxtpx:cad></gpxtpx:TrackPointExtension></extensions></trkpt><trkpt lat="15.4534075968" lon="73.7859471794"><ele>3.02</ele><time>2025-11-17T05:19:47Z</time><extensions><gpxtpx:TrackPointExtension><gpxtpx:cad>0</gpxtpx:cad></gpxtpx:TrackPointExtension></extensions></trkpt><trkpt lat="15.4535230156" lon="73.7857936230"><ele>3.02</ele><time>2025-11-17T05:19:52Z</time><extensions><gpxtpx:TrackPointExtension><gpxtpx:cad>0</gpxtpx:cad></gpxtpx:TrackPointExtension></extensions></trkpt><trkpt lat="15.4536204133" lon="73.7856304273"><ele>3.02</ele><time>2025-11-17T05:19:57Z</time><extensions><gpxtpx:TrackPointExtension><gpxtpx:cad>0</gpxtpx:cad></gpxtpx:TrackPointExtension></extensions></trkpt><trkpt lat="15.4537121113" lon="73.7854642142"><ele>3.02</ele><time>2025-11-17T05:20:02Z</time><extensions><gpxtpx:TrackPointExtension><gpxtpx:cad>0</gpxtpx:cad></gpxtpx:TrackPointExtension></extensions></trkpt><trkpt lat="15.4537955951" lon="73.7852954026"><ele>3.02</ele><time>2025-11-17T05:20:07Z</time><extensions><gpxtpx:TrackPointExtension><gpxtpx:cad>0</gpxtpx:cad></gpxtpx:TrackPointExtension></extensions></trkpt><trkpt lat="15.4538691044" lon="73.7851230707"><ele>2.54</ele><time>2025-11-17T05:20:12Z</time><extensions><gpxtpx:TrackPointExtension><gpxtpx:cad>0</gpxtpx:cad></gpxtpx:TrackPointExtension></extensions></trkpt><trkpt lat="15.4539711960" lon="73.7849693466"><ele>2.06</ele><time>2025-11-17T05:20:17Z</time><extensions><gpxtpx:TrackPointExtension><gpxtpx:cad>0</gpxtpx:cad></gpxtpx:TrackPointExtension></extensions></trkpt><trkpt lat="15.4541070666" lon="73.7848397624"><ele>2.54</ele><time>2025-11-17T05:20:22Z</time><extensions><gpxtpx:TrackPointExtension><gpxtpx:cad>0</gpxtpx:cad></gpxtpx:TrackPointExtension></extensions></trkpt><trkpt lat="15.4542356450" lon="73.7847041432"><ele>2.54</ele><time>2025-11-17T05:20:27Z</time><extensions><gpxtpx:TrackPointExtension><gpxtpx:cad>0</gpxtpx:cad></gpxtpx:TrackPointExtension></extensions></trkpt><trkpt lat="15.4543514829" lon="73.7845549453"><ele>2.54</ele><time>2025-11-17T05:20:32Z</time><extensions><gpxtpx:TrackPointExtension><gpxtpx:cad>0</gpxtpx:cad></gpxtpx:TrackPointExtension></extensions></trkpt><trkpt lat="15.4544703383" lon="73.7844062503"><ele>2.54</ele><time>2025-11-17T05:20:37Z</time><extensions><gpxtpx:TrackPointExtension><gpxtpx:cad>0</gpxtpx:cad></gpxtpx:TrackPointExtension></extensions></trkpt><trkpt lat="15.4546020180" lon="73.7842737325"><ele>2.06</ele><time>2025-11-17T05:20:42Z</time><extensions><gpxtpx:TrackPointExtension><gpxtpx:cad>0</gpxtpx:cad></gpxtpx:TrackPointExtension></extensions></trkpt><trkpt lat="15.4547382239" lon="73.7841416337"><ele>2.54</ele><time>2025-11-17T05:20:47Z</time><extensions><gpxtpx:TrackPointExtension><gpxtpx:cad>0</gpxtpx:cad></gpxtpx:TrackPointExtension></extensions></trkpt><trkpt lat="15.4548620246" lon="73.7840015721"><ele>2.54</ele><time>2025-11-17T05:20:52Z</time><extensions><gpxtpx:TrackPointExtension><gpxtpx:cad>0</gpxtpx:cad></gpxtpx:TrackPointExtension></extensions></trkpt><trkpt lat="15.4550022539" lon="73.7838845607"><ele>2.54</ele><time>2025-11-17T05:20:57Z</time><extensions><gpxtpx:TrackPointExtension><gpxtpx:cad>0</gpxtpx:cad></gpxtpx:TrackPointExtension></extensions></trkpt><trkpt lat="15.4551433213" lon="73.7837719917"><ele>2.54</ele><time>2025-11-17T05:21:02Z</time><extensions><gpxtpx:TrackPointExtension><gpxtpx:cad>0</gpxtpx:cad></gpxtpx:TrackPointExtension></extensions></trkpt><trkpt lat="15.4552811198" lon="73.7836437486"><ele>2.54</ele><time>2025-11-17T05:21:07Z</time><extensions><gpxtpx:TrackPointExtension><gpxtpx:cad>0</gpxtpx:cad></gpxtpx:TrackPointExtension></extensions></trkpt><trkpt lat="15.4554278869" lon="73.7835251447"><ele>3.02</ele><time>2025-11-17T05:21:12Z</time><extensions><gpxtpx:TrackPointExtension><gpxtpx:cad>0</gpxtpx:cad></gpxtpx:TrackPointExtension></extensions></trkpt><trkpt lat="15.4555744026" lon="73.7834109832"><ele>2.54</ele><time>2025-11-17T05:21:17Z</time><extensions><gpxtpx:TrackPointExtension><gpxtpx:cad>0</gpxtpx:cad></gpxtpx:TrackPointExtension></extensions></trkpt><trkpt lat="15.4557157215" lon="73.7832890265"><ele>1.58</ele><time>2025-11-17T05:21:22Z</time><extensions><gpxtpx:TrackPointExtension><gpxtpx:cad>0</gpxtpx:cad></gpxtpx:TrackPointExtension></extensions></trkpt><trkpt lat="15.4558594711" lon="73.7831779663"><ele>1.10</ele><time>2025-11-17T05:21:27Z</time><extensions><gpxtpx:TrackPointExtension><gpxtpx:cad>0</gpxtpx:cad></gpxtpx:TrackPointExtension></extensions></trkpt><trkpt lat="15.4560069926" lon="73.7830634695"><ele>1.58</ele><time>2025-11-17T05:21:32Z</time><extensions><gpxtpx:TrackPointExtension><gpxtpx:cad>0</gpxtpx:cad></gpxtpx:TrackPointExtension></extensions></trkpt><trkpt lat="15.4561411031" lon="73.7829452846"><ele>1.58</ele><time>2025-11-17T05:21:37Z</time><extensions><gpxtpx:TrackPointExtension><gpxtpx:cad>0</gpxtpx:cad></gpxtpx:TrackPointExtension></extensions></trkpt><trkpt lat="15.4562900495" lon="73.7828381639"><ele>1.58</ele><time>2025-11-17T05:21:42Z</time><extensions><gpxtpx:TrackPointExtension><gpxtpx:cad>0</gpxtpx:cad></gpxtpx:TrackPointExtension></extensions></trkpt><trkpt lat="15.4564242437" lon="73.7827374972"><ele>1.58</ele><time>2025-11-17T05:21:47Z</time><extensions><gpxtpx:TrackPointExtension><gpxtpx:cad>0</gpxtpx:cad></gpxtpx:TrackPointExtension></extensions></trkpt><trkpt lat="15.4565657303" lon="73.7826321367"><ele>1.10</ele><time>2025-11-17T05:21:52Z</time><extensions><gpxtpx:TrackPointExtension><gpxtpx:cad>0</gpxtpx:cad></gpxtpx:TrackPointExtension></extensions></trkpt><trkpt lat="15.4567234777" lon="73.7825427856"><ele>1.10</ele><time>2025-11-17T05:21:57Z</time><extensions><gpxtpx:TrackPointExtension><gpxtpx:cad>0</gpxtpx:cad></gpxtpx:TrackPointExtension></extensions></trkpt><trkpt lat="15.4568834044" lon="73.7824513391"><ele>2.06</ele><time>2025-11-17T05:22:02Z</time><extensions><gpxtpx:TrackPointExtension><gpxtpx:cad>0</gpxtpx:cad></gpxtpx:TrackPointExtension></extensions></trkpt><trkpt lat="15.4570369609" lon="73.7823538575"><ele>2.06</ele><time>2025-11-17T05:22:07Z</time><extensions><gpxtpx:TrackPointExtension><gpxtpx:cad>0</gpxtpx:cad></gpxtpx:TrackPointExtension></extensions></trkpt><trkpt lat="15.4571911041" lon="73.7822681107"><ele>2.54</ele><time>2025-11-17T05:22:12Z</time><extensions><gpxtpx:TrackPointExtension><gpxtpx:cad>0</gpxtpx:cad></gpxtpx:TrackPointExtension></extensions></trkpt><trkpt lat="15.4573589936" lon="73.7821899913"><ele>2.54</ele><time>2025-11-17T05:22:17Z</time><extensions><gpxtpx:TrackPointExtension><gpxtpx:cad>0</gpxtpx:cad></gpxtpx:TrackPointExtension></extensions></trkpt><trkpt lat="15.4575132206" lon="73.7821105309"><ele>2.54</ele><time>2025-11-17T05:22:22Z</time><extensions><gpxtpx:TrackPointExtension><gpxtpx:cad>0</gpxtpx:cad></gpxtpx:TrackPointExtension></extensions></trkpt><trkpt lat="15.4576675314" lon="73.7820216827"><ele>2.54</ele><time>2025-11-17T05:22:27Z</time><extensions><gpxtpx:TrackPointExtension><gpxtpx:cad>0</gpxtpx:cad></gpxtpx:TrackPointExtension></extensions></trkpt><trkpt lat="15.4578190763" lon="73.7819213513"><ele>2.54</ele><time>2025-11-17T05:22:32Z</time><extensions><gpxtpx:TrackPointExtension><gpxtpx:cad>0</gpxtpx:cad></gpxtpx:TrackPointExtension></extensions></trkpt><trkpt lat="15.4579647537" lon="73.7818094529"><ele>2.54</ele><time>2025-11-17T05:22:37Z</time><extensions><gpxtpx:TrackPointExtension><gpxtpx:cad>0</gpxtpx:cad></gpxtpx:TrackPointExtension></extensions></trkpt><trkpt lat="15.4580788314" lon="73.7816768512"><ele>2.06</ele><time>2025-11-17T05:22:42Z</time><extensions><gpxtpx:TrackPointExtension><gpxtpx:cad>0</gpxtpx:cad></gpxtpx:TrackPointExtension></extensions></trkpt><trkpt lat="15.4581794143" lon="73.7815248035"><ele>2.06</ele><time>2025-11-17T05:22:47Z</time><extensions><gpxtpx:TrackPointExtension><gpxtpx:cad>0</gpxtpx:cad></gpxtpx:TrackPointExtension></extensions></trkpt><trkpt lat="15.4582996108" lon="73.7813882623"><ele>2.06</ele><time>2025-11-17T05:22:52Z</time><extensions><gpxtpx:TrackPointExtension><gpxtpx:cad>0</gpxtpx:cad></gpxtpx:TrackPointExtension></extensions></trkpt><trkpt lat="15.4584254231" lon="73.7812537327"><ele>2.06</ele><time>2025-11-17T05:22:57Z</time><extensions><gpxtpx:TrackPointExtension><gpxtpx:cad>0</gpxtpx:cad></gpxtpx:TrackPointExtension></extensions></trkpt><trkpt lat="15.4585415125" lon="73.7811202090"><ele>2.06</ele><time>2025-11-17T05:23:02Z</time><extensions><gpxtpx:TrackPointExtension><gpxtpx:cad>0</gpxtpx:cad></gpxtpx:TrackPointExtension></extensions></trkpt><trkpt lat="15.4586757068" lon="73.7810168602"><ele>2.54</ele><time>2025-11-17T05:23:07Z</time><extensions><gpxtpx:TrackPointExtension><gpxtpx:cad>0</gpxtpx:cad></gpxtpx:TrackPointExtension></extensions></trkpt><trkpt lat="15.4588230606" lon="73.7809260003"><ele>2.06</ele><time>2025-11-17T05:23:12Z</time><extensions><gpxtpx:TrackPointExtension><gpxtpx:cad>0</gpxtpx:cad></gpxtpx:TrackPointExtension></extensions></trkpt><trkpt lat="15.4589622002" lon="73.7808220647"><ele>2.06</ele><time>2025-11-17T05:23:17Z</time><extensions><gpxtpx:TrackPointExtension><gpxtpx:cad>0</gpxtpx:cad></gpxtpx:TrackPointExtension></extensions></trkpt><trkpt lat="15.4591005854" lon="73.7807244156"><ele>1.58</ele><time>2025-11-17T05:23:22Z</time><extensions><gpxtpx:TrackPointExtension><gpxtpx:cad>0</gpxtpx:cad></gpxtpx:TrackPointExtension></extensions></trkpt><trkpt lat="15.4592486098" lon="73.7806261797"><ele>1.58</ele><time>2025-11-17T05:23:27Z</time><extensions><gpxtpx:TrackPointExtension><gpxtpx:cad>0</gpxtpx:cad></gpxtpx:TrackPointExtension></extensions></trkpt><trkpt lat="15.4593825527" lon="73.7805255968"><ele>1.10</ele><time>2025-11-17T05:23:32Z</time><extensions><gpxtpx:TrackPointExtension><gpxtpx:cad>0</gpxtpx:cad></gpxtpx:TrackPointExtension></extensions></trkpt><trkpt lat="15.4595187586" lon="73.7804282829"><ele>1.58</ele><time>2025-11-17T05:23:37Z</time><extensions><gpxtpx:TrackPointExtension><gpxtpx:cad>0</gpxtpx:cad></gpxtpx:TrackPointExtension></extensions></trkpt><trkpt lat="15.4596741591" lon="73.7803416979"><ele>2.06</ele><time>2025-11-17T05:23:42Z</time><extensions><gpxtpx:TrackPointExtension><gpxtpx:cad>0</gpxtpx:cad></gpxtpx:TrackPointExtension></extensions></trkpt><trkpt lat="15.4598278832" lon="73.7802644167"><ele>2.06</ele><time>2025-11-17T05:23:47Z</time><extensions><gpxtpx:TrackPointExtension><gpxtpx:cad>0</gpxtpx:cad></gpxtpx:TrackPointExtension></extensions></trkpt><trkpt lat="15.4599833675" lon="73.7802069169"><ele>2.06</ele><time>2025-11-17T05:23:52Z</time><extensions><gpxtpx:TrackPointExtension><gpxtpx:cad>0</gpxtpx:cad></gpxtpx:TrackPointExtension></extensions></trkpt><trkpt lat="15.4601415340" lon="73.7801677734"><ele>2.54</ele><time>2025-11-17T05:23:57Z</time><extensions><gpxtpx:TrackPointExtension><gpxtpx:cad>0</gpxtpx:cad></gpxtpx:TrackPointExtension></extensions></trkpt><trkpt lat="15.4603048973" lon="73.7801416218"><ele>2.54</ele><time>2025-11-17T05:24:02Z</time><extensions><gpxtpx:TrackPointExtension><gpxtpx:cad>0</gpxtpx:cad></gpxtpx:TrackPointExtension></extensions></trkpt><trkpt lat="15.4604756366" lon="73.7801198289"><ele>3.02</ele><time>2025-11-17T05:24:07Z</time><extensions><gpxtpx:TrackPointExtension><gpxtpx:cad>0</gpxtpx:cad></gpxtpx:TrackPointExtension></extensions></trkpt><trkpt lat="15.4606477171" lon="73.7801023107"><ele>3.02</ele><time>2025-11-17T05:24:12Z</time><extensions><gpxtpx:TrackPointExtension><gpxtpx:cad>0</gpxtpx:cad></gpxtpx:TrackPointExtension></extensions></trkpt><trkpt lat="15.4608219769" lon="73.7800859660"><ele>2.54</ele><time>2025-11-17T05:24:17Z</time><extensions><gpxtpx:TrackPointExtension><gpxtpx:cad>0</gpxtpx:cad></gpxtpx:TrackPointExtension></extensions></trkpt><trkpt lat="15.4609748628" lon="73.7800838705"><ele>2.54</ele><time>2025-11-17T05:24:22Z</time><extensions><gpxtpx:TrackPointExtension><gpxtpx:cad>0</gpxtpx:cad></gpxtpx:TrackPointExtension></extensions></trkpt><trkpt lat="15.4611361306" lon="73.7800907437"><ele>2.54</ele><time>2025-11-17T05:24:27Z</time><extensions><gpxtpx:TrackPointExtension><gpxtpx:cad>0</gpxtpx:cad></gpxtpx:TrackPointExtension></extensions></trkpt><trkpt lat="15.4613114800" lon="73.7800905760"><ele>2.54</ele><time>2025-11-17T05:24:32Z</time><extensions><gpxtpx:TrackPointExtension><gpxtpx:cad>0</gpxtpx:cad></gpxtpx:TrackPointExtension></extensions></trkpt><trkpt lat="15.4614916909" lon="73.7801004667"><ele>2.54</ele><time>2025-11-17T05:24:37Z</time><extensions><gpxtpx:TrackPointExtension><gpxtpx:cad>0</gpxtpx:cad></gpxtpx:TrackPointExtension></extensions></trkpt><trkpt lat="15.4616441578" lon="73.7801151350"><ele>2.06</ele><time>2025-11-17T05:24:42Z</time><extensions><gpxtpx:TrackPointExtension><gpxtpx:cad>0</gpxtpx:cad></gpxtpx:TrackPointExtension></extensions></trkpt><trkpt lat="15.4617935233" lon="73.7800961919"><ele>2.06</ele><time>2025-11-17T05:24:47Z</time><extensions><gpxtpx:TrackPointExtension><gpxtpx:cad>0</gpxtpx:cad></gpxtpx:TrackPointExtension></extensions></trkpt><trkpt lat="15.4619446490" lon="73.7800506782"><ele>2.06</ele><time>2025-11-17T05:24:52Z</time><extensions><gpxtpx:TrackPointExtension><gpxtpx:cad>0</gpxtpx:cad></gpxtpx:TrackPointExtension></extensions></trkpt><trkpt lat="15.4621237703" lon="73.7800038233"><ele>2.06</ele><time>2025-11-17T05:24:57Z</time><extensions><gpxtpx:TrackPointExtension><gpxtpx:cad>0</gpxtpx:cad></gpxtpx:TrackPointExtension></extensions></trkpt><trkpt lat="15.4622784164" lon="73.7799489219"><ele>2.06</ele><time>2025-11-17T05:25:02Z</time><extensions><gpxtpx:TrackPointExtension><gpxtpx:cad>0</gpxtpx:cad></gpxtpx:TrackPointExtension></extensions></trkpt><trkpt lat="15.4624203220" lon="73.7798623368"><ele>1.58</ele><time>2025-11-17T05:25:07Z</time><extensions><gpxtpx:TrackPointExtension><gpxtpx:cad>0</gpxtpx:cad></gpxtpx:TrackPointExtension></extensions></trkpt><trkpt lat="15.4625687655" lon="73.7797872350"><ele>2.06</ele><time>2025-11-17T05:25:12Z</time><extensions><gpxtpx:TrackPointExtension><gpxtpx:cad>0</gpxtpx:cad></gpxtpx:TrackPointExtension></extensions></trkpt><trkpt lat="15.4627120122" lon="73.7797013205"><ele>1.58</ele><time>2025-11-17T05:25:17Z</time><extensions><gpxtpx:TrackPointExtension><gpxtpx:cad>0</gpxtpx:cad></gpxtpx:TrackPointExtension></extensions></trkpt><trkpt lat="15.4628544208" lon="73.7796065211"><ele>2.06</ele><time>2025-11-17T05:25:22Z</time><extensions><gpxtpx:TrackPointExtension><gpxtpx:cad>0</gpxtpx:cad></gpxtpx:TrackPointExtension></extensions></trkpt><trkpt lat="15.4630093183" lon="73.7795248814"><ele>2.06</ele><time>2025-11-17T05:25:27Z</time><extensions><gpxtpx:TrackPointExtension><gpxtpx:cad>0</gpxtpx:cad></gpxtpx:TrackPointExtension></extensions></trkpt><trkpt lat="15.4631587677" lon="73.7794631068"><ele>2.54</ele><time>2025-11-17T05:25:32Z</time><extensions><gpxtpx:TrackPointExtension><gpxtpx:cad>0</gpxtpx:cad></gpxtpx:TrackPointExtension></extensions></trkpt><trkpt lat="15.4633014277" lon="73.7793953810"><ele>2.54</ele><time>2025-11-17T05:25:37Z</time><extensions><gpxtpx:TrackPointExtension><gpxtpx:cad>0</gpxtpx:cad></gpxtpx:TrackPointExtension></extensions></trkpt><trkpt lat="15.4634511285" lon="73.7793305889"><ele>2.54</ele><time>2025-11-17T05:25:42Z</time><extensions><gpxtpx:TrackPointExtension><gpxtpx:cad>0</gpxtpx:cad></gpxtpx:TrackPointExtension></extensions></trkpt><trkpt lat="15.4636097141" lon="73.7792732567"><ele>2.54</ele><time>2025-11-17T05:25:47Z</time><extensions><gpxtpx:TrackPointExtension><gpxtpx:cad>0</gpxtpx:cad></gpxtpx:TrackPointExtension></extensions></trkpt><trkpt lat="15.4637777712" lon="73.7792332750"><ele>3.02</ele><time>2025-11-17T05:25:52Z</time><extensions><gpxtpx:TrackPointExtension><gpxtpx:cad>0</gpxtpx:cad></gpxtpx:TrackPointExtension></extensions></trkpt><trkpt lat="15.4639380332" lon="73.7792167626"><ele>3.02</ele><time>2025-11-17T05:25:57Z</time><extensions><gpxtpx:TrackPointExtension><gpxtpx:cad>0</gpxtpx:cad></gpxtpx:TrackPointExtension></extensions></trkpt><trkpt lat="15.4640946910" lon="73.7792196125"><ele>3.02</ele><time>2025-11-17T05:26:02Z</time><extensions><gpxtpx:TrackPointExtension><gpxtpx:cad>0</gpxtpx:cad></gpxtpx:TrackPointExtension></extensions></trkpt><trkpt lat="15.4642478283" lon="73.7792330235"><ele>3.02</ele><time>2025-11-17T05:26:07Z</time><extensions><gpxtpx:TrackPointExtension><gpxtpx:cad>0</gpxtpx:cad></gpxtpx:TrackPointExtension></extensions></trkpt><trkpt lat="15.4644134548" lon="73.7792652100"><ele>3.50</ele><time>2025-11-17T05:26:12Z</time><extensions><gpxtpx:TrackPointExtension><gpxtpx:cad>0</gpxtpx:cad></gpxtpx:TrackPointExtension></extensions></trkpt><trkpt lat="15.4645750578" lon="73.7793344446"><ele>3.02</ele><time>2025-11-17T05:26:17Z</time><extensions><gpxtpx:TrackPointExtension><gpxtpx:cad>0</gpxtpx:cad></gpxtpx:TrackPointExtension></extensions></trkpt><trkpt lat="15.4647009540" lon="73.7794274837"><ele>3.02</ele><time>2025-11-17T05:26:22Z</time><extensions><gpxtpx:TrackPointExtension><gpxtpx:cad>0</gpxtpx:cad></gpxtpx:TrackPointExtension></extensions></trkpt><trkpt lat="15.4648039676" lon="73.7795202713"><ele>3.02</ele><time>2025-11-17T05:26:27Z</time><extensions><gpxtpx:TrackPointExtension><gpxtpx:cad>0</gpxtpx:cad></gpxtpx:TrackPointExtension></extensions></trkpt><trkpt lat="15.4649152793" lon="73.7796231173"><ele>3.02</ele><time>2025-11-17T05:26:32Z</time><extensions><gpxtpx:TrackPointExtension><gpxtpx:cad>0</gpxtpx:cad></gpxtpx:TrackPointExtension></extensions></trkpt><trkpt lat="15.4650431033" lon="73.7797521986"><ele>3.98</ele><time>2025-11-17T05:26:37Z</time><extensions><gpxtpx:TrackPointExtension><gpxtpx:cad>0</gpxtpx:cad></gpxtpx:TrackPointExtension></extensions></trkpt><trkpt lat="15.4651663173" lon="73.7798743229"><ele>4.46</ele><time>2025-11-17T05:26:42Z</time><extensions><gpxtpx:TrackPointExtension><gpxtpx:cad>0</gpxtpx:cad></gpxtpx:TrackPointExtension></extensions></trkpt><trkpt lat="15.4652729351" lon="73.7799763307"><ele>4.46</ele><time>2025-11-17T05:26:47Z</time><extensions><gpxtpx:TrackPointExtension><gpxtpx:cad>0</gpxtpx:cad></gpxtpx:TrackPointExtension></extensions></trkpt><trkpt lat="15.4653670639" lon="73.7800873071"><ele>3.98</ele><time>2025-11-17T05:26:52Z</time><extensions><gpxtpx:TrackPointExtension><gpxtpx:cad>0</gpxtpx:cad></gpxtpx:TrackPointExtension></extensions></trkpt><trkpt lat="15.4654604383" lon="73.7802168075"><ele>3.50</ele><time>2025-11-17T05:26:57Z</time><extensions><gpxtpx:TrackPointExtension><gpxtpx:cad>0</gpxtpx:cad></gpxtpx:TrackPointExtension></extensions></trkpt><trkpt lat="15.4655559082" lon="73.7803670950"><ele>3.50</ele><time>2025-11-17T05:27:02Z</time><extensions><gpxtpx:TrackPointExtension><gpxtpx:cad>0</gpxtpx:cad></gpxtpx:TrackPointExtension></extensions></trkpt><trkpt lat="15.4656430800" lon="73.7805130240"><ele>3.50</ele><time>2025-11-17T05:27:07Z</time><extensions><gpxtpx:TrackPointExtension><gpxtpx:cad>0</gpxtpx:cad></gpxtpx:TrackPointExtension></extensions></trkpt><trkpt lat="15.4657165892" lon="73.7806411833"><ele>3.02</ele><time>2025-11-17T05:27:12Z</time><extensions><gpxtpx:TrackPointExtension><gpxtpx:cad>0</gpxtpx:cad></gpxtpx:TrackPointExtension></extensions></trkpt><trkpt lat="15.4657793697" lon="73.7807816640"><ele>2.54</ele><time>2025-11-17T05:27:17Z</time><extensions><gpxtpx:TrackPointExtension><gpxtpx:cad>0</gpxtpx:cad></gpxtpx:TrackPointExtension></extensions></trkpt><trkpt lat="15.4658439104" lon="73.7809221447"><ele>2.06</ele><time>2025-11-17T05:27:22Z</time><extensions><gpxtpx:TrackPointExtension><gpxtpx:cad>0</gpxtpx:cad></gpxtpx:TrackPointExtension></extensions></trkpt><trkpt lat="15.4659118876" lon="73.7810735218"><ele>1.58</ele><time>2025-11-17T05:27:27Z</time><extensions><gpxtpx:TrackPointExtension><gpxtpx:cad>0</gpxtpx:cad></gpxtpx:TrackPointExtension></extensions></trkpt><trkpt lat="15.4659859836" lon="73.7812212948"><ele>1.58</ele><time>2025-11-17T05:27:32Z</time><extensions><gpxtpx:TrackPointExtension><gpxtpx:cad>0</gpxtpx:cad></gpxtpx:TrackPointExtension></extensions></trkpt><trkpt lat="15.4660659470" lon="73.7813551538"><ele>1.58</ele><time>2025-11-17T05:27:37Z</time><extensions><gpxtpx:TrackPointExtension><gpxtpx:cad>0</gpxtpx:cad></gpxtpx:TrackPointExtension></extensions></trkpt><trkpt lat="15.4661405459" lon="73.7815038487"><ele>1.58</ele><time>2025-11-17T05:27:42Z</time><extensions><gpxtpx:TrackPointExtension><gpxtpx:cad>0</gpxtpx:cad></gpxtpx:TrackPointExtension></extensions></trkpt><trkpt lat="15.4662121274" lon="73.7816409767"><ele>1.10</ele><time>2025-11-17T05:27:47Z</time><extensions><gpxtpx:TrackPointExtension><gpxtpx:cad>0</gpxtpx:cad></gpxtpx:TrackPointExtension></extensions></trkpt><trkpt lat="15.4662884865" lon="73.7817725725"><ele>1.10</ele><time>2025-11-17T05:27:52Z</time><extensions><gpxtpx:TrackPointExtension><gpxtpx:cad>0</gpxtpx:cad></gpxtpx:TrackPointExtension></extensions></trkpt><trkpt lat="15.4663690366" lon="73.7819084432"><ele>1.10</ele><time>2025-11-17T05:27:57Z</time><extensions><gpxtpx:TrackPointExtension><gpxtpx:cad>0</gpxtpx:cad></gpxtpx:TrackPointExtension></extensions></trkpt><trkpt lat="15.4664588068" lon="73.7820611615"><ele>1.58</ele><time>2025-11-17T05:28:02Z</time><extensions><gpxtpx:TrackPointExtension><gpxtpx:cad>0</gpxtpx:cad></gpxtpx:TrackPointExtension></extensions></trkpt><trkpt lat="15.4665430449" lon="73.7822119519"><ele>1.58</ele><time>2025-11-17T05:28:07Z</time><extensions><gpxtpx:TrackPointExtension><gpxtpx:cad>0</gpxtpx:cad></gpxtpx:TrackPointExtension></extensions></trkpt><trkpt lat="15.4666111898" lon="73.7823465653"><ele>2.06</ele><time>2025-11-17T05:28:12Z</time><extensions><gpxtpx:TrackPointExtension><gpxtpx:cad>0</gpxtpx:cad></gpxtpx:TrackPointExtension></extensions></trkpt><trkpt lat="15.4666697793" lon="73.7824805919"><ele>2.06</ele><time>2025-11-17T05:28:17Z</time><extensions><gpxtpx:TrackPointExtension><gpxtpx:cad>0</gpxtpx:cad></gpxtpx:TrackPointExtension></extensions></trkpt><trkpt lat="15.4667404387" lon="73.7826275267"><ele>1.58</ele><time>2025-11-17T05:28:22Z</time><extensions><gpxtpx:TrackPointExtension><gpxtpx:cad>0</gpxtpx:cad></gpxtpx:TrackPointExtension></extensions></trkpt><trkpt lat="15.4668240901" lon="73.7827809155"><ele>2.54</ele><time>2025-11-17T05:28:27Z</time><extensions><gpxtpx:TrackPointExtension><gpxtpx:cad>0</gpxtpx:cad></gpxtpx:TrackPointExtension></extensions></trkpt><trkpt lat="15.4668997787" lon="73.7829426862"><ele>2.06</ele><time>2025-11-17T05:28:32Z</time><extensions><gpxtpx:TrackPointExtension><gpxtpx:cad>0</gpxtpx:cad></gpxtpx:TrackPointExtension></extensions></trkpt><trkpt lat="15.4669624753" lon="73.7830684148"><ele>2.06</ele><time>2025-11-17T05:28:37Z</time><extensions><gpxtpx:TrackPointExtension><gpxtpx:cad>0</gpxtpx:cad></gpxtpx:TrackPointExtension></extensions></trkpt><trkpt lat="15.4670221545" lon="73.7831972446"><ele>2.06</ele><time>2025-11-17T05:28:42Z</time><extensions><gpxtpx:TrackPointExtension><gpxtpx:cad>0</gpxtpx:cad></gpxtpx:TrackPointExtension></extensions></trkpt><trkpt lat="15.4670794029" lon="73.7833451014"><ele>2.06</ele><time>2025-11-17T05:28:47Z</time><extensions><gpxtpx:TrackPointExtension><gpxtpx:cad>0</gpxtpx:cad></gpxtpx:TrackPointExtension></extensions></trkpt><trkpt lat="15.4671462066" lon="73.7835142482"><ele>2.54</ele><time>2025-11-17T05:28:52Z</time><extensions><gpxtpx:TrackPointExtension><gpxtpx:cad>0</gpxtpx:cad></gpxtpx:TrackPointExtension></extensions></trkpt><trkpt lat="15.4672038741" lon="73.7836703192"><ele>2.54</ele><time>2025-11-17T05:28:57Z</time><extensions><gpxtpx:TrackPointExtension><gpxtpx:cad>0</gpxtpx:cad></gpxtpx:TrackPointExtension></extensions></trkpt><trkpt lat="15.4672612902" lon="73.7838092912"><ele>2.06</ele><time>2025-11-17T05:29:02Z</time><extensions><gpxtpx:TrackPointExtension><gpxtpx:cad>0</gpxtpx:cad></gpxtpx:TrackPointExtension></extensions></trkpt><trkpt lat="15.4673282616" lon="73.7839469220"><ele>2.06</ele><time>2025-11-17T05:29:07Z</time><extensions><gpxtpx:TrackPointExtension><gpxtpx:cad>0</gpxtpx:cad></gpxtpx:TrackPointExtension></extensions></trkpt><trkpt lat="15.4674029443" lon="73.7840843853"><ele>2.54</ele><time>2025-11-17T05:29:12Z</time><extensions><gpxtpx:TrackPointExtension><gpxtpx:cad>0</gpxtpx:cad></gpxtpx:TrackPointExtension></extensions></trkpt><trkpt lat="15.4674391542" lon="73.7842584774"><ele>3.02</ele><time>2025-11-17T05:29:17Z</time><extensions><gpxtpx:TrackPointExtension><gpxtpx:cad>0</gpxtpx:cad></gpxtpx:TrackPointExtension></extensions></trkpt><trkpt lat="15.4674468655" lon="73.7844229303"><ele>3.02</ele><time>2025-11-17T05:29:22Z</time><extensions><gpxtpx:TrackPointExtension><gpxtpx:cad>0</gpxtpx:cad></gpxtpx:TrackPointExtension></extensions></trkpt><trkpt lat="15.4674593545" lon="73.7845750619"><ele>3.02</ele><time>2025-11-17T05:29:27Z</time><extensions><gpxtpx:TrackPointExtension><gpxtpx:cad>0</gpxtpx:cad></gpxtpx:TrackPointExtension></extensions></trkpt><trkpt lat="15.4674679041" lon="73.7847298756"><ele>2.54</ele><time>2025-11-17T05:29:32Z</time><extensions><gpxtpx:TrackPointExtension><gpxtpx:cad>0</gpxtpx:cad></gpxtpx:TrackPointExtension></extensions></trkpt><trkpt lat="15.4674700834" lon="73.7848877907"><ele>2.54</ele><time>2025-11-17T05:29:37Z</time><extensions><gpxtpx:TrackPointExtension><gpxtpx:cad>0</gpxtpx:cad></gpxtpx:TrackPointExtension></extensions></trkpt><trkpt lat="15.4674775433" lon="73.7850602902"><ele>3.02</ele><time>2025-11-17T05:29:42Z</time><extensions><gpxtpx:TrackPointExtension><gpxtpx:cad>0</gpxtpx:cad></gpxtpx:TrackPointExtension></extensions></trkpt><trkpt lat="15.4674851708" lon="73.7852200493"><ele>2.54</ele><time>2025-11-17T05:29:47Z</time><extensions><gpxtpx:TrackPointExtension><gpxtpx:cad>0</gpxtpx:cad></gpxtpx:TrackPointExtension></extensions></trkpt><trkpt lat="15.4674769565" lon="73.7853823230"><ele>2.06</ele><time>2025-11-17T05:29:52Z</time><extensions><gpxtpx:TrackPointExtension><gpxtpx:cad>0</gpxtpx:cad></gpxtpx:TrackPointExtension></extensions></trkpt><trkpt lat="15.4674676526" lon="73.7855346221"><ele>2.06</ele><time>2025-11-17T05:29:57Z</time><extensions><gpxtpx:TrackPointExtension><gpxtpx:cad>0</gpxtpx:cad></gpxtpx:TrackPointExtension></extensions></trkpt><trkpt lat="15.4674587678" lon="73.7856861670"><ele>2.06</ele><time>2025-11-17T05:30:02Z</time><extensions><gpxtpx:TrackPointExtension><gpxtpx:cad>0</gpxtpx:cad></gpxtpx:TrackPointExtension></extensions></trkpt><trkpt lat="15.4674457759" lon="73.7858579122"><ele>2.06</ele><time>2025-11-17T05:30:07Z</time><extensions><gpxtpx:TrackPointExtension><gpxtpx:cad>0</gpxtpx:cad></gpxtpx:TrackPointExtension></extensions></trkpt><trkpt lat="15.4674466979" lon="73.7860293221"><ele>2.06</ele><time>2025-11-17T05:30:12Z</time><extensions><gpxtpx:TrackPointExtension><gpxtpx:cad>0</gpxtpx:cad></gpxtpx:TrackPointExtension></extensions></trkpt><trkpt lat="15.4674548283" lon="73.7861916795"><ele>2.06</ele><time>2025-11-17T05:30:17Z</time><extensions><gpxtpx:TrackPointExtension><gpxtpx:cad>0</gpxtpx:cad></gpxtpx:TrackPointExtension></extensions></trkpt><trkpt lat="15.4674621206" lon="73.7863325793"><ele>2.06</ele><time>2025-11-17T05:30:22Z</time><extensions><gpxtpx:TrackPointExtension><gpxtpx:cad>0</gpxtpx:cad></gpxtpx:TrackPointExtension></extensions></trkpt><trkpt lat="15.4674772080" lon="73.7864807714"><ele>2.06</ele><time>2025-11-17T05:30:27Z</time><extensions><gpxtpx:TrackPointExtension><gpxtpx:cad>0</gpxtpx:cad></gpxtpx:TrackPointExtension></extensions></trkpt><trkpt lat="15.4674928822" lon="73.7866564561"><ele>2.06</ele><time>2025-11-17T05:30:32Z</time><extensions><gpxtpx:TrackPointExtension><gpxtpx:cad>0</gpxtpx:cad></gpxtpx:TrackPointExtension></extensions></trkpt><trkpt lat="15.4675168544" lon="73.7868386786"><ele>3.02</ele><time>2025-11-17T05:30:37Z</time><extensions><gpxtpx:TrackPointExtension><gpxtpx:cad>0</gpxtpx:cad></gpxtpx:TrackPointExtension></extensions></trkpt><trkpt lat="15.4675296787" lon="73.7869920675"><ele>2.54</ele><time>2025-11-17T05:30:42Z</time><extensions><gpxtpx:TrackPointExtension><gpxtpx:cad>0</gpxtpx:cad></gpxtpx:TrackPointExtension></extensions></trkpt><trkpt lat="15.4675223865" lon="73.7871312071"><ele>2.06</ele><time>2025-11-17T05:30:47Z</time><extensions><gpxtpx:TrackPointExtension><gpxtpx:cad>0</gpxtpx:cad></gpxtpx:TrackPointExtension></extensions></trkpt><trkpt lat="15.4674984142" lon="73.7872747052"><ele>2.06</ele><time>2025-11-17T05:30:52Z</time><extensions><gpxtpx:TrackPointExtension><gpxtpx:cad>0</gpxtpx:cad></gpxtpx:TrackPointExtension></extensions></trkpt><trkpt lat="15.4674533196" lon="73.7874630466"><ele>2.54</ele><time>2025-11-17T05:30:57Z</time><extensions><gpxtpx:TrackPointExtension><gpxtpx:cad>0</gpxtpx:cad></gpxtpx:TrackPointExtension></extensions></trkpt><trkpt lat="15.4674272519" lon="73.7876253203"><ele>2.06</ele><time>2025-11-17T05:31:02Z</time><extensions><gpxtpx:TrackPointExtension><gpxtpx:cad>0</gpxtpx:cad></gpxtpx:TrackPointExtension></extensions></trkpt><trkpt lat="15.4674117453" lon="73.7877652980"><ele>1.58</ele><time>2025-11-17T05:31:07Z</time><extensions><gpxtpx:TrackPointExtension><gpxtpx:cad>0</gpxtpx:cad></gpxtpx:TrackPointExtension></extensions></trkpt><trkpt lat="15.4673982505" lon="73.7879056111"><ele>1.58</ele><time>2025-11-17T05:31:12Z</time><extensions><gpxtpx:TrackPointExtension><gpxtpx:cad>0</gpxtpx:cad></gpxtpx:TrackPointExtension></extensions></trkpt><trkpt lat="15.4673702549" lon="73.7880571559"><ele>1.10</ele><time>2025-11-17T05:31:17Z</time><extensions><gpxtpx:TrackPointExtension><gpxtpx:cad>0</gpxtpx:cad></gpxtpx:TrackPointExtension></extensions></trkpt><trkpt lat="15.4673356377" lon="73.7882479280"><ele>1.58</ele><time>2025-11-17T05:31:22Z</time><extensions><gpxtpx:TrackPointExtension><gpxtpx:cad>0</gpxtpx:cad></gpxtpx:TrackPointExtension></extensions></trkpt><trkpt lat="15.4672898725" lon="73.7884151470"><ele>1.10</ele><time>2025-11-17T05:31:27Z</time><extensions><gpxtpx:TrackPointExtension><gpxtpx:cad>0</gpxtpx:cad></gpxtpx:TrackPointExtension></extensions></trkpt><trkpt lat="15.4672436044" lon="73.7885828689"><ele>1.10</ele><time>2025-11-17T05:31:32Z</time><extensions><gpxtpx:TrackPointExtension><gpxtpx:cad>0</gpxtpx:cad></gpxtpx:TrackPointExtension></extensions></trkpt><trkpt lat="15.4671805725" lon="73.7887315638"><ele>0.62</ele><time>2025-11-17T05:31:37Z</time><extensions><gpxtpx:TrackPointExtension><gpxtpx:cad>0</gpxtpx:cad></gpxtpx:TrackPointExtension></extensions></trkpt><trkpt lat="15.4671076499" lon="73.7888863776"><ele>0.62</ele><time>2025-11-17T05:31:42Z</time><extensions><gpxtpx:TrackPointExtension><gpxtpx:cad>0</gpxtpx:cad></gpxtpx:TrackPointExtension></extensions></trkpt><trkpt lat="15.4670446180" lon="73.7890632357"><ele>1.10</ele><time>2025-11-17T05:31:47Z</time><extensions><gpxtpx:TrackPointExtension><gpxtpx:cad>0</gpxtpx:cad></gpxtpx:TrackPointExtension></extensions></trkpt><trkpt lat="15.4670012835" lon="73.7892546784"><ele>1.10</ele><time>2025-11-17T05:31:52Z</time><extensions><gpxtpx:TrackPointExtension><gpxtpx:cad>0</gpxtpx:cad></gpxtpx:TrackPointExtension></extensions></trkpt><trkpt lat="15.4669432808" lon="73.7894384097"><ele>1.10</ele><time>2025-11-17T05:31:57Z</time><extensions><gpxtpx:TrackPointExtension><gpxtpx:cad>0</gpxtpx:cad></gpxtpx:TrackPointExtension></extensions></trkpt><trkpt lat="15.4668810870" lon="73.7895881943"><ele>1.10</ele><time>2025-11-17T05:32:02Z</time><extensions><gpxtpx:TrackPointExtension><gpxtpx:cad>0</gpxtpx:cad></gpxtpx:TrackPointExtension></extensions></trkpt><trkpt lat="15.4668198153" lon="73.7897438463"><ele>0.62</ele><time>2025-11-17T05:32:07Z</time><extensions><gpxtpx:TrackPointExtension><gpxtpx:cad>0</gpxtpx:cad></gpxtpx:TrackPointExtension></extensions></trkpt><trkpt lat="15.4667451326" lon="73.7899057847"><ele>0.62</ele><time>2025-11-17T05:32:12Z</time><extensions><gpxtpx:TrackPointExtension><gpxtpx:cad>0</gpxtpx:cad></gpxtpx:TrackPointExtension></extensions></trkpt><trkpt lat="15.4666709527" lon="73.7900754344"><ele>0.62</ele><time>2025-11-17T05:32:17Z</time><extensions><gpxtpx:TrackPointExtension><gpxtpx:cad>0</gpxtpx:cad></gpxtpx:TrackPointExtension></extensions></trkpt><trkpt lat="15.4665904865" lon="73.7902492750"><ele>0.62</ele><time>2025-11-17T05:32:22Z</time><extensions><gpxtpx:TrackPointExtension><gpxtpx:cad>0</gpxtpx:cad></gpxtpx:TrackPointExtension></extensions></trkpt><trkpt lat="15.4665085953" lon="73.7904123031"><ele>0.14</ele><time>2025-11-17T05:32:27Z</time><extensions><gpxtpx:TrackPointExtension><gpxtpx:cad>0</gpxtpx:cad></gpxtpx:TrackPointExtension></extensions></trkpt><trkpt lat="15.4664275423" lon="73.7905682903"><ele>0.14</ele><time>2025-11-17T05:32:32Z</time><extensions><gpxtpx:TrackPointExtension><gpxtpx:cad>0</gpxtpx:cad></gpxtpx:TrackPointExtension></extensions></trkpt><trkpt lat="15.4663495906" lon="73.7907252833"><ele>-0.34</ele><time>2025-11-17T05:32:37Z</time><extensions><gpxtpx:TrackPointExtension><gpxtpx:cad>0</gpxtpx:cad></gpxtpx:TrackPointExtension></extensions></trkpt><trkpt lat="15.4662676994" lon="73.7908900715"><ele>0.14</ele><time>2025-11-17T05:32:42Z</time><extensions><gpxtpx:TrackPointExtension><gpxtpx:cad>0</gpxtpx:cad></gpxtpx:TrackPointExtension></extensions></trkpt><trkpt lat="15.4661692120" lon="73.7910647504"><ele>0.14</ele><time>2025-11-17T05:32:47Z</time><extensions><gpxtpx:TrackPointExtension><gpxtpx:cad>0</gpxtpx:cad></gpxtpx:TrackPointExtension></extensions></trkpt><trkpt lat="15.4660843872" lon="73.7912130263"><ele>0.14</ele><time>2025-11-17T05:32:52Z</time><extensions><gpxtpx:TrackPointExtension><gpxtpx:cad>0</gpxtpx:cad></gpxtpx:TrackPointExtension></extensions></trkpt><trkpt lat="15.4660064355" lon="73.7913686782"><ele>-0.34</ele><time>2025-11-17T05:32:57Z</time><extensions><gpxtpx:TrackPointExtension><gpxtpx:cad>0</gpxtpx:cad></gpxtpx:TrackPointExtension></extensions></trkpt><trkpt lat="15.4659239575" lon="73.7915371545"><ele>-0.34</ele><time>2025-11-17T05:33:02Z</time><extensions><gpxtpx:TrackPointExtension><gpxtpx:cad>0</gpxtpx:cad></gpxtpx:TrackPointExtension></extensions></trkpt><trkpt lat="15.4658474308" lon="73.7916944828"><ele>-0.34</ele><time>2025-11-17T05:33:07Z</time><extensions><gpxtpx:TrackPointExtension><gpxtpx:cad>0</gpxtpx:cad></gpxtpx:TrackPointExtension></extensions></trkpt><trkpt lat="15.4657635279" lon="73.7918622885"><ele>-0.34</ele><time>2025-11-17T05:33:12Z</time><extensions><gpxtpx:TrackPointExtension><gpxtpx:cad>0</gpxtpx:cad></gpxtpx:TrackPointExtension></extensions></trkpt><trkpt lat="15.4656679742" lon="73.7920357101"><ele>-0.34</ele><time>2025-11-17T05:33:17Z</time><extensions><gpxtpx:TrackPointExtension><gpxtpx:cad>0</gpxtpx:cad></gpxtpx:TrackPointExtension></extensions></trkpt><trkpt lat="15.4655804671" lon="73.7921959721"><ele>0.14</ele><time>2025-11-17T05:33:22Z</time><extensions><gpxtpx:TrackPointExtension><gpxtpx:cad>0</gpxtpx:cad></gpxtpx:TrackPointExtension></extensions></trkpt><trkpt lat="15.4654949717" lon="73.7923469301"><ele>0.14</ele><time>2025-11-17T05:33:27Z</time><extensions><gpxtpx:TrackPointExtension><gpxtpx:cad>0</gpxtpx:cad></gpxtpx:TrackPointExtension></extensions></trkpt><trkpt lat="15.4653988313" lon="73.7925079465"><ele>0.14</ele><time>2025-11-17T05:33:32Z</time><extensions><gpxtpx:TrackPointExtension><gpxtpx:cad>0</gpxtpx:cad></gpxtpx:TrackPointExtension></extensions></trkpt><trkpt lat="15.4652942251" lon="73.7926485948"><ele>0.62</ele><time>2025-11-17T05:33:37Z</time><extensions><gpxtpx:TrackPointExtension><gpxtpx:cad>0</gpxtpx:cad></gpxtpx:TrackPointExtension></extensions></trkpt><trkpt lat="15.4651879426" lon="73.7928028218"><ele>0.62</ele><time>2025-11-17T05:33:42Z</time><extensions><gpxtpx:TrackPointExtension><gpxtpx:cad>0</gpxtpx:cad></gpxtpx:TrackPointExtension></extensions></trkpt><trkpt lat="15.4650807381" lon="73.7929716334"><ele>0.62</ele><time>2025-11-17T05:33:47Z</time><extensions><gpxtpx:TrackPointExtension><gpxtpx:cad>0</gpxtpx:cad></gpxtpx:TrackPointExtension></extensions></trkpt><trkpt lat="15.4649811611" lon="73.7931310572"><ele>0.14</ele><time>2025-11-17T05:33:52Z</time><extensions><gpxtpx:TrackPointExtension><gpxtpx:cad>0</gpxtpx:cad></gpxtpx:TrackPointExtension></extensions></trkpt><trkpt lat="15.4648832604" lon="73.7932840269"><ele>0.14</ele><time>2025-11-17T05:33:57Z</time><extensions><gpxtpx:TrackPointExtension><gpxtpx:cad>0</gpxtpx:cad></gpxtpx:TrackPointExtension></extensions></trkpt><trkpt lat="15.4647846054" lon="73.7934264354"><ele>0.62</ele><time>2025-11-17T05:34:02Z</time><extensions><gpxtpx:TrackPointExtension><gpxtpx:cad>0</gpxtpx:cad></gpxtpx:TrackPointExtension></extensions></trkpt><trkpt lat="15.4646882135" lon="73.7935863622"><ele>0.14</ele><time>2025-11-17T05:34:07Z</time><extensions><gpxtpx:TrackPointExtension><gpxtpx:cad>0</gpxtpx:cad></gpxtpx:TrackPointExtension></extensions></trkpt><trkpt lat="15.4645955097" lon="73.7937492225"><ele>0.62</ele><time>2025-11-17T05:34:12Z</time><extensions><gpxtpx:TrackPointExtension><gpxtpx:cad>0</gpxtpx:cad></gpxtpx:TrackPointExtension></extensions></trkpt><trkpt lat="15.4645061586" lon="73.7939021923"><ele>0.62</ele><time>2025-11-17T05:34:17Z</time><extensions><gpxtpx:TrackPointExtension><gpxtpx:cad>0</gpxtpx:cad></gpxtpx:TrackPointExtension></extensions></trkpt><trkpt lat="15.4644233454" lon="73.7940606941"><ele>1.10</ele><time>2025-11-17T05:34:22Z</time><extensions><gpxtpx:TrackPointExtension><gpxtpx:cad>0</gpxtpx:cad></gpxtpx:TrackPointExtension></extensions></trkpt><trkpt lat="15.4643249419" lon="73.7942219619"><ele>1.10</ele><time>2025-11-17T05:34:27Z</time><extensions><gpxtpx:TrackPointExtension><gpxtpx:cad>0</gpxtpx:cad></gpxtpx:TrackPointExtension></extensions></trkpt><trkpt lat="15.4642241076" lon="73.7943831459"><ele>1.10</ele><time>2025-11-17T05:34:32Z</time><extensions><gpxtpx:TrackPointExtension><gpxtpx:cad>0</gpxtpx:cad></gpxtpx:TrackPointExtension></extensions></trkpt><trkpt lat="15.4641226027" lon="73.7945496943"><ele>0.62</ele><time>2025-11-17T05:34:37Z</time><extensions><gpxtpx:TrackPointExtension><gpxtpx:cad>0</gpxtpx:cad></gpxtpx:TrackPointExtension></extensions></trkpt><trkpt lat="15.4640177451" lon="73.7947182544"><ele>0.62</ele><time>2025-11-17T05:34:42Z</time><extensions><gpxtpx:TrackPointExtension><gpxtpx:cad>0</gpxtpx:cad></gpxtpx:TrackPointExtension></extensions></trkpt><trkpt lat="15.4639266338" lon="73.7948866468"><ele>0.62</ele><time>2025-11-17T05:34:47Z</time><extensions><gpxtpx:TrackPointExtension><gpxtpx:cad>0</gpxtpx:cad></gpxtpx:TrackPointExtension></extensions></trkpt><trkpt lat="15.4638377018" lon="73.7950561289"><ele>1.10</ele><time>2025-11-17T05:34:52Z</time><extensions><gpxtpx:TrackPointExtension><gpxtpx:cad>0</gpxtpx:cad></gpxtpx:TrackPointExtension></extensions></trkpt><trkpt lat="15.4637533799" lon="73.7952118646"><ele>0.62</ele><time>2025-11-17T05:34:57Z</time><extensions><gpxtpx:TrackPointExtension><gpxtpx:cad>0</gpxtpx:cad></gpxtpx:TrackPointExtension></extensions></trkpt><trkpt lat="15.4636702314" lon="73.7953688577"><ele>1.10</ele><time>2025-11-17T05:35:02Z</time><extensions><gpxtpx:TrackPointExtension><gpxtpx:cad>0</gpxtpx:cad></gpxtpx:TrackPointExtension></extensions></trkpt><trkpt lat="15.4635829758" lon="73.7955323886"><ele>1.10</ele><time>2025-11-17T05:35:07Z</time><extensions><gpxtpx:TrackPointExtension><gpxtpx:cad>0</gpxtpx:cad></gpxtpx:TrackPointExtension></extensions></trkpt></trkseg></trk></gpx>