<?xml version="1.0" encoding="UTF-8" standalone="no" ?><gpx xmlns="http://www.topografix.com/GPX/1/1" xmlns:gpxx="http://www.garmin.com/xmlschemas/GpxExtensions/v3" xmlns:wptx1="http://www.garmin.com/xmlschemas/WaypointExtension/v1" xmlns:gpxtpx="http://www.garmin.com/xmlschemas/TrackPointExtension/v1" creator="eTrex 10 SEA" version="1.1" xmlns:xsi="http://www.w3.org/2001/XMLSchema-instance" xsi:schemaLocation="http://www.topografix.com/GPX/1/1 http://www.topografix.com/GPX/1/1/gpx.xsd http://www.garmin.com/xmlschemas/GpxExtensions/v3 http://www8.garmin.com/xmlschemas/GpxExtensionsv3.xsd http://www.garmin.com/xmlschemas/WaypointExtension/v1 http://www8.garmin.com/xmlschemas/WaypointExtensionv1.xsd http://www.garmin.com/xmlschemas/TrackPointExtension/v1 http://www.garmin.com/xmlschemas/TrackPointExtensionv1.xsd"><metadata><link href="http://www.garmin.com"><text>Garmin International</text></link><time>2025-11-16T04:45:13Z</time></metadata><trk><name>16-NOV-25 10:15:11 AM</name><extensions><gpxx:TrackExtension><gpxx:DisplayColor>Cyan</gpxx:DisplayColor></gpxx:TrackExtension></extensions><trkseg><trkpt lat="14.9840496015" lon="74.0390621312"><ele>0.14</ele><time>2025-11-16T01:48:49Z</time><extensions><gpxtpx:TrackPointExtension><gpxtpx:cad>0</gpxtpx:cad></gpxtpx:TrackPointExtension></extensions></trkpt><trkpt lat="14.9841488432" lon="74.0388970915"><ele>0.62</ele><time>2025-11-16T01:48:54Z</time><extensions><gpxtpx:TrackPointExtension><gpxtpx:cad>0</gpxtpx:cad></gpxtpx:TrackPointExtension></extensions></trkpt><trkpt lat="14.9842008110" lon="74.0387954190"><ele>1.10</ele><time>2025-11-16T01:48:57Z</time><extensions><gpxtpx:TrackPointExtension><gpxtpx:cad>0</gpxtpx:cad></gpxtpx:TrackPointExtension></extensions></trkpt><trkpt lat="14.9842767511" lon="74.0386192314"><ele>1.58</ele><time>2025-11-16T01:49:02Z</time><extensions><gpxtpx:TrackPointExtension><gpxtpx:cad>0</gpxtpx:cad></gpxtpx:TrackPointExtension></extensions></trkpt><trkpt lat="14.9843498413" lon="74.0384411998"><ele>2.06</ele><time>2025-11-16T01:49:07Z</time><extensions><gpxtpx:TrackPointExtension><gpxtpx:cad>0</gpxtpx:cad></gpxtpx:TrackPointExtension></extensions></trkpt><trkpt lat="14.9844343308" lon="74.0382766631"><ele>1.58</ele><time>2025-11-16T01:49:12Z</time><extensions><gpxtpx:TrackPointExtension><gpxtpx:cad>0</gpxtpx:cad></gpxtpx:TrackPointExtension></extensions></trkpt><trkpt lat="14.9845268670" lon="74.0381143056"><ele>1.58</ele><time>2025-11-16T01:49:17Z</time><extensions><gpxtpx:TrackPointExtension><gpxtpx:cad>0</gpxtpx:cad></gpxtpx:TrackPointExtension></extensions></trkpt><trkpt lat="14.9846135359" lon="74.0379436500"><ele>2.06</ele><time>2025-11-16T01:49:22Z</time><extensions><gpxtpx:TrackPointExtension><gpxtpx:cad>0</gpxtpx:cad></gpxtpx:TrackPointExtension></extensions></trkpt><trkpt lat="14.9846886378" lon="74.0377693065"><ele>2.54</ele><time>2025-11-16T01:49:27Z</time><extensions><gpxtpx:TrackPointExtension><gpxtpx:cad>0</gpxtpx:cad></gpxtpx:TrackPointExtension></extensions></trkpt><trkpt lat="14.9847497419" lon="74.0375905205"><ele>3.02</ele><time>2025-11-16T01:49:32Z</time><extensions><gpxtpx:TrackPointExtension><gpxtpx:cad>0</gpxtpx:cad></gpxtpx:TrackPointExtension></extensions></trkpt><trkpt lat="14.9848034699" lon="74.0374103095"><ele>3.50</ele><time>2025-11-16T01:49:37Z</time><extensions><gpxtpx:TrackPointExtension><gpxtpx:cad>0</gpxtpx:cad></gpxtpx:TrackPointExtension></extensions></trkpt><trkpt lat="14.9848386738" lon="74.0372326132"><ele>3.02</ele><time>2025-11-16T01:49:42Z</time><extensions><gpxtpx:TrackPointExtension><gpxtpx:cad>0</gpxtpx:cad></gpxtpx:TrackPointExtension></extensions></trkpt><trkpt lat="14.9848556891" lon="74.0370465349"><ele>3.02</ele><time>2025-11-16T01:49:47Z</time><extensions><gpxtpx:TrackPointExtension><gpxtpx:cad>0</gpxtpx:cad></gpxtpx:TrackPointExtension></extensions></trkpt><trkpt lat="14.9848742969" lon="74.0368681680"><ele>2.54</ele><time>2025-11-16T01:49:52Z</time><extensions><gpxtpx:TrackPointExtension><gpxtpx:cad>0</gpxtpx:cad></gpxtpx:TrackPointExtension></extensions></trkpt><trkpt lat="14.9848944135" lon="74.0366866998"><ele>2.54</ele><time>2025-11-16T01:49:57Z</time><extensions><gpxtpx:TrackPointExtension><gpxtpx:cad>0</gpxtpx:cad></gpxtpx:TrackPointExtension></extensions></trkpt><trkpt lat="14.9849265162" lon="74.0364999510"><ele>2.06</ele><time>2025-11-16T01:50:02Z</time><extensions><gpxtpx:TrackPointExtension><gpxtpx:cad>0</gpxtpx:cad></gpxtpx:TrackPointExtension></extensions></trkpt><trkpt lat="14.9849736225" lon="74.0363255236"><ele>2.06</ele><time>2025-11-16T01:50:07Z</time><extensions><gpxtpx:TrackPointExtension><gpxtpx:cad>0</gpxtpx:cad></gpxtpx:TrackPointExtension></extensions></trkpt><trkpt lat="14.9850119278" lon="74.0361453965"><ele>2.54</ele><time>2025-11-16T01:50:12Z</time><extensions><gpxtpx:TrackPointExtension><gpxtpx:cad>0</gpxtpx:cad></gpxtpx:TrackPointExtension></extensions></trkpt><trkpt lat="14.9850359838" lon="74.0359578095"><ele>2.54</ele><time>2025-11-16T01:50:17Z</time><extensions><gpxtpx:TrackPointExtension><gpxtpx:cad>0</gpxtpx:cad></gpxtpx:TrackPointExtension></extensions></trkpt><trkpt lat="14.9850607105" lon="74.0357687976"><ele>2.54</ele><time>2025-11-16T01:50:22Z</time><extensions><gpxtpx:TrackPointExtension><gpxtpx:cad>0</gpxtpx:cad></gpxtpx:TrackPointExtension></extensions></trkpt><trkpt lat="14.9851132650" lon="74.0355920233"><ele>1.58</ele><time>2025-11-16T01:50:27Z</time><extensions><gpxtpx:TrackPointExtension><gpxtpx:cad>0</gpxtpx:cad></gpxtpx:TrackPointExtension></extensions></trkpt><trkpt lat="14.9852221459" lon="74.0354486927"><ele>1.10</ele><time>2025-11-16T01:50:32Z</time><extensions><gpxtpx:TrackPointExtension><gpxtpx:cad>0</gpxtpx:cad></gpxtpx:TrackPointExtension></extensions></trkpt><trkpt lat="14.9853658117" lon="74.0353374649"><ele>1.10</ele><time>2025-11-16T01:50:37Z</time><extensions><gpxtpx:TrackPointExtension><gpxtpx:cad>0</gpxtpx:cad></gpxtpx:TrackPointExtension></extensions></trkpt><trkpt lat="14.9854968209" lon="74.0352463536"><ele>1.58</ele><time>2025-11-16T01:50:42Z</time><extensions><gpxtpx:TrackPointExtension><gpxtpx:cad>0</gpxtpx:cad></gpxtpx:TrackPointExtension></extensions></trkpt><trkpt lat="14.9856377207" lon="74.0351611935"><ele>1.58</ele><time>2025-11-16T01:50:47Z</time><extensions><gpxtpx:TrackPointExtension><gpxtpx:cad>0</gpxtpx:cad></gpxtpx:TrackPointExtension></extensions></trkpt><trkpt lat="14.9857754353" lon="74.0350789670"><ele>1.58</ele><time>2025-11-16T01:50:52Z</time><extensions><gpxtpx:TrackPointExtension><gpxtpx:cad>0</gpxtpx:cad></gpxtpx:TrackPointExtension></extensions></trkpt><trkpt lat="14.9859092943" lon="74.0349902865"><ele>1.58</ele><time>2025-11-16T01:50:57Z</time><extensions><gpxtpx:TrackPointExtension><gpxtpx:cad>0</gpxtpx:cad></gpxtpx:TrackPointExtension></extensions></trkpt><trkpt lat="14.9860392977" lon="74.0348888654"><ele>2.06</ele><time>2025-11-16T01:51:02Z</time><extensions><gpxtpx:TrackPointExtension><gpxtpx:cad>0</gpxtpx:cad></gpxtpx:TrackPointExtension></extensions></trkpt><trkpt lat="14.9861720670" lon="74.0347950719"><ele>2.54</ele><time>2025-11-16T01:51:07Z</time><extensions><gpxtpx:TrackPointExtension><gpxtpx:cad>0</gpxtpx:cad></gpxtpx:TrackPointExtension></extensions></trkpt><trkpt lat="14.9863106199" lon="74.0347143542"><ele>3.02</ele><time>2025-11-16T01:51:12Z</time><extensions><gpxtpx:TrackPointExtension><gpxtpx:cad>0</gpxtpx:cad></gpxtpx:TrackPointExtension></extensions></trkpt><trkpt lat="14.9864538666" lon="74.0346400067"><ele>3.02</ele><time>2025-11-16T01:51:17Z</time><extensions><gpxtpx:TrackPointExtension><gpxtpx:cad>0</gpxtpx:cad></gpxtpx:TrackPointExtension></extensions></trkpt><trkpt lat="14.9865988735" lon="74.0345698502"><ele>2.54</ele><time>2025-11-16T01:51:22Z</time><extensions><gpxtpx:TrackPointExtension><gpxtpx:cad>0</gpxtpx:cad></gpxtpx:TrackPointExtension></extensions></trkpt><trkpt lat="14.9867417011" lon="74.0344992746"><ele>2.54</ele><time>2025-11-16T01:51:27Z</time><extensions><gpxtpx:TrackPointExtension><gpxtpx:cad>0</gpxtpx:cad></gpxtpx:TrackPointExtension></extensions></trkpt><trkpt lat="14.9868768174" lon="74.0344191436"><ele>2.54</ele><time>2025-11-16T01:51:32Z</time><extensions><gpxtpx:TrackPointExtension><gpxtpx:cad>0</gpxtpx:cad></gpxtpx:TrackPointExtension></extensions></trkpt><trkpt lat="14.9870140292" lon="74.0343590453"><ele>2.54</ele><time>2025-11-16T01:51:37Z</time><extensions><gpxtpx:TrackPointExtension><gpxtpx:cad>0</gpxtpx:cad></gpxtpx:TrackPointExtension></extensions></trkpt><trkpt lat="14.9871639814" lon="74.0343312174"><ele>2.54</ele><time>2025-11-16T01:51:42Z</time><extensions><gpxtpx:TrackPointExtension><gpxtpx:cad>0</gpxtpx:cad></gpxtpx:TrackPointExtension></extensions></trkpt><trkpt lat="14.9873272609" lon="74.0343372524"><ele>2.54</ele><time>2025-11-16T01:51:47Z</time><extensions><gpxtpx:TrackPointExtension><gpxtpx:cad>0</gpxtpx:cad></gpxtpx:TrackPointExtension></extensions></trkpt><trkpt lat="14.9874854274" lon="74.0343484003"><ele>2.06</ele><time>2025-11-16T01:51:52Z</time><extensions><gpxtpx:TrackPointExtension><gpxtpx:cad>0</gpxtpx:cad></gpxtpx:TrackPointExtension></extensions></trkpt><trkpt lat="14.9876357149" lon="74.0343710314"><ele>2.06</ele><time>2025-11-16T01:51:57Z</time><extensions><gpxtpx:TrackPointExtension><gpxtpx:cad>0</gpxtpx:cad></gpxtpx:TrackPointExtension></extensions></trkpt><trkpt lat="14.9877925403" lon="74.0344121866"><ele>2.06</ele><time>2025-11-16T01:52:02Z</time><extensions><gpxtpx:TrackPointExtension><gpxtpx:cad>0</gpxtpx:cad></gpxtpx:TrackPointExtension></extensions></trkpt><trkpt lat="14.9879575800" lon="74.0344478097"><ele>2.54</ele><time>2025-11-16T01:52:07Z</time><extensions><gpxtpx:TrackPointExtension><gpxtpx:cad>0</gpxtpx:cad></gpxtpx:TrackPointExtension></extensions></trkpt><trkpt lat="14.9880959652" lon="74.0344135277"><ele>2.06</ele><time>2025-11-16T01:52:12Z</time><extensions><gpxtpx:TrackPointExtension><gpxtpx:cad>0</gpxtpx:cad></gpxtpx:TrackPointExtension></extensions></trkpt><trkpt lat="14.9881942850" lon="74.0343060717"><ele>2.06</ele><time>2025-11-16T01:52:17Z</time><extensions><gpxtpx:TrackPointExtension><gpxtpx:cad>0</gpxtpx:cad></gpxtpx:TrackPointExtension></extensions></trkpt><trkpt lat="14.9882830493" lon="74.0341733024"><ele>2.54</ele><time>2025-11-16T01:52:22Z</time><extensions><gpxtpx:TrackPointExtension><gpxtpx:cad>0</gpxtpx:cad></gpxtpx:TrackPointExtension></extensions></trkpt><trkpt lat="14.9883875716" lon="74.0340458136"><ele>3.02</ele><time>2025-11-16T01:52:27Z</time><extensions><gpxtpx:TrackPointExtension><gpxtpx:cad>0</gpxtpx:cad></gpxtpx:TrackPointExtension></extensions></trkpt><trkpt lat="14.9884703849" lon="74.0339026507"><ele>3.02</ele><time>2025-11-16T01:52:32Z</time><extensions><gpxtpx:TrackPointExtension><gpxtpx:cad>0</gpxtpx:cad></gpxtpx:TrackPointExtension></extensions></trkpt><trkpt lat="14.9885563832" lon="74.0337586496"><ele>3.02</ele><time>2025-11-16T01:52:37Z</time><extensions><gpxtpx:TrackPointExtension><gpxtpx:cad>0</gpxtpx:cad></gpxtpx:TrackPointExtension></extensions></trkpt><trkpt lat="14.9886469916" lon="74.0336294845"><ele>2.54</ele><time>2025-11-16T01:52:42Z</time><extensions><gpxtpx:TrackPointExtension><gpxtpx:cad>0</gpxtpx:cad></gpxtpx:TrackPointExtension></extensions></trkpt><trkpt lat="14.9887375999" lon="74.0334900934"><ele>2.54</ele><time>2025-11-16T01:52:47Z</time><extensions><gpxtpx:TrackPointExtension><gpxtpx:cad>0</gpxtpx:cad></gpxtpx:TrackPointExtension></extensions></trkpt><trkpt lat="14.9888344947" lon="74.0333576594"><ele>2.54</ele><time>2025-11-16T01:52:52Z</time><extensions><gpxtpx:TrackPointExtension><gpxtpx:cad>0</gpxtpx:cad></gpxtpx:TrackPointExtension></extensions></trkpt><trkpt lat="14.9889272824" lon="74.0332246386"><ele>3.02</ele><time>2025-11-16T01:52:57Z</time><extensions><gpxtpx:TrackPointExtension><gpxtpx:cad>0</gpxtpx:cad></gpxtpx:TrackPointExtension></extensions></trkpt><trkpt lat="14.9890180584" lon="74.0330934618"><ele>3.02</ele><time>2025-11-16T01:53:02Z</time><extensions><gpxtpx:TrackPointExtension><gpxtpx:cad>0</gpxtpx:cad></gpxtpx:TrackPointExtension></extensions></trkpt><trkpt lat="14.9891123548" lon="74.0329605248"><ele>2.54</ele><time>2025-11-16T01:53:07Z</time><extensions><gpxtpx:TrackPointExtension><gpxtpx:cad>0</gpxtpx:cad></gpxtpx:TrackPointExtension></extensions></trkpt><trkpt lat="14.9892019574" lon="74.0328248218"><ele>1.58</ele><time>2025-11-16T01:53:12Z</time><extensions><gpxtpx:TrackPointExtension><gpxtpx:cad>0</gpxtpx:cad></gpxtpx:TrackPointExtension></extensions></trkpt><trkpt lat="14.9893079884" lon="74.0326991770"><ele>1.58</ele><time>2025-11-16T01:53:17Z</time><extensions><gpxtpx:TrackPointExtension><gpxtpx:cad>0</gpxtpx:cad></gpxtpx:TrackPointExtension></extensions></trkpt><trkpt lat="14.9894042127" lon="74.0325694252"><ele>1.58</ele><time>2025-11-16T01:53:22Z</time><extensions><gpxtpx:TrackPointExtension><gpxtpx:cad>0</gpxtpx:cad></gpxtpx:TrackPointExtension></extensions></trkpt><trkpt lat="14.9895011075" lon="74.0324370749"><ele>1.10</ele><time>2025-11-16T01:53:27Z</time><extensions><gpxtpx:TrackPointExtension><gpxtpx:cad>0</gpxtpx:cad></gpxtpx:TrackPointExtension></extensions></trkpt><trkpt lat="14.9895995948" lon="74.0323077422"><ele>1.10</ele><time>2025-11-16T01:53:32Z</time><extensions><gpxtpx:TrackPointExtension><gpxtpx:cad>0</gpxtpx:cad></gpxtpx:TrackPointExtension></extensions></trkpt><trkpt lat="14.9897026923" lon="74.0321854502"><ele>1.10</ele><time>2025-11-16T01:53:37Z</time><extensions><gpxtpx:TrackPointExtension><gpxtpx:cad>0</gpxtpx:cad></gpxtpx:TrackPointExtension></extensions></trkpt><trkpt lat="14.9898002576" lon="74.0320482384"><ele>1.10</ele><time>2025-11-16T01:53:42Z</time><extensions><gpxtpx:TrackPointExtension><gpxtpx:cad>0</gpxtpx:cad></gpxtpx:TrackPointExtension></extensions></trkpt><trkpt lat="14.9899000861" lon="74.0319124516"><ele>1.10</ele><time>2025-11-16T01:53:47Z</time><extensions><gpxtpx:TrackPointExtension><gpxtpx:cad>0</gpxtpx:cad></gpxtpx:TrackPointExtension></extensions></trkpt><trkpt lat="14.9899995793" lon="74.0317808557"><ele>1.58</ele><time>2025-11-16T01:53:52Z</time><extensions><gpxtpx:TrackPointExtension><gpxtpx:cad>0</gpxtpx:cad></gpxtpx:TrackPointExtension></extensions></trkpt><trkpt lat="14.9900961388" lon="74.0316550434"><ele>1.10</ele><time>2025-11-16T01:53:57Z</time><extensions><gpxtpx:TrackPointExtension><gpxtpx:cad>0</gpxtpx:cad></gpxtpx:TrackPointExtension></extensions></trkpt><trkpt lat="14.9901950452" lon="74.0315201785"><ele>1.58</ele><time>2025-11-16T01:54:02Z</time><extensions><gpxtpx:TrackPointExtension><gpxtpx:cad>0</gpxtpx:cad></gpxtpx:TrackPointExtension></extensions></trkpt><trkpt lat="14.9902997352" lon="74.0313848108"><ele>1.58</ele><time>2025-11-16T01:54:07Z</time><extensions><gpxtpx:TrackPointExtension><gpxtpx:cad>0</gpxtpx:cad></gpxtpx:TrackPointExtension></extensions></trkpt><trkpt lat="14.9903970491" lon="74.0312546398"><ele>1.58</ele><time>2025-11-16T01:54:12Z</time><extensions><gpxtpx:TrackPointExtension><gpxtpx:cad>0</gpxtpx:cad></gpxtpx:TrackPointExtension></extensions></trkpt><trkpt lat="14.9904993922" lon="74.0311268996"><ele>2.06</ele><time>2025-11-16T01:54:17Z</time><extensions><gpxtpx:TrackPointExtension><gpxtpx:cad>0</gpxtpx:cad></gpxtpx:TrackPointExtension></extensions></trkpt><trkpt lat="14.9905970413" lon="74.0309925377"><ele>2.06</ele><time>2025-11-16T01:54:22Z</time><extensions><gpxtpx:TrackPointExtension><gpxtpx:cad>0</gpxtpx:cad></gpxtpx:TrackPointExtension></extensions></trkpt><trkpt lat="14.9906846322" lon="74.0308534820"><ele>2.06</ele><time>2025-11-16T01:54:27Z</time><extensions><gpxtpx:TrackPointExtension><gpxtpx:cad>0</gpxtpx:cad></gpxtpx:TrackPointExtension></extensions></trkpt><trkpt lat="14.9907786772" lon="74.0307026915"><ele>2.06</ele><time>2025-11-16T01:54:32Z</time><extensions><gpxtpx:TrackPointExtension><gpxtpx:cad>0</gpxtpx:cad></gpxtpx:TrackPointExtension></extensions></trkpt><trkpt lat="14.9908579700" lon="74.0305567626"><ele>2.06</ele><time>2025-11-16T01:54:37Z</time><extensions><gpxtpx:TrackPointExtension><gpxtpx:cad>0</gpxtpx:cad></gpxtpx:TrackPointExtension></extensions></trkpt><trkpt lat="14.9909392744" lon="74.0304065589"><ele>2.06</ele><time>2025-11-16T01:54:42Z</time><extensions><gpxtpx:TrackPointExtension><gpxtpx:cad>0</gpxtpx:cad></gpxtpx:TrackPointExtension></extensions></trkpt><trkpt lat="14.9910169747" lon="74.0302604623"><ele>2.54</ele><time>2025-11-16T01:54:47Z</time><extensions><gpxtpx:TrackPointExtension><gpxtpx:cad>0</gpxtpx:cad></gpxtpx:TrackPointExtension></extensions></trkpt><trkpt lat="14.9911003746" lon="74.0301235858"><ele>2.06</ele><time>2025-11-16T01:54:52Z</time><extensions><gpxtpx:TrackPointExtension><gpxtpx:cad>0</gpxtpx:cad></gpxtpx:TrackPointExtension></extensions></trkpt><trkpt lat="14.9911817629" lon="74.0299810097"><ele>1.58</ele><time>2025-11-16T01:54:57Z</time><extensions><gpxtpx:TrackPointExtension><gpxtpx:cad>0</gpxtpx:cad></gpxtpx:TrackPointExtension></extensions></trkpt><trkpt lat="14.9912783224" lon="74.0298432112"><ele>1.58</ele><time>2025-11-16T01:55:02Z</time><extensions><gpxtpx:TrackPointExtension><gpxtpx:cad>0</gpxtpx:cad></gpxtpx:TrackPointExtension></extensions></trkpt><trkpt lat="14.9913564418" lon="74.0296963602"><ele>1.58</ele><time>2025-11-16T01:55:07Z</time><extensions><gpxtpx:TrackPointExtension><gpxtpx:cad>0</gpxtpx:cad></gpxtpx:TrackPointExtension></extensions></trkpt><trkpt lat="14.9914328009" lon="74.0295504313"><ele>1.58</ele><time>2025-11-16T01:55:12Z</time><extensions><gpxtpx:TrackPointExtension><gpxtpx:cad>0</gpxtpx:cad></gpxtpx:TrackPointExtension></extensions></trkpt><trkpt lat="14.9915205594" lon="74.0294109564"><ele>2.06</ele><time>2025-11-16T01:55:17Z</time><extensions><gpxtpx:TrackPointExtension><gpxtpx:cad>0</gpxtpx:cad></gpxtpx:TrackPointExtension></extensions></trkpt><trkpt lat="14.9916032888" lon="74.0292616747"><ele>1.58</ele><time>2025-11-16T01:55:22Z</time><extensions><gpxtpx:TrackPointExtension><gpxtpx:cad>0</gpxtpx:cad></gpxtpx:TrackPointExtension></extensions></trkpt><trkpt lat="14.9916794803" lon="74.0291124769"><ele>2.06</ele><time>2025-11-16T01:55:27Z</time><extensions><gpxtpx:TrackPointExtension><gpxtpx:cad>0</gpxtpx:cad></gpxtpx:TrackPointExtension></extensions></trkpt><trkpt lat="14.9917552527" lon="74.0289714094"><ele>1.58</ele><time>2025-11-16T01:55:32Z</time><extensions><gpxtpx:TrackPointExtension><gpxtpx:cad>0</gpxtpx:cad></gpxtpx:TrackPointExtension></extensions></trkpt><trkpt lat="14.9918231461" lon="74.0288201161"><ele>1.10</ele><time>2025-11-16T01:55:37Z</time><extensions><gpxtpx:TrackPointExtension><gpxtpx:cad>0</gpxtpx:cad></gpxtpx:TrackPointExtension></extensions></trkpt><trkpt lat="14.9918862619" lon="74.0286682360"><ele>1.10</ele><time>2025-11-16T01:55:42Z</time><extensions><gpxtpx:TrackPointExtension><gpxtpx:cad>0</gpxtpx:cad></gpxtpx:TrackPointExtension></extensions></trkpt><trkpt lat="14.9919605255" lon="74.0285260789"><ele>1.10</ele><time>2025-11-16T01:55:47Z</time><extensions><gpxtpx:TrackPointExtension><gpxtpx:cad>0</gpxtpx:cad></gpxtpx:TrackPointExtension></extensions></trkpt><trkpt lat="14.9920309335" lon="74.0283757914"><ele>1.10</ele><time>2025-11-16T01:55:52Z</time><extensions><gpxtpx:TrackPointExtension><gpxtpx:cad>0</gpxtpx:cad></gpxtpx:TrackPointExtension></extensions></trkpt><trkpt lat="14.9921068735" lon="74.0282306168"><ele>1.10</ele><time>2025-11-16T01:55:57Z</time><extensions><gpxtpx:TrackPointExtension><gpxtpx:cad>0</gpxtpx:cad></gpxtpx:TrackPointExtension></extensions></trkpt><trkpt lat="14.9921928719" lon="74.0280921478"><ele>1.58</ele><time>2025-11-16T01:56:02Z</time><extensions><gpxtpx:TrackPointExtension><gpxtpx:cad>0</gpxtpx:cad></gpxtpx:TrackPointExtension></extensions></trkpt><trkpt lat="14.9922776129" lon="74.0279478952"><ele>1.10</ele><time>2025-11-16T01:56:07Z</time><extensions><gpxtpx:TrackPointExtension><gpxtpx:cad>0</gpxtpx:cad></gpxtpx:TrackPointExtension></extensions></trkpt><trkpt lat="14.9923753459" lon="74.0278199874"><ele>1.58</ele><time>2025-11-16T01:56:12Z</time><extensions><gpxtpx:TrackPointExtension><gpxtpx:cad>0</gpxtpx:cad></gpxtpx:TrackPointExtension></extensions></trkpt><trkpt lat="14.9924721569" lon="74.0276876371"><ele>1.58</ele><time>2025-11-16T01:56:17Z</time><extensions><gpxtpx:TrackPointExtension><gpxtpx:cad>0</gpxtpx:cad></gpxtpx:TrackPointExtension></extensions></trkpt><trkpt lat="14.9925741646" lon="74.0275580529"><ele>1.58</ele><time>2025-11-16T01:56:22Z</time><extensions><gpxtpx:TrackPointExtension><gpxtpx:cad>0</gpxtpx:cad></gpxtpx:TrackPointExtension></extensions></trkpt><trkpt lat="14.9926676229" lon="74.0274280496"><ele>2.06</ele><time>2025-11-16T01:56:27Z</time><extensions><gpxtpx:TrackPointExtension><gpxtpx:cad>0</gpxtpx:cad></gpxtpx:TrackPointExtension></extensions></trkpt><trkpt lat="14.9927512743" lon="74.0272853896"><ele>2.06</ele><time>2025-11-16T01:56:32Z</time><extensions><gpxtpx:TrackPointExtension><gpxtpx:cad>0</gpxtpx:cad></gpxtpx:TrackPointExtension></extensions></trkpt><trkpt lat="14.9928254541" lon="74.0271410532"><ele>2.06</ele><time>2025-11-16T01:56:37Z</time><extensions><gpxtpx:TrackPointExtension><gpxtpx:cad>0</gpxtpx:cad></gpxtpx:TrackPointExtension></extensions></trkpt><trkpt lat="14.9929000530" lon="74.0269931965"><ele>2.06</ele><time>2025-11-16T01:56:42Z</time><extensions><gpxtpx:TrackPointExtension><gpxtpx:cad>0</gpxtpx:cad></gpxtpx:TrackPointExtension></extensions></trkpt><trkpt lat="14.9929795135" lon="74.0268476866"><ele>1.58</ele><time>2025-11-16T01:56:47Z</time><extensions><gpxtpx:TrackPointExtension><gpxtpx:cad>0</gpxtpx:cad></gpxtpx:TrackPointExtension></extensions></trkpt><trkpt lat="14.9930575490" lon="74.0267041046"><ele>2.06</ele><time>2025-11-16T01:56:52Z</time><extensions><gpxtpx:TrackPointExtension><gpxtpx:cad>0</gpxtpx:cad></gpxtpx:TrackPointExtension></extensions></trkpt><trkpt lat="14.9931518454" lon="74.0265678987"><ele>2.06</ele><time>2025-11-16T01:56:57Z</time><extensions><gpxtpx:TrackPointExtension><gpxtpx:cad>0</gpxtpx:cad></gpxtpx:TrackPointExtension></extensions></trkpt><trkpt lat="14.9932448007" lon="74.0264275018"><ele>2.54</ele><time>2025-11-16T01:57:02Z</time><extensions><gpxtpx:TrackPointExtension><gpxtpx:cad>0</gpxtpx:cad></gpxtpx:TrackPointExtension></extensions></trkpt><trkpt lat="14.9933237582" lon="74.0262827463"><ele>3.02</ele><time>2025-11-16T01:57:07Z</time><extensions><gpxtpx:TrackPointExtension><gpxtpx:cad>0</gpxtpx:cad></gpxtpx:TrackPointExtension></extensions></trkpt><trkpt lat="14.9934115168" lon="74.0261441935"><ele>3.02</ele><time>2025-11-16T01:57:12Z</time><extensions><gpxtpx:TrackPointExtension><gpxtpx:cad>0</gpxtpx:cad></gpxtpx:TrackPointExtension></extensions></trkpt><trkpt lat="14.9935011193" lon="74.0260070655"><ele>2.54</ele><time>2025-11-16T01:57:17Z</time><extensions><gpxtpx:TrackPointExtension><gpxtpx:cad>0</gpxtpx:cad></gpxtpx:TrackPointExtension></extensions></trkpt><trkpt lat="14.9935880397" lon="74.0258700214"><ele>2.54</ele><time>2025-11-16T01:57:22Z</time><extensions><gpxtpx:TrackPointExtension><gpxtpx:cad>0</gpxtpx:cad></gpxtpx:TrackPointExtension></extensions></trkpt><trkpt lat="14.9936753791" lon="74.0257252660"><ele>2.54</ele><time>2025-11-16T01:57:27Z</time><extensions><gpxtpx:TrackPointExtension><gpxtpx:cad>0</gpxtpx:cad></gpxtpx:TrackPointExtension></extensions></trkpt><trkpt lat="14.9937664904" lon="74.0255857911"><ele>2.54</ele><time>2025-11-16T01:57:32Z</time><extensions><gpxtpx:TrackPointExtension><gpxtpx:cad>0</gpxtpx:cad></gpxtpx:TrackPointExtension></extensions></trkpt><trkpt lat="14.9938547518" lon="74.0254462324"><ele>2.54</ele><time>2025-11-16T01:57:37Z</time><extensions><gpxtpx:TrackPointExtension><gpxtpx:cad>0</gpxtpx:cad></gpxtpx:TrackPointExtension></extensions></trkpt><trkpt lat="14.9939472880" lon="74.0253101941"><ele>2.54</ele><time>2025-11-16T01:57:42Z</time><extensions><gpxtpx:TrackPointExtension><gpxtpx:cad>0</gpxtpx:cad></gpxtpx:TrackPointExtension></extensions></trkpt><trkpt lat="14.9940596893" lon="74.0252039116"><ele>2.54</ele><time>2025-11-16T01:57:47Z</time><extensions><gpxtpx:TrackPointExtension><gpxtpx:cad>0</gpxtpx:cad></gpxtpx:TrackPointExtension></extensions></trkpt><trkpt lat="14.9941953085" lon="74.0251252893"><ele>2.06</ele><time>2025-11-16T01:57:52Z</time><extensions><gpxtpx:TrackPointExtension><gpxtpx:cad>0</gpxtpx:cad></gpxtpx:TrackPointExtension></extensions></trkpt><trkpt lat="14.9943393096" lon="74.0250502713"><ele>2.06</ele><time>2025-11-16T01:57:57Z</time><extensions><gpxtpx:TrackPointExtension><gpxtpx:cad>0</gpxtpx:cad></gpxtpx:TrackPointExtension></extensions></trkpt><trkpt lat="14.9944826402" lon="74.0249794442"><ele>2.06</ele><time>2025-11-16T01:58:02Z</time><extensions><gpxtpx:TrackPointExtension><gpxtpx:cad>0</gpxtpx:cad></gpxtpx:TrackPointExtension></extensions></trkpt><trkpt lat="14.9946232047" lon="74.0249072760"><ele>2.06</ele><time>2025-11-16T01:58:07Z</time><extensions><gpxtpx:TrackPointExtension><gpxtpx:cad>0</gpxtpx:cad></gpxtpx:TrackPointExtension></extensions></trkpt><trkpt lat="14.9947746657" lon="74.0248432383"><ele>2.06</ele><time>2025-11-16T01:58:12Z</time><extensions><gpxtpx:TrackPointExtension><gpxtpx:cad>0</gpxtpx:cad></gpxtpx:TrackPointExtension></extensions></trkpt><trkpt lat="14.9949271325" lon="74.0247874148"><ele>2.54</ele><time>2025-11-16T01:58:17Z</time><extensions><gpxtpx:TrackPointExtension><gpxtpx:cad>0</gpxtpx:cad></gpxtpx:TrackPointExtension></extensions></trkpt><trkpt lat="14.9950765818" lon="74.0247357823"><ele>2.54</ele><time>2025-11-16T01:58:22Z</time><extensions><gpxtpx:TrackPointExtension><gpxtpx:cad>0</gpxtpx:cad></gpxtpx:TrackPointExtension></extensions></trkpt><trkpt lat="14.9952246062" lon="74.0246904362"><ele>2.54</ele><time>2025-11-16T01:58:27Z</time><extensions><gpxtpx:TrackPointExtension><gpxtpx:cad>0</gpxtpx:cad></gpxtpx:TrackPointExtension></extensions></trkpt><trkpt lat="14.9953762349" lon="74.0246408153"><ele>2.54</ele><time>2025-11-16T01:58:32Z</time><extensions><gpxtpx:TrackPointExtension><gpxtpx:cad>0</gpxtpx:cad></gpxtpx:TrackPointExtension></extensions></trkpt><trkpt lat="14.9955256842" lon="74.0245890152"><ele>2.54</ele><time>2025-11-16T01:58:37Z</time><extensions><gpxtpx:TrackPointExtension><gpxtpx:cad>0</gpxtpx:cad></gpxtpx:TrackPointExtension></extensions></trkpt><trkpt lat="14.9956782348" lon="74.0245274920"><ele>2.54</ele><time>2025-11-16T01:58:42Z</time><extensions><gpxtpx:TrackPointExtension><gpxtpx:cad>0</gpxtpx:cad></gpxtpx:TrackPointExtension></extensions></trkpt><trkpt lat="14.9958230741" lon="74.0244671423"><ele>2.06</ele><time>2025-11-16T01:58:47Z</time><extensions><gpxtpx:TrackPointExtension><gpxtpx:cad>0</gpxtpx:cad></gpxtpx:TrackPointExtension></extensions></trkpt><trkpt lat="14.9959767982" lon="74.0244179405"><ele>2.06</ele><time>2025-11-16T01:58:52Z</time><extensions><gpxtpx:TrackPointExtension><gpxtpx:cad>0</gpxtpx:cad></gpxtpx:TrackPointExtension></extensions></trkpt><trkpt lat="14.9961317796" lon="74.0243762825"><ele>2.06</ele><time>2025-11-16T01:58:57Z</time><extensions><gpxtpx:TrackPointExtension><gpxtpx:cad>0</gpxtpx:cad></gpxtpx:TrackPointExtension></extensions></trkpt><trkpt lat="14.9962874316" lon="74.0243217163"><ele>1.58</ele><time>2025-11-16T01:59:02Z</time><extensions><gpxtpx:TrackPointExtension><gpxtpx:cad>0</gpxtpx:cad></gpxtpx:TrackPointExtension></extensions></trkpt><trkpt lat="14.9964411557" lon="74.0242635459"><ele>1.58</ele><time>2025-11-16T01:59:07Z</time><extensions><gpxtpx:TrackPointExtension><gpxtpx:cad>0</gpxtpx:cad></gpxtpx:TrackPointExtension></extensions></trkpt><trkpt lat="14.9965899345" lon="74.0242075548"><ele>1.58</ele><time>2025-11-16T01:59:12Z</time><extensions><gpxtpx:TrackPointExtension><gpxtpx:cad>0</gpxtpx:cad></gpxtpx:TrackPointExtension></extensions></trkpt><trkpt lat="14.9967438262" lon="74.0241565928"><ele>1.58</ele><time>2025-11-16T01:59:17Z</time><extensions><gpxtpx:TrackPointExtension><gpxtpx:cad>0</gpxtpx:cad></gpxtpx:TrackPointExtension></extensions></trkpt><trkpt lat="14.9969009031" lon="74.0241018590"><ele>1.58</ele><time>2025-11-16T01:59:22Z</time><extensions><gpxtpx:TrackPointExtension><gpxtpx:cad>0</gpxtpx:cad></gpxtpx:TrackPointExtension></extensions></trkpt><trkpt lat="14.9970504362" lon="74.0240382403"><ele>2.06</ele><time>2025-11-16T01:59:27Z</time><extensions><gpxtpx:TrackPointExtension><gpxtpx:cad>0</gpxtpx:cad></gpxtpx:TrackPointExtension></extensions></trkpt><trkpt lat="14.9972006399" lon="74.0239773039"><ele>2.54</ele><time>2025-11-16T01:59:32Z</time><extensions><gpxtpx:TrackPointExtension><gpxtpx:cad>0</gpxtpx:cad></gpxtpx:TrackPointExtension></extensions></trkpt><trkpt lat="14.9973572977" lon="74.0239280183"><ele>3.02</ele><time>2025-11-16T01:59:37Z</time><extensions><gpxtpx:TrackPointExtension><gpxtpx:cad>0</gpxtpx:cad></gpxtpx:TrackPointExtension></extensions></trkpt><trkpt lat="14.9975064117" lon="74.0238755476"><ele>2.06</ele><time>2025-11-16T01:59:42Z</time><extensions><gpxtpx:TrackPointExtension><gpxtpx:cad>0</gpxtpx:cad></gpxtpx:TrackPointExtension></extensions></trkpt><trkpt lat="14.9976505805" lon="74.0238195565"><ele>1.58</ele><time>2025-11-16T01:59:47Z</time><extensions><gpxtpx:TrackPointExtension><gpxtpx:cad>0</gpxtpx:cad></gpxtpx:TrackPointExtension></extensions></trkpt><trkpt lat="14.9977985211" lon="74.0237566084"><ele>1.10</ele><time>2025-11-16T01:59:52Z</time><extensions><gpxtpx:TrackPointExtension><gpxtpx:cad>0</gpxtpx:cad></gpxtpx:TrackPointExtension></extensions></trkpt><trkpt lat="14.9979524128" lon="74.0236994438"><ele>1.10</ele><time>2025-11-16T01:59:57Z</time><extensions><gpxtpx:TrackPointExtension><gpxtpx:cad>0</gpxtpx:cad></gpxtpx:TrackPointExtension></extensions></trkpt><trkpt lat="14.9981089029" lon="74.0236426983"><ele>1.10</ele><time>2025-11-16T02:00:02Z</time><extensions><gpxtpx:TrackPointExtension><gpxtpx:cad>0</gpxtpx:cad></gpxtpx:TrackPointExtension></extensions></trkpt><trkpt lat="14.9982504733" lon="74.0235809237"><ele>1.10</ele><time>2025-11-16T02:00:07Z</time><extensions><gpxtpx:TrackPointExtension><gpxtpx:cad>0</gpxtpx:cad></gpxtpx:TrackPointExtension></extensions></trkpt><trkpt lat="14.9983978271" lon="74.0235235076"><ele>1.10</ele><time>2025-11-16T02:00:12Z</time><extensions><gpxtpx:TrackPointExtension><gpxtpx:cad>0</gpxtpx:cad></gpxtpx:TrackPointExtension></extensions></trkpt><trkpt lat="14.9985538144" lon="74.0234803408"><ele>1.10</ele><time>2025-11-16T02:00:17Z</time><extensions><gpxtpx:TrackPointExtension><gpxtpx:cad>0</gpxtpx:cad></gpxtpx:TrackPointExtension></extensions></trkpt><trkpt lat="14.9987146631" lon="74.0234336536"><ele>1.10</ele><time>2025-11-16T02:00:22Z</time><extensions><gpxtpx:TrackPointExtension><gpxtpx:cad>0</gpxtpx:cad></gpxtpx:TrackPointExtension></extensions></trkpt><trkpt lat="14.9988684710" lon="74.0233789198"><ele>1.10</ele><time>2025-11-16T02:00:27Z</time><extensions><gpxtpx:TrackPointExtension><gpxtpx:cad>0</gpxtpx:cad></gpxtpx:TrackPointExtension></extensions></trkpt><trkpt lat="14.9990149867" lon="74.0233298019"><ele>1.10</ele><time>2025-11-16T02:00:32Z</time><extensions><gpxtpx:TrackPointExtension><gpxtpx:cad>0</gpxtpx:cad></gpxtpx:TrackPointExtension></extensions></trkpt><trkpt lat="14.9991693813" lon="74.0232781693"><ele>0.62</ele><time>2025-11-16T02:00:37Z</time><extensions><gpxtpx:TrackPointExtension><gpxtpx:cad>0</gpxtpx:cad></gpxtpx:TrackPointExtension></extensions></trkpt><trkpt lat="14.9993289728" lon="74.0232449770"><ele>0.62</ele><time>2025-11-16T02:00:42Z</time><extensions><gpxtpx:TrackPointExtension><gpxtpx:cad>0</gpxtpx:cad></gpxtpx:TrackPointExtension></extensions></trkpt><trkpt lat="14.9994856305" lon="74.0232134610"><ele>0.62</ele><time>2025-11-16T02:00:47Z</time><extensions><gpxtpx:TrackPointExtension><gpxtpx:cad>0</gpxtpx:cad></gpxtpx:TrackPointExtension></extensions></trkpt><trkpt lat="14.9996396899" lon="74.0231856331"><ele>0.62</ele><time>2025-11-16T02:00:52Z</time><extensions><gpxtpx:TrackPointExtension><gpxtpx:cad>0</gpxtpx:cad></gpxtpx:TrackPointExtension></extensions></trkpt><trkpt lat="14.9997960962" lon="74.0231491718"><ele>0.62</ele><time>2025-11-16T02:00:57Z</time><extensions><gpxtpx:TrackPointExtension><gpxtpx:cad>0</gpxtpx:cad></gpxtpx:TrackPointExtension></extensions></trkpt><trkpt lat="14.9999545142" lon="74.0231281333"><ele>0.62</ele><time>2025-11-16T02:01:02Z</time><extensions><gpxtpx:TrackPointExtension><gpxtpx:cad>0</gpxtpx:cad></gpxtpx:TrackPointExtension></extensions></trkpt><trkpt lat="15.0001119263" lon="74.0231189132"><ele>0.62</ele><time>2025-11-16T02:01:07Z</time><extensions><gpxtpx:TrackPointExtension><gpxtpx:cad>0</gpxtpx:cad></gpxtpx:TrackPointExtension></extensions></trkpt><trkpt lat="15.0002681650" lon="74.0230896603"><ele>0.62</ele><time>2025-11-16T02:01:12Z</time><extensions><gpxtpx:TrackPointExtension><gpxtpx:cad>0</gpxtpx:cad></gpxtpx:TrackPointExtension></extensions></trkpt><trkpt lat="15.0004215539" lon="74.0230454877"><ele>0.62</ele><time>2025-11-16T02:01:17Z</time><extensions><gpxtpx:TrackPointExtension><gpxtpx:cad>0</gpxtpx:cad></gpxtpx:TrackPointExtension></extensions></trkpt><trkpt lat="15.0005699974" lon="74.0229977109"><ele>1.10</ele><time>2025-11-16T02:01:22Z</time><extensions><gpxtpx:TrackPointExtension><gpxtpx:cad>0</gpxtpx:cad></gpxtpx:TrackPointExtension></extensions></trkpt><trkpt lat="15.0007248949" lon="74.0229452401"><ele>1.10</ele><time>2025-11-16T02:01:27Z</time><extensions><gpxtpx:TrackPointExtension><gpxtpx:cad>0</gpxtpx:cad></gpxtpx:TrackPointExtension></extensions></trkpt><trkpt lat="15.0008750986" lon="74.0228876565"><ele>0.62</ele><time>2025-11-16T02:01:32Z</time><extensions><gpxtpx:TrackPointExtension><gpxtpx:cad>0</gpxtpx:cad></gpxtpx:TrackPointExtension></extensions></trkpt><trkpt lat="15.0010233745" lon="74.0228311624"><ele>0.62</ele><time>2025-11-16T02:01:37Z</time><extensions><gpxtpx:TrackPointExtension><gpxtpx:cad>0</gpxtpx:cad></gpxtpx:TrackPointExtension></extensions></trkpt><trkpt lat="15.0011746679" lon="74.0227810387"><ele>0.62</ele><time>2025-11-16T02:01:42Z</time><extensions><gpxtpx:TrackPointExtension><gpxtpx:cad>0</gpxtpx:cad></gpxtpx:TrackPointExtension></extensions></trkpt><trkpt lat="15.0013217703" lon="74.0227143187"><ele>0.62</ele><time>2025-11-16T02:01:47Z</time><extensions><gpxtpx:TrackPointExtension><gpxtpx:cad>0</gpxtpx:cad></gpxtpx:TrackPointExtension></extensions></trkpt><trkpt lat="15.0014702976" lon="74.0226509515"><ele>0.62</ele><time>2025-11-16T02:01:52Z</time><extensions><gpxtpx:TrackPointExtension><gpxtpx:cad>0</gpxtpx:cad></gpxtpx:TrackPointExtension></extensions></trkpt><trkpt lat="15.0016224291" lon="74.0225975588"><ele>0.62</ele><time>2025-11-16T02:01:57Z</time><extensions><gpxtpx:TrackPointExtension><gpxtpx:cad>0</gpxtpx:cad></gpxtpx:TrackPointExtension></extensions></trkpt><trkpt lat="15.0017755665" lon="74.0225477703"><ele>0.62</ele><time>2025-11-16T02:02:02Z</time><extensions><gpxtpx:TrackPointExtension><gpxtpx:cad>0</gpxtpx:cad></gpxtpx:TrackPointExtension></extensions></trkpt><trkpt lat="15.0019294582" lon="74.0225004125"><ele>0.62</ele><time>2025-11-16T02:02:07Z</time><extensions><gpxtpx:TrackPointExtension><gpxtpx:cad>0</gpxtpx:cad></gpxtpx:TrackPointExtension></extensions></trkpt><trkpt lat="15.0020840205" lon="74.0224552341"><ele>0.62</ele><time>2025-11-16T02:02:12Z</time><extensions><gpxtpx:TrackPointExtension><gpxtpx:cad>0</gpxtpx:cad></gpxtpx:TrackPointExtension></extensions></trkpt><trkpt lat="15.0022382475" lon="74.0224128217"><ele>0.62</ele><time>2025-11-16T02:02:17Z</time><extensions><gpxtpx:TrackPointExtension><gpxtpx:cad>0</gpxtpx:cad></gpxtpx:TrackPointExtension></extensions></trkpt><trkpt lat="15.0023937318" lon="74.0223705769"><ele>1.10</ele><time>2025-11-16T02:02:22Z</time><extensions><gpxtpx:TrackPointExtension><gpxtpx:cad>0</gpxtpx:cad></gpxtpx:TrackPointExtension></extensions></trkpt><trkpt lat="15.0025495514" lon="74.0223281644"><ele>1.10</ele><time>2025-11-16T02:02:27Z</time><extensions><gpxtpx:TrackPointExtension><gpxtpx:cad>0</gpxtpx:cad></gpxtpx:TrackPointExtension></extensions></trkpt><trkpt lat="15.0027164351" lon="74.0222843271"><ele>1.10</ele><time>2025-11-16T02:02:32Z</time><extensions><gpxtpx:TrackPointExtension><gpxtpx:cad>0</gpxtpx:cad></gpxtpx:TrackPointExtension></extensions></trkpt><trkpt lat="15.0028664712" lon="74.0222450159"><ele>1.10</ele><time>2025-11-16T02:02:37Z</time><extensions><gpxtpx:TrackPointExtension><gpxtpx:cad>0</gpxtpx:cad></gpxtpx:TrackPointExtension></extensions></trkpt><trkpt lat="15.0030215364" lon="74.0222077165"><ele>1.58</ele><time>2025-11-16T02:02:42Z</time><extensions><gpxtpx:TrackPointExtension><gpxtpx:cad>0</gpxtpx:cad></gpxtpx:TrackPointExtension></extensions></trkpt><trkpt lat="15.0031869113" lon="74.0221748594"><ele>1.58</ele><time>2025-11-16T02:02:47Z</time><extensions><gpxtpx:TrackPointExtension><gpxtpx:cad>0</gpxtpx:cad></gpxtpx:TrackPointExtension></extensions></trkpt><trkpt lat="15.0033400487" lon="74.0221283399"><ele>1.58</ele><time>2025-11-16T02:02:52Z</time><extensions><gpxtpx:TrackPointExtension><gpxtpx:cad>0</gpxtpx:cad></gpxtpx:TrackPointExtension></extensions></trkpt><trkpt lat="15.0034957845" lon="74.0220881067"><ele>2.06</ele><time>2025-11-16T02:02:57Z</time><extensions><gpxtpx:TrackPointExtension><gpxtpx:cad>0</gpxtpx:cad></gpxtpx:TrackPointExtension></extensions></trkpt><trkpt lat="15.0036521908" lon="74.0220468678"><ele>2.06</ele><time>2025-11-16T02:03:02Z</time><extensions><gpxtpx:TrackPointExtension><gpxtpx:cad>0</gpxtpx:cad></gpxtpx:TrackPointExtension></extensions></trkpt><trkpt lat="15.0038059149" lon="74.0219942294"><ele>2.06</ele><time>2025-11-16T02:03:07Z</time><extensions><gpxtpx:TrackPointExtension><gpxtpx:cad>0</gpxtpx:cad></gpxtpx:TrackPointExtension></extensions></trkpt><trkpt lat="15.0039599743" lon="74.0219452791"><ele>2.06</ele><time>2025-11-16T02:03:12Z</time><extensions><gpxtpx:TrackPointExtension><gpxtpx:cad>0</gpxtpx:cad></gpxtpx:TrackPointExtension></extensions></trkpt><trkpt lat="15.0041118544" lon="74.0218856838"><ele>2.06</ele><time>2025-11-16T02:03:17Z</time><extensions><gpxtpx:TrackPointExtension><gpxtpx:cad>0</gpxtpx:cad></gpxtpx:TrackPointExtension></extensions></trkpt><trkpt lat="15.0042591244" lon="74.0218244959"><ele>2.54</ele><time>2025-11-16T02:03:22Z</time><extensions><gpxtpx:TrackPointExtension><gpxtpx:cad>0</gpxtpx:cad></gpxtpx:TrackPointExtension></extensions></trkpt><trkpt lat="15.0044136867" lon="74.0217697620"><ele>2.54</ele><time>2025-11-16T02:03:27Z</time><extensions><gpxtpx:TrackPointExtension><gpxtpx:cad>0</gpxtpx:cad></gpxtpx:TrackPointExtension></extensions></trkpt><trkpt lat="15.0045642257" lon="74.0217094962"><ele>3.02</ele><time>2025-11-16T02:03:32Z</time><extensions><gpxtpx:TrackPointExtension><gpxtpx:cad>0</gpxtpx:cad></gpxtpx:TrackPointExtension></extensions></trkpt><trkpt lat="15.0047114119" lon="74.0216497332"><ele>2.54</ele><time>2025-11-16T02:03:37Z</time><extensions><gpxtpx:TrackPointExtension><gpxtpx:cad>0</gpxtpx:cad></gpxtpx:TrackPointExtension></extensions></trkpt><trkpt lat="15.0048644654" lon="74.0215912275"><ele>2.06</ele><time>2025-11-16T02:03:42Z</time><extensions><gpxtpx:TrackPointExtension><gpxtpx:cad>0</gpxtpx:cad></gpxtpx:TrackPointExtension></extensions></trkpt><trkpt lat="15.0050222967" lon="74.0215401817"><ele>2.06</ele><time>2025-11-16T02:03:47Z</time><extensions><gpxtpx:TrackPointExtension><gpxtpx:cad>0</gpxtpx:cad></gpxtpx:TrackPointExtension></extensions></trkpt><trkpt lat="15.0051704887" lon="74.0214825142"><ele>2.06</ele><time>2025-11-16T02:03:52Z</time><extensions><gpxtpx:TrackPointExtension><gpxtpx:cad>0</gpxtpx:cad></gpxtpx:TrackPointExtension></extensions></trkpt><trkpt lat="15.0053227879" lon="74.0214260202"><ele>2.06</ele><time>2025-11-16T02:03:57Z</time><extensions><gpxtpx:TrackPointExtension><gpxtpx:cad>0</gpxtpx:cad></gpxtpx:TrackPointExtension></extensions></trkpt><trkpt lat="15.0054765120" lon="74.0213712864"><ele>2.54</ele><time>2025-11-16T02:04:02Z</time><extensions><gpxtpx:TrackPointExtension><gpxtpx:cad>0</gpxtpx:cad></gpxtpx:TrackPointExtension></extensions></trkpt><trkpt lat="15.0056300685" lon="74.0213128645"><ele>2.54</ele><time>2025-11-16T02:04:07Z</time><extensions><gpxtpx:TrackPointExtension><gpxtpx:cad>0</gpxtpx:cad></gpxtpx:TrackPointExtension></extensions></trkpt><trkpt lat="15.0057814457" lon="74.0212494973"><ele>2.54</ele><time>2025-11-16T02:04:12Z</time><extensions><gpxtpx:TrackPointExtension><gpxtpx:cad>0</gpxtpx:cad></gpxtpx:TrackPointExtension></extensions></trkpt><trkpt lat="15.0059259497" lon="74.0211843699"><ele>3.02</ele><time>2025-11-16T02:04:17Z</time><extensions><gpxtpx:TrackPointExtension><gpxtpx:cad>0</gpxtpx:cad></gpxtpx:TrackPointExtension></extensions></trkpt><trkpt lat="15.0060722977" lon="74.0211153869"><ele>3.02</ele><time>2025-11-16T02:04:22Z</time><extensions><gpxtpx:TrackPointExtension><gpxtpx:cad>0</gpxtpx:cad></gpxtpx:TrackPointExtension></extensions></trkpt><trkpt lat="15.0062203221" lon="74.0210426319"><ele>3.02</ele><time>2025-11-16T02:04:27Z</time><extensions><gpxtpx:TrackPointExtension><gpxtpx:cad>0</gpxtpx:cad></gpxtpx:TrackPointExtension></extensions></trkpt><trkpt lat="15.0063653290" lon="74.0209724754"><ele>2.54</ele><time>2025-11-16T02:04:32Z</time><extensions><gpxtpx:TrackPointExtension><gpxtpx:cad>0</gpxtpx:cad></gpxtpx:TrackPointExtension></extensions></trkpt><trkpt lat="15.0065037981" lon="74.0208930988"><ele>2.54</ele><time>2025-11-16T02:04:37Z</time><extensions><gpxtpx:TrackPointExtension><gpxtpx:cad>0</gpxtpx:cad></gpxtpx:TrackPointExtension></extensions></trkpt><trkpt lat="15.0066427700" lon="74.0208086092"><ele>2.54</ele><time>2025-11-16T02:04:42Z</time><extensions><gpxtpx:TrackPointExtension><gpxtpx:cad>0</gpxtpx:cad></gpxtpx:TrackPointExtension></extensions></trkpt><trkpt lat="15.0067772157" lon="74.0207174979"><ele>3.02</ele><time>2025-11-16T02:04:47Z</time><extensions><gpxtpx:TrackPointExtension><gpxtpx:cad>0</gpxtpx:cad></gpxtpx:TrackPointExtension></extensions></trkpt><trkpt lat="15.0069013517" lon="74.0206060186"><ele>3.02</ele><time>2025-11-16T02:04:52Z</time><extensions><gpxtpx:TrackPointExtension><gpxtpx:cad>0</gpxtpx:cad></gpxtpx:TrackPointExtension></extensions></trkpt><trkpt lat="15.0070259068" lon="74.0204966348"><ele>3.02</ele><time>2025-11-16T02:04:57Z</time><extensions><gpxtpx:TrackPointExtension><gpxtpx:cad>0</gpxtpx:cad></gpxtpx:TrackPointExtension></extensions></trkpt><trkpt lat="15.0071485341" lon="74.0203852393"><ele>3.02</ele><time>2025-11-16T02:05:02Z</time><extensions><gpxtpx:TrackPointExtension><gpxtpx:cad>0</gpxtpx:cad></gpxtpx:TrackPointExtension></extensions></trkpt><trkpt lat="15.0072686467" lon="74.0202715807"><ele>3.50</ele><time>2025-11-16T02:05:07Z</time><extensions><gpxtpx:TrackPointExtension><gpxtpx:cad>0</gpxtpx:cad></gpxtpx:TrackPointExtension></extensions></trkpt><trkpt lat="15.0073857419" lon="74.0201496240"><ele>3.50</ele><time>2025-11-16T02:05:12Z</time><extensions><gpxtpx:TrackPointExtension><gpxtpx:cad>0</gpxtpx:cad></gpxtpx:TrackPointExtension></extensions></trkpt><trkpt lat="15.0075028371" lon="74.0200313553"><ele>3.02</ele><time>2025-11-16T02:05:17Z</time><extensions><gpxtpx:TrackPointExtension><gpxtpx:cad>0</gpxtpx:cad></gpxtpx:TrackPointExtension></extensions></trkpt><trkpt lat="15.0076243747" lon="74.0199140925"><ele>3.02</ele><time>2025-11-16T02:05:22Z</time><extensions><gpxtpx:TrackPointExtension><gpxtpx:cad>0</gpxtpx:cad></gpxtpx:TrackPointExtension></extensions></trkpt><trkpt lat="15.0077364407" lon="74.0197961591"><ele>3.02</ele><time>2025-11-16T02:05:27Z</time><extensions><gpxtpx:TrackPointExtension><gpxtpx:cad>0</gpxtpx:cad></gpxtpx:TrackPointExtension></extensions></trkpt><trkpt lat="15.0078421365" lon="74.0196647309"><ele>3.02</ele><time>2025-11-16T02:05:32Z</time><extensions><gpxtpx:TrackPointExtension><gpxtpx:cad>0</gpxtpx:cad></gpxtpx:TrackPointExtension></extensions></trkpt><trkpt lat="15.0079371035" lon="74.0195349790"><ele>3.02</ele><time>2025-11-16T02:05:37Z</time><extensions><gpxtpx:TrackPointExtension><gpxtpx:cad>0</gpxtpx:cad></gpxtpx:TrackPointExtension></extensions></trkpt><trkpt lat="15.0080147199" lon="74.0193936601"><ele>3.02</ele><time>2025-11-16T02:05:42Z</time><extensions><gpxtpx:TrackPointExtension><gpxtpx:cad>0</gpxtpx:cad></gpxtpx:TrackPointExtension></extensions></trkpt><trkpt lat="15.0080586411" lon="74.0192360803"><ele>3.50</ele><time>2025-11-16T02:05:47Z</time><extensions><gpxtpx:TrackPointExtension><gpxtpx:cad>0</gpxtpx:cad></gpxtpx:TrackPointExtension></extensions></trkpt><trkpt lat="15.0080525223" lon="74.0190796740"><ele>3.98</ele><time>2025-11-16T02:05:52Z</time><extensions><gpxtpx:TrackPointExtension><gpxtpx:cad>0</gpxtpx:cad></gpxtpx:TrackPointExtension></extensions></trkpt><trkpt lat="15.0080143847" lon="74.0189274587"><ele>3.98</ele><time>2025-11-16T02:05:57Z</time><extensions><gpxtpx:TrackPointExtension><gpxtpx:cad>0</gpxtpx:cad></gpxtpx:TrackPointExtension></extensions></trkpt><trkpt lat="15.0079582259" lon="74.0187697951"><ele>3.98</ele><time>2025-11-16T02:06:02Z</time><extensions><gpxtpx:TrackPointExtension><gpxtpx:cad>0</gpxtpx:cad></gpxtpx:TrackPointExtension></extensions></trkpt><trkpt lat="15.0078972057" lon="74.0186187532"><ele>3.50</ele><time>2025-11-16T02:06:07Z</time><extensions><gpxtpx:TrackPointExtension><gpxtpx:cad>0</gpxtpx:cad></gpxtpx:TrackPointExtension></extensions></trkpt><trkpt lat="15.0078326650" lon="74.0184639394"><ele>3.02</ele><time>2025-11-16T02:06:12Z</time><extensions><gpxtpx:TrackPointExtension><gpxtpx:cad>0</gpxtpx:cad></gpxtpx:TrackPointExtension></extensions></trkpt><trkpt lat="15.0077746622" lon="74.0183093771"><ele>3.02</ele><time>2025-11-16T02:06:17Z</time><extensions><gpxtpx:TrackPointExtension><gpxtpx:cad>0</gpxtpx:cad></gpxtpx:TrackPointExtension></extensions></trkpt><trkpt lat="15.0077216048" lon="74.0181501210"><ele>3.02</ele><time>2025-11-16T02:06:22Z</time><extensions><gpxtpx:TrackPointExtension><gpxtpx:cad>0</gpxtpx:cad></gpxtpx:TrackPointExtension></extensions></trkpt><trkpt lat="15.0076682959" lon="74.0179880150"><ele>3.50</ele><time>2025-11-16T02:06:27Z</time><extensions><gpxtpx:TrackPointExtension><gpxtpx:cad>0</gpxtpx:cad></gpxtpx:TrackPointExtension></extensions></trkpt><trkpt lat="15.0076263864" lon="74.0178218856"><ele>3.50</ele><time>2025-11-16T02:06:32Z</time><extensions><gpxtpx:TrackPointExtension><gpxtpx:cad>0</gpxtpx:cad></gpxtpx:TrackPointExtension></extensions></trkpt><trkpt lat="15.0075672939" lon="74.0176605340"><ele>3.50</ele><time>2025-11-16T02:06:37Z</time><extensions><gpxtpx:TrackPointExtension><gpxtpx:cad>0</gpxtpx:cad></gpxtpx:TrackPointExtension></extensions></trkpt><trkpt lat="15.0075131468" lon="74.0175048821"><ele>3.50</ele><time>2025-11-16T02:06:42Z</time><extensions><gpxtpx:TrackPointExtension><gpxtpx:cad>0</gpxtpx:cad></gpxtpx:TrackPointExtension></extensions></trkpt><trkpt lat="15.0074523780" lon="74.0173462965"><ele>3.50</ele><time>2025-11-16T02:06:47Z</time><extensions><gpxtpx:TrackPointExtension><gpxtpx:cad>0</gpxtpx:cad></gpxtpx:TrackPointExtension></extensions></trkpt><trkpt lat="15.0073944591" lon="74.0171902254"><ele>3.50</ele><time>2025-11-16T02:06:52Z</time><extensions><gpxtpx:TrackPointExtension><gpxtpx:cad>0</gpxtpx:cad></gpxtpx:TrackPointExtension></extensions></trkpt><trkpt lat="15.0073394738" lon="74.0170325618"><ele>3.02</ele><time>2025-11-16T02:06:57Z</time><extensions><gpxtpx:TrackPointExtension><gpxtpx:cad>0</gpxtpx:cad></gpxtpx:TrackPointExtension></extensions></trkpt><trkpt lat="15.0072714966" lon="74.0168741439"><ele>2.54</ele><time>2025-11-16T02:07:02Z</time><extensions><gpxtpx:TrackPointExtension><gpxtpx:cad>0</gpxtpx:cad></gpxtpx:TrackPointExtension></extensions></trkpt><trkpt lat="15.0072039384" lon="74.0167276282"><ele>2.54</ele><time>2025-11-16T02:07:07Z</time><extensions><gpxtpx:TrackPointExtension><gpxtpx:cad>0</gpxtpx:cad></gpxtpx:TrackPointExtension></extensions></trkpt><trkpt lat="15.0071230531" lon="74.0165800229"><ele>2.54</ele><time>2025-11-16T02:07:12Z</time><extensions><gpxtpx:TrackPointExtension><gpxtpx:cad>0</gpxtpx:cad></gpxtpx:TrackPointExtension></extensions></trkpt><trkpt lat="15.0070400722" lon="74.0164345130"><ele>2.54</ele><time>2025-11-16T02:07:17Z</time><extensions><gpxtpx:TrackPointExtension><gpxtpx:cad>0</gpxtpx:cad></gpxtpx:TrackPointExtension></extensions></trkpt><trkpt lat="15.0069639646" lon="74.0162931941"><ele>1.58</ele><time>2025-11-16T02:07:22Z</time><extensions><gpxtpx:TrackPointExtension><gpxtpx:cad>0</gpxtpx:cad></gpxtpx:TrackPointExtension></extensions></trkpt><trkpt lat="15.0068854261" lon="74.0161382128"><ele>2.06</ele><time>2025-11-16T02:07:27Z</time><extensions><gpxtpx:TrackPointExtension><gpxtpx:cad>0</gpxtpx:cad></gpxtpx:TrackPointExtension></extensions></trkpt><trkpt lat="15.0068159401" lon="74.0159871709"><ele>1.58</ele><time>2025-11-16T02:07:32Z</time><extensions><gpxtpx:TrackPointExtension><gpxtpx:cad>0</gpxtpx:cad></gpxtpx:TrackPointExtension></extensions></trkpt><trkpt lat="15.0067427661" lon="74.0158362966"><ele>1.58</ele><time>2025-11-16T02:07:37Z</time><extensions><gpxtpx:TrackPointExtension><gpxtpx:cad>0</gpxtpx:cad></gpxtpx:TrackPointExtension></extensions></trkpt><trkpt lat="15.0066616293" lon="74.0156845842"><ele>1.58</ele><time>2025-11-16T02:07:42Z</time><extensions><gpxtpx:TrackPointExtension><gpxtpx:cad>0</gpxtpx:cad></gpxtpx:TrackPointExtension></extensions></trkpt><trkpt lat="15.0065866951" lon="74.0155426785"><ele>2.06</ele><time>2025-11-16T02:07:47Z</time><extensions><gpxtpx:TrackPointExtension><gpxtpx:cad>0</gpxtpx:cad></gpxtpx:TrackPointExtension></extensions></trkpt><trkpt lat="15.0064928178" lon="74.0153964143"><ele>2.06</ele><time>2025-11-16T02:07:52Z</time><extensions><gpxtpx:TrackPointExtension><gpxtpx:cad>0</gpxtpx:cad></gpxtpx:TrackPointExtension></extensions></trkpt><trkpt lat="15.0063967612" lon="74.0152626392"><ele>2.06</ele><time>2025-11-16T02:07:57Z</time><extensions><gpxtpx:TrackPointExtension><gpxtpx:cad>0</gpxtpx:cad></gpxtpx:TrackPointExtension></extensions></trkpt><trkpt lat="15.0062997825" lon="74.0151248407"><ele>1.58</ele><time>2025-11-16T02:08:02Z</time><extensions><gpxtpx:TrackPointExtension><gpxtpx:cad>0</gpxtpx:cad></gpxtpx:TrackPointExtension></extensions></trkpt><trkpt lat="15.0062017981" lon="74.0149918199"><ele>2.06</ele><time>2025-11-16T02:08:07Z</time><extensions><gpxtpx:TrackPointExtension><gpxtpx:cad>0</gpxtpx:cad></gpxtpx:TrackPointExtension></extensions></trkpt><trkpt lat="15.0061085913" lon="74.0148549434"><ele>2.06</ele><time>2025-11-16T02:08:12Z</time><extensions><gpxtpx:TrackPointExtension><gpxtpx:cad>0</gpxtpx:cad></gpxtpx:TrackPointExtension></extensions></trkpt><trkpt lat="15.0060101878" lon="74.0147130378"><ele>2.06</ele><time>2025-11-16T02:08:17Z</time><extensions><gpxtpx:TrackPointExtension><gpxtpx:cad>0</gpxtpx:cad></gpxtpx:TrackPointExtension></extensions></trkpt><trkpt lat="15.0059132930" lon="74.0145754907"><ele>2.06</ele><time>2025-11-16T02:08:22Z</time><extensions><gpxtpx:TrackPointExtension><gpxtpx:cad>0</gpxtpx:cad></gpxtpx:TrackPointExtension></extensions></trkpt><trkpt lat="15.0058220141" lon="74.0144360159"><ele>2.06</ele><time>2025-11-16T02:08:27Z</time><extensions><gpxtpx:TrackPointExtension><gpxtpx:cad>0</gpxtpx:cad></gpxtpx:TrackPointExtension></extensions></trkpt><trkpt lat="15.0057329983" lon="74.0142897516"><ele>1.58</ele><time>2025-11-16T02:08:32Z</time><extensions><gpxtpx:TrackPointExtension><gpxtpx:cad>0</gpxtpx:cad></gpxtpx:TrackPointExtension></extensions></trkpt><trkpt lat="15.0056466646" lon="74.0141439065"><ele>1.58</ele><time>2025-11-16T02:08:37Z</time><extensions><gpxtpx:TrackPointExtension><gpxtpx:cad>0</gpxtpx:cad></gpxtpx:TrackPointExtension></extensions></trkpt><trkpt lat="15.0055636838" lon="74.0139952954"><ele>1.58</ele><time>2025-11-16T02:08:42Z</time><extensions><gpxtpx:TrackPointExtension><gpxtpx:cad>0</gpxtpx:cad></gpxtpx:TrackPointExtension></extensions></trkpt><trkpt lat="15.0054865703" lon="74.0138474386"><ele>1.10</ele><time>2025-11-16T02:08:47Z</time><extensions><gpxtpx:TrackPointExtension><gpxtpx:cad>0</gpxtpx:cad></gpxtpx:TrackPointExtension></extensions></trkpt><trkpt lat="15.0054147374" lon="74.0136973187"><ele>0.62</ele><time>2025-11-16T02:08:52Z</time><extensions><gpxtpx:TrackPointExtension><gpxtpx:cad>0</gpxtpx:cad></gpxtpx:TrackPointExtension></extensions></trkpt><trkpt lat="15.0053524598" lon="74.0135389846"><ele>0.14</ele><time>2025-11-16T02:08:57Z</time><extensions><gpxtpx:TrackPointExtension><gpxtpx:cad>0</gpxtpx:cad></gpxtpx:TrackPointExtension></extensions></trkpt><trkpt lat="15.0052786153" lon="74.0133873560"><ele>0.14</ele><time>2025-11-16T02:09:02Z</time><extensions><gpxtpx:TrackPointExtension><gpxtpx:cad>0</gpxtpx:cad></gpxtpx:TrackPointExtension></extensions></trkpt><trkpt lat="15.0051973946" lon="74.0132420138"><ele>0.14</ele><time>2025-11-16T02:09:07Z</time><extensions><gpxtpx:TrackPointExtension><gpxtpx:cad>0</gpxtpx:cad></gpxtpx:TrackPointExtension></extensions></trkpt><trkpt lat="15.0051583350" lon="74.0130849369"><ele>0.14</ele><time>2025-11-16T02:09:12Z</time><extensions><gpxtpx:TrackPointExtension><gpxtpx:cad>0</gpxtpx:cad></gpxtpx:TrackPointExtension></extensions></trkpt><trkpt lat="15.0051636994" lon="74.0129178856"><ele>0.14</ele><time>2025-11-16T02:09:17Z</time><extensions><gpxtpx:TrackPointExtension><gpxtpx:cad>0</gpxtpx:cad></gpxtpx:TrackPointExtension></extensions></trkpt><trkpt lat="15.0051875878" lon="74.0127534326"><ele>0.14</ele><time>2025-11-16T02:09:22Z</time><extensions><gpxtpx:TrackPointExtension><gpxtpx:cad>0</gpxtpx:cad></gpxtpx:TrackPointExtension></extensions></trkpt><trkpt lat="15.0051990710" lon="74.0125837829"><ele>0.14</ele><time>2025-11-16T02:09:27Z</time><extensions><gpxtpx:TrackPointExtension><gpxtpx:cad>0</gpxtpx:cad></gpxtpx:TrackPointExtension></extensions></trkpt><trkpt lat="15.0052181818" lon="74.0124169830"><ele>0.62</ele><time>2025-11-16T02:09:32Z</time><extensions><gpxtpx:TrackPointExtension><gpxtpx:cad>0</gpxtpx:cad></gpxtpx:TrackPointExtension></extensions></trkpt><trkpt lat="15.0052433275" lon="74.0122490935"><ele>1.10</ele><time>2025-11-16T02:09:37Z</time><extensions><gpxtpx:TrackPointExtension><gpxtpx:cad>0</gpxtpx:cad></gpxtpx:TrackPointExtension></extensions></trkpt><trkpt lat="15.0052615162" lon="74.0120774321"><ele>1.10</ele><time>2025-11-16T02:09:42Z</time><extensions><gpxtpx:TrackPointExtension><gpxtpx:cad>0</gpxtpx:cad></gpxtpx:TrackPointExtension></extensions></trkpt><trkpt lat="15.0052784476" lon="74.0119053517"><ele>0.62</ele><time>2025-11-16T02:09:47Z</time><extensions><gpxtpx:TrackPointExtension><gpxtpx:cad>0</gpxtpx:cad></gpxtpx:TrackPointExtension></extensions></trkpt><trkpt lat="15.0052891765" lon="74.0117351152"><ele>0.62</ele><time>2025-11-16T02:09:52Z</time><extensions><gpxtpx:TrackPointExtension><gpxtpx:cad>0</gpxtpx:cad></gpxtpx:TrackPointExtension></extensions></trkpt><trkpt lat="15.0052895118" lon="74.0115663875"><ele>0.62</ele><time>2025-11-16T02:09:57Z</time><extensions><gpxtpx:TrackPointExtension><gpxtpx:cad>0</gpxtpx:cad></gpxtpx:TrackPointExtension></extensions></trkpt><trkpt lat="15.0052841473" lon="74.0113922115"><ele>0.62</ele><time>2025-11-16T02:10:02Z</time><extensions><gpxtpx:TrackPointExtension><gpxtpx:cad>0</gpxtpx:cad></gpxtpx:TrackPointExtension></extensions></trkpt><trkpt lat="15.0052814651" lon="74.0112238191"><ele>1.10</ele><time>2025-11-16T02:10:07Z</time><extensions><gpxtpx:TrackPointExtension><gpxtpx:cad>0</gpxtpx:cad></gpxtpx:TrackPointExtension></extensions></trkpt><trkpt lat="15.0052812975" lon="74.0110481344"><ele>2.06</ele><time>2025-11-16T02:10:12Z</time><extensions><gpxtpx:TrackPointExtension><gpxtpx:cad>0</gpxtpx:cad></gpxtpx:TrackPointExtension></extensions></trkpt><trkpt lat="15.0052629411" lon="74.0108742937"><ele>1.58</ele><time>2025-11-16T02:10:17Z</time><extensions><gpxtpx:TrackPointExtension><gpxtpx:cad>0</gpxtpx:cad></gpxtpx:TrackPointExtension></extensions></trkpt><trkpt lat="15.0052505359" lon="74.0107067395"><ele>2.06</ele><time>2025-11-16T02:10:22Z</time><extensions><gpxtpx:TrackPointExtension><gpxtpx:cad>0</gpxtpx:cad></gpxtpx:TrackPointExtension></extensions></trkpt><trkpt lat="15.0052356161" lon="74.0105310548"><ele>1.58</ele><time>2025-11-16T02:10:27Z</time><extensions><gpxtpx:TrackPointExtension><gpxtpx:cad>0</gpxtpx:cad></gpxtpx:TrackPointExtension></extensions></trkpt><trkpt lat="15.0052333530" lon="74.0103612375"><ele>1.58</ele><time>2025-11-16T02:10:32Z</time><extensions><gpxtpx:TrackPointExtension><gpxtpx:cad>0</gpxtpx:cad></gpxtpx:TrackPointExtension></extensions></trkpt><trkpt lat="15.0052268151" lon="74.0101904143"><ele>2.06</ele><time>2025-11-16T02:10:37Z</time><extensions><gpxtpx:TrackPointExtension><gpxtpx:cad>0</gpxtpx:cad></gpxtpx:TrackPointExtension></extensions></trkpt><trkpt lat="15.0052156672" lon="74.0100247040"><ele>2.06</ele><time>2025-11-16T02:10:42Z</time><extensions><gpxtpx:TrackPointExtension><gpxtpx:cad>0</gpxtpx:cad></gpxtpx:TrackPointExtension></extensions></trkpt><trkpt lat="15.0052068662" lon="74.0098550543"><ele>1.58</ele><time>2025-11-16T02:10:47Z</time><extensions><gpxtpx:TrackPointExtension><gpxtpx:cad>0</gpxtpx:cad></gpxtpx:TrackPointExtension></extensions></trkpt><trkpt lat="15.0052003283" lon="74.0096800402"><ele>1.58</ele><time>2025-11-16T02:10:52Z</time><extensions><gpxtpx:TrackPointExtension><gpxtpx:cad>0</gpxtpx:cad></gpxtpx:TrackPointExtension></extensions></trkpt><trkpt lat="15.0051975623" lon="74.0095155034"><ele>2.06</ele><time>2025-11-16T02:10:57Z</time><extensions><gpxtpx:TrackPointExtension><gpxtpx:cad>0</gpxtpx:cad></gpxtpx:TrackPointExtension></extensions></trkpt><trkpt lat="15.0051896833" lon="74.0093431715"><ele>1.58</ele><time>2025-11-16T02:11:02Z</time><extensions><gpxtpx:TrackPointExtension><gpxtpx:cad>0</gpxtpx:cad></gpxtpx:TrackPointExtension></extensions></trkpt><trkpt lat="15.0051918626" lon="74.0091776289"><ele>1.58</ele><time>2025-11-16T02:11:07Z</time><extensions><gpxtpx:TrackPointExtension><gpxtpx:cad>0</gpxtpx:cad></gpxtpx:TrackPointExtension></extensions></trkpt><trkpt lat="15.0051892642" lon="74.0090098232"><ele>1.58</ele><time>2025-11-16T02:11:12Z</time><extensions><gpxtpx:TrackPointExtension><gpxtpx:cad>0</gpxtpx:cad></gpxtpx:TrackPointExtension></extensions></trkpt><trkpt lat="15.0051853247" lon="74.0088379104"><ele>2.54</ele><time>2025-11-16T02:11:17Z</time><extensions><gpxtpx:TrackPointExtension><gpxtpx:cad>0</gpxtpx:cad></gpxtpx:TrackPointExtension></extensions></trkpt><trkpt lat="15.0051794574" lon="74.0086696856"><ele>2.54</ele><time>2025-11-16T02:11:22Z</time><extensions><gpxtpx:TrackPointExtension><gpxtpx:cad>0</gpxtpx:cad></gpxtpx:TrackPointExtension></extensions></trkpt><trkpt lat="15.0051739253" lon="74.0085005388"><ele>2.06</ele><time>2025-11-16T02:11:27Z</time><extensions><gpxtpx:TrackPointExtension><gpxtpx:cad>0</gpxtpx:cad></gpxtpx:TrackPointExtension></extensions></trkpt><trkpt lat="15.0051674712" lon="74.0083343256"><ele>2.54</ele><time>2025-11-16T02:11:32Z</time><extensions><gpxtpx:TrackPointExtension><gpxtpx:cad>0</gpxtpx:cad></gpxtpx:TrackPointExtension></extensions></trkpt><trkpt lat="15.0051603466" lon="74.0081687830"><ele>2.54</ele><time>2025-11-16T02:11:37Z</time><extensions><gpxtpx:TrackPointExtension><gpxtpx:cad>0</gpxtpx:cad></gpxtpx:TrackPointExtension></extensions></trkpt><trkpt lat="15.0051477738" lon="74.0079956967"><ele>2.06</ele><time>2025-11-16T02:11:42Z</time><extensions><gpxtpx:TrackPointExtension><gpxtpx:cad>0</gpxtpx:cad></gpxtpx:TrackPointExtension></extensions></trkpt><trkpt lat="15.0051562395" lon="74.0078341775"><ele>2.06</ele><time>2025-11-16T02:11:47Z</time><extensions><gpxtpx:TrackPointExtension><gpxtpx:cad>0</gpxtpx:cad></gpxtpx:TrackPointExtension></extensions></trkpt><trkpt lat="15.0051501207" lon="74.0076589119"><ele>1.58</ele><time>2025-11-16T02:11:52Z</time><extensions><gpxtpx:TrackPointExtension><gpxtpx:cad>0</gpxtpx:cad></gpxtpx:TrackPointExtension></extensions></trkpt><trkpt lat="15.0051512942" lon="74.0074937046"><ele>1.58</ele><time>2025-11-16T02:11:57Z</time><extensions><gpxtpx:TrackPointExtension><gpxtpx:cad>0</gpxtpx:cad></gpxtpx:TrackPointExtension></extensions></trkpt><trkpt lat="15.0051532220" lon="74.0073275752"><ele>1.58</ele><time>2025-11-16T02:12:02Z</time><extensions><gpxtpx:TrackPointExtension><gpxtpx:cad>0</gpxtpx:cad></gpxtpx:TrackPointExtension></extensions></trkpt><trkpt lat="15.0051491987" lon="74.0071638767"><ele>1.58</ele><time>2025-11-16T02:12:07Z</time><extensions><gpxtpx:TrackPointExtension><gpxtpx:cad>0</gpxtpx:cad></gpxtpx:TrackPointExtension></extensions></trkpt><trkpt lat="15.0051490311" lon="74.0069953166"><ele>1.58</ele><time>2025-11-16T02:12:12Z</time><extensions><gpxtpx:TrackPointExtension><gpxtpx:cad>0</gpxtpx:cad></gpxtpx:TrackPointExtension></extensions></trkpt><trkpt lat="15.0051531382" lon="74.0068260022"><ele>1.58</ele><time>2025-11-16T02:12:17Z</time><extensions><gpxtpx:TrackPointExtension><gpxtpx:cad>0</gpxtpx:cad></gpxtpx:TrackPointExtension></extensions></trkpt><trkpt lat="15.0051486120" lon="74.0066538379"><ele>1.58</ele><time>2025-11-16T02:12:22Z</time><extensions><gpxtpx:TrackPointExtension><gpxtpx:cad>0</gpxtpx:cad></gpxtpx:TrackPointExtension></extensions></trkpt><trkpt lat="15.0051429961" lon="74.0064755548"><ele>1.58</ele><time>2025-11-16T02:12:27Z</time><extensions><gpxtpx:TrackPointExtension><gpxtpx:cad>0</gpxtpx:cad></gpxtpx:TrackPointExtension></extensions></trkpt><trkpt lat="15.0051386375" lon="74.0063084196"><ele>1.58</ele><time>2025-11-16T02:12:32Z</time><extensions><gpxtpx:TrackPointExtension><gpxtpx:cad>0</gpxtpx:cad></gpxtpx:TrackPointExtension></extensions></trkpt><trkpt lat="15.0051290821" lon="74.0061413683"><ele>1.58</ele><time>2025-11-16T02:12:37Z</time><extensions><gpxtpx:TrackPointExtension><gpxtpx:cad>0</gpxtpx:cad></gpxtpx:TrackPointExtension></extensions></trkpt><trkpt lat="15.0051165931" lon="74.0059690364"><ele>2.06</ele><time>2025-11-16T02:12:42Z</time><extensions><gpxtpx:TrackPointExtension><gpxtpx:cad>0</gpxtpx:cad></gpxtpx:TrackPointExtension></extensions></trkpt><trkpt lat="15.0051191915" lon="74.0058013983"><ele>1.58</ele><time>2025-11-16T02:12:47Z</time><extensions><gpxtpx:TrackPointExtension><gpxtpx:cad>0</gpxtpx:cad></gpxtpx:TrackPointExtension></extensions></trkpt><trkpt lat="15.0051218737" lon="74.0056310780"><ele>1.10</ele><time>2025-11-16T02:12:52Z</time><extensions><gpxtpx:TrackPointExtension><gpxtpx:cad>0</gpxtpx:cad></gpxtpx:TrackPointExtension></extensions></trkpt><trkpt lat="15.0051286630" lon="74.0054650325"><ele>1.58</ele><time>2025-11-16T02:12:57Z</time><extensions><gpxtpx:TrackPointExtension><gpxtpx:cad>0</gpxtpx:cad></gpxtpx:TrackPointExtension></extensions></trkpt><trkpt lat="15.0051351171" lon="74.0053012501"><ele>1.10</ele><time>2025-11-16T02:13:02Z</time><extensions><gpxtpx:TrackPointExtension><gpxtpx:cad>0</gpxtpx:cad></gpxtpx:TrackPointExtension></extensions></trkpt><trkpt lat="15.0051330216" lon="74.0051295888"><ele>1.10</ele><time>2025-11-16T02:13:07Z</time><extensions><gpxtpx:TrackPointExtension><gpxtpx:cad>0</gpxtpx:cad></gpxtpx:TrackPointExtension></extensions></trkpt><trkpt lat="15.0051378831" lon="74.0049630404"><ele>1.58</ele><time>2025-11-16T02:13:12Z</time><extensions><gpxtpx:TrackPointExtension><gpxtpx:cad>0</gpxtpx:cad></gpxtpx:TrackPointExtension></extensions></trkpt><trkpt lat="15.0051418226" lon="74.0047889482"><ele>1.10</ele><time>2025-11-16T02:13:17Z</time><extensions><gpxtpx:TrackPointExtension><gpxtpx:cad>0</gpxtpx:cad></gpxtpx:TrackPointExtension></extensions></trkpt><trkpt lat="15.0051395595" lon="74.0046242438"><ele>1.58</ele><time>2025-11-16T02:13:22Z</time><extensions><gpxtpx:TrackPointExtension><gpxtpx:cad>0</gpxtpx:cad></gpxtpx:TrackPointExtension></extensions></trkpt><trkpt lat="15.0051455107" lon="74.0044595394"><ele>2.06</ele><time>2025-11-16T02:13:27Z</time><extensions><gpxtpx:TrackPointExtension><gpxtpx:cad>0</gpxtpx:cad></gpxtpx:TrackPointExtension></extensions></trkpt><trkpt lat="15.0051488634" lon="74.0042881295"><ele>2.06</ele><time>2025-11-16T02:13:32Z</time><extensions><gpxtpx:TrackPointExtension><gpxtpx:cad>0</gpxtpx:cad></gpxtpx:TrackPointExtension></extensions></trkpt><trkpt lat="15.0051528867" lon="74.0041149594"><ele>2.54</ele><time>2025-11-16T02:13:37Z</time><extensions><gpxtpx:TrackPointExtension><gpxtpx:cad>0</gpxtpx:cad></gpxtpx:TrackPointExtension></extensions></trkpt><trkpt lat="15.0051550660" lon="74.0039435495"><ele>2.54</ele><time>2025-11-16T02:13:42Z</time><extensions><gpxtpx:TrackPointExtension><gpxtpx:cad>0</gpxtpx:cad></gpxtpx:TrackPointExtension></extensions></trkpt><trkpt lat="15.0051631965" lon="74.0037769172"><ele>2.54</ele><time>2025-11-16T02:13:47Z</time><extensions><gpxtpx:TrackPointExtension><gpxtpx:cad>0</gpxtpx:cad></gpxtpx:TrackPointExtension></extensions></trkpt><trkpt lat="15.0051692314" lon="74.0036039986"><ele>2.54</ele><time>2025-11-16T02:13:52Z</time><extensions><gpxtpx:TrackPointExtension><gpxtpx:cad>0</gpxtpx:cad></gpxtpx:TrackPointExtension></extensions></trkpt><trkpt lat="15.0051775295" lon="74.0034376178"><ele>2.54</ele><time>2025-11-16T02:13:57Z</time><extensions><gpxtpx:TrackPointExtension><gpxtpx:cad>0</gpxtpx:cad></gpxtpx:TrackPointExtension></extensions></trkpt><trkpt lat="15.0051797926" lon="74.0032678004"><ele>3.02</ele><time>2025-11-16T02:14:02Z</time><extensions><gpxtpx:TrackPointExtension><gpxtpx:cad>0</gpxtpx:cad></gpxtpx:TrackPointExtension></extensions></trkpt><trkpt lat="15.0051838160" lon="74.0031011682"><ele>2.54</ele><time>2025-11-16T02:14:07Z</time><extensions><gpxtpx:TrackPointExtension><gpxtpx:cad>0</gpxtpx:cad></gpxtpx:TrackPointExtension></extensions></trkpt><trkpt lat="15.0051904377" lon="74.0029286686"><ele>2.54</ele><time>2025-11-16T02:14:12Z</time><extensions><gpxtpx:TrackPointExtension><gpxtpx:cad>0</gpxtpx:cad></gpxtpx:TrackPointExtension></extensions></trkpt><trkpt lat="15.0052061118" lon="74.0027648862"><ele>3.02</ele><time>2025-11-16T02:14:17Z</time><extensions><gpxtpx:TrackPointExtension><gpxtpx:cad>0</gpxtpx:cad></gpxtpx:TrackPointExtension></extensions></trkpt><trkpt lat="15.0052180979" lon="74.0025914647"><ele>2.54</ele><time>2025-11-16T02:14:22Z</time><extensions><gpxtpx:TrackPointExtension><gpxtpx:cad>0</gpxtpx:cad></gpxtpx:TrackPointExtension></extensions></trkpt><trkpt lat="15.0052331015" lon="74.0024239104"><ele>2.54</ele><time>2025-11-16T02:14:27Z</time><extensions><gpxtpx:TrackPointExtension><gpxtpx:cad>0</gpxtpx:cad></gpxtpx:TrackPointExtension></extensions></trkpt><trkpt lat="15.0052445009" lon="74.0022556018"><ele>2.54</ele><time>2025-11-16T02:14:32Z</time><extensions><gpxtpx:TrackPointExtension><gpxtpx:cad>0</gpxtpx:cad></gpxtpx:TrackPointExtension></extensions></trkpt><trkpt lat="15.0052645337" lon="74.0020871256"><ele>2.54</ele><time>2025-11-16T02:14:37Z</time><extensions><gpxtpx:TrackPointExtension><gpxtpx:cad>0</gpxtpx:cad></gpxtpx:TrackPointExtension></extensions></trkpt><trkpt lat="15.0052999891" lon="74.0019221697"><ele>2.54</ele><time>2025-11-16T02:14:42Z</time><extensions><gpxtpx:TrackPointExtension><gpxtpx:cad>0</gpxtpx:cad></gpxtpx:TrackPointExtension></extensions></trkpt><trkpt lat="15.0053266436" lon="74.0017534420"><ele>2.06</ele><time>2025-11-16T02:14:47Z</time><extensions><gpxtpx:TrackPointExtension><gpxtpx:cad>0</gpxtpx:cad></gpxtpx:TrackPointExtension></extensions></trkpt><trkpt lat="15.0053393841" lon="74.0015827026"><ele>2.54</ele><time>2025-11-16T02:14:52Z</time><extensions><gpxtpx:TrackPointExtension><gpxtpx:cad>0</gpxtpx:cad></gpxtpx:TrackPointExtension></extensions></trkpt><trkpt lat="15.0053614285" lon="74.0014145616"><ele>2.06</ele><time>2025-11-16T02:14:57Z</time><extensions><gpxtpx:TrackPointExtension><gpxtpx:cad>0</gpxtpx:cad></gpxtpx:TrackPointExtension></extensions></trkpt><trkpt lat="15.0053825509" lon="74.0012454987"><ele>2.06</ele><time>2025-11-16T02:15:02Z</time><extensions><gpxtpx:TrackPointExtension><gpxtpx:cad>0</gpxtpx:cad></gpxtpx:TrackPointExtension></extensions></trkpt><trkpt lat="15.0054033380" lon="74.0010775253"><ele>2.06</ele><time>2025-11-16T02:15:07Z</time><extensions><gpxtpx:TrackPointExtension><gpxtpx:cad>0</gpxtpx:cad></gpxtpx:TrackPointExtension></extensions></trkpt><trkpt lat="15.0054324232" lon="74.0009124018"><ele>1.58</ele><time>2025-11-16T02:15:12Z</time><extensions><gpxtpx:TrackPointExtension><gpxtpx:cad>0</gpxtpx:cad></gpxtpx:TrackPointExtension></extensions></trkpt><trkpt lat="15.0054535456" lon="74.0007418301"><ele>1.58</ele><time>2025-11-16T02:15:17Z</time><extensions><gpxtpx:TrackPointExtension><gpxtpx:cad>0</gpxtpx:cad></gpxtpx:TrackPointExtension></extensions></trkpt><trkpt lat="15.0054731593" lon="74.0005767066"><ele>1.58</ele><time>2025-11-16T02:15:22Z</time><extensions><gpxtpx:TrackPointExtension><gpxtpx:cad>0</gpxtpx:cad></gpxtpx:TrackPointExtension></extensions></trkpt><trkpt lat="15.0054959580" lon="74.0004003514"><ele>2.06</ele><time>2025-11-16T02:15:27Z</time><extensions><gpxtpx:TrackPointExtension><gpxtpx:cad>0</gpxtpx:cad></gpxtpx:TrackPointExtension></extensions></trkpt><trkpt lat="15.0055217743" lon="74.0002302825"><ele>2.06</ele><time>2025-11-16T02:15:32Z</time><extensions><gpxtpx:TrackPointExtension><gpxtpx:cad>0</gpxtpx:cad></gpxtpx:TrackPointExtension></extensions></trkpt><trkpt lat="15.0055368617" lon="74.0000591241"><ele>2.06</ele><time>2025-11-16T02:15:37Z</time><extensions><gpxtpx:TrackPointExtension><gpxtpx:cad>0</gpxtpx:cad></gpxtpx:TrackPointExtension></extensions></trkpt><trkpt lat="15.0055562239" lon="73.9998927433"><ele>2.06</ele><time>2025-11-16T02:15:42Z</time><extensions><gpxtpx:TrackPointExtension><gpxtpx:cad>0</gpxtpx:cad></gpxtpx:TrackPointExtension></extensions></trkpt><trkpt lat="15.0055628456" lon="73.9997240156"><ele>2.54</ele><time>2025-11-16T02:15:47Z</time><extensions><gpxtpx:TrackPointExtension><gpxtpx:cad>0</gpxtpx:cad></gpxtpx:TrackPointExtension></extensions></trkpt><trkpt lat="15.0055727363" lon="73.9995521866"><ele>2.54</ele><time>2025-11-16T02:15:52Z</time><extensions><gpxtpx:TrackPointExtension><gpxtpx:cad>0</gpxtpx:cad></gpxtpx:TrackPointExtension></extensions></trkpt><trkpt lat="15.0055838004" lon="73.9993831236"><ele>2.54</ele><time>2025-11-16T02:15:57Z</time><extensions><gpxtpx:TrackPointExtension><gpxtpx:cad>0</gpxtpx:cad></gpxtpx:TrackPointExtension></extensions></trkpt><trkpt lat="15.0056054257" lon="73.9992192574"><ele>2.54</ele><time>2025-11-16T02:16:02Z</time><extensions><gpxtpx:TrackPointExtension><gpxtpx:cad>0</gpxtpx:cad></gpxtpx:TrackPointExtension></extensions></trkpt><trkpt lat="15.0056303199" lon="73.9990468416"><ele>2.54</ele><time>2025-11-16T02:16:07Z</time><extensions><gpxtpx:TrackPointExtension><gpxtpx:cad>0</gpxtpx:cad></gpxtpx:TrackPointExtension></extensions></trkpt><trkpt lat="15.0056492630" lon="73.9988817181"><ele>3.02</ele><time>2025-11-16T02:16:12Z</time><extensions><gpxtpx:TrackPointExtension><gpxtpx:cad>0</gpxtpx:cad></gpxtpx:TrackPointExtension></extensions></trkpt><trkpt lat="15.0056754146" lon="73.9987197798"><ele>3.02</ele><time>2025-11-16T02:16:17Z</time><extensions><gpxtpx:TrackPointExtension><gpxtpx:cad>0</gpxtpx:cad></gpxtpx:TrackPointExtension></extensions></trkpt><trkpt lat="15.0057692081" lon="73.9986016788"><ele>3.02</ele><time>2025-11-16T02:16:22Z</time><extensions><gpxtpx:TrackPointExtension><gpxtpx:cad>0</gpxtpx:cad></gpxtpx:TrackPointExtension></extensions></trkpt><trkpt lat="15.0059043244" lon="73.9985367190"><ele>3.50</ele><time>2025-11-16T02:16:27Z</time><extensions><gpxtpx:TrackPointExtension><gpxtpx:cad>0</gpxtpx:cad></gpxtpx:TrackPointExtension></extensions></trkpt><trkpt lat="15.0060504209" lon="73.9984932169"><ele>3.50</ele><time>2025-11-16T02:16:32Z</time><extensions><gpxtpx:TrackPointExtension><gpxtpx:cad>0</gpxtpx:cad></gpxtpx:TrackPointExtension></extensions></trkpt><trkpt lat="15.0061979424" lon="73.9984282572"><ele>4.46</ele><time>2025-11-16T02:16:37Z</time><extensions><gpxtpx:TrackPointExtension><gpxtpx:cad>0</gpxtpx:cad></gpxtpx:TrackPointExtension></extensions></trkpt><trkpt lat="15.0063346513" lon="73.9983358048"><ele>3.98</ele><time>2025-11-16T02:16:42Z</time><extensions><gpxtpx:TrackPointExtension><gpxtpx:cad>0</gpxtpx:cad></gpxtpx:TrackPointExtension></extensions></trkpt><trkpt lat="15.0064686779" lon="73.9982508961"><ele>4.46</ele><time>2025-11-16T02:16:47Z</time><extensions><gpxtpx:TrackPointExtension><gpxtpx:cad>0</gpxtpx:cad></gpxtpx:TrackPointExtension></extensions></trkpt><trkpt lat="15.0066099968" lon="73.9981668256"><ele>4.46</ele><time>2025-11-16T02:16:52Z</time><extensions><gpxtpx:TrackPointExtension><gpxtpx:cad>0</gpxtpx:cad></gpxtpx:TrackPointExtension></extensions></trkpt><trkpt lat="15.0067453645" lon="73.9980698470"><ele>4.46</ele><time>2025-11-16T02:16:57Z</time><extensions><gpxtpx:TrackPointExtension><gpxtpx:cad>0</gpxtpx:cad></gpxtpx:TrackPointExtension></extensions></trkpt><trkpt lat="15.0068727694" lon="73.9979727007"><ele>3.98</ele><time>2025-11-16T02:17:02Z</time><extensions><gpxtpx:TrackPointExtension><gpxtpx:cad>0</gpxtpx:cad></gpxtpx:TrackPointExtension></extensions></trkpt><trkpt lat="15.0070036948" lon="73.9978745487"><ele>3.50</ele><time>2025-11-16T02:17:07Z</time><extensions><gpxtpx:TrackPointExtension><gpxtpx:cad>0</gpxtpx:cad></gpxtpx:TrackPointExtension></extensions></trkpt><trkpt lat="15.0071378052" lon="73.9977790788"><ele>3.50</ele><time>2025-11-16T02:17:12Z</time><extensions><gpxtpx:TrackPointExtension><gpxtpx:cad>0</gpxtpx:cad></gpxtpx:TrackPointExtension></extensions></trkpt><trkpt lat="15.0072754361" lon="73.9976924937"><ele>3.50</ele><time>2025-11-16T02:17:17Z</time><extensions><gpxtpx:TrackPointExtension><gpxtpx:cad>0</gpxtpx:cad></gpxtpx:TrackPointExtension></extensions></trkpt><trkpt lat="15.0074106362" lon="73.9976028912"><ele>3.02</ele><time>2025-11-16T02:17:22Z</time><extensions><gpxtpx:TrackPointExtension><gpxtpx:cad>0</gpxtpx:cad></gpxtpx:TrackPointExtension></extensions></trkpt><trkpt lat="15.0075603370" lon="73.9975077566"><ele>3.02</ele><time>2025-11-16T02:17:27Z</time><extensions><gpxtpx:TrackPointExtension><gpxtpx:cad>0</gpxtpx:cad></gpxtpx:TrackPointExtension></extensions></trkpt><trkpt lat="15.0077136420" lon="73.9974255301"><ele>3.50</ele><time>2025-11-16T02:17:32Z</time><extensions><gpxtpx:TrackPointExtension><gpxtpx:cad>0</gpxtpx:cad></gpxtpx:TrackPointExtension></extensions></trkpt><trkpt lat="15.0078493450" lon="73.9973442256"><ele>3.02</ele><time>2025-11-16T02:17:37Z</time><extensions><gpxtpx:TrackPointExtension><gpxtpx:cad>0</gpxtpx:cad></gpxtpx:TrackPointExtension></extensions></trkpt><trkpt lat="15.0079895742" lon="73.9972594008"><ele>2.54</ele><time>2025-11-16T02:17:42Z</time><extensions><gpxtpx:TrackPointExtension><gpxtpx:cad>0</gpxtpx:cad></gpxtpx:TrackPointExtension></extensions></trkpt><trkpt lat="15.0081356708" lon="73.9971775096"><ele>2.54</ele><time>2025-11-16T02:17:47Z</time><extensions><gpxtpx:TrackPointExtension><gpxtpx:cad>0</gpxtpx:cad></gpxtpx:TrackPointExtension></extensions></trkpt><trkpt lat="15.0082717091" lon="73.9971014857"><ele>2.54</ele><time>2025-11-16T02:17:52Z</time><extensions><gpxtpx:TrackPointExtension><gpxtpx:cad>0</gpxtpx:cad></gpxtpx:TrackPointExtension></extensions></trkpt><trkpt lat="15.0084214937" lon="73.9970194269"><ele>2.54</ele><time>2025-11-16T02:17:57Z</time><extensions><gpxtpx:TrackPointExtension><gpxtpx:cad>0</gpxtpx:cad></gpxtpx:TrackPointExtension></extensions></trkpt><trkpt lat="15.0085639022" lon="73.9969325066"><ele>2.54</ele><time>2025-11-16T02:18:02Z</time><extensions><gpxtpx:TrackPointExtension><gpxtpx:cad>0</gpxtpx:cad></gpxtpx:TrackPointExtension></extensions></trkpt><trkpt lat="15.0087123457" lon="73.9968503639"><ele>2.54</ele><time>2025-11-16T02:18:07Z</time><extensions><gpxtpx:TrackPointExtension><gpxtpx:cad>0</gpxtpx:cad></gpxtpx:TrackPointExtension></extensions></trkpt><trkpt lat="15.0088661537" lon="73.9967877511"><ele>3.02</ele><time>2025-11-16T02:18:12Z</time><extensions><gpxtpx:TrackPointExtension><gpxtpx:cad>0</gpxtpx:cad></gpxtpx:TrackPointExtension></extensions></trkpt><trkpt lat="15.0090128370" lon="73.9967149962"><ele>2.54</ele><time>2025-11-16T02:18:17Z</time><extensions><gpxtpx:TrackPointExtension><gpxtpx:cad>0</gpxtpx:cad></gpxtpx:TrackPointExtension></extensions></trkpt><trkpt lat="15.0091523118" lon="73.9966464322"><ele>2.54</ele><time>2025-11-16T02:18:22Z</time><extensions><gpxtpx:TrackPointExtension><gpxtpx:cad>0</gpxtpx:cad></gpxtpx:TrackPointExtension></extensions></trkpt><trkpt lat="15.0092996657" lon="73.9965695702"><ele>2.54</ele><time>2025-11-16T02:18:27Z</time><extensions><gpxtpx:TrackPointExtension><gpxtpx:cad>0</gpxtpx:cad></gpxtpx:TrackPointExtension></extensions></trkpt><trkpt lat="15.0094528031" lon="73.9964857511"><ele>3.02</ele><time>2025-11-16T02:18:32Z</time><extensions><gpxtpx:TrackPointExtension><gpxtpx:cad>0</gpxtpx:cad></gpxtpx:TrackPointExtension></extensions></trkpt><trkpt lat="15.0095914397" lon="73.9963960648"><ele>2.54</ele><time>2025-11-16T02:18:37Z</time><extensions><gpxtpx:TrackPointExtension><gpxtpx:cad>0</gpxtpx:cad></gpxtpx:TrackPointExtension></extensions></trkpt><trkpt lat="15.0097295735" lon="73.9963038638"><ele>2.54</ele><time>2025-11-16T02:18:42Z</time><extensions><gpxtpx:TrackPointExtension><gpxtpx:cad>0</gpxtpx:cad></gpxtpx:TrackPointExtension></extensions></trkpt><trkpt lat="15.0098785199" lon="73.9962187875"><ele>3.02</ele><time>2025-11-16T02:18:47Z</time><extensions><gpxtpx:TrackPointExtension><gpxtpx:cad>0</gpxtpx:cad></gpxtpx:TrackPointExtension></extensions></trkpt><trkpt lat="15.0100316573" lon="73.9961493015"><ele>3.02</ele><time>2025-11-16T02:18:52Z</time><extensions><gpxtpx:TrackPointExtension><gpxtpx:cad>0</gpxtpx:cad></gpxtpx:TrackPointExtension></extensions></trkpt><trkpt lat="15.0101834536" lon="73.9960639738"><ele>2.54</ele><time>2025-11-16T02:18:57Z</time><extensions><gpxtpx:TrackPointExtension><gpxtpx:cad>0</gpxtpx:cad></gpxtpx:TrackPointExtension></extensions></trkpt><trkpt lat="15.0103158038" lon="73.9959722757"><ele>2.54</ele><time>2025-11-16T02:19:02Z</time><extensions><gpxtpx:TrackPointExtension><gpxtpx:cad>0</gpxtpx:cad></gpxtpx:TrackPointExtension></extensions></trkpt><trkpt lat="15.0104565360" lon="73.9958830923"><ele>2.54</ele><time>2025-11-16T02:19:07Z</time><extensions><gpxtpx:TrackPointExtension><gpxtpx:cad>0</gpxtpx:cad></gpxtpx:TrackPointExtension></extensions></trkpt><trkpt lat="15.0105994474" lon="73.9957944117"><ele>2.54</ele><time>2025-11-16T02:19:12Z</time><extensions><gpxtpx:TrackPointExtension><gpxtpx:cad>0</gpxtpx:cad></gpxtpx:TrackPointExtension></extensions></trkpt><trkpt lat="15.0107435323" lon="73.9957040548"><ele>3.02</ele><time>2025-11-16T02:19:17Z</time><extensions><gpxtpx:TrackPointExtension><gpxtpx:cad>0</gpxtpx:cad></gpxtpx:TrackPointExtension></extensions></trkpt><trkpt lat="15.0108858570" lon="73.9956335630"><ele>2.54</ele><time>2025-11-16T02:19:22Z</time><extensions><gpxtpx:TrackPointExtension><gpxtpx:cad>0</gpxtpx:cad></gpxtpx:TrackPointExtension></extensions></trkpt><trkpt lat="15.0110316183" lon="73.9955624007"><ele>2.54</ele><time>2025-11-16T02:19:27Z</time><extensions><gpxtpx:TrackPointExtension><gpxtpx:cad>0</gpxtpx:cad></gpxtpx:TrackPointExtension></extensions></trkpt><trkpt lat="15.0111796428" lon="73.9954777434"><ele>3.02</ele><time>2025-11-16T02:19:32Z</time><extensions><gpxtpx:TrackPointExtension><gpxtpx:cad>0</gpxtpx:cad></gpxtpx:TrackPointExtension></extensions></trkpt><trkpt lat="15.0113245659" lon="73.9953955170"><ele>3.02</ele><time>2025-11-16T02:19:37Z</time><extensions><gpxtpx:TrackPointExtension><gpxtpx:cad>0</gpxtpx:cad></gpxtpx:TrackPointExtension></extensions></trkpt><trkpt lat="15.0114667229" lon="73.9953282941"><ele>2.54</ele><time>2025-11-16T02:19:42Z</time><extensions><gpxtpx:TrackPointExtension><gpxtpx:cad>0</gpxtpx:cad></gpxtpx:TrackPointExtension></extensions></trkpt><trkpt lat="15.0116266496" lon="73.9952557068"><ele>2.54</ele><time>2025-11-16T02:19:47Z</time><extensions><gpxtpx:TrackPointExtension><gpxtpx:cad>0</gpxtpx:cad></gpxtpx:TrackPointExtension></extensions></trkpt><trkpt lat="15.0117734168" lon="73.9951866399"><ele>3.02</ele><time>2025-11-16T02:19:52Z</time><extensions><gpxtpx:TrackPointExtension><gpxtpx:cad>0</gpxtpx:cad></gpxtpx:TrackPointExtension></extensions></trkpt><trkpt lat="15.0119130593" lon="73.9951165672"><ele>3.02</ele><time>2025-11-16T02:19:57Z</time><extensions><gpxtpx:TrackPointExtension><gpxtpx:cad>0</gpxtpx:cad></gpxtpx:TrackPointExtension></extensions></trkpt><trkpt lat="15.0120563060" lon="73.9950438961"><ele>3.02</ele><time>2025-11-16T02:20:02Z</time><extensions><gpxtpx:TrackPointExtension><gpxtpx:cad>0</gpxtpx:cad></gpxtpx:TrackPointExtension></extensions></trkpt><trkpt lat="15.0121977925" lon="73.9949718956"><ele>3.02</ele><time>2025-11-16T02:20:07Z</time><extensions><gpxtpx:TrackPointExtension><gpxtpx:cad>0</gpxtpx:cad></gpxtpx:TrackPointExtension></extensions></trkpt><trkpt lat="15.0123432186" lon="73.9949002303"><ele>3.02</ele><time>2025-11-16T02:20:12Z</time><extensions><gpxtpx:TrackPointExtension><gpxtpx:cad>0</gpxtpx:cad></gpxtpx:TrackPointExtension></extensions></trkpt><trkpt lat="15.0124886446" lon="73.9948184229"><ele>3.02</ele><time>2025-11-16T02:20:17Z</time><extensions><gpxtpx:TrackPointExtension><gpxtpx:cad>0</gpxtpx:cad></gpxtpx:TrackPointExtension></extensions></trkpt><trkpt lat="15.0126331486" lon="73.9947390463"><ele>3.50</ele><time>2025-11-16T02:20:22Z</time><extensions><gpxtpx:TrackPointExtension><gpxtpx:cad>0</gpxtpx:cad></gpxtpx:TrackPointExtension></extensions></trkpt><trkpt lat="15.0127818435" lon="73.9946569875"><ele>3.98</ele><time>2025-11-16T02:20:27Z</time><extensions><gpxtpx:TrackPointExtension><gpxtpx:cad>0</gpxtpx:cad></gpxtpx:TrackPointExtension></extensions></trkpt><trkpt lat="15.0129305385" lon="73.9945797063"><ele>3.98</ele><time>2025-11-16T02:20:32Z</time><extensions><gpxtpx:TrackPointExtension><gpxtpx:cad>0</gpxtpx:cad></gpxtpx:TrackPointExtension></extensions></trkpt><trkpt lat="15.0130724441" lon="73.9944997430"><ele>3.98</ele><time>2025-11-16T02:20:37Z</time><extensions><gpxtpx:TrackPointExtension><gpxtpx:cad>0</gpxtpx:cad></gpxtpx:TrackPointExtension></extensions></trkpt><trkpt lat="15.0132135954" lon="73.9944119845"><ele>3.98</ele><time>2025-11-16T02:20:42Z</time><extensions><gpxtpx:TrackPointExtension><gpxtpx:cad>0</gpxtpx:cad></gpxtpx:TrackPointExtension></extensions></trkpt><trkpt lat="15.0133575127" lon="73.9943349548"><ele>3.50</ele><time>2025-11-16T02:20:47Z</time><extensions><gpxtpx:TrackPointExtension><gpxtpx:cad>0</gpxtpx:cad></gpxtpx:TrackPointExtension></extensions></trkpt><trkpt lat="15.0134994183" lon="73.9942651335"><ele>3.50</ele><time>2025-11-16T02:20:52Z</time><extensions><gpxtpx:TrackPointExtension><gpxtpx:cad>0</gpxtpx:cad></gpxtpx:TrackPointExtension></extensions></trkpt><trkpt lat="15.0136436708" lon="73.9941999223"><ele>3.02</ele><time>2025-11-16T02:20:57Z</time><extensions><gpxtpx:TrackPointExtension><gpxtpx:cad>0</gpxtpx:cad></gpxtpx:TrackPointExtension></extensions></trkpt><trkpt lat="15.0137910247" lon="73.9941272512"><ele>3.02</ele><time>2025-11-16T02:21:02Z</time><extensions><gpxtpx:TrackPointExtension><gpxtpx:cad>0</gpxtpx:cad></gpxtpx:TrackPointExtension></extensions></trkpt><trkpt lat="15.0139343552" lon="73.9940555859"><ele>3.02</ele><time>2025-11-16T02:21:07Z</time><extensions><gpxtpx:TrackPointExtension><gpxtpx:cad>0</gpxtpx:cad></gpxtpx:TrackPointExtension></extensions></trkpt><trkpt lat="15.0140785240" lon="73.9939932246"><ele>3.02</ele><time>2025-11-16T02:21:12Z</time><extensions><gpxtpx:TrackPointExtension><gpxtpx:cad>0</gpxtpx:cad></gpxtpx:TrackPointExtension></extensions></trkpt><trkpt lat="15.0142268836" lon="73.9939288516"><ele>3.02</ele><time>2025-11-16T02:21:17Z</time><extensions><gpxtpx:TrackPointExtension><gpxtpx:cad>0</gpxtpx:cad></gpxtpx:TrackPointExtension></extensions></trkpt><trkpt lat="15.0143667776" lon="73.9938619640"><ele>3.02</ele><time>2025-11-16T02:21:22Z</time><extensions><gpxtpx:TrackPointExtension><gpxtpx:cad>0</gpxtpx:cad></gpxtpx:TrackPointExtension></extensions></trkpt><trkpt lat="15.0145178195" lon="73.9937871974"><ele>3.02</ele><time>2025-11-16T02:21:27Z</time><extensions><gpxtpx:TrackPointExtension><gpxtpx:cad>0</gpxtpx:cad></gpxtpx:TrackPointExtension></extensions></trkpt><trkpt lat="15.0146652572" lon="73.9937053062"><ele>3.02</ele><time>2025-11-16T02:21:32Z</time><extensions><gpxtpx:TrackPointExtension><gpxtpx:cad>0</gpxtpx:cad></gpxtpx:TrackPointExtension></extensions></trkpt><trkpt lat="15.0148070790" lon="73.9936280251"><ele>3.02</ele><time>2025-11-16T02:21:37Z</time><extensions><gpxtpx:TrackPointExtension><gpxtpx:cad>0</gpxtpx:cad></gpxtpx:TrackPointExtension></extensions></trkpt><trkpt lat="15.0149515830" lon="73.9935483132"><ele>2.54</ele><time>2025-11-16T02:21:42Z</time><extensions><gpxtpx:TrackPointExtension><gpxtpx:cad>0</gpxtpx:cad></gpxtpx:TrackPointExtension></extensions></trkpt><trkpt lat="15.0150974281" lon="73.9934652485"><ele>2.54</ele><time>2025-11-16T02:21:47Z</time><extensions><gpxtpx:TrackPointExtension><gpxtpx:cad>0</gpxtpx:cad></gpxtpx:TrackPointExtension></extensions></trkpt><trkpt lat="15.0152443629" lon="73.9933937509"><ele>2.06</ele><time>2025-11-16T02:21:52Z</time><extensions><gpxtpx:TrackPointExtension><gpxtpx:cad>0</gpxtpx:cad></gpxtpx:TrackPointExtension></extensions></trkpt><trkpt lat="15.0153958239" lon="73.9933095127"><ele>1.58</ele><time>2025-11-16T02:21:57Z</time><extensions><gpxtpx:TrackPointExtension><gpxtpx:cad>0</gpxtpx:cad></gpxtpx:TrackPointExtension></extensions></trkpt><trkpt lat="15.0155353826" lon="73.9932284597"><ele>1.58</ele><time>2025-11-16T02:22:02Z</time><extensions><gpxtpx:TrackPointExtension><gpxtpx:cad>0</gpxtpx:cad></gpxtpx:TrackPointExtension></extensions></trkpt><trkpt lat="15.0156638771" lon="73.9931268711"><ele>1.58</ele><time>2025-11-16T02:22:07Z</time><extensions><gpxtpx:TrackPointExtension><gpxtpx:cad>0</gpxtpx:cad></gpxtpx:TrackPointExtension></extensions></trkpt><trkpt lat="15.0157523062" lon="73.9929956105"><ele>1.58</ele><time>2025-11-16T02:22:12Z</time><extensions><gpxtpx:TrackPointExtension><gpxtpx:cad>0</gpxtpx:cad></gpxtpx:TrackPointExtension></extensions></trkpt><trkpt lat="15.0157963112" lon="73.9928392880"><ele>1.58</ele><time>2025-11-16T02:22:17Z</time><extensions><gpxtpx:TrackPointExtension><gpxtpx:cad>0</gpxtpx:cad></gpxtpx:TrackPointExtension></extensions></trkpt><trkpt lat="15.0158062018" lon="73.9926769305"><ele>1.58</ele><time>2025-11-16T02:22:22Z</time><extensions><gpxtpx:TrackPointExtension><gpxtpx:cad>0</gpxtpx:cad></gpxtpx:TrackPointExtension></extensions></trkpt><trkpt lat="15.0158126559" lon="73.9925133158"><ele>1.58</ele><time>2025-11-16T02:22:27Z</time><extensions><gpxtpx:TrackPointExtension><gpxtpx:cad>0</gpxtpx:cad></gpxtpx:TrackPointExtension></extensions></trkpt><trkpt lat="15.0158455130" lon="73.9923515450"><ele>1.58</ele><time>2025-11-16T02:22:32Z</time><extensions><gpxtpx:TrackPointExtension><gpxtpx:cad>0</gpxtpx:cad></gpxtpx:TrackPointExtension></extensions></trkpt><trkpt lat="15.0158833992" lon="73.9921883494"><ele>1.58</ele><time>2025-11-16T02:22:37Z</time><extensions><gpxtpx:TrackPointExtension><gpxtpx:cad>0</gpxtpx:cad></gpxtpx:TrackPointExtension></extensions></trkpt><trkpt lat="15.0159317628" lon="73.9920319431"><ele>1.58</ele><time>2025-11-16T02:22:42Z</time><extensions><gpxtpx:TrackPointExtension><gpxtpx:cad>0</gpxtpx:cad></gpxtpx:TrackPointExtension></extensions></trkpt><trkpt lat="15.0159866642" lon="73.9918764587"><ele>1.58</ele><time>2025-11-16T02:22:47Z</time><extensions><gpxtpx:TrackPointExtension><gpxtpx:cad>0</gpxtpx:cad></gpxtpx:TrackPointExtension></extensions></trkpt><trkpt lat="15.0160441641" lon="73.9917161968"><ele>1.58</ele><time>2025-11-16T02:22:52Z</time><extensions><gpxtpx:TrackPointExtension><gpxtpx:cad>0</gpxtpx:cad></gpxtpx:TrackPointExtension></extensions></trkpt><trkpt lat="15.0161090400" lon="73.9915624727"><ele>2.06</ele><time>2025-11-16T02:22:57Z</time><extensions><gpxtpx:TrackPointExtension><gpxtpx:cad>0</gpxtpx:cad></gpxtpx:TrackPointExtension></extensions></trkpt><trkpt lat="15.0161831360" lon="73.9914153703"><ele>2.06</ele><time>2025-11-16T02:23:02Z</time><extensions><gpxtpx:TrackPointExtension><gpxtpx:cad>0</gpxtpx:cad></gpxtpx:TrackPointExtension></extensions></trkpt><trkpt lat="15.0162589923" lon="73.9912649989"><ele>1.58</ele><time>2025-11-16T02:23:07Z</time><extensions><gpxtpx:TrackPointExtension><gpxtpx:cad>0</gpxtpx:cad></gpxtpx:TrackPointExtension></extensions></trkpt><trkpt lat="15.0163221080" lon="73.9911052398"><ele>1.58</ele><time>2025-11-16T02:23:12Z</time><extensions><gpxtpx:TrackPointExtension><gpxtpx:cad>0</gpxtpx:cad></gpxtpx:TrackPointExtension></extensions></trkpt><trkpt lat="15.0163768418" lon="73.9909507614"><ele>2.06</ele><time>2025-11-16T02:23:17Z</time><extensions><gpxtpx:TrackPointExtension><gpxtpx:cad>0</gpxtpx:cad></gpxtpx:TrackPointExtension></extensions></trkpt><trkpt lat="15.0164310727" lon="73.9907885715"><ele>2.06</ele><time>2025-11-16T02:23:22Z</time><extensions><gpxtpx:TrackPointExtension><gpxtpx:cad>0</gpxtpx:cad></gpxtpx:TrackPointExtension></extensions></trkpt><trkpt lat="15.0164879858" lon="73.9906231966"><ele>2.06</ele><time>2025-11-16T02:23:27Z</time><extensions><gpxtpx:TrackPointExtension><gpxtpx:cad>0</gpxtpx:cad></gpxtpx:TrackPointExtension></extensions></trkpt><trkpt lat="15.0165640097" lon="73.9904793631"><ele>2.54</ele><time>2025-11-16T02:23:32Z</time><extensions><gpxtpx:TrackPointExtension><gpxtpx:cad>0</gpxtpx:cad></gpxtpx:TrackPointExtension></extensions></trkpt><trkpt lat="15.0166392792" lon="73.9903233759"><ele>2.06</ele><time>2025-11-16T02:23:37Z</time><extensions><gpxtpx:TrackPointExtension><gpxtpx:cad>0</gpxtpx:cad></gpxtpx:TrackPointExtension></extensions></trkpt><trkpt lat="15.0166937616" lon="73.9901651256"><ele>2.06</ele><time>2025-11-16T02:23:42Z</time><extensions><gpxtpx:TrackPointExtension><gpxtpx:cad>0</gpxtpx:cad></gpxtpx:TrackPointExtension></extensions></trkpt><trkpt lat="15.0167649239" lon="73.9900193643"><ele>2.06</ele><time>2025-11-16T02:23:47Z</time><extensions><gpxtpx:TrackPointExtension><gpxtpx:cad>0</gpxtpx:cad></gpxtpx:TrackPointExtension></extensions></trkpt><trkpt lat="15.0168257765" lon="73.9898618683"><ele>2.06</ele><time>2025-11-16T02:23:52Z</time><extensions><gpxtpx:TrackPointExtension><gpxtpx:cad>0</gpxtpx:cad></gpxtpx:TrackPointExtension></extensions></trkpt><trkpt lat="15.0168790016" lon="73.9897045400"><ele>2.06</ele><time>2025-11-16T02:23:57Z</time><extensions><gpxtpx:TrackPointExtension><gpxtpx:cad>0</gpxtpx:cad></gpxtpx:TrackPointExtension></extensions></trkpt><trkpt lat="15.0169505831" lon="73.9895470440"><ele>2.06</ele><time>2025-11-16T02:24:02Z</time><extensions><gpxtpx:TrackPointExtension><gpxtpx:cad>0</gpxtpx:cad></gpxtpx:TrackPointExtension></extensions></trkpt><trkpt lat="15.0170183089" lon="73.9893845189"><ele>2.06</ele><time>2025-11-16T02:24:07Z</time><extensions><gpxtpx:TrackPointExtension><gpxtpx:cad>0</gpxtpx:cad></gpxtpx:TrackPointExtension></extensions></trkpt><trkpt lat="15.0170899741" lon="73.9892255142"><ele>2.06</ele><time>2025-11-16T02:24:12Z</time><extensions><gpxtpx:TrackPointExtension><gpxtpx:cad>0</gpxtpx:cad></gpxtpx:TrackPointExtension></extensions></trkpt><trkpt lat="15.0171599630" lon="73.9890733827"><ele>2.54</ele><time>2025-11-16T02:24:17Z</time><extensions><gpxtpx:TrackPointExtension><gpxtpx:cad>0</gpxtpx:cad></gpxtpx:TrackPointExtension></extensions></trkpt><trkpt lat="15.0172289461" lon="73.9889204130"><ele>2.54</ele><time>2025-11-16T02:24:22Z</time><extensions><gpxtpx:TrackPointExtension><gpxtpx:cad>0</gpxtpx:cad></gpxtpx:TrackPointExtension></extensions></trkpt><trkpt lat="15.0173120108" lon="73.9887771662"><ele>2.06</ele><time>2025-11-16T02:24:27Z</time><extensions><gpxtpx:TrackPointExtension><gpxtpx:cad>0</gpxtpx:cad></gpxtpx:TrackPointExtension></extensions></trkpt><trkpt lat="15.0173872802" lon="73.9886247832"><ele>1.58</ele><time>2025-11-16T02:24:32Z</time><extensions><gpxtpx:TrackPointExtension><gpxtpx:cad>0</gpxtpx:cad></gpxtpx:TrackPointExtension></extensions></trkpt><trkpt lat="15.0174604543" lon="73.9884744119"><ele>1.58</ele><time>2025-11-16T02:24:37Z</time><extensions><gpxtpx:TrackPointExtension><gpxtpx:cad>0</gpxtpx:cad></gpxtpx:TrackPointExtension></extensions></trkpt><trkpt lat="15.0175309461" lon="73.9883281477"><ele>1.58</ele><time>2025-11-16T02:24:42Z</time><extensions><gpxtpx:TrackPointExtension><gpxtpx:cad>0</gpxtpx:cad></gpxtpx:TrackPointExtension></extensions></trkpt><trkpt lat="15.0176055450" lon="73.9881774411"><ele>2.06</ele><time>2025-11-16T02:24:47Z</time><extensions><gpxtpx:TrackPointExtension><gpxtpx:cad>0</gpxtpx:cad></gpxtpx:TrackPointExtension></extensions></trkpt><trkpt lat="15.0176821556" lon="73.9880304225"><ele>2.06</ele><time>2025-11-16T02:24:52Z</time><extensions><gpxtpx:TrackPointExtension><gpxtpx:cad>0</gpxtpx:cad></gpxtpx:TrackPointExtension></extensions></trkpt><trkpt lat="15.0177572574" lon="73.9878837392"><ele>2.06</ele><time>2025-11-16T02:24:57Z</time><extensions><gpxtpx:TrackPointExtension><gpxtpx:cad>0</gpxtpx:cad></gpxtpx:TrackPointExtension></extensions></trkpt><trkpt lat="15.0178313535" lon="73.9877294283"><ele>2.06</ele><time>2025-11-16T02:25:02Z</time><extensions><gpxtpx:TrackPointExtension><gpxtpx:cad>0</gpxtpx:cad></gpxtpx:TrackPointExtension></extensions></trkpt><trkpt lat="15.0178998336" lon="73.9875785541"><ele>2.06</ele><time>2025-11-16T02:25:07Z</time><extensions><gpxtpx:TrackPointExtension><gpxtpx:cad>0</gpxtpx:cad></gpxtpx:TrackPointExtension></extensions></trkpt><trkpt lat="15.0179703254" lon="73.9874335472"><ele>1.58</ele><time>2025-11-16T02:25:12Z</time><extensions><gpxtpx:TrackPointExtension><gpxtpx:cad>0</gpxtpx:cad></gpxtpx:TrackPointExtension></extensions></trkpt><trkpt lat="15.0180442538" lon="73.9872778952"><ele>1.10</ele><time>2025-11-16T02:25:17Z</time><extensions><gpxtpx:TrackPointExtension><gpxtpx:cad>0</gpxtpx:cad></gpxtpx:TrackPointExtension></extensions></trkpt><trkpt lat="15.0181251392" lon="73.9871333912"><ele>1.10</ele><time>2025-11-16T02:25:22Z</time><extensions><gpxtpx:TrackPointExtension><gpxtpx:cad>0</gpxtpx:cad></gpxtpx:TrackPointExtension></extensions></trkpt><trkpt lat="15.0182015821" lon="73.9869870432"><ele>1.10</ele><time>2025-11-16T02:25:27Z</time><extensions><gpxtpx:TrackPointExtension><gpxtpx:cad>0</gpxtpx:cad></gpxtpx:TrackPointExtension></extensions></trkpt><trkpt lat="15.0182805397" lon="73.9868354984"><ele>1.10</ele><time>2025-11-16T02:25:32Z</time><extensions><gpxtpx:TrackPointExtension><gpxtpx:cad>0</gpxtpx:cad></gpxtpx:TrackPointExtension></extensions></trkpt><trkpt lat="15.0183709804" lon="73.9866850432"><ele>1.10</ele><time>2025-11-16T02:25:37Z</time><extensions><gpxtpx:TrackPointExtension><gpxtpx:cad>0</gpxtpx:cad></gpxtpx:TrackPointExtension></extensions></trkpt><trkpt lat="15.0184616726" lon="73.9865447301"><ele>1.10</ele><time>2025-11-16T02:25:42Z</time><extensions><gpxtpx:TrackPointExtension><gpxtpx:cad>0</gpxtpx:cad></gpxtpx:TrackPointExtension></extensions></trkpt><trkpt lat="15.0185543764" lon="73.9864039980"><ele>1.58</ele><time>2025-11-16T02:25:47Z</time><extensions><gpxtpx:TrackPointExtension><gpxtpx:cad>0</gpxtpx:cad></gpxtpx:TrackPointExtension></extensions></trkpt><trkpt lat="15.0186530314" lon="73.9862686303"><ele>1.58</ele><time>2025-11-16T02:25:52Z</time><extensions><gpxtpx:TrackPointExtension><gpxtpx:cad>0</gpxtpx:cad></gpxtpx:TrackPointExtension></extensions></trkpt><trkpt lat="15.0187620800" lon="73.9861349389"><ele>1.58</ele><time>2025-11-16T02:25:57Z</time><extensions><gpxtpx:TrackPointExtension><gpxtpx:cad>0</gpxtpx:cad></gpxtpx:TrackPointExtension></extensions></trkpt><trkpt lat="15.0188505929" lon="73.9860045165"><ele>1.58</ele><time>2025-11-16T02:26:02Z</time><extensions><gpxtpx:TrackPointExtension><gpxtpx:cad>0</gpxtpx:cad></gpxtpx:TrackPointExtension></extensions></trkpt><trkpt lat="15.0189517625" lon="73.9858690649"><ele>1.58</ele><time>2025-11-16T02:26:07Z</time><extensions><gpxtpx:TrackPointExtension><gpxtpx:cad>0</gpxtpx:cad></gpxtpx:TrackPointExtension></extensions></trkpt><trkpt lat="15.0190537702" lon="73.9857321884"><ele>1.10</ele><time>2025-11-16T02:26:12Z</time><extensions><gpxtpx:TrackPointExtension><gpxtpx:cad>0</gpxtpx:cad></gpxtpx:TrackPointExtension></extensions></trkpt><trkpt lat="15.0191504974" lon="73.9855997544"><ele>1.10</ele><time>2025-11-16T02:26:17Z</time><extensions><gpxtpx:TrackPointExtension><gpxtpx:cad>0</gpxtpx:cad></gpxtpx:TrackPointExtension></extensions></trkpt><trkpt lat="15.0192526728" lon="73.9854679070"><ele>1.10</ele><time>2025-11-16T02:26:22Z</time><extensions><gpxtpx:TrackPointExtension><gpxtpx:cad>0</gpxtpx:cad></gpxtpx:TrackPointExtension></extensions></trkpt><trkpt lat="15.0193505734" lon="73.9853279293"><ele>1.10</ele><time>2025-11-16T02:26:27Z</time><extensions><gpxtpx:TrackPointExtension><gpxtpx:cad>0</gpxtpx:cad></gpxtpx:TrackPointExtension></extensions></trkpt><trkpt lat="15.0194479711" lon="73.9851965010"><ele>1.10</ele><time>2025-11-16T02:26:32Z</time><extensions><gpxtpx:TrackPointExtension><gpxtpx:cad>0</gpxtpx:cad></gpxtpx:TrackPointExtension></extensions></trkpt><trkpt lat="15.0195445307" lon="73.9850652404"><ele>1.10</ele><time>2025-11-16T02:26:37Z</time><extensions><gpxtpx:TrackPointExtension><gpxtpx:cad>0</gpxtpx:cad></gpxtpx:TrackPointExtension></extensions></trkpt><trkpt lat="15.0196445268" lon="73.9849349018"><ele>1.10</ele><time>2025-11-16T02:26:42Z</time><extensions><gpxtpx:TrackPointExtension><gpxtpx:cad>0</gpxtpx:cad></gpxtpx:TrackPointExtension></extensions></trkpt><trkpt lat="15.0197495520" lon="73.9847965166"><ele>0.62</ele><time>2025-11-16T02:26:47Z</time><extensions><gpxtpx:TrackPointExtension><gpxtpx:cad>0</gpxtpx:cad></gpxtpx:TrackPointExtension></extensions></trkpt><trkpt lat="15.0198536552" lon="73.9846577961"><ele>0.62</ele><time>2025-11-16T02:26:52Z</time><extensions><gpxtpx:TrackPointExtension><gpxtpx:cad>0</gpxtpx:cad></gpxtpx:TrackPointExtension></extensions></trkpt><trkpt lat="15.0199618656" lon="73.9845357556"><ele>0.62</ele><time>2025-11-16T02:26:57Z</time><extensions><gpxtpx:TrackPointExtension><gpxtpx:cad>0</gpxtpx:cad></gpxtpx:TrackPointExtension></extensions></trkpt><trkpt lat="15.0200518873" lon="73.9843987953"><ele>0.62</ele><time>2025-11-16T02:27:02Z</time><extensions><gpxtpx:TrackPointExtension><gpxtpx:cad>0</gpxtpx:cad></gpxtpx:TrackPointExtension></extensions></trkpt><trkpt lat="15.0201394781" lon="73.9842656069"><ele>0.62</ele><time>2025-11-16T02:27:07Z</time><extensions><gpxtpx:TrackPointExtension><gpxtpx:cad>0</gpxtpx:cad></gpxtpx:TrackPointExtension></extensions></trkpt><trkpt lat="15.0202396419" lon="73.9841308258"><ele>0.62</ele><time>2025-11-16T02:27:12Z</time><extensions><gpxtpx:TrackPointExtension><gpxtpx:cad>0</gpxtpx:cad></gpxtpx:TrackPointExtension></extensions></trkpt><trkpt lat="15.0203403085" lon="73.9840002358"><ele>0.62</ele><time>2025-11-16T02:27:17Z</time><extensions><gpxtpx:TrackPointExtension><gpxtpx:cad>0</gpxtpx:cad></gpxtpx:TrackPointExtension></extensions></trkpt><trkpt lat="15.0204352755" lon="73.9838600066"><ele>0.62</ele><time>2025-11-16T02:27:22Z</time><extensions><gpxtpx:TrackPointExtension><gpxtpx:cad>0</gpxtpx:cad></gpxtpx:TrackPointExtension></extensions></trkpt><trkpt lat="15.0205240399" lon="73.9837233815"><ele>1.10</ele><time>2025-11-16T02:27:27Z</time><extensions><gpxtpx:TrackPointExtension><gpxtpx:cad>0</gpxtpx:cad></gpxtpx:TrackPointExtension></extensions></trkpt><trkpt lat="15.0206329208" lon="73.9835901931"><ele>1.58</ele><time>2025-11-16T02:27:32Z</time><extensions><gpxtpx:TrackPointExtension><gpxtpx:cad>0</gpxtpx:cad></gpxtpx:TrackPointExtension></extensions></trkpt><trkpt lat="15.0207308214" lon="73.9834492095"><ele>1.58</ele><time>2025-11-16T02:27:37Z</time><extensions><gpxtpx:TrackPointExtension><gpxtpx:cad>0</gpxtpx:cad></gpxtpx:TrackPointExtension></extensions></trkpt><trkpt lat="15.0208295602" lon="73.9833175298"><ele>2.06</ele><time>2025-11-16T02:27:42Z</time><extensions><gpxtpx:TrackPointExtension><gpxtpx:cad>0</gpxtpx:cad></gpxtpx:TrackPointExtension></extensions></trkpt><trkpt lat="15.0209283829" lon="73.9831856824"><ele>2.06</ele><time>2025-11-16T02:27:47Z</time><extensions><gpxtpx:TrackPointExtension><gpxtpx:cad>0</gpxtpx:cad></gpxtpx:TrackPointExtension></extensions></trkpt><trkpt lat="15.0210361741" lon="73.9830472134"><ele>1.58</ele><time>2025-11-16T02:27:52Z</time><extensions><gpxtpx:TrackPointExtension><gpxtpx:cad>0</gpxtpx:cad></gpxtpx:TrackPointExtension></extensions></trkpt><trkpt lat="15.0211424567" lon="73.9829117619"><ele>2.06</ele><time>2025-11-16T02:27:57Z</time><extensions><gpxtpx:TrackPointExtension><gpxtpx:cad>0</gpxtpx:cad></gpxtpx:TrackPointExtension></extensions></trkpt><trkpt lat="15.0212453865" lon="73.9827820938"><ele>2.06</ele><time>2025-11-16T02:28:02Z</time><extensions><gpxtpx:TrackPointExtension><gpxtpx:cad>0</gpxtpx:cad></gpxtpx:TrackPointExtension></extensions></trkpt><trkpt lat="15.0213557761" lon="73.9826530963"><ele>2.54</ele><time>2025-11-16T02:28:07Z</time><extensions><gpxtpx:TrackPointExtension><gpxtpx:cad>0</gpxtpx:cad></gpxtpx:TrackPointExtension></extensions></trkpt><trkpt lat="15.0214755535" lon="73.9825222548"><ele>2.06</ele><time>2025-11-16T02:28:12Z</time><extensions><gpxtpx:TrackPointExtension><gpxtpx:cad>0</gpxtpx:cad></gpxtpx:TrackPointExtension></extensions></trkpt><trkpt lat="15.0215809979" lon="73.9823919162"><ele>2.06</ele><time>2025-11-16T02:28:17Z</time><extensions><gpxtpx:TrackPointExtension><gpxtpx:cad>0</gpxtpx:cad></gpxtpx:TrackPointExtension></extensions></trkpt><trkpt lat="15.0216883700" lon="73.9822578058"><ele>2.06</ele><time>2025-11-16T02:28:22Z</time><extensions><gpxtpx:TrackPointExtension><gpxtpx:cad>0</gpxtpx:cad></gpxtpx:TrackPointExtension></extensions></trkpt><trkpt lat="15.0217919704" lon="73.9821248688"><ele>2.06</ele><time>2025-11-16T02:28:27Z</time><extensions><gpxtpx:TrackPointExtension><gpxtpx:cad>0</gpxtpx:cad></gpxtpx:TrackPointExtension></extensions></trkpt><trkpt lat="15.0219149329" lon="73.9820067678"><ele>2.54</ele><time>2025-11-16T02:28:32Z</time><extensions><gpxtpx:TrackPointExtension><gpxtpx:cad>0</gpxtpx:cad></gpxtpx:TrackPointExtension></extensions></trkpt><trkpt lat="15.0220274180" lon="73.9818826318"><ele>2.06</ele><time>2025-11-16T02:28:37Z</time><extensions><gpxtpx:TrackPointExtension><gpxtpx:cad>0</gpxtpx:cad></gpxtpx:TrackPointExtension></extensions></trkpt><trkpt lat="15.0221406575" lon="73.9817636926"><ele>2.54</ele><time>2025-11-16T02:28:42Z</time><extensions><gpxtpx:TrackPointExtension><gpxtpx:cad>0</gpxtpx:cad></gpxtpx:TrackPointExtension></extensions></trkpt><trkpt lat="15.0222636200" lon="73.9816398080"><ele>2.54</ele><time>2025-11-16T02:28:47Z</time><extensions><gpxtpx:TrackPointExtension><gpxtpx:cad>0</gpxtpx:cad></gpxtpx:TrackPointExtension></extensions></trkpt><trkpt lat="15.0223865826" lon="73.9815112296"><ele>2.54</ele><time>2025-11-16T02:28:52Z</time><extensions><gpxtpx:TrackPointExtension><gpxtpx:cad>0</gpxtpx:cad></gpxtpx:TrackPointExtension></extensions></trkpt><trkpt lat="15.0224989839" lon="73.9813880157"><ele>2.54</ele><time>2025-11-16T02:28:57Z</time><extensions><gpxtpx:TrackPointExtension><gpxtpx:cad>0</gpxtpx:cad></gpxtpx:TrackPointExtension></extensions></trkpt><trkpt lat="15.0226217788" lon="73.9812678192"><ele>2.54</ele><time>2025-11-16T02:29:02Z</time><extensions><gpxtpx:TrackPointExtension><gpxtpx:cad>0</gpxtpx:cad></gpxtpx:TrackPointExtension></extensions></trkpt><trkpt lat="15.0227314141" lon="73.9811563399"><ele>2.06</ele><time>2025-11-16T02:29:07Z</time><extensions><gpxtpx:TrackPointExtension><gpxtpx:cad>0</gpxtpx:cad></gpxtpx:TrackPointExtension></extensions></trkpt><trkpt lat="15.0228403788" lon="73.9810307790"><ele>2.06</ele><time>2025-11-16T02:29:12Z</time><extensions><gpxtpx:TrackPointExtension><gpxtpx:cad>0</gpxtpx:cad></gpxtpx:TrackPointExtension></extensions></trkpt><trkpt lat="15.0229526125" lon="73.9809048828"><ele>2.54</ele><time>2025-11-16T02:29:17Z</time><extensions><gpxtpx:TrackPointExtension><gpxtpx:cad>0</gpxtpx:cad></gpxtpx:TrackPointExtension></extensions></trkpt><trkpt lat="15.0230666064" lon="73.9807840157"><ele>2.54</ele><time>2025-11-16T02:29:22Z</time><extensions><gpxtpx:TrackPointExtension><gpxtpx:cad>0</gpxtpx:cad></gpxtpx:TrackPointExtension></extensions></trkpt><trkpt lat="15.0231768284" lon="73.9806535095"><ele>2.54</ele><time>2025-11-16T02:29:27Z</time><extensions><gpxtpx:TrackPointExtension><gpxtpx:cad>0</gpxtpx:cad></gpxtpx:TrackPointExtension></extensions></trkpt><trkpt lat="15.0232924987" lon="73.9805357438"><ele>2.54</ele><time>2025-11-16T02:29:32Z</time><extensions><gpxtpx:TrackPointExtension><gpxtpx:cad>0</gpxtpx:cad></gpxtpx:TrackPointExtension></extensions></trkpt><trkpt lat="15.0234108511" lon="73.9804106019"><ele>2.54</ele><time>2025-11-16T02:29:37Z</time><extensions><gpxtpx:TrackPointExtension><gpxtpx:cad>0</gpxtpx:cad></gpxtpx:TrackPointExtension></extensions></trkpt><trkpt lat="15.0235096738" lon="73.9802797604"><ele>2.54</ele><time>2025-11-16T02:29:42Z</time><extensions><gpxtpx:TrackPointExtension><gpxtpx:cad>0</gpxtpx:cad></gpxtpx:TrackPointExtension></extensions></trkpt><trkpt lat="15.0236176327" lon="73.9801382739"><ele>2.54</ele><time>2025-11-16T02:29:47Z</time><extensions><gpxtpx:TrackPointExtension><gpxtpx:cad>0</gpxtpx:cad></gpxtpx:TrackPointExtension></extensions></trkpt><trkpt lat="15.0237141922" lon="73.9800066780"><ele>2.54</ele><time>2025-11-16T02:29:52Z</time><extensions><gpxtpx:TrackPointExtension><gpxtpx:cad>0</gpxtpx:cad></gpxtpx:TrackPointExtension></extensions></trkpt><trkpt lat="15.0238222349" lon="73.9798672032"><ele>3.02</ele><time>2025-11-16T02:29:57Z</time><extensions><gpxtpx:TrackPointExtension><gpxtpx:cad>0</gpxtpx:cad></gpxtpx:TrackPointExtension></extensions></trkpt><trkpt lat="15.0239300262" lon="73.9797305781"><ele>3.02</ele><time>2025-11-16T02:30:02Z</time><extensions><gpxtpx:TrackPointExtension><gpxtpx:cad>0</gpxtpx:cad></gpxtpx:TrackPointExtension></extensions></trkpt><trkpt lat="15.0240342133" lon="73.9796055201"><ele>3.02</ele><time>2025-11-16T02:30:07Z</time><extensions><gpxtpx:TrackPointExtension><gpxtpx:cad>0</gpxtpx:cad></gpxtpx:TrackPointExtension></extensions></trkpt><trkpt lat="15.0241337065" lon="73.9794698171"><ele>3.02</ele><time>2025-11-16T02:30:12Z</time><extensions><gpxtpx:TrackPointExtension><gpxtpx:cad>0</gpxtpx:cad></gpxtpx:TrackPointExtension></extensions></trkpt><trkpt lat="15.0242306851" lon="73.9793361258"><ele>2.54</ele><time>2025-11-16T02:30:17Z</time><extensions><gpxtpx:TrackPointExtension><gpxtpx:cad>0</gpxtpx:cad></gpxtpx:TrackPointExtension></extensions></trkpt><trkpt lat="15.0243229698" lon="73.9791980758"><ele>2.54</ele><time>2025-11-16T02:30:22Z</time><extensions><gpxtpx:TrackPointExtension><gpxtpx:cad>0</gpxtpx:cad></gpxtpx:TrackPointExtension></extensions></trkpt><trkpt lat="15.0244174339" lon="73.9790531527"><ele>2.54</ele><time>2025-11-16T02:30:27Z</time><extensions><gpxtpx:TrackPointExtension><gpxtpx:cad>0</gpxtpx:cad></gpxtpx:TrackPointExtension></extensions></trkpt><trkpt lat="15.0245168433" lon="73.9789134264"><ele>2.06</ele><time>2025-11-16T02:30:32Z</time><extensions><gpxtpx:TrackPointExtension><gpxtpx:cad>0</gpxtpx:cad></gpxtpx:TrackPointExtension></extensions></trkpt><trkpt lat="15.0246135704" lon="73.9787804894"><ele>2.54</ele><time>2025-11-16T02:30:37Z</time><extensions><gpxtpx:TrackPointExtension><gpxtpx:cad>0</gpxtpx:cad></gpxtpx:TrackPointExtension></extensions></trkpt><trkpt lat="15.0247035082" lon="73.9786392543"><ele>2.06</ele><time>2025-11-16T02:30:42Z</time><extensions><gpxtpx:TrackPointExtension><gpxtpx:cad>0</gpxtpx:cad></gpxtpx:TrackPointExtension></extensions></trkpt><trkpt lat="15.0247932784" lon="73.9784994442"><ele>2.54</ele><time>2025-11-16T02:30:47Z</time><extensions><gpxtpx:TrackPointExtension><gpxtpx:cad>0</gpxtpx:cad></gpxtpx:TrackPointExtension></extensions></trkpt><trkpt lat="15.0248929393" lon="73.9783527609"><ele>3.02</ele><time>2025-11-16T02:30:52Z</time><extensions><gpxtpx:TrackPointExtension><gpxtpx:cad>0</gpxtpx:cad></gpxtpx:TrackPointExtension></extensions></trkpt><trkpt lat="15.0249738246" lon="73.9782111067"><ele>2.54</ele><time>2025-11-16T02:30:57Z</time><extensions><gpxtpx:TrackPointExtension><gpxtpx:cad>0</gpxtpx:cad></gpxtpx:TrackPointExtension></extensions></trkpt><trkpt lat="15.0250715576" lon="73.9780709613"><ele>3.02</ele><time>2025-11-16T02:31:02Z</time><extensions><gpxtpx:TrackPointExtension><gpxtpx:cad>0</gpxtpx:cad></gpxtpx:TrackPointExtension></extensions></trkpt><trkpt lat="15.0251678657" lon="73.9779332466"><ele>3.02</ele><time>2025-11-16T02:31:07Z</time><extensions><gpxtpx:TrackPointExtension><gpxtpx:cad>0</gpxtpx:cad></gpxtpx:TrackPointExtension></extensions></trkpt><trkpt lat="15.0252590608" lon="73.9777900837"><ele>3.02</ele><time>2025-11-16T02:31:12Z</time><extensions><gpxtpx:TrackPointExtension><gpxtpx:cad>0</gpxtpx:cad></gpxtpx:TrackPointExtension></extensions></trkpt><trkpt lat="15.0253607333" lon="73.9776585717"><ele>2.54</ele><time>2025-11-16T02:31:17Z</time><extensions><gpxtpx:TrackPointExtension><gpxtpx:cad>0</gpxtpx:cad></gpxtpx:TrackPointExtension></extensions></trkpt><trkpt lat="15.0254658423" lon="73.9775164984"><ele>2.54</ele><time>2025-11-16T02:31:22Z</time><extensions><gpxtpx:TrackPointExtension><gpxtpx:cad>0</gpxtpx:cad></gpxtpx:TrackPointExtension></extensions></trkpt><trkpt lat="15.0255633239" lon="73.9773746766"><ele>2.54</ele><time>2025-11-16T02:31:27Z</time><extensions><gpxtpx:TrackPointExtension><gpxtpx:cad>0</gpxtpx:cad></gpxtpx:TrackPointExtension></extensions></trkpt><trkpt lat="15.0256540999" lon="73.9772319328"><ele>2.06</ele><time>2025-11-16T02:31:32Z</time><extensions><gpxtpx:TrackPointExtension><gpxtpx:cad>0</gpxtpx:cad></gpxtpx:TrackPointExtension></extensions></trkpt><trkpt lat="15.0257456303" lon="73.9770964812"><ele>1.10</ele><time>2025-11-16T02:31:37Z</time><extensions><gpxtpx:TrackPointExtension><gpxtpx:cad>0</gpxtpx:cad></gpxtpx:TrackPointExtension></extensions></trkpt><trkpt lat="15.0258322991" lon="73.9769523963"><ele>1.10</ele><time>2025-11-16T02:31:42Z</time><extensions><gpxtpx:TrackPointExtension><gpxtpx:cad>0</gpxtpx:cad></gpxtpx:TrackPointExtension></extensions></trkpt><trkpt lat="15.0259212311" lon="73.9768129215"><ele>1.10</ele><time>2025-11-16T02:31:47Z</time><extensions><gpxtpx:TrackPointExtension><gpxtpx:cad>0</gpxtpx:cad></gpxtpx:TrackPointExtension></extensions></trkpt><trkpt lat="15.0260218978" lon="73.9766809065"><ele>1.10</ele><time>2025-11-16T02:31:52Z</time><extensions><gpxtpx:TrackPointExtension><gpxtpx:cad>0</gpxtpx:cad></gpxtpx:TrackPointExtension></extensions></trkpt><trkpt lat="15.0261234865" lon="73.9765422698"><ele>1.10</ele><time>2025-11-16T02:31:57Z</time><extensions><gpxtpx:TrackPointExtension><gpxtpx:cad>0</gpxtpx:cad></gpxtpx:TrackPointExtension></extensions></trkpt><trkpt lat="15.0262122508" lon="73.9764074050"><ele>1.10</ele><time>2025-11-16T02:32:02Z</time><extensions><gpxtpx:TrackPointExtension><gpxtpx:cad>0</gpxtpx:cad></gpxtpx:TrackPointExtension></extensions></trkpt><trkpt lat="15.0263206288" lon="73.9762667567"><ele>1.58</ele><time>2025-11-16T02:32:07Z</time><extensions><gpxtpx:TrackPointExtension><gpxtpx:cad>0</gpxtpx:cad></gpxtpx:TrackPointExtension></extensions></trkpt><trkpt lat="15.0264226366" lon="73.9761458058"><ele>1.58</ele><time>2025-11-16T02:32:12Z</time><extensions><gpxtpx:TrackPointExtension><gpxtpx:cad>0</gpxtpx:cad></gpxtpx:TrackPointExtension></extensions></trkpt><trkpt lat="15.0265311822" lon="73.9760190714"><ele>2.06</ele><time>2025-11-16T02:32:17Z</time><extensions><gpxtpx:TrackPointExtension><gpxtpx:cad>0</gpxtpx:cad></gpxtpx:TrackPointExtension></extensions></trkpt><trkpt lat="15.0266414881" lon="73.9759118669"><ele>2.06</ele><time>2025-11-16T02:32:22Z</time><extensions><gpxtpx:TrackPointExtension><gpxtpx:cad>0</gpxtpx:cad></gpxtpx:TrackPointExtension></extensions></trkpt><trkpt lat="15.0267573260" lon="73.9757761639"><ele>2.06</ele><time>2025-11-16T02:32:27Z</time><extensions><gpxtpx:TrackPointExtension><gpxtpx:cad>0</gpxtpx:cad></gpxtpx:TrackPointExtension></extensions></trkpt><trkpt lat="15.0268532988" lon="73.9756408799"><ele>2.54</ele><time>2025-11-16T02:32:32Z</time><extensions><gpxtpx:TrackPointExtension><gpxtpx:cad>0</gpxtpx:cad></gpxtpx:TrackPointExtension></extensions></trkpt><trkpt lat="15.0269707292" lon="73.9755209349"><ele>2.54</ele><time>2025-11-16T02:32:37Z</time><extensions><gpxtpx:TrackPointExtension><gpxtpx:cad>0</gpxtpx:cad></gpxtpx:TrackPointExtension></extensions></trkpt><trkpt lat="15.0270780176" lon="73.9753926918"><ele>2.54</ele><time>2025-11-16T02:32:42Z</time><extensions><gpxtpx:TrackPointExtension><gpxtpx:cad>0</gpxtpx:cad></gpxtpx:TrackPointExtension></extensions></trkpt><trkpt lat="15.0271845516" lon="73.9752533007"><ele>2.54</ele><time>2025-11-16T02:32:47Z</time><extensions><gpxtpx:TrackPointExtension><gpxtpx:cad>0</gpxtpx:cad></gpxtpx:TrackPointExtension></extensions></trkpt><trkpt lat="15.0272877328" lon="73.9751181006"><ele>3.02</ele><time>2025-11-16T02:32:52Z</time><extensions><gpxtpx:TrackPointExtension><gpxtpx:cad>0</gpxtpx:cad></gpxtpx:TrackPointExtension></extensions></trkpt><trkpt lat="15.0273861364" lon="73.9749905281"><ele>2.54</ele><time>2025-11-16T02:32:57Z</time><extensions><gpxtpx:TrackPointExtension><gpxtpx:cad>0</gpxtpx:cad></gpxtpx:TrackPointExtension></extensions></trkpt><trkpt lat="15.0274867192" lon="73.9748483710"><ele>2.06</ele><time>2025-11-16T02:33:02Z</time><extensions><gpxtpx:TrackPointExtension><gpxtpx:cad>0</gpxtpx:cad></gpxtpx:TrackPointExtension></extensions></trkpt><trkpt lat="15.0275958516" lon="73.9747128356"><ele>2.54</ele><time>2025-11-16T02:33:07Z</time><extensions><gpxtpx:TrackPointExtension><gpxtpx:cad>0</gpxtpx:cad></gpxtpx:TrackPointExtension></extensions></trkpt><trkpt lat="15.0277036428" lon="73.9745823294"><ele>2.06</ele><time>2025-11-16T02:33:12Z</time><extensions><gpxtpx:TrackPointExtension><gpxtpx:cad>0</gpxtpx:cad></gpxtpx:TrackPointExtension></extensions></trkpt><trkpt lat="15.0278031360" lon="73.9744446147"><ele>2.06</ele><time>2025-11-16T02:33:17Z</time><extensions><gpxtpx:TrackPointExtension><gpxtpx:cad>0</gpxtpx:cad></gpxtpx:TrackPointExtension></extensions></trkpt><trkpt lat="15.0279128551" lon="73.9743199758"><ele>2.54</ele><time>2025-11-16T02:33:22Z</time><extensions><gpxtpx:TrackPointExtension><gpxtpx:cad>0</gpxtpx:cad></gpxtpx:TrackPointExtension></extensions></trkpt><trkpt lat="15.0280292798" lon="73.9742103405"><ele>3.02</ele><time>2025-11-16T02:33:27Z</time><extensions><gpxtpx:TrackPointExtension><gpxtpx:cad>0</gpxtpx:cad></gpxtpx:TrackPointExtension></extensions></trkpt><trkpt lat="15.0281457044" lon="73.9740862884"><ele>3.02</ele><time>2025-11-16T02:33:32Z</time><extensions><gpxtpx:TrackPointExtension><gpxtpx:cad>0</gpxtpx:cad></gpxtpx:TrackPointExtension></extensions></trkpt><trkpt lat="15.0282769650" lon="73.9740126114"><ele>2.54</ele><time>2025-11-16T02:33:37Z</time><extensions><gpxtpx:TrackPointExtension><gpxtpx:cad>0</gpxtpx:cad></gpxtpx:TrackPointExtension></extensions></trkpt><trkpt lat="15.0284266658" lon="73.9739849512"><ele>3.02</ele><time>2025-11-16T02:33:42Z</time><extensions><gpxtpx:TrackPointExtension><gpxtpx:cad>0</gpxtpx:cad></gpxtpx:TrackPointExtension></extensions></trkpt><trkpt lat="15.0285889395" lon="73.9740036428"><ele>3.02</ele><time>2025-11-16T02:33:47Z</time><extensions><gpxtpx:TrackPointExtension><gpxtpx:cad>0</gpxtpx:cad></gpxtpx:TrackPointExtension></extensions></trkpt><trkpt lat="15.0287352037" lon="73.9740380924"><ele>2.54</ele><time>2025-11-16T02:33:52Z</time><extensions><gpxtpx:TrackPointExtension><gpxtpx:cad>0</gpxtpx:cad></gpxtpx:TrackPointExtension></extensions></trkpt><trkpt lat="15.0288990699" lon="73.9740790799"><ele>2.54</ele><time>2025-11-16T02:33:57Z</time><extensions><gpxtpx:TrackPointExtension><gpxtpx:cad>0</gpxtpx:cad></gpxtpx:TrackPointExtension></extensions></trkpt><trkpt lat="15.0290469266" lon="73.9740945864"><ele>1.58</ele><time>2025-11-16T02:34:02Z</time><extensions><gpxtpx:TrackPointExtension><gpxtpx:cad>0</gpxtpx:cad></gpxtpx:TrackPointExtension></extensions></trkpt><trkpt lat="15.0292109605" lon="73.9741140325"><ele>1.58</ele><time>2025-11-16T02:34:07Z</time><extensions><gpxtpx:TrackPointExtension><gpxtpx:cad>0</gpxtpx:cad></gpxtpx:TrackPointExtension></extensions></trkpt><trkpt lat="15.0293737371" lon="73.9741428662"><ele>1.58</ele><time>2025-11-16T02:34:12Z</time><extensions><gpxtpx:TrackPointExtension><gpxtpx:cad>0</gpxtpx:cad></gpxtpx:TrackPointExtension></extensions></trkpt><trkpt lat="15.0295409560" lon="73.9741596300"><ele>1.58</ele><time>2025-11-16T02:34:17Z</time><extensions><gpxtpx:TrackPointExtension><gpxtpx:cad>0</gpxtpx:cad></gpxtpx:TrackPointExtension></extensions></trkpt><trkpt lat="15.0297025591" lon="73.9741727058"><ele>1.58</ele><time>2025-11-16T02:34:22Z</time><extensions><gpxtpx:TrackPointExtension><gpxtpx:cad>0</gpxtpx:cad></gpxtpx:TrackPointExtension></extensions></trkpt><trkpt lat="15.0298570376" lon="73.9741847757"><ele>1.58</ele><time>2025-11-16T02:34:27Z</time><extensions><gpxtpx:TrackPointExtension><gpxtpx:cad>0</gpxtpx:cad></gpxtpx:TrackPointExtension></extensions></trkpt><trkpt lat="15.0300155394" lon="73.9741852786"><ele>2.06</ele><time>2025-11-16T02:34:32Z</time><extensions><gpxtpx:TrackPointExtension><gpxtpx:cad>0</gpxtpx:cad></gpxtpx:TrackPointExtension></extensions></trkpt><trkpt lat="15.0301830098" lon="73.9742126036"><ele>2.06</ele><time>2025-11-16T02:34:37Z</time><extensions><gpxtpx:TrackPointExtension><gpxtpx:cad>0</gpxtpx:cad></gpxtpx:TrackPointExtension></extensions></trkpt><trkpt lat="15.0303345546" lon="73.9742411021"><ele>1.58</ele><time>2025-11-16T02:34:42Z</time><extensions><gpxtpx:TrackPointExtension><gpxtpx:cad>0</gpxtpx:cad></gpxtpx:TrackPointExtension></extensions></trkpt><trkpt lat="15.0304840878" lon="73.9742681757"><ele>1.58</ele><time>2025-11-16T02:34:47Z</time><extensions><gpxtpx:TrackPointExtension><gpxtpx:cad>0</gpxtpx:cad></gpxtpx:TrackPointExtension></extensions></trkpt><trkpt lat="15.0306371413" lon="73.9743022900"><ele>1.58</ele><time>2025-11-16T02:34:52Z</time><extensions><gpxtpx:TrackPointExtension><gpxtpx:cad>0</gpxtpx:cad></gpxtpx:TrackPointExtension></extensions></trkpt><trkpt lat="15.0307936314" lon="73.9743397571"><ele>1.58</ele><time>2025-11-16T02:34:57Z</time><extensions><gpxtpx:TrackPointExtension><gpxtpx:cad>0</gpxtpx:cad></gpxtpx:TrackPointExtension></extensions></trkpt><trkpt lat="15.0309550669" lon="73.9743763022"><ele>2.06</ele><time>2025-11-16T02:35:02Z</time><extensions><gpxtpx:TrackPointExtension><gpxtpx:cad>0</gpxtpx:cad></gpxtpx:TrackPointExtension></extensions></trkpt><trkpt lat="15.0311124790" lon="73.9744079858"><ele>2.54</ele><time>2025-11-16T02:35:07Z</time><extensions><gpxtpx:TrackPointExtension><gpxtpx:cad>0</gpxtpx:cad></gpxtpx:TrackPointExtension></extensions></trkpt><trkpt lat="15.0312690530" lon="73.9744386636"><ele>2.06</ele><time>2025-11-16T02:35:12Z</time><extensions><gpxtpx:TrackPointExtension><gpxtpx:cad>0</gpxtpx:cad></gpxtpx:TrackPointExtension></extensions></trkpt><trkpt lat="15.0314302370" lon="73.9744698443"><ele>2.06</ele><time>2025-11-16T02:35:17Z</time><extensions><gpxtpx:TrackPointExtension><gpxtpx:cad>0</gpxtpx:cad></gpxtpx:TrackPointExtension></extensions></trkpt><trkpt lat="15.0315940194" lon="73.9744898770"><ele>2.54</ele><time>2025-11-16T02:35:22Z</time><extensions><gpxtpx:TrackPointExtension><gpxtpx:cad>0</gpxtpx:cad></gpxtpx:TrackPointExtension></extensions></trkpt><trkpt lat="15.0317642558" lon="73.9745216444"><ele>3.02</ele><time>2025-11-16T02:35:27Z</time><extensions><gpxtpx:TrackPointExtension><gpxtpx:cad>0</gpxtpx:cad></gpxtpx:TrackPointExtension></extensions></trkpt><trkpt lat="15.0319152977" lon="73.9745583571"><ele>2.54</ele><time>2025-11-16T02:35:32Z</time><extensions><gpxtpx:TrackPointExtension><gpxtpx:cad>0</gpxtpx:cad></gpxtpx:TrackPointExtension></extensions></trkpt><trkpt lat="15.0320706144" lon="73.9745964948"><ele>2.54</ele><time>2025-11-16T02:35:37Z</time><extensions><gpxtpx:TrackPointExtension><gpxtpx:cad>0</gpxtpx:cad></gpxtpx:TrackPointExtension></extensions></trkpt><trkpt lat="15.0322220754" lon="73.9746330399"><ele>3.02</ele><time>2025-11-16T02:35:42Z</time><extensions><gpxtpx:TrackPointExtension><gpxtpx:cad>0</gpxtpx:cad></gpxtpx:TrackPointExtension></extensions></trkpt><trkpt lat="15.0323784817" lon="73.9746866841"><ele>3.50</ele><time>2025-11-16T02:35:47Z</time><extensions><gpxtpx:TrackPointExtension><gpxtpx:cad>0</gpxtpx:cad></gpxtpx:TrackPointExtension></extensions></trkpt><trkpt lat="15.0325420126" lon="73.9747338742"><ele>3.02</ele><time>2025-11-16T02:35:52Z</time><extensions><gpxtpx:TrackPointExtension><gpxtpx:cad>0</gpxtpx:cad></gpxtpx:TrackPointExtension></extensions></trkpt><trkpt lat="15.0326901209" lon="73.9747717604"><ele>2.54</ele><time>2025-11-16T02:35:57Z</time><extensions><gpxtpx:TrackPointExtension><gpxtpx:cad>0</gpxtpx:cad></gpxtpx:TrackPointExtension></extensions></trkpt><trkpt lat="15.0328415819" lon="73.9748158492"><ele>3.02</ele><time>2025-11-16T02:36:02Z</time><extensions><gpxtpx:TrackPointExtension><gpxtpx:cad>0</gpxtpx:cad></gpxtpx:TrackPointExtension></extensions></trkpt><trkpt lat="15.0329903606" lon="73.9748619497"><ele>3.02</ele><time>2025-11-16T02:36:07Z</time><extensions><gpxtpx:TrackPointExtension><gpxtpx:cad>0</gpxtpx:cad></gpxtpx:TrackPointExtension></extensions></trkpt><trkpt lat="15.0331428275" lon="73.9749055356"><ele>2.54</ele><time>2025-11-16T02:36:12Z</time><extensions><gpxtpx:TrackPointExtension><gpxtpx:cad>0</gpxtpx:cad></gpxtpx:TrackPointExtension></extensions></trkpt><trkpt lat="15.0333031733" lon="73.9749531448"><ele>3.02</ele><time>2025-11-16T02:36:17Z</time><extensions><gpxtpx:TrackPointExtension><gpxtpx:cad>0</gpxtpx:cad></gpxtpx:TrackPointExtension></extensions></trkpt><trkpt lat="15.0334753376" lon="73.9750046935"><ele>3.02</ele><time>2025-11-16T02:36:22Z</time><extensions><gpxtpx:TrackPointExtension><gpxtpx:cad>0</gpxtpx:cad></gpxtpx:TrackPointExtension></extensions></trkpt><trkpt lat="15.0336303189" lon="73.9750384726"><ele>2.54</ele><time>2025-11-16T02:36:27Z</time><extensions><gpxtpx:TrackPointExtension><gpxtpx:cad>0</gpxtpx:cad></gpxtpx:TrackPointExtension></extensions></trkpt><trkpt lat="15.0337766670" lon="73.9750657137"><ele>2.54</ele><time>2025-11-16T02:36:32Z</time><extensions><gpxtpx:TrackPointExtension><gpxtpx:cad>0</gpxtpx:cad></gpxtpx:TrackPointExtension></extensions></trkpt><trkpt lat="15.0339296367" lon="73.9750999119"><ele>2.54</ele><time>2025-11-16T02:36:37Z</time><extensions><gpxtpx:TrackPointExtension><gpxtpx:cad>0</gpxtpx:cad></gpxtpx:TrackPointExtension></extensions></trkpt><trkpt lat="15.0340965204" lon="73.9751357026"><ele>2.54</ele><time>2025-11-16T02:36:42Z</time><extensions><gpxtpx:TrackPointExtension><gpxtpx:cad>0</gpxtpx:cad></gpxtpx:TrackPointExtension></extensions></trkpt><trkpt lat="15.0342528429" lon="73.9751763549"><ele>3.02</ele><time>2025-11-16T02:36:47Z</time><extensions><gpxtpx:TrackPointExtension><gpxtpx:cad>0</gpxtpx:cad></gpxtpx:TrackPointExtension></extensions></trkpt><trkpt lat="15.0344029628" lon="73.9752211142"><ele>2.54</ele><time>2025-11-16T02:36:52Z</time><extensions><gpxtpx:TrackPointExtension><gpxtpx:cad>0</gpxtpx:cad></gpxtpx:TrackPointExtension></extensions></trkpt><trkpt lat="15.0345602911" lon="73.9752658736"><ele>2.54</ele><time>2025-11-16T02:36:57Z</time><extensions><gpxtpx:TrackPointExtension><gpxtpx:cad>0</gpxtpx:cad></gpxtpx:TrackPointExtension></extensions></trkpt><trkpt lat="15.0347069744" lon="73.9753092080"><ele>2.54</ele><time>2025-11-16T02:37:02Z</time><extensions><gpxtpx:TrackPointExtension><gpxtpx:cad>0</gpxtpx:cad></gpxtpx:TrackPointExtension></extensions></trkpt><trkpt lat="15.0348674878" lon="73.9753482677"><ele>2.54</ele><time>2025-11-16T02:37:07Z</time><extensions><gpxtpx:TrackPointExtension><gpxtpx:cad>0</gpxtpx:cad></gpxtpx:TrackPointExtension></extensions></trkpt><trkpt lat="15.0350301806" lon="73.9753981400"><ele>3.02</ele><time>2025-11-16T02:37:12Z</time><extensions><gpxtpx:TrackPointExtension><gpxtpx:cad>0</gpxtpx:cad></gpxtpx:TrackPointExtension></extensions></trkpt><trkpt lat="15.0351788756" lon="73.9754618425"><ele>2.54</ele><time>2025-11-16T02:37:17Z</time><extensions><gpxtpx:TrackPointExtension><gpxtpx:cad>0</gpxtpx:cad></gpxtpx:TrackPointExtension></extensions></trkpt><trkpt lat="15.0353279058" lon="73.9755154867"><ele>2.06</ele><time>2025-11-16T02:37:22Z</time><extensions><gpxtpx:TrackPointExtension><gpxtpx:cad>0</gpxtpx:cad></gpxtpx:TrackPointExtension></extensions></trkpt><trkpt lat="15.0354745053" lon="73.9755616710"><ele>2.06</ele><time>2025-11-16T02:37:27Z</time><extensions><gpxtpx:TrackPointExtension><gpxtpx:cad>0</gpxtpx:cad></gpxtpx:TrackPointExtension></extensions></trkpt><trkpt lat="15.0356252119" lon="73.9756190032"><ele>2.06</ele><time>2025-11-16T02:37:32Z</time><extensions><gpxtpx:TrackPointExtension><gpxtpx:cad>0</gpxtpx:cad></gpxtpx:TrackPointExtension></extensions></trkpt><trkpt lat="15.0357821211" lon="73.9756718092"><ele>2.54</ele><time>2025-11-16T02:37:37Z</time><extensions><gpxtpx:TrackPointExtension><gpxtpx:cad>0</gpxtpx:cad></gpxtpx:TrackPointExtension></extensions></trkpt><trkpt lat="15.0359384436" lon="73.9757229388"><ele>2.54</ele><time>2025-11-16T02:37:42Z</time><extensions><gpxtpx:TrackPointExtension><gpxtpx:cad>0</gpxtpx:cad></gpxtpx:TrackPointExtension></extensions></trkpt><trkpt lat="15.0360851269" lon="73.9757767506"><ele>2.06</ele><time>2025-11-16T02:37:47Z</time><extensions><gpxtpx:TrackPointExtension><gpxtpx:cad>0</gpxtpx:cad></gpxtpx:TrackPointExtension></extensions></trkpt><trkpt lat="15.0362376776" lon="73.9758282993"><ele>2.54</ele><time>2025-11-16T02:37:52Z</time><extensions><gpxtpx:TrackPointExtension><gpxtpx:cad>0</gpxtpx:cad></gpxtpx:TrackPointExtension></extensions></trkpt><trkpt lat="15.0363696087" lon="73.9758792613"><ele>2.54</ele><time>2025-11-16T02:37:57Z</time><extensions><gpxtpx:TrackPointExtension><gpxtpx:cad>0</gpxtpx:cad></gpxtpx:TrackPointExtension></extensions></trkpt><trkpt lat="15.0365195610" lon="73.9759480767"><ele>2.54</ele><time>2025-11-16T02:38:02Z</time><extensions><gpxtpx:TrackPointExtension><gpxtpx:cad>0</gpxtpx:cad></gpxtpx:TrackPointExtension></extensions></trkpt><trkpt lat="15.0366866961" lon="73.9760175627"><ele>2.54</ele><time>2025-11-16T02:38:07Z</time><extensions><gpxtpx:TrackPointExtension><gpxtpx:cad>0</gpxtpx:cad></gpxtpx:TrackPointExtension></extensions></trkpt><trkpt lat="15.0368229859" lon="73.9760773256"><ele>2.54</ele><time>2025-11-16T02:38:12Z</time><extensions><gpxtpx:TrackPointExtension><gpxtpx:cad>0</gpxtpx:cad></gpxtpx:TrackPointExtension></extensions></trkpt><trkpt lat="15.0369653106" lon="73.9761462249"><ele>2.06</ele><time>2025-11-16T02:38:17Z</time><extensions><gpxtpx:TrackPointExtension><gpxtpx:cad>0</gpxtpx:cad></gpxtpx:TrackPointExtension></extensions></trkpt><trkpt lat="15.0371071324" lon="73.9762066584"><ele>2.06</ele><time>2025-11-16T02:38:22Z</time><extensions><gpxtpx:TrackPointExtension><gpxtpx:cad>0</gpxtpx:cad></gpxtpx:TrackPointExtension></extensions></trkpt><trkpt lat="15.0372627843" lon="73.9762666728"><ele>2.54</ele><time>2025-11-16T02:38:27Z</time><extensions><gpxtpx:TrackPointExtension><gpxtpx:cad>0</gpxtpx:cad></gpxtpx:TrackPointExtension></extensions></trkpt><trkpt lat="15.0374157541" lon="73.9763254300"><ele>3.02</ele><time>2025-11-16T02:38:32Z</time><extensions><gpxtpx:TrackPointExtension><gpxtpx:cad>0</gpxtpx:cad></gpxtpx:TrackPointExtension></extensions></trkpt><trkpt lat="15.0375741720" lon="73.9763844386"><ele>3.02</ele><time>2025-11-16T02:38:37Z</time><extensions><gpxtpx:TrackPointExtension><gpxtpx:cad>0</gpxtpx:cad></gpxtpx:TrackPointExtension></extensions></trkpt><trkpt lat="15.0377247948" lon="73.9764317963"><ele>2.54</ele><time>2025-11-16T02:38:42Z</time><extensions><gpxtpx:TrackPointExtension><gpxtpx:cad>0</gpxtpx:cad></gpxtpx:TrackPointExtension></extensions></trkpt><trkpt lat="15.0378693826" lon="73.9764738735"><ele>2.54</ele><time>2025-11-16T02:38:47Z</time><extensions><gpxtpx:TrackPointExtension><gpxtpx:cad>0</gpxtpx:cad></gpxtpx:TrackPointExtension></extensions></trkpt><trkpt lat="15.0380236097" lon="73.9765241649"><ele>2.54</ele><time>2025-11-16T02:38:52Z</time><extensions><gpxtpx:TrackPointExtension><gpxtpx:cad>0</gpxtpx:cad></gpxtpx:TrackPointExtension></extensions></trkpt><trkpt lat="15.0381840393" lon="73.9765780605"><ele>2.54</ele><time>2025-11-16T02:38:57Z</time><extensions><gpxtpx:TrackPointExtension><gpxtpx:cad>0</gpxtpx:cad></gpxtpx:TrackPointExtension></extensions></trkpt><trkpt lat="15.0383370928" lon="73.9766256697"><ele>2.54</ele><time>2025-11-16T02:39:02Z</time><extensions><gpxtpx:TrackPointExtension><gpxtpx:cad>0</gpxtpx:cad></gpxtpx:TrackPointExtension></extensions></trkpt><trkpt lat="15.0384826865" lon="73.9766747039"><ele>2.54</ele><time>2025-11-16T02:39:07Z</time><extensions><gpxtpx:TrackPointExtension><gpxtpx:cad>0</gpxtpx:cad></gpxtpx:TrackPointExtension></extensions></trkpt><trkpt lat="15.0386297051" lon="73.9767231513"><ele>2.54</ele><time>2025-11-16T02:39:12Z</time><extensions><gpxtpx:TrackPointExtension><gpxtpx:cad>0</gpxtpx:cad></gpxtpx:TrackPointExtension></extensions></trkpt><trkpt lat="15.0387813337" lon="73.9767599478"><ele>3.02</ele><time>2025-11-16T02:39:17Z</time><extensions><gpxtpx:TrackPointExtension><gpxtpx:cad>0</gpxtpx:cad></gpxtpx:TrackPointExtension></extensions></trkpt><trkpt lat="15.0389540847" lon="73.9767960738"><ele>3.02</ele><time>2025-11-16T02:39:22Z</time><extensions><gpxtpx:TrackPointExtension><gpxtpx:cad>0</gpxtpx:cad></gpxtpx:TrackPointExtension></extensions></trkpt><trkpt lat="15.0391132571" lon="73.9768289309"><ele>2.54</ele><time>2025-11-16T02:39:27Z</time><extensions><gpxtpx:TrackPointExtension><gpxtpx:cad>0</gpxtpx:cad></gpxtpx:TrackPointExtension></extensions></trkpt><trkpt lat="15.0392720103" lon="73.9768613689"><ele>2.54</ele><time>2025-11-16T02:39:32Z</time><extensions><gpxtpx:TrackPointExtension><gpxtpx:cad>0</gpxtpx:cad></gpxtpx:TrackPointExtension></extensions></trkpt><trkpt lat="15.0394264888" lon="73.9768949803"><ele>2.54</ele><time>2025-11-16T02:39:37Z</time><extensions><gpxtpx:TrackPointExtension><gpxtpx:cad>0</gpxtpx:cad></gpxtpx:TrackPointExtension></extensions></trkpt><trkpt lat="15.0395827275" lon="73.9769232273"><ele>2.54</ele><time>2025-11-16T02:39:42Z</time><extensions><gpxtpx:TrackPointExtension><gpxtpx:cad>0</gpxtpx:cad></gpxtpx:TrackPointExtension></extensions></trkpt><trkpt lat="15.0397503655" lon="73.9769650530"><ele>2.54</ele><time>2025-11-16T02:39:47Z</time><extensions><gpxtpx:TrackPointExtension><gpxtpx:cad>0</gpxtpx:cad></gpxtpx:TrackPointExtension></extensions></trkpt><trkpt lat="15.0399097055" lon="73.9770125784"><ele>2.54</ele><time>2025-11-16T02:39:52Z</time><extensions><gpxtpx:TrackPointExtension><gpxtpx:cad>0</gpxtpx:cad></gpxtpx:TrackPointExtension></extensions></trkpt><trkpt lat="15.0400672853" lon="73.9770522248"><ele>2.54</ele><time>2025-11-16T02:39:57Z</time><extensions><gpxtpx:TrackPointExtension><gpxtpx:cad>0</gpxtpx:cad></gpxtpx:TrackPointExtension></extensions></trkpt><trkpt lat="15.0402182434" lon="73.9770958945"><ele>3.02</ele><time>2025-11-16T02:40:02Z</time><extensions><gpxtpx:TrackPointExtension><gpxtpx:cad>0</gpxtpx:cad></gpxtpx:TrackPointExtension></extensions></trkpt><trkpt lat="15.0403719675" lon="73.9771362115"><ele>3.50</ele><time>2025-11-16T02:40:07Z</time><extensions><gpxtpx:TrackPointExtension><gpxtpx:cad>0</gpxtpx:cad></gpxtpx:TrackPointExtension></extensions></trkpt><trkpt lat="15.0405297149" lon="73.9771844912"><ele>3.02</ele><time>2025-11-16T02:40:12Z</time><extensions><gpxtpx:TrackPointExtension><gpxtpx:cad>0</gpxtpx:cad></gpxtpx:TrackPointExtension></extensions></trkpt><trkpt lat="15.0406860374" lon="73.9772335254"><ele>3.02</ele><time>2025-11-16T02:40:17Z</time><extensions><gpxtpx:TrackPointExtension><gpxtpx:cad>0</gpxtpx:cad></gpxtpx:TrackPointExtension></extensions></trkpt><trkpt lat="15.0408457965" lon="73.9772839006"><ele>3.50</ele><time>2025-11-16T02:40:22Z</time><extensions><gpxtpx:TrackPointExtension><gpxtpx:cad>0</gpxtpx:cad></gpxtpx:TrackPointExtension></extensions></trkpt><trkpt lat="15.0409961678" lon="73.9773284923"><ele>3.02</ele><time>2025-11-16T02:40:27Z</time><extensions><gpxtpx:TrackPointExtension><gpxtpx:cad>0</gpxtpx:cad></gpxtpx:TrackPointExtension></extensions></trkpt><trkpt lat="15.0411417615" lon="73.9773754310"><ele>3.02</ele><time>2025-11-16T02:40:32Z</time><extensions><gpxtpx:TrackPointExtension><gpxtpx:cad>0</gpxtpx:cad></gpxtpx:TrackPointExtension></extensions></trkpt><trkpt lat="15.0412899535" lon="73.9774339367"><ele>3.50</ele><time>2025-11-16T02:40:37Z</time><extensions><gpxtpx:TrackPointExtension><gpxtpx:cad>0</gpxtpx:cad></gpxtpx:TrackPointExtension></extensions></trkpt><trkpt lat="15.0414484553" lon="73.9774913527"><ele>3.50</ele><time>2025-11-16T02:40:42Z</time><extensions><gpxtpx:TrackPointExtension><gpxtpx:cad>0</gpxtpx:cad></gpxtpx:TrackPointExtension></extensions></trkpt><trkpt lat="15.0416051131" lon="73.9775568992"><ele>3.02</ele><time>2025-11-16T02:40:47Z</time><extensions><gpxtpx:TrackPointExtension><gpxtpx:cad>0</gpxtpx:cad></gpxtpx:TrackPointExtension></extensions></trkpt><trkpt lat="15.0417528022" lon="73.9776128065"><ele>2.54</ele><time>2025-11-16T02:40:52Z</time><extensions><gpxtpx:TrackPointExtension><gpxtpx:cad>0</gpxtpx:cad></gpxtpx:TrackPointExtension></extensions></trkpt><trkpt lat="15.0418996532" lon="73.9776598290"><ele>2.54</ele><time>2025-11-16T02:40:57Z</time><extensions><gpxtpx:TrackPointExtension><gpxtpx:cad>0</gpxtpx:cad></gpxtpx:TrackPointExtension></extensions></trkpt><trkpt lat="15.0420537964" lon="73.9777118806"><ele>2.54</ele><time>2025-11-16T02:41:02Z</time><extensions><gpxtpx:TrackPointExtension><gpxtpx:cad>0</gpxtpx:cad></gpxtpx:TrackPointExtension></extensions></trkpt><trkpt lat="15.0422060955" lon="73.9777699672"><ele>2.54</ele><time>2025-11-16T02:41:07Z</time><extensions><gpxtpx:TrackPointExtension><gpxtpx:cad>0</gpxtpx:cad></gpxtpx:TrackPointExtension></extensions></trkpt><trkpt lat="15.0423638429" lon="73.9778285567"><ele>2.54</ele><time>2025-11-16T02:41:12Z</time><extensions><gpxtpx:TrackPointExtension><gpxtpx:cad>0</gpxtpx:cad></gpxtpx:TrackPointExtension></extensions></trkpt><trkpt lat="15.0425230991" lon="73.9778809436"><ele>2.54</ele><time>2025-11-16T02:41:17Z</time><extensions><gpxtpx:TrackPointExtension><gpxtpx:cad>0</gpxtpx:cad></gpxtpx:TrackPointExtension></extensions></trkpt><trkpt lat="15.0426771585" lon="73.9779302292"><ele>2.54</ele><time>2025-11-16T02:41:22Z</time><extensions><gpxtpx:TrackPointExtension><gpxtpx:cad>0</gpxtpx:cad></gpxtpx:TrackPointExtension></extensions></trkpt><trkpt lat="15.0428226683" lon="73.9779771678"><ele>2.54</ele><time>2025-11-16T02:41:27Z</time><extensions><gpxtpx:TrackPointExtension><gpxtpx:cad>0</gpxtpx:cad></gpxtpx:TrackPointExtension></extensions></trkpt><trkpt lat="15.0429807510" lon="73.9780250285"><ele>2.54</ele><time>2025-11-16T02:41:32Z</time><extensions><gpxtpx:TrackPointExtension><gpxtpx:cad>0</gpxtpx:cad></gpxtpx:TrackPointExtension></extensions></trkpt><trkpt lat="15.0431423541" lon="73.9780648425"><ele>2.54</ele><time>2025-11-16T02:41:37Z</time><extensions><gpxtpx:TrackPointExtension><gpxtpx:cad>0</gpxtpx:cad></gpxtpx:TrackPointExtension></extensions></trkpt><trkpt lat="15.0433052983" lon="73.9781022258"><ele>2.54</ele><time>2025-11-16T02:41:42Z</time><extensions><gpxtpx:TrackPointExtension><gpxtpx:cad>0</gpxtpx:cad></gpxtpx:TrackPointExtension></extensions></trkpt><trkpt lat="15.0434597768" lon="73.9781341609"><ele>2.54</ele><time>2025-11-16T02:41:47Z</time><extensions><gpxtpx:TrackPointExtension><gpxtpx:cad>0</gpxtpx:cad></gpxtpx:TrackPointExtension></extensions></trkpt><trkpt lat="15.0436073821" lon="73.9781728853"><ele>3.02</ele><time>2025-11-16T02:41:52Z</time><extensions><gpxtpx:TrackPointExtension><gpxtpx:cad>0</gpxtpx:cad></gpxtpx:TrackPointExtension></extensions></trkpt><trkpt lat="15.0437656324" lon="73.9782194886"><ele>3.02</ele><time>2025-11-16T02:41:57Z</time><extensions><gpxtpx:TrackPointExtension><gpxtpx:cad>0</gpxtpx:cad></gpxtpx:TrackPointExtension></extensions></trkpt><trkpt lat="15.0439248886" lon="73.9782619849"><ele>3.50</ele><time>2025-11-16T02:42:02Z</time><extensions><gpxtpx:TrackPointExtension><gpxtpx:cad>0</gpxtpx:cad></gpxtpx:TrackPointExtension></extensions></trkpt><trkpt lat="15.0440896768" lon="73.9783105161"><ele>3.50</ele><time>2025-11-16T02:42:07Z</time><extensions><gpxtpx:TrackPointExtension><gpxtpx:cad>0</gpxtpx:cad></gpxtpx:TrackPointExtension></extensions></trkpt><trkpt lat="15.0442423951" lon="73.9783597179"><ele>3.02</ele><time>2025-11-16T02:42:12Z</time><extensions><gpxtpx:TrackPointExtension><gpxtpx:cad>0</gpxtpx:cad></gpxtpx:TrackPointExtension></extensions></trkpt><trkpt lat="15.0443928503" lon="73.9784053992"><ele>3.50</ele><time>2025-11-16T02:42:17Z</time><extensions><gpxtpx:TrackPointExtension><gpxtpx:cad>0</gpxtpx:cad></gpxtpx:TrackPointExtension></extensions></trkpt><trkpt lat="15.0445448980" lon="73.9784442913"><ele>3.50</ele><time>2025-11-16T02:42:22Z</time><extensions><gpxtpx:TrackPointExtension><gpxtpx:cad>0</gpxtpx:cad></gpxtpx:TrackPointExtension></extensions></trkpt><trkpt lat="15.0447029807" lon="73.9784902241"><ele>3.50</ele><time>2025-11-16T02:42:27Z</time><extensions><gpxtpx:TrackPointExtension><gpxtpx:cad>0</gpxtpx:cad></gpxtpx:TrackPointExtension></extensions></trkpt><trkpt lat="15.0448733848" lon="73.9785278589"><ele>3.50</ele><time>2025-11-16T02:42:32Z</time><extensions><gpxtpx:TrackPointExtension><gpxtpx:cad>0</gpxtpx:cad></gpxtpx:TrackPointExtension></extensions></trkpt><trkpt lat="15.0450374186" lon="73.9785684273"><ele>3.50</ele><time>2025-11-16T02:42:37Z</time><extensions><gpxtpx:TrackPointExtension><gpxtpx:cad>0</gpxtpx:cad></gpxtpx:TrackPointExtension></extensions></trkpt><trkpt lat="15.0451856107" lon="73.9786043018"><ele>3.02</ele><time>2025-11-16T02:42:42Z</time><extensions><gpxtpx:TrackPointExtension><gpxtpx:cad>0</gpxtpx:cad></gpxtpx:TrackPointExtension></extensions></trkpt><trkpt lat="15.0453411788" lon="73.9786527492"><ele>3.02</ele><time>2025-11-16T02:42:47Z</time><extensions><gpxtpx:TrackPointExtension><gpxtpx:cad>0</gpxtpx:cad></gpxtpx:TrackPointExtension></extensions></trkpt><trkpt lat="15.0455047935" lon="73.9786942396"><ele>3.02</ele><time>2025-11-16T02:42:52Z</time><extensions><gpxtpx:TrackPointExtension><gpxtpx:cad>0</gpxtpx:cad></gpxtpx:TrackPointExtension></extensions></trkpt><trkpt lat="15.0456622057" lon="73.9787406754"><ele>3.02</ele><time>2025-11-16T02:42:57Z</time><extensions><gpxtpx:TrackPointExtension><gpxtpx:cad>0</gpxtpx:cad></gpxtpx:TrackPointExtension></extensions></trkpt><trkpt lat="15.0458153430" lon="73.9787814952"><ele>3.02</ele><time>2025-11-16T02:43:02Z</time><extensions><gpxtpx:TrackPointExtension><gpxtpx:cad>0</gpxtpx:cad></gpxtpx:TrackPointExtension></extensions></trkpt><trkpt lat="15.0459828973" lon="73.9788194653"><ele>3.02</ele><time>2025-11-16T02:43:07Z</time><extensions><gpxtpx:TrackPointExtension><gpxtpx:cad>0</gpxtpx:cad></gpxtpx:TrackPointExtension></extensions></trkpt><trkpt lat="15.0461450033" lon="73.9788587764"><ele>3.02</ele><time>2025-11-16T02:43:12Z</time><extensions><gpxtpx:TrackPointExtension><gpxtpx:cad>0</gpxtpx:cad></gpxtpx:TrackPointExtension></extensions></trkpt><trkpt lat="15.0462931953" lon="73.9789014403"><ele>3.02</ele><time>2025-11-16T02:43:17Z</time><extensions><gpxtpx:TrackPointExtension><gpxtpx:cad>0</gpxtpx:cad></gpxtpx:TrackPointExtension></extensions></trkpt><trkpt lat="15.0464419741" lon="73.9789346326"><ele>3.50</ele><time>2025-11-16T02:43:22Z</time><extensions><gpxtpx:TrackPointExtension><gpxtpx:cad>0</gpxtpx:cad></gpxtpx:TrackPointExtension></extensions></trkpt><trkpt lat="15.0466075167" lon="73.9789750334"><ele>3.50</ele><time>2025-11-16T02:43:27Z</time><extensions><gpxtpx:TrackPointExtension><gpxtpx:cad>0</gpxtpx:cad></gpxtpx:TrackPointExtension></extensions></trkpt><trkpt lat="15.0467735622" lon="73.9790156018"><ele>3.02</ele><time>2025-11-16T02:43:32Z</time><extensions><gpxtpx:TrackPointExtension><gpxtpx:cad>0</gpxtpx:cad></gpxtpx:TrackPointExtension></extensions></trkpt><trkpt lat="15.0469343271" lon="73.9790537395"><ele>3.02</ele><time>2025-11-16T02:43:37Z</time><extensions><gpxtpx:TrackPointExtension><gpxtpx:cad>0</gpxtpx:cad></gpxtpx:TrackPointExtension></extensions></trkpt><trkpt lat="15.0470919907" lon="73.9790850040"><ele>3.02</ele><time>2025-11-16T02:43:42Z</time><extensions><gpxtpx:TrackPointExtension><gpxtpx:cad>0</gpxtpx:cad></gpxtpx:TrackPointExtension></extensions></trkpt><trkpt lat="15.0472526718" lon="73.9791028574"><ele>2.54</ele><time>2025-11-16T02:43:47Z</time><extensions><gpxtpx:TrackPointExtension><gpxtpx:cad>0</gpxtpx:cad></gpxtpx:TrackPointExtension></extensions></trkpt><trkpt lat="15.0474211480" lon="73.9791184478"><ele>2.54</ele><time>2025-11-16T02:43:52Z</time><extensions><gpxtpx:TrackPointExtension><gpxtpx:cad>0</gpxtpx:cad></gpxtpx:TrackPointExtension></extensions></trkpt><trkpt lat="15.0475830864" lon="73.9791273326"><ele>3.02</ele><time>2025-11-16T02:43:57Z</time><extensions><gpxtpx:TrackPointExtension><gpxtpx:cad>0</gpxtpx:cad></gpxtpx:TrackPointExtension></extensions></trkpt><trkpt lat="15.0477472879" lon="73.9791111555"><ele>3.02</ele><time>2025-11-16T02:44:02Z</time><extensions><gpxtpx:TrackPointExtension><gpxtpx:cad>0</gpxtpx:cad></gpxtpx:TrackPointExtension></extensions></trkpt><trkpt lat="15.0478934683" lon="73.9790431783"><ele>2.54</ele><time>2025-11-16T02:44:07Z</time><extensions><gpxtpx:TrackPointExtension><gpxtpx:cad>0</gpxtpx:cad></gpxtpx:TrackPointExtension></extensions></trkpt><trkpt lat="15.0480212085" lon="73.9789313637"><ele>2.06</ele><time>2025-11-16T02:44:12Z</time><extensions><gpxtpx:TrackPointExtension><gpxtpx:cad>0</gpxtpx:cad></gpxtpx:TrackPointExtension></extensions></trkpt><trkpt lat="15.0481378846" lon="73.9788139332"><ele>2.54</ele><time>2025-11-16T02:44:17Z</time><extensions><gpxtpx:TrackPointExtension><gpxtpx:cad>0</gpxtpx:cad></gpxtpx:TrackPointExtension></extensions></trkpt><trkpt lat="15.0482509565" lon="73.9786903840"><ele>3.02</ele><time>2025-11-16T02:44:22Z</time><extensions><gpxtpx:TrackPointExtension><gpxtpx:cad>0</gpxtpx:cad></gpxtpx:TrackPointExtension></extensions></trkpt><trkpt lat="15.0483409781" lon="73.9785418566"><ele>3.02</ele><time>2025-11-16T02:44:27Z</time><extensions><gpxtpx:TrackPointExtension><gpxtpx:cad>0</gpxtpx:cad></gpxtpx:TrackPointExtension></extensions></trkpt><trkpt lat="15.0484268926" lon="73.9784070756"><ele>3.02</ele><time>2025-11-16T02:44:32Z</time><extensions><gpxtpx:TrackPointExtension><gpxtpx:cad>0</gpxtpx:cad></gpxtpx:TrackPointExtension></extensions></trkpt><trkpt lat="15.0485145673" lon="73.9782639965"><ele>2.54</ele><time>2025-11-16T02:44:37Z</time><extensions><gpxtpx:TrackPointExtension><gpxtpx:cad>0</gpxtpx:cad></gpxtpx:TrackPointExtension></extensions></trkpt><trkpt lat="15.0485962909" lon="73.9781203307"><ele>2.06</ele><time>2025-11-16T02:44:42Z</time><extensions><gpxtpx:TrackPointExtension><gpxtpx:cad>0</gpxtpx:cad></gpxtpx:TrackPointExtension></extensions></trkpt><trkpt lat="15.0486582331" lon="73.9779701270"><ele>1.58</ele><time>2025-11-16T02:44:47Z</time><extensions><gpxtpx:TrackPointExtension><gpxtpx:cad>0</gpxtpx:cad></gpxtpx:TrackPointExtension></extensions></trkpt><trkpt lat="15.0487365201" lon="73.9778222702"><ele>1.10</ele><time>2025-11-16T02:44:52Z</time><extensions><gpxtpx:TrackPointExtension><gpxtpx:cad>0</gpxtpx:cad></gpxtpx:TrackPointExtension></extensions></trkpt><trkpt lat="15.0488164835" lon="73.9776675403"><ele>2.06</ele><time>2025-11-16T02:44:57Z</time><extensions><gpxtpx:TrackPointExtension><gpxtpx:cad>0</gpxtpx:cad></gpxtpx:TrackPointExtension></extensions></trkpt><trkpt lat="15.0488876458" lon="73.9775098767"><ele>2.06</ele><time>2025-11-16T02:45:02Z</time><extensions><gpxtpx:TrackPointExtension><gpxtpx:cad>0</gpxtpx:cad></gpxtpx:TrackPointExtension></extensions></trkpt><trkpt lat="15.0489476603" lon="73.9773556497"><ele>2.06</ele><time>2025-11-16T02:45:07Z</time><extensions><gpxtpx:TrackPointExtension><gpxtpx:cad>0</gpxtpx:cad></gpxtpx:TrackPointExtension></extensions></trkpt><trkpt lat="15.0490141287" lon="73.9771997463"><ele>2.06</ele><time>2025-11-16T02:45:12Z</time><extensions><gpxtpx:TrackPointExtension><gpxtpx:cad>0</gpxtpx:cad></gpxtpx:TrackPointExtension></extensions></trkpt><trkpt lat="15.0490781665" lon="73.9770424180"><ele>2.06</ele><time>2025-11-16T02:45:17Z</time><extensions><gpxtpx:TrackPointExtension><gpxtpx:cad>0</gpxtpx:cad></gpxtpx:TrackPointExtension></extensions></trkpt><trkpt lat="15.0491350796" lon="73.9768803958"><ele>2.06</ele><time>2025-11-16T02:45:22Z</time><extensions><gpxtpx:TrackPointExtension><gpxtpx:cad>0</gpxtpx:cad></gpxtpx:TrackPointExtension></extensions></trkpt><trkpt lat="15.0491955131" lon="73.9767211396"><ele>2.54</ele><time>2025-11-16T02:45:27Z</time><extensions><gpxtpx:TrackPointExtension><gpxtpx:cad>0</gpxtpx:cad></gpxtpx:TrackPointExtension></extensions></trkpt><trkpt lat="15.0492527615" lon="73.9765689243"><ele>3.02</ele><time>2025-11-16T02:45:32Z</time><extensions><gpxtpx:TrackPointExtension><gpxtpx:cad>0</gpxtpx:cad></gpxtpx:TrackPointExtension></extensions></trkpt><trkpt lat="15.0492978562" lon="73.9763975982"><ele>3.50</ele><time>2025-11-16T02:45:37Z</time><extensions><gpxtpx:TrackPointExtension><gpxtpx:cad>0</gpxtpx:cad></gpxtpx:TrackPointExtension></extensions></trkpt><trkpt lat="15.0493432861" lon="73.9762281161"><ele>3.50</ele><time>2025-11-16T02:45:42Z</time><extensions><gpxtpx:TrackPointExtension><gpxtpx:cad>0</gpxtpx:cad></gpxtpx:TrackPointExtension></extensions></trkpt><trkpt lat="15.0493984390" lon="73.9760692790"><ele>3.50</ele><time>2025-11-16T02:45:47Z</time><extensions><gpxtpx:TrackPointExtension><gpxtpx:cad>0</gpxtpx:cad></gpxtpx:TrackPointExtension></extensions></trkpt><trkpt lat="15.0494412705" lon="73.9759040717"><ele>3.02</ele><time>2025-11-16T02:45:52Z</time><extensions><gpxtpx:TrackPointExtension><gpxtpx:cad>0</gpxtpx:cad></gpxtpx:TrackPointExtension></extensions></trkpt><trkpt lat="15.0494850241" lon="73.9757376071"><ele>3.02</ele><time>2025-11-16T02:45:57Z</time><extensions><gpxtpx:TrackPointExtension><gpxtpx:cad>0</gpxtpx:cad></gpxtpx:TrackPointExtension></extensions></trkpt><trkpt lat="15.0495464634" lon="73.9755827095"><ele>3.02</ele><time>2025-11-16T02:46:02Z</time><extensions><gpxtpx:TrackPointExtension><gpxtpx:cad>0</gpxtpx:cad></gpxtpx:TrackPointExtension></extensions></trkpt><trkpt lat="15.0495949946" lon="73.9754181728"><ele>2.54</ele><time>2025-11-16T02:46:07Z</time><extensions><gpxtpx:TrackPointExtension><gpxtpx:cad>0</gpxtpx:cad></gpxtpx:TrackPointExtension></extensions></trkpt><trkpt lat="15.0496588647" lon="73.9752582461"><ele>3.02</ele><time>2025-11-16T02:46:12Z</time><extensions><gpxtpx:TrackPointExtension><gpxtpx:cad>0</gpxtpx:cad></gpxtpx:TrackPointExtension></extensions></trkpt><trkpt lat="15.0497311167" lon="73.9751139935"><ele>3.02</ele><time>2025-11-16T02:46:17Z</time><extensions><gpxtpx:TrackPointExtension><gpxtpx:cad>0</gpxtpx:cad></gpxtpx:TrackPointExtension></extensions></trkpt><trkpt lat="15.0497958250" lon="73.9749558270"><ele>3.02</ele><time>2025-11-16T02:46:22Z</time><extensions><gpxtpx:TrackPointExtension><gpxtpx:cad>0</gpxtpx:cad></gpxtpx:TrackPointExtension></extensions></trkpt><trkpt lat="15.0498490501" lon="73.9747899491"><ele>3.02</ele><time>2025-11-16T02:46:27Z</time><extensions><gpxtpx:TrackPointExtension><gpxtpx:cad>0</gpxtpx:cad></gpxtpx:TrackPointExtension></extensions></trkpt><trkpt lat="15.0499154348" lon="73.9746316150"><ele>2.54</ele><time>2025-11-16T02:46:32Z</time><extensions><gpxtpx:TrackPointExtension><gpxtpx:cad>0</gpxtpx:cad></gpxtpx:TrackPointExtension></extensions></trkpt><trkpt lat="15.0499662291" lon="73.9744672459"><ele>2.06</ele><time>2025-11-16T02:46:37Z</time><extensions><gpxtpx:TrackPointExtension><gpxtpx:cad>0</gpxtpx:cad></gpxtpx:TrackPointExtension></extensions></trkpt><trkpt lat="15.0500175264" lon="73.9743046369"><ele>2.54</ele><time>2025-11-16T02:46:42Z</time><extensions><gpxtpx:TrackPointExtension><gpxtpx:cad>0</gpxtpx:cad></gpxtpx:TrackPointExtension></extensions></trkpt><trkpt lat="15.0500563346" lon="73.9741425309"><ele>3.02</ele><time>2025-11-16T02:46:47Z</time><extensions><gpxtpx:TrackPointExtension><gpxtpx:cad>0</gpxtpx:cad></gpxtpx:TrackPointExtension></extensions></trkpt><trkpt lat="15.0500968192" lon="73.9739789162"><ele>3.02</ele><time>2025-11-16T02:46:52Z</time><extensions><gpxtpx:TrackPointExtension><gpxtpx:cad>0</gpxtpx:cad></gpxtpx:TrackPointExtension></extensions></trkpt><trkpt lat="15.0501477811" lon="73.9738171455"><ele>3.02</ele><time>2025-11-16T02:46:57Z</time><extensions><gpxtpx:TrackPointExtension><gpxtpx:cad>0</gpxtpx:cad></gpxtpx:TrackPointExtension></extensions></trkpt><trkpt lat="15.0501915347" lon="73.9736459870"><ele>3.02</ele><time>2025-11-16T02:47:02Z</time><extensions><gpxtpx:TrackPointExtension><gpxtpx:cad>0</gpxtpx:cad></gpxtpx:TrackPointExtension></extensions></trkpt><trkpt lat="15.0502396468" lon="73.9734800253"><ele>3.02</ele><time>2025-11-16T02:47:07Z</time><extensions><gpxtpx:TrackPointExtension><gpxtpx:cad>0</gpxtpx:cad></gpxtpx:TrackPointExtension></extensions></trkpt><trkpt lat="15.0502924528" lon="73.9733237028"><ele>2.54</ele><time>2025-11-16T02:47:12Z</time><extensions><gpxtpx:TrackPointExtension><gpxtpx:cad>0</gpxtpx:cad></gpxtpx:TrackPointExtension></extensions></trkpt><trkpt lat="15.0503317639" lon="73.9731538855"><ele>3.02</ele><time>2025-11-16T02:47:17Z</time><extensions><gpxtpx:TrackPointExtension><gpxtpx:cad>0</gpxtpx:cad></gpxtpx:TrackPointExtension></extensions></trkpt><trkpt lat="15.0503808819" lon="73.9729833137"><ele>3.50</ele><time>2025-11-16T02:47:22Z</time><extensions><gpxtpx:TrackPointExtension><gpxtpx:cad>0</gpxtpx:cad></gpxtpx:TrackPointExtension></extensions></trkpt><trkpt lat="15.0504211150" lon="73.9728153404"><ele>3.50</ele><time>2025-11-16T02:47:27Z</time><extensions><gpxtpx:TrackPointExtension><gpxtpx:cad>0</gpxtpx:cad></gpxtpx:TrackPointExtension></extensions></trkpt><trkpt lat="15.0504551455" lon="73.9726487081"><ele>3.02</ele><time>2025-11-16T02:47:32Z</time><extensions><gpxtpx:TrackPointExtension><gpxtpx:cad>0</gpxtpx:cad></gpxtpx:TrackPointExtension></extensions></trkpt><trkpt lat="15.0504898466" lon="73.9724835847"><ele>3.50</ele><time>2025-11-16T02:47:37Z</time><extensions><gpxtpx:TrackPointExtension><gpxtpx:cad>0</gpxtpx:cad></gpxtpx:TrackPointExtension></extensions></trkpt><trkpt lat="15.0505282357" lon="73.9723114204"><ele>3.02</ele><time>2025-11-16T02:47:42Z</time><extensions><gpxtpx:TrackPointExtension><gpxtpx:cad>0</gpxtpx:cad></gpxtpx:TrackPointExtension></extensions></trkpt><trkpt lat="15.0505735818" lon="73.9721492305"><ele>3.02</ele><time>2025-11-16T02:47:47Z</time><extensions><gpxtpx:TrackPointExtension><gpxtpx:cad>0</gpxtpx:cad></gpxtpx:TrackPointExtension></extensions></trkpt><trkpt lat="15.0506147370" lon="73.9719779883"><ele>3.02</ele><time>2025-11-16T02:47:52Z</time><extensions><gpxtpx:TrackPointExtension><gpxtpx:cad>0</gpxtpx:cad></gpxtpx:TrackPointExtension></extensions></trkpt><trkpt lat="15.0506591611" lon="73.9718161337"><ele>3.02</ele><time>2025-11-16T02:47:57Z</time><extensions><gpxtpx:TrackPointExtension><gpxtpx:cad>0</gpxtpx:cad></gpxtpx:TrackPointExtension></extensions></trkpt><trkpt lat="15.0507014059" lon="73.9716526028"><ele>3.02</ele><time>2025-11-16T02:48:02Z</time><extensions><gpxtpx:TrackPointExtension><gpxtpx:cad>0</gpxtpx:cad></gpxtpx:TrackPointExtension></extensions></trkpt><trkpt lat="15.0507527031" lon="73.9714867249"><ele>3.02</ele><time>2025-11-16T02:48:07Z</time><extensions><gpxtpx:TrackPointExtension><gpxtpx:cad>0</gpxtpx:cad></gpxtpx:TrackPointExtension></extensions></trkpt><trkpt lat="15.0507905055" lon="73.9713200089"><ele>2.54</ele><time>2025-11-16T02:48:12Z</time><extensions><gpxtpx:TrackPointExtension><gpxtpx:cad>0</gpxtpx:cad></gpxtpx:TrackPointExtension></extensions></trkpt><trkpt lat="15.0508430600" lon="73.9711534604"><ele>2.54</ele><time>2025-11-16T02:48:17Z</time><extensions><gpxtpx:TrackPointExtension><gpxtpx:cad>0</gpxtpx:cad></gpxtpx:TrackPointExtension></extensions></trkpt><trkpt lat="15.0508781802" lon="73.9709861577"><ele>2.54</ele><time>2025-11-16T02:48:22Z</time><extensions><gpxtpx:TrackPointExtension><gpxtpx:cad>0</gpxtpx:cad></gpxtpx:TrackPointExtension></extensions></trkpt><trkpt lat="15.0508987159" lon="73.9708170108"><ele>2.54</ele><time>2025-11-16T02:48:27Z</time><extensions><gpxtpx:TrackPointExtension><gpxtpx:cad>0</gpxtpx:cad></gpxtpx:TrackPointExtension></extensions></trkpt><trkpt lat="15.0509321596" lon="73.9706554916"><ele>3.02</ele><time>2025-11-16T02:48:32Z</time><extensions><gpxtpx:TrackPointExtension><gpxtpx:cad>0</gpxtpx:cad></gpxtpx:TrackPointExtension></extensions></trkpt><trkpt lat="15.0509719737" lon="73.9704833273"><ele>3.02</ele><time>2025-11-16T02:48:37Z</time><extensions><gpxtpx:TrackPointExtension><gpxtpx:cad>0</gpxtpx:cad></gpxtpx:TrackPointExtension></extensions></trkpt><trkpt lat="15.0510195829" lon="73.9703095704"><ele>3.02</ele><time>2025-11-16T02:48:42Z</time><extensions><gpxtpx:TrackPointExtension><gpxtpx:cad>0</gpxtpx:cad></gpxtpx:TrackPointExtension></extensions></trkpt><trkpt lat="15.0510805193" lon="73.9701553434"><ele>3.02</ele><time>2025-11-16T02:48:47Z</time><extensions><gpxtpx:TrackPointExtension><gpxtpx:cad>0</gpxtpx:cad></gpxtpx:TrackPointExtension></extensions></trkpt><trkpt lat="15.0511247758" lon="73.9699868672"><ele>3.02</ele><time>2025-11-16T02:48:52Z</time><extensions><gpxtpx:TrackPointExtension><gpxtpx:cad>0</gpxtpx:cad></gpxtpx:TrackPointExtension></extensions></trkpt><trkpt lat="15.0511722174" lon="73.9698168822"><ele>3.02</ele><time>2025-11-16T02:48:57Z</time><extensions><gpxtpx:TrackPointExtension><gpxtpx:cad>0</gpxtpx:cad></gpxtpx:TrackPointExtension></extensions></trkpt><trkpt lat="15.0512355845" lon="73.9696691930"><ele>3.02</ele><time>2025-11-16T02:49:02Z</time><extensions><gpxtpx:TrackPointExtension><gpxtpx:cad>0</gpxtpx:cad></gpxtpx:TrackPointExtension></extensions></trkpt><trkpt lat="15.0512964372" lon="73.9695011359"><ele>2.54</ele><time>2025-11-16T02:49:07Z</time><extensions><gpxtpx:TrackPointExtension><gpxtpx:cad>0</gpxtpx:cad></gpxtpx:TrackPointExtension></extensions></trkpt><trkpt lat="15.0513573736" lon="73.9693344198"><ele>3.02</ele><time>2025-11-16T02:49:12Z</time><extensions><gpxtpx:TrackPointExtension><gpxtpx:cad>0</gpxtpx:cad></gpxtpx:TrackPointExtension></extensions></trkpt><trkpt lat="15.0514217466" lon="73.9691850543"><ele>3.02</ele><time>2025-11-16T02:49:17Z</time><extensions><gpxtpx:TrackPointExtension><gpxtpx:cad>0</gpxtpx:cad></gpxtpx:TrackPointExtension></extensions></trkpt><trkpt lat="15.0514770672" lon="73.9690268040"><ele>2.54</ele><time>2025-11-16T02:49:22Z</time><extensions><gpxtpx:TrackPointExtension><gpxtpx:cad>0</gpxtpx:cad></gpxtpx:TrackPointExtension></extensions></trkpt><trkpt lat="15.0515402667" lon="73.9688581601"><ele>2.54</ele><time>2025-11-16T02:49:27Z</time><extensions><gpxtpx:TrackPointExtension><gpxtpx:cad>0</gpxtpx:cad></gpxtpx:TrackPointExtension></extensions></trkpt><trkpt lat="15.0515958387" lon="73.9686928689"><ele>2.54</ele><time>2025-11-16T02:49:32Z</time><extensions><gpxtpx:TrackPointExtension><gpxtpx:cad>0</gpxtpx:cad></gpxtpx:TrackPointExtension></extensions></trkpt><trkpt lat="15.0516514108" lon="73.9685288351"><ele>2.06</ele><time>2025-11-16T02:49:37Z</time><extensions><gpxtpx:TrackPointExtension><gpxtpx:cad>0</gpxtpx:cad></gpxtpx:TrackPointExtension></extensions></trkpt><trkpt lat="15.0517100841" lon="73.9683720097"><ele>2.06</ele><time>2025-11-16T02:49:42Z</time><extensions><gpxtpx:TrackPointExtension><gpxtpx:cad>0</gpxtpx:cad></gpxtpx:TrackPointExtension></extensions></trkpt><trkpt lat="15.0517736189" lon="73.9682161063"><ele>2.06</ele><time>2025-11-16T02:49:47Z</time><extensions><gpxtpx:TrackPointExtension><gpxtpx:cad>0</gpxtpx:cad></gpxtpx:TrackPointExtension></extensions></trkpt><trkpt lat="15.0518382434" lon="73.9680514857"><ele>2.54</ele><time>2025-11-16T02:49:52Z</time><extensions><gpxtpx:TrackPointExtension><gpxtpx:cad>0</gpxtpx:cad></gpxtpx:TrackPointExtension></extensions></trkpt><trkpt lat="15.0519064721" lon="73.9678911399"><ele>2.06</ele><time>2025-11-16T02:49:57Z</time><extensions><gpxtpx:TrackPointExtension><gpxtpx:cad>0</gpxtpx:cad></gpxtpx:TrackPointExtension></extensions></trkpt><trkpt lat="15.0519657321" lon="73.9677308779"><ele>1.58</ele><time>2025-11-16T02:50:02Z</time><extensions><gpxtpx:TrackPointExtension><gpxtpx:cad>0</gpxtpx:cad></gpxtpx:TrackPointExtension></extensions></trkpt><trkpt lat="15.0520358048" lon="73.9675781596"><ele>2.06</ele><time>2025-11-16T02:50:07Z</time><extensions><gpxtpx:TrackPointExtension><gpxtpx:cad>0</gpxtpx:cad></gpxtpx:TrackPointExtension></extensions></trkpt><trkpt lat="15.0521034468" lon="73.9674199931"><ele>2.06</ele><time>2025-11-16T02:50:12Z</time><extensions><gpxtpx:TrackPointExtension><gpxtpx:cad>0</gpxtpx:cad></gpxtpx:TrackPointExtension></extensions></trkpt><trkpt lat="15.0521671493" lon="73.9672587253"><ele>2.06</ele><time>2025-11-16T02:50:17Z</time><extensions><gpxtpx:TrackPointExtension><gpxtpx:cad>0</gpxtpx:cad></gpxtpx:TrackPointExtension></extensions></trkpt><trkpt lat="15.0522293430" lon="73.9670965355"><ele>2.06</ele><time>2025-11-16T02:50:22Z</time><extensions><gpxtpx:TrackPointExtension><gpxtpx:cad>0</gpxtpx:cad></gpxtpx:TrackPointExtension></extensions></trkpt><trkpt lat="15.0522852503" lon="73.9669349324"><ele>2.06</ele><time>2025-11-16T02:50:27Z</time><extensions><gpxtpx:TrackPointExtension><gpxtpx:cad>0</gpxtpx:cad></gpxtpx:TrackPointExtension></extensions></trkpt><trkpt lat="15.0523290038" lon="73.9667695574"><ele>2.06</ele><time>2025-11-16T02:50:32Z</time><extensions><gpxtpx:TrackPointExtension><gpxtpx:cad>0</gpxtpx:cad></gpxtpx:TrackPointExtension></extensions></trkpt><trkpt lat="15.0523875095" lon="73.9666103013"><ele>2.06</ele><time>2025-11-16T02:50:37Z</time><extensions><gpxtpx:TrackPointExtension><gpxtpx:cad>0</gpxtpx:cad></gpxtpx:TrackPointExtension></extensions></trkpt><trkpt lat="15.0524425786" lon="73.9664561581"><ele>2.06</ele><time>2025-11-16T02:50:42Z</time><extensions><gpxtpx:TrackPointExtension><gpxtpx:cad>0</gpxtpx:cad></gpxtpx:TrackPointExtension></extensions></trkpt><trkpt lat="15.0524942949" lon="73.9662837423"><ele>2.06</ele><time>2025-11-16T02:50:47Z</time><extensions><gpxtpx:TrackPointExtension><gpxtpx:cad>0</gpxtpx:cad></gpxtpx:TrackPointExtension></extensions></trkpt><trkpt lat="15.0525599252" lon="73.9661192894"><ele>2.54</ele><time>2025-11-16T02:50:52Z</time><extensions><gpxtpx:TrackPointExtension><gpxtpx:cad>0</gpxtpx:cad></gpxtpx:TrackPointExtension></extensions></trkpt><trkpt lat="15.0526295789" lon="73.9659653138"><ele>2.54</ele><time>2025-11-16T02:50:57Z</time><extensions><gpxtpx:TrackPointExtension><gpxtpx:cad>0</gpxtpx:cad></gpxtpx:TrackPointExtension></extensions></trkpt><trkpt lat="15.0526859052" lon="73.9657991007"><ele>2.06</ele><time>2025-11-16T02:51:02Z</time><extensions><gpxtpx:TrackPointExtension><gpxtpx:cad>0</gpxtpx:cad></gpxtpx:TrackPointExtension></extensions></trkpt><trkpt lat="15.0527293235" lon="73.9656328037"><ele>3.02</ele><time>2025-11-16T02:51:07Z</time><extensions><gpxtpx:TrackPointExtension><gpxtpx:cad>0</gpxtpx:cad></gpxtpx:TrackPointExtension></extensions></trkpt><trkpt lat="15.0527875777" lon="73.9654730447"><ele>2.54</ele><time>2025-11-16T02:51:12Z</time><extensions><gpxtpx:TrackPointExtension><gpxtpx:cad>0</gpxtpx:cad></gpxtpx:TrackPointExtension></extensions></trkpt><trkpt lat="15.0528338458" lon="73.9653028920"><ele>3.02</ele><time>2025-11-16T02:51:17Z</time><extensions><gpxtpx:TrackPointExtension><gpxtpx:cad>0</gpxtpx:cad></gpxtpx:TrackPointExtension></extensions></trkpt><trkpt lat="15.0528821256" lon="73.9651312307"><ele>3.02</ele><time>2025-11-16T02:51:22Z</time><extensions><gpxtpx:TrackPointExtension><gpxtpx:cad>0</gpxtpx:cad></gpxtpx:TrackPointExtension></extensions></trkpt><trkpt lat="15.0529321656" lon="73.9649697952"><ele>3.02</ele><time>2025-11-16T02:51:27Z</time><extensions><gpxtpx:TrackPointExtension><gpxtpx:cad>0</gpxtpx:cad></gpxtpx:TrackPointExtension></extensions></trkpt><trkpt lat="15.0529884920" lon="73.9648075216"><ele>2.54</ele><time>2025-11-16T02:51:32Z</time><extensions><gpxtpx:TrackPointExtension><gpxtpx:cad>0</gpxtpx:cad></gpxtpx:TrackPointExtension></extensions></trkpt><trkpt lat="15.0530335028" lon="73.9646356925"><ele>3.02</ele><time>2025-11-16T02:51:37Z</time><extensions><gpxtpx:TrackPointExtension><gpxtpx:cad>0</gpxtpx:cad></gpxtpx:TrackPointExtension></extensions></trkpt><trkpt lat="15.0530851353" lon="73.9644767717"><ele>3.02</ele><time>2025-11-16T02:51:42Z</time><extensions><gpxtpx:TrackPointExtension><gpxtpx:cad>0</gpxtpx:cad></gpxtpx:TrackPointExtension></extensions></trkpt><trkpt lat="15.0531283021" lon="73.9643056970"><ele>2.54</ele><time>2025-11-16T02:51:47Z</time><extensions><gpxtpx:TrackPointExtension><gpxtpx:cad>0</gpxtpx:cad></gpxtpx:TrackPointExtension></extensions></trkpt><trkpt lat="15.0531600695" lon="73.9641285036"><ele>2.54</ele><time>2025-11-16T02:51:52Z</time><extensions><gpxtpx:TrackPointExtension><gpxtpx:cad>0</gpxtpx:cad></gpxtpx:TrackPointExtension></extensions></trkpt><trkpt lat="15.0531982072" lon="73.9639648050"><ele>3.02</ele><time>2025-11-16T02:51:57Z</time><extensions><gpxtpx:TrackPointExtension><gpxtpx:cad>0</gpxtpx:cad></gpxtpx:TrackPointExtension></extensions></trkpt><trkpt lat="15.0532443915" lon="73.9638068900"><ele>3.02</ele><time>2025-11-16T02:52:02Z</time><extensions><gpxtpx:TrackPointExtension><gpxtpx:cad>0</gpxtpx:cad></gpxtpx:TrackPointExtension></extensions></trkpt><trkpt lat="15.0532804336" lon="73.9636404254"><ele>3.02</ele><time>2025-11-16T02:52:07Z</time><extensions><gpxtpx:TrackPointExtension><gpxtpx:cad>0</gpxtpx:cad></gpxtpx:TrackPointExtension></extensions></trkpt><trkpt lat="15.0533350836" lon="73.9634770621"><ele>3.50</ele><time>2025-11-16T02:52:12Z</time><extensions><gpxtpx:TrackPointExtension><gpxtpx:cad>0</gpxtpx:cad></gpxtpx:TrackPointExtension></extensions></trkpt><trkpt lat="15.0533981994" lon="73.9633256011"><ele>3.02</ele><time>2025-11-16T02:52:17Z</time><extensions><gpxtpx:TrackPointExtension><gpxtpx:cad>0</gpxtpx:cad></gpxtpx:TrackPointExtension></extensions></trkpt><trkpt lat="15.0534474012" lon="73.9631598908"><ele>2.54</ele><time>2025-11-16T02:52:22Z</time><extensions><gpxtpx:TrackPointExtension><gpxtpx:cad>0</gpxtpx:cad></gpxtpx:TrackPointExtension></extensions></trkpt><trkpt lat="15.0535028894" lon="73.9629992936"><ele>3.02</ele><time>2025-11-16T02:52:27Z</time><extensions><gpxtpx:TrackPointExtension><gpxtpx:cad>0</gpxtpx:cad></gpxtpx:TrackPointExtension></extensions></trkpt><trkpt lat="15.0535634905" lon="73.9628380258"><ele>2.54</ele><time>2025-11-16T02:52:32Z</time><extensions><gpxtpx:TrackPointExtension><gpxtpx:cad>0</gpxtpx:cad></gpxtpx:TrackPointExtension></extensions></trkpt><trkpt lat="15.0536206551" lon="73.9626757521"><ele>2.06</ele><time>2025-11-16T02:52:37Z</time><extensions><gpxtpx:TrackPointExtension><gpxtpx:cad>0</gpxtpx:cad></gpxtpx:TrackPointExtension></extensions></trkpt><trkpt lat="15.0536825135" lon="73.9625209384"><ele>2.54</ele><time>2025-11-16T02:52:42Z</time><extensions><gpxtpx:TrackPointExtension><gpxtpx:cad>0</gpxtpx:cad></gpxtpx:TrackPointExtension></extensions></trkpt><trkpt lat="15.0537221599" lon="73.9623552281"><ele>2.54</ele><time>2025-11-16T02:52:47Z</time><extensions><gpxtpx:TrackPointExtension><gpxtpx:cad>0</gpxtpx:cad></gpxtpx:TrackPointExtension></extensions></trkpt><trkpt lat="15.0537696015" lon="73.9621865004"><ele>2.54</ele><time>2025-11-16T02:52:52Z</time><extensions><gpxtpx:TrackPointExtension><gpxtpx:cad>0</gpxtpx:cad></gpxtpx:TrackPointExtension></extensions></trkpt><trkpt lat="15.0538467988" lon="73.9620366320"><ele>3.02</ele><time>2025-11-16T02:52:57Z</time><extensions><gpxtpx:TrackPointExtension><gpxtpx:cad>0</gpxtpx:cad></gpxtpx:TrackPointExtension></extensions></trkpt><trkpt lat="15.0539365690" lon="73.9618902840"><ele>2.54</ele><time>2025-11-16T02:53:02Z</time><extensions><gpxtpx:TrackPointExtension><gpxtpx:cad>0</gpxtpx:cad></gpxtpx:TrackPointExtension></extensions></trkpt><trkpt lat="15.0540060550" lon="73.9617362246"><ele>2.54</ele><time>2025-11-16T02:53:07Z</time><extensions><gpxtpx:TrackPointExtension><gpxtpx:cad>0</gpxtpx:cad></gpxtpx:TrackPointExtension></extensions></trkpt><trkpt lat="15.0540700089" lon="73.9615847636"><ele>3.02</ele><time>2025-11-16T02:53:12Z</time><extensions><gpxtpx:TrackPointExtension><gpxtpx:cad>0</gpxtpx:cad></gpxtpx:TrackPointExtension></extensions></trkpt><trkpt lat="15.0541364774" lon="73.9614270162"><ele>3.02</ele><time>2025-11-16T02:53:17Z</time><extensions><gpxtpx:TrackPointExtension><gpxtpx:cad>0</gpxtpx:cad></gpxtpx:TrackPointExtension></extensions></trkpt><trkpt lat="15.0542003475" lon="73.9612674247"><ele>2.54</ele><time>2025-11-16T02:53:22Z</time><extensions><gpxtpx:TrackPointExtension><gpxtpx:cad>0</gpxtpx:cad></gpxtpx:TrackPointExtension></extensions></trkpt><trkpt lat="15.0542703364" lon="73.9611098450"><ele>3.02</ele><time>2025-11-16T02:53:27Z</time><extensions><gpxtpx:TrackPointExtension><gpxtpx:cad>0</gpxtpx:cad></gpxtpx:TrackPointExtension></extensions></trkpt><trkpt lat="15.0543442648" lon="73.9609596413"><ele>2.54</ele><time>2025-11-16T02:53:32Z</time><extensions><gpxtpx:TrackPointExtension><gpxtpx:cad>0</gpxtpx:cad></gpxtpx:TrackPointExtension></extensions></trkpt><trkpt lat="15.0544218812" lon="73.9607974514"><ele>3.02</ele><time>2025-11-16T02:53:37Z</time><extensions><gpxtpx:TrackPointExtension><gpxtpx:cad>0</gpxtpx:cad></gpxtpx:TrackPointExtension></extensions></trkpt><trkpt lat="15.0544994138" lon="73.9606490079"><ele>3.02</ele><time>2025-11-16T02:53:42Z</time><extensions><gpxtpx:TrackPointExtension><gpxtpx:cad>0</gpxtpx:cad></gpxtpx:TrackPointExtension></extensions></trkpt><trkpt lat="15.0545806345" lon="73.9604999777"><ele>3.02</ele><time>2025-11-16T02:53:47Z</time><extensions><gpxtpx:TrackPointExtension><gpxtpx:cad>0</gpxtpx:cad></gpxtpx:TrackPointExtension></extensions></trkpt><trkpt lat="15.0546647888" lon="73.9603464212"><ele>3.50</ele><time>2025-11-16T02:53:52Z</time><extensions><gpxtpx:TrackPointExtension><gpxtpx:cad>0</gpxtpx:cad></gpxtpx:TrackPointExtension></extensions></trkpt><trkpt lat="15.0547431596" lon="73.9601955470"><ele>3.50</ele><time>2025-11-16T02:53:57Z</time><extensions><gpxtpx:TrackPointExtension><gpxtpx:cad>0</gpxtpx:cad></gpxtpx:TrackPointExtension></extensions></trkpt><trkpt lat="15.0548231229" lon="73.9600463491"><ele>3.50</ele><time>2025-11-16T02:54:02Z</time><extensions><gpxtpx:TrackPointExtension><gpxtpx:cad>0</gpxtpx:cad></gpxtpx:TrackPointExtension></extensions></trkpt><trkpt lat="15.0548897590" lon="73.9598911162"><ele>3.02</ele><time>2025-11-16T02:54:07Z</time><extensions><gpxtpx:TrackPointExtension><gpxtpx:cad>0</gpxtpx:cad></gpxtpx:TrackPointExtension></extensions></trkpt><trkpt lat="15.0549581554" lon="73.9597380627"><ele>3.02</ele><time>2025-11-16T02:54:12Z</time><extensions><gpxtpx:TrackPointExtension><gpxtpx:cad>0</gpxtpx:cad></gpxtpx:TrackPointExtension></extensions></trkpt><trkpt lat="15.0550448243" lon="73.9595882781"><ele>3.02</ele><time>2025-11-16T02:54:17Z</time><extensions><gpxtpx:TrackPointExtension><gpxtpx:cad>0</gpxtpx:cad></gpxtpx:TrackPointExtension></extensions></trkpt><trkpt lat="15.0551287271" lon="73.9594467077"><ele>2.54</ele><time>2025-11-16T02:54:22Z</time><extensions><gpxtpx:TrackPointExtension><gpxtpx:cad>0</gpxtpx:cad></gpxtpx:TrackPointExtension></extensions></trkpt><trkpt lat="15.0552023202" lon="73.9592919778"><ele>2.54</ele><time>2025-11-16T02:54:27Z</time><extensions><gpxtpx:TrackPointExtension><gpxtpx:cad>0</gpxtpx:cad></gpxtpx:TrackPointExtension></extensions></trkpt><trkpt lat="15.0552708842" lon="73.9591400139"><ele>2.54</ele><time>2025-11-16T02:54:32Z</time><extensions><gpxtpx:TrackPointExtension><gpxtpx:cad>0</gpxtpx:cad></gpxtpx:TrackPointExtension></extensions></trkpt><trkpt lat="15.0553510152" lon="73.9589977730"><ele>3.02</ele><time>2025-11-16T02:54:37Z</time><extensions><gpxtpx:TrackPointExtension><gpxtpx:cad>0</gpxtpx:cad></gpxtpx:TrackPointExtension></extensions></trkpt><trkpt lat="15.0554332417" lon="73.9588475693"><ele>3.02</ele><time>2025-11-16T02:54:42Z</time><extensions><gpxtpx:TrackPointExtension><gpxtpx:cad>0</gpxtpx:cad></gpxtpx:TrackPointExtension></extensions></trkpt><trkpt lat="15.0555158034" lon="73.9586982876"><ele>3.02</ele><time>2025-11-16T02:54:47Z</time><extensions><gpxtpx:TrackPointExtension><gpxtpx:cad>0</gpxtpx:cad></gpxtpx:TrackPointExtension></extensions></trkpt><trkpt lat="15.0556113571" lon="73.9585581422"><ele>3.02</ele><time>2025-11-16T02:54:52Z</time><extensions><gpxtpx:TrackPointExtension><gpxtpx:cad>0</gpxtpx:cad></gpxtpx:TrackPointExtension></extensions></trkpt><trkpt lat="15.0557080004" lon="73.9584157337"><ele>3.02</ele><time>2025-11-16T02:54:57Z</time><extensions><gpxtpx:TrackPointExtension><gpxtpx:cad>0</gpxtpx:cad></gpxtpx:TrackPointExtension></extensions></trkpt><trkpt lat="15.0557969324" lon="73.9582817070"><ele>3.50</ele><time>2025-11-16T02:55:02Z</time><extensions><gpxtpx:TrackPointExtension><gpxtpx:cad>0</gpxtpx:cad></gpxtpx:TrackPointExtension></extensions></trkpt><trkpt lat="15.0558712799" lon="73.9581227861"><ele>3.98</ele><time>2025-11-16T02:55:07Z</time><extensions><gpxtpx:TrackPointExtension><gpxtpx:cad>0</gpxtpx:cad></gpxtpx:TrackPointExtension></extensions></trkpt><trkpt lat="15.0559401792" lon="73.9579680562"><ele>3.98</ele><time>2025-11-16T02:55:12Z</time><extensions><gpxtpx:TrackPointExtension><gpxtpx:cad>0</gpxtpx:cad></gpxtpx:TrackPointExtension></extensions></trkpt><trkpt lat="15.0560248364" lon="73.9578186069"><ele>3.98</ele><time>2025-11-16T02:55:17Z</time><extensions><gpxtpx:TrackPointExtension><gpxtpx:cad>0</gpxtpx:cad></gpxtpx:TrackPointExtension></extensions></trkpt><trkpt lat="15.0561001897" lon="73.9576814789"><ele>3.50</ele><time>2025-11-16T02:55:22Z</time><extensions><gpxtpx:TrackPointExtension><gpxtpx:cad>0</gpxtpx:cad></gpxtpx:TrackPointExtension></extensions></trkpt><trkpt lat="15.0561553426" lon="73.9575196244"><ele>3.02</ele><time>2025-11-16T02:55:27Z</time><extensions><gpxtpx:TrackPointExtension><gpxtpx:cad>0</gpxtpx:cad></gpxtpx:TrackPointExtension></extensions></trkpt><trkpt lat="15.0562069751" lon="73.9573619608"><ele>3.02</ele><time>2025-11-16T02:55:32Z</time><extensions><gpxtpx:TrackPointExtension><gpxtpx:cad>0</gpxtpx:cad></gpxtpx:TrackPointExtension></extensions></trkpt><trkpt lat="15.0562654808" lon="73.9572011959"><ele>2.54</ele><time>2025-11-16T02:55:37Z</time><extensions><gpxtpx:TrackPointExtension><gpxtpx:cad>0</gpxtpx:cad></gpxtpx:TrackPointExtension></extensions></trkpt><trkpt lat="15.0563096534" lon="73.9570411015"><ele>2.54</ele><time>2025-11-16T02:55:42Z</time><extensions><gpxtpx:TrackPointExtension><gpxtpx:cad>0</gpxtpx:cad></gpxtpx:TrackPointExtension></extensions></trkpt><trkpt lat="15.0563235674" lon="73.9568789955"><ele>2.54</ele><time>2025-11-16T02:55:47Z</time><extensions><gpxtpx:TrackPointExtension><gpxtpx:cad>0</gpxtpx:cad></gpxtpx:TrackPointExtension></extensions></trkpt><trkpt lat="15.0563896168" lon="73.9567212481"><ele>3.02</ele><time>2025-11-16T02:55:52Z</time><extensions><gpxtpx:TrackPointExtension><gpxtpx:cad>0</gpxtpx:cad></gpxtpx:TrackPointExtension></extensions></trkpt><trkpt lat="15.0564534031" lon="73.9565618243"><ele>3.02</ele><time>2025-11-16T02:55:57Z</time><extensions><gpxtpx:TrackPointExtension><gpxtpx:cad>0</gpxtpx:cad></gpxtpx:TrackPointExtension></extensions></trkpt><trkpt lat="15.0565190334" lon="73.9564106148"><ele>3.50</ele><time>2025-11-16T02:56:02Z</time><extensions><gpxtpx:TrackPointExtension><gpxtpx:cad>0</gpxtpx:cad></gpxtpx:TrackPointExtension></extensions></trkpt><trkpt lat="15.0565779582" lon="73.9562537055"><ele>3.50</ele><time>2025-11-16T02:56:07Z</time><extensions><gpxtpx:TrackPointExtension><gpxtpx:cad>0</gpxtpx:cad></gpxtpx:TrackPointExtension></extensions></trkpt><trkpt lat="15.0566551555" lon="73.9560952038"><ele>3.98</ele><time>2025-11-16T02:56:12Z</time><extensions><gpxtpx:TrackPointExtension><gpxtpx:cad>0</gpxtpx:cad></gpxtpx:TrackPointExtension></extensions></trkpt><trkpt lat="15.0567284971" lon="73.9559473470"><ele>3.98</ele><time>2025-11-16T02:56:17Z</time><extensions><gpxtpx:TrackPointExtension><gpxtpx:cad>0</gpxtpx:cad></gpxtpx:TrackPointExtension></extensions></trkpt><trkpt lat="15.0567968097" lon="73.9557976462"><ele>3.50</ele><time>2025-11-16T02:56:22Z</time><extensions><gpxtpx:TrackPointExtension><gpxtpx:cad>0</gpxtpx:cad></gpxtpx:TrackPointExtension></extensions></trkpt><trkpt lat="15.0568662956" lon="73.9556405693"><ele>3.98</ele><time>2025-11-16T02:56:27Z</time><extensions><gpxtpx:TrackPointExtension><gpxtpx:cad>0</gpxtpx:cad></gpxtpx:TrackPointExtension></extensions></trkpt><trkpt lat="15.0569496956" lon="73.9554979932"><ele>3.98</ele><time>2025-11-16T02:56:32Z</time><extensions><gpxtpx:TrackPointExtension><gpxtpx:cad>0</gpxtpx:cad></gpxtpx:TrackPointExtension></extensions></trkpt><trkpt lat="15.0570736639" lon="73.9554179460"><ele>3.50</ele><time>2025-11-16T02:56:37Z</time><extensions><gpxtpx:TrackPointExtension><gpxtpx:cad>0</gpxtpx:cad></gpxtpx:TrackPointExtension></extensions></trkpt><trkpt lat="15.0572195090" lon="73.9554131683"><ele>3.02</ele><time>2025-11-16T02:56:42Z</time><extensions><gpxtpx:TrackPointExtension><gpxtpx:cad>0</gpxtpx:cad></gpxtpx:TrackPointExtension></extensions></trkpt><trkpt lat="15.0573759992" lon="73.9554349612"><ele>3.50</ele><time>2025-11-16T02:56:47Z</time><extensions><gpxtpx:TrackPointExtension><gpxtpx:cad>0</gpxtpx:cad></gpxtpx:TrackPointExtension></extensions></trkpt><trkpt lat="15.0575309806" lon="73.9554499649"><ele>3.50</ele><time>2025-11-16T02:56:52Z</time><extensions><gpxtpx:TrackPointExtension><gpxtpx:cad>0</gpxtpx:cad></gpxtpx:TrackPointExtension></extensions></trkpt><trkpt lat="15.0576977804" lon="73.9554663934"><ele>3.02</ele><time>2025-11-16T02:56:57Z</time><extensions><gpxtpx:TrackPointExtension><gpxtpx:cad>0</gpxtpx:cad></gpxtpx:TrackPointExtension></extensions></trkpt><trkpt lat="15.0578552764" lon="73.9554856718"><ele>2.06</ele><time>2025-11-16T02:57:02Z</time><extensions><gpxtpx:TrackPointExtension><gpxtpx:cad>0</gpxtpx:cad></gpxtpx:TrackPointExtension></extensions></trkpt><trkpt lat="15.0580183882" lon="73.9555069618"><ele>2.06</ele><time>2025-11-16T02:57:07Z</time><extensions><gpxtpx:TrackPointExtension><gpxtpx:cad>0</gpxtpx:cad></gpxtpx:TrackPointExtension></extensions></trkpt><trkpt lat="15.0581775606" lon="73.9555349573"><ele>2.06</ele><time>2025-11-16T02:57:12Z</time><extensions><gpxtpx:TrackPointExtension><gpxtpx:cad>0</gpxtpx:cad></gpxtpx:TrackPointExtension></extensions></trkpt><trkpt lat="15.0583476294" lon="73.9555674791"><ele>2.06</ele><time>2025-11-16T02:57:17Z</time><extensions><gpxtpx:TrackPointExtension><gpxtpx:cad>0</gpxtpx:cad></gpxtpx:TrackPointExtension></extensions></trkpt><trkpt lat="15.0585109927" lon="73.9555847459"><ele>2.54</ele><time>2025-11-16T02:57:22Z</time><extensions><gpxtpx:TrackPointExtension><gpxtpx:cad>0</gpxtpx:cad></gpxtpx:TrackPointExtension></extensions></trkpt><trkpt lat="15.0586635433" lon="73.9555933792"><ele>2.54</ele><time>2025-11-16T02:57:27Z</time><extensions><gpxtpx:TrackPointExtension><gpxtpx:cad>0</gpxtpx:cad></gpxtpx:TrackPointExtension></extensions></trkpt><trkpt lat="15.0588183571" lon="73.9555963129"><ele>2.06</ele><time>2025-11-16T02:57:32Z</time><extensions><gpxtpx:TrackPointExtension><gpxtpx:cad>0</gpxtpx:cad></gpxtpx:TrackPointExtension></extensions></trkpt><trkpt lat="15.0589833129" lon="73.9556219615"><ele>2.06</ele><time>2025-11-16T02:57:37Z</time><extensions><gpxtpx:TrackPointExtension><gpxtpx:cad>0</gpxtpx:cad></gpxtpx:TrackPointExtension></extensions></trkpt><trkpt lat="15.0591439102" lon="73.9556472749"><ele>2.06</ele><time>2025-11-16T02:57:42Z</time><extensions><gpxtpx:TrackPointExtension><gpxtpx:cad>0</gpxtpx:cad></gpxtpx:TrackPointExtension></extensions></trkpt><trkpt lat="15.0593086146" lon="73.9556695707"><ele>2.06</ele><time>2025-11-16T02:57:47Z</time><extensions><gpxtpx:TrackPointExtension><gpxtpx:cad>0</gpxtpx:cad></gpxtpx:TrackPointExtension></extensions></trkpt><trkpt lat="15.0594663620" lon="73.9556916151"><ele>2.06</ele><time>2025-11-16T02:57:52Z</time><extensions><gpxtpx:TrackPointExtension><gpxtpx:cad>0</gpxtpx:cad></gpxtpx:TrackPointExtension></extensions></trkpt><trkpt lat="15.0596268754" lon="73.9557081275"><ele>1.58</ele><time>2025-11-16T02:57:57Z</time><extensions><gpxtpx:TrackPointExtension><gpxtpx:cad>0</gpxtpx:cad></gpxtpx:TrackPointExtension></extensions></trkpt><trkpt lat="15.0597818568" lon="73.9557118993"><ele>1.58</ele><time>2025-11-16T02:58:02Z</time><extensions><gpxtpx:TrackPointExtension><gpxtpx:cad>0</gpxtpx:cad></gpxtpx:TrackPointExtension></extensions></trkpt><trkpt lat="15.0599385146" lon="73.9557299204"><ele>1.58</ele><time>2025-11-16T02:58:07Z</time><extensions><gpxtpx:TrackPointExtension><gpxtpx:cad>0</gpxtpx:cad></gpxtpx:TrackPointExtension></extensions></trkpt><trkpt lat="15.0601025485" lon="73.9557484444"><ele>1.10</ele><time>2025-11-16T02:58:12Z</time><extensions><gpxtpx:TrackPointExtension><gpxtpx:cad>0</gpxtpx:cad></gpxtpx:TrackPointExtension></extensions></trkpt><trkpt lat="15.0602477230" lon="73.9557593409"><ele>0.62</ele><time>2025-11-16T02:58:17Z</time><extensions><gpxtpx:TrackPointExtension><gpxtpx:cad>0</gpxtpx:cad></gpxtpx:TrackPointExtension></extensions></trkpt><trkpt lat="15.0604034588" lon="73.9557736740"><ele>1.10</ele><time>2025-11-16T02:58:22Z</time><extensions><gpxtpx:TrackPointExtension><gpxtpx:cad>0</gpxtpx:cad></gpxtpx:TrackPointExtension></extensions></trkpt><trkpt lat="15.0605674926" lon="73.9557933714"><ele>1.10</ele><time>2025-11-16T02:58:27Z</time><extensions><gpxtpx:TrackPointExtension><gpxtpx:cad>0</gpxtpx:cad></gpxtpx:TrackPointExtension></extensions></trkpt><trkpt lat="15.0607209653" lon="73.9558174275"><ele>0.62</ele><time>2025-11-16T02:58:32Z</time><extensions><gpxtpx:TrackPointExtension><gpxtpx:cad>0</gpxtpx:cad></gpxtpx:TrackPointExtension></extensions></trkpt><trkpt lat="15.0608854182" lon="73.9558426570"><ele>1.10</ele><time>2025-11-16T02:58:37Z</time><extensions><gpxtpx:TrackPointExtension><gpxtpx:cad>0</gpxtpx:cad></gpxtpx:TrackPointExtension></extensions></trkpt><trkpt lat="15.0610395614" lon="73.9558502007"><ele>0.62</ele><time>2025-11-16T02:58:42Z</time><extensions><gpxtpx:TrackPointExtension><gpxtpx:cad>0</gpxtpx:cad></gpxtpx:TrackPointExtension></extensions></trkpt><trkpt lat="15.0611938722" lon="73.9558609296"><ele>0.62</ele><time>2025-11-16T02:58:47Z</time><extensions><gpxtpx:TrackPointExtension><gpxtpx:cad>0</gpxtpx:cad></gpxtpx:TrackPointExtension></extensions></trkpt><trkpt lat="15.0613676291" lon="73.9558907691"><ele>1.10</ele><time>2025-11-16T02:58:52Z</time><extensions><gpxtpx:TrackPointExtension><gpxtpx:cad>0</gpxtpx:cad></gpxtpx:TrackPointExtension></extensions></trkpt><trkpt lat="15.0615397096" lon="73.9559105504"><ele>1.10</ele><time>2025-11-16T02:58:57Z</time><extensions><gpxtpx:TrackPointExtension><gpxtpx:cad>0</gpxtpx:cad></gpxtpx:TrackPointExtension></extensions></trkpt><trkpt lat="15.0617009774" lon="73.9559243806"><ele>1.10</ele><time>2025-11-16T02:59:02Z</time><extensions><gpxtpx:TrackPointExtension><gpxtpx:cad>0</gpxtpx:cad></gpxtpx:TrackPointExtension></extensions></trkpt><trkpt lat="15.0618650950" lon="73.9559331816"><ele>1.10</ele><time>2025-11-16T02:59:07Z</time><extensions><gpxtpx:TrackPointExtension><gpxtpx:cad>0</gpxtpx:cad></gpxtpx:TrackPointExtension></extensions></trkpt><trkpt lat="15.0620227586" lon="73.9559252188"><ele>1.10</ele><time>2025-11-16T02:59:12Z</time><extensions><gpxtpx:TrackPointExtension><gpxtpx:cad>0</gpxtpx:cad></gpxtpx:TrackPointExtension></extensions></trkpt><trkpt lat="15.0621894747" lon="73.9559329301"><ele>1.58</ele><time>2025-11-16T02:59:17Z</time><extensions><gpxtpx:TrackPointExtension><gpxtpx:cad>0</gpxtpx:cad></gpxtpx:TrackPointExtension></extensions></trkpt><trkpt lat="15.0623480603" lon="73.9559363667"><ele>2.06</ele><time>2025-11-16T02:59:22Z</time><extensions><gpxtpx:TrackPointExtension><gpxtpx:cad>0</gpxtpx:cad></gpxtpx:TrackPointExtension></extensions></trkpt><trkpt lat="15.0625021197" lon="73.9559444133"><ele>2.06</ele><time>2025-11-16T02:59:27Z</time><extensions><gpxtpx:TrackPointExtension><gpxtpx:cad>0</gpxtpx:cad></gpxtpx:TrackPointExtension></extensions></trkpt><trkpt lat="15.0626648962" lon="73.9559574053"><ele>2.06</ele><time>2025-11-16T02:59:32Z</time><extensions><gpxtpx:TrackPointExtension><gpxtpx:cad>0</gpxtpx:cad></gpxtpx:TrackPointExtension></extensions></trkpt><trkpt lat="15.0628216378" lon="73.9559657034"><ele>2.06</ele><time>2025-11-16T02:59:37Z</time><extensions><gpxtpx:TrackPointExtension><gpxtpx:cad>0</gpxtpx:cad></gpxtpx:TrackPointExtension></extensions></trkpt><trkpt lat="15.0629794691" lon="73.9559717383"><ele>2.06</ele><time>2025-11-16T02:59:42Z</time><extensions><gpxtpx:TrackPointExtension><gpxtpx:cad>0</gpxtpx:cad></gpxtpx:TrackPointExtension></extensions></trkpt><trkpt lat="15.0631470233" lon="73.9559807070"><ele>2.06</ele><time>2025-11-16T02:59:47Z</time><extensions><gpxtpx:TrackPointExtension><gpxtpx:cad>0</gpxtpx:cad></gpxtpx:TrackPointExtension></extensions></trkpt><trkpt lat="15.0633167569" lon="73.9559907652"><ele>2.06</ele><time>2025-11-16T02:59:52Z</time><extensions><gpxtpx:TrackPointExtension><gpxtpx:cad>0</gpxtpx:cad></gpxtpx:TrackPointExtension></extensions></trkpt><trkpt lat="15.0634770188" lon="73.9559969679"><ele>2.06</ele><time>2025-11-16T02:59:57Z</time><extensions><gpxtpx:TrackPointExtension><gpxtpx:cad>0</gpxtpx:cad></gpxtpx:TrackPointExtension></extensions></trkpt><trkpt lat="15.0636374485" lon="73.9559928607"><ele>2.06</ele><time>2025-11-16T03:00:02Z</time><extensions><gpxtpx:TrackPointExtension><gpxtpx:cad>0</gpxtpx:cad></gpxtpx:TrackPointExtension></extensions></trkpt><trkpt lat="15.0638030749" lon="73.9559876639"><ele>2.06</ele><time>2025-11-16T03:00:07Z</time><extensions><gpxtpx:TrackPointExtension><gpxtpx:cad>0</gpxtpx:cad></gpxtpx:TrackPointExtension></extensions></trkpt><trkpt lat="15.0639568828" lon="73.9559802879"><ele>2.54</ele><time>2025-11-16T03:00:12Z</time><extensions><gpxtpx:TrackPointExtension><gpxtpx:cad>0</gpxtpx:cad></gpxtpx:TrackPointExtension></extensions></trkpt><trkpt lat="15.0641281251" lon="73.9559807908"><ele>2.54</ele><time>2025-11-16T03:00:17Z</time><extensions><gpxtpx:TrackPointExtension><gpxtpx:cad>0</gpxtpx:cad></gpxtpx:TrackPointExtension></extensions></trkpt><trkpt lat="15.0642924104" lon="73.9559700619"><ele>2.54</ele><time>2025-11-16T03:00:22Z</time><extensions><gpxtpx:TrackPointExtension><gpxtpx:cad>0</gpxtpx:cad></gpxtpx:TrackPointExtension></extensions></trkpt><trkpt lat="15.0644550193" lon="73.9559613448"><ele>3.02</ele><time>2025-11-16T03:00:27Z</time><extensions><gpxtpx:TrackPointExtension><gpxtpx:cad>0</gpxtpx:cad></gpxtpx:TrackPointExtension></extensions></trkpt><trkpt lat="15.0646121800" lon="73.9559667092"><ele>2.54</ele><time>2025-11-16T03:00:32Z</time><extensions><gpxtpx:TrackPointExtension><gpxtpx:cad>0</gpxtpx:cad></gpxtpx:TrackPointExtension></extensions></trkpt><trkpt lat="15.0647774711" lon="73.9559719060"><ele>3.02</ele><time>2025-11-16T03:00:37Z</time><extensions><gpxtpx:TrackPointExtension><gpxtpx:cad>0</gpxtpx:cad></gpxtpx:TrackPointExtension></extensions></trkpt><trkpt lat="15.0649454445" lon="73.9559667092"><ele>2.54</ele><time>2025-11-16T03:00:42Z</time><extensions><gpxtpx:TrackPointExtension><gpxtpx:cad>0</gpxtpx:cad></gpxtpx:TrackPointExtension></extensions></trkpt><trkpt lat="15.0651152618" lon="73.9559621830"><ele>2.54</ele><time>2025-11-16T03:00:47Z</time><extensions><gpxtpx:TrackPointExtension><gpxtpx:cad>0</gpxtpx:cad></gpxtpx:TrackPointExtension></extensions></trkpt><trkpt lat="15.0652876776" lon="73.9559688885"><ele>2.54</ele><time>2025-11-16T03:00:52Z</time><extensions><gpxtpx:TrackPointExtension><gpxtpx:cad>0</gpxtpx:cad></gpxtpx:TrackPointExtension></extensions></trkpt><trkpt lat="15.0654481910" lon="73.9559639432"><ele>2.54</ele><time>2025-11-16T03:00:57Z</time><extensions><gpxtpx:TrackPointExtension><gpxtpx:cad>0</gpxtpx:cad></gpxtpx:TrackPointExtension></extensions></trkpt><trkpt lat="15.0656045973" lon="73.9559600037"><ele>2.54</ele><time>2025-11-16T03:01:02Z</time><extensions><gpxtpx:TrackPointExtension><gpxtpx:cad>0</gpxtpx:cad></gpxtpx:TrackPointExtension></extensions></trkpt><trkpt lat="15.0657608360" lon="73.9559574053"><ele>2.54</ele><time>2025-11-16T03:01:07Z</time><extensions><gpxtpx:TrackPointExtension><gpxtpx:cad>0</gpxtpx:cad></gpxtpx:TrackPointExtension></extensions></trkpt><trkpt lat="15.0659257919" lon="73.9559524599"><ele>3.02</ele><time>2025-11-16T03:01:12Z</time><extensions><gpxtpx:TrackPointExtension><gpxtpx:cad>0</gpxtpx:cad></gpxtpx:TrackPointExtension></extensions></trkpt><trkpt lat="15.0660928432" lon="73.9559566509"><ele>3.02</ele><time>2025-11-16T03:01:17Z</time><extensions><gpxtpx:TrackPointExtension><gpxtpx:cad>0</gpxtpx:cad></gpxtpx:TrackPointExtension></extensions></trkpt><trkpt lat="15.0662487466" lon="73.9559706487"><ele>2.54</ele><time>2025-11-16T03:01:22Z</time><extensions><gpxtpx:TrackPointExtension><gpxtpx:cad>0</gpxtpx:cad></gpxtpx:TrackPointExtension></extensions></trkpt><trkpt lat="15.0664101820" lon="73.9559901785"><ele>2.54</ele><time>2025-11-16T03:01:27Z</time><extensions><gpxtpx:TrackPointExtension><gpxtpx:cad>0</gpxtpx:cad></gpxtpx:TrackPointExtension></extensions></trkpt><trkpt lat="15.0665676780" lon="73.9559890050"><ele>2.06</ele><time>2025-11-16T03:01:32Z</time><extensions><gpxtpx:TrackPointExtension><gpxtpx:cad>0</gpxtpx:cad></gpxtpx:TrackPointExtension></extensions></trkpt><trkpt lat="15.0667277724" lon="73.9559640270"><ele>1.58</ele><time>2025-11-16T03:01:37Z</time><extensions><gpxtpx:TrackPointExtension><gpxtpx:cad>0</gpxtpx:cad></gpxtpx:TrackPointExtension></extensions></trkpt><trkpt lat="15.0668819156" lon="73.9559082035"><ele>1.10</ele><time>2025-11-16T03:01:42Z</time><extensions><gpxtpx:TrackPointExtension><gpxtpx:cad>0</gpxtpx:cad></gpxtpx:TrackPointExtension></extensions></trkpt><trkpt lat="15.0670030341" lon="73.9558051061"><ele>1.10</ele><time>2025-11-16T03:01:47Z</time><extensions><gpxtpx:TrackPointExtension><gpxtpx:cad>0</gpxtpx:cad></gpxtpx:TrackPointExtension></extensions></trkpt><trkpt lat="15.0670848414" lon="73.9556581713"><ele>0.62</ele><time>2025-11-16T03:01:52Z</time><extensions><gpxtpx:TrackPointExtension><gpxtpx:cad>0</gpxtpx:cad></gpxtpx:TrackPointExtension></extensions></trkpt><trkpt lat="15.0671398267" lon="73.9555108175"><ele>0.62</ele><time>2025-11-16T03:01:57Z</time><extensions><gpxtpx:TrackPointExtension><gpxtpx:cad>0</gpxtpx:cad></gpxtpx:TrackPointExtension></extensions></trkpt><trkpt lat="15.0671562552" lon="73.9553555008"><ele>0.62</ele><time>2025-11-16T03:02:02Z</time><extensions><gpxtpx:TrackPointExtension><gpxtpx:cad>0</gpxtpx:cad></gpxtpx:TrackPointExtension></extensions></trkpt><trkpt lat="15.0671417546" lon="73.9551801514"><ele>1.10</ele><time>2025-11-16T03:02:07Z</time><extensions><gpxtpx:TrackPointExtension><gpxtpx:cad>0</gpxtpx:cad></gpxtpx:TrackPointExtension></extensions></trkpt><trkpt lat="15.0671473704" lon="73.9550176263"><ele>2.06</ele><time>2025-11-16T03:02:12Z</time><extensions><gpxtpx:TrackPointExtension><gpxtpx:cad>0</gpxtpx:cad></gpxtpx:TrackPointExtension></extensions></trkpt><trkpt lat="15.0671359710" lon="73.9548540115"><ele>2.06</ele><time>2025-11-16T03:02:17Z</time><extensions><gpxtpx:TrackPointExtension><gpxtpx:cad>0</gpxtpx:cad></gpxtpx:TrackPointExtension></extensions></trkpt><trkpt lat="15.0671108253" lon="73.9546785783"><ele>2.54</ele><time>2025-11-16T03:02:22Z</time><extensions><gpxtpx:TrackPointExtension><gpxtpx:cad>0</gpxtpx:cad></gpxtpx:TrackPointExtension></extensions></trkpt><trkpt lat="15.0670884456" lon="73.9545167238"><ele>3.50</ele><time>2025-11-16T03:02:27Z</time><extensions><gpxtpx:TrackPointExtension><gpxtpx:cad>0</gpxtpx:cad></gpxtpx:TrackPointExtension></extensions></trkpt><trkpt lat="15.0670561753" lon="73.9543573838"><ele>3.02</ele><time>2025-11-16T03:02:32Z</time><extensions><gpxtpx:TrackPointExtension><gpxtpx:cad>0</gpxtpx:cad></gpxtpx:TrackPointExtension></extensions></trkpt><trkpt lat="15.0670092367" lon="73.9541990496"><ele>2.54</ele><time>2025-11-16T03:02:37Z</time><extensions><gpxtpx:TrackPointExtension><gpxtpx:cad>0</gpxtpx:cad></gpxtpx:TrackPointExtension></extensions></trkpt><trkpt lat="15.0669803191" lon="73.9540340938"><ele>2.54</ele><time>2025-11-16T03:02:42Z</time><extensions><gpxtpx:TrackPointExtension><gpxtpx:cad>0</gpxtpx:cad></gpxtpx:TrackPointExtension></extensions></trkpt><trkpt lat="15.0669420138" lon="73.9538714848"><ele>2.54</ele><time>2025-11-16T03:02:47Z</time><extensions><gpxtpx:TrackPointExtension><gpxtpx:cad>0</gpxtpx:cad></gpxtpx:TrackPointExtension></extensions></trkpt><trkpt lat="15.0668918062" lon="73.9537126478"><ele>3.02</ele><time>2025-11-16T03:02:52Z</time><extensions><gpxtpx:TrackPointExtension><gpxtpx:cad>0</gpxtpx:cad></gpxtpx:TrackPointExtension></extensions></trkpt><trkpt lat="15.0668438617" lon="73.9535544813"><ele>3.02</ele><time>2025-11-16T03:02:57Z</time><extensions><gpxtpx:TrackPointExtension><gpxtpx:cad>0</gpxtpx:cad></gpxtpx:TrackPointExtension></extensions></trkpt><trkpt lat="15.0668053050" lon="73.9533885196"><ele>2.54</ele><time>2025-11-16T03:03:02Z</time><extensions><gpxtpx:TrackPointExtension><gpxtpx:cad>0</gpxtpx:cad></gpxtpx:TrackPointExtension></extensions></trkpt><trkpt lat="15.0667613838" lon="73.9532295149"><ele>2.54</ele><time>2025-11-16T03:03:07Z</time><extensions><gpxtpx:TrackPointExtension><gpxtpx:cad>0</gpxtpx:cad></gpxtpx:TrackPointExtension></extensions></trkpt><trkpt lat="15.0667053927" lon="73.9530698396"><ele>3.02</ele><time>2025-11-16T03:03:12Z</time><extensions><gpxtpx:TrackPointExtension><gpxtpx:cad>0</gpxtpx:cad></gpxtpx:TrackPointExtension></extensions></trkpt><trkpt lat="15.0666447915" lon="73.9529158641"><ele>3.02</ele><time>2025-11-16T03:03:17Z</time><extensions><gpxtpx:TrackPointExtension><gpxtpx:cad>0</gpxtpx:cad></gpxtpx:TrackPointExtension></extensions></trkpt><trkpt lat="15.0665870402" lon="73.9527529199"><ele>3.02</ele><time>2025-11-16T03:03:22Z</time><extensions><gpxtpx:TrackPointExtension><gpxtpx:cad>0</gpxtpx:cad></gpxtpx:TrackPointExtension></extensions></trkpt><trkpt lat="15.0665443763" lon="73.9525992796"><ele>3.50</ele><time>2025-11-16T03:03:27Z</time><extensions><gpxtpx:TrackPointExtension><gpxtpx:cad>0</gpxtpx:cad></gpxtpx:TrackPointExtension></extensions></trkpt><trkpt lat="15.0665007904" lon="73.9524439629"><ele>3.50</ele><time>2025-11-16T03:03:32Z</time><extensions><gpxtpx:TrackPointExtension><gpxtpx:cad>0</gpxtpx:cad></gpxtpx:TrackPointExtension></extensions></trkpt><trkpt lat="15.0664318074" lon="73.9522879757"><ele>3.50</ele><time>2025-11-16T03:03:37Z</time><extensions><gpxtpx:TrackPointExtension><gpxtpx:cad>0</gpxtpx:cad></gpxtpx:TrackPointExtension></extensions></trkpt><trkpt lat="15.0663763192" lon="73.9521358442"><ele>3.50</ele><time>2025-11-16T03:03:42Z</time><extensions><gpxtpx:TrackPointExtension><gpxtpx:cad>0</gpxtpx:cad></gpxtpx:TrackPointExtension></extensions></trkpt><trkpt lat="15.0663187355" lon="73.9519729838"><ele>3.50</ele><time>2025-11-16T03:03:47Z</time><extensions><gpxtpx:TrackPointExtension><gpxtpx:cad>0</gpxtpx:cad></gpxtpx:TrackPointExtension></extensions></trkpt><trkpt lat="15.0662680250" lon="73.9518114645"><ele>3.50</ele><time>2025-11-16T03:03:52Z</time><extensions><gpxtpx:TrackPointExtension><gpxtpx:cad>0</gpxtpx:cad></gpxtpx:TrackPointExtension></extensions></trkpt><trkpt lat="15.0662087649" lon="73.9516623504"><ele>3.50</ele><time>2025-11-16T03:03:57Z</time><extensions><gpxtpx:TrackPointExtension><gpxtpx:cad>0</gpxtpx:cad></gpxtpx:TrackPointExtension></extensions></trkpt><trkpt lat="15.0661496725" lon="73.9515003283"><ele>3.50</ele><time>2025-11-16T03:04:02Z</time><extensions><gpxtpx:TrackPointExtension><gpxtpx:cad>0</gpxtpx:cad></gpxtpx:TrackPointExtension></extensions></trkpt><trkpt lat="15.0661057513" lon="73.9513421617"><ele>3.50</ele><time>2025-11-16T03:04:07Z</time><extensions><gpxtpx:TrackPointExtension><gpxtpx:cad>0</gpxtpx:cad></gpxtpx:TrackPointExtension></extensions></trkpt><trkpt lat="15.0660609081" lon="73.9511802234"><ele>3.50</ele><time>2025-11-16T03:04:12Z</time><extensions><gpxtpx:TrackPointExtension><gpxtpx:cad>0</gpxtpx:cad></gpxtpx:TrackPointExtension></extensions></trkpt><trkpt lat="15.0660075154" lon="73.9510289300"><ele>3.02</ele><time>2025-11-16T03:04:17Z</time><extensions><gpxtpx:TrackPointExtension><gpxtpx:cad>0</gpxtpx:cad></gpxtpx:TrackPointExtension></extensions></trkpt><trkpt lat="15.0659552123" lon="73.9508747030"><ele>3.02</ele><time>2025-11-16T03:04:22Z</time><extensions><gpxtpx:TrackPointExtension><gpxtpx:cad>0</gpxtpx:cad></gpxtpx:TrackPointExtension></extensions></trkpt><trkpt lat="15.0659193378" lon="73.9507127646"><ele>3.02</ele><time>2025-11-16T03:04:27Z</time><extensions><gpxtpx:TrackPointExtension><gpxtpx:cad>0</gpxtpx:cad></gpxtpx:TrackPointExtension></extensions></trkpt><trkpt lat="15.0659072679" lon="73.9505502395"><ele>3.50</ele><time>2025-11-16T03:04:32Z</time><extensions><gpxtpx:TrackPointExtension><gpxtpx:cad>0</gpxtpx:cad></gpxtpx:TrackPointExtension></extensions></trkpt><trkpt lat="15.0658713095" lon="73.9503875468"><ele>2.54</ele><time>2025-11-16T03:04:37Z</time><extensions><gpxtpx:TrackPointExtension><gpxtpx:cad>0</gpxtpx:cad></gpxtpx:TrackPointExtension></extensions></trkpt><trkpt lat="15.0658471696" lon="73.9502164721"><ele>3.02</ele><time>2025-11-16T03:04:42Z</time><extensions><gpxtpx:TrackPointExtension><gpxtpx:cad>0</gpxtpx:cad></gpxtpx:TrackPointExtension></extensions></trkpt><trkpt lat="15.0658436492" lon="73.9500640053"><ele>3.02</ele><time>2025-11-16T03:04:47Z</time><extensions><gpxtpx:TrackPointExtension><gpxtpx:cad>0</gpxtpx:cad></gpxtpx:TrackPointExtension></extensions></trkpt><trkpt lat="15.0658214372" lon="73.9498914219"><ele>3.02</ele><time>2025-11-16T03:04:52Z</time><extensions><gpxtpx:TrackPointExtension><gpxtpx:cad>0</gpxtpx:cad></gpxtpx:TrackPointExtension></extensions></trkpt><trkpt lat="15.0658075232" lon="73.9497300703"><ele>3.02</ele><time>2025-11-16T03:04:57Z</time><extensions><gpxtpx:TrackPointExtension><gpxtpx:cad>0</gpxtpx:cad></gpxtpx:TrackPointExtension></extensions></trkpt><trkpt lat="15.0657836348" lon="73.9495655335"><ele>2.54</ele><time>2025-11-16T03:05:02Z</time><extensions><gpxtpx:TrackPointExtension><gpxtpx:cad>0</gpxtpx:cad></gpxtpx:TrackPointExtension></extensions></trkpt><trkpt lat="15.0657523703" lon="73.9493960515"><ele>2.54</ele><time>2025-11-16T03:05:07Z</time><extensions><gpxtpx:TrackPointExtension><gpxtpx:cad>0</gpxtpx:cad></gpxtpx:TrackPointExtension></extensions></trkpt><trkpt lat="15.0657346845" lon="73.9492281619"><ele>2.54</ele><time>2025-11-16T03:05:12Z</time><extensions><gpxtpx:TrackPointExtension><gpxtpx:cad>0</gpxtpx:cad></gpxtpx:TrackPointExtension></extensions></trkpt><trkpt lat="15.0657286495" lon="73.9490656368"><ele>1.58</ele><time>2025-11-16T03:05:17Z</time><extensions><gpxtpx:TrackPointExtension><gpxtpx:cad>0</gpxtpx:cad></gpxtpx:TrackPointExtension></extensions></trkpt><trkpt lat="15.0657246262" lon="73.9488955680"><ele>1.58</ele><time>2025-11-16T03:05:22Z</time><extensions><gpxtpx:TrackPointExtension><gpxtpx:cad>0</gpxtpx:cad></gpxtpx:TrackPointExtension></extensions></trkpt><trkpt lat="15.0657233689" lon="73.9487321209"><ele>1.58</ele><time>2025-11-16T03:05:27Z</time><extensions><gpxtpx:TrackPointExtension><gpxtpx:cad>0</gpxtpx:cad></gpxtpx:TrackPointExtension></extensions></trkpt><trkpt lat="15.0657035876" lon="73.9485689253"><ele>1.58</ele><time>2025-11-16T03:05:32Z</time><extensions><gpxtpx:TrackPointExtension><gpxtpx:cad>0</gpxtpx:cad></gpxtpx:TrackPointExtension></extensions></trkpt><trkpt lat="15.0656514522" lon="73.9484095015"><ele>1.58</ele><time>2025-11-16T03:05:37Z</time><extensions><gpxtpx:TrackPointExtension><gpxtpx:cad>0</gpxtpx:cad></gpxtpx:TrackPointExtension></extensions></trkpt><trkpt lat="15.0655766018" lon="73.9482664224"><ele>2.06</ele><time>2025-11-16T03:05:42Z</time><extensions><gpxtpx:TrackPointExtension><gpxtpx:cad>0</gpxtpx:cad></gpxtpx:TrackPointExtension></extensions></trkpt><trkpt lat="15.0655058585" lon="73.9481239300"><ele>1.58</ele><time>2025-11-16T03:05:47Z</time><extensions><gpxtpx:TrackPointExtension><gpxtpx:cad>0</gpxtpx:cad></gpxtpx:TrackPointExtension></extensions></trkpt><trkpt lat="15.0654504541" lon="73.9479605667"><ele>1.58</ele><time>2025-11-16T03:05:52Z</time><extensions><gpxtpx:TrackPointExtension><gpxtpx:cad>0</gpxtpx:cad></gpxtpx:TrackPointExtension></extensions></trkpt><trkpt lat="15.0654261466" lon="73.9478023164"><ele>2.06</ele><time>2025-11-16T03:05:57Z</time><extensions><gpxtpx:TrackPointExtension><gpxtpx:cad>0</gpxtpx:cad></gpxtpx:TrackPointExtension></extensions></trkpt><trkpt lat="15.0653913617" lon="73.9476358518"><ele>2.54</ele><time>2025-11-16T03:06:02Z</time><extensions><gpxtpx:TrackPointExtension><gpxtpx:cad>0</gpxtpx:cad></gpxtpx:TrackPointExtension></extensions></trkpt><trkpt lat="15.0653485302" lon="73.9474681299"><ele>2.54</ele><time>2025-11-16T03:06:07Z</time><extensions><gpxtpx:TrackPointExtension><gpxtpx:cad>0</gpxtpx:cad></gpxtpx:TrackPointExtension></extensions></trkpt><trkpt lat="15.0653217919" lon="73.9473092090"><ele>3.02</ele><time>2025-11-16T03:06:12Z</time><extensions><gpxtpx:TrackPointExtension><gpxtpx:cad>0</gpxtpx:cad></gpxtpx:TrackPointExtension></extensions></trkpt><trkpt lat="15.0652865879" lon="73.9471402299"><ele>3.02</ele><time>2025-11-16T03:06:17Z</time><extensions><gpxtpx:TrackPointExtension><gpxtpx:cad>0</gpxtpx:cad></gpxtpx:TrackPointExtension></extensions></trkpt><trkpt lat="15.0652593467" lon="73.9469684847"><ele>3.02</ele><time>2025-11-16T03:06:22Z</time><extensions><gpxtpx:TrackPointExtension><gpxtpx:cad>0</gpxtpx:cad></gpxtpx:TrackPointExtension></extensions></trkpt><trkpt lat="15.0652536470" lon="73.9467861783"><ele>2.54</ele><time>2025-11-16T03:06:27Z</time><extensions><gpxtpx:TrackPointExtension><gpxtpx:cad>0</gpxtpx:cad></gpxtpx:TrackPointExtension></extensions></trkpt><trkpt lat="15.0652320217" lon="73.9466126729"><ele>2.54</ele><time>2025-11-16T03:06:32Z</time><extensions><gpxtpx:TrackPointExtension><gpxtpx:cad>0</gpxtpx:cad></gpxtpx:TrackPointExtension></extensions></trkpt><trkpt lat="15.0652133301" lon="73.9464390837"><ele>2.06</ele><time>2025-11-16T03:06:37Z</time><extensions><gpxtpx:TrackPointExtension><gpxtpx:cad>0</gpxtpx:cad></gpxtpx:TrackPointExtension></extensions></trkpt><trkpt lat="15.0652004220" lon="73.9462724514"><ele>2.06</ele><time>2025-11-16T03:06:42Z</time><extensions><gpxtpx:TrackPointExtension><gpxtpx:cad>0</gpxtpx:cad></gpxtpx:TrackPointExtension></extensions></trkpt><trkpt lat="15.0651775394" lon="73.9461011253"><ele>2.54</ele><time>2025-11-16T03:06:47Z</time><extensions><gpxtpx:TrackPointExtension><gpxtpx:cad>0</gpxtpx:cad></gpxtpx:TrackPointExtension></extensions></trkpt><trkpt lat="15.0651476160" lon="73.9459215850"><ele>2.54</ele><time>2025-11-16T03:06:52Z</time><extensions><gpxtpx:TrackPointExtension><gpxtpx:cad>0</gpxtpx:cad></gpxtpx:TrackPointExtension></extensions></trkpt><trkpt lat="15.0651325285" lon="73.9457503427"><ele>2.54</ele><time>2025-11-16T03:06:57Z</time><extensions><gpxtpx:TrackPointExtension><gpxtpx:cad>0</gpxtpx:cad></gpxtpx:TrackPointExtension></extensions></trkpt><trkpt lat="15.0651135016" lon="73.9455807768"><ele>2.06</ele><time>2025-11-16T03:07:02Z</time><extensions><gpxtpx:TrackPointExtension><gpxtpx:cad>0</gpxtpx:cad></gpxtpx:TrackPointExtension></extensions></trkpt><trkpt lat="15.0650935527" lon="73.9454084449"><ele>2.54</ele><time>2025-11-16T03:07:07Z</time><extensions><gpxtpx:TrackPointExtension><gpxtpx:cad>0</gpxtpx:cad></gpxtpx:TrackPointExtension></extensions></trkpt><trkpt lat="15.0650836620" lon="73.9452390466"><ele>2.54</ele><time>2025-11-16T03:07:12Z</time><extensions><gpxtpx:TrackPointExtension><gpxtpx:cad>0</gpxtpx:cad></gpxtpx:TrackPointExtension></extensions></trkpt><trkpt lat="15.0650776271" lon="73.9450573269"><ele>2.54</ele><time>2025-11-16T03:07:17Z</time><extensions><gpxtpx:TrackPointExtension><gpxtpx:cad>0</gpxtpx:cad></gpxtpx:TrackPointExtension></extensions></trkpt><trkpt lat="15.0650736876" lon="73.9448841568"><ele>2.06</ele><time>2025-11-16T03:07:22Z</time><extensions><gpxtpx:TrackPointExtension><gpxtpx:cad>0</gpxtpx:cad></gpxtpx:TrackPointExtension></extensions></trkpt><trkpt lat="15.0650761183" lon="73.9447150938"><ele>2.06</ele><time>2025-11-16T03:07:27Z</time><extensions><gpxtpx:TrackPointExtension><gpxtpx:cad>0</gpxtpx:cad></gpxtpx:TrackPointExtension></extensions></trkpt><trkpt lat="15.0650795549" lon="73.9445411693"><ele>2.06</ele><time>2025-11-16T03:07:32Z</time><extensions><gpxtpx:TrackPointExtension><gpxtpx:cad>0</gpxtpx:cad></gpxtpx:TrackPointExtension></extensions></trkpt><trkpt lat="15.0650901161" lon="73.9443703461"><ele>2.06</ele><time>2025-11-16T03:07:37Z</time><extensions><gpxtpx:TrackPointExtension><gpxtpx:cad>0</gpxtpx:cad></gpxtpx:TrackPointExtension></extensions></trkpt><trkpt lat="15.0650900323" lon="73.9441970084"><ele>2.06</ele><time>2025-11-16T03:07:42Z</time><extensions><gpxtpx:TrackPointExtension><gpxtpx:cad>0</gpxtpx:cad></gpxtpx:TrackPointExtension></extensions></trkpt><trkpt lat="15.0650931336" lon="73.9440260176"><ele>2.06</ele><time>2025-11-16T03:07:47Z</time><extensions><gpxtpx:TrackPointExtension><gpxtpx:cad>0</gpxtpx:cad></gpxtpx:TrackPointExtension></extensions></trkpt><trkpt lat="15.0650904514" lon="73.9438461419"><ele>1.58</ele><time>2025-11-16T03:07:52Z</time><extensions><gpxtpx:TrackPointExtension><gpxtpx:cad>0</gpxtpx:cad></gpxtpx:TrackPointExtension></extensions></trkpt><trkpt lat="15.0650926307" lon="73.9436752349"><ele>1.58</ele><time>2025-11-16T03:07:57Z</time><extensions><gpxtpx:TrackPointExtension><gpxtpx:cad>0</gpxtpx:cad></gpxtpx:TrackPointExtension></extensions></trkpt><trkpt lat="15.0650846679" lon="73.9434995502"><ele>1.58</ele><time>2025-11-16T03:08:02Z</time><extensions><gpxtpx:TrackPointExtension><gpxtpx:cad>0</gpxtpx:cad></gpxtpx:TrackPointExtension></extensions></trkpt><trkpt lat="15.0650801416" lon="73.9433279727"><ele>1.10</ele><time>2025-11-16T03:08:07Z</time><extensions><gpxtpx:TrackPointExtension><gpxtpx:cad>0</gpxtpx:cad></gpxtpx:TrackPointExtension></extensions></trkpt><trkpt lat="15.0650586840" lon="73.9431594964"><ele>1.10</ele><time>2025-11-16T03:08:12Z</time><extensions><gpxtpx:TrackPointExtension><gpxtpx:cad>0</gpxtpx:cad></gpxtpx:TrackPointExtension></extensions></trkpt><trkpt lat="15.0650376454" lon="73.9429854881"><ele>1.10</ele><time>2025-11-16T03:08:17Z</time><extensions><gpxtpx:TrackPointExtension><gpxtpx:cad>0</gpxtpx:cad></gpxtpx:TrackPointExtension></extensions></trkpt><trkpt lat="15.0650162715" lon="73.9428032655"><ele>1.58</ele><time>2025-11-16T03:08:22Z</time><extensions><gpxtpx:TrackPointExtension><gpxtpx:cad>0</gpxtpx:cad></gpxtpx:TrackPointExtension></extensions></trkpt><trkpt lat="15.0650027767" lon="73.9426331967"><ele>2.06</ele><time>2025-11-16T03:08:27Z</time><extensions><gpxtpx:TrackPointExtension><gpxtpx:cad>0</gpxtpx:cad></gpxtpx:TrackPointExtension></extensions></trkpt><trkpt lat="15.0649777986" lon="73.9424617030"><ele>2.06</ele><time>2025-11-16T03:08:32Z</time><extensions><gpxtpx:TrackPointExtension><gpxtpx:cad>0</gpxtpx:cad></gpxtpx:TrackPointExtension></extensions></trkpt><trkpt lat="15.0649455283" lon="73.9422946516"><ele>2.54</ele><time>2025-11-16T03:08:37Z</time><extensions><gpxtpx:TrackPointExtension><gpxtpx:cad>0</gpxtpx:cad></gpxtpx:TrackPointExtension></extensions></trkpt><trkpt lat="15.0649311114" lon="73.9421199728"><ele>3.02</ele><time>2025-11-16T03:08:42Z</time><extensions><gpxtpx:TrackPointExtension><gpxtpx:cad>0</gpxtpx:cad></gpxtpx:TrackPointExtension></extensions></trkpt><trkpt lat="15.0649178680" lon="73.9419423603"><ele>3.02</ele><time>2025-11-16T03:08:47Z</time><extensions><gpxtpx:TrackPointExtension><gpxtpx:cad>0</gpxtpx:cad></gpxtpx:TrackPointExtension></extensions></trkpt><trkpt lat="15.0649059657" lon="73.9417670108"><ele>3.50</ele><time>2025-11-16T03:08:52Z</time><extensions><gpxtpx:TrackPointExtension><gpxtpx:cad>0</gpxtpx:cad></gpxtpx:TrackPointExtension></extensions></trkpt><trkpt lat="15.0649006851" lon="73.9415981993"><ele>3.50</ele><time>2025-11-16T03:08:57Z</time><extensions><gpxtpx:TrackPointExtension><gpxtpx:cad>0</gpxtpx:cad></gpxtpx:TrackPointExtension></extensions></trkpt><trkpt lat="15.0649053790" lon="73.9414260350"><ele>3.50</ele><time>2025-11-16T03:09:02Z</time><extensions><gpxtpx:TrackPointExtension><gpxtpx:cad>0</gpxtpx:cad></gpxtpx:TrackPointExtension></extensions></trkpt><trkpt lat="15.0649047922" lon="73.9412500151"><ele>3.50</ele><time>2025-11-16T03:09:07Z</time><extensions><gpxtpx:TrackPointExtension><gpxtpx:cad>0</gpxtpx:cad></gpxtpx:TrackPointExtension></extensions></trkpt><trkpt lat="15.0648937281" lon="73.9410769287"><ele>3.50</ele><time>2025-11-16T03:09:12Z</time><extensions><gpxtpx:TrackPointExtension><gpxtpx:cad>0</gpxtpx:cad></gpxtpx:TrackPointExtension></extensions></trkpt><trkpt lat="15.0648818258" lon="73.9409070276"><ele>3.02</ele><time>2025-11-16T03:09:17Z</time><extensions><gpxtpx:TrackPointExtension><gpxtpx:cad>0</gpxtpx:cad></gpxtpx:TrackPointExtension></extensions></trkpt><trkpt lat="15.0648815744" lon="73.9407341089"><ele>3.02</ele><time>2025-11-16T03:09:22Z</time><extensions><gpxtpx:TrackPointExtension><gpxtpx:cad>0</gpxtpx:cad></gpxtpx:TrackPointExtension></extensions></trkpt><trkpt lat="15.0648767967" lon="73.9405626990"><ele>2.54</ele><time>2025-11-16T03:09:27Z</time><extensions><gpxtpx:TrackPointExtension><gpxtpx:cad>0</gpxtpx:cad></gpxtpx:TrackPointExtension></extensions></trkpt><trkpt lat="15.0648656487" lon="73.9403938875"><ele>3.02</ele><time>2025-11-16T03:09:32Z</time><extensions><gpxtpx:TrackPointExtension><gpxtpx:cad>0</gpxtpx:cad></gpxtpx:TrackPointExtension></extensions></trkpt><trkpt lat="15.0648584403" lon="73.9402233995"><ele>3.02</ele><time>2025-11-16T03:09:37Z</time><extensions><gpxtpx:TrackPointExtension><gpxtpx:cad>0</gpxtpx:cad></gpxtpx:TrackPointExtension></extensions></trkpt><trkpt lat="15.0648441911" lon="73.9400488045"><ele>2.54</ele><time>2025-11-16T03:09:42Z</time><extensions><gpxtpx:TrackPointExtension><gpxtpx:cad>0</gpxtpx:cad></gpxtpx:TrackPointExtension></extensions></trkpt><trkpt lat="15.0648307800" lon="73.9398761373"><ele>2.54</ele><time>2025-11-16T03:09:47Z</time><extensions><gpxtpx:TrackPointExtension><gpxtpx:cad>0</gpxtpx:cad></gpxtpx:TrackPointExtension></extensions></trkpt><trkpt lat="15.0648213085" lon="73.9397013746"><ele>2.06</ele><time>2025-11-16T03:09:52Z</time><extensions><gpxtpx:TrackPointExtension><gpxtpx:cad>0</gpxtpx:cad></gpxtpx:TrackPointExtension></extensions></trkpt><trkpt lat="15.0648213085" lon="73.9395286236"><ele>2.06</ele><time>2025-11-16T03:09:57Z</time><extensions><gpxtpx:TrackPointExtension><gpxtpx:cad>0</gpxtpx:cad></gpxtpx:TrackPointExtension></extensions></trkpt><trkpt lat="15.0648167823" lon="73.9393628296"><ele>2.54</ele><time>2025-11-16T03:10:02Z</time><extensions><gpxtpx:TrackPointExtension><gpxtpx:cad>0</gpxtpx:cad></gpxtpx:TrackPointExtension></extensions></trkpt><trkpt lat="15.0647950731" lon="73.9391904138"><ele>2.54</ele><time>2025-11-16T03:10:07Z</time><extensions><gpxtpx:TrackPointExtension><gpxtpx:cad>0</gpxtpx:cad></gpxtpx:TrackPointExtension></extensions></trkpt><trkpt lat="15.0647701789" lon="73.9390210155"><ele>3.02</ele><time>2025-11-16T03:10:12Z</time><extensions><gpxtpx:TrackPointExtension><gpxtpx:cad>0</gpxtpx:cad></gpxtpx:TrackPointExtension></extensions></trkpt><trkpt lat="15.0647537503" lon="73.9388517011"><ele>3.02</ele><time>2025-11-16T03:10:17Z</time><extensions><gpxtpx:TrackPointExtension><gpxtpx:cad>0</gpxtpx:cad></gpxtpx:TrackPointExtension></extensions></trkpt><trkpt lat="15.0647385791" lon="73.9386793692"><ele>2.54</ele><time>2025-11-16T03:10:22Z</time><extensions><gpxtpx:TrackPointExtension><gpxtpx:cad>0</gpxtpx:cad></gpxtpx:TrackPointExtension></extensions></trkpt><trkpt lat="15.0647253357" lon="73.9385154191"><ele>3.02</ele><time>2025-11-16T03:10:27Z</time><extensions><gpxtpx:TrackPointExtension><gpxtpx:cad>0</gpxtpx:cad></gpxtpx:TrackPointExtension></extensions></trkpt><trkpt lat="15.0647113379" lon="73.9383414946"><ele>2.54</ele><time>2025-11-16T03:10:32Z</time><extensions><gpxtpx:TrackPointExtension><gpxtpx:cad>0</gpxtpx:cad></gpxtpx:TrackPointExtension></extensions></trkpt><trkpt lat="15.0646925624" lon="73.9381653070"><ele>3.02</ele><time>2025-11-16T03:10:37Z</time><extensions><gpxtpx:TrackPointExtension><gpxtpx:cad>0</gpxtpx:cad></gpxtpx:TrackPointExtension></extensions></trkpt><trkpt lat="15.0646680035" lon="73.9379949030"><ele>2.54</ele><time>2025-11-16T03:10:42Z</time><extensions><gpxtpx:TrackPointExtension><gpxtpx:cad>0</gpxtpx:cad></gpxtpx:TrackPointExtension></extensions></trkpt><trkpt lat="15.0646514911" lon="73.9378258400"><ele>1.58</ele><time>2025-11-16T03:10:47Z</time><extensions><gpxtpx:TrackPointExtension><gpxtpx:cad>0</gpxtpx:cad></gpxtpx:TrackPointExtension></extensions></trkpt><trkpt lat="15.0646336377" lon="73.9376556873"><ele>2.06</ele><time>2025-11-16T03:10:52Z</time><extensions><gpxtpx:TrackPointExtension><gpxtpx:cad>0</gpxtpx:cad></gpxtpx:TrackPointExtension></extensions></trkpt><trkpt lat="15.0646158680" lon="73.9374850318"><ele>2.06</ele><time>2025-11-16T03:10:57Z</time><extensions><gpxtpx:TrackPointExtension><gpxtpx:cad>0</gpxtpx:cad></gpxtpx:TrackPointExtension></extensions></trkpt><trkpt lat="15.0646094978" lon="73.9373120293"><ele>2.06</ele><time>2025-11-16T03:11:02Z</time><extensions><gpxtpx:TrackPointExtension><gpxtpx:cad>0</gpxtpx:cad></gpxtpx:TrackPointExtension></extensions></trkpt><trkpt lat="15.0645900518" lon="73.9371378534"><ele>2.06</ele><time>2025-11-16T03:11:07Z</time><extensions><gpxtpx:TrackPointExtension><gpxtpx:cad>0</gpxtpx:cad></gpxtpx:TrackPointExtension></extensions></trkpt><trkpt lat="15.0645547640" lon="73.9369672816"><ele>2.06</ele><time>2025-11-16T03:11:12Z</time><extensions><gpxtpx:TrackPointExtension><gpxtpx:cad>0</gpxtpx:cad></gpxtpx:TrackPointExtension></extensions></trkpt><trkpt lat="15.0645256788" lon="73.9367982186"><ele>2.06</ele><time>2025-11-16T03:11:17Z</time><extensions><gpxtpx:TrackPointExtension><gpxtpx:cad>0</gpxtpx:cad></gpxtpx:TrackPointExtension></extensions></trkpt><trkpt lat="15.0644986052" lon="73.9366276469"><ele>1.10</ele><time>2025-11-16T03:11:22Z</time><extensions><gpxtpx:TrackPointExtension><gpxtpx:cad>0</gpxtpx:cad></gpxtpx:TrackPointExtension></extensions></trkpt><trkpt lat="15.0644749682" lon="73.9364583325"><ele>1.10</ele><time>2025-11-16T03:11:27Z</time><extensions><gpxtpx:TrackPointExtension><gpxtpx:cad>0</gpxtpx:cad></gpxtpx:TrackPointExtension></extensions></trkpt><trkpt lat="15.0644431170" lon="73.9362882636"><ele>1.58</ele><time>2025-11-16T03:11:32Z</time><extensions><gpxtpx:TrackPointExtension><gpxtpx:cad>0</gpxtpx:cad></gpxtpx:TrackPointExtension></extensions></trkpt><trkpt lat="15.0644201506" lon="73.9361124951"><ele>2.06</ele><time>2025-11-16T03:11:37Z</time><extensions><gpxtpx:TrackPointExtension><gpxtpx:cad>0</gpxtpx:cad></gpxtpx:TrackPointExtension></extensions></trkpt><trkpt lat="15.0644126069" lon="73.9359435160"><ele>2.06</ele><time>2025-11-16T03:11:42Z</time><extensions><gpxtpx:TrackPointExtension><gpxtpx:cad>0</gpxtpx:cad></gpxtpx:TrackPointExtension></extensions></trkpt><trkpt lat="15.0643996987" lon="73.9357633051"><ele>2.06</ele><time>2025-11-16T03:11:47Z</time><extensions><gpxtpx:TrackPointExtension><gpxtpx:cad>0</gpxtpx:cad></gpxtpx:TrackPointExtension></extensions></trkpt><trkpt lat="15.0643925741" lon="73.9355961699"><ele>2.06</ele><time>2025-11-16T03:11:52Z</time><extensions><gpxtpx:TrackPointExtension><gpxtpx:cad>0</gpxtpx:cad></gpxtpx:TrackPointExtension></extensions></trkpt><trkpt lat="15.0643961783" lon="73.9354281966"><ele>1.10</ele><time>2025-11-16T03:11:57Z</time><extensions><gpxtpx:TrackPointExtension><gpxtpx:cad>0</gpxtpx:cad></gpxtpx:TrackPointExtension></extensions></trkpt><trkpt lat="15.0643955078" lon="73.9352515899"><ele>1.10</ele><time>2025-11-16T03:12:02Z</time><extensions><gpxtpx:TrackPointExtension><gpxtpx:cad>0</gpxtpx:cad></gpxtpx:TrackPointExtension></extensions></trkpt><trkpt lat="15.0643887185" lon="73.9350754861"><ele>1.10</ele><time>2025-11-16T03:12:07Z</time><extensions><gpxtpx:TrackPointExtension><gpxtpx:cad>0</gpxtpx:cad></gpxtpx:TrackPointExtension></extensions></trkpt><trkpt lat="15.0643957593" lon="73.9349084347"><ele>0.62</ele><time>2025-11-16T03:12:12Z</time><extensions><gpxtpx:TrackPointExtension><gpxtpx:cad>0</gpxtpx:cad></gpxtpx:TrackPointExtension></extensions></trkpt><trkpt lat="15.0644024648" lon="73.9347373601"><ele>-0.34</ele><time>2025-11-16T03:12:17Z</time><extensions><gpxtpx:TrackPointExtension><gpxtpx:cad>0</gpxtpx:cad></gpxtpx:TrackPointExtension></extensions></trkpt><trkpt lat="15.0644152891" lon="73.9345575683"><ele>-0.82</ele><time>2025-11-16T03:12:22Z</time><extensions><gpxtpx:TrackPointExtension><gpxtpx:cad>0</gpxtpx:cad></gpxtpx:TrackPointExtension></extensions></trkpt><trkpt lat="15.0644414406" lon="73.9343829732"><ele>-0.82</ele><time>2025-11-16T03:12:27Z</time><extensions><gpxtpx:TrackPointExtension><gpxtpx:cad>0</gpxtpx:cad></gpxtpx:TrackPointExtension></extensions></trkpt><trkpt lat="15.0644495711" lon="73.9342116471"><ele>-0.82</ele><time>2025-11-16T03:12:32Z</time><extensions><gpxtpx:TrackPointExtension><gpxtpx:cad>0</gpxtpx:cad></gpxtpx:TrackPointExtension></extensions></trkpt><trkpt lat="15.0644952524" lon="73.9340521395"><ele>-0.34</ele><time>2025-11-16T03:12:37Z</time><extensions><gpxtpx:TrackPointExtension><gpxtpx:cad>0</gpxtpx:cad></gpxtpx:TrackPointExtension></extensions></trkpt><trkpt lat="15.0646095816" lon="73.9339333680"><ele>0.14</ele><time>2025-11-16T03:12:42Z</time><extensions><gpxtpx:TrackPointExtension><gpxtpx:cad>0</gpxtpx:cad></gpxtpx:TrackPointExtension></extensions></trkpt><trkpt lat="15.0647511519" lon="73.9338642173"><ele>0.62</ele><time>2025-11-16T03:12:47Z</time><extensions><gpxtpx:TrackPointExtension><gpxtpx:cad>0</gpxtpx:cad></gpxtpx:TrackPointExtension></extensions></trkpt><trkpt lat="15.0649025291" lon="73.9338112436"><ele>0.62</ele><time>2025-11-16T03:12:52Z</time><extensions><gpxtpx:TrackPointExtension><gpxtpx:cad>0</gpxtpx:cad></gpxtpx:TrackPointExtension></extensions></trkpt><trkpt lat="15.0650554150" lon="73.9337483793"><ele>0.62</ele><time>2025-11-16T03:12:57Z</time><extensions><gpxtpx:TrackPointExtension><gpxtpx:cad>0</gpxtpx:cad></gpxtpx:TrackPointExtension></extensions></trkpt><trkpt lat="15.0652123243" lon="73.9336823300"><ele>1.10</ele><time>2025-11-16T03:13:02Z</time><extensions><gpxtpx:TrackPointExtension><gpxtpx:cad>0</gpxtpx:cad></gpxtpx:TrackPointExtension></extensions></trkpt><trkpt lat="15.0653695688" lon="73.9336172026"><ele>1.10</ele><time>2025-11-16T03:13:07Z</time><extensions><gpxtpx:TrackPointExtension><gpxtpx:cad>0</gpxtpx:cad></gpxtpx:TrackPointExtension></extensions></trkpt><trkpt lat="15.0655222870" lon="73.9335489739"><ele>1.10</ele><time>2025-11-16T03:13:12Z</time><extensions><gpxtpx:TrackPointExtension><gpxtpx:cad>0</gpxtpx:cad></gpxtpx:TrackPointExtension></extensions></trkpt><trkpt lat="15.0656724069" lon="73.9334798232"><ele>1.10</ele><time>2025-11-16T03:13:17Z</time><extensions><gpxtpx:TrackPointExtension><gpxtpx:cad>0</gpxtpx:cad></gpxtpx:TrackPointExtension></extensions></trkpt><trkpt lat="15.0658288132" lon="73.9334243350"><ele>1.10</ele><time>2025-11-16T03:13:22Z</time><extensions><gpxtpx:TrackPointExtension><gpxtpx:cad>0</gpxtpx:cad></gpxtpx:TrackPointExtension></extensions></trkpt><trkpt lat="15.0659850519" lon="73.9333711937"><ele>1.58</ele><time>2025-11-16T03:13:27Z</time><extensions><gpxtpx:TrackPointExtension><gpxtpx:cad>0</gpxtpx:cad></gpxtpx:TrackPointExtension></extensions></trkpt><trkpt lat="15.0661429670" lon="73.9333145320"><ele>1.58</ele><time>2025-11-16T03:13:32Z</time><extensions><gpxtpx:TrackPointExtension><gpxtpx:cad>0</gpxtpx:cad></gpxtpx:TrackPointExtension></extensions></trkpt><trkpt lat="15.0662957691" lon="73.9332526736"><ele>1.58</ele><time>2025-11-16T03:13:37Z</time><extensions><gpxtpx:TrackPointExtension><gpxtpx:cad>0</gpxtpx:cad></gpxtpx:TrackPointExtension></extensions></trkpt><trkpt lat="15.0664503314" lon="73.9331979398"><ele>1.58</ele><time>2025-11-16T03:13:42Z</time><extensions><gpxtpx:TrackPointExtension><gpxtpx:cad>0</gpxtpx:cad></gpxtpx:TrackPointExtension></extensions></trkpt><trkpt lat="15.0666237529" lon="73.9331414457"><ele>1.58</ele><time>2025-11-16T03:13:47Z</time><extensions><gpxtpx:TrackPointExtension><gpxtpx:cad>0</gpxtpx:cad></gpxtpx:TrackPointExtension></extensions></trkpt><trkpt lat="15.0667877868" lon="73.9330808446"><ele>1.10</ele><time>2025-11-16T03:13:52Z</time><extensions><gpxtpx:TrackPointExtension><gpxtpx:cad>0</gpxtpx:cad></gpxtpx:TrackPointExtension></extensions></trkpt><trkpt lat="15.0669527426" lon="73.9330122806"><ele>1.10</ele><time>2025-11-16T03:13:57Z</time><extensions><gpxtpx:TrackPointExtension><gpxtpx:cad>0</gpxtpx:cad></gpxtpx:TrackPointExtension></extensions></trkpt><trkpt lat="15.0671307743" lon="73.9329542778"><ele>1.58</ele><time>2025-11-16T03:14:02Z</time><extensions><gpxtpx:TrackPointExtension><gpxtpx:cad>0</gpxtpx:cad></gpxtpx:TrackPointExtension></extensions></trkpt><trkpt lat="15.0673046149" lon="73.9328993764"><ele>2.06</ele><time>2025-11-16T03:14:07Z</time><extensions><gpxtpx:TrackPointExtension><gpxtpx:cad>0</gpxtpx:cad></gpxtpx:TrackPointExtension></extensions></trkpt><trkpt lat="15.0674599316" lon="73.9328474086"><ele>1.58</ele><time>2025-11-16T03:14:12Z</time><extensions><gpxtpx:TrackPointExtension><gpxtpx:cad>0</gpxtpx:cad></gpxtpx:TrackPointExtension></extensions></trkpt><trkpt lat="15.0676180981" lon="73.9327843767"><ele>1.58</ele><time>2025-11-16T03:14:17Z</time><extensions><gpxtpx:TrackPointExtension><gpxtpx:cad>0</gpxtpx:cad></gpxtpx:TrackPointExtension></extensions></trkpt><trkpt lat="15.0677740853" lon="73.9327223506"><ele>1.58</ele><time>2025-11-16T03:14:22Z</time><extensions><gpxtpx:TrackPointExtension><gpxtpx:cad>0</gpxtpx:cad></gpxtpx:TrackPointExtension></extensions></trkpt><trkpt lat="15.0679263007" lon="73.9326674491"><ele>1.58</ele><time>2025-11-16T03:14:27Z</time><extensions><gpxtpx:TrackPointExtension><gpxtpx:cad>0</gpxtpx:cad></gpxtpx:TrackPointExtension></extensions></trkpt><trkpt lat="15.0680928491" lon="73.9326107036"><ele>1.58</ele><time>2025-11-16T03:14:32Z</time><extensions><gpxtpx:TrackPointExtension><gpxtpx:cad>0</gpxtpx:cad></gpxtpx:TrackPointExtension></extensions></trkpt><trkpt lat="15.0682496745" lon="73.9325547963"><ele>1.58</ele><time>2025-11-16T03:14:37Z</time><extensions><gpxtpx:TrackPointExtension><gpxtpx:cad>0</gpxtpx:cad></gpxtpx:TrackPointExtension></extensions></trkpt><trkpt lat="15.0684156362" lon="73.9325026609"><ele>1.58</ele><time>2025-11-16T03:14:42Z</time><extensions><gpxtpx:TrackPointExtension><gpxtpx:cad>0</gpxtpx:cad></gpxtpx:TrackPointExtension></extensions></trkpt><trkpt lat="15.0685730483" lon="73.9324434847"><ele>1.10</ele><time>2025-11-16T03:14:47Z</time><extensions><gpxtpx:TrackPointExtension><gpxtpx:cad>0</gpxtpx:cad></gpxtpx:TrackPointExtension></extensions></trkpt><trkpt lat="15.0687173009" lon="73.9323754236"><ele>1.10</ele><time>2025-11-16T03:14:52Z</time><extensions><gpxtpx:TrackPointExtension><gpxtpx:cad>0</gpxtpx:cad></gpxtpx:TrackPointExtension></extensions></trkpt><trkpt lat="15.0688837655" lon="73.9323141519"><ele>1.58</ele><time>2025-11-16T03:14:57Z</time><extensions><gpxtpx:TrackPointExtension><gpxtpx:cad>0</gpxtpx:cad></gpxtpx:TrackPointExtension></extensions></trkpt><trkpt lat="15.0690339692" lon="73.9322595857"><ele>0.62</ele><time>2025-11-16T03:15:02Z</time><extensions><gpxtpx:TrackPointExtension><gpxtpx:cad>0</gpxtpx:cad></gpxtpx:TrackPointExtension></extensions></trkpt><trkpt lat="15.0691777188" lon="73.9321926143"><ele>1.10</ele><time>2025-11-16T03:15:07Z</time><extensions><gpxtpx:TrackPointExtension><gpxtpx:cad>0</gpxtpx:cad></gpxtpx:TrackPointExtension></extensions></trkpt><trkpt lat="15.0693323649" lon="73.9321233798"><ele>1.58</ele><time>2025-11-16T03:15:12Z</time><extensions><gpxtpx:TrackPointExtension><gpxtpx:cad>0</gpxtpx:cad></gpxtpx:TrackPointExtension></extensions></trkpt><trkpt lat="15.0694962312" lon="73.9320281614"><ele>1.10</ele><time>2025-11-16T03:15:17Z</time><extensions><gpxtpx:TrackPointExtension><gpxtpx:cad>0</gpxtpx:cad></gpxtpx:TrackPointExtension></extensions></trkpt><trkpt lat="15.0696445908" lon="73.9319507126"><ele>1.10</ele><time>2025-11-16T03:15:22Z</time><extensions><gpxtpx:TrackPointExtension><gpxtpx:cad>0</gpxtpx:cad></gpxtpx:TrackPointExtension></extensions></trkpt><trkpt lat="15.0697941240" lon="73.9318860881"><ele>1.10</ele><time>2025-11-16T03:15:27Z</time><extensions><gpxtpx:TrackPointExtension><gpxtpx:cad>0</gpxtpx:cad></gpxtpx:TrackPointExtension></extensions></trkpt><trkpt lat="15.0699517876" lon="73.9318062086"><ele>0.62</ele><time>2025-11-16T03:15:32Z</time><extensions><gpxtpx:TrackPointExtension><gpxtpx:cad>0</gpxtpx:cad></gpxtpx:TrackPointExtension></extensions></trkpt><trkpt lat="15.0701079424" lon="73.9317063801"><ele>0.62</ele><time>2025-11-16T03:15:37Z</time><extensions><gpxtpx:TrackPointExtension><gpxtpx:cad>0</gpxtpx:cad></gpxtpx:TrackPointExtension></extensions></trkpt><trkpt lat="15.0702547934" lon="73.9316128381"><ele>0.62</ele><time>2025-11-16T03:15:42Z</time><extensions><gpxtpx:TrackPointExtension><gpxtpx:cad>0</gpxtpx:cad></gpxtpx:TrackPointExtension></extensions></trkpt><trkpt lat="15.0704256166" lon="73.9315337129"><ele>1.10</ele><time>2025-11-16T03:15:47Z</time><extensions><gpxtpx:TrackPointExtension><gpxtpx:cad>0</gpxtpx:cad></gpxtpx:TrackPointExtension></extensions></trkpt><trkpt lat="15.0705822743" lon="73.9314411767"><ele>1.10</ele><time>2025-11-16T03:15:52Z</time><extensions><gpxtpx:TrackPointExtension><gpxtpx:cad>0</gpxtpx:cad></gpxtpx:TrackPointExtension></extensions></trkpt><trkpt lat="15.0707298797" lon="73.9313417673"><ele>1.10</ele><time>2025-11-16T03:15:57Z</time><extensions><gpxtpx:TrackPointExtension><gpxtpx:cad>0</gpxtpx:cad></gpxtpx:TrackPointExtension></extensions></trkpt><trkpt lat="15.0708826818" lon="73.9312553499"><ele>1.10</ele><time>2025-11-16T03:16:02Z</time><extensions><gpxtpx:TrackPointExtension><gpxtpx:cad>0</gpxtpx:cad></gpxtpx:TrackPointExtension></extensions></trkpt><trkpt lat="15.0710328016" lon="73.9311941620"><ele>1.10</ele><time>2025-11-16T03:16:07Z</time><extensions><gpxtpx:TrackPointExtension><gpxtpx:cad>0</gpxtpx:cad></gpxtpx:TrackPointExtension></extensions></trkpt><trkpt lat="15.0711900461" lon="73.9311385900"><ele>0.62</ele><time>2025-11-16T03:16:12Z</time><extensions><gpxtpx:TrackPointExtension><gpxtpx:cad>0</gpxtpx:cad></gpxtpx:TrackPointExtension></extensions></trkpt><trkpt lat="15.0713560916" lon="73.9311011229"><ele>0.62</ele><time>2025-11-16T03:16:17Z</time><extensions><gpxtpx:TrackPointExtension><gpxtpx:cad>0</gpxtpx:cad></gpxtpx:TrackPointExtension></extensions></trkpt><trkpt lat="15.0715115760" lon="73.9310628176"><ele>0.62</ele><time>2025-11-16T03:16:22Z</time><extensions><gpxtpx:TrackPointExtension><gpxtpx:cad>0</gpxtpx:cad></gpxtpx:TrackPointExtension></extensions></trkpt><trkpt lat="15.0716746040" lon="73.9310034737"><ele>0.62</ele><time>2025-11-16T03:16:27Z</time><extensions><gpxtpx:TrackPointExtension><gpxtpx:cad>0</gpxtpx:cad></gpxtpx:TrackPointExtension></extensions></trkpt><trkpt lat="15.0718460977" lon="73.9309441298"><ele>0.62</ele><time>2025-11-16T03:16:32Z</time><extensions><gpxtpx:TrackPointExtension><gpxtpx:cad>0</gpxtpx:cad></gpxtpx:TrackPointExtension></extensions></trkpt><trkpt lat="15.0719898473" lon="73.9308893122"><ele>0.62</ele><time>2025-11-16T03:16:37Z</time><extensions><gpxtpx:TrackPointExtension><gpxtpx:cad>0</gpxtpx:cad></gpxtpx:TrackPointExtension></extensions></trkpt><trkpt lat="15.0721574854" lon="73.9308220055"><ele>0.14</ele><time>2025-11-16T03:16:42Z</time><extensions><gpxtpx:TrackPointExtension><gpxtpx:cad>0</gpxtpx:cad></gpxtpx:TrackPointExtension></extensions></trkpt><trkpt lat="15.0723431446" lon="73.9307720494"><ele>0.62</ele><time>2025-11-16T03:16:47Z</time><extensions><gpxtpx:TrackPointExtension><gpxtpx:cad>0</gpxtpx:cad></gpxtpx:TrackPointExtension></extensions></trkpt><trkpt lat="15.0725263730" lon="73.9307384379"><ele>0.62</ele><time>2025-11-16T03:16:52Z</time><extensions><gpxtpx:TrackPointExtension><gpxtpx:cad>0</gpxtpx:cad></gpxtpx:TrackPointExtension></extensions></trkpt><trkpt lat="15.0727012195" lon="73.9307246078"><ele>1.10</ele><time>2025-11-16T03:16:57Z</time><extensions><gpxtpx:TrackPointExtension><gpxtpx:cad>0</gpxtpx:cad></gpxtpx:TrackPointExtension></extensions></trkpt><trkpt lat="15.0728562009" lon="73.9306852967"><ele>1.58</ele><time>2025-11-16T03:17:02Z</time><extensions><gpxtpx:TrackPointExtension><gpxtpx:cad>0</gpxtpx:cad></gpxtpx:TrackPointExtension></extensions></trkpt><trkpt lat="15.0730103441" lon="73.9306312334"><ele>1.58</ele><time>2025-11-16T03:17:07Z</time><extensions><gpxtpx:TrackPointExtension><gpxtpx:cad>0</gpxtpx:cad></gpxtpx:TrackPointExtension></extensions></trkpt><trkpt lat="15.0731734559" lon="73.9305748232"><ele>2.06</ele><time>2025-11-16T03:17:12Z</time><extensions><gpxtpx:TrackPointExtension><gpxtpx:cad>0</gpxtpx:cad></gpxtpx:TrackPointExtension></extensions></trkpt><trkpt lat="15.0733319577" lon="73.9305205084"><ele>1.58</ele><time>2025-11-16T03:17:17Z</time><extensions><gpxtpx:TrackPointExtension><gpxtpx:cad>0</gpxtpx:cad></gpxtpx:TrackPointExtension></extensions></trkpt><trkpt lat="15.0734946504" lon="73.9304566383"><ele>1.58</ele><time>2025-11-16T03:17:22Z</time><extensions><gpxtpx:TrackPointExtension><gpxtpx:cad>0</gpxtpx:cad></gpxtpx:TrackPointExtension></extensions></trkpt><trkpt lat="15.0736404117" lon="73.9303964563"><ele>1.58</ele><time>2025-11-16T03:17:27Z</time><extensions><gpxtpx:TrackPointExtension><gpxtpx:cad>0</gpxtpx:cad></gpxtpx:TrackPointExtension></extensions></trkpt><trkpt lat="15.0737915374" lon="73.9303481765"><ele>1.58</ele><time>2025-11-16T03:17:32Z</time><extensions><gpxtpx:TrackPointExtension><gpxtpx:cad>0</gpxtpx:cad></gpxtpx:TrackPointExtension></extensions></trkpt><trkpt lat="15.0739502069" lon="73.9302921854"><ele>1.58</ele><time>2025-11-16T03:17:37Z</time><extensions><gpxtpx:TrackPointExtension><gpxtpx:cad>0</gpxtpx:cad></gpxtpx:TrackPointExtension></extensions></trkpt><trkpt lat="15.0741030928" lon="73.9302241243"><ele>1.58</ele><time>2025-11-16T03:17:42Z</time><extensions><gpxtpx:TrackPointExtension><gpxtpx:cad>0</gpxtpx:cad></gpxtpx:TrackPointExtension></extensions></trkpt><trkpt lat="15.0742574874" lon="73.9301543031"><ele>1.58</ele><time>2025-11-16T03:17:47Z</time><extensions><gpxtpx:TrackPointExtension><gpxtpx:cad>0</gpxtpx:cad></gpxtpx:TrackPointExtension></extensions></trkpt><trkpt lat="15.0744070206" lon="73.9300735854"><ele>2.06</ele><time>2025-11-16T03:17:52Z</time><extensions><gpxtpx:TrackPointExtension><gpxtpx:cad>0</gpxtpx:cad></gpxtpx:TrackPointExtension></extensions></trkpt><trkpt lat="15.0745459925" lon="73.9299702365"><ele>2.06</ele><time>2025-11-16T03:17:57Z</time><extensions><gpxtpx:TrackPointExtension><gpxtpx:cad>0</gpxtpx:cad></gpxtpx:TrackPointExtension></extensions></trkpt><trkpt lat="15.0746857189" lon="73.9298663009"><ele>2.54</ele><time>2025-11-16T03:18:02Z</time><extensions><gpxtpx:TrackPointExtension><gpxtpx:cad>0</gpxtpx:cad></gpxtpx:TrackPointExtension></extensions></trkpt><trkpt lat="15.0748223439" lon="73.9297646284"><ele>2.06</ele><time>2025-11-16T03:18:07Z</time><extensions><gpxtpx:TrackPointExtension><gpxtpx:cad>0</gpxtpx:cad></gpxtpx:TrackPointExtension></extensions></trkpt><trkpt lat="15.0749516767" lon="73.9296772052"><ele>2.06</ele><time>2025-11-16T03:18:12Z</time><extensions><gpxtpx:TrackPointExtension><gpxtpx:cad>0</gpxtpx:cad></gpxtpx:TrackPointExtension></extensions></trkpt><trkpt lat="15.0750958454" lon="73.9295964036"><ele>2.06</ele><time>2025-11-16T03:18:17Z</time><extensions><gpxtpx:TrackPointExtension><gpxtpx:cad>0</gpxtpx:cad></gpxtpx:TrackPointExtension></extensions></trkpt><trkpt lat="15.0752427801" lon="73.9295233134"><ele>2.06</ele><time>2025-11-16T03:18:22Z</time><extensions><gpxtpx:TrackPointExtension><gpxtpx:cad>0</gpxtpx:cad></gpxtpx:TrackPointExtension></extensions></trkpt><trkpt lat="15.0753988512" lon="73.9294548333"><ele>2.06</ele><time>2025-11-16T03:18:27Z</time><extensions><gpxtpx:TrackPointExtension><gpxtpx:cad>0</gpxtpx:cad></gpxtpx:TrackPointExtension></extensions></trkpt><trkpt lat="15.0755426846" lon="73.9293742832"><ele>1.58</ele><time>2025-11-16T03:18:32Z</time><extensions><gpxtpx:TrackPointExtension><gpxtpx:cad>0</gpxtpx:cad></gpxtpx:TrackPointExtension></extensions></trkpt><trkpt lat="15.0756915472" lon="73.9292923920"><ele>2.06</ele><time>2025-11-16T03:18:37Z</time><extensions><gpxtpx:TrackPointExtension><gpxtpx:cad>0</gpxtpx:cad></gpxtpx:TrackPointExtension></extensions></trkpt><trkpt lat="15.0758435111" lon="73.9292186312"><ele>2.54</ele><time>2025-11-16T03:18:42Z</time><extensions><gpxtpx:TrackPointExtension><gpxtpx:cad>0</gpxtpx:cad></gpxtpx:TrackPointExtension></extensions></trkpt><trkpt lat="15.0760015938" lon="73.9291390032"><ele>3.02</ele><time>2025-11-16T03:18:47Z</time><extensions><gpxtpx:TrackPointExtension><gpxtpx:cad>0</gpxtpx:cad></gpxtpx:TrackPointExtension></extensions></trkpt><trkpt lat="15.0761533063" lon="73.9290720318"><ele>2.54</ele><time>2025-11-16T03:18:52Z</time><extensions><gpxtpx:TrackPointExtension><gpxtpx:cad>0</gpxtpx:cad></gpxtpx:TrackPointExtension></extensions></trkpt><trkpt lat="15.0763076171" lon="73.9290157054"><ele>2.54</ele><time>2025-11-16T03:18:57Z</time><extensions><gpxtpx:TrackPointExtension><gpxtpx:cad>0</gpxtpx:cad></gpxtpx:TrackPointExtension></extensions></trkpt><trkpt lat="15.0764719862" lon="73.9289381728"><ele>3.02</ele><time>2025-11-16T03:19:02Z</time><extensions><gpxtpx:TrackPointExtension><gpxtpx:cad>0</gpxtpx:cad></gpxtpx:TrackPointExtension></extensions></trkpt><trkpt lat="15.0766253751" lon="73.9288458880"><ele>2.54</ele><time>2025-11-16T03:19:07Z</time><extensions><gpxtpx:TrackPointExtension><gpxtpx:cad>0</gpxtpx:cad></gpxtpx:TrackPointExtension></extensions></trkpt><trkpt lat="15.0767733157" lon="73.9287613984"><ele>2.06</ele><time>2025-11-16T03:19:12Z</time><extensions><gpxtpx:TrackPointExtension><gpxtpx:cad>0</gpxtpx:cad></gpxtpx:TrackPointExtension></extensions></trkpt><trkpt lat="15.0769209210" lon="73.9286876377"><ele>2.06</ele><time>2025-11-16T03:19:17Z</time><extensions><gpxtpx:TrackPointExtension><gpxtpx:cad>0</gpxtpx:cad></gpxtpx:TrackPointExtension></extensions></trkpt><trkpt lat="15.0770704541" lon="73.9286044892"><ele>2.54</ele><time>2025-11-16T03:19:22Z</time><extensions><gpxtpx:TrackPointExtension><gpxtpx:cad>0</gpxtpx:cad></gpxtpx:TrackPointExtension></extensions></trkpt><trkpt lat="15.0772011280" lon="73.9285117015"><ele>2.06</ele><time>2025-11-16T03:19:27Z</time><extensions><gpxtpx:TrackPointExtension><gpxtpx:cad>0</gpxtpx:cad></gpxtpx:TrackPointExtension></extensions></trkpt><trkpt lat="15.0773364957" lon="73.9284111187"><ele>1.58</ele><time>2025-11-16T03:19:32Z</time><extensions><gpxtpx:TrackPointExtension><gpxtpx:cad>0</gpxtpx:cad></gpxtpx:TrackPointExtension></extensions></trkpt><trkpt lat="15.0774671696" lon="73.9283319935"><ele>1.58</ele><time>2025-11-16T03:19:37Z</time><extensions><gpxtpx:TrackPointExtension><gpxtpx:cad>0</gpxtpx:cad></gpxtpx:TrackPointExtension></extensions></trkpt><trkpt lat="15.0776161999" lon="73.9282642677"><ele>1.58</ele><time>2025-11-16T03:19:42Z</time><extensions><gpxtpx:TrackPointExtension><gpxtpx:cad>0</gpxtpx:cad></gpxtpx:TrackPointExtension></extensions></trkpt><trkpt lat="15.0777669903" lon="73.9282004815"><ele>1.58</ele><time>2025-11-16T03:19:47Z</time><extensions><gpxtpx:TrackPointExtension><gpxtpx:cad>0</gpxtpx:cad></gpxtpx:TrackPointExtension></extensions></trkpt><trkpt lat="15.0779244862" lon="73.9281249605"><ele>2.06</ele><time>2025-11-16T03:19:52Z</time><extensions><gpxtpx:TrackPointExtension><gpxtpx:cad>0</gpxtpx:cad></gpxtpx:TrackPointExtension></extensions></trkpt><trkpt lat="15.0780917052" lon="73.9280520380"><ele>2.06</ele><time>2025-11-16T03:19:57Z</time><extensions><gpxtpx:TrackPointExtension><gpxtpx:cad>0</gpxtpx:cad></gpxtpx:TrackPointExtension></extensions></trkpt><trkpt lat="15.0782525539" lon="73.9279982261"><ele>2.06</ele><time>2025-11-16T03:20:02Z</time><extensions><gpxtpx:TrackPointExtension><gpxtpx:cad>0</gpxtpx:cad></gpxtpx:TrackPointExtension></extensions></trkpt><trkpt lat="15.0784135703" lon="73.9279499464"><ele>2.06</ele><time>2025-11-16T03:20:07Z</time><extensions><gpxtpx:TrackPointExtension><gpxtpx:cad>0</gpxtpx:cad></gpxtpx:TrackPointExtension></extensions></trkpt><trkpt lat="15.0785838906" lon="73.9278952964"><ele>1.58</ele><time>2025-11-16T03:20:12Z</time><extensions><gpxtpx:TrackPointExtension><gpxtpx:cad>0</gpxtpx:cad></gpxtpx:TrackPointExtension></extensions></trkpt><trkpt lat="15.0787351839" lon="73.9278327674"><ele>1.58</ele><time>2025-11-16T03:20:17Z</time><extensions><gpxtpx:TrackPointExtension><gpxtpx:cad>0</gpxtpx:cad></gpxtpx:TrackPointExtension></extensions></trkpt><trkpt lat="15.0788800232" lon="73.9277644549"><ele>1.58</ele><time>2025-11-16T03:20:22Z</time><extensions><gpxtpx:TrackPointExtension><gpxtpx:cad>0</gpxtpx:cad></gpxtpx:TrackPointExtension></extensions></trkpt><trkpt lat="15.0790264551" lon="73.9277010877"><ele>1.10</ele><time>2025-11-16T03:20:27Z</time><extensions><gpxtpx:TrackPointExtension><gpxtpx:cad>0</gpxtpx:cad></gpxtpx:TrackPointExtension></extensions></trkpt><trkpt lat="15.0791851245" lon="73.9276206214"><ele>1.10</ele><time>2025-11-16T03:20:32Z</time><extensions><gpxtpx:TrackPointExtension><gpxtpx:cad>0</gpxtpx:cad></gpxtpx:TrackPointExtension></extensions></trkpt><trkpt lat="15.0793488231" lon="73.9275323600"><ele>1.10</ele><time>2025-11-16T03:20:37Z</time><extensions><gpxtpx:TrackPointExtension><gpxtpx:cad>0</gpxtpx:cad></gpxtpx:TrackPointExtension></extensions></trkpt><trkpt lat="15.0795109291" lon="73.9274469484"><ele>1.58</ele><time>2025-11-16T03:20:42Z</time><extensions><gpxtpx:TrackPointExtension><gpxtpx:cad>0</gpxtpx:cad></gpxtpx:TrackPointExtension></extensions></trkpt><trkpt lat="15.0796649884" lon="73.9273705054"><ele>1.58</ele><time>2025-11-16T03:20:47Z</time><extensions><gpxtpx:TrackPointExtension><gpxtpx:cad>0</gpxtpx:cad></gpxtpx:TrackPointExtension></extensions></trkpt><trkpt lat="15.0798306148" lon="73.9272967447"><ele>1.58</ele><time>2025-11-16T03:20:52Z</time><extensions><gpxtpx:TrackPointExtension><gpxtpx:cad>0</gpxtpx:cad></gpxtpx:TrackPointExtension></extensions></trkpt><trkpt lat="15.0799885299" lon="73.9272174519"><ele>1.58</ele><time>2025-11-16T03:20:57Z</time><extensions><gpxtpx:TrackPointExtension><gpxtpx:cad>0</gpxtpx:cad></gpxtpx:TrackPointExtension></extensions></trkpt><trkpt lat="15.0801285077" lon="73.9271346387"><ele>1.58</ele><time>2025-11-16T03:21:02Z</time><extensions><gpxtpx:TrackPointExtension><gpxtpx:cad>0</gpxtpx:cad></gpxtpx:TrackPointExtension></extensions></trkpt><trkpt lat="15.0802727602" lon="73.9270647336"><ele>2.06</ele><time>2025-11-16T03:21:07Z</time><extensions><gpxtpx:TrackPointExtension><gpxtpx:cad>0</gpxtpx:cad></gpxtpx:TrackPointExtension></extensions></trkpt><trkpt lat="15.0804248080" lon="73.9270111732"><ele>2.06</ele><time>2025-11-16T03:21:12Z</time><extensions><gpxtpx:TrackPointExtension><gpxtpx:cad>0</gpxtpx:cad></gpxtpx:TrackPointExtension></extensions></trkpt><trkpt lat="15.0805739220" lon="73.9269327186"><ele>2.06</ele><time>2025-11-16T03:21:17Z</time><extensions><gpxtpx:TrackPointExtension><gpxtpx:cad>0</gpxtpx:cad></gpxtpx:TrackPointExtension></extensions></trkpt><trkpt lat="15.0807257183" lon="73.9268485643"><ele>1.58</ele><time>2025-11-16T03:21:22Z</time><extensions><gpxtpx:TrackPointExtension><gpxtpx:cad>0</gpxtpx:cad></gpxtpx:TrackPointExtension></extensions></trkpt><trkpt lat="15.0808828790" lon="73.9267683495"><ele>2.06</ele><time>2025-11-16T03:21:27Z</time><extensions><gpxtpx:TrackPointExtension><gpxtpx:cad>0</gpxtpx:cad></gpxtpx:TrackPointExtension></extensions></trkpt><trkpt lat="15.0810479186" lon="73.9266977739"><ele>3.02</ele><time>2025-11-16T03:21:32Z</time><extensions><gpxtpx:TrackPointExtension><gpxtpx:cad>0</gpxtpx:cad></gpxtpx:TrackPointExtension></extensions></trkpt><trkpt lat="15.0812040735" lon="73.9266186487"><ele>3.02</ele><time>2025-11-16T03:21:37Z</time><extensions><gpxtpx:TrackPointExtension><gpxtpx:cad>0</gpxtpx:cad></gpxtpx:TrackPointExtension></extensions></trkpt><trkpt lat="15.0813496672" lon="73.9265305549"><ele>2.54</ele><time>2025-11-16T03:21:42Z</time><extensions><gpxtpx:TrackPointExtension><gpxtpx:cad>0</gpxtpx:cad></gpxtpx:TrackPointExtension></extensions></trkpt><trkpt lat="15.0815024693" lon="73.9264461491"><ele>2.54</ele><time>2025-11-16T03:21:47Z</time><extensions><gpxtpx:TrackPointExtension><gpxtpx:cad>0</gpxtpx:cad></gpxtpx:TrackPointExtension></extensions></trkpt><trkpt lat="15.0816478115" lon="73.9263747353"><ele>2.54</ele><time>2025-11-16T03:21:52Z</time><extensions><gpxtpx:TrackPointExtension><gpxtpx:cad>0</gpxtpx:cad></gpxtpx:TrackPointExtension></extensions></trkpt><trkpt lat="15.0817823410" lon="73.9262798522"><ele>2.54</ele><time>2025-11-16T03:21:57Z</time><extensions><gpxtpx:TrackPointExtension><gpxtpx:cad>0</gpxtpx:cad></gpxtpx:TrackPointExtension></extensions></trkpt><trkpt lat="15.0819120929" lon="73.9261673670"><ele>2.54</ele><time>2025-11-16T03:22:02Z</time><extensions><gpxtpx:TrackPointExtension><gpxtpx:cad>0</gpxtpx:cad></gpxtpx:TrackPointExtension></extensions></trkpt><trkpt lat="15.0820433535" lon="73.9260652754"><ele>2.54</ele><time>2025-11-16T03:22:07Z</time><extensions><gpxtpx:TrackPointExtension><gpxtpx:cad>0</gpxtpx:cad></gpxtpx:TrackPointExtension></extensions></trkpt><trkpt lat="15.0821867678" lon="73.9259807020"><ele>2.54</ele><time>2025-11-16T03:22:12Z</time><extensions><gpxtpx:TrackPointExtension><gpxtpx:cad>0</gpxtpx:cad></gpxtpx:TrackPointExtension></extensions></trkpt><trkpt lat="15.0823307689" lon="73.9259225316"><ele>2.06</ele><time>2025-11-16T03:22:17Z</time><extensions><gpxtpx:TrackPointExtension><gpxtpx:cad>0</gpxtpx:cad></gpxtpx:TrackPointExtension></extensions></trkpt><trkpt lat="15.0824900251" lon="73.9258877467"><ele>2.06</ele><time>2025-11-16T03:22:22Z</time><extensions><gpxtpx:TrackPointExtension><gpxtpx:cad>0</gpxtpx:cad></gpxtpx:TrackPointExtension></extensions></trkpt><trkpt lat="15.0826435816" lon="73.9258193504"><ele>2.06</ele><time>2025-11-16T03:22:27Z</time><extensions><gpxtpx:TrackPointExtension><gpxtpx:cad>0</gpxtpx:cad></gpxtpx:TrackPointExtension></extensions></trkpt><trkpt lat="15.0827726629" lon="73.9257354476"><ele>2.54</ele><time>2025-11-16T03:22:32Z</time><extensions><gpxtpx:TrackPointExtension><gpxtpx:cad>0</gpxtpx:cad></gpxtpx:TrackPointExtension></extensions></trkpt><trkpt lat="15.0828968827" lon="73.9256513771"><ele>2.06</ele><time>2025-11-16T03:22:37Z</time><extensions><gpxtpx:TrackPointExtension><gpxtpx:cad>0</gpxtpx:cad></gpxtpx:TrackPointExtension></extensions></trkpt><trkpt lat="15.0830275565" lon="73.9255748503"><ele>2.06</ele><time>2025-11-16T03:22:42Z</time><extensions><gpxtpx:TrackPointExtension><gpxtpx:cad>0</gpxtpx:cad></gpxtpx:TrackPointExtension></extensions></trkpt><trkpt lat="15.0831595715" lon="73.9254958089"><ele>2.06</ele><time>2025-11-16T03:22:47Z</time><extensions><gpxtpx:TrackPointExtension><gpxtpx:cad>0</gpxtpx:cad></gpxtpx:TrackPointExtension></extensions></trkpt><trkpt lat="15.0832931791" lon="73.9254006743"><ele>1.58</ele><time>2025-11-16T03:22:52Z</time><extensions><gpxtpx:TrackPointExtension><gpxtpx:cad>0</gpxtpx:cad></gpxtpx:TrackPointExtension></extensions></trkpt><trkpt lat="15.0834285468" lon="73.9253042825"><ele>1.58</ele><time>2025-11-16T03:22:57Z</time><extensions><gpxtpx:TrackPointExtension><gpxtpx:cad>0</gpxtpx:cad></gpxtpx:TrackPointExtension></extensions></trkpt><trkpt lat="15.0835603103" lon="73.9252197929"><ele>1.58</ele><time>2025-11-16T03:23:02Z</time><extensions><gpxtpx:TrackPointExtension><gpxtpx:cad>0</gpxtpx:cad></gpxtpx:TrackPointExtension></extensions></trkpt><trkpt lat="15.0836530980" lon="73.9251070563"><ele>1.58</ele><time>2025-11-16T03:23:07Z</time><extensions><gpxtpx:TrackPointExtension><gpxtpx:cad>0</gpxtpx:cad></gpxtpx:TrackPointExtension></extensions></trkpt><trkpt lat="15.0836773217" lon="73.9249656536"><ele>1.10</ele><time>2025-11-16T03:23:12Z</time><extensions><gpxtpx:TrackPointExtension><gpxtpx:cad>0</gpxtpx:cad></gpxtpx:TrackPointExtension></extensions></trkpt><trkpt lat="15.0836790819" lon="73.9248100854"><ele>0.62</ele><time>2025-11-16T03:23:17Z</time><extensions><gpxtpx:TrackPointExtension><gpxtpx:cad>0</gpxtpx:cad></gpxtpx:TrackPointExtension></extensions></trkpt><trkpt lat="15.0836687721" lon="73.9246435370"><ele>0.62</ele><time>2025-11-16T03:23:22Z</time><extensions><gpxtpx:TrackPointExtension><gpxtpx:cad>0</gpxtpx:cad></gpxtpx:TrackPointExtension></extensions></trkpt><trkpt lat="15.0836486556" lon="73.9244884718"><ele>0.62</ele><time>2025-11-16T03:23:27Z</time><extensions><gpxtpx:TrackPointExtension><gpxtpx:cad>0</gpxtpx:cad></gpxtpx:TrackPointExtension></extensions></trkpt><trkpt lat="15.0836191513" lon="73.9243355859"><ele>0.62</ele><time>2025-11-16T03:23:32Z</time><extensions><gpxtpx:TrackPointExtension><gpxtpx:cad>0</gpxtpx:cad></gpxtpx:TrackPointExtension></extensions></trkpt><trkpt lat="15.0835924130" lon="73.9241764974"><ele>1.58</ele><time>2025-11-16T03:23:37Z</time><extensions><gpxtpx:TrackPointExtension><gpxtpx:cad>0</gpxtpx:cad></gpxtpx:TrackPointExtension></extensions></trkpt><trkpt lat="15.0835639983" lon="73.9240205940"><ele>2.06</ele><time>2025-11-16T03:23:42Z</time><extensions><gpxtpx:TrackPointExtension><gpxtpx:cad>0</gpxtpx:cad></gpxtpx:TrackPointExtension></extensions></trkpt><trkpt lat="15.0835232623" lon="73.9238620922"><ele>2.06</ele><time>2025-11-16T03:23:47Z</time><extensions><gpxtpx:TrackPointExtension><gpxtpx:cad>0</gpxtpx:cad></gpxtpx:TrackPointExtension></extensions></trkpt><trkpt lat="15.0834905729" lon="73.9237111341"><ele>2.54</ele><time>2025-11-16T03:23:52Z</time><extensions><gpxtpx:TrackPointExtension><gpxtpx:cad>0</gpxtpx:cad></gpxtpx:TrackPointExtension></extensions></trkpt><trkpt lat="15.0834542792" lon="73.9235651214"><ele>2.54</ele><time>2025-11-16T03:23:57Z</time><extensions><gpxtpx:TrackPointExtension><gpxtpx:cad>0</gpxtpx:cad></gpxtpx:TrackPointExtension></extensions></trkpt><trkpt lat="15.0834034011" lon="73.9234077930"><ele>2.54</ele><time>2025-11-16T03:24:02Z</time><extensions><gpxtpx:TrackPointExtension><gpxtpx:cad>0</gpxtpx:cad></gpxtpx:TrackPointExtension></extensions></trkpt><trkpt lat="15.0833469909" lon="73.9232593495"><ele>3.02</ele><time>2025-11-16T03:24:07Z</time><extensions><gpxtpx:TrackPointExtension><gpxtpx:cad>0</gpxtpx:cad></gpxtpx:TrackPointExtension></extensions></trkpt><trkpt lat="15.0832771696" lon="73.9231181983"><ele>2.54</ele><time>2025-11-16T03:24:12Z</time><extensions><gpxtpx:TrackPointExtension><gpxtpx:cad>0</gpxtpx:cad></gpxtpx:TrackPointExtension></extensions></trkpt><trkpt lat="15.0832076836" lon="73.9229805674"><ele>2.54</ele><time>2025-11-16T03:24:17Z</time><extensions><gpxtpx:TrackPointExtension><gpxtpx:cad>0</gpxtpx:cad></gpxtpx:TrackPointExtension></extensions></trkpt><trkpt lat="15.0831417181" lon="73.9228408411"><ele>2.54</ele><time>2025-11-16T03:24:22Z</time><extensions><gpxtpx:TrackPointExtension><gpxtpx:cad>0</gpxtpx:cad></gpxtpx:TrackPointExtension></extensions></trkpt><trkpt lat="15.0830764230" lon="73.9226957504"><ele>2.06</ele><time>2025-11-16T03:24:27Z</time><extensions><gpxtpx:TrackPointExtension><gpxtpx:cad>0</gpxtpx:cad></gpxtpx:TrackPointExtension></extensions></trkpt><trkpt lat="15.0830271374" lon="73.9225447923"><ele>2.54</ele><time>2025-11-16T03:24:32Z</time><extensions><gpxtpx:TrackPointExtension><gpxtpx:cad>0</gpxtpx:cad></gpxtpx:TrackPointExtension></extensions></trkpt><trkpt lat="15.0830039196" lon="73.9223936666"><ele>2.06</ele><time>2025-11-16T03:24:37Z</time><extensions><gpxtpx:TrackPointExtension><gpxtpx:cad>0</gpxtpx:cad></gpxtpx:TrackPointExtension></extensions></trkpt><trkpt lat="15.0829772651" lon="73.9222337399"><ele>2.06</ele><time>2025-11-16T03:24:42Z</time><extensions><gpxtpx:TrackPointExtension><gpxtpx:cad>0</gpxtpx:cad></gpxtpx:TrackPointExtension></extensions></trkpt><trkpt lat="15.0829460006" lon="73.9220788423"><ele>2.06</ele><time>2025-11-16T03:24:47Z</time><extensions><gpxtpx:TrackPointExtension><gpxtpx:cad>0</gpxtpx:cad></gpxtpx:TrackPointExtension></extensions></trkpt><trkpt lat="15.0828910992" lon="73.9219232742"><ele>2.06</ele><time>2025-11-16T03:24:52Z</time><extensions><gpxtpx:TrackPointExtension><gpxtpx:cad>0</gpxtpx:cad></gpxtpx:TrackPointExtension></extensions></trkpt><trkpt lat="15.0828389637" lon="73.9217780158"><ele>2.54</ele><time>2025-11-16T03:24:57Z</time><extensions><gpxtpx:TrackPointExtension><gpxtpx:cad>0</gpxtpx:cad></gpxtpx:TrackPointExtension></extensions></trkpt><trkpt lat="15.0827915221" lon="73.9216231182"><ele>2.06</ele><time>2025-11-16T03:25:02Z</time><extensions><gpxtpx:TrackPointExtension><gpxtpx:cad>0</gpxtpx:cad></gpxtpx:TrackPointExtension></extensions></trkpt><trkpt lat="15.0827554800" lon="73.9214612637"><ele>2.54</ele><time>2025-11-16T03:25:07Z</time><extensions><gpxtpx:TrackPointExtension><gpxtpx:cad>0</gpxtpx:cad></gpxtpx:TrackPointExtension></extensions></trkpt><trkpt lat="15.0827267300" lon="73.9213104732"><ele>2.54</ele><time>2025-11-16T03:25:12Z</time><extensions><gpxtpx:TrackPointExtension><gpxtpx:cad>0</gpxtpx:cad></gpxtpx:TrackPointExtension></extensions></trkpt><trkpt lat="15.0826819707" lon="73.9211562462"><ele>2.54</ele><time>2025-11-16T03:25:17Z</time><extensions><gpxtpx:TrackPointExtension><gpxtpx:cad>0</gpxtpx:cad></gpxtpx:TrackPointExtension></extensions></trkpt><trkpt lat="15.0826351158" lon="73.9210060425"><ele>3.02</ele><time>2025-11-16T03:25:22Z</time><extensions><gpxtpx:TrackPointExtension><gpxtpx:cad>0</gpxtpx:cad></gpxtpx:TrackPointExtension></extensions></trkpt><trkpt lat="15.0826025102" lon="73.9208467864"><ele>2.54</ele><time>2025-11-16T03:25:27Z</time><extensions><gpxtpx:TrackPointExtension><gpxtpx:cad>0</gpxtpx:cad></gpxtpx:TrackPointExtension></extensions></trkpt><trkpt lat="15.0825779513" lon="73.9206839260"><ele>2.54</ele><time>2025-11-16T03:25:32Z</time><extensions><gpxtpx:TrackPointExtension><gpxtpx:cad>0</gpxtpx:cad></gpxtpx:TrackPointExtension></extensions></trkpt><trkpt lat="15.0825586729" lon="73.9205307048"><ele>2.06</ele><time>2025-11-16T03:25:37Z</time><extensions><gpxtpx:TrackPointExtension><gpxtpx:cad>0</gpxtpx:cad></gpxtpx:TrackPointExtension></extensions></trkpt><trkpt lat="15.0825378858" lon="73.9203712810"><ele>2.06</ele><time>2025-11-16T03:25:42Z</time><extensions><gpxtpx:TrackPointExtension><gpxtpx:cad>0</gpxtpx:cad></gpxtpx:TrackPointExtension></extensions></trkpt><trkpt lat="15.0825205352" lon="73.9202062413"><ele>2.06</ele><time>2025-11-16T03:25:47Z</time><extensions><gpxtpx:TrackPointExtension><gpxtpx:cad>0</gpxtpx:cad></gpxtpx:TrackPointExtension></extensions></trkpt><trkpt lat="15.0825179368" lon="73.9200477395"><ele>2.54</ele><time>2025-11-16T03:25:52Z</time><extensions><gpxtpx:TrackPointExtension><gpxtpx:cad>0</gpxtpx:cad></gpxtpx:TrackPointExtension></extensions></trkpt><trkpt lat="15.0825099740" lon="73.9198854659"><ele>2.06</ele><time>2025-11-16T03:25:57Z</time><extensions><gpxtpx:TrackPointExtension><gpxtpx:cad>0</gpxtpx:cad></gpxtpx:TrackPointExtension></extensions></trkpt><trkpt lat="15.0824807212" lon="73.9197285566"><ele>2.54</ele><time>2025-11-16T03:26:02Z</time><extensions><gpxtpx:TrackPointExtension><gpxtpx:cad>0</gpxtpx:cad></gpxtpx:TrackPointExtension></extensions></trkpt><trkpt lat="15.0824658852" lon="73.9195687976"><ele>2.54</ele><time>2025-11-16T03:26:07Z</time><extensions><gpxtpx:TrackPointExtension><gpxtpx:cad>0</gpxtpx:cad></gpxtpx:TrackPointExtension></extensions></trkpt><trkpt lat="15.0824701600" lon="73.9194095414"><ele>2.54</ele><time>2025-11-16T03:26:12Z</time><extensions><gpxtpx:TrackPointExtension><gpxtpx:cad>0</gpxtpx:cad></gpxtpx:TrackPointExtension></extensions></trkpt><trkpt lat="15.0824887678" lon="73.9192450047"><ele>2.54</ele><time>2025-11-16T03:26:17Z</time><extensions><gpxtpx:TrackPointExtension><gpxtpx:cad>0</gpxtpx:cad></gpxtpx:TrackPointExtension></extensions></trkpt><trkpt lat="15.0825085491" lon="73.9190847427"><ele>2.06</ele><time>2025-11-16T03:26:22Z</time><extensions><gpxtpx:TrackPointExtension><gpxtpx:cad>0</gpxtpx:cad></gpxtpx:TrackPointExtension></extensions></trkpt><trkpt lat="15.0825292524" lon="73.9189213794"><ele>1.58</ele><time>2025-11-16T03:26:27Z</time><extensions><gpxtpx:TrackPointExtension><gpxtpx:cad>0</gpxtpx:cad></gpxtpx:TrackPointExtension></extensions></trkpt><trkpt lat="15.0825455971" lon="73.9187649731"><ele>2.06</ele><time>2025-11-16T03:26:32Z</time><extensions><gpxtpx:TrackPointExtension><gpxtpx:cad>0</gpxtpx:cad></gpxtpx:TrackPointExtension></extensions></trkpt><trkpt lat="15.0825588405" lon="73.9185993467"><ele>2.06</ele><time>2025-11-16T03:26:37Z</time><extensions><gpxtpx:TrackPointExtension><gpxtpx:cad>0</gpxtpx:cad></gpxtpx:TrackPointExtension></extensions></trkpt><trkpt lat="15.0825709943" lon="73.9184332173"><ele>2.06</ele><time>2025-11-16T03:26:42Z</time><extensions><gpxtpx:TrackPointExtension><gpxtpx:cad>0</gpxtpx:cad></gpxtpx:TrackPointExtension></extensions></trkpt><trkpt lat="15.0825732574" lon="73.9182731230"><ele>2.06</ele><time>2025-11-16T03:26:47Z</time><extensions><gpxtpx:TrackPointExtension><gpxtpx:cad>0</gpxtpx:cad></gpxtpx:TrackPointExtension></extensions></trkpt><trkpt lat="15.0825678930" lon="73.9181084186"><ele>2.54</ele><time>2025-11-16T03:26:52Z</time><extensions><gpxtpx:TrackPointExtension><gpxtpx:cad>0</gpxtpx:cad></gpxtpx:TrackPointExtension></extensions></trkpt><trkpt lat="15.0825705752" lon="73.9179453067"><ele>2.54</ele><time>2025-11-16T03:26:57Z</time><extensions><gpxtpx:TrackPointExtension><gpxtpx:cad>0</gpxtpx:cad></gpxtpx:TrackPointExtension></extensions></trkpt><trkpt lat="15.0825800467" lon="73.9177838713"><ele>2.54</ele><time>2025-11-16T03:27:02Z</time><extensions><gpxtpx:TrackPointExtension><gpxtpx:cad>0</gpxtpx:cad></gpxtpx:TrackPointExtension></extensions></trkpt><trkpt lat="15.0825939607" lon="73.9176170714"><ele>3.02</ele><time>2025-11-16T03:27:07Z</time><extensions><gpxtpx:TrackPointExtension><gpxtpx:cad>0</gpxtpx:cad></gpxtpx:TrackPointExtension></extensions></trkpt><trkpt lat="15.0825967267" lon="73.9174558874"><ele>3.02</ele><time>2025-11-16T03:27:12Z</time><extensions><gpxtpx:TrackPointExtension><gpxtpx:cad>0</gpxtpx:cad></gpxtpx:TrackPointExtension></extensions></trkpt><trkpt lat="15.0826000795" lon="73.9172996487"><ele>3.02</ele><time>2025-11-16T03:27:17Z</time><extensions><gpxtpx:TrackPointExtension><gpxtpx:cad>0</gpxtpx:cad></gpxtpx:TrackPointExtension></extensions></trkpt><trkpt lat="15.0826060306" lon="73.9171300828"><ele>2.54</ele><time>2025-11-16T03:27:22Z</time><extensions><gpxtpx:TrackPointExtension><gpxtpx:cad>0</gpxtpx:cad></gpxtpx:TrackPointExtension></extensions></trkpt><trkpt lat="15.0826161727" lon="73.9169694856"><ele>2.06</ele><time>2025-11-16T03:27:27Z</time><extensions><gpxtpx:TrackPointExtension><gpxtpx:cad>0</gpxtpx:cad></gpxtpx:TrackPointExtension></extensions></trkpt><trkpt lat="15.0826329365" lon="73.9168090560"><ele>1.58</ele><time>2025-11-16T03:27:32Z</time><extensions><gpxtpx:TrackPointExtension><gpxtpx:cad>0</gpxtpx:cad></gpxtpx:TrackPointExtension></extensions></trkpt><trkpt lat="15.0826514605" lon="73.9166394062"><ele>0.62</ele><time>2025-11-16T03:27:37Z</time><extensions><gpxtpx:TrackPointExtension><gpxtpx:cad>0</gpxtpx:cad></gpxtpx:TrackPointExtension></extensions></trkpt><trkpt lat="15.0826743431" lon="73.9164800663"><ele>0.62</ele><time>2025-11-16T03:27:42Z</time><extensions><gpxtpx:TrackPointExtension><gpxtpx:cad>0</gpxtpx:cad></gpxtpx:TrackPointExtension></extensions></trkpt><trkpt lat="15.0826967228" lon="73.9163158648"><ele>-0.34</ele><time>2025-11-16T03:27:47Z</time><extensions><gpxtpx:TrackPointExtension><gpxtpx:cad>0</gpxtpx:cad></gpxtpx:TrackPointExtension></extensions></trkpt><trkpt lat="15.0827074517" lon="73.9161525015"><ele>-0.82</ele><time>2025-11-16T03:27:52Z</time><extensions><gpxtpx:TrackPointExtension><gpxtpx:cad>0</gpxtpx:cad></gpxtpx:TrackPointExtension></extensions></trkpt><trkpt lat="15.0827147439" lon="73.9159920719"><ele>-0.82</ele><time>2025-11-16T03:27:57Z</time><extensions><gpxtpx:TrackPointExtension><gpxtpx:cad>0</gpxtpx:cad></gpxtpx:TrackPointExtension></extensions></trkpt><trkpt lat="15.0827378780" lon="73.9158316422"><ele>-0.82</ele><time>2025-11-16T03:28:02Z</time><extensions><gpxtpx:TrackPointExtension><gpxtpx:cad>0</gpxtpx:cad></gpxtpx:TrackPointExtension></extensions></trkpt><trkpt lat="15.0827626046" lon="73.9156657644"><ele>0.14</ele><time>2025-11-16T03:28:07Z</time><extensions><gpxtpx:TrackPointExtension><gpxtpx:cad>0</gpxtpx:cad></gpxtpx:TrackPointExtension></extensions></trkpt><trkpt lat="15.0827887561" lon="73.9154994674"><ele>0.14</ele><time>2025-11-16T03:28:12Z</time><extensions><gpxtpx:TrackPointExtension><gpxtpx:cad>0</gpxtpx:cad></gpxtpx:TrackPointExtension></extensions></trkpt><trkpt lat="15.0827985629" lon="73.9153417200"><ele>0.14</ele><time>2025-11-16T03:28:17Z</time><extensions><gpxtpx:TrackPointExtension><gpxtpx:cad>0</gpxtpx:cad></gpxtpx:TrackPointExtension></extensions></trkpt><trkpt lat="15.0828174222" lon="73.9151757583"><ele>-0.82</ele><time>2025-11-16T03:28:22Z</time><extensions><gpxtpx:TrackPointExtension><gpxtpx:cad>0</gpxtpx:cad></gpxtpx:TrackPointExtension></extensions></trkpt><trkpt lat="15.0828232057" lon="73.9150109701"><ele>-0.34</ele><time>2025-11-16T03:28:27Z</time><extensions><gpxtpx:TrackPointExtension><gpxtpx:cad>0</gpxtpx:cad></gpxtpx:TrackPointExtension></extensions></trkpt><trkpt lat="15.0828198530" lon="73.9148492832"><ele>-0.34</ele><time>2025-11-16T03:28:32Z</time><extensions><gpxtpx:TrackPointExtension><gpxtpx:cad>0</gpxtpx:cad></gpxtpx:TrackPointExtension></extensions></trkpt><trkpt lat="15.0828165002" lon="73.9146848302"><ele>0.14</ele><time>2025-11-16T03:28:37Z</time><extensions><gpxtpx:TrackPointExtension><gpxtpx:cad>0</gpxtpx:cad></gpxtpx:TrackPointExtension></extensions></trkpt><trkpt lat="15.0828043465" lon="73.9145265799"><ele>1.10</ele><time>2025-11-16T03:28:42Z</time><extensions><gpxtpx:TrackPointExtension><gpxtpx:cad>0</gpxtpx:cad></gpxtpx:TrackPointExtension></extensions></trkpt><trkpt lat="15.0827940367" lon="73.9143598638"><ele>1.10</ele><time>2025-11-16T03:28:47Z</time><extensions><gpxtpx:TrackPointExtension><gpxtpx:cad>0</gpxtpx:cad></gpxtpx:TrackPointExtension></extensions></trkpt><trkpt lat="15.0827980600" lon="73.9141950756"><ele>1.10</ele><time>2025-11-16T03:28:52Z</time><extensions><gpxtpx:TrackPointExtension><gpxtpx:cad>0</gpxtpx:cad></gpxtpx:TrackPointExtension></extensions></trkpt><trkpt lat="15.0828051846" lon="73.9140241686"><ele>1.10</ele><time>2025-11-16T03:28:57Z</time><extensions><gpxtpx:TrackPointExtension><gpxtpx:cad>0</gpxtpx:cad></gpxtpx:TrackPointExtension></extensions></trkpt><trkpt lat="15.0828131475" lon="73.9138638228"><ele>1.10</ele><time>2025-11-16T03:29:02Z</time><extensions><gpxtpx:TrackPointExtension><gpxtpx:cad>0</gpxtpx:cad></gpxtpx:TrackPointExtension></extensions></trkpt><trkpt lat="15.0828451663" lon="73.9137100987"><ele>1.58</ele><time>2025-11-16T03:29:07Z</time><extensions><gpxtpx:TrackPointExtension><gpxtpx:cad>0</gpxtpx:cad></gpxtpx:TrackPointExtension></extensions></trkpt><trkpt lat="15.0828590803" lon="73.9135449752"><ele>1.10</ele><time>2025-11-16T03:29:12Z</time><extensions><gpxtpx:TrackPointExtension><gpxtpx:cad>0</gpxtpx:cad></gpxtpx:TrackPointExtension></extensions></trkpt><trkpt lat="15.0828879979" lon="73.9133822825"><ele>1.58</ele><time>2025-11-16T03:29:17Z</time><extensions><gpxtpx:TrackPointExtension><gpxtpx:cad>0</gpxtpx:cad></gpxtpx:TrackPointExtension></extensions></trkpt><trkpt lat="15.0829272252" lon="73.9132185839"><ele>2.06</ele><time>2025-11-16T03:29:22Z</time><extensions><gpxtpx:TrackPointExtension><gpxtpx:cad>0</gpxtpx:cad></gpxtpx:TrackPointExtension></extensions></trkpt><trkpt lat="15.0829307456" lon="73.9130536281"><ele>2.06</ele><time>2025-11-16T03:29:27Z</time><extensions><gpxtpx:TrackPointExtension><gpxtpx:cad>0</gpxtpx:cad></gpxtpx:TrackPointExtension></extensions></trkpt><trkpt lat="15.0829547178" lon="73.9128926117"><ele>1.58</ele><time>2025-11-16T03:29:32Z</time><extensions><gpxtpx:TrackPointExtension><gpxtpx:cad>0</gpxtpx:cad></gpxtpx:TrackPointExtension></extensions></trkpt><trkpt lat="15.0829944480" lon="73.9127305057"><ele>1.58</ele><time>2025-11-16T03:29:37Z</time><extensions><gpxtpx:TrackPointExtension><gpxtpx:cad>0</gpxtpx:cad></gpxtpx:TrackPointExtension></extensions></trkpt><trkpt lat="15.0830127206" lon="73.9125585090"><ele>1.10</ele><time>2025-11-16T03:29:42Z</time><extensions><gpxtpx:TrackPointExtension><gpxtpx:cad>0</gpxtpx:cad></gpxtpx:TrackPointExtension></extensions></trkpt><trkpt lat="15.0830376148" lon="73.9123947266"><ele>1.10</ele><time>2025-11-16T03:29:47Z</time><extensions><gpxtpx:TrackPointExtension><gpxtpx:cad>0</gpxtpx:cad></gpxtpx:TrackPointExtension></extensions></trkpt><trkpt lat="15.0830488466" lon="73.9122275915"><ele>0.62</ele><time>2025-11-16T03:29:52Z</time><extensions><gpxtpx:TrackPointExtension><gpxtpx:cad>0</gpxtpx:cad></gpxtpx:TrackPointExtension></extensions></trkpt><trkpt lat="15.0830595754" lon="73.9120646473"><ele>0.14</ele><time>2025-11-16T03:29:57Z</time><extensions><gpxtpx:TrackPointExtension><gpxtpx:cad>0</gpxtpx:cad></gpxtpx:TrackPointExtension></extensions></trkpt><trkpt lat="15.0830900855" lon="73.9119056426"><ele>0.14</ele><time>2025-11-16T03:30:02Z</time><extensions><gpxtpx:TrackPointExtension><gpxtpx:cad>0</gpxtpx:cad></gpxtpx:TrackPointExtension></extensions></trkpt><trkpt lat="15.0831040833" lon="73.9117428660"><ele>0.14</ele><time>2025-11-16T03:30:07Z</time><extensions><gpxtpx:TrackPointExtension><gpxtpx:cad>0</gpxtpx:cad></gpxtpx:TrackPointExtension></extensions></trkpt><trkpt lat="15.0831243675" lon="73.9115719590"><ele>0.14</ele><time>2025-11-16T03:30:12Z</time><extensions><gpxtpx:TrackPointExtension><gpxtpx:cad>0</gpxtpx:cad></gpxtpx:TrackPointExtension></extensions></trkpt><trkpt lat="15.0831449870" lon="73.9114054106"><ele>0.14</ele><time>2025-11-16T03:30:17Z</time><extensions><gpxtpx:TrackPointExtension><gpxtpx:cad>0</gpxtpx:cad></gpxtpx:TrackPointExtension></extensions></trkpt><trkpt lat="15.0831578113" lon="73.9112438913"><ele>0.62</ele><time>2025-11-16T03:30:22Z</time><extensions><gpxtpx:TrackPointExtension><gpxtpx:cad>0</gpxtpx:cad></gpxtpx:TrackPointExtension></extensions></trkpt><trkpt lat="15.0831579790" lon="73.9110750798"><ele>0.62</ele><time>2025-11-16T03:30:27Z</time><extensions><gpxtpx:TrackPointExtension><gpxtpx:cad>0</gpxtpx:cad></gpxtpx:TrackPointExtension></extensions></trkpt><trkpt lat="15.0831772573" lon="73.9109105431"><ele>1.10</ele><time>2025-11-16T03:30:32Z</time><extensions><gpxtpx:TrackPointExtension><gpxtpx:cad>0</gpxtpx:cad></gpxtpx:TrackPointExtension></extensions></trkpt><trkpt lat="15.0832118746" lon="73.9107429050"><ele>0.62</ele><time>2025-11-16T03:30:37Z</time><extensions><gpxtpx:TrackPointExtension><gpxtpx:cad>0</gpxtpx:cad></gpxtpx:TrackPointExtension></extensions></trkpt><trkpt lat="15.0832593162" lon="73.9105825592"><ele>0.62</ele><time>2025-11-16T03:30:42Z</time><extensions><gpxtpx:TrackPointExtension><gpxtpx:cad>0</gpxtpx:cad></gpxtpx:TrackPointExtension></extensions></trkpt><trkpt lat="15.0833274610" lon="73.9104346186"><ele>1.10</ele><time>2025-11-16T03:30:47Z</time><extensions><gpxtpx:TrackPointExtension><gpxtpx:cad>0</gpxtpx:cad></gpxtpx:TrackPointExtension></extensions></trkpt><trkpt lat="15.0834374316" lon="73.9103233069"><ele>1.10</ele><time>2025-11-16T03:30:52Z</time><extensions><gpxtpx:TrackPointExtension><gpxtpx:cad>0</gpxtpx:cad></gpxtpx:TrackPointExtension></extensions></trkpt><trkpt lat="15.0835772417" lon="73.9102579281"><ele>1.58</ele><time>2025-11-16T03:30:57Z</time><extensions><gpxtpx:TrackPointExtension><gpxtpx:cad>0</gpxtpx:cad></gpxtpx:TrackPointExtension></extensions></trkpt><trkpt lat="15.0837225839" lon="73.9101912919"><ele>2.06</ele><time>2025-11-16T03:31:02Z</time><extensions><gpxtpx:TrackPointExtension><gpxtpx:cad>0</gpxtpx:cad></gpxtpx:TrackPointExtension></extensions></trkpt><trkpt lat="15.0838690158" lon="73.9101061318"><ele>2.06</ele><time>2025-11-16T03:31:07Z</time><extensions><gpxtpx:TrackPointExtension><gpxtpx:cad>0</gpxtpx:cad></gpxtpx:TrackPointExtension></extensions></trkpt><trkpt lat="15.0840061437" lon="73.9100219775"><ele>2.54</ele><time>2025-11-16T03:31:12Z</time><extensions><gpxtpx:TrackPointExtension><gpxtpx:cad>0</gpxtpx:cad></gpxtpx:TrackPointExtension></extensions></trkpt><trkpt lat="15.0841639750" lon="73.9099417627"><ele>2.54</ele><time>2025-11-16T03:31:17Z</time><extensions><gpxtpx:TrackPointExtension><gpxtpx:cad>0</gpxtpx:cad></gpxtpx:TrackPointExtension></extensions></trkpt><trkpt lat="15.0843083113" lon="73.9098764677"><ele>2.54</ele><time>2025-11-16T03:31:22Z</time><extensions><gpxtpx:TrackPointExtension><gpxtpx:cad>0</gpxtpx:cad></gpxtpx:TrackPointExtension></extensions></trkpt><trkpt lat="15.0844572578" lon="73.9098042995"><ele>3.02</ele><time>2025-11-16T03:31:27Z</time><extensions><gpxtpx:TrackPointExtension><gpxtpx:cad>0</gpxtpx:cad></gpxtpx:TrackPointExtension></extensions></trkpt><trkpt lat="15.0846116524" lon="73.9097312931"><ele>2.54</ele><time>2025-11-16T03:31:32Z</time><extensions><gpxtpx:TrackPointExtension><gpxtpx:cad>0</gpxtpx:cad></gpxtpx:TrackPointExtension></extensions></trkpt><trkpt lat="15.0847621914" lon="73.9096623939"><ele>2.06</ele><time>2025-11-16T03:31:37Z</time><extensions><gpxtpx:TrackPointExtension><gpxtpx:cad>0</gpxtpx:cad></gpxtpx:TrackPointExtension></extensions></trkpt><trkpt lat="15.0849091262" lon="73.9095952548"><ele>2.54</ele><time>2025-11-16T03:31:42Z</time><extensions><gpxtpx:TrackPointExtension><gpxtpx:cad>0</gpxtpx:cad></gpxtpx:TrackPointExtension></extensions></trkpt><trkpt lat="15.0850536302" lon="73.9095250145"><ele>2.54</ele><time>2025-11-16T03:31:47Z</time><extensions><gpxtpx:TrackPointExtension><gpxtpx:cad>0</gpxtpx:cad></gpxtpx:TrackPointExtension></extensions></trkpt><trkpt lat="15.0852092821" lon="73.9094349928"><ele>2.54</ele><time>2025-11-16T03:31:52Z</time><extensions><gpxtpx:TrackPointExtension><gpxtpx:cad>0</gpxtpx:cad></gpxtpx:TrackPointExtension></extensions></trkpt><trkpt lat="15.0853534508" lon="73.9093406126"><ele>3.02</ele><time>2025-11-16T03:31:57Z</time><extensions><gpxtpx:TrackPointExtension><gpxtpx:cad>0</gpxtpx:cad></gpxtpx:TrackPointExtension></extensions></trkpt><trkpt lat="15.0854887348" lon="73.9092552010"><ele>2.54</ele><time>2025-11-16T03:32:02Z</time><extensions><gpxtpx:TrackPointExtension><gpxtpx:cad>0</gpxtpx:cad></gpxtpx:TrackPointExtension></extensions></trkpt><trkpt lat="15.0856355019" lon="73.9091624133"><ele>2.54</ele><time>2025-11-16T03:32:07Z</time><extensions><gpxtpx:TrackPointExtension><gpxtpx:cad>0</gpxtpx:cad></gpxtpx:TrackPointExtension></extensions></trkpt><trkpt lat="15.0857839454" lon="73.9090704639"><ele>2.54</ele><time>2025-11-16T03:32:12Z</time><extensions><gpxtpx:TrackPointExtension><gpxtpx:cad>0</gpxtpx:cad></gpxtpx:TrackPointExtension></extensions></trkpt><trkpt lat="15.0859139487" lon="73.9089762513"><ele>2.54</ele><time>2025-11-16T03:32:17Z</time><extensions><gpxtpx:TrackPointExtension><gpxtpx:cad>0</gpxtpx:cad></gpxtpx:TrackPointExtension></extensions></trkpt><trkpt lat="15.0860504061" lon="73.9088734891"><ele>2.54</ele><time>2025-11-16T03:32:22Z</time><extensions><gpxtpx:TrackPointExtension><gpxtpx:cad>0</gpxtpx:cad></gpxtpx:TrackPointExtension></extensions></trkpt><trkpt lat="15.0861838460" lon="73.9087719005"><ele>2.06</ele><time>2025-11-16T03:32:27Z</time><extensions><gpxtpx:TrackPointExtension><gpxtpx:cad>0</gpxtpx:cad></gpxtpx:TrackPointExtension></extensions></trkpt><trkpt lat="15.0863221474" lon="73.9086794481"><ele>2.54</ele><time>2025-11-16T03:32:32Z</time><extensions><gpxtpx:TrackPointExtension><gpxtpx:cad>0</gpxtpx:cad></gpxtpx:TrackPointExtension></extensions></trkpt><trkpt lat="15.0864636339" lon="73.9085885044"><ele>2.54</ele><time>2025-11-16T03:32:37Z</time><extensions><gpxtpx:TrackPointExtension><gpxtpx:cad>0</gpxtpx:cad></gpxtpx:TrackPointExtension></extensions></trkpt><trkpt lat="15.0866114907" lon="73.9084945433"><ele>2.54</ele><time>2025-11-16T03:32:42Z</time><extensions><gpxtpx:TrackPointExtension><gpxtpx:cad>0</gpxtpx:cad></gpxtpx:TrackPointExtension></extensions></trkpt><trkpt lat="15.0867537316" lon="73.9084130712"><ele>2.54</ele><time>2025-11-16T03:32:47Z</time><extensions><gpxtpx:TrackPointExtension><gpxtpx:cad>0</gpxtpx:cad></gpxtpx:TrackPointExtension></extensions></trkpt><trkpt lat="15.0869029295" lon="73.9083449263"><ele>2.54</ele><time>2025-11-16T03:32:52Z</time><extensions><gpxtpx:TrackPointExtension><gpxtpx:cad>0</gpxtpx:cad></gpxtpx:TrackPointExtension></extensions></trkpt><trkpt lat="15.0870589167" lon="73.9082792960"><ele>3.02</ele><time>2025-11-16T03:32:57Z</time><extensions><gpxtpx:TrackPointExtension><gpxtpx:cad>0</gpxtpx:cad></gpxtpx:TrackPointExtension></extensions></trkpt><trkpt lat="15.0872116350" lon="73.9081976563"><ele>3.02</ele><time>2025-11-16T03:33:02Z</time><extensions><gpxtpx:TrackPointExtension><gpxtpx:cad>0</gpxtpx:cad></gpxtpx:TrackPointExtension></extensions></trkpt><trkpt lat="15.0873539597" lon="73.9081186149"><ele>3.02</ele><time>2025-11-16T03:33:07Z</time><extensions><gpxtpx:TrackPointExtension><gpxtpx:cad>0</gpxtpx:cad></gpxtpx:TrackPointExtension></extensions></trkpt><trkpt lat="15.0875070132" lon="73.9080364723"><ele>3.02</ele><time>2025-11-16T03:33:12Z</time><extensions><gpxtpx:TrackPointExtension><gpxtpx:cad>0</gpxtpx:cad></gpxtpx:TrackPointExtension></extensions></trkpt><trkpt lat="15.0876510981" lon="73.9079495519"><ele>3.02</ele><time>2025-11-16T03:33:17Z</time><extensions><gpxtpx:TrackPointExtension><gpxtpx:cad>0</gpxtpx:cad></gpxtpx:TrackPointExtension></extensions></trkpt><trkpt lat="15.0877839513" lon="73.9078669064"><ele>2.54</ele><time>2025-11-16T03:33:22Z</time><extensions><gpxtpx:TrackPointExtension><gpxtpx:cad>0</gpxtpx:cad></gpxtpx:TrackPointExtension></extensions></trkpt><trkpt lat="15.0879274495" lon="73.9077762980"><ele>3.02</ele><time>2025-11-16T03:33:27Z</time><extensions><gpxtpx:TrackPointExtension><gpxtpx:cad>0</gpxtpx:cad></gpxtpx:TrackPointExtension></extensions></trkpt><trkpt lat="15.0880714506" lon="73.9076872822"><ele>3.02</ele><time>2025-11-16T03:33:32Z</time><extensions><gpxtpx:TrackPointExtension><gpxtpx:cad>0</gpxtpx:cad></gpxtpx:TrackPointExtension></extensions></trkpt><trkpt lat="15.0882101711" lon="73.9076113421"><ele>3.02</ele><time>2025-11-16T03:33:37Z</time><extensions><gpxtpx:TrackPointExtension><gpxtpx:cad>0</gpxtpx:cad></gpxtpx:TrackPointExtension></extensions></trkpt><trkpt lat="15.0883602910" lon="73.9075376652"><ele>3.50</ele><time>2025-11-16T03:33:42Z</time><extensions><gpxtpx:TrackPointExtension><gpxtpx:cad>0</gpxtpx:cad></gpxtpx:TrackPointExtension></extensions></trkpt><trkpt lat="15.0885080639" lon="73.9074639045"><ele>3.50</ele><time>2025-11-16T03:33:47Z</time><extensions><gpxtpx:TrackPointExtension><gpxtpx:cad>0</gpxtpx:cad></gpxtpx:TrackPointExtension></extensions></trkpt><trkpt lat="15.0886689965" lon="73.9073913172"><ele>3.50</ele><time>2025-11-16T03:33:52Z</time><extensions><gpxtpx:TrackPointExtension><gpxtpx:cad>0</gpxtpx:cad></gpxtpx:TrackPointExtension></extensions></trkpt><trkpt lat="15.0888202060" lon="73.9073291235"><ele>3.50</ele><time>2025-11-16T03:33:57Z</time><extensions><gpxtpx:TrackPointExtension><gpxtpx:cad>0</gpxtpx:cad></gpxtpx:TrackPointExtension></extensions></trkpt><trkpt lat="15.0889765285" lon="73.9072553627"><ele>3.02</ele><time>2025-11-16T03:34:02Z</time><extensions><gpxtpx:TrackPointExtension><gpxtpx:cad>0</gpxtpx:cad></gpxtpx:TrackPointExtension></extensions></trkpt><trkpt lat="15.0891357847" lon="73.9071835298"><ele>2.54</ele><time>2025-11-16T03:34:07Z</time><extensions><gpxtpx:TrackPointExtension><gpxtpx:cad>0</gpxtpx:cad></gpxtpx:TrackPointExtension></extensions></trkpt><trkpt lat="15.0892823003" lon="73.9070979506"><ele>2.54</ele><time>2025-11-16T03:34:12Z</time><extensions><gpxtpx:TrackPointExtension><gpxtpx:cad>0</gpxtpx:cad></gpxtpx:TrackPointExtension></extensions></trkpt><trkpt lat="15.0894211885" lon="73.9070080128"><ele>2.54</ele><time>2025-11-16T03:34:17Z</time><extensions><gpxtpx:TrackPointExtension><gpxtpx:cad>0</gpxtpx:cad></gpxtpx:TrackPointExtension></extensions></trkpt><trkpt lat="15.0895776786" lon="73.9069258701"><ele>2.06</ele><time>2025-11-16T03:34:22Z</time><extensions><gpxtpx:TrackPointExtension><gpxtpx:cad>0</gpxtpx:cad></gpxtpx:TrackPointExtension></extensions></trkpt><trkpt lat="15.0897274632" lon="73.9068469126"><ele>2.06</ele><time>2025-11-16T03:34:27Z</time><extensions><gpxtpx:TrackPointExtension><gpxtpx:cad>0</gpxtpx:cad></gpxtpx:TrackPointExtension></extensions></trkpt><trkpt lat="15.0898787566" lon="73.9067603275"><ele>2.06</ele><time>2025-11-16T03:34:32Z</time><extensions><gpxtpx:TrackPointExtension><gpxtpx:cad>0</gpxtpx:cad></gpxtpx:TrackPointExtension></extensions></trkpt><trkpt lat="15.0900270324" lon="73.9066781010"><ele>2.06</ele><time>2025-11-16T03:34:37Z</time><extensions><gpxtpx:TrackPointExtension><gpxtpx:cad>0</gpxtpx:cad></gpxtpx:TrackPointExtension></extensions></trkpt><trkpt lat="15.0901903957" lon="73.9066317491"><ele>2.54</ele><time>2025-11-16T03:34:42Z</time><extensions><gpxtpx:TrackPointExtension><gpxtpx:cad>0</gpxtpx:cad></gpxtpx:TrackPointExtension></extensions></trkpt><trkpt lat="15.0903541781" lon="73.9065853972"><ele>2.54</ele><time>2025-11-16T03:34:47Z</time><extensions><gpxtpx:TrackPointExtension><gpxtpx:cad>0</gpxtpx:cad></gpxtpx:TrackPointExtension></extensions></trkpt><trkpt lat="15.0905032083" lon="73.9065232873"><ele>3.50</ele><time>2025-11-16T03:34:52Z</time><extensions><gpxtpx:TrackPointExtension><gpxtpx:cad>0</gpxtpx:cad></gpxtpx:TrackPointExtension></extensions></trkpt><trkpt lat="15.0906582735" lon="73.9064482693"><ele>3.50</ele><time>2025-11-16T03:34:57Z</time><extensions><gpxtpx:TrackPointExtension><gpxtpx:cad>0</gpxtpx:cad></gpxtpx:TrackPointExtension></extensions></trkpt><trkpt lat="15.0908217207" lon="73.9063974749"><ele>2.54</ele><time>2025-11-16T03:35:02Z</time><extensions><gpxtpx:TrackPointExtension><gpxtpx:cad>0</gpxtpx:cad></gpxtpx:TrackPointExtension></extensions></trkpt><trkpt lat="15.0909776241" lon="73.9063590020"><ele>2.54</ele><time>2025-11-16T03:35:07Z</time><extensions><gpxtpx:TrackPointExtension><gpxtpx:cad>0</gpxtpx:cad></gpxtpx:TrackPointExtension></extensions></trkpt><trkpt lat="15.0911424123" lon="73.9063528832"><ele>2.54</ele><time>2025-11-16T03:35:12Z</time><extensions><gpxtpx:TrackPointExtension><gpxtpx:cad>0</gpxtpx:cad></gpxtpx:TrackPointExtension></extensions></trkpt><trkpt lat="15.0912977289" lon="73.9063997380"><ele>3.02</ele><time>2025-11-16T03:35:17Z</time><extensions><gpxtpx:TrackPointExtension><gpxtpx:cad>0</gpxtpx:cad></gpxtpx:TrackPointExtension></extensions></trkpt><trkpt lat="15.0914561469" lon="73.9064600039"><ele>3.50</ele><time>2025-11-16T03:35:22Z</time><extensions><gpxtpx:TrackPointExtension><gpxtpx:cad>0</gpxtpx:cad></gpxtpx:TrackPointExtension></extensions></trkpt><trkpt lat="15.0916154869" lon="73.9065177552"><ele>3.02</ele><time>2025-11-16T03:35:27Z</time><extensions><gpxtpx:TrackPointExtension><gpxtpx:cad>0</gpxtpx:cad></gpxtpx:TrackPointExtension></extensions></trkpt><trkpt lat="15.0917661097" lon="73.9065855648"><ele>3.02</ele><time>2025-11-16T03:35:32Z</time><extensions><gpxtpx:TrackPointExtension><gpxtpx:cad>0</gpxtpx:cad></gpxtpx:TrackPointExtension></extensions></trkpt><trkpt lat="15.0919107813" lon="73.9066558890"><ele>3.02</ele><time>2025-11-16T03:35:37Z</time><extensions><gpxtpx:TrackPointExtension><gpxtpx:cad>0</gpxtpx:cad></gpxtpx:TrackPointExtension></extensions></trkpt><trkpt lat="15.0920610689" lon="73.9067352656"><ele>3.02</ele><time>2025-11-16T03:35:42Z</time><extensions><gpxtpx:TrackPointExtension><gpxtpx:cad>0</gpxtpx:cad></gpxtpx:TrackPointExtension></extensions></trkpt><trkpt lat="15.0921986997" lon="73.9068296459"><ele>2.54</ele><time>2025-11-16T03:35:47Z</time><extensions><gpxtpx:TrackPointExtension><gpxtpx:cad>0</gpxtpx:cad></gpxtpx:TrackPointExtension></extensions></trkpt><trkpt lat="15.0923385099" lon="73.9069204219"><ele>2.06</ele><time>2025-11-16T03:35:52Z</time><extensions><gpxtpx:TrackPointExtension><gpxtpx:cad>0</gpxtpx:cad></gpxtpx:TrackPointExtension></extensions></trkpt><trkpt lat="15.0924833491" lon="73.9069982059"><ele>1.58</ele><time>2025-11-16T03:35:57Z</time><extensions><gpxtpx:TrackPointExtension><gpxtpx:cad>0</gpxtpx:cad></gpxtpx:TrackPointExtension></extensions></trkpt><trkpt lat="15.0926222373" lon="73.9070759062"><ele>1.58</ele><time>2025-11-16T03:36:02Z</time><extensions><gpxtpx:TrackPointExtension><gpxtpx:cad>0</gpxtpx:cad></gpxtpx:TrackPointExtension></extensions></trkpt><trkpt lat="15.0927695911" lon="73.9071726333"><ele>1.58</ele><time>2025-11-16T03:36:07Z</time><extensions><gpxtpx:TrackPointExtension><gpxtpx:cad>0</gpxtpx:cad></gpxtpx:TrackPointExtension></extensions></trkpt><trkpt lat="15.0929167774" lon="73.9072562009"><ele>1.58</ele><time>2025-11-16T03:36:12Z</time><extensions><gpxtpx:TrackPointExtension><gpxtpx:cad>0</gpxtpx:cad></gpxtpx:TrackPointExtension></extensions></trkpt><trkpt lat="15.0930625387" lon="73.9073370863"><ele>1.58</ele><time>2025-11-16T03:36:17Z</time><extensions><gpxtpx:TrackPointExtension><gpxtpx:cad>0</gpxtpx:cad></gpxtpx:TrackPointExtension></extensions></trkpt><trkpt lat="15.0932052825" lon="73.9074236713"><ele>1.58</ele><time>2025-11-16T03:36:22Z</time><extensions><gpxtpx:TrackPointExtension><gpxtpx:cad>0</gpxtpx:cad></gpxtpx:TrackPointExtension></extensions></trkpt><trkpt lat="15.0933481939" lon="73.9075100888"><ele>1.10</ele><time>2025-11-16T03:36:27Z</time><extensions><gpxtpx:TrackPointExtension><gpxtpx:cad>0</gpxtpx:cad></gpxtpx:TrackPointExtension></extensions></trkpt><trkpt lat="15.0934938714" lon="73.9075921476"><ele>1.10</ele><time>2025-11-16T03:36:32Z</time><extensions><gpxtpx:TrackPointExtension><gpxtpx:cad>0</gpxtpx:cad></gpxtpx:TrackPointExtension></extensions></trkpt><trkpt lat="15.0936438236" lon="73.9076740388"><ele>1.10</ele><time>2025-11-16T03:36:37Z</time><extensions><gpxtpx:TrackPointExtension><gpxtpx:cad>0</gpxtpx:cad></gpxtpx:TrackPointExtension></extensions></trkpt><trkpt lat="15.0937857293" lon="73.9077502303"><ele>1.10</ele><time>2025-11-16T03:36:42Z</time><extensions><gpxtpx:TrackPointExtension><gpxtpx:cad>0</gpxtpx:cad></gpxtpx:TrackPointExtension></extensions></trkpt><trkpt lat="15.0939333346" lon="73.9078353904"><ele>1.58</ele><time>2025-11-16T03:36:47Z</time><extensions><gpxtpx:TrackPointExtension><gpxtpx:cad>0</gpxtpx:cad></gpxtpx:TrackPointExtension></extensions></trkpt><trkpt lat="15.0940750726" lon="73.9079179522"><ele>1.10</ele><time>2025-11-16T03:36:52Z</time><extensions><gpxtpx:TrackPointExtension><gpxtpx:cad>0</gpxtpx:cad></gpxtpx:TrackPointExtension></extensions></trkpt><trkpt lat="15.0942192413" lon="73.9079917967"><ele>1.10</ele><time>2025-11-16T03:36:57Z</time><extensions><gpxtpx:TrackPointExtension><gpxtpx:cad>0</gpxtpx:cad></gpxtpx:TrackPointExtension></extensions></trkpt><trkpt lat="15.0943595544" lon="73.9080665633"><ele>0.62</ele><time>2025-11-16T03:37:02Z</time><extensions><gpxtpx:TrackPointExtension><gpxtpx:cad>0</gpxtpx:cad></gpxtpx:TrackPointExtension></extensions></trkpt><trkpt lat="15.0945018791" lon="73.9081512205"><ele>0.62</ele><time>2025-11-16T03:37:07Z</time><extensions><gpxtpx:TrackPointExtension><gpxtpx:cad>0</gpxtpx:cad></gpxtpx:TrackPointExtension></extensions></trkpt><trkpt lat="15.0946384203" lon="73.9082209580"><ele>0.14</ele><time>2025-11-16T03:37:12Z</time><extensions><gpxtpx:TrackPointExtension><gpxtpx:cad>0</gpxtpx:cad></gpxtpx:TrackPointExtension></extensions></trkpt><trkpt lat="15.0947875343" lon="73.9082975686"><ele>0.14</ele><time>2025-11-16T03:37:17Z</time><extensions><gpxtpx:TrackPointExtension><gpxtpx:cad>0</gpxtpx:cad></gpxtpx:TrackPointExtension></extensions></trkpt><trkpt lat="15.0949275959" lon="73.9083660487"><ele>1.58</ele><time>2025-11-16T03:37:22Z</time><extensions><gpxtpx:TrackPointExtension><gpxtpx:cad>0</gpxtpx:cad></gpxtpx:TrackPointExtension></extensions></trkpt><trkpt lat="15.0950751174" lon="73.9084397256"><ele>2.06</ele><time>2025-11-16T03:37:27Z</time><extensions><gpxtpx:TrackPointExtension><gpxtpx:cad>0</gpxtpx:cad></gpxtpx:TrackPointExtension></extensions></trkpt><trkpt lat="15.0952093117" lon="73.9085144084"><ele>3.02</ele><time>2025-11-16T03:37:32Z</time><extensions><gpxtpx:TrackPointExtension><gpxtpx:cad>0</gpxtpx:cad></gpxtpx:TrackPointExtension></extensions></trkpt><trkpt lat="15.0953531452" lon="73.9085955452"><ele>2.54</ele><time>2025-11-16T03:37:37Z</time><extensions><gpxtpx:TrackPointExtension><gpxtpx:cad>0</gpxtpx:cad></gpxtpx:TrackPointExtension></extensions></trkpt><trkpt lat="15.0954897702" lon="73.9086648636"><ele>2.54</ele><time>2025-11-16T03:37:42Z</time><extensions><gpxtpx:TrackPointExtension><gpxtpx:cad>0</gpxtpx:cad></gpxtpx:TrackPointExtension></extensions></trkpt><trkpt lat="15.0956314243" lon="73.9087386243"><ele>2.06</ele><time>2025-11-16T03:37:47Z</time><extensions><gpxtpx:TrackPointExtension><gpxtpx:cad>0</gpxtpx:cad></gpxtpx:TrackPointExtension></extensions></trkpt><trkpt lat="15.0957776885" lon="73.9088133071"><ele>2.06</ele><time>2025-11-16T03:37:52Z</time><extensions><gpxtpx:TrackPointExtension><gpxtpx:cad>0</gpxtpx:cad></gpxtpx:TrackPointExtension></extensions></trkpt><trkpt lat="15.0959102064" lon="73.9088889956"><ele>2.06</ele><time>2025-11-16T03:37:57Z</time><extensions><gpxtpx:TrackPointExtension><gpxtpx:cad>0</gpxtpx:cad></gpxtpx:TrackPointExtension></extensions></trkpt><trkpt lat="15.0960446522" lon="73.9089695457"><ele>1.58</ele><time>2025-11-16T03:38:02Z</time><extensions><gpxtpx:TrackPointExtension><gpxtpx:cad>0</gpxtpx:cad></gpxtpx:TrackPointExtension></extensions></trkpt><trkpt lat="15.0961764157" lon="73.9090589806"><ele>1.58</ele><time>2025-11-16T03:38:07Z</time><extensions><gpxtpx:TrackPointExtension><gpxtpx:cad>0</gpxtpx:cad></gpxtpx:TrackPointExtension></extensions></trkpt><trkpt lat="15.0963109452" lon="73.9091245271"><ele>1.58</ele><time>2025-11-16T03:38:12Z</time><extensions><gpxtpx:TrackPointExtension><gpxtpx:cad>0</gpxtpx:cad></gpxtpx:TrackPointExtension></extensions></trkpt><trkpt lat="15.0964764040" lon="73.9091970306"><ele>2.06</ele><time>2025-11-16T03:38:17Z</time><extensions><gpxtpx:TrackPointExtension><gpxtpx:cad>0</gpxtpx:cad></gpxtpx:TrackPointExtension></extensions></trkpt><trkpt lat="15.0966047309" lon="73.9092629123"><ele>2.06</ele><time>2025-11-16T03:38:22Z</time><extensions><gpxtpx:TrackPointExtension><gpxtpx:cad>0</gpxtpx:cad></gpxtpx:TrackPointExtension></extensions></trkpt><trkpt lat="15.0967480615" lon="73.9093375951"><ele>1.58</ele><time>2025-11-16T03:38:27Z</time><extensions><gpxtpx:TrackPointExtension><gpxtpx:cad>0</gpxtpx:cad></gpxtpx:TrackPointExtension></extensions></trkpt><trkpt lat="15.0968855247" lon="73.9094023034"><ele>2.06</ele><time>2025-11-16T03:38:32Z</time><extensions><gpxtpx:TrackPointExtension><gpxtpx:cad>0</gpxtpx:cad></gpxtpx:TrackPointExtension></extensions></trkpt><trkpt lat="15.0970352255" lon="73.9094856195"><ele>2.06</ele><time>2025-11-16T03:38:37Z</time><extensions><gpxtpx:TrackPointExtension><gpxtpx:cad>0</gpxtpx:cad></gpxtpx:TrackPointExtension></extensions></trkpt><trkpt lat="15.0971783046" lon="73.9095616434"><ele>2.54</ele><time>2025-11-16T03:38:42Z</time><extensions><gpxtpx:TrackPointExtension><gpxtpx:cad>0</gpxtpx:cad></gpxtpx:TrackPointExtension></extensions></trkpt><trkpt lat="15.0973213837" lon="73.9096382540"><ele>2.06</ele><time>2025-11-16T03:38:47Z</time><extensions><gpxtpx:TrackPointExtension><gpxtpx:cad>0</gpxtpx:cad></gpxtpx:TrackPointExtension></extensions></trkpt><trkpt lat="15.0974575058" lon="73.9097217377"><ele>1.58</ele><time>2025-11-16T03:38:52Z</time><extensions><gpxtpx:TrackPointExtension><gpxtpx:cad>0</gpxtpx:cad></gpxtpx:TrackPointExtension></extensions></trkpt><trkpt lat="15.0975997467" lon="73.9098026231"><ele>1.58</ele><time>2025-11-16T03:38:57Z</time><extensions><gpxtpx:TrackPointExtension><gpxtpx:cad>0</gpxtpx:cad></gpxtpx:TrackPointExtension></extensions></trkpt><trkpt lat="15.0977460947" lon="73.9098902140"><ele>1.58</ele><time>2025-11-16T03:39:02Z</time><extensions><gpxtpx:TrackPointExtension><gpxtpx:cad>0</gpxtpx:cad></gpxtpx:TrackPointExtension></extensions></trkpt><trkpt lat="15.0978874974" lon="73.9099669084"><ele>1.58</ele><time>2025-11-16T03:39:07Z</time><extensions><gpxtpx:TrackPointExtension><gpxtpx:cad>0</gpxtpx:cad></gpxtpx:TrackPointExtension></extensions></trkpt><trkpt lat="15.0980339292" lon="73.9100403339"><ele>1.58</ele><time>2025-11-16T03:39:12Z</time><extensions><gpxtpx:TrackPointExtension><gpxtpx:cad>0</gpxtpx:cad></gpxtpx:TrackPointExtension></extensions></trkpt><trkpt lat="15.0981777627" lon="73.9101122506"><ele>1.58</ele><time>2025-11-16T03:39:17Z</time><extensions><gpxtpx:TrackPointExtension><gpxtpx:cad>0</gpxtpx:cad></gpxtpx:TrackPointExtension></extensions></trkpt><trkpt lat="15.0983253680" lon="73.9101885259"><ele>1.58</ele><time>2025-11-16T03:39:22Z</time><extensions><gpxtpx:TrackPointExtension><gpxtpx:cad>0</gpxtpx:cad></gpxtpx:TrackPointExtension></extensions></trkpt><trkpt lat="15.0984681118" lon="73.9102545753"><ele>1.58</ele><time>2025-11-16T03:39:27Z</time><extensions><gpxtpx:TrackPointExtension><gpxtpx:cad>0</gpxtpx:cad></gpxtpx:TrackPointExtension></extensions></trkpt><trkpt lat="15.0985955168" lon="73.9103379752"><ele>1.58</ele><time>2025-11-16T03:39:32Z</time><extensions><gpxtpx:TrackPointExtension><gpxtpx:cad>0</gpxtpx:cad></gpxtpx:TrackPointExtension></extensions></trkpt><trkpt lat="15.0987314712" lon="73.9104324393"><ele>1.58</ele><time>2025-11-16T03:39:37Z</time><extensions><gpxtpx:TrackPointExtension><gpxtpx:cad>0</gpxtpx:cad></gpxtpx:TrackPointExtension></extensions></trkpt><trkpt lat="15.0988734607" lon="73.9105223771"><ele>1.58</ele><time>2025-11-16T03:39:42Z</time><extensions><gpxtpx:TrackPointExtension><gpxtpx:cad>0</gpxtpx:cad></gpxtpx:TrackPointExtension></extensions></trkpt><trkpt lat="15.0990225747" lon="73.9106083754"><ele>1.58</ele><time>2025-11-16T03:39:47Z</time><extensions><gpxtpx:TrackPointExtension><gpxtpx:cad>0</gpxtpx:cad></gpxtpx:TrackPointExtension></extensions></trkpt><trkpt lat="15.0991612952" lon="73.9106804598"><ele>0.62</ele><time>2025-11-16T03:39:52Z</time><extensions><gpxtpx:TrackPointExtension><gpxtpx:cad>0</gpxtpx:cad></gpxtpx:TrackPointExtension></extensions></trkpt><trkpt lat="15.0993083976" lon="73.9107574895"><ele>0.62</ele><time>2025-11-16T03:39:57Z</time><extensions><gpxtpx:TrackPointExtension><gpxtpx:cad>0</gpxtpx:cad></gpxtpx:TrackPointExtension></extensions></trkpt><trkpt lat="15.0994477887" lon="73.9108267240"><ele>0.62</ele><time>2025-11-16T03:40:02Z</time><extensions><gpxtpx:TrackPointExtension><gpxtpx:cad>0</gpxtpx:cad></gpxtpx:TrackPointExtension></extensions></trkpt><trkpt lat="15.0995960645" lon="73.9109102916"><ele>0.62</ele><time>2025-11-16T03:40:07Z</time><extensions><gpxtpx:TrackPointExtension><gpxtpx:cad>0</gpxtpx:cad></gpxtpx:TrackPointExtension></extensions></trkpt><trkpt lat="15.0997430831" lon="73.9109934401"><ele>1.10</ele><time>2025-11-16T03:40:12Z</time><extensions><gpxtpx:TrackPointExtension><gpxtpx:cad>0</gpxtpx:cad></gpxtpx:TrackPointExtension></extensions></trkpt><trkpt lat="15.0998698175" lon="73.9110786002"><ele>1.10</ele><time>2025-11-16T03:40:17Z</time><extensions><gpxtpx:TrackPointExtension><gpxtpx:cad>0</gpxtpx:cad></gpxtpx:TrackPointExtension></extensions></trkpt><trkpt lat="15.1000064425" lon="73.9111666940"><ele>1.10</ele><time>2025-11-16T03:40:22Z</time><extensions><gpxtpx:TrackPointExtension><gpxtpx:cad>0</gpxtpx:cad></gpxtpx:TrackPointExtension></extensions></trkpt><trkpt lat="15.1001411397" lon="73.9112531953"><ele>1.58</ele><time>2025-11-16T03:40:27Z</time><extensions><gpxtpx:TrackPointExtension><gpxtpx:cad>0</gpxtpx:cad></gpxtpx:TrackPointExtension></extensions></trkpt><trkpt lat="15.1002875715" lon="73.9113443904"><ele>1.58</ele><time>2025-11-16T03:40:32Z</time><extensions><gpxtpx:TrackPointExtension><gpxtpx:cad>0</gpxtpx:cad></gpxtpx:TrackPointExtension></extensions></trkpt><trkpt lat="15.1004281361" lon="73.9114279579"><ele>1.58</ele><time>2025-11-16T03:40:37Z</time><extensions><gpxtpx:TrackPointExtension><gpxtpx:cad>0</gpxtpx:cad></gpxtpx:TrackPointExtension></extensions></trkpt><trkpt lat="15.1005717181" lon="73.9115138724"><ele>2.06</ele><time>2025-11-16T03:40:42Z</time><extensions><gpxtpx:TrackPointExtension><gpxtpx:cad>0</gpxtpx:cad></gpxtpx:TrackPointExtension></extensions></trkpt><trkpt lat="15.1007167250" lon="73.9115986135"><ele>2.54</ele><time>2025-11-16T03:40:47Z</time><extensions><gpxtpx:TrackPointExtension><gpxtpx:cad>0</gpxtpx:cad></gpxtpx:TrackPointExtension></extensions></trkpt><trkpt lat="15.1008476503" lon="73.9116897248"><ele>2.54</ele><time>2025-11-16T03:40:52Z</time><extensions><gpxtpx:TrackPointExtension><gpxtpx:cad>0</gpxtpx:cad></gpxtpx:TrackPointExtension></extensions></trkpt><trkpt lat="15.1009962615" lon="73.9117706101"><ele>2.54</ele><time>2025-11-16T03:40:57Z</time><extensions><gpxtpx:TrackPointExtension><gpxtpx:cad>0</gpxtpx:cad></gpxtpx:TrackPointExtension></extensions></trkpt><trkpt lat="15.1011514943" lon="73.9118479751"><ele>2.54</ele><time>2025-11-16T03:41:02Z</time><extensions><gpxtpx:TrackPointExtension><gpxtpx:cad>0</gpxtpx:cad></gpxtpx:TrackPointExtension></extensions></trkpt><trkpt lat="15.1012992673" lon="73.9119238313"><ele>2.54</ele><time>2025-11-16T03:41:07Z</time><extensions><gpxtpx:TrackPointExtension><gpxtpx:cad>0</gpxtpx:cad></gpxtpx:TrackPointExtension></extensions></trkpt><trkpt lat="15.1014289353" lon="73.9120006096"><ele>2.54</ele><time>2025-11-16T03:41:12Z</time><extensions><gpxtpx:TrackPointExtension><gpxtpx:cad>0</gpxtpx:cad></gpxtpx:TrackPointExtension></extensions></trkpt><trkpt lat="15.1015721820" lon="73.9120835904"><ele>3.02</ele><time>2025-11-16T03:41:17Z</time><extensions><gpxtpx:TrackPointExtension><gpxtpx:cad>0</gpxtpx:cad></gpxtpx:TrackPointExtension></extensions></trkpt><trkpt lat="15.1017191168" lon="73.9121663198"><ele>3.02</ele><time>2025-11-16T03:41:22Z</time><extensions><gpxtpx:TrackPointExtension><gpxtpx:cad>0</gpxtpx:cad></gpxtpx:TrackPointExtension></extensions></trkpt><trkpt lat="15.1018499583" lon="73.9122497197"><ele>2.06</ele><time>2025-11-16T03:41:27Z</time><extensions><gpxtpx:TrackPointExtension><gpxtpx:cad>0</gpxtpx:cad></gpxtpx:TrackPointExtension></extensions></trkpt><trkpt lat="15.1019884273" lon="73.9123330358"><ele>2.06</ele><time>2025-11-16T03:41:32Z</time><extensions><gpxtpx:TrackPointExtension><gpxtpx:cad>0</gpxtpx:cad></gpxtpx:TrackPointExtension></extensions></trkpt><trkpt lat="15.1021284889" lon="73.9124165196"><ele>1.58</ele><time>2025-11-16T03:41:37Z</time><extensions><gpxtpx:TrackPointExtension><gpxtpx:cad>0</gpxtpx:cad></gpxtpx:TrackPointExtension></extensions></trkpt><trkpt lat="15.1022677124" lon="73.9125017636"><ele>1.58</ele><time>2025-11-16T03:41:42Z</time><extensions><gpxtpx:TrackPointExtension><gpxtpx:cad>0</gpxtpx:cad></gpxtpx:TrackPointExtension></extensions></trkpt><trkpt lat="15.1024090312" lon="73.9125905279"><ele>1.10</ele><time>2025-11-16T03:41:47Z</time><extensions><gpxtpx:TrackPointExtension><gpxtpx:cad>0</gpxtpx:cad></gpxtpx:TrackPointExtension></extensions></trkpt><trkpt lat="15.1025517751" lon="73.9126708265"><ele>1.10</ele><time>2025-11-16T03:41:52Z</time><extensions><gpxtpx:TrackPointExtension><gpxtpx:cad>0</gpxtpx:cad></gpxtpx:TrackPointExtension></extensions></trkpt><trkpt lat="15.1027021464" lon="73.9127491135"><ele>1.10</ele><time>2025-11-16T03:41:57Z</time><extensions><gpxtpx:TrackPointExtension><gpxtpx:cad>0</gpxtpx:cad></gpxtpx:TrackPointExtension></extensions></trkpt><trkpt lat="15.1028471533" lon="73.9128175098"><ele>1.10</ele><time>2025-11-16T03:42:02Z</time><extensions><gpxtpx:TrackPointExtension><gpxtpx:cad>0</gpxtpx:cad></gpxtpx:TrackPointExtension></extensions></trkpt><trkpt lat="15.1029815990" lon="73.9128945395"><ele>1.10</ele><time>2025-11-16T03:42:07Z</time><extensions><gpxtpx:TrackPointExtension><gpxtpx:cad>0</gpxtpx:cad></gpxtpx:TrackPointExtension></extensions></trkpt><trkpt lat="15.1031207386" lon="73.9129828010"><ele>1.10</ele><time>2025-11-16T03:42:12Z</time><extensions><gpxtpx:TrackPointExtension><gpxtpx:cad>0</gpxtpx:cad></gpxtpx:TrackPointExtension></extensions></trkpt><trkpt lat="15.1032626443" lon="73.9130709786"><ele>1.10</ele><time>2025-11-16T03:42:17Z</time><extensions><gpxtpx:TrackPointExtension><gpxtpx:cad>0</gpxtpx:cad></gpxtpx:TrackPointExtension></extensions></trkpt><trkpt lat="15.1034006942" lon="73.9131528698"><ele>1.58</ele><time>2025-11-16T03:42:22Z</time><extensions><gpxtpx:TrackPointExtension><gpxtpx:cad>0</gpxtpx:cad></gpxtpx:TrackPointExtension></extensions></trkpt><trkpt lat="15.1035368163" lon="73.9132340904"><ele>1.58</ele><time>2025-11-16T03:42:27Z</time><extensions><gpxtpx:TrackPointExtension><gpxtpx:cad>0</gpxtpx:cad></gpxtpx:TrackPointExtension></extensions></trkpt><trkpt lat="15.1036722679" lon="73.9133153949"><ele>1.58</ele><time>2025-11-16T03:42:32Z</time><extensions><gpxtpx:TrackPointExtension><gpxtpx:cad>0</gpxtpx:cad></gpxtpx:TrackPointExtension></extensions></trkpt><trkpt lat="15.1038078032" lon="73.9134023990"><ele>2.06</ele><time>2025-11-16T03:42:37Z</time><extensions><gpxtpx:TrackPointExtension><gpxtpx:cad>0</gpxtpx:cad></gpxtpx:TrackPointExtension></extensions></trkpt><trkpt lat="15.1039506309" lon="73.9134798478"><ele>2.06</ele><time>2025-11-16T03:42:42Z</time><extensions><gpxtpx:TrackPointExtension><gpxtpx:cad>0</gpxtpx:cad></gpxtpx:TrackPointExtension></extensions></trkpt><trkpt lat="15.1040891837" lon="73.9135607332"><ele>2.54</ele><time>2025-11-16T03:42:47Z</time><extensions><gpxtpx:TrackPointExtension><gpxtpx:cad>0</gpxtpx:cad></gpxtpx:TrackPointExtension></extensions></trkpt><trkpt lat="15.1042343583" lon="73.9136512578"><ele>3.02</ele><time>2025-11-16T03:42:52Z</time><extensions><gpxtpx:TrackPointExtension><gpxtpx:cad>0</gpxtpx:cad></gpxtpx:TrackPointExtension></extensions></trkpt><trkpt lat="15.1043724082" lon="73.9137365017"><ele>2.54</ele><time>2025-11-16T03:42:57Z</time><extensions><gpxtpx:TrackPointExtension><gpxtpx:cad>0</gpxtpx:cad></gpxtpx:TrackPointExtension></extensions></trkpt><trkpt lat="15.1045049261" lon="73.9138212427"><ele>2.54</ele><time>2025-11-16T03:43:02Z</time><extensions><gpxtpx:TrackPointExtension><gpxtpx:cad>0</gpxtpx:cad></gpxtpx:TrackPointExtension></extensions></trkpt><trkpt lat="15.1046510227" lon="73.9138955902"><ele>2.54</ele><time>2025-11-16T03:43:07Z</time><extensions><gpxtpx:TrackPointExtension><gpxtpx:cad>0</gpxtpx:cad></gpxtpx:TrackPointExtension></extensions></trkpt><trkpt lat="15.1047913358" lon="73.9139753859"><ele>2.54</ele><time>2025-11-16T03:43:12Z</time><extensions><gpxtpx:TrackPointExtension><gpxtpx:cad>0</gpxtpx:cad></gpxtpx:TrackPointExtension></extensions></trkpt><trkpt lat="15.1049184892" lon="73.9140737895"><ele>2.06</ele><time>2025-11-16T03:43:17Z</time><extensions><gpxtpx:TrackPointExtension><gpxtpx:cad>0</gpxtpx:cad></gpxtpx:TrackPointExtension></extensions></trkpt><trkpt lat="15.1050465647" lon="73.9141731150"><ele>2.06</ele><time>2025-11-16T03:43:22Z</time><extensions><gpxtpx:TrackPointExtension><gpxtpx:cad>0</gpxtpx:cad></gpxtpx:TrackPointExtension></extensions></trkpt><trkpt lat="15.1051796693" lon="73.9142571017"><ele>2.06</ele><time>2025-11-16T03:43:27Z</time><extensions><gpxtpx:TrackPointExtension><gpxtpx:cad>0</gpxtpx:cad></gpxtpx:TrackPointExtension></extensions></trkpt><trkpt lat="15.1053050626" lon="73.9143564273"><ele>2.06</ele><time>2025-11-16T03:43:32Z</time><extensions><gpxtpx:TrackPointExtension><gpxtpx:cad>0</gpxtpx:cad></gpxtpx:TrackPointExtension></extensions></trkpt><trkpt lat="15.1054343954" lon="73.9144607820"><ele>2.06</ele><time>2025-11-16T03:43:37Z</time><extensions><gpxtpx:TrackPointExtension><gpxtpx:cad>0</gpxtpx:cad></gpxtpx:TrackPointExtension></extensions></trkpt><trkpt lat="15.1055663265" lon="73.9145441819"><ele>1.58</ele><time>2025-11-16T03:43:42Z</time><extensions><gpxtpx:TrackPointExtension><gpxtpx:cad>0</gpxtpx:cad></gpxtpx:TrackPointExtension></extensions></trkpt><trkpt lat="15.1057066396" lon="73.9145928808"><ele>1.58</ele><time>2025-11-16T03:43:47Z</time><extensions><gpxtpx:TrackPointExtension><gpxtpx:cad>0</gpxtpx:cad></gpxtpx:TrackPointExtension></extensions></trkpt><trkpt lat="15.1058544964" lon="73.9146069624"><ele>1.10</ele><time>2025-11-16T03:43:52Z</time><extensions><gpxtpx:TrackPointExtension><gpxtpx:cad>0</gpxtpx:cad></gpxtpx:TrackPointExtension></extensions></trkpt><trkpt lat="15.1059814822" lon="73.9146621991"><ele>1.10</ele><time>2025-11-16T03:43:57Z</time><extensions><gpxtpx:TrackPointExtension><gpxtpx:cad>0</gpxtpx:cad></gpxtpx:TrackPointExtension></extensions></trkpt><trkpt lat="15.1061088871" lon="73.9147645421"><ele>1.58</ele><time>2025-11-16T03:44:02Z</time><extensions><gpxtpx:TrackPointExtension><gpxtpx:cad>0</gpxtpx:cad></gpxtpx:TrackPointExtension></extensions></trkpt><trkpt lat="15.1062287483" lon="73.9148568269"><ele>1.58</ele><time>2025-11-16T03:44:07Z</time><extensions><gpxtpx:TrackPointExtension><gpxtpx:cad>0</gpxtpx:cad></gpxtpx:TrackPointExtension></extensions></trkpt><trkpt lat="15.1063440833" lon="73.9149611816"><ele>1.58</ele><time>2025-11-16T03:44:12Z</time><extensions><gpxtpx:TrackPointExtension><gpxtpx:cad>0</gpxtpx:cad></gpxtpx:TrackPointExtension></extensions></trkpt><trkpt lat="15.1064650342" lon="73.9150610939"><ele>1.58</ele><time>2025-11-16T03:44:17Z</time><extensions><gpxtpx:TrackPointExtension><gpxtpx:cad>0</gpxtpx:cad></gpxtpx:TrackPointExtension></extensions></trkpt><trkpt lat="15.1065888349" lon="73.9151578210"><ele>1.58</ele><time>2025-11-16T03:44:22Z</time><extensions><gpxtpx:TrackPointExtension><gpxtpx:cad>0</gpxtpx:cad></gpxtpx:TrackPointExtension></extensions></trkpt><trkpt lat="15.1067123003" lon="73.9152543806"><ele>2.06</ele><time>2025-11-16T03:44:27Z</time><extensions><gpxtpx:TrackPointExtension><gpxtpx:cad>0</gpxtpx:cad></gpxtpx:TrackPointExtension></extensions></trkpt><trkpt lat="15.1068321615" lon="73.9153554663"><ele>2.06</ele><time>2025-11-16T03:44:32Z</time><extensions><gpxtpx:TrackPointExtension><gpxtpx:cad>0</gpxtpx:cad></gpxtpx:TrackPointExtension></extensions></trkpt><trkpt lat="15.1069492567" lon="73.9154507685"><ele>2.06</ele><time>2025-11-16T03:44:37Z</time><extensions><gpxtpx:TrackPointExtension><gpxtpx:cad>0</gpxtpx:cad></gpxtpx:TrackPointExtension></extensions></trkpt><trkpt lat="15.1070540305" lon="73.9155691210"><ele>2.06</ele><time>2025-11-16T03:44:42Z</time><extensions><gpxtpx:TrackPointExtension><gpxtpx:cad>0</gpxtpx:cad></gpxtpx:TrackPointExtension></extensions></trkpt><trkpt lat="15.1071529370" lon="73.9156818576"><ele>1.58</ele><time>2025-11-16T03:44:47Z</time><extensions><gpxtpx:TrackPointExtension><gpxtpx:cad>0</gpxtpx:cad></gpxtpx:TrackPointExtension></extensions></trkpt><trkpt lat="15.1072517596" lon="73.9157867152"><ele>1.58</ele><time>2025-11-16T03:44:52Z</time><extensions><gpxtpx:TrackPointExtension><gpxtpx:cad>0</gpxtpx:cad></gpxtpx:TrackPointExtension></extensions></trkpt><trkpt lat="15.1073644962" lon="73.9158969373"><ele>2.06</ele><time>2025-11-16T03:44:57Z</time><extensions><gpxtpx:TrackPointExtension><gpxtpx:cad>0</gpxtpx:cad></gpxtpx:TrackPointExtension></extensions></trkpt><trkpt lat="15.1074728742" lon="73.9160034712"><ele>2.06</ele><time>2025-11-16T03:45:02Z</time><extensions><gpxtpx:TrackPointExtension><gpxtpx:cad>0</gpxtpx:cad></gpxtpx:TrackPointExtension></extensions></trkpt><trkpt lat="15.1075773127" lon="73.9161103405"><ele>2.06</ele><time>2025-11-16T03:45:07Z</time><extensions><gpxtpx:TrackPointExtension><gpxtpx:cad>0</gpxtpx:cad></gpxtpx:TrackPointExtension></extensions></trkpt><trkpt lat="15.1076865289" lon="73.9162144437"><ele>2.54</ele><time>2025-11-16T03:45:12Z</time><extensions><gpxtpx:TrackPointExtension><gpxtpx:cad>0</gpxtpx:cad></gpxtpx:TrackPointExtension></extensions></trkpt><trkpt lat="15.1077969186" lon="73.9163170382"><ele>2.54</ele><time>2025-11-16T03:45:17Z</time><extensions><gpxtpx:TrackPointExtension><gpxtpx:cad>0</gpxtpx:cad></gpxtpx:TrackPointExtension></extensions></trkpt><trkpt lat="15.1079052966" lon="73.9164159447"><ele>2.06</ele><time>2025-11-16T03:45:22Z</time><extensions><gpxtpx:TrackPointExtension><gpxtpx:cad>0</gpxtpx:cad></gpxtpx:TrackPointExtension></extensions></trkpt><trkpt lat="15.1080119144" lon="73.9165234845"><ele>2.06</ele><time>2025-11-16T03:45:27Z</time><extensions><gpxtpx:TrackPointExtension><gpxtpx:cad>0</gpxtpx:cad></gpxtpx:TrackPointExtension></extensions></trkpt><trkpt lat="15.1081155986" lon="73.9166344609"><ele>2.54</ele><time>2025-11-16T03:45:32Z</time><extensions><gpxtpx:TrackPointExtension><gpxtpx:cad>0</gpxtpx:cad></gpxtpx:TrackPointExtension></extensions></trkpt><trkpt lat="15.1082126610" lon="73.9167473651"><ele>2.06</ele><time>2025-11-16T03:45:37Z</time><extensions><gpxtpx:TrackPointExtension><gpxtpx:cad>0</gpxtpx:cad></gpxtpx:TrackPointExtension></extensions></trkpt><trkpt lat="15.1083061192" lon="73.9168700762"><ele>2.06</ele><time>2025-11-16T03:45:42Z</time><extensions><gpxtpx:TrackPointExtension><gpxtpx:cad>0</gpxtpx:cad></gpxtpx:TrackPointExtension></extensions></trkpt><trkpt lat="15.1083949674" lon="73.9170014206"><ele>2.06</ele><time>2025-11-16T03:45:47Z</time><extensions><gpxtpx:TrackPointExtension><gpxtpx:cad>0</gpxtpx:cad></gpxtpx:TrackPointExtension></extensions></trkpt><trkpt lat="15.1084804628" lon="73.9171253890"><ele>2.06</ele><time>2025-11-16T03:45:52Z</time><extensions><gpxtpx:TrackPointExtension><gpxtpx:cad>0</gpxtpx:cad></gpxtpx:TrackPointExtension></extensions></trkpt><trkpt lat="15.1085709874" lon="73.9172471780"><ele>2.06</ele><time>2025-11-16T03:45:57Z</time><extensions><gpxtpx:TrackPointExtension><gpxtpx:cad>0</gpxtpx:cad></gpxtpx:TrackPointExtension></extensions></trkpt><trkpt lat="15.1086646970" lon="73.9173758402"><ele>2.06</ele><time>2025-11-16T03:46:02Z</time><extensions><gpxtpx:TrackPointExtension><gpxtpx:cad>0</gpxtpx:cad></gpxtpx:TrackPointExtension></extensions></trkpt><trkpt lat="15.1087565627" lon="73.9175034966"><ele>1.58</ele><time>2025-11-16T03:46:07Z</time><extensions><gpxtpx:TrackPointExtension><gpxtpx:cad>0</gpxtpx:cad></gpxtpx:TrackPointExtension></extensions></trkpt><trkpt lat="15.1088469196" lon="73.9176229388"><ele>1.58</ele><time>2025-11-16T03:46:12Z</time><extensions><gpxtpx:TrackPointExtension><gpxtpx:cad>0</gpxtpx:cad></gpxtpx:TrackPointExtension></extensions></trkpt><trkpt lat="15.1089423057" lon="73.9177425485"><ele>1.58</ele><time>2025-11-16T03:46:17Z</time><extensions><gpxtpx:TrackPointExtension><gpxtpx:cad>0</gpxtpx:cad></gpxtpx:TrackPointExtension></extensions></trkpt><trkpt lat="15.1090392005" lon="73.9178520162"><ele>1.58</ele><time>2025-11-16T03:46:22Z</time><extensions><gpxtpx:TrackPointExtension><gpxtpx:cad>0</gpxtpx:cad></gpxtpx:TrackPointExtension></extensions></trkpt><trkpt lat="15.1091342513" lon="73.9179750625"><ele>2.06</ele><time>2025-11-16T03:46:27Z</time><extensions><gpxtpx:TrackPointExtension><gpxtpx:cad>0</gpxtpx:cad></gpxtpx:TrackPointExtension></extensions></trkpt><trkpt lat="15.1092187408" lon="73.9181115199"><ele>1.58</ele><time>2025-11-16T03:46:32Z</time><extensions><gpxtpx:TrackPointExtension><gpxtpx:cad>0</gpxtpx:cad></gpxtpx:TrackPointExtension></extensions></trkpt><trkpt lat="15.1092924178" lon="73.9182427805"><ele>1.58</ele><time>2025-11-16T03:46:37Z</time><extensions><gpxtpx:TrackPointExtension><gpxtpx:cad>0</gpxtpx:cad></gpxtpx:TrackPointExtension></extensions></trkpt><trkpt lat="15.1093541086" lon="73.9183792379"><ele>1.58</ele><time>2025-11-16T03:46:42Z</time><extensions><gpxtpx:TrackPointExtension><gpxtpx:cad>0</gpxtpx:cad></gpxtpx:TrackPointExtension></extensions></trkpt><trkpt lat="15.1094044838" lon="73.9185208920"><ele>2.06</ele><time>2025-11-16T03:46:47Z</time><extensions><gpxtpx:TrackPointExtension><gpxtpx:cad>0</gpxtpx:cad></gpxtpx:TrackPointExtension></extensions></trkpt><trkpt lat="15.1094637439" lon="73.9186607860"><ele>2.54</ele><time>2025-11-16T03:46:52Z</time><extensions><gpxtpx:TrackPointExtension><gpxtpx:cad>0</gpxtpx:cad></gpxtpx:TrackPointExtension></extensions></trkpt><trkpt lat="15.1095332298" lon="73.9188023563"><ele>2.54</ele><time>2025-11-16T03:46:57Z</time><extensions><gpxtpx:TrackPointExtension><gpxtpx:cad>0</gpxtpx:cad></gpxtpx:TrackPointExtension></extensions></trkpt><trkpt lat="15.1096008718" lon="73.9189445972"><ele>2.54</ele><time>2025-11-16T03:47:02Z</time><extensions><gpxtpx:TrackPointExtension><gpxtpx:cad>0</gpxtpx:cad></gpxtpx:TrackPointExtension></extensions></trkpt><trkpt lat="15.1096668374" lon="73.9190723374"><ele>2.06</ele><time>2025-11-16T03:47:07Z</time><extensions><gpxtpx:TrackPointExtension><gpxtpx:cad>0</gpxtpx:cad></gpxtpx:TrackPointExtension></extensions></trkpt><trkpt lat="15.1097293664" lon="73.9192052744"><ele>2.54</ele><time>2025-11-16T03:47:12Z</time><extensions><gpxtpx:TrackPointExtension><gpxtpx:cad>0</gpxtpx:cad></gpxtpx:TrackPointExtension></extensions></trkpt><trkpt lat="15.1098018698" lon="73.9193491917"><ele>3.02</ele><time>2025-11-16T03:47:17Z</time><extensions><gpxtpx:TrackPointExtension><gpxtpx:cad>0</gpxtpx:cad></gpxtpx:TrackPointExtension></extensions></trkpt><trkpt lat="15.1098796539" lon="73.9194916002"><ele>3.02</ele><time>2025-11-16T03:47:22Z</time><extensions><gpxtpx:TrackPointExtension><gpxtpx:cad>0</gpxtpx:cad></gpxtpx:TrackPointExtension></extensions></trkpt><trkpt lat="15.1099602878" lon="73.9196223579"><ele>3.02</ele><time>2025-11-16T03:47:27Z</time><extensions><gpxtpx:TrackPointExtension><gpxtpx:cad>0</gpxtpx:cad></gpxtpx:TrackPointExtension></extensions></trkpt><trkpt lat="15.1100234874" lon="73.9197531156"><ele>3.02</ele><time>2025-11-16T03:47:32Z</time><extensions><gpxtpx:TrackPointExtension><gpxtpx:cad>0</gpxtpx:cad></gpxtpx:TrackPointExtension></extensions></trkpt><trkpt lat="15.1100752037" lon="73.9198849630"><ele>3.02</ele><time>2025-11-16T03:47:37Z</time><extensions><gpxtpx:TrackPointExtension><gpxtpx:cad>0</gpxtpx:cad></gpxtpx:TrackPointExtension></extensions></trkpt><trkpt lat="15.1101416722" lon="73.9200297184"><ele>3.50</ele><time>2025-11-16T03:47:42Z</time><extensions><gpxtpx:TrackPointExtension><gpxtpx:cad>0</gpxtpx:cad></gpxtpx:TrackPointExtension></extensions></trkpt><trkpt lat="15.1102073025" lon="73.9201755635"><ele>3.02</ele><time>2025-11-16T03:47:47Z</time><extensions><gpxtpx:TrackPointExtension><gpxtpx:cad>0</gpxtpx:cad></gpxtpx:TrackPointExtension></extensions></trkpt><trkpt lat="15.1102657244" lon="73.9203193970"><ele>3.02</ele><time>2025-11-16T03:47:52Z</time><extensions><gpxtpx:TrackPointExtension><gpxtpx:cad>0</gpxtpx:cad></gpxtpx:TrackPointExtension></extensions></trkpt><trkpt lat="15.1103096455" lon="73.9204685949"><ele>3.02</ele><time>2025-11-16T03:47:57Z</time><extensions><gpxtpx:TrackPointExtension><gpxtpx:cad>0</gpxtpx:cad></gpxtpx:TrackPointExtension></extensions></trkpt><trkpt lat="15.1103714202" lon="73.9206007775"><ele>2.54</ele><time>2025-11-16T03:48:02Z</time><extensions><gpxtpx:TrackPointExtension><gpxtpx:cad>0</gpxtpx:cad></gpxtpx:TrackPointExtension></extensions></trkpt><trkpt lat="15.1104586758" lon="73.9207265899"><ele>2.54</ele><time>2025-11-16T03:48:07Z</time><extensions><gpxtpx:TrackPointExtension><gpxtpx:cad>0</gpxtpx:cad></gpxtpx:TrackPointExtension></extensions></trkpt><trkpt lat="15.1105517149" lon="73.9208614547"><ele>2.54</ele><time>2025-11-16T03:48:12Z</time><extensions><gpxtpx:TrackPointExtension><gpxtpx:cad>0</gpxtpx:cad></gpxtpx:TrackPointExtension></extensions></trkpt><trkpt lat="15.1106390543" lon="73.9209875185"><ele>2.54</ele><time>2025-11-16T03:48:17Z</time><extensions><gpxtpx:TrackPointExtension><gpxtpx:cad>0</gpxtpx:cad></gpxtpx:TrackPointExtension></extensions></trkpt><trkpt lat="15.1107341889" lon="73.9211000036"><ele>2.06</ele><time>2025-11-16T03:48:22Z</time><extensions><gpxtpx:TrackPointExtension><gpxtpx:cad>0</gpxtpx:cad></gpxtpx:TrackPointExtension></extensions></trkpt><trkpt lat="15.1108339336" lon="73.9212148357"><ele>2.06</ele><time>2025-11-16T03:48:27Z</time><extensions><gpxtpx:TrackPointExtension><gpxtpx:cad>0</gpxtpx:cad></gpxtpx:TrackPointExtension></extensions></trkpt><trkpt lat="15.1109412219" lon="73.9213211183"><ele>2.06</ele><time>2025-11-16T03:48:32Z</time><extensions><gpxtpx:TrackPointExtension><gpxtpx:cad>0</gpxtpx:cad></gpxtpx:TrackPointExtension></extensions></trkpt><trkpt lat="15.1110522822" lon="73.9214399736"><ele>2.54</ele><time>2025-11-16T03:48:37Z</time><extensions><gpxtpx:TrackPointExtension><gpxtpx:cad>0</gpxtpx:cad></gpxtpx:TrackPointExtension></extensions></trkpt><trkpt lat="15.1111560501" lon="73.9215535484"><ele>2.54</ele><time>2025-11-16T03:48:42Z</time><extensions><gpxtpx:TrackPointExtension><gpxtpx:cad>0</gpxtpx:cad></gpxtpx:TrackPointExtension></extensions></trkpt><trkpt lat="15.1112644281" lon="73.9216616750"><ele>3.02</ele><time>2025-11-16T03:48:47Z</time><extensions><gpxtpx:TrackPointExtension><gpxtpx:cad>0</gpxtpx:cad></gpxtpx:TrackPointExtension></extensions></trkpt><trkpt lat="15.1113700401" lon="73.9217688795"><ele>3.02</ele><time>2025-11-16T03:48:52Z</time><extensions><gpxtpx:TrackPointExtension><gpxtpx:cad>0</gpxtpx:cad></gpxtpx:TrackPointExtension></extensions></trkpt><trkpt lat="15.1114759874" lon="73.9218784310"><ele>2.54</ele><time>2025-11-16T03:48:57Z</time><extensions><gpxtpx:TrackPointExtension><gpxtpx:cad>0</gpxtpx:cad></gpxtpx:TrackPointExtension></extensions></trkpt><trkpt lat="15.1115747262" lon="73.9219948556"><ele>2.06</ele><time>2025-11-16T03:49:02Z</time><extensions><gpxtpx:TrackPointExtension><gpxtpx:cad>0</gpxtpx:cad></gpxtpx:TrackPointExtension></extensions></trkpt><trkpt lat="15.1116774883" lon="73.9221035689"><ele>1.58</ele><time>2025-11-16T03:49:07Z</time><extensions><gpxtpx:TrackPointExtension><gpxtpx:cad>0</gpxtpx:cad></gpxtpx:TrackPointExtension></extensions></trkpt><trkpt lat="15.1117591280" lon="73.9222255256"><ele>1.10</ele><time>2025-11-16T03:49:12Z</time><extensions><gpxtpx:TrackPointExtension><gpxtpx:cad>0</gpxtpx:cad></gpxtpx:TrackPointExtension></extensions></trkpt><trkpt lat="15.1118153706" lon="73.9223679341"><ele>0.62</ele><time>2025-11-16T03:49:17Z</time><extensions><gpxtpx:TrackPointExtension><gpxtpx:cad>0</gpxtpx:cad></gpxtpx:TrackPointExtension></extensions></trkpt><trkpt lat="15.1118846051" lon="73.9225128572"><ele>-0.34</ele><time>2025-11-16T03:49:22Z</time><extensions><gpxtpx:TrackPointExtension><gpxtpx:cad>0</gpxtpx:cad></gpxtpx:TrackPointExtension></extensions></trkpt><trkpt lat="15.1119576115" lon="73.9226512425"><ele>-0.82</ele><time>2025-11-16T03:49:27Z</time><extensions><gpxtpx:TrackPointExtension><gpxtpx:cad>0</gpxtpx:cad></gpxtpx:TrackPointExtension></extensions></trkpt><trkpt lat="15.1120244991" lon="73.9227914717"><ele>0.14</ele><time>2025-11-16T03:49:32Z</time><extensions><gpxtpx:TrackPointExtension><gpxtpx:cad>0</gpxtpx:cad></gpxtpx:TrackPointExtension></extensions></trkpt><trkpt lat="15.1120883692" lon="73.9229312818"><ele>0.62</ele><time>2025-11-16T03:49:37Z</time><extensions><gpxtpx:TrackPointExtension><gpxtpx:cad>0</gpxtpx:cad></gpxtpx:TrackPointExtension></extensions></trkpt><trkpt lat="15.1121588610" lon="73.9230710082"><ele>0.62</ele><time>2025-11-16T03:49:42Z</time><extensions><gpxtpx:TrackPointExtension><gpxtpx:cad>0</gpxtpx:cad></gpxtpx:TrackPointExtension></extensions></trkpt><trkpt lat="15.1122273412" lon="73.9232170209"><ele>0.14</ele><time>2025-11-16T03:49:47Z</time><extensions><gpxtpx:TrackPointExtension><gpxtpx:cad>0</gpxtpx:cad></gpxtpx:TrackPointExtension></extensions></trkpt><trkpt lat="15.1122897863" lon="73.9233669732"><ele>1.10</ele><time>2025-11-16T03:49:52Z</time><extensions><gpxtpx:TrackPointExtension><gpxtpx:cad>0</gpxtpx:cad></gpxtpx:TrackPointExtension></extensions></trkpt><trkpt lat="15.1123478729" lon="73.9235011674"><ele>2.06</ele><time>2025-11-16T03:49:57Z</time><extensions><gpxtpx:TrackPointExtension><gpxtpx:cad>0</gpxtpx:cad></gpxtpx:TrackPointExtension></extensions></trkpt><trkpt lat="15.1124051213" lon="73.9236348588"><ele>2.54</ele><time>2025-11-16T03:50:02Z</time><extensions><gpxtpx:TrackPointExtension><gpxtpx:cad>0</gpxtpx:cad></gpxtpx:TrackPointExtension></extensions></trkpt><trkpt lat="15.1124614477" lon="73.9237771835"><ele>2.06</ele><time>2025-11-16T03:50:07Z</time><extensions><gpxtpx:TrackPointExtension><gpxtpx:cad>0</gpxtpx:cad></gpxtpx:TrackPointExtension></extensions></trkpt><trkpt lat="15.1125179417" lon="73.9239233639"><ele>2.06</ele><time>2025-11-16T03:50:12Z</time><extensions><gpxtpx:TrackPointExtension><gpxtpx:cad>0</gpxtpx:cad></gpxtpx:TrackPointExtension></extensions></trkpt><trkpt lat="15.1125784591" lon="73.9240692090"><ele>2.06</ele><time>2025-11-16T03:50:17Z</time><extensions><gpxtpx:TrackPointExtension><gpxtpx:cad>0</gpxtpx:cad></gpxtpx:TrackPointExtension></extensions></trkpt><trkpt lat="15.1126369648" lon="73.9242096897"><ele>2.54</ele><time>2025-11-16T03:50:22Z</time><extensions><gpxtpx:TrackPointExtension><gpxtpx:cad>0</gpxtpx:cad></gpxtpx:TrackPointExtension></extensions></trkpt><trkpt lat="15.1126931235" lon="73.9243533555"><ele>2.54</ele><time>2025-11-16T03:50:27Z</time><extensions><gpxtpx:TrackPointExtension><gpxtpx:cad>0</gpxtpx:cad></gpxtpx:TrackPointExtension></extensions></trkpt><trkpt lat="15.1127509587" lon="73.9244996198"><ele>2.54</ele><time>2025-11-16T03:50:32Z</time><extensions><gpxtpx:TrackPointExtension><gpxtpx:cad>0</gpxtpx:cad></gpxtpx:TrackPointExtension></extensions></trkpt><trkpt lat="15.1128172595" lon="73.9246519189"><ele>2.54</ele><time>2025-11-16T03:50:37Z</time><extensions><gpxtpx:TrackPointExtension><gpxtpx:cad>0</gpxtpx:cad></gpxtpx:TrackPointExtension></extensions></trkpt><trkpt lat="15.1128905173" lon="73.9248024579"><ele>2.54</ele><time>2025-11-16T03:50:42Z</time><extensions><gpxtpx:TrackPointExtension><gpxtpx:cad>0</gpxtpx:cad></gpxtpx:TrackPointExtension></extensions></trkpt><trkpt lat="15.1129587460" lon="73.9249421842"><ele>3.02</ele><time>2025-11-16T03:50:47Z</time><extensions><gpxtpx:TrackPointExtension><gpxtpx:cad>0</gpxtpx:cad></gpxtpx:TrackPointExtension></extensions></trkpt><trkpt lat="15.1130136475" lon="73.9250908792"><ele>3.50</ele><time>2025-11-16T03:50:52Z</time><extensions><gpxtpx:TrackPointExtension><gpxtpx:cad>0</gpxtpx:cad></gpxtpx:TrackPointExtension></extensions></trkpt><trkpt lat="15.1130624302" lon="73.9252358861"><ele>3.50</ele><time>2025-11-16T03:50:57Z</time><extensions><gpxtpx:TrackPointExtension><gpxtpx:cad>0</gpxtpx:cad></gpxtpx:TrackPointExtension></extensions></trkpt><trkpt lat="15.1131129730" lon="73.9253925439"><ele>3.02</ele><time>2025-11-16T03:51:02Z</time><extensions><gpxtpx:TrackPointExtension><gpxtpx:cad>0</gpxtpx:cad></gpxtpx:TrackPointExtension></extensions></trkpt><trkpt lat="15.1131612528" lon="73.9255510457"><ele>3.02</ele><time>2025-11-16T03:51:07Z</time><extensions><gpxtpx:TrackPointExtension><gpxtpx:cad>0</gpxtpx:cad></gpxtpx:TrackPointExtension></extensions></trkpt><trkpt lat="15.1132158190" lon="73.9256981481"><ele>2.54</ele><time>2025-11-16T03:51:12Z</time><extensions><gpxtpx:TrackPointExtension><gpxtpx:cad>0</gpxtpx:cad></gpxtpx:TrackPointExtension></extensions></trkpt><trkpt lat="15.1132806111" lon="73.9258449990"><ele>3.02</ele><time>2025-11-16T03:51:17Z</time><extensions><gpxtpx:TrackPointExtension><gpxtpx:cad>0</gpxtpx:cad></gpxtpx:TrackPointExtension></extensions></trkpt><trkpt lat="15.1133481693" lon="73.9259791933"><ele>3.02</ele><time>2025-11-16T03:51:22Z</time><extensions><gpxtpx:TrackPointExtension><gpxtpx:cad>0</gpxtpx:cad></gpxtpx:TrackPointExtension></extensions></trkpt><trkpt lat="15.1134143025" lon="73.9261231944"><ele>2.54</ele><time>2025-11-16T03:51:27Z</time><extensions><gpxtpx:TrackPointExtension><gpxtpx:cad>0</gpxtpx:cad></gpxtpx:TrackPointExtension></extensions></trkpt><trkpt lat="15.1134762447" lon="73.9262666926"><ele>3.02</ele><time>2025-11-16T03:51:32Z</time><extensions><gpxtpx:TrackPointExtension><gpxtpx:cad>0</gpxtpx:cad></gpxtpx:TrackPointExtension></extensions></trkpt><trkpt lat="15.1135377679" lon="73.9264137950"><ele>3.02</ele><time>2025-11-16T03:51:37Z</time><extensions><gpxtpx:TrackPointExtension><gpxtpx:cad>0</gpxtpx:cad></gpxtpx:TrackPointExtension></extensions></trkpt><trkpt lat="15.1135997940" lon="73.9265555330"><ele>3.02</ele><time>2025-11-16T03:51:42Z</time><extensions><gpxtpx:TrackPointExtension><gpxtpx:cad>0</gpxtpx:cad></gpxtpx:TrackPointExtension></extensions></trkpt><trkpt lat="15.1136632450" lon="73.9266990311"><ele>2.54</ele><time>2025-11-16T03:51:47Z</time><extensions><gpxtpx:TrackPointExtension><gpxtpx:cad>0</gpxtpx:cad></gpxtpx:TrackPointExtension></extensions></trkpt><trkpt lat="15.1137220021" lon="73.9268428646"><ele>2.54</ele><time>2025-11-16T03:51:52Z</time><extensions><gpxtpx:TrackPointExtension><gpxtpx:cad>0</gpxtpx:cad></gpxtpx:TrackPointExtension></extensions></trkpt><trkpt lat="15.1137743890" lon="73.9269918948"><ele>2.54</ele><time>2025-11-16T03:51:57Z</time><extensions><gpxtpx:TrackPointExtension><gpxtpx:cad>0</gpxtpx:cad></gpxtpx:TrackPointExtension></extensions></trkpt><trkpt lat="15.1138235908" lon="73.9271369856"><ele>2.54</ele><time>2025-11-16T03:52:02Z</time><extensions><gpxtpx:TrackPointExtension><gpxtpx:cad>0</gpxtpx:cad></gpxtpx:TrackPointExtension></extensions></trkpt><trkpt lat="15.1138825994" lon="73.9272753708"><ele>2.54</ele><time>2025-11-16T03:52:07Z</time><extensions><gpxtpx:TrackPointExtension><gpxtpx:cad>0</gpxtpx:cad></gpxtpx:TrackPointExtension></extensions></trkpt><trkpt lat="15.1139513310" lon="73.9274118282"><ele>2.54</ele><time>2025-11-16T03:52:12Z</time><extensions><gpxtpx:TrackPointExtension><gpxtpx:cad>0</gpxtpx:cad></gpxtpx:TrackPointExtension></extensions></trkpt><trkpt lat="15.1140184700" lon="73.9275562484"><ele>3.02</ele><time>2025-11-16T03:52:17Z</time><extensions><gpxtpx:TrackPointExtension><gpxtpx:cad>0</gpxtpx:cad></gpxtpx:TrackPointExtension></extensions></trkpt><trkpt lat="15.1140864473" lon="73.9276970644"><ele>3.02</ele><time>2025-11-16T03:52:22Z</time><extensions><gpxtpx:TrackPointExtension><gpxtpx:cad>0</gpxtpx:cad></gpxtpx:TrackPointExtension></extensions></trkpt><trkpt lat="15.1141540054" lon="73.9278421551"><ele>3.02</ele><time>2025-11-16T03:52:27Z</time><extensions><gpxtpx:TrackPointExtension><gpxtpx:cad>0</gpxtpx:cad></gpxtpx:TrackPointExtension></extensions></trkpt><trkpt lat="15.1142260060" lon="73.9279841445"><ele>3.02</ele><time>2025-11-16T03:52:32Z</time><extensions><gpxtpx:TrackPointExtension><gpxtpx:cad>0</gpxtpx:cad></gpxtpx:TrackPointExtension></extensions></trkpt><trkpt lat="15.1143021137" lon="73.9281259663"><ele>3.02</ele><time>2025-11-16T03:52:37Z</time><extensions><gpxtpx:TrackPointExtension><gpxtpx:cad>0</gpxtpx:cad></gpxtpx:TrackPointExtension></extensions></trkpt><trkpt lat="15.1143711805" lon="73.9282660279"><ele>2.54</ele><time>2025-11-16T03:52:42Z</time><extensions><gpxtpx:TrackPointExtension><gpxtpx:cad>0</gpxtpx:cad></gpxtpx:TrackPointExtension></extensions></trkpt><trkpt lat="15.1144429296" lon="73.9284120407"><ele>3.02</ele><time>2025-11-16T03:52:47Z</time><extensions><gpxtpx:TrackPointExtension><gpxtpx:cad>0</gpxtpx:cad></gpxtpx:TrackPointExtension></extensions></trkpt><trkpt lat="15.1145109069" lon="73.9285521023"><ele>3.02</ele><time>2025-11-16T03:52:52Z</time><extensions><gpxtpx:TrackPointExtension><gpxtpx:cad>0</gpxtpx:cad></gpxtpx:TrackPointExtension></extensions></trkpt><trkpt lat="15.1145822369" lon="73.9286888111"><ele>3.50</ele><time>2025-11-16T03:52:57Z</time><extensions><gpxtpx:TrackPointExtension><gpxtpx:cad>0</gpxtpx:cad></gpxtpx:TrackPointExtension></extensions></trkpt><trkpt lat="15.1146420836" lon="73.9288288727"><ele>3.02</ele><time>2025-11-16T03:53:02Z</time><extensions><gpxtpx:TrackPointExtension><gpxtpx:cad>0</gpxtpx:cad></gpxtpx:TrackPointExtension></extensions></trkpt><trkpt lat="15.1146891061" lon="73.9289760590"><ele>2.54</ele><time>2025-11-16T03:53:07Z</time><extensions><gpxtpx:TrackPointExtension><gpxtpx:cad>0</gpxtpx:cad></gpxtpx:TrackPointExtension></extensions></trkpt><trkpt lat="15.1147459354" lon="73.9291231614"><ele>2.06</ele><time>2025-11-16T03:53:12Z</time><extensions><gpxtpx:TrackPointExtension><gpxtpx:cad>0</gpxtpx:cad></gpxtpx:TrackPointExtension></extensions></trkpt><trkpt lat="15.1148028485" lon="73.9292694256"><ele>2.06</ele><time>2025-11-16T03:53:17Z</time><extensions><gpxtpx:TrackPointExtension><gpxtpx:cad>0</gpxtpx:cad></gpxtpx:TrackPointExtension></extensions></trkpt><trkpt lat="15.1148610190" lon="73.9294208027"><ele>2.06</ele><time>2025-11-16T03:53:22Z</time><extensions><gpxtpx:TrackPointExtension><gpxtpx:cad>0</gpxtpx:cad></gpxtpx:TrackPointExtension></extensions></trkpt><trkpt lat="15.1149161719" lon="73.9295686595"><ele>1.58</ele><time>2025-11-16T03:53:27Z</time><extensions><gpxtpx:TrackPointExtension><gpxtpx:cad>0</gpxtpx:cad></gpxtpx:TrackPointExtension></extensions></trkpt><trkpt lat="15.1149859931" lon="73.9297078829"><ele>1.58</ele><time>2025-11-16T03:53:32Z</time><extensions><gpxtpx:TrackPointExtension><gpxtpx:cad>0</gpxtpx:cad></gpxtpx:TrackPointExtension></extensions></trkpt><trkpt lat="15.1150596701" lon="73.9298493695"><ele>2.06</ele><time>2025-11-16T03:53:37Z</time><extensions><gpxtpx:TrackPointExtension><gpxtpx:cad>0</gpxtpx:cad></gpxtpx:TrackPointExtension></extensions></trkpt><trkpt lat="15.1151323412" lon="73.9299900178"><ele>1.58</ele><time>2025-11-16T03:53:42Z</time><extensions><gpxtpx:TrackPointExtension><gpxtpx:cad>0</gpxtpx:cad></gpxtpx:TrackPointExtension></extensions></trkpt><trkpt lat="15.1152136456" lon="73.9301202726"><ele>1.10</ele><time>2025-11-16T03:53:47Z</time><extensions><gpxtpx:TrackPointExtension><gpxtpx:cad>0</gpxtpx:cad></gpxtpx:TrackPointExtension></extensions></trkpt><trkpt lat="15.1153082773" lon="73.9302427322"><ele>1.58</ele><time>2025-11-16T03:53:52Z</time><extensions><gpxtpx:TrackPointExtension><gpxtpx:cad>0</gpxtpx:cad></gpxtpx:TrackPointExtension></extensions></trkpt><trkpt lat="15.1154010650" lon="73.9303659461"><ele>1.58</ele><time>2025-11-16T03:53:57Z</time><extensions><gpxtpx:TrackPointExtension><gpxtpx:cad>0</gpxtpx:cad></gpxtpx:TrackPointExtension></extensions></trkpt><trkpt lat="15.1154973730" lon="73.9304904174"><ele>2.06</ele><time>2025-11-16T03:54:02Z</time><extensions><gpxtpx:TrackPointExtension><gpxtpx:cad>0</gpxtpx:cad></gpxtpx:TrackPointExtension></extensions></trkpt><trkpt lat="15.1155891549" lon="73.9306132123"><ele>2.06</ele><time>2025-11-16T03:54:07Z</time><extensions><gpxtpx:TrackPointExtension><gpxtpx:cad>0</gpxtpx:cad></gpxtpx:TrackPointExtension></extensions></trkpt><trkpt lat="15.1156904083" lon="73.9307282120"><ele>2.06</ele><time>2025-11-16T03:54:12Z</time><extensions><gpxtpx:TrackPointExtension><gpxtpx:cad>0</gpxtpx:cad></gpxtpx:TrackPointExtension></extensions></trkpt><trkpt lat="15.1158027258" lon="73.9308331534"><ele>2.06</ele><time>2025-11-16T03:54:17Z</time><extensions><gpxtpx:TrackPointExtension><gpxtpx:cad>0</gpxtpx:cad></gpxtpx:TrackPointExtension></extensions></trkpt><trkpt lat="15.1159197371" lon="73.9309301320"><ele>1.58</ele><time>2025-11-16T03:54:22Z</time><extensions><gpxtpx:TrackPointExtension><gpxtpx:cad>0</gpxtpx:cad></gpxtpx:TrackPointExtension></extensions></trkpt><trkpt lat="15.1160412747" lon="73.9310234226"><ele>1.58</ele><time>2025-11-16T03:54:27Z</time><extensions><gpxtpx:TrackPointExtension><gpxtpx:cad>0</gpxtpx:cad></gpxtpx:TrackPointExtension></extensions></trkpt><trkpt lat="15.1161643211" lon="73.9311272744"><ele>1.58</ele><time>2025-11-16T03:54:32Z</time><extensions><gpxtpx:TrackPointExtension><gpxtpx:cad>0</gpxtpx:cad></gpxtpx:TrackPointExtension></extensions></trkpt><trkpt lat="15.1162923966" lon="73.9312167931"><ele>1.58</ele><time>2025-11-16T03:54:37Z</time><extensions><gpxtpx:TrackPointExtension><gpxtpx:cad>0</gpxtpx:cad></gpxtpx:TrackPointExtension></extensions></trkpt><trkpt lat="15.1164244115" lon="73.9312984329"><ele>2.06</ele><time>2025-11-16T03:54:42Z</time><extensions><gpxtpx:TrackPointExtension><gpxtpx:cad>0</gpxtpx:cad></gpxtpx:TrackPointExtension></extensions></trkpt><trkpt lat="15.1165530737" lon="73.9313842636"><ele>2.54</ele><time>2025-11-16T03:54:47Z</time><extensions><gpxtpx:TrackPointExtension><gpxtpx:cad>0</gpxtpx:cad></gpxtpx:TrackPointExtension></extensions></trkpt><trkpt lat="15.1166815683" lon="73.9314767160"><ele>3.02</ele><time>2025-11-16T03:54:52Z</time><extensions><gpxtpx:TrackPointExtension><gpxtpx:cad>0</gpxtpx:cad></gpxtpx:TrackPointExtension></extensions></trkpt><trkpt lat="15.1168045308" lon="73.9315695874"><ele>3.02</ele><time>2025-11-16T03:54:57Z</time><extensions><gpxtpx:TrackPointExtension><gpxtpx:cad>0</gpxtpx:cad></gpxtpx:TrackPointExtension></extensions></trkpt><trkpt lat="15.1169222128" lon="73.9316658117"><ele>3.02</ele><time>2025-11-16T03:55:02Z</time><extensions><gpxtpx:TrackPointExtension><gpxtpx:cad>0</gpxtpx:cad></gpxtpx:TrackPointExtension></extensions></trkpt><trkpt lat="15.1170302555" lon="73.9317732677"><ele>3.02</ele><time>2025-11-16T03:55:07Z</time><extensions><gpxtpx:TrackPointExtension><gpxtpx:cad>0</gpxtpx:cad></gpxtpx:TrackPointExtension></extensions></trkpt><trkpt lat="15.1171369571" lon="73.9318846632"><ele>3.02</ele><time>2025-11-16T03:55:12Z</time><extensions><gpxtpx:TrackPointExtension><gpxtpx:cad>0</gpxtpx:cad></gpxtpx:TrackPointExtension></extensions></trkpt><trkpt lat="15.1172476821" lon="73.9319932926"><ele>3.02</ele><time>2025-11-16T03:55:17Z</time><extensions><gpxtpx:TrackPointExtension><gpxtpx:cad>0</gpxtpx:cad></gpxtpx:TrackPointExtension></extensions></trkpt><trkpt lat="15.1173651125" lon="73.9321032632"><ele>3.02</ele><time>2025-11-16T03:55:22Z</time><extensions><gpxtpx:TrackPointExtension><gpxtpx:cad>0</gpxtpx:cad></gpxtpx:TrackPointExtension></extensions></trkpt><trkpt lat="15.1174784359" lon="73.9322079532"><ele>3.02</ele><time>2025-11-16T03:55:27Z</time><extensions><gpxtpx:TrackPointExtension><gpxtpx:cad>0</gpxtpx:cad></gpxtpx:TrackPointExtension></extensions></trkpt><trkpt lat="15.1175848860" lon="73.9323111344"><ele>3.02</ele><time>2025-11-16T03:55:32Z</time><extensions><gpxtpx:TrackPointExtension><gpxtpx:cad>0</gpxtpx:cad></gpxtpx:TrackPointExtension></extensions></trkpt><trkpt lat="15.1176766679" lon="73.9324356895"><ele>3.02</ele><time>2025-11-16T03:55:37Z</time><extensions><gpxtpx:TrackPointExtension><gpxtpx:cad>0</gpxtpx:cad></gpxtpx:TrackPointExtension></extensions></trkpt><trkpt lat="15.1177578885" lon="73.9325708896"><ele>2.54</ele><time>2025-11-16T03:55:42Z</time><extensions><gpxtpx:TrackPointExtension><gpxtpx:cad>0</gpxtpx:cad></gpxtpx:TrackPointExtension></extensions></trkpt><trkpt lat="15.1178313140" lon="73.9327142201"><ele>2.54</ele><time>2025-11-16T03:55:47Z</time><extensions><gpxtpx:TrackPointExtension><gpxtpx:cad>0</gpxtpx:cad></gpxtpx:TrackPointExtension></extensions></trkpt><trkpt lat="15.1179035660" lon="73.9328511804"><ele>2.06</ele><time>2025-11-16T03:55:52Z</time><extensions><gpxtpx:TrackPointExtension><gpxtpx:cad>0</gpxtpx:cad></gpxtpx:TrackPointExtension></extensions></trkpt><trkpt lat="15.1179862116" lon="73.9329824410"><ele>2.06</ele><time>2025-11-16T03:55:57Z</time><extensions><gpxtpx:TrackPointExtension><gpxtpx:cad>0</gpxtpx:cad></gpxtpx:TrackPointExtension></extensions></trkpt><trkpt lat="15.1180824358" lon="73.9331080019"><ele>2.06</ele><time>2025-11-16T03:56:02Z</time><extensions><gpxtpx:TrackPointExtension><gpxtpx:cad>0</gpxtpx:cad></gpxtpx:TrackPointExtension></extensions></trkpt><trkpt lat="15.1181768999" lon="73.9332347363"><ele>1.58</ele><time>2025-11-16T03:56:07Z</time><extensions><gpxtpx:TrackPointExtension><gpxtpx:cad>0</gpxtpx:cad></gpxtpx:TrackPointExtension></extensions></trkpt><trkpt lat="15.1182623953" lon="73.9333665837"><ele>1.58</ele><time>2025-11-16T03:56:12Z</time><extensions><gpxtpx:TrackPointExtension><gpxtpx:cad>0</gpxtpx:cad></gpxtpx:TrackPointExtension></extensions></trkpt><trkpt lat="15.1183455437" lon="73.9334947430"><ele>2.06</ele><time>2025-11-16T03:56:17Z</time><extensions><gpxtpx:TrackPointExtension><gpxtpx:cad>0</gpxtpx:cad></gpxtpx:TrackPointExtension></extensions></trkpt><trkpt lat="15.1184237469" lon="73.9336302783"><ele>1.58</ele><time>2025-11-16T03:56:22Z</time><extensions><gpxtpx:TrackPointExtension><gpxtpx:cad>0</gpxtpx:cad></gpxtpx:TrackPointExtension></extensions></trkpt><trkpt lat="15.1185003575" lon="73.9337653946"><ele>2.06</ele><time>2025-11-16T03:56:27Z</time><extensions><gpxtpx:TrackPointExtension><gpxtpx:cad>0</gpxtpx:cad></gpxtpx:TrackPointExtension></extensions></trkpt><trkpt lat="15.1185891218" lon="73.9338962361"><ele>2.06</ele><time>2025-11-16T03:56:32Z</time><extensions><gpxtpx:TrackPointExtension><gpxtpx:cad>0</gpxtpx:cad></gpxtpx:TrackPointExtension></extensions></trkpt><trkpt lat="15.1186782215" lon="73.9340273291"><ele>2.06</ele><time>2025-11-16T03:56:37Z</time><extensions><gpxtpx:TrackPointExtension><gpxtpx:cad>0</gpxtpx:cad></gpxtpx:TrackPointExtension></extensions></trkpt><trkpt lat="15.1187631302" lon="73.9341626968"><ele>2.06</ele><time>2025-11-16T03:56:42Z</time><extensions><gpxtpx:TrackPointExtension><gpxtpx:cad>0</gpxtpx:cad></gpxtpx:TrackPointExtension></extensions></trkpt><trkpt lat="15.1188439317" lon="73.9342906885"><ele>2.06</ele><time>2025-11-16T03:56:47Z</time><extensions><gpxtpx:TrackPointExtension><gpxtpx:cad>0</gpxtpx:cad></gpxtpx:TrackPointExtension></extensions></trkpt><trkpt lat="15.1189285889" lon="73.9344194345"><ele>2.06</ele><time>2025-11-16T03:56:52Z</time><extensions><gpxtpx:TrackPointExtension><gpxtpx:cad>0</gpxtpx:cad></gpxtpx:TrackPointExtension></extensions></trkpt><trkpt lat="15.1190112345" lon="73.9345517009"><ele>2.06</ele><time>2025-11-16T03:56:57Z</time><extensions><gpxtpx:TrackPointExtension><gpxtpx:cad>0</gpxtpx:cad></gpxtpx:TrackPointExtension></extensions></trkpt><trkpt lat="15.1190927066" lon="73.9346842188"><ele>2.06</ele><time>2025-11-16T03:57:02Z</time><extensions><gpxtpx:TrackPointExtension><gpxtpx:cad>0</gpxtpx:cad></gpxtpx:TrackPointExtension></extensions></trkpt><trkpt lat="15.1191786211" lon="73.9348185807"><ele>2.06</ele><time>2025-11-16T03:57:07Z</time><extensions><gpxtpx:TrackPointExtension><gpxtpx:cad>0</gpxtpx:cad></gpxtpx:TrackPointExtension></extensions></trkpt><trkpt lat="15.1192688942" lon="73.9349471591"><ele>1.58</ele><time>2025-11-16T03:57:12Z</time><extensions><gpxtpx:TrackPointExtension><gpxtpx:cad>0</gpxtpx:cad></gpxtpx:TrackPointExtension></extensions></trkpt><trkpt lat="15.1193453372" lon="73.9350738097"><ele>1.58</ele><time>2025-11-16T03:57:17Z</time><extensions><gpxtpx:TrackPointExtension><gpxtpx:cad>0</gpxtpx:cad></gpxtpx:TrackPointExtension></extensions></trkpt><trkpt lat="15.1194255520" lon="73.9352068305"><ele>1.58</ele><time>2025-11-16T03:57:22Z</time><extensions><gpxtpx:TrackPointExtension><gpxtpx:cad>0</gpxtpx:cad></gpxtpx:TrackPointExtension></extensions></trkpt><trkpt lat="15.1195010729" lon="73.9353423659"><ele>1.10</ele><time>2025-11-16T03:57:27Z</time><extensions><gpxtpx:TrackPointExtension><gpxtpx:cad>0</gpxtpx:cad></gpxtpx:TrackPointExtension></extensions></trkpt><trkpt lat="15.1195947826" lon="73.9354705252"><ele>1.10</ele><time>2025-11-16T03:57:32Z</time><extensions><gpxtpx:TrackPointExtension><gpxtpx:cad>0</gpxtpx:cad></gpxtpx:TrackPointExtension></extensions></trkpt><trkpt lat="15.1196846366" lon="73.9355963375"><ele>1.58</ele><time>2025-11-16T03:57:37Z</time><extensions><gpxtpx:TrackPointExtension><gpxtpx:cad>0</gpxtpx:cad></gpxtpx:TrackPointExtension></extensions></trkpt><trkpt lat="15.1197791006" lon="73.9357224014"><ele>1.58</ele><time>2025-11-16T03:57:42Z</time><extensions><gpxtpx:TrackPointExtension><gpxtpx:cad>0</gpxtpx:cad></gpxtpx:TrackPointExtension></extensions></trkpt><trkpt lat="15.1198801864" lon="73.9358416758"><ele>1.58</ele><time>2025-11-16T03:57:47Z</time><extensions><gpxtpx:TrackPointExtension><gpxtpx:cad>0</gpxtpx:cad></gpxtpx:TrackPointExtension></extensions></trkpt><trkpt lat="15.1199803501" lon="73.9359571785"><ele>1.58</ele><time>2025-11-16T03:57:52Z</time><extensions><gpxtpx:TrackPointExtension><gpxtpx:cad>0</gpxtpx:cad></gpxtpx:TrackPointExtension></extensions></trkpt><trkpt lat="15.1200928353" lon="73.9360612817"><ele>1.58</ele><time>2025-11-16T03:57:57Z</time><extensions><gpxtpx:TrackPointExtension><gpxtpx:cad>0</gpxtpx:cad></gpxtpx:TrackPointExtension></extensions></trkpt><trkpt lat="15.1202275325" lon="73.9361100644"><ele>2.06</ele><time>2025-11-16T03:58:02Z</time><extensions><gpxtpx:TrackPointExtension><gpxtpx:cad>0</gpxtpx:cad></gpxtpx:TrackPointExtension></extensions></trkpt><trkpt lat="15.1203732099" lon="73.9360901993"><ele>1.10</ele><time>2025-11-16T03:58:07Z</time><extensions><gpxtpx:TrackPointExtension><gpxtpx:cad>0</gpxtpx:cad></gpxtpx:TrackPointExtension></extensions></trkpt><trkpt lat="15.1205127686" lon="73.9360256586"><ele>2.06</ele><time>2025-11-16T03:58:12Z</time><extensions><gpxtpx:TrackPointExtension><gpxtpx:cad>0</gpxtpx:cad></gpxtpx:TrackPointExtension></extensions></trkpt><trkpt lat="15.1206472982" lon="73.9359593578"><ele>2.06</ele><time>2025-11-16T03:58:17Z</time><extensions><gpxtpx:TrackPointExtension><gpxtpx:cad>0</gpxtpx:cad></gpxtpx:TrackPointExtension></extensions></trkpt><trkpt lat="15.1207875274" lon="73.9358991757"><ele>2.06</ele><time>2025-11-16T03:58:22Z</time><extensions><gpxtpx:TrackPointExtension><gpxtpx:cad>0</gpxtpx:cad></gpxtpx:TrackPointExtension></extensions></trkpt><trkpt lat="15.1209274214" lon="73.9358345512"><ele>2.06</ele><time>2025-11-16T03:58:27Z</time><extensions><gpxtpx:TrackPointExtension><gpxtpx:cad>0</gpxtpx:cad></gpxtpx:TrackPointExtension></extensions></trkpt><trkpt lat="15.1210644655" lon="73.9357657358"><ele>2.06</ele><time>2025-11-16T03:58:32Z</time><extensions><gpxtpx:TrackPointExtension><gpxtpx:cad>0</gpxtpx:cad></gpxtpx:TrackPointExtension></extensions></trkpt><trkpt lat="15.1212112326" lon="73.9357028715"><ele>2.06</ele><time>2025-11-16T03:58:37Z</time><extensions><gpxtpx:TrackPointExtension><gpxtpx:cad>0</gpxtpx:cad></gpxtpx:TrackPointExtension></extensions></trkpt><trkpt lat="15.1213600952" lon="73.9356496464"><ele>2.06</ele><time>2025-11-16T03:58:42Z</time><extensions><gpxtpx:TrackPointExtension><gpxtpx:cad>0</gpxtpx:cad></gpxtpx:TrackPointExtension></extensions></trkpt><trkpt lat="15.1215029228" lon="73.9355846867"><ele>2.06</ele><time>2025-11-16T03:58:47Z</time><extensions><gpxtpx:TrackPointExtension><gpxtpx:cad>0</gpxtpx:cad></gpxtpx:TrackPointExtension></extensions></trkpt><trkpt lat="15.1216428168" lon="73.9355175477"><ele>2.06</ele><time>2025-11-16T03:58:52Z</time><extensions><gpxtpx:TrackPointExtension><gpxtpx:cad>0</gpxtpx:cad></gpxtpx:TrackPointExtension></extensions></trkpt><trkpt lat="15.1217802800" lon="73.9354507439"><ele>2.54</ele><time>2025-11-16T03:58:57Z</time><extensions><gpxtpx:TrackPointExtension><gpxtpx:cad>0</gpxtpx:cad></gpxtpx:TrackPointExtension></extensions></trkpt><trkpt lat="15.1219143905" lon="73.9353784919"><ele>2.06</ele><time>2025-11-16T03:59:02Z</time><extensions><gpxtpx:TrackPointExtension><gpxtpx:cad>0</gpxtpx:cad></gpxtpx:TrackPointExtension></extensions></trkpt><trkpt lat="15.1220500935" lon="73.9353007078"><ele>1.58</ele><time>2025-11-16T03:59:07Z</time><extensions><gpxtpx:TrackPointExtension><gpxtpx:cad>0</gpxtpx:cad></gpxtpx:TrackPointExtension></extensions></trkpt><trkpt lat="15.1221880596" lon="73.9352148771"><ele>2.06</ele><time>2025-11-16T03:59:12Z</time><extensions><gpxtpx:TrackPointExtension><gpxtpx:cad>0</gpxtpx:cad></gpxtpx:TrackPointExtension></extensions></trkpt><trkpt lat="15.1223259419" lon="73.9351358358"><ele>2.54</ele><time>2025-11-16T03:59:17Z</time><extensions><gpxtpx:TrackPointExtension><gpxtpx:cad>0</gpxtpx:cad></gpxtpx:TrackPointExtension></extensions></trkpt><trkpt lat="15.1224599686" lon="73.9350521006"><ele>2.54</ele><time>2025-11-16T03:59:22Z</time><extensions><gpxtpx:TrackPointExtension><gpxtpx:cad>0</gpxtpx:cad></gpxtpx:TrackPointExtension></extensions></trkpt><trkpt lat="15.1225947496" lon="73.9349702094"><ele>3.02</ele><time>2025-11-16T03:59:27Z</time><extensions><gpxtpx:TrackPointExtension><gpxtpx:cad>0</gpxtpx:cad></gpxtpx:TrackPointExtension></extensions></trkpt><trkpt lat="15.1227342244" lon="73.9348925091"><ele>3.50</ele><time>2025-11-16T03:59:32Z</time><extensions><gpxtpx:TrackPointExtension><gpxtpx:cad>0</gpxtpx:cad></gpxtpx:TrackPointExtension></extensions></trkpt><trkpt lat="15.1228713524" lon="73.9348164853"><ele>3.50</ele><time>2025-11-16T03:59:37Z</time><extensions><gpxtpx:TrackPointExtension><gpxtpx:cad>0</gpxtpx:cad></gpxtpx:TrackPointExtension></extensions></trkpt><trkpt lat="15.1229985058" lon="73.9347305708"><ele>3.50</ele><time>2025-11-16T03:59:42Z</time><extensions><gpxtpx:TrackPointExtension><gpxtpx:cad>0</gpxtpx:cad></gpxtpx:TrackPointExtension></extensions></trkpt><trkpt lat="15.1231211331" lon="73.9346333407"><ele>3.98</ele><time>2025-11-16T03:59:47Z</time><extensions><gpxtpx:TrackPointExtension><gpxtpx:cad>0</gpxtpx:cad></gpxtpx:TrackPointExtension></extensions></trkpt><trkpt lat="15.1232487895" lon="73.9345368650"><ele>3.98</ele><time>2025-11-16T03:59:52Z</time><extensions><gpxtpx:TrackPointExtension><gpxtpx:cad>0</gpxtpx:cad></gpxtpx:TrackPointExtension></extensions></trkpt><trkpt lat="15.1233770326" lon="73.9344455861"><ele>3.98</ele><time>2025-11-16T03:59:57Z</time><extensions><gpxtpx:TrackPointExtension><gpxtpx:cad>0</gpxtpx:cad></gpxtpx:TrackPointExtension></extensions></trkpt><trkpt lat="15.1235072874" lon="73.9343556482"><ele>4.46</ele><time>2025-11-16T04:00:02Z</time><extensions><gpxtpx:TrackPointExtension><gpxtpx:cad>0</gpxtpx:cad></gpxtpx:TrackPointExtension></extensions></trkpt><trkpt lat="15.1236387994" lon="73.9342721645"><ele>4.46</ele><time>2025-11-16T04:00:07Z</time><extensions><gpxtpx:TrackPointExtension><gpxtpx:cad>0</gpxtpx:cad></gpxtpx:TrackPointExtension></extensions></trkpt><trkpt lat="15.1237754244" lon="73.9341969788"><ele>4.46</ele><time>2025-11-16T04:00:12Z</time><extensions><gpxtpx:TrackPointExtension><gpxtpx:cad>0</gpxtpx:cad></gpxtpx:TrackPointExtension></extensions></trkpt><trkpt lat="15.1239137258" lon="73.9341218770"><ele>4.46</ele><time>2025-11-16T04:00:17Z</time><extensions><gpxtpx:TrackPointExtension><gpxtpx:cad>0</gpxtpx:cad></gpxtpx:TrackPointExtension></extensions></trkpt><trkpt lat="15.1240535360" lon="73.9340544026"><ele>4.46</ele><time>2025-11-16T04:00:22Z</time><extensions><gpxtpx:TrackPointExtension><gpxtpx:cad>0</gpxtpx:cad></gpxtpx:TrackPointExtension></extensions></trkpt><trkpt lat="15.1241952740" lon="73.9339925442"><ele>4.46</ele><time>2025-11-16T04:00:27Z</time><extensions><gpxtpx:TrackPointExtension><gpxtpx:cad>0</gpxtpx:cad></gpxtpx:TrackPointExtension></extensions></trkpt><trkpt lat="15.1243325695" lon="73.9339133352"><ele>3.98</ele><time>2025-11-16T04:00:32Z</time><extensions><gpxtpx:TrackPointExtension><gpxtpx:cad>0</gpxtpx:cad></gpxtpx:TrackPointExtension></extensions></trkpt><trkpt lat="15.1244628243" lon="73.9338344615"><ele>3.98</ele><time>2025-11-16T04:00:37Z</time><extensions><gpxtpx:TrackPointExtension><gpxtpx:cad>0</gpxtpx:cad></gpxtpx:TrackPointExtension></extensions></trkpt><trkpt lat="15.1245959289" lon="73.9337590244"><ele>3.98</ele><time>2025-11-16T04:00:42Z</time><extensions><gpxtpx:TrackPointExtension><gpxtpx:cad>0</gpxtpx:cad></gpxtpx:TrackPointExtension></extensions></trkpt><trkpt lat="15.1247337274" lon="73.9336863533"><ele>3.98</ele><time>2025-11-16T04:00:47Z</time><extensions><gpxtpx:TrackPointExtension><gpxtpx:cad>0</gpxtpx:cad></gpxtpx:TrackPointExtension></extensions></trkpt><trkpt lat="15.1248777285" lon="73.9336234890"><ele>3.98</ele><time>2025-11-16T04:00:52Z</time><extensions><gpxtpx:TrackPointExtension><gpxtpx:cad>0</gpxtpx:cad></gpxtpx:TrackPointExtension></extensions></trkpt><trkpt lat="15.1250175387" lon="73.9335548412"><ele>3.98</ele><time>2025-11-16T04:00:57Z</time><extensions><gpxtpx:TrackPointExtension><gpxtpx:cad>0</gpxtpx:cad></gpxtpx:TrackPointExtension></extensions></trkpt><trkpt lat="15.1251510624" lon="73.9334811643"><ele>3.50</ele><time>2025-11-16T04:01:02Z</time><extensions><gpxtpx:TrackPointExtension><gpxtpx:cad>0</gpxtpx:cad></gpxtpx:TrackPointExtension></extensions></trkpt><trkpt lat="15.1252849214" lon="73.9334034640"><ele>3.98</ele><time>2025-11-16T04:01:07Z</time><extensions><gpxtpx:TrackPointExtension><gpxtpx:cad>0</gpxtpx:cad></gpxtpx:TrackPointExtension></extensions></trkpt><trkpt lat="15.1254263241" lon="73.9333371632"><ele>4.46</ele><time>2025-11-16T04:01:12Z</time><extensions><gpxtpx:TrackPointExtension><gpxtpx:cad>0</gpxtpx:cad></gpxtpx:TrackPointExtension></extensions></trkpt><trkpt lat="15.1255617756" lon="73.9332607202"><ele>3.98</ele><time>2025-11-16T04:01:17Z</time><extensions><gpxtpx:TrackPointExtension><gpxtpx:cad>0</gpxtpx:cad></gpxtpx:TrackPointExtension></extensions></trkpt><trkpt lat="15.1256999094" lon="73.9331834391"><ele>3.98</ele><time>2025-11-16T04:01:22Z</time><extensions><gpxtpx:TrackPointExtension><gpxtpx:cad>0</gpxtpx:cad></gpxtpx:TrackPointExtension></extensions></trkpt><trkpt lat="15.1258372888" lon="73.9331054036"><ele>4.46</ele><time>2025-11-16T04:01:27Z</time><extensions><gpxtpx:TrackPointExtension><gpxtpx:cad>0</gpxtpx:cad></gpxtpx:TrackPointExtension></extensions></trkpt><trkpt lat="15.1259627659" lon="73.9330177289"><ele>3.50</ele><time>2025-11-16T04:01:32Z</time><extensions><gpxtpx:TrackPointExtension><gpxtpx:cad>0</gpxtpx:cad></gpxtpx:TrackPointExtension></extensions></trkpt><trkpt lat="15.1260763407" lon="73.9329165593"><ele>3.50</ele><time>2025-11-16T04:01:37Z</time><extensions><gpxtpx:TrackPointExtension><gpxtpx:cad>0</gpxtpx:cad></gpxtpx:TrackPointExtension></extensions></trkpt><trkpt lat="15.1262028236" lon="73.9328239392"><ele>3.50</ele><time>2025-11-16T04:01:42Z</time><extensions><gpxtpx:TrackPointExtension><gpxtpx:cad>0</gpxtpx:cad></gpxtpx:TrackPointExtension></extensions></trkpt><trkpt lat="15.1263383590" lon="73.9327410422"><ele>3.50</ele><time>2025-11-16T04:01:47Z</time><extensions><gpxtpx:TrackPointExtension><gpxtpx:cad>0</gpxtpx:cad></gpxtpx:TrackPointExtension></extensions></trkpt><trkpt lat="15.1264639199" lon="73.9326491766"><ele>3.02</ele><time>2025-11-16T04:01:52Z</time><extensions><gpxtpx:TrackPointExtension><gpxtpx:cad>0</gpxtpx:cad></gpxtpx:TrackPointExtension></extensions></trkpt><trkpt lat="15.1265857928" lon="73.9325466659"><ele>3.02</ele><time>2025-11-16T04:01:57Z</time><extensions><gpxtpx:TrackPointExtension><gpxtpx:cad>0</gpxtpx:cad></gpxtpx:TrackPointExtension></extensions></trkpt><trkpt lat="15.1267111022" lon="73.9324506093"><ele>3.02</ele><time>2025-11-16T04:02:02Z</time><extensions><gpxtpx:TrackPointExtension><gpxtpx:cad>0</gpxtpx:cad></gpxtpx:TrackPointExtension></extensions></trkpt><trkpt lat="15.1268228330" lon="73.9323372021"><ele>3.02</ele><time>2025-11-16T04:02:07Z</time><extensions><gpxtpx:TrackPointExtension><gpxtpx:cad>0</gpxtpx:cad></gpxtpx:TrackPointExtension></extensions></trkpt><trkpt lat="15.1269185543" lon="73.9322108869"><ele>3.02</ele><time>2025-11-16T04:02:12Z</time><extensions><gpxtpx:TrackPointExtension><gpxtpx:cad>0</gpxtpx:cad></gpxtpx:TrackPointExtension></extensions></trkpt><trkpt lat="15.1270318776" lon="73.9321064483"><ele>3.50</ele><time>2025-11-16T04:02:17Z</time><extensions><gpxtpx:TrackPointExtension><gpxtpx:cad>0</gpxtpx:cad></gpxtpx:TrackPointExtension></extensions></trkpt><trkpt lat="15.1271462906" lon="73.9320029318"><ele>3.02</ele><time>2025-11-16T04:02:22Z</time><extensions><gpxtpx:TrackPointExtension><gpxtpx:cad>0</gpxtpx:cad></gpxtpx:TrackPointExtension></extensions></trkpt><trkpt lat="15.1272560935" lon="73.9318848308"><ele>3.50</ele><time>2025-11-16T04:02:27Z</time><extensions><gpxtpx:TrackPointExtension><gpxtpx:cad>0</gpxtpx:cad></gpxtpx:TrackPointExtension></extensions></trkpt><trkpt lat="15.1273715962" lon="73.9317753632"><ele>3.98</ele><time>2025-11-16T04:02:32Z</time><extensions><gpxtpx:TrackPointExtension><gpxtpx:cad>0</gpxtpx:cad></gpxtpx:TrackPointExtension></extensions></trkpt><trkpt lat="15.1274962351" lon="73.9316794742"><ele>3.50</ele><time>2025-11-16T04:02:37Z</time><extensions><gpxtpx:TrackPointExtension><gpxtpx:cad>0</gpxtpx:cad></gpxtpx:TrackPointExtension></extensions></trkpt><trkpt lat="15.1276212092" lon="73.9315899555"><ele>3.02</ele><time>2025-11-16T04:02:42Z</time><extensions><gpxtpx:TrackPointExtension><gpxtpx:cad>0</gpxtpx:cad></gpxtpx:TrackPointExtension></extensions></trkpt><trkpt lat="15.1277449261" lon="73.9314856008"><ele>3.02</ele><time>2025-11-16T04:02:47Z</time><extensions><gpxtpx:TrackPointExtension><gpxtpx:cad>0</gpxtpx:cad></gpxtpx:TrackPointExtension></extensions></trkpt><trkpt lat="15.1278768573" lon="73.9313961659"><ele>3.02</ele><time>2025-11-16T04:02:52Z</time><extensions><gpxtpx:TrackPointExtension><gpxtpx:cad>0</gpxtpx:cad></gpxtpx:TrackPointExtension></extensions></trkpt><trkpt lat="15.1280092914" lon="73.9313162863"><ele>3.50</ele><time>2025-11-16T04:02:57Z</time><extensions><gpxtpx:TrackPointExtension><gpxtpx:cad>0</gpxtpx:cad></gpxtpx:TrackPointExtension></extensions></trkpt><trkpt lat="15.1281429827" lon="73.9312310424"><ele>3.50</ele><time>2025-11-16T04:03:02Z</time><extensions><gpxtpx:TrackPointExtension><gpxtpx:cad>0</gpxtpx:cad></gpxtpx:TrackPointExtension></extensions></trkpt><trkpt lat="15.1282655261" lon="73.9311432838"><ele>3.50</ele><time>2025-11-16T04:03:07Z</time><extensions><gpxtpx:TrackPointExtension><gpxtpx:cad>0</gpxtpx:cad></gpxtpx:TrackPointExtension></extensions></trkpt><trkpt lat="15.1283884048" lon="73.9310442936"><ele>3.50</ele><time>2025-11-16T04:03:12Z</time><extensions><gpxtpx:TrackPointExtension><gpxtpx:cad>0</gpxtpx:cad></gpxtpx:TrackPointExtension></extensions></trkpt><trkpt lat="15.1285188273" lon="73.9309607260"><ele>3.50</ele><time>2025-11-16T04:03:17Z</time><extensions><gpxtpx:TrackPointExtension><gpxtpx:cad>0</gpxtpx:cad></gpxtpx:TrackPointExtension></extensions></trkpt><trkpt lat="15.1286480762" lon="73.9308761526"><ele>3.50</ele><time>2025-11-16T04:03:22Z</time><extensions><gpxtpx:TrackPointExtension><gpxtpx:cad>0</gpxtpx:cad></gpxtpx:TrackPointExtension></extensions></trkpt><trkpt lat="15.1287668478" lon="73.9307728875"><ele>3.98</ele><time>2025-11-16T04:03:27Z</time><extensions><gpxtpx:TrackPointExtension><gpxtpx:cad>0</gpxtpx:cad></gpxtpx:TrackPointExtension></extensions></trkpt><trkpt lat="15.1288894750" lon="73.9306681976"><ele>3.98</ele><time>2025-11-16T04:03:32Z</time><extensions><gpxtpx:TrackPointExtension><gpxtpx:cad>0</gpxtpx:cad></gpxtpx:TrackPointExtension></extensions></trkpt><trkpt lat="15.1290151197" lon="73.9305728115"><ele>3.98</ele><time>2025-11-16T04:03:37Z</time><extensions><gpxtpx:TrackPointExtension><gpxtpx:cad>0</gpxtpx:cad></gpxtpx:TrackPointExtension></extensions></trkpt><trkpt lat="15.1291413512" lon="73.9304836281"><ele>3.50</ele><time>2025-11-16T04:03:42Z</time><extensions><gpxtpx:TrackPointExtension><gpxtpx:cad>0</gpxtpx:cad></gpxtpx:TrackPointExtension></extensions></trkpt><trkpt lat="15.1292704325" lon="73.9303866494"><ele>3.50</ele><time>2025-11-16T04:03:47Z</time><extensions><gpxtpx:TrackPointExtension><gpxtpx:cad>0</gpxtpx:cad></gpxtpx:TrackPointExtension></extensions></trkpt><trkpt lat="15.1293974183" lon="73.9302972984"><ele>3.50</ele><time>2025-11-16T04:03:52Z</time><extensions><gpxtpx:TrackPointExtension><gpxtpx:cad>0</gpxtpx:cad></gpxtpx:TrackPointExtension></extensions></trkpt><trkpt lat="15.1295237336" lon="73.9302047621"><ele>3.50</ele><time>2025-11-16T04:03:57Z</time><extensions><gpxtpx:TrackPointExtension><gpxtpx:cad>0</gpxtpx:cad></gpxtpx:TrackPointExtension></extensions></trkpt><trkpt lat="15.1296488754" lon="73.9301133994"><ele>3.50</ele><time>2025-11-16T04:04:02Z</time><extensions><gpxtpx:TrackPointExtension><gpxtpx:cad>0</gpxtpx:cad></gpxtpx:TrackPointExtension></extensions></trkpt><trkpt lat="15.1297857519" lon="73.9300396387"><ele>3.02</ele><time>2025-11-16T04:04:07Z</time><extensions><gpxtpx:TrackPointExtension><gpxtpx:cad>0</gpxtpx:cad></gpxtpx:TrackPointExtension></extensions></trkpt><trkpt lat="15.1299315132" lon="73.9299851563"><ele>3.50</ele><time>2025-11-16T04:04:12Z</time><extensions><gpxtpx:TrackPointExtension><gpxtpx:cad>0</gpxtpx:cad></gpxtpx:TrackPointExtension></extensions></trkpt><trkpt lat="15.1300692279" lon="73.9299273212"><ele>3.02</ele><time>2025-11-16T04:04:17Z</time><extensions><gpxtpx:TrackPointExtension><gpxtpx:cad>0</gpxtpx:cad></gpxtpx:TrackPointExtension></extensions></trkpt><trkpt lat="15.1302101277" lon="73.9298642054"><ele>3.02</ele><time>2025-11-16T04:04:22Z</time><extensions><gpxtpx:TrackPointExtension><gpxtpx:cad>0</gpxtpx:cad></gpxtpx:TrackPointExtension></extensions></trkpt><trkpt lat="15.1303604152" lon="73.9298149198"><ele>3.50</ele><time>2025-11-16T04:04:27Z</time><extensions><gpxtpx:TrackPointExtension><gpxtpx:cad>0</gpxtpx:cad></gpxtpx:TrackPointExtension></extensions></trkpt><trkpt lat="15.1305091102" lon="73.9297730103"><ele>3.02</ele><time>2025-11-16T04:04:32Z</time><extensions><gpxtpx:TrackPointExtension><gpxtpx:cad>0</gpxtpx:cad></gpxtpx:TrackPointExtension></extensions></trkpt><trkpt lat="15.1306572184" lon="73.9297201205"><ele>3.02</ele><time>2025-11-16T04:04:37Z</time><extensions><gpxtpx:TrackPointExtension><gpxtpx:cad>0</gpxtpx:cad></gpxtpx:TrackPointExtension></extensions></trkpt><trkpt lat="15.1308043208" lon="73.9296627883"><ele>3.02</ele><time>2025-11-16T04:04:42Z</time><extensions><gpxtpx:TrackPointExtension><gpxtpx:cad>0</gpxtpx:cad></gpxtpx:TrackPointExtension></extensions></trkpt><trkpt lat="15.1309573743" lon="73.9296130836"><ele>3.02</ele><time>2025-11-16T04:04:47Z</time><extensions><gpxtpx:TrackPointExtension><gpxtpx:cad>0</gpxtpx:cad></gpxtpx:TrackPointExtension></extensions></trkpt><trkpt lat="15.1311090030" lon="73.9295664802"><ele>3.02</ele><time>2025-11-16T04:04:52Z</time><extensions><gpxtpx:TrackPointExtension><gpxtpx:cad>0</gpxtpx:cad></gpxtpx:TrackPointExtension></extensions></trkpt><trkpt lat="15.1312477235" lon="73.9295085613"><ele>2.54</ele><time>2025-11-16T04:04:57Z</time><extensions><gpxtpx:TrackPointExtension><gpxtpx:cad>0</gpxtpx:cad></gpxtpx:TrackPointExtension></extensions></trkpt><trkpt lat="15.1313923951" lon="73.9294482116"><ele>3.02</ele><time>2025-11-16T04:05:02Z</time><extensions><gpxtpx:TrackPointExtension><gpxtpx:cad>0</gpxtpx:cad></gpxtpx:TrackPointExtension></extensions></trkpt><trkpt lat="15.1315347198" lon="73.9293790609"><ele>3.02</ele><time>2025-11-16T04:05:07Z</time><extensions><gpxtpx:TrackPointExtension><gpxtpx:cad>0</gpxtpx:cad></gpxtpx:TrackPointExtension></extensions></trkpt><trkpt lat="15.1316643041" lon="73.9292944875"><ele>3.02</ele><time>2025-11-16T04:05:12Z</time><extensions><gpxtpx:TrackPointExtension><gpxtpx:cad>0</gpxtpx:cad></gpxtpx:TrackPointExtension></extensions></trkpt><trkpt lat="15.1317870989" lon="73.9292079862"><ele>3.02</ele><time>2025-11-16T04:05:17Z</time><extensions><gpxtpx:TrackPointExtension><gpxtpx:cad>0</gpxtpx:cad></gpxtpx:TrackPointExtension></extensions></trkpt><trkpt lat="15.1319197007" lon="73.9291300345"><ele>3.02</ele><time>2025-11-16T04:05:22Z</time><extensions><gpxtpx:TrackPointExtension><gpxtpx:cad>0</gpxtpx:cad></gpxtpx:TrackPointExtension></extensions></trkpt><trkpt lat="15.1320631150" lon="73.9290649071"><ele>2.54</ele><time>2025-11-16T04:05:27Z</time><extensions><gpxtpx:TrackPointExtension><gpxtpx:cad>0</gpxtpx:cad></gpxtpx:TrackPointExtension></extensions></trkpt><trkpt lat="15.1322087925" lon="73.9290047251"><ele>2.54</ele><time>2025-11-16T04:05:32Z</time><extensions><gpxtpx:TrackPointExtension><gpxtpx:cad>0</gpxtpx:cad></gpxtpx:TrackPointExtension></extensions></trkpt><trkpt lat="15.1323489379" lon="73.9289322216"><ele>2.06</ele><time>2025-11-16T04:05:37Z</time><extensions><gpxtpx:TrackPointExtension><gpxtpx:cad>0</gpxtpx:cad></gpxtpx:TrackPointExtension></extensions></trkpt><trkpt lat="15.1324792765" lon="73.9288414456"><ele>2.54</ele><time>2025-11-16T04:05:42Z</time><extensions><gpxtpx:TrackPointExtension><gpxtpx:cad>0</gpxtpx:cad></gpxtpx:TrackPointExtension></extensions></trkpt><trkpt lat="15.1326008141" lon="73.9287363365"><ele>2.54</ele><time>2025-11-16T04:05:47Z</time><extensions><gpxtpx:TrackPointExtension><gpxtpx:cad>0</gpxtpx:cad></gpxtpx:TrackPointExtension></extensions></trkpt><trkpt lat="15.1327187475" lon="73.9286323171"><ele>2.54</ele><time>2025-11-16T04:05:52Z</time><extensions><gpxtpx:TrackPointExtension><gpxtpx:cad>0</gpxtpx:cad></gpxtpx:TrackPointExtension></extensions></trkpt><trkpt lat="15.1328383572" lon="73.9285331592"><ele>3.02</ele><time>2025-11-16T04:05:57Z</time><extensions><gpxtpx:TrackPointExtension><gpxtpx:cad>0</gpxtpx:cad></gpxtpx:TrackPointExtension></extensions></trkpt><trkpt lat="15.1329624094" lon="73.9284371026"><ele>3.50</ele><time>2025-11-16T04:06:02Z</time><extensions><gpxtpx:TrackPointExtension><gpxtpx:cad>0</gpxtpx:cad></gpxtpx:TrackPointExtension></extensions></trkpt><trkpt lat="15.1330862939" lon="73.9283376932"><ele>3.98</ele><time>2025-11-16T04:06:07Z</time><extensions><gpxtpx:TrackPointExtension><gpxtpx:cad>0</gpxtpx:cad></gpxtpx:TrackPointExtension></extensions></trkpt><trkpt lat="15.1332104299" lon="73.9282412175"><ele>3.98</ele><time>2025-11-16T04:06:12Z</time><extensions><gpxtpx:TrackPointExtension><gpxtpx:cad>0</gpxtpx:cad></gpxtpx:TrackPointExtension></extensions></trkpt><trkpt lat="15.1333286148" lon="73.9281352703"><ele>3.98</ele><time>2025-11-16T04:06:17Z</time><extensions><gpxtpx:TrackPointExtension><gpxtpx:cad>0</gpxtpx:cad></gpxtpx:TrackPointExtension></extensions></trkpt><trkpt lat="15.1334403455" lon="73.9280206058"><ele>4.46</ele><time>2025-11-16T04:06:22Z</time><extensions><gpxtpx:TrackPointExtension><gpxtpx:cad>0</gpxtpx:cad></gpxtpx:TrackPointExtension></extensions></trkpt><trkpt lat="15.1335496455" lon="73.9279086236"><ele>4.94</ele><time>2025-11-16T04:06:27Z</time><extensions><gpxtpx:TrackPointExtension><gpxtpx:cad>0</gpxtpx:cad></gpxtpx:TrackPointExtension></extensions></trkpt><trkpt lat="15.1336634718" lon="73.9278065320"><ele>4.46</ele><time>2025-11-16T04:06:32Z</time><extensions><gpxtpx:TrackPointExtension><gpxtpx:cad>0</gpxtpx:cad></gpxtpx:TrackPointExtension></extensions></trkpt><trkpt lat="15.1337881945" lon="73.9277041052"><ele>3.98</ele><time>2025-11-16T04:06:37Z</time><extensions><gpxtpx:TrackPointExtension><gpxtpx:cad>0</gpxtpx:cad></gpxtpx:TrackPointExtension></extensions></trkpt><trkpt lat="15.1339155994" lon="73.9276107308"><ele>3.98</ele><time>2025-11-16T04:06:42Z</time><extensions><gpxtpx:TrackPointExtension><gpxtpx:cad>0</gpxtpx:cad></gpxtpx:TrackPointExtension></extensions></trkpt><trkpt lat="15.1340402383" lon="73.9275259897"><ele>3.50</ele><time>2025-11-16T04:06:47Z</time><extensions><gpxtpx:TrackPointExtension><gpxtpx:cad>0</gpxtpx:cad></gpxtpx:TrackPointExtension></extensions></trkpt><trkpt lat="15.1341652125" lon="73.9274359681"><ele>3.50</ele><time>2025-11-16T04:06:52Z</time><extensions><gpxtpx:TrackPointExtension><gpxtpx:cad>0</gpxtpx:cad></gpxtpx:TrackPointExtension></extensions></trkpt><trkpt lat="15.1342795417" lon="73.9273273386"><ele>3.02</ele><time>2025-11-16T04:06:57Z</time><extensions><gpxtpx:TrackPointExtension><gpxtpx:cad>0</gpxtpx:cad></gpxtpx:TrackPointExtension></extensions></trkpt><trkpt lat="15.1344000734" lon="73.9272233192"><ele>3.02</ele><time>2025-11-16T04:07:02Z</time><extensions><gpxtpx:TrackPointExtension><gpxtpx:cad>0</gpxtpx:cad></gpxtpx:TrackPointExtension></extensions></trkpt><trkpt lat="15.1345158275" lon="73.9271187969"><ele>3.02</ele><time>2025-11-16T04:07:07Z</time><extensions><gpxtpx:TrackPointExtension><gpxtpx:cad>0</gpxtpx:cad></gpxtpx:TrackPointExtension></extensions></trkpt><trkpt lat="15.1346308272" lon="73.9270146936"><ele>2.54</ele><time>2025-11-16T04:07:12Z</time><extensions><gpxtpx:TrackPointExtension><gpxtpx:cad>0</gpxtpx:cad></gpxtpx:TrackPointExtension></extensions></trkpt><trkpt lat="15.1347473357" lon="73.9269126859"><ele>2.54</ele><time>2025-11-16T04:07:17Z</time><extensions><gpxtpx:TrackPointExtension><gpxtpx:cad>0</gpxtpx:cad></gpxtpx:TrackPointExtension></extensions></trkpt><trkpt lat="15.1348722260" lon="73.9268113486"><ele>3.02</ele><time>2025-11-16T04:07:22Z</time><extensions><gpxtpx:TrackPointExtension><gpxtpx:cad>0</gpxtpx:cad></gpxtpx:TrackPointExtension></extensions></trkpt><trkpt lat="15.1349963620" lon="73.9267177228"><ele>3.50</ele><time>2025-11-16T04:07:27Z</time><extensions><gpxtpx:TrackPointExtension><gpxtpx:cad>0</gpxtpx:cad></gpxtpx:TrackPointExtension></extensions></trkpt><trkpt lat="15.1351168938" lon="73.9266184811"><ele>2.54</ele><time>2025-11-16T04:07:32Z</time><extensions><gpxtpx:TrackPointExtension><gpxtpx:cad>0</gpxtpx:cad></gpxtpx:TrackPointExtension></extensions></trkpt><trkpt lat="15.1352452207" lon="73.9265280403"><ele>2.54</ele><time>2025-11-16T04:07:37Z</time><extensions><gpxtpx:TrackPointExtension><gpxtpx:cad>0</gpxtpx:cad></gpxtpx:TrackPointExtension></extensions></trkpt><trkpt lat="15.1353688538" lon="73.9264323190"><ele>3.02</ele><time>2025-11-16T04:07:42Z</time><extensions><gpxtpx:TrackPointExtension><gpxtpx:cad>0</gpxtpx:cad></gpxtpx:TrackPointExtension></extensions></trkpt><trkpt lat="15.1354851946" lon="73.9263304789"><ele>2.54</ele><time>2025-11-16T04:07:47Z</time><extensions><gpxtpx:TrackPointExtension><gpxtpx:cad>0</gpxtpx:cad></gpxtpx:TrackPointExtension></extensions></trkpt><trkpt lat="15.1356106717" lon="73.9262394514"><ele>2.54</ele><time>2025-11-16T04:07:52Z</time><extensions><gpxtpx:TrackPointExtension><gpxtpx:cad>0</gpxtpx:cad></gpxtpx:TrackPointExtension></extensions></trkpt><trkpt lat="15.1357423514" lon="73.9261551294"><ele>3.02</ele><time>2025-11-16T04:07:57Z</time><extensions><gpxtpx:TrackPointExtension><gpxtpx:cad>0</gpxtpx:cad></gpxtpx:TrackPointExtension></extensions></trkpt><trkpt lat="15.1358741987" lon="73.9260629285"><ele>3.50</ele><time>2025-11-16T04:08:02Z</time><extensions><gpxtpx:TrackPointExtension><gpxtpx:cad>0</gpxtpx:cad></gpxtpx:TrackPointExtension></extensions></trkpt><trkpt lat="15.1359943952" lon="73.9259589929"><ele>3.98</ele><time>2025-11-16T04:08:07Z</time><extensions><gpxtpx:TrackPointExtension><gpxtpx:cad>0</gpxtpx:cad></gpxtpx:TrackPointExtension></extensions></trkpt><trkpt lat="15.1361076348" lon="73.9258546382"><ele>3.98</ele><time>2025-11-16T04:08:12Z</time><extensions><gpxtpx:TrackPointExtension><gpxtpx:cad>0</gpxtpx:cad></gpxtpx:TrackPointExtension></extensions></trkpt><trkpt lat="15.1362157613" lon="73.9257445838"><ele>3.98</ele><time>2025-11-16T04:08:17Z</time><extensions><gpxtpx:TrackPointExtension><gpxtpx:cad>0</gpxtpx:cad></gpxtpx:TrackPointExtension></extensions></trkpt><trkpt lat="15.1363221277" lon="73.9256326016"><ele>3.50</ele><time>2025-11-16T04:08:22Z</time><extensions><gpxtpx:TrackPointExtension><gpxtpx:cad>0</gpxtpx:cad></gpxtpx:TrackPointExtension></extensions></trkpt><trkpt lat="15.1363959722" lon="73.9255336113"><ele>3.02</ele><time>2025-11-16T04:08:26Z</time><extensions><gpxtpx:TrackPointExtension><gpxtpx:cad>0</gpxtpx:cad></gpxtpx:TrackPointExtension></extensions></trkpt><trkpt lat="15.1365140732" lon="73.9253848325"><ele>3.02</ele><time>2025-11-16T04:08:32Z</time><extensions><gpxtpx:TrackPointExtension><gpxtpx:cad>0</gpxtpx:cad></gpxtpx:TrackPointExtension></extensions></trkpt><trkpt lat="15.1366024185" lon="73.9252554998"><ele>2.54</ele><time>2025-11-16T04:08:37Z</time><extensions><gpxtpx:TrackPointExtension><gpxtpx:cad>0</gpxtpx:cad></gpxtpx:TrackPointExtension></extensions></trkpt><trkpt lat="15.1366907638" lon="73.9251247421"><ele>2.54</ele><time>2025-11-16T04:08:42Z</time><extensions><gpxtpx:TrackPointExtension><gpxtpx:cad>0</gpxtpx:cad></gpxtpx:TrackPointExtension></extensions></trkpt><trkpt lat="15.1367890835" lon="73.9250011928"><ele>2.54</ele><time>2025-11-16T04:08:47Z</time><extensions><gpxtpx:TrackPointExtension><gpxtpx:cad>0</gpxtpx:cad></gpxtpx:TrackPointExtension></extensions></trkpt><trkpt lat="15.1368871517" lon="73.9248822536"><ele>3.02</ele><time>2025-11-16T04:08:52Z</time><extensions><gpxtpx:TrackPointExtension><gpxtpx:cad>0</gpxtpx:cad></gpxtpx:TrackPointExtension></extensions></trkpt><trkpt lat="15.1369970385" lon="73.9247618057"><ele>2.54</ele><time>2025-11-16T04:08:57Z</time><extensions><gpxtpx:TrackPointExtension><gpxtpx:cad>0</gpxtpx:cad></gpxtpx:TrackPointExtension></extensions></trkpt><trkpt lat="15.1371049136" lon="73.9246487338"><ele>2.06</ele><time>2025-11-16T04:09:02Z</time><extensions><gpxtpx:TrackPointExtension><gpxtpx:cad>0</gpxtpx:cad></gpxtpx:TrackPointExtension></extensions></trkpt><trkpt lat="15.1372144651" lon="73.9245330635"><ele>2.06</ele><time>2025-11-16T04:09:07Z</time><extensions><gpxtpx:TrackPointExtension><gpxtpx:cad>0</gpxtpx:cad></gpxtpx:TrackPointExtension></extensions></trkpt><trkpt lat="15.1373095158" lon="73.9244069159"><ele>1.58</ele><time>2025-11-16T04:09:12Z</time><extensions><gpxtpx:TrackPointExtension><gpxtpx:cad>0</gpxtpx:cad></gpxtpx:TrackPointExtension></extensions></trkpt><trkpt lat="15.1374152116" lon="73.9242940117"><ele>2.06</ele><time>2025-11-16T04:09:17Z</time><extensions><gpxtpx:TrackPointExtension><gpxtpx:cad>0</gpxtpx:cad></gpxtpx:TrackPointExtension></extensions></trkpt><trkpt lat="15.1375226676" lon="73.9241789281"><ele>2.06</ele><time>2025-11-16T04:09:22Z</time><extensions><gpxtpx:TrackPointExtension><gpxtpx:cad>0</gpxtpx:cad></gpxtpx:TrackPointExtension></extensions></trkpt><trkpt lat="15.1376323868" lon="73.9240652695"><ele>2.06</ele><time>2025-11-16T04:09:27Z</time><extensions><gpxtpx:TrackPointExtension><gpxtpx:cad>0</gpxtpx:cad></gpxtpx:TrackPointExtension></extensions></trkpt><trkpt lat="15.1377352327" lon="73.9239367750"><ele>2.06</ele><time>2025-11-16T04:09:32Z</time><extensions><gpxtpx:TrackPointExtension><gpxtpx:cad>0</gpxtpx:cad></gpxtpx:TrackPointExtension></extensions></trkpt><trkpt lat="15.1378233265" lon="73.9238154888"><ele>2.54</ele><time>2025-11-16T04:09:37Z</time><extensions><gpxtpx:TrackPointExtension><gpxtpx:cad>0</gpxtpx:cad></gpxtpx:TrackPointExtension></extensions></trkpt><trkpt lat="15.1378818322" lon="73.9236653689"><ele>2.54</ele><time>2025-11-16T04:09:42Z</time><extensions><gpxtpx:TrackPointExtension><gpxtpx:cad>0</gpxtpx:cad></gpxtpx:TrackPointExtension></extensions></trkpt><trkpt lat="15.1379172876" lon="73.9235061966"><ele>2.06</ele><time>2025-11-16T04:09:47Z</time><extensions><gpxtpx:TrackPointExtension><gpxtpx:cad>0</gpxtpx:cad></gpxtpx:TrackPointExtension></extensions></trkpt><trkpt lat="15.1379628014" lon="73.9233590104"><ele>2.06</ele><time>2025-11-16T04:09:52Z</time><extensions><gpxtpx:TrackPointExtension><gpxtpx:cad>0</gpxtpx:cad></gpxtpx:TrackPointExtension></extensions></trkpt><trkpt lat="15.1379968319" lon="73.9231991675"><ele>1.58</ele><time>2025-11-16T04:09:57Z</time><extensions><gpxtpx:TrackPointExtension><gpxtpx:cad>0</gpxtpx:cad></gpxtpx:TrackPointExtension></extensions></trkpt><trkpt lat="15.1380654797" lon="73.9230640512"><ele>3.02</ele><time>2025-11-16T04:10:02Z</time><extensions><gpxtpx:TrackPointExtension><gpxtpx:cad>0</gpxtpx:cad></gpxtpx:TrackPointExtension></extensions></trkpt><trkpt lat="15.1381820720" lon="73.9230171964"><ele>4.46</ele><time>2025-11-16T04:10:07Z</time><extensions><gpxtpx:TrackPointExtension><gpxtpx:cad>0</gpxtpx:cad></gpxtpx:TrackPointExtension></extensions></trkpt><trkpt lat="15.1382887736" lon="73.9230511431"><ele>3.98</ele><time>2025-11-16T04:10:12Z</time><extensions><gpxtpx:TrackPointExtension><gpxtpx:cad>0</gpxtpx:cad></gpxtpx:TrackPointExtension></extensions></trkpt><trkpt lat="15.1383741852" lon="73.9231469482"><ele>3.98</ele><time>2025-11-16T04:10:17Z</time><extensions><gpxtpx:TrackPointExtension><gpxtpx:cad>0</gpxtpx:cad></gpxtpx:TrackPointExtension></extensions></trkpt><trkpt lat="15.1384256501" lon="73.9232856687"><ele>3.98</ele><time>2025-11-16T04:10:22Z</time><extensions><gpxtpx:TrackPointExtension><gpxtpx:cad>0</gpxtpx:cad></gpxtpx:TrackPointExtension></extensions></trkpt><trkpt lat="15.1384527236" lon="73.9234450925"><ele>3.98</ele><time>2025-11-16T04:10:27Z</time><extensions><gpxtpx:TrackPointExtension><gpxtpx:cad>0</gpxtpx:cad></gpxtpx:TrackPointExtension></extensions></trkpt><trkpt lat="15.1384961419" lon="73.9236097969"><ele>3.98</ele><time>2025-11-16T04:10:32Z</time><extensions><gpxtpx:TrackPointExtension><gpxtpx:cad>0</gpxtpx:cad></gpxtpx:TrackPointExtension></extensions></trkpt><trkpt lat="15.1385378838" lon="73.9237600844"><ele>3.98</ele><time>2025-11-16T04:10:37Z</time><extensions><gpxtpx:TrackPointExtension><gpxtpx:cad>0</gpxtpx:cad></gpxtpx:TrackPointExtension></extensions></trkpt><trkpt lat="15.1385725848" lon="73.9239068516"><ele>4.46</ele><time>2025-11-16T04:10:42Z</time><extensions><gpxtpx:TrackPointExtension><gpxtpx:cad>0</gpxtpx:cad></gpxtpx:TrackPointExtension></extensions></trkpt><trkpt lat="15.1385931205" lon="73.9240640122"><ele>4.46</ele><time>2025-11-16T04:10:47Z</time><extensions><gpxtpx:TrackPointExtension><gpxtpx:cad>0</gpxtpx:cad></gpxtpx:TrackPointExtension></extensions></trkpt><trkpt lat="15.1386032626" lon="73.9242270403"><ele>4.46</ele><time>2025-11-16T04:10:52Z</time><extensions><gpxtpx:TrackPointExtension><gpxtpx:cad>0</gpxtpx:cad></gpxtpx:TrackPointExtension></extensions></trkpt><trkpt lat="15.1385962218" lon="73.9243841171"><ele>3.98</ele><time>2025-11-16T04:10:57Z</time><extensions><gpxtpx:TrackPointExtension><gpxtpx:cad>0</gpxtpx:cad></gpxtpx:TrackPointExtension></extensions></trkpt><trkpt lat="15.1386113092" lon="73.9245354105"><ele>3.50</ele><time>2025-11-16T04:11:02Z</time><extensions><gpxtpx:TrackPointExtension><gpxtpx:cad>0</gpxtpx:cad></gpxtpx:TrackPointExtension></extensions></trkpt><trkpt lat="15.1386405621" lon="73.9246971812"><ele>3.50</ele><time>2025-11-16T04:11:07Z</time><extensions><gpxtpx:TrackPointExtension><gpxtpx:cad>0</gpxtpx:cad></gpxtpx:TrackPointExtension></extensions></trkpt><trkpt lat="15.1386699826" lon="73.9248539228"><ele>3.98</ele><time>2025-11-16T04:11:12Z</time><extensions><gpxtpx:TrackPointExtension><gpxtpx:cad>0</gpxtpx:cad></gpxtpx:TrackPointExtension></extensions></trkpt><trkpt lat="15.1386988163" lon="73.9250110835"><ele>3.98</ele><time>2025-11-16T04:11:17Z</time><extensions><gpxtpx:TrackPointExtension><gpxtpx:cad>0</gpxtpx:cad></gpxtpx:TrackPointExtension></extensions></trkpt><trkpt lat="15.1387304999" lon="73.9251643047"><ele>3.50</ele><time>2025-11-16T04:11:22Z</time><extensions><gpxtpx:TrackPointExtension><gpxtpx:cad>0</gpxtpx:cad></gpxtpx:TrackPointExtension></extensions></trkpt><trkpt lat="15.1387607586" lon="73.9253232256"><ele>3.50</ele><time>2025-11-16T04:11:27Z</time><extensions><gpxtpx:TrackPointExtension><gpxtpx:cad>0</gpxtpx:cad></gpxtpx:TrackPointExtension></extensions></trkpt><trkpt lat="15.1387876645" lon="73.9254803862"><ele>3.50</ele><time>2025-11-16T04:11:32Z</time><extensions><gpxtpx:TrackPointExtension><gpxtpx:cad>0</gpxtpx:cad></gpxtpx:TrackPointExtension></extensions></trkpt><trkpt lat="15.1388144866" lon="73.9256320149"><ele>3.02</ele><time>2025-11-16T04:11:37Z</time><extensions><gpxtpx:TrackPointExtension><gpxtpx:cad>0</gpxtpx:cad></gpxtpx:TrackPointExtension></extensions></trkpt><trkpt lat="15.1388485171" lon="73.9257918578"><ele>3.02</ele><time>2025-11-16T04:11:42Z</time><extensions><gpxtpx:TrackPointExtension><gpxtpx:cad>0</gpxtpx:cad></gpxtpx:TrackPointExtension></extensions></trkpt><trkpt lat="15.1388757583" lon="73.9259428997"><ele>3.02</ele><time>2025-11-16T04:11:47Z</time><extensions><gpxtpx:TrackPointExtension><gpxtpx:cad>0</gpxtpx:cad></gpxtpx:TrackPointExtension></extensions></trkpt><trkpt lat="15.1389093697" lon="73.9260978810"><ele>3.02</ele><time>2025-11-16T04:11:52Z</time><extensions><gpxtpx:TrackPointExtension><gpxtpx:cad>0</gpxtpx:cad></gpxtpx:TrackPointExtension></extensions></trkpt><trkpt lat="15.1389514469" lon="73.9262537006"><ele>3.02</ele><time>2025-11-16T04:11:57Z</time><extensions><gpxtpx:TrackPointExtension><gpxtpx:cad>0</gpxtpx:cad></gpxtpx:TrackPointExtension></extensions></trkpt><trkpt lat="15.1389976311" lon="73.9263983723"><ele>3.02</ele><time>2025-11-16T04:12:02Z</time><extensions><gpxtpx:TrackPointExtension><gpxtpx:cad>0</gpxtpx:cad></gpxtpx:TrackPointExtension></extensions></trkpt><trkpt lat="15.1390542090" lon="73.9265455585"><ele>3.02</ele><time>2025-11-16T04:12:07Z</time><extensions><gpxtpx:TrackPointExtension><gpxtpx:cad>0</gpxtpx:cad></gpxtpx:TrackPointExtension></extensions></trkpt><trkpt lat="15.1391066797" lon="73.9266897272"><ele>2.54</ele><time>2025-11-16T04:12:12Z</time><extensions><gpxtpx:TrackPointExtension><gpxtpx:cad>0</gpxtpx:cad></gpxtpx:TrackPointExtension></extensions></trkpt><trkpt lat="15.1391633414" lon="73.9268349856"><ele>2.54</ele><time>2025-11-16T04:12:17Z</time><extensions><gpxtpx:TrackPointExtension><gpxtpx:cad>0</gpxtpx:cad></gpxtpx:TrackPointExtension></extensions></trkpt><trkpt lat="15.1392265409" lon="73.9269915596"><ele>2.54</ele><time>2025-11-16T04:12:22Z</time><extensions><gpxtpx:TrackPointExtension><gpxtpx:cad>0</gpxtpx:cad></gpxtpx:TrackPointExtension></extensions></trkpt><trkpt lat="15.1392677799" lon="73.9271430206"><ele>2.54</ele><time>2025-11-16T04:12:27Z</time><extensions><gpxtpx:TrackPointExtension><gpxtpx:cad>0</gpxtpx:cad></gpxtpx:TrackPointExtension></extensions></trkpt><trkpt lat="15.1393032353" lon="73.9272882789"><ele>3.50</ele><time>2025-11-16T04:12:32Z</time><extensions><gpxtpx:TrackPointExtension><gpxtpx:cad>0</gpxtpx:cad></gpxtpx:TrackPointExtension></extensions></trkpt><trkpt lat="15.1393393613" lon="73.9274506364"><ele>3.50</ele><time>2025-11-16T04:12:37Z</time><extensions><gpxtpx:TrackPointExtension><gpxtpx:cad>0</gpxtpx:cad></gpxtpx:TrackPointExtension></extensions></trkpt><trkpt lat="15.1393681113" lon="73.9276075456"><ele>3.50</ele><time>2025-11-16T04:12:42Z</time><extensions><gpxtpx:TrackPointExtension><gpxtpx:cad>0</gpxtpx:cad></gpxtpx:TrackPointExtension></extensions></trkpt><trkpt lat="15.1393960230" lon="73.9277681429"><ele>3.98</ele><time>2025-11-16T04:12:47Z</time><extensions><gpxtpx:TrackPointExtension><gpxtpx:cad>0</gpxtpx:cad></gpxtpx:TrackPointExtension></extensions></trkpt><trkpt lat="15.1394216716" lon="73.9279243816"><ele>3.98</ele><time>2025-11-16T04:12:52Z</time><extensions><gpxtpx:TrackPointExtension><gpxtpx:cad>0</gpxtpx:cad></gpxtpx:TrackPointExtension></extensions></trkpt><trkpt lat="15.1394510083" lon="73.9280828834"><ele>3.98</ele><time>2025-11-16T04:12:57Z</time><extensions><gpxtpx:TrackPointExtension><gpxtpx:cad>0</gpxtpx:cad></gpxtpx:TrackPointExtension></extensions></trkpt><trkpt lat="15.1394842006" lon="73.9282361884"><ele>3.98</ele><time>2025-11-16T04:13:02Z</time><extensions><gpxtpx:TrackPointExtension><gpxtpx:cad>0</gpxtpx:cad></gpxtpx:TrackPointExtension></extensions></trkpt><trkpt lat="15.1395283733" lon="73.9283844642"><ele>3.50</ele><time>2025-11-16T04:13:07Z</time><extensions><gpxtpx:TrackPointExtension><gpxtpx:cad>0</gpxtpx:cad></gpxtpx:TrackPointExtension></extensions></trkpt><trkpt lat="15.1395634096" lon="73.9285365120"><ele>3.02</ele><time>2025-11-16T04:13:12Z</time><extensions><gpxtpx:TrackPointExtension><gpxtpx:cad>0</gpxtpx:cad></gpxtpx:TrackPointExtension></extensions></trkpt><trkpt lat="15.1395847835" lon="73.9286932535"><ele>2.54</ele><time>2025-11-16T04:13:17Z</time><extensions><gpxtpx:TrackPointExtension><gpxtpx:cad>0</gpxtpx:cad></gpxtpx:TrackPointExtension></extensions></trkpt><trkpt lat="15.1396112703" lon="73.9288500790"><ele>2.54</ele><time>2025-11-16T04:13:22Z</time><extensions><gpxtpx:TrackPointExtension><gpxtpx:cad>0</gpxtpx:cad></gpxtpx:TrackPointExtension></extensions></trkpt><trkpt lat="15.1396275312" lon="73.9290076587"><ele>2.54</ele><time>2025-11-16T04:13:27Z</time><extensions><gpxtpx:TrackPointExtension><gpxtpx:cad>0</gpxtpx:cad></gpxtpx:TrackPointExtension></extensions></trkpt><trkpt lat="15.1396497432" lon="73.9291759674"><ele>2.06</ele><time>2025-11-16T04:13:32Z</time><extensions><gpxtpx:TrackPointExtension><gpxtpx:cad>0</gpxtpx:cad></gpxtpx:TrackPointExtension></extensions></trkpt><trkpt lat="15.1396661717" lon="73.9293279313"><ele>1.58</ele><time>2025-11-16T04:13:37Z</time><extensions><gpxtpx:TrackPointExtension><gpxtpx:cad>0</gpxtpx:cad></gpxtpx:TrackPointExtension></extensions></trkpt><trkpt lat="15.1396834385" lon="73.9294776320"><ele>2.06</ele><time>2025-11-16T04:13:42Z</time><extensions><gpxtpx:TrackPointExtension><gpxtpx:cad>0</gpxtpx:cad></gpxtpx:TrackPointExtension></extensions></trkpt><trkpt lat="15.1397121046" lon="73.9296362177"><ele>3.02</ele><time>2025-11-16T04:13:47Z</time><extensions><gpxtpx:TrackPointExtension><gpxtpx:cad>0</gpxtpx:cad></gpxtpx:TrackPointExtension></extensions></trkpt><trkpt lat="15.1397468895" lon="73.9298015088"><ele>3.50</ele><time>2025-11-16T04:13:52Z</time><extensions><gpxtpx:TrackPointExtension><gpxtpx:cad>0</gpxtpx:cad></gpxtpx:TrackPointExtension></extensions></trkpt><trkpt lat="15.1397733763" lon="73.9299592562"><ele>3.98</ele><time>2025-11-16T04:13:57Z</time><extensions><gpxtpx:TrackPointExtension><gpxtpx:cad>0</gpxtpx:cad></gpxtpx:TrackPointExtension></extensions></trkpt><trkpt lat="15.1397903915" lon="73.9301102981"><ele>4.46</ele><time>2025-11-16T04:14:02Z</time><extensions><gpxtpx:TrackPointExtension><gpxtpx:cad>0</gpxtpx:cad></gpxtpx:TrackPointExtension></extensions></trkpt><trkpt lat="15.1398115978" lon="73.9302669559"><ele>4.46</ele><time>2025-11-16T04:14:07Z</time><extensions><gpxtpx:TrackPointExtension><gpxtpx:cad>0</gpxtpx:cad></gpxtpx:TrackPointExtension></extensions></trkpt><trkpt lat="15.1398340613" lon="73.9304223564"><ele>4.94</ele><time>2025-11-16T04:14:12Z</time><extensions><gpxtpx:TrackPointExtension><gpxtpx:cad>0</gpxtpx:cad></gpxtpx:TrackPointExtension></extensions></trkpt><trkpt lat="15.1398607157" lon="73.9305883180"><ele>4.46</ele><time>2025-11-16T04:14:17Z</time><extensions><gpxtpx:TrackPointExtension><gpxtpx:cad>0</gpxtpx:cad></gpxtpx:TrackPointExtension></extensions></trkpt><trkpt lat="15.1398847718" lon="73.9307532739"><ele>4.46</ele><time>2025-11-16T04:14:22Z</time><extensions><gpxtpx:TrackPointExtension><gpxtpx:cad>0</gpxtpx:cad></gpxtpx:TrackPointExtension></extensions></trkpt><trkpt lat="15.1399049722" lon="73.9309064113"><ele>4.46</ele><time>2025-11-16T04:14:27Z</time><extensions><gpxtpx:TrackPointExtension><gpxtpx:cad>0</gpxtpx:cad></gpxtpx:TrackPointExtension></extensions></trkpt><trkpt lat="15.1399246696" lon="73.9310627338"><ele>4.46</ele><time>2025-11-16T04:14:32Z</time><extensions><gpxtpx:TrackPointExtension><gpxtpx:cad>0</gpxtpx:cad></gpxtpx:TrackPointExtension></extensions></trkpt><trkpt lat="15.1399509888" lon="73.9312214870"><ele>4.94</ele><time>2025-11-16T04:14:37Z</time><extensions><gpxtpx:TrackPointExtension><gpxtpx:cad>0</gpxtpx:cad></gpxtpx:TrackPointExtension></extensions></trkpt><trkpt lat="15.1399818342" lon="73.9313875325"><ele>5.42</ele><time>2025-11-16T04:14:42Z</time><extensions><gpxtpx:TrackPointExtension><gpxtpx:cad>0</gpxtpx:cad></gpxtpx:TrackPointExtension></extensions></trkpt><trkpt lat="15.1400006097" lon="73.9315350540"><ele>5.91</ele><time>2025-11-16T04:14:47Z</time><extensions><gpxtpx:TrackPointExtension><gpxtpx:cad>0</gpxtpx:cad></gpxtpx:TrackPointExtension></extensions></trkpt><trkpt lat="15.1400193013" lon="73.9316932205"><ele>5.42</ele><time>2025-11-16T04:14:52Z</time><extensions><gpxtpx:TrackPointExtension><gpxtpx:cad>0</gpxtpx:cad></gpxtpx:TrackPointExtension></extensions></trkpt><trkpt lat="15.1400402561" lon="73.9318620320"><ele>4.94</ele><time>2025-11-16T04:14:57Z</time><extensions><gpxtpx:TrackPointExtension><gpxtpx:cad>0</gpxtpx:cad></gpxtpx:TrackPointExtension></extensions></trkpt><trkpt lat="15.1400574390" lon="73.9320168458"><ele>5.42</ele><time>2025-11-16T04:15:02Z</time><extensions><gpxtpx:TrackPointExtension><gpxtpx:cad>0</gpxtpx:cad></gpxtpx:TrackPointExtension></extensions></trkpt><trkpt lat="15.1400803216" lon="73.9321840648"><ele>4.94</ele><time>2025-11-16T04:15:07Z</time><extensions><gpxtpx:TrackPointExtension><gpxtpx:cad>0</gpxtpx:cad></gpxtpx:TrackPointExtension></extensions></trkpt><trkpt lat="15.1401007734" lon="73.9323606715"><ele>4.46</ele><time>2025-11-16T04:15:12Z</time><extensions><gpxtpx:TrackPointExtension><gpxtpx:cad>0</gpxtpx:cad></gpxtpx:TrackPointExtension></extensions></trkpt><trkpt lat="15.1401233207" lon="73.9325488452"><ele>3.98</ele><time>2025-11-16T04:15:17Z</time><extensions><gpxtpx:TrackPointExtension><gpxtpx:cad>0</gpxtpx:cad></gpxtpx:TrackPointExtension></extensions></trkpt><trkpt lat="15.1401465386" lon="73.9327360969"><ele>3.02</ele><time>2025-11-16T04:15:22Z</time><extensions><gpxtpx:TrackPointExtension><gpxtpx:cad>0</gpxtpx:cad></gpxtpx:TrackPointExtension></extensions></trkpt><trkpt lat="15.1401788089" lon="73.9329288807"><ele>2.54</ele><time>2025-11-16T04:15:27Z</time><extensions><gpxtpx:TrackPointExtension><gpxtpx:cad>0</gpxtpx:cad></gpxtpx:TrackPointExtension></extensions></trkpt><trkpt lat="15.1402050443" lon="73.9331222512"><ele>2.54</ele><time>2025-11-16T04:15:32Z</time><extensions><gpxtpx:TrackPointExtension><gpxtpx:cad>0</gpxtpx:cad></gpxtpx:TrackPointExtension></extensions></trkpt><trkpt lat="15.1402239036" lon="73.9333074074"><ele>2.06</ele><time>2025-11-16T04:15:37Z</time><extensions><gpxtpx:TrackPointExtension><gpxtpx:cad>0</gpxtpx:cad></gpxtpx:TrackPointExtension></extensions></trkpt><trkpt lat="15.1402428467" lon="73.9334962517"><ele>1.58</ele><time>2025-11-16T04:15:42Z</time><extensions><gpxtpx:TrackPointExtension><gpxtpx:cad>0</gpxtpx:cad></gpxtpx:TrackPointExtension></extensions></trkpt><trkpt lat="15.1402626280" lon="73.9336841740"><ele>1.58</ele><time>2025-11-16T04:15:47Z</time><extensions><gpxtpx:TrackPointExtension><gpxtpx:cad>0</gpxtpx:cad></gpxtpx:TrackPointExtension></extensions></trkpt><trkpt lat="15.1402804814" lon="73.9338700846"><ele>1.58</ele><time>2025-11-16T04:15:52Z</time><extensions><gpxtpx:TrackPointExtension><gpxtpx:cad>0</gpxtpx:cad></gpxtpx:TrackPointExtension></extensions></trkpt><trkpt lat="15.1403007656" lon="73.9340547379"><ele>1.10</ele><time>2025-11-16T04:15:57Z</time><extensions><gpxtpx:TrackPointExtension><gpxtpx:cad>0</gpxtpx:cad></gpxtpx:TrackPointExtension></extensions></trkpt><trkpt lat="15.1403228100" lon="73.9342415705"><ele>1.10</ele><time>2025-11-16T04:16:02Z</time><extensions><gpxtpx:TrackPointExtension><gpxtpx:cad>0</gpxtpx:cad></gpxtpx:TrackPointExtension></extensions></trkpt><trkpt lat="15.1403476205" lon="73.9344346896"><ele>1.10</ele><time>2025-11-16T04:16:07Z</time><extensions><gpxtpx:TrackPointExtension><gpxtpx:cad>0</gpxtpx:cad></gpxtpx:TrackPointExtension></extensions></trkpt><trkpt lat="15.1403737720" lon="73.9346291497"><ele>1.58</ele><time>2025-11-16T04:16:12Z</time><extensions><gpxtpx:TrackPointExtension><gpxtpx:cad>0</gpxtpx:cad></gpxtpx:TrackPointExtension></extensions></trkpt><trkpt lat="15.1404073834" lon="73.9348134678"><ele>1.58</ele><time>2025-11-16T04:16:17Z</time><extensions><gpxtpx:TrackPointExtension><gpxtpx:cad>0</gpxtpx:cad></gpxtpx:TrackPointExtension></extensions></trkpt><trkpt lat="15.1404490415" lon="73.9349990431"><ele>1.58</ele><time>2025-11-16T04:16:22Z</time><extensions><gpxtpx:TrackPointExtension><gpxtpx:cad>0</gpxtpx:cad></gpxtpx:TrackPointExtension></extensions></trkpt><trkpt lat="15.1404917892" lon="73.9351962693"><ele>2.06</ele><time>2025-11-16T04:16:27Z</time><extensions><gpxtpx:TrackPointExtension><gpxtpx:cad>0</gpxtpx:cad></gpxtpx:TrackPointExtension></extensions></trkpt><trkpt lat="15.1405363809" lon="73.9353970159"><ele>2.06</ele><time>2025-11-16T04:16:32Z</time><extensions><gpxtpx:TrackPointExtension><gpxtpx:cad>0</gpxtpx:cad></gpxtpx:TrackPointExtension></extensions></trkpt><trkpt lat="15.1405765302" lon="73.9355906378"><ele>1.58</ele><time>2025-11-16T04:16:37Z</time><extensions><gpxtpx:TrackPointExtension><gpxtpx:cad>0</gpxtpx:cad></gpxtpx:TrackPointExtension></extensions></trkpt><trkpt lat="15.1406129915" lon="73.9357830863"><ele>1.58</ele><time>2025-11-16T04:16:42Z</time><extensions><gpxtpx:TrackPointExtension><gpxtpx:cad>0</gpxtpx:cad></gpxtpx:TrackPointExtension></extensions></trkpt><trkpt lat="15.1406407356" lon="73.9359750319"><ele>1.58</ele><time>2025-11-16T04:16:47Z</time><extensions><gpxtpx:TrackPointExtension><gpxtpx:cad>0</gpxtpx:cad></gpxtpx:TrackPointExtension></extensions></trkpt><trkpt lat="15.1406662166" lon="73.9361784607"><ele>2.06</ele><time>2025-11-16T04:16:52Z</time><extensions><gpxtpx:TrackPointExtension><gpxtpx:cad>0</gpxtpx:cad></gpxtpx:TrackPointExtension></extensions></trkpt><trkpt lat="15.1406946313" lon="73.9363796264"><ele>2.06</ele><time>2025-11-16T04:16:57Z</time><extensions><gpxtpx:TrackPointExtension><gpxtpx:cad>0</gpxtpx:cad></gpxtpx:TrackPointExtension></extensions></trkpt><trkpt lat="15.1407241356" lon="73.9365858212"><ele>2.06</ele><time>2025-11-16T04:17:02Z</time><extensions><gpxtpx:TrackPointExtension><gpxtpx:cad>0</gpxtpx:cad></gpxtpx:TrackPointExtension></extensions></trkpt><trkpt lat="15.1407538913" lon="73.9367775153"><ele>2.06</ele><time>2025-11-16T04:17:07Z</time><extensions><gpxtpx:TrackPointExtension><gpxtpx:cad>0</gpxtpx:cad></gpxtpx:TrackPointExtension></extensions></trkpt><trkpt lat="15.1407836471" lon="73.9369680360"><ele>1.58</ele><time>2025-11-16T04:17:12Z</time><extensions><gpxtpx:TrackPointExtension><gpxtpx:cad>0</gpxtpx:cad></gpxtpx:TrackPointExtension></extensions></trkpt><trkpt lat="15.1408051047" lon="73.9371669386"><ele>2.06</ele><time>2025-11-16T04:17:17Z</time><extensions><gpxtpx:TrackPointExtension><gpxtpx:cad>0</gpxtpx:cad></gpxtpx:TrackPointExtension></extensions></trkpt><trkpt lat="15.1408379618" lon="73.9373608958"><ele>1.58</ele><time>2025-11-16T04:17:22Z</time><extensions><gpxtpx:TrackPointExtension><gpxtpx:cad>0</gpxtpx:cad></gpxtpx:TrackPointExtension></extensions></trkpt><trkpt lat="15.1408847328" lon="73.9375667553"><ele>1.58</ele><time>2025-11-16T04:17:27Z</time><extensions><gpxtpx:TrackPointExtension><gpxtpx:cad>0</gpxtpx:cad></gpxtpx:TrackPointExtension></extensions></trkpt><trkpt lat="15.1409274805" lon="73.9377657417"><ele>1.58</ele><time>2025-11-16T04:17:32Z</time><extensions><gpxtpx:TrackPointExtension><gpxtpx:cad>0</gpxtpx:cad></gpxtpx:TrackPointExtension></extensions></trkpt><trkpt lat="15.1409602538" lon="73.9379587770"><ele>1.58</ele><time>2025-11-16T04:17:37Z</time><extensions><gpxtpx:TrackPointExtension><gpxtpx:cad>0</gpxtpx:cad></gpxtpx:TrackPointExtension></extensions></trkpt><trkpt lat="15.1409956254" lon="73.9381469507"><ele>1.58</ele><time>2025-11-16T04:17:42Z</time><extensions><gpxtpx:TrackPointExtension><gpxtpx:cad>0</gpxtpx:cad></gpxtpx:TrackPointExtension></extensions></trkpt><trkpt lat="15.1410141494" lon="73.9383483678"><ele>1.58</ele><time>2025-11-16T04:17:47Z</time><extensions><gpxtpx:TrackPointExtension><gpxtpx:cad>0</gpxtpx:cad></gpxtpx:TrackPointExtension></extensions></trkpt><trkpt lat="15.1410434023" lon="73.9385213703"><ele>1.58</ele><time>2025-11-16T04:17:52Z</time><extensions><gpxtpx:TrackPointExtension><gpxtpx:cad>0</gpxtpx:cad></gpxtpx:TrackPointExtension></extensions></trkpt><trkpt lat="15.1410671230" lon="73.9386621024"><ele>2.06</ele><time>2025-11-16T04:17:57Z</time><extensions><gpxtpx:TrackPointExtension><gpxtpx:cad>0</gpxtpx:cad></gpxtpx:TrackPointExtension></extensions></trkpt><trkpt lat="15.1410900056" lon="73.9388038404"><ele>2.06</ele><time>2025-11-16T04:18:02Z</time><extensions><gpxtpx:TrackPointExtension><gpxtpx:cad>0</gpxtpx:cad></gpxtpx:TrackPointExtension></extensions></trkpt><trkpt lat="15.1410971303" lon="73.9389393758"><ele>3.02</ele><time>2025-11-16T04:18:07Z</time><extensions><gpxtpx:TrackPointExtension><gpxtpx:cad>0</gpxtpx:cad></gpxtpx:TrackPointExtension></extensions></trkpt><trkpt lat="15.1410987228" lon="73.9390854724"><ele>3.50</ele><time>2025-11-16T04:18:12Z</time><extensions><gpxtpx:TrackPointExtension><gpxtpx:cad>0</gpxtpx:cad></gpxtpx:TrackPointExtension></extensions></trkpt><trkpt lat="15.1410987228" lon="73.9392170683"><ele>4.46</ele><time>2025-11-16T04:18:17Z</time><extensions><gpxtpx:TrackPointExtension><gpxtpx:cad>0</gpxtpx:cad></gpxtpx:TrackPointExtension></extensions></trkpt><trkpt lat="15.1411077753" lon="73.9393578004"><ele>4.94</ele><time>2025-11-16T04:18:22Z</time><extensions><gpxtpx:TrackPointExtension><gpxtpx:cad>0</gpxtpx:cad></gpxtpx:TrackPointExtension></extensions></trkpt><trkpt lat="15.1411407162" lon="73.9395018853"><ele>4.94</ele><time>2025-11-16T04:18:27Z</time><extensions><gpxtpx:TrackPointExtension><gpxtpx:cad>0</gpxtpx:cad></gpxtpx:TrackPointExtension></extensions></trkpt><trkpt lat="15.1411661971" lon="73.9396346547"><ele>4.46</ele><time>2025-11-16T04:18:32Z</time><extensions><gpxtpx:TrackPointExtension><gpxtpx:cad>0</gpxtpx:cad></gpxtpx:TrackPointExtension></extensions></trkpt><trkpt lat="15.1411936898" lon="73.9397600479"><ele>4.46</ele><time>2025-11-16T04:18:37Z</time><extensions><gpxtpx:TrackPointExtension><gpxtpx:cad>0</gpxtpx:cad></gpxtpx:TrackPointExtension></extensions></trkpt><trkpt lat="15.1411953662" lon="73.9398844354"><ele>3.98</ele><time>2025-11-16T04:18:42Z</time><extensions><gpxtpx:TrackPointExtension><gpxtpx:cad>0</gpxtpx:cad></gpxtpx:TrackPointExtension></extensions></trkpt><trkpt lat="15.1411871519" lon="73.9400087390"><ele>3.98</ele><time>2025-11-16T04:18:47Z</time><extensions><gpxtpx:TrackPointExtension><gpxtpx:cad>0</gpxtpx:cad></gpxtpx:TrackPointExtension></extensions></trkpt><trkpt lat="15.1411819551" lon="73.9401477948"><ele>4.46</ele><time>2025-11-16T04:18:52Z</time><extensions><gpxtpx:TrackPointExtension><gpxtpx:cad>0</gpxtpx:cad></gpxtpx:TrackPointExtension></extensions></trkpt><trkpt lat="15.1411749981" lon="73.9402932208"><ele>3.98</ele><time>2025-11-16T04:18:57Z</time><extensions><gpxtpx:TrackPointExtension><gpxtpx:cad>0</gpxtpx:cad></gpxtpx:TrackPointExtension></extensions></trkpt><trkpt lat="15.1411634311" lon="73.9404249843"><ele>3.98</ele><time>2025-11-16T04:19:02Z</time><extensions><gpxtpx:TrackPointExtension><gpxtpx:cad>0</gpxtpx:cad></gpxtpx:TrackPointExtension></extensions></trkpt><trkpt lat="15.1411618385" lon="73.9405512996"><ele>3.50</ele><time>2025-11-16T04:19:07Z</time><extensions><gpxtpx:TrackPointExtension><gpxtpx:cad>0</gpxtpx:cad></gpxtpx:TrackPointExtension></extensions></trkpt><trkpt lat="15.1411606651" lon="73.9406823926"><ele>3.50</ele><time>2025-11-16T04:19:12Z</time><extensions><gpxtpx:TrackPointExtension><gpxtpx:cad>0</gpxtpx:cad></gpxtpx:TrackPointExtension></extensions></trkpt><trkpt lat="15.1411654428" lon="73.9407871664"><ele>3.98</ele><time>2025-11-16T04:19:17Z</time><extensions><gpxtpx:TrackPointExtension><gpxtpx:cad>0</gpxtpx:cad></gpxtpx:TrackPointExtension></extensions></trkpt><trkpt lat="15.1411649399" lon="73.9408652019"><ele>4.46</ele><time>2025-11-16T04:19:22Z</time><extensions><gpxtpx:TrackPointExtension><gpxtpx:cad>0</gpxtpx:cad></gpxtpx:TrackPointExtension></extensions></trkpt><trkpt lat="15.1411464997" lon="73.9409221988"><ele>4.46</ele><time>2025-11-16T04:19:27Z</time><extensions><gpxtpx:TrackPointExtension><gpxtpx:cad>0</gpxtpx:cad></gpxtpx:TrackPointExtension></extensions></trkpt><trkpt lat="15.1411234494" lon="73.9409584086"><ele>4.94</ele><time>2025-11-16T04:19:32Z</time><extensions><gpxtpx:TrackPointExtension><gpxtpx:cad>0</gpxtpx:cad></gpxtpx:TrackPointExtension></extensions></trkpt><trkpt lat="15.1411030814" lon="73.9409935288"><ele>5.42</ele><time>2025-11-16T04:19:37Z</time><extensions><gpxtpx:TrackPointExtension><gpxtpx:cad>0</gpxtpx:cad></gpxtpx:TrackPointExtension></extensions></trkpt><trkpt lat="15.1410735771" lon="73.9410031680"><ele>5.42</ele><time>2025-11-16T04:19:42Z</time><extensions><gpxtpx:TrackPointExtension><gpxtpx:cad>0</gpxtpx:cad></gpxtpx:TrackPointExtension></extensions></trkpt><trkpt lat="15.1410395466" lon="73.9409985580"><ele>5.42</ele><time>2025-11-16T04:19:47Z</time><extensions><gpxtpx:TrackPointExtension><gpxtpx:cad>0</gpxtpx:cad></gpxtpx:TrackPointExtension></extensions></trkpt><trkpt lat="15.1409903448" lon="73.9410011563"><ele>5.42</ele><time>2025-11-16T04:19:52Z</time><extensions><gpxtpx:TrackPointExtension><gpxtpx:cad>0</gpxtpx:cad></gpxtpx:TrackPointExtension></extensions></trkpt><trkpt lat="15.1409292407" lon="73.9410162438"><ele>5.91</ele><time>2025-11-16T04:19:57Z</time><extensions><gpxtpx:TrackPointExtension><gpxtpx:cad>0</gpxtpx:cad></gpxtpx:TrackPointExtension></extensions></trkpt><trkpt lat="15.1408485230" lon="73.9410427306"><ele>5.91</ele><time>2025-11-16T04:20:02Z</time><extensions><gpxtpx:TrackPointExtension><gpxtpx:cad>0</gpxtpx:cad></gpxtpx:TrackPointExtension></extensions></trkpt><trkpt lat="15.1407745108" lon="73.9410770964"><ele>5.91</ele><time>2025-11-16T04:20:07Z</time><extensions><gpxtpx:TrackPointExtension><gpxtpx:cad>0</gpxtpx:cad></gpxtpx:TrackPointExtension></extensions></trkpt><trkpt lat="15.1407118142" lon="73.9411147311"><ele>6.87</ele><time>2025-11-16T04:20:12Z</time><extensions><gpxtpx:TrackPointExtension><gpxtpx:cad>0</gpxtpx:cad></gpxtpx:TrackPointExtension></extensions></trkpt><trkpt lat="15.1406450942" lon="73.9411307406"><ele>6.87</ele><time>2025-11-16T04:20:17Z</time><extensions><gpxtpx:TrackPointExtension><gpxtpx:cad>0</gpxtpx:cad></gpxtpx:TrackPointExtension></extensions></trkpt><trkpt lat="15.1405891031" lon="73.9411501028"><ele>7.35</ele><time>2025-11-16T04:20:22Z</time><extensions><gpxtpx:TrackPointExtension><gpxtpx:cad>0</gpxtpx:cad></gpxtpx:TrackPointExtension></extensions></trkpt><trkpt lat="15.1405316871" lon="73.9411590714"><ele>6.87</ele><time>2025-11-16T04:20:27Z</time><extensions><gpxtpx:TrackPointExtension><gpxtpx:cad>0</gpxtpx:cad></gpxtpx:TrackPointExtension></extensions></trkpt><trkpt lat="15.1404524781" lon="73.9411558025"><ele>6.87</ele><time>2025-11-16T04:20:32Z</time><extensions><gpxtpx:TrackPointExtension><gpxtpx:cad>0</gpxtpx:cad></gpxtpx:TrackPointExtension></extensions></trkpt><trkpt lat="15.1403414179" lon="73.9411497675"><ele>6.87</ele><time>2025-11-16T04:20:37Z</time><extensions><gpxtpx:TrackPointExtension><gpxtpx:cad>0</gpxtpx:cad></gpxtpx:TrackPointExtension></extensions></trkpt><trkpt lat="15.1402310282" lon="73.9411417209"><ele>6.87</ele><time>2025-11-16T04:20:42Z</time><extensions><gpxtpx:TrackPointExtension><gpxtpx:cad>0</gpxtpx:cad></gpxtpx:TrackPointExtension></extensions></trkpt><trkpt lat="15.1401252486" lon="73.9411368594"><ele>7.35</ele><time>2025-11-16T04:20:47Z</time><extensions><gpxtpx:TrackPointExtension><gpxtpx:cad>0</gpxtpx:cad></gpxtpx:TrackPointExtension></extensions></trkpt><trkpt lat="15.1400371548" lon="73.9411408827"><ele>7.35</ele><time>2025-11-16T04:20:52Z</time><extensions><gpxtpx:TrackPointExtension><gpxtpx:cad>0</gpxtpx:cad></gpxtpx:TrackPointExtension></extensions></trkpt><trkpt lat="15.1399681717" lon="73.9411350992"><ele>7.83</ele><time>2025-11-16T04:20:57Z</time><extensions><gpxtpx:TrackPointExtension><gpxtpx:cad>0</gpxtpx:cad></gpxtpx:TrackPointExtension></extensions></trkpt><trkpt lat="15.1399107557" lon="73.9411274716"><ele>7.83</ele><time>2025-11-16T04:21:02Z</time><extensions><gpxtpx:TrackPointExtension><gpxtpx:cad>0</gpxtpx:cad></gpxtpx:TrackPointExtension></extensions></trkpt><trkpt lat="15.1398642361" lon="73.9411164075"><ele>7.35</ele><time>2025-11-16T04:21:07Z</time><extensions><gpxtpx:TrackPointExtension><gpxtpx:cad>0</gpxtpx:cad></gpxtpx:TrackPointExtension></extensions></trkpt><trkpt lat="15.1398199797" lon="73.9411052596"><ele>6.87</ele><time>2025-11-16T04:21:12Z</time><extensions><gpxtpx:TrackPointExtension><gpxtpx:cad>0</gpxtpx:cad></gpxtpx:TrackPointExtension></extensions></trkpt><trkpt lat="15.1397817582" lon="73.9411005657"><ele>6.39</ele><time>2025-11-16T04:21:17Z</time><extensions><gpxtpx:TrackPointExtension><gpxtpx:cad>0</gpxtpx:cad></gpxtpx:TrackPointExtension></extensions></trkpt><trkpt lat="15.1397424471" lon="73.9410974644"><ele>5.91</ele><time>2025-11-16T04:21:22Z</time><extensions><gpxtpx:TrackPointExtension><gpxtpx:cad>0</gpxtpx:cad></gpxtpx:TrackPointExtension></extensions></trkpt><trkpt lat="15.1397122722" lon="73.9410962909"><ele>5.91</ele><time>2025-11-16T04:21:27Z</time><extensions><gpxtpx:TrackPointExtension><gpxtpx:cad>0</gpxtpx:cad></gpxtpx:TrackPointExtension></extensions></trkpt><trkpt lat="15.1396863721" lon="73.9410975482"><ele>5.91</ele><time>2025-11-16T04:21:32Z</time><extensions><gpxtpx:TrackPointExtension><gpxtpx:cad>0</gpxtpx:cad></gpxtpx:TrackPointExtension></extensions></trkpt><trkpt lat="15.1396599691" lon="73.9410900883"><ele>5.91</ele><time>2025-11-16T04:21:37Z</time><extensions><gpxtpx:TrackPointExtension><gpxtpx:cad>0</gpxtpx:cad></gpxtpx:TrackPointExtension></extensions></trkpt><trkpt lat="15.1396343205" lon="73.9410763420"><ele>5.91</ele><time>2025-11-16T04:21:42Z</time><extensions><gpxtpx:TrackPointExtension><gpxtpx:cad>0</gpxtpx:cad></gpxtpx:TrackPointExtension></extensions></trkpt><trkpt lat="15.1396089233" lon="73.9410666190"><ele>6.39</ele><time>2025-11-16T04:21:47Z</time><extensions><gpxtpx:TrackPointExtension><gpxtpx:cad>0</gpxtpx:cad></gpxtpx:TrackPointExtension></extensions></trkpt><trkpt lat="15.1395914890" lon="73.9410599973"><ele>6.39</ele><time>2025-11-16T04:21:52Z</time><extensions><gpxtpx:TrackPointExtension><gpxtpx:cad>0</gpxtpx:cad></gpxtpx:TrackPointExtension></extensions></trkpt><trkpt lat="15.1395619009" lon="73.9410473406"><ele>5.91</ele><time>2025-11-16T04:21:57Z</time><extensions><gpxtpx:TrackPointExtension><gpxtpx:cad>0</gpxtpx:cad></gpxtpx:TrackPointExtension></extensions></trkpt><trkpt lat="15.1395407785" lon="73.9410342649"><ele>7.35</ele><time>2025-11-16T04:22:02Z</time><extensions><gpxtpx:TrackPointExtension><gpxtpx:cad>0</gpxtpx:cad></gpxtpx:TrackPointExtension></extensions></trkpt><trkpt lat="15.1395229250" lon="73.9410279784"><ele>7.83</ele><time>2025-11-16T04:22:07Z</time><extensions><gpxtpx:TrackPointExtension><gpxtpx:cad>0</gpxtpx:cad></gpxtpx:TrackPointExtension></extensions></trkpt><trkpt lat="15.1394979469" lon="73.9410136454"><ele>7.83</ele><time>2025-11-16T04:22:12Z</time><extensions><gpxtpx:TrackPointExtension><gpxtpx:cad>0</gpxtpx:cad></gpxtpx:TrackPointExtension></extensions></trkpt><trkpt lat="15.1394831948" lon="73.9410066884"><ele>6.87</ele><time>2025-11-16T04:22:17Z</time><extensions><gpxtpx:TrackPointExtension><gpxtpx:cad>0</gpxtpx:cad></gpxtpx:TrackPointExtension></extensions></trkpt><trkpt lat="15.1394697838" lon="73.9410015754"><ele>6.87</ele><time>2025-11-16T04:22:22Z</time><extensions><gpxtpx:TrackPointExtension><gpxtpx:cad>0</gpxtpx:cad></gpxtpx:TrackPointExtension></extensions></trkpt><trkpt lat="15.1394536905" lon="73.9409959596"><ele>6.39</ele><time>2025-11-16T04:22:27Z</time><extensions><gpxtpx:TrackPointExtension><gpxtpx:cad>0</gpxtpx:cad></gpxtpx:TrackPointExtension></extensions></trkpt><trkpt lat="15.1394308079" lon="73.9409842249"><ele>5.91</ele><time>2025-11-16T04:22:32Z</time><extensions><gpxtpx:TrackPointExtension><gpxtpx:cad>0</gpxtpx:cad></gpxtpx:TrackPointExtension></extensions></trkpt><trkpt lat="15.1394167263" lon="73.9409783576"><ele>6.39</ele><time>2025-11-16T04:22:37Z</time><extensions><gpxtpx:TrackPointExtension><gpxtpx:cad>0</gpxtpx:cad></gpxtpx:TrackPointExtension></extensions></trkpt><trkpt lat="15.1393919159" lon="73.9409644436"><ele>6.39</ele><time>2025-11-16T04:22:42Z</time><extensions><gpxtpx:TrackPointExtension><gpxtpx:cad>0</gpxtpx:cad></gpxtpx:TrackPointExtension></extensions></trkpt><trkpt lat="15.1393741462" lon="73.9409527928"><ele>6.39</ele><time>2025-11-16T04:22:47Z</time><extensions><gpxtpx:TrackPointExtension><gpxtpx:cad>0</gpxtpx:cad></gpxtpx:TrackPointExtension></extensions></trkpt><trkpt lat="15.1393617410" lon="73.9409355260"><ele>6.39</ele><time>2025-11-16T04:22:52Z</time><extensions><gpxtpx:TrackPointExtension><gpxtpx:cad>0</gpxtpx:cad></gpxtpx:TrackPointExtension></extensions></trkpt><trkpt lat="15.1393523533" lon="73.9409195166"><ele>6.39</ele><time>2025-11-16T04:22:57Z</time><extensions><gpxtpx:TrackPointExtension><gpxtpx:cad>0</gpxtpx:cad></gpxtpx:TrackPointExtension></extensions></trkpt><trkpt lat="15.1393412892" lon="73.9408983942"><ele>5.91</ele><time>2025-11-16T04:23:02Z</time><extensions><gpxtpx:TrackPointExtension><gpxtpx:cad>0</gpxtpx:cad></gpxtpx:TrackPointExtension></extensions></trkpt><trkpt lat="15.1393418759" lon="73.9408733323"><ele>5.42</ele><time>2025-11-16T04:23:07Z</time><extensions><gpxtpx:TrackPointExtension><gpxtpx:cad>0</gpxtpx:cad></gpxtpx:TrackPointExtension></extensions></trkpt><trkpt lat="15.1393490843" lon="73.9408468455"><ele>5.91</ele><time>2025-11-16T04:23:12Z</time><extensions><gpxtpx:TrackPointExtension><gpxtpx:cad>0</gpxtpx:cad></gpxtpx:TrackPointExtension></extensions></trkpt><trkpt lat="15.1393666863" lon="73.9408277348"><ele>5.42</ele><time>2025-11-16T04:23:17Z</time><extensions><gpxtpx:TrackPointExtension><gpxtpx:cad>0</gpxtpx:cad></gpxtpx:TrackPointExtension></extensions></trkpt><trkpt lat="15.1393888984" lon="73.9408022538"><ele>5.91</ele><time>2025-11-16T04:23:22Z</time><extensions><gpxtpx:TrackPointExtension><gpxtpx:cad>0</gpxtpx:cad></gpxtpx:TrackPointExtension></extensions></trkpt><trkpt lat="15.1394059137" lon="73.9407724142"><ele>5.91</ele><time>2025-11-16T04:23:27Z</time><extensions><gpxtpx:TrackPointExtension><gpxtpx:cad>0</gpxtpx:cad></gpxtpx:TrackPointExtension></extensions></trkpt><trkpt lat="15.1394293830" lon="73.9407495316"><ele>5.42</ele><time>2025-11-16T04:23:32Z</time><extensions><gpxtpx:TrackPointExtension><gpxtpx:cad>0</gpxtpx:cad></gpxtpx:TrackPointExtension></extensions></trkpt><trkpt lat="15.1394593902" lon="73.9407296665"><ele>4.46</ele><time>2025-11-16T04:23:37Z</time><extensions><gpxtpx:TrackPointExtension><gpxtpx:cad>0</gpxtpx:cad></gpxtpx:TrackPointExtension></extensions></trkpt><trkpt lat="15.1394795906" lon="73.9407009166"><ele>3.98</ele><time>2025-11-16T04:23:42Z</time><extensions><gpxtpx:TrackPointExtension><gpxtpx:cad>0</gpxtpx:cad></gpxtpx:TrackPointExtension></extensions></trkpt><trkpt lat="15.1394979469" lon="73.9406739268"><ele>3.98</ele><time>2025-11-16T04:23:47Z</time><extensions><gpxtpx:TrackPointExtension><gpxtpx:cad>0</gpxtpx:cad></gpxtpx:TrackPointExtension></extensions></trkpt><trkpt lat="15.1395160519" lon="73.9406595938"><ele>3.50</ele><time>2025-11-16T04:23:52Z</time><extensions><gpxtpx:TrackPointExtension><gpxtpx:cad>0</gpxtpx:cad></gpxtpx:TrackPointExtension></extensions></trkpt><trkpt lat="15.1395277865" lon="73.9406383038"><ele>3.50</ele><time>2025-11-16T04:23:57Z</time><extensions><gpxtpx:TrackPointExtension><gpxtpx:cad>0</gpxtpx:cad></gpxtpx:TrackPointExtension></extensions></trkpt><trkpt lat="15.1395366713" lon="73.9406192768"><ele>3.02</ele><time>2025-11-16T04:24:02Z</time><extensions><gpxtpx:TrackPointExtension><gpxtpx:cad>0</gpxtpx:cad></gpxtpx:TrackPointExtension></extensions></trkpt><trkpt lat="15.1395440474" lon="73.9406011719"><ele>2.54</ele><time>2025-11-16T04:24:07Z</time><extensions><gpxtpx:TrackPointExtension><gpxtpx:cad>0</gpxtpx:cad></gpxtpx:TrackPointExtension></extensions></trkpt><trkpt lat="15.1395554468" lon="73.9405932091"><ele>3.02</ele><time>2025-11-16T04:24:12Z</time><extensions><gpxtpx:TrackPointExtension><gpxtpx:cad>0</gpxtpx:cad></gpxtpx:TrackPointExtension></extensions></trkpt><trkpt lat="15.1395722944" lon="73.9405859169"><ele>3.50</ele><time>2025-11-16T04:24:17Z</time><extensions><gpxtpx:TrackPointExtension><gpxtpx:cad>0</gpxtpx:cad></gpxtpx:TrackPointExtension></extensions></trkpt><trkpt lat="15.1395884715" lon="73.9405723382"><ele>4.46</ele><time>2025-11-16T04:24:22Z</time><extensions><gpxtpx:TrackPointExtension><gpxtpx:cad>0</gpxtpx:cad></gpxtpx:TrackPointExtension></extensions></trkpt><trkpt lat="15.1395966858" lon="73.9405613579"><ele>5.91</ele><time>2025-11-16T04:24:27Z</time><extensions><gpxtpx:TrackPointExtension><gpxtpx:cad>0</gpxtpx:cad></gpxtpx:TrackPointExtension></extensions></trkpt><trkpt lat="15.1395993680" lon="73.9405568317"><ele>6.39</ele><time>2025-11-16T04:24:32Z</time><extensions><gpxtpx:TrackPointExtension><gpxtpx:cad>0</gpxtpx:cad></gpxtpx:TrackPointExtension></extensions></trkpt><trkpt lat="15.1396021340" lon="73.9405561611"><ele>6.87</ele><time>2025-11-16T04:24:37Z</time><extensions><gpxtpx:TrackPointExtension><gpxtpx:cad>0</gpxtpx:cad></gpxtpx:TrackPointExtension></extensions></trkpt><trkpt lat="15.1396032237" lon="73.9405566640"><ele>7.35</ele><time>2025-11-16T04:24:42Z</time><extensions><gpxtpx:TrackPointExtension><gpxtpx:cad>0</gpxtpx:cad></gpxtpx:TrackPointExtension></extensions></trkpt><trkpt lat="15.1396183949" lon="73.9405610226"><ele>7.35</ele><time>2025-11-16T04:24:47Z</time><extensions><gpxtpx:TrackPointExtension><gpxtpx:cad>0</gpxtpx:cad></gpxtpx:TrackPointExtension></extensions></trkpt><trkpt lat="15.1396288723" lon="73.9405625314"><ele>6.87</ele><time>2025-11-16T04:24:52Z</time><extensions><gpxtpx:TrackPointExtension><gpxtpx:cad>0</gpxtpx:cad></gpxtpx:TrackPointExtension></extensions></trkpt><trkpt lat="15.1396328118" lon="73.9405732602"><ele>5.91</ele><time>2025-11-16T04:24:57Z</time><extensions><gpxtpx:TrackPointExtension><gpxtpx:cad>0</gpxtpx:cad></gpxtpx:TrackPointExtension></extensions></trkpt><trkpt lat="15.1396336500" lon="73.9405777864"><ele>6.39</ele><time>2025-11-16T04:25:02Z</time><extensions><gpxtpx:TrackPointExtension><gpxtpx:cad>0</gpxtpx:cad></gpxtpx:TrackPointExtension></extensions></trkpt><trkpt lat="15.1396346558" lon="73.9405789599"><ele>6.39</ele><time>2025-11-16T04:25:07Z</time><extensions><gpxtpx:TrackPointExtension><gpxtpx:cad>0</gpxtpx:cad></gpxtpx:TrackPointExtension></extensions></trkpt><trkpt lat="15.1396349911" lon="73.9405728411"><ele>6.39</ele><time>2025-11-16T04:25:12Z</time><extensions><gpxtpx:TrackPointExtension><gpxtpx:cad>0</gpxtpx:cad></gpxtpx:TrackPointExtension></extensions></trkpt><trkpt lat="15.1396141201" lon="73.9405257348"><ele>5.91</ele><time>2025-11-16T04:25:17Z</time><extensions><gpxtpx:TrackPointExtension><gpxtpx:cad>0</gpxtpx:cad></gpxtpx:TrackPointExtension></extensions></trkpt><trkpt lat="15.1395713724" lon="73.9404600207"><ele>5.42</ele><time>2025-11-16T04:25:22Z</time><extensions><gpxtpx:TrackPointExtension><gpxtpx:cad>0</gpxtpx:cad></gpxtpx:TrackPointExtension></extensions></trkpt><trkpt lat="15.1395139564" lon="73.9403996710"><ele>4.94</ele><time>2025-11-16T04:25:27Z</time><extensions><gpxtpx:TrackPointExtension><gpxtpx:cad>0</gpxtpx:cad></gpxtpx:TrackPointExtension></extensions></trkpt><trkpt lat="15.1394323166" lon="73.9403298497"><ele>4.46</ele><time>2025-11-16T04:25:32Z</time><extensions><gpxtpx:TrackPointExtension><gpxtpx:cad>0</gpxtpx:cad></gpxtpx:TrackPointExtension></extensions></trkpt><trkpt lat="15.1393336616" lon="73.9402635489"><ele>3.98</ele><time>2025-11-16T04:25:37Z</time><extensions><gpxtpx:TrackPointExtension><gpxtpx:cad>0</gpxtpx:cad></gpxtpx:TrackPointExtension></extensions></trkpt><trkpt lat="15.1392264571" lon="73.9402075578"><ele>3.50</ele><time>2025-11-16T04:25:42Z</time><extensions><gpxtpx:TrackPointExtension><gpxtpx:cad>0</gpxtpx:cad></gpxtpx:TrackPointExtension></extensions></trkpt><trkpt lat="15.1391145587" lon="73.9401683304"><ele>3.50</ele><time>2025-11-16T04:25:47Z</time><extensions><gpxtpx:TrackPointExtension><gpxtpx:cad>0</gpxtpx:cad></gpxtpx:TrackPointExtension></extensions></trkpt><trkpt lat="15.1390006486" lon="73.9401431009"><ele>3.98</ele><time>2025-11-16T04:25:52Z</time><extensions><gpxtpx:TrackPointExtension><gpxtpx:cad>0</gpxtpx:cad></gpxtpx:TrackPointExtension></extensions></trkpt><trkpt lat="15.1388938632" lon="73.9401588589"><ele>4.46</ele><time>2025-11-16T04:25:57Z</time><extensions><gpxtpx:TrackPointExtension><gpxtpx:cad>0</gpxtpx:cad></gpxtpx:TrackPointExtension></extensions></trkpt><trkpt lat="15.1388050150" lon="73.9402127545"><ele>4.94</ele><time>2025-11-16T04:26:02Z</time><extensions><gpxtpx:TrackPointExtension><gpxtpx:cad>0</gpxtpx:cad></gpxtpx:TrackPointExtension></extensions></trkpt><trkpt lat="15.1387254708" lon="73.9402876049"><ele>5.91</ele><time>2025-11-16T04:26:07Z</time><extensions><gpxtpx:TrackPointExtension><gpxtpx:cad>0</gpxtpx:cad></gpxtpx:TrackPointExtension></extensions></trkpt><trkpt lat="15.1386495307" lon="73.9403615333"><ele>5.91</ele><time>2025-11-16T04:26:12Z</time><extensions><gpxtpx:TrackPointExtension><gpxtpx:cad>0</gpxtpx:cad></gpxtpx:TrackPointExtension></extensions></trkpt><trkpt lat="15.1386021730" lon="73.9404300973"><ele>6.39</ele><time>2025-11-16T04:26:17Z</time><extensions><gpxtpx:TrackPointExtension><gpxtpx:cad>0</gpxtpx:cad></gpxtpx:TrackPointExtension></extensions></trkpt><trkpt lat="15.1385725848" lon="73.9404939674"><ele>6.39</ele><time>2025-11-16T04:26:22Z</time><extensions><gpxtpx:TrackPointExtension><gpxtpx:cad>0</gpxtpx:cad></gpxtpx:TrackPointExtension></extensions></trkpt><trkpt lat="15.1385464333" lon="73.9405438397"><ele>5.91</ele><time>2025-11-16T04:26:27Z</time><extensions><gpxtpx:TrackPointExtension><gpxtpx:cad>0</gpxtpx:cad></gpxtpx:TrackPointExtension></extensions></trkpt><trkpt lat="15.1385148335" lon="73.9406019263"><ele>5.42</ele><time>2025-11-16T04:26:32Z</time><extensions><gpxtpx:TrackPointExtension><gpxtpx:cad>0</gpxtpx:cad></gpxtpx:TrackPointExtension></extensions></trkpt><trkpt lat="15.1385090500" lon="73.9406721666"><ele>5.91</ele><time>2025-11-16T04:26:37Z</time><extensions><gpxtpx:TrackPointExtension><gpxtpx:cad>0</gpxtpx:cad></gpxtpx:TrackPointExtension></extensions></trkpt><trkpt lat="15.1385228802" lon="73.9407520462"><ele>6.39</ele><time>2025-11-16T04:26:42Z</time><extensions><gpxtpx:TrackPointExtension><gpxtpx:cad>0</gpxtpx:cad></gpxtpx:TrackPointExtension></extensions></trkpt><trkpt lat="15.1385466009" lon="73.9408186823"><ele>6.39</ele><time>2025-11-16T04:26:47Z</time><extensions><gpxtpx:TrackPointExtension><gpxtpx:cad>0</gpxtpx:cad></gpxtpx:TrackPointExtension></extensions></trkpt><trkpt lat="15.1385667175" lon="73.9408580773"><ele>6.39</ele><time>2025-11-16T04:26:52Z</time><extensions><gpxtpx:TrackPointExtension><gpxtpx:cad>0</gpxtpx:cad></gpxtpx:TrackPointExtension></extensions></trkpt><trkpt lat="15.1385907736" lon="73.9408913534"><ele>5.91</ele><time>2025-11-16T04:26:57Z</time><extensions><gpxtpx:TrackPointExtension><gpxtpx:cad>0</gpxtpx:cad></gpxtpx:TrackPointExtension></extensions></trkpt><trkpt lat="15.1386162546" lon="73.9409305807"><ele>5.42</ele><time>2025-11-16T04:27:02Z</time><extensions><gpxtpx:TrackPointExtension><gpxtpx:cad>0</gpxtpx:cad></gpxtpx:TrackPointExtension></extensions></trkpt><trkpt lat="15.1386344433" lon="73.9409515355"><ele>4.46</ele><time>2025-11-16T04:27:07Z</time><extensions><gpxtpx:TrackPointExtension><gpxtpx:cad>0</gpxtpx:cad></gpxtpx:TrackPointExtension></extensions></trkpt><trkpt lat="15.1386398915" lon="73.9409589954"><ele>4.46</ele><time>2025-11-16T04:27:12Z</time><extensions><gpxtpx:TrackPointExtension><gpxtpx:cad>0</gpxtpx:cad></gpxtpx:TrackPointExtension></extensions></trkpt><trkpt lat="15.1386457589" lon="73.9409588277"><ele>4.46</ele><time>2025-11-16T04:27:17Z</time><extensions><gpxtpx:TrackPointExtension><gpxtpx:cad>0</gpxtpx:cad></gpxtpx:TrackPointExtension></extensions></trkpt><trkpt lat="15.1386662945" lon="73.9409674611"><ele>3.98</ele><time>2025-11-16T04:27:22Z</time><extensions><gpxtpx:TrackPointExtension><gpxtpx:cad>0</gpxtpx:cad></gpxtpx:TrackPointExtension></extensions></trkpt><trkpt lat="15.1386749279" lon="73.9409700595"><ele>3.50</ele><time>2025-11-16T04:27:27Z</time><extensions><gpxtpx:TrackPointExtension><gpxtpx:cad>0</gpxtpx:cad></gpxtpx:TrackPointExtension></extensions></trkpt><trkpt lat="15.1386833936" lon="73.9409651980"><ele>2.06</ele><time>2025-11-16T04:27:32Z</time><extensions><gpxtpx:TrackPointExtension><gpxtpx:cad>0</gpxtpx:cad></gpxtpx:TrackPointExtension></extensions></trkpt><trkpt lat="15.1386911049" lon="73.9409626834"><ele>1.58</ele><time>2025-11-16T04:27:37Z</time><extensions><gpxtpx:TrackPointExtension><gpxtpx:cad>0</gpxtpx:cad></gpxtpx:TrackPointExtension></extensions></trkpt><trkpt lat="15.1387009118" lon="73.9409533795"><ele>2.06</ele><time>2025-11-16T04:27:42Z</time><extensions><gpxtpx:TrackPointExtension><gpxtpx:cad>0</gpxtpx:cad></gpxtpx:TrackPointExtension></extensions></trkpt><trkpt lat="15.1387129817" lon="73.9409341849"><ele>2.54</ele><time>2025-11-16T04:27:47Z</time><extensions><gpxtpx:TrackPointExtension><gpxtpx:cad>0</gpxtpx:cad></gpxtpx:TrackPointExtension></extensions></trkpt><trkpt lat="15.1387255546" lon="73.9409190137"><ele>2.54</ele><time>2025-11-16T04:27:52Z</time><extensions><gpxtpx:TrackPointExtension><gpxtpx:cad>0</gpxtpx:cad></gpxtpx:TrackPointExtension></extensions></trkpt><trkpt lat="15.1387266442" lon="73.9408966340"><ele>2.54</ele><time>2025-11-16T04:27:57Z</time><extensions><gpxtpx:TrackPointExtension><gpxtpx:cad>0</gpxtpx:cad></gpxtpx:TrackPointExtension></extensions></trkpt><trkpt lat="15.1387310028" lon="73.9408750087"><ele>2.54</ele><time>2025-11-16T04:28:02Z</time><extensions><gpxtpx:TrackPointExtension><gpxtpx:cad>0</gpxtpx:cad></gpxtpx:TrackPointExtension></extensions></trkpt><trkpt lat="15.1387270633" lon="73.9408530481"><ele>2.06</ele><time>2025-11-16T04:28:07Z</time><extensions><gpxtpx:TrackPointExtension><gpxtpx:cad>0</gpxtpx:cad></gpxtpx:TrackPointExtension></extensions></trkpt><trkpt lat="15.1387186814" lon="73.9408306684"><ele>2.54</ele><time>2025-11-16T04:28:12Z</time><extensions><gpxtpx:TrackPointExtension><gpxtpx:cad>0</gpxtpx:cad></gpxtpx:TrackPointExtension></extensions></trkpt><trkpt lat="15.1387151610" lon="73.9408080373"><ele>3.02</ele><time>2025-11-16T04:28:17Z</time><extensions><gpxtpx:TrackPointExtension><gpxtpx:cad>0</gpxtpx:cad></gpxtpx:TrackPointExtension></extensions></trkpt><trkpt lat="15.1387139875" lon="73.9407897647"><ele>3.02</ele><time>2025-11-16T04:28:22Z</time><extensions><gpxtpx:TrackPointExtension><gpxtpx:cad>0</gpxtpx:cad></gpxtpx:TrackPointExtension></extensions></trkpt><trkpt lat="15.1387077849" lon="73.9407713246"><ele>3.02</ele><time>2025-11-16T04:28:27Z</time><extensions><gpxtpx:TrackPointExtension><gpxtpx:cad>0</gpxtpx:cad></gpxtpx:TrackPointExtension></extensions></trkpt><trkpt lat="15.1386994030" lon="73.9407538064"><ele>3.02</ele><time>2025-11-16T04:28:32Z</time><extensions><gpxtpx:TrackPointExtension><gpxtpx:cad>0</gpxtpx:cad></gpxtpx:TrackPointExtension></extensions></trkpt><trkpt lat="15.1386939548" lon="73.9407426585"><ele>3.02</ele><time>2025-11-16T04:28:37Z</time><extensions><gpxtpx:TrackPointExtension><gpxtpx:cad>0</gpxtpx:cad></gpxtpx:TrackPointExtension></extensions></trkpt><trkpt lat="15.1386826392" lon="73.9407258946"><ele>3.02</ele><time>2025-11-16T04:28:42Z</time><extensions><gpxtpx:TrackPointExtension><gpxtpx:cad>0</gpxtpx:cad></gpxtpx:TrackPointExtension></extensions></trkpt><trkpt lat="15.1386706531" lon="73.9406973124"><ele>3.50</ele><time>2025-11-16T04:28:47Z</time><extensions><gpxtpx:TrackPointExtension><gpxtpx:cad>0</gpxtpx:cad></gpxtpx:TrackPointExtension></extensions></trkpt><trkpt lat="15.1386618521" lon="73.9406802133"><ele>3.50</ele><time>2025-11-16T04:28:52Z</time><extensions><gpxtpx:TrackPointExtension><gpxtpx:cad>0</gpxtpx:cad></gpxtpx:TrackPointExtension></extensions></trkpt><trkpt lat="15.1386580803" lon="73.9406665508"><ele>3.50</ele><time>2025-11-16T04:28:57Z</time><extensions><gpxtpx:TrackPointExtension><gpxtpx:cad>0</gpxtpx:cad></gpxtpx:TrackPointExtension></extensions></trkpt><trkpt lat="15.1386535540" lon="73.9406316821"><ele>3.98</ele><time>2025-11-16T04:29:02Z</time><extensions><gpxtpx:TrackPointExtension><gpxtpx:cad>0</gpxtpx:cad></gpxtpx:TrackPointExtension></extensions></trkpt><trkpt lat="15.1386487763" lon="73.9405764453"><ele>3.50</ele><time>2025-11-16T04:29:07Z</time><extensions><gpxtpx:TrackPointExtension><gpxtpx:cad>0</gpxtpx:cad></gpxtpx:TrackPointExtension></extensions></trkpt><trkpt lat="15.1386407297" lon="73.9405020140"><ele>3.50</ele><time>2025-11-16T04:29:12Z</time><extensions><gpxtpx:TrackPointExtension><gpxtpx:cad>0</gpxtpx:cad></gpxtpx:TrackPointExtension></extensions></trkpt><trkpt lat="15.1386184338" lon="73.9403995033"><ele>2.54</ele><time>2025-11-16T04:29:17Z</time><extensions><gpxtpx:TrackPointExtension><gpxtpx:cad>0</gpxtpx:cad></gpxtpx:TrackPointExtension></extensions></trkpt><trkpt lat="15.1385703217" lon="73.9402763732"><ele>2.54</ele><time>2025-11-16T04:29:22Z</time><extensions><gpxtpx:TrackPointExtension><gpxtpx:cad>0</gpxtpx:cad></gpxtpx:TrackPointExtension></extensions></trkpt><trkpt lat="15.1385054458" lon="73.9401557576"><ele>2.06</ele><time>2025-11-16T04:29:27Z</time><extensions><gpxtpx:TrackPointExtension><gpxtpx:cad>0</gpxtpx:cad></gpxtpx:TrackPointExtension></extensions></trkpt><trkpt lat="15.1384265721" lon="73.9400426019"><ele>1.58</ele><time>2025-11-16T04:29:32Z</time><extensions><gpxtpx:TrackPointExtension><gpxtpx:cad>0</gpxtpx:cad></gpxtpx:TrackPointExtension></extensions></trkpt><trkpt lat="15.1383435912" lon="73.9399400912"><ele>1.10</ele><time>2025-11-16T04:29:37Z</time><extensions><gpxtpx:TrackPointExtension><gpxtpx:cad>0</gpxtpx:cad></gpxtpx:TrackPointExtension></extensions></trkpt><trkpt lat="15.1382705010" lon="73.9398594573"><ele>2.06</ele><time>2025-11-16T04:29:42Z</time><extensions><gpxtpx:TrackPointExtension><gpxtpx:cad>0</gpxtpx:cad></gpxtpx:TrackPointExtension></extensions></trkpt><trkpt lat="15.1382031105" lon="73.9397924859"><ele>2.06</ele><time>2025-11-16T04:29:47Z</time><extensions><gpxtpx:TrackPointExtension><gpxtpx:cad>0</gpxtpx:cad></gpxtpx:TrackPointExtension></extensions></trkpt><trkpt lat="15.1381414197" lon="73.9397281129"><ele>2.06</ele><time>2025-11-16T04:29:52Z</time><extensions><gpxtpx:TrackPointExtension><gpxtpx:cad>0</gpxtpx:cad></gpxtpx:TrackPointExtension></extensions></trkpt><trkpt lat="15.1380890328" lon="73.9396694396"><ele>2.06</ele><time>2025-11-16T04:29:57Z</time><extensions><gpxtpx:TrackPointExtension><gpxtpx:cad>0</gpxtpx:cad></gpxtpx:TrackPointExtension></extensions></trkpt><trkpt lat="15.1380388252" lon="73.9396090899"><ele>2.06</ele><time>2025-11-16T04:30:02Z</time><extensions><gpxtpx:TrackPointExtension><gpxtpx:cad>0</gpxtpx:cad></gpxtpx:TrackPointExtension></extensions></trkpt><trkpt lat="15.1379845105" lon="73.9395501651"><ele>1.58</ele><time>2025-11-16T04:30:07Z</time><extensions><gpxtpx:TrackPointExtension><gpxtpx:cad>0</gpxtpx:cad></gpxtpx:TrackPointExtension></extensions></trkpt><trkpt lat="15.1379233226" lon="73.9394904859"><ele>1.58</ele><time>2025-11-16T04:30:12Z</time><extensions><gpxtpx:TrackPointExtension><gpxtpx:cad>0</gpxtpx:cad></gpxtpx:TrackPointExtension></extensions></trkpt><trkpt lat="15.1378322113" lon="73.9394044876"><ele>1.58</ele><time>2025-11-16T04:30:17Z</time><extensions><gpxtpx:TrackPointExtension><gpxtpx:cad>0</gpxtpx:cad></gpxtpx:TrackPointExtension></extensions></trkpt><trkpt lat="15.1377462968" lon="73.9393238537"><ele>1.58</ele><time>2025-11-16T04:30:22Z</time><extensions><gpxtpx:TrackPointExtension><gpxtpx:cad>0</gpxtpx:cad></gpxtpx:TrackPointExtension></extensions></trkpt><trkpt lat="15.1376787387" lon="73.9392720535"><ele>1.10</ele><time>2025-11-16T04:30:27Z</time><extensions><gpxtpx:TrackPointExtension><gpxtpx:cad>0</gpxtpx:cad></gpxtpx:TrackPointExtension></extensions></trkpt><trkpt lat="15.1376184728" lon="73.9392425492"><ele>0.62</ele><time>2025-11-16T04:30:32Z</time><extensions><gpxtpx:TrackPointExtension><gpxtpx:cad>0</gpxtpx:cad></gpxtpx:TrackPointExtension></extensions></trkpt><trkpt lat="15.1375654992" lon="73.9392144699"><ele>0.62</ele><time>2025-11-16T04:30:37Z</time><extensions><gpxtpx:TrackPointExtension><gpxtpx:cad>0</gpxtpx:cad></gpxtpx:TrackPointExtension></extensions></trkpt><trkpt lat="15.1375190634" lon="73.9392014779"><ele>1.10</ele><time>2025-11-16T04:30:42Z</time><extensions><gpxtpx:TrackPointExtension><gpxtpx:cad>0</gpxtpx:cad></gpxtpx:TrackPointExtension></extensions></trkpt><trkpt lat="15.1374784950" lon="73.9391894080"><ele>1.10</ele><time>2025-11-16T04:30:47Z</time><extensions><gpxtpx:TrackPointExtension><gpxtpx:cad>0</gpxtpx:cad></gpxtpx:TrackPointExtension></extensions></trkpt><trkpt lat="15.1374400221" lon="73.9391691238"><ele>1.58</ele><time>2025-11-16T04:30:52Z</time><extensions><gpxtpx:TrackPointExtension><gpxtpx:cad>0</gpxtpx:cad></gpxtpx:TrackPointExtension></extensions></trkpt><trkpt lat="15.1374054048" lon="73.9391572215"><ele>2.06</ele><time>2025-11-16T04:30:57Z</time><extensions><gpxtpx:TrackPointExtension><gpxtpx:cad>0</gpxtpx:cad></gpxtpx:TrackPointExtension></extensions></trkpt><trkpt lat="15.1373790856" lon="73.9391481690"><ele>1.58</ele><time>2025-11-16T04:31:02Z</time><extensions><gpxtpx:TrackPointExtension><gpxtpx:cad>0</gpxtpx:cad></gpxtpx:TrackPointExtension></extensions></trkpt><trkpt lat="15.1373494137" lon="73.9391343389"><ele>1.58</ele><time>2025-11-16T04:31:07Z</time><extensions><gpxtpx:TrackPointExtension><gpxtpx:cad>0</gpxtpx:cad></gpxtpx:TrackPointExtension></extensions></trkpt><trkpt lat="15.1373234298" lon="73.9391180780"><ele>1.10</ele><time>2025-11-16T04:31:12Z</time><extensions><gpxtpx:TrackPointExtension><gpxtpx:cad>0</gpxtpx:cad></gpxtpx:TrackPointExtension></extensions></trkpt><trkpt lat="15.1373010501" lon="73.9391066786"><ele>1.10</ele><time>2025-11-16T04:31:17Z</time><extensions><gpxtpx:TrackPointExtension><gpxtpx:cad>0</gpxtpx:cad></gpxtpx:TrackPointExtension></extensions></trkpt><trkpt lat="15.1372811012" lon="73.9390920941"><ele>0.62</ele><time>2025-11-16T04:31:22Z</time><extensions><gpxtpx:TrackPointExtension><gpxtpx:cad>0</gpxtpx:cad></gpxtpx:TrackPointExtension></extensions></trkpt><trkpt lat="15.1372583862" lon="73.9390725642"><ele>1.10</ele><time>2025-11-16T04:31:27Z</time><extensions><gpxtpx:TrackPointExtension><gpxtpx:cad>0</gpxtpx:cad></gpxtpx:TrackPointExtension></extensions></trkpt><trkpt lat="15.1372394431" lon="73.9390594885"><ele>1.58</ele><time>2025-11-16T04:31:32Z</time><extensions><gpxtpx:TrackPointExtension><gpxtpx:cad>0</gpxtpx:cad></gpxtpx:TrackPointExtension></extensions></trkpt><trkpt lat="15.1372197457" lon="73.9390475862"><ele>1.58</ele><time>2025-11-16T04:31:37Z</time><extensions><gpxtpx:TrackPointExtension><gpxtpx:cad>0</gpxtpx:cad></gpxtpx:TrackPointExtension></extensions></trkpt><trkpt lat="15.1371989585" lon="73.9390340075"><ele>1.58</ele><time>2025-11-16T04:31:42Z</time><extensions><gpxtpx:TrackPointExtension><gpxtpx:cad>0</gpxtpx:cad></gpxtpx:TrackPointExtension></extensions></trkpt><trkpt lat="15.1371779200" lon="73.9390145615"><ele>2.06</ele><time>2025-11-16T04:31:47Z</time><extensions><gpxtpx:TrackPointExtension><gpxtpx:cad>0</gpxtpx:cad></gpxtpx:TrackPointExtension></extensions></trkpt><trkpt lat="15.1371672750" lon="73.9390059281"><ele>2.06</ele><time>2025-11-16T04:31:52Z</time><extensions><gpxtpx:TrackPointExtension><gpxtpx:cad>0</gpxtpx:cad></gpxtpx:TrackPointExtension></extensions></trkpt><trkpt lat="15.1371520199" lon="73.9389956184"><ele>2.06</ele><time>2025-11-16T04:31:57Z</time><extensions><gpxtpx:TrackPointExtension><gpxtpx:cad>0</gpxtpx:cad></gpxtpx:TrackPointExtension></extensions></trkpt><trkpt lat="15.1371318195" lon="73.9389756694"><ele>3.02</ele><time>2025-11-16T04:32:02Z</time><extensions><gpxtpx:TrackPointExtension><gpxtpx:cad>0</gpxtpx:cad></gpxtpx:TrackPointExtension></extensions></trkpt><trkpt lat="15.1371189114" lon="73.9389651082"><ele>3.50</ele><time>2025-11-16T04:32:07Z</time><extensions><gpxtpx:TrackPointExtension><gpxtpx:cad>0</gpxtpx:cad></gpxtpx:TrackPointExtension></extensions></trkpt><trkpt lat="15.1371084340" lon="73.9389650244"><ele>3.50</ele><time>2025-11-16T04:32:12Z</time><extensions><gpxtpx:TrackPointExtension><gpxtpx:cad>0</gpxtpx:cad></gpxtpx:TrackPointExtension></extensions></trkpt><trkpt lat="15.1370935142" lon="73.9389501046"><ele>3.02</ele><time>2025-11-16T04:32:17Z</time><extensions><gpxtpx:TrackPointExtension><gpxtpx:cad>0</gpxtpx:cad></gpxtpx:TrackPointExtension></extensions></trkpt><trkpt lat="15.1370784268" lon="73.9389288984"><ele>3.02</ele><time>2025-11-16T04:32:22Z</time><extensions><gpxtpx:TrackPointExtension><gpxtpx:cad>0</gpxtpx:cad></gpxtpx:TrackPointExtension></extensions></trkpt><trkpt lat="15.1370656863" lon="73.9389201812"><ele>3.98</ele><time>2025-11-16T04:32:27Z</time><extensions><gpxtpx:TrackPointExtension><gpxtpx:cad>0</gpxtpx:cad></gpxtpx:TrackPointExtension></extensions></trkpt><trkpt lat="15.1370539516" lon="73.9389110450"><ele>3.98</ele><time>2025-11-16T04:32:32Z</time><extensions><gpxtpx:TrackPointExtension><gpxtpx:cad>0</gpxtpx:cad></gpxtpx:TrackPointExtension></extensions></trkpt><trkpt lat="15.1370400377" lon="73.9388940297"><ele>3.98</ele><time>2025-11-16T04:32:37Z</time><extensions><gpxtpx:TrackPointExtension><gpxtpx:cad>0</gpxtpx:cad></gpxtpx:TrackPointExtension></extensions></trkpt><trkpt lat="15.1370329130" lon="73.9388854802"><ele>3.98</ele><time>2025-11-16T04:32:42Z</time><extensions><gpxtpx:TrackPointExtension><gpxtpx:cad>0</gpxtpx:cad></gpxtpx:TrackPointExtension></extensions></trkpt><trkpt lat="15.1370234415" lon="73.9388699736"><ele>3.98</ele><time>2025-11-16T04:32:47Z</time><extensions><gpxtpx:TrackPointExtension><gpxtpx:cad>0</gpxtpx:cad></gpxtpx:TrackPointExtension></extensions></trkpt><trkpt lat="15.1370129641" lon="73.9388533775"><ele>4.46</ele><time>2025-11-16T04:32:52Z</time><extensions><gpxtpx:TrackPointExtension><gpxtpx:cad>0</gpxtpx:cad></gpxtpx:TrackPointExtension></extensions></trkpt><trkpt lat="15.1370107010" lon="73.9388526231"><ele>3.98</ele><time>2025-11-16T04:32:57Z</time><extensions><gpxtpx:TrackPointExtension><gpxtpx:cad>0</gpxtpx:cad></gpxtpx:TrackPointExtension></extensions></trkpt><trkpt lat="15.1370003074" lon="73.9388315007"><ele>3.98</ele><time>2025-11-16T04:33:02Z</time><extensions><gpxtpx:TrackPointExtension><gpxtpx:cad>0</gpxtpx:cad></gpxtpx:TrackPointExtension></extensions></trkpt><trkpt lat="15.1369925123" lon="73.9388084505"><ele>3.98</ele><time>2025-11-16T04:33:07Z</time><extensions><gpxtpx:TrackPointExtension><gpxtpx:cad>0</gpxtpx:cad></gpxtpx:TrackPointExtension></extensions></trkpt><trkpt lat="15.1369886566" lon="73.9388026670"><ele>4.46</ele><time>2025-11-16T04:33:11Z</time><extensions><gpxtpx:TrackPointExtension><gpxtpx:cad>0</gpxtpx:cad></gpxtpx:TrackPointExtension></extensions></trkpt><trkpt lat="15.1369822025" lon="73.9387873281"><ele>4.46</ele><time>2025-11-16T04:33:17Z</time><extensions><gpxtpx:TrackPointExtension><gpxtpx:cad>0</gpxtpx:cad></gpxtpx:TrackPointExtension></extensions></trkpt><trkpt lat="15.1369795203" lon="73.9387743361"><ele>3.98</ele><time>2025-11-16T04:33:22Z</time><extensions><gpxtpx:TrackPointExtension><gpxtpx:cad>0</gpxtpx:cad></gpxtpx:TrackPointExtension></extensions></trkpt><trkpt lat="15.1369763352" lon="73.9387605060"><ele>3.50</ele><time>2025-11-16T04:33:27Z</time><extensions><gpxtpx:TrackPointExtension><gpxtpx:cad>0</gpxtpx:cad></gpxtpx:TrackPointExtension></extensions></trkpt><trkpt lat="15.1369739883" lon="73.9387439936"><ele>3.02</ele><time>2025-11-16T04:33:32Z</time><extensions><gpxtpx:TrackPointExtension><gpxtpx:cad>0</gpxtpx:cad></gpxtpx:TrackPointExtension></extensions></trkpt><trkpt lat="15.1369677018" lon="73.9387209434"><ele>2.54</ele><time>2025-11-16T04:33:37Z</time><extensions><gpxtpx:TrackPointExtension><gpxtpx:cad>0</gpxtpx:cad></gpxtpx:TrackPointExtension></extensions></trkpt><trkpt lat="15.1369612478" lon="73.9387030061"><ele>2.54</ele><time>2025-11-16T04:33:42Z</time><extensions><gpxtpx:TrackPointExtension><gpxtpx:cad>0</gpxtpx:cad></gpxtpx:TrackPointExtension></extensions></trkpt><trkpt lat="15.1369527820" lon="73.9386794530"><ele>2.54</ele><time>2025-11-16T04:33:47Z</time><extensions><gpxtpx:TrackPointExtension><gpxtpx:cad>0</gpxtpx:cad></gpxtpx:TrackPointExtension></extensions></trkpt><trkpt lat="15.1369453222" lon="73.9386584144"><ele>2.54</ele><time>2025-11-16T04:33:52Z</time><extensions><gpxtpx:TrackPointExtension><gpxtpx:cad>0</gpxtpx:cad></gpxtpx:TrackPointExtension></extensions></trkpt><trkpt lat="15.1369397063" lon="73.9386358671"><ele>2.54</ele><time>2025-11-16T04:33:57Z</time><extensions><gpxtpx:TrackPointExtension><gpxtpx:cad>0</gpxtpx:cad></gpxtpx:TrackPointExtension></extensions></trkpt><trkpt lat="15.1369380299" lon="73.9386068657"><ele>3.98</ele><time>2025-11-16T04:34:02Z</time><extensions><gpxtpx:TrackPointExtension><gpxtpx:cad>0</gpxtpx:cad></gpxtpx:TrackPointExtension></extensions></trkpt><trkpt lat="15.1369372755" lon="73.9385906048"><ele>4.94</ele><time>2025-11-16T04:34:07Z</time><extensions><gpxtpx:TrackPointExtension><gpxtpx:cad>0</gpxtpx:cad></gpxtpx:TrackPointExtension></extensions></trkpt><trkpt lat="15.1369381975" lon="73.9385792892"><ele>5.42</ele><time>2025-11-16T04:34:12Z</time><extensions><gpxtpx:TrackPointExtension><gpxtpx:cad>0</gpxtpx:cad></gpxtpx:TrackPointExtension></extensions></trkpt><trkpt lat="15.1369324978" lon="73.9385588374"><ele>5.91</ele><time>2025-11-16T04:34:17Z</time><extensions><gpxtpx:TrackPointExtension><gpxtpx:cad>0</gpxtpx:cad></gpxtpx:TrackPointExtension></extensions></trkpt><trkpt lat="15.1369284745" lon="73.9385374635"><ele>6.39</ele><time>2025-11-16T04:34:22Z</time><extensions><gpxtpx:TrackPointExtension><gpxtpx:cad>0</gpxtpx:cad></gpxtpx:TrackPointExtension></extensions></trkpt><trkpt lat="15.1369236130" lon="73.9385223761"><ele>6.39</ele><time>2025-11-16T04:34:27Z</time><extensions><gpxtpx:TrackPointExtension><gpxtpx:cad>0</gpxtpx:cad></gpxtpx:TrackPointExtension></extensions></trkpt><trkpt lat="15.1369165722" lon="73.9385039359"><ele>5.91</ele><time>2025-11-16T04:34:32Z</time><extensions><gpxtpx:TrackPointExtension><gpxtpx:cad>0</gpxtpx:cad></gpxtpx:TrackPointExtension></extensions></trkpt><trkpt lat="15.1369056758" lon="73.9384883456"><ele>5.42</ele><time>2025-11-16T04:34:37Z</time><extensions><gpxtpx:TrackPointExtension><gpxtpx:cad>0</gpxtpx:cad></gpxtpx:TrackPointExtension></extensions></trkpt><trkpt lat="15.1368962042" lon="73.9384719171"><ele>5.42</ele><time>2025-11-16T04:34:42Z</time><extensions><gpxtpx:TrackPointExtension><gpxtpx:cad>0</gpxtpx:cad></gpxtpx:TrackPointExtension></extensions></trkpt><trkpt lat="15.1368890796" lon="73.9384516329"><ele>5.91</ele><time>2025-11-16T04:34:47Z</time><extensions><gpxtpx:TrackPointExtension><gpxtpx:cad>0</gpxtpx:cad></gpxtpx:TrackPointExtension></extensions></trkpt><trkpt lat="15.1368842181" lon="73.9384314325"><ele>6.39</ele><time>2025-11-16T04:34:52Z</time><extensions><gpxtpx:TrackPointExtension><gpxtpx:cad>0</gpxtpx:cad></gpxtpx:TrackPointExtension></extensions></trkpt><trkpt lat="15.1368755847" lon="73.9384074602"><ele>6.87</ele><time>2025-11-16T04:34:57Z</time><extensions><gpxtpx:TrackPointExtension><gpxtpx:cad>0</gpxtpx:cad></gpxtpx:TrackPointExtension></extensions></trkpt><trkpt lat="15.1368713100" lon="73.9383897744"><ele>7.83</ele><time>2025-11-16T04:35:02Z</time><extensions><gpxtpx:TrackPointExtension><gpxtpx:cad>0</gpxtpx:cad></gpxtpx:TrackPointExtension></extensions></trkpt><trkpt lat="15.1368677896" lon="73.9383665565"><ele>7.83</ele><time>2025-11-16T04:35:07Z</time><extensions><gpxtpx:TrackPointExtension><gpxtpx:cad>0</gpxtpx:cad></gpxtpx:TrackPointExtension></extensions></trkpt><trkpt lat="15.1368648559" lon="73.9383446798"><ele>7.83</ele><time>2025-11-16T04:35:12Z</time><extensions><gpxtpx:TrackPointExtension><gpxtpx:cad>0</gpxtpx:cad></gpxtpx:TrackPointExtension></extensions></trkpt><trkpt lat="15.1368577313" lon="73.9383288380"><ele>7.35</ele><time>2025-11-16T04:35:17Z</time><extensions><gpxtpx:TrackPointExtension><gpxtpx:cad>0</gpxtpx:cad></gpxtpx:TrackPointExtension></extensions></trkpt><trkpt lat="15.1368537080" lon="73.9383181091"><ele>7.35</ele><time>2025-11-16T04:35:22Z</time><extensions><gpxtpx:TrackPointExtension><gpxtpx:cad>0</gpxtpx:cad></gpxtpx:TrackPointExtension></extensions></trkpt><trkpt lat="15.1368547976" lon="73.9383059554"><ele>6.87</ele><time>2025-11-16T04:35:27Z</time><extensions><gpxtpx:TrackPointExtension><gpxtpx:cad>0</gpxtpx:cad></gpxtpx:TrackPointExtension></extensions></trkpt><trkpt lat="15.1368501876" lon="73.9382850006"><ele>6.39</ele><time>2025-11-16T04:35:32Z</time><extensions><gpxtpx:TrackPointExtension><gpxtpx:cad>0</gpxtpx:cad></gpxtpx:TrackPointExtension></extensions></trkpt><trkpt lat="15.1368510257" lon="73.9382720087"><ele>5.91</ele><time>2025-11-16T04:35:37Z</time><extensions><gpxtpx:TrackPointExtension><gpxtpx:cad>0</gpxtpx:cad></gpxtpx:TrackPointExtension></extensions></trkpt><trkpt lat="15.1368489303" lon="73.9382621180"><ele>5.42</ele><time>2025-11-16T04:35:42Z</time><extensions><gpxtpx:TrackPointExtension><gpxtpx:cad>0</gpxtpx:cad></gpxtpx:TrackPointExtension></extensions></trkpt><trkpt lat="15.1368446555" lon="73.9382402413"><ele>3.98</ele><time>2025-11-16T04:35:47Z</time><extensions><gpxtpx:TrackPointExtension><gpxtpx:cad>0</gpxtpx:cad></gpxtpx:TrackPointExtension></extensions></trkpt><trkpt lat="15.1368230302" lon="73.9382189512"><ele>3.98</ele><time>2025-11-16T04:35:52Z</time><extensions><gpxtpx:TrackPointExtension><gpxtpx:cad>0</gpxtpx:cad></gpxtpx:TrackPointExtension></extensions></trkpt><trkpt lat="15.1367820427" lon="73.9381866809"><ele>3.50</ele><time>2025-11-16T04:35:57Z</time><extensions><gpxtpx:TrackPointExtension><gpxtpx:cad>0</gpxtpx:cad></gpxtpx:TrackPointExtension></extensions></trkpt><trkpt lat="15.1367419772" lon="73.9381245710"><ele>3.50</ele><time>2025-11-16T04:36:02Z</time><extensions><gpxtpx:TrackPointExtension><gpxtpx:cad>0</gpxtpx:cad></gpxtpx:TrackPointExtension></extensions></trkpt><trkpt lat="15.1367177535" lon="73.9380498044"><ele>3.02</ele><time>2025-11-16T04:36:07Z</time><extensions><gpxtpx:TrackPointExtension><gpxtpx:cad>0</gpxtpx:cad></gpxtpx:TrackPointExtension></extensions></trkpt><trkpt lat="15.1367076952" lon="73.9379688352"><ele>3.50</ele><time>2025-11-16T04:36:12Z</time><extensions><gpxtpx:TrackPointExtension><gpxtpx:cad>0</gpxtpx:cad></gpxtpx:TrackPointExtension></extensions></trkpt><trkpt lat="15.1367158256" lon="73.9378933143"><ele>3.02</ele><time>2025-11-16T04:36:17Z</time><extensions><gpxtpx:TrackPointExtension><gpxtpx:cad>0</gpxtpx:cad></gpxtpx:TrackPointExtension></extensions></trkpt><trkpt lat="15.1367286500" lon="73.9378348924"><ele>2.54</ele><time>2025-11-16T04:36:22Z</time><extensions><gpxtpx:TrackPointExtension><gpxtpx:cad>0</gpxtpx:cad></gpxtpx:TrackPointExtension></extensions></trkpt><trkpt lat="15.1367429830" lon="73.9377866965"><ele>3.02</ele><time>2025-11-16T04:36:27Z</time><extensions><gpxtpx:TrackPointExtension><gpxtpx:cad>0</gpxtpx:cad></gpxtpx:TrackPointExtension></extensions></trkpt><trkpt lat="15.1367592439" lon="73.9377518278"><ele>3.50</ele><time>2025-11-16T04:36:32Z</time><extensions><gpxtpx:TrackPointExtension><gpxtpx:cad>0</gpxtpx:cad></gpxtpx:TrackPointExtension></extensions></trkpt><trkpt lat="15.1367700566" lon="73.9377182163"><ele>3.50</ele><time>2025-11-16T04:36:37Z</time><extensions><gpxtpx:TrackPointExtension><gpxtpx:cad>0</gpxtpx:cad></gpxtpx:TrackPointExtension></extensions></trkpt><trkpt lat="15.1367812045" lon="73.9376903046"><ele>4.46</ele><time>2025-11-16T04:36:42Z</time><extensions><gpxtpx:TrackPointExtension><gpxtpx:cad>0</gpxtpx:cad></gpxtpx:TrackPointExtension></extensions></trkpt><trkpt lat="15.1368138101" lon="73.9376582857"><ele>3.98</ele><time>2025-11-16T04:36:47Z</time><extensions><gpxtpx:TrackPointExtension><gpxtpx:cad>0</gpxtpx:cad></gpxtpx:TrackPointExtension></extensions></trkpt><trkpt lat="15.1368837152" lon="73.9376100898"><ele>3.50</ele><time>2025-11-16T04:36:52Z</time><extensions><gpxtpx:TrackPointExtension><gpxtpx:cad>0</gpxtpx:cad></gpxtpx:TrackPointExtension></extensions></trkpt><trkpt lat="15.1370136347" lon="73.9375999477"><ele>3.98</ele><time>2025-11-16T04:36:57Z</time><extensions><gpxtpx:TrackPointExtension><gpxtpx:cad>0</gpxtpx:cad></gpxtpx:TrackPointExtension></extensions></trkpt><trkpt lat="15.1371618267" lon="73.9376734570"><ele>3.02</ele><time>2025-11-16T04:37:02Z</time><extensions><gpxtpx:TrackPointExtension><gpxtpx:cad>0</gpxtpx:cad></gpxtpx:TrackPointExtension></extensions></trkpt><trkpt lat="15.1373120304" lon="73.9377815835"><ele>2.54</ele><time>2025-11-16T04:37:07Z</time><extensions><gpxtpx:TrackPointExtension><gpxtpx:cad>0</gpxtpx:cad></gpxtpx:TrackPointExtension></extensions></trkpt><trkpt lat="15.1374622341" lon="73.9378969185"><ele>3.02</ele><time>2025-11-16T04:37:12Z</time><extensions><gpxtpx:TrackPointExtension><gpxtpx:cad>0</gpxtpx:cad></gpxtpx:TrackPointExtension></extensions></trkpt><trkpt lat="15.1376001164" lon="73.9380153548"><ele>3.02</ele><time>2025-11-16T04:37:17Z</time><extensions><gpxtpx:TrackPointExtension><gpxtpx:cad>0</gpxtpx:cad></gpxtpx:TrackPointExtension></extensions></trkpt><trkpt lat="15.1377189718" lon="73.9381395746"><ele>3.02</ele><time>2025-11-16T04:37:22Z</time><extensions><gpxtpx:TrackPointExtension><gpxtpx:cad>0</gpxtpx:cad></gpxtpx:TrackPointExtension></extensions></trkpt><trkpt lat="15.1378308702" lon="73.9382778760"><ele>1.58</ele><time>2025-11-16T04:37:27Z</time><extensions><gpxtpx:TrackPointExtension><gpxtpx:cad>0</gpxtpx:cad></gpxtpx:TrackPointExtension></extensions></trkpt><trkpt lat="15.1379474625" lon="73.9384138305"><ele>1.58</ele><time>2025-11-16T04:37:32Z</time><extensions><gpxtpx:TrackPointExtension><gpxtpx:cad>0</gpxtpx:cad></gpxtpx:TrackPointExtension></extensions></trkpt><trkpt lat="15.1380560920" lon="73.9385409839"><ele>1.58</ele><time>2025-11-16T04:37:37Z</time><extensions><gpxtpx:TrackPointExtension><gpxtpx:cad>0</gpxtpx:cad></gpxtpx:TrackPointExtension></extensions></trkpt><trkpt lat="15.1381662302" lon="73.9386766031"><ele>2.06</ele><time>2025-11-16T04:37:42Z</time><extensions><gpxtpx:TrackPointExtension><gpxtpx:cad>0</gpxtpx:cad></gpxtpx:TrackPointExtension></extensions></trkpt><trkpt lat="15.1382870134" lon="73.9388237055"><ele>2.54</ele><time>2025-11-16T04:37:47Z</time><extensions><gpxtpx:TrackPointExtension><gpxtpx:cad>0</gpxtpx:cad></gpxtpx:TrackPointExtension></extensions></trkpt><trkpt lat="15.1384089701" lon="73.9389665332"><ele>2.06</ele><time>2025-11-16T04:37:52Z</time><extensions><gpxtpx:TrackPointExtension><gpxtpx:cad>0</gpxtpx:cad></gpxtpx:TrackPointExtension></extensions></trkpt><trkpt lat="15.1385203656" lon="73.9390928484"><ele>2.06</ele><time>2025-11-16T04:37:57Z</time><extensions><gpxtpx:TrackPointExtension><gpxtpx:cad>0</gpxtpx:cad></gpxtpx:TrackPointExtension></extensions></trkpt><trkpt lat="15.1386336051" lon="73.9392226003"><ele>2.06</ele><time>2025-11-16T04:38:02Z</time><extensions><gpxtpx:TrackPointExtension><gpxtpx:cad>0</gpxtpx:cad></gpxtpx:TrackPointExtension></extensions></trkpt><trkpt lat="15.1387332659" lon="73.9393635839"><ele>2.06</ele><time>2025-11-16T04:38:07Z</time><extensions><gpxtpx:TrackPointExtension><gpxtpx:cad>0</gpxtpx:cad></gpxtpx:TrackPointExtension></extensions></trkpt><trkpt lat="15.1388461702" lon="73.9394993708"><ele>1.58</ele><time>2025-11-16T04:38:12Z</time><extensions><gpxtpx:TrackPointExtension><gpxtpx:cad>0</gpxtpx:cad></gpxtpx:TrackPointExtension></extensions></trkpt><trkpt lat="15.1389666181" lon="73.9396406058"><ele>1.58</ele><time>2025-11-16T04:38:17Z</time><extensions><gpxtpx:TrackPointExtension><gpxtpx:cad>0</gpxtpx:cad></gpxtpx:TrackPointExtension></extensions></trkpt><trkpt lat="15.1390822046" lon="73.9397839364"><ele>1.58</ele><time>2025-11-16T04:38:22Z</time><extensions><gpxtpx:TrackPointExtension><gpxtpx:cad>0</gpxtpx:cad></gpxtpx:TrackPointExtension></extensions></trkpt><trkpt lat="15.1391869783" lon="73.9399141073"><ele>1.58</ele><time>2025-11-16T04:38:27Z</time><extensions><gpxtpx:TrackPointExtension><gpxtpx:cad>0</gpxtpx:cad></gpxtpx:TrackPointExtension></extensions></trkpt><trkpt lat="15.1392987929" lon="73.9400442783"><ele>2.06</ele><time>2025-11-16T04:38:32Z</time><extensions><gpxtpx:TrackPointExtension><gpxtpx:cad>0</gpxtpx:cad></gpxtpx:TrackPointExtension></extensions></trkpt><trkpt lat="15.1394150499" lon="73.9401801489"><ele>2.06</ele><time>2025-11-16T04:38:37Z</time><extensions><gpxtpx:TrackPointExtension><gpxtpx:cad>0</gpxtpx:cad></gpxtpx:TrackPointExtension></extensions></trkpt><trkpt lat="15.1395315584" lon="73.9403113257"><ele>2.54</ele><time>2025-11-16T04:38:42Z</time><extensions><gpxtpx:TrackPointExtension><gpxtpx:cad>0</gpxtpx:cad></gpxtpx:TrackPointExtension></extensions></trkpt><trkpt lat="15.1396447979" lon="73.9404528961"><ele>2.54</ele><time>2025-11-16T04:38:47Z</time><extensions><gpxtpx:TrackPointExtension><gpxtpx:cad>0</gpxtpx:cad></gpxtpx:TrackPointExtension></extensions></trkpt><trkpt lat="15.1397732925" lon="73.9406049438"><ele>2.54</ele><time>2025-11-16T04:38:52Z</time><extensions><gpxtpx:TrackPointExtension><gpxtpx:cad>0</gpxtpx:cad></gpxtpx:TrackPointExtension></extensions></trkpt><trkpt lat="15.1398908067" lon="73.9407424070"><ele>2.54</ele><time>2025-11-16T04:38:57Z</time><extensions><gpxtpx:TrackPointExtension><gpxtpx:cad>0</gpxtpx:cad></gpxtpx:TrackPointExtension></extensions></trkpt><trkpt lat="15.1399969216" lon="73.9408697281"><ele>3.02</ele><time>2025-11-16T04:39:02Z</time><extensions><gpxtpx:TrackPointExtension><gpxtpx:cad>0</gpxtpx:cad></gpxtpx:TrackPointExtension></extensions></trkpt><trkpt lat="15.1401073113" lon="73.9410012402"><ele>3.02</ele><time>2025-11-16T04:39:07Z</time><extensions><gpxtpx:TrackPointExtension><gpxtpx:cad>0</gpxtpx:cad></gpxtpx:TrackPointExtension></extensions></trkpt><trkpt lat="15.1402257476" lon="73.9411386196"><ele>3.02</ele><time>2025-11-16T04:39:12Z</time><extensions><gpxtpx:TrackPointExtension><gpxtpx:cad>0</gpxtpx:cad></gpxtpx:TrackPointExtension></extensions></trkpt><trkpt lat="15.1403499674" lon="73.9412764180"><ele>3.02</ele><time>2025-11-16T04:39:17Z</time><extensions><gpxtpx:TrackPointExtension><gpxtpx:cad>0</gpxtpx:cad></gpxtpx:TrackPointExtension></extensions></trkpt><trkpt lat="15.1404727623" lon="73.9414200839"><ele>2.54</ele><time>2025-11-16T04:39:22Z</time><extensions><gpxtpx:TrackPointExtension><gpxtpx:cad>0</gpxtpx:cad></gpxtpx:TrackPointExtension></extensions></trkpt><trkpt lat="15.1405883487" lon="73.9415610675"><ele>2.06</ele><time>2025-11-16T04:39:27Z</time><extensions><gpxtpx:TrackPointExtension><gpxtpx:cad>0</gpxtpx:cad></gpxtpx:TrackPointExtension></extensions></trkpt><trkpt lat="15.1406905241" lon="73.9416945912"><ele>2.54</ele><time>2025-11-16T04:39:32Z</time><extensions><gpxtpx:TrackPointExtension><gpxtpx:cad>0</gpxtpx:cad></gpxtpx:TrackPointExtension></extensions></trkpt><trkpt lat="15.1407994051" lon="73.9418378379"><ele>3.02</ele><time>2025-11-16T04:39:37Z</time><extensions><gpxtpx:TrackPointExtension><gpxtpx:cad>0</gpxtpx:cad></gpxtpx:TrackPointExtension></extensions></trkpt><trkpt lat="15.1409076154" lon="73.9419831801"><ele>3.02</ele><time>2025-11-16T04:39:42Z</time><extensions><gpxtpx:TrackPointExtension><gpxtpx:cad>0</gpxtpx:cad></gpxtpx:TrackPointExtension></extensions></trkpt><trkpt lat="15.1410129759" lon="73.9421374071"><ele>3.02</ele><time>2025-11-16T04:39:47Z</time><extensions><gpxtpx:TrackPointExtension><gpxtpx:cad>0</gpxtpx:cad></gpxtpx:TrackPointExtension></extensions></trkpt><trkpt lat="15.1411121339" lon="73.9422898740"><ele>2.54</ele><time>2025-11-16T04:39:52Z</time><extensions><gpxtpx:TrackPointExtension><gpxtpx:cad>0</gpxtpx:cad></gpxtpx:TrackPointExtension></extensions></trkpt><trkpt lat="15.1412133873" lon="73.9424468670"><ele>2.54</ele><time>2025-11-16T04:39:57Z</time><extensions><gpxtpx:TrackPointExtension><gpxtpx:cad>0</gpxtpx:cad></gpxtpx:TrackPointExtension></extensions></trkpt><trkpt lat="15.1413060911" lon="73.9426031057"><ele>2.06</ele><time>2025-11-16T04:40:02Z</time><extensions><gpxtpx:TrackPointExtension><gpxtpx:cad>0</gpxtpx:cad></gpxtpx:TrackPointExtension></extensions></trkpt><trkpt lat="15.1414008904" lon="73.9427579194"><ele>2.54</ele><time>2025-11-16T04:40:07Z</time><extensions><gpxtpx:TrackPointExtension><gpxtpx:cad>0</gpxtpx:cad></gpxtpx:TrackPointExtension></extensions></trkpt><trkpt lat="15.1414969470" lon="73.9429103862"><ele>2.06</ele><time>2025-11-16T04:40:12Z</time><extensions><gpxtpx:TrackPointExtension><gpxtpx:cad>0</gpxtpx:cad></gpxtpx:TrackPointExtension></extensions></trkpt><trkpt lat="15.1415933389" lon="73.9430641942"><ele>2.06</ele><time>2025-11-16T04:40:17Z</time><extensions><gpxtpx:TrackPointExtension><gpxtpx:cad>0</gpxtpx:cad></gpxtpx:TrackPointExtension></extensions></trkpt><trkpt lat="15.1416615676" lon="73.9431762602"><ele>2.06</ele><time>2025-11-16T04:40:22Z</time><extensions><gpxtpx:TrackPointExtension><gpxtpx:cad>0</gpxtpx:cad></gpxtpx:TrackPointExtension></extensions></trkpt><trkpt lat="15.1417136192" lon="73.9432529546"><ele>2.54</ele><time>2025-11-16T04:40:27Z</time><extensions><gpxtpx:TrackPointExtension><gpxtpx:cad>0</gpxtpx:cad></gpxtpx:TrackPointExtension></extensions></trkpt><trkpt lat="15.1417599712" lon="73.9433102030"><ele>1.58</ele><time>2025-11-16T04:40:32Z</time><extensions><gpxtpx:TrackPointExtension><gpxtpx:cad>0</gpxtpx:cad></gpxtpx:TrackPointExtension></extensions></trkpt><trkpt lat="15.1417966839" lon="73.9433534537"><ele>1.10</ele><time>2025-11-16T04:40:37Z</time><extensions><gpxtpx:TrackPointExtension><gpxtpx:cad>0</gpxtpx:cad></gpxtpx:TrackPointExtension></extensions></trkpt><trkpt lat="15.1418299600" lon="73.9433830418"><ele>1.10</ele><time>2025-11-16T04:40:42Z</time><extensions><gpxtpx:TrackPointExtension><gpxtpx:cad>0</gpxtpx:cad></gpxtpx:TrackPointExtension></extensions></trkpt><trkpt lat="15.1418582071" lon="73.9434064273"><ele>1.10</ele><time>2025-11-16T04:40:47Z</time><extensions><gpxtpx:TrackPointExtension><gpxtpx:cad>0</gpxtpx:cad></gpxtpx:TrackPointExtension></extensions></trkpt><trkpt lat="15.1418791618" lon="73.9434228558"><ele>0.62</ele><time>2025-11-16T04:40:52Z</time><extensions><gpxtpx:TrackPointExtension><gpxtpx:cad>0</gpxtpx:cad></gpxtpx:TrackPointExtension></extensions></trkpt><trkpt lat="15.1419006195" lon="73.9434388652"><ele>0.62</ele><time>2025-11-16T04:40:57Z</time><extensions><gpxtpx:TrackPointExtension><gpxtpx:cad>0</gpxtpx:cad></gpxtpx:TrackPointExtension></extensions></trkpt><trkpt lat="15.1419121027" lon="73.9434449840"><ele>0.62</ele><time>2025-11-16T04:41:02Z</time><extensions><gpxtpx:TrackPointExtension><gpxtpx:cad>0</gpxtpx:cad></gpxtpx:TrackPointExtension></extensions></trkpt><trkpt lat="15.1419199817" lon="73.9434469957"><ele>0.62</ele><time>2025-11-16T04:41:07Z</time><extensions><gpxtpx:TrackPointExtension><gpxtpx:cad>0</gpxtpx:cad></gpxtpx:TrackPointExtension></extensions></trkpt><trkpt lat="15.1419270225" lon="73.9434483368"><ele>0.62</ele><time>2025-11-16T04:41:12Z</time><extensions><gpxtpx:TrackPointExtension><gpxtpx:cad>0</gpxtpx:cad></gpxtpx:TrackPointExtension></extensions></trkpt><trkpt lat="15.1419344824" lon="73.9434466604"><ele>0.62</ele><time>2025-11-16T04:41:17Z</time><extensions><gpxtpx:TrackPointExtension><gpxtpx:cad>0</gpxtpx:cad></gpxtpx:TrackPointExtension></extensions></trkpt><trkpt lat="15.1419404335" lon="73.9434454031"><ele>0.62</ele><time>2025-11-16T04:41:22Z</time><extensions><gpxtpx:TrackPointExtension><gpxtpx:cad>0</gpxtpx:cad></gpxtpx:TrackPointExtension></extensions></trkpt><trkpt lat="15.1419509109" lon="73.9434438944"><ele>0.62</ele><time>2025-11-16T04:41:27Z</time><extensions><gpxtpx:TrackPointExtension><gpxtpx:cad>0</gpxtpx:cad></gpxtpx:TrackPointExtension></extensions></trkpt><trkpt lat="15.1419708598" lon="73.9434272144"><ele>1.10</ele><time>2025-11-16T04:41:32Z</time><extensions><gpxtpx:TrackPointExtension><gpxtpx:cad>0</gpxtpx:cad></gpxtpx:TrackPointExtension></extensions></trkpt><trkpt lat="15.1419830136" lon="73.9434148092"><ele>1.10</ele><time>2025-11-16T04:41:37Z</time><extensions><gpxtpx:TrackPointExtension><gpxtpx:cad>0</gpxtpx:cad></gpxtpx:TrackPointExtension></extensions></trkpt><trkpt lat="15.1419987716" lon="73.9433977101"><ele>0.62</ele><time>2025-11-16T04:41:42Z</time><extensions><gpxtpx:TrackPointExtension><gpxtpx:cad>0</gpxtpx:cad></gpxtpx:TrackPointExtension></extensions></trkpt><trkpt lat="15.1420422737" lon="73.9434039965"><ele>2.06</ele><time>2025-11-16T04:41:47Z</time><extensions><gpxtpx:TrackPointExtension><gpxtpx:cad>0</gpxtpx:cad></gpxtpx:TrackPointExtension></extensions></trkpt><trkpt lat="15.1421026234" lon="73.9434710518"><ele>3.02</ele><time>2025-11-16T04:41:52Z</time><extensions><gpxtpx:TrackPointExtension><gpxtpx:cad>0</gpxtpx:cad></gpxtpx:TrackPointExtension></extensions></trkpt><trkpt lat="15.1421245001" lon="73.9435788430"><ele>3.02</ele><time>2025-11-16T04:41:57Z</time><extensions><gpxtpx:TrackPointExtension><gpxtpx:cad>0</gpxtpx:cad></gpxtpx:TrackPointExtension></extensions></trkpt><trkpt lat="15.1421361510" lon="73.9437184017"><ele>3.02</ele><time>2025-11-16T04:42:02Z</time><extensions><gpxtpx:TrackPointExtension><gpxtpx:cad>0</gpxtpx:cad></gpxtpx:TrackPointExtension></extensions></trkpt><trkpt lat="15.1421478018" lon="73.9438680187"><ele>3.02</ele><time>2025-11-16T04:42:07Z</time><extensions><gpxtpx:TrackPointExtension><gpxtpx:cad>0</gpxtpx:cad></gpxtpx:TrackPointExtension></extensions></trkpt><trkpt lat="15.1421625540" lon="73.9440183900"><ele>3.02</ele><time>2025-11-16T04:42:12Z</time><extensions><gpxtpx:TrackPointExtension><gpxtpx:cad>0</gpxtpx:cad></gpxtpx:TrackPointExtension></extensions></trkpt><trkpt lat="15.1421822514" lon="73.9441673364"><ele>3.02</ele><time>2025-11-16T04:42:17Z</time><extensions><gpxtpx:TrackPointExtension><gpxtpx:cad>0</gpxtpx:cad></gpxtpx:TrackPointExtension></extensions></trkpt><trkpt lat="15.1422064751" lon="73.9443250000"><ele>3.02</ele><time>2025-11-16T04:42:22Z</time><extensions><gpxtpx:TrackPointExtension><gpxtpx:cad>0</gpxtpx:cad></gpxtpx:TrackPointExtension></extensions></trkpt><trkpt lat="15.1422326267" lon="73.9444716834"><ele>2.54</ele><time>2025-11-16T04:42:27Z</time><extensions><gpxtpx:TrackPointExtension><gpxtpx:cad>0</gpxtpx:cad></gpxtpx:TrackPointExtension></extensions></trkpt><trkpt lat="15.1422571857" lon="73.9446160197"><ele>2.54</ele><time>2025-11-16T04:42:32Z</time><extensions><gpxtpx:TrackPointExtension><gpxtpx:cad>0</gpxtpx:cad></gpxtpx:TrackPointExtension></extensions></trkpt><trkpt lat="15.1422814094" lon="73.9447663911"><ele>2.54</ele><time>2025-11-16T04:42:37Z</time><extensions><gpxtpx:TrackPointExtension><gpxtpx:cad>0</gpxtpx:cad></gpxtpx:TrackPointExtension></extensions></trkpt><trkpt lat="15.1423132606" lon="73.9449201990"><ele>2.54</ele><time>2025-11-16T04:42:42Z</time><extensions><gpxtpx:TrackPointExtension><gpxtpx:cad>0</gpxtpx:cad></gpxtpx:TrackPointExtension></extensions></trkpt><trkpt lat="15.1423394121" lon="73.9450860769"><ele>3.02</ele><time>2025-11-16T04:42:47Z</time><extensions><gpxtpx:TrackPointExtension><gpxtpx:cad>0</gpxtpx:cad></gpxtpx:TrackPointExtension></extensions></trkpt><trkpt lat="15.1423677430" lon="73.9452548046"><ele>3.50</ele><time>2025-11-16T04:42:52Z</time><extensions><gpxtpx:TrackPointExtension><gpxtpx:cad>0</gpxtpx:cad></gpxtpx:TrackPointExtension></extensions></trkpt><trkpt lat="15.1423951518" lon="73.9454224426"><ele>3.98</ele><time>2025-11-16T04:42:57Z</time><extensions><gpxtpx:TrackPointExtension><gpxtpx:cad>0</gpxtpx:cad></gpxtpx:TrackPointExtension></extensions></trkpt><trkpt lat="15.1424340438" lon="73.9455866441"><ele>5.91</ele><time>2025-11-16T04:43:02Z</time><extensions><gpxtpx:TrackPointExtension><gpxtpx:cad>0</gpxtpx:cad></gpxtpx:TrackPointExtension></extensions></trkpt><trkpt lat="15.1424797252" lon="73.9457582217"><ele>7.35</ele><time>2025-11-16T04:43:07Z</time><extensions><gpxtpx:TrackPointExtension><gpxtpx:cad>0</gpxtpx:cad></gpxtpx:TrackPointExtension></extensions></trkpt><trkpt lat="15.1425176952" lon="73.9459235128"><ele>7.35</ele><time>2025-11-16T04:43:12Z</time><extensions><gpxtpx:TrackPointExtension><gpxtpx:cad>0</gpxtpx:cad></gpxtpx:TrackPointExtension></extensions></trkpt><trkpt lat="15.1425503008" lon="73.9460983593"><ele>8.79</ele><time>2025-11-16T04:43:17Z</time><extensions><gpxtpx:TrackPointExtension><gpxtpx:cad>0</gpxtpx:cad></gpxtpx:TrackPointExtension></extensions></trkpt><trkpt lat="15.1425700821" lon="73.9462771453"><ele>9.75</ele><time>2025-11-16T04:43:22Z</time><extensions><gpxtpx:TrackPointExtension><gpxtpx:cad>0</gpxtpx:cad></gpxtpx:TrackPointExtension></extensions></trkpt><trkpt lat="15.1425773744" lon="73.9464462921"><ele>9.75</ele><time>2025-11-16T04:43:27Z</time><extensions><gpxtpx:TrackPointExtension><gpxtpx:cad>0</gpxtpx:cad></gpxtpx:TrackPointExtension></extensions></trkpt><trkpt lat="15.1425753627" lon="73.9466068055"><ele>9.27</ele><time>2025-11-16T04:43:32Z</time><extensions><gpxtpx:TrackPointExtension><gpxtpx:cad>0</gpxtpx:cad></gpxtpx:TrackPointExtension></extensions></trkpt><trkpt lat="15.1425586827" lon="73.9467580989"><ele>9.75</ele><time>2025-11-16T04:43:37Z</time><extensions><gpxtpx:TrackPointExtension><gpxtpx:cad>0</gpxtpx:cad></gpxtpx:TrackPointExtension></extensions></trkpt><trkpt lat="15.1425400749" lon="73.9469126612"><ele>10.23</ele><time>2025-11-16T04:43:42Z</time><extensions><gpxtpx:TrackPointExtension><gpxtpx:cad>0</gpxtpx:cad></gpxtpx:TrackPointExtension></extensions></trkpt><trkpt lat="15.1425216347" lon="73.9470579196"><ele>10.23</ele><time>2025-11-16T04:43:47Z</time><extensions><gpxtpx:TrackPointExtension><gpxtpx:cad>0</gpxtpx:cad></gpxtpx:TrackPointExtension></extensions></trkpt><trkpt lat="15.1425132528" lon="73.9471807983"><ele>9.75</ele><time>2025-11-16T04:43:52Z</time><extensions><gpxtpx:TrackPointExtension><gpxtpx:cad>0</gpxtpx:cad></gpxtpx:TrackPointExtension></extensions></trkpt><trkpt lat="15.1425084751" lon="73.9472910203"><ele>9.27</ele><time>2025-11-16T04:43:57Z</time><extensions><gpxtpx:TrackPointExtension><gpxtpx:cad>0</gpxtpx:cad></gpxtpx:TrackPointExtension></extensions></trkpt><trkpt lat="15.1424975786" lon="73.9473966323"><ele>9.27</ele><time>2025-11-16T04:44:02Z</time><extensions><gpxtpx:TrackPointExtension><gpxtpx:cad>0</gpxtpx:cad></gpxtpx:TrackPointExtension></extensions></trkpt><trkpt lat="15.1424891129" lon="73.9475194272"><ele>9.27</ele><time>2025-11-16T04:44:07Z</time><extensions><gpxtpx:TrackPointExtension><gpxtpx:cad>0</gpxtpx:cad></gpxtpx:TrackPointExtension></extensions></trkpt><trkpt lat="15.1424863469" lon="73.9476443175"><ele>8.31</ele><time>2025-11-16T04:44:12Z</time><extensions><gpxtpx:TrackPointExtension><gpxtpx:cad>0</gpxtpx:cad></gpxtpx:TrackPointExtension></extensions></trkpt><trkpt lat="15.1424865145" lon="73.9477573894"><ele>7.83</ele><time>2025-11-16T04:44:17Z</time><extensions><gpxtpx:TrackPointExtension><gpxtpx:cad>0</gpxtpx:cad></gpxtpx:TrackPointExtension></extensions></trkpt><trkpt lat="15.1424900349" lon="73.9478669409"><ele>6.87</ele><time>2025-11-16T04:44:22Z</time><extensions><gpxtpx:TrackPointExtension><gpxtpx:cad>0</gpxtpx:cad></gpxtpx:TrackPointExtension></extensions></trkpt><trkpt lat="15.1424878556" lon="73.9479738101"><ele>7.35</ele><time>2025-11-16T04:44:27Z</time><extensions><gpxtpx:TrackPointExtension><gpxtpx:cad>0</gpxtpx:cad></gpxtpx:TrackPointExtension></extensions></trkpt><trkpt lat="15.1424829941" lon="73.9480779972"><ele>7.83</ele><time>2025-11-16T04:44:32Z</time><extensions><gpxtpx:TrackPointExtension><gpxtpx:cad>0</gpxtpx:cad></gpxtpx:TrackPointExtension></extensions></trkpt><trkpt lat="15.1424745284" lon="73.9481841121"><ele>8.31</ele><time>2025-11-16T04:44:37Z</time><extensions><gpxtpx:TrackPointExtension><gpxtpx:cad>0</gpxtpx:cad></gpxtpx:TrackPointExtension></extensions></trkpt><trkpt lat="15.1424627937" lon="73.9482939988"><ele>8.31</ele><time>2025-11-16T04:44:42Z</time><extensions><gpxtpx:TrackPointExtension><gpxtpx:cad>0</gpxtpx:cad></gpxtpx:TrackPointExtension></extensions></trkpt><trkpt lat="15.1424526516" lon="73.9484146982"><ele>8.31</ele><time>2025-11-16T04:44:47Z</time><extensions><gpxtpx:TrackPointExtension><gpxtpx:cad>0</gpxtpx:cad></gpxtpx:TrackPointExtension></extensions></trkpt><trkpt lat="15.1424512267" lon="73.9485390857"><ele>8.31</ele><time>2025-11-16T04:44:52Z</time><extensions><gpxtpx:TrackPointExtension><gpxtpx:cad>0</gpxtpx:cad></gpxtpx:TrackPointExtension></extensions></trkpt><trkpt lat="15.1424578484" lon="73.9486626349"><ele>8.31</ele><time>2025-11-16T04:44:57Z</time><extensions><gpxtpx:TrackPointExtension><gpxtpx:cad>0</gpxtpx:cad></gpxtpx:TrackPointExtension></extensions></trkpt><trkpt lat="15.1424625423" lon="73.9487882797"><ele>8.31</ele><time>2025-11-16T04:45:02Z</time><extensions><gpxtpx:TrackPointExtension><gpxtpx:cad>0</gpxtpx:cad></gpxtpx:TrackPointExtension></extensions></trkpt><trkpt lat="15.1424512267" lon="73.9489221387"><ele>7.83</ele><time>2025-11-16T04:45:07Z</time><extensions><gpxtpx:TrackPointExtension><gpxtpx:cad>0</gpxtpx:cad></gpxtpx:TrackPointExtension></extensions></trkpt><trkpt lat="15.1424468681" lon="73.9490648825"><ele>7.35</ele><time>2025-11-16T04:45:12Z</time><extensions><gpxtpx:TrackPointExtension><gpxtpx:cad>0</gpxtpx:cad></gpxtpx:TrackPointExtension></extensions></trkpt></trkseg></trk></gpx>