Number,id,Day,Month,Year,Region,Species,Species_co,Geotag_rea,Descriptio,Location.a,Descript_1,Image.s.,Audio.Vide,Geotag_rec,Geotag_all,Comments,Sex,Age.Class,Death_code,PMI_min,PMI_max,Source,lat,lon,No,flag,org_cell,new_no,new_flag,new_org_ce,Comments_1
NA,1,8,10,2025,Goa,Indian Ocean humpback dolphin,Humpback dolphin,,,,,,,,,,M,C,1,0.5,1,Whatsapp - 11.10.25,15.20610432,73.93266907,NA,NA,,NA,,,
NA,2,6,10,2025,Goa,Indo-Pacific finless porpoise,Indo-Pacific finless porpoise,,,,,,,,,,,,4,5,8,Whatsapp - 11.10.25,15.24884893,73.92088648,NA,NA,,NA,,,
NA,3,5,10,2025,Goa,Indian Ocean humpback dolphin,Humpback dolphin,,,,,,,,,,M,SA,3,2,5,Whatsapp - 11.10.25,15.04260833,73.98591921,NA,NA,,NA,,,
NA,4,2,10,2025,Goa,Indian Ocean humpback dolphin,Humpback dolphin,,,,,,,,,,,SA,4,4,6,Whatsapp - 11.10.25,15.57401364,73.74068198,NA,NA,,NA,,,
NA,5,2,10,2025,Goa,Indo-Pacific finless porpoise,Indo-Pacific finless porpoise,,,,,,,,,,,,3,2,3,Whatsapp - 11.10.25,15.35284217,73.8845562,NA,NA,,NA,,,
NA,7,30,9,2025,Goa,Indo-Pacific finless porpoise,Indo-Pacific finless porpoise,,,,,,,,,,M,SA,3,2,3,Whatsapp - 11.10.25,15.24884893,73.92088648,NA,NA,,NA,,,
NA,8,30,9,2025,Goa,Indo-Pacific finless porpoise,Indo-Pacific finless porpoise,,,,,,,,,,,,3,2,3,Whatsapp - 11.10.25,15.64229724,73.71800347,NA,NA,,NA,,,
NA,9,29,9,2025,Goa,Indo-Pacific finless porpoise,Indo-Pacific finless porpoise,,,,,,,,,,M,SA,3,2,3,Whatsapp - 11.10.25,15.54493271,73.7549767,NA,NA,,NA,,,
NA,10,29,9,2025,Goa,Indo-Pacific finless porpoise,Indo-Pacific finless porpoise,,,,,,,,,,,C,3,2,4,Whatsapp - 11.10.25,15.31942492,73.89851757,NA,NA,,NA,,,
NA,11,29,9,2025,Goa,Indo-Pacific finless porpoise,Indo-Pacific finless porpoise,,,,,,,,,,M,,3,2,3,Whatsapp - 11.10.25,15.35284217,73.8845562,NA,NA,,NA,,,
NA,12,28,9,2025,Goa,Indian Ocean humpback dolphin,Humpback dolphin,,,,,,,,,,,,3,3,5,Whatsapp - 11.10.25,15.5612067,73.74873617,NA,NA,,NA,,,
NA,13,26,9,2025,Goa,Indian Ocean humpback dolphin,Humpback dolphin,,,,,,,,,,,,2,1,2,Whatsapp - 11.10.25,15.24884893,73.92088648,NA,NA,,NA,,,
NA,14,25,9,2025,Goa,Indian Ocean humpback dolphin,Humpback dolphin,,,,,,,,,,,,4,6,8,Whatsapp - 11.10.25,15.16859563,73.94232229,NA,NA,,NA,,,
NA,15,25,9,2025,Goa,Indo-Pacific finless porpoise,Indo-Pacific finless porpoise,,,,,,,,,,,A,3,2,3,Whatsapp - 11.10.25,15.66820788,73.70952956,NA,NA,,NA,,,
NA,16,23,9,2025,Goa,Indo-Pacific finless porpoise,Indo-Pacific finless porpoise,,,,,,,,,,,,3,3,5,Whatsapp - 11.10.25,14.97856949,74.04153968,NA,NA,,NA,,,
NA,17,22,9,2025,Goa,Indian Ocean humpback dolphin,Humpback dolphin,,,,,,,,,,,C,2,0.5,1,Whatsapp - 11.10.25,15.70833322,73.69346311,NA,NA,,NA,,,
NA,18,20,9,2025,Goa,Indian Ocean humpback dolphin,Humpback dolphin,,,,,,,,,,,SA,2,1,3,Whatsapp - 11.10.25,15.24884893,73.92088648,NA,NA,,NA,,,
NA,19,18,9,2025,Goa,Indian Ocean humpback dolphin,Humpback dolphin,,,,,,,,,,,C,3,2,3,Whatsapp - 11.10.25,15.20610432,73.93266907,NA,NA,,NA,,,
NA,20,18,9,2025,Goa,Indo-Pacific finless porpoise,Indo-Pacific finless porpoise,,,,,,,,,,,,,NA,NA,Whatsapp - 11.10.25,15.29374857,73.90747058,NA,NA,,NA,,,Whatsapp - 25/10/25
NA,21,17,9,2025,Goa,Indian Ocean humpback dolphin,Humpback dolphin,,,,,,,,,,,SA,2,1,2,Whatsapp - 11.10.25,15.49931807,73.76740638,NA,NA,,NA,,,
NA,22,14,9,2025,Goa,Indo-Pacific finless porpoise,Indo-Pacific finless porpoise,,,,,,,,,,,,2,1,2,Whatsapp - 11.10.25,15.31942492,73.89851757,NA,NA,,NA,,,
NA,23,14,9,2025,Goa,Indo-Pacific finless porpoise,Indo-Pacific finless porpoise,,,,,,,,,,,,3,2,3,Whatsapp - 11.10.25,15.61701216,73.73286086,NA,NA,,NA,,,
NA,24,9,9,2025,Goa,Indian Ocean humpback dolphin,Humpback dolphin,,,,,,,,,,,SA,3,3,4,Whatsapp - 11.10.25,15.29374857,73.90747058,NA,NA,,NA,,,
NA,25,9,9,2025,Goa,Indian Ocean humpback dolphin,Humpback dolphin,,,,,,,,,,,C,2,0.5,1,Whatsapp - 11.10.25,15.04260833,73.98591921,NA,NA,,NA,,,
NA,26,7,9,2025,Goa,Indian Ocean humpback dolphin,Humpback dolphin,,,,,,,,,,,,,NA,NA,Whatsapp - 11.10.25,15.29374857,73.90747058,NA,NA,,NA,,,
NA,29,27,8,2025,Goa,Indo-Pacific finless porpoise,Indo-Pacific finless porpoise,,,,,,,,,,,,2,2,3,Whatsapp - 11.10.25,14.99667863,74.03384074,NA,NA,,NA,,,
NA,30,26,8,2025,Goa,Indo-Pacific finless porpoise,Indo-Pacific finless porpoise,,,,,,,,,,,,3,3,5,Whatsapp - 11.10.25,15.16859563,73.94232229,NA,NA,,NA,,,
NA,32,20,8,2025,Goa,Indo-Pacific finless porpoise,Indo-Pacific finless porpoise,,,,,,,,,,,,3,2,3,Whatsapp - 11.10.25,15.29374857,73.90747058,NA,NA,,NA,,,
NA,33,20,8,2025,Goa,Indian Ocean humpback dolphin,Humpback dolphin,,,,,,,,,,,C,2,0.5,1,Whatsapp - 11.10.25,15.60397325,73.73314466,NA,NA,,NA,,,
NA,34,18,8,2025,Goa,Indian Ocean humpback dolphin,Humpback dolphin,,,,,,,,,,,C,3,2,4,Whatsapp - 11.10.25,15.16859563,73.94232229,NA,NA,,NA,,,
NA,38,7,8,2025,Goa,Indian Ocean humpback dolphin,Humpback dolphin,,,,,,,,,,,,4,4,6,Whatsapp - 11.10.25,14.95974234,74.04898888,NA,NA,,NA,,,
NA,41,2,8,2025,Goa,Indian Ocean humpback dolphin,Humpback dolphin,,,,,,,,,,M,C,3,2,3,Whatsapp - 11.10.25,15.04260833,73.98591921,NA,NA,,NA,,,
NA,44,13,7,2025,Goa,Indian Ocean humpback dolphin,Humpback dolphin,,,,,,,,,,,SA,2,0.5,1,Whatsapp - 11.10.25,15.04260833,73.98591921,NA,NA,,NA,,,
NA,45,13,7,2025,Goa,Indo-Pacific finless porpoise,Indo-Pacific finless porpoise,,,,,,,,,,,,3,2,3,Whatsapp - 11.10.25,15.57401364,73.74068198,NA,NA,,NA,,,
NA,48,5,7,2025,Goa,Indian Ocean humpback dolphin,Humpback dolphin,,,,,,,,,,,SA,2,0.5,1,Whatsapp - 11.10.25,15.16859563,73.94232229,NA,NA,,NA,,,
NA,49,27,6,2025,Goa,Indo-Pacific finless porpoise,Indo-Pacific finless porpoise,,,,,,,,,,,A,2,0.5,1,Whatsapp - 11.10.25,15.49931807,73.76740638,NA,NA,,NA,,,
NA,50,25,6,2025,Goa,Indo-Pacific finless porpoise,Indo-Pacific finless porpoise,,,,,,,,,,,,3,3,5,Whatsapp - 11.10.25,15.31145652,73.90148065,NA,NA,,NA,,,
NA,51,23,6,2025,Goa,Indian Ocean humpback dolphin,Humpback dolphin,,,,,,,,,,,C,2,0.5,1,Whatsapp - 11.10.25,15.24884893,73.92088648,NA,NA,,NA,,,
NA,52,18,6,2025,Goa,Indian Ocean humpback dolphin,Humpback dolphin,,,,,,,,,,,A,3,3,5,Whatsapp - 11.10.25,15.27976895,73.91194528,NA,NA,,NA,,,
NA,55,15,6,2025,Goa,Indian Ocean humpback dolphin,Humpback dolphin,,,,,,,,,,,,3,2,4,Whatsapp - 11.10.25,15.31942492,73.89851757,NA,NA,,NA,,,
NA,57,9,6,2025,Goa,Indian Ocean humpback dolphin,Humpback dolphin,,,,,,,,,,,,3,2,4,Whatsapp - 11.10.25,15.29374857,73.90747058,NA,NA,,NA,,,
NA,58,6,6,2025,Goa,Indian Ocean humpback dolphin,Humpback dolphin,,,,,,,,,,M,A,3,3,5,Whatsapp - 11.10.25,15.64009083,73.71864797,NA,NA,,NA,,,
NA,59,29,5,2025,Goa,Indian Ocean humpback dolphin,Humpback dolphin,,,,,,,,,,,C,3,2,3,Whatsapp - 11.10.25,15.5112819,73.76456269,NA,NA,,NA,,,
NA,62,27,5,2025,Goa,Indo-Pacific finless porpoise,Indo-Pacific finless porpoise,,,,,,,,,,,,4,4,6,Whatsapp - 11.10.25,15.35284217,73.8845562,NA,NA,,NA,,,
NA,63,25,5,2025,Goa,Indian Ocean humpback dolphin,Humpback dolphin,,,,,,,,,,M,SA,2,0.5,1,Whatsapp - 11.10.25,15.22303589,73.92816343,NA,NA,,NA,,,
NA,64,24,5,2025,Goa,Indian Ocean humpback dolphin,Humpback dolphin,,,,,,,,,,,,4,6,9,Whatsapp - 11.10.25,14.90768708,74.08218385,NA,NA,,NA,,,
NA,65,19,5,2025,Goa,Indian Ocean humpback dolphin,Humpback dolphin,,,,,,,,,,,,4,6,8,Whatsapp - 11.10.25,15.16859563,73.94232229,NA,NA,,NA,,,
NA,66,19,5,2025,Goa,Indo-Pacific finless porpoise,Humpback dolphin,,,,,,,,,,,,3,3,5,Whatsapp - 11.10.25,15.20610432,73.93266907,NA,NA,,NA,,,
NA,67,18,5,2025,Goa,Indian Ocean humpback dolphin,Humpback dolphin,,,,,,,,,,,,4,4,6,Whatsapp - 11.10.25,15.12663599,73.94008671,NA,NA,,NA,,,
NA,68,18,5,2025,Goa,Indian Ocean humpback dolphin,Humpback dolphin,,,,,,,,,,,,3,3,5,Whatsapp - 11.10.25,15.1571974,73.94493185,NA,NA,,NA,,,
NA,69,17,5,2025,Goa,Indian Ocean humpback dolphin,Humpback dolphin,,,,,,,,,,,,4,6,8,Whatsapp - 11.10.25,15.16859563,73.94232229,NA,NA,,NA,,,
NA,70,17,5,2025,Goa,Indo-Pacific finless porpoise,Indo-Pacific finless porpoise,,,,,,,,,,,,4,5,7,Whatsapp - 11.10.25,15.16859563,73.94232229,NA,NA,,NA,,,
NA,71,17,5,2025,Goa,Indian Ocean humpback dolphin,Humpback dolphin,,,,,,,,,,,,4,6,8,Whatsapp - 11.10.25,15.16859563,73.94232229,NA,NA,,NA,,,
NA,72,17,5,2025,Goa,Indian Ocean humpback dolphin,Humpback dolphin,,,,,,,,,,,,3,3,5,Whatsapp - 11.10.25,15.1571974,73.94493185,NA,NA,,NA,,,Mass stranding event
NA,73,17,5,2025,Goa,Indian Ocean humpback dolphin,Humpback dolphin,,,,,,,,,,,,3,3,5,Whatsapp - 11.10.25,15.1571974,73.94493185,NA,NA,,NA,,,
NA,74,17,5,2025,Goa,Indian Ocean humpback dolphin,Humpback dolphin,,,,,,,,,,,,4,5,8,Whatsapp - 11.10.25,15.1571974,73.94493185,NA,NA,,NA,,,
NA,75,17,5,2025,Goa,Indian Ocean humpback dolphin,Humpback dolphin,,,,,,,,,,,,4,6,8,Whatsapp - 11.10.25,15.1571974,73.94493185,NA,NA,,NA,,,
NA,76,16,5,2025,Goa,Indian Ocean humpback dolphin,Humpback dolphin,,,,,,,,,,,,3,2,4,Whatsapp - 11.10.25,15.14603986,73.94810409,NA,NA,,NA,,,
NA,77,16,5,2025,Goa,Indian Ocean humpback dolphin,Humpback dolphin,,,,,,,,,,,,3,2,4,Whatsapp - 11.10.25,15.16859563,73.94232229,NA,NA,,NA,,,
NA,78,15,5,2025,Goa,Indian Ocean humpback dolphin,Humpback dolphin,,,,,,,,,,,C,4,4,5,Whatsapp - 11.10.25,15.00970492,74.02350093,NA,NA,,NA,,,
NA,79,13,5,2025,Goa,Indo-Pacific finless porpoise,Indo-Pacific finless porpoise,,,,,,,,,,,,2,0.5,1,Whatsapp - 11.10.25,14.97856949,74.04153968,NA,NA,,NA,,,
NA,80,13,5,2025,Goa,Indian Ocean humpback dolphin,Humpback dolphin,,,,,,,,,,,SA,3,2,4,Whatsapp - 11.10.25,15.00970492,74.02350093,NA,NA,,NA,,,
NA,82,11,5,2025,Goa,Indo-Pacific finless porpoise,Indo-Pacific finless porpoise,,,,,,,,,,F,SA,2,0.5,1,Whatsapp - 11.10.25,14.99667863,74.03384074,NA,NA,,NA,,,
NA,83,11,5,2025,Goa,Indian Ocean humpback dolphin,Humpback dolphin,,,,,,,,,,M,,3,3,5,Whatsapp - 11.10.25,14.95974234,74.04898888,NA,NA,,NA,,,
NA,84,8,5,2025,Goa,Indo-Pacific finless porpoise,Indo-Pacific finless porpoise,,,,,,,,,,,,3,2,3,Whatsapp - 11.10.25,15.61701216,73.73286086,NA,NA,,NA,,,
NA,85,4,5,2025,Goa,Indian Ocean humpback dolphin,Humpback dolphin,,,,,,,,,,,,3,2,4,Whatsapp - 11.10.25,15.47809487,73.80615035,NA,NA,,NA,,,
NA,86,4,5,2025,Goa,Indian Ocean humpback dolphin,Humpback dolphin,,,,,,,,,,F,SA,2,0.5,1,Whatsapp - 11.10.25,15.33269558,73.89376488,NA,NA,,NA,,,
NA,88,3,5,2025,Goa,Indo-Pacific finless porpoise,Indo-Pacific finless porpoise,,,,,,,,,,,SA,4,4,7,Whatsapp - 11.10.25,15.29374857,73.90747058,NA,NA,,NA,,,
NA,89,30,4,2025,Goa,Indian Ocean humpback dolphin,Humpback dolphin,"15.310969152722976,73.9020757401367",Code 3,"Majorda, South Goa.",,"https://www.marinemammals.in/submit-record/29-09-2025-9ef4bea9-d319-4900-989e-0c87faebfbc3.JPG,",,,,,,,3,3,5,MMI-10.10.25,15.31096915,73.90207574,NA,NA,,NA,,,
NA,90,30,4,2025,Goa,Indo-Pacific finless porpoise,Indo-Pacific finless porpoise,"15.222593667180266,73.9287790750244",Code 3,"Varca, South Goa.",,"https://www.marinemammals.in/submit-record/29-09-2025-ef535295-51be-4a37-8c68-f5559cc255de.JPG,",,,,,,,3,3,6,MMI-10.10.25,15.22259367,73.92877908,NA,NA,,NA,,,
NA,91,29,4,2025,Goa,Indo-Pacific finless porpoise,Indo-Pacific finless porpoise,"15.499295185198612,73.76751608833008",Code 3,"Sinquerim, North Goa.",,"https://www.marinemammals.in/submit-record/29-09-2025-04f88bb1-4b9d-4a8f-909f-81994106fd4d.JPG,https://www.marinemammals.in/submit-record/29-09-2025-3bc2090e-b0e8-4bf4-82ff-bdcfee8fab51.JPG,",,,,,F,,3,3,4,MMI-10.10.25,15.49929519,73.76751609,NA,NA,,NA,,,
NA,92,26,4,2025,Goa,Indo-Pacific finless porpoise,Indo-Pacific finless porpoise,"15.518283687124011,73.76243429836424",Code 2,Candolim,,"https://www.marinemammals.in/submit-record/29-09-2025-ae528505-bcc3-4d2a-bc59-93d9227b78dd.JPG,",,,,,,,2,0.5,1,MMI-10.10.25,15.51828369,73.7624343,NA,NA,,NA,,,
NA,94,16,4,2025,Goa,Indian Ocean humpback dolphin,Humpback dolphin,"15.33327564665479,73.89375016820067",Code 2,"Arrosim, South Goa.",,"https://www.marinemammals.in/submit-record/29-09-2025-ae8d6c21-e874-496f-a8f0-0d692cf8a2be.JPG,https://www.marinemammals.in/submit-record/29-09-2025-5f56f29c-0418-4994-96da-5d714d615ec0.JPG,https://www.marinemammals.in/submit-record/29-09-2025-a6462d60-4bb0-40be-b769-5b47ea9a4b06.JPG,https://www.marinemammals.in/submit-record/29-09-2025-d1f3e39b-873f-457f-a5db-2f2a1a51c01c.JPG,",,,,,F,A,2,1,2,MMI-10.10.25,15.33327565,73.89375017,NA,NA,,NA,,,
NA,96,12,4,2025,Goa,Indian Ocean humpback dolphin,Humpback dolphin,"15.353846360544425,73.88413157456054",Code 2,"Velsao, South Goa",,"https://www.marinemammals.in/submit-record/29-09-2025-79c6c33b-5c99-48bd-9e5b-b505a8403916.JPG,https://www.marinemammals.in/submit-record/29-09-2025-d388150a-1503-4242-bb4e-474d89aa92fe.JPG,",,,,,,,3,3,4,MMI-10.10.25,15.35384636,73.88413157,NA,NA,,NA,,,
NA,97,12,4,2025,Goa,Indian Ocean humpback dolphin,Humpback dolphin,"15.280485528396643,73.91185836347657",Code 3. No teeth present,"Colva, South Goa",,"https://www.marinemammals.in/submit-record/29-09-2025-4602abf6-cb7c-434e-b259-61a7398721ab.JPG,https://www.marinemammals.in/submit-record/29-09-2025-1b73be5b-471a-47d9-a67e-7aa7614995e7.JPG,https://www.marinemammals.in/submit-record/29-09-2025-f06dd345-1fa1-4477-932e-f0e2fbb58c8e.JPG,",,,,,,,4,4,6,MMI-10.10.25,15.28048553,73.91185836,NA,NA,,NA,,,
NA,98,12,4,2025,Goa,Indian Ocean humpback dolphin,Humpback dolphin,"15.292136236488885,73.90803286499022",Code 4. highly sunburnt,"Betalbetim, South Goa.",,"https://www.marinemammals.in/submit-record/29-09-2025-34441dae-096d-4242-bcd4-1c342676105d.JPG,",,,,,,C,3,2,3,MMI-10.10.25,15.29213624,73.90803286,NA,NA,,NA,,,
NA,99,11,4,2025,Goa,Indian Ocean humpback dolphin,Humpback dolphin,"15.057481609458176,73.97072436505128",Code 2. Male,"Cola beach, South Goa.",,"https://www.marinemammals.in/submit-record/29-09-2025-d65e0b8c-a500-4a43-b587-b4273cc0ebdf.JPG,https://www.marinemammals.in/submit-record/29-09-2025-38ed392c-3cc5-4e60-90d8-5fdc9f14282b.JPG,https://www.marinemammals.in/submit-record/29-09-2025-f724e78a-b7ef-4371-a737-c4c4ada3e0d7.JPG,https://www.marinemammals.in/submit-record/29-09-2025-b19850d0-f566-4a6c-a3ca-e4b025fc7a87.JPG,",,,,,M,SA,3,3,4,MMI-10.10.25,15.05748161,73.97072437,NA,NA,,NA,,,
NA,102,30,3,2025,Goa,Indian Ocean humpback dolphin,Humpback dolphin,"15.2039116,73.93471920000002","Young, fresh, code 2, death likely <24 hrs ago",Tourist beach,,"https://www.marinemammals.in/submit-record/25-08-2025-IMG-20250330-WA0011.jpg,",,,,,,,2,0.5,1,MMI-10.10.25,15.2039116,73.9347192,NA,NA,,NA,,,
NA,103,27,3,2025,Goa,Indo-Pacific finless porpoise,Indo-Pacific finless porpoise,"15.2811065,73.91391829999999",Fresh and bloated. Likely died 1 day ago,Less visited sandy beach,,"https://www.marinemammals.in/submit-record/25-08-2025-IMG-20250327-WA0013.jpg,https://www.marinemammals.in/submit-record/25-08-2025-IMG-20250327-WA0014.jpg,https://www.marinemammals.in/submit-record/25-08-2025-IMG-20250327-WA0015.jpg,https://www.marinemammals.in/submit-record/25-08-2025-IMG-20250327-WA0017.jpg,https://www.marinemammals.in/submit-record/25-08-2025-IMG-20250327-WA0016.jpg,",,,,,,,3,2,3,MMI-10.10.25,15.2811065,73.9139183,NA,NA,,NA,,,
NA,105,24,3,2025,Goa,Indo-Pacific finless porpoise,Indo-Pacific finless porpoise,"15.2039116,73.93471920000002",Sunburnt; code 3,Less visited tourist beach,,"https://www.marinemammals.in/submit-record/25-08-2025-IMG-20250324-WA0002.jpg,https://www.marinemammals.in/submit-record/25-08-2025-IMG-20250324-WA0003.jpg,https://www.marinemammals.in/submit-record/25-08-2025-IMG-20250324-WA0004.jpg,https://www.marinemammals.in/submit-record/25-08-2025-IMG-20250324-WA0005.jpg,",,,,,,,4,3,5,MMI-10.10.25,15.2039116,73.9347192,NA,NA,,NA,,,
NA,107,20,3,2025,Goa,Indo-Pacific finless porpoise,Indo-Pacific finless porpoise,"15.21160804730578, 73.93091798060237",Highly sunburnt and bloated,Less visited sandy beach,,"https://www.marinemammals.in/submit-record/25-08-2025-IMG-20250320-WA0004.jpg,https://www.marinemammals.in/submit-record/25-08-2025-IMG-20250320-WA0005.jpg,",,,,,,,3,2,3,MMI-10.10.25,15.21160805,73.93091798,NA,NA,,NA,,,
NA,108,13,3,2025,Goa,Indo-Pacific finless porpoise,Indo-Pacific finless porpoise,"15.255323045597104,73.91955636394044",Code 4; decomposition likely happened on water,Tourist beach,,"https://www.marinemammals.in/submit-record/25-08-2025-IMG-20250313-WA0001.jpg,https://www.marinemammals.in/submit-record/25-08-2025-IMG-20250313-WA0002.jpg,",,,,,,,4,6,8,MMI-10.10.25,15.25532305,73.91955636,NA,NA,,NA,,,
NA,110,13,3,2025,Goa,Indo-Pacific finless porpoise,Indo-Pacific finless porpoise,"15.54465866307,73.75463886344603",Skin burnt and torn off. Likely died 1-2 days ago,TOurist beach,,"https://www.marinemammals.in/submit-record/25-08-2025-IMG-20250313-WA0011.jpg,https://www.marinemammals.in/submit-record/25-08-2025-IMG-20250313-WA0012.jpg,",,,,,,A,3,2,3,MMI-10.10.25,15.54465866,73.75463886,NA,NA,,NA,,,
NA,111,12,3,2025,Goa,Indian Ocean humpback dolphin,Humpback dolphin,"15.35202547187113,73.88481822006835",Juveline; looks emaciated,Less visited sandy beach,,"https://www.marinemammals.in/submit-record/25-08-2025-IMG-20250312-WA0006.jpg,",,,,,,,2,0.5,1,MMI-10.10.25,15.35202547,73.88481822,NA,NA,,NA,,,
NA,113,10,3,2025,Goa,Indian Ocean humpback dolphin,Humpback dolphin,"15.333509224649074,73.8939401380371","2 animals, onc code 3 the other code 4.",Arrosim beach; less visited,,"https://www.marinemammals.in/submit-record/25-08-2025-IMG-20250310-WA0003.jpg,https://www.marinemammals.in/submit-record/25-08-2025-IMG-20250310-WA0004.jpg,https://www.marinemammals.in/submit-record/25-08-2025-IMG-20250310-WA0009.jpg,https://www.marinemammals.in/submit-record/25-08-2025-IMG-20250310-WA0010.jpg,",,,,,,,3,2,3,MMI-10.10.25,15.33350922,73.89394014,NA,NA,,NA,,,
NA,114,8,3,2025,Goa,Indian Ocean humpback dolphin,Humpback dolphin,"15.126641187991787, 73.94001697992354","Code 4, slightly sunburnt and eaten","Sandy beach, less visited",,"https://www.marinemammals.in/submit-record/25-08-2025-IMG-20250308-WA0012.jpg,https://www.marinemammals.in/submit-record/25-08-2025-IMG-20250308-WA0013.jpg,",,,,,,,4,5,8,MMI-10.10.25,15.12664119,73.94001698,NA,NA,,NA,,,
NA,116,4,3,2025,Goa,Indian Ocean humpback dolphin,Humpback dolphin,"15.374784916309823, 73.81518799149929",Code 4 decomposition.,Was probably stuck near rocks for a while before stranding on the beach,,"https://www.marinemammals.in/submit-record/25-08-2025-IMG-20250304-WA0006.jpg,https://www.marinemammals.in/submit-record/25-08-2025-IMG-20250304-WA0012.jpg,https://www.marinemammals.in/submit-record/25-08-2025-IMG-20250304-WA0013.jpg,https://www.marinemammals.in/submit-record/25-08-2025-IMG-20250304-WA0014.jpg,",,,,,,,,NA,NA,MMI-10.10.25,15.37478492,73.81518799,NA,NA,,NA,,,
NA,117,4,3,2025,Goa,Indian Ocean humpback dolphin,Humpback dolphin,"15.559480006195038,73.74993773016357",Code 3 but eaten by dogs and skin peeled off,"Tourist beach, sandy",,"https://www.marinemammals.in/submit-record/25-08-2025-IMG-20250304-WA0024.jpg,https://www.marinemammals.in/submit-record/25-08-2025-IMG-20250304-WA0025.jpg,https://www.marinemammals.in/submit-record/25-08-2025-IMG-20250304-WA0026.jpg,",,,,,,A,3,4,6,MMI-10.10.25,15.55948001,73.74993773,NA,NA,,NA,,,
NA,120,22,2,2025,Goa,Indian Ocean humpback dolphin,Humpback dolphin,"15.351777167639217,73.88481822006835",2 animals stranded together; both were fresh but had cuts around their neck that were bleeding.,Sandy beach,,"https://www.marinemammals.in/submit-record/25-08-2025-IMG-20250222-WA0003.jpg,https://www.marinemammals.in/submit-record/25-08-2025-IMG-20250222-WA0004.jpg,https://www.marinemammals.in/submit-record/25-08-2025-IMG-20250222-WA0005.jpg,https://www.marinemammals.in/submit-record/25-08-2025-IMG-20250222-WA0007.jpg,https://www.marinemammals.in/submit-record/25-08-2025-IMG-20250222-WA0008.jpg,",,,,,,,2,1,2,MMI-10.10.25,15.35177717,73.88481822,NA,NA,,NA,,,
NA,122,20,2,2025,Goa,Indo-Pacific finless porpoise,Indo-Pacific finless porpoise,"15.51111952442086,73.76461225208433","Code 3, pale",Sandy tourist beach; stranded at night,,"https://www.marinemammals.in/submit-record/25-08-2025-IMG-20250221-WA0001.jpg,",,,,,,,3,4,6,MMI-10.10.25,15.51111952,73.76461225,NA,NA,,NA,,,
NA,123,18,2,2025,Goa,Indo-Pacific finless porpoise,Indo-Pacific finless porpoise,"15.368668780055957,73.83442537777101",Code 3,Sandy tourist beach,,"https://www.marinemammals.in/submit-record/25-08-2025-IMG-20250218-WA0003.jpg,",,,,,,,4,4,6,MMI-10.10.25,15.36866878,73.83442538,NA,NA,,NA,,,
NA,124,15,2,2025,Goa,Indian Ocean humpback dolphin,Humpback dolphin,"15.56084430762063,73.74899359259032","Adult, fresh",Tourist beach,,"https://www.marinemammals.in/submit-record/25-08-2025-IMG-20250215-WA0002.jpg,https://www.marinemammals.in/submit-record/25-08-2025-IMG-20250215-WA0003.jpg,https://www.marinemammals.in/submit-record/25-08-2025-IMG-20250215-WA0004.jpg,",,,,,,SA,2,0.5,1,MMI-10.10.25,15.56084431,73.74899359,NA,NA,,NA,,,
NA,127,12,2,2025,Goa,Indian Ocean humpback dolphin,Humpback dolphin,"15.688877041242549,73.70234547141114","Code 2, many teeth missing. Sex undetermined",Sandy tourist beach,,"https://www.marinemammals.in/submit-record/25-08-2025-IMG-20250212-WA0004.jpg,",,,,,,,4,5,8,MMI-10.10.25,15.68887704,73.70234547,NA,NA,,NA,,,
NA,128,12,2,2025,Goa,Indo-Pacific finless porpoise,Indo-Pacific finless porpoise,"15.350452873412992,73.88550486557617",Adult male with most skin peeled off; time of death seems at least 2-3 days ago,Toursit beach,,"https://www.marinemammals.in/submit-record/25-08-2025-IMG-20250212-WA0005.jpg,https://www.marinemammals.in/submit-record/25-08-2025-IMG-20250212-WA0006.jpg,https://www.marinemammals.in/submit-record/25-08-2025-IMG-20250212-WA0007.jpg,https://www.marinemammals.in/submit-record/25-08-2025-IMG-20250212-WA0008.jpg,",,,,,,,3,2,4,MMI-10.10.25,15.35045287,73.88550487,NA,NA,,NA,,,
NA,129,12,2,2025,Goa,Indian Ocean humpback dolphin,Humpback dolphin,"15.511998259055202,73.7644084041992","large adult, heavily decomposed (Code 4)",Tourist beach,,"https://www.marinemammals.in/submit-record/25-08-2025-IMG-20250212-WA0009.jpg,https://www.marinemammals.in/submit-record/25-08-2025-IMG-20250212-WA0010.jpg,",,,,,,,4,4,6,MMI-10.10.25,15.51199826,73.7644084,NA,NA,,NA,,,
NA,132,8,2,2025,Goa,Indo-Pacific finless porpoise,Indo-Pacific finless porpoise,"15.222707516068455,73.92918754433593","Slightly bloated, code 3. Appears to be a juvenile. Sex undetermined.",Tourist beach,,"https://www.marinemammals.in/submit-record/25-08-2025-IMG-20250208-WA0004.jpg,https://www.marinemammals.in/submit-record/25-08-2025-IMG-20250208-WA0005.jpg,",,,,,,,3,2,4,MMI-10.10.25,15.22270752,73.92918754,NA,NA,,NA,,,
NA,133,7,2,2025,Goa,Indian Ocean humpback dolphin,Humpback dolphin,"15.255283294941428,73.9192884458496","Heavily decomposed (code 4), likely adult male",Tourist beach,,"https://www.marinemammals.in/submit-record/25-08-2025-IMG-20250207-WA0003.jpg,https://www.marinemammals.in/submit-record/25-08-2025-IMG-20250207-WA0004.jpg,",,,,,,,4,5,9,MMI-10.10.25,15.25528329,73.91928845,NA,NA,,NA,,,
NA,134,7,2,2025,Goa,Indian Ocean humpback dolphin,Humpback dolphin,"15.203456053793202,73.93360340104982","Heavily decomposed, code 4",Tourist beach,,"https://www.marinemammals.in/submit-record/25-08-2025-IMG-20250207-WA0006.jpg,",,,,,,,4,6,9,MMI-10.10.25,15.20345605,73.9336034,NA,NA,,NA,,,
NA,135,6,2,2025,Goa,Indo-Pacific finless porpoise,Indo-Pacific finless porpoise,"15.389879579743482, 73.80680182255628","Advance stage of decomposition (code 3) with gut and tongue swollen, skin torn off",Tourist beach,,"https://www.marinemammals.in/submit-record/25-08-2025-IMG-20250207-WA0001.jpg,https://www.marinemammals.in/submit-record/25-08-2025-IMG-20250207-WA0002.jpg,",,,,,,,3,2,4,MMI-10.10.25,15.38987958,73.80680182,NA,NA,,NA,,,
NA,138,4,2,2025,Goa,Indian Ocean humpback dolphin,Humpback dolphin,"15.332764245015328,73.89411179941405",Slightly bloated (perhaps died 1-2 days ago); scrape-like marks seen on the snout. Adult Male,Sandy tourist beach,,"https://www.marinemammals.in/submit-record/25-08-2025-IMG-20250205-WA0001.jpg,https://www.marinemammals.in/submit-record/25-08-2025-IMG-20250205-WA0003.jpg,https://www.marinemammals.in/submit-record/25-08-2025-IMG-20250205-WA0003.jpg,",,,,,M,A,2,1,2,MMI-10.10.25,15.33276425,73.8941118,NA,NA,,NA,,,
NA,140,24,1,2025,Goa,Indian Ocean humpback dolphin,Humpback dolphin,"15.573624085549149,73.74074440361326","Condition code-2; male humpback dolphin, looks slightly bloated","Anjuna beach, North Goa; Puja Mitra",,"https://www.marinemammals.in/submit-record/29-01-2025-Anjuna 7.jpeg,https://www.marinemammals.in/submit-record/29-01-2025-Anjuna 6.jpeg,https://www.marinemammals.in/submit-record/29-01-2025-Anjuna 5.jpeg,https://www.marinemammals.in/submit-record/29-01-2025-Anjuna 4.jpeg,https://www.marinemammals.in/submit-record/29-01-2025-Anjuna 3.jpeg,https://www.marinemammals.in/submit-record/29-01-2025-Anjuna 2.jpeg,https://www.marinemammals.in/submit-record/29-01-2025-Anjuna 1.jpeg,",,,,,M,,3,2,3,MMI-10.10.25,15.57362409,73.7407444,NA,NA,,NA,,,
NA,141,22,1,2025,Goa,Indian Ocean humpback dolphin,Humpback dolphin,,,,,,,,,,,,3,2,4,Whatsapp - 11.10.25,15.3904876,73.80690703,NA,NA,,NA,,,
NA,143,10,1,2025,Goa,Indo-Pacific finless porpoise,Indo-Pacific finless porpoise,"15.104806693476997,73.924836067984",Code 4 - buried at site. no samples. adult animal. rope on the tail - ribs expopsed near the flipper - carcass open around the ribs.. ,found by lifeguard Yamanappa,,"https://www.marinemammals.in/submit-record/11-01-2025-WhatsApp Image 2025-01-11 at 20.22.48 (1).jpeg,https://www.marinemammals.in/submit-record/11-01-2025-WhatsApp Image 2025-01-11 at 20.22.48.jpeg,",,,,,,,,NA,NA,MMI-10.10.25,15.10480669,73.92483607,NA,NA,,NA,,,
NA,145,5,12,2024,Goa,Indo-Pacific finless porpoise,Indo-Pacific finless porpoise,"15.186921, 73.937753",code 3 adult finless porpoise. there seem to be small circular patches near the flipper - could be blunt trauma,stranded dead on the cavelossim beach,,"https://www.marinemammals.in/submit-record/11-01-2025-WhatsApp Image 2025-01-11 at 20.38.51.jpeg,https://www.marinemammals.in/submit-record/11-01-2025-WhatsApp Image 2025-01-11 at 20.38.52.jpeg,",,,,,,,3,2,3,MMI-06.10.25,15.186921,73.937753,NA,NA,,NA,,,
NA,146,4,12,2024,Goa,Indo-Pacific finless porpoise,Indo-Pacific finless porpoise,"15.156449714559345,73.94528027912904",fresh carcass; bleeding anal opening. circular white spots between flippers ventrally; injured tail fluke ,stranded dead on the beach,,"https://www.marinemammals.in/submit-record/11-01-2025-WhatsApp Image 2025-01-11 at 20.38.49.jpeg,https://www.marinemammals.in/submit-record/11-01-2025-WhatsApp Image 2025-01-11 at 20.38.49 (1).jpeg,",,,,,,,2,1,3,MMI-06.10.25,15.15644971,73.94528028,NA,NA,,NA,,,
NA,147,4,12,2024,Goa,Indo-Pacific finless porpoise,Indo-Pacific finless porpoise,"15.203929260306657,73.93345262750853","fresh carcass with only some skin peeling at tail stock, flipper, anal region",Found stranded on the Zalor beach. Found by lifeguards,,"https://www.marinemammals.in/submit-record/11-01-2025-WhatsApp Image 2025-01-11 at 20.38.50 (1).jpeg,https://www.marinemammals.in/submit-record/11-01-2025-WhatsApp Image 2025-01-11 at 20.38.50.jpeg,",,,,,,,2,1,3,MMI-06.10.25,15.20392926,73.93345263,NA,NA,,NA,,,
NA,149,12,11,2024,Goa,Indian Ocean humpback dolphin,Humpback dolphin,"15.222510848014371,73.92845720994261","Code 3 male adult. the throat seems to have a scar around it ventrally seen clotting on throat region; injuries on lower jaw, dorsally ripped with digestive tract exposed. penis exposed. beak wide open. ",stranded on the Varca beach,,"https://www.marinemammals.in/submit-record/11-01-2025-WhatsApp Image 2025-01-11 at 21.43.40.jpeg,https://www.marinemammals.in/submit-record/11-01-2025-WhatsApp Image 2025-01-11 at 21.43.41.jpeg,",,,,,,,3,2,4,MMI-06.10.25,15.22251085,73.92845721,NA,NA,,NA,,,
NA,151,10,11,2024,Goa,Indo-Pacific finless porpoise,Indo-Pacific finless porpoise,"15.177663, 73.940193","code 3 - fluke and flippers have decomposed, hemorrhage on several parts of the body - could have blunt trauma. has a circular mark around its neck . ",reported by lifeguard at the beach,,"https://www.marinemammals.in/submit-record/11-01-2025-WhatsApp Image 2025-01-11 at 21.44.45.jpeg,https://www.marinemammals.in/submit-record/11-01-2025-WhatsApp Image 2025-01-11 at 21.44.46.jpeg,",,,,,,,3,2,4,MMI-06.10.25,15.177663,73.940193,NA,NA,,NA,,,
NA,152,8,11,2024,Goa,Indo-Pacific finless porpoise,Indo-Pacific finless porpoise,,,,,,,,,,,,2,0.5,1,Whatsapp - 11.10.25,15.31145652,73.90148065,NA,NA,,NA,,,
NA,153,4,11,2024,Goa,Indian Ocean humpback dolphin,Humpback dolphin,,,,,,,,,,F,A,2,1,2,Whatsapp - 11.10.25,15.24884893,73.92088648,NA,NA,,NA,,,
NA,154,4,11,2024,Goa,Indo-Pacific finless porpoise,Indo-Pacific finless porpoise,,,,,,,,,,,,4,4,6,Whatsapp - 11.10.25,15.22303589,73.92816343,NA,NA,,NA,,,
NA,155,1,11,2024,Goa,Indian Ocean humpback dolphin,Humpback dolphin,,,,,,,,,,,C,2,0.5,1,Whatsapp - 11.10.25,15.24884893,73.92088648,NA,NA,,NA,,,
NA,157,27,10,2024,Goa,Indian Ocean humpback dolphin,Humpback dolphin,,,,,,,,,,,C,2,1,2,Whatsapp - 11.10.25,15.27976895,73.91194528,NA,NA,,NA,,,
NA,158,23,10,2024,Goa,Indo-Pacific finless porpoise,Indo-Pacific finless porpoise,,,,,,,,,,,,3,3,5,Whatsapp - 11.10.25,15.27976895,73.91194528,NA,NA,,NA,,,
NA,159,22,10,2024,Goa,Indo-Pacific finless porpoise,Indo-Pacific finless porpoise,,,,,,,,,,,,2,1,2,Whatsapp - 11.10.25,15.29374857,73.90747058,NA,NA,,NA,,,
NA,160,22,10,2024,Goa,Indo-Pacific finless porpoise,Indo-Pacific finless porpoise,,,,,,,,,,,,2,1,2,Whatsapp - 11.10.25,15.24884893,73.92088648,NA,NA,,NA,,,
NA,163,5,10,2024,Goa,Indo-Pacific finless porpoise,Indo-Pacific finless porpoise,,,,,,,,,,,,3,2,4,Whatsapp - 11.10.25,15.27976895,73.91194528,NA,NA,,NA,,,
NA,167,28,9,2024,Goa,Indo-Pacific finless porpoise,Indo-Pacific finless porpoise,,,,,,,,,,,,5,8,12,Whatsapp - 11.10.25,15.36994827,73.83303144,NA,NA,,NA,,,Code 5
NA,169,28,9,2024,Goa,Indian Ocean humpback dolphin,Humpback dolphin,,,,,,,,,,,,4,4,6,Whatsapp - 11.10.25,15.33253002,73.89376488,NA,NA,,NA,,,
NA,171,20,9,2024,Goa,Indian Ocean humpback dolphin,Humpback dolphin,,,,,,,,,,,,2,1,2,Whatsapp - 11.10.25,15.54493271,73.7549767,NA,NA,,NA,,,
NA,172,15,9,2024,Goa,Indo-Pacific finless porpoise,Indo-Pacific finless porpoise,,,,,,,,,,,C,4,7,10,Whatsapp - 11.10.25,15.16859563,73.94232229,NA,NA,,NA,,,
NA,174,12,9,2024,Goa,Indian Ocean humpback dolphin,Humpback dolphin,,,,,,,,,,,SA,2,1,2,Whatsapp - 11.10.25,15.5612067,73.74873617,NA,NA,,NA,,,
NA,177,10,9,2024,Goa,Indian Ocean humpback dolphin,Humpback dolphin,"15.2209348,73.9290015","Condition code- 3; head, snout and one of the flippers (only 1 flipper is visible in the images) are covered with rake marks","Varca beach, Goa; Puja Mitra (source person)",,"https://www.marinemammals.in/submit-record/10-09-2024-Varca Image 2024-09-10 at 08.00.18.jpeg,https://www.marinemammals.in/submit-record/10-09-2024-Varca 1 Image 2024-09-10 at 08.00.18.jpeg,https://www.marinemammals.in/submit-record/10-09-2024-Varca 3 Image 2024-09-10 at 08.00.18.jpeg,https://www.marinemammals.in/submit-record/10-09-2024-Varca 4 Image 2024-09-10 at 08.00.19.jpeg,https://www.marinemammals.in/submit-record/10-09-2024-Varca 5 Image 2024-09-10 at 08.00.19.jpeg,",,,,,,SA,2,1,2,MMI-06.10.25,15.2209348,73.9290015,NA,NA,,NA,,,
NA,178,10,9,2024,Goa,Indian Ocean humpback dolphin,Humpback dolphin,"15.171499265300557,73.94161668370353",Condition code- 3; internal organs have spilled out and skin sloughed off ,"Cavelossim beach, Goa; Puja Mitra (source person)",,"https://www.marinemammals.in/submit-record/10-09-2024-cavelossim Image 2024-09-10 at 13.23.35.jpeg,",,,,,,,4,4,6,MMI-06.10.25,15.17149927,73.94161668,NA,NA,,NA,,,
NA,179,10,9,2024,Goa,Indian Ocean humpback dolphin,Humpback dolphin,"15.573348085163401,73.74086913525875",Condition code- 3; slightly bloated,"Anjuna beach, Goa; Puja Mitra (source person)",,"https://www.marinemammals.in/submit-record/10-09-2024-anjuna Image 2024-09-10 at 15.08.02.jpeg,",,,,,,SA,3,3,6,MMI-06.10.25,15.57334809,73.74086914,NA,NA,,NA,,,
NA,180,9,9,2024,Goa,Indian Ocean humpback dolphin,Humpback dolphin,"15.043761733272243,73.98566306083892",Condition code- 3; bloated and an injury in the belly is seen.,"Agonda beach, Goa; Puja Mitra (source person)",,"https://www.marinemammals.in/submit-record/09-09-2024-agonda 1 Image 2024-09-09 at 11.38.41.jpeg,https://www.marinemammals.in/submit-record/09-09-2024-agonda 2 Image 2024-09-09 at 11.38.41.jpeg,https://www.marinemammals.in/submit-record/09-09-2024-agonda 3 Image 2024-09-09 at 11.39.37.jpeg,",,,,,M,C,2,0.5,1,MMI-06.10.25,15.04376173,73.98566306,NA,NA,,NA,,,
NA,181,9,9,2024,Goa,Indo-Pacific finless porpoise,Indo-Pacific finless porpoise,"15.354383109693226,73.88339565452691","Condition code-3; Length- 132cm, Breadth- 27cm and sunburnt","Velsao beach, Goa; Puja Mitra (source person)",,"https://www.marinemammals.in/submit-record/09-09-2024-velsao 1 Image 2024-09-09 at 14.11.58.jpeg,https://www.marinemammals.in/submit-record/09-09-2024-velsao 2 Image 2024-09-09 at 14.11.58.jpeg,https://www.marinemammals.in/submit-record/09-09-2024-velsao 3 Image 2024-09-09 at 14.11.59.jpeg,",,,,,F,,3,2,3,MMI-06.10.25,15.35438311,73.88339565,NA,NA,,NA,,,
NA,182,6,9,2024,Goa,Indo-Pacific finless porpoise,Indo-Pacific finless porpoise,"15.156418939000751,73.94504044827119",Condition code- 2; has rake marks over the body,"Mobor beach, Goa; Puja Mitra (source person)",,"https://www.marinemammals.in/submit-record/06-09-2024-Mobor 1 Image 2024-09-06 at 08.12.19.jpeg,https://www.marinemammals.in/submit-record/06-09-2024-Mobor 2 Image 2024-09-06 at 08.12.20.jpeg,https://www.marinemammals.in/submit-record/06-09-2024-Mobor 3 Image 2024-09-06 at 08.12.20.jpeg,",,,,,,,2,0.5,1,MMI-06.10.25,15.15641894,73.94504045,NA,NA,,NA,,,
NA,186,29,8,2024,Goa,Indian Ocean humpback dolphin,Humpback dolphin,"15.36970329528652,73.83324520580446",Condition code- 4; Length-121 cm and Breadth-34 cm. Sunburnt and skin's sloughed off.,"Bogmalo Beach, south Goa; Dipani Sutaria (source person)",,"https://www.marinemammals.in/submit-record/29-08-2024-Varca 1 Image 2024-08-29 at 14.43.25.jpeg,https://www.marinemammals.in/submit-record/29-08-2024-Varca 2 Image 2024-08-29 at 14.43.26.jpeg,",,,,,,,2,2,3,MMI-06.10.25,15.3697033,73.83324521,NA,NA,,NA,,,
NA,187,29,8,2024,Goa,Indian Ocean humpback dolphin,Humpback dolphin,"15.643548646133834,73.71757416137696",Condition Code-4; internal organs spilled out from the ventral side and some marks are observed on the head.,"Ashwem beach, north Goa; Dipani Sutaria (source person)",,"https://www.marinemammals.in/submit-record/29-08-2024-Ashwem Image 2024-08-29 at 17.26.23.jpeg,https://www.marinemammals.in/submit-record/29-08-2024-Ashwem 1 Image 2024-08-29 at 17.26.23.jpeg,https://www.marinemammals.in/submit-record/29-08-2024-Ashwem 2 2024-08-29 at 17.26.24.jpeg,https://www.marinemammals.in/submit-record/29-08-2024-Ashwem 4 Image 2024-08-29 at 17.26.24.jpeg,https://www.marinemammals.in/submit-record/29-08-2024-Ashwem 3 Image 2024-08-29 at 17.26.24.jpeg,",,,,,,,2,2,3,MMI-06.10.25,15.64354865,73.71757416,NA,NA,,NA,,,
NA,188,29,8,2024,Goa,Indo-Pacific finless porpoise,Indo-Pacific finless porpoise,"15.685241156723134,73.70328960898438",Condition code- 2,"Arambol beach, north Goa; Dipani Sutaria (source person)",,"https://www.marinemammals.in/submit-record/29-08-2024-arambol Image 2024-08-29 at 19.25.11.jpeg,https://www.marinemammals.in/submit-record/29-08-2024-arambol 1 Image 2024-08-29 at 19.25.11.jpeg,",,,,,,,2,0.5,1,MMI-06.10.25,15.68524116,73.70328961,NA,NA,,NA,,,
NA,189,28,8,2024,Goa,Indian Ocean humpback dolphin,Humpback dolphin,"15.220084338408597,73.9291876428833",Condition code-4; skin is almost sloughed off and sunburnt. Pectoral fins and fluke are missing.,"Varca beach, south Goa; Dipani Sutaria (source person)",,"https://www.marinemammals.in/submit-record/29-08-2024-Varca 3 Image 2024-08-29 at 14.43.46.jpeg,https://www.marinemammals.in/submit-record/29-08-2024-Varca 4 Image 2024-08-29 at 14.43.47.jpeg,https://www.marinemammals.in/submit-record/29-08-2024-Varca 5 Image 2024-08-29 at 14.43.47.jpeg,",,,,,F,,3,5,7,MMI-06.10.25,15.22008434,73.92918764,NA,NA,,NA,,,
NA,193,25,8,2024,Goa,Indian Ocean humpback dolphin,Humpback dolphin,"14.977988071349262,74.04178546745912",Condition code: 4; the dolphin carcass appears putrefied and slightly bloated.  ,"Talpona beach, South Goa; Puja Mitra (source person)",,"https://www.marinemammals.in/submit-record/27-08-2024-00010152-PHOTO-2024-08-25-11-22-14.jpg,",,,,,M,A,4,4,6,MMI-06.10.25,14.97798807,74.04178547,NA,NA,,NA,,,
NA,195,19,8,2024,Goa,Indian Ocean humpback dolphin,Humpback dolphin,"15.334011675749727,73.89296825974121",Condition code- 3; the animal has rake marks and is sunburnt and bloated. Individual is a male since the penis can be seen and has all the teeth intact. ,"Arrosim beach, South Goa; Puja Mitra (source person)",,"https://www.marinemammals.in/submit-record/28-08-2024-Arrisom Image 2024-08-19 at 13.26.08  1.jpeg,https://www.marinemammals.in/submit-record/28-08-2024-Arrisom Image 2024-08-19 at 13.26.08 2.jpeg,https://www.marinemammals.in/submit-record/28-08-2024-arrisom Image 2024-08-19 at 13.26.09 3.jpeg,https://www.marinemammals.in/submit-record/28-08-2024-arrisom Image 2024-08-19 at 13.26.09 4.jpeg,",,,,,M,A,3,2,3,MMI-06.10.25,15.33401168,73.89296826,NA,NA,,NA,,,
NA,197,16,8,2024,Goa,Indian Ocean humpback dolphin,Humpback dolphin,"15.56235329714597,73.74815674337768","Condition code: 4, the species was identified as Indian Ocean Humpback dolphin. The dolphin's internal organs had come out from the genital region and the body appears decayed.  ","Baga creek, North Goa; Puja Mitra (source person ) ",,"https://www.marinemammals.in/submit-record/27-08-2024-00010136-PHOTO-2024-08-16-17-49-30.jpg,",,,,,,A,3,3,4,MMI-06.10.25,15.5623533,73.74815674,NA,NA,,NA,,,
NA,198,13,8,2024,Goa,Indian Ocean humpback dolphin,Humpback dolphin,"15.208156415058284,73.93218719468996","Conditio code- 2; length is 120cm. The individual is a new born and has fetal curves and intense rake marks all over the body, more concentrated in the head and snout region.","Zalor beach, south Goa; Puja Mitra (source person)",,"https://www.marinemammals.in/submit-record/28-08-2024-WhatsApp Image 2024-08-13 at 12.19.37.jpeg,https://www.marinemammals.in/submit-record/28-08-2024-WhatsApp Image 2024-08-13 at 12.19.38 (1).jpeg,https://www.marinemammals.in/submit-record/28-08-2024-WhatsApp Image 2024-08-13 at 12.19.38 (2).jpeg,https://www.marinemammals.in/submit-record/28-08-2024-WhatsApp Image 2024-08-13 at 12.19.38.jpeg,",,,,,,C,2,0.5,1,MMI-06.10.25,15.20815642,73.93218719,NA,NA,,NA,,,
NA,199,9,8,2024,Goa,Indo-Pacific finless porpoise,Indo-Pacific finless porpoise,"15.002638889172617,74.02718484693287",Condition code- 4; internal organs spilled out through a slit on the ventral side ,"Colomb beach, South Goa; Puja Mitra (source person)",,"https://www.marinemammals.in/submit-record/29-08-2024-Image 2024-08-09 at 13.17.25 colomb.jpeg,https://www.marinemammals.in/submit-record/29-08-2024-WhatsApp Image 2024-08-09 at 13.17.25 colomb.jpeg,",,,,,,A,3,2,3,MMI-06.10.25,15.00263889,74.02718485,NA,NA,,NA,,,
NA,200,7,8,2024,Goa,Indian Ocean humpback dolphin,Humpback dolphin,"15.292595281716762,73.90773853806762","Condition code- 2; animal was around 1mt in length, fetal curves and vibrissal pits can be seen. ","Betalbetim beach, South goa; Puja Mitra (source person)",,"https://www.marinemammals.in/submit-record/28-08-2024-00010045-PHOTO-2024-08-07-15-39-39.jpg,",,,,,,C,2,0.5,1,MMI-06.10.25,15.29259528,73.90773854,NA,NA,,NA,,,
NA,201,6,8,2024,Goa,Indo-Pacific finless porpoise,Indo-Pacific finless porpoise,"15.499169662019403,73.76733383065377",Condition code- 2; skin sloughed off from the ventral side,"Sinquerim beach, Candolim, Goa; Puja Mitra (source person)",,"https://www.marinemammals.in/submit-record/30-08-2024-Candolim Image 2024-08-06 at 18.00.11.jpeg,https://www.marinemammals.in/submit-record/30-08-2024-candolim 1 Image 2024-08-06 at 18.00.11.jpeg,https://www.marinemammals.in/submit-record/30-08-2024-candolim 2 Image 2024-08-06 at 18.00.28.jpeg,",,,,,,C,2,0.5,1,MMI-06.10.25,15.49916966,73.76733383,NA,NA,,NA,,,
NA,203,27,7,2024,Goa,Indo-Pacific finless porpoise,Indo-Pacific finless porpoise,"15.250879759035922,73.92052682275391",Condition code- 4; fluke seems to be injured,"Benaulim beach, Goa; Puja Mitra (source person)",,"https://www.marinemammals.in/submit-record/30-08-2024-Benaulim 1 Image 2024-08-30 at 19.19.31.jpeg,https://www.marinemammals.in/submit-record/30-08-2024-Benaulim 2 Image 2024-07-27 at 07.36.03.jpeg,",,,,,,,3,2,3,MMI-06.10.25,15.25087976,73.92052682,NA,NA,,NA,,,
NA,204,26,7,2024,Goa,Indo-Pacific finless porpoise,Indo-Pacific finless porpoise,"15.280769602836944,73.91157454066163",Condition code-4; the pectoral fins and fluke are missing. Individual could be a male.,"Colva beach, south Goa; Puja Mitra (source person)",,"https://www.marinemammals.in/submit-record/30-08-2024-colva Image 2024-07-26 at 07.44.19.jpeg,https://www.marinemammals.in/submit-record/30-08-2024-colva 1 Image 2024-07-26 at 07.44.20.jpeg,",,,,,,,3,2,3,MMI-06.10.25,15.2807696,73.91157454,NA,NA,,NA,,,
NA,208,17,7,2024,Goa,Indo-Pacific finless porpoise,Indo-Pacific finless porpoise,"15.5179749,73.76261219999999",Condition code-3; skin sloughing off and the individual is a male (penis can be seen) ,"Candolim beach, north Goa; Puja Mitra (source person)",,"https://www.marinemammals.in/submit-record/01-09-2024-candolim Image 2024-07-17 at 09.48.43.jpeg,",,,,,,,2,1,3,MMI-06.10.25,15.5179749,73.7626122,NA,NA,,NA,,,
NA,210,9,7,2024,Goa,Indian Ocean humpback dolphin,Humpback dolphin,"15.333353248911955,73.89331403981171",Condition code-4; internal organs have spilled out,"Arossim beach, south Goa; Puja Mitra (source person)",,"https://www.marinemammals.in/submit-record/01-09-2024-arossim 1 Image 2024-07-09 at 16.21.57.jpeg,https://www.marinemammals.in/submit-record/01-09-2024-arossim Image 2024-07-09 at 16.21.57.jpeg,",,,,,,,,NA,NA,MMI-06.10.25,15.33335325,73.89331404,NA,NA,,NA,,,
NA,213,26,6,2024,Goa,Indian Ocean humpback dolphin,Humpback dolphin,"15.544688235665541,73.75451484760742","Condition code-4; skin has peeled off, bloated and the internal organs were spilled out. The individual is a male.","Calangute beach, Goa; Puja Mitra (source person)",,"https://www.marinemammals.in/submit-record/03-09-2024-calangute Image 2024-06-26 at 09.27.28.jpeg,https://www.marinemammals.in/submit-record/03-09-2024-calangute Image 2024-06-26 at 09.27.27.jpeg,https://www.marinemammals.in/submit-record/03-09-2024-calangute Image 2024-06-26 at 09.22.07.jpeg,",,,,,,C,3,2,4,MMI-06.10.25,15.54468824,73.75451485,NA,NA,,NA,,,
NA,215,23,6,2024,Goa,Indian Ocean humpback dolphin,Humpback dolphin,"15.251224095622064,73.92041467082521","Condition code-4; teeth are intact, slightly bloated.","Benaulim beach, Goa; Puja Mitra (source person)",,"https://www.marinemammals.in/submit-record/03-09-2024-00009858-PHOTO-2024-06-23-17-49-35.jpg,https://www.marinemammals.in/submit-record/03-09-2024-00009859-PHOTO-2024-06-23-17-49-36.jpg,",,,,,,,3,2,4,MMI-06.10.25,15.2512241,73.92041467,NA,NA,,NA,,,
NA,216,21,6,2024,Goa,Indian Ocean humpback dolphin,Humpback dolphin,"15.669937463552294,73.70858978228148",Condition code-5,"Mandrem beach, Goa; Puja Mitra (source person)",,"https://www.marinemammals.in/submit-record/03-09-2024-mandrem Image 2024-06-21 at 17.16.32.jpeg,",,,,,,,3,3,5,MMI-06.10.25,15.66993746,73.70858978,NA,NA,,NA,,,
NA,218,11,6,2024,Goa,Indian Ocean humpback dolphin,Humpback dolphin,"15.250736138839688,73.92057644362069","Condition code- 3; skin has sloughed off, the individual is a male","Benaulim beach, Goa; Puja Mitra (source person)",,"https://www.marinemammals.in/submit-record/04-09-2024-benaulim 1 Image 2024-06-11 at 18.21.46.jpeg,https://www.marinemammals.in/submit-record/04-09-2024-benaulim Image 2024-06-11 at 18.21.45.jpeg,",,,,,M,SA,3,2,3,MMI-06.10.25,15.25073614,73.92057644,NA,NA,,NA,,,
NA,223,21,5,2024,Goa,Indo-Pacific finless porpoise,Indo-Pacific finless porpoise,"15.171500452818725,73.94161705216695",Condition code- 3; bloated and skin sloughed off.,"Cavelossim beach, Goa; Puja Mitra (source person)",,"https://www.marinemammals.in/submit-record/05-09-2024-cavilossim Image 2024-05-21 at 17.11.23.jpeg,",,,,,,,3,2,3,MMI-06.10.25,15.17150045,73.94161705,NA,NA,,NA,,,
NA,228,1,5,2024,Goa,Indian Ocean humpback dolphin,Humpback dolphin,"15.292618172337464,73.90774598924342","Condition code- 4; sunburnt, skin sloughed off, bloated and tail fluke missing","Betalbetim beach, Goa; Puja Mitra (source person)",,"https://www.marinemammals.in/submit-record/11-09-2024-Betalbetim 1 Image 2024-09-10 at 22.57.54.jpeg,https://www.marinemammals.in/submit-record/11-09-2024-Betalbetim 2 Image 2024-09-10 at 22.57.54.jpeg,https://www.marinemammals.in/submit-record/11-09-2024-Betalbetim 3 Image 2024-09-10 at 22.57.54.jpeg,https://www.marinemammals.in/submit-record/11-09-2024-Betalbetim 4 Image 2024-09-10 at 22.57.55.jpeg,",,,,,,,3,3,5,MMI-06.10.25,15.29261817,73.90774599,NA,NA,,NA,,,
NA,230,30,4,2024,Goa,Indo-Pacific finless porpoise,Indo-Pacific finless porpoise,"15.309638157850962,73.90158087758788",Code 4. Fluke missing,"Majorda beach, South Goa. Reported by Goa stranding network.",,"https://www.marinemammals.in/submit-record/07-05-2024-WhatsApp Image 2024-04-30 at 08.15.35_0f70fc62.jpg,https://www.marinemammals.in/submit-record/07-05-2024-WhatsApp Image 2024-04-30 at 08.15.36_979e9cd5.jpg,",,,,,,,4,4,7,MMI-06.10.25,15.30963816,73.90158088,NA,NA,,NA,,,
NA,233,19,4,2024,Goa,Indo-Pacific finless porpoise,Indo-Pacific finless porpoise,"15.21831750994582,73.92949616708984",Code 4,"Varca Beach, South Goa. Reported by Goa stranding network",,"https://www.marinemammals.in/submit-record/06-05-2024-WhatsApp Image 2024-04-19 at 08.17.22_b3d7be90.jpg,",,,,,,,3,3,5,MMI-06.10.25,15.21831751,73.92949617,NA,NA,,NA,,,
NA,234,19,4,2024,Goa,Indo-Pacific finless porpoise,Indo-Pacific finless porpoise,"15.206603443855156,73.9325734327881",Code 3,"Zalor beach, South Goa. Reported by Goa stranding network",,"https://www.marinemammals.in/submit-record/06-05-2024-WhatsApp Image 2024-04-19 at 11.46.20_5360388b.jpg,https://www.marinemammals.in/submit-record/06-05-2024-WhatsApp Image 2024-04-19 at 11.46.21_e3287ab0.jpg,",,,,,,,2,1,2,MMI-06.10.25,15.20660344,73.93257343,NA,NA,,NA,,,
NA,235,19,4,2024,Goa,Indo-Pacific finless porpoise,Indo-Pacific finless porpoise,"15.218814434347818,73.92983948984374",Code 2,"Varca beach, South Goa. Reported by Goa stranding network",,"https://www.marinemammals.in/submit-record/06-05-2024-WhatsApp Image 2024-04-19 at 11.51.42_fb543f11.jpg,https://www.marinemammals.in/submit-record/06-05-2024-WhatsApp Image 2024-04-19 at 11.51.43_b617859f.jpg,",,,,,,C,2,0.5,1,MMI-06.10.25,15.21881443,73.92983949,NA,NA,,NA,,,
NA,236,19,4,2024,Goa,Indo-Pacific finless porpoise,Indo-Pacific finless porpoise,"15.219808279634378,73.92898118295898",Code 3,"Varca beach, South Goa. Reported by Goa stranding network",,"https://www.marinemammals.in/submit-record/06-05-2024-WhatsApp Image 2024-04-19 at 18.08.24_e41e0d58.jpg,https://www.marinemammals.in/submit-record/06-05-2024-WhatsApp Image 2024-04-19 at 18.08.24_f06bcc55.jpg,",,,,,,,4,6,8,MMI-06.10.25,15.21980828,73.92898118,NA,NA,,NA,,,
NA,237,18,4,2024,Goa,Indo-Pacific finless porpoise,Indo-Pacific finless porpoise,"15.041851390279602,73.98651935606692",Code 3. Fluke missing,"Agonda beach, South Goa. Reported by Goa stranding network.",,"https://www.marinemammals.in/submit-record/06-05-2024-WhatsApp Image 2024-04-18 at 19.26.21_7a9602c7.jpg,",,,,,,,4,3,7,MMI-06.10.25,15.04185139,73.98651936,NA,NA,,NA,,,
NA,239,17,4,2024,Goa,Indo-Pacific finless porpoise,Indo-Pacific finless porpoise,"14.964023610840593,74.04733699731446",Code 3 ,"Galgibaga beach, South Goa. Reported by Goa stranding network.",,"https://www.marinemammals.in/submit-record/06-05-2024-WhatsApp Image 2024-04-17 at 14.29.48_50486dab.jpg,https://www.marinemammals.in/submit-record/06-05-2024-WhatsApp Image 2024-04-17 at 14.29.47_bf69e5a2.jpg,",,,,,,,4,5,7,MMI-06.10.25,14.96402361,74.047337,NA,NA,,NA,,,
NA,243,7,4,2024,Goa,Indo-Pacific finless porpoise,Indo-Pacific finless porpoise,,,,,,,,,,,,3,2,3,Whatsapp - 11.10.25,15.64009083,73.71864797,NA,NA,,NA,,,
NA,244,28,3,2024,Goa,Indo-Pacific finless porpoise,Indo-Pacific finless porpoise,"15.103110016250978,73.92666546381834",It was a pregnant female. Code-3.,"Canguinim beach, Goa 

Report by Goa Stranding Network",,"https://www.marinemammals.in/submit-record/05-05-2024-WhatsApp Image 2024-05-01 at 9.07.18 AM.jpeg,",,,,,F,A,2,1,2,MMI-06.10.25,15.10311002,73.92666546,NA,NA,,NA,,,
NA,247,21,3,2024,Goa,Indian Ocean humpback dolphin,Humpback dolphin,"15.043716403297799,73.9857039645264",code -4,"Agonda, south Goa.

Reported by Goa Stranding Network",,"https://www.marinemammals.in/submit-record/05-05-2024-WhatsApp Image 2024-05-01 at 9.07.13 AM (1).jpeg,https://www.marinemammals.in/submit-record/05-05-2024-WhatsApp Image 2024-05-01 at 9.07.12 AM (2).jpeg,",,,,,M,A,4,5,8,MMI-06.10.25,15.0437164,73.98570396,NA,NA,,NA,,,
NA,250,19,3,2024,Goa,Indian Ocean humpback dolphin,Humpback dolphin,"14.962478472766387,74.04710842216797","Galgibaga, south Goa",code-2,,"https://www.marinemammals.in/submit-record/04-05-2024-WhatsApp Image 2024-05-01 at 9.07.09 AM (1).jpeg,https://www.marinemammals.in/submit-record/04-05-2024-WhatsApp Image 2024-05-01 at 9.07.09 AM.jpeg,https://www.marinemammals.in/submit-record/04-05-2024-WhatsApp Image 2024-05-01 at 9.07.08 AM (1).jpeg,",,,,,,SA,2,1,2,MMI-06.10.25,14.96247847,74.04710842,NA,NA,,NA,,,
NA,251,17,3,2024,Goa,Indian Ocean humpback dolphin,Humpback dolphin,"15.2039116,73.93471920000002","code - 3
","Zalor beach , south Goa.

Reported by Goa Stranding Network",,"https://www.marinemammals.in/submit-record/04-05-2024-WhatsApp Image 2024-05-01 at 9.07.04 AM.jpeg,https://www.marinemammals.in/submit-record/04-05-2024-WhatsApp Image 2024-05-01 at 9.07.04 AM (1).jpeg,https://www.marinemammals.in/submit-record/04-05-2024-WhatsApp Image 2024-05-01 at 9.07.05 AM.jpeg,",,,,,,,3,2,3,MMI-06.10.25,15.2039116,73.9347192,NA,NA,,NA,,,
NA,252,17,3,2024,Goa,Indo-Pacific finless porpoise,Indo-Pacific finless porpoise,"15.22146467802264,73.92923867502441",code-3,"Varca beach, south Goa.

Reported by Goa Stranding Network.",,"https://www.marinemammals.in/submit-record/04-05-2024-WhatsApp Image 2024-05-01 at 9.07.08 AM.jpeg,https://www.marinemammals.in/submit-record/04-05-2024-WhatsApp Image 2024-05-01 at 9.07.07 AM (1).jpeg,https://www.marinemammals.in/submit-record/04-05-2024-WhatsApp Image 2024-05-01 at 9.07.07 AM.jpeg,https://www.marinemammals.in/submit-record/04-05-2024-WhatsApp Image 2024-05-01 at 9.07.06 AM.jpeg,",,,,,,,3,2,3,MMI-06.10.25,15.22146468,73.92923868,NA,NA,,NA,,,
NA,253,16,3,2024,Goa,Indian Ocean humpback dolphin,Humpback dolphin,"15.6437966,73.71740249999999","Code 2 
The female dolphin measured 6.3ft in length. Its tailed had been cut off. ","Ashvem, north Goa.

Reported by Goa Stranding Network",,"https://www.marinemammals.in/submit-record/01-05-2024-WhatsApp Image 2024-05-01 at 9.07.02 AM.jpeg,https://www.marinemammals.in/submit-record/01-05-2024-WhatsApp Image 2024-05-01 at 9.07.02 AM (1).jpeg,https://www.marinemammals.in/submit-record/01-05-2024-WhatsApp Image 2024-05-01 at 9.07.03 AM.jpeg,",,,,,M,SA,2,0.5,1,MMI-06.10.25,15.6437966,73.7174025,NA,NA,,NA,,,
NA,254,15,3,2024,Goa,Indian Ocean humpback dolphin,Humpback dolphin,"15.5012802,73.77146429999999","Code 2, small sized animal, injuries on the front of the body. looks like blunt trauma.","Sinquerim beach, north Goa.

Reported by Goa stranding network",,"https://www.marinemammals.in/submit-record/01-05-2024-WhatsApp Image 2024-05-01 at 9.07.01 AM.jpeg,https://www.marinemammals.in/submit-record/01-05-2024-WhatsApp Image 2024-05-01 at 9.07.00 AM.jpeg,https://www.marinemammals.in/submit-record/01-05-2024-WhatsApp Image 2024-05-01 at 9.06.59 AM.jpeg,https://www.marinemammals.in/submit-record/01-05-2024-WhatsApp Image 2024-05-01 at 9.06.57 AM.jpeg,",,,,,,,3,1,3,MMI-06.10.25,15.5012802,73.7714643,NA,NA,,NA,,,
NA,257,10,3,2024,Goa,Indo-Pacific humpback dolphin,Humpback dolphin,"15.145983740518755,73.94840619993896",Code 4,"Betul Beach, Goa. 

Reported by Goa Stranding Network

",,"https://www.marinemammals.in/submit-record/01-05-2024-WhatsApp Image 2024-05-01 at 9.06.49 AM.jpeg,",,,,,M,SA,3,2,4,MMI-06.10.25,15.14598374,73.9484062,NA,NA,,NA,,,
NA,258,4,3,2024,Goa,Indian Ocean humpback dolphin,Humpback dolphin,"15.4652086,73.8049327",Code -4,"Carenzalem beach, North Goa. Reported by Drishti Marine Lifeguards and Goa stranding network",,"https://www.marinemammals.in/submit-record/29-04-2024-WhatsApp Image 2024-04-29 at 5.08.00 PM.jpeg,",,,,,,,3,3,5,MMI-06.10.25,15.4652086,73.8049327,NA,NA,,NA,,,
NA,259,23,2,2024,Goa,Indian Ocean humpback dolphin,Humpback dolphin,,,,,,,,,,,,3,2,3,Whatsapp - 11.10.25,15.27976895,73.91194528,NA,NA,,NA,,,
NA,260,23,2,2024,Goa,Spinner dolphin,Spinner dolphin,,,,,,,,,,,,,NA,NA,Whatsapp - 11.10.25,15.22303589,73.92816343,NA,NA,,NA,,,Calf
NA,262,17,2,2024,Goa,Indian Ocean humpback dolphin,Humpback dolphin,,,,,,,,,,,,3,2,3,Whatsapp - 11.10.25,15.20610432,73.93266907,NA,NA,,NA,,,
NA,263,15,2,2024,Goa,Indian Ocean humpback dolphin,Humpback dolphin,,,,,,,,,,,,3,2,4,Whatsapp - 11.10.25,15.5612067,73.74873617,NA,NA,,NA,,,
NA,266,11,2,2024,Goa,Indo-Pacific finless porpoise,Indo-Pacific finless porpoise,,,,,,,,,,,,4,6,9,Whatsapp - 11.10.25,15.31942492,73.89851757,NA,NA,,NA,,,
NA,267,8,2,2024,Goa,Indo-Pacific finless porpoise,Indo-Pacific finless porpoise,,,,,,,,,,,,3,4,6,Whatsapp - 11.10.25,15.29374857,73.90747058,NA,NA,,NA,,,
NA,269,5,2,2024,Goa,Indo-Pacific finless porpoise,Indo-Pacific finless porpoise,,,,,,,,,,,,2,1,2,Whatsapp - 11.10.25,15.3522628,73.88472786,NA,NA,,NA,,,
NA,271,29,1,2024,Goa,Indo-Pacific finless porpoise,Indo-Pacific finless porpoise,,,,,,,,,,,,3,3,4,Whatsapp - 11.10.25,15.31942492,73.89851757,NA,NA,,NA,,,
NA,272,28,1,2024,Goa,Indo-Pacific finless porpoise,Indo-Pacific finless porpoise,,,,,,,,,,,,3,3,4,Whatsapp - 11.10.25,15.00970492,74.02350093,NA,NA,,NA,,,
NA,274,28,1,2024,Goa,Indian Ocean humpback dolphin,Humpback dolphin,,,,,,,,,,M,SA,3,2,4,Whatsapp - 11.10.25,15.04260833,73.98591921,NA,NA,,NA,,,
NA,276,20,1,2024,Goa,Indian Ocean humpback dolphin,Humpback dolphin,,,,,,,,,,M,A,3,3,5,Whatsapp - 11.10.25,15.5612067,73.74873617,NA,NA,,NA,,,
NA,277,19,1,2024,Goa,Indo-Pacific finless porpoise,Indo-Pacific finless porpoise,,,,,,,,,,,A,3,3,5,Whatsapp - 11.10.25,15.17691976,73.9396314,NA,NA,,NA,,,
NA,281,16,12,2023,Goa,Indo-Pacific finless porpoise,Indo-Pacific finless porpoise,,,,,,,,,,,,3,3,4,Whatsapp - 11.10.25,15.29374857,73.90747058,NA,NA,,NA,,,
NA,283,6,12,2023,Goa,Indian Ocean humpback dolphin,Humpback dolphin,,,,,,,,,,,,5,30,60,Whatsapp - 11.10.25,15.36998047,73.86239535,NA,NA,,NA,,,Skeletal remains
NA,284,5,12,2023,Goa,Indian Ocean humpback dolphin,Humpback dolphin,,,,,,,,,,,,4,5,7,Whatsapp - 11.10.25,15.33277835,73.89363613,NA,NA,,NA,,,
NA,285,23,11,2023,Goa,Indo-Pacific finless porpoise,Indo-Pacific finless porpoise,,,,,,,,,,,,2,0.5,1,Whatsapp - 11.10.25,15.24884893,73.92088648,NA,NA,,NA,,,
NA,287,21,11,2023,Goa,Indo-Pacific finless porpoise,Indo-Pacific finless porpoise,,,,,,,,,,,,3,2,4,Whatsapp - 11.10.25,15.36994827,73.83303144,NA,NA,,NA,,,
NA,289,9,11,2023,Goa,Indian Ocean humpback dolphin,Humpback dolphin,,,,,,,,,,F,A,2,0.5,1,Whatsapp - 11.10.25,15.20610432,73.93266907,NA,NA,,NA,,,
NA,290,7,11,2023,Goa,Indian Ocean humpback dolphin,Humpback dolphin,,,,,,,,,,,,3,2,4,Whatsapp - 11.10.25,15.1571974,73.94493185,NA,NA,,NA,,,
NA,293,1,11,2023,Goa,Indian Ocean humpback dolphin,Humpback dolphin,,,,,,,,,,,,3,2,3,Whatsapp - 11.10.25,15.49931807,73.76740638,NA,NA,,NA,,,
NA,299,15,10,2023,Goa,Indian Ocean humpback dolphin,Humpback dolphin,,,,,,,,,,,,,NA,NA,Whatsapp - 11.10.25,15.31145652,73.90148065,NA,NA,,NA,,,
NA,300,12,10,2023,Goa,Indian Ocean humpback dolphin,Humpback dolphin,,,,,,,,,,F,A,2,1,2,Whatsapp - 11.10.25,15.1571974,73.94493185,NA,NA,,NA,,,
NA,304,18,9,2023,Goa,Indian Ocean humpback dolphin,Humpback dolphin,,,,,,,,,,,,4,6,8,Whatsapp - 11.10.25,15.04260833,73.98591921,NA,NA,,NA,,,
NA,306,17,9,2023,Goa,Indian Ocean humpback dolphin,Humpback dolphin,,,,,,,,,,,,4,6,9,Whatsapp - 11.10.25,15.35284217,73.8845562,NA,NA,,NA,,,
NA,308,16,9,2023,Goa,Indo-Pacific finless porpoise,Indo-Pacific finless porpoise,,,,,,,,,,,,3,2,3,Whatsapp - 11.10.25,15.27976895,73.91194528,NA,NA,,NA,,,
NA,311,16,9,2023,Goa,Indo-Pacific finless porpoise,Indo-Pacific finless porpoise,,,,,,,,,,,,3,3,5,Whatsapp - 11.10.25,NA,NA,NA,NA,,NA,,,
NA,312,16,9,2023,Goa,Indo-Pacific finless porpoise,Indo-Pacific finless porpoise,,,,,,,,,,,,3,2,4,Whatsapp - 11.10.25,15.27976895,73.91194528,NA,NA,,NA,,,
NA,313,15,9,2023,Goa,Indian Ocean humpback dolphin,Humpback dolphin,,,,,,,,,,,C,3,2,3,Whatsapp - 11.10.25,15.64009083,73.71864797,NA,NA,,NA,,,
NA,314,15,9,2023,Goa,Indo-Pacific finless porpoise,Indo-Pacific finless porpoise,,,,,,,,,,,,2,1,2,Whatsapp - 11.10.25,15.20610432,73.93266907,NA,NA,,NA,,,
NA,315,15,9,2023,Goa,Indian Ocean humpback dolphin,Humpback dolphin,,,,,,,,,,M,,3,2,3,Whatsapp - 11.10.25,15.49931807,73.76740638,NA,NA,,NA,,,
NA,316,12,9,2023,Goa,Indian Ocean humpback dolphin,Humpback dolphin,,,,,,,,,,,,3,2,4,Whatsapp - 11.10.25,15.24884893,73.92088648,NA,NA,,NA,,,
NA,318,10,9,2023,Goa,Indian Ocean humpback dolphin,Humpback dolphin,"15.6598034,73.7429006",Length: 150 cm; Breadth: 65 cm,"Mandrem, Goa",,"https://www.marinemammals.in/submit-record/22-05-2024-WhatsApp Image 2024-05-22 at 13.37.44.jpeg,",,,,,,,3,3,5,MMI-06.10.25,15.6598034,73.7145,NA,NA,,NA,,,
NA,319,10,9,2023,Goa,Indo-Pacific finless porpoise,Indo-Pacific finless porpoise,"15.1854285,73.94724649999999",Code 2,"Cavellosim beach, South Goa",,"https://www.marinemammals.in/submit-record/22-05-2024-WhatsApp Image 2024-05-22 at 14.29.46 (1).jpeg,",,,,,,,2,0.5,1,MMI-06.10.25,15.1854285,73.9373,NA,NA,,NA,,,
NA,320,10,9,2023,Goa,Indian Ocean humpback dolphin,Humpback dolphin,"15.0455814,73.9888797",na,"Agonda beach, South Goa",,"https://www.marinemammals.in/submit-record/22-05-2024-WhatsApp Image 2024-05-22 at 14.29.46.jpeg,",,,,,,,3,2,4,MMI-06.10.25,15.0455814,73.9888797,NA,NA,,NA,,,
NA,322,5,9,2023,Goa,Indian Ocean humpback dolphin,Humpback dolphin,"15.3224409,73.9063931",na,na,,"https://www.marinemammals.in/submit-record/22-05-2024-WhatsApp Image 2024-05-22 at 13.03.09.jpeg,",,,,,,,3,2,4,MMI-06.10.25,15.3224409,73.8979,NA,NA,,NA,,,
NA,323,26,8,2023,Goa,Indo-Pacific finless porpoise,Indo-Pacific finless porpoise,,,,,,,,,,,,4,4,6,Whatsapp - 11.10.25,15.1571974,73.94493185,NA,NA,,NA,,,
NA,324,26,8,2023,Goa,Indian Ocean humpback dolphin,Humpback dolphin,,,,,,,,,,,,3,3,5,Whatsapp - 11.10.25,15.64009083,73.71864797,NA,NA,,NA,,,
NA,325,24,8,2023,Goa,Indo-Pacific finless porpoise,Indo-Pacific finless porpoise,,,,,,,,,,,,2,0.5,1,Whatsapp - 11.10.25,15.35284217,73.8845562,NA,NA,,NA,,,
NA,326,23,8,2023,Goa,Indian Ocean humpback dolphin,Humpback dolphin,,,,,,,,,,,,2,1,3,Whatsapp - 11.10.25,14.97856949,74.04153968,NA,NA,,NA,,,
NA,327,22,8,2023,Goa,Indian Ocean humpback dolphin,Humpback dolphin,,,,,,,,,,,,2,1,3,Whatsapp - 11.10.25,14.93503211,74.0468047,NA,NA,,NA,,,
NA,329,19,8,2023,Goa,Indo-Pacific finless porpoise,Indo-Pacific finless porpoise,,,,,,,,,,,,2,1,3,Whatsapp - 11.10.25,15.5112819,73.76456269,NA,NA,,NA,,,
NA,331,17,8,2023,Goa,Indian Ocean humpback dolphin,Humpback dolphin,,,,,,,,,,,,3,3,5,Whatsapp - 11.10.25,15.16859563,73.94232229,NA,NA,,NA,,,
NA,332,16,8,2023,Goa,Indian Ocean humpback dolphin,Humpback dolphin,,,,,,,,,,,C,2,0.5,1,Whatsapp - 11.10.25,15.35284217,73.8845562,NA,NA,,NA,,,
NA,334,13,8,2023,Goa,Indian Ocean humpback dolphin,Humpback dolphin,,,,,,,,,,,SA,3,2,4,Whatsapp - 11.10.25,15.61701216,73.73286086,NA,NA,,NA,,,
NA,335,13,8,2023,Goa,Indo-Pacific finless porpoise,Indo-Pacific finless porpoise,,,,,,,,,,,,3,2,3,Whatsapp - 11.10.25,15.61701216,73.73286086,NA,NA,,NA,,,Newborn
NA,336,11,8,2023,Goa,Indian Ocean humpback dolphin,Humpback dolphin,,,,,,,,,,,C,1,0.5,1,Whatsapp - 11.10.25,15.64229724,73.71800347,NA,NA,,NA,,,
NA,337,8,8,2023,Goa,Indian Ocean humpback dolphin,Humpback dolphin,,,,,,,,,,M,C,2,1,2,Whatsapp - 11.10.25,15.29374857,73.90747058,NA,NA,,NA,,,
NA,338,4,8,2023,Goa,Indian Ocean humpback dolphin,Humpback dolphin,,,,,,,,,,,,3,2,3,Whatsapp - 11.10.25,15.20610432,73.93266907,NA,NA,,NA,,,Many rake marks
NA,342,17,7,2023,Goa,Indo-Pacific finless porpoise,Indo-Pacific finless porpoise,,,,,,,,,,,A,2,1,3,Whatsapp - 11.10.25,15.20610432,73.93266907,NA,NA,,NA,,,
NA,343,16,7,2023,Goa,Indian Ocean humpback dolphin,Humpback dolphin,,,,,,,,,,M,A,3,2,3,Whatsapp - 11.10.25,15.22303589,73.92816343,NA,NA,,NA,,,
NA,344,10,7,2023,Goa,Indian Ocean humpback dolphin,Humpback dolphin,,,,,,,,,,F,A,2,0.5,1,Whatsapp - 11.10.25,15.68401252,73.70335385,NA,NA,,NA,,,Boat Propeller cuts
NA,349,15,6,2023,Goa,Indo-Pacific finless porpoise,Indo-Pacific finless porpoise,,,,,,,,,,,,3,2,4,Whatsapp - 11.10.25,15.22303589,73.92816343,NA,NA,,NA,,,
NA,351,4,6,2023,Goa,Indian Ocean humpback dolphin,Humpback dolphin,,,,,,,,,,,,4,5,7,Whatsapp - 11.10.25,15.28593581,73.91021673,NA,NA,,NA,,,
NA,352,4,6,2023,Goa,Indian Ocean humpback dolphin,Humpback dolphin,,,,,,,,,,,,4,5,7,Whatsapp - 11.10.25,15.22533912,73.92742781,NA,NA,,NA,,,
NA,353,2,6,2023,Goa,Indo-Pacific finless porpoise,Indo-Pacific finless porpoise,"15.573768774663492,73.7406800305969",code 3; all other info with FD ,"stranded on Anjuna beach, north goa. reported by life guard. Reefwatch conducted necropsy",,"https://www.marinemammals.in/submit-record/13-05-2024-WhatsApp Image 2024-05-12 at 17.03.15.jpeg,",,,,,,,3,2,4,MMI-06.10.25,15.57376877,73.74068003,NA,NA,,NA,,,
NA,356,22,4,2023,Goa,Indian Ocean humpback dolphin,Humpback dolphin,"15.391164324598778,73.80687953121337",Code 3,Baina beach,,"http://www.marinemammals.in/submit-record/22-09-2023-IMG-20230422-WA0000.jpg,",,,,,,,3,3,6,MMI-06.10.25,15.39116432,73.80687953,NA,NA,,NA,,,
NA,357,20,4,2023,Goa,Indian Ocean humpback dolphin,Humpback dolphin,"15.1031826,73.9255111",Code 3,Cabo de Rama beach,,"http://www.marinemammals.in/submit-record/22-09-2023-IMG-20230421-WA0002.jpg,",,,,,,,3,3,5,MMI-06.10.25,15.1031826,73.9255111,NA,NA,,NA,,,
NA,358,17,4,2023,Goa,Indian Ocean humpback dolphin,Humpback dolphin,"15.1715011,73.941493",Code 3 - a young animal of apprx 1m. has fetal curves,Cavelossim beach,,"http://www.marinemammals.in/submit-record/22-09-2023-IMG-20230417-WA0002.jpg,http://www.marinemammals.in/submit-record/22-09-2023-IMG-20230417-WA0003.jpg,",,,,,M,C,3,1,2,MMI-06.10.25,15.1715011,73.941493,NA,NA,,NA,,,
NA,360,15,4,2023,Goa,Indo-Pacific finless porpoise,Indo-Pacific finless porpoise,"15.2209348,73.9290015",Code 3 - male porpoise with circular scars and injury near flipper.,Varca beach,,"http://www.marinemammals.in/submit-record/22-09-2023-IMG-20230415-WA0000.jpg,",,,,,,,3,3,5,MMI-06.10.25,15.2209348,73.9290015,NA,NA,,NA,,,
NA,362,13,4,2023,Goa,Indo-Pacific finless porpoise,Indo-Pacific finless porpoise,"15.291756945792793,73.90813267607422",Code 3 - female adult,Betalbetim beach,,"http://www.marinemammals.in/submit-record/22-09-2023-IMG-20230413-WA0002.jpg,http://www.marinemammals.in/submit-record/22-09-2023-IMG-20230413-WA0003.jpg,http://www.marinemammals.in/submit-record/22-09-2023-IMG-20230413-WA0004.jpg,",,,,,,,3,2,4,MMI-06.10.25,15.29175695,73.90813268,NA,NA,,NA,,,
NA,363,13,4,2023,Goa,Indo-Pacific finless porpoise,Indo-Pacific finless porpoise,"15.250848706028536,73.92061265344239",Code 3 - male dolphin bloated injuries,Benaulim beach,,"http://www.marinemammals.in/submit-record/22-09-2023-IMG-20230413-WA0005.jpg,",,,,,,,3,2,3,MMI-06.10.25,15.25084871,73.92061265,NA,NA,,NA,,,
NA,364,12,4,2023,Goa,Indo-Pacific finless porpoise,Indo-Pacific finless porpoise,"15.332122472067438,73.8938975131836",Code 3,"Arossim beach, South Goa",,"http://www.marinemammals.in/submit-record/22-09-2023-IMG-20230412-WA0002.jpg,",,,,,,,3,2,3,MMI-06.10.25,15.33212247,73.89389751,NA,NA,,NA,,,
NA,365,9,4,2023,Goa,Indian Ocean humpback dolphin,Humpback dolphin,"15.29198940364158, 73.90798566962329","Code 2, Juveline","Betalbetim beach, south goa",,"http://www.marinemammals.in/submit-record/22-09-2023-IMG-20230409-WA0008.jpg,http://www.marinemammals.in/submit-record/22-09-2023-IMG-20230409-WA0009.jpg,",,,,,M,C,3,2,3,MMI-06.10.25,15.2919894,73.90798567,NA,NA,,NA,,,
NA,366,9,4,2023,Goa,Indo-Pacific finless porpoise,Indo-Pacific finless porpoise,"15.3544232,73.88386369999999",Code 3. SUnburnt carcass,"Velsao point 3, South Goa",,"http://www.marinemammals.in/submit-record/22-09-2023-IMG-20230409-WA0011.jpg,",,,,,,,3,3,5,MMI-06.10.25,15.3544232,73.8838637,NA,NA,,NA,,,
NA,367,9,4,2023,Goa,Indo-Pacific finless porpoise,Indo-Pacific finless porpoise,"15.20728984958847,73.93262889259033","Code 2, juveline",Zalor beach,,"http://www.marinemammals.in/submit-record/22-09-2023-IMG-20230409-WA0019.jpg,",,,,,,,2,0.5,1,MMI-06.10.25,15.20728985,73.93262889,NA,NA,,NA,,,
NA,368,9,4,2023,Goa,Indo-Pacific finless porpoise,Indo-Pacific finless porpoise,"15.318253762880698,73.89926327724612","Code 3, juveline ",Uttroda Beach,,"http://www.marinemammals.in/submit-record/22-09-2023-IMG-20230409-WA0020.jpg,",,,,,,,4,5,8,MMI-06.10.25,15.31825376,73.89926328,NA,NA,,NA,,,
NA,369,7,4,2023,Goa,Indian Ocean humpback dolphin,Humpback dolphin,"15.28286082153912,73.91120952539063",Code 3,"Colva beach , south goa",,"http://www.marinemammals.in/submit-record/22-09-2023-IMG-20230407-WA0001.jpg,http://www.marinemammals.in/submit-record/22-09-2023-IMG-20230407-WA0002.jpg,",,,,,M,A,3,3,5,MMI-06.10.25,15.28286082,73.91120953,NA,NA,,NA,,,
NA,376,15,3,2023,Goa,Indo-Pacific finless porpoise,Indo-Pacific finless porpoise,"15.335717508451625,73.89267728459471",code 3,Arossim beach,,"https://www.marinemammals.in/submit-record/23-04-2024-WhatsApp Image 2024-04-23 at 14.28.40.jpeg,",,,,,,,4,6,8,MMI-06.10.25,15.33571751,73.89267728,NA,NA,,NA,,,
1300,393,1,2,2023,Goa,Indo-Pacific finless porpoise,Indo-Pacific finless porpoise,,,,,,,"15.2080559703965, 73.9322641093706",,,,,2,0.5,1,Whatsapp,15.20805597,73.93226411,16,FALSE,,11,FALSE,,
1298,396,22,1,2023,Goa,Indian Ocean humpback dolphin,Humpback dolphin,,,,,,,"15.6681747639402, 73.7095647025134",,,M,A,3,2,5,Whatsapp,15.66817476,73.7095647,19,FALSE,,14,FALSE,,
1295,399,10,1,2023,Goa,Indian Ocean humpback dolphin,Humpback dolphin,,,,,,,"15.2206556228463, 73.9290222348459",,,F,A,2,0.5,1,Whatsapp,15.22065562,73.92902223,22,FALSE,,17,FALSE,,
1723,402,28,11,2022,Goa,Indo-Pacific finless porpoise,Indo-Pacific finless porpoise,"15.3297, 73.89486",highly decomposed,,,http://www.marinemammals.in/submit-record/13-12-2022-Arossim beach 2022-11-28 at 3.57.09 PM.jpeg,,,,,,SA,2,0.5,1,MMI-later,15.3297,73.89486,24,FALSE,,19,FALSE,,
1724,404,27,11,2022,Goa,Indo-Pacific finless porpoise,Indo-Pacific finless porpoise,"15.24289, 73.92251",decomposed,,,http://www.marinemammals.in/submit-record/13-12-2022-Benaulim2 2022-11-27 at 7.54.11 AM.jpeg http://www.marinemammals.in/submit-record/13-12-2022-Benaulim 2022-11-27 at 7.53.50 AM.jpeg,,,,,,,3,2,3,MMI-later,15.24289,73.92251,26,FALSE,,20,TRUE,"18, 19",
1726,407,25,11,2022,Goa,Indo-Pacific finless porpoise,Indo-Pacific finless porpoise,"15.1702, 73.94184","Carcass stranded in highly decomposed state, code 4",,,http://www.marinemammals.in/submit-record/13-12-2022-Cavellosim 2022-11-25 at 10.48.42 AM.jpeg http://www.marinemammals.in/submit-record/13-12-2022-Cavellosim1 2022-11-25 at 11.20.14 AM.jpeg http://www.marinemammals.in/submit-record/13-12-2022-Cavellosim,,,,,M,,2,0.5,1,MMI-later,15.1702,73.94184,29,FALSE,,22,TRUE,"18, 19, 20, 21",
1730,414,17,11,2022,Goa,Indian Ocean humpback dolphin,Humpback dolphin,"15.20309, 73.9337",Highly decomposed with jaw exposed - code 5,,,http://www.marinemammals.in/submit-record/13-12-2022-Zalor 2022-11-17 at 10.47.39 AM.jpeg http://www.marinemammals.in/submit-record/13-12-2022-Zalor1 2022-11-17 at 10.47.39 AM.jpeg http://www.marinemammals.in/submit-record/13-12-2022-Zalor3 2022-11-17 at,,,,,,,4,5,7,MMI-later,15.20309,73.9337,36,FALSE,,27,FALSE,,
1738,429,20,10,2022,Goa,Indo-Pacific finless porpoise,Indo-Pacific finless porpoise,"15.29599, 73.90645","adult carcass washed shore code 3, no other data available with us, please check with reefwatch foundation,",,,http://www.marinemammals.in/submit-record/13-12-2022-Betalbatim 3 2022-10-20 at 4.03.10 PM.jpeg http://www.marinemammals.in/submit-record/13-12-2022-Betalbatim 2 2022-10-20 at 4.03.09 PM.jpeg http://www.marinemammals.in/submit-record/13-12-2022-Betalbati,,,,,,,3,2,4,MMI-later,15.29599,73.90645,51,FALSE,,35,FALSE,,
1740,432,18,10,2022,Goa,Indian Ocean humpback dolphin,Humpback dolphin,"15.3689876098839, 73.8732797071756","Fresh carcass code 3 adult male, no ther data with us, please check with reefwatch",,,http://www.marinemammals.in/submit-record/13-12-2022-Velsao 2 2022-10-18 at 12.23.11 PM.jpeg http://www.marinemammals.in/submit-record/13-12-2022-Velsao 2022-10-18 at 12.23.11 PM.jpeg,,,,,,C,2,1,2,MMI-later,15.36898761,73.87327971,54,FALSE,,37,FALSE,,
1741,433,12,10,2022,Goa,Indian Ocean humpback dolphin,Humpback dolphin,"15.278033092292, 73.9120976759894","code 3 specimen adult, All other info with reefwatch",,,http://www.marinemammals.in/submit-record/13-12-2022-WhatsApp Image 2022-10-13 at 4.34.23 PM.jpeg http://www.marinemammals.in/submit-record/13-12-2022-WhatsApp Image 2022-10-13 at 4.34.24 PM.jpeg,,,,,,,3,4,6,MMI-later,15.27803309,73.91209768,55,FALSE,,38,FALSE,,
1743,437,4,10,2022,Goa,Indian Ocean humpback dolphin,Humpback dolphin,"15.1697725616476, 73.9415659871713","code 3 adult dolphin, all other info with reefwatch",,,http://www.marinemammals.in/submit-record/13-12-2022-WhatsApp Image 2022-10-04 at 10.09.28 AM.jpeg http://www.marinemammals.in/submit-record/13-12-2022-WhatsApp Image 2022-10-04 at 10.09.29 AM.jpeg http://www.marinemammals.in/submit-record/13-12-2022-Wha,,,,,,,2,1,2,MMI-later,15.16977256,73.94156599,59,FALSE,,40,FALSE,,
1744,439,1,10,2022,Goa,Indo-Pacific finless porpoise,Indo-Pacific finless porpoise,"14.9639542059111, 74.0469389992539","finless porpoise calf, malnutrition signs, size: 70cm length, 20cm girth,",,,http://www.marinemammals.in/submit-record/13-12-2022-Galgibag 2022-10-01 at 11.45.34 AM.jpeg http://www.marinemammals.in/submit-record/13-12-2022-WhatsApp Image 2022-10-01 at 11.45.32 AM.jpeg http://www.marinemammals.in/submit-record/13-12-2022-WhatsApp,,,,,,C,2,0.5,1,MMI-later,14.96395421,74.046939,61,FALSE,,41,FALSE,,
1277,442,24,9,2022,Goa,Spinner dolphin,Spinner dolphin,,,,,,,"15.3181510615732, 73.8988148351116",,,,,,NA,NA,Whatsapp,15.31815106,73.89881484,64,FALSE,,43,FALSE,,
1750,451,29,8,2022,Goa,Indian Ocean humpback dolphin,Humpback dolphin,"15.0411980049934, 73.9867306173652",Code 3 adult individual,,,http://www.marinemammals.in/submit-record/29-08-2022-PHOTO-2022-08-29-08-34-34.jpg,,,,,,,3,2,4,MMI-later,15.041198,73.98673062,73,FALSE,,49,FALSE,,
1272,453,19,8,2022,Goa,Indo-Pacific humpback dolphin,Humpback dolphin,,,,,,,"15.2070724228468, 73.9324357707488",,,M,,3,4,6,Whatsapp,15.20707242,73.93243577,75,FALSE,,50,FALSE,,
3,464,17,7,2022,Goa,Indo-Pacific finless porpoise,Indo-Pacific finless porpoise,,,"betalbetim beach, south goa",,,,"15.2894535409185, 73.907621438170815.289453540918565, 73.90762143817086","15.289453540918565, 73.90762143817086",,,C,2,0.5,1,Whatsapp,15.28945354,73.90762144,86,FALSE,,60,FALSE,,
4,467,8,7,2022,Goa,Humpback dolphin,Humpback dolphin,,,"betalbetim beach, south goa",,,,"15.2943560322198, 73.906214977825715.294356032219822, 73.90621497782578","15.294356032219822, 73.90621497782578",,,SA,2,0.5,1,Whatsapp,15.29435603,73.90621498,89,FALSE,,63,FALSE,,
5,468,6,7,2022,Goa,Humpback dolphin,Humpback dolphin,,,Agoda,,,,"15.4905908774076, 73.769839142398515.490590877407694, 73.76983914239855","15.490590877407694, 73.76983914239855",,,SA,2,1,2,Whatsapp,15.49043696,73.76982006,90,FALSE,,64,FALSE,"62, 63",
1765,487,1,6,2022,Goa,Indian Ocean humpback dolphin,Humpback dolphin,"15.3497875946505, 73.8856215859482","code 3 - sandy beach dead stranding,",,,http://www.marinemammals.in/submit-record/16-12-2022-Velsao Goa 2022-06-01 at 4.34.16 PM.jpeg,,,,,,,2,1,2,MMI-later,15.34978759,73.88562159,109,FALSE,,75,FALSE,,
1311,493,25,5,2022,Goa,Indian Ocean humpback dolphin,Humpback dolphin,"15.3317762543607, 73.8936265356465","L:2,85m, W:70cm, adult - code 2",,,http://www.marinemammals.in/submit-record/16-12-2022-Arossim 2022.png,,,,,,,3,3,5,MMI-later,15.33177625,73.89362654,115,FALSE,,80,FALSE,,
1313,496,24,5,2022,Goa,Indo-Pacific finless porpoise,Indo-Pacific finless porpoise,"15.2482039224749, 73.921030548376",Code 3,,,http://www.marinemammals.in/submit-record/16-12-2022-Benaulim Goa 2022-05-24 at 4.47.07 PM.jpeg,,,,,,,,NA,NA,MMI-later,15.24820392,73.92103055,118,FALSE,,82,FALSE,,
1315,500,17,5,2022,Goa,Indian Ocean humpback dolphin,Humpback dolphin,"15.2214880996829, 73.9282829548422","IOHD sub adult washed ashore in code 3 condition,",,,http://www.marinemammals.in/submit-record/16-12-2022-Varca1 2022-05-17 at 7.42.42 AM.jpeg,,,,,,,3,2,4,MMI-later,15.2214881,73.92828295,122,FALSE,,84,FALSE,,
1319,508,30,4,2022,Goa,Indo-Pacific finless porpoise,Indo-Pacific finless porpoise,"14.9968259584089, 74.0331932379956",Code - 3,,,http://www.marinemammals.in/submit-record/16-12-2022-Patnem Goa 2022-04-30 at 8.10.39 AM.jpeg,,,,,,,3,2,4,MMI-later,14.99682596,74.03319324,130,FALSE,,89,FALSE,,
1323,513,24,4,2022,Goa,Indian Ocean humpback dolphin,Humpback dolphin,"15.2910372180581, 73.90761140007",Code-2,,,http://www.marinemammals.in/submit-record/06-01-2023-IMG-20220424-WA0003.jpg,,,,,,,2,1,2,MMI-later,15.29103722,73.9076114,135,FALSE,,93,FALSE,,
27,514,23,4,2022,Goa,Humpback dolphin,Humpback dolphin,,,Benaulim,,,,"15.2621738745887, 73.916412350211515.262173874588795, 73.91641235021153","15.262173874588795, 73.91641235021153",,,SA,4,5,7,Whatsapp,15.26217387,73.91641235,136,FALSE,,94,TRUE,93,
28,515,23,4,2022,Goa,Humpback dolphin,Humpback dolphin,,,Velsao,,,,"15.3538294029447, 73.883720766218115.35382940294479, 73.88372076621813","15.35382940294479, 73.88372076621813",,,SA,4,5,8,Whatsapp,15.3538294,73.88372077,137,FALSE,,95,FALSE,,
29,516,23,4,2022,Goa,Humpback dolphin,Humpback dolphin,,,Zalor,,,,"15.2093190457291, 73.931985159463115.209319045729174, 73.93198515946312","15.209319045729174, 73.93198515946312",,,SA,3,2,4,Whatsapp,15.20931905,73.93198516,138,FALSE,,96,FALSE,,
31,520,11,4,2022,Goa,Humpback dolphin,Humpback dolphin,,,Benaulim,,,,"15.258218752379, 73.917278478617615.25821875237907, 73.91727847861766","15.25821875237907, 73.91727847861766",,,A,3,4,6,Whatsapp,15.25821875,73.91727848,142,FALSE,,100,FALSE,,
36,525,1,4,2022,Goa,Spinner dolphin,Spinner dolphin,,,Zalor beach,,,,"15.2070103038482, 73.932521601224815.207010303848215, 73.9325216012248","15.207010303848215, 73.9325216012248",,,,2,1,2,Whatsapp,15.2070103,73.9325216,147,FALSE,,104,FALSE,,
45,536,23,1,2022,Goa,Spinner dolphin,Spinner dolphin,,,Colva,,,,"15.2726977042145, 73.914123926055215.27269770421452, 73.91412392605528","15.27269770421452, 73.91412392605528",,M,A,3,NA,NA,Whatsapp,15.2726977,73.91412393,158,FALSE,,112,FALSE,,
48,539,6,1,2022,Goa,Humpback dolphin,Humpback dolphin,,,Candolim,,,,"15.5171168663807, 73.762832141122215.5171168663807, 73.76283214112229","15.5171168663807, 73.76283214112229",,,SA,2,1,2,Whatsapp,15.51711687,73.76283214,161,FALSE,,114,FALSE,,
1934,541,7,12,2021,Goa,Finless porpoise,Indo-Pacific finless porpoise,,,,,,,,,,,,,NA,NA,Terra,15.33673,73.89217,163,FALSE,,116,FALSE,,
1933,542,6,12,2021,Goa,Indian Ocean Humpback Dolphin,Humpback dolphin,,,,,,,,,,,,,NA,NA,Terra,15.17504579,73.94061848,164,FALSE,,117,FALSE,,
1932,543,4,12,2021,Goa,Unidentified cetacean,Small-sized delphinid,,,,,,,,,,,,,NA,NA,Terra,15.58349399,73.73679853,165,FALSE,,118,FALSE,,
1329,547,15,11,2021,Goa,Indo-Pacific finless porpoise,Indo-Pacific finless porpoise,"15.5172740927574, 73.7628026202588",Code - 3,,,http://www.marinemammals.in/submit-record/05-01-2023-CandolimBeach Goa-20211115-WA0020.jpg,,,,,,,3,3,5,MMI-later,15.51727409,73.76280262,169,FALSE,,120,FALSE,,
1931,548,8,11,2021,Goa,Indian Ocean Humpback Dolphin,Humpback dolphin,,,,,,,,,,,,,NA,NA,Terra,15.68313,73.70367,170,FALSE,,121,FALSE,,
52,549,8,11,2021,Goa,Indo-Pacific finless porpoise,Indo-Pacific finless porpoise,,,Benaulim,,,,"15.2556562390757, 73.918433316492515.255656239075746, 73.91843331649251","15.255656239075746, 73.91843331649251",,,,4,NA,NA,Whatsapp,15.25565624,73.91843332,171,FALSE,,122,FALSE,,
53,550,8,11,2021,Goa,Indo-Pacific finless porpoise,Indo-Pacific finless porpoise,,,Colva,,,,"15.2737876654212, 73.913838846087515.273787665421253, 73.91383884608757","15.273787665421253, 73.91383884608757",,,,5,NA,NA,Whatsapp,15.27378767,73.91383885,172,FALSE,,123,FALSE,,
1930,551,6,11,2021,Goa,Indian Ocean Humpback Dolphin,Humpback dolphin,,,,,,,,,,,,,NA,NA,Terra,14.96945,74.0435,173,FALSE,,124,FALSE,,
59,559,2,10,2021,Goa,Spinner dolphin?,Spinner dolphin,,,Varca beach,,,,"15.2200552200015, 73.929097347869415.220055220001521, 73.92909734786943","15.220055220001521, 73.92909734786943",,,,,NA,NA,Whatsapp,15.22005522,73.92909735,181,FALSE,180,129,FALSE,,
1330,561,29,9,2021,Goa,Indian Ocean humpback dolphin,Humpback dolphin,"15.2759657227911, 73.912820754323",Code-4,,,http://www.marinemammals.in/submit-record/06-01-2023-IMG-20210929-WA0006.jpg,,,,,,,3,3,6,MMI-later,15.27596572,73.91282075,183,FALSE,,130,FALSE,,
1331,566,21,9,2021,Goa,Indian Ocean humpback dolphin,Humpback dolphin,"15.1563339053429, 73.9450879451834",Code-4,,,http://www.marinemammals.in/submit-record/05-01-2023-MoborBeach Goa-20210921-WA0012.jpg http://www.marinemammals.in/submit-record/05-01-2023-MoborBeach Goa-20210921-WA0013.jpg,,,,,,,3,3,5,MMI-later,15.15633391,73.94508795,188,FALSE,,134,FALSE,,
64,567,20,9,2021,Goa,Indo-Pacific finless porpoise,Indo-Pacific finless porpoise,,,Benaulim,,,,"15.2523137834445, 73.919819121942315.252313783444512, 73.91981912194233","15.252313783444512, 73.91981912194233",,M,,3,3,5,Whatsapp,15.25231378,73.91981912,189,FALSE,,135,FALSE,,
1333,570,18,9,2021,Goa,Indo-Pacific finless porpoise,Indo-Pacific finless porpoise,"15.3940747229653, 73.8049531904221",length around 4 ft,,,http://www.marinemammals.in/submit-record/19-07-2022-IMG-20210918-WA0005.jpg http://www.marinemammals.in/submit-record/19-07-2022-IMG-20210918-WA0006.jpg,,,,,,C,2,0.5,1,MMI-later,15.39407472,73.80495319,192,FALSE,,137,FALSE,,
1336,576,15,9,2021,Goa,Indian Ocean humpback dolphin,Humpback dolphin,"14.9977015844147, 74.0327215153509","Code-4, a small individual possibly juvenile, melon swollen",,,http://www.marinemammals.in/submit-record/05-01-2023-PatnemBeach Goa-20210915-WA0015.jpg http://www.marinemammals.in/submit-record/05-01-2023-PatnemBeach Goa-20210915-WA0016.jpg http://www.marinemammals.in/submit-record/05-01-2023-PatnemBeach Goa-2021091,,,,,,C,2,0.5,1,MMI-later,14.99770158,74.03272152,198,FALSE,,140,FALSE,,
1339,583,9,9,2021,Goa,Indo-Pacific finless porpoise,Indo-Pacific finless porpoise,"15.27611, 73.9192",length 65 cm,,,http://www.marinemammals.in/submit-record/19-07-2022-IMG-20210909-WA0004.jpg,,,,,,,2,0.5,1,MMI-later,15.27596572,73.91282075,205,FALSE,,145,FALSE,,
1340,585,7,9,2021,Goa,Small-sized delphinid,Small-sized delphinid,"15.35586, 73.887","length 150 cm, width 45 cm, code 3",,,,,,,,,,,NA,NA,MMI-later,15.35505806,73.88297577,207,FALSE,,147,FALSE,,
75,590,3,9,2021,Goa,Indian Ocean humpback dolphin,Humpback dolphin,"15.634896748828, 73.7211365625609","Found dead in the morning around 9:15am, was taken by KCIC and buried,",Morjim point 4 - via Amit and Marissia,,http://www.marinemammals.in/submit-record/08-07-2022-J.33.jpg,,"15.6345, 73.721215.6345, 73.7212","15.6345, 73.7212",,,,2,2,4,MMI,15.6345,73.7212,212,FALSE,,150,FALSE,,
1347,604,19,8,2021,Goa,Indian Ocean humpback dolphin,Humpback dolphin,"14.9605002301276, 74.0484712226865","Code-3, Male",,,http://www.marinemammals.in/submit-record/05-01-2023-GalgibagaBeach Goa-20210819-WA0002.jpg http://www.marinemammals.in/submit-record/05-01-2023-GalgibagaBeach Goa-20210819-WA0003.jpg http://www.marinemammals.in/submit-record/05-01-2023-GalgibagaBeach Go,,,,,,,3,2,4,MMI-later,14.96050023,74.04847122,226,FALSE,,158,FALSE,,
1350,609,11,8,2021,Goa,Indian Ocean humpback dolphin,Humpback dolphin,"15.6841258803617, 73.7033223137634",Code - 2,,,http://www.marinemammals.in/submit-record/05-01-2023-ArambolBeach Goa-20210811-WA0028.jpg http://www.marinemammals.in/submit-record/05-01-2023-ArambolBeach Goa-20210811-WA0029.jpg http://www.marinemammals.in/submit-record/05-01-2023-ArambolBeach Goa-2021,,,,,,,2,0.5,1,MMI-later,15.68412588,73.70332231,231,FALSE,,160,FALSE,,
1352,611,10,8,2021,Goa,Indo-Pacific finless porpoise,Indo-Pacific finless porpoise,,"a just born calf,",,,,,,,,,,,NA,NA,MMI-later,NA,NA,233,FALSE,,161,FALSE,,
1928,612,5,8,2021,Goa,Finless porpoise,Indo-Pacific finless porpoise,,,,,,,,,,,,,NA,NA,Terra,15.51847629,73.76247018,234,FALSE,,162,FALSE,,
88,616,27,7,2021,Goa,Indian Ocean humpback dolphin,Humpback dolphin,"15.3135301639354, 73.8999988114186","Code 3, length 2m; girth 45cm - has a strange deforming with the posterier edge of the dorsal fin /hump extending over the tail stock too, see pictures,",Majorda beach - point 7 via Sarvesh Gawade,,http://www.marinemammals.in/submit-record/08-07-2022-J.29.1.jpg http://www.marinemammals.in/submit-record/08-07-2022-J.29.2.jpg http://www.marinemammals.in/submit-record/08-07-2022-J.29.3.jpg http://www.marinemammals.in/submit-record/08-07-2022-J.29.4.jp,,"15.3131, 73.899815.3131, 73.8998","15.3131, 73.8998",,,,4,4,6,MMI,15.3131,73.8998,238,FALSE,,164,FALSE,,
1927,618,26,7,2021,Goa,Indian Ocean Humpback Dolphin,Humpback dolphin,,,,,,,,,,,,,NA,NA,Terra,15.45545,73.81355,240,FALSE,,165,FALSE,164,
90,619,26,7,2021,Goa,Indo-Pacific finless porpoise,Indo-Pacific finless porpoise,"15.5182908133448, 73.7625039605468","Code 3; approx length 2,5ft",Candolim beach point 6- washed ashore near pine tree shack via Gaurish Gaunekar,,http://www.marinemammals.in/submit-record/08-07-2022-J.27.1.jpg http://www.marinemammals.in/submit-record/08-07-2022-J.27.5.jpg http://www.marinemammals.in/submit-record/08-07-2022-J.27.2.jpg http://www.marinemammals.in/submit-record/08-07-2022-J.27.7.jp,,"15.5183, 73.762515.5183, 73.7625","15.5183, 73.7625",,,,3,2,4,MMI,15.5183,73.7625,241,FALSE,,166,FALSE,,
95,624,25,7,2021,Goa,Indian Ocean humpback dolphin,Humpback dolphin,"15.3497875946505, 73.8856215859482","Code 2 all other details with Manisha , Fishing net in the gut,","Velsao beach,",,http://www.marinemammals.in/submit-record/08-07-2022-PHOTO-2021-07-26-22-06-14.jpg http://www.marinemammals.in/submit-record/08-07-2022-J.24.jpg,,"15.3494, 73.885815.3494, 73.8858","15.3494, 73.8858",,,,2,0.5,1,MMI,15.3494,73.8858,246,FALSE,,169,FALSE,"164, 165, 166, 167, 168",
98,630,12,7,2021,Goa,Indian Ocean humpback dolphin,Humpback dolphin,"15.1573147, 73.9462","Code 2, length: 2,3m and girth: 55cm, female, died due to ingestion of fishing net,",Mobor beach Point 3 via Avdhut,,http://www.marinemammals.in/submit-record/08-07-2022-J.20.9.jpg http://www.marinemammals.in/submit-record/08-07-2022-J.20.3.jpg http://www.marinemammals.in/submit-record/08-07-2022-J.20.13.jpg,,"15.1573147, 73.9462","15.1573147, 73.9462",,M,A,2,1,2,MMI,15.1573147,73.9462,252,FALSE,,171,FALSE,,
102,635,5,7,2021,Goa,Indian Ocean humpback dolphin,Humpback dolphin,"15.2570626, 73.9187","length 1m, girth 1 ft, code 4",benaulim point 5 via Devendra Gaude,,http://www.marinemammals.in/submit-record/08-07-2022-PHOTO-2021-07-05-08-16-02.jpg http://www.marinemammals.in/submit-record/08-07-2022-PHOTO-2021-07-05-08-16-03.jpg,,"15.2570626, 73.9187","15.2570626, 73.9187",,,,3,2,3,MMI,15.2570626,73.9187,257,FALSE,,174,FALSE,,
104,637,2,7,2021,Goa,Indian Ocean humpback dolphin,Humpback dolphin,"14.9735477, 74.0643","Code 3 slight bloating, Female, Bleeding mouth","Galgibag beach via NV, Attended to by Dr Anisha",,http://www.marinemammals.in/submit-record/08-07-2022-PHOTO-2021-07-02-18-37-49.jpg http://www.marinemammals.in/submit-record/08-07-2022-PHOTO-2021-07-02-18-37-51.jpg,,"14.9735477, 74.0643","14.9735477, 74.0643",,,C,2,1,2,MMI,14.96651732,74.04575807,259,FALSE,,175,FALSE,,Remapped
1925,641,22,6,2021,Goa,Humpback Dolphin,Humpback dolphin,,,,,,,,,,,,,NA,NA,Terra,15.45076,73.83778,263,FALSE,,178,FALSE,,
1924,644,20,6,2021,Goa,Humback Dolphin,Humpback dolphin,,,,,,,,,,,,,NA,NA,Terra,15.29255,73.90794,266,FALSE,,180,FALSE,,
109,646,20,6,2021,Goa,Indo-Pacific finless porpoise,Indo-Pacific finless porpoise,"15.5183307, 73.7652","Code 2, Calf, Attended by fd and wl rescuers, Post mortem conducted and buried,","Tower 1, Candolim beach",,http://www.marinemammals.in/submit-record/07-07-2022-J.17.3.jpg,,"15.5183307, 73.7652","15.5183307, 73.7652",,,,2,0.5,1,MMI,15.51801772,73.76257927,268,FALSE,,181,FALSE,,
1922,647,19,6,2021,Goa,Humback Dolphin,Humpback dolphin,,,,,,,,,,,,,NA,NA,Terra,15.64376,73.71776,269,FALSE,,182,FALSE,,
110,648,19,6,2021,Goa,Indian Ocean humpback dolphin,Humpback dolphin,"15.3725855, 73.8448","Code 3, ; length 5ft 10inches, girth 2ft 3inches -",Bogmalo beach via M H Gulabal,,http://www.marinemammals.in/submit-record/08-07-2022-PHOTO-2021-06-19-11-16-42.jpg http://www.marinemammals.in/submit-record/08-07-2022-PHOTO-2021-06-19-15-42-14.jpg,,"15.3725855, 73.8448","15.3725855, 73.8448",,,,4,6,8,MMI,15.36985265,73.8328536,270,FALSE,,183,FALSE,"178, 180, 181, 182",Remapped
1920,649,18,6,2021,Goa,Finless porpoise,Indo-Pacific finless porpoise,,,,,,,,,,,,,NA,NA,Terra,15.29255,73.90794,271,FALSE,,184,FALSE,,
1921,650,18,6,2021,Goa,Finless porpoise,Indo-Pacific finless porpoise,,,,,,,,,,,,,NA,NA,Terra,15.6206,73.73106,272,FALSE,,185,FALSE,,
1918,651,17,6,2021,Goa,Humback Dolphin,Humpback dolphin,,,,,,,,,,,,3,3,5,Terra,15.20768,73.93269,273,FALSE,,186,FALSE,,
1919,652,17,6,2021,Goa,Indian Ocean Humpback Dolphin,Humpback dolphin,,,,,,,,,,,,,NA,NA,Terra,15.6904238,73.70119965,274,FALSE,,187,FALSE,,
113,655,17,6,2021,Goa,Spinner dolphin,Spinner dolphin,"15.6846886, 73.7032","Code 2, Necroposy performed, Forest Department came and later buried",Arambol beach point 6 via Amit,,http://www.marinemammals.in/submit-record/07-07-2022-J.12.2.jpg http://www.marinemammals.in/submit-record/07-07-2022-J.12.4.jpg http://www.marinemammals.in/submit-record/07-07-2022-J.12.3.jpg,,"15.6846886, 73.7032","15.6846886, 73.7032",,,,,NA,NA,MMI,15.6846886,73.7032,277,FALSE,,189,FALSE,"184, 185, 186, 187",
1917,656,15,6,2021,Goa,Finless porpoise,Indo-Pacific finless porpoise,,,,,,,,,,,,2,1,2,Terra,15.51960012,73.76198125,278,FALSE,,190,TRUE,"185, 186, 187, 189",
1915,657,14,6,2021,Goa,Finless porpoise,Indo-Pacific finless porpoise,,,,,,,,,,,,,NA,NA,Terra,15.28448818,73.91045319,279,FALSE,,191,TRUE,"186, 187, 189, 190",
1916,659,14,6,2021,Goa,Indian Ocean Humpback Dolphin,Humpback dolphin,,,,,,,,,,M,,3,2,4,Terra,15.35418426,73.8834957,281,FALSE,,192,FALSE,"187, 189, 190, 191",
115,660,14,6,2021,Goa,Indian Ocean humpback dolphin,Humpback dolphin,"15.1573147, 73.9462",Code 3,Mobor beach via AJ,,http://www.marinemammals.in/submit-record/07-07-2022-Screenshot 2022-07-07 at 4.57.10 PM.png http://www.marinemammals.in/submit-record/07-07-2022-J.5.7.jpg http://www.marinemammals.in/submit-record/07-07-2022-J.5.5.jpg,,"15.1573147, 73.9462","15.1573147, 73.9462",,,,2,1,2,MMI,15.15711512,73.94463731,282,FALSE,,193,TRUE,"189, 190, 191, 192",
117,662,12,6,2021,Goa,Indian Ocean humpback dolphin,Humpback dolphin,"15.4555962, 73.8134","Code 2, Had fishing net in its gut, measurements taken,","Vaiguinim beach,",,http://www.marinemammals.in/submit-record/07-07-2022-Screenshot 2022-07-07 at 4.49.43 PM.png http://www.marinemammals.in/submit-record/07-07-2022-PHOTO-2021-06-12-21-38-41.jpg,,"15.4555962, 73.8134","15.4555962, 73.8134",,,,3,3,5,MMI,15.4555962,73.8134,284,FALSE,,194,TRUE,"190, 191, 192, 193",
119,664,11,6,2021,Goa,Indian Ocean humpback dolphin,Humpback dolphin,"15.545019, 73.75605","Code 4,",Calanguate beach point 5 via Ashwin Ghag,,http://www.marinemammals.in/submit-record/07-07-2022-J.3.jpg,,"15.545019, 73.75605","15.545019, 73.75605",,,,4,6,8,MMI,15.545019,73.75605,286,FALSE,,196,TRUE,"191, 192, 193, 194, 195",
127,678,18,5,2021,Goa,Spinner dolphin,Spinner dolphin,"14.9968861, 74.0335","Length 1,20m juvenile; curved fin; bruising on both sides A clean carcass, although there are a couple of tiny cuts that could be from monofilament but, they seem to be only on one side and not wrapping around the body, so may only be cuts from rocks or",Patnem beach via Vishal B,,http://www.marinemammals.in/submit-record/03-07-2022-P47.jpg http://www.marinemammals.in/submit-record/03-07-2022-P41.jpg http://www.marinemammals.in/submit-record/03-07-2022-P42.jpg http://www.marinemammals.in/submit-record/03-07-2022-P43.jpg http://www,,"14.9968861, 74.0335","14.9968861, 74.0335",,,,,NA,NA,MMI,14.9968861,74.0335,300,FALSE,,206,FALSE,204,
129,681,17,5,2021,Goa,Small-sized delphinid,Small-sized delphinid,"15.5870776, 73.742",Code 4,Anjuna beach via Manisha Reefwatch,,http://www.marinemammals.in/submit-record/03-07-2022-P54.jpg,,"15.5870776, 73.742","15.5870776, 73.742",,,,,NA,NA,MMI,15.58622363,73.73604185,303,FALSE,,207,FALSE,"204, 206",
130,683,13,5,2021,Goa,Indian Ocean humpback dolphin,Humpback dolphin,"14.9780088, 74.0419","adult male, 2,5m",talpona via Major,,http://www.marinemammals.in/submit-record/03-07-2022-P30.jpg http://www.marinemammals.in/submit-record/03-07-2022-P31.jpg http://www.marinemammals.in/submit-record/03-07-2022-P32.jpg http://www.marinemammals.in/submit-record/03-07-2022-P34.jpg http://www,,"14.9780088, 74.0419","14.9780088, 74.0419",,,,3,2,4,MMI,14.9780088,74.0419,305,FALSE,,209,FALSE,,
131,684,9,5,2021,Goa,Indian Ocean humpback dolphin,Humpback dolphin,"15.5870776, 73.742","Code 4 Length 2,5, Breadth 0,6 m Too decomposed for post mortem",Anjuna beach via Umesh,,http://www.marinemammals.in/submit-record/03-07-2022-P28.jpg,,"15.5870776, 73.742","15.5870776, 73.742",,M,A,3,3,5,MMI,15.58622363,73.73604185,306,FALSE,,210,FALSE,,
132,685,5,5,2021,Goa,Indo-Pacific finless porpoise,Indo-Pacific finless porpoise,"15.3371889, 73.9036",length 1m,Arossim point 4 via MH Gulabal,,http://www.marinemammals.in/submit-record/03-07-2022-P27.jpg,,"15.3371889, 73.9036","15.3371889, 73.9036",,,,3,3,4,MMI,15.33540149,73.89242845,307,FALSE,,211,FALSE,,Remapped
133,686,4,5,2021,Goa,Indian Ocean humpback dolphin,Humpback dolphin,"14.9976384, 74.0411",Code 4,"Via Kashinath, Cape de Rama beach",,http://www.marinemammals.in/submit-record/03-07-2022-P26.jpg,,"14.9976384, 74.0411","14.9976384, 74.0411",,,,4,5,7,MMI,14.99531357,74.0341561,308,FALSE,,212,FALSE,,
134,688,1,5,2021,Goa,Indian Ocean humpback dolphin,Humpback dolphin,"15.3522594, 73.8962","2 Dolphins, Code 4 One is 2m and other 1,5m Smelling too much for the lifeguards to go close, buried on Panchayat's orders",Velsao point 2,,http://www.marinemammals.in/submit-record/03-07-2022-P21.jpg,,"15.3522594, 73.8962","15.3522594, 73.8962",,,A,3,2,4,MMI,15.35042823,73.88532503,310,FALSE,,213,FALSE,,Remapped
135,691,29,4,2021,Goa,Indian Ocean humpback dolphin,Humpback dolphin,"15.3522594, 73.8962","Code 3, Length 2,3m",Velsao point 3,,http://www.marinemammals.in/submit-record/03-07-2022-P20.jpg,,"15.3522594, 73.8962","15.3522594, 73.8962",,,,2,1,2,MMI,15.35081774,73.88510245,313,FALSE,,215,FALSE,,Remapped
137,694,25,4,2021,Goa,Indo-Pacific finless porpoise,Indo-Pacific finless porpoise,"15.2196968, 73.9494",Code 4,"Zalor beach, Orlim - reported Via Pinu Velip, Drishti life guards",,http://www.marinemammals.in/submit-record/03-07-2022-P19.jpg,,"15.2196968, 73.9494","15.2196968, 73.9494",,,,4,4,7,MMI,15.21671203,73.92971864,316,FALSE,,217,FALSE,,Remapped
138,695,24,4,2021,Goa,Indo-Pacific finless porpoise,Indo-Pacific finless porpoise,"15.2761178, 73.9192",Code 4,Colva beach- reported by lifeguards Drishti,,http://www.marinemammals.in/submit-record/03-07-2022-P17.jpg,,"15.2761178, 73.9192","15.2761178, 73.9192",,,,4,3,6,MMI,15.27705778,73.91283623,317,FALSE,,218,TRUE,217,
1909,696,20,4,2021,Goa,Indian Ocean Humpback Dolphin,Humpback dolphin,,,,,,,,,,,,,NA,NA,Terra,15.17557103,73.94050592,318,FALSE,,219,FALSE,,
1908,697,18,4,2021,Goa,Indian Ocean Humpback Dolphin,Humpback dolphin,,,,,,,,,,,,,NA,NA,Terra,15.54474857,73.75423306,319,FALSE,,220,FALSE,,
141,702,30,3,2021,Goa,Small-sized delphinid,Small-sized delphinid,,,Patnem beach south goa,,,,"14.9964541111115, 74.033922851699614.99645411111159, 74.03392285169964","14.99645411111159, 74.03392285169964",,,,5,10,15,Whatsapp,14.99645411,74.03392285,324,FALSE,,224,FALSE,,
1906,703,29,3,2021,Goa,Finless porpoise,Indo-Pacific finless porpoise,,,,,,,,,,,,,NA,NA,Terra,15.33207165,73.89363729,325,FALSE,,225,FALSE,,
1905,706,28,3,2021,Goa,Indian Ocean Humpback Dolphin,Humpback dolphin,,,,,,,,,,,A,4,5,8,Terra,15.35418426,73.8834957,328,FALSE,,227,FALSE,,
1904,708,26,3,2021,Goa,Indian Ocean Humpback Dolphin,Humpback dolphin,,,,,,,,,,,,,NA,NA,Terra,15.35418426,73.8834957,330,FALSE,,228,TRUE,227,
1903,709,20,3,2021,Goa,Unidentified cetacean,Small-sized delphinid,,,,,,,,,,,,,NA,NA,Terra,15.20066,73.93451,331,FALSE,,229,FALSE,,
144,710,17,3,2021,Goa,Indian Ocean humpback dolphin,Humpback dolphin,"15.4774686, 73.8121",Stranded animal,Drishti Network,,http://www.marinemammals.in/submit-record/02-07-2022-170321_Miramar.jpeg,,"15.4774686, 73.8121","15.4774686, 73.8121",,,,,NA,NA,MMI,15.47744735,73.80620142,332,FALSE,,230,FALSE,,
145,712,16,3,2021,Goa,Humpback dolphin,Humpback dolphin,,,"Japanese beach, South Goa",,,,"15.4049621581616, 73.786412169693815.404962158161643, 73.78641216969385","15.404962158161643, 73.78641216969385",,,A,4,6,9,Whatsapp,15.40496216,73.78641217,334,FALSE,,232,TRUE,230,
146,713,16,3,2021,Goa,Indo-Pacific finless porpoise,Indo-Pacific finless porpoise,,,Colva beach,,,,"15.2724329863092, 73.914174742539115.272432986309296, 73.91417474253915","15.272432986309296, 73.91417474253915",,,SA,2,1,2,Whatsapp,15.27243299,73.91417474,335,FALSE,,233,FALSE,,
149,716,10,3,2021,Goa,Humpback dolphin,Humpback dolphin,,,Arrosim beach,,,,"15.3317022807429, 73.893550307799615.331702280742931, 73.89355030779966","15.331702280742931, 73.89355030779966",,,,4,4,6,Whatsapp,15.33170228,73.89355031,338,FALSE,,235,FALSE,,
1901,720,4,3,2021,Goa,Indian Ocean Humpback Dolphin,Humpback dolphin,,,,,,,,,,,,,NA,NA,Terra,15.58272357,73.73709859,342,FALSE,,238,FALSE,,
152,721,2,3,2021,Goa,Indo-Pacific finless porpoise,Indo-Pacific finless porpoise,"15.2416354170662, 73.9229429764533",Stranded animal,"Benaulim beach, Goa, Source: Drishti Network,",,http://www.marinemammals.in/submit-record/02-07-2022-020321_FP.jpeg,,"15.2416, 73.919515.2416, 73.9195","15.2416, 73.9195",,,,2,0.5,1,MMI,15.24158413,73.92235152,343,FALSE,,239,TRUE,238,
156,725,27,2,2021,Goa,Indo-Pacific finless porpoise,Indo-Pacific finless porpoise,,,arrosim beach,,,,"15.3328818365746, 73.893056781378915.332881836574636, 73.89305678137892","15.332881836574636, 73.89305678137892",,,,2,2,3,Whatsapp,15.33288184,73.89305678,347,FALSE,,241,FALSE,,
1900,732,7,2,2021,Goa,Finless porpoise calf,Indo-Pacific finless porpoise,,,,,,,,,,,C,,NA,NA,Terra,15.29255,73.90794,354,FALSE,,247,FALSE,,
1899,735,30,1,2021,Goa,Unidentified cetacean,Small-sized delphinid,,,,,,,,,,,,,NA,NA,Terra,14.9973623,74.03344694,357,FALSE,,250,TRUE,251,
1368,737,27,1,2021,Goa,Indian Ocean humpback dolphin,Humpback dolphin,"15.634896748828, 73.7211365625609","Code - 2, Male, Scars possibly through large gill nets or trawlers",,,http://www.marinemammals.in/submit-record/05-01-2023-IMG-20210127-WA0016.jpg http://www.marinemammals.in/submit-record/05-01-2023-IMG-20210127-WA0017.jpg http://www.marinemammals.in/submit-record/05-01-2023-IMG-20210127-WA0019.jpg,,,,,,A,2,0.5,1,MMI-later,15.63489675,73.72113656,359,FALSE,,251,FALSE,,
1896,746,5,1,2021,Goa,Finless porpoise,Indo-Pacific finless porpoise,,,,,,,,,,,,3,2,4,Terra,15.29145629,73.90796617,368,FALSE,,259,FALSE,,
1897,747,5,1,2021,Goa,Spinner dolphin,Spinner dolphin,,,,,,,,,,,,,NA,NA,Terra,15.6904238,73.70119965,369,FALSE,,260,FALSE,,
172,749,31,12,2020,Goa,Humpback dolphin,Humpback dolphin,,,Arambol,,,,"15.6840993533525, 73.703144048340515.684099353352517, 73.70314404834058","15.684099353352517, 73.70314404834058",,,A,3,2,3,Whatsapp,15.68409935,73.70314405,371,FALSE,,261,FALSE,,
1895,755,11,11,2020,Goa,Humpback dolphin,Humpback dolphin,,,,,,,,,,,,,NA,NA,Terra,15.4790541,73.80634748,377,FALSE,,267,FALSE,,
1370,757,2,11,2020,Goa,Indian Ocean humpback dolphin,Humpback dolphin,"15.5172740927574, 73.7628026202588","Code - 3, approx, - 1,4m",,,http://www.marinemammals.in/submit-record/05-01-2023-IMG-20201102-WA0028.jpg,,,,,,C,2,0.5,1,MMI-later,15.51727409,73.76280262,379,FALSE,,268,FALSE,,
1893,761,18,10,2020,Goa,Finless porpoise,Indo-Pacific finless porpoise,,,,,,,,,,,,,NA,NA,Terra,15.62276646,73.72996138,383,FALSE,,271,FALSE,,
1894,762,18,10,2020,Goa,Finless porpoise,Indo-Pacific finless porpoise,,,,,,,,,,,C,3,2,3,Terra,15.29232184,73.90768202,384,FALSE,,272,FALSE,,
1892,764,16,10,2020,Goa,Humpback Dolphin,Humpback dolphin,,,,,,,,,,,,3,2,4,Terra,15.45077049,73.83741661,386,FALSE,,273,FALSE,,
1891,767,27,9,2020,Goa,Finless porpoise,Indo-Pacific finless porpoise,,,,,,,,,,,,,NA,NA,Terra,15.25890506,73.91813094,389,FALSE,,276,FALSE,,
1887,768,24,9,2020,Goa,Finless porpoise,Indo-Pacific finless porpoise,,,,,,,,,,,,3,2,4,Terra,15.25680625,73.91862734,390,FALSE,,277,TRUE,276,
1888,769,24,9,2020,Goa,Humpback Dolphin,Humpback dolphin,,,,,,,,,,,,3,3,4,Terra,15.21671203,73.92971864,391,FALSE,,278,FALSE,,
1889,770,24,9,2020,Goa,Humpback Dolphin,Humpback dolphin,,,,,,,,,,,,,NA,NA,Terra,15.64181,73.71912,392,FALSE,,279,FALSE,,
185,774,22,9,2020,Goa,Humpback dolphin,Humpback dolphin,,,"betalbetim beach, south goa",,,,"15.2881893578957, 73.908164843304115.288189357895737, 73.90816484330418","15.288189357895737, 73.90816484330418",,,C,2,0.5,1,Whatsapp,15.28818936,73.90816484,396,FALSE,,282,FALSE,,
186,775,22,9,2020,Goa,Indo-Pacific finless porpoise,Indo-Pacific finless porpoise,,,"mandrem beach, north goa",,,,"15.6686420695051, 73.709290590355215.668642069505175, 73.70929059035522","15.668642069505175, 73.70929059035522",,,C,2,0.5,1,Whatsapp,15.66864207,73.70929059,397,FALSE,,283,FALSE,,
187,777,20,9,2020,Goa,Indo-Pacific finless porpoise,Indo-Pacific finless porpoise,,,"betalbetim beach, south goa",,,,"15.2983642732077, 73.904680657449315.298364273207762, 73.90468065744935","15.298364273207762, 73.90468065744935",Bite marks?,,C,2,0.5,1,Whatsapp,15.29836427,73.90468066,399,FALSE,,285,FALSE,,
192,784,1,9,2020,Goa,Humpback dolphin,Humpback dolphin,,,Ashvem beach,,,,"15.6442801811391, 73.717203940086115.64428018113919, 73.71720394008611","15.64428018113919, 73.71720394008611",,,A,3,3,5,Whatsapp,15.64428018,73.71720394,406,FALSE,,291,FALSE,,
1884,786,29,8,2020,Goa,Finless porpoise,Indo-Pacific finless porpoise,,,,,,,,,,,,,NA,NA,Terra,15.25925842,73.91789537,408,FALSE,,293,FALSE,,
1883,787,29,8,2020,Goa,Unidentified cetacean,Small-sized delphinid,,,,,,,,,,,,,NA,NA,Terra,15.57582216,73.74005142,409,FALSE,,294,FALSE,,
1882,790,27,8,2020,Goa,Humpback Dolphin,Humpback dolphin,,,,,,,,,,,,,NA,NA,Terra,15.23159845,73.92551694,412,FALSE,,297,FALSE,,
1881,793,18,8,2020,Goa,Finless porpoise,Indo-Pacific finless porpoise,,,,,,,,,,,,2,0.5,1,Terra,15.66715788,73.71019369,415,FALSE,,300,TRUE,301,
1880,800,7,8,2020,Goa,Humback Dolphin,Humpback dolphin,,,,,,,,,,,,,NA,NA,Terra,15.01133026,74.02102796,422,FALSE,,305,FALSE,,
1375,804,24,7,2020,Goa,Indian Ocean humpback dolphin,Humpback dolphin,"15.2072981256343, 73.9323731933808","Code-3, young individual",,,http://www.marinemammals.in/submit-record/06-01-2023-IMG-20200724-WA0038.jpg http://www.marinemammals.in/submit-record/06-01-2023-IMG-20200724-WA0037.jpg http://www.marinemammals.in/submit-record/06-01-2023-IMG-20200724-WA0036.jpg http://www.marinemammal,,,,,,C,2,0.5,1,MMI-later,15.20729813,73.93237319,426,FALSE,,307,FALSE,,
205,808,10,7,2020,Goa,Indian Ocean humpback dolphin,Humpback dolphin,,,colomb beach,,,,"15.0026233700593, 74.027091968576515.002623370059304, 74.0270919685765","15.002623370059304, 74.0270919685765",,,,3,3,4,Whatsapp,15.00262337,74.02709197,430,FALSE,,311,FALSE,,
1379,820,20,6,2020,Goa,Indian Ocean humpback dolphin,Humpback dolphin,"15.5543615453338, 73.7514032947619","Code-2, Male",,,http://www.marinemammals.in/submit-record/06-01-2023-IMG-20200620-WA0011.jpg http://www.marinemammals.in/submit-record/06-01-2023-IMG-20200620-WA0012.jpg http://www.marinemammals.in/submit-record/06-01-2023-IMG-20200620-WA0013.jpg http://www.marinemammal,,,,,,SA,2,0.5,1,MMI-later,15.55436155,73.75140329,442,FALSE,,317,FALSE,,
1878,823,14,6,2020,Goa,Humpback Dolphin,Humpback dolphin,,,,,,,,,,,,,NA,NA,Terra,15.5677,73.75619,445,FALSE,,320,FALSE,,
1877,825,8,6,2020,Goa,Humback Dolphin,Humpback dolphin,,,,,,,,,,,,,NA,NA,Terra,15.64181,73.71912,447,FALSE,,322,FALSE,,
1381,839,23,5,2020,Goa,Indian Ocean humpback dolphin,Humpback dolphin,"15.3926542596426, 73.8058626050402","There seems to be a nylon thread intertwined with the guts and in the mouth, Code 4,",,,http://www.marinemammals.in/submit-record/01-01-2023-Baina.jpg,,,,,M,SA,3,3,5,MMI-later,15.39265426,73.80586261,461,FALSE,,335,TRUE,340,
1875,844,19,5,2020,Goa,Humpback Dolphin,Humpback dolphin,,,,,,,,,,,,,NA,NA,Terra,15.38774,73.80763,466,FALSE,,340,FALSE,,
1874,863,22,4,2020,Goa,Unidentified cetacean,Small-sized delphinid,,,,,,,,,,,,,NA,NA,Terra,15.5677,73.75619,485,FALSE,,354,FALSE,,
1385,866,21,4,2020,Goa,Indian Ocean humpback dolphin,Humpback dolphin,"15.2404857065235, 73.9231846340387","Code 3, carcass is 9 ft in length,",,,http://www.marinemammals.in/submit-record/01-01-2023-Benaulim 1.jpg http://www.marinemammals.in/submit-record/01-01-2023-Benaulim 2.jpg,,,,,,,3,3,5,MMI-later,15.24048571,73.92318463,488,FALSE,,356,FALSE,,
1872,899,11,2,2020,Goa,Humpback dolphin,Humpback dolphin,,,,,,,,,,,,,NA,NA,Terra,15.40578537,73.78613272,521,FALSE,,382,FALSE,,
1871,940,8,11,2019,Goa,Humpback dolphin,Humpback dolphin,,,,,,,,,,,,,NA,NA,Terra,14.99711,74.03383,562,FALSE,,415,FALSE,,
1870,941,4,11,2019,Goa,finless porpoise,Indo-Pacific finless porpoise,,,,,,,,,,,,,NA,NA,Terra,15.5197793,73.76188047,563,FALSE,,416,FALSE,,
1869,942,4,11,2019,Goa,Indian Ocean Humpback Dolphin,Humpback dolphin,,,,,,,,,,,A,3,3,5,Terra,15.29958941,73.90523749,564,FALSE,,417,FALSE,,
1868,944,26,9,2019,Goa,Humpback dolphin,Humpback dolphin,,,,,,,,,,,,3,2,4,Terra,15.25680625,73.91862734,566,FALSE,,419,FALSE,,
304,946,21,9,2019,Goa,Humpback dolphin,Humpback dolphin,,,colva,,,,"15.273752229795, 73.913869457009715.273752229795056, 73.91386945700972","15.273752229795056, 73.91386945700972",,,A,2,1,2,Whatsapp,15.27375223,73.91386946,568,FALSE,,421,FALSE,,
1867,956,8,9,2019,Goa,Humpback dolphin,Humpback dolphin,,,,,,,,,,,C,2,0.5,1,Terra,15.49811156,73.76646088,578,FALSE,,429,TRUE,430,
315,965,31,8,2019,Goa,Indo-Pacific finless porpoise,Indo-Pacific finless porpoise,"15.1791179 73.9396000,",Only image available,"Washed ashore - Cavellosim, Gao",,http://www.marinemammals.in/submit-record/08-03-2020-FP_Cavellosim_Goa_20190831.jpeg http://www.marinemammals.in/submit-record/08-03-2020-FP2_Cavellosim_20190831.jpeg,,15.1791179 73.9396000,15.1791179 73.9396000,,,C,2,1,2,MMI,15.1791179,73.9396,587,FALSE,,436,FALSE,,
316,970,30,8,2019,Goa,Indo-Pacific finless porpoise,Indo-Pacific finless porpoise,"15.3544232, 73.8838",See image,Velsao beach - Goa,,http://www.marinemammals.in/submit-record/08-03-2020-FP_VelsaoBeach_Goa_20190830.jpeg,,"15.3544232, 73.8838","15.3544232, 73.8838",,,,2,0.5,1,MMI,15.35434424,73.88338441,592,FALSE,,439,TRUE,444,
1862,976,27,8,2019,Goa,Indo-Pacific finless porpoise,Indo-Pacific finless porpoise,,,,,,,,,,,,2,NA,NA,Terra,15.35418426,73.8834957,598,FALSE,,444,FALSE,,
321,981,25,8,2019,Goa,Indian Ocean humpback dolphin,Humpback dolphin,"15.278033092292, 73.9120976759894",See image,"Colva, goa",,http://www.marinemammals.in/submit-record/08-03-2020-Sousa_Colva_Goa_20190825.jpeg,,"15.2784, 73.909115.2784, 73.9091","15.2784, 73.9091",,,C,2,1,2,MMI,15.27895927,73.91207633,603,FALSE,,447,TRUE,"444, 445, 446",
324,984,23,8,2019,Goa,Indian Ocean humpback dolphin,Humpback dolphin,"15.4043116210227, 73.7867303576919",Washed ashore,"Patnem beach, Goa",,http://www.marinemammals.in/submit-record/08-03-2020-Sousa_PatnemBeach_Goa_20190823.jpeg http://www.marinemammals.in/submit-record/08-03-2020-Sousa2_PatnemBeach_Goa_20190823.jpeg,,"15.404311621022787, 73.78673035769195","15.404311621022787, 73.78673035769195",,,,3,3,4,MMI,15.40431162,73.78673036,606,FALSE,,449,FALSE,,
325,985,18,8,2019,Goa,Indo-Pacific finless porpoise,Indo-Pacific finless porpoise,,,calangute,,,,"15.5474237275601, 73.752737517492915.547423727560178, 73.75273751749295","15.547423727560178, 73.75273751749295",Bycatch? Bite marks?,,C,2,1,2,Whatsapp,15.54742373,73.75273752,607,FALSE,,450,FALSE,,
1860,989,15,8,2019,Goa,Humpback dolphin,Humpback dolphin,,,,,,,,,,,,,NA,NA,Terra,15.28426471,73.91052768,611,FALSE,,453,FALSE,,
329,991,10,8,2019,Goa,Indo-Pacific finless porpoise,Indo-Pacific finless porpoise,"15.2433479113235, 73.9223638315844",,"Benaulim, Goa",,http://www.marinemammals.in/submit-record/08-03-2020-FP_Benaulim_Goa_20190810.jpeg http://www.marinemammals.in/submit-record/08-03-2020-FP2_Benaulim_Goa_20190810.jpeg,,"15.2433, 73.922615.2433, 73.9226","15.2433, 73.9226",,F,C,2,0.5,1,MMI,15.2433,73.9226,613,FALSE,,454,FALSE,,
1859,993,9,8,2019,Goa,Humpback dolphin,Humpback dolphin,,,,,,,,,,,,,NA,NA,Terra,15.28378052,73.91063942,615,FALSE,,455,FALSE,,
338,1003,1,8,2019,Goa,Humpback dolphin,Humpback dolphin,,,palolem,,,,"15.0113666597286, 74.020925069429615.011366659728617, 74.02092506942964","15.011366659728617, 74.02092506942964",,,,3,2,5,Whatsapp,15.01136666,74.02092507,625,FALSE,,461,FALSE,,
339,1004,29,7,2019,Goa,Small-sized delphinid,Small-sized delphinid,,,majorda,,,,"15.3162640421135, 73.89945801009515.316264042113572, 73.89945801009503","15.316264042113572, 73.89945801009503",,,,,NA,NA,Whatsapp,15.31626404,73.89945801,626,FALSE,,462,FALSE,,
340,1005,29,7,2019,Goa,Small-sized delphinid,Small-sized delphinid,,,Velsao,,,,"15.3499692166759, 73.885652457000315.349969216675927, 73.88565245700039","15.349969216675927, 73.88565245700039",,,,,NA,NA,Whatsapp,15.34996922,73.88565246,627,FALSE,,463,TRUE,462,
341,1006,27,7,2019,Goa,Small-sized delphinid,Small-sized delphinid,,,calangute,,,,"15.5441160989949, 73.754110808402815.544116098994971, 73.75411080840287","15.544116098994971, 73.75411080840287",,,,,NA,NA,Whatsapp,15.5441161,73.75411081,628,FALSE,,464,FALSE,"462, 463",
342,1008,17,7,2019,Goa,Small-sized delphinid,Small-sized delphinid,,,Talpona,,,,"14.9780251084655, 74.041748371914214.9780251084655, 74.04174837191425","14.9780251084655, 74.04174837191425",,,,,NA,NA,Whatsapp,14.97802511,74.04174837,630,FALSE,,466,FALSE,,
343,1009,16,7,2019,Goa,Humpback dolphin,Humpback dolphin,,,Benaulim,,,,"15.2583301652918, 73.916816543467715.258330165291817, 73.91681654346773","15.258330165291817, 73.91681654346773",,,,,NA,NA,Whatsapp,15.25833017,73.91681654,631,FALSE,,467,FALSE,,
1857,1013,5,7,2019,Goa,Indian Ocean Humpback Dolphin,Humpback dolphin,,,,,,,,,,,,,NA,NA,Terra,14.98904,74.03745,635,FALSE,,471,FALSE,,
1856,1015,29,6,2019,Goa,Indian Ocean Humpback Dolphin,Humpback dolphin,,,,,,,,,,,,3,2,5,Terra,15.1267,73.94063,637,FALSE,,473,TRUE,474,
348,1016,29,6,2019,Goa,Small-sized delphinid,Small-sized delphinid,"15.2732176025294, 73.9138138980322","Code 3 animal stranded, Bleeding near eyes and flippers, Picture showed pregnant animal with calf aborted,",Colva beach,,http://www.marinemammals.in/submit-record/11-09-2021-Colva-2019-06-29-13-05-07.jpg,,"15.2737, 73.913415.2737, 73.9134","15.2737, 73.9134",,,,,NA,NA,MMI,15.27390949,73.91380828,638,FALSE,,474,FALSE,473,
349,1018,16,6,2019,Goa,Indian Ocean humpback dolphin,Humpback dolphin,"15.2388857492333, 73.9236512831483","Code 2 dolphin washed ashore, Had fetal curves, FD collected sample,",buried by FD after collecting sample,,http://www.marinemammals.in/submit-record/11-09-2021-image1.jpeg http://www.marinemammals.in/submit-record/11-09-2021-image0.jpeg,,"15.2389, 73.923815.2389, 73.9238","15.2389, 73.9238",,,C,2,1,2,MMI,15.2389,73.9238,640,FALSE,,476,FALSE,,
350,1019,16,6,2019,Goa,Indian Ocean humpback dolphin,Humpback dolphin,"14.9976384, 74.0411","Code 4 carcass of a small sized delphinid washed ashore with the skull separated from the rest of the body, The teeth count showed 46/43 UJ/LJ Left side,",The FD buried the remains,,http://www.marinemammals.in/submit-record/11-09-2021-Canacona dolphin-2019-06-16-17-50-50.jpg,,"14.9976384, 74.0411","14.9976384, 74.0411",,,,4,7,9,MMI,14.99682596,74.03319324,641,FALSE,,477,TRUE,476,
1854,1020,15,6,2019,Goa,finless porpoise,Indo-Pacific finless porpoise,,,,,,,,,,,,,NA,NA,Terra,15.64181,73.71912,642,FALSE,,478,FALSE,"475, 476, 477",
1853,1021,15,6,2019,Goa,Indian Ocean Humpback Dolphin,Humpback dolphin,,,,,,,,,,,,4,6,9,Terra,15.4832,73.80717,643,FALSE,,479,TRUE,476,
354,1025,31,5,2019,Goa,Indo-Pacific finless porpoise,Indo-Pacific finless porpoise,"15.4991464, 73.7674","Individual washed ashore at Sinquerim Beach, No additional morphometric data available,","Sinquerim Beach, Source: TerraConscious and Drishti Life guards",,http://www.marinemammals.in/submit-record/03-06-2019-Sinquerim_FP_31052019_1.jpeg http://www.marinemammals.in/submit-record/03-06-2019-Sinquerim_FP_31052019_2.jpeg,,"15.4991464, 73.7674","15.4991464, 73.7674",,,,3,3,5,MMI,15.49918017,73.76729517,647,FALSE,,483,FALSE,,
1852,1027,28,5,2019,Goa,Indian ocean Humpback dolphin,Humpback dolphin,,,,,,,,,,,,3,2,3,Terra,15.40592,73.78661,649,FALSE,,485,FALSE,,
1851,1030,24,5,2019,Goa,finless porpoise,Indo-Pacific finless porpoise,,,,,,,,,,,,,NA,NA,Terra,15.51762149,73.76267378,652,FALSE,,488,FALSE,,
1850,1032,22,5,2019,Goa,Indian Ocean Humpback Dolphin,Humpback dolphin,,,,,,,,,,,,3,2,4,Terra,15.29145629,73.90796617,654,FALSE,,490,FALSE,,
1849,1040,11,5,2019,Goa,Indian Ocean Humpback Dolphin,Humpback dolphin,,,,,,,,,,,,,NA,NA,Terra,15.66776742,73.70927361,663,FALSE,,499,FALSE,,
1848,1043,5,5,2019,Goa,cetacean,Small-sized delphinid,,,,,,,,,,,,4,NA,NA,Terra,15.64181,73.71912,666,FALSE,,501,FALSE,,
1847,1045,5,5,2019,Goa,Finless Porpoise,Indo-Pacific finless porpoise,,,,,,,,,,,,3,2,4,Terra,15.50152248,73.76726387,668,FALSE,,503,FALSE,,
1845,1055,30,4,2019,Goa,Indian Ocean Humpback Dolphin,Humpback dolphin,,,,,,,,,,,,,NA,NA,Terra,15.17557103,73.94050592,678,FALSE,,510,FALSE,,
1846,1056,30,4,2019,Goa,Indian Ocean Humpback Dolphin,Humpback dolphin,,,,,,,,,,,,,NA,NA,Terra,15.20066,73.93451,679,FALSE,,511,TRUE,510,
376,1060,23,4,2019,Goa,Indian Ocean humpback dolphin,Humpback dolphin,"15.2209348, 73.929","One individual washed ashore, appears to be an adult, No morphometric data available,","Varca Beach, Goa, Source: TerraConscious and Drishti Life guards",,http://www.marinemammals.in/submit-record/03-06-2019-Sousa_Varca_23042019_1.jpeg http://www.marinemammals.in/submit-record/03-06-2019-Sousa_Varca_23042019_2.jpeg http://www.marinemammals.in/submit-record/03-06-2019-Sousa_Varca_23042019_3.jpeg,,"15.2209348, 73.929","15.2209348, 73.929",,,,,NA,NA,MMI,15.2209348,73.929,683,FALSE,,514,TRUE,519,
1844,1064,19,4,2019,Goa,Indian Ocean Humpback Dolphin,Humpback dolphin,,,,,,,,,,,,,NA,NA,Terra,14.99655,74.0412,688,FALSE,,519,TRUE,520,
1417,1066,19,4,2019,Goa,Indo-Pacific finless porpoise,Indo-Pacific finless porpoise,"15.6262593926075, 73.7281997061093",Code 3,,,http://www.marinemammals.in/submit-record/16-12-2022-Goa april 19-4.jpg http://www.marinemammals.in/submit-record/16-12-2022-Goa april 19-3.jpg http://www.marinemammals.in/submit-record/16-12-2022-Goa april 19-2.jpg http://www.marinemammals.in/submit-rec,,,,,,,3,3,5,MMI-later,15.62625939,73.72819971,690,FALSE,,520,FALSE,,
381,1069,17,4,2019,Goa,Indian Ocean humpback dolphin,Humpback dolphin,,TerraConscious and Drishti Lifeguards,"Washed ashore at Miramar Beach, Appeared to be a juvenile/sub-adult",,http://www.marinemammals.in/submit-record/JbPcLh.jpg . http://www.marinemammals.in/submit-record/Sousa2_Miramar_17042019.jpg,,"15.4788040082412, 73.805679493098215.478804008241271, 73.80567949309824","15.478804008241271, 73.80567949309824",,,C,2,0.5,1,MMI,15.47880401,73.80567949,693,FALSE,,522,FALSE,,
1843,1070,14,4,2019,Goa,finless porpoise,Indo-Pacific finless porpoise,,,,,,,,,,,,,NA,NA,Terra,15.49970807,73.76728217,694,FALSE,,523,FALSE,,
385,1076,10,4,2019,Goa,Indian Ocean humpback dolphin,Humpback dolphin,,Terraconscious and Drishti Lifeguards,"Washed ashore at Varca, Necropsy conducted,",,http://www.marinemammals.in/submit-record/b9DMXG.jpg http://www.marinemammals.in/submit-record/Sousa5_Varca_10042019.jpg http://www.marinemammals.in/submit-record/Sousa4_Varca_10042019.jpg http://www.marinemammals.in/submit-record/Sousa3_Varca_10042019.j,,"15.2304409725737, 73.925305292057415.23044097257378, 73.92530529205742","15.23044097257378, 73.92530529205742",,,,2,1,2,MMI,15.23044097,73.92530529,700,FALSE,,527,FALSE,,
1840,1078,9,4,2019,Goa,Indian Ocean Humpback dolphin,Humpback dolphin,,,,,,,,,,,,3,3,5,Terra,15.29082155,73.90828023,702,FALSE,,529,FALSE,,
392,1084,8,4,2019,Goa,Indo-Pacific finless porpoise,Indo-Pacific finless porpoise,,Terraconscious and Drishti lifeguards,"Washed ashore at Polem beach, Right flipper appears to have a deep cut, possibly from fishing line,",,http://www.marinemammals.in/submit-record/NszP7R.jpg . http://www.marinemammals.in/submit-record/FP2_Polem_08042019.jpg . http://www.marinemammals.in/submit-record/FP3_Polem_08042019.jpg,,"14.9079255396074, 74.08183030002414.90792553960744, 74.08183030002402","14.90792553960744, 74.08183030002402",,,,2,1,2,MMI,14.90792554,74.0818303,708,FALSE,,534,FALSE,,
1839,1086,4,4,2019,Goa,Indian Ocean Humpback dolphin,Humpback dolphin,,,,,,,,,,,C,2,0.5,1,Terra,15.22984054,73.92605783,711,FALSE,,537,FALSE,,
1838,1090,2,4,2019,Goa,Humpback dolphin,Humpback dolphin,,,,,,,,,,,,,NA,NA,Terra,15.29082155,73.90828023,715,FALSE,,540,FALSE,,
1837,1091,1,4,2019,Goa,Indian Ocean Humpback Dolphin,Humpback dolphin,,,,,,,,,,,,,NA,NA,Terra,15.54905991,73.75325683,716,FALSE,,541,FALSE,,
398,1095,31,3,2019,Goa,Indo-Pacific finless porpoise,Indo-Pacific finless porpoise,,Terraconscious and Drishti lifeguards,"Washed ashore at Calangute beach, No other data submitted,",,http://www.marinemammals.in/submit-record/czhTzL.jpg . http://www.marinemammals.in/submit-record/IMG-20190401-WA0034__1_.jpg,,"15.5532019127685, 73.751286111457815.553201912768568, 73.7512861114578","15.553201912768568, 73.7512861114578",,,,3,2,4,MMI,15.55320191,73.75128611,720,FALSE,,544,FALSE,,
1835,1097,29,3,2019,Goa,Indian ocean Humpback dolphin,Humpback dolphin,,,,,,,,,,,,4,8,10,Terra,15.29082155,73.90828023,722,FALSE,,546,TRUE,550,
1836,1098,29,3,2019,Goa,Indian ocean Humpback dolphin,Humpback dolphin,,,,,,,,,,,,4,6,8,Terra,15.40547933,73.78618686,723,FALSE,,547,FALSE,,
1833,1100,28,3,2019,Goa,Indian Ocean Humpback Dolphin,Humpback dolphin,,,,,,,,,,,,,NA,NA,Terra,14.99655,74.0409,725,FALSE,,549,FALSE,,
1834,1101,28,3,2019,Goa,Indian Ocean Humpback Dolphin,Humpback dolphin,,,,,,,,,,,,,NA,NA,Terra,15.28404959,73.91060746,726,FALSE,722,550,FALSE,,
1831,1102,27,3,2019,Goa,finless porpoise,Indo-Pacific finless porpoise,,,,,,,,,,,,,NA,NA,Terra,15.50064191,73.7672576,727,FALSE,,551,TRUE,"546, 547, 549, 550",
1830,1104,27,3,2019,Goa,Indian Ocean Humpback Dolphin,Humpback dolphin,,,,,,,,,,,,,NA,NA,Terra,15.29789973,73.90580216,729,FALSE,726,553,TRUE,550,
400,1105,26,3,2019,Goa,Indian Ocean humpback dolphin,Humpback dolphin,,"TerraConscious and Drishti Life guards, Photographs attached","Carcass found on Cavellosim beach, Goa,",,http://www.marinemammals.in/submit-record/dG1CCr.jpeg . http://www.marinemammals.in/submit-record/WhatsApp_Image_2019-04-21_at_14.10.43.jpeg,,"15.1710486257096, 73.941282132408115.171048625709613, 73.94128213240818","15.171048625709613, 73.94128213240818",,,,,NA,NA,MMI,15.17104863,73.94128213,730,FALSE,,554,FALSE,"549, 550, 551, 552, 553",
402,1109,23,3,2019,Goa,Indian Ocean humpback dolphin,Humpback dolphin,,Terraconscious and Drishti lifeguards,"Washed ashore at Rajbagh beach,",,http://www.marinemammals.in/submit-record/x2bCd2.jpeg,,"14.9864799522513, 74.037806627057514.98647995225131, 74.03780662705756","14.98647995225131, 74.03780662705756",,,,3,3,5,MMI,14.98647995,74.03780663,734,FALSE,,558,FALSE,,
403,1110,22,3,2019,Goa,Unidentified dolphin,Small-sized delphinid,,Terraconscious and Drishti lifeguards,"Skeleton found at Ashwem beach, Goa, No additional details available",,http://www.marinemammals.in/submit-record/Vf4LvR.jpg . http://www.marinemammals.in/submit-record/Unided2_Ashwem_22032019.jpg . http://www.marinemammals.in/submit-record/Unided3_Ashwem_22032019.jpg . http://www.marinemammals.in/submit-record/Unided4_Ashwe,,"15.6441740770332, 73.717201001523915.644174077033298, 73.71720100152393","15.644174077033298, 73.71720100152393",,,,,NA,NA,MMI,15.64417408,73.717201,735,FALSE,,559,FALSE,,
408,1118,13,3,2019,Goa,Indian Ocean humpback dolphin,Humpback dolphin,,"TerraConscious and Drishti Lifeguards, Photographs attached","Carcass washed ashore at Anjuna beach, Goa,",,http://www.marinemammals.in/submit-record/TrXpGj.jpg . http://www.marinemammals.in/submit-record/Sousa2_Anjuna_13032019.jpg . http://www.marinemammals.in/submit-record/Sousa3_Anjuna_13032019.jpg . http://www.marinemammals.in/submit-record/Sousa4_Anjuna_1,,"15.5732599111992, 73.740872870980815.573259911199232, 73.74087287098085","15.573259911199232, 73.74087287098085",,,,4,8,12,MMI,15.57325991,73.74087287,743,FALSE,,566,FALSE,,
411,1121,6,3,2019,Goa,Indo-Pacific finless porpoise,Indo-Pacific finless porpoise,"15.4991464, 73.7674666","Terraconscious and Drishti lifeguards, Photographs available","Washed ashore at Sinquerim beach, Morpho collected,",,http://www.marinemammals.in/submit-record/78hBPT.jpg . http://www.marinemammals.in/submit-record/FP2_Sinquerim_06032019.jpg . http://www.marinemammals.in/submit-record/FP3_Sinquerim_06032019.jpg . http://www.marinemammals.in/submit-record/FP4_Sinquerim_0,,"15.4991464, 73.76746660000003","15.4991464, 73.76746660000003",,,,3,2,4,MMI,15.49924799,73.76733691,746,FALSE,,568,FALSE,,
1828,1127,21,2,2019,Goa,Indian Ocean Humpback Dolphin,Humpback dolphin,,,,,,,,,,,,,NA,NA,Terra,15.54249,73.75556,752,FALSE,,574,FALSE,,
1827,1131,16,2,2019,Goa,Finless Porpoise,Indo-Pacific finless porpoise,,,,,,,,,,,,,NA,NA,Terra,15.54249,73.75556,756,FALSE,,578,FALSE,,
1826,1132,15,2,2019,Goa,Indian Ocean Humpback Dolphin,Humpback dolphin,,,,,,,,,,,,2,1,2,Terra,15.12750599,73.94010817,757,FALSE,,579,TRUE,581,
415,1134,13,2,2019,Goa,Indian Ocean humpback dolphin,Humpback dolphin,,"Terraconscious and Drishti lifeguards, Photographs available","Carcass washed ashore at Majorda beach, Goa, No other details available, the carcass was buried as per instructions from local FD,",,http://www.marinemammals.in/submit-record/QZx0v0.jpg . http://www.marinemammals.in/submit-record/Sousa2_Majorda_13022019.jpg . http://www.marinemammals.in/submit-record/Sousa3_Majorda_13022019.jpg . http://www.marinemammals.in/submit-record/Sousa4_Majord,,"15.3096795335508, 73.901120463285415.309679533550865, 73.90112046328547","15.309679533550865, 73.90112046328547",,,,4,6,9,MMI,15.30967953,73.90112046,759,FALSE,,581,FALSE,,
1824,1140,4,2,2019,Goa,Indian Ocean Humpback dolphin,Humpback dolphin,,,,,,,,,,,,,NA,NA,Terra,15.50649474,73.76588163,765,FALSE,,587,FALSE,,
1825,1141,4,2,2019,Goa,Indian Ocean Humpback dolphin,Humpback dolphin,,,,,,,,,,,,,NA,NA,Terra,15.71813315,73.68994997,766,FALSE,,588,FALSE,,
1823,1142,30,1,2019,Goa,Indian Ocean Humpback Dolphin,Humpback dolphin,,,,,,,,,,,,,NA,NA,Terra,15.2081388,73.93198516,767,FALSE,,589,FALSE,,
419,1143,29,1,2019,Goa,Indo-Pacific finless porpoise,Indo-Pacific finless porpoise,,Direct sighting,Dead individual floating in the sea,,http://www.marinemammals.in/submit-record/D6nFZz.jpg,,,,,,,3,3,5,MMI,NA,NA,768,FALSE,,590,FALSE,,
1822,1146,25,1,2019,Goa,Indian ocean Humpback Dolphin,Humpback dolphin,,,,,,,,,,,,,NA,NA,Terra,15.57443,73.74066,771,FALSE,,593,FALSE,,
423,1151,10,1,2019,Goa,Indian Ocean humpback dolphin,Humpback dolphin,,Photographs from Life Guards,"Dolphin washed ashore at Mobor beach, Data collected by lifeguards",,,,"15.1586346314974, 73.94418707698515.158634631497431, 73.94418707698506","15.158634631497431, 73.94418707698506",,,,,NA,NA,MMI,15.15863463,73.94418708,776,FALSE,,597,FALSE,,
1820,1153,4,1,2019,Goa,Indian ocean Humpback Dolphin,Humpback dolphin,,,,,,,,,,,,,NA,NA,Terra,15.57443,73.74066,778,FALSE,,599,FALSE,,
1821,1154,4,1,2019,Goa,Indian Ocean Humpback Dolphin,Humpback dolphin,,,,,,,,,,,,,NA,NA,Terra,15.1838217,73.93857975,779,FALSE,,600,FALSE,,
1819,1157,27,12,2018,Goa,Indian Ocean Humpback Dolphin,Humpback dolphin,,,,,,,,,,,,3,3,5,Terra,15.60698,73.74048,785,FALSE,,606,FALSE,,
427,1159,24,12,2018,Goa,Indian Ocean Humpback Dolphin,Humpback dolphin,,,betalbetim,,,,"15.2916735511884, 73.906790347966915.291673551188474, 73.90679034796696","15.291673551188474, 73.90679034796696",,,,4,6,9,Whatsapp,15.29167355,73.90679035,787,FALSE,,608,FALSE,"605, 606, 607",
1818,1163,12,12,2018,Goa,Indian Ocean Humpback Dolphin,Humpback dolphin,,,,,,,,,,,,3,3,4,Terra,15.31152658,73.90109796,791,FALSE,,611,FALSE,,
1817,1166,5,12,2018,Goa,Humpback Dolphin Calf,Humpback dolphin,,,,,,,,,,,,2,1,2,Terra,15.68403963,73.70289783,794,FALSE,,613,TRUE,614,
1816,1172,19,11,2018,Goa,Finless Porpoise,Indo-Pacific finless porpoise,,,,,,,,,,,,,NA,NA,Terra,15.46724,73.80456,800,FALSE,,619,FALSE,,
1815,1176,8,11,2018,Goa,Indian Ocean Humpback Dolphin,Humpback dolphin,,,,,,,,,,,,,NA,NA,Terra,15.55737,73.75098,804,FALSE,,623,FALSE,,
441,1180,23,10,2018,Goa,Humpback dolphin,Humpback dolphin,,,betalbetim,,,,"15.2939860368778, 73.906151047810115.293986036877897, 73.9061510478101","15.293986036877897, 73.9061510478101",,,C,2,1,2,Whatsapp,15.29398604,73.90615105,808,FALSE,,627,TRUE,628,
1814,1181,10,10,2018,Goa,Indian Ocean Humpback Dolphin,Humpback dolphin,,,,,,,,,,,,,NA,NA,Terra,15.29319,73.90775,811,FALSE,,630,FALSE,,
444,1184,7,10,2018,Goa,Indian Ocean humpback dolphin,Humpback dolphin,,Photographs attached,"Washed ashore at Ashwem, Goa - Source: TerraConscious and Drishti Lifeguards,Seems to be a juvenile, There are rake marks seen from base of dorsal fin till the blowhole, the jaw is broken and missing,",,http://www.marinemammals.in/submit-record/vGdtK3.jpeg . http://www.marinemammals.in/submit-record/Sousa_Ashwem_07102018_2_.jpeg . http://www.marinemammals.in/submit-record/Sousa_Ashwem_07102018_3_.jpeg . http://www.marinemammals.in/submit-record/Sousa_Ah,,"15.6434130992496, 73.717016445971715.643413099249685, 73.71701644597178","15.643413099249685, 73.71701644597178",,,,4,9,12,MMI,15.6434131,73.71701645,814,FALSE,,632,TRUE,630,
1813,1191,23,9,2018,Goa,Indian Ocean Humpback Dolphin,Humpback dolphin,,,,,,,,,,,C,2,1,2,Terra,15.55442395,73.75139081,821,FALSE,,639,TRUE,635,
1811,1198,6,9,2018,Goa,Indian Ocean Humpback Dolphin,Humpback dolphin,,,,,,,,,,,,3,3,5,Terra,15.31213718,73.90090671,828,FALSE,,645,FALSE,,
1812,1199,6,9,2018,Goa,Indian Ocean Humpback Dolphin,Humpback dolphin,,,,,,,,,,,,2,1,2,Terra,15.21671203,73.92971864,829,FALSE,,646,FALSE,,
1810,1201,5,9,2018,Goa,Humpback Dolphin,Humpback dolphin,,,,,,,,,,,,4,6,9,Terra,15.49910323,73.7672646,831,FALSE,,648,FALSE,,
1809,1202,4,9,2018,Goa,Indian Ocean Humpback Dolphin,Humpback dolphin,,,,,,,,,,,,,NA,NA,Terra,15.60700964,73.73998252,832,FALSE,,649,FALSE,,
1808,1209,28,8,2018,Goa,Indian Ocean Humpback Dolphin,Humpback dolphin,,,,,,,,,,,,,NA,NA,Terra,15.64181,73.71912,839,FALSE,,656,FALSE,,
1807,1221,6,8,2018,Goa,Finless Porpoise,Indo-Pacific finless porpoise,,,,,,,,,,,,3,3,5,Terra,14.97695983,74.042002,851,FALSE,,667,FALSE,,
1806,1222,30,7,2018,Goa,Spinner Dolphin,Spinner dolphin,,,,,,,,,,,,2,NA,NA,Terra,15.31152658,73.90109796,852,FALSE,,668,FALSE,,
1805,1223,23,7,2018,Goa,Finless Porpoise,Indo-Pacific finless porpoise,,,,,,,,,,,,,NA,NA,Terra,14.97809,74.04211,853,FALSE,,669,FALSE,,
1804,1225,13,7,2018,Goa,Indian Ocean Humpback Dolphin,Humpback dolphin,,,,,,,,,,,A,2,2,3,Terra,15.21671203,73.92971864,855,FALSE,,671,FALSE,,
1802,1228,4,7,2018,Goa,Humpback dolphin Juvi,Humpback dolphin,,,,,,,,,,,,,NA,NA,Terra,14.97809,74.04211,858,FALSE,,674,FALSE,,
1801,1229,3,7,2018,Goa,Indian Ocean Humpback Dolphin,Humpback dolphin,,,,,,,,,,,C,4,5,7,Terra,15.29145629,73.90796617,859,FALSE,,675,FALSE,,
1800,1231,29,6,2018,Goa,Finless Porpoise,Indo-Pacific finless porpoise,,,,,,,,,,,,2,1,2,Terra,15.55559,73.75159,861,FALSE,,677,FALSE,,
1799,1233,25,6,2018,Goa,Indian Ocean Humpback Dolphin,Humpback dolphin,,,,,,,,,,,,2,0.5,1,Terra,15.01018531,74.02225545,863,FALSE,,679,FALSE,,
1798,1239,9,6,2018,Goa,Indian Ocean Humpback Dolphin,Humpback dolphin,,,,,,,,,,,,,NA,NA,Terra,15.31191836,73.90104466,870,FALSE,,685,FALSE,,
1797,1240,8,6,2018,Goa,Indian Ocean Humpback Dolphin,Humpback dolphin,,,,,,,,,,,,3,3,5,Terra,15.29198479,73.90787444,871,FALSE,,686,FALSE,,
1796,1241,7,6,2018,Goa,Indian Ocean Humpback Dolphin,Humpback dolphin,,,,,,,,,,,,,NA,NA,Terra,15.22882636,73.92605783,872,FALSE,,687,FALSE,,
1795,1242,6,6,2018,Goa,Indian Ocean Humpback Dolphin,Humpback dolphin,,,,,,,,,,,,,NA,NA,Terra,15.35447242,73.88294084,873,FALSE,,688,FALSE,,
1794,1243,4,6,2018,Goa,Indian Ocean Humpback Dolphin,Humpback dolphin,,,,,,,,,,,,3,3,5,Terra,15.31152658,73.90109796,874,FALSE,,689,FALSE,,
483,1247,25,5,2018,Goa,Indo-Pacific finless porpoise,Indo-Pacific finless porpoise,,"Pictures attached,","Washed ashore at Utorda, Goa - Source: TerraConscious and Drishti Life guards",,http://www.marinemammals.in/submit-record/Q0L9JN.jpeg . http://www.marinemammals.in/submit-record/WhatsApp_Image_2018-05-25_at_11.20.15.jpeg,,"15.3154045082164, 73.899320714053315.315404508216465, 73.89932071405339","15.315404508216465, 73.89932071405339",,,,3,4,5,MMI,15.31540451,73.89932071,879,FALSE,,694,FALSE,,
484,1248,20,5,2018,Goa,Indian Ocean humpback dolphin,Humpback dolphin,,Pictures attached,"Washed ashore Mandrem beach, Source: Terraconscious and Drishti Lifeguards",,http://www.marinemammals.in/submit-record/ZxGj8q.jpeg . http://www.marinemammals.in/submit-record/WhatsApp_Image_2018-05-20_at_12.48.53.jpeg,,"15.6680168459632, 73.709238632086115.668016845963258, 73.70923863208613","15.668016845963258, 73.70923863208613",,,,4,7,10,MMI,15.66801685,73.70923863,880,FALSE,,695,FALSE,,
1791,1255,7,5,2018,Goa,Finless Porpoise,Indo-Pacific finless porpoise,,,,,,,,,,,,5,12,15,Terra,15.47106057,73.80539143,889,FALSE,,703,FALSE,,
1790,1256,7,5,2018,Goa,Humpback dolphin,Humpback dolphin,,,,,,,,,,,,3,3,6,Terra,15.69080656,73.70090771,890,FALSE,,704,FALSE,,
1792,1257,7,5,2018,Goa,Humpback dolphin,Humpback dolphin,,,,,,,,,,,,4,8,10,Terra,15.50016775,73.76731543,891,FALSE,,705,FALSE,,
491,1258,5,5,2018,Goa,Indian Ocean humpback dolphin,Humpback dolphin,,"Pictures attached,","Washed ashore in Morjim, Source is Terraconscious and Drishti lifeguards, Data submitted to Forest Dept,",,http://www.marinemammals.in/submit-record/LwnrcQ.jpeg . http://www.marinemammals.in/submit-record/WhatsApp_Image_2018-05-05_at_16.31.55.jpeg,,"15.6330468297843, 73.721822848182115.633046829784304, 73.72182284818211","15.633046829784304, 73.72182284818211",,,A,3,3,5,MMI,15.63304683,73.72182285,892,FALSE,,706,TRUE,704,
492,1259,5,5,2018,Goa,Indo-Pacific finless porpoise,Indo-Pacific finless porpoise,,"No pictures,","Washed ashore at Betim, Source Terraconscious and Drishti life guards, Submitted data to Forest dept,",,,,"15.5017727117484, 73.825330320950815.501772711748481, 73.82533032095081","15.501772711748481, 73.82533032095081",,,,,NA,NA,MMI,15.50177271,73.82533032,893,FALSE,,707,TRUE,705,
1789,1260,4,5,2018,Goa,Humpback dolphin Fetus,Humpback dolphin,,,,,,,,,,,,,NA,NA,Terra,15.38774,73.80763,894,FALSE,,708,FALSE,,
499,1268,22,4,2018,Goa,Indian Ocean humpback dolphin,Humpback dolphin,,"Pictures attached,","Found at Polem point, Goa, Adult Female, Size available with FDSource: Dhrishti lifeguards and Terraconscious,",,http://www.marinemammals.in/submit-record/Yd32Zj.jpeg . http://www.marinemammals.in/submit-record/WhatsApp_Image_2018-04-22_at_18.38.04.jpeg,,"14.9064981117054, 74.082926426219514.906498111705492, 74.08292642621954","14.906498111705492, 74.08292642621954",,,SA,3,2,4,MMI,14.90649811,74.08292643,905,FALSE,,718,FALSE,,
1788,1270,20,4,2018,Goa,Humpback Dolphin,Humpback dolphin,,,,,,,,,,,,3,NA,NA,Terra,15.25822871,73.91828017,907,FALSE,,720,FALSE,,
1787,1271,18,4,2018,Goa,Finless Porpoise,Indo-Pacific finless porpoise,,,,,,,,,,,,3,3,4,Terra,15.46482492,73.80254583,908,FALSE,,721,FALSE,,
1786,1274,12,4,2018,Goa,Humpback dolphin,Humpback dolphin,,,,,,,,,,,,2,1,2,Terra,15.49811156,73.76646088,912,FALSE,,724,TRUE,725,
502,1275,11,4,2018,Goa,Indian Ocean humpback dolphin,Humpback dolphin,"15.1791179, 73.9536163","Reported by Drishti Lifeguards, attended to by Forest Dept","Morphometric measurements available with the Forest Dept, Found at Cavelosim beach,",,http://www.marinemammals.in/submit-record/nwNmh3.jpeg . http://www.marinemammals.in/submit-record/IMG-20180411-WA0002.jpeg . http://www.marinemammals.in/submit-record/IMG-20180411-WA0001.jpeg . http://www.marinemammals.in/submit-record/y0dt5w.jpeg,,"15.1791179, 73.95361630000002","15.1791179, 73.95361630000002",,,,3,2,4,MMI,15.17347473,73.94117342,913,FALSE,,725,FALSE,,Remapped
503,1276,7,4,2018,Goa,Indo-Pacific humpback dolphin,Humpback dolphin,"15.2570670541897, 73.9189523033142","Reported by Drishti lifeguards to the Forest Department who asked that the carcass be buried,",No measurements were taken,,http://www.marinemammals.in/submit-record/pmqQhc.png. http://www.marinemammals.in/submit-record/IMG-20180407-WA0018.png. http://www.marinemammals.in/submit-record/IMG-20180407-WA0016.png. http://www.marinemammals.in/submit-record/IMG-20180407-WA0015.png.,,"15.257067054189742, 73.9189523033142","15.257067054189742, 73.9189523033142",,,C,3,1,3,MMI,15.25706705,73.9189523,914,FALSE,,726,FALSE,,
1785,1281,31,3,2018,Goa,Humpback Dolphin,Humpback dolphin,,,,,,,,,,,,2,1,2,Terra,15.38774,73.80763,921,FALSE,,733,FALSE,,
1784,1283,29,3,2018,Goa,Humpback dolphin,Humpback dolphin,,,,,,,,,,,,4,NA,NA,Terra,15.64217332,73.71787475,923,FALSE,,735,FALSE,,
1783,1284,19,3,2018,Goa,Humpback Dolphin,Humpback dolphin,,,,,,,,,,,,,NA,NA,Terra,14.99655,74.0429,924,FALSE,,736,FALSE,,
507,1286,16,3,2018,Goa,Indo-Pacific humpback dolphin,Humpback dolphin,"15.3911691388592, 73.8066643051147","Found by the Drishti lifeguards, who reported it to the Stranding NetworkOcean Watch, The Stranding Network informed the Forest Department, A necropsy was conducted by the Forest Department after which both individuals were buried,",Pregnant female,,http://www.marinemammals.in/submit-record/zsTFWD.png. http://www.marinemammals.in/submit-record/IMG-20180319-WA0016.png. http://www.marinemammals.in/submit-record/IMG-20180316-WA0033.png. http://www.marinemammals.in/submit-record/IMG-20180316-WA0021.png.,,"15.391169138859292, 73.80666430511474","15.391169138859292, 73.80666430511474",,,,,NA,NA,MMI,15.39116914,73.80666431,926,FALSE,,738,TRUE,736,
508,1287,16,3,2018,Goa,Indo-Pacific humpback dolphin,Humpback dolphin,"14.9780088, 74.0419464","Reported by lifeguards to the Goa Forest Department, Forest Department took the carcass, Necropsy report available with the Forest Department,","Carcass was fresh, Its skin has peeled off in places, Carcass is of a juvenile animal less than a year old as foetal curves are still visible,",,http://www.marinemammals.in/submit-record/tZ90rz.jpeg . http://www.marinemammals.in/submit-record/WhatsApp_Image_2018-03-17_at_09.35.15.jpeg . http://www.marinemammals.in/submit-record/WhatsApp_Image_2018-03-17_at_09.35.13.jpeg . http://www.marinemammals,,"14.9780088, 74.04194640000003","14.9780088, 74.04194640000003",,,C,2,1,2,MMI,14.9780088,74.0419464,927,FALSE,,739,TRUE,737,
514,1294,26,2,2018,Goa,Indo-Pacific humpback dolphin,Humpback dolphin,"15.6438666, 73.7176844","Reported by Drishti lifeguards to the Stranding Network who then informed the Forest Department, The Forest Department conducted a necropsy before burying it, Necropsy report available with the Forest Department,","Carcass was burnt and discoloured, severely decomposed and with a rupture around the anus, Its internal organs were visible, Its tongue was swollen which could be a sign of asphyxiation,",,http://www.marinemammals.in/submit-record/RLwBxD.png. http://www.marinemammals.in/submit-record/Dolphin_4_photo_4.png. http://www.marinemammals.in/submit-record/Dolphin_4_photo_3_.png. http://www.marinemammals.in/submit-record/Dolphin_4_photo_2.png. http,,"15.6438666, 73.71768440000005","15.6438666, 73.71768440000005",,,,3,3,5,MMI,15.6438666,73.7176844,939,FALSE,,750,FALSE,,
518,1300,17,2,2018,Goa,Indo-Pacific humpback dolphin,Humpback dolphin,"14.9780088, 74.0419464","Reported by Drishti Lifeguards to the Forest Department, Forest Department buried the carcass,","Carcass was severely burnt, discoloured, bloated and ruptured around the anus, It was about 1,5 meters in length,",,http://www.marinemammals.in/submit-record/XQL1qk.png. http://www.marinemammals.in/submit-record/Dolphin_3_photo_4_.png. http://www.marinemammals.in/submit-record/Dolphin_3_photo_2.png. http://www.marinemammals.in/submit-record/MQPsMv.png,,"14.9780088, 74.04194640000003","14.9780088, 74.04194640000003",,,,3,3,5,MMI,14.9780088,74.0419464,945,FALSE,,755,FALSE,,
521,1303,7,2,2018,Goa,Indo-Pacific humpback dolphin,Humpback dolphin,"15.6029835, 73.733627","Drishti Lifeguards, Reported to the Forest Department by the marine wildlife stranding network, Forest Department arrived with veterinary help and a necropsy report was performed, The necropsy report is available with the Forest Department,","Carcass was severely decomposed and bloated, Its skin was sunburnt and discoloured, Fluke was completely decomposed, Jaw bone was visible, Approximately 6 feet in size,",,http://www.marinemammals.in/submit-record/0H446g.png. http://www.marinemammals.in/submit-record/Dolphin_2_photo_4_.png. http://www.marinemammals.in/submit-record/Dolphin_2_photo.png. http://www.marinemammals.in/submit-record/n1Tzsb.png,,"15.6029835, 73.73362700000007","15.6029835, 73.73362700000007",,,,4,6,9,MMI,15.6029835,73.733627,951,FALSE,,760,FALSE,,
1781,1307,23,1,2018,Goa,Humpback dolphin,Humpback dolphin,,,,,,,,,,,,5,15,20,Terra,15.04642848,73.98436118,954,FALSE,,762,FALSE,,
1780,1313,5,1,2018,Goa,Humpback Dolphin,Humpback dolphin,,,,,,,,,,,,,NA,NA,Terra,15.2209,73.92939,961,FALSE,,767,FALSE,,
1779,1314,10,12,2017,Goa,Humpback dolphin,Humpback dolphin,,,,,,,,,,,,2,1,2,Terra,15.04314509,73.9853492,963,FALSE,,769,FALSE,,
1778,1316,25,11,2017,Goa,Finless Porpoise,Indo-Pacific finless porpoise,,,,,,,,,,,,2,1,2,Terra,14.97781,74.04198,965,FALSE,,771,FALSE,,
1776,1319,6,10,2017,Goa,Humpback dolphin,Humpback dolphin,,,,,,,,,,,,4,8,12,Terra,15.31152658,73.90109796,968,FALSE,,773,FALSE,,
1777,1320,6,10,2017,Goa,Humpback dolphin,Humpback dolphin,,,,,,,,,,,,2,0.5,1,Terra,15.04338323,73.98563217,969,FALSE,,774,FALSE,,
1775,1321,30,9,2017,Goa,Finless porpoise,Indo-Pacific finless porpoise,,,,,,,,,,,,4,7,9,Terra,15.29145629,73.90796617,970,FALSE,,775,FALSE,,
1774,1322,30,9,2017,Goa,Humpback Dolphin,Humpback dolphin,,,,,,,,,,,,2,1,2,Terra,15.04135955,73.98655997,971,FALSE,,776,TRUE,774,
1773,1324,21,9,2017,Goa,Humpback dolphin,Humpback dolphin,,,,,,,,,,,,4,6,10,Terra,14.97747805,74.04183034,973,FALSE,,778,FALSE,,
1772,1327,21,9,2017,Goa,Unidentified cetacean,Small-sized delphinid,,,,,,,,,,,,5,NA,NA,Terra,15.23062571,73.92584912,976,FALSE,,781,FALSE,,
1771,1328,19,9,2017,Goa,Finless Porpoise,Indo-Pacific finless porpoise,,,,,,,,,,,,2,1,2,Terra,14.97747805,74.04183034,977,FALSE,,782,FALSE,,
548,1349,18,7,2017,Goa,Indo-Pacific finless porpoise,Indo-Pacific finless porpoise,"15.5318006891919, 73.7585991195678",Dristi Life Guard Network,"Severely bloated and discoloured, with some parts of the fins torn and intestine coming out of the body,Forest Department buried it without doing a post mortem",,http://www.marinemammals.in/submit-record/finlessporpoise.png,,"15.531800689191982, 73.75859911956786","15.531800689191982, 73.75859911956786",,,,3,3,5,MMI,15.53180069,73.75859912,998,FALSE,,800,FALSE,,
1769,1352,7,7,2017,Goa,Humpback Dolphin,Humpback dolphin,,,,,,,,,,,,,NA,NA,Terra,15.51808554,73.76257144,1001,FALSE,,803,FALSE,,
1768,1353,2,7,2017,Goa,Humpback dolphin,Humpback dolphin,,,,,,,,,,,,5,NA,NA,Terra,15.51822912,73.76251743,1002,FALSE,,804,FALSE,,
1767,1354,29,6,2017,Goa,Finless Porpoise,Indo-Pacific finless porpoise,,,,,,,,,,,,4,NA,NA,Terra,15.29863425,73.90557135,1004,FALSE,,806,FALSE,,
554,1362,21,5,2017,Goa,Indo-Pacific finless porpoise,Indo-Pacific finless porpoise,"15.392989685552, 73.8057630828857",Shrayragi Israni?,"badly bloated decomposing carcass with a rope tied to the fluke,",,http://www.marinemammals.in/submit-record/18664561_10155324239774740_1613348943486136566_n.jpg,,"15.392989685552019, 73.80576308288573","15.392989685552019, 73.80576308288573",,,,,NA,NA,MMI,15.39298969,73.80576308,1019,FALSE,,817,FALSE,,
583,1425,14,4,2016,Goa,Indo-Pacific humpback dolphin,Humpback dolphin,"15.4642839800504, 73.8031477506347","Locals along the Caranzalem stretch of Miramar along with image taken,","Sighted washed up between 6:30 and 7am on the 14th of April 2016No bodily markings, abrasions or damages to sight,Reported by local beach walkers - fishermen trying to move eyes around to check if the dolphin was alive, Not substantiated by proof,",,http://www.marinemammals.in/submit-record/12998360_1165764890100519_6879242447290194551_o.jpg,,"15.464283980050414, 73.80314775063471","15.464283980050414, 73.80314775063471",,,,,NA,NA,MMI,15.46440557,73.80299314,1088,FALSE,,873,FALSE,,
