X,Y,ele,time,magvar,geoidheigh,name,cmt,desc,src,link1_href,link1_text,link1_type,link2_href,link2_text,link2_type,sym,type,fix,sat,hdop,vdop,pdop,ageofdgpsd,dgpsid,layer,path
73.737692,15.61429,4.014450000000000,2025/11/13 01:26:14.000,,,"714",,,,,,,,,,"Flag, Blue",,,,,,,,,Waypoints_13-NOV-25 waypoints,C:/Users/imran/OneDrive - Indian Institute of Science/IISc files/IISC/Thesis/Goa_population_estimation/Imran_surveys/GPS/Nov 25/Waypoints_13-NOV-25.gpx|layername=waypoints
73.732099,15.608969,-1.879616000000000,2025/11/13 01:30:00.000,,,"715",,,,,,,,,,"Flag, Blue",,,,,,,,,Waypoints_13-NOV-25 waypoints,C:/Users/imran/OneDrive - Indian Institute of Science/IISc files/IISC/Thesis/Goa_population_estimation/Imran_surveys/GPS/Nov 25/Waypoints_13-NOV-25.gpx|layername=waypoints
73.724705,15.606019,-0.901894000000000,2025/11/13 01:34:26.000,,,"716",,,,,,,,,,"Flag, Blue",,,,,,,,,Waypoints_13-NOV-25 waypoints,C:/Users/imran/OneDrive - Indian Institute of Science/IISc files/IISC/Thesis/Goa_population_estimation/Imran_surveys/GPS/Nov 25/Waypoints_13-NOV-25.gpx|layername=waypoints
73.71743,15.599717,-1.340370000000000,2025/11/13 01:39:16.000,,,"717",,,,,,,,,,"Flag, Blue",,,,,,,,,Waypoints_13-NOV-25 waypoints,C:/Users/imran/OneDrive - Indian Institute of Science/IISc files/IISC/Thesis/Goa_population_estimation/Imran_surveys/GPS/Nov 25/Waypoints_13-NOV-25.gpx|layername=waypoints
73.714513,15.592851,-0.090408000000000,2025/11/13 01:43:39.000,,,"718",,,,,,,,,,"Flag, Blue",,,,,,,,,Waypoints_13-NOV-25 waypoints,C:/Users/imran/OneDrive - Indian Institute of Science/IISc files/IISC/Thesis/Goa_population_estimation/Imran_surveys/GPS/Nov 25/Waypoints_13-NOV-25.gpx|layername=waypoints
73.722282,15.58672,-2.044579000000000,2025/11/13 01:48:50.000,,,"719",,,,,,,,,,"Flag, Blue",,,,,,,,,Waypoints_13-NOV-25 waypoints,C:/Users/imran/OneDrive - Indian Institute of Science/IISc files/IISC/Thesis/Goa_population_estimation/Imran_surveys/GPS/Nov 25/Waypoints_13-NOV-25.gpx|layername=waypoints
73.727544,15.580052,-1.493996000000000,2025/11/13 01:53:26.000,,,"720",,,,,,,,,,"Flag, Blue",,,,,,,,,Waypoints_13-NOV-25 waypoints,C:/Users/imran/OneDrive - Indian Institute of Science/IISc files/IISC/Thesis/Goa_population_estimation/Imran_surveys/GPS/Nov 25/Waypoints_13-NOV-25.gpx|layername=waypoints
73.730164,15.576296,-1.288925000000000,2025/11/13 01:55:55.000,,,"721",,,,,,,,,,"Flag, Blue",,,,,,,,,Waypoints_13-NOV-25 waypoints,C:/Users/imran/OneDrive - Indian Institute of Science/IISc files/IISC/Thesis/Goa_population_estimation/Imran_surveys/GPS/Nov 25/Waypoints_13-NOV-25.gpx|layername=waypoints
73.732845,15.572819,-2.046394000000000,2025/11/13 01:58:18.000,,,"722",,,,,,,,,,"Flag, Blue",,,,,,,,,Waypoints_13-NOV-25 waypoints,C:/Users/imran/OneDrive - Indian Institute of Science/IISc files/IISC/Thesis/Goa_population_estimation/Imran_surveys/GPS/Nov 25/Waypoints_13-NOV-25.gpx|layername=waypoints
73.737107,15.566278,-0.473251000000000,2025/11/13 02:03:12.000,,,"723",,,,,,,,,,"Flag, Blue",,,,,,,,,Waypoints_13-NOV-25 waypoints,C:/Users/imran/OneDrive - Indian Institute of Science/IISc files/IISC/Thesis/Goa_population_estimation/Imran_surveys/GPS/Nov 25/Waypoints_13-NOV-25.gpx|layername=waypoints
73.732518,15.558075,-1.866936000000000,2025/11/13 02:08:16.000,,,"724",,,,,,,,,,"Flag, Blue",,,,,,,,,Waypoints_13-NOV-25 waypoints,C:/Users/imran/OneDrive - Indian Institute of Science/IISc files/IISC/Thesis/Goa_population_estimation/Imran_surveys/GPS/Nov 25/Waypoints_13-NOV-25.gpx|layername=waypoints
73.736963,15.550981,-3.507500000000000,2025/11/13 02:13:22.000,,,"725",,,,,,,,,,"Flag, Blue",,,,,,,,,Waypoints_13-NOV-25 waypoints,C:/Users/imran/OneDrive - Indian Institute of Science/IISc files/IISC/Thesis/Goa_population_estimation/Imran_surveys/GPS/Nov 25/Waypoints_13-NOV-25.gpx|layername=waypoints
73.744238,15.546022,-0.986504000000000,2025/11/13 02:18:08.000,,,"726",,,,,,,,,,"Flag, Blue",,,,,,,,,Waypoints_13-NOV-25 waypoints,C:/Users/imran/OneDrive - Indian Institute of Science/IISc files/IISC/Thesis/Goa_population_estimation/Imran_surveys/GPS/Nov 25/Waypoints_13-NOV-25.gpx|layername=waypoints
73.751421,15.540628,-1.975441000000000,2025/11/13 02:28:32.000,,,"727",,,,,,,,,,"Flag, Blue",,,,,,,,,Waypoints_13-NOV-25 waypoints,C:/Users/imran/OneDrive - Indian Institute of Science/IISc files/IISC/Thesis/Goa_population_estimation/Imran_surveys/GPS/Nov 25/Waypoints_13-NOV-25.gpx|layername=waypoints
73.752407,15.540191,-1.600708000000000,2025/11/13 02:29:11.000,,,"728",,,,,,,,,,"Flag, Blue",,,,,,,,,Waypoints_13-NOV-25 waypoints,C:/Users/imran/OneDrive - Indian Institute of Science/IISc files/IISC/Thesis/Goa_population_estimation/Imran_surveys/GPS/Nov 25/Waypoints_13-NOV-25.gpx|layername=waypoints
73.753419,15.539369,-2.031364000000000,2025/11/13 02:29:59.000,,,"729",,,,,,,,,,"Flag, Blue",,,,,,,,,Waypoints_13-NOV-25 waypoints,C:/Users/imran/OneDrive - Indian Institute of Science/IISc files/IISC/Thesis/Goa_population_estimation/Imran_surveys/GPS/Nov 25/Waypoints_13-NOV-25.gpx|layername=waypoints
73.751117,15.533179,-1.798874000000000,2025/11/13 02:33:58.000,,,"730",,,,,,,,,,"Flag, Blue",,,,,,,,,Waypoints_13-NOV-25 waypoints,C:/Users/imran/OneDrive - Indian Institute of Science/IISc files/IISC/Thesis/Goa_population_estimation/Imran_surveys/GPS/Nov 25/Waypoints_13-NOV-25.gpx|layername=waypoints
73.74722,15.525873,-1.572128000000000,2025/11/13 02:38:23.000,,,"731",,,,,,,,,,"Flag, Blue",,,,,,,,,Waypoints_13-NOV-25 waypoints,C:/Users/imran/OneDrive - Indian Institute of Science/IISc files/IISC/Thesis/Goa_population_estimation/Imran_surveys/GPS/Nov 25/Waypoints_13-NOV-25.gpx|layername=waypoints
73.747014,15.519228,0.435638000000000,2025/11/13 02:43:35.000,,,"732",,,,,,,,,,"Flag, Blue",,,,,,,,,Waypoints_13-NOV-25 waypoints,C:/Users/imran/OneDrive - Indian Institute of Science/IISc files/IISC/Thesis/Goa_population_estimation/Imran_surveys/GPS/Nov 25/Waypoints_13-NOV-25.gpx|layername=waypoints
73.748779,15.518852,-0.316223000000000,2025/11/13 02:44:34.000,,,"733",,,,,,,,,,"Flag, Blue",,,,,,,,,Waypoints_13-NOV-25 waypoints,C:/Users/imran/OneDrive - Indian Institute of Science/IISc files/IISC/Thesis/Goa_population_estimation/Imran_surveys/GPS/Nov 25/Waypoints_13-NOV-25.gpx|layername=waypoints
73.75527,15.516392,0.601562000000000,2025/11/13 02:48:23.000,,,"734",,,,,,,,,,"Flag, Blue",,,,,,,,,Waypoints_13-NOV-25 waypoints,C:/Users/imran/OneDrive - Indian Institute of Science/IISc files/IISC/Thesis/Goa_population_estimation/Imran_surveys/GPS/Nov 25/Waypoints_13-NOV-25.gpx|layername=waypoints
73.761648,15.511058,0.213341000000000,2025/11/13 02:53:18.000,,,"735",,,,,,,,,,"Flag, Blue",,,,,,,,,Waypoints_13-NOV-25 waypoints,C:/Users/imran/OneDrive - Indian Institute of Science/IISc files/IISC/Thesis/Goa_population_estimation/Imran_surveys/GPS/Nov 25/Waypoints_13-NOV-25.gpx|layername=waypoints
73.760766,15.509234,0.815041000000000,2025/11/13 02:54:26.000,,,"736",,,,,,,,,,"Flag, Blue",,,,,,,,,Waypoints_13-NOV-25 waypoints,C:/Users/imran/OneDrive - Indian Institute of Science/IISc files/IISC/Thesis/Goa_population_estimation/Imran_surveys/GPS/Nov 25/Waypoints_13-NOV-25.gpx|layername=waypoints
73.757473,15.503048,0.257454000000000,2025/11/13 02:58:14.000,,,"737",,,,,,,,,,"Flag, Blue",,,,,,,,,Waypoints_13-NOV-25 waypoints,C:/Users/imran/OneDrive - Indian Institute of Science/IISc files/IISC/Thesis/Goa_population_estimation/Imran_surveys/GPS/Nov 25/Waypoints_13-NOV-25.gpx|layername=waypoints
73.754467,15.495119,2.678040000000000,2025/11/13 03:03:02.000,,,"738",,,,,,,,,,"Flag, Blue",,,,,,,,,Waypoints_13-NOV-25 waypoints,C:/Users/imran/OneDrive - Indian Institute of Science/IISc files/IISC/Thesis/Goa_population_estimation/Imran_surveys/GPS/Nov 25/Waypoints_13-NOV-25.gpx|layername=waypoints
73.763476,15.490935,2.748688000000000,2025/11/13 03:08:32.000,,,"739",,,,,,,,,,"Flag, Blue",,,,,,,,,Waypoints_13-NOV-25 waypoints,C:/Users/imran/OneDrive - Indian Institute of Science/IISc files/IISC/Thesis/Goa_population_estimation/Imran_surveys/GPS/Nov 25/Waypoints_13-NOV-25.gpx|layername=waypoints
73.768815,15.488757,2.743156000000000,2025/11/13 03:11:50.000,,,"740",,,,,,,,,,"Flag, Blue",,,,,,,,,Waypoints_13-NOV-25 waypoints,C:/Users/imran/OneDrive - Indian Institute of Science/IISc files/IISC/Thesis/Goa_population_estimation/Imran_surveys/GPS/Nov 25/Waypoints_13-NOV-25.gpx|layername=waypoints
73.771628,15.488277,4.335411000000000,2025/11/13 03:13:28.000,,,"741",,,,,,,,,,"Flag, Blue",,,,,,,,,Waypoints_13-NOV-25 waypoints,C:/Users/imran/OneDrive - Indian Institute of Science/IISc files/IISC/Thesis/Goa_population_estimation/Imran_surveys/GPS/Nov 25/Waypoints_13-NOV-25.gpx|layername=waypoints
73.783779,15.48958,3.664391000000000,2025/11/13 03:20:39.000,,,"742",,,,,,,,,,"Flag, Blue",,,,,,,,,Waypoints_13-NOV-25 waypoints,C:/Users/imran/OneDrive - Indian Institute of Science/IISc files/IISC/Thesis/Goa_population_estimation/Imran_surveys/GPS/Nov 25/Waypoints_13-NOV-25.gpx|layername=waypoints
73.789178,15.487766,4.583168000000000,2025/11/13 03:24:13.000,,,"743",,,,,,,,,,"Flag, Blue",,,,,,,,,Waypoints_13-NOV-25 waypoints,C:/Users/imran/OneDrive - Indian Institute of Science/IISc files/IISC/Thesis/Goa_population_estimation/Imran_surveys/GPS/Nov 25/Waypoints_13-NOV-25.gpx|layername=waypoints
73.793497,15.479617,4.373932000000000,2025/11/13 03:29:24.000,,,"744",,,,,,,,,,"Flag, Blue",,,,,,,,,Waypoints_13-NOV-25 waypoints,C:/Users/imran/OneDrive - Indian Institute of Science/IISc files/IISC/Thesis/Goa_population_estimation/Imran_surveys/GPS/Nov 25/Waypoints_13-NOV-25.gpx|layername=waypoints
73.793172,15.470979,4.731705000000000,2025/11/13 03:33:54.000,,,"745",,,,,,,,,,"Flag, Blue",,,,,,,,,Waypoints_13-NOV-25 waypoints,C:/Users/imran/OneDrive - Indian Institute of Science/IISc files/IISC/Thesis/Goa_population_estimation/Imran_surveys/GPS/Nov 25/Waypoints_13-NOV-25.gpx|layername=waypoints
73.796944,15.462888,3.834007000000000,2025/11/13 03:38:54.000,,,"746",,,,,,,,,,"Flag, Blue",,,,,,,,,Waypoints_13-NOV-25 waypoints,C:/Users/imran/OneDrive - Indian Institute of Science/IISc files/IISC/Thesis/Goa_population_estimation/Imran_surveys/GPS/Nov 25/Waypoints_13-NOV-25.gpx|layername=waypoints
73.797316,15.462939,-2.801682000000000,2025/11/14 01:19:31.000,,,"746",,,,,,,,,,"Flag, Blue",,,,,,,,,Waypoints_14-NOV-25 waypoints,C:/Users/imran/OneDrive - Indian Institute of Science/IISc files/IISC/Thesis/Goa_population_estimation/Imran_surveys/GPS/Nov 25/Waypoints_14-NOV-25.gpx|layername=waypoints
73.789309,15.466424,-1.481110000000000,2025/11/14 01:23:57.000,,,"747",,,,,,,,,,"Flag, Blue",,,,,,,,,Waypoints_14-NOV-25 waypoints,C:/Users/imran/OneDrive - Indian Institute of Science/IISc files/IISC/Thesis/Goa_population_estimation/Imran_surveys/GPS/Nov 25/Waypoints_14-NOV-25.gpx|layername=waypoints
73.781828,15.461948,-1.344536000000000,2025/11/14 01:28:16.000,,,"748",,,,,,,,,,"Flag, Blue",,,,,,,,,Waypoints_14-NOV-25 waypoints,C:/Users/imran/OneDrive - Indian Institute of Science/IISc files/IISC/Thesis/Goa_population_estimation/Imran_surveys/GPS/Nov 25/Waypoints_14-NOV-25.gpx|layername=waypoints
73.777997,15.456307,-1.385475000000000,2025/11/14 01:31:35.000,,,"749",,,,,,,,,,"Flag, Blue",,,,,,,,,Waypoints_14-NOV-25 waypoints,C:/Users/imran/OneDrive - Indian Institute of Science/IISc files/IISC/Thesis/Goa_population_estimation/Imran_surveys/GPS/Nov 25/Waypoints_14-NOV-25.gpx|layername=waypoints
73.777284,15.454353,-1.199524000000000,2025/11/14 01:32:36.000,,,"750",,,,,,,,,,"Flag, Blue",,,,,,,,,Waypoints_14-NOV-25 waypoints,C:/Users/imran/OneDrive - Indian Institute of Science/IISc files/IISC/Thesis/Goa_population_estimation/Imran_surveys/GPS/Nov 25/Waypoints_14-NOV-25.gpx|layername=waypoints
73.772662,15.446623,-0.650536000000000,2025/11/14 01:37:08.000,,,"751",,,,,,,,,,"Flag, Blue",,,,,,,,,Waypoints_14-NOV-25 waypoints,C:/Users/imran/OneDrive - Indian Institute of Science/IISc files/IISC/Thesis/Goa_population_estimation/Imran_surveys/GPS/Nov 25/Waypoints_14-NOV-25.gpx|layername=waypoints
73.771909,15.444666,-0.214592000000000,2025/11/14 01:38:09.000,,,"752",,,,,,,,,,"Flag, Blue",,,,,,,,,Waypoints_14-NOV-25 waypoints,C:/Users/imran/OneDrive - Indian Institute of Science/IISc files/IISC/Thesis/Goa_population_estimation/Imran_surveys/GPS/Nov 25/Waypoints_14-NOV-25.gpx|layername=waypoints
73.771528,15.443449,-0.029686000000000,2025/11/14 01:38:47.000,,,"753",,,,,,,,,,"Flag, Blue",,,,,,,,,Waypoints_14-NOV-25 waypoints,C:/Users/imran/OneDrive - Indian Institute of Science/IISc files/IISC/Thesis/Goa_population_estimation/Imran_surveys/GPS/Nov 25/Waypoints_14-NOV-25.gpx|layername=waypoints
73.769924,15.438526,0.594795000000000,2025/11/14 01:41:20.000,,,"754",,,,,,,,,,"Flag, Blue",,,,,,,,,Waypoints_14-NOV-25 waypoints,C:/Users/imran/OneDrive - Indian Institute of Science/IISc files/IISC/Thesis/Goa_population_estimation/Imran_surveys/GPS/Nov 25/Waypoints_14-NOV-25.gpx|layername=waypoints
73.765295,15.428952,-0.234283000000000,2025/11/14 01:46:29.000,,,"755",,,,,,,,,,"Flag, Blue",,,,,,,,,Waypoints_14-NOV-25 waypoints,C:/Users/imran/OneDrive - Indian Institute of Science/IISc files/IISC/Thesis/Goa_population_estimation/Imran_surveys/GPS/Nov 25/Waypoints_14-NOV-25.gpx|layername=waypoints
73.759856,15.42293,1.463753000000000,2025/11/14 01:50:36.000,,,"756",,,,,,,,,,"Flag, Blue",,,,,,,,,Waypoints_14-NOV-25 waypoints,C:/Users/imran/OneDrive - Indian Institute of Science/IISc files/IISC/Thesis/Goa_population_estimation/Imran_surveys/GPS/Nov 25/Waypoints_14-NOV-25.gpx|layername=waypoints
73.763649,15.416264,0.377441000000000,2025/11/14 01:54:44.000,,,"757",,,,,,,,,,"Flag, Blue",,,,,,,,,Waypoints_14-NOV-25 waypoints,C:/Users/imran/OneDrive - Indian Institute of Science/IISc files/IISC/Thesis/Goa_population_estimation/Imran_surveys/GPS/Nov 25/Waypoints_14-NOV-25.gpx|layername=waypoints
73.769735,15.40927,0.624443000000000,2025/11/14 01:59:41.000,,,"758",,,,,,,,,,"Flag, Blue",,,,,,,,,Waypoints_14-NOV-25 waypoints,C:/Users/imran/OneDrive - Indian Institute of Science/IISc files/IISC/Thesis/Goa_population_estimation/Imran_surveys/GPS/Nov 25/Waypoints_14-NOV-25.gpx|layername=waypoints
73.774423,15.402737,1.217163000000000,2025/11/14 02:04:17.000,,,"759",,,,,,,,,,"Flag, Blue",,,,,,,,,Waypoints_14-NOV-25 waypoints,C:/Users/imran/OneDrive - Indian Institute of Science/IISc files/IISC/Thesis/Goa_population_estimation/Imran_surveys/GPS/Nov 25/Waypoints_14-NOV-25.gpx|layername=waypoints
73.775718,15.401383,-0.068695000000000,2025/11/14 02:05:27.000,,,"760",,,,,,,,,,"Flag, Blue",,,,,,,,,Waypoints_14-NOV-25 waypoints,C:/Users/imran/OneDrive - Indian Institute of Science/IISc files/IISC/Thesis/Goa_population_estimation/Imran_surveys/GPS/Nov 25/Waypoints_14-NOV-25.gpx|layername=waypoints
73.782191,15.396335,0.219872000000000,2025/11/14 02:10:09.000,,,"761",,,,,,,,,,"Flag, Blue",,,,,,,,,Waypoints_14-NOV-25 waypoints,C:/Users/imran/OneDrive - Indian Institute of Science/IISc files/IISC/Thesis/Goa_population_estimation/Imran_surveys/GPS/Nov 25/Waypoints_14-NOV-25.gpx|layername=waypoints
73.790893,15.392542,0.153214000000000,2025/11/14 02:15:08.000,,,"762",,,,,,,,,,"Flag, Blue",,,,,,,,,Waypoints_14-NOV-25 waypoints,C:/Users/imran/OneDrive - Indian Institute of Science/IISc files/IISC/Thesis/Goa_population_estimation/Imran_surveys/GPS/Nov 25/Waypoints_14-NOV-25.gpx|layername=waypoints
73.799542,15.389007,1.777519000000000,2025/11/14 02:19:59.000,,,"763",,,,,,,,,,"Flag, Blue",,,,,,,,,Waypoints_14-NOV-25 waypoints,C:/Users/imran/OneDrive - Indian Institute of Science/IISc files/IISC/Thesis/Goa_population_estimation/Imran_surveys/GPS/Nov 25/Waypoints_14-NOV-25.gpx|layername=waypoints
73.799558,15.380142,1.801361000000000,2025/11/14 02:25:02.000,,,"764",,,,,,,,,,"Flag, Blue",,,,,,,,,Waypoints_14-NOV-25 waypoints,C:/Users/imran/OneDrive - Indian Institute of Science/IISc files/IISC/Thesis/Goa_population_estimation/Imran_surveys/GPS/Nov 25/Waypoints_14-NOV-25.gpx|layername=waypoints
73.800277,15.371569,2.829849000000000,2025/11/14 02:29:30.000,,,"765",,,,,,,,,,"Flag, Blue",,,,,,,,,Waypoints_14-NOV-25 waypoints,C:/Users/imran/OneDrive - Indian Institute of Science/IISc files/IISC/Thesis/Goa_population_estimation/Imran_surveys/GPS/Nov 25/Waypoints_14-NOV-25.gpx|layername=waypoints
73.806863,15.368648,1.645744000000000,2025/11/14 02:33:46.000,,,"766",,,,,,,,,,"Flag, Blue",,,,,,,,,Waypoints_14-NOV-25 waypoints,C:/Users/imran/OneDrive - Indian Institute of Science/IISc files/IISC/Thesis/Goa_population_estimation/Imran_surveys/GPS/Nov 25/Waypoints_14-NOV-25.gpx|layername=waypoints
73.816177,15.367365,1.601028000000000,2025/11/14 02:38:42.000,,,"767",,,,,,,,,,"Flag, Blue",,,,,,,,,Waypoints_14-NOV-25 waypoints,C:/Users/imran/OneDrive - Indian Institute of Science/IISc files/IISC/Thesis/Goa_population_estimation/Imran_surveys/GPS/Nov 25/Waypoints_14-NOV-25.gpx|layername=waypoints
73.822101,15.367122,0.641655000000000,2025/11/14 02:41:51.000,,,"768",,,,,,,,,,"Flag, Blue",,,,,,,,,Waypoints_14-NOV-25 waypoints,C:/Users/imran/OneDrive - Indian Institute of Science/IISc files/IISC/Thesis/Goa_population_estimation/Imran_surveys/GPS/Nov 25/Waypoints_14-NOV-25.gpx|layername=waypoints
73.825214,15.367249,1.063438000000000,2025/11/14 02:43:29.000,,,"769",,,,,,,,,,"Flag, Blue",,,,,,,,,Waypoints_14-NOV-25 waypoints,C:/Users/imran/OneDrive - Indian Institute of Science/IISc files/IISC/Thesis/Goa_population_estimation/Imran_surveys/GPS/Nov 25/Waypoints_14-NOV-25.gpx|layername=waypoints
73.830434,15.362922,2.052048000000000,2025/11/14 02:48:21.000,,,"770",,,,,,,,,,"Flag, Blue",,,,,,,,,Waypoints_14-NOV-25 waypoints,C:/Users/imran/OneDrive - Indian Institute of Science/IISc files/IISC/Thesis/Goa_population_estimation/Imran_surveys/GPS/Nov 25/Waypoints_14-NOV-25.gpx|layername=waypoints
73.834684,15.355893,1.406944000000000,2025/11/14 02:53:17.000,,,"771",,,,,,,,,,"Flag, Blue",,,,,,,,,Waypoints_14-NOV-25 waypoints,C:/Users/imran/OneDrive - Indian Institute of Science/IISc files/IISC/Thesis/Goa_population_estimation/Imran_surveys/GPS/Nov 25/Waypoints_14-NOV-25.gpx|layername=waypoints
73.844175,15.355814,1.653900000000000,2025/11/14 02:58:54.000,,,"772",,,,,,,,,,"Flag, Blue",,,,,,,,,Waypoints_14-NOV-25 waypoints,C:/Users/imran/OneDrive - Indian Institute of Science/IISc files/IISC/Thesis/Goa_population_estimation/Imran_surveys/GPS/Nov 25/Waypoints_14-NOV-25.gpx|layername=waypoints
73.852804,15.359134,2.020210000000000,2025/11/14 03:03:40.000,,,"773",,,,,,,,,,"Flag, Blue",,,,,,,,,Waypoints_14-NOV-25 waypoints,C:/Users/imran/OneDrive - Indian Institute of Science/IISc files/IISC/Thesis/Goa_population_estimation/Imran_surveys/GPS/Nov 25/Waypoints_14-NOV-25.gpx|layername=waypoints
73.861222,15.362069,1.308144000000000,2025/11/14 03:08:11.000,,,"774",,,,,,,,,,"Flag, Blue",,,,,,,,,Waypoints_14-NOV-25 waypoints,C:/Users/imran/OneDrive - Indian Institute of Science/IISc files/IISC/Thesis/Goa_population_estimation/Imran_surveys/GPS/Nov 25/Waypoints_14-NOV-25.gpx|layername=waypoints
73.867884,15.366161,-0.218079000000000,2025/11/14 03:12:07.000,,,"775",,,,,,,,,,"Flag, Blue",,,,,,,,,Waypoints_14-NOV-25 waypoints,C:/Users/imran/OneDrive - Indian Institute of Science/IISc files/IISC/Thesis/Goa_population_estimation/Imran_surveys/GPS/Nov 25/Waypoints_14-NOV-25.gpx|layername=waypoints
73.865815,15.357569,-0.862259000000000,2025/11/14 03:18:30.000,,,"776",,,,,,,,,,"Flag, Blue",,,,,,,,,Waypoints_14-NOV-25 waypoints,C:/Users/imran/OneDrive - Indian Institute of Science/IISc files/IISC/Thesis/Goa_population_estimation/Imran_surveys/GPS/Nov 25/Waypoints_14-NOV-25.gpx|layername=waypoints
73.865242,15.353101,-3.374329000000000,2025/11/14 03:21:05.000,,,"777",,,,,,,,,,"Flag, Blue",,,,,,,,,Waypoints_14-NOV-25 waypoints,C:/Users/imran/OneDrive - Indian Institute of Science/IISc files/IISC/Thesis/Goa_population_estimation/Imran_surveys/GPS/Nov 25/Waypoints_14-NOV-25.gpx|layername=waypoints
73.870095,15.349471,0.351753000000000,2025/11/14 03:24:06.000,,,"778",,,,,,,,,,"Flag, Blue",,,,,,,,,Waypoints_14-NOV-25 waypoints,C:/Users/imran/OneDrive - Indian Institute of Science/IISc files/IISC/Thesis/Goa_population_estimation/Imran_surveys/GPS/Nov 25/Waypoints_14-NOV-25.gpx|layername=waypoints
73.871272,15.348776,-1.096352000000000,2025/11/14 03:24:47.000,,,"779",,,,,,,,,,"Flag, Blue",,,,,,,,,Waypoints_14-NOV-25 waypoints,C:/Users/imran/OneDrive - Indian Institute of Science/IISc files/IISC/Thesis/Goa_population_estimation/Imran_surveys/GPS/Nov 25/Waypoints_14-NOV-25.gpx|layername=waypoints
73.872683,15.347861,-0.138260000000000,2025/11/14 03:25:58.000,,,"780",,,,,,,,,,"Flag, Blue",,,,,,,,,Waypoints_14-NOV-25 waypoints,C:/Users/imran/OneDrive - Indian Institute of Science/IISc files/IISC/Thesis/Goa_population_estimation/Imran_surveys/GPS/Nov 25/Waypoints_14-NOV-25.gpx|layername=waypoints
73.880784,15.343604,0.113754000000000,2025/11/14 03:30:56.000,,,"781",,,,,,,,,,"Flag, Blue",,,,,,,,,Waypoints_14-NOV-25 waypoints,C:/Users/imran/OneDrive - Indian Institute of Science/IISc files/IISC/Thesis/Goa_population_estimation/Imran_surveys/GPS/Nov 25/Waypoints_14-NOV-25.gpx|layername=waypoints
73.888429,15.339112,-1.345161000000000,2025/11/14 03:35:42.000,,,"782",,,,,,,,,,"Flag, Blue",,,,,,,,,Waypoints_14-NOV-25 waypoints,C:/Users/imran/OneDrive - Indian Institute of Science/IISc files/IISC/Thesis/Goa_population_estimation/Imran_surveys/GPS/Nov 25/Waypoints_14-NOV-25.gpx|layername=waypoints
73.887782,15.334041,-0.708900000000000,2025/11/14 03:38:42.000,,,"783",,,,,,,,,,"Flag, Blue",,,,,,,,,Waypoints_14-NOV-25 waypoints,C:/Users/imran/OneDrive - Indian Institute of Science/IISc files/IISC/Thesis/Goa_population_estimation/Imran_surveys/GPS/Nov 25/Waypoints_14-NOV-25.gpx|layername=waypoints
73.887251,15.331775,-0.471008000000000,2025/11/14 03:39:56.000,,,"784",,,,,,,,,,"Flag, Blue",,,,,,,,,Waypoints_14-NOV-25 waypoints,C:/Users/imran/OneDrive - Indian Institute of Science/IISc files/IISC/Thesis/Goa_population_estimation/Imran_surveys/GPS/Nov 25/Waypoints_14-NOV-25.gpx|layername=waypoints
73.886591,15.330602,-0.236969000000000,2025/11/14 03:40:39.000,,,"785",,,,,,,,,,"Flag, Blue",,,,,,,,,Waypoints_14-NOV-25 waypoints,C:/Users/imran/OneDrive - Indian Institute of Science/IISc files/IISC/Thesis/Goa_population_estimation/Imran_surveys/GPS/Nov 25/Waypoints_14-NOV-25.gpx|layername=waypoints
73.8861,15.329813,-0.818161000000000,2025/11/14 03:41:09.000,,,"786",,,,,,,,,,"Flag, Blue",,,,,,,,,Waypoints_14-NOV-25 waypoints,C:/Users/imran/OneDrive - Indian Institute of Science/IISc files/IISC/Thesis/Goa_population_estimation/Imran_surveys/GPS/Nov 25/Waypoints_14-NOV-25.gpx|layername=waypoints
73.881332,15.322419,-1.407639000000000,2025/11/14 03:45:50.000,,,"787",,,,,,,,,,"Flag, Blue",,,,,,,,,Waypoints_14-NOV-25 waypoints,C:/Users/imran/OneDrive - Indian Institute of Science/IISc files/IISC/Thesis/Goa_population_estimation/Imran_surveys/GPS/Nov 25/Waypoints_14-NOV-25.gpx|layername=waypoints
73.880779,15.315102,1.226852000000000,2025/11/14 03:50:22.000,,,"788",,,,,,,,,,"Flag, Blue",,,,,,,,,Waypoints_14-NOV-25 waypoints,C:/Users/imran/OneDrive - Indian Institute of Science/IISc files/IISC/Thesis/Goa_population_estimation/Imran_surveys/GPS/Nov 25/Waypoints_14-NOV-25.gpx|layername=waypoints
73.880859,15.315003,1.214691000000000,2025/11/14 03:50:26.000,,,"789",,,,,,,,,,"Flag, Blue",,,,,,,,,Waypoints_14-NOV-25 waypoints,C:/Users/imran/OneDrive - Indian Institute of Science/IISc files/IISC/Thesis/Goa_population_estimation/Imran_surveys/GPS/Nov 25/Waypoints_14-NOV-25.gpx|layername=waypoints
73.88093,15.314928,0.762512000000000,2025/11/14 03:50:30.000,,,"790",,,,,,,,,,"Flag, Blue",,,,,,,,,Waypoints_14-NOV-25 waypoints,C:/Users/imran/OneDrive - Indian Institute of Science/IISc files/IISC/Thesis/Goa_population_estimation/Imran_surveys/GPS/Nov 25/Waypoints_14-NOV-25.gpx|layername=waypoints
73.887875,15.308452,-0.943306000000000,2025/11/14 03:55:41.000,,,"791",,,,,,,,,,"Flag, Blue",,,,,,,,,Waypoints_14-NOV-25 waypoints,C:/Users/imran/OneDrive - Indian Institute of Science/IISc files/IISC/Thesis/Goa_population_estimation/Imran_surveys/GPS/Nov 25/Waypoints_14-NOV-25.gpx|layername=waypoints
73.893815,15.302037,-1.688797000000000,2025/11/14 04:00:25.000,,,"792",,,,,,,,,,"Flag, Blue",,,,,,,,,Waypoints_14-NOV-25 waypoints,C:/Users/imran/OneDrive - Indian Institute of Science/IISc files/IISC/Thesis/Goa_population_estimation/Imran_surveys/GPS/Nov 25/Waypoints_14-NOV-25.gpx|layername=waypoints
73.899344,15.296367,-1.021545000000000,2025/11/14 04:04:41.000,,,"793",,,,,,,,,,"Flag, Blue",,,,,,,,,Waypoints_14-NOV-25 waypoints,C:/Users/imran/OneDrive - Indian Institute of Science/IISc files/IISC/Thesis/Goa_population_estimation/Imran_surveys/GPS/Nov 25/Waypoints_14-NOV-25.gpx|layername=waypoints
73.897008,15.283228,-2.934525000000000,2025/11/14 04:14:06.000,,,"794",,,,,,,,,,"Flag, Blue",,,,,,,,,Waypoints_14-NOV-25 waypoints,C:/Users/imran/OneDrive - Indian Institute of Science/IISc files/IISC/Thesis/Goa_population_estimation/Imran_surveys/GPS/Nov 25/Waypoints_14-NOV-25.gpx|layername=waypoints
73.89441,15.280931,-1.401024000000000,2025/11/14 04:15:57.000,,,"795",,,,,,,,,,"Flag, Blue",,,,,,,,,Waypoints_14-NOV-25 waypoints,C:/Users/imran/OneDrive - Indian Institute of Science/IISc files/IISC/Thesis/Goa_population_estimation/Imran_surveys/GPS/Nov 25/Waypoints_14-NOV-25.gpx|layername=waypoints
73.893868,15.275865,-0.526947000000000,2025/11/14 04:19:03.000,,,"796",,,,,,,,,,"Flag, Blue",,,,,,,,,Waypoints_14-NOV-25 waypoints,C:/Users/imran/OneDrive - Indian Institute of Science/IISc files/IISC/Thesis/Goa_population_estimation/Imran_surveys/GPS/Nov 25/Waypoints_14-NOV-25.gpx|layername=waypoints
73.898261,15.267974,1.348213000000000,2025/11/14 04:24:08.000,,,"797",,,,,,,,,,"Flag, Blue",,,,,,,,,Waypoints_14-NOV-25 waypoints,C:/Users/imran/OneDrive - Indian Institute of Science/IISc files/IISC/Thesis/Goa_population_estimation/Imran_surveys/GPS/Nov 25/Waypoints_14-NOV-25.gpx|layername=waypoints
73.904309,15.261159,0.785385000000000,2025/11/14 04:29:11.000,,,"798",,,,,,,,,,"Flag, Blue",,,,,,,,,Waypoints_14-NOV-25 waypoints,C:/Users/imran/OneDrive - Indian Institute of Science/IISc files/IISC/Thesis/Goa_population_estimation/Imran_surveys/GPS/Nov 25/Waypoints_14-NOV-25.gpx|layername=waypoints
73.911909,15.25602,-1.265869000000000,2025/11/14 04:34:11.000,,,"799",,,,,,,,,,"Flag, Blue",,,,,,,,,Waypoints_14-NOV-25 waypoints,C:/Users/imran/OneDrive - Indian Institute of Science/IISc files/IISC/Thesis/Goa_population_estimation/Imran_surveys/GPS/Nov 25/Waypoints_14-NOV-25.gpx|layername=waypoints
73.916838,15.249183,-0.089706000000000,2025/11/14 04:39:00.000,,,"800",,,,,,,,,,"Flag, Blue",,,,,,,,,Waypoints_14-NOV-25 waypoints,C:/Users/imran/OneDrive - Indian Institute of Science/IISc files/IISC/Thesis/Goa_population_estimation/Imran_surveys/GPS/Nov 25/Waypoints_14-NOV-25.gpx|layername=waypoints
73.916203,15.248328,0.691071000000000,2025/11/14 04:39:33.000,,,"801",,,,,,,,,,"Flag, Blue",,,,,,,,,Waypoints_14-NOV-25 waypoints,C:/Users/imran/OneDrive - Indian Institute of Science/IISc files/IISC/Thesis/Goa_population_estimation/Imran_surveys/GPS/Nov 25/Waypoints_14-NOV-25.gpx|layername=waypoints
73.914157,15.243361,0.746338000000000,2025/11/14 04:42:25.000,,,"802",,,,,,,,,,"Flag, Blue",,,,,,,,,Waypoints_14-NOV-25 waypoints,C:/Users/imran/OneDrive - Indian Institute of Science/IISc files/IISC/Thesis/Goa_population_estimation/Imran_surveys/GPS/Nov 25/Waypoints_14-NOV-25.gpx|layername=waypoints
73.913434,15.24218,2.244858000000000,2025/11/14 04:43:09.000,,,"803",,,,,,,,,,"Flag, Blue",,,,,,,,,Waypoints_14-NOV-25 waypoints,C:/Users/imran/OneDrive - Indian Institute of Science/IISc files/IISC/Thesis/Goa_population_estimation/Imran_surveys/GPS/Nov 25/Waypoints_14-NOV-25.gpx|layername=waypoints
73.911812,15.239345,0.213135000000000,2025/11/14 04:44:53.000,,,"804",,,,,,,,,,"Flag, Blue",,,,,,,,,Waypoints_14-NOV-25 waypoints,C:/Users/imran/OneDrive - Indian Institute of Science/IISc files/IISC/Thesis/Goa_population_estimation/Imran_surveys/GPS/Nov 25/Waypoints_14-NOV-25.gpx|layername=waypoints
73.910577,15.235847,0.613144000000000,2025/11/14 04:50:22.000,,,"805",,,,,,,,,,"Flag, Blue",,,,,,,,,Waypoints_14-NOV-25 waypoints,C:/Users/imran/OneDrive - Indian Institute of Science/IISc files/IISC/Thesis/Goa_population_estimation/Imran_surveys/GPS/Nov 25/Waypoints_14-NOV-25.gpx|layername=waypoints
73.908766,15.232373,0.847351000000000,2025/11/14 04:52:22.000,,,"806",,,,,,,,,,"Flag, Blue",,,,,,,,,Waypoints_14-NOV-25 waypoints,C:/Users/imran/OneDrive - Indian Institute of Science/IISc files/IISC/Thesis/Goa_population_estimation/Imran_surveys/GPS/Nov 25/Waypoints_14-NOV-25.gpx|layername=waypoints
73.907659,15.229441,0.054253000000000,2025/11/14 04:53:58.000,,,"807",,,,,,,,,,"Flag, Blue",,,,,,,,,Waypoints_14-NOV-25 waypoints,C:/Users/imran/OneDrive - Indian Institute of Science/IISc files/IISC/Thesis/Goa_population_estimation/Imran_surveys/GPS/Nov 25/Waypoints_14-NOV-25.gpx|layername=waypoints
73.915379,15.22033,0.630478000000000,2025/11/14 05:01:12.000,,,"808",,,,,,,,,,"Flag, Blue",,,,,,,,,Waypoints_14-NOV-25 waypoints,C:/Users/imran/OneDrive - Indian Institute of Science/IISc files/IISC/Thesis/Goa_population_estimation/Imran_surveys/GPS/Nov 25/Waypoints_14-NOV-25.gpx|layername=waypoints
73.921197,15.213792,-5.952209000000000,2025/11/14 05:05:49.000,,,"809",,,,,,,,,,"Flag, Blue",,,,,,,,,Waypoints_14-NOV-25 waypoints,C:/Users/imran/OneDrive - Indian Institute of Science/IISc files/IISC/Thesis/Goa_population_estimation/Imran_surveys/GPS/Nov 25/Waypoints_14-NOV-25.gpx|layername=waypoints
73.927119,15.206965,-2.126694000000000,2025/11/14 05:10:25.000,,,"810",,,,,,,,,,"Flag, Blue",,,,,,,,,Waypoints_14-NOV-25 waypoints,C:/Users/imran/OneDrive - Indian Institute of Science/IISc files/IISC/Thesis/Goa_population_estimation/Imran_surveys/GPS/Nov 25/Waypoints_14-NOV-25.gpx|layername=waypoints
73.932504,15.199547,-2.059715000000000,2025/11/14 05:15:03.000,,,"811",,,,,,,,,,"Flag, Blue",,,,,,,,,Waypoints_14-NOV-25 waypoints,C:/Users/imran/OneDrive - Indian Institute of Science/IISc files/IISC/Thesis/Goa_population_estimation/Imran_surveys/GPS/Nov 25/Waypoints_14-NOV-25.gpx|layername=waypoints
73.932219,15.191134,-1.910362000000000,2025/11/14 05:19:31.000,,,"812",,,,,,,,,,"Flag, Blue",,,,,,,,,Waypoints_14-NOV-25 waypoints,C:/Users/imran/OneDrive - Indian Institute of Science/IISc files/IISC/Thesis/Goa_population_estimation/Imran_surveys/GPS/Nov 25/Waypoints_14-NOV-25.gpx|layername=waypoints
73.926165,15.17435,1.835663000000000,2025/11/14 05:28:27.000,,,"813",,,,,,,,,,"Flag, Blue",,,,,,,,,Waypoints_14-NOV-25 waypoints,C:/Users/imran/OneDrive - Indian Institute of Science/IISc files/IISC/Thesis/Goa_population_estimation/Imran_surveys/GPS/Nov 25/Waypoints_14-NOV-25.gpx|layername=waypoints
73.935484,15.158413,0.688721000000000,2025/11/14 05:37:11.000,,,"814",,,,,,,,,,"Flag, Blue",,,,,,,,,Waypoints_14-NOV-25 waypoints,C:/Users/imran/OneDrive - Indian Institute of Science/IISc files/IISC/Thesis/Goa_population_estimation/Imran_surveys/GPS/Nov 25/Waypoints_14-NOV-25.gpx|layername=waypoints
73.940197,15.152354,2.309853000000000,2025/11/14 05:40:41.000,,,"815",,,,,,,,,,"Flag, Blue",,,,,,,,,Waypoints_14-NOV-25 waypoints,C:/Users/imran/OneDrive - Indian Institute of Science/IISc files/IISC/Thesis/Goa_population_estimation/Imran_surveys/GPS/Nov 25/Waypoints_14-NOV-25.gpx|layername=waypoints
73.944493,15.144963,-3.027847000000000,2025/11/14 05:44:32.000,,,"816",,,,,,,,,,"Flag, Blue",,,,,,,,,Waypoints_14-NOV-25 waypoints,C:/Users/imran/OneDrive - Indian Institute of Science/IISc files/IISC/Thesis/Goa_population_estimation/Imran_surveys/GPS/Nov 25/Waypoints_14-NOV-25.gpx|layername=waypoints
73.950731,15.142066,-1.986244000000000,2025/11/14 05:48:37.000,,,"817",,,,,,,,,,"Flag, Blue",,,,,,,,,Waypoints_14-NOV-25 waypoints,C:/Users/imran/OneDrive - Indian Institute of Science/IISc files/IISC/Thesis/Goa_population_estimation/Imran_surveys/GPS/Nov 25/Waypoints_14-NOV-25.gpx|layername=waypoints
73.949804,15.142366,-2.667213000000000,2025/11/15 01:06:37.000,,,"817",,,,,,,,,,"Flag, Blue",,,,,,,,,Waypoints_15-NOV-25 waypoints,C:/Users/imran/OneDrive - Indian Institute of Science/IISc files/IISC/Thesis/Goa_population_estimation/Imran_surveys/GPS/Nov 25/Waypoints_15-NOV-25.gpx|layername=waypoints
73.94296,15.141477,-3.449341000000000,2025/11/15 01:10:07.000,,,"818",,,,,,,,,,"Flag, Blue",,,,,,,,,Waypoints_15-NOV-25 waypoints,C:/Users/imran/OneDrive - Indian Institute of Science/IISc files/IISC/Thesis/Goa_population_estimation/Imran_surveys/GPS/Nov 25/Waypoints_15-NOV-25.gpx|layername=waypoints
73.940697,15.141069,-2.422676000000000,2025/11/15 01:12:23.000,,,"819",,,,,,,,,,"Flag, Blue",,,,,,,,,Waypoints_15-NOV-25 waypoints,C:/Users/imran/OneDrive - Indian Institute of Science/IISc files/IISC/Thesis/Goa_population_estimation/Imran_surveys/GPS/Nov 25/Waypoints_15-NOV-25.gpx|layername=waypoints
73.93348,15.136912,-2.465446000000000,2025/11/15 01:16:29.000,,,"820",,,,,,,,,,"Flag, Blue",,,,,,,,,Waypoints_15-NOV-25 waypoints,C:/Users/imran/OneDrive - Indian Institute of Science/IISc files/IISC/Thesis/Goa_population_estimation/Imran_surveys/GPS/Nov 25/Waypoints_15-NOV-25.gpx|layername=waypoints
73.933337,15.136787,-2.613480000000000,2025/11/15 01:16:35.000,,,"821",,,,,,,,,,"Flag, Blue",,,,,,,,,Waypoints_15-NOV-25 waypoints,C:/Users/imran/OneDrive - Indian Institute of Science/IISc files/IISC/Thesis/Goa_population_estimation/Imran_surveys/GPS/Nov 25/Waypoints_15-NOV-25.gpx|layername=waypoints
73.931299,15.13076,-1.322304000000000,2025/11/15 01:20:59.000,,,"822",,,,,,,,,,"Flag, Blue",,,,,,,,,Waypoints_15-NOV-25 waypoints,C:/Users/imran/OneDrive - Indian Institute of Science/IISc files/IISC/Thesis/Goa_population_estimation/Imran_surveys/GPS/Nov 25/Waypoints_15-NOV-25.gpx|layername=waypoints
73.934038,15.126508,-1.974442000000000,2025/11/15 01:23:33.000,,,"823",,,,,,,,,,"Flag, Blue",,,,,,,,,Waypoints_15-NOV-25 waypoints,C:/Users/imran/OneDrive - Indian Institute of Science/IISc files/IISC/Thesis/Goa_population_estimation/Imran_surveys/GPS/Nov 25/Waypoints_15-NOV-25.gpx|layername=waypoints
73.935993,15.123564,-2.114273000000000,2025/11/15 01:25:23.000,,,"824",,,,,,,,,,"Flag, Blue",,,,,,,,,Waypoints_15-NOV-25 waypoints,C:/Users/imran/OneDrive - Indian Institute of Science/IISc files/IISC/Thesis/Goa_population_estimation/Imran_surveys/GPS/Nov 25/Waypoints_15-NOV-25.gpx|layername=waypoints
73.935525,15.121915,-0.574837000000000,2025/11/15 01:26:20.000,,,"825",,,,,,,,,,"Flag, Blue",,,,,,,,,Waypoints_15-NOV-25 waypoints,C:/Users/imran/OneDrive - Indian Institute of Science/IISc files/IISC/Thesis/Goa_population_estimation/Imran_surveys/GPS/Nov 25/Waypoints_15-NOV-25.gpx|layername=waypoints
73.934614,15.119093,-1.066475000000000,2025/11/15 01:27:58.000,,,"826",,,,,,,,,,"Flag, Blue",,,,,,,,,Waypoints_15-NOV-25 waypoints,C:/Users/imran/OneDrive - Indian Institute of Science/IISc files/IISC/Thesis/Goa_population_estimation/Imran_surveys/GPS/Nov 25/Waypoints_15-NOV-25.gpx|layername=waypoints
73.931415,15.116654,-2.226952000000000,2025/11/15 01:30:38.000,,,"827",,,,,,,,,,"Flag, Blue",,,,,,,,,Waypoints_15-NOV-25 waypoints,C:/Users/imran/OneDrive - Indian Institute of Science/IISc files/IISC/Thesis/Goa_population_estimation/Imran_surveys/GPS/Nov 25/Waypoints_15-NOV-25.gpx|layername=waypoints
73.922504,15.11904,-1.409073000000000,2025/11/15 01:35:25.000,,,"828",,,,,,,,,,"Flag, Blue",,,,,,,,,Waypoints_15-NOV-25 waypoints,C:/Users/imran/OneDrive - Indian Institute of Science/IISc files/IISC/Thesis/Goa_population_estimation/Imran_surveys/GPS/Nov 25/Waypoints_15-NOV-25.gpx|layername=waypoints
73.913767,15.117596,-1.856499000000000,2025/11/15 01:40:06.000,,,"829",,,,,,,,,,"Flag, Blue",,,,,,,,,Waypoints_15-NOV-25 waypoints,C:/Users/imran/OneDrive - Indian Institute of Science/IISc files/IISC/Thesis/Goa_population_estimation/Imran_surveys/GPS/Nov 25/Waypoints_15-NOV-25.gpx|layername=waypoints
73.915607,15.108036,-1.099892000000000,2025/11/15 01:45:48.000,,,"830",,,,,,,,,,"Flag, Blue",,,,,,,,,Waypoints_15-NOV-25 waypoints,C:/Users/imran/OneDrive - Indian Institute of Science/IISc files/IISC/Thesis/Goa_population_estimation/Imran_surveys/GPS/Nov 25/Waypoints_15-NOV-25.gpx|layername=waypoints
73.920788,15.102599,-0.421165000000000,2025/11/15 01:49:38.000,,,"831",,,,,,,,,,"Flag, Blue",,,,,,,,,Waypoints_15-NOV-25 waypoints,C:/Users/imran/OneDrive - Indian Institute of Science/IISc files/IISC/Thesis/Goa_population_estimation/Imran_surveys/GPS/Nov 25/Waypoints_15-NOV-25.gpx|layername=waypoints
73.921243,15.094974,0.033569000000000,2025/11/15 01:54:16.000,,,"832",,,,,,,,,,"Flag, Blue",,,,,,,,,Waypoints_15-NOV-25 waypoints,C:/Users/imran/OneDrive - Indian Institute of Science/IISc files/IISC/Thesis/Goa_population_estimation/Imran_surveys/GPS/Nov 25/Waypoints_15-NOV-25.gpx|layername=waypoints
73.913782,15.090277,-1.329102000000000,2025/11/15 01:59:02.000,,,"833",,,,,,,,,,"Flag, Blue",,,,,,,,,Waypoints_15-NOV-25 waypoints,C:/Users/imran/OneDrive - Indian Institute of Science/IISc files/IISC/Thesis/Goa_population_estimation/Imran_surveys/GPS/Nov 25/Waypoints_15-NOV-25.gpx|layername=waypoints
73.904868,15.086714,-0.784958000000000,2025/11/15 02:04:20.000,,,"834",,,,,,,,,,"Flag, Blue",,,,,,,,,Waypoints_15-NOV-25 waypoints,C:/Users/imran/OneDrive - Indian Institute of Science/IISc files/IISC/Thesis/Goa_population_estimation/Imran_surveys/GPS/Nov 25/Waypoints_15-NOV-25.gpx|layername=waypoints
73.909909,15.082941,-1.039787000000000,2025/11/15 02:09:26.000,,,"835",,,,,,,,,,"Flag, Blue",,,,,,,,,Waypoints_15-NOV-25 waypoints,C:/Users/imran/OneDrive - Indian Institute of Science/IISc files/IISC/Thesis/Goa_population_estimation/Imran_surveys/GPS/Nov 25/Waypoints_15-NOV-25.gpx|layername=waypoints
73.919525,15.080407,-0.795448000000000,2025/11/15 02:14:46.000,,,"836",,,,,,,,,,"Flag, Blue",,,,,,,,,Waypoints_15-NOV-25 waypoints,C:/Users/imran/OneDrive - Indian Institute of Science/IISc files/IISC/Thesis/Goa_population_estimation/Imran_surveys/GPS/Nov 25/Waypoints_15-NOV-25.gpx|layername=waypoints
73.926363,15.077763,-0.029854000000000,2025/11/15 02:18:57.000,,,"837",,,,,,,,,,"Flag, Blue",,,,,,,,,Waypoints_15-NOV-25 waypoints,C:/Users/imran/OneDrive - Indian Institute of Science/IISc files/IISC/Thesis/Goa_population_estimation/Imran_surveys/GPS/Nov 25/Waypoints_15-NOV-25.gpx|layername=waypoints
73.92403,15.069676,0.247429000000000,2025/11/15 02:23:52.000,,,"838",,,,,,,,,,"Flag, Blue",,,,,,,,,Waypoints_15-NOV-25 waypoints,C:/Users/imran/OneDrive - Indian Institute of Science/IISc files/IISC/Thesis/Goa_population_estimation/Imran_surveys/GPS/Nov 25/Waypoints_15-NOV-25.gpx|layername=waypoints
73.933433,15.069281,1.547745000000000,2025/11/15 02:28:50.000,,,"839",,,,,,,,,,"Flag, Blue",,,,,,,,,Waypoints_15-NOV-25 waypoints,C:/Users/imran/OneDrive - Indian Institute of Science/IISc files/IISC/Thesis/Goa_population_estimation/Imran_surveys/GPS/Nov 25/Waypoints_15-NOV-25.gpx|layername=waypoints
73.942469,15.069075,0.274170000000000,2025/11/15 02:33:31.000,,,"840",,,,,,,,,,"Flag, Blue",,,,,,,,,Waypoints_15-NOV-25 waypoints,C:/Users/imran/OneDrive - Indian Institute of Science/IISc files/IISC/Thesis/Goa_population_estimation/Imran_surveys/GPS/Nov 25/Waypoints_15-NOV-25.gpx|layername=waypoints
73.952569,15.069347,-0.122719000000000,2025/11/15 02:38:49.000,,,"841",,,,,,,,,,"Flag, Blue",,,,,,,,,Waypoints_15-NOV-25 waypoints,C:/Users/imran/OneDrive - Indian Institute of Science/IISc files/IISC/Thesis/Goa_population_estimation/Imran_surveys/GPS/Nov 25/Waypoints_15-NOV-25.gpx|layername=waypoints
73.955344,15.062872,0.071854000000000,2025/11/15 02:43:07.000,,,"842",,,,,,,,,,"Flag, Blue",,,,,,,,,Waypoints_15-NOV-25 waypoints,C:/Users/imran/OneDrive - Indian Institute of Science/IISc files/IISC/Thesis/Goa_population_estimation/Imran_surveys/GPS/Nov 25/Waypoints_15-NOV-25.gpx|layername=waypoints
73.956626,15.051311,-0.627380000000000,2025/11/15 02:49:19.000,,,"843",,,,,,,,,,"Flag, Blue",,,,,,,,,Waypoints_15-NOV-25 waypoints,C:/Users/imran/OneDrive - Indian Institute of Science/IISc files/IISC/Thesis/Goa_population_estimation/Imran_surveys/GPS/Nov 25/Waypoints_15-NOV-25.gpx|layername=waypoints
73.962536,15.049126,0.698906000000000,2025/11/15 02:53:00.000,,,"844",,,,,,,,,,"Flag, Blue",,,,,,,,,Waypoints_15-NOV-25 waypoints,C:/Users/imran/OneDrive - Indian Institute of Science/IISc files/IISC/Thesis/Goa_population_estimation/Imran_surveys/GPS/Nov 25/Waypoints_15-NOV-25.gpx|layername=waypoints
73.965201,15.048789,0.655144000000000,2025/11/15 02:54:25.000,,,"845",,,,,,,,,,"Flag, Blue",,,,,,,,,Waypoints_15-NOV-25 waypoints,C:/Users/imran/OneDrive - Indian Institute of Science/IISc files/IISC/Thesis/Goa_population_estimation/Imran_surveys/GPS/Nov 25/Waypoints_15-NOV-25.gpx|layername=waypoints
73.970882,15.048415,0.740211000000000,2025/11/15 02:57:26.000,,,"846",,,,,,,,,,"Flag, Blue",,,,,,,,,Waypoints_15-NOV-25 waypoints,C:/Users/imran/OneDrive - Indian Institute of Science/IISc files/IISC/Thesis/Goa_population_estimation/Imran_surveys/GPS/Nov 25/Waypoints_15-NOV-25.gpx|layername=waypoints
73.979188,15.049202,0.470284000000000,2025/11/15 03:02:25.000,,,"847",,,,,,,,,,"Flag, Blue",,,,,,,,,Waypoints_15-NOV-25 waypoints,C:/Users/imran/OneDrive - Indian Institute of Science/IISc files/IISC/Thesis/Goa_population_estimation/Imran_surveys/GPS/Nov 25/Waypoints_15-NOV-25.gpx|layername=waypoints
73.975401,15.040707,1.139244000000000,2025/11/15 03:07:19.000,,,"848",,,,,,,,,,"Flag, Blue",,,,,,,,,Waypoints_15-NOV-25 waypoints,C:/Users/imran/OneDrive - Indian Institute of Science/IISc files/IISC/Thesis/Goa_population_estimation/Imran_surveys/GPS/Nov 25/Waypoints_15-NOV-25.gpx|layername=waypoints
73.970914,15.033452,0.255798000000000,2025/11/15 03:12:07.000,,,"849",,,,,,,,,,"Flag, Blue",,,,,,,,,Waypoints_15-NOV-25 waypoints,C:/Users/imran/OneDrive - Indian Institute of Science/IISc files/IISC/Thesis/Goa_population_estimation/Imran_surveys/GPS/Nov 25/Waypoints_15-NOV-25.gpx|layername=waypoints
73.978321,15.027804,0.412216000000000,2025/11/15 03:17:05.000,,,"850",,,,,,,,,,"Flag, Blue",,,,,,,,,Waypoints_15-NOV-25 waypoints,C:/Users/imran/OneDrive - Indian Institute of Science/IISc files/IISC/Thesis/Goa_population_estimation/Imran_surveys/GPS/Nov 25/Waypoints_15-NOV-25.gpx|layername=waypoints
73.985426,15.022052,-2.473198000000000,2025/11/15 03:22:03.000,,,"851",,,,,,,,,,"Flag, Blue",,,,,,,,,Waypoints_15-NOV-25 waypoints,C:/Users/imran/OneDrive - Indian Institute of Science/IISc files/IISC/Thesis/Goa_population_estimation/Imran_surveys/GPS/Nov 25/Waypoints_15-NOV-25.gpx|layername=waypoints
73.985561,15.021942,-2.602509000000000,2025/11/15 03:22:08.000,,,"852",,,,,,,,,,"Flag, Blue",,,,,,,,,Waypoints_15-NOV-25 waypoints,C:/Users/imran/OneDrive - Indian Institute of Science/IISc files/IISC/Thesis/Goa_population_estimation/Imran_surveys/GPS/Nov 25/Waypoints_15-NOV-25.gpx|layername=waypoints
73.992325,15.016497,-0.502197000000000,2025/11/15 03:26:46.000,,,"853",,,,,,,,,,"Flag, Blue",,,,,,,,,Waypoints_15-NOV-25 waypoints,C:/Users/imran/OneDrive - Indian Institute of Science/IISc files/IISC/Thesis/Goa_population_estimation/Imran_surveys/GPS/Nov 25/Waypoints_15-NOV-25.gpx|layername=waypoints
73.995173,15.008086,-0.747673000000000,2025/11/15 03:31:40.000,,,"854",,,,,,,,,,"Flag, Blue",,,,,,,,,Waypoints_15-NOV-25 waypoints,C:/Users/imran/OneDrive - Indian Institute of Science/IISc files/IISC/Thesis/Goa_population_estimation/Imran_surveys/GPS/Nov 25/Waypoints_15-NOV-25.gpx|layername=waypoints
74.005461,15.005041,-1.432922000000000,2025/11/15 03:37:44.000,,,"855",,,,,,,,,,"Flag, Blue",,,,,,,,,Waypoints_15-NOV-25 waypoints,C:/Users/imran/OneDrive - Indian Institute of Science/IISc files/IISC/Thesis/Goa_population_estimation/Imran_surveys/GPS/Nov 25/Waypoints_15-NOV-25.gpx|layername=waypoints
74.011955,15.004572,-2.289452000000000,2025/11/15 03:41:13.000,,,"856",,,,,,,,,,"Flag, Blue",,,,,,,,,Waypoints_15-NOV-25 waypoints,C:/Users/imran/OneDrive - Indian Institute of Science/IISc files/IISC/Thesis/Goa_population_estimation/Imran_surveys/GPS/Nov 25/Waypoints_15-NOV-25.gpx|layername=waypoints
74.012904,15.004542,-2.371422000000000,2025/11/15 03:41:43.000,,,"857",,,,,,,,,,"Flag, Blue",,,,,,,,,Waypoints_15-NOV-25 waypoints,C:/Users/imran/OneDrive - Indian Institute of Science/IISc files/IISC/Thesis/Goa_population_estimation/Imran_surveys/GPS/Nov 25/Waypoints_15-NOV-25.gpx|layername=waypoints
74.015168,15.004418,-1.823822000000000,2025/11/15 03:42:56.000,,,"858",,,,,,,,,,"Flag, Blue",,,,,,,,,Waypoints_15-NOV-25 waypoints,C:/Users/imran/OneDrive - Indian Institute of Science/IISc files/IISC/Thesis/Goa_population_estimation/Imran_surveys/GPS/Nov 25/Waypoints_15-NOV-25.gpx|layername=waypoints
74.020908,15.00342,-1.838470000000000,2025/11/15 03:46:28.000,,,"859",,,,,,,,,,"Flag, Blue",,,,,,,,,Waypoints_15-NOV-25 waypoints,C:/Users/imran/OneDrive - Indian Institute of Science/IISc files/IISC/Thesis/Goa_population_estimation/Imran_surveys/GPS/Nov 25/Waypoints_15-NOV-25.gpx|layername=waypoints
74.021967,14.994602,-1.264793000000000,2025/11/15 03:51:20.000,,,"860",,,,,,,,,,"Flag, Blue",,,,,,,,,Waypoints_15-NOV-25 waypoints,C:/Users/imran/OneDrive - Indian Institute of Science/IISc files/IISC/Thesis/Goa_population_estimation/Imran_surveys/GPS/Nov 25/Waypoints_15-NOV-25.gpx|layername=waypoints
74.021,14.985612,-1.607185000000000,2025/11/15 03:56:05.000,,,"861",,,,,,,,,,"Flag, Blue",,,,,,,,,Waypoints_15-NOV-25 waypoints,C:/Users/imran/OneDrive - Indian Institute of Science/IISc files/IISC/Thesis/Goa_population_estimation/Imran_surveys/GPS/Nov 25/Waypoints_15-NOV-25.gpx|layername=waypoints
74.033964,14.97161,-2.037910000000000,2025/11/15 04:05:46.000,,,"862",,,,,,,,,,"Flag, Blue",,,,,,,,,Waypoints_15-NOV-25 waypoints,C:/Users/imran/OneDrive - Indian Institute of Science/IISc files/IISC/Thesis/Goa_population_estimation/Imran_surveys/GPS/Nov 25/Waypoints_15-NOV-25.gpx|layername=waypoints
74.041469,14.96613,1.403877000000000,2025/11/15 04:10:36.000,,,"863",,,,,,,,,,"Flag, Blue",,,,,,,,,Waypoints_15-NOV-25 waypoints,C:/Users/imran/OneDrive - Indian Institute of Science/IISc files/IISC/Thesis/Goa_population_estimation/Imran_surveys/GPS/Nov 25/Waypoints_15-NOV-25.gpx|layername=waypoints
74.041834,14.963751,0.838287000000000,2025/11/15 04:11:48.000,,,"864",,,,,,,,,,"Flag, Blue",,,,,,,,,Waypoints_15-NOV-25 waypoints,C:/Users/imran/OneDrive - Indian Institute of Science/IISc files/IISC/Thesis/Goa_population_estimation/Imran_surveys/GPS/Nov 25/Waypoints_15-NOV-25.gpx|layername=waypoints
74.041966,14.9631,0.973267000000000,2025/11/15 04:12:10.000,,,"865",,,,,,,,,,"Flag, Blue",,,,,,,,,Waypoints_15-NOV-25 waypoints,C:/Users/imran/OneDrive - Indian Institute of Science/IISc files/IISC/Thesis/Goa_population_estimation/Imran_surveys/GPS/Nov 25/Waypoints_15-NOV-25.gpx|layername=waypoints
74.042834,14.957678,0.125740000000000,2025/11/15 04:19:00.000,,,"866",,,,,,,,,,"Flag, Blue",,,,,,,,,Waypoints_15-NOV-25 waypoints,C:/Users/imran/OneDrive - Indian Institute of Science/IISc files/IISC/Thesis/Goa_population_estimation/Imran_surveys/GPS/Nov 25/Waypoints_15-NOV-25.gpx|layername=waypoints
74.036683,14.953933,-0.197609000000000,2025/11/15 04:22:14.000,,,"867",,,,,,,,,,"Flag, Blue",,,,,,,,,Waypoints_15-NOV-25 waypoints,C:/Users/imran/OneDrive - Indian Institute of Science/IISc files/IISC/Thesis/Goa_population_estimation/Imran_surveys/GPS/Nov 25/Waypoints_15-NOV-25.gpx|layername=waypoints
74.03268,14.945416,0.781502000000000,2025/11/15 04:26:27.000,,,"868",,,,,,,,,,"Flag, Blue",,,,,,,,,Waypoints_15-NOV-25 waypoints,C:/Users/imran/OneDrive - Indian Institute of Science/IISc files/IISC/Thesis/Goa_population_estimation/Imran_surveys/GPS/Nov 25/Waypoints_15-NOV-25.gpx|layername=waypoints
74.033408,14.94335,2.449448000000000,2025/11/15 04:30:03.000,,,"869",,,,,,,,,,"Flag, Blue",,,,,,,,,Waypoints_15-NOV-25 waypoints,C:/Users/imran/OneDrive - Indian Institute of Science/IISc files/IISC/Thesis/Goa_population_estimation/Imran_surveys/GPS/Nov 25/Waypoints_15-NOV-25.gpx|layername=waypoints
74.03279,14.93897,2.580971000000000,2025/11/15 04:33:51.000,,,"870",,,,,,,,,,"Flag, Blue",,,,,,,,,Waypoints_15-NOV-25 waypoints,C:/Users/imran/OneDrive - Indian Institute of Science/IISc files/IISC/Thesis/Goa_population_estimation/Imran_surveys/GPS/Nov 25/Waypoints_15-NOV-25.gpx|layername=waypoints
74.029649,14.931019,3.638657000000000,2025/11/15 04:38:13.000,,,"871",,,,,,,,,,"Flag, Blue",,,,,,,,,Waypoints_15-NOV-25 waypoints,C:/Users/imran/OneDrive - Indian Institute of Science/IISc files/IISC/Thesis/Goa_population_estimation/Imran_surveys/GPS/Nov 25/Waypoints_15-NOV-25.gpx|layername=waypoints
74.028073,14.92234,1.447830000000000,2025/11/15 04:43:00.000,,,"872",,,,,,,,,,"Flag, Blue",,,,,,,,,Waypoints_15-NOV-25 waypoints,C:/Users/imran/OneDrive - Indian Institute of Science/IISc files/IISC/Thesis/Goa_population_estimation/Imran_surveys/GPS/Nov 25/Waypoints_15-NOV-25.gpx|layername=waypoints
74.034863,14.92195,0.035248000000000,2025/11/15 04:48:01.000,,,"873",,,,,,,,,,"Flag, Blue",,,,,,,,,Waypoints_15-NOV-25 waypoints,C:/Users/imran/OneDrive - Indian Institute of Science/IISc files/IISC/Thesis/Goa_population_estimation/Imran_surveys/GPS/Nov 25/Waypoints_15-NOV-25.gpx|layername=waypoints
74.039068,14.926786,0.851486000000000,2025/11/15 04:52:24.000,,,"874",,,,,,,,,,"Flag, Blue",,,,,,,,,Waypoints_15-NOV-25 waypoints,C:/Users/imran/OneDrive - Indian Institute of Science/IISc files/IISC/Thesis/Goa_population_estimation/Imran_surveys/GPS/Nov 25/Waypoints_15-NOV-25.gpx|layername=waypoints
74.033665,14.934108,-0.204742000000000,2025/11/15 04:57:06.000,,,"875",,,,,,,,,,"Flag, Blue",,,,,,,,,Waypoints_15-NOV-25 waypoints,C:/Users/imran/OneDrive - Indian Institute of Science/IISc files/IISC/Thesis/Goa_population_estimation/Imran_surveys/GPS/Nov 25/Waypoints_15-NOV-25.gpx|layername=waypoints
74.034323,14.94236,2.021034000000000,2025/11/15 05:02:14.000,,,"876",,,,,,,,,,"Flag, Blue",,,,,,,,,Waypoints_15-NOV-25 waypoints,C:/Users/imran/OneDrive - Indian Institute of Science/IISc files/IISC/Thesis/Goa_population_estimation/Imran_surveys/GPS/Nov 25/Waypoints_15-NOV-25.gpx|layername=waypoints
74.038707,14.947743,3.848473000000000,2025/11/15 05:05:46.000,,,"877",,,,,,,,,,"Flag, Blue",,,,,,,,,Waypoints_15-NOV-25 waypoints,C:/Users/imran/OneDrive - Indian Institute of Science/IISc files/IISC/Thesis/Goa_population_estimation/Imran_surveys/GPS/Nov 25/Waypoints_15-NOV-25.gpx|layername=waypoints
74.039381,14.948851,5.405289000000000,2025/11/15 05:06:26.000,,,"878",,,,,,,,,,"Flag, Blue",,,,,,,,,Waypoints_15-NOV-25 waypoints,C:/Users/imran/OneDrive - Indian Institute of Science/IISc files/IISC/Thesis/Goa_population_estimation/Imran_surveys/GPS/Nov 25/Waypoints_15-NOV-25.gpx|layername=waypoints
74.034374,14.955253,3.165016000000000,2025/11/15 05:11:00.000,,,"879",,,,,,,,,,"Flag, Blue",,,,,,,,,Waypoints_15-NOV-25 waypoints,C:/Users/imran/OneDrive - Indian Institute of Science/IISc files/IISC/Thesis/Goa_population_estimation/Imran_surveys/GPS/Nov 25/Waypoints_15-NOV-25.gpx|layername=waypoints
74.031723,14.962484,2.117653000000000,2025/11/15 05:15:33.000,,,"880",,,,,,,,,,"Flag, Blue",,,,,,,,,Waypoints_15-NOV-25 waypoints,C:/Users/imran/OneDrive - Indian Institute of Science/IISc files/IISC/Thesis/Goa_population_estimation/Imran_surveys/GPS/Nov 25/Waypoints_15-NOV-25.gpx|layername=waypoints
74.037383,14.969648,1.968575000000000,2025/11/15 05:20:09.000,,,"881",,,,,,,,,,"Flag, Blue",,,,,,,,,Waypoints_15-NOV-25 waypoints,C:/Users/imran/OneDrive - Indian Institute of Science/IISc files/IISC/Thesis/Goa_population_estimation/Imran_surveys/GPS/Nov 25/Waypoints_15-NOV-25.gpx|layername=waypoints
74.037849,14.976665,1.488693000000000,2025/11/15 05:24:38.000,,,"882",,,,,,,,,,"Flag, Blue",,,,,,,,,Waypoints_15-NOV-25 waypoints,C:/Users/imran/OneDrive - Indian Institute of Science/IISc files/IISC/Thesis/Goa_population_estimation/Imran_surveys/GPS/Nov 25/Waypoints_15-NOV-25.gpx|layername=waypoints
74.032018,14.982443,1.954147000000000,2025/11/15 05:29:17.000,,,"883",,,,,,,,,,"Flag, Blue",,,,,,,,,Waypoints_15-NOV-25 waypoints,C:/Users/imran/OneDrive - Indian Institute of Science/IISc files/IISC/Thesis/Goa_population_estimation/Imran_surveys/GPS/Nov 25/Waypoints_15-NOV-25.gpx|layername=waypoints
74.037198,14.984893,0.240540000000000,2025/11/15 05:31:56.000,,,"884",,,,,,,,,,"Flag, Blue",,,,,,,,,Waypoints_15-NOV-25 waypoints,C:/Users/imran/OneDrive - Indian Institute of Science/IISc files/IISC/Thesis/Goa_population_estimation/Imran_surveys/GPS/Nov 25/Waypoints_15-NOV-25.gpx|layername=waypoints
74.038401,14.98437,1.809547000000000,2025/11/16 01:49:08.000,,,"885",,,,,,,,,,"Flag, Blue",,,,,,,,,Waypoints_16-NOV-25 waypoints,C:/Users/imran/OneDrive - Indian Institute of Science/IISc files/IISC/Thesis/Goa_population_estimation/Imran_surveys/GPS/Nov 25/Waypoints_16-NOV-25.gpx|layername=waypoints
74.032013,14.989828,1.115738000000000,2025/11/16 01:53:43.000,,,"886",,,,,,,,,,"Flag, Blue",,,,,,,,,Waypoints_16-NOV-25 waypoints,C:/Users/imran/OneDrive - Indian Institute of Science/IISc files/IISC/Thesis/Goa_population_estimation/Imran_surveys/GPS/Nov 25/Waypoints_16-NOV-25.gpx|layername=waypoints
74.025112,14.99422,2.045380000000000,2025/11/16 01:57:53.000,,,"887",,,,,,,,,,"Flag, Blue",,,,,,,,,Waypoints_16-NOV-25 waypoints,C:/Users/imran/OneDrive - Indian Institute of Science/IISc files/IISC/Thesis/Goa_population_estimation/Imran_surveys/GPS/Nov 25/Waypoints_16-NOV-25.gpx|layername=waypoints
74.022218,15.002977,1.323448000000000,2025/11/16 02:02:41.000,,,"888",,,,,,,,,,"Flag, Blue",,,,,,,,,Waypoints_16-NOV-25 waypoints,C:/Users/imran/OneDrive - Indian Institute of Science/IISc files/IISC/Thesis/Goa_population_estimation/Imran_surveys/GPS/Nov 25/Waypoints_16-NOV-25.gpx|layername=waypoints
74.021807,15.004305,2.653107000000000,2025/11/16 02:03:24.000,,,"889",,,,,,,,,,"Flag, Blue",,,,,,,,,Waypoints_16-NOV-25 waypoints,C:/Users/imran/OneDrive - Indian Institute of Science/IISc files/IISC/Thesis/Goa_population_estimation/Imran_surveys/GPS/Nov 25/Waypoints_16-NOV-25.gpx|layername=waypoints
74.018371,15.007797,3.238487000000000,2025/11/16 02:06:15.000,,,"890",,,,,,,,,,"Flag, Blue",,,,,,,,,Waypoints_16-NOV-25 waypoints,C:/Users/imran/OneDrive - Indian Institute of Science/IISc files/IISC/Thesis/Goa_population_estimation/Imran_surveys/GPS/Nov 25/Waypoints_16-NOV-25.gpx|layername=waypoints
74.007624,15.005149,1.425552000000000,2025/11/16 02:11:53.000,,,"891",,,,,,,,,,"Flag, Blue",,,,,,,,,Waypoints_16-NOV-25 waypoints,C:/Users/imran/OneDrive - Indian Institute of Science/IISc files/IISC/Thesis/Goa_population_estimation/Imran_surveys/GPS/Nov 25/Waypoints_16-NOV-25.gpx|layername=waypoints
73.998345,15.006322,4.243797000000000,2025/11/16 02:16:42.000,,,"892",,,,,,,,,,"Flag, Blue",,,,,,,,,Waypoints_16-NOV-25 waypoints,C:/Users/imran/OneDrive - Indian Institute of Science/IISc files/IISC/Thesis/Goa_population_estimation/Imran_surveys/GPS/Nov 25/Waypoints_16-NOV-25.gpx|layername=waypoints
73.994113,15.013819,2.943726000000000,2025/11/16 02:21:03.000,,,"893",,,,,,,,,,"Flag, Blue",,,,,,,,,Waypoints_16-NOV-25 waypoints,C:/Users/imran/OneDrive - Indian Institute of Science/IISc files/IISC/Thesis/Goa_population_estimation/Imran_surveys/GPS/Nov 25/Waypoints_16-NOV-25.gpx|layername=waypoints
73.986371,15.018577,1.416313000000000,2025/11/16 02:25:48.000,,,"894",,,,,,,,,,"Flag, Blue",,,,,,,,,Waypoints_16-NOV-25 waypoints,C:/Users/imran/OneDrive - Indian Institute of Science/IISc files/IISC/Thesis/Goa_population_estimation/Imran_surveys/GPS/Nov 25/Waypoints_16-NOV-25.gpx|layername=waypoints
73.979033,15.024431,2.385307000000000,2025/11/16 02:30:28.000,,,"895",,,,,,,,,,"Flag, Blue",,,,,,,,,Waypoints_16-NOV-25 waypoints,C:/Users/imran/OneDrive - Indian Institute of Science/IISc files/IISC/Thesis/Goa_population_estimation/Imran_surveys/GPS/Nov 25/Waypoints_16-NOV-25.gpx|layername=waypoints
73.974253,15.030402,1.690453000000000,2025/11/16 02:34:44.000,,,"896",,,,,,,,,,"Flag, Blue",,,,,,,,,Waypoints_16-NOV-25 waypoints,C:/Users/imran/OneDrive - Indian Institute of Science/IISc files/IISC/Thesis/Goa_population_estimation/Imran_surveys/GPS/Nov 25/Waypoints_16-NOV-25.gpx|layername=waypoints
73.977128,15.040341,3.346260000000000,2025/11/16 02:40:06.000,,,"897",,,,,,,,,,"Flag, Blue",,,,,,,,,Waypoints_16-NOV-25 waypoints,C:/Users/imran/OneDrive - Indian Institute of Science/IISc files/IISC/Thesis/Goa_population_estimation/Imran_surveys/GPS/Nov 25/Waypoints_16-NOV-25.gpx|layername=waypoints
73.978597,15.045162,2.981392000000000,2025/11/16 02:42:41.000,,,"898",,,,,,,,,,"Flag, Blue",,,,,,,,,Waypoints_16-NOV-25 waypoints,C:/Users/imran/OneDrive - Indian Institute of Science/IISc files/IISC/Thesis/Goa_population_estimation/Imran_surveys/GPS/Nov 25/Waypoints_16-NOV-25.gpx|layername=waypoints
73.977758,15.048775,1.515457000000000,2025/11/16 02:44:54.000,,,"899",,,,,,,,,,"Flag, Blue",,,,,,,,,Waypoints_16-NOV-25 waypoints,C:/Users/imran/OneDrive - Indian Institute of Science/IISc files/IISC/Thesis/Goa_population_estimation/Imran_surveys/GPS/Nov 25/Waypoints_16-NOV-25.gpx|layername=waypoints
73.97663,15.04923,3.164169000000000,2025/11/16 02:45:30.000,,,"900",,,,,,,,,,"Flag, Blue",,,,,,,,,Waypoints_16-NOV-25 waypoints,C:/Users/imran/OneDrive - Indian Institute of Science/IISc files/IISC/Thesis/Goa_population_estimation/Imran_surveys/GPS/Nov 25/Waypoints_16-NOV-25.gpx|layername=waypoints
73.973741,15.050167,2.950142000000000,2025/11/16 02:46:59.000,,,"901",,,,,,,,,,"Flag, Blue",,,,,,,,,Waypoints_16-NOV-25 waypoints,C:/Users/imran/OneDrive - Indian Institute of Science/IISc files/IISC/Thesis/Goa_population_estimation/Imran_surveys/GPS/Nov 25/Waypoints_16-NOV-25.gpx|layername=waypoints
73.972707,15.050442,3.060242000000000,2025/11/16 02:47:30.000,,,"902",,,,,,,,,,"Flag, Blue",,,,,,,,,Waypoints_16-NOV-25 waypoints,C:/Users/imran/OneDrive - Indian Institute of Science/IISc files/IISC/Thesis/Goa_population_estimation/Imran_surveys/GPS/Nov 25/Waypoints_16-NOV-25.gpx|layername=waypoints
73.970672,15.05093,3.020187000000000,2025/11/16 02:48:32.000,,,"903",,,,,,,,,,"Flag, Blue",,,,,,,,,Waypoints_16-NOV-25 waypoints,C:/Users/imran/OneDrive - Indian Institute of Science/IISc files/IISC/Thesis/Goa_population_estimation/Imran_surveys/GPS/Nov 25/Waypoints_16-NOV-25.gpx|layername=waypoints
73.969091,15.051455,2.656700000000000,2025/11/16 02:49:20.000,,,"904",,,,,,,,,,"Flag, Blue",,,,,,,,,Waypoints_16-NOV-25 waypoints,C:/Users/imran/OneDrive - Indian Institute of Science/IISc files/IISC/Thesis/Goa_population_estimation/Imran_surveys/GPS/Nov 25/Waypoints_16-NOV-25.gpx|layername=waypoints
73.966203,15.052528,2.083351000000000,2025/11/16 02:50:49.000,,,"905",,,,,,,,,,"Flag, Blue",,,,,,,,,Waypoints_16-NOV-25 waypoints,C:/Users/imran/OneDrive - Indian Institute of Science/IISc files/IISC/Thesis/Goa_population_estimation/Imran_surveys/GPS/Nov 25/Waypoints_16-NOV-25.gpx|layername=waypoints
73.964324,15.053124,2.795021000000000,2025/11/16 02:51:47.000,,,"906",,,,,,,,,,"Flag, Blue",,,,,,,,,Waypoints_16-NOV-25 waypoints,C:/Users/imran/OneDrive - Indian Institute of Science/IISc files/IISC/Thesis/Goa_population_estimation/Imran_surveys/GPS/Nov 25/Waypoints_16-NOV-25.gpx|layername=waypoints
73.961912,15.053925,2.625008000000000,2025/11/16 02:53:01.000,,,"907",,,,,,,,,,"Flag, Blue",,,,,,,,,Waypoints_16-NOV-25 waypoints,C:/Users/imran/OneDrive - Indian Institute of Science/IISc files/IISC/Thesis/Goa_population_estimation/Imran_surveys/GPS/Nov 25/Waypoints_16-NOV-25.gpx|layername=waypoints
73.955637,15.059085,2.112434000000000,2025/11/16 02:57:40.000,,,"908",,,,,,,,,,"Flag, Blue",,,,,,,,,Waypoints_16-NOV-25 waypoints,C:/Users/imran/OneDrive - Indian Institute of Science/IISc files/IISC/Thesis/Goa_population_estimation/Imran_surveys/GPS/Nov 25/Waypoints_16-NOV-25.gpx|layername=waypoints
73.953824,15.066927,2.410629000000000,2025/11/16 03:02:48.000,,,"909",,,,,,,,,,"Flag, Blue",,,,,,,,,Waypoints_16-NOV-25 waypoints,C:/Users/imran/OneDrive - Indian Institute of Science/IISc files/IISC/Thesis/Goa_population_estimation/Imran_surveys/GPS/Nov 25/Waypoints_16-NOV-25.gpx|layername=waypoints
73.945399,15.065093,2.324005000000000,2025/11/16 03:07:07.000,,,"910",,,,,,,,,,"Flag, Blue",,,,,,,,,Waypoints_16-NOV-25 waypoints,C:/Users/imran/OneDrive - Indian Institute of Science/IISc files/IISC/Thesis/Goa_population_estimation/Imran_surveys/GPS/Nov 25/Waypoints_16-NOV-25.gpx|layername=waypoints
73.936386,15.06446,1.219597000000000,2025/11/16 03:11:29.000,,,"911",,,,,,,,,,"Flag, Blue",,,,,,,,,Waypoints_16-NOV-25 waypoints,C:/Users/imran/OneDrive - Indian Institute of Science/IISc files/IISC/Thesis/Goa_population_estimation/Imran_surveys/GPS/Nov 25/Waypoints_16-NOV-25.gpx|layername=waypoints
73.930634,15.073001,1.340385000000000,2025/11/16 03:17:07.000,,,"912",,,,,,,,,,"Flag, Blue",,,,,,,,,Waypoints_16-NOV-25 waypoints,C:/Users/imran/OneDrive - Indian Institute of Science/IISc files/IISC/Thesis/Goa_population_estimation/Imran_surveys/GPS/Nov 25/Waypoints_16-NOV-25.gpx|layername=waypoints
73.927849,15.078693,1.720169000000000,2025/11/16 03:20:16.000,,,"913",,,,,,,,,,"Flag, Blue",,,,,,,,,Waypoints_16-NOV-25 waypoints,C:/Users/imran/OneDrive - Indian Institute of Science/IISc files/IISC/Thesis/Goa_population_estimation/Imran_surveys/GPS/Nov 25/Waypoints_16-NOV-25.gpx|layername=waypoints
73.925813,15.082656,2.225945000000000,2025/11/16 03:22:27.000,,,"914",,,,,,,,,,"Flag, Blue",,,,,,,,,Waypoints_16-NOV-25 waypoints,C:/Users/imran/OneDrive - Indian Institute of Science/IISc files/IISC/Thesis/Goa_population_estimation/Imran_surveys/GPS/Nov 25/Waypoints_16-NOV-25.gpx|layername=waypoints
73.921287,15.082721,2.364952000000000,2025/11/16 03:25:13.000,,,"915",,,,,,,,,,"Flag, Blue",,,,,,,,,Waypoints_16-NOV-25 waypoints,C:/Users/imran/OneDrive - Indian Institute of Science/IISc files/IISC/Thesis/Goa_population_estimation/Imran_surveys/GPS/Nov 25/Waypoints_16-NOV-25.gpx|layername=waypoints
73.913987,15.082805,1.054268000000000,2025/11/16 03:28:58.000,,,"916",,,,,,,,,,"Flag, Blue",,,,,,,,,Waypoints_16-NOV-25 waypoints,C:/Users/imran/OneDrive - Indian Institute of Science/IISc files/IISC/Thesis/Goa_population_estimation/Imran_surveys/GPS/Nov 25/Waypoints_16-NOV-25.gpx|layername=waypoints
73.912254,15.083048,0.547775000000000,2025/11/16 03:29:51.000,,,"917",,,,,,,,,,"Flag, Blue",,,,,,,,,Waypoints_16-NOV-25 waypoints,C:/Users/imran/OneDrive - Indian Institute of Science/IISc files/IISC/Thesis/Goa_population_estimation/Imran_surveys/GPS/Nov 25/Waypoints_16-NOV-25.gpx|layername=waypoints
73.907124,15.089244,2.669525000000000,2025/11/16 03:34:11.000,,,"918",,,,,,,,,,"Flag, Blue",,,,,,,,,Waypoints_16-NOV-25 waypoints,C:/Users/imran/OneDrive - Indian Institute of Science/IISc files/IISC/Thesis/Goa_population_estimation/Imran_surveys/GPS/Nov 25/Waypoints_16-NOV-25.gpx|layername=waypoints
73.909637,15.09732,1.899300000000000,2025/11/16 03:38:47.000,,,"919",,,,,,,,,,"Flag, Blue",,,,,,,,,Waypoints_16-NOV-25 waypoints,C:/Users/imran/OneDrive - Indian Institute of Science/IISc files/IISC/Thesis/Goa_population_estimation/Imran_surveys/GPS/Nov 25/Waypoints_16-NOV-25.gpx|layername=waypoints
73.912034,15.101488,2.951920000000000,2025/11/16 03:41:14.000,,,"920",,,,,,,,,,"Flag, Blue",,,,,,,,,Waypoints_16-NOV-25 waypoints,C:/Users/imran/OneDrive - Indian Institute of Science/IISc files/IISC/Thesis/Goa_population_estimation/Imran_surveys/GPS/Nov 25/Waypoints_16-NOV-25.gpx|layername=waypoints
73.914132,15.104991,1.785545000000000,2025/11/16 03:43:20.000,,,"921",,,,,,,,,,"Flag, Blue",,,,,,,,,Waypoints_16-NOV-25 waypoints,C:/Users/imran/OneDrive - Indian Institute of Science/IISc files/IISC/Thesis/Goa_population_estimation/Imran_surveys/GPS/Nov 25/Waypoints_16-NOV-25.gpx|layername=waypoints
73.921298,15.110919,1.999802000000000,2025/11/16 03:48:31.000,,,"922",,,,,,,,,,"Flag, Blue",,,,,,,,,Waypoints_16-NOV-25 waypoints,C:/Users/imran/OneDrive - Indian Institute of Science/IISc files/IISC/Thesis/Goa_population_estimation/Imran_surveys/GPS/Nov 25/Waypoints_16-NOV-25.gpx|layername=waypoints
73.923442,15.112321,1.735390000000000,2025/11/16 03:49:55.000,,,"923",,,,,,,,,,"Flag, Blue",,,,,,,,,Waypoints_16-NOV-25 waypoints,C:/Users/imran/OneDrive - Indian Institute of Science/IISc files/IISC/Thesis/Goa_population_estimation/Imran_surveys/GPS/Nov 25/Waypoints_16-NOV-25.gpx|layername=waypoints
73.935961,15.120645,1.949821000000000,2025/11/16 03:58:17.000,,,"924",,,,,,,,,,"Flag, Blue",,,,,,,,,Waypoints_16-NOV-25 waypoints,C:/Users/imran/OneDrive - Indian Institute of Science/IISc files/IISC/Thesis/Goa_population_estimation/Imran_surveys/GPS/Nov 25/Waypoints_16-NOV-25.gpx|layername=waypoints
73.930738,15.128804,3.702583000000000,2025/11/16 04:03:29.000,,,"925",,,,,,,,,,"Flag, Blue",,,,,,,,,Waypoints_16-NOV-25 waypoints,C:/Users/imran/OneDrive - Indian Institute of Science/IISc files/IISC/Thesis/Goa_population_estimation/Imran_surveys/GPS/Nov 25/Waypoints_16-NOV-25.gpx|layername=waypoints
73.926074,15.135862,3.224571000000000,2025/11/16 04:08:02.000,,,"926",,,,,,,,,,"Flag, Blue",,,,,,,,,Waypoints_16-NOV-25 waypoints,C:/Users/imran/OneDrive - Indian Institute of Science/IISc files/IISC/Thesis/Goa_population_estimation/Imran_surveys/GPS/Nov 25/Waypoints_16-NOV-25.gpx|layername=waypoints
73.927942,15.139424,3.939651000000000,2025/11/16 04:12:53.000,,,"927",,,,,,,,,,"Flag, Blue",,,,,,,,,Waypoints_16-NOV-25 waypoints,C:/Users/imran/OneDrive - Indian Institute of Science/IISc files/IISC/Thesis/Goa_population_estimation/Imran_surveys/GPS/Nov 25/Waypoints_16-NOV-25.gpx|layername=waypoints
73.936836,15.140763,2.117165000000000,2025/11/16 04:17:09.000,,,"928",,,,,,,,,,"Flag, Blue",,,,,,,,,Waypoints_16-NOV-25 waypoints,C:/Users/imran/OneDrive - Indian Institute of Science/IISc files/IISC/Thesis/Goa_population_estimation/Imran_surveys/GPS/Nov 25/Waypoints_16-NOV-25.gpx|layername=waypoints
73.938407,15.141022,1.727638000000000,2025/11/16 04:17:49.000,,,"929",,,,,,,,,,"Flag, Blue",,,,,,,,,Waypoints_16-NOV-25 waypoints,C:/Users/imran/OneDrive - Indian Institute of Science/IISc files/IISC/Thesis/Goa_population_estimation/Imran_surveys/GPS/Nov 25/Waypoints_16-NOV-25.gpx|layername=waypoints
73.939662,15.141173,4.378960000000000,2025/11/16 04:18:33.000,,,"930",,,,,,,,,,"Flag, Blue",,,,,,,,,Waypoints_16-NOV-25 waypoints,C:/Users/imran/OneDrive - Indian Institute of Science/IISc files/IISC/Thesis/Goa_population_estimation/Imran_surveys/GPS/Nov 25/Waypoints_16-NOV-25.gpx|layername=waypoints
73.946182,15.142562,9.104286000000000,2025/11/16 04:43:19.000,,,"931",,,,,,,,,,"Flag, Blue",,,,,,,,,Waypoints_16-NOV-25 waypoints,C:/Users/imran/OneDrive - Indian Institute of Science/IISc files/IISC/Thesis/Goa_population_estimation/Imran_surveys/GPS/Nov 25/Waypoints_16-NOV-25.gpx|layername=waypoints
73.949613,15.142397,-1.730171000000000,2025/11/17 01:00:57.000,,,"931",,,,,,,,,,"Flag, Blue",,,,,,,,,Waypoints_17-NOV-25 waypoints,C:/Users/imran/OneDrive - Indian Institute of Science/IISc files/IISC/Thesis/Goa_population_estimation/Imran_surveys/GPS/Nov 25/Waypoints_17-NOV-25.gpx|layername=waypoints
73.940616,15.146018,-0.724586000000000,2025/11/17 01:05:49.000,,,"932",,,,,,,,,,"Flag, Blue",,,,,,,,,Waypoints_17-NOV-25 waypoints,C:/Users/imran/OneDrive - Indian Institute of Science/IISc files/IISC/Thesis/Goa_population_estimation/Imran_surveys/GPS/Nov 25/Waypoints_17-NOV-25.gpx|layername=waypoints
73.937193,15.148998,-1.717384000000000,2025/11/17 01:07:59.000,,,"933",,,,,,,,,,"Flag, Blue",,,,,,,,,Waypoints_17-NOV-25 waypoints,C:/Users/imran/OneDrive - Indian Institute of Science/IISc files/IISC/Thesis/Goa_population_estimation/Imran_surveys/GPS/Nov 25/Waypoints_17-NOV-25.gpx|layername=waypoints
73.933469,15.151219,-1.010956000000000,2025/11/17 01:10:04.000,,,"934",,,,,,,,,,"Flag, Blue",,,,,,,,,Waypoints_17-NOV-25 waypoints,C:/Users/imran/OneDrive - Indian Institute of Science/IISc files/IISC/Thesis/Goa_population_estimation/Imran_surveys/GPS/Nov 25/Waypoints_17-NOV-25.gpx|layername=waypoints
73.930508,15.152477,1.262314000000000,2025/11/17 01:11:35.000,,,"935",,,,,,,,,,"Flag, Blue",,,,,,,,,Waypoints_17-NOV-25 waypoints,C:/Users/imran/OneDrive - Indian Institute of Science/IISc files/IISC/Thesis/Goa_population_estimation/Imran_surveys/GPS/Nov 25/Waypoints_17-NOV-25.gpx|layername=waypoints
73.928609,15.153028,-1.212547000000000,2025/11/17 01:12:31.000,,,"936",,,,,,,,,,"Flag, Blue",,,,,,,,,Waypoints_17-NOV-25 waypoints,C:/Users/imran/OneDrive - Indian Institute of Science/IISc files/IISC/Thesis/Goa_population_estimation/Imran_surveys/GPS/Nov 25/Waypoints_17-NOV-25.gpx|layername=waypoints
73.925816,15.154457,-0.204681000000000,2025/11/17 01:14:10.000,,,"937",,,,,,,,,,"Flag, Blue",,,,,,,,,Waypoints_17-NOV-25 waypoints,C:/Users/imran/OneDrive - Indian Institute of Science/IISc files/IISC/Thesis/Goa_population_estimation/Imran_surveys/GPS/Nov 25/Waypoints_17-NOV-25.gpx|layername=waypoints
73.929139,15.161738,-0.631645000000000,2025/11/17 01:18:43.000,,,"938",,,,,,,,,,"Flag, Blue",,,,,,,,,Waypoints_17-NOV-25 waypoints,C:/Users/imran/OneDrive - Indian Institute of Science/IISc files/IISC/Thesis/Goa_population_estimation/Imran_surveys/GPS/Nov 25/Waypoints_17-NOV-25.gpx|layername=waypoints
73.931418,15.164716,2.136391000000000,2025/11/17 01:20:35.000,,,"939",,,,,,,,,,"Flag, Blue",,,,,,,,,Waypoints_17-NOV-25 waypoints,C:/Users/imran/OneDrive - Indian Institute of Science/IISc files/IISC/Thesis/Goa_population_estimation/Imran_surveys/GPS/Nov 25/Waypoints_17-NOV-25.gpx|layername=waypoints
73.935599,15.169087,2.329315000000000,2025/11/17 01:23:36.000,,,"940",,,,,,,,,,"Flag, Blue",,,,,,,,,Waypoints_17-NOV-25 waypoints,C:/Users/imran/OneDrive - Indian Institute of Science/IISc files/IISC/Thesis/Goa_population_estimation/Imran_surveys/GPS/Nov 25/Waypoints_17-NOV-25.gpx|layername=waypoints
73.933311,15.173394,-1.453415000000000,2025/11/17 01:27:51.000,,,"941",,,,,,,,,,"Flag, Blue",,,,,,,,,Waypoints_17-NOV-25 waypoints,C:/Users/imran/OneDrive - Indian Institute of Science/IISc files/IISC/Thesis/Goa_population_estimation/Imran_surveys/GPS/Nov 25/Waypoints_17-NOV-25.gpx|layername=waypoints
73.923582,15.178789,0.745155000000000,2025/11/17 01:33:14.000,,,"942",,,,,,,,,,"Flag, Blue",,,,,,,,,Waypoints_17-NOV-25 waypoints,C:/Users/imran/OneDrive - Indian Institute of Science/IISc files/IISC/Thesis/Goa_population_estimation/Imran_surveys/GPS/Nov 25/Waypoints_17-NOV-25.gpx|layername=waypoints
73.917912,15.182772,0.435303000000000,2025/11/17 01:36:44.000,,,"943",,,,,,,,,,"Flag, Blue",,,,,,,,,Waypoints_17-NOV-25 waypoints,C:/Users/imran/OneDrive - Indian Institute of Science/IISc files/IISC/Thesis/Goa_population_estimation/Imran_surveys/GPS/Nov 25/Waypoints_17-NOV-25.gpx|layername=waypoints
73.917879,15.191656,0.197510000000000,2025/11/17 01:41:20.000,,,"944",,,,,,,,,,"Flag, Blue",,,,,,,,,Waypoints_17-NOV-25 waypoints,C:/Users/imran/OneDrive - Indian Institute of Science/IISc files/IISC/Thesis/Goa_population_estimation/Imran_surveys/GPS/Nov 25/Waypoints_17-NOV-25.gpx|layername=waypoints
73.922131,15.202486,1.103760000000000,2025/11/17 01:47:13.000,,,"945",,,,,,,,,,"Flag, Blue",,,,,,,,,Waypoints_17-NOV-25 waypoints,C:/Users/imran/OneDrive - Indian Institute of Science/IISc files/IISC/Thesis/Goa_population_estimation/Imran_surveys/GPS/Nov 25/Waypoints_17-NOV-25.gpx|layername=waypoints
73.924545,15.206626,0.638542000000000,2025/11/17 01:49:34.000,,,"946",,,,,,,,,,"Flag, Blue",,,,,,,,,Waypoints_17-NOV-25 waypoints,C:/Users/imran/OneDrive - Indian Institute of Science/IISc files/IISC/Thesis/Goa_population_estimation/Imran_surveys/GPS/Nov 25/Waypoints_17-NOV-25.gpx|layername=waypoints
73.925704,15.208247,1.242203000000000,2025/11/17 01:50:32.000,,,"947",,,,,,,,,,"Flag, Blue",,,,,,,,,Waypoints_17-NOV-25 waypoints,C:/Users/imran/OneDrive - Indian Institute of Science/IISc files/IISC/Thesis/Goa_population_estimation/Imran_surveys/GPS/Nov 25/Waypoints_17-NOV-25.gpx|layername=waypoints
73.926611,15.209937,1.339767000000000,2025/11/17 01:51:28.000,,,"948",,,,,,,,,,"Flag, Blue",,,,,,,,,Waypoints_17-NOV-25 waypoints,C:/Users/imran/OneDrive - Indian Institute of Science/IISc files/IISC/Thesis/Goa_population_estimation/Imran_surveys/GPS/Nov 25/Waypoints_17-NOV-25.gpx|layername=waypoints
73.926487,15.215359,1.911507000000000,2025/11/17 01:54:24.000,,,"949",,,,,,,,,,"Flag, Blue",,,,,,,,,Waypoints_17-NOV-25 waypoints,C:/Users/imran/OneDrive - Indian Institute of Science/IISc files/IISC/Thesis/Goa_population_estimation/Imran_surveys/GPS/Nov 25/Waypoints_17-NOV-25.gpx|layername=waypoints
73.918979,15.220216,0.137779000000000,2025/11/17 01:58:43.000,,,"950",,,,,,,,,,"Flag, Blue",,,,,,,,,Waypoints_17-NOV-25 waypoints,C:/Users/imran/OneDrive - Indian Institute of Science/IISc files/IISC/Thesis/Goa_population_estimation/Imran_surveys/GPS/Nov 25/Waypoints_17-NOV-25.gpx|layername=waypoints
73.912207,15.225305,0.894753000000000,2025/11/17 02:03:12.000,,,"951",,,,,,,,,,"Flag, Blue",,,,,,,,,Waypoints_17-NOV-25 waypoints,C:/Users/imran/OneDrive - Indian Institute of Science/IISc files/IISC/Thesis/Goa_population_estimation/Imran_surveys/GPS/Nov 25/Waypoints_17-NOV-25.gpx|layername=waypoints
73.914001,15.234364,2.218292000000000,2025/11/17 02:07:43.000,,,"952",,,,,,,,,,"Flag, Blue",,,,,,,,,Waypoints_17-NOV-25 waypoints,C:/Users/imran/OneDrive - Indian Institute of Science/IISc files/IISC/Thesis/Goa_population_estimation/Imran_surveys/GPS/Nov 25/Waypoints_17-NOV-25.gpx|layername=waypoints
73.918871,15.241654,3.457077000000000,2025/11/17 02:11:58.000,,,"953",,,,,,,,,,"Flag, Blue",,,,,,,,,Waypoints_17-NOV-25 waypoints,C:/Users/imran/OneDrive - Indian Institute of Science/IISc files/IISC/Thesis/Goa_population_estimation/Imran_surveys/GPS/Nov 25/Waypoints_17-NOV-25.gpx|layername=waypoints
73.912735,15.250875,1.664505000000000,2025/11/17 02:18:04.000,,,"954",,,,,,,,,,"Flag, Blue",,,,,,,,,Waypoints_17-NOV-25 waypoints,C:/Users/imran/OneDrive - Indian Institute of Science/IISc files/IISC/Thesis/Goa_population_estimation/Imran_surveys/GPS/Nov 25/Waypoints_17-NOV-25.gpx|layername=waypoints
73.908522,15.254239,1.565529000000000,2025/11/17 02:20:39.000,,,"955",,,,,,,,,,"Flag, Blue",,,,,,,,,Waypoints_17-NOV-25 waypoints,C:/Users/imran/OneDrive - Indian Institute of Science/IISc files/IISC/Thesis/Goa_population_estimation/Imran_surveys/GPS/Nov 25/Waypoints_17-NOV-25.gpx|layername=waypoints
73.900779,15.259411,1.336090000000000,2025/11/17 02:25:04.000,,,"956",,,,,,,,,,"Flag, Blue",,,,,,,,,Waypoints_17-NOV-25 waypoints,C:/Users/imran/OneDrive - Indian Institute of Science/IISc files/IISC/Thesis/Goa_population_estimation/Imran_surveys/GPS/Nov 25/Waypoints_17-NOV-25.gpx|layername=waypoints
73.901437,15.26675,3.315544000000000,2025/11/17 02:29:14.000,,,"957",,,,,,,,,,"Flag, Blue",,,,,,,,,Waypoints_17-NOV-25 waypoints,C:/Users/imran/OneDrive - Indian Institute of Science/IISc files/IISC/Thesis/Goa_population_estimation/Imran_surveys/GPS/Nov 25/Waypoints_17-NOV-25.gpx|layername=waypoints
73.906652,15.286227,2.487335000000000,2025/11/17 02:39:21.000,,,"958",,,,,,,,,,"Flag, Blue",,,,,,,,,Waypoints_17-NOV-25 waypoints,C:/Users/imran/OneDrive - Indian Institute of Science/IISc files/IISC/Thesis/Goa_population_estimation/Imran_surveys/GPS/Nov 25/Waypoints_17-NOV-25.gpx|layername=waypoints
73.899662,15.289582,3.263939000000000,2025/11/17 02:43:02.000,,,"959",,,,,,,,,,"Flag, Blue",,,,,,,,,Waypoints_17-NOV-25 waypoints,C:/Users/imran/OneDrive - Indian Institute of Science/IISc files/IISC/Thesis/Goa_population_estimation/Imran_surveys/GPS/Nov 25/Waypoints_17-NOV-25.gpx|layername=waypoints
73.893613,15.294029,3.596191000000000,2025/11/17 02:46:32.000,,,"960",,,,,,,,,,"Flag, Blue",,,,,,,,,Waypoints_17-NOV-25 waypoints,C:/Users/imran/OneDrive - Indian Institute of Science/IISc files/IISC/Thesis/Goa_population_estimation/Imran_surveys/GPS/Nov 25/Waypoints_17-NOV-25.gpx|layername=waypoints
73.894469,15.311826,1.945740000000000,2025/11/17 02:56:31.000,,,"961",,,,,,,,,,"Flag, Blue",,,,,,,,,Waypoints_17-NOV-25 waypoints,C:/Users/imran/OneDrive - Indian Institute of Science/IISc files/IISC/Thesis/Goa_population_estimation/Imran_surveys/GPS/Nov 25/Waypoints_17-NOV-25.gpx|layername=waypoints
73.895877,15.317773,2.170433000000000,2025/11/17 02:59:28.000,,,"962",,,,,,,,,,"Flag, Blue",,,,,,,,,Waypoints_17-NOV-25 waypoints,C:/Users/imran/OneDrive - Indian Institute of Science/IISc files/IISC/Thesis/Goa_population_estimation/Imran_surveys/GPS/Nov 25/Waypoints_17-NOV-25.gpx|layername=waypoints
73.891255,15.324269,2.626282000000000,2025/11/17 03:03:48.000,,,"963",,,,,,,,,,"Flag, Blue",,,,,,,,,Waypoints_17-NOV-25 waypoints,C:/Users/imran/OneDrive - Indian Institute of Science/IISc files/IISC/Thesis/Goa_population_estimation/Imran_surveys/GPS/Nov 25/Waypoints_17-NOV-25.gpx|layername=waypoints
73.875099,15.333687,2.557281000000000,2025/11/17 03:12:36.000,,,"964",,,,,,,,,,"Flag, Blue",,,,,,,,,Waypoints_17-NOV-25 waypoints,C:/Users/imran/OneDrive - Indian Institute of Science/IISc files/IISC/Thesis/Goa_population_estimation/Imran_surveys/GPS/Nov 25/Waypoints_17-NOV-25.gpx|layername=waypoints
73.874721,15.340452,1.115967000000000,2025/11/17 03:16:20.000,,,"965",,,,,,,,,,"Flag, Blue",,,,,,,,,Waypoints_17-NOV-25 waypoints,C:/Users/imran/OneDrive - Indian Institute of Science/IISc files/IISC/Thesis/Goa_population_estimation/Imran_surveys/GPS/Nov 25/Waypoints_17-NOV-25.gpx|layername=waypoints
73.875188,15.34162,1.737892000000000,2025/11/17 03:16:56.000,,,"966",,,,,,,,,,"Flag, Blue",,,,,,,,,Waypoints_17-NOV-25 waypoints,C:/Users/imran/OneDrive - Indian Institute of Science/IISc files/IISC/Thesis/Goa_population_estimation/Imran_surveys/GPS/Nov 25/Waypoints_17-NOV-25.gpx|layername=waypoints
73.875852,15.343997,1.034210000000000,2025/11/17 03:18:08.000,,,"967",,,,,,,,,,"Flag, Blue",,,,,,,,,Waypoints_17-NOV-25 waypoints,C:/Users/imran/OneDrive - Indian Institute of Science/IISc files/IISC/Thesis/Goa_population_estimation/Imran_surveys/GPS/Nov 25/Waypoints_17-NOV-25.gpx|layername=waypoints
73.877172,15.350291,1.063118000000000,2025/11/17 03:21:17.000,,,"968",,,,,,,,,,"Flag, Blue",,,,,,,,,Waypoints_17-NOV-25 waypoints,C:/Users/imran/OneDrive - Indian Institute of Science/IISc files/IISC/Thesis/Goa_population_estimation/Imran_surveys/GPS/Nov 25/Waypoints_17-NOV-25.gpx|layername=waypoints
73.877584,15.358647,3.616882000000000,2025/11/17 03:25:39.000,,,"969",,,,,,,,,,"Flag, Blue",,,,,,,,,Waypoints_17-NOV-25 waypoints,C:/Users/imran/OneDrive - Indian Institute of Science/IISc files/IISC/Thesis/Goa_population_estimation/Imran_surveys/GPS/Nov 25/Waypoints_17-NOV-25.gpx|layername=waypoints
73.87115,15.363341,2.314896000000000,2025/11/17 03:29:57.000,,,"970",,,,,,,,,,"Flag, Blue",,,,,,,,,Waypoints_17-NOV-25 waypoints,C:/Users/imran/OneDrive - Indian Institute of Science/IISc files/IISC/Thesis/Goa_population_estimation/Imran_surveys/GPS/Nov 25/Waypoints_17-NOV-25.gpx|layername=waypoints
73.861818,15.363547,2.901772000000000,2025/11/17 03:34:27.000,,,"971",,,,,,,,,,"Flag, Blue",,,,,,,,,Waypoints_17-NOV-25 waypoints,C:/Users/imran/OneDrive - Indian Institute of Science/IISc files/IISC/Thesis/Goa_population_estimation/Imran_surveys/GPS/Nov 25/Waypoints_17-NOV-25.gpx|layername=waypoints
73.853137,15.360157,2.251259000000000,2025/11/17 03:38:48.000,,,"972",,,,,,,,,,"Flag, Blue",,,,,,,,,Waypoints_17-NOV-25 waypoints,C:/Users/imran/OneDrive - Indian Institute of Science/IISc files/IISC/Thesis/Goa_population_estimation/Imran_surveys/GPS/Nov 25/Waypoints_17-NOV-25.gpx|layername=waypoints
73.842055,15.35695,3.105019000000000,2025/11/17 03:44:08.000,,,"973",,,,,,,,,,"Flag, Blue",,,,,,,,,Waypoints_17-NOV-25 waypoints,C:/Users/imran/OneDrive - Indian Institute of Science/IISc files/IISC/Thesis/Goa_population_estimation/Imran_surveys/GPS/Nov 25/Waypoints_17-NOV-25.gpx|layername=waypoints
73.83483,15.356766,3.605194000000000,2025/11/17 03:47:26.000,,,"974",,,,,,,,,,"Flag, Blue",,,,,,,,,Waypoints_17-NOV-25 waypoints,C:/Users/imran/OneDrive - Indian Institute of Science/IISc files/IISC/Thesis/Goa_population_estimation/Imran_surveys/GPS/Nov 25/Waypoints_17-NOV-25.gpx|layername=waypoints
73.825911,15.35908,6.929390000000000,2025/11/17 03:51:39.000,,,"975",,,,,,,,,,"Flag, Blue",,,,,,,,,Waypoints_17-NOV-25 waypoints,C:/Users/imran/OneDrive - Indian Institute of Science/IISc files/IISC/Thesis/Goa_population_estimation/Imran_surveys/GPS/Nov 25/Waypoints_17-NOV-25.gpx|layername=waypoints
73.818226,15.363477,6.461662000000000,2025/11/17 03:55:50.000,,,"976",,,,,,,,,,"Flag, Blue",,,,,,,,,Waypoints_17-NOV-25 waypoints,C:/Users/imran/OneDrive - Indian Institute of Science/IISc files/IISC/Thesis/Goa_population_estimation/Imran_surveys/GPS/Nov 25/Waypoints_17-NOV-25.gpx|layername=waypoints
73.816103,15.365283,6.160431000000000,2025/11/17 03:57:08.000,,,"977",,,,,,,,,,"Flag, Blue",,,,,,,,,Waypoints_17-NOV-25 waypoints,C:/Users/imran/OneDrive - Indian Institute of Science/IISc files/IISC/Thesis/Goa_population_estimation/Imran_surveys/GPS/Nov 25/Waypoints_17-NOV-25.gpx|layername=waypoints
73.812011,15.368939,8.328094000000000,2025/11/17 03:59:41.000,,,"978",,,,,,,,,,"Flag, Blue",,,,,,,,,Waypoints_17-NOV-25 waypoints,C:/Users/imran/OneDrive - Indian Institute of Science/IISc files/IISC/Thesis/Goa_population_estimation/Imran_surveys/GPS/Nov 25/Waypoints_17-NOV-25.gpx|layername=waypoints
73.805476,15.375513,7.865616000000000,2025/11/17 04:03:56.000,,,"979",,,,,,,,,,"Flag, Blue",,,,,,,,,Waypoints_17-NOV-25 waypoints,C:/Users/imran/OneDrive - Indian Institute of Science/IISc files/IISC/Thesis/Goa_population_estimation/Imran_surveys/GPS/Nov 25/Waypoints_17-NOV-25.gpx|layername=waypoints
73.798994,15.37986,9.066902000000001,2025/11/17 04:07:27.000,,,"980",,,,,,,,,,"Flag, Blue",,,,,,,,,Waypoints_17-NOV-25 waypoints,C:/Users/imran/OneDrive - Indian Institute of Science/IISc files/IISC/Thesis/Goa_population_estimation/Imran_surveys/GPS/Nov 25/Waypoints_17-NOV-25.gpx|layername=waypoints
73.797592,15.380487,10.028160000000000,2025/11/17 04:08:08.000,,,"981",,,,,,,,,,"Flag, Blue",,,,,,,,,Waypoints_17-NOV-25 waypoints,C:/Users/imran/OneDrive - Indian Institute of Science/IISc files/IISC/Thesis/Goa_population_estimation/Imran_surveys/GPS/Nov 25/Waypoints_17-NOV-25.gpx|layername=waypoints
73.793305,15.38592,8.062935000000000,2025/11/17 04:11:36.000,,,"982",,,,,,,,,,"Flag, Blue",,,,,,,,,Waypoints_17-NOV-25 waypoints,C:/Users/imran/OneDrive - Indian Institute of Science/IISc files/IISC/Thesis/Goa_population_estimation/Imran_surveys/GPS/Nov 25/Waypoints_17-NOV-25.gpx|layername=waypoints
73.792314,15.387235,8.121674000000002,2025/11/17 04:12:20.000,,,"983",,,,,,,,,,"Flag, Blue",,,,,,,,,Waypoints_17-NOV-25 waypoints,C:/Users/imran/OneDrive - Indian Institute of Science/IISc files/IISC/Thesis/Goa_population_estimation/Imran_surveys/GPS/Nov 25/Waypoints_17-NOV-25.gpx|layername=waypoints
73.791572,15.388266,8.740746000000000,2025/11/17 04:12:55.000,,,"984",,,,,,,,,,"Flag, Blue",,,,,,,,,Waypoints_17-NOV-25 waypoints,C:/Users/imran/OneDrive - Indian Institute of Science/IISc files/IISC/Thesis/Goa_population_estimation/Imran_surveys/GPS/Nov 25/Waypoints_17-NOV-25.gpx|layername=waypoints
73.790562,15.389493,8.464073000000003,2025/11/17 04:13:38.000,,,"985",,,,,,,,,,"Flag, Blue",,,,,,,,,Waypoints_17-NOV-25 waypoints,C:/Users/imran/OneDrive - Indian Institute of Science/IISc files/IISC/Thesis/Goa_population_estimation/Imran_surveys/GPS/Nov 25/Waypoints_17-NOV-25.gpx|layername=waypoints
73.789106,15.392096,9.348862000000000,2025/11/17 04:15:35.000,,,"986",,,,,,,,,,"Flag, Blue",,,,,,,,,Waypoints_17-NOV-25 waypoints,C:/Users/imran/OneDrive - Indian Institute of Science/IISc files/IISC/Thesis/Goa_population_estimation/Imran_surveys/GPS/Nov 25/Waypoints_17-NOV-25.gpx|layername=waypoints
73.787636,15.393751,9.607918000000000,2025/11/17 04:16:40.000,,,"987",,,,,,,,,,"Flag, Blue",,,,,,,,,Waypoints_17-NOV-25 waypoints,C:/Users/imran/OneDrive - Indian Institute of Science/IISc files/IISC/Thesis/Goa_population_estimation/Imran_surveys/GPS/Nov 25/Waypoints_17-NOV-25.gpx|layername=waypoints
73.786518,15.394801,11.398453000000000,2025/11/17 04:17:23.000,,,"988",,,,,,,,,,"Flag, Blue",,,,,,,,,Waypoints_17-NOV-25 waypoints,C:/Users/imran/OneDrive - Indian Institute of Science/IISc files/IISC/Thesis/Goa_population_estimation/Imran_surveys/GPS/Nov 25/Waypoints_17-NOV-25.gpx|layername=waypoints
73.779906,15.400225,5.344467000000000,2025/11/17 04:21:27.000,,,"989",,,,,,,,,,"Flag, Blue",,,,,,,,,Waypoints_17-NOV-25 waypoints,C:/Users/imran/OneDrive - Indian Institute of Science/IISc files/IISC/Thesis/Goa_population_estimation/Imran_surveys/GPS/Nov 25/Waypoints_17-NOV-25.gpx|layername=waypoints
73.774058,15.407048,5.853378000000000,2025/11/17 04:25:51.000,,,"990",,,,,,,,,,"Flag, Blue",,,,,,,,,Waypoints_17-NOV-25 waypoints,C:/Users/imran/OneDrive - Indian Institute of Science/IISc files/IISC/Thesis/Goa_population_estimation/Imran_surveys/GPS/Nov 25/Waypoints_17-NOV-25.gpx|layername=waypoints
73.774144,15.41077,9.723808000000000,2025/11/17 04:28:06.000,,,"991",,,,,,,,,,"Flag, Blue",,,,,,,,,Waypoints_17-NOV-25 waypoints,C:/Users/imran/OneDrive - Indian Institute of Science/IISc files/IISC/Thesis/Goa_population_estimation/Imran_surveys/GPS/Nov 25/Waypoints_17-NOV-25.gpx|layername=waypoints
73.776992,15.414133,5.125046000000000,2025/11/17 04:30:23.000,,,"992",,,,,,,,,,"Flag, Blue",,,,,,,,,Waypoints_17-NOV-25 waypoints,C:/Users/imran/OneDrive - Indian Institute of Science/IISc files/IISC/Thesis/Goa_population_estimation/Imran_surveys/GPS/Nov 25/Waypoints_17-NOV-25.gpx|layername=waypoints
73.78342,15.420694,10.532401999999999,2025/11/17 04:35:20.000,,,"993",,,,,,,,,,"Flag, Blue",,,,,,,,,Waypoints_17-NOV-25 waypoints,C:/Users/imran/OneDrive - Indian Institute of Science/IISc files/IISC/Thesis/Goa_population_estimation/Imran_surveys/GPS/Nov 25/Waypoints_17-NOV-25.gpx|layername=waypoints
73.790897,15.424093,5.168159000000000,2025/11/17 04:40:15.000,,,"994",,,,,,,,,,"Flag, Blue",,,,,,,,,Waypoints_17-NOV-25 waypoints,C:/Users/imran/OneDrive - Indian Institute of Science/IISc files/IISC/Thesis/Goa_population_estimation/Imran_surveys/GPS/Nov 25/Waypoints_17-NOV-25.gpx|layername=waypoints
73.801931,15.429545,3.307121000000000,2025/11/17 04:46:56.000,,,"995",,,,,,,,,,"Flag, Blue",,,,,,,,,Waypoints_17-NOV-25 waypoints,C:/Users/imran/OneDrive - Indian Institute of Science/IISc files/IISC/Thesis/Goa_population_estimation/Imran_surveys/GPS/Nov 25/Waypoints_17-NOV-25.gpx|layername=waypoints
73.809126,15.432732,1.499062000000000,2025/11/17 04:51:26.000,,,"996",,,,,,,,,,"Flag, Blue",,,,,,,,,Waypoints_17-NOV-25 waypoints,C:/Users/imran/OneDrive - Indian Institute of Science/IISc files/IISC/Thesis/Goa_population_estimation/Imran_surveys/GPS/Nov 25/Waypoints_17-NOV-25.gpx|layername=waypoints
73.816884,15.434632,2.373268000000000,2025/11/17 04:55:42.000,,,"997",,,,,,,,,,"Flag, Blue",,,,,,,,,Waypoints_17-NOV-25 waypoints,C:/Users/imran/OneDrive - Indian Institute of Science/IISc files/IISC/Thesis/Goa_population_estimation/Imran_surveys/GPS/Nov 25/Waypoints_17-NOV-25.gpx|layername=waypoints
73.825002,15.43854,4.183235000000000,2025/11/17 05:00:33.000,,,"998",,,,,,,,,,"Flag, Blue",,,,,,,,,Waypoints_17-NOV-25 waypoints,C:/Users/imran/OneDrive - Indian Institute of Science/IISc files/IISC/Thesis/Goa_population_estimation/Imran_surveys/GPS/Nov 25/Waypoints_17-NOV-25.gpx|layername=waypoints
73.817396,15.442034,5.447426000000000,2025/11/17 05:04:50.000,,,"999",,,,,,,,,,"Flag, Blue",,,,,,,,,Waypoints_17-NOV-25 waypoints,C:/Users/imran/OneDrive - Indian Institute of Science/IISc files/IISC/Thesis/Goa_population_estimation/Imran_surveys/GPS/Nov 25/Waypoints_17-NOV-25.gpx|layername=waypoints
73.808811,15.445385,4.989319000000000,2025/11/17 05:08:58.000,,,"1000",,,,,,,,,,"Flag, Blue",,,,,,,,,Waypoints_17-NOV-25 waypoints,C:/Users/imran/OneDrive - Indian Institute of Science/IISc files/IISC/Thesis/Goa_population_estimation/Imran_surveys/GPS/Nov 25/Waypoints_17-NOV-25.gpx|layername=waypoints
73.79968,15.447022,5.914024000000000,2025/11/17 05:13:04.000,,,"001",,,,,,,,,,"Flag, Blue",,,,,,,,,Waypoints_17-NOV-25 waypoints,C:/Users/imran/OneDrive - Indian Institute of Science/IISc files/IISC/Thesis/Goa_population_estimation/Imran_surveys/GPS/Nov 25/Waypoints_17-NOV-25.gpx|layername=waypoints
73.791055,15.450008,3.806244000000000,2025/11/17 05:17:04.000,,,"002",,,,,,,,,,"Flag, Blue",,,,,,,,,Waypoints_17-NOV-25 waypoints,C:/Users/imran/OneDrive - Indian Institute of Science/IISc files/IISC/Thesis/Goa_population_estimation/Imran_surveys/GPS/Nov 25/Waypoints_17-NOV-25.gpx|layername=waypoints
73.783635,15.455291,2.422020000000000,2025/11/17 05:21:07.000,,,"003",,,,,,,,,,"Flag, Blue",,,,,,,,,Waypoints_17-NOV-25 waypoints,C:/Users/imran/OneDrive - Indian Institute of Science/IISc files/IISC/Thesis/Goa_population_estimation/Imran_surveys/GPS/Nov 25/Waypoints_17-NOV-25.gpx|layername=waypoints
73.779581,15.4629,2.057755000000000,2025/11/17 05:25:24.000,,,"004",,,,,,,,,,"Flag, Blue",,,,,,,,,Waypoints_17-NOV-25 waypoints,C:/Users/imran/OneDrive - Indian Institute of Science/IISc files/IISC/Thesis/Goa_population_estimation/Imran_surveys/GPS/Nov 25/Waypoints_17-NOV-25.gpx|layername=waypoints
73.781378,15.466078,1.414894000000000,2025/11/17 05:27:38.000,,,"005",,,,,,,,,,"Flag, Blue",,,,,,,,,Waypoints_17-NOV-25 waypoints,C:/Users/imran/OneDrive - Indian Institute of Science/IISc files/IISC/Thesis/Goa_population_estimation/Imran_surveys/GPS/Nov 25/Waypoints_17-NOV-25.gpx|layername=waypoints
73.782616,15.466734,1.834908000000000,2025/11/17 05:28:22.000,,,"006",,,,,,,,,,"Flag, Blue",,,,,,,,,Waypoints_17-NOV-25 waypoints,C:/Users/imran/OneDrive - Indian Institute of Science/IISc files/IISC/Thesis/Goa_population_estimation/Imran_surveys/GPS/Nov 25/Waypoints_17-NOV-25.gpx|layername=waypoints
73.786026,15.467447,2.190506000000000,2025/11/17 05:30:12.000,,,"007",,,,,,,,,,"Flag, Blue",,,,,,,,,Waypoints_17-NOV-25 waypoints,C:/Users/imran/OneDrive - Indian Institute of Science/IISc files/IISC/Thesis/Goa_population_estimation/Imran_surveys/GPS/Nov 25/Waypoints_17-NOV-25.gpx|layername=waypoints
73.795906,15.464387,-0.349747000000000,2025/11/18 01:08:42.000,,,"008",,,,,,,,,,"Flag, Blue",,,,,,,,,Waypoints_18-NOV-25 waypoints,C:/Users/imran/OneDrive - Indian Institute of Science/IISc files/IISC/Thesis/Goa_population_estimation/Imran_surveys/GPS/Nov 25/Waypoints_18-NOV-25.gpx|layername=waypoints
73.788004,15.468297,-1.974228000000000,2025/11/18 01:12:56.000,,,"009",,,,,,,,,,"Flag, Blue",,,,,,,,,Waypoints_18-NOV-25 waypoints,C:/Users/imran/OneDrive - Indian Institute of Science/IISc files/IISC/Thesis/Goa_population_estimation/Imran_surveys/GPS/Nov 25/Waypoints_18-NOV-25.gpx|layername=waypoints
73.779224,15.468886,-2.814781000000000,2025/11/18 01:17:15.000,,,"010",,,,,,,,,,"Flag, Blue",,,,,,,,,Waypoints_18-NOV-25 waypoints,C:/Users/imran/OneDrive - Indian Institute of Science/IISc files/IISC/Thesis/Goa_population_estimation/Imran_surveys/GPS/Nov 25/Waypoints_18-NOV-25.gpx|layername=waypoints
73.778235,15.46902,-2.552666000000000,2025/11/18 01:17:44.000,,,"011",,,,,,,,,,"Flag, Blue",,,,,,,,,Waypoints_18-NOV-25 waypoints,C:/Users/imran/OneDrive - Indian Institute of Science/IISc files/IISC/Thesis/Goa_population_estimation/Imran_surveys/GPS/Nov 25/Waypoints_18-NOV-25.gpx|layername=waypoints
73.769783,15.470227,-2.692444000000000,2025/11/18 01:21:45.000,,,"012",,,,,,,,,,"Flag, Blue",,,,,,,,,Waypoints_18-NOV-25 waypoints,C:/Users/imran/OneDrive - Indian Institute of Science/IISc files/IISC/Thesis/Goa_population_estimation/Imran_surveys/GPS/Nov 25/Waypoints_18-NOV-25.gpx|layername=waypoints
73.761027,15.472526,-1.995445000000000,2025/11/18 01:26:11.000,,,"013",,,,,,,,,,"Flag, Blue",,,,,,,,,Waypoints_18-NOV-25 waypoints,C:/Users/imran/OneDrive - Indian Institute of Science/IISc files/IISC/Thesis/Goa_population_estimation/Imran_surveys/GPS/Nov 25/Waypoints_18-NOV-25.gpx|layername=waypoints
73.757032,15.478802,-0.621490000000000,2025/11/18 01:30:52.000,,,"014",,,,,,,,,,"Flag, Blue",,,,,,,,,Waypoints_18-NOV-25 waypoints,C:/Users/imran/OneDrive - Indian Institute of Science/IISc files/IISC/Thesis/Goa_population_estimation/Imran_surveys/GPS/Nov 25/Waypoints_18-NOV-25.gpx|layername=waypoints
73.758481,15.487377,-0.914032000000000,2025/11/18 01:35:22.000,,,"015",,,,,,,,,,"Flag, Blue",,,,,,,,,Waypoints_18-NOV-25 waypoints,C:/Users/imran/OneDrive - Indian Institute of Science/IISc files/IISC/Thesis/Goa_population_estimation/Imran_surveys/GPS/Nov 25/Waypoints_18-NOV-25.gpx|layername=waypoints
73.760861,15.496021,-1.130333000000000,2025/11/18 01:40:11.000,,,"016",,,,,,,,,,"Flag, Blue",,,,,,,,,Waypoints_18-NOV-25 waypoints,C:/Users/imran/OneDrive - Indian Institute of Science/IISc files/IISC/Thesis/Goa_population_estimation/Imran_surveys/GPS/Nov 25/Waypoints_18-NOV-25.gpx|layername=waypoints
73.76224,15.504276,-0.544388000000000,2025/11/18 01:45:01.000,,,"017",,,,,,,,,,"Flag, Blue",,,,,,,,,Waypoints_18-NOV-25 waypoints,C:/Users/imran/OneDrive - Indian Institute of Science/IISc files/IISC/Thesis/Goa_population_estimation/Imran_surveys/GPS/Nov 25/Waypoints_18-NOV-25.gpx|layername=waypoints
73.755749,15.511072,-0.314125000000000,2025/11/18 01:49:58.000,,,"018",,,,,,,,,,"Flag, Blue",,,,,,,,,Waypoints_18-NOV-25 waypoints,C:/Users/imran/OneDrive - Indian Institute of Science/IISc files/IISC/Thesis/Goa_population_estimation/Imran_surveys/GPS/Nov 25/Waypoints_18-NOV-25.gpx|layername=waypoints
73.748989,15.516616,-1.098747000000000,2025/11/18 01:54:39.000,,,"019",,,,,,,,,,"Flag, Blue",,,,,,,,,Waypoints_18-NOV-25 waypoints,C:/Users/imran/OneDrive - Indian Institute of Science/IISc files/IISC/Thesis/Goa_population_estimation/Imran_surveys/GPS/Nov 25/Waypoints_18-NOV-25.gpx|layername=waypoints
73.747415,15.524358,-0.989754000000000,2025/11/18 01:59:58.000,,,"020",,,,,,,,,,"Flag, Blue",,,,,,,,,Waypoints_18-NOV-25 waypoints,C:/Users/imran/OneDrive - Indian Institute of Science/IISc files/IISC/Thesis/Goa_population_estimation/Imran_surveys/GPS/Nov 25/Waypoints_18-NOV-25.gpx|layername=waypoints
73.748005,15.525592,-1.390213000000000,2025/11/18 02:00:42.000,,,"021",,,,,,,,,,"Flag, Blue",,,,,,,,,Waypoints_18-NOV-25 waypoints,C:/Users/imran/OneDrive - Indian Institute of Science/IISc files/IISC/Thesis/Goa_population_estimation/Imran_surveys/GPS/Nov 25/Waypoints_18-NOV-25.gpx|layername=waypoints
73.748295,15.526135,-1.173225000000000,2025/11/18 02:01:02.000,,,"022",,,,,,,,,,"Flag, Blue",,,,,,,,,Waypoints_18-NOV-25 waypoints,C:/Users/imran/OneDrive - Indian Institute of Science/IISc files/IISC/Thesis/Goa_population_estimation/Imran_surveys/GPS/Nov 25/Waypoints_18-NOV-25.gpx|layername=waypoints
73.751446,15.530856,-2.064995000000000,2025/11/18 02:04:04.000,,,"023",,,,,,,,,,"Flag, Blue",,,,,,,,,Waypoints_18-NOV-25 waypoints,C:/Users/imran/OneDrive - Indian Institute of Science/IISc files/IISC/Thesis/Goa_population_estimation/Imran_surveys/GPS/Nov 25/Waypoints_18-NOV-25.gpx|layername=waypoints
73.752773,15.532666,-1.069702000000000,2025/11/18 02:05:18.000,,,"024",,,,,,,,,,"Flag, Blue",,,,,,,,,Waypoints_18-NOV-25 waypoints,C:/Users/imran/OneDrive - Indian Institute of Science/IISc files/IISC/Thesis/Goa_population_estimation/Imran_surveys/GPS/Nov 25/Waypoints_18-NOV-25.gpx|layername=waypoints
73.754171,15.534712,-1.564156000000000,2025/11/18 02:06:40.000,,,"025",,,,,,,,,,"Flag, Blue",,,,,,,,,Waypoints_18-NOV-25 waypoints,C:/Users/imran/OneDrive - Indian Institute of Science/IISc files/IISC/Thesis/Goa_population_estimation/Imran_surveys/GPS/Nov 25/Waypoints_18-NOV-25.gpx|layername=waypoints
73.754518,15.536142,-0.617294000000000,2025/11/18 02:07:47.000,,,"026",,,,,,,,,,"Flag, Blue",,,,,,,,,Waypoints_18-NOV-25 waypoints,C:/Users/imran/OneDrive - Indian Institute of Science/IISc files/IISC/Thesis/Goa_population_estimation/Imran_surveys/GPS/Nov 25/Waypoints_18-NOV-25.gpx|layername=waypoints
73.753253,15.538909,-1.314590000000000,2025/11/18 02:09:36.000,,,"027",,,,,,,,,,"Flag, Blue",,,,,,,,,Waypoints_18-NOV-25 waypoints,C:/Users/imran/OneDrive - Indian Institute of Science/IISc files/IISC/Thesis/Goa_population_estimation/Imran_surveys/GPS/Nov 25/Waypoints_18-NOV-25.gpx|layername=waypoints
73.749777,15.541689,-0.665871000000000,2025/11/18 02:11:55.000,,,"028",,,,,,,,,,"Flag, Blue",,,,,,,,,Waypoints_18-NOV-25 waypoints,C:/Users/imran/OneDrive - Indian Institute of Science/IISc files/IISC/Thesis/Goa_population_estimation/Imran_surveys/GPS/Nov 25/Waypoints_18-NOV-25.gpx|layername=waypoints
73.748881,15.542231,-0.509117000000000,2025/11/18 02:12:28.000,,,"029",,,,,,,,,,"Flag, Blue",,,,,,,,,Waypoints_18-NOV-25 waypoints,C:/Users/imran/OneDrive - Indian Institute of Science/IISc files/IISC/Thesis/Goa_population_estimation/Imran_surveys/GPS/Nov 25/Waypoints_18-NOV-25.gpx|layername=waypoints
73.747663,15.542948,-1.263779000000000,2025/11/18 02:13:12.000,,,"030",,,,,,,,,,"Flag, Blue",,,,,,,,,Waypoints_18-NOV-25 waypoints,C:/Users/imran/OneDrive - Indian Institute of Science/IISc files/IISC/Thesis/Goa_population_estimation/Imran_surveys/GPS/Nov 25/Waypoints_18-NOV-25.gpx|layername=waypoints
73.74709,15.543348,-1.147736000000000,2025/11/18 02:13:33.000,,,"031",,,,,,,,,,"Flag, Blue",,,,,,,,,Waypoints_18-NOV-25 waypoints,C:/Users/imran/OneDrive - Indian Institute of Science/IISc files/IISC/Thesis/Goa_population_estimation/Imran_surveys/GPS/Nov 25/Waypoints_18-NOV-25.gpx|layername=waypoints
73.746026,15.544143,-1.780426000000000,2025/11/18 02:14:15.000,,,"032",,,,,,,,,,"Flag, Blue",,,,,,,,,Waypoints_18-NOV-25 waypoints,C:/Users/imran/OneDrive - Indian Institute of Science/IISc files/IISC/Thesis/Goa_population_estimation/Imran_surveys/GPS/Nov 25/Waypoints_18-NOV-25.gpx|layername=waypoints
73.744156,15.545851,-1.719231000000000,2025/11/18 02:15:37.000,,,"033",,,,,,,,,,"Flag, Blue",,,,,,,,,Waypoints_18-NOV-25 waypoints,C:/Users/imran/OneDrive - Indian Institute of Science/IISc files/IISC/Thesis/Goa_population_estimation/Imran_surveys/GPS/Nov 25/Waypoints_18-NOV-25.gpx|layername=waypoints
73.738898,15.549903,-1.070251000000000,2025/11/18 02:19:13.000,,,"034",,,,,,,,,,"Flag, Blue",,,,,,,,,Waypoints_18-NOV-25 waypoints,C:/Users/imran/OneDrive - Indian Institute of Science/IISc files/IISC/Thesis/Goa_population_estimation/Imran_surveys/GPS/Nov 25/Waypoints_18-NOV-25.gpx|layername=waypoints
73.736198,15.557983,-0.506943000000000,2025/11/18 02:24:46.000,,,"035",,,,,,,,,,"Flag, Blue",,,,,,,,,Waypoints_18-NOV-25 waypoints,C:/Users/imran/OneDrive - Indian Institute of Science/IISc files/IISC/Thesis/Goa_population_estimation/Imran_surveys/GPS/Nov 25/Waypoints_18-NOV-25.gpx|layername=waypoints
73.737822,15.567536,-0.772514000000000,2025/11/18 02:30:06.000,,,"036",,,,,,,,,,"Flag, Blue",,,,,,,,,Waypoints_18-NOV-25 waypoints,C:/Users/imran/OneDrive - Indian Institute of Science/IISc files/IISC/Thesis/Goa_population_estimation/Imran_surveys/GPS/Nov 25/Waypoints_18-NOV-25.gpx|layername=waypoints
73.735531,15.574254,-1.080627000000000,2025/11/18 02:34:34.000,,,"037",,,,,,,,,,"Flag, Blue",,,,,,,,,Waypoints_18-NOV-25 waypoints,C:/Users/imran/OneDrive - Indian Institute of Science/IISc files/IISC/Thesis/Goa_population_estimation/Imran_surveys/GPS/Nov 25/Waypoints_18-NOV-25.gpx|layername=waypoints
73.72243,15.586021,-2.022987000000000,2025/11/18 02:43:32.000,,,"038",,,,,,,,,,"Flag, Blue",,,,,,,,,Waypoints_18-NOV-25 waypoints,C:/Users/imran/OneDrive - Indian Institute of Science/IISc files/IISC/Thesis/Goa_population_estimation/Imran_surveys/GPS/Nov 25/Waypoints_18-NOV-25.gpx|layername=waypoints
73.72236,15.593766,-0.829704000000000,2025/11/18 02:48:15.000,,,"039",,,,,,,,,,"Flag, Blue",,,,,,,,,Waypoints_18-NOV-25 waypoints,C:/Users/imran/OneDrive - Indian Institute of Science/IISc files/IISC/Thesis/Goa_population_estimation/Imran_surveys/GPS/Nov 25/Waypoints_18-NOV-25.gpx|layername=waypoints
73.724895,15.601865,-0.095024000000000,2025/11/18 02:53:07.000,,,"040",,,,,,,,,,"Flag, Blue",,,,,,,,,Waypoints_18-NOV-25 waypoints,C:/Users/imran/OneDrive - Indian Institute of Science/IISc files/IISC/Thesis/Goa_population_estimation/Imran_surveys/GPS/Nov 25/Waypoints_18-NOV-25.gpx|layername=waypoints
73.723483,15.605349,-2.616669000000000,2025/11/18 02:55:14.000,,,"041",,,,,,,,,,"Flag, Blue",,,,,,,,,Waypoints_18-NOV-25 waypoints,C:/Users/imran/OneDrive - Indian Institute of Science/IISc files/IISC/Thesis/Goa_population_estimation/Imran_surveys/GPS/Nov 25/Waypoints_18-NOV-25.gpx|layername=waypoints
73.723051,15.610348,-0.442574000000000,2025/11/18 02:58:08.000,,,"042",,,,,,,,,,"Flag, Blue",,,,,,,,,Waypoints_18-NOV-25 waypoints,C:/Users/imran/OneDrive - Indian Institute of Science/IISc files/IISC/Thesis/Goa_population_estimation/Imran_surveys/GPS/Nov 25/Waypoints_18-NOV-25.gpx|layername=waypoints
73.724065,15.620884,-0.868927000000000,2025/11/18 03:04:07.000,,,"043",,,,,,,,,,"Flag, Blue",,,,,,,,,Waypoints_18-NOV-25 waypoints,C:/Users/imran/OneDrive - Indian Institute of Science/IISc files/IISC/Thesis/Goa_population_estimation/Imran_surveys/GPS/Nov 25/Waypoints_18-NOV-25.gpx|layername=waypoints
73.719773,15.626878,-0.660942000000000,2025/11/18 03:08:04.000,,,"044",,,,,,,,,,"Flag, Blue",,,,,,,,,Waypoints_18-NOV-25 waypoints,C:/Users/imran/OneDrive - Indian Institute of Science/IISc files/IISC/Thesis/Goa_population_estimation/Imran_surveys/GPS/Nov 25/Waypoints_18-NOV-25.gpx|layername=waypoints
73.708481,15.640694,0.356773000000000,2025/11/18 03:17:25.000,,,"045",,,,,,,,,,"Flag, Blue",,,,,,,,,Waypoints_18-NOV-25 waypoints,C:/Users/imran/OneDrive - Indian Institute of Science/IISc files/IISC/Thesis/Goa_population_estimation/Imran_surveys/GPS/Nov 25/Waypoints_18-NOV-25.gpx|layername=waypoints
73.704396,15.647005,1.089027000000000,2025/11/18 03:21:20.000,,,"046",,,,,,,,,,"Flag, Blue",,,,,,,,,Waypoints_18-NOV-25 waypoints,C:/Users/imran/OneDrive - Indian Institute of Science/IISc files/IISC/Thesis/Goa_population_estimation/Imran_surveys/GPS/Nov 25/Waypoints_18-NOV-25.gpx|layername=waypoints
73.701925,15.664803,-2.080193000000000,2025/11/18 03:31:49.000,,,"047",,,,,,,,,,"Flag, Blue",,,,,,,,,Waypoints_18-NOV-25 waypoints,C:/Users/imran/OneDrive - Indian Institute of Science/IISc files/IISC/Thesis/Goa_population_estimation/Imran_surveys/GPS/Nov 25/Waypoints_18-NOV-25.gpx|layername=waypoints
73.702242,15.674524,1.060173000000000,2025/11/18 03:37:01.000,,,"048",,,,,,,,,,"Flag, Blue",,,,,,,,,Waypoints_18-NOV-25 waypoints,C:/Users/imran/OneDrive - Indian Institute of Science/IISc files/IISC/Thesis/Goa_population_estimation/Imran_surveys/GPS/Nov 25/Waypoints_18-NOV-25.gpx|layername=waypoints
73.698996,15.681104,-0.173759000000000,2025/11/18 03:41:06.000,,,"049",,,,,,,,,,"Flag, Blue",,,,,,,,,Waypoints_18-NOV-25 waypoints,C:/Users/imran/OneDrive - Indian Institute of Science/IISc files/IISC/Thesis/Goa_population_estimation/Imran_surveys/GPS/Nov 25/Waypoints_18-NOV-25.gpx|layername=waypoints
73.691258,15.686086,0.034996000000000,2025/11/18 03:45:49.000,,,"050",,,,,,,,,,"Flag, Blue",,,,,,,,,Waypoints_18-NOV-25 waypoints,C:/Users/imran/OneDrive - Indian Institute of Science/IISc files/IISC/Thesis/Goa_population_estimation/Imran_surveys/GPS/Nov 25/Waypoints_18-NOV-25.gpx|layername=waypoints
73.688393,15.693089,2.308548000000000,2025/11/18 03:50:33.000,,,"051",,,,,,,,,,"Flag, Blue",,,,,,,,,Waypoints_18-NOV-25 waypoints,C:/Users/imran/OneDrive - Indian Institute of Science/IISc files/IISC/Thesis/Goa_population_estimation/Imran_surveys/GPS/Nov 25/Waypoints_18-NOV-25.gpx|layername=waypoints
73.689505,15.701954,3.104759000000000,2025/11/18 03:56:36.000,,,"052",,,,,,,,,,"Flag, Blue",,,,,,,,,Waypoints_18-NOV-25 waypoints,C:/Users/imran/OneDrive - Indian Institute of Science/IISc files/IISC/Thesis/Goa_population_estimation/Imran_surveys/GPS/Nov 25/Waypoints_18-NOV-25.gpx|layername=waypoints
73.687312,15.712045,3.330544000000000,2025/11/18 04:01:48.000,,,"053",,,,,,,,,,"Flag, Blue",,,,,,,,,Waypoints_18-NOV-25 waypoints,C:/Users/imran/OneDrive - Indian Institute of Science/IISc files/IISC/Thesis/Goa_population_estimation/Imran_surveys/GPS/Nov 25/Waypoints_18-NOV-25.gpx|layername=waypoints
73.681929,15.717776,1.376282000000000,2025/11/18 04:06:10.000,,,"054",,,,,,,,,,"Flag, Blue",,,,,,,,,Waypoints_18-NOV-25 waypoints,C:/Users/imran/OneDrive - Indian Institute of Science/IISc files/IISC/Thesis/Goa_population_estimation/Imran_surveys/GPS/Nov 25/Waypoints_18-NOV-25.gpx|layername=waypoints
73.677382,15.702628,2.738281000000000,2025/11/18 04:13:55.000,,,"055",,,,,,,,,,"Flag, Blue",,,,,,,,,Waypoints_18-NOV-25 waypoints,C:/Users/imran/OneDrive - Indian Institute of Science/IISc files/IISC/Thesis/Goa_population_estimation/Imran_surveys/GPS/Nov 25/Waypoints_18-NOV-25.gpx|layername=waypoints
73.682319,15.696303,-0.078384000000000,2025/11/18 04:18:22.000,,,"056",,,,,,,,,,"Flag, Blue",,,,,,,,,Waypoints_18-NOV-25 waypoints,C:/Users/imran/OneDrive - Indian Institute of Science/IISc files/IISC/Thesis/Goa_population_estimation/Imran_surveys/GPS/Nov 25/Waypoints_18-NOV-25.gpx|layername=waypoints
73.691727,15.687567,1.626114000000000,2025/11/18 04:24:33.000,,,"057",,,,,,,,,,"Flag, Blue",,,,,,,,,Waypoints_18-NOV-25 waypoints,C:/Users/imran/OneDrive - Indian Institute of Science/IISc files/IISC/Thesis/Goa_population_estimation/Imran_surveys/GPS/Nov 25/Waypoints_18-NOV-25.gpx|layername=waypoints
73.695865,15.684094,0.334244000000000,2025/11/18 04:27:12.000,,,"058",,,,,,,,,,"Flag, Blue",,,,,,,,,Waypoints_18-NOV-25 waypoints,C:/Users/imran/OneDrive - Indian Institute of Science/IISc files/IISC/Thesis/Goa_population_estimation/Imran_surveys/GPS/Nov 25/Waypoints_18-NOV-25.gpx|layername=waypoints
73.701172,15.677085,1.081871000000000,2025/11/18 04:31:30.000,,,"059",,,,,,,,,,"Flag, Blue",,,,,,,,,Waypoints_18-NOV-25 waypoints,C:/Users/imran/OneDrive - Indian Institute of Science/IISc files/IISC/Thesis/Goa_population_estimation/Imran_surveys/GPS/Nov 25/Waypoints_18-NOV-25.gpx|layername=waypoints
73.698,15.668957,1.031548000000000,2025/11/18 04:37:05.000,,,"060",,,,,,,,,,"Flag, Blue",,,,,,,,,Waypoints_18-NOV-25 waypoints,C:/Users/imran/OneDrive - Indian Institute of Science/IISc files/IISC/Thesis/Goa_population_estimation/Imran_surveys/GPS/Nov 25/Waypoints_18-NOV-25.gpx|layername=waypoints
73.700263,15.653668,1.450554000000000,2025/11/18 04:45:52.000,,,"061",,,,,,,,,,"Flag, Blue",,,,,,,,,Waypoints_18-NOV-25 waypoints,C:/Users/imran/OneDrive - Indian Institute of Science/IISc files/IISC/Thesis/Goa_population_estimation/Imran_surveys/GPS/Nov 25/Waypoints_18-NOV-25.gpx|layername=waypoints
73.707098,15.646118,3.714912000000000,2025/11/18 04:51:25.000,,,"062",,,,,,,,,,"Flag, Blue",,,,,,,,,Waypoints_18-NOV-25 waypoints,C:/Users/imran/OneDrive - Indian Institute of Science/IISc files/IISC/Thesis/Goa_population_estimation/Imran_surveys/GPS/Nov 25/Waypoints_18-NOV-25.gpx|layername=waypoints
73.712325,15.640127,4.251907000000000,2025/11/18 04:55:31.000,,,"063",,,,,,,,,,"Flag, Blue",,,,,,,,,Waypoints_18-NOV-25 waypoints,C:/Users/imran/OneDrive - Indian Institute of Science/IISc files/IISC/Thesis/Goa_population_estimation/Imran_surveys/GPS/Nov 25/Waypoints_18-NOV-25.gpx|layername=waypoints
73.71403,15.631991,4.732285000000000,2025/11/18 04:59:54.000,,,"064",,,,,,,,,,"Flag, Blue",,,,,,,,,Waypoints_18-NOV-25 waypoints,C:/Users/imran/OneDrive - Indian Institute of Science/IISc files/IISC/Thesis/Goa_population_estimation/Imran_surveys/GPS/Nov 25/Waypoints_18-NOV-25.gpx|layername=waypoints
73.71474,15.623287,1.415031000000000,2025/11/18 05:04:18.000,,,"065",,,,,,,,,,"Flag, Blue",,,,,,,,,Waypoints_18-NOV-25 waypoints,C:/Users/imran/OneDrive - Indian Institute of Science/IISc files/IISC/Thesis/Goa_population_estimation/Imran_surveys/GPS/Nov 25/Waypoints_18-NOV-25.gpx|layername=waypoints
73.720677,15.616676,-1.387459000000000,2025/11/18 05:08:49.000,,,"066",,,,,,,,,,"Flag, Blue",,,,,,,,,Waypoints_18-NOV-25 waypoints,C:/Users/imran/OneDrive - Indian Institute of Science/IISc files/IISC/Thesis/Goa_population_estimation/Imran_surveys/GPS/Nov 25/Waypoints_18-NOV-25.gpx|layername=waypoints
73.725615,15.609477,-1.494987000000000,2025/11/18 05:13:27.000,,,"067",,,,,,,,,,"Flag, Blue",,,,,,,,,Waypoints_18-NOV-25 waypoints,C:/Users/imran/OneDrive - Indian Institute of Science/IISc files/IISC/Thesis/Goa_population_estimation/Imran_surveys/GPS/Nov 25/Waypoints_18-NOV-25.gpx|layername=waypoints
73.730283,15.607754,0.009071000000000,2025/11/18 05:18:37.000,,,"068",,,,,,,,,,"Flag, Blue",,,,,,,,,Waypoints_18-NOV-25 waypoints,C:/Users/imran/OneDrive - Indian Institute of Science/IISc files/IISC/Thesis/Goa_population_estimation/Imran_surveys/GPS/Nov 25/Waypoints_18-NOV-25.gpx|layername=waypoints
