Number,id,Day,Month,Year,Region,Species,Species_co,Geotag_rea,Descriptio,Location.a,Descript_1,Image.s.,Audio.Vide,Geotag_rec,Geotag_all,Comments,Sex,Age.Class,Death_code,PMI_min,PMI_max,Source,lat,lon,No,flag,org_cell,new_no,new_flag,new_org_ce,Comments_1
,1,8,10,2025,Goa,Indian Ocean humpback dolphin,Humpback dolphin,,,,,,,,,,M,C,2,0.5,1,Whatsapp - 11.10.25,15.20610432,73.93266907,,,,,,,
,2,6,10,2025,Goa,Indo-Pacific finless porpoise,Indo-Pacific finless porpoise,,,,,,,,,,,,4,5,8,Whatsapp - 11.10.25,15.24884893,73.92088648,,,,,,,
,3,5,10,2025,Goa,Indian Ocean humpback dolphin,Humpback dolphin,,,,,,,,,,M,SA,3,2,5,Whatsapp - 11.10.25,15.04260833,73.98591921,,,,,,,
,4,2,10,2025,Goa,Indian Ocean humpback dolphin,Humpback dolphin,,,,,,,,,,,SA,4,4,6,Whatsapp - 11.10.25,15.57401364,73.74068198,,,,,,,
,5,2,10,2025,Goa,Indo-Pacific finless porpoise,Indo-Pacific finless porpoise,,,,,,,,,,,,3,2,3,Whatsapp - 11.10.25,15.35284217,73.8845562,,,,,,,
,6,1,10,2025,Karnataka,Indo-Pacific finless porpoise,Indo-Pacific finless porpoise,,,,,,,,,,,,,,,Whatsapp - 11.10.25,12.82857,74.58274,,,,,,,
,7,30,9,2025,Goa,Indo-Pacific finless porpoise,Indo-Pacific finless porpoise,,,,,,,,,,M,SA,3,2,3,Whatsapp - 11.10.25,15.24884893,73.92088648,,,,,,,
,8,30,9,2025,Goa,Indo-Pacific finless porpoise,Indo-Pacific finless porpoise,,,,,,,,,,,,3,2,3,Whatsapp - 11.10.25,15.64229724,73.71800347,,,,,,,
,9,29,9,2025,Goa,Indo-Pacific finless porpoise,Indo-Pacific finless porpoise,,,,,,,,,,M,SA,3,2,3,Whatsapp - 11.10.25,15.54493271,73.7549767,,,,,,,
,10,29,9,2025,Goa,Indo-Pacific finless porpoise,Indo-Pacific finless porpoise,,,,,,,,,,,C,3,2,4,Whatsapp - 11.10.25,15.31942492,73.89851757,,,,,,,
,11,29,9,2025,Goa,Indo-Pacific finless porpoise,Indo-Pacific finless porpoise,,,,,,,,,,M,,3,2,3,Whatsapp - 11.10.25,15.35284217,73.8845562,,,,,,,
,12,28,9,2025,Goa,Indian Ocean humpback dolphin,Humpback dolphin,,,,,,,,,,,,3,3,5,Whatsapp - 11.10.25,15.5612067,73.74873617,,,,,,,
,13,26,9,2025,Goa,Indian Ocean humpback dolphin,Humpback dolphin,,,,,,,,,,,,2,1,2,Whatsapp - 11.10.25,15.24884893,73.92088648,,,,,,,
,14,25,9,2025,Goa,Indian Ocean humpback dolphin,Humpback dolphin,,,,,,,,,,,,4,6,8,Whatsapp - 11.10.25,15.16859563,73.94232229,,,,,,,
,15,25,9,2025,Goa,Indo-Pacific finless porpoise,Indo-Pacific finless porpoise,,,,,,,,,,,A,3,2,3,Whatsapp - 11.10.25,15.66820788,73.70952956,,,,,,,
,16,23,9,2025,Goa,Indo-Pacific finless porpoise,Indo-Pacific finless porpoise,,,,,,,,,,,,3,3,5,Whatsapp - 11.10.25,14.97856949,74.04153968,,,,,,,
,17,22,9,2025,Goa,Indian Ocean humpback dolphin,Humpback dolphin,,,,,,,,,,,C,2,0.5,1,Whatsapp - 11.10.25,15.70833322,73.69346311,,,,,,,
,18,20,9,2025,Goa,Indian Ocean humpback dolphin,Humpback dolphin,,,,,,,,,,,SA,2,1,3,Whatsapp - 11.10.25,15.24884893,73.92088648,,,,,,,
,19,18,9,2025,Goa,Indian Ocean humpback dolphin,Humpback dolphin,,,,,,,,,,,C,3,2,3,Whatsapp - 11.10.25,15.20610432,73.93266907,,,,,,,
,20,18,9,2025,Goa,Indo-Pacific finless porpoise,Indo-Pacific finless porpoise,,,,,,,,,,,,,,,Whatsapp - 11.10.25,15.29374857,73.90747058,,,,,,,Whatsapp - 25/10/25
,21,17,9,2025,Goa,Indian Ocean humpback dolphin,Humpback dolphin,,,,,,,,,,,SA,2,1,2,Whatsapp - 11.10.25,15.49931807,73.76740638,,,,,,,
,22,14,9,2025,Goa,Indo-Pacific finless porpoise,Indo-Pacific finless porpoise,,,,,,,,,,,,2,1,2,Whatsapp - 11.10.25,15.31942492,73.89851757,,,,,,,
,23,14,9,2025,Goa,Indo-Pacific finless porpoise,Indo-Pacific finless porpoise,,,,,,,,,,,,3,2,3,Whatsapp - 11.10.25,15.61701216,73.73286086,,,,,,,
,24,9,9,2025,Goa,Indian Ocean humpback dolphin,Humpback dolphin,,,,,,,,,,,SA,3,3,4,Whatsapp - 11.10.25,15.29374857,73.90747058,,,,,,,
,25,9,9,2025,Goa,Indian Ocean humpback dolphin,Humpback dolphin,,,,,,,,,,,C,2,0.5,1,Whatsapp - 11.10.25,15.04260833,73.98591921,,,,,,,
,26,7,9,2025,Goa,Indian Ocean humpback dolphin,Humpback dolphin,,,,,,,,,,,,,,,Whatsapp - 11.10.25,15.29374857,73.90747058,,,,,,,
,27,5,9,2025,West Bengal,Spinner dolphin,Spinner dolphin,,,,,,,,,,,,,,,Whatsapp - 11.10.25,22.024538,88.619813,,,,,,,
,28,4,9,2025,Maharashtra,Indo-Pacific humpback dolphin,Humpback dolphin,"18.745384898559376,72.86344746025429","On the shore, in the water. Stray dogs were eating from its exposed middle.",Kihim beach,,"https://www.marinemammals.in/submit-record/04-09-2025-IMG-20250904-WA0026.jpg,",,,,,,,,,,MMI-10.10.25,18.7453849,72.86344746,,,,,,,
,29,27,8,2025,Goa,Indo-Pacific finless porpoise,Indo-Pacific finless porpoise,,,,,,,,,,,,2,2,3,Whatsapp - 11.10.25,14.99667863,74.03384074,,,,,,,
,30,26,8,2025,Goa,Indo-Pacific finless porpoise,Indo-Pacific finless porpoise,,,,,,,,,,,,3,3,5,Whatsapp - 11.10.25,15.16859563,73.94232229,,,,,,,
,31,23,8,2025,Karnataka,Short-finned pilot whale,Short-finned pilot whale,,,,,,,,,,,,,,,Whatsapp - 11.10.25,14.29325779,74.42491667,,,,,,,
,32,20,8,2025,Goa,Indo-Pacific finless porpoise,Indo-Pacific finless porpoise,,,,,,,,,,,,3,2,3,Whatsapp - 11.10.25,15.29374857,73.90747058,,,,,,,
,33,20,8,2025,Goa,Indian Ocean humpback dolphin,Humpback dolphin,,,,,,,,,,,C,2,0.5,1,Whatsapp - 11.10.25,15.60397325,73.73314466,,,,,,,
,34,18,8,2025,Goa,Indian Ocean humpback dolphin,Humpback dolphin,,,,,,,,,,,C,3,2,4,Whatsapp - 11.10.25,15.16859563,73.94232229,,,,,,,
,35,18,8,2025,Kerala,Indo-Pacific finless porpoise,Indo-Pacific finless porpoise,,,,,,,,,,,,,,,Whatsapp - 11.10.25,10.41323007,76.08453434,,,,,,,
,36,16,8,2025,Lakshadweep islands,Sperm whale,Sperm whale,,,,,,,,,,,,,,,Whatsapp - 11.10.25,11.4831025,73.00340553,,,,,,,
,37,11,8,2025,Maharashtra,Indo-Pacific finless porpoise,Indo-Pacific finless porpoise,,,,,,,,,,,,,,,Whatsapp - 11.10.25,19.09693367,72.82636891,,,,,,,
,38,7,8,2025,Goa,Indian Ocean humpback dolphin,Humpback dolphin,,,,,,,,,,,,4,4,6,Whatsapp - 11.10.25,14.95974234,74.04898888,,,,,,,
,39,5,8,2025,Tamil Nadu,Indian Ocean humpback dolphin,Humpback dolphin,,,,,,,,,,,,,,,Whatsapp - 11.10.25,8.504576709,76.88903752,,,,,,,
,40,5,8,2025,Kerala,Indian Ocean humpback dolphin,Humpback dolphin,,,,,,,,,,,,,,,Whatsapp - 11.10.25,11.25676095,75.76901302,,,,,,,
,41,2,8,2025,Goa,Indian Ocean humpback dolphin,Humpback dolphin,,,,,,,,,,M,C,3,2,3,Whatsapp - 11.10.25,15.04260833,73.98591921,,,,,,,
,42,28,7,2025,Gujarat,Indian Ocean humpback dolphin,Humpback dolphin,,,,,,,,,,,,,,,Whatsapp - 11.10.25,21.68061084,72.69277079,,,,,,,
,43,19,7,2025,Andhra Pradesh,Pantropical spotted dolphin,Pan-tropical spotted dolphin,,,,,,,,,,,,,,,Whatsapp - 11.10.25,17.71410174,83.32489052,,,,,,,
,44,13,7,2025,Goa,Indian Ocean humpback dolphin,Humpback dolphin,,,,,,,,,,,SA,2,0.5,1,Whatsapp - 11.10.25,15.04260833,73.98591921,,,,,,,
,45,13,7,2025,Goa,Indo-Pacific finless porpoise,Indo-Pacific finless porpoise,,,,,,,,,,,,3,2,3,Whatsapp - 11.10.25,15.57401364,73.74068198,,,,,,,
,46,11,7,2025,Maharashtra,Indo-Pacific bottlenose dolphin,Indo-Pacific bottlenose dolphin,"19.1095171,72.8241298","Neonate first stranded alive, but washed ashore dead after multiple release attempts.",Reported by lifeguard to the Mumbai Stranding Network. ,,"https://www.marinemammals.in/submit-record/12-07-2025-WhatsApp Image 2025-07-11 at 13.24.15 (1).jpeg,https://www.marinemammals.in/submit-record/12-07-2025-WhatsApp Image 2025-07-11 at 13.24.15.jpeg,",,,,,,,,,,MMI-10.10.25,19.1095171,72.8241298,,,,,,,
,47,9,7,2025,Karnataka,Striped dolphin,Striped dolphin,,,,,,,,,,,,,,,Whatsapp - 11.10.25,14.41904526,74.38974125,,,,,,,
,48,5,7,2025,Goa,Indian Ocean humpback dolphin,Humpback dolphin,,,,,,,,,,,SA,2,0.5,1,Whatsapp - 11.10.25,15.16859563,73.94232229,,,,,,,
,49,27,6,2025,Goa,Indo-Pacific finless porpoise,Indo-Pacific finless porpoise,,,,,,,,,,,A,2,0.5,1,Whatsapp - 11.10.25,15.49931807,73.76740638,,,,,,,
,50,25,6,2025,Goa,Indo-Pacific finless porpoise,Indo-Pacific finless porpoise,,,,,,,,,,,,3,3,5,Whatsapp - 11.10.25,15.31145652,73.90148065,,,,,,,
,51,23,6,2025,Goa,Indian Ocean humpback dolphin,Humpback dolphin,,,,,,,,,,,C,2,0.5,1,Whatsapp - 11.10.25,15.24884893,73.92088648,,,,,,,
,52,18,6,2025,Goa,Indian Ocean humpback dolphin,Humpback dolphin,,,,,,,,,,,A,3,3,5,Whatsapp - 11.10.25,15.27976895,73.91194528,,,,,,,
,53,18,6,2025,Maharashtra,Indian Ocean humpback dolphin,Humpback dolphin,,,,,,,,,,,,,,,Whatsapp - 11.10.25,19.41997961,72.75843944,,,,,,,
,54,17,6,2025,Kerala,Unidentified baleen whale,Unidentified baleen whale,,,,,,,,,,,,,,,Whatsapp - 11.10.25,9.353048267,76.36423207,,,,,,,
,55,15,6,2025,Goa,Indian Ocean humpback dolphin,Humpback dolphin,,,,,,,,,,,,3,2,4,Whatsapp - 11.10.25,15.31942492,73.89851757,,,,,,,
,56,15,6,2025,Kerala,Unidentified baleen whale,Unidentified baleen whale,,,,,,,,,,,,,,,Whatsapp - 11.10.25,9.307483143,76.38397863,,,,,,,
,57,9,6,2025,Goa,Indian Ocean humpback dolphin,Humpback dolphin,,,,,,,,,,,,3,2,4,Whatsapp - 11.10.25,15.29374857,73.90747058,,,,,,,
,58,6,6,2025,Goa,Indian Ocean humpback dolphin,Humpback dolphin,,,,,,,,,,M,A,3,3,5,Whatsapp - 11.10.25,15.64009083,73.71864797,,,,,,,
,59,29,5,2025,Goa,Indian Ocean humpback dolphin,Humpback dolphin,,,,,,,,,,,C,3,2,3,Whatsapp - 11.10.25,15.5112819,73.76456269,,,,,,,
,60,28,5,2025,Kerala,Indian Ocean humpback dolphin,Humpback dolphin,,,,,,,,,,,,,,,Whatsapp - 11.10.25,9.147937,76.458029,,,,,,,
,61,28,5,2025,Kerala,Indian Ocean humpback dolphin,Humpback dolphin,,,,,,,,,,,,,,,Whatsapp - 11.10.25,9.462074195,76.32483401,,,,,,,
,62,27,5,2025,Goa,Indo-Pacific finless porpoise,Indo-Pacific finless porpoise,,,,,,,,,,,,4,4,6,Whatsapp - 11.10.25,15.35284217,73.8845562,,,,,,,
,63,25,5,2025,Goa,Indian Ocean humpback dolphin,Humpback dolphin,,,,,,,,,,M,SA,2,0.5,1,Whatsapp - 11.10.25,15.22303589,73.92816343,,,,,,,
,64,24,5,2025,Goa,Indian Ocean humpback dolphin,Humpback dolphin,,,,,,,,,,,,4,6,9,Whatsapp - 11.10.25,14.90768708,74.08218385,,,,,,,
,65,19,5,2025,Goa,Indian Ocean humpback dolphin,Humpback dolphin,,,,,,,,,,,,4,6,8,Whatsapp - 11.10.25,15.16859563,73.94232229,,,,,,,
,66,19,5,2025,Goa,Indo-Pacific finless porpoise,Humpback dolphin,,,,,,,,,,,,3,3,5,Whatsapp - 11.10.25,15.20610432,73.93266907,,,,,,,
,67,18,5,2025,Goa,Indian Ocean humpback dolphin,Humpback dolphin,,,,,,,,,,,,4,4,6,Whatsapp - 11.10.25,15.12663599,73.94008671,,,,,,,
,68,18,5,2025,Goa,Indian Ocean humpback dolphin,Humpback dolphin,,,,,,,,,,,,3,3,5,Whatsapp - 11.10.25,15.1571974,73.94493185,,,,,,,
,69,17,5,2025,Goa,Indian Ocean humpback dolphin,Humpback dolphin,,,,,,,,,,,,4,6,8,Whatsapp - 11.10.25,15.16859563,73.94232229,,,,,,,
,70,17,5,2025,Goa,Indo-Pacific finless porpoise,Indo-Pacific finless porpoise,,,,,,,,,,,,4,5,7,Whatsapp - 11.10.25,15.16859563,73.94232229,,,,,,,
,71,17,5,2025,Goa,Indian Ocean humpback dolphin,Humpback dolphin,,,,,,,,,,,,4,6,8,Whatsapp - 11.10.25,15.16859563,73.94232229,,,,,,,
,72,17,5,2025,Goa,Indian Ocean humpback dolphin,Humpback dolphin,,,,,,,,,,,,3,3,5,Whatsapp - 11.10.25,15.1571974,73.94493185,,,,,,,Mass stranding event
,73,17,5,2025,Goa,Indian Ocean humpback dolphin,Humpback dolphin,,,,,,,,,,,,3,3,5,Whatsapp - 11.10.25,15.1571974,73.94493185,,,,,,,
,74,17,5,2025,Goa,Indian Ocean humpback dolphin,Humpback dolphin,,,,,,,,,,,,4,5,8,Whatsapp - 11.10.25,15.1571974,73.94493185,,,,,,,
,75,17,5,2025,Goa,Indian Ocean humpback dolphin,Humpback dolphin,,,,,,,,,,,,4,6,8,Whatsapp - 11.10.25,15.1571974,73.94493185,,,,,,,
,76,16,5,2025,Goa,Indian Ocean humpback dolphin,Humpback dolphin,,,,,,,,,,,,3,2,4,Whatsapp - 11.10.25,15.14603986,73.94810409,,,,,,,
,77,16,5,2025,Goa,Indian Ocean humpback dolphin,Humpback dolphin,,,,,,,,,,,,3,2,4,Whatsapp - 11.10.25,15.16859563,73.94232229,,,,,,,
,78,15,5,2025,Goa,Indian Ocean humpback dolphin,Humpback dolphin,,,,,,,,,,,C,4,4,5,Whatsapp - 11.10.25,15.00970492,74.02350093,,,,,,,
,79,13,5,2025,Goa,Indo-Pacific finless porpoise,Indo-Pacific finless porpoise,,,,,,,,,,,,2,0.5,1,Whatsapp - 11.10.25,14.97856949,74.04153968,,,,,,,
,80,13,5,2025,Goa,Indian Ocean humpback dolphin,Humpback dolphin,,,,,,,,,,,SA,3,2,4,Whatsapp - 11.10.25,15.00970492,74.02350093,,,,,,,
,81,13,5,2025,Goa,Indian Ocean humpback dolphin,Humpback dolphin,,,,,,,,,,,SA,2,0.5,1,Whatsapp - 11.10.25,15.22307283,73.92818209,,,,,,,
,82,11,5,2025,Goa,Indo-Pacific finless porpoise,Indo-Pacific finless porpoise,,,,,,,,,,F,SA,2,0.5,1,Whatsapp - 11.10.25,14.99667863,74.03384074,,,,,,,
,83,11,5,2025,Goa,Indian Ocean humpback dolphin,Humpback dolphin,,,,,,,,,,M,,3,3,5,Whatsapp - 11.10.25,14.95974234,74.04898888,,,,,,,
,84,8,5,2025,Goa,Indo-Pacific finless porpoise,Indo-Pacific finless porpoise,,,,,,,,,,,,3,2,3,Whatsapp - 11.10.25,15.61701216,73.73286086,,,,,,,
,85,4,5,2025,Goa,Indian Ocean humpback dolphin,Humpback dolphin,,,,,,,,,,,,3,2,4,Whatsapp - 11.10.25,15.47809487,73.80615035,,,,,,,
,86,4,5,2025,Goa,Indian Ocean humpback dolphin,Humpback dolphin,,,,,,,,,,F,SA,2,0.5,1,Whatsapp - 11.10.25,15.33269558,73.89376488,,,,,,,
,87,4,5,2025,Maharashtra,Unidentified baleen whale,Unidentified baleen whale,,,,,,,,,,,,,,,Whatsapp - 11.10.25,18.531811,72.907975,,,,,,,
,88,3,5,2025,Goa,Indo-Pacific finless porpoise,Indo-Pacific finless porpoise,,,,,,,,,,,SA,4,4,7,Whatsapp - 11.10.25,15.29374857,73.90747058,,,,,,,
,89,30,4,2025,Goa,Indian Ocean humpback dolphin,Humpback dolphin,"15.310969152722976,73.9020757401367",Code 3,"Majorda, South Goa.",,"https://www.marinemammals.in/submit-record/29-09-2025-9ef4bea9-d319-4900-989e-0c87faebfbc3.JPG,",,,,,,,3,3,5,MMI-10.10.25,15.31096915,73.90207574,,,,,,,
,90,30,4,2025,Goa,Indo-Pacific finless porpoise,Indo-Pacific finless porpoise,"15.222593667180266,73.9287790750244",Code 3,"Varca, South Goa.",,"https://www.marinemammals.in/submit-record/29-09-2025-ef535295-51be-4a37-8c68-f5559cc255de.JPG,",,,,,,,3,3,6,MMI-10.10.25,15.22259367,73.92877908,,,,,,,
,91,29,4,2025,Goa,Indo-Pacific finless porpoise,Indo-Pacific finless porpoise,"15.499295185198612,73.76751608833008",Code 3,"Sinquerim, North Goa.",,"https://www.marinemammals.in/submit-record/29-09-2025-04f88bb1-4b9d-4a8f-909f-81994106fd4d.JPG,https://www.marinemammals.in/submit-record/29-09-2025-3bc2090e-b0e8-4bf4-82ff-bdcfee8fab51.JPG,",,,,,F,,3,3,4,MMI-10.10.25,15.49929519,73.76751609,,,,,,,
,92,26,4,2025,Goa,Indo-Pacific finless porpoise,Indo-Pacific finless porpoise,"15.518283687124011,73.76243429836424",Code 2,Candolim,,"https://www.marinemammals.in/submit-record/29-09-2025-ae528505-bcc3-4d2a-bc59-93d9227b78dd.JPG,",,,,,,,2,0.5,1,MMI-10.10.25,15.51828369,73.7624343,,,,,,,
,93,18,4,2025,Odisha,Spinner dolphin,Spinner dolphin,"19.934207488064082,86.29480607573242",Code 2,"Gundalba, Orissa",,"https://www.marinemammals.in/submit-record/29-09-2025-02f609b1-9daf-466a-afcc-2595c8f4c53b.JPG,https://www.marinemammals.in/submit-record/29-09-2025-6414dd98-736e-4247-8b86-aed595f34065.JPG,",,,,,,,,,,MMI-10.10.25,19.93420749,86.29480608,,,,,,,
,94,16,4,2025,Goa,Indian Ocean humpback dolphin,Humpback dolphin,"15.33327564665479,73.89375016820067",Code 2,"Arrosim, South Goa.",,"https://www.marinemammals.in/submit-record/29-09-2025-ae8d6c21-e874-496f-a8f0-0d692cf8a2be.JPG,https://www.marinemammals.in/submit-record/29-09-2025-5f56f29c-0418-4994-96da-5d714d615ec0.JPG,https://www.marinemammals.in/submit-record/29-09-2025-a6462d60-4bb0-40be-b769-5b47ea9a4b06.JPG,https://www.marinemammals.in/submit-record/29-09-2025-d1f3e39b-873f-457f-a5db-2f2a1a51c01c.JPG,",,,,,F,A,2,1,2,MMI-10.10.25,15.33327565,73.89375017,,,,,,,
,95,14,4,2025,Kerala,Indian Ocean humpback dolphin,Humpback dolphin,"10.507239767601485,76.0410901685547",Code 3,Near Thrissur,,"https://www.marinemammals.in/submit-record/29-09-2025-e0e63d08-99a3-4ce3-97ee-666d26fc26f5.JPG,https://www.marinemammals.in/submit-record/29-09-2025-66fc62cf-3081-445f-a257-38510c205fce.JPG,",,,,,,,,,,MMI-10.10.25,10.50723977,76.04109017,,,,,,,
,96,12,4,2025,Goa,Indian Ocean humpback dolphin,Humpback dolphin,"15.353846360544425,73.88413157456054",Code 2,"Velsao, South Goa",,"https://www.marinemammals.in/submit-record/29-09-2025-79c6c33b-5c99-48bd-9e5b-b505a8403916.JPG,https://www.marinemammals.in/submit-record/29-09-2025-d388150a-1503-4242-bb4e-474d89aa92fe.JPG,",,,,,,,3,3,4,MMI-10.10.25,15.35384636,73.88413157,,,,,,,
,97,12,4,2025,Goa,Indian Ocean humpback dolphin,Humpback dolphin,"15.280485528396643,73.91185836347657",Code 3. No teeth present,"Colva, South Goa",,"https://www.marinemammals.in/submit-record/29-09-2025-4602abf6-cb7c-434e-b259-61a7398721ab.JPG,https://www.marinemammals.in/submit-record/29-09-2025-1b73be5b-471a-47d9-a67e-7aa7614995e7.JPG,https://www.marinemammals.in/submit-record/29-09-2025-f06dd345-1fa1-4477-932e-f0e2fbb58c8e.JPG,",,,,,,,4,4,6,MMI-10.10.25,15.28048553,73.91185836,,,,,,,
,98,12,4,2025,Goa,Indian Ocean humpback dolphin,Humpback dolphin,"15.292136236488885,73.90803286499022",Code 4. highly sunburnt,"Betalbetim, South Goa.",,"https://www.marinemammals.in/submit-record/29-09-2025-34441dae-096d-4242-bcd4-1c342676105d.JPG,",,,,,,C,3,2,3,MMI-10.10.25,15.29213624,73.90803286,,,,,,,
,99,11,4,2025,Goa,Indian Ocean humpback dolphin,Humpback dolphin,"15.057481609458176,73.97072436505128",Code 2. Male,"Cola beach, South Goa.",,"https://www.marinemammals.in/submit-record/29-09-2025-d65e0b8c-a500-4a43-b587-b4273cc0ebdf.JPG,https://www.marinemammals.in/submit-record/29-09-2025-38ed392c-3cc5-4e60-90d8-5fdc9f14282b.JPG,https://www.marinemammals.in/submit-record/29-09-2025-f724e78a-b7ef-4371-a737-c4c4ada3e0d7.JPG,https://www.marinemammals.in/submit-record/29-09-2025-b19850d0-f566-4a6c-a3ca-e4b025fc7a87.JPG,",,,,,M,SA,3,3,4,MMI-10.10.25,15.05748161,73.97072437,,,,,,,
,100,5,4,2025,Maharashtra,Indo-Pacific finless porpoise,Indo-Pacific finless porpoise,"17.48559818144247,73.18587517875977",Code 3,"Guhagar, Maharashtra.

Shared by Akshay Mandavkar",,"https://www.marinemammals.in/submit-record/29-09-2025-ebecc983-b218-43d2-a086-7120cbb37bfd.JPG,",,,,,,,,,,MMI-10.10.25,17.48559818,73.18587518,,,,,,,
,101,31,3,2025,Maharashtra,Indo-Pacific finless porpoise,Indo-Pacific finless porpoise,"20.014318478196373, 72.71788441444595","Code 3, highly sunburnt and eaten","Nepad beach, Dahanu",,"https://www.marinemammals.in/submit-record/25-08-2025-IMG-20250331-WA0039.jpg,",,,,,,,,,,MMI-10.10.25,20.01431848,72.71788441,,,,,,,
,102,30,3,2025,Goa,Indian Ocean humpback dolphin,Humpback dolphin,"15.2039116,73.93471920000002","Young, fresh, code 2, death likely <24 hrs ago",Tourist beach,,"https://www.marinemammals.in/submit-record/25-08-2025-IMG-20250330-WA0011.jpg,",,,,,,,2,0.5,1,MMI-10.10.25,15.2039116,73.9347192,,,,,,,
,103,27,3,2025,Goa,Indo-Pacific finless porpoise,Indo-Pacific finless porpoise,"15.2811065,73.91391829999999",Fresh and bloated. Likely died 1 day ago,Less visited sandy beach,,"https://www.marinemammals.in/submit-record/25-08-2025-IMG-20250327-WA0013.jpg,https://www.marinemammals.in/submit-record/25-08-2025-IMG-20250327-WA0014.jpg,https://www.marinemammals.in/submit-record/25-08-2025-IMG-20250327-WA0015.jpg,https://www.marinemammals.in/submit-record/25-08-2025-IMG-20250327-WA0017.jpg,https://www.marinemammals.in/submit-record/25-08-2025-IMG-20250327-WA0016.jpg,",,,,,,,3,2,3,MMI-10.10.25,15.2811065,73.9139183,,,,,,,
,104,25,3,2025,Gujarat,Indian Ocean humpback dolphin,Humpback dolphin,"21.05711160049337, 71.75803758748287","Fresh, code 2, eaten, likely male","shallow, low slope beach",,"https://www.marinemammals.in/submit-record/25-08-2025-IMG-20250326-WA0009.jpg,https://www.marinemammals.in/submit-record/25-08-2025-IMG-20250326-WA0011.jpg,https://www.marinemammals.in/submit-record/25-08-2025-IMG-20250326-WA0012.jpg,https://www.marinemammals.in/submit-record/25-08-2025-IMG-20250326-WA0013.jpg,https://www.marinemammals.in/submit-record/25-08-2025-IMG-20250326-WA0017.jpg,",,,,,,,,,,MMI-10.10.25,21.0571116,71.75803759,,,,,,,
,105,24,3,2025,Goa,Indo-Pacific finless porpoise,Indo-Pacific finless porpoise,"15.2039116,73.93471920000002",Sunburnt; code 3,Less visited tourist beach,,"https://www.marinemammals.in/submit-record/25-08-2025-IMG-20250324-WA0002.jpg,https://www.marinemammals.in/submit-record/25-08-2025-IMG-20250324-WA0003.jpg,https://www.marinemammals.in/submit-record/25-08-2025-IMG-20250324-WA0004.jpg,https://www.marinemammals.in/submit-record/25-08-2025-IMG-20250324-WA0005.jpg,",,,,,,,4,3,5,MMI-10.10.25,15.2039116,73.9347192,,,,,,,
,106,24,3,2025,Maharashtra,Indian Ocean humpback dolphin,Humpback dolphin,"18.946391129659723, 72.797645445671",Code 2 but highly sunburnt; probably stranded the previous day and was under the sun for long,"Rocky beach, less visited",,"https://www.marinemammals.in/submit-record/25-08-2025-IMG-20250324-WA0007.jpg,https://www.marinemammals.in/submit-record/25-08-2025-IMG-20250324-WA0008.jpg,https://www.marinemammals.in/submit-record/25-08-2025-IMG-20250324-WA0009.jpg,",,,,,,,,,,MMI-10.10.25,18.94639113,72.79764545,,,,,,,
,107,20,3,2025,Goa,Indo-Pacific finless porpoise,Indo-Pacific finless porpoise,"15.21160804730578, 73.93091798060237",Highly sunburnt and bloated,Less visited sandy beach,,"https://www.marinemammals.in/submit-record/25-08-2025-IMG-20250320-WA0004.jpg,https://www.marinemammals.in/submit-record/25-08-2025-IMG-20250320-WA0005.jpg,",,,,,,,3,2,3,MMI-10.10.25,15.21160805,73.93091798,,,,,,,
,108,13,3,2025,Goa,Indo-Pacific finless porpoise,Indo-Pacific finless porpoise,"15.255323045597104,73.91955636394044",Code 4; decomposition likely happened on water,Tourist beach,,"https://www.marinemammals.in/submit-record/25-08-2025-IMG-20250313-WA0001.jpg,https://www.marinemammals.in/submit-record/25-08-2025-IMG-20250313-WA0002.jpg,",,,,,,,4,6,8,MMI-10.10.25,15.25532305,73.91955636,,,,,,,
,109,13,3,2025,Andhra Pradesh,Striped dolphin,Striped dolphin,"14.925139353847486, 80.07145436239786","Fresh, code2 with organs starting to swell","Kavali, Nellore, Andhra Pradesh",,"https://www.marinemammals.in/submit-record/25-08-2025-IMG-20250313-WA0006.jpg,https://www.marinemammals.in/submit-record/25-08-2025-IMG-20250313-WA0008.jpg,https://www.marinemammals.in/submit-record/25-08-2025-IMG-20250313-WA0007.jpg,",,,,,,,,,,MMI-10.10.25,14.92513935,80.07145436,,,,,,,
,110,13,3,2025,Goa,Indo-Pacific finless porpoise,Indo-Pacific finless porpoise,"15.54465866307,73.75463886344603",Skin burnt and torn off. Likely died 1-2 days ago,TOurist beach,,"https://www.marinemammals.in/submit-record/25-08-2025-IMG-20250313-WA0011.jpg,https://www.marinemammals.in/submit-record/25-08-2025-IMG-20250313-WA0012.jpg,",,,,,,A,3,2,3,MMI-10.10.25,15.54465866,73.75463886,,,,,,,
,111,12,3,2025,Goa,Indian Ocean humpback dolphin,Humpback dolphin,"15.35202547187113,73.88481822006835",Juveline; looks emaciated,Less visited sandy beach,,"https://www.marinemammals.in/submit-record/25-08-2025-IMG-20250312-WA0006.jpg,",,,,,,,2,0.5,1,MMI-10.10.25,15.35202547,73.88481822,,,,,,,
,112,12,3,2025,Andhra Pradesh,Striped dolphin,Striped dolphin,"14.905066432442752,80.07776068361204",Not taken,"Thummalapenta beach, a village of sub district kavali, SPSR Nellore district. A Sandy shore beach",,"https://www.marinemammals.in/submit-record/14-03-2025-IMG_20250312_225442_298.jpg,https://www.marinemammals.in/submit-record/14-03-2025-IMG_20250312_225440_576.jpg,https://www.marinemammals.in/submit-record/14-03-2025-IMG_20250312_225443_667.jpg,",,,,,,,,,,MMI-10.10.25,14.90506643,80.07776068,,,,,,,
,113,10,3,2025,Goa,Indian Ocean humpback dolphin,Humpback dolphin,"15.333509224649074,73.8939401380371","2 animals, onc code 3 the other code 4.",Arrosim beach; less visited,,"https://www.marinemammals.in/submit-record/25-08-2025-IMG-20250310-WA0003.jpg,https://www.marinemammals.in/submit-record/25-08-2025-IMG-20250310-WA0004.jpg,https://www.marinemammals.in/submit-record/25-08-2025-IMG-20250310-WA0009.jpg,https://www.marinemammals.in/submit-record/25-08-2025-IMG-20250310-WA0010.jpg,",,,,,,,3,2,3,MMI-10.10.25,15.33350922,73.89394014,,,,,,,
,114,8,3,2025,Goa,Indian Ocean humpback dolphin,Humpback dolphin,"15.126641187991787, 73.94001697992354","Code 4, slightly sunburnt and eaten","Sandy beach, less visited",,"https://www.marinemammals.in/submit-record/25-08-2025-IMG-20250308-WA0012.jpg,https://www.marinemammals.in/submit-record/25-08-2025-IMG-20250308-WA0013.jpg,",,,,,,,4,5,8,MMI-10.10.25,15.12664119,73.94001698,,,,,,,
,115,6,3,2025,Goa,Kogiidae,Large-sized delphinid,"15.390794781420906, 73.80676836826692",Several external injuries; emanciated; ,"Sandy tourist beach, stranded at night",,"https://www.marinemammals.in/submit-record/25-08-2025-IMG-20250307-WA0011.jpg,https://www.marinemammals.in/submit-record/25-08-2025-IMG-20250307-WA0012.jpg,https://www.marinemammals.in/submit-record/25-08-2025-IMG-20250307-WA0015.jpg,https://www.marinemammals.in/submit-record/25-08-2025-IMG-20250307-WA0013.jpg,",,,,,,,,,,MMI-10.10.25,15.39079478,73.80676837,,,,,,,
,116,4,3,2025,Goa,Indian Ocean humpback dolphin,Humpback dolphin,"15.374784916309823, 73.81518799149929",Code 4 decomposition.,Was probably stuck near rocks for a while before stranding on the beach,,"https://www.marinemammals.in/submit-record/25-08-2025-IMG-20250304-WA0006.jpg,https://www.marinemammals.in/submit-record/25-08-2025-IMG-20250304-WA0012.jpg,https://www.marinemammals.in/submit-record/25-08-2025-IMG-20250304-WA0013.jpg,https://www.marinemammals.in/submit-record/25-08-2025-IMG-20250304-WA0014.jpg,",,,,,,,,,,MMI-10.10.25,15.37478492,73.81518799,,,,,,,
,117,4,3,2025,Goa,Indian Ocean humpback dolphin,Humpback dolphin,"15.559480006195038,73.74993773016357",Code 3 but eaten by dogs and skin peeled off,"Tourist beach, sandy",,"https://www.marinemammals.in/submit-record/25-08-2025-IMG-20250304-WA0024.jpg,https://www.marinemammals.in/submit-record/25-08-2025-IMG-20250304-WA0025.jpg,https://www.marinemammals.in/submit-record/25-08-2025-IMG-20250304-WA0026.jpg,",,,,,,A,3,4,6,MMI-10.10.25,15.55948001,73.74993773,,,,,,,
,118,27,2,2025,Tamil Nadu,Small-sized delphinid,Small-sized delphinid,"13.066910797084276,80.28968827421875",Code 4 with jawbone seen. Could be a sousa but difficult to ID form one photo,Beach in Chennai,,"https://www.marinemammals.in/submit-record/25-08-2025-WhatsApp Image 2025-02-27 at 15.24.08_6ddc69a9.jpg,",,,,,,,,,,MMI-10.10.25,13.0669108,80.28968827,,,,,,,
,119,25,2,2025,Tamil Nadu,Indo-Pacific bottlenose dolphin,Indo-Pacific bottlenose dolphin,"13.003621456855141, 80.27489755547047",Heavily susnburnt. Probably stranded 1-2 days ago. Could be a male,Less frequently visited sandy beach near Chennai,,"https://www.marinemammals.in/submit-record/25-08-2025-IMG-20250225-WA0003.jpg,https://www.marinemammals.in/submit-record/25-08-2025-IMG-20250225-WA0004.jpg,https://www.marinemammals.in/submit-record/25-08-2025-IMG-20250225-WA0005.jpg,https://www.marinemammals.in/submit-record/25-08-2025-IMG-20250225-WA0006.jpg,https://www.marinemammals.in/submit-record/25-08-2025-IMG-20250225-WA0007.jpg,https://www.marinemammals.in/submit-record/25-08-2025-IMG-20250225-WA0009.jpg,",,,,,,,,,,MMI-10.10.25,13.00362146,80.27489756,,,,,,,
,120,22,2,2025,Goa,Indian Ocean humpback dolphin,Humpback dolphin,"15.351777167639217,73.88481822006835",2 animals stranded together; both were fresh but had cuts around their neck that were bleeding.,Sandy beach,,"https://www.marinemammals.in/submit-record/25-08-2025-IMG-20250222-WA0003.jpg,https://www.marinemammals.in/submit-record/25-08-2025-IMG-20250222-WA0004.jpg,https://www.marinemammals.in/submit-record/25-08-2025-IMG-20250222-WA0005.jpg,https://www.marinemammals.in/submit-record/25-08-2025-IMG-20250222-WA0007.jpg,https://www.marinemammals.in/submit-record/25-08-2025-IMG-20250222-WA0008.jpg,",,,,,,,2,1,2,MMI-10.10.25,15.35177717,73.88481822,,,,,,,
,121,22,2,2025,Goa,Indian Ocean humpback dolphin,Humpback dolphin,,,,,,,,,,,,2,1,2,MMI-10.10.25,15.35177717,73.88481822,,,,,,,
,122,20,2,2025,Goa,Indo-Pacific finless porpoise,Indo-Pacific finless porpoise,"15.51111952442086,73.76461225208433","Code 3, pale",Sandy tourist beach; stranded at night,,"https://www.marinemammals.in/submit-record/25-08-2025-IMG-20250221-WA0001.jpg,",,,,,,,3,4,6,MMI-10.10.25,15.51111952,73.76461225,,,,,,,
,123,18,2,2025,Goa,Indo-Pacific finless porpoise,Indo-Pacific finless porpoise,"15.368668780055957,73.83442537777101",Code 3,Sandy tourist beach,,"https://www.marinemammals.in/submit-record/25-08-2025-IMG-20250218-WA0003.jpg,",,,,,,,4,4,6,MMI-10.10.25,15.36866878,73.83442538,,,,,,,
,124,15,2,2025,Goa,Indian Ocean humpback dolphin,Humpback dolphin,"15.56084430762063,73.74899359259032","Adult, fresh",Tourist beach,,"https://www.marinemammals.in/submit-record/25-08-2025-IMG-20250215-WA0002.jpg,https://www.marinemammals.in/submit-record/25-08-2025-IMG-20250215-WA0003.jpg,https://www.marinemammals.in/submit-record/25-08-2025-IMG-20250215-WA0004.jpg,",,,,,,SA,2,0.5,1,MMI-10.10.25,15.56084431,73.74899359,,,,,,,
,125,13,2,2025,Goa,Risso's dolphin,Risso's dolphin,"15.405629300690341, 73.78619222726414","Juveline; decomposition state of code 2-3; probably the same Risso's seen near boats a few days ago off Devbag.
Length 275 cms
Width 110 cms",A small sandy beach south of the airport,,"https://www.marinemammals.in/submit-record/25-08-2025-IMG-20250213-WA0004.jpg,https://www.marinemammals.in/submit-record/25-08-2025-IMG-20250213-WA0006.jpg,https://www.marinemammals.in/submit-record/25-08-2025-IMG-20250213-WA0007.jpg,",,,,,,,,,,MMI-10.10.25,15.4056293,73.78619223,,,,,,,
,126,13,2,2025,Maharashtra,Indian Ocean humpback dolphin,Humpback dolphin,"19.021960288756127, 72.83049885814215","Juvenile, fresh carcass female 167 cm. Marks seen on the bosy as if the animal were trapped in a fishing net",Dadar beach,,"https://www.marinemammals.in/submit-record/25-08-2025-IMG-20250213-WA0012.jpg,https://www.marinemammals.in/submit-record/25-08-2025-IMG-20250213-WA0013.jpg,https://www.marinemammals.in/submit-record/25-08-2025-IMG-20250213-WA0014.jpg,https://www.marinemammals.in/submit-record/25-08-2025-IMG-20250213-WA0015.jpg,",,,,,,,,,,MMI-10.10.25,19.02196029,72.83049886,,,,,,,
,127,12,2,2025,Goa,Indian Ocean humpback dolphin,Humpback dolphin,"15.688877041242549,73.70234547141114","Code 2, many teeth missing. Sex undetermined",Sandy tourist beach,,"https://www.marinemammals.in/submit-record/25-08-2025-IMG-20250212-WA0004.jpg,",,,,,,,4,5,8,MMI-10.10.25,15.68887704,73.70234547,,,,,,,
,128,12,2,2025,Goa,Indo-Pacific finless porpoise,Indo-Pacific finless porpoise,"15.350452873412992,73.88550486557617",Adult male with most skin peeled off; time of death seems at least 2-3 days ago,Toursit beach,,"https://www.marinemammals.in/submit-record/25-08-2025-IMG-20250212-WA0005.jpg,https://www.marinemammals.in/submit-record/25-08-2025-IMG-20250212-WA0006.jpg,https://www.marinemammals.in/submit-record/25-08-2025-IMG-20250212-WA0007.jpg,https://www.marinemammals.in/submit-record/25-08-2025-IMG-20250212-WA0008.jpg,",,,,,,,3,2,4,MMI-10.10.25,15.35045287,73.88550487,,,,,,,
,129,12,2,2025,Goa,Indian Ocean humpback dolphin,Humpback dolphin,"15.511998259055202,73.7644084041992","large adult, heavily decomposed (Code 4)",Tourist beach,,"https://www.marinemammals.in/submit-record/25-08-2025-IMG-20250212-WA0009.jpg,https://www.marinemammals.in/submit-record/25-08-2025-IMG-20250212-WA0010.jpg,",,,,,,,4,4,6,MMI-10.10.25,15.51199826,73.7644084,,,,,,,
,130,11,2,2025,Tamil Nadu,Indo-Pacific humpback dolphin,Humpback dolphin,"9.316828347366462,79.33206176091308",Code 3; slighly pale,Beach near the village Olakkuda,,"https://www.marinemammals.in/submit-record/25-08-2025-IMG-20250211-WA0002.jpg,https://www.marinemammals.in/submit-record/25-08-2025-IMG-20250211-WA0003.jpg,",,,,,,,,,,MMI-10.10.25,9.316828347,79.33206176,,,,,,,
,131,10,2,2025,Maharashtra,Indo-Pacific finless porpoise,Indo-Pacific finless porpoise,"16.998751601979013,73.27597441083984","Decomposed, with skin peeling off; eaten by stray dogs",Beach in Ratnagiri,,"https://www.marinemammals.in/submit-record/25-08-2025-IMG-20250211-WA0015.jpg,",,,,,,,,,,MMI-10.10.25,16.9987516,73.27597441,,,,,,,
,132,8,2,2025,Goa,Indo-Pacific finless porpoise,Indo-Pacific finless porpoise,"15.222707516068455,73.92918754433593","Slightly bloated, code 3. Appears to be a juvenile. Sex undetermined.",Tourist beach,,"https://www.marinemammals.in/submit-record/25-08-2025-IMG-20250208-WA0004.jpg,https://www.marinemammals.in/submit-record/25-08-2025-IMG-20250208-WA0005.jpg,",,,,,,,3,2,4,MMI-10.10.25,15.22270752,73.92918754,,,,,,,
,133,7,2,2025,Goa,Indian Ocean humpback dolphin,Humpback dolphin,"15.255283294941428,73.9192884458496","Heavily decomposed (code 4), likely adult male",Tourist beach,,"https://www.marinemammals.in/submit-record/25-08-2025-IMG-20250207-WA0003.jpg,https://www.marinemammals.in/submit-record/25-08-2025-IMG-20250207-WA0004.jpg,",,,,,,,4,5,9,MMI-10.10.25,15.25528329,73.91928845,,,,,,,
,134,7,2,2025,Goa,Indian Ocean humpback dolphin,Humpback dolphin,"15.203456053793202,73.93360340104982","Heavily decomposed, code 4",Tourist beach,,"https://www.marinemammals.in/submit-record/25-08-2025-IMG-20250207-WA0006.jpg,",,,,,,,4,6,9,MMI-10.10.25,15.20345605,73.9336034,,,,,,,
,135,6,2,2025,Goa,Indo-Pacific finless porpoise,Indo-Pacific finless porpoise,"15.389879579743482, 73.80680182255628","Advance stage of decomposition (code 3) with gut and tongue swollen, skin torn off",Tourist beach,,"https://www.marinemammals.in/submit-record/25-08-2025-IMG-20250207-WA0001.jpg,https://www.marinemammals.in/submit-record/25-08-2025-IMG-20250207-WA0002.jpg,",,,,,,,3,2,4,MMI-10.10.25,15.38987958,73.80680182,,,,,,,
,136,4,2,2025,Odisha,Indo-Pacific finless porpoise,Indo-Pacific finless porpoise,"19.38319056882985,85.08340908320315",Fresh and mostly intact carcass with body slightly bloated.,Dakshin's turtle monitoring site at Rushikulya ,,"https://www.marinemammals.in/submit-record/25-08-2025-IMG-20250204-WA0001.jpg,https://www.marinemammals.in/submit-record/25-08-2025-IMG-20250204-WA0002.jpg,https://www.marinemammals.in/submit-record/25-08-2025-IMG-20250204-WA0003.jpg,https://www.marinemammals.in/submit-record/25-08-2025-IMG-20250204-WA0007.jpg,https://www.marinemammals.in/submit-record/25-08-2025-IMG-20250204-WA0008.jpg,",,,,,,,,,,MMI-10.10.25,19.38319057,85.08340908,,,,,,,
,137,4,2,2025,Tamil Nadu,Indo-Pacific finless porpoise,Indo-Pacific finless porpoise,"10.7672313,79.8448512","Fresh carcass, recently dead (probably stranded early morning)",Sandy beach,,"https://www.marinemammals.in/submit-record/25-08-2025-IMG-20250204-WA0004.jpg,",,,,,,,,,,MMI-10.10.25,10.7672313,79.8448512,,,,,,,
,138,4,2,2025,Goa,Indian Ocean humpback dolphin,Humpback dolphin,"15.332764245015328,73.89411179941405",Slightly bloated (perhaps died 1-2 days ago); scrape-like marks seen on the snout. Adult Male,Sandy tourist beach,,"https://www.marinemammals.in/submit-record/25-08-2025-IMG-20250205-WA0001.jpg,https://www.marinemammals.in/submit-record/25-08-2025-IMG-20250205-WA0003.jpg,https://www.marinemammals.in/submit-record/25-08-2025-IMG-20250205-WA0003.jpg,",,,,,M,A,2,1,2,MMI-10.10.25,15.33276425,73.8941118,,,,,,,
,139,26,1,2025,Gujarat,Indo-Pacific finless porpoise,Indo-Pacific finless porpoise,"20.759308830618462,70.65882423010255",Condition code-2,"Mul Dwarka, Kodinar, Gujarat; Prachi Hatkar",,"https://www.marinemammals.in/submit-record/01-02-2025-guj 1.jpeg,https://www.marinemammals.in/submit-record/01-02-2025-guj 2.jpeg,",,,,,,,,,,MMI-10.10.25,20.75930883,70.65882423,,,,,,,
,140,24,1,2025,Goa,Indian Ocean humpback dolphin,Humpback dolphin,"15.573624085549149,73.74074440361326","Condition code-2; male humpback dolphin, looks slightly bloated","Anjuna beach, North Goa; Puja Mitra",,"https://www.marinemammals.in/submit-record/29-01-2025-Anjuna 7.jpeg,https://www.marinemammals.in/submit-record/29-01-2025-Anjuna 6.jpeg,https://www.marinemammals.in/submit-record/29-01-2025-Anjuna 5.jpeg,https://www.marinemammals.in/submit-record/29-01-2025-Anjuna 4.jpeg,https://www.marinemammals.in/submit-record/29-01-2025-Anjuna 3.jpeg,https://www.marinemammals.in/submit-record/29-01-2025-Anjuna 2.jpeg,https://www.marinemammals.in/submit-record/29-01-2025-Anjuna 1.jpeg,",,,,,M,,3,2,3,MMI-10.10.25,15.57362409,73.7407444,,,,,,,
,141,22,1,2025,Goa,Indian Ocean humpback dolphin,Humpback dolphin,,,,,,,,,,,,3,2,4,Whatsapp - 11.10.25,15.3904876,73.80690703,,,,,,,
,142,12,1,2025,Maharashtra,Indo-Pacific finless porpoise,Indo-Pacific finless porpoise,"17.96154652083645,73.02850278874664",Condition code-4; sunburnt,"Velas beach, Maharashtra; Shaunak Modi",,"https://www.marinemammals.in/submit-record/29-01-2025-velas.jpeg,",,,,,,,,,,MMI-10.10.25,17.96154652,73.02850279,,,,,,,
,143,10,1,2025,Goa,Indo-Pacific finless porpoise,Indo-Pacific finless porpoise,"15.104806693476997,73.924836067984",Code 4 - buried at site. no samples. adult animal. rope on the tail - ribs expopsed near the flipper - carcass open around the ribs.. ,found by lifeguard Yamanappa,,"https://www.marinemammals.in/submit-record/11-01-2025-WhatsApp Image 2025-01-11 at 20.22.48 (1).jpeg,https://www.marinemammals.in/submit-record/11-01-2025-WhatsApp Image 2025-01-11 at 20.22.48.jpeg,",,,,,,,,,,MMI-10.10.25,15.10480669,73.92483607,,,,,,,
,144,10,12,2024,Tamil Nadu,Blue whale,Blue whale,"9.2791938,79.2053194",18ft blue whale calf - monofilament net entanglement marks according to frnaces gulland - calf was emaciated with all three upper jaw bones seen. fresh code 1 carcass. Video available too.,under pamban bridge - at Thekkuvadi beach,,"https://www.marinemammals.in/submit-record/22-12-2024-WhatsApp Image 2024-12-22 at 08.45.29.jpeg,https://www.marinemammals.in/submit-record/22-12-2024-WhatsApp Image 2024-12-22 at 08.45.30 (1).jpeg,https://www.marinemammals.in/submit-record/22-12-2024-WhatsApp Image 2024-12-22 at 08.45.29 (1).jpeg,https://www.marinemammals.in/submit-record/22-12-2024-WhatsApp Image 2024-12-22 at 08.45.30 (2).jpeg,",,,,,,,,,,MMI-06.10.25,9.2791938,79.2053194,,,,,,,
,145,5,12,2024,Goa,Indo-Pacific finless porpoise,Indo-Pacific finless porpoise,"15.186921, 73.937753",code 3 adult finless porpoise. there seem to be small circular patches near the flipper - could be blunt trauma,stranded dead on the cavelossim beach,,"https://www.marinemammals.in/submit-record/11-01-2025-WhatsApp Image 2025-01-11 at 20.38.51.jpeg,https://www.marinemammals.in/submit-record/11-01-2025-WhatsApp Image 2025-01-11 at 20.38.52.jpeg,",,,,,,,3,2,3,MMI-06.10.25,15.186921,73.937753,,,,,,,
,146,4,12,2024,Goa,Indo-Pacific finless porpoise,Indo-Pacific finless porpoise,"15.156449714559345,73.94528027912904",fresh carcass; bleeding anal opening. circular white spots between flippers ventrally; injured tail fluke ,stranded dead on the beach,,"https://www.marinemammals.in/submit-record/11-01-2025-WhatsApp Image 2025-01-11 at 20.38.49.jpeg,https://www.marinemammals.in/submit-record/11-01-2025-WhatsApp Image 2025-01-11 at 20.38.49 (1).jpeg,",,,,,,,2,1,3,MMI-06.10.25,15.15644971,73.94528028,,,,,,,
,147,4,12,2024,Goa,Indo-Pacific finless porpoise,Indo-Pacific finless porpoise,"15.203929260306657,73.93345262750853","fresh carcass with only some skin peeling at tail stock, flipper, anal region",Found stranded on the Zalor beach. Found by lifeguards,,"https://www.marinemammals.in/submit-record/11-01-2025-WhatsApp Image 2025-01-11 at 20.38.50 (1).jpeg,https://www.marinemammals.in/submit-record/11-01-2025-WhatsApp Image 2025-01-11 at 20.38.50.jpeg,",,,,,,,2,1,3,MMI-06.10.25,15.20392926,73.93345263,,,,,,,
,148,16,11,2024,Tamil Nadu,Unidentified large cetacean,Large-sized delphinid,,,,,,,,,,,,,,,Whatsapp - 11.10.25,13.05842156,80.28583446,,,,,,,
,149,12,11,2024,Goa,Indian Ocean humpback dolphin,Humpback dolphin,"15.222510848014371,73.92845720994261","Code 3 male adult. the throat seems to have a scar around it ventrally seen clotting on throat region; injuries on lower jaw, dorsally ripped with digestive tract exposed. penis exposed. beak wide open. ",stranded on the Varca beach,,"https://www.marinemammals.in/submit-record/11-01-2025-WhatsApp Image 2025-01-11 at 21.43.40.jpeg,https://www.marinemammals.in/submit-record/11-01-2025-WhatsApp Image 2025-01-11 at 21.43.41.jpeg,",,,,,,,3,2,4,MMI-06.10.25,15.22251085,73.92845721,,,,,,,
,150,10,11,2024,Tamil Nadu,Cuvier's beaked whale,Cuvier's beaked whale,,,,,,,,,,,,,,,Whatsapp - 11.10.25,11.42068766,79.81260938,,,,,,,
,151,10,11,2024,Goa,Indo-Pacific finless porpoise,Indo-Pacific finless porpoise,"15.177663, 73.940193","code 3 - fluke and flippers have decomposed, hemorrhage on several parts of the body - could have blunt trauma. has a circular mark around its neck . ",reported by lifeguard at the beach,,"https://www.marinemammals.in/submit-record/11-01-2025-WhatsApp Image 2025-01-11 at 21.44.45.jpeg,https://www.marinemammals.in/submit-record/11-01-2025-WhatsApp Image 2025-01-11 at 21.44.46.jpeg,",,,,,,,3,2,4,MMI-06.10.25,15.177663,73.940193,,,,,,,
,152,8,11,2024,Goa,Indo-Pacific finless porpoise,Indo-Pacific finless porpoise,,,,,,,,,,,,2,0.5,1,Whatsapp - 11.10.25,15.31145652,73.90148065,,,,,,,
,153,4,11,2024,Goa,Indian Ocean humpback dolphin,Humpback dolphin,,,,,,,,,,F,A,2,1,2,Whatsapp - 11.10.25,15.24884893,73.92088648,,,,,,,
,154,4,11,2024,Goa,Indo-Pacific finless porpoise,Indo-Pacific finless porpoise,,,,,,,,,,,,4,4,6,Whatsapp - 11.10.25,15.22303589,73.92816343,,,,,,,
,155,1,11,2024,Goa,Indian Ocean humpback dolphin,Humpback dolphin,,,,,,,,,,,C,2,0.5,1,Whatsapp - 11.10.25,15.24884893,73.92088648,,,,,,,
,156,30,10,2024,Odisha,Bottlenose dolphin,Bottlenose dolphin,,,,,,,,,,,,,,,Whatsapp - 11.10.25,20.78575323,86.95671579,,,,,,,
,157,27,10,2024,Goa,Indian Ocean humpback dolphin,Humpback dolphin,,,,,,,,,,,C,2,1,2,Whatsapp - 11.10.25,15.27976895,73.91194528,,,,,,,
,158,23,10,2024,Goa,Indo-Pacific finless porpoise,Indo-Pacific finless porpoise,,,,,,,,,,,,3,3,5,Whatsapp - 11.10.25,15.27976895,73.91194528,,,,,,,
,159,22,10,2024,Goa,Indo-Pacific finless porpoise,Indo-Pacific finless porpoise,,,,,,,,,,,,2,1,2,Whatsapp - 11.10.25,15.29374857,73.90747058,,,,,,,
,160,22,10,2024,Goa,Indo-Pacific finless porpoise,Indo-Pacific finless porpoise,,,,,,,,,,,,2,1,2,Whatsapp - 11.10.25,15.24884893,73.92088648,,,,,,,
,161,18,10,2024,Kerala,Indo-Pacific finless porpoise,Indo-Pacific finless porpoise,,,,,,,,,,,,,,,Whatsapp - 11.10.25,11.92291224,75.31257059,,,,,,,reported on 4/11/24 on whatsapp
,162,22,10,2024,Kerala,Indo-Pacific finless porpoise,Indo-Pacific finless porpoise,,,,,,,,,,,,3,2,3,Whatsapp - 11.10.25,15.300096,73.905373,,,,,,,
,163,5,10,2024,Goa,Indo-Pacific finless porpoise,Indo-Pacific finless porpoise,,,,,,,,,,,,3,2,4,Whatsapp - 11.10.25,15.27976895,73.91194528,,,,,,,
,164,4,10,2024,Kerala,Spinner dolphin,Spinner dolphin,,,,,,,,,,,,,,,Whatsapp - 11.10.25,11.25676095,75.76901302,,,,,,,
,165,2,10,2024,Kerala,Bryde's whale,Bryde's whale,,,,,,,,,,,,,,,Whatsapp - 11.10.25,9.489572375,76.31755916,,,,,,,
,166,5,10,2024,Goa,Indo-Pacific finless porpoise,Indo-Pacific finless porpoise,,,,,,,,,,,,3,2,4,Whatsapp - 11.10.25,15.25232688,73.92007109,,,,,,,
,167,28,9,2024,Goa,Indo-Pacific finless porpoise,Indo-Pacific finless porpoise,,,,,,,,,,,,5,8,12,Whatsapp - 11.10.25,15.36994827,73.83303144,,,,,,,Code 5
,168,28,9,2024,Goa,Indian Ocean humpback dolphin,Humpback dolphin,,,,,,,,,,M,,2,2,3,Whatsapp - 11.10.25,15.33286113,73.89363613,,,,,,,
,169,28,9,2024,Goa,Indian Ocean humpback dolphin,Humpback dolphin,,,,,,,,,,,,4,4,6,Whatsapp - 11.10.25,15.33253002,73.89376488,,,,,,,
,170,22,9,2024,Tamil Nadu,Indian Ocean humpback dolphin,Humpback dolphin,,,,,,,,,,,,,,,Whatsapp - 11.10.25,13.04631422,80.2831666,,,,,,,
,171,20,9,2024,Goa,Indian Ocean humpback dolphin,Humpback dolphin,,,,,,,,,,,,2,1,2,Whatsapp - 11.10.25,15.54493271,73.7549767,,,,,,,
,172,15,9,2024,Goa,Indo-Pacific finless porpoise,Indo-Pacific finless porpoise,,,,,,,,,,,C,4,7,10,Whatsapp - 11.10.25,15.16859563,73.94232229,,,,,,,
,173,14,9,2024,Andhra Pradesh,Spinner dolphin,Spinner dolphin,,,,,,,,,,,,,,,Whatsapp - 11.10.25,17.71410174,83.32489052,,,,,,,
,174,12,9,2024,Goa,Indian Ocean humpback dolphin,Humpback dolphin,,,,,,,,,,,SA,2,1,2,Whatsapp - 11.10.25,15.5612067,73.74873617,,,,,,,
,175,12,9,2024,Maharashtra,Indo-Pacific finless porpoise,Indo-Pacific finless porpoise,,,,,,,,,,,,,,,Whatsapp - 11.10.25,19.42008079,72.75839653,,,,,,,
,176,10,9,2024,Kerala,Bryde's whale,Bryde's whale,"11.82802971700779,75.41278977994004",Condition code- 4,"Kizhunna beach, Kizhunna-Kadappuram beach, Kannur, Kerala; Dipani Sutaria (source person)",,"https://www.marinemammals.in/submit-record/10-09-2024-kannur Image 2024-09-10 at 14.36.22.jpeg,https://www.marinemammals.in/submit-record/10-09-2024-kannur 1 Image 2024-09-10 at 14.36.22.jpeg,",,,,,,,,,,MMI-06.10.25,11.82802972,75.41278978,,,,,,,
,177,10,9,2024,Goa,Indian Ocean humpback dolphin,Humpback dolphin,"15.2209348,73.9290015","Condition code- 3; head, snout and one of the flippers (only 1 flipper is visible in the images) are covered with rake marks","Varca beach, Goa; Puja Mitra (source person)",,"https://www.marinemammals.in/submit-record/10-09-2024-Varca Image 2024-09-10 at 08.00.18.jpeg,https://www.marinemammals.in/submit-record/10-09-2024-Varca 1 Image 2024-09-10 at 08.00.18.jpeg,https://www.marinemammals.in/submit-record/10-09-2024-Varca 3 Image 2024-09-10 at 08.00.18.jpeg,https://www.marinemammals.in/submit-record/10-09-2024-Varca 4 Image 2024-09-10 at 08.00.19.jpeg,https://www.marinemammals.in/submit-record/10-09-2024-Varca 5 Image 2024-09-10 at 08.00.19.jpeg,",,,,,,SA,2,1,2,MMI-06.10.25,15.2209348,73.9290015,,,,,,,
,178,10,9,2024,Goa,Indian Ocean humpback dolphin,Humpback dolphin,"15.171499265300557,73.94161668370353",Condition code- 3; internal organs have spilled out and skin sloughed off ,"Cavelossim beach, Goa; Puja Mitra (source person)",,"https://www.marinemammals.in/submit-record/10-09-2024-cavelossim Image 2024-09-10 at 13.23.35.jpeg,",,,,,,,4,4,6,MMI-06.10.25,15.17149927,73.94161668,,,,,,,
,179,10,9,2024,Goa,Indian Ocean humpback dolphin,Humpback dolphin,"15.573348085163401,73.74086913525875",Condition code- 3; slightly bloated,"Anjuna beach, Goa; Puja Mitra (source person)",,"https://www.marinemammals.in/submit-record/10-09-2024-anjuna Image 2024-09-10 at 15.08.02.jpeg,",,,,,,SA,3,3,6,MMI-06.10.25,15.57334809,73.74086914,,,,,,,
,180,9,9,2024,Goa,Indian Ocean humpback dolphin,Humpback dolphin,"15.043761733272243,73.98566306083892",Condition code- 3; bloated and an injury in the belly is seen.,"Agonda beach, Goa; Puja Mitra (source person)",,"https://www.marinemammals.in/submit-record/09-09-2024-agonda 1 Image 2024-09-09 at 11.38.41.jpeg,https://www.marinemammals.in/submit-record/09-09-2024-agonda 2 Image 2024-09-09 at 11.38.41.jpeg,https://www.marinemammals.in/submit-record/09-09-2024-agonda 3 Image 2024-09-09 at 11.39.37.jpeg,",,,,,M,C,2,0.5,1,MMI-06.10.25,15.04376173,73.98566306,,,,,,,
,181,9,9,2024,Goa,Indo-Pacific finless porpoise,Indo-Pacific finless porpoise,"15.354383109693226,73.88339565452691","Condition code-3; Length- 132cm, Breadth- 27cm and sunburnt","Velsao beach, Goa; Puja Mitra (source person)",,"https://www.marinemammals.in/submit-record/09-09-2024-velsao 1 Image 2024-09-09 at 14.11.58.jpeg,https://www.marinemammals.in/submit-record/09-09-2024-velsao 2 Image 2024-09-09 at 14.11.58.jpeg,https://www.marinemammals.in/submit-record/09-09-2024-velsao 3 Image 2024-09-09 at 14.11.59.jpeg,",,,,,F,,3,2,3,MMI-06.10.25,15.35438311,73.88339565,,,,,,,
,182,6,9,2024,Goa,Indo-Pacific finless porpoise,Indo-Pacific finless porpoise,"15.156418939000751,73.94504044827119",Condition code- 2; has rake marks over the body,"Mobor beach, Goa; Puja Mitra (source person)",,"https://www.marinemammals.in/submit-record/06-09-2024-Mobor 1 Image 2024-09-06 at 08.12.19.jpeg,https://www.marinemammals.in/submit-record/06-09-2024-Mobor 2 Image 2024-09-06 at 08.12.20.jpeg,https://www.marinemammals.in/submit-record/06-09-2024-Mobor 3 Image 2024-09-06 at 08.12.20.jpeg,",,,,,,,2,0.5,1,MMI-06.10.25,15.15641894,73.94504045,,,,,,,
,183,3,9,2024,Karnataka,Cuvier's beaked whale,Cuvier's beaked whale,,,,,,,,,,,,,,,Whatsapp - 11.10.25,13.6603794,74.6571153,,,,,,,
,184,3,9,2024,Kerala,Bryde's whale,Bryde's whale,,,,,,,,,,,,,,,Whatsapp - 11.10.25,10.9159236,75.88247147,,,,,,,
,185,1,9,2024,Maharashtra,Bryde's whale,Bryde's whale,,,,,,,,,,,,,,,Whatsapp - 11.10.25,18.66194723,72.86289805,,,,,,,
,186,29,8,2024,Goa,Indian Ocean humpback dolphin,Humpback dolphin,"15.36970329528652,73.83324520580446",Condition code- 4; Length-121 cm and Breadth-34 cm. Sunburnt and skin's sloughed off.,"Bogmalo Beach, south Goa; Dipani Sutaria (source person)",,"https://www.marinemammals.in/submit-record/29-08-2024-Varca 1 Image 2024-08-29 at 14.43.25.jpeg,https://www.marinemammals.in/submit-record/29-08-2024-Varca 2 Image 2024-08-29 at 14.43.26.jpeg,",,,,,,,2,2,3,MMI-06.10.25,15.3697033,73.83324521,,,,,,,
,187,29,8,2024,Goa,Indian Ocean humpback dolphin,Humpback dolphin,"15.643548646133834,73.71757416137696",Condition Code-4; internal organs spilled out from the ventral side and some marks are observed on the head.,"Ashwem beach, north Goa; Dipani Sutaria (source person)",,"https://www.marinemammals.in/submit-record/29-08-2024-Ashwem Image 2024-08-29 at 17.26.23.jpeg,https://www.marinemammals.in/submit-record/29-08-2024-Ashwem 1 Image 2024-08-29 at 17.26.23.jpeg,https://www.marinemammals.in/submit-record/29-08-2024-Ashwem 2 2024-08-29 at 17.26.24.jpeg,https://www.marinemammals.in/submit-record/29-08-2024-Ashwem 4 Image 2024-08-29 at 17.26.24.jpeg,https://www.marinemammals.in/submit-record/29-08-2024-Ashwem 3 Image 2024-08-29 at 17.26.24.jpeg,",,,,,,,2,2,3,MMI-06.10.25,15.64354865,73.71757416,,,,,,,
,188,29,8,2024,Goa,Indo-Pacific finless porpoise,Indo-Pacific finless porpoise,"15.685241156723134,73.70328960898438",Condition code- 2,"Arambol beach, north Goa; Dipani Sutaria (source person)",,"https://www.marinemammals.in/submit-record/29-08-2024-arambol Image 2024-08-29 at 19.25.11.jpeg,https://www.marinemammals.in/submit-record/29-08-2024-arambol 1 Image 2024-08-29 at 19.25.11.jpeg,",,,,,,,2,0.5,1,MMI-06.10.25,15.68524116,73.70328961,,,,,,,
,189,28,8,2024,Goa,Indian Ocean humpback dolphin,Humpback dolphin,"15.220084338408597,73.9291876428833",Condition code-4; skin is almost sloughed off and sunburnt. Pectoral fins and fluke are missing.,"Varca beach, south Goa; Dipani Sutaria (source person)",,"https://www.marinemammals.in/submit-record/29-08-2024-Varca 3 Image 2024-08-29 at 14.43.46.jpeg,https://www.marinemammals.in/submit-record/29-08-2024-Varca 4 Image 2024-08-29 at 14.43.47.jpeg,https://www.marinemammals.in/submit-record/29-08-2024-Varca 5 Image 2024-08-29 at 14.43.47.jpeg,",,,,,F,,3,5,7,MMI-06.10.25,15.22008434,73.92918764,,,,,,,
,190,25,8,2024,Maharashtra,Indian Ocean humpback dolphin,Humpback dolphin,"18.94261983926878,72.82303801408614","Condition code: 4. The dolphin was identified as the Indian Ocean Humpback dolphin and the carcass appeared to be bloated, pale and the skin had sloughed off, but the body was intact with fluke and flippers although some of the teeth were missing. ","Marine drive, Mumbai; Shaunak Modi (source person)",,"https://www.marinemammals.in/submit-record/26-08-2024-00010155-PHOTO-2024-08-25-11-59-33.jpg,",,,,,,,,,,MMI-06.10.25,18.94261984,72.82303801,,,,,,,
,191,26,8,2024,Goa,Indian Ocean humpback dolphin,Humpback dolphin,,,,,,,,,,,,3,2,4,Whatsapp - 11.10.25,14.97789616,74.04184062,,,,,,,
,192,26,8,2024,Goa,Indian Ocean humpback dolphin,Humpback dolphin,,,,,,,,,,C,,3,2,3,Whatsapp - 11.10.25,15.04194462,73.98664834,,,,,,,
,193,25,8,2024,Goa,Indian Ocean humpback dolphin,Humpback dolphin,"14.977988071349262,74.04178546745912",Condition code: 4; the dolphin carcass appears putrefied and slightly bloated.  ,"Talpona beach, South Goa; Puja Mitra (source person)",,"https://www.marinemammals.in/submit-record/27-08-2024-00010152-PHOTO-2024-08-25-11-22-14.jpg,",,,,,M,A,4,4,6,MMI-06.10.25,14.97798807,74.04178547,,,,,,,
,194,21,8,2024,Kerala,Indo-Pacific finless porpoise,Indo-Pacific finless porpoise,"11.869575708509098,75.35209722565612",Condition code- 4; sunburnt ,"Payyambalam Beach, Kannur, Kerala; Dipani Sutaria (source person)",,"https://www.marinemammals.in/submit-record/28-08-2024-WhatsApp Image 2024-08-27 at 18.50.12 kannur.jpeg,",,,,,,,,,,MMI-06.10.25,11.86957571,75.35209723,,,,,,,
,195,19,8,2024,Goa,Indian Ocean humpback dolphin,Humpback dolphin,"15.334011675749727,73.89296825974121",Condition code- 3; the animal has rake marks and is sunburnt and bloated. Individual is a male since the penis can be seen and has all the teeth intact. ,"Arrosim beach, South Goa; Puja Mitra (source person)",,"https://www.marinemammals.in/submit-record/28-08-2024-Arrisom Image 2024-08-19 at 13.26.08  1.jpeg,https://www.marinemammals.in/submit-record/28-08-2024-Arrisom Image 2024-08-19 at 13.26.08 2.jpeg,https://www.marinemammals.in/submit-record/28-08-2024-arrisom Image 2024-08-19 at 13.26.09 3.jpeg,https://www.marinemammals.in/submit-record/28-08-2024-arrisom Image 2024-08-19 at 13.26.09 4.jpeg,",,,,,M,A,3,2,3,MMI-06.10.25,15.33401168,73.89296826,,,,,,,
,196,18,8,2024,Maharashtra,Indo-Pacific finless porpoise,Indo-Pacific finless porpoise,"19.074639036388504,72.82168410262452","The Indo pacific finless porpoise was caught by fishers, which was  probably a bycatch. The porpoise appears dead, probably due to the delay in leaving it back into the water.","Khar Danda, Mumai, Maharashtra; Shaunak Modi (source person)",,,"https://www.marinemammals.in/submit-record/27-08-2024-00010143-VIDEO-2024-08-20-17-47-02.mp4,",,,,,,,,,MMI-06.10.25,19.07463904,72.8216841,,,,,,,
,197,16,8,2024,Goa,Indian Ocean humpback dolphin,Humpback dolphin,"15.56235329714597,73.74815674337768","Condition code: 4, the species was identified as Indian Ocean Humpback dolphin. The dolphin's internal organs had come out from the genital region and the body appears decayed.  ","Baga creek, North Goa; Puja Mitra (source person ) ",,"https://www.marinemammals.in/submit-record/27-08-2024-00010136-PHOTO-2024-08-16-17-49-30.jpg,",,,,,,A,3,3,4,MMI-06.10.25,15.5623533,73.74815674,,,,,,,
,198,13,8,2024,Goa,Indian Ocean humpback dolphin,Humpback dolphin,"15.208156415058284,73.93218719468996","Conditio code- 2; length is 120cm. The individual is a new born and has fetal curves and intense rake marks all over the body, more concentrated in the head and snout region.","Zalor beach, south Goa; Puja Mitra (source person)",,"https://www.marinemammals.in/submit-record/28-08-2024-WhatsApp Image 2024-08-13 at 12.19.37.jpeg,https://www.marinemammals.in/submit-record/28-08-2024-WhatsApp Image 2024-08-13 at 12.19.38 (1).jpeg,https://www.marinemammals.in/submit-record/28-08-2024-WhatsApp Image 2024-08-13 at 12.19.38 (2).jpeg,https://www.marinemammals.in/submit-record/28-08-2024-WhatsApp Image 2024-08-13 at 12.19.38.jpeg,",,,,,,C,2,0.5,1,MMI-06.10.25,15.20815642,73.93218719,,,,,,,
,199,9,8,2024,Goa,Indo-Pacific finless porpoise,Indo-Pacific finless porpoise,"15.002638889172617,74.02718484693287",Condition code- 4; internal organs spilled out through a slit on the ventral side ,"Colomb beach, South Goa; Puja Mitra (source person)",,"https://www.marinemammals.in/submit-record/29-08-2024-Image 2024-08-09 at 13.17.25 colomb.jpeg,https://www.marinemammals.in/submit-record/29-08-2024-WhatsApp Image 2024-08-09 at 13.17.25 colomb.jpeg,",,,,,,A,3,2,3,MMI-06.10.25,15.00263889,74.02718485,,,,,,,
,200,7,8,2024,Goa,Indian Ocean humpback dolphin,Humpback dolphin,"15.292595281716762,73.90773853806762","Condition code- 2; animal was around 1mt in length, fetal curves and vibrissal pits can be seen. ","Betalbetim beach, South goa; Puja Mitra (source person)",,"https://www.marinemammals.in/submit-record/28-08-2024-00010045-PHOTO-2024-08-07-15-39-39.jpg,",,,,,,C,2,0.5,1,MMI-06.10.25,15.29259528,73.90773854,,,,,,,
,201,6,8,2024,Goa,Indo-Pacific finless porpoise,Indo-Pacific finless porpoise,"15.499169662019403,73.76733383065377",Condition code- 2; skin sloughed off from the ventral side,"Sinquerim beach, Candolim, Goa; Puja Mitra (source person)",,"https://www.marinemammals.in/submit-record/30-08-2024-Candolim Image 2024-08-06 at 18.00.11.jpeg,https://www.marinemammals.in/submit-record/30-08-2024-candolim 1 Image 2024-08-06 at 18.00.11.jpeg,https://www.marinemammals.in/submit-record/30-08-2024-candolim 2 Image 2024-08-06 at 18.00.28.jpeg,",,,,,,C,2,0.5,1,MMI-06.10.25,15.49916966,73.76733383,,,,,,,
,202,30,7,2024,Goa,Dwarf sperm whale,Dwarf sperm whale,"15.204077252922056,73.93319570527956",Condition code- 4; skin is sunburnt,"Zalor beach, south Goa; Puja Mitra (source person)",,"https://www.marinemammals.in/submit-record/30-08-2024-WhatsApp Image 2024-08-30 at 20.13.45.jpeg,https://www.marinemammals.in/submit-record/30-08-2024-WhatsApp Image 2024-08-30 at 20.13.46 (1).jpeg,https://www.marinemammals.in/submit-record/30-08-2024-WhatsApp Image 2024-08-30 at 20.13.46.jpeg,https://www.marinemammals.in/submit-record/30-08-2024-WhatsApp Image 2024-08-30 at 20.13.47 (1).jpeg,https://www.marinemammals.in/submit-record/30-08-2024-WhatsApp Image 2024-08-30 at 20.13.47 (2).jpeg,https://www.marinemammals.in/submit-record/30-08-2024-WhatsApp Image 2024-08-30 at 20.13.47.jpeg,https://www.marinemammals.in/submit-record/30-08-2024-WhatsApp Image 2024-08-30 at 20.13.48.jpeg,",,,,,,,,,,MMI-06.10.25,15.20407725,73.93319571,,,,,,,
,203,27,7,2024,Goa,Indo-Pacific finless porpoise,Indo-Pacific finless porpoise,"15.250879759035922,73.92052682275391",Condition code- 4; fluke seems to be injured,"Benaulim beach, Goa; Puja Mitra (source person)",,"https://www.marinemammals.in/submit-record/30-08-2024-Benaulim 1 Image 2024-08-30 at 19.19.31.jpeg,https://www.marinemammals.in/submit-record/30-08-2024-Benaulim 2 Image 2024-07-27 at 07.36.03.jpeg,",,,,,,,3,2,3,MMI-06.10.25,15.25087976,73.92052682,,,,,,,
,204,26,7,2024,Goa,Indo-Pacific finless porpoise,Indo-Pacific finless porpoise,"15.280769602836944,73.91157454066163",Condition code-4; the pectoral fins and fluke are missing. Individual could be a male.,"Colva beach, south Goa; Puja Mitra (source person)",,"https://www.marinemammals.in/submit-record/30-08-2024-colva Image 2024-07-26 at 07.44.19.jpeg,https://www.marinemammals.in/submit-record/30-08-2024-colva 1 Image 2024-07-26 at 07.44.20.jpeg,",,,,,,,3,2,3,MMI-06.10.25,15.2807696,73.91157454,,,,,,,
,205,22,7,2024,Odisha,Small-sized delphinid,Small-sized delphinid,"20.25185568668539,86.65814329947509","Ganges river dolphin. Condition code- 2. The animal was identified as a Gangetic River dolphin. Fishing net was stuck around the beak and since it's a freshwater species, starvation, bad weather and salt water could be possible reasons for death. ","Paradeep, Odisha; Sri Chakra Pranav (source person)",,"https://www.marinemammals.in/submit-record/01-09-2024-Platanista Image 2024-07-22 at 19.32.23.jpeg,",,,,,,,,,,MMI-06.10.25,20.25185569,86.6581433,,,,,,,
,206,22,7,2024,Kerala,Indian Ocean humpback dolphin,Humpback dolphin,"11.838370783573417,75.40299443266602",Condition code- 3; the animal seems bloated,"Thottada beach, Kannur, Kerala; Dipani Sutaria (source person)",,"https://www.marinemammals.in/submit-record/02-09-2024-Thottada Image 2024-09-02 at 18.32.11.jpeg,",,,,,,,,,,MMI-06.10.25,11.83837078,75.40299443,,,,,,,
,207,21,7,2024,Kerala,Indian Ocean humpback dolphin,Humpback dolphin,"12.399863529460879,75.0273644812915","Condition code-4; sunburnt, bloated and the individual is a male.","Bekal Beach, Kasargod, Kerala; Dipani Sutaria (source person)",,"https://www.marinemammals.in/submit-record/01-09-2024-bekal Image 2024-09-01 at 15.44.00.jpeg,https://www.marinemammals.in/submit-record/01-09-2024-bekal 1 Image 2024-09-01 at 15.44.03.jpeg,",,,,,,,,,,MMI-06.10.25,12.39986353,75.02736448,,,,,,,
,208,17,7,2024,Goa,Indo-Pacific finless porpoise,Indo-Pacific finless porpoise,"15.5179749,73.76261219999999",Condition code-3; skin sloughing off and the individual is a male (penis can be seen) ,"Candolim beach, north Goa; Puja Mitra (source person)",,"https://www.marinemammals.in/submit-record/01-09-2024-candolim Image 2024-07-17 at 09.48.43.jpeg,",,,,,,,2,1,3,MMI-06.10.25,15.5179749,73.7626122,,,,,,,
,209,14,7,2024,Maharashtra,Indian Ocean humpback dolphin,Humpback dolphin,"19.04581375671894,72.81881420685424","Condition code 4; teeth seem to be intact, slightly bloated.","Bandstand, Mumbai; Shaunak Modi (source person)",,"https://www.marinemammals.in/submit-record/01-09-2024-bandstand Image 2024-07-14 at 13.38.02.jpeg,",,,,,,,,,,MMI-06.10.25,19.04581376,72.81881421,,,,,,,
,210,9,7,2024,Goa,Indian Ocean humpback dolphin,Humpback dolphin,"15.333353248911955,73.89331403981171",Condition code-4; internal organs have spilled out,"Arossim beach, south Goa; Puja Mitra (source person)",,"https://www.marinemammals.in/submit-record/01-09-2024-arossim 1 Image 2024-07-09 at 16.21.57.jpeg,https://www.marinemammals.in/submit-record/01-09-2024-arossim Image 2024-07-09 at 16.21.57.jpeg,",,,,,,,,,,MMI-06.10.25,15.33335325,73.89331404,,,,,,,
,211,28,6,2024,Kerala,Unidentified baleen whale,Unidentified baleen whale,"12.01087881946952,75.2101067276127",Condition Code- 5; the baleen whale carcass has been badly decomposed making it hard to identify the species.  ,"Ettikkulam beach, Kannur, Kerala; Biju Kumar (source person)",,"https://www.marinemammals.in/submit-record/02-09-2024-ettikkulam Image 2024-06-28 at 15.31.51.jpeg,",,,,,,,,,,MMI-06.10.25,12.01087882,75.21010673,,,,,,,
,212,27,6,2024,Tamil Nadu,Indo-Pacific finless porpoise,Indo-Pacific finless porpoise,"12.898145710394983,80.25465692831112",Condition code-4; carcass looks bloated.,"Akkarai beach, Chennai, Tamil Nadu; Kumaran Sathasivam (source person)",,"https://www.marinemammals.in/submit-record/02-09-2024-00009888-PHOTO-2024-06-27-16-41-57.jpg,",,,,,,,,,,MMI-06.10.25,12.89814571,80.25465693,,,,,,,
,213,26,6,2024,Goa,Indian Ocean humpback dolphin,Humpback dolphin,"15.544688235665541,73.75451484760742","Condition code-4; skin has peeled off, bloated and the internal organs were spilled out. The individual is a male.","Calangute beach, Goa; Puja Mitra (source person)",,"https://www.marinemammals.in/submit-record/03-09-2024-calangute Image 2024-06-26 at 09.27.28.jpeg,https://www.marinemammals.in/submit-record/03-09-2024-calangute Image 2024-06-26 at 09.27.27.jpeg,https://www.marinemammals.in/submit-record/03-09-2024-calangute Image 2024-06-26 at 09.22.07.jpeg,",,,,,,C,3,2,4,MMI-06.10.25,15.54468824,73.75451485,,,,,,,
,214,25,6,2024,Tamil Nadu,Indo-Pacific finless porpoise,Indo-Pacific finless porpoise,"12.949380739963477,80.26200581170882",Condition code- 4; animal looks bloated.,"Neelangarai beach, Chennai, Tamil Nadu; Rahul Muralidharan (source person)",,"https://www.marinemammals.in/submit-record/03-09-2024-Neelangarai Image 2024-06-25 at 13.51.42.jpeg,",,,,,,,,,,MMI-06.10.25,12.94938074,80.26200581,,,,,,,
,215,23,6,2024,Goa,Indian Ocean humpback dolphin,Humpback dolphin,"15.251224095622064,73.92041467082521","Condition code-4; teeth are intact, slightly bloated.","Benaulim beach, Goa; Puja Mitra (source person)",,"https://www.marinemammals.in/submit-record/03-09-2024-00009858-PHOTO-2024-06-23-17-49-35.jpg,https://www.marinemammals.in/submit-record/03-09-2024-00009859-PHOTO-2024-06-23-17-49-36.jpg,",,,,,,,3,2,4,MMI-06.10.25,15.2512241,73.92041467,,,,,,,
,216,21,6,2024,Goa,Indian Ocean humpback dolphin,Humpback dolphin,"15.669937463552294,73.70858978228148",Condition code-5,"Mandrem beach, Goa; Puja Mitra (source person)",,"https://www.marinemammals.in/submit-record/03-09-2024-mandrem Image 2024-06-21 at 17.16.32.jpeg,",,,,,,,3,3,5,MMI-06.10.25,15.66993746,73.70858978,,,,,,,
,217,19,6,2024,Maharashtra,Unidentified baleen whale,Unidentified baleen whale,"18.329206530640175,72.95474046171749","Condition code- 5, body length is 12 mts.","Murud beach, Raigad, Maharashtra; Mohit M (source person)",,"https://www.marinemammals.in/submit-record/04-09-2024-00009836-PHOTO-2024-06-19-18-35-19.jpg,https://www.marinemammals.in/submit-record/04-09-2024-00009837-PHOTO-2024-06-19-18-35-20.jpg,https://www.marinemammals.in/submit-record/04-09-2024-00009839-PHOTO-2024-06-19-18-35-21.jpg,https://www.marinemammals.in/submit-record/04-09-2024-00009840-PHOTO-2024-06-19-18-35-21.jpg,",,,,,,,,,,MMI-06.10.25,18.32920653,72.95474046,,,,,,,
,218,11,6,2024,Goa,Indian Ocean humpback dolphin,Humpback dolphin,"15.250736138839688,73.92057644362069","Condition code- 3; skin has sloughed off, the individual is a male","Benaulim beach, Goa; Puja Mitra (source person)",,"https://www.marinemammals.in/submit-record/04-09-2024-benaulim 1 Image 2024-06-11 at 18.21.46.jpeg,https://www.marinemammals.in/submit-record/04-09-2024-benaulim Image 2024-06-11 at 18.21.45.jpeg,",,,,,M,SA,3,2,3,MMI-06.10.25,15.25073614,73.92057644,,,,,,,
,219,6,6,2024,Gujarat,False killer whale,False killer whale,"20.85677872485347,71.38060784168206","Condition code-4; Total length-24 ft, teeth count- upperjaw left :9 or 10 ; lowerjaw left 11","Jafrabad coast, Gujarat; Viral Prajapati (source person-1) and Prachi Hatkar (source person-2 for the pictures (pprachi62@gmail.com). ",,"https://www.marinemammals.in/submit-record/06-09-2024-Prachi 1 Image 2024-06-06 at 10.43.26.jpeg,https://www.marinemammals.in/submit-record/06-09-2024-prachi 2 Image 2024-06-06 at 10.43.26.jpeg,https://www.marinemammals.in/submit-record/06-09-2024-prachi 3 Image 2024-06-06 at 10.43.27.jpeg,https://www.marinemammals.in/submit-record/06-09-2024-prachi 4 Image 2024-06-06 at 10.43.27.jpeg,https://www.marinemammals.in/submit-record/06-09-2024-prachi 5 Image 2024-06-06 at 10.43.28.jpeg,https://www.marinemammals.in/submit-record/06-09-2024-prachi 6 Image 2024-06-06 at 10.43.28.jpeg,https://www.marinemammals.in/submit-record/06-09-2024-prachi 7 Image 2024-06-06 at 10.43.29.jpeg,https://www.marinemammals.in/submit-record/06-09-2024-Viral Image 2024-09-06 at 16.17.19.jpeg,",,,,,,,,,,MMI-06.10.25,20.85677872,71.38060784,,,,,,,
,220,5,6,2024,Gujarat,Indo-Pacific finless porpoise,Indo-Pacific finless porpoise,"22.237810307493973,68.96198121583444",Condition code- 2; the finless porpoise (most probably a bycatch) was released back into the water after it died. The animal died even before it could be rescued by the fisher.   ,"Offshore Dwarka beach, Gujarat; Sameeha Pathan (source person)",,"https://www.marinemammals.in/submit-record/05-09-2024-00009842-PHOTO-2024-06-19-19-53-20.jpg,",,,,,,,,,,MMI-06.10.25,22.23781031,68.96198122,,,,,,,
,221,29,5,2024,Maharashtra,Indian Ocean humpback dolphin,Humpback dolphin,"19.043184470839194,72.81729598958398",Condition code- 4; internal organs  have spilled out.,"Bandra beach, Mumbai, Maharashtra; Shaunak Modi (source person)",,"https://www.marinemammals.in/submit-record/05-09-2024-00009746-PHOTO-2024-05-29-14-10-59.jpg,",,,,,,,,,,MMI-06.10.25,19.04318447,72.81729599,,,,,,,
,222,24,5,2024,Maharashtra,Indo-Pacific finless porpoise,Indo-Pacific finless porpoise,"19.99122468385205,72.72162256857835","Condition code- 4, Individual is a male. Internal organs have spilled out.","Dahanu beach, Palghar district, Maharashtra; Prachi Hatkar (source person)",,"https://www.marinemammals.in/submit-record/05-09-2024-dahanu 1 Image 2024-05-24 at 21.07.03.jpeg,https://www.marinemammals.in/submit-record/05-09-2024-dahanu 2 Image 2024-05-24 at 21.07.04.jpeg,https://www.marinemammals.in/submit-record/05-09-2024-dahanu 3 Image 2024-05-24 at 21.07.04.jpeg,",,,,,,,,,,MMI-06.10.25,19.99122468,72.72162257,,,,,,,
,223,21,5,2024,Goa,Indo-Pacific finless porpoise,Indo-Pacific finless porpoise,"15.171500452818725,73.94161705216695",Condition code- 3; bloated and skin sloughed off.,"Cavelossim beach, Goa; Puja Mitra (source person)",,"https://www.marinemammals.in/submit-record/05-09-2024-cavilossim Image 2024-05-21 at 17.11.23.jpeg,",,,,,,,3,2,3,MMI-06.10.25,15.17150045,73.94161705,,,,,,,
,224,20,5,2024,Karnataka,Indian Ocean humpback dolphin,Humpback dolphin,"13.449711769047923,74.69513400582836","Condition code- 4; skin sloughed off, sunburnt and bloated.","Kodi Bengre beach, Udupi district, Karnataka; Thejaswini Shettigar  (source person)",,"https://www.marinemammals.in/submit-record/06-09-2024-kodi Image 2024-05-20 at 12.09.24.jpeg,https://www.marinemammals.in/submit-record/06-09-2024-kodi Image 2024-05-20 at 12.09.23.jpeg,",,,,,,,,,,MMI-06.10.25,13.44971177,74.69513401,,,,,,,
,225,18,5,2024,Tamil Nadu,Melon-headed whale,Melon-headed whale,,,,,,,,,,,,,,,Whatsapp - 11.10.25,9.26542513,79.04687389,,,,,,,
,226,5,5,2024,Karnataka,Unidentified small cetacean,Small-sized delphinid,,,,,,,,,,,,,,,Whatsapp - 11.10.25,12.957679,74.80002728,,,,,,,Skeletal remains
,227,2,5,2024,Lakshadweep islands,Sperm whale,Sperm whale,,,,,,,,,,,,,,,Whatsapp - 11.10.25,10.93863196,72.2901035,,,,,,,
,228,1,5,2024,Goa,Indian Ocean humpback dolphin,Humpback dolphin,"15.292618172337464,73.90774598924342","Condition code- 4; sunburnt, skin sloughed off, bloated and tail fluke missing","Betalbetim beach, Goa; Puja Mitra (source person)",,"https://www.marinemammals.in/submit-record/11-09-2024-Betalbetim 1 Image 2024-09-10 at 22.57.54.jpeg,https://www.marinemammals.in/submit-record/11-09-2024-Betalbetim 2 Image 2024-09-10 at 22.57.54.jpeg,https://www.marinemammals.in/submit-record/11-09-2024-Betalbetim 3 Image 2024-09-10 at 22.57.54.jpeg,https://www.marinemammals.in/submit-record/11-09-2024-Betalbetim 4 Image 2024-09-10 at 22.57.55.jpeg,",,,,,,,3,3,5,MMI-06.10.25,15.29261817,73.90774599,,,,,,,
,229,1,5,2024,Goa,Indo-Pacific finless porpoise,Indo-Pacific finless porpoise,,,,,,,,,,,C,4,5,7,Whatsapp - 11.10.25,15.48161034,73.80687991,,,,,,,
,230,30,4,2024,Goa,Indo-Pacific finless porpoise,Indo-Pacific finless porpoise,"15.309638157850962,73.90158087758788",Code 4. Fluke missing,"Majorda beach, South Goa. Reported by Goa stranding network.",,"https://www.marinemammals.in/submit-record/07-05-2024-WhatsApp Image 2024-04-30 at 08.15.35_0f70fc62.jpg,https://www.marinemammals.in/submit-record/07-05-2024-WhatsApp Image 2024-04-30 at 08.15.36_979e9cd5.jpg,",,,,,,,4,4,7,MMI-06.10.25,15.30963816,73.90158088,,,,,,,
,231,22,4,2024,Maharashtra,Indian Ocean humpback dolphin,Humpback dolphin,"15.960496103804159,73.50530833338622",Code 4,Reported from Vengurla by a dive shop employee who attended a vet workshop organized by Reefwatch Goa.,,"https://www.marinemammals.in/submit-record/26-05-2024-WhatsApp Image 2024-04-22 at 10.01.35_7bb08c91.jpg,https://www.marinemammals.in/submit-record/26-05-2024-WhatsApp Image 2024-04-22 at 10.01.35_1684a0bd.jpg,https://www.marinemammals.in/submit-record/26-05-2024-WhatsApp Image 2024-04-22 at 10.01.36_98f580cf.jpg,",,,,,,,,,,MMI-06.10.25,15.9604961,73.50530833,,,,,,,
,232,20,4,2024,Maharashtra,Unidentified baleen whale,Unidentified baleen whale,"16.99026855970722,73.28082003099976",Code 4,"Mandavi, Ratnagiri. Shared by Akshay Mandavkar",,"https://www.marinemammals.in/submit-record/06-05-2024-WhatsApp Image 2024-04-20 at 18.24.01_84f36c7d.jpg,https://www.marinemammals.in/submit-record/06-05-2024-WhatsApp Image 2024-04-20 at 18.24.02_62fd0c17.jpg,https://www.marinemammals.in/submit-record/06-05-2024-WhatsApp Image 2024-04-20 at 18.24.03_b265e415.jpg,","https://www.marinemammals.in/submit-record/06-05-2024-WhatsApp Video 2024-04-20 at 18.24.01_89691608.mp4,https://www.marinemammals.in/submit-record/06-05-2024-WhatsApp Video 2024-04-20 at 18.24.02_62db0950.mp4,",,,,,,,,,MMI-06.10.25,16.99026856,73.28082003,,,,,,,
,233,19,4,2024,Goa,Indo-Pacific finless porpoise,Indo-Pacific finless porpoise,"15.21831750994582,73.92949616708984",Code 4,"Varca Beach, South Goa. Reported by Goa stranding network",,"https://www.marinemammals.in/submit-record/06-05-2024-WhatsApp Image 2024-04-19 at 08.17.22_b3d7be90.jpg,",,,,,,,3,3,5,MMI-06.10.25,15.21831751,73.92949617,,,,,,,
,234,19,4,2024,Goa,Indo-Pacific finless porpoise,Indo-Pacific finless porpoise,"15.206603443855156,73.9325734327881",Code 3,"Zalor beach, South Goa. Reported by Goa stranding network",,"https://www.marinemammals.in/submit-record/06-05-2024-WhatsApp Image 2024-04-19 at 11.46.20_5360388b.jpg,https://www.marinemammals.in/submit-record/06-05-2024-WhatsApp Image 2024-04-19 at 11.46.21_e3287ab0.jpg,",,,,,,,2,1,2,MMI-06.10.25,15.20660344,73.93257343,,,,,,,
,235,19,4,2024,Goa,Indo-Pacific finless porpoise,Indo-Pacific finless porpoise,"15.218814434347818,73.92983948984374",Code 2,"Varca beach, South Goa. Reported by Goa stranding network",,"https://www.marinemammals.in/submit-record/06-05-2024-WhatsApp Image 2024-04-19 at 11.51.42_fb543f11.jpg,https://www.marinemammals.in/submit-record/06-05-2024-WhatsApp Image 2024-04-19 at 11.51.43_b617859f.jpg,",,,,,,C,2,0.5,1,MMI-06.10.25,15.21881443,73.92983949,,,,,,,
,236,19,4,2024,Goa,Indo-Pacific finless porpoise,Indo-Pacific finless porpoise,"15.219808279634378,73.92898118295898",Code 3,"Varca beach, South Goa. Reported by Goa stranding network",,"https://www.marinemammals.in/submit-record/06-05-2024-WhatsApp Image 2024-04-19 at 18.08.24_e41e0d58.jpg,https://www.marinemammals.in/submit-record/06-05-2024-WhatsApp Image 2024-04-19 at 18.08.24_f06bcc55.jpg,",,,,,,,4,6,8,MMI-06.10.25,15.21980828,73.92898118,,,,,,,
,237,18,4,2024,Goa,Indo-Pacific finless porpoise,Indo-Pacific finless porpoise,"15.041851390279602,73.98651935606692",Code 3. Fluke missing,"Agonda beach, South Goa. Reported by Goa stranding network.",,"https://www.marinemammals.in/submit-record/06-05-2024-WhatsApp Image 2024-04-18 at 19.26.21_7a9602c7.jpg,",,,,,,,4,3,7,MMI-06.10.25,15.04185139,73.98651936,,,,,,,
,238,18,4,2024,Goa,Unidentified baleen whale,Unidentified baleen whale,"15.594791410760225,73.73393813095247",Code 4. 12m long carcass,"Vagator beach, North Goa. Reported by Goa stranding network. https://www.facebook.com/InGoa24x7/videos/carcass-of-a-whale-washes-ashore-at-vagator/975765953496917/",,,,,,,,,,,,MMI-06.10.25,15.59479141,73.73393813,,,,,,,
,239,17,4,2024,Goa,Indo-Pacific finless porpoise,Indo-Pacific finless porpoise,"14.964023610840593,74.04733699731446",Code 3 ,"Galgibaga beach, South Goa. Reported by Goa stranding network.",,"https://www.marinemammals.in/submit-record/06-05-2024-WhatsApp Image 2024-04-17 at 14.29.48_50486dab.jpg,https://www.marinemammals.in/submit-record/06-05-2024-WhatsApp Image 2024-04-17 at 14.29.47_bf69e5a2.jpg,",,,,,,,4,5,7,MMI-06.10.25,14.96402361,74.047337,,,,,,,
,240,15,4,2024,Tamil Nadu,Striped dolphin,Striped dolphin,"9.462608580865837,78.90861553125",Code 2,South Palk bay,,"https://www.marinemammals.in/submit-record/26-05-2024-WhatsApp Image 2024-04-15 at 22.35.09_33d04730.jpg,https://www.marinemammals.in/submit-record/26-05-2024-WhatsApp Image 2024-04-15 at 22.36.27_923fe194.jpg,",,,,,,,,,,MMI-06.10.25,9.462608581,78.90861553,,,,,,,
,241,9,4,2024,Andaman & Nicobar islands,Striped dolphin,Striped dolphin,,,,,,,,,,,,,,,Whatsapp - 11.10.25,12.72449519,92.96550517,,,,,,,
,242,8,4,2024,Tamil Nadu,Unidentified small cetacean,Small-sized delphinid,,,,,,,,,,,,,,,Whatsapp - 11.10.25,11.98349269,79.84818759,,,,,,,Code 4
,243,7,4,2024,Goa,Indo-Pacific finless porpoise,Indo-Pacific finless porpoise,,,,,,,,,,,,3,2,3,Whatsapp - 11.10.25,15.64009083,73.71864797,,,,,,,
,244,28,3,2024,Goa,Indo-Pacific finless porpoise,Indo-Pacific finless porpoise,"15.103110016250978,73.92666546381834",It was a pregnant female. Code-3.,"Canguinim beach, Goa 

Report by Goa Stranding Network",,"https://www.marinemammals.in/submit-record/05-05-2024-WhatsApp Image 2024-05-01 at 9.07.18 AM.jpeg,",,,,,F,A,2,1,2,MMI-06.10.25,15.10311002,73.92666546,,,,,,,
,245,26,3,2024,Gujarat,Indo-Pacific finless porpoise,Indo-Pacific finless porpoise,"22.462212925547412,69.09942488623048",code - 3,"Beyt Dwarka, Gujarat.

Recieved information from Pradip Baraiya from GUIDE institute",,"https://www.marinemammals.in/submit-record/05-05-2024-WhatsApp Image 2024-05-01 at 9.07.15 AM (1).jpeg,",,,,,,,,,,MMI-06.10.25,22.46221293,69.09942489,,,,,,,
,246,24,3,2024,Gujarat,Indo-Pacific finless porpoise,Indo-Pacific finless porpoise,"20.982135526101402,71.6300985140625",code - 4 ,"Rajula, Amreli. 

Reported by Batuk bhil",,"https://www.marinemammals.in/submit-record/05-05-2024-WhatsApp Image 2024-05-01 at 9.07.15 AM.jpeg,https://www.marinemammals.in/submit-record/05-05-2024-WhatsApp Image 2024-05-01 at 9.07.14 AM.jpeg,",,,,,,,,,,MMI-06.10.25,20.98213553,71.63009851,,,,,,,
,247,21,3,2024,Goa,Indian Ocean humpback dolphin,Humpback dolphin,"15.043716403297799,73.9857039645264",code -4,"Agonda, south Goa.

Reported by Goa Stranding Network",,"https://www.marinemammals.in/submit-record/05-05-2024-WhatsApp Image 2024-05-01 at 9.07.13 AM (1).jpeg,https://www.marinemammals.in/submit-record/05-05-2024-WhatsApp Image 2024-05-01 at 9.07.12 AM (2).jpeg,",,,,,M,A,4,5,8,MMI-06.10.25,15.0437164,73.98570396,,,,,,,
,248,20,3,2024,Maharashtra,Indian Ocean humpback dolphin,Humpback dolphin,"17.999541132937342,73.01858962216798",code-2,"Harihareshwar, Raigad.

Reported by Akshay Mandavkar
",,,"https://www.marinemammals.in/submit-record/11-05-2024-WhatsApp Video 2024-05-05 at 2.39.52 PM.mp4,",,,,,,,,,MMI-06.10.25,17.99954113,73.01858962,,,,,,,
,249,20,3,2024,Maharashtra,Indian Ocean humpback dolphin,Humpback dolphin,"18.958098802247466, 72.79809455672859","code-2 

The dolphin measured roughly 10-12 feet and was fresh in condition. The carcass was discarded by the BMC soon after being found.

https://www.instagram.com/middayindia/p/C4uK3vNo2MW/?img_index=1","Priyadarshini park, Mumbai.

Shared in a newspaper article",,"https://www.marinemammals.in/submit-record/11-05-2024-WhatsApp Image 2024-05-01 at 9.07.10 AM.jpeg,",,,,,,,,,,MMI-06.10.25,18.9580988,72.79809456,,,,,,,
,250,19,3,2024,Goa,Indian Ocean humpback dolphin,Humpback dolphin,"14.962478472766387,74.04710842216797","Galgibaga, south Goa",code-2,,"https://www.marinemammals.in/submit-record/04-05-2024-WhatsApp Image 2024-05-01 at 9.07.09 AM (1).jpeg,https://www.marinemammals.in/submit-record/04-05-2024-WhatsApp Image 2024-05-01 at 9.07.09 AM.jpeg,https://www.marinemammals.in/submit-record/04-05-2024-WhatsApp Image 2024-05-01 at 9.07.08 AM (1).jpeg,",,,,,,SA,2,1,2,MMI-06.10.25,14.96247847,74.04710842,,,,,,,
,251,17,3,2024,Goa,Indian Ocean humpback dolphin,Humpback dolphin,"15.2039116,73.93471920000002","code - 3
","Zalor beach , south Goa.

Reported by Goa Stranding Network",,"https://www.marinemammals.in/submit-record/04-05-2024-WhatsApp Image 2024-05-01 at 9.07.04 AM.jpeg,https://www.marinemammals.in/submit-record/04-05-2024-WhatsApp Image 2024-05-01 at 9.07.04 AM (1).jpeg,https://www.marinemammals.in/submit-record/04-05-2024-WhatsApp Image 2024-05-01 at 9.07.05 AM.jpeg,",,,,,,,3,2,3,MMI-06.10.25,15.2039116,73.9347192,,,,,,,
,252,17,3,2024,Goa,Indo-Pacific finless porpoise,Indo-Pacific finless porpoise,"15.22146467802264,73.92923867502441",code-3,"Varca beach, south Goa.

Reported by Goa Stranding Network.",,"https://www.marinemammals.in/submit-record/04-05-2024-WhatsApp Image 2024-05-01 at 9.07.08 AM.jpeg,https://www.marinemammals.in/submit-record/04-05-2024-WhatsApp Image 2024-05-01 at 9.07.07 AM (1).jpeg,https://www.marinemammals.in/submit-record/04-05-2024-WhatsApp Image 2024-05-01 at 9.07.07 AM.jpeg,https://www.marinemammals.in/submit-record/04-05-2024-WhatsApp Image 2024-05-01 at 9.07.06 AM.jpeg,",,,,,,,3,2,3,MMI-06.10.25,15.22146468,73.92923868,,,,,,,
,253,16,3,2024,Goa,Indian Ocean humpback dolphin,Humpback dolphin,"15.6437966,73.71740249999999","Code 2 
The female dolphin measured 6.3ft in length. Its tailed had been cut off. ","Ashvem, north Goa.

Reported by Goa Stranding Network",,"https://www.marinemammals.in/submit-record/01-05-2024-WhatsApp Image 2024-05-01 at 9.07.02 AM.jpeg,https://www.marinemammals.in/submit-record/01-05-2024-WhatsApp Image 2024-05-01 at 9.07.02 AM (1).jpeg,https://www.marinemammals.in/submit-record/01-05-2024-WhatsApp Image 2024-05-01 at 9.07.03 AM.jpeg,",,,,,M,SA,2,0.5,1,MMI-06.10.25,15.6437966,73.7174025,,,,,,,
,254,15,3,2024,Goa,Indian Ocean humpback dolphin,Humpback dolphin,"15.5012802,73.77146429999999","Code 2, small sized animal, injuries on the front of the body. looks like blunt trauma.","Sinquerim beach, north Goa.

Reported by Goa stranding network",,"https://www.marinemammals.in/submit-record/01-05-2024-WhatsApp Image 2024-05-01 at 9.07.01 AM.jpeg,https://www.marinemammals.in/submit-record/01-05-2024-WhatsApp Image 2024-05-01 at 9.07.00 AM.jpeg,https://www.marinemammals.in/submit-record/01-05-2024-WhatsApp Image 2024-05-01 at 9.06.59 AM.jpeg,https://www.marinemammals.in/submit-record/01-05-2024-WhatsApp Image 2024-05-01 at 9.06.57 AM.jpeg,",,,,,,,3,1,3,MMI-06.10.25,15.5012802,73.7714643,,,,,,,
,255,13,3,2024,Maharashtra,Indian Ocean humpback dolphin,Humpback dolphin,"19.0597777,72.8221108","code-2
It was a young male full of non bleeding rake marks, probably due to its group members trying to keep it afloat. ","Carter road, Mumbai.

Reported by forest guards.
",,"https://www.marinemammals.in/submit-record/11-05-2024-WhatsApp Image 2024-05-01 at 9.06.56 AM.jpeg,",,,,,,,,,,MMI-06.10.25,19.0597777,72.8221108,,,,,,,
,256,11,3,2024,Tamil Nadu,Indian Ocean humpback dolphin,Humpback dolphin,"10.157770129093821, 79.24044378116417",code-4,"Somanthapattinam, thanjavur

Received from Dr. Balaji - OMCAR foundation",,"https://www.marinemammals.in/submit-record/11-05-2024-WhatsApp Image 2024-05-01 at 9.06.54 AM.jpeg,",,,,,,,,,,MMI-06.10.25,10.15777013,79.24044378,,,,,,,
,257,10,3,2024,Goa,Indo-Pacific humpback dolphin,Humpback dolphin,"15.145983740518755,73.94840619993896",Code 4,"Betul Beach, Goa. 

Reported by Goa Stranding Network

",,"https://www.marinemammals.in/submit-record/01-05-2024-WhatsApp Image 2024-05-01 at 9.06.49 AM.jpeg,",,,,,M,SA,3,2,4,MMI-06.10.25,15.14598374,73.9484062,,,,,,,
,258,4,3,2024,Goa,Indian Ocean humpback dolphin,Humpback dolphin,"15.4652086,73.8049327",Code -4,"Carenzalem beach, North Goa. Reported by Drishti Marine Lifeguards and Goa stranding network",,"https://www.marinemammals.in/submit-record/29-04-2024-WhatsApp Image 2024-04-29 at 5.08.00 PM.jpeg,",,,,,,,3,3,5,MMI-06.10.25,15.4652086,73.8049327,,,,,,,
,259,23,2,2024,Goa,Indian Ocean humpback dolphin,Humpback dolphin,,,,,,,,,,,,3,2,3,Whatsapp - 11.10.25,15.27976895,73.91194528,,,,,,,
,260,23,2,2024,Goa,Spinner dolphin,Spinner dolphin,,,,,,,,,,,,,,,Whatsapp - 11.10.25,15.22303589,73.92816343,,,,,,,Calf
,261,23,2,2024,Andhra Pradesh,Indo-Pacific finless porpoise,Indo-Pacific finless porpoise,"15.8931298,80.4717848",Dead stranding code 3,"Suryanlaka beach, bapatla reported by Ramana Kumar. No necropsy done",,"https://www.marinemammals.in/submit-record/05-07-2024-WhatsApp Image 2024-07-05 at 11.10.18_0147a9d1.jpg,",,,,,,,,,,MMI-06.10.25,15.8931298,80.4717848,,,,,,,
,262,17,2,2024,Goa,Indian Ocean humpback dolphin,Humpback dolphin,,,,,,,,,,,,3,2,3,Whatsapp - 11.10.25,15.20610432,73.93266907,,,,,,,
,263,15,2,2024,Goa,Indian Ocean humpback dolphin,Humpback dolphin,,,,,,,,,,,,3,2,4,Whatsapp - 11.10.25,15.5612067,73.74873617,,,,,,,
,264,15,2,2024,Maharashtra,Indo-Pacific humpback dolphin,Humpback dolphin,"18.740,72.863",One dead stranding recorded on the shore. The specimen was probably more than 5 feet in total length. All the fins and tail had injuries or cuts. Total length 2.21 m (7.3 ft).,"Kihim, Alibaug, Maharashtra",,"https://www.marinemammals.in/submit-record/15-02-2024-WhatsApp Image 2024-02-15 at 09.27.27_2d0f749f.jpg,https://www.marinemammals.in/submit-record/15-02-2024-WhatsApp Image 2024-02-15 at 09.27.27_6d8b5265.jpg,https://www.marinemammals.in/submit-record/15-02-2024-WhatsApp Image 2024-02-15 at 09.27.27_1375f753.jpg,https://www.marinemammals.in/submit-record/15-02-2024-WhatsApp Image 2024-02-15 at 09.27.27_a566a70c.jpg,",,,,,,,,,,MMI-06.10.25,18.74,72.863,,,,,,,
,265,14,2,2024,Maharashtra,Unidentified baleen whale,Unidentified baleen whale,,,,,,,,,,,,,,,Whatsapp - 11.10.25,17.032895,73.25539,,,,,,,
,266,11,2,2024,Goa,Indo-Pacific finless porpoise,Indo-Pacific finless porpoise,,,,,,,,,,,,4,6,9,Whatsapp - 11.10.25,15.31942492,73.89851757,,,,,,,
,267,8,2,2024,Goa,Indo-Pacific finless porpoise,Indo-Pacific finless porpoise,,,,,,,,,,,,3,4,6,Whatsapp - 11.10.25,15.29374857,73.90747058,,,,,,,
,268,8,2,2024,Odisha,Unidentified small cetacean,Small-sized delphinid,,,,,,,,,,,,,,,Whatsapp - 11.10.25,,,,,,,,,"loc Govari rivers, Kendrapara"
,269,5,2,2024,Goa,Indo-Pacific finless porpoise,Indo-Pacific finless porpoise,,,,,,,,,,,,2,1,2,Whatsapp - 11.10.25,15.3522628,73.88472786,,,,,,,
,270,3,2,2024,Maharashtra,Indian Ocean humpback dolphin,Humpback dolphin,,,,,,,,,,,,,,,Whatsapp - 11.10.25,16.99732854,73.26932959,,,,,,,
,271,29,1,2024,Goa,Indo-Pacific finless porpoise,Indo-Pacific finless porpoise,,,,,,,,,,,,3,3,4,Whatsapp - 11.10.25,15.31942492,73.89851757,,,,,,,
,272,28,1,2024,Goa,Indo-Pacific finless porpoise,Indo-Pacific finless porpoise,,,,,,,,,,,,3,3,4,Whatsapp - 11.10.25,15.00970492,74.02350093,,,,,,,
,273,28,1,2024,Tamil Nadu,Dugong,Dugong,,,,,,,,,,,,,,,Whatsapp - 11.10.25,9.287558092,79.32045219,,,,,,,Cut marks on body
,274,28,1,2024,Goa,Indian Ocean humpback dolphin,Humpback dolphin,,,,,,,,,,M,SA,3,2,4,Whatsapp - 11.10.25,15.04260833,73.98591921,,,,,,,
,275,22,1,2024,Karnataka,Indian Ocean humpback dolphin,Humpback dolphin,,,,,,,,,,,,,,,Whatsapp - 11.10.25,14.09535163,74.48555057,,,,,,,No Photos
,276,20,1,2024,Goa,Indian Ocean humpback dolphin,Humpback dolphin,,,,,,,,,,M,A,3,3,5,Whatsapp - 11.10.25,15.5612067,73.74873617,,,,,,,
,277,19,1,2024,Goa,Indo-Pacific finless porpoise,Indo-Pacific finless porpoise,,,,,,,,,,,A,3,3,5,Whatsapp - 11.10.25,15.17691976,73.9396314,,,,,,,
,278,4,1,2024,Andhra Pradesh,Indo-Pacific finless porpoise,Indo-Pacific finless porpoise,"17.8324016,83.4110654","Dead stranding code 3

Snout to melon- 

Snout to blow hole- 6cms

snout to centre of eye- 9cms

snout to fluke notch - 109 cms

snout to anterior insertion of flipper- 24cms

snout to centre of genital aperture - 67cms

snout to centre of anus- 77cms

snout to centre of umbilicus 55cms

flipper length (tip to axilla)- 19cms

flipper length (tip to anterior insertion)-14cms

flipper width - 7.5cms

fluke span- 30.5cms

fluke width- 11cms

Girth axillary- 68cms

Max girth/girth at flipper end - 76cm
Girth at level of anus- 46cms

Blowhole length- 2cms

Blowhole width - 2cms

eye to blowhole -12.5cms

eye to ear- 7cms

Snout to gape- 5.8 cms

eye to eye - 24cms

Notch of fluke to centre of anus- 30.8cms

notch of fluke to centre of genital aperture -42cms

notch of fluke to umbilicus - 50cms

Centre of eye to gape- 5.2cms 







TEETH COUNT 

left upper -8
left lower -10","Thotlakond beach with sandy and rocky patches, responded by Sri Chakra Pranav and ECCT",,"https://www.marinemammals.in/submit-record/05-07-2024-IMG-20240705-WA0003.jpg,https://www.marinemammals.in/submit-record/05-07-2024-IMG-20240705-WA0006.jpg,https://www.marinemammals.in/submit-record/05-07-2024-IMG-20240705-WA0008.jpg,",,,,,,,,,,MMI-06.10.25,17.8324016,83.4110654,,,,,,,
,279,22,12,2023,Kerala,Indian Ocean humpback dolphin,Humpback dolphin,,,,,,,,,,,,,,,Whatsapp - 11.10.25,12.50679132,74.97143489,,,,,,,Code4
,280,19,12,2023,Tamil Nadu,Striped dolphin,Striped dolphin,,,,,,,,,,,,,,,Whatsapp - 11.10.25,12.271677,80.01691,,,,,,,
,281,16,12,2023,Goa,Indo-Pacific finless porpoise,Indo-Pacific finless porpoise,,,,,,,,,,,,3,3,4,Whatsapp - 11.10.25,15.29374857,73.90747058,,,,,,,
,282,9,12,2023,Karnataka,Indo-Pacific finless porpoise,Indo-Pacific finless porpoise,,,,,,,,,,,,,,,Whatsapp - 11.10.25,11.85666469,75.36280614,,,,,,,
,283,6,12,2023,Goa,Indian Ocean humpback dolphin,Humpback dolphin,,,,,,,,,,,,5,30,60,Whatsapp - 11.10.25,15.36998047,73.86239535,,,,,,,Skeletal remains
,284,5,12,2023,Goa,Indian Ocean humpback dolphin,Humpback dolphin,,,,,,,,,,,,4,5,7,Whatsapp - 11.10.25,15.33277835,73.89363613,,,,,,,
,285,23,11,2023,Goa,Indo-Pacific finless porpoise,Indo-Pacific finless porpoise,,,,,,,,,,,,2,0.5,1,Whatsapp - 11.10.25,15.24884893,73.92088648,,,,,,,
,286,22,11,2023,Tamil Nadu,Spinner dolphin,Spinner dolphin,,,,,,,,,,,,,,,Whatsapp - 11.10.25,11.68268617,79.77271559,,,,,,,
,287,21,11,2023,Goa,Indo-Pacific finless porpoise,Indo-Pacific finless porpoise,,,,,,,,,,,,3,2,4,Whatsapp - 11.10.25,15.36994827,73.83303144,,,,,,,
,288,17,11,2023,Tamil Nadu,Bryde's whale,Bryde's whale,,,,,,,,,,,,,,,Whatsapp - 11.10.25,18.56968469,84.35719823,,,,,,,
,289,9,11,2023,Goa,Indian Ocean humpback dolphin,Humpback dolphin,,,,,,,,,,F,A,2,0.5,1,Whatsapp - 11.10.25,15.20610432,73.93266907,,,,,,,
,290,7,11,2023,Goa,Indian Ocean humpback dolphin,Humpback dolphin,,,,,,,,,,,,3,2,4,Whatsapp - 11.10.25,15.1571974,73.94493185,,,,,,,
,291,2,11,2023,Karnataka,Unidentified baleen whale,Unidentified baleen whale,,,,,,,,,,,,,,,Whatsapp - 11.10.25,13.80764376,74.15385475,,,,,,,Offshore; code 5
,292,2,11,2023,Maharashtra,Unidentified baleen whale,Unidentified baleen whale,,,,,,,,,,,,,,,Whatsapp - 11.10.25,16.99732854,73.26932959,,,,,,,Code 5
,293,1,11,2023,Goa,Indian Ocean humpback dolphin,Humpback dolphin,,,,,,,,,,,,3,2,3,Whatsapp - 11.10.25,15.49931807,73.76740638,,,,,,,
,294,28,10,2023,Kerala,Bryde's whale,Bryde's whale,,,,,,,,,,,,,,,Whatsapp - 11.10.25,12.50679132,74.97143489,,,,,,,calf
,295,25,10,2023,Kerala,Unidentified baleen whale,Unidentified baleen whale,,,,,,,,,,,,,,,Whatsapp - 11.10.25,11.25676095,75.76901302,,,,,,,
,296,23,10,2023,Kerala,Indo-Pacific finless porpoise,Indo-Pacific finless porpoise,,,,,,,,,,,,,,,Whatsapp - 11.10.25,12.50679132,74.97143489,,,,,,,
,297,21,10,2023,Odisha,Indo-Pacific finless porpoise,Indo-Pacific finless porpoise,,,,,,,,,,,,,,,Whatsapp - 11.10.25,,,,,,,,,loc Nuagarh
,298,19,10,2023,Goa,Dwarf sperm whale,Dwarf sperm whale,"15.112460637700204,73.93614285767212","washed ashore dead
teeth present in upper jaw",reefwatch has details.,,"https://www.marinemammals.in/submit-record/19-03-2025-WhatsApp Image 2025-03-20 at 00.04.12.jpeg,",,,,,,SA,,,,MMI-06.10.25,15.11246064,73.93614286,,,,,,,
,299,15,10,2023,Goa,Indian Ocean humpback dolphin,Humpback dolphin,,,,,,,,,,,,,,,Whatsapp - 11.10.25,15.31145652,73.90148065,,,,,,,
,300,12,10,2023,Goa,Indian Ocean humpback dolphin,Humpback dolphin,,,,,,,,,,F,A,2,1,2,Whatsapp - 11.10.25,15.1571974,73.94493185,,,,,,,
,301,30,9,2023,Kerala,Unidentified baleen whale,Unidentified baleen whale,,,,,,,,,,,,,,,Whatsapp - 11.10.25,11.25676095,75.76901302,,,,,,,
,302,28,9,2023,Gujarat,Indo-Pacific finless porpoise,Indo-Pacific finless porpoise,,,,,,,,,,,,,,,Whatsapp - 11.10.25,20.94380278,71.52985068,,,,,,,
,303,27,9,2023,Andhra Pradesh,Indo-Pacific humpback dolphin,Humpback dolphin,,,,,,,,,,,,,,,Whatsapp - 11.10.25,16.94661112,82.27193383,,,,,,,
,304,18,9,2023,Goa,Indian Ocean humpback dolphin,Humpback dolphin,,,,,,,,,,,,4,6,8,Whatsapp - 11.10.25,15.04260833,73.98591921,,,,,,,
,305,18,9,2023,Maharashtra,Spinner dolphin,Spinner dolphin,,,,,,,,,,,,,,,Whatsapp - 11.10.25,16.80268965,73.31618756,,,,,,,
,306,17,9,2023,Goa,Indian Ocean humpback dolphin,Humpback dolphin,,,,,,,,,,,,4,6,9,Whatsapp - 11.10.25,15.35284217,73.8845562,,,,,,,
,307,17,9,2023,Karnataka,Indian Ocean humpback dolphin,Humpback dolphin,,,,,,,,,,,,,,,Whatsapp - 11.10.25,14.29325779,74.42491667,,,,,,,
,308,16,9,2023,Goa,Indo-Pacific finless porpoise,Indo-Pacific finless porpoise,,,,,,,,,,,,3,2,3,Whatsapp - 11.10.25,15.27976895,73.91194528,,,,,,,
,309,16,9,2023,Karnataka,Unidentified baleen whale,Unidentified baleen whale,,,,,,,,,,,,,,,Whatsapp - 11.10.25,14.29325779,74.42491667,,,,,,,2 whales
,310,16,9,2023,Karnataka,Unidentified baleen whale,Unidentified baleen whale,,,,,,,,,,,,,,,Whatsapp - 11.10.25,14.29325779,74.42491667,,,,,,,
,311,16,9,2023,Goa,Indo-Pacific finless porpoise,Indo-Pacific finless porpoise,,,,,,,,,,,,3,3,5,Whatsapp - 11.10.25,,,,,,,,,
,312,16,9,2023,Goa,Indo-Pacific finless porpoise,Indo-Pacific finless porpoise,,,,,,,,,,,,3,2,4,Whatsapp - 11.10.25,15.27976895,73.91194528,,,,,,,
,313,15,9,2023,Goa,Indian Ocean humpback dolphin,Humpback dolphin,,,,,,,,,,,C,3,2,3,Whatsapp - 11.10.25,15.64009083,73.71864797,,,,,,,
,314,15,9,2023,Goa,Indo-Pacific finless porpoise,Indo-Pacific finless porpoise,,,,,,,,,,,,2,1,2,Whatsapp - 11.10.25,15.20610432,73.93266907,,,,,,,
,315,15,9,2023,Goa,Indian Ocean humpback dolphin,Humpback dolphin,,,,,,,,,,M,,3,2,3,Whatsapp - 11.10.25,15.49931807,73.76740638,,,,,,,
,316,12,9,2023,Goa,Indian Ocean humpback dolphin,Humpback dolphin,,,,,,,,,,,,3,2,4,Whatsapp - 11.10.25,15.24884893,73.92088648,,,,,,,
,317,11,9,2023,Maharashtra,Indo-Pacific finless porpoise,Indo-Pacific finless porpoise,"18.9778192,72.8104819",Code 3,"Haji Ali, Mumbai",,"https://www.marinemammals.in/submit-record/22-05-2024-WhatsApp Image 2024-05-22 at 14.53.32.jpeg,",,,,,,,,,,MMI-06.10.25,18.9778192,72.8104819,,,,,,,
,318,10,9,2023,Goa,Indian Ocean humpback dolphin,Humpback dolphin,"15.6598034,73.7429006",Length: 150 cm; Breadth: 65 cm,"Mandrem, Goa",,"https://www.marinemammals.in/submit-record/22-05-2024-WhatsApp Image 2024-05-22 at 13.37.44.jpeg,",,,,,,,3,3,5,MMI-06.10.25,15.6598034,73.7145,,,,,,,
,319,10,9,2023,Goa,Indo-Pacific finless porpoise,Indo-Pacific finless porpoise,"15.1854285,73.94724649999999",Code 2,"Cavellosim beach, South Goa",,"https://www.marinemammals.in/submit-record/22-05-2024-WhatsApp Image 2024-05-22 at 14.29.46 (1).jpeg,",,,,,,,2,0.5,1,MMI-06.10.25,15.1854285,73.9373,,,,,,,
,320,10,9,2023,Goa,Indian Ocean humpback dolphin,Humpback dolphin,"15.0455814,73.9888797",na,"Agonda beach, South Goa",,"https://www.marinemammals.in/submit-record/22-05-2024-WhatsApp Image 2024-05-22 at 14.29.46.jpeg,",,,,,,,3,2,4,MMI-06.10.25,15.0455814,73.9888797,,,,,,,
,321,9,9,2023,Karnataka,Bryde's whale,Bryde's whale,"14.2797502,74.4439252","Length: 46 feet; Max height at centre: 9' 7"". VErydecomposed. Gut empty. VEry thin. Significant emphysema in the lungs. ",Mojo beach,,"https://www.marinemammals.in/submit-record/22-05-2024-WhatsApp Image 2024-05-22 at 13.21.09 (3).jpeg,https://www.marinemammals.in/submit-record/22-05-2024-WhatsApp Image 2024-05-22 at 13.21.09 (2).jpeg,https://www.marinemammals.in/submit-record/22-05-2024-WhatsApp Image 2024-05-22 at 13.21.09 (1).jpeg,https://www.marinemammals.in/submit-record/22-05-2024-WhatsApp Image 2024-05-22 at 13.21.09.jpeg,https://www.marinemammals.in/submit-record/22-05-2024-WhatsApp Image 2024-05-22 at 13.21.08 (1).jpeg,https://www.marinemammals.in/submit-record/22-05-2024-WhatsApp Image 2024-05-22 at 13.21.08.jpeg,https://www.marinemammals.in/submit-record/22-05-2024-WhatsApp Image 2024-05-22 at 13.21.07.jpeg,",,,,,,,,,,MMI-06.10.25,14.2797502,74.4439252,,,,,,,
,322,5,9,2023,Goa,Indian Ocean humpback dolphin,Humpback dolphin,"15.3224409,73.9063931",na,na,,"https://www.marinemammals.in/submit-record/22-05-2024-WhatsApp Image 2024-05-22 at 13.03.09.jpeg,",,,,,,,3,2,4,MMI-06.10.25,15.3224409,73.8979,,,,,,,
,323,26,8,2023,Goa,Indo-Pacific finless porpoise,Indo-Pacific finless porpoise,,,,,,,,,,,,4,4,6,Whatsapp - 11.10.25,15.1571974,73.94493185,,,,,,,
,324,26,8,2023,Goa,Indian Ocean humpback dolphin,Humpback dolphin,,,,,,,,,,,,3,3,5,Whatsapp - 11.10.25,15.64009083,73.71864797,,,,,,,
,325,24,8,2023,Goa,Indo-Pacific finless porpoise,Indo-Pacific finless porpoise,,,,,,,,,,,,2,0.5,1,Whatsapp - 11.10.25,15.35284217,73.8845562,,,,,,,
,326,23,8,2023,Goa,Indian Ocean humpback dolphin,Humpback dolphin,,,,,,,,,,,,2,1,3,Whatsapp - 11.10.25,14.97856949,74.04153968,,,,,,,
,327,22,8,2023,Goa,Indian Ocean humpback dolphin,Humpback dolphin,,,,,,,,,,,,2,1,3,Whatsapp - 11.10.25,14.93503211,74.0468047,,,,,,,
,328,22,8,2023,Goa,Striped dolphin,Striped dolphin,,,,,,,,,,,,,,,Whatsapp - 11.10.25,15.1571974,73.94493185,,,,,,,
,329,19,8,2023,Goa,Indo-Pacific finless porpoise,Indo-Pacific finless porpoise,,,,,,,,,,,,2,1,3,Whatsapp - 11.10.25,15.5112819,73.76456269,,,,,,,
,330,19,8,2023,Maharashtra,Pygmy sperm whale,Pygmy sperm whale,"16.620235743106345,73.3512428093872",stranded late night - looked like marks of large mesh sized shark nets scars on the body. ,pictures were shared by Akshay Mandavkar on the marine respondents group and later more from Prachi Hatkar,,"http://www.marinemammals.in/submit-record/20-09-2023-WhatsApp Image 2023-08-19 at 9.19.34 AM.jpeg,http://www.marinemammals.in/submit-record/20-09-2023-WhatsApp Image 2023-08-19 at 9.19.35 AM (2).jpeg,",,,,,,,,,,MMI-06.10.25,16.62023574,73.35124281,,,,,,,
,331,17,8,2023,Goa,Indian Ocean humpback dolphin,Humpback dolphin,,,,,,,,,,,,3,3,5,Whatsapp - 11.10.25,15.16859563,73.94232229,,,,,,,
,332,16,8,2023,Goa,Indian Ocean humpback dolphin,Humpback dolphin,,,,,,,,,,,C,2,0.5,1,Whatsapp - 11.10.25,15.35284217,73.8845562,,,,,,,
,333,14,8,2023,Goa,Striped dolphin,Striped dolphin,,,,,,,,,,,,,,,Whatsapp - 11.10.25,15.16859563,73.94232229,,,,,,,
,334,13,8,2023,Goa,Indian Ocean humpback dolphin,Humpback dolphin,,,,,,,,,,,SA,3,2,4,Whatsapp - 11.10.25,15.61701216,73.73286086,,,,,,,
,335,13,8,2023,Goa,Indo-Pacific finless porpoise,Indo-Pacific finless porpoise,,,,,,,,,,,,3,2,3,Whatsapp - 11.10.25,15.61701216,73.73286086,,,,,,,Newborn
,336,11,8,2023,Goa,Indian Ocean humpback dolphin,Humpback dolphin,,,,,,,,,,,C,2,0.5,1,Whatsapp - 11.10.25,15.64229724,73.71800347,,,,,,,
,337,8,8,2023,Goa,Indian Ocean humpback dolphin,Humpback dolphin,,,,,,,,,,M,C,2,1,2,Whatsapp - 11.10.25,15.29374857,73.90747058,,,,,,,
,338,4,8,2023,Goa,Indian Ocean humpback dolphin,Humpback dolphin,,,,,,,,,,,,3,2,3,Whatsapp - 11.10.25,15.20610432,73.93266907,,,,,,,Many rake marks
,339,28,7,2023,Andhra Pradesh,Bryde's whale,Bryde's whale,,,,,,,,,,,,,,,Whatsapp - 11.10.25,18.55383014,84.35303679,,,,,,,
,340,27,7,2023,West Bengal,Dwarf sperm whale,Dwarf sperm whale,"21.629239346033494,87.54089497539063","Young fresh carcass, with propellor cuts from  large vessel on the tail stock.","At Logia Digha beach. info came from Anat, Avik and Asis Senapati",,"http://www.marinemammals.in/submit-record/20-09-2023-WhatsApp Image 2023-09-20 at 8.57.02 PM.jpeg,http://www.marinemammals.in/submit-record/20-09-2023-WhatsApp Image 2023-09-20 at 8.56.58 PM.jpeg,",,,,,,,,,,MMI-06.10.25,21.62923935,87.54089498,,,,,,,Clear propeller cuts
,341,17,7,2023,Odisha,Risso's dolphin,Risso's dolphin,,,,,,,,,,,,,,,Whatsapp - 11.10.25,20.28702326,86.71591536,,,,,,,Calf
,342,17,7,2023,Goa,Indo-Pacific finless porpoise,Indo-Pacific finless porpoise,,,,,,,,,,,A,2,1,3,Whatsapp - 11.10.25,15.20610432,73.93266907,,,,,,,
,343,16,7,2023,Goa,Indian Ocean humpback dolphin,Humpback dolphin,,,,,,,,,,M,A,3,2,3,Whatsapp - 11.10.25,15.22303589,73.92816343,,,,,,,
,344,10,7,2023,Goa,Indian Ocean humpback dolphin,Humpback dolphin,,,,,,,,,,F,A,2,0.5,1,Whatsapp - 11.10.25,15.68401252,73.70335385,,,,,,,Boat Propeller cuts
,345,25,6,2023,Goa,False killer whale,False killer whale,,,,,,,,,,,,,,,Whatsapp - 11.10.25,15.04260833,73.98591921,,,,,,,
,346,23,6,2023,Tamil Nadu,Dugong,Dugong,,,,,,,,,,,,,,,Whatsapp - 11.10.25,9.292045114,79.22277228,,,,,,,
,347,23,6,2023,Odisha,Melon-headed whale,Melon-headed whale,,,,,,,,,,,,,,,Whatsapp - 11.10.25,20.78575323,86.95671579,,,,,,,Calf
,348,19,6,2023,Gujarat,Striped dolphin,Striped dolphin,,,,,,,,,,,,,,,Whatsapp - 11.10.25,,,,,,,,,Whatsapp group - 20/6/23; Wadhwan location
,349,15,6,2023,Goa,Indo-Pacific finless porpoise,Indo-Pacific finless porpoise,,,,,,,,,,,,3,2,4,Whatsapp - 11.10.25,15.22303589,73.92816343,,,,,,,
,350,11,6,2023,Odisha,Risso's dolphin,Risso's dolphin,,,,,,,,,,,,,,,Whatsapp - 11.10.25,20.02669103,86.41888498,,,,,,,
,351,4,6,2023,Goa,Indian Ocean humpback dolphin,Humpback dolphin,,,,,,,,,,,,4,5,7,Whatsapp - 11.10.25,15.28593581,73.91021673,,,,,,,
,352,4,6,2023,Goa,Indian Ocean humpback dolphin,Humpback dolphin,,,,,,,,,,,,4,5,7,Whatsapp - 11.10.25,15.22533912,73.92742781,,,,,,,
,353,2,6,2023,Goa,Indo-Pacific finless porpoise,Indo-Pacific finless porpoise,"15.573768774663492,73.7406800305969",code 3; all other info with FD ,"stranded on Anjuna beach, north goa. reported by life guard. Reefwatch conducted necropsy",,"https://www.marinemammals.in/submit-record/13-05-2024-WhatsApp Image 2024-05-12 at 17.03.15.jpeg,",,,,,,,3,2,4,MMI-06.10.25,15.57376877,73.74068003,,,,,,,
,354,15,5,2023,Maharashtra,Indian Ocean humpback dolphin,Humpback dolphin,"18.65567466921002,72.86407375863037",Only attached pic available. looks like a sub adult with net marks,FD was informed and the animal was handed over to them,,"https://www.marinemammals.in/submit-record/12-05-2024-WhatsApp Image 2024-05-12 at 08.12.43.jpeg,",,,,,,,,,,MMI-06.10.25,18.65567467,72.86407376,,,,,,,
,355,25,4,2023,Maharashtra,Indo-Pacific finless porpoise,Indo-Pacific finless porpoise,"16.37402036252805,73.3709573088623","Code 3, sunburnt ","Devgad, Sindhudurg, Maharashtra",,"http://www.marinemammals.in/submit-record/22-09-2023-IMG-20230425-WA0000.jpg,http://www.marinemammals.in/submit-record/22-09-2023-IMG-20230425-WA0001.jpg,",,,,,,,,,,MMI-06.10.25,16.37402036,73.37095731,,,,,,,
,356,22,4,2023,Goa,Indian Ocean humpback dolphin,Humpback dolphin,"15.391164324598778,73.80687953121337",Code 3,Baina beach,,"http://www.marinemammals.in/submit-record/22-09-2023-IMG-20230422-WA0000.jpg,",,,,,,,3,3,6,MMI-06.10.25,15.39116432,73.80687953,,,,,,,
,357,20,4,2023,Goa,Indian Ocean humpback dolphin,Humpback dolphin,"15.1031826,73.9255111",Code 3,Cabo de Rama beach,,"http://www.marinemammals.in/submit-record/22-09-2023-IMG-20230421-WA0002.jpg,",,,,,,,3,3,5,MMI-06.10.25,15.1031826,73.9255111,,,,,,,
,358,17,4,2023,Goa,Indian Ocean humpback dolphin,Humpback dolphin,"15.1715011,73.941493",Code 3 - a young animal of apprx 1m. has fetal curves,Cavelossim beach,,"http://www.marinemammals.in/submit-record/22-09-2023-IMG-20230417-WA0002.jpg,http://www.marinemammals.in/submit-record/22-09-2023-IMG-20230417-WA0003.jpg,",,,,,M,C,3,1,2,MMI-06.10.25,15.1715011,73.941493,,,,,,,
,359,15,4,2023,Maharashtra,Indo-Pacific finless porpoise,Indo-Pacific finless porpoise,"16.797349792482233, 73.3166170177673","Code 2. The carcass was found during regular patrolling by naturalist Pradip Dingankar and then the forest department took measurement and buried the carcass. Gear entanglement, looking at the types of injuries on the body, ","Gaonkhadi village is located in Ratnagiri tehsil of Ratnagiri district in Maharashtra, India",,"http://www.marinemammals.in/submit-record/02-05-2023-WhatsApp Image 2023-04-15 at 8.27.10 PM.jpeg,http://www.marinemammals.in/submit-record/02-05-2023-WhatsApp Image 2023-04-15 at 8.27.11 PM.jpeg,http://www.marinemammals.in/submit-record/02-05-2023-WhatsApp Image 2023-04-15 at 8.27.11 PM (1).jpeg,http://www.marinemammals.in/submit-record/02-05-2023-WhatsApp Image 2023-04-15 at 8.27.12 PM.jpeg",,,,,,,,,,MMI-06.10.25,16.79734979,73.31661702,,,,,,,
,360,15,4,2023,Goa,Indo-Pacific finless porpoise,Indo-Pacific finless porpoise,"15.2209348,73.9290015",Code 3 - male porpoise with circular scars and injury near flipper.,Varca beach,,"http://www.marinemammals.in/submit-record/22-09-2023-IMG-20230415-WA0000.jpg,",,,,,,,3,3,5,MMI-06.10.25,15.2209348,73.9290015,,,,,,,
,361,15,4,2023,Maharashtra,Indo-Pacific finless porpoise,Indo-Pacific finless porpoise,"16.786238664838972,73.31072094853516",Code 3 - male porpoise ; was bleeding from near the flipper and had rope marks,"Gaonkhadi, Ratnagiri",,"http://www.marinemammals.in/submit-record/22-09-2023-IMG-20230415-WA0030.jpg,http://www.marinemammals.in/submit-record/22-09-2023-IMG-20230415-WA0032.jpg,http://www.marinemammals.in/submit-record/22-09-2023-IMG-20230415-WA0031.jpg,http://www.marinemammals.in/submit-record/22-09-2023-IMG-20230415-WA0033.jpg,",,,,,,,,,,MMI-06.10.25,16.78623866,73.31072095,,,,,,,
,362,13,4,2023,Goa,Indo-Pacific finless porpoise,Indo-Pacific finless porpoise,"15.291756945792793,73.90813267607422",Code 3 - female adult,Betalbetim beach,,"http://www.marinemammals.in/submit-record/22-09-2023-IMG-20230413-WA0002.jpg,http://www.marinemammals.in/submit-record/22-09-2023-IMG-20230413-WA0003.jpg,http://www.marinemammals.in/submit-record/22-09-2023-IMG-20230413-WA0004.jpg,",,,,,,,3,2,4,MMI-06.10.25,15.29175695,73.90813268,,,,,,,
,363,13,4,2023,Goa,Indo-Pacific finless porpoise,Indo-Pacific finless porpoise,"15.250848706028536,73.92061265344239",Code 3 - male dolphin bloated injuries,Benaulim beach,,"http://www.marinemammals.in/submit-record/22-09-2023-IMG-20230413-WA0005.jpg,",,,,,,,3,2,3,MMI-06.10.25,15.25084871,73.92061265,,,,,,,
,364,12,4,2023,Goa,Indo-Pacific finless porpoise,Indo-Pacific finless porpoise,"15.332122472067438,73.8938975131836",Code 3,"Arossim beach, South Goa",,"http://www.marinemammals.in/submit-record/22-09-2023-IMG-20230412-WA0002.jpg,",,,,,,,3,2,3,MMI-06.10.25,15.33212247,73.89389751,,,,,,,
,365,9,4,2023,Goa,Indian Ocean humpback dolphin,Humpback dolphin,"15.29198940364158, 73.90798566962329","Code 2, Juveline","Betalbetim beach, south goa",,"http://www.marinemammals.in/submit-record/22-09-2023-IMG-20230409-WA0008.jpg,http://www.marinemammals.in/submit-record/22-09-2023-IMG-20230409-WA0009.jpg,",,,,,M,C,3,2,3,MMI-06.10.25,15.2919894,73.90798567,,,,,,,
,366,9,4,2023,Goa,Indo-Pacific finless porpoise,Indo-Pacific finless porpoise,"15.3544232,73.88386369999999",Code 3. SUnburnt carcass,"Velsao point 3, South Goa",,"http://www.marinemammals.in/submit-record/22-09-2023-IMG-20230409-WA0011.jpg,",,,,,,,3,3,5,MMI-06.10.25,15.3544232,73.8838637,,,,,,,
,367,9,4,2023,Goa,Indo-Pacific finless porpoise,Indo-Pacific finless porpoise,"15.20728984958847,73.93262889259033","Code 2, juveline",Zalor beach,,"http://www.marinemammals.in/submit-record/22-09-2023-IMG-20230409-WA0019.jpg,",,,,,,,2,0.5,1,MMI-06.10.25,15.20728985,73.93262889,,,,,,,
,368,9,4,2023,Goa,Indo-Pacific finless porpoise,Indo-Pacific finless porpoise,"15.318253762880698,73.89926327724612","Code 3, juveline ",Uttroda Beach,,"http://www.marinemammals.in/submit-record/22-09-2023-IMG-20230409-WA0020.jpg,",,,,,,,4,5,8,MMI-06.10.25,15.31825376,73.89926328,,,,,,,
,369,7,4,2023,Goa,Indian Ocean humpback dolphin,Humpback dolphin,"15.28286082153912,73.91120952539063",Code 3,"Colva beach , south goa",,"http://www.marinemammals.in/submit-record/22-09-2023-IMG-20230407-WA0001.jpg,http://www.marinemammals.in/submit-record/22-09-2023-IMG-20230407-WA0002.jpg,",,,,,M,A,3,3,5,MMI-06.10.25,15.28286082,73.91120953,,,,,,,
,370,5,4,2023,Andhra Pradesh,Risso's dolphin,Risso's dolphin,"16.390637828996958,81.91474956445313","Decomposed carcass, may have sustained injuries from boat propellers","Toorpupalem beach, konaseema district",,"http://www.marinemammals.in/submit-record/22-09-2023-IMG-20230405-WA0000.jpg,",,,,,,,,,,MMI-06.10.25,16.39063783,81.91474956,,,,,,,
,371,3,4,2023,Andhra Pradesh,Indo-Pacific humpback dolphin,Humpback dolphin,"17.71549653164752,83.32700044134549","2M in Length
All teeth appeared intact 
Found on the Shore, 20M in-land
Apparent patterned trauma marks on the uppersidel/keel from sharp bite

","Location: RK Beach, Vizag",,http://www.marinemammals.in/submit-record/20-04-2023-IMG_20230403_070423.jpg,,,,,,,,,,MMI-06.10.25,17.71549653,83.32700044,,,,,,,
,372,26,3,2023,Maharashtra,Bryde's whale,Bryde's whale,"18.559361322046488, 72.91970105793817","maximum baleen plates were approximately 50, but could not identify the midline. It is suspected to be  a Brydes (42-56 pleats), Sei (40-66) would be unlikely range wise, blues, fins, and Omuras all have pleat counts >80, and its not likely to be a Minke of any kind given then range. But impossible to be sure without some DNA or a skull.",Reported by local wildlife enthusia Ankit Velas observed and informed the local forest department. The department visited and buried the carcass.,,"http://www.marinemammals.in/submit-record/28-03-2023-WhatsApp Image 2023-03-26 at 10.50.56 AM.jpeg,http://www.marinemammals.in/submit-record/28-03-2023-WhatsApp Image 2023-03-26 at 10.50.57 AM.jpeg,http://www.marinemammals.in/submit-record/28-03-2023-WhatsApp Image 2023-03-26 at 10.50.58 AM.jpeg,http://www.marinemammals.in/submit-record/28-03-2023-WhatsApp Image 2023-03-26 at 10.50.56 AM (1).jpeg,http://www.marinemammals.in/submit-record/28-03-2023-WhatsApp Image 2023-03-26 at 11.07.30 AM.jpeg",,,,,,,,,,MMI-06.10.25,18.55936132,72.91970106,,,,,,,
,373,23,3,2023,West Bengal,Indo-Pacafic finless porpoise,Indo-Pacific finless porpoise,,,,,,,,,,,,,,,Whatsapp,21.68174338,88.15324422,,,,,,,
,374,21,3,2023,Kerala,Unidentified baleen whale,Unidentified baleen whale,,,,,,,,,,,,,,,Whatsapp,10.50244958,76.04225997,,,,,,,
,375,18,3,2023,Karnataka,Indian Ocean humpback dolphin,Humpback dolphin,,,,,,,,,,,,,,,Whatsapp,14.41902636,74.38948903,,,,,,,
,376,15,3,2023,Goa,Indo-Pacific finless porpoise,Indo-Pacific finless porpoise,"15.335717508451625,73.89267728459471",code 3,Arossim beach,,"https://www.marinemammals.in/submit-record/23-04-2024-WhatsApp Image 2024-04-23 at 14.28.40.jpeg,",,,,,,,4,6,8,MMI-06.10.25,15.33571751,73.89267728,,,,,,,
1716,377,12,3,2023,Kerala,Indo-Pacific finless porpoise,Indo-Pacific finless porpoise,"9.99658, 76.24211",NA,,,http://www.marinemammals.in/submit-record/13-03-2023-WhatsApp Image 2023-03-13 at 1.21.26 PM.jpeg http://www.marinemammals.in/submit-record/13-03-2023-WhatsApp Image 2023-03-13 at 1.21.26 PM (4).jpeg http://www.marinemammals.in/submit-record/13-03-2023-W,,,,,,,,,,MMI-later,9.99658,76.24211,1,FALSE,,1,FALSE,,
1309,378,9,3,2023,Andhra Pradesh,Risso's dolphin,Risso's dolphin,,,,,,,"17.5575998848778, 83.1501372935026",,,,,,,,Whatsapp,17.55759988,83.15013729,2,TRUE,3,1666,FALSE,,
1717,379,8,3,2023,Andhra Pradesh,Risso's dolphin,Risso's dolphin,"17.51643, 83.04069","Approximately 8 foot in length, 1 individual stranded alive but beaches itself after efforts to push it back by fishers and died, on the shore",,,http://www.marinemammals.in/submit-record/12-03-2023-huge-dolphin-1.jpg,,,,,,,,,,MMI-later,17.51643,83.04069,3,FALSE,,2,FALSE,,
,380,4,3,2023,Gujarat,Kogia sima,Dwarf sperm whale,,,,,,,,,,,,,,,Whatsapp,21.06165836,71.80204015,,,,,,,Whatsapp group - 7/4/23
1308,381,1,3,2023,Maharashtra,Indian Ocean humpback dolphin,Humpback dolphin,,,,,,,"18.6587764878054, 72.8632426393949",,,,,,,,Whatsapp,18.65877649,72.86324264,4,FALSE,,3,FALSE,,
1718,382,1,3,2023,Maharashtra,Indian Ocean humpback dolphin,Humpback dolphin,,Ventral part was ruptured,,,http://www.marinemammals.in/submit-record/03-03-2023-A6D93F04-1A55-42BD-A1AE-34793F9B7614.jpeg,,,,,,,,,,MMI-later,,,5,TRUE,4,1667,FALSE,,
1719,383,1,3,2023,Maharashtra,Indian Ocean humpback dolphin,Humpback dolphin,,Ventral part was ruptured,,,http://www.marinemammals.in/submit-record/03-03-2023-A6D93F04-1A55-42BD-A1AE-34793F9B7614.jpeg,,,,,,,,,,MMI-later,,,6,TRUE,"4,5",1668,FALSE,,
1720,384,1,3,2023,Maharashtra,Indian Ocean humpback dolphin,Humpback dolphin,,Ventral part was ruptured,,,http://www.marinemammals.in/submit-record/03-03-2023-A6D93F04-1A55-42BD-A1AE-34793F9B7614.jpeg,,,,,,,,,,MMI-later,,,7,TRUE,"4,5,6",1669,FALSE,,
1721,385,1,3,2023,Maharashtra,Indian Ocean humpback dolphin,Humpback dolphin,,Ventral part was ruptured,,,http://www.marinemammals.in/submit-record/03-03-2023-A6D93F04-1A55-42BD-A1AE-34793F9B7614.jpeg,,,,,,,,,,MMI-later,,,8,TRUE,"4,5,6,7",1670,FALSE,,
1307,386,1,3,2023,Tamil Nadu,Small-sized delphinid,Small-sized delphinid,,,,,,,"12.1758146968607, 79.9572509322387",,,,,,,,Whatsapp,12.1758147,79.95725093,9,FALSE,,4,FALSE,,
1306,387,28,2,2023,Gujarat,Long-beaked common dolphin,Long-beaked common dolphin,,,,,,,"22.4326, 68.9925",68.9925,,,,,,,Whatsapp,22.4326,68.9925,10,FALSE,,5,FALSE,,
1305,388,27,2,2023,Maharashtra,Indo-Pacific finless porpoise,Indo-Pacific finless porpoise,,,,,,,"17.8081, 73.0987",73.0987,,,,,,,Whatsapp,17.8081,73.0987,11,FALSE,,6,FALSE,,
1304,389,19,2,2023,Maharashtra,Indo-Pacific finless porpoise,Indo-Pacific finless porpoise,,,,,,,"19.1237798862232, 72.8170593588785",,,,,,,,Whatsapp,19.12377989,72.81705936,12,FALSE,,7,FALSE,,
1303,390,12,2,2023,Maharashtra,Indo-Pacific finless porpoise,Indo-Pacific finless porpoise,,,,,,,"19.1237798862232, 72.8170593588785",,,,,,,,Whatsapp,19.12377989,72.81705936,13,FALSE,,8,FALSE,,
1722,391,12,2,2023,Maharashtra,Indo-Pacific finless porpoise,Indo-Pacific finless porpoise,,"Photo ID, dead stranded on the beach",,,http://www.marinemammals.in/submit-record/13-02-2023-WhatsApp Image 2023-02-12 at 1.15.07 PM.jpeg,,,,,,,,,,MMI-later,,,14,FALSE,,9,FALSE,,
1302,392,2,2,2023,Kerala,Indo-Pacific finless porpoise,Indo-Pacific finless porpoise,,,,,,,"9.96451862443936, 76.2384884245582",,,,,,,,Whatsapp,9.964518624,76.23848842,15,FALSE,,10,FALSE,,
1300,393,1,2,2023,Goa,Indo-Pacific finless porpoise,Indo-Pacific finless porpoise,,,,,,,"15.2080559703965, 73.9322641093706",,,,,2,0.5,1,Whatsapp,15.20805597,73.93226411,16,FALSE,,11,FALSE,,
1301,394,1,2,2023,Tamil Nadu,Small-sized delphinid,Small-sized delphinid,,,,,,,"13.0235, 80.2787",80.2787,,,,,,,Whatsapp,13.0235,80.2787,17,FALSE,,12,FALSE,,
1299,395,28,1,2023,Tamil Nadu,Spinner dolphin,Spinner dolphin,,,,,,,"13.0005696026454, 80.273230542964",,,,,,,,Whatsapp,13.00034103,80.27368841,18,FALSE,,13,FALSE,,
1298,396,22,1,2023,Goa,Indian Ocean humpback dolphin,Humpback dolphin,,,,,,,"15.6681747639402, 73.7095647025134",,,M,A,3,2,5,Whatsapp,15.66817476,73.7095647,19,FALSE,,14,FALSE,,
1297,397,20,1,2023,Maharashtra,Indian Ocean humpback dolphin,Humpback dolphin,,,,,,,"15.9705, 73.4998",73.4998,,,,,,,Whatsapp,15.9705,73.4998,20,FALSE,,15,FALSE,,
1296,398,16,1,2023,Maharashtra,Indian Ocean humpback dolphin,Humpback dolphin,,,,,,,"19.0451946653503, 72.8184504205603",,,,,,,,Whatsapp,19.04519467,72.81845042,21,FALSE,,16,FALSE,,
1295,399,10,1,2023,Goa,Indian Ocean humpback dolphin,Humpback dolphin,,,,,,,"15.2206556228463, 73.9290222348459",,,F,A,2,0.5,1,Whatsapp,15.22065562,73.92902223,22,FALSE,,17,FALSE,,
,400,22,12,2022,Gujarat,Unidentified small cetacean,Small-sized delphinid,,,,,,,,,,,,,,,Whatsapp - 11.10.25,20.9498325,71.54651433,,,,,,,Whatsapp group - 7/4/23
1294,401,28,11,2022,Maharashtra,Indo-Pacific finless porpoise,Indo-Pacific finless porpoise,,,,,,,"16.0546372534652, 73.4640309271443",,,,,,,,Whatsapp,16.05463725,73.46403093,23,FALSE,,18,TRUE,19,
1723,402,28,11,2022,Goa,Indo-Pacific finless porpoise,Indo-Pacific finless porpoise,"15.3297, 73.89486",highly decomposed,,,http://www.marinemammals.in/submit-record/13-12-2022-Arossim beach 2022-11-28 at 3.57.09 PM.jpeg,,,,,,SA,2,0.5,1,MMI-later,15.3297,73.89486,24,FALSE,,19,FALSE,,
1293,403,27,11,2022,Goa,Indo-Pacific finless porpoise,Indo-Pacific finless porpoise,,,,,,,"15.2564071620864, 73.918745967007",,,,,,,,Whatsapp,15.25640716,73.91874597,25,TRUE,26,1671,FALSE,,
1724,404,27,11,2022,Goa,Indo-Pacific finless porpoise,Indo-Pacific finless porpoise,"15.24289, 73.92251",decomposed,,,http://www.marinemammals.in/submit-record/13-12-2022-Benaulim2 2022-11-27 at 7.54.11 AM.jpeg http://www.marinemammals.in/submit-record/13-12-2022-Benaulim 2022-11-27 at 7.53.50 AM.jpeg,,,,,,,3,2,3,MMI-later,15.24289,73.92251,26,FALSE,,20,TRUE,"18, 19",
1725,405,27,11,2022,Goa,Indo-Pacific finless porpoise,Indo-Pacific finless porpoise,"15.33221, 73.89383","Highly decomposed and charred by the sun ,",,,http://www.marinemammals.in/submit-record/13-12-2022-Arossim point 3-a 2022-11-27 at 5.53.37 PM.jpeg http://www.marinemammals.in/submit-record/13-12-2022-Arossim 3 point 2022-11-27 at 5.53.36 PM.jpeg,,,,,,,,,,MMI-later,15.33221,73.89383,27,TRUE,24,21,FALSE,"18, 19, 20",
1292,406,25,11,2022,Goa,Indo-Pacific finless porpoise,Indo-Pacific finless porpoise,,,,,,,"15.2198895372828, 73.9292797269131",,,,,,,,Whatsapp,15.21988954,73.92927973,28,TRUE,26,1672,FALSE,,
1726,407,25,11,2022,Goa,Indo-Pacific finless porpoise,Indo-Pacific finless porpoise,"15.1702, 73.94184","Carcass stranded in highly decomposed state, code 4",,,http://www.marinemammals.in/submit-record/13-12-2022-Cavellosim 2022-11-25 at 10.48.42 AM.jpeg http://www.marinemammals.in/submit-record/13-12-2022-Cavellosim1 2022-11-25 at 11.20.14 AM.jpeg http://www.marinemammals.in/submit-record/13-12-2022-Cavellosim,,,,,M,,2,0.5,1,MMI-later,15.1702,73.94184,29,FALSE,,22,TRUE,"18, 19, 20, 21",
1727,408,25,11,2022,Goa,Indo-Pacific finless porpoise,Indo-Pacific finless porpoise,"15.21502, 73.93054","Fresh specimen, No data provided other than pictures, Please contact Reefwatch and Goa FD,",,,http://www.marinemammals.in/submit-record/13-12-2022-Varca3 2022-11-25 at 6.26.38 PM.jpeg http://www.marinemammals.in/submit-record/13-12-2022-Varca2 2022-11-25 at 6.26.40 PM.jpeg http://www.marinemammals.in/submit-record/13-12-2022-Varca3 2022-11-25 at,,,,,,,,,,MMI-later,15.21502,73.93054,30,TRUE,"26, 28",1673,FALSE,,
1110,409,21,11,2022,Goa,Indo-Pacific humpback dolphin,Humpback dolphin,,,,,,,,,,,,,,,Sutaria & Jefferson 2004,,,31,TRUE,,23,FALSE,,
1291,410,20,11,2022,Kerala,Spinner dolphin,Spinner dolphin,,,,,,,"8.87522520797837, 76.5881676210558",,,,,,,,Whatsapp,8.875225208,76.58816762,32,FALSE,,24,FALSE,,
1728,411,20,11,2022,Tamil Nadu,Spinner dolphin,Spinner dolphin,"12.79543, 80.24987",spinner dolphin adult charred by sun,,,http://www.marinemammals.in/submit-record/13-12-2022-TN Kovalam 2022-11-20 at 9.26.46 AM.jpeg,,,,,,,,,,MMI-later,12.79543,80.24987,33,FALSE,,25,FALSE,,
1729,412,18,11,2022,Maharashtra,Indo-Pacific finless porpoise,Indo-Pacific finless porpoise,"16.04343, 73.47674","Fresh carcass, Female adult, Has one deep linear cut under the left flipper, Possible net entanglement sign around the neck,",,,http://www.marinemammals.in/submit-record/13-12-2022-WhatsApp Image 2022-11-28 at 9.27.52 AM.jpeg http://www.marinemammals.in/submit-record/13-12-2022-WhatsApp Image 2022-11-28 at 9.27.51 AM (1).jpeg http://www.marinemammals.in/submit-record/13-12-2022-W,,,,,,,,,,MMI-later,16.04343,73.47674,34,FALSE,,26,FALSE,,
1290,413,17,11,2022,Goa,Indian Ocean humpback dolphin,Humpback dolphin,,,,,,,"15.2070413633757, 73.9324143130765",,,,,,,,Whatsapp,15.20704136,73.93241431,35,TRUE,36,1674,FALSE,,
1730,414,17,11,2022,Goa,Indian Ocean humpback dolphin,Humpback dolphin,"15.20309, 73.9337",Highly decomposed with jaw exposed - code 5,,,http://www.marinemammals.in/submit-record/13-12-2022-Zalor 2022-11-17 at 10.47.39 AM.jpeg http://www.marinemammals.in/submit-record/13-12-2022-Zalor1 2022-11-17 at 10.47.39 AM.jpeg http://www.marinemammals.in/submit-record/13-12-2022-Zalor3 2022-11-17 at,,,,,,,4,5,7,MMI-later,15.20309,73.9337,36,FALSE,,27,FALSE,,
1289,415,11,11,2022,Odisha,Bottlenose dolphin,Bottlenose dolphin,,,,,,,"20.2522778732882, 86.6598169543393",,,,"60Cm, Calf",,,,Whatsapp,20.25227787,86.65981695,37,TRUE,38,1675,FALSE,,
1731,416,11,11,2022,Odisha,Indo-Pacific bottlenose dolphin,Bottlenose dolphin,"20.25502, 86.66825","tursiops calf with rake marks, gas build up under the skin and injury to the fluke",,,http://www.marinemammals.in/submit-record/13-12-2022-Paradip 2022-11-11 at 4.49.43 PM.jpeg http://www.marinemammals.in/submit-record/13-12-2022-Paradip 2 2022-11-11 at 4.49.43 PM.jpeg,,,,,,,,,,MMI-later,20.25502,86.66825,38,FALSE,,28,TRUE,29,
1732,417,9,11,2022,Odisha,Indo-Pacific humpback dolphin,Humpback dolphin,"20.25502, 86.66825",Fresh caracss of a sub adult male dolphin,,,http://www.marinemammals.in/submit-record/13-12-2022-Paradip IPH 2022-11-11 at 4.49.43 PM.jpeg,,,,,,,,,,MMI-later,20.25502,86.66825,39,FALSE,"37, 38",29,FALSE,,
1286,418,6,11,2022,Kerala,Indo-Pacific finless porpoise,Indo-Pacific finless porpoise,,,,,,,"12.5047578762034, 74.9724374603796",,,,,,,,Whatsapp,12.50475788,74.97243746,40,TRUE,,1676,FALSE,,
1287,419,6,11,2022,Kerala,Indo-Pacific finless porpoise,Indo-Pacific finless porpoise,,,,,,,"12.5047578762034, 74.9724374603796",,,,,,,,Whatsapp,12.50475788,74.97243746,41,TRUE,40,1677,FALSE,,
1288,420,6,11,2022,Maharashtra,Indo-Pacific finless porpoise,Indo-Pacific finless porpoise,,,,,,,"16.0973139792428, 73.4601580820912",,,,,,,,Whatsapp,16.09731398,73.46015808,42,TRUE,44,1678,FALSE,,
1733,421,6,11,2022,Kerala,Indo-Pacific finless porpoise,Indo-Pacific finless porpoise,"12.54974, 74.95403","Three carcasses of finless porpoise (1+2) were found at the mouth of the Mogral estuary in Karsargod, Kerala, All in fresh condition,",,,http://www.marinemammals.in/submit-record/13-12-2022-Mogral estuary 2 2022-11-06 at 5.24.23 PM.jpeg http://www.marinemammals.in/submit-record/13-12-2022-Mogral estuary 2022-11-06 at 5.24.23 PM.jpeg http://www.marinemammals.in/submit-record/13-12-2022-Mog,,,,,,,,,,MMI-later,12.54974,74.95403,43,FALSE,,30,FALSE,,
1734,422,6,11,2022,Maharashtra,Indo-Pacific finless porpoise,Indo-Pacific finless porpoise,"16.1, 73.4594",Decomposed floating carcass not brought to shore,,,http://www.marinemammals.in/submit-record/13-12-2022-Talashil 2022-11-06 at 9.15.23 PM.jpeg,,,,,,,,,,MMI-later,16.1,73.4594,44,FALSE,,30,FALSE,,
1285,423,5,11,2022,Karnataka,Indo-Pacific finless porpoise,Indo-Pacific finless porpoise,,,,,,,"13.363235026633, 74.6969870458808",,,,60Cm,,,,Whatsapp,13.36323503,74.69698705,45,TRUE,46,1679,FALSE,,
1735,424,5,11,2022,Karnataka,Indo-Pacific finless porpoise,Indo-Pacific finless porpoise,"13.47278, 74.68891","fresh finless porpoise calf about 2ft long, no marks or injuries",,,http://www.marinemammals.in/submit-record/13-12-2022-Udupi beach 2022-11-05 at 7.05.30 PM.jpeg,,,,,,,,,,MMI-later,13.47278,74.68891,46,FALSE,,30,FALSE,,
1284,425,3,11,2022,Kerala,Indian Ocean humpback dolphin,Humpback dolphin,,,,,,,"9.66036512475913, 76.2919931297624",,,,,,,,Whatsapp,9.660365125,76.29199313,47,TRUE,48,1680,FALSE,,
1736,426,3,11,2022,Kerala,Indian Ocean humpback dolphin,Humpback dolphin,"9.65338, 76.29292","decomposed carcass found on the beach, it was buried by the next day,",,,http://www.marinemammals.in/submit-record/13-12-2022-Arthungal 2022-11-04 at 10.33.11 AM.jpeg http://www.marinemammals.in/submit-record/13-12-2022-Arthungal 2022-11-04 at 10.33.12 AM.jpeg http://www.marinemammals.in/submit-record/13-12-2022-Arthungal 202,,,,,,,,,,MMI-later,9.65338,76.29292,48,FALSE,,30,FALSE,,
1283,427,2,11,2022,Maharashtra,Unidentified baleen whale,Unidentified baleen whale,,,,,,,"18.9600113340183, 72.9245212950964",,,,,,,,Whatsapp,18.96001133,72.9245213,49,TRUE,50,1681,FALSE,,
1737,428,2,11,2022,Maharashtra,Unidentified baleen whale,Unidentified baleen whale,"18.96083, 72.9312","decomposed baleen whale carcass with flippers decomposed, ridges not visible,",,,http://www.marinemammals.in/submit-record/13-12-2022-WhatsApp Image 2022-11-02 at 8.38.06 PM.jpeg http://www.marinemammals.in/submit-record/13-12-2022-WhatsApp Image 2022-11-02 at 8.38.07 PM.jpeg http://www.marinemammals.in/submit-record/13-12-2022-Whats,,,,,,,,,,MMI-later,18.95905772,72.92572818,50,FALSE,,30,FALSE,,
1738,429,20,10,2022,Goa,Indo-Pacific finless porpoise,Indo-Pacific finless porpoise,"15.29599, 73.90645","adult carcass washed shore code 3, no other data available with us, please check with reefwatch foundation,",,,http://www.marinemammals.in/submit-record/13-12-2022-Betalbatim 3 2022-10-20 at 4.03.10 PM.jpeg http://www.marinemammals.in/submit-record/13-12-2022-Betalbatim 2 2022-10-20 at 4.03.09 PM.jpeg http://www.marinemammals.in/submit-record/13-12-2022-Betalbati,,,,,,,3,2,4,MMI-later,15.29599,73.90645,51,FALSE,,35,FALSE,,
1282,430,18,10,2022,Maharashtra,Indian Ocean humpback dolphin,Humpback dolphin,,,,,,,"19.1239075800693, 72.8167146702161",,,,,,,,Whatsapp,19.12390758,72.81671467,52,TRUE,53,1682,FALSE,,
1739,431,18,10,2022,Maharashtra,Indian Ocean humpback dolphin,Humpback dolphin,"19.1238982221741, 72.8164595525705","carcass floating at the waters edge, Adult male",,,http://www.marinemammals.in/submit-record/15-12-2022-IOHD 2022-10-18 at 6.59.57 PM.jpeg,,,,,,,,,,MMI-later,19.12389822,72.81645955,53,FALSE,,36,FALSE,,
1740,432,18,10,2022,Goa,Indian Ocean humpback dolphin,Humpback dolphin,"15.3689876098839, 73.8732797071756","Fresh carcass code 3 adult male, no ther data with us, please check with reefwatch",,,http://www.marinemammals.in/submit-record/13-12-2022-Velsao 2 2022-10-18 at 12.23.11 PM.jpeg http://www.marinemammals.in/submit-record/13-12-2022-Velsao 2022-10-18 at 12.23.11 PM.jpeg,,,,,,C,2,1,2,MMI-later,15.36898761,73.87327971,54,FALSE,,37,FALSE,,
1741,433,12,10,2022,Goa,Indian Ocean humpback dolphin,Humpback dolphin,"15.278033092292, 73.9120976759894","code 3 specimen adult, All other info with reefwatch",,,http://www.marinemammals.in/submit-record/13-12-2022-WhatsApp Image 2022-10-13 at 4.34.23 PM.jpeg http://www.marinemammals.in/submit-record/13-12-2022-WhatsApp Image 2022-10-13 at 4.34.24 PM.jpeg,,,,,,,3,4,6,MMI-later,15.27803309,73.91209768,55,FALSE,,38,FALSE,,
1281,434,12,10,2022,Tamil Nadu,Indo-Pacific humpback dolphin,Humpback dolphin,,,,,,,"12.5017564541215, 80.1609063331644",,,,,,,,Whatsapp,12.50175645,80.16090633,56,TRUE,,1683,FALSE,,
1742,435,12,10,2022,Tamil Nadu,Indo-Pacific humpback dolphin,Humpback dolphin,"10.3022991874173, 79.3751357792183",Code 3 washed ashore,,,http://www.marinemammals.in/submit-record/13-12-2022-Puttukotai 2022-10-11 at 4.01.14 PM.jpeg,,,,,,,,,,MMI-later,10.30229919,79.37513578,57,FALSE,,39,FALSE,,
1280,436,4,10,2022,Goa,Indian Ocean humpback dolphin,Humpback dolphin,,,,,,,"15.1705702948766, 73.9416466242728",,,,,,,,Whatsapp,15.17057029,73.94164662,58,TRUE,59,1684,FALSE,,
1743,437,4,10,2022,Goa,Indian Ocean humpback dolphin,Humpback dolphin,"15.1697725616476, 73.9415659871713","code 3 adult dolphin, all other info with reefwatch",,,http://www.marinemammals.in/submit-record/13-12-2022-WhatsApp Image 2022-10-04 at 10.09.28 AM.jpeg http://www.marinemammals.in/submit-record/13-12-2022-WhatsApp Image 2022-10-04 at 10.09.29 AM.jpeg http://www.marinemammals.in/submit-record/13-12-2022-Wha,,,,,,,2,1,2,MMI-later,15.16977256,73.94156599,59,FALSE,,40,FALSE,,
1279,438,1,10,2022,Goa,Indo-Pacific finless porpoise,Indo-Pacific finless porpoise,,,,,,,"14.958660462717, 74.0495520957157",,,,"50Cm, Calf",,,,Whatsapp,14.95866046,74.0495521,60,TRUE,61,1685,FALSE,,
1744,439,1,10,2022,Goa,Indo-Pacific finless porpoise,Indo-Pacific finless porpoise,"14.9639542059111, 74.0469389992539","finless porpoise calf, malnutrition signs, size: 70cm length, 20cm girth,",,,http://www.marinemammals.in/submit-record/13-12-2022-Galgibag 2022-10-01 at 11.45.34 AM.jpeg http://www.marinemammals.in/submit-record/13-12-2022-WhatsApp Image 2022-10-01 at 11.45.32 AM.jpeg http://www.marinemammals.in/submit-record/13-12-2022-WhatsApp,,,,,,C,2,0.5,1,MMI-later,14.96395421,74.046939,61,FALSE,,41,FALSE,,
1278,440,25,9,2022,Kerala,Unidentified baleen whale,Unidentified baleen whale,,,,,,,"9.11147551587308, 76.1989511366244",,,,,,,,Whatsapp,9.177041216,76.43382293,62,TRUE,,1686,FALSE,,
1745,441,25,9,2022,Kerala,Unidentified baleen whale,Unidentified baleen whale,"9.13067601916334, 76.4647340133293","Azheekal Kollam Kerala, 30 km from the coast,",,,http://www.marinemammals.in/submit-record/15-12-2022-Azheekal Kollam 2022-09-25 at 4.15.57 PM.jpeg,,,,,,,,,,MMI-later,9.130676019,76.46473401,63,FALSE,,42,FALSE,,
1277,442,24,9,2022,Goa,Spinner dolphin,Spinner dolphin,,,,,,,"15.3181510615732, 73.8988148351116",,,,,,,,Whatsapp,15.31815106,73.89881484,64,FALSE,,43,FALSE,,
1746,443,21,9,2022,Karnataka,Pygmy killer whale,Pygmy killer whale,"13.6969520852448, 74.6432384387646","Given the position of the dorsal fin, the shape of the flippers and the shape of the rostrum, this has been identified as a Pygmy killer whale, It is a male adult,",,,http://www.marinemammals.in/submit-record/15-12-2022-Marvante 5 2022-09-21 at 5.56.55 PM.jpeg http://www.marinemammals.in/submit-record/15-12-2022-Marvante 4 2022-09-21 at 5.56.54 PM.jpeg http://www.marinemammals.in/submit-record/15-12-2022-Marvante 3 20,,,,,,,,,,MMI-later,13.69695209,74.64323844,65,FALSE,,44,FALSE,,
1276,444,20,9,2022,Karnataka,False killer whale,False killer whale,,,,,,,"13.7067103595588, 74.6416152149801",,,,,,,,Whatsapp,13.70671036,74.64161521,66,TRUE,65,1687,FALSE,,
1274,445,16,9,2022,Kerala,Indo-Pacific finless porpoise,Indo-Pacific finless porpoise,,,,,,,"11.8626883904172, 75.3548630609467",,,,100Cm TL,,,,Whatsapp,11.86268839,75.35486306,67,FALSE,,45,FALSE,,
1275,446,16,9,2022,Kerala,Indo-Pacific finless porpoise,Indo-Pacific finless porpoise,,,,,,,"11.8626883904172, 75.3548630609467",,,,50Cm TL,,,,Whatsapp,11.86268839,75.35486306,68,TRUE,67,1688,FALSE,,
1747,447,13,9,2022,Tamil Nadu,Indo-Pacific humpback dolphin,Humpback dolphin,"11.9284937999945, 79.8359145638322","dead animal washed ashore, no data collected, fd buried the same on the same night,",,,http://www.marinemammals.in/submit-record/14-12-2022-IPHD Pondi 2022-09-14 at 9.42.20 PM.jpeg http://www.marinemammals.in/submit-record/14-12-2022-IPHD Pondi1 2022-09-14 at 9.42.20 PM.jpeg http://www.marinemammals.in/submit-record/14-12-2022-IPHD pondi 3,,,,,,,,,,MMI-later,11.9284938,79.83591456,69,FALSE,,46,FALSE,,
1748,448,10,9,2022,Kerala,Indo-Pacific finless porpoise,Indo-Pacific finless porpoise,"11.78941, 75.44607","Two individuals (approx 1m, 50cm) found stranded about a km apart at Kannur beach,",,,http://www.marinemammals.in/submit-record/04-10-2022-IMG-20220910-WA0010.jpg http://www.marinemammals.in/submit-record/04-10-2022-IMG-20220910-WA0016.jpg http://www.marinemammals.in/submit-record/04-10-2022-IMG-20220910-WA0017.jpg http://www.marinemammal,,,,,,,,,,MMI-later,11.78941,75.44607,70,FALSE,,47,FALSE,,
1749,449,4,9,2022,Tamil Nadu,Indian Ocean humpback dolphin,Humpback dolphin,"10.2862835832868, 79.3363042544403",animal washed ashore - adult - ஆவுடையார்பட்டினம்,,,http://www.marinemammals.in/submit-record/15-12-2022-Putukottai Image 2022-09-04 at 12.14.22 PM.jpeg http://www.marinemammals.in/submit-record/15-12-2022-Puttokotai 2022-09-04 at 12.14.22 PM.jpeg http://www.marinemammals.in/submit-record/15-12-2022-putto,,,,,,,,,,MMI-later,10.28628358,79.33630425,71,FALSE,,48,FALSE,,
1273,450,4,9,2022,Tamil Nadu,Indo-Pacific humpback dolphin,Humpback dolphin,,,,,,,"10.0260041500396, 79.2443181771964",,,,,,,,Whatsapp,10.02600415,79.24431818,72,TRUE,,1689,FALSE,,
1750,451,29,8,2022,Goa,Indian Ocean humpback dolphin,Humpback dolphin,"15.0411980049934, 73.9867306173652",Code 3 adult individual,,,http://www.marinemammals.in/submit-record/29-08-2022-PHOTO-2022-08-29-08-34-34.jpg,,,,,,,3,2,4,MMI-later,15.041198,73.98673062,73,FALSE,,49,FALSE,,
1271,452,19,8,2022,Tamil Nadu,Indo-Pacific humpback dolphin,Humpback dolphin,,,,,,,"10.2871449785364, 79.3415343839597",,,,,,,,Whatsapp,10.28714498,79.34153438,74,TRUE,,1690,FALSE,,
1272,453,19,8,2022,Goa,Indo-Pacific humpback dolphin,Humpback dolphin,,,,,,,"15.2070724228468, 73.9324357707488",,,M,,3,4,6,Whatsapp,15.20707242,73.93243577,75,FALSE,,50,FALSE,,
1751,454,19,8,2022,Tamil Nadu,Indo-Pacific humpback dolphin,Humpback dolphin,"9.91527812118032, 79.1498684469287",Adult dolphin code 4 stranded on rocky seagrass covered shores,,,http://www.marinemammals.in/submit-record/23-12-2022-Thanjavur2 2022-08-19 at 11.55.53 AM.jpeg http://www.marinemammals.in/submit-record/23-12-2022-Thanjavur1 2022-08-19 at 11.55.53 AM.jpeg http://www.marinemammals.in/submit-record/23-12-2022-Thanjavur 2,,,,,,,,,,MMI-later,9.915278121,79.14986845,76,FALSE,,51,FALSE,,
1752,455,18,8,2022,West Bengal,Indo-Pacific finless porpoise,Indo-Pacific finless porpoise,"21.7833700381126, 87.888934400238","Carcass code 4 - eye sockets and flippers decomposed or eaten, Newspaper article attached, The Hindutan Times August 19th 2022, Kolkata,",,,http://www.marinemammals.in/submit-record/27-08-2022-Screenshot 2022-08-27 at 4.27.35 PM.png,,,,,,,,,,MMI-later,21.78337004,87.8889344,77,FALSE,,52,FALSE,,
1753,456,6,8,2022,Maharashtra,Indian Ocean humpback dolphin,Humpback dolphin,"16.9695697393094, 73.2934373174088","Code 3 adult male dolphin stranded at Bhatye beach, No necropsy done,",,,http://www.marinemammals.in/submit-record/23-12-2022-Bhati beach 2022-08-06 at 7.17.25 PM.jpeg http://www.marinemammals.in/submit-record/23-12-2022-Bhati 2022-08-06 at 7.17.25 PM.jpeg,,,,,,,,,,MMI-later,16.96956974,73.29343732,78,FALSE,,53,FALSE,,
1270,457,6,8,2022,Maharashtra,Indo-Pacific humpback dolphin,Humpback dolphin,,,,,,,"17.1040604016316, 73.2819885240413",,,,,,,,Whatsapp,17.1040604,73.28198852,79,TRUE,,1691,FALSE,,
1754,458,31,7,2022,Maharashtra,Indian Ocean humpback dolphin,Humpback dolphin,"16.6887574517469, 73.3287354001686","No data were collected, Informed Forest Department, at least 2 days olsd, Wounds and scratches on the body,",,,http://www.marinemammals.in/submit-record/06-08-2022-GOPR4367.jpg,,,,,,,,,,MMI-later,16.68875745,73.3287354,80,FALSE,,54,FALSE,,
1269,459,30,7,2022,Andaman & Nicobar islands,Risso's dolphin,Risso's dolphin,,,,,,,,,,,,,,,Whatsapp,,,81,FALSE,,55,FALSE,,
1268,460,26,7,2022,Maharashtra,Indo-Pacific humpback dolphin,Humpback dolphin,,,,,,,"17.149892363418, 73.2638095164678",,,,,,,,Whatsapp,17.14989236,73.26380952,82,FALSE,,56,FALSE,,
1267,461,24,7,2022,Maharashtra,Indo-Pacific humpback dolphin,Humpback dolphin,,,,,,,"19.0995452729224, 72.8255934502541",,,,,,,,Whatsapp,19.09954527,72.82559345,83,FALSE,,57,FALSE,,
1,462,18,7,2022,Maharashtra,Humpback dolphin,Humpback dolphin,,,"Bandstand, Bandra",,,,"19.0501578551506, 72.820550954655519.050157855150644, 72.82055095465556","19.050157855150644, 72.82055095465556",,,A,4a,,,Whatsapp,19.05015786,72.82055095,84,FALSE,,58,FALSE,,
2,463,17,7,2022,Maharashtra,Humpback dolphin,Humpback dolphin,,,Anjarle,,,,"17.8506567493471, 73.084861854351717.850656749347152, 73.08486185435174","17.850656749347152, 73.08486185435174",,,C,2,,,Whatsapp,17.85065675,73.08486185,85,FALSE,,59,FALSE,,
3,464,17,7,2022,Goa,Indo-Pacific finless porpoise,Indo-Pacific finless porpoise,,,"betalbetim beach, south goa",,,,"15.2894535409185, 73.907621438170815.289453540918565, 73.90762143817086","15.289453540918565, 73.90762143817086",,,C,2,0.5,1,Whatsapp,15.28945354,73.90762144,86,FALSE,,60,FALSE,,
1755,465,15,7,2022,Kerala,Indian Ocean humpback dolphin,Humpback dolphin,"9.49138629353589, 76.3175573676295",Code-3,,,http://www.marinemammals.in/submit-record/06-01-2023-IMG-20200715-WA0022.jpg,,,,,,,,,,MMI-later,9.491386294,76.31755737,87,FALSE,,61,FALSE,,
1756,466,10,7,2022,Karnataka,Indo-Pacific humpback dolphin,Humpback dolphin,"14.81338, 74.12619","Total length- 8,4 feet Mouth to ventral side -6,1 feet girth -2,6 feet single adult - female Distance from the shore 4-5 meters",,,http://www.marinemammals.in/submit-record/17-07-2022-WhatsApp Image 2022-07-10 at 4.29.58 PM.jpeg http://www.marinemammals.in/submit-record/17-07-2022-WhatsApp Image 2022-07-17 at 1.14.31 PM.jpeg http://www.marinemammals.in/submit-record/17-07-2022-Whats,,,,,,,,,,MMI-later,14.81338,74.12619,88,FALSE,,62,FALSE,,
4,467,8,7,2022,Goa,Humpback dolphin,Humpback dolphin,,,"betalbetim beach, south goa",,,,"15.2943560322198, 73.906214977825715.294356032219822, 73.90621497782578","15.294356032219822, 73.90621497782578",,,SA,2,0.5,1,Whatsapp,15.29435603,73.90621498,89,FALSE,,63,FALSE,,
5,468,6,7,2022,Goa,Humpback dolphin,Humpback dolphin,,,Agoda,,,,"15.4905908774076, 73.769839142398515.490590877407694, 73.76983914239855","15.490590877407694, 73.76983914239855",,,SA,2,1,2,Whatsapp,15.49043696,73.76982006,90,FALSE,,64,FALSE,"62, 63",
6,469,1,7,2022,West Bengal,Striped dolphin,Striped dolphin,,,"Haripur, Junput beat, Contai range, Purba Midnapore",,,,"21.6919786653963, 87.785228426922921.691978665396398, 87.7852284269229","21.691978665396398, 87.7852284269229",,,SA,2,,,Whatsapp,21.69197867,87.78522843,91,FALSE,,65,FALSE,,
7,470,28,6,2022,Karnataka,Small-sized delphinid,Small-sized delphinid,,,Karwar,,,,"14.8227686821659, 74.125731544304614.822768682165975, 74.12573154430466","14.822768682165975, 74.12573154430466",,,,3a,,,Whatsapp,14.82276868,74.12573154,92,TRUE,,1692,FALSE,,
1757,471,27,6,2022,Karnataka,Indo-Pacific humpback dolphin,Humpback dolphin,"14.84671, 74.11193",Total length - 177 cm Snout to anterior insertion of flipper length- 73 cm Anterior length of flippers - 38 cm Posterior length of flippers- 23 cm Beak length - 25 cm Snout to eye length -51 cm width 76 cm,,,http://www.marinemammals.in/submit-record/17-07-2022-WhatsApp Image 2022-07-05 at 1.46.12 PM.jpeg,,,,,,,,,,MMI-later,14.84671,74.11193,93,FALSE,,66,FALSE,,
8,472,25,6,2022,Karnataka,Unidentified baleen whale,Unidentified baleen whale,,,Honnavar,,,,"14.2859705250551, 74.433055512639314.285970525055184, 74.4330555126393","14.285970525055184, 74.4330555126393",,,,5,,,Whatsapp,14.28597053,74.43305551,94,TRUE,95,1693,FALSE,,
1758,473,25,6,2022,Karnataka,Unidentified baleen whale,Unidentified baleen whale,"14.2680662662309, 74.4294715090288",washed ashore code 4,,,http://www.marinemammals.in/submit-record/16-12-2022-Honnavar 3 2022-06-25 at 7.48.14 PM.jpeg http://www.marinemammals.in/submit-record/16-12-2022-Honnavar 2 2022-06-25 at 7.48.14 PM.jpeg http://www.marinemammals.in/submit-record/16-12-2022-Honnavar1 202,,,,,,,,,,MMI-later,14.26806627,74.42947151,95,FALSE,,67,FALSE,,
9,474,22,6,2022,Goa,False Killer Whale,False killer whale,,,Candolim,,,,"15.5190500214266, 73.762220597513915.51905002142667, 73.76222059751397","15.51905002142667, 73.76222059751397",,,C,2,,,Whatsapp,15.51905002,73.7622206,96,TRUE,97,1694,FALSE,,
1759,475,22,6,2022,Goa,False killer whale,False killer whale,"15.5132912811406, 73.7637957189932","False killer whale calf, Necropsy by Reefwatch found roundworms in the stool which was charcoal black, Tiny cycts on the intestines filled with thin roundworms, ID of species done based on dorsal fin, flipper whale, melon shape, Patterns found on body t",,,http://www.marinemammals.in/submit-record/15-12-2022-PC Goa 2022-06-22 at 7.58.38 PM.jpeg http://www.marinemammals.in/submit-record/15-12-2022-PS Goa 2022-06-22 at 7.57.45 PM.jpeg http://www.marinemammals.in/submit-record/15-12-2022-PC Goa 2022-06-22 at,,,,,,,,,,MMI-later,15.51329128,73.76379572,97,FALSE,,68,FALSE,,
10,476,19,6,2022,Maharashtra,Humpback dolphin,Humpback dolphin,,,Juhu,,,,"19.100792234282, 72.824977556231519.100792234282057, 72.82497755623159","19.100792234282057, 72.82497755623159",,,C,3a,,,Whatsapp,19.10079223,72.82497756,98,TRUE,99,1695,FALSE,,
1760,477,19,6,2022,Maharashtra,Indian Ocean humpback dolphin,Humpback dolphin,"19.1061813208802, 72.8232267363103","total length 120cm - iohd calf, external injuries and fetal curves",,,http://www.marinemammals.in/submit-record/15-12-2022-IOHD juhu 2 2022-06-19 at 2.08.52 PM.jpeg http://www.marinemammals.in/submit-record/15-12-2022-IOHD juhu 2022-06-19 at 2.08.53 PM.jpeg,,,,,,,,,,MMI-later,19.10618132,72.82322674,99,FALSE,,69,FALSE,,
1761,478,9,6,2022,Karnataka,Indo-Pacific finless porpoise,Indo-Pacific finless porpoise,"14.8307977880503, 74.1242087283095","dead adult female washed ashore, has scars on the body, code 2",,,http://www.marinemammals.in/submit-record/15-12-2022-Karwar 2022-06-09 at 6.28.28 PM.mp4,,,,,,,,,,MMI-later,14.83079779,74.12420873,100,FALSE,,70,FALSE,,
11,479,8,6,2022,Maharashtra,Indo-Pacific finless porpoise,Indo-Pacific finless porpoise,"19.1054401397705, 72.8238677978515",,,,,,"19.1054401397705, 72.8238677978515","19.1054401397705, 72.8238677978515",,,C,3a,,,Whatsapp,19.10544014,72.8238678,101,TRUE,102,1696,FALSE,,
1762,480,8,6,2022,Maharashtra,Indo-Pacific finless porpoise,Indo-Pacific finless porpoise,"19.1055706286104, 72.823402998072","Code 3 finless porpoise adult, pictures available",,,http://www.marinemammals.in/submit-record/16-12-2022-Fp2 Juhu June 2022.jpg http://www.marinemammals.in/submit-record/16-12-2022-FP1 Juhu june 2022.jpg,,,,,,,,,,MMI-later,19.10557063,72.823403,102,FALSE,,71,FALSE,,
12,481,6,6,2022,Kerala,Humpback dolphin,Humpback dolphin,,,Kannur,,,,"11.8598070683971, 75.355791032994811.859807068397192, 75.35579103299483","11.859807068397192, 75.35579103299483",,,A,3a,,,Whatsapp,11.85980707,75.35579103,103,TRUE,104,1697,FALSE,,
1763,482,5,6,2022,Kerala,Indian Ocean humpback dolphin,Humpback dolphin,"11.8695941980632, 75.3520004548058","A male adult dolphin with a huge dorsal fin hump and creases / folds of skin washed ashore on Kannur beach, It was buried and perhaps post mortem was done by the local FD, Code 3",,,http://www.marinemammals.in/submit-record/16-12-2022-Kunnur 4 2022-06-06 at 11.58.03 AM.jpeg http://www.marinemammals.in/submit-record/16-12-2022-Kunnur 3 2022-06-06 at 11.58.02 AM.jpeg http://www.marinemammals.in/submit-record/16-12-2022-Kunnur 2 2022-0,,,,,,,,,,MMI-later,11.8695942,75.35200045,104,FALSE,,72,FALSE,,
13,483,2,6,2022,Maharashtra,Indo-Pacific finless porpoise,Indo-Pacific finless porpoise,,,Padamgad Malvan,,,,"16.04751250307, 73.464632303867916.04751250307007, 73.46463230386799","16.04751250307007, 73.46463230386799",,,C,4a,,,Whatsapp,16.0475125,73.4646323,105,TRUE,106,1698,FALSE,,
1764,484,2,6,2022,Maharashtra,Indo-Pacific finless porpoise,Indo-Pacific finless porpoise,"16.0467756441541, 73.4665958102527","code 4 finless porpoise male adult,",,,http://www.marinemammals.in/submit-record/16-12-2022-Padamgarh 3 2022-06-02 at 9.53.09 PM.jpeg http://www.marinemammals.in/submit-record/16-12-2022-Padamgarh 2 2022-06-02 at 9.53.09 PM.jpeg http://www.marinemammals.in/submit-record/16-12-2022-Padamgarh 2,,,,,,,,,,MMI-later,16.04677564,73.46659581,106,FALSE,,73,FALSE,,
14,485,1,6,2022,Maharashtra,Humpback dolphin,Humpback dolphin,,,Juhu,,,,"19.0990097029395, 72.82556298366819.099009702939536, 72.82556298366808","19.099009702939536, 72.82556298366808",,,A,3a,,,Whatsapp,19.0990097,72.82556298,107,FALSE,,74,FALSE,,
15,486,1,6,2022,Goa,Humpback dolphin,Humpback dolphin,,,Velsao beach,,,,"15.3545375209888, 73.88330124861615.354537520988838, 73.88330124861601","15.354537520988838, 73.88330124861601",,,SA,2,,,Whatsapp,15.35453752,73.88330125,108,TRUE,109,1699,FALSE,,
1765,487,1,6,2022,Goa,Indian Ocean humpback dolphin,Humpback dolphin,"15.3497875946505, 73.8856215859482","code 3 - sandy beach dead stranding,",,,http://www.marinemammals.in/submit-record/16-12-2022-Velsao Goa 2022-06-01 at 4.34.16 PM.jpeg,,,,,,,2,1,2,MMI-later,15.34978759,73.88562159,109,FALSE,,75,FALSE,,
1766,488,31,5,2022,Maharashtra,Indo-Pacific finless porpoise,Indo-Pacific finless porpoise,"19.4225560341369, 72.7553773081633",code 3 finless porpoise adult male washed ashore,,,http://www.marinemammals.in/submit-record/16-12-2022-Vasai 2022-06-03 at 10.55.06 AM.jpeg http://www.marinemammals.in/submit-record/16-12-2022-Vasai 2022-06-03 at 10.55.06 AM.jpeg http://www.marinemammals.in/submit-record/16-12-2022-Vasai 2022-06-03 at 1,,,,,,,,,,MMI-later,19.42255603,72.75537731,110,FALSE,,76,FALSE,,
16,489,30,5,2022,Maharashtra,Indo-Pacific finless porpoise,Indo-Pacific finless porpoise,"20.1087723489152, 72.7356998199541",No necropsy was done the forest staff buried the carcass,Bordi beach,,http://www.marinemammals.in/submit-record/03-06-2022-WhatsApp Image 2022-05-30 at 9.20.47 AM.jpeg,,"20.10877234891522, 72.73569981995415","20.10877234891522, 72.73569981995415",Bycatch,M,A,,,,MMI,20.10877235,72.73569982,111,FALSE,,77,FALSE,76,
1310,490,29,5,2022,Tamil Nadu,Dugong,Dugong,"10.2654074825482, 79.3082506317483","Adult dugong washed ashore - necropy carried out with WII research team,",,,http://www.marinemammals.in/submit-record/16-12-2022-Palk Bay1 2022-05-29 at 2.02.58 PM.jpeg http://www.marinemammals.in/submit-record/16-12-2022-Palk Bay 2022-05-29 at 2.02.58 PM.jpeg http://www.marinemammals.in/submit-record/16-12-2022-Palk bay 4 2022-,,,,,,,,,,MMI-later,,,112,FALSE,,78,FALSE,,
17,491,29,5,2022,Tamil Nadu,Indo-Pacific finless porpoise,Indo-Pacific finless porpoise,,,"Manora, Pall bay",,,,"10.2656424373209, 79.303508890720710.265642437320942, 79.30350889072075","10.265642437320942, 79.30350889072075",,,SA,3a,,,Whatsapp,10.26564244,79.30350889,113,FALSE,,79,FALSE,,
18,492,25,5,2022,Goa,Humpback dolphin,Humpback dolphin,,,Arrosim Beach,,,,"15.3363376898899, 73.891662032798515.336337689889913, 73.89166203279852","15.336337689889913, 73.89166203279852",,,SA,3a,,,Whatsapp,15.33633769,73.89166203,114,TRUE,115,1700,FALSE,,
1311,493,25,5,2022,Goa,Indian Ocean humpback dolphin,Humpback dolphin,"15.3317762543607, 73.8936265356465","L:2,85m, W:70cm, adult - code 2",,,http://www.marinemammals.in/submit-record/16-12-2022-Arossim 2022.png,,,,,,,3,3,5,MMI-later,15.33177625,73.89362654,115,FALSE,,80,FALSE,,
19,494,24,5,2022,Karnataka,Indo-Pacific finless porpoise,Indo-Pacific finless porpoise,,,Karwar,,,,"14.8275528945926, 74.124960805036514.827552894592651, 74.12496080503655","14.827552894592651, 74.12496080503655",,,C,3b,,,Whatsapp,14.82755289,74.12496081,116,TRUE,117,1701,FALSE,,
1312,495,24,5,2022,Karnataka,Indo-Pacific finless porpoise,Indo-Pacific finless porpoise,"14.8262715885222, 74.1252203198392",Code 3,,,http://www.marinemammals.in/submit-record/16-12-2022-Karwar 2022-05-24 at 12.35.41 PM.jpeg http://www.marinemammals.in/submit-record/16-12-2022-karwar2 2022-05-24 at 12.35.41 PM.jpeg http://www.marinemammals.in/submit-record/16-12-2022-Karwar3 2022-05-24,,,,,,,,,,MMI-later,14.82627159,74.12522032,117,FALSE,,81,FALSE,,
1313,496,24,5,2022,Goa,Indo-Pacific finless porpoise,Indo-Pacific finless porpoise,"15.2482039224749, 73.921030548376",Code 3,,,http://www.marinemammals.in/submit-record/16-12-2022-Benaulim Goa 2022-05-24 at 4.47.07 PM.jpeg,,,,,,,,,,MMI-later,15.24820392,73.92103055,118,FALSE,,82,FALSE,,
20,497,19,5,2022,Kerala,Humpback dolphin,Humpback dolphin,,,andhakaranazhi Kerala,,,,"9.74807811682761, 76.28341712696029.748078116827612, 76.28341712696022","9.748078116827612, 76.28341712696022",,,SA,5,,,Whatsapp,9.748078117,76.28341713,119,TRUE,120,1702,FALSE,,
1314,498,19,5,2022,Kerala,Indo-Pacific humpback dolphin,Humpback dolphin,"9.71268101976513, 76.2872791539094",code 4 delphinid,,,http://www.marinemammals.in/submit-record/16-12-2022-IPHD Kerala 2022-05-19 at 10.21.59 AM.mp4,,,,,,,,,,MMI-later,9.71268102,76.28727915,120,FALSE,,83,FALSE,,
21,499,17,5,2022,Goa,Humpback dolphin,Humpback dolphin,,,"Varca, Goa",,,,"15.2188750296083, 73.929440670596915.218875029608368, 73.92944067059693","15.218875029608368, 73.92944067059693",,,C,3b,,,Whatsapp,15.21887503,73.92944067,121,TRUE,122,1703,FALSE,,
1315,500,17,5,2022,Goa,Indian Ocean humpback dolphin,Humpback dolphin,"15.2214880996829, 73.9282829548422","IOHD sub adult washed ashore in code 3 condition,",,,http://www.marinemammals.in/submit-record/16-12-2022-Varca1 2022-05-17 at 7.42.42 AM.jpeg,,,,,,,3,2,4,MMI-later,15.2214881,73.92828295,122,FALSE,,84,FALSE,,
22,501,16,5,2022,Tamil Nadu,Indo-Pacific finless porpoise,Indo-Pacific finless porpoise,,,"Muthialpet, Pondicherry",,,,"11.9552020912516, 79.840285646013611.955202091251671, 79.84028564601361","11.955202091251671, 79.84028564601361",Bite marks?,,C,2,,,Whatsapp,11.95520209,79.84028565,123,FALSE,,85,FALSE,,
23,502,16,5,2022,Tamil Nadu,Indo-Pacific finless porpoise,Indo-Pacific finless porpoise,,,Vaithikuppam,,,,"11.9471331875433, 79.838352463884611.947133187543347, 79.83835246388462","11.947133187543347, 79.83835246388462",,,C,2,,,Whatsapp,11.94713319,79.83835246,124,TRUE,123,1704,FALSE,,
1316,503,16,5,2022,Pondicherry,Indo-Pacific finless porpoise,Indo-Pacific finless porpoise,"11.9849761248262, 79.8489733453405","fresh code 2 finless porpoise washed ashore, forest dept buried the same after necropsy",,,http://www.marinemammals.in/submit-record/16-12-2022-Pondicherry 2022-05-17 at 8.34.20 AM.jpeg,,,,,,,,,,MMI-later,,,125,FALSE,,86,FALSE,,
1317,504,15,5,2022,Gujarat,Bryde's whale,Bryde's whale,"21.0394488840689, 72.7216540333656",Code 3 carcass of a adult brydes whale,,,http://www.marinemammals.in/submit-record/16-12-2022-Mangrol 2022-05-15 at 2.05.16 PM.mp4,,,,,,,,,,MMI-later,21.03944888,72.72165403,126,FALSE,,87,FALSE,,
24,505,15,5,2022,Maharashtra,Humpback dolphin,Humpback dolphin,,,"Tuss Khadi, Vasadi",,,,"19.4789541475699, 72.762398152853519.478954147569947, 72.76239815285356","19.478954147569947, 72.76239815285356",,,C,3a,,,Whatsapp,19.47895415,72.76239815,127,TRUE,,1705,FALSE,,
1318,506,15,5,2022,Maharashtra,Indian Ocean humpback dolphin,Humpback dolphin,,young dolphin washed ashore,,,http://www.marinemammals.in/submit-record/16-12-2022-Screenshot 2022-12-16 at 12.24.16 PM.png,,,,,,,,,,MMI-later,19.47895415,72.76239815,128,FALSE,,88,FALSE,,
25,507,30,4,2022,Goa,Indo-Pacific finless porpoise,Indo-Pacific finless porpoise,,,Patnem,,,,"14.9971986809991, 74.03352202322714.997198680999146, 74.03352202322704","14.997198680999146, 74.03352202322704",,,SA,3b,,,Whatsapp,14.99719868,74.03352202,129,TRUE,130,1706,FALSE,,
1319,508,30,4,2022,Goa,Indo-Pacific finless porpoise,Indo-Pacific finless porpoise,"14.9968259584089, 74.0331932379956",Code - 3,,,http://www.marinemammals.in/submit-record/16-12-2022-Patnem Goa 2022-04-30 at 8.10.39 AM.jpeg,,,,,,,3,2,4,MMI-later,14.99682596,74.03319324,130,FALSE,,89,FALSE,,
1320,509,27,4,2022,Maharashtra,Large-sized delphinid,Large-sized delphinid,"16.9892782225987, 73.2834906621868",Code 2 beaked whale most likely Deraniyagala or Blainvilles,,,http://www.marinemammals.in/submit-record/16-12-2022-Ratnagiri 3 2022-04-28 at 3.52.08 PM.jpeg http://www.marinemammals.in/submit-record/16-12-2022-Ratnagiri 2022-04-28 at 3.21.33 PM.jpeg,,,,,,,,,,MMI-later,16.98927822,73.28349066,131,FALSE,,90,FALSE,,
1321,510,25,4,2022,Gujarat,Indo-Pacific finless porpoise,Indo-Pacific finless porpoise,"20.4019308745077, 72.8266354335009",code 3 porpoise adult found by two zoologists,,,http://www.marinemammals.in/submit-record/16-12-2022-FP guj 2022-04-26 at 10.39.56 AM.jpeg http://www.marinemammals.in/submit-record/16-12-2022-Daman 2022-04-26 at 9.25.28 AM.jpeg,,,,,,,,,,MMI-later,20.40193087,72.82663543,132,FALSE,,91,FALSE,,
1322,511,25,4,2022,Unknown,Indo-Pacific finless porpoise,Indo-Pacific finless porpoise,,The carcass was decomposed,,,http://www.marinemammals.in/submit-record/09-10-2022-WhatsApp Image 2022-10-09 at 6.24.42 PM.jpeg http://www.marinemammals.in/submit-record/09-10-2022-WhatsApp Image 2022-10-09 at 6.25.03 PM.jpeg http://www.marinemammals.in/submit-record/09-10-2022-Whats,,,,,,,,,,MMI-later,,,133,FALSE,,92,FALSE,,
26,512,24,4,2022,Goa,Humpback dolphin,Humpback dolphin,,,Majorda,,,,"15.3107428177667, 73.901502463733515.310742817766723, 73.90150246373358","15.310742817766723, 73.90150246373358",,,C,2,,,Whatsapp,15.31074282,73.90150246,134,TRUE,135,1707,FALSE,,
1323,513,24,4,2022,Goa,Indian Ocean humpback dolphin,Humpback dolphin,"15.2910372180581, 73.90761140007",Code-2,,,http://www.marinemammals.in/submit-record/06-01-2023-IMG-20220424-WA0003.jpg,,,,,,,2,1,2,MMI-later,15.29103722,73.9076114,135,FALSE,,93,FALSE,,
27,514,23,4,2022,Goa,Humpback dolphin,Humpback dolphin,,,Benaulim,,,,"15.2621738745887, 73.916412350211515.262173874588795, 73.91641235021153","15.262173874588795, 73.91641235021153",,,SA,4,5,7,Whatsapp,15.26217387,73.91641235,136,FALSE,,94,TRUE,93,
28,515,23,4,2022,Goa,Humpback dolphin,Humpback dolphin,,,Velsao,,,,"15.3538294029447, 73.883720766218115.35382940294479, 73.88372076621813","15.35382940294479, 73.88372076621813",,,SA,4,5,8,Whatsapp,15.3538294,73.88372077,137,FALSE,,95,FALSE,,
29,516,23,4,2022,Goa,Humpback dolphin,Humpback dolphin,,,Zalor,,,,"15.2093190457291, 73.931985159463115.209319045729174, 73.93198515946312","15.209319045729174, 73.93198515946312",,,SA,3,2,4,Whatsapp,15.20931905,73.93198516,138,FALSE,,96,FALSE,,
30,517,18,4,2022,Maharashtra,Humpback dolphin,Humpback dolphin,,,Mahim beach near the old fort,,,,"19.0424191595715, 72.837943107859119.042419159571544, 72.83794310785913","19.042419159571544, 72.83794310785913",,,A,4a,,,Whatsapp,19.04241916,72.83794311,139,FALSE,,97,FALSE,,
1324,518,17,4,2022,Andhra Pradesh,Medium sized-delphinid,Medium sized-delphinid,"15.8484755803759, 80.5382596889637",Code-4,,,http://www.marinemammals.in/submit-record/11-01-2023-IMG-20220424-WA0014.jpg,,,,,,,,,,MMI-later,15.84847558,80.53825969,140,FALSE,,98,FALSE,,
1325,519,13,4,2022,Maharashtra,Bryde's whale,Bryde's whale,"18.2658296804778, 72.9380654694765","Code 2, Was reported months later on the network,",,,http://www.marinemammals.in/submit-record/15-12-2022-WhatsApp Image 2022-09-18 at 1.50.32 PM (1).jpeg http://www.marinemammals.in/submit-record/15-12-2022-WhatsApp Image 2022-09-18 at 1.50.33 PM.jpeg http://www.marinemammals.in/submit-record/15-12-2022-W,,,,,,,,,,MMI-later,18.26582968,72.93806547,141,FALSE,,99,FALSE,,
31,520,11,4,2022,Goa,Humpback dolphin,Humpback dolphin,,,Benaulim,,,,"15.258218752379, 73.917278478617615.25821875237907, 73.91727847861766","15.25821875237907, 73.91727847861766",,,A,3,4,6,Whatsapp,15.25821875,73.91727848,142,FALSE,,100,FALSE,,
32,521,10,4,2022,Goa,Humpback dolphin,Humpback dolphin,,,Benaulim,,,,"15.2553219959055, 73.918260090811215.25532199590554, 73.91826009081129","15.25532199590554, 73.91826009081129",,,A,4b,,,Whatsapp,15.255322,73.91826009,143,TRUE,142,1708,FALSE,,
33,522,10,4,2022,Maharashtra,Humpback dolphin,Humpback dolphin,,,Juhu beach,,,,"19.0950757727172, 72.826441124822819.095075772717248, 72.82644112482281","19.095075772717248, 72.82644112482281",,,A,3b,,,Whatsapp,19.09507577,72.82644112,144,FALSE,,101,FALSE,,
34,523,9,4,2022,Goa,Unidentified baleen whale,Unidentified baleen whale,,,"Baga, north goa",,,,"15.5585375975186, 73.749609824004715.558537597518635, 73.74960982400475","15.558537597518635, 73.74960982400475",,,,5,,,Whatsapp,15.5585376,73.74960982,145,FALSE,,102,FALSE,,
35,524,8,4,2022,Maharashtra,Humpback dolphin,Humpback dolphin,,,Worli sea face inside the HCC HDC coastal project site,,,,"18.9972467091492, 72.81040804844118.99724670914925, 72.81040804844108","18.99724670914925, 72.81040804844108",,,,,,,Whatsapp,18.99724671,72.81040805,146,FALSE,,103,FALSE,,
36,525,1,4,2022,Goa,Spinner dolphin,Spinner dolphin,,,Zalor beach,,,,"15.2070103038482, 73.932521601224815.207010303848215, 73.9325216012248","15.207010303848215, 73.9325216012248",,,,2,1,2,Whatsapp,15.2070103,73.9325216,147,FALSE,,104,FALSE,,
37,526,26,3,2022,Maharashtra,Humpback dolphin,Humpback dolphin,"19.0963, 72.8265",,,,,,"19.0963, 72.8265","19.0963, 72.8265",,,C,2,,,Whatsapp,19.0963,72.8265,148,TRUE,149,1709,FALSE,,
1326,527,26,3,2022,Maharashtra,Indian Ocean humpback dolphin,Humpback dolphin,"19.96365, 72.8265","Code 2, small, one deep penetrating wound above the pectoral fin",,,http://www.marinemammals.in/submit-record/03-01-2023-Juhu Beach mumbai-20220326-WA0002.jpg,,"19.96780, 72.71051","19.96780, 72.71051",,,,,,,MMI-later,19.96857503,72.71018058,149,FALSE,,105,FALSE,,Remapped
38,528,22,3,2022,Maharashtra,Unidentified baleen whale,Unidentified baleen whale,,,Nepean sea road,,,,"18.9583613932598, 72.798205686064818.95836139325981, 72.79820568606483","18.95836139325981, 72.79820568606483",,,,5,,,Whatsapp,18.95836139,72.79820569,150,FALSE,,106,FALSE,,
1327,529,2,3,2022,Andaman & Nicobar islands,Blue whale,Blue whale,,"Code-3 Blue Whale Carcass Whale Diglipur, March 03: A young blue whale measuring 12,2 meter long was washed ashore dead on Smith Island Beach of Diglipur on 2nd March 2022, As per report, Dr, Bhojane Nagnath Martand, Senior Veterinary Officer, Veterinar",,,http://www.marinemammals.in/submit-record/03-01-2023-North Andaman-20220303-WA0002.jpg http://www.marinemammals.in/submit-record/03-01-2023-North Andaman-20220303-WA0003.jpg,,,,,,,,,,MMI-later,13.31105774,93.07086357,151,FALSE,,107,FALSE,,
39,530,2,3,2022,Andaman & Nicobar islands,Bryde's Whale,Bryde's whale,,,"Ross island,  north andaman",,,,"13.311057739604, 93.070863571806613.311057739604017, 93.07086357180664","13.311057739604017, 93.07086357180664",,,,3b,,,Whatsapp,13.31105774,93.07086357,152,TRUE,,1710,FALSE,,
40,531,18,2,2022,Kerala,Humpback dolphin,Humpback dolphin,,,Kannur,,,,"11.8600115302003, 75.354970269427211.86001153020039, 75.35497026942726","11.86001153020039, 75.35497026942726",,,,5,,,Whatsapp,11.86001153,75.35497027,153,TRUE,,1711,FALSE,,
41,532,18,2,2022,Kerala,Indian Ocean humpback dolphin,Humpback dolphin,"10.00257, 76.0061","During a recent fishery cruise onboard FV,Sagar Harita, north to Kochi, we have spotted a single carcass of dolphin, As the upper hump of the animal was very prominent the carcass was identified as Indian Ocean humpback dolphin, The body was almost coup","N 10002’57,5” E076006’05,1” Off Kochi",,http://www.marinemammals.in/submit-record/19-02-2022-dophin dead.jpg http://www.marinemammals.in/submit-record/19-02-2022-dol.jpg,,"10.958, 76.08510.958, 76.085","10.958, 76.085",,,,,,,MMI,10.92384692,75.88327197,154,FALSE,,108,FALSE,,Remapped
42,533,12,2,2022,Maharashtra,Humpback dolphin,Humpback dolphin,,,"Velas, at the confluence of Savitri R. with Arabian sea",,,,"17.9674488402251, 73.029359996733317.967448840225117, 73.02935999673333","17.967448840225117, 73.02935999673333",,,,4a,,,Whatsapp,17.96744884,73.02936,155,FALSE,,109,FALSE,,
43,534,2,2,2022,Gujarat,Humpback dolphin,Humpback dolphin,"20.6973, 70.827",,,,,,"20.6973, 70.827","20.6973, 70.827",,,A,3b,,,Whatsapp,20.6973,70.827,156,FALSE,,110,FALSE,,
44,535,24,1,2022,Gujarat,Unidentified baleen whale,Unidentified baleen whale,"23.4554956, 68.5545","onlt photo available,","Golai village, gujarat",,http://www.marinemammals.in/submit-record/22-02-2022-UI Baleen whale- Golay- Gujarat - D Behera.png,,"23.4554956, 68.5545000","23.4554956, 68.5545000",,,,,,,MMI,23.44691192,68.52735799,157,FALSE,,111,FALSE,,Remapped
45,536,23,1,2022,Goa,Spinner dolphin,Spinner dolphin,,,Colva,,,,"15.2726977042145, 73.914123926055215.27269770421452, 73.91412392605528","15.27269770421452, 73.91412392605528",,M,A,3,,,Whatsapp,15.2726977,73.91412393,158,FALSE,,112,FALSE,,
46,537,9,1,2022,Andhra Pradesh,Indo-Pacific humpback dolphin,Humpback dolphin,"17.929385, 83.495013","Humpback dolphin An injury and hole was observed between blowhole and dorsal fin Snout to notch of tail fluke- 98\ Or 249cm Snout to anterior of dorsal fin- 42\"" Or 109cm Snout to tip of dorsalfin - 142cm Snout to posterior of dorsal fin- 159 CM Snout t",5 cm Maximum width of flipper- 14 cm Maximum length of flipper - 32cm Flipper tip to axila- 36 cm Dorsal fin height - 23cm Dorsal fin width- 39cm Maximum fluke span - 71cm Maximum width of flute - 23cm Girth of anus- 40 cm Girth at flipper end- 82 cm Gir,,http://www.marinemammals.in/submit-record/06-02-2022-IMG_20220109_085350.jpg http://www.marinemammals.in/submit-record/06-02-2022-IMG_20220109_085341.jpg,,"17.929385, 83.495013","17.929385, 83.495013",,,,,,,MMI,17.929385,83.495013,159,FALSE,,113,FALSE,,
47,538,9,1,2022,Andhra Pradesh,Indo-Pacific humpback dolphin,Humpback dolphin,,,"divis bridge, visakhapatnam",,,,"17.9266641717697, 83.491083460214217.92666417176978, 83.49108346021428","17.92666417176978, 83.49108346021428",,,,,,,Whatsapp,17.92666417,83.49108346,160,TRUE,159,1712,FALSE,,
48,539,6,1,2022,Goa,Humpback dolphin,Humpback dolphin,,,Candolim,,,,"15.5171168663807, 73.762832141122215.5171168663807, 73.76283214112229","15.5171168663807, 73.76283214112229",,,SA,2,1,2,Whatsapp,15.51711687,73.76283214,161,FALSE,,114,FALSE,,
49,540,11,12,2021,Tamil Nadu,Bryde's whale,Bryde's whale,"9.21062393166339, 78.7323874632875","The total length of the Animal was 11 meters, Half of the body was completely decayed, The mammal was noticed in the intertidal region and based on Photo Id it was identified as a Bryde's Whale,","It was located on the Southeast coast of Tamil Nadu, It was found in the Alagankulam region, This region is a sandy beach,",,http://www.marinemammals.in/submit-record/13-12-2021-Untitled-2 copy.jpg,,"9.21, 79.38459.2100, 79.3845","9.2100, 79.3845",,,,,,,MMI,9.21,79.3845,162,FALSE,,115,FALSE,,
1934,541,7,12,2021,Goa,Finless porpoise,Indo-Pacific finless porpoise,,,,,,,,,,,,,,,Terra,15.33673,73.89217,163,FALSE,,116,FALSE,,
1933,542,6,12,2021,Goa,Indian Ocean Humpback Dolphin,Humpback dolphin,,,,,,,,,,,,,,,Terra,15.17504579,73.94061848,164,FALSE,,117,FALSE,,
1932,543,4,12,2021,Goa,Unidentified cetacean,Small-sized delphinid,,,,,,,,,,,,,,,Terra,15.58349399,73.73679853,165,FALSE,,118,FALSE,,
50,544,24,11,2021,Maharashtra,Humpback dolphin,Humpback dolphin,,,Juhu,,,,"19.0940922755504, 72.826603743555119.094092275550402, 72.82660374355517","19.094092275550402, 72.82660374355517",Bycaught? Net marks,,C,1,,,Whatsapp,19.09409228,72.82660374,166,TRUE,167,1713,FALSE,,
1328,545,24,11,2021,Maharashtra,Indian Ocean humpback dolphin,Humpback dolphin,"19.1096075032851, 72.8228026859253","Code 2, young female still on mother's milk (milk found in the tract), entangled in fishing net, possible trauma shock, rake marks on the head,",,,http://www.marinemammals.in/submit-record/03-01-2023-JuhuBeach-20211124-WA0017.jpg http://www.marinemammals.in/submit-record/03-01-2023-JuhuBeach-20211124-WA0018.jpg http://www.marinemammals.in/submit-record/03-01-2023-JuhuBeach-20211124-WA0037.jpg,,,,,,,,,,MMI-later,19.1096075,72.82280269,167,FALSE,,119,FALSE,,
51,546,15,11,2021,Goa,Indo-Pacific finless porpoise,Indo-Pacific finless porpoise,,,Candolim,,,,"15.5185744876403, 73.762413716548115.518574487640391, 73.76241371654818","15.518574487640391, 73.76241371654818",,,,3b,,,Whatsapp,15.51857449,73.76241372,168,TRUE,169,1714,FALSE,,
1329,547,15,11,2021,Goa,Indo-Pacific finless porpoise,Indo-Pacific finless porpoise,"15.5172740927574, 73.7628026202588",Code - 3,,,http://www.marinemammals.in/submit-record/05-01-2023-CandolimBeach Goa-20211115-WA0020.jpg,,,,,,,3,3,5,MMI-later,15.51727409,73.76280262,169,FALSE,,120,FALSE,,
1931,548,8,11,2021,Goa,Indian Ocean Humpback Dolphin,Humpback dolphin,,,,,,,,,,,,,,,Terra,15.68313,73.70367,170,FALSE,,121,FALSE,,
52,549,8,11,2021,Goa,Indo-Pacific finless porpoise,Indo-Pacific finless porpoise,,,Benaulim,,,,"15.2556562390757, 73.918433316492515.255656239075746, 73.91843331649251","15.255656239075746, 73.91843331649251",,,,4,,,Whatsapp,15.25565624,73.91843332,171,FALSE,,122,FALSE,,
53,550,8,11,2021,Goa,Indo-Pacific finless porpoise,Indo-Pacific finless porpoise,,,Colva,,,,"15.2737876654212, 73.913838846087515.273787665421253, 73.91383884608757","15.273787665421253, 73.91383884608757",,,,5,,,Whatsapp,15.27378767,73.91383885,172,FALSE,,123,FALSE,,
1930,551,6,11,2021,Goa,Indian Ocean Humpback Dolphin,Humpback dolphin,,,,,,,,,,,,,,,Terra,14.96945,74.0435,173,FALSE,,124,FALSE,,
1262,552,6,11,2021,Andhra Pradesh,Risso's dolphin,Risso's dolphin,,,,,,,"17.7830092257505, 83.3851085787186",,,,,,,,MFIS June 2022,17.78300923,83.38510858,174,FALSE,,125,FALSE,,
54,553,9,10,2021,Kerala,Indo-Pacific finless porpoise,Indo-Pacific finless porpoise,,,Kasargod,,,,"12.5052050104561, 74.972111387062212.505205010456157, 74.97211138706224","12.505205010456157, 74.97211138706224",,,C,2,,,Whatsapp,12.50520501,74.97211139,175,FALSE,,126,FALSE,,
55,554,7,10,2021,Kerala,Bryde's whale,Bryde's whale,"9.67369069676826, 76.2906847215135",code 4,"Chertala, sandy shore, video",,http://www.marinemammals.in/submit-record/15-10-2021-VIDEO-2021-10-08-10-24-34.mp4,,"9.6734, 76.29059.6734, 76.2905","9.6734, 76.2905",,,,,,,MMI,9.6734,76.2905,176,TRUE,,1715,FALSE,,
56,555,6,10,2021,Kerala,Bryde's Whale,Bryde's whale,,,Kannur,,,,"11.8568477461414, 75.362139560264611.856847746141426, 75.36213956026461","11.856847746141426, 75.36213956026461",,,,,,,Whatsapp,11.85684775,75.36213956,177,TRUE,178,1716,FALSE,,
57,556,6,10,2021,Kerala,Bryde's whale,Bryde's whale,"11.8546187855892, 75.3865386578319",code 2 -,"Kannur, sandy beach; has fishing gear hanging from fluke",,http://www.marinemammals.in/submit-record/15-10-2021-PHOTO-2021-10-06-17-42-45.jpg,,"11.854, 75.387111.8540, 75.3871","11.8540, 75.3871",,,,,,,MMI,11.854,75.3871,178,FALSE,,127,FALSE,,
58,557,6,10,2021,Kerala,Unidentified baleen whale,Unidentified baleen whale,"11.5984135986117, 75.5777203384765",code 4,"Vadakara, rocky shores - totally decomposed",,http://www.marinemammals.in/submit-record/15-10-2021-PHOTO-2021-10-06-18-24-21.jpg,,"11.5981, 75.577711.5981, 75.5777","11.5981, 75.5777",,,,,,,MMI,11.5981,75.5777,179,TRUE,,1717,FALSE,,
1929,558,4,10,2021,Goa,Spinner dolphin,Spinner dolphin,,,,,,,,,,,,,,,Terra,14.99704136,74.03359671,180,TRUE,181,128,FALSE,,
59,559,2,10,2021,Goa,Spinner dolphin?,Spinner dolphin,,,Varca beach,,,,"15.2200552200015, 73.929097347869415.220055220001521, 73.92909734786943","15.220055220001521, 73.92909734786943",,,,,,,Whatsapp,15.22005522,73.92909735,181,FALSE,180,129,FALSE,,
60,560,29,9,2021,Goa,Humpback dolphin,Humpback dolphin,,,Colva,,,,"15.275364544728, 73.913251116382115.275364544728072, 73.91325111638211","15.275364544728072, 73.91325111638211",,,SA,3a,,,Whatsapp,15.27536454,73.91325112,182,TRUE,183,1718,FALSE,,
1330,561,29,9,2021,Goa,Indian Ocean humpback dolphin,Humpback dolphin,"15.2759657227911, 73.912820754323",Code-4,,,http://www.marinemammals.in/submit-record/06-01-2023-IMG-20210929-WA0006.jpg,,,,,,,3,3,6,MMI-later,15.27596572,73.91282075,183,FALSE,,130,FALSE,,
61,562,27,9,2021,Kerala,Bryde's whale,Bryde's whale,"9.31922526298721, 76.3765392528295","Code 4,","Thottappally, stranded on a rocky shore",,http://www.marinemammals.in/submit-record/15-10-2021-PHOTO-2021-09-28-11-58-26_2.jpg http://www.marinemammals.in/submit-record/15-10-2021-PHOTO-2021-09-28-11-58-26_1.jpg http://www.marinemammals.in/submit-record/15-10-2021-PHOTO-2021-09-28-11-58-26.jpg,,"9.3194, 76.37619.3194, 76.3761","9.3194, 76.3761",,,,,,,MMI,9.3194,76.3761,184,FALSE,,131,FALSE,,
62,563,26,9,2021,Goa,Humpback dolphin,Humpback dolphin,,,Majorda,,,,"15.3129776165998, 73.900548385368915.312977616599804, 73.90054838536892","15.312977616599804, 73.90054838536892",,,SA,3a,,,Whatsapp,15.31297762,73.90054839,185,TRUE,183,132,TRUE,130,
1263,564,22,9,2021,Andhra Pradesh,Long-beaked common dolphin,Long-beaked common dolphin,,,,,,,"18.6338737714047, 84.4097049990863",,,,,,,,MFIS June 2022,18.63387377,84.409705,186,FALSE,,133,FALSE,,
63,565,21,9,2021,Goa,Humpback dolphin,Humpback dolphin,,,Mobor beach,,,,"15.1535452959412, 73.945840898961715.153545295941246, 73.94584089896173","15.153545295941246, 73.94584089896173",,,SA,4a,,,Whatsapp,15.1535453,73.9458409,187,TRUE,188,1719,FALSE,,
1331,566,21,9,2021,Goa,Indian Ocean humpback dolphin,Humpback dolphin,"15.1563339053429, 73.9450879451834",Code-4,,,http://www.marinemammals.in/submit-record/05-01-2023-MoborBeach Goa-20210921-WA0012.jpg http://www.marinemammals.in/submit-record/05-01-2023-MoborBeach Goa-20210921-WA0013.jpg,,,,,,,3,3,5,MMI-later,15.15633391,73.94508795,188,FALSE,,134,FALSE,,
64,567,20,9,2021,Goa,Indo-Pacific finless porpoise,Indo-Pacific finless porpoise,,,Benaulim,,,,"15.2523137834445, 73.919819121942315.252313783444512, 73.91981912194233","15.252313783444512, 73.91981912194233",,M,,3,3,5,Whatsapp,15.25231378,73.91981912,189,FALSE,,135,FALSE,,
65,568,18,9,2021,Goa,Indo-Pacific finless porpoise,Indo-Pacific finless porpoise,,,"Baina beach, south goa",,,,"15.3889949039075, 73.806768368466315.38899490390751, 73.80676836846638","15.38899490390751, 73.80676836846638",,,SA,3b,,,Whatsapp,15.3889949,73.80676837,190,TRUE,192,1720,FALSE,,
1332,569,18,9,2021,Maharashtra,Indo-Pacific finless porpoise,Indo-Pacific finless porpoise,"16.3003929610205, 73.3999752906778",A calf with fetal folds,,,http://www.marinemammals.in/submit-record/19-07-2022-IMG-20210918-WA0014.jpg http://www.marinemammals.in/submit-record/19-07-2022-IMG-20210918-WA0015.jpg http://www.marinemammals.in/submit-record/19-07-2022-IMG-20210918-WA0016.jpg,,,,,,,,,,MMI-later,16.30039296,73.39997529,191,FALSE,,136,FALSE,,
1333,570,18,9,2021,Goa,Indo-Pacific finless porpoise,Indo-Pacific finless porpoise,"15.3940747229653, 73.8049531904221",length around 4 ft,,,http://www.marinemammals.in/submit-record/19-07-2022-IMG-20210918-WA0005.jpg http://www.marinemammals.in/submit-record/19-07-2022-IMG-20210918-WA0006.jpg,,,,,,C,2,0.5,1,MMI-later,15.39407472,73.80495319,192,FALSE,,137,FALSE,,
1334,571,17,9,2021,Maharashtra,Bryde's whale,Bryde's whale,"16.3003929610205, 73.3999752906778",length around 28 ft,,,http://www.marinemammals.in/submit-record/19-07-2022-IMG-20210917-WA0012.jpg http://www.marinemammals.in/submit-record/19-07-2022-IMG-20210917-WA0013.jpg http://www.marinemammals.in/submit-record/19-07-2022-IMG-20210917-WA0017.jpg http://www.marinemammal,,,,,,,,,,MMI-later,16.30039296,73.39997529,193,FALSE,,138,FALSE,,
66,572,17,9,2021,Maharashtra,Unidentified baleen whale,Unidentified baleen whale,,,Tambaldeg  Devdagad  taluka,,,,"16.2982249677971, 73.404415250820416.298224967797132, 73.40441525082043","16.298224967797132, 73.40441525082043",,,,5,,,Whatsapp,16.29822497,73.40441525,194,TRUE,193,1721,FALSE,,
67,573,16,9,2021,Maharashtra,Indo-Pacific finless porpoise,Indo-Pacific finless porpoise,,,Malvan Jetty,,,,"16.0549165317261, 73.463579846175516.054916531726143, 73.4635798461755","16.054916531726143, 73.4635798461755",Bite marks?,,C,2,,,Whatsapp,16.05491653,73.46357985,195,TRUE,196,1722,FALSE,,
1335,574,16,9,2021,Maharashtra,Indo-Pacific finless porpoise,Indo-Pacific finless porpoise,"16.05545, 73.4644","length 65 cm, width 30 cm",,,http://www.marinemammals.in/submit-record/19-07-2022-IMG-20210916-WA0006.jpg,,,,,,,,,,MMI-later,16.05545,73.4644,196,FALSE,,139,FALSE,,
68,575,15,9,2021,Goa,Humpback dolphin,Humpback dolphin,,,Patnem,,,,"14.996888089304, 74.033658569190214.996888089304015, 74.03365856919024","14.996888089304015, 74.03365856919024",,,SA,3a,,,Whatsapp,14.99688809,74.03365857,197,TRUE,198,1723,FALSE,,
1336,576,15,9,2021,Goa,Indian Ocean humpback dolphin,Humpback dolphin,"14.9977015844147, 74.0327215153509","Code-4, a small individual possibly juvenile, melon swollen",,,http://www.marinemammals.in/submit-record/05-01-2023-PatnemBeach Goa-20210915-WA0015.jpg http://www.marinemammals.in/submit-record/05-01-2023-PatnemBeach Goa-20210915-WA0016.jpg http://www.marinemammals.in/submit-record/05-01-2023-PatnemBeach Goa-2021091,,,,,,C,2,0.5,1,MMI-later,14.99770158,74.03272152,198,FALSE,,140,FALSE,,
1337,577,15,9,2021,Andhra Pradesh,Indian Ocean humpback dolphin,Humpback dolphin,"15.40189, 87.37989","a subadult buried by FD, coordinates taken",,,http://www.marinemammals.in/submit-record/19-07-2022-IMG-20210913-WA0031.jpg http://www.marinemammals.in/submit-record/19-07-2022-IMG-20210915-WA0016.jpg http://www.marinemammals.in/submit-record/19-07-2022-IMG-20210915-WA0017.jpg http://www.marinemammal,,,,,,,,,,MMI-later,15.8154877,81.00285439,199,FALSE,,141,FALSE,,Remapped
69,578,12,9,2021,Kerala,Unidentified baleen whale,Unidentified baleen whale,"8.8739673981265, 76.5916837922754",Code 2,Kollam bach by the rocks,,http://www.marinemammals.in/submit-record/15-10-2021-PHOTO-2021-09-13-17-09-44_1.jpg http://www.marinemammals.in/submit-record/15-10-2021-PHOTO-2021-09-13-17-09-44.jpg,,"8.8738, 76.57558.8738, 76.5755","8.8738, 76.5755",,,,,,,MMI,8.8738,76.5755,200,FALSE,,142,FALSE,,
1265,579,11,9,2021,Andhra Pradesh,Indo-Pacific humpback dolphin,Humpback dolphin,,,,,,,"17.7830092257505, 83.3851085787186",,,,,,,,MFIS June 2022,17.78300923,83.38510858,201,FALSE,,143,FALSE,,
70,580,11,9,2021,Andhra Pradesh,Spinner dolphin,Spinner dolphin,,,"Rushikonda, Visakhaatnam",,,,"17.7835489271711, 83.385245324262217.783548927171115, 83.38524532426221","17.783548927171115, 83.38524532426221",,,A,4a,,,Whatsapp,17.78354893,83.38524532,202,TRUE,201,1724,FALSE,,
1338,581,11,9,2021,Andhra Pradesh,Spinner dolphin,Spinner dolphin,"17.7925399032675, 83.3910383506135","buried by FD, coordinates taken",,,http://www.marinemammals.in/submit-record/19-07-2022-IMG-20210911-WA0003.jpg,,,,,,,,,,MMI-later,17.7925399,83.39103835,203,TRUE,201,144,FALSE,,
71,582,9,9,2021,Goa,Indo-Pacific finless porpoise,Indo-Pacific finless porpoise,,,Colva,,,,"15.2751401206811, 73.913336826964115.275140120681172, 73.91333682696416","15.275140120681172, 73.91333682696416",,,C,2,,,Whatsapp,15.27514012,73.91333683,204,TRUE,205,1725,FALSE,,
1339,583,9,9,2021,Goa,Indo-Pacific finless porpoise,Indo-Pacific finless porpoise,"15.27611, 73.9192",length 65 cm,,,http://www.marinemammals.in/submit-record/19-07-2022-IMG-20210909-WA0004.jpg,,,,,,,2,0.5,1,MMI-later,15.27596572,73.91282075,205,FALSE,,145,FALSE,,
1266,584,8,9,2021,Tamil Nadu,Dugong,Dugong,,,,,,,"9.275, 79.1725",79.1725,,,,,,,MFIS March 2022,9.275,79.1725,206,FALSE,,146,FALSE,,
1340,585,7,9,2021,Goa,Small-sized delphinid,Small-sized delphinid,"15.35586, 73.887","length 150 cm, width 45 cm, code 3",,,,,,,,,,,,,MMI-later,15.35505806,73.88297577,207,FALSE,,147,FALSE,,
72,586,6,9,2021,West Bengal,Blue whale,Blue whale,,,Loyalganj char under Haripur G.P. of Namkhana,,,,"21.6917439618372, 87.784510276933921.691743961837215, 87.78451027693396","21.691743961837215, 87.78451027693396",,,,,,,Whatsapp,21.69174396,87.78451028,208,TRUE,,1726,FALSE,,
73,587,6,9,2021,Odisha,Blue whale,Blue whale,"21.5631303, 88.2595","A 57ft baleen whale with circumference of 22ft landed in Code 3, A female with swollen teats, Ventral pleats end just before navel, There was a bhekti net entangled around fluke and tail stock showing it was a post entanglement mortality, According to B","Forest Dept was present at the location,",,http://www.marinemammals.in/submit-record/09-09-2021-PHOTO-2021-09-06-18-56-20_1.jpg http://www.marinemammals.in/submit-record/09-09-2021-PHOTO-2021-09-06-17-46-34.jpg,,"21.5631303, 88.2595000","21.5631303, 88.2595000",,,,,,,MMI,21.56013138,88.26134626,209,FALSE,,148,FALSE,,
1341,588,6,9,2021,West Bengal,Unidentified baleen whale,Unidentified baleen whale,"21.7697564479311, 87.875176661605","Length 59 ft, entangled in nets and looks skinny, Probably a blue whale",,,,,,,,,,,,,MMI-later,21.76975645,87.87517666,210,TRUE,,1727,FALSE,,
74,589,5,9,2021,Andhra Pradesh,,,,,"Thimmapuram, Visakhapatnam, AP",,,,"17.8080825135379, 83.40719587976717.808082513537915, 83.40719587976707","17.808082513537915, 83.40719587976707",,,,,,,Whatsapp,17.80808251,83.40719588,211,FALSE,,149,FALSE,,
75,590,3,9,2021,Goa,Indian Ocean humpback dolphin,Humpback dolphin,"15.634896748828, 73.7211365625609","Found dead in the morning around 9:15am, was taken by KCIC and buried,",Morjim point 4 - via Amit and Marissia,,http://www.marinemammals.in/submit-record/08-07-2022-J.33.jpg,,"15.6345, 73.721215.6345, 73.7212","15.6345, 73.7212",,,,2,2,4,MMI,15.6345,73.7212,212,FALSE,,150,FALSE,,
1342,591,2,9,2021,Maharashtra,Indo-Pacific finless porpoise,Indo-Pacific finless porpoise,"19.10754, 72.8263","A decaying body with skin heavily peeled off, perhaps a calf",,,http://www.marinemammals.in/submit-record/19-07-2022-IMG-20210902-WA0018.jpg http://www.marinemammals.in/submit-record/19-07-2022-IMG-20210902-WA0020.jpg,,"19.109372, 72.823184","19.109372, 72.823184",,,,,,,MMI-later,19.109372,72.823184,213,FALSE,,151,FALSE,,Remapped
76,592,1,9,2021,Karnataka,Humpback dolphin,Humpback dolphin,,,Majali Karwar,,,,"14.8272428404169, 74.125028369699714.827242840416949, 74.12502836969979","14.827242840416949, 74.12502836969979",,,A,3a,,,Whatsapp,14.82724284,74.12502837,214,TRUE,215,1728,FALSE,,
1343,593,1,9,2021,Karnataka,Indian Ocean humpback dolphin,Humpback dolphin,"14.8252124029428, 74.1254449019441","Code-3, skin peeled off in a few places",,,http://www.marinemammals.in/submit-record/05-01-2023-Karwar Karnataka-20210901-WA0004 (1).jpg,,,,,,,,,,MMI-later,14.8252124,74.1254449,215,FALSE,,152,FALSE,,
77,594,1,9,2021,Odisha,Indo-Pacific finless porpoise,Indo-Pacific finless porpoise,,,Chilika,,,,"19.6406349151707, 85.458798689595119.640634915170796, 85.45879868959514","19.640634915170796, 85.45879868959514",,,A,4a,,,Whatsapp,19.64063492,85.45879869,216,FALSE,,153,FALSE,,
78,595,1,9,2021,Maharashtra,Indo-Pacific finless porpoise,Indo-Pacific finless porpoise,"20.0468, 72.7133",,,,,,"20.0468, 72.7133","20.0468, 72.7133",,,,5,,,Whatsapp,20.0468,72.7133,217,TRUE,218,1729,FALSE,,
79,596,1,9,2021,Maharashtra,Indo-Pacific finless porpoise,Indo-Pacific finless porpoise,"20.046851, 72.713387",the carcass was decompopsed,Chikhale beach Dahanu taluka,,http://www.marinemammals.in/submit-record/01-09-2021-WhatsApp Image 2021-09-01 at 6.58.42 PM.jpeg http://www.marinemammals.in/submit-record/01-09-2021-WhatsApp Image 2021-09-01 at 6.41.07 PM.jpeg,,"20.046851, 72.713387","20.046851, 72.713387",,,,,,,MMI,20.046851,72.713387,218,FALSE,,154,FALSE,,
1344,597,1,9,2021,Maharashtra,Indo-Pacific finless porpoise,Indo-Pacific finless porpoise,"20.04685, 046851 N 72",the carcass was decompopsed,,,http://www.marinemammals.in/submit-record/01-09-2021-WhatsApp Image 2021-09-01 at 6.58.42 PM.jpeg http://www.marinemammals.in/submit-record/01-09-2021-WhatsApp Image 2021-09-01 at 6.41.07 PM.jpeg,,"20.02978, 72.7153","20.02978, 72.7153",,,,,,,MMI-later,20.02978,72.7153,219,TRUE,"217, 218",1730,FALSE,,
80,598,31,8,2021,Odisha,Small-sized delphinid,Small-sized delphinid,"19.5127, 85.1984",,,,,,"19.5127, 85.1984","19.5127, 85.1984",,,A,3b,,,Whatsapp,19.5127,85.1984,220,TRUE,,155,FALSE,,
1346,599,23,8,2021,Tamil Nadu,Blue whale,Blue whale,"11.74804, 79.7713",a 14 ft long individual,,,http://www.marinemammals.in/submit-record/19-07-2022-IMG-20210823-WA0010.jpg,,,,,,,,,,MMI-later,11.74624076,79.78947317,221,FALSE,,156,FALSE,,
81,600,23,8,2021,Kerala,Small-sized delphinid,Small-sized delphinid,"10.4656515481295, 76.0616326928134","no data collected before burying, carcass was in code 3, only pictures attached here,","Found by a community member along the Thrissur coast,",,http://www.marinemammals.in/submit-record/15-10-2021-PHOTO-2021-08-23-19-07-48.jpg,,"10.4655, 76.057310.4655, 76.0573","10.4655, 76.0573",,,,,,,MMI,10.4655,76.0573,222,TRUE,,1731,FALSE,,
1345,601,23,8,2021,Kerala,Small-sized delphinid,Small-sized delphinid,"10.4495241175516, 76.0693979267386","A small decayed dolphin carcass, Perhaps a Humpback dolphin",,,http://www.marinemammals.in/submit-record/19-07-2022-IMG-20210823-WA0024.jpg,,,,,,,,,,MMI-later,10.44952412,76.06939793,223,FALSE,,157,FALSE,,
82,602,22,8,2021,Tamil Nadu,Unidentified baleen whale,Unidentified baleen whale,,,"Nochchikkadu Chithirapettai, near Cuddalore",,,,"11.6492445476808, 79.765636507856711.649244547680805, 79.76563650785673","11.649244547680805, 79.76563650785673",,,SA,3b,,,Whatsapp,11.64924455,79.76563651,224,TRUE,221,1732,FALSE,,
83,603,19,8,2021,Goa,Humpback dolphin,Humpback dolphin,,,Galjibaga,,,,"14.961120909606, 74.048388065567414.961120909606082, 74.04838806556742","14.961120909606082, 74.04838806556742",,M,A,3a,,,Whatsapp,14.96112091,74.04838807,225,TRUE,226,1733,FALSE,,
1347,604,19,8,2021,Goa,Indian Ocean humpback dolphin,Humpback dolphin,"14.9605002301276, 74.0484712226865","Code-3, Male",,,http://www.marinemammals.in/submit-record/05-01-2023-GalgibagaBeach Goa-20210819-WA0002.jpg http://www.marinemammals.in/submit-record/05-01-2023-GalgibagaBeach Goa-20210819-WA0003.jpg http://www.marinemammals.in/submit-record/05-01-2023-GalgibagaBeach Go,,,,,,,3,2,4,MMI-later,14.96050023,74.04847122,226,FALSE,,158,FALSE,,
1349,605,19,8,2021,Goa,Indian Ocean humpback dolphin,Humpback dolphin,"14.9624604803293, 74.0476865386001","Code 2, All other details with Reefwatch",,,,,,,,,,,,,MMI-later,14.96246048,74.04768654,227,TRUE,"225, 226",1734,FALSE,,
1348,606,19,8,2021,Goa,Indo-Pacific humpback dolphin,Humpback dolphin,"14.9605002301276, 74.0484712226865","A dead, bloated adult with skin peeling off",,,http://www.marinemammals.in/submit-record/19-07-2022-IMG-20210819-WA0002.jpg http://www.marinemammals.in/submit-record/19-07-2022-IMG-20210819-WA0003.jpg http://www.marinemammals.in/submit-record/19-07-2022-IMG-20210819-WA0004.jpg http://www.marinemammal,,,,,,,,,,MMI-later,14.96050023,74.04847122,228,TRUE,"225, 226, 227",1735,FALSE,,
84,607,13,8,2021,Maharashtra,Indo-Pacific finless porpoise,Indo-Pacific finless porpoise,"19.1075424, 72.8263","No measurements taken,","Dead porpoise washed ashore at Juhu beach, found by lifeguards on duty,",,http://www.marinemammals.in/submit-record/26-08-2021-WhatsApp Image 2021-08-13 at 10.49.21 AM.jpeg,,"19.1075424, 72.8263000","19.1075424, 72.8263000",,,,,,,MMI,19.1075424,72.8263,229,FALSE,,159,FALSE,,
85,608,11,8,2021,Goa,Humpback dolphin,Humpback dolphin,,,Arambol,,,,"15.6804635264007, 73.703557092293615.680463526400745, 73.70355709229365","15.680463526400745, 73.70355709229365",,,A,2,,,Whatsapp,15.68046353,73.70355709,230,TRUE,231,1736,FALSE,,
1350,609,11,8,2021,Goa,Indian Ocean humpback dolphin,Humpback dolphin,"15.6841258803617, 73.7033223137634",Code - 2,,,http://www.marinemammals.in/submit-record/05-01-2023-ArambolBeach Goa-20210811-WA0028.jpg http://www.marinemammals.in/submit-record/05-01-2023-ArambolBeach Goa-20210811-WA0029.jpg http://www.marinemammals.in/submit-record/05-01-2023-ArambolBeach Goa-2021,,,,,,,2,0.5,1,MMI-later,15.68412588,73.70332231,231,FALSE,,160,FALSE,,
1351,610,11,8,2021,Goa,Indian Ocean humpback dolphin,Humpback dolphin,"15.685123583819, 73.7029976926734","Code 2, 260cm length and 66cm girth,",,,,,,,,,,,,,MMI-later,15.68512358,73.70299769,232,TRUE,"230, 231",1737,FALSE,,
1352,611,10,8,2021,Goa,Indo-Pacific finless porpoise,Indo-Pacific finless porpoise,,"a just born calf,",,,,,,,,,,,,,MMI-later,,,233,FALSE,,161,FALSE,,
1928,612,5,8,2021,Goa,Finless porpoise,Indo-Pacific finless porpoise,,,,,,,,,,,,,,,Terra,15.51847629,73.76247018,234,FALSE,,162,FALSE,,
86,613,1,8,2021,Odisha,Cuvier's beaked whale,Cuvier's beaked whale,,,Bakkhali...under South 24 parganas,,,,"21.5569233117134, 88.263027463444721.556923311713447, 88.26302746344479","21.556923311713447, 88.26302746344479",,,SA,,,,Whatsapp,21.55692331,88.26302746,235,TRUE,236,1738,FALSE,,
87,614,1,8,2021,Odisha,Cuvier's beaked whale,Cuvier's beaked whale,"21.5631303, 88.2595","total length is 5,3m as per forest officials, Male, Some signs of fishing gear as seen in picture - linear parallel lines on right side of belly, Bleeding seen from the right eye, Linear mark on the left side of belly too, A bruise seen on the left bell",South 24 Pargana division Carcass was fresh,,http://www.marinemammals.in/submit-record/09-09-2021-PHOTO-2021-08-01-13-36-32.jpg http://www.marinemammals.in/submit-record/09-09-2021-PHOTO-2021-08-01-13-36-322.jpg,,"21.5631303, 88.2595000","21.5631303, 88.2595000",,,,,,,MMI,21.56129992,88.2571729,236,FALSE,,163,FALSE,,
1353,615,1,8,2021,Odisha,Cuvier's beaked whale,Cuvier's beaked whale,"21.56313, 88.2595",A female with no signs of plastic ingestion or pregnancy,,,,,,,,,,,,,MMI-later,21.56046525,88.25934305,237,TRUE,"235, 236",1739,FALSE,,
88,616,27,7,2021,Goa,Indian Ocean humpback dolphin,Humpback dolphin,"15.3135301639354, 73.8999988114186","Code 3, length 2m; girth 45cm - has a strange deforming with the posterier edge of the dorsal fin /hump extending over the tail stock too, see pictures,",Majorda beach - point 7 via Sarvesh Gawade,,http://www.marinemammals.in/submit-record/08-07-2022-J.29.1.jpg http://www.marinemammals.in/submit-record/08-07-2022-J.29.2.jpg http://www.marinemammals.in/submit-record/08-07-2022-J.29.3.jpg http://www.marinemammals.in/submit-record/08-07-2022-J.29.4.jp,,"15.3131, 73.899815.3131, 73.8998","15.3131, 73.8998",,,,4,4,6,MMI,15.3131,73.8998,238,FALSE,,164,FALSE,,
89,617,27,7,2021,Goa,Indian Ocean humpback dolphin,Humpback dolphin,,,Majorda,,,,"15.3086065906916, 73.902115799825115.308606590691648, 73.90211579982514","15.308606590691648, 73.90211579982514",,,,,,,Whatsapp,15.30860659,73.9021158,239,TRUE,238,1740,FALSE,,
1927,618,26,7,2021,Goa,Indian Ocean Humpback Dolphin,Humpback dolphin,,,,,,,,,,,,,,,Terra,15.45545,73.81355,240,FALSE,,165,FALSE,164,
90,619,26,7,2021,Goa,Indo-Pacific finless porpoise,Indo-Pacific finless porpoise,"15.5182908133448, 73.7625039605468","Code 3; approx length 2,5ft",Candolim beach point 6- washed ashore near pine tree shack via Gaurish Gaunekar,,http://www.marinemammals.in/submit-record/08-07-2022-J.27.1.jpg http://www.marinemammals.in/submit-record/08-07-2022-J.27.5.jpg http://www.marinemammals.in/submit-record/08-07-2022-J.27.2.jpg http://www.marinemammals.in/submit-record/08-07-2022-J.27.7.jp,,"15.5183, 73.762515.5183, 73.7625","15.5183, 73.7625",,,,3,2,4,MMI,15.5183,73.7625,241,FALSE,,166,FALSE,,
91,620,26,7,2021,Goa,Indo-Pacific finless porpoise,Indo-Pacific finless porpoise,"15.275234575046, 73.9130966275539","Code 4, Abdominal area is totally ripped open with exposed repro and dig organs Length and girth as noted seem to be wrong(length of 46cm) based on photos","Colva beach, point 6 via Rajendra",,http://www.marinemammals.in/submit-record/08-07-2022-J.25.8.jpg http://www.marinemammals.in/submit-record/08-07-2022-J.25.6.jpg http://www.marinemammals.in/submit-record/08-07-2022-J.25.4.jpg http://www.marinemammals.in/submit-record/08-07-2022-J.25.9.jp,,"15.2751, 73.912815.2751, 73.9128","15.2751, 73.9128",,,,,,,MMI,15.27527975,73.91330748,242,TRUE,,167,FALSE,,
92,621,26,7,2021,Goa,Indo-Pacific finless porpoise,Indo-Pacific finless porpoise,,,Candolim,,,,"15.5185124614135, 73.762424445383415.518512461413557, 73.76242444538342","15.518512461413557, 73.76242444538342",,,,,,,Whatsapp,15.51851246,73.76242445,243,TRUE,241,1741,FALSE,,
93,622,26,7,2021,Goa,Indo-Pacific finless porpoise,Indo-Pacific finless porpoise,,,Colva,,,,"15.2737640416711, 73.913863334825315.273764041671122, 73.9138633348253","15.273764041671122, 73.9138633348253",,,,,,,Whatsapp,15.27376404,73.91386333,244,TRUE,242,1742,FALSE,,
94,623,25,7,2021,Maharashtra,Humpback dolphin,Humpback dolphin,"16.9833, 73.2848",,,,,,"16.9833, 73.2848","16.9833, 73.2848",,M,SA,2,,,Whatsapp,16.98880978,73.28516662,245,FALSE,,168,FALSE,,
95,624,25,7,2021,Goa,Indian Ocean humpback dolphin,Humpback dolphin,"15.3497875946505, 73.8856215859482","Code 2 all other details with Manisha , Fishing net in the gut,","Velsao beach,",,http://www.marinemammals.in/submit-record/08-07-2022-PHOTO-2021-07-26-22-06-14.jpg http://www.marinemammals.in/submit-record/08-07-2022-J.24.jpg,,"15.3494, 73.885815.3494, 73.8858","15.3494, 73.8858",,,,2,0.5,1,MMI,15.3494,73.8858,246,FALSE,,169,FALSE,"164, 165, 166, 167, 168",
96,625,25,7,2021,Goa,Indian Ocean humpback dolphin,Humpback dolphin,,,Velsao beach,,,,"15.3570412086273, 73.882035246058415.357041208627383, 73.88203524605842","15.357041208627383, 73.88203524605842",,,,,,,Whatsapp,15.35704121,73.88203525,247,TRUE,246,1743,FALSE,,
1926,626,23,7,2021,Goa,Humpback Dolphin,Humpback dolphin,,,,,,,,,,,,,,,Terra,15.33673,73.89217,248,TRUE,246,1744,FALSE,,
1354,627,21,7,2021,Maharashtra,Indian Ocean humpback dolphin,Humpback dolphin,"16.98888, 73.27444","Code-2, length around 1,6m",,,http://www.marinemammals.in/submit-record/05-01-2023-Ratnagiri Maharashtra-20210725-WA0039.jpg http://www.marinemammals.in/submit-record/05-01-2023-Ratnagiri Maharashtra-20210725-WA0042.jpg http://www.marinemammals.in/submit-record/05-01-2023-Ratnagiri M,,,,,,,,,,MMI-later,16.98888,73.27444,249,TRUE,245,1745,FALSE,,
97,628,15,7,2021,Odisha,Spinner dolphin,Spinner dolphin,,,"Paradip coast, Odisha",,,,"20.2541695298345, 86.666511610992120.254169529834517, 86.66651161099219","20.254169529834517, 86.66651161099219",,,SA,2,,,Whatsapp,20.25416953,86.66651161,250,TRUE,251,1746,FALSE,,
1355,629,15,7,2021,Odisha,Spinner dolphin,Spinner dolphin,"20.25264, 86.6575","Description of dead Spinner Dolphin, Weight: 45 Kg, Lenth-5'9” Upper Teeth-39 pair Lower Teeth-46pair",,,http://www.marinemammals.in/submit-record/05-01-2023-Odisha-20210715-WA0004.jpg http://www.marinemammals.in/submit-record/05-01-2023-Odisha-20210715-WA0016.jpg http://www.marinemammals.in/submit-record/05-01-2023-Odisha-20210715-WA0017.jpg http://www.mar,,,,,,,,,,MMI-later,20.25132084,86.65747848,251,FALSE,,170,FALSE,,
98,630,12,7,2021,Goa,Indian Ocean humpback dolphin,Humpback dolphin,"15.1573147, 73.9462","Code 2, length: 2,3m and girth: 55cm, female, died due to ingestion of fishing net,",Mobor beach Point 3 via Avdhut,,http://www.marinemammals.in/submit-record/08-07-2022-J.20.9.jpg http://www.marinemammals.in/submit-record/08-07-2022-J.20.3.jpg http://www.marinemammals.in/submit-record/08-07-2022-J.20.13.jpg,,"15.1573147, 73.9462","15.1573147, 73.9462",,M,A,2,1,2,MMI,15.1573147,73.9462,252,FALSE,,171,FALSE,,
99,631,12,7,2021,Tamil Nadu,Unidentified baleen whale,Unidentified baleen whale,,,"Marakannam, Tamil Nadu",,,,"12.2175591390774, 79.984800676131912.217559139077405, 79.98480067613198","12.217559139077405, 79.98480067613198",,,,,,,Whatsapp,12.21755914,79.98480068,253,FALSE,,172,FALSE,,
100,632,12,7,2021,Goa,,,,,"Mobor, south goa",,,,"15.1560300137101, 73.945213035106715.156030013710176, 73.94521303510676","15.156030013710176, 73.94521303510676",,,,,,,Whatsapp,15.15603001,73.94521304,254,TRUE,252,1747,FALSE,,
1356,633,6,7,2021,Tamil Nadu,Dwarf sperm whale,Dwarf sperm whale,"9.935371, 79.158336","Lower jaws: right and left: 7 teeth, Pregnant female Compounder checked for pregnancy",,,http://www.marinemammals.in/submit-record/05-01-2023-TamilNadu-20210706-WA0003.jpg http://www.marinemammals.in/submit-record/05-01-2023-TamilNadu-20210706-WA0004.jpg http://www.marinemammals.in/submit-record/05-01-2023-TamilNadu-20210706-WA0017.jpg http:,,,,,,,,,,MMI-later,9.935371,79.158336,255,FALSE,,173,FALSE,,
101,634,6,7,2021,Tamil Nadu,Kogia sp,Dwarf sperm whale,"9.9353, 79.1583",,"Kumarappanvayal village, near Mimisal MPS, Pudukkottai district",,,,"9.9353, 79.1583","9.9353, 79.1583",Bycaught? Net marks,F,A,3a,,,Whatsapp,9.9353,79.1583,256,TRUE,255,1748,FALSE,,
102,635,5,7,2021,Goa,Indian Ocean humpback dolphin,Humpback dolphin,"15.2570626, 73.9187","length 1m, girth 1 ft, code 4",benaulim point 5 via Devendra Gaude,,http://www.marinemammals.in/submit-record/08-07-2022-PHOTO-2021-07-05-08-16-02.jpg http://www.marinemammals.in/submit-record/08-07-2022-PHOTO-2021-07-05-08-16-03.jpg,,"15.2570626, 73.9187","15.2570626, 73.9187",,,,3,2,3,MMI,15.2570626,73.9187,257,FALSE,,174,FALSE,,
103,636,5,7,2021,Goa,,,,,Benaulim,,,,"15.2601127638581, 73.917278478617615.260112763858183, 73.91727847861766","15.260112763858183, 73.91727847861766",,,,,,,Whatsapp,15.26011276,73.91727848,258,TRUE,257,1749,FALSE,,
104,637,2,7,2021,Goa,Indian Ocean humpback dolphin,Humpback dolphin,"14.9735477, 74.0643","Code 3 slight bloating, Female, Bleeding mouth","Galgibag beach via NV, Attended to by Dr Anisha",,http://www.marinemammals.in/submit-record/08-07-2022-PHOTO-2021-07-02-18-37-49.jpg http://www.marinemammals.in/submit-record/08-07-2022-PHOTO-2021-07-02-18-37-51.jpg,,"14.9735477, 74.0643","14.9735477, 74.0643",,,C,2,1,2,MMI,14.96651732,74.04575807,259,FALSE,,175,FALSE,,Remapped
105,638,30,6,2021,Odisha,Spinner dolphin,Spinner dolphin,,,paradip beach,,,,"20.2516732829863, 86.658100204168920.251673282986303, 86.65810020416892","20.251673282986303, 86.65810020416892",,,SA,3a,,,Whatsapp,20.25167328,86.6581002,260,TRUE,261,1750,FALSE,,
1357,639,30,6,2021,Odisha,Spinner dolphin,Spinner dolphin,"20.2525825293862, 86.662308928262","Code-3, around 48 pairs of teeth on the lower jaw",,,http://www.marinemammals.in/submit-record/05-01-2023-IMG-20210630-WA0012.jpg http://www.marinemammals.in/submit-record/05-01-2023-IMG-20210630-WA0009.jpg http://www.marinemammals.in/submit-record/05-01-2023-IMG-20210630-WA0014.jpg,,,,,,,,,,MMI-later,20.25258253,86.66230893,261,FALSE,,176,FALSE,,
106,640,30,6,2021,Goa,Spinner dolphin,Spinner dolphin,,,Galjibaga,,,,"14.9597319761445, 74.048913778493814.959731976144587, 74.04891377849388","14.959731976144587, 74.04891377849388",,,,,,,Whatsapp,14.95973198,74.04891378,262,FALSE,,177,FALSE,,
1925,641,22,6,2021,Goa,Humpback Dolphin,Humpback dolphin,,,,,,,,,,,,,,,Terra,15.45076,73.83778,263,FALSE,,178,FALSE,,
107,642,21,6,2021,Tamil Nadu,Unidentified baleen whale,Unidentified baleen whale,"11.9199667, 79.8766","Floating about 4,5km from shore, 25'-30' long, Male Greatly decomposed as can be seen in the video, Net (gill) entangled around the tail,","Spotted by Shaveer (+91 98201 07428) and other divers from Temple Adventure during their ride to the Temple Reef dive spot,",,http://www.marinemammals.in/submit-record/21-06-2021-2021-06-(21)-Baleen whale carcass floating in Pondy waters-WhatsApp Video from TA Divers.mp4,,"11.9199667, 79.8766000","11.9199667, 79.8766000",,,,,,,MMI,11.9199667,79.8766,264,FALSE,,179,FALSE,,
1923,643,20,6,2021,Goa,Finless porpoise,Indo-Pacific finless porpoise,,,,,,,,,,,,2,,,Terra,15.51789363,73.76262911,265,TRUE,268,1751,FALSE,,
1924,644,20,6,2021,Goa,Humback Dolphin,Humpback dolphin,,,,,,,,,,,,,,,Terra,15.29255,73.90794,266,FALSE,,180,FALSE,,
108,645,20,6,2021,Goa,Indo-Pacific finless porpoise,Indo-Pacific finless porpoise,,,Candolim,,,,"15.5176027412779, 73.76263902208815.517602741277958, 73.76263902208808","15.517602741277958, 73.76263902208808",,,C,2,,,Whatsapp,15.51760274,73.76263902,267,TRUE,"265, 268",1752,FALSE,,
109,646,20,6,2021,Goa,Indo-Pacific finless porpoise,Indo-Pacific finless porpoise,"15.5183307, 73.7652","Code 2, Calf, Attended by fd and wl rescuers, Post mortem conducted and buried,","Tower 1, Candolim beach",,http://www.marinemammals.in/submit-record/07-07-2022-J.17.3.jpg,,"15.5183307, 73.7652","15.5183307, 73.7652",,,,2,0.5,1,MMI,15.51801772,73.76257927,268,FALSE,,181,FALSE,,
1922,647,19,6,2021,Goa,Humback Dolphin,Humpback dolphin,,,,,,,,,,,,,,,Terra,15.64376,73.71776,269,FALSE,,182,FALSE,,
110,648,19,6,2021,Goa,Indian Ocean humpback dolphin,Humpback dolphin,"15.3725855, 73.8448","Code 3, ; length 5ft 10inches, girth 2ft 3inches -",Bogmalo beach via M H Gulabal,,http://www.marinemammals.in/submit-record/08-07-2022-PHOTO-2021-06-19-11-16-42.jpg http://www.marinemammals.in/submit-record/08-07-2022-PHOTO-2021-06-19-15-42-14.jpg,,"15.3725855, 73.8448","15.3725855, 73.8448",,,,4,6,8,MMI,15.36985265,73.8328536,270,FALSE,,183,FALSE,"178, 180, 181, 182",Remapped
1920,649,18,6,2021,Goa,Finless porpoise,Indo-Pacific finless porpoise,,,,,,,,,,,,,,,Terra,15.29255,73.90794,271,FALSE,,184,FALSE,,
1921,650,18,6,2021,Goa,Finless porpoise,Indo-Pacific finless porpoise,,,,,,,,,,,,,,,Terra,15.6206,73.73106,272,FALSE,,185,FALSE,,
1918,651,17,6,2021,Goa,Humback Dolphin,Humpback dolphin,,,,,,,,,,,,3,3,5,Terra,15.20768,73.93269,273,FALSE,,186,FALSE,,
1919,652,17,6,2021,Goa,Indian Ocean Humpback Dolphin,Humpback dolphin,,,,,,,,,,,,,,,Terra,15.6904238,73.70119965,274,FALSE,,187,FALSE,,
111,653,17,6,2021,Karnataka,Small-sized delphinid,Small-sized delphinid,,,chakreshwari temple Kodi,,,,"13.4748872581055, 74.688422784272213.474887258105548, 74.68842278427225","13.474887258105548, 74.68842278427225",Bycaught?,,,3b,,,Whatsapp,13.47488726,74.68842278,275,FALSE,,188,FALSE,,
112,654,17,6,2021,Goa,Spinner dolphin,Spinner dolphin,,,"Arambol beach, North Goa",,,,"15.6880191567131, 73.701314853691215.688019156713139, 73.70131485369123","15.688019156713139, 73.70131485369123",,,A,2,,,Whatsapp,15.68801916,73.70131485,276,TRUE,277,1753,FALSE,,
113,655,17,6,2021,Goa,Spinner dolphin,Spinner dolphin,"15.6846886, 73.7032","Code 2, Necroposy performed, Forest Department came and later buried",Arambol beach point 6 via Amit,,http://www.marinemammals.in/submit-record/07-07-2022-J.12.2.jpg http://www.marinemammals.in/submit-record/07-07-2022-J.12.4.jpg http://www.marinemammals.in/submit-record/07-07-2022-J.12.3.jpg,,"15.6846886, 73.7032","15.6846886, 73.7032",,,,,,,MMI,15.6846886,73.7032,277,FALSE,,189,FALSE,"184, 185, 186, 187",
1917,656,15,6,2021,Goa,Finless porpoise,Indo-Pacific finless porpoise,,,,,,,,,,,,2,1,2,Terra,15.51960012,73.76198125,278,FALSE,,190,TRUE,"185, 186, 187, 189",
1915,657,14,6,2021,Goa,Finless porpoise,Indo-Pacific finless porpoise,,,,,,,,,,,,,,,Terra,15.28448818,73.91045319,279,FALSE,,191,TRUE,"186, 187, 189, 190",
114,658,14,6,2021,Goa,Humpback dolphin,Humpback dolphin,,,Mobor beach,,,,"15.1580298873, 73.94455377805915.158029887300028, 73.94455377805905","15.158029887300028, 73.94455377805905",,,,,,,Whatsapp,15.15802989,73.94455378,280,TRUE,282,1754,FALSE,,
1916,659,14,6,2021,Goa,Indian Ocean Humpback Dolphin,Humpback dolphin,,,,,,,,,,M,,3,2,4,Terra,15.35418426,73.8834957,281,FALSE,,192,FALSE,"187, 189, 190, 191",
115,660,14,6,2021,Goa,Indian Ocean humpback dolphin,Humpback dolphin,"15.1573147, 73.9462",Code 3,Mobor beach via AJ,,http://www.marinemammals.in/submit-record/07-07-2022-Screenshot 2022-07-07 at 4.57.10 PM.png http://www.marinemammals.in/submit-record/07-07-2022-J.5.7.jpg http://www.marinemammals.in/submit-record/07-07-2022-J.5.5.jpg,,"15.1573147, 73.9462","15.1573147, 73.9462",,,,2,1,2,MMI,15.15711512,73.94463731,282,FALSE,,193,TRUE,"189, 190, 191, 192",
116,661,12,6,2021,Goa,Humpback dolphin,Humpback dolphin,,,"Vainguinim, Goa",,,,"15.4554225875733, 73.813420662591915.455422587573326, 73.81342066259194","15.455422587573326, 73.81342066259194",,,,,,,Whatsapp,15.45542259,73.81342066,283,TRUE,284,1755,FALSE,,
117,662,12,6,2021,Goa,Indian Ocean humpback dolphin,Humpback dolphin,"15.4555962, 73.8134","Code 2, Had fishing net in its gut, measurements taken,","Vaiguinim beach,",,http://www.marinemammals.in/submit-record/07-07-2022-Screenshot 2022-07-07 at 4.49.43 PM.png http://www.marinemammals.in/submit-record/07-07-2022-PHOTO-2021-06-12-21-38-41.jpg,,"15.4555962, 73.8134","15.4555962, 73.8134",,,,3,3,5,MMI,15.4555962,73.8134,284,FALSE,,194,TRUE,"190, 191, 192, 193",
118,663,12,6,2021,Goa,Indian Ocean humpback dolphin,Humpback dolphin,,"Stranded Humpback Dolphin from Vainguinim Beach this morning, Post mortem done in the evening,","Vainguinim Beach, Pangim",,,,"15.4551409688161, 73.813636450333115.455140968816165, 73.81363645033314","15.455140968816165, 73.81363645033314",,,,,,,MMI,15.45514097,73.81363645,285,TRUE,,195,TRUE,"190, 191, 192, 193, 194",
119,664,11,6,2021,Goa,Indian Ocean humpback dolphin,Humpback dolphin,"15.545019, 73.75605","Code 4,",Calanguate beach point 5 via Ashwin Ghag,,http://www.marinemammals.in/submit-record/07-07-2022-J.3.jpg,,"15.545019, 73.75605","15.545019, 73.75605",,,,4,6,8,MMI,15.545019,73.75605,286,FALSE,,196,TRUE,"191, 192, 193, 194, 195",
1358,665,11,6,2021,Odisha,Irrawaddy dolphin,Irrawaddy dolphin,"19.7674439499744, 85.7462869322622",Dead animal,,,http://www.marinemammals.in/submit-record/22-07-2022-IMG-20210611-WA0009.jpg,,,,,,,,,,MMI-later,19.76744395,85.74628693,287,FALSE,,197,FALSE,,
120,666,11,6,2021,Goa,Medium sized-delphinid,Medium sized-delphinid,,"Code 4 Dolphin at Calangute 5 point, Samples collected, measurements taken, Spoken with FD, animal being buried,","Point 5, Calangute",,http://www.marinemammals.in/submit-record/03-11-2021-J.3.jpg,,"15.5465434241887, 73.753606136302915.546543424188739, 73.7536061363029","15.546543424188739, 73.7536061363029",,,,,,,MMI,15.54654342,73.75360614,288,TRUE,286,1756,FALSE,,
121,667,28,5,2021,Maharashtra,Indo-Pacific finless porpoise,Indo-Pacific finless porpoise,,,"Vadhvan, Maharashtra",,,,"19.8760698229025, 72.680648773889519.876069822902522, 72.68064877388952","19.876069822902522, 72.68064877388952",,,A,4a,,,Whatsapp,19.87606982,72.68064877,289,TRUE,290,1757,FALSE,,
1359,668,28,5,2021,Maharashtra,Indo-Pacific finless porpoise,Indo-Pacific finless porpoise,"19.8635443310557, 72.6708385298218",Stranded animal,,,http://www.marinemammals.in/submit-record/22-07-2022-IMG-20210528-WA0047.jpg,,,,,,,,,,MMI-later,19.86077689,72.67637628,290,FALSE,,198,FALSE,,
122,669,27,5,2021,Maharashtra,Spinner dolphin,Spinner dolphin,,,"Kelva beach, maharashtra",,,,"19.6107124820324, 72.730184120817719.61071248203243, 72.73018412081771","19.61071248203243, 72.73018412081771",Bycaught?,,SA,2,,,Whatsapp,19.61071248,72.73018412,291,FALSE,,199,FALSE,,
123,670,26,5,2021,Gujarat,Bryde's Whale,Bryde's whale,,,Nargol beach,,,,"20.224033508134, 72.745321765507920.22403350813406, 72.74532176550797","20.22403350813406, 72.74532176550797",,,,5,,,Whatsapp,20.22403351,72.74532177,292,FALSE,,200,TRUE,201,
1360,671,26,5,2021,Gujarat,Bryde's whale,Bryde's whale,"21.125422284874, 72.6195367055943","Info from Hitarth Tol, Surat",,,http://www.marinemammals.in/submit-record/22-07-2022-IMG-20210526-WA0037.jpg,,,,,,,,,,MMI-later,21.12542228,72.61953671,293,FALSE,,201,FALSE,,
1361,672,23,5,2021,Maharashtra,Small-sized delphinid,Small-sized delphinid,"15.8394739633862, 73.6314476281031",mosty likely to be Tursiops,,,http://www.marinemammals.in/submit-record/22-07-2022-IMG-20210523.jpeg,,,,,,,,,,MMI-later,15.83947396,73.63144763,294,FALSE,,202,FALSE,,
1362,673,22,5,2021,Karnataka,Indian Ocean humpback dolphin,Humpback dolphin,"12.8094023210759, 74.8414963584119","Stranded animal,",,,http://www.marinemammals.in/submit-record/22-07-2022-IMG-20210522-WA0021.jpg,,,,,,,,,,MMI-later,12.80940232,74.84149636,295,FALSE,,203,FALSE,,
124,674,22,5,2021,Karnataka,Small delphid,Small-sized delphinid,,,"Ullal, Mangalore",,,,"12.8083971062707, 74.842258503749912.808397106270705, 74.84225850374995","12.808397106270705, 74.84225850374995",,,,4b,,,Whatsapp,12.80839711,74.8422585,296,TRUE,295,1758,FALSE,,
125,675,19,5,2021,Andhra Pradesh,Sperm whale,Sperm whale,,,Antarvedi coast in East Godavari,,,,"16.3191145330339, 81.73856248848616.31911453303399, 81.73856248848602","16.31911453303399, 81.73856248848602",,,,4b,,,Whatsapp,16.31911453,81.73856249,297,TRUE,299,1759,FALSE,,
1913,676,18,5,2021,Goa,Finless porpoise,Indo-Pacific finless porpoise,,,,,,,,,,,,,,,Terra,15.51944335,73.76203724,298,TRUE,,204,FALSE,,
126,677,18,5,2021,Andhra Pradesh,Sperm whale,Sperm whale,"16.322676, 81.7303",Found Sperm whale dead and stranded with multiple points of damage,"Found at Antervedi struck on ghost nets on a sand dune recently formed between river and sea, Got information from local fihsermen",,http://www.marinemammals.in/submit-record/19-08-2021-WhatsApp Image 2021-05-20 at 19.05.23 (1).jpeg http://www.marinemammals.in/submit-record/19-08-2021-WhatsApp Image 2021-05-20 at 19.05.23.jpeg http://www.marinemammals.in/submit-record/19-08-2021-Whats,,"16.322676, 81.7303000","16.322676, 81.7303000",,,,,,,MMI,16.322676,81.7303,299,FALSE,,205,FALSE,,
127,678,18,5,2021,Goa,Spinner dolphin,Spinner dolphin,"14.9968861, 74.0335","Length 1,20m juvenile; curved fin; bruising on both sides A clean carcass, although there are a couple of tiny cuts that could be from monofilament but, they seem to be only on one side and not wrapping around the body, so may only be cuts from rocks or",Patnem beach via Vishal B,,http://www.marinemammals.in/submit-record/03-07-2022-P47.jpg http://www.marinemammals.in/submit-record/03-07-2022-P41.jpg http://www.marinemammals.in/submit-record/03-07-2022-P42.jpg http://www.marinemammals.in/submit-record/03-07-2022-P43.jpg http://www,,"14.9968861, 74.0335","14.9968861, 74.0335",,,,,,,MMI,14.9968861,74.0335,300,FALSE,,206,FALSE,204,
1914,679,18,5,2021,Goa,Unidentified cetacean,Small-sized delphinid,,,,,,,,,,,,,,,Terra,15.57920793,73.73805918,301,TRUE,303,1760,FALSE,,
128,680,18,5,2021,Goa,,,,,"Patnem,south goa",,,,"14.9976496763562, 74.033248931300614.997649676356211, 74.03324893130066","14.997649676356211, 74.03324893130066",,,,,,,Whatsapp,14.99764968,74.03324893,302,TRUE,300,1761,FALSE,,
129,681,17,5,2021,Goa,Small-sized delphinid,Small-sized delphinid,"15.5870776, 73.742",Code 4,Anjuna beach via Manisha Reefwatch,,http://www.marinemammals.in/submit-record/03-07-2022-P54.jpg,,"15.5870776, 73.742","15.5870776, 73.742",,,,,,,MMI,15.58622363,73.73604185,303,FALSE,,207,FALSE,"204, 206",
1912,682,13,5,2021,Goa,Indian Ocean Humpback Dolphin,Humpback dolphin,,,,,,,,,,,,,,,Terra,15.36931033,73.83367767,304,TRUE,,208,TRUE,209,
130,683,13,5,2021,Goa,Indian Ocean humpback dolphin,Humpback dolphin,"14.9780088, 74.0419","adult male, 2,5m",talpona via Major,,http://www.marinemammals.in/submit-record/03-07-2022-P30.jpg http://www.marinemammals.in/submit-record/03-07-2022-P31.jpg http://www.marinemammals.in/submit-record/03-07-2022-P32.jpg http://www.marinemammals.in/submit-record/03-07-2022-P34.jpg http://www,,"14.9780088, 74.0419","14.9780088, 74.0419",,,,3,2,4,MMI,14.9780088,74.0419,305,FALSE,,209,FALSE,,
131,684,9,5,2021,Goa,Indian Ocean humpback dolphin,Humpback dolphin,"15.5870776, 73.742","Code 4 Length 2,5, Breadth 0,6 m Too decomposed for post mortem",Anjuna beach via Umesh,,http://www.marinemammals.in/submit-record/03-07-2022-P28.jpg,,"15.5870776, 73.742","15.5870776, 73.742",,M,A,3,3,5,MMI,15.58622363,73.73604185,306,FALSE,,210,FALSE,,
132,685,5,5,2021,Goa,Indo-Pacific finless porpoise,Indo-Pacific finless porpoise,"15.3371889, 73.9036",length 1m,Arossim point 4 via MH Gulabal,,http://www.marinemammals.in/submit-record/03-07-2022-P27.jpg,,"15.3371889, 73.9036","15.3371889, 73.9036",,,,3,3,4,MMI,15.33540149,73.89242845,307,FALSE,,211,FALSE,,Remapped
133,686,4,5,2021,Goa,Indian Ocean humpback dolphin,Humpback dolphin,"14.9976384, 74.0411",Code 4,"Via Kashinath, Cape de Rama beach",,http://www.marinemammals.in/submit-record/03-07-2022-P26.jpg,,"14.9976384, 74.0411","14.9976384, 74.0411",,,,4,5,7,MMI,14.99531357,74.0341561,308,FALSE,,212,FALSE,,
1911,687,1,5,2021,Goa,Indian Ocean Humpback Dolphin,Humpback dolphin,,,,,,,,,,,,4,,,Terra,15.35447242,73.88294084,309,TRUE,310,1762,FALSE,,
134,688,1,5,2021,Goa,Indian Ocean humpback dolphin,Humpback dolphin,"15.3522594, 73.8962","2 Dolphins, Code 4 One is 2m and other 1,5m Smelling too much for the lifeguards to go close, buried on Panchayat's orders",Velsao point 2,,http://www.marinemammals.in/submit-record/03-07-2022-P21.jpg,,"15.3522594, 73.8962","15.3522594, 73.8962",,,A,3,2,4,MMI,15.35042823,73.88532503,310,FALSE,,213,FALSE,,Remapped
1363,689,30,4,2021,Tamil Nadu,Indo-Pacific finless porpoise,Indo-Pacific finless porpoise,"10.2790266234278, 79.3211551190062",Stranded finless porpoise,,,http://www.marinemammals.in/submit-record/04-07-2022-300421_Mallipatinam.jpeg,,,,,,,,,,MMI-later,10.27902662,79.32115512,311,FALSE,,214,FALSE,,
1910,690,29,4,2021,Goa,Indian Ocean Humpback Dolphin,Humpback dolphin,,,,,,,,,,,,3,,,Terra,15.35447242,73.88294084,312,TRUE,313,1763,FALSE,,
135,691,29,4,2021,Goa,Indian Ocean humpback dolphin,Humpback dolphin,"15.3522594, 73.8962","Code 3, Length 2,3m",Velsao point 3,,http://www.marinemammals.in/submit-record/03-07-2022-P20.jpg,,"15.3522594, 73.8962","15.3522594, 73.8962",,,,2,1,2,MMI,15.35081774,73.88510245,313,FALSE,,215,FALSE,,Remapped
136,692,26,4,2021,Maharashtra,Humpback dolphin,Humpback dolphin,,,Cuffe Parade,,,,"18.9185141456844, 72.81669898153418.918514145684465, 72.81669898153407","18.918514145684465, 72.81669898153407",,,A,4b,,,Whatsapp,18.91851415,72.81669898,314,TRUE,315,1764,FALSE,,
1364,693,26,4,2021,Maharashtra,Indian Ocean humpback dolphin,Humpback dolphin,"18.915115879908, 72.8086259514312",Stranded animal,,,http://www.marinemammals.in/submit-record/04-07-2022-260421_WCT.jpeg,,,,,,,,,,MMI-later,18.91511588,72.80862595,315,FALSE,,216,FALSE,,
137,694,25,4,2021,Goa,Indo-Pacific finless porpoise,Indo-Pacific finless porpoise,"15.2196968, 73.9494",Code 4,"Zalor beach, Orlim - reported Via Pinu Velip, Drishti life guards",,http://www.marinemammals.in/submit-record/03-07-2022-P19.jpg,,"15.2196968, 73.9494","15.2196968, 73.9494",,,,4,4,7,MMI,15.21671203,73.92971864,316,FALSE,,217,FALSE,,Remapped
138,695,24,4,2021,Goa,Indo-Pacific finless porpoise,Indo-Pacific finless porpoise,"15.2761178, 73.9192",Code 4,Colva beach- reported by lifeguards Drishti,,http://www.marinemammals.in/submit-record/03-07-2022-P17.jpg,,"15.2761178, 73.9192","15.2761178, 73.9192",,,,4,3,6,MMI,15.27705778,73.91283623,317,FALSE,,218,TRUE,217,
1909,696,20,4,2021,Goa,Indian Ocean Humpback Dolphin,Humpback dolphin,,,,,,,,,,,,,,,Terra,15.17557103,73.94050592,318,FALSE,,219,FALSE,,
1908,697,18,4,2021,Goa,Indian Ocean Humpback Dolphin,Humpback dolphin,,,,,,,,,,,,,,,Terra,15.54474857,73.75423306,319,FALSE,,220,FALSE,,
139,698,8,4,2021,Andhra Pradesh,Humpback dolphin,Humpback dolphin,,,Vizag,,,,"17.785421024074, 83.385940510615817.78542102407409, 83.3859405106158","17.78542102407409, 83.3859405106158",,,C,3b,,,Whatsapp,17.78542102,83.38594051,320,FALSE,,221,TRUE,222,
140,699,8,4,2021,Andhra Pradesh,Indian Ocean humpback dolphin,Humpback dolphin,"17.76515, 83.3562","Specimen of humpback dolphin found dead, Reasons for death not known,","At Sagar Nagar beach of Visakhapatnam district, Andhra Pradesh",,http://www.marinemammals.in/submit-record/04-06-2021-WhatsApp Image 2021-04-08 at 09.58.18.jpeg,,"17,7651566, 83.356200","17,7651566, 83.356200",,,,,,,MMI,17.76127969,83.36085012,321,FALSE,,222,FALSE,,
1264,700,8,4,2021,Andhra Pradesh,Indo-Pacific humpback dolphin,Humpback dolphin,,,,,,,"17.7612634375088, 83.3595366294631",,,,,,,,MFIS June 2022,17.76126344,83.35953663,322,TRUE,321,1765,FALSE,,
1907,701,30,3,2021,Goa,Finless porpoise,Indo-Pacific finless porpoise,,,,,,,,,,,,,,,Terra,15.54163535,73.75531244,323,TRUE,,223,TRUE,224,
141,702,30,3,2021,Goa,Small-sized delphinid,Small-sized delphinid,,,Patnem beach south goa,,,,"14.9964541111115, 74.033922851699614.99645411111159, 74.03392285169964","14.99645411111159, 74.03392285169964",,,,5,10,15,Whatsapp,14.99645411,74.03392285,324,FALSE,,224,FALSE,,
1906,703,29,3,2021,Goa,Finless porpoise,Indo-Pacific finless porpoise,,,,,,,,,,,,,,,Terra,15.33207165,73.89363729,325,FALSE,,225,FALSE,,
142,704,28,3,2021,Goa,Dwarf sperm whale,Dwarf sperm whale,,,Palolem,,,,"15.0095428152402, 74.023457074544815.009542815240225, 74.0234570745448","15.009542815240225, 74.0234570745448",,,,,,,Whatsapp,15.00954282,74.02345707,326,TRUE,327,1766,FALSE,,
1365,705,28,3,2021,Goa,Dwarf sperm whale,Dwarf sperm whale,"15.0054401809584, 74.0264280628112",Stranded animal,,,http://www.marinemammals.in/submit-record/04-07-2022-280321_Kogia.jpeg http://www.marinemammals.in/submit-record/04-07-2022-280321_Kogia2.jpeg http://www.marinemammals.in/submit-record/04-07-2022-280321_Kogia3.jpeg,,,,,,,,,,MMI-later,15.00544018,74.02642806,327,FALSE,,226,FALSE,,
1905,706,28,3,2021,Goa,Indian Ocean Humpback Dolphin,Humpback dolphin,,,,,,,,,,,A,4,5,8,Terra,15.35418426,73.8834957,328,FALSE,,227,FALSE,,
143,707,28,3,2021,Goa,Small-sized delphinid,Small-sized delphinid,"15.0099648, 74.0232","Female, adult Length 2m Had very engorged mammary glands with a milky fat exudate that looked like she was lactating before her death, Teeth present only in lower jaw, Very putrefied, category 4 Necropsy by Shantanu Kalambi",between Palolem tower 3 & 4,,http://www.marinemammals.in/submit-record/03-07-2022-P3.jpg,,"15.0099648, 74.0232","15.0099648, 74.0232",,,,,,,MMI,15.0099648,74.0232,329,TRUE,"326, 327",1767,FALSE,,
1904,708,26,3,2021,Goa,Indian Ocean Humpback Dolphin,Humpback dolphin,,,,,,,,,,,,,,,Terra,15.35418426,73.8834957,330,FALSE,,228,TRUE,227,
1903,709,20,3,2021,Goa,Unidentified cetacean,Small-sized delphinid,,,,,,,,,,,,,,,Terra,15.20066,73.93451,331,FALSE,,229,FALSE,,
144,710,17,3,2021,Goa,Indian Ocean humpback dolphin,Humpback dolphin,"15.4774686, 73.8121",Stranded animal,Drishti Network,,http://www.marinemammals.in/submit-record/02-07-2022-170321_Miramar.jpeg,,"15.4774686, 73.8121","15.4774686, 73.8121",,,,,,,MMI,15.47744735,73.80620142,332,FALSE,,230,FALSE,,
1902,711,16,3,2021,Goa,Finless porpoise,Indo-Pacific finless porpoise,,,,,,,,,,,,,,,Terra,15.63607608,73.72046209,333,TRUE,,231,FALSE,,
145,712,16,3,2021,Goa,Humpback dolphin,Humpback dolphin,,,"Japanese beach, South Goa",,,,"15.4049621581616, 73.786412169693815.404962158161643, 73.78641216969385","15.404962158161643, 73.78641216969385",,,A,4,6,9,Whatsapp,15.40496216,73.78641217,334,FALSE,,232,TRUE,230,
146,713,16,3,2021,Goa,Indo-Pacific finless porpoise,Indo-Pacific finless porpoise,,,Colva beach,,,,"15.2724329863092, 73.914174742539115.272432986309296, 73.91417474253915","15.272432986309296, 73.91417474253915",,,SA,2,1,2,Whatsapp,15.27243299,73.91417474,335,FALSE,,233,FALSE,,
147,714,16,3,2021,Goa,Indo-Pacific finless porpoise,Indo-Pacific finless porpoise,,,Miramar beach,,,,"15.4811441808614, 73.80645150120815.481144180861413, 73.80645150120809","15.481144180861413, 73.80645150120809",,,C,2,,,Whatsapp,15.48114418,73.8064515,336,TRUE,334,1768,FALSE,,
148,715,16,3,2021,Goa,Indo-Pacific finless porpoise,Indo-Pacific finless porpoise,"15.6242032544361, 73.7291009292418",Stranded animal,Source: Drishti Network,,http://www.marinemammals.in/submit-record/02-07-2022-160321_FP.jpeg,,"15.6245, 73.72715.6245, 73.7270","15.6245, 73.7270",,,,,,,MMI,15.62503597,73.72891582,337,TRUE,,234,TRUE,231,
149,716,10,3,2021,Goa,Humpback dolphin,Humpback dolphin,,,Arrosim beach,,,,"15.3317022807429, 73.893550307799615.331702280742931, 73.89355030779966","15.331702280742931, 73.89355030779966",,,,4,4,6,Whatsapp,15.33170228,73.89355031,338,FALSE,,235,FALSE,,
150,717,9,3,2021,Maharashtra,Indian Ocean humpback dolphin,Humpback dolphin,"19.0593512, 72.8218",Stranded animal,Source: Harshal Karve,,http://www.marinemammals.in/submit-record/02-07-2022-090321_HD.jpeg http://www.marinemammals.in/submit-record/02-07-2022-090321_HD2.jpeg http://www.marinemammals.in/submit-record/02-07-2022-090321_HDCarter.jpeg,,"19.0593512, 72.8218","19.0593512, 72.8218",,,,,,,MMI,19.05905594,72.82069332,339,FALSE,,236,TRUE,235,
151,718,6,3,2021,Tamil Nadu,Humpback dolphin,Humpback dolphin,,,Besant Nagar beach,,,,"13.001094758521, 80.27419175695413.001094758521013, 80.27419175695402","13.001094758521013, 80.27419175695402",,,SA,4a,,,Whatsapp,13.00109476,80.27419176,340,TRUE,341,1769,FALSE,,
1366,719,6,3,2021,Tamil Nadu,Small-sized delphinid,Small-sized delphinid,"12.9982393645292, 80.2727389292907",Stranded animal,,,http://www.marinemammals.in/submit-record/02-07-2022-060321_DolphinUnID.jpeg http://www.marinemammals.in/submit-record/02-07-2022-060321_DolphinUnID2.jpeg http://www.marinemammals.in/submit-record/02-07-2022-060321_DolphinUnID3.jpeg,,,,,,,,,,MMI-later,12.99823936,80.27273893,341,FALSE,,237,FALSE,,
1901,720,4,3,2021,Goa,Indian Ocean Humpback Dolphin,Humpback dolphin,,,,,,,,,,,,,,,Terra,15.58272357,73.73709859,342,FALSE,,238,FALSE,,
152,721,2,3,2021,Goa,Indo-Pacific finless porpoise,Indo-Pacific finless porpoise,"15.2416354170662, 73.9229429764533",Stranded animal,"Benaulim beach, Goa, Source: Drishti Network,",,http://www.marinemammals.in/submit-record/02-07-2022-020321_FP.jpeg,,"15.2416, 73.919515.2416, 73.9195","15.2416, 73.9195",,,,2,0.5,1,MMI,15.24158413,73.92235152,343,FALSE,,239,TRUE,238,
153,722,2,3,2021,Goa,,,,,"Benaulim beach, south Goa",,,,"15.2572717402346, 73.917509446192615.257271740234692, 73.91750944619262","15.257271740234692, 73.91750944619262",,,,,,,Whatsapp,15.25727174,73.91750945,344,TRUE,343,1770,FALSE,,
154,723,28,2,2021,Goa,Indo-Pacific finless porpoise,Indo-Pacific finless porpoise,"15.3337692859325, 73.8929390614631",Stranded animal,"Arossim beach, Goa, Finless porpoise, Source: Drishti Network",,http://www.marinemammals.in/submit-record/02-07-2022-280221_FP_Goa.jpeg,,"15.3338, 73.892315.3338, 73.8923","15.3338, 73.8923",,,,,,,MMI,15.3338,73.8923,345,TRUE,347,1771,FALSE,,
155,724,28,2,2021,Maharashtra,Indo-Pacific finless porpoise,Indo-Pacific finless porpoise,"18.9575963239531, 72.7968381466503","Finless porpoise,","Napean Sea Road, Mumbai, Source: Shaunak Modi",,http://www.marinemammals.in/submit-record/02-07-2022-280221_FP.jpeg,,"18.9576, 72.794718.9576, 72.7947","18.9576, 72.7947",,,,,,,MMI,18.9576,72.7947,346,FALSE,,240,FALSE,,
156,725,27,2,2021,Goa,Indo-Pacific finless porpoise,Indo-Pacific finless porpoise,,,arrosim beach,,,,"15.3328818365746, 73.893056781378915.332881836574636, 73.89305678137892","15.332881836574636, 73.89305678137892",,,,2,2,3,Whatsapp,15.33288184,73.89305678,347,FALSE,,241,FALSE,,
157,726,25,2,2021,Andhra Pradesh,Unidentified baleen whale,Unidentified baleen whale,,,20km off Vizag,,,,"17.6381735033551, 83.514740611498517.638173503355116, 83.51474061149858","17.638173503355116, 83.51474061149858",Carcass in sea,,,3a,,,Whatsapp,17.6381735,83.51474061,348,FALSE,,242,TRUE,243,
158,727,23,2,2021,Andhra Pradesh,Unidentified baleen whale,Unidentified baleen whale,"17.6868159, 83.2184","An unidentified baleen whale was spotted in sea by fishermen,","A dead baleen whale was observed in a video recorded by fishermen 20 kilometers into the sea from Visakhapatnam,",,http://www.marinemammals.in/submit-record/31-03-2021-IMG-20210225-WA0015-01.jpeg,,"17.6868159, 83.2184000","17.6868159, 83.2184000",,,,,,,MMI,17.6718861,83.29441007,349,FALSE,,243,FALSE,,Remapped
159,728,22,2,2021,Andaman & Nicobar islands,,,,,"Lalaji Bay, Long Island, Andamans",,,,"12.4049065664699, 92.944630008127712.404906566469908, 92.94463000812777","12.404906566469908, 92.94463000812777",,,,,,,Whatsapp,12.40490657,92.94463001,350,FALSE,,244,FALSE,,
160,729,14,2,2021,Kerala,Sousa plumbea,Humpback dolphin,,,Fort Kochi,,,,"9.96743478417092, 76.23992904144169.96743478417092, 76.2399290414416","9.96743478417092, 76.2399290414416",,,,,,,Whatsapp,9.967434784,76.23992904,351,FALSE,,245,FALSE,,
161,730,12,2,2021,Maharashtra,Indo-Pacific finless porpoise,Indo-Pacific finless porpoise,,,"Kashid Beach, Maharashtra",,,,"18.4455666923512, 72.902668747619418.445566692351232, 72.90266874761947","18.445566692351232, 72.90266874761947",,,SA,4a,,,Whatsapp,18.44556669,72.90266875,352,TRUE,353,1772,FALSE,,
1367,731,12,2,2021,Maharashtra,Indo-Pacific finless porpoise,Indo-Pacific finless porpoise,"18.4424713774121, 72.9032219718508",Code-4,,,http://www.marinemammals.in/submit-record/05-01-2023-IMG-20210212-WA0012.jpg http://www.marinemammals.in/submit-record/05-01-2023-IMG-20210212-WA0013.jpg http://www.marinemammals.in/submit-record/05-01-2023-IMG-20210212-WA0014.jpg http://www.marinemammal,,,,,,,,,,MMI-later,18.44247138,72.90322197,353,FALSE,,246,FALSE,,
1900,732,7,2,2021,Goa,Finless porpoise calf,Indo-Pacific finless porpoise,,,,,,,,,,,C,,,,Terra,15.29255,73.90794,354,FALSE,,247,FALSE,,
162,733,5,2,2021,Lakshadweep islands,Spinner dolphin,Spinner dolphin,,,Kavaratti,,,,"10.555268160333, 72.63691289556410.555268160333043, 72.636912895564","10.555268160333043, 72.636912895564",,,A,4a,,,Whatsapp,10.55526816,72.6369129,355,FALSE,,248,FALSE,,
162,734,4,2,2021,Lakshadweep islands,Spinner dolphin,Spinner dolphin,,,Kavaratti,,,,"10.555268160333, 72.63691289556410.555268160333043, 72.636912895564","10.555268160333043, 72.636912895564",,,A,4a,,,Whatsapp,10.55526816,72.6369129,355,FALSE,,248,FALSE,,
1899,735,30,1,2021,Goa,Unidentified cetacean,Small-sized delphinid,,,,,,,,,,,,,,,Terra,14.9973623,74.03344694,357,FALSE,,250,TRUE,251,
164,736,27,1,2021,Goa,Humpback dolphin,Humpback dolphin,,,Ashvem,,,,"15.6436675895456, 73.717262437322315.643667589545698, 73.71726243732239","15.643667589545698, 73.71726243732239",Bycaught?,,A,2,,,Whatsapp,15.64366759,73.71726244,358,TRUE,359,1773,FALSE,,
1368,737,27,1,2021,Goa,Indian Ocean humpback dolphin,Humpback dolphin,"15.634896748828, 73.7211365625609","Code - 2, Male, Scars possibly through large gill nets or trawlers",,,http://www.marinemammals.in/submit-record/05-01-2023-IMG-20210127-WA0016.jpg http://www.marinemammals.in/submit-record/05-01-2023-IMG-20210127-WA0017.jpg http://www.marinemammals.in/submit-record/05-01-2023-IMG-20210127-WA0019.jpg,,,,,,A,2,0.5,1,MMI-later,15.63489675,73.72113656,359,FALSE,,251,FALSE,,
1898,738,27,1,2021,Goa,Possibly Black fish,Large-sized delphinid,,,,,,,,,,,,,,,Terra,15.0114431,74.02077811,360,FALSE,,252,FALSE,,
165,739,21,1,2021,Andhra Pradesh,Indo-Pacific finless porpoise,Indo-Pacific finless porpoise,"17.930166, 83.496732","Approximately 100cm and within hightide range,","Got information from a local fisherman and a photo, Got a measured photo, but the specimen was already partially eaten by dogs, Documented by me",,http://www.marinemammals.in/submit-record/04-06-2021-WhatsApp Image 2021-01-21 at 18.24.58.jpeg http://www.marinemammals.in/submit-record/04-06-2021-WhatsApp Image 2021-01-21 at 17.05.03.jpeg,,"17.930166, 83.496732","17.930166, 83.496732",,,,,,,MMI,17.930166,83.496732,361,FALSE,,253,FALSE,,
166,740,20,1,2021,Maharashtra,,,,,"Bandstand, Bandra",,,,"19.0507604371397, 72.82071871694519.05076043713971, 72.82071871694502","19.05076043713971, 72.82071871694502",,,,,,,Whatsapp,19.05076044,72.82071872,362,FALSE,,254,FALSE,,
167,741,18,1,2021,Goa,,,,,"chapora bay, morjim",,,,"15.6068495848151, 73.740798742114215.606849584815183, 73.74079874211425","15.606849584815183, 73.74079874211425",,,,,,,Whatsapp,15.60684958,73.74079874,363,FALSE,,255,FALSE,254,
168,742,13,1,2021,Tamil Nadu,Stenella sp,Small-sized delphinid,,,"Sothikuppam, Cuddalore",,,,"11.6562826587303, 79.766794128333711.656282658730373, 79.76679412833374","11.656282658730373, 79.76679412833374",,,,3b,,,Whatsapp,11.65628266,79.76679413,364,FALSE,,256,FALSE,,
169,743,7,1,2021,Goa,,,,,Chapora bay,,,,"15.6071048499446, 73.739915285174615.607104849944687, 73.73991528517462","15.607104849944687, 73.73991528517462",,,,,,,Whatsapp,15.60710485,73.73991529,365,FALSE,,257,FALSE,,
170,744,6,1,2021,Tamil Nadu,Dugong,Dugong,,,"Vaalinokkam, Gulf of Mannar",,,,"9.15651039891109, 78.64596029022319.156510398911092, 78.64596029022313","9.156510398911092, 78.64596029022313",Bycaught?,,A,1,,,Whatsapp,9.156510399,78.64596029,366,TRUE,367,1774,FALSE,,
1369,745,6,1,2021,Tamil Nadu,Dugong,Dugong,"9.1861792306087, 78.6501189557418","Code-2, Caught and drowned in a large shore seine net",,,http://www.marinemammals.in/submit-record/05-01-2023-IMG-20210106-WA0001.jpg,,,,,,,,,,MMI-later,9.186179231,78.65011896,367,FALSE,,258,FALSE,,
1896,746,5,1,2021,Goa,Finless porpoise,Indo-Pacific finless porpoise,,,,,,,,,,,,3,2,4,Terra,15.29145629,73.90796617,368,FALSE,,259,FALSE,,
1897,747,5,1,2021,Goa,Spinner dolphin,Spinner dolphin,,,,,,,,,,,,,,,Terra,15.6904238,73.70119965,369,FALSE,,260,FALSE,,
171,748,5,1,2021,Goa,,,,,Betalbetim,,,,"15.2969151487788, 73.905128167559115.29691514877882, 73.90512816755914","15.29691514877882, 73.90512816755914",,,,,,,Whatsapp,15.29691515,73.90512817,370,TRUE,368,1775,FALSE,,
172,749,31,12,2020,Goa,Humpback dolphin,Humpback dolphin,,,Arambol,,,,"15.6840993533525, 73.703144048340515.684099353352517, 73.70314404834058","15.684099353352517, 73.70314404834058",,,A,3,2,3,Whatsapp,15.68409935,73.70314405,371,FALSE,,261,FALSE,,
173,750,26,12,2020,Maharashtra,Indo-Pacific finless porpoise,Indo-Pacific finless porpoise,,,Juhu beach,,,,"19.1009151667702, 72.824945032485119.100915166770232, 72.8249450324851","19.100915166770232, 72.8249450324851",,,C,3a,,,Whatsapp,19.10091517,72.82494503,372,FALSE,,262,FALSE,,
174,751,4,12,2020,Maharashtra,Indo-Pacific finless porpoise,Indo-Pacific finless porpoise,"17.1845294667352, 73.2535248627064",Length- around 4 feet Distance from shore- Observed in rocky inter tidal shore close to beach,Source- Personal observation Location- Tiwri port near malgund beach Ratnagiri MH,,http://www.marinemammals.in/submit-record/04-12-2020-DSCF5024.jpg http://www.marinemammals.in/submit-record/04-12-2020-DSCF5026.jpg,,"17.184, 73.250917.1840, 73.2509","17.1840, 73.2509",,,,,,,MMI,17.184,73.2509,373,FALSE,,263,FALSE,,
175,752,23,11,2020,Tamil Nadu,Indo-Pacific finless porpoise,Indo-Pacific finless porpoise,,,Kodiyakarai coast,,,,"10.274146055463, 79.822258386000310.274146055463012, 79.82225838600031","10.274146055463012, 79.82225838600031",,,SA,2,,,Whatsapp,10.27414606,79.82225839,374,FALSE,,264,FALSE,,
176,753,21,11,2020,West Bengal,Irrawaddy dolphin,Irrawaddy dolphin,,,Digha,,,,"21.6219443393718, 87.522628866540321.621944339371833, 87.52262886654039","21.621944339371833, 87.52262886654039",,,C,,,,Whatsapp,21.62194434,87.52262887,375,FALSE,,265,FALSE,,
177,754,16,11,2020,Tamil Nadu,Sperm whale,Sperm whale,,,Pazhayar coast,,,,"11.3573808445298, 79.835835626320711.35738084452985, 79.83583562632079","11.35738084452985, 79.83583562632079",,,,,,,Whatsapp,11.35738084,79.83583563,376,FALSE,,266,FALSE,,
1895,755,11,11,2020,Goa,Humpback dolphin,Humpback dolphin,,,,,,,,,,,,,,,Terra,15.4790541,73.80634748,377,FALSE,,267,FALSE,,
178,756,2,11,2020,Goa,Bottlenose dolphin,Bottlenose dolphin,,,Candolim beach,,,,"15.5201561501247, 73.761941647797915.520156150124734, 73.7619416477979","15.520156150124734, 73.7619416477979",,,C,3a,,,Whatsapp,15.52015615,73.76194165,378,TRUE,379,1776,FALSE,,
1370,757,2,11,2020,Goa,Indian Ocean humpback dolphin,Humpback dolphin,"15.5172740927574, 73.7628026202588","Code - 3, approx, - 1,4m",,,http://www.marinemammals.in/submit-record/05-01-2023-IMG-20201102-WA0028.jpg,,,,,,C,2,0.5,1,MMI-later,15.51727409,73.76280262,379,FALSE,,268,FALSE,,
179,758,27,10,2020,Maharashtra,Unidentified baleen whale,Unidentified baleen whale,,,"Munage, Sindhudurg",,,,"16.2357285472477, 73.42185290119916.235728547247763, 73.42185290119905","16.235728547247763, 73.42185290119905",,,,5,,,Whatsapp,16.23572855,73.4218529,380,TRUE,381,1777,FALSE,,
1371,759,27,10,2020,Maharashtra,Unidentified baleen whale,Unidentified baleen whale,"16.2312720312059, 73.4227691223956",Code - 4,,,http://www.marinemammals.in/submit-record/05-01-2023-IMG-20201027-WA0009.jpg http://www.marinemammals.in/submit-record/05-01-2023-IMG-20201027-WA0008.jpg,,,,,,,,,,MMI-later,16.23127203,73.42276912,381,FALSE,,269,FALSE,,
180,760,23,10,2020,Maharashtra,,,,"Baleen whale, estimated total length is 35 ft,","Received this record from local fishermen, No other information is available,",,http://www.marinemammals.in/submit-record/27-10-2020-PHOTO-2020-10-23-14-25-00.jpg http://www.marinemammals.in/submit-record/27-10-2020-PHOTO-2020-10-23-14-24-57.jpg,,,,,,,,,,MMI,,,382,FALSE,,270,FALSE,,
1893,761,18,10,2020,Goa,Finless porpoise,Indo-Pacific finless porpoise,,,,,,,,,,,,,,,Terra,15.62276646,73.72996138,383,FALSE,,271,FALSE,,
1894,762,18,10,2020,Goa,Finless porpoise,Indo-Pacific finless porpoise,,,,,,,,,,,C,3,2,3,Terra,15.29232184,73.90768202,384,FALSE,,272,FALSE,,
181,763,18,10,2020,Goa,,,,,"Betalbetim, south goa",,,,"15.2869560012572, 73.908676283429615.28695600125729, 73.90867628342966","15.28695600125729, 73.90867628342966",,,C,,,,Whatsapp,15.286956,73.90867628,385,TRUE,384,1778,FALSE,,
1892,764,16,10,2020,Goa,Humpback Dolphin,Humpback dolphin,,,,,,,,,,,,3,2,4,Terra,15.45077049,73.83741661,386,FALSE,,273,FALSE,,
182,765,16,10,2020,Tamil Nadu,Indo-Pacific finless porpoise,Indo-Pacific finless porpoise,"10.269946814899, 79.3110271377343","weight ~14 kg, Lengh = ~3,5 feet","Mallipattinam Fishing Harbour, Thanjavur District",,http://www.marinemammals.in/submit-record/19-10-2020-WhatsApp Image 2020-10-16 at 11.45.15 AM.jpeg http://www.marinemammals.in/submit-record/19-10-2020-WhatsApp Image 2020-10-16 at 11.45.16 AM.jpeg http://www.marinemammals.in/submit-record/19-10-2020-Wha,,"10.2693, 79.316310.2693, 79.3163","10.2693, 79.3163",,,,,,,MMI,10.27121534,79.31240482,387,FALSE,,274,FALSE,,
183,766,16,10,2020,Tamil Nadu,Sperm whale,Sperm whale,"10.279, 79.3215",,,,,,"10.279, 79.3215","10.279, 79.3215",,,C,2,,,Whatsapp,10.279,79.3215,388,FALSE,,275,FALSE,274,
1891,767,27,9,2020,Goa,Finless porpoise,Indo-Pacific finless porpoise,,,,,,,,,,,,,,,Terra,15.25890506,73.91813094,389,FALSE,,276,FALSE,,
1887,768,24,9,2020,Goa,Finless porpoise,Indo-Pacific finless porpoise,,,,,,,,,,,,3,2,4,Terra,15.25680625,73.91862734,390,FALSE,,277,TRUE,276,
1888,769,24,9,2020,Goa,Humpback Dolphin,Humpback dolphin,,,,,,,,,,,,3,3,4,Terra,15.21671203,73.92971864,391,FALSE,,278,FALSE,,
1889,770,24,9,2020,Goa,Humpback Dolphin,Humpback dolphin,,,,,,,,,,,,,,,Terra,15.64181,73.71912,392,FALSE,,279,FALSE,,
184,771,24,9,2020,Goa,Indo-Pacific finless porpoise,Indo-Pacific finless porpoise,,,"Varca beach,  south goa",,,,"15.2188129141413, 73.929419212926415.218812914141317, 73.92941921292645","15.218812914141317, 73.92941921292645",,,C,2,,,Whatsapp,15.21881291,73.92941921,393,TRUE,,280,TRUE,277,
1890,772,24,9,2020,Goa,Unidentified cetacean,Small-sized delphinid,,,,,,,,,,,,,,,Terra,15.58085294,73.73717994,394,TRUE,,281,FALSE,,
1886,773,22,9,2020,Goa,Finless porpoise,Indo-Pacific finless porpoise,,,,,,,,,,,,,,,Terra,15.29714853,73.90584771,395,TRUE,399,1779,FALSE,,
185,774,22,9,2020,Goa,Humpback dolphin,Humpback dolphin,,,"betalbetim beach, south goa",,,,"15.2881893578957, 73.908164843304115.288189357895737, 73.90816484330418","15.288189357895737, 73.90816484330418",,,C,2,0.5,1,Whatsapp,15.28818936,73.90816484,396,FALSE,,282,FALSE,,
186,775,22,9,2020,Goa,Indo-Pacific finless porpoise,Indo-Pacific finless porpoise,,,"mandrem beach, north goa",,,,"15.6686420695051, 73.709290590355215.668642069505175, 73.70929059035522","15.668642069505175, 73.70929059035522",,,C,2,0.5,1,Whatsapp,15.66864207,73.70929059,397,FALSE,,283,FALSE,,
1885,776,20,9,2020,Goa,Humpback Dolphin,Humpback dolphin,,,,,,,,,,,,2,,,Terra,15.6904238,73.70119965,398,TRUE,,284,FALSE,,
187,777,20,9,2020,Goa,Indo-Pacific finless porpoise,Indo-Pacific finless porpoise,,,"betalbetim beach, south goa",,,,"15.2983642732077, 73.904680657449315.298364273207762, 73.90468065744935","15.298364273207762, 73.90468065744935",Bite marks?,,C,2,0.5,1,Whatsapp,15.29836427,73.90468066,399,FALSE,,285,FALSE,,
188,778,13,9,2020,Maharashtra,Indo-Pacific finless porpoise,Indo-Pacific finless porpoise,,,"Aksa beach, Mumbai",,,,"19.1763354365456, 72.793772201501719.17633543654561, 72.79377220150175","19.17633543654561, 72.79377220150175",,,A,4a,,,Whatsapp,19.17633544,72.7937722,400,FALSE,,286,FALSE,,
189,779,11,9,2020,Odisha,Indo-Pacific finless porpoise,Indo-Pacific finless porpoise,"19.9321, 86.2896",,,,,,"19.9321, 86.2896","19.9321, 86.2896",,F,A,2,,,Whatsapp,19.9321,86.2896,401,TRUE,402,1780,FALSE,,
1372,780,11,9,2020,Odisha,Indo-Pacific finless porpoise,Indo-Pacific finless porpoise,"19.93218, 86.28966",Code-2,,,http://www.marinemammals.in/submit-record/06-01-2023-IMG-20200911-WA0027.jpg http://www.marinemammals.in/submit-record/06-01-2023-IMG-20200911-WA0025.jpg http://www.marinemammals.in/submit-record/06-01-2023-IMG-20200911-WA0023.jpg http://www.marinemammal,,,,,,,,,,MMI-later,19.93218,86.28966,402,FALSE,,287,FALSE,,
190,781,8,9,2020,Andhra Pradesh,Unidentified baleen whale,Unidentified baleen whale,,,"Ongole Coast, AP",,,,"15.465991644303, 80.201371275624915.465991644303083, 80.20137127562492","15.465991644303083, 80.20137127562492",,,,4b,,,Whatsapp,15.46599164,80.20137128,403,FALSE,,288,FALSE,,
191,782,7,9,2020,Maharashtra,Indian Ocean humpback dolphin,Humpback dolphin,"19.6967136, 72.7698",Dead stranding,"Vadrai beach, Palghar district, Maharashtra Reported by villagers, Shared by Bhushan Bhoir on Marine Respondents group,",,http://www.marinemammals.in/submit-record/07-09-2020-WhatsApp Image 2020-09-07 at 9.37.05 PM.jpeg http://www.marinemammals.in/submit-record/07-09-2020-WhatsApp Image 2020-09-07 at 9.37.06 PM.jpeg,,"19.671331351608213, 72.70877695022875","19.671331351608213, 72.70877695022875",,,,,,,MMI,19.67133135,72.70877695,404,FALSE,,289,FALSE,,Remapped
1250,783,4,9,2020,Tamil Nadu,Dugong,Dugong,,,,,,,"9.274886, 79.062368",79.062368,,,,,,,MFIS September 2020,9.274886,79.062368,405,FALSE,,290,FALSE,,
192,784,1,9,2020,Goa,Humpback dolphin,Humpback dolphin,,,Ashvem beach,,,,"15.6442801811391, 73.717203940086115.64428018113919, 73.71720394008611","15.64428018113919, 73.71720394008611",,,A,3,3,5,Whatsapp,15.64428018,73.71720394,406,FALSE,,291,FALSE,,
193,785,30,8,2020,Tamil Nadu,,,,,"Gulf of Mannar, near Valinokkam",,,,"9.15628675811681, 78.64523790414779.15628675811681, 78.64523790414779","9.15628675811681, 78.64523790414779",,,,,,,Whatsapp,9.156286758,78.6452379,407,FALSE,,292,FALSE,,
1884,786,29,8,2020,Goa,Finless porpoise,Indo-Pacific finless porpoise,,,,,,,,,,,,,,,Terra,15.25925842,73.91789537,408,FALSE,,293,FALSE,,
1883,787,29,8,2020,Goa,Unidentified cetacean,Small-sized delphinid,,,,,,,,,,,,,,,Terra,15.57582216,73.74005142,409,FALSE,,294,FALSE,,
194,788,29,8,2020,Maharashtra,,,,,Akshi Beach Alibaug,,,,"18.6264201116502, 72.882139341752418.62642011165026, 72.88213934175242","18.62642011165026, 72.88213934175242",,,,,,,Whatsapp,18.62642011,72.88213934,410,FALSE,,295,FALSE,"292, 293, 294",
195,789,29,8,2020,Goa,,,,,Morjim,,,,"15.6342481459443, 73.72146239279415.634248145944392, 73.721462392794","15.634248145944392, 73.721462392794",,,,,,,Whatsapp,15.63424815,73.72146239,411,TRUE,,296,TRUE,294,
1882,790,27,8,2020,Goa,Humpback Dolphin,Humpback dolphin,,,,,,,,,,,,,,,Terra,15.23159845,73.92551694,412,FALSE,,297,FALSE,,
1249,791,24,8,2020,Tamil Nadu,Dugong,Dugong,,,,,,,"9.273446, 78.996251",78.996251,,,,,,,MFIS September 2020,9.272611386,78.99575038,413,FALSE,,298,FALSE,,
1248,792,24,8,2020,Tamil Nadu,Spinner dolphin,Spinner dolphin,,,,,,,"9.1836111, 79.4061111",79.4061111,,,,,,,MFIS September 2020,9.1836111,79.4061111,414,FALSE,,299,FALSE,,
1881,793,18,8,2020,Goa,Finless porpoise,Indo-Pacific finless porpoise,,,,,,,,,,,,2,0.5,1,Terra,15.66715788,73.71019369,415,FALSE,,300,TRUE,301,
196,794,18,8,2020,Goa,Indo-Pacific finless porpoise,Indo-Pacific finless porpoise,,,"Betalbetim beach, south goa",,,,"15.2982409438594, 73.905096202551315.298240943859424, 73.9050962025513","15.298240943859424, 73.9050962025513",,M,A,2,,,Whatsapp,15.29824094,73.9050962,416,TRUE,417,1781,FALSE,,
1373,795,18,8,2020,Goa,Indo-Pacific finless porpoise,Indo-Pacific finless porpoise,"15.29262, 73.9078","Code-2 Length - 1,30m Breadth - 33cm",,,http://www.marinemammals.in/submit-record/06-01-2023-IMG-20200818-WA0015.jpg http://www.marinemammals.in/submit-record/06-01-2023-IMG-20200818-WA0016.jpg http://www.marinemammals.in/submit-record/06-01-2023-IMG-20200818-WA0017.jpg http://www.marinemammal,,,,,,,,,,MMI-later,15.29262,73.9078,417,TRUE,,301,FALSE,300,
197,796,18,8,2020,Karnataka,,,,,Padubidri (kadipatna) beach,,,,"13.1455911695127, 74.758804089894513.145591169512743, 74.7588040898945","13.145591169512743, 74.7588040898945",,,,,,,Whatsapp,13.14559117,74.75880409,418,FALSE,,302,FALSE,,
198,797,12,8,2020,Karnataka,Humpback dolphin,Humpback dolphin,"13.283164, 74.721509",,Shantanu,,,,"13.283164, 74.721509","13.283164, 74.721509",,,,5,,,Whatsapp,13.283164,74.721509,419,FALSE,,303,FALSE,,
199,798,9,8,2020,Maharashtra,Indian Ocean humpback dolphin,Humpback dolphin,"19.1095171, 72.8241","Juvenile dolphin washed ashore dead, One wound near the fluke, Total length 1,1m,",Informed by lifeguard who found it towards the northern end of the shore,,http://www.marinemammals.in/submit-record/13-08-2020-20200809_192434.jpg http://www.marinemammals.in/submit-record/13-08-2020-20200809_192621.jpg,,"19.1093, 72.8230","19.1093, 72.8230",,,,,,,MMI,19.1093,72.823,420,FALSE,,304,FALSE,,Remapped
200,799,9,8,2020,Maharashtra,,,,,Juhu,,,,"19.0946454934258, 72.826408601076319.09464549342585, 72.82640860107635","19.09464549342585, 72.82640860107635",,,C,,,,Whatsapp,19.09464549,72.8264086,421,TRUE,420,1782,FALSE,,
1880,800,7,8,2020,Goa,Humback Dolphin,Humpback dolphin,,,,,,,,,,,,,,,Terra,15.01133026,74.02102796,422,FALSE,,305,FALSE,,
201,801,2,8,2020,Tamil Nadu,Dugong,Dugong,,,"Valinokkam, gulf of mannar",,,,"9.15523934201011, 78.63737722203619.155239342010114, 78.63737722203612","9.155239342010114, 78.63737722203612",,,A,2,,,Whatsapp,9.155239342,78.63737722,423,TRUE,424,1783,FALSE,,
1374,802,2,8,2020,Tamil Nadu,Dugong,Dugong,"9.16208446863227, 78.6493198364462",Code-3,,,http://www.marinemammals.in/submit-record/06-01-2023-IMG-20200802-WA0026.jpg,,,,,,,,,,MMI-later,9.162084469,78.64931984,424,FALSE,,306,FALSE,,
202,803,24,7,2020,Goa,Bottlenose dolphin,Bottlenose dolphin,,,zalor beach in south goa,,,,"15.2107374082443, 73.931663294406115.210737408244329, 73.9316632944061","15.210737408244329, 73.9316632944061",,,C,2,,,Whatsapp,15.21073741,73.93166329,425,TRUE,426,1784,FALSE,,
1375,804,24,7,2020,Goa,Indian Ocean humpback dolphin,Humpback dolphin,"15.2072981256343, 73.9323731933808","Code-3, young individual",,,http://www.marinemammals.in/submit-record/06-01-2023-IMG-20200724-WA0038.jpg http://www.marinemammals.in/submit-record/06-01-2023-IMG-20200724-WA0037.jpg http://www.marinemammals.in/submit-record/06-01-2023-IMG-20200724-WA0036.jpg http://www.marinemammal,,,,,,C,2,0.5,1,MMI-later,15.20729813,73.93237319,426,FALSE,,307,FALSE,,
203,805,24,7,2020,Kerala,Unidentified baleen whale,Unidentified baleen whale,,,Thoppumpady Cochin,,,,"9.92909331368924, 76.24720559179279.929093313689249, 76.24720559179276","9.929093313689249, 76.24720559179276",,,,5,,,Whatsapp,9.929093314,76.24720559,427,FALSE,,308,FALSE,,
204,806,15,7,2020,Maharashtra,Humpback dolphin,Humpback dolphin,,,dyan bunder motagoan uttan dist.thane,,,,"19.231318716227, 73.06875017355919.231318716227044, 73.06875017355901","19.231318716227044, 73.06875017355901",,,,4b,,,Whatsapp,19.23131872,73.06875017,428,FALSE,,309,TRUE,310,
1376,807,15,7,2020,Maharashtra,Indian Ocean humpback dolphin,Humpback dolphin,"19.2812710508191, 72.7810599146991","Code-3, Male",,,,,,,,,,,,,MMI-later,19.28127105,72.78105991,429,FALSE,,310,FALSE,,
205,808,10,7,2020,Goa,Indian Ocean humpback dolphin,Humpback dolphin,,,colomb beach,,,,"15.0026233700593, 74.027091968576515.002623370059304, 74.0270919685765","15.002623370059304, 74.0270919685765",,,,3,3,4,Whatsapp,15.00262337,74.02709197,430,FALSE,,311,FALSE,,
1879,809,9,7,2020,Goa,Humpback Dolphin calf,Humpback dolphin,,,,,,,,,,,,,,,Terra,15.5197681,73.76202605,431,TRUE,,312,FALSE,,
206,810,29,6,2020,West Bengal,Bryde's Whale,Bryde's whale,,,Mandarmani,,,,"21.6678638189157, 87.715159525893721.667863818915745, 87.71515952589378","21.667863818915745, 87.71515952589378",,,,,,,Whatsapp,21.66786382,87.71515953,432,TRUE,433,1785,FALSE,,
207,811,29,6,2020,West Bengal,Bryde's whale,Bryde's whale,"21.6635619893837, 87.7073117305855","35 feet, as per news story, Skeleton would be displayed at MARC ZSI, as per Prasad Tudu,","Mandarmani beach, West Bengal Source: Prasad Tudu on facebook - https://www,facebook,com/story,php?story_fbid=310335136798830&id=100034670370859 NDTV: https://www,ndtv,com/india-news/35-foot-whale-washes-up-on-west-bengals-mandarmani-beach-2253850",,http://www.marinemammals.in/submit-record/28-08-2020-104559496_310334850132192_5292967496982823317_n-2.jpg http://www.marinemammals.in/submit-record/28-08-2020-106217513_310335106798833_4558415195348734637_n.jpg http://www.marinemammals.in/submit-record/,,"21.6533, 87.680421.6533, 87.6804","21.6533, 87.6804",,,,,,,MMI,21.6533,87.6804,433,FALSE,,313,FALSE,,
208,812,29,6,2020,West Bengal,Bryde's whale,Bryde's whale,"21.6650605753591, 87.7107271066381",Carcass washed ashore,Mandarmani beach,,http://www.marinemammals.in/submit-record/11-08-2020-Brydes_MandarmoniCoast_WestBengal_29062020.jpeg,,"21.6649, 87.71321.6649, 87.7130","21.6649, 87.7130",,,,,,,MMI,21.6649,87.713,434,TRUE,432,1786,FALSE,,
1377,813,29,6,2020,West Bengal,Bryde's whale,Bryde's whale,"21.6635619893837, 87.7073117305855","35 feet, as per news story, Skeleton would be displayed at MARC ZSI, as per Prasad Tudu,",,,http://www.marinemammals.in/submit-record/28-08-2020-104559496_310334850132192_5292967496982823317_n-2.jpg http://www.marinemammals.in/submit-record/28-08-2020-106217513_310335106798833_4558415195348734637_n.jpg http://www.marinemammals.in/submit-record/,,,,,,,,,,MMI-later,21.66356199,87.70731173,435,TRUE,"432, 434",1787,FALSE,,
1378,814,29,6,2020,West Bengal,Bryde's whale,Bryde's whale,"21.6650605753591, 87.7107271066381",Carcass washed ashore,,,http://www.marinemammals.in/submit-record/11-08-2020-Brydes_MandarmoniCoast_WestBengal_29062020.jpeg,,,,,,,,,,MMI-later,21.66506058,87.71072711,436,TRUE,"432, 434, 435",1788,FALSE,,
209,815,29,6,2020,Andaman & Nicobar islands,Spinner dolphin,Spinner dolphin,,,"South bay, little andaman",,,,"10.5486481561393, 92.385326395555810.548648156139361, 92.38532639555584","10.548648156139361, 92.38532639555584",,,SA,3a,,,Whatsapp,10.54864816,92.3853264,437,FALSE,,314,TRUE,316,
210,816,26,6,2020,Odisha,Indo-Pacific finless porpoise,Indo-Pacific finless porpoise,"19.9686377993393, 86.3991009529038",Stranded individual (male),Devi River mouth,,http://www.marinemammals.in/submit-record/05-08-2020-FP(Male)_DeviRiver_Orissa_26062020.jpg,,"19.9686, 86.398219.9686, 86.3982","19.9686, 86.3982",,,,,,,MMI,19.9686,86.3982,438,FALSE,,315,FALSE,,
211,817,26,6,2020,Odisha,,,,,Devi river mouth from Bichi,,,,"19.9675678683447, 86.398221007563519.967567868344762, 86.39822100756359","19.967567868344762, 86.39822100756359",,M,,,,,Whatsapp,19.96756787,86.39822101,439,TRUE,438,1789,FALSE,,
212,818,25,6,2020,Andaman & Nicobar islands,Small-sized delphinid,Small-sized delphinid,"10.7448873, 92.4999","Two beached individuals,","Magar nallah, South Bay, Little Andaman,",,http://www.marinemammals.in/submit-record/29-07-2020-IMG-20200706-WA0017.jpg http://www.marinemammals.in/submit-record/29-07-2020-IMG-20200706-WA0020.jpg,,"10.7448873, 92.4999","10.7448873, 92.4999",,,,,,,MMI,10.55044769,92.38743189,440,FALSE,,316,FALSE,314,Remapped
213,819,20,6,2020,Goa,Humpback dolphin,Humpback dolphin,,,baga beach,,,,"15.5569665653865, 73.750210638777815.556966565386556, 73.75021063877784","15.556966565386556, 73.75021063877784",,,SA,3a,,,Whatsapp,15.55696657,73.75021064,441,TRUE,442,1790,FALSE,,
1379,820,20,6,2020,Goa,Indian Ocean humpback dolphin,Humpback dolphin,"15.5543615453338, 73.7514032947619","Code-2, Male",,,http://www.marinemammals.in/submit-record/06-01-2023-IMG-20200620-WA0011.jpg http://www.marinemammals.in/submit-record/06-01-2023-IMG-20200620-WA0012.jpg http://www.marinemammals.in/submit-record/06-01-2023-IMG-20200620-WA0013.jpg http://www.marinemammal,,,,,,SA,2,0.5,1,MMI-later,15.55436155,73.75140329,442,FALSE,,317,FALSE,,
214,821,19,6,2020,Tamil Nadu,Spinner dolphin,Spinner dolphin,"9.3639356, 78.83948","dimensions attached,",-,,http://www.marinemammals.in/submit-record/30-08-2020-WhatsApp Image 2020-08-30 at 7.45.12 PM.jpeg http://www.marinemammals.in/submit-record/30-08-2020-WhatsApp Image 2020-08-30 at 7.45.11 PM.jpeg http://www.marinemammals.in/submit-record/30-08-2020-Whats,,"9.3639356, 78.83948","9.3639356, 78.83948",,,,,,,MMI,9.3639356,78.83948,443,FALSE,,318,FALSE,,
1255,822,17,6,2020,Andhra Pradesh,Long-beaked common dolphin,Long-beaked common dolphin,,,,,,,"18.8020255343827, 84.5540925901846",,,,,,,,MFIS March2021,18.80202553,84.55409259,444,FALSE,,319,FALSE,,
1878,823,14,6,2020,Goa,Humpback Dolphin,Humpback dolphin,,,,,,,,,,,,,,,Terra,15.5677,73.75619,445,FALSE,,320,FALSE,,
215,824,11,6,2020,Maharashtra,Indian Ocean humpback dolphin,Humpback dolphin,"19.1095171, 72.8241","Juvenile dolphin, washed ashore dead","Juhu beach, Mumbai",,http://www.marinemammals.in/submit-record/13-08-2020-20200611_192305.jpg http://www.marinemammals.in/submit-record/13-08-2020-20200611_191352.jpg,,"19.1095171, 72.8241","19.1095171, 72.8241",,,,,,,MMI,19.1095171,72.8241,446,FALSE,,321,FALSE,,
1877,825,8,6,2020,Goa,Humback Dolphin,Humpback dolphin,,,,,,,,,,,,,,,Terra,15.64181,73.71912,447,FALSE,,322,FALSE,,
216,826,6,6,2020,Maharashtra,Striped dolphin,Striped dolphin,"17.2942578, 73.2197",Code 2,"Jaigarh, Ratnagiri",,http://www.marinemammals.in/submit-record/30-08-2020-Striped_JaigadRatnagiri_06062020.jpg,,"17.2942578, 73.2197","17.2942578, 73.2197",,,,,,,MMI,17.30275849,73.22148099,448,FALSE,,323,FALSE,,
217,827,2,6,2020,Maharashtra,Indo-Pacific finless porpoise,Indo-Pacific finless porpoise,"19.1070775274999, 72.8231344087361",Carcass buried,"Juhu Beach, Source: Marine Respondents",,http://www.marinemammals.in/submit-record/05-08-2020-IMG-20200602-WA0018.jpg http://www.marinemammals.in/submit-record/05-08-2020-IMG-20200602-WA0017.jpg,,"19.1073, 72.823119.1073, 72.8231","19.1073, 72.8231",,,,,,,MMI,19.1073,72.8231,449,FALSE,,324,FALSE,,
218,828,31,5,2020,Maharashtra,Unidentified baleen whale,Unidentified baleen whale,,,Talashil,,,,"16.0998193026204, 73.459368953539316.099819302620478, 73.45936895353935","16.099819302620478, 73.45936895353935",,,,5,,,Whatsapp,16.0998193,73.45936895,450,FALSE,,325,TRUE,326,
1380,829,31,5,2020,Maharashtra,Unidentified baleen whale,Unidentified baleen whale,"16.1606843025584, 73.4460713072118",Code 4,,,http://www.marinemammals.in/submit-record/01-01-2023-Talashil 1.jpg http://www.marinemammals.in/submit-record/01-01-2023-Tallashil 2.jpg http://www.marinemammals.in/submit-record/01-01-2023-Talashil 3.jpg,,,,,,,,,,MMI-later,16.1606843,73.44607131,451,FALSE,,326,FALSE,325,
219,830,30,5,2020,Maharashtra,,,,,Juhu,,,,"19.0968583464359, 72.826115887358119.096858346435965, 72.8261158873581","19.096858346435965, 72.8261158873581",,,,,,,Whatsapp,19.09685835,72.82611589,452,FALSE,,327,TRUE,324,
220,831,25,5,2020,Gujarat,Unidentified baleen whale,Unidentified baleen whale,"21.1171, 69.8701158","Found by fisherman at Mangrol port, Forest Department took it back out to sea,","Mangrol port, Junagadh district, Shared by Swapnil Tandel",,http://www.marinemammals.in/submit-record/30-08-2020-WhatsApp Image 2020-08-30 at 8.05.49 PM.jpeg http://www.marinemammals.in/submit-record/30-08-2020-WhatsApp Image 2020-08-30 at 8.06.25 PM.jpeg,,"21.15954, 70.04258","21.15954, 70.04258",,,,,,,MMI,21.15954,70.04258,453,FALSE,,328,TRUE,329,
221,832,25,5,2020,Gujarat,Unidentified baleen whale,Unidentified baleen whale,,,"Velan coast, Gir",,,,"20.7590020249608, 70.656860541917420.759002024960886, 70.65686054191745","20.759002024960886, 70.65686054191745",,,,5,,,Whatsapp,20.75900202,70.65686054,454,FALSE,,329,FALSE,,
222,833,24,5,2020,Maharashtra,Humpback dolphin,Humpback dolphin,,,Dapoli,,,,"17.7614905030827, 73.118693651614717.76149050308275, 73.11869365161479","17.76149050308275, 73.11869365161479",,,A,3b,,,Whatsapp,17.7614905,73.11869365,455,FALSE,,330,FALSE,,
223,834,24,5,2020,Maharashtra,Humpback dolphin,Humpback dolphin,,,"Velas beach, Ratnagiri dist",,,,"17.9557784985397, 73.029156655492317.95577849853977, 73.0291566554923","17.95577849853977, 73.0291566554923",,,SA,4a,,,Whatsapp,17.9557785,73.02915666,456,FALSE,,331,TRUE,330,
224,835,24,5,2020,Maharashtra,Kogia sp,Dwarf sperm whale,,,"Toke pada , Near Gholwad village",,,,"20.0817230195235, 72.723528536383320.08172301952356, 72.72352853638338","20.08172301952356, 72.72352853638338",Bycaught?,,A,1,,,Whatsapp,20.08172302,72.72352854,457,FALSE,,332,FALSE,,
225,836,24,5,2020,Andhra Pradesh,Sperm whale,Sperm whale,"18.1607489551516, 83.8246919686797",60 feet,Agaranshi beach within gahiramatha marine sanctuary in Kendrapada district of odisha,,http://www.marinemammals.in/submit-record/25-05-2020-IMG-20200525-WA0040.jpg,,"18.1607, 83.841218.1607, 83.8412","18.1607, 83.8412",,,,,,,MMI,18.1607,83.8412,458,FALSE,,333,FALSE,,
226,837,24,5,2020,Gujarat,Unidentified baleen whale,Unidentified baleen whale,"20.7152419, 70.8261","Unidentified whale and bones found stranded near the Velan coast in Gujarat,","Found near the Velan shore, Photos and information shared on twitter by DCF, Gir West Source: https://twitter,com/DCF_GirWest/status/1264788879455870977",,http://www.marinemammals.in/submit-record/28-08-2020-EY1uuotVAAAQz38.jpeg http://www.marinemammals.in/submit-record/28-08-2020-EY1uxZ2UwAADwr0.jpeg http://www.marinemammals.in/submit-record/28-08-2020-EY1uwnVVAAEwgLk.jpeg http://www.marinemammals.in/subm,,"20.7152419, 70.8261","20.7152419, 70.8261",,,,,,,MMI,20.69240431,70.82168896,459,FALSE,,334,TRUE,329,Remapped
1876,838,23,5,2020,Goa,Humpback dolphin juvi,Humpback dolphin,,,,,,,,,,,,,,,Terra,15.3929199,73.80574338,460,TRUE,461,1791,FALSE,,
1381,839,23,5,2020,Goa,Indian Ocean humpback dolphin,Humpback dolphin,"15.3926542596426, 73.8058626050402","There seems to be a nylon thread intertwined with the guts and in the mouth, Code 4,",,,http://www.marinemammals.in/submit-record/01-01-2023-Baina.jpg,,,,,M,SA,3,3,5,MMI-later,15.39265426,73.80586261,461,FALSE,,335,TRUE,340,
227,840,23,5,2020,Goa,Indo-Pacific finless porpoise,Indo-Pacific finless porpoise,,,Baina,,,,"15.3912292322879, 73.805867146306715.391229232287941, 73.80586714630674","15.391229232287941, 73.80586714630674",,,SA,,,,Whatsapp,15.39122923,73.80586715,462,TRUE,,336,TRUE,335,
228,841,23,5,2020,Odisha,Sperm whale,Sperm whale,,62 feet in length and 18 feet diameter,"Dead whale has been noticed near to the Agarnasi island of Kendrapada district, (Source: Sambad newspaper)",,http://www.marinemammals.in/submit-record/27-05-2020-sperm whale. odisha may 2020.jpeg,,"20.4825307054557, 86.803054618085320.482530705455797, 86.80305461808535","20.482530705455797, 86.80305461808535",,,,,,,MMI,20.5055208,86.7702012,463,FALSE,,337,FALSE,333,Remapped
229,842,23,5,2020,Maharashtra,Unidentified baleen whale,Unidentified baleen whale,,,dahanu beach,,,,"19.9929933814903, 72.721332019062119.99299338149038, 72.72133201906219","19.99299338149038, 72.72133201906219",,,,3a,,,Whatsapp,19.99299338,72.72133202,464,FALSE,,338,FALSE,,
230,843,20,5,2020,Maharashtra,Unidentified baleen whale,Unidentified baleen whale,,,shirgav,,,,"19.6994427376519, 72.710572562658419.699442737651992, 72.7105725626584","19.699442737651992, 72.7105725626584",,,,5,,,Whatsapp,19.69944274,72.71057256,465,FALSE,,339,TRUE,338,
1875,844,19,5,2020,Goa,Humpback Dolphin,Humpback dolphin,,,,,,,,,,,,,,,Terra,15.38774,73.80763,466,FALSE,,340,FALSE,,
231,845,19,5,2020,Gujarat,Indo-Pacific finless porpoise,Indo-Pacific finless porpoise,"21.022065,  70.07225 OR 21.0213657","The stranding was reported by the Gujarat forest department observed by fisherman around 2,35 pm","The stranding occurred along Saurashtra coast, the location details are attached herewith",,http://www.marinemammals.in/submit-record/09-08-2021-Indo pacific finless porpoise.jpg http://www.marinemammals.in/submit-record/09-08-2021-stranding location.jpg,,"21.0213, 70.196121.0213, 70.1961","21.0213, 70.1961",,,,,,,MMI,21.0213,70.1961,467,FALSE,,341,FALSE,,
232,846,19,5,2020,Goa,,,,,Benaulim,,,,"15.253706479753, 73.919010735429915.253706479753001, 73.91901073542994","15.253706479753001, 73.91901073542994",,,,,,,Whatsapp,15.25370648,73.91901074,468,FALSE,,342,FALSE,"338, 339, 340",
233,847,19,5,2020,Goa,,,,,Colva,,,,"15.2755240037733, 73.913214383275515.275524003773388, 73.91321438327553","15.275524003773388, 73.91321438327553",,,,,,,Whatsapp,15.275524,73.91321438,469,TRUE,468,1792,FALSE,,
234,848,18,5,2020,Goa,,,,,Candolim,,,,"15.5178921981197, 73.762553191406215.517892198119764, 73.76255319140621","15.517892198119764, 73.76255319140621",,,,,,,Whatsapp,15.5178922,73.76255319,470,FALSE,,343,TRUE,342,
235,849,14,5,2020,Lakshadweep islands,Striped dolphin,Striped dolphin,,"The Carcass had a body length of 2m and had a width of 40cm,The species has a Greyish black on top with a dark cape; a lighter grey on the side with a blaze towards the front of the dorsal fin;gently sloping forehead; crease present; dorsal fin is trian","A dead Striped dolphin which was washed up ashore near to the Main Jetty in Chetlat Island, Lakshadweep, During the investigation, team found out some body parts were partially decomposed there were white patches on the belly region, one eye was missing",,http://www.marinemammals.in/submit-record/30-06-2020-Chetlat 14-5-2020 1.jpg http://www.marinemammals.in/submit-record/30-06-2020-Chetlat 14-5-2020.jpg http://www.marinemammals.in/submit-record/30-06-2020-Chetlat 14-5-2020 2.jpg,,"11.6941258824791, 72.709306296938311.694125882479105, 72.70930629693838","11.694125882479105, 72.70930629693838",,,,,,,MMI,11.69412588,72.7093063,471,FALSE,,344,FALSE,,
236,850,11,5,2020,Maharashtra,Humpback dolphin,Humpback dolphin,,,Juhu,,,,"19.0967354109338, 72.826115887358119.09673541093386, 72.8261158873581","19.09673541093386, 72.8261158873581",,,C,,,,Whatsapp,19.09673541,72.82611589,472,FALSE,,345,FALSE,,
237,851,10,5,2020,Maharashtra,Striped dolphin,Striped dolphin,,,"Hedvi, Ratnagiri",,,,"17.3557852484188, 73.219520357512817.355785248418826, 73.21952035751282","17.355785248418826, 73.21952035751282",,,A,2,,,Whatsapp,17.35578525,73.21952036,473,FALSE,,346,FALSE,,
238,852,5,5,2020,Maharashtra,Striped dolphin,Striped dolphin,"17.3641952, 73.2264",-,"Responded to by the Maharashtra Forest Department, forest guards,",,http://www.marinemammals.in/submit-record/30-08-2020-IMG-20200510-WA0011.jpg http://www.marinemammals.in/submit-record/30-08-2020-IMG-20200510-WA0012.jpg,,"17.3641952, 73.2264","17.3641952, 73.2264",,,,,,,MMI,17.36212555,73.21427671,474,FALSE,,347,FALSE,,Remapped
239,853,30,4,2020,Maharashtra,Humpback dolphin,Humpback dolphin,,,Juhu,,,,"19.100945899878, 72.824814937499219.100945899878006, 72.82481493749921","19.100945899878006, 72.82481493749921",,,A,3b,,,Whatsapp,19.1009459,72.82481494,475,TRUE,476,1793,FALSE,,
1382,854,30,4,2020,Maharashtra,Indian Ocean humpback dolphin,Humpback dolphin,"19.1080530389291, 72.8229329667468","Fd was present, decided to bury it somewhere on the shore, Code 4",,,http://www.marinemammals.in/submit-record/01-01-2023-Juhu 1.jpg http://www.marinemammals.in/submit-record/01-01-2023-Juhu 2.jpg http://www.marinemammals.in/submit-record/01-01-2023-Juhu 3.jpg http://www.marinemammals.in/submit-record/01-01-2023-Juhu 4.jp,,,,,,,,,,MMI-later,19.10805304,72.82293297,476,FALSE,,348,FALSE,,
240,855,29,4,2020,Karnataka,Humpback dolphin,Humpback dolphin,,,Mukka beach,,,,"13.0216452368336, 74.786124798978713.021645236833638, 74.78612479897872","13.021645236833638, 74.78612479897872",,,A,3a,,,Whatsapp,13.02164524,74.7861248,477,TRUE,478,1794,FALSE,,
1383,856,29,4,2020,Karnataka,Indian Ocean humpback dolphin,Humpback dolphin,"13.0213482593052, 74.7860846575677",Code 3,,,http://www.marinemammals.in/submit-record/02-01-2023-Mukka beach.jpg,,,,,,,,,,MMI-later,13.02134826,74.78608466,478,FALSE,,349,FALSE,,
241,857,28,4,2020,Goa,,,,,Baga beach,,,,"15.5539898400383, 73.75136935298315.55398984003839, 73.75136935298309","15.55398984003839, 73.75136935298309",,,,,,,Whatsapp,15.55398984,73.75136935,479,FALSE,,350,FALSE,,
242,858,25,4,2020,Maharashtra,Indo-Pacific finless porpoise,Indo-Pacific finless porpoise,"17.9697726, 73.0322496",,,,,,"17.9697726, 73.0322496","17.9697726, 73.0322496",,,A,3b,,,Whatsapp,17.9697726,73.0322496,480,TRUE,481,1795,FALSE,,
243,859,25,4,2020,Maharashtra,Indo-Pacific finless porpoise,Indo-Pacific finless porpoise,"17.9590826927501, 73.0265535443754",Carcass found at Velas Beach,Source: Marine Respondents,,http://www.marinemammals.in/submit-record/05-08-2020-FP_VelasRatnagiri_25042020.jpg,,"17.9594, 73.027717.9594, 73.0277","17.9594, 73.0277",,,,,,,MMI,17.9594,73.0277,481,FALSE,,351,FALSE,,
244,860,25,4,2020,Gujarat,Unidentified baleen whale,Unidentified baleen whale,"21.107454, 70.100021",,,,,,"21.107454, 70.100021","21.107454, 70.100021",,,,4a,,,Whatsapp,21.107454,70.100021,482,FALSE,,352,FALSE,,
245,861,24,4,2020,Karnataka,Humpback dolphin,Humpback dolphin,,,"Hoode beach, south of Kodi bengre",,,,"13.4161995509747, 74.696218175802513.416199550974726, 74.69621817580256","13.416199550974726, 74.69621817580256",,,SA,2,,,Whatsapp,13.41619955,74.69621818,483,TRUE,484,1796,FALSE,,
1384,862,24,4,2020,Karnataka,Indian Ocean humpback dolphin,Humpback dolphin,"13.4044260678022, 74.696930305886",Code 3,,,http://www.marinemammals.in/submit-record/01-01-2023-Udupi 1.jpg http://www.marinemammals.in/submit-record/01-01-2023-Udupi 2.jpg,,,,,,,,,,MMI-later,13.40442607,74.69693031,484,FALSE,,353,FALSE,,
1874,863,22,4,2020,Goa,Unidentified cetacean,Small-sized delphinid,,,,,,,,,,,,,,,Terra,15.5677,73.75619,485,FALSE,,354,FALSE,,
246,864,22,4,2020,Andhra Pradesh,Unidentified baleen whale,Unidentified baleen whale,"18.052318, 83.624802",Its on local news paper and estimated to be 7MT in weight,"https://www,eenadu,net/districts/latestnews/Vizianagaram/12/120053820 (Translation: Local village people and fishermen community are surprised to see the huge whale, It was estimated to be 7MT and local marine police have been informed, Arrangements are",,http://www.marinemammals.in/submit-record/22-04-2020-baleen whale.jpg,,"18.052318, 83.624802","18.052318, 83.624802",,,,,,,MMI,18.052318,83.624802,486,FALSE,,355,FALSE,,
247,865,21,4,2020,Goa,Humpback dolphin,Humpback dolphin,,,"Benaulim, south goa",,,,"15.2598899398648, 73.917393962405115.25988993986481, 73.91739396240516","15.25988993986481, 73.91739396240516",,,A,3a,,,Whatsapp,15.25988994,73.91739396,487,TRUE,488,1797,FALSE,,
1385,866,21,4,2020,Goa,Indian Ocean humpback dolphin,Humpback dolphin,"15.2404857065235, 73.9231846340387","Code 3, carcass is 9 ft in length,",,,http://www.marinemammals.in/submit-record/01-01-2023-Benaulim 1.jpg http://www.marinemammals.in/submit-record/01-01-2023-Benaulim 2.jpg,,,,,,,3,3,5,MMI-later,15.24048571,73.92318463,488,FALSE,,356,FALSE,,
1873,867,21,4,2020,Goa,Unidentified cetacean,Small-sized delphinid,,,,,,,,,,,,,,,Terra,15.38774,73.80763,489,TRUE,,357,TRUE,356,
1386,868,20,4,2020,Maharashtra,Indian Ocean humpback dolphin,Humpback dolphin,"15.8477080748974, 73.6277067038143","Code 3, 10 ft, length,",,,http://www.marinemammals.in/submit-record/01-01-2023-Humpback Kalvi.jpg,,,,,,,,,,MMI-later,15.84770807,73.6277067,490,FALSE,,358,FALSE,,
248,869,20,4,2020,Karnataka,Unidentified baleen whale,Unidentified baleen whale,"13.5187847, 74.6883",Length 12m,"Padukere beach, Udipi district",,http://www.marinemammals.in/submit-record/28-08-2020-WhatsApp Image 2020-08-29 at 12.51.41 AM (2).jpeg http://www.marinemammals.in/submit-record/28-08-2020-WhatsApp Image 2020-08-29 at 12.51.41 AM (1).jpeg http://www.marinemammals.in/submit-record/28-08-,,"13.5187847, 74.6883","13.5187847, 74.6883",,,,,,,MMI,13.51866053,74.68465926,491,FALSE,,359,FALSE,,
249,870,18,4,2020,Maharashtra,Indian Ocean humpback dolphin,Humpback dolphin,"15.9061270320917, 73.589621247358",A dead stranded carcass of Indian ocean humpback dolphin measuring 7 -8 feet in length observed at shore,"Vengurla kalvi bunder first sighted by fisher, forest officials has been informed about the incident carcasss went back in to the sea with receding tide",,http://www.marinemammals.in/submit-record/19-04-2020-61AF534A-39AE-42F5-880B-82D30902548F.jpeg http://www.marinemammals.in/submit-record/19-04-2020-85A4577E-043B-4D04-B7F1-F35386A57C7D.jpeg,"http://www,marinemammals,in/submit-record/19-04-2020-trim,4A84CE8B-E3E8-4D90-9DF8-5FC106651233,MOV","15.9066, 73.588615.9066, 73.5886","15.9066, 73.5886",,,,,,,MMI,15.9066,73.5886,492,FALSE,,360,FALSE,,
250,871,16,4,2020,Goa,,,,,baga,,,,"15.5553128343968, 73.750489588493915.555312834396828, 73.75048958849392","15.555312834396828, 73.75048958849392",,,,,,,Whatsapp,15.55531283,73.75048959,493,FALSE,,361,FALSE,,
1254,872,14,4,2020,Karnataka,Indo-Pacific humpback dolphin,Humpback dolphin,,,,,,,"14.4473498310303, 74.379861163422",,,,,,,,MFIS March2020,14.44734983,74.37986116,494,FALSE,,362,FALSE,,
251,873,11,4,2020,Karnataka,Indian Ocean humpback dolphin,Humpback dolphin,"14.093993, 74.48986",Dead stranding,Murudeshwar Shared by Shantanu Kalambi,,http://www.marinemammals.in/submit-record/28-08-2020-WhatsApp Image 2020-08-28 at 11.56.18 PM (1).jpeg http://www.marinemammals.in/submit-record/28-08-2020-WhatsApp Image 2020-08-28 at 11.56.18 PM.jpeg,,"14.093993, 74.48986","14.093993, 74.48986",,,,,,,MMI,14.09277016,74.48696673,495,FALSE,,363,FALSE,,
1253,874,11,4,2020,Karnataka,Indian Ocean humpback dolphin,Humpback dolphin,,,,,,,"14.0952045471207, 74.4835124783648",,,,,,,,MFIS March2020,14.09520455,74.48351248,496,TRUE,495,1798,FALSE,,
252,875,8,4,2020,Lakshadweep islands,Melon-headed whale,Melon-headed whale,,"Length: 7,6ft/ width: 1,1ft","Stranding at Minicoy island, Responded to by the Lakshadweep Forest Department Stranding Network, Conveyed by Divya Panicker",,http://www.marinemammals.in/submit-record/28-08-2020-IMG-20200416-WA0003.jpg http://www.marinemammals.in/submit-record/28-08-2020-IMG-20200416-WA0006.jpg http://www.marinemammals.in/submit-record/28-08-2020-IMG-20200416-WA0004.jpg,,,,,,,,,,MMI,,,497,FALSE,,364,FALSE,,
253,876,8,4,2020,Lakshadweep islands,Risso's dolphin,Risso's dolphin,,"The Carcass had a body length of 7,6 feet and had a width of 1,1 feet, The species has a large anterior body and dorsal fin while the posterior tapers to relatively narrow body, The main characteristics are the bulbous morphology of its forehead and wit","Dead Risso’s dolphin which was washed up ashore near to the Thundi Beach at the southern peak of Minicoy Island, Lakshadweep,",,http://www.marinemammals.in/submit-record/30-06-2020-IMG-20200413-WA0001.jpg http://www.marinemammals.in/submit-record/30-06-2020-IMG-20200413-WA0002.jpg http://www.marinemammals.in/submit-record/30-06-2020-IMG-20200413-WA0003.jpg,,"8.27471444710817, 73.02331514861488.274714447108176, 73.02331514861481","8.274714447108176, 73.02331514861481",,,,,,,MMI,8.274714447,73.02331515,498,FALSE,,365,FALSE,,
254,877,7,4,2020,Lakshadweep islands,Unidentified baleen whale,Unidentified baleen whale,,,Kavaratti,,,,"10.5609214555852, 72.630733086469310.560921455585255, 72.63073308646933","10.560921455585255, 72.63073308646933",,,,,,,Whatsapp,10.56092146,72.63073309,499,FALSE,,366,FALSE,,
255,878,28,3,2020,Tamil Nadu,Small-sized delphinid,Small-sized delphinid,"10.0395932, 79.2317","Stenella sp,","Manalmelkudi, Tamilnadu Shared by Balaji",,http://www.marinemammals.in/submit-record/28-08-2020-WhatsApp Image 2020-08-28 at 11.58.59 PM.jpeg,,"10.0395932, 79.2317","10.0395932, 79.2317",,,,,,,MMI,10.0395932,79.2317,500,FALSE,,367,FALSE,,
256,879,22,3,2020,Odisha,Irrawaddy dolphin,Irrawaddy dolphin,,,"Siali beach, Orissa",,,,"20.0875906555485, 86.465108577909620.087590655548514, 86.4651085779096","20.087590655548514, 86.4651085779096",,,,,,,Whatsapp,20.08759066,86.46510858,501,TRUE,502,1799,FALSE,,
257,880,22,3,2020,Odisha,Irrawaddy dolphin,Irrawaddy dolphin,"20.0877538, 86.4649",Male,"Siali beach, Orrisa Via Bichi",,http://www.marinemammals.in/submit-record/30-08-2020-WhatsApp Image 2020-08-30 at 7.59.49 PM (1).jpeg http://www.marinemammals.in/submit-record/30-08-2020-WhatsApp Image 2020-08-30 at 7.59.49 PM.jpeg,,"20.0877538, 86.4649","20.0877538, 86.4649",,,,,,,MMI,20.0877538,86.4649,502,FALSE,,368,FALSE,,
1387,881,19,3,2020,Tamil Nadu,Medium sized-delphinid,Medium sized-delphinid,"12.9982393645292, 80.2727389292907","Code 3, 134cm long and 27cm width,",,,http://www.marinemammals.in/submit-record/01-01-2023-Elliot 3.jpg http://www.marinemammals.in/submit-record/01-01-2023-Elliot 2.jpg http://www.marinemammals.in/submit-record/01-01-2023-Elliot 1.jpg,,,,,,,,,,MMI-later,12.99823936,80.27273893,503,FALSE,,369,FALSE,,
258,882,18,3,2020,Maharashtra,Unidentified baleen whale,Unidentified baleen whale,"19.6974548, 72.7141",Unidentified baleen whale carcass,"Found at Shirgaon beach, Palghar, Shared on Marine Respondents by Bhushan Bhoir",,http://www.marinemammals.in/submit-record/30-08-2020-WhatsApp Image 2020-03-18 at 5.51.43 PM.jpeg http://www.marinemammals.in/submit-record/30-08-2020-WhatsApp Image 2020-03-18 at 5.51.43 PM (1).jpeg http://www.marinemammals.in/submit-record/30-08-2020-W,,"19.696339270532064, 72.71041652254603","19.696339270532064, 72.71041652254603",,,,,,,MMI,19.69633927,72.71041652,504,FALSE,,370,FALSE,,Remapped
259,883,17,3,2020,Tamil Nadu,Small-sized delphinid,Small-sized delphinid,"13.0499526, 80.2824",Unidentified,"Kannagi statue, Chennai Shared by Kumaran sir",,http://www.marinemammals.in/submit-record/28-08-2020-WhatsApp Image 2020-08-29 at 12.52.54 AM.jpeg,,"13.0499526, 80.2824","13.0499526, 80.2824",,,,,,,MMI,13.04937813,80.28378797,505,TRUE,503,1800,FALSE,,
260,884,13,3,2020,Tamil Nadu,Large-sized delphinid,Large-sized delphinid,"12.9936315, 80.2626","Length given as 5, 5,5 feet","Found stranded on the morning of March 13, Photos shared by journalist and Krish Subramanian, Exact location: https://www,google,com/maps?q=12,975537,80,267007",,http://www.marinemammals.in/submit-record/15-03-2020-WhatsApp Image 2020-03-15 at 10.59.59 AM.jpeg http://www.marinemammals.in/submit-record/15-03-2020-WhatsApp Image 2020-03-15 at 10.59.59 AM (1).jpeg http://www.marinemammals.in/submit-record/15-03-2020,,"12.9936315, 80.2626","12.9936315, 80.2626",,,,,,,MMI,12.9932463,80.2718104,506,FALSE,,371,TRUE,372,
261,885,13,3,2020,Tamil Nadu,Small-sized delphinid,Small-sized delphinid,"12.975537, 80.267007",,Madras,,,,"12.975537, 80.267007","12.975537, 80.267007",,,,3b,,,Whatsapp,12.975537,80.267007,507,TRUE,506,1801,FALSE,,
262,886,11,3,2020,Tamil Nadu,Risso's dolphin,Risso's dolphin,"12.963811, 80.264887",,,,,,"12.963811, 80.264887","12.963811, 80.264887",,,A,1,,,Whatsapp,12.963811,80.264887,508,TRUE,509,1802,FALSE,,
1388,887,11,3,2020,Tamil Nadu,Risso's dolphin,Risso's dolphin,"12.9593950229396, 80.2638725609613",Seen at 2AM Tail 77cm Length 289cm width 68cm flipper 56 cm Fin 43 cm,,,http://www.marinemammals.in/submit-record/01-01-2023-Risso 1.jpg http://www.marinemammals.in/submit-record/01-01-2023-risso 2.jpg http://www.marinemammals.in/submit-record/01-01-2023-risso 3.jpg http://www.marinemammals.in/submit-record/01-01-2023-Risso,,,,,,,,,,MMI-later,12.95939502,80.26387256,509,FALSE,,372,FALSE,,
263,888,9,3,2020,Karnataka,Small-sized delphinid,Small-sized delphinid,"13.0063924, 74.7892",Unidentified,"Shared by Shantanu Kalambi Location: https://maps,google,com/maps?q=13,010231971740723%2C74,78813171386719&z=17&hl=en",,http://www.marinemammals.in/submit-record/28-08-2020-WhatsApp Image 2020-08-29 at 12.55.56 AM.jpeg,,"13.0063924, 74.7892","13.0063924, 74.7892",,,,,,,MMI,13.0063924,74.7892,510,FALSE,,373,FALSE,,
264,889,6,3,2020,Odisha,Sperm whale,Sperm whale,"19.9523036260964, 86.3581796202921",Carcass found washed ashore,"Devi river mouth, Astarang, Orissa",,http://www.marinemammals.in/submit-record/10-08-2020-IMG-20200306-WA0005.jpg,,"19.9521, 86.357419.9521, 86.3574","19.9521, 86.3574",,,,,,,MMI,19.9521,86.3574,511,FALSE,,374,FALSE,,
265,890,5,3,2020,Gujarat,Indo-Pacific finless porpoise,Indo-Pacific finless porpoise,,"Length 1,15 m Distance from shore - 0 m","Sea shore, Dandi, Dist, Navsari, Gujarat",,http://www.marinemammals.in/submit-record/05-03-2020-C2778C4B-EC53-460B-8B3E-3A7582E9F1A9.jpeg http://www.marinemammals.in/submit-record/05-03-2020-A8E3CD7D-9A16-43A8-9FF7-873EFB9BBD51.jpeg,,"21.3422240044888, 72.619174972980721.34222400448884, 72.61917497298072","21.34222400448884, 72.61917497298072",,,,,,,MMI,21.342224,72.61917497,512,FALSE,,375,FALSE,,
266,891,3,3,2020,Tamil Nadu,Unidentified baleen whale,Unidentified baleen whale,,,Thiruvanmiyur Kuppan,,,,"12.9768214693466, 80.267605566882512.976821469346623, 80.26760556688258","12.976821469346623, 80.26760556688258",,,,5,,,Whatsapp,12.97682147,80.26760557,513,TRUE,514,1803,FALSE,,
1389,892,3,3,2020,Tamil Nadu,Unidentified baleen whale,Unidentified baleen whale,"12.980097871684, 80.268286268361","4m 97cm from mouth to tail bone Total length including the elongated decomposed tail 6m 66 cm Width of the body 55,, though it is quite decomposed Remains of what looks like a possible beaked, baby whale,",,,http://www.marinemammals.in/submit-record/01-01-2023-Kuppan 1.jpg http://www.marinemammals.in/submit-record/01-01-2023-Kuppan 2.jpg http://www.marinemammals.in/submit-record/01-01-2023-Kuppan 3.jpg http://www.marinemammals.in/submit-record/01-01-2023-Kup,,,,,,,,,,MMI-later,12.98009787,80.26828627,514,FALSE,,376,FALSE,,
267,893,22,2,2020,Goa,,,,,"Aguada bay , north goa",,,,"15.4902633716177, 73.775235393894415.490263371617703, 73.77523539389446","15.490263371617703, 73.77523539389446",,,,,,,Whatsapp,15.49026337,73.77523539,515,FALSE,,377,FALSE,,
268,894,21,2,2020,Tamil Nadu,Bottlenose dolphin,Bottlenose dolphin,,,"At Kuthankuki, Thirunelveli",,,,"8.78896670055888, 78.19550716224278.78896670055888, 78.19550716224275","8.78896670055888, 78.19550716224275",Bycaught?,,SA,1,,,Whatsapp,8.788966701,78.19550716,516,FALSE,,378,FALSE,,
1390,895,21,2,2020,Tamil Nadu,Indo-Pacific bottlenose dolphin,Bottlenose dolphin,"8.54522482102913, 78.1272752015176",Code 2,,,http://www.marinemammals.in/submit-record/01-01-2023-Tursiops 2.jpg http://www.marinemammals.in/submit-record/01-01-2023-Tursiops 1.jpg,,,,,,,,,,MMI-later,8.545224821,78.1272752,517,FALSE,,379,FALSE,,
269,896,18,2,2020,Maharashtra,Humpback dolphin,Humpback dolphin,,,"Dadar Chowpatty, Mumbai",,,,"19.0220920955913, 72.830359371663419.022092095591397, 72.83035937166342","19.022092095591397, 72.83035937166342",,,A,3b,,,Whatsapp,19.0220921,72.83035937,518,TRUE,519,1804,FALSE,,
1391,897,18,2,2020,Maharashtra,Indian Ocean humpback dolphin,Humpback dolphin,"19.0192045826075, 72.8153716929909",Code 3,,,http://www.marinemammals.in/submit-record/01-01-2023-Dadar chowpatty 1.jpg http://www.marinemammals.in/submit-record/01-01-2023-dadar chowpatty 2.jpg,,,,,,,,,,MMI-later,19.01920458,72.81537169,519,FALSE,,380,FALSE,,
270,898,13,2,2020,Karnataka,,,"13.6143788, 74.671","Stomach was empty, Guts had opened up and organs were liquefied,","Shared by Shantanu Kalambi Location: https://maps,google,com/maps?q=13,5989144%2C74,6735389&z=17&hl=en",,http://www.marinemammals.in/submit-record/30-08-2020-WhatsApp Image 2020-02-13 at 1.55.13 PM.jpeg http://www.marinemammals.in/submit-record/30-08-2020-WhatsApp Image 2020-02-13 at 1.55.14 PM.jpeg http://www.marinemammals.in/submit-record/30-08-2020-Whats,,"13.6143788, 74.671","13.6143788, 74.671",,,,,,,MMI,13.61427244,74.67046981,520,FALSE,,381,FALSE,,
1872,899,11,2,2020,Goa,Humpback dolphin,Humpback dolphin,,,,,,,,,,,,,,,Terra,15.40578537,73.78613272,521,FALSE,,382,FALSE,,
271,900,11,2,2020,Tamil Nadu,Medium sized-delphinid,Medium sized-delphinid,"11.7480419, 79.7713",NA,"Cuddalore, Karnataka Shared by Mihir Sule and Madhu",,http://www.marinemammals.in/submit-record/30-08-2020-WhatsApp Image 2020-08-30 at 9.30.57 PM.jpeg http://www.marinemammals.in/submit-record/30-08-2020-WhatsApp Image 2020-08-30 at 9.31.01 PM.jpeg,,"11.7480419, 79.7713","11.7480419, 79.7713",,,,,,,MMI,11.74624076,79.78947317,522,FALSE,,383,FALSE,,
272,901,11,2,2020,Goa,,,,,"Aguada bay, north goa",,,,"15.490029930114, 73.776567716861315.49002993011406, 73.77656771686135","15.49002993011406, 73.77656771686135",,,,,,,Whatsapp,15.4906039,73.77588188,523,TRUE,,384,TRUE,382,
273,902,10,2,2020,Karnataka,Indian Ocean humpback dolphin,Humpback dolphin,"13.6143788, 74.671",",",Shared by Mihir Sule Source: Marine Police,,http://www.marinemammals.in/submit-record/28-08-2020-WhatsApp Image 2020-08-29 at 1.10.38 AM.jpeg,,"13.6143788, 74.671","13.6143788, 74.671",,,,,,,MMI,13.61439764,74.67042807,524,TRUE,520,1805,FALSE,,
274,903,10,2,2020,Karnataka,Small-sized delphinid,Small-sized delphinid,,,"kodi beach, Udipi",,,,"13.6111656771618, 74.670861178196513.611165677161853, 74.67086117819656","13.611165677161853, 74.67086117819656",,,,,,,Whatsapp,13.61116568,74.67086118,525,TRUE,"520, 524",1806,FALSE,,
1392,904,9,2,2020,Kerala,Pan-tropical spotted dolphin,Pan-tropical spotted dolphin,"8.38971064417221, 76.973243797135",Spotted dolphin,,,http://www.marinemammals.in/submit-record/28-08-2020-WhatsApp Image 2020-08-29 at 1.12.45 AM.jpeg,,,,,,,,,,MMI-later,8.389710644,76.9732438,526,FALSE,,385,FALSE,,
275,905,7,2,2020,Kerala,spotted dolphin,Pan-tropical spotted dolphin,,,vizhinjam,,,,"8.38574956214604, 76.97810639927838.38574956214604, 76.97810639927837","8.38574956214604, 76.97810639927837",Bycatch,,,,,,Whatsapp,8.385749562,76.9781064,527,TRUE,526,1807,FALSE,,
276,906,6,2,2020,Odisha,Humpback dolphin,Humpback dolphin,,,"Astarang, Devi , Orissa",,,,"19.9531552560962, 86.359747065379319.953155256096228, 86.35974706537932","19.953155256096228, 86.35974706537932",,,,,,,Whatsapp,19.95315526,86.35974707,528,FALSE,,386,FALSE,,
277,907,4,2,2020,Karnataka,Humpback dolphin,Humpback dolphin,,,Karwar majali,,,,"14.8114254898928, 74.125313528229214.81142548989284, 74.12531352822926","14.81142548989284, 74.12531352822926","Bycaught, bite marks",,C,1,,,Whatsapp,14.81142549,74.12531353,529,FALSE,,387,FALSE,,
1393,908,2,2,2020,West Bengal,Small-sized delphinid,Small-sized delphinid,,A sub adult Ganges River Dolphin Platanista gangetica (Male?) caught in a gill net in the Farakka Feeder Canal,,,http://www.marinemammals.in/submit-record/13-08-2020-IMG-20200202-WA0007.jpg,,,,,,,,,,MMI-later,,,530,FALSE,,388,FALSE,,
278,909,28,1,2020,Andaman & Nicobar islands,Spinner dolphin,Spinner dolphin,"11.6233774, 92.7264","Teeth count - 47- upper, 45-lower","Brookshabad beach, Port Blair Shared by Omkaresh from Pondicherry University",,http://www.marinemammals.in/submit-record/30-08-2020-WhatsApp Image 2020-08-30 at 9.39.33 PM.jpeg,,"11.6233774, 92.7264","11.6233774, 92.7264",,,,,,,MMI,11.62108401,92.75281043,531,FALSE,,389,FALSE,,
279,910,26,1,2020,Andaman & Nicobar islands,Spinner dolphin,Spinner dolphin,"11.6336, 92.7508",,"brookshabad beach, port blair",,,,"11.6336, 92.7508","11.6336, 92.7508",,,A,3b,,,Whatsapp,11.6336,92.7508,532,FALSE,,390,TRUE,389,
280,911,22,1,2020,Maharashtra,Bryde's whale,Bryde's whale,"17.7769507311985, 73.1121424155381",Carcass washed ashore,"Murud, Ratnagiri",,http://www.marinemammals.in/submit-record/11-08-2020-IMG-20200122-WA0006.jpg http://www.marinemammals.in/submit-record/11-08-2020-IMG-20200122-WA0007.jpg http://www.marinemammals.in/submit-record/11-08-2020-IMG-20200122-WA0008.jpg,,"17.7767, 73.111517.7767, 73.1115","17.7767, 73.1115",,,,,,,MMI,17.7767,73.1115,533,FALSE,,391,FALSE,,
281,912,22,1,2020,Maharashtra,Indo-Pacific finless porpoise,Indo-Pacific finless porpoise,,,"Ghivli village, Palghar",,,,"19.8464562952787, 72.65454932838419.84645629527871, 72.65454932838405","19.84645629527871, 72.65454932838405",Bycaught,,SA,1,,,Whatsapp,19.8464563,72.65454933,534,FALSE,,392,FALSE,,
282,913,17,1,2020,Tamil Nadu,Dugong,Dugong,"11.986984, 79.849538",,,,,,"11.986984, 79.849538","11.986984, 79.849538",,,A,3a,,,Whatsapp,11.986984,79.849538,535,FALSE,,393,TRUE,394,
1394,914,17,1,2020,Tamil Nadu,Dugong,Dugong,"10.0510451881511, 79.2491357194228",Code 4,,,http://www.marinemammals.in/submit-record/01-01-2023-dugong 2.jpg http://www.marinemammals.in/submit-record/01-01-2023-dugong 17-01-20.jpg,,,,,,,,,,MMI-later,10.05104519,79.24913572,536,FALSE,,394,FALSE,,
283,915,16,1,2020,Karnataka,Humpback dolphin,Humpback dolphin,,,Udupi,,,,"13.3217563702648, 74.71359627722113.321756370264854, 74.71359627722109","13.321756370264854, 74.71359627722109",,,SA,3b,,,Whatsapp,13.32175637,74.71359628,537,FALSE,,395,FALSE,,
284,916,14,1,2020,Tamil Nadu,Humpback dolphin,Humpback dolphin,,,"Palk Bay, Manalmelkudi",,,,"10.0376802637561, 79.265322477096210.037680263756172, 79.26532247709628","10.037680263756172, 79.26532247709628",,,A,,,,Whatsapp,10.03768026,79.26532248,538,FALSE,,396,FALSE,,
285,917,14,1,2020,Tamil Nadu,Indo-Pacific humpback dolphin,Humpback dolphin,,NA,"Uppur, Palk Bay",,http://www.marinemammals.in/submit-record/30-08-2020-WhatsApp Image 2020-08-30 at 9.43.35 PM.jpeg http://www.marinemammals.in/submit-record/30-08-2020-WhatsApp Image 2020-08-30 at 9.43.36 PM.jpeg,,"9.608358752500724, 78.93508974482017","9.608358752500724, 78.93508974482017",,,,,,,MMI,9.608358753,78.93508974,539,FALSE,,397,FALSE,,
286,918,8,1,2020,Tamil Nadu,Spinner dolphin,Spinner dolphin,,,"Thiruvanmiyur, Chennai",,,,"12.9874346616755, 80.270089853981212.987434661675548, 80.27008985398129","12.987434661675548, 80.27008985398129",,,,,,,Whatsapp,12.98743466,80.27008985,540,TRUE,541,1808,FALSE,,
287,919,8,1,2020,Tamil Nadu,Spinner dolphin,Spinner dolphin,"12.9830269, 80.2594",NA,"Washed ashore in Thiruvanmiyur, Chennai, Washed ashore in Thiruvanmiyur, Chennai,",,http://www.marinemammals.in/submit-record/30-08-2020-WhatsApp Image 2020-08-30 at 9.49.31 PM.jpeg,,"12.9830269, 80.2594","12.9830269, 80.2594",,,,,,,MMI,12.98189474,80.26922291,541,FALSE,,398,FALSE,,
288,920,7,1,2020,Tamil Nadu,Dugong,Dugong,,,Manamelkudi Kodiakadu,,,,"10.0339373749136, 79.257036567283210.033937374913679, 79.25703656728322","10.033937374913679, 79.25703656728322",,,A,2,,,Whatsapp,10.03393737,79.25703657,542,FALSE,,399,FALSE,,
289,921,5,1,2020,Maharashtra,Small-sized delphinid,Small-sized delphinid,,,"Velas, Ratnagiri",,,,"17.9616460042176, 73.028411070941817.96164600421763, 73.02841107094189","17.96164600421763, 73.02841107094189",,,,,,,Whatsapp,17.961646,73.02841107,543,FALSE,,400,FALSE,,
290,922,27,12,2019,Lakshadweep islands,Rough-toothed dolphin,Rough-toothed dolphin,,,Kavaratti,,,,"10.5681777716982, 72.634767128517210.568177771698297, 72.63476712851724","10.568177771698297, 72.63476712851724",,,,,,,Whatsapp,10.56817777,72.63476713,544,FALSE,,401,FALSE,,
291,923,27,12,2019,Lakshadweep islands,Small-sized delphinid,Small-sized delphinid,,body length of 276 cm and width of 72 cm,"washed up ashore near to the grounded ship at the southern beach of Kavaratti island, Lakshadweep",,http://www.marinemammals.in/submit-record/30-06-2020-Kavaratti 27-12-2019.jpg http://www.marinemammals.in/submit-record/30-06-2020-Kavaratti 27-12-2019 (1).jpg,,"10.548158639574, 72.624984459576910.548158639574075, 72.62498445957695","10.548158639574075, 72.62498445957695",,,,,,,MMI,,,545,TRUE,544,1809,FALSE,,
292,924,24,12,2019,Gujarat,Indo-Pacific finless porpoise,Indo-Pacific finless porpoise,"22.241019, 74.11767",Individual stranded ashore,"Dwarka, Source: Nirav Parikh",,http://www.marinemammals.in/submit-record/05-08-2020-IMG-20191226-WA0010.jpg http://www.marinemammals.in/submit-record/05-08-2020-IMG-20191226-WA0011.jpg http://www.marinemammals.in/submit-record/05-08-2020-IMG-20191226-WA0012.jpg,,"22.237190556411843, 68.96243193217151","22.237190556411843, 68.96243193217151",,,,,,,MMI,22.23719056,68.96243193,546,FALSE,,402,FALSE,,
293,925,22,12,2019,Tamil Nadu,Short-finned pilot whale,Short-finned pilot whale,"8.0883064, 77.53845",Code 3,"Conveyed by Samyuktha Rao Kandregula,",,http://www.marinemammals.in/submit-record/28-08-2020-BlackfishUNID_Kanyakumari_22122019_Via Samyukta.jpeg,,"8.0883064, 77.53845","8.0883064, 77.53845",,,,,,,MMI,8.077692114,77.54364719,547,FALSE,,403,TRUE,406,Remapped
294,926,21,12,2019,Maharashtra,Indian Ocean humpback dolphin,Humpback dolphin,"19.3824677, 72.7717",Dead stranding,"Bhuigaon beach, Vasai",,http://www.marinemammals.in/submit-record/30-08-2020-WhatsApp Image 2019-12-21 at 11.13.54 AM.jpeg,,"19.387869956883893, 72.75939857775312","19.387869956883893, 72.75939857775312",,,,,,,MMI,19.38786996,72.75939858,548,TRUE,549,1810,FALSE,,Remapped
295,927,21,12,2019,Maharashtra,Indo-Pacific finless porpoise,Indo-Pacific finless porpoise,,,bhuigaon beach,,,,"19.3879641985319, 72.758952567774319.387964198531957, 72.75895256777439","19.387964198531957, 72.75895256777439",,,SA,3b,,,Whatsapp,19.3879642,72.75895257,549,FALSE,,404,TRUE,402,
1395,928,19,12,2019,Gujarat,Indo-Pacific finless porpoise,Indo-Pacific finless porpoise,"22.817677546053, 69.3726966490278","fresh dead specimen found close to mandvi beach, Female sub adult, https://www,researchgate,net/profile/Pranav-Pandya-2/publication/355818062_RECORDS_OF_INDO-PACIFIC_FINLESS_PORPOISE_NEOPHOCAENA_PHOCAENOIDES_G_CUVIER_1829_FROM_NORTHERN_GULF_OF_KACHCHH_C",,,,,,,,,,,,,MMI-later,22.81767755,69.37269665,550,FALSE,,405,TRUE,404,
296,929,19,12,2019,Tamil Nadu,Short-finned pilot whale,Short-finned pilot whale,"8.4665813, 78.10013",Code 3,"Alanthalai, Tiruchendur, TN, Conveyed by Madhu Magesh, WII",,http://www.marinemammals.in/submit-record/28-08-2020-IMG-20191219-WA0001.jpg http://www.marinemammals.in/submit-record/28-08-2020-IMG-20191219-WA0000.jpg,,"8.4665813, 78.100130","8.4665813, 78.100130",,,,,,,MMI,8.464646972,78.10108421,551,FALSE,,406,FALSE,,
1396,930,17,12,2019,Tamil Nadu,Dugong,Dugong,"9.36439793576796, 78.978602313698","Code 2, male dugong, 530 kgs",,,http://www.marinemammals.in/submit-record/01-01-2023-Dugong 17-12-19.jpg,,,,,,,,,,MMI-later,9.364397936,78.97860231,552,FALSE,,407,FALSE,,
1397,931,14,12,2019,Odisha,Irrawaddy dolphin,Irrawaddy dolphin,"20.5440437848981, 86.792676314027","Orcaella, code 3, female with calf/still born and another individual stranded on pentha beach, orissa",,,http://www.marinemammals.in/submit-record/01-01-2023-orcaella 14-12-19.jpg,,,,,,,,,,MMI-later,20.54404378,86.79267631,553,FALSE,,408,FALSE,,
297,932,13,12,2019,Odisha,Bryde's whale,Bryde's whale,"19.3715645464594, 85.0774585506424",Carcass washed ashore,"Ganjam, Orissa",,http://www.marinemammals.in/submit-record/11-08-2020-IMG-20191213-WA0010.jpg http://www.marinemammals.in/submit-record/11-08-2020-IMG-20191213-WA0012.jpg http://www.marinemammals.in/submit-record/11-08-2020-IMG-20191214-WA0000.jpg,,"19.3715, 85.082319.3715, 85.0823","19.3715, 85.0823",,,,,,,MMI,19.3715,85.0823,554,FALSE,,409,FALSE,,
298,933,13,12,2019,Maharashtra,Humpback dolphin,Humpback dolphin,,,Dadar beach,,,,"19.0204894992334, 72.828363808309919.020489499233488, 72.82836380830993","19.020489499233488, 72.82836380830993",,F,A,3a,,,Whatsapp,19.0204895,72.82836381,555,FALSE,,410,FALSE,,
299,934,13,12,2019,Odisha,Unidentified baleen whale,Unidentified baleen whale,,,"Ganjam, Odisha",,,,"19.3779142020185, 85.047947953183919.377914202018577, 85.04794795318395","19.377914202018577, 85.04794795318395",,,,,,,Whatsapp,19.36652469,85.06441971,556,TRUE,554,1811,FALSE,,Remapped
1398,935,12,12,2019,Maharashtra,Unidentified baleen whale,Unidentified baleen whale,"19.0259641553737, 72.8140382888755","length 25-30 ft, Code 4, buried,",,,http://www.marinemammals.in/submit-record/27-12-2022-Dadar 4.jpg http://www.marinemammals.in/submit-record/27-12-2022-dadar 3.jpg http://www.marinemammals.in/submit-record/27-12-2022-dadar 2.jpg,,,,,,,,,,MMI-later,19.02596416,72.81403829,557,TRUE,555,1812,FALSE,,
300,936,4,12,2019,Gujarat,Indo-Pacific finless porpoise,Indo-Pacific finless porpoise,"20.3968920823622, 72.8255383025997",Carcass stranded on beach,Daman,,http://www.marinemammals.in/submit-record/05-08-2020-IMG-20191204-WA0020.jpg http://www.marinemammals.in/submit-record/05-08-2020-IMG-20191204-WA0021.jpg http://www.marinemammals.in/submit-record/05-08-2020-IMG-20191204-WA0022.jpg,,"20.3976, 72.821620.3976, 72.8216","20.3976, 72.8216",,,,,,,MMI,20.3976,72.8216,558,FALSE,,411,FALSE,,
1399,937,29,11,2019,Tamil Nadu,Indo-Pacific finless porpoise,Indo-Pacific finless porpoise,"88.92228, 78.17069",Code 2,,,http://www.marinemammals.in/submit-record/27-12-2022-Finless tuticorin.jpg,,,,,,,,,,MMI-later,8.892228,78.17069,559,FALSE,,412,FALSE,,
301,938,21,11,2019,Andaman & Nicobar islands,Spinner dolphin,Spinner dolphin,,,"Ullahapada, Nimbutala, middle andaman",,,,"12.4931839210079, 92.964105385606412.493183921007903, 92.96410538560647","12.493183921007903, 92.96410538560647",,,A,2,,,Whatsapp,12.49318392,92.96410539,560,FALSE,,413,FALSE,,
1400,939,21,11,2019,Andaman & Nicobar islands,Striped dolphin,Striped dolphin,"12.68461, 92.897",Code 2,,,http://www.marinemammals.in/submit-record/27-12-2022-nimbutala 1.jpg http://www.marinemammals.in/submit-record/27-12-2022-Nimbutala 2.jpg,,,,,,,,,,MMI-later,12.68667055,92.96790591,561,FALSE,,414,FALSE,,
1871,940,8,11,2019,Goa,Humpback dolphin,Humpback dolphin,,,,,,,,,,,,,,,Terra,14.99711,74.03383,562,FALSE,,415,FALSE,,
1870,941,4,11,2019,Goa,finless porpoise,Indo-Pacific finless porpoise,,,,,,,,,,,,,,,Terra,15.5197793,73.76188047,563,FALSE,,416,FALSE,,
1869,942,4,11,2019,Goa,Indian Ocean Humpback Dolphin,Humpback dolphin,,,,,,,,,,,A,3,3,5,Terra,15.29958941,73.90523749,564,FALSE,,417,FALSE,,
302,943,14,10,2019,Lakshadweep islands,Spinner dolphin,Spinner dolphin,,about 15 Kg and length of 75 cm with 120 cm diameter,"Chetlat Island, Lakshadweep, Dead baby spinner dolphin stranding near to the coast,",,http://www.marinemammals.in/submit-record/30-06-2020-Chetlat 14-10-2019.jpg,,,,,,,,,,MMI,,,565,FALSE,,418,FALSE,,
1868,944,26,9,2019,Goa,Humpback dolphin,Humpback dolphin,,,,,,,,,,,,3,2,4,Terra,15.25680625,73.91862734,566,FALSE,,419,FALSE,,
303,945,25,9,2019,Karnataka,Unidentified baleen whale,Unidentified baleen whale,,,"Kodi Beach, Kundapur",,,,"13.6108632527399, 74.670978053334713.610863252739975, 74.67097805333471","13.610863252739975, 74.67097805333471",,,,5,,,Whatsapp,13.61086325,74.67097805,567,FALSE,,420,FALSE,,
304,946,21,9,2019,Goa,Humpback dolphin,Humpback dolphin,,,colva,,,,"15.273752229795, 73.913869457009715.273752229795056, 73.91386945700972","15.273752229795056, 73.91386945700972",,,A,2,1,2,Whatsapp,15.27375223,73.91386946,568,FALSE,,421,FALSE,,
305,947,21,9,2019,Maharashtra,Humpback dolphin,Humpback dolphin,"18.6219, 72.8866",,,,,,"18.6219, 72.8866","18.6219, 72.8866",,F,A,3b,,,Whatsapp,18.6219,72.8866,569,FALSE,,422,FALSE,421,
306,948,17,9,2019,Gujarat,Spinner dolphin,Spinner dolphin,,,"Umbergaon beach, Gujarat",,,,"20.1949404365381, 72.745941943721720.194940436538186, 72.74594194372176","20.194940436538186, 72.74594194372176",,,,,,,Whatsapp,20.19494044,72.74594194,570,FALSE,,423,TRUE,424,
307,949,17,9,2019,Gujarat,Spinner dolphin,Spinner dolphin,"20.1738123, 72.7639",Total length: 3ft,"Umbergaon, Gujarat, Reported by Dr, Vinherkar",,http://www.marinemammals.in/submit-record/30-08-2020-Stenella2_Umbergaonbeach_Gujarat_20190917.jpeg http://www.marinemammals.in/submit-record/30-08-2020-Stenella3_Umbergaonbeach_Gujarat_20190917.jpeg http://www.marinemammals.in/submit-record/30-08-2020-S,,"20.1738123, 72.7639000","20.1738123, 72.7639000",,,,,,,MMI,20.17933021,72.74390141,571,FALSE,,424,FALSE,,Remapped
308,950,13,9,2019,Karnataka,Humpback dolphin,Humpback dolphin,"13.6122502, 74.6714798",,Kundapur kodi beach,,,,"13.6122502, 74.6714798","13.6122502, 74.6714798",,,A,4a,,,Whatsapp,13.61218575,74.67084541,572,TRUE,573,1813,FALSE,,
1402,951,13,9,2019,Karnataka,Indian Ocean humpback dolphin,Humpback dolphin,"13.6137252633312, 74.6703559392317",Code 4,,,http://www.marinemammals.in/submit-record/02-01-2023-Kodi 1.jpg http://www.marinemammals.in/submit-record/02-01-2023-Kodi 2.jpg http://www.marinemammals.in/submit-record/02-01-2023-Kodi 3.jpg http://www.marinemammals.in/submit-record/02-01-2023-Kodi 4.jp,,,,,,,,,,MMI-later,13.61372526,74.67035594,573,FALSE,,425,FALSE,,
1401,952,13,9,2019,Karnataka,Small-sized delphinid,Small-sized delphinid,"13.6137252633312, 74.6703559392317",Code 4,,,http://www.marinemammals.in/submit-record/02-01-2023-IMG-20190913-WA0014.jpg,,,,,,,,,,MMI-later,13.61372526,74.67035594,574,TRUE,"572, 573",1814,FALSE,,
1403,953,11,9,2019,Tamil Nadu,Bryde's whale,Bryde's whale,"82.75916, 77.88888",Code 4,,,http://www.marinemammals.in/submit-record/25-12-2022-Ovari 5.jpg http://www.marinemammals.in/submit-record/25-12-2022-Ovari 4.jpg http://www.marinemammals.in/submit-record/25-12-2022-Ovari 3.jpg http://www.marinemammals.in/submit-record/25-12-2022-Ovari,,,,,,,,,,MMI-later,8.274424772,77.89045423,575,FALSE,,426,FALSE,,
309,954,10,9,2019,Kerala,Indo-Pacific finless porpoise,Indo-Pacific finless porpoise,,,"Kannur, Chera Rocks",,,,"11.8209658188667, 75.417995872587511.82096581886678, 75.41799587258758","11.82096581886678, 75.41799587258758",,,C,2,,,Whatsapp,11.82096582,75.41799587,576,FALSE,,427,TRUE,428,
1404,955,10,9,2019,Kerala,Indo-Pacific finless porpoise,Indo-Pacific finless porpoise,"11.8710450403748, 75.350977867955","Code 2, there were white markings on the lips and throat, The animal looks young,",,,http://www.marinemammals.in/submit-record/25-12-2022-Finless kannur 1.jpg http://www.marinemammals.in/submit-record/25-12-2022-Finless kannur 2.jpg http://www.marinemammals.in/submit-record/25-12-2022-Finless kannur 3.jpg,,,,,,,,,,MMI-later,11.87104504,75.35097787,577,FALSE,,428,FALSE,,
1867,956,8,9,2019,Goa,Humpback dolphin,Humpback dolphin,,,,,,,,,,,C,2,0.5,1,Terra,15.49811156,73.76646088,578,FALSE,,429,TRUE,430,
1405,957,8,9,2019,Goa,Indian Ocean humpback dolphin,Humpback dolphin,"15.2563716032015, 73.9186731421787","Code 2, neonate, fetal curves clearly observed, 90,5cm*20,5cm",,,http://www.marinemammals.in/submit-record/25-12-2022-benaulim 20190908 1.jpg http://www.marinemammals.in/submit-record/25-12-2022-benaulim 2.jpg http://www.marinemammals.in/submit-record/25-12-2022-benaulim 3.jpg http://www.marinemammals.in/submit-record,,,,,,,,,,MMI-later,15.2563716,73.91867314,579,TRUE,,430,FALSE,,
310,958,6,9,2019,Goa,Sperm whale,Sperm whale,"15.3698867499529, 73.8332802069626",Carcass found washed ashore,"Source: Oceanwatch, Goa",,http://www.marinemammals.in/submit-record/10-08-2020-SpermWhale_Bogmalo_Goa_20190906.jpeg,,"15.3699, 73.870915.3699, 73.8709","15.3699, 73.8709",,,,,,,MMI,15.3699,73.8709,580,FALSE,,431,FALSE,,
311,959,5,9,2019,Goa,Striped dolphin,Striped dolphin,,,zalor,,,,"15.2077350237539, 73.932307024520115.207735023753903, 73.93230702452014","15.207735023753903, 73.93230702452014",,,,,,,Whatsapp,15.20773502,73.93230702,581,FALSE,,432,TRUE,434,
1406,960,5,9,2019,Maharashtra,Spinner dolphin,Spinner dolphin,"19.12851, 72.8143","First found between 2AM-3AM by locals who claim it beached alive, It was taken back out to sea but it stranded again at 7AM and was dead,",,,http://www.marinemammals.in/submit-record/26-02-2020-IMG_20190905_122829.jpg http://www.marinemammals.in/submit-record/26-02-2020-IMG_20190905_124007.jpg http://www.marinemammals.in/submit-record/26-02-2020-IMG_20190905_124010.jpg http://www.marinemammal,,,,,,,,,,MMI-later,19.12851,72.8143,582,FALSE,,433,FALSE,,
312,961,5,9,2019,Maharashtra,Striped dolphin,Striped dolphin,,,Versova beach,,,,"19.1396332597257, 72.803101849602719.13963325972574, 72.80310184960278","19.13963325972574, 72.80310184960278",,,A,2,,,Whatsapp,19.13963326,72.80310185,583,FALSE,,434,TRUE,433,
313,962,5,9,2019,Maharashtra,Striped dolphin,Striped dolphin,"19.1285157, 72.8143",Code 2,"Beached at Versova, First Responder, Shaunak Modi,",,http://www.marinemammals.in/submit-record/30-08-2020-Striped_Versova_Mumbai_20190905.jpeg http://www.marinemammals.in/submit-record/30-08-2020-Striped2_Versova_Mumbai_20190905.jpeg,,"19.1285157, 72.8143","19.1285157, 72.8143",,,,,,,MMI,19.1285157,72.8143,584,TRUE,582,1815,FALSE,,
314,963,4,9,2019,Goa,False Killer Whale,False killer whale,,,majorda,,,,"15.3106442231508, 73.901536537960915.310644223150888, 73.9015365379609","15.310644223150888, 73.9015365379609",,F,A,4b,,,Whatsapp,15.31064422,73.90153654,585,TRUE,586,1816,FALSE,,
1407,964,4,9,2019,Goa,Large-sized delphinid,Large-sized delphinid,"15.3116735723989, 73.900627954439","one of the blackfish - Length 194cm, Code 3",,,http://www.marinemammals.in/submit-record/02-01-2023-Majorda 1.jpg http://www.marinemammals.in/submit-record/02-01-2023-Majorda 2.jpg http://www.marinemammals.in/submit-record/02-01-2023-Majorda 3.jpg,,,,,,,,,,MMI-later,15.31167357,73.90062795,586,FALSE,,435,FALSE,,
315,965,31,8,2019,Goa,Indo-Pacific finless porpoise,Indo-Pacific finless porpoise,"15.1791179 73.9396000,",Only image available,"Washed ashore - Cavellosim, Gao",,http://www.marinemammals.in/submit-record/08-03-2020-FP_Cavellosim_Goa_20190831.jpeg http://www.marinemammals.in/submit-record/08-03-2020-FP2_Cavellosim_20190831.jpeg,,15.1791179 73.9396000,15.1791179 73.9396000,,,C,2,1,2,MMI,15.1791179,73.9396,587,FALSE,,436,FALSE,,
1866,966,31,8,2019,Goa,Unidentified cetacean,Small-sized delphinid,,,,,,,,,,,,,,,Terra,15.31074282,73.90150246,588,TRUE,,437,FALSE,,
1863,967,30,8,2019,Goa,Finless porpoise,Indo-Pacific finless porpoise,,,,,,,,,,,,2,,,Terra,15.35447242,73.88294084,589,TRUE,592,1817,FALSE,,
1864,968,30,8,2019,Goa,Finless porpoise,Indo-Pacific finless porpoise,,,,,,,,,,,,,,,Terra,15.29232184,73.90768202,590,TRUE,,438,TRUE,439,
1865,969,30,8,2019,Goa,Finless porpoise (calf),Indo-Pacific finless porpoise,,,,,,,,,,,,,,,Terra,15.1838217,73.93857975,591,TRUE,587,1818,FALSE,,
316,970,30,8,2019,Goa,Indo-Pacific finless porpoise,Indo-Pacific finless porpoise,"15.3544232, 73.8838",See image,Velsao beach - Goa,,http://www.marinemammals.in/submit-record/08-03-2020-FP_VelsaoBeach_Goa_20190830.jpeg,,"15.3544232, 73.8838","15.3544232, 73.8838",,,,2,0.5,1,MMI,15.35434424,73.88338441,592,FALSE,,439,TRUE,444,
1408,971,30,8,2019,Goa,Indo-Pacific finless porpoise,Indo-Pacific finless porpoise,,,,,,,,,,,,,,,MMI-later,,,593,TRUE,,440,FALSE,,
1147,972,29,8,2019,Kerala,Blue whale,Blue whale,,,,,,,"8.5, 76.883",76.883,,,,,,,"Kumar et al., 2021",8.501789964,76.89105733,594,FALSE,,441,FALSE,,
317,973,29,8,2019,Kerala,Unidentified baleen whale,Unidentified baleen whale,"8.5241391, 76.88051",Only image,Trivandrum,,http://www.marinemammals.in/submit-record/08-03-2020-Trivandrum_2019-08-29 at 6.48.21 PM (1) copy.jpeg http://www.marinemammals.in/submit-record/08-03-2020-Trivandrum_2019-08-29 at 6.48.20 PM.jpeg http://www.marinemammals.in/submit-record/08-03-2020-Triv,,"8.5241391, 76.8805100","8.5241391, 76.8805100",,,,,,,MMI,8.521154401,76.87620014,595,TRUE,594,1819,FALSE,,
1409,974,29,8,2019,Maharashtra,Unidentified baleen whale,Unidentified baleen whale,"16.3589636909636, 73.3834222209633","Code 4, 25 ft length",,,http://www.marinemammals.in/submit-record/24-12-2022-UIB 08 19.jpg http://www.marinemammals.in/submit-record/24-12-2022-UIB 08 19_2.jpg http://www.marinemammals.in/submit-record/24-12-2022-UIB 08 19_3.jpg,,,,,,,,,,MMI-later,16.35896369,73.38342222,596,FALSE,,442,FALSE,,
1054,975,27,8,2019,Lakshadweep islands,Dwarf Sperm Whale,Dwarf sperm whale,,,,,,,,,,,,,,,"Kumar et al., 2019",10.83,72.18,597,FALSE,,443,FALSE,,
1862,976,27,8,2019,Goa,Indo-Pacific finless porpoise,Indo-Pacific finless porpoise,,,,,,,,,,,,2,,,Terra,15.35418426,73.8834957,598,FALSE,,444,FALSE,,
318,977,27,8,2019,Goa,Small-sized delphinid,Small-sized delphinid,,,Velsao  Beach  point  4,,,,"15.3564411539969, 73.882324924609715.356441153996972, 73.88232492460973","15.356441153996972, 73.88232492460973",,,,,,,Whatsapp,15.35644115,73.88232492,599,TRUE,598,1820,FALSE,,
319,978,27,8,2019,Goa,Unidentified baleen whale,Unidentified baleen whale,"15.3544232, 73.8838",See image,"Velsao beach, Goa",,http://www.marinemammals.in/submit-record/08-03-2020-UnidBaleen_VelsaoBeach_Goa_20190827 .jpeg,,"15.3544232, 73.8838","15.3544232, 73.8838",,,,,,,MMI,15.35434424,73.88338441,600,FALSE,,445,FALSE,,
1861,979,26,8,2019,Goa,Finless porpoise,Indo-Pacific finless porpoise,,,,,,,,,,,,,,,Terra,15.29319,73.90775,601,TRUE,,446,TRUE,"444, 445",
320,980,26,8,2019,Goa,Small-sized delphinid,Small-sized delphinid,,,Colva,,,,"15.2747503309764, 73.913447026283915.274750330976493, 73.91344702628395","15.274750330976493, 73.91344702628395",,,,,,,Whatsapp,15.27475033,73.91344703,602,TRUE,601,1821,FALSE,,
321,981,25,8,2019,Goa,Indian Ocean humpback dolphin,Humpback dolphin,"15.278033092292, 73.9120976759894",See image,"Colva, goa",,http://www.marinemammals.in/submit-record/08-03-2020-Sousa_Colva_Goa_20190825.jpeg,,"15.2784, 73.909115.2784, 73.9091","15.2784, 73.9091",,,C,2,1,2,MMI,15.27895927,73.91207633,603,FALSE,,447,TRUE,"444, 445, 446",
322,982,25,8,2019,Goa,Small-sized delphinid,Small-sized delphinid,,,Colva,,,,"15.2744373175075, 73.913569469972515.274437317507566, 73.91356946997256","15.274437317507566, 73.91356946997256",,,,,,,Whatsapp,15.27443732,73.91356947,604,TRUE,601,1822,FALSE,,
323,983,23,8,2019,Goa,Humpback dolphin,Humpback dolphin,,,Patnem beach,,,,"14.9967817221814, 74.033759877485514.996781722181456, 74.03375987748551","14.996781722181456, 74.03375987748551",,,,,,,Whatsapp,14.99678172,74.03375988,605,TRUE,,448,TRUE,449,
324,984,23,8,2019,Goa,Indian Ocean humpback dolphin,Humpback dolphin,"15.4043116210227, 73.7867303576919",Washed ashore,"Patnem beach, Goa",,http://www.marinemammals.in/submit-record/08-03-2020-Sousa_PatnemBeach_Goa_20190823.jpeg http://www.marinemammals.in/submit-record/08-03-2020-Sousa2_PatnemBeach_Goa_20190823.jpeg,,"15.404311621022787, 73.78673035769195","15.404311621022787, 73.78673035769195",,,,3,3,4,MMI,15.40431162,73.78673036,606,FALSE,,449,FALSE,,
325,985,18,8,2019,Goa,Indo-Pacific finless porpoise,Indo-Pacific finless porpoise,,,calangute,,,,"15.5474237275601, 73.752737517492915.547423727560178, 73.75273751749295","15.547423727560178, 73.75273751749295",Bycatch? Bite marks?,,C,2,1,2,Whatsapp,15.54742373,73.75273752,607,FALSE,,450,FALSE,,
326,986,17,8,2019,Maharashtra,Indian Ocean humpback dolphin,Humpback dolphin,"17.8540866250001, 73.0837488027381","See image, 8,5' long","Anjarle, Ratnagiri,",,http://www.marinemammals.in/submit-record/08-03-2020-Sousa_Anjarle_Ratnagiri_Length_8.5ft_20190817.jpeg,,"17.8532, 73.083917.8532, 73.0839","17.8532, 73.0839",,,,,,,MMI,17.8532,73.0839,608,FALSE,,451,FALSE,,
1146,987,16,8,2019,Kerala,Indo-Pacific finless porpoise,Indo-Pacific finless porpoise,,,,,,,"8.5, 76.883",76.883,,,,,,,"Kumar et al., 2021",8.499619812,76.89322749,609,TRUE,610,1823,FALSE,,
327,988,16,8,2019,Kerala,Indo-Pacific finless porpoise,Indo-Pacific finless porpoise,"8.5164517933677, 76.8799852656386",See image,Trivandrum - Washed ashore,,http://www.marinemammals.in/submit-record/08-03-2020-FP_Trivandrum_KL_20190816.jpeg,,"8.516451793367704, 76.87998526563865","8.516451793367704, 76.87998526563865",,,,,,,MMI,8.516451793,76.87998527,610,FALSE,,452,FALSE,,
1860,989,15,8,2019,Goa,Humpback dolphin,Humpback dolphin,,,,,,,,,,,,,,,Terra,15.28426471,73.91052768,611,FALSE,,453,FALSE,,
328,990,15,8,2019,Goa,Small-sized delphinid,Small-sized delphinid,,,benaulim,,,,"15.2598899398648, 73.917162994830115.25988993986481, 73.91716299483018","15.25988993986481, 73.91716299483018",,,,2,,,Whatsapp,15.25988994,73.91716299,612,TRUE,611,1824,FALSE,,
329,991,10,8,2019,Goa,Indo-Pacific finless porpoise,Indo-Pacific finless porpoise,"15.2433479113235, 73.9223638315844",,"Benaulim, Goa",,http://www.marinemammals.in/submit-record/08-03-2020-FP_Benaulim_Goa_20190810.jpeg http://www.marinemammals.in/submit-record/08-03-2020-FP2_Benaulim_Goa_20190810.jpeg,,"15.2433, 73.922615.2433, 73.9226","15.2433, 73.9226",,F,C,2,0.5,1,MMI,15.2433,73.9226,613,FALSE,,454,FALSE,,
330,992,10,8,2019,Goa,Small-sized delphinid,Small-sized delphinid,,,benaulim,,,,"15.2594442911688, 73.917278478617615.259444291168833, 73.91727847861766","15.259444291168833, 73.91727847861766",,,,2,,,Whatsapp,15.25944429,73.91727848,614,TRUE,613,1825,FALSE,,
1859,993,9,8,2019,Goa,Humpback dolphin,Humpback dolphin,,,,,,,,,,,,,,,Terra,15.28378052,73.91063942,615,FALSE,,455,FALSE,,
331,994,9,8,2019,Goa,Small-sized delphinid,Small-sized delphinid,,,benaulim,,,,"15.255711946219, 73.917740413767615.255711946219094, 73.9177404137676","15.255711946219094, 73.9177404137676",,,,2,,,Whatsapp,15.25571195,73.91774041,616,TRUE,613,1826,FALSE,,
1858,995,8,8,2019,Goa,Finless porpoise,Indo-Pacific finless porpoise,,,,,,,,,,,,,,,Terra,15.24393648,73.92224905,617,TRUE,613,1827,FALSE,,
332,996,5,8,2019,Kerala,Indo-Pacific finless porpoise,Indo-Pacific finless porpoise,,,Calicut,,,,"11.2718519755977, 75.761473162670111.271851975597786, 75.76147316267013","11.271851975597786, 75.76147316267013",,,,,,,Whatsapp,11.27185198,75.76147316,618,TRUE,619,1828,FALSE,,
333,997,5,8,2019,Kerala,Indo-Pacific finless porpoise,Indo-Pacific finless porpoise,"11.2579292475314, 75.7686621156641",See image,Washed ashore,,http://www.marinemammals.in/submit-record/08-03-2020-FP_Calicut_20190805.jpeg,,"11.257929247531417, 75.76866211566416","11.257929247531417, 75.76866211566416",,,,,,,MMI,11.25792925,75.76866212,619,FALSE,,456,FALSE,,
334,998,4,8,2019,Kerala,Killer Whale,Killer whale,,,"Puthukurichi, Tricandrum",,,,"8.59953090261812, 76.81265107869298.599530902618122, 76.8126510786929","8.599530902618122, 76.8126510786929",,M,A,3b,,,Whatsapp,8.599530903,76.81265108,620,FALSE,,457,TRUE,458,
335,999,4,8,2019,Kerala,Killer whale,Killer whale,"8.51613727638785, 76.8802874884407","Male,","Trivandrum, Kerala, Conveyed by Dipani Sutaria",,http://www.marinemammals.in/submit-record/28-08-2020-Orca2_Trivandrum_KL_20190804.jpeg http://www.marinemammals.in/submit-record/28-08-2020-Orca_Trivandrum_KL_20190804.jpeg,,"8.516137276387857, 76.88028748844073","8.516137276387857, 76.88028748844073",,,,,,,MMI,8.516137276,76.88028749,621,FALSE,,458,FALSE,"456, 457",
336,1000,4,8,2019,Kerala,Killer whale,Killer whale,"8.5241391, 76.93663",Washed ashore,Trivandrum,,http://www.marinemammals.in/submit-record/08-03-2020-Orca_Trivandrum_KL_20190804.jpeg http://www.marinemammals.in/submit-record/08-03-2020-Orca2_Trivandrum_KL_20190804.jpeg,,"8.5241391, 76.9366300","8.5241391, 76.9366300",,,,,,,MMI,8.504460921,76.89022266,622,TRUE,621,1829,FALSE,,Remapped
1145,1001,4,8,2019,Kerala,Killer whale,Killer whale,,,,,,,"8.615, 76.799",76.799,,,,,,,"Kumar et al., 2021",8.615,76.799,623,FALSE,,459,TRUE,458,
337,1002,1,8,2019,Maharashtra,Indian Ocean humpback dolphin,Humpback dolphin,"18.9862948937347, 72.8103658335898","See image, Sousa ?","Mahalakshmi, Mumbai",,http://www.marinemammals.in/submit-record/08-03-2020-Sousa?_Mahalaxmi_Mumbai_20190801.jpeg,,"18.9861, 72.808718.9861, 72.8087","18.9861, 72.8087",,,,,,,MMI,18.9861,72.8087,624,FALSE,,460,FALSE,,
338,1003,1,8,2019,Goa,Humpback dolphin,Humpback dolphin,,,palolem,,,,"15.0113666597286, 74.020925069429615.011366659728617, 74.02092506942964","15.011366659728617, 74.02092506942964",,,,3,2,5,Whatsapp,15.01136666,74.02092507,625,FALSE,,461,FALSE,,
339,1004,29,7,2019,Goa,Small-sized delphinid,Small-sized delphinid,,,majorda,,,,"15.3162640421135, 73.89945801009515.316264042113572, 73.89945801009503","15.316264042113572, 73.89945801009503",,,,,,,Whatsapp,15.31626404,73.89945801,626,FALSE,,462,FALSE,,
340,1005,29,7,2019,Goa,Small-sized delphinid,Small-sized delphinid,,,Velsao,,,,"15.3499692166759, 73.885652457000315.349969216675927, 73.88565245700039","15.349969216675927, 73.88565245700039",,,,,,,Whatsapp,15.34996922,73.88565246,627,FALSE,,463,TRUE,462,
341,1006,27,7,2019,Goa,Small-sized delphinid,Small-sized delphinid,,,calangute,,,,"15.5441160989949, 73.754110808402815.544116098994971, 73.75411080840287","15.544116098994971, 73.75411080840287",,,,,,,Whatsapp,15.5441161,73.75411081,628,FALSE,,464,FALSE,"462, 463",
1410,1007,17,7,2019,Andaman & Nicobar islands,Pan-tropical spotted dolphin,Pan-tropical spotted dolphin,,"Code 2 Total lenght - 1,9 37 teeth count in one half of lower jaw 40 in the upper (as per FD) Gut and throat were full of refined oil bags and rope, Sample taken, salted and frozen,",,,http://www.marinemammals.in/submit-record/20-12-2022-Cinque 1.jpg http://www.marinemammals.in/submit-record/20-12-2022-cinque 2.jpg http://www.marinemammals.in/submit-record/20-12-2022-cinque 3.jpg,,,,,,,,,,MMI-later,,,629,FALSE,,465,FALSE,,
342,1008,17,7,2019,Goa,Small-sized delphinid,Small-sized delphinid,,,Talpona,,,,"14.9780251084655, 74.041748371914214.9780251084655, 74.04174837191425","14.9780251084655, 74.04174837191425",,,,,,,Whatsapp,14.97802511,74.04174837,630,FALSE,,466,FALSE,,
343,1009,16,7,2019,Goa,Humpback dolphin,Humpback dolphin,,,Benaulim,,,,"15.2583301652918, 73.916816543467715.258330165291817, 73.91681654346773","15.258330165291817, 73.91681654346773",,,,,,,Whatsapp,15.25833017,73.91681654,631,FALSE,,467,FALSE,,
344,1010,14,7,2019,Maharashtra,Humpback dolphin,Humpback dolphin,,,Girgaon Chowpatty,,,,"18.9531248257449, 72.81376749949918.953124825744975, 72.81376749949906","18.953124825744975, 72.81376749949906",,,A,2,,,Whatsapp,18.95312483,72.8137675,632,FALSE,,468,FALSE,"466, 467",
345,1011,10,7,2019,Maharashtra,Cuvier's beaked whale,Cuvier's beaked whale,"18.158484, 72.989132","No external injury was observed, It was a Code 2 fresh specimen, Female, 4,9m long,","Carcass was burried by locals and later retrieved by the Mangrove Cell for the skeleton, Photos shared by Mr, Mohan Upadhey",,http://www.marinemammals.in/submit-record/14-07-2019-IMG-20190711-WA0013.jpg,,"18.1584840, 72.9891320","18.1584840, 72.9891320",,,,,,,MMI,18.15832715,72.98841219,633,FALSE,,469,FALSE,,
346,1012,10,7,2019,Maharashtra,Unidentified baleen whale,Unidentified baleen whale,"19.6531837878251, 72.7082685806804","Highly decomposed carcass washed ashore, later broke into pieces, Buried on site after taking tissue samples,","Found at Mahim beach, Palghar, Reported by Mangrove Foundation,",,http://www.marinemammals.in/submit-record/12-07-2019-1.jpeg http://www.marinemammals.in/submit-record/12-07-2019-2.jpeg http://www.marinemammals.in/submit-record/12-07-2019-3.jpeg http://www.marinemammals.in/submit-record/12-07-2019-4.jpeg http://www.mar,"http://www,marinemammals,in/submit-record/12-07-2019-V1,mp4","19.6539, 72.708919.6539, 72.7089","19.6539, 72.7089",,,,,,,MMI,19.6539,72.7089,634,FALSE,,470,FALSE,,
1857,1013,5,7,2019,Goa,Indian Ocean Humpback Dolphin,Humpback dolphin,,,,,,,,,,,,,,,Terra,14.98904,74.03745,635,FALSE,,471,FALSE,,
347,1014,4,7,2019,Maharashtra,Indo-Pacific finless porpoise,Indo-Pacific finless porpoise,"16.0467756441541, 73.4665958102527","Code 2 - fresh very young animal washed ashore, fishermen buried the same with a ceremony","Near Dandeshwar mandir, Likely shore seine?",,http://www.marinemammals.in/submit-record/11-09-2021-image0.png http://www.marinemammals.in/submit-record/11-09-2021-image1.png,,"16.0466, 73.462516.0466, 73.4625","16.0466, 73.4625",,,,,,,MMI,16.04676282,73.46744376,636,FALSE,,472,FALSE,,
1856,1015,29,6,2019,Goa,Indian Ocean Humpback Dolphin,Humpback dolphin,,,,,,,,,,,,3,2,5,Terra,15.1267,73.94063,637,FALSE,,473,TRUE,474,
348,1016,29,6,2019,Goa,Small-sized delphinid,Small-sized delphinid,"15.2732176025294, 73.9138138980322","Code 3 animal stranded, Bleeding near eyes and flippers, Picture showed pregnant animal with calf aborted,",Colva beach,,http://www.marinemammals.in/submit-record/11-09-2021-Colva-2019-06-29-13-05-07.jpg,,"15.2737, 73.913415.2737, 73.9134","15.2737, 73.9134",,,,,,,MMI,15.27390949,73.91380828,638,FALSE,,474,FALSE,473,
1855,1017,16,6,2019,Goa,Indian Ocean Humpback Dolphin,Humpback dolphin,,,,,,,,,,,,,,,Terra,15.66634781,73.70962664,639,TRUE,,475,TRUE,476,
349,1018,16,6,2019,Goa,Indian Ocean humpback dolphin,Humpback dolphin,"15.2388857492333, 73.9236512831483","Code 2 dolphin washed ashore, Had fetal curves, FD collected sample,",buried by FD after collecting sample,,http://www.marinemammals.in/submit-record/11-09-2021-image1.jpeg http://www.marinemammals.in/submit-record/11-09-2021-image0.jpeg,,"15.2389, 73.923815.2389, 73.9238","15.2389, 73.9238",,,C,2,1,2,MMI,15.2389,73.9238,640,FALSE,,476,FALSE,,
350,1019,16,6,2019,Goa,Indian Ocean humpback dolphin,Humpback dolphin,"14.9976384, 74.0411","Code 4 carcass of a small sized delphinid washed ashore with the skull separated from the rest of the body, The teeth count showed 46/43 UJ/LJ Left side,",The FD buried the remains,,http://www.marinemammals.in/submit-record/11-09-2021-Canacona dolphin-2019-06-16-17-50-50.jpg,,"14.9976384, 74.0411","14.9976384, 74.0411",,,,4,7,9,MMI,14.99682596,74.03319324,641,FALSE,,477,TRUE,476,
1854,1020,15,6,2019,Goa,finless porpoise,Indo-Pacific finless porpoise,,,,,,,,,,,,,,,Terra,15.64181,73.71912,642,FALSE,,478,FALSE,"475, 476, 477",
1853,1021,15,6,2019,Goa,Indian Ocean Humpback Dolphin,Humpback dolphin,,,,,,,,,,,,4,6,9,Terra,15.4832,73.80717,643,FALSE,,479,TRUE,476,
351,1022,13,6,2019,Maharashtra,Indian Ocean humpback dolphin,Humpback dolphin,"18.9547494, 72.8138","Code 2 when stranded, Size 4,5-5ft, By the time network member reached, the animal had been buried by the BMC",The Marine police were present with the BMC,,http://www.marinemammals.in/submit-record/11-09-2021-2019 Girgaon. Chowpatty. Maharashtra .jpeg,,"18.9547494, 72.8138","18.9547494, 72.8138",,,,,,,MMI,18.95344454,72.81320021,644,FALSE,,480,FALSE,,
352,1023,2,6,2019,Maharashtra,Indian Ocean humpback dolphin,Humpback dolphin,"18.8545884, 72.9242","No data collected, Looked code 3,","Reported by Abhishek Jamalabad on India Marine Mammals group, (Whatsapp)Dolphin stranded on a rcoky shore in Pirwad, Uran,",,http://www.marinemammals.in/submit-record/08-06-2019-PHOTO-2019-06-02-15-57-01.jpg http://www.marinemammals.in/submit-record/08-06-2019-PHOTO-2019-06-02-15-57-01 2.jpg,,"18.8545884, 72.9242","18.8545884, 72.9242",,,,,,,MMI,18.8545884,72.9242,645,FALSE,,481,FALSE,,
353,1024,2,6,2019,Karnataka,Indian Ocean humpback dolphin,Humpback dolphin,"13.0559156, 74.8477","Carcass stranded ashore on the beach, in code 5 condition,","Much beach, north of Mangalore",,http://www.marinemammals.in/submit-record/08-06-2019-PHOTO-2019-06-02-15-11-48.jpg,,"13.0559156, 74.8477","13.0559156, 74.8477",,,,,,,MMI,13.04080968,74.78242045,646,FALSE,,482,FALSE,,Remapped
354,1025,31,5,2019,Goa,Indo-Pacific finless porpoise,Indo-Pacific finless porpoise,"15.4991464, 73.7674","Individual washed ashore at Sinquerim Beach, No additional morphometric data available,","Sinquerim Beach, Source: TerraConscious and Drishti Life guards",,http://www.marinemammals.in/submit-record/03-06-2019-Sinquerim_FP_31052019_1.jpeg http://www.marinemammals.in/submit-record/03-06-2019-Sinquerim_FP_31052019_2.jpeg,,"15.4991464, 73.7674","15.4991464, 73.7674",,,,3,3,5,MMI,15.49918017,73.76729517,647,FALSE,,483,FALSE,,
355,1026,30,5,2019,Maharashtra,Indo-Pacific finless porpoise,Indo-Pacific finless porpoise,"18.726964469665, 72.8645130360526","Only picture available,","Kihim beach, came in with the tide, total length - about a meter",,http://www.marinemammals.in/submit-record/30-05-2019-1.jpeg http://www.marinemammals.in/submit-record/30-05-2019-2.jpeg http://www.marinemammals.in/submit-record/30-05-2019-3.jpeg http://www.marinemammals.in/submit-record/30-05-2019-4.jpeg,,"18.7297, 72.863118.7297, 72.8631","18.7297, 72.8631",,,,,,,MMI,18.7297,72.8631,648,FALSE,,484,FALSE,,
1852,1027,28,5,2019,Goa,Indian ocean Humpback dolphin,Humpback dolphin,,,,,,,,,,,,3,2,3,Terra,15.40592,73.78661,649,FALSE,,485,FALSE,,
356,1028,28,5,2019,Karnataka,Indian Ocean humpback dolphin,Humpback dolphin,"13.0490678, 74.7834","Data recorded by Dr, Shantanu Kalambi,","Sasihitlu beach, north of mangalore,",,http://www.marinemammals.in/submit-record/08-06-2019-PHOTO-2019-06-02-15-11-49.jpg,,"13.0490678, 74.7834","13.0490678, 74.7834",,,,,,,MMI,13.0490678,74.7834,650,FALSE,,486,FALSE,,
1053,1029,25,5,2019,Tamil Nadu,Pygmy sperm whale,Pygmy sperm whale,,,,,,,,,,,,,,,Chandrashekar et al 2022,9.690616116,78.98204086,651,FALSE,,487,FALSE,,
1851,1030,24,5,2019,Goa,finless porpoise,Indo-Pacific finless porpoise,,,,,,,,,,,,,,,Terra,15.51762149,73.76267378,652,FALSE,,488,FALSE,,
357,1031,22,5,2019,Odisha,Humpback dolphin,Humpback dolphin,,,Rushikulya,,,,"19.386981936912, 85.085795438989519.386981936912072, 85.08579543898959","19.386981936912072, 85.08579543898959",,,A,3a,,,Whatsapp,19.38698194,85.08579544,653,FALSE,,489,FALSE,,
1850,1032,22,5,2019,Goa,Indian Ocean Humpback Dolphin,Humpback dolphin,,,,,,,,,,,,3,2,4,Terra,15.29145629,73.90796617,654,FALSE,,490,FALSE,,
358,1033,22,5,2019,Odisha,Indian Ocean humpback dolphin,Humpback dolphin,"19.3205699914877, 84.9877827398281","Dolphin washed ashore, condition Code 4, Based on fin size and shape, looks like a sub-adult/juvenile animal",At Rushikulya river mouth beach,,http://www.marinemammals.in/submit-record/08-06-2019-PHOTO-2019-05-24-17-34-31.jpg http://www.marinemammals.in/submit-record/08-06-2019-PHOTO-2019-05-24-17-34-32 2.jpg http://www.marinemammals.in/submit-record/08-06-2019-PHOTO-2019-05-24-17-34-32.jpg htt,,"19.3203, 84.98819.3203, 84.9880","19.3203, 84.9880",,,,,,,MMI,19.3203,84.988,655,FALSE,,491,FALSE,,
359,1034,22,5,2019,Gujarat,Indo-Pacific finless porpoise,Indo-Pacific finless porpoise,"20.1738123, 72.7639","One dead washed Finless porpoise 2-3 feet, partially decomposed","Umargam, Gujarat Source- self",,,,"20.1738123, 72.7639","20.1738123, 72.7639",,,,,,,MMI,20.17933021,72.74390141,656,FALSE,,492,FALSE,,Remapped
360,1035,17,5,2019,Tamil Nadu,Small-sized delphinid,Small-sized delphinid,"9.2633692, 78.90336","Dead dolphin found in the seashore, Laceration on the left side, Flippers were putrified and damaged, Empty stomach and intestines,","Periapattinam seashore of Ramanathapuram district of Gulf of Mannar,",,,,"9.2633692, 78.90336","9.2633692, 78.90336",,,,,,,MMI,9.256752581,78.91535041,657,FALSE,,493,TRUE,494,
1411,1036,16,5,2019,Tamil Nadu,Dwarf sperm whale,Dwarf sperm whale,"9.28256983275043, 79.1907958965819","A calf was found live by, kept in a small container filled with water, but it couldn't survive, Rake marks were present on it,",,,http://www.marinemammals.in/submit-record/16-12-2022-kogia 3.jpg http://www.marinemammals.in/submit-record/16-12-2022-kogia 2.jpg http://www.marinemammals.in/submit-record/16-12-2022-kogia 1.jpg,,,,,,,,,,MMI-later,9.282569833,79.1907959,658,FALSE,,494,FALSE,,
361,1037,16,5,2019,Gujarat,Indian Ocean humpback dolphin,Humpback dolphin,"22.47316, 72.549543","A dead humpback dolphin was found floating in the water, There was no tail stock on the carcass,","Reported on India Marine Mammals group (Whatsapp) by Ms, Sameeha Pathan, Location to be confirmed",,,,,,,,,,,,MMI,,,659,FALSE,,495,TRUE,496,
363,1038,15,5,2019,Maharashtra,Indo-Pacific finless porpoise,Indo-Pacific finless porpoise,"19.3399306, 72.7907","Carcass washed ashore on Vasai beach, Only the snout to about mid-section of the carcass was observed, No other data recorded,","Stranding was reported to Abhishek Jamalbad by Mr, M V Bhaktha from Vasai,Washed ashore at Vasai beach,",,http://www.marinemammals.in/submit-record/08-06-2019-finless porpoise vasai.jpg,,"19.3399306, 72.7907","19.3399306, 72.7907",,,,,,,MMI,19.3399306,72.7907,661,FALSE,,497,FALSE,,
364,1039,14,5,2019,Karnataka,Indian Ocean humpback dolphin,Humpback dolphin,"13.0141945, 74.7876",A dolphin washed ashore in the afternoon at Guddekoppa beach near Surathkal,"Reported on India Marine Mammal group (Whatsapp) by Dipani Sutaria, Found at Guddekoppa beach near Surathkal,",,,,"13.0141945, 74.7876","13.0141945, 74.7876",,,,,,,MMI,13.0141945,74.7876,662,FALSE,,498,FALSE,,
1849,1040,11,5,2019,Goa,Indian Ocean Humpback Dolphin,Humpback dolphin,,,,,,,,,,,,,,,Terra,15.66776742,73.70927361,663,FALSE,,499,FALSE,,
365,1041,9,5,2019,Maharashtra,Indian Ocean humpback dolphin,Humpback dolphin,"17.7770931, 73.1187","TL=5 feet, Weight=60 kg,","Stranding reported from ToI article by Dipani Sutaria on India Marine Mammals group (whatsapp), Above details from the same article,",,http://www.marinemammals.in/submit-record/08-06-2019-dolphin_newspaper.jpg,,"17.7770931, 73.1187","17.7770931, 73.1187",,,,,,,MMI,17.77927387,73.11219434,664,FALSE,,500,FALSE,,
1412,1042,6,5,2019,Tamil Nadu,Dwarf sperm whale,Dwarf sperm whale,"9.26459811149663, 78.9229363981827",Code 3,,,http://www.marinemammals.in/submit-record/16-12-2022-GoM 2019 05.jpg,,,,,,,,,,MMI-later,9.264598111,78.9229364,665,TRUE,667,1830,FALSE,,
1848,1043,5,5,2019,Goa,cetacean,Small-sized delphinid,,,,,,,,,,,,4,,,Terra,15.64181,73.71912,666,FALSE,,501,FALSE,,
1052,1044,5,5,2019,Tamil Nadu,Dwarf Sperm Whale,Dwarf sperm whale,,,,,,,,,,,,,,,Sadhukhan et al 2022,9.2604,79.0829,667,FALSE,,502,FALSE,,
1847,1045,5,5,2019,Goa,Finless Porpoise,Indo-Pacific finless porpoise,,,,,,,,,,,,3,2,4,Terra,15.50152248,73.76726387,668,FALSE,,503,FALSE,,
366,1046,5,5,2019,Maharashtra,Indo-Pacific finless porpoise,Indo-Pacific finless porpoise,,,Shirgaon beach  palghar,,,,"19.697917491749, 72.710529647317419.69791749174901, 72.71052964731747","19.69791749174901, 72.71052964731747",,,,,,,Whatsapp,19.69791749,72.71052965,669,TRUE,670,1831,FALSE,,
367,1047,5,5,2019,Maharashtra,Indo-Pacific finless porpoise,Indo-Pacific finless porpoise,"19.6977332, 72.714","Carcas found in Code 5 condition, No data recorded","Shirgaon beach; Reported by Mr, Bhushan Bhoir (tel: +9182371 50523) on Marine Respondents' Mumbai group (Whatsapp)",,http://www.marinemammals.in/submit-record/08-06-2019-WhatsApp Image 2019-05-05 at 19.26.55 (1).jpeg http://www.marinemammals.in/submit-record/08-06-2019-WhatsApp Image 2019-05-05 at 19.26.55.jpeg,,"19.695339257123408, 72.71033069185695","19.695339257123408, 72.71033069185695",,,,,,,MMI,19.69533926,72.71033069,670,FALSE,,504,FALSE,,
368,1048,5,5,2019,Maharashtra,Indo-Pacific finless porpoise,Indo-Pacific finless porpoise,"19.13781, 72.80688","Carcass stranded ashore at Versova beach, later buried by Maharashtra State Forest Department, Morphometric data were not recorded","Versova beach,,Reported by Mr, Manir Dhabak (contact details not available) on Sprouts group (Whatsapp),",,http://www.marinemammals.in/submit-record/08-06-2019-porpoise.jpg,,"19,137815, 72,806885","19,137815, 72,806885",,,,,,,MMI,19.13781,72.80688,671,FALSE,,505,FALSE,,
1247,1049,5,5,2019,Tamil Nadu,Risso's dolphin,Risso's dolphin,,,,,,,"9.26497595410847, 79.1091142298613",,,,,,,,MFIS June2019,9.264975954,79.10911423,672,FALSE,,506,FALSE,,
369,1050,4,5,2019,Karnataka,Humpback dolphin,Humpback dolphin,,,Gangolli beach,,,,"13.6485260861261, 74.663962299615113.648526086126141, 74.66396229961515","13.648526086126141, 74.66396229961515",Bite marks,,C,2,,,Whatsapp,13.64852609,74.6639623,673,FALSE,,507,FALSE,,
370,1051,4,5,2019,Karnataka,Humpback dolphin,Humpback dolphin,,,"Kasarkod, honnavar",,,,"14.2650897771291, 74.430731468564314.265089777129198, 74.4307314685643","14.265089777129198, 74.4307314685643",,F,SA,3a,,,Whatsapp,14.26508978,74.43073147,674,TRUE,675,1832,FALSE,,
371,1052,4,5,2019,Karnataka,Indian Ocean humpback dolphin,Humpback dolphin,"14.2680662662309, 74.4294715090288","Total length and tooth count were recorded by Mr, Kolambi",Honnavar beach,,http://www.marinemammals.in/submit-record/08-06-2019-PHOTO-2019-05-04-08-38-05.jpg http://www.marinemammals.in/submit-record/08-06-2019-PHOTO-2019-05-04-08-38-03_1.jpg http://www.marinemammals.in/submit-record/08-06-2019-PHOTO-2019-05-04-08-38-03.jpg htt,,"14.2685, 74.42714.2685, 74.4270","14.2685, 74.4270",,,,,,,MMI,14.2685,74.427,675,FALSE,,508,TRUE,507,
1413,1053,2,5,2019,Gujarat,Indo-Pacific finless porpoise,Indo-Pacific finless porpoise,"20.8553896158684, 72.8073692162967","Shored on the beach, Code 4 condition, There was clean shark bite on the body,",,,http://www.marinemammals.in/submit-record/16-12-2022-Gujarat 05 2019.jpg http://www.marinemammals.in/submit-record/16-12-2022-Gujarat 05 2019 - 1.jpg http://www.marinemammals.in/submit-record/16-12-2022-Gujarat 05 2019 -2.jpg,,,,,,,,,,MMI-later,20.85538962,72.80736922,676,TRUE,671,1833,FALSE,,
372,1054,2,5,2019,Maharashtra,spotted dolphin,Pan-tropical spotted dolphin,,,Sasoon docks,,,,"18.9126766412771, 72.825731483525718.912676641277102, 72.82573148352577","18.912676641277102, 72.82573148352577",,,,5,,,Whatsapp,18.91267664,72.82573148,677,FALSE,,509,FALSE,,
1845,1055,30,4,2019,Goa,Indian Ocean Humpback Dolphin,Humpback dolphin,,,,,,,,,,,,,,,Terra,15.17557103,73.94050592,678,FALSE,,510,FALSE,,
1846,1056,30,4,2019,Goa,Indian Ocean Humpback Dolphin,Humpback dolphin,,,,,,,,,,,,,,,Terra,15.20066,73.93451,679,FALSE,,511,TRUE,510,
373,1057,27,4,2019,Kerala,Unidentified baleen whale,Unidentified baleen whale,,,"Chavakkad beach, Thissur",,,,"10.5718859916769, 76.007312516228110.571885991676954, 76.00731251622818","10.571885991676954, 76.00731251622818",,,A,5,,,Whatsapp,10.57188599,76.00731252,680,FALSE,,512,TRUE,513,
374,1058,26,4,2019,Kerala,Unidentified baleen whale,Unidentified baleen whale,"10.5833, 76.18881",Photographs,"Baleen whale washed ashore in Thrissur district, Approx 20ft in length, No sample collected, Buried next day at the beach,",,http://www.marinemammals.in/submit-record/Bwfxpv.jpg . http://www.marinemammals.in/submit-record/IMG_5251.jpg . http://www.marinemammals.in/submit-record/IMG_5253.jpg,,"10,5833096, 76,01888159999999","10,5833096, 76,01888159999999",,,,,,,MMI,10.55258394,76.01681981,681,FALSE,,513,FALSE,,Remapped
375,1059,24,4,2019,Goa,Humpback dolphin,Humpback dolphin,,,Varca,,,,"15.2217944358938, 73.928603821448615.221794435893862, 73.92860382144869","15.221794435893862, 73.92860382144869",,F,A,2,,,Whatsapp,15.22179444,73.92860382,682,TRUE,683,1834,FALSE,,
376,1060,23,4,2019,Goa,Indian Ocean humpback dolphin,Humpback dolphin,"15.2209348, 73.929","One individual washed ashore, appears to be an adult, No morphometric data available,","Varca Beach, Goa, Source: TerraConscious and Drishti Life guards",,http://www.marinemammals.in/submit-record/03-06-2019-Sousa_Varca_23042019_1.jpeg http://www.marinemammals.in/submit-record/03-06-2019-Sousa_Varca_23042019_2.jpeg http://www.marinemammals.in/submit-record/03-06-2019-Sousa_Varca_23042019_3.jpeg,,"15.2209348, 73.929","15.2209348, 73.929",,,,,,,MMI,15.2209348,73.929,683,FALSE,,514,TRUE,519,
1414,1061,23,4,2019,Maharashtra,Spinner dolphin,Spinner dolphin,"19.07598, 72.8776","Tooth count for upper jaw - 56 Dolphin was caught in a net,",,,http://www.marinemammals.in/submit-record/16-12-2022-Spinner near mumbai 1.jpg http://www.marinemammals.in/submit-record/16-12-2022-Spinner near mumbai 2.jpg,,,,,,,,,,MMI-later,19.07646596,72.82064088,684,FALSE,,515,FALSE,,Remapped
377,1062,21,4,2019,Tamil Nadu,Humpback dolphin,Humpback dolphin,,,Pondicherry,,,,"11.9250229741991, 79.834549415083311.925022974199186, 79.83454941508334","11.925022974199186, 79.83454941508334",Bite marks,,A,4b,,,Whatsapp,11.92502297,79.83454942,685,FALSE,,516,FALSE,,
1415,1063,21,4,2019,Pondicherry,Indo-Pacific finless porpoise,Indo-Pacific finless porpoise,"11.9292741091862, 79.8360497387285","Code 3, half of the body is either eaten by sharks post mortem or damaged by a propellor,",,,http://www.marinemammals.in/submit-record/24-12-2022-finless 2.jpg http://www.marinemammals.in/submit-record/24-12-2022-Finless 1.jpg,,,,,,,,,,MMI-later,,,687,FALSE,,518,FALSE,,
1844,1064,19,4,2019,Goa,Indian Ocean Humpback Dolphin,Humpback dolphin,,,,,,,,,,,,,,,Terra,14.99655,74.0412,688,FALSE,,519,TRUE,520,
378,1065,19,4,2019,Goa,Indo-Pacific finless porpoise,Indo-Pacific finless porpoise,,,"Ashwem, goa",,,,"15.6443435525786, 73.717130818540715.64434355257866, 73.71713081854075","15.64434355257866, 73.71713081854075",,,SA,3a,,,Whatsapp,15.64434355,73.71713082,689,TRUE,692,1835,FALSE,,
1417,1066,19,4,2019,Goa,Indo-Pacific finless porpoise,Indo-Pacific finless porpoise,"15.6262593926075, 73.7281997061093",Code 3,,,http://www.marinemammals.in/submit-record/16-12-2022-Goa april 19-4.jpg http://www.marinemammals.in/submit-record/16-12-2022-Goa april 19-3.jpg http://www.marinemammals.in/submit-record/16-12-2022-Goa april 19-2.jpg http://www.marinemammals.in/submit-rec,,,,,,,3,3,5,MMI-later,15.62625939,73.72819971,690,FALSE,,520,FALSE,,
379,1067,18,4,2019,Goa,Humpback dolphin,Humpback dolphin,,,Miramar,,,,"15.4816818381128, 73.806537331889915.48168183811282, 73.80653733188996","15.48168183811282, 73.80653733188996",,,C,2,,,Whatsapp,15.48168184,73.80653733,691,TRUE,693,1836,FALSE,,
380,1068,18,4,2019,Goa,Indo-Pacific finless porpoise,Indo-Pacific finless porpoise,,"TerraConscious and Drishti Life guards, Photographs attached","Washed ashore at Ashwem beach,",,http://www.marinemammals.in/submit-record/BWx9sw.jpg . http://www.marinemammals.in/submit-record/FP2_Ashwem_18042019.jpg . http://www.marinemammals.in/submit-record/FP3_Ashwem_18042019.jpg,,"15.6441677539127, 73.717208850541515.644167753912711, 73.71720885054151","15.644167753912711, 73.71720885054151",,,,,,,MMI,15.64416775,73.71720885,692,TRUE,,521,TRUE,520,
381,1069,17,4,2019,Goa,Indian Ocean humpback dolphin,Humpback dolphin,,TerraConscious and Drishti Lifeguards,"Washed ashore at Miramar Beach, Appeared to be a juvenile/sub-adult",,http://www.marinemammals.in/submit-record/JbPcLh.jpg . http://www.marinemammals.in/submit-record/Sousa2_Miramar_17042019.jpg,,"15.4788040082412, 73.805679493098215.478804008241271, 73.80567949309824","15.478804008241271, 73.80567949309824",,,C,2,0.5,1,MMI,15.47880401,73.80567949,693,FALSE,,522,FALSE,,
1843,1070,14,4,2019,Goa,finless porpoise,Indo-Pacific finless porpoise,,,,,,,,,,,,,,,Terra,15.49970807,73.76728217,694,FALSE,,523,FALSE,,
382,1071,11,4,2019,Karnataka,Humpback dolphin,Humpback dolphin,,,Kumta beach,,,,"14.4190096179218, 74.388849483458914.419009617921873, 74.3888494834589","14.419009617921873, 74.3888494834589",,,A,4a,,,Whatsapp,14.41900962,74.38884948,695,FALSE,,524,TRUE,525,
1842,1072,11,4,2019,Goa,Indian Ocean Humpback dolphin,Humpback dolphin,,,,,,,,,,,,2,,,Terra,15.71829667,73.69023587,696,TRUE,699,1837,FALSE,,
383,1073,11,4,2019,Karnataka,Indian Ocean humpback dolphin,Humpback dolphin,,Personal observation,"Adult female found near Kali river mouth in Karwar, This stranding was reported to us two days after it was first seen, Tooth count taken, no measurements or samples taken,",,http://www.marinemammals.in/submit-record/x8fXBX.jpg,,"14.8414202956916, 74.124027819144914.841420295691611, 74.12402781914496","14.841420295691611, 74.12402781914496",,,,,,,MMI,14.8414203,74.12402782,697,FALSE,,525,FALSE,,
1841,1074,10,4,2019,Goa,Indian Ocean Humpback dolphin,Humpback dolphin,,,,,,,,,,,,,,,Terra,15.49811156,73.76646088,698,TRUE,694,1838,FALSE,,
384,1075,10,4,2019,Goa,Indian Ocean humpback dolphin,Humpback dolphin,,Terraconscious and Drishti Lifeguards,"Washed ashore at Keri Beach, Necropsy conducted",,http://www.marinemammals.in/submit-record/cJQPqC.jpg . http://www.marinemammals.in/submit-record/Sousa2_Keri_10042019.jpg . http://www.marinemammals.in/submit-record/Sousa3_Keri_10042019.jpg . http://www.marinemammals.in/submit-record/Sousa4_Keri_1004201,,"15.7151421206958, 73.690120222084615.715142120695896, 73.69012022208462","15.715142120695896, 73.69012022208462",,,,,,,MMI,15.71514212,73.69012022,699,TRUE,,526,FALSE,,
385,1076,10,4,2019,Goa,Indian Ocean humpback dolphin,Humpback dolphin,,Terraconscious and Drishti Lifeguards,"Washed ashore at Varca, Necropsy conducted,",,http://www.marinemammals.in/submit-record/b9DMXG.jpg http://www.marinemammals.in/submit-record/Sousa5_Varca_10042019.jpg http://www.marinemammals.in/submit-record/Sousa4_Varca_10042019.jpg http://www.marinemammals.in/submit-record/Sousa3_Varca_10042019.j,,"15.2304409725737, 73.925305292057415.23044097257378, 73.92530529205742","15.23044097257378, 73.92530529205742",,,,2,1,2,MMI,15.23044097,73.92530529,700,FALSE,,527,FALSE,,
386,1077,9,4,2019,Gujarat,Humpback dolphin,Humpback dolphin,,,"Jogeshwar, Bharuch",,,,"21.6707113871263, 72.575952360623821.670711387126328, 72.5759523606238","21.670711387126328, 72.5759523606238",,,SA,1,,,Whatsapp,21.67071139,72.57595236,701,FALSE,,528,FALSE,,
1840,1078,9,4,2019,Goa,Indian Ocean Humpback dolphin,Humpback dolphin,,,,,,,,,,,,3,3,5,Terra,15.29082155,73.90828023,702,FALSE,,529,FALSE,,
387,1079,9,4,2019,Gujarat,Indian Ocean humpback dolphin,Humpback dolphin,,Dipani Sutaria,"Washed ashore at Jogeshwar, https://www,youtube,com/watch?v=b1yCzGt9G1Q",,http://www.marinemammals.in/submit-record/GpWJ6J.jpg,,"21.6592091903622, 72.537922850585321.659209190362283, 72.53792285058533","21.659209190362283, 72.53792285058533",,,,,,,MMI,21.65920919,72.53792285,703,FALSE,,530,FALSE,,
388,1080,9,4,2019,Goa,Indian Ocean humpback dolphin,Humpback dolphin,,Terraconscious and Drishti life guards,"Washed ashore, L:2m 90cm, B: 70cm",,http://www.marinemammals.in/submit-record/HkB7kn.jpg . http://www.marinemammals.in/submit-record/IMG-20190410-WA0006__1_.jpg,,,,,,,,,,MMI,,,704,TRUE,,531,TRUE,531,
389,1081,8,4,2019,Maharashtra,Indian Ocean humpback dolphin,Humpback dolphin,"19.7212465790569, 72.6993751037593","Carcass washed ashore on Satpati beach, Morphometric data were not recorded, A punchnama (mortality report) was submitted to the local forest department,","Stranding was reported on the Marine Respondents group (Whatsapp) by Mr, Dhaval Kansara (contact: +919096614400),",,http://www.marinemammals.in/submit-record/08-06-2019-Satpati1.jpeg http://www.marinemammals.in/submit-record/08-06-2019-Satpati 2.jpeg http://www.marinemammals.in/submit-record/08-06-2019-Satapati3.jpeg http://www.marinemammals.in/submit-record/08-06-201,,"19.721, 72.695119.7210, 72.6951","19.7210, 72.6951",,,,,,,MMI,19.721,72.6951,705,FALSE,,532,FALSE,,
390,1082,8,4,2019,Maharashtra,Indian Ocean humpback dolphin,Humpback dolphin,,"Pawan Sharma, Thane Wildlife Warden, via Marine Respondents Mumbai, WhatsApp group,Contact details: 9869780202","No measurements were taken, From the photographs, the size of the body and fin shape, could be a sub-adult individual,",,http://www.marinemammals.in/submit-record/mL4h5L.jpg . http://www.marinemammals.in/submit-record/PHOTO-2019-04-08-09-23-48.jpg . http://www.marinemammals.in/submit-record/PHOTO-2019-04-08-09-23-50.jpg . http://www.marinemammals.in/submit-record/PHOTO-201,,,,,,,,,,MMI,,,706,FALSE,,533,FALSE,,
391,1083,8,4,2019,Karnataka,Indo-Pacific finless porpoise,Indo-Pacific finless porpoise,,,polem,,,,"14.8999784130781, 74.091585464168514.899978413078182, 74.09158546416856","14.899978413078182, 74.09158546416856",,,A,3b,,,Whatsapp,14.89997841,74.09158546,707,TRUE,708,1839,FALSE,,
392,1084,8,4,2019,Goa,Indo-Pacific finless porpoise,Indo-Pacific finless porpoise,,Terraconscious and Drishti lifeguards,"Washed ashore at Polem beach, Right flipper appears to have a deep cut, possibly from fishing line,",,http://www.marinemammals.in/submit-record/NszP7R.jpg . http://www.marinemammals.in/submit-record/FP2_Polem_08042019.jpg . http://www.marinemammals.in/submit-record/FP3_Polem_08042019.jpg,,"14.9079255396074, 74.08183030002414.90792553960744, 74.08183030002402","14.90792553960744, 74.08183030002402",,,,2,1,2,MMI,14.90792554,74.0818303,708,FALSE,,534,FALSE,,
393,1085,6,4,2019,Karnataka,Indo-Pacific finless porpoise,Indo-Pacific finless porpoise,"14.5478586, 74.318841",Reported by Nina BizjakTo Tilen Genov Via Dipani Sutaria,"Carcass washed ashore and seen by tourists, Seems to have a few vertical cuts on the body at different locations, Not propellor but more like a knife,",,http://www.marinemammals.in/submit-record/2DHPXX.jpeg . http://www.marinemammals.in/submit-record/WhatsApp_Image_2019-04-08_at_01.25.16.jpeg . http://www.marinemammals.in/submit-record/IMG-20190408-WA0001.jpg,,"14.5478586, 74.31884100000002","14.5478586, 74.31884100000002",,,,,,,MMI,14.54766748,74.31160173,710,FALSE,,536,FALSE,,
1839,1086,4,4,2019,Goa,Indian Ocean Humpback dolphin,Humpback dolphin,,,,,,,,,,,C,2,0.5,1,Terra,15.22984054,73.92605783,711,FALSE,,537,FALSE,,
394,1087,4,4,2019,Karnataka,Indian Ocean humpback dolphin,Humpback dolphin,"13.6402431273764, 74.6652231812521","Neonate washed ashore on the beach, No teeth, A dark patch near the flipper was observed, total length was recorded by Dr, Shantanu Kalambi",Gangoli beach,,http://www.marinemammals.in/submit-record/08-06-2019-PHOTO-2019-05-04-16-03-24.jpg http://www.marinemammals.in/submit-record/08-06-2019-PHOTO-2019-05-04-16-03-29.jpg http://www.marinemammals.in/submit-record/08-06-2019-PHOTO-2019-05-04-16-03-32.jpg http:,,"13.6404, 74.656913.6404, 74.6569","13.6404, 74.6569",,,,,,,MMI,13.64133674,74.66567043,712,FALSE,,538,FALSE,,
395,1088,4,4,2019,Karnataka,Indian Ocean humpback dolphin,Humpback dolphin,"14.4275482, 74.419","Code 4 carcass, Morphometric data was not recorded,","Stranding was reported on India-Marine Mammals group (Whatsapp) by Coralie D'Lima,",,http://www.marinemammals.in/submit-record/08-06-2019-04:04:19_Kumta.jpeg,,"14.4275482, 74.419","14.4275482, 74.419",,,,,,,MMI,14.42638935,74.38455223,713,FALSE,,539,FALSE,,Remapped
396,1089,4,4,2019,Karnataka,Indian Ocean humpback dolphin,Humpback dolphin,,Coralie Dlima,"Carcass washed ashore at Kumta beach,",,http://www.marinemammals.in/submit-record/rvbw2r.jpg,,"14.4189992270871, 74.390061842192214.41899922708713, 74.3900618421922","14.41899922708713, 74.3900618421922",,,,,,,MMI,14.41899923,74.39006184,714,TRUE,713,1840,FALSE,,
1838,1090,2,4,2019,Goa,Humpback dolphin,Humpback dolphin,,,,,,,,,,,,,,,Terra,15.29082155,73.90828023,715,FALSE,,540,FALSE,,
1837,1091,1,4,2019,Goa,Indian Ocean Humpback Dolphin,Humpback dolphin,,,,,,,,,,,,,,,Terra,15.54905991,73.75325683,716,FALSE,,541,FALSE,,
1419,1092,1,4,2019,Maharashtra,Killer whale,Killer whale,,Documentation have been made in public by Akshay Mandavkar with help of fishers and pradeep digankar on Maharastra Mobile Tarun Bharat,,,,,,,,,,,,,MMI-later,,,717,FALSE,,542,FALSE,,
1243,1093,31,3,2019,Tamil Nadu,Dugong,Dugong,,,,,,,"9.461, 79.234",79.234,,,,,,,MFIS March2019,9.300155628,79.06792881,718,FALSE,,543,FALSE,,Remapped
397,1094,31,3,2019,Goa,Indo-Pacific finless porpoise,Indo-Pacific finless porpoise,,,Calangute,,,,"15.5473410374934, 73.752995009538515.547341037493442, 73.75299500953855","15.547341037493442, 73.75299500953855",,,A,4a,,,Whatsapp,15.54734104,73.75299501,719,TRUE,720,1841,FALSE,,
398,1095,31,3,2019,Goa,Indo-Pacific finless porpoise,Indo-Pacific finless porpoise,,Terraconscious and Drishti lifeguards,"Washed ashore at Calangute beach, No other data submitted,",,http://www.marinemammals.in/submit-record/czhTzL.jpg . http://www.marinemammals.in/submit-record/IMG-20190401-WA0034__1_.jpg,,"15.5532019127685, 73.751286111457815.553201912768568, 73.7512861114578","15.553201912768568, 73.7512861114578",,,,3,2,4,MMI,15.55320191,73.75128611,720,FALSE,,544,FALSE,,
399,1096,30,3,2019,Karnataka,Humpback dolphin,Humpback dolphin,,,Murudeshwar,,,,"14.1009874376083, 74.486583063416814.100987437608342, 74.48658306341682","14.100987437608342, 74.48658306341682",,,,3a,,,Whatsapp,14.10098744,74.48658306,721,FALSE,,545,FALSE,,
1835,1097,29,3,2019,Goa,Indian ocean Humpback dolphin,Humpback dolphin,,,,,,,,,,,,4,8,10,Terra,15.29082155,73.90828023,722,FALSE,,546,TRUE,550,
1836,1098,29,3,2019,Goa,Indian ocean Humpback dolphin,Humpback dolphin,,,,,,,,,,,,4,6,8,Terra,15.40547933,73.78618686,723,FALSE,,547,FALSE,,
1420,1099,29,3,2019,Andaman & Nicobar islands,Omura's whale,Omura's whale,,Adhith Swaminathan via Murlidharan Dakshin Foundation,,,,,,,,,,,,,MMI-later,,,724,FALSE,,548,FALSE,,
1833,1100,28,3,2019,Goa,Indian Ocean Humpback Dolphin,Humpback dolphin,,,,,,,,,,,,,,,Terra,14.99655,74.0409,725,FALSE,,549,FALSE,,
1834,1101,28,3,2019,Goa,Indian Ocean Humpback Dolphin,Humpback dolphin,,,,,,,,,,,,,,,Terra,15.28404959,73.91060746,726,FALSE,722,550,FALSE,,
1831,1102,27,3,2019,Goa,finless porpoise,Indo-Pacific finless porpoise,,,,,,,,,,,,,,,Terra,15.50064191,73.7672576,727,FALSE,,551,TRUE,"546, 547, 549, 550",
1832,1103,27,3,2019,Goa,finless porpoise,Indo-Pacific finless porpoise,,,,,,,,,,,,,,,Terra,15.51776683,73.76264157,728,TRUE,727,552,FALSE,"547, 549, 550, 551",
1830,1104,27,3,2019,Goa,Indian Ocean Humpback Dolphin,Humpback dolphin,,,,,,,,,,,,,,,Terra,15.29789973,73.90580216,729,FALSE,726,553,TRUE,550,
400,1105,26,3,2019,Goa,Indian Ocean humpback dolphin,Humpback dolphin,,"TerraConscious and Drishti Life guards, Photographs attached","Carcass found on Cavellosim beach, Goa,",,http://www.marinemammals.in/submit-record/dG1CCr.jpeg . http://www.marinemammals.in/submit-record/WhatsApp_Image_2019-04-21_at_14.10.43.jpeg,,"15.1710486257096, 73.941282132408115.171048625709613, 73.94128213240818","15.171048625709613, 73.94128213240818",,,,,,,MMI,15.17104863,73.94128213,730,FALSE,,554,FALSE,"549, 550, 551, 552, 553",
1246,1106,26,3,2019,Kerala,Unidentified baleen whale,Unidentified baleen whale,,,,,,,"10.6089955201653, 75.9900837608756",,,,,,,,MFIS March2019,10.60899552,75.99008376,731,FALSE,,555,FALSE,,
401,1107,24,3,2019,Maharashtra,Indian Ocean humpback dolphin,Humpback dolphin,,"Akshay Mandavkar via \Marine Respondents Mumbai\"" WhatsApp Group","Contact: 9768684031 """,,http://www.marinemammals.in/submit-record/Crzjqv.jpg,,,,,,,,,,MMI,,,732,FALSE,,556,FALSE,,
1829,1108,23,3,2019,Goa,Indian Ocean Humpback dolphin,Humpback dolphin,,,,,,,,,,,,,,,Terra,15.71448722,73.69083374,733,TRUE,,557,TRUE,559,
402,1109,23,3,2019,Goa,Indian Ocean humpback dolphin,Humpback dolphin,,Terraconscious and Drishti lifeguards,"Washed ashore at Rajbagh beach,",,http://www.marinemammals.in/submit-record/x2bCd2.jpeg,,"14.9864799522513, 74.037806627057514.98647995225131, 74.03780662705756","14.98647995225131, 74.03780662705756",,,,3,3,5,MMI,14.98647995,74.03780663,734,FALSE,,558,FALSE,,
403,1110,22,3,2019,Goa,Unidentified dolphin,Small-sized delphinid,,Terraconscious and Drishti lifeguards,"Skeleton found at Ashwem beach, Goa, No additional details available",,http://www.marinemammals.in/submit-record/Vf4LvR.jpg . http://www.marinemammals.in/submit-record/Unided2_Ashwem_22032019.jpg . http://www.marinemammals.in/submit-record/Unided3_Ashwem_22032019.jpg . http://www.marinemammals.in/submit-record/Unided4_Ashwe,,"15.6441740770332, 73.717201001523915.644174077033298, 73.71720100152393","15.644174077033298, 73.71720100152393",,,,,,,MMI,15.64417408,73.717201,735,FALSE,,559,FALSE,,
1421,1111,20,3,2019,Tamil Nadu,False killer whale,False killer whale,"8.7643156617711, 78.2032992798136",Photographs,,,http://www.marinemammals.in/submit-record/FYhbB7.jpg . http://www.marinemammals.in/submit-record/PHOTO-2019-03-20-22-30-14.jpg,,,,,,,,,,MMI-later,8.764315662,78.20329928,736,FALSE,,560,FALSE,,
404,1112,19,3,2019,Gujarat,Humpback dolphin,Humpback dolphin,,,Mandvi,,,,"22.8282793636376, 69.329344929182622.82827936363767, 69.32934492918261","22.82827936363767, 69.32934492918261",,,,5,,,Whatsapp,22.82827936,69.32934493,737,FALSE,,561,FALSE,,
405,1113,19,3,2019,Maharashtra,Indo-Pacific finless porpoise,Indo-Pacific finless porpoise,,,tarkarli,,,,"16.0356061598014, 73.482767229428516.03560615980146, 73.48276722942856","16.03560615980146, 73.48276722942856",,,SA,4a,,,Whatsapp,16.03560616,73.48276723,738,FALSE,,562,FALSE,,
406,1114,18,3,2019,Gujarat,Indo-Pacific finless porpoise,Indo-Pacific finless porpoise,"22.7775508707502, 69.4470162030545",NA,The carcass was observed by local photographer Jaysukh Parekh Suman,,http://www.marinemammals.in/submit-record/03-06-2022-WhatsApp Image 2022-05-23 at 2.04.37 PM.jpeg http://www.marinemammals.in/submit-record/03-06-2022-WhatsApp Image 2022-05-23 at 2.04.27 PM.jpeg http://www.marinemammals.in/submit-record/03-06-2022-Whats,,"22.77755087075023, 69.44701620305459","22.77755087075023, 69.44701620305459",,,,,,,MMI,22.77755087,69.4470162,739,FALSE,,563,FALSE,,
1244,1115,16,3,2019,Kerala,Indo-Pacific finless porpoise,Indo-Pacific finless porpoise,,,,,,,"10.6288968763698, 75.9808995678017",,,,,,,,MFIS March2019,10.62889688,75.98089957,740,FALSE,,564,FALSE,,
407,1116,15,3,2019,Tamil Nadu,Dugong,Dugong,,,uchipuli,,,,"9.32766066275829, 79.02199648339819.327660662758298, 79.02199648339815","9.327660662758298, 79.02199648339815",,,C,2,,,Whatsapp,9.327660663,79.02199648,741,FALSE,,565,FALSE,,
1422,1117,14,3,2019,Gujarat,Indo-Pacific finless porpoise,Indo-Pacific finless porpoise,"22.7829898653202, 69.4333342747822","Dead specimen code 3, one individual, Female adult, Measurements in the paper, https://www,researchgate,net/profile/Pranav-Pandya-2/publication/355818062_RECORDS_OF_INDO-PACIFIC_FINLESS_PORPOISE_NEOPHOCAENA_PHOCAENOIDES_G_CUVIER_1829_FROM_NORTHERN_GULF_",,,,,,,,,,,,,MMI-later,22.78298987,69.43333427,742,TRUE,739,1842,FALSE,,
408,1118,13,3,2019,Goa,Indian Ocean humpback dolphin,Humpback dolphin,,"TerraConscious and Drishti Lifeguards, Photographs attached","Carcass washed ashore at Anjuna beach, Goa,",,http://www.marinemammals.in/submit-record/TrXpGj.jpg . http://www.marinemammals.in/submit-record/Sousa2_Anjuna_13032019.jpg . http://www.marinemammals.in/submit-record/Sousa3_Anjuna_13032019.jpg . http://www.marinemammals.in/submit-record/Sousa4_Anjuna_1,,"15.5732599111992, 73.740872870980815.573259911199232, 73.74087287098085","15.573259911199232, 73.74087287098085",,,,4,8,12,MMI,15.57325991,73.74087287,743,FALSE,,566,FALSE,,
409,1119,8,3,2019,Maharashtra,Unidentified baleen whale,Unidentified baleen whale,"16.3644378, 73.3848",See image,Washed ashore,,http://www.marinemammals.in/submit-record/08-03-2020-Taramumbri_MH_2019-08-29 at 6.29.25 PM.jpeg http://www.marinemammals.in/submit-record/08-03-2020-Taramumbri_MH_2019-08-29 at 6.41.14 PM.jpeg http://www.marinemammals.in/submit-record/08-03-2020-Taramum,,"16.3644378, 73.3848","16.3644378, 73.3848",,,,,,,MMI,16.3644378,73.3848,744,FALSE,,567,FALSE,,
410,1120,6,3,2019,Goa,Indo-Pacific finless porpoise,Indo-Pacific finless porpoise,,,Sinquerim,,,,"15.4991049061355, 73.767298124379915.499104906135571, 73.76729812437996","15.499104906135571, 73.76729812437996",,,,,,,Whatsapp,15.49910491,73.76729812,745,TRUE,746,1843,FALSE,,
411,1121,6,3,2019,Goa,Indo-Pacific finless porpoise,Indo-Pacific finless porpoise,"15.4991464, 73.7674666","Terraconscious and Drishti lifeguards, Photographs available","Washed ashore at Sinquerim beach, Morpho collected,",,http://www.marinemammals.in/submit-record/78hBPT.jpg . http://www.marinemammals.in/submit-record/FP2_Sinquerim_06032019.jpg . http://www.marinemammals.in/submit-record/FP3_Sinquerim_06032019.jpg . http://www.marinemammals.in/submit-record/FP4_Sinquerim_0,,"15.4991464, 73.76746660000003","15.4991464, 73.76746660000003",,,,3,2,4,MMI,15.49924799,73.76733691,746,FALSE,,568,FALSE,,
1143,1122,3,3,2019,Tamil Nadu,Dugong,Dugong,,,,,,,"9.9576, 79.18096",79.18096,,,,,,,Balaji & Veeramuthu 2021,9.9576,79.18096,747,FALSE,,569,FALSE,,
1142,1123,2,3,2019,Tamil Nadu,Dugong,Dugong,,,,,,,"10.13957, 79.23225",79.23225,,,,,,,Balaji & Veeramuthu 2021,10.13957,79.23225,748,FALSE,,570,FALSE,,
412,1124,28,2,2019,Andaman & Nicobar islands,Spinner dolphin,Spinner dolphin,,,Niel island,,,,"11.8216198640201, 93.032820287273511.821619864020127, 93.03282028727352","11.821619864020127, 93.03282028727352",,,SA,3a,,,Whatsapp,11.82161986,93.03282029,749,FALSE,,571,FALSE,,
1423,1125,28,2,2019,Andaman & Nicobar islands,Spinner dolphin,Spinner dolphin,,Code 3,,,http://www.marinemammals.in/submit-record/16-12-2022-Neil march 19.jpg http://www.marinemammals.in/submit-record/16-12-2022-Neil march 19_2.jpg,,,,,,,,,,MMI-later,,,750,FALSE,,572,FALSE,,
1424,1126,23,2,2019,Tamil Nadu,Indian Ocean humpback dolphin,Humpback dolphin,"9.92334528440496, 79.1532554914165",Code 4,,,http://www.marinemammals.in/submit-record/24-12-2022-IMG-20190223-WA0001.jpg http://www.marinemammals.in/submit-record/24-12-2022-IMG-20190223-WA0001.jpg,,,,,,,,,,MMI-later,9.923345284,79.15325549,751,FALSE,,573,FALSE,,
1828,1127,21,2,2019,Goa,Indian Ocean Humpback Dolphin,Humpback dolphin,,,,,,,,,,,,,,,Terra,15.54249,73.75556,752,FALSE,,574,FALSE,,
1425,1128,21,2,2019,Gujarat,Indian Ocean humpback dolphin,Humpback dolphin,,Photographs from shore,,,,,,,,,,,,,MMI-later,,,753,FALSE,,575,FALSE,,
413,1129,16,2,2019,Tamil Nadu,Dwarf sperm whale,Dwarf sperm whale,"57.2224, 20.2006999999999",First hand observation,"Found at 5 am by SSTCN turtle walkers at the water's edge on Besant Nagar Elliot's beach,Measurements made by SSTCN volunteers: total length, 236 cm; height of dorsal fin, 25 cm; circumference, 142 cm; tail fluke, 58 cm,Length of flipper, 58 cm,Location",,http://www.marinemammals.in/submit-record/Yx6s4T.jpg . http://www.marinemammals.in/submit-record/DSCN6250.jpg,,"57.2224, 20.200699999999983","57.2224, 20.200699999999983",,,,,,,MMI,,,754,FALSE,,576,FALSE,,
414,1130,16,2,2019,Tamil Nadu,Dwarf sperm whale,Dwarf sperm whale,"13.0067462921142, 80.2753067016601",,"Besant Nagar beach, Madras",,,,"13.0067462921142, 80.2753067016601","13.0067462921142, 80.2753067016601",,,,3b,,,Whatsapp,13.00674629,80.2753067,755,FALSE,,577,FALSE,,
1827,1131,16,2,2019,Goa,Finless Porpoise,Indo-Pacific finless porpoise,,,,,,,,,,,,,,,Terra,15.54249,73.75556,756,FALSE,,578,FALSE,,
1826,1132,15,2,2019,Goa,Indian Ocean Humpback Dolphin,Humpback dolphin,,,,,,,,,,,,2,1,2,Terra,15.12750599,73.94010817,757,FALSE,,579,TRUE,581,
1245,1133,15,2,2019,Kerala,Indo-Pacific humpback dolphin,Humpback dolphin,,,,,,,"10.6288968763698, 75.9808995678017",,,,,,,,MFIS March2019,10.62889688,75.98089957,758,FALSE,,580,FALSE,,
415,1134,13,2,2019,Goa,Indian Ocean humpback dolphin,Humpback dolphin,,"Terraconscious and Drishti lifeguards, Photographs available","Carcass washed ashore at Majorda beach, Goa, No other details available, the carcass was buried as per instructions from local FD,",,http://www.marinemammals.in/submit-record/QZx0v0.jpg . http://www.marinemammals.in/submit-record/Sousa2_Majorda_13022019.jpg . http://www.marinemammals.in/submit-record/Sousa3_Majorda_13022019.jpg . http://www.marinemammals.in/submit-record/Sousa4_Majord,,"15.3096795335508, 73.901120463285415.309679533550865, 73.90112046328547","15.309679533550865, 73.90112046328547",,,,4,6,9,MMI,15.30967953,73.90112046,759,FALSE,,581,FALSE,,
416,1135,12,2,2019,Tamil Nadu,Small-sized delphinid,Small-sized delphinid,,,"Marakanam beach, pondy",,,,"12.2159652866951, 79.983727792608612.215965286695113, 79.9837277926086","12.215965286695113, 79.9837277926086",,,,3b,,,Whatsapp,12.21596529,79.98372779,760,FALSE,,582,TRUE,583,
417,1136,12,2,2019,Tamil Nadu,Spinner dolphin,Spinner dolphin,,,kottivakkam,,,,"12.9722332623901, 80.266524485156812.97223326239012, 80.26652448515681","12.97223326239012, 80.26652448515681",,,SA,4a,,,Whatsapp,12.97223326,80.26652449,761,FALSE,,583,FALSE,,
418,1137,11,2,2019,Tamil Nadu,Mehon-headed whale,Melon-headed whale,,,"Kanchipuram, TN",,,,"12.801966028323, 79.692397180870412.801966028323074, 79.69239718087046","12.801966028323074, 79.69239718087046",,,,5,,,Whatsapp,12.88348667,80.25828868,762,FALSE,,584,FALSE,,
1426,1138,11,2,2019,Tamil Nadu,Rough-toothed dolphin,Rough-toothed dolphin,"12.7735313072482, 80.252399737879",Code 4,,,http://www.marinemammals.in/submit-record/16-12-2022-kavalam TN 2019 02 11.jpg http://www.marinemammals.in/submit-record/16-12-2022-Kovalam TN 2019 02 11.jpg http://www.marinemammals.in/submit-record/16-12-2022-Kovalam TN 2019 02 11 - 2.jpg http://www.ma,,,,,,,,,,MMI-later,12.77353131,80.25239974,763,FALSE,,585,FALSE,,
1141,1139,7,2,2019,Tamil Nadu,Dugong,Dugong,,,,,,,"8.1765, 77.24113",77.24113,,,,,,,Balaji & Veeramuthu 2021,8.1765,77.24113,764,FALSE,,586,FALSE,,
1824,1140,4,2,2019,Goa,Indian Ocean Humpback dolphin,Humpback dolphin,,,,,,,,,,,,,,,Terra,15.50649474,73.76588163,765,FALSE,,587,FALSE,,
1825,1141,4,2,2019,Goa,Indian Ocean Humpback dolphin,Humpback dolphin,,,,,,,,,,,,,,,Terra,15.71813315,73.68994997,766,FALSE,,588,FALSE,,
1823,1142,30,1,2019,Goa,Indian Ocean Humpback Dolphin,Humpback dolphin,,,,,,,,,,,,,,,Terra,15.2081388,73.93198516,767,FALSE,,589,FALSE,,
419,1143,29,1,2019,Goa,Indo-Pacific finless porpoise,Indo-Pacific finless porpoise,,Direct sighting,Dead individual floating in the sea,,http://www.marinemammals.in/submit-record/D6nFZz.jpg,,,,,,,3,3,5,MMI,,,768,FALSE,,590,FALSE,,
1427,1144,28,1,2019,Karnataka,Humpback whale,Humpback whale,,"Picture of whale surfacing and audio file of vocalising,",,,,,,,,,,,,,MMI-later,,,769,FALSE,,591,FALSE,,
420,1145,26,1,2019,Tamil Nadu,Indo-Pacific finless porpoise,Indo-Pacific finless porpoise,,,Ramanathapuram,,,,"9.38294297790741, 78.96329256585449.382942977907419, 78.96329256585449","9.382942977907419, 78.96329256585449",,,,5,,,Whatsapp,9.382942978,78.96329257,770,FALSE,,592,FALSE,,
1822,1146,25,1,2019,Goa,Indian ocean Humpback Dolphin,Humpback dolphin,,,,,,,,,,,,,,,Terra,15.57443,73.74066,771,FALSE,,593,FALSE,,
1428,1147,21,1,2019,Goa,Killer whale,Killer whale,,Fishermen,,,,,,,,,,,,,MMI-later,,,772,FALSE,,594,FALSE,,
1429,1148,20,1,2019,Maharashtra,Indian Ocean humpback dolphin,Humpback dolphin,,photographs available,,,,,,,,,,,,,MMI-later,,,773,FALSE,,595,FALSE,,
421,1149,15,1,2019,Odisha,Unidentified baleen whale,Unidentified baleen whale,,,Bhitrakarnika,,,,"20.6976136542873, 87.028573135993820.697613654287398, 87.0285731359938","20.697613654287398, 87.0285731359938",,,A,3a,,,Whatsapp,20.69761365,87.02857314,774,FALSE,,596,FALSE,,
422,1150,11,1,2019,Goa,Humpback dolphin,Humpback dolphin,,,"mobor, goa",,,,"15.1586965076277, 73.94442820528815.158696507627793, 73.94442820528805","15.158696507627793, 73.94442820528805",,,SA,3b,,,Whatsapp,15.15869651,73.94442821,775,TRUE,776,1844,FALSE,,
423,1151,10,1,2019,Goa,Indian Ocean humpback dolphin,Humpback dolphin,,Photographs from Life Guards,"Dolphin washed ashore at Mobor beach, Data collected by lifeguards",,,,"15.1586346314974, 73.94418707698515.158634631497431, 73.94418707698506","15.158634631497431, 73.94418707698506",,,,,,,MMI,15.15863463,73.94418708,776,FALSE,,597,FALSE,,
1430,1152,6,1,2019,Maharashtra,Indian Ocean humpback dolphin,Humpback dolphin,,"Observation from shore,",,,,,,,,,,,,,MMI-later,,,777,FALSE,,598,FALSE,,
1820,1153,4,1,2019,Goa,Indian ocean Humpback Dolphin,Humpback dolphin,,,,,,,,,,,,,,,Terra,15.57443,73.74066,778,FALSE,,599,FALSE,,
1821,1154,4,1,2019,Goa,Indian Ocean Humpback Dolphin,Humpback dolphin,,,,,,,,,,,,,,,Terra,15.1838217,73.93857975,779,FALSE,,600,FALSE,,
424,1155,2,1,2019,Maharashtra,Unidentified dolphin,Small-sized delphinid,"18.950754, 72.8020638","Video available with Shaunak Modi,","The dolphin was found washed ashore in Walkeshwar by BMC workers and was taken away,",,http://www.marinemammals.in/submit-record/GirgaonApp_-_Dead_Dolphin_found_on_the_Shore_of_Girgaon_Chowpatty___Facebook-fbdown.net.mp4,,"18.950754, 72.80206380000004","18.950754, 72.80206380000004",,,,,,,MMI,18.950754,72.8020638,780,FALSE,,601,FALSE,,
425,1156,27,12,2018,Goa,Bryde's Whale,Bryde's whale,,,Mobor,,,,"15.1558482060825, 73.94518164191415.15584820608257, 73.94518164191402","15.15584820608257, 73.94518164191402",,,,,,,Whatsapp,15.15584821,73.94518164,784,FALSE,,605,FALSE,,
1819,1157,27,12,2018,Goa,Indian Ocean Humpback Dolphin,Humpback dolphin,,,,,,,,,,,,3,3,5,Terra,15.60698,73.74048,785,FALSE,,606,FALSE,,
426,1158,26,12,2018,Maharashtra,Humpback dolphin,Humpback dolphin,,,"Ajad island, mumbai",,,,"18.938484901175, 72.846649064296318.938484901175045, 72.84664906429637","18.938484901175045, 72.84664906429637",,M,SA,3b,,,Whatsapp,18.9384849,72.84664906,786,FALSE,,607,FALSE,,
427,1159,24,12,2018,Goa,Indian Ocean Humpback Dolphin,Humpback dolphin,,,betalbetim,,,,"15.2916735511884, 73.906790347966915.291673551188474, 73.90679034796696","15.291673551188474, 73.90679034796696",,,,4,6,9,Whatsapp,15.29167355,73.90679035,787,FALSE,,608,FALSE,"605, 606, 607",
428,1160,19,12,2018,Andaman & Nicobar islands,Cuvier's beaked whale,Cuvier's beaked whale,,,"Smith Island, diglipur",,,,"13.3037761132966, 93.065547257305613.303776113296683, 93.06554725730564","13.303776113296683, 93.06554725730564",,,,,,,Whatsapp,13.30377611,93.06554726,788,TRUE,789,1845,FALSE,,
429,1161,19,12,2018,Andaman & Nicobar islands,Cuvier's beaked whale,Cuvier's beaked whale,"13.3044187, 93.072","unidentified beaked whale, length-5,25m, code 2","washed up on the rocky shore of Ross and Smith Island, Was reported by a forest guard,",,http://www.marinemammals.in/submit-record/27-11-2019-IMG-20181220-WA0001.jpg http://www.marinemammals.in/submit-record/27-11-2019-IMG-20181219-WA0039.jpg http://www.marinemammals.in/submit-record/27-11-2019-IMG-20181219-WA0040.jpg http://www.marinemammal,,"13.3044187, 93.072","13.3044187, 93.072",,,,,,,MMI,13.3044187,93.072,789,FALSE,,609,FALSE,,
1431,1162,13,12,2018,Karnataka,Indian Ocean humpback dolphin,Humpback dolphin,,Video available from fishermen,,,,,,,,,,,,,MMI-later,,,790,FALSE,,610,FALSE,,
1818,1163,12,12,2018,Goa,Indian Ocean Humpback Dolphin,Humpback dolphin,,,,,,,,,,,,3,3,4,Terra,15.31152658,73.90109796,791,FALSE,,611,FALSE,,
430,1164,9,12,2018,Andaman & Nicobar islands,Bottlenose dolphin,Bottlenose dolphin,,,"Govt Press, port Blair",,,,"11.6664921465386, 92.755078498450311.666492146538673, 92.75507849845037","11.666492146538673, 92.75507849845037",,,,,,,Whatsapp,11.66649215,92.7550785,792,TRUE,793,1846,FALSE,,
431,1165,9,12,2018,Andaman & Nicobar islands,Small-sized delphinid,Small-sized delphinid,"11.6698312, 92.7474","Code 3, Carcass washed up at the marina jetty/water sports complex, Buried by the forest department,",Reported by Swapnali Gole,,http://www.marinemammals.in/submit-record/27-11-2019-IMG-20181209-WA0003.jpg http://www.marinemammals.in/submit-record/27-11-2019-IMG-20181209-WA0005.jpg http://www.marinemammals.in/submit-record/27-11-2019-IMG-20181209-WA0002.jpg http://www.marinemammal,,"11.6698312, 92.7474","11.6698312, 92.7474",,,,,,,MMI,11.6698312,92.7474,793,FALSE,,612,FALSE,,
1817,1166,5,12,2018,Goa,Humpback Dolphin Calf,Humpback dolphin,,,,,,,,,,,,2,1,2,Terra,15.68403963,73.70289783,794,FALSE,,613,TRUE,614,
432,1167,4,12,2018,Kerala,Humpback dolphin,Humpback dolphin,,,Calicut,,,,"11.2538470869528, 75.76814896038411.253847086952888, 75.76814896038402","11.253847086952888, 75.76814896038402",,,A,3a,,,Whatsapp,11.25412742,75.76971457,795,FALSE,,614,FALSE,,
1432,1168,3,12,2018,Tamil Nadu,Unidentified baleen whale,Unidentified baleen whale,"12.9493702563019, 80.2619536039171","Carcass washed ashore, It was a small balaenopterid with remnants of umbilical cord, 46 pleats,",,,http://www.marinemammals.in/submit-record/14-12-2022-ECR vikatan_2019-05_e0ae605a-8437-4da6-a05a-6d02b5a14700_143704_thumb.jpg,,,,,,,,,,MMI-later,12.94937026,80.2619536,796,FALSE,,615,FALSE,,
1665,1169,,12,2018,Gujarat,Indo-Pacific finless porpoise,Indo-Pacific finless porpoise,,Photographs,,,,,,,,,,,,,MMI-later,,,782,FALSE,,603,FALSE,,
433,1170,,12,2018,Gujarat,Indo-Pacific finless porpoise,Indo-Pacific finless porpoise,,Photographs,Finless porpoise washed ashore,,,,,,,,,,,,MMI,,,797,FALSE,,616,FALSE,,
434,1171,,12,2018,Maharashtra,Unidentified baleen whale,Unidentified baleen whale,"18.9836993447905, 72.8116746237582","A video was collected by fishermen Santosh and Dharmaraj, from Abhishek Jalalabad's network, The video was shown to experts at Salah in January 2019, Below are the comments from Sal Cerchio and Robert Brownell, Sal: \and a video was collected by fisherm","International experts could not ID the species\"" Robert: Certainly not a fin whale",This baleen whale was recorded offshore of Mumbai. Exact location is unknown.,,NA,"18.9839, 72.808318.9839, 72.8083","18.9839, 72.8083",,,,,,,MMI,18.9839,72.8083,798,FALSE,,617,TRUE,604,
1816,1172,19,11,2018,Goa,Finless Porpoise,Indo-Pacific finless porpoise,,,,,,,,,,,,,,,Terra,15.46724,73.80456,800,FALSE,,619,FALSE,,
435,1173,15,11,2018,Maharashtra,Indo-Pacific humpback dolphin,Humpback dolphin,,Minna Hakim,Stranding,,http://www.marinemammals.in/submit-record/hvXpQN.jpg . http://www.marinemammals.in/submit-record/CNQT9451.jpg . http://www.marinemammals.in/submit-record/JMHB7955.jpg,,,,,,,,,,MMI,,,801,FALSE,,620,FALSE,,
436,1174,15,11,2018,Maharashtra,Unidentified,Small-sized delphinid,"18.9746317, 72.8065022999999",Shared with Marine Life of Mumbai,"Carcass found on rocks behind Breach Candy hospital in Mumbai, The source identified it as dolphin but can't be ascertained from the photos, Carcass was picked up by the BMC,",,http://www.marinemammals.in/submit-record/ZwfsM4.jpg . http://www.marinemammals.in/submit-record/IMG-20181115-WA0017.jpg,,"18.9746317, 72.80650229999992","18.9746317, 72.80650229999992",,,,,,,MMI,18.9746317,72.8065023,802,FALSE,,621,FALSE,,
437,1175,9,11,2018,Tamil Nadu,Rough-toothed dolphin,Rough-toothed dolphin,,,"Puthumadam, TN",,,,"9.27273543852579, 78.99452201033739.272735438525793, 78.99452201033739","9.272735438525793, 78.99452201033739",,,A,3b,,,Whatsapp,9.272735439,78.99452201,803,FALSE,,622,FALSE,,
1815,1176,8,11,2018,Goa,Indian Ocean Humpback Dolphin,Humpback dolphin,,,,,,,,,,,,,,,Terra,15.55737,73.75098,804,FALSE,,623,FALSE,,
438,1177,2,11,2018,Karnataka,Unidentified baleen whale,Unidentified baleen whale,,,Kirimsnjeshwara,,,,"13.7722154741143, 74.630144698571113.772215474114384, 74.6301446985711","13.772215474114384, 74.6301446985711",,,A,4b,,,Whatsapp,13.77221547,74.6301447,805,FALSE,,624,FALSE,,
439,1178,1,11,2018,Odisha,Unidentified baleen whale,Unidentified baleen whale,,,"Habalikhati, Orissa",,,,"20.7160183354358, 86.876683718973820.71601833543585, 86.87668371897384","20.71601833543585, 86.87668371897384",,,,5,,,Whatsapp,20.71601834,86.87668372,806,FALSE,,625,FALSE,624,
440,1179,26,10,2018,Kerala,Bottlenose dolphin,Bottlenose dolphin,,,"Shankumugam beach, kerala",,,,"8.47856620079491, 76.91204622948138.478566200794917, 76.91204622948135","8.478566200794917, 76.91204622948135",Propeller hit?,M,SA,4b,,,Whatsapp,8.478566201,76.91204623,807,FALSE,,626,FALSE,,
441,1180,23,10,2018,Goa,Humpback dolphin,Humpback dolphin,,,betalbetim,,,,"15.2939860368778, 73.906151047810115.293986036877897, 73.9061510478101","15.293986036877897, 73.9061510478101",,,C,2,1,2,Whatsapp,15.29398604,73.90615105,808,FALSE,,627,TRUE,628,
1814,1181,10,10,2018,Goa,Indian Ocean Humpback Dolphin,Humpback dolphin,,,,,,,,,,,,,,,Terra,15.29319,73.90775,811,FALSE,,630,FALSE,,
442,1182,9,10,2018,Maharashtra,Indo-Pacific finless porpoise,Indo-Pacific finless porpoise,,,Juhu,,,,"19.1053099432166, 72.823741653865619.105309943216678, 72.82374165386564","19.105309943216678, 72.82374165386564",,,,,,,Whatsapp,19.10530994,72.82374165,812,FALSE,,631,FALSE,,
443,1183,7,10,2018,Goa,Humpback dolphin,Humpback dolphin,,,Ashvem beach,,,,"15.6435197223345, 73.717437929031215.643519722334556, 73.71743792903122","15.643519722334556, 73.71743792903122",,,SA,3b,,,Whatsapp,15.64351972,73.71743793,813,TRUE,814,1847,FALSE,,
444,1184,7,10,2018,Goa,Indian Ocean humpback dolphin,Humpback dolphin,,Photographs attached,"Washed ashore at Ashwem, Goa - Source: TerraConscious and Drishti Lifeguards,Seems to be a juvenile, There are rake marks seen from base of dorsal fin till the blowhole, the jaw is broken and missing,",,http://www.marinemammals.in/submit-record/vGdtK3.jpeg . http://www.marinemammals.in/submit-record/Sousa_Ashwem_07102018_2_.jpeg . http://www.marinemammals.in/submit-record/Sousa_Ashwem_07102018_3_.jpeg . http://www.marinemammals.in/submit-record/Sousa_Ah,,"15.6434130992496, 73.717016445971715.643413099249685, 73.71701644597178","15.643413099249685, 73.71701644597178",,,,4,9,12,MMI,15.6434131,73.71701645,814,FALSE,,632,TRUE,630,
445,1185,2,10,2018,Maharashtra,Indo-Pacific finless porpoise,Indo-Pacific finless porpoise,,,Juhu beach,,,,"19.0953523802424, 72.826376077329819.09535238024244, 72.82637607732987","19.09535238024244, 72.82637607732987",,M,C,2,,,Whatsapp,19.09535238,72.82637608,815,FALSE,,633,FALSE,,
446,1186,28,9,2018,Tamil Nadu,False Killer Whale,False killer whale,"9.202, 79.668",,,,,,"9.202, 79.668","9.202, 79.668",,,SA,5,,,Whatsapp,9.1752884,79.42917571,816,FALSE,,634,FALSE,,Remapped
447,1187,26,9,2018,Tamil Nadu,Humpback dolphin,Humpback dolphin,,,"Marakkanam, b/w chennai and pondy",,,,"12.2139519857548, 79.982526163062412.213951985754862, 79.98252616306242","12.213951985754862, 79.98252616306242",,,C,3a,,,Whatsapp,12.21395199,79.98252616,817,FALSE,,635,TRUE,640,
448,1188,25,9,2018,Kerala,Bryde's Whale,Bryde's whale,,,trivandrum,,,,"8.49334160354392, 76.89860439050818.493341603543925, 76.8986043905081","8.493341603543925, 76.8986043905081",,,,5,,,Whatsapp,8.493341604,76.89860439,818,FALSE,,636,FALSE,,
1144,1189,25,9,2018,Kerala,Bryde's whale,Bryde's whale,,,,,,,"8.6, 76.8",76.8,,,,,,,"Kumar et al., 2021",8.6,76.8,819,FALSE,,637,TRUE,636,
449,1190,25,9,2018,Kerala,Bryde's whale,Bryde's whale,,"Pictures from students,","Washed ashore at Trica beach, Found by fishers and informed students at University,",,http://www.marinemammals.in/submit-record/Q2jZQQ.jpg . http://www.marinemammals.in/submit-record/PHOTO-2018-09-25-15-47-28.jpg,,,,,,,,,,MMI,,,820,FALSE,,638,TRUE,636,
1813,1191,23,9,2018,Goa,Indian Ocean Humpback Dolphin,Humpback dolphin,,,,,,,,,,,C,2,1,2,Terra,15.55442395,73.75139081,821,FALSE,,639,TRUE,635,
450,1192,23,9,2018,Tamil Nadu,Indo-Pacific humpback dolphin,Humpback dolphin,,"Newspaper article and photographs shared by Filio Schiavina, Shilpin Patel and Rahul Muralidharn","a young humpback dolphin washed ashore at Marakkanam, No serious external injury seen, No necropsy, No sample collection,",,http://www.marinemammals.in/submit-record/4sfmxH.jpg . http://www.marinemammals.in/submit-record/IMG_0931.jpg . http://www.marinemammals.in/submit-record/IMG_0929.jpg . http://www.marinemammals.in/submit-record/IMG_0930.jpg,,"12.1835721994435, 79.966074335262712.183572199443534, 79.96607433526276","12.183572199443534, 79.96607433526276",,,,,,,MMI,12.1835722,79.96607434,822,FALSE,,640,FALSE,,
1436,1193,17,9,2018,Kerala,Unidentified baleen whale,Unidentified baleen whale,,Nisant P - Univ of Kerala - pictures from fishing vessel,,,http://www.marinemammals.in/submit-record/FkZv36.jpg . http://www.marinemammals.in/submit-record/IMG_0858.jpg,,,,,,,,,,MMI-later,,,823,FALSE,,641,FALSE,,
451,1194,12,9,2018,Maharashtra,Striped dolphin,Striped dolphin,,,"Bhayandar, Thane",,,,"19.3077741249723, 72.820428314535319.307774124972386, 72.82042831453533","19.307774124972386, 72.82042831453533",Bycaught?,,,2,,,Whatsapp,19.30777412,72.82042831,824,FALSE,,642,FALSE,,
452,1195,11,9,2018,Gujarat,Humpback whale,Humpback whale,,,Sutrapada,,,,"20.8380576735599, 70.477354599339520.838057673559913, 70.47735459933956","20.838057673559913, 70.47735459933956",,,A,2,,,Whatsapp,20.83805767,70.4773546,825,FALSE,,643,FALSE,,
453,1196,11,9,2018,Maharashtra,Humpback whale,Humpback whale,"17.7770931, 73.1187",See image,washed ashore,,http://www.marinemammals.in/submit-record/08-03-2020-Megaptera_Murud_20180911.jpeg http://www.marinemammals.in/submit-record/08-03-2020-Megaptera2_Murud_20180911.jpeg,,"17.7770931, 73.1187","17.7770931, 73.1187",,,,,,,MMI,17.77716719,73.11298902,826,FALSE,,644,TRUE,643,
454,1197,10,9,2018,Gujarat,Unidentified baleen whale,Unidentified baleen whale,"20.8436831, 70.4759",Newspaper article,"washed ashore in Dhantej village of Sutrapda, Gujarat,",,http://www.marinemammals.in/submit-record/YWw460.jpg,,"20.8436831, 70.4759","20.8436831, 70.4759",,,,,,,MMI,20.83880613,70.47613393,827,TRUE,825,1848,FALSE,,
1811,1198,6,9,2018,Goa,Indian Ocean Humpback Dolphin,Humpback dolphin,,,,,,,,,,,,3,3,5,Terra,15.31213718,73.90090671,828,FALSE,,645,FALSE,,
1812,1199,6,9,2018,Goa,Indian Ocean Humpback Dolphin,Humpback dolphin,,,,,,,,,,,,2,1,2,Terra,15.21671203,73.92971864,829,FALSE,,646,FALSE,,
1437,1200,6,9,2018,Goa,Striped dolphin,Striped dolphin,,"Mihir Sule, Abhishek Jamalbadwas at the ground, TerraConcsious staff, Goa Forest Dept - Roshan Gonslaves, Drishti staff,Please contact Puja Mitra or Abhishek Jamalabad for more details,",,,http://www.marinemammals.in/submit-record/3NbhVF.jpg,,,,,,,,,,MMI-later,,,830,FALSE,,647,FALSE,,
1810,1201,5,9,2018,Goa,Humpback Dolphin,Humpback dolphin,,,,,,,,,,,,4,6,9,Terra,15.49910323,73.7672646,831,FALSE,,648,FALSE,,
1809,1202,4,9,2018,Goa,Indian Ocean Humpback Dolphin,Humpback dolphin,,,,,,,,,,,,,,,Terra,15.60700964,73.73998252,832,FALSE,,649,FALSE,,
455,1203,4,9,2018,Maharashtra,Indo-Pacific finless porpoise,Indo-Pacific finless porpoise,,,Dahanu,,,,"19.9903171843565, 72.721419196564519.99031718435655, 72.72141919656455","19.99031718435655, 72.72141919656455",,,C,1,,,Whatsapp,19.99031718,72.7214192,833,FALSE,,650,FALSE,,
456,1204,3,9,2018,Maharashtra,Indo-Pacific finless porpoise,Indo-Pacific finless porpoise,,,Rajodi,,,,"19.4205393460739, 72.758241085611419.420539346073923, 72.75824108561147","19.420539346073923, 72.75824108561147",,M,A,4a,,,Whatsapp,19.42053935,72.75824109,834,FALSE,,651,FALSE,,
457,1205,2,9,2018,Maharashtra,Indo-Pacific finless porpoise,Indo-Pacific finless porpoise,,"Sachin Marti, via SPROUTS Environment Trust WhatsApp Group Curated by Anand Pendharkar, Mob: 98201 40254","Carcass washed ashore on 2nd September 2018, Reported on 3rd September 2018, No morphometric data recorded,",,http://www.marinemammals.in/submit-record/tb5NnQ.jpeg . http://www.marinemammals.in/submit-record/WhatsApp_Image_2018-09-03_at_11.07.41.jpeg . http://www.marinemammals.in/submit-record/FP_Vasai_2nd_September_2018.jpeg,,,,,,,,,,MMI,,,835,FALSE,,652,FALSE,,
458,1206,1,9,2018,Maharashtra,Indo-Pacific finless porpoise,Indo-Pacific finless porpoise,,,Versova beach,,,,"19.1392683715699, 72.803809952728219.139268371569965, 72.8038099527282","19.139268371569965, 72.8038099527282",Bycatch,,SA,1,,,Whatsapp,19.13926837,72.80380995,836,FALSE,,653,FALSE,,
459,1207,1,9,2018,Maharashtra,Indo-Pacific finless porpoise,Indo-Pacific finless porpoise,,"Marine Respondents Mumbai, WhatsApp Group","Carcass washed ashore and was not attended to for a while, Total length: 146cm",,http://www.marinemammals.in/submit-record/V6MJT6.jpg . http://www.marinemammals.in/submit-record/PHOTO-2018-09-01-20-10-40.jpg,,,,,,,,,,MMI,,,837,FALSE,,654,FALSE,,
460,1208,30,8,2018,Tamil Nadu,Striped Dolphin,Striped dolphin,,,"Pallam beach, Kanyakumari",,,,"8.09765106622381, 77.43363916620738.09765106622381, 77.43363916620731","8.09765106622381, 77.43363916620731",,,A,1,,,Whatsapp,8.097651066,77.43363917,838,FALSE,,655,FALSE,,
1808,1209,28,8,2018,Goa,Indian Ocean Humpback Dolphin,Humpback dolphin,,,,,,,,,,,,,,,Terra,15.64181,73.71912,839,FALSE,,656,FALSE,,
461,1210,26,8,2018,Maharashtra,Indo-Pacific finless porpoise,Indo-Pacific finless porpoise,,"Virat Journalist, via Marine Respondents Mumbai, WhatsApp Group","Carcass buried on site, No morphological data collected,",,http://www.marinemammals.in/submit-record/p4f0HF.jpg,,,,,,,,,,MMI,,,840,FALSE,,657,FALSE,,
462,1211,24,8,2018,Andaman & Nicobar islands,Dugong,Dugong,,,Neil island Andaman,,,,"11.815182795168, 93.04350067849311.815182795168045, 93.04350067849306","11.815182795168045, 93.04350067849306",,M,SA,3b,,,Whatsapp,11.8151828,93.04350068,841,FALSE,,658,FALSE,,
463,1212,23,8,2018,Andaman & Nicobar islands,Dugong,Dugong,,Forest Department informed WII team,"Dugong stranded on Laxmanpur beach, Neil Island, Skin was sloughed off, Necropsy was performed in presence of vets,Tissue and blubber samples were collected and are being analysed at WII lab, location: 11,84829 N, 93,01276 E",,http://www.marinemammals.in/submit-record/sZJkvv.jpg . http://www.marinemammals.in/submit-record/60.jpg . http://www.marinemammals.in/submit-record/62.jpg . http://www.marinemammals.in/submit-record/63.jpg,,,,,,,,,,MMI,,,842,FALSE,,659,FALSE,,
464,1213,22,8,2018,Maharashtra,Humpback dolphin,Humpback dolphin,,,"Marinelines station, Marine drive, mumbai",,,,"18.9450615671582, 72.822021731252618.945061567158298, 72.82202173125269","18.945061567158298, 72.82202173125269",,,SA,4a,,,Whatsapp,18.94506157,72.82202173,843,FALSE,,660,FALSE,,
465,1214,18,8,2018,Maharashtra,Indian Ocean humpback dolphin,Humpback dolphin,,"Mr, Deshmukh, CCF, Mangrove Cell, via Marine Respondents Mumbai, WhatsApp group","Humpback dolphin and finless porpoise carcass washed ashore, Probably, necropsy was conducted by the SPCA, but no details were shared, The carcass appears small in size, probably a calf/juvenile, The attached pictures have two carcasses, the smaller one",,http://www.marinemammals.in/submit-record/78qFrk.jpg . http://www.marinemammals.in/submit-record/PHOTO-2018-08-18-11-06-23.jpg . http://www.marinemammals.in/submit-record/PHOTO-2018-08-18-11-06-25.jpg . http://www.marinemammals.in/submit-record/PHOTO-201,,,,,,,,,,MMI,,,844,FALSE,,661,FALSE,,
466,1215,18,8,2018,Maharashtra,Indian Ocean humpback dolphin,Humpback dolphin,,"Mr, Deshmukh, CCF, via Marine Respondents Mumbai, Whatsapp Group","Humpback dolphin and finless porpoise carcass washed ashore, Probably, necropsy was conducted by the SPCA, but no details were shared, The attached pictures have two carcasses, the larger one is the finless porpoise carcass,",,http://www.marinemammals.in/submit-record/bsyKLh.jpg . http://www.marinemammals.in/submit-record/PHOTO-2018-08-18-11-06-251.jpg . http://www.marinemammals.in/submit-record/PHOTO-2018-08-18-11-06-231.jpg,,,,,,,,,,MMI,,,845,FALSE,,662,FALSE,,
467,1216,18,8,2018,Maharashtra,Indo-Pacific finless porpoise,Indo-Pacific finless porpoise,,"Mr, Deshmukh, CCF, via Marine Respondents Mumbai, Whatsapp Group","Humpback dolphin and finless porpoise carcass washed ashore, Probably, necropsy was conducted by the SPCA, but no details were shared, The attached pictures have two carcasses, the larger one is the finless porpoise carcass,",,http://www.marinemammals.in/submit-record/bsyKLh.jpg . http://www.marinemammals.in/submit-record/PHOTO-2018-08-18-11-06-251.jpg . http://www.marinemammals.in/submit-record/PHOTO-2018-08-18-11-06-231.jpg,,,,,,,,,,MMI,,,846,FALSE,,663,TRUE,662,
468,1217,13,8,2018,Tamil Nadu,Humpback dolphin,Humpback dolphin,,,"Palk Bay, Manalmelkudi",,,,"10.0366784050884, 79.262008932564810.036678405088413, 79.26200893256481","10.036678405088413, 79.26200893256481",,,,5,,,Whatsapp,10.03667841,79.26200893,847,FALSE,,664,FALSE,,
469,1218,10,8,2018,Maharashtra,Indian Ocean humpback dolphin,Humpback dolphin,,"Regan Cerado, via Marine Respondents Mumbai, WhatsApp Group","Animal washed ashore not far from Juhu police Chowki, Morphological data not recorded, Animal buried on site by the locals,",,http://www.marinemammals.in/submit-record/Wb5pgr.jpg . http://www.marinemammals.in/submit-record/PHOTO-2018-08-13-18-59-30.jpg,,"19.1042119778411, 72.823430960426219.10421197784116, 72.82343096042624","19.10421197784116, 72.82343096042624",,,,,,,MMI,19.10421198,72.82343096,848,FALSE,,665,FALSE,,
470,1219,10,8,2018,Maharashtra,Indo-Pacific finless porpoise,Indo-Pacific finless porpoise,,,Juhu,,,,"19.1043572393531, 72.823936796344419.104357239353124, 72.82393679634448","19.104357239353124, 72.82393679634448",,,SA,2,,,Whatsapp,19.10435724,72.8239368,849,TRUE,848,1849,FALSE,,
1438,1220,10,8,2018,Maharashtra,Indo-Pacific finless porpoise,Indo-Pacific finless porpoise,,"Regan Cerado, via Marine Respondents Mumbai, WhatsApp group",,,http://www.marinemammals.in/submit-record/Kbkst2.jpg . http://www.marinemammals.in/submit-record/PHOTO-2018-08-13-18-59-301.jpg,,,,,,,,,,MMI-later,,,850,FALSE,,666,FALSE,,
1807,1221,6,8,2018,Goa,Finless Porpoise,Indo-Pacific finless porpoise,,,,,,,,,,,,3,3,5,Terra,14.97695983,74.042002,851,FALSE,,667,FALSE,,
1806,1222,30,7,2018,Goa,Spinner Dolphin,Spinner dolphin,,,,,,,,,,,,2,,,Terra,15.31152658,73.90109796,852,FALSE,,668,FALSE,,
1805,1223,23,7,2018,Goa,Finless Porpoise,Indo-Pacific finless porpoise,,,,,,,,,,,,,,,Terra,14.97809,74.04211,853,FALSE,,669,FALSE,,
471,1224,13,7,2018,Goa,Humpback dolphin,Humpback dolphin,,,Bandra,,,,"19.0538061162073, 72.82131682157319.053806116207337, 72.821316821573","19.053806116207337, 72.821316821573",,,A,,,,Whatsapp,,,854,TRUE,856,670,FALSE,,
1804,1225,13,7,2018,Goa,Indian Ocean Humpback Dolphin,Humpback dolphin,,,,,,,,,,,A,2,2,3,Terra,15.21671203,73.92971864,855,FALSE,,671,FALSE,,
472,1226,11,7,2018,Maharashtra,Indian Ocean humpback dolphin,Humpback dolphin,,"Virat Journalist via Marine Respondents Mumbai, WhatsApp Group","Humpback dolphin was stranded at Chimbai beach, no morphological data collected,",,http://www.marinemammals.in/submit-record/jrmzB9.jpg,,"19.0558678336795, 72.820772797798719.055867833679514, 72.82077279779872","19.055867833679514, 72.82077279779872",,,,,,,MMI,19.05586783,72.8207728,856,FALSE,,672,FALSE,,
1803,1227,5,7,2018,Goa,Risso's dolphin,Risso's dolphin,,,,,,,,,,,,,,,Terra,15.62262,73.73025,857,FALSE,,673,FALSE,,
1802,1228,4,7,2018,Goa,Humpback dolphin Juvi,Humpback dolphin,,,,,,,,,,,,,,,Terra,14.97809,74.04211,858,FALSE,,674,FALSE,,
1801,1229,3,7,2018,Goa,Indian Ocean Humpback Dolphin,Humpback dolphin,,,,,,,,,,,C,4,5,7,Terra,15.29145629,73.90796617,859,FALSE,,675,FALSE,,
473,1230,1,7,2018,Lakshadweep islands,Unidentified baleen whale,Unidentified baleen whale,,,"Bitra, Lakshadweep",,,,"11.599982634022, 72.18673720139511.599982634022084, 72.186737201395","11.599982634022084, 72.186737201395",,,A,4a,,,Whatsapp,11.59998263,72.1867372,860,FALSE,,676,FALSE,,
1800,1231,29,6,2018,Goa,Finless Porpoise,Indo-Pacific finless porpoise,,,,,,,,,,,,2,1,2,Terra,15.55559,73.75159,861,FALSE,,677,FALSE,,
474,1232,27,6,2018,Maharashtra,Indo-Pacific finless porpoise,Indo-Pacific finless porpoise,,"Dr, Dinesh Vinherkar via the Marine Respondents Mumbai, WhatsApp group","Finless porpoise stranded in Chinchani beach, No data was collected, Carcass buried at the site of stranding,",,http://www.marinemammals.in/submit-record/QYLYK7.jpeg . http://www.marinemammals.in/submit-record/WhatsApp_Image_2018-06-27_at_12.20.531.jpeg . http://www.marinemammals.in/submit-record/WhatsApp_Image_2018-06-27_at_12.20.551.jpeg . http://www.marinemamma,,"19.8766736758821, 72.678931180343519.87667367588214, 72.67893118034357","19.87667367588214, 72.67893118034357",,,,,,,MMI,19.87438207,72.68054965,862,FALSE,,678,FALSE,,
1799,1233,25,6,2018,Goa,Indian Ocean Humpback Dolphin,Humpback dolphin,,,,,,,,,,,,2,0.5,1,Terra,15.01018531,74.02225545,863,FALSE,,679,FALSE,,
475,1234,25,6,2018,Maharashtra,Indian Ocean humpback dolphin,Humpback dolphin,"19.0505465, 72.8213966","Dr, Dinesh VinehrkarTel: 9870243216","Information was forwarded by Dr, Dinesh Vinherkar, based on a whatsapp forward he received, No morphometric details received,",,http://www.marinemammals.in/submit-record/YWFG0g.jpeg,,"19.0505465, 72.82139660000007","19.0505465, 72.82139660000007",,,,,,,MMI,19.05067868,72.82102107,864,FALSE,,680,FALSE,,
476,1235,22,6,2018,West Bengal,Irrawaddy dolphin,Irrawaddy dolphin,,,Digha,,,,"21.6182913305074, 87.507538430551821.618291330507404, 87.50753843055188","21.618291330507404, 87.50753843055188",,,A,4b,,,Whatsapp,21.61829133,87.50753843,865,FALSE,,681,FALSE,,
477,1236,19,6,2018,Maharashtra,Humpback dolphin,Humpback dolphin,,,Versova beach,,,,"19.1402819477891, 72.802050423749819.14028194778915, 72.80205042374988","19.14028194778915, 72.80205042374988",,,,,,,Whatsapp,19.14028195,72.80205042,866,TRUE,867,1850,FALSE,,
478,1237,19,6,2018,Maharashtra,Indian Ocean humpback dolphin,Humpback dolphin,"19.1350852, 72.8146100999999",Afroz ShahTel: 9820333484,"Carcass washed ashore on Versova beach, Buried y forest department, Details not recorded,",,http://www.marinemammals.in/submit-record/ZsVN04.jpeg . http://www.marinemammals.in/submit-record/5bHdFm.jpeg,,"19.123779866343746, 72.81710226732696","19.123779866343746, 72.81710226732696",,,,,,,MMI,19.12377987,72.81710227,867,FALSE,,682,FALSE,,Remapped
479,1238,14,6,2018,Maharashtra,Unidentified baleen whale,Unidentified baleen whale,,,"Uran, Navi Mumbai",,,,"18.8719623254026, 72.918009906035118.87196232540267, 72.91800990603512","18.87196232540267, 72.91800990603512",,,A,3a,,,Whatsapp,18.87196233,72.91800991,868,FALSE,,683,FALSE,,
1798,1239,9,6,2018,Goa,Indian Ocean Humpback Dolphin,Humpback dolphin,,,,,,,,,,,,,,,Terra,15.31191836,73.90104466,870,FALSE,,685,FALSE,,
1797,1240,8,6,2018,Goa,Indian Ocean Humpback Dolphin,Humpback dolphin,,,,,,,,,,,,3,3,5,Terra,15.29198479,73.90787444,871,FALSE,,686,FALSE,,
1796,1241,7,6,2018,Goa,Indian Ocean Humpback Dolphin,Humpback dolphin,,,,,,,,,,,,,,,Terra,15.22882636,73.92605783,872,FALSE,,687,FALSE,,
1795,1242,6,6,2018,Goa,Indian Ocean Humpback Dolphin,Humpback dolphin,,,,,,,,,,,,,,,Terra,15.35447242,73.88294084,873,FALSE,,688,FALSE,,
1794,1243,4,6,2018,Goa,Indian Ocean Humpback Dolphin,Humpback dolphin,,,,,,,,,,,,3,3,5,Terra,15.31152658,73.90109796,874,FALSE,,689,FALSE,,
481,1244,26,5,2018,Gujarat,Indo-Pacific finless porpoise,Indo-Pacific finless porpoise,,,Surat,,,,"21.0849004586972, 72.706941822047621.084900458697213, 72.70694182204767","21.084900458697213, 72.70694182204767",,,SA,3a,,,Whatsapp,21.08490046,72.70694182,876,FALSE,,691,TRUE,692,
482,1245,26,5,2018,Gujarat,Indo-Pacific finless porpoise,Indo-Pacific finless porpoise,"21.145575, 72.7473480148193","Nature Club Surat - Pictures attached - Tissue collected,","Finless porpoise female, total length: 1,34m, Stranded near ONGC bridge,FD carried out a necropsy and found undigested bombay duck in the stomach contents,An injury was present above the eye,",,http://www.marinemammals.in/submit-record/dck8wG.jpeg . http://www.marinemammals.in/submit-record/1vM1vg.jpeg,,"21.145575000000093, 72.7473480148193","21.145575000000093, 72.7473480148193",,,,,,,MMI,21.145575,72.74734801,877,FALSE,,692,FALSE,,
1793,1246,25,5,2018,Goa,Humpback dolphin,Humpback dolphin,,,,,,,,,,,,,,,Terra,15.66876062,73.7091528,878,TRUE,,693,FALSE,,
483,1247,25,5,2018,Goa,Indo-Pacific finless porpoise,Indo-Pacific finless porpoise,,"Pictures attached,","Washed ashore at Utorda, Goa - Source: TerraConscious and Drishti Life guards",,http://www.marinemammals.in/submit-record/Q0L9JN.jpeg . http://www.marinemammals.in/submit-record/WhatsApp_Image_2018-05-25_at_11.20.15.jpeg,,"15.3154045082164, 73.899320714053315.315404508216465, 73.89932071405339","15.315404508216465, 73.89932071405339",,,,3,4,5,MMI,15.31540451,73.89932071,879,FALSE,,694,FALSE,,
484,1248,20,5,2018,Goa,Indian Ocean humpback dolphin,Humpback dolphin,,Pictures attached,"Washed ashore Mandrem beach, Source: Terraconscious and Drishti Lifeguards",,http://www.marinemammals.in/submit-record/ZxGj8q.jpeg . http://www.marinemammals.in/submit-record/WhatsApp_Image_2018-05-20_at_12.48.53.jpeg,,"15.6680168459632, 73.709238632086115.668016845963258, 73.70923863208613","15.668016845963258, 73.70923863208613",,,,4,7,10,MMI,15.66801685,73.70923863,880,FALSE,,695,FALSE,,
485,1249,18,5,2018,Maharashtra,Indian Ocean humpback dolphin,Humpback dolphin,"17.182945, 73.254349",Personal observation,"A stranded Indian ocean humpback dolphin in decomposing condition - Code washed ashore and observed at inter tidal zone at Malgund beach, Ratnagiri district Maharashtra on 18 th May, 2018, The detailed examination of the carcass reveal marking of net en",,http://www.marinemammals.in/submit-record/CbdGgv.jpg http://www.marinemammals.in/submit-record/2k2k2d.jpg,,"17.182945, 73.25434900000005","17.182945, 73.25434900000005",,,,,,,MMI,17.18273237,73.25297602,881,FALSE,,696,FALSE,,
486,1250,18,5,2018,Odisha,Risso's dolphin,Risso's dolphin,,,"Puri, Odisha",,,,"19.7925488392601, 85.81818113837219.792548839260117, 85.81818113837207","19.792548839260117, 85.81818113837207",,,C,1,,,Whatsapp,19.79254884,85.81818114,882,FALSE,,697,FALSE,,
487,1251,16,5,2018,Gujarat,Unidentified baleen whale,Unidentified baleen whale,,"pictures attached,","whale washed ashore in Okha,, Sample taken and deposited in Wildlife Institute of India",,http://www.marinemammals.in/submit-record/ytmvFP.jpg . http://www.marinemammals.in/submit-record/PHOTO-2018-05-26-15-03-01.jpg,,"22.4789093262535, 69.059822675713122.478909326253554, 69.05982267571316","22.478909326253554, 69.05982267571316",,,,,,,MMI,22.47890933,69.05982268,883,FALSE,,698,FALSE,,
488,1252,12,5,2018,Maharashtra,Indian Ocean humpback dolphin,Humpback dolphin,"18.7390365711796, 72.8631919197082",Irshad Tyabji,"Stranding on Kihim beach, skin and teeth samples taken-adult based on size and teeth condition,",,http://www.marinemammals.in/submit-record/jM32Yv.jpeg . http://www.marinemammals.in/submit-record/IMG_7251.jpeg . http://www.marinemammals.in/submit-record/IMG_7250.jpeg . http://www.marinemammals.in/submit-record/wsRh8m.jpg,,"18.739036571179618, 72.86319191970824","18.739036571179618, 72.86319191970824",,,,,,,MMI,18.73903657,72.86319192,884,FALSE,,699,FALSE,,
489,1253,10,5,2018,Maharashtra,Indian Ocean humpback dolphin,Humpback dolphin,"19.3699608, 72.7762099","Ranjit Jadhav Marine Respondents Group, MumbaiMob: 9821824186","Carcass was found by Mr, Zsu Ferrao, between Rangaon and Bhuigaon beach, Another dead dolphin was observed about 500 m away from this carcass,",,http://www.marinemammals.in/submit-record/3mbwxV.jpeg . http://www.marinemammals.in/submit-record/4vgy4M.jpeg,,"19.37766249924969, 72.75750930671417","19.37766249924969, 72.75750930671417",,,,,,,MMI,19.3776625,72.75750931,885,FALSE,,700,FALSE,,Remapped
490,1254,10,5,2018,Maharashtra,Indian Ocean humpback dolphin,Humpback dolphin,"19.3398381, 72.7915665",Leonard RebelloMob: 9764077098,"No specific details were given, No data collected,",,http://www.marinemammals.in/submit-record/TpyhF5.jpg,,"19.3398381, 72.79156650000004","19.3398381, 72.79156650000004",,,,,,,MMI,19.3398381,72.7915665,886,FALSE,,701,TRUE,700,
1791,1255,7,5,2018,Goa,Finless Porpoise,Indo-Pacific finless porpoise,,,,,,,,,,,,5,12,15,Terra,15.47106057,73.80539143,889,FALSE,,703,FALSE,,
1790,1256,7,5,2018,Goa,Humpback dolphin,Humpback dolphin,,,,,,,,,,,,3,3,6,Terra,15.69080656,73.70090771,890,FALSE,,704,FALSE,,
1792,1257,7,5,2018,Goa,Humpback dolphin,Humpback dolphin,,,,,,,,,,,,4,8,10,Terra,15.50016775,73.76731543,891,FALSE,,705,FALSE,,
491,1258,5,5,2018,Goa,Indian Ocean humpback dolphin,Humpback dolphin,,"Pictures attached,","Washed ashore in Morjim, Source is Terraconscious and Drishti lifeguards, Data submitted to Forest Dept,",,http://www.marinemammals.in/submit-record/LwnrcQ.jpeg . http://www.marinemammals.in/submit-record/WhatsApp_Image_2018-05-05_at_16.31.55.jpeg,,"15.6330468297843, 73.721822848182115.633046829784304, 73.72182284818211","15.633046829784304, 73.72182284818211",,,A,3,3,5,MMI,15.63304683,73.72182285,892,FALSE,,706,TRUE,704,
492,1259,5,5,2018,Goa,Indo-Pacific finless porpoise,Indo-Pacific finless porpoise,,"No pictures,","Washed ashore at Betim, Source Terraconscious and Drishti life guards, Submitted data to Forest dept,",,,,"15.5017727117484, 73.825330320950815.501772711748481, 73.82533032095081","15.501772711748481, 73.82533032095081",,,,,,,MMI,15.50177271,73.82533032,893,FALSE,,707,TRUE,705,
1789,1260,4,5,2018,Goa,Humpback dolphin Fetus,Humpback dolphin,,,,,,,,,,,,,,,Terra,15.38774,73.80763,894,FALSE,,708,FALSE,,
493,1261,3,5,2018,Maharashtra,Indian Ocean humpback dolphin,Humpback dolphin,"19.1350852, 72.8146100999999",Shaunak Modi Mobile: 9820090299,"Carcass washed ashore at Versova beach, Reported by Afroze Shah, The carcass was buried after being checked by forest officials as reported by Afroze Shah,",,http://www.marinemammals.in/submit-record/hhNkWh.jpeg . http://www.marinemammals.in/submit-record/WhatsApp_Image_2018-05-03_at_18.29.01.jpeg . http://www.marinemammals.in/submit-record/WhatsApp_Image_2018-05-03_at_18.29.03.jpeg . http://www.marinemammals,,"19.1350852, 72.81461009999998","19.1350852, 72.81461009999998",,,,,,,MMI,19.1350852,72.8146101,895,FALSE,,709,FALSE,,
494,1262,1,5,2018,Goa,Bryde's whale,Bryde's whale,,"Pictures attached - species confirmed on the presence of three ridges and narrow pointed head shape,","Carcass Washed ashore at Mandrel beach in Goa, Source: Abhishek Jamalabad, Terraconscious and Drishti life guards",,http://www.marinemammals.in/submit-record/1FR613.jpg . http://www.marinemammals.in/submit-record/PHOTO-2018-10-01-19-21-47.jpg . http://www.marinemammals.in/submit-record/PHOTO-2018-10-01-19-21-46.jpg . http://www.marinemammals.in/submit-record/PHOTO-201,,"15.661653355533, 73.711985214136315.661653355533028, 73.71198521413638","15.661653355533028, 73.71198521413638",,,,,,,MMI,15.66165336,73.71198521,896,FALSE,,710,FALSE,,
1139,1263,29,4,2018,Tamil Nadu,Dugong,Dugong,,,,,,,"10.51772, 79.24858",79.24858,,,,,,,Balaji & Veeramuthu 2021,10.51772,79.24858,900,FALSE,,714,FALSE,,
495,1264,26,4,2018,Odisha,Spinner dolphin,Spinner dolphin,"19.3800167, 85.0864610999999",Pictures attached,"Juvenile spinner dolphin male, No other details available,",,http://www.marinemammals.in/submit-record/gyXF65.jpeg . http://www.marinemammals.in/submit-record/SPinner2.jpeg . http://www.marinemammals.in/submit-record/Spinner3.jpeg http://www.marinemammals.in/submit-record/Spinner4.jpeg,,"19.3800167, 85.08646109999995","19.3800167, 85.08646109999995",,,,,,,MMI,19.3800167,85.0864611,901,FALSE,,715,FALSE,,
496,1265,26,4,2018,Odisha,Spinner dolphin,Spinner dolphin,,Pictures attached,"April 26th 2018; Rushikulya beach; reported by Rabi sahay, Juvenile spinner dolphin male, No other data,",,http://www.marinemammals.in/submit-record/x5Z7xq.jpg . http://www.marinemammals.in/submit-record/PHOTO-2018-05-26-15-25-34.jpg . http://www.marinemammals.in/submit-record/PHOTO-2018-05-26-15-25-34_3.jpg,,"19.3859373351115, 85.089087785531119.38593733511158, 85.08908778553119","19.38593733511158, 85.08908778553119",,,,,,,MMI,19.38593734,85.08908779,902,TRUE,901,1852,FALSE,,
497,1266,24,4,2018,Tamil Nadu,Dugong,Dugong,"10.0151625, 79.2295005999999","Pictures and details from Prem Jothi, WII and Dr Balaji, OMCAR foundation","Female dugong washed ashore in Palk Bay, Ammapattinam, Pudukottai District, Total length was 9,7ft",,http://www.marinemammals.in/submit-record/cD8Cm2.jpg,,"10.0151625, 79.22950059999994","10.0151625, 79.22950059999994",,,,,,,MMI,10.01346801,79.23277692,903,FALSE,,716,FALSE,,
498,1267,24,4,2018,Tamil Nadu,Indo-Pacific humpback dolphin,Humpback dolphin,"12.6963831460239, 80.23434260625",Newspaper article attached,"newspaper article attached, Picture shows mark of net entanglement infront of the flippers,",,http://www.marinemammals.in/submit-record/xmFwpV.png,,"12.696383146023956, 80.23434260625004","12.696383146023956, 80.23434260625004",,,,,,,MMI,12.69638315,80.23434261,904,FALSE,,717,FALSE,,
499,1268,22,4,2018,Goa,Indian Ocean humpback dolphin,Humpback dolphin,,"Pictures attached,","Found at Polem point, Goa, Adult Female, Size available with FDSource: Dhrishti lifeguards and Terraconscious,",,http://www.marinemammals.in/submit-record/Yd32Zj.jpeg . http://www.marinemammals.in/submit-record/WhatsApp_Image_2018-04-22_at_18.38.04.jpeg,,"14.9064981117054, 74.082926426219514.906498111705492, 74.08292642621954","14.906498111705492, 74.08292642621954",,,SA,3,2,4,MMI,14.90649811,74.08292643,905,FALSE,,718,FALSE,,
500,1269,22,4,2018,Maharashtra,Risso's dolphin,Risso's dolphin,"16.0356852031088, 73.4831474169188",Entered by Ketki Jog for N Vasudevan IFS,"Carcass was first observed on the evening of 22nd April 2018 by fishermen, Stranding reported on the 23rd of April 2018, Carcass condition: Code 4, Total length: 2,41 m, Skin and tooth samples collected, Sex could not be determined, Species confirmation",,http://www.marinemammals.in/submit-record/3LvrdP.jpg . http://www.marinemammals.in/submit-record/IMG_1282.jpg . http://www.marinemammals.in/submit-record/IMG_1282.jpg,,"16.035685203108866, 73.48314741691888","16.035685203108866, 73.48314741691888",,,,,,,MMI,16.03560616,73.48276723,906,FALSE,,719,FALSE,,
1788,1270,20,4,2018,Goa,Humpback Dolphin,Humpback dolphin,,,,,,,,,,,,3,,,Terra,15.25822871,73.91828017,907,FALSE,,720,FALSE,,
1787,1271,18,4,2018,Goa,Finless Porpoise,Indo-Pacific finless porpoise,,,,,,,,,,,,3,3,4,Terra,15.46482492,73.80254583,908,FALSE,,721,FALSE,,
501,1272,16,4,2018,Tamil Nadu,Dugong,Dugong,"10.0109264, 79.2169174","Reported by Mr Jawahar, Sub Inspector, Marine Police Station, Manalmelkudi,","Without head Dugong, Calf Washed Ashore in Ammapattinam, Pudukkottai district on 29th March 2018, Weight ~ 60Kg",,http://www.marinemammals.in/submit-record/JJbmnB.jpg http://www.marinemammals.in/submit-record/60.jpg . http://www.marinemammals.in/submit-record/62.jpg . http://www.marinemammals.in/submit-record/29063988_417025932072852_5019745892604110609_o.jpg,,"10.0109264, 79.21691740000006","10.0109264, 79.21691740000006",,,,,,,MMI,10.00512127,79.22426325,909,FALSE,,722,FALSE,,
1443,1273,15,4,2018,Andaman & Nicobar islands,Omura's whale,Omura's whale,"11.36303, 92.79463",Akshay Malavi,,,http://www.marinemammals.in/submit-record/PNBfbW.jpeg http://www.marinemammals.in/submit-record/66.jpeg http://www.marinemammals.in/submit-record/67.jpeg http://www.marinemammals.in/submit-record/69.jpeg,,,,,,,,,,MMI-later,11.36303,92.79463,911,TRUE,910,1853,FALSE,,
1786,1274,12,4,2018,Goa,Humpback dolphin,Humpback dolphin,,,,,,,,,,,,2,1,2,Terra,15.49811156,73.76646088,912,FALSE,,724,TRUE,725,
502,1275,11,4,2018,Goa,Indian Ocean humpback dolphin,Humpback dolphin,"15.1791179, 73.9536163","Reported by Drishti Lifeguards, attended to by Forest Dept","Morphometric measurements available with the Forest Dept, Found at Cavelosim beach,",,http://www.marinemammals.in/submit-record/nwNmh3.jpeg . http://www.marinemammals.in/submit-record/IMG-20180411-WA0002.jpeg . http://www.marinemammals.in/submit-record/IMG-20180411-WA0001.jpeg . http://www.marinemammals.in/submit-record/y0dt5w.jpeg,,"15.1791179, 73.95361630000002","15.1791179, 73.95361630000002",,,,3,2,4,MMI,15.17347473,73.94117342,913,FALSE,,725,FALSE,,Remapped
503,1276,7,4,2018,Goa,Indo-Pacific humpback dolphin,Humpback dolphin,"15.2570670541897, 73.9189523033142","Reported by Drishti lifeguards to the Forest Department who asked that the carcass be buried,",No measurements were taken,,http://www.marinemammals.in/submit-record/pmqQhc.png. http://www.marinemammals.in/submit-record/IMG-20180407-WA0018.png. http://www.marinemammals.in/submit-record/IMG-20180407-WA0016.png. http://www.marinemammals.in/submit-record/IMG-20180407-WA0015.png.,,"15.257067054189742, 73.9189523033142","15.257067054189742, 73.9189523033142",,,C,3,1,3,MMI,15.25706705,73.9189523,914,FALSE,,726,FALSE,,
1140,1277,5,4,2018,Tamil Nadu,Dugong,Dugong,,,,,,,"10.51772, 79.24858",79.24858,,,,,,,Balaji & Veeramuthu 2021,10.51772,79.24858,915,FALSE,,727,FALSE,,
504,1278,5,4,2018,Maharashtra,Indo-Pacific finless porpoise,Indo-Pacific finless porpoise,"16.0429254125715, 73.4780829719543",The carcass was reported by Abhilasha Sharma +918700143445,"N, phocaenoides was probably brought ashore in a gill net craft at about 1600 hrs on 5th April 2018, Total length: 165,1 cm, Sex: Male, External examination: Code 2; Eyes appeared bloodshot, wound around the body just behind the head from being entangle",,http://www.marinemammals.in/submit-record/YJKff4.jpeg . http://www.marinemammals.in/submit-record/2018-04-05-PHOTO-00001609.jpeg . http://www.marinemammals.in/submit-record/MRq0GQ.jpeg,,"16.042925412571524, 73.47808297195434","16.042925412571524, 73.47808297195434",,,,,,,MMI,16.04292541,73.47808297,916,FALSE,,728,FALSE,,
505,1279,,4,2018,Andaman & Nicobar islands,Unidentified baleen whale,Unidentified baleen whale,"11.4669403927829, 92.7097046460937",Akshay Malawi pictures,"Dead whale carcass seen in the waters off Chidyatapu, Could have washed ashore in Rutland,",,http://www.marinemammals.in/submit-record/X1JCtG.jpg . http://www.marinemammals.in/submit-record/image1-61.jpg,,"11.466940392782956, 92.70970464609377","11.466940392782956, 92.70970464609377",,,,,,,MMI,11.46694039,92.70970465,917,FALSE,,729,TRUE,713,
506,1280,31,3,2018,Maharashtra,Bryde's Whale,Bryde's whale,,,Talashil near Malvan in Sindhudurg dist,,,,"16.0985097237983, 73.459943503625416.098509723798305, 73.4599435036254","16.098509723798305, 73.4599435036254",,,A,4a,,,Whatsapp,16.09850972,73.4599435,920,FALSE,,732,FALSE,,
1785,1281,31,3,2018,Goa,Humpback Dolphin,Humpback dolphin,,,,,,,,,,,,2,1,2,Terra,15.38774,73.80763,921,FALSE,,733,FALSE,,
1065,1282,31,3,2018,Maharashtra,Unidentified baleen whale,Unidentified baleen whale,,,,,,,"16.04581136, 73.47132652",73.47132652,,,,,,,Sutaria 2018,16.04581136,73.47132652,922,FALSE,,734,FALSE,,
1784,1283,29,3,2018,Goa,Humpback dolphin,Humpback dolphin,,,,,,,,,,,,4,,,Terra,15.64217332,73.71787475,923,FALSE,,735,FALSE,,
1783,1284,19,3,2018,Goa,Humpback Dolphin,Humpback dolphin,,,,,,,,,,,,,,,Terra,14.99655,74.0429,924,FALSE,,736,FALSE,,
1782,1285,16,3,2018,Goa,Humpback dolphin,Humpback dolphin,,,,,,,,,,,,,,,Terra,15.0403076,73.98694568,925,TRUE,,737,FALSE,,
507,1286,16,3,2018,Goa,Indo-Pacific humpback dolphin,Humpback dolphin,"15.3911691388592, 73.8066643051147","Found by the Drishti lifeguards, who reported it to the Stranding NetworkOcean Watch, The Stranding Network informed the Forest Department, A necropsy was conducted by the Forest Department after which both individuals were buried,",Pregnant female,,http://www.marinemammals.in/submit-record/zsTFWD.png. http://www.marinemammals.in/submit-record/IMG-20180319-WA0016.png. http://www.marinemammals.in/submit-record/IMG-20180316-WA0033.png. http://www.marinemammals.in/submit-record/IMG-20180316-WA0021.png.,,"15.391169138859292, 73.80666430511474","15.391169138859292, 73.80666430511474",,,,,,,MMI,15.39116914,73.80666431,926,FALSE,,738,TRUE,736,
508,1287,16,3,2018,Goa,Indo-Pacific humpback dolphin,Humpback dolphin,"14.9780088, 74.0419464","Reported by lifeguards to the Goa Forest Department, Forest Department took the carcass, Necropsy report available with the Forest Department,","Carcass was fresh, Its skin has peeled off in places, Carcass is of a juvenile animal less than a year old as foetal curves are still visible,",,http://www.marinemammals.in/submit-record/tZ90rz.jpeg . http://www.marinemammals.in/submit-record/WhatsApp_Image_2018-03-17_at_09.35.15.jpeg . http://www.marinemammals.in/submit-record/WhatsApp_Image_2018-03-17_at_09.35.13.jpeg . http://www.marinemammals,,"14.9780088, 74.04194640000003","14.9780088, 74.04194640000003",,,C,2,1,2,MMI,14.9780088,74.0419464,927,FALSE,,739,TRUE,737,
1444,1288,13,3,2018,Andaman & Nicobar islands,Dugong,Dugong,,Direct sighting by Sohini and Swapnali,,,,,,,,,,,,,MMI-later,,,928,FALSE,,740,FALSE,,
509,1289,11,3,2018,Tamil Nadu,Spinner dolphin,Spinner dolphin,"11.7497225497584, 79.7892214832031","Newspaper article attached, The Hindu March 13th 2018","A total of seven spinner dolphins washed ashore in Cuddalore three in Uyalli kuppam, three in Sadras kuppam and Cuddalore chinna kuppam; one in Naina kuppam between 9th and 12th of March 2018, Based on the assessment by Supraja Dharini of TREE foundatio",,http://www.marinemammals.in/submit-record/00Y5kV.png,,"11.749722549758472, 79.78922148320316","11.749722549758472, 79.78922148320316",,,,,,,MMI,11.74972255,79.78922148,929,FALSE,,741,FALSE,,
510,1290,10,3,2018,Tamil Nadu,Unidentified dolphin,Small-sized delphinid,"13.0033183, 80.2727491",Photo,"Found in a decomposed state during turtle walks at Ururkuppam by Raghuraman RSeveral injuries and/or bite marks on the body, COD unknown, Sample collected by SSTCN,",,http://www.marinemammals.in/submit-record/3tm3zq.png,,"13.0033183, 80.27274910000006","13.0033183, 80.27274910000006",,,,,,,MMI,13.00297025,80.27427268,930,FALSE,,742,FALSE,,
511,1291,9,3,2018,Tamil Nadu,Spinner dolphin,Spinner dolphin,"12.9975659008703, 80.2819434011719",Pictures,"Pictures available, No sample collected",,http://www.marinemammals.in/submit-record/4R2rmL.png. http://www.marinemammals.in/submit-record/0y8Z6K.png,,"12.99756590087038, 80.28194340117193","12.99756590087038, 80.28194340117193",,,,,,,MMI,12.99917249,80.27314587,931,TRUE,930,1854,FALSE,,
512,1292,9,3,2018,Tamil Nadu,Unidentified dolphin,Small-sized delphinid,"8.26549904191047, 77.8748532960937",Photographs - Record submitted by Prem Jothi and Rukmini Shekar;,"Carcass floating in code 3, sample collected and in wii,",,http://www.marinemammals.in/submit-record/dtBVYn.png,,"8.26549904191047, 77.87485329609376","8.26549904191047, 77.87485329609376",,,,,,,MMI,8.265499042,77.8748533,932,FALSE,,743,FALSE,,
513,1293,1,3,2018,Maharashtra,Indian Ocean humpback dolphin,Humpback dolphin,"19.6974548, 72.7141495999999",Reported by Forest Department,"Decomposed carcass washed ashore late evening, Total length: 9ft, 3 inches,",,http://www.marinemammals.in/submit-record/1Znfx5.jpeg . http://www.marinemammals.in/submit-record/KNcWMd.jpeg,,"19.6974122, 72.7105107","19.6974122, 72.7105107",,,,,,,MMI,19.6974122,72.7105107,935,FALSE,,746,FALSE,,
514,1294,26,2,2018,Goa,Indo-Pacific humpback dolphin,Humpback dolphin,"15.6438666, 73.7176844","Reported by Drishti lifeguards to the Stranding Network who then informed the Forest Department, The Forest Department conducted a necropsy before burying it, Necropsy report available with the Forest Department,","Carcass was burnt and discoloured, severely decomposed and with a rupture around the anus, Its internal organs were visible, Its tongue was swollen which could be a sign of asphyxiation,",,http://www.marinemammals.in/submit-record/RLwBxD.png. http://www.marinemammals.in/submit-record/Dolphin_4_photo_4.png. http://www.marinemammals.in/submit-record/Dolphin_4_photo_3_.png. http://www.marinemammals.in/submit-record/Dolphin_4_photo_2.png. http,,"15.6438666, 73.71768440000005","15.6438666, 73.71768440000005",,,,3,3,5,MMI,15.6438666,73.7176844,939,FALSE,,750,FALSE,,
515,1295,23,2,2018,Maharashtra,Indian Ocean humpback dolphin,Humpback dolphin,"19.1075424, 72.8263","cause of death unknown, washed ashore fresh and dead, authorities poured bleach over it before burying it,","Juhu beach, Pictures from local tourist and Prochy Master (via Shaunak Modi)",,http://www.marinemammals.in/submit-record/14-07-2019-juhu dolphin 1.jpeg http://www.marinemammals.in/submit-record/14-07-2019-juhu dolphin 2.jpeg http://www.marinemammals.in/submit-record/14-07-2019-http___www.marinemammals.in_submit-record_mnnb7r.png,,"19.1075424, 72.8263","19.1075424, 72.8263",,,,,,,MMI,19.1075424,72.8263,940,FALSE,,751,FALSE,,
516,1296,20,2,2018,Maharashtra,Indian Ocean humpback dolphin,Humpback dolphin,"19.6970393, 72.7099044","Reported by Forest Department,","Code 4, Decomposed carcass, necropsy could not be conducted, The carcass was buried before morphometrics could be recorded,",,http://www.marinemammals.in/submit-record/rnMn21.jpeg . http://www.marinemammals.in/submit-record/jH0Z4Z.jpeg,,"19.6970393, 72.70990440000003","19.6970393, 72.70990440000003",,,,,,,MMI,19.6970393,72.7099044,941,FALSE,,752,TRUE,751,
517,1297,18,2,2018,Karnataka,Unidentified baleen whale,Unidentified baleen whale,"13.004967, 74.7951454","Newspaper,","Washed ashore in a decomposed state, Approx 40ft long, Newspaper clipping attached,",,http://www.marinemammals.in/submit-record/K5RQfr.pdf,,"13.004967, 74.79514540000002","13.004967, 74.79514540000002",,,,,,,MMI,13.00349975,74.78964038,942,FALSE,,753,FALSE,,
1067,1298,18,2,2018,Karnataka,Unidentified baleen whale,Unidentified baleen whale,,,,,,,"13.00016573, 74.79082345",74.79082345,,,,,,,Sutaria 2018,13.00016573,74.79082345,943,TRUE,942,1855,FALSE,,
1252,1299,18,2,2018,Karnataka,Unidentified baleen whale,Unidentified baleen whale,,,,,,,"14.82, 74.2",74.2,,,,,,,MFIS June2018,14.81893653,74.1260537,944,FALSE,,754,TRUE,753,Remapped
518,1300,17,2,2018,Goa,Indo-Pacific humpback dolphin,Humpback dolphin,"14.9780088, 74.0419464","Reported by Drishti Lifeguards to the Forest Department, Forest Department buried the carcass,","Carcass was severely burnt, discoloured, bloated and ruptured around the anus, It was about 1,5 meters in length,",,http://www.marinemammals.in/submit-record/XQL1qk.png. http://www.marinemammals.in/submit-record/Dolphin_3_photo_4_.png. http://www.marinemammals.in/submit-record/Dolphin_3_photo_2.png. http://www.marinemammals.in/submit-record/MQPsMv.png,,"14.9780088, 74.04194640000003","14.9780088, 74.04194640000003",,,,3,3,5,MMI,14.9780088,74.0419464,945,FALSE,,755,FALSE,,
519,1301,15,2,2018,Andhra Pradesh,Spinner dolphin,Spinner dolphin,"14.4425987, 79.9864559999999","http://www,thehindu,com/todays-paper/tp-national/tp-andhrapradesh/spinner-dolphin-carcass-washed-ashore-at-nellore-coast/article22788221,ece",a Spinner Dlophin was reported to have washed ashore dead,,,,"14.4425987, 79.98645599999998","14.4425987, 79.98645599999998",,,,,,,MMI,14.41164953,80.17439873,946,FALSE,,756,FALSE,,Remapped
1451,1302,8,2,2018,Andaman & Nicobar islands,Dugong,Dugong,,Direct sighting by Swapnali Gole,,,,,,,,,,,,,MMI-later,,,949,FALSE,,758,FALSE,,
521,1303,7,2,2018,Goa,Indo-Pacific humpback dolphin,Humpback dolphin,"15.6029835, 73.733627","Drishti Lifeguards, Reported to the Forest Department by the marine wildlife stranding network, Forest Department arrived with veterinary help and a necropsy report was performed, The necropsy report is available with the Forest Department,","Carcass was severely decomposed and bloated, Its skin was sunburnt and discoloured, Fluke was completely decomposed, Jaw bone was visible, Approximately 6 feet in size,",,http://www.marinemammals.in/submit-record/0H446g.png. http://www.marinemammals.in/submit-record/Dolphin_2_photo_4_.png. http://www.marinemammals.in/submit-record/Dolphin_2_photo.png. http://www.marinemammals.in/submit-record/n1Tzsb.png,,"15.6029835, 73.73362700000007","15.6029835, 73.73362700000007",,,,4,6,9,MMI,15.6029835,73.733627,951,FALSE,,760,FALSE,,
1663,1304,,2,2018,Maharashtra,Unidentified baleen whale,Unidentified baleen whale,"16.28739, 73.40763","Reported in March 2018 by key contact from Tambaldeg, Sagar Maladkar +919423513627",,,,,,,,,,,,,MMI-later,16.28739,73.40763,936,FALSE,,747,FALSE,,
522,1305,,2,2018,Maharashtra,Unidentified baleen whale,Unidentified baleen whale,"16.2873927547753, 73.4076374343872","Reported in March 2018 by key contact from Tambaldeg, Sagar Maladkar +919423513627","No description,",,,,"16.287392754775343, 73.4076374343872","16.287392754775343, 73.4076374343872",,,,,,,MMI,16.28739275,73.40763743,952,FALSE,,761,FALSE,,
1064,1306,,2,2018,Maharashtra,Unidentified baleen whale,Unidentified baleen whale,,,,,,,"16.29895668, 73.4041438",73.4041438,,,,,,,Sutaria 2018,16.29895668,73.4041438,953,TRUE,952,1857,FALSE,,
1781,1307,23,1,2018,Goa,Humpback dolphin,Humpback dolphin,,,,,,,,,,,,5,15,20,Terra,15.04642848,73.98436118,954,FALSE,,762,FALSE,,
523,1308,14,1,2018,Tamil Nadu,Indo-Pacific bottlenose dolphin,Bottlenose dolphin,"11.9316067, 79.8356529999999","newspaper article attached,","3m long and 750Kg - adult dolphin - COD unknown, - washed ashore on Beach road, Puducherry",,http://www.marinemammals.in/submit-record/93nvK2.png,,"11.9316067, 79.83565299999998","11.9316067, 79.83565299999998",,,,,,,MMI,11.93152796,79.83598016,956,FALSE,,764,FALSE,,
524,1309,13,1,2018,Tamil Nadu,Humpback dolphin,Humpback dolphin,,,"Secretariat building, Beach Road, Pondicherry",,,,"11.9357746144224, 79.836628065626411.935774614422431, 79.83662806562646","11.935774614422431, 79.83662806562646",,,A,3a,,,Whatsapp,11.93577461,79.83662807,957,TRUE,956,1858,FALSE,,
525,1310,11,1,2018,Tamil Nadu,Indo-Pacific finless porpoise,Indo-Pacific finless porpoise,,,Tuticorin,,,,"8.74455553216515, 78.17125062084658.744555532165155, 78.17125062084656","8.744555532165155, 78.17125062084656",,,C,3a,,,Whatsapp,8.744555532,78.17125062,958,TRUE,959,1859,FALSE,,
526,1311,11,1,2018,Tamil Nadu,Indo-Pacific finless porpoise,Indo-Pacific finless porpoise,"8.72073136496541, 78.1623019203125",Photograph,"FD buried the carcass, No details collected,",,http://www.marinemammals.in/submit-record/s7F4P8.png,,"8.720731364965413, 78.16230192031253","8.720731364965413, 78.16230192031253",,,,,,,MMI,8.724188847,78.15763337,959,FALSE,,765,FALSE,,
527,1312,7,1,2018,Tamil Nadu,Stenella sp. / Delphinus sp.,Small-sized delphinid,,,Palavakkam beach chennai,,,,"12.9651422879321, 80.264936539239712.9651422879321, 80.26493653923974","12.9651422879321, 80.26493653923974",,,,3b,,,Whatsapp,12.96514229,80.26493654,960,FALSE,,766,FALSE,,
1780,1313,5,1,2018,Goa,Humpback Dolphin,Humpback dolphin,,,,,,,,,,,,,,,Terra,15.2209,73.92939,961,FALSE,,767,FALSE,,
1779,1314,10,12,2017,Goa,Humpback dolphin,Humpback dolphin,,,,,,,,,,,,2,1,2,Terra,15.04314509,73.9853492,963,FALSE,,769,FALSE,,
528,1315,10,12,2017,Maharashtra,Indo-Pacific finless porpoise,Indo-Pacific finless porpoise,"15.9092360465339, 73.5874061693759","A dead indo pacific finless porpoise measuring 2 and half feet stranded on the shore and was found by fishers, Photographic documentation is available on request, The specimen was later buried on the beach itself,","Vengurla - kalvi bunder Maharashtra, photographs Shared by my fisherman community Network from the village,",,,,"15.9091, 73.587215.9091, 73.5872","15.9091, 73.5872",,,,,,,MMI,15.9091,73.5872,964,FALSE,,770,FALSE,,
1778,1316,25,11,2017,Goa,Finless Porpoise,Indo-Pacific finless porpoise,,,,,,,,,,,,2,1,2,Terra,14.97781,74.04198,965,FALSE,,771,FALSE,,
529,1317,21,10,2017,Maharashtra,Bryde's whale,Bryde's whale,"18.9035510648461, 72.8176456292831","Mangrove Cell, Maharashtra Forest Department","The animal was stranded on Saturday 21st October 2017 but was reported on 23rd October 2017, The individual was stranded in two parts, Posterior portion washed ashore near the Afghan church shore and the anterior head region was found near the Colaba pu",,,,"18.903551064846116, 72.8176456292831","18.903551064846116, 72.8176456292831",,,,,,,MMI,18.90355106,72.81764563,966,FALSE,,772,FALSE,,
1063,1318,21,10,2017,Maharashtra,Unidentified baleen whale,Unidentified baleen whale,,,,,,,"18.90099842, 72.8173411",72.8173411,,,,,,,Sutaria 2018,18.90099842,72.8173411,967,TRUE,966,1860,FALSE,,
1776,1319,6,10,2017,Goa,Humpback dolphin,Humpback dolphin,,,,,,,,,,,,4,8,12,Terra,15.31152658,73.90109796,968,FALSE,,773,FALSE,,
1777,1320,6,10,2017,Goa,Humpback dolphin,Humpback dolphin,,,,,,,,,,,,2,0.5,1,Terra,15.04338323,73.98563217,969,FALSE,,774,FALSE,,
1775,1321,30,9,2017,Goa,Finless porpoise,Indo-Pacific finless porpoise,,,,,,,,,,,,4,7,9,Terra,15.29145629,73.90796617,970,FALSE,,775,FALSE,,
1774,1322,30,9,2017,Goa,Humpback Dolphin,Humpback dolphin,,,,,,,,,,,,2,1,2,Terra,15.04135955,73.98655997,971,FALSE,,776,TRUE,774,
530,1323,25,9,2017,Tamil Nadu,Indo-Pacific finless porpoise,Indo-Pacific finless porpoise,"10.0395932, 79.2317563","Sir Jawahar Sub Inspector, Marine Police, Manamelkudi informed Dr Balaji at OMCAR Foundation, He passed on the information to MMI,","A fresh carcass of a female finless porpoise almost 3ft in length washed ashore in Manamelkudi MPS, Limit Athipatinam village, Pictures attached, Some surface wounds visible on the lower jaw, No further data available,",,http://www.marinemammals.in/submit-record/image4.jpg . http://www.marinemammals.in/submit-record/image22.jpg,,"10.0395932, 79.23175630000003","10.0395932, 79.23175630000003",,,,,,,MMI,10.0395932,79.2317563,972,FALSE,,777,FALSE,,
1773,1324,21,9,2017,Goa,Humpback dolphin,Humpback dolphin,,,,,,,,,,,,4,6,10,Terra,14.97747805,74.04183034,973,FALSE,,778,FALSE,,
1062,1325,21,9,2017,Gujarat,Humpback whale,Humpback whale,,,,,,,,,,,,,,,Sutaria 2018,,,974,FALSE,,779,TRUE,780,
1454,1326,21,9,2017,Gujarat,Humpback whale,Humpback whale,"20.74551, 71.76796",Dipani Sutaria,,,http://www.marinemammals.in/submit-record/humpback_whale_gujarat_21sept2017.png. http://www.marinemammals.in/submit-record/image1.PNG,,"20.95398, 71.58935","20.95398, 71.58935",,,,,,,MMI-later,20.95398,71.58935,975,FALSE,,780,FALSE,,
1772,1327,21,9,2017,Goa,Unidentified cetacean,Small-sized delphinid,,,,,,,,,,,,5,,,Terra,15.23062571,73.92584912,976,FALSE,,781,FALSE,,
1771,1328,19,9,2017,Goa,Finless Porpoise,Indo-Pacific finless porpoise,,,,,,,,,,,,2,1,2,Terra,14.97747805,74.04183034,977,FALSE,,782,FALSE,,
531,1329,15,9,2017,Tamil Nadu,Dugong,Dugong,"10.2481586065185, 79.2791002563476",direct observation,"Male, Net scars found, Might be drowned to death by fishing net, Total length = 3,2m, About 350 kg,",,http://www.marinemammals.in/submit-record/IMG_0215-001.jpg . http://www.marinemammals.in/submit-record/IMG_0219-001.jpg . http://www.marinemammals.in/submit-record/IMG_0245-001.jpg . http://www.marinemammals.in/submit-record/IMG_0256-001.jpg . http://www,,"10.248158606518501, 79.27910025634765","10.248158606518501, 79.27910025634765",,,,,,,MMI,10.24700979,79.28085414,978,FALSE,,783,FALSE,,
532,1330,9,9,2017,Maharashtra,Indo-Pacific finless porpoise,Indo-Pacific finless porpoise,"19.1095171, 72.8241","Old record, No necropsy or sample collection done,","Shared by Rhea,",,http://www.marinemammals.in/submit-record/14-07-2019-August 9 2017.jpeg,,"19.1095171, 72.8241","19.1095171, 72.8241",,,,,,,MMI,19.1095171,72.8241,979,FALSE,,784,FALSE,,
533,1331,31,8,2017,Maharashtra,Indian Ocean humpback dolphin,Humpback dolphin,"19.4297776, 72.7559226999999","Suyog Nigrel, Rajodi beach fitness club","The carcass was found washed ashore early morning by joggers/walkers along Rajodi beach, Morphometry was not recorded, The animal was later buried by local authorities,",,http://www.marinemammals.in/submit-record/Humpback_dolphin_Rajodi_beach_2.png. http://www.marinemammals.in/submit-record/Humpback_Dolphin_Rajodi_beach1.png,,"19.4297776, 72.75592269999993","19.4297776, 72.75592269999993",,,,,,,MMI,19.4297776,72.7559227,980,FALSE,,785,TRUE,787,
534,1332,31,8,2017,Gujarat,Indo-Pacific finless porpoise,Indo-Pacific finless porpoise,"21.0735225152818, 72.7246306462891",Prayas volunteer network,"A mal finless porpoise washed ashore in Dumas on August 31st 2017, Measurements have been taken by Prayas Nature Club, Photographs attached,",,http://www.marinemammals.in/submit-record/image5.jpg . http://www.marinemammals.in/submit-record/image31.jpg,,"21.073522515281876, 72.72463064628914","21.073522515281876, 72.72463064628914",,,,,,,MMI,21.07280698,72.72399443,981,FALSE,,786,FALSE,,
535,1333,28,8,2017,Maharashtra,Indian Ocean humpback dolphin,Humpback dolphin,"19.0664994, 72.8230077","Range Forest Officer Shri Prashant Deshmukh http://www,mid-day,com/articles/mumbai-dead-dolphin-found-near-carter-road-porpoise-at-aksa-beach/18536188",Indian Ocean Hump back Dolphin carcass was found in the mangroves of Bandra,,http://www.marinemammals.in/submit-record/Dolphin-a.jpg,,"19.0664994, 72.82300770000006","19.0664994, 72.82300770000006",,,,,,,MMI,19.06650239,72.82216163,982,FALSE,,787,FALSE,,
536,1334,27,8,2017,Maharashtra,Indo-Pacific finless porpoise,Indo-Pacific finless porpoise,"19.1759612, 72.7953513","Photographs @Ankit Vyas, Turtle Responders Group WWF","Body length, sex of the individual and other details could not be recorded before BMC buried the same, Photographs attached,",,http://www.marinemammals.in/submit-record/IMG_5671.jpg . http://www.marinemammals.in/submit-record/IMG_5672.jpg,,"19.1759612, 72.7953513","19.1759612, 72.7953513",,,,,,,MMI,19.1759612,72.7953513,983,FALSE,,788,FALSE,,
537,1335,25,8,2017,Maharashtra,Indo-Pacific finless porpoise,Indo-Pacific finless porpoise,"19.1009886214216, 72.8251812801482",KCRT via Sandra Alex,"Carcass washed ashore at Juhu beach,",,http://www.marinemammals.in/submit-record/IMG-20170826-WA0001.jpg,,"19.100988621421628, 72.82518128014829","19.100988621421628, 72.82518128014829",,,,,,,MMI,19.10098862,72.82518128,984,FALSE,,789,FALSE,,
538,1336,24,8,2017,Maharashtra,Indo-Pacific finless porpoise,Indo-Pacific finless porpoise,"17.7520928, 73.1275843999999","Reported through the Konkan Cetacean Research Team network,","Finless porpoise stranded in Karde, Length approx, 106 cm,",,,,"17.7520928, 73.12758439999993","17.7520928, 73.12758439999993",,,,,,,MMI,17.7520928,73.1275844,985,FALSE,,790,FALSE,,
539,1337,15,8,2017,Maharashtra,Unidentified,Small-sized delphinid,"19.1759612, 72.7953513","Life Guard Aksa Beachhttp://timesofindia,indiatimes,com/city/mumbai/carcass-of-marine-creature-washed-ashore-at-aksa-beach/articleshow/60074826,cmshttp://timesofindia,indiatimes,com/city/mumbai/carcass-of-marine-creature-washed-ashore-at-aksa-beach/arti",Unidentified Marine Mammal Carcass Found Dead at Aksa Beach,,http://www.marinemammals.in/submit-record/image_1502953311_88163103.jpg,,"19.1759612, 72.7953513","19.1759612, 72.7953513",,,,,,,MMI,19.1759612,72.7953513,986,FALSE,,791,TRUE,796,
540,1338,14,8,2017,Tamil Nadu,Common bottlenose dolphin,Bottlenose dolphin,"9.7438168, 79.0184586","was brought ashore in Karankadu village a few km from Thondi,","approx 7ft long, found floating by the FD, brought ashore by them, curved measurements and samples collected WII, Due to its short stubby beak and absence of spots on the belly, this is most probably a Tursiops truncatus or Common Bottlenose dolphin",,http://www.marinemammals.in/submit-record/image11.jpg . http://www.marinemammals.in/submit-record/image21.jpg . http://www.marinemammals.in/submit-record/image3.jpg,,"9.7438168, 79.01845860000003","9.7438168, 79.01845860000003",,,,,,,MMI,9.741531229,79.02177134,987,FALSE,,792,FALSE,,
541,1339,14,8,2017,Goa,Unidentified baleen whale,Unidentified baleen whale,"14.9083424, 74.0818742999999","The Goa network got word from the LifeGuard at Polem beach, We contacted Nirmal Kulkarni and Jehan Bhujwala for help if they knew anyone close by, Nirmal got in touch with Abhijeet from Rainbow Warriors as they were the closest to Polem, His contact Dat","This whale was found on Polem beach, Two parts of the whale were found about 50m apart, measuring about 7m and 6,5m,It had beached about 2 weeks prior to the time we found out about it, The date of the record is therefore adjusted accordingly, Based on",,http://www.marinemammals.in/submit-record/IMG_5679.jpg . http://www.marinemammals.in/submit-record/IMG_5680.jpg . http://www.marinemammals.in/submit-record/IMG_5681.jpg . http://www.marinemammals.in/submit-record/IMG_5677.jpg . http://www.marinemammals.i,,"14.9083424, 74.08187429999998","14.9083424, 74.08187429999998",,,,,,,MMI,14.9083424,74.0818743,988,FALSE,,793,FALSE,,
1066,1340,14,8,2017,Goa,Unidentified baleen whale,Unidentified baleen whale,,,,,,,"14.90812253, 74.08181907",74.08181907,,,,,,,Sutaria 2018,14.90812253,74.08181907,989,TRUE,988,1861,FALSE,,
542,1341,13,8,2017,Andhra Pradesh,Unidentified dolphin,Small-sized delphinid,"16.3426593, 81.5794407999999",News Article in News India,"A Stenella species, No details available, Found in Kanakadurga beach, south of Very Palam Villagem Mogaturu, A news article in Telugu translated by Pooja Gupta, Fishermen said that 6 months ago, 2 dolphins were found in a similar condition here, Probabl",,http://www.marinemammals.in/submit-record/image1-2.jpg,,"16.3426593, 81.57944079999993","16.3426593, 81.57944079999993",,,,,,,MMI,16.3426593,81.5794408,990,FALSE,,794,FALSE,,
543,1342,12,8,2017,Maharashtra,Indo-Pacific finless porpoise,Indo-Pacific finless porpoise,"19.6970393, 72.7099044","Mr, Bhushan Bhoir, Assistant Professor of Zoology, S, D, S, M College, Palghar","Carcass found ashore in a decomposed state, along with oil slick and garbage, Morphometric data could not be collected",,http://www.marinemammals.in/submit-record/Finless_Porpoise_Palghar_2.jpg . http://www.marinemammals.in/submit-record/Finless_porpoise_Palghar.jpg,,"19.6970393, 72.70990440000003","19.6970393, 72.70990440000003",,,,,,,MMI,19.6970393,72.7099044,991,FALSE,,795,FALSE,,
544,1343,11,8,2017,Tamil Nadu,Indo-Pacific humpback dolphin,Humpback dolphin,"9.1841353, 78.6370366999999","Project assistant of WII Prem Jyothi,","Found washed ashore near Ervadi, Valinokkam, Sample with WII, Forest Dept staff was there,",,http://www.marinemammals.in/submit-record/image1.jpg . http://www.marinemammals.in/submit-record/image2.jpg,,"9.1841353, 78.63703669999995","9.1841353, 78.63703669999995",,,,,,,MMI,9.1841353,78.6370367,992,FALSE,,796,FALSE,,
1061,1344,4,8,2017,Gujarat,Bryde's whale,Bryde's whale,,,,,,,"20.90745706, 70.35488286",70.35488286,,,,,,,Sutaria 2018,20.90745706,70.35488286,993,TRUE,994,1862,FALSE,,
545,1345,4,8,2017,Gujarat,Bryde's whale,Bryde's whale,"20.9070466426368, 70.3812044433593","Personal observation,","Bryde's whale stranded 10,5m length near to fish market area , Veraval, Gir-somnath, Pictures attached, Three ridges seen on upper rostrum,",,http://www.marinemammals.in/submit-record/IMG_20170805_064225.jpg . http://www.marinemammals.in/submit-record/IMG-20170805-WA0072.jpg,,"20.907046642636818, 70.38120444335937","20.907046642636818, 70.38120444335937",,,,,,,MMI,20.8967325,70.37232136,994,FALSE,,797,FALSE,,Remapped
546,1346,23,7,2017,Maharashtra,Indian Ocean humpback dolphin,Humpback dolphin,"19.974576, 72.7166839999999","KCRT Cetacean Monitoring network/ Dr, Dinesh Vihnerkar","Young Sousa plumbea Indian Ocean humpback dolphin stranded in Dahanu, North Maharashtra on the 23rd July 2017, The animal was identified based on images, No other details were obtained",,http://www.marinemammals.in/submit-record/IMG-20170725-WA0001.jpg . http://www.marinemammals.in/submit-record/IMG-20170725-WA0002.jpg . http://www.marinemammals.in/submit-record/IMG-20170725-WA0003.jpg . http://www.marinemammals.in/submit-record/IMG-2017,,"19.974576, 72.71668399999999","19.974576, 72.71668399999999",,,,,,,MMI,19.974576,72.716684,995,FALSE,,798,FALSE,,
1770,1347,20,7,2017,Goa,Finless Porpoise,Indo-Pacific finless porpoise,,,,,,,,,,,,,,,Terra,15.54249,73.75556,996,TRUE,998,1863,FALSE,,
547,1348,18,7,2017,Goa,Indian Ocean humpback dolphin,Humpback dolphin,"15.5137222169346, 73.7636787697754",Drisiti Life guard network,"Almost fully decomposed except the head, Forest department buried it with out doing post mortem,",,http://www.marinemammals.in/submit-record/humback.jpg,,"15.513722216934667, 73.76367876977542","15.513722216934667, 73.76367876977542",,,,,,,MMI,15.51372222,73.76367877,997,TRUE,,799,FALSE,,
548,1349,18,7,2017,Goa,Indo-Pacific finless porpoise,Indo-Pacific finless porpoise,"15.5318006891919, 73.7585991195678",Dristi Life Guard Network,"Severely bloated and discoloured, with some parts of the fins torn and intestine coming out of the body,Forest Department buried it without doing a post mortem",,http://www.marinemammals.in/submit-record/finlessporpoise.png,,"15.531800689191982, 73.75859911956786","15.531800689191982, 73.75859911956786",,,,3,3,5,MMI,15.53180069,73.75859912,998,FALSE,,800,FALSE,,
1455,1350,13,7,2017,Maharashtra,Dwarf sperm whale,Dwarf sperm whale,"19.42985, 72.75563","This stranding was reported by Virat Singh 09821343134, Pictures were circulated by the local residents,",,,http://www.marinemammals.in/submit-record/IMG-20170713-WA0011.jpg . http://www.marinemammals.in/submit-record/IMG-20170713-WA0012.jpg . http://www.marinemammals.in/submit-record/IMG-20170713-WA0013.jpg . http://www.marinemammals.in/submit-record/IMG-2017,,,,,,,,,,MMI-later,19.42985,72.75563,999,FALSE,,801,FALSE,,
1055,1351,11,7,2017,West Bengal,Irrawaddy dolphin,Irrawaddy dolphin,,,,,,,"21.61746703, 87.50408863",87.50408863,,,,,,,"Kumar et al., 2019",21.61746703,87.50408863,1000,FALSE,,802,FALSE,,
1769,1352,7,7,2017,Goa,Humpback Dolphin,Humpback dolphin,,,,,,,,,,,,,,,Terra,15.51808554,73.76257144,1001,FALSE,,803,FALSE,,
1768,1353,2,7,2017,Goa,Humpback dolphin,Humpback dolphin,,,,,,,,,,,,5,,,Terra,15.51822912,73.76251743,1002,FALSE,,804,FALSE,,
1767,1354,29,6,2017,Goa,Finless Porpoise,Indo-Pacific finless porpoise,,,,,,,,,,,,4,,,Terra,15.29863425,73.90557135,1004,FALSE,,806,FALSE,,
549,1355,7,6,2017,Gujarat,Bryde's whale,Bryde's whale,"20.8786880356368, 71.545175728125","Imtiyaz Beleem via Facebook Marine Mammals and Turtles of India,","Animal stranded in Gujarat, exact location unknown,",,http://www.marinemammals.in/submit-record/baleen_gujarat5.jpg . http://www.marinemammals.in/submit-record/baleen_gujarat2.jpg . http://www.marinemammals.in/submit-record/baleen_gujarat.jpg . http://www.marinemammals.in/submit-record/baleen_gujarat4.jpg,,"20.90343, 71.52033","20.90343, 71.52033",,,,,,,MMI,20.90343,71.52033,1012,FALSE,,811,FALSE,,
1060,1356,6,6,2017,Gujarat,Bryde's whale,Bryde's whale,,,,,,,"21.7278902, 72.2573162",72.2573162,,,,,,,Sutaria 2018,21.7278902,72.2573162,1013,FALSE,,812,TRUE,811,
550,1357,1,6,2017,Tamil Nadu,Dugong,Dugong,"10.286711937475, 79.3412563876952",omcar,"Decomposed, Found its long tusk",,http://www.marinemammals.in/submit-record/DSCN9218-001.jpg http://www.marinemammals.in/submit-record/DSCN9220-001.jpg http://www.marinemammals.in/submit-record/DSCN9227-001.jpg http://www.marinemammals.in/submit-record/DSCN9232-001.jpg http://www.marinem,,"10.286711937475088, 79.34125638769524","10.286711937475088, 79.34125638769524",,,,,,,MMI,10.28671194,79.34125639,1014,FALSE,,813,FALSE,,
1138,1358,1,6,2017,Tamil Nadu,Dugong,Dugong,,,,,,,"10.2874, 79.34089",79.34089,,,,,,,Balaji & Veeramuthu 2021,10.2874,79.34089,1015,TRUE,1014,1867,FALSE,,
551,1359,29,5,2017,Maharashtra,Indo-Pacific finless porpoise,Indo-Pacific finless porpoise,"16.086966, 73.4632249999999",KCRT cetacean stranding network,"Animal reportedly stranded in a gillnet, 3,5 feet long,",,http://www.marinemammals.in/submit-record/IMG-20170529-WA0011.jpg . http://www.marinemammals.in/submit-record/IMG-20170529-WA0009.jpg . http://www.marinemammals.in/submit-record/IMG-20170529-WA0007.jpg . http://www.marinemammals.in/submit-record/IMG-2017,,"16.086966, 73.46322499999997","16.086966, 73.46322499999997",,,,,,,MMI,16.086966,73.463225,1016,FALSE,,814,FALSE,,
552,1360,22,5,2017,Karnataka,Indian Ocean humpback dolphin,Humpback dolphin,"27.6648274, 81.5157535",I have been there captured through mobile camera,"Decaying, internal organs came out from mouth",,,,,,,,,,,,MMI,,,1017,FALSE,,815,FALSE,,
553,1361,21,5,2017,Maharashtra,Bryde's whale,Bryde's whale,"19.1194644, 72.8198165772461","Forest Dept, KCRT was present to collect samples and photographed the carcass,","Highly decomposed carcass, one half of the individual approx 6m length washed ashore at Juhu beach, Mumbai, The second half approx 6-7m was found at Erangal beach,",,http://www.marinemammals.in/submit-record/IMG_7363.jpg . http://www.marinemammals.in/submit-record/IMG_7404.jpg . http://www.marinemammals.in/submit-record/IMG_7411.jpg . http://www.marinemammals.in/submit-record/IMG_7414.jpg,,"19.119464400000055, 72.81981657724612","19.119464400000055, 72.81981657724612",,,,,,,MMI,19.1194644,72.81981658,1018,FALSE,,816,FALSE,,
554,1362,21,5,2017,Goa,Indo-Pacific finless porpoise,Indo-Pacific finless porpoise,"15.392989685552, 73.8057630828857",Shrayragi Israni?,"badly bloated decomposing carcass with a rope tied to the fluke,",,http://www.marinemammals.in/submit-record/18664561_10155324239774740_1613348943486136566_n.jpg,,"15.392989685552019, 73.80576308288573","15.392989685552019, 73.80576308288573",,,,,,,MMI,15.39298969,73.80576308,1019,FALSE,,817,FALSE,,
555,1363,8,5,2017,Maharashtra,,,"19.3699608, 72.7762","Single animal found beached,","Old record shared by Johnson Varkey,",,http://www.marinemammals.in/submit-record/30-06-2019-1.jpeg,,"19.3699608, 72.7762","19.3699608, 72.7762",,,,,,,MMI,19.363812,72.76885816,1020,FALSE,,818,FALSE,,
1464,1364,8,5,2017,Maharashtra,,,"19.3694358861115, 72.7610156498498","Single animal found beached,",,,http://www.marinemammals.in/submit-record/30-06-2019-1.jpeg,,,,,,,,,,MMI-later,19.36943589,72.76101565,1021,TRUE,1020,1868,FALSE,,
1251,1365,6,5,2017,Karnataka,Unidentified baleen whale,Unidentified baleen whale,,,,,,,"14.4339, 74.383",74.383,,,,,,,MFIS June2018,14.4339,74.383,1022,FALSE,,819,FALSE,,
556,1366,21,4,2017,Tamil Nadu,Dugong,Dugong,"10.2838625254715, 79.3419571217041",omcar foundation,"1, Total body length = 250cm2, Snout to centre of anal opening = 169 cm3, Snout to centre of genital opening = 132 cm4, Snout to centre of umbilicus = 106 cm5, Head plus neck length = 20 cm6, Head length = not measured7, Neck length = 15 cm8, Penis leng",,,,"10.2838625254715, 79.34195712170413","10.2838625254715, 79.34195712170413",,,,,,,MMI,10.28693851,79.33975083,1023,FALSE,,820,FALSE,,
557,1367,21,4,2017,Tamil Nadu,Dugong,Dugong,"10.2781197475127, 79.3446178730469",omcar,"1, Total body length = 250cm2, Snout to centre of anal opening = 169 cm3, Snout to centre of genital opening = 132 cm4, Snout to centre of umbilicus = 106 cm5, Head plus neck length = 20 cm6, Head length = not measured7, Neck length = 15 cm8, Penis leng",,http://www.marinemammals.in/submit-record/IMG_0092-001.jpg . http://www.marinemammals.in/submit-record/IMG_0133-001.jpg . http://www.marinemammals.in/submit-record/IMG_0137-001.jpg . http://www.marinemammals.in/submit-record/IMG_0142-001.jpg . http://www,,"10.27811974751274, 79.3446178730469","10.27811974751274, 79.3446178730469",,,,,,,MMI,10.28693851,79.33899962,1024,TRUE,1023,1869,FALSE,,
1465,1368,21,4,2017,Tamil Nadu,Dugong,Dugong,"10.28386, 79.34195",omcar foundation,,,,,,,,,,,,,MMI-later,10.28386,79.34195,1025,TRUE,"1023, 1024",1870,FALSE,,
1466,1369,21,4,2017,Tamil Nadu,Dugong,Dugong,"10.27811, 79.34461",omcar,,,http://www.marinemammals.in/submit-record/IMG_0092-001.jpg . http://www.marinemammals.in/submit-record/IMG_0133-001.jpg . http://www.marinemammals.in/submit-record/IMG_0137-001.jpg . http://www.marinemammals.in/submit-record/IMG_0142-001.jpg . http://www,,,,,,,,,,MMI-later,10.28713,79.3406,1026,TRUE,"1023, 1024, 1025",1871,FALSE,,
558,1370,2,4,2017,Tamil Nadu,Dugong,Dugong,"10.2026586, 79.2592105",Location Adaikkathevan Thanjavur DistSex MaleTotal body weight ~450kgTotal body length 280cmSnout to Centre of Anal Opening 202 cmSnout to Centre of Genital Opening 160 cmSnout to centre of umbilicus -Head plus neck length 30 cmHead length 20 cmNeck len,"the dugong had scars on the body, might be from fishing net, it might be drowned to death by fishing gears, No boat propeller scars or collision accident scars on the body, Intestine had half digested seagrass Halophila sp,,",,http://www.marinemammals.in/submit-record/IMG_0789-001.jpg . http://www.marinemammals.in/submit-record/IMG_0828-001.jpg . http://www.marinemammals.in/submit-record/IMG_0871-001.jpg . http://www.marinemammals.in/submit-record/IMG_0933-001.jpg,,"10.2026586, 79.2592105","10.2026586, 79.2592105",,,,,,,MMI,10.19801443,79.26487014,1027,FALSE,,821,FALSE,,
1467,1371,20,3,2017,Goa,Humpback whale,Humpback whale,"15.35272, 73.77793","Ajey Patil, Venkatesh Charloo and Khush Khabraja",,,,,,,,,,,,,MMI-later,15.35366954,73.77722084,1028,FALSE,,822,FALSE,,
1148,1372,3,3,2017,Kerala,Striped dolphin,Striped dolphin,,,,,,,,,,,,,,,"Kumar et al., 2021",,,1030,FALSE,,824,FALSE,,
1469,1373,3,3,2017,Tamil Nadu,Striped dolphin,Striped dolphin,"8.39322, 77.4626","Postgraduate students saw the dolphins brought to shore,",,,http://www.marinemammals.in/submit-record/DSC_5757_copy.jpg,,,,,,,,,,MMI-later,8.39322,77.4626,1031,FALSE,,825,FALSE,,
559,1374,27,2,2017,Maharashtra,Indo-Pacific finless porpoise,Indo-Pacific finless porpoise,"19.388127, 72.7604309999999",News report,"4 foot long porpoise stranded at Bhuigaon, Vasai dist, Maharashtra, Press cutting attached,",,http://www.marinemammals.in/submit-record/IMG-20170227-WA0002.jpg,,"19.388127, 72.76043099999993","19.388127, 72.76043099999993",,,,,,,MMI,19.388127,72.760431,1032,FALSE,,826,FALSE,,
1080,1375,17,2,2017,Odisha,Unidentified baleen whale,Unidentified baleen whale,,,,,,,"19.7850095, 85.79354034",85.79354034,,,,,,,"Sutaria et al., 2017",19.7850095,85.79354034,1034,FALSE,,828,FALSE,,
560,1376,16,1,2017,Maharashtra,Indo-Pacific finless porpoise,Indo-Pacific finless porpoise,"18.921984, 72.834654","Mangrove cell, Maharashtra Forest department/ Hindustan Times","http://www,hindustantimes,com/mumbai-news/carcass-of-finless-porpoise-washes-ashore-near-gateway-of-india/story-h73cVYoqGCstTG7nJ0HeOK,html",,,,"18.921984, 72.834654","18.921984, 72.834654",,,,,,,MMI,18.921984,72.834654,1035,FALSE,,829,FALSE,,
561,1377,9,1,2017,Tamil Nadu,False killer whale,False killer whale,"11.5895092570051, 79.7591176574703","1 The Hindu - Jan 10,2017 2 Three photos byDr,V, RaviAsst, ProfessorCAS in Marine BiologyFaculty of Marine SciencesAnnamalai UniversityParangipettai- 608502Cell: 9442968011 Email: ravi,velayudham@gmail,com","The carcass of a male whale, weighing about 1,5 tonnes, washed ashore off theSamiyarpettai coast near Cuddalore on Monday",,http://www.marinemammals.in/submit-record/Whale_washed_ashore_-_TAMIL_NADU_-_The_Hindu.pdf. http://www.marinemammals.in/submit-record/IMG_2261.jpg . http://www.marinemammals.in/submit-record/IMG_2275.jpg . http://www.marinemammals.in/submit-record/IMG_22,,"11.589509257005126, 79.75911765747037","11.589509257005126, 79.75911765747037",,,,,,,MMI,11.58950926,79.75911766,1037,FALSE,,831,FALSE,,
562,1378,14,12,2016,Tamil Nadu,Indo-Pacific finless porpoise,Indo-Pacific finless porpoise,"13.3999945112062, 80.3285720890044",Noticed stranded animal,"This individual was found stranded on the beach soon after Cyclone Vardah hit our coast, The animal had a small wound on the underbelly and had fishing net material entangled in the tail area, There were 12 and 14 teeth on one side of the upper and lowe",,http://www.marinemammals.in/submit-record/IMG_6703.jpg . http://www.marinemammals.in/submit-record/IMG_6704.jpg . http://www.marinemammals.in/submit-record/IMG_6702.jpg . http://www.marinemammals.in/submit-record/IMG_6700.jpg . http://www.marinemammals.i,,"13.399994511206275, 80.32857208900441","13.399994511206275, 80.32857208900441",,,,,,,MMI,13.40040027,80.33054536,1039,FALSE,,833,FALSE,,
563,1379,7,12,2016,Maharashtra,Blue whale,Blue whale,"16.3009881, 73.4018138999999",Dr Dhekne Veterinarian,Stranded ashore at Tambeldegh,,,,"16.3009881, 73.40181389999998","16.3009881, 73.40181389999998",,,,,,,MMI,16.3009881,73.4018139,1040,FALSE,,834,FALSE,,
1070,1380,7,12,2016,Maharashtra,Blue whale,Blue whale,,,,,,,"16.2977351010582, 73.40443069",73.40443069,,,,,,,"Sutaria et al., 2017",16.2977351,73.40443069,1041,TRUE,1040,1872,FALSE,,
1083,1381,4,12,2016,Odisha,Unidentified baleen whale,Unidentified baleen whale,,,,,,,"19.7850095, 85.79354034",85.79354034,,,,,,,"Sutaria et al., 2017",19.7850095,85.79354034,1042,FALSE,,835,FALSE,,
1069,1382,2,12,2016,Lakshadweep islands,Bryde's whale,Bryde's whale,,,,,,,"10.56840586, 72.63597795",72.63597795,,,,,,,"Sutaria et al., 2017",10.56840586,72.63597795,1043,FALSE,,836,FALSE,,
564,1383,2,12,2016,Lakshadweep islands,Bryde's whale,Bryde's whale,"10.5593204, 72.6358133999999",Via KCRT,Washed ashore,,http://www.marinemammals.in/submit-record/IMG-20161202-WA0000.jpg . http://www.marinemammals.in/submit-record/IMG-20161202-WA0001.jpg,,"10.5593204, 72.63581339999996","10.5593204, 72.63581339999996",,,,,,,MMI,10.56163232,72.63203423,1044,TRUE,1043,1873,FALSE,,
1068,1384,,12,2016,Maharashtra,Unidentified baleen whale,Unidentified baleen whale,,,,,,,"17.00681015, 73.2833397",73.2833397,,,,,,,"Sutaria et al., 2017",17.00681015,73.2833397,1045,FALSE,,837,FALSE,,
1071,1385,,11,2016,Maharashtra,Bryde's whale,Bryde's whale,,,,,,,,,,,,,,,"Sutaria et al., 2017",,,1046,FALSE,,838,FALSE,,
565,1386,23,10,2016,Tamil Nadu,Unidentified baleen whale,Unidentified baleen whale,"10.1151886231984, 79.2322367004394","http://palkbay,blogspot,ae/2015/10/blog-post,html",Total length ~ 35 feet,,http://www.marinemammals.in/submit-record/GOPR0065-001.jpg . http://www.marinemammals.in/submit-record/GOPR0042-001.jpg . http://www.marinemammals.in/submit-record/GOPR0051.jpg . http://www.marinemammals.in/submit-record/GOPR0052.jpg . http://www.marinem,,"10.115188623198456, 79.23223670043944","10.115188623198456, 79.23223670043944",,,,,,,MMI,10.11518862,79.2322367,1047,FALSE,,839,FALSE,,
566,1387,11,10,2016,Maharashtra,Indo-Pacific finless porpoise,Indo-Pacific finless porpoise,"17.961523, 73.0298259999999","The KCRT Cetacean stranding network_ Mohan Upadhay, Velas,","Carcass in advanced stages of decomposition, Identified based on images,",,http://www.marinemammals.in/submit-record/IMG-20160911-WA0017.jpg . http://www.marinemammals.in/submit-record/IMG-20160911-WA0016.jpg . http://www.marinemammals.in/submit-record/IMG-20160911-WA0015.jpg . http://www.marinemammals.in/submit-record/IMG-2016,,"17.961523, 73.02982599999996","17.961523, 73.02982599999996",,,,,,,MMI,17.961523,73.029826,1048,FALSE,,840,FALSE,,
567,1388,7,10,2016,Maharashtra,Blue whale,Blue whale,"17.4640665, 73.1960031999999",Dr Nandini Deshmukh,Stranded ashore,,,,"17.4640665, 73.19600319999995","17.4640665, 73.19600319999995",,,,,,,MMI,17.46403924,73.19165705,1049,FALSE,,841,FALSE,,
1072,1389,7,10,2016,Maharashtra,Blue whale,Blue whale,,,,,,,"17.47480429, 73.18833841",73.18833841,,,,,,,"Sutaria et al., 2017",17.47480429,73.18833841,1050,TRUE,1049,1874,FALSE,,
568,1390,2,10,2016,Maharashtra,Indo-Pacific finless porpoise,Indo-Pacific finless porpoise,"19.460495, 72.7446089999999",KCRT Cetacean stranding network,"Carcass identified based on images,",,http://www.marinemammals.in/submit-record/IMG-20160902-WA0017.jpg . http://www.marinemammals.in/submit-record/IMG-20160902-WA0020.jpg,,"19.460495, 72.74460899999997","19.460495, 72.74460899999997",,,,,,,MMI,19.460495,72.744609,1051,FALSE,,842,FALSE,,
569,1391,17,9,2016,Maharashtra,Indian Ocean humpback dolphin,Humpback dolphin,"19.218066, 72.7810809999999",Local villagers and Local Police,"On 17th September 2016 a female Indian Ocean Hump Back dolphin was Washed on the Rocks of Palm Beach, Bombay",,http://www.marinemammals.in/submit-record/IMG-20160917-WA0073.jpg . http://www.marinemammals.in/submit-record/IMG-20160917-WA0029.jpg . http://www.marinemammals.in/submit-record/IMG-20160917-WA0028.jpg . http://www.marinemammals.in/submit-record/IMG-2016,,"19.218066, 72.78108099999997","19.218066, 72.78108099999997",,,,,,,MMI,19.218066,72.781081,1052,FALSE,,843,FALSE,,
1075,1392,15,9,2016,Maharashtra,Bryde's whale,Bryde's whale,,,,,,,"17.77614032, 73.11335925",73.11335925,,,,,,,"Sutaria et al., 2017",17.77614032,73.11335925,1053,FALSE,,844,TRUE,845,
570,1393,15,9,2016,Maharashtra,Bryde's whale,Bryde's whale,"17.8121047749097, 73.0922408131836",KCRT via Mohan Upadhaya,Highly decomposed carcass washed ashore on beach,,,,"17.812104774909795, 73.0922408131836","17.812104774909795, 73.0922408131836",,,,,,,MMI,17.81210477,73.09224081,1054,FALSE,,845,FALSE,,
571,1394,10,9,2016,Maharashtra,Blue whale,Blue whale,"16.6339290172094, 73.3371236611328",Forest Dept,"StrandingDipani Sutaria Mail clarification: The location for this record is Jaitapuri, Ratnagiri, Maharashtra",,http://www.marinemammals.in/submit-record/IMG-20160910-WA0014.jpg http://www.marinemammals.in/submit-record/IMG-20160910-WA0018.jpg,,"16.633929017209482, 73.33712366113286","16.633929017209482, 73.33712366113286",,,,,,,MMI,16.63498888,73.33997861,1055,FALSE,,846,TRUE,841,
1074,1395,10,9,2016,Maharashtra,Blue whale,Blue whale,,,,,,,"16.63097726, 73.36801612",73.36801612,,,,,,,"Sutaria et al., 2017",16.63097726,73.36801612,1056,TRUE,1055,1875,FALSE,,
1073,1396,10,9,2016,Maharashtra,Bryde's whale,Bryde's whale,,,,,,,"16.64886563, 73.33127232",73.33127232,,,,,,,"Sutaria et al., 2017",16.64886563,73.33127232,1057,TRUE,1058,1876,FALSE,,
572,1397,10,9,2016,Maharashtra,Bryde's whale,Bryde's whale,"16.6430251, 73.3310776",Nagesh Daftardar,Calf,,http://www.marinemammals.in/submit-record/IMG-20160910-WA0005.jpg . http://www.marinemammals.in/submit-record/IMG-20160910-WA0008.jpg,,"16.6430251, 73.33107760000007","16.6430251, 73.33107760000007",,,,,,,MMI,16.64113416,73.3311728,1058,FALSE,,847,FALSE,846,
1473,1398,9,9,2016,Maharashtra,Blue whale,Blue whale,"16.65012, 73.32645","Abhishek from Ratnagiri called Kumaran who informed KCRT, KCRT and Aaron Lobo got pictures of this whale,",,,http://www.marinemammals.in/submit-record/IMG_4219.jpg . http://www.marinemammals.in/submit-record/IMG_4222.jpg . http://www.marinemammals.in/submit-record/IMG_4217.jpg,,,,,,,,,,MMI-later,16.64745682,73.32992079,1059,TRUE,1055,1877,FALSE,,
1076,1399,9,9,2016,Goa,Bryde's whale,Bryde's whale,,,,,,,"15.58244543, 73.73731494",73.73731494,,,,,,,"Sutaria et al., 2017",15.58244543,73.73731494,1060,TRUE,1061,1878,FALSE,,
573,1400,6,9,2016,Goa,Bryde's whale,Bryde's whale,"15.5742107406076, 73.7415280883789","Submitting for Aaron Lobo, Photographs collected by DR Anil Kumar, DFO to Aaron Lobo","Found washed ashore at Anjuna beach highly decomposed, Dogs feeding on the carcass,",,http://www.marinemammals.in/submit-record/IMG_4191.jpg . http://www.marinemammals.in/submit-record/IMG_4192.jpg . http://www.marinemammals.in/submit-record/IMG_4193.jpg,,"15.574210740607668, 73.74152808837891","15.574210740607668, 73.74152808837891",,,,,,,MMI,15.57402695,73.74058039,1061,FALSE,,848,TRUE,847,
574,1401,3,9,2016,Maharashtra,Bryde's whale,Bryde's whale,"16.7658685892708, 73.3072248046875",Picture by Dr Daftardar to KCRT,"Whale was he ashore dead, 35ft in length,",,http://www.marinemammals.in/submit-record/IMG_4205.jpg,,"16.76586858927088, 73.30722480468751","16.76586858927088, 73.30722480468751",,,,,,,MMI,16.76595966,73.30500577,1062,FALSE,,849,TRUE,847,
1134,1402,27,8,2016,Lakshadweep islands,Dwarf sperm whale,Dwarf sperm whale,,,,,,,"10.85233107, 72.19284762",72.19284762,,,,,,,Aneesh et al 2019,10.85233107,72.19284762,1063,FALSE,,850,FALSE,,
1133,1403,13,8,2016,Karnataka,Blue whale,Blue whale,,,,,,,"14.28249983, 74.43702434",74.43702434,,,,,,,Vaidya 2017,14.28249983,74.43702434,1064,FALSE,,851,FALSE,,
1261,1404,13,8,2016,Karnataka,Unidentified baleen whale,Unidentified baleen whale,,,,,,,"14.322, 74.4135",74.4135,,,,,,,MFIS March 2017,14.322,74.4135,1065,FALSE,,852,TRUE,851,
1474,1405,13,8,2016,Tamil Nadu,Unidentified dolphin,Small-sized delphinid,"9.32927, 79.31537",Rahul Muralidharan's personal observation,,,http://www.marinemammals.in/submit-record/IMG-20160822-WA0003.jpg,,,,,,,,,,MMI-later,9.32927,79.31537,1066,FALSE,,853,FALSE,,
1476,1406,4,8,2016,Kerala,Indo-Pacific finless porpoise,Indo-Pacific finless porpoise,"8.46461, 76.92757","Dr K,V Akhilesh forwarded the information to MMI after he received it from Friends of Marine Life - Mr Robert P",,,http://www.marinemammals.in/submit-record/Porpoise.jpg . http://www.marinemammals.in/submit-record/news_on_porpoise_Kerala_2016.png,,,,,,,,,,MMI-later,8.463478429,76.9254459,1068,FALSE,,855,FALSE,,
1131,1407,27,7,2016,Karnataka,Unidentified baleen whale,Unidentified baleen whale,,,,,,,"14.44741088, 74.379877",74.379877,,,,,,,Vaidya 2017,14.44741088,74.379877,1069,TRUE,1070,1879,FALSE,,
1260,1408,27,7,2016,Karnataka,Unidentified baleen whale,Unidentified baleen whale,,,,,,,"14.4497511240838, 74.3791634502072",,,,,,,,MFIS March 2017,14.44975112,74.37916345,1070,FALSE,,856,FALSE,,
1132,1409,20,7,2016,Karnataka,Bryde's whale,Bryde's whale,,,,,,,"14.41882478, 74.38887754",74.38887754,,,,,,,Vaidya 2017,14.41882478,74.38887754,1071,FALSE,,857,FALSE,,
1259,1410,20,7,2016,Karnataka,Bryde's whale,Bryde's whale,,,,,,,"14.3609908172554, 74.4055831714526",,,,,,,,MFIS March 2017,14.36099082,74.40558317,1072,FALSE,,858,TRUE,857,
1077,1411,13,7,2016,Kerala,Bryde's whale,Bryde's whale,,,,,,,"12.00905386, 75.20728802",75.20728802,,,,,,,"Sutaria et al., 2017",12.00905386,75.20728802,1073,FALSE,,859,TRUE,860,
575,1412,12,7,2016,Kerala,Bryde's whale,Bryde's whale,"11.9977977035695, 75.257298046875","Pictures were first collected by Jameela and sent to us via Prem Jyothi and Prachi Hatkar, Prof Biju Kumar from Trivandrum also send in some pictures, One of his pictures Image 3539 shows the dorsal fin and the rostrum,","Male baleen whale washed ashore on July 12th 2016, No other data was collected, No sample collected,",,http://www.marinemammals.in/submit-record/IMG_3540.jpg . http://www.marinemammals.in/submit-record/IMG_3541.jpg . http://www.marinemammals.in/submit-record/IMG_3543.jpg . http://www.marinemammals.in/submit-record/IMG_3542.jpg . http://www.marinemammals.i,,"11.997797703569503, 75.25729804687501","11.997797703569503, 75.25729804687501",,,,,,,MMI,11.9977977,75.25729805,1074,FALSE,,860,FALSE,,
1079,1413,9,7,2016,Gujarat,Bryde's whale,Bryde's whale,,,,,,,"22.82174384, 69.34380271",69.34380271,,,,,,,"Sutaria et al., 2017",22.82174384,69.34380271,1075,FALSE,,861,TRUE,862,
576,1414,9,7,2016,Gujarat,Bryde's whale,Bryde's whale,"22.8491137, 69.329472",-,Washed ashore,,,,"22.8491137, 69.32947200000001","22.8491137, 69.32947200000001",,,,,,,MMI,22.82992091,69.32463857,1076,FALSE,,862,FALSE,"859, 860, 861",Remapped
1082,1415,8,7,2016,Tamil Nadu,Bryde's whale,Bryde's whale,,,,,,,"8.789135819, 78.19008812",78.19008812,,,,,,,Sudhan et al 2017,8.789135819,78.19008812,1077,FALSE,,863,TRUE,864,
1477,1416,6,7,2016,Tamil Nadu,Bryde's whale,Bryde's whale,"8.75016, 78.17691","http://www,thehindu,com/news/national/tamil-nadu/whale-gets-stranded/article8817433,ece",,,http://www.marinemammals.in/submit-record/IMG_3479.jpg,,,,,,,,,,MMI-later,8.747058914,78.17766554,1078,FALSE,,864,FALSE,,
577,1417,1,7,2016,Gujarat,Blue whale,Blue whale,"22.5767179378075, 70.181614453125","Information collected via Nilesh Joshi, Photo's sourced from him and from Rajkot Metro,",Blue whale washed ashore,,,,"22.57671793780754, 70.18161445312501","22.57671793780754, 70.18161445312501",,,,,,,MMI,22.57671794,70.18161445,1079,FALSE,,865,FALSE,,
1078,1418,1,7,2016,Gujarat,Bryde's whale,Bryde's whale,,,,,,,"22.60045772, 70.1945329",70.1945329,,,,,,,"Sutaria et al., 2017",22.60045772,70.1945329,1080,TRUE,1081,1880,FALSE,,
578,1419,1,7,2016,Gujarat,Bryde's whale,Bryde's whale,"22.596659, 70.2079254",-,"Washed ashore, calf",,,,"22.596659, 70.20792540000002","22.596659, 70.20792540000002",,,,,,,MMI,22.60556054,70.19470273,1081,FALSE,,866,TRUE,865,Remapped
579,1420,15,5,2016,Andhra Pradesh,Risso's dolphin,Risso's dolphin,"17.6868159, 83.2184815",-,"Death caused unknownBody has been decomposed,",,http://www.marinemammals.in/submit-record/DSC_0120.jpg . http://www.marinemammals.in/submit-record/DSC_0116.jpg . http://www.marinemammals.in/submit-record/DSC_0117.jpg,,"17.6868159, 83.21848150000005","17.6868159, 83.21848150000005",,,,,,,MMI,17.6718861,83.29441007,1082,FALSE,,867,FALSE,,Remapped
581,1421,9,5,2016,Maharashtra,Indian Ocean humpback dolphin,Humpback dolphin,"19.1759612, 72.7953513","Police Officials and Forest officials, The Carcass was taken by us to The BSPCA for autopsy because it was fresh",On 9th of May 2016 a carcass of a Indian Ocean hump back dolphin was beached on Dana Pani Beach Aksa Beach,,http://www.marinemammals.in/submit-record/IMG-20160509-WA0017.jpg . http://www.marinemammals.in/submit-record/IMG-20160509-WA0018.jpg . http://www.marinemammals.in/submit-record/IMG_20160509_224802.jpg,,"19.1759612, 72.7953513","19.1759612, 72.7953513",,,,,,,MMI,19.1759612,72.7953513,1084,FALSE,,869,FALSE,,
582,1422,21,4,2016,Maharashtra,Indian Ocean humpback dolphin,Humpback dolphin,"19.259321, 72.7820428999999",Local Fisherman intimated The Mumbai Mangrove Conservation Unit Forest Department Govt of Maharashtra,"On 21st of April 2016 a carcass of a very young Indian Ocean hump back dolphin was beached on Prixi Beach, Details were taken and then it was burred there by Forest officials",,http://www.marinemammals.in/submit-record/IMG_20160421_180524.jpg . http://www.marinemammals.in/submit-record/IMG_20160421_180528.jpg,,"19.259321, 72.78204289999996","19.259321, 72.78204289999996",,,,,,,MMI,19.259321,72.7820429,1085,FALSE,,870,FALSE,,
1242,1423,19,4,2016,Tamil Nadu,Dugong,Dugong,,,,,,,"9.273203, 78.988599",78.988599,,Live stranding,,,,,MFIS June2017,9.273203,78.988599,1086,FALSE,,871,FALSE,,
1241,1424,19,4,2016,Tamil Nadu,Indo-Pacific bottlenose dolphin,Bottlenose dolphin,,,,,,,"9.2607, 9.084858",9.084858,,,,,,,MFIS June2017,9.260783781,79.084858,1087,FALSE,,872,FALSE,,
583,1425,14,4,2016,Goa,Indo-Pacific humpback dolphin,Humpback dolphin,"15.4642839800504, 73.8031477506347","Locals along the Caranzalem stretch of Miramar along with image taken,","Sighted washed up between 6:30 and 7am on the 14th of April 2016No bodily markings, abrasions or damages to sight,Reported by local beach walkers - fishermen trying to move eyes around to check if the dolphin was alive, Not substantiated by proof,",,http://www.marinemammals.in/submit-record/12998360_1165764890100519_6879242447290194551_o.jpg,,"15.464283980050414, 73.80314775063471","15.464283980050414, 73.80314775063471",,,,,,,MMI,15.46440557,73.80299314,1088,FALSE,,873,FALSE,,
584,1426,5,4,2016,Tamil Nadu,Dugong,Dugong,"10.2483907589332, 79.3707104023437",omcar,"1, Total body length = 140 cm2, Snout to centre of anal opening = 90 cm3, Snout to centre of genital opening = 84 cm4, Snout to centre of umbilicus = 83 cm5, Head plus neck length = 22 cm6, Head length = 17 cm7, Neck length = 8 cm8, Genital opening leng",,http://www.marinemammals.in/submit-record/9.jpg http://www.marinemammals.in/submit-record/10.jpg http://www.marinemammals.in/submit-record/101.jpg http://www.marinemammals.in/submit-record/51.jpg http://www.marinemammals.in/submit-record/12.jpg,,"10.248390758933214, 79.37071040234378","10.248390758933214, 79.37071040234378",,,,,,,MMI,,,1089,FALSE,,874,FALSE,,Remapped
1478,1427,26,3,2016,Goa,Dwarf sperm whale,Dwarf sperm whale,"15.11065, 74.2161","Personal observations of the latter part of the incident; first-hand eyewitness account of earlier timeline of events,",,,http://www.marinemammals.in/submit-record/20160327_010532_wm.jpg http://www.marinemammals.in/submit-record/20160327_005555-1_wm.jpg http://www.marinemammals.in/submit-record/kgiadb-3347-2.jpg http://www.marinemammals.in/submit-record/kgiadb-3375-2.jpg ht,,,,,,,,,,MMI-later,,,1090,FALSE,,875,FALSE,,Remapped
1479,1428,15,3,2016,Gujarat,Indian Ocean humpback dolphin,Humpback dolphin,"22.41304, 68.98273","B,M,Praveen Kumar",,,http://www.marinemammals.in/submit-record/61.jpg http://www.marinemammals.in/submit-record/3__1_.jpg http://www.marinemammals.in/submit-record/5__4_.jpg,,,,,,,,,,MMI-later,22.41304,68.98273,1091,FALSE,,876,FALSE,,
585,1429,10,3,2016,Odisha,Spinner dolphin,Spinner dolphin,"19.4074785, 85.0655563",Self,"Found stranded on the sandbar and had been predated on by a shark either before or after death, Rushikulya beach,",,http://www.marinemammals.in/submit-record/DSC_0065.jpg http://www.marinemammals.in/submit-record/DSC_0067.jpg http://www.marinemammals.in/submit-record/DSC_0068.jpg,,"19.4074785, 85.06555630000003","19.4074785, 85.06555630000003",,,,,,,MMI,19.39941084,85.09346637,1092,FALSE,,877,FALSE,,
586,1430,6,3,2016,Tamil Nadu,Unidentified dolphin,Small-sized delphinid,"10.4712288, 79.5753156",Email,"No teeth count available, Need skull to confirm ID,",,http://www.marinemammals.in/submit-record/IMG_20160307_025609.jpg http://www.marinemammals.in/submit-record/IMG_20160307_025138.jpg http://www.marinemammals.in/submit-record/IMG_20160307_025202.jpg,,"10.4712288, 79.57531560000007","10.4712288, 79.57531560000007",,,,,,,MMI,10.4712288,79.5753156,1093,FALSE,,878,FALSE,,
587,1431,6,3,2016,Tamil Nadu,Unidentified dolphin,Small-sized delphinid,"12.9869058012751, 80.2712954185547",Personal observation,"Found this dead dolphin at mid point near last mast lamp on 6th march '16 night, It measured 112 cm,Which species is this one,",,http://www.marinemammals.in/submit-record/IMG_20160307_0256091.jpg http://www.marinemammals.in/submit-record/IMG_20160307_0252021.jpg http://www.marinemammals.in/submit-record/IMG_20160307_0251381.jpg,,"12.986905801275114, 80.2712954185547","12.986905801275114, 80.2712954185547",,,,,,,MMI,12.9869058,80.27129542,1094,FALSE,,879,FALSE,,
588,1432,1,3,2016,Maharashtra,Indian Ocean humpback dolphin,Humpback dolphin,"19.2419548, 72.7808268999999",Local Police and Fisherman,"On 1st of march a dolphin carcass was washed ashore the dolphin was identified as the Indian Ocean Hump Back Dolphin, Death due to Ghost Nets",,http://www.marinemammals.in/submit-record/IMG_20160301_111650.jpg http://www.marinemammals.in/submit-record/IMG_20160301_111552.jpg http://www.marinemammals.in/submit-record/IMG_20160301_111859.jpg http://www.marinemammals.in/submit-record/IMG_20160301_1,,"19.2419548, 72.78082689999997","19.2419548, 72.78082689999997",,,,,,,MMI,19.2419548,72.7808269,1095,FALSE,,880,FALSE,,
589,1433,29,2,2016,Maharashtra,Unidentified dolphin,Small-sized delphinid,"19.218066, 72.7810809999999",Myself while Beach Walk,"On 29th February 2016 a dolphin carcass was found beached ashore of Palm Beach Manori, Teeth count suggests this is a Tursiops,",,http://www.marinemammals.in/submit-record/IMG_20160229_181048.jpg http://www.marinemammals.in/submit-record/IMG_20160229_181055.jpg http://www.marinemammals.in/submit-record/IMG_20160229_181104.jpg http://www.marinemammals.in/submit-record/IMG_20160229_1,,"19.218066, 72.78108099999997","19.218066, 72.78108099999997",,,,,,,MMI,19.218066,72.781081,1096,FALSE,,881,FALSE,,
1240,1434,21,2,2016,Kerala,Indo-Pacific humpback dolphin,Humpback dolphin,,,,,,,"11.26, 75.75",75.75,,,,,,,MFIS March2016,11.26232809,75.7649152,1097,FALSE,,882,FALSE,,
590,1435,11,2,2016,Odisha,Unidentified,Small-sized delphinid,"19.4074785, 85.0655563",Self,"at Rushikulya beach, A highly putrefied individual, Melon had a prominent hole,Comment by dipani: need skull for confirmed ID, dorsal fin location too far back - beak probably broken,",,http://www.marinemammals.in/submit-record/DSC_0072.jpg http://www.marinemammals.in/submit-record/DSC_0074.jpg http://www.marinemammals.in/submit-record/DSC_0075.jpg http://www.marinemammals.in/submit-record/DSC_0076.jpg http://www.marinemammals.in/submit,,"19.4074785, 85.06555630000003","19.4074785, 85.06555630000003",,,,,,,MMI,19.39840924,85.09129622,1098,FALSE,,883,FALSE,,
1081,1436,6,2,2016,Odisha,Unidentified baleen whale,Unidentified baleen whale,,,,,,,"19.7850095, 85.79354034",85.79354034,,,,,,,"Sutaria et al., 2017",19.7850095,85.79354034,1099,FALSE,,884,TRUE,885,
591,1437,3,2,2016,Odisha,Sperm whale,Sperm whale,"19.4283131, 85.0681528",Self,"TL-33,8 ft; female- Rushikulya beach",,http://www.marinemammals.in/submit-record/IMG_4171.jpg http://www.marinemammals.in/submit-record/IMG_4174.jpg http://www.marinemammals.in/submit-record/IMG_4206.jpg http://www.marinemammals.in/submit-record/IMG_4208.jpg http://www.marinemammals.in/submit,,"19.4283131, 85.06815280000001","19.4283131, 85.06815280000001",,,,,,,MMI,19.40842532,85.09930909,1100,FALSE,,885,FALSE,,Remapped
1481,1438,1,2,2016,Maharashtra,Blue whale,Blue whale,"17.64735, 73.11852",GIZ,,,http://www.marinemammals.in/submit-record/M1990052.jpg,,,,,,,,,,MMI-later,17.64866913,73.13431494,1101,FALSE,,886,FALSE,,
592,1439,29,1,2016,Maharashtra,Bryde's whale,Bryde's whale,,,Juhu,,,,"19.1040806468811, 72.823936796344419.10408064688112, 72.82393679634448","19.10408064688112, 72.82393679634448",,,A,4a,,,Whatsapp,19.10408065,72.8239368,1103,TRUE,1104,1881,FALSE,,
593,1440,29,1,2016,Maharashtra,Bryde's whale,Bryde's whale,"19.098821, 72.8320717",KCRT through Forest Dept,"Male, washed ashore dead,",,http://www.marinemammals.in/submit-record/IMG_3900.jpg http://www.marinemammals.in/submit-record/IMG-20160129-WA0006.jpg http://www.marinemammals.in/submit-record/IMG-20160129-WA0010.jpg,,"19.0979663, 72.826016","19.0979663, 72.826016",,,,,,,MMI,19.0979663,72.826016,1104,FALSE,,888,FALSE,,
1483,1441,23,1,2016,Maharashtra,Bryde's whale,Bryde's whale,"16.48958, 73.30358",KCRT,,,http://www.marinemammals.in/submit-record/Jan_23_2016.jpg,,,,,,,,,,MMI-later,16.49057984,73.33135017,1105,FALSE,,889,TRUE,891,
594,1442,6,1,2016,Maharashtra,Indo-Pacific finless porpoise,Indo-Pacific finless porpoise,"19.218066, 72.7810809999999",Myself While Walking on the Beach,"On 6th of January 2016,Kites and Crows were pecking on the carcass,",,http://www.marinemammals.in/submit-record/2016-01-06_16.41.19.jpg http://www.marinemammals.in/submit-record/2016-01-06_16.41.29.jpg http://www.marinemammals.in/submit-record//2016-01-06_16.41.52.jpg http://www.marinemammals.in/submit-record/2016-01-06_16,,"19.218066, 72.78108099999997","19.218066, 72.78108099999997",,,,,,,MMI,19.218066,72.781081,1106,FALSE,,890,FALSE,,
595,1443,26,12,2015,Maharashtra,Bryde's whale,Bryde's whale,"16.3486362856794, 73.3640072421874",KCRT,"Mother-calf pair spotted at Devbag, depth 17,1m, approximately 4,5km from shore,",,http://www.marinemammals.in/submit-record/Dec_26_2015.jpg,,"16.348636285679472, 73.36400724218743","16.348636285679472, 73.36400724218743",,,,,,,MMI,16.35427758,73.38769066,1107,FALSE,,891,FALSE,,
596,1444,13,12,2015,Maharashtra,Indo-Pacific finless porpoise,Indo-Pacific finless porpoise,,,"Haji Ali Dargah, mumbai",,,,"18.9829832041929, 72.808420640079718.98298320419295, 72.80842064007975","18.98298320419295, 72.80842064007975",,,SA,,,,Whatsapp,18.9829832,72.80842064,1108,FALSE,,892,FALSE,,
1485,1445,8,12,2015,Maharashtra,Bryde's whale,Bryde's whale,"16.15219, 73.39147",KCRT,,,http://www.marinemammals.in/submit-record/Dec_08_2015.jpg,,,,,,,,,,MMI-later,16.15383063,73.4490392,1109,FALSE,,893,TRUE,890,
1484,1446,8,12,2015,Maharashtra,Indian Ocean humpback dolphin,Humpback dolphin,"15.97297, 73.49851",Canon EOS 60D,,,,,,,,,,,,,MMI-later,15.97297,73.49851,1110,FALSE,,894,FALSE,,
597,1447,8,12,2015,Andaman & Nicobar islands,Risso's dolphin,Risso's dolphin,,Mahi Mankeshwar and Pratha Sarathi Mishra,-,,,,,,,,,,,,MMI,,,1111,FALSE,,895,FALSE,,
598,1448,27,11,2015,Maharashtra,Humpback dolphin,Humpback dolphin,,,"Bhagwanlal Indrajit road, mumbai",,,,"18.9490914443293, 72.791468154199918.94909144432934, 72.79146815419998","18.94909144432934, 72.79146815419998",,,A,,,,Whatsapp,18.94909144,72.79146815,1113,FALSE,,897,FALSE,,
599,1449,2,11,2015,Maharashtra,Indian Ocean humpback dolphin,Humpback dolphin,"19.218066, 72.7810809999999","Myself, Local Police and VIllagers","On 2nd of November 2015 a Indian Ocean Hump Back Dolphin washed a shore of Palm Beach Manori, The carcass was highly decomposed",,http://www.marinemammals.in/submit-record/2015-11-02_06.47.31.jpg http://www.marinemammals.in/submit-record/2015-11-02_06.47.07.jpg http://www.marinemammals.in/submit-record/2015-11-02_06.48.06.jpg http://www.marinemammals.in/submit-record/2015-11-02_06.,,"19.218066, 72.78108099999997","19.218066, 72.78108099999997",,,,,,,MMI,19.218066,72.781081,1114,FALSE,,898,FALSE,,
1137,1450,23,10,2015,Tamil Nadu,Blue whale,Blue whale,,,,,,,"10.1295, 79.23343",79.23343,,,,,,,Balaji & Veeramuthu 2021,10.1295,79.23343,1115,FALSE,,899,FALSE,,
1237,1451,17,9,2015,Kerala,Indo-Pacific humpback dolphin,Humpback dolphin,,,,,,,"11.1797283817075, 75.796811482386",,,,,,,,MFIS June2015,11.17972838,75.79681148,1116,FALSE,,900,FALSE,,
600,1452,14,9,2015,Maharashtra,Unidentified baleen whale,Unidentified baleen whale,"15.9454485, 73.5075239999999",KCRT,"Carcass washed ashore on Bhogwe beach,",,,,"15.9454485, 73.50752399999999","15.9454485, 73.50752399999999",,,,,,,MMI,15.9454485,73.507524,1117,FALSE,,901,FALSE,,
1130,1453,6,8,2015,Karnataka,Unidentified baleen whale,Unidentified baleen whale,,,,,,,"13.36124859, 74.69731733",74.69731733,,,,,,,CMFRI 2015,13.36124859,74.69731733,1118,FALSE,,902,FALSE,,
1129,1454,30,7,2015,Karnataka,Unidentified baleen whale,Unidentified baleen whale,,,,,,,"12.895065, 74.81286354",74.81286354,,,,,,,CMFRI 2015,12.895065,74.81286354,1119,FALSE,,903,FALSE,,
1128,1455,23,7,2015,Karnataka,Unidentified baleen whale,Unidentified baleen whale,,,,,,,"12.8102481, 74.84104894",74.84104894,,,,,,,CMFRI 2015,12.8102481,74.84104894,1120,FALSE,,904,FALSE,,
601,1456,12,7,2015,Maharashtra,Unidentified baleen whale,Unidentified baleen whale,"17.0523516751651, 73.2651402890625",KCRT,"Carcass washed ashore, most likely Bryde's or blue whale",,,,"17.0523516751651, 73.26514028906251","17.0523516751651, 73.26514028906251",,,,,,,MMI,17.0483716,73.26385635,1121,FALSE,,905,FALSE,,
602,1457,30,6,2015,Andaman & Nicobar islands,Spinner dolphin,Spinner dolphin,,photographs taken by Akshay Malavi,-,,http://www.marinemammals.in/submit-record/22.jpg http://www.marinemammals.in/submit-record/221.jpg http://www.marinemammals.in/submit-record/31.jpg,,,,,,,,,,MMI,,,1122,FALSE,,906,FALSE,,
603,1458,30,6,2015,Andaman & Nicobar islands,Spinner dolphin,Spinner dolphin,,photographs taken by Akshay Malavi,-,,http://www.marinemammals.in/submit-record/1a.jpg http://www.marinemammals.in/submit-record/2a.jpg http://www.marinemammals.in/submit-record/3a.jpg http://www.marinemammals.in/submit-record/4a.jpg,,,,,,,,,,MMI,,,1123,FALSE,,907,FALSE,,
604,1459,28,6,2015,Gujarat,Cuvier's beaked whale,Cuvier's beaked whale,"20.9158979, 70.3628516",Pictures by: Dr Virendra Aparnathi - Local Vet-in-chargeSource: Dipani Sutaria,total length 16feet,,http://www.marinemammals.in/submit-record/0b3f49821f37c526e19665ebc3c7a36e.jpg,,"20.9158979, 70.3628516","20.9158979, 70.3628516",,,,,,,MMI,20.90658165,70.35604521,1124,FALSE,,908,FALSE,,
605,1460,24,6,2015,Maharashtra,Blue whale,Blue whale,"18.5574999323624, 72.9206653121337","http://www,thehindu,com/sci-tech/energy-and-environment/beached-blue-whale-dies-in-maharashtra/article7354719,eceThese animals tend to be open-ocean species, but they do come close to the shore to feed,The Konkan Cetacean Research Team, while on a surve","-A 42-foot-long blue whale died after being washed ashore on the Revdanda coast in Alibaug, around 80 km from here, on Wednesday night, The day-long attempts by the local people to put the mammal, weighing about 20 tonnes, back into the sea went in vain",,http://www.marinemammals.in/submit-record/whale.jpg,,"18.557499932362468, 72.92066531213379","18.557499932362468, 72.92066531213379",,,,,,,MMI,18.55749993,72.92066531,1125,FALSE,,909,FALSE,,
1487,1461,24,6,2015,Maharashtra,Blue whale,Blue whale,"16.75802, 73.29809",KCRT,,,http://www.marinemammals.in/submit-record/IMG_8278.jpg http://www.marinemammals.in/submit-record/IMG_3126_1_Panorama.jpg,,,,,,,,,,MMI-later,16.75736251,73.30571525,1126,FALSE,,910,TRUE,909,
606,1462,18,6,2015,Karnataka,Dwarf sperm whale,Dwarf sperm whale,"12.8980785230046, 74.8120114875","Images sent by Yathish Baikampady,http://www,thehindu,com/todays-paper/tp-national/tp-karnataka/dolphin-floats-ashore/article7328117,ecehttp://www,bellevision,com/belle/index,php?action=topnews&type=13037",-,,http://www.marinemammals.in/submit-record/IMG-20150617-WA0049.jpg http://www.marinemammals.in/submit-record/IMG-20150617-WA0051.jpg http://www.marinemammals.in/submit-record/IMG-20150617-WA0052.jpg http://www.marinemammals.in/submit-record/IMG-20150617-W,,"12.898078523004605, 74.81201148750006","12.898078523004605, 74.81201148750006",,,,,,,MMI,12.89807852,74.81201149,1127,FALSE,,911,FALSE,,
607,1463,17,6,2015,Maharashtra,Small-sized delphinid,Small-sized delphinid,,,Vasai beach,,,,"19.3391673004478, 72.790168191512619.339167300447887, 72.7901681915126","19.339167300447887, 72.7901681915126",,,A,,,,Whatsapp,19.3391673,72.79016819,1128,FALSE,,912,FALSE,,
608,1464,2,6,2015,Maharashtra,Unidentified baleen whale,Unidentified baleen whale,"19.2077161, 72.7833094999999",KCRT,"Washed ashore, most likely Bryde's or blue,",,,,"19.2077161, 72.78330949999997","19.2077161, 72.78330949999997",,,,,,,MMI,19.2077161,72.7833095,1129,FALSE,,913,FALSE,,
610,1465,10,5,2015,Maharashtra,Indo-Pacific finless porpoise,Indo-Pacific finless porpoise,"19.218066, 72.7810809999999","Myself, While Walking on Beach","On 10th may 2015 found washed ashore at Palm Beach Manori ,",,http://www.marinemammals.in/submit-record/IMG-20151103-WA0068.jpg http://www.marinemammals.in/submit-record/IMG-20151103-WA0069.jpg http://www.marinemammals.in/submit-record/IMG-20151103-WA0071.jpg,,"19.218066, 72.78108099999997","19.218066, 72.78108099999997",,,,,,,MMI,19.218066,72.781081,1131,FALSE,,915,FALSE,,
1488,1466,6,5,2015,Maharashtra,Bryde's whale,Bryde's whale,"16.27878, 73.30358",KCRT,,,http://www.marinemammals.in/submit-record/May_06__2015.jpg,,,,,,,,,,MMI-later,16.27648597,73.40955912,1132,FALSE,,916,FALSE,,
611,1467,5,5,2015,Maharashtra,Humpback dolphin,Humpback dolphin,,,Versova beach,,,,"19.1397540264959, 72.802761272656519.139754026495968, 72.80276127265651","19.139754026495968, 72.80276127265651",,,A,,,,Whatsapp,19.13975403,72.80276127,1133,FALSE,,917,FALSE,,
612,1468,5,5,2015,Maharashtra,Indo-Pacific finless porpoise,Indo-Pacific finless porpoise,,,Versova beach,,,,"19.1395825808634, 72.803176951449419.139582580863447, 72.80317695144943","19.139582580863447, 72.80317695144943",,,A,,,,Whatsapp,19.13958258,72.80317695,1134,FALSE,,918,FALSE,,
1489,1469,30,4,2015,Maharashtra,Bryde's whale,Bryde's whale,"16.36313, 73.34752",KCRT,,,http://www.marinemammals.in/submit-record/april_30__2015.jpg,,,,,,,,,,MMI-later,16.3644606,73.36807583,1135,FALSE,,919,FALSE,,
613,1470,27,4,2015,Maharashtra,Small-sized delphinid,Small-sized delphinid,,,Nariman point,,,,"18.9272731252761, 72.819450499278918.927273125276194, 72.81945049927897","18.927273125276194, 72.81945049927897",,,A,,,,Whatsapp,18.92727313,72.8194505,1136,FALSE,,920,FALSE,,
614,1471,17,4,2015,Maharashtra,Indo-Pacific finless porpoise,Indo-Pacific finless porpoise,"16.0492356450612, 73.4685343078613",KCRT Cetacean monitoring network,"Mummified part of carcass washed ashore at Malvan dandi beach, Sindhudurg, Maharashtra,",,,,"16.049235645061216, 73.46853430786132","16.049235645061216, 73.46853430786132",,,,,,,MMI,16.04923565,73.46853431,1137,FALSE,,921,FALSE,,
1490,1472,16,4,2015,Maharashtra,Bryde's whale,Bryde's whale,"16.53171, 73.17174",KCRT,,,http://www.marinemammals.in/submit-record/april_16__2016.jpg,,,,,,,,,,MMI-later,16.53777979,73.31340642,1138,FALSE,,922,TRUE,925,Remapped
615,1473,15,4,2015,Gujarat,Indo-Pacific finless porpoise,Indo-Pacific finless porpoise,"21.6416979, 69.6293","Personal observation with Paresh pitroda, Chirag Tank, Vikrant Rana, Karan Karavadra, Jaydeep Kantbamna,",Porbander,,http://www.marinemammals.in/submit-record/1-IMG_20150415_192324.jpg http://www.marinemammals.in/submit-record/1-IMG_20150415_192434.jpg http://www.marinemammals.in/submit-record/1-IMG_20150415_195234.jpg,,"21.6416979, 69.6293","21.6416979, 69.6293",,,,,,,MMI,21.61455212,69.62069743,1139,FALSE,,923,FALSE,,Remapped
616,1474,11,4,2015,Maharashtra,Bryde's whale,Bryde's whale,"16.3213073956872, 73.3368685863281","http://www,thehindu,com/sci-tech/energy-and-environment/blue-whales-churn-sea-off-maharashtra/article7232287,ece",-,,,,"16.321307395687292, 73.33686858632814","16.321307395687292, 73.33686858632814",,,,,,,MMI,,,1140,FALSE,,924,TRUE,925,Remapped
1491,1475,11,4,2015,Maharashtra,Bryde's whale,Bryde's whale,"16.15219, 73.41344",KCRT,,,http://www.marinemammals.in/submit-record/april_11__2015.jpg,,,,,,,,,,MMI-later,16.15750319,73.44736985,1141,FALSE,,925,FALSE,,
618,1476,28,3,2015,Maharashtra,Blue whale,Blue whale,"16.3403087334872, 73.3463555753905","http://www,thehindu,com/sci-tech/energy-and-environment/blue-whales-churn-sea-off-maharashtra/article7232287,ece",-,,http://www.marinemammals.in/submit-record/22TH-whale1_2413351g.jpg,,"16.34030873348728, 73.34635557539059","16.34030873348728, 73.34635557539059",,,,,,,MMI,16.34359376,73.38744026,1143,FALSE,,927,FALSE,,
1492,1477,28,3,2015,Maharashtra,Blue whale,Blue whale,"16.88865, 73.42443",KCRT,,,http://www.marinemammals.in/submit-record/IMG_8077.jpg http://www.marinemammals.in/submit-record/IMG_8080.jpg,,,,,,,,,,MMI-later,16.87887018,73.28744632,1144,FALSE,,928,TRUE,927,Remapped
1493,1478,11,3,2015,Sri Lanka,Pygmy sperm whale,Pygmy sperm whale,"6.78943, 79.86381",whales & Dolphins Sri Lanka by Anouk Ilangakoon,,,,,,,,,,,,,MMI-later,6.78943,79.86381,1145,FALSE,,929,FALSE,,
1238,1479,10,3,2015,Kerala,Spinner dolphin,Spinner dolphin,,,,,,,"10.9365696873664, 75.8781020058425",,,,,,,,MFIS June2015,10.93656969,75.87810201,1146,FALSE,,930,FALSE,,
619,1480,30,1,2015,Maharashtra,Bryde's whale,Bryde's whale,"16.0212481, 73.5181832999999",Merwyn Fernandes via KCRT,Carcass washed ashore,,http://www.marinemammals.in/submit-record/whale__devbag.jpg,,"16.0212481, 73.51818329999992","16.0212481, 73.51818329999992",,,,,,,MMI,16.0212481,73.5181833,1148,FALSE,,932,FALSE,,
621,1481,2,1,2015,Tamil Nadu,Blue whale,Blue whale,"9.2876254, 79.3129291",Personal observation,-,,http://www.marinemammals.in/submit-record/Blue_whale_calf.jpg http://www.marinemammals.in/submit-record/Blue_whale_calf_Baleen_plates.jpg http://www.marinemammals.in/submit-record/Blue_whale_calf_flipper.jpg http://www.marinemammals.in/submit-record/Blue,,"9.2876254, 79.31292910000002","9.2876254, 79.31292910000002",,,,,,,MMI,9.2876254,79.3129291,1150,FALSE,,934,FALSE,,
1084,1482,2,1,2015,Tamil Nadu,Unidentified baleen whale,Unidentified baleen whale,,,,,,,,,,,,,,,"Sutaria et al., 2017",,,1151,FALSE,,935,FALSE,,
1670,1483,,1,2015,Gujarat,Indian Ocean humpback dolphin,Humpback dolphin,"23.2464, 68.60139",Seen by Us while visiting the harbor; people said they come inside everyday following fish and that the creeks in Jakhau and outside the coast have them,,,,,,,,,,,,,MMI-later,23.2464,68.60139,1147,FALSE,,931,FALSE,,
622,1484,26,11,2014,Maharashtra,Indo-Pacific finless porpoise,Indo-Pacific finless porpoise,"15.7586146152055, 73.6682837776184",KCRT Cetacean monitoring network,"Animal died in a large mesh gill net 5 inch on the 25th Nov late at night, Length: 192 cm, Sex: M, Weight: 17 KG,",,,,"15.758614615205571, 73.6682837776184","15.758614615205571, 73.6682837776184",,,,,,,MMI,15.75861462,73.66828378,1152,FALSE,,936,FALSE,,
623,1485,19,11,2014,Maharashtra,Indo-Pacific finless porpoise,Indo-Pacific finless porpoise,"15.9688786927323, 73.5022201708793",KCRT Cetacean monitoring network,"Badly decomposed carcass washed in with the tide in the Devbagh creek,",,,,"15.968878692732355, 73.50222017087935","15.968878692732355, 73.50222017087935",,,,,,,MMI,15.96887869,73.50222017,1153,FALSE,,937,FALSE,,
624,1486,25,10,2014,Maharashtra,Indo-Pacific finless porpoise,Indo-Pacific finless porpoise,"15.857031373004, 73.6193977355957",KCRT Cetacean Monitoring network,"2 animals stranded in a large mesh gillnet, Animals could not be examined as carcasses were buried,",,,,"15.85703137300405, 73.61939773559573","15.85703137300405, 73.61939773559573",,,,,,,MMI,15.85703137,73.61939774,1154,FALSE,,938,FALSE,,
625,1487,16,10,2014,Gujarat,Indian Ocean humpback dolphin,Humpback dolphin,"22.4153114253221, 68.9876720981444",Self report,"A dead adult female Indo-Pacific humpback dolphin Sousa chinensis washed ashore on 16th October, 2014 morning at Mithapur coast 22� 25,137' N; 68� 59, 482' E",,http://www.marinemammals.in/submit-record/Picture1.jpg http://www.marinemammals.in/submit-record/IJMS_45_10__1317-1319.pdf,,"22.41531142532217, 68.98767209814446","22.41531142532217, 68.98767209814446",,,,,,,MMI,22.41531143,68.9876721,1155,FALSE,,939,FALSE,,
627,1488,14,10,2014,Tamil Nadu,Long beaked common dolphin,Long-beaked common dolphin,"11.8762024308086, 80.245091015625","News article in Tamil Paper Dinamalar , Coimbatore edition dated Oct 13,2014",-,,,,"11.876202430808632, 80.24509101562501","11.876202430808632, 80.24509101562501",,,,,,,MMI,11.87620243,80.24509102,1157,FALSE,,941,TRUE,940,
1239,1489,25,5,2014,Kerala,Unidentified baleen whale,Unidentified baleen whale,,,,,,,"10.5647311077219, 76.0112417357875",,,,,,,,MFIS June2015,10.56473111,76.01124174,1159,FALSE,,943,FALSE,,
629,1490,10,3,2014,Tamil Nadu,Pan-tropical spotted dolphin,Pan-tropical spotted dolphin,"13.0826802, 80.2707184","http://www,thehindu,com/news/cities/chennai/two-dolphins-washed-ashore-along-east-coast/article5774581,ece,Marine mammals of India Yahoo groups :Digest Number 535",-,,http://www.marinemammals.in/submit-record/TH-DOLPHIN2_1784925f.jpg,,"13.0826802, 80.27071840000008","13.0826802, 80.27071840000008",,,,,,,MMI,13.0826802,80.2707184,1160,FALSE,,944,FALSE,,
630,1491,10,3,2014,Tamil Nadu,Risso's dolphin,Risso's dolphin,"13.0826802, 80.2707184","http://www,thehindu,com/news/cities/chennai/two-dolphins-washed-ashore-along-east-coast/article5774581,ece",-,,,,"13.0826802, 80.27071840000008","13.0826802, 80.27071840000008",,,,,,,MMI,13.0826802,80.2707184,1161,FALSE,,945,FALSE,,
1103,1492,4,3,2014,Gujarat,Longman's beaked whale,Longman's beaked whale,,,,,,,"20.83865506, 70.47642471",70.47642471,,,,,,,Kaladharan et al 2014,20.83865506,70.47642471,1163,FALSE,,947,FALSE,,
631,1493,3,3,2014,Tamil Nadu,Dwarf sperm whale,Dwarf sperm whale,"10.4712288, 79.5753156","http://www,thehindu,com/todays-paper/tp-national/tp-tamilnadu/dwarf-sperm-whale-washed-ashore/article5751785,ece",-,,,,"10.4712288, 79.57531560000007","10.4712288, 79.57531560000007",,,,,,,MMI,10.4712288,79.5753156,1164,FALSE,,948,FALSE,,
632,1494,19,2,2014,Tamil Nadu,Cuvier's beaked whale,Cuvier's beaked whale,"12.5238119, 80.1568133999999","http://www,thehindu,com/news/cities/chennai/cuviers-beaked-whale-washed-ashore-near-kalpakkam/article5707015,eceThe Hindu dated Feb 20,2014",-,,,,"12.5238119, 80.15681339999992","12.5238119, 80.15681339999992",,,,,,,MMI,12.51881761,80.16472172,1165,FALSE,,949,FALSE,,
633,1495,29,1,2014,Tamil Nadu,Pan-tropical spotted dolphin,Pan-tropical spotted dolphin,"10.4712288, 79.5753156","i have taken photos on my own,",-,,http://www.marinemammals.in/submit-record/IMG_1763_1.jpg http://www.marinemammals.in/submit-record/IMG_1764_1.jpg http://www.marinemammals.in/submit-record/8.jpg http://www.marinemammals.in/submit-record/IMG_1765_1.jpg http://www.marinemammals.in/submit-,,"10.4712288, 79.57531560000007","10.4712288, 79.57531560000007",,,,,,,MMI,10.4712288,79.5753156,1166,FALSE,,950,FALSE,,
1495,1496,16,12,2013,Karnataka,Indo-Pacific finless porpoise,Indo-Pacific finless porpoise,"13.13301, 74.76196","Sighted and photographed by RKMCamera, courtesy of Anil G, Bangalore",,,http://www.marinemammals.in/submit-record/Finless_Porpoise1.jpg http://www.marinemammals.in/submit-record/Finless_Porpoise2.jpg,,,,,,,,,,MMI-later,13.13295768,74.76174141,1167,FALSE,,951,FALSE,,
634,1497,13,12,2013,Maharashtra,Indian Ocean humpback dolphin,Humpback dolphin,"19.3399306, 72.7907992","Carcass of an Indo-Pacific humpback dolphin Sousa chinensis, Clicked by my friend Joel D'souzaLocation -- Vasai beach,",-,,http://www.marinemammals.in/submit-record/11.jpg http://www.marinemammals.in/submit-record/21.jpg,,"19.3399306, 72.79079920000004","19.3399306, 72.79079920000004",,,,,,,MMI,19.3399306,72.7907992,1168,FALSE,,952,FALSE,,
635,1498,11,12,2013,Maharashtra,Blue whale,Blue whale,"16.990215, 73.3120232999999","12,3 41 feet long male stranded at Dhabool, 155 km 97 miles south of Bombay,",,,,,"16.990215, 73.31202329999996","16.990215, 73.31202329999996",,,,,,,MMI,16.99003397,73.28182792,1169,FALSE,,953,FALSE,,Remapped
1258,1499,13,9,2013,Karnataka,Unidentified baleen whale,Unidentified baleen whale,,,,,,,"13.059, 74.775",74.775,,,,,,,MFIS Sept 2013,13.059,74.775,1170,FALSE,,954,FALSE,,
1496,1500,6,9,2013,Tamil Nadu,Spinner dolphin,Spinner dolphin,"9.2803536251138, 79.1750352521235","1,46X9 Male specimen weighed about 80 kg",,,http://www.marinemammals.in/submit-record/18-01-2023-Spinner dolphin male 060913.jpg,,,,,,,,,,MMI-later,9.280353625,79.17503525,1171,FALSE,,955,FALSE,,
636,1501,9,7,2013,Kerala,Indo-Pacific finless porpoise,Indo-Pacific finless porpoise,"10.5709637185936, 76.004368359375","Photographs from Mr James, Greenhabitat,","image sent by Mr James from NGO Greenhabitat, They did not collect any samples or data as they were not aware, Entering this data for him",,http://www.marinemammals.in/submit-record/IMG-20160708-WA0025.jpg,,"10.57096371859363, 76.00436835937501","10.57096371859363, 76.00436835937501",,,,,,,MMI,10.57096372,76.00436836,1172,FALSE,,956,FALSE,,
1136,1502,22,4,2013,Tamil Nadu,Indo-Pacific humpback dolphin,Humpback dolphin,,,,,,,"10.28713, 79.3406",79.3406,,,,,,,Balaji & Veeramuthu 2021,10.28713,79.3406,1175,FALSE,,959,FALSE,,
637,1503,20,4,2013,Andaman & Nicobar islands,Short-finned pilot whale,Short-finned pilot whale,,photographed by Akshay Malavi,-,,http://www.marinemammals.in/submit-record/1a1.jpg http://www.marinemammals.in/submit-record/2a1.jpg http://www.marinemammals.in/submit-record/3a1.jpg,,,,,,,,,,MMI,,,1176,FALSE,,960,FALSE,,
638,1504,30,3,2013,Andaman & Nicobar islands,Spinner dolphin,Spinner dolphin,,photographed by Akshay Malavi,-,,http://www.marinemammals.in/submit-record/5.jpg http://www.marinemammals.in/submit-record/43.jpg http://www.marinemammals.in/submit-record/33.jpg http://www.marinemammals.in/submit-record/421.jpg,,,,,,,,,,MMI,,,1177,FALSE,,961,FALSE,,
639,1505,16,3,2013,Andaman & Nicobar islands,Spinner dolphin,Spinner dolphin,,Photograph by Akshay Malavi,-,,http://www.marinemammals.in/submit-record/42.jpg,,,,,,,,,,MMI,,,1181,FALSE,,965,FALSE,,
640,1506,28,2,2013,Tamil Nadu,Risso's dolphin,Risso's dolphin,"13.0826802, 80.2707184","Akila Balu, SSTCN",-,,http://www.marinemammals.in/submit-record/1.jpg http://www.marinemammals.in/submit-record/2.jpg http://www.marinemammals.in/submit-record/3.jpg http://www.marinemammals.in/submit-record/4.jpg,,"13.0826802, 80.27071840000008","13.0826802, 80.27071840000008",,,,,,,MMI,13.0826802,80.2707184,1184,FALSE,,968,FALSE,,
1101,1507,15,2,2013,Karnataka,Cuvier's beaked whale,Cuvier's beaked whale,,,,,,,,,,,,,,,Naik et al 2015,,,1185,FALSE,,969,FALSE,,Remapped
1127,1508,15,2,2013,Karnataka,Cuvier's beaked whale,Cuvier's beaked whale,,,,,,,"14.66140166, 74.2774201",74.2774201,,,,,,,Naik et al 2015,14.66140166,74.2774201,1186,FALSE,,970,TRUE,969,
641,1509,28,1,2013,Tamil Nadu,Unidentified dolphin,Small-sized delphinid,"11.7393207866513, 79.7927435382812","Ms, Shweta Narayan Community Environment Monitoring http://www,sipcotcuddalore,com/",-,,http://www.marinemammals.in/submit-record/Dolphin1.jpg http://www.marinemammals.in/submit-record/20121219_150750.jpg http://www.marinemammals.in/submit-record/d3.jpg http://www.marinemammals.in/submit-record/d4.jpg http://www.marinemammals.in/submit-reco,,"11.739320786651325, 79.79274353828123","11.739320786651325, 79.79274353828123",,,,,,,MMI,11.73932079,79.79274354,1187,FALSE,,971,FALSE,,
1505,1510,19,12,2012,Goa,Killer whale,Killer whale,"14.95352, 73.99387","Direct submission, Ajey Patil, C-17 Kohinoor plaza maruti mandir Ratnagiri, info@divegoa,com",,,,,,,,,,,,,MMI-later,14.95352,73.99387,1190,TRUE,1189,1882,FALSE,,
644,1511,17,12,2012,West Bengal,Bryde's whale,Bryde's whale,"21.6266172, 87.5074314999999","Dipani sutaria by email,http://portal,thebengalpost,com/index,php/index/newsdetails/ZSI-decides-to-preserve-carcass-of-Baleen-whale-in-Digha-118122771355330683",-,,http://www.marinemammals.in/submit-record/Digha_West_Bengal_-_Baleen_whale1.jpg http://www.marinemammals.in/submit-record/dDSC_0209.jpg http://www.marinemammals.in/submit-record/DSC04546.jpg http://www.marinemammals.in/submit-record/DSC045551.jpg,,"21.6266172, 87.50743149999994","21.6266172, 87.50743149999994",,,,,,,MMI,21.6266172,87.5074315,1191,FALSE,,974,FALSE,,
1085,1512,12,12,2012,West Bengal,Bryde's whale,Bryde's whale,,,,,,,"21.61744466, 87.50434924",87.50434924,,,,,,,"Sutaria et al., 2017",21.61744466,87.50434924,1192,FALSE,,975,FALSE,,
1104,1513,8,12,2012,Andhra Pradesh,Indo-pacific finless porpoise,Indo-Pacific finless porpoise,,,,,,,"15.86581158, 80.59845051",80.59845051,,,,,,,Monolisha 2013,15.86581158,80.59845051,1194,FALSE,,977,FALSE,,
1508,1514,21,10,2012,Andaman & Nicobar islands,Short-finned pilot whale,Short-finned pilot whale,,"MMI messages 650 and 651, http://www,andamansheekha,com/2012/10/25/andaman-sheekha-exclusive-40-false-killer-whales-found-dead-at-diglipur/",,,,,,,,,,,,,MMI-later,,,1196,FALSE,,979,FALSE,,
645,1515,4,10,2012,Maharashtra,Indo-Pacific finless porpoise,Indo-Pacific finless porpoise,,,"Chilwa beach, sindhudurg",,,,"16.0637879164003, 73.461556002046716.063787916400315, 73.46155600204672","16.063787916400315, 73.46155600204672",,,C,1,,,Whatsapp,16.06378792,73.461556,1197,FALSE,,980,FALSE,,
646,1516,29,9,2012,West Bengal,Spinner dolphin,Spinner dolphin,"21.662356, 88.2022875999999","The photos were taken by Prafulla Sarkar,","The carcass of Dwarf Spinner dolphin was found in the beach of Mousuni Island in coastal Bengal,",,http://www.marinemammals.in/submit-record/dolphin_unid1.jpg http://www.marinemammals.in/submit-record/dolphin_unid2.jpg,,"21.662356, 88.20228759999998","21.662356, 88.20228759999998",,,,,,,MMI,21.65837251,88.18923043,1198,FALSE,,981,FALSE,,Remapped
647,1517,16,9,2012,Tamil Nadu,Indo-Pacific bottlenose dolphin,Bottlenose dolphin,"13.0815305, 80.292059","MMI message 641, http://www,thehindu,com/todays-paper/tp-national/tp-tamilnadu/article3909552,ece",-,,,,"13.0815305, 80.292059","13.0815305, 80.292059",,,,,,,MMI,13.0815305,80.292059,1199,FALSE,,982,FALSE,,
1235,1518,14,9,2012,Maharashtra,Sperm whale,Sperm whale,,,,,,,"16.0998203608779, 73.4593960719176",,,,,,,,MFIS Mar2013,16.09982036,73.45939607,1200,FALSE,,983,FALSE,,
1233,1519,31,8,2012,Karnataka,Spinner dolphin,Spinner dolphin,,,,,,,"14.8276557239142, 74.1249384319248",,,,,,,,MFIS Sep2012,14.82765572,74.12493843,1201,FALSE,,984,FALSE,,
648,1520,1,8,2012,Maharashtra,Unidentified baleen whale,Unidentified baleen whale,"16.990215, 73.3120232999999","An 18,3 m 61 feet long rorqual stranded at Ratnagiri",,,,,"16.990215, 73.31202329999996","16.990215, 73.31202329999996",,,,,,,MMI,16.98814205,73.28694725,1202,FALSE,,985,FALSE,,Remapped
1509,1521,9,7,2012,Andaman & Nicobar islands,Dugong,Dugong,,"personal sighting,",,,,,,,,,,,,,MMI-later,,,1203,FALSE,,986,FALSE,,
649,1522,30,4,2012,Tamil Nadu,Indo-Pacific bottlenose dolphin,Bottlenose dolphin,"13.0815305, 80.292059","Dinamalar of Tuesday the 1st May 2012, MMI message 609",-,,http://www.marinemammals.in/submit-record/IMG_1471.jpg,,"13.0815305, 80.292059","13.0815305, 80.292059",,,,,,,MMI,13.0815305,80.292059,1204,FALSE,,987,FALSE,,
1515,1523,30,4,2012,Andhra Pradesh,Indo-Pacific bottlenose dolphin,Bottlenose dolphin,"13.8153, 80.29205","Dinamalar of Tuesday the 1st May 2012, MMI message 609",,,http://www.marinemammals.in/submit-record/IMG_1471.jpg,,,,,,,,,,MMI-later,13.8103504,80.24501214,1205,TRUE,1204,1883,FALSE,,Remapped
1234,1524,23,4,2012,Kerala,Spinner dolphin,Spinner dolphin,,,,,,,"10.0538844488174, 76.2016117809629",,,,,,,,MFIS Sep2012,10.05388445,76.20161178,1206,FALSE,,988,FALSE,,
650,1525,7,4,2012,Andaman & Nicobar islands,Short-finned pilot whale,Short-finned pilot whale,,photos taken by Akshay Malavi on 07 April 2012,-,,http://www.marinemammals.in/submit-record/mmcn01.jpg http://www.marinemammals.in/submit-record/mmcn02.jpg http://www.marinemammals.in/submit-record/mmcn03.jpg http://www.marinemammals.in/submit-record/mmcn04.jpg,,,,,,,,,,MMI,,,1207,FALSE,,989,FALSE,,
651,1526,4,4,2012,Andaman & Nicobar islands,Pan-tropical spotted dolphin,Pan-tropical spotted dolphin,,Akshay Malavi,-,,http://www.marinemammals.in/submit-record/mmcn05.jpg http://www.marinemammals.in/submit-record/mmcn06.jpg http://www.marinemammals.in/submit-record/mmcn07.jpg http://www.marinemammals.in/submit-record/mmcn08.jpg,,,,,,,,,,MMI,,,1208,FALSE,,990,FALSE,,
653,1527,1,4,2012,Maharashtra,Unidentified,Small-sized delphinid,"19.0759837, 72.8776559","Sahila Kudalkar/Bhau Katdare, MMI message 594",-,,,,"19.0759837, 72.87765590000004","19.0759837, 72.87765590000004",,,,,,,MMI,,,1210,FALSE,,992,FALSE,,
654,1528,1,4,2012,Maharashtra,Unidentified dolphin,Small-sized delphinid,"16.990215, 73.2351190031249","Sahila Kudalkar/Bhau Katdare, MMI message 594, message 597, message 598 , message 600",-,,http://www.marinemammals.in/submit-record/P1290812.jpg,,"16.99021500000001, 73.23511900312496","16.99021500000001, 73.23511900312496",,,,,,,MMI,16.99064607,73.26819491,1211,TRUE,1209,1884,FALSE,,Remapped
655,1529,30,3,2012,Maharashtra,Humpback whale,Humpback whale,"18.9538889, 72.8033332999999","http://www,mumbaimirror,com/article/2/2012040120120401094720307b488d8d8/Stench-spreads-across-Malabar-Hill-as-dead-whale-washes-ashore,html, MMI message 585",A Humpback Whale with gashes on its body washed ashore at Uran beach,,,,"18.9538889, 72.80333329999996","18.9538889, 72.80333329999996",,,,,,,MMI,18.9538889,72.8033333,1212,FALSE,,993,FALSE,,
656,1530,30,3,2012,Maharashtra,Humpback whale,Humpback whale,"18.9538889, 72.8033332999999","http://www,mumbaimirror,com/article/2/2012040120120401094720307b488d8d8/Stench-spreads-across-Malabar-Hill-as-dead-whale-washes-ashore,html, MMI message 585, message 596","A 35 foot long Humpback Whale washed ashore at Malabar Hill, Bombay/Mumbai",,,,"18.9538889, 72.80333329999996","18.9538889, 72.80333329999996",,,,,,,MMI,18.9538889,72.8033333,1213,TRUE,1212,1885,FALSE,,
1520,1531,22,3,2012,Tamil Nadu,Spinner dolphin,Spinner dolphin,"92.62966, 79.07482","Male specimen 2-meter long beak length 31cm fluke length 33 cm as per the veterinarian expert Dr, Satkthivel CMFRI",,,http://www.marinemammals.in/submit-record/18-01-2023-Spinner dolphin male 220312.jpg,,,,,,,,,,MMI-later,9.262966,79.07482,1214,FALSE,,994,FALSE,,
657,1532,28,2,2012,Maharashtra,Sperm whale,Sperm whale,"16.194397178592, 73.3035824374999","KCRT, Photograph provided by Merwyn Fernandes,","Washed ashore dead, exact details of date and month are unknown,",,http://www.marinemammals.in/submit-record/Sperm_Whale.jpg,,"16.194397178592055, 73.30358243749998","16.194397178592055, 73.30358243749998",,,,,,,MMI,,,1215,FALSE,,995,FALSE,,Remapped
658,1533,25,2,2012,Odisha,Indo-Pacific finless porpoise,Indo-Pacific finless porpoise,"19.4306367028877, 85.2610385625","Sajan John, MMI message 576",-,,,,"19.43063670288772, 85.26103856250006","19.43063670288772, 85.26103856250006",,,,,,,MMI,19.4888879,85.20364333,1216,FALSE,,996,FALSE,,Remapped
659,1534,4,2,2012,Odisha,Indo-Pacific bottlenose dolphin,Bottlenose dolphin,"20.5025308950506, 86.803930565625","Ashish Senapati, MMI message 565",The carcass of a seven foot dolphin,,http://www.marinemammals.in/submit-record/Senapati_dolphin_image.jpg,,"20.50253089505063, 86.80393056562502","20.50253089505063, 86.80393056562502",,,,,,,MMI,20.51319981,86.77721246,1217,FALSE,,997,FALSE,,Remapped
660,1535,27,1,2012,Tamil Nadu,Unidentified dolphin,Small-sized delphinid,"13.0733164969199, 80.3077972574219","Dinakaran; Rahul Muralidharan; mmi messages 560, 561; photograph in mmi message 561","On 27 January a 2,5 foot long dolphin",,http://www.marinemammals.in/submit-record/dead_dolphin.jpg,,"13.073316496919986, 80.30779725742195","13.073316496919986, 80.30779725742195",,,,,,,MMI,13.0768389,80.29397099,1218,FALSE,,998,FALSE,,Remapped
1521,1536,17,1,2012,Tamil Nadu,Unidentified dolphin,Small-sized delphinid,"12.73885, 80.25456","Dinakaran; Rahul Muralidharan; mmi messages 560, 561; photograph in mmi message 561",,,,,,,,,,,,,MMI-later,12.73885,80.25456,1219,FALSE,,999,FALSE,,
661,1537,2,1,2012,Tamil Nadu,Risso's dolphin,Risso's dolphin,"13.0826802, 80.2707184","http://www,dinamalar,com/News_Detail,asp?Id=414858, MMI message 578",A Risso's Dolphin that was washed ashore dead at Besant Nagar,,http://www.marinemammals.in/submit-record/Rissos_2012.jpg http://www.marinemammals.in/submit-record/rissos_chennai_2012.pdf,,"13.0826802, 80.27071840000008","13.0826802, 80.27071840000008",,,,,,,MMI,13.0826802,80.2707184,1220,FALSE,,1000,FALSE,,
662,1538,1,1,2012,Tamil Nadu,Dugong,Dugong,"10.4712288, 79.5753156","Dinamalar issue dated 1 February 2012 , MMI message 566",-,,http://www.marinemammals.in/submit-record/Dugong_1_February_2012.jpg,,"10.4712288, 79.57531560000007","10.4712288, 79.57531560000007",,,,,,,MMI,10.4712288,79.5753156,1221,FALSE,,1001,FALSE,,
1522,1539,1,1,2012,Tamil Nadu,Unidentified dolphin,Small-sized delphinid,"13.21459, 80.32029","Dinamalar, 15 January 2012",,,,,,,,,,,,,MMI-later,13.21459,80.32029,1222,FALSE,,1002,TRUE,1000,
663,1540,11,7,2011,Kerala,Pygmy killer whale,Pygmy killer whale,"9.9312328, 76.2673041","The Hindu , Kochi dated July 13,2011http:--www,thehindu,com-todays-paper-tp-national-tp-kerala-article2223132,ece",-,,,,"9.9312328, 76.26730410000005","9.9312328, 76.26730410000005",,,,,,,MMI,9.9312328,76.2673041,1224,FALSE,,1004,FALSE,,
664,1541,13,6,2011,Tamil Nadu,Unidentified,Unidentified baleen whale,"9.2217252, 78.7490377","http:--www,thehindu,com-news-states-tamil-nadu-article2101693,ece, mmi message 481","One whale washed ashore at Mayakulam near Erwadi in Ramanathapuram district; weight around 1,5 tonne, length around 12 metres, width around 6 feet; wounds on the body,Image available in the link,",,,,"9.2217252, 78.74903770000003","9.2217252, 78.74903770000003",,,,,,,MMI,9.2217252,78.7490377,1225,FALSE,,1005,FALSE,,
665,1542,6,6,2011,Tamil Nadu,Dugong,Dugong,"10.4712288, 79.5753156","V, Balaji, mmi message 479, message 483",One large dugong nearly 1000 kg washed ashore on the coast of Thanjavur district; scars of boat or net accident on the body,,,,"10.4712288, 79.57531560000007","10.4712288, 79.57531560000007",,,,,,,MMI,10.4712288,79.5753156,1226,FALSE,,1006,FALSE,,
666,1543,16,5,2011,Tamil Nadu,Unidentified,Unidentified baleen whale,"9.2414963, 79.2359516999999","Deep wounds and internal injuries found on the body,",Carcase of a whale found on Shingle Island;,,,,"9.2414963, 79.23595169999999","9.2414963, 79.23595169999999",,,,,,,MMI,9.2414963,79.2359517,1227,FALSE,,1007,TRUE,1005,
667,1544,14,5,2011,Tamil Nadu,Unidentified dolphin,Small-sized delphinid,"9.25400810569043, 79.2112527167969","http:--www,thehindu,com-sci-tech-energy-and-environment-article2013221,ece, mmi message 460, message 480",One dolphin and a stillborn dolphin found at Kuravar Thoppu; internal and external injuries found on the bodies,,,,"9.254008105690437, 79.21125271679693","9.254008105690437, 79.21125271679693",,,,,,,MMI,9.254008106,79.21125272,1228,FALSE,,1008,TRUE,"1005, 1007",
668,1545,12,5,2011,Tamil Nadu,Unidentified dolphin,Small-sized delphinid,"9.2797601, 79.2291055","http:--www,thehindu,com-sci-tech-energy-and-environment-article2013221,ece, mmi message 460, message 480","One dead dolphin washed ashore at Pamban, Gulf of Mannar; an aberration noted in the stomach; weight 300 kg, length 10 feet",,,,"9.2797601, 79.22910550000006","9.2797601, 79.22910550000006",,,,,,,MMI,9.2797601,79.2291055,1229,TRUE,1227,1886,FALSE,,
1525,1546,1,5,2011,Tamil Nadu,Dugong,Dugong,"9.27703, 79.12521",Mandapam,,,,,,,,,,,,,MMI-later,9.27703,79.12521,1231,FALSE,,1010,FALSE,,
669,1547,11,4,2011,Tamil Nadu,Spinner dolphin,Spinner dolphin,"11.9138598, 79.8144721999999","http://www,thehindu,com/todays-paper/tp-national/tp- tamilnadu/article1693144,eceVisit to Site by Dipani Sutariayahoo groupds messages 453 and 454","16 dolphins found washed ashoreStaff ReporterMass stranding seen as a possible reasonSixteen common long-nosed dolphins were found washed ashore near the coastal village of Veerampattinam here on Monday,Post-mortemA post-mortem was conducted by Forest D",,http://www.marinemammals.in/submit-record/long1.jpg http://www.marinemammals.in/submit-record/long2.jpg http://www.marinemammals.in/submit-record/long3.jpg http://www.marinemammals.in/submit-record/sw.4.png http://www.marinemammals.in/submit-record/long4,,"11.9138598, 79.81447219999995","11.9138598, 79.81447219999995",,,,,,,MMI,11.91100541,79.83012179,1232,FALSE,,1011,FALSE,,
670,1548,8,4,2011,Karnataka,Long beaked common dolphin,Long-beaked common dolphin,"14.8184812, 74.1416127","A male dolphin seven feet long cast ashore on Tagore beach, Karwar",,,,,"14.8184812, 74.1416127","14.8184812, 74.1416127",,,,,,,MMI,14.81776798,74.1263041,1233,FALSE,,1012,FALSE,,Remapped
1257,1549,1,4,2011,Maharashtra,Unidentified baleen whale,Unidentified baleen whale,,,,,,,"19.7219240835978, 72.6991945225066",,,,,,,,MFIS December 2011,19.72192408,72.69919452,1234,FALSE,,1013,FALSE,,
671,1550,8,2,2011,Karnataka,Long beaked common dolphin,Long-beaked common dolphin,"14.8184812, 74.1416127",A female dolphin weighing 150 kg and measuring ten feet found in a decomposed,,,,,"14.8184812, 74.1416127","14.8184812, 74.1416127",,,,,,,MMI,14.81338,74.12619,1236,FALSE,1233,1015,TRUE,1012,Remapped
672,1551,9,1,2011,Maharashtra,Unidentified baleen whale,Unidentified baleen whale,"16.990215, 73.3120232999999","One large whale about 21 m 70 feet long washed ashore near Viziadrug in Ratnagiri district,",,,,,"16.990215, 73.31202329999996","16.990215, 73.31202329999996",,,,,,,MMI,16.99148074,73.27960212,1237,FALSE,,1016,FALSE,,Remapped
1256,1552,8,1,2011,Karnataka,Long-beaked common dolphin,Long-beaked common dolphin,,,,,,,"14.8220002133676, 74.1256233306614",,,,,,,,MFIS December 2011,14.82200021,74.12562333,1238,FALSE,"1233, 1236",1017,TRUE,"1012, 1015",
1527,1553,3,12,2010,Andhra Pradesh,Spinner dolphin,Spinner dolphin,"13.8268, 80.27071","MMI message 416; posted by KS; original article in The Times of India 4 December 2010; http:--articles,timesofindia,indiatimes,com-2010-12-04-chennai-28245057_1_dolphin-turtles-rescue-vehicle",,,,,,,,,,,,,MMI-later,13.82604227,80.23850169,1239,FALSE,,1018,FALSE,,Remapped
674,1554,22,11,2010,Tamil Nadu,Blue whale,Blue whale,"13.0815305, 80.292059","Times of India Chennai 23 November 2010http:--timesofindia,indiatimes,com-city-chennai-Dead-blue-whale-found-at-the-Chennai-port-articleshow-6972531,cms; The Hindu 24 November 2010 http:--www,thehindu,com-sci-tech-energy-and-environment-article908004,ec","A dead 12-foot 12,6 metres? blue whale, weighing around 20 tonnes, found floating in the waters outside Chennai harbour, Seemed to have been killed by a propeller strike,55 ventral pleats,",,,,"13.0815305, 80.292059","13.0815305, 80.292059",,,,,,,MMI,13.0815305,80.292059,1241,FALSE,,1020,FALSE,,
1086,1555,22,11,2010,Tamil Nadu,Blue whale,Blue whale,,,,,,,"13.07030343, 80.2908299",80.2908299,,,,,,,"Sutaria et al., 2017",13.07030343,80.2908299,1242,TRUE,1241,1887,FALSE,,
675,1556,3,11,2010,Kerala,Blue whale,Blue whale,"10.0760115, 73.6303445999999","Mail adn images by JaferHisham on Nov 3 referred MMI correspondence dated Nov 5,2010 along wtih images, See also same entry by Nachiket Khelkar,","One whale washed ashore in kadmat island, See images,",,http://www.marinemammals.in/submit-record/bw.jpg http://www.marinemammals.in/submit-record/bw1.jpg http://www.marinemammals.in/submit-record/bw2.jpg http://www.marinemammals.in/submit-record/sw.4.png http://www.marinemammals.in/submit-record/bw3.jpg,,"10.0760115, 73.63034459999994","10.0760115, 73.63034459999994",,,,,,,MMI,10.0760115,73.6303446,1243,FALSE,,1021,FALSE,,
676,1557,3,11,2010,Kerala,Bryde's whale,Bryde's whale,"10.0760115, 73.6303445999999",Nachiket Kelkar,"female calf, 4,43 m long, mostly natural death, stranded dead at Kadmat island",,,,"10.0760115, 73.63034459999994","10.0760115, 73.63034459999994",,,,,,,MMI,10.0760115,73.6303446,1244,TRUE,1243,1888,FALSE,,
677,1558,3,11,2010,Lakshadweep islands,Minke whale*,Minke whale,"10.9258333, 72.2883332999999","E-mail from Charles AndersonRe: [marinemammalsofindia] Fw: Whale at Lakshadweep [5 Attachments]Saturday, 6 November, 2010 10 AMFrom:Dr, Charles Anderson\ ""","Your message to Kumaran Sathasivam was forwarded for comment[MMI messages nos, 403, 404; animal identified as Blue Whale or Bryde's Whale], I have replied to that, but wanted to contact you directly to say that this stranding looks to be a particularly",,,,"10.9258333, 72.28833329999998","10.9258333, 72.28833329999998",,,,,,,MMI,10.9258333,72.2883333,1245,FALSE,,1022,FALSE,,
678,1559,9,10,2010,Kerala,Risso's dolphin,Risso's dolphin,"10.0760115, 73.6303445999999",Jafer Hisham,-,,,,"10.0760115, 73.63034459999994","10.0760115, 73.63034459999994",,,,,,,MMI,10.0760115,73.6303446,1249,FALSE,,1026,FALSE,,
679,1560,12,8,2010,Sri Lanka,Fin whale*,Fin whale,"7.56335074544216, 79.7824308257812",whales & Dolphins Sri Lanka by Anouk Ilangakoon,Chilaw; single animal,,,,"7.563350745442163, 79.78243082578126","7.563350745442163, 79.78243082578126",,,,,,,MMI,7.563350745,79.78243083,1250,FALSE,,1027,FALSE,,
680,1561,3,8,2010,Tamil Nadu,Sperm whale,Sperm whale,"11.9138598, 79.8144721999999",Pictures by Auro Shashwat Jena; sent by Utpal Smart to KSMMI messages 359 to 364 by KS and Wojtek,Animal washed ashore at Pondicherry MMI message 359,,,,"11.9138598, 79.81447219999995","11.9138598, 79.81447219999995",,,,,,,MMI,11.91100541,79.83012179,1251,FALSE,,1028,FALSE,,
681,1562,2,8,2010,West Bengal,Indo-Pacific bottlenose dolphin,Bottlenose dolphin,"22.6041151, 88.3447281999999","Carcasses of Dolphins rise floating in Jatadhari river mouth in Orissa coasthttp:--www,orissadiary,com-CurrentNews,asp?id=20354; MMI message 373 from Muntaz Khan","Two carcases found at the mouth of the Jatadhari River, Orissa http:--www,orissadiary,com-CurrentNews,asp?id=20354",,,,"22.6041151, 88.34472819999996","22.6041151, 88.34472819999996",,,,,,,MMI,21.56455515,87.40847639,1252,FALSE,,1029,FALSE,,Remapped
1532,1563,25,5,2010,Andaman & Nicobar islands,Unidentified dolphin,Small-sized delphinid,,"Manas Biswas, Andaman Sheekhahttp:--www,andamans heekha,com-",,,,,,,,,,,,,MMI-later,,,1254,FALSE,,1031,FALSE,,
682,1564,17,4,2010,Tamil Nadu,Indo-Pacific finless porpoise,Indo-Pacific finless porpoise,"10.2670476739583, 79.3169801999999",MMI message 322,-,,,,"10.267047673958304, 79.31698019999999","10.267047673958304, 79.31698019999999",,,,,,,MMI,10.26996333,79.31094414,1255,FALSE,,1032,FALSE,,
683,1565,6,4,2010,Tamil Nadu,Dugong,Dugong,"10.4712288, 79.5753156","MMI message 315; http:--www,hindu,com-2010-04-08-stories-2010040861910600,htm","Adult dugong 600 to 700 kg, eight feet long, washed ashore at Rameswaram, Tamilnadu",,,,"10.4712288, 79.57531560000007","10.4712288, 79.57531560000007",,,,,,,MMI,10.4712288,79.5753156,1256,FALSE,,1033,FALSE,,
684,1566,29,3,2010,Tamil Nadu,Indo-Pacific bottlenose dolphin,Bottlenose dolphin,"13.0826802, 80.2707184","MMI Message 311 ,The Hindu, Tuesday, March 30, 2010City Edition, ChennaiPage 4,","Two Dolphins Washed AshoreNAGAPATTINAM: Two bottlenose dolphins were washed ashore near NambiyarNagar fishing habitation here on Monday,One of them was 2 m long with 49 cm girth and the other 91 cm long with 29 cm girth, According to V, Thirunavukarasu,",,,,"13.0826802, 80.27071840000008","13.0826802, 80.27071840000008",,,,,,,MMI,13.0826802,80.2707184,1257,FALSE,,1034,FALSE,,
685,1567,8,3,2010,Tamil Nadu,Sperm whale,Sperm whale,"11.9115082989681, 79.8319816604491","Utpal Smart, mmi message 366; http:--www,thehindu,com-2010-08-04-stories-2010080451750300,htm",A 37 foot long Sperm Whale washed ashore at Pondicherry,,,,"11.911508298968165, 79.83198166044917","11.911508298968165, 79.83198166044917",,,,,,,MMI,11.9115083,79.83198166,1258,FALSE,,1035,FALSE,,
686,1568,5,3,2010,Tamil Nadu,Dwarf sperm whale,Dwarf sperm whale,"10.4712288, 79.5753156","MMI message 290; http: http://www,thehindu,com/todays-paper/tp-national/tp-tamilnadu/Pygmy-sperm-whale-washed-ashore/article15997714,eceRavi, V,, & Murugan, S, 2010, On the Pygmy Sperm Whale Kogia breviceps Blainville, 1838 Stranded at Cuddalore Silver","Whale measuring 2,5 metres in length 68 cm wide, weighing 300 kg washed ashore at Silver Beach Cuddalore, Tamilnadu",,,,"10.4712288, 79.57531560000007","10.4712288, 79.57531560000007",,,,,,,MMI,10.4712288,79.5753156,1259,FALSE,,1036,FALSE,,
687,1569,12,2,2010,Tamil Nadu,Rough-toothed dolphin,Rough-toothed dolphin,"10.4712288, 79.5753156","MMI message 270; http:--www,hindu,com-2010-02-15-stories-2010021550350200,htm",-,,,,"10.4712288, 79.57531560000007","10.4712288, 79.57531560000007",,,,,,,MMI,10.4712288,79.5753156,1260,FALSE,,1037,FALSE,,
688,1570,16,1,2010,Gujarat,Dugong,Dugong,"22.4707019, 70.0577299999999","http:--timesofindia,indiatimes,com-city-surat-Dugong-found-dead-along-Jamnagar-coast-articleshow-5453856,cms","Jamnagar coast dead dugong washed ashore, 5 feet 4 inches long, 4 years old animal",,,,"22.4707019, 70.05772999999999","22.4707019, 70.05772999999999",,,,,,,MMI,22.4707019,70.05773,1262,FALSE,,1039,FALSE,,
689,1571,10,1,2010,Tamil Nadu,Sperm whale,Sperm whale,"12.3531546, 80.0590803999999","http:--www,hindu,com-2010-01-10-stories-2010011055000700,htm","30 feet long 16 feet wide, flippers 3,5 feet long, Paramankeni village near Marakka",,,,"12.3531546, 80.05908039999997","12.3531546, 80.05908039999997",,,,,,,MMI,12.34787638,80.06781607,1263,FALSE,,1040,FALSE,,
690,1572,,,2010,Kerala,Bryde's whale,Bryde's whale,"10.7911655099278, 75.8536028312499","http:--www,hindu,com-2011-06-08-stories-2011060859720400,htm",Four whales stranded along the Kerala coast in 2010 and 2011; species identified,,,,"10.791165509927852, 75.85360283124999","10.791165509927852, 75.85360283124999",,,,,,,MMI,10.79831196,75.90731058,1264,FALSE,,1041,FALSE,,
1534,1573,18,12,2009,Tamil Nadu,Sperm whale,Sperm whale,"8.12324, 77.31282","Dinamalar, 20 December 2009; mmi message 513",,,,,,,,,,,,,MMI-later,8.12324,77.31282,1265,FALSE,,1042,FALSE,,
691,1574,17,12,2009,Tamil Nadu,Sperm whale,Sperm whale,"10.3742087, 79.8576828","Arcottuthurai, Vedaranyam, 24 foot long, 8 to 10 ton whale washed ashore","http://www,hindu,com/2009/12/18/stories/2009121854930500,htm MMI message",,,,"10.3742087, 79.85768280000002","10.3742087, 79.85768280000002",,,,,,,MMI,10.37320207,79.87243976,1266,FALSE,,1043,FALSE,,
692,1575,1,12,2009,Andhra Pradesh,Unidentified,Unidentified,"17.6868159, 83.2184815","V, Balaji, MMI messages 242, 243, 244",-,,,,"17.6868159, 83.21848150000005","17.6868159, 83.21848150000005",,,,,,,MMI,17.6718861,83.29441007,1267,FALSE,,1044,FALSE,,Remapped
693,1576,1,12,2009,Andhra Pradesh,Unidentified,Unidentified,"15.7868636111892, 80.9711136376953","V, Balaji","Krishna Estuary, Andhra Pradesh, four kilometres inland",,,,"15.786863611189252, 80.97111363769534","15.786863611189252, 80.97111363769534",,,,,,,MMI,15.78686361,80.97111364,1268,FALSE,,1045,FALSE,,
694,1577,1,10,2009,Tamil Nadu,Unidentified dolphin,Small-sized delphinid,"11.9143534999999, 79.8635363734374","Chitrakka, MMI message 213",-,,,,"11.914353499999997, 79.86353637343746","11.914353499999997, 79.86353637343746",,,,,,,MMI,11.91668119,79.83304315,1273,FALSE,,1050,FALSE,,Remapped
695,1578,1,10,2009,Tamil Nadu,Unidentified dolphin,Small-sized delphinid,"13.0826802, 80.2707184","Chitrakka, MMI message 213","Madras, dolphin washed ashore",,,,"13.0826802, 80.27071840000008","13.0826802, 80.27071840000008",,,,,,,MMI,13.08109574,80.29630808,1274,FALSE,,1051,FALSE,,
1126,1579,17,9,2009,Karnataka,Sperm whale,Sperm whale,,,,,,,"14.84474331, 74.11487294",74.11487294,,,,,,,Naik et al 2010,14.84474331,74.11487294,1275,FALSE,,1052,FALSE,,
1539,1580,17,9,2009,Gujarat,Sperm whale,Sperm whale,"21.76318, 72.13717","Naik, U,G,, J,L, Rathod & S,B, Haragi 2010, Sperm whale Physeter macrocephalus stranded at Devbagh beach, Karwar, western coast of India, Journal of Threatened Taxa 212: 1338-1341, http:--www,threatenedtaxa,org-ZooPrintJournal-2010-November-naik,htmhttp",,,http://www.marinemammals.in/submit-record/sw.1.png http://www.marinemammals.in/submit-record/sw.2.png http://www.marinemammals.in/submit-record/sw.3.png http://www.marinemammals.in/submit-record/sw.4.png http://www.marinemammals.in/submit-record/sw.4.png,,,,,,,,,,MMI-later,21.74968584,72.26943098,1276,FALSE,,1053,FALSE,,Remapped
696,1581,1,9,2009,Pakistan,Blue whale,Blue whale,"25.0890318121604, 62.3210447029296","Gwader, Balochistan, Pakistan, http:--tech,groups,yahoo,com-group-marinemammalsofindia-message-205","Abdul Rahim Rahimmurad, MMI message 205,",,,,"25.089031812160492, 62.32104470292961","25.089031812160492, 62.32104470292961",,,,,,,MMI,25.08903181,62.3210447,1278,FALSE,,1055,FALSE,,
697,1582,1,9,2009,Karnataka,Sperm whale,Sperm whale,"14.8311239, 74.1250970999999","Karwar, http:--www,deccanherald,com-content-26064-humpback-whale-dies-karwar-beach,html,Refer Yahoo groups message #203 from Dipani sutaria, the first information is from Chaitanya Krishna","http://www,deccanherald,com/content/26064/humpback-whale-dies-karwar-beach,",,,,"14.8311239, 74.12509709999995","14.8311239, 74.12509709999995",,,,,,,MMI,14.8311239,74.1250971,1279,FALSE,,1056,FALSE,,
698,1583,11,8,2009,Goa,Small-sized delphinid,Small-sized delphinid,,"7-foot long dolphin has washed ashore, The carcass was later buried on the beach,","Information Source: - local newspaper Herald, Goa Published on 12 Aug 2009, Online Link of the article: - https://www,heraldgoa,in/The-Sunday-Roundtable/dolphin-washed-ashore-at-majorda-/31786",,,,"15.3091334583499, 73.900224332232515.309133458349987, 73.90022433223253","15.309133458349987, 73.90022433223253",,,,,,,MMI,15.30913346,73.90022433,1280,FALSE,,1057,FALSE,,
1057,1584,27,7,2009,Kerala,Bryde's whale,Bryde's whale,,,,,,,,,,,,,,,"George, Meenakshi, and Bijukuman 2011",8.42,76.95,1281,FALSE,,1058,FALSE,,
1056,1585,27,7,2009,Kerala,Indo-Pacific finless porpoise,Indo-Pacific finless porpoise,,,,,,,,,,,,,,,"George, Meenakshi, and Bijukuman 2011",8.422996741,76.95753912,1282,FALSE,,1059,FALSE,,
699,1586,11,7,2009,Andaman & Nicobar islands,Dugong,Dugong,,MMI message 262,One adult dugong washed ashore on Little Andaman Island,,,,,,,,,,,,MMI,,,1283,FALSE,,1060,FALSE,,
700,1587,25,6,2009,Kerala,Bryde's whale,Bryde's whale,"8.5241391, 76.9366376",Trivandrum,"MMI message 177, http://www,expressbuzz,com/edition/story,aspx?Title=The+sec",,,,"8.5241391, 76.93663760000004","8.5241391, 76.93663760000004",,,,,,,MMI,8.504460921,76.89022266,1284,FALSE,,1061,FALSE,,Remapped
1541,1588,1,6,2009,Tamil Nadu,Unidentified,Unidentified,"8.37647, 78.56252",MMI message 187,,,,,,,,,,,,,MMI-later,,,1285,TRUE,1286,1889,FALSE,,Remapped
701,1589,1,6,2009,Tamil Nadu,Unidentified dolphin,Small-sized delphinid,"8.3764707, 78.0562522","Dinathanthi, Tirunelveli edition, 26th June 2009","White coloured dolphin, Manapad",,,,"8.3764707, 78.05625220000002","8.3764707, 78.05625220000002",,,,,,,MMI,8.377673943,78.0585993,1286,FALSE,,1062,FALSE,,
1135,1590,23,5,2009,Tamil Nadu,Dugong,Dugong,,,,,,,"10.28389, 79.32908",79.32908,,,,,,,Balaji & Veeramuthu 2021,10.28389,79.32908,1287,FALSE,,1063,FALSE,,
1236,1591,25,4,2009,Kerala,Spinner dolphin,Spinner dolphin,,,,,,,"10.4442991448106, 76.0715552524507",,,,,,,,MFIS June2010,10.44429914,76.07155525,1288,FALSE,,1064,FALSE,,
702,1592,24,4,2009,Goa,Unidentified baleen whale,Unidentified baleen whale,,"No pictures available to confirm the ID of the species, Could be a baleen whale or a sperm whale? In search for pictures to confirm ID,","News Article Published in local newspaper Herald on 30 Apri 2009, Weblink of news article: - https://www,heraldgoa,in/Goa/The-Sunday-Roundtable/13metrelong-dead-whale-appears-off-palolem-beach/26984",,,,"14.9885010019106, 74.036988257917214.98850100191061, 74.0369882579172","14.98850100191061, 74.0369882579172",,,,,,,MMI,14.988501,74.03698826,1289,FALSE,,1065,FALSE,,
1087,1593,10,4,2009,Odisha,Bryde's whale,Bryde's whale,,,,,,,"19.30179988, 84.96552523",84.96552523,,,,,,,Sajan John et al,19.30179988,84.96552523,1290,FALSE,,1066,TRUE,1067,
703,1594,7,4,2009,Andaman & Nicobar islands,Killer whale,Killer whale,,Akshay Malavi,-,,http://www.marinemammals.in/submit-record/01.jpg http://www.marinemammals.in/submit-record/02.jpg http://www.marinemammals.in/submit-record/04.jpg http://www.marinemammals.in/submit-record/05.jpg,,,,,,,,,,MMI,,,1292,FALSE,,1068,FALSE,,
704,1595,1,4,2009,Andaman & Nicobar islands,Longman's beaked whale,Longman's beaked whale,,"http:--picasaweb,google,com-mithrarajkumar-BeakedwhaleApril2009#; MMI messages 367 and 368 from Wojtek","http:--picasaweb,google,com-mithrarajkumar-BeakedWhaleApril2009#",,,,,,,,,,,,MMI,,,1293,FALSE,,1069,FALSE,,
1543,1596,1,4,2009,Andaman & Nicobar islands,Longman's beaked whale,Longman's beaked whale,,"http:--picasaweb,google,com-mithrarajkumar-BeakedwhaleApril2009#; MMI messages 367 and 368 from Wojtek",,,,,,,,,,,,,MMI-later,,,1294,FALSE,,1070,FALSE,,
1544,1597,1,4,2009,Sri Lanka,Spinner dolphin,Spinner dolphin,"7.87305, 80.77179",Nithila Baskaran; mail to KS,,,,,,,,,,,,,MMI-later,,,1295,FALSE,,1071,FALSE,,Remapped
705,1598,15,2,2009,Gujarat,Indo-Pacific finless porpoise,Indo-Pacific finless porpoise,"20.7367219608805, 70.6877908539062",MMI message 338; Five photographs sent by Dhiresh Joshi,"Finless Porpose Neophocaena phocaenoides was beached on 15/02/09 somewhere near Khodinar, Gujarat,",,,,"20.736721960880512, 70.68779085390622","20.736721960880512, 70.68779085390622",,,,,,,MMI,20.74974641,70.68547017,1296,FALSE,,1072,FALSE,,Remapped
706,1599,10,2,2009,Odisha,Irrawaddy dolphin,Irrawaddy dolphin,"19.8449627, 85.4788065","Chilika Lake, Orissa, http:--groups,yahoo,com-group-marinemammalsofindia-photos-album-822062097-pic-list","Kumaran Sathasivam, MMI message 125",,,,"19.8449627, 85.47880650000002","19.8449627, 85.47880650000002",,,,,,,MMI,19.8449627,85.4788065,1297,FALSE,,1073,FALSE,,
707,1600,1,2,2009,Karnataka,Unidentified,Unidentified,"14.8184812, 74.1416127","Wojtek, MMI message 110, http://findarticles,com/p/news-articles/times-of-india-the/mi_8012/is_20090202/whale-rescued-fisherman-hubli/ai_n39534210/",-,,,,"14.8184812, 74.1416127","14.8184812, 74.1416127",,,,,,,MMI,14.81893653,74.1260537,1298,FALSE,,1074,FALSE,,Remapped
708,1601,1,2,2009,Gujarat,Unidentified dolphin,Small-sized delphinid,"22.5671141138253, 69.9039214062499","MMI messages 130, 131, 132, 135, 136","In a shocking incident, one of the most delicateecosystems along the Gujarat coast, the Marine National Parknear Jamnagar was jolted recently when a contractor used dynamite toextract the wreckage of a sunken ship,The explosion killed three endangered d",,,,"22.56711411382538, 69.90392140624999","22.56711411382538, 69.90392140624999",,,,,,,MMI,22.56711411,69.90392141,1299,FALSE,,1075,FALSE,,Off coast; KIA
709,1602,1,2,2009,Gujarat,Unidentified dolphin,Small-sized delphinid,"22.4707019, 70.0577299999999","Jamnagar, three dolphins killed","In the Marine National Park near Jamnagar a contractor used dynamite to extract t MMI messages 130, 131, 132, 135, 136 Kumaran Sat -",,,,"22.4707019, 70.05772999999999","22.4707019, 70.05772999999999",,,,,,,MMI,22.4707019,70.05773,1300,FALSE,,1076,TRUE,1075,
710,1603,1,1,2009,Maharashtra,Indian Ocean humpback dolphin,Humpback dolphin,"19.025121997406, 72.7996490515624","Washed ashore at Shivaji Park beach, Bombay","MMI message 90, http:--mahafreed,wordpress,com-2009-01-07-the-mystery-of-the-hump-backed-dolphin -",,,,"19.025121997406, 72.79964905156248","19.025121997406, 72.79964905156248",,,,,,,MMI,19.025122,72.79964905,1301,FALSE,,1077,FALSE,,
711,1604,,,2009,Maharashtra,Spinner dolphin,Spinner dolphin,"19.098821, 72.8320717","Three dolphins at Bombay: Juhu, Dadar, Vasai","MMI message 150, http://timesofindia,indiatimes,com/Mumbai/8-ft-long-dolphin-fo",,,,"19.098821, 72.83207170000003","19.098821, 72.83207170000003",,,,,,,MMI,19.098821,72.8320717,1302,FALSE,,1078,FALSE,,
712,1605,25,12,2008,Andaman & Nicobar islands,Dugong,Dugong,"11.8390293, 93.0322923","Neil Island, Andamans, female dugong slaughtered","Vardhan Patankar, MMI messages 83 to 87",,,,"11.8390293, 93.0322923","11.8390293, 93.0322923",,,,,,,MMI,11.8390293,93.0322923,1303,FALSE,,1079,FALSE,,
714,1606,1,12,2008,Kerala,Indian Ocean humpback dolphin,Humpback dolphin,"9.9312328, 76.2673041","Fort Kochi, Cochin, http:--i248,photobucket,com-albums-gg169-anushshetty-img_5027-1,jpg?t=1233553125","Anush Shetty, MMI messages 109, 114",,,,"9.9312328, 76.26730410000005","9.9312328, 76.26730410000005",,,,,,,MMI,9.9312328,76.2673041,1305,FALSE,,1081,FALSE,,
715,1607,26,11,2008,Tamil Nadu,Unidentified,Unidentified,"13.0826802, 80.2707184","Barathidasan, MMI yahoogroups messages 67, 73",-,,,,"13.0826802, 80.27071840000008","13.0826802, 80.27071840000008",,,,,,,MMI,13.0826802,80.2707184,1306,FALSE,,1082,FALSE,,
716,1608,26,11,2008,Tamil Nadu,Unidentified,Unidentified,"8.0883064, 77.5384507",Barathidasan,"Anumanathi Creek, near Kanyakumari",,,,"8.0883064, 77.5384507","8.0883064, 77.5384507",,,,,,,MMI,8.078109451,77.53847221,1307,FALSE,,1083,FALSE,,Remapped
717,1609,10,11,2008,Tamil Nadu,Spinner dolphin,Spinner dolphin,"8.73973468452878, 78.2089938148437","http:--www,hindu,com-2008-11-12-stories-2008111252860300,htm, MMI yahoogroups message 52","http://www,hindu,com/2008/11/12/stories/2008111252860300,htm, MMI yahoogro",,,,"8.739734684528782, 78.20899381484378","8.739734684528782, 78.20899381484378",,,,,,,MMI,8.745556501,78.21205411,1308,FALSE,,1084,FALSE,,
718,1610,1,8,2008,Kerala,Indian Ocean humpback dolphin,Humpback dolphin,"10.7965614851615, 75.8096575187499","Pillay, R,S,N, 1926 List of cetaceans taken in Travancore from 1902 to 1925,Journal of the Bombay Natural History Society, 313, 815-817,","Sotalia lentiginosa specimen measuring 2,15 m 7 feet 2 inches obtained from Travancore",,,,"10.796561485161536, 75.80965751874999","10.796561485161536, 75.80965751874999",,,,,,,MMI,,,1309,FALSE,,1085,FALSE,,Remapped
719,1611,11,4,2008,Karnataka,Rough-toothed dolphin,Rough-toothed dolphin,"14.7022042060213, 74.2546769263672","A 8�7�� long dolphin found dead at Belekeri, Identity confirmed by DNA analysis,","http:--www,expressbuzz,com-edition-story,aspx?Title=Dolphin+found+dead&artid=HNm UJIcYOpM=&SectionID=7GUA38txp3s=&MainSectionID=fyV9T2jIa4A=&SectionName=zkvyRoWG pmWSxZV2TGM5XQ==&SEO=, http:--www,oceansentry,org-lang-en-menu-news-menu-marine-mammals-137",,,,"14.702204206021397, 74.25467692636721","14.702204206021397, 74.25467692636721",,,,,,,MMI,14.70220421,74.25467693,1310,FALSE,,1086,FALSE,,
720,1612,1,3,2008,Tamil Nadu,Sei whale*,Sei whale,"8.76416609999999, 78.1348361","12 metre long whale washed ashore at Tuticorin, MMI message 186","The Hindu, 2nd March 1988, MMI messages 184, 186",,,,"8.764166099999999, 78.13483610000003","8.764166099999999, 78.13483610000003",,,,,,,MMI,8.748561327,78.18334133,1311,FALSE,,1087,FALSE,,Remapped
1545,1613,24,2,2008,Karnataka,Killer whale,Killer whale,"14.16926, 74.32722","Sighting by Ajey Patil,Photos are here:https://picasaweb,google,com/divegoa/OrcaSAtNetrani#5170258616995298530",,,http://www.marinemammals.in/submit-record/P1010050.jpg http://www.marinemammals.in/submit-record/P1010051.jpg http://www.marinemammals.in/submit-record/P1010052.jpg,,,,,,,,,,MMI-later,14.16926,74.32722,1313,TRUE,1312,1890,FALSE,,
722,1614,1,2,2008,Kerala,Indo-Pacific bottlenose dolphin,Bottlenose dolphin,"11.2587531, 75.78041","Pillay, R,S,N, 1926 List of cetaceans taken in Travancore from 1902 to 1925,Journal of the Bombay Natural History Society, 313, 815-817,;De Silva, P,H,D,H, 1987 Cetaceans whales, dolphins and porpoises recorded off Sri Lanka, India, from the Arab","Two specimens of Tursiops dawsoni purchased measuring 2,7 and 2,8 m 9 feet and 9 feet 4 inches by the Trivandrum museum; one skeleton in the British Museum Natural History",,,,"11.2587531, 75.78041000000007","11.2587531, 75.78041000000007",,,,,,,MMI,11.25498296,75.76975631,1314,FALSE,,1089,FALSE,,Remapped
723,1615,1,10,2007,Tamil Nadu,Unidentified,Unidentified,"13.0826802, 80.2707184","A,P, Gladston, e-mail to Kumaran Sathasivam, http://tech,groups,yahoo,com/group/marinemammalsofindia/message/16","- More details required, Possibly a young melon headed whale or a young risso's dolphin, waiting to get more info from Mr Gladston,",,http://www.marinemammals.in/submit-record/Gladstone1.jpg http://www.marinemammals.in/submit-record/gladstone2.jpg,,"13.0826802, 80.27071840000008","13.0826802, 80.27071840000008",,,,,,,MMI,13.0826802,80.2707184,1315,FALSE,,1090,FALSE,,
724,1616,1,10,2007,Tamil Nadu,Unidentified,Unidentified,"12.8968993, 80.2481897","Apparently the length of the animal was six feet http:--groups,yahoo,com-group-marinemammalsofindia-photos-album-789876855-pic-list","Stranding at Panayur, near Madras,",,,,"12.8968993, 80.24818970000001","12.8968993, 80.24818970000001",,,,,,,MMI,12.8968993,80.2481897,1316,FALSE,,1091,TRUE,1090,
725,1617,21,1,2007,Tamil Nadu,Spinner dolphin,Spinner dolphin,"12.993335, 80.26556","Kottivakkam beach, Madras http:--www,hindu,com-2007-01-22-stories-2007012218390200,htm","P, Oppili, The Hindu, 22 January 2007, http://www,hindu,com/2007/01/22/stories/2",,,,"12.993335, 80.26556000000005","12.993335, 80.26556000000005",,,,,,,MMI,12.99216123,80.27164346,1317,FALSE,,1092,FALSE,,
726,1618,15,9,2006,Maharashtra,Indo-Pacific finless porpoise,Indo-Pacific finless porpoise,"16.3492193, 73.5594128","Annie Kurian,2007,Silent wail of our marine life,Deccan Herald,Science and Technology page,17th July 2007Personal observation carried out in the year 2006,and is from the Sindhudurg district of Maharashtra",-,,http://www.marinemammals.in/submit-record/porpoise1.jpg http://www.marinemammals.in/submit-record/porpoise_stripping.jpg,,"16.3492193, 73.55941280000002","16.3492193, 73.55941280000002",,,,,,,MMI,16.32798535,73.39161363,1318,FALSE,,1093,FALSE,,Remapped
1059,1619,8,8,2006,Tamil Nadu,Blue whale,Blue whale,,,,,,,"9.272693462, 79.13463135",79.13463135,,,,,,,Jayshankar et al 2006 MFIS,9.272693462,79.13463135,1319,FALSE,,1094,TRUE,1095,
727,1620,8,8,2006,Tamil Nadu,Bryde's whale,Bryde's whale,"10.4712288, 79.5753156","P, Jayashankar, B, Anoop, V,V, Afsal and A, Rajagopala, 2006, Species and sex of two baleen whales identified from their skin tissues using molecular approach, MFIS T&E 190, October-December 2006,","Whale of total length 12 m stranded in Kundugal area, near Mandapam, on 8 Aug",,,,"10.4712288, 79.57531560000007","10.4712288, 79.57531560000007",,,,,,,MMI,10.4712288,79.5753156,1320,FALSE,,1095,FALSE,,
728,1621,8,8,2006,Kerala,Unidentified baleen whale,Unidentified baleen whale,"11.2374792, 75.7838859999999","V,V, Afsal and M, Rajagopalan, 2007, Stranding of whales along Gulf of Mannar and Palk Bay, MFIS T&E 191, January-March 2007, pp,25-26,","8 August 2006: Baleen whale of total length 12 m and weight 9 tonnes washed ashore at Kundugal, Decayed,",,,,"11.2374792, 75.78388599999994","11.2374792, 75.78388599999994",,,,,,,MMI,11.2374792,75.783886,1321,FALSE,,1096,TRUE,1095,
1091,1622,8,8,2006,Tamil Nadu,Unidentified baleen whale,Unidentified baleen whale,,,,,,,"9.257806968, 79.22131847",79.22131847,,,,,,,Afsal et al 2007,9.257806968,79.22131847,1322,FALSE,,1097,TRUE,1095,
729,1623,4,8,2006,Tamil Nadu,Unidentified baleen whale,Unidentified baleen whale,"8.7744444, 78.1977778","V,V, Afsal and M, Rajagopalan, 2007, Stranding of whales along Gulf of Mannar and Palk Bay, MFIS T&E 191, January-March 2007, pp,25-26,","4 August 2006: Balaenoptera whale washed ashore at Hare Island, Decomposed, therefore not identified,",,,,"8.7744444, 78.19777780000004","8.7744444, 78.19777780000004",,,,,,,MMI,8.774519688,78.199534,1323,FALSE,,1098,TRUE,1095,
1090,1624,4,8,2006,Tamil Nadu,Unidentified baleen whale,Unidentified baleen whale,,,,,,,"8.78888135, 78.19189057",78.19189057,,,,,,,Afsal et al 2007,8.78888135,78.19189057,1324,TRUE,1323,1891,FALSE,,
730,1625,17,7,2006,Tamil Nadu,Blue whale,Blue whale,"8.7816075, 79.6502104999999","P, Jayashankar, B, Anoop, V,V, Afsal and A, Rajagopala, 2006, Species and sex of two baleen whales identified from their skin tissues using molecular approach, MFIS T&E 190, October-December 2006, V, V, Afsal and M, Rajagopalan, 2007, Stranding of whale","Whale of 20 m total length on 17 July 2006, stranded at Kundugal, near Mandapa,",,,,"8.7816075, 79.65021049999996","8.7816075, 79.65021049999996",,,,,,,MMI,8.284148724,77.10882378,1325,FALSE,,1099,FALSE,,Remapped
1058,1626,17,7,2006,Tamil Nadu,Blue whale,Blue whale,,,,,,,"9.272693462, 79.13463135",79.13463135,,,,,,,Jayshankar et al 2006 MFIS,9.272693462,79.13463135,1326,FALSE,,1100,TRUE,1099,
1089,1627,17,7,2006,Tamil Nadu,Blue whale,Blue whale,,,,,,,"9.257806968, 79.22131847",79.22131847,,,,,,,Afsal et al 2007,9.257806968,79.22131847,1327,FALSE,,1101,TRUE,1099,
731,1628,29,6,2006,Tamil Nadu,Indo-Pacific bottlenose dolphin,Bottlenose dolphin,"13.1280161, 80.2969349999999","S, Mohan, S, Rajapackiam P, Poovannan, 2006, On the landing of hump-back and bottle-nose dolphin at Chennai Fisheries Harbour, MFIS T&E 189, July-September 2006, p, 25,","Four dolphins landed on 29 June 2006 and one on 20 July 2006 at Kasimedu Fisheries Harbour,",,,,"13.1280161, 80.29693499999996","13.1280161, 80.29693499999996",,,,,,,MMI,13.1280161,80.296935,1328,FALSE,,1102,FALSE,,
732,1629,17,6,2006,Tamil Nadu,Dugong,Dugong,"8.7816075, 79.6502104999999","V, V, Afsal and M, Rajagopalan, 2007, Report on dugong strandings along Gulf of Mannar, MFIS T&E 191, January-March 2007, p, 26,","Dugong found washed ashore at south seashore of Vedalai, along Gulf of Mannar on 17 June 2006,",,,,"8.7816075, 79.65021049999996","8.7816075, 79.65021049999996",,,,,,,MMI,8.284148724,77.10882378,1329,TRUE,1325,1892,FALSE,,Remapped
733,1630,9,6,2006,Gujarat,Dwarf sperm whale,Dwarf sperm whale,"21.1954060742698, 72.6260724609375",I was at the site and collected measurements and photographs,"Male, Adult,",,http://www.marinemammals.in/submit-record/Kogia_Sima-South_Gujarat_coast-June_9th_2006_-Sutaria_D.jpg,,"21.195406074269876, 72.62607246093751","21.195406074269876, 72.62607246093751",,,,,,,MMI,21.19412684,72.61665536,1330,FALSE,,1103,FALSE,,
734,1631,31,5,2006,Karnataka,Sperm whale,Sperm whale,"14.0063825, 74.5104394999999","Ganesh Bhatkal, 2006, On a Sperm whale Physeter macrocephalus washed ashore at Honnegadde, MFIS T&E 189, July-September 2006, p, 26,","Found washed ashore dead at Honnegadde landing centre, Uttara Kannada",,,,"14.0063825, 74.51043949999996","14.0063825, 74.51043949999996",,,,,,,MMI,14.00675701,74.50883519,1331,FALSE,,1104,FALSE,,
1108,1632,18,5,2006,West Bengal,Pan-tropical spotted dolphin,Pan-tropical spotted dolphin,,,,,,,"21.66676831, 87.71231208",87.71231208,,,,,,,Yennawar 2009,21.66676831,87.71231208,1332,FALSE,,1105,FALSE,,
1107,1633,16,5,2006,West Bengal,Irrawaddy dolphin,Irrawaddy dolphin,,,,,,,"21.67123607, 87.72355371",87.72355371,,,,,,,Yennawar 2009,21.67123607,87.72355371,1333,FALSE,,1106,FALSE,,
1106,1634,16,5,2006,West Bengal,Unidentified baleen whale,Unidentified baleen whale,,,,,,,"21.67123607, 87.72355371",87.72355371,,,,,,,Yennawar 2009,21.67123607,87.72355371,1334,FALSE,,1107,FALSE,,
735,1635,8,5,2006,Karnataka,Unidentified baleen whale,Unidentified baleen whale,"14.093993, 74.4898633","Ganesh Bhatkal, 2006, On a Sperm whale Physeter macrocephalus washed ashore at Honnegadde, MFIS T&E 189, p, 26,","Young baleen whale washed ashore on 8 May 2006 at Murudeswara landing centre,",,,,"14.093993, 74.48986330000002","14.093993, 74.48986330000002",,,,,,,MMI,14.09277016,74.48696673,1335,FALSE,,1108,FALSE,,
736,1636,1,5,2006,Tamil Nadu,Unidentified baleen whale,Unidentified baleen whale,"9.27703919999999, 79.1252174","V,V, Afsal and M, Rajagopalan, 2007, Stranding of whales along Gulf of Mannar and Palk Bay, MFIS T&E 191, January-March 2007, pp,25-26,","Male Balaenoptera found washed ashore at Mandapam on 1 May 2006, Highly decomposed, skeleton exposed at various parts, Total length 13,7 m, maximum girth 3,8 m, Estimated weight approximately 12 tonnes,",,,,"9.277039199999999, 79.1252174","9.277039199999999, 79.1252174",,,,,,,MMI,9.2770392,79.1252174,1336,FALSE,,1109,FALSE,,
1088,1637,1,5,2006,Tamil Nadu,Unidentified baleen whale,Unidentified baleen whale,,,,,,,"9.272613792, 79.13517949",79.13517949,,,,,,,Afsal et al 2007,9.272613792,79.13517949,1337,TRUE,1336,1893,FALSE,,
1105,1638,,5,2006,West Bengal,Fin whale,Fin whale,,,,,,,"21.66676831, 87.71231208",87.71231208,,,,,,,Yennawar 2009,21.66676831,87.71231208,1338,FALSE,,1110,FALSE,,
738,1639,20,3,2006,Tamil Nadu,Dugong,Dugong,"8.7816075, 79.6502104999999","V, V, Afsal and M, Rajagopalan, 2007, Report on dugong strandings along Gulf of Mannar, MFIS T&E 191, January-March 2007, p, 26,","Male sea cow Dugong dugon, 240 cm total length, 350 kg weight, stranded dead on 20 March 2006 at Kundhukal,",,,,"8.7816075, 79.65021049999996","8.7816075, 79.65021049999996",,,,,,,MMI,8.284148724,77.10882378,1340,FALSE,,1112,FALSE,,Remapped
739,1640,15,3,2006,Lakshadweep islands,Sperm whale,Sperm whale,"10.9258333, 72.2883332999999","Lakshadweep, Six pictures, Will be sent shortly","Varun, Lakshadweep Islands, MMI messages 100, 102, 103, 104",,,,"10.9258333, 72.28833329999998","10.9258333, 72.28833329999998",,,,,,,MMI,10.9258333,72.2883333,1341,FALSE,,1113,FALSE,,
740,1641,14,2,2006,Maharashtra,Unidentified baleen whale,Unidentified baleen whale,"18.9067031, 72.8147123","Miriam Paul Sreeram, Paramita Banerjee, J, R, Dias and Sujit Sundaram, 2006, Report on a baleen whale stranded at Colaba, Mumbai,MFIS T&E 188, April-June 2006, p, 21,","Carcase of baleen whale washed ashore at Pilot Bunder beach, Colaba, Mumbai on 14 February 2006 in highly putrefied condition, Total length 9,12 m approximately, Weight 15 tonnes,",,,,"18.9067031, 72.8147123","18.9067031, 72.8147123",,,,,,,MMI,18.9067031,72.8147123,1342,TRUE,1339,1894,FALSE,,
741,1642,20,1,2006,Tamil Nadu,Sperm whale,Sperm whale,"13.0826802, 80.2707184","V,V, Afsal and M, Rajagopalan, 2007, Stranding of whales along Gulf of Mannar and Palk Bay, MFIS T&E 191, January-March 2007, pp,25-26,",20 January 2006: a young male sperm whale Physeter macrocephalus stranded,,,,"13.0826802, 80.27071840000008","13.0826802, 80.27071840000008",,,,,,,MMI,13.0826802,80.2707184,1343,FALSE,,1114,FALSE,,
742,1643,27,12,2005,Tamil Nadu,Unidentified baleen whale,Unidentified baleen whale,"9.2876254, 79.3129291","V,V, Afsal and M, Rajagopalan, 2007, Stranding of whales along Gulf of Mannar and Palk Bay, MFIS T&E 191, January-March 2007, pp,25-26,","27 December 2005: female Balaenoptera found washed ashore at Narikuzhi, north of Rameswaram, decomposed, Total length 14,9 m, circumference 6,4 m, Approximate weight 15 to 20 tonnes, Tail injured, Pieces of net on tail,",,,,"9.2876254, 79.31292910000002","9.2876254, 79.31292910000002",,,,,,,MMI,9.2876254,79.3129291,1344,FALSE,,1115,FALSE,,
1092,1644,27,12,2005,Kerala,Unidentified baleen whale,Unidentified baleen whale,,,,,,,"8.304167613, 77.08220052",77.08220052,,,,,,,Afsal et al 2007,8.304167613,77.08220052,1345,FALSE,,1116,TRUE,1115,
743,1645,24,12,2005,Tamil Nadu,Indo-Pacific bottlenose dolphin,Bottlenose dolphin,"9.27703919999999, 79.1252174","V,V, Afsal and M, Rajagopalan, 2007, Report on stranding of dolphins, MFIS T& E 191, January-March 2007, p, 25,","A male bottlenose dolphin found in a highly decayed condition near CMFRI Jetty, Mandapam on 24 December 2005,",,,,"9.277039199999999, 79.1252174","9.277039199999999, 79.1252174",,,,,,,MMI,9.2770392,79.1252174,1346,FALSE,,1117,FALSE,,
744,1646,17,12,2005,Tamil Nadu,Indo-Pacific bottlenose dolphin,Bottlenose dolphin,"13.0815305, 80.292059","V,V, Afsal and M, Rajagopalan, 2007, Report on stranding of dolphins, MFIS T& E 191, January-March 2007, p, 25,","Bottlenose Dolphin Tursiops sp, of total length 2,43 m and weight 110 kg, Young one washed ashore at Arichalmunai, Dhanushkodi on 17 December 2005, Decayed,",,,,"13.0815305, 80.292059","13.0815305, 80.292059",,,,,,,MMI,13.07976026,80.29513953,1347,TRUE,1343,1895,FALSE,,
1102,1647,8,12,2005,Pakistan,Sperm whale,Sperm whale,,,,,,,,,,,,,,,"Gore et al., 2007",24.86,66.7,1348,FALSE,,1118,FALSE,,
745,1648,1,12,2005,Andaman & Nicobar islands,Risso's dolphin,Risso's dolphin,,"Photo sent by Manish Chandi to KS; MMI messages 376, 377, 378 and 379 sent by KS and �PeponocephalaPeter Rudolph and Manish Chandi","Cetacean carcase found at Little Nicobar One photograph in MMI 376; http:--tech,groups,yahoo,com-group-marinemammalsofindia-message-376?threaded=1&l=1",,,,,,,,,,,,MMI,,,1349,FALSE,,1119,FALSE,,
746,1649,24,11,2005,Karnataka,Unidentified baleen whale,Unidentified baleen whale,"14.0952059, 74.4955605","Ganesh Bhatkal, Anoop A, Krishnan, Prathiba Rohit and P, K, Krishnakumar, 2005, Stranding of two baleen whales Balaenoptera spp, at Murudeswara beach and Padukere, Karnataka coast, MFIS T&E 186, October-December 2005,, p, 8","Washed ashore dead at Murudeswara beach, Uttara Kannada districton 24 November 2005, Highly decomposed, Total length 18,3 m, maximum body diameter 2,4 m, weight estimated to be approximately 10 tonnes,",,,,"14.0952059, 74.49556050000001","14.0952059, 74.49556050000001",,,,,,,MMI,14.0967766,74.48604859,1350,FALSE,,1120,FALSE,,
747,1650,2,11,2005,Karnataka,Unidentified baleen whale,Unidentified baleen whale,"13.3347005477455, 74.6993990171386","Ganesh Bhatkal, Anoop A, Krishnan, Prathiba Rohit and P, K, Krishnakumar, 2005, Stranding of two baleen whales Balaenoptera spp, at Murudeswara beach and Padukere, Karnataka coast, MFIS T&E 186, October-December 2005, p, 8,","Washed ashore dead, decayed at Padukere, near Ramamandir, Udupi district on 2 November 2005, Total length 5,5 m, head and tail washed ashore separately from body,",,,,"13.334700547745502, 74.6993990171386","13.334700547745502, 74.6993990171386",,,,,,,MMI,13.33490705,74.70782147,1351,FALSE,,1121,FALSE,,
748,1651,19,9,2005,Gujarat,Blue whale,Blue whale,"23.2419997, 69.6669323999999","MMI message 303; skeleton exhibited at Hill Garden, Bhuj, Gujarat","74 feet long whale found at Sir Creek Gujarat; a sign at the entrance to the Hill Ga,",,,,"23.727839044939323, 68.19114328186356","23.727839044939323, 68.19114328186356",,,,,,,MMI,23.72783904,68.19114328,1352,FALSE,,1122,FALSE,,Remapped
749,1652,18,6,2005,Tamil Nadu,Indo-Pacific humpback dolphin,Humpback dolphin,"9.27703919999999, 79.1252174","Krishna Pillai, S,, Kasinathan, C, & Ramamoorthy, N, 1991 On the stranding of a dolphin Sousa chinensis from Mandapam region,Marine Fisheries Information Service Technical & Extension Series, 110, 11,","One female washed ashore at Mandapam Camp, Gulf of Mannar",,,,"9.277039199999999, 79.1252174","9.277039199999999, 79.1252174",,,,,,,MMI,9.2770392,79.1252174,1353,FALSE,,1123,FALSE,,
750,1653,5,6,2005,Kerala,Sei whale*,Sei whale,"9.9312328, 76.2673041","James, P,S,B,R, & Lal Mohan, R,S, 1987 The Marine Mammals of India,Marine Fisheries Information Service Technical & Extension Series, 71, 1-13, & Lal Mohan, 1987","A 13 m specimen stranded at Dhanushkodi Island its skeleton kept at the CMFRI,",,,,"9.9312328, 76.26730410000005","9.9312328, 76.26730410000005",,,,,,,MMI,9.9312328,76.2673041,1354,FALSE,,1124,FALSE,,
751,1654,8,5,2005,Tamil Nadu,Dugong,Dugong,"10.4712288, 79.5753156","Jones, S,1959 On a pair of captive dugongs Dugong dugong Erxleben,Journal of the Marine Biological Association of India, 1, 198-202,","Dead 1,10 m specimen at Adirampatnam",,,,"10.4712288, 79.57531560000007","10.4712288, 79.57531560000007",,,,,,,MMI,10.4712288,79.5753156,1355,FALSE,,1125,FALSE,,
752,1655,8,5,2005,Karnataka,Unidentified baleen whale,Unidentified baleen whale,"14.0952059, 74.4955605","Ganesh Bhatkal, 2006, Stranding of whale Balenoptera spp, at Murudeswara beach, Uttara Kannada district of Karnataka, MFIS T&E 188, April-June 2006, p, 21,","Baleen whale total length 55 feet, weight 5 tonnes washed ashore on 8 May 2006 at Murudeswara beach in partly decomposed state,",,,,"14.0952059, 74.49556050000001","14.0952059, 74.49556050000001",,,,,,,MMI,14.0967766,74.48604859,1356,FALSE,,1126,FALSE,,
753,1656,15,3,2005,Maharashtra,Blue whale,Blue whale,"19.0759837, 72.8776559","Pillay, R,S,N, 1926 List of cetaceans taken in Travancore from 1902 to 1925,Journal of the Bombay Natural History Society, 313, 815-817,","Specimen of Balaenoptera indica stranded at Rajakamangalam, south of the Mutt,",,,,"19.0759837, 72.87765590000004","19.0759837, 72.87765590000004",,,,,,,MMI,,,1358,FALSE,,1128,FALSE,,
1099,1657,18,1,2005,Tamil Nadu,Humpback dolphin,Humpback dolphin,,,,,,,"9.27889003, 79.31576484",79.31576484,,,,,,,Gandhi 2005 MFIS,9.27889003,79.31576484,1360,TRUE,1361,1896,FALSE,,
755,1658,18,1,2005,Tamil Nadu,Indo-Pacific humpback dolphin,Humpback dolphin,"9.2876254, 79.3129291","A, Gandhi, 2005, Ona humpback dolphin, Sousa chinensis washed ashore at Rameswaram landing centre along Palk Bay, MFIS T&E Series 183, p, 20,","Dead dolphin washed ashore at Rameswaram landing centre on 18 January 2005,",,,,"9.2876254, 79.31292910000002","9.2876254, 79.31292910000002",,,,,,,MMI,9.2876254,79.3129291,1361,FALSE,,1130,FALSE,,
756,1659,16,11,2004,Sri Lanka,Sperm whale,Sperm whale,"6.8390463, 79.86468",whales & Dolphins Sri Lanka by Anouk Ilangakoon,"Mt, Lavinia; single animal",,,,"6.8390463, 79.86468","6.8390463, 79.86468",,,,,,,MMI,6.8390463,79.86468,1362,FALSE,,1131,FALSE,,
1547,1660,1,10,2004,Kerala,Indo-Pacific bottlenose dolphin,Bottlenose dolphin,"11.2582833343017, 75.768207292955","Lydekker, R, 1905 On dolphins from Travancore,Journal of the Bombay Natural History Society, 164, 730-736,",,,,,,,,,,,,,MMI-later,11.25828333,75.76820729,1363,FALSE,,1132,FALSE,,
1548,1661,13,9,2004,Tamil Nadu,Spinner dolphin,Spinner dolphin,"8.7816, 79.65021","C, Kasinathan, P, Kannan and N, Ramamoorthy, 2005, On a Spinner dolphin, Stenella longirostris Gray washed ashore at Dhanushkodi along Gulf of Mannar, MFIS T&E Series 183, January-March 2005, p, 19,",,,,,,,,,,,,,MMI-later,8.284148724,77.10882378,1364,FALSE,,1133,FALSE,,Remapped
757,1662,21,8,2004,Maharashtra,Unidentified baleen whale,Unidentified baleen whale,"16.5518794, 73.3353862999999","C, J, Josekutty, K, B, Waghmare and B, N, Katkar, 2004, Stranding of a whale, Balaenoptera sp,, near Vijaydurg landing centre of Maharashtra coast, MFIS T&E Series 182, October-December 2004, p, 14,","Third week August 2004: decomposed body of whale stranded at Giyre village near Vijaydurg, Length 30 feet, maximum body diameter 12 feet, weight approximately 10 tonnes,",,,,"16.5518794, 73.33538629999998","16.5518794, 73.33538629999998",,,,,,,MMI,16.55772937,73.33243525,1366,FALSE,,1135,FALSE,,
758,1663,11,8,2004,Karnataka,Unidentified,Unidentified,"14.8184812, 74.1416127","Anoop A, Krishnan, Prathiba Rohit, A, P, Dineshbabu, T, Harish Nayak and S, Keparaju, 2004, Record of stranded whales along Karnataka coast, MFIS T&E Series 182, October-December 2004, p, 16,",-,,,,"14.8184812, 74.1416127","14.8184812, 74.1416127",,,,,,,MMI,14.81893653,74.1260537,1367,FALSE,,1136,FALSE,,Remapped
759,1664,11,8,2004,Karnataka,Unidentified,Unidentified,"13.3408807, 74.7421426999999","Anoop A, Krishnan, Prathiba Rohit, A, P, Dineshbabu, T, Harish Nayak and S, Keparaju, 2004, Record of stranded whales along Karnataka coast, MFIS T&E Series 182, October-December 2004, p, 16,",11 August 2004: decayed,,,,"13.3408807, 74.74214269999993","13.3408807, 74.74214269999993",,,,,,,MMI,13.33757801,74.70548438,1368,FALSE,,1137,TRUE,1136,Remapped
1125,1665,11,8,2004,Karnataka,Unidentified baleen whale,Unidentified baleen whale,,,,,,,"13.51418611, 74.6847881",74.6847881,,,,,,,Anoop et al 2004,13.51418611,74.6847881,1369,FALSE,,1138,TRUE,1136,
760,1666,19,7,2004,Sri Lanka,Sperm whale,Sperm whale,"6.4189175, 80.00597",whales & Dolphins Sri Lanka by Anouk Ilangakoon,Bentota; single animal,,,,"6.4189175, 80.00597","6.4189175, 80.00597",,,,,,,MMI,6.418401973,79.99575241,1370,FALSE,,1139,FALSE,,Remapped
761,1667,19,7,2004,Tamil Nadu,Spinner dolphin,Spinner dolphin,"9.27703919999999, 79.1252174","C, Kasinathan and P, Kannan, 2005, On a Spinner dolphin, Stenella longirostris Gray washed ashore at Mandapam, Gulf of Mannar, MFIS T&E Series 183, January-March 2005, p, 19,","Dead dolphin washed ashore at CMFRI Jetty on 19 July 2004,",,,,"9.277039199999999, 79.1252174","9.277039199999999, 79.1252174",,,,,,,MMI,9.2770392,79.1252174,1371,FALSE,,1140,FALSE,,
762,1668,13,4,2004,Karnataka,Unidentified,Unidentified,"14.8184812, 74.1416127","Anoop A, Krishnan, Prathiba Rohit, A, P, Dineshbabu, T, Harish Nayak and S, Keparaju, 2004, Record of stranded whales along Karnataka coast, MFIS T&E Series 182, October-December 2004, p, 16,",-,,,,"14.8184812, 74.1416127","14.8184812, 74.1416127",,,,,,,MMI,14.8156813,74.12588677,1372,TRUE,1367,1897,FALSE,,Remapped
763,1669,13,4,2004,Karnataka,Unidentified,Unidentified baleen whale,"13.1874029, 74.7541889","Anoop A, Krishnan, Prathiba Rohit, A, P, Dineshbabu, T, Harish Nayak and S, Keparaju, 2004, Record of stranded whales along Karnataka coast, MFIS T&E Series 182, October-December 2004, p, 16,",13 April 2004: dead,,,,"13.1874029, 74.75418890000003","13.1874029, 74.75418890000003",,,,,,,MMI,13.18625162,74.74738501,1373,FALSE,,1141,FALSE,,
1124,1670,13,4,2004,Karnataka,Unidentified baleen whale,Unidentified baleen whale,,,,,,,"13.13782615, 74.76056806",74.76056806,,,,,,,Anoop et al 2004,13.13782615,74.76056806,1374,TRUE,1373,1898,FALSE,,
764,1671,1,1,2004,Tamil Nadu,Unidentified baleen whale,Unidentified baleen whale,"8.1290297, 77.36402","Poduval, R,V, 1937 whalebone whale stranded on the Travancore coast,Journal of the Bombay Natural History Society, 393, 620,",A big whale stranded at Rajakkamangalam,,,,"8.1290297, 77.36402","8.1290297, 77.36402",,,,,,,MMI,8.118507672,77.36277334,1376,FALSE,,1143,FALSE,,Remapped
765,1672,9,12,2003,Tamil Nadu,Indo-Pacific humpback dolphin,Humpback dolphin,"9.51330119999999, 80.0311364","C, Kasinathan, A, Palanichamy, P, Villan and P, Kannan, 2004, On a hump-back dolphin Sousa chinensis washed ashore at Sangumal Palk Bay near Rameswaram, MFIS T&E Series 181, July-September 2004, pp, 14-15,","9 December 2003: carcase of female dolphin washed ashore at Sangumal, Total length 249 cm, weight 174 kg, Number of teeth on one side of upper jaw 34, on lower jaw 32, Fresh external wounds and blood stains, Possibility of collision with fishing boat,",,,,"9.513301199999999, 80.03113640000004","9.513301199999999, 80.03113640000004",,,,,,,MMI,9.256752581,79.3250084,1377,FALSE,,1144,FALSE,,Remapped
1551,1673,6,11,2003,Karnataka,Indo-Pacific finless porpoise,Indo-Pacific finless porpoise,"13.33711, 74.74659","Anoop A, Krishnan, P,K, Krishnakumar, Prathiba Rohit and G,D, Natarajan, 2004, On two Indo-Pacific finless porpoises Neophocaena phocaenoides landed at Malpe Fishing Harbour, Udupi district, Karnataka, MFIS T&E Series 182, October-December 2004, p, 13,",,,,,,,,,,,,,MMI-later,13.32906434,74.71149403,1378,FALSE,,1145,FALSE,,Remapped
767,1674,18,9,2003,Tamil Nadu,Dugong,Dugong,"8.7816075, 79.6502104999999","A, Raju, C, Kasinathan, M, Ramamoorthy and P, Villan, 2004, On the stranding of sea cow Dugong dugon at Mandapam along the Gulf of Mannar coast, MFIS T&E Series 181, July-September 2004, pp, 11-12,","18 September 2003: dead male sea cow, Total length 194 cm, approximately 125",,,,"8.7816075, 79.65021049999996","8.7816075, 79.65021049999996",,,,,,,MMI,8.284148724,77.10882378,1380,FALSE,,1147,FALSE,,Remapped
768,1675,1,9,2003,Gujarat,Sei whale*,Sei whale,"20.8681767, 71.3653795999999","K, V, S, Nair, Rekha Devi Chakraborty, H, M, Bhint and B, P, Thumber, 2004, Stranding of Sei whale Balaenoptera borealis Lesson at Jaffarabad coast, MFIS T&E Series 182, October-December 2004, p, 15,","Third week of September 2003: Female, highly decomposed, Total length 11,4 m,",,,,"20.8681767, 71.36537959999998","20.8681767, 71.36537959999998",,,,,,,MMI,20.85625081,71.38033626,1381,FALSE,,1148,FALSE,,Remapped
769,1676,1,8,2003,Maharashtra,Unidentified,Unidentified,"16.5518794, 73.3353862999999","C, J, Josekutty, K, B, Waghmare and B, N, Katkar, 2004, Stranding of a whale, Balaenoptera sp,, near Vijaydurg landing centre of Maharashtra coast, MFIS T&E Series 182, October-December 2004, p, 14,","Third week August 2004: decomposed body of whale stranded at Giyre village near Vijaydurg, Length 30 feet",,,,"16.5518794, 73.33538629999998","16.5518794, 73.33538629999998",,,,,,,MMI,16.5581467,73.33272738,1382,FALSE,,1149,FALSE,,
770,1677,18,7,2003,Maharashtra,Bryde's whale,Bryde's whale,"18.5575609582763, 72.9201503280029",KCRT,"Whale washed ashore at Revdanda, Alibaug, Skeleton has been mounted at a local hotel along with other information, Had been identified wrongly as a Blue whale,",,http://www.marinemammals.in/submit-record/IMG_20150625_124000.jpg http://www.marinemammals.in/submit-record/IMG_20150625_123925.jpg,,"18.55756095827634, 72.92015032800293","18.55756095827634, 72.92015032800293",,,,,,,MMI,18.55756096,72.92015033,1383,FALSE,,1150,FALSE,,
773,1678,1,1,2003,Kerala,Sei whale*,Sei whale,"9.9269588, 76.2590952","C, Kasinathan and N, Ramamoorthy, 2004, On a Sei whale Balaenoptera borealis stranded at Narikuzhi near Rameswaram along the Palk Bay coast, MFIS T&E Series 180, April-June 2004, p, 15,","1 January 2003: Male Sei Whale stranded at Narikuzhi near Rameswaram,",,,,"9.926958800000001, 76.25909520000005","9.926958800000001, 76.25909520000005",,,,,,,MMI,9.9269588,76.2590952,1386,FALSE,,1153,FALSE,,
1093,1679,1,1,2003,Tamil Nadu,Unidentified baleen whale,Unidentified baleen whale,,,,,,,,,,,,,,,Kasinathan and Ramamoorthy (2004),,,1387,FALSE,,1154,TRUE,1153,
775,1680,28,3,2002,Andaman & Nicobar islands,Spinner dolphin,Spinner dolphin,,Akshay Malavi,-,,http://www.marinemammals.in/submit-record/32.jpg http://www.marinemammals.in/submit-record/03.jpg http://www.marinemammals.in/submit-record/321.jpg http://www.marinemammals.in/submit-record/41.jpg,,,,,,,,,,MMI,,,1390,FALSE,,1157,FALSE,,
1109,1681,,1,2002,Gujarat,Indo-Pacific humpback dolphin,Humpback dolphin,,,,,,,,,,,,,,,Sutaria & Jefferson 2004,,,1392,FALSE,,1159,FALSE,,
1123,1682,21,12,2001,Karnataka,Blue whale,Blue whale,,,,,,,"13.39942226, 74.69698923",74.69698923,,,,,,,Anoop et al 2004,13.39942226,74.69698923,1393,FALSE,,1160,FALSE,,
1553,1683,21,12,2001,Karnataka,Blue whale,Blue whale,"13.33019, 74.67897","Anoop A, Krishnan, Prathiba Rohit, A, P, Dineshbabu, T, Harish Nayak and S, Keparaju, 2004, Record of stranded whales along Karnataka coast, MFIS T&E Series 182, October-December 2004, p, 16,",,,,,,,,,,,,,MMI-later,13.33240303,74.69046025,1394,FALSE,,1161,TRUE,1160,
777,1684,13,8,2001,Sri Lanka,Spinner dolphin,Spinner dolphin,"6.0288491, 80.7855746999999",whales & Dolphins Sri Lanka by Anouk Ilangakoon,Tangalle; single animal,,,,"6.0288491, 80.78557469999998","6.0288491, 80.78557469999998",,,,,,,MMI,6.019427809,80.79562049,1395,FALSE,,1162,FALSE,,
1094,1685,27,6,2001,Tamil Nadu,Unidentified baleen whale,Unidentified baleen whale,,,,,,,"9.308794119, 79.04958582",79.04958582,,,,,,,Gandhi and Kasinathan (2002),9.308794119,79.04958582,1396,FALSE,,1163,FALSE,,
778,1686,7,5,2001,Sri Lanka,Unidentified,Unidentified,"6.8390463, 79.8646834999999",whales & Dolphins Sri Lanka by Anouk Ilangakoon,"Mt, Lavinia; single animal; small cetacean; 6 feet long",,,,"6.8390463, 79.86468349999996","6.8390463, 79.86468349999996",,,,,,,MMI,6.8390463,79.8646835,1397,FALSE,,1164,FALSE,,
780,1687,28,3,2001,Kerala,Indo-Pacific bottlenose dolphin,Bottlenose dolphin,"8.5241391, 76.93663","Lydekker, R,1904 On two dolphins from Madras,Journal of the Bombay Natural History Society, 153, 408-414,","One specimen Tursiops catalania measuring 2,2 m 7 feet 4,5 inches stranded at Trivandrum",,,,"8.5241391, 76.93663","8.5241391, 76.93663",,,,,,,MMI,8.504460921,76.89022266,1399,FALSE,,1166,M,1165,Remapped
1554,1688,14,2,2001,Kerala,Indo-Pacific bottlenose dolphin,Bottlenose dolphin,"8.52487212086748, 76.8730722953688","Ferguson, H,S, 1903,On two cetaceans from Travancore with a note on the same by R, Lydekker,Journal of the Bombay Natural History Society, , 151 , 38-41,",,,,,,,,,,,,,MMI-later,8.524872121,76.8730723,1401,FALSE,,1168,FALSE,,
1095,1689,18,1,2001,Tamil Nadu,Humpback whale,Humpback whale,,,,,,,"8.07840797, 77.54671163",77.54671163,,,,,,,Sathasivam (2001),8.07840797,77.54671163,1403,FALSE,,1170,FALSE,,
782,1690,18,1,2001,Tamil Nadu,Humpback whale,Humpback whale,"7.82717380137675, 77.5384507","Sathasivam, K, 2001 Two whale records from Tamilnadu, Journal of the Bombay Natural History Society, accepted for publication,",A 15 m animal stranded in Kanyakumari district,,,,"7.827173801376757, 77.5384507","7.827173801376757, 77.5384507",,,,,,,MMI,8.081948952,77.52177873,1404,TRUE,1403,1899,FALSE,,Remapped
783,1691,10,1,2001,Karnataka,Unidentified,Unidentified,"14.1061616, 74.4989828999999","Uday V, Arghekar, 2001, MFIS T&E Series 169, July-August 2001, p, 13,","Stranding of a whale Balaenoptera sp, at Murdeshwar beach, Uttar Kannad district of Karnataka,",,,,"14.1061616, 74.49898289999999","14.1061616, 74.49898289999999",,,,,,,MMI,14.10604148,74.48604859,1405,FALSE,,1171,FALSE,,Remapped
784,1692,10,1,2001,Karnataka,Unidentified baleen whale,Unidentified baleen whale,"14.1061616, 74.4989828999999","Uday V, Arghekar, 2001, Stranding of a whale Balaenoptera sp, at Murdeshwar beach, Uttar Kannad district of Karnataka, MFIS T&E Series 169, July-August 2001, p, 13,","A baleen whale found washed ashore, dead, at Murdeshwar beach, north of Bhatkal on 10 January 2001, Reported to be dead, floating in the inshore waters of Honavar for about 1 week before this, Very decomposed, Total length 11,55 m, maximum body diameter",,,,"14.1061616, 74.49898289999999","14.1061616, 74.49898289999999",,,,,,,MMI,14.10712656,74.48604859,1406,TRUE,1405,1900,FALSE,,Remapped
1098,1693,14,11,2000,Tamil Nadu,Bryde's whale,Bryde's whale,,,,,,,"10.27449009, 79.82295499",79.82295499,,,,,,,Sathasivam (2001),10.27449009,79.82295499,1408,FALSE,,1173,TRUE,1174,
786,1694,14,11,2000,Tamil Nadu,Bryde's whale,Bryde's whale,"10.4712288, 79.5753156","Sathasivam, K, 2001 Two whale records from Tamilnadu, Journal of the Bombay Natural History Society, for publication,","A 12 m long animal stranded near Point Calimere,",,,,"10.4712288, 79.57531560000007","10.4712288, 79.57531560000007",,,,,,,MMI,10.4712288,79.5753156,1409,FALSE,,1174,FALSE,,
787,1695,14,11,2000,Sri Lanka,Sperm whale,Sperm whale,"6.0535185, 80.2209772999999",whales & Dolphins Sri Lanka by Anouk Ilangakoon,Kaluwella/Galle; single animal; 12 to 14 feet long,,,,"6.0535185, 80.22097729999996","6.0535185, 80.22097729999996",,,,,,,MMI,6.038291441,80.20675799,1410,FALSE,,1175,FALSE,,Remapped
788,1696,10,9,2000,Sri Lanka,Unidentified,Unidentified,"6.1465928, 80.1106800999999",whales & Dolphins Sri Lanka by Anouk Ilangakoon,Hikkaduwa; single animal; baleen whale,,,,"6.1465928, 80.11068009999997","6.1465928, 80.11068009999997",,,,,,,MMI,6.147633733,80.09958585,1411,FALSE,,1176,FALSE,,Remapped
1097,1697,23,8,2000,Tamil Nadu,Unidentified baleen whale,Unidentified baleen whale,,,,,,,"12.50545725, 80.16167722",80.16167722,,,,,,,Kasinathan (2002),12.50545725,80.16167722,1412,FALSE,,1177,FALSE,,
1096,1698,1,6,2000,Tamil Nadu,Unidentified baleen whale,Unidentified baleen whale,,,,,,,"8.789220642, 78.19231972",78.19231972,,,,,,,Balasubramaniam (2001),8.789220642,78.19231972,1413,FALSE,,1178,FALSE,,
789,1699,11,5,2000,Sri Lanka,Sperm whale,Sperm whale,"6.3771134, 80.0171609",whales & Dolphins Sri Lanka by Anouk Ilangakoon,Induruwa; single animal; 30 to 40 feet long,,,,"6.3771134, 80.01716090000002","6.3771134, 80.01716090000002",,,,,,,MMI,6.376501339,80.00777172,1414,FALSE,,1179,FALSE,,
790,1700,10,10,1999,Karnataka,Unidentified,Unidentified,"13.9977623, 74.5404694",,"Uday V, Arghekar, 2001, Stranding of a whale Balaenoptera sp, at Murdeshwar beach, Uttar Kannad district of Karnataka, MFIS T&E Series 169, July-August 2001, p, 13,",A whale washed ashore at Bhatkal on 10 October 1999.,,,"13.9977623, 74.5404694","13.9977623, 74.5404694",,,,,,,MMI,13.99323529,74.5139267,1416,FALSE,,1181,FALSE,,Remapped
791,1701,8,10,1999,Sri Lanka,Bryde's whale,Bryde's whale,"6.1428829, 81.1212307999999",,whales & Dolphins Sri Lanka by Anouk Ilangakoon,Mirijawila/Hambantota; single animal; 35 to 40 feet long,,,"6.1428829, 81.12123079999992","6.1428829, 81.12123079999992",,,,,,,MMI,6.12142497,81.12598445,1417,FALSE,,1182,FALSE,,Remapped
792,1702,1,10,1999,Karnataka,Unidentified baleen whale,Unidentified baleen whale,"13.9977623, 74.5404694",,"Uday V, Arghekar, 2001, Stranding of a whale Balaenoptera sp, at Murdeshwar beach, Uttar Kannad district of Karnataka, MFIS T&E Series 169, July-August 2001, p, 13,",A whale washed ashore at Bhatkal on 10 October 1999.,,,"13.9977623, 74.5404694","13.9977623, 74.5404694",,,,,,,MMI,13.99189981,74.5141771,1418,FALSE,,1183,TRUE,1181,Remapped
793,1703,21,7,1999,Sri Lanka,Blue whale,Blue whale,"5.9773782, 80.4288487",,whales & Dolphins Sri Lanka by Anouk Ilangakoon,Kaparatota/Weligama; single animal; female; 72 to 78 feet long.,,,"5.9773782, 80.4288487","5.9773782, 80.4288487",,,,,,,MMI,5.969848175,80.42886474,1419,FALSE,,1184,FALSE,,
794,1704,30,6,1999,Tamil Nadu,Long beaked common dolphin,Long-beaked common dolphin,"10.4712288, 79.5753156",,"Anonymous 1999c 42 dolphins washed ashore, The Hindu, Thursday, July 1, 1999, 4,;Anonymous 1999d Plan to conserve dolphins mooted, The Hindu, Friday, July 9, 1999, 5,",Forty-two specimens including young ones. identified as this species. washed ashore at Vellapatti village in Tuticorin district,,,"10.4712288, 79.57531560000007","10.4712288, 79.57531560000007",,,,,,,MMI,10.4712288,79.5753156,1420,FALSE,,1185,FALSE,,
795,1705,,,1999,Sri Lanka,Unidentified,Unidentified,"6.3132776, 80.0409177999999",,whales & Dolphins Sri Lanka by Anouk Ilangakoon,Ahungalla; single animal,,,"6.313277600000001, 80.04091779999999","6.313277600000001, 80.04091779999999",,,,,,,MMI,6.312732247,80.02813776,1421,FALSE,,1186,FALSE,,Remapped
796,1706,,,1999,Tamil Nadu,Unidentified,Unidentified,"6.3132776, 80.0409177999999",,whales & Dolphins Sri Lanka by Anouk Ilangakoon,Ahungalla; single animal,,,"6.313277600000001, 80.04091779999999","6.313277600000001, 80.04091779999999",,,,,,,MMI,6.316738682,80.02813776,1422,TRUE,1421,1901,FALSE,,Remapped
797,1707,5,1,1998,Andhra Pradesh,Sperm whale,Sperm whale,"15.7549497220939, 80.3536444921208","15.7549, 80.9952","Exact date of stranding unknown, Found from news article",,http://www.marinemammals.in/submit-record/10-08-2020-SpermWhale_Vetapalem_1998.jpg,,"15.7549, 80.9952","15.7549, 80.9952",,,,,,,MMI,15.7549,80.9952,1423,FALSE,,1187,FALSE,,
798,1708,,,1998,Tamil Nadu,Dwarf sperm whale,Dwarf sperm whale,"6.02123959999999, 80.2418898999999",,whales & Dolphins Sri Lanka by Anouk Ilangakoon,Rumassala-Galle; single animal; 3 feet 7 inches long,,,"6.021239599999999, 80.24188989999993","6.021239599999999, 80.24188989999993",,,,,,,MMI,6.0212396,80.2418899,1424,FALSE,,1188,TRUE,1186,
1113,1709,15,11,1997,Maharashtra,Indo-Pacific humpback dolphin,Humpback dolphin,,,,,,,"18.32831936, 72.95514406",72.95514406,,,,,,,Rao 1998,18.32831936,72.95514406,1425,FALSE,,1189,TRUE,1190,
799,1710,15,11,1997,Maharashtra,Unidentified dolphin,Small-sized delphinid,"18.3019604, 72.9726926999999",,"Ramnesh Rao, B, 1998 On the stranding of a dolphin at Janjira Murud, Raigad district, Maharashtra, Marine Fisheries Information Service Technical & Extension Series, 155, 1920,",One dead dolphin measuring about 2.5 m found at Janjira-Murud. Raigad District. Ramnesh Rao. B. 1998 On the stranding of a dolphin at Janjira 2009-12-13 21,,,"18.3019604, 72.97269269999993","18.3019604, 72.97269269999993",,,,,,,MMI,18.3019604,72.9726927,1426,FALSE,,1190,FALSE,,
1557,1711,14,10,1997,Andhra Pradesh,Long beaked common dolphin,Long-beaked common dolphin,"18.20046, 83.94896","Chandrakumar, N,P, 1998 Mass entanglement of dolphins in a shore seine near Balaramapuram, Srikakulam district, Andhra Pradesh, Marine Fisheries Information Service Technical & Extension Series, 155, 19,",,,,,,,,,,,,,MMI-later,18.20046,83.94896,1427,FALSE,,1191,FALSE,,
1558,1712,7,7,1997,Andhra Pradesh,Indo-Pacific bottlenose dolphin,Bottlenose dolphin,"16.98906, 82.24746","Venkataramana, P, & Achayya, P, 1998 On the capture of a Bottlenose dolphin off Kakinada, Marine Fisheries Information Service Technical & Extension Series, 155, 20,",,,,,,,,,,,,,MMI-later,16.97843896,82.28579003,1428,FALSE,,1192,FALSE,,Remapped
1559,1713,20,3,1997,Maharashtra,Long beaked common dolphin,Long-beaked common dolphin,"18.30196, 72.97269","Jadhav, D,G, & Rao, R,B, 1998 On the stranding of the Common dolphin Delphinus delphis at Murud Janjira, Marine Fisheries Information Service Technical & Extension Series, 152, 17,",,,,,,,,,,,,,MMI-later,18.30196,72.97269,1429,FALSE,,1193,FALSE,,
800,1714,11,3,1997,Sri Lanka,Short-finned pilot whale,Short-finned pilot whale,"6.9124745729265, 79.8297388120117",,whales & Dolphins Sri Lanka by Anouk Ilangakoon,Colpetty/Colombo; single animal; female; 13 feet 7 inches long,,,"6.9124745729265085, 79.82973881201178","6.9124745729265085, 79.82973881201178",,,,,,,MMI,6.913614046,79.84709697,1430,FALSE,,1194,FALSE,,
1560,1715,19,2,1997,Andaman & Nicobar islands,Dugong,Dugong,"11.74008, 92.65864","Das, H,S, & Dey, S,C, 1999 Observations on the Dugong, Dugong dugon Muller in the Andaman and Andaman & Nicobar islands, India,Journal of the Bombay Natural History Society, 962, 195-198,",,,,,,,,,,,,,MMI-later,,,1431,FALSE,,1195,FALSE,,Remapped
1561,1716,18,10,1996,Kerala,Blue whale,Blue whale,"11.25875, 75.78041","Anonymous 1987b Photograph of a live Sousa chinensis caught in gillnet operated off Calicut, Marine Fisheries Information Service Technical & Extension Series, 71, back cover,",,,,,,,,,,,,,MMI-later,11.25792925,75.76866212,1432,FALSE,,1196,FALSE,,Remapped
801,1717,28,9,1996,Karnataka,Unidentified baleen whale,Unidentified baleen whale,"14.6653087, 74.3000878",,"Kakati, V,S,1997 Stranding of a baleen whale,Marine Fisheries Information Service Technical & Extension Series, 147, 15,",Baleen whale carcass 16 m long floating near Keni. Harikantrawada. Ankola. Karnataka,,,"14.6653087, 74.30008780000003","14.6653087, 74.30008780000003",,,,,,,MMI,14.66543998,74.27562728,1433,FALSE,,1197,FALSE,,Remapped
1562,1718,18,9,1996,Kerala,Indian Ocean humpback dolphin,Humpback dolphin,"11.38781, 75.70037","Lal Mohan, R,S, 1996a Rivdolphinews 11, 8,an, 1996a",,,,,,,,,,,,,MMI-later,11.39145216,75.71416702,1434,FALSE,,1198,FALSE,,
1563,1719,6,7,1996,Kerala,Long beaked common dolphin,Long-beaked common dolphin,"11.25875, 75.78041","Lal Mohan, R,S, 1996b Police case against the fishermen for selling marine dolphins in Calicut, Kerala,Rivdolphinews 12, 4-5,",,,,,,,,,,,,,MMI-later,11.25598457,75.76883817,1435,FALSE,,1199,FALSE,,Remapped
1564,1720,12,12,1995,Tamil Nadu,Unidentified baleen whale,Unidentified baleen whale,"8.88306, 77.53845","Lal Mohan, R,S, 1996c Humpback Dolphin Sousa chinensis survey in Calicut coast, Kerala,Rivdolphinews 12, 5,",,,,,,,,,,,,,MMI-later,8.88306,77.53845,1436,FALSE,,1200,FALSE,,
802,1721,20,11,1995,Tamil Nadu,Fin whale*,Fin whale,"8.07844896162749, 77.5401673137695",,"Joel, J,J,, Ebenezer, I,P,, Paul Sigamony, P, & Prosper, A, 1996 On the stranding of a young Fin whale at Kanyakumari, Tamilnadu,Marine Fisheries Information Service Technical & Extension Series, 141, 19,",6.8m specimen stranded on rocks at Kanyakumari,,,"8.078448961627492, 77.54016731376953","8.078448961627492, 77.54016731376953",,,,,,,MMI,8.078448962,77.54016731,1437,FALSE,,1201,FALSE,,
803,1722,11,11,1995,West Bengal,Indo-Pacific bottlenose dolphin,Bottlenose dolphin,"21.6266172, 87.5074314999999",,"Kar, S,K, 1996 On a Bottle-nose dolphin and turtle stranded at Digha, West Bengal,Marine Fisheries Information Service Technical & Extension Series, 142, 17,",One washed ashore at Digha fish landing centre. Midnapore district. West Bengal,,,"21.6266172, 87.50743149999994","21.6266172, 87.50743149999994",,,,,,,MMI,21.61889243,87.50955541,1438,FALSE,,1202,FALSE,,
804,1723,29,10,1995,Kerala,Blue whale,Blue whale,"10.4022112, 76.1029065",,"Baby, K,G, 1996a On the stranding of a Blue whale Balaenoptera musculus at Valappad beach, southwest coast of India,Marine Fisheries Information Service Technical & Extension Series, 141, 20",10.489 kg of this species landed at Fisheries Harbour. Cochin.,,,"10.4022112, 76.10290650000002","10.4022112, 76.10290650000002",,,,,,,MMI,10.4022112,76.1029065,1439,FALSE,,1203,FALSE,,
805,1724,15,9,1995,Tamil Nadu,Indo-Pacific humpback dolphin,Humpback dolphin,"8.7816075, 79.6502104999999",,"Lipton, A,P,, Diwan, A,D, Reghunathan, A, & Kasinathan, C, 1995 Frequent strandings of dolphins and whales along the Gulf of Mannar Coast,Marine Fisheries Information Service Technical & Extension Series, 138, 11-14, et al,, 1995",Putrefied carcass at Seeniappa Dharga. Gulf of Mannar,,,"8.7816075, 79.65021049999996","8.7816075, 79.65021049999996",,,,,,,MMI,8.284148724,77.10882378,1440,FALSE,,1204,TRUE,1205,Remapped
1116,1725,15,9,1995,Tamil Nadu,Indo-Pacific humpback dolphin,Humpback dolphin,,,,,,,"9.283120057, 79.12531968",79.12531968,,,,,,,Krishna Pillai & Lipton 1996,9.283120057,79.12531968,1441,FALSE,,1205,FALSE,,
1150,1726,14,9,1995,Karnataka,Indo-Pacific finless porpoise,Indo-Pacific finless porpoise,,,,,,,"12.81081, 74.84075",74.84075,,,,,,,Muthiah 1995,12.81081,74.84075,1442,TRUE,1443,1902,FALSE,,
806,1727,14,9,1995,Karnataka,Indo-Pacific finless porpoise,Indo-Pacific finless porpoise,"12.8053759, 74.8601539",,"Muthiah, C, 1995 Baleen whale and a porpoise stranded at Ullal, near Mangalore,Marine Fisheries Information Service Technical & Extension Series, 140, 10,",,,,"12.8053759, 74.8601539","12.8053759, 74.8601539",,,,,,,MMI,12.80488908,74.84343512,1443,FALSE,,1206,FALSE,,Remapped
807,1728,14,9,1995,Karnataka,Unidentified baleen whale,Unidentified baleen whale,"12.8053759, 74.8601539",,"Muthiah, C, 1995 Baleen whale and a porpoise stranded at Ullal, near Mangalore,Marine Fisheries Information Service Technical & Extension Series, 140, 10,",12 m long Balaenoptera sp. whale stranded at Ullal. near Mangalore,,,"12.8053759, 74.8601539","12.8053759, 74.8601539",,,,,,,MMI,12.80488908,74.84343512,1444,FALSE,,1207,FALSE,,Remapped
1565,1729,27,2,1995,Gujarat,Common dolphin,Common dolphin,"22.43268, 68.99255","It was an individual, most likely a male, who may have floated into the deep ocean, No measurements could be recorded because the carcass was not located again,",,,http://www.marinemammals.in/submit-record/05-03-2023-IMG-20230227-WA0005.jpg http://www.marinemammals.in/submit-record/05-03-2023-IMG-20230227-WA0009.jpg http://www.marinemammals.in/submit-record/05-03-2023-IMG-20230227-WA0006.jpg http://www.marinemammal,,,,,,,,,,MMI-later,22.43268,68.99255,1445,FALSE,,1208,FALSE,,
808,1730,9,1,1995,Tamil Nadu,Indo-Pacific bottlenose dolphin,Bottlenose dolphin,"8.7816075, 79.6502104999999",,"Lipton, A,P,, Diwan, A,D, Reghunathan, A, & Kasinathan, C, 1995 Frequent strandings of dolphins and whales along the Gulf of Mannar Coast,Marine Fisheries Information Service Technical & Extension Series, 138, 11-14, et al,, 1995",One carcass found near Mandapam,,,"8.7816075, 79.65021049999996","8.7816075, 79.65021049999996",,,,,,,MMI,8.284148724,77.10882378,1446,FALSE,,1209,FALSE,,Remapped
1566,1731,9,1,1995,Tamil Nadu,Indo-Pacific bottlenose dolphin,Bottlenose dolphin,"8.7816, 79.65021","Lipton, A,P,, Diwan, A,D, Reghunathan, A, & Kasinathan, C, 1995 Frequent strandings of dolphins and whales along the Gulf of Mannar Coast,Marine Fisheries Information Service Technical & Extension Series, 138, 11-14, et al,, 1995",,,,,,,,,,,,,MMI-later,8.283272316,77.10970018,1447,TRUE,1446,1903,FALSE,,Remapped
809,1732,1,12,1994,Sri Lanka,Minke whale*,Minke whale,"6.5186103, 79.9947955999999",,whales & Dolphins Sri Lanka by Anouk Ilangakoon,Payagala; single animal; 25 to 28 feet long,,,"6.5186103, 79.99479559999997","6.5186103, 79.99479559999997",,,,,,,MMI,6.5186103,79.9947956,1448,FALSE,,1210,FALSE,,
810,1733,25,11,1994,Tamil Nadu,Blue whale,Blue whale,"8.7816075, 79.6502104999999",,"Lipton, A,P,, Diwan, A,D, Reghunathan, A, & Kasinathan, C, 1995 Frequent strandings of dolphins and whales along the Gulf of Mannar Coast,Marine Fisheries Information Service Technical & Extension Series, 138, 11-14, et al,, 1995",Carcass 13.30 m long found at Dhanushkodi.,,,"8.7816075, 79.65021049999996","8.7816075, 79.65021049999996",,,,,,,MMI,8.7816075,79.6502105,1449,FALSE,,1211,FALSE,,
1122,1734,25,11,1994,Tamil Nadu,Blue whale,Blue whale,,,,,,,,,,,,,,,Lipton et al 1995,,,1450,FALSE,,1212,FALSE,,
811,1735,13,10,1994,Tamil Nadu,Unidentified baleen whale,Unidentified baleen whale,"8.7816075, 79.6502104999999",,"Lipton, A,P,, Diwan, A,D, Reghunathan, A, & Kasinathan, C, 1995 Frequent strandings of dolphins and whales along the Gulf of Mannar Coast,Marine Fisheries Information Service Technical & Extension Series, 138, 11-14, et al,, 1995",A 12 m carcass found at Vedalai. Gulf of Mannar,,,"8.7816075, 79.65021049999996","8.7816075, 79.65021049999996",,,,,,,MMI,8.7816075,79.6502105,1451,FALSE,,1213,FALSE,,
812,1736,15,9,1994,Tamil Nadu,Indo-Pacific humpback dolphin,Humpback dolphin,"8.7816075, 79.6502104999999",,"Lipton, A,P,, Diwan, A,D, Reghunathan, A, & Kasinathan, C, 1995 Frequent strandings of dolphins and whales along the Gulf of Mannar Coast,Marine Fisheries Information Service Technical & Extension Series, 138, 11-14, et al,, 1995",Carcass at Mandapam Camp. Gulf of Mannar,,,"8.7816075, 79.65021049999996","8.7816075, 79.65021049999996",,,,,,,MMI,8.7816075,79.6502105,1452,FALSE,,1214,TRUE,1215,
1115,1737,15,9,1994,Tamil Nadu,Indo-Pacific humpback dolphin,Humpback dolphin,,,,,,,"9.283120057, 79.12531968",79.12531968,,,,,,,"Krishna Pillai et al., 1991",9.283120057,79.12531968,1453,FALSE,,1215,FALSE,,
813,1738,11,9,1994,Tamil Nadu,Unidentified baleen whale,Unidentified baleen whale,"9.13532724519878, 78.6699956843749",,"Lipton, A,P,, Diwan, A,D, Reghunathan, A, & Kasinathan, C, 1995 Frequent strandings of dolphins and whales along the Gulf of Mannar Coast,Marine Fisheries Information Service Technical & Extension Series, 138, 11-14, et al,, 1995",A carcass found at Valinokkam Bay Gulf of Mannar,,,"9.135327245198782, 78.66999568437495","9.135327245198782, 78.66999568437495",,,,,,,MMI,9.135327245,78.66999568,1454,FALSE,,1216,FALSE,,
1119,1739,16,2,1994,Tamil Nadu,Indo-Pacific humpback dolphin,Humpback dolphin,,,,,,,"8.760216564, 78.20921809",78.20921809,,,,,,,Kasim et al. 1994,8.760216564,78.20921809,1455,FALSE,,1217,FALSE,,
814,1740,,,1994,Sri Lanka,Sperm whale,Sperm whale,"6.0535185, 80.2209772999999",,whales & Dolphins Sri Lanka by Anouk Ilangakoon,Galle face/Colombo; single animal,,,"6.0535185, 80.22097729999996","6.0535185, 80.22097729999996",,,,,,,MMI,6.0535185,80.2209773,1456,FALSE,,1218,FALSE,,
815,1741,,,1994,Sri Lanka,Sperm whale,Sperm whale,"6.85594849999999, 79.8629682999999",,whales & Dolphins Sri Lanka by Anouk Ilangakoon,Dehiwala; single animal,,,"6.855948499999999, 79.86296829999992","6.855948499999999, 79.86296829999992",,,,,,,MMI,6.8559485,79.8629683,1457,FALSE,,1219,FALSE,,
816,1742,,,1994,Sri Lanka,Unidentified baleen whale,Unidentified baleen whale,"6.886473, 79.8562825999999",,whales & Dolphins Sri Lanka by Anouk Ilangakoon,Bambalapitiya,,,"6.886473, 79.85628259999999","6.886473, 79.85628259999999",,,,,,,MMI,6.886473,79.8562826,1458,TRUE,1457,1904,FALSE,,
817,1743,2,5,1993,Kerala,Blue whale,Blue whale,"9.8393572, 76.2739795",,"James, P,S,B,R,, Menon, N,G,, & Pillai, N,G,K, 1993 On a Blue whale, Balaenoptera musculus stranded at Chellanam, Cochin,Marine Fisheries Information Service Technical & Extension Series, 122, 23-24,",26 m specimen stranded at Chellanam. Cochin.,,,"9.8393572, 76.2739795","9.8393572, 76.2739795",,,,,,,MMI,9.8393572,76.2739795,1459,FALSE,,1220,FALSE,,
1567,1744,28,4,1993,Andhra Pradesh,Indo-Pacific bottlenose dolphin,Bottlenose dolphin,"16.98906, 82.24746","Nageswara Rao, T, & Venkata Raman, P, 1994 On the landing of Bottlenose dolphin Tursiops truncatus at Kakinada,Marine Fisheries Information Service Technical & Extension Series, 127, 16,",,,,,,,,,,,,,MMI-later,16.98906,82.24746,1460,FALSE,,1221,FALSE,,
1569,1745,,,1993,Kerala,False killer whale,False killer whale,"11.22642, 75.7035","Lal Mohan, R,S, 1995 Age determination of dolphins entangled in gillnets along the Kerala coast,Journal of the Bombay Natural History Society, 921, 77-80,an, 1995",,,,,,,,,,,,,MMI-later,11.22642,75.7035,1461,FALSE,,1222,FALSE,,
1573,1746,,,1993,Kerala,Indian Ocean humpback dolphin,Humpback dolphin,"11.25336, 75.76255","Lal Mohan, R,S, 1995 Age determination of dolphins entangled in gillnets along the Kerala coast,Journal of the Bombay Natural History Society, 921, 77-80,an, 1995",,,,,,,,,,,,,MMI-later,11.25336,75.76255,1462,FALSE,,1223,FALSE,,
1570,1747,,,1993,Kerala,Indo-Pacific bottlenose dolphin,Bottlenose dolphin,"9.93123, 76.2673","Lal Mohan, R,S, 1995 Age determination of dolphins entangled in gillnets along the Kerala coast,Journal of the Bombay Natural History Society, 921, 77-80,an, 1995",,,,,,,,,,,,,MMI-later,9.93123,76.2673,1463,FALSE,,1224,FALSE,,
818,1748,,,1993,Kerala,Indo-Pacific finless porpoise,Indo-Pacific finless porpoise,"10.8073531448614, 75.8096575187499",,"Lal Mohan, R,S, 1995 Age determination of dolphins entangled in gillnets along the Kerala coast,Journal of the Bombay Natural History Society, 921, 77-80,an, 1995",-,,,"10.807353144861473, 75.80965751874999","10.807353144861473, 75.80965751874999",,,,,,,MMI,10.80735314,75.80965752,1464,FALSE,,1225,FALSE,,
1568,1749,,,1993,Kerala,Indo-Pacific finless porpoise,Indo-Pacific finless porpoise,"10.80735, 75.80965","Lal Mohan, R,S, 1995 Age determination of dolphins entangled in gillnets along the Kerala coast,Journal of the Bombay Natural History Society, 921, 77-80,an, 1995",,,,,,,,,,,,,MMI-later,10.80735,75.80965,1465,TRUE,1464,1905,FALSE,,
1571,1750,,,1993,Kerala,Long beaked common dolphin,Long-beaked common dolphin,"9.93123, 76.2673","Lal Mohan, R,S, 1995 Age determination of dolphins entangled in gillnets along the Kerala coast,Journal of the Bombay Natural History Society, 921, 77-80,an, 1995",,,,,,,,,,,,,MMI-later,9.93123,76.2673,1466,FALSE,,1226,FALSE,,
1572,1751,,,1993,Kerala,Spinner dolphin,Spinner dolphin,"11.25875, 75.73646","Lal Mohan, R,S, 1995 Age determination of dolphins entangled in gillnets along the Kerala coast,Journal of the Bombay Natural History Society, 921, 77-80,an, 1995",,,,,,,,,,,,,MMI-later,11.25875,75.73646,1467,FALSE,,1227,FALSE,,
1574,1752,25,10,1992,Tamil Nadu,Indo-Pacific finless porpoise,Indo-Pacific finless porpoise,"9.27703, 79.12521","Nammalwar, P,, Lipton, A,P,, Krishna Pillai, S,, Maheswarudu, G,, Kasinathan, C,, Bose, M,, Ramamoorthy, N, & Thillairajan, P, 1994 Instances of Finless Black Porpoise Neophocaena phocaenoides caught in Mandapam region along the Palk Bay coast in Tamiln",,,,,,,,,,,,,MMI-later,9.27703,79.12521,1468,FALSE,,1228,FALSE,,
1575,1753,6,8,1992,Tamil Nadu,False killer whale,False killer whale,"8.53274, 78.12957","Mohamad Kasim, H,, Ameer Hamsa, K,M,S, & Balasubramanian, T,S, 1993 On an accidental landing of False killer whale Pseudorca crassidens by drift gillnet off Veerapandianpatnam, Gulf of Mannar,Marine Fisheries Information Service Technical & Extension Se",,,,,,,,,,,,,MMI-later,8.53274,78.12957,1469,FALSE,,1229,FALSE,,
1576,1754,13,4,1992,Andhra Pradesh,Indo-Pacific bottlenose dolphin,Bottlenose dolphin,"17.68681, 83.21848","Chandrasekar, M,, Chittibabu, K,, Achayya, P,, Prabhakar, R,V,D, & Vijayakumaran K, 1993 On the landing of a young Bottlenose dolphin at Visakhapatnam,Marine Fisheries Information Service Technical & Extension Series, 122, 24-25,",,,,,,,,,,,,,MMI-later,17.68681,83.21848,1470,FALSE,,1230,FALSE,,
819,1755,10,4,1992,Tamil Nadu,Long beaked common dolphin,Long-beaked common dolphin,"10.4712288, 79.5753156",,"Krishna Pillai, S, & Lipton, A,P, 1996 Dolphin killed by the propeller of a trawler,Marine Fisheries Information Service Technical & Extension Series, 141, 18,",One male with tail severed washed ashore at Mandapam,,,"10.4712288, 79.57531560000007","10.4712288, 79.57531560000007",,,,,,,MMI,10.4712288,79.5753156,1471,FALSE,,1231,FALSE,,
820,1756,29,1,1992,Tamil Nadu,Indo-Pacific finless porpoise,Indo-Pacific finless porpoise,"11.5084474, 79.7568106999999",,"Kumaran, PL, & Subramanian, AN, 1993 First record of an endangered Indo-Pacific finless porpoise Neophocaena phocaenoides from Porto Novo, southeast coast of India,Journal of the Marine Biological Association of India, 35, 207-209, & Subramanian, 1993",-,,,"11.5084474, 79.75681069999996","11.5084474, 79.75681069999996",,,,,,,MMI,11.5084474,79.7568107,1472,FALSE,,1232,FALSE,,
821,1757,20,1,1992,Tamil Nadu,Sei whale*,Sei whale,"9.51330119999999, 80.0311364",,"Nammalwar, P,, Marichamy, R,, Raju, A,, Jayaprakash, A,A,, Kasinathan, C,, Ramamoorthy, N, & Sethuraman, V, 1992 On the stranding of Sei whale Balaenoptera borealis Lesson at Mandapam along the Palk Bay coast,Marine Fisheries Information Service Technic",One 14 m female washed ashore at Theedai. near Mandapam Camp,,,"9.513301199999999, 80.03113640000004","9.513301199999999, 80.03113640000004",,,,,,,MMI,9.5133012,80.0311364,1473,FALSE,,1233,FALSE,,
822,1758,1,1,1992,Tamil Nadu,Indo-Pacific finless porpoise,Indo-Pacific finless porpoise,"9.51330119999999, 80.0311364",,"Ganapathy, A, 1992 On a porpoise Neophocaena phocaenoides stranded along Palk Bay coast, near Thondi, Tamilnadu,Marine Fisheries Information Service Technical & Extension Series, 117, 17,",-,,,"9.513301199999999, 80.03113640000004","9.513301199999999, 80.03113640000004",,,,,,,MMI,9.5133012,80.0311364,1474,FALSE,,1234,FALSE,,
1149,1759,,1,1992,Tamil Nadu,Indo-Pacific finless porpoise,Indo-Pacific finless porpoise,,,,,,,"9.74028, 79.19969",79.19969,,,,,,,Ganpathy 1992,9.74028,79.19969,1475,FALSE,,1235,TRUE,1234,
1577,1760,,,1992,Kerala,Unidentified dolphin,Small-sized delphinid,"8.89321, 76.61413","Alling, A, 1986 Records of odontocetes in the northern Indian Ocean 1981-1982 and off the coast of Sri Lanka 1982-1984, Journal of the Bombay Natural History Society, 832, 376-394,, 1986",,,,,,,,,,,,,MMI-later,8.89321,76.61413,1476,FALSE,,1236,FALSE,,
1578,1761,21,8,1991,Andhra Pradesh,Spinner dolphin,Spinner dolphin,"17.68681, 83.21848","Seshagiri Rao, C,V, & Narayana Rao, K, 1992 On the landing of a young Spinner dolphin at Visakhapatnam along Andhra coast,Marine Fisheries Information Service Technical & Extension Series, 115, 18,ri Rao & Narayana Rao, 1992",,,,,,,,,,,,,MMI-later,17.68681,83.21848,1477,FALSE,,1237,FALSE,,
823,1762,14,4,1991,Karnataka,Fin whale*,Fin whale,"13.4984889413993, 74.6775389898437",,"Purandhara, C, & Vaman Naik, C,H, 1992 On the stranding of Balaenoptera physalus at Kota, Dakshina Kannada,Marine Fisheries Information Service Technical & Extension Series, 115, 18,",Carcass about 10 m long at Kodi Kanyana Kota. Karnataka,,,"13.498488941399328, 74.6775389898437","13.498488941399328, 74.6775389898437",,,,,,,MMI,13.49848894,74.67753899,1478,FALSE,,1238,FALSE,,
824,1763,18,1,1991,Tamil Nadu,Sperm whale,Sperm whale,"10.7656082, 79.8423887999999",,"Nammalwar, P,, Krishna Pillai, S,, Badrudeen, M,, Thanapathi, V,, Somu, R, & Sivasamy, V, 1992 On the stranding of Sperm whales at Nagapattinam, Tamilnadu coast,Marine Fisheries Information Service Technical & Extension Series, 115, 16-17,",Young female 9.71 m long stranded at Vizhunthamavadi. near Nagapattinam,,,"10.7656082, 79.84238879999998","10.7656082, 79.84238879999998",,,,,,,MMI,10.7656082,79.8423888,1479,FALSE,,1239,FALSE,,
825,1764,28,12,1990,Karnataka,Spinner dolphin,Spinner dolphin,"12.8492133587492, 74.8044583869141",,"Jayaprakash, A,A,, Nammalwar, P,, Krishna Pillai, S, & Elayath, M,N,K, 1995 Incidental by-catch of dolphins at Fisheries Harbour, Cochin, with a note on their conservation and management in India,Journal of the Marine Biological Association of India, 37",Nearly 300 counted at sea. south of Mangalore at 1146N. 10E,,,"12.849213358749234, 74.80445838691412","12.849213358749234, 74.80445838691412",,,,,,,MMI,12.84921336,74.80445839,1480,FALSE,,1240,FALSE,,
1580,1765,16,11,1990,Tamil Nadu,Indo-Pacific finless porpoise,Indo-Pacific finless porpoise,"9.27703, 79.12521","Nammalwar, P,, Lipton, A,P,, Krishna Pillai, S,, Maheswarudu, G,, Kasinathan, C,, Bose, M,, Ramamoorthy, N, & Thillairajan, P, 1994 Instances of Finless Black Porpoise Neophocaena phocaenoides caught in Mandapam region along the Palk Bay coast in Tamiln",,,,,,,,,,,,,MMI-later,9.27703,79.12521,1481,FALSE,,1241,FALSE,,
1581,1766,29,9,1990,Tamil Nadu,Dugong,Dugong,"8.7816, 79.65021","Krishna Pillai, S, & Badrudeen, M, 1991 On a young sea cow killed at Periapatnam, Gulf of Mannar,Marine Fisheries Information Service Technical & Extension Series, 108, 17,",,,,,,,,,,,,,MMI-later,8.7816,79.65021,1482,FALSE,,1242,FALSE,,
826,1767,15,8,1990,Tamil Nadu,Sperm whale,Sperm whale,"13.531665, 87.5395854999999",,"James, D,B, & Panicker, K,C,S, 1994:On the recovery of a foetus from a Sperm whale Physeter macrocephalus Linnaeus stranded at Chetland Island, Lakshadweep, Journal of the Bombay Natural History Society, 913 , 451-452,",Record from Ganges river. 7080 m upstream of the Bay of Bengal,,,"13.531665, 87.53958549999993","13.531665, 87.53958549999993",,,,,,,MMI,13.531665,87.5395855,1483,FALSE,,1243,FALSE,,
1582,1768,11,8,1990,Tamil Nadu,Indo-Pacific finless porpoise,Indo-Pacific finless porpoise,"9.27703, 79.12521","Nammalwar, P,, Lipton, A,P,, Krishna Pillai, S,, Maheswarudu, G,, Kasinathan, C,, Bose, M,, Ramamoorthy, N, & Thillairajan, P, 1994 Instances of Finless Black Porpoise Neophocaena phocaenoides caught in Mandapam region along the Palk Bay coast in Tamiln",,,,,,,,,,,,,MMI-later,9.27703,79.12521,1484,FALSE,,1244,FALSE,,
827,1769,21,4,1990,Sri Lanka,Humpback whale,Humpback whale,"6.9954258, 79.8827281",,whales & Dolphins Sri Lanka by Anouk Ilangakoon,Palliyawatte/Hendala; single animal; 28 feet long,,,"6.9954258, 79.88272810000001","6.9954258, 79.88272810000001",,,,,,,MMI,6.9954258,79.8827281,1485,FALSE,,1245,FALSE,,
828,1770,26,3,1990,Sri Lanka,Sperm whale,Sperm whale,"6.85594849999999, 79.8629682999999",,whales & Dolphins Sri Lanka by Anouk Ilangakoon,Dehiwala; single animal; female; 29 feet 6 inches long,,,"6.855948499999999, 79.86296829999992","6.855948499999999, 79.86296829999992",,,,,,,MMI,6.8559485,79.8629683,1486,FALSE,,1246,FALSE,,
1583,1771,27,1,1990,Tamil Nadu,Sei whale*,Sei whale,"9.5133, 80.31136","Krishna Pillai, S,, Jayaprakash, A,A,, Kasinathan, C, & Ramamoorthy, N, 1995 On the Sei whale Balaenoptera borealis Lesson stranded along Palk Bay coast near Pamban light house,Marine Fisheries Information Service Technical & Extension Series, 139, 11,",,,,,,,,,,,,,MMI-later,9.5133,80.31136,1487,FALSE,,1247,FALSE,,
1584,1772,,,1990,Andaman & Nicobar islands,Dugong,Dugong,"11.74008, 92.65864","Das, H,S, & Dey, S,C, 1999 Observations on the Dugong, Dugong dugon Muller in the Andaman and Andaman & Nicobar islands, India,Journal of the Bombay Natural History Society, 962, 195-198,",,,,,,,,,,,,,MMI-later,11.74008,92.65864,1488,FALSE,,1248,FALSE,,
829,1773,17,10,1989,Sri Lanka,Sperm whale,Sperm whale,"7.2087984, 79.8380216",,whales & Dolphins Sri Lanka by Anouk Ilangakoon,Negombo; single animal; 25 feet long,,,"7.2087984, 79.83802160000005","7.2087984, 79.83802160000005",,,,,,,MMI,7.2087984,79.8380216,1489,FALSE,,1249,FALSE,,
830,1774,11,10,1989,Sri Lanka,Sperm whale,Sperm whale,"7.5619894, 79.8016569",,whales & Dolphins Sri Lanka by Anouk Ilangakoon,Thoduwawa/Chilaw; single animal; 30 feet long,,,"7.561989400000001, 79.80165690000001","7.561989400000001, 79.80165690000001",,,,,,,MMI,7.5619894,79.8016569,1490,FALSE,,1250,FALSE,,
1585,1775,29,8,1989,Tamil Nadu,Spinner dolphin,Spinner dolphin,"9.27703, 79.12521","Krishna Pillai, S,, Bose, M, & Subramanian, R, 1989 On the accidental catch of the Spinner dolphin from Gulf of Mannar, Mandapam,Marine Fisheries Information Service Technical & Extension Series, 98, 16-17, Pillai, Bose et al,, 1989",,,,,,,,,,,,,MMI-later,9.27703,79.12521,1491,FALSE,,1251,FALSE,,
831,1776,15,8,1989,Sri Lanka,Sperm whale,Sperm whale,"7.6302778, 79.7986111",,whales & Dolphins Sri Lanka by Anouk Ilangakoon,Karukkapone; single animal,,,"7.630277800000001, 79.79861110000002","7.630277800000001, 79.79861110000002",,,,,,,MMI,7.6302778,79.7986111,1492,TRUE,1490,1906,FALSE,,
832,1777,1,7,1989,Andaman & Nicobar islands,Dugong,Dugong,"11.7400867, 92.6586400999999",,"Das, H,S, & Dey, S,C, 1999 Observations on the Dugong, Dugong dugon Muller in the Andaman and Andaman & Nicobar islands, India,Journal of the Bombay Natural History Society, 962, 195-198,",One dead Dugong found near Pilo Kunji of the Great Nicobars,,,"11.7400867, 92.65864009999996","11.7400867, 92.65864009999996",,,,,,,MMI,11.7400867,92.6586401,1493,TRUE,1488,1907,FALSE,,
833,1778,15,3,1989,Karnataka,Fin whale*,Fin whale,"12.8023628275818, 74.8412711485351",,"Kulkarni, G,M,, Zacharia, P,V,, Kemperaju, S,, Nagaraja, D,, Muniyappa, Y, & Appaya Naik, R, 1989 On a Fin whale stranded at Someswara, South Kanara,Marine Fisheries Information Service Technical & Extension Series, 102, 16-17,",14.02 m long female specimen stranded at Ullal. South Kanara,,,"12.802362827581886, 74.84127114853516","12.802362827581886, 74.84127114853516",,,,,,,MMI,12.80236283,74.84127115,1494,FALSE,,1252,FALSE,,
1586,1779,5,2,1989,Andhra Pradesh,Long beaked common dolphin,Long-beaked common dolphin,"16.98906, 82.24746","Jayaprakash, A,A,, Nammalwar, P,, Krishna Pillai, S, & Elayath, M,N,K, 1995 Incidental by-catch of dolphins at Fisheries Harbour, Cochin, with a note on their conservation and management in India,Journal of the Marine Biological Association of India, 37",,,,,,,,,,,,,MMI-later,16.98906,82.24746,1495,FALSE,,1253,FALSE,,
834,1780,1,2,1989,Tamil Nadu,Sperm whale,Sperm whale,"12.955151, 80.2551109999999",,"Nammalwar, P,, Devadoss, P,, Srinivasan, A,, Chidambaram, L,, Chandrasekara Rao, T, & Hanumantha Rao, A, 1989 On the strandings of whales along the Tamilnadu and Andhra coasts,Marine Fisheries Information Service Technical & Extension Series, 102, 13-1",Female 10.6 m long stranded at Neelakaraikuppam. near Madras,,,"12.955151, 80.25511099999994","12.955151, 80.25511099999994",,,,,,,MMI,12.955151,80.255111,1496,FALSE,,1254,FALSE,,
835,1781,18,12,1988,Tamil Nadu,Sperm whale,Sperm whale,"10.7656082, 79.8423887999999",,"Nammalwar, P,, Krishna Pillai, S,, Badrudeen, M,, Thanapathi, V,, Somu, R, & Sivasamy, V, 1992 On the stranding of Sperm whales at Nagapattinam, Tamilnadu coast,Marine Fisheries Information Service Technical & Extension Series, 115, 16-17,",Baby female 3.71 m long stranded at Samnathanpettai. near Nagapattinam,,,"10.7656082, 79.84238879999998","10.7656082, 79.84238879999998",,,,,,,MMI,10.7656082,79.8423888,1497,FALSE,,1255,FALSE,,
836,1782,10,12,1988,Andhra Pradesh,Blue whale,Blue whale,"17.6868159, 83.2184815",,"Nammalwar, P,, Devadoss, P,, Srinivasan, A,, Chidambaram, L,, Chandrasekara Rao, T, & Hanumantha Rao, A, 1989 On the strandings of whales along the Tamilnadu and Andhra coasts,Marine Fisheries Information Service Technical & Extension Series, 102, 13-1",Male washed ashore at Motupally. near Ramachandrapuram. Andhra Pradesh.,,,"17.6868159, 83.21848150000005","17.6868159, 83.21848150000005",,,,,,,MMI,17.6868159,83.2184815,1498,FALSE,,1256,FALSE,,
837,1783,29,9,1988,Andhra Pradesh,Blue whale,Blue whale,"17.6868159, 83.2184815",,"Lal Mohan, R,S, 1992 Observations on the whales Balaenoptera edeni, B, musculus and Megaptera novaeangliae washed ashore along the Indian coast with a note on their osteology,Journal of the Marine Biological Association of India, 34, 253-255,",Female. 19.2 m long. washed ashore at Paravana. near Calicut.,,,"17.6868159, 83.21848150000005","17.6868159, 83.21848150000005",,,,,,,MMI,17.6868159,83.2184815,1499,FALSE,,1257,FALSE,,
838,1784,14,8,1988,Gujarat,Sei whale*,Sei whale,"22.4426941737364, 69.5868701898437",,"Anonymous 1988a News, CMFRI Newsletter, 40, 5,",9.76 m female found dead in a creek at Kalubhas Island between Salaya.,,,"22.44269417373641, 69.5868701898437","22.44269417373641, 69.5868701898437",,,,,,,MMI,22.44269417,69.58687019,1500,FALSE,,1258,FALSE,,
1587,1785,9,7,1988,Andaman & Nicobar islands,Dwarf sperm whale,Dwarf sperm whale,"11.66028, 92.70781","A note on the stranding was prepared but was not published, The measurements of the foetus is provided in Pic 0, A new item on the stranding was published in the Mahashtra Herald newspaper on 11July 1988, as provided in Pic 1,",,,http://www.marinemammals.in/submit-record/Kogia_simus_foetus.jpg http://www.marinemammals.in/submit-record/Kogia_simus_MahashtraHerald_11Jul1988.jpg,,,,,,,,,,MMI-later,11.66028,92.70781,1501,FALSE,,1259,FALSE,,
839,1786,8,7,1988,Tamil Nadu,Indo-Pacific finless porpoise,Indo-Pacific finless porpoise,"9.27703919999999, 79.1252174",,"Nammalwar, P,, Lipton, A,P,, Krishna Pillai, S,, Maheswarudu, G,, Kasinathan, C,, Bose, M,, Ramamoorthy, N, & Thillairajan, P, 1994 Instances of Finless Black Porpoise Neophocaena phocaenoides caught in Mandapam region along the Palk Bay coast in Tamiln",,,,"9.277039199999999, 79.1252174","9.277039199999999, 79.1252174",,,,,,,MMI,9.2770392,79.1252174,1502,FALSE,,1260,FALSE,,
840,1787,8,7,1988,Andaman & Nicobar islands,Unidentified,Unidentified,,,"Chantrapornsyl, S,, Kinze, C,C,, Leatherwood, S, & Prematunga, W,P, 1991 Notes on the genus Kogia in the northern Indian Ocean, In: Cetaceans and Cetacean Research in the Indian Ocean Sanctuary, Marine Mammal Technical Report No, 3, eds, Stephen Leather",,,,,,,,,,,,MMI,,,1503,FALSE,,1261,TRUE,1262,
841,1788,8,7,1988,Andaman & Nicobar islands,Unidentified,Unidentified,"11.6233774, 92.7264827999999",,"Chantrapornsyl, S,, Kinze, C,C,, Leatherwood, S, & Prematunga, W,P, 1991 Notes on the genus Kogia in the northern Indian Ocean, In: Cetaceans and Cetacean Research in the Indian Ocean Sanctuary, Marine Mammal Technical Report No, 3, eds, Stephen Leather",A 1.95 m long specimen from Port Blair,,,"11.6233774, 92.72648279999999","11.6233774, 92.72648279999999",,,,,,,MMI,11.6233774,92.7264828,1504,FALSE,,1262,FALSE,,
1588,1789,5,7,1988,Tamil Nadu,False killer whale,False killer whale,"9.27703, 79.12521","Vedavysya Rao, P,, Livingston, P, & Misra, A, 1989 A report on the whales sighted off Mandapam on the Palk Bay side on 5th July, 1988,Marine Fisheries Information Service Technical & Extension Series, 95, 10,",,,,,,,,,,,,,MMI-later,9.27703,79.12521,1505,FALSE,,1263,FALSE,,
842,1790,15,6,1988,Tamil Nadu,Fin whale*,Fin whale,"13.1113588943479, 80.3107700900878",,"Subramani, S, 1989 On a baleen whale landed at Pudumanaikuppam, Madras Dt,Marine Fisheries Information Service Technical & Extension Series, 95, 11-12,;Anonymous 1988b News, CMFRI Newsletter, 41, 6,",Female 4.69 m long landed at Pudumanaikuppam. Madras,,,"13.111358894347969, 80.31077009008789","13.111358894347969, 80.31077009008789",,,,,,,MMI,13.11135889,80.31077009,1506,FALSE,,1264,FALSE,,
843,1791,18,5,1988,Tamil Nadu,Sei whale*,Sei whale,"8.7816075, 79.6502104999999",,"Mohamad Kasim, H, & Balasubramanian, T,S, 1989 On the stranding of Sei whale Baleanoptera borealis along Gulf of Mannar coast,Marine Fisheries Information Service Technical & Extension Series, 95, 12-14,",10.05 m female stranded at Kayalpatnam. Gulf of Mannar,,,"8.7816075, 79.65021049999996","8.7816075, 79.65021049999996",,,,,,,MMI,8.7816075,79.6502105,1507,FALSE,,1265,FALSE,,
844,1792,1,5,1988,Tamil Nadu,Sei whale*,Sei whale,"10.4712288, 79.5753156",,"Anonymous 1988b News, CMFRI Newsletter, 41, 6,",7 m specimen stranded at Tuticorin,,,"10.4712288, 79.57531560000007","10.4712288, 79.57531560000007",,,,,,,MMI,10.4712288,79.5753156,1508,FALSE,,1266,TRUE,1263,
845,1793,15,4,1988,Maharashtra,Unidentified baleen whale,Unidentified baleen whale,"19.0759837, 72.8776559",,"Anonymous 1988b News, CMFRI Newsletter, 41, 6,;Seshagiri Rao, C,V, 1991 On a Minke whale Balaenoptera acutorostrata caught off Kakinada coast,Marine Fisheries Information Service Technical & Extension Series, 109, 15-16,",Three baleen whales lengths 9. 18 and 23 m stranded at Bombay and Gujarat,,,"19.0759837, 72.87765590000004","19.0759837, 72.87765590000004",,,,,,,MMI,,,1509,FALSE,,1267,FALSE,,
1589,1794,4,4,1988,Tamil Nadu,False killer whale,False killer whale,"9.30956, 79.12521","Anonymous 1988a News, CMFRI Newsletter, 40, 5,",,,,,,,,,,,,,MMI-later,9.30956,79.12521,1510,FALSE,1505,1268,FALSE,,
846,1795,8,3,1988,Tamil Nadu,Sperm whale,Sperm whale,"13.1251136, 80.2955418999999",,"Nammalwar, P,, Srinivasarangan, S, & Mohan, S, 1989 On a Sperm whale stranded at Madras,Marine Fisheries Information Service Technical & Extension Series, 95, 10-11,",Female 3.9 m long stranded at Kasimedu. Madras,,,"13.1251136, 80.29554189999999","13.1251136, 80.29554189999999",,,,,,,MMI,13.1251136,80.2955419,1511,FALSE,,1269,FALSE,,
847,1796,26,2,1988,Tamil Nadu,Sei whale*,Sei whale,"8.7816075, 79.6502104999999",,"Mohamad Kasim, H, & Balasubramanian, T,S, 1989 On the stranding of Sei whale Baleanoptera borealis along Gulf of Mannar coast,Marine Fisheries Information Service Technical & Extension Series, 95, 12-14,",12 m male stranded at Tuticorin port area,,,"8.7816075, 79.65021049999996","8.7816075, 79.65021049999996",,,,,,,MMI,8.7816075,79.6502105,1512,FALSE,,1270,FALSE,,
848,1797,17,2,1988,Sri Lanka,Sperm whale,Sperm whale,"7.2087984, 79.8380216",,whales & Dolphins Sri Lanka by Anouk Ilangakoon,Negombo; single animal; 24 feet long,,,"7.2087984, 79.83802160000005","7.2087984, 79.83802160000005",,,,,,,MMI,7.2087984,79.8380216,1513,FALSE,,1271,FALSE,,
1100,1798,20,1,1988,Kerala,Humpback whale,Humpback whale,,,,,,,"12.19482108, 75.12266631",75.12266631,,,,,,,CMFRI 1988,12.19482108,75.12266631,1514,FALSE,,1272,FALSE,,
849,1799,20,1,1988,Kerala,Humpback whale,Humpback whale,"9.9312328, 76.2673041",,"Muthiah, C,, Mohammed, S,, Bhatkal, G, & Melinmani, B, 1988 On the stranding of a Humpback whale in the North Kerala coast,Marine Fisheries Information Service Technical & Extension Series, 85, 12,",Decomposed. 15 m long specimen at Mavila Kadappuram. near Nileswaram. Kerala. It drifted back into the sea after two days and appeared on 24 January 1988 at Thaikadappuram. The animal was an adult female.,,,"9.9312328, 76.26730410000005","9.9312328, 76.26730410000005",,,,,,,MMI,9.9312328,76.2673041,1515,FALSE,,1273,TRUE,1272,
850,1800,15,1,1988,Kerala,Humpback whale,Humpback whale,"9.9312328, 76.2673041",,"Lal Mohan, R,S, 1992 Observations on the whales Balaenoptera edeni, B, musculus and Megaptera novaeangliae washed ashore along the Indian coast with a note on their osteology,Journal of the Marine Biological Association of India, 34, 253-255,",Female 14.3 m long specimen washed ashore near Kasaragod,,,"9.9312328, 76.26730410000005","9.9312328, 76.26730410000005",,,,,,,MMI,9.9312328,76.2673041,1516,FALSE,,1274,FALSE,,
1590,1801,5,9,1987,Kerala,Long beaked common dolphin,Long-beaked common dolphin,"9.93123, 76.2673","Jayaprakash, A,A,, Nammalwar, P,, Krishna Pillai, S, & Elayath, M,N,K, 1995 Incidental by-catch of dolphins at Fisheries Harbour, Cochin, with a note on their conservation and management in India,Journal of the Marine Biological Association of India, 37",,,,,,,,,,,,,MMI-later,9.93123,76.2673,1517,FALSE,,1275,FALSE,,
851,1802,29,4,1987,Karnataka,Unidentified baleen whale,Unidentified baleen whale,"14.4275482, 74.4190929",,"Telang, K,Y, 1987 On a baleen whale landed at Hollengade, Karnataka coast,Marine Fisheries Information Service Technical & Extension Series, 78, 17,",Balaenoptera sp. whale washed ashore at Hollengade. south of Kumta. Karnataka coast. measured about 17 m in length,,,"14.4275482, 74.41909290000001","14.4275482, 74.41909290000001",,,,,,,MMI,14.4275482,74.4190929,1518,FALSE,,1276,FALSE,,
852,1803,16,4,1987,Karnataka,Unidentified baleen whale,Unidentified baleen whale,"14.6466104, 74.2956874999999",,"Telang, K,Y, 1987 On a baleen whale landed at Hollengade, Karnataka coast,Marine Fisheries Information Service Technical & Extension Series, 78, 17,",A whale measuring 13.7 m washed ashore at Nadibag. near Ankola,,,"14.6466104, 74.29568749999999","14.6466104, 74.29568749999999",,,,,,,MMI,14.6466104,74.2956875,1519,FALSE,,1277,FALSE,,
853,1804,16,1,1987,Odisha,Indo-Pacific finless porpoise,Indo-Pacific finless porpoise,"20.743643, 87.0004550999999",,"James, P,S,B,R,, Rajagopalan, M,, Dan, S,S,, Bastian Fernando, A, & Selvaraj, V, 1989 On the mortality and stranding of marine mammals and turtles at Gahirmatha, Orissa from 1983 to 1987,Journal of the Marine Biological Association of India, 311 & 2,",-,,,"20.743643, 87.00045509999995","20.743643, 87.00045509999995",,,,,,,MMI,20.743643,87.0004551,1520,FALSE,,1278,FALSE,,
854,1805,15,1,1987,Odisha,Unidentified dolphin,Small-sized delphinid,"20.7151469, 86.8659448999999",,"James, P,S,B,R,, Rajagopalan, M,, Dan, S,S,, Bastian Fernando, A, & Selvaraj, V, 1989 On the mortality and stranding of marine mammals and turtles at Gahirmatha, Orissa from 1983 to 1987,Journal of the Marine Biological Association of India, 311 & 2,",One unidentified dolphin washed ashore at Gahirmatha Beach. Bhitarkanika Wildlife James. P.S.B.R.. Rajagopalan. M.. Dan. S.S.. Bastian Fernando. 2009-12-13 21,,,"20.7151469, 86.86594489999993","20.7151469, 86.86594489999993",,,,,,,MMI,20.7151469,86.8659449,1521,FALSE,,1279,TRUE,1278,
855,1806,14,1,1987,Odisha,Irrawaddy dolphin,Irrawaddy dolphin,"20.743643, 87.0004550999999",,"James, P,S,B,R,, Rajagopalan, M,, Dan, S,S,, Bastian Fernando, A, & Selvaraj, V, 1989 On the mortality and stranding of marine mammals and turtles at Gahirmatha, Orissa from 1983 to 1987,Journal of the Marine Biological Association of India, 311 & 2,",One dead specimen washed ashore at Gahirmatha Beach. Bhitarkanika Wildlife Sanctuary. Orissa,,,"20.743643, 87.00045509999995","20.743643, 87.00045509999995",,,,,,,MMI,20.743643,87.0004551,1522,FALSE,,1280,FALSE,,
856,1807,13,1,1987,Odisha,Indo-Pacific humpback dolphin,Humpback dolphin,"20.743643, 87.0004550999999",,"James, P,S,B,R,, Rajagopalan, M,, Dan, S,S,, Bastian Fernando, A, & Selvaraj, V, 1989 On the mortality and stranding of marine mammals and turtles at Gahirmatha, Orissa from 1983 to 1987,Journal of the Marine Biological Association of India, 311 & 2,",Four specimens washed ashore at Gahirmatha Beach. Bhitarkanika,,,"20.743643, 87.00045509999995","20.743643, 87.00045509999995",,,,,,,MMI,20.743643,87.0004551,1523,FALSE,,1281,FALSE,,
857,1808,7,1,1987,Gujarat,Dugong,Dugong,"22.7442881, 69.9550338",,"Frazier, J, G, & Mundkur, T, 1990 Dugong Dugong dugon Muller in the Gulf of Kutch, Gujarat,Journal of the Bombay Natural History Society, , 873 , 368-379,",Carcass of a male 1.72 m long found floating near Poshitra Point. Gulf of Kutch,,,"22.7442881, 69.95503380000002","22.7442881, 69.95503380000002",,,,,,,MMI,22.42260001,69.18608269,1524,FALSE,,1282,FALSE,,Remapped
858,1809,5,1,1987,Gujarat,Dugong,Dugong,"22.7442881, 69.9550338",,"Frazier, J, G, & Mundkur, T, 1990 Dugong Dugong dugon Muller in the Gulf of Kutch, Gujarat,Journal of the Bombay Natural History Society, , 873 , 368-379,",Bones from at least three individuals found on Bet Dwarka island. Gulf of Kutch,,,"22.7442881, 69.95503380000002","22.7442881, 69.95503380000002",,,,,,,MMI,22.42260001,69.18608269,1525,TRUE,1524,1908,FALSE,,Remapped
1591,1810,,,1987,Kerala,Indian Ocean humpback dolphin,Humpback dolphin,"11.24259, 75.74745","Anonymous 1987a - Marine Fisheries Information Service Technical & Extension Series, 71",,,,,,,,,,,,,MMI-later,11.24259,75.74745,1526,FALSE,,1283,FALSE,,
859,1811,16,12,1986,Kerala,Dugong,Dugong,"9.9312328, 76.2673041",,"Krishna Pillai, S,, Ambrose, J,D, & Sivadas, M, 1989 On an unusually large sea cow Dugong dugon landed at Mandapam, Gulf of Mannar,Marine Fisheries Information Service Technical & Extension Series, 96, 12-13,",3.10 m male specimen killed in the Gulf of Mannar landed at Mandapam,,,"9.9312328, 76.26730410000005","9.9312328, 76.26730410000005",,,,,,,MMI,9.9312328,76.2673041,1527,FALSE,,1284,FALSE,,
860,1812,3,12,1986,Tamil Nadu,Sperm whale,Sperm whale,"11.9138598, 79.8144721999999",,"Nammalwar, P,, Devadoss, P,, Srinivasan, A,, Chidambaram, L,, Chandrasekara Rao, T, & Hanumantha Rao, A, 1989 On the strandings of whales along the Tamilnadu and Andhra coasts,Marine Fisheries Information Service Technical & Extension Series, 102, 13-1",Female 5.55 m long stranded at Pommaiyarpalayam. near Pondicherry,,,"11.9138598, 79.81447219999995","11.9138598, 79.81447219999995",,,,,,,MMI,11.9138598,79.8144722,1528,FALSE,,1285,FALSE,,
861,1813,19,11,1986,Lakshadweep islands,Sperm whale,Sperm whale,"11.6907064, 72.7111939",,"James, D,B,1990 On a Sperm whale landed at Kalpeni Island with notes on Ambergris,Marine Fisheries Information Service Technical & Extension Series, 104, 11-14,",Wounded specimen from the northern part of Chetlat Island,,,"11.6907064, 72.71119390000001","11.6907064, 72.71119390000001",,,,,,,MMI,11.6907064,72.7111939,1529,FALSE,,1286,FALSE,,
862,1814,7,11,1986,Sri Lanka,Blue whale,Blue whale,"7.5619894, 79.8016569",,whales & Dolphins Sri Lanka by Anouk Ilangakoon,Chilaw; single animal; 62 feet long.,,,"7.561989400000001, 79.80165690000001","7.561989400000001, 79.80165690000001",,,,,,,MMI,7.5619894,79.8016569,1530,FALSE,,1287,FALSE,,
863,1815,5,11,1986,Tamil Nadu,Sperm whale,Sperm whale,"8.7816075, 79.6502104999999",,"Sivadas, M,, Krishna Pillai, S, & Arputharaj, M,R, 1987 Report on a Sperm whale Physeter macrocephalus Linn, stranded along the Gulf of Mannar coast,Marine Fisheries Information Service Technical & Extension Series, 71, 16-17",One stranded on Hare Island. Gulf of Mannar,,,"8.7816075, 79.65021049999996","8.7816075, 79.65021049999996",,,,,,,MMI,8.7816075,79.6502105,1531,FALSE,,1288,FALSE,,
1592,1816,29,7,1986,Tamil Nadu,Short-finned pilot whale,Short-finned pilot whale,"11.78129, 79.82761","Nammalwar, P,, Devadoss, P,, Srinivasan, A,, Chidambaram, L,, Chandrasekara Rao, T, & Hanumantha Rao, A, 1989 On the strandings of whales along the Tamilnadu and Andhra coasts,Marine Fisheries Information Service Technical & Extension Series, 102, 13-1",,,,,,,,,,,,,MMI-later,11.78129,79.82761,1532,FALSE,,1289,FALSE,,
864,1817,5,6,1986,Sri Lanka,Sperm whale,Sperm whale,"6.9954258, 79.8827281",,whales & Dolphins Sri Lanka by Anouk Ilangakoon,Hendala; single animal; 11 feet 6 inches long,,,"6.9954258, 79.88272810000001","6.9954258, 79.88272810000001",,,,,,,MMI,6.9954258,79.8827281,1533,FALSE,,1290,FALSE,,
865,1818,15,2,1986,Tamil Nadu,Risso's dolphin,Risso's dolphin,"13.0826802, 80.2707184",,"Rajagopalan, M,, James, D,B,, Devadoss, P,, Srinivasarengan, S,, Selvaraj, V, &Thirumilu, P, 1984 On a record of incidental capture of Risso's Dolphin Grampus griseus Cuvier off Madras,Journal of the Marine Biological Association of India, 26, 171-174",Male specimen 2.45 m long captured 4 km from the shore off Triplicane beach. Madras,,,"13.0826802, 80.27071840000008","13.0826802, 80.27071840000008",,,,,,,MMI,13.0826802,80.2707184,1534,FALSE,,1291,FALSE,,
1593,1819,11,2,1986,Maharashtra,Spinner dolphin,Spinner dolphin,"18.98616, 73.23126","Karbhari, J,P,, Aravindakshan, M,, Wagmare, K,B, & Gandhi, R, 1985 Note on the food of the Spinner dolphin Stenella longirostris Gray, caught off Maharashtra coast,Journal of the Marine Biological Association of India, 27, 193-195,ari et al,, 1985",,,,,,,,,,,,,MMI-later,18.98616,73.23126,1535,FALSE,,1292,FALSE,,
866,1820,12,1,1986,Odisha,Indo-Pacific finless porpoise,Indo-Pacific finless porpoise,"20.743643, 87.0004550999999",,"James, P,S,B,R,, Rajagopalan, M,, Dan, S,S,, Bastian Fernando, A, & Selvaraj, V, 1989 On the mortality and stranding of marine mammals and turtles at Gahirmatha, Orissa from 1983 to 1987,Journal of the Marine Biological Association of India, 311 & 2,",-,,,"20.743643, 87.00045509999995","20.743643, 87.00045509999995",,,,,,,MMI,20.743643,87.0004551,1536,FALSE,,1293,FALSE,,
867,1821,2,9,1985,Kerala,Blue whale,Blue whale,"11.9084482, 75.4384267",,"Somasekharan Nair, K,V, & Jayaprakash, A,A, 1987 On a Blue whale Balaenoptera musculus stranded at Chappa beach, Narakkal, Cochin, southwest coast of India,Marine Fisheries Information Service Technical & Extension Series, 71, 17-18,",Male. 10.3 m long. found at Chappa Beach. Narakkal. Cochin.,,,"11.9084482, 75.43842670000004","11.9084482, 75.43842670000004",,,,,,,MMI,11.9084482,75.4384267,1537,FALSE,,1294,FALSE,,
1594,1822,4,8,1985,Andhra Pradesh,Minke whale*,Minke whale,"16.98906, 82.24746","Seshagiri Rao, C,V, 1991 On a Minke whale Balaenoptera acutorostrata caught off Kakinada coast,Marine Fisheries Information Service Technical & Extension Series, 109, 15-16,",,,,,,,,,,,,,MMI-later,16.98906,82.24746,1538,FALSE,,1295,FALSE,,
868,1823,1,6,1985,Sri Lanka,Blue whale,Blue whale,"6.2441521, 80.0590803999999",,whales & Dolphins Sri Lanka by Anouk Ilangakoon,Ambalagonda; single animal.,,,"6.2441521, 80.05908039999997","6.2441521, 80.05908039999997",,,,,,,MMI,6.2441521,80.0590804,1539,FALSE,,1296,FALSE,,
869,1824,18,5,1985,Tamil Nadu,Unidentified baleen whale,Unidentified baleen whale,"10.3413175, 79.3796452999999",,"Kasinathan, C,1986 Report on baleen whale stranded along Mallipatinam Coast, Tanjore Dist,Marine Fisheries Information Service Technical & Extension Series, 70, 25,",Baleen whale 9.3 m long stranded at Pudupatinam. near Adhiramapattinam,,,"10.3413175, 79.37964529999999","10.3413175, 79.37964529999999",,,,,,,MMI,10.3413175,79.3796453,1540,FALSE,,1297,FALSE,,
870,1825,5,2,1985,Tamil Nadu,Indo-Pacific humpback dolphin,Humpback dolphin,"9.26416333908536, 79.1252174",,"Krishna Pillai, S, & Kasinathan, C, 1988 Report on two dolphins washed ashore near Mandapam,Marine Fisheries Information Service Technical & Extension Series, 88, 21, Pillai, S, & Kasinathan, C, 1988 Report on two dolphins washed ashore near Mandapam,",One washed ashore near Mandapam. Palk Bay,,,"9.264163339085368, 79.1252174","9.264163339085368, 79.1252174",,,,,,,MMI,9.264163339,79.1252174,1541,FALSE,,1298,FALSE,,
1117,1826,5,2,1985,Tamil Nadu,Indo-Pacific humpback dolphin,Humpback dolphin,,,,,,,"9.261211734, 79.06788408",79.06788408,,,,,,,Krishna Pillai & Lipton 1996,9.261211734,79.06788408,1542,TRUE,1541,1909,FALSE,,
871,1827,28,1,1985,Tamil Nadu,Indo-Pacific bottlenose dolphin,Bottlenose dolphin,"9.27703919999999, 79.1252174",,"Krishna Pillai, S, & Kasinathan, C, 1988 Report on two dolphins washed ashore near Mandapam,Marine Fisheries Information Service Technical & Extension Series, 88, 21, Pillai & Kasinathan, 1988",One washed ashore near Krusadi Island,,,"9.277039199999999, 79.1252174","9.277039199999999, 79.1252174",,,,,,,MMI,9.2770392,79.1252174,1543,FALSE,,1299,FALSE,,
872,1828,11,1,1985,Odisha,Indo-Pacific humpback dolphin,Humpback dolphin,"20.743643, 87.0004550999999",,"James, P,S,B,R,, Rajagopalan, M,, Dan, S,S,, Bastian Fernando, A, & Selvaraj, V, 1989 On the mortality and stranding of marine mammals and turtles at Gahirmatha, Orissa from 1983 to 1987,Journal of the Marine Biological Association of India, 311 & 2,",Two specimens washed ashore at Gahirmatha Beach. Bhitarkanika Wildlife Sanctuary. Orissa,,,"20.743643, 87.00045509999995","20.743643, 87.00045509999995",,,,,,,MMI,20.743643,87.0004551,1544,FALSE,,1300,FALSE,,
873,1829,,,1985,Odisha,Irrawaddy dolphin,Irrawaddy dolphin,"19.7984533380276, 85.4485940976562",,"Dhandapani, P, 1992 Status of Irrawady River Dolphin Orcaella brevirostris in Chilka Lake,Journal of the Marine Biological Association of India, 34, 90-93,",Decomposed body on Breakfast Island. and a dead female specimen afloat in the northern sector of Chilka Lake. apart from three live animal sightings,,,"19.798453338027624, 85.44859409765627","19.798453338027624, 85.44859409765627",,,,,,,MMI,19.79845334,85.4485941,1545,FALSE,,1301,FALSE,,
1595,1830,2,9,1984,Sri Lanka,Blue whale,Blue whale,"7.79142, 79.48639",whales & Dolphins Sri Lanka by Anouk Ilangakoon,,,,,,,,,,,,,MMI-later,7.79142,79.48639,1546,FALSE,,1302,FALSE,,
1197,1831,,9,1984,Sri Lanka,Blue whale,Blue whale,,,,,,,,,,,,,,,De Silva 1987,,,1547,FALSE,,1303,FALSE,,
874,1832,7,8,1984,Lakshadweep islands,Sperm whale,Sperm whale,"11.6907064, 72.7111939",,"James, D,B,1990 On a Sperm whale landed at Kalpeni Island with notes on Ambergris,Marine Fisheries Information Service Technical & Extension Series, 104, 11-14,",One washed ashore on Chetlat Island. Lakshadweep,,,"11.6907064, 72.71119390000001","11.6907064, 72.71119390000001",,,,,,,MMI,11.6907064,72.7111939,1548,FALSE,,1304,FALSE,,
1596,1833,1,8,1984,Kerala,Dugong,Dugong,"9.93123, 76.2673","Silas, E,G, & Bastian Fernando, A, 1985 The Dugong in India - is it going the way of the Dodo, Proc, Symp, on Endangered Marine Animals and Marine Parks,1985 MBAI, Cochin, 1, 167-176,",,,,,,,,,,,,,MMI-later,9.93123,76.2673,1549,FALSE,,1305,FALSE,,
1114,1834,,4,1984,Maharashtra,Indo-Pacific humpback dolphin,Humpback dolphin,,,,,,,"19.99047837, 72.72128656",72.72128656,,,,,,,Sinclair 1985,19.99047837,72.72128656,1550,FALSE,,1306,FALSE,,
1207,1835,9,2,1984,Sri Lanka,Blue whale,Blue whale,,,,,,,,,,,,,,,Fernando 1981,,,1551,FALSE,,1307,FALSE,,
875,1836,15,12,1983,Andhra Pradesh,Unidentified baleen whale,Unidentified baleen whale,"15.8135755, 80.3547286",,"Chandrasekar Rao, T, 1983 Photograph of whale stranded at Peddaganjampallipalem,CMFRI Newsletter 22, 6,",One whale stranded at Peddaganjampallipalem. Chirala taluk. Prakasam district. Andhra Pradesh,,,"15.8135755, 80.35472860000004","15.8135755, 80.35472860000004",,,,,,,MMI,15.8135755,80.3547286,1552,FALSE,,1308,FALSE,,
876,1837,11,12,1983,Lakshadweep islands,Sperm whale,Sperm whale,"11.6907064, 72.7111939",,"James, D,B,1990 On a Sperm whale landed at Kalpeni Island with notes on Ambergris,Marine Fisheries Information Service Technical & Extension Series, 104, 11-14,",One decomposed carcass at Chetlat Island. Lakshadweep,,,"11.6907064, 72.71119390000001","11.6907064, 72.71119390000001",,,,,,,MMI,11.6907064,72.7111939,1553,FALSE,1548,1309,FALSE,,
1597,1838,1,12,1983,Kerala,Dugong,Dugong,"9.93123, 76.2673","Silas, E,G, & Bastian Fernando, A, 1985 The Dugong in India - is it going the way of the Dodo, Proc, Symp, on Endangered Marine Animals and Marine Parks,1985 MBAI, Cochin, 1, 167-176,",,,,,,,,,,,,,MMI-later,9.93123,76.2673,1554,FALSE,1549,1310,FALSE,,
877,1839,3,9,1983,Gujarat,Dugong,Dugong,"22.7442881, 69.9550338",,"Frazier, J, G, & Mundkur, T, 1990 Dugong Dugong dugon Muller in the Gulf of Kutch, Gujarat,Journal of the Bombay Natural History Society, , 873 , 368-379,",Two beached animals. one female and one male. found at Bet Dwarka. Gulf of Kutch,,,"22.7442881, 69.95503380000002","22.7442881, 69.95503380000002",,,,,,,MMI,22.45598696,69.14735382,1555,FALSE,,1311,FALSE,,Remapped
1598,1840,1,9,1983,Kerala,Dugong,Dugong,"9.93123, 76.2673","Silas, E,G, & Bastian Fernando, A, 1985 The Dugong in India - is it going the way of the Dodo, Proc, Symp, on Endangered Marine Animals and Marine Parks,1985 MBAI, Cochin, 1, 167-176,",,,,,,,,,,,,,MMI-later,9.93123,76.2673,1556,FALSE,,1312,FALSE,,
1599,1841,25,7,1983,Kerala,Indo-Pacific bottlenose dolphin,Bottlenose dolphin,"9.93123, 76.2673","Jayaprakash, A,A,, Nammalwar, P,, Krishna Pillai, S, & Elayath, M,N,K, 1995 Incidental by-catch of dolphins at Fisheries Harbour, Cochin, with a note on their conservation and management in India,Journal of the Marine Biological Association of India, 37",,,,,,,,,,,,,MMI-later,9.93123,76.2673,1557,FALSE,,1313,FALSE,,
878,1842,22,7,1983,Kerala,Indo-Pacific finless porpoise,Indo-Pacific finless porpoise,"9.92446916572014, 76.2288519515625",,"Jayaprakash, A,A,, Nammalwar, P,, Krishna Pillai, S, & Elayath, M,N,K, 1995 Incidental by-catch of dolphins at Fisheries Harbour, Cochin, with a note on their conservation and management in India,Journal of the Marine Biological Association of India, 37",-,,,"9.924469165720149, 76.22885195156255","9.924469165720149, 76.22885195156255",,,,,,,MMI,9.924469166,76.22885195,1558,FALSE,,1314,FALSE,,
1600,1843,21,7,1983,Kerala,Long beaked common dolphin,Long-beaked common dolphin,"9.93123, 76.2673","Jayaprakash, A,A,, Nammalwar, P,, Krishna Pillai, S, & Elayath, M,N,K, 1995 Incidental by-catch of dolphins at Fisheries Harbour, Cochin, with a note on their conservation and management in India,Journal of the Marine Biological Association of India, 37",,,,,,,,,,,,,MMI-later,9.93123,76.2673,1559,FALSE,,1315,FALSE,,
1118,1844,11,7,1983,Tamil Nadu,Indo-Pacific humpback dolphin,Humpback dolphin,,,,,,,"9.261211734, 79.06788408",79.06788408,,,,,,,Krishna et al. 1988,9.261211734,79.06788408,1560,FALSE,,1316,FALSE,,
1601,1845,19,4,1983,Kerala,Sperm whale,Sperm whale,"10.80735, 75.83712","De Silva, P,H,D,H, 1987 Cetaceans whales, dolphins and porpoises recorded off Sri Lanka, India, from the Arabian Sea and Gulf, Gulf of Aden and from the Red Sea,Journal of the Bombay Natural History Society, 843, 505-525,va, 1987",,,,,,,,,,,,,MMI-later,10.80735,75.83712,1561,FALSE,,1317,FALSE,,
1602,1846,14,4,1983,Kerala,Dugong,Dugong,"9.93123, 76.2673","Silas, E,G, & Bastian Fernando, A, 1985 The Dugong in India - is it going the way of the Dodo, Proc, Symp, on Endangered Marine Animals and Marine Parks,1985 MBAI, Cochin, 1, 167-176,",,,,,,,,,,,,,MMI-later,9.93123,76.2673,1562,FALSE,,1318,FALSE,,
1603,1847,12,4,1983,Andaman & Nicobar islands,Killer whale,Killer whale,,"De Silva, P,H,D,H, 1987 Cetaceans whales, dolphins and porpoises recorded off Sri Lanka, India, from the Arabian Sea and Gulf, Gulf of Aden and from the Red Sea,Journal of the Bombay Natural History Society, 843, 505-525,va, 1987",,,,,,,,,,,,,MMI-later,,,1563,FALSE,,1319,FALSE,,
879,1848,20,2,1983,Kerala,Bryde's whale,Bryde's whale,"8.3850021, 76.9842876999999",,"Lal Mohan, R,S, 1992 Observations on the whales Balaenoptera edeni, B, musculus and Megaptera novaeangliae washed ashore along the Indian coast with a note on their osteology,Journal of the Marine Biological Association of India, 34, 253-255,",13.52 m long carcass found on an islet near Dhanushkodi Island in Gulf of Mannar,,,"8.3850021, 76.98428769999998","8.3850021, 76.98428769999998",,,,,,,MMI,8.3850021,76.9842877,1564,FALSE,,1320,FALSE,,
1604,1849,20,2,1983,Kerala,Bryde's whale,Bryde's whale,"8.385, 76.98428","Lal Mohan, R,S, 1992 Observations on the whales Balaenoptera edeni, B, musculus and Megaptera novaeangliae washed ashore along the Indian coast with a note on their osteology,Journal of the Marine Biological Association of India, 34, 253-255,",,,,,,,,,,,,,MMI-later,8.385,76.98428,1565,TRUE,1564,1910,FALSE,,
880,1850,22,1,1983,Tamil Nadu,Fin whale*,Fin whale,"9.29372414285821, 79.3321551742187",,"Nammalwar, P,, Krishna Pillai, S, & Sankaralingam, S, 1983 Fin whale washed ashore in Rameswaram Island,Marine Fisheries Information Service Technical & Extension Series, 48, 21,",Young Fin Whale washed ashore at Akkamadam. Rameswaram Island,,,"9.293724142858213, 79.33215517421877","9.293724142858213, 79.33215517421877",,,,,,,MMI,9.293724143,79.33215517,1566,FALSE,,1321,FALSE,,
881,1851,9,1,1983,Odisha,Indo-Pacific humpback dolphin,Humpback dolphin,"20.4090908216443, 86.8248982319336",,"James, P,S,B,R,, Rajagopalan, M,, Dan, S,S,, Bastian Fernando, A, & Selvaraj, V, 1989 On the mortality and stranding of marine mammals and turtles at Gahirmatha, Orissa from 1983 to 1987,Journal of the Marine Biological Association of India, 311 & 2,",Four specimens washed ashore at Gahirmatha Beach. Bhitarkanika Wildlife Sanctuary. Orissa,,,"20.4090908216443, 86.82489823193362","20.4090908216443, 86.82489823193362",,,,,,,MMI,20.40909082,86.82489823,1567,FALSE,,1322,FALSE,,
1605,1852,,,1983,Goa,Long beaked common dolphin,Long-beaked common dolphin,"15.29932, 74.12399","De Silva, P,H,D,H, 1987 Cetaceans whales, dolphins and porpoises recorded off Sri Lanka, India, from the Arabian Sea and Gulf, Gulf of Aden and from the Red Sea,Journal of the Bombay Natural History Society, 843, 505-525,va, 1987",,,,,,,,,,,,,MMI-later,15.29932,74.12399,1568,FALSE,,1323,FALSE,,
1606,1853,15,12,1982,Tamil Nadu,Indo-Pacific bottlenose dolphin,Bottlenose dolphin,"9.27703, 79.12521","Krishna Pillai, S, & Kasinathan, C, 1987 Some observations on dolphins in Mandapam area with a note on their food,Marine Fisheries Information Service Technical & Extension Series, 71, 13-16,",,,,,,,,,,,,,MMI-later,9.27703,79.12521,1569,FALSE,,1324,FALSE,,
1607,1854,8,12,1982,Tamil Nadu,Long beaked common dolphin,Long-beaked common dolphin,"9.27703, 79.12521","Krishna Pillai, S, & Kasinathan, C, 1987 Some observations on dolphins in Mandapam area with a note on their food,Marine Fisheries Information Service Technical & Extension Series, 71, 13-16,",,,,,,,,,,,,,MMI-later,9.27703,79.12521,1570,FALSE,,1325,FALSE,,
1608,1855,7,12,1982,Tamil Nadu,Indo-Pacific bottlenose dolphin,Bottlenose dolphin,"9.27703, 79.12521","Krishna Pillai, S, & Kasinathan, C, 1987 Some observations on dolphins in Mandapam area with a note on their food,Marine Fisheries Information Service Technical & Extension Series, 71, 13-16,",,,,,,,,,,,,,MMI-later,9.27703,79.12521,1571,FALSE,,1326,FALSE,,
882,1856,18,11,1982,Sri Lanka,Dwarf sperm whale,Dwarf sperm whale,"7.1869972, 79.8209197999999",,whales & Dolphins Sri Lanka by Anouk Ilangakoon,Pitipana-Negombo; single animal,,,"7.1869972, 79.82091979999996","7.1869972, 79.82091979999996",,,,,,,MMI,7.1869972,79.8209198,1572,FALSE,,1327,FALSE,,
883,1857,10,11,1982,Lakshadweep islands,Cuvier's beaked whale,Cuvier's beaked whale,"10.9258333, 72.2883332999999",,"Gopinadha Pillai, C,S,, Madan Mohan & Kunhikoya, K,K, 1981 On a new record of Cuvier's Beaked whale Ziphius cavirostris from the Indian waters,Journal of the Marine Biological Association of India, 23, 218-220",One female washed ashore on the reef flat at Boaz Point Ragandi. Minicoy Atoll.,,,"10.9258333, 72.28833329999998","10.9258333, 72.28833329999998",,,,,,,MMI,10.9258333,72.2883333,1573,FALSE,,1328,FALSE,,
884,1858,1,11,1982,Kerala,Sperm whale,Sperm whale,"10.0665104, 73.6447908",,"James, D,B,1990 On a Sperm whale landed at Kalpeni Island with notes on Ambergris,Marine Fisheries Information Service Technical & Extension Series, 104, 11-14,",One stranded at Cheriyan shore. near Kalpeni Island Lakshadweep,,,"10.0665104, 73.64479080000001","10.0665104, 73.64479080000001",,,,,,,MMI,10.0665104,73.6447908,1574,FALSE,,1329,FALSE,,
1169,1859,17,10,1982,Pakistan,Dwarf sperm whale,Dwarf sperm whale,,,,,,,,,,,,,,,"Mohd. Farooq Ahmad, 1982",,,1575,FALSE,,1330,FALSE,,
885,1860,9,7,1982,Sri Lanka,Sperm whale,Sperm whale,"7.18623469999999, 79.8208027",,whales & Dolphins Sri Lanka by Anouk Ilangakoon,Pitipana/Negombo; single animal,,,"7.186234699999999, 79.82080270000006","7.186234699999999, 79.82080270000006",,,,,,,MMI,7.1862347,79.8208027,1576,FALSE,,1331,FALSE,,
886,1861,8,6,1982,Tamil Nadu,Sperm whale,Sperm whale,"11.0290373, 79.8506815",,"Silas et al,, 1985; Nammalwar & Thanapathi 1982",One young male measuring 9.06 m stranded near Tranquebar. 11N. 798E,,,"11.0290373, 79.85068150000006","11.0290373, 79.85068150000006",,,,,,,MMI,11.0290373,79.8506815,1577,FALSE,,1332,FALSE,,
1164,1862,8,6,1982,Tamil Nadu,Sperm whale,Sperm whale,,,,,,,,,,,,,,,"James, 1983",,,1578,FALSE,,1333,FALSE,,
1609,1863,15,5,1982,Tamil Nadu,Spinner dolphin,Spinner dolphin,"11.50844, 79.75681","Rajaguru, A, & Natarajan, R, 1985 Systematics and organ weights of two dolphins, Stenella longirostris Gray, 1928 and Tursiops truncatusMontagu, 1821 of Porto Novo, southeast coast of India, Proc, Symp, on Endangered Marine Animals and Marine Parks",,,,,,,,,,,,,MMI-later,11.50844,79.75681,1579,FALSE,,1334,FALSE,,
1610,1864,14,4,1982,Sri Lanka,Blue whale,Blue whale,"7.87305, 80.77179","Leatherwood, S, 1984 Further notes on cetaceans of Sri Lanka, Paper No,SC-36-06 presented to the International Whaling Commission Scientific Committee,12 pages,",,,,,,,,,,,,,MMI-later,7.87305,80.77179,1580,FALSE,,1335,FALSE,,
1612,1865,14,4,1982,Tamil Nadu,Bryde's whale,Bryde's whale,"10.47122, 79.57531","Leatherwood, S, 1984 Further notes on cetaceans of Sri Lanka, Paper No,SC-36-06 presented to the International Whaling Commission Scientific Committee,12 pages,",,,,,,,,,,,,,MMI-later,10.47122,79.57531,1581,FALSE,,1336,FALSE,,
1613,1866,14,4,1982,Andhra Pradesh,Sperm whale,Sperm whale,"13.8268, 80.27071","Leatherwood, S, 1984 Further notes on cetaceans of Sri Lanka, Paper No,SC-36-06 presented to the International Whaling Commission Scientific Committee,12 pages,",,,,,,,,,,,,,MMI-later,13.8268,80.27071,1582,FALSE,,1337,FALSE,,
1611,1867,14,4,1982,Sri Lanka,Unidentified baleen whale,Unidentified baleen whale,"8.05922, 81.19679","Leatherwood, S, 1984 Further notes on cetaceans of Sri Lanka, Paper No,SC-36-06 presented to the International Whaling Commission Scientific Committee,12 pages,",,,,,,,,,,,,,MMI-later,8.05922,81.19679,1583,FALSE,,1338,FALSE,,
1614,1868,1,4,1982,Andaman & Nicobar islands,Indo-Pacific bottlenose dolphin,Bottlenose dolphin,,"De Silva, P,H,D,H, 1987 Cetaceans whales, dolphins and porpoises recorded off Sri Lanka, India, from the Arabian Sea and Gulf, Gulf of Aden and from the Red Sea,Journal of the Bombay Natural History Society, 843, 505-525,",,,,,,,,,,,,,MMI-later,,,1584,FALSE,,1339,FALSE,,
1615,1869,25,3,1982,Tamil Nadu,Indo-Pacific bottlenose dolphin,Bottlenose dolphin,"11.50844, 79.75681","Rajaguru, A, & Natarajan, R, 1985 Systematics and organ weights of two dolphins, Stenella longirostris Gray, 1928 and Tursiops truncatusMontagu, 1821 of Porto Novo, southeast coast of India, Proc, Symp, on Endangered Marine Animals and Marine Parks",,,,,,,,,,,,,MMI-later,11.50844,79.75681,1585,FALSE,,1340,FALSE,,
1183,1870,20,3,1982,Pakistan,Melon-headed whale,Melon-headed whale,,,,,,,,,,,,,,,"Mohd. Farooq Ahmad, 1982",,,1586,FALSE,,1341,FALSE,,
887,1871,20,2,1982,Tamil Nadu,Long beaked common dolphin,Long-beaked common dolphin,"9.27703919999999, 79.1252174",,"Krishna Pillai, S, & Kasinathan, C, 1987 Some observations on dolphins in Mandapam area with a note on their food,Marine Fisheries Information Service Technical & Extension Series, 71, 13-16,",Young male specimen washed ashore at Mandapam,,,"9.277039199999999, 79.1252174","9.277039199999999, 79.1252174",,,,,,,MMI,9.2770392,79.1252174,1587,FALSE,,1342,FALSE,,
1616,1872,20,2,1982,Tamil Nadu,Long beaked common dolphin,Long-beaked common dolphin,"9.27703, 79.12521","Krishna Pillai, S, & Kasinathan, C, 1987 Some observations on dolphins in Mandapam area with a note on their food,Marine Fisheries Information Service Technical & Extension Series, 71, 13-16,",,,,,,,,,,,,,MMI-later,9.27703,79.12521,1588,TRUE,1587,1911,FALSE,,
1618,1873,,,1982,Kerala,False killer whale,False killer whale,"10.82893, 75.84261","Alling, A, 1986 Records of odontocetes in the northern Indian Ocean 1981-1982 and off the coast of Sri Lanka 1982-1984, Journal of the Bombay Natural History Society, 832, 376-394,, 1986",,,,,,,,,,,,,MMI-later,10.82893,75.84261,1589,FALSE,,1343,FALSE,,
1619,1874,,,1982,Tamil Nadu,Indo-Pacific bottlenose dolphin,Bottlenose dolphin,"6.26717, 77.92817","Alling, A, 1986 Records of odontocetes in the northern Indian Ocean 1981-1982 and off the coast of Sri Lanka 1982-1984, Journal of the Bombay Natural History Society, 832, 376-394,, 1986",,,,,,,,,,,,,MMI-later,6.26717,77.92817,1590,FALSE,,1344,FALSE,,
1620,1875,,,1982,Kerala,Long beaked common dolphin,Long-beaked common dolphin,"9.93123, 76.2673","Mahadevan Pillai, P,K, & Chandrangathan, S,B, 1990 On the drift-net entangled dolphins landed at Sakthikulangara,Marine Fisheries Information Service Technical & Extension Series, 104, 16-17,",,,,,,,,,,,,,MMI-later,9.93123,76.2673,1591,FALSE,,1345,FALSE,,
1621,1876,,,1982,Tamil Nadu,Long beaked common dolphin,Long-beaked common dolphin,"10.47122, 79.57531","Alling, A, 1986 Records of odontocetes in the northern Indian Ocean 1981-1982 and off the coast of Sri Lanka 1982-1984, Journal of the Bombay Natural History Society, 832, 376-394,, 1986",,,,,,,,,,,,,MMI-later,10.47122,79.57531,1592,FALSE,,1346,FALSE,,
1617,1877,,,1982,Tamil Nadu,Risso's dolphin,Risso's dolphin,"6.26717, 77.92817","Alling, A, 1986 Records of odontocetes in the northern Indian Ocean 1981-1982 and off the coast of Sri Lanka 1982-1984, Journal of the Bombay Natural History Society, 832, 376-394,, 1986",,,,,,,,,,,,,MMI-later,6.26717,77.92817,1593,FALSE,,1347,FALSE,,
1622,1878,,,1982,Kerala,Spinner dolphin,Spinner dolphin,"9.94282, 76.95302","Alling, A, 1986 Records of odontocetes in the northern Indian Ocean 1981-1982 and off the coast of Sri Lanka 1982-1984, Journal of the Bombay Natural History Society, 832, 376-394,, 1986",,,,,,,,,,,,,MMI-later,9.94282,76.95302,1594,FALSE,,1348,FALSE,,
1623,1879,,,1982,Kerala,Striped dolphin,Striped dolphin,"8.385, 76.98428","Alling, A, 1986 Records of odontocetes in the northern Indian Ocean 1981-1982 and off the coast of Sri Lanka 1982-1984, Journal of the Bombay Natural History Society, 832, 376-394,, 1986",,,,,,,,,,,,,MMI-later,8.385,76.98428,1595,FALSE,,1349,FALSE,,
1624,1880,8,12,1981,Tamil Nadu,Indo-Pacific bottlenose dolphin,Bottlenose dolphin,"9.27703, 79.12521","Krishna Pillai, S, & Kasinathan, C, 1987 Some observations on dolphins in Mandapam area with a note on their food,Marine Fisheries Information Service Technical & Extension Series, 71, 13-16,",,,,,,,,,,,,,MMI-later,9.27703,79.12521,1596,FALSE,,1350,FALSE,,
1625,1881,26,11,1981,Tamil Nadu,Indo-Pacific bottlenose dolphin,Bottlenose dolphin,"9.27703, 79.12521","Krishna Pillai, S, & Kasinathan, C, 1987 Some observations on dolphins in Mandapam area with a note on their food,Marine Fisheries Information Service Technical & Extension Series, 71, 13-16,",,,,,,,,,,,,,MMI-later,9.27703,79.12521,1597,FALSE,,1351,FALSE,,
1180,1882,7,11,1981,Pakistan,Indo-Pacific humpback dolphin,Humpback dolphin,,,,,,,,,,,,,,,"Mohd. Farooq Ahmad, 1982",,,1598,FALSE,,1352,FALSE,,
1196,1883,3,11,1981,Pakistan,Indo-Pacific finless porpoise,Indo-Pacific finless porpoise,,,,,,,,,,,,,,,"Mohd. Farooq Ahmad, 1982",,,1599,FALSE,,1353,FALSE,,
1194,1884,17,10,1981,Pakistan,False killer whale,False killer whale,,,,,,,,,,,,,,,Ahmad 1982,,,1600,FALSE,,1354,FALSE,,
1179,1885,15,10,1981,Pakistan,Indo-Pacific humpback dolphin,Humpback dolphin,,,,,,,,,,,,,,,"Mohd. Farooq Ahmad, 1982",,,1601,FALSE,,1355,FALSE,,
1181,1886,15,10,1981,Pakistan,Long-beaked common dolphin,Long-beaked common dolphin,,,,,,,,,,,,,,,"Mohd. Farooq Ahmad, 1982",,,1602,FALSE,,1356,FALSE,,
1178,1887,14,10,1981,Pakistan,Indo-Pacific humpback dolphin,Humpback dolphin,,,,,,,,,,,,,,,"Mohd. Farooq Ahmad, 1982",,,1603,FALSE,,1357,FALSE,,
1182,1888,14,10,1981,Pakistan,Melon-headed whale,Melon-headed whale,,,,,,,,,,,,,,,"Mohd. Farooq Ahmad, 1982",,,1604,FALSE,,1358,FALSE,,
1626,1889,19,9,1981,Kerala,Spinner dolphin,Spinner dolphin,"11.24797, 75.71449","James, P,S,B,R, & Lal Mohan, R,S, 1987 The Marine Mammals of India,Marine Fisheries Information Service Technical & Extension Series, 71, 1-13, & Lal Mohan, 1987",,,,,,,,,,,,,MMI-later,11.24797,75.71449,1605,FALSE,,1359,FALSE,,
1627,1890,15,9,1981,Kerala,Indian Ocean humpback dolphin,Humpback dolphin,"11.24528, 75.74745","Lal Mohan, R,S, 1982 A note on the fetuses of the dolphins Tursiops aduncus and Sousa plumbea from the south west coast of India,Indian Journal of Fisheries, 29, 249-252,",,,,,,,,,,,,,MMI-later,11.24528,75.74745,1606,FALSE,,1360,FALSE,,
1628,1891,24,4,1981,Tamil Nadu,Unidentified baleen whale,Unidentified baleen whale,"8.39322, 77.4626","Anonymous 1981b Incidental catch of whale off Vizhinjam, CMFRI Newsletter, 12, 6,",,,,,,,,,,,,,MMI-later,8.39322,77.4626,1607,FALSE,,1361,FALSE,,
1177,1892,20,3,1981,Pakistan,Indo-Pacific humpback dolphin,Humpback dolphin,,,,,,,,,,,,,,,"Mohd. Farooq Ahmad, 1982",,,1608,FALSE,,1362,FALSE,,
888,1893,18,2,1981,Tamil Nadu,Unidentified baleen whale,Unidentified baleen whale,"8.3368919, 77.9724373999999",,"Anonymous 1981a News, CMFRI Newsletter, 11, 5,",Balaenoptera sp. whale measuring 11.5 m stranded at Periathalai coast,,,"8.3368919, 77.97243739999999","8.3368919, 77.97243739999999",,,,,,,MMI,8.3368919,77.9724374,1609,FALSE,,1363,FALSE,,
1629,1894,12,2,1981,Kerala,Indian Ocean humpback dolphin,Humpback dolphin,"11.25875, 75.73646","Lal Mohan, R,S, 1983 On a Humpback Dolphin Sousa chinensis in captivity,Indian Journal of Fisheries, 30, 160-161,",,,,,,,,,,,,,MMI-later,11.25875,75.73646,1610,FALSE,,1364,FALSE,,
1630,1895,31,1,1981,Kerala,Indo-Pacific bottlenose dolphin,Bottlenose dolphin,"11.25875, 75.78041","Lal Mohan, R,S, 1982 A note on the fetuses of the dolphins Tursiops aduncus and Sousa plumbea from the south west coast of India,Indian Journal of Fisheries, 29, 249-252,",,,,,,,,,,,,,MMI-later,11.25875,75.78041,1611,FALSE,,1365,FALSE,,
889,1896,30,1,1981,Tamil Nadu,Sei whale*,Sei whale,"8.7816075, 79.6502104999999",,"James, P,S,B,R, & Soundararajan, R, 1980 On a Sperm whale Physeter macrocephalus Linnaeus stranded at Krusadai Island in the Gulf of Mannar, with an up-to-date list and diagnostic features of whales stranded along the Indian coast,Addendum,Journal of th",Decomposed specimen entangled in drift nets near Mallipatnam.Thanjavur district,,,"8.7816075, 79.65021049999996","8.7816075, 79.65021049999996",,,,,,,MMI,8.7816075,79.6502105,1612,FALSE,,1366,FALSE,,
890,1897,22,1,1981,Sri Lanka,Humpback whale,Humpback whale,"7.5619894, 79.8016569",,whales & Dolphins Sri Lanka by Anouk Ilangakoon,Chilaw; single animal; 39 feet 6 inches long,,,"7.561989400000001, 79.80165690000001","7.561989400000001, 79.80165690000001",,,,,,,MMI,7.5619894,79.8016569,1613,FALSE,,1367,FALSE,,
1631,1898,,,1981,Kerala,Indo-Pacific bottlenose dolphin,Bottlenose dolphin,"9.93123, 76.2673","Silas, E,G,, Parameswaran Pillai, P,, Jayaprakash, A,A, & Ayyappan Pillai, M, 1984 Focus on small scale fisheries drift gillnet fishery off Cochin, 1981 and 1982, Marine Fisheries Information Service Technical & Extension Series, 55, 1-12,",,,,,,,,,,,,,MMI-later,9.93123,76.2673,1614,FALSE,,1368,FALSE,,
1632,1899,,,1981,Kerala,Long beaked common dolphin,Long-beaked common dolphin,"9.93123, 76.2673","Silas, E,G,, Parameswaran Pillai, P,, Jayaprakash, A,A, & Ayyappan Pillai, M, 1984 Focus on small scale fisheries drift gillnet fishery off Cochin, 1981 and 1982, Marine Fisheries Information Service Technical & Extension Series, 55, 1-12,",,,,,,,,,,,,,MMI-later,9.93123,76.2673,1615,FALSE,,1369,FALSE,,
1633,1900,16,12,1980,Tamil Nadu,Short-finned pilot whale,Short-finned pilot whale,"12.26676, 82.65109","Leatherwood, S,, McDonald, D,, Prematunga, W, P,, Girton, P,, Ilangakoon, A, & McBrearty, D, 1991 Records of the blackfish Killer, False Killer, Pilot, Pygmy Killer and Melon-headed whales in the Indian Ocean, 1772-1986,In:Cetaceans and Cetacean Res",,,,,,,,,,,,,MMI-later,12.26676,82.65109,1616,FALSE,,1370,FALSE,,
1634,1901,14,12,1980,Andhra Pradesh,Short-finned pilot whale,Short-finned pilot whale,"14.16665, 81.5964","Leatherwood, S,, McDonald, D,, Prematunga, W, P,, Girton, P,, Ilangakoon, A, & McBrearty, D, 1991 Records of the blackfish Killer, False Killer, Pilot, Pygmy Killer and Melon-headed whales in the Indian Ocean, 1772-1986,In:Cetaceans and Cetacean Res",,,,,,,,,,,,,MMI-later,14.16665,81.5964,1617,FALSE,,1371,FALSE,,
1216,1902,1,12,1980,Gujarat,Blue whale,Blue whale,,,,,,,,,,,,,,,James 1983,,,1618,FALSE,,1372,FALSE,,
1635,1903,1,12,1980,Kerala,Indo-Pacific bottlenose dolphin,Bottlenose dolphin,"11.25875, 75.78041","Lal Mohan, R,S, 1982 A note on the fetuses of the dolphins Tursiops aduncus and Sousa plumbea from the south west coast of India,Indian Journal of Fisheries, 29, 249-252,",,,,,,,,,,,,,MMI-later,11.25875,75.78041,1619,FALSE,,1373,FALSE,,
891,1904,25,11,1980,Kerala,Sperm whale,Sperm whale,"8.8932118, 76.6141396",,"Bande, V,N,, Luther, G,, Lazarus, S, & Jayaprakash, A,A, 1980 The stranding of a young Sperm whale near Quilon,Marine Fisheries Information Service Technical & Extension Series, 25, 14-15,",Young female stranded at Puthenthuruth Island. Quilon,,,"8.8932118, 76.61413960000004","8.8932118, 76.61413960000004",,,,,,,MMI,8.8932118,76.6141396,1620,FALSE,,1374,FALSE,,
1163,1905,25,11,1980,Unknown,Sperm whale,Sperm whale,,,,,,,,,,,,,,,"James, 1983",,,1621,FALSE,,1375,TRUE,1374,
1636,1906,12,11,1980,Tamil Nadu,Indo-Pacific bottlenose dolphin,Bottlenose dolphin,"9.27703, 79.12521","Krishna Pillai, S, & Kasinathan, C, 1987 Some observations on dolphins in Mandapam area with a note on their food,Marine Fisheries Information Service Technical & Extension Series, 71, 13-16,",,,,,,,,,,,,,MMI-later,9.27703,79.12521,1622,FALSE,,1376,FALSE,,
892,1907,30,4,1980,Tamil Nadu,Sperm whale,Sperm whale,"9.2475977, 79.211982",,"James, P,S,B,R, & Soundararajan, R, 1979 On a Sperm whale Physeter macrocephalus Linnaeus stranded at Krusadai Island in the Gulf of Mannar, with an up-to-date list and diagnostic features of whales stranded along the Indian coast,Journal of the Marine",8.1 m long male washed ashore on Krusadai Island,,,"9.2475977, 79.21198200000003","9.2475977, 79.21198200000003",,,,,,,MMI,9.2475977,79.211982,1623,FALSE,,1377,FALSE,,
1162,1908,30,4,1980,Tamil Nadu,Sperm whale,Sperm whale,,,,,,,"9.24629342210588, 79.2118081675625",,,,,,,,"James, 1983",9.246293422,79.21180817,1624,TRUE,1623,1912,FALSE,,
893,1909,12,4,1980,Tamil Nadu,Sperm whale,Sperm whale,"12.626927, 80.1927109",,"James, D,B, & Manivasagam, S, 1976 A note on the stranding of the Sperm whale Physeter catodon Linnaeus at Mahabalipuram on the east coast of India,Journal of the Marine Biological Association of India, 18, 399-402,;James, P,S,B,R, & Soundararajan, R,",Young male stranded at Mahabalipuram. near Madras,,,"12.626927, 80.19271090000007","12.626927, 80.19271090000007",,,,,,,MMI,12.626927,80.1927109,1625,FALSE,,1378,FALSE,,
1161,1910,12,4,1980,Tamil Nadu,Sperm whale,Sperm whale,,,,,,,"12.6116757097234, 80.1972770921651",,,,,,,,"James and Manivasagam, 1980;",12.61167571,80.19727709,1626,TRUE,1625,1913,FALSE,,
894,1911,20,2,1980,Goa,Indo-Pacific finless porpoise,Indo-Pacific finless porpoise,"15.2993265, 74.123996",,"Hafeezullah, M,1984 Record of a foetus of the Finless Black Porpoise from Goa coast,Journal of the Bombay Natural History Society, 811, 183-186,",-,,,"15.2993265, 74.12399600000003","15.2993265, 74.12399600000003",,,,,,,MMI,15.2993265,74.123996,1627,FALSE,,1379,FALSE,,
895,1912,10,10,1979,Tamil Nadu,Unidentified baleen whale,Unidentified baleen whale,"10.2805604, 79.3169801999999",,"James, P,S,B,R, & Soundararajan, R, 1979 On a Sperm whale Physeter macrocephalus Linnaeus stranded at Krusadai Island in the Gulf of Mannar, with an up-to-date list and diagnostic features of whales stranded along the Indian coast,Journal of the Marine",Balaenoptera sp. whale at Chinna Monai village. near Mallipatnam,,,"10.2805604, 79.31698019999999","10.2805604, 79.31698019999999",,,,,,,MMI,10.2805604,79.3169802,1628,FALSE,,1380,FALSE,,
896,1913,2,7,1979,Kerala,Bryde's whale,Bryde's whale,"8.3850021, 76.9842876999999",,"Lal Mohan, R,S, 1992 Observations on the whales Balaenoptera edeni, B, musculus and Megaptera novaeangliae washed ashore along the Indian coast with a note on their osteology,Journal of the Marine Biological Association of India, 34, 253-255,",A 13 m specimen washed ashore at Beypore. Calicut,,,"8.3850021, 76.98428769999998","8.3850021, 76.98428769999998",,,,,,,MMI,8.3850021,76.9842877,1629,FALSE,,1381,FALSE,,
897,1914,1,7,1979,Tamil Nadu,Sperm whale,Sperm whale,"9.215057, 79.1287459",,"James, P,S,B,R, & Soundararajan, R, 1979 On a Sperm whale Physeter macrocephalus Linnaeus stranded at Krusadai Island in the Gulf of Mannar, with an up-to-date list and diagnostic features of whales stranded along the Indian coast,Journal of the Marine",Male washed ashore on Manauli Island. Gulf of Mannar,,,"9.215057, 79.12874590000001","9.215057, 79.12874590000001",,,,,,,MMI,9.215057,79.1287459,1630,FALSE,,1382,FALSE,,
1160,1915,,7,1979,Tamil Nadu,Sperm whale,Sperm whale,,,,,,,"9.21681071234432, 79.1300092570922",,,,,,,,"James, 1983",9.216810712,79.13000926,1631,TRUE,1630,1914,FALSE,,
1121,1916,30,4,1979,Tamil Nadu,Sperm whale,Sperm whale,,,,,,,,,,,,,,,James & Soundararajan 1979,,,1632,FALSE,,1383,FALSE,,
1637,1917,30,3,1979,Andaman & Nicobar islands,Long beaked common dolphin,Long-beaked common dolphin,"11.62337, 92.72648","Sivaprakasam, T,E, 1980 On the unusual occurrence of the Common dolphin Delphinus delphis Linnaeus in longline catches at Port Blair, Andamans,Journal of the Bombay Natural History Society, 772, 320-321,",,,,,,,,,,,,,MMI-later,11.62337,92.72648,1633,FALSE,,1384,FALSE,,
1638,1918,21,12,1978,Kerala,Indo-Pacific bottlenose dolphin,Bottlenose dolphin,"11.25875, 75.78041","James, P,S,B,R, & Lal Mohan, R,S, 1987 The Marine Mammals of India,Marine Fisheries Information Service Technical & Extension Series, 71, 1-13, & Lal Mohan, 1987",,,,,,,,,,,,,MMI-later,11.25875,75.78041,1634,FALSE,,1385,FALSE,,
1639,1919,2,9,1978,Kerala,Indian Ocean humpback dolphin,Humpback dolphin,"11.25875, 75.78041","James, P,S,B,R, & Lal Mohan, R,S, 1987 The Marine Mammals of India,Marine Fisheries Information Service Technical & Extension Series, 71, 1-13,",,,,,,,,,,,,,MMI-later,11.25875,75.78041,1635,FALSE,,1386,FALSE,,
898,1920,1,8,1978,Gujarat,False killer whale,False killer whale,"20.9364412694766, 72.9575279640624",,"De Silva, P,H,D,H, 1987 Cetaceans whales, dolphins and porpoises recorded off Sri Lanka, India, from the Arabian Sea and Gulf, Gulf of Aden and from the Red Sea,Journal of the Bombay Natural History Society, 843, 505-525,va, 1987",Specimen from Gulf of Cambay. Maharashtra in Institute of Science. Navsari,,,"20.93644126947662, 72.95752796406248","20.93644126947662, 72.95752796406248",,,,,,,MMI,20.89280953,72.79298024,1636,FALSE,,1387,FALSE,,Remapped
1640,1921,1,8,1978,Gujarat,False killer whale,False killer whale,"20.93644, 72.95752","De Silva, P,H,D,H, 1987 Cetaceans whales, dolphins and porpoises recorded off Sri Lanka, India, from the Arabian Sea and Gulf, Gulf of Aden and from the Red Sea,Journal of the Bombay Natural History Society, 843, 505-525,va, 1987",,,,,,,,,,,,,MMI-later,20.89280953,72.79298024,1637,TRUE,1636,1915,FALSE,,Remapped
899,1922,15,6,1978,Gujarat,Dugong,Dugong,"22.7442881, 69.9550338",,"Frazier, J, G, & Mundkur, T, 1990 Dugong Dugong dugon Muller in the Gulf of Kutch, Gujarat,Journal of the Bombay Natural History Society, , 873 , 368-379,",Decomposed carcass of male found on Bhaidar Island. Gulf of Kutch,,,"22.7442881, 69.95503380000002","22.7442881, 69.95503380000002",,,,,,,MMI,22.42260001,69.18608269,1638,FALSE,,1388,FALSE,,Remapped
1641,1923,19,11,1977,Tamil Nadu,Irrawaddy dolphin,Irrawaddy dolphin,"10.47122, 79.57531","Miller, H, 1997 Of dolphins and deluges, Madras Musings,November 16-30, 1997, 5,",,,,,,,,,,,,,MMI-later,10.47122,79.57531,1639,FALSE,,1389,FALSE,,
1642,1924,4,10,1977,Tamil Nadu,Blue whale,Blue whale,"8.7816, 79.65021","James, P,S,B,R, & Soundararajan, R, 1979 On a Sperm whale Physeter macrocephalus Linnaeus stranded at Krusadai Island in the Gulf of Mannar, with an up-to-date list and diagnostic features of whales stranded along the Indian coast,Journal of the Marine",,,,,,,,,,,,,MMI-later,8.7816,79.65021,1640,FALSE,,1390,FALSE,,
1643,1925,8,7,1977,Andaman & Nicobar islands,Dugong,Dugong,,"Sivaprakasam, T,E, 1980 On the unusual occurrence of the Common dolphin Delphinus delphis Linnaeus in longline catches at Port Blair, Andamans,Journal of the Bombay Natural History Society, 772, 320-321,",,,,,,,,,,,,,MMI-later,,,1641,FALSE,,1391,FALSE,,
1644,1926,9,6,1977,Andaman & Nicobar islands,False killer whale,False killer whale,,"Sivaprakasam, T,E, 1980 On the unusual occurrence of the Common dolphin Delphinus delphis Linnaeus in longline catches at Port Blair, Andamans,Journal of the Bombay Natural History Society, 772, 320-321,",,,,,,,,,,,,,MMI-later,,,1642,FALSE,,1392,FALSE,,
900,1927,1,4,1977,Gujarat,Indo-Pacific humpback dolphin,Humpback dolphin,"20.4825421, 72.8892820999999",,"Joglekar, N,S,, Vasavada, S,B, & Desai, R,M, 1975 On the stranding of Sotalia Cetacea :Odontoceti off the coast of Daman South Gujarat, India,Journal of the Marine Biological Association of India, 17, 695-696,",One dead specimen on the Udwada coast. south Gujarat. about 25 km from Dama Joglekar. N.S.. Vasavada. S.B. & Desai. R.M. 1975 On the stran 2009-12-13 21,,,"20.4825421, 72.88928209999995","20.4825421, 72.88928209999995",,,,,,,MMI,20.49149828,72.86876863,1643,FALSE,,1393,FALSE,,Remapped
1112,1928,,4,1977,Gujarat,Indo-Pacific humpback dolphin,Humpback dolphin,,,,,,,"20.48531931, 72.86524992",72.86524992,,,,,,,"Joglekar et al., 1977",20.48531931,72.86524992,1644,TRUE,1643,1916,FALSE,,
901,1929,20,12,1976,Tamil Nadu,Blue whale,Blue whale,"8.7816075, 79.6502104999999",,"Marichamy, R,, Rajapandian, M,E, & Srinivasan, A, 1984 The stranding of rorqual whale Balaenoptera musculus Linnaeus in the Gulf of Mannar,Journal of the Marine Biological Association of India, 26, 168-170,",Immature female 6.35 m long stranded at Ovari. Gulf of Mannar.,,,"8.7816075, 79.65021049999996","8.7816075, 79.65021049999996",,,,,,,MMI,8.7816075,79.6502105,1645,FALSE,,1394,FALSE,,
902,1930,16,12,1976,Gujarat,Indian Ocean humpback dolphin,Humpback dolphin,"20.4529647577254, 72.7808927593749",,"Joglekar, N,S,, Vasavada, S,B, & Desai, R,M, 1975 On the stranding of Sotalia Cetacea :Odontoceti off the coast of Daman South Gujarat, India,Journal of the Marine Biological Association of India, 17, 695-696,",One dolphin washed ashore on the coast of Devka. 2025N. 7253E. identified as Sotalia sp.,,,"20.452964757725415, 72.78089275937498","20.452964757725415, 72.78089275937498",,,,,,,MMI,20.43941463,72.83003976,1646,FALSE,,1395,FALSE,,Remapped
903,1931,16,12,1976,Gujarat,Indian Ocean humpback dolphin,Humpback dolphin,"20.4555381719289, 72.7932523785156",,"Joglekar, N,S,, Vasavada, S,B, & Desai, R,M, 1975 On the stranding of Sotalia Cetacea :Odontoceti off the coast of Daman South Gujarat, India,Journal of the Marine Biological Association of India, 17, 695-696,",One dolphin washed ashore on the coast of Devka. 2025N. 7253E. identified as Sotalia sp.,,,"20.455538171928957, 72.7932523785156","20.455538171928957, 72.7932523785156",,,,,,,MMI,20.4433586,72.8315806,1647,TRUE,1646,1917,FALSE,,Remapped
1111,1932,16,12,1976,Gujarat,Indo-Pacific humpback dolphin,Humpback dolphin,,,,,,,"20.4433586, 72.8315806",72.8315806,,,,,,,"Joglekar et al., 1977",20.4433586,72.8315806,1648,TRUE,1646,1918,FALSE,,
1193,1933,27,7,1976,Andaman & Nicobar islands,False killer whale,False killer whale,,,,Bycaught,,,,,,,,,,,James 1984,,,1649,FALSE,,1396,FALSE,,
1645,1934,27,7,1976,Andaman & Nicobar islands,False killer whale,False killer whale,,"Sivaprakasam, T,E, 1980 On the unusual occurrence of the Common dolphin Delphinus delphis Linnaeus in longline catches at Port Blair, Andamans,Journal of the Bombay Natural History Society, 772, 320-321,;James, D,B,1984 Capture of a false killer wha",,,,,,,,,,,,,MMI-later,,,1650,FALSE,,1397,FALSE,,
1206,1935,,3,1976,Sri Lanka,Blue whale,Blue whale,,,,,,,,,,,,,,,De Silva 1987,,,1651,FALSE,,1398,FALSE,,
1648,1936,,,1976,Kerala,Indo-Pacific bottlenose dolphin,Bottlenose dolphin,"11.25875, 75.78041","Lal Mohan, R,S, 1985 Observations on the by-catch of dolphins Stenella longirostris, Tursiops aduncus, Sousa chinensis and Delphinus delphis tropicalis in the gillnets off Calicut coast, India, Proc, Symp, Endangered Marine Animals and Marine Parks, 19",,,,,,,,,,,,,MMI-later,11.25875,75.78041,1652,FALSE,,1399,FALSE,,
1646,1937,,,1976,Kerala,Indo-Pacific finless porpoise,Indo-Pacific finless porpoise,"11.26683, 75.73921","Lal Mohan, R,S, 1985 Observations on the by-catch of dolphins Stenella longirostris, Tursiops aduncus, Sousa chinensis and Delphinus delphis tropicalis in the gillnets off Calicut coast, India, Proc, Symp, Endangered Marine Animals and Marine Parks, 19",,,,,,,,,,,,,MMI-later,11.26683,75.73921,1653,TRUE,1652,1919,FALSE,,
1647,1938,,,1976,Tamil Nadu,Killer whale,Killer whale,"13.49424, 80.30853","Miller, 1976, personal communication",,,,,,,,,,,,,MMI-later,13.49424,80.30853,1654,FALSE,,1400,FALSE,,
1649,1939,,,1976,Kerala,Long beaked common dolphin,Long-beaked common dolphin,"11.25875, 75.78041","Lal Mohan, R,S, 1985 Observations on the by-catch of dolphins Stenella longirostris, Tursiops aduncus, Sousa chinensis and Delphinus delphis tropicalis in the gillnets off Calicut coast, India, Proc, Symp, Endangered Marine Animals and Marine Parks, 19",,,,,,,,,,,,,MMI-later,11.25875,75.78041,1655,FALSE,,1401,FALSE,,
1650,1940,,,1976,Kerala,Spinner dolphin,Spinner dolphin,"11.34493, 75.65956","Lal Mohan, R,S, 1985 Observations on the by-catch of dolphins Stenella longirostris, Tursiops aduncus, Sousa chinensis and Delphinus delphis tropicalis in the gillnets off Calicut coast, India, Proc, Symp, Endangered Marine Animals and Marine Parks, 19",,,,,,,,,,,,,MMI-later,11.34493,75.65956,1656,FALSE,,1402,FALSE,,
904,1941,18,10,1975,Tamil Nadu,False killer whale,False killer whale,"9.30930933626463, 79.3568744125",,"Thiagarajan, R,, Nammalwar, P, & Ameer Hamsa, K,M,S, 1984 Stranding of Pseudorca crassidens at Rameswaram, Gulf of Mannar,Marine Fisheries Information Service Technical & Extension Series, 55, 16,",One male stranded at Rameswaram,,,"9.309309336264636, 79.35687441250002","9.309309336264636, 79.35687441250002",,,,,,,MMI,9.309309336,79.35687441,1657,FALSE,,1403,FALSE,,
905,1942,28,7,1975,Kerala,False killer whale,False killer whale,"11.3126602, 75.7393704718749",,"Lal Mohan, R,S,, Somasekharan Nair, K,V, & Ramadoss, P, 1984 Stranding of Pseudorca crassidens at Calicut, Kerala,Marine Fisheries Information Service Technical & Extension Series, 55, 15,;De Silva, P,H,D,H, 1987 Cetaceans whales, dolphins and porpoi",One specimen stranded at Puthiappa. 5 km north of Calicut,,,"11.312660200000014, 75.73937047187496","11.312660200000014, 75.73937047187496",,,,,,,MMI,11.3126602,75.73937047,1658,FALSE,,1404,FALSE,,
1192,1943,28,7,1975,Kerala,False killer whale,False killer whale,,,,,,,"11.252001062506, 75.7707113107444",,,,,,,,Mohan et al. 1984,11.25200106,75.77071131,1659,FALSE,,1405,TRUE,1404,
906,1944,31,5,1974,Tamil Nadu,Dugong,Dugong,"10.4712288, 79.5753156",,"Nair, R,V, & Lal Mohan, R,S, 1975 Studies on the vocalisation of the Sea Cow Dugong dugon in captivity,Indian Journal of Fisheries, 22, 277-282,",Young male 1.45 m long and a female 1.85 m long in aquarium at Mandapam Camp,,,"10.4712288, 79.57531560000007","10.4712288, 79.57531560000007",,,,,,,MMI,10.4712288,79.5753156,1660,FALSE,,1406,FALSE,,
907,1945,10,2,1973,Kerala,Indo-Pacific finless porpoise,Indo-Pacific finless porpoise,"11.253870681421, 75.7544891320801",,"Balan, V, 1976 A note on a juvenile Indian Porpoise Neomeris phocaenoides Cuvier caught off Calicut,Indian Journal of Fisheries, 23, 263-265,",-,,,"11.253870681421052, 75.75448913208015","11.253870681421052, 75.75448913208015",,,,,,,MMI,11.25387068,75.75448913,1661,FALSE,,1407,FALSE,,
908,1946,14,1,1973,Tamil Nadu,Short-finned pilot whale,Short-finned pilot whale,"8.7816075, 79.6502104999999",,"Alagarswami, K,, Bensam, P,, Rajapandian M,E, & Bastian Fernando, A, 1973 Mass stranding of Pilot whales in the Gulf of Mannar, Indian Journal of Fisheries, 20, 269-279,",147 stranded on a 3 km stretch from Kulasekharapattinam to Manapad. Tamilnadu,,,"8.7816075, 79.65021049999996","8.7816075, 79.65021049999996",,,,,,,MMI,8.7816075,79.6502105,1662,FALSE,,1408,FALSE,,
1159,1947,23,7,1972,Karnataka,Sperm whale,Sperm whale,,,,,,,"14.8272414333709, 74.1251111844869",,,,,,,,"Antony Raja and Vasudev Pai, 1973",14.82724143,74.12511118,1663,FALSE,,1409,FALSE,,
909,1948,23,6,1972,Karnataka,Sperm whale,Sperm whale,"14.8257132, 74.1319533999999",,"Antony Raja, B,T, & Vasudev Pai, M, 1973 On a record of stranded Sperm whale Physeter catodon Linnaeus, at Karwar, Indian Journal of Fisheries, 20, 641-645,",One female 8.37 m long washed ashore at the Kodibag area. where the Kali river,,,"14.8257132, 74.13195339999993","14.8257132, 74.13195339999993",,,,,,,MMI,14.8257132,74.1319534,1664,FALSE,1663,1410,TRUE,1409,
910,1949,1,12,1971,Tamil Nadu,Sei whale*,Sei whale,"10.4712288, 79.5753156",,"Venkatraman, G,, Dorairaj, K,, Devaraj, M, & Ganapathi, R, 1973 On a new record of Sei whale, Balaenoptera borealis Less from Indian waters,Indian Journal of Fisheries, 20, 634-638,",One washed ashore at Pullamadam. northwest of Mandapam Camp. Palk Bay,,,"10.4712288, 79.57531560000007","10.4712288, 79.57531560000007",,,,,,,MMI,10.4712288,79.5753156,1665,FALSE,,1411,FALSE,,
911,1950,8,11,1971,Sri Lanka,Fin whale*,Fin whale,"7.0389911, 79.8660836",,whales & Dolphins Sri Lanka by Anouk Ilangakoon,Uswetakeiyawa; single animal; 45 feet long,,,"7.038991100000001, 79.86608360000002","7.038991100000001, 79.86608360000002",,,,,,,MMI,7.0389911,79.8660836,1666,FALSE,,1412,FALSE,,
912,1951,13,8,1971,Gujarat,Fin whale*,Fin whale,"21.1293929748499, 72.6068355517577",,"Karbhari, J,P,1973 Stranded Fin whale, Balaenoptera physalus Linn, off Magdalla Surat,Indian Journal of Fisheries, 20, 639-640,",Carcass of 14.05 m long whale found off Magdalla near Surat. about 8 km upstrea,,,"21.129392974849942, 72.60683555175774","21.129392974849942, 72.60683555175774",,,,,,,MMI,21.12939297,72.60683555,1667,FALSE,,1413,FALSE,,
1227,1952,11,8,1971,Sri Lanka,Fin whale,Fin whale,,,,,,,,,,,,,,,De Silva 1987,,,1668,FALSE,,1414,TRUE,1413,
1651,1953,25,2,1971,Kerala,Sperm whale,Sperm whale,"10.6651, 73.64479","James, D,B,1990 On a Sperm whale landed at Kalpeni Island with notes on Ambergris,Marine Fisheries Information Service Technical & Extension Series, 104, 11-14,",,,,,,,,,,,,,MMI-later,10.6651,73.64479,1669,FALSE,,1415,FALSE,,
1652,1954,8,1,1971,Tamil Nadu,Dugong,Dugong,"8.7816, 79.65021","Lal Mohan, R,S, 1976 Some observations on the sea cow, Dugong dugon from the Gulf of Mannar and Palk Bay during 1971-1975,Journal of the Marine Biological Association of India, 18, 391-397,",,,,,,,,,,,,,MMI-later,8.7816,79.65021,1670,FALSE,,1416,FALSE,,
913,1955,1,4,1970,Goa,Fin whale*,Fin whale,"15.2993265, 74.123996",,"Dhawan, R,M, 1970 Strandings of four whales along Goa coast between Dec,1968 and April 1970,Journal of the Bombay Natural History Society, 672, 327-328,",13.50 m long specimen found at Candolim. north of Panaji,,,"15.2993265, 74.12399600000003","15.2993265, 74.12399600000003",,,,,,,MMI,15.2993265,74.123996,1671,FALSE,,1417,FALSE,,
914,1956,1,1,1970,Goa,Unidentified baleen whale,Unidentified baleen whale,"14.9931145, 74.0476377999999",,"Dhawan, R,M, 1970 Strandings of four whales along Goa coast between Dec,1968 and April 1970,Journal of the Bombay Natural History Society, 672, 327-328,",13.85 m baleen whale found at Canacona. south of Panaji,,,"14.9931145, 74.04763779999996","14.9931145, 74.04763779999996",,,,,,,MMI,14.9931145,74.0476378,1672,FALSE,,1418,FALSE,,
915,1957,2,4,1969,Tamil Nadu,Blue whale,Blue whale,"8.7816075, 79.6502104999999",,"Bensam, P,, Vincent, S,G, & Mahadevan Pillai, P,K, 1972 On a rorqual, Balaenoptera sp, caught off Tuticorin, Gulf of Mannar,Journal of the Marine Biological Association of India, 14, 886-887,",Juvenile Balaenoptera sp. whale stranded off Tuticorin tentatively identified as a Blue whale.,,,"8.7816075, 79.65021049999996","8.7816075, 79.65021049999996",,,,,,,MMI,8.7816075,79.6502105,1673,FALSE,,1419,FALSE,,
1217,1958,2,4,1969,Tamil Nadu,Blue whale,Blue whale,,,,,,,"8.74478169691794, 78.1724642008568",,,,,,,,James 1983,8.744781697,78.1724642,1674,FALSE,,1420,TRUE,1419,
916,1959,26,2,1969,Goa,Unidentified baleen whale,Unidentified baleen whale,"15.4909301, 73.8278496",,"Dhawan, R,M, 1970 Strandings of four whales along Goa coast between Dec,1968 and April 1970,Journal of the Bombay Natural History Society, 672, 327-328,;Dhawan, R,M, 1972 Strandings of whales along Goa coast,Journal of the Marine Biological Associa",One 14.85 m long dead whale found floating off Baina towed to Panaji,,,"15.4909301, 73.82784960000004","15.4909301, 73.82784960000004",,,,,,,MMI,15.4909301,73.8278496,1675,FALSE,,1421,FALSE,,
917,1960,5,12,1968,Goa,Unidentified baleen whale,Unidentified baleen whale,"15.4909301, 73.8278496",,"Dhawan, R,M, 1970 Strandings of four whales along Goa coast between Dec,1968 and April 1970,Journal of the Bombay Natural History Society, 672, 327-328,;Dhawan, R,M, 1972 Strandings of whales along Goa coast,Journal of the Marine Biological Associa",14.8 m long whale stranded at Mandrem. 20 km north of Panaji,,,"15.4909301, 73.82784960000004","15.4909301, 73.82784960000004",,,,,,,MMI,15.4909301,73.8278496,1676,FALSE,,1422,FALSE,,
918,1961,18,6,1967,Sri Lanka,Cuvier's beaked whale,Cuvier's beaked whale,"5.95492, 80.5549561",,whales & Dolphins Sri Lanka by Anouk Ilangakoon,Madihe/Matara; single animal; 18 feet 6 inches long,,,"5.95492, 80.55495610000003","5.95492, 80.55495610000003",,,,,,,MMI,5.95492,80.5549561,1677,FALSE,,1423,FALSE,,
919,1962,28,3,1967,Sri Lanka,Blue whale,Blue whale,"6.93389488379082, 79.8152377509766",,whales & Dolphins Sri Lanka by Anouk Ilangakoon,Galle face/Colombo; single animal.,,,"6.933894883790822, 79.81523775097662","6.933894883790822, 79.81523775097662",,,,,,,MMI,6.933894884,79.81523775,1678,FALSE,,1424,FALSE,,
920,1963,1,11,1966,Sri Lanka,Sperm whale,Sperm whale,"6.18818519999999, 80.0772392",,whales & Dolphins Sri Lanka by Anouk Ilangakoon,Kahawa; single animal,,,"6.188185199999999, 80.07723920000001","6.188185199999999, 80.07723920000001",,,,,,,MMI,6.1881852,80.0772392,1679,FALSE,,1425,FALSE,,
921,1964,25,5,1966,Kerala,Blue whale,Blue whale,"11.2587531, 75.78041",,"Venkatraman, G, & Girijavallabhan, K,G, 1966 On a whale washed ashore at Calicut,Journal of the Marine Biological Association of India, 8, 373-374,",Washed ashore at Kannanparambu. near Calicut; 13.51 m long.,,,"11.2587531, 75.78041000000007","11.2587531, 75.78041000000007",,,,,,,MMI,11.2587531,75.78041,1680,FALSE,,1426,FALSE,,
922,1965,7,2,1966,Tamil Nadu,Unidentified baleen whale,Unidentified baleen whale,"9.9232645, 79.1463868",,"James, P,S,B,R, & Soundararajan, R, 1979 On a Sperm whale Physeter macrocephalus Linnaeus stranded at Krusadai Island in the Gulf of Mannar, with an up-to-date list and diagnostic features of whales stranded along the Indian coast,Journal of the Marine",A 13.5 m 45 feet Balaenoptera sp. whale at Muthukuda village. Mimisal. Tamilnadu,,,"9.9232645, 79.14638680000007","9.9232645, 79.14638680000007",,,,,,,MMI,9.9232645,79.1463868,1681,FALSE,,1427,FALSE,,
923,1966,5,2,1966,Tamil Nadu,Blue whale,Blue whale,"8.7816075, 79.6502104999999",,"James, P,S,B,R, & Soundararajan, R, 1979 On a Sperm whale Physeter macrocephalus Linnaeus stranded at Krusadai Island in the Gulf of Mannar, with an up-to-date list and diagnostic features of whales stranded along the Indian coast,Journal of the Marine",Putrefied specimen 13.65 m long at Mandapam Palk Bay.,,,"8.7816075, 79.65021049999996","8.7816075, 79.65021049999996",,,,,,,MMI,8.7816075,79.6502105,1682,FALSE,,1428,FALSE,,
1158,1967,11,1,1966,Sri Lanka,Sperm whale,Sperm whale,,,,,,,,,,,,,,,,,,1683,FALSE,,1429,FALSE,,
924,1968,9,10,1965,Maharashtra,Fin whale*,Fin whale,"18.9586766007621, 72.7899187015136",,"Grubh, B,R, &Pereira, M,J, 1965 Strandings of Finner whale Balaenoptera physalus Linn, near Virar Thana Dist, and at Bombay, Maharashtra State,Journal of the Bombay Natural History Society, 623, 550-551;Karbhari, J,P,, Aravindakshan, M, & Prabh",One 15.10 m long specimen washed ashore off Nepean Sea Road. Bombay,,,"18.95867660076211, 72.78991870151367","18.95867660076211, 72.78991870151367",,,,,,,MMI,18.9586766,72.7899187,1684,FALSE,,1430,FALSE,,
1230,1969,6,8,1965,Maharashtra,Fin whale,Fin whale,,,,,,,"19.4521312700327, 72.7476180768501",,,,,,,,Grubh & Pereira 1965,19.45213127,72.74761808,1685,TRUE,1686,1920,FALSE,,
925,1970,6,8,1965,Maharashtra,Fin whale*,Fin whale,"19.447942727456, 72.722423358203",,"Grubh, B,R, &Pereira, M,J, 1965 Strandings of Finner whale Balaenoptera physalus Linn, near Virar Thana Dist, and at Bombay, Maharashtra State,Journal of the Bombay Natural History Society, 623, 550-551",One 14.10 m long specimen stranded at Virar near Bombay,,,"19.447942727456024, 72.72242335820306","19.447942727456024, 72.72242335820306",,,,,,,MMI,19.44794273,72.72242336,1686,FALSE,,1431,TRUE,1430,
926,1971,14,4,1965,Sri Lanka,Blue whale,Blue whale,"9.00542549340362, 81.0377034171874",,whales & Dolphins Sri Lanka by Anouk Ilangakoon,Kokkilai; single animal.,,,"9.00542549340362, 81.03770341718746","9.00542549340362, 81.03770341718746",,,,,,,MMI,9.005425493,81.03770342,1687,FALSE,,1432,FALSE,,
1204,1972,14,4,1965,Sri Lanka,Blue whale,Blue whale,,,,,,,,,,,,,,,De Silva 1987,,,1688,FALSE,,1433,FALSE,,
1205,1973,3,4,1965,Sri Lanka,Blue whale,Blue whale,,,,,,,,,,,,,,,De Silva 1987,,,1689,FALSE,,1434,FALSE,,
927,1974,4,3,1965,Sri Lanka,Blue whale,Blue whale,"6.79773451414041, 79.7286574625",,whales & Dolphins Sri Lanka by Anouk Ilangakoon,Wellavatte; single animal.,,,"6.797734514140411, 79.7286574625","6.797734514140411, 79.7286574625",,,,,,,MMI,6.797734514,79.72865746,1690,FALSE,,1435,FALSE,,
928,1975,12,2,1965,Karnataka,Indo-Pacific finless porpoise,Indo-Pacific finless porpoise,"14.7972382923244, 74.0660816941406",,"Devaraj, M, & Sam Bennett, P, 1974 Occurrence of Xenobalanus globicipitis Steenstrup on the Finless Black Porpoise, Neomeris phocoenoides in Indian seas,Indian Journal of Fisheries, 21, 579-581,",-,,,"14.79723829232449, 74.06608169414062","14.79723829232449, 74.06608169414062",,,,,,,MMI,14.79723829,74.06608169,1691,FALSE,,1436,FALSE,,
929,1976,21,4,1964,Karnataka,Unidentified baleen whale,Unidentified baleen whale,"13.2025566, 74.7498001",,"Nagabhushanam, A,K, & Dhulkhed, M,H, 1964,On a stranded whale on the South Kanara coast,Journal of the Marine Biological Association of India, 6, 323-325,",Whale 15.76 m long washed ashore at Muloor 1325N. 7440.5E. South Kanara,,,"13.2025566, 74.74980010000002","13.2025566, 74.74980010000002",,,,,,,MMI,13.2025566,74.7498001,1692,FALSE,,1437,FALSE,,
930,1977,23,2,1963,Gujarat,Blue whale,Blue whale,"21.1184144668167, 72.6007756714843",,"Daniel, J,C, 1963 Stranding of a Blue whale Balaenoptera musculus Linn, near Surat, Gujarat, with notes on earlier literature,Journal of the Bombay Natural History Society, 601, 252-254,",20.28 m long specimen stranded at Gavier. near Magdalla Port. 11.2 km 7 miles.,,,"21.11841446681671, 72.60077567148437","21.11841446681671, 72.60077567148437",,,,,,,MMI,21.11841447,72.60077567,1693,FALSE,,1438,FALSE,,
1172,1978,26,1,1963,Sri Lanka,Gingko-toothed beaked whale,Ginkgo-toothed beaked whale,,,,,,,,,,,,,,,"Deraniyagala, 1963",,,1694,FALSE,,1439,FALSE,,
931,1979,26,1,1963,Sri Lanka,Ginkgo-toothed beaked whale,Ginkgo-toothed beaked whale,"6.8195453, 79.8800831999999",,whales & Dolphins Sri Lanka by Anouk Ilangakoon,Ratmalana; single animal; female; 14 feet 7 inches long,,,"6.8195453, 79.88008319999994","6.8195453, 79.88008319999994",,,,,,,MMI,6.8195453,79.8800832,1695,FALSE,,1440,FALSE,,
932,1980,7,1,1963,Sri Lanka,Cuvier's beaked whale,Cuvier's beaked whale,"6.1726888, 80.088412",,whales & Dolphins Sri Lanka by Anouk Ilangakoon,Telwatte/Hikkaduwa; single animal,,,"6.1726888, 80.08841200000006","6.1726888, 80.08841200000006",,,,,,,MMI,6.1726888,80.088412,1696,FALSE,,1441,FALSE,,
933,1981,16,11,1962,Sri Lanka,Minke whale*,Minke whale,"9.60463316409551, 80.0241732089844",,whales & Dolphins Sri Lanka by Anouk Ilangakoon,Jaffna; single animal; 28 feet long,,,"9.604633164095516, 80.0241732089844","9.604633164095516, 80.0241732089844",,,,,,,MMI,9.604633164,80.02417321,1697,FALSE,,1442,TRUE,1446,
934,1982,12,11,1962,Sri Lanka,Minke whale*,Minke whale,"9.73647096485713, 79.8364505072265",,whales & Dolphins Sri Lanka by Anouk Ilangakoon,Kayts; single animal; 35 feet long,,,"9.73647096485713, 79.83645050722657","9.73647096485713, 79.83645050722657",,,,,,,MMI,9.736470965,79.83645051,1698,FALSE,,1443,TRUE,1446,
935,1983,12,11,1962,Sri Lanka,Minke whale*,Minke whale,"9.56704581025709, 79.6511915312499",,whales & Dolphins Sri Lanka by Anouk Ilangakoon,Delft West; single animal; 30 feet long,,,"9.567045810257092, 79.65119153124999","9.567045810257092, 79.65119153124999",,,,,,,MMI,9.56704581,79.65119153,1699,FALSE,,1444,TRUE,1446,
936,1984,11,11,1962,Sri Lanka,Minke whale*,Minke whale,"9.63724049999999, 79.9010783999999",,whales & Dolphins Sri Lanka by Anouk Ilangakoon,Velani East; single animal; 30 feet long,,,"9.637240499999999, 79.90107839999996","9.637240499999999, 79.90107839999996",,,,,,,MMI,9.6372405,79.9010784,1700,FALSE,,1445,TRUE,1446,
937,1985,11,11,1962,Sri Lanka,Minke whale*,Minke whale,"9.6679003, 79.7764336999999",,whales & Dolphins Sri Lanka by Anouk Ilangakoon,Analaitivu; single animal; 30 feet long,,,"9.6679003, 79.77643369999998","9.6679003, 79.77643369999998",,,,,,,MMI,9.6679003,79.7764337,1701,FALSE,,1446,FALSE,,
938,1986,19,7,1962,Tamil Nadu,Unidentified baleen whale,Unidentified baleen whale,"9.51330119999999, 80.0311364",,"James, P,S,B,R, & Soundararajan, R, 1979 On a Sperm whale Physeter macrocephalus Linnaeus stranded at Krusadai Island in the Gulf of Mannar, with an up-to-date list and diagnostic features of whales stranded along the Indian coast,Journal of the Marine",21 m 70 feet long Balaenoptera sp. whale found dead at Karangadu. near Devipattinam. Palk Bay,,,"9.513301199999999, 80.03113640000004","9.513301199999999, 80.03113640000004",,,,,,,MMI,9.5133012,80.0311364,1702,FALSE,1697,1447,FALSE,,
939,1987,1,7,1962,Tamil Nadu,Unidentified baleen whale,Unidentified baleen whale,"10.2845042, 79.8240714999999",,"James, P,S,B,R, & Soundararajan, R, 1979 On a Sperm whale Physeter macrocephalus Linnaeus stranded at Krusadai Island in the Gulf of Mannar, with an up-to-date list and diagnostic features of whales stranded along the Indian coast,Journal of the Marine",Seven whales washed ashore along the Palk Bay coast from Karangadu up to north of Point Calimere,,,"10.2845042, 79.82407149999995","10.2845042, 79.82407149999995",,,,,,,MMI,10.2845042,79.8240715,1703,FALSE,,1448,FALSE,,
1653,1988,6,3,1962,Gujarat,Dugong,Dugong,"22.74428, 69.95503","Lal Mohan, R,S, 1963 On the occurrence of Dugong dugon Muller in the Gulf of Cutch,Journal of the Marine Biological Association of India, 5, 152,",,,,,,,,,,,,,MMI-later,22.45598696,69.14735382,1704,FALSE,,1449,FALSE,,Remapped
940,1989,7,1,1962,Gujarat,Dugong,Dugong,"22.7442881, 69.9550338",,"Lal Mohan, R,S, 1963 On the occurrence of Dugong dugon Muller in the Gulf of Cutch,Journal of the Marine Biological Association of India, 5, 152,",Bones of two dugongs stranded at Piroton Island. Gulf of Kutch,,,"22.7442881, 69.95503380000002","22.7442881, 69.95503380000002",,,,,,,MMI,22.60522667,69.95364889,1705,FALSE,1704,1450,TRUE,1449,Remapped
1654,1990,24,5,1961,Tamil Nadu,Unidentified baleen whale,Unidentified baleen whale,"8.62393, 78.72948","Silas, E,G, 1964 Baleen whale in Gulf of Mannar causes death of two fishermen,Journal of the Bombay Natural History Society, 613, 683-684,",,,,,,,,,,,,,MMI-later,8.62393,78.72948,1706,FALSE,,1451,FALSE,,
941,1991,7,12,1960,Gujarat,Blue whale,Blue whale,"21.4122178168267, 69.3906226875",,"De Silva, P,H,D,H, 1987 Cetaceans whales, dolphins and porpoises recorded off Sri Lanka, India, from the Arabian Sea and Gulf, Gulf of Aden and from the Red Sea,Journal of the Bombay Natural History Society, 843, 505-525,;James, P,S,B,R, & Soundara",Stranding at Ganeshgram. Gujarat. specimen 23.4 m 78 feet long.,,,"21.41221781682679, 69.39062268750001","21.41221781682679, 69.39062268750001",,,,,,,MMI,21.59385221,69.64022881,1707,FALSE,,1452,TRUE,1453,Remapped
1215,1992,7,12,1960,Gujarat,Blue whale,Blue whale,,,,,,,,,,,,,,,James 1983,,,1708,FALSE,,1453,FALSE,,
1120,1993,27,11,1960,Tamil Nadu,Blue whale,Blue whale,,,,,,,,,,,,,,,Marichamy et al 1984,,,1709,FALSE,,1454,FALSE,,
942,1994,27,11,1960,Kerala,False killer whale,False killer whale,"8.48746807779636, 76.8933789330078",,"Silas, E,G, & Kumara Pillay, C, 1960 The stranding of two False killer whales Pseudorca crassidens Owen at Pozhikara, north of Cape Comorin,Journal of the Marine Biological Association of India, 2, 198-202,",Two specimens stranded at Pozhikara. 60 km south of Trivandrum,,,"8.487468077796361, 76.89337893300785","8.487468077796361, 76.89337893300785",,,,,,,MMI,8.487468078,76.89337893,1710,FALSE,,1455,FALSE,,
943,1995,30,8,1960,Sri Lanka,Sperm whale,Sperm whale,"6.2441521, 80.0590803999999",,whales & Dolphins Sri Lanka by Anouk Ilangakoon,Ambalagonda; single animal,,,"6.2441521, 80.05908039999997","6.2441521, 80.05908039999997",,,,,,,MMI,6.2441521,80.0590804,1711,FALSE,,1456,FALSE,,
1157,1996,30,8,1960,Sri Lanka,Sperm whale,Sperm whale,,,,,,,,,,,,,,,,,,1712,FALSE,,1457,FALSE,,
1168,1997,14,8,1960,Sri Lanka,Dwarf sperm whale,Dwarf sperm whale,,,,,,,,,,,,,,,Deraniyagala 1961,,,1713,FALSE,,1458,FALSE,,
944,1998,14,8,1960,Sri Lanka,Dwarf sperm whale,Dwarf sperm whale,"6.6362823, 79.9528450999999",,whales & Dolphins Sri Lanka by Anouk Ilangakoon,Wadduwa; single animal,,,"6.6362823, 79.95284509999999","6.6362823, 79.95284509999999",,,,,,,MMI,6.6362823,79.9528451,1714,FALSE,,1459,FALSE,,
945,1999,6,12,1959,Tamil Nadu,Dugong,Dugong,"10.4712288, 79.5753156",,"Jones, S,1959 On a pair of captive dugongs Dugong dugong Erxleben,Journal of the Marine Biological Association of India, 1, 198-202,",1.96 m long female caught beyond Hare Island. Gulf of Mannar,,,"10.4712288, 79.57531560000007","10.4712288, 79.57531560000007",,,,,,,MMI,10.4712288,79.5753156,1715,FALSE,,1460,FALSE,,
946,2000,12,11,1959,Karnataka,Indo-Pacific finless porpoise,Indo-Pacific finless porpoise,"14.779976897617, 74.0468556199218",,"Dawson, E, 1959 On a large catch of the Finless Black Porpoise Neomeris phocaenoides Cuvier,Journal of the Marine Biological Association of India, 1, 259-260,",-,,,"14.779976897617049, 74.04685561992187","14.779976897617049, 74.04685561992187",,,,,,,MMI,14.7799769,74.04685562,1716,FALSE,,1461,FALSE,,
1655,2001,2,10,1959,Tamil Nadu,Dugong,Dugong,"10.47122, 79.57531","Jones, S,1959 On a pair of captive dugongs Dugong dugong Erxleben,Journal of the Marine Biological Association of India, 1, 198-202,",,,,,,,,,,,,,MMI-later,10.47122,79.57531,1717,FALSE,1715,1462,FALSE,,
947,2002,30,7,1959,Gujarat,Dugong,Dugong,"20.5078195, 72.9405927",,"Mani, S,B,1960 Occurrence of the Sea Cow, Halicore dugong, Erxl,, off the Saurashtra coast,Journal of the Bombay Natural History Society, 571, 216-217,;Silas, E,G, 1961 Occurrence of the Sea Cow, Halicore dugong Erxl, off the Saurashtra coast,J",A 3.9 m 13 feet female landed by the same fisherman who found the 1959 Kalyan specimen,,,"20.5078195, 72.94059270000002","20.5078195, 72.94059270000002",,,,,,,MMI,20.5078195,72.9405927,1718,FALSE,,1463,FALSE,,
1656,2003,30,7,1959,Gujarat,Dugong,Dugong,"20.50781, 72.94059","Mani, S,B,1960 Occurrence of the Sea Cow, Halicore dugong, Erxl,, off the Saurashtra coast,Journal of the Bombay Natural History Society, 571, 216-217,;Silas, E,G, 1961 Occurrence of the Sea Cow, Halicore dugong Erxl, off the Saurashtra coast,J",,,,,,,,,,,,,MMI-later,20.51253207,72.88479437,1719,TRUE,1718,1921,FALSE,,Remapped
1657,2004,19,7,1959,Andhra Pradesh,Unidentified baleen whale,Unidentified baleen whale,"16.98906, 82.24746","Lakshmana Rao, C, 1961 On the capture of a baleen whale at Kakinada on the east coast of India,Journal of the Marine Biological Association of India, 3, 273,",,,,,,,,,,,,,MMI-later,16.98906,82.24746,1720,FALSE,,1464,FALSE,,
948,2005,17,7,1959,Gujarat,Dugong,Dugong,"20.5078195, 72.9405927",,"Mani, S,B,1960 Occurrence of the Sea Cow, Halicore dugong, Erxl,, off the Saurashtra coast,Journal of the Bombay Natural History Society, 571, 216-217,;Silas, E,G, 1961 Occurrence of the Sea Cow, Halicore dugong Erxl, off the Saurashtra coast,J",Dead animal found floating near Kalyan lighthouse,,,"20.5078195, 72.94059270000002","20.5078195, 72.94059270000002",,,,,,,MMI,20.5078195,72.9405927,1721,FALSE,,1465,FALSE,,
1658,2006,26,12,1956,Tamil Nadu,Dugong,Dugong,"10.47122, 79.57531","Jones, S,1959 On a pair of captive dugongs Dugong dugong Erxleben,Journal of the Marine Biological Association of India, 1, 198-202,",,,,,,,,,,,,,MMI-later,10.47122,79.57531,1722,FALSE,,1466,FALSE,,
1659,2007,14,6,1955,Tamil Nadu,Dugong,Dugong,"10.47122, 79.57531","Jones, S,1959 On a pair of captive dugongs Dugong dugong Erxleben,Journal of the Marine Biological Association of India, 1, 198-202,",,,,,,,,,,,,,MMI-later,10.47122,79.57531,1723,FALSE,,1467,FALSE,,
1660,2008,23,3,1955,Tamil Nadu,Dugong,Dugong,"10.47122, 79.57531","Jones, S,1959 On a pair of captive dugongs Dugong dugong Erxleben,Journal of the Marine Biological Association of India, 1, 198-202,",,,,,,,,,,,,,MMI-later,10.47122,79.57531,1724,FALSE,,1468,FALSE,,
949,2009,10,12,1954,Kerala,Unidentified baleen whale,Unidentified baleen whale,"11.608495, 75.5917091999999",,"Chacko, P,I, & Mathew, M,J, 1954 Rorqual whale near Badagara, Malabar coast,Journal of the Bombay Natural History Society, 522&3, 585-586,",16.2 m 54 feet long rorqual washed ashore near Badagara. Malabar coast,,,"11.608495, 75.59170919999997","11.608495, 75.59170919999997",,,,,,,MMI,11.608495,75.5917092,1725,FALSE,,1469,FALSE,,
950,2010,28,1,1954,Sri Lanka,False killer whale,False killer whale,"9.65505060619034, 80.3793816646484",,whales & Dolphins Sri Lanka by Anouk Ilangakoon,Chempianpattu; single animal,,,"9.655050606190343, 80.37938166464846","9.655050606190343, 80.37938166464846",,,,,,,MMI,9.655050606,80.37938166,1726,FALSE,,1470,FALSE,,
1189,2011,28,1,1954,Sri Lanka,False killer whale,False killer whale,,,,,,,,,,,,,,,Deraniyagala 1960,,,1727,FALSE,,1471,FALSE,,
1232,2012,28,1,1954,Sri Lanka,Minke whale,Minke whale,,,,,,,,,,,,,,,"Deraniyagala, 1984",,,1728,FALSE,,1472,FALSE,,
951,2013,28,1,1954,Sri Lanka,Minke whale*,Minke whale,"9.65505060619034, 80.3780083736328",,whales & Dolphins Sri Lanka by Anouk Ilangakoon,Chempianpattu; single animal; male; 26 feet,,,"9.655050606190343, 80.37800837363284","9.655050606190343, 80.37800837363284",,,,,,,MMI,9.655050606,80.37800837,1729,FALSE,,1473,TRUE,1470,
952,2014,1,9,1951,Kerala,Unidentified baleen whale,Unidentified baleen whale,"10, 76.25",,"Chacko, P,I, & Mathew, M,J, 1954 Rorqual whale near Badagara, Malabar coast,Journal of the Bombay Natural History Society, 522&3, 585-586,",Rorqual near Gangoli [Malabar coast],,,"10.00, 76.25","10.00, 76.25",,,,,,,MMI,10,76.25,1730,FALSE,,1474,FALSE,,
953,2015,14,5,1951,Maharashtra,Blue whale,Blue whale,"19.0759837, 72.8776559",,"Chari, V,K, 1951 The Great Indian Rorqual or Fin whale Balaenoptera indica Blyth off Umargam Bombay state,Journal of the Bombay Natural History Society, 501, 167,",22.2 m 74 feet long whale at Umargam. 160 km 100 miles from Bombay.,,,"19.0759837, 72.87765590000004","19.0759837, 72.87765590000004",,,,,,,MMI,,,1731,FALSE,,1475,FALSE,,
1228,2016,14,5,1951,Gujarat,Fin whale,Fin whale,,,,,,,"20.1944739850913, 72.7458216897828",,,,,,,,Chari 1951,20.19447399,72.74582169,1732,FALSE,,1476,TRUE,1475,
954,2017,29,5,1950,Tamil Nadu,Dugong,Dugong,"10.4712288, 79.5753156",,"Jones, S,1959 On a pair of captive dugongs Dugong dugong Erxleben,Journal of the Marine Biological Association of India, 1, 198-202,",A full-grown dugong washed ashore at Mandapam Camp. Gulf of Mannar coast,,,"10.4712288, 79.57531560000007","10.4712288, 79.57531560000007",,,,,,,MMI,10.4712288,79.5753156,1733,FALSE,,1477,FALSE,,
1185,2018,,,1950,West Bengal,Short-finned pilot whale,Short-finned pilot whale,,,,Live mass stranding,,Dozens,,,,,,,,,Jones 1953,,,1734,FALSE,,1478,FALSE,,
955,2019,4,8,1949,Sri Lanka,Blue whale,Blue whale,"6.87556580547239, 79.7876180492187",,whales & Dolphins Sri Lanka by Anouk Ilangakoon,Bambalapitiya; single animal.,,,"6.8755658054723945, 79.78761804921874","6.8755658054723945, 79.78761804921874",,,,,,,MMI,6.875565805,79.78761805,1735,FALSE,,1479,FALSE,,
956,2020,6,7,1949,Sri Lanka,Fin whale*,Fin whale,"9.62020427705972, 80.0255465",,whales & Dolphins Sri Lanka by Anouk Ilangakoon,Jaffna; single animal,,,"9.620204277059726, 80.02554650000002","9.620204277059726, 80.02554650000002",,,,,,,MMI,9.620204277,80.0255465,1736,FALSE,,1480,TRUE,1479,
1226,2021,7,6,1949,Sri Lanka,Fin whale,Fin whale,,,,,,,,,,,,,,,Deraniyagala 1960,,,1737,FALSE,,1481,FALSE,,
957,2022,13,5,1949,Maharashtra,Unidentified baleen whale,Unidentified baleen whale,"16.9866032436985, 73.2454186857421",,"Editors 1961 The Dugong Dugong dugon Muller at Bombay-an incorrect record,Journal of the Bombay Natural History Society, 583, 796,",-,,,"16.986603243698593, 73.24541868574215","16.986603243698593, 73.24541868574215",,,,,,,MMI,16.98660324,73.24541869,1738,FALSE,,1482,FALSE,,
958,2023,22,4,1949,Sri Lanka,Fin whale*,Fin whale,"6.9284418646429, 79.828284015625",,whales & Dolphins Sri Lanka by Anouk Ilangakoon,Colombo; single animal,,,"6.928441864642907, 79.82828401562506","6.928441864642907, 79.82828401562506",,,,,,,MMI,6.928441865,79.82828402,1739,FALSE,,1483,FALSE,,
959,2024,12,4,1949,Maharashtra,Unidentified baleen whale,Unidentified baleen whale,"19.0759837, 72.8776559",,"Pillai, N,G, 1949 A whale near Bombay,Journal of the Bombay Natural History Society, 482, 358,",Immature 6 m 20 feet long Balaenoptera sp. whale caught off Bombay,,,"19.0759837, 72.87765590000004","19.0759837, 72.87765590000004",,,,,,,MMI,,,1740,FALSE,,1484,FALSE,,
1203,2025,8,4,1949,Sri Lanka,Blue whale,Blue whale,,,,,,,,,,,,,,,"Deraniyagala, 1960",,,1741,FALSE,,1485,FALSE,,
960,2026,1,4,1949,Kerala,Unidentified baleen whale,Unidentified baleen whale,"12.2289378, 75.1122123999999",,"Chacko, P,I, & Mathew, M,J, 1954 Rorqual whale near Badagara, Malabar coast,Journal of the Bombay Natural History Society, 522&3, 585-586,",Rorqual near Thaikadapuram,,,"12.2289378, 75.11221239999998","12.2289378, 75.11221239999998",,,,,,,MMI,12.2289378,75.1122124,1742,FALSE,,1486,FALSE,,
961,2027,6,1,1949,Sri Lanka,Fin whale*,Fin whale,"6.8856208844527, 79.85233438833",,whales & Dolphins Sri Lanka by Anouk Ilangakoon,Bambalapitiya; single animal,,,"6.885620884452705, 79.85233438833006","6.885620884452705, 79.85233438833006",,,,,,,MMI,6.885620884,79.85233439,1743,FALSE,,1487,FALSE,,
962,2028,1,5,1947,Kerala,Unidentified baleen whale,Unidentified baleen whale,"9.9816358, 76.2998841999999",,"Moses, S,T, 1947 Stranding of whales on the coasts of India,Journal of the Bombay Natural History Society, 472, 377-379,",12 m 40 feet whale stranded at Ernakulam,,,"9.9816358, 76.29988419999995","9.9816358, 76.29988419999995",,,,,,,MMI,9.9816358,76.2998842,1744,FALSE,,1488,FALSE,,
963,2029,1,3,1947,Andhra Pradesh,Unidentified baleen whale,Unidentified baleen whale,"15.6240217429042, 80.2706667843749",,"Moses, S,T, 1947 Stranding of whales on the coasts of India,Journal of the Bombay Natural History Society, 472, 377-379,",21.6 m 72 feet whale stranded at Chinnaganjam. Guntur,,,"15.624021742904235, 80.27066678437495","15.624021742904235, 80.27066678437495",,,,,,,MMI,15.62402174,80.27066678,1745,FALSE,,1489,FALSE,,
964,2030,28,1,1947,Kerala,Unidentified baleen whale,Unidentified baleen whale,"11.1916515, 75.8046378999999",,"Jacob, P,K, & Devidas Menon, M, 1947 The piscivorous habits of the Rorqual or Fin whale Balaenoptera sp,Journal of the Bombay Natural History Society, 471, 156-158,;Moses, S,T, 1947 Stranding of whales on the coasts of India,Journal of the Bombay N",13.5 m 45 feet long Balaenoptera sp. whale stranded at Naduvattom. Calicut,,,"11.1916515, 75.80463789999999","11.1916515, 75.80463789999999",,,,,,,MMI,11.1916515,75.8046379,1746,FALSE,,1490,FALSE,,
965,2031,15,8,1946,Sri Lanka,Sperm whale,Sperm whale,"8.2295281, 79.7596141999999",,whales & Dolphins Sri Lanka by Anouk Ilangakoon,Kalpitiya; single animal,,,"8.2295281, 79.75961419999999","8.2295281, 79.75961419999999",,,,,,,MMI,8.2295281,79.7596142,1747,FALSE,,1491,FALSE,,
966,2032,14,8,1946,Sri Lanka,Sperm whale,Sperm whale,"7.5619894, 79.8016569",,whales & Dolphins Sri Lanka by Anouk Ilangakoon,Chilaw; single animal,,,"7.561989400000001, 79.80165690000001","7.561989400000001, 79.80165690000001",,,,,,,MMI,7.5619894,79.8016569,1748,FALSE,,1492,TRUE,1491,
1154,2033,,8,1946,Sri Lanka,Sperm whale,Sperm whale,,,,,,,,,,,,,,,,,,1749,FALSE,,1493,FALSE,,
1156,2034,,8,1946,Sri Lanka,Sperm whale,Sperm whale,,,,,,,,,,,,,,,,,,1750,FALSE,,1494,FALSE,,
967,2035,,,1946,Sri Lanka,Sperm whale,Sperm whale,"5.987302, 80.340195",,whales & Dolphins Sri Lanka by Anouk Ilangakoon,Kataluwa; single animal,,,"5.987302, 80.340195","5.987302, 80.340195",,,,,,,MMI,5.987302,80.340195,1751,FALSE,,1495,FALSE,,
1155,2036,,,1946,Sri Lanka,Sperm whale,Sperm whale,,,,,,,,,,,,,,,,,,1752,FALSE,,1496,FALSE,,
968,2037,1,11,1945,Goa,Unidentified baleen whale,Unidentified baleen whale,"15.1987584, 73.9506774",,"Moses, S,T, 1947 Stranding of whales on the coasts of India,Journal of the Bombay Natural History Society, 472, 377-379,",16.8 m 56 feet whale stranded at Moboro. Carmona. Goa,,,"15.1987584, 73.95067740000002","15.1987584, 73.95067740000002",,,,,,,MMI,15.1987584,73.9506774,1753,FALSE,,1497,FALSE,,
969,2038,1,3,1943,Gujarat,Unidentified baleen whale,Unidentified baleen whale,"22.44924, 69.0970079999999",,"Moses, S,T, 1947 Stranding of whales on the coasts of India,Journal of the Bombay Natural History Society, 472, 377-379,",6.9 m 23 feet whale stranded at Aramda Okhamandal,,,"22.44924, 69.09700799999996","22.44924, 69.09700799999996",,,,,,,MMI,22.44924,69.097008,1754,FALSE,,1498,FALSE,,
1201,2039,6,2,1943,Sri Lanka,Blue whale,Blue whale,,,,,,,,,,,,,,,De Silva 1987,,,1755,FALSE,,1499,FALSE,,
970,2040,23,1,1943,Kerala,Humpback whale,Humpback whale,"9.9312328, 76.2673041",,"Mathew, A,P, 1948 Stranding of a whale Megaptera nodosa on the Travancore coast in 1943,Journal of the Bombay Natural History Society, 474, 732-733,",14.7 m 49 feet long whale stranded on the Anjengo coast near Quilon,,,"9.9312328, 76.26730410000005","9.9312328, 76.26730410000005",,,,,,,MMI,9.9312328,76.2673041,1756,FALSE,,1500,FALSE,,
971,2041,,,1943,Gujarat,Killer whale,Killer whale,"21.6040870330826, 72.4506278796875",,"De Silva, P,H,D,H, 1987 Cetaceans whales, dolphins and porpoises recorded off Sri Lanka, India, from the Arabian Sea and Gulf, Gulf of Aden and from the Red Sea,Journal of the Bombay Natural History Society, 843, 505-525,va, 1987",One specimen stranded at Armada. Baroda State,,,"21.604087033082674, 72.45062787968754","21.604087033082674, 72.45062787968754",,,,,,,MMI,21.60408703,72.45062788,1757,FALSE,,1501,TRUE,1502,
1195,2042,,,1943,Gujarat,Killer whale,Killer whale,,,,,,,"22.2140376425712, 72.7860382695164",,,,,,,,Moses 1948,22.21403764,72.78603827,1758,FALSE,,1502,FALSE,,
972,2043,1,2,1942,Kerala,Unidentified baleen whale,Unidentified baleen whale,"8.673439, 76.7581794",,"Moses, S,T, 1947 Stranding of whales on the coasts of India,Journal of the Bombay Natural History Society, 472, 377-379,",Whale stranded at Anjengo,,,"8.673439, 76.75817940000002","8.673439, 76.75817940000002",,,,,,,MMI,8.673439,76.7581794,1759,FALSE,,1503,FALSE,,
973,2044,1,1,1942,Gujarat,Unidentified baleen whale,Unidentified baleen whale,"24.0733972, 72.4923816",,"Moses, S,T, 1947 Stranding of whales on the coasts of India,Journal of the Bombay Natural History Society, 472, 377-379,",20.1 m 67 feet specimen stranded at Vadgam near Sabarmathi,,,"24.0733972, 72.49238160000004","24.0733972, 72.49238160000004",,,,,,,MMI,24.0733972,72.4923816,1760,FALSE,,1504,FALSE,,
974,2045,,,1941,Gujarat,Unidentified baleen whale,Unidentified baleen whale,"21.5468344546161, 72.5619148390625",,"Moses, S,T, 1947 Stranding of whales on the coasts of India,Journal of the Bombay Natural History Society, 472, 377-379,",Whale stranded at Broach,,,"21.54683445461613, 72.56191483906252","21.54683445461613, 72.56191483906252",,,,,,,MMI,21.54683445,72.56191484,1761,FALSE,,1505,FALSE,,
975,2046,30,7,1940,Sri Lanka,Cuvier's beaked whale,Cuvier's beaked whale,"6.81818172299672, 79.8560506072265",,whales & Dolphins Sri Lanka by Anouk Ilangakoon,Ratmalana; single animal,,,"6.818181722996722, 79.8560506072265","6.818181722996722, 79.8560506072265",,,,,,,MMI,6.818181723,79.85605061,1762,FALSE,,1506,FALSE,,
976,2047,3,11,1939,Sri Lanka,Sperm whale,Sperm whale,"7.4239428, 79.8352767",,whales & Dolphins Sri Lanka by Anouk Ilangakoon,Marawila; single animal,,,"7.423942800000001, 79.83527670000001","7.423942800000001, 79.83527670000001",,,,,,,MMI,7.4239428,79.8352767,1763,FALSE,,1507,FALSE,,
977,2048,1,10,1939,Sri Lanka,Blue whale,Blue whale,"6.1028347, 80.1302968999999",,whales & Dolphins Sri Lanka by Anouk Ilangakoon,Dodanduwa; single animal.,,,"6.1028347, 80.13029689999996","6.1028347, 80.13029689999996",,,,,,,MMI,6.1028347,80.1302969,1764,FALSE,,1507,FALSE,,
978,2049,1,10,1939,Sri Lanka,Cuvier's beaked whale,Cuvier's beaked whale,"6.09600711580392, 80.1220571539062",,whales & Dolphins Sri Lanka by Anouk Ilangakoon,Dodanduwa; single animal,,,"6.096007115803922, 80.12205715390621","6.096007115803922, 80.12205715390621",,,,,,,MMI,6.096007116,80.12205715,1765,FALSE,,1507,FALSE,,
979,2050,1,10,1939,Tamil Nadu,Unidentified baleen whale,Unidentified baleen whale,"8.0883064, 77.5384507",,"Moses, S,T, 1947 Stranding of whales on the coasts of India,Journal of the Bombay Natural History Society, 472, 377-379,",15 m 50 feet whale stranded near Cape Comorin,,,"8.0883064, 77.5384507","8.0883064, 77.5384507",,,,,,,MMI,8.0883064,77.5384507,1766,FALSE,,1507,FALSE,,
980,2051,30,9,1939,Sri Lanka,False killer whale,False killer whale,"6.09459178253592, 81.0511971999999",,whales & Dolphins Sri Lanka by Anouk Ilangakoon,Godawaya; single animal,,,"6.094591782535927, 81.05119719999993","6.094591782535927, 81.05119719999993",,,,,,,MMI,6.094591783,81.0511972,1767,FALSE,,1507,FALSE,,
1188,2052,30,9,1939,Sri Lanka,False killer whale,False killer whale,,,,Live mass stranding,,97,,,,,,,,,Deraniyagala 1960,,,1768,FALSE,,1512,FALSE,,
981,2053,24,6,1939,Sri Lanka,Southern bottlenose whale,Southern bottlenose whale,"6.94889036086757, 79.828284015625",,whales & Dolphins Sri Lanka by Anouk Ilangakoon,Colombo Harbour; single animal; 18 feet 6 inches long,,,"6.948890360867579, 79.82828401562506","6.948890360867579, 79.82828401562506",,,,,,,MMI,6.948890361,79.82828402,1769,FALSE,,1513,FALSE,,
1153,2054,11,3,1939,Sri Lanka,Sperm whale,Sperm whale,,,,,,,,,,,,,,,,,,1770,FALSE,,1514,FALSE,,
982,2055,1,3,1939,Gujarat,Blue whale,Blue whale,"22.4855053890653, 69.1121585179687",,"Moses, S,T, 1940 whales in Baroda, with notes on the anatomy of the Fin-whale Balaenoptera indica stranded at Mulvel in March 1939,Journal of the Bombay Natural History Society, 414, 895-897,",Stranding of 23.7 m long whale 79 feet at Mulvel. Okhamandal district. Kathiawar.,,,"22.485505389065384, 69.11215851796874","22.485505389065384, 69.11215851796874",,,,,,,MMI,22.48550539,69.11215852,1771,FALSE,,1515,FALSE,,
983,2056,1,3,1939,Goa,Unidentified baleen whale,Unidentified baleen whale,"15.5809248, 73.7448437",,"Moses, S,T, 1947 Stranding of whales on the coasts of India,Journal of the Bombay Natural History Society, 472, 377-379,",15 m 50 feet whale stranded at Anjuna. Goa,,,"15.5809248, 73.74484370000005","15.5809248, 73.74484370000005",,,,,,,MMI,15.5809248,73.7448437,1772,FALSE,,1516,FALSE,,
984,2057,1,3,1939,Goa,Unidentified baleen whale,Unidentified baleen whale,"15.6391696, 73.8389657",,"Moses, S,T, 1940 whales in Baroda, with notes on the anatomy of the Fin-whale Balaenoptera indica stranded at Mulvel in March 1939,Journal of the Bombay Natural History Society, 414, 895-897,",Whale bearing a harpoon. stranded in Bardez district. Goa,,,"15.6391696, 73.83896570000002","15.6391696, 73.83896570000002",,,,,,,MMI,15.6391696,73.8389657,1773,FALSE,,1517,FALSE,,
1212,2058,,3,1939,Gujarat,Blue whale,Blue whale,,,,,,,"22.4179933309927, 69.0513690524441",,,,,,,,"Moses, 1947",22.41799333,69.05136905,1774,FALSE,,1518,TRUE,1515,
1202,2059,10,1,1939,Sri Lanka,Blue whale,Blue whale,,,,,,,,,,,,,,,"Deraniyagala, 1965",,,1775,FALSE,,1519,FALSE,,
1171,2060,10,1,1939,Sri Lanka,Cuvier's beaked whale,Cuvier's beaked whale,,,,,,,,,,,,,,,De Silva 1987,,,1776,FALSE,,1520,FALSE,,
985,2061,,,1939,Karnataka,Unidentified baleen whale,Unidentified baleen whale,"12.9807123, 74.8031446",,"Moses, S,T, 1947 Stranding of whales on the coasts of India,Journal of the Bombay Natural History Society, 472, 377-379,",24 m 80 feet whale stranded between Suratkal and Moolki; skeleton in K. High School. Mangalore,,,"12.9807123, 74.8031446","12.9807123, 74.8031446",,,,,,,MMI,12.9807123,74.8031446,1777,FALSE,,1521,FALSE,,
1211,2062,,,1939,Karnataka,Blue whale,Blue whale,,,,,,,"12.9938137730769, 74.7923764325114",,,,,,,,"Moses, 1947",12.99381377,74.79237643,1778,FALSE,,1522,FALSE,,
1231,2063,19,5,1937,Sri Lanka,Minke whale,Minke whale,,,,,,,,,,,,,,,"Deraniyagala, 1984",,,1779,FALSE,,1523,FALSE,,
986,2064,19,5,1937,Sri Lanka,Minke whale*,Minke whale,"8.96605299045635, 79.8632161695312",,whales & Dolphins Sri Lanka by Anouk Ilangakoon,Mannar; single animal; 21 feet long,,,"8.966052990456356, 79.86321616953126","8.966052990456356, 79.86321616953126",,,,,,,MMI,8.96605299,79.86321617,1780,FALSE,,1524,TRUE,1523,
987,2065,4,2,1937,Kerala,Unidentified baleen whale,Unidentified baleen whale,"8.5241391, 76.9366376",,"Poduval, R,V, 1937 whalebone whale stranded on the Travancore coast,Journal of the Bombay Natural History Society, 393, 620,",13.5 m 45 feet baleen whale stranded at Pulluvila. south of Trivandrum. suspected to be a Blue Whale,,,"8.5241391, 76.93663760000004","8.5241391, 76.93663760000004",,,,,,,MMI,8.5241391,76.9366376,1781,FALSE,,1525,FALSE,,
988,2066,,,1937,Tamil Nadu,Unidentified baleen whale,Unidentified baleen whale,"9.2239016, 79.3481375",,"Moses, S,T, 1947 Stranding of whales on the coasts of India,Journal of the Bombay Natural History Society, 472, 377-379,",Whale stranded near Danushkodi,,,"9.2239016, 79.3481375","9.2239016, 79.3481375",,,,,,,MMI,9.2239016,79.3481375,1782,FALSE,,1526,FALSE,,
989,2067,8,9,1936,Sri Lanka,Pygmy sperm whale,Pygmy sperm whale,"6.63287206402483, 79.9308724437499",,whales & Dolphins Sri Lanka by Anouk Ilangakoon,Gunapana/Wadduwa; single animal,,,"6.632872064024835, 79.93087244374999","6.632872064024835, 79.93087244374999",,,,,,,MMI,6.632872064,79.93087244,1783,FALSE,,1527,FALSE,,
990,2068,20,8,1936,Sri Lanka,Cuvier's beaked whale,Cuvier's beaked whale,"5.96232431892796, 80.3810111",,whales & Dolphins Sri Lanka by Anouk Ilangakoon,Goiyapana; single animal; 14 feet long,,,"5.96232431892796, 80.38101110000002","5.96232431892796, 80.38101110000002",,,,,,,MMI,5.962324319,80.3810111,1784,FALSE,,1528,TRUE,1529,
1170,2069,20,8,1936,Sri Lanka,Cuvier's beaked whale,Cuvier's beaked whale,,,,,,,,,,,,,,,De Silva 1987,,,1785,FALSE,,1529,FALSE,,
1167,2070,9,8,1936,Sri Lanka,Dwarf sperm whale,Dwarf sperm whale,,,,,,,,,,,,,,,Deraniyagala 1960,,,1786,FALSE,,1530,FALSE,,
991,2071,11,12,1935,Kerala,Indo-Pacific finless porpoise,Indo-Pacific finless porpoise,"8.2954408, 73.0489728",,"Burton, R,W, 1940 A visit to the Laccadive Islands,Journal of the Bombay Natural History Society, 414, 489-513,",-,,,"8.2954408, 73.0489728","8.2954408, 73.0489728",,,,,,,MMI,8.2954408,73.0489728,1787,FALSE,,1531,FALSE,,
992,2072,1,3,1935,Kerala,Unidentified baleen whale,Unidentified baleen whale,"11.2587530999999, 75.7337181054688",,"Moses, S,T, 1947 Stranding of whales on the coasts of India,Journal of the Bombay Natural History Society, 472, 377-379,;James, P,S,B,R, & Soundararajan, R, 1979 On a Sperm whale Physeter macrocephalus Linnaeus stranded at Krusadai Island in the Gul",Baleen Whale,,,"11.258753099999991, 75.73371810546882","11.258753099999991, 75.73371810546882",,,,,,,MMI,11.2587531,75.73371811,1788,FALSE,,1532,FALSE,,
993,2073,,,1935,Goa,Unidentified baleen whale,Unidentified baleen whale,"15.5809248, 73.7448437",,"Moses, S,T, 1947 Stranding of whales on the coasts of India,Journal of the Bombay Natural History Society, 472, 377-379,",Rorqual at Anjuna,,,"15.5809248, 73.74484370000005","15.5809248, 73.74484370000005",,,,,,,MMI,15.5809248,73.7448437,1789,FALSE,,1533,FALSE,,
1187,2074,10,11,1934,Sri Lanka,False killer whale,False killer whale,,,,Live mass stranding,,167,,,,,,,,,Deraniyagala 1960,,,1790,FALSE,,1534,FALSE,,
994,2075,11,10,1934,Sri Lanka,False killer whale,False killer whale,"8.46537738203162, 81.2684019",,whales & Dolphins Sri Lanka by Anouk Ilangakoon,Mutur; 97 animals,,,"8.465377382031624, 81.26840190000007","8.465377382031624, 81.26840190000007",,,,,,,MMI,8.465377382,81.2684019,1791,FALSE,,1535,FALSE,,
995,2076,13,8,1934,Sri Lanka,Fin whale*,Fin whale,"7.5619894, 79.7848340850586",,whales & Dolphins Sri Lanka by Anouk Ilangakoon,Chilaw; single animal,,,"7.561989400000007, 79.7848340850586","7.561989400000007, 79.7848340850586",,,,,,,MMI,7.5619894,79.78483409,1792,FALSE,,1536,FALSE,,
1224,2077,,8,1934,Sri Lanka,Fin whale,Fin whale,,,,,,,,,,,,,,,Deraniyagala 1960,,,1793,FALSE,,1537,TRUE,1536,
996,2078,2,6,1934,Sri Lanka,Fin whale*,Fin whale,"5.92760171166064, 80.5549561",,whales & Dolphins Sri Lanka by Anouk Ilangakoon,Polhena/Matara; single animal; 49 feet8 inches long,,,"5.927601711660642, 80.55495610000003","5.927601711660642, 80.55495610000003",,,,,,,MMI,5.927601712,80.5549561,1794,FALSE,,1538,FALSE,,
1225,2079,1,6,1934,Sri Lanka,Fin whale,Fin whale,,,,,,,,,,,,,,,Deraniyagala 1960,,,1795,FALSE,,1539,TRUE,1539,
997,2080,1,5,1934,Maharashtra,Unidentified baleen whale,Unidentified baleen whale,"18.9067031, 72.8147123",,"Moses, S,T, 1947 Stranding of whales on the coasts of India,Journal of the Bombay Natural History Society, 472, 377-379,",15.6 m 52 feet long rorqual at Colaba,,,"18.9067031, 72.8147123","18.9067031, 72.8147123",,,,,,,MMI,18.9067031,72.8147123,1796,FALSE,,1540,FALSE,,
998,2081,4,3,1934,Sri Lanka,Indo-Pacific humpback dolphin,Humpback dolphin,"6.7342083854907, 79.8915275676757",,whales & Dolphins Sri Lanka by Anouk Ilangakoon,Egoda Uyana; single animal; male; 9 feet long,,,"6.734208385490707, 79.89152756767578","6.734208385490707, 79.89152756767578",,,,,,,MMI,6.734208385,79.89152757,1797,FALSE,,1541,FALSE,,
999,2082,12,2,1934,Sri Lanka,Fin whale*,Fin whale,"6.886473, 79.8466695628906",,whales & Dolphins Sri Lanka by Anouk Ilangakoon,Bambalapitiya; single animal,,,"6.886473000000001, 79.84666956289061","6.886473000000001, 79.84666956289061",,,,,,,MMI,6.886473,79.84666956,1798,FALSE,,1542,FALSE,,
1000,2083,1,2,1934,Andaman & Nicobar islands,Unidentified baleen whale,Unidentified baleen whale,"13.2038726, 92.8976253999999",,"Jones, S,1953 On the stranding of a whale at Jambudwip on the Bengal coast about 19 years ago,Journal of the Bombay Natural History Society, 512, 499-500,",Baleen whale stranded at Jambudwip Moors Island-New Island lying between Lacams Channel and Gasper Channel south of Sagar island,,,"13.2038726, 92.89762539999992","13.2038726, 92.89762539999992",,,,,,,MMI,13.2038726,92.8976254,1799,FALSE,,1543,FALSE,,
1223,2084,,2,1934,Sri Lanka,Fin whale,Fin whale,,,,,,,,,,,,,,,Deraniyagala 1960,,,1800,FALSE,,1544,TRUE,1543,
1001,2085,6,1,1934,Sri Lanka,Fin whale*,Fin whale,"6.87965603278198, 79.8439229808593",,whales & Dolphins Sri Lanka by Anouk Ilangakoon,Bambalapitiya; single animal,,,"6.879656032781983, 79.84392298085936","6.879656032781983, 79.84392298085936",,,,,,,MMI,6.879656033,79.84392298,1801,FALSE,,1545,FALSE,,
1213,2086,,1,1934,Odisha,Blue whale,Blue whale,,,,,,,"21.5851335474746, 88.187866824844",,,,,,,,Jones 1953,21.58513355,88.18786682,1802,FALSE,,1546,FALSE,,
1002,2087,,,1934,Kerala,Unidentified baleen whale,Unidentified baleen whale,"10.1499581, 76.2299322",,"Moses, S,T, 1947 Stranding of whales on the coasts of India,Journal of the Bombay Natural History Society, 472, 377-379,",Whale stranded at Parur,,,"10.1499581, 76.22993220000001","10.1499581, 76.22993220000001",,,,,,,MMI,10.1499581,76.2299322,1803,FALSE,,1547,FALSE,,
1199,2088,30,6,1932,Sri Lanka,Blue whale,Blue whale,,,,,,,,,,,,,,,Pearson 1932,,,1804,FALSE,,1548,FALSE,,
1003,2089,30,5,1932,Sri Lanka,Blue whale,Blue whale,"8.48785546865263, 81.2491086460937",,whales & Dolphins Sri Lanka by Anouk Ilangakoon,Koddiyar Bay; single animal; 66 feet long.,,,"8.487855468652631, 81.24910864609376","8.487855468652631, 81.24910864609376",,,,,,,MMI,8.487855469,81.24910865,1805,FALSE,,1549,FALSE,,
1004,2090,26,5,1932,Sri Lanka,Blue whale,Blue whale,"8.5449098047202, 81.256816721875",,whales & Dolphins Sri Lanka by Anouk Ilangakoon,Thampalagam Bay; single animal; male.,,,"8.544909804720206, 81.256816721875","8.544909804720206, 81.256816721875",,,,,,,MMI,8.544909805,81.25681672,1806,TRUE,1805,1922,FALSE,,
1198,2091,26,5,1932,Sri Lanka,Blue whale,Blue whale,,,,,,,,,,,,,,,De Silva 1987,,,1807,FALSE,,1550,FALSE,,
1005,2092,1,2,1932,Sri Lanka,Blue whale,Blue whale,"8.598905736212, 81.2516043119141",,whales & Dolphins Sri Lanka by Anouk Ilangakoon,Nirodumunai; single animal; 35 feet long.,,,"8.598905736212007, 81.2516043119141","8.598905736212007, 81.2516043119141",,,,,,,MMI,8.598905736,81.25160431,1808,FALSE,,1551,FALSE,,
1200,2093,,,1932,Sri Lanka,Blue whale,Blue whale,,,,,,,,,,,,,,,Moses 1947,,,1809,FALSE,,1552,FALSE,,
1006,2094,,,1931,Gujarat,Unidentified baleen whale,Unidentified baleen whale,"22.4707019, 70.0577299999999",,"Moses, S,T, 1947 Stranding of whales on the coasts of India,Journal of the Bombay Natural History Society, 472, 377-379,",21.9 m 73 feet whale stranded at Shika Jamnagar,,,"22.4707019, 70.05772999999999","22.4707019, 70.05772999999999",,,,,,,MMI,22.4707019,70.05773,1810,FALSE,,1553,FALSE,,
1186,2095,3,8,1929,Sri Lanka,False killer whale,False killer whale,,,,,,,,,,,,,,,Pearson 1930,,,1811,FALSE,,1554,FALSE,,
1007,2096,,,1928,Gujarat,Unidentified baleen whale,Unidentified baleen whale,"21.630484, 72.1234680999999",,"Moses, S,T, 1947 Stranding of whales on the coasts of India,Journal of the Bombay Natural History Society, 472, 377-379,",9 m 30 feet specimen stranded at Gogha Kathiawar,,,"21.630484, 72.12346809999997","21.630484, 72.12346809999997",,,,,,,MMI,21.6041187,72.29480507,1812,FALSE,,1555,FALSE,,Remapped
1210,2097,,11,1927,Kerala,Blue whale,Blue whale,,,,,,,"9.95231591611571, 76.2382117369505",,,,,,,,"Moses, 1947",9.952315916,76.23821174,1813,FALSE,,1556,FALSE,,
1008,2098,,,1927,Kerala,Unidentified baleen whale,Unidentified baleen whale,"11.8620562, 75.4433348999999",,"Moses, S,T, 1947 Stranding of whales on the coasts of India,Journal of the Bombay Natural History Society, 472, 377-379,",6.6 m 22 feet whale stranded at Chala,,,"11.8620562, 75.44333489999997","11.8620562, 75.44333489999997",,,,,,,MMI,11.8620562,75.4433349,1814,FALSE,,1557,FALSE,,
1009,2099,,,1926,Kerala,Unidentified baleen whale,Unidentified baleen whale,"11.8744775, 75.3703662",,"Moses, S,T, 1947 Stranding of whales on the coasts of India,Journal of the Bombay Natural History Society, 472, 377-379,",14.4 m 48 feet specimen stranded at Baliapatam. Cannanore; skeleton at St. Aloysius College. Mangalore,,,"11.8744775, 75.37036620000003","11.8744775, 75.37036620000003",,,,,,,MMI,11.8744775,75.3703662,1815,FALSE,,1558,FALSE,,
1010,2100,,,1924,Kerala,Unidentified baleen whale,Unidentified baleen whale,"8.8932118, 76.6141396",,"Moses, S,T, 1947 Stranding of whales on the coasts of India,Journal of the Bombay Natural History Society, 472, 377-379,",One whale,,,"8.8932118, 76.61413960000004","8.8932118, 76.61413960000004",,,,,,,MMI,8.8932118,76.6141396,1816,FALSE,,1559,FALSE,,
1011,2101,,,1919,Gujarat,Unidentified baleen whale,Unidentified baleen whale,"22.3318849, 69.1149050999999",,"Moses, S,T, 1940 whales in Baroda, with notes on the anatomy of the Fin-whale Balaenoptera indica stranded at Mulvel in March 1939,Journal of the Bombay Natural History Society, 414, 895-897,",A 21.3 m 71 feet whale near Tithor,,,"22.3318849, 69.11490509999999","22.3318849, 69.11490509999999",,,,,,,MMI,22.3318849,69.1149051,1817,FALSE,,1560,FALSE,,
1012,2102,,,1918,Tamil Nadu,Dugong,Dugong,"10.4712288, 79.5753156",,"Prater, S,H, 1928 The Dugong or Sea Cow Halicore dugong, Journal of the Bombay Natural History Society, 331, 84-100,",One captured between Krusadai and Koipadu islands,,,"10.4712288, 79.57531560000007","10.4712288, 79.57531560000007",,,,,,,MMI,10.4712288,79.5753156,1818,FALSE,,1561,FALSE,,
1166,2103,3,11,1915,Sri Lanka,Dwarf sperm whale,Dwarf sperm whale,,,,,,,,,,,,,,,Pearson 1921,,,1819,FALSE,,1562,FALSE,,
1013,2104,,,1915,Odisha,Irrawaddy dolphin,Irrawaddy dolphin,"19.7668116477682, 85.3677993343749",,"Dhandapani, P, 1992 Status of Irrawady River Dolphin Orcaella brevirostris in Chilka Lake,Journal of the Marine Biological Association of India, 34, 90-93,",Large dead male specimen washed ashore on Kaladi Island. Chilka Lake,,,"19.766811647768247, 85.36779933437492","19.766811647768247, 85.36779933437492",,,,,,,MMI,19.76681165,85.36779933,1820,FALSE,,1563,FALSE,,
1209,2105,,8,1912,Maharashtra,Blue whale,Blue whale,,,,,,,"16.5576403413645, 73.3324071987882",,,,,,,,"Moses, 1947",16.55764034,73.3324072,1821,FALSE,,1564,FALSE,,
1222,2106,,8,1910,Sri Lanka,Fin whale,Fin whale,,,,,,,,,,,,,,,Fernando 1912,,,1822,FALSE,,1565,FALSE,,
1014,2107,,,1910,Tamil Nadu,Dugong,Dugong,"10.4712288, 79.5753156",,"Prater, S,H, 1928 The Dugong or Sea Cow Halicore dugong, Journal of the Bombay Natural History Society, 331, 84-100,",Female dugong from Tuticorin presented to the Madras Museum by James Hornell,,,"10.4712288, 79.57531560000007","10.4712288, 79.57531560000007",,,,,,,MMI,10.4712288,79.5753156,1823,FALSE,,1566,FALSE,,
1015,2108,,,1908,Kerala,Indo-Pacific finless porpoise,Indo-Pacific finless porpoise,"10.7533909737677, 75.8590959953124",,"Pillay, R,S,N, 1926 List of cetaceans taken in Travancore from 1902 to 1925,Journal of the Bombay Natural History Society, 313, 815-817,",-,,,"10.75339097376778, 75.85909599531249","10.75339097376778, 75.85909599531249",,,,,,,MMI,10.75339097,75.859096,1824,FALSE,,1567,FALSE,,
1208,2109,11,4,1906,Maharashtra,Blue whale,Blue whale,,,,,,,,,,,,,,,Millard 1907,,,1825,FALSE,,1568,FALSE,,
737,2110,,,1906,Maharashtra,Unidentified baleen whale,Unidentified baleen whale,"19.330538, 72.8155813999999","Moses, S,T, 1947 Stranding of whales on the coasts of India,Journal of the Bombay Natural History Society, 472, 377-379,;Millard, W,S, 1906 A whale near Bassein Bombay Coast,Journal of the Bombay Natural History Society, 172, 533-534,","An 18,9 m 63 feet whale stranded at Bassein Thana District",,,,"19.330538, 72.81558139999993","19.330538, 72.81558139999993",,,,,,,MMI,19.32842182,72.81927247,1339,FALSE,,1111,FALSE,,Historical record
1016,2111,,,1905,Tamil Nadu,Dugong,Dugong,"10.4712288, 79.5753156",,"Prater, S,H, 1928 The Dugong or Sea Cow Halicore dugong, Journal of the Bombay Natural History Society, 331, 84-100,",A 2.9 m 9.5 feet dugong from Kilakarai measured by Annandale,,,"10.4712288, 79.57531560000007","10.4712288, 79.57531560000007",,,,,,,MMI,10.4712288,79.5753156,1826,FALSE,,1569,FALSE,,
1152,2112,,7,1904,Sri Lanka,Sperm whale,Sperm whale,,,,,,,,,,,,,,,,,,1827,FALSE,,1570,FALSE,,
1017,2113,,,1904,Kerala,Indo-Pacific bottlenose dolphin,Bottlenose dolphin,"11.2587531, 75.78041",,"Pillay, R,S,N, 1926 List of cetaceans taken in Travancore from 1902 to 1925,Journal of the Bombay Natural History Society, 313, 815-817,, 1926",A single specimen of Tursiops gilli obtained from Travancore,,,"11.2587531, 75.78041000000007","11.2587531, 75.78041000000007",,,,,,,MMI,11.2587531,75.78041,1828,FALSE,,1571,FALSE,,
1190,2114,,2,1902,Kerala,False killer whale,False killer whale,,,,Live stranding,,2,,,,,,,,,Pillay 1926,,,1829,FALSE,,1572,FALSE,,
1018,2115,,,1902,Kerala,Long beaked common dolphin,Long-beaked common dolphin,"9.9312328, 76.2673041",,"Pillay, R,S,N, 1926 List of cetaceans taken in Travancore from 1902 to 1925,Journal of the Bombay Natural History Society, 313, 815-817,, 1926",One [?] taken from Travancore,,,"9.9312328, 76.26730410000005","9.9312328, 76.26730410000005",,,,,,,MMI,9.9312328,76.2673041,1830,FALSE,,1573,FALSE,,
1019,2116,,,1901,Tamil Nadu,Unidentified dolphin,Small-sized delphinid,"11.9022114565282, 79.8708834578125",,"Moses, S,T, 1947 Stranding of whales on the coasts of India,Journal of the Bombay Natural History Society, 472, 377-379,",-,,,"11.902211456528207, 79.87088345781251","11.902211456528207, 79.87088345781251",,,,,,,MMI,11.90221146,79.87088346,1831,FALSE,,1574,FALSE,,
1020,2117,1,4,1893,Tamil Nadu,Dugong,Dugong,"10.4712288, 79.5753156",,"Thurston, E, 1895 The occurrence of the Dugong in the Indian Seas,Journal of the Bombay Natural History Society, 94, 489-490 with a note by the Editors,",Carcass washed ashore at Mandvi. Cutch coast. skull presented to the Bombay Natural History Society by C.M. Sykes,,,"10.4712288, 79.57531560000007","10.4712288, 79.57531560000007",,,,,,,MMI,10.4712288,79.5753156,1832,FALSE,,1575,FALSE,,
1021,2118,1,1,1891,Sri Lanka,Pygmy sperm whale,Pygmy sperm whale,"8.5873638, 81.2426779203125",,whales & Dolphins Sri Lanka by Anouk Ilangakoon,Trincomalee; single animal,,,"8.5873638, 81.24267792031253","8.5873638, 81.24267792031253",,,,,,,MMI,8.5873638,81.24267792,1833,FALSE,,1576,FALSE,,
1022,2119,,,1891,Tamil Nadu,Unidentified baleen whale,Unidentified baleen whale,"13.0826802, 80.2707184",,"Moses, S,T, 1947 Stranding of whales on the coasts of India,Journal of the Bombay Natural History Society, 472, 377-379,;James, P,S,B,R, & Soundararajan, R, 1979 On a Sperm whale Physeter macrocephalus Linnaeus stranded at Krusadai Island in the Gul",An 18 m 60 feet whale stranded at Mangalore; skeleton in the Madras Museum,,,"13.0826802, 80.27071840000008","13.0826802, 80.27071840000008",,,,,,,MMI,13.0826802,80.2707184,1834,FALSE,,1577,FALSE,,
1023,2120,1,12,1890,Tamil Nadu,Unidentified baleen whale,Unidentified baleen whale,"9.2741667, 79.2911110999999",,"Moses, S,T, 1947 Stranding of whales on the coasts of India,Journal of the Bombay Natural History Society, 472, 377-379,;James, P,S,B,R, & Soundararajan, R, 1979 On a Sperm whale Physeter macrocephalus Linnaeus stranded at Krusadai Island in the Gul",A whale of unknown length killed at Pamban by the 'Abdur Rahman',,,"9.2741667, 79.29111109999997","9.2741667, 79.29111109999997",,,,,,,MMI,9.2741667,79.2911111,1835,FALSE,,1578,FALSE,,
1024,2121,1,1,1890,Kerala,Sperm whale,Sperm whale,"8.2954408, 73.0489728",,"James, D,B,1990 On a Sperm whale landed at Kalpeni Island with notes on Ambergris,Marine Fisheries Information Service Technical & Extension Series, 104, 11-14,",Whale killed by the Euphrates reported by Blanford in the Fauna of British India,,,"8.2954408, 73.0489728","8.2954408, 73.0489728",,,,,,,MMI,8.2954408,73.0489728,1836,FALSE,,1579,FALSE,,
1025,2122,,,1890,Tamil Nadu,Sperm whale,Sperm whale,"13.0826802, 80.2707184",,"Moses, S,T, 1947 Stranding of whales on the coasts of India,Journal of the Bombay Natural History Society, 472, 377-379,;De Silva, P,H,D,H, 1987 Cetaceans whales, dolphins and porpoises recorded off Sri Lanka, India, from the Arabian Sea and Gulf,",One measuring 7.2 m 24 feet stranded at Madras; observed by Thurston. reported,,,"13.0826802, 80.27071840000008","13.0826802, 80.27071840000008",,,,,,,MMI,13.0826802,80.2707184,1837,FALSE,,1580,FALSE,,
1026,2123,17,9,1889,Sri Lanka,Blue whale,Blue whale,"6.2394593968551, 80.0415709395507",,whales & Dolphins Sri Lanka by Anouk Ilangakoon,Ambalagonda; single animal; 69 feet long.,,,"6.239459396855102, 80.04157093955075","6.239459396855102, 80.04157093955075",,,,,,,MMI,6.239459397,80.04157094,1838,FALSE,,1581,FALSE,,
1027,2124,16,9,1889,Sri Lanka,Sperm whale,Sperm whale,"8.9893222, 79.8800831999999",,whales & Dolphins Sri Lanka by Anouk Ilangakoon,Mannar; single animal,,,"8.9893222, 79.88008319999994","8.9893222, 79.88008319999994",,,,,,,MMI,8.9893222,79.8800832,1839,FALSE,,1582,FALSE,,
1151,2125,,9,1889,Sri Lanka,Sperm whale,Sperm whale,,,,,,,,,,,,,,,,,,1840,FALSE,,1583,FALSE,,
1028,2126,,,1888,Kerala,Melon-headed whale,Melon-headed whale,"8.3850021, 76.9842876999999",,"De Silva, P,H,D,H, 1987 Cetaceans whales, dolphins and porpoises recorded off Sri Lanka, India, from the Arabian Sea and Gulf, Gulf of Aden and from the Red Sea,Journal of the Bombay Natural History Society, 843, 505-525,;Leatherwood, S,, McDonald,",Skull from the Palk Strait. in the British Museum,,,"8.3850021, 76.98428769999998","8.3850021, 76.98428769999998",,,,,,,MMI,8.3850021,76.9842877,1841,FALSE,,1584,FALSE,,
1029,2127,,,1884,Maharashtra,Unidentified baleen whale,Unidentified baleen whale,"19.0759837, 72.8776559",,"Moses, S,T, 1947 Stranding of whales on the coasts of India,Journal of the Bombay Natural History Society, 472, 377-379,",Whale of unknown length killed at Bombay by the 'Euphrates',,,"19.0759837, 72.87765590000004","19.0759837, 72.87765590000004",,,,,,,MMI,,,1842,FALSE,,1585,FALSE,,
1030,2128,,,1883,Gujarat,Unidentified baleen whale,Unidentified baleen whale,"22.2915735, 68.9629010999999",,"Moses, S,T, 1940 whales in Baroda, with notes on the anatomy of the Fin-whale Balaenoptera indica stranded at Mulvel in March 1939,Journal of the Bombay Natural History Society, 414, 895-897,;Moses, S,T, 1947 Stranding of whales on the coasts of Ind",A baby whale measuring 3.6 m 12 feet at Varvala,,,"22.2915735, 68.96290109999995","22.2915735, 68.96290109999995",,,,,,,MMI,22.28738282,68.9433595,1843,FALSE,,1586,FALSE,,Remapped
1220,2129,,,1879,Pakistan,Blue whale,Blue whale,,,,,,,,,,,,,,,Murray 1884,,,1844,FALSE,,1587,FALSE,,
1031,2130,,,1879,Gujarat,Unidentified baleen whale,Unidentified baleen whale,"22.2441975, 68.9684561999999",,"Moses, S,T, 1940 whales in Baroda, with notes on the anatomy of the Fin-whale Balaenoptera indica stranded at Mulvel in March 1939,Journal of the Bombay Natural History Society, 414, 895-897,",A 15 m 50 feet long whale at Dwaraka,,,"22.2441975, 68.96845619999999","22.2441975, 68.96845619999999",,,,,,,MMI,22.23847093,68.96138846,1845,FALSE,,1588,TRUE,1587,
1032,2131,,,1866,Andhra Pradesh,Indo-Pacific bottlenose dolphin,Bottlenose dolphin,"17.6868159. 83.2184,",,"Jerdon, T,C,1867 A Handbook of the Mammals of India, Indian edition, 1989, Mittal Publications, New Delhi,335 pages,;De Silva, P,H,D,H, 1987 Cetaceans whales, dolphins and porpoises recorded off Sri Lanka, India, from the Arabian Sea and Gulf, Gulf",Delphinus godama described by Owen from collections made by Sir Walter Elliot near Visakhapatnam; the skull gifted by Elliot to the British Museum Natural History,,,17.6868159. 83.2184,17.6868159. 83.2184,,,,,,,MMI,17.6868159,83.2184,1846,FALSE,,1589,FALSE,,
1033,2132,,,1866,Tamil Nadu,Indo-Pacific finless porpoise,Indo-Pacific finless porpoise,"1.1859207526008E+32,","11.8592, 79.8166","De Silva, P,H,D,H, 1987 Cetaceans whales, dolphins and porpoises recorded off Sri Lanka, India, from the Arabian Sea and Gulf, Gulf of Aden and from the Red Sea,Journal of the Bombay Natural History Society, 843, 505-525,va, 1987",-,,,"11.8592, 79.8166","11.8592, 79.8166",,,,,,,MMI,11.8592,79.8166,1847,FALSE,,1590,FALSE,,
1034,2133,,,1866,Andhra Pradesh,Indo-Pacific humpback dolphin,Humpback dolphin,"14.7269250025717, 80.1320724636555",,"Jerdon, T,C,1867 A Handbook of the Mammals of India, Indian edition, 1989, Mittal Publications, New Delhi,335 pages,",Delphinus lentiginosus described by Owen from Walter Elliots collections made on the eastern coast,,,,,,,,,,,MMI,14.726925,80.13207246,1848,FALSE,,1591,FALSE,,
1035,2134,,,1866,Tamil Nadu,Irrawaddy dolphin,Irrawaddy dolphin,"10.4712288, 79.5753",,"De Silva, P,H,D,H, 1987 Cetaceans whales, dolphins and porpoises recorded off Sri Lanka, India, from the Arabian Sea and Gulf, Gulf of Aden and from the Red Sea,Journal of the Bombay Natural History Society, 843, 505-525,va, 1987",Type skull. collected by Sir Walter Elliot at Vizagapatam. in the British Museum Natural History,,,"10.4712288, 79.5753","10.4712288, 79.5753",,,,,,,MMI,10.4712288,79.5753,1849,FALSE,,1592,FALSE,,
1036,2135,,,1866,Andhra Pradesh,Long beaked common dolphin,Long-beaked common dolphin,"17.6868159, 83.2184",,"Jerdon, T,C,1867 A Handbook of the Mammals of India, Indian edition, 1989, Mittal Publications, New Delhi,335 pages,, 1867",Delphinus pomeegra described by Owen from Walter Elliots collections from near Visakhapatnam; skull in the British Museum Natural History,,,"17.6868159, 83.2184","17.6868159, 83.2184",,,,,,,MMI,17.6868159,83.2184,1850,FALSE,,1593,FALSE,,
1037,2136,,,1866,Andhra Pradesh,Pygmy sperm whale,Pygmy sperm whale,"17.6868159, 83.2184",,"Moses, S,T, 1947 Stranding of whales on the coasts of India,Journal of the Bombay Natural History Society, 472, 377-379,",A 2.1 m 7 feet specimen obtained at Vizagapatam,,,"17.6868159, 83.2184","17.6868159, 83.2184",,,,,,,MMI,17.6868159,83.2184,1851,FALSE,,1594,FALSE,,
1038,2137,,,1866,Andhra Pradesh,Unidentified dolphin,Small-sized delphinid,"17.7167365, 83.31",,"Jerdon, T,C,1867 A Handbook of the Mammals of India, Indian edition, 1989, Mittal Publications, New Delhi,335 pages,, 1867",Delphinus maculiventer described by Owen from collections made by Walter Elliot on the east coast,,,"17.7167365, 83.31","17.7167365, 83.31",,,,,,,MMI,17.7167365,83.31,1852,FALSE,,1595,FALSE,,
1039,2138,,,1864,Andhra Pradesh,Unidentified baleen whale,Unidentified baleen whale,"16.190545, 78.11361",,"Moses, S,T, 1947 Stranding of whales on the coasts of India,Journal of the Bombay Natural History Society, 472, 377-379,",A whale [no details] stranded at Masulipatam,,,"16.190545, 78.11361","16.190545, 78.11361",,,,,,,MMI,16.190545,78.11361,1853,FALSE,,1596,FALSE,,
1040,2139,,,1858,Kerala,Unidentified baleen whale,Unidentified baleen whale,"8.8932118, 76.61413",,"Moses, S,T, 1947 Stranding of whales on the coasts of India,Journal of the Bombay Natural History Society, 472, 377-379,",27 m 90 feet long rorqual at Quilon,,,"8.8932118, 76.61413","8.8932118, 76.61413",,,,,,,MMI,8.8932118,76.61413,1854,FALSE,,1597,FALSE,,
1041,2140,23,8,1853,Andaman & Nicobar islands,Melon-headed whale,Melon-headed whale,"10.47122, 79.57531",,"Jerdon, T,C,1867 A Handbook of the Mammals of India, Indian edition, 1989, Mittal Publications, New Delhi,335 pages,;De Silva, P,H,D,H, 1987 Cetaceans whales, dolphins and porpoises recorded off Sri Lanka, India, from the Arabian Sea and Gulf, Gulf",Delphinus Lagenorhynchus fusiformis described by Owen from Walter Elliots collections made near Vizagapatam; skull in the British Museum Natural History,,,"10,4712288, 79,57531560000007","10,4712288, 79,57531560000007",,,,,,,MMI,10.4712288,79.575315,1855,FALSE,,1598,FALSE,,
1042,2141,28,2,1853,Lakshadweep islands,Dwarf sperm whale,Dwarf sperm whale,"12.2501506, 64.33717",,"De Silva, P,H,D,H, 1987 Cetaceans whales, dolphins and porpoises recorded off Sri Lanka, India, from the Arabian Sea and Gulf, Gulf of Aden and from the Red Sea,Journal of the Bombay Natural History Society, 843, 505-525,va, 1987;Jerdon, T,C,1867",Skull from Madras - type specimen of Physeter Euphysetes simus. gifted by Sir Walter Elliot to the British Museum Natural History,,,"12.2501506, 64.33717000000001","12.2501506, 64.33717000000001",,,,,,,MMI,12.2501506,64.33717,1856,FALSE,,1599,FALSE,,
1043,2142,1,7,1852,West Bengal,Short-finned pilot whale,Short-finned pilot whale,"22.5569293533562, 88.266723433789",,"Jerdon, T,C,1867 A Handbook of the Mammals of India, Indian edition, 1989, Mittal Publications, New Delhi,335 pages,;Moses, S,T, 1947 Stranding of whales on the coasts of India,Journal of the Bombay Natural History Society, 472, 377-379,",A shoal of many dozens of the Indian Pilot Whale Globicephalus indicusstranded at Salt Lakes. near Calcutta; two specimens procured by Blyth,,,"22.556929353356256, 88.26672343378902","22.556929353356256, 88.26672343378902",,,,,,,MMI,22.55692935,88.26672343,1857,FALSE,,1600,FALSE,,
1184,2143,,7,1852,West Bengal,Short-finned pilot whale,Short-finned pilot whale,,,,,,,,,,,,,,,Blanford 1891,,,1858,FALSE,,1601,TRUE,1599,
1044,2144,,,1852,West Bengal,Short-finned pilot whale,Short-finned pilot whale,"22.0607687966685, 88.220207739807",,"Jerdon, T,C,1867 A Handbook of the Mammals of India, Indian edition, 1989, Mittal Publications, New Delhi,335 pages,, 1867",Specimen killed in the Hoogly river near Serampore,,,,,,,,,,,MMI,22.0607688,88.22020774,1859,FALSE,,1602,TRUE,1599,
1045,2145,,,1848,Andhra Pradesh,Indo-Pacific bottlenose dolphin,Bottlenose dolphin,"17.6860117350731, 83.2981093536159",,"Jerdon, T,C,1867 A Handbook of the Mammals of India, Indian edition, 1989, Mittal Publications, New Delhi,335 pages,;De Silva, P,H,D,H, 1987 Cetaceans whales, dolphins and porpoises recorded off Sri Lanka, India, from the Arabian Sea and Gulf, Gulf",Delphinus perniger described by Elliot from the Bay of Bengal; stuffed skin in the Museum of the Asiatic Society. Calcutta,,,,,,,,,,,MMI,17.68601174,83.29810935,1860,FALSE,,1603,FALSE,,
1046,2146,,,1848,Kerala,Unidentified baleen whale,Unidentified baleen whale,"8.8932118, 76.61413",,"Moses, S,T, 1947 Stranding of whales on the coasts of India,Journal of the Bombay Natural History Society, 472, 377-379,",Rorqual 30 m 100 feet long at Quilon,,,"8.8932118, 76.61413","8.8932118, 76.61413",,,,,,,MMI,8.8932118,76.61413,1861,FALSE,,1604,FALSE,,
1047,2147,,,1827,Kerala,Indo-Pacific finless porpoise,Indo-Pacific finless porpoise,"10.8390281267592, 75.8991031667395",,"De Silva, P,H,D,H, 1987 Cetaceans whales, dolphins and porpoises recorded off Sri Lanka, India, from the Arabian Sea and Gulf, Gulf of Aden and from the Red Sea,Journal of the Bombay Natural History Society, 843, 505-525,va, 1987",-,,,,,,,,,,,MMI,10.83902813,75.89910317,1862,FALSE,,1605,FALSE,,
1048,2148,,,1827,Kerala,Indo-Pacific humpback dolphin,Humpback dolphin,"10.7964601345349, 75.9085384218263",,"De Silva, P,H,D,H, 1987 Cetaceans whales, dolphins and porpoises recorded off Sri Lanka, India, from the Arabian Sea and Gulf, Gulf of Aden and from the Red Sea,Journal of the Bombay Natural History Society, 843, 505-525,",Two skulls collected from the Malabar coast by Dussumier,,,,,,,,,,,MMI,10.79646013,75.90853842,1863,FALSE,,1606,FALSE,,
1049,2149,,,1827,Kerala,Spinner dolphin,Spinner dolphin,,,"De Silva, P,H,D,H, 1987 Cetaceans whales, dolphins and porpoises recorded off Sri Lanka, India, from the Arabian Sea and Gulf, Gulf of Aden and from the Red Sea,Journal of the Bombay Natural History Society, 843, 505-525,va, 1987",Photograph of skull illustration from Malabar in the US National Museum files,,,,,,,,,,,MMI,,,1864,FALSE,,1607,FALSE,,
1050,2150,,,1757,Tamil Nadu,Unidentified baleen whale,Unidentified baleen whale,"11.9138598, 79.8144",,"Moses, S,T, 1947 Stranding of whales on the coasts of India,Journal of the Bombay Natural History Society, 472, 377-379,",A 48 m 160 feet whale landed at Pondicherry,,,"11.9138598, 79.8144","11.9138598, 79.8144",,,,,,,MMI,11.9138598,79.8144,1865,FALSE,,1608,FALSE,,
1051,2151,,,1748,Tamil Nadu,Unidentified baleen whale,Unidentified baleen whale,"11.9138598, 79.8144",,"Moses, S,T, 1947 Stranding of whales on the coasts of India,Journal of the Bombay Natural History Society, 472, 377-379,",A 9 m 30 feet whale stranded at Pondicherry,,,"11.9138598, 79.8144","11.9138598, 79.8144",,,,,,,MMI,11.9138598,79.8144,1866,FALSE,,1609,FALSE,,
754,2152,,,,Tamil Nadu,Blue whale,Blue whale,"13.0713738, 80.2564","Moses, 1947; James ans Soundararajan, 1979; Gibson-Hill, 1950","Washed ashore at Mangalore, bones in Madras Museum; length 14,4 m 48 feet",,,,"13.0713738, 80.2564","13.0713738, 80.2564",,,,,,,MMI,,,1359,FALSE,,1129,FALSE,,Historical record
772,2153,,,,Kerala,Indian Ocean humpback dolphin,Humpback dolphin,"8.4751019, 74.91295","Pillay, R,S,N, 1926 List of cetaceans taken in Travancore from 1902 to 1925,Journal of the Bombay Natural History Society, 313, 815-817,","Sotalia lentiginosa Syn, Sotalia fergusoni, The speckled dolphin, An immature animal was obtained in 1903 and though it resembled Sotalia lentiginosa in many respects the absence of pear�shaped flecks on the body and certain other characteristics, led",,,,"8.4751019, 74.91295","8.4751019, 74.91295",,,,,,,MMI,,,1385,FALSE,,1152,FALSE,,Historical record
776,2154,,,,Kerala,False killer whale,False killer whale,"8.448, 76.7823889","Pillay, R,S,N, 1926 List of cetaceans taken in Travancore from 1902 to 1925,Journal of the Bombay Natural History Society, 313, 815-817,","Two immature specimens measuring 3,5 and 3,2 m 11 feet 10 inches and 10 feet 9,5 inches recorded at Trivandrum,",,,,"8.4480, 76.7823889","8.4480, 76.7823889",,,,,,,MMI,,,1391,FALSE,,1158,FALSE,,Historical record
779,2155,,,,Kerala,Indian Ocean humpback dolphin,Humpback dolphin,"8.458943, 74.920735","Lydekker, R,1904 On two dolphins from Madras,Journal of the Bombay Natural History Society, 153, 408-414,",Young specimen Sotalia fergusoni measuring 1 m 3 feet 6 inches cast ashore at Trivandrum beach,,,,"8.458943, 74.920735","8.458943, 74.920735",,,,,,,MMI,,,1398,FALSE,,1165,FALSE,,Historical record
781,2156,,,,Lakshadweep islands,False killer whale,False killer whale,"8.47252, 70.2665378","Ferguson, H,S, 1903,On two cetaceans from Travancore with a note on the same by R, Lydekker,Journal of the Bombay Natural History Society, , 151 , 38-41,",One stranded on beach near Trivandrum,,,,"8.47252, 70.2665378","8.47252, 70.2665378",,,,,,,MMI,,,1400,FALSE,,1167,FALSE,,Historical record
1684,2157,,,,Andaman & Nicobar islands,Blainville's beaked whale,Blainville's beaked whale,,"Evans, P,G,H, 1987 The Natural History of whales and Dolphins,Christopher Helm, London,;Corbet, G,B,, & Hill, J,E, 1992 The Mammals of the Indomalayan region:A Systematic Review, Natural History Museum Publications, Oxford University Press,488 pages,",,,,,,,,,,,,,MMI-later,,,1867,FALSE,,1610,FALSE,,
1214,2158,,,,Gujarat,Blue whale,Blue whale,,,,,,,,,,,,,,,"Daniel, 1963",,,1868,FALSE,,1611,FALSE,,
1218,2159,,,,Karnataka,Blue whale,Blue whale,,,,,,,,,,,,,,,"Nagabhuganam and Dhulked, 1964",,,1869,FALSE,,1612,FALSE,,
1219,2160,,,,Kerala,Blue whale,Blue whale,,,,,,,,,,,,,,,"Venkataraman and Girija Vallabhan, 1968",,,1870,FALSE,,1613,FALSE,,
1221,2161,,,,Pakistan,Blue whale,Blue whale,,,,,,,,,,,,,,,Blanford 1891,,,1871,FALSE,,1614,FALSE,,
1673,2162,,,,West Bengal,Blue whale,Blue whale,,"De Silva, P,H,D,H, 1987 Cetaceans whales, dolphins and porpoises recorded off Sri Lanka, India, from the Arabian Sea and Gulf, Gulf of Aden and from the Red Sea,Journal of the Bombay Natural History Society, 843, 505-525,va, 1987",,,,,,,,,,,,,MMI-later,,,1872,FALSE,,1615,FALSE,,
1682,2163,,,,Unknown,Bryde's whale,Bryde's whale,,"De Silva, P,H,D,H, 1987 Cetaceans whales, dolphins and porpoises recorded off Sri Lanka, India, from the Arabian Sea and Gulf, Gulf of Aden and from the Red Sea,Journal of the Bombay Natural History Society, 843, 505-525,va, 1987",,,,,,,,,,,,,MMI-later,,,1873,FALSE,,1616,FALSE,,
1683,2164,,,,Tamil Nadu,Cuvier's beaked whale,Cuvier's beaked whale,"11.5092016959091, 79.7739556389115","Kumaran, PL, & Subramanian, AN, 1993 First record of an endangered Indo-Pacific finless porpoise Neophocaena phocaenoides from Porto Novo, southeast coast of India,Journal of the Marine Biological Association of India, 35, 207-209, & Subramanian, 1993",,,,,,,,,,,,,MMI-later,11.5092017,79.77395564,1874,FALSE,,1617,FALSE,,
1677,2165,,,,Andaman & Nicobar islands,Dugong,Dugong,,Andaman Islands,,,,,,,,,,,,,MMI-later,,,1875,FALSE,,1618,FALSE,,
1679,2166,,,,Tamil Nadu,Dugong,Dugong,"9.27761607512464, 79.156431265548","Silas, E,G, 1961 Occurrence of the Sea Cow, Halicore dugong Erxl, off the Saurashtra coast,Journal of the Bombay Natural History Society, 581, 263-266,",,,,,,,,,,,,,MMI-later,9.277616075,79.15643127,1876,FALSE,,1619,FALSE,,
1685,2167,,,,Unknown,Dwarf sperm whale,Dwarf sperm whale,"51.51941, 0.12695","De Silva, P,H,D,H, 1987 Cetaceans whales, dolphins and porpoises recorded off Sri Lanka, India, from the Arabian Sea and Gulf, Gulf of Aden and from the Red Sea,Journal of the Bombay Natural History Society, 843, 505-525,va, 1987",,,,,,,,,,,,,MMI-later,,,1877,FALSE,,1620,FALSE,,
1686,2168,,,,Andhra Pradesh,Dwarf sperm whale,Dwarf sperm whale,"17.6860117350731, 83.2981093536159","De Silva, P,H,D,H, 1987 Cetaceans whales, dolphins and porpoises recorded off Sri Lanka, India, from the Arabian Sea and Gulf, Gulf of Aden and from the Red Sea,Journal of the Bombay Natural History Society, 843, 505-525,va, 1987",,,,,,,,,,,,,MMI-later,17.68601174,83.29810935,1878,FALSE,,1621,FALSE,,
1191,2169,,,,Kerala,False killer whale,False killer whale,,,,,,,,,,,,,,,Silas & Pillay 1960,,,1879,FALSE,,1622,FALSE,,
1693,2170,,,,Kerala,False killer whale,False killer whale,"10.5917116543051, 75.9981581756848","De Silva, P,H,D,H, 1987 Cetaceans whales, dolphins and porpoises recorded off Sri Lanka, India, from the Arabian Sea and Gulf, Gulf of Aden and from the Red Sea,Journal of the Bombay Natural History Society, 843, 505-525,va, 1987",,,,,,,,,,,,,MMI-later,10.59171165,75.99815818,1880,FALSE,,1623,FALSE,,
1229,2171,,,,Maharashtra,Fin whale,Fin whale,,,,,,,,,,,,,,,Prater 1913,,,1881,FALSE,,1624,FALSE,,
1681,2172,,,,Gujarat,Fin whale*,Fin whale,"22.5722903622372, 69.9356674981717","De Silva, P,H,D,H, 1987 Cetaceans whales, dolphins and porpoises recorded off Sri Lanka, India, from the Arabian Sea and Gulf, Gulf of Aden and from the Red Sea,Journal of the Bombay Natural History Society, 843, 505-525,va, 1987",,,,,,,,,,,,,MMI-later,22.57229036,69.9356675,1882,FALSE,,1625,FALSE,,
1672,2173,,,,Gujarat,Indian Ocean humpback dolphin,Humpback dolphin,"22.8332089212213, 69.2317293211603",Dipani et al surveying fish landing sites saw dolphins at Mandvi,,,,,,,,,,,,,MMI-later,22.83320892,69.23172932,1883,FALSE,,1626,FALSE,,
1709,2174,,,,Kerala,Indian Ocean humpback dolphin,Humpback dolphin,"11.25875, 75.78041","Lal Mohan, R,S, 1985 Observations on the by-catch of dolphins Stenella longirostris, Tursiops aduncus, Sousa chinensis and Delphinus delphis tropicalis in the gillnets off Calicut coast, India, Proc, Symp, Endangered Marine Animals and Marine Parks, 19",,,,,,,,,,,,,MMI-later,11.25875,75.78041,1884,FALSE,,1627,FALSE,,
1710,2175,,,,Maharashtra,Indian Ocean humpback dolphin,Humpback dolphin,"19.98687, 72.7081","Sinclair, W,F, 1895 A Stranded Dolphin,Journal of the Bombay Natural History Society, 91, 100,",,,,,,,,,,,,,MMI-later,19.98687,72.7081,1885,FALSE,,1628,FALSE,,
1696,2176,,,,Andhra Pradesh,Indo-Pacific bottlenose dolphin,Bottlenose dolphin,"17.6860117350731, 83.2981093536159","Seshagiri Rao, C,V, & Narayana Rao, K, 1993 On the landing of a large sized Bottle-nose dolphin Tursiops aduncus at Visakhapatnam, along Andhra coast,Marine Fisheries Information Service Technical & Extension Series, 120, 18,",,,,,,,,,,,,,MMI-later,17.68601174,83.29810935,1886,FALSE,,1629,FALSE,,
1697,2177,,,,Kerala,Indo-Pacific bottlenose dolphin,Bottlenose dolphin,"11.2582833343017, 75.768207292955","De Silva, P,H,D,H, 1987 Cetaceans whales, dolphins and porpoises recorded off Sri Lanka, India, from the Arabian Sea and Gulf, Gulf of Aden and from the Red Sea,Journal of the Bombay Natural History Society, 843, 505-525,va, 1987",,,,,,,,,,,,,MMI-later,11.25828333,75.76820729,1887,FALSE,,1630,FALSE,,
1678,2178,,,,Gujarat,Indo-Pacific finless porpoise,Indo-Pacific finless porpoise,"22.4221106535792, 68.9919366817699","Joe K, Kizhakudan and Shoba Joe Kizhakudan, 2001, On a black porpoise Neophocaena phocaenoides Cuvier landed in a dol net at Seemar, Gujarat, MFIS T&E Series 168, April-June 2001, pp, 23-24,",,,,,,,,,,,,,MMI-later,22.42211065,68.99193668,1888,FALSE,,1631,FALSE,,
1689,2179,,,,Kerala,Indo-Pacific finless porpoise,Indo-Pacific finless porpoise,"10.8072624136282, 75.9061461312076","De Silva, P,H,D,H, 1987 Cetaceans whales, dolphins and porpoises recorded off Sri Lanka, India, from the Arabian Sea and Gulf, Gulf of Aden and from the Red Sea,Journal of the Bombay Natural History Society, 843, 505-525,va, 1987",,,,,,,,,,,,,MMI-later,10.80726241,75.90614613,1889,FALSE,,1632,FALSE,,
1690,2180,,,,Maharashtra,Indo-Pacific finless porpoise,Indo-Pacific finless porpoise,"16.9714173328815, 73.293224395612","De Silva, P,H,D,H, 1987 Cetaceans whales, dolphins and porpoises recorded off Sri Lanka, India, from the Arabian Sea and Gulf, Gulf of Aden and from the Red Sea,Journal of the Bombay Natural History Society, 843, 505-525,va, 1987",,,,,,,,,,,,,MMI-later,16.97141733,73.2932244,1890,FALSE,,1633,FALSE,,
1173,2181,,,,Andhra Pradesh,Indo-Pacific humpback dolphin,Humpback dolphin,,,,,,,,,,,,,,,Blanford 1891,,,1891,FALSE,,1634,FALSE,,
1174,2182,,,,Maharashtra,Indo-Pacific humpback dolphin,Humpback dolphin,,,,,,,,,,,,,,,Blanford 1891,,,1892,FALSE,,1635,FALSE,,
1175,2183,,,,Kerala,Indo-Pacific humpback dolphin,Humpback dolphin,,,,,,,,,,,,,,,Lydekker 1903,,,1893,FALSE,,1636,FALSE,,
1176,2184,,,,Pakistan,Indo-Pacific humpback dolphin,Humpback dolphin,,,,,,,,,,,,,,,Blanford 1891,,,1894,FALSE,,1637,FALSE,,
1706,2185,,,,Tamil Nadu,Indo-Pacific humpback dolphin,Humpback dolphin,"8.76416, 78.13483","Mohamad Kasim, H,, Marichamy, R,, Balasubramanian, T,S,, Ameer Hamsa, K,M,S, & Rajapackiyam, S, 1994 On an accidental stranding, rescue and return of Humpback Dolphins at Tuticorin harbour area,Marine Fisheries Information Service Technical & Extension",,,,,,,,,,,,,MMI-later,8.76416,78.13483,1895,FALSE,,1638,FALSE,,
1707,2186,,,,Tamil Nadu,Indo-Pacific humpback dolphin,Humpback dolphin,"11.50844, 79.75681","Kumaran, PL, & Subramanian, AN, 1993 First record of an endangered Indo-Pacific finless porpoise Neophocaena phocaenoides from Porto Novo, southeast coast of India,Journal of the Marine Biological Association of India, 35, 207-209, & Subramanian, 1993",,,,,,,,,,,,,MMI-later,11.50844,79.75681,1896,FALSE,,1639,FALSE,,
1708,2187,,,,Odisha,Indo-Pacific humpback dolphin,Humpback dolphin,"20.74364, 87.45509","James, P,S,B,R,, Rajagopalan, M,, Dan, S,S,, Bastian Fernando, A, & Selvaraj, V, 1989 On the mortality and stranding of marine mammals and turtles at Gahirmatha, Orissa from 1983 to 1987,Journal of the Marine Biological Association of India, 311 & 2,",,,,,,,,,,,,,MMI-later,20.74364,87.45509,1897,FALSE,,1640,FALSE,,
1711,2188,,,,Maharashtra,Indo-Pacific humpback dolphin,Humpback dolphin,"19.75983, 72.87765","De Silva, P,H,D,H, 1987 Cetaceans whales, dolphins and porpoises recorded off Sri Lanka, India, from the Arabian Sea and Gulf, Gulf of Aden and from the Red Sea,Journal of the Bombay Natural History Society, 843, 505-525,",,,,,,,,,,,,,MMI-later,19.75983,72.87765,1898,FALSE,,1641,FALSE,,
1712,2189,,,,Andhra Pradesh,Indo-Pacific humpback dolphin,Humpback dolphin,"17.64821, 83.27272","De Silva, P,H,D,H, 1987 Cetaceans whales, dolphins and porpoises recorded off Sri Lanka, India, from the Arabian Sea and Gulf, Gulf of Aden and from the Red Sea,Journal of the Bombay Natural History Society, 843, 505-525,",,,,,,,,,,,,,MMI-later,17.64821,83.27272,1899,FALSE,,1642,FALSE,,
1713,2190,,,,Lakshadweep islands,Indo-Pacific humpback dolphin,Humpback dolphin,"12.25015, 71.7000000001","De Silva, P,H,D,H, 1987 Cetaceans whales, dolphins and porpoises recorded off Sri Lanka, India, from the Arabian Sea and Gulf, Gulf of Aden and from the Red Sea,Journal of the Bombay Natural History Society, 843, 505-525,",,,,,,,,,,,,,MMI-later,12.25015,71.7,1900,FALSE,,1643,FALSE,,
1714,2191,,,,Kerala,Indo-Pacific humpback dolphin,Humpback dolphin,"10.63464, 75.89754","De Silva, P,H,D,H, 1987 Cetaceans whales, dolphins and porpoises recorded off Sri Lanka, India, from the Arabian Sea and Gulf, Gulf of Aden and from the Red Sea,Journal of the Bombay Natural History Society, 843, 505-525,",,,,,,,,,,,,,MMI-later,10.63464,75.89754,1901,FALSE,,1644,FALSE,,
1715,2192,,,,Andhra Pradesh,Indo-Pacific humpback dolphin,Humpback dolphin,"17.68681, 83.21848","De Silva, P,H,D,H, 1987 Cetaceans whales, dolphins and porpoises recorded off Sri Lanka, India, from the Arabian Sea and Gulf, Gulf of Aden and from the Red Sea,Journal of the Bombay Natural History Society, 843, 505-525,",,,,,,,,,,,,,MMI-later,17.68681,83.21848,1902,FALSE,,1645,FALSE,,
1694,2193,,,,West Bengal,Irrawaddy dolphin,Irrawaddy dolphin,,"De Silva, P,H,D,H, 1987 Cetaceans whales, dolphins and porpoises recorded off Sri Lanka, India, from the Arabian Sea and Gulf, Gulf of Aden and from the Red Sea,Journal of the Bombay Natural History Society, 843, 505-525,va, 1987",,,,,,,,,,,,,MMI-later,,,1903,FALSE,,1646,FALSE,,
1676,2194,,,,Andaman & Nicobar islands,Killer whale,Killer whale,,"Andamans, http:--groups,yahoo,com-group-marinemammalsofindia-photos-album-418894365-pic-list",,,,,,,,,,,,,MMI-later,,,1904,FALSE,,1647,FALSE,,
1692,2195,,,,Andaman & Nicobar islands,Killer whale,Killer whale,,"De Silva, P,H,D,H, 1987 Cetaceans whales, dolphins and porpoises recorded off Sri Lanka, India, from the Arabian Sea and Gulf, Gulf of Aden and from the Red Sea,Journal of the Bombay Natural History Society, 843, 505-525,va, 1987",,,,,,,,,,,,,MMI-later,,,1905,FALSE,,1648,FALSE,,
1698,2196,,,,Andhra Pradesh,Long beaked common dolphin,Long-beaked common dolphin,"16.9832495499682, 82.2859248665368","Anonymous 1998 On the landing of dolphins at Dummulapeta, East Godavari district, Andhra Pradesh, Marine Fisheries Information Service Technical & Extension Series, 152, 17-18,",,,,,,,,,,,,,MMI-later,16.98324955,82.28592487,1906,FALSE,,1649,FALSE,,
1699,2197,,,,Tamil Nadu,Long beaked common dolphin,Long-beaked common dolphin,"10.4717096617251, 79.8632605245883","Krishnan, M,1997 Five encounters, In:Natures spokesman, ed, Ramachandra Guha, Oxford University Press, New Delhi,291 pages,",,,,,,,,,,,,,MMI-later,10.47170966,79.86326052,1907,FALSE,,1650,FALSE,,
1700,2198,,,,Kerala,Long beaked common dolphin,Long-beaked common dolphin,"9.93129854230939, 76.2465124335646","Balan, V, 1961 Some observations on the shoaling behaviour of the oil-sardine,Indian Journal of Fisheries, 8, 207-221,",,,,,,,,,,,,,MMI-later,9.931298542,76.24651243,1908,FALSE,,1651,FALSE,,
1701,2199,,,,Tamil Nadu,Long beaked common dolphin,Long-beaked common dolphin,"10.4717096617251, 79.8632605245883","De Silva, P,H,D,H, 1987 Cetaceans whales, dolphins and porpoises recorded off Sri Lanka, India, from the Arabian Sea and Gulf, Gulf of Aden and from the Red Sea,Journal of the Bombay Natural History Society, 843, 505-525,va, 1987",,,,,,,,,,,,,MMI-later,10.47170966,79.86326052,1909,FALSE,,1652,FALSE,,
1702,2200,,,,Gujarat,Long beaked common dolphin,Long-beaked common dolphin,"22.5569936876995, 69.8918509940979","De Silva, P,H,D,H, 1987 Cetaceans whales, dolphins and porpoises recorded off Sri Lanka, India, from the Arabian Sea and Gulf, Gulf of Aden and from the Red Sea,Journal of the Bombay Natural History Society, 843, 505-525,va, 1987",,,,,,,,,,,,,MMI-later,22.55699369,69.89185099,1910,FALSE,,1653,FALSE,,
1695,2201,,,,Andhra Pradesh,Melon-headed whale,Melon-headed whale,,"Leatherwood, S,, McDonald, D,, Prematunga, W, P,, Girton, P,, Ilangakoon, A, & McBrearty, D, 1991 Records of the blackfish Killer, False Killer, Pilot, Pygmy Killer and Melon-headed whales in the Indian Ocean, 1772-1986,In:Cetaceans and Cetacean Res",,,,,,,,,,,,,MMI-later,,,1911,FALSE,,1654,FALSE,,
1704,2202,,,,Unknown,Pan-tropical spotted dolphin,Pan-tropical spotted dolphin,"51.51941, 0.12695","De Silva, P,H,D,H, 1987 Cetaceans whales, dolphins and porpoises recorded off Sri Lanka, India, from the Arabian Sea and Gulf, Gulf of Aden and from the Red Sea,Journal of the Bombay Natural History Society, 843, 505-525,va, 1987",,,,,,,,,,,,,MMI-later,,,1912,FALSE,,1655,FALSE,,
1705,2203,,,,West Bengal,Pan-tropical spotted dolphin,Pan-tropical spotted dolphin,"21.7684814225424, 87.8734780248639","De Silva, P,H,D,H, 1987 Cetaceans whales, dolphins and porpoises recorded off Sri Lanka, India, from the Arabian Sea and Gulf, Gulf of Aden and from the Red Sea,Journal of the Bombay Natural History Society, 843, 505-525,va, 1987",,,,,,,,,,,,,MMI-later,21.76848142,87.87347802,1913,FALSE,,1656,FALSE,,
1674,2204,,,,Kerala,Pygmy killer whale,Pygmy killer whale,"9.93129854230939, 76.2465124335646","R, Jeyabaskaran, Sijo Paul, E, Vivekanandan and K,S,S,M, Yousuf",,,,,,,,,,,,,MMI-later,9.931298542,76.24651243,1914,FALSE,,1657,FALSE,,
1691,2205,,,,West Bengal,Short-finned pilot whale,Short-finned pilot whale,"21.8084318657688, 87.930748734756","De Silva, P,H,D,H, 1987 Cetaceans whales, dolphins and porpoises recorded off Sri Lanka, India, from the Arabian Sea and Gulf, Gulf of Aden and from the Red Sea,Journal of the Bombay Natural History Society, 843, 505-525,va, 1987",,,,,,,,,,,,,MMI-later,21.80843187,87.93074873,1915,FALSE,,1658,FALSE,,
1165,2206,,,,Tamil Nadu,Sperm whale,Sperm whale,,,,,,,,,,,,,,,Kuthalingam et al 1982,,,1916,FALSE,,1659,FALSE,,
1671,2207,,,,Andhra Pradesh,Sperm whale,Sperm whale,"13.8268, 80.27071","Moses, S,T, 1947 Stranding of whales on the coasts of India,Journal of the Bombay Natural History Society, 472, 377-379,;De Silva, P,H,D,H, 1987 Cetaceans whales, dolphins and porpoises recorded off Sri Lanka, India, from the Arabian Sea and Gulf,",,,,,,,,,,,,,MMI-later,13.8268,80.27071,1917,FALSE,,1660,FALSE,,
1687,2208,,,,Tamil Nadu,Sperm whale,Sperm whale,"13.0476832483148, 80.2834114039548","De Silva, P,H,D,H, 1987 Cetaceans whales, dolphins and porpoises recorded off Sri Lanka, India, from the Arabian Sea and Gulf, Gulf of Aden and from the Red Sea,Journal of the Bombay Natural History Society, 843, 505-525,va, 1987",,,,,,,,,,,,,MMI-later,13.04768325,80.2834114,1918,FALSE,,1661,FALSE,,
1688,2209,,,,Unknown,Sperm whale,Sperm whale,,Personal observation,,,,,,,,,,,,,MMI-later,,,1919,FALSE,,1662,FALSE,,
1703,2210,,,,Kerala,Spinner dolphin,Spinner dolphin,"9.93129854230939, 76.2465124335646","Jayaprakash, A,A,, Nammalwar, P,, Krishna Pillai, S, & Elayath, M,N,K, 1995 Incidental by-catch of dolphins at Fisheries Harbour, Cochin, with a note on their conservation and management in India,Journal of the Marine Biological Association of India, 37",,,,,,,,,,,,,MMI-later,9.931298542,76.24651243,1920,FALSE,,1663,FALSE,,
1675,2211,,,,Andaman & Nicobar islands,Unidentified,Unidentified,,"http:--groups,yahoo,com-group-marinemammalsofindia-photos-album-973920631-pic-list",,,,,,,,,,,,,MMI-later,,,1921,FALSE,,1664,FALSE,,
1680,2212,,,,Kerala,Unidentified baleen whale,Unidentified baleen whale,"10.54539, 76.0304","Baby, K,G, 1996b On a whale stranded at Anchangadi, Trichur District, Kerala,Marine Fisheries Information Service Technical & Extension Series, 142, 17,",,,,,,,,,,,,,MMI-later,10.54539,76.0304,1922,FALSE,,1665,FALSE,,
