id,Day,Month,Year,Region,Species_co,Sex,Age.class,Death_code,PMI_min,PMI_max,lat,lon,flag,adv_time_days,date
7,30,9,2025,Goa,Indo-Pacific finless porpoise,M,SA,3,2,3,15.24884893,73.92088648,,0,30-09-2025 00:00
7,29,9,2025,Goa,Indo-Pacific finless porpoise,,SA,3,2,3,15.24825382,73.92216492,,0.5,29-09-2025 12:00
7,29,9,2025,Goa,Indo-Pacific finless porpoise,,SA,3,2,3,15.24765682,73.91159821,,1,29-09-2025 00:00
7,28,9,2025,Goa,Indo-Pacific finless porpoise,,SA,3,2,3,15.24712181,73.90202332,,1.5,28-09-2025 12:00
7,28,9,2025,Goa,Indo-Pacific finless porpoise,,SA,3,2,3,15.24668121,73.88191986,,2,28-09-2025 00:00
7,27,9,2025,Goa,Indo-Pacific finless porpoise,,SA,3,2,3,15.24642754,73.84713745,,2.5,27-09-2025 12:00
7,27,9,2025,Goa,Indo-Pacific finless porpoise,,SA,3,2,3,15.24482059,73.82263947,,3,27-09-2025 00:00
8,30,9,2025,Goa,Indo-Pacific finless porpoise,,,3,2,3,15.64229724,73.71800347,,0,30-09-2025 00:00
8,29,9,2025,Goa,Indo-Pacific finless porpoise,,,3,2,3,15.64028168,73.71753693,,0.5,29-09-2025 12:00
8,29,9,2025,Goa,Indo-Pacific finless porpoise,,,3,2,3,15.63802814,73.71091461,,1,29-09-2025 00:00
8,28,9,2025,Goa,Indo-Pacific finless porpoise,,,3,2,3,15.63541508,73.7073822,,1.5,28-09-2025 12:00
8,28,9,2025,Goa,Indo-Pacific finless porpoise,,,3,2,3,15.63199997,73.68452454,,2,28-09-2025 00:00
8,27,9,2025,Goa,Indo-Pacific finless porpoise,,,3,2,3,15.62768459,73.68479919,,2.5,27-09-2025 12:00
8,27,9,2025,Goa,Indo-Pacific finless porpoise,,,3,2,3,15.62253952,73.67552948,,3,27-09-2025 00:00
9,29,9,2025,Goa,Indo-Pacific finless porpoise,M,SA,3,2,3,15.54493271,73.7549767,,0,29-09-2025 00:00
9,28,9,2025,Goa,Indo-Pacific finless porpoise,,SA,3,2,3,15.53895092,73.74433136,,0.5,28-09-2025 12:00
9,28,9,2025,Goa,Indo-Pacific finless porpoise,,SA,3,2,3,15.52864838,73.69355774,,1,28-09-2025 00:00
9,27,9,2025,Goa,Indo-Pacific finless porpoise,,SA,3,2,3,15.51250648,73.6698761,,1.5,27-09-2025 12:00
9,27,9,2025,Goa,Indo-Pacific finless porpoise,,SA,3,2,3,15.47653961,73.61572266,,2,27-09-2025 00:00
9,26,9,2025,Goa,Indo-Pacific finless porpoise,,SA,3,2,3,15.41394043,73.57663727,,2.5,26-09-2025 12:00
9,26,9,2025,Goa,Indo-Pacific finless porpoise,,SA,3,2,3,15.34862328,73.55109406,,3,26-09-2025 00:00
10,29,9,2025,Goa,Indo-Pacific finless porpoise,,C,3,2,4,15.31942492,73.89851757,,0,29-09-2025 00:00
10,28,9,2025,Goa,Indo-Pacific finless porpoise,,C,3,2,4,15.31996632,73.89681244,,0.5,28-09-2025 12:00
10,28,9,2025,Goa,Indo-Pacific finless porpoise,,C,3,2,4,15.32061958,73.88812256,,1,28-09-2025 00:00
10,27,9,2025,Goa,Indo-Pacific finless porpoise,,C,3,2,4,15.32147503,73.87661743,,1.5,27-09-2025 12:00
10,27,9,2025,Goa,Indo-Pacific finless porpoise,,C,3,2,4,15.32251072,73.86710358,,2,27-09-2025 00:00
10,26,9,2025,Goa,Indo-Pacific finless porpoise,,C,3,2,4,15.32364368,73.86048126,,2.5,26-09-2025 12:00
10,26,9,2025,Goa,Indo-Pacific finless porpoise,,C,3,2,4,15.3248167,73.85348511,,3,26-09-2025 00:00
10,25,9,2025,Goa,Indo-Pacific finless porpoise,,C,3,2,4,15.3260603,73.83840942,,3.5,25-09-2025 12:00
10,25,9,2025,Goa,Indo-Pacific finless porpoise,,C,3,2,4,15.32614422,73.82105255,,4,25-09-2025 00:00
11,29,9,2025,Goa,Indo-Pacific finless porpoise,M,,3,2,3,15.35284217,73.8845562,,0,29-09-2025 00:00
11,28,9,2025,Goa,Indo-Pacific finless porpoise,,,3,2,3,15.35209274,73.8766098,,0.5,28-09-2025 12:00
11,28,9,2025,Goa,Indo-Pacific finless porpoise,,,3,2,3,15.35112286,73.85359955,,1,28-09-2025 00:00
11,27,9,2025,Goa,Indo-Pacific finless porpoise,,,3,2,3,15.34976482,73.82807922,,1.5,27-09-2025 12:00
11,27,9,2025,Goa,Indo-Pacific finless porpoise,,,3,2,3,15.34767246,73.80984497,,2,27-09-2025 00:00
11,26,9,2025,Goa,Indo-Pacific finless porpoise,,,3,2,3,15.34504032,73.80368805,,2.5,26-09-2025 12:00
11,26,9,2025,Goa,Indo-Pacific finless porpoise,,,3,2,3,15.34202957,73.79734039,,3,26-09-2025 00:00
12,28,9,2025,Goa,Humpback dolphin,,,3,3,5,15.5612067,73.74873617,,0,28-09-2025 00:00
12,27,9,2025,Goa,Humpback dolphin,,,3,3,5,15.55957127,73.74634552,,0.5,27-09-2025 12:00
12,27,9,2025,Goa,Humpback dolphin,,,3,3,5,15.55715752,73.7424469,,1,27-09-2025 00:00
12,26,9,2025,Goa,Humpback dolphin,,,3,3,5,15.55333138,73.73571014,,1.5,26-09-2025 12:00
12,26,9,2025,Goa,Humpback dolphin,,,3,3,5,15.54755211,73.72836304,,2,26-09-2025 00:00
12,25,9,2025,Goa,Humpback dolphin,,,3,3,5,15.53918171,73.71513367,,2.5,25-09-2025 12:00
12,25,9,2025,Goa,Humpback dolphin,,,3,3,5,15.52729225,73.69171906,,3,25-09-2025 00:00
12,24,9,2025,Goa,Humpback dolphin,,,3,3,5,15.51217651,73.68408966,,3.5,24-09-2025 12:00
12,24,9,2025,Goa,Humpback dolphin,,,3,3,5,15.48714256,73.64892578,,4,24-09-2025 00:00
12,23,9,2025,Goa,Humpback dolphin,,,3,3,5,15.44562149,73.63946533,,4.5,23-09-2025 12:00
12,23,9,2025,Goa,Humpback dolphin,,,3,3,5,15.38837814,73.60819244,,5,23-09-2025 00:00
13,26,9,2025,Goa,Humpback dolphin,,,2,1,2,15.24884893,73.92088648,,0,26-09-2025 00:00
13,25,9,2025,Goa,Humpback dolphin,,,2,1,2,15.2482748,73.90945435,,0.5,25-09-2025 12:00
13,25,9,2025,Goa,Humpback dolphin,,,2,1,2,15.24780273,73.89225769,,1,25-09-2025 00:00
13,24,9,2025,Goa,Humpback dolphin,,,2,1,2,15.24739647,73.88915253,,1.5,24-09-2025 12:00
13,24,9,2025,Goa,Humpback dolphin,,,2,1,2,15.24705315,73.87181854,,2,24-09-2025 00:00
14,25,9,2025,Goa,Humpback dolphin,,,4,6,8,15.16859563,73.94232229,,0,25-09-2025 00:00
14,24,9,2025,Goa,Humpback dolphin,,,4,6,8,15.16859531,73.94546509,,0.5,24-09-2025 12:00
14,24,9,2025,Goa,Humpback dolphin,,,4,6,8,15.16859531,73.94345093,,1,24-09-2025 00:00
14,23,9,2025,Goa,Humpback dolphin,,,4,6,8,15.16859531,73.94718933,,1.5,23-09-2025 12:00
14,23,9,2025,Goa,Humpback dolphin,,,4,6,8,15.16859531,73.94393921,,2,23-09-2025 00:00
14,22,9,2025,Goa,Humpback dolphin,,,4,6,8,15.16859531,73.94654083,,2.5,22-09-2025 12:00
14,22,9,2025,Goa,Humpback dolphin,,,4,6,8,15.16859531,73.95021057,,3,22-09-2025 00:00
14,21,9,2025,Goa,Humpback dolphin,,,4,6,8,15.16859531,73.94670868,,3.5,21-09-2025 12:00
14,21,9,2025,Goa,Humpback dolphin,,,4,6,8,15.16859531,73.94533539,,4,21-09-2025 00:00
14,20,9,2025,Goa,Humpback dolphin,,,4,6,8,15.16859531,73.94606781,,4.5,20-09-2025 12:00
14,20,9,2025,Goa,Humpback dolphin,,,4,6,8,15.16859531,73.93769836,,5,20-09-2025 00:00
14,19,9,2025,Goa,Humpback dolphin,,,4,6,8,15.16859531,73.93097687,,5.5,19-09-2025 12:00
14,19,9,2025,Goa,Humpback dolphin,,,4,6,8,15.1685667,73.91649628,,6,19-09-2025 00:00
14,18,9,2025,Goa,Humpback dolphin,,,4,6,8,15.16772842,73.90026855,,6.5,18-09-2025 12:00
14,18,9,2025,Goa,Humpback dolphin,,,4,6,8,15.1657877,73.88777924,,7,18-09-2025 00:00
14,17,9,2025,Goa,Humpback dolphin,,,4,6,8,15.16239738,73.86450195,,7.5,17-09-2025 12:00
14,17,9,2025,Goa,Humpback dolphin,,,4,6,8,15.15754604,73.85913849,,8,17-09-2025 00:00
15,25,9,2025,Goa,Indo-Pacific finless porpoise,,A,3,2,3,15.66820788,73.70952956,,0,25-09-2025 00:00
15,24,9,2025,Goa,Indo-Pacific finless porpoise,,A,3,2,3,15.66676426,73.70948029,,0.5,24-09-2025 12:00
15,24,9,2025,Goa,Indo-Pacific finless porpoise,,A,3,2,3,15.66516209,73.70265198,,1,24-09-2025 00:00
15,23,9,2025,Goa,Indo-Pacific finless porpoise,,A,3,2,3,15.66337395,73.70178986,,1.5,23-09-2025 12:00
15,23,9,2025,Goa,Indo-Pacific finless porpoise,,A,3,2,3,15.6613636,73.69372559,,2,23-09-2025 00:00
15,22,9,2025,Goa,Indo-Pacific finless porpoise,,A,3,2,3,15.65924644,73.70098877,,2.5,22-09-2025 12:00
15,22,9,2025,Goa,Indo-Pacific finless porpoise,,A,3,2,3,15.65704823,73.69470978,,3,22-09-2025 00:00
16,23,9,2025,Goa,Indo-Pacific finless porpoise,,,3,3,5,14.97856949,74.04153968,,0,23-09-2025 00:00
16,22,9,2025,Goa,Indo-Pacific finless porpoise,,,3,3,5,14.97895908,74.04279327,,0.5,22-09-2025 12:00
16,22,9,2025,Goa,Indo-Pacific finless porpoise,,,3,3,5,14.97929955,74.04982758,,1,22-09-2025 00:00
16,21,9,2025,Goa,Indo-Pacific finless porpoise,,,3,3,5,14.97961426,74.04699707,,1.5,21-09-2025 12:00
16,21,9,2025,Goa,Indo-Pacific finless porpoise,,,3,3,5,14.97996235,74.04208374,,2,21-09-2025 00:00
16,20,9,2025,Goa,Indo-Pacific finless porpoise,,,3,3,5,14.98032856,74.04180908,,2.5,20-09-2025 12:00
16,20,9,2025,Goa,Indo-Pacific finless porpoise,,,3,3,5,14.98075771,74.02710724,,3,20-09-2025 00:00
16,19,9,2025,Goa,Indo-Pacific finless porpoise,,,3,3,5,14.98124409,74.02751923,,3.5,19-09-2025 12:00
16,19,9,2025,Goa,Indo-Pacific finless porpoise,,,3,3,5,14.98177433,74.01391602,,4,19-09-2025 00:00
16,18,9,2025,Goa,Indo-Pacific finless porpoise,,,3,3,5,14.98240757,73.99992371,,4.5,18-09-2025 12:00
16,18,9,2025,Goa,Indo-Pacific finless porpoise,,,3,3,5,14.98306942,74.00248718,,5,18-09-2025 00:00
17,22,9,2025,Goa,Humpback dolphin,,C,2,0.5,1,15.70833322,73.69346311,,0,22-09-2025 00:00
17,21,9,2025,Goa,Humpback dolphin,,C,2,0.5,1,15.7027235,73.69374084,,0.5,21-09-2025 12:00
17,21,9,2025,Goa,Humpback dolphin,,C,2,0.5,1,15.69712734,73.67019653,,1,21-09-2025 00:00
18,20,9,2025,Goa,Humpback dolphin,,SA,2,1,3,15.24884893,73.92088648,,0,20-09-2025 00:00
18,19,9,2025,Goa,Humpback dolphin,,SA,2,1,3,15.24824333,73.91932678,,0.5,19-09-2025 12:00
18,19,9,2025,Goa,Humpback dolphin,,SA,2,1,3,15.24769974,73.90032959,,1,19-09-2025 00:00
18,18,9,2025,Goa,Humpback dolphin,,SA,2,1,3,15.24729347,73.88105774,,1.5,18-09-2025 12:00
18,18,9,2025,Goa,Humpback dolphin,,SA,2,1,3,15.24699688,73.86694336,,2,18-09-2025 00:00
18,17,9,2025,Goa,Humpback dolphin,,SA,2,1,3,15.24680519,73.85036469,,2.5,17-09-2025 12:00
18,17,9,2025,Goa,Humpback dolphin,,SA,2,1,3,15.24665356,73.8542099,,3,17-09-2025 00:00
19,18,9,2025,Goa,Humpback dolphin,,C,3,2,3,15.20610432,73.93266907,,0,18-09-2025 00:00
19,17,9,2025,Goa,Humpback dolphin,,C,3,2,3,15.20599651,73.920578,,0.5,17-09-2025 12:00
19,17,9,2025,Goa,Humpback dolphin,,C,3,2,3,15.20588493,73.92549133,,1,17-09-2025 00:00
19,16,9,2025,Goa,Humpback dolphin,,C,3,2,3,15.20575714,73.91691589,,1.5,16-09-2025 12:00
19,16,9,2025,Goa,Humpback dolphin,,C,3,2,3,15.20553493,73.91621399,,2,16-09-2025 00:00
19,15,9,2025,Goa,Humpback dolphin,,C,3,2,3,15.20502472,73.89888,,2.5,15-09-2025 12:00
19,15,9,2025,Goa,Humpback dolphin,,C,3,2,3,15.2043438,73.90620422,,3,15-09-2025 00:00
21,17,9,2025,Goa,Humpback dolphin,,SA,2,1,2,15.49931807,73.76740638,,0,17-09-2025 00:00
21,16,9,2025,Goa,Humpback dolphin,,SA,2,1,2,15.49661064,73.76280212,,0.5,16-09-2025 12:00
21,16,9,2025,Goa,Humpback dolphin,,SA,2,1,2,15.49392128,73.75101471,,1,16-09-2025 00:00
21,15,9,2025,Goa,Humpback dolphin,,SA,2,1,2,15.48828506,73.72762299,,1.5,15-09-2025 12:00
21,15,9,2025,Goa,Humpback dolphin,,SA,2,1,2,15.47793007,73.70832825,,2,15-09-2025 00:00
22,14,9,2025,Goa,Indo-Pacific finless porpoise,,,2,1,2,15.31942492,73.89851757,,0,14-09-2025 00:00
22,13,9,2025,Goa,Indo-Pacific finless porpoise,,,2,1,2,15.31992245,73.90046692,,0.5,13-09-2025 12:00
22,13,9,2025,Goa,Indo-Pacific finless porpoise,,,2,1,2,15.32045746,73.89487457,,1,13-09-2025 00:00
22,12,9,2025,Goa,Indo-Pacific finless porpoise,,,2,1,2,15.32111168,73.8884964,,1.5,12-09-2025 12:00
22,12,9,2025,Goa,Indo-Pacific finless porpoise,,,2,1,2,15.32187271,73.88315582,,2,12-09-2025 00:00
23,14,9,2025,Goa,Indo-Pacific finless porpoise,,,3,2,3,15.61701216,73.73286086,,0,14-09-2025 00:00
23,13,9,2025,Goa,Indo-Pacific finless porpoise,,,3,2,3,15.61499691,73.72867584,,0.5,13-09-2025 12:00
23,13,9,2025,Goa,Indo-Pacific finless porpoise,,,3,2,3,15.61242008,73.71811676,,1,13-09-2025 00:00
23,12,9,2025,Goa,Indo-Pacific finless porpoise,,,3,2,3,15.60896683,73.70754242,,1.5,12-09-2025 12:00
23,12,9,2025,Goa,Indo-Pacific finless porpoise,,,3,2,3,15.60434914,73.69169617,,2,12-09-2025 00:00
23,11,9,2025,Goa,Indo-Pacific finless porpoise,,,3,2,3,15.59836292,73.6812439,,2.5,11-09-2025 12:00
23,11,9,2025,Goa,Indo-Pacific finless porpoise,,,3,2,3,15.59088898,73.67730713,,3,11-09-2025 00:00
24,9,9,2025,Goa,Humpback dolphin,,SA,3,3,4,15.29374857,73.90747058,,0,09-09-2025 00:00
24,8,9,2025,Goa,Humpback dolphin,,SA,3,3,4,15.29398346,73.91017914,,0.5,08-09-2025 12:00
24,8,9,2025,Goa,Humpback dolphin,,SA,3,3,4,15.29420185,73.90917969,,1,08-09-2025 00:00
24,7,9,2025,Goa,Humpback dolphin,,SA,3,3,4,15.29444313,73.90795898,,1.5,07-09-2025 12:00
24,7,9,2025,Goa,Humpback dolphin,,SA,3,3,4,15.29474545,73.90336609,,2,07-09-2025 00:00
24,6,9,2025,Goa,Humpback dolphin,,SA,3,3,4,15.29510021,73.90318298,,2.5,06-09-2025 12:00
24,6,9,2025,Goa,Humpback dolphin,,SA,3,3,4,15.29548359,73.90071869,,3,06-09-2025 00:00
24,5,9,2025,Goa,Humpback dolphin,,SA,3,3,4,15.29594707,73.89559937,,3.5,05-09-2025 12:00
24,5,9,2025,Goa,Humpback dolphin,,SA,3,3,4,15.29660892,73.88137817,,4,05-09-2025 00:00
25,9,9,2025,Goa,Humpback dolphin,,C,2,0.5,1,15.04260833,73.98591921,,0,09-09-2025 00:00
25,8,9,2025,Goa,Humpback dolphin,,C,2,0.5,1,15.04248238,73.98628235,,0.5,08-09-2025 12:00
25,8,9,2025,Goa,Humpback dolphin,,C,2,0.5,1,15.04235077,73.98486328,,1,08-09-2025 00:00
29,27,8,2025,Goa,Indo-Pacific finless porpoise,,,2,2,3,14.99667863,74.03384074,,0,27-08-2025 00:00
29,26,8,2025,Goa,Indo-Pacific finless porpoise,,,2,2,3,14.99676037,74.0235672,,0.5,26-08-2025 12:00
29,26,8,2025,Goa,Indo-Pacific finless porpoise,,,2,2,3,14.99685192,74.01956177,,1,26-08-2025 00:00
29,25,8,2025,Goa,Indo-Pacific finless porpoise,,,2,2,3,14.99694347,74.01515198,,1.5,25-08-2025 12:00
29,25,8,2025,Goa,Indo-Pacific finless porpoise,,,2,2,3,14.99704266,74.01099396,,2,25-08-2025 00:00
29,24,8,2025,Goa,Indo-Pacific finless porpoise,,,2,2,3,14.99713993,74.01117706,,2.5,24-08-2025 12:00
29,24,8,2025,Goa,Indo-Pacific finless porpoise,,,2,2,3,14.99723148,74.013237,,3,24-08-2025 00:00
30,26,8,2025,Goa,Indo-Pacific finless porpoise,,,3,3,5,15.16859563,73.94232229,,0,26-08-2025 00:00
30,25,8,2025,Goa,Indo-Pacific finless porpoise,,,3,3,5,15.16859531,73.94113159,,0.5,25-08-2025 12:00
30,25,8,2025,Goa,Indo-Pacific finless porpoise,,,3,3,5,15.16859531,73.94270325,,1,25-08-2025 00:00
30,24,8,2025,Goa,Indo-Pacific finless porpoise,,,3,3,5,15.16859531,73.94206238,,1.5,24-08-2025 12:00
30,24,8,2025,Goa,Indo-Pacific finless porpoise,,,3,3,5,15.16859531,73.94343567,,2,24-08-2025 00:00
30,23,8,2025,Goa,Indo-Pacific finless porpoise,,,3,3,5,15.16859531,73.94081879,,2.5,23-08-2025 12:00
30,23,8,2025,Goa,Indo-Pacific finless porpoise,,,3,3,5,15.16859531,73.94017792,,3,23-08-2025 00:00
30,22,8,2025,Goa,Indo-Pacific finless porpoise,,,3,3,5,15.16859531,73.93160248,,3.5,22-08-2025 12:00
30,22,8,2025,Goa,Indo-Pacific finless porpoise,,,3,3,5,15.16859531,73.92240143,,4,22-08-2025 00:00
30,21,8,2025,Goa,Indo-Pacific finless porpoise,,,3,3,5,15.1685915,73.91938019,,4.5,21-08-2025 12:00
30,21,8,2025,Goa,Indo-Pacific finless porpoise,,,3,3,5,15.16819859,73.90958405,,5,21-08-2025 00:00
32,20,8,2025,Goa,Indo-Pacific finless porpoise,,,3,2,3,15.29374857,73.90747058,,0,20-08-2025 00:00
32,19,8,2025,Goa,Indo-Pacific finless porpoise,,,3,2,3,15.29410744,73.89766693,,0.5,19-08-2025 12:00
32,19,8,2025,Goa,Indo-Pacific finless porpoise,,,3,2,3,15.29468918,73.88654327,,1,19-08-2025 00:00
32,18,8,2025,Goa,Indo-Pacific finless porpoise,,,3,2,3,15.29556751,73.86975861,,1.5,18-08-2025 12:00
32,18,8,2025,Goa,Indo-Pacific finless porpoise,,,3,2,3,15.29679298,73.85529327,,2,18-08-2025 00:00
32,17,8,2025,Goa,Indo-Pacific finless porpoise,,,3,2,3,15.2964859,73.80206299,,2.5,17-08-2025 12:00
32,17,8,2025,Goa,Indo-Pacific finless porpoise,,,3,2,3,15.28060627,73.71422577,,3,17-08-2025 00:00
33,20,8,2025,Goa,Humpback dolphin,,C,2,0.5,1,15.60397325,73.73314466,,0,20-08-2025 00:00
33,19,8,2025,Goa,Humpback dolphin,,C,2,0.5,1,15.60097313,73.70980835,,0.5,19-08-2025 12:00
33,19,8,2025,Goa,Humpback dolphin,,C,2,0.5,1,15.59536457,73.67628479,,1,19-08-2025 00:00
34,18,8,2025,Goa,Humpback dolphin,,C,3,2,4,15.16859563,73.94232229,,0,18-08-2025 00:00
34,17,8,2025,Goa,Humpback dolphin,,C,3,2,4,15.16859531,73.93031311,,0.5,17-08-2025 12:00
34,17,8,2025,Goa,Humpback dolphin,,C,3,2,4,15.16859531,73.93031311,,1,17-08-2025 00:00
34,16,8,2025,Goa,Humpback dolphin,,C,3,2,4,15.16858482,73.91794586,,1.5,16-08-2025 12:00
34,16,8,2025,Goa,Humpback dolphin,,C,3,2,4,15.16853333,73.92116547,,2,16-08-2025 00:00
34,15,8,2025,Goa,Humpback dolphin,,C,3,2,4,15.16853333,73.92317963,,2.5,15-08-2025 12:00
34,15,8,2025,Goa,Humpback dolphin,,C,3,2,4,15.16853237,73.91975403,,3,15-08-2025 00:00
34,14,8,2025,Goa,Humpback dolphin,,C,3,2,4,15.16842937,73.91713715,,3.5,14-08-2025 12:00
34,14,8,2025,Goa,Humpback dolphin,,C,3,2,4,15.16835213,73.92108917,,4,14-08-2025 00:00
38,7,8,2025,Goa,Humpback dolphin,,,4,4,6,14.95974234,74.04898888,,0,07-08-2025 00:00
38,6,8,2025,Goa,Humpback dolphin,,,4,4,6,14.96036911,74.04639435,,0.5,06-08-2025 12:00
38,6,8,2025,Goa,Humpback dolphin,,,4,4,6,14.96108437,74.03858185,,1,06-08-2025 00:00
38,5,8,2025,Goa,Humpback dolphin,,,4,4,6,14.96185684,74.03892517,,1.5,05-08-2025 12:00
38,5,8,2025,Goa,Humpback dolphin,,,4,4,6,14.96278191,74.01887512,,2,05-08-2025 00:00
38,4,8,2025,Goa,Humpback dolphin,,,4,4,6,14.9640255,73.99551392,,2.5,04-08-2025 12:00
38,4,8,2025,Goa,Humpback dolphin,,,4,4,6,14.96378708,73.96591949,,3,04-08-2025 00:00
38,3,8,2025,Goa,Humpback dolphin,,,4,4,6,14.9580698,73.89188385,,3.5,03-08-2025 12:00
38,3,8,2025,Goa,Humpback dolphin,,,4,4,6,14.94127941,73.88666534,,4,03-08-2025 00:00
38,2,8,2025,Goa,Humpback dolphin,,,4,4,6,14.91432285,73.84223175,,4.5,02-08-2025 12:00
38,2,8,2025,Goa,Humpback dolphin,,,4,4,6,14.8749609,73.8210144,,5,02-08-2025 00:00
38,1,8,2025,Goa,Humpback dolphin,,,4,4,6,14.82958603,73.80027008,,5.5,01-08-2025 12:00
38,1,8,2025,Goa,Humpback dolphin,,,4,4,6,14.78016758,73.79128265,,6,01-08-2025 00:00
41,2,8,2025,Goa,Humpback dolphin,M,C,3,2,3,15.04260833,73.98591921,,0,02-08-2025 00:00
41,1,8,2025,Goa,Humpback dolphin,,C,3,2,3,15.04247475,73.98471832,,0.5,01-08-2025 12:00
41,1,8,2025,Goa,Humpback dolphin,,C,3,2,3,15.04233074,73.9838028,,1,01-08-2025 00:00
41,31,7,2025,Goa,Humpback dolphin,,C,3,2,3,15.04218197,73.9839859,,1.5,31-07-2025 12:00
41,31,7,2025,Goa,Humpback dolphin,,C,3,2,3,15.0420332,73.98343658,,2,31-07-2025 00:00
41,30,7,2025,Goa,Humpback dolphin,,C,3,2,3,15.0418644,73.98005676,,2.5,30-07-2025 12:00
41,30,7,2025,Goa,Humpback dolphin,,C,3,2,3,15.04165649,73.97497559,,3,30-07-2025 00:00
44,13,7,2025,Goa,Humpback dolphin,,SA,2,0.5,1,15.04260833,73.98591921,,0,13-07-2025 00:00
44,12,7,2025,Goa,Humpback dolphin,,SA,2,0.5,1,15.04248905,73.98795319,,0.5,12-07-2025 12:00
44,12,7,2025,Goa,Humpback dolphin,,SA,2,0.5,1,15.04237461,73.98786163,,1,12-07-2025 00:00
45,13,7,2025,Goa,Indo-Pacific finless porpoise,,,3,2,3,15.57401364,73.74068198,,0,13-07-2025 00:00
45,12,7,2025,Goa,Indo-Pacific finless porpoise,,,3,2,3,15.57203865,73.74495697,,0.5,12-07-2025 12:00
45,12,7,2025,Goa,Indo-Pacific finless porpoise,,,3,2,3,15.5700388,73.74098969,,1,12-07-2025 00:00
45,11,7,2025,Goa,Indo-Pacific finless porpoise,,,3,2,3,15.56798744,73.74479675,,1.5,11-07-2025 12:00
45,11,7,2025,Goa,Indo-Pacific finless porpoise,,,3,2,3,15.56619453,73.74597931,,2,11-07-2025 00:00
45,10,7,2025,Goa,Indo-Pacific finless porpoise,,,3,2,3,15.56429291,73.74352264,,2.5,10-07-2025 12:00
45,10,7,2025,Goa,Indo-Pacific finless porpoise,,,3,2,3,15.56206417,73.74147797,,3,10-07-2025 00:00
48,5,7,2025,Goa,Humpback dolphin,,SA,2,0.5,1,15.16859563,73.94232229,,0,05-07-2025 00:00
48,4,7,2025,Goa,Humpback dolphin,,SA,2,0.5,1,15.16859531,73.93692017,,0.5,04-07-2025 12:00
48,4,7,2025,Goa,Humpback dolphin,,SA,2,0.5,1,15.16859531,73.9382019,,1,04-07-2025 00:00
49,27,6,2025,Goa,Indo-Pacific finless porpoise,,A,2,0.5,1,15.49931807,73.76740638,,0,27-06-2025 00:00
49,26,6,2025,Goa,Indo-Pacific finless porpoise,,A,2,0.5,1,15.49638176,73.75583649,,0.5,26-06-2025 12:00
49,26,6,2025,Goa,Indo-Pacific finless porpoise,,A,2,0.5,1,15.49362755,73.75550842,,1,26-06-2025 00:00
50,25,6,2025,Goa,Indo-Pacific finless porpoise,,,3,3,5,15.31145652,73.90148065,,0,25-06-2025 00:00
50,24,6,2025,Goa,Indo-Pacific finless porpoise,,,3,3,5,15.31198025,73.89297485,,0.5,24-06-2025 12:00
50,24,6,2025,Goa,Indo-Pacific finless porpoise,,,3,3,5,15.31273842,73.88141632,,1,24-06-2025 00:00
50,23,6,2025,Goa,Indo-Pacific finless porpoise,,,3,3,5,15.31389332,73.85856628,,1.5,23-06-2025 12:00
50,23,6,2025,Goa,Indo-Pacific finless porpoise,,,3,3,5,15.31539822,73.85417175,,2,23-06-2025 00:00
50,22,6,2025,Goa,Indo-Pacific finless porpoise,,,3,3,5,15.31708241,73.84432983,,2.5,22-06-2025 12:00
50,22,6,2025,Goa,Indo-Pacific finless porpoise,,,3,3,5,15.31761169,73.81630707,,3,22-06-2025 00:00
50,21,6,2025,Goa,Indo-Pacific finless porpoise,,,3,3,5,15.31430531,73.7910614,,3.5,21-06-2025 12:00
50,21,6,2025,Goa,Indo-Pacific finless porpoise,,,3,3,5,15.30703545,73.76974487,,4,21-06-2025 00:00
50,20,6,2025,Goa,Indo-Pacific finless porpoise,,,3,3,5,15.28988171,73.72968292,,4.5,20-06-2025 12:00
50,20,6,2025,Goa,Indo-Pacific finless porpoise,,,3,3,5,15.25561523,73.70502472,,5,20-06-2025 00:00
51,23,6,2025,Goa,Humpback dolphin,,C,2,0.5,1,15.24884893,73.92088648,,0,23-06-2025 00:00
51,22,6,2025,Goa,Humpback dolphin,,C,2,0.5,1,15.24829674,73.90431213,,0.5,22-06-2025 12:00
51,22,6,2025,Goa,Humpback dolphin,,C,2,0.5,1,15.24786758,73.88529205,,1,22-06-2025 00:00
52,18,6,2025,Goa,Humpback dolphin,,A,3,3,5,15.27976895,73.91194528,,0,18-06-2025 00:00
52,17,6,2025,Goa,Humpback dolphin,,A,3,3,5,15.27993488,73.91068268,,0.5,17-06-2025 12:00
52,17,6,2025,Goa,Humpback dolphin,,A,3,3,5,15.28013039,73.90911102,,1,17-06-2025 00:00
52,16,6,2025,Goa,Humpback dolphin,,A,3,3,5,15.28034782,73.90911102,,1.5,16-06-2025 12:00
52,16,6,2025,Goa,Humpback dolphin,,A,3,3,5,15.28056526,73.90911102,,2,16-06-2025 00:00
52,15,6,2025,Goa,Humpback dolphin,,A,3,3,5,15.28079224,73.90762329,,2.5,15-06-2025 12:00
52,15,6,2025,Goa,Humpback dolphin,,A,3,3,5,15.28106213,73.90464783,,3,15-06-2025 00:00
52,14,6,2025,Goa,Humpback dolphin,,A,3,3,5,15.28134537,73.90639496,,3.5,14-06-2025 12:00
52,14,6,2025,Goa,Humpback dolphin,,A,3,3,5,15.28163719,73.90371704,,4,14-06-2025 00:00
52,13,6,2025,Goa,Humpback dolphin,,A,3,3,5,15.28192425,73.90699768,,4.5,13-06-2025 12:00
52,13,6,2025,Goa,Humpback dolphin,,A,3,3,5,15.28220272,73.90463257,,5,13-06-2025 00:00
55,15,6,2025,Goa,Humpback dolphin,,,3,2,4,15.31942492,73.89851757,,0,15-06-2025 00:00
55,14,6,2025,Goa,Humpback dolphin,,,3,2,4,15.31991577,73.90096283,,0.5,14-06-2025 12:00
55,14,6,2025,Goa,Humpback dolphin,,,3,2,4,15.32037354,73.90087128,,1,14-06-2025 00:00
55,13,6,2025,Goa,Humpback dolphin,,,3,2,4,15.32080364,73.90255737,,1.5,13-06-2025 12:00
55,13,6,2025,Goa,Humpback dolphin,,,3,2,4,15.32122517,73.90071869,,2,13-06-2025 00:00
55,12,6,2025,Goa,Humpback dolphin,,,3,2,4,15.32163525,73.90270996,,2.5,12-06-2025 12:00
55,12,6,2025,Goa,Humpback dolphin,,,3,2,4,15.32200813,73.90316772,,3,12-06-2025 00:00
55,11,6,2025,Goa,Humpback dolphin,,,3,2,4,15.32238007,73.90200043,,3.5,11-06-2025 12:00
55,11,6,2025,Goa,Humpback dolphin,,,3,2,4,15.3228569,73.8914032,,4,11-06-2025 00:00
57,9,6,2025,Goa,Humpback dolphin,,,3,2,4,15.29374857,73.90747058,,0,09-06-2025 00:00
57,8,6,2025,Goa,Humpback dolphin,,,3,2,4,15.29408264,73.90036011,,0.5,08-06-2025 12:00
57,8,6,2025,Goa,Humpback dolphin,,,3,2,4,15.29462433,73.88735962,,1,08-06-2025 00:00
57,7,6,2025,Goa,Humpback dolphin,,,3,2,4,15.29542351,73.87692261,,1.5,07-06-2025 12:00
57,7,6,2025,Goa,Humpback dolphin,,,3,2,4,15.29652214,73.85944366,,2,07-06-2025 00:00
57,6,6,2025,Goa,Humpback dolphin,,,3,2,4,15.29800224,73.84226227,,2.5,06-06-2025 12:00
57,6,6,2025,Goa,Humpback dolphin,,,3,2,4,15.29715157,73.80890656,,3,06-06-2025 00:00
57,5,6,2025,Goa,Humpback dolphin,,,3,2,4,15.29260731,73.80374146,,3.5,05-06-2025 12:00
57,5,6,2025,Goa,Humpback dolphin,,,3,2,4,15.28514957,73.78378296,,4,05-06-2025 00:00
58,6,6,2025,Goa,Humpback dolphin,M,A,3,3,5,15.64009083,73.71864797,,0,06-06-2025 00:00
58,5,6,2025,Goa,Humpback dolphin,,A,3,3,5,15.63800335,73.71685028,,0.5,05-06-2025 12:00
58,5,6,2025,Goa,Humpback dolphin,,A,3,3,5,15.63563061,73.71052551,,1,05-06-2025 00:00
58,4,6,2025,Goa,Humpback dolphin,,A,3,3,5,15.63306141,73.71329498,,1.5,04-06-2025 12:00
58,4,6,2025,Goa,Humpback dolphin,,A,3,3,5,15.63023472,73.70497894,,2,04-06-2025 00:00
58,3,6,2025,Goa,Humpback dolphin,,A,3,3,5,15.62688541,73.70009613,,2.5,03-06-2025 12:00
58,3,6,2025,Goa,Humpback dolphin,,A,3,3,5,15.62294769,73.69151306,,3,03-06-2025 00:00
58,2,6,2025,Goa,Humpback dolphin,,A,3,3,5,15.61879635,73.70052338,,3.5,02-06-2025 12:00
58,2,6,2025,Goa,Humpback dolphin,,A,3,3,5,15.6145792,73.69617462,,4,02-06-2025 00:00
58,1,6,2025,Goa,Humpback dolphin,,A,3,3,5,15.60996819,73.69625092,,4.5,01-06-2025 12:00
58,1,6,2025,Goa,Humpback dolphin,,A,3,3,5,15.6048193,73.6887207,,5,01-06-2025 00:00
59,29,5,2025,Goa,Humpback dolphin,,C,3,2,3,15.5112819,73.76456269,,0,29-05-2025 00:00
59,28,5,2025,Goa,Humpback dolphin,,C,3,2,3,15.50484753,73.76126862,,0.5,28-05-2025 12:00
59,28,5,2025,Goa,Humpback dolphin,,C,3,2,3,15.49928951,73.74728394,,1,28-05-2025 00:00
59,27,5,2025,Goa,Humpback dolphin,,C,3,2,3,15.49106026,73.71746826,,1.5,27-05-2025 12:00
59,27,5,2025,Goa,Humpback dolphin,,C,3,2,3,15.47301579,73.6687851,,2,27-05-2025 00:00
59,26,5,2025,Goa,Humpback dolphin,,C,3,2,3,15.42807007,73.61219788,,2.5,26-05-2025 12:00
59,26,5,2025,Goa,Humpback dolphin,,C,3,2,3,15.36159992,73.56959534,,3,26-05-2025 00:00
62,27,5,2025,Goa,Indo-Pacific finless porpoise,,,4,4,6,15.35284217,73.8845562,,0,27-05-2025 00:00
62,26,5,2025,Goa,Indo-Pacific finless porpoise,,,4,4,6,15.35180664,73.8399353,,0.5,26-05-2025 12:00
62,26,5,2025,Goa,Indo-Pacific finless porpoise,,,4,4,6,15.3501339,73.82446289,,1,26-05-2025 00:00
62,25,5,2025,Goa,Indo-Pacific finless porpoise,,,4,4,6,15.34654331,73.75348663,,1.5,25-05-2025 12:00
62,25,5,2025,Goa,Indo-Pacific finless porpoise,,,4,4,6,15.3270998,73.71514893,,2,25-05-2025 00:00
62,24,5,2025,Goa,Indo-Pacific finless porpoise,,,4,4,6,15.28487396,73.6721344,,2.5,24-05-2025 12:00
62,24,5,2025,Goa,Indo-Pacific finless porpoise,,,4,4,6,15.23091125,73.61131287,,3,24-05-2025 00:00
62,23,5,2025,Goa,Indo-Pacific finless porpoise,,,4,4,6,15.17629433,73.54584503,,3.5,23-05-2025 12:00
62,23,5,2025,Goa,Indo-Pacific finless porpoise,,,4,4,6,15.11046696,73.45163727,,4,23-05-2025 00:00
62,22,5,2025,Goa,Indo-Pacific finless porpoise,,,4,4,6,15.03164768,73.37621307,,4.5,22-05-2025 12:00
62,22,5,2025,Goa,Indo-Pacific finless porpoise,,,4,4,6,14.9736414,73.2452774,,5,22-05-2025 00:00
62,21,5,2025,Goa,Indo-Pacific finless porpoise,,,4,4,6,14.92260456,73.0842514,,5.5,21-05-2025 12:00
62,21,5,2025,Goa,Indo-Pacific finless porpoise,,,4,4,6,14.86137199,73.04165649,,6,21-05-2025 00:00
63,25,5,2025,Goa,Humpback dolphin,M,SA,2,0.5,1,15.22303589,73.92816343,,0,25-05-2025 00:00
63,24,5,2025,Goa,Humpback dolphin,,SA,2,0.5,1,15.22248936,73.89753723,,0.5,24-05-2025 12:00
63,24,5,2025,Goa,Humpback dolphin,,SA,2,0.5,1,15.22152901,73.86992645,,1,24-05-2025 00:00
64,24,5,2025,Goa,Humpback dolphin,,,4,6,9,14.90768708,74.08218385,,0,24-05-2025 00:00
64,23,5,2025,Goa,Humpback dolphin,,,4,6,9,14.90859222,74.08065796,,0.5,23-05-2025 12:00
64,23,5,2025,Goa,Humpback dolphin,,,4,6,9,14.90943432,74.08163452,,1,23-05-2025 00:00
64,22,5,2025,Goa,Humpback dolphin,,,4,6,9,14.91020393,74.08272552,,1.5,22-05-2025 12:00
64,22,5,2025,Goa,Humpback dolphin,,,4,6,9,14.91091156,74.08290863,,2,22-05-2025 00:00
64,21,5,2025,Goa,Humpback dolphin,,,4,6,9,14.9115715,74.08171844,,2.5,21-05-2025 12:00
64,21,5,2025,Goa,Humpback dolphin,,,4,6,9,14.91218853,74.08171844,,3,21-05-2025 00:00
64,20,5,2025,Goa,Humpback dolphin,,,4,6,9,14.91275883,74.08190918,,3.5,20-05-2025 12:00
64,20,5,2025,Goa,Humpback dolphin,,,4,6,9,14.91328335,74.08320618,,4,20-05-2025 00:00
64,19,5,2025,Goa,Humpback dolphin,,,4,6,9,14.91376305,74.0843277,,4.5,19-05-2025 12:00
64,19,5,2025,Goa,Humpback dolphin,,,4,6,9,14.91420555,74.08423615,,5,19-05-2025 00:00
64,18,5,2025,Goa,Humpback dolphin,,,4,6,9,14.91461754,74.08391571,,5.5,18-05-2025 12:00
64,18,5,2025,Goa,Humpback dolphin,,,4,6,9,14.91500092,74.08400726,,6,18-05-2025 00:00
64,17,5,2025,Goa,Humpback dolphin,,,4,6,9,14.91535664,74.08406067,,6.5,17-05-2025 12:00
64,17,5,2025,Goa,Humpback dolphin,,,4,6,9,14.91568661,74.08396912,,7,17-05-2025 00:00
64,16,5,2025,Goa,Humpback dolphin,,,4,6,9,14.91599274,74.08449554,,7.5,16-05-2025 12:00
64,16,5,2025,Goa,Humpback dolphin,,,4,6,9,14.91627598,74.08431244,,8,16-05-2025 00:00
64,15,5,2025,Goa,Humpback dolphin,,,4,6,9,14.91654015,74.08440399,,8.5,15-05-2025 12:00
64,15,5,2025,Goa,Humpback dolphin,,,4,6,9,14.91678619,74.08349609,,9,15-05-2025 00:00
65,19,5,2025,Goa,Humpback dolphin,,,4,6,8,15.16859563,73.94232229,,0,19-05-2025 00:00
65,18,5,2025,Goa,Humpback dolphin,,,4,6,8,15.16859531,73.94876862,,0.5,18-05-2025 12:00
65,18,5,2025,Goa,Humpback dolphin,,,4,6,8,15.16859531,73.95116425,,1,18-05-2025 00:00
65,17,5,2025,Goa,Humpback dolphin,,,4,6,8,15.16859531,73.95484924,,1.5,17-05-2025 12:00
65,17,5,2025,Goa,Humpback dolphin,,,4,6,8,15.16859531,73.95155334,,2,17-05-2025 00:00
65,16,5,2025,Goa,Humpback dolphin,,,4,6,8,15.16859531,73.95387268,,2.5,16-05-2025 12:00
65,16,5,2025,Goa,Humpback dolphin,,,4,6,8,15.16859531,73.95487976,,3,16-05-2025 00:00
65,15,5,2025,Goa,Humpback dolphin,,,4,6,8,15.16859531,73.95506287,,3.5,15-05-2025 12:00
65,15,5,2025,Goa,Humpback dolphin,,,4,6,8,15.16859531,73.95144653,,4,15-05-2025 00:00
65,14,5,2025,Goa,Humpback dolphin,,,4,6,8,15.16859531,73.95144653,,4.5,14-05-2025 12:00
65,14,5,2025,Goa,Humpback dolphin,,,4,6,8,15.16859531,73.95496368,,5,14-05-2025 00:00
65,13,5,2025,Goa,Humpback dolphin,,,4,6,8,15.16859531,73.95487213,,5.5,13-05-2025 12:00
65,13,5,2025,Goa,Humpback dolphin,,,4,6,8,15.16859531,73.95700073,,6,13-05-2025 00:00
65,12,5,2025,Goa,Humpback dolphin,,,4,6,8,15.16859531,73.95172119,,6.5,12-05-2025 12:00
65,12,5,2025,Goa,Humpback dolphin,,,4,6,8,15.16859531,73.94752502,,7,12-05-2025 00:00
65,11,5,2025,Goa,Humpback dolphin,,,4,6,8,15.16859531,73.93686676,,7.5,11-05-2025 12:00
65,11,5,2025,Goa,Humpback dolphin,,,4,6,8,15.16859531,73.93410492,,8,11-05-2025 00:00
66,19,5,2025,Goa,Humpback dolphin,,,3,3,5,15.20610432,73.93266907,,0,19-05-2025 00:00
66,18,5,2025,Goa,Humpback dolphin,,,3,3,5,15.20600891,73.93634033,,0.5,18-05-2025 12:00
66,18,5,2025,Goa,Humpback dolphin,,,3,3,5,15.20591736,73.9369812,,1,18-05-2025 00:00
66,17,5,2025,Goa,Humpback dolphin,,,3,3,5,15.20583153,73.94230652,,1.5,17-05-2025 12:00
66,17,5,2025,Goa,Humpback dolphin,,,3,3,5,15.2057476,73.93722534,,2,17-05-2025 00:00
66,16,5,2025,Goa,Humpback dolphin,,,3,3,5,15.20566177,73.9390564,,2.5,16-05-2025 12:00
66,16,5,2025,Goa,Humpback dolphin,,,3,3,5,15.20558167,73.93804932,,3,16-05-2025 00:00
66,15,5,2025,Goa,Humpback dolphin,,,3,3,5,15.20550156,73.93685913,,3.5,15-05-2025 12:00
66,15,5,2025,Goa,Humpback dolphin,,,3,3,5,15.20541096,73.92645264,,4,15-05-2025 00:00
66,14,5,2025,Goa,Humpback dolphin,,,3,3,5,15.20531845,73.92471313,,4.5,14-05-2025 12:00
66,14,5,2025,Goa,Humpback dolphin,,,3,3,5,15.2052269,73.92654419,,5,14-05-2025 00:00
67,18,5,2025,Goa,Humpback dolphin,,,4,4,6,15.12663599,73.94008671,,0,18-05-2025 00:00
67,17,5,2025,Goa,Humpback dolphin,,,4,4,6,15.11918163,73.94892883,,0.5,17-05-2025 12:00
67,17,5,2025,Goa,Humpback dolphin,,,4,4,6,15.11215401,73.94264984,,1,17-05-2025 00:00
67,16,5,2025,Goa,Humpback dolphin,,,4,4,6,15.10637569,73.94843292,,1.5,16-05-2025 12:00
67,16,5,2025,Goa,Humpback dolphin,,,4,4,6,15.10165882,73.94337463,,2,16-05-2025 00:00
67,15,5,2025,Goa,Humpback dolphin,,,4,4,6,15.09762096,73.94335938,,2.5,15-05-2025 12:00
67,15,5,2025,Goa,Humpback dolphin,,,4,4,6,15.09402466,73.93112183,,3,15-05-2025 00:00
67,14,5,2025,Goa,Humpback dolphin,,,4,4,6,15.0908556,73.92829132,,3.5,14-05-2025 12:00
67,14,5,2025,Goa,Humpback dolphin,,,4,4,6,15.08822727,73.91945648,,4,14-05-2025 00:00
67,13,5,2025,Goa,Humpback dolphin,,,4,4,6,15.08562469,73.91395569,,4.5,13-05-2025 12:00
67,13,5,2025,Goa,Humpback dolphin,,,4,4,6,15.08142185,73.89300537,,5,13-05-2025 00:00
67,12,5,2025,Goa,Humpback dolphin,,,4,4,6,15.07534218,73.89136505,,5.5,12-05-2025 12:00
67,12,5,2025,Goa,Humpback dolphin,,,4,4,6,15.06658173,73.87217712,,6,12-05-2025 00:00
68,18,5,2025,Goa,Humpback dolphin,,,3,3,5,15.1571974,73.94493185,,0,18-05-2025 00:00
68,17,5,2025,Goa,Humpback dolphin,,,3,3,5,15.15660381,73.94953156,,0.5,17-05-2025 12:00
68,17,5,2025,Goa,Humpback dolphin,,,3,3,5,15.15588951,73.94556427,,1,17-05-2025 00:00
68,16,5,2025,Goa,Humpback dolphin,,,3,3,5,15.15501785,73.94892883,,1.5,16-05-2025 12:00
68,16,5,2025,Goa,Humpback dolphin,,,3,3,5,15.15400219,73.94929504,,2,16-05-2025 00:00
68,15,5,2025,Goa,Humpback dolphin,,,3,3,5,15.15279293,73.94984436,,2.5,15-05-2025 12:00
68,15,5,2025,Goa,Humpback dolphin,,,3,3,5,15.15125847,73.94403076,,3,15-05-2025 00:00
68,14,5,2025,Goa,Humpback dolphin,,,3,3,5,15.14927101,73.94355011,,3.5,14-05-2025 12:00
68,14,5,2025,Goa,Humpback dolphin,,,3,3,5,15.14683342,73.94395447,,4,14-05-2025 00:00
68,13,5,2025,Goa,Humpback dolphin,,,3,3,5,15.14381218,73.94264984,,4.5,13-05-2025 12:00
68,13,5,2025,Goa,Humpback dolphin,,,3,3,5,15.13983154,73.93619537,,5,13-05-2025 00:00
69,17,5,2025,Goa,Humpback dolphin,,,4,6,8,15.16859563,73.94232229,,0,17-05-2025 00:00
69,16,5,2025,Goa,Humpback dolphin,,,4,6,8,15.16859531,73.94507599,,0.5,16-05-2025 12:00
69,16,5,2025,Goa,Humpback dolphin,,,4,6,8,15.16859531,73.94626617,,1,16-05-2025 00:00
69,15,5,2025,Goa,Humpback dolphin,,,4,6,8,15.16859531,73.94654083,,1.5,15-05-2025 12:00
69,15,5,2025,Goa,Humpback dolphin,,,4,6,8,15.16859531,73.94224548,,2,15-05-2025 00:00
69,14,5,2025,Goa,Humpback dolphin,,,4,6,8,15.16859531,73.94224548,,2.5,14-05-2025 12:00
69,14,5,2025,Goa,Humpback dolphin,,,4,6,8,15.16859531,73.94642639,,3,14-05-2025 00:00
69,13,5,2025,Goa,Humpback dolphin,,,4,6,8,15.16859531,73.94624329,,3.5,13-05-2025 12:00
69,13,5,2025,Goa,Humpback dolphin,,,4,6,8,15.16859531,73.94876862,,4,13-05-2025 00:00
69,12,5,2025,Goa,Humpback dolphin,,,4,6,8,15.16859531,73.94248199,,4.5,12-05-2025 12:00
69,12,5,2025,Goa,Humpback dolphin,,,4,6,8,15.16859531,73.93747711,,5,12-05-2025 00:00
69,11,5,2025,Goa,Humpback dolphin,,,4,6,8,15.16859531,73.92479706,,5.5,11-05-2025 12:00
69,11,5,2025,Goa,Humpback dolphin,,,4,6,8,15.16859531,73.92151642,,6,11-05-2025 00:00
69,10,5,2025,Goa,Humpback dolphin,,,4,6,8,15.16839695,73.91320801,,6.5,10-05-2025 12:00
69,10,5,2025,Goa,Humpback dolphin,,,4,6,8,15.16751194,73.90224457,,7,10-05-2025 00:00
69,9,5,2025,Goa,Humpback dolphin,,,4,6,8,15.1655674,73.88574219,,7.5,09-05-2025 12:00
69,9,5,2025,Goa,Humpback dolphin,,,4,6,8,15.16197014,73.86071014,,8,09-05-2025 00:00
70,17,5,2025,Goa,Indo-Pacific finless porpoise,,,4,5,7,15.16859563,73.94232229,,0,17-05-2025 00:00
70,16,5,2025,Goa,Indo-Pacific finless porpoise,,,4,5,7,15.16859531,73.94507599,,0.5,16-05-2025 12:00
70,16,5,2025,Goa,Indo-Pacific finless porpoise,,,4,5,7,15.16859531,73.94626617,,1,16-05-2025 00:00
70,15,5,2025,Goa,Indo-Pacific finless porpoise,,,4,5,7,15.16859531,73.94654083,,1.5,15-05-2025 12:00
70,15,5,2025,Goa,Indo-Pacific finless porpoise,,,4,5,7,15.16859531,73.94224548,,2,15-05-2025 00:00
70,14,5,2025,Goa,Indo-Pacific finless porpoise,,,4,5,7,15.16859531,73.94224548,,2.5,14-05-2025 12:00
70,14,5,2025,Goa,Indo-Pacific finless porpoise,,,4,5,7,15.16859531,73.94642639,,3,14-05-2025 00:00
70,13,5,2025,Goa,Indo-Pacific finless porpoise,,,4,5,7,15.16859531,73.94624329,,3.5,13-05-2025 12:00
70,13,5,2025,Goa,Indo-Pacific finless porpoise,,,4,5,7,15.16859531,73.94876862,,4,13-05-2025 00:00
70,12,5,2025,Goa,Indo-Pacific finless porpoise,,,4,5,7,15.16859531,73.94248199,,4.5,12-05-2025 12:00
70,12,5,2025,Goa,Indo-Pacific finless porpoise,,,4,5,7,15.16859531,73.93747711,,5,12-05-2025 00:00
70,11,5,2025,Goa,Indo-Pacific finless porpoise,,,4,5,7,15.16859531,73.92479706,,5.5,11-05-2025 12:00
70,11,5,2025,Goa,Indo-Pacific finless porpoise,,,4,5,7,15.16859531,73.92151642,,6,11-05-2025 00:00
70,10,5,2025,Goa,Indo-Pacific finless porpoise,,,4,5,7,15.16839695,73.91320801,,6.5,10-05-2025 12:00
70,10,5,2025,Goa,Indo-Pacific finless porpoise,,,4,5,7,15.16751194,73.90224457,,7,10-05-2025 00:00
71,17,5,2025,Goa,Humpback dolphin,,,4,6,8,15.16859563,73.94232229,,0,17-05-2025 00:00
71,16,5,2025,Goa,Humpback dolphin,,,4,6,8,15.16859531,73.94507599,,0.5,16-05-2025 12:00
71,16,5,2025,Goa,Humpback dolphin,,,4,6,8,15.16859531,73.94626617,,1,16-05-2025 00:00
71,15,5,2025,Goa,Humpback dolphin,,,4,6,8,15.16859531,73.94654083,,1.5,15-05-2025 12:00
71,15,5,2025,Goa,Humpback dolphin,,,4,6,8,15.16859531,73.94224548,,2,15-05-2025 00:00
71,14,5,2025,Goa,Humpback dolphin,,,4,6,8,15.16859531,73.94224548,,2.5,14-05-2025 12:00
71,14,5,2025,Goa,Humpback dolphin,,,4,6,8,15.16859531,73.94642639,,3,14-05-2025 00:00
71,13,5,2025,Goa,Humpback dolphin,,,4,6,8,15.16859531,73.94624329,,3.5,13-05-2025 12:00
71,13,5,2025,Goa,Humpback dolphin,,,4,6,8,15.16859531,73.94876862,,4,13-05-2025 00:00
71,12,5,2025,Goa,Humpback dolphin,,,4,6,8,15.16859531,73.94248199,,4.5,12-05-2025 12:00
71,12,5,2025,Goa,Humpback dolphin,,,4,6,8,15.16859531,73.93747711,,5,12-05-2025 00:00
71,11,5,2025,Goa,Humpback dolphin,,,4,6,8,15.16859531,73.92479706,,5.5,11-05-2025 12:00
71,11,5,2025,Goa,Humpback dolphin,,,4,6,8,15.16859531,73.92151642,,6,11-05-2025 00:00
71,10,5,2025,Goa,Humpback dolphin,,,4,6,8,15.16839695,73.91320801,,6.5,10-05-2025 12:00
71,10,5,2025,Goa,Humpback dolphin,,,4,6,8,15.16751194,73.90224457,,7,10-05-2025 00:00
71,9,5,2025,Goa,Humpback dolphin,,,4,6,8,15.1655674,73.88574219,,7.5,09-05-2025 12:00
71,9,5,2025,Goa,Humpback dolphin,,,4,6,8,15.16197014,73.86071014,,8,09-05-2025 00:00
72,17,5,2025,Goa,Humpback dolphin,,,3,3,5,15.1571974,73.94493185,,0,17-05-2025 00:00
72,16,5,2025,Goa,Humpback dolphin,,,3,3,5,15.15659428,73.94819641,,0.5,16-05-2025 12:00
72,16,5,2025,Goa,Humpback dolphin,,,3,3,5,15.15589142,73.9488678,,1,16-05-2025 00:00
72,15,5,2025,Goa,Humpback dolphin,,,3,3,5,15.155056,73.94941711,,1.5,15-05-2025 12:00
72,15,5,2025,Goa,Humpback dolphin,,,3,3,5,15.15400219,73.94433594,,2,15-05-2025 00:00
72,14,5,2025,Goa,Humpback dolphin,,,3,3,5,15.15265083,73.94410706,,2.5,14-05-2025 12:00
72,14,5,2025,Goa,Humpback dolphin,,,3,3,5,15.15102005,73.94577789,,3,14-05-2025 00:00
72,13,5,2025,Goa,Humpback dolphin,,,3,3,5,15.14904499,73.94510651,,3.5,13-05-2025 12:00
72,13,5,2025,Goa,Humpback dolphin,,,3,3,5,15.14654922,73.94200134,,4,13-05-2025 00:00
72,12,5,2025,Goa,Humpback dolphin,,,3,3,5,15.14318848,73.9355011,,4.5,12-05-2025 12:00
72,12,5,2025,Goa,Humpback dolphin,,,3,3,5,15.13827038,73.92301941,,5,12-05-2025 00:00
73,17,5,2025,Goa,Humpback dolphin,,,3,3,5,15.1571974,73.94493185,,0,17-05-2025 00:00
73,16,5,2025,Goa,Humpback dolphin,,,3,3,5,15.15659428,73.94819641,,0.5,16-05-2025 12:00
73,16,5,2025,Goa,Humpback dolphin,,,3,3,5,15.15589142,73.9488678,,1,16-05-2025 00:00
73,15,5,2025,Goa,Humpback dolphin,,,3,3,5,15.155056,73.94941711,,1.5,15-05-2025 12:00
73,15,5,2025,Goa,Humpback dolphin,,,3,3,5,15.15400219,73.94433594,,2,15-05-2025 00:00
73,14,5,2025,Goa,Humpback dolphin,,,3,3,5,15.15265083,73.94410706,,2.5,14-05-2025 12:00
73,14,5,2025,Goa,Humpback dolphin,,,3,3,5,15.15102005,73.94577789,,3,14-05-2025 00:00
73,13,5,2025,Goa,Humpback dolphin,,,3,3,5,15.14904499,73.94510651,,3.5,13-05-2025 12:00
73,13,5,2025,Goa,Humpback dolphin,,,3,3,5,15.14654922,73.94200134,,4,13-05-2025 00:00
73,12,5,2025,Goa,Humpback dolphin,,,3,3,5,15.14318848,73.9355011,,4.5,12-05-2025 12:00
73,12,5,2025,Goa,Humpback dolphin,,,3,3,5,15.13827038,73.92301941,,5,12-05-2025 00:00
74,17,5,2025,Goa,Humpback dolphin,,,4,5,8,15.1571974,73.94493185,,0,17-05-2025 00:00
74,16,5,2025,Goa,Humpback dolphin,,,4,5,8,15.15659428,73.94819641,,0.5,16-05-2025 12:00
74,16,5,2025,Goa,Humpback dolphin,,,4,5,8,15.15589142,73.9488678,,1,16-05-2025 00:00
74,15,5,2025,Goa,Humpback dolphin,,,4,5,8,15.155056,73.94941711,,1.5,15-05-2025 12:00
74,15,5,2025,Goa,Humpback dolphin,,,4,5,8,15.15400219,73.94433594,,2,15-05-2025 00:00
74,14,5,2025,Goa,Humpback dolphin,,,4,5,8,15.15265083,73.94410706,,2.5,14-05-2025 12:00
74,14,5,2025,Goa,Humpback dolphin,,,4,5,8,15.15102005,73.94577789,,3,14-05-2025 00:00
74,13,5,2025,Goa,Humpback dolphin,,,4,5,8,15.14904499,73.94510651,,3.5,13-05-2025 12:00
74,13,5,2025,Goa,Humpback dolphin,,,4,5,8,15.14654922,73.94200134,,4,13-05-2025 00:00
74,12,5,2025,Goa,Humpback dolphin,,,4,5,8,15.14318848,73.9355011,,4.5,12-05-2025 12:00
74,12,5,2025,Goa,Humpback dolphin,,,4,5,8,15.13827038,73.92301941,,5,12-05-2025 00:00
74,11,5,2025,Goa,Humpback dolphin,,,4,5,8,15.13085556,73.91002655,,5.5,11-05-2025 12:00
74,11,5,2025,Goa,Humpback dolphin,,,4,5,8,15.12085247,73.89735413,,6,11-05-2025 00:00
74,10,5,2025,Goa,Humpback dolphin,,,4,5,8,15.10987282,73.88250732,,6.5,10-05-2025 12:00
74,10,5,2025,Goa,Humpback dolphin,,,4,5,8,15.09858513,73.85642242,,7,10-05-2025 00:00
74,9,5,2025,Goa,Humpback dolphin,,,4,5,8,15.08370781,73.83348846,,7.5,09-05-2025 12:00
74,9,5,2025,Goa,Humpback dolphin,,,4,5,8,15.05471325,73.76844025,,8,09-05-2025 00:00
75,17,5,2025,Goa,Humpback dolphin,,,4,6,8,15.1571974,73.94493185,,0,17-05-2025 00:00
75,16,5,2025,Goa,Humpback dolphin,,,4,6,8,15.15659428,73.94819641,,0.5,16-05-2025 12:00
75,16,5,2025,Goa,Humpback dolphin,,,4,6,8,15.15589142,73.9488678,,1,16-05-2025 00:00
75,15,5,2025,Goa,Humpback dolphin,,,4,6,8,15.155056,73.94941711,,1.5,15-05-2025 12:00
75,15,5,2025,Goa,Humpback dolphin,,,4,6,8,15.15400219,73.94433594,,2,15-05-2025 00:00
75,14,5,2025,Goa,Humpback dolphin,,,4,6,8,15.15265083,73.94410706,,2.5,14-05-2025 12:00
75,14,5,2025,Goa,Humpback dolphin,,,4,6,8,15.15102005,73.94577789,,3,14-05-2025 00:00
75,13,5,2025,Goa,Humpback dolphin,,,4,6,8,15.14904499,73.94510651,,3.5,13-05-2025 12:00
75,13,5,2025,Goa,Humpback dolphin,,,4,6,8,15.14654922,73.94200134,,4,13-05-2025 00:00
75,12,5,2025,Goa,Humpback dolphin,,,4,6,8,15.14318848,73.9355011,,4.5,12-05-2025 12:00
75,12,5,2025,Goa,Humpback dolphin,,,4,6,8,15.13827038,73.92301941,,5,12-05-2025 00:00
75,11,5,2025,Goa,Humpback dolphin,,,4,6,8,15.13085556,73.91002655,,5.5,11-05-2025 12:00
75,11,5,2025,Goa,Humpback dolphin,,,4,6,8,15.12085247,73.89735413,,6,11-05-2025 00:00
75,10,5,2025,Goa,Humpback dolphin,,,4,6,8,15.10987282,73.88250732,,6.5,10-05-2025 12:00
75,10,5,2025,Goa,Humpback dolphin,,,4,6,8,15.09858513,73.85642242,,7,10-05-2025 00:00
75,9,5,2025,Goa,Humpback dolphin,,,4,6,8,15.08370781,73.83348846,,7.5,09-05-2025 12:00
75,9,5,2025,Goa,Humpback dolphin,,,4,6,8,15.05471325,73.76844025,,8,09-05-2025 00:00
76,16,5,2025,Goa,Humpback dolphin,,,3,2,4,15.14603986,73.94810409,,0,16-05-2025 00:00
76,15,5,2025,Goa,Humpback dolphin,,,3,2,4,15.14315414,73.94874573,,0.5,15-05-2025 12:00
76,15,5,2025,Goa,Humpback dolphin,,,3,2,4,15.13935947,73.93933105,,1,15-05-2025 00:00
76,14,5,2025,Goa,Humpback dolphin,,,3,2,4,15.13417625,73.93766785,,1.5,14-05-2025 12:00
76,14,5,2025,Goa,Humpback dolphin,,,3,2,4,15.12723923,73.93119049,,2,14-05-2025 00:00
76,13,5,2025,Goa,Humpback dolphin,,,3,2,4,15.11766148,73.92591858,,2.5,13-05-2025 12:00
76,13,5,2025,Goa,Humpback dolphin,,,3,2,4,15.10793972,73.9030304,,3,13-05-2025 00:00
76,12,5,2025,Goa,Humpback dolphin,,,3,2,4,15.09938812,73.89808655,,3.5,12-05-2025 12:00
76,12,5,2025,Goa,Humpback dolphin,,,3,2,4,15.09071732,73.87780762,,4,12-05-2025 00:00
77,16,5,2025,Goa,Humpback dolphin,,,3,2,4,15.16859563,73.94232229,,0,16-05-2025 00:00
77,15,5,2025,Goa,Humpback dolphin,,,3,2,4,15.16859531,73.94259644,,0.5,15-05-2025 12:00
77,15,5,2025,Goa,Humpback dolphin,,,3,2,4,15.16859531,73.93797302,,1,15-05-2025 00:00
77,14,5,2025,Goa,Humpback dolphin,,,3,2,4,15.16859531,73.93797302,,1.5,14-05-2025 12:00
77,14,5,2025,Goa,Humpback dolphin,,,3,2,4,15.16859531,73.94245911,,2,14-05-2025 00:00
77,13,5,2025,Goa,Humpback dolphin,,,3,2,4,15.16859531,73.942276,,2.5,13-05-2025 12:00
77,13,5,2025,Goa,Humpback dolphin,,,3,2,4,15.16859531,73.94498444,,3,13-05-2025 00:00
77,12,5,2025,Goa,Humpback dolphin,,,3,2,4,15.16859531,73.93822479,,3.5,12-05-2025 12:00
77,12,5,2025,Goa,Humpback dolphin,,,3,2,4,15.16859531,73.9328537,,4,12-05-2025 00:00
78,15,5,2025,Goa,Humpback dolphin,,C,4,4,5,15.00970492,74.02350093,,0,15-05-2025 00:00
78,14,5,2025,Goa,Humpback dolphin,,C,4,4,5,15.00970459,74.02017212,,0.5,14-05-2025 12:00
78,14,5,2025,Goa,Humpback dolphin,,C,4,4,5,15.00970459,74.01665497,,1,14-05-2025 00:00
78,13,5,2025,Goa,Humpback dolphin,,C,4,4,5,15.00970459,74.01470184,,1.5,13-05-2025 12:00
78,13,5,2025,Goa,Humpback dolphin,,C,4,4,5,15.00970459,74.00899506,,2,13-05-2025 00:00
78,12,5,2025,Goa,Humpback dolphin,,C,4,4,5,15.00970459,74.00453186,,2.5,12-05-2025 12:00
78,12,5,2025,Goa,Humpback dolphin,,C,4,4,5,15.00969124,73.99723816,,3,12-05-2025 00:00
78,11,5,2025,Goa,Humpback dolphin,,C,4,4,5,15.00954819,73.99229431,,3.5,11-05-2025 12:00
78,11,5,2025,Goa,Humpback dolphin,,C,4,4,5,15.00943375,73.9995575,,4,11-05-2025 00:00
78,10,5,2025,Goa,Humpback dolphin,,C,4,4,5,15.00938034,73.99663544,,4.5,10-05-2025 12:00
78,10,5,2025,Goa,Humpback dolphin,,C,4,4,5,15.00923538,73.99295807,,5,10-05-2025 00:00
79,13,5,2025,Goa,Indo-Pacific finless porpoise,,,2,0.5,1,14.97856949,74.04153968,,0,13-05-2025 00:00
79,12,5,2025,Goa,Indo-Pacific finless porpoise,,,2,0.5,1,14.97900009,74.03462219,,0.5,12-05-2025 12:00
79,12,5,2025,Goa,Indo-Pacific finless porpoise,,,2,0.5,1,14.97951889,74.02181244,,1,12-05-2025 00:00
80,13,5,2025,Goa,Humpback dolphin,,SA,3,2,4,15.00970492,74.02350093,,0,13-05-2025 00:00
80,12,5,2025,Goa,Humpback dolphin,,SA,3,2,4,15.00970459,74.01995087,,0.5,12-05-2025 12:00
80,12,5,2025,Goa,Humpback dolphin,,SA,3,2,4,15.00970459,74.0141983,,1,12-05-2025 00:00
80,11,5,2025,Goa,Humpback dolphin,,SA,3,2,4,15.00970459,74.01006317,,1.5,11-05-2025 12:00
80,11,5,2025,Goa,Humpback dolphin,,SA,3,2,4,15.00970459,74.01593018,,2,11-05-2025 00:00
80,10,5,2025,Goa,Humpback dolphin,,SA,3,2,4,15.00970459,74.01369476,,2.5,10-05-2025 12:00
80,10,5,2025,Goa,Humpback dolphin,,SA,3,2,4,15.00970459,74.01165009,,3,10-05-2025 00:00
80,9,5,2025,Goa,Humpback dolphin,,SA,3,2,4,15.00970459,74.00845337,,3.5,09-05-2025 12:00
80,9,5,2025,Goa,Humpback dolphin,,SA,3,2,4,15.00970268,73.99884033,,4,09-05-2025 00:00
82,11,5,2025,Goa,Indo-Pacific finless porpoise,F,SA,2,0.5,1,14.99667863,74.03384074,,0,11-05-2025 00:00
82,10,5,2025,Goa,Indo-Pacific finless porpoise,,SA,2,0.5,1,14.99675846,74.03086853,,0.5,10-05-2025 12:00
82,10,5,2025,Goa,Indo-Pacific finless porpoise,,SA,2,0.5,1,14.99683857,74.02854156,,1,10-05-2025 00:00
83,11,5,2025,Goa,Humpback dolphin,M,,3,3,5,14.95974234,74.04898888,,0,11-05-2025 00:00
83,10,5,2025,Goa,Humpback dolphin,,,3,3,5,14.96042824,74.03992462,,0.5,10-05-2025 12:00
83,10,5,2025,Goa,Humpback dolphin,,,3,3,5,14.96123695,74.03507996,,1,10-05-2025 00:00
83,9,5,2025,Goa,Humpback dolphin,,,3,3,5,14.96216583,74.0248642,,1.5,09-05-2025 12:00
83,9,5,2025,Goa,Humpback dolphin,,,3,3,5,14.96329212,74.01016235,,2,09-05-2025 00:00
83,8,5,2025,Goa,Humpback dolphin,,,3,3,5,14.96460247,73.99790192,,2.5,08-05-2025 12:00
83,8,5,2025,Goa,Humpback dolphin,,,3,3,5,14.9633503,73.93924713,,3,08-05-2025 00:00
83,7,5,2025,Goa,Humpback dolphin,,,3,3,5,14.95394707,73.88256073,,3.5,07-05-2025 12:00
83,7,5,2025,Goa,Humpback dolphin,,,3,3,5,14.92522049,73.81988525,,4,07-05-2025 00:00
83,6,5,2025,Goa,Humpback dolphin,,,3,3,5,14.88498306,73.78025055,,4.5,06-05-2025 12:00
83,6,5,2025,Goa,Humpback dolphin,,,3,3,5,14.83972359,73.737854,,5,06-05-2025 00:00
84,8,5,2025,Goa,Indo-Pacific finless porpoise,,,3,2,3,15.61701216,73.73286086,,0,08-05-2025 00:00
84,7,5,2025,Goa,Indo-Pacific finless porpoise,,,3,2,3,15.61485481,73.72425842,,0.5,07-05-2025 12:00
84,7,5,2025,Goa,Indo-Pacific finless porpoise,,,3,2,3,15.61154747,73.70107269,,1,07-05-2025 00:00
84,6,5,2025,Goa,Indo-Pacific finless porpoise,,,3,2,3,15.60630322,73.67807007,,1.5,06-05-2025 12:00
84,6,5,2025,Goa,Indo-Pacific finless porpoise,,,3,2,3,15.5943985,73.65128326,,2,06-05-2025 00:00
84,5,5,2025,Goa,Indo-Pacific finless porpoise,,,3,2,3,15.57402229,73.64653015,,2.5,05-05-2025 12:00
84,5,5,2025,Goa,Indo-Pacific finless porpoise,,,3,2,3,15.54167461,73.61372375,,3,05-05-2025 00:00
85,4,5,2025,Goa,Humpback dolphin,,,3,2,4,15.47809487,73.80615035,,0,04-05-2025 00:00
85,3,5,2025,Goa,Humpback dolphin,,,3,2,4,15.4797945,73.80567932,,0.5,03-05-2025 12:00
85,3,5,2025,Goa,Humpback dolphin,,,3,2,4,15.48146343,73.80076599,,1,03-05-2025 00:00
85,2,5,2025,Goa,Humpback dolphin,,,3,2,4,15.48297119,73.79985046,,1.5,02-05-2025 12:00
85,2,5,2025,Goa,Humpback dolphin,,,3,2,4,15.48427486,73.79683685,,2,02-05-2025 00:00
85,1,5,2025,Goa,Humpback dolphin,,,3,2,4,15.4853611,73.79870605,,2.5,01-05-2025 12:00
85,1,5,2025,Goa,Humpback dolphin,,,3,2,4,15.48620987,73.8008728,,3,01-05-2025 00:00
85,30,4,2025,Goa,Humpback dolphin,,,3,2,4,15.48688126,73.80276489,,3.5,30-04-2025 12:00
85,30,4,2025,Goa,Humpback dolphin,,,3,2,4,15.48743916,73.80096436,,4,30-04-2025 00:00
86,4,5,2025,Goa,Humpback dolphin,F,SA,2,0.5,1,15.33269558,73.89376488,,0,04-05-2025 00:00
86,3,5,2025,Goa,Humpback dolphin,,SA,2,0.5,1,15.33289051,73.89276123,,0.5,03-05-2025 12:00
86,3,5,2025,Goa,Humpback dolphin,,SA,2,0.5,1,15.33311176,73.88262177,,1,03-05-2025 00:00
88,3,5,2025,Goa,Indo-Pacific finless porpoise,,SA,4,4,7,15.29374857,73.90747058,,0,03-05-2025 00:00
88,2,5,2025,Goa,Indo-Pacific finless porpoise,,SA,4,4,7,15.29400826,73.90796661,,0.5,02-05-2025 12:00
88,2,5,2025,Goa,Indo-Pacific finless porpoise,,SA,4,4,7,15.29429436,73.90488434,,1,02-05-2025 00:00
88,1,5,2025,Goa,Indo-Pacific finless porpoise,,SA,4,4,7,15.29458237,73.9078598,,1.5,01-05-2025 12:00
88,1,5,2025,Goa,Indo-Pacific finless porpoise,,SA,4,4,7,15.29484844,73.90712738,,2,01-05-2025 00:00
88,30,4,2025,Goa,Indo-Pacific finless porpoise,,SA,4,4,7,15.29509068,73.90999603,,2.5,30-04-2025 12:00
88,30,4,2025,Goa,Indo-Pacific finless porpoise,,SA,4,4,7,15.29530811,73.90953827,,3,30-04-2025 00:00
88,29,4,2025,Goa,Indo-Pacific finless porpoise,,SA,4,4,7,15.29550266,73.91204071,,3.5,29-04-2025 12:00
88,29,4,2025,Goa,Indo-Pacific finless porpoise,,SA,4,4,7,15.29569244,73.91001892,,4,29-04-2025 00:00
88,28,4,2025,Goa,Indo-Pacific finless porpoise,,SA,4,4,7,15.29589462,73.91107941,,4.5,28-04-2025 12:00
88,28,4,2025,Goa,Indo-Pacific finless porpoise,,SA,4,4,7,15.29612541,73.90717316,,5,28-04-2025 00:00
88,27,4,2025,Goa,Indo-Pacific finless porpoise,,SA,4,4,7,15.29644775,73.90250397,,5.5,27-04-2025 12:00
88,27,4,2025,Goa,Indo-Pacific finless porpoise,,SA,4,4,7,15.29690742,73.89402008,,6,27-04-2025 00:00
88,26,4,2025,Goa,Indo-Pacific finless porpoise,,SA,4,4,7,15.29755402,73.88555908,,6.5,26-04-2025 12:00
88,26,4,2025,Goa,Indo-Pacific finless porpoise,,SA,4,4,7,15.29851341,73.86383057,,7,26-04-2025 00:00
89,30,4,2025,Goa,Humpback dolphin,,,3,3,5,15.31096915,73.90207574,,0,30-04-2025 00:00
89,29,4,2025,Goa,Humpback dolphin,,,3,3,5,15.31133366,73.90633392,,0.5,29-04-2025 12:00
89,29,4,2025,Goa,Humpback dolphin,,,3,3,5,15.31169701,73.90234375,,1,29-04-2025 00:00
89,28,4,2025,Goa,Humpback dolphin,,,3,3,5,15.31208229,73.90457153,,1.5,28-04-2025 12:00
89,28,4,2025,Goa,Humpback dolphin,,,3,3,5,15.3125124,73.89833069,,2,28-04-2025 00:00
89,27,4,2025,Goa,Humpback dolphin,,,3,3,5,15.31311321,73.88988495,,2.5,27-04-2025 12:00
89,27,4,2025,Goa,Humpback dolphin,,,3,3,5,15.31399536,73.8740387,,3,27-04-2025 00:00
89,26,4,2025,Goa,Humpback dolphin,,,3,3,5,15.3152647,73.85787964,,3.5,26-04-2025 12:00
89,26,4,2025,Goa,Humpback dolphin,,,3,3,5,15.316432,73.82203674,,4,26-04-2025 00:00
89,25,4,2025,Goa,Humpback dolphin,,,3,3,5,15.31594086,73.82450104,,4.5,25-04-2025 12:00
89,25,4,2025,Goa,Humpback dolphin,,,3,3,5,15.3147049,73.81207275,,5,25-04-2025 00:00
90,30,4,2025,Goa,Indo-Pacific finless porpoise,,,3,3,6,15.22259367,73.92877908,,0,30-04-2025 00:00
90,29,4,2025,Goa,Indo-Pacific finless porpoise,,,3,3,6,15.22223186,73.93815613,,0.5,29-04-2025 12:00
90,29,4,2025,Goa,Indo-Pacific finless porpoise,,,3,3,6,15.22188377,73.93188477,,1,29-04-2025 00:00
90,28,4,2025,Goa,Indo-Pacific finless porpoise,,,3,3,6,15.22153282,73.93516541,,1.5,28-04-2025 12:00
90,28,4,2025,Goa,Indo-Pacific finless porpoise,,,3,3,6,15.22115421,73.9183197,,2,28-04-2025 00:00
90,27,4,2025,Goa,Indo-Pacific finless porpoise,,,3,3,6,15.22057533,73.89988708,,2.5,27-04-2025 12:00
90,27,4,2025,Goa,Indo-Pacific finless porpoise,,,3,3,6,15.21962833,73.87339783,,3,27-04-2025 00:00
90,26,4,2025,Goa,Indo-Pacific finless porpoise,,,3,3,6,15.21815014,73.84418488,,3.5,26-04-2025 12:00
90,26,4,2025,Goa,Indo-Pacific finless porpoise,,,3,3,6,15.21014309,73.79762268,,4,26-04-2025 00:00
90,25,4,2025,Goa,Indo-Pacific finless porpoise,,,3,3,6,15.19207954,73.78894806,,4.5,25-04-2025 12:00
90,25,4,2025,Goa,Indo-Pacific finless porpoise,,,3,3,6,15.16232395,73.74090576,,5,25-04-2025 00:00
90,24,4,2025,Goa,Indo-Pacific finless porpoise,,,3,3,6,15.12109947,73.71810913,,5.5,24-04-2025 12:00
90,24,4,2025,Goa,Indo-Pacific finless porpoise,,,3,3,6,15.07500553,73.68665314,,6,24-04-2025 00:00
91,29,4,2025,Goa,Indo-Pacific finless porpoise,F,,3,3,4,15.49929519,73.76751609,,0,29-04-2025 00:00
91,28,4,2025,Goa,Indo-Pacific finless porpoise,,,3,3,4,15.49667931,73.76829529,,0.5,28-04-2025 12:00
91,28,4,2025,Goa,Indo-Pacific finless porpoise,,,3,3,4,15.49431229,73.75215912,,1,28-04-2025 00:00
91,27,4,2025,Goa,Indo-Pacific finless porpoise,,,3,3,4,15.49028683,73.74175262,,1.5,27-04-2025 12:00
91,27,4,2025,Goa,Indo-Pacific finless porpoise,,,3,3,4,15.48156643,73.70685577,,2,27-04-2025 00:00
91,26,4,2025,Goa,Indo-Pacific finless porpoise,,,3,3,4,15.46449566,73.69238281,,2.5,26-04-2025 12:00
91,26,4,2025,Goa,Indo-Pacific finless porpoise,,,3,3,4,15.43529987,73.66298676,,3,26-04-2025 00:00
91,25,4,2025,Goa,Indo-Pacific finless porpoise,,,3,3,4,15.3912859,73.65368652,,3.5,25-04-2025 12:00
91,25,4,2025,Goa,Indo-Pacific finless porpoise,,,3,3,4,15.3321085,73.60582733,,4,25-04-2025 00:00
92,26,4,2025,Goa,Indo-Pacific finless porpoise,,,2,0.5,1,15.51828369,73.7624343,,0,26-04-2025 00:00
92,25,4,2025,Goa,Indo-Pacific finless porpoise,,,2,0.5,1,15.50961876,73.7614975,,0.5,25-04-2025 12:00
92,25,4,2025,Goa,Indo-Pacific finless porpoise,,,2,0.5,1,15.50255394,73.74520874,,1,25-04-2025 00:00
94,16,4,2025,Goa,Humpback dolphin,F,A,2,1,2,15.33327565,73.89375017,,0,16-04-2025 00:00
94,15,4,2025,Goa,Humpback dolphin,,A,2,1,2,15.33342075,73.90080261,,0.5,15-04-2025 12:00
94,15,4,2025,Goa,Humpback dolphin,,A,2,1,2,15.33352947,73.90472412,,1,15-04-2025 00:00
94,14,4,2025,Goa,Humpback dolphin,,A,2,1,2,15.33361816,73.90647125,,1.5,14-04-2025 12:00
94,14,4,2025,Goa,Humpback dolphin,,A,2,1,2,15.33370686,73.90416718,,2,14-04-2025 00:00
96,12,4,2025,Goa,Humpback dolphin,,,3,3,4,15.35384636,73.88413157,,0,12-04-2025 00:00
96,11,4,2025,Goa,Humpback dolphin,,,3,3,4,15.35312748,73.88550568,,0.5,11-04-2025 12:00
96,11,4,2025,Goa,Humpback dolphin,,,3,3,4,15.35229015,73.86669159,,1,11-04-2025 00:00
96,10,4,2025,Goa,Humpback dolphin,,,3,3,4,15.35123444,73.85651398,,1.5,10-04-2025 12:00
96,10,4,2025,Goa,Humpback dolphin,,,3,3,4,15.34984207,73.82444,,2,10-04-2025 00:00
96,9,4,2025,Goa,Humpback dolphin,,,3,3,4,15.34771252,73.8115921,,2.5,09-04-2025 12:00
96,9,4,2025,Goa,Humpback dolphin,,,3,3,4,15.34309101,73.74781799,,3,09-04-2025 00:00
96,8,4,2025,Goa,Humpback dolphin,,,3,3,4,15.32726383,73.73582458,,3.5,08-04-2025 12:00
96,8,4,2025,Goa,Humpback dolphin,,,3,3,4,15.29830647,73.70597076,,4,08-04-2025 00:00
97,12,4,2025,Goa,Humpback dolphin,,,4,4,6,15.28048553,73.91185836,,0,12-04-2025 00:00
97,11,4,2025,Goa,Humpback dolphin,,,4,4,6,15.28064346,73.91213226,,0.5,11-04-2025 12:00
97,11,4,2025,Goa,Humpback dolphin,,,4,4,6,15.28084469,73.90673065,,1,11-04-2025 00:00
97,10,4,2025,Goa,Humpback dolphin,,,4,4,6,15.28113937,73.90293884,,1.5,10-04-2025 12:00
97,10,4,2025,Goa,Humpback dolphin,,,4,4,6,15.28157616,73.89160156,,2,10-04-2025 00:00
97,9,4,2025,Goa,Humpback dolphin,,,4,4,6,15.28217983,73.88694,,2.5,09-04-2025 12:00
97,9,4,2025,Goa,Humpback dolphin,,,4,4,6,15.28312874,73.85320282,,3,09-04-2025 00:00
97,8,4,2025,Goa,Humpback dolphin,,,4,4,6,15.28457737,73.84088135,,3.5,08-04-2025 12:00
97,8,4,2025,Goa,Humpback dolphin,,,4,4,6,15.28288937,73.80673218,,4,08-04-2025 00:00
97,7,4,2025,Goa,Humpback dolphin,,,4,4,6,15.27832603,73.81556702,,4.5,07-04-2025 12:00
97,7,4,2025,Goa,Humpback dolphin,,,4,4,6,15.2707653,73.78361511,,5,07-04-2025 00:00
97,6,4,2025,Goa,Humpback dolphin,,,4,4,6,15.25725842,73.7754364,,5.5,06-04-2025 12:00
97,6,4,2025,Goa,Humpback dolphin,,,4,4,6,15.23410892,73.73374939,,6,06-04-2025 00:00
98,12,4,2025,Goa,Humpback dolphin,,C,3,2,3,15.29213624,73.90803286,,0,12-04-2025 00:00
98,11,4,2025,Goa,Humpback dolphin,,C,3,2,3,15.29238033,73.90858459,,0.5,11-04-2025 12:00
98,11,4,2025,Goa,Humpback dolphin,,C,3,2,3,15.29268837,73.90132141,,1,11-04-2025 00:00
98,10,4,2025,Goa,Humpback dolphin,,C,3,2,3,15.29313278,73.8961792,,1.5,10-04-2025 12:00
98,10,4,2025,Goa,Humpback dolphin,,C,3,2,3,15.29377556,73.88156128,,2,10-04-2025 00:00
98,9,4,2025,Goa,Humpback dolphin,,C,3,2,3,15.29464149,73.87641907,,2.5,09-04-2025 12:00
98,9,4,2025,Goa,Humpback dolphin,,C,3,2,3,15.29589367,73.83296967,,3,09-04-2025 00:00
99,11,4,2025,Goa,Humpback dolphin,M,SA,3,3,4,15.05748161,73.97072437,,0,11-04-2025 00:00
99,10,4,2025,Goa,Humpback dolphin,,SA,3,3,4,15.05732155,73.9703598,,0.5,10-04-2025 12:00
99,10,4,2025,Goa,Humpback dolphin,,SA,3,3,4,15.05713558,73.96172333,,1,10-04-2025 00:00
99,9,4,2025,Goa,Humpback dolphin,,SA,3,3,4,15.05690098,73.95420074,,1.5,09-04-2025 12:00
99,9,4,2025,Goa,Humpback dolphin,,SA,3,3,4,15.05656815,73.92585754,,2,09-04-2025 00:00
99,8,4,2025,Goa,Humpback dolphin,,SA,3,3,4,15.05610275,73.91889191,,2.5,08-04-2025 12:00
99,8,4,2025,Goa,Humpback dolphin,,SA,3,3,4,15.05281162,73.89814758,,3,08-04-2025 00:00
99,7,4,2025,Goa,Humpback dolphin,,SA,3,3,4,15.04887581,73.91592407,,3.5,07-04-2025 12:00
99,7,4,2025,Goa,Humpback dolphin,,SA,3,3,4,15.04515171,73.90033722,,4,07-04-2025 00:00
102,30,3,2025,Goa,Humpback dolphin,,,2,0.5,1,15.2039116,73.9347192,,0,30-03-2025 00:00
102,29,3,2025,Goa,Humpback dolphin,,,2,0.5,1,15.20384502,73.9278183,,0.5,29-03-2025 12:00
102,29,3,2025,Goa,Humpback dolphin,,,2,0.5,1,15.20375824,73.91667938,,1,29-03-2025 00:00
103,27,3,2025,Goa,Indo-Pacific finless porpoise,,,3,2,3,15.2811065,73.9139183,,0,27-03-2025 00:00
103,26,3,2025,Goa,Indo-Pacific finless porpoise,,,3,2,3,15.28125286,73.91100311,,0.5,26-03-2025 12:00
103,26,3,2025,Goa,Indo-Pacific finless porpoise,,,3,2,3,15.28150177,73.90296936,,1,26-03-2025 00:00
103,25,3,2025,Goa,Indo-Pacific finless porpoise,,,3,2,3,15.28189087,73.89707184,,1.5,25-03-2025 12:00
103,25,3,2025,Goa,Indo-Pacific finless porpoise,,,3,2,3,15.28248882,73.88059235,,2,25-03-2025 00:00
103,24,3,2025,Goa,Indo-Pacific finless porpoise,,,3,2,3,15.28331661,73.8755722,,2.5,24-03-2025 12:00
103,24,3,2025,Goa,Indo-Pacific finless porpoise,,,3,2,3,15.28442955,73.8506012,,3,24-03-2025 00:00
105,24,3,2025,Goa,Indo-Pacific finless porpoise,,,4,3,5,15.2039116,73.9347192,,0,24-03-2025 00:00
105,23,3,2025,Goa,Indo-Pacific finless porpoise,,,4,3,5,15.20385456,73.93508911,,0.5,23-03-2025 12:00
105,23,3,2025,Goa,Indo-Pacific finless porpoise,,,4,3,5,15.20378876,73.92424011,,1,23-03-2025 00:00
105,22,3,2025,Goa,Indo-Pacific finless porpoise,,,4,3,5,15.20372009,73.9264679,,1.5,22-03-2025 12:00
105,22,3,2025,Goa,Indo-Pacific finless porpoise,,,4,3,5,15.20365143,73.92042542,,2,22-03-2025 00:00
105,21,3,2025,Goa,Indo-Pacific finless porpoise,,,4,3,5,15.20358276,73.92697906,,2.5,21-03-2025 12:00
105,21,3,2025,Goa,Indo-Pacific finless porpoise,,,4,3,5,15.2035017,73.91737366,,3,21-03-2025 00:00
105,20,3,2025,Goa,Indo-Pacific finless porpoise,,,4,3,5,15.20342445,73.92739105,,3.5,20-03-2025 12:00
105,20,3,2025,Goa,Indo-Pacific finless porpoise,,,4,3,5,15.20336723,73.92794037,,4,20-03-2025 00:00
105,19,3,2025,Goa,Indo-Pacific finless porpoise,,,4,3,5,15.20331383,73.93984222,,4.5,19-03-2025 12:00
105,19,3,2025,Goa,Indo-Pacific finless porpoise,,,4,3,5,15.20326805,73.93580627,,5,19-03-2025 00:00
107,20,3,2025,Goa,Indo-Pacific finless porpoise,,,3,2,3,15.21160805,73.93091798,,0,20-03-2025 00:00
107,19,3,2025,Goa,Indo-Pacific finless porpoise,,,3,2,3,15.21143341,73.94430542,,0.5,19-03-2025 12:00
107,19,3,2025,Goa,Indo-Pacific finless porpoise,,,3,2,3,15.21127319,73.93989563,,1,19-03-2025 00:00
107,18,3,2025,Goa,Indo-Pacific finless porpoise,,,3,2,3,15.21111965,73.9473114,,1.5,18-03-2025 12:00
107,18,3,2025,Goa,Indo-Pacific finless porpoise,,,3,2,3,15.21098518,73.95178223,,2,18-03-2025 00:00
107,17,3,2025,Goa,Indo-Pacific finless porpoise,,,3,2,3,15.21086407,73.95701599,,2.5,17-03-2025 12:00
107,17,3,2025,Goa,Indo-Pacific finless porpoise,,,3,2,3,15.21074963,73.95582581,,3,17-03-2025 00:00
108,13,3,2025,Goa,Indo-Pacific finless porpoise,,,4,6,8,15.25532305,73.91955636,,0,13-03-2025 00:00
108,12,3,2025,Goa,Indo-Pacific finless porpoise,,,4,6,8,15.25486565,73.929039,,0.5,12-03-2025 12:00
108,12,3,2025,Goa,Indo-Pacific finless porpoise,,,4,6,8,15.25440979,73.91051483,,1,12-03-2025 00:00
108,11,3,2025,Goa,Indo-Pacific finless porpoise,,,4,6,8,15.25401115,73.90877533,,1.5,11-03-2025 12:00
108,11,3,2025,Goa,Indo-Pacific finless porpoise,,,4,6,8,15.25378513,73.87288666,,2,11-03-2025 00:00
108,10,3,2025,Goa,Indo-Pacific finless porpoise,,,4,6,8,15.25380421,73.85964966,,2.5,10-03-2025 12:00
108,10,3,2025,Goa,Indo-Pacific finless porpoise,,,4,6,8,15.25205994,73.81211853,,3,10-03-2025 00:00
108,9,3,2025,Goa,Indo-Pacific finless porpoise,,,4,6,8,15.24321365,73.79987335,,3.5,09-03-2025 12:00
108,9,3,2025,Goa,Indo-Pacific finless porpoise,,,4,6,8,15.22293949,73.74051666,,4,09-03-2025 00:00
108,8,3,2025,Goa,Indo-Pacific finless porpoise,,,4,6,8,15.18599319,73.71484375,,4.5,08-03-2025 12:00
108,8,3,2025,Goa,Indo-Pacific finless porpoise,,,4,6,8,15.13914108,73.66769409,,5,08-03-2025 00:00
108,7,3,2025,Goa,Indo-Pacific finless porpoise,,,4,6,8,15.09042931,73.67311859,,5.5,07-03-2025 12:00
108,7,3,2025,Goa,Indo-Pacific finless porpoise,,,4,6,8,15.0418005,73.66447449,,6,07-03-2025 00:00
108,6,3,2025,Goa,Indo-Pacific finless porpoise,,,4,6,8,14.99363613,73.69860077,,6.5,06-03-2025 12:00
108,6,3,2025,Goa,Indo-Pacific finless porpoise,,,4,6,8,14.94458103,73.69654083,,7,06-03-2025 00:00
108,5,3,2025,Goa,Indo-Pacific finless porpoise,,,4,6,8,14.8926096,73.69989014,,7.5,05-03-2025 12:00
108,5,3,2025,Goa,Indo-Pacific finless porpoise,,,4,6,8,14.83926487,73.71278381,,8,05-03-2025 00:00
110,13,3,2025,Goa,Indo-Pacific finless porpoise,,A,3,2,3,15.54465866,73.75463886,,0,13-03-2025 00:00
110,12,3,2025,Goa,Indo-Pacific finless porpoise,,A,3,2,3,15.53930378,73.75937653,,0.5,12-03-2025 12:00
110,12,3,2025,Goa,Indo-Pacific finless porpoise,,A,3,2,3,15.53175259,73.74134064,,1,12-03-2025 00:00
110,11,3,2025,Goa,Indo-Pacific finless porpoise,,A,3,2,3,15.52122593,73.74481201,,1.5,11-03-2025 12:00
110,11,3,2025,Goa,Indo-Pacific finless porpoise,,A,3,2,3,15.50836849,73.70217896,,2,11-03-2025 00:00
110,10,3,2025,Goa,Indo-Pacific finless porpoise,,A,3,2,3,15.49248409,73.69149017,,2.5,10-03-2025 12:00
110,10,3,2025,Goa,Indo-Pacific finless porpoise,,A,3,2,3,15.46828079,73.66213989,,3,10-03-2025 00:00
111,12,3,2025,Goa,Humpback dolphin,,,2,0.5,1,15.35202547,73.88481822,,0,12-03-2025 00:00
111,11,3,2025,Goa,Humpback dolphin,,,2,0.5,1,15.35138988,73.8848877,,0.5,11-03-2025 12:00
111,11,3,2025,Goa,Humpback dolphin,,,2,0.5,1,15.35059643,73.8604126,,1,11-03-2025 00:00
113,10,3,2025,Goa,Humpback dolphin,,,3,2,3,15.33350922,73.89394014,,0,10-03-2025 00:00
113,9,3,2025,Goa,Humpback dolphin,,,3,2,3,15.33368301,73.88923645,,0.5,09-03-2025 12:00
113,9,3,2025,Goa,Humpback dolphin,,,3,2,3,15.33391571,73.86982727,,1,09-03-2025 00:00
113,8,3,2025,Goa,Humpback dolphin,,,3,2,3,15.33422947,73.85560608,,1.5,08-03-2025 12:00
113,8,3,2025,Goa,Humpback dolphin,,,3,2,3,15.33368778,73.80763245,,2,08-03-2025 00:00
113,7,3,2025,Goa,Humpback dolphin,,,3,2,3,15.3315115,73.81450653,,2.5,07-03-2025 12:00
113,7,3,2025,Goa,Humpback dolphin,,,3,2,3,15.32826233,73.78668976,,3,07-03-2025 00:00
114,8,3,2025,Goa,Humpback dolphin,,,4,5,8,15.12664119,73.94001698,,0,08-03-2025 00:00
114,7,3,2025,Goa,Humpback dolphin,,,4,5,8,15.11877346,73.94316101,,0.5,07-03-2025 12:00
114,7,3,2025,Goa,Humpback dolphin,,,4,5,8,15.11036587,73.92209625,,1,07-03-2025 00:00
114,6,3,2025,Goa,Humpback dolphin,,,4,5,8,15.10315704,73.92881012,,1.5,06-03-2025 12:00
114,6,3,2025,Goa,Humpback dolphin,,,4,5,8,15.09727573,73.91251373,,2,06-03-2025 00:00
114,5,3,2025,Goa,Humpback dolphin,,,4,5,8,15.09200859,73.91212463,,2.5,05-03-2025 12:00
114,5,3,2025,Goa,Humpback dolphin,,,4,5,8,15.08755589,73.9078598,,3,05-03-2025 00:00
114,4,3,2025,Goa,Humpback dolphin,,,4,5,8,15.08450699,73.91674042,,3.5,04-03-2025 12:00
114,4,3,2025,Goa,Humpback dolphin,,,4,5,8,15.08286858,73.91731262,,4,04-03-2025 00:00
114,3,3,2025,Goa,Humpback dolphin,,,4,5,8,15.08213139,73.92910767,,4.5,03-03-2025 12:00
114,3,3,2025,Goa,Humpback dolphin,,,4,5,8,15.08166885,73.93603516,,5,03-03-2025 00:00
114,2,3,2025,Goa,Humpback dolphin,,,4,5,8,15.08133698,73.94261169,,5.5,02-03-2025 12:00
114,2,3,2025,Goa,Humpback dolphin,,,4,5,8,15.08109093,73.94615936,,6,02-03-2025 00:00
114,1,3,2025,Goa,Humpback dolphin,,,4,5,8,15.08090878,73.95343781,,6.5,01-03-2025 12:00
114,1,3,2025,Goa,Humpback dolphin,,,4,5,8,15.08077431,73.95847321,,7,01-03-2025 00:00
114,28,2,2025,Goa,Humpback dolphin,,,4,5,8,15.0806694,73.96150208,,7.5,28-02-2025 12:00
114,28,2,2025,Goa,Humpback dolphin,,,4,5,8,15.08058262,73.96168518,,8,28-02-2025 00:00
117,4,3,2025,Goa,Humpback dolphin,,A,3,4,6,15.55948001,73.74993773,,0,04-03-2025 00:00
117,3,3,2025,Goa,Humpback dolphin,,A,3,4,6,15.55804729,73.75326538,,0.5,03-03-2025 12:00
117,3,3,2025,Goa,Humpback dolphin,,A,3,4,6,15.55644703,73.75351715,,1,03-03-2025 00:00
117,2,3,2025,Goa,Humpback dolphin,,A,3,4,6,15.55463696,73.75747681,,1.5,02-03-2025 12:00
117,2,3,2025,Goa,Humpback dolphin,,A,3,4,6,15.55255795,73.75772095,,2,02-03-2025 00:00
117,1,3,2025,Goa,Humpback dolphin,,A,3,4,6,15.5500803,73.76269531,,2.5,01-03-2025 12:00
117,1,3,2025,Goa,Humpback dolphin,,A,3,4,6,15.54697037,73.76247406,,3,01-03-2025 00:00
117,28,2,2025,Goa,Humpback dolphin,,A,3,4,6,15.5428648,73.76203918,,3.5,28-02-2025 12:00
117,28,2,2025,Goa,Humpback dolphin,,A,3,4,6,15.53649235,73.73961639,,4,28-02-2025 00:00
117,27,2,2025,Goa,Humpback dolphin,,A,3,4,6,15.52665234,73.72997284,,4.5,27-02-2025 12:00
117,27,2,2025,Goa,Humpback dolphin,,A,3,4,6,15.51322651,73.69591522,,5,27-02-2025 00:00
117,26,2,2025,Goa,Humpback dolphin,,A,3,4,6,15.49686432,73.68795776,,5.5,26-02-2025 12:00
117,26,2,2025,Goa,Humpback dolphin,,A,3,4,6,15.47000313,73.65135193,,6,26-02-2025 00:00
120,22,2,2025,Goa,Humpback dolphin,,,2,1,2,15.35177717,73.88481822,,0,22-02-2025 00:00
120,21,2,2025,Goa,Humpback dolphin,,,2,1,2,15.35114861,73.8842392,,0.5,21-02-2025 12:00
120,21,2,2025,Goa,Humpback dolphin,,,2,1,2,15.35048866,73.87728119,,1,21-02-2025 00:00
120,20,2,2025,Goa,Humpback dolphin,,,2,1,2,15.34984493,73.88217926,,1.5,20-02-2025 12:00
120,20,2,2025,Goa,Humpback dolphin,,,2,1,2,15.34913635,73.86252594,,2,20-02-2025 00:00
122,20,2,2025,Goa,Indo-Pacific finless porpoise,,,3,4,6,15.51111952,73.76461225,,0,20-02-2025 00:00
122,19,2,2025,Goa,Indo-Pacific finless porpoise,,,3,4,6,15.5043478,73.75379181,,0.5,19-02-2025 12:00
122,19,2,2025,Goa,Indo-Pacific finless porpoise,,,3,4,6,15.49657917,73.72639465,,1,19-02-2025 00:00
122,18,2,2025,Goa,Indo-Pacific finless porpoise,,,3,4,6,15.48748875,73.7256546,,1.5,18-02-2025 12:00
122,18,2,2025,Goa,Indo-Pacific finless porpoise,,,3,4,6,15.4763813,73.70527649,,2,18-02-2025 00:00
122,17,2,2025,Goa,Indo-Pacific finless porpoise,,,3,4,6,15.46016979,73.70331573,,2.5,17-02-2025 12:00
122,17,2,2025,Goa,Indo-Pacific finless porpoise,,,3,4,6,15.43283081,73.66362,,3,17-02-2025 00:00
122,16,2,2025,Goa,Indo-Pacific finless porpoise,,,3,4,6,15.39131069,73.66779327,,3.5,16-02-2025 12:00
122,16,2,2025,Goa,Indo-Pacific finless porpoise,,,3,4,6,15.33692741,73.62261963,,4,16-02-2025 00:00
122,15,2,2025,Goa,Indo-Pacific finless porpoise,,,3,4,6,15.2761116,73.62572479,,4.5,15-02-2025 12:00
122,15,2,2025,Goa,Indo-Pacific finless porpoise,,,3,4,6,15.21965694,73.60009003,,5,15-02-2025 00:00
122,14,2,2025,Goa,Indo-Pacific finless porpoise,,,3,4,6,15.16804695,73.62316895,,5.5,14-02-2025 12:00
122,14,2,2025,Goa,Indo-Pacific finless porpoise,,,3,4,6,15.1187582,73.6309967,,6,14-02-2025 00:00
123,18,2,2025,Goa,Indo-Pacific finless porpoise,,,4,4,6,15.36866878,73.83442538,,0,18-02-2025 00:00
123,17,2,2025,Goa,Indo-Pacific finless porpoise,,,4,4,6,15.36681938,73.8459549,,0.5,17-02-2025 12:00
123,17,2,2025,Goa,Indo-Pacific finless porpoise,,,4,4,6,15.36489677,73.83930206,,1,17-02-2025 00:00
123,16,2,2025,Goa,Indo-Pacific finless porpoise,,,4,4,6,15.36299896,73.85570526,,1.5,16-02-2025 12:00
123,16,2,2025,Goa,Indo-Pacific finless porpoise,,,4,4,6,15.36100006,73.83912659,,2,16-02-2025 00:00
123,15,2,2025,Goa,Indo-Pacific finless porpoise,,,4,4,6,15.35875797,73.84351349,,2.5,15-02-2025 12:00
123,15,2,2025,Goa,Indo-Pacific finless porpoise,,,4,4,6,15.35643673,73.81012726,,3,15-02-2025 00:00
123,14,2,2025,Goa,Indo-Pacific finless porpoise,,,4,4,6,15.35364914,73.79297638,,3.5,14-02-2025 12:00
123,14,2,2025,Goa,Indo-Pacific finless porpoise,,,4,4,6,15.34904575,73.74851227,,4,14-02-2025 00:00
123,13,2,2025,Goa,Indo-Pacific finless porpoise,,,4,4,6,15.3401165,73.75776672,,4.5,13-02-2025 12:00
123,13,2,2025,Goa,Indo-Pacific finless porpoise,,,4,4,6,15.32814503,73.74088287,,5,13-02-2025 00:00
123,12,2,2025,Goa,Indo-Pacific finless porpoise,,,4,4,6,15.31062889,73.74452972,,5.5,12-02-2025 12:00
123,12,2,2025,Goa,Indo-Pacific finless porpoise,,,4,4,6,15.28345299,73.71206665,,6,12-02-2025 00:00
124,15,2,2025,Goa,Humpback dolphin,,SA,2,0.5,1,15.56084431,73.74899359,,0,15-02-2025 00:00
124,14,2,2025,Goa,Humpback dolphin,,SA,2,0.5,1,15.55941296,73.74962616,,0.5,14-02-2025 12:00
124,14,2,2025,Goa,Humpback dolphin,,SA,2,0.5,1,15.55748367,73.74654388,,1,14-02-2025 00:00
127,12,2,2025,Goa,Humpback dolphin,,,4,5,8,15.68887704,73.70234547,,0,12-02-2025 00:00
127,11,2,2025,Goa,Humpback dolphin,,,4,5,8,15.6865139,73.69638062,,0.5,11-02-2025 12:00
127,11,2,2025,Goa,Humpback dolphin,,,4,5,8,15.68417168,73.68144226,,1,11-02-2025 00:00
127,10,2,2025,Goa,Humpback dolphin,,,4,5,8,15.68200397,73.67982483,,1.5,10-02-2025 12:00
127,10,2,2025,Goa,Humpback dolphin,,,4,5,8,15.67848778,73.66255188,,2,10-02-2025 00:00
127,9,2,2025,Goa,Humpback dolphin,,,4,5,8,15.67194557,73.65561676,,2.5,09-02-2025 12:00
127,9,2,2025,Goa,Humpback dolphin,,,4,5,8,15.65933895,73.61516571,,3,09-02-2025 00:00
127,8,2,2025,Goa,Humpback dolphin,,,4,5,8,15.63872242,73.61529541,,3.5,08-02-2025 12:00
127,8,2,2025,Goa,Humpback dolphin,,,4,5,8,15.60786438,73.57891083,,4,08-02-2025 00:00
127,7,2,2025,Goa,Humpback dolphin,,,4,5,8,15.56239414,73.56946564,,4.5,07-02-2025 12:00
127,7,2,2025,Goa,Humpback dolphin,,,4,5,8,15.50526905,73.50748444,,5,07-02-2025 00:00
127,6,2,2025,Goa,Humpback dolphin,,,4,5,8,15.44002247,73.49807739,,5.5,06-02-2025 12:00
127,6,2,2025,Goa,Humpback dolphin,,,4,5,8,15.37024498,73.46952057,,6,06-02-2025 00:00
127,5,2,2025,Goa,Humpback dolphin,,,4,5,8,15.29918957,73.46182251,,6.5,05-02-2025 12:00
127,5,2,2025,Goa,Humpback dolphin,,,4,5,8,15.22875595,73.45534515,,7,05-02-2025 00:00
127,4,2,2025,Goa,Humpback dolphin,,,4,5,8,15.16024971,73.4914093,,7.5,04-02-2025 12:00
127,4,2,2025,Goa,Humpback dolphin,,,4,5,8,15.09361458,73.50762177,,8,04-02-2025 00:00
128,12,2,2025,Goa,Indo-Pacific finless porpoise,,,3,2,4,15.35045287,73.88550487,,0,12-02-2025 00:00
128,11,2,2025,Goa,Indo-Pacific finless porpoise,,,3,2,4,15.34988117,73.88341522,,0.5,11-02-2025 12:00
128,11,2,2025,Goa,Indo-Pacific finless porpoise,,,3,2,4,15.34916782,73.86079407,,1,11-02-2025 00:00
128,10,2,2025,Goa,Indo-Pacific finless porpoise,,,3,2,4,15.34834003,73.86192322,,1.5,10-02-2025 12:00
128,10,2,2025,Goa,Indo-Pacific finless porpoise,,,3,2,4,15.34747887,73.84485626,,2,10-02-2025 00:00
128,9,2,2025,Goa,Indo-Pacific finless porpoise,,,3,2,4,15.34656906,73.84089661,,2.5,09-02-2025 12:00
128,9,2,2025,Goa,Indo-Pacific finless porpoise,,,3,2,4,15.34481144,73.80498505,,3,09-02-2025 00:00
128,8,2,2025,Goa,Indo-Pacific finless porpoise,,,3,2,4,15.34209251,73.80548096,,3.5,08-02-2025 12:00
128,8,2,2025,Goa,Indo-Pacific finless porpoise,,,3,2,4,15.33856297,73.78266144,,4,08-02-2025 00:00
129,12,2,2025,Goa,Humpback dolphin,,,4,4,6,15.51199826,73.7644084,,0,12-02-2025 00:00
129,11,2,2025,Goa,Humpback dolphin,,,4,4,6,15.50547028,73.76495361,,0.5,11-02-2025 12:00
129,11,2,2025,Goa,Humpback dolphin,,,4,4,6,15.49899292,73.73490906,,1,11-02-2025 00:00
129,10,2,2025,Goa,Humpback dolphin,,,4,4,6,15.49003887,73.72208405,,1.5,10-02-2025 12:00
129,10,2,2025,Goa,Humpback dolphin,,,4,4,6,15.47308922,73.67050171,,2,10-02-2025 00:00
129,9,2,2025,Goa,Humpback dolphin,,,4,4,6,15.43496418,73.64189148,,2.5,09-02-2025 12:00
129,9,2,2025,Goa,Humpback dolphin,,,4,4,6,15.37228298,73.55964661,,3,09-02-2025 00:00
129,8,2,2025,Goa,Humpback dolphin,,,4,4,6,15.30924129,73.53897858,,3.5,08-02-2025 12:00
129,8,2,2025,Goa,Humpback dolphin,,,4,4,6,15.24971199,73.52005768,,4,08-02-2025 00:00
129,7,2,2025,Goa,Humpback dolphin,,,4,4,6,15.18994141,73.51502991,,4.5,07-02-2025 12:00
129,7,2,2025,Goa,Humpback dolphin,,,4,4,6,15.12570095,73.49214172,,5,07-02-2025 00:00
129,6,2,2025,Goa,Humpback dolphin,,,4,4,6,15.05758953,73.51436615,,5.5,06-02-2025 12:00
129,6,2,2025,Goa,Humpback dolphin,,,4,4,6,14.98602104,73.50559235,,6,06-02-2025 00:00
132,8,2,2025,Goa,Indo-Pacific finless porpoise,,,3,2,4,15.22270752,73.92918754,,0,08-02-2025 00:00
132,7,2,2025,Goa,Indo-Pacific finless porpoise,,,3,2,4,15.22232533,73.93138123,,0.5,07-02-2025 12:00
132,7,2,2025,Goa,Indo-Pacific finless porpoise,,,3,2,4,15.22182465,73.9005127,,1,07-02-2025 00:00
132,6,2,2025,Goa,Indo-Pacific finless porpoise,,,3,2,4,15.22106552,73.89523315,,1.5,06-02-2025 12:00
132,6,2,2025,Goa,Indo-Pacific finless porpoise,,,3,2,4,15.22000122,73.86244202,,2,06-02-2025 00:00
132,5,2,2025,Goa,Indo-Pacific finless porpoise,,,3,2,4,15.21861649,73.86394501,,2.5,05-02-2025 12:00
132,5,2,2025,Goa,Indo-Pacific finless porpoise,,,3,2,4,15.21690655,73.83773804,,3,05-02-2025 00:00
132,4,2,2025,Goa,Indo-Pacific finless porpoise,,,3,2,4,15.21500492,73.85683441,,3.5,04-02-2025 12:00
132,4,2,2025,Goa,Indo-Pacific finless porpoise,,,3,2,4,15.21309662,73.84386444,,4,04-02-2025 00:00
133,7,2,2025,Goa,Humpback dolphin,,,4,5,9,15.25528329,73.91928845,,0,07-02-2025 00:00
133,6,2,2025,Goa,Humpback dolphin,,,4,5,9,15.25482559,73.91537476,,0.5,06-02-2025 12:00
133,6,2,2025,Goa,Humpback dolphin,,,4,5,9,15.25450802,73.88890076,,1,06-02-2025 00:00
133,5,2,2025,Goa,Humpback dolphin,,,4,5,9,15.25432491,73.88835144,,1.5,05-02-2025 12:00
133,5,2,2025,Goa,Humpback dolphin,,,4,5,9,15.25425816,73.86465454,,2,05-02-2025 00:00
133,4,2,2025,Goa,Humpback dolphin,,,4,5,9,15.25425148,73.87730408,,2.5,04-02-2025 12:00
133,4,2,2025,Goa,Humpback dolphin,,,4,5,9,15.25424576,73.8634491,,3,04-02-2025 00:00
133,3,2,2025,Goa,Humpback dolphin,,,4,5,9,15.25420284,73.88506317,,3.5,03-02-2025 12:00
133,3,2,2025,Goa,Humpback dolphin,,,4,5,9,15.25407696,73.8795166,,4,03-02-2025 00:00
133,2,2,2025,Goa,Humpback dolphin,,,4,5,9,15.25391674,73.8911438,,4.5,02-02-2025 12:00
133,2,2,2025,Goa,Humpback dolphin,,,4,5,9,15.25372028,73.88568878,,5,02-02-2025 00:00
133,1,2,2025,Goa,Humpback dolphin,,,4,5,9,15.25351906,73.89090729,,5.5,01-02-2025 12:00
133,1,2,2025,Goa,Humpback dolphin,,,4,5,9,15.25335693,73.87562561,,6,01-02-2025 00:00
133,31,1,2025,Goa,Humpback dolphin,,,4,5,9,15.25327587,73.87489319,,6.5,31-01-2025 12:00
133,31,1,2025,Goa,Humpback dolphin,,,4,5,9,15.25324726,73.86331177,,7,31-01-2025 00:00
133,30,1,2025,Goa,Humpback dolphin,,,4,5,9,15.2531929,73.88021088,,7.5,30-01-2025 12:00
133,30,1,2025,Goa,Humpback dolphin,,,4,5,9,15.25308323,73.87412262,,8,30-01-2025 00:00
133,29,1,2025,Goa,Humpback dolphin,,,4,5,9,15.25297165,73.88009644,,8.5,29-01-2025 12:00
133,29,1,2025,Goa,Humpback dolphin,,,4,5,9,15.25288773,73.8673172,,9,29-01-2025 00:00
134,7,2,2025,Goa,Humpback dolphin,,,4,6,9,15.20345605,73.9336034,,0,07-02-2025 00:00
134,6,2,2025,Goa,Humpback dolphin,,,4,6,9,15.2033987,73.93160248,,0.5,06-02-2025 12:00
134,6,2,2025,Goa,Humpback dolphin,,,4,6,9,15.20334053,73.92188263,,1,06-02-2025 00:00
134,5,2,2025,Goa,Humpback dolphin,,,4,6,9,15.20328236,73.92547607,,1.5,05-02-2025 12:00
134,5,2,2025,Goa,Humpback dolphin,,,4,6,9,15.20321655,73.91812897,,2,05-02-2025 00:00
134,4,2,2025,Goa,Humpback dolphin,,,4,6,9,15.20315266,73.92818451,,2.5,04-02-2025 12:00
134,4,2,2025,Goa,Humpback dolphin,,,4,6,9,15.20309544,73.92873383,,3,04-02-2025 00:00
134,3,2,2025,Goa,Humpback dolphin,,,4,6,9,15.2030468,73.93998718,,3.5,03-02-2025 12:00
134,3,2,2025,Goa,Humpback dolphin,,,4,6,9,15.20300102,73.938797,,4,03-02-2025 00:00
134,2,2,2025,Goa,Humpback dolphin,,,4,6,9,15.20295525,73.94364929,,4.5,02-02-2025 12:00
134,2,2,2025,Goa,Humpback dolphin,,,4,6,9,15.20291996,73.94824219,,5,02-02-2025 00:00
134,1,2,2025,Goa,Humpback dolphin,,,4,6,9,15.20288563,73.95362091,,5.5,01-02-2025 12:00
134,1,2,2025,Goa,Humpback dolphin,,,4,6,9,15.2028513,73.95407867,,6,01-02-2025 00:00
134,31,1,2025,Goa,Humpback dolphin,,,4,6,9,15.20281696,73.9578476,,6.5,31-01-2025 12:00
134,31,1,2025,Goa,Humpback dolphin,,,4,6,9,15.20279312,73.96244049,,7,31-01-2025 00:00
134,30,1,2025,Goa,Humpback dolphin,,,4,6,9,15.20277023,73.96728516,,7.5,30-01-2025 12:00
134,30,1,2025,Goa,Humpback dolphin,,,4,6,9,15.20274734,73.96968079,,8,30-01-2025 00:00
134,29,1,2025,Goa,Humpback dolphin,,,4,6,9,15.20272446,73.97079468,,8.5,29-01-2025 12:00
134,29,1,2025,Goa,Humpback dolphin,,,4,6,9,15.20270157,73.96826172,,9,29-01-2025 00:00
135,6,2,2025,Goa,Indo-Pacific finless porpoise,,,3,2,4,15.38987958,73.80680182,,0,06-02-2025 00:00
135,5,2,2025,Goa,Indo-Pacific finless porpoise,,,3,2,4,15.38969994,73.80384064,,0.5,05-02-2025 12:00
135,5,2,2025,Goa,Indo-Pacific finless porpoise,,,3,2,4,15.38960266,73.79105377,,1,05-02-2025 00:00
135,4,2,2025,Goa,Indo-Pacific finless porpoise,,,3,2,4,15.38954449,73.79637909,,1.5,04-02-2025 12:00
135,4,2,2025,Goa,Indo-Pacific finless porpoise,,,3,2,4,15.38948727,73.789711,,2,04-02-2025 00:00
135,3,2,2025,Goa,Indo-Pacific finless porpoise,,,3,2,4,15.38937378,73.80432129,,2.5,03-02-2025 12:00
135,3,2,2025,Goa,Indo-Pacific finless porpoise,,,3,2,4,15.38915634,73.80532837,,3,03-02-2025 00:00
135,2,2,2025,Goa,Indo-Pacific finless porpoise,,,3,2,4,15.38886738,73.81306458,,3.5,02-02-2025 12:00
135,2,2,2025,Goa,Indo-Pacific finless porpoise,,,3,2,4,15.38850975,73.81315613,,4,02-02-2025 00:00
138,4,2,2025,Goa,Humpback dolphin,M,A,2,1,2,15.33276425,73.8941118,,0,04-02-2025 00:00
138,3,2,2025,Goa,Humpback dolphin,,A,2,1,2,15.33292103,73.90174103,,0.5,03-02-2025 12:00
138,3,2,2025,Goa,Humpback dolphin,,A,2,1,2,15.33304691,73.90229034,,1,03-02-2025 00:00
138,2,2,2025,Goa,Humpback dolphin,,A,2,1,2,15.33315659,73.90537262,,1.5,02-02-2025 12:00
138,2,2,2025,Goa,Humpback dolphin,,A,2,1,2,15.33325958,73.90509796,,2,02-02-2025 00:00
140,24,1,2025,Goa,Humpback dolphin,M,,3,2,3,15.57362409,73.7407444,,0,24-01-2025 00:00
140,23,1,2025,Goa,Humpback dolphin,,,3,2,3,15.57144356,73.741745,,0.5,23-01-2025 12:00
140,23,1,2025,Goa,Humpback dolphin,,,3,2,3,15.56890392,73.73529816,,1,23-01-2025 00:00
140,22,1,2025,Goa,Humpback dolphin,,,3,2,3,15.56622505,73.74065399,,1.5,22-01-2025 12:00
140,22,1,2025,Goa,Humpback dolphin,,,3,2,3,15.56360054,73.73741913,,2,22-01-2025 00:00
140,21,1,2025,Goa,Humpback dolphin,,,3,2,3,15.56096745,73.741539,,2.5,21-01-2025 12:00
140,21,1,2025,Goa,Humpback dolphin,,,3,2,3,15.55844402,73.74158478,,3,21-01-2025 00:00
141,22,1,2025,Goa,Humpback dolphin,,,3,2,4,15.3904876,73.80690703,,0,22-01-2025 00:00
141,21,1,2025,Goa,Humpback dolphin,,,3,2,4,15.39035034,73.80571747,,0.5,21-01-2025 12:00
141,21,1,2025,Goa,Humpback dolphin,,,3,2,4,15.3903017,73.79038239,,1,21-01-2025 00:00
141,20,1,2025,Goa,Humpback dolphin,,,3,2,4,15.39036465,73.78845978,,1.5,20-01-2025 12:00
141,20,1,2025,Goa,Humpback dolphin,,,3,2,4,15.39044952,73.78800201,,2,20-01-2025 00:00
141,19,1,2025,Goa,Humpback dolphin,,,3,2,4,15.39049721,73.7954483,,2.5,19-01-2025 12:00
141,19,1,2025,Goa,Humpback dolphin,,,3,2,4,15.39056015,73.78623962,,3,19-01-2025 00:00
141,18,1,2025,Goa,Humpback dolphin,,,3,2,4,15.39068317,73.78769684,,3.5,18-01-2025 12:00
141,18,1,2025,Goa,Humpback dolphin,,,3,2,4,15.39078331,73.79131317,,4,18-01-2025 00:00
145,5,12,2024,Goa,Indo-Pacific finless porpoise,,,3,2,3,15.186921,73.937753,,0,05-12-2024 00:00
145,4,12,2024,Goa,Indo-Pacific finless porpoise,,,3,2,3,15.18692112,73.94585419,,0.5,04-12-2024 12:00
145,4,12,2024,Goa,Indo-Pacific finless porpoise,,,3,2,3,15.18692112,73.95121002,,1,04-12-2024 00:00
145,3,12,2024,Goa,Indo-Pacific finless porpoise,,,3,2,3,15.18692112,73.95684052,,1.5,03-12-2024 12:00
145,3,12,2024,Goa,Indo-Pacific finless porpoise,,,3,2,3,15.18692112,73.95978546,,2,03-12-2024 00:00
145,2,12,2024,Goa,Indo-Pacific finless porpoise,,,3,2,3,15.18692112,73.9595108,,2.5,02-12-2024 12:00
145,2,12,2024,Goa,Indo-Pacific finless porpoise,,,3,2,3,15.18692112,73.95684052,,3,02-12-2024 00:00
146,4,12,2024,Goa,Indo-Pacific finless porpoise,,,2,1,3,15.15644971,73.94528028,,0,04-12-2024 00:00
146,3,12,2024,Goa,Indo-Pacific finless porpoise,,,2,1,3,15.15571594,73.95155334,,0.5,03-12-2024 12:00
146,3,12,2024,Goa,Indo-Pacific finless porpoise,,,2,1,3,15.15490818,73.95359802,,1,03-12-2024 00:00
146,2,12,2024,Goa,Indo-Pacific finless porpoise,,,2,1,3,15.15397072,73.95365143,,1.5,02-12-2024 12:00
146,2,12,2024,Goa,Indo-Pacific finless porpoise,,,2,1,3,15.1528101,73.94969177,,2,02-12-2024 00:00
146,1,12,2024,Goa,Indo-Pacific finless porpoise,,,2,1,3,15.15127945,73.94421387,,2.5,01-12-2024 12:00
146,1,12,2024,Goa,Indo-Pacific finless porpoise,,,2,1,3,15.14915562,73.93593597,,3,01-12-2024 00:00
147,4,12,2024,Goa,Indo-Pacific finless porpoise,,,2,1,3,15.20392926,73.93345263,,0,04-12-2024 00:00
147,3,12,2024,Goa,Indo-Pacific finless porpoise,,,2,1,3,15.20387077,73.94202423,,0.5,03-12-2024 12:00
147,3,12,2024,Goa,Indo-Pacific finless porpoise,,,2,1,3,15.20381927,73.94725037,,1,03-12-2024 00:00
147,2,12,2024,Goa,Indo-Pacific finless porpoise,,,2,1,3,15.2037735,73.94578552,,1.5,02-12-2024 12:00
147,2,12,2024,Goa,Indo-Pacific finless porpoise,,,2,1,3,15.203722,73.94121552,,2,02-12-2024 00:00
147,1,12,2024,Goa,Indo-Pacific finless porpoise,,,2,1,3,15.20366478,73.93346405,,2.5,01-12-2024 12:00
147,1,12,2024,Goa,Indo-Pacific finless porpoise,,,2,1,3,15.20360279,73.92518616,,3,01-12-2024 00:00
149,12,11,2024,Goa,Humpback dolphin,,,3,2,4,15.22251085,73.92845721,,0,12-11-2024 00:00
149,11,11,2024,Goa,Humpback dolphin,,,3,2,4,15.22210884,73.92304993,,0.5,11-11-2024 12:00
149,11,11,2024,Goa,Humpback dolphin,,,3,2,4,15.22169685,73.92073059,,1,11-11-2024 00:00
149,10,11,2024,Goa,Humpback dolphin,,,3,2,4,15.22124958,73.91551208,,1.5,10-11-2024 12:00
149,10,11,2024,Goa,Humpback dolphin,,,3,2,4,15.22077847,73.91651917,,2,10-11-2024 00:00
149,9,11,2024,Goa,Humpback dolphin,,,3,2,4,15.22030258,73.91423035,,2.5,09-11-2024 12:00
149,9,11,2024,Goa,Humpback dolphin,,,3,2,4,15.2198267,73.91558838,,3,09-11-2024 00:00
149,8,11,2024,Goa,Humpback dolphin,,,3,2,4,15.21936321,73.91494751,,3.5,08-11-2024 12:00
149,8,11,2024,Goa,Humpback dolphin,,,3,2,4,15.21900272,73.93275452,,4,08-11-2024 00:00
151,10,11,2024,Goa,Indo-Pacific finless porpoise,,,3,2,4,15.177663,73.940193,,0,10-11-2024 00:00
151,9,11,2024,Goa,Indo-Pacific finless porpoise,,,3,2,4,15.17766285,73.93946075,,0.5,09-11-2024 12:00
151,9,11,2024,Goa,Indo-Pacific finless porpoise,,,3,2,4,15.17766285,73.93845367,,1,09-11-2024 00:00
151,8,11,2024,Goa,Indo-Pacific finless porpoise,,,3,2,4,15.17766285,73.93804932,,1.5,08-11-2024 12:00
151,8,11,2024,Goa,Indo-Pacific finless porpoise,,,3,2,4,15.17766285,73.94706726,,2,08-11-2024 00:00
151,7,11,2024,Goa,Indo-Pacific finless porpoise,,,3,2,4,15.17766285,73.95119476,,2.5,07-11-2024 12:00
151,7,11,2024,Goa,Indo-Pacific finless porpoise,,,3,2,4,15.17766285,73.95664978,,3,07-11-2024 00:00
151,6,11,2024,Goa,Indo-Pacific finless porpoise,,,3,2,4,15.17766285,73.95846558,,3.5,06-11-2024 12:00
151,6,11,2024,Goa,Indo-Pacific finless porpoise,,,3,2,4,15.17766285,73.959198,,4,06-11-2024 00:00
152,8,11,2024,Goa,Indo-Pacific finless porpoise,,,2,0.5,1,15.31145652,73.90148065,,0,08-11-2024 00:00
152,7,11,2024,Goa,Indo-Pacific finless porpoise,,,2,0.5,1,15.31186104,73.90369415,,0.5,07-11-2024 12:00
152,7,11,2024,Goa,Indo-Pacific finless porpoise,,,2,0.5,1,15.31220531,73.90658569,,1,07-11-2024 00:00
153,4,11,2024,Goa,Humpback dolphin,F,A,2,1,2,15.24884893,73.92088648,,0,04-11-2024 00:00
153,3,11,2024,Goa,Humpback dolphin,,A,2,1,2,15.24829578,73.93406677,,0.5,03-11-2024 12:00
153,3,11,2024,Goa,Humpback dolphin,,A,2,1,2,15.2478447,73.94903564,,1,03-11-2024 00:00
153,2,11,2024,Goa,Humpback dolphin,,A,2,1,2,15.24744701,73.95024109,,1.5,02-11-2024 12:00
153,2,11,2024,Goa,Humpback dolphin,,A,2,1,2,15.24699974,73.9370575,,2,02-11-2024 00:00
154,4,11,2024,Goa,Indo-Pacific finless porpoise,,,4,4,6,15.22303589,73.92816343,,0,04-11-2024 00:00
154,3,11,2024,Goa,Indo-Pacific finless porpoise,,,4,4,6,15.2226696,73.93987274,,0.5,03-11-2024 12:00
154,3,11,2024,Goa,Indo-Pacific finless porpoise,,,4,4,6,15.22237587,73.95212555,,1,03-11-2024 00:00
154,2,11,2024,Goa,Indo-Pacific finless porpoise,,,4,4,6,15.22212029,73.95304108,,1.5,02-11-2024 12:00
154,2,11,2024,Goa,Indo-Pacific finless porpoise,,,4,4,6,15.22183704,73.94020844,,2,02-11-2024 00:00
154,1,11,2024,Goa,Indo-Pacific finless porpoise,,,4,4,6,15.22151184,73.93629456,,2.5,01-11-2024 12:00
154,1,11,2024,Goa,Indo-Pacific finless porpoise,,,4,4,6,15.22115803,73.92687225,,3,01-11-2024 00:00
154,31,10,2024,Goa,Indo-Pacific finless porpoise,,,4,4,6,15.22073746,73.91387177,,3.5,31-10-2024 12:00
154,31,10,2024,Goa,Indo-Pacific finless porpoise,,,4,4,6,15.22012997,73.90073395,,4,31-10-2024 00:00
154,30,10,2024,Goa,Indo-Pacific finless porpoise,,,4,4,6,15.21929073,73.88668823,,4.5,30-10-2024 12:00
154,30,10,2024,Goa,Indo-Pacific finless porpoise,,,4,4,6,15.21820927,73.87517548,,5,30-10-2024 00:00
154,29,10,2024,Goa,Indo-Pacific finless porpoise,,,4,4,6,15.21692085,73.86850739,,5.5,29-10-2024 12:00
154,29,10,2024,Goa,Indo-Pacific finless porpoise,,,4,4,6,15.21526432,73.84487152,,6,29-10-2024 00:00
155,1,11,2024,Goa,Humpback dolphin,,C,2,0.5,1,15.24884893,73.92088648,,0,01-11-2024 00:00
155,31,10,2024,Goa,Humpback dolphin,,C,2,0.5,1,15.24827194,73.91026306,,0.5,31-10-2024 12:00
155,31,10,2024,Goa,Humpback dolphin,,C,2,0.5,1,15.24778366,73.89516449,,1,31-10-2024 00:00
157,27,10,2024,Goa,Humpback dolphin,,C,2,1,2,15.27976895,73.91194528,,0,27-10-2024 00:00
157,26,10,2024,Goa,Humpback dolphin,,C,2,1,2,15.2799263,73.91148376,,0.5,26-10-2024 12:00
157,26,10,2024,Goa,Humpback dolphin,,C,2,1,2,15.28011894,73.90864563,,1,26-10-2024 00:00
157,25,10,2024,Goa,Humpback dolphin,,C,2,1,2,15.28033638,73.90882874,,1.5,25-10-2024 12:00
157,25,10,2024,Goa,Humpback dolphin,,C,2,1,2,15.28057194,73.90687561,,2,25-10-2024 00:00
158,23,10,2024,Goa,Indo-Pacific finless porpoise,,,3,3,5,15.27976895,73.91194528,,0,23-10-2024 00:00
158,22,10,2024,Goa,Indo-Pacific finless porpoise,,,3,3,5,15.27991009,73.91317749,,0.5,22-10-2024 12:00
158,22,10,2024,Goa,Indo-Pacific finless porpoise,,,3,3,5,15.28002453,73.9148407,,1,22-10-2024 00:00
158,21,10,2024,Goa,Indo-Pacific finless porpoise,,,3,3,5,15.28010845,73.91636658,,1.5,21-10-2024 12:00
158,21,10,2024,Goa,Indo-Pacific finless porpoise,,,3,3,5,15.28017235,73.91703796,,2,21-10-2024 00:00
158,20,10,2024,Goa,Indo-Pacific finless porpoise,,,3,3,5,15.28022957,73.91731262,,2.5,20-10-2024 12:00
158,20,10,2024,Goa,Indo-Pacific finless porpoise,,,3,3,5,15.28026962,73.9184494,,3,20-10-2024 00:00
158,19,10,2024,Goa,Indo-Pacific finless porpoise,,,3,3,5,15.28030205,73.91854095,,3.5,19-10-2024 12:00
158,19,10,2024,Goa,Indo-Pacific finless porpoise,,,3,3,5,15.28032494,73.91863251,,4,19-10-2024 00:00
158,18,10,2024,Goa,Indo-Pacific finless porpoise,,,3,3,5,15.28034782,73.91881561,,4.5,18-10-2024 12:00
158,18,10,2024,Goa,Indo-Pacific finless porpoise,,,3,3,5,15.28037071,73.91893768,,5,18-10-2024 00:00
159,22,10,2024,Goa,Indo-Pacific finless porpoise,,,2,1,2,15.29374857,73.90747058,,0,22-10-2024 00:00
159,21,10,2024,Goa,Indo-Pacific finless porpoise,,,2,1,2,15.29397011,73.91125488,,0.5,21-10-2024 12:00
159,21,10,2024,Goa,Indo-Pacific finless porpoise,,,2,1,2,15.29413986,73.9127121,,1,21-10-2024 00:00
159,20,10,2024,Goa,Indo-Pacific finless porpoise,,,2,1,2,15.29428482,73.91347504,,1.5,20-10-2024 12:00
159,20,10,2024,Goa,Indo-Pacific finless porpoise,,,2,1,2,15.29439068,73.91622925,,2,20-10-2024 00:00
160,22,10,2024,Goa,Indo-Pacific finless porpoise,,,2,1,2,15.24884893,73.92088648,,0,22-10-2024 00:00
160,21,10,2024,Goa,Indo-Pacific finless porpoise,,,2,1,2,15.24831009,73.9373703,,0.5,21-10-2024 12:00
160,21,10,2024,Goa,Indo-Pacific finless porpoise,,,2,1,2,15.24786758,73.94815063,,1,21-10-2024 00:00
160,20,10,2024,Goa,Indo-Pacific finless porpoise,,,2,1,2,15.24748421,73.9544754,,1.5,20-10-2024 12:00
160,20,10,2024,Goa,Indo-Pacific finless porpoise,,,2,1,2,15.24718857,73.96982574,,2,20-10-2024 00:00
163,5,10,2024,Goa,Indo-Pacific finless porpoise,,,3,2,4,15.27976895,73.91194528,,0,05-10-2024 00:00
163,4,10,2024,Goa,Indo-Pacific finless porpoise,,,3,2,4,15.27990055,73.91399384,,0.5,04-10-2024 12:00
163,4,10,2024,Goa,Indo-Pacific finless porpoise,,,3,2,4,15.28001499,73.91381073,,1,04-10-2024 00:00
163,3,10,2024,Goa,Indo-Pacific finless porpoise,,,3,2,4,15.28011513,73.91577911,,1.5,03-10-2024 12:00
163,3,10,2024,Goa,Indo-Pacific finless porpoise,,,3,2,4,15.28019524,73.91605377,,2,03-10-2024 00:00
163,2,10,2024,Goa,Indo-Pacific finless porpoise,,,3,2,4,15.28027534,73.91596222,,2.5,02-10-2024 12:00
163,2,10,2024,Goa,Indo-Pacific finless porpoise,,,3,2,4,15.28035545,73.91559601,,3,02-10-2024 00:00
163,1,10,2024,Goa,Indo-Pacific finless porpoise,,,3,2,4,15.28042507,73.91708374,,3.5,01-10-2024 12:00
163,1,10,2024,Goa,Indo-Pacific finless porpoise,,,3,2,4,15.28049469,73.91568756,,4,01-10-2024 00:00
167,28,9,2024,Goa,Indo-Pacific finless porpoise,,,5,8,12,15.36994827,73.83303144,,0,28-09-2024 00:00
167,27,9,2024,Goa,Indo-Pacific finless porpoise,,,5,8,12,15.36811066,73.82598114,,0.5,27-09-2024 12:00
167,27,9,2024,Goa,Indo-Pacific finless porpoise,,,5,8,12,15.36611843,73.82111359,,1,27-09-2024 00:00
167,26,9,2024,Goa,Indo-Pacific finless porpoise,,,5,8,12,15.36394024,73.81246185,,1.5,26-09-2024 12:00
167,26,9,2024,Goa,Indo-Pacific finless porpoise,,,5,8,12,15.36141014,73.7769928,,2,26-09-2024 00:00
167,25,9,2024,Goa,Indo-Pacific finless porpoise,,,5,8,12,15.35852814,73.78710175,,2.5,25-09-2024 12:00
167,25,9,2024,Goa,Indo-Pacific finless porpoise,,,5,8,12,15.35542202,73.77954865,,3,25-09-2024 00:00
167,24,9,2024,Goa,Indo-Pacific finless porpoise,,,5,8,12,15.34816742,73.73512268,,3.5,24-09-2024 12:00
167,24,9,2024,Goa,Indo-Pacific finless porpoise,,,5,8,12,15.30941868,73.64428711,,4,24-09-2024 00:00
167,23,9,2024,Goa,Indo-Pacific finless porpoise,,,5,8,12,15.24963188,73.56019592,,4.5,23-09-2024 12:00
167,23,9,2024,Goa,Indo-Pacific finless porpoise,,,5,8,12,15.19362831,73.57862854,,5,23-09-2024 00:00
167,22,9,2024,Goa,Indo-Pacific finless porpoise,,,5,8,12,15.14061928,73.57684326,,5.5,22-09-2024 12:00
167,22,9,2024,Goa,Indo-Pacific finless porpoise,,,5,8,12,15.08686638,73.57611084,,6,22-09-2024 00:00
167,21,9,2024,Goa,Indo-Pacific finless porpoise,,,5,8,12,15.03032589,73.57711792,,6.5,21-09-2024 12:00
167,21,9,2024,Goa,Indo-Pacific finless porpoise,,,5,8,12,14.9704895,73.5773468,,7,21-09-2024 00:00
167,20,9,2024,Goa,Indo-Pacific finless porpoise,,,5,8,12,14.90243053,73.52983856,,7.5,20-09-2024 12:00
167,20,9,2024,Goa,Indo-Pacific finless porpoise,,,5,8,12,14.82885647,73.51208496,,8,20-09-2024 00:00
167,19,9,2024,Goa,Indo-Pacific finless porpoise,,,5,8,12,14.75933456,73.55090332,,8.5,19-09-2024 12:00
167,19,9,2024,Goa,Indo-Pacific finless porpoise,,,5,8,12,14.69364929,73.50473785,,9,19-09-2024 00:00
167,18,9,2024,Goa,Indo-Pacific finless porpoise,,,5,8,12,14.63514614,73.44367218,,9.5,18-09-2024 12:00
167,18,9,2024,Goa,Indo-Pacific finless porpoise,,,5,8,12,14.58168221,73.46055603,,10,18-09-2024 00:00
167,17,9,2024,Goa,Indo-Pacific finless porpoise,,,5,8,12,14.52798748,73.48603058,,10.5,17-09-2024 12:00
167,17,9,2024,Goa,Indo-Pacific finless porpoise,,,5,8,12,14.4717474,73.44599152,,11,17-09-2024 00:00
167,16,9,2024,Goa,Indo-Pacific finless porpoise,,,5,8,12,14.40886593,73.41431427,,11.5,16-09-2024 12:00
167,16,9,2024,Goa,Indo-Pacific finless porpoise,,,5,8,12,14.33185577,73.3609848,,12,16-09-2024 00:00
169,28,9,2024,Goa,Humpback dolphin,,,4,4,6,15.33253002,73.89376488,,0,28-09-2024 00:00
169,27,9,2024,Goa,Humpback dolphin,,,4,4,6,15.3327446,73.88803864,,0.5,27-09-2024 12:00
169,27,9,2024,Goa,Humpback dolphin,,,4,4,6,15.33298302,73.88482666,,1,27-09-2024 00:00
169,26,9,2024,Goa,Humpback dolphin,,,4,4,6,15.33323288,73.88162231,,1.5,26-09-2024 12:00
169,26,9,2024,Goa,Humpback dolphin,,,4,4,6,15.33354855,73.85816193,,2,26-09-2024 00:00
169,25,9,2024,Goa,Humpback dolphin,,,4,4,6,15.33390903,73.86032867,,2.5,25-09-2024 12:00
169,25,9,2024,Goa,Humpback dolphin,,,4,4,6,15.33425903,73.85163879,,3,25-09-2024 00:00
169,24,9,2024,Goa,Humpback dolphin,,,4,4,6,15.33375168,73.8102417,,3.5,24-09-2024 12:00
169,24,9,2024,Goa,Humpback dolphin,,,4,4,6,15.32849693,73.75150299,,4,24-09-2024 00:00
169,23,9,2024,Goa,Humpback dolphin,,,4,4,6,15.29497147,73.66779327,,4.5,23-09-2024 12:00
169,23,9,2024,Goa,Humpback dolphin,,,4,4,6,15.24351025,73.67838287,,5,23-09-2024 00:00
169,22,9,2024,Goa,Humpback dolphin,,,4,4,6,15.19312763,73.67845917,,5.5,22-09-2024 12:00
169,22,9,2024,Goa,Humpback dolphin,,,4,4,6,15.14434338,73.68946838,,6,22-09-2024 00:00
171,20,9,2024,Goa,Humpback dolphin,,,2,1,2,15.54493271,73.7549767,,0,20-09-2024 00:00
171,19,9,2024,Goa,Humpback dolphin,,,2,1,2,15.53979874,73.7616272,,0.5,19-09-2024 12:00
171,19,9,2024,Goa,Humpback dolphin,,,2,1,2,15.53270626,73.74564362,,1,19-09-2024 00:00
171,18,9,2024,Goa,Humpback dolphin,,,2,1,2,15.52213383,73.729599,,1.5,18-09-2024 12:00
171,18,9,2024,Goa,Humpback dolphin,,,2,1,2,15.50920868,73.71281433,,2,18-09-2024 00:00
172,15,9,2024,Goa,Indo-Pacific finless porpoise,,C,4,7,10,15.16859563,73.94232229,,0,15-09-2024 00:00
172,14,9,2024,Goa,Indo-Pacific finless porpoise,,C,4,7,10,15.16859531,73.93226624,,0.5,14-09-2024 12:00
172,14,9,2024,Goa,Indo-Pacific finless porpoise,,C,4,7,10,15.16859531,73.93089294,,1,14-09-2024 00:00
172,13,9,2024,Goa,Indo-Pacific finless porpoise,,C,4,7,10,15.16859531,73.92160034,,1.5,13-09-2024 12:00
172,13,9,2024,Goa,Indo-Pacific finless porpoise,,C,4,7,10,15.16798496,73.90067291,,2,13-09-2024 00:00
172,12,9,2024,Goa,Indo-Pacific finless porpoise,,C,4,7,10,15.16640568,73.89696503,,2.5,12-09-2024 12:00
172,12,9,2024,Goa,Indo-Pacific finless porpoise,,C,4,7,10,15.16483784,73.90218353,,3,12-09-2024 00:00
172,11,9,2024,Goa,Indo-Pacific finless porpoise,,C,4,7,10,15.16314125,73.89395142,,3.5,11-09-2024 12:00
172,11,9,2024,Goa,Indo-Pacific finless porpoise,,C,4,7,10,15.16104317,73.89373779,,4,11-09-2024 00:00
172,10,9,2024,Goa,Indo-Pacific finless porpoise,,C,4,7,10,15.15788174,73.87088013,,4.5,10-09-2024 12:00
172,10,9,2024,Goa,Indo-Pacific finless porpoise,,C,4,7,10,15.15273285,73.86335754,,5,10-09-2024 00:00
172,9,9,2024,Goa,Indo-Pacific finless porpoise,,C,4,7,10,15.14460278,73.82594299,,5.5,09-09-2024 12:00
172,9,9,2024,Goa,Indo-Pacific finless porpoise,,C,4,7,10,15.12674236,73.80317688,,6,09-09-2024 00:00
172,8,9,2024,Goa,Indo-Pacific finless porpoise,,C,4,7,10,15.09459591,73.75592804,,6.5,08-09-2024 12:00
172,8,9,2024,Goa,Indo-Pacific finless porpoise,,C,4,7,10,15.04892159,73.65821838,,7,08-09-2024 00:00
172,7,9,2024,Goa,Indo-Pacific finless porpoise,,C,4,7,10,14.99674129,73.59571838,,7.5,07-09-2024 12:00
172,7,9,2024,Goa,Indo-Pacific finless porpoise,,C,4,7,10,14.93639183,73.57247925,,8,07-09-2024 00:00
172,6,9,2024,Goa,Indo-Pacific finless porpoise,,C,4,7,10,14.86835194,73.5393219,,8.5,06-09-2024 12:00
172,6,9,2024,Goa,Indo-Pacific finless porpoise,,C,4,7,10,14.79642391,73.50301361,,9,06-09-2024 00:00
172,5,9,2024,Goa,Indo-Pacific finless porpoise,,C,4,7,10,14.7286644,73.49423981,,9.5,05-09-2024 12:00
172,5,9,2024,Goa,Indo-Pacific finless porpoise,,C,4,7,10,14.66826344,73.43182373,,10,05-09-2024 00:00
174,12,9,2024,Goa,Humpback dolphin,,SA,2,1,2,15.5612067,73.74873617,,0,12-09-2024 00:00
174,11,9,2024,Goa,Humpback dolphin,,SA,2,1,2,15.5595541,73.74610901,,0.5,11-09-2024 12:00
174,11,9,2024,Goa,Humpback dolphin,,SA,2,1,2,15.5569315,73.73952484,,1,11-09-2024 00:00
174,10,9,2024,Goa,Humpback dolphin,,SA,2,1,2,15.5522213,73.72545624,,1.5,10-09-2024 12:00
174,10,9,2024,Goa,Humpback dolphin,,SA,2,1,2,15.54525661,73.724617,,2,10-09-2024 00:00
177,10,9,2024,Goa,Humpback dolphin,,SA,2,1,2,15.2209348,73.9290015,,0,10-09-2024 00:00
177,9,9,2024,Goa,Humpback dolphin,,SA,2,1,2,15.22055721,73.9211731,,0.5,09-09-2024 12:00
177,9,9,2024,Goa,Humpback dolphin,,SA,2,1,2,15.22017956,73.92665863,,1,09-09-2024 00:00
177,8,9,2024,Goa,Humpback dolphin,,SA,2,1,2,15.21982956,73.92919159,,1.5,08-09-2024 12:00
177,8,9,2024,Goa,Humpback dolphin,,SA,2,1,2,15.21948051,73.92433929,,2,08-09-2024 00:00
178,10,9,2024,Goa,Humpback dolphin,,,4,4,6,15.17149927,73.94161668,,0,10-09-2024 00:00
178,9,9,2024,Goa,Humpback dolphin,,,4,4,6,15.17149925,73.94061279,,0.5,09-09-2024 12:00
178,9,9,2024,Goa,Humpback dolphin,,,4,4,6,15.17149925,73.94680023,,1,09-09-2024 00:00
178,8,9,2024,Goa,Humpback dolphin,,,4,4,6,15.17149925,73.94900513,,1.5,08-09-2024 12:00
178,8,9,2024,Goa,Humpback dolphin,,,4,4,6,15.17149925,73.9516449,,2,08-09-2024 00:00
178,7,9,2024,Goa,Humpback dolphin,,,4,4,6,15.17149925,73.95552063,,2.5,07-09-2024 12:00
178,7,9,2024,Goa,Humpback dolphin,,,4,4,6,15.17149925,73.95899963,,3,07-09-2024 00:00
178,6,9,2024,Goa,Humpback dolphin,,,4,4,6,15.17149925,73.96142578,,3.5,06-09-2024 12:00
178,6,9,2024,Goa,Humpback dolphin,,,4,4,6,15.17149925,73.96445465,,4,06-09-2024 00:00
178,5,9,2024,Goa,Humpback dolphin,,,4,4,6,15.17149925,73.96607971,,4.5,05-09-2024 12:00
178,5,9,2024,Goa,Humpback dolphin,,,4,4,6,15.17149925,73.96733093,,5,05-09-2024 00:00
178,4,9,2024,Goa,Humpback dolphin,,,4,4,6,15.17149925,73.96632385,,5.5,04-09-2024 12:00
178,4,9,2024,Goa,Humpback dolphin,,,4,4,6,15.17149925,73.96831512,,6,04-09-2024 00:00
179,10,9,2024,Goa,Humpback dolphin,,SA,3,3,6,15.57334809,73.74086914,,0,10-09-2024 00:00
179,9,9,2024,Goa,Humpback dolphin,,SA,3,3,6,15.57066727,73.73272705,,0.5,09-09-2024 12:00
179,9,9,2024,Goa,Humpback dolphin,,SA,3,3,6,15.56690979,73.72463226,,1,09-09-2024 00:00
179,8,9,2024,Goa,Humpback dolphin,,SA,3,3,6,15.56243134,73.72408295,,1.5,08-09-2024 12:00
179,8,9,2024,Goa,Humpback dolphin,,SA,3,3,6,15.55651569,73.70645142,,2,08-09-2024 00:00
179,7,9,2024,Goa,Humpback dolphin,,SA,3,3,6,15.54774952,73.69968414,,2.5,07-09-2024 12:00
179,7,9,2024,Goa,Humpback dolphin,,SA,3,3,6,15.53651524,73.69048309,,3,07-09-2024 00:00
179,6,9,2024,Goa,Humpback dolphin,,SA,3,3,6,15.52228832,73.67618561,,3.5,06-09-2024 12:00
179,6,9,2024,Goa,Humpback dolphin,,SA,3,3,6,15.49382019,73.63537598,,4,06-09-2024 00:00
179,5,9,2024,Goa,Humpback dolphin,,SA,3,3,6,15.43826675,73.58631897,,4.5,05-09-2024 12:00
179,5,9,2024,Goa,Humpback dolphin,,SA,3,3,6,15.37411785,73.52414703,,5,05-09-2024 00:00
179,4,9,2024,Goa,Humpback dolphin,,SA,3,3,6,15.30905628,73.47020721,,5.5,04-09-2024 12:00
179,4,9,2024,Goa,Humpback dolphin,,SA,3,3,6,15.23547745,73.40570831,,6,04-09-2024 00:00
180,9,9,2024,Goa,Humpback dolphin,M,C,2,0.5,1,15.04376173,73.98566306,,0,09-09-2024 00:00
180,8,9,2024,Goa,Humpback dolphin,,C,2,0.5,1,15.04361439,73.98099518,,0.5,08-09-2024 12:00
180,8,9,2024,Goa,Humpback dolphin,,C,2,0.5,1,15.043396,73.9688797,,1,08-09-2024 00:00
181,9,9,2024,Goa,Indo-Pacific finless porpoise,F,,3,2,3,15.35438311,73.88339565,,0,09-09-2024 00:00
181,8,9,2024,Goa,Indo-Pacific finless porpoise,,,3,2,3,15.35364723,73.88694,,0.5,08-09-2024 12:00
181,8,9,2024,Goa,Indo-Pacific finless porpoise,,,3,2,3,15.35287094,73.87539673,,1,08-09-2024 00:00
181,7,9,2024,Goa,Indo-Pacific finless porpoise,,,3,2,3,15.35200882,73.87402344,,1.5,07-09-2024 12:00
181,7,9,2024,Goa,Indo-Pacific finless porpoise,,,3,2,3,15.35116863,73.8722229,,2,07-09-2024 00:00
181,6,9,2024,Goa,Indo-Pacific finless porpoise,,,3,2,3,15.35034466,73.86936188,,2.5,06-09-2024 12:00
181,6,9,2024,Goa,Indo-Pacific finless porpoise,,,3,2,3,15.34947491,73.85929871,,3,06-09-2024 00:00
182,6,9,2024,Goa,Indo-Pacific finless porpoise,,,2,0.5,1,15.15641894,73.94504045,,0,06-09-2024 00:00
182,5,9,2024,Goa,Indo-Pacific finless porpoise,,,2,0.5,1,15.15564632,73.94763947,,0.5,05-09-2024 12:00
182,5,9,2024,Goa,Indo-Pacific finless porpoise,,,2,0.5,1,15.15474129,73.94856262,,1,05-09-2024 00:00
186,29,8,2024,Goa,Humpback dolphin,,,2,2,3,15.3697033,73.83324521,,0,29-08-2024 00:00
186,28,8,2024,Goa,Humpback dolphin,,,2,2,3,15.3704443,73.83916473,,0.5,28-08-2024 12:00
186,28,8,2024,Goa,Humpback dolphin,,,2,2,3,15.37121391,73.8359375,,1,28-08-2024 00:00
186,27,8,2024,Goa,Humpback dolphin,,,2,2,3,15.37190628,73.83557129,,1.5,27-08-2024 12:00
186,27,8,2024,Goa,Humpback dolphin,,,2,2,3,15.37259865,73.83692169,,2,27-08-2024 00:00
186,26,8,2024,Goa,Humpback dolphin,,,2,2,3,15.37327671,73.83563995,,2.5,26-08-2024 12:00
186,26,8,2024,Goa,Humpback dolphin,,,2,2,3,15.37384129,73.82984924,,3,26-08-2024 00:00
187,29,8,2024,Goa,Humpback dolphin,,,2,2,3,15.64354865,73.71757416,,0,29-08-2024 00:00
187,28,8,2024,Goa,Humpback dolphin,,,2,2,3,15.64162636,73.72021484,,0.5,28-08-2024 12:00
187,28,8,2024,Goa,Humpback dolphin,,,2,2,3,15.63963413,73.71710205,,1,28-08-2024 00:00
187,27,8,2024,Goa,Humpback dolphin,,,2,2,3,15.63754463,73.71898651,,1.5,27-08-2024 12:00
187,27,8,2024,Goa,Humpback dolphin,,,2,2,3,15.63545227,73.71993256,,2,27-08-2024 00:00
187,26,8,2024,Goa,Humpback dolphin,,,2,2,3,15.63326168,73.71811676,,2.5,26-08-2024 12:00
187,26,8,2024,Goa,Humpback dolphin,,,2,2,3,15.63073063,73.7104187,,3,26-08-2024 00:00
188,29,8,2024,Goa,Indo-Pacific finless porpoise,,,2,0.5,1,15.68524116,73.70328961,,0,29-08-2024 00:00
188,28,8,2024,Goa,Indo-Pacific finless porpoise,,,2,0.5,1,15.68354607,73.7060318,,0.5,28-08-2024 12:00
188,28,8,2024,Goa,Indo-Pacific finless porpoise,,,2,0.5,1,15.68206787,73.7026825,,1,28-08-2024 00:00
189,28,8,2024,Goa,Humpback dolphin,F,,3,5,7,15.22008434,73.92918764,,0,28-08-2024 00:00
189,27,8,2024,Goa,Humpback dolphin,,,3,5,7,15.21720028,73.92735291,,0.5,27-08-2024 12:00
189,27,8,2024,Goa,Humpback dolphin,,,3,5,7,15.21401215,73.92481232,,1,27-08-2024 00:00
189,26,8,2024,Goa,Humpback dolphin,,,3,5,7,15.21040154,73.91957092,,1.5,26-08-2024 12:00
189,26,8,2024,Goa,Humpback dolphin,,,3,5,7,15.20648766,73.91018677,,2,26-08-2024 00:00
189,25,8,2024,Goa,Humpback dolphin,,,3,5,7,15.20250034,73.89512634,,2.5,25-08-2024 12:00
189,25,8,2024,Goa,Humpback dolphin,,,3,5,7,15.19853401,73.87653351,,3,25-08-2024 00:00
189,24,8,2024,Goa,Humpback dolphin,,,3,5,7,15.19451141,73.86600494,,3.5,24-08-2024 12:00
189,24,8,2024,Goa,Humpback dolphin,,,3,5,7,15.19028378,73.86087036,,4,24-08-2024 00:00
189,23,8,2024,Goa,Humpback dolphin,,,3,5,7,15.18572712,73.86032104,,4.5,23-08-2024 12:00
189,23,8,2024,Goa,Humpback dolphin,,,3,5,7,15.18075371,73.86087799,,5,23-08-2024 00:00
189,22,8,2024,Goa,Humpback dolphin,,,3,5,7,15.17515469,73.87760162,,5.5,22-08-2024 12:00
189,22,8,2024,Goa,Humpback dolphin,,,3,5,7,15.168787,73.88604736,,6,22-08-2024 00:00
189,21,8,2024,Goa,Humpback dolphin,,,3,5,7,15.16161442,73.89956665,,6.5,21-08-2024 12:00
189,21,8,2024,Goa,Humpback dolphin,,,3,5,7,15.15367031,73.89333344,,7,21-08-2024 00:00
193,25,8,2024,Goa,Humpback dolphin,M,A,4,4,6,14.97798807,74.04178547,,0,25-08-2024 00:00
193,24,8,2024,Goa,Humpback dolphin,,A,4,4,6,14.9779768,74.03233337,,0.5,24-08-2024 12:00
193,24,8,2024,Goa,Humpback dolphin,,A,4,4,6,14.97796535,74.03187561,,1,24-08-2024 00:00
193,23,8,2024,Goa,Humpback dolphin,,A,4,4,6,14.97795391,74.03639984,,1.5,23-08-2024 12:00
193,23,8,2024,Goa,Humpback dolphin,,A,4,4,6,14.97794247,74.04249573,,2,23-08-2024 00:00
193,22,8,2024,Goa,Humpback dolphin,,A,4,4,6,14.9779377,74.05249023,,2.5,22-08-2024 12:00
193,22,8,2024,Goa,Humpback dolphin,,A,4,4,6,14.9779377,74.0604248,,3,22-08-2024 00:00
193,21,8,2024,Goa,Humpback dolphin,,A,4,4,6,14.9779377,74.06617737,,3.5,21-08-2024 12:00
193,21,8,2024,Goa,Humpback dolphin,,A,4,4,6,14.9779377,74.06645203,,4,21-08-2024 00:00
193,20,8,2024,Goa,Humpback dolphin,,A,4,4,6,14.9779377,74.06861115,,4.5,20-08-2024 12:00
193,20,8,2024,Goa,Humpback dolphin,,A,4,4,6,14.9779377,74.06897736,,5,20-08-2024 00:00
193,19,8,2024,Goa,Humpback dolphin,,A,4,4,6,14.9779377,74.07091522,,5.5,19-08-2024 12:00
193,19,8,2024,Goa,Humpback dolphin,,A,4,4,6,14.9779377,74.07082367,,6,19-08-2024 00:00
195,19,8,2024,Goa,Humpback dolphin,M,A,3,2,3,15.33401168,73.89296826,,0,19-08-2024 00:00
195,18,8,2024,Goa,Humpback dolphin,,A,3,2,3,15.33453369,73.89679718,,0.5,18-08-2024 12:00
195,18,8,2024,Goa,Humpback dolphin,,A,3,2,3,15.33502769,73.89547729,,1,18-08-2024 00:00
195,17,8,2024,Goa,Humpback dolphin,,A,3,2,3,15.33554649,73.8940506,,1.5,17-08-2024 12:00
195,17,8,2024,Goa,Humpback dolphin,,A,3,2,3,15.33614731,73.88707733,,2,17-08-2024 00:00
195,16,8,2024,Goa,Humpback dolphin,,A,3,2,3,15.33685493,73.88312531,,2.5,16-08-2024 12:00
195,16,8,2024,Goa,Humpback dolphin,,A,3,2,3,15.33769131,73.87329102,,3,16-08-2024 00:00
197,16,8,2024,Goa,Humpback dolphin,,A,3,3,4,15.5623533,73.74815674,,0,16-08-2024 00:00
197,15,8,2024,Goa,Humpback dolphin,,A,3,3,4,15.56063938,73.74530029,,0.5,15-08-2024 12:00
197,15,8,2024,Goa,Humpback dolphin,,A,3,3,4,15.55827332,73.73802185,,1,15-08-2024 00:00
197,14,8,2024,Goa,Humpback dolphin,,A,3,3,4,15.55488777,73.73069763,,1.5,14-08-2024 12:00
197,14,8,2024,Goa,Humpback dolphin,,A,3,3,4,15.54941082,73.70890045,,2,14-08-2024 00:00
197,13,8,2024,Goa,Humpback dolphin,,A,3,3,4,15.54020119,73.6893158,,2.5,13-08-2024 12:00
197,13,8,2024,Goa,Humpback dolphin,,A,3,3,4,15.51881504,73.63769531,,3,13-08-2024 00:00
197,12,8,2024,Goa,Humpback dolphin,,A,3,3,4,15.47690296,73.62735748,,3.5,12-08-2024 12:00
197,12,8,2024,Goa,Humpback dolphin,,A,3,3,4,15.41611004,73.57865906,,4,12-08-2024 00:00
198,13,8,2024,Goa,Humpback dolphin,,C,2,0.5,1,15.20815642,73.93218719,,0,13-08-2024 00:00
198,12,8,2024,Goa,Humpback dolphin,,C,2,0.5,1,15.20467186,73.93383789,,0.5,12-08-2024 12:00
198,12,8,2024,Goa,Humpback dolphin,,C,2,0.5,1,15.20053768,73.91625977,,1,12-08-2024 00:00
199,9,8,2024,Goa,Indo-Pacific finless porpoise,,A,3,2,3,15.00263889,74.02718485,,0,09-08-2024 00:00
199,8,8,2024,Goa,Indo-Pacific finless porpoise,,A,3,2,3,15.00146866,74.03129578,,0.5,08-08-2024 12:00
199,8,8,2024,Goa,Indo-Pacific finless porpoise,,A,3,2,3,15.00031281,74.03129578,,1,08-08-2024 00:00
199,7,8,2024,Goa,Indo-Pacific finless porpoise,,A,3,2,3,14.99914742,74.03129578,,1.5,07-08-2024 12:00
199,7,8,2024,Goa,Indo-Pacific finless porpoise,,A,3,2,3,14.99798584,74.02642059,,2,07-08-2024 00:00
199,6,8,2024,Goa,Indo-Pacific finless porpoise,,A,3,2,3,14.99688435,74.03091431,,2.5,06-08-2024 12:00
199,6,8,2024,Goa,Indo-Pacific finless porpoise,,A,3,2,3,14.99588585,74.03087616,,3,06-08-2024 00:00
200,7,8,2024,Goa,Humpback dolphin,,C,2,0.5,1,15.29259528,73.90773854,,0,07-08-2024 00:00
200,6,8,2024,Goa,Humpback dolphin,,C,2,0.5,1,15.29284668,73.90828705,,0.5,06-08-2024 12:00
200,6,8,2024,Goa,Humpback dolphin,,C,2,0.5,1,15.29310513,73.90712738,,1,06-08-2024 00:00
201,6,8,2024,Goa,Indo-Pacific finless porpoise,,C,2,0.5,1,15.49916966,73.76733383,,0,06-08-2024 00:00
201,5,8,2024,Goa,Indo-Pacific finless porpoise,,C,2,0.5,1,15.50160694,73.76806641,,0.5,05-08-2024 12:00
201,5,8,2024,Goa,Indo-Pacific finless porpoise,,C,2,0.5,1,15.50400925,73.75801849,,1,05-08-2024 00:00
203,27,7,2024,Goa,Indo-Pacific finless porpoise,,,3,2,3,15.25087976,73.92052682,,0,27-07-2024 00:00
203,26,7,2024,Goa,Indo-Pacific finless porpoise,,,3,2,3,15.24989128,73.89839935,,0.5,26-07-2024 12:00
203,26,7,2024,Goa,Indo-Pacific finless porpoise,,,3,2,3,15.24926853,73.86988831,,1,26-07-2024 00:00
203,25,7,2024,Goa,Indo-Pacific finless porpoise,,,3,2,3,15.24907207,73.84187317,,1.5,25-07-2024 12:00
203,25,7,2024,Goa,Indo-Pacific finless porpoise,,,3,2,3,15.24515152,73.80477905,,2,25-07-2024 00:00
203,24,7,2024,Goa,Indo-Pacific finless porpoise,,,3,2,3,15.2264595,73.73982239,,2.5,24-07-2024 12:00
203,24,7,2024,Goa,Indo-Pacific finless porpoise,,,3,2,3,15.18257809,73.64798737,,3,24-07-2024 00:00
204,26,7,2024,Goa,Indo-Pacific finless porpoise,,,3,2,3,15.2807696,73.91157454,,0,26-07-2024 00:00
204,25,7,2024,Goa,Indo-Pacific finless porpoise,,,3,2,3,15.28097057,73.90771484,,0.5,25-07-2024 12:00
204,25,7,2024,Goa,Indo-Pacific finless porpoise,,,3,2,3,15.28126049,73.90233612,,1,25-07-2024 00:00
204,24,7,2024,Goa,Indo-Pacific finless porpoise,,,3,2,3,15.28168297,73.89406586,,1.5,24-07-2024 12:00
204,24,7,2024,Goa,Indo-Pacific finless porpoise,,,3,2,3,15.28228664,73.88382721,,2,24-07-2024 00:00
204,23,7,2024,Goa,Indo-Pacific finless porpoise,,,3,2,3,15.28314781,73.86794281,,2.5,23-07-2024 12:00
204,23,7,2024,Goa,Indo-Pacific finless porpoise,,,3,2,3,15.28439808,73.84490967,,3,23-07-2024 00:00
208,17,7,2024,Goa,Indo-Pacific finless porpoise,,,2,1,3,15.5179749,73.7626122,,0,17-07-2024 00:00
208,16,7,2024,Goa,Indo-Pacific finless porpoise,,,2,1,3,15.51771355,73.73841095,,0.5,16-07-2024 12:00
208,16,7,2024,Goa,Indo-Pacific finless porpoise,,,2,1,3,15.51016808,73.69639587,,1,16-07-2024 00:00
208,15,7,2024,Goa,Indo-Pacific finless porpoise,,,2,1,3,15.4804163,73.61598969,,1.5,15-07-2024 12:00
208,15,7,2024,Goa,Indo-Pacific finless porpoise,,,2,1,3,15.41852283,73.51691437,,2,15-07-2024 00:00
208,14,7,2024,Goa,Indo-Pacific finless porpoise,,,2,1,3,15.34717083,73.42997742,,2.5,14-07-2024 12:00
208,14,7,2024,Goa,Indo-Pacific finless porpoise,,,2,1,3,15.26495838,73.33454132,,3,14-07-2024 00:00
213,26,6,2024,Goa,Humpback dolphin,,C,3,2,4,15.54468824,73.75451485,,0,26-06-2024 00:00
213,25,6,2024,Goa,Humpback dolphin,,C,3,2,4,15.54446411,73.75536346,,0.5,25-06-2024 12:00
213,25,6,2024,Goa,Humpback dolphin,,C,3,2,4,15.54419136,73.75383759,,1,25-06-2024 00:00
213,24,6,2024,Goa,Humpback dolphin,,C,3,2,4,15.54367065,73.75221252,,1.5,24-06-2024 12:00
213,24,6,2024,Goa,Humpback dolphin,,C,3,2,4,15.54168606,73.7345047,,2,24-06-2024 00:00
213,23,6,2024,Goa,Humpback dolphin,,C,3,2,4,15.53675556,73.71871185,,2.5,23-06-2024 12:00
213,23,6,2024,Goa,Humpback dolphin,,C,3,2,4,15.5272913,73.68719482,,3,23-06-2024 00:00
213,22,6,2024,Goa,Humpback dolphin,,C,3,2,4,15.51122093,73.67305756,,3.5,22-06-2024 12:00
213,22,6,2024,Goa,Humpback dolphin,,C,3,2,4,15.4792881,73.63389587,,4,22-06-2024 00:00
215,23,6,2024,Goa,Humpback dolphin,,,3,2,4,15.2512241,73.92041467,,0,23-06-2024 00:00
215,22,6,2024,Goa,Humpback dolphin,,,3,2,4,15.25010586,73.91685486,,0.5,22-06-2024 12:00
215,22,6,2024,Goa,Humpback dolphin,,,3,2,4,15.24908066,73.90294647,,1,22-06-2024 00:00
215,21,6,2024,Goa,Humpback dolphin,,,3,2,4,15.24813271,73.9021225,,1.5,21-06-2024 12:00
215,21,6,2024,Goa,Humpback dolphin,,,3,2,4,15.24707794,73.91149139,,2,21-06-2024 00:00
215,20,6,2024,Goa,Humpback dolphin,,,3,2,4,15.24587631,73.91527557,,2.5,20-06-2024 12:00
215,20,6,2024,Goa,Humpback dolphin,,,3,2,4,15.24456978,73.91880035,,3,20-06-2024 00:00
215,19,6,2024,Goa,Humpback dolphin,,,3,2,4,15.24320602,73.92517853,,3.5,19-06-2024 12:00
215,19,6,2024,Goa,Humpback dolphin,,,3,2,4,15.24180794,73.92119598,,4,19-06-2024 00:00
216,21,6,2024,Goa,Humpback dolphin,,,3,3,5,15.66993746,73.70858978,,0,21-06-2024 00:00
216,20,6,2024,Goa,Humpback dolphin,,,3,3,5,15.66857338,73.7114563,,0.5,20-06-2024 12:00
216,20,6,2024,Goa,Humpback dolphin,,,3,3,5,15.66724205,73.71443176,,1,20-06-2024 00:00
216,19,6,2024,Goa,Humpback dolphin,,,3,3,5,15.66596603,73.71818542,,1.5,19-06-2024 12:00
216,19,6,2024,Goa,Humpback dolphin,,,3,3,5,15.66468811,73.71708679,,2,19-06-2024 00:00
216,18,6,2024,Goa,Humpback dolphin,,,3,3,5,15.66333675,73.71603394,,2.5,18-06-2024 12:00
216,18,6,2024,Goa,Humpback dolphin,,,3,3,5,15.66183376,73.71038055,,3,18-06-2024 00:00
216,17,6,2024,Goa,Humpback dolphin,,,3,3,5,15.66017246,73.70992279,,3.5,17-06-2024 12:00
216,17,6,2024,Goa,Humpback dolphin,,,3,3,5,15.6583519,73.70469666,,4,17-06-2024 00:00
216,16,6,2024,Goa,Humpback dolphin,,,3,3,5,15.65642071,73.70786285,,4.5,16-06-2024 12:00
216,16,6,2024,Goa,Humpback dolphin,,,3,3,5,15.65447521,73.70795441,,5,16-06-2024 00:00
218,11,6,2024,Goa,Humpback dolphin,M,SA,3,2,3,15.25073614,73.92057644,,0,11-06-2024 00:00
218,10,6,2024,Goa,Humpback dolphin,,SA,3,2,3,15.2496109,73.92405701,,0.5,10-06-2024 12:00
218,10,6,2024,Goa,Humpback dolphin,,SA,3,2,3,15.2484417,73.92042542,,1,10-06-2024 00:00
218,9,6,2024,Goa,Humpback dolphin,,SA,3,2,3,15.24719334,73.91978455,,1.5,09-06-2024 12:00
218,9,6,2024,Goa,Humpback dolphin,,SA,3,2,3,15.24590683,73.92179871,,2,09-06-2024 00:00
218,8,6,2024,Goa,Humpback dolphin,,SA,3,2,3,15.24466228,73.93050385,,2.5,08-06-2024 12:00
218,8,6,2024,Goa,Humpback dolphin,,SA,3,2,3,15.24348354,73.93447113,,3,08-06-2024 00:00
223,21,5,2024,Goa,Indo-Pacific finless porpoise,,,3,2,3,15.17150045,73.94161705,,0,21-05-2024 00:00
223,20,5,2024,Goa,Indo-Pacific finless porpoise,,,3,2,3,15.16592407,73.93774414,,0.5,20-05-2024 12:00
223,20,5,2024,Goa,Indo-Pacific finless porpoise,,,3,2,3,15.15948772,73.93223572,,1,20-05-2024 00:00
223,19,5,2024,Goa,Indo-Pacific finless porpoise,,,3,2,3,15.15219402,73.9315033,,1.5,19-05-2024 12:00
223,19,5,2024,Goa,Indo-Pacific finless porpoise,,,3,2,3,15.143713,73.92285156,,2,19-05-2024 00:00
223,18,5,2024,Goa,Indo-Pacific finless porpoise,,,3,2,3,15.13370228,73.92047119,,2.5,18-05-2024 12:00
223,18,5,2024,Goa,Indo-Pacific finless porpoise,,,3,2,3,15.12253761,73.90357208,,3,18-05-2024 00:00
228,1,5,2024,Goa,Humpback dolphin,,,3,3,5,15.29261817,73.90774599,,0,01-05-2024 00:00
228,30,4,2024,Goa,Humpback dolphin,,,3,3,5,15.29286957,73.90783691,,0.5,30-04-2024 12:00
228,30,4,2024,Goa,Humpback dolphin,,,3,3,5,15.29314137,73.90625,,1,30-04-2024 00:00
228,29,4,2024,Goa,Humpback dolphin,,,3,3,5,15.29342747,73.90663147,,1.5,29-04-2024 12:00
228,29,4,2024,Goa,Humpback dolphin,,,3,3,5,15.29371834,73.9058075,,2,29-04-2024 00:00
228,28,4,2024,Goa,Humpback dolphin,,,3,3,5,15.29401588,73.90617371,,2.5,28-04-2024 12:00
228,28,4,2024,Goa,Humpback dolphin,,,3,3,5,15.29432869,73.90422058,,3,28-04-2024 00:00
228,27,4,2024,Goa,Humpback dolphin,,,3,3,5,15.29464436,73.90592957,,3.5,27-04-2024 12:00
228,27,4,2024,Goa,Humpback dolphin,,,3,3,5,15.29496193,73.90405273,,4,27-04-2024 00:00
228,26,4,2024,Goa,Humpback dolphin,,,3,3,5,15.2953167,73.9025116,,4.5,26-04-2024 12:00
228,26,4,2024,Goa,Humpback dolphin,,,3,3,5,15.29572296,73.89948273,,5,26-04-2024 00:00
230,30,4,2024,Goa,Indo-Pacific finless porpoise,,,4,4,7,15.30963816,73.90158088,,0,30-04-2024 00:00
230,29,4,2024,Goa,Indo-Pacific finless porpoise,,,4,4,7,15.31005478,73.90232849,,0.5,29-04-2024 12:00
230,29,4,2024,Goa,Indo-Pacific finless porpoise,,,4,4,7,15.31047153,73.90168762,,1,29-04-2024 00:00
230,28,4,2024,Goa,Indo-Pacific finless porpoise,,,4,4,7,15.31089306,73.90205383,,1.5,28-04-2024 12:00
230,28,4,2024,Goa,Indo-Pacific finless porpoise,,,4,4,7,15.31133652,73.89974213,,2,28-04-2024 00:00
230,27,4,2024,Goa,Indo-Pacific finless porpoise,,,4,4,7,15.31178188,73.90200806,,2.5,27-04-2024 12:00
230,27,4,2024,Goa,Indo-Pacific finless porpoise,,,4,4,7,15.31222248,73.90022278,,3,27-04-2024 00:00
230,26,4,2024,Goa,Indo-Pacific finless porpoise,,,4,4,7,15.31270885,73.89825439,,3.5,26-04-2024 12:00
230,26,4,2024,Goa,Indo-Pacific finless porpoise,,,4,4,7,15.31325722,73.8948288,,4,26-04-2024 00:00
230,25,4,2024,Goa,Indo-Pacific finless porpoise,,,4,4,7,15.31385803,73.89400482,,4.5,25-04-2024 12:00
230,25,4,2024,Goa,Indo-Pacific finless porpoise,,,4,4,7,15.3145256,73.88919067,,5,25-04-2024 00:00
230,24,4,2024,Goa,Indo-Pacific finless porpoise,,,4,4,7,15.31522942,73.89126587,,5.5,24-04-2024 12:00
230,24,4,2024,Goa,Indo-Pacific finless porpoise,,,4,4,7,15.31594658,73.88831329,,6,24-04-2024 00:00
230,23,4,2024,Goa,Indo-Pacific finless porpoise,,,4,4,7,15.31668472,73.88974762,,6.5,23-04-2024 12:00
230,23,4,2024,Goa,Indo-Pacific finless porpoise,,,4,4,7,15.3174305,73.8878479,,7,23-04-2024 00:00
233,19,4,2024,Goa,Indo-Pacific finless porpoise,,,3,3,5,15.21831751,73.92949617,,0,19-04-2024 00:00
233,18,4,2024,Goa,Indo-Pacific finless porpoise,,,3,3,5,15.2154665,73.93424225,,0.5,18-04-2024 12:00
233,18,4,2024,Goa,Indo-Pacific finless porpoise,,,3,3,5,15.21232891,73.92544556,,1,18-04-2024 00:00
233,17,4,2024,Goa,Indo-Pacific finless porpoise,,,3,3,5,15.20876789,73.92631531,,1.5,17-04-2024 12:00
233,17,4,2024,Goa,Indo-Pacific finless porpoise,,,3,3,5,15.2047472,73.91610718,,2,17-04-2024 00:00
233,16,4,2024,Goa,Indo-Pacific finless porpoise,,,3,3,5,15.2003231,73.91980743,,2.5,16-04-2024 12:00
233,16,4,2024,Goa,Indo-Pacific finless porpoise,,,3,3,5,15.19560623,73.90727997,,3,16-04-2024 00:00
233,15,4,2024,Goa,Indo-Pacific finless porpoise,,,3,3,5,15.19059467,73.90672302,,3.5,15-04-2024 12:00
233,15,4,2024,Goa,Indo-Pacific finless porpoise,,,3,3,5,15.1852541,73.8941803,,4,15-04-2024 00:00
233,14,4,2024,Goa,Indo-Pacific finless porpoise,,,3,3,5,15.17955208,73.89445496,,4.5,14-04-2024 12:00
233,14,4,2024,Goa,Indo-Pacific finless porpoise,,,3,3,5,15.17351723,73.87550354,,5,14-04-2024 00:00
234,19,4,2024,Goa,Indo-Pacific finless porpoise,,,2,1,2,15.20660344,73.93257343,,0,19-04-2024 00:00
234,18,4,2024,Goa,Indo-Pacific finless porpoise,,,2,1,2,15.20310783,73.93692017,,0.5,18-04-2024 12:00
234,18,4,2024,Goa,Indo-Pacific finless porpoise,,,2,1,2,15.19925785,73.92813873,,1,18-04-2024 00:00
234,17,4,2024,Goa,Indo-Pacific finless porpoise,,,2,1,2,15.19484711,73.92842102,,1.5,17-04-2024 12:00
234,17,4,2024,Goa,Indo-Pacific finless porpoise,,,2,1,2,15.18974781,73.91802216,,2,17-04-2024 00:00
235,19,4,2024,Goa,Indo-Pacific finless porpoise,,C,2,0.5,1,15.21881443,73.92983949,,0,19-04-2024 00:00
235,18,4,2024,Goa,Indo-Pacific finless porpoise,,C,2,0.5,1,15.216012,73.93457794,,0.5,18-04-2024 12:00
235,18,4,2024,Goa,Indo-Pacific finless porpoise,,C,2,0.5,1,15.21293068,73.92582703,,1,18-04-2024 00:00
236,19,4,2024,Goa,Indo-Pacific finless porpoise,,,4,6,8,15.21980828,73.92898118,,0,19-04-2024 00:00
236,18,4,2024,Goa,Indo-Pacific finless porpoise,,,4,6,8,15.21703911,73.93378448,,0.5,18-04-2024 12:00
236,18,4,2024,Goa,Indo-Pacific finless porpoise,,,4,6,8,15.21399212,73.92494965,,1,18-04-2024 00:00
236,17,4,2024,Goa,Indo-Pacific finless porpoise,,,4,6,8,15.210536,73.92590332,,1.5,17-04-2024 12:00
236,17,4,2024,Goa,Indo-Pacific finless porpoise,,,4,6,8,15.20664406,73.91577148,,2,17-04-2024 00:00
236,16,4,2024,Goa,Indo-Pacific finless porpoise,,,4,6,8,15.20237732,73.91952515,,2.5,16-04-2024 12:00
236,16,4,2024,Goa,Indo-Pacific finless porpoise,,,4,6,8,15.19784641,73.90705872,,3,16-04-2024 00:00
236,15,4,2024,Goa,Indo-Pacific finless porpoise,,,4,6,8,15.19304466,73.90657043,,3.5,15-04-2024 12:00
236,15,4,2024,Goa,Indo-Pacific finless porpoise,,,4,6,8,15.18793297,73.89402771,,4,15-04-2024 00:00
236,14,4,2024,Goa,Indo-Pacific finless porpoise,,,4,6,8,15.18247986,73.89430237,,4.5,14-04-2024 12:00
236,14,4,2024,Goa,Indo-Pacific finless porpoise,,,4,6,8,15.17671776,73.87531281,,5,14-04-2024 00:00
236,13,4,2024,Goa,Indo-Pacific finless porpoise,,,4,6,8,15.170681,73.86954498,,5.5,13-04-2024 12:00
236,13,4,2024,Goa,Indo-Pacific finless porpoise,,,4,6,8,15.16440773,73.84372711,,6,13-04-2024 00:00
236,12,4,2024,Goa,Indo-Pacific finless porpoise,,,4,6,8,15.15781689,73.83886719,,6.5,12-04-2024 12:00
236,12,4,2024,Goa,Indo-Pacific finless porpoise,,,4,6,8,15.14685154,73.82026672,,7,12-04-2024 00:00
236,11,4,2024,Goa,Indo-Pacific finless porpoise,,,4,6,8,15.13185883,73.82557678,,7.5,11-04-2024 12:00
236,11,4,2024,Goa,Indo-Pacific finless porpoise,,,4,6,8,15.11259079,73.80626678,,8,11-04-2024 00:00
237,18,4,2024,Goa,Indo-Pacific finless porpoise,,,4,3,7,15.04185139,73.98651936,,0,18-04-2024 00:00
237,17,4,2024,Goa,Indo-Pacific finless porpoise,,,4,3,7,15.04163265,73.98697662,,0.5,17-04-2024 12:00
237,17,4,2024,Goa,Indo-Pacific finless porpoise,,,4,3,7,15.04142952,73.98706818,,1,17-04-2024 00:00
237,16,4,2024,Goa,Indo-Pacific finless porpoise,,,4,3,7,15.04124451,73.98813629,,1.5,16-04-2024 12:00
237,16,4,2024,Goa,Indo-Pacific finless porpoise,,,4,3,7,15.04107285,73.98758698,,2,16-04-2024 00:00
237,15,4,2024,Goa,Indo-Pacific finless porpoise,,,4,3,7,15.04090118,73.98726654,,2.5,15-04-2024 12:00
237,15,4,2024,Goa,Indo-Pacific finless porpoise,,,4,3,7,15.04072952,73.98590851,,3,15-04-2024 00:00
237,14,4,2024,Goa,Indo-Pacific finless porpoise,,,4,3,7,15.04055786,73.98600006,,3.5,14-04-2024 12:00
237,14,4,2024,Goa,Indo-Pacific finless porpoise,,,4,3,7,15.04038143,73.98345184,,4,14-04-2024 00:00
237,13,4,2024,Goa,Indo-Pacific finless porpoise,,,4,3,7,15.04019737,73.98196411,,4.5,13-04-2024 12:00
237,13,4,2024,Goa,Indo-Pacific finless porpoise,,,4,3,7,15.0399847,73.97548676,,5,13-04-2024 00:00
237,12,4,2024,Goa,Indo-Pacific finless porpoise,,,4,3,7,15.0397253,73.972435,,5.5,12-04-2024 12:00
237,12,4,2024,Goa,Indo-Pacific finless porpoise,,,4,3,7,15.03941631,73.96826935,,6,12-04-2024 00:00
237,11,4,2024,Goa,Indo-Pacific finless porpoise,,,4,3,7,15.03908443,73.97019196,,6.5,11-04-2024 12:00
237,11,4,2024,Goa,Indo-Pacific finless porpoise,,,4,3,7,15.03872013,73.96557617,,7,11-04-2024 00:00
239,17,4,2024,Goa,Indo-Pacific finless porpoise,,,4,5,7,14.96402361,74.047337,,0,17-04-2024 00:00
239,16,4,2024,Goa,Indo-Pacific finless porpoise,,,4,5,7,14.96449089,74.04940033,,0.5,16-04-2024 12:00
239,16,4,2024,Goa,Indo-Pacific finless porpoise,,,4,5,7,14.96493244,74.04881287,,1,16-04-2024 00:00
239,15,4,2024,Goa,Indo-Pacific finless porpoise,,,4,5,7,14.96536732,74.04792023,,1.5,15-04-2024 12:00
239,15,4,2024,Goa,Indo-Pacific finless porpoise,,,4,5,7,14.96581364,74.04499054,,2,15-04-2024 00:00
239,14,4,2024,Goa,Indo-Pacific finless porpoise,,,4,5,7,14.9662714,74.04398346,,2.5,14-04-2024 12:00
239,14,4,2024,Goa,Indo-Pacific finless porpoise,,,4,5,7,14.96675777,74.03678131,,3,14-04-2024 00:00
239,13,4,2024,Goa,Indo-Pacific finless porpoise,,,4,5,7,14.96730328,74.03022766,,3.5,13-04-2024 12:00
239,13,4,2024,Goa,Indo-Pacific finless porpoise,,,4,5,7,14.9679575,74.010849,,4,13-04-2024 00:00
239,12,4,2024,Goa,Indo-Pacific finless porpoise,,,4,5,7,14.96872425,73.99848938,,4.5,12-04-2024 12:00
239,12,4,2024,Goa,Indo-Pacific finless porpoise,,,4,5,7,14.96880054,73.98197174,,5,12-04-2024 00:00
239,11,4,2024,Goa,Indo-Pacific finless porpoise,,,4,5,7,14.96839619,73.98558807,,5.5,11-04-2024 12:00
239,11,4,2024,Goa,Indo-Pacific finless porpoise,,,4,5,7,14.96761036,73.97094727,,6,11-04-2024 00:00
239,10,4,2024,Goa,Indo-Pacific finless porpoise,,,4,5,7,14.96599483,73.96331024,,6.5,10-04-2024 12:00
239,10,4,2024,Goa,Indo-Pacific finless porpoise,,,4,5,7,14.96362305,73.95146942,,7,10-04-2024 00:00
243,7,4,2024,Goa,Indo-Pacific finless porpoise,,,3,2,3,15.64009083,73.71864797,,0,07-04-2024 00:00
243,6,4,2024,Goa,Indo-Pacific finless porpoise,,,3,2,3,15.63806629,73.71947479,,0.5,06-04-2024 12:00
243,6,4,2024,Goa,Indo-Pacific finless porpoise,,,3,2,3,15.63575077,73.70990753,,1,06-04-2024 00:00
243,5,4,2024,Goa,Indo-Pacific finless porpoise,,,3,2,3,15.63291645,73.70394135,,1.5,05-04-2024 12:00
243,5,4,2024,Goa,Indo-Pacific finless porpoise,,,3,2,3,15.62938595,73.68983459,,2,05-04-2024 00:00
243,4,4,2024,Goa,Indo-Pacific finless porpoise,,,3,2,3,15.62497807,73.68196106,,2.5,04-04-2024 12:00
243,4,4,2024,Goa,Indo-Pacific finless porpoise,,,3,2,3,15.61739159,73.66212463,,3,04-04-2024 00:00
244,28,3,2024,Goa,Indo-Pacific finless porpoise,F,A,2,1,2,15.10311002,73.92666546,,0,28-03-2024 00:00
244,27,3,2024,Goa,Indo-Pacific finless porpoise,,A,2,1,2,15.09132099,73.9249115,,0.5,27-03-2024 12:00
244,27,3,2024,Goa,Indo-Pacific finless porpoise,,A,2,1,2,15.07820988,73.9083252,,1,27-03-2024 00:00
244,26,3,2024,Goa,Indo-Pacific finless porpoise,,A,2,1,2,15.06674194,73.91601563,,1.5,26-03-2024 12:00
244,26,3,2024,Goa,Indo-Pacific finless porpoise,,A,2,1,2,15.05743885,73.90276337,,2,26-03-2024 00:00
247,21,3,2024,Goa,Humpback dolphin,M,A,4,5,8,15.0437164,73.98570396,,0,21-03-2024 00:00
247,20,3,2024,Goa,Humpback dolphin,,A,4,5,8,15.04339027,73.98652649,,0.5,20-03-2024 12:00
247,20,3,2024,Goa,Humpback dolphin,,A,4,5,8,15.04305744,73.98348999,,1,20-03-2024 00:00
247,19,3,2024,Goa,Humpback dolphin,,A,4,5,8,15.04270267,73.98262024,,1.5,19-03-2024 12:00
247,19,3,2024,Goa,Humpback dolphin,,A,4,5,8,15.04232693,73.97885895,,2,19-03-2024 00:00
247,18,3,2024,Goa,Humpback dolphin,,A,4,5,8,15.0419445,73.97867584,,2.5,18-03-2024 12:00
247,18,3,2024,Goa,Humpback dolphin,,A,4,5,8,15.04157829,73.97718811,,3,18-03-2024 00:00
247,17,3,2024,Goa,Humpback dolphin,,A,4,5,8,15.04123402,73.97737122,,3.5,17-03-2024 12:00
247,17,3,2024,Goa,Humpback dolphin,,A,4,5,8,15.04089928,73.97427368,,4,17-03-2024 00:00
247,16,3,2024,Goa,Humpback dolphin,,A,4,5,8,15.04055595,73.97122955,,4.5,16-03-2024 12:00
247,16,3,2024,Goa,Humpback dolphin,,A,4,5,8,15.04018974,73.96278381,,5,16-03-2024 00:00
247,15,3,2024,Goa,Humpback dolphin,,A,4,5,8,15.03979874,73.95862579,,5.5,15-03-2024 12:00
247,15,3,2024,Goa,Humpback dolphin,,A,4,5,8,15.03934288,73.95152283,,6,15-03-2024 00:00
247,14,3,2024,Goa,Humpback dolphin,,A,4,5,8,15.03882694,73.95124817,,6.5,14-03-2024 12:00
247,14,3,2024,Goa,Humpback dolphin,,A,4,5,8,15.03823471,73.94125366,,7,14-03-2024 00:00
247,13,3,2024,Goa,Humpback dolphin,,A,4,5,8,15.03756332,73.94161987,,7.5,13-03-2024 12:00
247,13,3,2024,Goa,Humpback dolphin,,A,4,5,8,15.03683758,73.93690491,,8,13-03-2024 00:00
250,19,3,2024,Goa,Humpback dolphin,,SA,2,1,2,14.96247847,74.04710842,,0,19-03-2024 00:00
250,18,3,2024,Goa,Humpback dolphin,,SA,2,1,2,14.96302795,74.04628754,,0.5,18-03-2024 12:00
250,18,3,2024,Goa,Humpback dolphin,,SA,2,1,2,14.96357727,74.04463959,,1,18-03-2024 00:00
250,17,3,2024,Goa,Humpback dolphin,,SA,2,1,2,14.96411896,74.04427338,,1.5,17-03-2024 12:00
250,17,3,2024,Goa,Humpback dolphin,,SA,2,1,2,14.964674,74.03978729,,2,17-03-2024 00:00
251,17,3,2024,Goa,Humpback dolphin,,,3,2,3,15.2039116,73.9347192,,0,17-03-2024 00:00
251,16,3,2024,Goa,Humpback dolphin,,,3,2,3,15.19999027,73.92597961,,0.5,16-03-2024 12:00
251,16,3,2024,Goa,Humpback dolphin,,,3,2,3,15.19529152,73.90279388,,1,16-03-2024 00:00
251,15,3,2024,Goa,Humpback dolphin,,,3,2,3,15.19040298,73.89591217,,1.5,15-03-2024 12:00
251,15,3,2024,Goa,Humpback dolphin,,,3,2,3,15.1852808,73.88181305,,2,15-03-2024 00:00
251,14,3,2024,Goa,Humpback dolphin,,,3,2,3,15.17985916,73.87935638,,2.5,14-03-2024 12:00
251,14,3,2024,Goa,Humpback dolphin,,,3,2,3,15.17412663,73.86353302,,3,14-03-2024 00:00
252,17,3,2024,Goa,Indo-Pacific finless porpoise,,,3,2,3,15.22146468,73.92923868,,0,17-03-2024 00:00
252,16,3,2024,Goa,Indo-Pacific finless porpoise,,,3,2,3,15.21854305,73.92012787,,0.5,16-03-2024 12:00
252,16,3,2024,Goa,Indo-Pacific finless porpoise,,,3,2,3,15.21539593,73.89692688,,1,16-03-2024 00:00
252,15,3,2024,Goa,Indo-Pacific finless porpoise,,,3,2,3,15.21227741,73.89015198,,1.5,15-03-2024 12:00
252,15,3,2024,Goa,Indo-Pacific finless porpoise,,,3,2,3,15.20911312,73.87612915,,2,15-03-2024 00:00
252,14,3,2024,Goa,Indo-Pacific finless porpoise,,,3,2,3,15.20586967,73.87347412,,2.5,14-03-2024 12:00
252,14,3,2024,Goa,Indo-Pacific finless porpoise,,,3,2,3,15.20256138,73.8578186,,3,14-03-2024 00:00
253,16,3,2024,Goa,Humpback dolphin,M,SA,2,0.5,1,15.6437966,73.7174025,,0,16-03-2024 00:00
253,15,3,2024,Goa,Humpback dolphin,,SA,2,0.5,1,15.64165592,73.71061707,,0.5,15-03-2024 12:00
253,15,3,2024,Goa,Humpback dolphin,,SA,2,0.5,1,15.63901997,73.70020294,,1,15-03-2024 00:00
254,15,3,2024,Goa,Humpback dolphin,,,3,1,3,15.5012802,73.7714643,,0,15-03-2024 00:00
254,14,3,2024,Goa,Humpback dolphin,,,3,1,3,15.5036335,73.7622757,,0.5,14-03-2024 12:00
254,14,3,2024,Goa,Humpback dolphin,,,3,1,3,15.50403976,73.74095154,,1,14-03-2024 00:00
254,13,3,2024,Goa,Humpback dolphin,,,3,1,3,15.50093174,73.73613739,,1.5,13-03-2024 12:00
254,13,3,2024,Goa,Humpback dolphin,,,3,1,3,15.4950037,73.72039032,,2,13-03-2024 00:00
254,12,3,2024,Goa,Humpback dolphin,,,3,1,3,15.48709202,73.72475433,,2.5,12-03-2024 12:00
254,12,3,2024,Goa,Humpback dolphin,,,3,1,3,15.47794247,73.7154541,,3,12-03-2024 00:00
257,10,3,2024,Goa,Humpback dolphin,M,SA,3,2,4,15.14598374,73.9484062,,0,10-03-2024 00:00
257,9,3,2024,Goa,Humpback dolphin,,SA,3,2,4,15.13973522,73.94988251,,0.5,09-03-2024 12:00
257,9,3,2024,Goa,Humpback dolphin,,SA,3,2,4,15.13242149,73.93807983,,1,09-03-2024 00:00
257,8,3,2024,Goa,Humpback dolphin,,SA,3,2,4,15.12367439,73.93764496,,1.5,08-03-2024 12:00
257,8,3,2024,Goa,Humpback dolphin,,SA,3,2,4,15.11277962,73.91603088,,2,08-03-2024 00:00
257,7,3,2024,Goa,Humpback dolphin,,SA,3,2,4,15.10025787,73.9098053,,2.5,07-03-2024 12:00
257,7,3,2024,Goa,Humpback dolphin,,SA,3,2,4,15.08683395,73.8902359,,3,07-03-2024 00:00
257,6,3,2024,Goa,Humpback dolphin,,SA,3,2,4,15.0722723,73.88108826,,3.5,06-03-2024 12:00
257,6,3,2024,Goa,Humpback dolphin,,SA,3,2,4,15.05708122,73.86128235,,4,06-03-2024 00:00
258,4,3,2024,Goa,Humpback dolphin,,,3,3,5,15.4652086,73.8049327,,0,04-03-2024 00:00
258,3,3,2024,Goa,Humpback dolphin,,,3,3,5,15.46760178,73.79587555,,0.5,03-03-2024 12:00
258,3,3,2024,Goa,Humpback dolphin,,,3,3,5,15.47031307,73.78252411,,1,03-03-2024 00:00
258,2,3,2024,Goa,Humpback dolphin,,,3,3,5,15.4732933,73.77933502,,1.5,02-03-2024 12:00
258,2,3,2024,Goa,Humpback dolphin,,,3,3,5,15.47643948,73.77283478,,2,02-03-2024 00:00
258,1,3,2024,Goa,Humpback dolphin,,,3,3,5,15.47961521,73.77687836,,2.5,01-03-2024 12:00
258,1,3,2024,Goa,Humpback dolphin,,,3,3,5,15.48261547,73.77751923,,3,01-03-2024 00:00
258,29,2,2024,Goa,Humpback dolphin,,,3,3,5,15.48524666,73.78709412,,3.5,29-02-2024 12:00
258,29,2,2024,Goa,Humpback dolphin,,,3,3,5,15.48762321,73.78459167,,4,29-02-2024 00:00
258,28,2,2024,Goa,Humpback dolphin,,,3,3,5,15.49000359,73.78231049,,4.5,28-02-2024 12:00
258,28,2,2024,Goa,Humpback dolphin,,,3,3,5,15.49251461,73.77311707,,5,28-02-2024 00:00
259,23,2,2024,Goa,Humpback dolphin,,,3,2,3,15.27976895,73.91194528,,0,23-02-2024 00:00
259,22,2,2024,Goa,Humpback dolphin,,,3,2,3,15.2799263,73.91121674,,0.5,22-02-2024 12:00
259,22,2,2024,Goa,Humpback dolphin,,,3,2,3,15.28011322,73.90942383,,1,22-02-2024 00:00
259,21,2,2024,Goa,Humpback dolphin,,,3,2,3,15.2803278,73.90847778,,1.5,21-02-2024 12:00
259,21,2,2024,Goa,Humpback dolphin,,,3,2,3,15.28058243,73.90525055,,2,21-02-2024 00:00
259,20,2,2024,Goa,Humpback dolphin,,,3,2,3,15.28086567,73.90574646,,2.5,20-02-2024 12:00
259,20,2,2024,Goa,Humpback dolphin,,,3,2,3,15.28115273,73.90492249,,3,20-02-2024 00:00
262,17,2,2024,Goa,Humpback dolphin,,,3,2,3,15.20610432,73.93266907,,0,17-02-2024 00:00
262,16,2,2024,Goa,Humpback dolphin,,,3,2,3,15.20245743,73.93258667,,0.5,16-02-2024 12:00
262,16,2,2024,Goa,Humpback dolphin,,,3,2,3,15.19834805,73.92546844,,1,16-02-2024 00:00
262,15,2,2024,Goa,Humpback dolphin,,,3,2,3,15.19381332,73.92948914,,1.5,15-02-2024 12:00
262,15,2,2024,Goa,Humpback dolphin,,,3,2,3,15.18875885,73.92119598,,2,15-02-2024 00:00
262,14,2,2024,Goa,Humpback dolphin,,,3,2,3,15.18324661,73.92886353,,2.5,14-02-2024 12:00
262,14,2,2024,Goa,Humpback dolphin,,,3,2,3,15.17725182,73.9209137,,3,14-02-2024 00:00
263,15,2,2024,Goa,Humpback dolphin,,,3,2,4,15.5612067,73.74873617,,0,15-02-2024 00:00
263,14,2,2024,Goa,Humpback dolphin,,,3,2,4,15.55974388,73.74891663,,0.5,14-02-2024 12:00
263,14,2,2024,Goa,Humpback dolphin,,,3,2,4,15.55816555,73.74671936,,1,14-02-2024 00:00
263,13,2,2024,Goa,Humpback dolphin,,,3,2,4,15.55659389,73.74878693,,1.5,13-02-2024 12:00
263,13,2,2024,Goa,Humpback dolphin,,,3,2,4,15.55505466,73.74681091,,2,13-02-2024 00:00
263,12,2,2024,Goa,Humpback dolphin,,,3,2,4,15.55346107,73.74781799,,2.5,12-02-2024 12:00
263,12,2,2024,Goa,Humpback dolphin,,,3,2,4,15.55188656,73.74675751,,3,12-02-2024 00:00
263,11,2,2024,Goa,Humpback dolphin,,,3,2,4,15.55031776,73.74767303,,3.5,11-02-2024 12:00
263,11,2,2024,Goa,Humpback dolphin,,,3,2,4,15.548563,73.74394989,,4,11-02-2024 00:00
266,11,2,2024,Goa,Indo-Pacific finless porpoise,,,4,6,9,15.31942492,73.89851757,,0,11-02-2024 00:00
266,10,2,2024,Goa,Indo-Pacific finless porpoise,,,4,6,9,15.31992245,73.900383,,0.5,10-02-2024 12:00
266,10,2,2024,Goa,Indo-Pacific finless porpoise,,,4,6,9,15.32038784,73.90125275,,1,10-02-2024 00:00
266,9,2,2024,Goa,Indo-Pacific finless porpoise,,,4,6,9,15.32082558,73.90252686,,1.5,09-02-2024 12:00
266,9,2,2024,Goa,Indo-Pacific finless porpoise,,,4,6,9,15.32126999,73.90050507,,2,09-02-2024 00:00
266,8,2,2024,Goa,Indo-Pacific finless porpoise,,,4,6,9,15.32173824,73.90059662,,2.5,08-02-2024 12:00
266,8,2,2024,Goa,Indo-Pacific finless porpoise,,,4,6,9,15.32221794,73.89911652,,3,08-02-2024 00:00
266,7,2,2024,Goa,Indo-Pacific finless porpoise,,,4,6,9,15.32269382,73.90072632,,3.5,07-02-2024 12:00
266,7,2,2024,Goa,Indo-Pacific finless porpoise,,,4,6,9,15.32315636,73.90008545,,4,07-02-2024 00:00
266,6,2,2024,Goa,Indo-Pacific finless porpoise,,,4,6,9,15.32358074,73.90365601,,4.5,06-02-2024 12:00
266,6,2,2024,Goa,Indo-Pacific finless porpoise,,,4,6,9,15.32396889,73.90319824,,5,06-02-2024 00:00
266,5,2,2024,Goa,Indo-Pacific finless porpoise,,,4,6,9,15.32433796,73.90505219,,5.5,05-02-2024 12:00
266,5,2,2024,Goa,Indo-Pacific finless porpoise,,,4,6,9,15.32470322,73.90344238,,6,05-02-2024 00:00
266,4,2,2024,Goa,Indo-Pacific finless porpoise,,,4,6,9,15.32509518,73.90270996,,6.5,04-02-2024 12:00
266,4,2,2024,Goa,Indo-Pacific finless porpoise,,,4,6,9,15.32553577,73.8988266,,7,04-02-2024 00:00
266,3,2,2024,Goa,Indo-Pacific finless porpoise,,,4,6,9,15.32604122,73.89703369,,7.5,03-02-2024 12:00
266,3,2,2024,Goa,Indo-Pacific finless porpoise,,,4,6,9,15.32657337,73.89620972,,8,03-02-2024 00:00
266,2,2,2024,Goa,Indo-Pacific finless porpoise,,,4,6,9,15.32707691,73.89914703,,8.5,02-02-2024 12:00
266,2,2,2024,Goa,Indo-Pacific finless porpoise,,,4,6,9,15.32754612,73.89933014,,9,02-02-2024 00:00
267,8,2,2024,Goa,Indo-Pacific finless porpoise,,,3,4,6,15.29374857,73.90747058,,0,08-02-2024 00:00
267,7,2,2024,Goa,Indo-Pacific finless porpoise,,,3,4,6,15.29400635,73.90811157,,0.5,07-02-2024 12:00
267,7,2,2024,Goa,Indo-Pacific finless porpoise,,,3,4,6,15.29426575,73.9072876,,1,07-02-2024 00:00
267,6,2,2024,Goa,Indo-Pacific finless porpoise,,,3,4,6,15.2945118,73.90953827,,1.5,06-02-2024 12:00
267,6,2,2024,Goa,Indo-Pacific finless porpoise,,,3,4,6,15.29473877,73.90908051,,2,06-02-2024 00:00
267,5,2,2024,Goa,Indo-Pacific finless porpoise,,,3,4,6,15.29495811,73.91020203,,2.5,05-02-2024 12:00
267,5,2,2024,Goa,Indo-Pacific finless porpoise,,,3,4,6,15.29518032,73.90879822,,3,05-02-2024 00:00
267,4,2,2024,Goa,Indo-Pacific finless porpoise,,,3,4,6,15.29542637,73.90807343,,3.5,04-02-2024 12:00
267,4,2,2024,Goa,Indo-Pacific finless porpoise,,,3,4,6,15.29571533,73.90460968,,4,04-02-2024 00:00
267,3,2,2024,Goa,Indo-Pacific finless porpoise,,,3,4,6,15.29606247,73.90287018,,4.5,03-02-2024 12:00
267,3,2,2024,Goa,Indo-Pacific finless porpoise,,,3,4,6,15.29644299,73.90157318,,5,03-02-2024 00:00
267,2,2,2024,Goa,Indo-Pacific finless porpoise,,,3,4,6,15.29681492,73.90381622,,5.5,02-02-2024 12:00
267,2,2,2024,Goa,Indo-Pacific finless porpoise,,,3,4,6,15.29716682,73.90354156,,6,02-02-2024 00:00
269,5,2,2024,Goa,Indo-Pacific finless porpoise,,,2,1,2,15.3522628,73.88472786,,0,05-02-2024 00:00
269,4,2,2024,Goa,Indo-Pacific finless porpoise,,,2,1,2,15.35285091,73.88353729,,0.5,04-02-2024 12:00
269,4,2,2024,Goa,Indo-Pacific finless porpoise,,,2,1,2,15.35349178,73.87731934,,1,04-02-2024 00:00
269,3,2,2024,Goa,Indo-Pacific finless porpoise,,,2,1,2,15.35419846,73.87467957,,1.5,03-02-2024 12:00
269,3,2,2024,Goa,Indo-Pacific finless porpoise,,,2,1,2,15.35492611,73.87385559,,2,03-02-2024 00:00
271,29,1,2024,Goa,Indo-Pacific finless porpoise,,,3,3,4,15.31942492,73.89851757,,0,29-01-2024 00:00
271,28,1,2024,Goa,Indo-Pacific finless porpoise,,,3,3,4,15.31992245,73.900383,,0.5,28-01-2024 12:00
271,28,1,2024,Goa,Indo-Pacific finless porpoise,,,3,3,4,15.32035446,73.90387726,,1,28-01-2024 00:00
271,27,1,2024,Goa,Indo-Pacific finless porpoise,,,3,3,4,15.32072735,73.90519714,,1.5,27-01-2024 12:00
271,27,1,2024,Goa,Indo-Pacific finless porpoise,,,3,3,4,15.32106972,73.90627289,,2,27-01-2024 00:00
271,26,1,2024,Goa,Indo-Pacific finless porpoise,,,3,3,4,15.32138157,73.90776825,,2.5,26-01-2024 12:00
271,26,1,2024,Goa,Indo-Pacific finless porpoise,,,3,3,4,15.32166576,73.90840912,,3,26-01-2024 00:00
271,25,1,2024,Goa,Indo-Pacific finless porpoise,,,3,3,4,15.32193279,73.90923309,,3.5,25-01-2024 12:00
271,25,1,2024,Goa,Indo-Pacific finless porpoise,,,3,3,4,15.32219505,73.90886688,,4,25-01-2024 00:00
272,28,1,2024,Goa,Indo-Pacific finless porpoise,,,3,3,4,15.00970492,74.02350093,,0,28-01-2024 00:00
272,27,1,2024,Goa,Indo-Pacific finless porpoise,,,3,3,4,15.00872898,74.03196716,,0.5,27-01-2024 12:00
272,27,1,2024,Goa,Indo-Pacific finless porpoise,,,3,3,4,15.00787544,74.03920746,,1,27-01-2024 00:00
272,26,1,2024,Goa,Indo-Pacific finless porpoise,,,3,3,4,15.00714302,74.04633331,,1.5,26-01-2024 12:00
272,26,1,2024,Goa,Indo-Pacific finless porpoise,,,3,3,4,15.00652885,74.05242157,,2,26-01-2024 00:00
272,25,1,2024,Goa,Indo-Pacific finless porpoise,,,3,3,4,15.00598907,74.05498505,,2.5,25-01-2024 12:00
272,25,1,2024,Goa,Indo-Pacific finless porpoise,,,3,3,4,15.0054493,74.05319977,,3,25-01-2024 00:00
272,24,1,2024,Goa,Indo-Pacific finless porpoise,,,3,3,4,15.00491905,74.05660248,,3.5,24-01-2024 12:00
272,24,1,2024,Goa,Indo-Pacific finless porpoise,,,3,3,4,15.00439262,74.05431366,,4,24-01-2024 00:00
274,28,1,2024,Goa,Humpback dolphin,M,SA,3,2,4,15.04260833,73.98591921,,0,28-01-2024 00:00
274,27,1,2024,Goa,Humpback dolphin,,SA,3,2,4,15.04236031,73.9883194,,0.5,27-01-2024 12:00
274,27,1,2024,Goa,Humpback dolphin,,SA,3,2,4,15.0421629,73.99022675,,1,27-01-2024 00:00
274,26,1,2024,Goa,Humpback dolphin,,SA,3,2,4,15.04200268,73.99178314,,1.5,26-01-2024 12:00
274,26,1,2024,Goa,Humpback dolphin,,SA,3,2,4,15.04187202,73.99300385,,2,26-01-2024 00:00
274,25,1,2024,Goa,Humpback dolphin,,SA,3,2,4,15.04176044,73.99362946,,2.5,25-01-2024 12:00
274,25,1,2024,Goa,Humpback dolphin,,SA,3,2,4,15.04165745,73.9935379,,3,25-01-2024 00:00
274,24,1,2024,Goa,Humpback dolphin,,SA,3,2,4,15.04156113,73.9943924,,3.5,24-01-2024 12:00
274,24,1,2024,Goa,Humpback dolphin,,SA,3,2,4,15.04146957,73.99402618,,4,24-01-2024 00:00
276,20,1,2024,Goa,Humpback dolphin,M,A,3,3,5,15.5612067,73.74873617,,0,20-01-2024 00:00
276,19,1,2024,Goa,Humpback dolphin,,A,3,3,5,15.55966854,73.74771118,,0.5,19-01-2024 12:00
276,19,1,2024,Goa,Humpback dolphin,,A,3,3,5,15.55785275,73.74425507,,1,19-01-2024 00:00
276,18,1,2024,Goa,Humpback dolphin,,A,3,3,5,15.55564308,73.74184418,,1.5,18-01-2024 12:00
276,18,1,2024,Goa,Humpback dolphin,,A,3,3,5,15.55288887,73.73630524,,2,18-01-2024 00:00
276,17,1,2024,Goa,Humpback dolphin,,A,3,3,5,15.54943943,73.73291016,,2.5,17-01-2024 12:00
276,17,1,2024,Goa,Humpback dolphin,,A,3,3,5,15.54490662,73.72283173,,3,17-01-2024 00:00
276,16,1,2024,Goa,Humpback dolphin,,A,3,3,5,15.53874874,73.71563721,,3.5,16-01-2024 12:00
276,16,1,2024,Goa,Humpback dolphin,,A,3,3,5,15.52981567,73.69546509,,4,16-01-2024 00:00
276,15,1,2024,Goa,Humpback dolphin,,A,3,3,5,15.51642895,73.6811142,,4.5,15-01-2024 12:00
276,15,1,2024,Goa,Humpback dolphin,,A,3,3,5,15.49111176,73.64792633,,5,15-01-2024 00:00
277,19,1,2024,Goa,Indo-Pacific finless porpoise,,A,3,3,5,15.17691976,73.9396314,,0,19-01-2024 00:00
277,18,1,2024,Goa,Indo-Pacific finless porpoise,,A,3,3,5,15.17152691,73.93556976,,0.5,18-01-2024 12:00
277,18,1,2024,Goa,Indo-Pacific finless porpoise,,A,3,3,5,15.16480064,73.91920471,,1,18-01-2024 00:00
277,17,1,2024,Goa,Indo-Pacific finless porpoise,,A,3,3,5,15.15677547,73.91320038,,1.5,17-01-2024 12:00
277,17,1,2024,Goa,Indo-Pacific finless porpoise,,A,3,3,5,15.14815331,73.8956604,,2,17-01-2024 00:00
277,16,1,2024,Goa,Indo-Pacific finless porpoise,,A,3,3,5,15.13878822,73.89258575,,2.5,16-01-2024 12:00
277,16,1,2024,Goa,Indo-Pacific finless porpoise,,A,3,3,5,15.12849808,73.88156128,,3,16-01-2024 00:00
277,15,1,2024,Goa,Indo-Pacific finless porpoise,,A,3,3,5,15.11715317,73.87846375,,3.5,15-01-2024 12:00
277,15,1,2024,Goa,Indo-Pacific finless porpoise,,A,3,3,5,15.10464668,73.86212158,,4,15-01-2024 00:00
277,14,1,2024,Goa,Indo-Pacific finless porpoise,,A,3,3,5,15.0905714,73.85740662,,4.5,14-01-2024 12:00
277,14,1,2024,Goa,Indo-Pacific finless porpoise,,A,3,3,5,15.0742197,73.83992767,,5,14-01-2024 00:00
281,16,12,2023,Goa,Indo-Pacific finless porpoise,,,3,3,4,15.29374857,73.90747058,,0,16-12-2023 00:00
281,15,12,2023,Goa,Indo-Pacific finless porpoise,,,3,3,4,15.29401875,73.90701294,,0.5,15-12-2023 12:00
281,15,12,2023,Goa,Indo-Pacific finless porpoise,,,3,3,4,15.29428577,73.9077301,,1,15-12-2023 00:00
281,14,12,2023,Goa,Indo-Pacific finless porpoise,,,3,3,4,15.29452324,73.90985107,,1.5,14-12-2023 12:00
281,14,12,2023,Goa,Indo-Pacific finless porpoise,,,3,3,4,15.29471684,73.91184998,,2,14-12-2023 00:00
281,13,12,2023,Goa,Indo-Pacific finless porpoise,,,3,3,4,15.2948761,73.91312408,,2.5,13-12-2023 12:00
281,13,12,2023,Goa,Indo-Pacific finless porpoise,,,3,3,4,15.29500961,73.91430664,,3,13-12-2023 00:00
281,12,12,2023,Goa,Indo-Pacific finless porpoise,,,3,3,4,15.29512691,73.91448975,,3.5,12-12-2023 12:00
281,12,12,2023,Goa,Indo-Pacific finless porpoise,,,3,3,4,15.29525375,73.91355896,,4,12-12-2023 00:00
283,6,12,2023,Goa,Humpback dolphin,,,5,30,60,15.36998047,73.86239535,,0,06-12-2023 00:00
283,5,12,2023,Goa,Humpback dolphin,,,5,30,60,15.37060261,73.862854,,0.5,05-12-2023 12:00
283,5,12,2023,Goa,Humpback dolphin,,,5,30,60,15.37123394,73.85804749,,1,05-12-2023 00:00
283,4,12,2023,Goa,Humpback dolphin,,,5,30,60,15.37187672,73.85804749,,1.5,04-12-2023 12:00
283,4,12,2023,Goa,Humpback dolphin,,,5,30,60,15.37251759,73.85585022,,2,04-12-2023 00:00
283,3,12,2023,Goa,Humpback dolphin,,,5,30,60,15.37313938,73.85864258,,2.5,03-12-2023 12:00
283,3,12,2023,Goa,Humpback dolphin,,,5,30,60,15.37373161,73.85882568,,3,03-12-2023 00:00
283,2,12,2023,Goa,Humpback dolphin,,,5,30,60,15.37431145,73.85864258,,3.5,02-12-2023 12:00
283,2,12,2023,Goa,Humpback dolphin,,,5,30,60,15.37489223,73.8558197,,4,02-12-2023 00:00
283,1,12,2023,Goa,Humpback dolphin,,,5,30,60,15.37548256,73.85380554,,4.5,01-12-2023 12:00
283,1,12,2023,Goa,Humpback dolphin,,,5,30,60,15.37607002,73.85298157,,5,01-12-2023 00:00
283,30,11,2023,Goa,Humpback dolphin,,,5,30,60,15.37663651,73.85533142,,5.5,30-11-2023 12:00
283,30,11,2023,Goa,Humpback dolphin,,,5,30,60,15.37718582,73.85423279,,6,30-11-2023 00:00
283,29,11,2023,Goa,Humpback dolphin,,,5,30,60,15.37773514,73.85249329,,6.5,29-11-2023 12:00
283,29,11,2023,Goa,Humpback dolphin,,,5,30,60,15.37828445,73.85020447,,7,29-11-2023 00:00
283,28,11,2023,Goa,Humpback dolphin,,,5,30,60,15.37884045,73.84754181,,7.5,28-11-2023 12:00
283,28,11,2023,Goa,Humpback dolphin,,,5,30,60,15.3793993,73.84616852,,8,28-11-2023 00:00
283,27,11,2023,Goa,Humpback dolphin,,,5,30,60,15.37994385,73.84671783,,8.5,27-11-2023 12:00
283,27,11,2023,Goa,Humpback dolphin,,,5,30,60,15.38047504,73.84598541,,9,27-11-2023 00:00
283,26,11,2023,Goa,Humpback dolphin,,,5,30,60,15.38097477,73.85152435,,9.5,26-11-2023 12:00
283,26,11,2023,Goa,Humpback dolphin,,,5,30,60,15.38143349,73.85437775,,10,26-11-2023 00:00
283,25,11,2023,Goa,Humpback dolphin,,,5,30,60,15.3818655,73.85675812,,10.5,25-11-2023 12:00
283,25,11,2023,Goa,Humpback dolphin,,,5,30,60,15.38227844,73.85593414,,11,25-11-2023 00:00
283,24,11,2023,Goa,Humpback dolphin,,,5,30,60,15.38268089,73.85801697,,11.5,24-11-2023 12:00
283,24,11,2023,Goa,Humpback dolphin,,,5,30,60,15.38306999,73.85600281,,12,24-11-2023 00:00
283,23,11,2023,Goa,Humpback dolphin,,,5,30,60,15.38345146,73.85864258,,12.5,23-11-2023 12:00
283,23,11,2023,Goa,Humpback dolphin,,,5,30,60,15.383811,73.86075592,,13,23-11-2023 00:00
283,22,11,2023,Goa,Humpback dolphin,,,5,30,60,15.38415527,73.86075592,,13.5,22-11-2023 12:00
283,22,11,2023,Goa,Humpback dolphin,,,5,30,60,15.38449955,73.85811615,,14,22-11-2023 00:00
283,21,11,2023,Goa,Humpback dolphin,,,5,30,60,15.38484383,73.85774994,,14.5,21-11-2023 12:00
283,21,11,2023,Goa,Humpback dolphin,,,5,30,60,15.38518333,73.8580246,,15,21-11-2023 00:00
283,20,11,2023,Goa,Humpback dolphin,,,5,30,60,15.3855114,73.85914612,,15.5,20-11-2023 12:00
283,20,11,2023,Goa,Humpback dolphin,,,5,30,60,15.38582611,73.86043549,,16,20-11-2023 00:00
283,19,11,2023,Goa,Humpback dolphin,,,5,30,60,15.38612843,73.86125946,,16.5,19-11-2023 12:00
283,19,11,2023,Goa,Humpback dolphin,,,5,30,60,15.38642406,73.86125946,,17,19-11-2023 00:00
283,18,11,2023,Goa,Humpback dolphin,,,5,30,60,15.38670826,73.86263275,,17.5,18-11-2023 12:00
283,18,11,2023,Goa,Humpback dolphin,,,5,30,60,15.38698483,73.8608017,,18,18-11-2023 00:00
283,17,11,2023,Goa,Humpback dolphin,,,5,30,60,15.38726044,73.86116791,,18.5,17-11-2023 12:00
283,17,11,2023,Goa,Humpback dolphin,,,5,30,60,15.38752937,73.86180878,,19,17-11-2023 00:00
283,16,11,2023,Goa,Humpback dolphin,,,5,30,60,15.38779259,73.86153412,,19.5,16-11-2023 12:00
283,16,11,2023,Goa,Humpback dolphin,,,5,30,60,15.38805103,73.86125946,,20,16-11-2023 00:00
283,15,11,2023,Goa,Humpback dolphin,,,5,30,60,15.3883028,73.86034393,,20.5,15-11-2023 12:00
283,15,11,2023,Goa,Humpback dolphin,,,5,30,60,15.38855457,73.85878754,,21,15-11-2023 00:00
283,14,11,2023,Goa,Humpback dolphin,,,5,30,60,15.38880634,73.85842133,,21.5,14-11-2023 12:00
283,14,11,2023,Goa,Humpback dolphin,,,5,30,60,15.38905811,73.85741425,,22,14-11-2023 00:00
283,13,11,2023,Goa,Humpback dolphin,,,5,30,60,15.38930225,73.8588562,,22.5,13-11-2023 12:00
283,13,11,2023,Goa,Humpback dolphin,,,5,30,60,15.38953781,73.85913086,,23,13-11-2023 00:00
283,12,11,2023,Goa,Humpback dolphin,,,5,30,60,15.38976669,73.85993958,,23.5,12-11-2023 12:00
283,12,11,2023,Goa,Humpback dolphin,,,5,30,60,15.38998508,73.86058044,,24,12-11-2023 00:00
283,11,11,2023,Goa,Humpback dolphin,,,5,30,60,15.39019775,73.86158752,,24.5,11-11-2023 12:00
283,11,11,2023,Goa,Humpback dolphin,,,5,30,60,15.39040279,73.86286926,,25,11-11-2023 00:00
283,10,11,2023,Goa,Humpback dolphin,,,5,30,60,15.39059734,73.86341858,,25.5,10-11-2023 12:00
283,10,11,2023,Goa,Humpback dolphin,,,5,30,60,15.39078808,73.86442566,,26,10-11-2023 00:00
283,9,11,2023,Goa,Humpback dolphin,,,5,30,60,15.39097118,73.86515808,,26.5,09-11-2023 12:00
283,9,11,2023,Goa,Humpback dolphin,,,5,30,60,15.39115143,73.86524963,,27,09-11-2023 00:00
283,8,11,2023,Goa,Humpback dolphin,,,5,30,60,15.39132309,73.86616516,,27.5,08-11-2023 12:00
283,8,11,2023,Goa,Humpback dolphin,,,5,30,60,15.39149475,73.86561584,,28,08-11-2023 00:00
283,7,11,2023,Goa,Humpback dolphin,,,5,30,60,15.39166546,73.86543274,,28.5,07-11-2023 12:00
283,7,11,2023,Goa,Humpback dolphin,,,5,30,60,15.39183426,73.864151,,29,07-11-2023 00:00
283,6,11,2023,Goa,Humpback dolphin,,,5,30,60,15.39199543,73.86434937,,29.5,06-11-2023 12:00
283,6,11,2023,Goa,Humpback dolphin,,,5,30,60,15.39215565,73.86398315,,30,06-11-2023 00:00
283,5,11,2023,Goa,Humpback dolphin,,,5,30,60,15.39231586,73.86434937,,30.5,05-11-2023 12:00
283,5,11,2023,Goa,Humpback dolphin,,,5,30,60,15.39247036,73.86416626,,31,05-11-2023 00:00
283,4,11,2023,Goa,Humpback dolphin,,,5,30,60,15.39261913,73.86499023,,31.5,04-11-2023 12:00
283,4,11,2023,Goa,Humpback dolphin,,,5,30,60,15.39276791,73.8656311,,32,04-11-2023 00:00
283,3,11,2023,Goa,Humpback dolphin,,,5,30,60,15.39290619,73.86645508,,32.5,03-11-2023 12:00
283,3,11,2023,Goa,Humpback dolphin,,,5,30,60,15.39304352,73.8656311,,33,03-11-2023 00:00
283,2,11,2023,Goa,Humpback dolphin,,,5,30,60,15.39318085,73.86581421,,33.5,02-11-2023 12:00
283,2,11,2023,Goa,Humpback dolphin,,,5,30,60,15.39331818,73.86526489,,34,02-11-2023 00:00
283,1,11,2023,Goa,Humpback dolphin,,,5,30,60,15.39344883,73.86581421,,34.5,01-11-2023 12:00
283,1,11,2023,Goa,Humpback dolphin,,,5,30,60,15.39357471,73.86526489,,35,01-11-2023 00:00
283,31,10,2023,Goa,Humpback dolphin,,,5,30,60,15.3937006,73.8656311,,35.5,31-10-2023 12:00
283,31,10,2023,Goa,Humpback dolphin,,,5,30,60,15.39382648,73.86654663,,36,31-10-2023 00:00
283,30,10,2023,Goa,Humpback dolphin,,,5,30,60,15.39394093,73.8671875,,36.5,30-10-2023 12:00
283,30,10,2023,Goa,Humpback dolphin,,,5,30,60,15.39405537,73.86682129,,37,30-10-2023 00:00
283,29,10,2023,Goa,Humpback dolphin,,,5,30,60,15.39416981,73.86727905,,37.5,29-10-2023 12:00
283,29,10,2023,Goa,Humpback dolphin,,,5,30,60,15.39428425,73.86636353,,38,29-10-2023 00:00
283,28,10,2023,Goa,Humpback dolphin,,,5,30,60,15.39439774,73.86691284,,38.5,28-10-2023 12:00
283,28,10,2023,Goa,Humpback dolphin,,,5,30,60,15.39450073,73.86727905,,39,28-10-2023 00:00
283,27,10,2023,Goa,Humpback dolphin,,,5,30,60,15.39460373,73.86837769,,39.5,27-10-2023 12:00
283,27,10,2023,Goa,Humpback dolphin,,,5,30,60,15.39470673,73.86938477,,40,27-10-2023 00:00
283,26,10,2023,Goa,Humpback dolphin,,,5,30,60,15.39479923,73.87030029,,40.5,26-10-2023 12:00
283,26,10,2023,Goa,Humpback dolphin,,,5,30,60,15.39489079,73.87020874,,41,26-10-2023 00:00
283,25,10,2023,Goa,Humpback dolphin,,,5,30,60,15.39498234,73.8706131,,41.5,25-10-2023 12:00
283,25,10,2023,Goa,Humpback dolphin,,,5,30,60,15.39507389,73.87024689,,42,25-10-2023 00:00
283,24,10,2023,Goa,Humpback dolphin,,,5,30,60,15.39516544,73.8707962,,42.5,24-10-2023 12:00
283,24,10,2023,Goa,Humpback dolphin,,,5,30,60,15.395257,73.87033844,,43,24-10-2023 00:00
283,23,10,2023,Goa,Humpback dolphin,,,5,30,60,15.3953371,73.87068176,,43.5,23-10-2023 12:00
283,23,10,2023,Goa,Humpback dolphin,,,5,30,60,15.39541721,73.8704071,,44,23-10-2023 00:00
283,22,10,2023,Goa,Humpback dolphin,,,5,30,60,15.39549732,73.87059021,,44.5,22-10-2023 12:00
283,22,10,2023,Goa,Humpback dolphin,,,5,30,60,15.39557743,73.86976624,,45,22-10-2023 00:00
283,21,10,2023,Goa,Humpback dolphin,,,5,30,60,15.39565754,73.86958313,,45.5,21-10-2023 12:00
283,21,10,2023,Goa,Humpback dolphin,,,5,30,60,15.39573765,73.86917877,,46,21-10-2023 00:00
283,20,10,2023,Goa,Humpback dolphin,,,5,30,60,15.39581776,73.86954498,,46.5,20-10-2023 12:00
283,20,10,2023,Goa,Humpback dolphin,,,5,30,60,15.39589787,73.86917877,,47,20-10-2023 00:00
283,19,10,2023,Goa,Humpback dolphin,,,5,30,60,15.39597797,73.86917877,,47.5,19-10-2023 12:00
283,19,10,2023,Goa,Humpback dolphin,,,5,30,60,15.39604759,73.86899567,,48,19-10-2023 00:00
283,18,10,2023,Goa,Humpback dolphin,,,5,30,60,15.39611626,73.86954498,,48.5,18-10-2023 12:00
283,18,10,2023,Goa,Humpback dolphin,,,5,30,60,15.39618492,73.86945343,,49,18-10-2023 00:00
283,17,10,2023,Goa,Humpback dolphin,,,5,30,60,15.39625359,73.87016296,,49.5,17-10-2023 12:00
283,17,10,2023,Goa,Humpback dolphin,,,5,30,60,15.39632225,73.87007141,,50,17-10-2023 00:00
283,16,10,2023,Goa,Humpback dolphin,,,5,30,60,15.39639091,73.87071228,,50.5,16-10-2023 12:00
283,16,10,2023,Goa,Humpback dolphin,,,5,30,60,15.39645958,73.87071228,,51,16-10-2023 00:00
283,15,10,2023,Goa,Humpback dolphin,,,5,30,60,15.39652157,73.87107849,,51.5,15-10-2023 12:00
283,15,10,2023,Goa,Humpback dolphin,,,5,30,60,15.39657879,73.87071228,,52,15-10-2023 00:00
283,14,10,2023,Goa,Humpback dolphin,,,5,30,60,15.39663601,73.87062073,,52.5,14-10-2023 12:00
283,14,10,2023,Goa,Humpback dolphin,,,5,30,60,15.39669323,73.87034607,,53,14-10-2023 00:00
283,13,10,2023,Goa,Humpback dolphin,,,5,30,60,15.39675045,73.87072754,,53.5,13-10-2023 12:00
283,13,10,2023,Goa,Humpback dolphin,,,5,30,60,15.39680767,73.87091064,,54,13-10-2023 00:00
283,12,10,2023,Goa,Humpback dolphin,,,5,30,60,15.39686489,73.87145996,,54.5,12-10-2023 12:00
283,12,10,2023,Goa,Humpback dolphin,,,5,30,60,15.39692211,73.87145996,,55,12-10-2023 00:00
283,11,10,2023,Goa,Humpback dolphin,,,5,30,60,15.39697933,73.87173462,,55.5,11-10-2023 12:00
283,11,10,2023,Goa,Humpback dolphin,,,5,30,60,15.39703655,73.87182617,,56,11-10-2023 00:00
283,10,10,2023,Goa,Humpback dolphin,,,5,30,60,15.39708805,73.87182617,,56.5,10-10-2023 12:00
283,10,10,2023,Goa,Humpback dolphin,,,5,30,60,15.39713383,73.87164307,,57,10-10-2023 00:00
283,9,10,2023,Goa,Humpback dolphin,,,5,30,60,15.3971796,73.87191772,,57.5,09-10-2023 12:00
283,9,10,2023,Goa,Humpback dolphin,,,5,30,60,15.39722538,73.87182617,,58,09-10-2023 00:00
283,8,10,2023,Goa,Humpback dolphin,,,5,30,60,15.39727116,73.87210083,,58.5,08-10-2023 12:00
283,8,10,2023,Goa,Humpback dolphin,,,5,30,60,15.39731693,73.87219238,,59,08-10-2023 00:00
283,7,10,2023,Goa,Humpback dolphin,,,5,30,60,15.39736271,73.87246704,,59.5,07-10-2023 12:00
283,7,10,2023,Goa,Humpback dolphin,,,5,30,60,15.39740849,73.87228394,,60,07-10-2023 00:00
284,5,12,2023,Goa,Humpback dolphin,,,4,5,7,15.33277835,73.89363613,,0,05-12-2023 00:00
284,4,12,2023,Goa,Humpback dolphin,,,4,5,7,15.33333874,73.89354706,,0.5,04-12-2023 12:00
284,4,12,2023,Goa,Humpback dolphin,,,4,5,7,15.33391094,73.89189911,,1,04-12-2023 00:00
284,3,12,2023,Goa,Humpback dolphin,,,4,5,7,15.33447361,73.89402008,,1.5,03-12-2023 12:00
284,3,12,2023,Goa,Humpback dolphin,,,4,5,7,15.33501148,73.89411163,,2,03-12-2023 00:00
284,2,12,2023,Goa,Humpback dolphin,,,4,5,7,15.33554935,73.89402008,,2.5,02-12-2023 12:00
284,2,12,2023,Goa,Humpback dolphin,,,4,5,7,15.33610344,73.89177704,,3,02-12-2023 00:00
284,1,12,2023,Goa,Humpback dolphin,,,4,5,7,15.33669281,73.89022827,,3.5,01-12-2023 12:00
284,1,12,2023,Goa,Humpback dolphin,,,4,5,7,15.33730125,73.88942719,,4,01-12-2023 00:00
284,30,11,2023,Goa,Humpback dolphin,,,4,5,7,15.33789063,73.89154053,,4.5,30-11-2023 12:00
284,30,11,2023,Goa,Humpback dolphin,,,4,5,7,15.3384676,73.89044189,,5,30-11-2023 00:00
284,29,11,2023,Goa,Humpback dolphin,,,4,5,7,15.33906555,73.88890076,,5.5,29-11-2023 12:00
284,29,11,2023,Goa,Humpback dolphin,,,4,5,7,15.33969498,73.88678741,,6,29-11-2023 00:00
284,28,11,2023,Goa,Humpback dolphin,,,4,5,7,15.34036827,73.8839035,,6.5,28-11-2023 12:00
284,28,11,2023,Goa,Humpback dolphin,,,4,5,7,15.3410778,73.88243866,,7,28-11-2023 00:00
285,23,11,2023,Goa,Indo-Pacific finless porpoise,,,2,0.5,1,15.24884893,73.92088648,,0,23-11-2023 00:00
285,22,11,2023,Goa,Indo-Pacific finless porpoise,,,2,0.5,1,15.24763584,73.92179871,,0.5,22-11-2023 12:00
285,22,11,2023,Goa,Indo-Pacific finless porpoise,,,2,0.5,1,15.24640179,73.91244507,,1,22-11-2023 00:00
287,21,11,2023,Goa,Indo-Pacific finless porpoise,,,3,2,4,15.36994827,73.83303144,,0,21-11-2023 00:00
287,20,11,2023,Goa,Indo-Pacific finless porpoise,,,3,2,4,15.37063313,73.83651733,,0.5,20-11-2023 12:00
287,20,11,2023,Goa,Indo-Pacific finless porpoise,,,3,2,4,15.37142467,73.84017181,,1,20-11-2023 00:00
287,19,11,2023,Goa,Indo-Pacific finless porpoise,,,3,2,4,15.37223148,73.84240723,,1.5,19-11-2023 12:00
287,19,11,2023,Goa,Indo-Pacific finless porpoise,,,3,2,4,15.37300587,73.84240723,,2,19-11-2023 00:00
287,18,11,2023,Goa,Indo-Pacific finless porpoise,,,3,2,4,15.3737402,73.84597015,,2.5,18-11-2023 12:00
287,18,11,2023,Goa,Indo-Pacific finless porpoise,,,3,2,4,15.37446117,73.8412323,,3,18-11-2023 00:00
287,17,11,2023,Goa,Indo-Pacific finless porpoise,,,3,2,4,15.37518024,73.84223938,,3.5,17-11-2023 12:00
287,17,11,2023,Goa,Indo-Pacific finless porpoise,,,3,2,4,15.37586689,73.84389496,,4,17-11-2023 00:00
289,9,11,2023,Goa,Humpback dolphin,F,A,2,0.5,1,15.20610432,73.93266907,,0,09-11-2023 00:00
289,8,11,2023,Goa,Humpback dolphin,,A,2,0.5,1,15.20254612,73.93572235,,0.5,08-11-2023 12:00
289,8,11,2023,Goa,Humpback dolphin,,A,2,0.5,1,15.19859982,73.9274826,,1,08-11-2023 00:00
290,7,11,2023,Goa,Humpback dolphin,,,3,2,4,15.1571974,73.94493185,,0,07-11-2023 00:00
290,6,11,2023,Goa,Humpback dolphin,,,3,2,4,15.15121365,73.94536591,,0.5,06-11-2023 12:00
290,6,11,2023,Goa,Humpback dolphin,,,3,2,4,15.14492226,73.9466629,,1,06-11-2023 00:00
290,5,11,2023,Goa,Humpback dolphin,,,3,2,4,15.13814068,73.94433594,,1.5,05-11-2023 12:00
290,5,11,2023,Goa,Humpback dolphin,,,3,2,4,15.13057327,73.94200134,,2,05-11-2023 00:00
290,4,11,2023,Goa,Humpback dolphin,,,3,2,4,15.12250423,73.94489288,,2.5,04-11-2023 12:00
290,4,11,2023,Goa,Humpback dolphin,,,3,2,4,15.11481476,73.95298004,,3,04-11-2023 00:00
290,3,11,2023,Goa,Humpback dolphin,,,3,2,4,15.10793781,73.95755005,,3.5,03-11-2023 12:00
290,3,11,2023,Goa,Humpback dolphin,,,3,2,4,15.10131836,73.95774841,,4,03-11-2023 00:00
293,1,11,2023,Goa,Humpback dolphin,,,3,2,3,15.49931807,73.76740638,,0,01-11-2023 00:00
293,31,10,2023,Goa,Humpback dolphin,,,3,2,3,15.50170231,73.77078247,,0.5,31-10-2023 12:00
293,31,10,2023,Goa,Humpback dolphin,,,3,2,3,15.50385761,73.77442169,,1,31-10-2023 00:00
293,30,10,2023,Goa,Humpback dolphin,,,3,2,3,15.50579357,73.77855682,,1.5,30-10-2023 12:00
293,30,10,2023,Goa,Humpback dolphin,,,3,2,3,15.50764561,73.77407074,,2,30-10-2023 00:00
293,29,10,2023,Goa,Humpback dolphin,,,3,2,3,15.50944233,73.77653503,,2.5,29-10-2023 12:00
293,29,10,2023,Goa,Humpback dolphin,,,3,2,3,15.51120281,73.77043152,,3,29-10-2023 00:00
300,12,10,2023,Goa,Humpback dolphin,F,A,2,1,2,15.1571974,73.94493185,,0,12-10-2023 00:00
300,11,10,2023,Goa,Humpback dolphin,,A,2,1,2,15.15107536,73.94291687,,0.5,11-10-2023 12:00
300,11,10,2023,Goa,Humpback dolphin,,A,2,1,2,15.14485359,73.95027924,,1,11-10-2023 00:00
300,10,10,2023,Goa,Humpback dolphin,,A,2,1,2,15.1390686,73.95622253,,1.5,10-10-2023 12:00
300,10,10,2023,Goa,Humpback dolphin,,A,2,1,2,15.13318348,73.95393372,,2,10-10-2023 00:00
304,18,9,2023,Goa,Humpback dolphin,,,4,6,8,15.04260833,73.98591921,,0,18-09-2023 00:00
304,17,9,2023,Goa,Humpback dolphin,,,4,6,8,15.04234123,73.98647308,,0.5,17-09-2023 12:00
304,17,9,2023,Goa,Humpback dolphin,,,4,6,8,15.04207897,73.98485565,,1,17-09-2023 00:00
304,16,9,2023,Goa,Humpback dolphin,,,4,6,8,15.04180527,73.98394012,,1.5,16-09-2023 12:00
304,16,9,2023,Goa,Humpback dolphin,,,4,6,8,15.04153061,73.98225403,,2,16-09-2023 00:00
304,15,9,2023,Goa,Humpback dolphin,,,4,6,8,15.04124641,73.98018646,,2.5,15-09-2023 12:00
304,15,9,2023,Goa,Humpback dolphin,,,4,6,8,15.04094601,73.97665405,,3,15-09-2023 00:00
304,14,9,2023,Goa,Humpback dolphin,,,4,6,8,15.04063702,73.97438812,,3.5,14-09-2023 12:00
304,14,9,2023,Goa,Humpback dolphin,,,4,6,8,15.04033184,73.97291565,,4,14-09-2023 00:00
304,13,9,2023,Goa,Humpback dolphin,,,4,6,8,15.04004765,73.97273254,,4.5,13-09-2023 12:00
304,13,9,2023,Goa,Humpback dolphin,,,4,6,8,15.03976345,73.96997833,,5,13-09-2023 00:00
304,12,9,2023,Goa,Humpback dolphin,,,4,6,8,15.03944302,73.9680481,,5.5,12-09-2023 12:00
304,12,9,2023,Goa,Humpback dolphin,,,4,6,8,15.03905201,73.95871735,,6,12-09-2023 00:00
304,11,9,2023,Goa,Humpback dolphin,,,4,6,8,15.03858662,73.9573288,,6.5,11-09-2023 12:00
304,11,9,2023,Goa,Humpback dolphin,,,4,6,8,15.03805065,73.94886017,,7,11-09-2023 00:00
304,10,9,2023,Goa,Humpback dolphin,,,4,6,8,15.03742695,73.94487762,,7.5,10-09-2023 12:00
304,10,9,2023,Goa,Humpback dolphin,,,4,6,8,15.03669357,73.93288422,,8,10-09-2023 00:00
306,17,9,2023,Goa,Humpback dolphin,,,4,6,9,15.35284217,73.8845562,,0,17-09-2023 00:00
306,16,9,2023,Goa,Humpback dolphin,,,4,6,9,15.35341454,73.88492584,,0.5,16-09-2023 12:00
306,16,9,2023,Goa,Humpback dolphin,,,4,6,9,15.354002,73.88208008,,1,16-09-2023 00:00
306,15,9,2023,Goa,Humpback dolphin,,,4,6,9,15.35460663,73.88226318,,1.5,15-09-2023 12:00
306,15,9,2023,Goa,Humpback dolphin,,,4,6,9,15.35522461,73.87955475,,2,15-09-2023 00:00
306,14,9,2023,Goa,Humpback dolphin,,,4,6,9,15.3558569,73.8794632,,2.5,14-09-2023 12:00
306,14,9,2023,Goa,Humpback dolphin,,,4,6,9,15.35649872,73.87770081,,3,14-09-2023 00:00
306,13,9,2023,Goa,Humpback dolphin,,,4,6,9,15.35712624,73.88040161,,3.5,13-09-2023 12:00
306,13,9,2023,Goa,Humpback dolphin,,,4,6,9,15.35774517,73.87807465,,4,13-09-2023 00:00
306,12,9,2023,Goa,Humpback dolphin,,,4,6,9,15.3583746,73.87807465,,4.5,12-09-2023 12:00
306,12,9,2023,Goa,Humpback dolphin,,,4,6,9,15.35904408,73.87188721,,5,12-09-2023 00:00
306,11,9,2023,Goa,Humpback dolphin,,,4,6,9,15.35974216,73.87334442,,5.5,11-09-2023 12:00
306,11,9,2023,Goa,Humpback dolphin,,,4,6,9,15.3604517,73.86893463,,6,11-09-2023 00:00
306,10,9,2023,Goa,Humpback dolphin,,,4,6,9,15.36117744,73.86942291,,6.5,10-09-2023 12:00
306,10,9,2023,Goa,Humpback dolphin,,,4,6,9,15.36191082,73.86587524,,7,10-09-2023 00:00
306,9,9,2023,Goa,Humpback dolphin,,,4,6,9,15.36266994,73.86376953,,7.5,09-09-2023 12:00
306,9,9,2023,Goa,Humpback dolphin,,,4,6,9,15.36347103,73.85712433,,8,09-09-2023 00:00
306,8,9,2023,Goa,Humpback dolphin,,,4,6,9,15.3643446,73.8498764,,8.5,08-09-2023 12:00
306,8,9,2023,Goa,Humpback dolphin,,,4,6,9,15.36530876,73.83956909,,9,08-09-2023 00:00
308,16,9,2023,Goa,Indo-Pacific finless porpoise,,,3,2,3,15.27976895,73.91194528,,0,16-09-2023 00:00
308,15,9,2023,Goa,Indo-Pacific finless porpoise,,,3,2,3,15.27992344,73.91148376,,0.5,15-09-2023 12:00
308,15,9,2023,Goa,Indo-Pacific finless porpoise,,,3,2,3,15.28010082,73.91017914,,1,15-09-2023 00:00
308,14,9,2023,Goa,Indo-Pacific finless porpoise,,,3,2,3,15.28029823,73.9095459,,1.5,14-09-2023 12:00
308,14,9,2023,Goa,Indo-Pacific finless porpoise,,,3,2,3,15.28051376,73.9083252,,2,14-09-2023 00:00
308,13,9,2023,Goa,Indo-Pacific finless porpoise,,,3,2,3,15.28074169,73.90859985,,2.5,13-09-2023 12:00
308,13,9,2023,Goa,Indo-Pacific finless porpoise,,,3,2,3,15.28098011,73.90695953,,3,13-09-2023 00:00
311,16,9,2023,Goa,Indo-Pacific finless porpoise,,,3,3,5,,,,0,16-09-2023 00:00
311,15,9,2023,Goa,Indo-Pacific finless porpoise,,,3,3,5,,,,0.5,15-09-2023 12:00
311,15,9,2023,Goa,Indo-Pacific finless porpoise,,,3,3,5,,,,1,15-09-2023 00:00
311,14,9,2023,Goa,Indo-Pacific finless porpoise,,,3,3,5,,,,1.5,14-09-2023 12:00
311,14,9,2023,Goa,Indo-Pacific finless porpoise,,,3,3,5,,,,2,14-09-2023 00:00
311,13,9,2023,Goa,Indo-Pacific finless porpoise,,,3,3,5,,,,2.5,13-09-2023 12:00
311,13,9,2023,Goa,Indo-Pacific finless porpoise,,,3,3,5,,,,3,13-09-2023 00:00
311,12,9,2023,Goa,Indo-Pacific finless porpoise,,,3,3,5,,,,3.5,12-09-2023 12:00
311,12,9,2023,Goa,Indo-Pacific finless porpoise,,,3,3,5,,,,4,12-09-2023 00:00
311,11,9,2023,Goa,Indo-Pacific finless porpoise,,,3,3,5,,,,4.5,11-09-2023 12:00
311,11,9,2023,Goa,Indo-Pacific finless porpoise,,,3,3,5,,,,5,11-09-2023 00:00
312,16,9,2023,Goa,Indo-Pacific finless porpoise,,,3,2,4,15.27976895,73.91194528,,0,16-09-2023 00:00
312,15,9,2023,Goa,Indo-Pacific finless porpoise,,,3,2,4,15.27992344,73.91148376,,0.5,15-09-2023 12:00
312,15,9,2023,Goa,Indo-Pacific finless porpoise,,,3,2,4,15.28010082,73.91017914,,1,15-09-2023 00:00
312,14,9,2023,Goa,Indo-Pacific finless porpoise,,,3,2,4,15.28029823,73.9095459,,1.5,14-09-2023 12:00
312,14,9,2023,Goa,Indo-Pacific finless porpoise,,,3,2,4,15.28051376,73.9083252,,2,14-09-2023 00:00
312,13,9,2023,Goa,Indo-Pacific finless porpoise,,,3,2,4,15.28074169,73.90859985,,2.5,13-09-2023 12:00
312,13,9,2023,Goa,Indo-Pacific finless porpoise,,,3,2,4,15.28098011,73.90695953,,3,13-09-2023 00:00
312,12,9,2023,Goa,Indo-Pacific finless porpoise,,,3,2,4,15.28124237,73.90622711,,3.5,12-09-2023 12:00
312,12,9,2023,Goa,Indo-Pacific finless porpoise,,,3,2,4,15.28154564,73.90274048,,4,12-09-2023 00:00
313,15,9,2023,Goa,Humpback dolphin,,C,3,2,3,15.64009083,73.71864797,,0,15-09-2023 00:00
313,14,9,2023,Goa,Humpback dolphin,,C,3,2,3,15.63800335,73.71688843,,0.5,14-09-2023 12:00
313,14,9,2023,Goa,Humpback dolphin,,C,3,2,3,15.63563824,73.71096802,,1,14-09-2023 00:00
313,13,9,2023,Goa,Humpback dolphin,,C,3,2,3,15.63302231,73.71118927,,1.5,13-09-2023 12:00
313,13,9,2023,Goa,Humpback dolphin,,C,3,2,3,15.63002491,73.70124817,,2,13-09-2023 00:00
313,12,9,2023,Goa,Humpback dolphin,,C,3,2,3,15.62650394,73.69863892,,2.5,12-09-2023 12:00
313,12,9,2023,Goa,Humpback dolphin,,C,3,2,3,15.62223721,73.68292999,,3,12-09-2023 00:00
314,15,9,2023,Goa,Indo-Pacific finless porpoise,,,2,1,2,15.20610432,73.93266907,,0,15-09-2023 00:00
314,14,9,2023,Goa,Indo-Pacific finless porpoise,,,2,1,2,15.20219898,73.92311096,,0.5,14-09-2023 12:00
314,14,9,2023,Goa,Indo-Pacific finless porpoise,,,2,1,2,15.19761181,73.91072845,,1,14-09-2023 00:00
314,13,9,2023,Goa,Indo-Pacific finless porpoise,,,2,1,2,15.19274807,73.90660858,,1.5,13-09-2023 12:00
314,13,9,2023,Goa,Indo-Pacific finless porpoise,,,2,1,2,15.18761921,73.89287567,,2,13-09-2023 00:00
315,15,9,2023,Goa,Humpback dolphin,M,,3,2,3,15.49931807,73.76740638,,0,15-09-2023 00:00
315,14,9,2023,Goa,Humpback dolphin,,,3,2,3,15.50187206,73.75871277,,0.5,14-09-2023 12:00
315,14,9,2023,Goa,Humpback dolphin,,,3,2,3,15.50235271,73.74491119,,1,14-09-2023 00:00
315,13,9,2023,Goa,Humpback dolphin,,,3,2,3,15.49991226,73.73706818,,1.5,13-09-2023 12:00
315,13,9,2023,Goa,Humpback dolphin,,,3,2,3,15.49219131,73.70588684,,2,13-09-2023 00:00
315,12,9,2023,Goa,Humpback dolphin,,,3,2,3,15.47626972,73.69071198,,2.5,12-09-2023 12:00
315,12,9,2023,Goa,Humpback dolphin,,,3,2,3,15.44204903,73.63227844,,3,12-09-2023 00:00
316,12,9,2023,Goa,Humpback dolphin,,,3,2,4,15.24884893,73.92088648,,0,12-09-2023 00:00
316,11,9,2023,Goa,Humpback dolphin,,,3,2,4,15.24763775,73.92216492,,0.5,11-09-2023 12:00
316,11,9,2023,Goa,Humpback dolphin,,,3,2,4,15.24640751,73.91181946,,1,11-09-2023 00:00
316,10,9,2023,Goa,Humpback dolphin,,,3,2,4,15.24522877,73.90834045,,1.5,10-09-2023 12:00
316,10,9,2023,Goa,Humpback dolphin,,,3,2,4,15.24412155,73.89657593,,2,10-09-2023 00:00
316,9,9,2023,Goa,Humpback dolphin,,,3,2,4,15.24309921,73.89105225,,2.5,09-09-2023 12:00
316,9,9,2023,Goa,Humpback dolphin,,,3,2,4,15.2421875,73.87613678,,3,09-09-2023 00:00
316,8,9,2023,Goa,Humpback dolphin,,,3,2,4,15.24147224,73.86006927,,3.5,08-09-2023 12:00
316,8,9,2023,Goa,Humpback dolphin,,,3,2,4,15.24099541,73.83933258,,4,08-09-2023 00:00
318,10,9,2023,Goa,Humpback dolphin,,,3,3,5,15.6598034,73.7429006,,0,10-09-2023 00:00
318,9,9,2023,Goa,Humpback dolphin,,,3,3,5,15.65920258,73.74216461,,0.5,09-09-2023 12:00
318,9,9,2023,Goa,Humpback dolphin,,,3,3,5,15.65852165,73.73855591,,1,09-09-2023 00:00
318,8,9,2023,Goa,Humpback dolphin,,,3,3,5,15.65768147,73.73386383,,1.5,08-09-2023 12:00
318,8,9,2023,Goa,Humpback dolphin,,,3,3,5,15.6566391,73.72823334,,2,08-09-2023 00:00
318,7,9,2023,Goa,Humpback dolphin,,,3,3,5,15.65532494,73.72040558,,2.5,07-09-2023 12:00
318,7,9,2023,Goa,Humpback dolphin,,,3,3,5,15.65366745,73.71234131,,3,07-09-2023 00:00
318,6,9,2023,Goa,Humpback dolphin,,,3,3,5,15.65170193,73.70778656,,3.5,06-09-2023 12:00
318,6,9,2023,Goa,Humpback dolphin,,,3,3,5,15.64941597,73.70032501,,4,06-09-2023 00:00
318,5,9,2023,Goa,Humpback dolphin,,,3,3,5,15.64686203,73.70005035,,4.5,05-09-2023 12:00
318,5,9,2023,Goa,Humpback dolphin,,,3,3,5,15.64413452,73.69770813,,5,05-09-2023 00:00
319,10,9,2023,Goa,Indo-Pacific finless porpoise,,,2,0.5,1,15.1854285,73.9472465,,0,10-09-2023 00:00
319,9,9,2023,Goa,Indo-Pacific finless porpoise,,,2,0.5,1,15.18118382,73.9417572,,0.5,09-09-2023 12:00
319,9,9,2023,Goa,Indo-Pacific finless porpoise,,,2,0.5,1,15.17595863,73.93001556,,1,09-09-2023 00:00
320,10,9,2023,Goa,Humpback dolphin,,,3,2,4,15.0455814,73.9888797,,0,10-09-2023 00:00
320,9,9,2023,Goa,Humpback dolphin,,,3,2,4,15.04521179,73.98697662,,0.5,09-09-2023 12:00
320,9,9,2023,Goa,Humpback dolphin,,,3,2,4,15.0447979,73.98458099,,1,09-09-2023 00:00
320,8,9,2023,Goa,Humpback dolphin,,,3,2,4,15.0443325,73.98141479,,1.5,08-09-2023 12:00
320,8,9,2023,Goa,Humpback dolphin,,,3,2,4,15.04380035,73.97668457,,2,08-09-2023 00:00
320,7,9,2023,Goa,Humpback dolphin,,,3,2,4,15.04320431,73.97196198,,2.5,07-09-2023 12:00
320,7,9,2023,Goa,Humpback dolphin,,,3,2,4,15.04254627,73.96488953,,3,07-09-2023 00:00
320,6,9,2023,Goa,Humpback dolphin,,,3,2,4,15.04187489,73.96168518,,3.5,06-09-2023 12:00
320,6,9,2023,Goa,Humpback dolphin,,,3,2,4,15.04120255,73.95206451,,4,06-09-2023 00:00
322,5,9,2023,Goa,Humpback dolphin,,,3,2,4,15.3224409,73.9063931,,0,05-09-2023 00:00
322,4,9,2023,Goa,Humpback dolphin,,,3,2,4,15.32276726,73.90602875,,0.5,04-09-2023 12:00
322,4,9,2023,Goa,Humpback dolphin,,,3,2,4,15.3231163,73.90435028,,1,04-09-2023 00:00
322,3,9,2023,Goa,Humpback dolphin,,,3,2,4,15.32347298,73.90526581,,1.5,03-09-2023 12:00
322,3,9,2023,Goa,Humpback dolphin,,,3,2,4,15.32384109,73.90325165,,2,03-09-2023 00:00
322,2,9,2023,Goa,Humpback dolphin,,,3,2,4,15.32423592,73.90288544,,2.5,02-09-2023 12:00
322,2,9,2023,Goa,Humpback dolphin,,,3,2,4,15.32468319,73.89835358,,3,02-09-2023 00:00
322,1,9,2023,Goa,Humpback dolphin,,,3,2,4,15.32517433,73.899086,,3.5,01-09-2023 12:00
322,1,9,2023,Goa,Humpback dolphin,,,3,2,4,15.32570648,73.8944931,,4,01-09-2023 00:00
323,26,8,2023,Goa,Indo-Pacific finless porpoise,,,4,4,6,15.1571974,73.94493185,,0,26-08-2023 00:00
323,25,8,2023,Goa,Indo-Pacific finless porpoise,,,4,4,6,15.15096474,73.94086456,,0.5,25-08-2023 12:00
323,25,8,2023,Goa,Indo-Pacific finless porpoise,,,4,4,6,15.14322472,73.92707825,,1,25-08-2023 00:00
323,24,8,2023,Goa,Indo-Pacific finless porpoise,,,4,4,6,15.13353634,73.92172241,,1.5,24-08-2023 12:00
323,24,8,2023,Goa,Indo-Pacific finless porpoise,,,4,4,6,15.12238598,73.89862823,,2,24-08-2023 00:00
323,23,8,2023,Goa,Indo-Pacific finless porpoise,,,4,4,6,15.11034679,73.88504791,,2.5,23-08-2023 12:00
323,23,8,2023,Goa,Indo-Pacific finless porpoise,,,4,4,6,15.09725475,73.87422943,,3,23-08-2023 00:00
323,22,8,2023,Goa,Indo-Pacific finless porpoise,,,4,4,6,15.08270073,73.86976624,,3.5,22-08-2023 12:00
323,22,8,2023,Goa,Indo-Pacific finless porpoise,,,4,4,6,15.06656933,73.85575104,,4,22-08-2023 00:00
323,21,8,2023,Goa,Indo-Pacific finless porpoise,,,4,4,6,15.05006313,73.86684418,,4.5,21-08-2023 12:00
323,21,8,2023,Goa,Indo-Pacific finless porpoise,,,4,4,6,15.03240108,73.85150909,,5,21-08-2023 00:00
323,20,8,2023,Goa,Indo-Pacific finless porpoise,,,4,4,6,15.01110458,73.85299683,,5.5,20-08-2023 12:00
323,20,8,2023,Goa,Indo-Pacific finless porpoise,,,4,4,6,14.98852825,73.85731506,,6,20-08-2023 00:00
324,26,8,2023,Goa,Humpback dolphin,,,3,3,5,15.64009083,73.71864797,,0,26-08-2023 00:00
324,25,8,2023,Goa,Humpback dolphin,,,3,3,5,15.63804626,73.71860504,,0.5,25-08-2023 12:00
324,25,8,2023,Goa,Humpback dolphin,,,3,3,5,15.63572979,73.71088409,,1,25-08-2023 00:00
324,24,8,2023,Goa,Humpback dolphin,,,3,3,5,15.63310051,73.71060944,,1.5,24-08-2023 12:00
324,24,8,2023,Goa,Humpback dolphin,,,3,3,5,15.62999821,73.69772339,,2,24-08-2023 00:00
324,23,8,2023,Goa,Humpback dolphin,,,3,3,5,15.62618923,73.69258881,,2.5,23-08-2023 12:00
324,23,8,2023,Goa,Humpback dolphin,,,3,3,5,15.62162971,73.68076324,,3,23-08-2023 00:00
324,22,8,2023,Goa,Humpback dolphin,,,3,3,5,15.6157608,73.67603302,,3.5,22-08-2023 12:00
324,22,8,2023,Goa,Humpback dolphin,,,3,3,5,15.60400963,73.64854431,,4,22-08-2023 00:00
324,21,8,2023,Goa,Humpback dolphin,,,3,3,5,15.58553505,73.65068054,,4.5,21-08-2023 12:00
324,21,8,2023,Goa,Humpback dolphin,,,3,3,5,15.55916405,73.62554932,,5,21-08-2023 00:00
325,24,8,2023,Goa,Indo-Pacific finless porpoise,,,2,0.5,1,15.35284217,73.8845562,,0,24-08-2023 00:00
325,23,8,2023,Goa,Indo-Pacific finless porpoise,,,2,0.5,1,15.35339928,73.88678741,,0.5,23-08-2023 12:00
325,23,8,2023,Goa,Indo-Pacific finless porpoise,,,2,0.5,1,15.35394859,73.88507843,,1,23-08-2023 00:00
326,23,8,2023,Goa,Humpback dolphin,,,2,1,3,14.97856949,74.04153968,,0,23-08-2023 00:00
326,22,8,2023,Goa,Humpback dolphin,,,2,1,3,14.9785347,74.03601837,,0.5,22-08-2023 12:00
326,22,8,2023,Goa,Humpback dolphin,,,2,1,3,14.97849369,74.022995,,1,22-08-2023 00:00
326,21,8,2023,Goa,Humpback dolphin,,,2,1,3,14.97844791,74.02262878,,1.5,21-08-2023 12:00
326,21,8,2023,Goa,Humpback dolphin,,,2,1,3,14.97840214,74.01166534,,2,21-08-2023 00:00
326,20,8,2023,Goa,Humpback dolphin,,,2,1,3,14.97835636,74.01129913,,2.5,20-08-2023 12:00
326,20,8,2023,Goa,Humpback dolphin,,,2,1,3,14.97831059,74.0102005,,3,20-08-2023 00:00
327,22,8,2023,Goa,Humpback dolphin,,,2,1,3,14.93503211,74.0468047,,0,22-08-2023 00:00
327,21,8,2023,Goa,Humpback dolphin,,,2,1,3,14.93589401,74.04534149,,0.5,21-08-2023 12:00
327,21,8,2023,Goa,Humpback dolphin,,,2,1,3,14.93685436,74.03818512,,1,21-08-2023 00:00
327,20,8,2023,Goa,Humpback dolphin,,,2,1,3,14.93790722,74.03736115,,1.5,20-08-2023 12:00
327,20,8,2023,Goa,Humpback dolphin,,,2,1,3,14.93897629,74.03604889,,2,20-08-2023 00:00
327,19,8,2023,Goa,Humpback dolphin,,,2,1,3,14.94004917,74.03604889,,2.5,19-08-2023 12:00
327,19,8,2023,Goa,Humpback dolphin,,,2,1,3,14.94119072,74.0293045,,3,19-08-2023 00:00
329,19,8,2023,Goa,Indo-Pacific finless porpoise,,,2,1,3,15.5112819,73.76456269,,0,19-08-2023 00:00
329,18,8,2023,Goa,Indo-Pacific finless porpoise,,,2,1,3,15.51313114,73.75719452,,0.5,18-08-2023 12:00
329,18,8,2023,Goa,Indo-Pacific finless porpoise,,,2,1,3,15.51233006,73.7383728,,1,18-08-2023 00:00
329,17,8,2023,Goa,Indo-Pacific finless porpoise,,,2,1,3,15.50915432,73.73791504,,1.5,17-08-2023 12:00
329,17,8,2023,Goa,Indo-Pacific finless porpoise,,,2,1,3,15.50250435,73.70993805,,2,17-08-2023 00:00
329,16,8,2023,Goa,Indo-Pacific finless porpoise,,,2,1,3,15.48810482,73.68731689,,2.5,16-08-2023 12:00
329,16,8,2023,Goa,Indo-Pacific finless porpoise,,,2,1,3,15.45618725,73.63519287,,3,16-08-2023 00:00
331,17,8,2023,Goa,Humpback dolphin,,,3,3,5,15.16859563,73.94232229,,0,17-08-2023 00:00
331,16,8,2023,Goa,Humpback dolphin,,,3,3,5,15.16254234,73.9311142,,0.5,16-08-2023 12:00
331,16,8,2023,Goa,Humpback dolphin,,,3,3,5,15.15463924,73.91303253,,1,16-08-2023 00:00
331,15,8,2023,Goa,Humpback dolphin,,,3,3,5,15.14565372,73.91184235,,1.5,15-08-2023 12:00
331,15,8,2023,Goa,Humpback dolphin,,,3,3,5,15.13589478,73.8910675,,2,15-08-2023 00:00
331,14,8,2023,Goa,Humpback dolphin,,,3,3,5,15.12533092,73.8753891,,2.5,14-08-2023 12:00
331,14,8,2023,Goa,Humpback dolphin,,,3,3,5,15.11376858,73.85094452,,3,14-08-2023 00:00
331,13,8,2023,Goa,Humpback dolphin,,,3,3,5,15.10071754,73.84506226,,3.5,13-08-2023 12:00
331,13,8,2023,Goa,Humpback dolphin,,,3,3,5,15.08504105,73.83356476,,4,13-08-2023 00:00
331,12,8,2023,Goa,Humpback dolphin,,,3,3,5,15.06576729,73.83604431,,4.5,12-08-2023 12:00
331,12,8,2023,Goa,Humpback dolphin,,,3,3,5,15.0401144,73.80593109,,5,12-08-2023 00:00
332,16,8,2023,Goa,Humpback dolphin,,C,2,0.5,1,15.35284217,73.8845562,,0,16-08-2023 00:00
332,15,8,2023,Goa,Humpback dolphin,,C,2,0.5,1,15.35338688,73.88828278,,0.5,15-08-2023 12:00
332,15,8,2023,Goa,Humpback dolphin,,C,2,0.5,1,15.35391903,73.88562775,,1,15-08-2023 00:00
334,13,8,2023,Goa,Humpback dolphin,,SA,3,2,4,15.61701216,73.73286086,,0,13-08-2023 00:00
334,12,8,2023,Goa,Humpback dolphin,,SA,3,2,4,15.61511993,73.73231506,,0.5,12-08-2023 12:00
334,12,8,2023,Goa,Humpback dolphin,,SA,3,2,4,15.61289883,73.724617,,1,12-08-2023 00:00
334,11,8,2023,Goa,Humpback dolphin,,SA,3,2,4,15.61026001,73.72291565,,1.5,11-08-2023 12:00
334,11,8,2023,Goa,Humpback dolphin,,SA,3,2,4,15.60726643,73.71743011,,2,11-08-2023 00:00
334,10,8,2023,Goa,Humpback dolphin,,SA,3,2,4,15.60408401,73.72079468,,2.5,10-08-2023 12:00
334,10,8,2023,Goa,Humpback dolphin,,SA,3,2,4,15.60076332,73.7168045,,3,10-08-2023 00:00
334,9,8,2023,Goa,Humpback dolphin,,SA,3,2,4,15.59726238,73.71974945,,3.5,09-08-2023 12:00
334,9,8,2023,Goa,Humpback dolphin,,SA,3,2,4,15.59356785,73.71646118,,4,09-08-2023 00:00
335,13,8,2023,Goa,Indo-Pacific finless porpoise,,,3,2,3,15.61701216,73.73286086,,0,13-08-2023 00:00
335,12,8,2023,Goa,Indo-Pacific finless porpoise,,,3,2,3,15.61511993,73.73231506,,0.5,12-08-2023 12:00
335,12,8,2023,Goa,Indo-Pacific finless porpoise,,,3,2,3,15.61289883,73.724617,,1,12-08-2023 00:00
335,11,8,2023,Goa,Indo-Pacific finless porpoise,,,3,2,3,15.61026001,73.72291565,,1.5,11-08-2023 12:00
335,11,8,2023,Goa,Indo-Pacific finless porpoise,,,3,2,3,15.60726643,73.71743011,,2,11-08-2023 00:00
335,10,8,2023,Goa,Indo-Pacific finless porpoise,,,3,2,3,15.60408401,73.72079468,,2.5,10-08-2023 12:00
335,10,8,2023,Goa,Indo-Pacific finless porpoise,,,3,2,3,15.60076332,73.7168045,,3,10-08-2023 00:00
336,11,8,2023,Goa,Humpback dolphin,,C,1,0.5,1,15.64229724,73.71800347,,0,11-08-2023 00:00
336,10,8,2023,Goa,Humpback dolphin,,C,1,0.5,1,15.6403532,73.72045898,,0.5,10-08-2023 12:00
336,10,8,2023,Goa,Humpback dolphin,,C,1,0.5,1,15.63829517,73.71582031,,1,10-08-2023 00:00
337,8,8,2023,Goa,Humpback dolphin,M,C,2,1,2,15.29374857,73.90747058,,0,08-08-2023 00:00
337,7,8,2023,Goa,Humpback dolphin,,C,2,1,2,15.29401207,73.90765381,,0.5,07-08-2023 12:00
337,7,8,2023,Goa,Humpback dolphin,,C,2,1,2,15.29428768,73.90628815,,1,07-08-2023 00:00
337,6,8,2023,Goa,Humpback dolphin,,C,2,1,2,15.29458141,73.90609741,,1.5,06-08-2023 12:00
337,6,8,2023,Goa,Humpback dolphin,,C,2,1,2,15.29488373,73.9054718,,2,06-08-2023 00:00
338,4,8,2023,Goa,Humpback dolphin,,,3,2,3,15.20610432,73.93266907,,0,04-08-2023 00:00
338,3,8,2023,Goa,Humpback dolphin,,,3,2,3,15.20205307,73.9169693,,0.5,03-08-2023 12:00
338,3,8,2023,Goa,Humpback dolphin,,,3,2,3,15.19767475,73.89159393,,1,03-08-2023 00:00
338,2,8,2023,Goa,Humpback dolphin,,,3,2,3,15.19331646,73.87639618,,1.5,02-08-2023 12:00
338,2,8,2023,Goa,Humpback dolphin,,,3,2,3,15.18889618,73.85826874,,2,02-08-2023 00:00
338,1,8,2023,Goa,Humpback dolphin,,,3,2,3,15.18442154,73.84210205,,2.5,01-08-2023 12:00
338,1,8,2023,Goa,Humpback dolphin,,,3,2,3,15.17630482,73.81661224,,3,01-08-2023 00:00
342,17,7,2023,Goa,Indo-Pacific finless porpoise,,A,2,1,3,15.20610432,73.93266907,,0,17-07-2023 00:00
342,16,7,2023,Goa,Indo-Pacific finless porpoise,,A,2,1,3,15.20205402,73.91687012,,0.5,16-07-2023 12:00
342,16,7,2023,Goa,Indo-Pacific finless porpoise,,A,2,1,3,15.19754601,73.90478516,,1,16-07-2023 00:00
342,15,7,2023,Goa,Indo-Pacific finless porpoise,,A,2,1,3,15.19280815,73.89946747,,1.5,15-07-2023 12:00
342,15,7,2023,Goa,Indo-Pacific finless porpoise,,A,2,1,3,15.18770981,73.89753723,,2,15-07-2023 00:00
342,14,7,2023,Goa,Indo-Pacific finless porpoise,,A,2,1,3,15.18223,73.89118958,,2.5,14-07-2023 12:00
342,14,7,2023,Goa,Indo-Pacific finless porpoise,,A,2,1,3,15.17647457,73.8752594,,3,14-07-2023 00:00
343,16,7,2023,Goa,Humpback dolphin,M,A,3,2,3,15.22303589,73.92816343,,0,16-07-2023 00:00
343,15,7,2023,Goa,Humpback dolphin,,A,3,2,3,15.22027016,73.92329407,,0.5,15-07-2023 12:00
343,15,7,2023,Goa,Humpback dolphin,,A,3,2,3,15.21718311,73.92264557,,1,15-07-2023 00:00
343,14,7,2023,Goa,Humpback dolphin,,A,3,2,3,15.21376324,73.91712189,,1.5,14-07-2023 12:00
343,14,7,2023,Goa,Humpback dolphin,,A,3,2,3,15.21021557,73.90232086,,2,14-07-2023 00:00
343,13,7,2023,Goa,Humpback dolphin,,A,3,2,3,15.20662594,73.89215851,,2.5,13-07-2023 12:00
343,13,7,2023,Goa,Humpback dolphin,,A,3,2,3,15.20301533,73.87567902,,3,13-07-2023 00:00
344,10,7,2023,Goa,Humpback dolphin,F,A,2,0.5,1,15.68401252,73.70335385,,0,10-07-2023 00:00
344,9,7,2023,Goa,Humpback dolphin,,A,2,0.5,1,15.68239307,73.69924164,,0.5,09-07-2023 12:00
344,9,7,2023,Goa,Humpback dolphin,,A,2,0.5,1,15.68087292,73.6918335,,1,09-07-2023 00:00
349,15,6,2023,Goa,Indo-Pacific finless porpoise,,,3,2,4,15.22303589,73.92816343,,0,15-06-2023 00:00
349,14,6,2023,Goa,Indo-Pacific finless porpoise,,,3,2,4,15.2202034,73.91980743,,0.5,14-06-2023 12:00
349,14,6,2023,Goa,Indo-Pacific finless porpoise,,,3,2,4,15.21705627,73.91207123,,1,14-06-2023 00:00
349,13,6,2023,Goa,Indo-Pacific finless porpoise,,,3,2,4,15.21370602,73.91456604,,1.5,13-06-2023 12:00
349,13,6,2023,Goa,Indo-Pacific finless porpoise,,,3,2,4,15.2100544,73.91571808,,2,13-06-2023 00:00
349,12,6,2023,Goa,Indo-Pacific finless porpoise,,,3,2,4,15.20605564,73.92087555,,2.5,12-06-2023 12:00
349,12,6,2023,Goa,Indo-Pacific finless porpoise,,,3,2,4,15.20188141,73.92565918,,3,12-06-2023 00:00
349,11,6,2023,Goa,Indo-Pacific finless porpoise,,,3,2,4,15.19782734,73.93544769,,3.5,11-06-2023 12:00
349,11,6,2023,Goa,Indo-Pacific finless porpoise,,,3,2,4,15.19393158,73.94041443,,4,11-06-2023 00:00
351,4,6,2023,Goa,Humpback dolphin,,,4,5,7,15.28593581,73.91021673,,0,04-06-2023 00:00
351,3,6,2023,Goa,Humpback dolphin,,,4,5,7,15.28613663,73.90985107,,0.5,03-06-2023 12:00
351,3,6,2023,Goa,Humpback dolphin,,,4,5,7,15.28636551,73.90740967,,1,03-06-2023 00:00
351,2,6,2023,Goa,Humpback dolphin,,,4,5,7,15.28662968,73.90644073,,1.5,02-06-2023 12:00
351,2,6,2023,Goa,Humpback dolphin,,,4,5,7,15.2869339,73.90338898,,2,02-06-2023 00:00
351,1,6,2023,Goa,Humpback dolphin,,,4,5,7,15.28728485,73.90208435,,2.5,01-06-2023 12:00
351,1,6,2023,Goa,Humpback dolphin,,,4,5,7,15.28767681,73.89925385,,3,01-06-2023 00:00
351,31,5,2023,Goa,Humpback dolphin,,,4,5,7,15.28808689,73.90045929,,3.5,31-05-2023 12:00
351,31,5,2023,Goa,Humpback dolphin,,,4,5,7,15.2885046,73.89868164,,4,31-05-2023 00:00
351,30,5,2023,Goa,Humpback dolphin,,,4,5,7,15.28893185,73.89962769,,4.5,30-05-2023 12:00
351,30,5,2023,Goa,Humpback dolphin,,,4,5,7,15.28936005,73.89871216,,5,30-05-2023 00:00
351,29,5,2023,Goa,Humpback dolphin,,,4,5,7,15.2898035,73.89825439,,5.5,29-05-2023 12:00
351,29,5,2023,Goa,Humpback dolphin,,,4,5,7,15.29028893,73.89463806,,6,29-05-2023 00:00
351,28,5,2023,Goa,Humpback dolphin,,,4,5,7,15.29083157,73.89292145,,6.5,28-05-2023 12:00
351,28,5,2023,Goa,Humpback dolphin,,,4,5,7,15.29144669,73.88769531,,7,28-05-2023 00:00
352,4,6,2023,Goa,Humpback dolphin,,,4,5,7,15.22533912,73.92742781,,0,04-06-2023 00:00
352,3,6,2023,Goa,Humpback dolphin,,,4,5,7,15.22273254,73.92337799,,0.5,03-06-2023 12:00
352,3,6,2023,Goa,Humpback dolphin,,,4,5,7,15.21985817,73.90259552,,1,03-06-2023 00:00
352,2,6,2023,Goa,Humpback dolphin,,,4,5,7,15.21698284,73.89600372,,1.5,02-06-2023 12:00
352,2,6,2023,Goa,Humpback dolphin,,,4,5,7,15.21408844,73.87970734,,2,02-06-2023 00:00
352,1,6,2023,Goa,Humpback dolphin,,,4,5,7,15.21119881,73.87181854,,2.5,01-06-2023 12:00
352,1,6,2023,Goa,Humpback dolphin,,,4,5,7,15.2083292,73.85451508,,3,01-06-2023 00:00
352,31,5,2023,Goa,Humpback dolphin,,,4,5,7,15.20543766,73.85244751,,3.5,31-05-2023 12:00
352,31,5,2023,Goa,Humpback dolphin,,,4,5,7,15.20244122,73.83773804,,4,31-05-2023 00:00
352,30,5,2023,Goa,Humpback dolphin,,,4,5,7,15.19844055,73.83654785,,4.5,30-05-2023 12:00
352,30,5,2023,Goa,Humpback dolphin,,,4,5,7,15.19268322,73.82952118,,5,30-05-2023 00:00
352,29,5,2023,Goa,Humpback dolphin,,,4,5,7,15.18531513,73.83061981,,5.5,29-05-2023 12:00
352,29,5,2023,Goa,Humpback dolphin,,,4,5,7,15.17549706,73.81949615,,6,29-05-2023 00:00
352,28,5,2023,Goa,Humpback dolphin,,,4,5,7,15.16224289,73.81735229,,6.5,28-05-2023 12:00
352,28,5,2023,Goa,Humpback dolphin,,,4,5,7,15.14331627,73.79581451,,7,28-05-2023 00:00
353,2,6,2023,Goa,Indo-Pacific finless porpoise,,,3,2,4,15.57376877,73.74068003,,0,02-06-2023 00:00
353,1,6,2023,Goa,Indo-Pacific finless porpoise,,,3,2,4,15.57151699,73.74049377,,0.5,01-06-2023 12:00
353,1,6,2023,Goa,Indo-Pacific finless porpoise,,,3,2,4,15.56913948,73.73948669,,1,01-06-2023 00:00
353,31,5,2023,Goa,Indo-Pacific finless porpoise,,,3,2,4,15.56674194,73.74106598,,1.5,31-05-2023 12:00
353,31,5,2023,Goa,Indo-Pacific finless porpoise,,,3,2,4,15.56421661,73.73841095,,2,31-05-2023 00:00
353,30,5,2023,Goa,Indo-Pacific finless porpoise,,,3,2,4,15.56154919,73.73987579,,2.5,30-05-2023 12:00
353,30,5,2023,Goa,Indo-Pacific finless porpoise,,,3,2,4,15.55884838,73.73881531,,3,30-05-2023 00:00
353,29,5,2023,Goa,Indo-Pacific finless porpoise,,,3,2,4,15.55596352,73.7374649,,3.5,29-05-2023 12:00
353,29,5,2023,Goa,Indo-Pacific finless porpoise,,,3,2,4,15.5524292,73.729599,,4,29-05-2023 00:00
356,22,4,2023,Goa,Humpback dolphin,,,3,3,6,15.39116432,73.80687953,,0,22-04-2023 00:00
356,21,4,2023,Goa,Humpback dolphin,,,3,3,6,15.39153099,73.80931091,,0.5,21-04-2023 12:00
356,21,4,2023,Goa,Humpback dolphin,,,3,3,6,15.39191723,73.80402374,,1,21-04-2023 00:00
356,20,4,2023,Goa,Humpback dolphin,,,3,3,6,15.39231777,73.80697632,,1.5,20-04-2023 12:00
356,20,4,2023,Goa,Humpback dolphin,,,3,3,6,15.39273834,73.80338287,,2,20-04-2023 00:00
356,19,4,2023,Goa,Humpback dolphin,,,3,3,6,15.39318752,73.80283356,,2.5,19-04-2023 12:00
356,19,4,2023,Goa,Humpback dolphin,,,3,3,6,15.39366055,73.80155182,,3,19-04-2023 00:00
356,18,4,2023,Goa,Humpback dolphin,,,3,3,6,15.39413834,73.80599213,,3.5,18-04-2023 12:00
356,18,4,2023,Goa,Humpback dolphin,,,3,3,6,15.39463139,73.80226135,,4,18-04-2023 00:00
356,17,4,2023,Goa,Humpback dolphin,,,3,3,6,15.39513779,73.80671692,,4.5,17-04-2023 12:00
356,17,4,2023,Goa,Humpback dolphin,,,3,3,6,15.39565086,73.80470276,,5,17-04-2023 00:00
356,16,4,2023,Goa,Humpback dolphin,,,3,3,6,15.39618015,73.80667877,,5.5,16-04-2023 12:00
356,16,4,2023,Goa,Humpback dolphin,,,3,3,6,15.39675426,73.80067444,,6,16-04-2023 00:00
357,20,4,2023,Goa,Humpback dolphin,,,3,3,5,15.1031826,73.9255111,,0,20-04-2023 00:00
357,19,4,2023,Goa,Humpback dolphin,,,3,3,5,15.09089565,73.91990662,,0.5,19-04-2023 12:00
357,19,4,2023,Goa,Humpback dolphin,,,3,3,5,15.07740498,73.89988708,,1,19-04-2023 00:00
357,18,4,2023,Goa,Humpback dolphin,,,3,3,5,15.06518269,73.90384674,,1.5,18-04-2023 12:00
357,18,4,2023,Goa,Humpback dolphin,,,3,3,5,15.05482578,73.895401,,2,18-04-2023 00:00
357,17,4,2023,Goa,Humpback dolphin,,,3,3,5,15.04640388,73.90362549,,2.5,17-04-2023 12:00
357,17,4,2023,Goa,Humpback dolphin,,,3,3,5,15.03942013,73.8959198,,3,17-04-2023 00:00
357,16,4,2023,Goa,Humpback dolphin,,,3,3,5,15.03205013,73.89848328,,3.5,16-04-2023 12:00
357,16,4,2023,Goa,Humpback dolphin,,,3,3,5,15.02170563,73.87786865,,4,16-04-2023 00:00
357,15,4,2023,Goa,Humpback dolphin,,,3,3,5,15.00588036,73.86854553,,4.5,15-04-2023 12:00
357,15,4,2023,Goa,Humpback dolphin,,,3,3,5,14.98086643,73.82341003,,5,15-04-2023 00:00
358,17,4,2023,Goa,Humpback dolphin,M,C,3,1,2,15.1715011,73.941493,,0,17-04-2023 00:00
358,16,4,2023,Goa,Humpback dolphin,,C,3,1,2,15.16611958,73.94197845,,0.5,16-04-2023 12:00
358,16,4,2023,Goa,Humpback dolphin,,C,3,1,2,15.15973949,73.92839813,,1,16-04-2023 00:00
358,15,4,2023,Goa,Humpback dolphin,,C,3,1,2,15.15180969,73.92345428,,1.5,15-04-2023 12:00
358,15,4,2023,Goa,Humpback dolphin,,C,3,1,2,15.14254761,73.90364075,,2,15-04-2023 00:00
360,15,4,2023,Goa,Indo-Pacific finless porpoise,,,3,3,5,15.2209348,73.9290015,,0,15-04-2023 00:00
360,14,4,2023,Goa,Indo-Pacific finless porpoise,,,3,3,5,15.21802902,73.92321777,,0.5,14-04-2023 12:00
360,14,4,2023,Goa,Indo-Pacific finless porpoise,,,3,3,5,15.21476173,73.90461731,,1,14-04-2023 00:00
360,13,4,2023,Goa,Indo-Pacific finless porpoise,,,3,3,5,15.21144104,73.89907837,,1.5,13-04-2023 12:00
360,13,4,2023,Goa,Indo-Pacific finless porpoise,,,3,3,5,15.20807171,73.88199615,,2,13-04-2023 00:00
360,12,4,2023,Goa,Indo-Pacific finless porpoise,,,3,3,5,15.20462036,73.8809967,,2.5,12-04-2023 12:00
360,12,4,2023,Goa,Indo-Pacific finless porpoise,,,3,3,5,15.20106506,73.86590576,,3,12-04-2023 00:00
360,11,4,2023,Goa,Indo-Pacific finless porpoise,,,3,3,5,15.19739246,73.86495209,,3.5,11-04-2023 12:00
360,11,4,2023,Goa,Indo-Pacific finless porpoise,,,3,3,5,15.19353962,73.85064697,,4,11-04-2023 00:00
360,10,4,2023,Goa,Indo-Pacific finless porpoise,,,3,3,5,15.18947506,73.85131073,,4.5,10-04-2023 12:00
360,10,4,2023,Goa,Indo-Pacific finless porpoise,,,3,3,5,15.18514061,73.83898926,,5,10-04-2023 00:00
362,13,4,2023,Goa,Indo-Pacific finless porpoise,,,3,2,4,15.29175695,73.90813268,,0,13-04-2023 00:00
362,12,4,2023,Goa,Indo-Pacific finless porpoise,,,3,2,4,15.291996,73.90887451,,0.5,12-04-2023 12:00
362,12,4,2023,Goa,Indo-Pacific finless porpoise,,,3,2,4,15.29224014,73.90768433,,1,12-04-2023 00:00
362,11,4,2023,Goa,Indo-Pacific finless porpoise,,,3,2,4,15.29249191,73.90795898,,1.5,11-04-2023 12:00
362,11,4,2023,Goa,Indo-Pacific finless porpoise,,,3,2,4,15.29276085,73.90634918,,2,11-04-2023 00:00
362,10,4,2023,Goa,Indo-Pacific finless porpoise,,,3,2,4,15.29303265,73.90770721,,2.5,10-04-2023 12:00
362,10,4,2023,Goa,Indo-Pacific finless porpoise,,,3,2,4,15.29329586,73.90724945,,3,10-04-2023 00:00
362,9,4,2023,Goa,Indo-Pacific finless porpoise,,,3,2,4,15.29354858,73.90864563,,3.5,09-04-2023 12:00
362,9,4,2023,Goa,Indo-Pacific finless porpoise,,,3,2,4,15.29379559,73.9078598,,4,09-04-2023 00:00
363,13,4,2023,Goa,Indo-Pacific finless porpoise,,,3,2,3,15.25084871,73.92061265,,0,13-04-2023 00:00
363,12,4,2023,Goa,Indo-Pacific finless porpoise,,,3,2,3,15.24970722,73.92119598,,0.5,12-04-2023 12:00
363,12,4,2023,Goa,Indo-Pacific finless porpoise,,,3,2,3,15.24856758,73.91120148,,1,12-04-2023 00:00
363,11,4,2023,Goa,Indo-Pacific finless porpoise,,,3,2,3,15.24745941,73.91129303,,1.5,11-04-2023 12:00
363,11,4,2023,Goa,Indo-Pacific finless porpoise,,,3,2,3,15.24639225,73.90003204,,2,11-04-2023 00:00
363,10,4,2023,Goa,Indo-Pacific finless porpoise,,,3,2,3,15.24534702,73.90316772,,2.5,10-04-2023 12:00
363,10,4,2023,Goa,Indo-Pacific finless porpoise,,,3,2,3,15.24429607,73.89506531,,3,10-04-2023 00:00
364,12,4,2023,Goa,Indo-Pacific finless porpoise,,,3,2,3,15.33212247,73.89389751,,0,12-04-2023 00:00
364,11,4,2023,Goa,Indo-Pacific finless porpoise,,,3,2,3,15.33267403,73.89435577,,0.5,11-04-2023 12:00
364,11,4,2023,Goa,Indo-Pacific finless porpoise,,,3,2,3,15.33324051,73.89200592,,1,11-04-2023 00:00
364,10,4,2023,Goa,Indo-Pacific finless porpoise,,,3,2,3,15.33379173,73.89539337,,1.5,10-04-2023 12:00
364,10,4,2023,Goa,Indo-Pacific finless porpoise,,,3,2,3,15.3343029,73.89566803,,2,10-04-2023 00:00
364,9,4,2023,Goa,Indo-Pacific finless porpoise,,,3,2,3,15.33477402,73.89878082,,2.5,09-04-2023 12:00
364,9,4,2023,Goa,Indo-Pacific finless porpoise,,,3,2,3,15.33521938,73.8980484,,3,09-04-2023 00:00
365,9,4,2023,Goa,Humpback dolphin,M,C,3,2,3,15.2919894,73.90798567,,0,09-04-2023 00:00
365,8,4,2023,Goa,Humpback dolphin,,C,3,2,3,15.2922411,73.90816498,,0.5,08-04-2023 12:00
365,8,4,2023,Goa,Humpback dolphin,,C,3,2,3,15.29250908,73.90623474,,1,08-04-2023 00:00
365,7,4,2023,Goa,Humpback dolphin,,C,3,2,3,15.29279518,73.90641785,,1.5,07-04-2023 12:00
365,7,4,2023,Goa,Humpback dolphin,,C,3,2,3,15.29308128,73.90614319,,2,07-04-2023 00:00
365,6,4,2023,Goa,Humpback dolphin,,C,3,2,3,15.29335594,73.90781403,,2.5,06-04-2023 12:00
365,6,4,2023,Goa,Humpback dolphin,,C,3,2,3,15.29361725,73.90753937,,3,06-04-2023 00:00
366,9,4,2023,Goa,Indo-Pacific finless porpoise,,,3,3,5,15.3544232,73.8838637,,0,09-04-2023 00:00
366,8,4,2023,Goa,Indo-Pacific finless porpoise,,,3,3,5,15.35499001,73.88478088,,0.5,08-04-2023 12:00
366,8,4,2023,Goa,Indo-Pacific finless porpoise,,,3,3,5,15.3555584,73.88293457,,1,08-04-2023 00:00
366,7,4,2023,Goa,Indo-Pacific finless porpoise,,,3,3,5,15.35612106,73.88491058,,1.5,07-04-2023 12:00
366,7,4,2023,Goa,Indo-Pacific finless porpoise,,,3,3,5,15.35665512,73.88610077,,2,07-04-2023 00:00
366,6,4,2023,Goa,Indo-Pacific finless porpoise,,,3,3,5,15.35715103,73.88912964,,2.5,06-04-2023 12:00
366,6,4,2023,Goa,Indo-Pacific finless porpoise,,,3,3,5,15.35762501,73.88848877,,3,06-04-2023 00:00
366,5,4,2023,Goa,Indo-Pacific finless porpoise,,,3,3,5,15.35810566,73.88803101,,3.5,05-04-2023 12:00
366,5,4,2023,Goa,Indo-Pacific finless porpoise,,,3,3,5,15.35859871,73.88600159,,4,05-04-2023 00:00
366,4,4,2023,Goa,Indo-Pacific finless porpoise,,,3,3,5,15.35909843,73.88666534,,4.5,04-04-2023 12:00
366,4,4,2023,Goa,Indo-Pacific finless porpoise,,,3,3,5,15.35963249,73.88061523,,5,04-04-2023 00:00
367,9,4,2023,Goa,Indo-Pacific finless porpoise,,,2,0.5,1,15.20728985,73.93262889,,0,09-04-2023 00:00
367,8,4,2023,Goa,Indo-Pacific finless porpoise,,,2,0.5,1,15.20372391,73.93263245,,0.5,08-04-2023 12:00
367,8,4,2023,Goa,Indo-Pacific finless porpoise,,,2,0.5,1,15.19945812,73.91407776,,1,08-04-2023 00:00
368,9,4,2023,Goa,Indo-Pacific finless porpoise,,,4,5,8,15.31825376,73.89926328,,0,09-04-2023 00:00
368,8,4,2023,Goa,Indo-Pacific finless porpoise,,,4,5,8,15.31874561,73.89987946,,0.5,08-04-2023 12:00
368,8,4,2023,Goa,Indo-Pacific finless porpoise,,,4,5,8,15.31925678,73.89781952,,1,08-04-2023 00:00
368,7,4,2023,Goa,Indo-Pacific finless porpoise,,,4,5,8,15.3197813,73.89891815,,1.5,07-04-2023 12:00
368,7,4,2023,Goa,Indo-Pacific finless porpoise,,,4,5,8,15.3202877,73.89937592,,2,07-04-2023 00:00
368,6,4,2023,Goa,Indo-Pacific finless porpoise,,,4,5,8,15.32075596,73.90180969,,2.5,06-04-2023 12:00
368,6,4,2023,Goa,Indo-Pacific finless porpoise,,,4,5,8,15.32119942,73.90135193,,3,06-04-2023 00:00
368,5,4,2023,Goa,Indo-Pacific finless porpoise,,,4,5,8,15.32164574,73.90135193,,3.5,05-04-2023 12:00
368,5,4,2023,Goa,Indo-Pacific finless porpoise,,,4,5,8,15.32210922,73.89981079,,4,05-04-2023 00:00
368,4,4,2023,Goa,Indo-Pacific finless porpoise,,,4,5,8,15.3225832,73.90026855,,4.5,04-04-2023 12:00
368,4,4,2023,Goa,Indo-Pacific finless porpoise,,,4,5,8,15.323102,73.89569855,,5,04-04-2023 00:00
368,3,4,2023,Goa,Indo-Pacific finless porpoise,,,4,5,8,15.32368469,73.89469147,,5.5,03-04-2023 12:00
368,3,4,2023,Goa,Indo-Pacific finless porpoise,,,4,5,8,15.32433605,73.88915253,,6,03-04-2023 00:00
368,2,4,2023,Goa,Indo-Pacific finless porpoise,,,4,5,8,15.32507133,73.88739014,,6.5,02-04-2023 12:00
368,2,4,2023,Goa,Indo-Pacific finless porpoise,,,4,5,8,15.32587528,73.88257599,,7,02-04-2023 00:00
368,1,4,2023,Goa,Indo-Pacific finless porpoise,,,4,5,8,15.32670403,73.88460541,,7.5,01-04-2023 12:00
368,1,4,2023,Goa,Indo-Pacific finless porpoise,,,4,5,8,15.32753563,73.88166809,,8,01-04-2023 00:00
369,7,4,2023,Goa,Humpback dolphin,M,A,3,3,5,15.28286082,73.91120953,,0,07-04-2023 00:00
369,6,4,2023,Goa,Humpback dolphin,,A,3,3,5,15.28302383,73.91227722,,0.5,06-04-2023 12:00
369,6,4,2023,Goa,Humpback dolphin,,A,3,3,5,15.28317928,73.91209412,,1,06-04-2023 00:00
369,5,4,2023,Goa,Humpback dolphin,,A,3,3,5,15.28333569,73.91227722,,1.5,05-04-2023 12:00
369,5,4,2023,Goa,Humpback dolphin,,A,3,3,5,15.28349686,73.91152191,,2,05-04-2023 00:00
369,4,4,2023,Goa,Humpback dolphin,,A,3,3,5,15.2836647,73.91170502,,2.5,04-04-2023 12:00
369,4,4,2023,Goa,Humpback dolphin,,A,3,3,5,15.28385067,73.90961456,,3,04-04-2023 00:00
369,3,4,2023,Goa,Humpback dolphin,,A,3,3,5,15.28406334,73.90906525,,3.5,03-04-2023 12:00
369,3,4,2023,Goa,Humpback dolphin,,A,3,3,5,15.28430557,73.90656281,,4,03-04-2023 00:00
369,2,4,2023,Goa,Humpback dolphin,,A,3,3,5,15.28458118,73.90583801,,4.5,02-04-2023 12:00
369,2,4,2023,Goa,Humpback dolphin,,A,3,3,5,15.28488255,73.90398407,,5,02-04-2023 00:00
376,15,3,2023,Goa,Indo-Pacific finless porpoise,,,4,6,8,15.33571751,73.89267728,,0,15-03-2023 00:00
376,14,3,2023,Goa,Indo-Pacific finless porpoise,,,4,6,8,15.33629704,73.89047241,,0.5,14-03-2023 12:00
376,14,3,2023,Goa,Indo-Pacific finless porpoise,,,4,6,8,15.33691883,73.88813782,,1,14-03-2023 00:00
376,13,3,2023,Goa,Indo-Pacific finless porpoise,,,4,6,8,15.33754158,73.88987732,,1.5,13-03-2023 12:00
376,13,3,2023,Goa,Indo-Pacific finless porpoise,,,4,6,8,15.33816051,73.88803864,,2,13-03-2023 00:00
376,12,3,2023,Goa,Indo-Pacific finless porpoise,,,4,6,8,15.33875847,73.89149475,,2.5,12-03-2023 12:00
376,12,3,2023,Goa,Indo-Pacific finless porpoise,,,4,6,8,15.33932686,73.89067078,,3,12-03-2023 00:00
376,11,3,2023,Goa,Indo-Pacific finless porpoise,,,4,6,8,15.33989525,73.89112854,,3.5,11-03-2023 12:00
376,11,3,2023,Goa,Indo-Pacific finless porpoise,,,4,6,8,15.34048653,73.88783264,,4,11-03-2023 00:00
376,10,3,2023,Goa,Indo-Pacific finless porpoise,,,4,6,8,15.34109879,73.88847351,,4.5,10-03-2023 12:00
376,10,3,2023,Goa,Indo-Pacific finless porpoise,,,4,6,8,15.34168816,73.88980103,,5,10-03-2023 00:00
376,9,3,2023,Goa,Indo-Pacific finless porpoise,,,4,6,8,15.3422327,73.89280701,,5.5,09-03-2023 12:00
376,9,3,2023,Goa,Indo-Pacific finless porpoise,,,4,6,8,15.34275627,73.89159393,,6,09-03-2023 00:00
376,8,3,2023,Goa,Indo-Pacific finless porpoise,,,4,6,8,15.34323883,73.89657593,,6.5,08-03-2023 12:00
376,8,3,2023,Goa,Indo-Pacific finless porpoise,,,4,6,8,15.3436718,73.89694214,,7,08-03-2023 00:00
376,7,3,2023,Goa,Indo-Pacific finless porpoise,,,4,6,8,15.34408951,73.89793396,,7.5,07-03-2023 12:00
376,7,3,2023,Goa,Indo-Pacific finless porpoise,,,4,6,8,15.34453011,73.89405823,,8,07-03-2023 00:00
393,1,2,2023,Goa,Indo-Pacific finless porpoise,,,2,0.5,1,15.20805597,73.93226411,FALSE,0,01-02-2023 00:00
393,31,1,2023,Goa,Indo-Pacific finless porpoise,,,2,0.5,1,15.20449352,73.93122101,FALSE,0.5,31-01-2023 12:00
393,31,1,2023,Goa,Indo-Pacific finless porpoise,,,2,0.5,1,15.20026112,73.91538239,FALSE,1,31-01-2023 00:00
396,22,1,2023,Goa,Humpback dolphin,M,A,3,2,5,15.66817476,73.7095647,FALSE,0,22-01-2023 00:00
396,21,1,2023,Goa,Humpback dolphin,,A,3,2,5,15.66671181,73.70819855,FALSE,0.5,21-01-2023 12:00
396,21,1,2023,Goa,Humpback dolphin,,A,3,2,5,15.66505814,73.70045471,FALSE,1,21-01-2023 00:00
396,20,1,2023,Goa,Humpback dolphin,,A,3,2,5,15.66317463,73.69831085,FALSE,1.5,20-01-2023 12:00
396,20,1,2023,Goa,Humpback dolphin,,A,3,2,5,15.66104794,73.69065857,FALSE,2,20-01-2023 00:00
396,19,1,2023,Goa,Humpback dolphin,,A,3,2,5,15.65865898,73.68941498,FALSE,2.5,19-01-2023 12:00
396,19,1,2023,Goa,Humpback dolphin,,A,3,2,5,15.65596008,73.68055725,FALSE,3,19-01-2023 00:00
396,18,1,2023,Goa,Humpback dolphin,,A,3,2,5,15.65297699,73.68276978,FALSE,3.5,18-01-2023 12:00
396,18,1,2023,Goa,Humpback dolphin,,A,3,2,5,15.64946747,73.67606354,FALSE,4,18-01-2023 00:00
396,17,1,2023,Goa,Humpback dolphin,,A,3,2,5,15.64480972,73.67533112,FALSE,4.5,17-01-2023 12:00
396,17,1,2023,Goa,Humpback dolphin,,A,3,2,5,15.63886642,73.66911316,FALSE,5,17-01-2023 00:00
399,10,1,2023,Goa,Humpback dolphin,F,A,2,0.5,1,15.22065562,73.92902223,FALSE,0,10-01-2023 00:00
399,9,1,2023,Goa,Humpback dolphin,,A,2,0.5,1,15.21785736,73.92957306,FALSE,0.5,09-01-2023 12:00
399,9,1,2023,Goa,Humpback dolphin,,A,2,0.5,1,15.21497726,73.93437195,FALSE,1,09-01-2023 00:00
402,28,11,2022,Goa,Indo-Pacific finless porpoise,,SA,2,0.5,1,15.3297,73.89486,FALSE,0,28-11-2022 00:00
402,27,11,2022,Goa,Indo-Pacific finless porpoise,,SA,2,0.5,1,15.32462692,73.89870453,FALSE,0.5,27-11-2022 12:00
402,27,11,2022,Goa,Indo-Pacific finless porpoise,,SA,2,0.5,1,15.32019806,73.89906311,FALSE,1,27-11-2022 00:00
404,27,11,2022,Goa,Indo-Pacific finless porpoise,,,3,2,3,15.24289,73.92251,FALSE,0,27-11-2022 00:00
404,26,11,2022,Goa,Indo-Pacific finless porpoise,,,3,2,3,15.21699715,73.92694855,FALSE,0.5,26-11-2022 12:00
404,26,11,2022,Goa,Indo-Pacific finless porpoise,,,3,2,3,15.17389107,73.91525269,FALSE,1,26-11-2022 00:00
404,25,11,2022,Goa,Indo-Pacific finless porpoise,,,3,2,3,15.16706276,73.9107666,FALSE,1.5,25-11-2022 12:00
404,25,11,2022,Goa,Indo-Pacific finless porpoise,,,3,2,3,15.11508846,73.90763092,FALSE,2,25-11-2022 00:00
404,24,11,2022,Goa,Indo-Pacific finless porpoise,,,3,2,3,15.10631847,73.91083527,FALSE,2.5,24-11-2022 12:00
404,24,11,2022,Goa,Indo-Pacific finless porpoise,,,3,2,3,15.09727955,73.900177,FALSE,3,24-11-2022 00:00
407,25,11,2022,Goa,Indo-Pacific finless porpoise,M,,2,0.5,1,15.1702,73.94184,FALSE,0,25-11-2022 00:00
407,24,11,2022,Goa,Indo-Pacific finless porpoise,,,2,0.5,1,15.16427708,73.94451904,FALSE,0.5,24-11-2022 12:00
407,24,11,2022,Goa,Indo-Pacific finless porpoise,,,2,0.5,1,15.15974617,73.93611908,FALSE,1,24-11-2022 00:00
414,17,11,2022,Goa,Humpback dolphin,,,4,5,7,15.20309,73.9337,FALSE,0,17-11-2022 00:00
414,16,11,2022,Goa,Humpback dolphin,,,4,5,7,15.19541359,73.93977356,FALSE,0.5,16-11-2022 12:00
414,16,11,2022,Goa,Humpback dolphin,,,4,5,7,15.17910862,73.94416046,FALSE,1,16-11-2022 00:00
414,15,11,2022,Goa,Humpback dolphin,,,4,5,7,15.18048382,73.94315338,FALSE,1.5,15-11-2022 12:00
414,15,11,2022,Goa,Humpback dolphin,,,4,5,7,15.15380478,73.93721771,FALSE,2,15-11-2022 00:00
414,14,11,2022,Goa,Humpback dolphin,,,4,5,7,15.15894699,73.93694305,FALSE,2.5,14-11-2022 12:00
414,14,11,2022,Goa,Humpback dolphin,,,4,5,7,15.13407516,73.93684387,FALSE,3,14-11-2022 00:00
414,13,11,2022,Goa,Humpback dolphin,,,4,5,7,15.13046265,73.94300079,FALSE,3.5,13-11-2022 12:00
414,13,11,2022,Goa,Humpback dolphin,,,4,5,7,15.11028576,73.94953918,FALSE,4,13-11-2022 00:00
414,12,11,2022,Goa,Humpback dolphin,,,4,5,7,15.11651421,73.9548645,FALSE,4.5,12-11-2022 12:00
414,12,11,2022,Goa,Humpback dolphin,,,4,5,7,15.09080696,73.96334839,FALSE,5,12-11-2022 00:00
414,11,11,2022,Goa,Humpback dolphin,,,4,5,7,15.08545208,73.96809387,FALSE,5.5,11-11-2022 12:00
414,11,11,2022,Goa,Humpback dolphin,,,4,5,7,15.06945229,73.9683609,FALSE,6,11-11-2022 00:00
414,10,11,2022,Goa,Humpback dolphin,,,4,5,7,15.06564045,73.97179413,FALSE,6.5,10-11-2022 12:00
414,10,11,2022,Goa,Humpback dolphin,,,4,5,7,15.06003761,73.97307587,FALSE,7,10-11-2022 00:00
429,20,10,2022,Goa,Indo-Pacific finless porpoise,,,3,2,4,15.29599,73.90645,FALSE,0,20-10-2022 00:00
429,19,10,2022,Goa,Indo-Pacific finless porpoise,,,3,2,4,15.2934885,73.90838623,FALSE,0.5,19-10-2022 12:00
429,19,10,2022,Goa,Indo-Pacific finless porpoise,,,3,2,4,15.28997803,73.90866089,FALSE,1,19-10-2022 00:00
429,18,10,2022,Goa,Indo-Pacific finless porpoise,,,3,2,4,15.28795815,73.90960693,FALSE,1.5,18-10-2022 12:00
429,18,10,2022,Goa,Indo-Pacific finless porpoise,,,3,2,4,15.28349876,73.909935,FALSE,2,18-10-2022 00:00
429,17,10,2022,Goa,Indo-Pacific finless porpoise,,,3,2,4,15.28047466,73.91026306,FALSE,2.5,17-10-2022 12:00
429,17,10,2022,Goa,Indo-Pacific finless porpoise,,,3,2,4,15.26612282,73.90783691,FALSE,3,17-10-2022 00:00
429,16,10,2022,Goa,Indo-Pacific finless porpoise,,,3,2,4,15.22320271,73.90991974,FALSE,3.5,16-10-2022 12:00
429,16,10,2022,Goa,Indo-Pacific finless porpoise,,,3,2,4,15.15885735,73.90792847,FALSE,4,16-10-2022 00:00
432,18,10,2022,Goa,Humpback dolphin,,C,2,1,2,15.36898761,73.87327971,FALSE,0,18-10-2022 00:00
432,17,10,2022,Goa,Humpback dolphin,,C,2,1,2,15.36613846,73.87623596,FALSE,0.5,17-10-2022 12:00
432,17,10,2022,Goa,Humpback dolphin,,C,2,1,2,15.36103439,73.87819672,FALSE,1,17-10-2022 00:00
432,16,10,2022,Goa,Humpback dolphin,,C,2,1,2,15.35657406,73.88237762,FALSE,1.5,16-10-2022 12:00
432,16,10,2022,Goa,Humpback dolphin,,C,2,1,2,15.3520937,73.88397217,FALSE,2,16-10-2022 00:00
433,12,10,2022,Goa,Humpback dolphin,,,3,4,6,15.27803309,73.91209768,FALSE,0,12-10-2022 00:00
433,11,10,2022,Goa,Humpback dolphin,,,3,4,6,15.27464676,73.91326141,FALSE,0.5,11-10-2022 12:00
433,11,10,2022,Goa,Humpback dolphin,,,3,4,6,15.27261162,73.91326141,FALSE,1,11-10-2022 00:00
433,10,10,2022,Goa,Humpback dolphin,,,3,4,6,15.27849674,73.9132843,FALSE,1.5,10-10-2022 12:00
433,10,10,2022,Goa,Humpback dolphin,,,3,4,6,15.28068733,73.9128418,FALSE,2,10-10-2022 00:00
433,9,10,2022,Goa,Humpback dolphin,,,3,4,6,15.27986336,73.91359711,FALSE,2.5,09-10-2022 12:00
433,9,10,2022,Goa,Humpback dolphin,,,3,4,6,15.27933025,73.91283417,FALSE,3,09-10-2022 00:00
433,8,10,2022,Goa,Humpback dolphin,,,3,4,6,15.2774086,73.91390228,FALSE,3.5,08-10-2022 12:00
433,8,10,2022,Goa,Humpback dolphin,,,3,4,6,15.26535606,73.91481781,FALSE,4,08-10-2022 00:00
433,7,10,2022,Goa,Humpback dolphin,,,3,4,6,15.22414589,73.91719055,FALSE,4.5,07-10-2022 12:00
433,7,10,2022,Goa,Humpback dolphin,,,3,4,6,15.1574173,73.90982056,FALSE,5,07-10-2022 00:00
433,6,10,2022,Goa,Humpback dolphin,,,3,4,6,15.14120197,73.9270401,FALSE,5.5,06-10-2022 12:00
433,6,10,2022,Goa,Humpback dolphin,,,3,4,6,15.18073463,73.9271698,FALSE,6,06-10-2022 00:00
437,4,10,2022,Goa,Humpback dolphin,,,2,1,2,15.16977256,73.94156599,FALSE,0,04-10-2022 00:00
437,3,10,2022,Goa,Humpback dolphin,,,2,1,2,15.25168133,73.92861176,FALSE,0.5,03-10-2022 12:00
437,3,10,2022,Goa,Humpback dolphin,,,2,1,2,15.27774048,73.92233276,FALSE,1,03-10-2022 00:00
437,2,10,2022,Goa,Humpback dolphin,,,2,1,2,15.27944565,73.92233276,FALSE,1.5,02-10-2022 12:00
437,2,10,2022,Goa,Humpback dolphin,,,2,1,2,15.27985001,73.92225647,FALSE,2,02-10-2022 00:00
439,1,10,2022,Goa,Indo-Pacific finless porpoise,,c,2,0.5,1,14.96395421,74.046939,FALSE,0,01-10-2022 00:00
439,30,9,2022,Goa,Indo-Pacific finless porpoise,,c,2,0.5,1,14.96744633,74.04927063,FALSE,0.5,30-09-2022 12:00
439,30,9,2022,Goa,Indo-Pacific finless porpoise,,c,2,0.5,1,14.9763546,74.04371643,FALSE,1,30-09-2022 00:00
451,29,8,2022,Goa,Humpback dolphin,,,3,2,4,15.041198,73.98673062,FALSE,0,29-08-2022 00:00
451,28,8,2022,Goa,Humpback dolphin,,,3,2,4,15.04665947,73.98431396,FALSE,0.5,28-08-2022 12:00
451,28,8,2022,Goa,Humpback dolphin,,,3,2,4,15.06283474,73.97787476,FALSE,1,28-08-2022 00:00
451,27,8,2022,Goa,Humpback dolphin,,,3,2,4,15.10629559,73.97088623,FALSE,1.5,27-08-2022 12:00
451,27,8,2022,Goa,Humpback dolphin,,,3,2,4,15.17282677,73.95996094,FALSE,2,27-08-2022 00:00
451,26,8,2022,Goa,Humpback dolphin,,,3,2,4,15.22066593,73.95620728,FALSE,2.5,26-08-2022 12:00
451,26,8,2022,Goa,Humpback dolphin,,,3,2,4,15.2579422,73.94351196,FALSE,3,26-08-2022 00:00
451,25,8,2022,Goa,Humpback dolphin,,,3,2,4,15.26836586,73.94328308,FALSE,3.5,25-08-2022 12:00
451,25,8,2022,Goa,Humpback dolphin,,,3,2,4,15.27323341,73.94238281,FALSE,4,25-08-2022 00:00
453,19,8,2022,Goa,Humpback dolphin,M,,3,4,6,15.20707242,73.93243577,FALSE,0,19-08-2022 00:00
453,18,8,2022,Goa,Humpback dolphin,,,3,4,6,15.20066929,73.92880249,FALSE,0.5,18-08-2022 12:00
453,18,8,2022,Goa,Humpback dolphin,,,3,4,6,15.18406677,73.91298676,FALSE,1,18-08-2022 00:00
453,17,8,2022,Goa,Humpback dolphin,,,3,4,6,15.15843201,73.90900421,FALSE,1.5,17-08-2022 12:00
453,17,8,2022,Goa,Humpback dolphin,,,3,4,6,15.10270023,73.89138031,FALSE,2,17-08-2022 00:00
453,16,8,2022,Goa,Humpback dolphin,,,3,4,6,15.06197739,73.89399719,FALSE,2.5,16-08-2022 12:00
453,16,8,2022,Goa,Humpback dolphin,,,3,4,6,15.03449726,73.88005829,FALSE,3,16-08-2022 00:00
453,15,8,2022,Goa,Humpback dolphin,,,3,4,6,15.0080862,73.86829376,FALSE,3.5,15-08-2022 12:00
453,15,8,2022,Goa,Humpback dolphin,,,3,4,6,14.97966766,73.85551453,FALSE,4,15-08-2022 00:00
453,14,8,2022,Goa,Humpback dolphin,,,3,4,6,14.98619556,73.84812927,FALSE,4.5,14-08-2022 12:00
453,14,8,2022,Goa,Humpback dolphin,,,3,4,6,15.02043724,73.80843353,FALSE,5,14-08-2022 00:00
453,13,8,2022,Goa,Humpback dolphin,,,3,4,6,15.06113434,73.75373077,FALSE,5.5,13-08-2022 12:00
453,13,8,2022,Goa,Humpback dolphin,,,3,4,6,15.13973808,73.67412567,FALSE,6,13-08-2022 00:00
464,17,7,2022,Goa,Indo-Pacific finless porpoise,,C,2,0.5,1,15.28945354,73.90762144,FALSE,0,17-07-2022 00:00
464,16,7,2022,Goa,Indo-Pacific finless porpoise,,C,2,0.5,1,15.28925323,73.90650177,FALSE,0.5,16-07-2022 12:00
464,16,7,2022,Goa,Indo-Pacific finless porpoise,,C,2,0.5,1,15.28751755,73.90425873,FALSE,1,16-07-2022 00:00
467,8,7,2022,Goa,Humpback dolphin,,SA,2,0.5,1,15.29435603,73.90621498,FALSE,0,08-07-2022 00:00
467,7,7,2022,Goa,Humpback dolphin,,SA,2,0.5,1,15.29916382,73.90245056,FALSE,0.5,07-07-2022 12:00
467,7,7,2022,Goa,Humpback dolphin,,SA,2,0.5,1,15.30306435,73.89788818,FALSE,1,07-07-2022 00:00
468,6,7,2022,Goa,Humpback dolphin,,SA,2,1,2,15.49043696,73.76982006,FALSE,0,06-07-2022 00:00
468,5,7,2022,Goa,Humpback dolphin,,SA,2,1,2,15.5099535,73.75431061,FALSE,0.5,05-07-2022 12:00
468,5,7,2022,Goa,Humpback dolphin,,SA,2,1,2,15.52157021,73.73160553,FALSE,1,05-07-2022 00:00
468,4,7,2022,Goa,Humpback dolphin,,SA,2,1,2,15.55351543,73.70583344,FALSE,1.5,04-07-2022 12:00
468,4,7,2022,Goa,Humpback dolphin,,SA,2,1,2,15.5718708,73.68826294,FALSE,2,04-07-2022 00:00
487,1,6,2022,Goa,Humpback dolphin,,,2,1,2,15.34978759,73.88562159,FALSE,0,01-06-2022 00:00
487,31,5,2022,Goa,Humpback dolphin,,,2,1,2,15.34986782,73.88616943,FALSE,0.5,31-05-2022 12:00
487,31,5,2022,Goa,Humpback dolphin,,,2,1,2,15.35285568,73.88117981,FALSE,1,31-05-2022 00:00
487,30,5,2022,Goa,Humpback dolphin,,,2,1,2,15.35609055,73.8770752,FALSE,1.5,30-05-2022 12:00
487,30,5,2022,Goa,Humpback dolphin,,,2,1,2,15.36090374,73.86920929,FALSE,2,30-05-2022 00:00
493,25,5,2022,Goa,Humpback dolphin,,,3,3,5,15.33177625,73.89362654,FALSE,0,25-05-2022 00:00
493,24,5,2022,Goa,Humpback dolphin,,,3,3,5,15.32792377,73.89723969,FALSE,0.5,24-05-2022 12:00
493,24,5,2022,Goa,Humpback dolphin,,,3,3,5,15.32224846,73.89957428,FALSE,1,24-05-2022 00:00
493,23,5,2022,Goa,Humpback dolphin,,,3,3,5,15.31833935,73.90268707,FALSE,1.5,23-05-2022 12:00
493,23,5,2022,Goa,Humpback dolphin,,,3,3,5,15.31416702,73.90372467,FALSE,2,23-05-2022 00:00
493,22,5,2022,Goa,Humpback dolphin,,,3,3,5,15.31124592,73.90548706,FALSE,2.5,22-05-2022 12:00
493,22,5,2022,Goa,Humpback dolphin,,,3,3,5,15.30736351,73.90610504,FALSE,3,22-05-2022 00:00
493,21,5,2022,Goa,Humpback dolphin,,,3,3,5,15.30517673,73.90750122,FALSE,3.5,21-05-2022 12:00
493,21,5,2022,Goa,Humpback dolphin,,,3,3,5,15.30181313,73.90801239,FALSE,4,21-05-2022 00:00
493,20,5,2022,Goa,Humpback dolphin,,,3,3,5,15.29979515,73.90872955,FALSE,4.5,20-05-2022 12:00
493,20,5,2022,Goa,Humpback dolphin,,,3,3,5,15.29768753,73.90808868,FALSE,5,20-05-2022 00:00
500,17,5,2022,Goa,Humpback dolphin,,,3,2,4,15.2214881,73.92828295,FALSE,0,17-05-2022 00:00
500,16,5,2022,Goa,Humpback dolphin,,,3,2,4,15.26243687,73.91943359,FALSE,0.5,16-05-2022 12:00
500,16,5,2022,Goa,Humpback dolphin,,,3,2,4,15.27681541,73.91529083,FALSE,1,16-05-2022 00:00
500,15,5,2022,Goa,Humpback dolphin,,,3,2,4,15.27966404,73.91519928,FALSE,1.5,15-05-2022 12:00
500,15,5,2022,Goa,Humpback dolphin,,,3,2,4,15.28141403,73.91446686,FALSE,2,15-05-2022 00:00
500,14,5,2022,Goa,Humpback dolphin,,,3,2,4,15.2810173,73.91455841,FALSE,2.5,14-05-2022 12:00
500,14,5,2022,Goa,Humpback dolphin,,,3,2,4,15.2800045,73.91379547,FALSE,3,14-05-2022 00:00
500,13,5,2022,Goa,Humpback dolphin,,,3,2,4,15.28009605,73.91379547,FALSE,3.5,13-05-2022 12:00
500,13,5,2022,Goa,Humpback dolphin,,,3,2,4,15.28114319,73.9126358,FALSE,4,13-05-2022 00:00
508,30,4,2022,Goa,Indo-Pacific finless porpoise,,,3,2,4,14.99682596,74.03319324,FALSE,0,30-04-2022 00:00
508,29,4,2022,Goa,Indo-Pacific finless porpoise,,,3,2,4,15.00316715,74.03085327,FALSE,0.5,29-04-2022 12:00
508,29,4,2022,Goa,Indo-Pacific finless porpoise,,,3,2,4,15.00710106,74.01957703,FALSE,1,29-04-2022 00:00
508,28,4,2022,Goa,Indo-Pacific finless porpoise,,,3,2,4,15.00922203,74.01858521,FALSE,1.5,28-04-2022 12:00
508,28,4,2022,Goa,Indo-Pacific finless porpoise,,,3,2,4,15.00470829,74.00841522,FALSE,2,28-04-2022 00:00
508,27,4,2022,Goa,Indo-Pacific finless porpoise,,,3,2,4,15.01289463,74.00196838,FALSE,2.5,27-04-2022 12:00
508,27,4,2022,Goa,Indo-Pacific finless porpoise,,,3,2,4,15.00881863,73.9887085,FALSE,3,27-04-2022 00:00
508,26,4,2022,Goa,Indo-Pacific finless porpoise,,,3,2,4,15.01499939,73.98784637,FALSE,3.5,26-04-2022 12:00
508,26,4,2022,Goa,Indo-Pacific finless porpoise,,,3,2,4,15.02131748,73.97626495,FALSE,4,26-04-2022 00:00
513,24,4,2022,Goa,Humpback dolphin,,,2,1,2,15.29103722,73.9076114,FALSE,0,24-04-2022 00:00
513,23,4,2022,Goa,Humpback dolphin,,,2,1,2,15.29177284,73.90742493,FALSE,0.5,23-04-2022 12:00
513,23,4,2022,Goa,Humpback dolphin,,,2,1,2,15.28915215,73.90543365,FALSE,1,23-04-2022 00:00
513,22,4,2022,Goa,Humpback dolphin,,,2,1,2,15.28945065,73.90525055,FALSE,1.5,22-04-2022 12:00
513,22,4,2022,Goa,Humpback dolphin,,,2,1,2,15.28470135,73.90377808,FALSE,2,22-04-2022 00:00
514,23,4,2022,Goa,Humpback dolphin,,SA,4,5,7,15.26217387,73.91641235,FALSE,0,23-04-2022 00:00
514,22,4,2022,Goa,Humpback dolphin,,SA,4,5,7,15.26288128,73.91500092,FALSE,0.5,22-04-2022 12:00
514,22,4,2022,Goa,Humpback dolphin,,SA,4,5,7,15.23628902,73.90686035,FALSE,1,22-04-2022 00:00
514,21,4,2022,Goa,Humpback dolphin,,SA,4,5,7,15.21883011,73.90872955,FALSE,1.5,21-04-2022 12:00
514,21,4,2022,Goa,Humpback dolphin,,SA,4,5,7,15.15851212,73.89538574,FALSE,2,21-04-2022 00:00
514,20,4,2022,Goa,Humpback dolphin,,SA,4,5,7,15.16291714,73.89619446,FALSE,2.5,20-04-2022 12:00
514,20,4,2022,Goa,Humpback dolphin,,SA,4,5,7,15.22176647,73.88005066,FALSE,3,20-04-2022 00:00
514,19,4,2022,Goa,Humpback dolphin,,SA,4,5,7,15.25332832,73.87774658,FALSE,3.5,19-04-2022 12:00
514,19,4,2022,Goa,Humpback dolphin,,SA,4,5,7,15.28137207,73.86756134,FALSE,4,19-04-2022 00:00
514,18,4,2022,Goa,Humpback dolphin,,SA,4,5,7,15.28386402,73.86852264,FALSE,4.5,18-04-2022 12:00
514,18,4,2022,Goa,Humpback dolphin,,SA,4,5,7,15.28990936,73.86064148,FALSE,5,18-04-2022 00:00
514,17,4,2022,Goa,Humpback dolphin,,SA,4,5,7,15.29112053,73.86247253,FALSE,5.5,17-04-2022 12:00
514,17,4,2022,Goa,Humpback dolphin,,SA,4,5,7,15.28298283,73.85167694,FALSE,6,17-04-2022 00:00
514,16,4,2022,Goa,Humpback dolphin,,SA,4,5,7,15.28910923,73.8523407,FALSE,6.5,16-04-2022 12:00
514,16,4,2022,Goa,Humpback dolphin,,SA,4,5,7,15.2803669,73.84075928,FALSE,7,16-04-2022 00:00
515,23,4,2022,Goa,Humpback dolphin,,SA,4,5,8,15.3538294,73.88372077,FALSE,0,23-04-2022 00:00
515,22,4,2022,Goa,Humpback dolphin,,SA,4,5,8,15.35426426,73.88317108,FALSE,0.5,22-04-2022 12:00
515,22,4,2022,Goa,Humpback dolphin,,SA,4,5,8,15.35076237,73.88111877,FALSE,1,22-04-2022 00:00
515,21,4,2022,Goa,Humpback dolphin,,SA,4,5,8,15.34986401,73.88389587,FALSE,1.5,21-04-2022 12:00
515,21,4,2022,Goa,Humpback dolphin,,SA,4,5,8,15.34230232,73.88105774,FALSE,2,21-04-2022 00:00
515,20,4,2022,Goa,Humpback dolphin,,SA,4,5,8,15.34230232,73.88048553,FALSE,2.5,20-04-2022 12:00
515,20,4,2022,Goa,Humpback dolphin,,SA,4,5,8,15.35032177,73.87220001,FALSE,3,20-04-2022 00:00
515,19,4,2022,Goa,Humpback dolphin,,SA,4,5,8,15.35634613,73.86832428,FALSE,3.5,19-04-2022 12:00
515,19,4,2022,Goa,Humpback dolphin,,SA,4,5,8,15.36329269,73.85879517,FALSE,4,19-04-2022 00:00
515,18,4,2022,Goa,Humpback dolphin,,SA,4,5,8,15.36437035,73.85852051,FALSE,4.5,18-04-2022 12:00
515,18,4,2022,Goa,Humpback dolphin,,SA,4,5,8,15.36677742,73.85352325,FALSE,5,18-04-2022 00:00
515,17,4,2022,Goa,Humpback dolphin,,SA,4,5,8,15.36756229,73.85515594,FALSE,5.5,17-04-2022 12:00
515,17,4,2022,Goa,Humpback dolphin,,SA,4,5,8,15.36619663,73.84892273,FALSE,6,17-04-2022 00:00
515,16,4,2022,Goa,Humpback dolphin,,SA,4,5,8,15.36817074,73.84949493,FALSE,6.5,16-04-2022 12:00
515,16,4,2022,Goa,Humpback dolphin,,SA,4,5,8,15.36701298,73.84349823,FALSE,7,16-04-2022 00:00
515,15,4,2022,Goa,Humpback dolphin,,SA,4,5,8,15.36578178,73.8456955,FALSE,7.5,15-04-2022 12:00
515,15,4,2022,Goa,Humpback dolphin,,SA,4,5,8,15.36961079,73.83517456,FALSE,8,15-04-2022 00:00
516,23,4,2022,Goa,Humpback dolphin,,SA,3,2,4,15.20931905,73.93198516,FALSE,0,23-04-2022 00:00
516,22,4,2022,Goa,Humpback dolphin,,SA,3,2,4,15.21143627,73.92785645,FALSE,0.5,22-04-2022 12:00
516,22,4,2022,Goa,Humpback dolphin,,SA,3,2,4,15.17164993,73.91419983,FALSE,1,22-04-2022 00:00
516,21,4,2022,Goa,Humpback dolphin,,SA,3,2,4,15.14848328,73.91189575,FALSE,1.5,21-04-2022 12:00
516,21,4,2022,Goa,Humpback dolphin,,SA,3,2,4,15.09128571,73.89818573,FALSE,2,21-04-2022 00:00
516,20,4,2022,Goa,Humpback dolphin,,SA,3,2,4,15.09797382,73.89993286,FALSE,2.5,20-04-2022 12:00
516,20,4,2022,Goa,Humpback dolphin,,SA,3,2,4,15.16232204,73.88460541,FALSE,3,20-04-2022 00:00
516,19,4,2022,Goa,Humpback dolphin,,SA,3,2,4,15.19894123,73.88317108,FALSE,3.5,19-04-2022 12:00
516,19,4,2022,Goa,Humpback dolphin,,SA,3,2,4,15.24425602,73.87020874,FALSE,4,19-04-2022 00:00
520,11,4,2022,Goa,Humpback dolphin,,A,3,4,6,15.25821875,73.91727848,FALSE,0,11-04-2022 00:00
520,10,4,2022,Goa,Humpback dolphin,,A,3,4,6,15.27337265,73.91345215,FALSE,0.5,10-04-2022 12:00
520,10,4,2022,Goa,Humpback dolphin,,A,3,4,6,15.27951622,73.90932465,FALSE,1,10-04-2022 00:00
520,9,4,2022,Goa,Humpback dolphin,,A,3,4,6,15.28122807,73.90894318,FALSE,1.5,09-04-2022 12:00
520,9,4,2022,Goa,Humpback dolphin,,A,3,4,6,15.27582741,73.90665436,FALSE,2,09-04-2022 00:00
520,8,4,2022,Goa,Humpback dolphin,,A,3,4,6,15.27083206,73.90736389,FALSE,2.5,08-04-2022 12:00
520,8,4,2022,Goa,Humpback dolphin,,A,3,4,6,15.24404144,73.90187836,FALSE,3,08-04-2022 00:00
520,7,4,2022,Goa,Humpback dolphin,,A,3,4,6,15.22518826,73.90892029,FALSE,3.5,07-04-2022 12:00
520,7,4,2022,Goa,Humpback dolphin,,A,3,4,6,15.22160721,73.89820862,FALSE,4,07-04-2022 00:00
520,6,4,2022,Goa,Humpback dolphin,,A,3,4,6,15.22671604,73.8966217,FALSE,4.5,06-04-2022 12:00
520,6,4,2022,Goa,Humpback dolphin,,A,3,4,6,15.22913933,73.87960052,FALSE,5,06-04-2022 00:00
520,5,4,2022,Goa,Humpback dolphin,,A,3,4,6,15.24560356,73.87969208,FALSE,5.5,05-04-2022 12:00
520,5,4,2022,Goa,Humpback dolphin,,A,3,4,6,15.24183655,73.86386871,FALSE,6,05-04-2022 00:00
539,6,1,2022,Goa,Humpback dolphin,,SA,2,1,2,15.51711687,73.76283214,FALSE,0,06-01-2022 00:00
539,5,1,2022,Goa,Humpback dolphin,,SA,2,1,2,15.52383995,73.76206207,FALSE,0.5,05-01-2022 12:00
539,5,1,2022,Goa,Humpback dolphin,,SA,2,1,2,15.5265913,73.75478363,FALSE,1,05-01-2022 00:00
539,4,1,2022,Goa,Humpback dolphin,,SA,2,1,2,15.5256443,73.76089478,FALSE,1.5,04-01-2022 12:00
539,4,1,2022,Goa,Humpback dolphin,,SA,2,1,2,15.52463913,73.76089478,FALSE,2,04-01-2022 00:00
547,15,11,2021,Goa,Indo-Pacific finless porpoise,,,3,3,5,15.51727409,73.76280262,FALSE,0,15-11-2021 00:00
547,14,11,2021,Goa,Indo-Pacific finless porpoise,,,3,3,5,15.52250671,73.75585938,FALSE,0.5,14-11-2021 12:00
547,14,11,2021,Goa,Indo-Pacific finless porpoise,,,3,3,5,15.53745174,73.74454498,FALSE,1,14-11-2021 00:00
547,13,11,2021,Goa,Indo-Pacific finless porpoise,,,3,3,5,15.54498196,73.74163055,FALSE,1.5,13-11-2021 12:00
547,13,11,2021,Goa,Indo-Pacific finless porpoise,,,3,3,5,15.55498219,73.73579407,FALSE,2,13-11-2021 00:00
547,12,11,2021,Goa,Indo-Pacific finless porpoise,,,3,3,5,15.55981731,73.73474121,FALSE,2.5,12-11-2021 12:00
547,12,11,2021,Goa,Indo-Pacific finless porpoise,,,3,3,5,15.56382656,73.73483276,FALSE,3,12-11-2021 00:00
547,11,11,2021,Goa,Indo-Pacific finless porpoise,,,3,3,5,15.56737328,73.73419189,FALSE,3.5,11-11-2021 12:00
547,11,11,2021,Goa,Indo-Pacific finless porpoise,,,3,3,5,15.58467293,73.73141479,FALSE,4,11-11-2021 00:00
547,10,11,2021,Goa,Indo-Pacific finless porpoise,,,3,3,5,15.59245586,73.72975922,FALSE,4.5,10-11-2021 12:00
547,10,11,2021,Goa,Indo-Pacific finless porpoise,,,3,3,5,15.60018444,73.73088074,FALSE,5,10-11-2021 00:00
561,29,9,2021,Goa,Humpback dolphin,,,3,3,6,15.27596572,73.91282075,FALSE,0,29-09-2021 00:00
561,28,9,2021,Goa,Humpback dolphin,,,3,3,6,15.27394962,73.9103241,FALSE,0.5,28-09-2021 12:00
561,28,9,2021,Goa,Humpback dolphin,,,3,3,6,15.27187634,73.90543365,FALSE,1,28-09-2021 00:00
561,27,9,2021,Goa,Humpback dolphin,,,3,3,6,15.27992821,73.90398407,FALSE,1.5,27-09-2021 12:00
561,27,9,2021,Goa,Humpback dolphin,,,3,3,6,15.2892828,73.90061951,FALSE,2,27-09-2021 00:00
561,26,9,2021,Goa,Humpback dolphin,,,3,3,6,15.2945118,73.90098572,FALSE,2.5,26-09-2021 12:00
561,26,9,2021,Goa,Humpback dolphin,,,3,3,6,15.29706955,73.89978027,FALSE,3,26-09-2021 00:00
561,25,9,2021,Goa,Humpback dolphin,,,3,3,6,15.30021,73.90110779,FALSE,3.5,25-09-2021 12:00
561,25,9,2021,Goa,Humpback dolphin,,,3,3,6,15.30285931,73.90028381,FALSE,4,25-09-2021 00:00
561,24,9,2021,Goa,Humpback dolphin,,,3,3,6,15.30470753,73.90184021,FALSE,4.5,24-09-2021 12:00
561,24,9,2021,Goa,Humpback dolphin,,,3,3,6,15.30448627,73.8999939,FALSE,5,24-09-2021 00:00
561,23,9,2021,Goa,Humpback dolphin,,,3,3,6,15.3070631,73.90045166,FALSE,5.5,23-09-2021 12:00
561,23,9,2021,Goa,Humpback dolphin,,,3,3,6,15.31112862,73.89888763,FALSE,6,23-09-2021 00:00
566,21,9,2021,Goa,Humpback dolphin,,,3,3,5,15.15633391,73.94508795,FALSE,0,21-09-2021 00:00
566,20,9,2021,Goa,Humpback dolphin,,,3,3,5,15.2017355,73.94269562,FALSE,0.5,20-09-2021 12:00
566,20,9,2021,Goa,Humpback dolphin,,,3,3,5,15.23595905,73.93501282,FALSE,1,20-09-2021 00:00
566,19,9,2021,Goa,Humpback dolphin,,,3,3,5,15.24657059,73.9371109,FALSE,1.5,19-09-2021 12:00
566,19,9,2021,Goa,Humpback dolphin,,,3,3,5,15.21508121,73.92880249,FALSE,2,19-09-2021 00:00
566,18,9,2021,Goa,Humpback dolphin,,,3,3,5,15.1921196,73.93006897,FALSE,2.5,18-09-2021 12:00
566,18,9,2021,Goa,Humpback dolphin,,,3,3,5,15.13814163,73.9182663,FALSE,3,18-09-2021 00:00
566,17,9,2021,Goa,Humpback dolphin,,,3,3,5,15.1198616,73.91641998,FALSE,3.5,17-09-2021 12:00
566,17,9,2021,Goa,Humpback dolphin,,,3,3,5,15.08525181,73.90083313,FALSE,4,17-09-2021 00:00
566,16,9,2021,Goa,Humpback dolphin,,,3,3,5,15.08591843,73.89872742,FALSE,4.5,16-09-2021 12:00
566,16,9,2021,Goa,Humpback dolphin,,,3,3,5,15.04610443,73.88808441,FALSE,5,16-09-2021 00:00
567,20,9,2021,Goa,Indo-Pacific finless porpoise,M,,3,3,5,15.25231378,73.91981912,FALSE,0,20-09-2021 00:00
567,19,9,2021,Goa,Indo-Pacific finless porpoise,,,3,3,5,15.26042938,73.92144775,FALSE,0.5,19-09-2021 12:00
567,19,9,2021,Goa,Indo-Pacific finless porpoise,,,3,3,5,15.23197746,73.91390991,FALSE,1,19-09-2021 00:00
567,18,9,2021,Goa,Indo-Pacific finless porpoise,,,3,3,5,15.20732117,73.91635895,FALSE,1.5,18-09-2021 12:00
567,18,9,2021,Goa,Indo-Pacific finless porpoise,,,3,3,5,15.15117455,73.90454102,FALSE,2,18-09-2021 00:00
567,17,9,2021,Goa,Indo-Pacific finless porpoise,,,3,3,5,15.13290977,73.90298462,FALSE,2.5,17-09-2021 12:00
567,17,9,2021,Goa,Indo-Pacific finless porpoise,,,3,3,5,15.09635067,73.88752747,FALSE,3,17-09-2021 00:00
567,16,9,2021,Goa,Indo-Pacific finless porpoise,,,3,3,5,15.09725571,73.88511658,FALSE,3.5,16-09-2021 12:00
567,16,9,2021,Goa,Indo-Pacific finless porpoise,,,3,3,5,15.05101204,73.87376404,FALSE,4,16-09-2021 00:00
567,15,9,2021,Goa,Indo-Pacific finless porpoise,,,3,3,5,14.99963284,73.89041901,FALSE,4.5,15-09-2021 12:00
567,15,9,2021,Goa,Indo-Pacific finless porpoise,,,3,3,5,14.90065002,73.91605377,FALSE,5,15-09-2021 00:00
570,18,9,2021,Goa,Indo-Pacific finless porpoise,,C,2,0.5,1,15.39407472,73.80495319,FALSE,0,18-09-2021 00:00
570,17,9,2021,Goa,Indo-Pacific finless porpoise,,C,2,0.5,1,15.39256763,73.80680847,FALSE,0.5,17-09-2021 12:00
570,17,9,2021,Goa,Indo-Pacific finless porpoise,,C,2,0.5,1,15.39146233,73.80272675,FALSE,1,17-09-2021 00:00
576,15,9,2021,Goa,Humpback dolphin,,C,2,0.5,1,14.99770158,74.03272152,FALSE,0,15-09-2021 00:00
576,14,9,2021,Goa,Humpback dolphin,,C,2,0.5,1,14.99722099,74.03433228,FALSE,0.5,14-09-2021 12:00
576,14,9,2021,Goa,Humpback dolphin,,C,2,0.5,1,14.99814224,74.02780914,FALSE,1,14-09-2021 00:00
583,9,9,2021,Goa,Indo-Pacific finless porpoise,,,2,0.5,1,15.27596572,73.91282075,FALSE,0,09-09-2021 00:00
583,8,9,2021,Goa,Indo-Pacific finless porpoise,,,2,0.5,1,15.27373314,73.90929413,FALSE,0.5,08-09-2021 12:00
583,8,9,2021,Goa,Indo-Pacific finless porpoise,,,2,0.5,1,15.27316093,73.9045105,FALSE,1,08-09-2021 00:00
590,3,9,2021,Goa,Humpback dolphin,,,2,2,4,15.6345,73.7212,FALSE,0,03-09-2021 00:00
590,2,9,2021,Goa,Humpback dolphin,,,2,2,4,15.63875198,73.7158432,FALSE,0.5,02-09-2021 12:00
590,2,9,2021,Goa,Humpback dolphin,,,2,2,4,15.63477135,73.70957947,FALSE,1,02-09-2021 00:00
590,1,9,2021,Goa,Humpback dolphin,,,2,2,4,15.64312458,73.70849609,FALSE,1.5,01-09-2021 12:00
590,1,9,2021,Goa,Humpback dolphin,,,2,2,4,15.6474781,73.69595337,FALSE,2,01-09-2021 00:00
590,31,8,2021,Goa,Humpback dolphin,,,2,2,4,15.65833855,73.69584656,FALSE,2.5,31-08-2021 12:00
590,31,8,2021,Goa,Humpback dolphin,,,2,2,4,15.67637825,73.68415833,FALSE,3,31-08-2021 00:00
590,30,8,2021,Goa,Humpback dolphin,,,2,2,4,15.6897583,73.68373871,FALSE,3.5,30-08-2021 12:00
590,30,8,2021,Goa,Humpback dolphin,,,2,2,4,15.73759937,73.67411041,FALSE,4,30-08-2021 00:00
604,19,8,2021,Goa,Humpback dolphin,,,3,2,4,14.96050023,74.04847122,FALSE,0,19-08-2021 00:00
604,18,8,2021,Goa,Humpback dolphin,,,3,2,4,14.96664906,74.04557037,FALSE,0.5,18-08-2021 12:00
604,18,8,2021,Goa,Humpback dolphin,,,3,2,4,14.97208309,74.04091644,FALSE,1,18-08-2021 00:00
604,17,8,2021,Goa,Humpback dolphin,,,3,2,4,14.97461605,74.04272461,FALSE,1.5,17-08-2021 12:00
604,17,8,2021,Goa,Humpback dolphin,,,3,2,4,14.96949196,74.04148865,FALSE,2,17-08-2021 00:00
604,16,8,2021,Goa,Humpback dolphin,,,3,2,4,14.96599293,74.04626465,FALSE,2.5,16-08-2021 12:00
604,16,8,2021,Goa,Humpback dolphin,,,3,2,4,14.96274185,74.0442276,FALSE,3,16-08-2021 00:00
604,15,8,2021,Goa,Humpback dolphin,,,3,2,4,14.96241093,74.04286957,FALSE,3.5,15-08-2021 12:00
604,15,8,2021,Goa,Humpback dolphin,,,3,2,4,14.96237659,74.03639221,FALSE,4,15-08-2021 00:00
609,11,8,2021,Goa,Humpback dolphin,,,2,0.5,1,15.68412588,73.70332231,FALSE,0,11-08-2021 00:00
609,10,8,2021,Goa,Humpback dolphin,,,2,0.5,1,15.69726849,73.70230865,FALSE,0.5,10-08-2021 12:00
609,10,8,2021,Goa,Humpback dolphin,,,2,0.5,1,15.7038126,73.69647217,FALSE,1,10-08-2021 00:00
616,27,7,2021,Goa,Humpback dolphin,,,4,4,6,15.3131,73.8998,FALSE,0,27-07-2021 00:00
616,26,7,2021,Goa,Humpback dolphin,,,4,4,6,15.31810856,73.89610291,FALSE,0.5,26-07-2021 12:00
616,26,7,2021,Goa,Humpback dolphin,,,4,4,6,15.31937981,73.89163971,FALSE,1,26-07-2021 00:00
616,25,7,2021,Goa,Humpback dolphin,,,4,4,6,15.32771587,73.88561249,FALSE,1.5,25-07-2021 12:00
616,25,7,2021,Goa,Humpback dolphin,,,4,4,6,15.33285332,73.87899017,FALSE,2,25-07-2021 00:00
616,24,7,2021,Goa,Humpback dolphin,,,4,4,6,15.34195042,73.87193298,FALSE,2.5,24-07-2021 12:00
616,24,7,2021,Goa,Humpback dolphin,,,4,4,6,15.34956646,73.86318207,FALSE,3,24-07-2021 00:00
616,23,7,2021,Goa,Humpback dolphin,,,4,4,6,15.35425472,73.85469818,FALSE,3.5,23-07-2021 12:00
616,23,7,2021,Goa,Humpback dolphin,,,4,4,6,15.36094189,73.83853912,FALSE,4,23-07-2021 00:00
616,22,7,2021,Goa,Humpback dolphin,,,4,4,6,15.3747139,73.82136536,FALSE,4.5,22-07-2021 12:00
616,22,7,2021,Goa,Humpback dolphin,,,4,4,6,15.40590477,73.8030014,FALSE,5,22-07-2021 00:00
616,21,7,2021,Goa,Humpback dolphin,,,4,4,6,15.45563412,73.77671051,FALSE,5.5,21-07-2021 12:00
616,21,7,2021,Goa,Humpback dolphin,,,4,4,6,15.50370884,73.74619293,FALSE,6,21-07-2021 00:00
619,26,7,2021,Goa,Indo-Pacific finless porpoise,,,3,2,4,15.5183,73.7625,FALSE,0,26-07-2021 00:00
619,25,7,2021,Goa,Indo-Pacific finless porpoise,,,3,2,4,15.52832317,73.74913025,FALSE,0.5,25-07-2021 12:00
619,25,7,2021,Goa,Indo-Pacific finless porpoise,,,3,2,4,15.53876781,73.73455048,FALSE,1,25-07-2021 00:00
619,24,7,2021,Goa,Indo-Pacific finless porpoise,,,3,2,4,15.5486412,73.71964264,FALSE,1.5,24-07-2021 12:00
619,24,7,2021,Goa,Indo-Pacific finless porpoise,,,3,2,4,15.56470108,73.70788574,FALSE,2,24-07-2021 00:00
619,23,7,2021,Goa,Indo-Pacific finless porpoise,,,3,2,4,15.58067322,73.70046234,FALSE,2.5,23-07-2021 12:00
619,23,7,2021,Goa,Indo-Pacific finless porpoise,,,3,2,4,15.60971546,73.67691803,FALSE,3,23-07-2021 00:00
619,22,7,2021,Goa,Indo-Pacific finless porpoise,,,3,2,4,15.65079308,73.64439392,FALSE,3.5,22-07-2021 12:00
619,22,7,2021,Goa,Indo-Pacific finless porpoise,,,3,2,4,15.72039127,73.59580994,FALSE,4,22-07-2021 00:00
624,25,7,2021,Goa,Humpback dolphin,,,2,0.5,1,15.3494,73.8858,FALSE,0,25-07-2021 00:00
624,24,7,2021,Goa,Humpback dolphin,,,2,0.5,1,15.35471058,73.88049316,FALSE,0.5,24-07-2021 12:00
624,24,7,2021,Goa,Humpback dolphin,,,2,0.5,1,15.35914326,73.87387848,FALSE,1,24-07-2021 00:00
630,12,7,2021,Goa,Humpback dolphin,M,A,2,1,2,15.1573147,73.9462,FALSE,0,12-07-2021 00:00
630,11,7,2021,Goa,Humpback dolphin,,A,2,1,2,15.21641827,73.92062378,FALSE,0.5,11-07-2021 12:00
630,11,7,2021,Goa,Humpback dolphin,,A,2,1,2,15.26830864,73.8950119,FALSE,1,11-07-2021 00:00
630,10,7,2021,Goa,Humpback dolphin,,A,2,1,2,15.29336071,73.8821106,FALSE,1.5,10-07-2021 12:00
630,10,7,2021,Goa,Humpback dolphin,,A,2,1,2,15.31558323,73.86594391,FALSE,2,10-07-2021 00:00
635,5,7,2021,Goa,Humpback dolphin,,,3,2,3,15.2570626,73.9187,FALSE,0,05-07-2021 00:00
635,4,7,2021,Goa,Humpback dolphin,,,3,2,3,15.26074886,73.91998291,FALSE,0.5,04-07-2021 12:00
635,4,7,2021,Goa,Humpback dolphin,,,3,2,3,15.25639057,73.91692352,FALSE,1,04-07-2021 00:00
635,3,7,2021,Goa,Humpback dolphin,,,3,2,3,15.23680115,73.91921997,FALSE,1.5,03-07-2021 12:00
635,3,7,2021,Goa,Humpback dolphin,,,3,2,3,15.19197178,73.90618134,FALSE,2,03-07-2021 00:00
635,2,7,2021,Goa,Humpback dolphin,,,3,2,3,15.1235466,73.90454865,FALSE,2.5,02-07-2021 12:00
635,2,7,2021,Goa,Humpback dolphin,,,3,2,3,15.0618248,73.89958191,FALSE,3,02-07-2021 00:00
637,2,7,2021,Goa,Humpback dolphin,,C,2,1,2,14.96651732,74.04575807,FALSE,0,02-07-2021 00:00
637,1,7,2021,Goa,Humpback dolphin,,C,2,1,2,14.96576023,74.04447937,FALSE,0.5,01-07-2021 12:00
637,1,7,2021,Goa,Humpback dolphin,,C,2,1,2,14.96922779,74.03612518,FALSE,1,01-07-2021 00:00
637,30,6,2021,Goa,Humpback dolphin,,C,2,1,2,14.97502136,74.0343399,FALSE,1.5,30-06-2021 12:00
637,30,6,2021,Goa,Humpback dolphin,,C,2,1,2,14.97672844,74.02496338,FALSE,2,30-06-2021 00:00
646,20,6,2021,Goa,Indo-Pacific finless porpoise,,,2,0.5,1,15.51801772,73.76257927,FALSE,0,20-06-2021 00:00
646,19,6,2021,Goa,Indo-Pacific finless porpoise,,,2,0.5,1,15.52037144,73.7602005,FALSE,0.5,19-06-2021 12:00
646,19,6,2021,Goa,Indo-Pacific finless porpoise,,,2,0.5,1,15.51756287,73.76258087,FALSE,1,19-06-2021 00:00
648,19,6,2021,Goa,Humpback dolphin,,,4,6,8,15.36985265,73.8328536,FALSE,0,19-06-2021 00:00
648,18,6,2021,Goa,Humpback dolphin,,,4,6,8,15.35969257,73.83558655,FALSE,0.5,18-06-2021 12:00
648,18,6,2021,Goa,Humpback dolphin,,,4,6,8,15.34980392,73.83943176,FALSE,1,18-06-2021 00:00
648,17,6,2021,Goa,Humpback dolphin,,,4,6,8,15.34320736,73.83970642,FALSE,1.5,17-06-2021 12:00
648,17,6,2021,Goa,Humpback dolphin,,,4,6,8,15.33894062,73.83711243,FALSE,2,17-06-2021 00:00
648,16,6,2021,Goa,Humpback dolphin,,,4,6,8,15.33752537,73.83794403,FALSE,2.5,16-06-2021 12:00
648,16,6,2021,Goa,Humpback dolphin,,,4,6,8,15.33207703,73.836586,FALSE,3,16-06-2021 00:00
648,15,6,2021,Goa,Humpback dolphin,,,4,6,8,15.33127785,73.83324432,FALSE,3.5,15-06-2021 12:00
648,15,6,2021,Goa,Humpback dolphin,,,4,6,8,15.35361481,73.81334686,FALSE,4,15-06-2021 00:00
648,14,6,2021,Goa,Humpback dolphin,,,4,6,8,15.36467934,73.80295563,FALSE,4.5,14-06-2021 12:00
648,14,6,2021,Goa,Humpback dolphin,,,4,6,8,15.37998104,73.78393555,FALSE,5,14-06-2021 00:00
648,13,6,2021,Goa,Humpback dolphin,,,4,6,8,15.40128613,73.77062988,FALSE,5.5,13-06-2021 12:00
648,13,6,2021,Goa,Humpback dolphin,,,4,6,8,15.41251945,73.76054382,FALSE,6,13-06-2021 00:00
648,12,6,2021,Goa,Humpback dolphin,,,4,6,8,15.43040466,73.75476837,FALSE,6.5,12-06-2021 12:00
648,12,6,2021,Goa,Humpback dolphin,,,4,6,8,15.43571758,73.73523712,FALSE,7,12-06-2021 00:00
648,11,6,2021,Goa,Humpback dolphin,,,4,6,8,15.43287849,73.71646881,FALSE,7.5,11-06-2021 12:00
648,11,6,2021,Goa,Humpback dolphin,,,4,6,8,15.42666912,73.7070694,FALSE,8,11-06-2021 00:00
651,17,6,2021,Goa,Humpback dolphin,,,3,3,5,15.20768,73.93269,FALSE,0,17-06-2021 00:00
651,16,6,2021,Goa,Humpback dolphin,,,3,3,5,15.20420551,73.92621613,FALSE,0.5,16-06-2021 12:00
651,16,6,2021,Goa,Humpback dolphin,,,3,3,5,15.1937809,73.91877747,FALSE,1,16-06-2021 00:00
651,15,6,2021,Goa,Humpback dolphin,,,3,3,5,15.19598389,73.90978241,FALSE,1.5,15-06-2021 12:00
651,15,6,2021,Goa,Humpback dolphin,,,3,3,5,15.23727417,73.89053345,FALSE,2,15-06-2021 00:00
651,14,6,2021,Goa,Humpback dolphin,,,3,3,5,15.24807358,73.88331604,FALSE,2.5,14-06-2021 12:00
651,14,6,2021,Goa,Humpback dolphin,,,3,3,5,15.26344299,73.87212372,FALSE,3,14-06-2021 00:00
651,13,6,2021,Goa,Humpback dolphin,,,3,3,5,15.27242661,73.86288452,FALSE,3.5,13-06-2021 12:00
651,13,6,2021,Goa,Humpback dolphin,,,3,3,5,15.2766161,73.85353088,FALSE,4,13-06-2021 00:00
651,12,6,2021,Goa,Humpback dolphin,,,3,3,5,15.28458595,73.84931183,FALSE,4.5,12-06-2021 12:00
651,12,6,2021,Goa,Humpback dolphin,,,3,3,5,15.29027557,73.83981323,FALSE,5,12-06-2021 00:00
656,15,6,2021,Goa,Indo-Pacific finless porpoise,,,2,1,2,15.51960012,73.76198125,FALSE,0,15-06-2021 00:00
656,14,6,2021,Goa,Indo-Pacific finless porpoise,,,2,1,2,15.52406788,73.75812531,FALSE,0.5,14-06-2021 12:00
656,14,6,2021,Goa,Indo-Pacific finless porpoise,,,2,1,2,15.52954674,73.74714661,FALSE,1,14-06-2021 00:00
656,13,6,2021,Goa,Indo-Pacific finless porpoise,,,2,1,2,15.53577423,73.74011993,FALSE,1.5,13-06-2021 12:00
656,13,6,2021,Goa,Indo-Pacific finless porpoise,,,2,1,2,15.53908539,73.73274994,FALSE,2,13-06-2021 00:00
659,14,6,2021,Goa,Humpback dolphin,M,,3,2,4,15.35418426,73.8834957,FALSE,0,14-06-2021 00:00
659,13,6,2021,Goa,Humpback dolphin,,,3,2,4,15.35661316,73.87779236,FALSE,0.5,13-06-2021 12:00
659,13,6,2021,Goa,Humpback dolphin,,,3,2,4,15.35802269,73.8724823,FALSE,1,13-06-2021 00:00
659,12,6,2021,Goa,Humpback dolphin,,,3,2,4,15.36024857,73.86847687,FALSE,1.5,12-06-2021 12:00
659,12,6,2021,Goa,Humpback dolphin,,,3,2,4,15.36258316,73.860672,FALSE,2,12-06-2021 00:00
659,11,6,2021,Goa,Humpback dolphin,,,3,2,4,15.36229515,73.85290527,FALSE,2.5,11-06-2021 12:00
659,11,6,2021,Goa,Humpback dolphin,,,3,2,4,15.36414528,73.84906006,FALSE,3,11-06-2021 00:00
659,10,6,2021,Goa,Humpback dolphin,,,3,2,4,15.36596012,73.84841919,FALSE,3.5,10-06-2021 12:00
659,10,6,2021,Goa,Humpback dolphin,,,3,2,4,15.36565781,73.84622192,FALSE,4,10-06-2021 00:00
660,14,6,2021,Goa,Humpback dolphin,,,2,1,2,15.15711512,73.94463731,FALSE,0,14-06-2021 00:00
660,13,6,2021,Goa,Humpback dolphin,,,2,1,2,15.16419506,73.93396759,FALSE,0.5,13-06-2021 12:00
660,13,6,2021,Goa,Humpback dolphin,,,2,1,2,15.16566849,73.9229126,FALSE,1,13-06-2021 00:00
660,12,6,2021,Goa,Humpback dolphin,,,2,1,2,15.17088318,73.91943359,FALSE,1.5,12-06-2021 12:00
660,12,6,2021,Goa,Humpback dolphin,,,2,1,2,15.15986824,73.90923309,FALSE,2,12-06-2021 00:00
662,12,6,2021,Goa,Humpback dolphin,,,3,3,5,15.4555962,73.8134,FALSE,0,12-06-2021 00:00
662,11,6,2021,Goa,Humpback dolphin,,,3,3,5,15.45568848,73.80397034,FALSE,0.5,11-06-2021 12:00
662,11,6,2021,Goa,Humpback dolphin,,,3,3,5,15.45766258,73.79957581,FALSE,1,11-06-2021 00:00
662,10,6,2021,Goa,Humpback dolphin,,,3,3,5,15.4587326,73.80127716,FALSE,1.5,10-06-2021 12:00
662,10,6,2021,Goa,Humpback dolphin,,,3,3,5,15.45775986,73.79999542,FALSE,2,10-06-2021 00:00
662,9,6,2021,Goa,Humpback dolphin,,,3,3,5,15.46294308,73.79649353,FALSE,2.5,09-06-2021 12:00
662,9,6,2021,Goa,Humpback dolphin,,,3,3,5,15.48425293,73.78730774,FALSE,3,09-06-2021 00:00
662,8,6,2021,Goa,Humpback dolphin,,,3,3,5,15.48897362,73.78474426,FALSE,3.5,08-06-2021 12:00
662,8,6,2021,Goa,Humpback dolphin,,,3,3,5,15.49376011,73.77626038,FALSE,4,08-06-2021 00:00
662,7,6,2021,Goa,Humpback dolphin,,,3,3,5,15.48880863,73.77891541,FALSE,4.5,07-06-2021 12:00
662,7,6,2021,Goa,Humpback dolphin,,,3,3,5,15.48221493,73.77639771,FALSE,5,07-06-2021 00:00
664,11,6,2021,Goa,Humpback dolphin,,,4,6,8,15.545019,73.75605,FALSE,0,11-06-2021 00:00
664,10,6,2021,Goa,Humpback dolphin,,,4,6,8,15.54490757,73.75655365,FALSE,0.5,10-06-2021 12:00
664,10,6,2021,Goa,Humpback dolphin,,,4,6,8,15.54454231,73.75521851,FALSE,1,10-06-2021 00:00
664,9,6,2021,Goa,Humpback dolphin,,,4,6,8,15.54609299,73.75349426,FALSE,1.5,09-06-2021 12:00
664,9,6,2021,Goa,Humpback dolphin,,,4,6,8,15.55245399,73.74907684,FALSE,2,09-06-2021 00:00
664,8,6,2021,Goa,Humpback dolphin,,,4,6,8,15.55429459,73.74886322,FALSE,2.5,08-06-2021 12:00
664,8,6,2021,Goa,Humpback dolphin,,,4,6,8,15.55594444,73.74560547,FALSE,3,08-06-2021 00:00
664,7,6,2021,Goa,Humpback dolphin,,,4,6,8,15.55304527,73.74717712,FALSE,3.5,07-06-2021 12:00
664,7,6,2021,Goa,Humpback dolphin,,,4,6,8,15.5471859,73.74556732,FALSE,4,07-06-2021 00:00
664,6,6,2021,Goa,Humpback dolphin,,,4,6,8,15.54022121,73.74838257,FALSE,4.5,06-06-2021 12:00
664,6,6,2021,Goa,Humpback dolphin,,,4,6,8,15.53005695,73.748909,FALSE,5,06-06-2021 00:00
664,5,6,2021,Goa,Humpback dolphin,,,4,6,8,15.52624607,73.75217438,FALSE,5.5,05-06-2021 12:00
664,5,6,2021,Goa,Humpback dolphin,,,4,6,8,15.52049828,73.75364685,FALSE,6,05-06-2021 00:00
664,4,6,2021,Goa,Humpback dolphin,,,4,6,8,15.50554848,73.7638092,FALSE,6.5,04-06-2021 12:00
664,4,6,2021,Goa,Humpback dolphin,,,4,6,8,15.49129105,73.77156067,FALSE,7,04-06-2021 00:00
664,3,6,2021,Goa,Humpback dolphin,,,4,6,8,15.47841454,73.78311157,FALSE,7.5,03-06-2021 12:00
664,3,6,2021,Goa,Humpback dolphin,,,4,6,8,15.45749664,73.78909302,FALSE,8,03-06-2021 00:00
683,13,5,2021,Goa,Humpback dolphin,,,3,2,4,14.9780088,74.0419,FALSE,0,13-05-2021 00:00
683,12,5,2021,Goa,Humpback dolphin,,,3,2,4,14.97047138,74.04819489,FALSE,0.5,12-05-2021 12:00
683,12,5,2021,Goa,Humpback dolphin,,,3,2,4,14.96562672,74.04741669,FALSE,1,12-05-2021 00:00
683,11,5,2021,Goa,Humpback dolphin,,,3,2,4,14.96248722,74.05130768,FALSE,1.5,11-05-2021 12:00
683,11,5,2021,Goa,Humpback dolphin,,,3,2,4,14.96394539,74.04915619,FALSE,2,11-05-2021 00:00
683,10,5,2021,Goa,Humpback dolphin,,,3,2,4,14.96417427,74.04868317,FALSE,2.5,10-05-2021 12:00
683,10,5,2021,Goa,Humpback dolphin,,,3,2,4,14.96245384,74.04472351,FALSE,3,10-05-2021 00:00
683,9,5,2021,Goa,Humpback dolphin,,,3,2,4,14.96002483,74.04779816,FALSE,3.5,09-05-2021 12:00
683,9,5,2021,Goa,Humpback dolphin,,,3,2,4,14.95728302,74.04560089,FALSE,4,09-05-2021 00:00
684,9,5,2021,Goa,Humpback dolphin,M,A,3,3,5,15.58622363,73.73604185,FALSE,0,09-05-2021 00:00
684,8,5,2021,Goa,Humpback dolphin,,A,3,3,5,15.59063435,73.73539734,FALSE,0.5,08-05-2021 12:00
684,8,5,2021,Goa,Humpback dolphin,,A,3,3,5,15.60221195,73.73106384,FALSE,1,08-05-2021 00:00
684,7,5,2021,Goa,Humpback dolphin,,A,3,3,5,15.61014462,73.7293396,FALSE,1.5,07-05-2021 12:00
684,7,5,2021,Goa,Humpback dolphin,,A,3,3,5,15.60880852,73.72599792,FALSE,2,07-05-2021 00:00
684,6,5,2021,Goa,Humpback dolphin,,A,3,3,5,15.59796429,73.73023987,FALSE,2.5,06-05-2021 12:00
684,6,5,2021,Goa,Humpback dolphin,,A,3,3,5,15.59377098,73.72592926,FALSE,3,06-05-2021 00:00
684,5,5,2021,Goa,Humpback dolphin,,A,3,3,5,15.59752274,73.72563934,FALSE,3.5,05-05-2021 12:00
684,5,5,2021,Goa,Humpback dolphin,,A,3,3,5,15.60453415,73.72353363,FALSE,4,05-05-2021 00:00
684,4,5,2021,Goa,Humpback dolphin,,A,3,3,5,15.60136127,73.72531891,FALSE,4.5,04-05-2021 12:00
684,4,5,2021,Goa,Humpback dolphin,,A,3,3,5,15.60049629,73.72047424,FALSE,5,04-05-2021 00:00
685,5,5,2021,Goa,Indo-Pacific finless porpoise,,,3,3,4,15.33540149,73.89242845,FALSE,0,05-05-2021 00:00
685,4,5,2021,Goa,Indo-Pacific finless porpoise,,,3,3,4,15.3336401,73.89440918,FALSE,0.5,04-05-2021 12:00
685,4,5,2021,Goa,Indo-Pacific finless porpoise,,,3,3,4,15.33106232,73.89367676,FALSE,1,04-05-2021 00:00
685,3,5,2021,Goa,Indo-Pacific finless porpoise,,,3,3,4,15.33021832,73.89431763,FALSE,1.5,03-05-2021 12:00
685,3,5,2021,Goa,Indo-Pacific finless porpoise,,,3,3,4,15.3334446,73.8901825,FALSE,2,03-05-2021 00:00
685,2,5,2021,Goa,Indo-Pacific finless porpoise,,,3,3,4,15.33437729,73.89183807,FALSE,2.5,02-05-2021 12:00
685,2,5,2021,Goa,Indo-Pacific finless porpoise,,,3,3,4,15.33367538,73.88908386,FALSE,3,02-05-2021 00:00
685,1,5,2021,Goa,Indo-Pacific finless porpoise,,,3,3,4,15.3353548,73.8886261,FALSE,3.5,01-05-2021 12:00
685,1,5,2021,Goa,Indo-Pacific finless porpoise,,,3,3,4,15.33693981,73.88455963,FALSE,4,01-05-2021 00:00
686,4,5,2021,Goa,Humpback dolphin,,,4,5,7,14.99531357,74.0341561,FALSE,0,04-05-2021 00:00
686,3,5,2021,Goa,Humpback dolphin,,,4,5,7,14.99116421,74.03730774,FALSE,0.5,03-05-2021 12:00
686,3,5,2021,Goa,Humpback dolphin,,,4,5,7,14.99578762,74.0255127,FALSE,1,03-05-2021 00:00
686,2,5,2021,Goa,Humpback dolphin,,,4,5,7,14.99683762,74.02633667,FALSE,1.5,02-05-2021 12:00
686,2,5,2021,Goa,Humpback dolphin,,,4,5,7,14.99105453,74.0164032,FALSE,2,02-05-2021 00:00
686,1,5,2021,Goa,Humpback dolphin,,,4,5,7,14.99651527,74.01100159,FALSE,2.5,01-05-2021 12:00
686,1,5,2021,Goa,Humpback dolphin,,,4,5,7,15.0057373,73.99311066,FALSE,3,01-05-2021 00:00
686,30,4,2021,Goa,Humpback dolphin,,,4,5,7,15.00866032,73.99223328,FALSE,3.5,30-04-2021 12:00
686,30,4,2021,Goa,Humpback dolphin,,,4,5,7,15.01029491,73.9789505,FALSE,4,30-04-2021 00:00
686,29,4,2021,Goa,Humpback dolphin,,,4,5,7,14.99573994,73.9920578,FALSE,4.5,29-04-2021 12:00
686,29,4,2021,Goa,Humpback dolphin,,,4,5,7,15.00924397,73.98119354,FALSE,5,29-04-2021 00:00
686,28,4,2021,Goa,Humpback dolphin,,,4,5,7,15.02002048,73.98246765,FALSE,5.5,28-04-2021 12:00
686,28,4,2021,Goa,Humpback dolphin,,,4,5,7,15.03125381,73.97182465,FALSE,6,28-04-2021 00:00
686,27,4,2021,Goa,Humpback dolphin,,,4,5,7,15.03567123,73.97171021,FALSE,6.5,27-04-2021 12:00
686,27,4,2021,Goa,Humpback dolphin,,,4,5,7,15.03461647,73.96841431,FALSE,7,27-04-2021 00:00
688,1,5,2021,Goa,Humpback dolphin,,A,3,2,4,15.35042823,73.88532503,FALSE,0,01-05-2021 00:00
688,30,4,2021,Goa,Humpback dolphin,,A,3,2,4,15.35169411,73.88578033,FALSE,0.5,30-04-2021 12:00
688,30,4,2021,Goa,Humpback dolphin,,A,3,2,4,15.35535622,73.88196564,FALSE,1,30-04-2021 00:00
688,29,4,2021,Goa,Humpback dolphin,,A,3,2,4,15.35555553,73.88448334,FALSE,1.5,29-04-2021 12:00
688,29,4,2021,Goa,Humpback dolphin,,A,3,2,4,15.35869789,73.87895203,FALSE,2,29-04-2021 00:00
688,28,4,2021,Goa,Humpback dolphin,,A,3,2,4,15.36131573,73.87852478,FALSE,2.5,28-04-2021 12:00
688,28,4,2021,Goa,Humpback dolphin,,A,3,2,4,15.36511993,73.87168121,FALSE,3,28-04-2021 00:00
688,27,4,2021,Goa,Humpback dolphin,,A,3,2,4,15.36812401,73.86940002,FALSE,3.5,27-04-2021 12:00
688,27,4,2021,Goa,Humpback dolphin,,A,3,2,4,15.37010574,73.86487579,FALSE,4,27-04-2021 00:00
691,29,4,2021,Goa,Humpback dolphin,,,2,1,2,15.35081774,73.88510245,FALSE,0,29-04-2021 00:00
691,28,4,2021,Goa,Humpback dolphin,,,2,1,2,15.35372257,73.88473511,FALSE,0.5,28-04-2021 12:00
691,28,4,2021,Goa,Humpback dolphin,,,2,1,2,15.35789585,73.87811279,FALSE,1,28-04-2021 00:00
691,27,4,2021,Goa,Humpback dolphin,,,2,1,2,15.36110687,73.87573242,FALSE,1.5,27-04-2021 12:00
691,27,4,2021,Goa,Humpback dolphin,,,2,1,2,15.36325169,73.87084198,FALSE,2,27-04-2021 00:00
694,25,4,2021,Goa,Indo-Pacific finless porpoise,,,4,4,7,15.21671203,73.92971864,FALSE,0,25-04-2021 00:00
694,24,4,2021,Goa,Indo-Pacific finless porpoise,,,4,4,7,15.23959351,73.93097687,FALSE,0.5,24-04-2021 12:00
694,24,4,2021,Goa,Indo-Pacific finless porpoise,,,4,4,7,15.26448822,73.92405701,FALSE,1,24-04-2021 00:00
694,23,4,2021,Goa,Indo-Pacific finless porpoise,,,4,4,7,15.26462555,73.92424011,FALSE,1.5,23-04-2021 12:00
694,23,4,2021,Goa,Indo-Pacific finless porpoise,,,4,4,7,15.25064659,73.91804504,FALSE,2,23-04-2021 00:00
694,22,4,2021,Goa,Indo-Pacific finless porpoise,,,4,4,7,15.22752857,73.92489624,FALSE,2.5,22-04-2021 12:00
694,22,4,2021,Goa,Indo-Pacific finless porpoise,,,4,4,7,15.21872139,73.91683197,FALSE,3,22-04-2021 00:00
694,21,4,2021,Goa,Indo-Pacific finless porpoise,,,4,4,7,15.24691963,73.91646576,FALSE,3.5,21-04-2021 12:00
694,21,4,2021,Goa,Indo-Pacific finless porpoise,,,4,4,7,15.26865482,73.90959167,FALSE,4,21-04-2021 00:00
694,20,4,2021,Goa,Indo-Pacific finless porpoise,,,4,4,7,15.27109337,73.9114151,FALSE,4.5,20-04-2021 12:00
694,20,4,2021,Goa,Indo-Pacific finless porpoise,,,4,4,7,15.27355194,73.90851593,FALSE,5,20-04-2021 00:00
694,19,4,2021,Goa,Indo-Pacific finless porpoise,,,4,4,7,15.27239609,73.90995026,FALSE,5.5,19-04-2021 12:00
694,19,4,2021,Goa,Indo-Pacific finless porpoise,,,4,4,7,15.2491684,73.90653229,FALSE,6,19-04-2021 00:00
694,18,4,2021,Goa,Indo-Pacific finless porpoise,,,4,4,7,15.23481274,73.90846252,FALSE,6.5,18-04-2021 12:00
694,18,4,2021,Goa,Indo-Pacific finless porpoise,,,4,4,7,15.18287182,73.89427185,FALSE,7,18-04-2021 00:00
695,24,4,2021,Goa,Indo-Pacific finless porpoise,,,4,3,6,15.27705778,73.91283623,FALSE,0,24-04-2021 00:00
695,23,4,2021,Goa,Indo-Pacific finless porpoise,,,4,3,6,15.27718353,73.91292572,FALSE,0.5,23-04-2021 12:00
695,23,4,2021,Goa,Indo-Pacific finless porpoise,,,4,3,6,15.27280617,73.91077423,FALSE,1,23-04-2021 00:00
695,22,4,2021,Goa,Indo-Pacific finless porpoise,,,4,3,6,15.26504898,73.91358185,FALSE,1.5,22-04-2021 12:00
695,22,4,2021,Goa,Indo-Pacific finless porpoise,,,4,3,6,15.2613945,73.90978241,FALSE,2,22-04-2021 00:00
695,21,4,2021,Goa,Indo-Pacific finless porpoise,,,4,3,6,15.2720499,73.9095459,FALSE,2.5,21-04-2021 12:00
695,21,4,2021,Goa,Indo-Pacific finless porpoise,,,4,3,6,15.27995396,73.90678406,FALSE,3,21-04-2021 00:00
695,20,4,2021,Goa,Indo-Pacific finless porpoise,,,4,3,6,15.28112888,73.90768433,FALSE,3.5,20-04-2021 12:00
695,20,4,2021,Goa,Indo-Pacific finless porpoise,,,4,3,6,15.28282738,73.90625763,FALSE,4,20-04-2021 00:00
695,19,4,2021,Goa,Indo-Pacific finless porpoise,,,4,3,6,15.28279305,73.90740204,FALSE,4.5,19-04-2021 12:00
695,19,4,2021,Goa,Indo-Pacific finless porpoise,,,4,3,6,15.27682209,73.90653229,FALSE,5,19-04-2021 00:00
695,18,4,2021,Goa,Indo-Pacific finless porpoise,,,4,3,6,15.27355766,73.90746307,FALSE,5.5,18-04-2021 12:00
695,18,4,2021,Goa,Indo-Pacific finless porpoise,,,4,3,6,15.2539711,73.90196991,FALSE,6,18-04-2021 00:00
706,28,3,2021,Goa,Humpback dolphin,,A,4,5,8,15.35418426,73.8834957,FALSE,0,28-03-2021 00:00
706,27,3,2021,Goa,Humpback dolphin,,A,4,5,8,15.35127258,73.88665009,FALSE,0.5,27-03-2021 12:00
706,27,3,2021,Goa,Humpback dolphin,,A,4,5,8,15.34726906,73.88619995,FALSE,1,27-03-2021 00:00
706,26,3,2021,Goa,Humpback dolphin,,A,4,5,8,15.34976482,73.88665771,FALSE,1.5,26-03-2021 12:00
706,26,3,2021,Goa,Humpback dolphin,,A,4,5,8,15.34520149,73.88524628,FALSE,2,26-03-2021 00:00
706,25,3,2021,Goa,Humpback dolphin,,A,4,5,8,15.34322643,73.88770294,FALSE,2.5,25-03-2021 12:00
706,25,3,2021,Goa,Humpback dolphin,,A,4,5,8,15.34600258,73.88309479,FALSE,3,25-03-2021 00:00
706,24,3,2021,Goa,Humpback dolphin,,A,4,5,8,15.34689236,73.88391876,FALSE,3.5,24-03-2021 12:00
706,24,3,2021,Goa,Humpback dolphin,,A,4,5,8,15.3396349,73.88368988,FALSE,4,24-03-2021 00:00
706,23,3,2021,Goa,Humpback dolphin,,A,4,5,8,15.33998966,73.88378143,FALSE,4.5,23-03-2021 12:00
706,23,3,2021,Goa,Humpback dolphin,,A,4,5,8,15.3382988,73.87586212,FALSE,5,23-03-2021 00:00
706,22,3,2021,Goa,Humpback dolphin,,A,4,5,8,15.34245968,73.87311554,FALSE,5.5,22-03-2021 12:00
706,22,3,2021,Goa,Humpback dolphin,,A,4,5,8,15.34553337,73.86462402,FALSE,6,22-03-2021 00:00
706,21,3,2021,Goa,Humpback dolphin,,A,4,5,8,15.34626198,73.86453247,FALSE,6.5,21-03-2021 12:00
706,21,3,2021,Goa,Humpback dolphin,,A,4,5,8,15.34273148,73.86335754,FALSE,7,21-03-2021 00:00
706,20,3,2021,Goa,Humpback dolphin,,A,4,5,8,15.33777237,73.86838531,FALSE,7.5,20-03-2021 12:00
706,20,3,2021,Goa,Humpback dolphin,,A,4,5,8,15.33187485,73.86966705,FALSE,8,20-03-2021 00:00
712,16,3,2021,Goa,Humpback dolphin,,A,4,6,9,15.40496216,73.78641217,FALSE,0,16-03-2021 00:00
712,15,3,2021,Goa,Humpback dolphin,,A,4,6,9,15.4075079,73.78421783,FALSE,0.5,15-03-2021 12:00
712,15,3,2021,Goa,Humpback dolphin,,A,4,6,9,15.37788486,73.78338623,FALSE,1,15-03-2021 00:00
712,14,3,2021,Goa,Humpback dolphin,,A,4,6,9,15.36780834,73.78759766,FALSE,1.5,14-03-2021 12:00
712,14,3,2021,Goa,Humpback dolphin,,A,4,6,9,15.30744648,73.78927612,FALSE,2,14-03-2021 00:00
712,13,3,2021,Goa,Humpback dolphin,,A,4,6,9,15.29022217,73.79925537,FALSE,2.5,13-03-2021 12:00
712,13,3,2021,Goa,Humpback dolphin,,A,4,6,9,15.2478056,73.78287506,FALSE,3,13-03-2021 00:00
712,12,3,2021,Goa,Humpback dolphin,,A,4,6,9,15.25546932,73.78429413,FALSE,3.5,12-03-2021 12:00
712,12,3,2021,Goa,Humpback dolphin,,A,4,6,9,15.2076664,73.77402496,FALSE,4,12-03-2021 00:00
712,11,3,2021,Goa,Humpback dolphin,,A,4,6,9,15.15622425,73.78800964,FALSE,4.5,11-03-2021 12:00
712,11,3,2021,Goa,Humpback dolphin,,A,4,6,9,15.05037785,73.77606964,FALSE,5,11-03-2021 00:00
712,10,3,2021,Goa,Humpback dolphin,,A,4,6,9,15.01679897,73.7906189,FALSE,5.5,10-03-2021 12:00
712,10,3,2021,Goa,Humpback dolphin,,A,4,6,9,14.95363998,73.76596832,FALSE,6,10-03-2021 00:00
712,9,3,2021,Goa,Humpback dolphin,,A,4,6,9,14.90973186,73.78234863,FALSE,6.5,09-03-2021 12:00
712,9,3,2021,Goa,Humpback dolphin,,A,4,6,9,14.84979439,73.75081635,FALSE,7,09-03-2021 00:00
712,8,3,2021,Goa,Humpback dolphin,,A,4,6,9,14.80197811,73.75312805,FALSE,7.5,08-03-2021 12:00
712,8,3,2021,Goa,Humpback dolphin,,A,4,6,9,14.68465042,73.76699066,FALSE,8,08-03-2021 00:00
712,7,3,2021,Goa,Humpback dolphin,,A,4,6,9,14.62452888,73.8057251,FALSE,8.5,07-03-2021 12:00
712,7,3,2021,Goa,Humpback dolphin,,A,4,6,9,14.57154846,73.82802582,FALSE,9,07-03-2021 00:00
713,16,3,2021,Goa,Indo-Pacific finless porpoise,,SA,2,1,2,15.27243299,73.91417474,FALSE,0,16-03-2021 00:00
713,15,3,2021,Goa,Indo-Pacific finless porpoise,,SA,2,1,2,15.27481937,73.91342163,FALSE,0.5,15-03-2021 12:00
713,15,3,2021,Goa,Indo-Pacific finless porpoise,,SA,2,1,2,15.26033306,73.90982056,FALSE,1,15-03-2021 00:00
713,14,3,2021,Goa,Indo-Pacific finless porpoise,,SA,2,1,2,15.24478436,73.91134644,FALSE,1.5,14-03-2021 12:00
713,14,3,2021,Goa,Indo-Pacific finless porpoise,,SA,2,1,2,15.15157509,73.90612793,FALSE,2,14-03-2021 00:00
716,10,3,2021,Goa,Humpback dolphin,,,4,4,6,15.33170228,73.89355031,FALSE,0,10-03-2021 00:00
716,9,3,2021,Goa,Humpback dolphin,,,4,4,6,15.32907772,73.89458466,FALSE,0.5,09-03-2021 12:00
716,9,3,2021,Goa,Humpback dolphin,,,4,4,6,15.32509613,73.89234161,FALSE,1,09-03-2021 00:00
716,8,3,2021,Goa,Humpback dolphin,,,4,4,6,15.32382298,73.89151764,FALSE,1.5,08-03-2021 12:00
716,8,3,2021,Goa,Humpback dolphin,,,4,4,6,15.31431389,73.8907547,FALSE,2,08-03-2021 00:00
716,7,3,2021,Goa,Humpback dolphin,,,4,4,6,15.31837749,73.89082336,FALSE,2.5,07-03-2021 12:00
716,7,3,2021,Goa,Humpback dolphin,,,4,4,6,15.3170805,73.88803101,FALSE,3,07-03-2021 00:00
716,6,3,2021,Goa,Humpback dolphin,,,4,4,6,15.31677341,73.88608551,FALSE,3.5,06-03-2021 12:00
716,6,3,2021,Goa,Humpback dolphin,,,4,4,6,15.32251072,73.87975311,FALSE,4,06-03-2021 00:00
716,5,3,2021,Goa,Humpback dolphin,,,4,4,6,15.32508755,73.88011932,FALSE,4.5,05-03-2021 12:00
716,5,3,2021,Goa,Humpback dolphin,,,4,4,6,15.31718349,73.8768158,FALSE,5,05-03-2021 00:00
716,4,3,2021,Goa,Humpback dolphin,,,4,4,6,15.31696224,73.87791443,FALSE,5.5,04-03-2021 12:00
716,4,3,2021,Goa,Humpback dolphin,,,4,4,6,15.30054951,73.88011169,FALSE,6,04-03-2021 00:00
721,2,3,2021,Goa,Indo-Pacific finless porpoise,,,2,0.5,1,15.24158413,73.92235152,FALSE,0,02-03-2021 00:00
721,1,3,2021,Goa,Indo-Pacific finless porpoise,,,2,0.5,1,15.20870495,73.92598724,FALSE,0.5,01-03-2021 12:00
721,1,3,2021,Goa,Indo-Pacific finless porpoise,,,2,0.5,1,15.13393879,73.91552734,FALSE,1,01-03-2021 00:00
725,27,2,2021,Goa,Indo-Pacific finless porpoise,,,2,2,3,15.33288184,73.89305678,FALSE,0,27-02-2021 00:00
725,26,2,2021,Goa,Indo-Pacific finless porpoise,,,2,2,3,15.33737469,73.89048767,FALSE,0.5,26-02-2021 12:00
725,26,2,2021,Goa,Indo-Pacific finless porpoise,,,2,2,3,15.34554005,73.88478088,FALSE,1,26-02-2021 00:00
725,25,2,2021,Goa,Indo-Pacific finless porpoise,,,2,2,3,15.35177898,73.87781525,FALSE,1.5,25-02-2021 12:00
725,25,2,2021,Goa,Indo-Pacific finless porpoise,,,2,2,3,15.35630131,73.87346649,FALSE,2,25-02-2021 00:00
725,24,2,2021,Goa,Indo-Pacific finless porpoise,,,2,2,3,15.35575008,73.87552643,FALSE,2.5,24-02-2021 12:00
725,24,2,2021,Goa,Indo-Pacific finless porpoise,,,2,2,3,15.35314178,73.87422943,FALSE,3,24-02-2021 00:00
737,27,1,2021,Goa,Humpback dolphin,,A,2,0.5,1,15.63489675,73.72113656,FALSE,0,27-01-2021 00:00
737,26,1,2021,Goa,Humpback dolphin,,A,2,0.5,1,15.64346409,73.71917725,FALSE,0.5,26-01-2021 12:00
737,26,1,2021,Goa,Humpback dolphin,,A,2,0.5,1,15.64829826,73.71352386,FALSE,1,26-01-2021 00:00
746,5,1,2021,Goa,Indo-Pacific finless porpoise,,,3,2,4,15.29145629,73.90796617,FALSE,0,05-01-2021 00:00
746,4,1,2021,Goa,Indo-Pacific finless porpoise,,,3,2,4,15.29053688,73.90910339,FALSE,0.5,04-01-2021 12:00
746,4,1,2021,Goa,Indo-Pacific finless porpoise,,,3,2,4,15.29113007,73.90830231,FALSE,1,04-01-2021 00:00
746,3,1,2021,Goa,Indo-Pacific finless porpoise,,,3,2,4,15.28874302,73.9100647,FALSE,1.5,03-01-2021 12:00
746,3,1,2021,Goa,Indo-Pacific finless porpoise,,,3,2,4,15.28533554,73.91066742,FALSE,2,03-01-2021 00:00
746,2,1,2021,Goa,Indo-Pacific finless porpoise,,,3,2,4,15.28591919,73.91057587,FALSE,2.5,02-01-2021 12:00
746,2,1,2021,Goa,Indo-Pacific finless porpoise,,,3,2,4,15.28545094,73.91121674,FALSE,3,02-01-2021 00:00
746,1,1,2021,Goa,Indo-Pacific finless porpoise,,,3,2,4,15.28658104,73.9116745,FALSE,3.5,01-01-2021 12:00
746,1,1,2021,Goa,Indo-Pacific finless porpoise,,,3,2,4,15.28341866,73.91176605,FALSE,4,01-01-2021 00:00
749,31,12,2020,Goa,Humpback dolphin,,A,3,2,3,15.68409935,73.70314405,FALSE,0,31-12-2020 00:00
749,30,12,2020,Goa,Humpback dolphin,,A,3,2,3,15.68121815,73.71042633,FALSE,0.5,30-12-2020 12:00
749,30,12,2020,Goa,Humpback dolphin,,A,3,2,3,15.68061447,73.70859528,FALSE,1,30-12-2020 00:00
749,29,12,2020,Goa,Humpback dolphin,,A,3,2,3,15.6781044,73.71263123,FALSE,1.5,29-12-2020 12:00
749,29,12,2020,Goa,Humpback dolphin,,A,3,2,3,15.67618942,73.71224976,FALSE,2,29-12-2020 00:00
749,28,12,2020,Goa,Humpback dolphin,,A,3,2,3,15.67855453,73.71096802,FALSE,2.5,28-12-2020 12:00
749,28,12,2020,Goa,Humpback dolphin,,A,3,2,3,15.6813345,73.69985962,FALSE,3,28-12-2020 00:00
757,2,11,2020,Goa,Humpback dolphin,,C,2,0.5,1,15.51727409,73.76280262,FALSE,0,02-11-2020 00:00
757,1,11,2020,Goa,Humpback dolphin,,C,2,0.5,1,15.52654934,73.75662994,FALSE,0.5,01-11-2020 12:00
757,1,11,2020,Goa,Humpback dolphin,,C,2,0.5,1,15.53680515,73.74835968,FALSE,1,01-11-2020 00:00
762,18,10,2020,Goa,Indo-Pacific finless porpoise,,C,3,2,3,15.29232184,73.90768202,FALSE,0,18-10-2020 00:00
762,17,10,2020,Goa,Indo-Pacific finless porpoise,,C,3,2,3,15.28866768,73.90977478,FALSE,0.5,17-10-2020 12:00
762,17,10,2020,Goa,Indo-Pacific finless porpoise,,C,3,2,3,15.28271008,73.91181946,FALSE,1,17-10-2020 00:00
762,16,10,2020,Goa,Indo-Pacific finless porpoise,,C,3,2,3,15.27623749,73.91342163,FALSE,1.5,16-10-2020 12:00
762,16,10,2020,Goa,Indo-Pacific finless porpoise,,C,3,2,3,15.26087284,73.91284943,FALSE,2,16-10-2020 00:00
762,15,10,2020,Goa,Indo-Pacific finless porpoise,,C,3,2,3,15.25794125,73.90428162,FALSE,2.5,15-10-2020 12:00
762,15,10,2020,Goa,Indo-Pacific finless porpoise,,C,3,2,3,15.26065826,73.89985657,FALSE,3,15-10-2020 00:00
764,16,10,2020,Goa,Humpback dolphin,,,3,2,4,15.45077049,73.83741661,FALSE,0,16-10-2020 00:00
764,15,10,2020,Goa,Humpback dolphin,,,3,2,4,15.4626894,73.83047485,FALSE,0.5,15-10-2020 12:00
764,15,10,2020,Goa,Humpback dolphin,,,3,2,4,15.47106266,73.82614136,FALSE,1,15-10-2020 00:00
764,14,10,2020,Goa,Humpback dolphin,,,3,2,4,15.47937679,73.82209015,FALSE,1.5,14-10-2020 12:00
764,14,10,2020,Goa,Humpback dolphin,,,3,2,4,15.48611355,73.81879425,FALSE,2,14-10-2020 00:00
764,13,10,2020,Goa,Humpback dolphin,,,3,2,4,15.49192142,73.81705475,FALSE,2.5,13-10-2020 12:00
764,13,10,2020,Goa,Humpback dolphin,,,3,2,4,15.49636078,73.81531525,FALSE,3,13-10-2020 00:00
764,12,10,2020,Goa,Humpback dolphin,,,3,2,4,15.50087261,73.81320953,FALSE,3.5,12-10-2020 12:00
764,12,10,2020,Goa,Humpback dolphin,,,3,2,4,15.50774002,73.81082153,FALSE,4,12-10-2020 00:00
768,24,9,2020,Goa,Indo-Pacific finless porpoise,,,3,2,4,15.25680625,73.91862734,FALSE,0,24-09-2020 00:00
768,23,9,2020,Goa,Indo-Pacific finless porpoise,,,3,2,4,15.23804474,73.91959381,FALSE,0.5,23-09-2020 12:00
768,23,9,2020,Goa,Indo-Pacific finless porpoise,,,3,2,4,15.18050861,73.91432953,FALSE,1,23-09-2020 00:00
768,22,9,2020,Goa,Indo-Pacific finless porpoise,,,3,2,4,15.14331055,73.90454102,FALSE,1.5,22-09-2020 12:00
768,22,9,2020,Goa,Indo-Pacific finless porpoise,,,3,2,4,15.17623425,73.87924957,FALSE,2,22-09-2020 00:00
768,21,9,2020,Goa,Indo-Pacific finless porpoise,,,3,2,4,15.20543194,73.85422516,FALSE,2.5,21-09-2020 12:00
768,21,9,2020,Goa,Indo-Pacific finless porpoise,,,3,2,4,15.16968727,73.84596252,FALSE,3,21-09-2020 00:00
768,20,9,2020,Goa,Indo-Pacific finless porpoise,,,3,2,4,15.06622791,73.8498764,FALSE,3.5,20-09-2020 12:00
768,20,9,2020,Goa,Indo-Pacific finless porpoise,,,3,2,4,14.91941643,73.79350281,FALSE,4,20-09-2020 00:00
769,24,9,2020,Goa,Humpback dolphin,,,3,3,4,15.21671203,73.92971864,FALSE,0,24-09-2020 00:00
769,23,9,2020,Goa,Humpback dolphin,,,3,3,4,15.18999863,73.92917633,FALSE,0.5,23-09-2020 12:00
769,23,9,2020,Goa,Humpback dolphin,,,3,3,4,15.12988281,73.92140198,FALSE,1,23-09-2020 00:00
769,22,9,2020,Goa,Humpback dolphin,,,3,3,4,15.09266376,73.90737915,FALSE,1.5,22-09-2020 12:00
769,22,9,2020,Goa,Humpback dolphin,,,3,3,4,15.12833691,73.87632751,FALSE,2,22-09-2020 00:00
769,21,9,2020,Goa,Humpback dolphin,,,3,3,4,15.15505981,73.84757233,FALSE,2.5,21-09-2020 12:00
769,21,9,2020,Goa,Humpback dolphin,,,3,3,4,15.1053648,73.83905792,FALSE,3,21-09-2020 00:00
769,20,9,2020,Goa,Humpback dolphin,,,3,3,4,14.99229336,73.84474182,FALSE,3.5,20-09-2020 12:00
769,20,9,2020,Goa,Humpback dolphin,,,3,3,4,14.85361195,73.77019501,FALSE,4,20-09-2020 00:00
774,22,9,2020,Goa,Humpback dolphin,,C,2,0.5,1,15.28818936,73.90816484,FALSE,0,22-09-2020 00:00
774,21,9,2020,Goa,Humpback dolphin,,C,2,0.5,1,15.29434872,73.90388489,FALSE,0.5,21-09-2020 12:00
774,21,9,2020,Goa,Humpback dolphin,,C,2,0.5,1,15.29191208,73.902771,FALSE,1,21-09-2020 00:00
775,22,9,2020,Goa,Indo-Pacific finless porpoise,,C,2,0.5,1,15.66864207,73.70929059,FALSE,0,22-09-2020 00:00
775,21,9,2020,Goa,Indo-Pacific finless porpoise,,C,2,0.5,1,15.67303848,73.69822693,FALSE,0.5,21-09-2020 12:00
775,21,9,2020,Goa,Indo-Pacific finless porpoise,,C,2,0.5,1,15.66843796,73.69617462,FALSE,1,21-09-2020 00:00
777,20,9,2020,Goa,Indo-Pacific finless porpoise,,C,2,0.5,1,15.29836427,73.90468066,FALSE,0,20-09-2020 00:00
777,19,9,2020,Goa,Indo-Pacific finless porpoise,,C,2,0.5,1,15.29450226,73.90640259,FALSE,0.5,19-09-2020 12:00
777,19,9,2020,Goa,Indo-Pacific finless porpoise,,C,2,0.5,1,15.29306316,73.90740204,FALSE,1,19-09-2020 00:00
784,1,9,2020,Goa,Humpback dolphin,,A,3,3,5,15.64428018,73.71720394,FALSE,0,01-09-2020 00:00
784,31,8,2020,Goa,Humpback dolphin,,A,3,3,5,15.65152073,73.7191925,FALSE,0.5,31-08-2020 12:00
784,31,8,2020,Goa,Humpback dolphin,,A,3,3,5,15.65534687,73.71136475,FALSE,1,31-08-2020 00:00
784,30,8,2020,Goa,Humpback dolphin,,A,3,3,5,15.66061306,73.71020508,FALSE,1.5,30-08-2020 12:00
784,30,8,2020,Goa,Humpback dolphin,,A,3,3,5,15.6601038,73.70396423,FALSE,2,30-08-2020 00:00
784,29,8,2020,Goa,Humpback dolphin,,A,3,3,5,15.66396236,73.70822906,FALSE,2.5,29-08-2020 12:00
784,29,8,2020,Goa,Humpback dolphin,,A,3,3,5,15.66537762,73.701828,FALSE,3,29-08-2020 00:00
784,28,8,2020,Goa,Humpback dolphin,,A,3,3,5,15.66587734,73.69845581,FALSE,3.5,28-08-2020 12:00
784,28,8,2020,Goa,Humpback dolphin,,A,3,3,5,15.65993214,73.69442749,FALSE,4,28-08-2020 00:00
784,27,8,2020,Goa,Humpback dolphin,,A,3,3,5,15.66846848,73.69117737,FALSE,4.5,27-08-2020 12:00
784,27,8,2020,Goa,Humpback dolphin,,A,3,3,5,15.6819334,73.67862701,FALSE,5,27-08-2020 00:00
793,18,8,2020,Goa,Indo-Pacific finless porpoise,,,2,0.5,1,15.66715788,73.71019369,FALSE,0,18-08-2020 00:00
793,17,8,2020,Goa,Indo-Pacific finless porpoise,,,2,0.5,1,15.6724844,73.70195007,FALSE,0.5,17-08-2020 12:00
793,17,8,2020,Goa,Indo-Pacific finless porpoise,,,2,0.5,1,15.67879581,73.69189453,FALSE,1,17-08-2020 00:00
804,24,7,2020,Goa,Humpback dolphin,,C,2,0.5,1,15.20729813,73.93237319,FALSE,0,24-07-2020 00:00
804,23,7,2020,Goa,Humpback dolphin,,C,2,0.5,1,15.19053364,73.94343567,FALSE,0.5,23-07-2020 12:00
804,23,7,2020,Goa,Humpback dolphin,,C,2,0.5,1,15.18729401,73.94363403,FALSE,1,23-07-2020 00:00
808,10,7,2020,Goa,Humpback dolphin,,,3,3,4,15.00262337,74.02709197,FALSE,0,10-07-2020 00:00
808,9,7,2020,Goa,Humpback dolphin,,,3,3,4,14.98813057,74.03330231,FALSE,0.5,09-07-2020 12:00
808,9,7,2020,Goa,Humpback dolphin,,,3,3,4,14.97640324,74.03230286,FALSE,1,09-07-2020 00:00
808,8,7,2020,Goa,Humpback dolphin,,,3,3,4,14.97102928,74.03395844,FALSE,1.5,08-07-2020 12:00
808,8,7,2020,Goa,Humpback dolphin,,,3,3,4,14.96203136,74.03832245,FALSE,2,08-07-2020 00:00
808,7,7,2020,Goa,Humpback dolphin,,,3,3,4,14.95716858,74.03870392,FALSE,2.5,07-07-2020 12:00
808,7,7,2020,Goa,Humpback dolphin,,,3,3,4,14.95165253,74.03614807,FALSE,3,07-07-2020 00:00
808,6,7,2020,Goa,Humpback dolphin,,,3,3,4,14.94983768,74.02845001,FALSE,3.5,06-07-2020 12:00
808,6,7,2020,Goa,Humpback dolphin,,,3,3,4,14.95217037,74.0178299,FALSE,4,06-07-2020 00:00
820,20,6,2020,Goa,Humpback dolphin,,SA,2,0.5,1,15.55436155,73.75140329,FALSE,0,20-06-2020 00:00
820,19,6,2020,Goa,Humpback dolphin,,SA,2,0.5,1,15.55457878,73.7510376,FALSE,0.5,19-06-2020 12:00
820,19,6,2020,Goa,Humpback dolphin,,SA,2,0.5,1,15.55297279,73.75007629,FALSE,1,19-06-2020 00:00
839,23,5,2020,Goa,Humpback dolphin,M,SA,3,3,5,15.39265426,73.80586261,FALSE,0,23-05-2020 00:00
839,22,5,2020,Goa,Humpback dolphin,,SA,3,3,5,15.41868591,73.80329132,FALSE,0.5,22-05-2020 12:00
839,22,5,2020,Goa,Humpback dolphin,,SA,3,3,5,15.45971107,73.78630829,FALSE,1,22-05-2020 00:00
839,21,5,2020,Goa,Humpback dolphin,,SA,3,3,5,15.48271084,73.77758789,FALSE,1.5,21-05-2020 12:00
839,21,5,2020,Goa,Humpback dolphin,,SA,3,3,5,15.49303818,73.76408386,FALSE,2,21-05-2020 00:00
839,20,5,2020,Goa,Humpback dolphin,,SA,3,3,5,15.50196743,73.76391602,FALSE,2.5,20-05-2020 12:00
839,20,5,2020,Goa,Humpback dolphin,,SA,3,3,5,15.51456833,73.75199127,FALSE,3,20-05-2020 00:00
839,19,5,2020,Goa,Humpback dolphin,,SA,3,3,5,15.52633762,73.74324799,FALSE,3.5,19-05-2020 12:00
839,19,5,2020,Goa,Humpback dolphin,,SA,3,3,5,15.55741405,73.72584534,FALSE,4,19-05-2020 00:00
839,18,5,2020,Goa,Humpback dolphin,,SA,3,3,5,15.59297752,73.71450806,FALSE,4.5,18-05-2020 12:00
839,18,5,2020,Goa,Humpback dolphin,,SA,3,3,5,15.63957882,73.69060516,FALSE,5,18-05-2020 00:00
866,21,4,2020,Goa,Humpback dolphin,,,3,3,5,15.24048571,73.92318463,FALSE,0,21-04-2020 00:00
866,20,4,2020,Goa,Humpback dolphin,,,3,3,5,15.23381901,73.92576599,FALSE,0.5,20-04-2020 12:00
866,20,4,2020,Goa,Humpback dolphin,,,3,3,5,15.15939045,73.91785431,FALSE,1,20-04-2020 00:00
866,19,4,2020,Goa,Humpback dolphin,,,3,3,5,15.11504841,73.92577362,FALSE,1.5,19-04-2020 12:00
866,19,4,2020,Goa,Humpback dolphin,,,3,3,5,15.07076645,73.92150116,FALSE,2,19-04-2020 00:00
866,18,4,2020,Goa,Humpback dolphin,,,3,3,5,15.08543491,73.9253006,FALSE,2.5,18-04-2020 12:00
866,18,4,2020,Goa,Humpback dolphin,,,3,3,5,15.1335144,73.90625763,FALSE,3,18-04-2020 00:00
866,17,4,2020,Goa,Humpback dolphin,,,3,3,5,15.19044304,73.89627075,FALSE,3.5,17-04-2020 12:00
866,17,4,2020,Goa,Humpback dolphin,,,3,3,5,15.22427082,73.87763977,FALSE,4,17-04-2020 00:00
866,16,4,2020,Goa,Humpback dolphin,,,3,3,5,15.22080898,73.87516785,FALSE,4.5,16-04-2020 12:00
866,16,4,2020,Goa,Humpback dolphin,,,3,3,5,15.18330002,73.85970306,FALSE,5,16-04-2020 00:00
942,4,11,2019,Goa,Humpback dolphin,,A,3,3,5,15.29958941,73.90523749,FALSE,0,04-11-2019 00:00
942,3,11,2019,Goa,Humpback dolphin,,A,3,3,5,15.30595112,73.90335846,FALSE,0.5,03-11-2019 12:00
942,3,11,2019,Goa,Humpback dolphin,,A,3,3,5,15.3016367,73.90122986,FALSE,1,03-11-2019 00:00
942,2,11,2019,Goa,Humpback dolphin,,A,3,3,5,15.29678059,73.90390015,FALSE,1.5,02-11-2019 12:00
942,2,11,2019,Goa,Humpback dolphin,,A,3,3,5,15.28982925,73.90627289,FALSE,2,02-11-2019 00:00
942,1,11,2019,Goa,Humpback dolphin,,A,3,3,5,15.28089428,73.90917206,FALSE,2.5,01-11-2019 12:00
942,1,11,2019,Goa,Humpback dolphin,,A,3,3,5,15.24866295,73.91721344,FALSE,3,01-11-2019 00:00
942,31,10,2019,Goa,Humpback dolphin,,A,3,3,5,15.11392593,73.96803284,FALSE,3.5,31-10-2019 12:00
942,31,10,2019,Goa,Humpback dolphin,,A,3,3,5,15.087533,73.98458099,FALSE,4,31-10-2019 00:00
942,30,10,2019,Goa,Humpback dolphin,,A,3,3,5,15.08343887,73.98948669,FALSE,4.5,30-10-2019 12:00
942,30,10,2019,Goa,Humpback dolphin,,A,3,3,5,15.08280182,73.99172974,FALSE,5,30-10-2019 00:00
944,26,9,2019,Goa,Humpback dolphin,,,3,2,4,15.25680625,73.91862734,FALSE,0,26-09-2019 00:00
944,25,9,2019,Goa,Humpback dolphin,,,3,2,4,15.2619257,73.91632843,FALSE,0.5,25-09-2019 12:00
944,25,9,2019,Goa,Humpback dolphin,,,3,2,4,15.2755537,73.9118042,FALSE,1,25-09-2019 00:00
944,24,9,2019,Goa,Humpback dolphin,,,3,2,4,15.2813406,73.90982819,FALSE,1.5,24-09-2019 12:00
944,24,9,2019,Goa,Humpback dolphin,,,3,2,4,15.28681183,73.90721893,FALSE,2,24-09-2019 00:00
944,23,9,2019,Goa,Humpback dolphin,,,3,2,4,15.29089355,73.90619659,FALSE,2.5,23-09-2019 12:00
944,23,9,2019,Goa,Humpback dolphin,,,3,2,4,15.2878809,73.9043045,FALSE,3,23-09-2019 00:00
944,22,9,2019,Goa,Humpback dolphin,,,3,2,4,15.28329086,73.9056778,FALSE,3.5,22-09-2019 12:00
944,22,9,2019,Goa,Humpback dolphin,,,3,2,4,15.27382565,73.90625,FALSE,4,22-09-2019 00:00
946,21,9,2019,Goa,Humpback dolphin,,A,2,1,2,15.27375223,73.91386946,FALSE,0,21-09-2019 00:00
946,20,9,2019,Goa,Humpback dolphin,,A,2,1,2,15.26533222,73.91483307,FALSE,0.5,20-09-2019 12:00
946,20,9,2019,Goa,Humpback dolphin,,A,2,1,2,15.25592613,73.91136932,FALSE,1,20-09-2019 00:00
946,19,9,2019,Goa,Humpback dolphin,,A,2,1,2,15.2503624,73.90790558,FALSE,1.5,19-09-2019 12:00
946,19,9,2019,Goa,Humpback dolphin,,A,2,1,2,15.26097107,73.89817047,FALSE,2,19-09-2019 00:00
956,8,9,2019,Goa,Humpback dolphin,,C,2,0.5,1,15.49811156,73.76646088,FALSE,0,08-09-2019 00:00
956,7,9,2019,Goa,Humpback dolphin,,C,2,0.5,1,15.51037407,73.74795532,FALSE,0.5,07-09-2019 12:00
956,7,9,2019,Goa,Humpback dolphin,,C,2,0.5,1,15.53177834,73.71374512,FALSE,1,07-09-2019 00:00
965,31,8,2019,Goa,Indo-Pacific finless porpoise,,C,2,1,2,15.1791179,73.9396,FALSE,0,31-08-2019 00:00
965,30,8,2019,Goa,Indo-Pacific finless porpoise,,C,2,1,2,15.17060661,73.93070984,FALSE,0.5,30-08-2019 12:00
965,30,8,2019,Goa,Indo-Pacific finless porpoise,,C,2,1,2,15.20075035,73.91300201,FALSE,1,30-08-2019 00:00
965,29,8,2019,Goa,Indo-Pacific finless porpoise,,C,2,1,2,15.20133591,73.91114044,FALSE,1.5,29-08-2019 12:00
965,29,8,2019,Goa,Indo-Pacific finless porpoise,,C,2,1,2,15.1842823,73.8985672,FALSE,2,29-08-2019 00:00
970,30,8,2019,Goa,Indo-Pacific finless porpoise,,,2,0.5,1,15.35434424,73.88338441,FALSE,0,30-08-2019 00:00
970,29,8,2019,Goa,Indo-Pacific finless porpoise,,,2,0.5,1,15.35676861,73.88301849,FALSE,0.5,29-08-2019 12:00
970,29,8,2019,Goa,Indo-Pacific finless porpoise,,,2,0.5,1,15.35529137,73.87943268,FALSE,1,29-08-2019 00:00
981,25,8,2019,Goa,Humpback dolphin,,C,2,1,2,15.27895927,73.91207633,FALSE,0,25-08-2019 00:00
981,24,8,2019,Goa,Humpback dolphin,,C,2,1,2,15.27856445,73.91162109,FALSE,0.5,24-08-2019 12:00
981,24,8,2019,Goa,Humpback dolphin,,C,2,1,2,15.27791691,73.91068268,FALSE,1,24-08-2019 00:00
981,23,8,2019,Goa,Humpback dolphin,,C,2,1,2,15.27808475,73.91068268,FALSE,1.5,23-08-2019 12:00
981,23,8,2019,Goa,Humpback dolphin,,C,2,1,2,15.27965927,73.90921783,FALSE,2,23-08-2019 00:00
984,23,8,2019,Goa,Humpback dolphin,,,3,3,4,15.40431162,73.78673036,FALSE,0,23-08-2019 00:00
984,22,8,2019,Goa,Humpback dolphin,,,3,3,4,15.43738461,73.78110504,FALSE,0.5,22-08-2019 12:00
984,22,8,2019,Goa,Humpback dolphin,,,3,3,4,15.46801186,73.76750183,FALSE,1,22-08-2019 00:00
984,21,8,2019,Goa,Humpback dolphin,,,3,3,4,15.49092865,73.76499176,FALSE,1.5,21-08-2019 12:00
984,21,8,2019,Goa,Humpback dolphin,,,3,3,4,15.51720715,73.75496674,FALSE,2,21-08-2019 00:00
984,20,8,2019,Goa,Humpback dolphin,,,3,3,4,15.52932167,73.75469208,FALSE,2.5,20-08-2019 12:00
984,20,8,2019,Goa,Humpback dolphin,,,3,3,4,15.53999805,73.74252319,FALSE,3,20-08-2019 00:00
984,19,8,2019,Goa,Humpback dolphin,,,3,3,4,15.55355453,73.74005127,FALSE,3.5,19-08-2019 12:00
984,19,8,2019,Goa,Humpback dolphin,,,3,3,4,15.5692234,73.7306366,FALSE,4,19-08-2019 00:00
985,18,8,2019,Goa,Indo-Pacific finless porpoise,,C,2,1,2,15.54742373,73.75273752,FALSE,0,18-08-2019 00:00
985,17,8,2019,Goa,Indo-Pacific finless porpoise,,C,2,1,2,15.55881786,73.74681091,FALSE,0.5,17-08-2019 12:00
985,17,8,2019,Goa,Indo-Pacific finless porpoise,,C,2,1,2,15.55976677,73.73609161,FALSE,1,17-08-2019 00:00
985,16,8,2019,Goa,Indo-Pacific finless porpoise,,C,2,1,2,15.55987835,73.73886108,FALSE,1.5,16-08-2019 12:00
985,16,8,2019,Goa,Indo-Pacific finless porpoise,,C,2,1,2,15.56429768,73.73465729,FALSE,2,16-08-2019 00:00
991,10,8,2019,Goa,Indo-Pacific finless porpoise,F,C,2,0.5,1,15.2433,73.9226,FALSE,0,10-08-2019 00:00
991,9,8,2019,Goa,Indo-Pacific finless porpoise,,C,2,0.5,1,15.25833321,73.91264343,FALSE,0.5,09-08-2019 12:00
991,9,8,2019,Goa,Indo-Pacific finless porpoise,,C,2,0.5,1,15.26924706,73.90183258,FALSE,1,09-08-2019 00:00
1003,1,8,2019,Goa,Humpback dolphin,,,3,2,5,15.01136666,74.02092507,FALSE,0,01-08-2019 00:00
1003,31,7,2019,Goa,Humpback dolphin,,,3,2,5,15.01209164,74.01845551,FALSE,0.5,31-07-2019 12:00
1003,31,7,2019,Goa,Humpback dolphin,,,3,2,5,15.01134109,74.01667786,FALSE,1,31-07-2019 00:00
1003,30,7,2019,Goa,Humpback dolphin,,,3,2,5,15.01189041,74.01530457,FALSE,1.5,30-07-2019 12:00
1003,30,7,2019,Goa,Humpback dolphin,,,3,2,5,15.0146389,74.00917053,FALSE,2,30-07-2019 00:00
1003,29,7,2019,Goa,Humpback dolphin,,,3,2,5,15.01741982,74.00385284,FALSE,2.5,29-07-2019 12:00
1003,29,7,2019,Goa,Humpback dolphin,,,3,2,5,15.01981926,73.99827576,FALSE,3,29-07-2019 00:00
1003,28,7,2019,Goa,Humpback dolphin,,,3,2,5,15.02498436,73.99076843,FALSE,3.5,28-07-2019 12:00
1003,28,7,2019,Goa,Humpback dolphin,,,3,2,5,15.03380394,73.98233032,FALSE,4,28-07-2019 00:00
1003,27,7,2019,Goa,Humpback dolphin,,,3,2,5,15.04189873,73.97346497,FALSE,4.5,27-07-2019 12:00
1003,27,7,2019,Goa,Humpback dolphin,,,3,2,5,15.05095291,73.96395874,FALSE,5,27-07-2019 00:00
1015,29,6,2019,Goa,Humpback dolphin,,,3,2,5,15.1267,73.94063,FALSE,0,29-06-2019 00:00
1015,28,6,2019,Goa,Humpback dolphin,,,3,2,5,15.16818142,73.92233276,FALSE,0.5,28-06-2019 12:00
1015,28,6,2019,Goa,Humpback dolphin,,,3,2,5,15.21956825,73.89997864,FALSE,1,28-06-2019 00:00
1015,27,6,2019,Goa,Humpback dolphin,,,3,2,5,15.24811363,73.88690186,FALSE,1.5,27-06-2019 12:00
1015,27,6,2019,Goa,Humpback dolphin,,,3,2,5,15.25950432,73.87922668,FALSE,2,27-06-2019 00:00
1015,26,6,2019,Goa,Humpback dolphin,,,3,2,5,15.25084209,73.8731308,FALSE,2.5,26-06-2019 12:00
1015,26,6,2019,Goa,Humpback dolphin,,,3,2,5,15.23054028,73.8688736,FALSE,3,26-06-2019 00:00
1015,25,6,2019,Goa,Humpback dolphin,,,3,2,5,15.20053387,73.86717987,FALSE,3.5,25-06-2019 12:00
1015,25,6,2019,Goa,Humpback dolphin,,,3,2,5,15.16781044,73.85603333,FALSE,4,25-06-2019 00:00
1015,24,6,2019,Goa,Humpback dolphin,,,3,2,5,15.18373299,73.84501648,FALSE,4.5,24-06-2019 12:00
1015,24,6,2019,Goa,Humpback dolphin,,,3,2,5,15.208148,73.8230896,FALSE,5,24-06-2019 00:00
1018,16,6,2019,Goa,Humpback dolphin,,C,2,1,2,15.2389,73.9238,FALSE,0,16-06-2019 00:00
1018,15,6,2019,Goa,Humpback dolphin,,C,2,1,2,15.18736267,73.92849731,FALSE,0.5,15-06-2019 12:00
1018,15,6,2019,Goa,Humpback dolphin,,C,2,1,2,15.12339973,73.92084503,FALSE,1,15-06-2019 00:00
1018,14,6,2019,Goa,Humpback dolphin,,C,2,1,2,15.07617188,73.92502594,FALSE,1.5,14-06-2019 12:00
1018,14,6,2019,Goa,Humpback dolphin,,C,2,1,2,15.04680252,73.92247772,FALSE,2,14-06-2019 00:00
1019,16,6,2019,Goa,Humpback dolphin,,,4,7,9,14.99682596,74.03319324,FALSE,0,16-06-2019 00:00
1019,15,6,2019,Goa,Humpback dolphin,,,4,7,9,14.99123192,74.03769684,FALSE,0.5,15-06-2019 12:00
1019,15,6,2019,Goa,Humpback dolphin,,,4,7,9,14.98467922,74.03931427,FALSE,1,15-06-2019 00:00
1019,14,6,2019,Goa,Humpback dolphin,,,4,7,9,14.97738171,74.0437088,FALSE,1.5,14-06-2019 12:00
1019,14,6,2019,Goa,Humpback dolphin,,,4,7,9,14.97034836,74.04618073,FALSE,2,14-06-2019 00:00
1019,13,6,2019,Goa,Humpback dolphin,,,4,7,9,14.96448231,74.05037689,FALSE,2.5,13-06-2019 12:00
1019,13,6,2019,Goa,Humpback dolphin,,,4,7,9,14.95612717,74.0541687,FALSE,3,13-06-2019 00:00
1019,12,6,2019,Goa,Humpback dolphin,,,4,7,9,14.94772911,74.06075287,FALSE,3.5,12-06-2019 12:00
1019,12,6,2019,Goa,Humpback dolphin,,,4,7,9,14.92996979,74.06781006,FALSE,4,12-06-2019 00:00
1019,11,6,2019,Goa,Humpback dolphin,,,4,7,9,14.904953,74.08486938,FALSE,4.5,11-06-2019 12:00
1019,11,6,2019,Goa,Humpback dolphin,,,4,7,9,14.86198711,74.11698914,FALSE,5,11-06-2019 00:00
1019,10,6,2019,Goa,Humpback dolphin,,,4,7,9,14.80734539,74.14324951,FALSE,5.5,10-06-2019 12:00
1019,10,6,2019,Goa,Humpback dolphin,,,4,7,9,14.78736591,74.15336609,FALSE,6,10-06-2019 00:00
1019,9,6,2019,Goa,Humpback dolphin,,,4,7,9,14.78141689,74.15900421,FALSE,6.5,09-06-2019 12:00
1019,9,6,2019,Goa,Humpback dolphin,,,4,7,9,14.77442551,74.1616745,FALSE,7,09-06-2019 00:00
1019,8,6,2019,Goa,Humpback dolphin,,,4,7,9,14.76939678,74.16566467,FALSE,7.5,08-06-2019 12:00
1019,8,6,2019,Goa,Humpback dolphin,,,4,7,9,14.76231384,74.16609192,FALSE,8,08-06-2019 00:00
1019,7,6,2019,Goa,Humpback dolphin,,,4,7,9,14.7593565,74.16845703,FALSE,8.5,07-06-2019 12:00
1019,7,6,2019,Goa,Humpback dolphin,,,4,7,9,14.75889778,74.16137695,FALSE,9,07-06-2019 00:00
1021,15,6,2019,Goa,Humpback dolphin,,,4,6,9,15.4832,73.80717,FALSE,0,15-06-2019 00:00
1021,14,6,2019,Goa,Humpback dolphin,,,4,6,9,15.45709229,73.81690216,FALSE,0.5,14-06-2019 12:00
1021,14,6,2019,Goa,Humpback dolphin,,,4,6,9,15.42621803,73.82476044,FALSE,1,14-06-2019 00:00
1021,13,6,2019,Goa,Humpback dolphin,,,4,6,9,15.39943218,73.83734894,FALSE,1.5,13-06-2019 12:00
1021,13,6,2019,Goa,Humpback dolphin,,,4,6,9,15.37489796,73.84855652,FALSE,2,13-06-2019 00:00
1021,12,6,2019,Goa,Humpback dolphin,,,4,6,9,15.36097717,73.86075592,FALSE,2.5,12-06-2019 12:00
1021,12,6,2019,Goa,Humpback dolphin,,,4,6,9,15.34065247,73.86994171,FALSE,3,12-06-2019 00:00
1021,11,6,2019,Goa,Humpback dolphin,,,4,6,9,15.30199528,73.88180542,FALSE,3.5,11-06-2019 12:00
1021,11,6,2019,Goa,Humpback dolphin,,,4,6,9,15.22387695,73.90470123,FALSE,4,11-06-2019 00:00
1021,10,6,2019,Goa,Humpback dolphin,,,4,6,9,15.0923872,73.96907806,FALSE,4.5,10-06-2019 12:00
1021,10,6,2019,Goa,Humpback dolphin,,,4,6,9,15.06685638,73.98604584,FALSE,5,10-06-2019 00:00
1021,9,6,2019,Goa,Humpback dolphin,,,4,6,9,15.05962086,73.99040222,FALSE,5.5,09-06-2019 12:00
1021,9,6,2019,Goa,Humpback dolphin,,,4,6,9,15.05402184,73.99156189,FALSE,6,09-06-2019 00:00
1021,8,6,2019,Goa,Humpback dolphin,,,4,6,9,15.05081177,73.9932251,FALSE,6.5,08-06-2019 12:00
1021,8,6,2019,Goa,Humpback dolphin,,,4,6,9,15.04851532,73.99331665,FALSE,7,08-06-2019 00:00
1021,7,6,2019,Goa,Humpback dolphin,,,4,6,9,15.04818916,73.99356079,FALSE,7.5,07-06-2019 12:00
1021,7,6,2019,Goa,Humpback dolphin,,,4,6,9,15.04864979,73.99274445,FALSE,8,07-06-2019 00:00
1021,6,6,2019,Goa,Humpback dolphin,,,4,6,9,15.04944706,73.99237823,FALSE,8.5,06-06-2019 12:00
1021,6,6,2019,Goa,Humpback dolphin,,,4,6,9,15.05248928,73.99050903,FALSE,9,06-06-2019 00:00
1025,31,5,2019,Goa,Indo-Pacific finless porpoise,,,3,3,5,15.49918017,73.76729517,FALSE,0,31-05-2019 00:00
1025,30,5,2019,Goa,Indo-Pacific finless porpoise,,,3,3,5,15.50897503,73.76228333,FALSE,0.5,30-05-2019 12:00
1025,30,5,2019,Goa,Indo-Pacific finless porpoise,,,3,3,5,15.53098774,73.73922729,FALSE,1,30-05-2019 00:00
1025,29,5,2019,Goa,Indo-Pacific finless porpoise,,,3,3,5,15.55494881,73.72763062,FALSE,1.5,29-05-2019 12:00
1025,29,5,2019,Goa,Indo-Pacific finless porpoise,,,3,3,5,15.58720207,73.71316528,FALSE,2,29-05-2019 00:00
1025,28,5,2019,Goa,Indo-Pacific finless porpoise,,,3,3,5,15.60385227,73.70768738,FALSE,2.5,28-05-2019 12:00
1025,28,5,2019,Goa,Indo-Pacific finless porpoise,,,3,3,5,15.62761211,73.69564819,FALSE,3,28-05-2019 00:00
1025,27,5,2019,Goa,Indo-Pacific finless porpoise,,,3,3,5,15.63801479,73.69271851,FALSE,3.5,27-05-2019 12:00
1025,27,5,2019,Goa,Indo-Pacific finless porpoise,,,3,3,5,15.65774632,73.68131256,FALSE,4,27-05-2019 00:00
1025,26,5,2019,Goa,Indo-Pacific finless porpoise,,,3,3,5,15.66656208,73.67938995,FALSE,4.5,26-05-2019 12:00
1025,26,5,2019,Goa,Indo-Pacific finless porpoise,,,3,3,5,15.6727314,73.67392731,FALSE,5,26-05-2019 00:00
1027,28,5,2019,Goa,Humpback dolphin,,,3,2,3,15.40592,73.78661,FALSE,0,28-05-2019 00:00
1027,27,5,2019,Goa,Humpback dolphin,,,3,2,3,15.42066288,73.78052521,FALSE,0.5,27-05-2019 12:00
1027,27,5,2019,Goa,Humpback dolphin,,,3,2,3,15.45200729,73.76319122,FALSE,1,27-05-2019 00:00
1027,26,5,2019,Goa,Humpback dolphin,,,3,2,3,15.47623634,73.7561264,FALSE,1.5,26-05-2019 12:00
1027,26,5,2019,Goa,Humpback dolphin,,,3,2,3,15.48772049,73.74259949,FALSE,2,26-05-2019 00:00
1027,25,5,2019,Goa,Humpback dolphin,,,3,2,3,15.48662281,73.74420166,FALSE,2.5,25-05-2019 12:00
1027,25,5,2019,Goa,Humpback dolphin,,,3,2,3,15.49900627,73.72846222,FALSE,3,25-05-2019 00:00
1032,22,5,2019,Goa,Humpback dolphin,,,3,2,4,15.29145629,73.90796617,FALSE,0,22-05-2019 00:00
1032,21,5,2019,Goa,Humpback dolphin,,,3,2,4,15.29082584,73.90851593,FALSE,0.5,21-05-2019 12:00
1032,21,5,2019,Goa,Humpback dolphin,,,3,2,4,15.28968716,73.90814972,FALSE,1,21-05-2019 00:00
1032,20,5,2019,Goa,Humpback dolphin,,,3,2,4,15.28882027,73.90796661,FALSE,1.5,20-05-2019 12:00
1032,20,5,2019,Goa,Humpback dolphin,,,3,2,4,15.28503799,73.90731812,FALSE,2,20-05-2019 00:00
1032,19,5,2019,Goa,Humpback dolphin,,,3,2,4,15.28346539,73.90786743,FALSE,2.5,19-05-2019 12:00
1032,19,5,2019,Goa,Humpback dolphin,,,3,2,4,15.28236961,73.90641785,FALSE,3,19-05-2019 00:00
1032,18,5,2019,Goa,Humpback dolphin,,,3,2,4,15.28588295,73.90471649,FALSE,3.5,18-05-2019 12:00
1032,18,5,2019,Goa,Humpback dolphin,,,3,2,4,15.29688072,73.8995285,FALSE,4,18-05-2019 00:00
1045,5,5,2019,Goa,Indo-Pacific finless porpoise,,,3,2,4,15.50152248,73.76726387,FALSE,0,05-05-2019 00:00
1045,4,5,2019,Goa,Indo-Pacific finless porpoise,,,3,2,4,15.5167942,73.76187897,FALSE,0.5,04-05-2019 12:00
1045,4,5,2019,Goa,Indo-Pacific finless porpoise,,,3,2,4,15.5241909,73.74635315,FALSE,1,04-05-2019 00:00
1045,3,5,2019,Goa,Indo-Pacific finless porpoise,,,3,2,4,15.53645134,73.73894501,FALSE,1.5,03-05-2019 12:00
1045,3,5,2019,Goa,Indo-Pacific finless porpoise,,,3,2,4,15.54785442,73.72241211,FALSE,2,03-05-2019 00:00
1045,2,5,2019,Goa,Indo-Pacific finless porpoise,,,3,2,4,15.52997971,73.73275757,FALSE,2.5,02-05-2019 12:00
1045,2,5,2019,Goa,Indo-Pacific finless porpoise,,,3,2,4,15.51906109,73.71529388,FALSE,3,02-05-2019 00:00
1045,1,5,2019,Goa,Indo-Pacific finless porpoise,,,3,2,4,15.51221848,73.71166992,FALSE,3.5,01-05-2019 12:00
1045,1,5,2019,Goa,Indo-Pacific finless porpoise,,,3,2,4,15.51702118,73.67948914,FALSE,4,01-05-2019 00:00
1066,19,4,2019,Goa,Indo-Pacific finless porpoise,,,3,3,5,15.62625939,73.72819971,FALSE,0,19-04-2019 00:00
1066,18,4,2019,Goa,Indo-Pacific finless porpoise,,,3,3,5,15.63955212,73.72290802,FALSE,0.5,18-04-2019 12:00
1066,18,4,2019,Goa,Indo-Pacific finless porpoise,,,3,3,5,15.6614418,73.71166992,FALSE,1,18-04-2019 00:00
1066,17,4,2019,Goa,Indo-Pacific finless porpoise,,,3,3,5,15.6732111,73.70846558,FALSE,1.5,17-04-2019 12:00
1066,17,4,2019,Goa,Indo-Pacific finless porpoise,,,3,3,5,15.68350697,73.70153046,FALSE,2,17-04-2019 00:00
1066,16,4,2019,Goa,Indo-Pacific finless porpoise,,,3,3,5,15.68803501,73.70043182,FALSE,2.5,16-04-2019 12:00
1066,16,4,2019,Goa,Indo-Pacific finless porpoise,,,3,3,5,15.69019222,73.69455719,FALSE,3,16-04-2019 00:00
1066,15,4,2019,Goa,Indo-Pacific finless porpoise,,,3,3,5,15.69248295,73.68831635,FALSE,3.5,15-04-2019 12:00
1066,15,4,2019,Goa,Indo-Pacific finless porpoise,,,3,3,5,15.68968868,73.68348694,FALSE,4,15-04-2019 00:00
1066,14,4,2019,Goa,Indo-Pacific finless porpoise,,,3,3,5,15.68672276,73.68553162,FALSE,4.5,14-04-2019 12:00
1066,14,4,2019,Goa,Indo-Pacific finless porpoise,,,3,3,5,15.68247604,73.68002319,FALSE,5,14-04-2019 00:00
1069,17,4,2019,Goa,Humpback dolphin,,C,2,0.5,1,15.47880401,73.80567949,FALSE,0,17-04-2019 00:00
1069,16,4,2019,Goa,Humpback dolphin,,C,2,0.5,1,15.48929405,73.8028717,FALSE,0.5,16-04-2019 12:00
1069,16,4,2019,Goa,Humpback dolphin,,C,2,0.5,1,15.5000658,73.79508209,FALSE,1,16-04-2019 00:00
1076,10,4,2019,Goa,Humpback dolphin,,,2,1,2,15.23044097,73.92530529,FALSE,0,10-04-2019 00:00
1076,9,4,2019,Goa,Humpback dolphin,,,2,1,2,15.23220253,73.92576599,FALSE,0.5,09-04-2019 12:00
1076,9,4,2019,Goa,Humpback dolphin,,,2,1,2,15.20161533,73.91791534,FALSE,1,09-04-2019 00:00
1076,8,4,2019,Goa,Humpback dolphin,,,2,1,2,15.15827179,73.9283371,FALSE,1.5,08-04-2019 12:00
1076,8,4,2019,Goa,Humpback dolphin,,,2,1,2,15.15235519,73.91954041,FALSE,2,08-04-2019 00:00
1078,9,4,2019,Goa,Humpback dolphin,,,3,3,5,15.29082155,73.90828023,FALSE,0,09-04-2019 00:00
1078,8,4,2019,Goa,Humpback dolphin,,,3,3,5,15.28743362,73.90952301,FALSE,0.5,08-04-2019 12:00
1078,8,4,2019,Goa,Humpback dolphin,,,3,3,5,15.28753853,73.90862274,FALSE,1,08-04-2019 00:00
1078,7,4,2019,Goa,Humpback dolphin,,,3,3,5,15.28944778,73.90789032,FALSE,1.5,07-04-2019 12:00
1078,7,4,2019,Goa,Humpback dolphin,,,3,3,5,15.29353714,73.9048996,FALSE,2,07-04-2019 00:00
1078,6,4,2019,Goa,Humpback dolphin,,,3,3,5,15.29789829,73.90309906,FALSE,2.5,06-04-2019 12:00
1078,6,4,2019,Goa,Humpback dolphin,,,3,3,5,15.30642796,73.89820099,FALSE,3,06-04-2019 00:00
1078,5,4,2019,Goa,Humpback dolphin,,,3,3,5,15.31361771,73.89665985,FALSE,3.5,05-04-2019 12:00
1078,5,4,2019,Goa,Humpback dolphin,,,3,3,5,15.31580162,73.89183044,FALSE,4,05-04-2019 00:00
1078,4,4,2019,Goa,Humpback dolphin,,,3,3,5,15.31349564,73.89256287,FALSE,4.5,04-04-2019 12:00
1078,4,4,2019,Goa,Humpback dolphin,,,3,3,5,15.30722046,73.89033508,FALSE,5,04-04-2019 00:00
1084,8,4,2019,Goa,Indo-Pacific finless porpoise,,,2,1,2,14.90792554,74.0818303,FALSE,0,08-04-2019 00:00
1084,7,4,2019,Goa,Indo-Pacific finless porpoise,,,2,1,2,14.91157436,74.07906342,FALSE,0.5,07-04-2019 12:00
1084,7,4,2019,Goa,Indo-Pacific finless porpoise,,,2,1,2,14.91678619,74.0684433,FALSE,1,07-04-2019 00:00
1084,6,4,2019,Goa,Indo-Pacific finless porpoise,,,2,1,2,14.92661381,74.05899048,FALSE,1.5,06-04-2019 12:00
1084,6,4,2019,Goa,Indo-Pacific finless porpoise,,,2,1,2,14.9404459,74.04370117,FALSE,2,06-04-2019 00:00
1086,4,4,2019,Goa,Humpback dolphin,,C,2,0.5,1,15.22984054,73.92605783,FALSE,0,04-04-2019 00:00
1086,3,4,2019,Goa,Humpback dolphin,,C,2,0.5,1,15.20447063,73.93242645,FALSE,0.5,03-04-2019 12:00
1086,3,4,2019,Goa,Humpback dolphin,,C,2,0.5,1,15.17190933,73.92678833,FALSE,1,03-04-2019 00:00
1095,31,3,2019,Goa,Indo-Pacific finless porpoise,,,3,2,4,15.55320191,73.75128611,FALSE,0,31-03-2019 00:00
1095,30,3,2019,Goa,Indo-Pacific finless porpoise,,,3,2,4,15.55952454,73.74950409,FALSE,0.5,30-03-2019 12:00
1095,30,3,2019,Goa,Indo-Pacific finless porpoise,,,3,2,4,15.5705061,73.73944092,FALSE,1,30-03-2019 00:00
1095,29,3,2019,Goa,Indo-Pacific finless porpoise,,,3,2,4,15.57056713,73.73934937,FALSE,1.5,29-03-2019 12:00
1095,29,3,2019,Goa,Indo-Pacific finless porpoise,,,3,2,4,15.5815258,73.730896,FALSE,2,29-03-2019 00:00
1095,28,3,2019,Goa,Indo-Pacific finless porpoise,,,3,2,4,15.59225559,73.72912598,FALSE,2.5,28-03-2019 12:00
1095,28,3,2019,Goa,Indo-Pacific finless porpoise,,,3,2,4,15.59689522,73.72380066,FALSE,3,28-03-2019 00:00
1095,27,3,2019,Goa,Indo-Pacific finless porpoise,,,3,2,4,15.59993267,73.72409058,FALSE,3.5,27-03-2019 12:00
1095,27,3,2019,Goa,Indo-Pacific finless porpoise,,,3,2,4,15.59252834,73.71636963,FALSE,4,27-03-2019 00:00
1097,29,3,2019,Goa,Humpback dolphin,,,4,8,10,15.29082155,73.90828023,FALSE,0,29-03-2019 00:00
1097,28,3,2019,Goa,Humpback dolphin,,,4,8,10,15.29281807,73.90763855,FALSE,0.5,28-03-2019 12:00
1097,28,3,2019,Goa,Humpback dolphin,,,4,8,10,15.29392624,73.90545654,FALSE,1,28-03-2019 00:00
1097,27,3,2019,Goa,Humpback dolphin,,,4,8,10,15.29393768,73.90591431,FALSE,1.5,27-03-2019 12:00
1097,27,3,2019,Goa,Humpback dolphin,,,4,8,10,15.29109955,73.90306854,FALSE,2,27-03-2019 00:00
1097,26,3,2019,Goa,Humpback dolphin,,,4,8,10,15.2882843,73.90377808,FALSE,2.5,26-03-2019 12:00
1097,26,3,2019,Goa,Humpback dolphin,,,4,8,10,15.27956009,73.90213013,FALSE,3,26-03-2019 00:00
1097,25,3,2019,Goa,Humpback dolphin,,,4,8,10,15.27869511,73.9016571,FALSE,3.5,25-03-2019 12:00
1097,25,3,2019,Goa,Humpback dolphin,,,4,8,10,15.27840328,73.89691162,FALSE,4,25-03-2019 00:00
1097,24,3,2019,Goa,Humpback dolphin,,,4,8,10,15.28266525,73.89618683,FALSE,4.5,24-03-2019 12:00
1097,24,3,2019,Goa,Humpback dolphin,,,4,8,10,15.28151131,73.88963318,FALSE,5,24-03-2019 00:00
1097,23,3,2019,Goa,Humpback dolphin,,,4,8,10,15.27715588,73.88770294,FALSE,5.5,23-03-2019 12:00
1097,23,3,2019,Goa,Humpback dolphin,,,4,8,10,15.26917648,73.88246155,FALSE,6,23-03-2019 00:00
1097,22,3,2019,Goa,Humpback dolphin,,,4,8,10,15.24923134,73.888237,FALSE,6.5,22-03-2019 12:00
1097,22,3,2019,Goa,Humpback dolphin,,,4,8,10,15.24108696,73.88601685,FALSE,7,22-03-2019 00:00
1097,21,3,2019,Goa,Humpback dolphin,,,4,8,10,15.22538471,73.89051819,FALSE,7.5,21-03-2019 12:00
1097,21,3,2019,Goa,Humpback dolphin,,,4,8,10,15.21229935,73.88339996,FALSE,8,21-03-2019 00:00
1097,20,3,2019,Goa,Humpback dolphin,,,4,8,10,15.19544792,73.88910675,FALSE,8.5,20-03-2019 12:00
1097,20,3,2019,Goa,Humpback dolphin,,,4,8,10,15.18209076,73.87445831,FALSE,9,20-03-2019 00:00
1097,19,3,2019,Goa,Humpback dolphin,,,4,8,10,15.19914722,73.86651611,FALSE,9.5,19-03-2019 12:00
1097,19,3,2019,Goa,Humpback dolphin,,,4,8,10,15.23965168,73.84538269,FALSE,10,19-03-2019 00:00
1098,29,3,2019,Goa,Humpback dolphin,,,4,6,8,15.40547933,73.78618686,FALSE,0,29-03-2019 00:00
1098,28,3,2019,Goa,Humpback dolphin,,,4,6,8,15.43245411,73.78005219,FALSE,0.5,28-03-2019 12:00
1098,28,3,2019,Goa,Humpback dolphin,,,4,6,8,15.45054626,73.76839447,FALSE,1,28-03-2019 00:00
1098,27,3,2019,Goa,Humpback dolphin,,,4,6,8,15.45954132,73.76638794,FALSE,1.5,27-03-2019 12:00
1098,27,3,2019,Goa,Humpback dolphin,,,4,6,8,15.46518326,73.75205994,FALSE,2,27-03-2019 00:00
1098,26,3,2019,Goa,Humpback dolphin,,,4,6,8,15.45377445,73.75056458,FALSE,2.5,26-03-2019 12:00
1098,26,3,2019,Goa,Humpback dolphin,,,4,6,8,15.4159174,73.73842621,FALSE,3,26-03-2019 00:00
1098,25,3,2019,Goa,Humpback dolphin,,,4,6,8,15.41502285,73.73609924,FALSE,3.5,25-03-2019 12:00
1098,25,3,2019,Goa,Humpback dolphin,,,4,6,8,15.40084362,73.70875549,FALSE,4,25-03-2019 00:00
1098,24,3,2019,Goa,Humpback dolphin,,,4,6,8,15.37586498,73.70475006,FALSE,4.5,24-03-2019 12:00
1098,24,3,2019,Goa,Humpback dolphin,,,4,6,8,15.29581928,73.65747833,FALSE,5,24-03-2019 00:00
1098,23,3,2019,Goa,Humpback dolphin,,,4,6,8,15.19005966,73.65283203,FALSE,5.5,23-03-2019 12:00
1098,23,3,2019,Goa,Humpback dolphin,,,4,6,8,15.07376003,73.64315796,FALSE,6,23-03-2019 00:00
1098,22,3,2019,Goa,Humpback dolphin,,,4,6,8,14.94357395,73.67845917,FALSE,6.5,22-03-2019 12:00
1098,22,3,2019,Goa,Humpback dolphin,,,4,6,8,14.87536335,73.6848526,FALSE,7,22-03-2019 00:00
1098,21,3,2019,Goa,Humpback dolphin,,,4,6,8,14.81363487,73.71007538,FALSE,7.5,21-03-2019 12:00
1098,21,3,2019,Goa,Humpback dolphin,,,4,6,8,14.81591225,73.68052673,FALSE,8,21-03-2019 00:00
1109,23,3,2019,Goa,Humpback dolphin,,,3,3,5,14.98647995,74.03780663,FALSE,0,23-03-2019 00:00
1109,22,3,2019,Goa,Humpback dolphin,,,3,3,5,14.98483372,74.0391922,FALSE,0.5,22-03-2019 12:00
1109,22,3,2019,Goa,Humpback dolphin,,,3,3,5,14.98469257,74.03625488,FALSE,1,22-03-2019 00:00
1109,21,3,2019,Goa,Humpback dolphin,,,3,3,5,14.98366261,74.0369873,FALSE,1.5,21-03-2019 12:00
1109,21,3,2019,Goa,Humpback dolphin,,,3,3,5,14.98289776,74.03414154,FALSE,2,21-03-2019 00:00
1109,20,3,2019,Goa,Humpback dolphin,,,3,3,5,14.98133183,74.03673553,FALSE,2.5,20-03-2019 12:00
1109,20,3,2019,Goa,Humpback dolphin,,,3,3,5,14.9763937,74.03451538,FALSE,3,20-03-2019 00:00
1109,19,3,2019,Goa,Humpback dolphin,,,3,3,5,14.97622204,74.03469849,FALSE,3.5,19-03-2019 12:00
1109,19,3,2019,Goa,Humpback dolphin,,,3,3,5,14.9806757,74.02586365,FALSE,4,19-03-2019 00:00
1109,18,3,2019,Goa,Humpback dolphin,,,3,3,5,14.98571014,74.02185059,FALSE,4.5,18-03-2019 12:00
1109,18,3,2019,Goa,Humpback dolphin,,,3,3,5,14.98792934,74.01308441,FALSE,5,18-03-2019 00:00
1118,13,3,2019,Goa,Humpback dolphin,,,4,8,12,15.57325991,73.74087287,FALSE,0,13-03-2019 00:00
1118,12,3,2019,Goa,Humpback dolphin,,,4,8,12,15.58187103,73.73931885,FALSE,0.5,12-03-2019 12:00
1118,12,3,2019,Goa,Humpback dolphin,,,4,8,12,15.59557915,73.73471832,FALSE,1,12-03-2019 00:00
1118,11,3,2019,Goa,Humpback dolphin,,,4,8,12,15.60494614,73.73368835,FALSE,1.5,11-03-2019 12:00
1118,11,3,2019,Goa,Humpback dolphin,,,4,8,12,15.61453152,73.73014832,FALSE,2,11-03-2019 00:00
1118,10,3,2019,Goa,Humpback dolphin,,,4,8,12,15.61714172,73.73031616,FALSE,2.5,10-03-2019 12:00
1118,10,3,2019,Goa,Humpback dolphin,,,4,8,12,15.62325478,73.72413635,FALSE,3,10-03-2019 00:00
1118,9,3,2019,Goa,Humpback dolphin,,,4,8,12,15.63308239,73.72123718,FALSE,3.5,09-03-2019 12:00
1118,9,3,2019,Goa,Humpback dolphin,,,4,8,12,15.63818741,73.71534729,FALSE,4,09-03-2019 00:00
1118,8,3,2019,Goa,Humpback dolphin,,,4,8,12,15.64199257,73.71255493,FALSE,4.5,08-03-2019 12:00
1118,8,3,2019,Goa,Humpback dolphin,,,4,8,12,15.65486622,73.70136261,FALSE,5,08-03-2019 00:00
1118,7,3,2019,Goa,Humpback dolphin,,,4,8,12,15.66521263,73.69677734,FALSE,5.5,07-03-2019 12:00
1118,7,3,2019,Goa,Humpback dolphin,,,4,8,12,15.68033028,73.68629456,FALSE,6,07-03-2019 00:00
1118,6,3,2019,Goa,Humpback dolphin,,,4,8,12,15.69102192,73.68091583,FALSE,6.5,06-03-2019 12:00
1118,6,3,2019,Goa,Humpback dolphin,,,4,8,12,15.69858551,73.67338562,FALSE,7,06-03-2019 00:00
1118,5,3,2019,Goa,Humpback dolphin,,,4,8,12,15.70450211,73.67178345,FALSE,7.5,05-03-2019 12:00
1118,5,3,2019,Goa,Humpback dolphin,,,4,8,12,15.71987629,73.6626358,FALSE,8,05-03-2019 00:00
1118,4,3,2019,Goa,Humpback dolphin,,,4,8,12,15.73896503,73.65585327,FALSE,8.5,04-03-2019 12:00
1118,4,3,2019,Goa,Humpback dolphin,,,4,8,12,15.76425457,73.64696503,FALSE,9,04-03-2019 00:00
1118,3,3,2019,Goa,Humpback dolphin,,,4,8,12,15.78035641,73.64279175,FALSE,9.5,03-03-2019 12:00
1118,3,3,2019,Goa,Humpback dolphin,,,4,8,12,15.80422878,73.6338501,FALSE,10,03-03-2019 00:00
1118,2,3,2019,Goa,Humpback dolphin,,,4,8,12,15.81923485,73.6311264,FALSE,10.5,02-03-2019 12:00
1118,2,3,2019,Goa,Humpback dolphin,,,4,8,12,15.82425594,73.623909,FALSE,11,02-03-2019 00:00
1118,1,3,2019,Goa,Humpback dolphin,,,4,8,12,15.83682823,73.61405945,FALSE,11.5,01-03-2019 12:00
1118,1,3,2019,Goa,Humpback dolphin,,,4,8,12,15.84946918,73.59959412,FALSE,12,01-03-2019 00:00
1121,6,3,2019,Goa,Indo-Pacific finless porpoise,,,3,2,4,15.49924799,73.76733691,FALSE,0,06-03-2019 00:00
1121,5,3,2019,Goa,Indo-Pacific finless porpoise,,,3,2,4,15.51266861,73.76178741,FALSE,0.5,05-03-2019 12:00
1121,5,3,2019,Goa,Indo-Pacific finless porpoise,,,3,2,4,15.53372765,73.7448349,FALSE,1,05-03-2019 00:00
1121,4,3,2019,Goa,Indo-Pacific finless porpoise,,,3,2,4,15.55836773,73.73220062,FALSE,1.5,04-03-2019 12:00
1121,4,3,2019,Goa,Indo-Pacific finless porpoise,,,3,2,4,15.59424973,73.71320343,FALSE,2,04-03-2019 00:00
1121,3,3,2019,Goa,Indo-Pacific finless porpoise,,,3,2,4,15.61658764,73.70539093,FALSE,2.5,03-03-2019 12:00
1121,3,3,2019,Goa,Indo-Pacific finless porpoise,,,3,2,4,15.6435709,73.69197845,FALSE,3,03-03-2019 00:00
1121,2,3,2019,Goa,Indo-Pacific finless porpoise,,,3,2,4,15.65897655,73.68523407,FALSE,3.5,02-03-2019 12:00
1121,2,3,2019,Goa,Indo-Pacific finless porpoise,,,3,2,4,15.66659737,73.67230225,FALSE,4,02-03-2019 00:00
1132,15,2,2019,Goa,Humpback dolphin,,,2,1,2,15.12750599,73.94010817,FALSE,0,15-02-2019 00:00
1132,14,2,2019,Goa,Humpback dolphin,,,2,1,2,15.10147762,73.94338989,FALSE,0.5,14-02-2019 12:00
1132,14,2,2019,Goa,Humpback dolphin,,,2,1,2,15.06889343,73.92999268,FALSE,1,14-02-2019 00:00
1132,13,2,2019,Goa,Humpback dolphin,,,2,1,2,15.0684557,73.93154907,FALSE,1.5,13-02-2019 12:00
1132,13,2,2019,Goa,Humpback dolphin,,,2,1,2,15.04038906,73.93712616,FALSE,2,13-02-2019 00:00
1134,13,2,2019,Goa,Humpback dolphin,,,4,6,9,15.30967953,73.90112046,FALSE,0,13-02-2019 00:00
1134,12,2,2019,Goa,Humpback dolphin,,,4,6,9,15.30691624,73.90260315,FALSE,0.5,12-02-2019 12:00
1134,12,2,2019,Goa,Humpback dolphin,,,4,6,9,15.30093956,73.90460205,FALSE,1,12-02-2019 00:00
1134,11,2,2019,Goa,Humpback dolphin,,,4,6,9,15.30159187,73.90441895,FALSE,1.5,11-02-2019 12:00
1134,11,2,2019,Goa,Humpback dolphin,,,4,6,9,15.3011322,73.9004364,FALSE,2,11-02-2019 00:00
1134,10,2,2019,Goa,Humpback dolphin,,,4,6,9,15.298316,73.90135193,FALSE,2.5,10-02-2019 12:00
1134,10,2,2019,Goa,Humpback dolphin,,,4,6,9,15.29291725,73.89917755,FALSE,3,10-02-2019 00:00
1134,9,2,2019,Goa,Humpback dolphin,,,4,6,9,15.28873539,73.90018463,FALSE,3.5,09-02-2019 12:00
1134,9,2,2019,Goa,Humpback dolphin,,,4,6,9,15.2911005,73.89673615,FALSE,4,09-02-2019 00:00
1134,8,2,2019,Goa,Humpback dolphin,,,4,6,9,15.30219746,73.89308929,FALSE,4.5,08-02-2019 12:00
1134,8,2,2019,Goa,Humpback dolphin,,,4,6,9,15.32513905,73.88491821,FALSE,5,08-02-2019 00:00
1134,7,2,2019,Goa,Humpback dolphin,,,4,6,9,15.34184551,73.87584686,FALSE,5.5,07-02-2019 12:00
1134,7,2,2019,Goa,Humpback dolphin,,,4,6,9,15.3580637,73.86488342,FALSE,6,07-02-2019 00:00
1134,6,2,2019,Goa,Humpback dolphin,,,4,6,9,15.36814404,73.85952759,FALSE,6.5,06-02-2019 12:00
1134,6,2,2019,Goa,Humpback dolphin,,,4,6,9,15.37846947,73.85358429,FALSE,7,06-02-2019 00:00
1134,5,2,2019,Goa,Humpback dolphin,,,4,6,9,15.38481903,73.85158539,FALSE,7.5,05-02-2019 12:00
1134,5,2,2019,Goa,Humpback dolphin,,,4,6,9,15.3803339,73.84521484,FALSE,8,05-02-2019 00:00
1134,4,2,2019,Goa,Humpback dolphin,,,4,6,9,15.38039112,73.84741974,FALSE,8.5,04-02-2019 12:00
1134,4,2,2019,Goa,Humpback dolphin,,,4,6,9,15.37320137,73.86048889,FALSE,9,04-02-2019 00:00
1143,29,1,2019,Goa,Indo-Pacific finless porpoise,,,3,3,5,,,FALSE,0,29-01-2019 00:00
1143,28,1,2019,Goa,Indo-Pacific finless porpoise,,,3,3,5,,,FALSE,0.5,28-01-2019 12:00
1143,28,1,2019,Goa,Indo-Pacific finless porpoise,,,3,3,5,,,FALSE,1,28-01-2019 00:00
1143,27,1,2019,Goa,Indo-Pacific finless porpoise,,,3,3,5,,,FALSE,1.5,27-01-2019 12:00
1143,27,1,2019,Goa,Indo-Pacific finless porpoise,,,3,3,5,,,FALSE,2,27-01-2019 00:00
1143,26,1,2019,Goa,Indo-Pacific finless porpoise,,,3,3,5,,,FALSE,2.5,26-01-2019 12:00
1143,26,1,2019,Goa,Indo-Pacific finless porpoise,,,3,3,5,,,FALSE,3,26-01-2019 00:00
1143,25,1,2019,Goa,Indo-Pacific finless porpoise,,,3,3,5,,,FALSE,3.5,25-01-2019 12:00
1143,25,1,2019,Goa,Indo-Pacific finless porpoise,,,3,3,5,,,FALSE,4,25-01-2019 00:00
1143,24,1,2019,Goa,Indo-Pacific finless porpoise,,,3,3,5,,,FALSE,4.5,24-01-2019 12:00
1143,24,1,2019,Goa,Indo-Pacific finless porpoise,,,3,3,5,,,FALSE,5,24-01-2019 00:00
1157,27,12,2018,Goa,Humpback dolphin,,,3,3,5,15.60698,73.74048,FALSE,0,27-12-2018 00:00
1157,26,12,2018,Goa,Humpback dolphin,,,3,3,5,15.61215019,73.7392807,FALSE,0.5,26-12-2018 12:00
1157,26,12,2018,Goa,Humpback dolphin,,,3,3,5,15.614851,73.73826599,FALSE,1,26-12-2018 00:00
1157,25,12,2018,Goa,Humpback dolphin,,,3,3,5,15.61343765,73.73930359,FALSE,1.5,25-12-2018 12:00
1157,25,12,2018,Goa,Humpback dolphin,,,3,3,5,15.61326313,73.7377243,FALSE,2,25-12-2018 00:00
1157,24,12,2018,Goa,Humpback dolphin,,,3,3,5,15.61414719,73.73860931,FALSE,2.5,24-12-2018 12:00
1157,24,12,2018,Goa,Humpback dolphin,,,3,3,5,15.60978985,73.73833466,FALSE,3,24-12-2018 00:00
1157,23,12,2018,Goa,Humpback dolphin,,,3,3,5,15.61115551,73.73833466,FALSE,3.5,23-12-2018 12:00
1157,23,12,2018,Goa,Humpback dolphin,,,3,3,5,15.61062908,73.73860931,FALSE,4,23-12-2018 00:00
1157,22,12,2018,Goa,Humpback dolphin,,,3,3,5,15.61680794,73.73741913,FALSE,4.5,22-12-2018 12:00
1157,22,12,2018,Goa,Humpback dolphin,,,3,3,5,15.62351608,73.73451233,FALSE,5,22-12-2018 00:00
1159,24,12,2018,Goa,Humpback dolphin,,,4,6,9,15.29167355,73.90679035,FALSE,0,24-12-2018 00:00
1159,23,12,2018,Goa,Humpback dolphin,,,4,6,9,15.29230881,73.9072876,FALSE,0.5,23-12-2018 12:00
1159,23,12,2018,Goa,Humpback dolphin,,,4,6,9,15.2909584,73.90804291,FALSE,1,23-12-2018 00:00
1159,22,12,2018,Goa,Humpback dolphin,,,4,6,9,15.29468727,73.90795135,FALSE,1.5,22-12-2018 12:00
1159,22,12,2018,Goa,Humpback dolphin,,,4,6,9,15.29876137,73.90660095,FALSE,2,22-12-2018 00:00
1159,21,12,2018,Goa,Humpback dolphin,,,4,6,9,15.29882813,73.90715027,FALSE,2.5,21-12-2018 12:00
1159,21,12,2018,Goa,Humpback dolphin,,,4,6,9,15.29262829,73.90647125,FALSE,3,21-12-2018 00:00
1159,20,12,2018,Goa,Humpback dolphin,,,4,6,9,15.29165173,73.90729523,FALSE,3.5,20-12-2018 12:00
1159,20,12,2018,Goa,Humpback dolphin,,,4,6,9,15.28747749,73.90766144,FALSE,4,20-12-2018 00:00
1159,19,12,2018,Goa,Humpback dolphin,,,4,6,9,15.28620911,73.90874481,FALSE,4.5,19-12-2018 12:00
1159,19,12,2018,Goa,Humpback dolphin,,,4,6,9,15.28680229,73.90956879,FALSE,5,19-12-2018 00:00
1159,18,12,2018,Goa,Humpback dolphin,,,4,6,9,15.2870779,73.90905762,FALSE,5.5,18-12-2018 12:00
1159,18,12,2018,Goa,Humpback dolphin,,,4,6,9,15.29060841,73.90933228,FALSE,6,18-12-2018 00:00
1159,17,12,2018,Goa,Humpback dolphin,,,4,6,9,15.2921381,73.90896606,FALSE,6.5,17-12-2018 12:00
1159,17,12,2018,Goa,Humpback dolphin,,,4,6,9,15.29077816,73.90924072,FALSE,7,17-12-2018 00:00
1159,16,12,2018,Goa,Humpback dolphin,,,4,6,9,15.2885046,73.91077423,FALSE,7.5,16-12-2018 12:00
1159,16,12,2018,Goa,Humpback dolphin,,,4,6,9,15.28738499,73.91162109,FALSE,8,16-12-2018 00:00
1159,15,12,2018,Goa,Humpback dolphin,,,4,6,9,15.28636551,73.91306305,FALSE,8.5,15-12-2018 12:00
1159,15,12,2018,Goa,Humpback dolphin,,,4,6,9,15.28416061,73.91409302,FALSE,9,15-12-2018 00:00
1163,12,12,2018,Goa,Humpback dolphin,,,3,3,4,15.31152658,73.90109796,FALSE,0,12-12-2018 00:00
1163,11,12,2018,Goa,Humpback dolphin,,,3,3,4,15.31807327,73.89818573,FALSE,0.5,11-12-2018 12:00
1163,11,12,2018,Goa,Humpback dolphin,,,3,3,4,15.32695389,73.89438629,FALSE,1,11-12-2018 00:00
1163,10,12,2018,Goa,Humpback dolphin,,,3,3,4,15.33292961,73.8919754,FALSE,1.5,10-12-2018 12:00
1163,10,12,2018,Goa,Humpback dolphin,,,3,3,4,15.34023666,73.88886261,FALSE,2,10-12-2018 00:00
1163,9,12,2018,Goa,Humpback dolphin,,,3,3,4,15.3420105,73.88813019,FALSE,2.5,09-12-2018 12:00
1163,9,12,2018,Goa,Humpback dolphin,,,3,3,4,15.3394289,73.88633728,FALSE,3,09-12-2018 00:00
1163,8,12,2018,Goa,Humpback dolphin,,,3,3,4,15.33930397,73.88980103,FALSE,3.5,08-12-2018 12:00
1163,8,12,2018,Goa,Humpback dolphin,,,3,3,4,15.34096241,73.89078522,FALSE,4,08-12-2018 00:00
1166,5,12,2018,Goa,Humpback dolphin,,,2,1,2,15.68403963,73.70289783,FALSE,0,05-12-2018 00:00
1166,4,12,2018,Goa,Humpback dolphin,,,2,1,2,15.68274117,73.70559692,FALSE,0.5,04-12-2018 12:00
1166,4,12,2018,Goa,Humpback dolphin,,,2,1,2,15.67734241,73.70980835,FALSE,1,04-12-2018 00:00
1166,3,12,2018,Goa,Humpback dolphin,,,2,1,2,15.67851353,73.71231842,FALSE,1.5,03-12-2018 12:00
1166,3,12,2018,Goa,Humpback dolphin,,,2,1,2,15.67237473,73.71773529,FALSE,2,03-12-2018 00:00
1180,23,10,2018,Goa,Humpback dolphin,,C,2,1,2,15.29398604,73.90615105,FALSE,0,23-10-2018 00:00
1180,22,10,2018,Goa,Humpback dolphin,,C,2,1,2,15.29490185,73.90642548,FALSE,0.5,22-10-2018 12:00
1180,22,10,2018,Goa,Humpback dolphin,,C,2,1,2,15.28931332,73.90633392,FALSE,1,22-10-2018 00:00
1180,21,10,2018,Goa,Humpback dolphin,,C,2,1,2,15.28816223,73.90670013,FALSE,1.5,21-10-2018 12:00
1180,21,10,2018,Goa,Humpback dolphin,,C,2,1,2,15.28633976,73.90633392,FALSE,2,21-10-2018 00:00
1184,7,10,2018,Goa,Humpback dolphin,,,4,9,12,15.6434131,73.71701645,FALSE,0,07-10-2018 00:00
1184,6,10,2018,Goa,Humpback dolphin,,,4,9,12,15.62995243,73.72834778,FALSE,0.5,06-10-2018 12:00
1184,6,10,2018,Goa,Humpback dolphin,,,4,9,12,15.61258698,73.73504639,FALSE,1,06-10-2018 00:00
1184,5,10,2018,Goa,Humpback dolphin,,,4,9,12,15.60150433,73.73810577,FALSE,1.5,05-10-2018 12:00
1184,5,10,2018,Goa,Humpback dolphin,,,4,9,12,15.59126568,73.7399826,FALSE,2,05-10-2018 00:00
1184,4,10,2018,Goa,Humpback dolphin,,,4,9,12,15.58676624,73.74572754,FALSE,2.5,04-10-2018 12:00
1184,4,10,2018,Goa,Humpback dolphin,,,4,9,12,15.58335209,73.74856567,FALSE,3,04-10-2018 00:00
1184,3,10,2018,Goa,Humpback dolphin,,,4,9,12,15.58441544,73.75131989,FALSE,3.5,03-10-2018 12:00
1184,3,10,2018,Goa,Humpback dolphin,,,4,9,12,15.58354092,73.74889374,FALSE,4,03-10-2018 00:00
1184,2,10,2018,Goa,Humpback dolphin,,,4,9,12,15.58330631,73.75076294,FALSE,4.5,02-10-2018 12:00
1184,2,10,2018,Goa,Humpback dolphin,,,4,9,12,15.57761097,73.74907684,FALSE,5,02-10-2018 00:00
1184,1,10,2018,Goa,Humpback dolphin,,,4,9,12,15.57390118,73.74732208,FALSE,5.5,01-10-2018 12:00
1184,1,10,2018,Goa,Humpback dolphin,,,4,9,12,15.55768394,73.74533081,FALSE,6,01-10-2018 00:00
1184,30,9,2018,Goa,Humpback dolphin,,,4,9,12,15.56343746,73.74739075,FALSE,6.5,30-09-2018 12:00
1184,30,9,2018,Goa,Humpback dolphin,,,4,9,12,15.5726223,73.73467255,FALSE,7,30-09-2018 00:00
1184,29,9,2018,Goa,Humpback dolphin,,,4,9,12,15.58263969,73.73634338,FALSE,7.5,29-09-2018 12:00
1184,29,9,2018,Goa,Humpback dolphin,,,4,9,12,15.59849358,73.72743225,FALSE,8,29-09-2018 00:00
1184,28,9,2018,Goa,Humpback dolphin,,,4,9,12,15.60447502,73.72709656,FALSE,8.5,28-09-2018 12:00
1184,28,9,2018,Goa,Humpback dolphin,,,4,9,12,15.60614967,73.72353363,FALSE,9,28-09-2018 00:00
1184,27,9,2018,Goa,Humpback dolphin,,,4,9,12,15.61755085,73.72727966,FALSE,9.5,27-09-2018 12:00
1184,27,9,2018,Goa,Humpback dolphin,,,4,9,12,15.62861252,73.7220459,FALSE,10,27-09-2018 00:00
1184,26,9,2018,Goa,Humpback dolphin,,,4,9,12,15.63472366,73.72631836,FALSE,10.5,26-09-2018 12:00
1184,26,9,2018,Goa,Humpback dolphin,,,4,9,12,15.64599895,73.72563171,FALSE,11,26-09-2018 00:00
1184,25,9,2018,Goa,Humpback dolphin,,,4,9,12,15.6574688,73.72416687,FALSE,11.5,25-09-2018 12:00
1184,25,9,2018,Goa,Humpback dolphin,,,4,9,12,15.66586399,73.72169495,FALSE,12,25-09-2018 00:00
1191,23,9,2018,Goa,Humpback dolphin,,C,2,1,2,15.55442395,73.75139081,FALSE,0,23-09-2018 00:00
1191,22,9,2018,Goa,Humpback dolphin,,C,2,1,2,15.54384708,73.758255,FALSE,0.5,22-09-2018 12:00
1191,22,9,2018,Goa,Humpback dolphin,,C,2,1,2,15.5364809,73.76065826,FALSE,1,22-09-2018 00:00
1191,21,9,2018,Goa,Humpback dolphin,,C,2,1,2,15.53342915,73.76477814,FALSE,1.5,21-09-2018 12:00
1191,21,9,2018,Goa,Humpback dolphin,,C,2,1,2,15.54012203,73.76356506,FALSE,2,21-09-2018 00:00
1198,6,9,2018,Goa,Humpback dolphin,,,3,3,5,15.31213718,73.90090671,FALSE,0,06-09-2018 00:00
1198,5,9,2018,Goa,Humpback dolphin,,,3,3,5,15.3173027,73.89871216,FALSE,0.5,05-09-2018 12:00
1198,5,9,2018,Goa,Humpback dolphin,,,3,3,5,15.32643795,73.89287567,FALSE,1,05-09-2018 00:00
1198,4,9,2018,Goa,Humpback dolphin,,,3,3,5,15.33162975,73.89058685,FALSE,1.5,04-09-2018 12:00
1198,4,9,2018,Goa,Humpback dolphin,,,3,3,5,15.33565998,73.88769531,FALSE,2,04-09-2018 00:00
1198,3,9,2018,Goa,Humpback dolphin,,,3,3,5,15.33570576,73.88842773,FALSE,2.5,03-09-2018 12:00
1198,3,9,2018,Goa,Humpback dolphin,,,3,3,5,15.33541584,73.88648224,FALSE,3,03-09-2018 00:00
1198,2,9,2018,Goa,Humpback dolphin,,,3,3,5,15.33272266,73.88634491,FALSE,3.5,02-09-2018 12:00
1198,2,9,2018,Goa,Humpback dolphin,,,3,3,5,15.33088589,73.8850174,FALSE,4,02-09-2018 00:00
1198,1,9,2018,Goa,Humpback dolphin,,,3,3,5,15.33227825,73.88801575,FALSE,4.5,01-09-2018 12:00
1198,1,9,2018,Goa,Humpback dolphin,,,3,3,5,15.33535671,73.88601685,FALSE,5,01-09-2018 00:00
1199,6,9,2018,Goa,Humpback dolphin,,,2,1,2,15.21671203,73.92971864,FALSE,0,06-09-2018 00:00
1199,5,9,2018,Goa,Humpback dolphin,,,2,1,2,15.25122738,73.92276001,FALSE,0.5,05-09-2018 12:00
1199,5,9,2018,Goa,Humpback dolphin,,,2,1,2,15.26989365,73.91764832,FALSE,1,05-09-2018 00:00
1199,4,9,2018,Goa,Humpback dolphin,,,2,1,2,15.27531052,73.91645813,FALSE,1.5,04-09-2018 12:00
1199,4,9,2018,Goa,Humpback dolphin,,,2,1,2,15.27724934,73.91513824,FALSE,2,04-09-2018 00:00
1201,5,9,2018,Goa,Humpback dolphin,,,4,6,9,15.49910323,73.7672646,FALSE,0,05-09-2018 00:00
1201,4,9,2018,Goa,Humpback dolphin,,,4,6,9,15.51592064,73.76181793,FALSE,0.5,04-09-2018 12:00
1201,4,9,2018,Goa,Humpback dolphin,,,4,6,9,15.52739143,73.75139618,FALSE,1,04-09-2018 00:00
1201,3,9,2018,Goa,Humpback dolphin,,,4,6,9,15.53362465,73.74963379,FALSE,1.5,03-09-2018 12:00
1201,3,9,2018,Goa,Humpback dolphin,,,4,6,9,15.536479,73.73721313,FALSE,2,03-09-2018 00:00
1201,2,9,2018,Goa,Humpback dolphin,,,4,6,9,15.53795719,73.73483276,FALSE,2.5,02-09-2018 12:00
1201,2,9,2018,Goa,Humpback dolphin,,,4,6,9,15.53693581,73.72437286,FALSE,3,02-09-2018 00:00
1201,1,9,2018,Goa,Humpback dolphin,,,4,6,9,15.55018044,73.72277069,FALSE,3.5,01-09-2018 12:00
1201,1,9,2018,Goa,Humpback dolphin,,,4,6,9,15.56761551,73.7117691,FALSE,4,01-09-2018 00:00
1201,31,8,2018,Goa,Humpback dolphin,,,4,6,9,15.58936977,73.71071625,FALSE,4.5,31-08-2018 12:00
1201,31,8,2018,Goa,Humpback dolphin,,,4,6,9,15.61030865,73.70038605,FALSE,5,31-08-2018 00:00
1201,30,8,2018,Goa,Humpback dolphin,,,4,6,9,15.63301754,73.69956207,FALSE,5.5,30-08-2018 12:00
1201,30,8,2018,Goa,Humpback dolphin,,,4,6,9,15.65627575,73.6918335,FALSE,6,30-08-2018 00:00
1201,29,8,2018,Goa,Humpback dolphin,,,4,6,9,15.66919327,73.68871307,FALSE,6.5,29-08-2018 12:00
1201,29,8,2018,Goa,Humpback dolphin,,,4,6,9,15.67862892,73.68067932,FALSE,7,29-08-2018 00:00
1201,28,8,2018,Goa,Humpback dolphin,,,4,6,9,15.68499756,73.67866516,FALSE,7.5,28-08-2018 12:00
1201,28,8,2018,Goa,Humpback dolphin,,,4,6,9,15.70765972,73.6641922,FALSE,8,28-08-2018 00:00
1201,27,8,2018,Goa,Humpback dolphin,,,4,6,9,15.71687412,73.66230011,FALSE,8.5,27-08-2018 12:00
1201,27,8,2018,Goa,Humpback dolphin,,,4,6,9,15.73053455,73.65596771,FALSE,9,27-08-2018 00:00
1221,6,8,2018,Goa,Indo-Pacific finless porpoise,,,3,3,5,14.97695983,74.042002,FALSE,0,06-08-2018 00:00
1221,5,8,2018,Goa,Indo-Pacific finless porpoise,,,3,3,5,14.97959232,74.03527069,FALSE,0.5,05-08-2018 12:00
1221,5,8,2018,Goa,Indo-Pacific finless porpoise,,,3,3,5,14.97908783,74.03335571,FALSE,1,05-08-2018 00:00
1221,4,8,2018,Goa,Indo-Pacific finless porpoise,,,3,3,5,14.97655392,74.0307312,FALSE,1.5,04-08-2018 12:00
1221,4,8,2018,Goa,Indo-Pacific finless porpoise,,,3,3,5,14.97334862,74.02783203,FALSE,2,04-08-2018 00:00
1221,3,8,2018,Goa,Indo-Pacific finless porpoise,,,3,3,5,14.97866058,74.02279663,FALSE,2.5,03-08-2018 12:00
1221,3,8,2018,Goa,Indo-Pacific finless porpoise,,,3,3,5,14.98553371,74.01085663,FALSE,3,03-08-2018 00:00
1221,2,8,2018,Goa,Indo-Pacific finless porpoise,,,3,3,5,14.9950285,73.99916077,FALSE,3.5,02-08-2018 12:00
1221,2,8,2018,Goa,Indo-Pacific finless porpoise,,,3,3,5,15.00096512,73.98913574,FALSE,4,02-08-2018 00:00
1221,1,8,2018,Goa,Indo-Pacific finless porpoise,,,3,3,5,15.00115967,73.98152161,FALSE,4.5,01-08-2018 12:00
1221,1,8,2018,Goa,Indo-Pacific finless porpoise,,,3,3,5,15.00244236,73.97393799,FALSE,5,01-08-2018 00:00
1225,13,7,2018,Goa,Humpback dolphin,,A,2,2,3,15.21671203,73.92971864,FALSE,0,13-07-2018 00:00
1225,12,7,2018,Goa,Humpback dolphin,,A,2,2,3,15.23369408,73.90975189,FALSE,0.5,12-07-2018 12:00
1225,12,7,2018,Goa,Humpback dolphin,,A,2,2,3,15.25469208,73.89538574,FALSE,1,12-07-2018 00:00
1225,11,7,2018,Goa,Humpback dolphin,,A,2,2,3,15.27036667,73.88376617,FALSE,1.5,11-07-2018 12:00
1225,11,7,2018,Goa,Humpback dolphin,,A,2,2,3,15.28946781,73.87156677,FALSE,2,11-07-2018 00:00
1225,10,7,2018,Goa,Humpback dolphin,,A,2,2,3,15.30589962,73.85858917,FALSE,2.5,10-07-2018 12:00
1225,10,7,2018,Goa,Humpback dolphin,,A,2,2,3,15.30898476,73.84931183,FALSE,3,10-07-2018 00:00
1229,3,7,2018,Goa,Humpback dolphin,,C,4,5,7,15.29145629,73.90796617,FALSE,0,03-07-2018 00:00
1229,2,7,2018,Goa,Humpback dolphin,,C,4,5,7,15.28705025,73.90842438,FALSE,0.5,02-07-2018 12:00
1229,2,7,2018,Goa,Humpback dolphin,,C,4,5,7,15.28463173,73.90824127,FALSE,1,02-07-2018 00:00
1229,1,7,2018,Goa,Humpback dolphin,,C,4,5,7,15.28201485,73.90909576,FALSE,1.5,01-07-2018 12:00
1229,1,7,2018,Goa,Humpback dolphin,,C,4,5,7,15.27808189,73.90898895,FALSE,2,01-07-2018 00:00
1229,30,6,2018,Goa,Humpback dolphin,,C,4,5,7,15.26738071,73.91152954,FALSE,2.5,30-06-2018 12:00
1229,30,6,2018,Goa,Humpback dolphin,,C,4,5,7,15.24034214,73.91311646,FALSE,3,30-06-2018 00:00
1229,29,6,2018,Goa,Humpback dolphin,,C,4,5,7,15.2212162,73.91410065,FALSE,3.5,29-06-2018 12:00
1229,29,6,2018,Goa,Humpback dolphin,,C,4,5,7,15.19291782,73.9079895,FALSE,4,29-06-2018 00:00
1229,28,6,2018,Goa,Humpback dolphin,,C,4,5,7,15.16320705,73.9036026,FALSE,4.5,28-06-2018 12:00
1229,28,6,2018,Goa,Humpback dolphin,,C,4,5,7,15.14375114,73.89248657,FALSE,5,28-06-2018 00:00
1229,27,6,2018,Goa,Humpback dolphin,,C,4,5,7,15.13820362,73.88051605,FALSE,5.5,27-06-2018 12:00
1229,27,6,2018,Goa,Humpback dolphin,,C,4,5,7,15.16881657,73.86283112,FALSE,6,27-06-2018 00:00
1229,26,6,2018,Goa,Humpback dolphin,,C,4,5,7,15.20199966,73.84605408,FALSE,6.5,26-06-2018 12:00
1229,26,6,2018,Goa,Humpback dolphin,,C,4,5,7,15.24794674,73.82183075,FALSE,7,26-06-2018 00:00
1231,29,6,2018,Goa,Indo-Pacific finless porpoise,,,2,1,2,15.55559,73.75159,FALSE,0,29-06-2018 00:00
1231,28,6,2018,Goa,Indo-Pacific finless porpoise,,,2,1,2,15.55155277,73.75350189,FALSE,0.5,28-06-2018 12:00
1231,28,6,2018,Goa,Indo-Pacific finless porpoise,,,2,1,2,15.54752159,73.75310516,FALSE,1,28-06-2018 00:00
1231,27,6,2018,Goa,Indo-Pacific finless porpoise,,,2,1,2,15.54374886,73.74965668,FALSE,1.5,27-06-2018 12:00
1231,27,6,2018,Goa,Indo-Pacific finless porpoise,,,2,1,2,15.55040646,73.74411774,FALSE,2,27-06-2018 00:00
1233,25,6,2018,Goa,Humpback dolphin,,,2,0.5,1,15.01018531,74.02225545,FALSE,0,25-06-2018 00:00
1233,24,6,2018,Goa,Humpback dolphin,,,2,0.5,1,15.01329041,74.01711273,FALSE,0.5,24-06-2018 12:00
1233,24,6,2018,Goa,Humpback dolphin,,,2,0.5,1,15.01158905,74.01568604,FALSE,1,24-06-2018 00:00
1240,8,6,2018,Goa,Humpback dolphin,,,3,3,5,15.29198479,73.90787444,FALSE,0,08-06-2018 00:00
1240,7,6,2018,Goa,Humpback dolphin,,,3,3,5,15.28903198,73.90917206,FALSE,0.5,07-06-2018 12:00
1240,7,6,2018,Goa,Humpback dolphin,,,3,3,5,15.28344345,73.90953827,FALSE,1,07-06-2018 00:00
1240,6,6,2018,Goa,Humpback dolphin,,,3,3,5,15.28130436,73.91049194,FALSE,1.5,06-06-2018 12:00
1240,6,6,2018,Goa,Humpback dolphin,,,3,3,5,15.2762537,73.91155243,FALSE,2,06-06-2018 00:00
1240,5,6,2018,Goa,Humpback dolphin,,,3,3,5,15.26225185,73.91452026,FALSE,2.5,05-06-2018 12:00
1240,5,6,2018,Goa,Humpback dolphin,,,3,3,5,15.23907089,73.91391754,FALSE,3,05-06-2018 00:00
1240,4,6,2018,Goa,Humpback dolphin,,,3,3,5,15.2301836,73.91551971,FALSE,3.5,04-06-2018 12:00
1240,4,6,2018,Goa,Humpback dolphin,,,3,3,5,15.22949219,73.91100311,FALSE,4,04-06-2018 00:00
1240,3,6,2018,Goa,Humpback dolphin,,,3,3,5,15.239995,73.91205597,FALSE,4.5,03-06-2018 12:00
1240,3,6,2018,Goa,Humpback dolphin,,,3,3,5,15.25443554,73.90466309,FALSE,5,03-06-2018 00:00
1243,4,6,2018,Goa,Humpback dolphin,,,3,3,5,15.31152658,73.90109796,FALSE,0,04-06-2018 00:00
1243,3,6,2018,Goa,Humpback dolphin,,,3,3,5,15.31304836,73.90146637,FALSE,0.5,03-06-2018 12:00
1243,3,6,2018,Goa,Humpback dolphin,,,3,3,5,15.31734085,73.89909363,FALSE,1,03-06-2018 00:00
1243,2,6,2018,Goa,Humpback dolphin,,,3,3,5,15.31745529,73.90014648,FALSE,1.5,02-06-2018 12:00
1243,2,6,2018,Goa,Humpback dolphin,,,3,3,5,15.3170433,73.89741516,FALSE,2,02-06-2018 00:00
1243,1,6,2018,Goa,Humpback dolphin,,,3,3,5,15.31849861,73.89504242,FALSE,2.5,01-06-2018 12:00
1243,1,6,2018,Goa,Humpback dolphin,,,3,3,5,15.32279778,73.88895416,FALSE,3,01-06-2018 00:00
1243,31,5,2018,Goa,Humpback dolphin,,,3,3,5,15.32450104,73.88674164,FALSE,3.5,31-05-2018 12:00
1243,31,5,2018,Goa,Humpback dolphin,,,3,3,5,15.32402039,73.88486481,FALSE,4,31-05-2018 00:00
1243,30,5,2018,Goa,Humpback dolphin,,,3,3,5,15.32459831,73.8814621,FALSE,4.5,30-05-2018 12:00
1243,30,5,2018,Goa,Humpback dolphin,,,3,3,5,15.33534718,73.87586975,FALSE,5,30-05-2018 00:00
1247,25,5,2018,Goa,Indo-Pacific finless porpoise,,,3,4,5,15.31540451,73.89932071,FALSE,0,25-05-2018 00:00
1247,24,5,2018,Goa,Indo-Pacific finless porpoise,,,3,4,5,15.32322979,73.89488983,FALSE,0.5,24-05-2018 12:00
1247,24,5,2018,Goa,Indo-Pacific finless porpoise,,,3,4,5,15.33458138,73.8899231,FALSE,1,24-05-2018 00:00
1247,23,5,2018,Goa,Indo-Pacific finless porpoise,,,3,4,5,15.34009552,73.88543701,FALSE,1.5,23-05-2018 12:00
1247,23,5,2018,Goa,Indo-Pacific finless porpoise,,,3,4,5,15.34892559,73.87755585,FALSE,2,23-05-2018 00:00
1247,22,5,2018,Goa,Indo-Pacific finless porpoise,,,3,4,5,15.35202503,73.8744278,FALSE,2.5,22-05-2018 12:00
1247,22,5,2018,Goa,Indo-Pacific finless porpoise,,,3,4,5,15.35516644,73.86868286,FALSE,3,22-05-2018 00:00
1247,21,5,2018,Goa,Indo-Pacific finless porpoise,,,3,4,5,15.35347843,73.86556244,FALSE,3.5,21-05-2018 12:00
1247,21,5,2018,Goa,Indo-Pacific finless porpoise,,,3,4,5,15.35828972,73.85866547,FALSE,4,21-05-2018 00:00
1247,20,5,2018,Goa,Indo-Pacific finless porpoise,,,3,4,5,15.36021519,73.85148621,FALSE,4.5,20-05-2018 12:00
1247,20,5,2018,Goa,Indo-Pacific finless porpoise,,,3,4,5,15.36452198,73.84523773,FALSE,5,20-05-2018 00:00
1248,20,5,2018,Goa,Humpback dolphin,,,4,7,10,15.66801685,73.70923863,FALSE,0,20-05-2018 00:00
1248,19,5,2018,Goa,Humpback dolphin,,,4,7,10,15.66717911,73.70937347,FALSE,0.5,19-05-2018 12:00
1248,19,5,2018,Goa,Humpback dolphin,,,4,7,10,15.66015244,73.70409393,FALSE,1,19-05-2018 00:00
1248,18,5,2018,Goa,Humpback dolphin,,,4,7,10,15.65550137,73.70646667,FALSE,1.5,18-05-2018 12:00
1248,18,5,2018,Goa,Humpback dolphin,,,4,7,10,15.65177631,73.70059967,FALSE,2,18-05-2018 00:00
1248,17,5,2018,Goa,Humpback dolphin,,,4,7,10,15.64779949,73.70197296,FALSE,2.5,17-05-2018 12:00
1248,17,5,2018,Goa,Humpback dolphin,,,4,7,10,15.6505518,73.69744873,FALSE,3,17-05-2018 00:00
1248,16,5,2018,Goa,Humpback dolphin,,,4,7,10,15.64597034,73.7011261,FALSE,3.5,16-05-2018 12:00
1248,16,5,2018,Goa,Humpback dolphin,,,4,7,10,15.64889431,73.69905853,FALSE,4,16-05-2018 00:00
1248,15,5,2018,Goa,Humpback dolphin,,,4,7,10,15.64953709,73.70226288,FALSE,4.5,15-05-2018 12:00
1248,15,5,2018,Goa,Humpback dolphin,,,4,7,10,15.65418243,73.6995697,FALSE,5,15-05-2018 00:00
1248,14,5,2018,Goa,Humpback dolphin,,,4,7,10,15.65383148,73.70451355,FALSE,5.5,14-05-2018 12:00
1248,14,5,2018,Goa,Humpback dolphin,,,4,7,10,15.65493965,73.70278168,FALSE,6,14-05-2018 00:00
1248,13,5,2018,Goa,Humpback dolphin,,,4,7,10,15.65814209,73.70410919,FALSE,6.5,13-05-2018 12:00
1248,13,5,2018,Goa,Humpback dolphin,,,4,7,10,15.66592216,73.69947052,FALSE,7,13-05-2018 00:00
1248,12,5,2018,Goa,Humpback dolphin,,,4,7,10,15.67101574,73.69854736,FALSE,7.5,12-05-2018 12:00
1248,12,5,2018,Goa,Humpback dolphin,,,4,7,10,15.67753315,73.6919632,FALSE,8,12-05-2018 00:00
1248,11,5,2018,Goa,Humpback dolphin,,,4,7,10,15.67681026,73.69168854,FALSE,8.5,11-05-2018 12:00
1248,11,5,2018,Goa,Humpback dolphin,,,4,7,10,15.6783123,73.68276215,FALSE,9,11-05-2018 00:00
1248,10,5,2018,Goa,Humpback dolphin,,,4,7,10,15.68512344,73.679245,FALSE,9.5,10-05-2018 12:00
1248,10,5,2018,Goa,Humpback dolphin,,,4,7,10,15.69649982,73.67349243,FALSE,10,10-05-2018 00:00
1255,7,5,2018,Goa,Indo-Pacific finless porpoise,,,5,12,15,15.47106057,73.80539143,FALSE,0,07-05-2018 00:00
1255,6,5,2018,Goa,Indo-Pacific finless porpoise,,,5,12,15,15.47003651,73.80836487,FALSE,0.5,06-05-2018 12:00
1255,6,5,2018,Goa,Indo-Pacific finless porpoise,,,5,12,15,15.47736454,73.80140686,FALSE,1,06-05-2018 00:00
1255,5,5,2018,Goa,Indo-Pacific finless porpoise,,,5,12,15,15.48317528,73.79829407,FALSE,1.5,05-05-2018 12:00
1255,5,5,2018,Goa,Indo-Pacific finless porpoise,,,5,12,15,15.49543858,73.79020691,FALSE,2,05-05-2018 00:00
1255,4,5,2018,Goa,Indo-Pacific finless porpoise,,,5,12,15,15.5037899,73.7869339,FALSE,2.5,04-05-2018 12:00
1255,4,5,2018,Goa,Indo-Pacific finless porpoise,,,5,12,15,15.51593876,73.7783432,FALSE,3,04-05-2018 00:00
1255,3,5,2018,Goa,Indo-Pacific finless porpoise,,,5,12,15,15.52350712,73.77352142,FALSE,3.5,03-05-2018 12:00
1255,3,5,2018,Goa,Indo-Pacific finless porpoise,,,5,12,15,15.52971649,73.76708221,FALSE,4,03-05-2018 00:00
1255,2,5,2018,Goa,Indo-Pacific finless porpoise,,,5,12,15,15.52812099,73.76509857,FALSE,4.5,02-05-2018 12:00
1255,2,5,2018,Goa,Indo-Pacific finless porpoise,,,5,12,15,15.5373764,73.75587463,FALSE,5,02-05-2018 00:00
1255,1,5,2018,Goa,Indo-Pacific finless porpoise,,,5,12,15,15.54237461,73.7506485,FALSE,5.5,01-05-2018 12:00
1255,1,5,2018,Goa,Indo-Pacific finless porpoise,,,5,12,15,15.55718136,73.73449707,FALSE,6,01-05-2018 00:00
1255,30,4,2018,Goa,Indo-Pacific finless porpoise,,,5,12,15,15.57726097,73.7170105,FALSE,6.5,30-04-2018 12:00
1255,30,4,2018,Goa,Indo-Pacific finless porpoise,,,5,12,15,15.60739899,73.70000458,FALSE,7,30-04-2018 00:00
1255,29,4,2018,Goa,Indo-Pacific finless porpoise,,,5,12,15,15.62053967,73.69872284,FALSE,7.5,29-04-2018 12:00
1255,29,4,2018,Goa,Indo-Pacific finless porpoise,,,5,12,15,15.63156605,73.69114685,FALSE,8,29-04-2018 00:00
1255,28,4,2018,Goa,Indo-Pacific finless porpoise,,,5,12,15,15.64295483,73.68716431,FALSE,8.5,28-04-2018 12:00
1255,28,4,2018,Goa,Indo-Pacific finless porpoise,,,5,12,15,15.66727257,73.67313385,FALSE,9,28-04-2018 00:00
1255,27,4,2018,Goa,Indo-Pacific finless porpoise,,,5,12,15,15.68653393,73.66233063,FALSE,9.5,27-04-2018 12:00
1255,27,4,2018,Goa,Indo-Pacific finless porpoise,,,5,12,15,15.7307415,73.63895416,FALSE,10,27-04-2018 00:00
1255,26,4,2018,Goa,Indo-Pacific finless porpoise,,,5,12,15,15.76718807,73.63024139,FALSE,10.5,26-04-2018 12:00
1255,26,4,2018,Goa,Indo-Pacific finless porpoise,,,5,12,15,15.80342293,73.61769104,FALSE,11,26-04-2018 00:00
1255,25,4,2018,Goa,Indo-Pacific finless porpoise,,,5,12,15,15.81802654,73.61716461,FALSE,11.5,25-04-2018 12:00
1255,25,4,2018,Goa,Indo-Pacific finless porpoise,,,5,12,15,15.83185291,73.60516357,FALSE,12,25-04-2018 00:00
1255,24,4,2018,Goa,Indo-Pacific finless porpoise,,,5,12,15,15.84105873,73.59886932,FALSE,12.5,24-04-2018 12:00
1255,24,4,2018,Goa,Indo-Pacific finless porpoise,,,5,12,15,15.86586094,73.57090759,FALSE,13,24-04-2018 00:00
1255,23,4,2018,Goa,Indo-Pacific finless porpoise,,,5,12,15,15.87889671,73.55976105,FALSE,13.5,23-04-2018 12:00
1255,23,4,2018,Goa,Indo-Pacific finless porpoise,,,5,12,15,15.91329384,73.52689362,FALSE,14,23-04-2018 00:00
1255,22,4,2018,Goa,Indo-Pacific finless porpoise,,,5,12,15,15.92733002,73.51882935,FALSE,14.5,22-04-2018 12:00
1255,22,4,2018,Goa,Indo-Pacific finless porpoise,,,5,12,15,15.96466923,73.49547577,FALSE,15,22-04-2018 00:00
1256,7,5,2018,Goa,Humpback dolphin,,,3,3,6,15.69080656,73.70090771,FALSE,0,07-05-2018 00:00
1256,6,5,2018,Goa,Humpback dolphin,,,3,3,6,15.69080639,73.70191193,FALSE,0.5,06-05-2018 12:00
1256,6,5,2018,Goa,Humpback dolphin,,,3,3,6,15.69410324,73.69454193,FALSE,1,06-05-2018 00:00
1256,5,5,2018,Goa,Humpback dolphin,,,3,3,6,15.69673347,73.69152069,FALSE,1.5,05-05-2018 12:00
1256,5,5,2018,Goa,Humpback dolphin,,,3,3,6,15.70303822,73.68469238,FALSE,2,05-05-2018 00:00
1256,4,5,2018,Goa,Humpback dolphin,,,3,3,6,15.70639324,73.68175507,FALSE,2.5,04-05-2018 12:00
1256,4,5,2018,Goa,Humpback dolphin,,,3,3,6,15.71613216,73.67370605,FALSE,3,04-05-2018 00:00
1256,3,5,2018,Goa,Humpback dolphin,,,3,3,6,15.72309494,73.6710968,FALSE,3.5,03-05-2018 12:00
1256,3,5,2018,Goa,Humpback dolphin,,,3,3,6,15.72515583,73.66581726,FALSE,4,03-05-2018 00:00
1256,2,5,2018,Goa,Humpback dolphin,,,3,3,6,15.72697163,73.66673279,FALSE,4.5,02-05-2018 12:00
1256,2,5,2018,Goa,Humpback dolphin,,,3,3,6,15.73805332,73.65862274,FALSE,5,02-05-2018 00:00
1256,1,5,2018,Goa,Humpback dolphin,,,3,3,6,15.74501991,73.65601349,FALSE,5.5,01-05-2018 12:00
1256,1,5,2018,Goa,Humpback dolphin,,,3,3,6,15.76174641,73.64710236,FALSE,6,01-05-2018 00:00
1257,7,5,2018,Goa,Humpback dolphin,,,4,8,10,15.50016775,73.76731543,FALSE,0,07-05-2018 00:00
1257,6,5,2018,Goa,Humpback dolphin,,,4,8,10,15.50113869,73.76914978,FALSE,0.5,06-05-2018 12:00
1257,6,5,2018,Goa,Humpback dolphin,,,4,8,10,15.50853062,73.76026154,FALSE,1,06-05-2018 00:00
1257,5,5,2018,Goa,Humpback dolphin,,,4,8,10,15.51395607,73.75536346,FALSE,1.5,05-05-2018 12:00
1257,5,5,2018,Goa,Humpback dolphin,,,4,8,10,15.52724361,73.74277496,FALSE,2,05-05-2018 00:00
1257,4,5,2018,Goa,Humpback dolphin,,,4,8,10,15.53664589,73.73789215,FALSE,2.5,04-05-2018 12:00
1257,4,5,2018,Goa,Humpback dolphin,,,4,8,10,15.5585146,73.72415924,FALSE,3,04-05-2018 00:00
1257,3,5,2018,Goa,Humpback dolphin,,,4,8,10,15.57328224,73.71922302,FALSE,3.5,03-05-2018 12:00
1257,3,5,2018,Goa,Humpback dolphin,,,4,8,10,15.57751465,73.71001434,FALSE,4,03-05-2018 00:00
1257,2,5,2018,Goa,Humpback dolphin,,,4,8,10,15.57531071,73.71012115,FALSE,4.5,02-05-2018 12:00
1257,2,5,2018,Goa,Humpback dolphin,,,4,8,10,15.59568691,73.69465637,FALSE,5,02-05-2018 00:00
1257,1,5,2018,Goa,Humpback dolphin,,,4,8,10,15.60806179,73.68914032,FALSE,5.5,01-05-2018 12:00
1257,1,5,2018,Goa,Humpback dolphin,,,4,8,10,15.6362772,73.66854858,FALSE,6,01-05-2018 00:00
1257,30,4,2018,Goa,Humpback dolphin,,,4,8,10,15.66802311,73.64274597,FALSE,6.5,30-04-2018 12:00
1257,30,4,2018,Goa,Humpback dolphin,,,4,8,10,15.71025181,73.61210632,FALSE,7,30-04-2018 00:00
1257,29,4,2018,Goa,Humpback dolphin,,,4,8,10,15.72373295,73.61027527,FALSE,7.5,29-04-2018 12:00
1257,29,4,2018,Goa,Humpback dolphin,,,4,8,10,15.7542305,73.59890747,FALSE,8,29-04-2018 00:00
1257,28,4,2018,Goa,Humpback dolphin,,,4,8,10,15.77562904,73.58968353,FALSE,8.5,28-04-2018 12:00
1257,28,4,2018,Goa,Humpback dolphin,,,4,8,10,15.82162762,73.56280518,FALSE,9,28-04-2018 00:00
1257,27,4,2018,Goa,Humpback dolphin,,,4,8,10,15.84527397,73.53755951,FALSE,9.5,27-04-2018 12:00
1257,27,4,2018,Goa,Humpback dolphin,,,4,8,10,15.91646385,73.47948456,FALSE,10,27-04-2018 00:00
1258,5,5,2018,Goa,Humpback dolphin,,A,3,3,5,15.63304683,73.72182285,FALSE,0,05-05-2018 00:00
1258,4,5,2018,Goa,Humpback dolphin,,A,3,3,5,15.63787556,73.7195282,FALSE,0.5,04-05-2018 12:00
1258,4,5,2018,Goa,Humpback dolphin,,A,3,3,5,15.65092754,73.71173096,FALSE,1,04-05-2018 00:00
1258,3,5,2018,Goa,Humpback dolphin,,A,3,3,5,15.65937805,73.70922852,FALSE,1.5,03-05-2018 12:00
1258,3,5,2018,Goa,Humpback dolphin,,A,3,3,5,15.66279602,73.70363617,FALSE,2,03-05-2018 00:00
1258,2,5,2018,Goa,Humpback dolphin,,A,3,3,5,15.66310501,73.70400238,FALSE,2.5,02-05-2018 12:00
1258,2,5,2018,Goa,Humpback dolphin,,A,3,3,5,15.67239666,73.69406891,FALSE,3,02-05-2018 00:00
1258,1,5,2018,Goa,Humpback dolphin,,A,3,3,5,15.67691803,73.69049835,FALSE,3.5,01-05-2018 12:00
1258,1,5,2018,Goa,Humpback dolphin,,A,3,3,5,15.68750095,73.67744446,FALSE,4,01-05-2018 00:00
1258,30,4,2018,Goa,Humpback dolphin,,A,3,3,5,15.70239449,73.6626358,FALSE,4.5,30-04-2018 12:00
1258,30,4,2018,Goa,Humpback dolphin,,A,3,3,5,15.7257061,73.64617157,FALSE,5,30-04-2018 00:00
1268,22,4,2018,Goa,Humpback dolphin,,SA,3,2,4,14.90649811,74.08292643,FALSE,0,22-04-2018 00:00
1268,21,4,2018,Goa,Humpback dolphin,,SA,3,2,4,14.91079807,74.07749939,FALSE,0.5,21-04-2018 12:00
1268,21,4,2018,Goa,Humpback dolphin,,SA,3,2,4,14.91149902,74.06890869,FALSE,1,21-04-2018 00:00
1268,20,4,2018,Goa,Humpback dolphin,,SA,3,2,4,14.91567516,74.06526947,FALSE,1.5,20-04-2018 12:00
1268,20,4,2018,Goa,Humpback dolphin,,SA,3,2,4,14.92401028,74.05154419,FALSE,2,20-04-2018 00:00
1268,19,4,2018,Goa,Humpback dolphin,,SA,3,2,4,14.92602539,74.05081177,FALSE,2.5,19-04-2018 12:00
1268,19,4,2018,Goa,Humpback dolphin,,SA,3,2,4,14.92200089,74.03916168,FALSE,3,19-04-2018 00:00
1268,18,4,2018,Goa,Humpback dolphin,,SA,3,2,4,14.92601204,74.03604889,FALSE,3.5,18-04-2018 12:00
1268,18,4,2018,Goa,Humpback dolphin,,SA,3,2,4,14.93335915,74.02030945,FALSE,4,18-04-2018 00:00
1271,18,4,2018,Goa,Indo-Pacific finless porpoise,,,3,3,4,15.46482492,73.80254583,FALSE,0,18-04-2018 00:00
1271,17,4,2018,Goa,Indo-Pacific finless porpoise,,,3,3,4,15.45544338,73.80461884,FALSE,0.5,17-04-2018 12:00
1271,17,4,2018,Goa,Indo-Pacific finless porpoise,,,3,3,4,15.44477177,73.79885101,FALSE,1,17-04-2018 00:00
1271,16,4,2018,Goa,Indo-Pacific finless porpoise,,,3,3,4,15.44462776,73.80226898,FALSE,1.5,16-04-2018 12:00
1271,16,4,2018,Goa,Indo-Pacific finless porpoise,,,3,3,4,15.45443344,73.79355621,FALSE,2,16-04-2018 00:00
1271,15,4,2018,Goa,Indo-Pacific finless porpoise,,,3,3,4,15.45423317,73.79768372,FALSE,2.5,15-04-2018 12:00
1271,15,4,2018,Goa,Indo-Pacific finless porpoise,,,3,3,4,15.46682549,73.78516388,FALSE,3,15-04-2018 00:00
1271,14,4,2018,Goa,Indo-Pacific finless porpoise,,,3,3,4,15.4801836,73.7804184,FALSE,3.5,14-04-2018 12:00
1271,14,4,2018,Goa,Indo-Pacific finless porpoise,,,3,3,4,15.49202061,73.7686615,FALSE,4,14-04-2018 00:00
1274,12,4,2018,Goa,Humpback dolphin,,,2,1,2,15.49811156,73.76646088,FALSE,0,12-04-2018 00:00
1274,11,4,2018,Goa,Humpback dolphin,,,2,1,2,15.50430393,73.76654053,FALSE,0.5,11-04-2018 12:00
1274,11,4,2018,Goa,Humpback dolphin,,,2,1,2,15.50996017,73.75863647,FALSE,1,11-04-2018 00:00
1274,10,4,2018,Goa,Humpback dolphin,,,2,1,2,15.51943588,73.75364685,FALSE,1.5,10-04-2018 12:00
1274,10,4,2018,Goa,Humpback dolphin,,,2,1,2,15.51956463,73.7385025,FALSE,2,10-04-2018 00:00
1275,11,4,2018,Goa,Humpback dolphin,,,3,2,4,15.17347473,73.94117342,FALSE,0,11-04-2018 00:00
1275,10,4,2018,Goa,Humpback dolphin,,,3,2,4,15.18262005,73.9394455,FALSE,0.5,10-04-2018 12:00
1275,10,4,2018,Goa,Humpback dolphin,,,3,2,4,15.16741467,73.92810822,FALSE,1,10-04-2018 00:00
1275,9,4,2018,Goa,Humpback dolphin,,,3,2,4,15.13851452,73.9359436,FALSE,1.5,09-04-2018 12:00
1275,9,4,2018,Goa,Humpback dolphin,,,3,2,4,15.0816946,73.93510437,FALSE,2,09-04-2018 00:00
1275,8,4,2018,Goa,Humpback dolphin,,,3,2,4,15.07448959,73.93952942,FALSE,2.5,08-04-2018 12:00
1275,8,4,2018,Goa,Humpback dolphin,,,3,2,4,15.06053638,73.9283905,FALSE,3,08-04-2018 00:00
1275,7,4,2018,Goa,Humpback dolphin,,,3,2,4,15.07097626,73.92434692,FALSE,3.5,07-04-2018 12:00
1275,7,4,2018,Goa,Humpback dolphin,,,3,2,4,15.10602093,73.89616394,FALSE,4,07-04-2018 00:00
1276,7,4,2018,Goa,Humpback dolphin,,C,3,1,3,15.25706705,73.9189523,FALSE,0,07-04-2018 00:00
1276,6,4,2018,Goa,Humpback dolphin,,C,3,1,3,15.26624584,73.91736603,FALSE,0.5,06-04-2018 12:00
1276,6,4,2018,Goa,Humpback dolphin,,C,3,1,3,15.26727962,73.91323853,FALSE,1,06-04-2018 00:00
1276,5,4,2018,Goa,Humpback dolphin,,C,3,1,3,15.26503563,73.91360474,FALSE,1.5,05-04-2018 12:00
1276,5,4,2018,Goa,Humpback dolphin,,C,3,1,3,15.25309086,73.91091919,FALSE,2,05-04-2018 00:00
1276,4,4,2018,Goa,Humpback dolphin,,C,3,1,3,15.24881268,73.91335297,FALSE,2.5,04-04-2018 12:00
1276,4,4,2018,Goa,Humpback dolphin,,C,3,1,3,15.2539444,73.90689087,FALSE,3,04-04-2018 00:00
1281,31,3,2018,Goa,Humpback dolphin,,,2,1,2,15.38774,73.80763,FALSE,0,31-03-2018 00:00
1281,30,3,2018,Goa,Humpback dolphin,,,2,1,2,15.39170742,73.81187439,FALSE,0.5,30-03-2018 12:00
1281,30,3,2018,Goa,Humpback dolphin,,,2,1,2,15.40010357,73.79708099,FALSE,1,30-03-2018 00:00
1281,29,3,2018,Goa,Humpback dolphin,,,2,1,2,15.41335869,73.79714203,FALSE,1.5,29-03-2018 12:00
1281,29,3,2018,Goa,Humpback dolphin,,,2,1,2,15.42720222,73.78443909,FALSE,2,29-03-2018 00:00
1287,16,3,2018,Goa,Humpback dolphin,,C,2,1,2,14.9780088,74.0419464,FALSE,0,16-03-2018 00:00
1287,15,3,2018,Goa,Humpback dolphin,,C,2,1,2,14.9743309,74.04502106,FALSE,0.5,15-03-2018 12:00
1287,15,3,2018,Goa,Humpback dolphin,,C,2,1,2,14.967309,74.04529572,FALSE,1,15-03-2018 00:00
1287,14,3,2018,Goa,Humpback dolphin,,C,2,1,2,14.96447372,74.04838562,FALSE,1.5,14-03-2018 12:00
1287,14,3,2018,Goa,Humpback dolphin,,C,2,1,2,14.95902348,74.04976654,FALSE,2,14-03-2018 00:00
1294,26,2,2018,Goa,Humpback dolphin,,,3,3,5,15.6438666,73.7176844,FALSE,0,26-02-2018 00:00
1294,25,2,2018,Goa,Humpback dolphin,,,3,3,5,15.6471529,73.71575165,FALSE,0.5,25-02-2018 12:00
1294,25,2,2018,Goa,Humpback dolphin,,,3,3,5,15.63550949,73.7137146,FALSE,1,25-02-2018 00:00
1294,24,2,2018,Goa,Humpback dolphin,,,3,3,5,15.63342667,73.71522522,FALSE,1.5,24-02-2018 12:00
1294,24,2,2018,Goa,Humpback dolphin,,,3,3,5,15.61104488,73.71334839,FALSE,2,24-02-2018 00:00
1294,23,2,2018,Goa,Humpback dolphin,,,3,3,5,15.60607052,73.7171402,FALSE,2.5,23-02-2018 12:00
1294,23,2,2018,Goa,Humpback dolphin,,,3,3,5,15.5869894,73.71187592,FALSE,3,23-02-2018 00:00
1294,22,2,2018,Goa,Humpback dolphin,,,3,3,5,15.5814743,73.71375275,FALSE,3.5,22-02-2018 12:00
1294,22,2,2018,Goa,Humpback dolphin,,,3,3,5,15.55025959,73.71199799,FALSE,4,22-02-2018 00:00
1294,21,2,2018,Goa,Humpback dolphin,,,3,3,5,15.5495863,73.71244812,FALSE,4.5,21-02-2018 12:00
1294,21,2,2018,Goa,Humpback dolphin,,,3,3,5,15.54244137,73.69462585,FALSE,5,21-02-2018 00:00
1300,17,2,2018,Goa,Humpback dolphin,,,3,3,5,14.9780088,74.0419464,FALSE,0,17-02-2018 00:00
1300,16,2,2018,Goa,Humpback dolphin,,,3,3,5,14.9773035,74.04355621,FALSE,0.5,16-02-2018 12:00
1300,16,2,2018,Goa,Humpback dolphin,,,3,3,5,14.97014618,74.05041504,FALSE,1,16-02-2018 00:00
1300,15,2,2018,Goa,Humpback dolphin,,,3,3,5,14.96783638,74.05317688,FALSE,1.5,15-02-2018 12:00
1300,15,2,2018,Goa,Humpback dolphin,,,3,3,5,14.96154594,74.0584259,FALSE,2,15-02-2018 00:00
1300,14,2,2018,Goa,Humpback dolphin,,,3,3,5,14.96016312,74.06047058,FALSE,2.5,14-02-2018 12:00
1300,14,2,2018,Goa,Humpback dolphin,,,3,3,5,14.95809841,74.05913544,FALSE,3,14-02-2018 00:00
1300,13,2,2018,Goa,Humpback dolphin,,,3,3,5,14.9616394,74.05628204,FALSE,3.5,13-02-2018 12:00
1300,13,2,2018,Goa,Humpback dolphin,,,3,3,5,14.96967125,74.04873657,FALSE,4,13-02-2018 00:00
1300,12,2,2018,Goa,Humpback dolphin,,,3,3,5,14.97638988,74.04376984,FALSE,4.5,12-02-2018 12:00
1300,12,2,2018,Goa,Humpback dolphin,,,3,3,5,14.97783089,74.04079437,FALSE,5,12-02-2018 00:00
1303,7,2,2018,Goa,Humpback dolphin,,,4,6,9,15.6029835,73.733627,FALSE,0,07-02-2018 00:00
1303,6,2,2018,Goa,Humpback dolphin,,,4,6,9,15.60799026,73.73267365,FALSE,0.5,06-02-2018 12:00
1303,6,2,2018,Goa,Humpback dolphin,,,4,6,9,15.61059856,73.72667694,FALSE,1,06-02-2018 00:00
1303,5,2,2018,Goa,Humpback dolphin,,,4,6,9,15.61883545,73.72418213,FALSE,1.5,05-02-2018 12:00
1303,5,2,2018,Goa,Humpback dolphin,,,4,6,9,15.62511921,73.71917725,FALSE,2,05-02-2018 00:00
1303,4,2,2018,Goa,Humpback dolphin,,,4,6,9,15.63163662,73.71741486,FALSE,2.5,04-02-2018 12:00
1303,4,2,2018,Goa,Humpback dolphin,,,4,6,9,15.61700439,73.71833038,FALSE,3,04-02-2018 00:00
1303,3,2,2018,Goa,Humpback dolphin,,,4,6,9,15.61452961,73.72113037,FALSE,3.5,03-02-2018 12:00
1303,3,2,2018,Goa,Humpback dolphin,,,4,6,9,15.60297298,73.71970367,FALSE,4,03-02-2018 00:00
1303,2,2,2018,Goa,Humpback dolphin,,,4,6,9,15.59977245,73.72186279,FALSE,4.5,02-02-2018 12:00
1303,2,2,2018,Goa,Humpback dolphin,,,4,6,9,15.58517265,73.71977997,FALSE,5,02-02-2018 00:00
1303,1,2,2018,Goa,Humpback dolphin,,,4,6,9,15.59195805,73.71704865,FALSE,5.5,01-02-2018 12:00
1303,1,2,2018,Goa,Humpback dolphin,,,4,6,9,15.59248447,73.7095871,FALSE,6,01-02-2018 00:00
1303,31,1,2018,Goa,Humpback dolphin,,,4,6,9,15.60298347,73.70547485,FALSE,6.5,31-01-2018 12:00
1303,31,1,2018,Goa,Humpback dolphin,,,4,6,9,15.60761166,73.68982697,FALSE,7,31-01-2018 00:00
1303,30,1,2018,Goa,Humpback dolphin,,,4,6,9,15.60977459,73.69010162,FALSE,7.5,30-01-2018 12:00
1303,30,1,2018,Goa,Humpback dolphin,,,4,6,9,15.61274529,73.67999268,FALSE,8,30-01-2018 00:00
1303,29,1,2018,Goa,Humpback dolphin,,,4,6,9,15.63873386,73.67129517,FALSE,8.5,29-01-2018 12:00
1303,29,1,2018,Goa,Humpback dolphin,,,4,6,9,15.6417532,73.65512848,FALSE,9,29-01-2018 00:00
1307,23,1,2018,Goa,Humpback dolphin,,,5,15,20,15.04642848,73.98436118,FALSE,0,23-01-2018 00:00
1307,22,1,2018,Goa,Humpback dolphin,,,5,15,20,15.04853058,73.98353577,FALSE,0.5,22-01-2018 12:00
1307,22,1,2018,Goa,Humpback dolphin,,,5,15,20,15.04615688,73.98106384,FALSE,1,22-01-2018 00:00
1307,21,1,2018,Goa,Humpback dolphin,,,5,15,20,15.04666042,73.9811554,FALSE,1.5,21-01-2018 12:00
1307,21,1,2018,Goa,Humpback dolphin,,,5,15,20,15.04097652,73.98110199,FALSE,2,21-01-2018 00:00
1307,20,1,2018,Goa,Humpback dolphin,,,5,15,20,15.04045296,73.98257446,FALSE,2.5,20-01-2018 12:00
1307,20,1,2018,Goa,Humpback dolphin,,,5,15,20,15.03641796,73.98509979,FALSE,3,20-01-2018 00:00
1307,19,1,2018,Goa,Humpback dolphin,,,5,15,20,15.0321455,73.98788452,FALSE,3.5,19-01-2018 12:00
1307,19,1,2018,Goa,Humpback dolphin,,,5,15,20,15.02771187,73.99089813,FALSE,4,19-01-2018 00:00
1307,18,1,2018,Goa,Humpback dolphin,,,5,15,20,15.01924801,73.99776459,FALSE,4.5,18-01-2018 12:00
1307,18,1,2018,Goa,Humpback dolphin,,,5,15,20,15.01054001,74.00524902,FALSE,5,18-01-2018 00:00
1307,17,1,2018,Goa,Humpback dolphin,,,5,15,20,15.01000214,74.00543213,FALSE,5.5,17-01-2018 12:00
1307,17,1,2018,Goa,Humpback dolphin,,,5,15,20,15.0122757,74.00197601,FALSE,6,17-01-2018 00:00
1307,16,1,2018,Goa,Humpback dolphin,,,5,15,20,15.01857376,73.99668884,FALSE,6.5,16-01-2018 12:00
1307,16,1,2018,Goa,Humpback dolphin,,,5,15,20,15.01435375,73.99568939,FALSE,7,16-01-2018 00:00
1307,15,1,2018,Goa,Humpback dolphin,,,5,15,20,15.01232529,73.99724579,FALSE,7.5,15-01-2018 12:00
1307,15,1,2018,Goa,Humpback dolphin,,,5,15,20,15.00602722,74.00135803,FALSE,8,15-01-2018 00:00
1307,14,1,2018,Goa,Humpback dolphin,,,5,15,20,15.00806141,74.00233459,FALSE,8.5,14-01-2018 12:00
1307,14,1,2018,Goa,Humpback dolphin,,,5,15,20,15.00001335,74.00354767,FALSE,9,14-01-2018 00:00
1307,13,1,2018,Goa,Humpback dolphin,,,5,15,20,15.00287628,74.00354767,FALSE,9.5,13-01-2018 12:00
1307,13,1,2018,Goa,Humpback dolphin,,,5,15,20,14.99510002,74.00373077,FALSE,10,13-01-2018 00:00
1307,12,1,2018,Goa,Humpback dolphin,,,5,15,20,14.99364281,74.00592804,FALSE,10.5,12-01-2018 12:00
1307,12,1,2018,Goa,Humpback dolphin,,,5,15,20,14.97747707,74.0093689,FALSE,11,12-01-2018 00:00
1307,11,1,2018,Goa,Humpback dolphin,,,5,15,20,14.98325348,74.00556183,FALSE,11.5,11-01-2018 12:00
1307,11,1,2018,Goa,Humpback dolphin,,,5,15,20,14.9729414,74.00583649,FALSE,12,11-01-2018 00:00
1307,10,1,2018,Goa,Humpback dolphin,,,5,15,20,14.97023201,74.00924683,FALSE,12.5,10-01-2018 12:00
1307,10,1,2018,Goa,Humpback dolphin,,,5,15,20,14.95624065,74.0178833,FALSE,13,10-01-2018 00:00
1307,9,1,2018,Goa,Humpback dolphin,,,5,15,20,14.94363785,74.02960968,FALSE,13.5,09-01-2018 12:00
1307,9,1,2018,Goa,Humpback dolphin,,,5,15,20,14.93676758,74.03690338,FALSE,14,09-01-2018 00:00
1307,8,1,2018,Goa,Humpback dolphin,,,5,15,20,14.92983437,74.04447937,FALSE,14.5,08-01-2018 12:00
1307,8,1,2018,Goa,Humpback dolphin,,,5,15,20,14.9344244,74.04393005,FALSE,15,08-01-2018 00:00
1307,7,1,2018,Goa,Humpback dolphin,,,5,15,20,14.94620037,74.0350647,FALSE,15.5,07-01-2018 12:00
1307,7,1,2018,Goa,Humpback dolphin,,,5,15,20,14.95890141,74.02905273,FALSE,16,07-01-2018 00:00
1307,6,1,2018,Goa,Humpback dolphin,,,5,15,20,14.97265053,74.01772308,FALSE,16.5,06-01-2018 12:00
1307,6,1,2018,Goa,Humpback dolphin,,,5,15,20,14.98038197,74.01281738,FALSE,17,06-01-2018 00:00
1307,5,1,2018,Goa,Humpback dolphin,,,5,15,20,14.98867035,74.00644684,FALSE,17.5,05-01-2018 12:00
1307,5,1,2018,Goa,Humpback dolphin,,,5,15,20,14.98937225,74.00232697,FALSE,18,05-01-2018 00:00
1307,4,1,2018,Goa,Humpback dolphin,,,5,15,20,14.99401188,73.99944305,FALSE,18.5,04-01-2018 12:00
1307,4,1,2018,Goa,Humpback dolphin,,,5,15,20,14.99243927,74.00314331,FALSE,19,04-01-2018 00:00
1307,3,1,2018,Goa,Humpback dolphin,,,5,15,20,14.99287701,74.00471497,FALSE,19.5,03-01-2018 12:00
1307,3,1,2018,Goa,Humpback dolphin,,,5,15,20,14.99108028,73.99617004,FALSE,20,03-01-2018 00:00
1314,10,12,2017,Goa,Humpback dolphin,,,2,1,2,15.04314509,73.9853492,FALSE,0,10-12-2017 00:00
1314,9,12,2017,Goa,Humpback dolphin,,,2,1,2,15.04336262,73.98553467,FALSE,0.5,09-12-2017 12:00
1314,9,12,2017,Goa,Humpback dolphin,,,2,1,2,15.04300785,73.98498535,FALSE,1,09-12-2017 00:00
1314,8,12,2017,Goa,Humpback dolphin,,,2,1,2,15.04236603,73.98609161,FALSE,1.5,08-12-2017 12:00
1314,8,12,2017,Goa,Humpback dolphin,,,2,1,2,15.0412674,73.98723602,FALSE,2,08-12-2017 00:00
1316,25,11,2017,Goa,Indo-Pacific finless porpoise,,,2,1,2,14.97781,74.04198,FALSE,0,25-11-2017 00:00
1316,24,11,2017,Goa,Indo-Pacific finless porpoise,,,2,1,2,14.97876358,74.04522705,FALSE,0.5,24-11-2017 12:00
1316,24,11,2017,Goa,Indo-Pacific finless porpoise,,,2,1,2,14.97699642,74.0478363,FALSE,1,24-11-2017 00:00
1316,23,11,2017,Goa,Indo-Pacific finless porpoise,,,2,1,2,14.97355366,74.0536499,FALSE,1.5,23-11-2017 12:00
1316,23,11,2017,Goa,Indo-Pacific finless porpoise,,,2,1,2,14.97210979,74.05578613,FALSE,2,23-11-2017 00:00
1319,6,10,2017,Goa,Humpback dolphin,,,4,8,12,15.31152658,73.90109796,FALSE,0,06-10-2017 00:00
1319,5,10,2017,Goa,Humpback dolphin,,,4,8,12,15.3083601,73.9023056,FALSE,0.5,05-10-2017 12:00
1319,5,10,2017,Goa,Humpback dolphin,,,4,8,12,15.3056736,73.90145874,FALSE,1,05-10-2017 00:00
1319,4,10,2017,Goa,Humpback dolphin,,,4,8,12,15.30155373,73.90380096,FALSE,1.5,04-10-2017 12:00
1319,4,10,2017,Goa,Humpback dolphin,,,4,8,12,15.29696655,73.90400696,FALSE,2,04-10-2017 00:00
1319,3,10,2017,Goa,Humpback dolphin,,,4,8,12,15.29145432,73.90497589,FALSE,2.5,03-10-2017 12:00
1319,3,10,2017,Goa,Humpback dolphin,,,4,8,12,15.28292656,73.90499115,FALSE,3,03-10-2017 00:00
1319,2,10,2017,Goa,Humpback dolphin,,,4,8,12,15.27381802,73.90823364,FALSE,3.5,02-10-2017 12:00
1319,2,10,2017,Goa,Humpback dolphin,,,4,8,12,15.26369858,73.90721893,FALSE,4,02-10-2017 00:00
1319,1,10,2017,Goa,Humpback dolphin,,,4,8,12,15.26203156,73.90685272,FALSE,4.5,01-10-2017 12:00
1319,1,10,2017,Goa,Humpback dolphin,,,4,8,12,15.26331806,73.90396118,FALSE,5,01-10-2017 00:00
1319,30,9,2017,Goa,Humpback dolphin,,,4,8,12,15.2525692,73.9083252,FALSE,5.5,30-09-2017 12:00
1319,30,9,2017,Goa,Humpback dolphin,,,4,8,12,15.25766087,73.90223694,FALSE,6,30-09-2017 00:00
1319,29,9,2017,Goa,Humpback dolphin,,,4,8,12,15.26988029,73.90318298,FALSE,6.5,29-09-2017 12:00
1319,29,9,2017,Goa,Humpback dolphin,,,4,8,12,15.2828989,73.89983368,FALSE,7,29-09-2017 00:00
1319,28,9,2017,Goa,Humpback dolphin,,,4,8,12,15.28761101,73.89937592,FALSE,7.5,28-09-2017 12:00
1319,28,9,2017,Goa,Humpback dolphin,,,4,8,12,15.29086399,73.8966217,FALSE,8,28-09-2017 00:00
1319,27,9,2017,Goa,Humpback dolphin,,,4,8,12,15.29545689,73.89601135,FALSE,8.5,27-09-2017 12:00
1319,27,9,2017,Goa,Humpback dolphin,,,4,8,12,15.29978466,73.8921051,FALSE,9,27-09-2017 00:00
1319,26,9,2017,Goa,Humpback dolphin,,,4,8,12,15.30578995,73.89173889,FALSE,9.5,26-09-2017 12:00
1319,26,9,2017,Goa,Humpback dolphin,,,4,8,12,15.3170023,73.88644409,FALSE,10,26-09-2017 00:00
1319,25,9,2017,Goa,Humpback dolphin,,,4,8,12,15.32207203,73.88550568,FALSE,10.5,25-09-2017 12:00
1319,25,9,2017,Goa,Humpback dolphin,,,4,8,12,15.32814312,73.88420868,FALSE,11,25-09-2017 00:00
1319,24,9,2017,Goa,Humpback dolphin,,,4,8,12,15.33658123,73.88178253,FALSE,11.5,24-09-2017 12:00
1319,24,9,2017,Goa,Humpback dolphin,,,4,8,12,15.35048771,73.87440491,FALSE,12,24-09-2017 00:00
1320,6,10,2017,Goa,Humpback dolphin,,,2,0.5,1,15.04338323,73.98563217,FALSE,0,06-10-2017 00:00
1320,5,10,2017,Goa,Humpback dolphin,,,2,0.5,1,15.04101944,73.98720551,FALSE,0.5,05-10-2017 12:00
1320,5,10,2017,Goa,Humpback dolphin,,,2,0.5,1,15.03875542,73.98818207,FALSE,1,05-10-2017 00:00
1321,30,9,2017,Goa,Indo-Pacific finless porpoise,,,4,7,9,15.29145629,73.90796617,FALSE,0,30-09-2017 00:00
1321,29,9,2017,Goa,Indo-Pacific finless porpoise,,,4,7,9,15.29398251,73.90834808,FALSE,0.5,29-09-2017 12:00
1321,29,9,2017,Goa,Indo-Pacific finless porpoise,,,4,7,9,15.30011559,73.9065094,FALSE,1,29-09-2017 00:00
1321,28,9,2017,Goa,Indo-Pacific finless porpoise,,,4,7,9,15.30276966,73.90624237,FALSE,1.5,28-09-2017 12:00
1321,28,9,2017,Goa,Indo-Pacific finless porpoise,,,4,7,9,15.30464649,73.90454865,FALSE,2,28-09-2017 00:00
1321,27,9,2017,Goa,Indo-Pacific finless porpoise,,,4,7,9,15.30722618,73.90424347,FALSE,2.5,27-09-2017 12:00
1321,27,9,2017,Goa,Indo-Pacific finless porpoise,,,4,7,9,15.30972099,73.90185547,FALSE,3,27-09-2017 00:00
1321,26,9,2017,Goa,Indo-Pacific finless porpoise,,,4,7,9,15.31322765,73.90158081,FALSE,3.5,26-09-2017 12:00
1321,26,9,2017,Goa,Indo-Pacific finless porpoise,,,4,7,9,15.32009125,73.8981781,FALSE,4,26-09-2017 00:00
1321,25,9,2017,Goa,Indo-Pacific finless porpoise,,,4,7,9,15.32329655,73.89753723,FALSE,4.5,25-09-2017 12:00
1321,25,9,2017,Goa,Indo-Pacific finless porpoise,,,4,7,9,15.3272419,73.89671326,FALSE,5,25-09-2017 00:00
1321,24,9,2017,Goa,Indo-Pacific finless porpoise,,,4,7,9,15.33292007,73.89512634,FALSE,5.5,24-09-2017 12:00
1321,24,9,2017,Goa,Indo-Pacific finless porpoise,,,4,7,9,15.34290504,73.89021301,FALSE,6,24-09-2017 00:00
1321,23,9,2017,Goa,Indo-Pacific finless porpoise,,,4,7,9,15.34724903,73.8879776,FALSE,6.5,23-09-2017 12:00
1321,23,9,2017,Goa,Indo-Pacific finless porpoise,,,4,7,9,15.34711647,73.88376617,FALSE,7,23-09-2017 00:00
1321,22,9,2017,Goa,Indo-Pacific finless porpoise,,,4,7,9,15.34103775,73.88834381,FALSE,7.5,22-09-2017 12:00
1321,22,9,2017,Goa,Indo-Pacific finless porpoise,,,4,7,9,15.3313427,73.88981628,FALSE,8,22-09-2017 00:00
1321,21,9,2017,Goa,Indo-Pacific finless porpoise,,,4,7,9,15.32618999,73.89195251,FALSE,8.5,21-09-2017 12:00
1321,21,9,2017,Goa,Indo-Pacific finless porpoise,,,4,7,9,15.32750034,73.89122009,FALSE,9,21-09-2017 00:00
1322,30,9,2017,Goa,Humpback dolphin,,,2,1,2,15.04135955,73.98655997,FALSE,0,30-09-2017 00:00
1322,29,9,2017,Goa,Humpback dolphin,,,2,1,2,15.04436874,73.98674011,FALSE,0.5,29-09-2017 12:00
1322,29,9,2017,Goa,Humpback dolphin,,,2,1,2,15.04826355,73.98397827,FALSE,1,29-09-2017 00:00
1322,28,9,2017,Goa,Humpback dolphin,,,2,1,2,15.05112267,73.9827652,FALSE,1.5,28-09-2017 12:00
1322,28,9,2017,Goa,Humpback dolphin,,,2,1,2,15.05280113,73.97974396,FALSE,2,28-09-2017 00:00
1324,21,9,2017,Goa,Humpback dolphin,,,4,6,10,14.97747805,74.04183034,FALSE,0,21-09-2017 00:00
1324,20,9,2017,Goa,Humpback dolphin,,,4,6,10,14.98073483,74.03799438,FALSE,0.5,20-09-2017 12:00
1324,20,9,2017,Goa,Humpback dolphin,,,4,6,10,14.98379326,74.02999878,FALSE,1,20-09-2017 00:00
1324,19,9,2017,Goa,Humpback dolphin,,,4,6,10,14.99099255,74.02255249,FALSE,1.5,19-09-2017 12:00
1324,19,9,2017,Goa,Humpback dolphin,,,4,6,10,14.99814892,74.01062012,FALSE,2,19-09-2017 00:00
1324,18,9,2017,Goa,Humpback dolphin,,,4,6,10,15.00246525,74.00000763,FALSE,2.5,18-09-2017 12:00
1324,18,9,2017,Goa,Humpback dolphin,,,4,6,10,14.99990749,73.99578857,FALSE,3,18-09-2017 00:00
1324,17,9,2017,Goa,Humpback dolphin,,,4,6,10,14.99913406,73.99202728,FALSE,3.5,17-09-2017 12:00
1324,17,9,2017,Goa,Humpback dolphin,,,4,6,10,14.99888802,73.98703766,FALSE,4,17-09-2017 00:00
1324,16,9,2017,Goa,Humpback dolphin,,,4,6,10,14.99052906,73.99236298,FALSE,4.5,16-09-2017 12:00
1324,16,9,2017,Goa,Humpback dolphin,,,4,6,10,14.97378254,73.99679565,FALSE,5,16-09-2017 00:00
1324,15,9,2017,Goa,Humpback dolphin,,,4,6,10,14.96455002,74.00357056,FALSE,5.5,15-09-2017 12:00
1324,15,9,2017,Goa,Humpback dolphin,,,4,6,10,14.94106102,74.01426697,FALSE,6,15-09-2017 00:00
1324,14,9,2017,Goa,Humpback dolphin,,,4,6,10,14.91840363,74.02754974,FALSE,6.5,14-09-2017 12:00
1324,14,9,2017,Goa,Humpback dolphin,,,4,6,10,14.87999249,74.04571533,FALSE,7,14-09-2017 00:00
1324,13,9,2017,Goa,Humpback dolphin,,,4,6,10,14.86162376,74.05880737,FALSE,7.5,13-09-2017 12:00
1324,13,9,2017,Goa,Humpback dolphin,,,4,6,10,14.81454945,74.05715179,FALSE,8,13-09-2017 00:00
1324,12,9,2017,Goa,Humpback dolphin,,,4,6,10,14.78487682,74.06774902,FALSE,8.5,12-09-2017 12:00
1324,12,9,2017,Goa,Humpback dolphin,,,4,6,10,14.74443436,74.05361176,FALSE,9,12-09-2017 00:00
1324,11,9,2017,Goa,Humpback dolphin,,,4,6,10,14.73596573,74.01470184,FALSE,9.5,11-09-2017 12:00
1324,11,9,2017,Goa,Humpback dolphin,,,4,6,10,14.64531708,73.99474335,FALSE,10,11-09-2017 00:00
1328,19,9,2017,Goa,Indo-Pacific finless porpoise,,,2,1,2,14.97747805,74.04183034,FALSE,0,19-09-2017 00:00
1328,18,9,2017,Goa,Indo-Pacific finless porpoise,,,2,1,2,14.98124981,74.03256226,FALSE,0.5,18-09-2017 12:00
1328,18,9,2017,Goa,Indo-Pacific finless porpoise,,,2,1,2,14.97910213,74.02885437,FALSE,1,18-09-2017 00:00
1328,17,9,2017,Goa,Indo-Pacific finless porpoise,,,2,1,2,14.97890663,74.02583313,FALSE,1.5,17-09-2017 12:00
1328,17,9,2017,Goa,Indo-Pacific finless porpoise,,,2,1,2,14.98014927,74.02132416,FALSE,2,17-09-2017 00:00
1349,18,7,2017,Goa,Indo-Pacific finless porpoise,,,3,3,5,15.53180069,73.75859912,FALSE,0,18-07-2017 00:00
1349,17,7,2017,Goa,Indo-Pacific finless porpoise,,,3,3,5,15.54788494,73.7440033,FALSE,0.5,17-07-2017 12:00
1349,17,7,2017,Goa,Indo-Pacific finless porpoise,,,3,3,5,15.55453205,73.73168182,FALSE,1,17-07-2017 00:00
1349,16,7,2017,Goa,Indo-Pacific finless porpoise,,,3,3,5,15.56005669,73.72330475,FALSE,1.5,16-07-2017 12:00
1349,16,7,2017,Goa,Indo-Pacific finless porpoise,,,3,3,5,15.57587624,73.70909119,FALSE,2,16-07-2017 00:00
1349,15,7,2017,Goa,Indo-Pacific finless porpoise,,,3,3,5,15.5958128,73.69274139,FALSE,2.5,15-07-2017 12:00
1349,15,7,2017,Goa,Indo-Pacific finless porpoise,,,3,3,5,15.61354351,73.67800903,FALSE,3,15-07-2017 00:00
1349,14,7,2017,Goa,Indo-Pacific finless porpoise,,,3,3,5,15.63829517,73.65032959,FALSE,3.5,14-07-2017 12:00
1349,14,7,2017,Goa,Indo-Pacific finless porpoise,,,3,3,5,15.67981529,73.61560059,FALSE,4,14-07-2017 00:00
1349,13,7,2017,Goa,Indo-Pacific finless porpoise,,,3,3,5,15.70376682,73.59833527,FALSE,4.5,13-07-2017 12:00
1349,13,7,2017,Goa,Indo-Pacific finless porpoise,,,3,3,5,15.73609829,73.57919312,FALSE,5,13-07-2017 00:00
