<?xml version="1.0" encoding="UTF-8" standalone="no" ?><gpx xmlns="http://www.topografix.com/GPX/1/1" xmlns:gpxx="http://www.garmin.com/xmlschemas/GpxExtensions/v3" xmlns:wptx1="http://www.garmin.com/xmlschemas/WaypointExtension/v1" xmlns:gpxtpx="http://www.garmin.com/xmlschemas/TrackPointExtension/v1" creator="eTrex 10 SEA" version="1.1" xmlns:xsi="http://www.w3.org/2001/XMLSchema-instance" xsi:schemaLocation="http://www.topografix.com/GPX/1/1 http://www.topografix.com/GPX/1/1/gpx.xsd http://www.garmin.com/xmlschemas/GpxExtensions/v3 http://www8.garmin.com/xmlschemas/GpxExtensionsv3.xsd http://www.garmin.com/xmlschemas/WaypointExtension/v1 http://www8.garmin.com/xmlschemas/WaypointExtensionv1.xsd http://www.garmin.com/xmlschemas/TrackPointExtension/v1 http://www.garmin.com/xmlschemas/TrackPointExtensionv1.xsd"><metadata><link href="http://www.garmin.com"><text>Garmin International</text></link><time>2026-02-18T06:22:33Z</time></metadata><trk><name>18-FEB-26 11:52:31 AM</name><extensions><gpxx:TrackExtension><gpxx:DisplayColor>Cyan</gpxx:DisplayColor></gpxx:TrackExtension></extensions><trkseg><trkpt lat="15.1422205567" lon="73.9503514208"><ele>-1.79</ele><time>2026-02-18T02:34:18Z</time><extensions><gpxtpx:TrackPointExtension><gpxtpx:cad>0</gpxtpx:cad></gpxtpx:TrackPointExtension></extensions></trkpt><trkpt lat="15.1422420144" lon="73.9500813559"><ele>-1.79</ele><time>2026-02-18T02:34:26Z</time><extensions><gpxtpx:TrackPointExtension><gpxtpx:cad>0</gpxtpx:cad></gpxtpx:TrackPointExtension></extensions></trkpt><trkpt lat="15.1424762048" lon="73.9492424950"><ele>-1.79</ele><time>2026-02-18T02:34:51Z</time><extensions><gpxtpx:TrackPointExtension><gpxtpx:cad>0</gpxtpx:cad></gpxtpx:TrackPointExtension></extensions></trkpt><trkpt lat="15.1426311024" lon="73.9484032989"><ele>-1.30</ele><time>2026-02-18T02:35:15Z</time><extensions><gpxtpx:TrackPointExtension><gpxtpx:cad>0</gpxtpx:cad></gpxtpx:TrackPointExtension></extensions></trkpt><trkpt lat="15.1427258179" lon="73.9476921782"><ele>-1.30</ele><time>2026-02-18T02:35:35Z</time><extensions><gpxtpx:TrackPointExtension><gpxtpx:cad>0</gpxtpx:cad></gpxtpx:TrackPointExtension></extensions></trkpt><trkpt lat="15.1426644623" lon="73.9467298519"><ele>0.14</ele><time>2026-02-18T02:36:02Z</time><extensions><gpxtpx:TrackPointExtension><gpxtpx:cad>0</gpxtpx:cad></gpxtpx:TrackPointExtension></extensions></trkpt><trkpt lat="15.1426192001" lon="73.9459666796"><ele>-0.34</ele><time>2026-02-18T02:36:23Z</time><extensions><gpxtpx:TrackPointExtension><gpxtpx:cad>0</gpxtpx:cad></gpxtpx:TrackPointExtension></extensions></trkpt><trkpt lat="15.1424965728" lon="73.9452999830"><ele>-0.34</ele><time>2026-02-18T02:36:42Z</time><extensions><gpxtpx:TrackPointExtension><gpxtpx:cad>0</gpxtpx:cad></gpxtpx:TrackPointExtension></extensions></trkpt><trkpt lat="15.1422564313" lon="73.9445917960"><ele>-0.82</ele><time>2026-02-18T02:37:02Z</time><extensions><gpxtpx:TrackPointExtension><gpxtpx:cad>0</gpxtpx:cad></gpxtpx:TrackPointExtension></extensions></trkpt><trkpt lat="15.1420467161" lon="73.9440656640"><ele>-1.30</ele><time>2026-02-18T02:37:17Z</time><extensions><gpxtpx:TrackPointExtension><gpxtpx:cad>0</gpxtpx:cad></gpxtpx:TrackPointExtension></extensions></trkpt><trkpt lat="15.1418312173" lon="73.9435752388"><ele>-0.82</ele><time>2026-02-18T02:37:31Z</time><extensions><gpxtpx:TrackPointExtension><gpxtpx:cad>0</gpxtpx:cad></gpxtpx:TrackPointExtension></extensions></trkpt><trkpt lat="15.1414282154" lon="73.9429655392"><ele>-0.34</ele><time>2026-02-18T02:37:50Z</time><extensions><gpxtpx:TrackPointExtension><gpxtpx:cad>0</gpxtpx:cad></gpxtpx:TrackPointExtension></extensions></trkpt><trkpt lat="15.1410939451" lon="73.9424269181"><ele>-1.79</ele><time>2026-02-18T02:38:06Z</time><extensions><gpxtpx:TrackPointExtension><gpxtpx:cad>0</gpxtpx:cad></gpxtpx:TrackPointExtension></extensions></trkpt><trkpt lat="15.1407084614" lon="73.9417540189"><ele>-0.82</ele><time>2026-02-18T02:38:26Z</time><extensions><gpxtpx:TrackPointExtension><gpxtpx:cad>0</gpxtpx:cad></gpxtpx:TrackPointExtension></extensions></trkpt><trkpt lat="15.1402870193" lon="73.9412151463"><ele>-0.34</ele><time>2026-02-18T02:38:44Z</time><extensions><gpxtpx:TrackPointExtension><gpxtpx:cad>0</gpxtpx:cad></gpxtpx:TrackPointExtension></extensions></trkpt><trkpt lat="15.1399029605" lon="73.9407378808"><ele>0.14</ele><time>2026-02-18T02:39:00Z</time><extensions><gpxtpx:TrackPointExtension><gpxtpx:cad>0</gpxtpx:cad></gpxtpx:TrackPointExtension></extensions></trkpt><trkpt lat="15.1394569594" lon="73.9402110782"><ele>0.14</ele><time>2026-02-18T02:39:18Z</time><extensions><gpxtpx:TrackPointExtension><gpxtpx:cad>0</gpxtpx:cad></gpxtpx:TrackPointExtension></extensions></trkpt><trkpt lat="15.1391244493" lon="73.9397935756"><ele>0.62</ele><time>2026-02-18T02:39:32Z</time><extensions><gpxtpx:TrackPointExtension><gpxtpx:cad>0</gpxtpx:cad></gpxtpx:TrackPointExtension></extensions></trkpt><trkpt lat="15.1386431605" lon="73.9392417111"><ele>1.10</ele><time>2026-02-18T02:39:51Z</time><extensions><gpxtpx:TrackPointExtension><gpxtpx:cad>0</gpxtpx:cad></gpxtpx:TrackPointExtension></extensions></trkpt><trkpt lat="15.1381971594" lon="73.9387762640"><ele>0.62</ele><time>2026-02-18T02:40:08Z</time><extensions><gpxtpx:TrackPointExtension><gpxtpx:cad>0</gpxtpx:cad></gpxtpx:TrackPointExtension></extensions></trkpt><trkpt lat="15.1377059799" lon="73.9381023590"><ele>1.58</ele><time>2026-02-18T02:40:30Z</time><extensions><gpxtpx:TrackPointExtension><gpxtpx:cad>0</gpxtpx:cad></gpxtpx:TrackPointExtension></extensions></trkpt><trkpt lat="15.1373594720" lon="73.9375494048"><ele>0.62</ele><time>2026-02-18T02:40:47Z</time><extensions><gpxtpx:TrackPointExtension><gpxtpx:cad>0</gpxtpx:cad></gpxtpx:TrackPointExtension></extensions></trkpt><trkpt lat="15.1369807776" lon="73.9370133821"><ele>1.10</ele><time>2026-02-18T02:41:04Z</time><extensions><gpxtpx:TrackPointExtension><gpxtpx:cad>0</gpxtpx:cad></gpxtpx:TrackPointExtension></extensions></trkpt><trkpt lat="15.1365509536" lon="73.9364139084"><ele>1.10</ele><time>2026-02-18T02:41:23Z</time><extensions><gpxtpx:TrackPointExtension><gpxtpx:cad>0</gpxtpx:cad></gpxtpx:TrackPointExtension></extensions></trkpt><trkpt lat="15.1362523902" lon="73.9359324519"><ele>1.10</ele><time>2026-02-18T02:41:38Z</time><extensions><gpxtpx:TrackPointExtension><gpxtpx:cad>0</gpxtpx:cad></gpxtpx:TrackPointExtension></extensions></trkpt><trkpt lat="15.1359239873" lon="73.9353681821"><ele>1.58</ele><time>2026-02-18T02:41:55Z</time><extensions><gpxtpx:TrackPointExtension><gpxtpx:cad>0</gpxtpx:cad></gpxtpx:TrackPointExtension></extensions></trkpt><trkpt lat="15.1356299501" lon="73.9348939341"><ele>1.58</ele><time>2026-02-18T02:42:10Z</time><extensions><gpxtpx:TrackPointExtension><gpxtpx:cad>0</gpxtpx:cad></gpxtpx:TrackPointExtension></extensions></trkpt><trkpt lat="15.1352095976" lon="73.9343399741"><ele>1.58</ele><time>2026-02-18T02:42:28Z</time><extensions><gpxtpx:TrackPointExtension><gpxtpx:cad>0</gpxtpx:cad></gpxtpx:TrackPointExtension></extensions></trkpt><trkpt lat="15.1348016504" lon="73.9336699247"><ele>0.62</ele><time>2026-02-18T02:42:49Z</time><extensions><gpxtpx:TrackPointExtension><gpxtpx:cad>0</gpxtpx:cad></gpxtpx:TrackPointExtension></extensions></trkpt><trkpt lat="15.1343668811" lon="73.9330373425"><ele>0.62</ele><time>2026-02-18T02:43:09Z</time><extensions><gpxtpx:TrackPointExtension><gpxtpx:cad>0</gpxtpx:cad></gpxtpx:TrackPointExtension></extensions></trkpt><trkpt lat="15.1340558287" lon="73.9325114619"><ele>1.10</ele><time>2026-02-18T02:43:25Z</time><extensions><gpxtpx:TrackPointExtension><gpxtpx:cad>0</gpxtpx:cad></gpxtpx:TrackPointExtension></extensions></trkpt><trkpt lat="15.1337231509" lon="73.9319968969"><ele>1.58</ele><time>2026-02-18T02:43:41Z</time><extensions><gpxtpx:TrackPointExtension><gpxtpx:cad>0</gpxtpx:cad></gpxtpx:TrackPointExtension></extensions></trkpt><trkpt lat="15.1334032975" lon="73.9314882830"><ele>1.58</ele><time>2026-02-18T02:43:57Z</time><extensions><gpxtpx:TrackPointExtension><gpxtpx:cad>0</gpxtpx:cad></gpxtpx:TrackPointExtension></extensions></trkpt><trkpt lat="15.1331067458" lon="73.9309831057"><ele>1.58</ele><time>2026-02-18T02:44:12Z</time><extensions><gpxtpx:TrackPointExtension><gpxtpx:cad>0</gpxtpx:cad></gpxtpx:TrackPointExtension></extensions></trkpt><trkpt lat="15.1327574719" lon="73.9304885734"><ele>0.62</ele><time>2026-02-18T02:44:28Z</time><extensions><gpxtpx:TrackPointExtension><gpxtpx:cad>0</gpxtpx:cad></gpxtpx:TrackPointExtension></extensions></trkpt><trkpt lat="15.1323081180" lon="73.9299187716"><ele>0.62</ele><time>2026-02-18T02:44:47Z</time><extensions><gpxtpx:TrackPointExtension><gpxtpx:cad>0</gpxtpx:cad></gpxtpx:TrackPointExtension></extensions></trkpt><trkpt lat="15.1319425832" lon="73.9294452779"><ele>0.14</ele><time>2026-02-18T02:45:03Z</time><extensions><gpxtpx:TrackPointExtension><gpxtpx:cad>0</gpxtpx:cad></gpxtpx:TrackPointExtension></extensions></trkpt><trkpt lat="15.1314970013" lon="73.9288572036"><ele>0.14</ele><time>2026-02-18T02:45:22Z</time><extensions><gpxtpx:TrackPointExtension><gpxtpx:cad>0</gpxtpx:cad></gpxtpx:TrackPointExtension></extensions></trkpt><trkpt lat="15.1311245095" lon="73.9282559697"><ele>0.62</ele><time>2026-02-18T02:45:41Z</time><extensions><gpxtpx:TrackPointExtension><gpxtpx:cad>0</gpxtpx:cad></gpxtpx:TrackPointExtension></extensions></trkpt><trkpt lat="15.1306785084" lon="73.9275943022"><ele>1.10</ele><time>2026-02-18T02:46:02Z</time><extensions><gpxtpx:TrackPointExtension><gpxtpx:cad>0</gpxtpx:cad></gpxtpx:TrackPointExtension></extensions></trkpt><trkpt lat="15.1303094532" lon="73.9271166176"><ele>0.62</ele><time>2026-02-18T02:46:18Z</time><extensions><gpxtpx:TrackPointExtension><gpxtpx:cad>0</gpxtpx:cad></gpxtpx:TrackPointExtension></extensions></trkpt><trkpt lat="15.1299695671" lon="73.9267012104"><ele>0.14</ele><time>2026-02-18T02:46:33Z</time><extensions><gpxtpx:TrackPointExtension><gpxtpx:cad>0</gpxtpx:cad></gpxtpx:TrackPointExtension></extensions></trkpt><trkpt lat="15.1297791302" lon="73.9265373442"><ele>0.62</ele><time>2026-02-18T02:46:46Z</time><extensions><gpxtpx:TrackPointExtension><gpxtpx:cad>0</gpxtpx:cad></gpxtpx:TrackPointExtension></extensions></trkpt><trkpt lat="15.1294913795" lon="73.9264745638"><ele>0.14</ele><time>2026-02-18T02:47:03Z</time><extensions><gpxtpx:TrackPointExtension><gpxtpx:cad>0</gpxtpx:cad></gpxtpx:TrackPointExtension></extensions></trkpt><trkpt lat="15.1290813368" lon="73.9264230151"><ele>1.10</ele><time>2026-02-18T02:47:20Z</time><extensions><gpxtpx:TrackPointExtension><gpxtpx:cad>0</gpxtpx:cad></gpxtpx:TrackPointExtension></extensions></trkpt><trkpt lat="15.1287490781" lon="73.9260455780"><ele>1.58</ele><time>2026-02-18T02:47:36Z</time><extensions><gpxtpx:TrackPointExtension><gpxtpx:cad>0</gpxtpx:cad></gpxtpx:TrackPointExtension></extensions></trkpt><trkpt lat="15.1283077709" lon="73.9254782908"><ele>1.10</ele><time>2026-02-18T02:47:57Z</time><extensions><gpxtpx:TrackPointExtension><gpxtpx:cad>0</gpxtpx:cad></gpxtpx:TrackPointExtension></extensions></trkpt><trkpt lat="15.1279750932" lon="73.9250315353"><ele>1.10</ele><time>2026-02-18T02:48:13Z</time><extensions><gpxtpx:TrackPointExtension><gpxtpx:cad>0</gpxtpx:cad></gpxtpx:TrackPointExtension></extensions></trkpt><trkpt lat="15.1276293397" lon="73.9245507494"><ele>0.14</ele><time>2026-02-18T02:48:30Z</time><extensions><gpxtpx:TrackPointExtension><gpxtpx:cad>0</gpxtpx:cad></gpxtpx:TrackPointExtension></extensions></trkpt><trkpt lat="15.1272547524" lon="73.9240815304"><ele>0.14</ele><time>2026-02-18T02:48:47Z</time><extensions><gpxtpx:TrackPointExtension><gpxtpx:cad>0</gpxtpx:cad></gpxtpx:TrackPointExtension></extensions></trkpt><trkpt lat="15.1268820930" lon="73.9235255588"><ele>0.62</ele><time>2026-02-18T02:49:06Z</time><extensions><gpxtpx:TrackPointExtension><gpxtpx:cad>0</gpxtpx:cad></gpxtpx:TrackPointExtension></extensions></trkpt><trkpt lat="15.1265142113" lon="73.9229596127"><ele>1.10</ele><time>2026-02-18T02:49:25Z</time><extensions><gpxtpx:TrackPointExtension><gpxtpx:cad>0</gpxtpx:cad></gpxtpx:TrackPointExtension></extensions></trkpt><trkpt lat="15.1261800248" lon="73.9228378236"><ele>1.58</ele><time>2026-02-18T02:49:37Z</time><extensions><gpxtpx:TrackPointExtension><gpxtpx:cad>0</gpxtpx:cad></gpxtpx:TrackPointExtension></extensions></trkpt><trkpt lat="15.1256794576" lon="73.9230507240"><ele>1.58</ele><time>2026-02-18T02:49:53Z</time><extensions><gpxtpx:TrackPointExtension><gpxtpx:cad>0</gpxtpx:cad></gpxtpx:TrackPointExtension></extensions></trkpt><trkpt lat="15.1251772977" lon="73.9230185375"><ele>1.10</ele><time>2026-02-18T02:50:08Z</time><extensions><gpxtpx:TrackPointExtension><gpxtpx:cad>0</gpxtpx:cad></gpxtpx:TrackPointExtension></extensions></trkpt><trkpt lat="15.1246872917" lon="73.9228681661"><ele>1.10</ele><time>2026-02-18T02:50:23Z</time><extensions><gpxtpx:TrackPointExtension><gpxtpx:cad>0</gpxtpx:cad></gpxtpx:TrackPointExtension></extensions></trkpt><trkpt lat="15.1241465751" lon="73.9227673318"><ele>0.62</ele><time>2026-02-18T02:50:39Z</time><extensions><gpxtpx:TrackPointExtension><gpxtpx:cad>0</gpxtpx:cad></gpxtpx:TrackPointExtension></extensions></trkpt><trkpt lat="15.1235378813" lon="73.9226889610"><ele>0.62</ele><time>2026-02-18T02:50:57Z</time><extensions><gpxtpx:TrackPointExtension><gpxtpx:cad>0</gpxtpx:cad></gpxtpx:TrackPointExtension></extensions></trkpt><trkpt lat="15.1229353063" lon="73.9225627296"><ele>1.10</ele><time>2026-02-18T02:51:15Z</time><extensions><gpxtpx:TrackPointExtension><gpxtpx:cad>0</gpxtpx:cad></gpxtpx:TrackPointExtension></extensions></trkpt><trkpt lat="15.1222662628" lon="73.9224463888"><ele>1.58</ele><time>2026-02-18T02:51:35Z</time><extensions><gpxtpx:TrackPointExtension><gpxtpx:cad>0</gpxtpx:cad></gpxtpx:TrackPointExtension></extensions></trkpt><trkpt lat="15.1218045037" lon="73.9223453868"><ele>1.10</ele><time>2026-02-18T02:51:49Z</time><extensions><gpxtpx:TrackPointExtension><gpxtpx:cad>0</gpxtpx:cad></gpxtpx:TrackPointExtension></extensions></trkpt><trkpt lat="15.1212031022" lon="73.9222184010"><ele>0.62</ele><time>2026-02-18T02:52:07Z</time><extensions><gpxtpx:TrackPointExtension><gpxtpx:cad>0</gpxtpx:cad></gpxtpx:TrackPointExtension></extensions></trkpt><trkpt lat="15.1206395868" lon="73.9221398626"><ele>0.62</ele><time>2026-02-18T02:52:24Z</time><extensions><gpxtpx:TrackPointExtension><gpxtpx:cad>0</gpxtpx:cad></gpxtpx:TrackPointExtension></extensions></trkpt><trkpt lat="15.1200054958" lon="73.9220786747"><ele>1.58</ele><time>2026-02-18T02:52:43Z</time><extensions><gpxtpx:TrackPointExtension><gpxtpx:cad>0</gpxtpx:cad></gpxtpx:TrackPointExtension></extensions></trkpt><trkpt lat="15.1194684673" lon="73.9220184926"><ele>0.62</ele><time>2026-02-18T02:52:59Z</time><extensions><gpxtpx:TrackPointExtension><gpxtpx:cad>0</gpxtpx:cad></gpxtpx:TrackPointExtension></extensions></trkpt><trkpt lat="15.1190571673" lon="73.9218226075"><ele>1.10</ele><time>2026-02-18T02:53:13Z</time><extensions><gpxtpx:TrackPointExtension><gpxtpx:cad>0</gpxtpx:cad></gpxtpx:TrackPointExtension></extensions></trkpt><trkpt lat="15.1185500622" lon="73.9215147402"><ele>1.58</ele><time>2026-02-18T02:53:31Z</time><extensions><gpxtpx:TrackPointExtension><gpxtpx:cad>0</gpxtpx:cad></gpxtpx:TrackPointExtension></extensions></trkpt><trkpt lat="15.1180130336" lon="73.9212370478"><ele>1.10</ele><time>2026-02-18T02:53:49Z</time><extensions><gpxtpx:TrackPointExtension><gpxtpx:cad>0</gpxtpx:cad></gpxtpx:TrackPointExtension></extensions></trkpt><trkpt lat="15.1176174078" lon="73.9209997561"><ele>0.14</ele><time>2026-02-18T02:54:03Z</time><extensions><gpxtpx:TrackPointExtension><gpxtpx:cad>0</gpxtpx:cad></gpxtpx:TrackPointExtension></extensions></trkpt><trkpt lat="15.1169928722" lon="73.9206867758"><ele>0.14</ele><time>2026-02-18T02:54:24Z</time><extensions><gpxtpx:TrackPointExtension><gpxtpx:cad>0</gpxtpx:cad></gpxtpx:TrackPointExtension></extensions></trkpt><trkpt lat="15.1165713463" lon="73.9204551838"><ele>0.14</ele><time>2026-02-18T02:54:38Z</time><extensions><gpxtpx:TrackPointExtension><gpxtpx:cad>0</gpxtpx:cad></gpxtpx:TrackPointExtension></extensions></trkpt><trkpt lat="15.1160654984" lon="73.9201090951"><ele>1.10</ele><time>2026-02-18T02:54:56Z</time><extensions><gpxtpx:TrackPointExtension><gpxtpx:cad>0</gpxtpx:cad></gpxtpx:TrackPointExtension></extensions></trkpt><trkpt lat="15.1156838704" lon="73.9198471606"><ele>0.14</ele><time>2026-02-18T02:55:10Z</time><extensions><gpxtpx:TrackPointExtension><gpxtpx:cad>0</gpxtpx:cad></gpxtpx:TrackPointExtension></extensions></trkpt><trkpt lat="15.1151869074" lon="73.9195548836"><ele>-0.82</ele><time>2026-02-18T02:55:27Z</time><extensions><gpxtpx:TrackPointExtension><gpxtpx:cad>0</gpxtpx:cad></gpxtpx:TrackPointExtension></extensions></trkpt><trkpt lat="15.1147512160" lon="73.9193009119"><ele>-0.82</ele><time>2026-02-18T02:55:42Z</time><extensions><gpxtpx:TrackPointExtension><gpxtpx:cad>0</gpxtpx:cad></gpxtpx:TrackPointExtension></extensions></trkpt><trkpt lat="15.1142627187" lon="73.9190674759"><ele>-0.82</ele><time>2026-02-18T02:55:58Z</time><extensions><gpxtpx:TrackPointExtension><gpxtpx:cad>0</gpxtpx:cad></gpxtpx:TrackPointExtension></extensions></trkpt><trkpt lat="15.1137312222" lon="73.9187631290"><ele>-1.30</ele><time>2026-02-18T02:56:16Z</time><extensions><gpxtpx:TrackPointExtension><gpxtpx:cad>0</gpxtpx:cad></gpxtpx:TrackPointExtension></extensions></trkpt><trkpt lat="15.1132952794" lon="73.9185521565"><ele>-0.82</ele><time>2026-02-18T02:56:30Z</time><extensions><gpxtpx:TrackPointExtension><gpxtpx:cad>0</gpxtpx:cad></gpxtpx:TrackPointExtension></extensions></trkpt><trkpt lat="15.1128800400" lon="73.9184079878"><ele>-0.34</ele><time>2026-02-18T02:56:43Z</time><extensions><gpxtpx:TrackPointExtension><gpxtpx:cad>0</gpxtpx:cad></gpxtpx:TrackPointExtension></extensions></trkpt><trkpt lat="15.1123232301" lon="73.9181555249"><ele>1.10</ele><time>2026-02-18T02:57:01Z</time><extensions><gpxtpx:TrackPointExtension><gpxtpx:cad>0</gpxtpx:cad></gpxtpx:TrackPointExtension></extensions></trkpt><trkpt lat="15.1118010376" lon="73.9178875554"><ele>1.58</ele><time>2026-02-18T02:57:18Z</time><extensions><gpxtpx:TrackPointExtension><gpxtpx:cad>0</gpxtpx:cad></gpxtpx:TrackPointExtension></extensions></trkpt><trkpt lat="15.1113143843" lon="73.9175565541"><ele>1.10</ele><time>2026-02-18T02:57:35Z</time><extensions><gpxtpx:TrackPointExtension><gpxtpx:cad>0</gpxtpx:cad></gpxtpx:TrackPointExtension></extensions></trkpt><trkpt lat="15.1107913535" lon="73.9172036760"><ele>0.62</ele><time>2026-02-18T02:57:53Z</time><extensions><gpxtpx:TrackPointExtension><gpxtpx:cad>0</gpxtpx:cad></gpxtpx:TrackPointExtension></extensions></trkpt><trkpt lat="15.1103721745" lon="73.9168968983"><ele>1.58</ele><time>2026-02-18T02:58:08Z</time><extensions><gpxtpx:TrackPointExtension><gpxtpx:cad>0</gpxtpx:cad></gpxtpx:TrackPointExtension></extensions></trkpt><trkpt lat="15.1098419353" lon="73.9166635461"><ele>2.06</ele><time>2026-02-18T02:58:25Z</time><extensions><gpxtpx:TrackPointExtension><gpxtpx:cad>0</gpxtpx:cad></gpxtpx:TrackPointExtension></extensions></trkpt><trkpt lat="15.1092583872" lon="73.9163685031"><ele>2.06</ele><time>2026-02-18T02:58:44Z</time><extensions><gpxtpx:TrackPointExtension><gpxtpx:cad>0</gpxtpx:cad></gpxtpx:TrackPointExtension></extensions></trkpt><trkpt lat="15.1086743362" lon="73.9160525892"><ele>2.06</ele><time>2026-02-18T02:59:03Z</time><extensions><gpxtpx:TrackPointExtension><gpxtpx:cad>0</gpxtpx:cad></gpxtpx:TrackPointExtension></extensions></trkpt><trkpt lat="15.1082441770" lon="73.9157867990"><ele>3.02</ele><time>2026-02-18T02:59:18Z</time><extensions><gpxtpx:TrackPointExtension><gpxtpx:cad>0</gpxtpx:cad></gpxtpx:TrackPointExtension></extensions></trkpt><trkpt lat="15.1077956613" lon="73.9155969489"><ele>3.02</ele><time>2026-02-18T02:59:33Z</time><extensions><gpxtpx:TrackPointExtension><gpxtpx:cad>0</gpxtpx:cad></gpxtpx:TrackPointExtension></extensions></trkpt><trkpt lat="15.1073019672" lon="73.9153003972"><ele>2.06</ele><time>2026-02-18T02:59:50Z</time><extensions><gpxtpx:TrackPointExtension><gpxtpx:cad>0</gpxtpx:cad></gpxtpx:TrackPointExtension></extensions></trkpt><trkpt lat="15.1068820339" lon="73.9149436634"><ele>2.54</ele><time>2026-02-18T03:00:06Z</time><extensions><gpxtpx:TrackPointExtension><gpxtpx:cad>0</gpxtpx:cad></gpxtpx:TrackPointExtension></extensions></trkpt><trkpt lat="15.1065344363" lon="73.9146149252"><ele>2.54</ele><time>2026-02-18T03:00:20Z</time><extensions><gpxtpx:TrackPointExtension><gpxtpx:cad>0</gpxtpx:cad></gpxtpx:TrackPointExtension></extensions></trkpt><trkpt lat="15.1061503775" lon="73.9141981769"><ele>2.54</ele><time>2026-02-18T03:00:37Z</time><extensions><gpxtpx:TrackPointExtension><gpxtpx:cad>0</gpxtpx:cad></gpxtpx:TrackPointExtension></extensions></trkpt><trkpt lat="15.1056730282" lon="73.9138684329"><ele>2.06</ele><time>2026-02-18T03:00:54Z</time><extensions><gpxtpx:TrackPointExtension><gpxtpx:cad>0</gpxtpx:cad></gpxtpx:TrackPointExtension></extensions></trkpt><trkpt lat="15.1051478181" lon="73.9134966955"><ele>1.58</ele><time>2026-02-18T03:01:13Z</time><extensions><gpxtpx:TrackPointExtension><gpxtpx:cad>0</gpxtpx:cad></gpxtpx:TrackPointExtension></extensions></trkpt><trkpt lat="15.1045841351" lon="73.9130993094"><ele>1.58</ele><time>2026-02-18T03:01:33Z</time><extensions><gpxtpx:TrackPointExtension><gpxtpx:cad>0</gpxtpx:cad></gpxtpx:TrackPointExtension></extensions></trkpt><trkpt lat="15.1041279919" lon="73.9127232973"><ele>1.10</ele><time>2026-02-18T03:01:50Z</time><extensions><gpxtpx:TrackPointExtension><gpxtpx:cad>0</gpxtpx:cad></gpxtpx:TrackPointExtension></extensions></trkpt><trkpt lat="15.1036351360" lon="73.9123772923"><ele>1.58</ele><time>2026-02-18T03:02:08Z</time><extensions><gpxtpx:TrackPointExtension><gpxtpx:cad>0</gpxtpx:cad></gpxtpx:TrackPointExtension></extensions></trkpt><trkpt lat="15.1031500753" lon="73.9120618813"><ele>1.58</ele><time>2026-02-18T03:02:25Z</time><extensions><gpxtpx:TrackPointExtension><gpxtpx:cad>0</gpxtpx:cad></gpxtpx:TrackPointExtension></extensions></trkpt><trkpt lat="15.1026972011" lon="73.9117095899"><ele>2.06</ele><time>2026-02-18T03:02:42Z</time><extensions><gpxtpx:TrackPointExtension><gpxtpx:cad>0</gpxtpx:cad></gpxtpx:TrackPointExtension></extensions></trkpt><trkpt lat="15.1021810435" lon="73.9113184903"><ele>2.06</ele><time>2026-02-18T03:03:01Z</time><extensions><gpxtpx:TrackPointExtension><gpxtpx:cad>0</gpxtpx:cad></gpxtpx:TrackPointExtension></extensions></trkpt><trkpt lat="15.1016875170" lon="73.9109193441"><ele>2.06</ele><time>2026-02-18T03:03:20Z</time><extensions><gpxtpx:TrackPointExtension><gpxtpx:cad>0</gpxtpx:cad></gpxtpx:TrackPointExtension></extensions></trkpt><trkpt lat="15.1012364868" lon="73.9105586708"><ele>2.06</ele><time>2026-02-18T03:03:37Z</time><extensions><gpxtpx:TrackPointExtension><gpxtpx:cad>0</gpxtpx:cad></gpxtpx:TrackPointExtension></extensions></trkpt><trkpt lat="15.1007959340" lon="73.9101707563"><ele>1.58</ele><time>2026-02-18T03:03:54Z</time><extensions><gpxtpx:TrackPointExtension><gpxtpx:cad>0</gpxtpx:cad></gpxtpx:TrackPointExtension></extensions></trkpt><trkpt lat="15.1004189998" lon="73.9097862784"><ele>2.06</ele><time>2026-02-18T03:04:10Z</time><extensions><gpxtpx:TrackPointExtension><gpxtpx:cad>0</gpxtpx:cad></gpxtpx:TrackPointExtension></extensions></trkpt><trkpt lat="15.0998605974" lon="73.9094689395"><ele>1.58</ele><time>2026-02-18T03:04:29Z</time><extensions><gpxtpx:TrackPointExtension><gpxtpx:cad>0</gpxtpx:cad></gpxtpx:TrackPointExtension></extensions></trkpt><trkpt lat="15.0993219763" lon="73.9091887325"><ele>1.58</ele><time>2026-02-18T03:04:47Z</time><extensions><gpxtpx:TrackPointExtension><gpxtpx:cad>0</gpxtpx:cad></gpxtpx:TrackPointExtension></extensions></trkpt><trkpt lat="15.0988250133" lon="73.9088506903"><ele>1.58</ele><time>2026-02-18T03:05:05Z</time><extensions><gpxtpx:TrackPointExtension><gpxtpx:cad>0</gpxtpx:cad></gpxtpx:TrackPointExtension></extensions></trkpt><trkpt lat="15.0983592309" lon="73.9085154142"><ele>1.58</ele><time>2026-02-18T03:05:22Z</time><extensions><gpxtpx:TrackPointExtension><gpxtpx:cad>0</gpxtpx:cad></gpxtpx:TrackPointExtension></extensions></trkpt><trkpt lat="15.0978947897" lon="73.9081790484"><ele>2.06</ele><time>2026-02-18T03:05:39Z</time><extensions><gpxtpx:TrackPointExtension><gpxtpx:cad>0</gpxtpx:cad></gpxtpx:TrackPointExtension></extensions></trkpt><trkpt lat="15.0973923784" lon="73.9079029486"><ele>2.06</ele><time>2026-02-18T03:05:56Z</time><extensions><gpxtpx:TrackPointExtension><gpxtpx:cad>0</gpxtpx:cad></gpxtpx:TrackPointExtension></extensions></trkpt><trkpt lat="15.0968680903" lon="73.9076436963"><ele>2.54</ele><time>2026-02-18T03:06:13Z</time><extensions><gpxtpx:TrackPointExtension><gpxtpx:cad>0</gpxtpx:cad></gpxtpx:TrackPointExtension></extensions></trkpt><trkpt lat="15.0964546949" lon="73.9074220788"><ele>3.02</ele><time>2026-02-18T03:06:27Z</time><extensions><gpxtpx:TrackPointExtension><gpxtpx:cad>0</gpxtpx:cad></gpxtpx:TrackPointExtension></extensions></trkpt><trkpt lat="15.0959097035" lon="73.9071718790"><ele>3.50</ele><time>2026-02-18T03:06:45Z</time><extensions><gpxtpx:TrackPointExtension><gpxtpx:cad>0</gpxtpx:cad></gpxtpx:TrackPointExtension></extensions></trkpt><trkpt lat="15.0953854155" lon="73.9070296381"><ele>3.02</ele><time>2026-02-18T03:07:01Z</time><extensions><gpxtpx:TrackPointExtension><gpxtpx:cad>0</gpxtpx:cad></gpxtpx:TrackPointExtension></extensions></trkpt><trkpt lat="15.0949151907" lon="73.9069670253"><ele>3.02</ele><time>2026-02-18T03:07:15Z</time><extensions><gpxtpx:TrackPointExtension><gpxtpx:cad>0</gpxtpx:cad></gpxtpx:TrackPointExtension></extensions></trkpt><trkpt lat="15.0944748893" lon="73.9067889098"><ele>3.02</ele><time>2026-02-18T03:07:29Z</time><extensions><gpxtpx:TrackPointExtension><gpxtpx:cad>0</gpxtpx:cad></gpxtpx:TrackPointExtension></extensions></trkpt><trkpt lat="15.0939235277" lon="73.9066159073"><ele>3.50</ele><time>2026-02-18T03:07:46Z</time><extensions><gpxtpx:TrackPointExtension><gpxtpx:cad>0</gpxtpx:cad></gpxtpx:TrackPointExtension></extensions></trkpt><trkpt lat="15.0933974795" lon="73.9065160789"><ele>3.02</ele><time>2026-02-18T03:08:02Z</time><extensions><gpxtpx:TrackPointExtension><gpxtpx:cad>0</gpxtpx:cad></gpxtpx:TrackPointExtension></extensions></trkpt><trkpt lat="15.0929549150" lon="73.9063568227"><ele>3.50</ele><time>2026-02-18T03:08:16Z</time><extensions><gpxtpx:TrackPointExtension><gpxtpx:cad>0</gpxtpx:cad></gpxtpx:TrackPointExtension></extensions></trkpt><trkpt lat="15.0924432836" lon="73.9061896037"><ele>3.98</ele><time>2026-02-18T03:08:32Z</time><extensions><gpxtpx:TrackPointExtension><gpxtpx:cad>0</gpxtpx:cad></gpxtpx:TrackPointExtension></extensions></trkpt><trkpt lat="15.0918907486" lon="73.9061196148"><ele>4.46</ele><time>2026-02-18T03:08:49Z</time><extensions><gpxtpx:TrackPointExtension><gpxtpx:cad>0</gpxtpx:cad></gpxtpx:TrackPointExtension></extensions></trkpt><trkpt lat="15.0913426559" lon="73.9060211275"><ele>3.98</ele><time>2026-02-18T03:09:06Z</time><extensions><gpxtpx:TrackPointExtension><gpxtpx:cad>0</gpxtpx:cad></gpxtpx:TrackPointExtension></extensions></trkpt><trkpt lat="15.0909043662" lon="73.9058632962"><ele>3.98</ele><time>2026-02-18T03:09:20Z</time><extensions><gpxtpx:TrackPointExtension><gpxtpx:cad>0</gpxtpx:cad></gpxtpx:TrackPointExtension></extensions></trkpt><trkpt lat="15.0903368276" lon="73.9057929721"><ele>3.98</ele><time>2026-02-18T03:09:37Z</time><extensions><gpxtpx:TrackPointExtension><gpxtpx:cad>0</gpxtpx:cad></gpxtpx:TrackPointExtension></extensions></trkpt><trkpt lat="15.0898712128" lon="73.9056078158"><ele>3.98</ele><time>2026-02-18T03:09:52Z</time><extensions><gpxtpx:TrackPointExtension><gpxtpx:cad>0</gpxtpx:cad></gpxtpx:TrackPointExtension></extensions></trkpt><trkpt lat="15.0896129664" lon="73.9054837637"><ele>3.50</ele><time>2026-02-18T03:10:01Z</time><extensions><gpxtpx:TrackPointExtension><gpxtpx:cad>0</gpxtpx:cad></gpxtpx:TrackPointExtension></extensions></trkpt><trkpt lat="15.0891903508" lon="73.9053399302"><ele>3.50</ele><time>2026-02-18T03:10:14Z</time><extensions><gpxtpx:TrackPointExtension><gpxtpx:cad>0</gpxtpx:cad></gpxtpx:TrackPointExtension></extensions></trkpt><trkpt lat="15.0887134206" lon="73.9051938336"><ele>2.54</ele><time>2026-02-18T03:10:29Z</time><extensions><gpxtpx:TrackPointExtension><gpxtpx:cad>0</gpxtpx:cad></gpxtpx:TrackPointExtension></extensions></trkpt><trkpt lat="15.0882811658" lon="73.9051070809"><ele>2.54</ele><time>2026-02-18T03:10:42Z</time><extensions><gpxtpx:TrackPointExtension><gpxtpx:cad>0</gpxtpx:cad></gpxtpx:TrackPointExtension></extensions></trkpt><trkpt lat="15.0877427962" lon="73.9050424565"><ele>3.50</ele><time>2026-02-18T03:10:58Z</time><extensions><gpxtpx:TrackPointExtension><gpxtpx:cad>0</gpxtpx:cad></gpxtpx:TrackPointExtension></extensions></trkpt><trkpt lat="15.0872353557" lon="73.9050209150"><ele>3.02</ele><time>2026-02-18T03:11:13Z</time><extensions><gpxtpx:TrackPointExtension><gpxtpx:cad>0</gpxtpx:cad></gpxtpx:TrackPointExtension></extensions></trkpt><trkpt lat="15.0867418293" lon="73.9050237648"><ele>2.54</ele><time>2026-02-18T03:11:28Z</time><extensions><gpxtpx:TrackPointExtension><gpxtpx:cad>0</gpxtpx:cad></gpxtpx:TrackPointExtension></extensions></trkpt><trkpt lat="15.0863002706" lon="73.9049205836"><ele>2.06</ele><time>2026-02-18T03:11:42Z</time><extensions><gpxtpx:TrackPointExtension><gpxtpx:cad>0</gpxtpx:cad></gpxtpx:TrackPointExtension></extensions></trkpt><trkpt lat="15.0858026370" lon="73.9046161529"><ele>2.06</ele><time>2026-02-18T03:11:59Z</time><extensions><gpxtpx:TrackPointExtension><gpxtpx:cad>0</gpxtpx:cad></gpxtpx:TrackPointExtension></extensions></trkpt><trkpt lat="15.0852739904" lon="73.9044843893"><ele>2.06</ele><time>2026-02-18T03:12:15Z</time><extensions><gpxtpx:TrackPointExtension><gpxtpx:cad>0</gpxtpx:cad></gpxtpx:TrackPointExtension></extensions></trkpt><trkpt lat="15.0847738422" lon="73.9044574834"><ele>2.06</ele><time>2026-02-18T03:12:30Z</time><extensions><gpxtpx:TrackPointExtension><gpxtpx:cad>0</gpxtpx:cad></gpxtpx:TrackPointExtension></extensions></trkpt><trkpt lat="15.0843919627" lon="73.9044319186"><ele>2.06</ele><time>2026-02-18T03:12:43Z</time><extensions><gpxtpx:TrackPointExtension><gpxtpx:cad>0</gpxtpx:cad></gpxtpx:TrackPointExtension></extensions></trkpt><trkpt lat="15.0842026155" lon="73.9048380218"><ele>2.54</ele><time>2026-02-18T03:12:57Z</time><extensions><gpxtpx:TrackPointExtension><gpxtpx:cad>0</gpxtpx:cad></gpxtpx:TrackPointExtension></extensions></trkpt><trkpt lat="15.0839883741" lon="73.9052483160"><ele>3.02</ele><time>2026-02-18T03:13:10Z</time><extensions><gpxtpx:TrackPointExtension><gpxtpx:cad>0</gpxtpx:cad></gpxtpx:TrackPointExtension></extensions></trkpt><trkpt lat="15.0838254299" lon="73.9056620467"><ele>2.06</ele><time>2026-02-18T03:13:23Z</time><extensions><gpxtpx:TrackPointExtension><gpxtpx:cad>0</gpxtpx:cad></gpxtpx:TrackPointExtension></extensions></trkpt><trkpt lat="15.0835863780" lon="73.9061848260"><ele>2.06</ele><time>2026-02-18T03:13:40Z</time><extensions><gpxtpx:TrackPointExtension><gpxtpx:cad>0</gpxtpx:cad></gpxtpx:TrackPointExtension></extensions></trkpt><trkpt lat="15.0834511779" lon="73.9067088626"><ele>2.54</ele><time>2026-02-18T03:13:55Z</time><extensions><gpxtpx:TrackPointExtension><gpxtpx:cad>0</gpxtpx:cad></gpxtpx:TrackPointExtension></extensions></trkpt><trkpt lat="15.0833365135" lon="73.9072536863"><ele>3.02</ele><time>2026-02-18T03:14:11Z</time><extensions><gpxtpx:TrackPointExtension><gpxtpx:cad>0</gpxtpx:cad></gpxtpx:TrackPointExtension></extensions></trkpt><trkpt lat="15.0831801072" lon="73.9078773838"><ele>3.02</ele><time>2026-02-18T03:14:30Z</time><extensions><gpxtpx:TrackPointExtension><gpxtpx:cad>0</gpxtpx:cad></gpxtpx:TrackPointExtension></extensions></trkpt><trkpt lat="15.0829611719" lon="73.9084269851"><ele>3.50</ele><time>2026-02-18T03:14:47Z</time><extensions><gpxtpx:TrackPointExtension><gpxtpx:cad>0</gpxtpx:cad></gpxtpx:TrackPointExtension></extensions></trkpt><trkpt lat="15.0827906001" lon="73.9089949429"><ele>3.50</ele><time>2026-02-18T03:15:04Z</time><extensions><gpxtpx:TrackPointExtension><gpxtpx:cad>0</gpxtpx:cad></gpxtpx:TrackPointExtension></extensions></trkpt><trkpt lat="15.0825698208" lon="73.9096064027"><ele>3.98</ele><time>2026-02-18T03:15:23Z</time><extensions><gpxtpx:TrackPointExtension><gpxtpx:cad>0</gpxtpx:cad></gpxtpx:TrackPointExtension></extensions></trkpt><trkpt lat="15.0823986623" lon="73.9101340435"><ele>3.98</ele><time>2026-02-18T03:15:39Z</time><extensions><gpxtpx:TrackPointExtension><gpxtpx:cad>0</gpxtpx:cad></gpxtpx:TrackPointExtension></extensions></trkpt><trkpt lat="15.0822658930" lon="73.9106800407"><ele>3.50</ele><time>2026-02-18T03:15:55Z</time><extensions><gpxtpx:TrackPointExtension><gpxtpx:cad>0</gpxtpx:cad></gpxtpx:TrackPointExtension></extensions></trkpt><trkpt lat="15.0820989255" lon="73.9112226013"><ele>3.50</ele><time>2026-02-18T03:16:11Z</time><extensions><gpxtpx:TrackPointExtension><gpxtpx:cad>0</gpxtpx:cad></gpxtpx:TrackPointExtension></extensions></trkpt><trkpt lat="15.0818928145" lon="73.9116754755"><ele>3.50</ele><time>2026-02-18T03:16:25Z</time><extensions><gpxtpx:TrackPointExtension><gpxtpx:cad>0</gpxtpx:cad></gpxtpx:TrackPointExtension></extensions></trkpt><trkpt lat="15.0817247573" lon="73.9121254161"><ele>3.98</ele><time>2026-02-18T03:16:38Z</time><extensions><gpxtpx:TrackPointExtension><gpxtpx:cad>0</gpxtpx:cad></gpxtpx:TrackPointExtension></extensions></trkpt><trkpt lat="15.0815595500" lon="73.9125941321"><ele>3.98</ele><time>2026-02-18T03:16:52Z</time><extensions><gpxtpx:TrackPointExtension><gpxtpx:cad>0</gpxtpx:cad></gpxtpx:TrackPointExtension></extensions></trkpt><trkpt lat="15.0814111065" lon="73.9130062703"><ele>1.58</ele><time>2026-02-18T03:17:05Z</time><extensions><gpxtpx:TrackPointExtension><gpxtpx:cad>0</gpxtpx:cad></gpxtpx:TrackPointExtension></extensions></trkpt><trkpt lat="15.0812031515" lon="73.9135587215"><ele>2.06</ele><time>2026-02-18T03:17:21Z</time><extensions><gpxtpx:TrackPointExtension><gpxtpx:cad>0</gpxtpx:cad></gpxtpx:TrackPointExtension></extensions></trkpt><trkpt lat="15.0810446497" lon="73.9139050618"><ele>2.06</ele><time>2026-02-18T03:17:32Z</time><extensions><gpxtpx:TrackPointExtension><gpxtpx:cad>0</gpxtpx:cad></gpxtpx:TrackPointExtension></extensions></trkpt><trkpt lat="15.0808315817" lon="73.9143874403"><ele>1.58</ele><time>2026-02-18T03:17:47Z</time><extensions><gpxtpx:TrackPointExtension><gpxtpx:cad>0</gpxtpx:cad></gpxtpx:TrackPointExtension></extensions></trkpt><trkpt lat="15.0805642828" lon="73.9150012471"><ele>1.58</ele><time>2026-02-18T03:18:06Z</time><extensions><gpxtpx:TrackPointExtension><gpxtpx:cad>0</gpxtpx:cad></gpxtpx:TrackPointExtension></extensions></trkpt><trkpt lat="15.0803043600" lon="73.9156100247"><ele>1.58</ele><time>2026-02-18T03:18:25Z</time><extensions><gpxtpx:TrackPointExtension><gpxtpx:cad>0</gpxtpx:cad></gpxtpx:TrackPointExtension></extensions></trkpt><trkpt lat="15.0800024439" lon="73.9161260985"><ele>2.06</ele><time>2026-02-18T03:18:42Z</time><extensions><gpxtpx:TrackPointExtension><gpxtpx:cad>0</gpxtpx:cad></gpxtpx:TrackPointExtension></extensions></trkpt><trkpt lat="15.0797260925" lon="73.9166691620"><ele>1.58</ele><time>2026-02-18T03:18:59Z</time><extensions><gpxtpx:TrackPointExtension><gpxtpx:cad>0</gpxtpx:cad></gpxtpx:TrackPointExtension></extensions></trkpt><trkpt lat="15.0795488153" lon="73.9172049332"><ele>1.58</ele><time>2026-02-18T03:19:15Z</time><extensions><gpxtpx:TrackPointExtension><gpxtpx:cad>0</gpxtpx:cad></gpxtpx:TrackPointExtension></extensions></trkpt><trkpt lat="15.0793259405" lon="73.9176770020"><ele>2.06</ele><time>2026-02-18T03:19:30Z</time><extensions><gpxtpx:TrackPointExtension><gpxtpx:cad>0</gpxtpx:cad></gpxtpx:TrackPointExtension></extensions></trkpt><trkpt lat="15.0791083463" lon="73.9180898108"><ele>1.58</ele><time>2026-02-18T03:19:43Z</time><extensions><gpxtpx:TrackPointExtension><gpxtpx:cad>0</gpxtpx:cad></gpxtpx:TrackPointExtension></extensions></trkpt><trkpt lat="15.0789209269" lon="73.9185626339"><ele>1.10</ele><time>2026-02-18T03:19:57Z</time><extensions><gpxtpx:TrackPointExtension><gpxtpx:cad>0</gpxtpx:cad></gpxtpx:TrackPointExtension></extensions></trkpt><trkpt lat="15.0787481759" lon="73.9190158434"><ele>0.62</ele><time>2026-02-18T03:20:11Z</time><extensions><gpxtpx:TrackPointExtension><gpxtpx:cad>0</gpxtpx:cad></gpxtpx:TrackPointExtension></extensions></trkpt><trkpt lat="15.0784932822" lon="73.9195641875"><ele>1.10</ele><time>2026-02-18T03:20:28Z</time><extensions><gpxtpx:TrackPointExtension><gpxtpx:cad>0</gpxtpx:cad></gpxtpx:TrackPointExtension></extensions></trkpt><trkpt lat="15.0782897696" lon="73.9202584606"><ele>2.06</ele><time>2026-02-18T03:20:48Z</time><extensions><gpxtpx:TrackPointExtension><gpxtpx:cad>0</gpxtpx:cad></gpxtpx:TrackPointExtension></extensions></trkpt><trkpt lat="15.0781311840" lon="73.9208915457"><ele>2.54</ele><time>2026-02-18T03:21:07Z</time><extensions><gpxtpx:TrackPointExtension><gpxtpx:cad>0</gpxtpx:cad></gpxtpx:TrackPointExtension></extensions></trkpt><trkpt lat="15.0779495481" lon="73.9214992337"><ele>2.54</ele><time>2026-02-18T03:21:24Z</time><extensions><gpxtpx:TrackPointExtension><gpxtpx:cad>0</gpxtpx:cad></gpxtpx:TrackPointExtension></extensions></trkpt><trkpt lat="15.0778179523" lon="73.9220182411"><ele>2.06</ele><time>2026-02-18T03:21:39Z</time><extensions><gpxtpx:TrackPointExtension><gpxtpx:cad>0</gpxtpx:cad></gpxtpx:TrackPointExtension></extensions></trkpt><trkpt lat="15.0777045451" lon="73.9226828422"><ele>2.06</ele><time>2026-02-18T03:21:58Z</time><extensions><gpxtpx:TrackPointExtension><gpxtpx:cad>0</gpxtpx:cad></gpxtpx:TrackPointExtension></extensions></trkpt><trkpt lat="15.0775154494" lon="73.9233883470"><ele>1.58</ele><time>2026-02-18T03:22:18Z</time><extensions><gpxtpx:TrackPointExtension><gpxtpx:cad>0</gpxtpx:cad></gpxtpx:TrackPointExtension></extensions></trkpt><trkpt lat="15.0774449576" lon="73.9239846356"><ele>1.10</ele><time>2026-02-18T03:22:35Z</time><extensions><gpxtpx:TrackPointExtension><gpxtpx:cad>0</gpxtpx:cad></gpxtpx:TrackPointExtension></extensions></trkpt><trkpt lat="15.0773792434" lon="73.9245899767"><ele>1.10</ele><time>2026-02-18T03:22:52Z</time><extensions><gpxtpx:TrackPointExtension><gpxtpx:cad>0</gpxtpx:cad></gpxtpx:TrackPointExtension></extensions></trkpt><trkpt lat="15.0773203187" lon="73.9251406677"><ele>1.10</ele><time>2026-02-18T03:23:08Z</time><extensions><gpxtpx:TrackPointExtension><gpxtpx:cad>0</gpxtpx:cad></gpxtpx:TrackPointExtension></extensions></trkpt><trkpt lat="15.0771771558" lon="73.9258087054"><ele>0.14</ele><time>2026-02-18T03:23:26Z</time><extensions><gpxtpx:TrackPointExtension><gpxtpx:cad>0</gpxtpx:cad></gpxtpx:TrackPointExtension></extensions></trkpt><trkpt lat="15.0770472363" lon="73.9265121147"><ele>-0.34</ele><time>2026-02-18T03:23:46Z</time><extensions><gpxtpx:TrackPointExtension><gpxtpx:cad>0</gpxtpx:cad></gpxtpx:TrackPointExtension></extensions></trkpt><trkpt lat="15.0769005530" lon="73.9273306914"><ele>-1.79</ele><time>2026-02-18T03:24:09Z</time><extensions><gpxtpx:TrackPointExtension><gpxtpx:cad>0</gpxtpx:cad></gpxtpx:TrackPointExtension></extensions></trkpt><trkpt lat="15.0767007284" lon="73.9279992320"><ele>-3.71</ele><time>2026-02-18T03:24:28Z</time><extensions><gpxtpx:TrackPointExtension><gpxtpx:cad>0</gpxtpx:cad></gpxtpx:TrackPointExtension></extensions></trkpt><trkpt lat="15.0765242055" lon="73.9288221672"><ele>-0.82</ele><time>2026-02-18T03:24:52Z</time><extensions><gpxtpx:TrackPointExtension><gpxtpx:cad>0</gpxtpx:cad></gpxtpx:TrackPointExtension></extensions></trkpt><trkpt lat="15.0763077009" lon="73.9295304380"><ele>-0.82</ele><time>2026-02-18T03:25:13Z</time><extensions><gpxtpx:TrackPointExtension><gpxtpx:cad>0</gpxtpx:cad></gpxtpx:TrackPointExtension></extensions></trkpt><trkpt lat="15.0760774501" lon="73.9303095359"><ele>-0.34</ele><time>2026-02-18T03:25:36Z</time><extensions><gpxtpx:TrackPointExtension><gpxtpx:cad>0</gpxtpx:cad></gpxtpx:TrackPointExtension></extensions></trkpt><trkpt lat="15.0759295095" lon="73.9308979455"><ele>2.06</ele><time>2026-02-18T03:25:52Z</time><extensions><gpxtpx:TrackPointExtension><gpxtpx:cad>0</gpxtpx:cad></gpxtpx:TrackPointExtension></extensions></trkpt><trkpt lat="15.0758221373" lon="73.9314925577"><ele>2.06</ele><time>2026-02-18T03:26:09Z</time><extensions><gpxtpx:TrackPointExtension><gpxtpx:cad>0</gpxtpx:cad></gpxtpx:TrackPointExtension></extensions></trkpt><trkpt lat="15.0757477060" lon="73.9321067836"><ele>3.02</ele><time>2026-02-18T03:26:26Z</time><extensions><gpxtpx:TrackPointExtension><gpxtpx:cad>0</gpxtpx:cad></gpxtpx:TrackPointExtension></extensions></trkpt><trkpt lat="15.0755707640" lon="73.9327728096"><ele>2.54</ele><time>2026-02-18T03:26:45Z</time><extensions><gpxtpx:TrackPointExtension><gpxtpx:cad>0</gpxtpx:cad></gpxtpx:TrackPointExtension></extensions></trkpt><trkpt lat="15.0753022917" lon="73.9333213214"><ele>2.54</ele><time>2026-02-18T03:27:02Z</time><extensions><gpxtpx:TrackPointExtension><gpxtpx:cad>0</gpxtpx:cad></gpxtpx:TrackPointExtension></extensions></trkpt><trkpt lat="15.0750321429" lon="73.9338664804"><ele>2.06</ele><time>2026-02-18T03:27:19Z</time><extensions><gpxtpx:TrackPointExtension><gpxtpx:cad>0</gpxtpx:cad></gpxtpx:TrackPointExtension></extensions></trkpt><trkpt lat="15.0745795202" lon="73.9342957176"><ele>2.06</ele><time>2026-02-18T03:27:37Z</time><extensions><gpxtpx:TrackPointExtension><gpxtpx:cad>0</gpxtpx:cad></gpxtpx:TrackPointExtension></extensions></trkpt><trkpt lat="15.0740778632" lon="73.9344399702"><ele>1.58</ele><time>2026-02-18T03:27:52Z</time><extensions><gpxtpx:TrackPointExtension><gpxtpx:cad>0</gpxtpx:cad></gpxtpx:TrackPointExtension></extensions></trkpt><trkpt lat="15.0735625438" lon="73.9346614201"><ele>2.06</ele><time>2026-02-18T03:28:08Z</time><extensions><gpxtpx:TrackPointExtension><gpxtpx:cad>0</gpxtpx:cad></gpxtpx:TrackPointExtension></extensions></trkpt><trkpt lat="15.0731421914" lon="73.9347831253"><ele>3.02</ele><time>2026-02-18T03:28:20Z</time><extensions><gpxtpx:TrackPointExtension><gpxtpx:cad>0</gpxtpx:cad></gpxtpx:TrackPointExtension></extensions></trkpt><trkpt lat="15.0725708809" lon="73.9349298924"><ele>3.02</ele><time>2026-02-18T03:28:37Z</time><extensions><gpxtpx:TrackPointExtension><gpxtpx:cad>0</gpxtpx:cad></gpxtpx:TrackPointExtension></extensions></trkpt><trkpt lat="15.0721014943" lon="73.9351744764"><ele>3.50</ele><time>2026-02-18T03:28:52Z</time><extensions><gpxtpx:TrackPointExtension><gpxtpx:cad>0</gpxtpx:cad></gpxtpx:TrackPointExtension></extensions></trkpt><trkpt lat="15.0716018490" lon="73.9354364108"><ele>3.98</ele><time>2026-02-18T03:29:08Z</time><extensions><gpxtpx:TrackPointExtension><gpxtpx:cad>0</gpxtpx:cad></gpxtpx:TrackPointExtension></extensions></trkpt><trkpt lat="15.0710779801" lon="73.9356327150"><ele>3.98</ele><time>2026-02-18T03:29:24Z</time><extensions><gpxtpx:TrackPointExtension><gpxtpx:cad>0</gpxtpx:cad></gpxtpx:TrackPointExtension></extensions></trkpt><trkpt lat="15.0704430509" lon="73.9358575176"><ele>3.98</ele><time>2026-02-18T03:29:43Z</time><extensions><gpxtpx:TrackPointExtension><gpxtpx:cad>0</gpxtpx:cad></gpxtpx:TrackPointExtension></extensions></trkpt><trkpt lat="15.0698241312" lon="73.9360883553"><ele>3.98</ele><time>2026-02-18T03:30:02Z</time><extensions><gpxtpx:TrackPointExtension><gpxtpx:cad>0</gpxtpx:cad></gpxtpx:TrackPointExtension></extensions></trkpt><trkpt lat="15.0691967458" lon="73.9363292512"><ele>3.50</ele><time>2026-02-18T03:30:21Z</time><extensions><gpxtpx:TrackPointExtension><gpxtpx:cad>0</gpxtpx:cad></gpxtpx:TrackPointExtension></extensions></trkpt><trkpt lat="15.0686301291" lon="73.9365957119"><ele>3.50</ele><time>2026-02-18T03:30:39Z</time><extensions><gpxtpx:TrackPointExtension><gpxtpx:cad>0</gpxtpx:cad></gpxtpx:TrackPointExtension></extensions></trkpt><trkpt lat="15.0679919310" lon="73.9367989730"><ele>3.98</ele><time>2026-02-18T03:30:58Z</time><extensions><gpxtpx:TrackPointExtension><gpxtpx:cad>0</gpxtpx:cad></gpxtpx:TrackPointExtension></extensions></trkpt><trkpt lat="15.0673972350" lon="73.9369666949"><ele>4.46</ele><time>2026-02-18T03:31:16Z</time><extensions><gpxtpx:TrackPointExtension><gpxtpx:cad>0</gpxtpx:cad></gpxtpx:TrackPointExtension></extensions></trkpt><trkpt lat="15.0668782275" lon="73.9370374382"><ele>4.46</ele><time>2026-02-18T03:31:31Z</time><extensions><gpxtpx:TrackPointExtension><gpxtpx:cad>0</gpxtpx:cad></gpxtpx:TrackPointExtension></extensions></trkpt><trkpt lat="15.0662408676" lon="73.9371511806"><ele>3.98</ele><time>2026-02-18T03:31:50Z</time><extensions><gpxtpx:TrackPointExtension><gpxtpx:cad>0</gpxtpx:cad></gpxtpx:TrackPointExtension></extensions></trkpt><trkpt lat="15.0655895099" lon="73.9373621531"><ele>3.02</ele><time>2026-02-18T03:32:09Z</time><extensions><gpxtpx:TrackPointExtension><gpxtpx:cad>0</gpxtpx:cad></gpxtpx:TrackPointExtension></extensions></trkpt><trkpt lat="15.0649758708" lon="73.9374796674"><ele>3.02</ele><time>2026-02-18T03:32:27Z</time><extensions><gpxtpx:TrackPointExtension><gpxtpx:cad>0</gpxtpx:cad></gpxtpx:TrackPointExtension></extensions></trkpt><trkpt lat="15.0644088350" lon="73.9375786576"><ele>3.02</ele><time>2026-02-18T03:32:44Z</time><extensions><gpxtpx:TrackPointExtension><gpxtpx:cad>0</gpxtpx:cad></gpxtpx:TrackPointExtension></extensions></trkpt><trkpt lat="15.0641543604" lon="73.9379173703"><ele>2.54</ele><time>2026-02-18T03:32:57Z</time><extensions><gpxtpx:TrackPointExtension><gpxtpx:cad>0</gpxtpx:cad></gpxtpx:TrackPointExtension></extensions></trkpt><trkpt lat="15.0638671964" lon="73.9384446759"><ele>3.50</ele><time>2026-02-18T03:33:14Z</time><extensions><gpxtpx:TrackPointExtension><gpxtpx:cad>0</gpxtpx:cad></gpxtpx:TrackPointExtension></extensions></trkpt><trkpt lat="15.0635446608" lon="73.9389967918"><ele>3.98</ele><time>2026-02-18T03:33:32Z</time><extensions><gpxtpx:TrackPointExtension><gpxtpx:cad>0</gpxtpx:cad></gpxtpx:TrackPointExtension></extensions></trkpt><trkpt lat="15.0632525515" lon="73.9395233430"><ele>3.50</ele><time>2026-02-18T03:33:49Z</time><extensions><gpxtpx:TrackPointExtension><gpxtpx:cad>0</gpxtpx:cad></gpxtpx:TrackPointExtension></extensions></trkpt><trkpt lat="15.0629915390" lon="73.9400315378"><ele>3.50</ele><time>2026-02-18T03:34:05Z</time><extensions><gpxtpx:TrackPointExtension><gpxtpx:cad>0</gpxtpx:cad></gpxtpx:TrackPointExtension></extensions></trkpt><trkpt lat="15.0627301075" lon="73.9405102283"><ele>3.50</ele><time>2026-02-18T03:34:20Z</time><extensions><gpxtpx:TrackPointExtension><gpxtpx:cad>0</gpxtpx:cad></gpxtpx:TrackPointExtension></extensions></trkpt><trkpt lat="15.0624368247" lon="73.9411477558"><ele>3.50</ele><time>2026-02-18T03:34:40Z</time><extensions><gpxtpx:TrackPointExtension><gpxtpx:cad>0</gpxtpx:cad></gpxtpx:TrackPointExtension></extensions></trkpt><trkpt lat="15.0621662568" lon="73.9416393545"><ele>3.98</ele><time>2026-02-18T03:34:56Z</time><extensions><gpxtpx:TrackPointExtension><gpxtpx:cad>0</gpxtpx:cad></gpxtpx:TrackPointExtension></extensions></trkpt><trkpt lat="15.0618510973" lon="73.9421744552"><ele>4.94</ele><time>2026-02-18T03:35:13Z</time><extensions><gpxtpx:TrackPointExtension><gpxtpx:cad>0</gpxtpx:cad></gpxtpx:TrackPointExtension></extensions></trkpt><trkpt lat="15.0616048370" lon="73.9425809775"><ele>4.94</ele><time>2026-02-18T03:35:27Z</time><extensions><gpxtpx:TrackPointExtension><gpxtpx:cad>0</gpxtpx:cad></gpxtpx:TrackPointExtension></extensions></trkpt><trkpt lat="15.0611523818" lon="73.9431897551"><ele>4.94</ele><time>2026-02-18T03:35:48Z</time><extensions><gpxtpx:TrackPointExtension><gpxtpx:cad>0</gpxtpx:cad></gpxtpx:TrackPointExtension></extensions></trkpt><trkpt lat="15.0609553233" lon="73.9436835330"><ele>4.46</ele><time>2026-02-18T03:36:04Z</time><extensions><gpxtpx:TrackPointExtension><gpxtpx:cad>0</gpxtpx:cad></gpxtpx:TrackPointExtension></extensions></trkpt><trkpt lat="15.0608528126" lon="73.9440432843"><ele>3.50</ele><time>2026-02-18T03:36:15Z</time><extensions><gpxtpx:TrackPointExtension><gpxtpx:cad>0</gpxtpx:cad></gpxtpx:TrackPointExtension></extensions></trkpt><trkpt lat="15.0606153533" lon="73.9446375612"><ele>2.54</ele><time>2026-02-18T03:36:33Z</time><extensions><gpxtpx:TrackPointExtension><gpxtpx:cad>0</gpxtpx:cad></gpxtpx:TrackPointExtension></extensions></trkpt><trkpt lat="15.0604861882" lon="73.9452307485"><ele>3.02</ele><time>2026-02-18T03:36:50Z</time><extensions><gpxtpx:TrackPointExtension><gpxtpx:cad>0</gpxtpx:cad></gpxtpx:TrackPointExtension></extensions></trkpt><trkpt lat="15.0603680033" lon="73.9458884764"><ele>3.02</ele><time>2026-02-18T03:37:09Z</time><extensions><gpxtpx:TrackPointExtension><gpxtpx:cad>0</gpxtpx:cad></gpxtpx:TrackPointExtension></extensions></trkpt><trkpt lat="15.0600421149" lon="73.9465693384"><ele>3.98</ele><time>2026-02-18T03:37:30Z</time><extensions><gpxtpx:TrackPointExtension><gpxtpx:cad>0</gpxtpx:cad></gpxtpx:TrackPointExtension></extensions></trkpt><trkpt lat="15.0599232595" lon="73.9470854960"><ele>2.54</ele><time>2026-02-18T03:37:45Z</time><extensions><gpxtpx:TrackPointExtension><gpxtpx:cad>0</gpxtpx:cad></gpxtpx:TrackPointExtension></extensions></trkpt><trkpt lat="15.0597705413" lon="73.9476967882"><ele>2.54</ele><time>2026-02-18T03:38:03Z</time><extensions><gpxtpx:TrackPointExtension><gpxtpx:cad>0</gpxtpx:cad></gpxtpx:TrackPointExtension></extensions></trkpt><trkpt lat="15.0596488360" lon="73.9482648298"><ele>3.50</ele><time>2026-02-18T03:38:19Z</time><extensions><gpxtpx:TrackPointExtension><gpxtpx:cad>0</gpxtpx:cad></gpxtpx:TrackPointExtension></extensions></trkpt><trkpt lat="15.0594396237" lon="73.9487194642"><ele>3.98</ele><time>2026-02-18T03:38:33Z</time><extensions><gpxtpx:TrackPointExtension><gpxtpx:cad>0</gpxtpx:cad></gpxtpx:TrackPointExtension></extensions></trkpt><trkpt lat="15.0592433196" lon="73.9492372982"><ele>4.46</ele><time>2026-02-18T03:38:49Z</time><extensions><gpxtpx:TrackPointExtension><gpxtpx:cad>0</gpxtpx:cad></gpxtpx:TrackPointExtension></extensions></trkpt><trkpt lat="15.0591185968" lon="73.9497311600"><ele>4.46</ele><time>2026-02-18T03:39:03Z</time><extensions><gpxtpx:TrackPointExtension><gpxtpx:cad>0</gpxtpx:cad></gpxtpx:TrackPointExtension></extensions></trkpt><trkpt lat="15.0590173434" lon="73.9503651671"><ele>3.98</ele><time>2026-02-18T03:39:21Z</time><extensions><gpxtpx:TrackPointExtension><gpxtpx:cad>0</gpxtpx:cad></gpxtpx:TrackPointExtension></extensions></trkpt><trkpt lat="15.0587662216" lon="73.9508937299"><ele>4.94</ele><time>2026-02-18T03:39:37Z</time><extensions><gpxtpx:TrackPointExtension><gpxtpx:cad>0</gpxtpx:cad></gpxtpx:TrackPointExtension></extensions></trkpt><trkpt lat="15.0585972425" lon="73.9514419064"><ele>4.46</ele><time>2026-02-18T03:39:53Z</time><extensions><gpxtpx:TrackPointExtension><gpxtpx:cad>0</gpxtpx:cad></gpxtpx:TrackPointExtension></extensions></trkpt><trkpt lat="15.0583230704" lon="73.9519291464"><ele>3.98</ele><time>2026-02-18T03:40:09Z</time><extensions><gpxtpx:TrackPointExtension><gpxtpx:cad>0</gpxtpx:cad></gpxtpx:TrackPointExtension></extensions></trkpt><trkpt lat="15.0579555240" lon="73.9525699429"><ele>3.50</ele><time>2026-02-18T03:40:29Z</time><extensions><gpxtpx:TrackPointExtension><gpxtpx:cad>0</gpxtpx:cad></gpxtpx:TrackPointExtension></extensions></trkpt><trkpt lat="15.0574991293" lon="73.9530104119"><ele>3.50</ele><time>2026-02-18T03:40:47Z</time><extensions><gpxtpx:TrackPointExtension><gpxtpx:cad>0</gpxtpx:cad></gpxtpx:TrackPointExtension></extensions></trkpt><trkpt lat="15.0572450738" lon="73.9534285851"><ele>2.54</ele><time>2026-02-18T03:41:02Z</time><extensions><gpxtpx:TrackPointExtension><gpxtpx:cad>0</gpxtpx:cad></gpxtpx:TrackPointExtension></extensions></trkpt><trkpt lat="15.0570060220" lon="73.9539752528"><ele>3.02</ele><time>2026-02-18T03:41:19Z</time><extensions><gpxtpx:TrackPointExtension><gpxtpx:cad>0</gpxtpx:cad></gpxtpx:TrackPointExtension></extensions></trkpt><trkpt lat="15.0566925388" lon="73.9545710385"><ele>3.98</ele><time>2026-02-18T03:41:38Z</time><extensions><gpxtpx:TrackPointExtension><gpxtpx:cad>0</gpxtpx:cad></gpxtpx:TrackPointExtension></extensions></trkpt><trkpt lat="15.0563947298" lon="73.9551229868"><ele>3.50</ele><time>2026-02-18T03:41:56Z</time><extensions><gpxtpx:TrackPointExtension><gpxtpx:cad>0</gpxtpx:cad></gpxtpx:TrackPointExtension></extensions></trkpt><trkpt lat="15.0560741220" lon="73.9556839876"><ele>4.46</ele><time>2026-02-18T03:42:14Z</time><extensions><gpxtpx:TrackPointExtension><gpxtpx:cad>0</gpxtpx:cad></gpxtpx:TrackPointExtension></extensions></trkpt><trkpt lat="15.0557633210" lon="73.9563459065"><ele>4.94</ele><time>2026-02-18T03:42:35Z</time><extensions><gpxtpx:TrackPointExtension><gpxtpx:cad>0</gpxtpx:cad></gpxtpx:TrackPointExtension></extensions></trkpt><trkpt lat="15.0554825272" lon="73.9569402672"><ele>4.46</ele><time>2026-02-18T03:42:53Z</time><extensions><gpxtpx:TrackPointExtension><gpxtpx:cad>0</gpxtpx:cad></gpxtpx:TrackPointExtension></extensions></trkpt><trkpt lat="15.0552133843" lon="73.9574526530"><ele>5.42</ele><time>2026-02-18T03:43:09Z</time><extensions><gpxtpx:TrackPointExtension><gpxtpx:cad>0</gpxtpx:cad></gpxtpx:TrackPointExtension></extensions></trkpt><trkpt lat="15.0549557246" lon="73.9580287412"><ele>5.42</ele><time>2026-02-18T03:43:27Z</time><extensions><gpxtpx:TrackPointExtension><gpxtpx:cad>0</gpxtpx:cad></gpxtpx:TrackPointExtension></extensions></trkpt><trkpt lat="15.0546915270" lon="73.9586697891"><ele>3.98</ele><time>2026-02-18T03:43:46Z</time><extensions><gpxtpx:TrackPointExtension><gpxtpx:cad>0</gpxtpx:cad></gpxtpx:TrackPointExtension></extensions></trkpt><trkpt lat="15.0545712467" lon="73.9591464680"><ele>3.98</ele><time>2026-02-18T03:44:00Z</time><extensions><gpxtpx:TrackPointExtension><gpxtpx:cad>0</gpxtpx:cad></gpxtpx:TrackPointExtension></extensions></trkpt><trkpt lat="15.0543472823" lon="73.9597695787"><ele>3.98</ele><time>2026-02-18T03:44:18Z</time><extensions><gpxtpx:TrackPointExtension><gpxtpx:cad>0</gpxtpx:cad></gpxtpx:TrackPointExtension></extensions></trkpt><trkpt lat="15.0541506428" lon="73.9602714032"><ele>3.98</ele><time>2026-02-18T03:44:33Z</time><extensions><gpxtpx:TrackPointExtension><gpxtpx:cad>0</gpxtpx:cad></gpxtpx:TrackPointExtension></extensions></trkpt><trkpt lat="15.0540204719" lon="73.9607227687"><ele>3.98</ele><time>2026-02-18T03:44:46Z</time><extensions><gpxtpx:TrackPointExtension><gpxtpx:cad>0</gpxtpx:cad></gpxtpx:TrackPointExtension></extensions></trkpt><trkpt lat="15.0538701843" lon="73.9612457994"><ele>3.02</ele><time>2026-02-18T03:45:01Z</time><extensions><gpxtpx:TrackPointExtension><gpxtpx:cad>0</gpxtpx:cad></gpxtpx:TrackPointExtension></extensions></trkpt><trkpt lat="15.0536943320" lon="73.9617061336"><ele>3.50</ele><time>2026-02-18T03:45:15Z</time><extensions><gpxtpx:TrackPointExtension><gpxtpx:cad>0</gpxtpx:cad></gpxtpx:TrackPointExtension></extensions></trkpt><trkpt lat="15.0534916576" lon="73.9622049406"><ele>2.54</ele><time>2026-02-18T03:45:30Z</time><extensions><gpxtpx:TrackPointExtension><gpxtpx:cad>0</gpxtpx:cad></gpxtpx:TrackPointExtension></extensions></trkpt><trkpt lat="15.0531972013" lon="73.9627091959"><ele>3.02</ele><time>2026-02-18T03:45:46Z</time><extensions><gpxtpx:TrackPointExtension><gpxtpx:cad>0</gpxtpx:cad></gpxtpx:TrackPointExtension></extensions></trkpt><trkpt lat="15.0529415533" lon="73.9632092603"><ele>3.50</ele><time>2026-02-18T03:46:02Z</time><extensions><gpxtpx:TrackPointExtension><gpxtpx:cad>0</gpxtpx:cad></gpxtpx:TrackPointExtension></extensions></trkpt><trkpt lat="15.0527364481" lon="73.9636742882"><ele>3.02</ele><time>2026-02-18T03:46:16Z</time><extensions><gpxtpx:TrackPointExtension><gpxtpx:cad>0</gpxtpx:cad></gpxtpx:TrackPointExtension></extensions></trkpt><trkpt lat="15.0524984859" lon="73.9642194472"><ele>4.46</ele><time>2026-02-18T03:46:33Z</time><extensions><gpxtpx:TrackPointExtension><gpxtpx:cad>0</gpxtpx:cad></gpxtpx:TrackPointExtension></extensions></trkpt><trkpt lat="15.0521994196" lon="73.9647955354"><ele>3.98</ele><time>2026-02-18T03:46:51Z</time><extensions><gpxtpx:TrackPointExtension><gpxtpx:cad>0</gpxtpx:cad></gpxtpx:TrackPointExtension></extensions></trkpt><trkpt lat="15.0519004371" lon="73.9653225057"><ele>3.50</ele><time>2026-02-18T03:47:08Z</time><extensions><gpxtpx:TrackPointExtension><gpxtpx:cad>0</gpxtpx:cad></gpxtpx:TrackPointExtension></extensions></trkpt><trkpt lat="15.0517193042" lon="73.9658986777"><ele>3.98</ele><time>2026-02-18T03:47:25Z</time><extensions><gpxtpx:TrackPointExtension><gpxtpx:cad>0</gpxtpx:cad></gpxtpx:TrackPointExtension></extensions></trkpt><trkpt lat="15.0515369978" lon="73.9665092155"><ele>2.06</ele><time>2026-02-18T03:47:43Z</time><extensions><gpxtpx:TrackPointExtension><gpxtpx:cad>0</gpxtpx:cad></gpxtpx:TrackPointExtension></extensions></trkpt><trkpt lat="15.0513545237" lon="73.9670526981"><ele>2.06</ele><time>2026-02-18T03:47:59Z</time><extensions><gpxtpx:TrackPointExtension><gpxtpx:cad>0</gpxtpx:cad></gpxtpx:TrackPointExtension></extensions></trkpt><trkpt lat="15.0511894003" lon="73.9675989468"><ele>3.02</ele><time>2026-02-18T03:48:15Z</time><extensions><gpxtpx:TrackPointExtension><gpxtpx:cad>0</gpxtpx:cad></gpxtpx:TrackPointExtension></extensions></trkpt><trkpt lat="15.0510717183" lon="73.9680849295"><ele>0.62</ele><time>2026-02-18T03:48:29Z</time><extensions><gpxtpx:TrackPointExtension><gpxtpx:cad>0</gpxtpx:cad></gpxtpx:TrackPointExtension></extensions></trkpt><trkpt lat="15.0509113725" lon="73.9685142506"><ele>0.62</ele><time>2026-02-18T03:48:42Z</time><extensions><gpxtpx:TrackPointExtension><gpxtpx:cad>0</gpxtpx:cad></gpxtpx:TrackPointExtension></extensions></trkpt><trkpt lat="15.0507435668" lon="73.9690373652"><ele>-0.34</ele><time>2026-02-18T03:48:57Z</time><extensions><gpxtpx:TrackPointExtension><gpxtpx:cad>0</gpxtpx:cad></gpxtpx:TrackPointExtension></extensions></trkpt><trkpt lat="15.0506008230" lon="73.9695075061"><ele>2.54</ele><time>2026-02-18T03:49:11Z</time><extensions><gpxtpx:TrackPointExtension><gpxtpx:cad>0</gpxtpx:cad></gpxtpx:TrackPointExtension></extensions></trkpt><trkpt lat="15.0504637789" lon="73.9701509010"><ele>3.98</ele><time>2026-02-18T03:49:29Z</time><extensions><gpxtpx:TrackPointExtension><gpxtpx:cad>0</gpxtpx:cad></gpxtpx:TrackPointExtension></extensions></trkpt><trkpt lat="15.0503104739" lon="73.9707016759"><ele>3.98</ele><time>2026-02-18T03:49:44Z</time><extensions><gpxtpx:TrackPointExtension><gpxtpx:cad>0</gpxtpx:cad></gpxtpx:TrackPointExtension></extensions></trkpt><trkpt lat="15.0501430035" lon="73.9713011496"><ele>3.50</ele><time>2026-02-18T03:50:02Z</time><extensions><gpxtpx:TrackPointExtension><gpxtpx:cad>0</gpxtpx:cad></gpxtpx:TrackPointExtension></extensions></trkpt><trkpt lat="15.0498771295" lon="73.9718639106"><ele>3.98</ele><time>2026-02-18T03:50:20Z</time><extensions><gpxtpx:TrackPointExtension><gpxtpx:cad>0</gpxtpx:cad></gpxtpx:TrackPointExtension></extensions></trkpt><trkpt lat="15.0495974254" lon="73.9724140149"><ele>3.02</ele><time>2026-02-18T03:50:38Z</time><extensions><gpxtpx:TrackPointExtension><gpxtpx:cad>0</gpxtpx:cad></gpxtpx:TrackPointExtension></extensions></trkpt><trkpt lat="15.0495285261" lon="73.9729533903"><ele>3.50</ele><time>2026-02-18T03:50:53Z</time><extensions><gpxtpx:TrackPointExtension><gpxtpx:cad>0</gpxtpx:cad></gpxtpx:TrackPointExtension></extensions></trkpt><trkpt lat="15.0494525861" lon="73.9733869024"><ele>4.46</ele><time>2026-02-18T03:51:06Z</time><extensions><gpxtpx:TrackPointExtension><gpxtpx:cad>0</gpxtpx:cad></gpxtpx:TrackPointExtension></extensions></trkpt><trkpt lat="15.0492407754" lon="73.9738629106"><ele>3.50</ele><time>2026-02-18T03:51:21Z</time><extensions><gpxtpx:TrackPointExtension><gpxtpx:cad>0</gpxtpx:cad></gpxtpx:TrackPointExtension></extensions></trkpt><trkpt lat="15.0491251890" lon="73.9743359853"><ele>3.02</ele><time>2026-02-18T03:51:35Z</time><extensions><gpxtpx:TrackPointExtension><gpxtpx:cad>0</gpxtpx:cad></gpxtpx:TrackPointExtension></extensions></trkpt><trkpt lat="15.0491057429" lon="73.9747271687"><ele>3.02</ele><time>2026-02-18T03:51:46Z</time><extensions><gpxtpx:TrackPointExtension><gpxtpx:cad>0</gpxtpx:cad></gpxtpx:TrackPointExtension></extensions></trkpt><trkpt lat="15.0490781665" lon="73.9751486108"><ele>3.98</ele><time>2026-02-18T03:51:58Z</time><extensions><gpxtpx:TrackPointExtension><gpxtpx:cad>0</gpxtpx:cad></gpxtpx:TrackPointExtension></extensions></trkpt><trkpt lat="15.0489466544" lon="73.9758261200"><ele>4.46</ele><time>2026-02-18T03:52:18Z</time><extensions><gpxtpx:TrackPointExtension><gpxtpx:cad>0</gpxtpx:cad></gpxtpx:TrackPointExtension></extensions></trkpt><trkpt lat="15.0486661121" lon="73.9763659146"><ele>3.98</ele><time>2026-02-18T03:52:35Z</time><extensions><gpxtpx:TrackPointExtension><gpxtpx:cad>0</gpxtpx:cad></gpxtpx:TrackPointExtension></extensions></trkpt><trkpt lat="15.0484111346" lon="73.9768735226"><ele>3.98</ele><time>2026-02-18T03:52:51Z</time><extensions><gpxtpx:TrackPointExtension><gpxtpx:cad>0</gpxtpx:cad></gpxtpx:TrackPointExtension></extensions></trkpt><trkpt lat="15.0483322609" lon="73.9771950524"><ele>3.50</ele><time>2026-02-18T03:53:05Z</time><extensions><gpxtpx:TrackPointExtension><gpxtpx:cad>0</gpxtpx:cad></gpxtpx:TrackPointExtension></extensions></trkpt><trkpt lat="15.0482435804" lon="73.9774738345"><ele>3.50</ele><time>2026-02-18T03:53:20Z</time><extensions><gpxtpx:TrackPointExtension><gpxtpx:cad>0</gpxtpx:cad></gpxtpx:TrackPointExtension></extensions></trkpt><trkpt lat="15.0481767766" lon="73.9778401237"><ele>3.02</ele><time>2026-02-18T03:53:33Z</time><extensions><gpxtpx:TrackPointExtension><gpxtpx:cad>0</gpxtpx:cad></gpxtpx:TrackPointExtension></extensions></trkpt><trkpt lat="15.0480783731" lon="73.9783613104"><ele>3.50</ele><time>2026-02-18T03:53:49Z</time><extensions><gpxtpx:TrackPointExtension><gpxtpx:cad>0</gpxtpx:cad></gpxtpx:TrackPointExtension></extensions></trkpt><trkpt lat="15.0479373895" lon="73.9789786376"><ele>3.02</ele><time>2026-02-18T03:54:07Z</time><extensions><gpxtpx:TrackPointExtension><gpxtpx:cad>0</gpxtpx:cad></gpxtpx:TrackPointExtension></extensions></trkpt><trkpt lat="15.0477702543" lon="73.9796023350"><ele>3.98</ele><time>2026-02-18T03:54:26Z</time><extensions><gpxtpx:TrackPointExtension><gpxtpx:cad>0</gpxtpx:cad></gpxtpx:TrackPointExtension></extensions></trkpt><trkpt lat="15.0475555100" lon="73.9801946841"><ele>3.98</ele><time>2026-02-18T03:54:44Z</time><extensions><gpxtpx:TrackPointExtension><gpxtpx:cad>0</gpxtpx:cad></gpxtpx:TrackPointExtension></extensions></trkpt><trkpt lat="15.0474885385" lon="73.9807421900"><ele>3.98</ele><time>2026-02-18T03:55:00Z</time><extensions><gpxtpx:TrackPointExtension><gpxtpx:cad>0</gpxtpx:cad></gpxtpx:TrackPointExtension></extensions></trkpt><trkpt lat="15.0473424420" lon="73.9812391531"><ele>3.50</ele><time>2026-02-18T03:55:16Z</time><extensions><gpxtpx:TrackPointExtension><gpxtpx:cad>0</gpxtpx:cad></gpxtpx:TrackPointExtension></extensions></trkpt><trkpt lat="15.0469947606" lon="73.9812585153"><ele>3.50</ele><time>2026-02-18T03:55:28Z</time><extensions><gpxtpx:TrackPointExtension><gpxtpx:cad>0</gpxtpx:cad></gpxtpx:TrackPointExtension></extensions></trkpt><trkpt lat="15.0465798564" lon="73.9809643105"><ele>4.94</ele><time>2026-02-18T03:55:43Z</time><extensions><gpxtpx:TrackPointExtension><gpxtpx:cad>0</gpxtpx:cad></gpxtpx:TrackPointExtension></extensions></trkpt><trkpt lat="15.0461399741" lon="73.9807092492"><ele>4.46</ele><time>2026-02-18T03:55:58Z</time><extensions><gpxtpx:TrackPointExtension><gpxtpx:cad>0</gpxtpx:cad></gpxtpx:TrackPointExtension></extensions></trkpt><trkpt lat="15.0457054563" lon="73.9805491548"><ele>4.46</ele><time>2026-02-18T03:56:12Z</time><extensions><gpxtpx:TrackPointExtension><gpxtpx:cad>0</gpxtpx:cad></gpxtpx:TrackPointExtension></extensions></trkpt><trkpt lat="15.0451664161" lon="73.9803762361"><ele>4.46</ele><time>2026-02-18T03:56:29Z</time><extensions><gpxtpx:TrackPointExtension><gpxtpx:cad>0</gpxtpx:cad></gpxtpx:TrackPointExtension></extensions></trkpt><trkpt lat="15.0446313992" lon="73.9802039042"><ele>4.94</ele><time>2026-02-18T03:56:46Z</time><extensions><gpxtpx:TrackPointExtension><gpxtpx:cad>0</gpxtpx:cad></gpxtpx:TrackPointExtension></extensions></trkpt><trkpt lat="15.0441036746" lon="73.9801060874"><ele>4.46</ele><time>2026-02-18T03:57:02Z</time><extensions><gpxtpx:TrackPointExtension><gpxtpx:cad>0</gpxtpx:cad></gpxtpx:TrackPointExtension></extensions></trkpt><trkpt lat="15.0435517263" lon="73.9800017327"><ele>4.46</ele><time>2026-02-18T03:57:19Z</time><extensions><gpxtpx:TrackPointExtension><gpxtpx:cad>0</gpxtpx:cad></gpxtpx:TrackPointExtension></extensions></trkpt><trkpt lat="15.0430055615" lon="73.9798854757"><ele>4.94</ele><time>2026-02-18T03:57:36Z</time><extensions><gpxtpx:TrackPointExtension><gpxtpx:cad>0</gpxtpx:cad></gpxtpx:TrackPointExtension></extensions></trkpt><trkpt lat="15.0425439700" lon="73.9796662051"><ele>3.98</ele><time>2026-02-18T03:57:51Z</time><extensions><gpxtpx:TrackPointExtension><gpxtpx:cad>0</gpxtpx:cad></gpxtpx:TrackPointExtension></extensions></trkpt><trkpt lat="15.0420470908" lon="73.9794411510"><ele>3.02</ele><time>2026-02-18T03:58:07Z</time><extensions><gpxtpx:TrackPointExtension><gpxtpx:cad>0</gpxtpx:cad></gpxtpx:TrackPointExtension></extensions></trkpt><trkpt lat="15.0415599346" lon="73.9791288413"><ele>3.02</ele><time>2026-02-18T03:58:24Z</time><extensions><gpxtpx:TrackPointExtension><gpxtpx:cad>0</gpxtpx:cad></gpxtpx:TrackPointExtension></extensions></trkpt><trkpt lat="15.0409116782" lon="73.9788420964"><ele>2.06</ele><time>2026-02-18T03:58:45Z</time><extensions><gpxtpx:TrackPointExtension><gpxtpx:cad>0</gpxtpx:cad></gpxtpx:TrackPointExtension></extensions></trkpt><trkpt lat="15.0403693691" lon="73.9785946626"><ele>2.54</ele><time>2026-02-18T03:59:03Z</time><extensions><gpxtpx:TrackPointExtension><gpxtpx:cad>0</gpxtpx:cad></gpxtpx:TrackPointExtension></extensions></trkpt><trkpt lat="15.0397944544" lon="73.9783283696"><ele>1.58</ele><time>2026-02-18T03:59:22Z</time><extensions><gpxtpx:TrackPointExtension><gpxtpx:cad>0</gpxtpx:cad></gpxtpx:TrackPointExtension></extensions></trkpt><trkpt lat="15.0391176157" lon="73.9782615658"><ele>2.06</ele><time>2026-02-18T03:59:43Z</time><extensions><gpxtpx:TrackPointExtension><gpxtpx:cad>0</gpxtpx:cad></gpxtpx:TrackPointExtension></extensions></trkpt><trkpt lat="15.0384895597" lon="73.9781483263"><ele>3.02</ele><time>2026-02-18T04:00:02Z</time><extensions><gpxtpx:TrackPointExtension><gpxtpx:cad>0</gpxtpx:cad></gpxtpx:TrackPointExtension></extensions></trkpt><trkpt lat="15.0380052533" lon="73.9778408781"><ele>3.02</ele><time>2026-02-18T04:00:19Z</time><extensions><gpxtpx:TrackPointExtension><gpxtpx:cad>0</gpxtpx:cad></gpxtpx:TrackPointExtension></extensions></trkpt><trkpt lat="15.0373809692" lon="73.9777252078"><ele>3.02</ele><time>2026-02-18T04:00:38Z</time><extensions><gpxtpx:TrackPointExtension><gpxtpx:cad>0</gpxtpx:cad></gpxtpx:TrackPointExtension></extensions></trkpt><trkpt lat="15.0367762148" lon="73.9774053544"><ele>3.02</ele><time>2026-02-18T04:00:58Z</time><extensions><gpxtpx:TrackPointExtension><gpxtpx:cad>0</gpxtpx:cad></gpxtpx:TrackPointExtension></extensions></trkpt><trkpt lat="15.0362301338" lon="73.9772326034"><ele>3.02</ele><time>2026-02-18T04:01:15Z</time><extensions><gpxtpx:TrackPointExtension><gpxtpx:cad>0</gpxtpx:cad></gpxtpx:TrackPointExtension></extensions></trkpt><trkpt lat="15.0356272236" lon="73.9771669731"><ele>3.02</ele><time>2026-02-18T04:01:33Z</time><extensions><gpxtpx:TrackPointExtension><gpxtpx:cad>0</gpxtpx:cad></gpxtpx:TrackPointExtension></extensions></trkpt><trkpt lat="15.0351079646" lon="73.9771010075"><ele>3.98</ele><time>2026-02-18T04:01:49Z</time><extensions><gpxtpx:TrackPointExtension><gpxtpx:cad>0</gpxtpx:cad></gpxtpx:TrackPointExtension></extensions></trkpt><trkpt lat="15.0345498975" lon="73.9769644663"><ele>4.46</ele><time>2026-02-18T04:02:06Z</time><extensions><gpxtpx:TrackPointExtension><gpxtpx:cad>0</gpxtpx:cad></gpxtpx:TrackPointExtension></extensions></trkpt><trkpt lat="15.0339512620" lon="73.9769538213"><ele>4.46</ele><time>2026-02-18T04:02:24Z</time><extensions><gpxtpx:TrackPointExtension><gpxtpx:cad>0</gpxtpx:cad></gpxtpx:TrackPointExtension></extensions></trkpt><trkpt lat="15.0333234575" lon="73.9768384025"><ele>5.42</ele><time>2026-02-18T04:02:43Z</time><extensions><gpxtpx:TrackPointExtension><gpxtpx:cad>0</gpxtpx:cad></gpxtpx:TrackPointExtension></extensions></trkpt><trkpt lat="15.0326882768" lon="73.9768189564"><ele>5.42</ele><time>2026-02-18T04:03:02Z</time><extensions><gpxtpx:TrackPointExtension><gpxtpx:cad>0</gpxtpx:cad></gpxtpx:TrackPointExtension></extensions></trkpt><trkpt lat="15.0321095064" lon="73.9766500611"><ele>4.94</ele><time>2026-02-18T04:03:20Z</time><extensions><gpxtpx:TrackPointExtension><gpxtpx:cad>0</gpxtpx:cad></gpxtpx:TrackPointExtension></extensions></trkpt><trkpt lat="15.0314801093" lon="73.9765917230"><ele>4.94</ele><time>2026-02-18T04:03:39Z</time><extensions><gpxtpx:TrackPointExtension><gpxtpx:cad>0</gpxtpx:cad></gpxtpx:TrackPointExtension></extensions></trkpt><trkpt lat="15.0310118962" lon="73.9764272701"><ele>5.91</ele><time>2026-02-18T04:03:54Z</time><extensions><gpxtpx:TrackPointExtension><gpxtpx:cad>0</gpxtpx:cad></gpxtpx:TrackPointExtension></extensions></trkpt><trkpt lat="15.0305091497" lon="73.9762793295"><ele>4.46</ele><time>2026-02-18T04:04:10Z</time><extensions><gpxtpx:TrackPointExtension><gpxtpx:cad>0</gpxtpx:cad></gpxtpx:TrackPointExtension></extensions></trkpt><trkpt lat="15.0299317203" lon="73.9761600550"><ele>4.46</ele><time>2026-02-18T04:04:28Z</time><extensions><gpxtpx:TrackPointExtension><gpxtpx:cad>0</gpxtpx:cad></gpxtpx:TrackPointExtension></extensions></trkpt><trkpt lat="15.0294744037" lon="73.9761001244"><ele>3.98</ele><time>2026-02-18T04:04:42Z</time><extensions><gpxtpx:TrackPointExtension><gpxtpx:cad>0</gpxtpx:cad></gpxtpx:TrackPointExtension></extensions></trkpt><trkpt lat="15.0289477687" lon="73.9760884736"><ele>1.58</ele><time>2026-02-18T04:04:58Z</time><extensions><gpxtpx:TrackPointExtension><gpxtpx:cad>0</gpxtpx:cad></gpxtpx:TrackPointExtension></extensions></trkpt><trkpt lat="15.0284246542" lon="73.9758797642"><ele>0.14</ele><time>2026-02-18T04:05:15Z</time><extensions><gpxtpx:TrackPointExtension><gpxtpx:cad>0</gpxtpx:cad></gpxtpx:TrackPointExtension></extensions></trkpt><trkpt lat="15.0279671699" lon="73.9755138941"><ele>1.58</ele><time>2026-02-18T04:05:32Z</time><extensions><gpxtpx:TrackPointExtension><gpxtpx:cad>0</gpxtpx:cad></gpxtpx:TrackPointExtension></extensions></trkpt><trkpt lat="15.0275477394" lon="73.9752973057"><ele>2.06</ele><time>2026-02-18T04:05:46Z</time><extensions><gpxtpx:TrackPointExtension><gpxtpx:cad>0</gpxtpx:cad></gpxtpx:TrackPointExtension></extensions></trkpt><trkpt lat="15.0271239504" lon="73.9749538992"><ele>2.54</ele><time>2026-02-18T04:06:02Z</time><extensions><gpxtpx:TrackPointExtension><gpxtpx:cad>0</gpxtpx:cad></gpxtpx:TrackPointExtension></extensions></trkpt><trkpt lat="15.0267817173" lon="73.9745564293"><ele>2.54</ele><time>2026-02-18T04:06:17Z</time><extensions><gpxtpx:TrackPointExtension><gpxtpx:cad>0</gpxtpx:cad></gpxtpx:TrackPointExtension></extensions></trkpt><trkpt lat="15.0264753588" lon="73.9742939919"><ele>2.54</ele><time>2026-02-18T04:06:29Z</time><extensions><gpxtpx:TrackPointExtension><gpxtpx:cad>0</gpxtpx:cad></gpxtpx:TrackPointExtension></extensions></trkpt><trkpt lat="15.0259747077" lon="73.9740333147"><ele>2.06</ele><time>2026-02-18T04:06:46Z</time><extensions><gpxtpx:TrackPointExtension><gpxtpx:cad>0</gpxtpx:cad></gpxtpx:TrackPointExtension></extensions></trkpt><trkpt lat="15.0255297963" lon="73.9737214241"><ele>2.06</ele><time>2026-02-18T04:07:02Z</time><extensions><gpxtpx:TrackPointExtension><gpxtpx:cad>0</gpxtpx:cad></gpxtpx:TrackPointExtension></extensions></trkpt><trkpt lat="15.0252474099" lon="73.9733423106"><ele>3.02</ele><time>2026-02-18T04:07:16Z</time><extensions><gpxtpx:TrackPointExtension><gpxtpx:cad>0</gpxtpx:cad></gpxtpx:TrackPointExtension></extensions></trkpt><trkpt lat="15.0248926040" lon="73.9729277417"><ele>3.02</ele><time>2026-02-18T04:07:33Z</time><extensions><gpxtpx:TrackPointExtension><gpxtpx:cad>0</gpxtpx:cad></gpxtpx:TrackPointExtension></extensions></trkpt><trkpt lat="15.0246122293" lon="73.9730631933"><ele>3.02</ele><time>2026-02-18T04:07:44Z</time><extensions><gpxtpx:TrackPointExtension><gpxtpx:cad>0</gpxtpx:cad></gpxtpx:TrackPointExtension></extensions></trkpt><trkpt lat="15.0243557431" lon="73.9734884072"><ele>2.54</ele><time>2026-02-18T04:08:00Z</time><extensions><gpxtpx:TrackPointExtension><gpxtpx:cad>0</gpxtpx:cad></gpxtpx:TrackPointExtension></extensions></trkpt><trkpt lat="15.0240504742" lon="73.9739497472"><ele>3.02</ele><time>2026-02-18T04:08:18Z</time><extensions><gpxtpx:TrackPointExtension><gpxtpx:cad>0</gpxtpx:cad></gpxtpx:TrackPointExtension></extensions></trkpt><trkpt lat="15.0237318780" lon="73.9744353108"><ele>3.02</ele><time>2026-02-18T04:08:37Z</time><extensions><gpxtpx:TrackPointExtension><gpxtpx:cad>0</gpxtpx:cad></gpxtpx:TrackPointExtension></extensions></trkpt><trkpt lat="15.0233743060" lon="73.9750300907"><ele>3.02</ele><time>2026-02-18T04:08:59Z</time><extensions><gpxtpx:TrackPointExtension><gpxtpx:cad>0</gpxtpx:cad></gpxtpx:TrackPointExtension></extensions></trkpt><trkpt lat="15.0230319053" lon="73.9754319191"><ele>2.54</ele><time>2026-02-18T04:09:16Z</time><extensions><gpxtpx:TrackPointExtension><gpxtpx:cad>0</gpxtpx:cad></gpxtpx:TrackPointExtension></extensions></trkpt><trkpt lat="15.0227256306" lon="73.9758091047"><ele>2.06</ele><time>2026-02-18T04:09:32Z</time><extensions><gpxtpx:TrackPointExtension><gpxtpx:cad>0</gpxtpx:cad></gpxtpx:TrackPointExtension></extensions></trkpt><trkpt lat="15.0223606825" lon="73.9763193950"><ele>1.58</ele><time>2026-02-18T04:09:52Z</time><extensions><gpxtpx:TrackPointExtension><gpxtpx:cad>0</gpxtpx:cad></gpxtpx:TrackPointExtension></extensions></trkpt><trkpt lat="15.0220296811" lon="73.9768302720"><ele>1.58</ele><time>2026-02-18T04:10:12Z</time><extensions><gpxtpx:TrackPointExtension><gpxtpx:cad>0</gpxtpx:cad></gpxtpx:TrackPointExtension></extensions></trkpt><trkpt lat="15.0216258410" lon="73.9773548953"><ele>2.06</ele><time>2026-02-18T04:10:33Z</time><extensions><gpxtpx:TrackPointExtension><gpxtpx:cad>0</gpxtpx:cad></gpxtpx:TrackPointExtension></extensions></trkpt><trkpt lat="15.0213463046" lon="73.9778040815"><ele>2.06</ele><time>2026-02-18T04:10:50Z</time><extensions><gpxtpx:TrackPointExtension><gpxtpx:cad>0</gpxtpx:cad></gpxtpx:TrackPointExtension></extensions></trkpt><trkpt lat="15.0211799238" lon="73.9782581292"><ele>2.54</ele><time>2026-02-18T04:11:06Z</time><extensions><gpxtpx:TrackPointExtension><gpxtpx:cad>0</gpxtpx:cad></gpxtpx:TrackPointExtension></extensions></trkpt><trkpt lat="15.0208566338" lon="73.9785451256"><ele>2.06</ele><time>2026-02-18T04:11:21Z</time><extensions><gpxtpx:TrackPointExtension><gpxtpx:cad>0</gpxtpx:cad></gpxtpx:TrackPointExtension></extensions></trkpt><trkpt lat="15.0206818711" lon="73.9791356307"><ele>2.06</ele><time>2026-02-18T04:11:40Z</time><extensions><gpxtpx:TrackPointExtension><gpxtpx:cad>0</gpxtpx:cad></gpxtpx:TrackPointExtension></extensions></trkpt><trkpt lat="15.0204280671" lon="73.9796387963"><ele>2.06</ele><time>2026-02-18T04:11:58Z</time><extensions><gpxtpx:TrackPointExtension><gpxtpx:cad>0</gpxtpx:cad></gpxtpx:TrackPointExtension></extensions></trkpt><trkpt lat="15.0200658012" lon="73.9800592326"><ele>2.54</ele><time>2026-02-18T04:12:16Z</time><extensions><gpxtpx:TrackPointExtension><gpxtpx:cad>0</gpxtpx:cad></gpxtpx:TrackPointExtension></extensions></trkpt><trkpt lat="15.0197928865" lon="73.9805424493"><ele>3.02</ele><time>2026-02-18T04:12:34Z</time><extensions><gpxtpx:TrackPointExtension><gpxtpx:cad>0</gpxtpx:cad></gpxtpx:TrackPointExtension></extensions></trkpt><trkpt lat="15.0194957480" lon="73.9809764642"><ele>3.02</ele><time>2026-02-18T04:12:51Z</time><extensions><gpxtpx:TrackPointExtension><gpxtpx:cad>0</gpxtpx:cad></gpxtpx:TrackPointExtension></extensions></trkpt><trkpt lat="15.0192134455" lon="73.9814160112"><ele>3.02</ele><time>2026-02-18T04:13:08Z</time><extensions><gpxtpx:TrackPointExtension><gpxtpx:cad>0</gpxtpx:cad></gpxtpx:TrackPointExtension></extensions></trkpt><trkpt lat="15.0189100206" lon="73.9818426501"><ele>1.10</ele><time>2026-02-18T04:13:25Z</time><extensions><gpxtpx:TrackPointExtension><gpxtpx:cad>0</gpxtpx:cad></gpxtpx:TrackPointExtension></extensions></trkpt><trkpt lat="15.0185919274" lon="73.9822582249"><ele>1.10</ele><time>2026-02-18T04:13:42Z</time><extensions><gpxtpx:TrackPointExtension><gpxtpx:cad>0</gpxtpx:cad></gpxtpx:TrackPointExtension></extensions></trkpt><trkpt lat="15.0183187611" lon="73.9827564452"><ele>0.62</ele><time>2026-02-18T04:14:00Z</time><extensions><gpxtpx:TrackPointExtension><gpxtpx:cad>0</gpxtpx:cad></gpxtpx:TrackPointExtension></extensions></trkpt><trkpt lat="15.0180831458" lon="73.9831285179"><ele>1.10</ele><time>2026-02-18T04:14:15Z</time><extensions><gpxtpx:TrackPointExtension><gpxtpx:cad>0</gpxtpx:cad></gpxtpx:TrackPointExtension></extensions></trkpt><trkpt lat="15.0178243127" lon="73.9835810568"><ele>1.10</ele><time>2026-02-18T04:14:32Z</time><extensions><gpxtpx:TrackPointExtension><gpxtpx:cad>0</gpxtpx:cad></gpxtpx:TrackPointExtension></extensions></trkpt><trkpt lat="15.0175289344" lon="73.9839666244"><ele>1.10</ele><time>2026-02-18T04:14:48Z</time><extensions><gpxtpx:TrackPointExtension><gpxtpx:cad>0</gpxtpx:cad></gpxtpx:TrackPointExtension></extensions></trkpt><trkpt lat="15.0172107574" lon="73.9844623301"><ele>1.10</ele><time>2026-02-18T04:15:07Z</time><extensions><gpxtpx:TrackPointExtension><gpxtpx:cad>0</gpxtpx:cad></gpxtpx:TrackPointExtension></extensions></trkpt><trkpt lat="15.0169111043" lon="73.9849893842"><ele>1.58</ele><time>2026-02-18T04:15:27Z</time><extensions><gpxtpx:TrackPointExtension><gpxtpx:cad>0</gpxtpx:cad></gpxtpx:TrackPointExtension></extensions></trkpt><trkpt lat="15.0166450627" lon="73.9855040330"><ele>0.62</ele><time>2026-02-18T04:15:46Z</time><extensions><gpxtpx:TrackPointExtension><gpxtpx:cad>0</gpxtpx:cad></gpxtpx:TrackPointExtension></extensions></trkpt><trkpt lat="15.0163241196" lon="73.9860471804"><ele>1.10</ele><time>2026-02-18T04:16:07Z</time><extensions><gpxtpx:TrackPointExtension><gpxtpx:cad>0</gpxtpx:cad></gpxtpx:TrackPointExtension></extensions></trkpt><trkpt lat="15.0160341058" lon="73.9865488373"><ele>3.02</ele><time>2026-02-18T04:16:26Z</time><extensions><gpxtpx:TrackPointExtension><gpxtpx:cad>0</gpxtpx:cad></gpxtpx:TrackPointExtension></extensions></trkpt><trkpt lat="15.0157549046" lon="73.9870194811"><ele>3.02</ele><time>2026-02-18T04:16:44Z</time><extensions><gpxtpx:TrackPointExtension><gpxtpx:cad>0</gpxtpx:cad></gpxtpx:TrackPointExtension></extensions></trkpt><trkpt lat="15.0155048724" lon="73.9874702599"><ele>2.06</ele><time>2026-02-18T04:17:01Z</time><extensions><gpxtpx:TrackPointExtension><gpxtpx:cad>0</gpxtpx:cad></gpxtpx:TrackPointExtension></extensions></trkpt><trkpt lat="15.0154311955" lon="73.9879452623"><ele>2.06</ele><time>2026-02-18T04:17:17Z</time><extensions><gpxtpx:TrackPointExtension><gpxtpx:cad>0</gpxtpx:cad></gpxtpx:TrackPointExtension></extensions></trkpt><trkpt lat="15.0154410023" lon="73.9883965440"><ele>0.62</ele><time>2026-02-18T04:17:32Z</time><extensions><gpxtpx:TrackPointExtension><gpxtpx:cad>0</gpxtpx:cad></gpxtpx:TrackPointExtension></extensions></trkpt><trkpt lat="15.0154466182" lon="73.9888163097"><ele>1.58</ele><time>2026-02-18T04:17:46Z</time><extensions><gpxtpx:TrackPointExtension><gpxtpx:cad>0</gpxtpx:cad></gpxtpx:TrackPointExtension></extensions></trkpt><trkpt lat="15.0154672377" lon="73.9892147854"><ele>2.06</ele><time>2026-02-18T04:17:59Z</time><extensions><gpxtpx:TrackPointExtension><gpxtpx:cad>0</gpxtpx:cad></gpxtpx:TrackPointExtension></extensions></trkpt><trkpt lat="15.0155351311" lon="73.9896501414"><ele>1.58</ele><time>2026-02-18T04:18:15Z</time><extensions><gpxtpx:TrackPointExtension><gpxtpx:cad>0</gpxtpx:cad></gpxtpx:TrackPointExtension></extensions></trkpt><trkpt lat="15.0156036951" lon="73.9898659755"><ele>2.06</ele><time>2026-02-18T04:18:30Z</time><extensions><gpxtpx:TrackPointExtension><gpxtpx:cad>0</gpxtpx:cad></gpxtpx:TrackPointExtension></extensions></trkpt><trkpt lat="15.0156956445" lon="73.9900658000"><ele>2.06</ele><time>2026-02-18T04:18:46Z</time><extensions><gpxtpx:TrackPointExtension><gpxtpx:cad>0</gpxtpx:cad></gpxtpx:TrackPointExtension></extensions></trkpt><trkpt lat="15.0157134980" lon="73.9905434009"><ele>1.58</ele><time>2026-02-18T04:19:02Z</time><extensions><gpxtpx:TrackPointExtension><gpxtpx:cad>0</gpxtpx:cad></gpxtpx:TrackPointExtension></extensions></trkpt><trkpt lat="15.0157885160" lon="73.9911006298"><ele>1.10</ele><time>2026-02-18T04:19:20Z</time><extensions><gpxtpx:TrackPointExtension><gpxtpx:cad>0</gpxtpx:cad></gpxtpx:TrackPointExtension></extensions></trkpt><trkpt lat="15.0157736801" lon="73.9916358143"><ele>2.06</ele><time>2026-02-18T04:19:37Z</time><extensions><gpxtpx:TrackPointExtension><gpxtpx:cad>0</gpxtpx:cad></gpxtpx:TrackPointExtension></extensions></trkpt><trkpt lat="15.0157559104" lon="73.9922368806"><ele>2.54</ele><time>2026-02-18T04:19:56Z</time><extensions><gpxtpx:TrackPointExtension><gpxtpx:cad>0</gpxtpx:cad></gpxtpx:TrackPointExtension></extensions></trkpt><trkpt lat="15.0157673936" lon="73.9929402899"><ele>2.54</ele><time>2026-02-18T04:20:18Z</time><extensions><gpxtpx:TrackPointExtension><gpxtpx:cad>0</gpxtpx:cad></gpxtpx:TrackPointExtension></extensions></trkpt><trkpt lat="15.0158549845" lon="73.9935926534"><ele>3.50</ele><time>2026-02-18T04:20:39Z</time><extensions><gpxtpx:TrackPointExtension><gpxtpx:cad>0</gpxtpx:cad></gpxtpx:TrackPointExtension></extensions></trkpt><trkpt lat="15.0159799587" lon="73.9941554144"><ele>3.50</ele><time>2026-02-18T04:20:57Z</time><extensions><gpxtpx:TrackPointExtension><gpxtpx:cad>0</gpxtpx:cad></gpxtpx:TrackPointExtension></extensions></trkpt><trkpt lat="15.0160999037" lon="73.9946790319"><ele>3.02</ele><time>2026-02-18T04:21:14Z</time><extensions><gpxtpx:TrackPointExtension><gpxtpx:cad>0</gpxtpx:cad></gpxtpx:TrackPointExtension></extensions></trkpt><trkpt lat="15.0162224472" lon="73.9953003824"><ele>3.02</ele><time>2026-02-18T04:21:34Z</time><extensions><gpxtpx:TrackPointExtension><gpxtpx:cad>0</gpxtpx:cad></gpxtpx:TrackPointExtension></extensions></trkpt><trkpt lat="15.0163722318" lon="73.9964568336"><ele>2.54</ele><time>2026-02-18T04:22:11Z</time><extensions><gpxtpx:TrackPointExtension><gpxtpx:cad>0</gpxtpx:cad></gpxtpx:TrackPointExtension></extensions></trkpt><trkpt lat="15.0163577311" lon="73.9970241208"><ele>3.98</ele><time>2026-02-18T04:22:29Z</time><extensions><gpxtpx:TrackPointExtension><gpxtpx:cad>0</gpxtpx:cad></gpxtpx:TrackPointExtension></extensions></trkpt><trkpt lat="15.0163592398" lon="73.9977238420"><ele>3.50</ele><time>2026-02-18T04:22:51Z</time><extensions><gpxtpx:TrackPointExtension><gpxtpx:cad>0</gpxtpx:cad></gpxtpx:TrackPointExtension></extensions></trkpt><trkpt lat="15.0163541269" lon="73.9982756227"><ele>3.98</ele><time>2026-02-18T04:23:08Z</time><extensions><gpxtpx:TrackPointExtension><gpxtpx:cad>0</gpxtpx:cad></gpxtpx:TrackPointExtension></extensions></trkpt><trkpt lat="15.0163281430" lon="73.9988628589"><ele>4.94</ele><time>2026-02-18T04:23:26Z</time><extensions><gpxtpx:TrackPointExtension><gpxtpx:cad>0</gpxtpx:cad></gpxtpx:TrackPointExtension></extensions></trkpt><trkpt lat="15.0162843056" lon="73.9995405357"><ele>3.98</ele><time>2026-02-18T04:23:47Z</time><extensions><gpxtpx:TrackPointExtension><gpxtpx:cad>0</gpxtpx:cad></gpxtpx:TrackPointExtension></extensions></trkpt><trkpt lat="15.0161519554" lon="74.0000959206"><ele>3.50</ele><time>2026-02-18T04:24:05Z</time><extensions><gpxtpx:TrackPointExtension><gpxtpx:cad>0</gpxtpx:cad></gpxtpx:TrackPointExtension></extensions></trkpt><trkpt lat="15.0158998277" lon="74.0006130841"><ele>3.98</ele><time>2026-02-18T04:24:23Z</time><extensions><gpxtpx:TrackPointExtension><gpxtpx:cad>0</gpxtpx:cad></gpxtpx:TrackPointExtension></extensions></trkpt><trkpt lat="15.0155845005" lon="74.0010234620"><ele>3.98</ele><time>2026-02-18T04:24:39Z</time><extensions><gpxtpx:TrackPointExtension><gpxtpx:cad>0</gpxtpx:cad></gpxtpx:TrackPointExtension></extensions></trkpt><trkpt lat="15.0151765533" lon="74.0014038328"><ele>2.54</ele><time>2026-02-18T04:24:57Z</time><extensions><gpxtpx:TrackPointExtension><gpxtpx:cad>0</gpxtpx:cad></gpxtpx:TrackPointExtension></extensions></trkpt><trkpt lat="15.0147251040" lon="74.0017034858"><ele>3.02</ele><time>2026-02-18T04:25:14Z</time><extensions><gpxtpx:TrackPointExtension><gpxtpx:cad>0</gpxtpx:cad></gpxtpx:TrackPointExtension></extensions></trkpt><trkpt lat="15.0142493472" lon="74.0019673482"><ele>3.50</ele><time>2026-02-18T04:25:31Z</time><extensions><gpxtpx:TrackPointExtension><gpxtpx:cad>0</gpxtpx:cad></gpxtpx:TrackPointExtension></extensions></trkpt><trkpt lat="15.0138044357" lon="74.0022439510"><ele>3.98</ele><time>2026-02-18T04:25:48Z</time><extensions><gpxtpx:TrackPointExtension><gpxtpx:cad>0</gpxtpx:cad></gpxtpx:TrackPointExtension></extensions></trkpt><trkpt lat="15.0132544152" lon="74.0025501419"><ele>3.98</ele><time>2026-02-18T04:26:08Z</time><extensions><gpxtpx:TrackPointExtension><gpxtpx:cad>0</gpxtpx:cad></gpxtpx:TrackPointExtension></extensions></trkpt><trkpt lat="15.0126848649" lon="74.0027702507"><ele>3.02</ele><time>2026-02-18T04:26:27Z</time><extensions><gpxtpx:TrackPointExtension><gpxtpx:cad>0</gpxtpx:cad></gpxtpx:TrackPointExtension></extensions></trkpt><trkpt lat="15.0121559668" lon="74.0028600208"><ele>3.02</ele><time>2026-02-18T04:26:44Z</time><extensions><gpxtpx:TrackPointExtension><gpxtpx:cad>0</gpxtpx:cad></gpxtpx:TrackPointExtension></extensions></trkpt><trkpt lat="15.0116558187" lon="74.0030645393"><ele>3.50</ele><time>2026-02-18T04:27:01Z</time><extensions><gpxtpx:TrackPointExtension><gpxtpx:cad>0</gpxtpx:cad></gpxtpx:TrackPointExtension></extensions></trkpt><trkpt lat="15.0111482106" lon="74.0032693930"><ele>3.50</ele><time>2026-02-18T04:27:18Z</time><extensions><gpxtpx:TrackPointExtension><gpxtpx:cad>0</gpxtpx:cad></gpxtpx:TrackPointExtension></extensions></trkpt><trkpt lat="15.0105955079" lon="74.0035721473"><ele>3.98</ele><time>2026-02-18T04:27:38Z</time><extensions><gpxtpx:TrackPointExtension><gpxtpx:cad>0</gpxtpx:cad></gpxtpx:TrackPointExtension></extensions></trkpt><trkpt lat="15.0099997222" lon="74.0038795117"><ele>4.46</ele><time>2026-02-18T04:27:59Z</time><extensions><gpxtpx:TrackPointExtension><gpxtpx:cad>0</gpxtpx:cad></gpxtpx:TrackPointExtension></extensions></trkpt><trkpt lat="15.0094912760" lon="74.0042048972"><ele>3.98</ele><time>2026-02-18T04:28:18Z</time><extensions><gpxtpx:TrackPointExtension><gpxtpx:cad>0</gpxtpx:cad></gpxtpx:TrackPointExtension></extensions></trkpt><trkpt lat="15.0090530701" lon="74.0044726990"><ele>4.46</ele><time>2026-02-18T04:28:34Z</time><extensions><gpxtpx:TrackPointExtension><gpxtpx:cad>0</gpxtpx:cad></gpxtpx:TrackPointExtension></extensions></trkpt><trkpt lat="15.0086359028" lon="74.0046887007"><ele>4.94</ele><time>2026-02-18T04:28:49Z</time><extensions><gpxtpx:TrackPointExtension><gpxtpx:cad>0</gpxtpx:cad></gpxtpx:TrackPointExtension></extensions></trkpt><trkpt lat="15.0081644207" lon="74.0049553290"><ele>5.42</ele><time>2026-02-18T04:29:06Z</time><extensions><gpxtpx:TrackPointExtension><gpxtpx:cad>0</gpxtpx:cad></gpxtpx:TrackPointExtension></extensions></trkpt><trkpt lat="15.0077589042" lon="74.0053103864"><ele>5.42</ele><time>2026-02-18T04:29:23Z</time><extensions><gpxtpx:TrackPointExtension><gpxtpx:cad>0</gpxtpx:cad></gpxtpx:TrackPointExtension></extensions></trkpt><trkpt lat="15.0074095465" lon="74.0055225324"><ele>4.94</ele><time>2026-02-18T04:29:36Z</time><extensions><gpxtpx:TrackPointExtension><gpxtpx:cad>0</gpxtpx:cad></gpxtpx:TrackPointExtension></extensions></trkpt><trkpt lat="15.0068911258" lon="74.0058945213"><ele>3.98</ele><time>2026-02-18T04:29:56Z</time><extensions><gpxtpx:TrackPointExtension><gpxtpx:cad>0</gpxtpx:cad></gpxtpx:TrackPointExtension></extensions></trkpt><trkpt lat="15.0067080650" lon="74.0062761493"><ele>3.50</ele><time>2026-02-18T04:30:10Z</time><extensions><gpxtpx:TrackPointExtension><gpxtpx:cad>0</gpxtpx:cad></gpxtpx:TrackPointExtension></extensions></trkpt><trkpt lat="15.0064862799" lon="74.0066654887"><ele>4.46</ele><time>2026-02-18T04:30:24Z</time><extensions><gpxtpx:TrackPointExtension><gpxtpx:cad>0</gpxtpx:cad></gpxtpx:TrackPointExtension></extensions></trkpt><trkpt lat="15.0062076654" lon="74.0072761104"><ele>4.46</ele><time>2026-02-18T04:30:45Z</time><extensions><gpxtpx:TrackPointExtension><gpxtpx:cad>0</gpxtpx:cad></gpxtpx:TrackPointExtension></extensions></trkpt><trkpt lat="15.0059964415" lon="74.0078859776"><ele>3.98</ele><time>2026-02-18T04:31:05Z</time><extensions><gpxtpx:TrackPointExtension><gpxtpx:cad>0</gpxtpx:cad></gpxtpx:TrackPointExtension></extensions></trkpt><trkpt lat="15.0057257060" lon="74.0084732976"><ele>3.50</ele><time>2026-02-18T04:31:25Z</time><extensions><gpxtpx:TrackPointExtension><gpxtpx:cad>0</gpxtpx:cad></gpxtpx:TrackPointExtension></extensions></trkpt><trkpt lat="15.0055465009" lon="74.0091026947"><ele>3.98</ele><time>2026-02-18T04:31:45Z</time><extensions><gpxtpx:TrackPointExtension><gpxtpx:cad>0</gpxtpx:cad></gpxtpx:TrackPointExtension></extensions></trkpt><trkpt lat="15.0053755101" lon="74.0097571537"><ele>3.98</ele><time>2026-02-18T04:32:06Z</time><extensions><gpxtpx:TrackPointExtension><gpxtpx:cad>0</gpxtpx:cad></gpxtpx:TrackPointExtension></extensions></trkpt><trkpt lat="15.0053076167" lon="74.0103296377"><ele>3.50</ele><time>2026-02-18T04:32:24Z</time><extensions><gpxtpx:TrackPointExtension><gpxtpx:cad>0</gpxtpx:cad></gpxtpx:TrackPointExtension></extensions></trkpt><trkpt lat="15.0052346941" lon="74.0108063165"><ele>3.98</ele><time>2026-02-18T04:32:39Z</time><extensions><gpxtpx:TrackPointExtension><gpxtpx:cad>0</gpxtpx:cad></gpxtpx:TrackPointExtension></extensions></trkpt><trkpt lat="15.0051837321" lon="74.0112919640"><ele>2.54</ele><time>2026-02-18T04:32:54Z</time><extensions><gpxtpx:TrackPointExtension><gpxtpx:cad>0</gpxtpx:cad></gpxtpx:TrackPointExtension></extensions></trkpt><trkpt lat="15.0051376317" lon="74.0117551479"><ele>2.06</ele><time>2026-02-18T04:33:09Z</time><extensions><gpxtpx:TrackPointExtension><gpxtpx:cad>0</gpxtpx:cad></gpxtpx:TrackPointExtension></extensions></trkpt><trkpt lat="15.0051236339" lon="74.0121776797"><ele>2.06</ele><time>2026-02-18T04:33:22Z</time><extensions><gpxtpx:TrackPointExtension><gpxtpx:cad>0</gpxtpx:cad></gpxtpx:TrackPointExtension></extensions></trkpt><trkpt lat="15.0051056966" lon="74.0128825977"><ele>2.54</ele><time>2026-02-18T04:33:44Z</time><extensions><gpxtpx:TrackPointExtension><gpxtpx:cad>0</gpxtpx:cad></gpxtpx:TrackPointExtension></extensions></trkpt><trkpt lat="15.0050253980" lon="74.0134631284"><ele>3.02</ele><time>2026-02-18T04:34:02Z</time><extensions><gpxtpx:TrackPointExtension><gpxtpx:cad>0</gpxtpx:cad></gpxtpx:TrackPointExtension></extensions></trkpt><trkpt lat="15.0049674790" lon="74.0139828064"><ele>2.54</ele><time>2026-02-18T04:34:18Z</time><extensions><gpxtpx:TrackPointExtension><gpxtpx:cad>0</gpxtpx:cad></gpxtpx:TrackPointExtension></extensions></trkpt><trkpt lat="15.0048731826" lon="74.0145579726"><ele>3.02</ele><time>2026-02-18T04:34:36Z</time><extensions><gpxtpx:TrackPointExtension><gpxtpx:cad>0</gpxtpx:cad></gpxtpx:TrackPointExtension></extensions></trkpt><trkpt lat="15.0048403256" lon="74.0150670055"><ele>3.50</ele><time>2026-02-18T04:34:52Z</time><extensions><gpxtpx:TrackPointExtension><gpxtpx:cad>0</gpxtpx:cad></gpxtpx:TrackPointExtension></extensions></trkpt><trkpt lat="15.0048616994" lon="74.0155205503"><ele>3.50</ele><time>2026-02-18T04:35:06Z</time><extensions><gpxtpx:TrackPointExtension><gpxtpx:cad>0</gpxtpx:cad></gpxtpx:TrackPointExtension></extensions></trkpt><trkpt lat="15.0048615318" lon="74.0161363687"><ele>3.98</ele><time>2026-02-18T04:35:25Z</time><extensions><gpxtpx:TrackPointExtension><gpxtpx:cad>0</gpxtpx:cad></gpxtpx:TrackPointExtension></extensions></trkpt><trkpt lat="15.0048674829" lon="74.0167614073"><ele>4.46</ele><time>2026-02-18T04:35:44Z</time><extensions><gpxtpx:TrackPointExtension><gpxtpx:cad>0</gpxtpx:cad></gpxtpx:TrackPointExtension></extensions></trkpt><trkpt lat="15.0050211232" lon="74.0172286984"><ele>3.98</ele><time>2026-02-18T04:35:59Z</time><extensions><gpxtpx:TrackPointExtension><gpxtpx:cad>0</gpxtpx:cad></gpxtpx:TrackPointExtension></extensions></trkpt><trkpt lat="15.0052957982" lon="74.0177906211"><ele>4.94</ele><time>2026-02-18T04:36:18Z</time><extensions><gpxtpx:TrackPointExtension><gpxtpx:cad>0</gpxtpx:cad></gpxtpx:TrackPointExtension></extensions></trkpt><trkpt lat="15.0054311659" lon="74.0185001493"><ele>3.02</ele><time>2026-02-18T04:36:40Z</time><extensions><gpxtpx:TrackPointExtension><gpxtpx:cad>0</gpxtpx:cad></gpxtpx:TrackPointExtension></extensions></trkpt><trkpt lat="15.0053968001" lon="74.0190847870"><ele>3.98</ele><time>2026-02-18T04:36:59Z</time><extensions><gpxtpx:TrackPointExtension><gpxtpx:cad>0</gpxtpx:cad></gpxtpx:TrackPointExtension></extensions></trkpt><trkpt lat="15.0051227957" lon="74.0195240825"><ele>3.98</ele><time>2026-02-18T04:37:15Z</time><extensions><gpxtpx:TrackPointExtension><gpxtpx:cad>0</gpxtpx:cad></gpxtpx:TrackPointExtension></extensions></trkpt><trkpt lat="15.0048681535" lon="74.0198135097"><ele>3.98</ele><time>2026-02-18T04:37:27Z</time><extensions><gpxtpx:TrackPointExtension><gpxtpx:cad>0</gpxtpx:cad></gpxtpx:TrackPointExtension></extensions></trkpt><trkpt lat="15.0043554325" lon="74.0201887675"><ele>4.94</ele><time>2026-02-18T04:37:47Z</time><extensions><gpxtpx:TrackPointExtension><gpxtpx:cad>0</gpxtpx:cad></gpxtpx:TrackPointExtension></extensions></trkpt><trkpt lat="15.0039142929" lon="74.0204450861"><ele>4.46</ele><time>2026-02-18T04:38:03Z</time><extensions><gpxtpx:TrackPointExtension><gpxtpx:cad>0</gpxtpx:cad></gpxtpx:TrackPointExtension></extensions></trkpt><trkpt lat="15.0034206826" lon="74.0206778515"><ele>3.98</ele><time>2026-02-18T04:38:20Z</time><extensions><gpxtpx:TrackPointExtension><gpxtpx:cad>0</gpxtpx:cad></gpxtpx:TrackPointExtension></extensions></trkpt><trkpt lat="15.0028689858" lon="74.0209385287"><ele>4.94</ele><time>2026-02-18T04:38:39Z</time><extensions><gpxtpx:TrackPointExtension><gpxtpx:cad>0</gpxtpx:cad></gpxtpx:TrackPointExtension></extensions></trkpt><trkpt lat="15.0023417640" lon="74.0209864732"><ele>4.94</ele><time>2026-02-18T04:38:56Z</time><extensions><gpxtpx:TrackPointExtension><gpxtpx:cad>0</gpxtpx:cad></gpxtpx:TrackPointExtension></extensions></trkpt><trkpt lat="15.0018815976" lon="74.0209301468"><ele>4.94</ele><time>2026-02-18T04:39:11Z</time><extensions><gpxtpx:TrackPointExtension><gpxtpx:cad>0</gpxtpx:cad></gpxtpx:TrackPointExtension></extensions></trkpt><trkpt lat="15.0014182460" lon="74.0210609045"><ele>4.46</ele><time>2026-02-18T04:39:26Z</time><extensions><gpxtpx:TrackPointExtension><gpxtpx:cad>0</gpxtpx:cad></gpxtpx:TrackPointExtension></extensions></trkpt><trkpt lat="15.0008900184" lon="74.0211716294"><ele>4.46</ele><time>2026-02-18T04:39:43Z</time><extensions><gpxtpx:TrackPointExtension><gpxtpx:cad>0</gpxtpx:cad></gpxtpx:TrackPointExtension></extensions></trkpt><trkpt lat="15.0002966635" lon="74.0212720446"><ele>3.98</ele><time>2026-02-18T04:40:02Z</time><extensions><gpxtpx:TrackPointExtension><gpxtpx:cad>0</gpxtpx:cad></gpxtpx:TrackPointExtension></extensions></trkpt><trkpt lat="14.9996937532" lon="74.0215046424"><ele>4.46</ele><time>2026-02-18T04:40:22Z</time><extensions><gpxtpx:TrackPointExtension><gpxtpx:cad>0</gpxtpx:cad></gpxtpx:TrackPointExtension></extensions></trkpt><trkpt lat="14.9991844688" lon="74.0216989350"><ele>4.94</ele><time>2026-02-18T04:40:39Z</time><extensions><gpxtpx:TrackPointExtension><gpxtpx:cad>0</gpxtpx:cad></gpxtpx:TrackPointExtension></extensions></trkpt><trkpt lat="14.9986554030" lon="74.0217742044"><ele>5.42</ele><time>2026-02-18T04:40:56Z</time><extensions><gpxtpx:TrackPointExtension><gpxtpx:cad>0</gpxtpx:cad></gpxtpx:TrackPointExtension></extensions></trkpt><trkpt lat="14.9982042890" lon="74.0215122700"><ele>5.91</ele><time>2026-02-18T04:41:12Z</time><extensions><gpxtpx:TrackPointExtension><gpxtpx:cad>0</gpxtpx:cad></gpxtpx:TrackPointExtension></extensions></trkpt><trkpt lat="14.9976034742" lon="74.0211747307"><ele>4.94</ele><time>2026-02-18T04:41:33Z</time><extensions><gpxtpx:TrackPointExtension><gpxtpx:cad>0</gpxtpx:cad></gpxtpx:TrackPointExtension></extensions></trkpt><trkpt lat="14.9969796930" lon="74.0209801029"><ele>4.94</ele><time>2026-02-18T04:41:53Z</time><extensions><gpxtpx:TrackPointExtension><gpxtpx:cad>0</gpxtpx:cad></gpxtpx:TrackPointExtension></extensions></trkpt><trkpt lat="14.9963345379" lon="74.0207661968"><ele>4.46</ele><time>2026-02-18T04:42:14Z</time><extensions><gpxtpx:TrackPointExtension><gpxtpx:cad>0</gpxtpx:cad></gpxtpx:TrackPointExtension></extensions></trkpt><trkpt lat="14.9959068093" lon="74.0205548890"><ele>4.46</ele><time>2026-02-18T04:42:28Z</time><extensions><gpxtpx:TrackPointExtension><gpxtpx:cad>0</gpxtpx:cad></gpxtpx:TrackPointExtension></extensions></trkpt><trkpt lat="14.9954443797" lon="74.0202621091"><ele>4.94</ele><time>2026-02-18T04:42:45Z</time><extensions><gpxtpx:TrackPointExtension><gpxtpx:cad>0</gpxtpx:cad></gpxtpx:TrackPointExtension></extensions></trkpt><trkpt lat="14.9949449860" lon="74.0199568402"><ele>3.98</ele><time>2026-02-18T04:43:03Z</time><extensions><gpxtpx:TrackPointExtension><gpxtpx:cad>0</gpxtpx:cad></gpxtpx:TrackPointExtension></extensions></trkpt><trkpt lat="14.9945694767" lon="74.0196405910"><ele>4.46</ele><time>2026-02-18T04:43:18Z</time><extensions><gpxtpx:TrackPointExtension><gpxtpx:cad>0</gpxtpx:cad></gpxtpx:TrackPointExtension></extensions></trkpt><trkpt lat="14.9941579252" lon="74.0193731245"><ele>4.94</ele><time>2026-02-18T04:43:33Z</time><extensions><gpxtpx:TrackPointExtension><gpxtpx:cad>0</gpxtpx:cad></gpxtpx:TrackPointExtension></extensions></trkpt><trkpt lat="14.9937601201" lon="74.0191670973"><ele>3.98</ele><time>2026-02-18T04:43:47Z</time><extensions><gpxtpx:TrackPointExtension><gpxtpx:cad>0</gpxtpx:cad></gpxtpx:TrackPointExtension></extensions></trkpt><trkpt lat="14.9932627380" lon="74.0190196596"><ele>4.94</ele><time>2026-02-18T04:44:03Z</time><extensions><gpxtpx:TrackPointExtension><gpxtpx:cad>0</gpxtpx:cad></gpxtpx:TrackPointExtension></extensions></trkpt><trkpt lat="14.9927951116" lon="74.0189065877"><ele>5.42</ele><time>2026-02-18T04:44:18Z</time><extensions><gpxtpx:TrackPointExtension><gpxtpx:cad>0</gpxtpx:cad></gpxtpx:TrackPointExtension></extensions></trkpt><trkpt lat="14.9922155030" lon="74.0189216752"><ele>5.42</ele><time>2026-02-18T04:44:36Z</time><extensions><gpxtpx:TrackPointExtension><gpxtpx:cad>0</gpxtpx:cad></gpxtpx:TrackPointExtension></extensions></trkpt><trkpt lat="14.9917283468" lon="74.0188150574"><ele>5.42</ele><time>2026-02-18T04:44:52Z</time><extensions><gpxtpx:TrackPointExtension><gpxtpx:cad>0</gpxtpx:cad></gpxtpx:TrackPointExtension></extensions></trkpt><trkpt lat="14.9912331440" lon="74.0186388697"><ele>5.42</ele><time>2026-02-18T04:45:08Z</time><extensions><gpxtpx:TrackPointExtension><gpxtpx:cad>0</gpxtpx:cad></gpxtpx:TrackPointExtension></extensions></trkpt><trkpt lat="14.9906926788" lon="74.0185366943"><ele>5.42</ele><time>2026-02-18T04:45:25Z</time><extensions><gpxtpx:TrackPointExtension><gpxtpx:cad>0</gpxtpx:cad></gpxtpx:TrackPointExtension></extensions></trkpt><trkpt lat="14.9901319295" lon="74.0185724013"><ele>4.94</ele><time>2026-02-18T04:45:43Z</time><extensions><gpxtpx:TrackPointExtension><gpxtpx:cad>0</gpxtpx:cad></gpxtpx:TrackPointExtension></extensions></trkpt><trkpt lat="14.9899523892" lon="74.0189407859"><ele>4.46</ele><time>2026-02-18T04:45:57Z</time><extensions><gpxtpx:TrackPointExtension><gpxtpx:cad>0</gpxtpx:cad></gpxtpx:TrackPointExtension></extensions></trkpt><trkpt lat="14.9897804763" lon="74.0193245932"><ele>3.98</ele><time>2026-02-18T04:46:11Z</time><extensions><gpxtpx:TrackPointExtension><gpxtpx:cad>0</gpxtpx:cad></gpxtpx:TrackPointExtension></extensions></trkpt><trkpt lat="14.9895749521" lon="74.0197369829"><ele>3.50</ele><time>2026-02-18T04:46:25Z</time><extensions><gpxtpx:TrackPointExtension><gpxtpx:cad>0</gpxtpx:cad></gpxtpx:TrackPointExtension></extensions></trkpt><trkpt lat="14.9893411808" lon="74.0201077983"><ele>3.02</ele><time>2026-02-18T04:46:39Z</time><extensions><gpxtpx:TrackPointExtension><gpxtpx:cad>0</gpxtpx:cad></gpxtpx:TrackPointExtension></extensions></trkpt><trkpt lat="14.9890779890" lon="74.0204950422"><ele>3.50</ele><time>2026-02-18T04:46:53Z</time><extensions><gpxtpx:TrackPointExtension><gpxtpx:cad>0</gpxtpx:cad></gpxtpx:TrackPointExtension></extensions></trkpt><trkpt lat="14.9888281245" lon="74.0208315756"><ele>3.98</ele><time>2026-02-18T04:47:06Z</time><extensions><gpxtpx:TrackPointExtension><gpxtpx:cad>0</gpxtpx:cad></gpxtpx:TrackPointExtension></extensions></trkpt><trkpt lat="14.9885257892" lon="74.0212257765"><ele>3.50</ele><time>2026-02-18T04:47:21Z</time><extensions><gpxtpx:TrackPointExtension><gpxtpx:cad>0</gpxtpx:cad></gpxtpx:TrackPointExtension></extensions></trkpt><trkpt lat="14.9881942011" lon="74.0215732902"><ele>3.50</ele><time>2026-02-18T04:47:36Z</time><extensions><gpxtpx:TrackPointExtension><gpxtpx:cad>0</gpxtpx:cad></gpxtpx:TrackPointExtension></extensions></trkpt><trkpt lat="14.9878155068" lon="74.0220483765"><ele>3.98</ele><time>2026-02-18T04:47:55Z</time><extensions><gpxtpx:TrackPointExtension><gpxtpx:cad>0</gpxtpx:cad></gpxtpx:TrackPointExtension></extensions></trkpt><trkpt lat="14.9875023589" lon="74.0224300884"><ele>3.98</ele><time>2026-02-18T04:48:10Z</time><extensions><gpxtpx:TrackPointExtension><gpxtpx:cad>0</gpxtpx:cad></gpxtpx:TrackPointExtension></extensions></trkpt><trkpt lat="14.9872156978" lon="74.0228979662"><ele>3.50</ele><time>2026-02-18T04:48:27Z</time><extensions><gpxtpx:TrackPointExtension><gpxtpx:cad>0</gpxtpx:cad></gpxtpx:TrackPointExtension></extensions></trkpt><trkpt lat="14.9869708624" lon="74.0233083442"><ele>3.02</ele><time>2026-02-18T04:48:42Z</time><extensions><gpxtpx:TrackPointExtension><gpxtpx:cad>0</gpxtpx:cad></gpxtpx:TrackPointExtension></extensions></trkpt><trkpt lat="14.9867680203" lon="74.0237670019"><ele>3.02</ele><time>2026-02-18T04:48:57Z</time><extensions><gpxtpx:TrackPointExtension><gpxtpx:cad>0</gpxtpx:cad></gpxtpx:TrackPointExtension></extensions></trkpt><trkpt lat="14.9865565449" lon="74.0241020266"><ele>3.02</ele><time>2026-02-18T04:49:09Z</time><extensions><gpxtpx:TrackPointExtension><gpxtpx:cad>0</gpxtpx:cad></gpxtpx:TrackPointExtension></extensions></trkpt><trkpt lat="14.9862696324" lon="74.0245734248"><ele>3.98</ele><time>2026-02-18T04:49:26Z</time><extensions><gpxtpx:TrackPointExtension><gpxtpx:cad>0</gpxtpx:cad></gpxtpx:TrackPointExtension></extensions></trkpt><trkpt lat="14.9860650301" lon="74.0249758400"><ele>3.98</ele><time>2026-02-18T04:49:40Z</time><extensions><gpxtpx:TrackPointExtension><gpxtpx:cad>0</gpxtpx:cad></gpxtpx:TrackPointExtension></extensions></trkpt><trkpt lat="14.9858440831" lon="74.0253767464"><ele>3.98</ele><time>2026-02-18T04:49:54Z</time><extensions><gpxtpx:TrackPointExtension><gpxtpx:cad>0</gpxtpx:cad></gpxtpx:TrackPointExtension></extensions></trkpt><trkpt lat="14.9855567515" lon="74.0258858632"><ele>4.46</ele><time>2026-02-18T04:50:12Z</time><extensions><gpxtpx:TrackPointExtension><gpxtpx:cad>0</gpxtpx:cad></gpxtpx:TrackPointExtension></extensions></trkpt><trkpt lat="14.9853515625" lon="74.0263231471"><ele>3.98</ele><time>2026-02-18T04:50:27Z</time><extensions><gpxtpx:TrackPointExtension><gpxtpx:cad>0</gpxtpx:cad></gpxtpx:TrackPointExtension></extensions></trkpt><trkpt lat="14.9851377402" lon="74.0268186014"><ele>4.46</ele><time>2026-02-18T04:50:44Z</time><extensions><gpxtpx:TrackPointExtension><gpxtpx:cad>0</gpxtpx:cad></gpxtpx:TrackPointExtension></extensions></trkpt><trkpt lat="14.9848431163" lon="74.0273348428"><ele>3.98</ele><time>2026-02-18T04:51:02Z</time><extensions><gpxtpx:TrackPointExtension><gpxtpx:cad>0</gpxtpx:cad></gpxtpx:TrackPointExtension></extensions></trkpt><trkpt lat="14.9845370091" lon="74.0277556982"><ele>3.98</ele><time>2026-02-18T04:51:18Z</time><extensions><gpxtpx:TrackPointExtension><gpxtpx:cad>0</gpxtpx:cad></gpxtpx:TrackPointExtension></extensions></trkpt><trkpt lat="14.9841996375" lon="74.0281874500"><ele>3.98</ele><time>2026-02-18T04:51:35Z</time><extensions><gpxtpx:TrackPointExtension><gpxtpx:cad>0</gpxtpx:cad></gpxtpx:TrackPointExtension></extensions></trkpt><trkpt lat="14.9838600866" lon="74.0285736881"><ele>3.50</ele><time>2026-02-18T04:51:51Z</time><extensions><gpxtpx:TrackPointExtension><gpxtpx:cad>0</gpxtpx:cad></gpxtpx:TrackPointExtension></extensions></trkpt><trkpt lat="14.9834903609" lon="74.0289307572"><ele>3.50</ele><time>2026-02-18T04:52:07Z</time><extensions><gpxtpx:TrackPointExtension><gpxtpx:cad>0</gpxtpx:cad></gpxtpx:TrackPointExtension></extensions></trkpt><trkpt lat="14.9831151031" lon="74.0293796081"><ele>3.50</ele><time>2026-02-18T04:52:25Z</time><extensions><gpxtpx:TrackPointExtension><gpxtpx:cad>0</gpxtpx:cad></gpxtpx:TrackPointExtension></extensions></trkpt><trkpt lat="14.9826432019" lon="74.0298624057"><ele>3.02</ele><time>2026-02-18T04:52:46Z</time><extensions><gpxtpx:TrackPointExtension><gpxtpx:cad>0</gpxtpx:cad></gpxtpx:TrackPointExtension></extensions></trkpt><trkpt lat="14.9821259547" lon="74.0303848498"><ele>3.02</ele><time>2026-02-18T04:53:09Z</time><extensions><gpxtpx:TrackPointExtension><gpxtpx:cad>0</gpxtpx:cad></gpxtpx:TrackPointExtension></extensions></trkpt><trkpt lat="14.9817794468" lon="74.0308704972"><ele>2.54</ele><time>2026-02-18T04:53:28Z</time><extensions><gpxtpx:TrackPointExtension><gpxtpx:cad>0</gpxtpx:cad></gpxtpx:TrackPointExtension></extensions></trkpt><trkpt lat="14.9815821368" lon="74.0313179232"><ele>3.50</ele><time>2026-02-18T04:53:43Z</time><extensions><gpxtpx:TrackPointExtension><gpxtpx:cad>0</gpxtpx:cad></gpxtpx:TrackPointExtension></extensions></trkpt><trkpt lat="14.9813557416" lon="74.0316639282"><ele>3.50</ele><time>2026-02-18T04:53:56Z</time><extensions><gpxtpx:TrackPointExtension><gpxtpx:cad>0</gpxtpx:cad></gpxtpx:TrackPointExtension></extensions></trkpt><trkpt lat="14.9811637122" lon="74.0320524294"><ele>4.46</ele><time>2026-02-18T04:54:09Z</time><extensions><gpxtpx:TrackPointExtension><gpxtpx:cad>0</gpxtpx:cad></gpxtpx:TrackPointExtension></extensions></trkpt><trkpt lat="14.9809907936" lon="74.0324364044"><ele>4.46</ele><time>2026-02-18T04:54:22Z</time><extensions><gpxtpx:TrackPointExtension><gpxtpx:cad>0</gpxtpx:cad></gpxtpx:TrackPointExtension></extensions></trkpt><trkpt lat="14.9808395002" lon="74.0327891149"><ele>4.94</ele><time>2026-02-18T04:54:34Z</time><extensions><gpxtpx:TrackPointExtension><gpxtpx:cad>0</gpxtpx:cad></gpxtpx:TrackPointExtension></extensions></trkpt><trkpt lat="14.9806056451" lon="74.0332474373"><ele>4.46</ele><time>2026-02-18T04:54:50Z</time><extensions><gpxtpx:TrackPointExtension><gpxtpx:cad>0</gpxtpx:cad></gpxtpx:TrackPointExtension></extensions></trkpt><trkpt lat="14.9804123584" lon="74.0337102022"><ele>3.98</ele><time>2026-02-18T04:55:06Z</time><extensions><gpxtpx:TrackPointExtension><gpxtpx:cad>0</gpxtpx:cad></gpxtpx:TrackPointExtension></extensions></trkpt><trkpt lat="14.9802853726" lon="74.0342163853"><ele>3.50</ele><time>2026-02-18T04:55:22Z</time><extensions><gpxtpx:TrackPointExtension><gpxtpx:cad>0</gpxtpx:cad></gpxtpx:TrackPointExtension></extensions></trkpt><trkpt lat="14.9800854642" lon="74.0347367339"><ele>3.02</ele><time>2026-02-18T04:55:39Z</time><extensions><gpxtpx:TrackPointExtension><gpxtpx:cad>0</gpxtpx:cad></gpxtpx:TrackPointExtension></extensions></trkpt><trkpt lat="14.9799086060" lon="74.0351394843"><ele>2.54</ele><time>2026-02-18T04:55:53Z</time><extensions><gpxtpx:TrackPointExtension><gpxtpx:cad>0</gpxtpx:cad></gpxtpx:TrackPointExtension></extensions></trkpt><trkpt lat="14.9796281476" lon="74.0357675403"><ele>2.54</ele><time>2026-02-18T04:56:14Z</time><extensions><gpxtpx:TrackPointExtension><gpxtpx:cad>0</gpxtpx:cad></gpxtpx:TrackPointExtension></extensions></trkpt><trkpt lat="14.9792663846" lon="74.0364485700"><ele>2.54</ele><time>2026-02-18T04:56:38Z</time><extensions><gpxtpx:TrackPointExtension><gpxtpx:cad>0</gpxtpx:cad></gpxtpx:TrackPointExtension></extensions></trkpt><trkpt lat="14.9789078068" lon="74.0369372349"><ele>3.50</ele><time>2026-02-18T04:56:57Z</time><extensions><gpxtpx:TrackPointExtension><gpxtpx:cad>0</gpxtpx:cad></gpxtpx:TrackPointExtension></extensions></trkpt><trkpt lat="14.9785001110" lon="74.0373751055"><ele>3.02</ele><time>2026-02-18T04:57:16Z</time><extensions><gpxtpx:TrackPointExtension><gpxtpx:cad>0</gpxtpx:cad></gpxtpx:TrackPointExtension></extensions></trkpt><trkpt lat="14.9781821854" lon="74.0379066020"><ele>3.50</ele><time>2026-02-18T04:57:35Z</time><extensions><gpxtpx:TrackPointExtension><gpxtpx:cad>0</gpxtpx:cad></gpxtpx:TrackPointExtension></extensions></trkpt><trkpt lat="14.9778241105" lon="74.0384074207"><ele>2.06</ele><time>2026-02-18T04:57:54Z</time><extensions><gpxtpx:TrackPointExtension><gpxtpx:cad>0</gpxtpx:cad></gpxtpx:TrackPointExtension></extensions></trkpt><trkpt lat="14.9773750082" lon="74.0389003605"><ele>2.54</ele><time>2026-02-18T04:58:15Z</time><extensions><gpxtpx:TrackPointExtension><gpxtpx:cad>0</gpxtpx:cad></gpxtpx:TrackPointExtension></extensions></trkpt><trkpt lat="14.9769207928" lon="74.0392918792"><ele>3.02</ele><time>2026-02-18T04:58:34Z</time><extensions><gpxtpx:TrackPointExtension><gpxtpx:cad>0</gpxtpx:cad></gpxtpx:TrackPointExtension></extensions></trkpt><trkpt lat="14.9764726963" lon="74.0393896960"><ele>3.98</ele><time>2026-02-18T04:58:49Z</time><extensions><gpxtpx:TrackPointExtension><gpxtpx:cad>0</gpxtpx:cad></gpxtpx:TrackPointExtension></extensions></trkpt><trkpt lat="14.9759174790" lon="74.0393057093"><ele>3.98</ele><time>2026-02-18T04:59:07Z</time><extensions><gpxtpx:TrackPointExtension><gpxtpx:cad>0</gpxtpx:cad></gpxtpx:TrackPointExtension></extensions></trkpt><trkpt lat="14.9753403012" lon="74.0391601156"><ele>3.98</ele><time>2026-02-18T04:59:26Z</time><extensions><gpxtpx:TrackPointExtension><gpxtpx:cad>0</gpxtpx:cad></gpxtpx:TrackPointExtension></extensions></trkpt><trkpt lat="14.9748409912" lon="74.0388535056"><ele>3.02</ele><time>2026-02-18T04:59:44Z</time><extensions><gpxtpx:TrackPointExtension><gpxtpx:cad>0</gpxtpx:cad></gpxtpx:TrackPointExtension></extensions></trkpt><trkpt lat="14.9743153621" lon="74.0384695306"><ele>3.02</ele><time>2026-02-18T05:00:04Z</time><extensions><gpxtpx:TrackPointExtension><gpxtpx:cad>0</gpxtpx:cad></gpxtpx:TrackPointExtension></extensions></trkpt><trkpt lat="14.9737764057" lon="74.0380918421"><ele>2.06</ele><time>2026-02-18T05:00:24Z</time><extensions><gpxtpx:TrackPointExtension><gpxtpx:cad>0</gpxtpx:cad></gpxtpx:TrackPointExtension></extensions></trkpt><trkpt lat="14.9733727332" lon="74.0376944561"><ele>2.06</ele><time>2026-02-18T05:00:41Z</time><extensions><gpxtpx:TrackPointExtension><gpxtpx:cad>0</gpxtpx:cad></gpxtpx:TrackPointExtension></extensions></trkpt><trkpt lat="14.9729348626" lon="74.0373076312"><ele>1.58</ele><time>2026-02-18T05:00:59Z</time><extensions><gpxtpx:TrackPointExtension><gpxtpx:cad>0</gpxtpx:cad></gpxtpx:TrackPointExtension></extensions></trkpt><trkpt lat="14.9723971635" lon="74.0370230656"><ele>1.10</ele><time>2026-02-18T05:01:18Z</time><extensions><gpxtpx:TrackPointExtension><gpxtpx:cad>0</gpxtpx:cad></gpxtpx:TrackPointExtension></extensions></trkpt><trkpt lat="14.9719037209" lon="74.0368959960"><ele>2.54</ele><time>2026-02-18T05:01:34Z</time><extensions><gpxtpx:TrackPointExtension><gpxtpx:cad>0</gpxtpx:cad></gpxtpx:TrackPointExtension></extensions></trkpt><trkpt lat="14.9714403693" lon="74.0366097540"><ele>2.54</ele><time>2026-02-18T05:01:51Z</time><extensions><gpxtpx:TrackPointExtension><gpxtpx:cad>0</gpxtpx:cad></gpxtpx:TrackPointExtension></extensions></trkpt><trkpt lat="14.9709276482" lon="74.0361530241"><ele>2.54</ele><time>2026-02-18T05:02:12Z</time><extensions><gpxtpx:TrackPointExtension><gpxtpx:cad>0</gpxtpx:cad></gpxtpx:TrackPointExtension></extensions></trkpt><trkpt lat="14.9705175217" lon="74.0357737429"><ele>2.54</ele><time>2026-02-18T05:02:29Z</time><extensions><gpxtpx:TrackPointExtension><gpxtpx:cad>0</gpxtpx:cad></gpxtpx:TrackPointExtension></extensions></trkpt><trkpt lat="14.9701177888" lon="74.0353725012"><ele>3.50</ele><time>2026-02-18T05:02:46Z</time><extensions><gpxtpx:TrackPointExtension><gpxtpx:cad>0</gpxtpx:cad></gpxtpx:TrackPointExtension></extensions></trkpt><trkpt lat="14.9697925709" lon="74.0350529831"><ele>3.50</ele><time>2026-02-18T05:03:00Z</time><extensions><gpxtpx:TrackPointExtension><gpxtpx:cad>0</gpxtpx:cad></gpxtpx:TrackPointExtension></extensions></trkpt><trkpt lat="14.9693805166" lon="74.0345824230"><ele>3.98</ele><time>2026-02-18T05:03:19Z</time><extensions><gpxtpx:TrackPointExtension><gpxtpx:cad>0</gpxtpx:cad></gpxtpx:TrackPointExtension></extensions></trkpt><trkpt lat="14.9691065960" lon="74.0342125297"><ele>2.06</ele><time>2026-02-18T05:03:33Z</time><extensions><gpxtpx:TrackPointExtension><gpxtpx:cad>0</gpxtpx:cad></gpxtpx:TrackPointExtension></extensions></trkpt><trkpt lat="14.9688108824" lon="74.0337614994"><ele>3.02</ele><time>2026-02-18T05:03:49Z</time><extensions><gpxtpx:TrackPointExtension><gpxtpx:cad>0</gpxtpx:cad></gpxtpx:TrackPointExtension></extensions></trkpt><trkpt lat="14.9685175158" lon="74.0333216172"><ele>3.02</ele><time>2026-02-18T05:04:05Z</time><extensions><gpxtpx:TrackPointExtension><gpxtpx:cad>0</gpxtpx:cad></gpxtpx:TrackPointExtension></extensions></trkpt><trkpt lat="14.9681702536" lon="74.0331996605"><ele>3.50</ele><time>2026-02-18T05:04:18Z</time><extensions><gpxtpx:TrackPointExtension><gpxtpx:cad>0</gpxtpx:cad></gpxtpx:TrackPointExtension></extensions></trkpt><trkpt lat="14.9675088376" lon="74.0331558231"><ele>3.98</ele><time>2026-02-18T05:04:39Z</time><extensions><gpxtpx:TrackPointExtension><gpxtpx:cad>0</gpxtpx:cad></gpxtpx:TrackPointExtension></extensions></trkpt><trkpt lat="14.9670195859" lon="74.0331824776"><ele>3.02</ele><time>2026-02-18T05:04:55Z</time><extensions><gpxtpx:TrackPointExtension><gpxtpx:cad>0</gpxtpx:cad></gpxtpx:TrackPointExtension></extensions></trkpt><trkpt lat="14.9665305857" lon="74.0332331043"><ele>3.98</ele><time>2026-02-18T05:05:11Z</time><extensions><gpxtpx:TrackPointExtension><gpxtpx:cad>0</gpxtpx:cad></gpxtpx:TrackPointExtension></extensions></trkpt><trkpt lat="14.9660981633" lon="74.0332744271"><ele>4.46</ele><time>2026-02-18T05:05:25Z</time><extensions><gpxtpx:TrackPointExtension><gpxtpx:cad>0</gpxtpx:cad></gpxtpx:TrackPointExtension></extensions></trkpt><trkpt lat="14.9655636493" lon="74.0332378820"><ele>4.46</ele><time>2026-02-18T05:05:42Z</time><extensions><gpxtpx:TrackPointExtension><gpxtpx:cad>0</gpxtpx:cad></gpxtpx:TrackPointExtension></extensions></trkpt><trkpt lat="14.9650447257" lon="74.0332519636"><ele>5.42</ele><time>2026-02-18T05:05:59Z</time><extensions><gpxtpx:TrackPointExtension><gpxtpx:cad>0</gpxtpx:cad></gpxtpx:TrackPointExtension></extensions></trkpt><trkpt lat="14.9645418953" lon="74.0332159214"><ele>4.94</ele><time>2026-02-18T05:06:15Z</time><extensions><gpxtpx:TrackPointExtension><gpxtpx:cad>0</gpxtpx:cad></gpxtpx:TrackPointExtension></extensions></trkpt><trkpt lat="14.9640103150" lon="74.0332307573"><ele>4.46</ele><time>2026-02-18T05:06:32Z</time><extensions><gpxtpx:TrackPointExtension><gpxtpx:cad>0</gpxtpx:cad></gpxtpx:TrackPointExtension></extensions></trkpt><trkpt lat="14.9635037128" lon="74.0332830604"><ele>4.94</ele><time>2026-02-18T05:06:48Z</time><extensions><gpxtpx:TrackPointExtension><gpxtpx:cad>0</gpxtpx:cad></gpxtpx:TrackPointExtension></extensions></trkpt><trkpt lat="14.9629022274" lon="74.0333205275"><ele>5.91</ele><time>2026-02-18T05:07:07Z</time><extensions><gpxtpx:TrackPointExtension><gpxtpx:cad>0</gpxtpx:cad></gpxtpx:TrackPointExtension></extensions></trkpt><trkpt lat="14.9624353554" lon="74.0334772691"><ele>4.94</ele><time>2026-02-18T05:07:23Z</time><extensions><gpxtpx:TrackPointExtension><gpxtpx:cad>0</gpxtpx:cad></gpxtpx:TrackPointExtension></extensions></trkpt><trkpt lat="14.9620316830" lon="74.0337215178"><ele>4.46</ele><time>2026-02-18T05:07:38Z</time><extensions><gpxtpx:TrackPointExtension><gpxtpx:cad>0</gpxtpx:cad></gpxtpx:TrackPointExtension></extensions></trkpt><trkpt lat="14.9616805650" lon="74.0340267867"><ele>3.98</ele><time>2026-02-18T05:07:53Z</time><extensions><gpxtpx:TrackPointExtension><gpxtpx:cad>0</gpxtpx:cad></gpxtpx:TrackPointExtension></extensions></trkpt><trkpt lat="14.9613312911" lon="74.0343962610"><ele>2.06</ele><time>2026-02-18T05:08:09Z</time><extensions><gpxtpx:TrackPointExtension><gpxtpx:cad>0</gpxtpx:cad></gpxtpx:TrackPointExtension></extensions></trkpt><trkpt lat="14.9608694483" lon="74.0348345507"><ele>0.14</ele><time>2026-02-18T05:08:29Z</time><extensions><gpxtpx:TrackPointExtension><gpxtpx:cad>0</gpxtpx:cad></gpxtpx:TrackPointExtension></extensions></trkpt><trkpt lat="14.9604263809" lon="74.0351957269"><ele>-0.34</ele><time>2026-02-18T05:08:47Z</time><extensions><gpxtpx:TrackPointExtension><gpxtpx:cad>0</gpxtpx:cad></gpxtpx:TrackPointExtension></extensions></trkpt><trkpt lat="14.9601094611" lon="74.0355347749"><ele>0.14</ele><time>2026-02-18T05:09:02Z</time><extensions><gpxtpx:TrackPointExtension><gpxtpx:cad>0</gpxtpx:cad></gpxtpx:TrackPointExtension></extensions></trkpt><trkpt lat="14.9597572535" lon="74.0359482542"><ele>-0.82</ele><time>2026-02-18T05:09:19Z</time><extensions><gpxtpx:TrackPointExtension><gpxtpx:cad>0</gpxtpx:cad></gpxtpx:TrackPointExtension></extensions></trkpt><trkpt lat="14.9594920501" lon="74.0363154653"><ele>-1.79</ele><time>2026-02-18T05:09:33Z</time><extensions><gpxtpx:TrackPointExtension><gpxtpx:cad>0</gpxtpx:cad></gpxtpx:TrackPointExtension></extensions></trkpt><trkpt lat="14.9591908045" lon="74.0367417689"><ele>-1.30</ele><time>2026-02-18T05:09:49Z</time><extensions><gpxtpx:TrackPointExtension><gpxtpx:cad>0</gpxtpx:cad></gpxtpx:TrackPointExtension></extensions></trkpt><trkpt lat="14.9588655028" lon="74.0371760353"><ele>1.10</ele><time>2026-02-18T05:10:06Z</time><extensions><gpxtpx:TrackPointExtension><gpxtpx:cad>0</gpxtpx:cad></gpxtpx:TrackPointExtension></extensions></trkpt><trkpt lat="14.9585631676" lon="74.0377628524"><ele>1.58</ele><time>2026-02-18T05:10:26Z</time><extensions><gpxtpx:TrackPointExtension><gpxtpx:cad>0</gpxtpx:cad></gpxtpx:TrackPointExtension></extensions></trkpt><trkpt lat="14.9582107086" lon="74.0383054968"><ele>1.58</ele><time>2026-02-18T05:10:46Z</time><extensions><gpxtpx:TrackPointExtension><gpxtpx:cad>0</gpxtpx:cad></gpxtpx:TrackPointExtension></extensions></trkpt><trkpt lat="14.9579010811" lon="74.0387246758"><ele>2.06</ele><time>2026-02-18T05:11:02Z</time><extensions><gpxtpx:TrackPointExtension><gpxtpx:cad>0</gpxtpx:cad></gpxtpx:TrackPointExtension></extensions></trkpt><trkpt lat="14.9576203711" lon="74.0391198825"><ele>2.06</ele><time>2026-02-18T05:11:17Z</time><extensions><gpxtpx:TrackPointExtension><gpxtpx:cad>0</gpxtpx:cad></gpxtpx:TrackPointExtension></extensions></trkpt><trkpt lat="14.9573552515" lon="74.0396446735"><ele>2.06</ele><time>2026-02-18T05:11:35Z</time><extensions><gpxtpx:TrackPointExtension><gpxtpx:cad>0</gpxtpx:cad></gpxtpx:TrackPointExtension></extensions></trkpt><trkpt lat="14.9570414331" lon="74.0400595777"><ele>2.54</ele><time>2026-02-18T05:11:51Z</time><extensions><gpxtpx:TrackPointExtension><gpxtpx:cad>0</gpxtpx:cad></gpxtpx:TrackPointExtension></extensions></trkpt><trkpt lat="14.9566217512" lon="74.0405990370"><ele>3.02</ele><time>2026-02-18T05:12:12Z</time><extensions><gpxtpx:TrackPointExtension><gpxtpx:cad>0</gpxtpx:cad></gpxtpx:TrackPointExtension></extensions></trkpt><trkpt lat="14.9562516902" lon="74.0412102453"><ele>3.02</ele><time>2026-02-18T05:12:34Z</time><extensions><gpxtpx:TrackPointExtension><gpxtpx:cad>0</gpxtpx:cad></gpxtpx:TrackPointExtension></extensions></trkpt><trkpt lat="14.9558800366" lon="74.0414330363"><ele>3.50</ele><time>2026-02-18T05:12:48Z</time><extensions><gpxtpx:TrackPointExtension><gpxtpx:cad>0</gpxtpx:cad></gpxtpx:TrackPointExtension></extensions></trkpt><trkpt lat="14.9553851690" lon="74.0413190424"><ele>3.50</ele><time>2026-02-18T05:13:04Z</time><extensions><gpxtpx:TrackPointExtension><gpxtpx:cad>0</gpxtpx:cad></gpxtpx:TrackPointExtension></extensions></trkpt><trkpt lat="14.9547867849" lon="74.0411410946"><ele>3.50</ele><time>2026-02-18T05:13:23Z</time><extensions><gpxtpx:TrackPointExtension><gpxtpx:cad>0</gpxtpx:cad></gpxtpx:TrackPointExtension></extensions></trkpt><trkpt lat="14.9542988744" lon="74.0409543458"><ele>3.02</ele><time>2026-02-18T05:13:39Z</time><extensions><gpxtpx:TrackPointExtension><gpxtpx:cad>0</gpxtpx:cad></gpxtpx:TrackPointExtension></extensions></trkpt><trkpt lat="14.9537617620" lon="74.0407005418"><ele>3.50</ele><time>2026-02-18T05:13:57Z</time><extensions><gpxtpx:TrackPointExtension><gpxtpx:cad>0</gpxtpx:cad></gpxtpx:TrackPointExtension></extensions></trkpt><trkpt lat="14.9532728456" lon="74.0404932573"><ele>3.50</ele><time>2026-02-18T05:14:13Z</time><extensions><gpxtpx:TrackPointExtension><gpxtpx:cad>0</gpxtpx:cad></gpxtpx:TrackPointExtension></extensions></trkpt><trkpt lat="14.9527565204" lon="74.0402985457"><ele>3.02</ele><time>2026-02-18T05:14:30Z</time><extensions><gpxtpx:TrackPointExtension><gpxtpx:cad>0</gpxtpx:cad></gpxtpx:TrackPointExtension></extensions></trkpt><trkpt lat="14.9522082601" lon="74.0401035827"><ele>3.02</ele><time>2026-02-18T05:14:48Z</time><extensions><gpxtpx:TrackPointExtension><gpxtpx:cad>0</gpxtpx:cad></gpxtpx:TrackPointExtension></extensions></trkpt><trkpt lat="14.9517744128" lon="74.0397579968"><ele>1.58</ele><time>2026-02-18T05:15:05Z</time><extensions><gpxtpx:TrackPointExtension><gpxtpx:cad>0</gpxtpx:cad></gpxtpx:TrackPointExtension></extensions></trkpt><trkpt lat="14.9514949601" lon="74.0394791309"><ele>2.06</ele><time>2026-02-18T05:15:17Z</time><extensions><gpxtpx:TrackPointExtension><gpxtpx:cad>0</gpxtpx:cad></gpxtpx:TrackPointExtension></extensions></trkpt><trkpt lat="14.9511290062" lon="74.0390956588"><ele>2.06</ele><time>2026-02-18T05:15:33Z</time><extensions><gpxtpx:TrackPointExtension><gpxtpx:cad>0</gpxtpx:cad></gpxtpx:TrackPointExtension></extensions></trkpt><trkpt lat="14.9507019483" lon="74.0386769827"><ele>2.06</ele><time>2026-02-18T05:15:51Z</time><extensions><gpxtpx:TrackPointExtension><gpxtpx:cad>0</gpxtpx:cad></gpxtpx:TrackPointExtension></extensions></trkpt><trkpt lat="14.9502704479" lon="74.0382608213"><ele>1.10</ele><time>2026-02-18T05:16:09Z</time><extensions><gpxtpx:TrackPointExtension><gpxtpx:cad>0</gpxtpx:cad></gpxtpx:TrackPointExtension></extensions></trkpt><trkpt lat="14.9497759156" lon="74.0378672909"><ele>0.62</ele><time>2026-02-18T05:16:28Z</time><extensions><gpxtpx:TrackPointExtension><gpxtpx:cad>0</gpxtpx:cad></gpxtpx:TrackPointExtension></extensions></trkpt><trkpt lat="14.9492512923" lon="74.0375440847"><ele>0.14</ele><time>2026-02-18T05:16:47Z</time><extensions><gpxtpx:TrackPointExtension><gpxtpx:cad>0</gpxtpx:cad></gpxtpx:TrackPointExtension></extensions></trkpt><trkpt lat="14.9487462826" lon="74.0372333676"><ele>1.58</ele><time>2026-02-18T05:17:05Z</time><extensions><gpxtpx:TrackPointExtension><gpxtpx:cad>0</gpxtpx:cad></gpxtpx:TrackPointExtension></extensions></trkpt><trkpt lat="14.9481444620" lon="74.0369132627"><ele>3.50</ele><time>2026-02-18T05:17:26Z</time><extensions><gpxtpx:TrackPointExtension><gpxtpx:cad>0</gpxtpx:cad></gpxtpx:TrackPointExtension></extensions></trkpt><trkpt lat="14.9476660229" lon="74.0366797429"><ele>3.50</ele><time>2026-02-18T05:17:43Z</time><extensions><gpxtpx:TrackPointExtension><gpxtpx:cad>0</gpxtpx:cad></gpxtpx:TrackPointExtension></extensions></trkpt><trkpt lat="14.9471698981" lon="74.0364742186"><ele>3.50</ele><time>2026-02-18T05:18:00Z</time><extensions><gpxtpx:TrackPointExtension><gpxtpx:cad>0</gpxtpx:cad></gpxtpx:TrackPointExtension></extensions></trkpt><trkpt lat="14.9466514774" lon="74.0363370068"><ele>3.02</ele><time>2026-02-18T05:18:17Z</time><extensions><gpxtpx:TrackPointExtension><gpxtpx:cad>0</gpxtpx:cad></gpxtpx:TrackPointExtension></extensions></trkpt><trkpt lat="14.9461151194" lon="74.0360315703"><ele>2.06</ele><time>2026-02-18T05:18:36Z</time><extensions><gpxtpx:TrackPointExtension><gpxtpx:cad>0</gpxtpx:cad></gpxtpx:TrackPointExtension></extensions></trkpt><trkpt lat="14.9455640931" lon="74.0355854016"><ele>2.06</ele><time>2026-02-18T05:18:58Z</time><extensions><gpxtpx:TrackPointExtension><gpxtpx:cad>0</gpxtpx:cad></gpxtpx:TrackPointExtension></extensions></trkpt><trkpt lat="14.9450355303" lon="74.0352253150"><ele>1.58</ele><time>2026-02-18T05:19:18Z</time><extensions><gpxtpx:TrackPointExtension><gpxtpx:cad>0</gpxtpx:cad></gpxtpx:TrackPointExtension></extensions></trkpt><trkpt lat="14.9445831589" lon="74.0348663181"><ele>2.54</ele><time>2026-02-18T05:19:36Z</time><extensions><gpxtpx:TrackPointExtension><gpxtpx:cad>0</gpxtpx:cad></gpxtpx:TrackPointExtension></extensions></trkpt><trkpt lat="14.9440907221" lon="74.0345937386"><ele>3.02</ele><time>2026-02-18T05:19:54Z</time><extensions><gpxtpx:TrackPointExtension><gpxtpx:cad>0</gpxtpx:cad></gpxtpx:TrackPointExtension></extensions></trkpt><trkpt lat="14.9436402787" lon="74.0342898946"><ele>3.02</ele><time>2026-02-18T05:20:11Z</time><extensions><gpxtpx:TrackPointExtension><gpxtpx:cad>0</gpxtpx:cad></gpxtpx:TrackPointExtension></extensions></trkpt><trkpt lat="14.9431365263" lon="74.0340233501"><ele>3.50</ele><time>2026-02-18T05:20:29Z</time><extensions><gpxtpx:TrackPointExtension><gpxtpx:cad>0</gpxtpx:cad></gpxtpx:TrackPointExtension></extensions></trkpt><trkpt lat="14.9426859990" lon="74.0336615033"><ele>3.50</ele><time>2026-02-18T05:20:47Z</time><extensions><gpxtpx:TrackPointExtension><gpxtpx:cad>0</gpxtpx:cad></gpxtpx:TrackPointExtension></extensions></trkpt><trkpt lat="14.9421651475" lon="74.0332647040"><ele>3.02</ele><time>2026-02-18T05:21:08Z</time><extensions><gpxtpx:TrackPointExtension><gpxtpx:cad>0</gpxtpx:cad></gpxtpx:TrackPointExtension></extensions></trkpt><trkpt lat="14.9417219963" lon="74.0329465270"><ele>2.06</ele><time>2026-02-18T05:21:25Z</time><extensions><gpxtpx:TrackPointExtension><gpxtpx:cad>0</gpxtpx:cad></gpxtpx:TrackPointExtension></extensions></trkpt><trkpt lat="14.9412941840" lon="74.0325586125"><ele>2.06</ele><time>2026-02-18T05:21:43Z</time><extensions><gpxtpx:TrackPointExtension><gpxtpx:cad>0</gpxtpx:cad></gpxtpx:TrackPointExtension></extensions></trkpt><trkpt lat="14.9408945348" lon="74.0321356617"><ele>2.54</ele><time>2026-02-18T05:22:01Z</time><extensions><gpxtpx:TrackPointExtension><gpxtpx:cad>0</gpxtpx:cad></gpxtpx:TrackPointExtension></extensions></trkpt><trkpt lat="14.9405172653" lon="74.0316392016"><ele>2.54</ele><time>2026-02-18T05:22:20Z</time><extensions><gpxtpx:TrackPointExtension><gpxtpx:cad>0</gpxtpx:cad></gpxtpx:TrackPointExtension></extensions></trkpt><trkpt lat="14.9402018543" lon="74.0312847309"><ele>3.02</ele><time>2026-02-18T05:22:35Z</time><extensions><gpxtpx:TrackPointExtension><gpxtpx:cad>0</gpxtpx:cad></gpxtpx:TrackPointExtension></extensions></trkpt><trkpt lat="14.9397963379" lon="74.0310540609"><ele>3.98</ele><time>2026-02-18T05:22:50Z</time><extensions><gpxtpx:TrackPointExtension><gpxtpx:cad>0</gpxtpx:cad></gpxtpx:TrackPointExtension></extensions></trkpt><trkpt lat="14.9392803479" lon="74.0307617001"><ele>3.98</ele><time>2026-02-18T05:23:09Z</time><extensions><gpxtpx:TrackPointExtension><gpxtpx:cad>0</gpxtpx:cad></gpxtpx:TrackPointExtension></extensions></trkpt><trkpt lat="14.9388556369" lon="74.0304418467"><ele>3.50</ele><time>2026-02-18T05:23:26Z</time><extensions><gpxtpx:TrackPointExtension><gpxtpx:cad>0</gpxtpx:cad></gpxtpx:TrackPointExtension></extensions></trkpt><trkpt lat="14.9384088814" lon="74.0300872084"><ele>3.02</ele><time>2026-02-18T05:23:44Z</time><extensions><gpxtpx:TrackPointExtension><gpxtpx:cad>0</gpxtpx:cad></gpxtpx:TrackPointExtension></extensions></trkpt><trkpt lat="14.9378949031" lon="74.0298924968"><ele>3.02</ele><time>2026-02-18T05:24:02Z</time><extensions><gpxtpx:TrackPointExtension><gpxtpx:cad>0</gpxtpx:cad></gpxtpx:TrackPointExtension></extensions></trkpt><trkpt lat="14.9374834355" lon="74.0296466555"><ele>3.98</ele><time>2026-02-18T05:24:17Z</time><extensions><gpxtpx:TrackPointExtension><gpxtpx:cad>0</gpxtpx:cad></gpxtpx:TrackPointExtension></extensions></trkpt><trkpt lat="14.9371187389" lon="74.0295315720"><ele>3.02</ele><time>2026-02-18T05:24:31Z</time><extensions><gpxtpx:TrackPointExtension><gpxtpx:cad>0</gpxtpx:cad></gpxtpx:TrackPointExtension></extensions></trkpt><trkpt lat="14.9367552996" lon="74.0297536086"><ele>3.50</ele><time>2026-02-18T05:24:45Z</time><extensions><gpxtpx:TrackPointExtension><gpxtpx:cad>0</gpxtpx:cad></gpxtpx:TrackPointExtension></extensions></trkpt><trkpt lat="14.9364568200" lon="74.0300266072"><ele>2.54</ele><time>2026-02-18T05:24:58Z</time><extensions><gpxtpx:TrackPointExtension><gpxtpx:cad>0</gpxtpx:cad></gpxtpx:TrackPointExtension></extensions></trkpt><trkpt lat="14.9361625314" lon="74.0303853527"><ele>3.02</ele><time>2026-02-18T05:25:12Z</time><extensions><gpxtpx:TrackPointExtension><gpxtpx:cad>0</gpxtpx:cad></gpxtpx:TrackPointExtension></extensions></trkpt><trkpt lat="14.9358574301" lon="74.0306921303"><ele>3.02</ele><time>2026-02-18T05:25:26Z</time><extensions><gpxtpx:TrackPointExtension><gpxtpx:cad>0</gpxtpx:cad></gpxtpx:TrackPointExtension></extensions></trkpt><trkpt lat="14.9354133569" lon="74.0310270712"><ele>3.02</ele><time>2026-02-18T05:25:44Z</time><extensions><gpxtpx:TrackPointExtension><gpxtpx:cad>0</gpxtpx:cad></gpxtpx:TrackPointExtension></extensions></trkpt><trkpt lat="14.9349371810" lon="74.0313704778"><ele>2.54</ele><time>2026-02-18T05:26:03Z</time><extensions><gpxtpx:TrackPointExtension><gpxtpx:cad>0</gpxtpx:cad></gpxtpx:TrackPointExtension></extensions></trkpt><trkpt lat="14.9343674630" lon="74.0318188258"><ele>2.06</ele><time>2026-02-18T05:26:26Z</time><extensions><gpxtpx:TrackPointExtension><gpxtpx:cad>0</gpxtpx:cad></gpxtpx:TrackPointExtension></extensions></trkpt><trkpt lat="14.9338782951" lon="74.0322021302"><ele>0.14</ele><time>2026-02-18T05:26:46Z</time><extensions><gpxtpx:TrackPointExtension><gpxtpx:cad>0</gpxtpx:cad></gpxtpx:TrackPointExtension></extensions></trkpt><trkpt lat="14.9335721880" lon="74.0323842689"><ele>1.10</ele><time>2026-02-18T05:26:57Z</time><extensions><gpxtpx:TrackPointExtension><gpxtpx:cad>0</gpxtpx:cad></gpxtpx:TrackPointExtension></extensions></trkpt><trkpt lat="14.9332813360" lon="74.0327522345"><ele>2.54</ele><time>2026-02-18T05:27:12Z</time><extensions><gpxtpx:TrackPointExtension><gpxtpx:cad>0</gpxtpx:cad></gpxtpx:TrackPointExtension></extensions></trkpt><trkpt lat="14.9329278711" lon="74.0331673902"><ele>2.54</ele><time>2026-02-18T05:27:29Z</time><extensions><gpxtpx:TrackPointExtension><gpxtpx:cad>0</gpxtpx:cad></gpxtpx:TrackPointExtension></extensions></trkpt><trkpt lat="14.9325940199" lon="74.0334913507"><ele>2.06</ele><time>2026-02-18T05:27:44Z</time><extensions><gpxtpx:TrackPointExtension><gpxtpx:cad>0</gpxtpx:cad></gpxtpx:TrackPointExtension></extensions></trkpt><trkpt lat="14.9321554787" lon="74.0338410437"><ele>2.54</ele><time>2026-02-18T05:28:02Z</time><extensions><gpxtpx:TrackPointExtension><gpxtpx:cad>0</gpxtpx:cad></gpxtpx:TrackPointExtension></extensions></trkpt><trkpt lat="14.9317668099" lon="74.0340375993"><ele>3.50</ele><time>2026-02-18T05:28:16Z</time><extensions><gpxtpx:TrackPointExtension><gpxtpx:cad>0</gpxtpx:cad></gpxtpx:TrackPointExtension></extensions></trkpt><trkpt lat="14.9313514028" lon="74.0342027228"><ele>3.98</ele><time>2026-02-18T05:28:30Z</time><extensions><gpxtpx:TrackPointExtension><gpxtpx:cad>0</gpxtpx:cad></gpxtpx:TrackPointExtension></extensions></trkpt><trkpt lat="14.9309852812" lon="74.0344229992"><ele>3.02</ele><time>2026-02-18T05:28:44Z</time><extensions><gpxtpx:TrackPointExtension><gpxtpx:cad>0</gpxtpx:cad></gpxtpx:TrackPointExtension></extensions></trkpt><trkpt lat="14.9305326585" lon="74.0346506517"><ele>3.02</ele><time>2026-02-18T05:29:00Z</time><extensions><gpxtpx:TrackPointExtension><gpxtpx:cad>0</gpxtpx:cad></gpxtpx:TrackPointExtension></extensions></trkpt><trkpt lat="14.9301775172" lon="74.0349039529"><ele>3.50</ele><time>2026-02-18T05:29:14Z</time><extensions><gpxtpx:TrackPointExtension><gpxtpx:cad>0</gpxtpx:cad></gpxtpx:TrackPointExtension></extensions></trkpt><trkpt lat="14.9296978209" lon="74.0352116525"><ele>3.02</ele><time>2026-02-18T05:29:32Z</time><extensions><gpxtpx:TrackPointExtension><gpxtpx:cad>0</gpxtpx:cad></gpxtpx:TrackPointExtension></extensions></trkpt><trkpt lat="14.9292150233" lon="74.0354310069"><ele>2.54</ele><time>2026-02-18T05:29:49Z</time><extensions><gpxtpx:TrackPointExtension><gpxtpx:cad>0</gpxtpx:cad></gpxtpx:TrackPointExtension></extensions></trkpt><trkpt lat="14.9287320580" lon="74.0355302487"><ele>3.02</ele><time>2026-02-18T05:30:05Z</time><extensions><gpxtpx:TrackPointExtension><gpxtpx:cad>0</gpxtpx:cad></gpxtpx:TrackPointExtension></extensions></trkpt><trkpt lat="14.9282439798" lon="74.0356582403"><ele>2.54</ele><time>2026-02-18T05:30:22Z</time><extensions><gpxtpx:TrackPointExtension><gpxtpx:cad>0</gpxtpx:cad></gpxtpx:TrackPointExtension></extensions></trkpt><trkpt lat="14.9277554825" lon="74.0359946061"><ele>3.02</ele><time>2026-02-18T05:30:41Z</time><extensions><gpxtpx:TrackPointExtension><gpxtpx:cad>0</gpxtpx:cad></gpxtpx:TrackPointExtension></extensions></trkpt><trkpt lat="14.9273368903" lon="74.0363257751"><ele>3.50</ele><time>2026-02-18T05:30:58Z</time><extensions><gpxtpx:TrackPointExtension><gpxtpx:cad>0</gpxtpx:cad></gpxtpx:TrackPointExtension></extensions></trkpt><trkpt lat="14.9269017018" lon="74.0366093349"><ele>3.02</ele><time>2026-02-18T05:31:14Z</time><extensions><gpxtpx:TrackPointExtension><gpxtpx:cad>0</gpxtpx:cad></gpxtpx:TrackPointExtension></extensions></trkpt><trkpt lat="14.9264254421" lon="74.0369192138"><ele>3.50</ele><time>2026-02-18T05:31:32Z</time><extensions><gpxtpx:TrackPointExtension><gpxtpx:cad>0</gpxtpx:cad></gpxtpx:TrackPointExtension></extensions></trkpt><trkpt lat="14.9258132279" lon="74.0371839982"><ele>3.50</ele><time>2026-02-18T05:31:53Z</time><extensions><gpxtpx:TrackPointExtension><gpxtpx:cad>0</gpxtpx:cad></gpxtpx:TrackPointExtension></extensions></trkpt><trkpt lat="14.9254146684" lon="74.0373347886"><ele>3.50</ele><time>2026-02-18T05:32:07Z</time><extensions><gpxtpx:TrackPointExtension><gpxtpx:cad>0</gpxtpx:cad></gpxtpx:TrackPointExtension></extensions></trkpt><trkpt lat="14.9249794800" lon="74.0376438294"><ele>3.50</ele><time>2026-02-18T05:32:24Z</time><extensions><gpxtpx:TrackPointExtension><gpxtpx:cad>0</gpxtpx:cad></gpxtpx:TrackPointExtension></extensions></trkpt><trkpt lat="14.9246095866" lon="74.0379879903"><ele>3.02</ele><time>2026-02-18T05:32:40Z</time><extensions><gpxtpx:TrackPointExtension><gpxtpx:cad>0</gpxtpx:cad></gpxtpx:TrackPointExtension></extensions></trkpt><trkpt lat="14.9242581334" lon="74.0383668523"><ele>2.54</ele><time>2026-02-18T05:32:56Z</time><extensions><gpxtpx:TrackPointExtension><gpxtpx:cad>0</gpxtpx:cad></gpxtpx:TrackPointExtension></extensions></trkpt><trkpt lat="14.9239146430" lon="74.0386442095"><ele>2.06</ele><time>2026-02-18T05:33:10Z</time><extensions><gpxtpx:TrackPointExtension><gpxtpx:cad>0</gpxtpx:cad></gpxtpx:TrackPointExtension></extensions></trkpt><trkpt lat="14.9235157482" lon="74.0389754623"><ele>1.58</ele><time>2026-02-18T05:33:26Z</time><extensions><gpxtpx:TrackPointExtension><gpxtpx:cad>0</gpxtpx:cad></gpxtpx:TrackPointExtension></extensions></trkpt><trkpt lat="14.9231013469" lon="74.0392535739"><ele>2.06</ele><time>2026-02-18T05:33:42Z</time><extensions><gpxtpx:TrackPointExtension><gpxtpx:cad>0</gpxtpx:cad></gpxtpx:TrackPointExtension></extensions></trkpt><trkpt lat="14.9227669928" lon="74.0395155083"><ele>2.06</ele><time>2026-02-18T05:33:55Z</time><extensions><gpxtpx:TrackPointExtension><gpxtpx:cad>0</gpxtpx:cad></gpxtpx:TrackPointExtension></extensions></trkpt><trkpt lat="14.9221757334" lon="74.0399812907"><ele>1.58</ele><time>2026-02-18T05:34:18Z</time><extensions><gpxtpx:TrackPointExtension><gpxtpx:cad>0</gpxtpx:cad></gpxtpx:TrackPointExtension></extensions></trkpt><trkpt lat="14.9217359349" lon="74.0402499307"><ele>2.06</ele><time>2026-02-18T05:34:35Z</time><extensions><gpxtpx:TrackPointExtension><gpxtpx:cad>0</gpxtpx:cad></gpxtpx:TrackPointExtension></extensions></trkpt><trkpt lat="14.9212963879" lon="74.0404630825"><ele>2.54</ele><time>2026-02-18T05:34:51Z</time><extensions><gpxtpx:TrackPointExtension><gpxtpx:cad>0</gpxtpx:cad></gpxtpx:TrackPointExtension></extensions></trkpt><trkpt lat="14.9209316913" lon="74.0407301299"><ele>3.98</ele><time>2026-02-18T05:35:05Z</time><extensions><gpxtpx:TrackPointExtension><gpxtpx:cad>0</gpxtpx:cad></gpxtpx:TrackPointExtension></extensions></trkpt><trkpt lat="14.9205172900" lon="74.0407988615"><ele>3.50</ele><time>2026-02-18T05:35:19Z</time><extensions><gpxtpx:TrackPointExtension><gpxtpx:cad>0</gpxtpx:cad></gpxtpx:TrackPointExtension></extensions></trkpt><trkpt lat="14.9202072434" lon="74.0405381005"><ele>3.50</ele><time>2026-02-18T05:35:32Z</time><extensions><gpxtpx:TrackPointExtension><gpxtpx:cad>0</gpxtpx:cad></gpxtpx:TrackPointExtension></extensions></trkpt><trkpt lat="14.9201329798" lon="74.0400911774"><ele>3.98</ele><time>2026-02-18T05:35:46Z</time><extensions><gpxtpx:TrackPointExtension><gpxtpx:cad>0</gpxtpx:cad></gpxtpx:TrackPointExtension></extensions></trkpt><trkpt lat="14.9203659967" lon="74.0397160035"><ele>3.02</ele><time>2026-02-18T05:36:00Z</time><extensions><gpxtpx:TrackPointExtension><gpxtpx:cad>0</gpxtpx:cad></gpxtpx:TrackPointExtension></extensions></trkpt><trkpt lat="14.9207382370" lon="74.0393458586"><ele>2.54</ele><time>2026-02-18T05:36:16Z</time><extensions><gpxtpx:TrackPointExtension><gpxtpx:cad>0</gpxtpx:cad></gpxtpx:TrackPointExtension></extensions></trkpt><trkpt lat="14.9211474415" lon="74.0389773902"><ele>2.06</ele><time>2026-02-18T05:36:33Z</time><extensions><gpxtpx:TrackPointExtension><gpxtpx:cad>0</gpxtpx:cad></gpxtpx:TrackPointExtension></extensions></trkpt><trkpt lat="14.9215350207" lon="74.0386660863"><ele>2.54</ele><time>2026-02-18T05:36:48Z</time><extensions><gpxtpx:TrackPointExtension><gpxtpx:cad>0</gpxtpx:cad></gpxtpx:TrackPointExtension></extensions></trkpt><trkpt lat="14.9219103623" lon="74.0382887330"><ele>3.02</ele><time>2026-02-18T05:37:04Z</time><extensions><gpxtpx:TrackPointExtension><gpxtpx:cad>0</gpxtpx:cad></gpxtpx:TrackPointExtension></extensions></trkpt><trkpt lat="14.9223445449" lon="74.0379311610"><ele>2.54</ele><time>2026-02-18T05:37:21Z</time><extensions><gpxtpx:TrackPointExtension><gpxtpx:cad>0</gpxtpx:cad></gpxtpx:TrackPointExtension></extensions></trkpt><trkpt lat="14.9226714391" lon="74.0375186875"><ele>3.02</ele><time>2026-02-18T05:37:37Z</time><extensions><gpxtpx:TrackPointExtension><gpxtpx:cad>0</gpxtpx:cad></gpxtpx:TrackPointExtension></extensions></trkpt><trkpt lat="14.9229471199" lon="74.0370436851"><ele>3.02</ele><time>2026-02-18T05:37:54Z</time><extensions><gpxtpx:TrackPointExtension><gpxtpx:cad>0</gpxtpx:cad></gpxtpx:TrackPointExtension></extensions></trkpt><trkpt lat="14.9231691565" lon="74.0364834387"><ele>2.06</ele><time>2026-02-18T05:38:12Z</time><extensions><gpxtpx:TrackPointExtension><gpxtpx:cad>0</gpxtpx:cad></gpxtpx:TrackPointExtension></extensions></trkpt><trkpt lat="14.9232810549" lon="74.0360397846"><ele>2.06</ele><time>2026-02-18T05:38:26Z</time><extensions><gpxtpx:TrackPointExtension><gpxtpx:cad>0</gpxtpx:cad></gpxtpx:TrackPointExtension></extensions></trkpt><trkpt lat="14.9233146664" lon="74.0355374571"><ele>1.10</ele><time>2026-02-18T05:38:41Z</time><extensions><gpxtpx:TrackPointExtension><gpxtpx:cad>0</gpxtpx:cad></gpxtpx:TrackPointExtension></extensions></trkpt><trkpt lat="14.9233571626" lon="74.0349341277"><ele>2.06</ele><time>2026-02-18T05:38:59Z</time><extensions><gpxtpx:TrackPointExtension><gpxtpx:cad>0</gpxtpx:cad></gpxtpx:TrackPointExtension></extensions></trkpt><trkpt lat="14.9234477710" lon="74.0343945008"><ele>2.54</ele><time>2026-02-18T05:39:15Z</time><extensions><gpxtpx:TrackPointExtension><gpxtpx:cad>0</gpxtpx:cad></gpxtpx:TrackPointExtension></extensions></trkpt><trkpt lat="14.9235607591" lon="74.0338005591"><ele>2.54</ele><time>2026-02-18T05:39:33Z</time><extensions><gpxtpx:TrackPointExtension><gpxtpx:cad>0</gpxtpx:cad></gpxtpx:TrackPointExtension></extensions></trkpt><trkpt lat="14.9237791076" lon="74.0332336910"><ele>3.02</ele><time>2026-02-18T05:39:51Z</time><extensions><gpxtpx:TrackPointExtension><gpxtpx:cad>0</gpxtpx:cad></gpxtpx:TrackPointExtension></extensions></trkpt><trkpt lat="14.9239736516" lon="74.0326968301"><ele>2.54</ele><time>2026-02-18T05:40:08Z</time><extensions><gpxtpx:TrackPointExtension><gpxtpx:cad>0</gpxtpx:cad></gpxtpx:TrackPointExtension></extensions></trkpt><trkpt lat="14.9241585564" lon="74.0320842806"><ele>3.02</ele><time>2026-02-18T05:40:27Z</time><extensions><gpxtpx:TrackPointExtension><gpxtpx:cad>0</gpxtpx:cad></gpxtpx:TrackPointExtension></extensions></trkpt><trkpt lat="14.9241289683" lon="74.0315867309"><ele>3.02</ele><time>2026-02-18T05:40:42Z</time><extensions><gpxtpx:TrackPointExtension><gpxtpx:cad>0</gpxtpx:cad></gpxtpx:TrackPointExtension></extensions></trkpt><trkpt lat="14.9242815189" lon="74.0310743451"><ele>3.02</ele><time>2026-02-18T05:40:58Z</time><extensions><gpxtpx:TrackPointExtension><gpxtpx:cad>0</gpxtpx:cad></gpxtpx:TrackPointExtension></extensions></trkpt><trkpt lat="14.9243795872" lon="74.0305811539"><ele>2.54</ele><time>2026-02-18T05:41:13Z</time><extensions><gpxtpx:TrackPointExtension><gpxtpx:cad>0</gpxtpx:cad></gpxtpx:TrackPointExtension></extensions></trkpt><trkpt lat="14.9245732930" lon="74.0299848653"><ele>3.50</ele><time>2026-02-18T05:41:31Z</time><extensions><gpxtpx:TrackPointExtension><gpxtpx:cad>0</gpxtpx:cad></gpxtpx:TrackPointExtension></extensions></trkpt><trkpt lat="14.9247875344" lon="74.0295356791"><ele>3.50</ele><time>2026-02-18T05:41:46Z</time><extensions><gpxtpx:TrackPointExtension><gpxtpx:cad>0</gpxtpx:cad></gpxtpx:TrackPointExtension></extensions></trkpt><trkpt lat="14.9249546696" lon="74.0289899334"><ele>3.98</ele><time>2026-02-18T05:42:03Z</time><extensions><gpxtpx:TrackPointExtension><gpxtpx:cad>0</gpxtpx:cad></gpxtpx:TrackPointExtension></extensions></trkpt><trkpt lat="14.9252671469" lon="74.0288801305"><ele>4.46</ele><time>2026-02-18T05:42:15Z</time><extensions><gpxtpx:TrackPointExtension><gpxtpx:cad>0</gpxtpx:cad></gpxtpx:TrackPointExtension></extensions></trkpt><trkpt lat="14.9255738407" lon="74.0291694738"><ele>3.98</ele><time>2026-02-18T05:42:28Z</time><extensions><gpxtpx:TrackPointExtension><gpxtpx:cad>0</gpxtpx:cad></gpxtpx:TrackPointExtension></extensions></trkpt><trkpt lat="14.9258822948" lon="74.0294624213"><ele>2.06</ele><time>2026-02-18T05:42:41Z</time><extensions><gpxtpx:TrackPointExtension><gpxtpx:cad>0</gpxtpx:cad></gpxtpx:TrackPointExtension></extensions></trkpt><trkpt lat="14.9261471629" lon="74.0297412034"><ele>1.58</ele><time>2026-02-18T05:42:53Z</time><extensions><gpxtpx:TrackPointExtension><gpxtpx:cad>0</gpxtpx:cad></gpxtpx:TrackPointExtension></extensions></trkpt><trkpt lat="14.9265338201" lon="74.0299945883"><ele>1.10</ele><time>2026-02-18T05:43:07Z</time><extensions><gpxtpx:TrackPointExtension><gpxtpx:cad>0</gpxtpx:cad></gpxtpx:TrackPointExtension></extensions></trkpt><trkpt lat="14.9269975070" lon="74.0303125139"><ele>2.06</ele><time>2026-02-18T05:43:24Z</time><extensions><gpxtpx:TrackPointExtension><gpxtpx:cad>0</gpxtpx:cad></gpxtpx:TrackPointExtension></extensions></trkpt><trkpt lat="14.9275051989" lon="74.0305170324"><ele>2.54</ele><time>2026-02-18T05:43:41Z</time><extensions><gpxtpx:TrackPointExtension><gpxtpx:cad>0</gpxtpx:cad></gpxtpx:TrackPointExtension></extensions></trkpt><trkpt lat="14.9280377850" lon="74.0306783840"><ele>3.02</ele><time>2026-02-18T05:43:58Z</time><extensions><gpxtpx:TrackPointExtension><gpxtpx:cad>0</gpxtpx:cad></gpxtpx:TrackPointExtension></extensions></trkpt><trkpt lat="14.9285360053" lon="74.0308583435"><ele>3.02</ele><time>2026-02-18T05:44:14Z</time><extensions><gpxtpx:TrackPointExtension><gpxtpx:cad>0</gpxtpx:cad></gpxtpx:TrackPointExtension></extensions></trkpt><trkpt lat="14.9290403444" lon="74.0310636163"><ele>3.02</ele><time>2026-02-18T05:44:31Z</time><extensions><gpxtpx:TrackPointExtension><gpxtpx:cad>0</gpxtpx:cad></gpxtpx:TrackPointExtension></extensions></trkpt><trkpt lat="14.9294523150" lon="74.0312655363"><ele>2.54</ele><time>2026-02-18T05:44:46Z</time><extensions><gpxtpx:TrackPointExtension><gpxtpx:cad>0</gpxtpx:cad></gpxtpx:TrackPointExtension></extensions></trkpt><trkpt lat="14.9298301712" lon="74.0316476673"><ele>3.02</ele><time>2026-02-18T05:45:02Z</time><extensions><gpxtpx:TrackPointExtension><gpxtpx:cad>0</gpxtpx:cad></gpxtpx:TrackPointExtension></extensions></trkpt><trkpt lat="14.9300957099" lon="74.0319816023"><ele>3.50</ele><time>2026-02-18T05:45:15Z</time><extensions><gpxtpx:TrackPointExtension><gpxtpx:cad>0</gpxtpx:cad></gpxtpx:TrackPointExtension></extensions></trkpt><trkpt lat="14.9302658625" lon="74.0322950017"><ele>3.98</ele><time>2026-02-18T05:45:26Z</time><extensions><gpxtpx:TrackPointExtension><gpxtpx:cad>0</gpxtpx:cad></gpxtpx:TrackPointExtension></extensions></trkpt><trkpt lat="14.9305416271" lon="74.0327489655"><ele>4.94</ele><time>2026-02-18T05:45:42Z</time><extensions><gpxtpx:TrackPointExtension><gpxtpx:cad>0</gpxtpx:cad></gpxtpx:TrackPointExtension></extensions></trkpt><trkpt lat="14.9307628255" lon="74.0331886802"><ele>5.42</ele><time>2026-02-18T05:45:57Z</time><extensions><gpxtpx:TrackPointExtension><gpxtpx:cad>0</gpxtpx:cad></gpxtpx:TrackPointExtension></extensions></trkpt><trkpt lat="14.9310016260" lon="74.0336619224"><ele>5.42</ele><time>2026-02-18T05:46:13Z</time><extensions><gpxtpx:TrackPointExtension><gpxtpx:cad>0</gpxtpx:cad></gpxtpx:TrackPointExtension></extensions></trkpt><trkpt lat="14.9313371535" lon="74.0340716299"><ele>5.42</ele><time>2026-02-18T05:46:29Z</time><extensions><gpxtpx:TrackPointExtension><gpxtpx:cad>0</gpxtpx:cad></gpxtpx:TrackPointExtension></extensions></trkpt><trkpt lat="14.9317062926" lon="74.0345032979"><ele>4.94</ele><time>2026-02-18T05:46:46Z</time><extensions><gpxtpx:TrackPointExtension><gpxtpx:cad>0</gpxtpx:cad></gpxtpx:TrackPointExtension></extensions></trkpt><trkpt lat="14.9321075343" lon="74.0348543320"><ele>3.98</ele><time>2026-02-18T05:47:02Z</time><extensions><gpxtpx:TrackPointExtension><gpxtpx:cad>0</gpxtpx:cad></gpxtpx:TrackPointExtension></extensions></trkpt><trkpt lat="14.9325547926" lon="74.0353040211"><ele>3.50</ele><time>2026-02-18T05:47:21Z</time><extensions><gpxtpx:TrackPointExtension><gpxtpx:cad>0</gpxtpx:cad></gpxtpx:TrackPointExtension></extensions></trkpt><trkpt lat="14.9329687748" lon="74.0357040055"><ele>3.98</ele><time>2026-02-18T05:47:38Z</time><extensions><gpxtpx:TrackPointExtension><gpxtpx:cad>0</gpxtpx:cad></gpxtpx:TrackPointExtension></extensions></trkpt><trkpt lat="14.9333944917" lon="74.0360605717"><ele>3.50</ele><time>2026-02-18T05:47:55Z</time><extensions><gpxtpx:TrackPointExtension><gpxtpx:cad>0</gpxtpx:cad></gpxtpx:TrackPointExtension></extensions></trkpt><trkpt lat="14.9339232221" lon="74.0363556147"><ele>3.98</ele><time>2026-02-18T05:48:13Z</time><extensions><gpxtpx:TrackPointExtension><gpxtpx:cad>0</gpxtpx:cad></gpxtpx:TrackPointExtension></extensions></trkpt><trkpt lat="14.9343549740" lon="74.0367003623"><ele>4.46</ele><time>2026-02-18T05:48:30Z</time><extensions><gpxtpx:TrackPointExtension><gpxtpx:cad>0</gpxtpx:cad></gpxtpx:TrackPointExtension></extensions></trkpt><trkpt lat="14.9346921779" lon="74.0371114109"><ele>5.91</ele><time>2026-02-18T05:48:46Z</time><extensions><gpxtpx:TrackPointExtension><gpxtpx:cad>0</gpxtpx:cad></gpxtpx:TrackPointExtension></extensions></trkpt><trkpt lat="14.9350033980" lon="74.0376327652"><ele>5.42</ele><time>2026-02-18T05:49:04Z</time><extensions><gpxtpx:TrackPointExtension><gpxtpx:cad>0</gpxtpx:cad></gpxtpx:TrackPointExtension></extensions></trkpt><trkpt lat="14.9352943338" lon="74.0382029023"><ele>4.46</ele><time>2026-02-18T05:49:23Z</time><extensions><gpxtpx:TrackPointExtension><gpxtpx:cad>0</gpxtpx:cad></gpxtpx:TrackPointExtension></extensions></trkpt><trkpt lat="14.9356339686" lon="74.0387463011"><ele>3.98</ele><time>2026-02-18T05:49:42Z</time><extensions><gpxtpx:TrackPointExtension><gpxtpx:cad>0</gpxtpx:cad></gpxtpx:TrackPointExtension></extensions></trkpt><trkpt lat="14.9358741939" lon="74.0392628778"><ele>3.98</ele><time>2026-02-18T05:49:59Z</time><extensions><gpxtpx:TrackPointExtension><gpxtpx:cad>0</gpxtpx:cad></gpxtpx:TrackPointExtension></extensions></trkpt><trkpt lat="14.9360457715" lon="74.0397226252"><ele>3.50</ele><time>2026-02-18T05:50:14Z</time><extensions><gpxtpx:TrackPointExtension><gpxtpx:cad>0</gpxtpx:cad></gpxtpx:TrackPointExtension></extensions></trkpt><trkpt lat="14.9363673851" lon="74.0401997231"><ele>2.54</ele><time>2026-02-18T05:50:31Z</time><extensions><gpxtpx:TrackPointExtension><gpxtpx:cad>0</gpxtpx:cad></gpxtpx:TrackPointExtension></extensions></trkpt><trkpt lat="14.9366189260" lon="74.0407103486"><ele>3.02</ele><time>2026-02-18T05:50:48Z</time><extensions><gpxtpx:TrackPointExtension><gpxtpx:cad>0</gpxtpx:cad></gpxtpx:TrackPointExtension></extensions></trkpt><trkpt lat="14.9370148033" lon="74.0410830081"><ele>2.54</ele><time>2026-02-18T05:51:04Z</time><extensions><gpxtpx:TrackPointExtension><gpxtpx:cad>0</gpxtpx:cad></gpxtpx:TrackPointExtension></extensions></trkpt><trkpt lat="14.9374953378" lon="74.0414846689"><ele>3.02</ele><time>2026-02-18T05:51:23Z</time><extensions><gpxtpx:TrackPointExtension><gpxtpx:cad>0</gpxtpx:cad></gpxtpx:TrackPointExtension></extensions></trkpt><trkpt lat="14.9378044624" lon="74.0418315958"><ele>3.98</ele><time>2026-02-18T05:51:37Z</time><extensions><gpxtpx:TrackPointExtension><gpxtpx:cad>0</gpxtpx:cad></gpxtpx:TrackPointExtension></extensions></trkpt><trkpt lat="14.9380137585" lon="74.0422865655"><ele>3.50</ele><time>2026-02-18T05:51:52Z</time><extensions><gpxtpx:TrackPointExtension><gpxtpx:cad>0</gpxtpx:cad></gpxtpx:TrackPointExtension></extensions></trkpt><trkpt lat="14.9381644651" lon="74.0427225083"><ele>3.02</ele><time>2026-02-18T05:52:06Z</time><extensions><gpxtpx:TrackPointExtension><gpxtpx:cad>0</gpxtpx:cad></gpxtpx:TrackPointExtension></extensions></trkpt><trkpt lat="14.9385200255" lon="74.0427448042"><ele>3.50</ele><time>2026-02-18T05:52:18Z</time><extensions><gpxtpx:TrackPointExtension><gpxtpx:cad>0</gpxtpx:cad></gpxtpx:TrackPointExtension></extensions></trkpt><trkpt lat="14.9389424734" lon="74.0424527787"><ele>3.50</ele><time>2026-02-18T05:52:34Z</time><extensions><gpxtpx:TrackPointExtension><gpxtpx:cad>0</gpxtpx:cad></gpxtpx:TrackPointExtension></extensions></trkpt><trkpt lat="14.9393790029" lon="74.0419998206"><ele>4.46</ele><time>2026-02-18T05:52:53Z</time><extensions><gpxtpx:TrackPointExtension><gpxtpx:cad>0</gpxtpx:cad></gpxtpx:TrackPointExtension></extensions></trkpt><trkpt lat="14.9397623911" lon="74.0414988343"><ele>3.98</ele><time>2026-02-18T05:53:12Z</time><extensions><gpxtpx:TrackPointExtension><gpxtpx:cad>0</gpxtpx:cad></gpxtpx:TrackPointExtension></extensions></trkpt><trkpt lat="14.9399897922" lon="74.0411325451"><ele>3.50</ele><time>2026-02-18T05:53:25Z</time><extensions><gpxtpx:TrackPointExtension><gpxtpx:cad>0</gpxtpx:cad></gpxtpx:TrackPointExtension></extensions></trkpt><trkpt lat="14.9401673209" lon="74.0407300461"><ele>3.98</ele><time>2026-02-18T05:53:38Z</time><extensions><gpxtpx:TrackPointExtension><gpxtpx:cad>0</gpxtpx:cad></gpxtpx:TrackPointExtension></extensions></trkpt><trkpt lat="14.9403953087" lon="74.0402306523"><ele>3.50</ele><time>2026-02-18T05:53:55Z</time><extensions><gpxtpx:TrackPointExtension><gpxtpx:cad>0</gpxtpx:cad></gpxtpx:TrackPointExtension></extensions></trkpt><trkpt lat="14.9406977277" lon="74.0397937875"><ele>3.02</ele><time>2026-02-18T05:54:11Z</time><extensions><gpxtpx:TrackPointExtension><gpxtpx:cad>0</gpxtpx:cad></gpxtpx:TrackPointExtension></extensions></trkpt><trkpt lat="14.9410458282" lon="74.0394991636"><ele>3.98</ele><time>2026-02-18T05:54:25Z</time><extensions><gpxtpx:TrackPointExtension><gpxtpx:cad>0</gpxtpx:cad></gpxtpx:TrackPointExtension></extensions></trkpt><trkpt lat="14.9413827807" lon="74.0391482972"><ele>4.46</ele><time>2026-02-18T05:54:40Z</time><extensions><gpxtpx:TrackPointExtension><gpxtpx:cad>0</gpxtpx:cad></gpxtpx:TrackPointExtension></extensions></trkpt><trkpt lat="14.9416320585" lon="74.0388035495"><ele>3.50</ele><time>2026-02-18T05:54:53Z</time><extensions><gpxtpx:TrackPointExtension><gpxtpx:cad>0</gpxtpx:cad></gpxtpx:TrackPointExtension></extensions></trkpt><trkpt lat="14.9418366607" lon="74.0384641662"><ele>2.06</ele><time>2026-02-18T05:55:05Z</time><extensions><gpxtpx:TrackPointExtension><gpxtpx:cad>0</gpxtpx:cad></gpxtpx:TrackPointExtension></extensions></trkpt><trkpt lat="14.9419690110" lon="74.0380515251"><ele>1.10</ele><time>2026-02-18T05:55:18Z</time><extensions><gpxtpx:TrackPointExtension><gpxtpx:cad>0</gpxtpx:cad></gpxtpx:TrackPointExtension></extensions></trkpt><trkpt lat="14.9421659857" lon="74.0376652032"><ele>3.02</ele><time>2026-02-18T05:55:31Z</time><extensions><gpxtpx:TrackPointExtension><gpxtpx:cad>0</gpxtpx:cad></gpxtpx:TrackPointExtension></extensions></trkpt><trkpt lat="14.9425875116" lon="74.0372994170"><ele>3.50</ele><time>2026-02-18T05:55:48Z</time><extensions><gpxtpx:TrackPointExtension><gpxtpx:cad>0</gpxtpx:cad></gpxtpx:TrackPointExtension></extensions></trkpt><trkpt lat="14.9428995699" lon="74.0368732810"><ele>3.98</ele><time>2026-02-18T05:56:04Z</time><extensions><gpxtpx:TrackPointExtension><gpxtpx:cad>0</gpxtpx:cad></gpxtpx:TrackPointExtension></extensions></trkpt><trkpt lat="14.9433203414" lon="74.0363886394"><ele>3.98</ele><time>2026-02-18T05:56:23Z</time><extensions><gpxtpx:TrackPointExtension><gpxtpx:cad>0</gpxtpx:cad></gpxtpx:TrackPointExtension></extensions></trkpt><trkpt lat="14.9437548593" lon="74.0360716358"><ele>3.98</ele><time>2026-02-18T05:56:39Z</time><extensions><gpxtpx:TrackPointExtension><gpxtpx:cad>0</gpxtpx:cad></gpxtpx:TrackPointExtension></extensions></trkpt><trkpt lat="14.9440879561" lon="74.0356504451"><ele>3.02</ele><time>2026-02-18T05:56:55Z</time><extensions><gpxtpx:TrackPointExtension><gpxtpx:cad>0</gpxtpx:cad></gpxtpx:TrackPointExtension></extensions></trkpt><trkpt lat="14.9444897845" lon="74.0352809709"><ele>4.46</ele><time>2026-02-18T05:57:12Z</time><extensions><gpxtpx:TrackPointExtension><gpxtpx:cad>0</gpxtpx:cad></gpxtpx:TrackPointExtension></extensions></trkpt><trkpt lat="14.9448310956" lon="74.0354186855"><ele>4.46</ele><time>2026-02-18T05:57:24Z</time><extensions><gpxtpx:TrackPointExtension><gpxtpx:cad>0</gpxtpx:cad></gpxtpx:TrackPointExtension></extensions></trkpt><trkpt lat="14.9452597462" lon="74.0356084518"><ele>4.46</ele><time>2026-02-18T05:57:38Z</time><extensions><gpxtpx:TrackPointExtension><gpxtpx:cad>0</gpxtpx:cad></gpxtpx:TrackPointExtension></extensions></trkpt><trkpt lat="14.9458120298" lon="74.0359238628"><ele>3.98</ele><time>2026-02-18T05:57:57Z</time><extensions><gpxtpx:TrackPointExtension><gpxtpx:cad>0</gpxtpx:cad></gpxtpx:TrackPointExtension></extensions></trkpt><trkpt lat="14.9463091604" lon="74.0361729730"><ele>3.50</ele><time>2026-02-18T05:58:14Z</time><extensions><gpxtpx:TrackPointExtension><gpxtpx:cad>0</gpxtpx:cad></gpxtpx:TrackPointExtension></extensions></trkpt><trkpt lat="14.9468810577" lon="74.0363868792"><ele>3.98</ele><time>2026-02-18T05:58:32Z</time><extensions><gpxtpx:TrackPointExtension><gpxtpx:cad>0</gpxtpx:cad></gpxtpx:TrackPointExtension></extensions></trkpt><trkpt lat="14.9472970515" lon="74.0366407670"><ele>3.98</ele><time>2026-02-18T05:58:47Z</time><extensions><gpxtpx:TrackPointExtension><gpxtpx:cad>0</gpxtpx:cad></gpxtpx:TrackPointExtension></extensions></trkpt><trkpt lat="14.9477096088" lon="74.0369831678"><ele>3.98</ele><time>2026-02-18T05:59:03Z</time><extensions><gpxtpx:TrackPointExtension><gpxtpx:cad>0</gpxtpx:cad></gpxtpx:TrackPointExtension></extensions></trkpt><trkpt lat="14.9482703581" lon="74.0373350400"><ele>3.98</ele><time>2026-02-18T05:59:23Z</time><extensions><gpxtpx:TrackPointExtension><gpxtpx:cad>0</gpxtpx:cad></gpxtpx:TrackPointExtension></extensions></trkpt><trkpt lat="14.9486570153" lon="74.0376949590"><ele>3.50</ele><time>2026-02-18T05:59:39Z</time><extensions><gpxtpx:TrackPointExtension><gpxtpx:cad>0</gpxtpx:cad></gpxtpx:TrackPointExtension></extensions></trkpt><trkpt lat="14.9490979873" lon="74.0381585620"><ele>3.02</ele><time>2026-02-18T05:59:58Z</time><extensions><gpxtpx:TrackPointExtension><gpxtpx:cad>0</gpxtpx:cad></gpxtpx:TrackPointExtension></extensions></trkpt><trkpt lat="14.9495310802" lon="74.0385081712"><ele>2.54</ele><time>2026-02-18T06:00:15Z</time><extensions><gpxtpx:TrackPointExtension><gpxtpx:cad>0</gpxtpx:cad></gpxtpx:TrackPointExtension></extensions></trkpt><trkpt lat="14.9500184879" lon="74.0387665853"><ele>3.02</ele><time>2026-02-18T06:00:32Z</time><extensions><gpxtpx:TrackPointExtension><gpxtpx:cad>0</gpxtpx:cad></gpxtpx:TrackPointExtension></extensions></trkpt><trkpt lat="14.9503423646" lon="74.0390636399"><ele>3.98</ele><time>2026-02-18T06:00:46Z</time><extensions><gpxtpx:TrackPointExtension><gpxtpx:cad>0</gpxtpx:cad></gpxtpx:TrackPointExtension></extensions></trkpt><trkpt lat="14.9506379943" lon="74.0395702422"><ele>5.91</ele><time>2026-02-18T06:01:04Z</time><extensions><gpxtpx:TrackPointExtension><gpxtpx:cad>0</gpxtpx:cad></gpxtpx:TrackPointExtension></extensions></trkpt><trkpt lat="14.9510705844" lon="74.0399366152"><ele>5.42</ele><time>2026-02-18T06:01:21Z</time><extensions><gpxtpx:TrackPointExtension><gpxtpx:cad>0</gpxtpx:cad></gpxtpx:TrackPointExtension></extensions></trkpt><trkpt lat="14.9515848141" lon="74.0401515272"><ele>4.46</ele><time>2026-02-18T06:01:38Z</time><extensions><gpxtpx:TrackPointExtension><gpxtpx:cad>0</gpxtpx:cad></gpxtpx:TrackPointExtension></extensions></trkpt><trkpt lat="14.9521047436" lon="74.0404078458"><ele>4.94</ele><time>2026-02-18T06:01:56Z</time><extensions><gpxtpx:TrackPointExtension><gpxtpx:cad>0</gpxtpx:cad></gpxtpx:TrackPointExtension></extensions></trkpt><trkpt lat="14.9523721263" lon="74.0405246057"><ele>4.46</ele><time>2026-02-18T06:02:05Z</time><extensions><gpxtpx:TrackPointExtension><gpxtpx:cad>0</gpxtpx:cad></gpxtpx:TrackPointExtension></extensions></trkpt><trkpt lat="14.9528328795" lon="74.0408301260"><ele>4.94</ele><time>2026-02-18T06:02:22Z</time><extensions><gpxtpx:TrackPointExtension><gpxtpx:cad>0</gpxtpx:cad></gpxtpx:TrackPointExtension></extensions></trkpt><trkpt lat="14.9532584287" lon="74.0411849320"><ele>5.42</ele><time>2026-02-18T06:02:39Z</time><extensions><gpxtpx:TrackPointExtension><gpxtpx:cad>0</gpxtpx:cad></gpxtpx:TrackPointExtension></extensions></trkpt><trkpt lat="14.9537140690" lon="74.0415399056"><ele>4.94</ele><time>2026-02-18T06:02:57Z</time><extensions><gpxtpx:TrackPointExtension><gpxtpx:cad>0</gpxtpx:cad></gpxtpx:TrackPointExtension></extensions></trkpt><trkpt lat="14.9542796798" lon="74.0418186039"><ele>4.46</ele><time>2026-02-18T06:03:16Z</time><extensions><gpxtpx:TrackPointExtension><gpxtpx:cad>0</gpxtpx:cad></gpxtpx:TrackPointExtension></extensions></trkpt><trkpt lat="14.9548345618" lon="74.0420553926"><ele>5.91</ele><time>2026-02-18T06:03:35Z</time><extensions><gpxtpx:TrackPointExtension><gpxtpx:cad>0</gpxtpx:cad></gpxtpx:TrackPointExtension></extensions></trkpt><trkpt lat="14.9553592689" lon="74.0423868131"><ele>6.39</ele><time>2026-02-18T06:03:55Z</time><extensions><gpxtpx:TrackPointExtension><gpxtpx:cad>0</gpxtpx:cad></gpxtpx:TrackPointExtension></extensions></trkpt><trkpt lat="14.9558261409" lon="74.0425834525"><ele>6.87</ele><time>2026-02-18T06:04:11Z</time><extensions><gpxtpx:TrackPointExtension><gpxtpx:cad>0</gpxtpx:cad></gpxtpx:TrackPointExtension></extensions></trkpt><trkpt lat="14.9562716391" lon="74.0425776690"><ele>6.87</ele><time>2026-02-18T06:04:25Z</time><extensions><gpxtpx:TrackPointExtension><gpxtpx:cad>0</gpxtpx:cad></gpxtpx:TrackPointExtension></extensions></trkpt><trkpt lat="14.9566718750" lon="74.0427771583"><ele>6.39</ele><time>2026-02-18T06:04:39Z</time><extensions><gpxtpx:TrackPointExtension><gpxtpx:cad>0</gpxtpx:cad></gpxtpx:TrackPointExtension></extensions></trkpt><trkpt lat="14.9572165310" lon="74.0430059843"><ele>5.91</ele><time>2026-02-18T06:04:57Z</time><extensions><gpxtpx:TrackPointExtension><gpxtpx:cad>0</gpxtpx:cad></gpxtpx:TrackPointExtension></extensions></trkpt><trkpt lat="14.9577751849" lon="74.0432399232"><ele>5.42</ele><time>2026-02-18T06:05:16Z</time><extensions><gpxtpx:TrackPointExtension><gpxtpx:cad>0</gpxtpx:cad></gpxtpx:TrackPointExtension></extensions></trkpt><trkpt lat="14.9581593275" lon="74.0435954835"><ele>5.42</ele><time>2026-02-18T06:05:32Z</time><extensions><gpxtpx:TrackPointExtension><gpxtpx:cad>0</gpxtpx:cad></gpxtpx:TrackPointExtension></extensions></trkpt><trkpt lat="14.9586213380" lon="74.0439827275"><ele>4.94</ele><time>2026-02-18T06:05:51Z</time><extensions><gpxtpx:TrackPointExtension><gpxtpx:cad>0</gpxtpx:cad></gpxtpx:TrackPointExtension></extensions></trkpt><trkpt lat="14.9591225758" lon="74.0440491121"><ele>5.91</ele><time>2026-02-18T06:06:07Z</time><extensions><gpxtpx:TrackPointExtension><gpxtpx:cad>0</gpxtpx:cad></gpxtpx:TrackPointExtension></extensions></trkpt><trkpt lat="14.9597725086" lon="74.0440677200"><ele>6.39</ele><time>2026-02-18T06:06:27Z</time><extensions><gpxtpx:TrackPointExtension><gpxtpx:cad>0</gpxtpx:cad></gpxtpx:TrackPointExtension></extensions></trkpt><trkpt lat="14.9602418113" lon="74.0438776184"><ele>6.87</ele><time>2026-02-18T06:06:43Z</time><extensions><gpxtpx:TrackPointExtension><gpxtpx:cad>0</gpxtpx:cad></gpxtpx:TrackPointExtension></extensions></trkpt><trkpt lat="14.9607514311" lon="74.0436900314"><ele>6.87</ele><time>2026-02-18T06:07:00Z</time><extensions><gpxtpx:TrackPointExtension><gpxtpx:cad>0</gpxtpx:cad></gpxtpx:TrackPointExtension></extensions></trkpt><trkpt lat="14.9609766528" lon="74.0433692560"><ele>6.87</ele><time>2026-02-18T06:07:13Z</time><extensions><gpxtpx:TrackPointExtension><gpxtpx:cad>0</gpxtpx:cad></gpxtpx:TrackPointExtension></extensions></trkpt><trkpt lat="14.9613027927" lon="74.0428432077"><ele>5.91</ele><time>2026-02-18T06:07:32Z</time><extensions><gpxtpx:TrackPointExtension><gpxtpx:cad>0</gpxtpx:cad></gpxtpx:TrackPointExtension></extensions></trkpt><trkpt lat="14.9615959078" lon="74.0423324145"><ele>5.91</ele><time>2026-02-18T06:07:50Z</time><extensions><gpxtpx:TrackPointExtension><gpxtpx:cad>0</gpxtpx:cad></gpxtpx:TrackPointExtension></extensions></trkpt><trkpt lat="14.9618881010" lon="74.0418729186"><ele>5.91</ele><time>2026-02-18T06:08:07Z</time><extensions><gpxtpx:TrackPointExtension><gpxtpx:cad>0</gpxtpx:cad></gpxtpx:TrackPointExtension></extensions></trkpt><trkpt lat="14.9622325972" lon="74.0413447749"><ele>6.39</ele><time>2026-02-18T06:08:26Z</time><extensions><gpxtpx:TrackPointExtension><gpxtpx:cad>0</gpxtpx:cad></gpxtpx:TrackPointExtension></extensions></trkpt><trkpt lat="14.9625694659" lon="74.0408556070"><ele>5.91</ele><time>2026-02-18T06:08:44Z</time><extensions><gpxtpx:TrackPointExtension><gpxtpx:cad>0</gpxtpx:cad></gpxtpx:TrackPointExtension></extensions></trkpt><trkpt lat="14.9629027303" lon="74.0402473323"><ele>6.39</ele><time>2026-02-18T06:09:05Z</time><extensions><gpxtpx:TrackPointExtension><gpxtpx:cad>0</gpxtpx:cad></gpxtpx:TrackPointExtension></extensions></trkpt><trkpt lat="14.9631718732" lon="74.0397267323"><ele>4.94</ele><time>2026-02-18T06:09:23Z</time><extensions><gpxtpx:TrackPointExtension><gpxtpx:cad>0</gpxtpx:cad></gpxtpx:TrackPointExtension></extensions></trkpt><trkpt lat="14.9634271022" lon="74.0391983371"><ele>5.42</ele><time>2026-02-18T06:09:41Z</time><extensions><gpxtpx:TrackPointExtension><gpxtpx:cad>0</gpxtpx:cad></gpxtpx:TrackPointExtension></extensions></trkpt><trkpt lat="14.9637803156" lon="74.0386362467"><ele>4.94</ele><time>2026-02-18T06:10:01Z</time><extensions><gpxtpx:TrackPointExtension><gpxtpx:cad>0</gpxtpx:cad></gpxtpx:TrackPointExtension></extensions></trkpt><trkpt lat="14.9640454352" lon="74.0381076839"><ele>5.42</ele><time>2026-02-18T06:10:19Z</time><extensions><gpxtpx:TrackPointExtension><gpxtpx:cad>0</gpxtpx:cad></gpxtpx:TrackPointExtension></extensions></trkpt><trkpt lat="14.9643186852" lon="74.0376618505"><ele>5.91</ele><time>2026-02-18T06:10:35Z</time><extensions><gpxtpx:TrackPointExtension><gpxtpx:cad>0</gpxtpx:cad></gpxtpx:TrackPointExtension></extensions></trkpt><trkpt lat="14.9646157399" lon="74.0371487942"><ele>5.91</ele><time>2026-02-18T06:10:53Z</time><extensions><gpxtpx:TrackPointExtension><gpxtpx:cad>0</gpxtpx:cad></gpxtpx:TrackPointExtension></extensions></trkpt><trkpt lat="14.9648477510" lon="74.0366101731"><ele>5.42</ele><time>2026-02-18T06:11:11Z</time><extensions><gpxtpx:TrackPointExtension><gpxtpx:cad>0</gpxtpx:cad></gpxtpx:TrackPointExtension></extensions></trkpt><trkpt lat="14.9651024770" lon="74.0361175686"><ele>5.42</ele><time>2026-02-18T06:11:28Z</time><extensions><gpxtpx:TrackPointExtension><gpxtpx:cad>0</gpxtpx:cad></gpxtpx:TrackPointExtension></extensions></trkpt><trkpt lat="14.9653331470" lon="74.0356427338"><ele>4.46</ele><time>2026-02-18T06:11:44Z</time><extensions><gpxtpx:TrackPointExtension><gpxtpx:cad>0</gpxtpx:cad></gpxtpx:TrackPointExtension></extensions></trkpt><trkpt lat="14.9655656610" lon="74.0351636242"><ele>4.94</ele><time>2026-02-18T06:12:00Z</time><extensions><gpxtpx:TrackPointExtension><gpxtpx:cad>0</gpxtpx:cad></gpxtpx:TrackPointExtension></extensions></trkpt><trkpt lat="14.9657438602" lon="74.0346721932"><ele>4.94</ele><time>2026-02-18T06:12:16Z</time><extensions><gpxtpx:TrackPointExtension><gpxtpx:cad>0</gpxtpx:cad></gpxtpx:TrackPointExtension></extensions></trkpt><trkpt lat="14.9660062138" lon="74.0340948477"><ele>3.50</ele><time>2026-02-18T06:12:35Z</time><extensions><gpxtpx:TrackPointExtension><gpxtpx:cad>0</gpxtpx:cad></gpxtpx:TrackPointExtension></extensions></trkpt><trkpt lat="14.9663448427" lon="74.0336817037"><ele>3.98</ele><time>2026-02-18T06:12:51Z</time><extensions><gpxtpx:TrackPointExtension><gpxtpx:cad>0</gpxtpx:cad></gpxtpx:TrackPointExtension></extensions></trkpt><trkpt lat="14.9666491896" lon="74.0332012530"><ele>4.94</ele><time>2026-02-18T06:13:08Z</time><extensions><gpxtpx:TrackPointExtension><gpxtpx:cad>0</gpxtpx:cad></gpxtpx:TrackPointExtension></extensions></trkpt><trkpt lat="14.9670706317" lon="74.0328529011"><ele>3.98</ele><time>2026-02-18T06:13:25Z</time><extensions><gpxtpx:TrackPointExtension><gpxtpx:cad>0</gpxtpx:cad></gpxtpx:TrackPointExtension></extensions></trkpt><trkpt lat="14.9675259367" lon="74.0323699359"><ele>3.98</ele><time>2026-02-18T06:13:45Z</time><extensions><gpxtpx:TrackPointExtension><gpxtpx:cad>0</gpxtpx:cad></gpxtpx:TrackPointExtension></extensions></trkpt><trkpt lat="14.9679054692" lon="74.0319156367"><ele>4.94</ele><time>2026-02-18T06:14:03Z</time><extensions><gpxtpx:TrackPointExtension><gpxtpx:cad>0</gpxtpx:cad></gpxtpx:TrackPointExtension></extensions></trkpt><trkpt lat="14.9682701658" lon="74.0314878244"><ele>5.42</ele><time>2026-02-18T06:14:20Z</time><extensions><gpxtpx:TrackPointExtension><gpxtpx:cad>0</gpxtpx:cad></gpxtpx:TrackPointExtension></extensions></trkpt><trkpt lat="14.9686278217" lon="74.0312683862"><ele>4.94</ele><time>2026-02-18T06:14:34Z</time><extensions><gpxtpx:TrackPointExtension><gpxtpx:cad>0</gpxtpx:cad></gpxtpx:TrackPointExtension></extensions></trkpt><trkpt lat="14.9692277145" lon="74.0312727448"><ele>4.46</ele><time>2026-02-18T06:14:50Z</time><extensions><gpxtpx:TrackPointExtension><gpxtpx:cad>0</gpxtpx:cad></gpxtpx:TrackPointExtension></extensions></trkpt><trkpt lat="14.9698434491" lon="74.0312740859"><ele>4.46</ele><time>2026-02-18T06:15:07Z</time><extensions><gpxtpx:TrackPointExtension><gpxtpx:cad>0</gpxtpx:cad></gpxtpx:TrackPointExtension></extensions></trkpt><trkpt lat="14.9701165315" lon="74.0312463418"><ele>3.98</ele><time>2026-02-18T06:15:23Z</time><extensions><gpxtpx:TrackPointExtension><gpxtpx:cad>0</gpxtpx:cad></gpxtpx:TrackPointExtension></extensions></trkpt><trkpt lat="14.9702774640" lon="74.0312073659"><ele>3.98</ele><time>2026-02-18T06:15:40Z</time><extensions><gpxtpx:TrackPointExtension><gpxtpx:cad>0</gpxtpx:cad></gpxtpx:TrackPointExtension></extensions></trkpt><trkpt lat="14.9705479480" lon="74.0311447531"><ele>4.46</ele><time>2026-02-18T06:15:55Z</time><extensions><gpxtpx:TrackPointExtension><gpxtpx:cad>0</gpxtpx:cad></gpxtpx:TrackPointExtension></extensions></trkpt><trkpt lat="14.9713315722" lon="74.0311147459"><ele>5.42</ele><time>2026-02-18T06:16:14Z</time><extensions><gpxtpx:TrackPointExtension><gpxtpx:cad>0</gpxtpx:cad></gpxtpx:TrackPointExtension></extensions></trkpt><trkpt lat="14.9722950719" lon="74.0311481897"><ele>6.39</ele><time>2026-02-18T06:16:38Z</time><extensions><gpxtpx:TrackPointExtension><gpxtpx:cad>0</gpxtpx:cad></gpxtpx:TrackPointExtension></extensions></trkpt><trkpt lat="14.9731405545" lon="74.0312327631"><ele>6.87</ele><time>2026-02-18T06:16:59Z</time><extensions><gpxtpx:TrackPointExtension><gpxtpx:cad>0</gpxtpx:cad></gpxtpx:TrackPointExtension></extensions></trkpt><trkpt lat="14.9739139527" lon="74.0313216113"><ele>5.91</ele><time>2026-02-18T06:17:18Z</time><extensions><gpxtpx:TrackPointExtension><gpxtpx:cad>0</gpxtpx:cad></gpxtpx:TrackPointExtension></extensions></trkpt><trkpt lat="14.9745880254" lon="74.0313776862"><ele>5.91</ele><time>2026-02-18T06:17:35Z</time><extensions><gpxtpx:TrackPointExtension><gpxtpx:cad>0</gpxtpx:cad></gpxtpx:TrackPointExtension></extensions></trkpt><trkpt lat="14.9753120542" lon="74.0314625949"><ele>5.91</ele><time>2026-02-18T06:17:53Z</time><extensions><gpxtpx:TrackPointExtension><gpxtpx:cad>0</gpxtpx:cad></gpxtpx:TrackPointExtension></extensions></trkpt><trkpt lat="14.9760623183" lon="74.0316274669"><ele>6.39</ele><time>2026-02-18T06:18:12Z</time><extensions><gpxtpx:TrackPointExtension><gpxtpx:cad>0</gpxtpx:cad></gpxtpx:TrackPointExtension></extensions></trkpt><trkpt lat="14.9767043721" lon="74.0317816101"><ele>6.39</ele><time>2026-02-18T06:18:29Z</time><extensions><gpxtpx:TrackPointExtension><gpxtpx:cad>0</gpxtpx:cad></gpxtpx:TrackPointExtension></extensions></trkpt><trkpt lat="14.9774924386" lon="74.0318246931"><ele>5.42</ele><time>2026-02-18T06:18:49Z</time><extensions><gpxtpx:TrackPointExtension><gpxtpx:cad>0</gpxtpx:cad></gpxtpx:TrackPointExtension></extensions></trkpt><trkpt lat="14.9780811835" lon="74.0318992920"><ele>5.91</ele><time>2026-02-18T06:19:04Z</time><extensions><gpxtpx:TrackPointExtension><gpxtpx:cad>0</gpxtpx:cad></gpxtpx:TrackPointExtension></extensions></trkpt><trkpt lat="14.9787987582" lon="74.0319491643"><ele>5.91</ele><time>2026-02-18T06:19:22Z</time><extensions><gpxtpx:TrackPointExtension><gpxtpx:cad>0</gpxtpx:cad></gpxtpx:TrackPointExtension></extensions></trkpt><trkpt lat="14.9793093000" lon="74.0319459792"><ele>5.91</ele><time>2026-02-18T06:19:35Z</time><extensions><gpxtpx:TrackPointExtension><gpxtpx:cad>0</gpxtpx:cad></gpxtpx:TrackPointExtension></extensions></trkpt><trkpt lat="14.9800425489" lon="74.0319048241"><ele>6.39</ele><time>2026-02-18T06:19:53Z</time><extensions><gpxtpx:TrackPointExtension><gpxtpx:cad>0</gpxtpx:cad></gpxtpx:TrackPointExtension></extensions></trkpt><trkpt lat="14.9808624666" lon="74.0319171455"><ele>5.91</ele><time>2026-02-18T06:20:14Z</time><extensions><gpxtpx:TrackPointExtension><gpxtpx:cad>0</gpxtpx:cad></gpxtpx:TrackPointExtension></extensions></trkpt><trkpt lat="14.9814918637" lon="74.0320039820"><ele>6.39</ele><time>2026-02-18T06:20:30Z</time><extensions><gpxtpx:TrackPointExtension><gpxtpx:cad>0</gpxtpx:cad></gpxtpx:TrackPointExtension></extensions></trkpt><trkpt lat="14.9821647629" lon="74.0322048962"><ele>6.39</ele><time>2026-02-18T06:20:48Z</time><extensions><gpxtpx:TrackPointExtension><gpxtpx:cad>0</gpxtpx:cad></gpxtpx:TrackPointExtension></extensions></trkpt><trkpt lat="14.9827120174" lon="74.0325349756"><ele>6.39</ele><time>2026-02-18T06:21:04Z</time><extensions><gpxtpx:TrackPointExtension><gpxtpx:cad>0</gpxtpx:cad></gpxtpx:TrackPointExtension></extensions></trkpt><trkpt lat="14.9828075711" lon="74.0326089878"><ele>5.91</ele><time>2026-02-18T06:21:07Z</time><extensions><gpxtpx:TrackPointExtension><gpxtpx:cad>0</gpxtpx:cad></gpxtpx:TrackPointExtension></extensions></trkpt><trkpt lat="14.9832709227" lon="74.0331865009"><ele>5.91</ele><time>2026-02-18T06:21:25Z</time><extensions><gpxtpx:TrackPointExtension><gpxtpx:cad>0</gpxtpx:cad></gpxtpx:TrackPointExtension></extensions></trkpt><trkpt lat="14.9836035166" lon="74.0336740762"><ele>6.39</ele><time>2026-02-18T06:21:40Z</time><extensions><gpxtpx:TrackPointExtension><gpxtpx:cad>0</gpxtpx:cad></gpxtpx:TrackPointExtension></extensions></trkpt><trkpt lat="14.9839403015" lon="74.0341516770"><ele>4.94</ele><time>2026-02-18T06:21:55Z</time><extensions><gpxtpx:TrackPointExtension><gpxtpx:cad>0</gpxtpx:cad></gpxtpx:TrackPointExtension></extensions></trkpt><trkpt lat="14.9843099434" lon="74.0348559245"><ele>3.50</ele><time>2026-02-18T06:22:15Z</time><extensions><gpxtpx:TrackPointExtension><gpxtpx:cad>0</gpxtpx:cad></gpxtpx:TrackPointExtension></extensions></trkpt></trkseg></trk></gpx>