<?xml version="1.0" encoding="UTF-8" standalone="no" ?><gpx xmlns="http://www.topografix.com/GPX/1/1" xmlns:gpxx="http://www.garmin.com/xmlschemas/GpxExtensions/v3" xmlns:wptx1="http://www.garmin.com/xmlschemas/WaypointExtension/v1" xmlns:gpxtpx="http://www.garmin.com/xmlschemas/TrackPointExtension/v1" creator="eTrex 10 SEA" version="1.1" xmlns:xsi="http://www.w3.org/2001/XMLSchema-instance" xsi:schemaLocation="http://www.topografix.com/GPX/1/1 http://www.topografix.com/GPX/1/1/gpx.xsd http://www.garmin.com/xmlschemas/GpxExtensions/v3 http://www8.garmin.com/xmlschemas/GpxExtensionsv3.xsd http://www.garmin.com/xmlschemas/WaypointExtension/v1 http://www8.garmin.com/xmlschemas/WaypointExtensionv1.xsd http://www.garmin.com/xmlschemas/TrackPointExtension/v1 http://www.garmin.com/xmlschemas/TrackPointExtensionv1.xsd"><metadata><link href="http://www.garmin.com"><text>Garmin International</text></link><time>2026-02-19T04:39:28Z</time></metadata><trk><name>19-FEB-26 10:09:26 AM</name><extensions><gpxx:TrackExtension><gpxx:DisplayColor>Cyan</gpxx:DisplayColor></gpxx:TrackExtension></extensions><trkseg><trkpt lat="14.9840990547" lon="74.0388329700"><ele>0.14</ele><time>2026-02-19T02:08:17Z</time><extensions><gpxtpx:TrackPointExtension><gpxtpx:cad>0</gpxtpx:cad></gpxtpx:TrackPointExtension></extensions></trkpt><trkpt lat="14.9841650203" lon="74.0386095084"><ele>-0.34</ele><time>2026-02-19T02:08:24Z</time><extensions><gpxtpx:TrackPointExtension><gpxtpx:cad>0</gpxtpx:cad></gpxtpx:TrackPointExtension></extensions></trkpt><trkpt lat="14.9845559523" lon="74.0380190872"><ele>-0.82</ele><time>2026-02-19T02:08:46Z</time><extensions><gpxtpx:TrackPointExtension><gpxtpx:cad>0</gpxtpx:cad></gpxtpx:TrackPointExtension></extensions></trkpt><trkpt lat="14.9848063197" lon="74.0373937134"><ele>-0.82</ele><time>2026-02-19T02:09:06Z</time><extensions><gpxtpx:TrackPointExtension><gpxtpx:cad>0</gpxtpx:cad></gpxtpx:TrackPointExtension></extensions></trkpt><trkpt lat="14.9848301243" lon="74.0368314553"><ele>-0.82</ele><time>2026-02-19T02:09:22Z</time><extensions><gpxtpx:TrackPointExtension><gpxtpx:cad>0</gpxtpx:cad></gpxtpx:TrackPointExtension></extensions></trkpt><trkpt lat="14.9847587105" lon="74.0361394454"><ele>-1.30</ele><time>2026-02-19T02:09:43Z</time><extensions><gpxtpx:TrackPointExtension><gpxtpx:cad>0</gpxtpx:cad></gpxtpx:TrackPointExtension></extensions></trkpt><trkpt lat="14.9846808426" lon="74.0354365390"><ele>-1.30</ele><time>2026-02-19T02:10:04Z</time><extensions><gpxtpx:TrackPointExtension><gpxtpx:cad>0</gpxtpx:cad></gpxtpx:TrackPointExtension></extensions></trkpt><trkpt lat="14.9846488237" lon="74.0349030308"><ele>-1.79</ele><time>2026-02-19T02:10:21Z</time><extensions><gpxtpx:TrackPointExtension><gpxtpx:cad>0</gpxtpx:cad></gpxtpx:TrackPointExtension></extensions></trkpt><trkpt lat="14.9846451357" lon="74.0343338996"><ele>-2.27</ele><time>2026-02-19T02:10:38Z</time><extensions><gpxtpx:TrackPointExtension><gpxtpx:cad>0</gpxtpx:cad></gpxtpx:TrackPointExtension></extensions></trkpt><trkpt lat="14.9847460538" lon="74.0338088572"><ele>-2.75</ele><time>2026-02-19T02:10:54Z</time><extensions><gpxtpx:TrackPointExtension><gpxtpx:cad>0</gpxtpx:cad></gpxtpx:TrackPointExtension></extensions></trkpt><trkpt lat="14.9848727044" lon="74.0332873352"><ele>-2.75</ele><time>2026-02-19T02:11:10Z</time><extensions><gpxtpx:TrackPointExtension><gpxtpx:cad>0</gpxtpx:cad></gpxtpx:TrackPointExtension></extensions></trkpt><trkpt lat="14.9850079883" lon="74.0326615423"><ele>-2.27</ele><time>2026-02-19T02:11:29Z</time><extensions><gpxtpx:TrackPointExtension><gpxtpx:cad>0</gpxtpx:cad></gpxtpx:TrackPointExtension></extensions></trkpt><trkpt lat="14.9850772228" lon="74.0320980269"><ele>-2.27</ele><time>2026-02-19T02:11:46Z</time><extensions><gpxtpx:TrackPointExtension><gpxtpx:cad>0</gpxtpx:cad></gpxtpx:TrackPointExtension></extensions></trkpt><trkpt lat="14.9851752073" lon="74.0315359365"><ele>-1.79</ele><time>2026-02-19T02:12:03Z</time><extensions><gpxtpx:TrackPointExtension><gpxtpx:cad>0</gpxtpx:cad></gpxtpx:TrackPointExtension></extensions></trkpt><trkpt lat="14.9852323718" lon="74.0310282446"><ele>-0.82</ele><time>2026-02-19T02:12:18Z</time><extensions><gpxtpx:TrackPointExtension><gpxtpx:cad>0</gpxtpx:cad></gpxtpx:TrackPointExtension></extensions></trkpt><trkpt lat="14.9853142630" lon="74.0304980054"><ele>0.14</ele><time>2026-02-19T02:12:34Z</time><extensions><gpxtpx:TrackPointExtension><gpxtpx:cad>0</gpxtpx:cad></gpxtpx:TrackPointExtension></extensions></trkpt><trkpt lat="14.9853362236" lon="74.0299800038"><ele>-0.34</ele><time>2026-02-19T02:12:49Z</time><extensions><gpxtpx:TrackPointExtension><gpxtpx:cad>0</gpxtpx:cad></gpxtpx:TrackPointExtension></extensions></trkpt><trkpt lat="14.9853405822" lon="74.0293600783"><ele>-0.82</ele><time>2026-02-19T02:13:07Z</time><extensions><gpxtpx:TrackPointExtension><gpxtpx:cad>0</gpxtpx:cad></gpxtpx:TrackPointExtension></extensions></trkpt><trkpt lat="14.9854032788" lon="74.0288942121"><ele>-1.30</ele><time>2026-02-19T02:13:21Z</time><extensions><gpxtpx:TrackPointExtension><gpxtpx:cad>0</gpxtpx:cad></gpxtpx:TrackPointExtension></extensions></trkpt><trkpt lat="14.9854912050" lon="74.0283959080"><ele>-0.82</ele><time>2026-02-19T02:13:36Z</time><extensions><gpxtpx:TrackPointExtension><gpxtpx:cad>0</gpxtpx:cad></gpxtpx:TrackPointExtension></extensions></trkpt><trkpt lat="14.9855317734" lon="74.0278478153"><ele>-0.34</ele><time>2026-02-19T02:13:52Z</time><extensions><gpxtpx:TrackPointExtension><gpxtpx:cad>0</gpxtpx:cad></gpxtpx:TrackPointExtension></extensions></trkpt><trkpt lat="14.9856118206" lon="74.0273147263"><ele>0.14</ele><time>2026-02-19T02:14:08Z</time><extensions><gpxtpx:TrackPointExtension><gpxtpx:cad>0</gpxtpx:cad></gpxtpx:TrackPointExtension></extensions></trkpt><trkpt lat="14.9856471084" lon="74.0267668851"><ele>0.14</ele><time>2026-02-19T02:14:24Z</time><extensions><gpxtpx:TrackPointExtension><gpxtpx:cad>0</gpxtpx:cad></gpxtpx:TrackPointExtension></extensions></trkpt><trkpt lat="14.9856443424" lon="74.0262902062"><ele>-0.34</ele><time>2026-02-19T02:14:38Z</time><extensions><gpxtpx:TrackPointExtension><gpxtpx:cad>0</gpxtpx:cad></gpxtpx:TrackPointExtension></extensions></trkpt><trkpt lat="14.9856369663" lon="74.0258183051"><ele>0.14</ele><time>2026-02-19T02:14:52Z</time><extensions><gpxtpx:TrackPointExtension><gpxtpx:cad>0</gpxtpx:cad></gpxtpx:TrackPointExtension></extensions></trkpt><trkpt lat="14.9856419954" lon="74.0252411272"><ele>-0.34</ele><time>2026-02-19T02:15:09Z</time><extensions><gpxtpx:TrackPointExtension><gpxtpx:cad>0</gpxtpx:cad></gpxtpx:TrackPointExtension></extensions></trkpt><trkpt lat="14.9856402352" lon="74.0246947110"><ele>-0.34</ele><time>2026-02-19T02:15:25Z</time><extensions><gpxtpx:TrackPointExtension><gpxtpx:cad>0</gpxtpx:cad></gpxtpx:TrackPointExtension></extensions></trkpt><trkpt lat="14.9856290035" lon="74.0242588520"><ele>0.14</ele><time>2026-02-19T02:15:38Z</time><extensions><gpxtpx:TrackPointExtension><gpxtpx:cad>0</gpxtpx:cad></gpxtpx:TrackPointExtension></extensions></trkpt><trkpt lat="14.9856046122" lon="74.0236461349"><ele>1.10</ele><time>2026-02-19T02:15:56Z</time><extensions><gpxtpx:TrackPointExtension><gpxtpx:cad>0</gpxtpx:cad></gpxtpx:TrackPointExtension></extensions></trkpt><trkpt lat="14.9856834020" lon="74.0231043287"><ele>2.06</ele><time>2026-02-19T02:16:12Z</time><extensions><gpxtpx:TrackPointExtension><gpxtpx:cad>0</gpxtpx:cad></gpxtpx:TrackPointExtension></extensions></trkpt><trkpt lat="14.9857749324" lon="74.0225701500"><ele>2.06</ele><time>2026-02-19T02:16:28Z</time><extensions><gpxtpx:TrackPointExtension><gpxtpx:cad>0</gpxtpx:cad></gpxtpx:TrackPointExtension></extensions></trkpt><trkpt lat="14.9858606793" lon="74.0220072214"><ele>1.10</ele><time>2026-02-19T02:16:45Z</time><extensions><gpxtpx:TrackPointExtension><gpxtpx:cad>0</gpxtpx:cad></gpxtpx:TrackPointExtension></extensions></trkpt><trkpt lat="14.9861762580" lon="74.0216529183"><ele>0.14</ele><time>2026-02-19T02:17:00Z</time><extensions><gpxtpx:TrackPointExtension><gpxtpx:cad>0</gpxtpx:cad></gpxtpx:TrackPointExtension></extensions></trkpt><trkpt lat="14.9865965266" lon="74.0216157027"><ele>-0.34</ele><time>2026-02-19T02:17:13Z</time><extensions><gpxtpx:TrackPointExtension><gpxtpx:cad>0</gpxtpx:cad></gpxtpx:TrackPointExtension></extensions></trkpt><trkpt lat="14.9871654902" lon="74.0215753857"><ele>0.14</ele><time>2026-02-19T02:17:30Z</time><extensions><gpxtpx:TrackPointExtension><gpxtpx:cad>0</gpxtpx:cad></gpxtpx:TrackPointExtension></extensions></trkpt><trkpt lat="14.9875984155" lon="74.0215848573"><ele>-0.34</ele><time>2026-02-19T02:17:43Z</time><extensions><gpxtpx:TrackPointExtension><gpxtpx:cad>0</gpxtpx:cad></gpxtpx:TrackPointExtension></extensions></trkpt><trkpt lat="14.9880207796" lon="74.0215026308"><ele>-0.34</ele><time>2026-02-19T02:17:56Z</time><extensions><gpxtpx:TrackPointExtension><gpxtpx:cad>0</gpxtpx:cad></gpxtpx:TrackPointExtension></extensions></trkpt><trkpt lat="14.9885555450" lon="74.0214810893"><ele>-0.34</ele><time>2026-02-19T02:18:12Z</time><extensions><gpxtpx:TrackPointExtension><gpxtpx:cad>0</gpxtpx:cad></gpxtpx:TrackPointExtension></extensions></trkpt><trkpt lat="14.9889872968" lon="74.0214531776"><ele>0.14</ele><time>2026-02-19T02:18:25Z</time><extensions><gpxtpx:TrackPointExtension><gpxtpx:cad>0</gpxtpx:cad></gpxtpx:TrackPointExtension></extensions></trkpt><trkpt lat="14.9894535821" lon="74.0214385930"><ele>-0.82</ele><time>2026-02-19T02:18:39Z</time><extensions><gpxtpx:TrackPointExtension><gpxtpx:cad>0</gpxtpx:cad></gpxtpx:TrackPointExtension></extensions></trkpt><trkpt lat="14.9899475276" lon="74.0214012098"><ele>-0.34</ele><time>2026-02-19T02:18:54Z</time><extensions><gpxtpx:TrackPointExtension><gpxtpx:cad>0</gpxtpx:cad></gpxtpx:TrackPointExtension></extensions></trkpt><trkpt lat="14.9904755037" lon="74.0214090887"><ele>0.62</ele><time>2026-02-19T02:19:10Z</time><extensions><gpxtpx:TrackPointExtension><gpxtpx:cad>0</gpxtpx:cad></gpxtpx:TrackPointExtension></extensions></trkpt><trkpt lat="14.9910475686" lon="74.0214016289"><ele>0.14</ele><time>2026-02-19T02:19:27Z</time><extensions><gpxtpx:TrackPointExtension><gpxtpx:cad>0</gpxtpx:cad></gpxtpx:TrackPointExtension></extensions></trkpt><trkpt lat="14.9914705195" lon="74.0214248467"><ele>0.62</ele><time>2026-02-19T02:19:40Z</time><extensions><gpxtpx:TrackPointExtension><gpxtpx:cad>0</gpxtpx:cad></gpxtpx:TrackPointExtension></extensions></trkpt><trkpt lat="14.9919487908" lon="74.0214193147"><ele>1.10</ele><time>2026-02-19T02:19:54Z</time><extensions><gpxtpx:TrackPointExtension><gpxtpx:cad>0</gpxtpx:cad></gpxtpx:TrackPointExtension></extensions></trkpt><trkpt lat="14.9924514536" lon="74.0214714501"><ele>2.06</ele><time>2026-02-19T02:20:09Z</time><extensions><gpxtpx:TrackPointExtension><gpxtpx:cad>0</gpxtpx:cad></gpxtpx:TrackPointExtension></extensions></trkpt><trkpt lat="14.9930114485" lon="74.0215807501"><ele>1.10</ele><time>2026-02-19T02:20:26Z</time><extensions><gpxtpx:TrackPointExtension><gpxtpx:cad>0</gpxtpx:cad></gpxtpx:TrackPointExtension></extensions></trkpt><trkpt lat="14.9934578687" lon="74.0217006952"><ele>1.58</ele><time>2026-02-19T02:20:40Z</time><extensions><gpxtpx:TrackPointExtension><gpxtpx:cad>0</gpxtpx:cad></gpxtpx:TrackPointExtension></extensions></trkpt><trkpt lat="14.9940156844" lon="74.0218382422"><ele>1.10</ele><time>2026-02-19T02:20:57Z</time><extensions><gpxtpx:TrackPointExtension><gpxtpx:cad>0</gpxtpx:cad></gpxtpx:TrackPointExtension></extensions></trkpt><trkpt lat="14.9945210293" lon="74.0220152680"><ele>1.10</ele><time>2026-02-19T02:21:13Z</time><extensions><gpxtpx:TrackPointExtension><gpxtpx:cad>0</gpxtpx:cad></gpxtpx:TrackPointExtension></extensions></trkpt><trkpt lat="14.9950278830" lon="74.0221979097"><ele>1.10</ele><time>2026-02-19T02:21:29Z</time><extensions><gpxtpx:TrackPointExtension><gpxtpx:cad>0</gpxtpx:cad></gpxtpx:TrackPointExtension></extensions></trkpt><trkpt lat="14.9955525063" lon="74.0223242249"><ele>0.62</ele><time>2026-02-19T02:21:45Z</time><extensions><gpxtpx:TrackPointExtension><gpxtpx:cad>0</gpxtpx:cad></gpxtpx:TrackPointExtension></extensions></trkpt><trkpt lat="14.9960886966" lon="74.0223277453"><ele>0.62</ele><time>2026-02-19T02:22:01Z</time><extensions><gpxtpx:TrackPointExtension><gpxtpx:cad>0</gpxtpx:cad></gpxtpx:TrackPointExtension></extensions></trkpt><trkpt lat="14.9965514615" lon="74.0222317725"><ele>0.62</ele><time>2026-02-19T02:22:15Z</time><extensions><gpxtpx:TrackPointExtension><gpxtpx:cad>0</gpxtpx:cad></gpxtpx:TrackPointExtension></extensions></trkpt><trkpt lat="14.9969433993" lon="74.0220640507"><ele>0.14</ele><time>2026-02-19T02:22:28Z</time><extensions><gpxtpx:TrackPointExtension><gpxtpx:cad>0</gpxtpx:cad></gpxtpx:TrackPointExtension></extensions></trkpt><trkpt lat="14.9975387659" lon="74.0219215583"><ele>0.62</ele><time>2026-02-19T02:22:46Z</time><extensions><gpxtpx:TrackPointExtension><gpxtpx:cad>0</gpxtpx:cad></gpxtpx:TrackPointExtension></extensions></trkpt><trkpt lat="14.9979969207" lon="74.0218225680"><ele>1.10</ele><time>2026-02-19T02:23:00Z</time><extensions><gpxtpx:TrackPointExtension><gpxtpx:cad>0</gpxtpx:cad></gpxtpx:TrackPointExtension></extensions></trkpt><trkpt lat="14.9986191932" lon="74.0216965042"><ele>1.58</ele><time>2026-02-19T02:23:19Z</time><extensions><gpxtpx:TrackPointExtension><gpxtpx:cad>0</gpxtpx:cad></gpxtpx:TrackPointExtension></extensions></trkpt><trkpt lat="14.9992195051" lon="74.0216068178"><ele>1.10</ele><time>2026-02-19T02:23:37Z</time><extensions><gpxtpx:TrackPointExtension><gpxtpx:cad>0</gpxtpx:cad></gpxtpx:TrackPointExtension></extensions></trkpt><trkpt lat="14.9996803422" lon="74.0215432830"><ele>0.62</ele><time>2026-02-19T02:23:51Z</time><extensions><gpxtpx:TrackPointExtension><gpxtpx:cad>0</gpxtpx:cad></gpxtpx:TrackPointExtension></extensions></trkpt><trkpt lat="15.0001551770" lon="74.0215873718"><ele>0.14</ele><time>2026-02-19T02:24:06Z</time><extensions><gpxtpx:TrackPointExtension><gpxtpx:cad>0</gpxtpx:cad></gpxtpx:TrackPointExtension></extensions></trkpt><trkpt lat="15.0006431714" lon="74.0216084942"><ele>-0.34</ele><time>2026-02-19T02:24:21Z</time><extensions><gpxtpx:TrackPointExtension><gpxtpx:cad>0</gpxtpx:cad></gpxtpx:TrackPointExtension></extensions></trkpt><trkpt lat="15.0012063514" lon="74.0215851087"><ele>0.14</ele><time>2026-02-19T02:24:38Z</time><extensions><gpxtpx:TrackPointExtension><gpxtpx:cad>0</gpxtpx:cad></gpxtpx:TrackPointExtension></extensions></trkpt><trkpt lat="15.0018442143" lon="74.0215282794"><ele>0.62</ele><time>2026-02-19T02:24:57Z</time><extensions><gpxtpx:TrackPointExtension><gpxtpx:cad>0</gpxtpx:cad></gpxtpx:TrackPointExtension></extensions></trkpt><trkpt lat="15.0024535786" lon="74.0214187279"><ele>0.14</ele><time>2026-02-19T02:25:16Z</time><extensions><gpxtpx:TrackPointExtension><gpxtpx:cad>0</gpxtpx:cad></gpxtpx:TrackPointExtension></extensions></trkpt><trkpt lat="15.0030110590" lon="74.0213187318"><ele>0.62</ele><time>2026-02-19T02:25:33Z</time><extensions><gpxtpx:TrackPointExtension><gpxtpx:cad>0</gpxtpx:cad></gpxtpx:TrackPointExtension></extensions></trkpt><trkpt lat="15.0035629235" lon="74.0212634113"><ele>1.10</ele><time>2026-02-19T02:25:50Z</time><extensions><gpxtpx:TrackPointExtension><gpxtpx:cad>0</gpxtpx:cad></gpxtpx:TrackPointExtension></extensions></trkpt><trkpt lat="15.0042989384" lon="74.0211194102"><ele>2.06</ele><time>2026-02-19T02:26:13Z</time><extensions><gpxtpx:TrackPointExtension><gpxtpx:cad>0</gpxtpx:cad></gpxtpx:TrackPointExtension></extensions></trkpt><trkpt lat="15.0050430838" lon="74.0209728945"><ele>1.10</ele><time>2026-02-19T02:26:36Z</time><extensions><gpxtpx:TrackPointExtension><gpxtpx:cad>0</gpxtpx:cad></gpxtpx:TrackPointExtension></extensions></trkpt><trkpt lat="15.0055726524" lon="74.0209168196"><ele>0.62</ele><time>2026-02-19T02:26:52Z</time><extensions><gpxtpx:TrackPointExtension><gpxtpx:cad>0</gpxtpx:cad></gpxtpx:TrackPointExtension></extensions></trkpt><trkpt lat="15.0062503293" lon="74.0208448190"><ele>1.10</ele><time>2026-02-19T02:27:13Z</time><extensions><gpxtpx:TrackPointExtension><gpxtpx:cad>0</gpxtpx:cad></gpxtpx:TrackPointExtension></extensions></trkpt><trkpt lat="15.0071435049" lon="74.0207977965"><ele>0.62</ele><time>2026-02-19T02:27:40Z</time><extensions><gpxtpx:TrackPointExtension><gpxtpx:cad>0</gpxtpx:cad></gpxtpx:TrackPointExtension></extensions></trkpt><trkpt lat="15.0075664558" lon="74.0206618421"><ele>0.14</ele><time>2026-02-19T02:27:54Z</time><extensions><gpxtpx:TrackPointExtension><gpxtpx:cad>0</gpxtpx:cad></gpxtpx:TrackPointExtension></extensions></trkpt><trkpt lat="15.0077034999" lon="74.0202067047"><ele>0.14</ele><time>2026-02-19T02:28:09Z</time><extensions><gpxtpx:TrackPointExtension><gpxtpx:cad>0</gpxtpx:cad></gpxtpx:TrackPointExtension></extensions></trkpt><trkpt lat="15.0076755881" lon="74.0194525011"><ele>-0.82</ele><time>2026-02-19T02:28:31Z</time><extensions><gpxtpx:TrackPointExtension><gpxtpx:cad>0</gpxtpx:cad></gpxtpx:TrackPointExtension></extensions></trkpt><trkpt lat="15.0075101294" lon="74.0187941026"><ele>-0.34</ele><time>2026-02-19T02:28:51Z</time><extensions><gpxtpx:TrackPointExtension><gpxtpx:cad>0</gpxtpx:cad></gpxtpx:TrackPointExtension></extensions></trkpt><trkpt lat="15.0073023420" lon="74.0180328581"><ele>0.14</ele><time>2026-02-19T02:29:14Z</time><extensions><gpxtpx:TrackPointExtension><gpxtpx:cad>0</gpxtpx:cad></gpxtpx:TrackPointExtension></extensions></trkpt><trkpt lat="15.0070289243" lon="74.0173676703"><ele>0.62</ele><time>2026-02-19T02:29:35Z</time><extensions><gpxtpx:TrackPointExtension><gpxtpx:cad>0</gpxtpx:cad></gpxtpx:TrackPointExtension></extensions></trkpt><trkpt lat="15.0067790598" lon="74.0167008061"><ele>1.10</ele><time>2026-02-19T02:29:56Z</time><extensions><gpxtpx:TrackPointExtension><gpxtpx:cad>0</gpxtpx:cad></gpxtpx:TrackPointExtension></extensions></trkpt><trkpt lat="15.0064233318" lon="74.0160911903"><ele>1.58</ele><time>2026-02-19T02:30:17Z</time><extensions><gpxtpx:TrackPointExtension><gpxtpx:cad>0</gpxtpx:cad></gpxtpx:TrackPointExtension></extensions></trkpt><trkpt lat="15.0060672686" lon="74.0155124199"><ele>0.62</ele><time>2026-02-19T02:30:37Z</time><extensions><gpxtpx:TrackPointExtension><gpxtpx:cad>0</gpxtpx:cad></gpxtpx:TrackPointExtension></extensions></trkpt><trkpt lat="15.0057252031" lon="74.0150370821"><ele>0.62</ele><time>2026-02-19T02:30:54Z</time><extensions><gpxtpx:TrackPointExtension><gpxtpx:cad>0</gpxtpx:cad></gpxtpx:TrackPointExtension></extensions></trkpt><trkpt lat="15.0054004882" lon="74.0146899037"><ele>1.10</ele><time>2026-02-19T02:31:08Z</time><extensions><gpxtpx:TrackPointExtension><gpxtpx:cad>0</gpxtpx:cad></gpxtpx:TrackPointExtension></extensions></trkpt><trkpt lat="15.0050385576" lon="74.0143302362"><ele>1.10</ele><time>2026-02-19T02:31:23Z</time><extensions><gpxtpx:TrackPointExtension><gpxtpx:cad>0</gpxtpx:cad></gpxtpx:TrackPointExtension></extensions></trkpt><trkpt lat="15.0045911316" lon="74.0139643662"><ele>1.10</ele><time>2026-02-19T02:31:40Z</time><extensions><gpxtpx:TrackPointExtension><gpxtpx:cad>0</gpxtpx:cad></gpxtpx:TrackPointExtension></extensions></trkpt><trkpt lat="15.0041349046" lon="74.0136777889"><ele>1.58</ele><time>2026-02-19T02:31:56Z</time><extensions><gpxtpx:TrackPointExtension><gpxtpx:cad>0</gpxtpx:cad></gpxtpx:TrackPointExtension></extensions></trkpt><trkpt lat="15.0037566293" lon="74.0134486277"><ele>2.54</ele><time>2026-02-19T02:32:09Z</time><extensions><gpxtpx:TrackPointExtension><gpxtpx:cad>0</gpxtpx:cad></gpxtpx:TrackPointExtension></extensions></trkpt><trkpt lat="15.0032486022" lon="74.0131706838"><ele>3.02</ele><time>2026-02-19T02:32:26Z</time><extensions><gpxtpx:TrackPointExtension><gpxtpx:cad>0</gpxtpx:cad></gpxtpx:TrackPointExtension></extensions></trkpt><trkpt lat="15.0028362125" lon="74.0129487310"><ele>3.50</ele><time>2026-02-19T02:32:40Z</time><extensions><gpxtpx:TrackPointExtension><gpxtpx:cad>0</gpxtpx:cad></gpxtpx:TrackPointExtension></extensions></trkpt><trkpt lat="15.0024388265" lon="74.0126757324"><ele>1.58</ele><time>2026-02-19T02:32:55Z</time><extensions><gpxtpx:TrackPointExtension><gpxtpx:cad>0</gpxtpx:cad></gpxtpx:TrackPointExtension></extensions></trkpt><trkpt lat="15.0024017785" lon="74.0122231096"><ele>2.06</ele><time>2026-02-19T02:33:09Z</time><extensions><gpxtpx:TrackPointExtension><gpxtpx:cad>0</gpxtpx:cad></gpxtpx:TrackPointExtension></extensions></trkpt><trkpt lat="15.0026854221" lon="74.0118747577"><ele>2.06</ele><time>2026-02-19T02:33:23Z</time><extensions><gpxtpx:TrackPointExtension><gpxtpx:cad>0</gpxtpx:cad></gpxtpx:TrackPointExtension></extensions></trkpt><trkpt lat="15.0030282419" lon="74.0116454288"><ele>1.58</ele><time>2026-02-19T02:33:35Z</time><extensions><gpxtpx:TrackPointExtension><gpxtpx:cad>0</gpxtpx:cad></gpxtpx:TrackPointExtension></extensions></trkpt><trkpt lat="15.0033366960" lon="74.0114277508"><ele>1.58</ele><time>2026-02-19T02:33:46Z</time><extensions><gpxtpx:TrackPointExtension><gpxtpx:cad>0</gpxtpx:cad></gpxtpx:TrackPointExtension></extensions></trkpt><trkpt lat="15.0036672782" lon="74.0112056304"><ele>0.14</ele><time>2026-02-19T02:33:58Z</time><extensions><gpxtpx:TrackPointExtension><gpxtpx:cad>0</gpxtpx:cad></gpxtpx:TrackPointExtension></extensions></trkpt><trkpt lat="15.0040080864" lon="74.0109957475"><ele>-1.30</ele><time>2026-02-19T02:34:10Z</time><extensions><gpxtpx:TrackPointExtension><gpxtpx:cad>0</gpxtpx:cad></gpxtpx:TrackPointExtension></extensions></trkpt><trkpt lat="15.0044071488" lon="74.0107374173"><ele>-0.34</ele><time>2026-02-19T02:34:24Z</time><extensions><gpxtpx:TrackPointExtension><gpxtpx:cad>0</gpxtpx:cad></gpxtpx:TrackPointExtension></extensions></trkpt><trkpt lat="15.0047116634" lon="74.0105313063"><ele>-0.34</ele><time>2026-02-19T02:34:35Z</time><extensions><gpxtpx:TrackPointExtension><gpxtpx:cad>0</gpxtpx:cad></gpxtpx:TrackPointExtension></extensions></trkpt><trkpt lat="15.0051461812" lon="74.0102675278"><ele>-1.30</ele><time>2026-02-19T02:34:50Z</time><extensions><gpxtpx:TrackPointExtension><gpxtpx:cad>0</gpxtpx:cad></gpxtpx:TrackPointExtension></extensions></trkpt><trkpt lat="15.0054419786" lon="74.0100550465"><ele>-0.82</ele><time>2026-02-19T02:35:01Z</time><extensions><gpxtpx:TrackPointExtension><gpxtpx:cad>0</gpxtpx:cad></gpxtpx:TrackPointExtension></extensions></trkpt><trkpt lat="15.0058710482" lon="74.0097751748"><ele>0.62</ele><time>2026-02-19T02:35:16Z</time><extensions><gpxtpx:TrackPointExtension><gpxtpx:cad>0</gpxtpx:cad></gpxtpx:TrackPointExtension></extensions></trkpt><trkpt lat="15.0063162111" lon="74.0095269866"><ele>1.10</ele><time>2026-02-19T02:35:31Z</time><extensions><gpxtpx:TrackPointExtension><gpxtpx:cad>0</gpxtpx:cad></gpxtpx:TrackPointExtension></extensions></trkpt><trkpt lat="15.0068072230" lon="74.0092249028"><ele>1.10</ele><time>2026-02-19T02:35:48Z</time><extensions><gpxtpx:TrackPointExtension><gpxtpx:cad>0</gpxtpx:cad></gpxtpx:TrackPointExtension></extensions></trkpt><trkpt lat="15.0072238874" lon="74.0088839270"><ele>2.06</ele><time>2026-02-19T02:36:04Z</time><extensions><gpxtpx:TrackPointExtension><gpxtpx:cad>0</gpxtpx:cad></gpxtpx:TrackPointExtension></extensions></trkpt><trkpt lat="15.0076310802" lon="74.0086479764"><ele>1.58</ele><time>2026-02-19T02:36:18Z</time><extensions><gpxtpx:TrackPointExtension><gpxtpx:cad>0</gpxtpx:cad></gpxtpx:TrackPointExtension></extensions></trkpt><trkpt lat="15.0081458967" lon="74.0084756445"><ele>0.62</ele><time>2026-02-19T02:36:34Z</time><extensions><gpxtpx:TrackPointExtension><gpxtpx:cad>0</gpxtpx:cad></gpxtpx:TrackPointExtension></extensions></trkpt><trkpt lat="15.0086339749" lon="74.0083742235"><ele>0.14</ele><time>2026-02-19T02:36:49Z</time><extensions><gpxtpx:TrackPointExtension><gpxtpx:cad>0</gpxtpx:cad></gpxtpx:TrackPointExtension></extensions></trkpt><trkpt lat="15.0092016812" lon="74.0082935058"><ele>-0.34</ele><time>2026-02-19T02:37:06Z</time><extensions><gpxtpx:TrackPointExtension><gpxtpx:cad>0</gpxtpx:cad></gpxtpx:TrackPointExtension></extensions></trkpt><trkpt lat="15.0098298211" lon="74.0080226026"><ele>-0.34</ele><time>2026-02-19T02:37:27Z</time><extensions><gpxtpx:TrackPointExtension><gpxtpx:cad>0</gpxtpx:cad></gpxtpx:TrackPointExtension></extensions></trkpt><trkpt lat="15.0103261136" lon="74.0078637656"><ele>0.14</ele><time>2026-02-19T02:37:43Z</time><extensions><gpxtpx:TrackPointExtension><gpxtpx:cad>0</gpxtpx:cad></gpxtpx:TrackPointExtension></extensions></trkpt><trkpt lat="15.0109072309" lon="74.0076822974"><ele>0.14</ele><time>2026-02-19T02:38:02Z</time><extensions><gpxtpx:TrackPointExtension><gpxtpx:cad>0</gpxtpx:cad></gpxtpx:TrackPointExtension></extensions></trkpt><trkpt lat="15.0114324410" lon="74.0075575747"><ele>0.62</ele><time>2026-02-19T02:38:19Z</time><extensions><gpxtpx:TrackPointExtension><gpxtpx:cad>0</gpxtpx:cad></gpxtpx:TrackPointExtension></extensions></trkpt><trkpt lat="15.0118873268" lon="74.0074094664"><ele>1.10</ele><time>2026-02-19T02:38:34Z</time><extensions><gpxtpx:TrackPointExtension><gpxtpx:cad>0</gpxtpx:cad></gpxtpx:TrackPointExtension></extensions></trkpt><trkpt lat="15.0123461522" lon="74.0072699077"><ele>0.62</ele><time>2026-02-19T02:38:49Z</time><extensions><gpxtpx:TrackPointExtension><gpxtpx:cad>0</gpxtpx:cad></gpxtpx:TrackPointExtension></extensions></trkpt><trkpt lat="15.0128009543" lon="74.0071344562"><ele>1.10</ele><time>2026-02-19T02:39:04Z</time><extensions><gpxtpx:TrackPointExtension><gpxtpx:cad>0</gpxtpx:cad></gpxtpx:TrackPointExtension></extensions></trkpt><trkpt lat="15.0134087261" lon="74.0069369785"><ele>1.58</ele><time>2026-02-19T02:39:24Z</time><extensions><gpxtpx:TrackPointExtension><gpxtpx:cad>0</gpxtpx:cad></gpxtpx:TrackPointExtension></extensions></trkpt><trkpt lat="15.0140004884" lon="74.0066336375"><ele>1.10</ele><time>2026-02-19T02:39:45Z</time><extensions><gpxtpx:TrackPointExtension><gpxtpx:cad>0</gpxtpx:cad></gpxtpx:TrackPointExtension></extensions></trkpt><trkpt lat="15.0143792666" lon="74.0063261893"><ele>1.10</ele><time>2026-02-19T02:40:01Z</time><extensions><gpxtpx:TrackPointExtension><gpxtpx:cad>0</gpxtpx:cad></gpxtpx:TrackPointExtension></extensions></trkpt><trkpt lat="15.0145523529" lon="74.0057630092"><ele>0.62</ele><time>2026-02-19T02:40:19Z</time><extensions><gpxtpx:TrackPointExtension><gpxtpx:cad>0</gpxtpx:cad></gpxtpx:TrackPointExtension></extensions></trkpt><trkpt lat="15.0147104356" lon="74.0052320156"><ele>1.58</ele><time>2026-02-19T02:40:36Z</time><extensions><gpxtpx:TrackPointExtension><gpxtpx:cad>0</gpxtpx:cad></gpxtpx:TrackPointExtension></extensions></trkpt><trkpt lat="15.0148204062" lon="74.0046339668"><ele>1.10</ele><time>2026-02-19T02:40:55Z</time><extensions><gpxtpx:TrackPointExtension><gpxtpx:cad>0</gpxtpx:cad></gpxtpx:TrackPointExtension></extensions></trkpt><trkpt lat="15.0147757307" lon="74.0040880535"><ele>1.10</ele><time>2026-02-19T02:41:12Z</time><extensions><gpxtpx:TrackPointExtension><gpxtpx:cad>0</gpxtpx:cad></gpxtpx:TrackPointExtension></extensions></trkpt><trkpt lat="15.0145315658" lon="74.0036263783"><ele>0.62</ele><time>2026-02-19T02:41:28Z</time><extensions><gpxtpx:TrackPointExtension><gpxtpx:cad>0</gpxtpx:cad></gpxtpx:TrackPointExtension></extensions></trkpt><trkpt lat="15.0143193360" lon="74.0030901041"><ele>1.10</ele><time>2026-02-19T02:41:46Z</time><extensions><gpxtpx:TrackPointExtension><gpxtpx:cad>0</gpxtpx:cad></gpxtpx:TrackPointExtension></extensions></trkpt><trkpt lat="15.0142246205" lon="74.0025127586"><ele>1.10</ele><time>2026-02-19T02:42:04Z</time><extensions><gpxtpx:TrackPointExtension><gpxtpx:cad>0</gpxtpx:cad></gpxtpx:TrackPointExtension></extensions></trkpt><trkpt lat="15.0141838845" lon="74.0020817611"><ele>1.58</ele><time>2026-02-19T02:42:18Z</time><extensions><gpxtpx:TrackPointExtension><gpxtpx:cad>0</gpxtpx:cad></gpxtpx:TrackPointExtension></extensions></trkpt><trkpt lat="15.0141200982" lon="74.0017557889"><ele>1.58</ele><time>2026-02-19T02:42:28Z</time><extensions><gpxtpx:TrackPointExtension><gpxtpx:cad>0</gpxtpx:cad></gpxtpx:TrackPointExtension></extensions></trkpt><trkpt lat="15.0140342675" lon="74.0013304073"><ele>1.58</ele><time>2026-02-19T02:42:41Z</time><extensions><gpxtpx:TrackPointExtension><gpxtpx:cad>0</gpxtpx:cad></gpxtpx:TrackPointExtension></extensions></trkpt><trkpt lat="15.0140175875" lon="74.0009717457"><ele>2.06</ele><time>2026-02-19T02:42:52Z</time><extensions><gpxtpx:TrackPointExtension><gpxtpx:cad>0</gpxtpx:cad></gpxtpx:TrackPointExtension></extensions></trkpt><trkpt lat="15.0139512029" lon="74.0005591884"><ele>1.58</ele><time>2026-02-19T02:43:05Z</time><extensions><gpxtpx:TrackPointExtension><gpxtpx:cad>0</gpxtpx:cad></gpxtpx:TrackPointExtension></extensions></trkpt><trkpt lat="15.0139104668" lon="73.9999048132"><ele>1.10</ele><time>2026-02-19T02:43:25Z</time><extensions><gpxtpx:TrackPointExtension><gpxtpx:cad>0</gpxtpx:cad></gpxtpx:TrackPointExtension></extensions></trkpt><trkpt lat="15.0138138235" lon="73.9992791042"><ele>1.10</ele><time>2026-02-19T02:43:44Z</time><extensions><gpxtpx:TrackPointExtension><gpxtpx:cad>0</gpxtpx:cad></gpxtpx:TrackPointExtension></extensions></trkpt><trkpt lat="15.0136856642" lon="73.9986499585"><ele>1.10</ele><time>2026-02-19T02:44:03Z</time><extensions><gpxtpx:TrackPointExtension><gpxtpx:cad>0</gpxtpx:cad></gpxtpx:TrackPointExtension></extensions></trkpt><trkpt lat="15.0135891046" lon="73.9981471281"><ele>1.58</ele><time>2026-02-19T02:44:19Z</time><extensions><gpxtpx:TrackPointExtension><gpxtpx:cad>0</gpxtpx:cad></gpxtpx:TrackPointExtension></extensions></trkpt><trkpt lat="15.0134110730" lon="73.9975898154"><ele>1.10</ele><time>2026-02-19T02:44:37Z</time><extensions><gpxtpx:TrackPointExtension><gpxtpx:cad>0</gpxtpx:cad></gpxtpx:TrackPointExtension></extensions></trkpt><trkpt lat="15.0132301077" lon="73.9970843866"><ele>1.10</ele><time>2026-02-19T02:44:53Z</time><extensions><gpxtpx:TrackPointExtension><gpxtpx:cad>0</gpxtpx:cad></gpxtpx:TrackPointExtension></extensions></trkpt><trkpt lat="15.0130741205" lon="73.9965466876"><ele>1.10</ele><time>2026-02-19T02:45:10Z</time><extensions><gpxtpx:TrackPointExtension><gpxtpx:cad>0</gpxtpx:cad></gpxtpx:TrackPointExtension></extensions></trkpt><trkpt lat="15.0128773134" lon="73.9960909635"><ele>0.62</ele><time>2026-02-19T02:45:25Z</time><extensions><gpxtpx:TrackPointExtension><gpxtpx:cad>0</gpxtpx:cad></gpxtpx:TrackPointExtension></extensions></trkpt><trkpt lat="15.0126800034" lon="73.9956373349"><ele>0.14</ele><time>2026-02-19T02:45:40Z</time><extensions><gpxtpx:TrackPointExtension><gpxtpx:cad>0</gpxtpx:cad></gpxtpx:TrackPointExtension></extensions></trkpt><trkpt lat="15.0124257803" lon="73.9950650185"><ele>0.62</ele><time>2026-02-19T02:45:59Z</time><extensions><gpxtpx:TrackPointExtension><gpxtpx:cad>0</gpxtpx:cad></gpxtpx:TrackPointExtension></extensions></trkpt><trkpt lat="15.0121925958" lon="73.9945143275"><ele>0.62</ele><time>2026-02-19T02:46:17Z</time><extensions><gpxtpx:TrackPointExtension><gpxtpx:cad>0</gpxtpx:cad></gpxtpx:TrackPointExtension></extensions></trkpt><trkpt lat="15.0120506901" lon="73.9940684941"><ele>0.62</ele><time>2026-02-19T02:46:31Z</time><extensions><gpxtpx:TrackPointExtension><gpxtpx:cad>0</gpxtpx:cad></gpxtpx:TrackPointExtension></extensions></trkpt><trkpt lat="15.0119034201" lon="73.9935916476"><ele>0.14</ele><time>2026-02-19T02:46:46Z</time><extensions><gpxtpx:TrackPointExtension><gpxtpx:cad>0</gpxtpx:cad></gpxtpx:TrackPointExtension></extensions></trkpt><trkpt lat="15.0116994884" lon="73.9929873962"><ele>0.14</ele><time>2026-02-19T02:47:05Z</time><extensions><gpxtpx:TrackPointExtension><gpxtpx:cad>0</gpxtpx:cad></gpxtpx:TrackPointExtension></extensions></trkpt><trkpt lat="15.0116805453" lon="73.9925187640"><ele>1.10</ele><time>2026-02-19T02:47:20Z</time><extensions><gpxtpx:TrackPointExtension><gpxtpx:cad>0</gpxtpx:cad></gpxtpx:TrackPointExtension></extensions></trkpt><trkpt lat="15.0117987301" lon="73.9919992536"><ele>1.58</ele><time>2026-02-19T02:47:36Z</time><extensions><gpxtpx:TrackPointExtension><gpxtpx:cad>0</gpxtpx:cad></gpxtpx:TrackPointExtension></extensions></trkpt><trkpt lat="15.0119312480" lon="73.9914910588"><ele>1.58</ele><time>2026-02-19T02:47:51Z</time><extensions><gpxtpx:TrackPointExtension><gpxtpx:cad>0</gpxtpx:cad></gpxtpx:TrackPointExtension></extensions></trkpt><trkpt lat="15.0120651908" lon="73.9910477400"><ele>2.06</ele><time>2026-02-19T02:48:05Z</time><extensions><gpxtpx:TrackPointExtension><gpxtpx:cad>0</gpxtpx:cad></gpxtpx:TrackPointExtension></extensions></trkpt><trkpt lat="15.0121958647" lon="73.9905656967"><ele>1.10</ele><time>2026-02-19T02:48:20Z</time><extensions><gpxtpx:TrackPointExtension><gpxtpx:cad>0</gpxtpx:cad></gpxtpx:TrackPointExtension></extensions></trkpt><trkpt lat="15.0122811086" lon="73.9901760221"><ele>2.54</ele><time>2026-02-19T02:48:32Z</time><extensions><gpxtpx:TrackPointExtension><gpxtpx:cad>0</gpxtpx:cad></gpxtpx:TrackPointExtension></extensions></trkpt><trkpt lat="15.0123692863" lon="73.9897058811"><ele>3.02</ele><time>2026-02-19T02:48:46Z</time><extensions><gpxtpx:TrackPointExtension><gpxtpx:cad>0</gpxtpx:cad></gpxtpx:TrackPointExtension></extensions></trkpt><trkpt lat="15.0124432985" lon="73.9893152844"><ele>3.02</ele><time>2026-02-19T02:48:58Z</time><extensions><gpxtpx:TrackPointExtension><gpxtpx:cad>0</gpxtpx:cad></gpxtpx:TrackPointExtension></extensions></trkpt><trkpt lat="15.0125610642" lon="73.9888680261"><ele>3.50</ele><time>2026-02-19T02:49:12Z</time><extensions><gpxtpx:TrackPointExtension><gpxtpx:cad>0</gpxtpx:cad></gpxtpx:TrackPointExtension></extensions></trkpt><trkpt lat="15.0127301272" lon="73.9882615954"><ele>3.50</ele><time>2026-02-19T02:49:31Z</time><extensions><gpxtpx:TrackPointExtension><gpxtpx:cad>0</gpxtpx:cad></gpxtpx:TrackPointExtension></extensions></trkpt><trkpt lat="15.0129094161" lon="73.9877948072"><ele>3.50</ele><time>2026-02-19T02:49:46Z</time><extensions><gpxtpx:TrackPointExtension><gpxtpx:cad>0</gpxtpx:cad></gpxtpx:TrackPointExtension></extensions></trkpt><trkpt lat="15.0130857714" lon="73.9873637259"><ele>2.06</ele><time>2026-02-19T02:50:00Z</time><extensions><gpxtpx:TrackPointExtension><gpxtpx:cad>0</gpxtpx:cad></gpxtpx:TrackPointExtension></extensions></trkpt><trkpt lat="15.0133143459" lon="73.9869708661"><ele>1.58</ele><time>2026-02-19T02:50:14Z</time><extensions><gpxtpx:TrackPointExtension><gpxtpx:cad>0</gpxtpx:cad></gpxtpx:TrackPointExtension></extensions></trkpt><trkpt lat="15.0135438424" lon="73.9865976200"><ele>1.58</ele><time>2026-02-19T02:50:27Z</time><extensions><gpxtpx:TrackPointExtension><gpxtpx:cad>0</gpxtpx:cad></gpxtpx:TrackPointExtension></extensions></trkpt><trkpt lat="15.0138263963" lon="73.9861102961"><ele>2.06</ele><time>2026-02-19T02:50:44Z</time><extensions><gpxtpx:TrackPointExtension><gpxtpx:cad>0</gpxtpx:cad></gpxtpx:TrackPointExtension></extensions></trkpt><trkpt lat="15.0140733272" lon="73.9857553225"><ele>1.58</ele><time>2026-02-19T02:50:57Z</time><extensions><gpxtpx:TrackPointExtension><gpxtpx:cad>0</gpxtpx:cad></gpxtpx:TrackPointExtension></extensions></trkpt><trkpt lat="15.0143764168" lon="73.9853581879"><ele>1.58</ele><time>2026-02-19T02:51:12Z</time><extensions><gpxtpx:TrackPointExtension><gpxtpx:cad>0</gpxtpx:cad></gpxtpx:TrackPointExtension></extensions></trkpt><trkpt lat="15.0146459788" lon="73.9849773981"><ele>2.06</ele><time>2026-02-19T02:51:26Z</time><extensions><gpxtpx:TrackPointExtension><gpxtpx:cad>0</gpxtpx:cad></gpxtpx:TrackPointExtension></extensions></trkpt><trkpt lat="15.0149048958" lon="73.9846292138"><ele>2.06</ele><time>2026-02-19T02:51:39Z</time><extensions><gpxtpx:TrackPointExtension><gpxtpx:cad>0</gpxtpx:cad></gpxtpx:TrackPointExtension></extensions></trkpt><trkpt lat="15.0152203906" lon="73.9842008986"><ele>2.54</ele><time>2026-02-19T02:51:55Z</time><extensions><gpxtpx:TrackPointExtension><gpxtpx:cad>0</gpxtpx:cad></gpxtpx:TrackPointExtension></extensions></trkpt><trkpt lat="15.0154946465" lon="73.9837955497"><ele>2.54</ele><time>2026-02-19T02:52:10Z</time><extensions><gpxtpx:TrackPointExtension><gpxtpx:cad>0</gpxtpx:cad></gpxtpx:TrackPointExtension></extensions></trkpt><trkpt lat="15.0157387275" lon="73.9833250735"><ele>3.02</ele><time>2026-02-19T02:52:26Z</time><extensions><gpxtpx:TrackPointExtension><gpxtpx:cad>0</gpxtpx:cad></gpxtpx:TrackPointExtension></extensions></trkpt><trkpt lat="15.0159651227" lon="73.9829164557"><ele>1.58</ele><time>2026-02-19T02:52:40Z</time><extensions><gpxtpx:TrackPointExtension><gpxtpx:cad>0</gpxtpx:cad></gpxtpx:TrackPointExtension></extensions></trkpt><trkpt lat="15.0161969662" lon="73.9824316464"><ele>2.06</ele><time>2026-02-19T02:52:56Z</time><extensions><gpxtpx:TrackPointExtension><gpxtpx:cad>0</gpxtpx:cad></gpxtpx:TrackPointExtension></extensions></trkpt><trkpt lat="15.0163727347" lon="73.9819560573"><ele>2.06</ele><time>2026-02-19T02:53:11Z</time><extensions><gpxtpx:TrackPointExtension><gpxtpx:cad>0</gpxtpx:cad></gpxtpx:TrackPointExtension></extensions></trkpt><trkpt lat="15.0166303944" lon="73.9813766163"><ele>3.02</ele><time>2026-02-19T02:53:30Z</time><extensions><gpxtpx:TrackPointExtension><gpxtpx:cad>0</gpxtpx:cad></gpxtpx:TrackPointExtension></extensions></trkpt><trkpt lat="15.0169452187" lon="73.9807572775"><ele>3.50</ele><time>2026-02-19T02:53:51Z</time><extensions><gpxtpx:TrackPointExtension><gpxtpx:cad>0</gpxtpx:cad></gpxtpx:TrackPointExtension></extensions></trkpt><trkpt lat="15.0171966758" lon="73.9802033175"><ele>3.50</ele><time>2026-02-19T02:54:09Z</time><extensions><gpxtpx:TrackPointExtension><gpxtpx:cad>0</gpxtpx:cad></gpxtpx:TrackPointExtension></extensions></trkpt><trkpt lat="15.0174421817" lon="73.9796651155"><ele>3.02</ele><time>2026-02-19T02:54:27Z</time><extensions><gpxtpx:TrackPointExtension><gpxtpx:cad>0</gpxtpx:cad></gpxtpx:TrackPointExtension></extensions></trkpt><trkpt lat="15.0176733546" lon="73.9791886043"><ele>3.98</ele><time>2026-02-19T02:54:43Z</time><extensions><gpxtpx:TrackPointExtension><gpxtpx:cad>0</gpxtpx:cad></gpxtpx:TrackPointExtension></extensions></trkpt><trkpt lat="15.0179404020" lon="73.9788166992"><ele>3.98</ele><time>2026-02-19T02:54:57Z</time><extensions><gpxtpx:TrackPointExtension><gpxtpx:cad>0</gpxtpx:cad></gpxtpx:TrackPointExtension></extensions></trkpt><trkpt lat="15.0183489360" lon="73.9787884522"><ele>3.98</ele><time>2026-02-19T02:55:10Z</time><extensions><gpxtpx:TrackPointExtension><gpxtpx:cad>0</gpxtpx:cad></gpxtpx:TrackPointExtension></extensions></trkpt><trkpt lat="15.0188306440" lon="73.9788166154"><ele>3.02</ele><time>2026-02-19T02:55:25Z</time><extensions><gpxtpx:TrackPointExtension><gpxtpx:cad>0</gpxtpx:cad></gpxtpx:TrackPointExtension></extensions></trkpt><trkpt lat="15.0193181355" lon="73.9788571838"><ele>2.54</ele><time>2026-02-19T02:55:40Z</time><extensions><gpxtpx:TrackPointExtension><gpxtpx:cad>0</gpxtpx:cad></gpxtpx:TrackPointExtension></extensions></trkpt><trkpt lat="15.0198019389" lon="73.9789493848"><ele>2.54</ele><time>2026-02-19T02:55:55Z</time><extensions><gpxtpx:TrackPointExtension><gpxtpx:cad>0</gpxtpx:cad></gpxtpx:TrackPointExtension></extensions></trkpt><trkpt lat="15.0202895142" lon="73.9790237322"><ele>2.54</ele><time>2026-02-19T02:56:10Z</time><extensions><gpxtpx:TrackPointExtension><gpxtpx:cad>0</gpxtpx:cad></gpxtpx:TrackPointExtension></extensions></trkpt><trkpt lat="15.0207225233" lon="73.9791403245"><ele>2.06</ele><time>2026-02-19T02:56:24Z</time><extensions><gpxtpx:TrackPointExtension><gpxtpx:cad>0</gpxtpx:cad></gpxtpx:TrackPointExtension></extensions></trkpt><trkpt lat="15.0211397745" lon="73.9792006742"><ele>1.58</ele><time>2026-02-19T02:56:37Z</time><extensions><gpxtpx:TrackPointExtension><gpxtpx:cad>0</gpxtpx:cad></gpxtpx:TrackPointExtension></extensions></trkpt><trkpt lat="15.0216556806" lon="73.9793063700"><ele>2.06</ele><time>2026-02-19T02:56:53Z</time><extensions><gpxtpx:TrackPointExtension><gpxtpx:cad>0</gpxtpx:cad></gpxtpx:TrackPointExtension></extensions></trkpt><trkpt lat="15.0222437549" lon="73.9793861657"><ele>2.06</ele><time>2026-02-19T02:57:11Z</time><extensions><gpxtpx:TrackPointExtension><gpxtpx:cad>0</gpxtpx:cad></gpxtpx:TrackPointExtension></extensions></trkpt><trkpt lat="15.0228159875" lon="73.9795313403"><ele>2.54</ele><time>2026-02-19T02:57:29Z</time><extensions><gpxtpx:TrackPointExtension><gpxtpx:cad>0</gpxtpx:cad></gpxtpx:TrackPointExtension></extensions></trkpt><trkpt lat="15.0232860446" lon="73.9796849806"><ele>2.06</ele><time>2026-02-19T02:57:44Z</time><extensions><gpxtpx:TrackPointExtension><gpxtpx:cad>0</gpxtpx:cad></gpxtpx:TrackPointExtension></extensions></trkpt><trkpt lat="15.0237831753" lon="73.9798547979"><ele>2.06</ele><time>2026-02-19T02:58:00Z</time><extensions><gpxtpx:TrackPointExtension><gpxtpx:cad>0</gpxtpx:cad></gpxtpx:TrackPointExtension></extensions></trkpt><trkpt lat="15.0242233090" lon="73.9799967874"><ele>2.54</ele><time>2026-02-19T02:58:14Z</time><extensions><gpxtpx:TrackPointExtension><gpxtpx:cad>0</gpxtpx:cad></gpxtpx:TrackPointExtension></extensions></trkpt><trkpt lat="15.0247301627" lon="73.9801231865"><ele>2.54</ele><time>2026-02-19T02:58:30Z</time><extensions><gpxtpx:TrackPointExtension><gpxtpx:cad>0</gpxtpx:cad></gpxtpx:TrackPointExtension></extensions></trkpt><trkpt lat="15.0251716375" lon="73.9803406969"><ele>3.98</ele><time>2026-02-19T02:58:45Z</time><extensions><gpxtpx:TrackPointExtension><gpxtpx:cad>0</gpxtpx:cad></gpxtpx:TrackPointExtension></extensions></trkpt><trkpt lat="15.0256375875" lon="73.9804841951"><ele>3.02</ele><time>2026-02-19T02:59:00Z</time><extensions><gpxtpx:TrackPointExtension><gpxtpx:cad>0</gpxtpx:cad></gpxtpx:TrackPointExtension></extensions></trkpt><trkpt lat="15.0261037890" lon="73.9807198104"><ele>3.50</ele><time>2026-02-19T02:59:16Z</time><extensions><gpxtpx:TrackPointExtension><gpxtpx:cad>0</gpxtpx:cad></gpxtpx:TrackPointExtension></extensions></trkpt><trkpt lat="15.0265135802" lon="73.9809087384"><ele>3.02</ele><time>2026-02-19T02:59:30Z</time><extensions><gpxtpx:TrackPointExtension><gpxtpx:cad>0</gpxtpx:cad></gpxtpx:TrackPointExtension></extensions></trkpt><trkpt lat="15.0269424822" lon="73.9810771309"><ele>3.02</ele><time>2026-02-19T02:59:44Z</time><extensions><gpxtpx:TrackPointExtension><gpxtpx:cad>0</gpxtpx:cad></gpxtpx:TrackPointExtension></extensions></trkpt><trkpt lat="15.0273605715" lon="73.9812822361"><ele>3.50</ele><time>2026-02-19T02:59:58Z</time><extensions><gpxtpx:TrackPointExtension><gpxtpx:cad>0</gpxtpx:cad></gpxtpx:TrackPointExtension></extensions></trkpt><trkpt lat="15.0278746337" lon="73.9814921189"><ele>3.02</ele><time>2026-02-19T03:00:15Z</time><extensions><gpxtpx:TrackPointExtension><gpxtpx:cad>0</gpxtpx:cad></gpxtpx:TrackPointExtension></extensions></trkpt><trkpt lat="15.0283890311" lon="73.9816140756"><ele>2.54</ele><time>2026-02-19T03:00:31Z</time><extensions><gpxtpx:TrackPointExtension><gpxtpx:cad>0</gpxtpx:cad></gpxtpx:TrackPointExtension></extensions></trkpt><trkpt lat="15.0289421529" lon="73.9817332663"><ele>3.02</ele><time>2026-02-19T03:00:48Z</time><extensions><gpxtpx:TrackPointExtension><gpxtpx:cad>0</gpxtpx:cad></gpxtpx:TrackPointExtension></extensions></trkpt><trkpt lat="15.0294583943" lon="73.9818368666"><ele>3.02</ele><time>2026-02-19T03:01:04Z</time><extensions><gpxtpx:TrackPointExtension><gpxtpx:cad>0</gpxtpx:cad></gpxtpx:TrackPointExtension></extensions></trkpt><trkpt lat="15.0298837759" lon="73.9819174167"><ele>3.02</ele><time>2026-02-19T03:01:17Z</time><extensions><gpxtpx:TrackPointExtension><gpxtpx:cad>0</gpxtpx:cad></gpxtpx:TrackPointExtension></extensions></trkpt><trkpt lat="15.0303419307" lon="73.9819258824"><ele>2.54</ele><time>2026-02-19T03:01:31Z</time><extensions><gpxtpx:TrackPointExtension><gpxtpx:cad>0</gpxtpx:cad></gpxtpx:TrackPointExtension></extensions></trkpt><trkpt lat="15.0308305118" lon="73.9818952046"><ele>2.06</ele><time>2026-02-19T03:01:46Z</time><extensions><gpxtpx:TrackPointExtension><gpxtpx:cad>0</gpxtpx:cad></gpxtpx:TrackPointExtension></extensions></trkpt><trkpt lat="15.0312817097" lon="73.9818719029"><ele>1.58</ele><time>2026-02-19T03:02:00Z</time><extensions><gpxtpx:TrackPointExtension><gpxtpx:cad>0</gpxtpx:cad></gpxtpx:TrackPointExtension></extensions></trkpt><trkpt lat="15.0318673532" lon="73.9819820412"><ele>1.58</ele><time>2026-02-19T03:02:18Z</time><extensions><gpxtpx:TrackPointExtension><gpxtpx:cad>0</gpxtpx:cad></gpxtpx:TrackPointExtension></extensions></trkpt><trkpt lat="15.0325154420" lon="73.9821969531"><ele>2.06</ele><time>2026-02-19T03:02:39Z</time><extensions><gpxtpx:TrackPointExtension><gpxtpx:cad>0</gpxtpx:cad></gpxtpx:TrackPointExtension></extensions></trkpt><trkpt lat="15.0330125727" lon="73.9823719673"><ele>2.06</ele><time>2026-02-19T03:02:55Z</time><extensions><gpxtpx:TrackPointExtension><gpxtpx:cad>0</gpxtpx:cad></gpxtpx:TrackPointExtension></extensions></trkpt><trkpt lat="15.0334427319" lon="73.9825104363"><ele>2.06</ele><time>2026-02-19T03:03:09Z</time><extensions><gpxtpx:TrackPointExtension><gpxtpx:cad>0</gpxtpx:cad></gpxtpx:TrackPointExtension></extensions></trkpt><trkpt lat="15.0339439698" lon="73.9826165512"><ele>3.02</ele><time>2026-02-19T03:03:25Z</time><extensions><gpxtpx:TrackPointExtension><gpxtpx:cad>0</gpxtpx:cad></gpxtpx:TrackPointExtension></extensions></trkpt><trkpt lat="15.0344939064" lon="73.9828143641"><ele>3.50</ele><time>2026-02-19T03:03:43Z</time><extensions><gpxtpx:TrackPointExtension><gpxtpx:cad>0</gpxtpx:cad></gpxtpx:TrackPointExtension></extensions></trkpt><trkpt lat="15.0350451004" lon="73.9830157813"><ele>3.50</ele><time>2026-02-19T03:04:01Z</time><extensions><gpxtpx:TrackPointExtension><gpxtpx:cad>0</gpxtpx:cad></gpxtpx:TrackPointExtension></extensions></trkpt><trkpt lat="15.0355551392" lon="73.9832333755"><ele>3.02</ele><time>2026-02-19T03:04:18Z</time><extensions><gpxtpx:TrackPointExtension><gpxtpx:cad>0</gpxtpx:cad></gpxtpx:TrackPointExtension></extensions></trkpt><trkpt lat="15.0360992085" lon="73.9833080582"><ele>3.02</ele><time>2026-02-19T03:04:35Z</time><extensions><gpxtpx:TrackPointExtension><gpxtpx:cad>0</gpxtpx:cad></gpxtpx:TrackPointExtension></extensions></trkpt><trkpt lat="15.0365818385" lon="73.9834259078"><ele>3.02</ele><time>2026-02-19T03:04:50Z</time><extensions><gpxtpx:TrackPointExtension><gpxtpx:cad>0</gpxtpx:cad></gpxtpx:TrackPointExtension></extensions></trkpt><trkpt lat="15.0371861737" lon="73.9835299272"><ele>2.54</ele><time>2026-02-19T03:05:09Z</time><extensions><gpxtpx:TrackPointExtension><gpxtpx:cad>0</gpxtpx:cad></gpxtpx:TrackPointExtension></extensions></trkpt><trkpt lat="15.0376828015" lon="73.9836595114"><ele>2.06</ele><time>2026-02-19T03:05:25Z</time><extensions><gpxtpx:TrackPointExtension><gpxtpx:cad>0</gpxtpx:cad></gpxtpx:TrackPointExtension></extensions></trkpt><trkpt lat="15.0382827781" lon="73.9838061947"><ele>2.06</ele><time>2026-02-19T03:05:44Z</time><extensions><gpxtpx:TrackPointExtension><gpxtpx:cad>0</gpxtpx:cad></gpxtpx:TrackPointExtension></extensions></trkpt><trkpt lat="15.0389508158" lon="73.9838875830"><ele>2.54</ele><time>2026-02-19T03:06:04Z</time><extensions><gpxtpx:TrackPointExtension><gpxtpx:cad>0</gpxtpx:cad></gpxtpx:TrackPointExtension></extensions></trkpt><trkpt lat="15.0394295063" lon="73.9839654509"><ele>3.02</ele><time>2026-02-19T03:06:19Z</time><extensions><gpxtpx:TrackPointExtension><gpxtpx:cad>0</gpxtpx:cad></gpxtpx:TrackPointExtension></extensions></trkpt><trkpt lat="15.0400321651" lon="73.9840158261"><ele>3.02</ele><time>2026-02-19T03:06:38Z</time><extensions><gpxtpx:TrackPointExtension><gpxtpx:cad>0</gpxtpx:cad></gpxtpx:TrackPointExtension></extensions></trkpt><trkpt lat="15.0406705309" lon="73.9839821309"><ele>3.50</ele><time>2026-02-19T03:06:58Z</time><extensions><gpxtpx:TrackPointExtension><gpxtpx:cad>0</gpxtpx:cad></gpxtpx:TrackPointExtension></extensions></trkpt><trkpt lat="15.0413748622" lon="73.9838533849"><ele>4.46</ele><time>2026-02-19T03:07:20Z</time><extensions><gpxtpx:TrackPointExtension><gpxtpx:cad>0</gpxtpx:cad></gpxtpx:TrackPointExtension></extensions></trkpt><trkpt lat="15.0419589132" lon="73.9837859105"><ele>4.46</ele><time>2026-02-19T03:07:38Z</time><extensions><gpxtpx:TrackPointExtension><gpxtpx:cad>0</gpxtpx:cad></gpxtpx:TrackPointExtension></extensions></trkpt><trkpt lat="15.0422730669" lon="73.9835639577"><ele>3.98</ele><time>2026-02-19T03:07:52Z</time><extensions><gpxtpx:TrackPointExtension><gpxtpx:cad>0</gpxtpx:cad></gpxtpx:TrackPointExtension></extensions></trkpt><trkpt lat="15.0423395354" lon="73.9830638096"><ele>3.50</ele><time>2026-02-19T03:08:08Z</time><extensions><gpxtpx:TrackPointExtension><gpxtpx:cad>0</gpxtpx:cad></gpxtpx:TrackPointExtension></extensions></trkpt><trkpt lat="15.0425029825" lon="73.9825350791"><ele>2.54</ele><time>2026-02-19T03:08:25Z</time><extensions><gpxtpx:TrackPointExtension><gpxtpx:cad>0</gpxtpx:cad></gpxtpx:TrackPointExtension></extensions></trkpt><trkpt lat="15.0427719578" lon="73.9820206817"><ele>3.02</ele><time>2026-02-19T03:08:43Z</time><extensions><gpxtpx:TrackPointExtension><gpxtpx:cad>0</gpxtpx:cad></gpxtpx:TrackPointExtension></extensions></trkpt><trkpt lat="15.0430317130" lon="73.9815794583"><ele>3.02</ele><time>2026-02-19T03:08:59Z</time><extensions><gpxtpx:TrackPointExtension><gpxtpx:cad>0</gpxtpx:cad></gpxtpx:TrackPointExtension></extensions></trkpt><trkpt lat="15.0432844274" lon="73.9811982494"><ele>3.50</ele><time>2026-02-19T03:09:13Z</time><extensions><gpxtpx:TrackPointExtension><gpxtpx:cad>0</gpxtpx:cad></gpxtpx:TrackPointExtension></extensions></trkpt><trkpt lat="15.0435935520" lon="73.9807825070"><ele>3.98</ele><time>2026-02-19T03:09:29Z</time><extensions><gpxtpx:TrackPointExtension><gpxtpx:cad>0</gpxtpx:cad></gpxtpx:TrackPointExtension></extensions></trkpt><trkpt lat="15.0438914448" lon="73.9803513419"><ele>3.50</ele><time>2026-02-19T03:09:45Z</time><extensions><gpxtpx:TrackPointExtension><gpxtpx:cad>0</gpxtpx:cad></gpxtpx:TrackPointExtension></extensions></trkpt><trkpt lat="15.0441398006" lon="73.9799007308"><ele>4.46</ele><time>2026-02-19T03:10:01Z</time><extensions><gpxtpx:TrackPointExtension><gpxtpx:cad>0</gpxtpx:cad></gpxtpx:TrackPointExtension></extensions></trkpt><trkpt lat="15.0443827920" lon="73.9795092121"><ele>3.98</ele><time>2026-02-19T03:10:15Z</time><extensions><gpxtpx:TrackPointExtension><gpxtpx:cad>0</gpxtpx:cad></gpxtpx:TrackPointExtension></extensions></trkpt><trkpt lat="15.0446448103" lon="73.9791797195"><ele>4.46</ele><time>2026-02-19T03:10:28Z</time><extensions><gpxtpx:TrackPointExtension><gpxtpx:cad>0</gpxtpx:cad></gpxtpx:TrackPointExtension></extensions></trkpt><trkpt lat="15.0449582096" lon="73.9787190501"><ele>3.50</ele><time>2026-02-19T03:10:45Z</time><extensions><gpxtpx:TrackPointExtension><gpxtpx:cad>0</gpxtpx:cad></gpxtpx:TrackPointExtension></extensions></trkpt><trkpt lat="15.0452909712" lon="73.9782380965"><ele>3.02</ele><time>2026-02-19T03:11:03Z</time><extensions><gpxtpx:TrackPointExtension><gpxtpx:cad>0</gpxtpx:cad></gpxtpx:TrackPointExtension></extensions></trkpt><trkpt lat="15.0456288457" lon="73.9776864834"><ele>1.58</ele><time>2026-02-19T03:11:23Z</time><extensions><gpxtpx:TrackPointExtension><gpxtpx:cad>0</gpxtpx:cad></gpxtpx:TrackPointExtension></extensions></trkpt><trkpt lat="15.0459223799" lon="73.9772177674"><ele>1.10</ele><time>2026-02-19T03:11:40Z</time><extensions><gpxtpx:TrackPointExtension><gpxtpx:cad>0</gpxtpx:cad></gpxtpx:TrackPointExtension></extensions></trkpt><trkpt lat="15.0461963005" lon="73.9767285995"><ele>1.10</ele><time>2026-02-19T03:11:57Z</time><extensions><gpxtpx:TrackPointExtension><gpxtpx:cad>0</gpxtpx:cad></gpxtpx:TrackPointExtension></extensions></trkpt><trkpt lat="15.0464698020" lon="73.9762815926"><ele>1.58</ele><time>2026-02-19T03:12:13Z</time><extensions><gpxtpx:TrackPointExtension><gpxtpx:cad>0</gpxtpx:cad></gpxtpx:TrackPointExtension></extensions></trkpt><trkpt lat="15.0468308106" lon="73.9758263715"><ele>1.58</ele><time>2026-02-19T03:12:31Z</time><extensions><gpxtpx:TrackPointExtension><gpxtpx:cad>0</gpxtpx:cad></gpxtpx:TrackPointExtension></extensions></trkpt><trkpt lat="15.0471638236" lon="73.9753410593"><ele>1.10</ele><time>2026-02-19T03:12:49Z</time><extensions><gpxtpx:TrackPointExtension><gpxtpx:cad>0</gpxtpx:cad></gpxtpx:TrackPointExtension></extensions></trkpt><trkpt lat="15.0474442821" lon="73.9749065414"><ele>0.62</ele><time>2026-02-19T03:13:05Z</time><extensions><gpxtpx:TrackPointExtension><gpxtpx:cad>0</gpxtpx:cad></gpxtpx:TrackPointExtension></extensions></trkpt><trkpt lat="15.0477207173" lon="73.9744138531"><ele>1.58</ele><time>2026-02-19T03:13:22Z</time><extensions><gpxtpx:TrackPointExtension><gpxtpx:cad>0</gpxtpx:cad></gpxtpx:TrackPointExtension></extensions></trkpt><trkpt lat="15.0480118208" lon="73.9739775751"><ele>1.58</ele><time>2026-02-19T03:13:38Z</time><extensions><gpxtpx:TrackPointExtension><gpxtpx:cad>0</gpxtpx:cad></gpxtpx:TrackPointExtension></extensions></trkpt><trkpt lat="15.0482662953" lon="73.9736338332"><ele>1.10</ele><time>2026-02-19T03:13:51Z</time><extensions><gpxtpx:TrackPointExtension><gpxtpx:cad>0</gpxtpx:cad></gpxtpx:TrackPointExtension></extensions></trkpt><trkpt lat="15.0486200955" lon="73.9732543007"><ele>2.06</ele><time>2026-02-19T03:14:07Z</time><extensions><gpxtpx:TrackPointExtension><gpxtpx:cad>0</gpxtpx:cad></gpxtpx:TrackPointExtension></extensions></trkpt><trkpt lat="15.0490217563" lon="73.9727743529"><ele>2.54</ele><time>2026-02-19T03:14:26Z</time><extensions><gpxtpx:TrackPointExtension><gpxtpx:cad>0</gpxtpx:cad></gpxtpx:TrackPointExtension></extensions></trkpt><trkpt lat="15.0492179766" lon="73.9722864423"><ele>2.06</ele><time>2026-02-19T03:14:42Z</time><extensions><gpxtpx:TrackPointExtension><gpxtpx:cad>0</gpxtpx:cad></gpxtpx:TrackPointExtension></extensions></trkpt><trkpt lat="15.0494193099" lon="73.9717207476"><ele>1.10</ele><time>2026-02-19T03:15:00Z</time><extensions><gpxtpx:TrackPointExtension><gpxtpx:cad>0</gpxtpx:cad></gpxtpx:TrackPointExtension></extensions></trkpt><trkpt lat="15.0496240798" lon="73.9711944479"><ele>1.58</ele><time>2026-02-19T03:15:17Z</time><extensions><gpxtpx:TrackPointExtension><gpxtpx:cad>0</gpxtpx:cad></gpxtpx:TrackPointExtension></extensions></trkpt><trkpt lat="15.0498348847" lon="73.9706268255"><ele>1.58</ele><time>2026-02-19T03:15:35Z</time><extensions><gpxtpx:TrackPointExtension><gpxtpx:cad>0</gpxtpx:cad></gpxtpx:TrackPointExtension></extensions></trkpt><trkpt lat="15.0500604417" lon="73.9701011125"><ele>2.06</ele><time>2026-02-19T03:15:52Z</time><extensions><gpxtpx:TrackPointExtension><gpxtpx:cad>0</gpxtpx:cad></gpxtpx:TrackPointExtension></extensions></trkpt><trkpt lat="15.0502212904" lon="73.9695930853"><ele>2.06</ele><time>2026-02-19T03:16:08Z</time><extensions><gpxtpx:TrackPointExtension><gpxtpx:cad>0</gpxtpx:cad></gpxtpx:TrackPointExtension></extensions></trkpt><trkpt lat="15.0504707359" lon="73.9689962100"><ele>3.02</ele><time>2026-02-19T03:16:27Z</time><extensions><gpxtpx:TrackPointExtension><gpxtpx:cad>0</gpxtpx:cad></gpxtpx:TrackPointExtension></extensions></trkpt><trkpt lat="15.0506649446" lon="73.9684970677"><ele>2.54</ele><time>2026-02-19T03:16:43Z</time><extensions><gpxtpx:TrackPointExtension><gpxtpx:cad>0</gpxtpx:cad></gpxtpx:TrackPointExtension></extensions></trkpt><trkpt lat="15.0508770905" lon="73.9679710194"><ele>2.54</ele><time>2026-02-19T03:17:00Z</time><extensions><gpxtpx:TrackPointExtension><gpxtpx:cad>0</gpxtpx:cad></gpxtpx:TrackPointExtension></extensions></trkpt><trkpt lat="15.0510903262" lon="73.9674106054"><ele>3.02</ele><time>2026-02-19T03:17:18Z</time><extensions><gpxtpx:TrackPointExtension><gpxtpx:cad>0</gpxtpx:cad></gpxtpx:TrackPointExtension></extensions></trkpt><trkpt lat="15.0512995385" lon="73.9667745028"><ele>3.98</ele><time>2026-02-19T03:17:38Z</time><extensions><gpxtpx:TrackPointExtension><gpxtpx:cad>0</gpxtpx:cad></gpxtpx:TrackPointExtension></extensions></trkpt><trkpt lat="15.0515387580" lon="73.9661853388"><ele>3.50</ele><time>2026-02-19T03:17:57Z</time><extensions><gpxtpx:TrackPointExtension><gpxtpx:cad>0</gpxtpx:cad></gpxtpx:TrackPointExtension></extensions></trkpt><trkpt lat="15.0516677555" lon="73.9655931573"><ele>3.02</ele><time>2026-02-19T03:18:15Z</time><extensions><gpxtpx:TrackPointExtension><gpxtpx:cad>0</gpxtpx:cad></gpxtpx:TrackPointExtension></extensions></trkpt><trkpt lat="15.0518041290" lon="73.9650371857"><ele>2.54</ele><time>2026-02-19T03:18:32Z</time><extensions><gpxtpx:TrackPointExtension><gpxtpx:cad>0</gpxtpx:cad></gpxtpx:TrackPointExtension></extensions></trkpt><trkpt lat="15.0519658159" lon="73.9644898474"><ele>3.02</ele><time>2026-02-19T03:18:49Z</time><extensions><gpxtpx:TrackPointExtension><gpxtpx:cad>0</gpxtpx:cad></gpxtpx:TrackPointExtension></extensions></trkpt><trkpt lat="15.0521923788" lon="73.9640049543"><ele>3.02</ele><time>2026-02-19T03:19:05Z</time><extensions><gpxtpx:TrackPointExtension><gpxtpx:cad>0</gpxtpx:cad></gpxtpx:TrackPointExtension></extensions></trkpt><trkpt lat="15.0523533951" lon="73.9635268506"><ele>3.50</ele><time>2026-02-19T03:19:20Z</time><extensions><gpxtpx:TrackPointExtension><gpxtpx:cad>0</gpxtpx:cad></gpxtpx:TrackPointExtension></extensions></trkpt><trkpt lat="15.0524954684" lon="73.9629370999"><ele>3.50</ele><time>2026-02-19T03:19:38Z</time><extensions><gpxtpx:TrackPointExtension><gpxtpx:cad>0</gpxtpx:cad></gpxtpx:TrackPointExtension></extensions></trkpt><trkpt lat="15.0526138209" lon="73.9624850638"><ele>3.98</ele><time>2026-02-19T03:19:52Z</time><extensions><gpxtpx:TrackPointExtension><gpxtpx:cad>0</gpxtpx:cad></gpxtpx:TrackPointExtension></extensions></trkpt><trkpt lat="15.0528073590" lon="73.9619777072"><ele>3.02</ele><time>2026-02-19T03:20:08Z</time><extensions><gpxtpx:TrackPointExtension><gpxtpx:cad>0</gpxtpx:cad></gpxtpx:TrackPointExtension></extensions></trkpt><trkpt lat="15.0529677887" lon="73.9613917284"><ele>3.02</ele><time>2026-02-19T03:20:26Z</time><extensions><gpxtpx:TrackPointExtension><gpxtpx:cad>0</gpxtpx:cad></gpxtpx:TrackPointExtension></extensions></trkpt><trkpt lat="15.0531175733" lon="73.9608088508"><ele>3.02</ele><time>2026-02-19T03:20:44Z</time><extensions><gpxtpx:TrackPointExtension><gpxtpx:cad>0</gpxtpx:cad></gpxtpx:TrackPointExtension></extensions></trkpt><trkpt lat="15.0532983709" lon="73.9604169130"><ele>3.02</ele><time>2026-02-19T03:20:57Z</time><extensions><gpxtpx:TrackPointExtension><gpxtpx:cad>0</gpxtpx:cad></gpxtpx:TrackPointExtension></extensions></trkpt><trkpt lat="15.0536517520" lon="73.9602755941"><ele>3.50</ele><time>2026-02-19T03:21:09Z</time><extensions><gpxtpx:TrackPointExtension><gpxtpx:cad>0</gpxtpx:cad></gpxtpx:TrackPointExtension></extensions></trkpt><trkpt lat="15.0539960805" lon="73.9600201137"><ele>3.02</ele><time>2026-02-19T03:21:22Z</time><extensions><gpxtpx:TrackPointExtension><gpxtpx:cad>0</gpxtpx:cad></gpxtpx:TrackPointExtension></extensions></trkpt><trkpt lat="15.0545351207" lon="73.9595710952"><ele>2.06</ele><time>2026-02-19T03:21:43Z</time><extensions><gpxtpx:TrackPointExtension><gpxtpx:cad>0</gpxtpx:cad></gpxtpx:TrackPointExtension></extensions></trkpt><trkpt lat="15.0549568143" lon="73.9591350686"><ele>3.02</ele><time>2026-02-19T03:22:01Z</time><extensions><gpxtpx:TrackPointExtension><gpxtpx:cad>0</gpxtpx:cad></gpxtpx:TrackPointExtension></extensions></trkpt><trkpt lat="15.0552283041" lon="73.9588317275"><ele>3.02</ele><time>2026-02-19T03:22:13Z</time><extensions><gpxtpx:TrackPointExtension><gpxtpx:cad>0</gpxtpx:cad></gpxtpx:TrackPointExtension></extensions></trkpt><trkpt lat="15.0555383507" lon="73.9584738202"><ele>3.02</ele><time>2026-02-19T03:22:27Z</time><extensions><gpxtpx:TrackPointExtension><gpxtpx:cad>0</gpxtpx:cad></gpxtpx:TrackPointExtension></extensions></trkpt><trkpt lat="15.0559134409" lon="73.9581323415"><ele>3.02</ele><time>2026-02-19T03:22:42Z</time><extensions><gpxtpx:TrackPointExtension><gpxtpx:cad>0</gpxtpx:cad></gpxtpx:TrackPointExtension></extensions></trkpt><trkpt lat="15.0562651455" lon="73.9577667229"><ele>3.02</ele><time>2026-02-19T03:22:57Z</time><extensions><gpxtpx:TrackPointExtension><gpxtpx:cad>0</gpxtpx:cad></gpxtpx:TrackPointExtension></extensions></trkpt><trkpt lat="15.0566720031" lon="73.9573557582"><ele>2.06</ele><time>2026-02-19T03:23:14Z</time><extensions><gpxtpx:TrackPointExtension><gpxtpx:cad>0</gpxtpx:cad></gpxtpx:TrackPointExtension></extensions></trkpt><trkpt lat="15.0570211094" lon="73.9569979347"><ele>2.06</ele><time>2026-02-19T03:23:29Z</time><extensions><gpxtpx:TrackPointExtension><gpxtpx:cad>0</gpxtpx:cad></gpxtpx:TrackPointExtension></extensions></trkpt><trkpt lat="15.0573239475" lon="73.9566874690"><ele>2.54</ele><time>2026-02-19T03:23:42Z</time><extensions><gpxtpx:TrackPointExtension><gpxtpx:cad>0</gpxtpx:cad></gpxtpx:TrackPointExtension></extensions></trkpt><trkpt lat="15.0576909073" lon="73.9562864788"><ele>3.50</ele><time>2026-02-19T03:23:58Z</time><extensions><gpxtpx:TrackPointExtension><gpxtpx:cad>0</gpxtpx:cad></gpxtpx:TrackPointExtension></extensions></trkpt><trkpt lat="15.0579556078" lon="73.9559832215"><ele>3.02</ele><time>2026-02-19T03:24:10Z</time><extensions><gpxtpx:TrackPointExtension><gpxtpx:cad>0</gpxtpx:cad></gpxtpx:TrackPointExtension></extensions></trkpt><trkpt lat="15.0582054723" lon="73.9556147531"><ele>3.98</ele><time>2026-02-19T03:24:23Z</time><extensions><gpxtpx:TrackPointExtension><gpxtpx:cad>0</gpxtpx:cad></gpxtpx:TrackPointExtension></extensions></trkpt><trkpt lat="15.0585483760" lon="73.9552723523"><ele>3.50</ele><time>2026-02-19T03:24:38Z</time><extensions><gpxtpx:TrackPointExtension><gpxtpx:cad>0</gpxtpx:cad></gpxtpx:TrackPointExtension></extensions></trkpt><trkpt lat="15.0589124858" lon="73.9550415985"><ele>4.46</ele><time>2026-02-19T03:24:51Z</time><extensions><gpxtpx:TrackPointExtension><gpxtpx:cad>0</gpxtpx:cad></gpxtpx:TrackPointExtension></extensions></trkpt><trkpt lat="15.0593009032" lon="73.9548530057"><ele>4.46</ele><time>2026-02-19T03:25:04Z</time><extensions><gpxtpx:TrackPointExtension><gpxtpx:cad>0</gpxtpx:cad></gpxtpx:TrackPointExtension></extensions></trkpt><trkpt lat="15.0597199146" lon="73.9546147920"><ele>3.50</ele><time>2026-02-19T03:25:18Z</time><extensions><gpxtpx:TrackPointExtension><gpxtpx:cad>0</gpxtpx:cad></gpxtpx:TrackPointExtension></extensions></trkpt><trkpt lat="15.0601675920" lon="73.9543194138"><ele>3.98</ele><time>2026-02-19T03:25:34Z</time><extensions><gpxtpx:TrackPointExtension><gpxtpx:cad>0</gpxtpx:cad></gpxtpx:TrackPointExtension></extensions></trkpt><trkpt lat="15.0606585201" lon="73.9540469181"><ele>3.50</ele><time>2026-02-19T03:25:51Z</time><extensions><gpxtpx:TrackPointExtension><gpxtpx:cad>0</gpxtpx:cad></gpxtpx:TrackPointExtension></extensions></trkpt><trkpt lat="15.0610587560" lon="73.9537631907"><ele>3.50</ele><time>2026-02-19T03:26:06Z</time><extensions><gpxtpx:TrackPointExtension><gpxtpx:cad>0</gpxtpx:cad></gpxtpx:TrackPointExtension></extensions></trkpt><trkpt lat="15.0614768453" lon="73.9535460155"><ele>3.02</ele><time>2026-02-19T03:26:20Z</time><extensions><gpxtpx:TrackPointExtension><gpxtpx:cad>0</gpxtpx:cad></gpxtpx:TrackPointExtension></extensions></trkpt><trkpt lat="15.0618293043" lon="73.9533501305"><ele>2.54</ele><time>2026-02-19T03:26:32Z</time><extensions><gpxtpx:TrackPointExtension><gpxtpx:cad>0</gpxtpx:cad></gpxtpx:TrackPointExtension></extensions></trkpt><trkpt lat="15.0622593798" lon="73.9531592745"><ele>3.50</ele><time>2026-02-19T03:26:46Z</time><extensions><gpxtpx:TrackPointExtension><gpxtpx:cad>0</gpxtpx:cad></gpxtpx:TrackPointExtension></extensions></trkpt><trkpt lat="15.0626577716" lon="73.9528754633"><ele>3.50</ele><time>2026-02-19T03:27:01Z</time><extensions><gpxtpx:TrackPointExtension><gpxtpx:cad>0</gpxtpx:cad></gpxtpx:TrackPointExtension></extensions></trkpt><trkpt lat="15.0630696584" lon="73.9525570348"><ele>3.50</ele><time>2026-02-19T03:27:17Z</time><extensions><gpxtpx:TrackPointExtension><gpxtpx:cad>0</gpxtpx:cad></gpxtpx:TrackPointExtension></extensions></trkpt><trkpt lat="15.0635589939" lon="73.9522824436"><ele>3.02</ele><time>2026-02-19T03:27:34Z</time><extensions><gpxtpx:TrackPointExtension><gpxtpx:cad>0</gpxtpx:cad></gpxtpx:TrackPointExtension></extensions></trkpt><trkpt lat="15.0640112814" lon="73.9520719741"><ele>3.02</ele><time>2026-02-19T03:27:49Z</time><extensions><gpxtpx:TrackPointExtension><gpxtpx:cad>0</gpxtpx:cad></gpxtpx:TrackPointExtension></extensions></trkpt><trkpt lat="15.0646659918" lon="73.9516760968"><ele>3.50</ele><time>2026-02-19T03:28:12Z</time><extensions><gpxtpx:TrackPointExtension><gpxtpx:cad>0</gpxtpx:cad></gpxtpx:TrackPointExtension></extensions></trkpt><trkpt lat="15.0652032718" lon="73.9512853324"><ele>3.50</ele><time>2026-02-19T03:28:32Z</time><extensions><gpxtpx:TrackPointExtension><gpxtpx:cad>0</gpxtpx:cad></gpxtpx:TrackPointExtension></extensions></trkpt><trkpt lat="15.0656476803" lon="73.9510008506"><ele>2.06</ele><time>2026-02-19T03:28:48Z</time><extensions><gpxtpx:TrackPointExtension><gpxtpx:cad>0</gpxtpx:cad></gpxtpx:TrackPointExtension></extensions></trkpt><trkpt lat="15.0660954416" lon="73.9506913070"><ele>2.06</ele><time>2026-02-19T03:29:04Z</time><extensions><gpxtpx:TrackPointExtension><gpxtpx:cad>0</gpxtpx:cad></gpxtpx:TrackPointExtension></extensions></trkpt><trkpt lat="15.0665002875" lon="73.9503486548"><ele>2.06</ele><time>2026-02-19T03:29:20Z</time><extensions><gpxtpx:TrackPointExtension><gpxtpx:cad>0</gpxtpx:cad></gpxtpx:TrackPointExtension></extensions></trkpt><trkpt lat="15.0669006910" lon="73.9502069168"><ele>2.54</ele><time>2026-02-19T03:29:33Z</time><extensions><gpxtpx:TrackPointExtension><gpxtpx:cad>0</gpxtpx:cad></gpxtpx:TrackPointExtension></extensions></trkpt><trkpt lat="15.0673295930" lon="73.9500493370"><ele>2.54</ele><time>2026-02-19T03:29:47Z</time><extensions><gpxtpx:TrackPointExtension><gpxtpx:cad>0</gpxtpx:cad></gpxtpx:TrackPointExtension></extensions></trkpt><trkpt lat="15.0678242091" lon="73.9497760870"><ele>2.06</ele><time>2026-02-19T03:30:04Z</time><extensions><gpxtpx:TrackPointExtension><gpxtpx:cad>0</gpxtpx:cad></gpxtpx:TrackPointExtension></extensions></trkpt><trkpt lat="15.0683294702" lon="73.9495325927"><ele>2.06</ele><time>2026-02-19T03:30:21Z</time><extensions><gpxtpx:TrackPointExtension><gpxtpx:cad>0</gpxtpx:cad></gpxtpx:TrackPointExtension></extensions></trkpt><trkpt lat="15.0687615573" lon="73.9491640404"><ele>2.06</ele><time>2026-02-19T03:30:38Z</time><extensions><gpxtpx:TrackPointExtension><gpxtpx:cad>0</gpxtpx:cad></gpxtpx:TrackPointExtension></extensions></trkpt><trkpt lat="15.0691302773" lon="73.9488834981"><ele>2.06</ele><time>2026-02-19T03:30:52Z</time><extensions><gpxtpx:TrackPointExtension><gpxtpx:cad>0</gpxtpx:cad></gpxtpx:TrackPointExtension></extensions></trkpt><trkpt lat="15.0695254840" lon="73.9485730324"><ele>3.02</ele><time>2026-02-19T03:31:07Z</time><extensions><gpxtpx:TrackPointExtension><gpxtpx:cad>0</gpxtpx:cad></gpxtpx:TrackPointExtension></extensions></trkpt><trkpt lat="15.0697947945" lon="73.9480254427"><ele>3.02</ele><time>2026-02-19T03:31:25Z</time><extensions><gpxtpx:TrackPointExtension><gpxtpx:cad>0</gpxtpx:cad></gpxtpx:TrackPointExtension></extensions></trkpt><trkpt lat="15.0699850637" lon="73.9475376997"><ele>3.98</ele><time>2026-02-19T03:31:40Z</time><extensions><gpxtpx:TrackPointExtension><gpxtpx:cad>0</gpxtpx:cad></gpxtpx:TrackPointExtension></extensions></trkpt><trkpt lat="15.0701310765" lon="73.9471720811"><ele>3.98</ele><time>2026-02-19T03:31:52Z</time><extensions><gpxtpx:TrackPointExtension><gpxtpx:cad>0</gpxtpx:cad></gpxtpx:TrackPointExtension></extensions></trkpt><trkpt lat="15.0702259596" lon="73.9467533212"><ele>4.46</ele><time>2026-02-19T03:32:05Z</time><extensions><gpxtpx:TrackPointExtension><gpxtpx:cad>0</gpxtpx:cad></gpxtpx:TrackPointExtension></extensions></trkpt><trkpt lat="15.0705062505" lon="73.9462903049"><ele>4.94</ele><time>2026-02-19T03:32:21Z</time><extensions><gpxtpx:TrackPointExtension><gpxtpx:cad>0</gpxtpx:cad></gpxtpx:TrackPointExtension></extensions></trkpt><trkpt lat="15.0706600584" lon="73.9458443038"><ele>4.94</ele><time>2026-02-19T03:32:35Z</time><extensions><gpxtpx:TrackPointExtension><gpxtpx:cad>0</gpxtpx:cad></gpxtpx:TrackPointExtension></extensions></trkpt><trkpt lat="15.0709500723" lon="73.9453423955"><ele>4.46</ele><time>2026-02-19T03:32:52Z</time><extensions><gpxtpx:TrackPointExtension><gpxtpx:cad>0</gpxtpx:cad></gpxtpx:TrackPointExtension></extensions></trkpt><trkpt lat="15.0711680856" lon="73.9448461030"><ele>4.46</ele><time>2026-02-19T03:33:08Z</time><extensions><gpxtpx:TrackPointExtension><gpxtpx:cad>0</gpxtpx:cad></gpxtpx:TrackPointExtension></extensions></trkpt><trkpt lat="15.0713647250" lon="73.9443696756"><ele>4.94</ele><time>2026-02-19T03:33:23Z</time><extensions><gpxtpx:TrackPointExtension><gpxtpx:cad>0</gpxtpx:cad></gpxtpx:TrackPointExtension></extensions></trkpt><trkpt lat="15.0715153478" lon="73.9439569507"><ele>5.42</ele><time>2026-02-19T03:33:36Z</time><extensions><gpxtpx:TrackPointExtension><gpxtpx:cad>0</gpxtpx:cad></gpxtpx:TrackPointExtension></extensions></trkpt><trkpt lat="15.0717545673" lon="73.9434293937"><ele>5.42</ele><time>2026-02-19T03:33:53Z</time><extensions><gpxtpx:TrackPointExtension><gpxtpx:cad>0</gpxtpx:cad></gpxtpx:TrackPointExtension></extensions></trkpt><trkpt lat="15.0720084552" lon="73.9429110568"><ele>5.42</ele><time>2026-02-19T03:34:10Z</time><extensions><gpxtpx:TrackPointExtension><gpxtpx:cad>0</gpxtpx:cad></gpxtpx:TrackPointExtension></extensions></trkpt><trkpt lat="15.0722101238" lon="73.9424393233"><ele>5.91</ele><time>2026-02-19T03:34:25Z</time><extensions><gpxtpx:TrackPointExtension><gpxtpx:cad>0</gpxtpx:cad></gpxtpx:TrackPointExtension></extensions></trkpt><trkpt lat="15.0724723097" lon="73.9419665001"><ele>5.42</ele><time>2026-02-19T03:34:41Z</time><extensions><gpxtpx:TrackPointExtension><gpxtpx:cad>0</gpxtpx:cad></gpxtpx:TrackPointExtension></extensions></trkpt><trkpt lat="15.0727057457" lon="73.9414022304"><ele>4.46</ele><time>2026-02-19T03:34:59Z</time><extensions><gpxtpx:TrackPointExtension><gpxtpx:cad>0</gpxtpx:cad></gpxtpx:TrackPointExtension></extensions></trkpt><trkpt lat="15.0729300454" lon="73.9408596698"><ele>4.46</ele><time>2026-02-19T03:35:16Z</time><extensions><gpxtpx:TrackPointExtension><gpxtpx:cad>0</gpxtpx:cad></gpxtpx:TrackPointExtension></extensions></trkpt><trkpt lat="15.0731428619" lon="73.9403113257"><ele>4.46</ele><time>2026-02-19T03:35:33Z</time><extensions><gpxtpx:TrackPointExtension><gpxtpx:cad>0</gpxtpx:cad></gpxtpx:TrackPointExtension></extensions></trkpt><trkpt lat="15.0733035430" lon="73.9397295378"><ele>4.94</ele><time>2026-02-19T03:35:51Z</time><extensions><gpxtpx:TrackPointExtension><gpxtpx:cad>0</gpxtpx:cad></gpxtpx:TrackPointExtension></extensions></trkpt><trkpt lat="15.0734930579" lon="73.9391366020"><ele>3.98</ele><time>2026-02-19T03:36:09Z</time><extensions><gpxtpx:TrackPointExtension><gpxtpx:cad>0</gpxtpx:cad></gpxtpx:TrackPointExtension></extensions></trkpt><trkpt lat="15.0736771245" lon="73.9386277366"><ele>3.50</ele><time>2026-02-19T03:36:25Z</time><extensions><gpxtpx:TrackPointExtension><gpxtpx:cad>0</gpxtpx:cad></gpxtpx:TrackPointExtension></extensions></trkpt><trkpt lat="15.0739109796" lon="73.9381078072"><ele>3.98</ele><time>2026-02-19T03:36:42Z</time><extensions><gpxtpx:TrackPointExtension><gpxtpx:cad>0</gpxtpx:cad></gpxtpx:TrackPointExtension></extensions></trkpt><trkpt lat="15.0740700681" lon="73.9378089923"><ele>3.98</ele><time>2026-02-19T03:36:53Z</time><extensions><gpxtpx:TrackPointExtension><gpxtpx:cad>0</gpxtpx:cad></gpxtpx:TrackPointExtension></extensions></trkpt><trkpt lat="15.0742662884" lon="73.9374085888"><ele>3.50</ele><time>2026-02-19T03:37:08Z</time><extensions><gpxtpx:TrackPointExtension><gpxtpx:cad>0</gpxtpx:cad></gpxtpx:TrackPointExtension></extensions></trkpt><trkpt lat="15.0745164044" lon="73.9368590713"><ele>3.98</ele><time>2026-02-19T03:37:25Z</time><extensions><gpxtpx:TrackPointExtension><gpxtpx:cad>0</gpxtpx:cad></gpxtpx:TrackPointExtension></extensions></trkpt><trkpt lat="15.0747576356" lon="73.9362527244"><ele>3.98</ele><time>2026-02-19T03:37:43Z</time><extensions><gpxtpx:TrackPointExtension><gpxtpx:cad>0</gpxtpx:cad></gpxtpx:TrackPointExtension></extensions></trkpt><trkpt lat="15.0750309695" lon="73.9356814977"><ele>3.98</ele><time>2026-02-19T03:38:00Z</time><extensions><gpxtpx:TrackPointExtension><gpxtpx:cad>0</gpxtpx:cad></gpxtpx:TrackPointExtension></extensions></trkpt><trkpt lat="15.0753130205" lon="73.9350835327"><ele>4.46</ele><time>2026-02-19T03:38:17Z</time><extensions><gpxtpx:TrackPointExtension><gpxtpx:cad>0</gpxtpx:cad></gpxtpx:TrackPointExtension></extensions></trkpt><trkpt lat="15.0756516494" lon="73.9344424009"><ele>4.46</ele><time>2026-02-19T03:38:36Z</time><extensions><gpxtpx:TrackPointExtension><gpxtpx:cad>0</gpxtpx:cad></gpxtpx:TrackPointExtension></extensions></trkpt><trkpt lat="15.0759580918" lon="73.9338693302"><ele>5.42</ele><time>2026-02-19T03:38:53Z</time><extensions><gpxtpx:TrackPointExtension><gpxtpx:cad>0</gpxtpx:cad></gpxtpx:TrackPointExtension></extensions></trkpt><trkpt lat="15.0762833934" lon="73.9333615545"><ele>4.46</ele><time>2026-02-19T03:39:09Z</time><extensions><gpxtpx:TrackPointExtension><gpxtpx:cad>0</gpxtpx:cad></gpxtpx:TrackPointExtension></extensions></trkpt><trkpt lat="15.0767081883" lon="73.9327868912"><ele>4.46</ele><time>2026-02-19T03:39:28Z</time><extensions><gpxtpx:TrackPointExtension><gpxtpx:cad>0</gpxtpx:cad></gpxtpx:TrackPointExtension></extensions></trkpt><trkpt lat="15.0770916604" lon="73.9322620165"><ele>4.46</ele><time>2026-02-19T03:39:45Z</time><extensions><gpxtpx:TrackPointExtension><gpxtpx:cad>0</gpxtpx:cad></gpxtpx:TrackPointExtension></extensions></trkpt><trkpt lat="15.0775423553" lon="73.9317103196"><ele>4.46</ele><time>2026-02-19T03:40:04Z</time><extensions><gpxtpx:TrackPointExtension><gpxtpx:cad>0</gpxtpx:cad></gpxtpx:TrackPointExtension></extensions></trkpt><trkpt lat="15.0779575109" lon="73.9311110135"><ele>3.98</ele><time>2026-02-19T03:40:23Z</time><extensions><gpxtpx:TrackPointExtension><gpxtpx:cad>0</gpxtpx:cad></gpxtpx:TrackPointExtension></extensions></trkpt><trkpt lat="15.0782364607" lon="73.9306635875"><ele>3.98</ele><time>2026-02-19T03:40:37Z</time><extensions><gpxtpx:TrackPointExtension><gpxtpx:cad>0</gpxtpx:cad></gpxtpx:TrackPointExtension></extensions></trkpt><trkpt lat="15.0786656979" lon="73.9301817119"><ele>3.98</ele><time>2026-02-19T03:40:54Z</time><extensions><gpxtpx:TrackPointExtension><gpxtpx:cad>0</gpxtpx:cad></gpxtpx:TrackPointExtension></extensions></trkpt><trkpt lat="15.0792039838" lon="73.9296308532"><ele>4.46</ele><time>2026-02-19T03:41:14Z</time><extensions><gpxtpx:TrackPointExtension><gpxtpx:cad>0</gpxtpx:cad></gpxtpx:TrackPointExtension></extensions></trkpt><trkpt lat="15.0795418583" lon="73.9292181283"><ele>3.98</ele><time>2026-02-19T03:41:28Z</time><extensions><gpxtpx:TrackPointExtension><gpxtpx:cad>0</gpxtpx:cad></gpxtpx:TrackPointExtension></extensions></trkpt><trkpt lat="15.0799786393" lon="73.9286938403"><ele>3.50</ele><time>2026-02-19T03:41:46Z</time><extensions><gpxtpx:TrackPointExtension><gpxtpx:cad>0</gpxtpx:cad></gpxtpx:TrackPointExtension></extensions></trkpt><trkpt lat="15.0804217905" lon="73.9282768406"><ele>3.98</ele><time>2026-02-19T03:42:02Z</time><extensions><gpxtpx:TrackPointExtension><gpxtpx:cad>0</gpxtpx:cad></gpxtpx:TrackPointExtension></extensions></trkpt><trkpt lat="15.0808112975" lon="73.9279755950"><ele>3.98</ele><time>2026-02-19T03:42:15Z</time><extensions><gpxtpx:TrackPointExtension><gpxtpx:cad>0</gpxtpx:cad></gpxtpx:TrackPointExtension></extensions></trkpt><trkpt lat="15.0812735595" lon="73.9275425859"><ele>3.98</ele><time>2026-02-19T03:42:32Z</time><extensions><gpxtpx:TrackPointExtension><gpxtpx:cad>0</gpxtpx:cad></gpxtpx:TrackPointExtension></extensions></trkpt><trkpt lat="15.0816899724" lon="73.9272171166"><ele>4.46</ele><time>2026-02-19T03:42:46Z</time><extensions><gpxtpx:TrackPointExtension><gpxtpx:cad>0</gpxtpx:cad></gpxtpx:TrackPointExtension></extensions></trkpt><trkpt lat="15.0820875261" lon="73.9268662501"><ele>4.46</ele><time>2026-02-19T03:43:00Z</time><extensions><gpxtpx:TrackPointExtension><gpxtpx:cad>0</gpxtpx:cad></gpxtpx:TrackPointExtension></extensions></trkpt><trkpt lat="15.0826507900" lon="73.9262716379"><ele>4.94</ele><time>2026-02-19T03:43:22Z</time><extensions><gpxtpx:TrackPointExtension><gpxtpx:cad>0</gpxtpx:cad></gpxtpx:TrackPointExtension></extensions></trkpt><trkpt lat="15.0831504352" lon="73.9258092083"><ele>4.46</ele><time>2026-02-19T03:43:40Z</time><extensions><gpxtpx:TrackPointExtension><gpxtpx:cad>0</gpxtpx:cad></gpxtpx:TrackPointExtension></extensions></trkpt><trkpt lat="15.0835218374" lon="73.9252507221"><ele>4.94</ele><time>2026-02-19T03:43:58Z</time><extensions><gpxtpx:TrackPointExtension><gpxtpx:cad>0</gpxtpx:cad></gpxtpx:TrackPointExtension></extensions></trkpt><trkpt lat="15.0837131962" lon="73.9246535953"><ele>4.46</ele><time>2026-02-19T03:44:15Z</time><extensions><gpxtpx:TrackPointExtension><gpxtpx:cad>0</gpxtpx:cad></gpxtpx:TrackPointExtension></extensions></trkpt><trkpt lat="15.0838846061" lon="73.9240231086"><ele>4.94</ele><time>2026-02-19T03:44:32Z</time><extensions><gpxtpx:TrackPointExtension><gpxtpx:cad>0</gpxtpx:cad></gpxtpx:TrackPointExtension></extensions></trkpt><trkpt lat="15.0838940777" lon="73.9233306795"><ele>5.91</ele><time>2026-02-19T03:44:50Z</time><extensions><gpxtpx:TrackPointExtension><gpxtpx:cad>0</gpxtpx:cad></gpxtpx:TrackPointExtension></extensions></trkpt><trkpt lat="15.0838713627" lon="73.9225776494"><ele>6.39</ele><time>2026-02-19T03:45:10Z</time><extensions><gpxtpx:TrackPointExtension><gpxtpx:cad>0</gpxtpx:cad></gpxtpx:TrackPointExtension></extensions></trkpt><trkpt lat="15.0837684330" lon="73.9218758326"><ele>5.42</ele><time>2026-02-19T03:45:29Z</time><extensions><gpxtpx:TrackPointExtension><gpxtpx:cad>0</gpxtpx:cad></gpxtpx:TrackPointExtension></extensions></trkpt><trkpt lat="15.0835985318" lon="73.9210636262"><ele>5.42</ele><time>2026-02-19T03:45:51Z</time><extensions><gpxtpx:TrackPointExtension><gpxtpx:cad>0</gpxtpx:cad></gpxtpx:TrackPointExtension></extensions></trkpt><trkpt lat="15.0833780039" lon="73.9202889707"><ele>4.94</ele><time>2026-02-19T03:46:12Z</time><extensions><gpxtpx:TrackPointExtension><gpxtpx:cad>0</gpxtpx:cad></gpxtpx:TrackPointExtension></extensions></trkpt><trkpt lat="15.0831692945" lon="73.9195245411"><ele>4.46</ele><time>2026-02-19T03:46:33Z</time><extensions><gpxtpx:TrackPointExtension><gpxtpx:cad>0</gpxtpx:cad></gpxtpx:TrackPointExtension></extensions></trkpt><trkpt lat="15.0829963759" lon="73.9187376481"><ele>4.46</ele><time>2026-02-19T03:46:54Z</time><extensions><gpxtpx:TrackPointExtension><gpxtpx:cad>0</gpxtpx:cad></gpxtpx:TrackPointExtension></extensions></trkpt><trkpt lat="15.0828338508" lon="73.9179844502"><ele>3.98</ele><time>2026-02-19T03:47:14Z</time><extensions><gpxtpx:TrackPointExtension><gpxtpx:cad>0</gpxtpx:cad></gpxtpx:TrackPointExtension></extensions></trkpt><trkpt lat="15.0827629399" lon="73.9172576554"><ele>4.46</ele><time>2026-02-19T03:47:33Z</time><extensions><gpxtpx:TrackPointExtension><gpxtpx:cad>0</gpxtpx:cad></gpxtpx:TrackPointExtension></extensions></trkpt><trkpt lat="15.0828113034" lon="73.9166187868"><ele>4.46</ele><time>2026-02-19T03:47:50Z</time><extensions><gpxtpx:TrackPointExtension><gpxtpx:cad>0</gpxtpx:cad></gpxtpx:TrackPointExtension></extensions></trkpt><trkpt lat="15.0828898419" lon="73.9160145354"><ele>4.46</ele><time>2026-02-19T03:48:06Z</time><extensions><gpxtpx:TrackPointExtension><gpxtpx:cad>0</gpxtpx:cad></gpxtpx:TrackPointExtension></extensions></trkpt><trkpt lat="15.0827245507" lon="73.9153388701"><ele>4.46</ele><time>2026-02-19T03:48:24Z</time><extensions><gpxtpx:TrackPointExtension><gpxtpx:cad>0</gpxtpx:cad></gpxtpx:TrackPointExtension></extensions></trkpt><trkpt lat="15.0825028494" lon="73.9147347864"><ele>4.46</ele><time>2026-02-19T03:48:41Z</time><extensions><gpxtpx:TrackPointExtension><gpxtpx:cad>0</gpxtpx:cad></gpxtpx:TrackPointExtension></extensions></trkpt><trkpt lat="15.0821863487" lon="73.9140480570"><ele>3.98</ele><time>2026-02-19T03:49:01Z</time><extensions><gpxtpx:TrackPointExtension><gpxtpx:cad>0</gpxtpx:cad></gpxtpx:TrackPointExtension></extensions></trkpt><trkpt lat="15.0819276832" lon="73.9135344140"><ele>4.46</ele><time>2026-02-19T03:49:16Z</time><extensions><gpxtpx:TrackPointExtension><gpxtpx:cad>0</gpxtpx:cad></gpxtpx:TrackPointExtension></extensions></trkpt><trkpt lat="15.0818501506" lon="73.9131643530"><ele>3.98</ele><time>2026-02-19T03:49:26Z</time><extensions><gpxtpx:TrackPointExtension><gpxtpx:cad>0</gpxtpx:cad></gpxtpx:TrackPointExtension></extensions></trkpt><trkpt lat="15.0818373263" lon="73.9125456847"><ele>5.91</ele><time>2026-02-19T03:49:42Z</time><extensions><gpxtpx:TrackPointExtension><gpxtpx:cad>0</gpxtpx:cad></gpxtpx:TrackPointExtension></extensions></trkpt><trkpt lat="15.0818209816" lon="73.9120507333"><ele>7.35</ele><time>2026-02-19T03:49:55Z</time><extensions><gpxtpx:TrackPointExtension><gpxtpx:cad>0</gpxtpx:cad></gpxtpx:TrackPointExtension></extensions></trkpt><trkpt lat="15.0818260945" lon="73.9118149504"><ele>6.87</ele><time>2026-02-19T03:50:01Z</time><extensions><gpxtpx:TrackPointExtension><gpxtpx:cad>0</gpxtpx:cad></gpxtpx:TrackPointExtension></extensions></trkpt><trkpt lat="15.0818987656" lon="73.9112470765"><ele>5.91</ele><time>2026-02-19T03:50:16Z</time><extensions><gpxtpx:TrackPointExtension><gpxtpx:cad>0</gpxtpx:cad></gpxtpx:TrackPointExtension></extensions></trkpt><trkpt lat="15.0819279347" lon="73.9106755145"><ele>6.39</ele><time>2026-02-19T03:50:31Z</time><extensions><gpxtpx:TrackPointExtension><gpxtpx:cad>0</gpxtpx:cad></gpxtpx:TrackPointExtension></extensions></trkpt><trkpt lat="15.0820363127" lon="73.9101125021"><ele>7.35</ele><time>2026-02-19T03:50:46Z</time><extensions><gpxtpx:TrackPointExtension><gpxtpx:cad>0</gpxtpx:cad></gpxtpx:TrackPointExtension></extensions></trkpt><trkpt lat="15.0821709260" lon="73.9096307103"><ele>7.83</ele><time>2026-02-19T03:50:59Z</time><extensions><gpxtpx:TrackPointExtension><gpxtpx:cad>0</gpxtpx:cad></gpxtpx:TrackPointExtension></extensions></trkpt><trkpt lat="15.0822938047" lon="73.9092693664"><ele>5.91</ele><time>2026-02-19T03:51:10Z</time><extensions><gpxtpx:TrackPointExtension><gpxtpx:cad>0</gpxtpx:cad></gpxtpx:TrackPointExtension></extensions></trkpt><trkpt lat="15.0824275799" lon="73.9089840464"><ele>4.94</ele><time>2026-02-19T03:51:20Z</time><extensions><gpxtpx:TrackPointExtension><gpxtpx:cad>0</gpxtpx:cad></gpxtpx:TrackPointExtension></extensions></trkpt><trkpt lat="15.0827094633" lon="73.9089264628"><ele>5.91</ele><time>2026-02-19T03:51:31Z</time><extensions><gpxtpx:TrackPointExtension><gpxtpx:cad>0</gpxtpx:cad></gpxtpx:TrackPointExtension></extensions></trkpt><trkpt lat="15.0830941927" lon="73.9091188274"><ele>6.39</ele><time>2026-02-19T03:51:43Z</time><extensions><gpxtpx:TrackPointExtension><gpxtpx:cad>0</gpxtpx:cad></gpxtpx:TrackPointExtension></extensions></trkpt><trkpt lat="15.0835132878" lon="73.9093655068"><ele>5.91</ele><time>2026-02-19T03:51:56Z</time><extensions><gpxtpx:TrackPointExtension><gpxtpx:cad>0</gpxtpx:cad></gpxtpx:TrackPointExtension></extensions></trkpt><trkpt lat="15.0840084068" lon="73.9096991904"><ele>5.91</ele><time>2026-02-19T03:52:11Z</time><extensions><gpxtpx:TrackPointExtension><gpxtpx:cad>0</gpxtpx:cad></gpxtpx:TrackPointExtension></extensions></trkpt><trkpt lat="15.0844137557" lon="73.9099371526"><ele>5.42</ele><time>2026-02-19T03:52:23Z</time><extensions><gpxtpx:TrackPointExtension><gpxtpx:cad>0</gpxtpx:cad></gpxtpx:TrackPointExtension></extensions></trkpt><trkpt lat="15.0848839805" lon="73.9102057926"><ele>5.42</ele><time>2026-02-19T03:52:37Z</time><extensions><gpxtpx:TrackPointExtension><gpxtpx:cad>0</gpxtpx:cad></gpxtpx:TrackPointExtension></extensions></trkpt><trkpt lat="15.0849498622" lon="73.9102499653"><ele>5.91</ele><time>2026-02-19T03:52:39Z</time><extensions><gpxtpx:TrackPointExtension><gpxtpx:cad>0</gpxtpx:cad></gpxtpx:TrackPointExtension></extensions></trkpt><trkpt lat="15.0850584917" lon="73.9103084709"><ele>5.91</ele><time>2026-02-19T03:52:42Z</time><extensions><gpxtpx:TrackPointExtension><gpxtpx:cad>0</gpxtpx:cad></gpxtpx:TrackPointExtension></extensions></trkpt><trkpt lat="15.0856026448" lon="73.9106330182"><ele>4.94</ele><time>2026-02-19T03:52:58Z</time><extensions><gpxtpx:TrackPointExtension><gpxtpx:cad>0</gpxtpx:cad></gpxtpx:TrackPointExtension></extensions></trkpt><trkpt lat="15.0860634819" lon="73.9109490160"><ele>4.46</ele><time>2026-02-19T03:53:12Z</time><extensions><gpxtpx:TrackPointExtension><gpxtpx:cad>0</gpxtpx:cad></gpxtpx:TrackPointExtension></extensions></trkpt><trkpt lat="15.0864962395" lon="73.9112862200"><ele>3.98</ele><time>2026-02-19T03:53:26Z</time><extensions><gpxtpx:TrackPointExtension><gpxtpx:cad>0</gpxtpx:cad></gpxtpx:TrackPointExtension></extensions></trkpt><trkpt lat="15.0867803022" lon="73.9115738031"><ele>3.98</ele><time>2026-02-19T03:53:37Z</time><extensions><gpxtpx:TrackPointExtension><gpxtpx:cad>0</gpxtpx:cad></gpxtpx:TrackPointExtension></extensions></trkpt><trkpt lat="15.0871902611" lon="73.9119683392"><ele>3.50</ele><time>2026-02-19T03:53:52Z</time><extensions><gpxtpx:TrackPointExtension><gpxtpx:cad>0</gpxtpx:cad></gpxtpx:TrackPointExtension></extensions></trkpt><trkpt lat="15.0875215139" lon="73.9123135060"><ele>3.02</ele><time>2026-02-19T03:54:05Z</time><extensions><gpxtpx:TrackPointExtension><gpxtpx:cad>0</gpxtpx:cad></gpxtpx:TrackPointExtension></extensions></trkpt><trkpt lat="15.0878020562" lon="73.9127352834"><ele>2.54</ele><time>2026-02-19T03:54:19Z</time><extensions><gpxtpx:TrackPointExtension><gpxtpx:cad>0</gpxtpx:cad></gpxtpx:TrackPointExtension></extensions></trkpt><trkpt lat="15.0881053973" lon="73.9131299872"><ele>2.54</ele><time>2026-02-19T03:54:32Z</time><extensions><gpxtpx:TrackPointExtension><gpxtpx:cad>0</gpxtpx:cad></gpxtpx:TrackPointExtension></extensions></trkpt><trkpt lat="15.0884069782" lon="73.9135532733"><ele>3.50</ele><time>2026-02-19T03:54:46Z</time><extensions><gpxtpx:TrackPointExtension><gpxtpx:cad>0</gpxtpx:cad></gpxtpx:TrackPointExtension></extensions></trkpt><trkpt lat="15.0887298491" lon="73.9140628092"><ele>3.50</ele><time>2026-02-19T03:55:02Z</time><extensions><gpxtpx:TrackPointExtension><gpxtpx:cad>0</gpxtpx:cad></gpxtpx:TrackPointExtension></extensions></trkpt><trkpt lat="15.0891087949" lon="73.9145726804"><ele>3.02</ele><time>2026-02-19T03:55:19Z</time><extensions><gpxtpx:TrackPointExtension><gpxtpx:cad>0</gpxtpx:cad></gpxtpx:TrackPointExtension></extensions></trkpt><trkpt lat="15.0893657841" lon="73.9149907697"><ele>3.50</ele><time>2026-02-19T03:55:32Z</time><extensions><gpxtpx:TrackPointExtension><gpxtpx:cad>0</gpxtpx:cad></gpxtpx:TrackPointExtension></extensions></trkpt><trkpt lat="15.0896493439" lon="73.9154621679"><ele>3.02</ele><time>2026-02-19T03:55:47Z</time><extensions><gpxtpx:TrackPointExtension><gpxtpx:cad>0</gpxtpx:cad></gpxtpx:TrackPointExtension></extensions></trkpt><trkpt lat="15.0899458956" lon="73.9159059897"><ele>3.98</ele><time>2026-02-19T03:56:01Z</time><extensions><gpxtpx:TrackPointExtension><gpxtpx:cad>0</gpxtpx:cad></gpxtpx:TrackPointExtension></extensions></trkpt><trkpt lat="15.0902372506" lon="73.9163791481"><ele>3.02</ele><time>2026-02-19T03:56:16Z</time><extensions><gpxtpx:TrackPointExtension><gpxtpx:cad>0</gpxtpx:cad></gpxtpx:TrackPointExtension></extensions></trkpt><trkpt lat="15.0904825889" lon="73.9168929588"><ele>3.02</ele><time>2026-02-19T03:56:31Z</time><extensions><gpxtpx:TrackPointExtension><gpxtpx:cad>0</gpxtpx:cad></gpxtpx:TrackPointExtension></extensions></trkpt><trkpt lat="15.0907213893" lon="73.9172889199"><ele>3.98</ele><time>2026-02-19T03:56:43Z</time><extensions><gpxtpx:TrackPointExtension><gpxtpx:cad>0</gpxtpx:cad></gpxtpx:TrackPointExtension></extensions></trkpt><trkpt lat="15.0911134947" lon="73.9176469110"><ele>3.50</ele><time>2026-02-19T03:56:57Z</time><extensions><gpxtpx:TrackPointExtension><gpxtpx:cad>0</gpxtpx:cad></gpxtpx:TrackPointExtension></extensions></trkpt><trkpt lat="15.0912363734" lon="73.9177468233"><ele>3.98</ele><time>2026-02-19T03:57:01Z</time><extensions><gpxtpx:TrackPointExtension><gpxtpx:cad>0</gpxtpx:cad></gpxtpx:TrackPointExtension></extensions></trkpt><trkpt lat="15.0917531177" lon="73.9181576204"><ele>4.46</ele><time>2026-02-19T03:57:18Z</time><extensions><gpxtpx:TrackPointExtension><gpxtpx:cad>0</gpxtpx:cad></gpxtpx:TrackPointExtension></extensions></trkpt><trkpt lat="15.0923260208" lon="73.9184488915"><ele>6.39</ele><time>2026-02-19T03:57:35Z</time><extensions><gpxtpx:TrackPointExtension><gpxtpx:cad>0</gpxtpx:cad></gpxtpx:TrackPointExtension></extensions></trkpt><trkpt lat="15.0928568467" lon="73.9186981693"><ele>5.42</ele><time>2026-02-19T03:57:51Z</time><extensions><gpxtpx:TrackPointExtension><gpxtpx:cad>0</gpxtpx:cad></gpxtpx:TrackPointExtension></extensions></trkpt><trkpt lat="15.0933885109" lon="73.9189009275"><ele>5.42</ele><time>2026-02-19T03:58:06Z</time><extensions><gpxtpx:TrackPointExtension><gpxtpx:cad>0</gpxtpx:cad></gpxtpx:TrackPointExtension></extensions></trkpt><trkpt lat="15.0938518625" lon="73.9191902708"><ele>4.94</ele><time>2026-02-19T03:58:21Z</time><extensions><gpxtpx:TrackPointExtension><gpxtpx:cad>0</gpxtpx:cad></gpxtpx:TrackPointExtension></extensions></trkpt><trkpt lat="15.0942987017" lon="73.9196148142"><ele>4.46</ele><time>2026-02-19T03:58:37Z</time><extensions><gpxtpx:TrackPointExtension><gpxtpx:cad>0</gpxtpx:cad></gpxtpx:TrackPointExtension></extensions></trkpt><trkpt lat="15.0949061383" lon="73.9199061692"><ele>3.98</ele><time>2026-02-19T03:58:55Z</time><extensions><gpxtpx:TrackPointExtension><gpxtpx:cad>0</gpxtpx:cad></gpxtpx:TrackPointExtension></extensions></trkpt><trkpt lat="15.0954144169" lon="73.9200998750"><ele>4.46</ele><time>2026-02-19T03:59:10Z</time><extensions><gpxtpx:TrackPointExtension><gpxtpx:cad>0</gpxtpx:cad></gpxtpx:TrackPointExtension></extensions></trkpt><trkpt lat="15.0960862264" lon="73.9204079937"><ele>4.94</ele><time>2026-02-19T03:59:30Z</time><extensions><gpxtpx:TrackPointExtension><gpxtpx:cad>0</gpxtpx:cad></gpxtpx:TrackPointExtension></extensions></trkpt><trkpt lat="15.0966774859" lon="73.9206536673"><ele>4.46</ele><time>2026-02-19T03:59:47Z</time><extensions><gpxtpx:TrackPointExtension><gpxtpx:cad>0</gpxtpx:cad></gpxtpx:TrackPointExtension></extensions></trkpt><trkpt lat="15.0972322002" lon="73.9208723512"><ele>4.46</ele><time>2026-02-19T04:00:03Z</time><extensions><gpxtpx:TrackPointExtension><gpxtpx:cad>0</gpxtpx:cad></gpxtpx:TrackPointExtension></extensions></trkpt><trkpt lat="15.0978101324" lon="73.9211450145"><ele>3.98</ele><time>2026-02-19T04:00:20Z</time><extensions><gpxtpx:TrackPointExtension><gpxtpx:cad>0</gpxtpx:cad></gpxtpx:TrackPointExtension></extensions></trkpt><trkpt lat="15.0981905870" lon="73.9211583417"><ele>3.98</ele><time>2026-02-19T04:00:31Z</time><extensions><gpxtpx:TrackPointExtension><gpxtpx:cad>0</gpxtpx:cad></gpxtpx:TrackPointExtension></extensions></trkpt><trkpt lat="15.0986526813" lon="73.9209789690"><ele>4.46</ele><time>2026-02-19T04:00:45Z</time><extensions><gpxtpx:TrackPointExtension><gpxtpx:cad>0</gpxtpx:cad></gpxtpx:TrackPointExtension></extensions></trkpt><trkpt lat="15.0991151948" lon="73.9206996001"><ele>4.94</ele><time>2026-02-19T04:01:00Z</time><extensions><gpxtpx:TrackPointExtension><gpxtpx:cad>0</gpxtpx:cad></gpxtpx:TrackPointExtension></extensions></trkpt><trkpt lat="15.0995762832" lon="73.9203836862"><ele>4.94</ele><time>2026-02-19T04:01:16Z</time><extensions><gpxtpx:TrackPointExtension><gpxtpx:cad>0</gpxtpx:cad></gpxtpx:TrackPointExtension></extensions></trkpt><trkpt lat="15.0999854878" lon="73.9201028086"><ele>4.94</ele><time>2026-02-19T04:01:30Z</time><extensions><gpxtpx:TrackPointExtension><gpxtpx:cad>0</gpxtpx:cad></gpxtpx:TrackPointExtension></extensions></trkpt><trkpt lat="15.1004799362" lon="73.9198372699"><ele>3.98</ele><time>2026-02-19T04:01:46Z</time><extensions><gpxtpx:TrackPointExtension><gpxtpx:cad>0</gpxtpx:cad></gpxtpx:TrackPointExtension></extensions></trkpt><trkpt lat="15.1009296253" lon="73.9195480943"><ele>4.46</ele><time>2026-02-19T04:02:01Z</time><extensions><gpxtpx:TrackPointExtension><gpxtpx:cad>0</gpxtpx:cad></gpxtpx:TrackPointExtension></extensions></trkpt><trkpt lat="15.1013203058" lon="73.9192457590"><ele>4.46</ele><time>2026-02-19T04:02:15Z</time><extensions><gpxtpx:TrackPointExtension><gpxtpx:cad>0</gpxtpx:cad></gpxtpx:TrackPointExtension></extensions></trkpt><trkpt lat="15.1017175242" lon="73.9188798051"><ele>4.94</ele><time>2026-02-19T04:02:30Z</time><extensions><gpxtpx:TrackPointExtension><gpxtpx:cad>0</gpxtpx:cad></gpxtpx:TrackPointExtension></extensions></trkpt><trkpt lat="15.1021188498" lon="73.9185918029"><ele>3.98</ele><time>2026-02-19T04:02:44Z</time><extensions><gpxtpx:TrackPointExtension><gpxtpx:cad>0</gpxtpx:cad></gpxtpx:TrackPointExtension></extensions></trkpt><trkpt lat="15.1025248691" lon="73.9182864502"><ele>3.98</ele><time>2026-02-19T04:02:58Z</time><extensions><gpxtpx:TrackPointExtension><gpxtpx:cad>0</gpxtpx:cad></gpxtpx:TrackPointExtension></extensions></trkpt><trkpt lat="15.1029313914" lon="73.9178794250"><ele>4.46</ele><time>2026-02-19T04:03:14Z</time><extensions><gpxtpx:TrackPointExtension><gpxtpx:cad>0</gpxtpx:cad></gpxtpx:TrackPointExtension></extensions></trkpt><trkpt lat="15.1033742912" lon="73.9175885729"><ele>4.46</ele><time>2026-02-19T04:03:29Z</time><extensions><gpxtpx:TrackPointExtension><gpxtpx:cad>0</gpxtpx:cad></gpxtpx:TrackPointExtension></extensions></trkpt><trkpt lat="15.1038271654" lon="73.9173774328"><ele>4.94</ele><time>2026-02-19T04:03:43Z</time><extensions><gpxtpx:TrackPointExtension><gpxtpx:cad>0</gpxtpx:cad></gpxtpx:TrackPointExtension></extensions></trkpt><trkpt lat="15.1043118071" lon="73.9171422366"><ele>3.98</ele><time>2026-02-19T04:03:58Z</time><extensions><gpxtpx:TrackPointExtension><gpxtpx:cad>0</gpxtpx:cad></gpxtpx:TrackPointExtension></extensions></trkpt><trkpt lat="15.1047395356" lon="73.9168733452"><ele>4.46</ele><time>2026-02-19T04:04:12Z</time><extensions><gpxtpx:TrackPointExtension><gpxtpx:cad>0</gpxtpx:cad></gpxtpx:TrackPointExtension></extensions></trkpt><trkpt lat="15.1051794179" lon="73.9165438525"><ele>5.42</ele><time>2026-02-19T04:04:27Z</time><extensions><gpxtpx:TrackPointExtension><gpxtpx:cad>0</gpxtpx:cad></gpxtpx:TrackPointExtension></extensions></trkpt><trkpt lat="15.1055980939" lon="73.9161867835"><ele>4.46</ele><time>2026-02-19T04:04:42Z</time><extensions><gpxtpx:TrackPointExtension><gpxtpx:cad>0</gpxtpx:cad></gpxtpx:TrackPointExtension></extensions></trkpt><trkpt lat="15.1060425024" lon="73.9158864599"><ele>4.46</ele><time>2026-02-19T04:04:57Z</time><extensions><gpxtpx:TrackPointExtension><gpxtpx:cad>0</gpxtpx:cad></gpxtpx:TrackPointExtension></extensions></trkpt><trkpt lat="15.1064407267" lon="73.9155899081"><ele>3.02</ele><time>2026-02-19T04:05:12Z</time><extensions><gpxtpx:TrackPointExtension><gpxtpx:cad>0</gpxtpx:cad></gpxtpx:TrackPointExtension></extensions></trkpt><trkpt lat="15.1067713927" lon="73.9154321607"><ele>3.50</ele><time>2026-02-19T04:05:23Z</time><extensions><gpxtpx:TrackPointExtension><gpxtpx:cad>0</gpxtpx:cad></gpxtpx:TrackPointExtension></extensions></trkpt><trkpt lat="15.1072686911" lon="73.9152588230"><ele>3.02</ele><time>2026-02-19T04:05:39Z</time><extensions><gpxtpx:TrackPointExtension><gpxtpx:cad>0</gpxtpx:cad></gpxtpx:TrackPointExtension></extensions></trkpt><trkpt lat="15.1075481437" lon="73.9151869901"><ele>3.02</ele><time>2026-02-19T04:05:48Z</time><extensions><gpxtpx:TrackPointExtension><gpxtpx:cad>0</gpxtpx:cad></gpxtpx:TrackPointExtension></extensions></trkpt><trkpt lat="15.1079591084" lon="73.9150315896"><ele>2.54</ele><time>2026-02-19T04:06:01Z</time><extensions><gpxtpx:TrackPointExtension><gpxtpx:cad>0</gpxtpx:cad></gpxtpx:TrackPointExtension></extensions></trkpt><trkpt lat="15.1084065344" lon="73.9149504527"><ele>3.98</ele><time>2026-02-19T04:06:15Z</time><extensions><gpxtpx:TrackPointExtension><gpxtpx:cad>0</gpxtpx:cad></gpxtpx:TrackPointExtension></extensions></trkpt><trkpt lat="15.1087915152" lon="73.9150245488"><ele>4.94</ele><time>2026-02-19T04:06:27Z</time><extensions><gpxtpx:TrackPointExtension><gpxtpx:cad>0</gpxtpx:cad></gpxtpx:TrackPointExtension></extensions></trkpt><trkpt lat="15.1091756579" lon="73.9151049312"><ele>4.46</ele><time>2026-02-19T04:06:39Z</time><extensions><gpxtpx:TrackPointExtension><gpxtpx:cad>0</gpxtpx:cad></gpxtpx:TrackPointExtension></extensions></trkpt><trkpt lat="15.1096402667" lon="73.9152161591"><ele>4.46</ele><time>2026-02-19T04:06:53Z</time><extensions><gpxtpx:TrackPointExtension><gpxtpx:cad>0</gpxtpx:cad></gpxtpx:TrackPointExtension></extensions></trkpt><trkpt lat="15.1100775506" lon="73.9153251238"><ele>4.46</ele><time>2026-02-19T04:07:07Z</time><extensions><gpxtpx:TrackPointExtension><gpxtpx:cad>0</gpxtpx:cad></gpxtpx:TrackPointExtension></extensions></trkpt><trkpt lat="15.1105207019" lon="73.9154428057"><ele>3.98</ele><time>2026-02-19T04:07:21Z</time><extensions><gpxtpx:TrackPointExtension><gpxtpx:cad>0</gpxtpx:cad></gpxtpx:TrackPointExtension></extensions></trkpt><trkpt lat="15.1109825447" lon="73.9155989606"><ele>3.98</ele><time>2026-02-19T04:07:36Z</time><extensions><gpxtpx:TrackPointExtension><gpxtpx:cad>0</gpxtpx:cad></gpxtpx:TrackPointExtension></extensions></trkpt><trkpt lat="15.1113863010" lon="73.9157220908"><ele>4.46</ele><time>2026-02-19T04:07:49Z</time><extensions><gpxtpx:TrackPointExtension><gpxtpx:cad>0</gpxtpx:cad></gpxtpx:TrackPointExtension></extensions></trkpt><trkpt lat="15.1117767300" lon="73.9158760663"><ele>3.98</ele><time>2026-02-19T04:08:02Z</time><extensions><gpxtpx:TrackPointExtension><gpxtpx:cad>0</gpxtpx:cad></gpxtpx:TrackPointExtension></extensions></trkpt><trkpt lat="15.1121966634" lon="73.9161495678"><ele>3.98</ele><time>2026-02-19T04:08:17Z</time><extensions><gpxtpx:TrackPointExtension><gpxtpx:cad>0</gpxtpx:cad></gpxtpx:TrackPointExtension></extensions></trkpt><trkpt lat="15.1125794649" lon="73.9163938165"><ele>3.50</ele><time>2026-02-19T04:08:31Z</time><extensions><gpxtpx:TrackPointExtension><gpxtpx:cad>0</gpxtpx:cad></gpxtpx:TrackPointExtension></extensions></trkpt><trkpt lat="15.1129346900" lon="73.9166710060"><ele>3.50</ele><time>2026-02-19T04:08:45Z</time><extensions><gpxtpx:TrackPointExtension><gpxtpx:cad>0</gpxtpx:cad></gpxtpx:TrackPointExtension></extensions></trkpt><trkpt lat="15.1132434793" lon="73.9169492014"><ele>3.02</ele><time>2026-02-19T04:08:58Z</time><extensions><gpxtpx:TrackPointExtension><gpxtpx:cad>0</gpxtpx:cad></gpxtpx:TrackPointExtension></extensions></trkpt><trkpt lat="15.1136427931" lon="73.9171610959"><ele>2.06</ele><time>2026-02-19T04:09:12Z</time><extensions><gpxtpx:TrackPointExtension><gpxtpx:cad>0</gpxtpx:cad></gpxtpx:TrackPointExtension></extensions></trkpt><trkpt lat="15.1139680948" lon="73.9174208511"><ele>2.06</ele><time>2026-02-19T04:09:26Z</time><extensions><gpxtpx:TrackPointExtension><gpxtpx:cad>0</gpxtpx:cad></gpxtpx:TrackPointExtension></extensions></trkpt><trkpt lat="15.1145223062" lon="73.9175796881"><ele>3.02</ele><time>2026-02-19T04:09:44Z</time><extensions><gpxtpx:TrackPointExtension><gpxtpx:cad>0</gpxtpx:cad></gpxtpx:TrackPointExtension></extensions></trkpt><trkpt lat="15.1149158366" lon="73.9177803509"><ele>2.06</ele><time>2026-02-19T04:09:58Z</time><extensions><gpxtpx:TrackPointExtension><gpxtpx:cad>0</gpxtpx:cad></gpxtpx:TrackPointExtension></extensions></trkpt><trkpt lat="15.1152802818" lon="73.9180487394"><ele>2.06</ele><time>2026-02-19T04:10:12Z</time><extensions><gpxtpx:TrackPointExtension><gpxtpx:cad>0</gpxtpx:cad></gpxtpx:TrackPointExtension></extensions></trkpt><trkpt lat="15.1156825293" lon="73.9183556009"><ele>2.06</ele><time>2026-02-19T04:10:27Z</time><extensions><gpxtpx:TrackPointExtension><gpxtpx:cad>0</gpxtpx:cad></gpxtpx:TrackPointExtension></extensions></trkpt><trkpt lat="15.1159823500" lon="73.9187216386"><ele>2.54</ele><time>2026-02-19T04:10:42Z</time><extensions><gpxtpx:TrackPointExtension><gpxtpx:cad>0</gpxtpx:cad></gpxtpx:TrackPointExtension></extensions></trkpt><trkpt lat="15.1162083261" lon="73.9192527160"><ele>2.54</ele><time>2026-02-19T04:10:59Z</time><extensions><gpxtpx:TrackPointExtension><gpxtpx:cad>0</gpxtpx:cad></gpxtpx:TrackPointExtension></extensions></trkpt><trkpt lat="15.1163435262" lon="73.9197972883"><ele>2.06</ele><time>2026-02-19T04:11:16Z</time><extensions><gpxtpx:TrackPointExtension><gpxtpx:cad>0</gpxtpx:cad></gpxtpx:TrackPointExtension></extensions></trkpt><trkpt lat="15.1164915506" lon="73.9203574508"><ele>1.58</ele><time>2026-02-19T04:11:33Z</time><extensions><gpxtpx:TrackPointExtension><gpxtpx:cad>0</gpxtpx:cad></gpxtpx:TrackPointExtension></extensions></trkpt><trkpt lat="15.1166011021" lon="73.9208700880"><ele>1.58</ele><time>2026-02-19T04:11:49Z</time><extensions><gpxtpx:TrackPointExtension><gpxtpx:cad>0</gpxtpx:cad></gpxtpx:TrackPointExtension></extensions></trkpt><trkpt lat="15.1166952308" lon="73.9214752614"><ele>3.02</ele><time>2026-02-19T04:12:07Z</time><extensions><gpxtpx:TrackPointExtension><gpxtpx:cad>0</gpxtpx:cad></gpxtpx:TrackPointExtension></extensions></trkpt><trkpt lat="15.1168208756" lon="73.9219196700"><ele>3.98</ele><time>2026-02-19T04:12:21Z</time><extensions><gpxtpx:TrackPointExtension><gpxtpx:cad>0</gpxtpx:cad></gpxtpx:TrackPointExtension></extensions></trkpt><trkpt lat="15.1170209516" lon="73.9224425331"><ele>3.50</ele><time>2026-02-19T04:12:38Z</time><extensions><gpxtpx:TrackPointExtension><gpxtpx:cad>0</gpxtpx:cad></gpxtpx:TrackPointExtension></extensions></trkpt><trkpt lat="15.1172694750" lon="73.9228917193"><ele>3.02</ele><time>2026-02-19T04:12:53Z</time><extensions><gpxtpx:TrackPointExtension><gpxtpx:cad>0</gpxtpx:cad></gpxtpx:TrackPointExtension></extensions></trkpt><trkpt lat="15.1175213512" lon="73.9234352857"><ele>3.02</ele><time>2026-02-19T04:13:11Z</time><extensions><gpxtpx:TrackPointExtension><gpxtpx:cad>0</gpxtpx:cad></gpxtpx:TrackPointExtension></extensions></trkpt><trkpt lat="15.1178222615" lon="73.9238786884"><ele>3.02</ele><time>2026-02-19T04:13:27Z</time><extensions><gpxtpx:TrackPointExtension><gpxtpx:cad>0</gpxtpx:cad></gpxtpx:TrackPointExtension></extensions></trkpt><trkpt lat="15.1181709487" lon="73.9242881443"><ele>3.02</ele><time>2026-02-19T04:13:43Z</time><extensions><gpxtpx:TrackPointExtension><gpxtpx:cad>0</gpxtpx:cad></gpxtpx:TrackPointExtension></extensions></trkpt><trkpt lat="15.1185185462" lon="73.9246762265"><ele>2.54</ele><time>2026-02-19T04:13:59Z</time><extensions><gpxtpx:TrackPointExtension><gpxtpx:cad>0</gpxtpx:cad></gpxtpx:TrackPointExtension></extensions></trkpt><trkpt lat="15.1187930536" lon="73.9251417574"><ele>2.54</ele><time>2026-02-19T04:14:15Z</time><extensions><gpxtpx:TrackPointExtension><gpxtpx:cad>0</gpxtpx:cad></gpxtpx:TrackPointExtension></extensions></trkpt><trkpt lat="15.1190173533" lon="73.9256297518"><ele>2.06</ele><time>2026-02-19T04:14:31Z</time><extensions><gpxtpx:TrackPointExtension><gpxtpx:cad>0</gpxtpx:cad></gpxtpx:TrackPointExtension></extensions></trkpt><trkpt lat="15.1191787887" lon="73.9261024911"><ele>2.06</ele><time>2026-02-19T04:14:46Z</time><extensions><gpxtpx:TrackPointExtension><gpxtpx:cad>0</gpxtpx:cad></gpxtpx:TrackPointExtension></extensions></trkpt><trkpt lat="15.1193429902" lon="73.9266488235"><ele>2.06</ele><time>2026-02-19T04:15:03Z</time><extensions><gpxtpx:TrackPointExtension><gpxtpx:cad>0</gpxtpx:cad></gpxtpx:TrackPointExtension></extensions></trkpt><trkpt lat="15.1194484346" lon="73.9272211399"><ele>2.06</ele><time>2026-02-19T04:15:20Z</time><extensions><gpxtpx:TrackPointExtension><gpxtpx:cad>0</gpxtpx:cad></gpxtpx:TrackPointExtension></extensions></trkpt><trkpt lat="15.1196042541" lon="73.9277694840"><ele>2.54</ele><time>2026-02-19T04:15:37Z</time><extensions><gpxtpx:TrackPointExtension><gpxtpx:cad>0</gpxtpx:cad></gpxtpx:TrackPointExtension></extensions></trkpt><trkpt lat="15.1198384445" lon="73.9282417204"><ele>2.54</ele><time>2026-02-19T04:15:53Z</time><extensions><gpxtpx:TrackPointExtension><gpxtpx:cad>0</gpxtpx:cad></gpxtpx:TrackPointExtension></extensions></trkpt><trkpt lat="15.1200915780" lon="73.9287427906"><ele>2.54</ele><time>2026-02-19T04:16:10Z</time><extensions><gpxtpx:TrackPointExtension><gpxtpx:cad>0</gpxtpx:cad></gpxtpx:TrackPointExtension></extensions></trkpt><trkpt lat="15.1203639898" lon="73.9292859379"><ele>3.02</ele><time>2026-02-19T04:16:28Z</time><extensions><gpxtpx:TrackPointExtension><gpxtpx:cad>0</gpxtpx:cad></gpxtpx:TrackPointExtension></extensions></trkpt><trkpt lat="15.1205173787" lon="73.9297386445"><ele>2.06</ele><time>2026-02-19T04:16:42Z</time><extensions><gpxtpx:TrackPointExtension><gpxtpx:cad>0</gpxtpx:cad></gpxtpx:TrackPointExtension></extensions></trkpt><trkpt lat="15.1206979249" lon="73.9302838873"><ele>2.06</ele><time>2026-02-19T04:16:59Z</time><extensions><gpxtpx:TrackPointExtension><gpxtpx:cad>0</gpxtpx:cad></gpxtpx:TrackPointExtension></extensions></trkpt><trkpt lat="15.1209413353" lon="73.9307924174"><ele>3.02</ele><time>2026-02-19T04:17:16Z</time><extensions><gpxtpx:TrackPointExtension><gpxtpx:cad>0</gpxtpx:cad></gpxtpx:TrackPointExtension></extensions></trkpt><trkpt lat="15.1213641185" lon="73.9313084912"><ele>3.02</ele><time>2026-02-19T04:17:36Z</time><extensions><gpxtpx:TrackPointExtension><gpxtpx:cad>0</gpxtpx:cad></gpxtpx:TrackPointExtension></extensions></trkpt><trkpt lat="15.1216432359" lon="73.9317309391"><ele>3.02</ele><time>2026-02-19T04:17:51Z</time><extensions><gpxtpx:TrackPointExtension><gpxtpx:cad>0</gpxtpx:cad></gpxtpx:TrackPointExtension></extensions></trkpt><trkpt lat="15.1219245326" lon="73.9321921952"><ele>3.50</ele><time>2026-02-19T04:18:07Z</time><extensions><gpxtpx:TrackPointExtension><gpxtpx:cad>0</gpxtpx:cad></gpxtpx:TrackPointExtension></extensions></trkpt><trkpt lat="15.1222126186" lon="73.9327225182"><ele>3.50</ele><time>2026-02-19T04:18:25Z</time><extensions><gpxtpx:TrackPointExtension><gpxtpx:cad>0</gpxtpx:cad></gpxtpx:TrackPointExtension></extensions></trkpt><trkpt lat="15.1225110982" lon="73.9332132787"><ele>3.02</ele><time>2026-02-19T04:18:42Z</time><extensions><gpxtpx:TrackPointExtension><gpxtpx:cad>0</gpxtpx:cad></gpxtpx:TrackPointExtension></extensions></trkpt><trkpt lat="15.1229841728" lon="73.9336508978"><ele>2.54</ele><time>2026-02-19T04:19:01Z</time><extensions><gpxtpx:TrackPointExtension><gpxtpx:cad>0</gpxtpx:cad></gpxtpx:TrackPointExtension></extensions></trkpt><trkpt lat="15.1233949699" lon="73.9340476133"><ele>2.54</ele><time>2026-02-19T04:19:18Z</time><extensions><gpxtpx:TrackPointExtension><gpxtpx:cad>0</gpxtpx:cad></gpxtpx:TrackPointExtension></extensions></trkpt><trkpt lat="15.1237690542" lon="73.9344218653"><ele>2.54</ele><time>2026-02-19T04:19:34Z</time><extensions><gpxtpx:TrackPointExtension><gpxtpx:cad>0</gpxtpx:cad></gpxtpx:TrackPointExtension></extensions></trkpt><trkpt lat="15.1241397858" lon="73.9344590809"><ele>2.54</ele><time>2026-02-19T04:19:46Z</time><extensions><gpxtpx:TrackPointExtension><gpxtpx:cad>0</gpxtpx:cad></gpxtpx:TrackPointExtension></extensions></trkpt><trkpt lat="15.1245489903" lon="73.9342112280"><ele>2.06</ele><time>2026-02-19T04:20:01Z</time><extensions><gpxtpx:TrackPointExtension><gpxtpx:cad>0</gpxtpx:cad></gpxtpx:TrackPointExtension></extensions></trkpt><trkpt lat="15.1249113400" lon="73.9339502156"><ele>3.02</ele><time>2026-02-19T04:20:15Z</time><extensions><gpxtpx:TrackPointExtension><gpxtpx:cad>0</gpxtpx:cad></gpxtpx:TrackPointExtension></extensions></trkpt><trkpt lat="15.1252290979" lon="73.9335944876"><ele>2.54</ele><time>2026-02-19T04:20:30Z</time><extensions><gpxtpx:TrackPointExtension><gpxtpx:cad>0</gpxtpx:cad></gpxtpx:TrackPointExtension></extensions></trkpt><trkpt lat="15.1255606022" lon="73.9331877138"><ele>2.06</ele><time>2026-02-19T04:20:46Z</time><extensions><gpxtpx:TrackPointExtension><gpxtpx:cad>0</gpxtpx:cad></gpxtpx:TrackPointExtension></extensions></trkpt><trkpt lat="15.1258828864" lon="73.9327982906"><ele>3.98</ele><time>2026-02-19T04:21:01Z</time><extensions><gpxtpx:TrackPointExtension><gpxtpx:cad>0</gpxtpx:cad></gpxtpx:TrackPointExtension></extensions></trkpt><trkpt lat="15.1262112055" lon="73.9324281458"><ele>4.94</ele><time>2026-02-19T04:21:16Z</time><extensions><gpxtpx:TrackPointExtension><gpxtpx:cad>0</gpxtpx:cad></gpxtpx:TrackPointExtension></extensions></trkpt><trkpt lat="15.1264398638" lon="73.9320745971"><ele>4.94</ele><time>2026-02-19T04:21:29Z</time><extensions><gpxtpx:TrackPointExtension><gpxtpx:cad>0</gpxtpx:cad></gpxtpx:TrackPointExtension></extensions></trkpt><trkpt lat="15.1267204061" lon="73.9317592699"><ele>4.46</ele><time>2026-02-19T04:21:42Z</time><extensions><gpxtpx:TrackPointExtension><gpxtpx:cad>0</gpxtpx:cad></gpxtpx:TrackPointExtension></extensions></trkpt><trkpt lat="15.1271064766" lon="73.9312695153"><ele>5.42</ele><time>2026-02-19T04:22:01Z</time><extensions><gpxtpx:TrackPointExtension><gpxtpx:cad>0</gpxtpx:cad></gpxtpx:TrackPointExtension></extensions></trkpt><trkpt lat="15.1273454446" lon="73.9307374321"><ele>4.94</ele><time>2026-02-19T04:22:19Z</time><extensions><gpxtpx:TrackPointExtension><gpxtpx:cad>0</gpxtpx:cad></gpxtpx:TrackPointExtension></extensions></trkpt><trkpt lat="15.1275644638" lon="73.9302444924"><ele>3.50</ele><time>2026-02-19T04:22:36Z</time><extensions><gpxtpx:TrackPointExtension><gpxtpx:cad>0</gpxtpx:cad></gpxtpx:TrackPointExtension></extensions></trkpt><trkpt lat="15.1277726702" lon="73.9297685679"><ele>3.98</ele><time>2026-02-19T04:22:52Z</time><extensions><gpxtpx:TrackPointExtension><gpxtpx:cad>0</gpxtpx:cad></gpxtpx:TrackPointExtension></extensions></trkpt><trkpt lat="15.1279335190" lon="73.9294524025"><ele>3.98</ele><time>2026-02-19T04:23:03Z</time><extensions><gpxtpx:TrackPointExtension><gpxtpx:cad>0</gpxtpx:cad></gpxtpx:TrackPointExtension></extensions></trkpt><trkpt lat="15.1280144043" lon="73.9289953373"><ele>5.91</ele><time>2026-02-19T04:23:17Z</time><extensions><gpxtpx:TrackPointExtension><gpxtpx:cad>0</gpxtpx:cad></gpxtpx:TrackPointExtension></extensions></trkpt><trkpt lat="15.1281148195" lon="73.9285140485"><ele>5.42</ele><time>2026-02-19T04:23:32Z</time><extensions><gpxtpx:TrackPointExtension><gpxtpx:cad>0</gpxtpx:cad></gpxtpx:TrackPointExtension></extensions></trkpt><trkpt lat="15.1281676255" lon="73.9280159958"><ele>5.42</ele><time>2026-02-19T04:23:47Z</time><extensions><gpxtpx:TrackPointExtension><gpxtpx:cad>0</gpxtpx:cad></gpxtpx:TrackPointExtension></extensions></trkpt><trkpt lat="15.1281821262" lon="73.9275527280"><ele>5.42</ele><time>2026-02-19T04:24:01Z</time><extensions><gpxtpx:TrackPointExtension><gpxtpx:cad>0</gpxtpx:cad></gpxtpx:TrackPointExtension></extensions></trkpt><trkpt lat="15.1282454934" lon="73.9269983489"><ele>4.94</ele><time>2026-02-19T04:24:18Z</time><extensions><gpxtpx:TrackPointExtension><gpxtpx:cad>0</gpxtpx:cad></gpxtpx:TrackPointExtension></extensions></trkpt><trkpt lat="15.1283786818" lon="73.9266042318"><ele>5.42</ele><time>2026-02-19T04:24:31Z</time><extensions><gpxtpx:TrackPointExtension><gpxtpx:cad>0</gpxtpx:cad></gpxtpx:TrackPointExtension></extensions></trkpt><trkpt lat="15.1285159774" lon="73.9261045028"><ele>4.94</ele><time>2026-02-19T04:24:47Z</time><extensions><gpxtpx:TrackPointExtension><gpxtpx:cad>0</gpxtpx:cad></gpxtpx:TrackPointExtension></extensions></trkpt><trkpt lat="15.1286366768" lon="73.9256298356"><ele>5.42</ele><time>2026-02-19T04:25:02Z</time><extensions><gpxtpx:TrackPointExtension><gpxtpx:cad>0</gpxtpx:cad></gpxtpx:TrackPointExtension></extensions></trkpt><trkpt lat="15.1286696177" lon="73.9251092356"><ele>5.91</ele><time>2026-02-19T04:25:18Z</time><extensions><gpxtpx:TrackPointExtension><gpxtpx:cad>0</gpxtpx:cad></gpxtpx:TrackPointExtension></extensions></trkpt><trkpt lat="15.1289779041" lon="73.9248033799"><ele>6.39</ele><time>2026-02-19T04:25:32Z</time><extensions><gpxtpx:TrackPointExtension><gpxtpx:cad>0</gpxtpx:cad></gpxtpx:TrackPointExtension></extensions></trkpt><trkpt lat="15.1293871924" lon="73.9248854388"><ele>5.91</ele><time>2026-02-19T04:25:45Z</time><extensions><gpxtpx:TrackPointExtension><gpxtpx:cad>0</gpxtpx:cad></gpxtpx:TrackPointExtension></extensions></trkpt><trkpt lat="15.1297818962" lon="73.9251237363"><ele>3.98</ele><time>2026-02-19T04:25:59Z</time><extensions><gpxtpx:TrackPointExtension><gpxtpx:cad>0</gpxtpx:cad></gpxtpx:TrackPointExtension></extensions></trkpt><trkpt lat="15.1301472634" lon="73.9255438372"><ele>4.46</ele><time>2026-02-19T04:26:16Z</time><extensions><gpxtpx:TrackPointExtension><gpxtpx:cad>0</gpxtpx:cad></gpxtpx:TrackPointExtension></extensions></trkpt><trkpt lat="15.1305307355" lon="73.9259191789"><ele>4.46</ele><time>2026-02-19T04:26:32Z</time><extensions><gpxtpx:TrackPointExtension><gpxtpx:cad>0</gpxtpx:cad></gpxtpx:TrackPointExtension></extensions></trkpt><trkpt lat="15.1309127826" lon="73.9263813570"><ele>4.46</ele><time>2026-02-19T04:26:50Z</time><extensions><gpxtpx:TrackPointExtension><gpxtpx:cad>0</gpxtpx:cad></gpxtpx:TrackPointExtension></extensions></trkpt><trkpt lat="15.1313564368" lon="73.9267267752"><ele>4.94</ele><time>2026-02-19T04:27:07Z</time><extensions><gpxtpx:TrackPointExtension><gpxtpx:cad>0</gpxtpx:cad></gpxtpx:TrackPointExtension></extensions></trkpt><trkpt lat="15.1317436807" lon="73.9271457866"><ele>4.46</ele><time>2026-02-19T04:27:24Z</time><extensions><gpxtpx:TrackPointExtension><gpxtpx:cad>0</gpxtpx:cad></gpxtpx:TrackPointExtension></extensions></trkpt><trkpt lat="15.1321481913" lon="73.9275028557"><ele>3.98</ele><time>2026-02-19T04:27:40Z</time><extensions><gpxtpx:TrackPointExtension><gpxtpx:cad>0</gpxtpx:cad></gpxtpx:TrackPointExtension></extensions></trkpt><trkpt lat="15.1325389557" lon="73.9278847352"><ele>4.46</ele><time>2026-02-19T04:27:56Z</time><extensions><gpxtpx:TrackPointExtension><gpxtpx:cad>0</gpxtpx:cad></gpxtpx:TrackPointExtension></extensions></trkpt><trkpt lat="15.1328482479" lon="73.9282021578"><ele>3.98</ele><time>2026-02-19T04:28:09Z</time><extensions><gpxtpx:TrackPointExtension><gpxtpx:cad>0</gpxtpx:cad></gpxtpx:TrackPointExtension></extensions></trkpt><trkpt lat="15.1332010422" lon="73.9286001306"><ele>3.02</ele><time>2026-02-19T04:28:25Z</time><extensions><gpxtpx:TrackPointExtension><gpxtpx:cad>0</gpxtpx:cad></gpxtpx:TrackPointExtension></extensions></trkpt><trkpt lat="15.1336063910" lon="73.9290506579"><ele>3.50</ele><time>2026-02-19T04:28:43Z</time><extensions><gpxtpx:TrackPointExtension><gpxtpx:cad>0</gpxtpx:cad></gpxtpx:TrackPointExtension></extensions></trkpt><trkpt lat="15.1340547390" lon="73.9294664003"><ele>4.46</ele><time>2026-02-19T04:29:01Z</time><extensions><gpxtpx:TrackPointExtension><gpxtpx:cad>0</gpxtpx:cad></gpxtpx:TrackPointExtension></extensions></trkpt><trkpt lat="15.1345094573" lon="73.9298259001"><ele>4.94</ele><time>2026-02-19T04:29:18Z</time><extensions><gpxtpx:TrackPointExtension><gpxtpx:cad>0</gpxtpx:cad></gpxtpx:TrackPointExtension></extensions></trkpt><trkpt lat="15.1349040773" lon="73.9301672112"><ele>4.46</ele><time>2026-02-19T04:29:34Z</time><extensions><gpxtpx:TrackPointExtension><gpxtpx:cad>0</gpxtpx:cad></gpxtpx:TrackPointExtension></extensions></trkpt><trkpt lat="15.1352955122" lon="73.9305475820"><ele>3.98</ele><time>2026-02-19T04:29:50Z</time><extensions><gpxtpx:TrackPointExtension><gpxtpx:cad>0</gpxtpx:cad></gpxtpx:TrackPointExtension></extensions></trkpt><trkpt lat="15.1356540900" lon="73.9309479017"><ele>3.50</ele><time>2026-02-19T04:30:06Z</time><extensions><gpxtpx:TrackPointExtension><gpxtpx:cad>0</gpxtpx:cad></gpxtpx:TrackPointExtension></extensions></trkpt><trkpt lat="15.1360613666" lon="73.9311775658"><ele>3.50</ele><time>2026-02-19T04:30:20Z</time><extensions><gpxtpx:TrackPointExtension><gpxtpx:cad>0</gpxtpx:cad></gpxtpx:TrackPointExtension></extensions></trkpt><trkpt lat="15.1364093833" lon="73.9313776419"><ele>3.50</ele><time>2026-02-19T04:30:32Z</time><extensions><gpxtpx:TrackPointExtension><gpxtpx:cad>0</gpxtpx:cad></gpxtpx:TrackPointExtension></extensions></trkpt><trkpt lat="15.1367791928" lon="73.9317108225"><ele>4.46</ele><time>2026-02-19T04:30:47Z</time><extensions><gpxtpx:TrackPointExtension><gpxtpx:cad>0</gpxtpx:cad></gpxtpx:TrackPointExtension></extensions></trkpt><trkpt lat="15.1371837035" lon="73.9320162591"><ele>4.46</ele><time>2026-02-19T04:31:02Z</time><extensions><gpxtpx:TrackPointExtension><gpxtpx:cad>0</gpxtpx:cad></gpxtpx:TrackPointExtension></extensions></trkpt><trkpt lat="15.1376458816" lon="73.9322578255"><ele>5.42</ele><time>2026-02-19T04:31:18Z</time><extensions><gpxtpx:TrackPointExtension><gpxtpx:cad>0</gpxtpx:cad></gpxtpx:TrackPointExtension></extensions></trkpt><trkpt lat="15.1380798966" lon="73.9324902557"><ele>4.94</ele><time>2026-02-19T04:31:33Z</time><extensions><gpxtpx:TrackPointExtension><gpxtpx:cad>0</gpxtpx:cad></gpxtpx:TrackPointExtension></extensions></trkpt><trkpt lat="15.1385588385" lon="73.9328017272"><ele>4.94</ele><time>2026-02-19T04:31:50Z</time><extensions><gpxtpx:TrackPointExtension><gpxtpx:cad>0</gpxtpx:cad></gpxtpx:TrackPointExtension></extensions></trkpt><trkpt lat="15.1389351021" lon="73.9331267774"><ele>3.50</ele><time>2026-02-19T04:32:05Z</time><extensions><gpxtpx:TrackPointExtension><gpxtpx:cad>0</gpxtpx:cad></gpxtpx:TrackPointExtension></extensions></trkpt><trkpt lat="15.1392697077" lon="73.9334575273"><ele>3.50</ele><time>2026-02-19T04:32:19Z</time><extensions><gpxtpx:TrackPointExtension><gpxtpx:cad>0</gpxtpx:cad></gpxtpx:TrackPointExtension></extensions></trkpt><trkpt lat="15.1396378409" lon="73.9340935461"><ele>3.98</ele><time>2026-02-19T04:32:41Z</time><extensions><gpxtpx:TrackPointExtension><gpxtpx:cad>0</gpxtpx:cad></gpxtpx:TrackPointExtension></extensions></trkpt><trkpt lat="15.1398761384" lon="73.9347305708"><ele>3.98</ele><time>2026-02-19T04:33:01Z</time><extensions><gpxtpx:TrackPointExtension><gpxtpx:cad>0</gpxtpx:cad></gpxtpx:TrackPointExtension></extensions></trkpt><trkpt lat="15.1401666552" lon="73.9352639113"><ele>3.98</ele><time>2026-02-19T04:33:19Z</time><extensions><gpxtpx:TrackPointExtension><gpxtpx:cad>0</gpxtpx:cad></gpxtpx:TrackPointExtension></extensions></trkpt><trkpt lat="15.1402477920" lon="73.9357883669"><ele>4.46</ele><time>2026-02-19T04:33:35Z</time><extensions><gpxtpx:TrackPointExtension><gpxtpx:cad>0</gpxtpx:cad></gpxtpx:TrackPointExtension></extensions></trkpt><trkpt lat="15.1403790526" lon="73.9362426661"><ele>4.46</ele><time>2026-02-19T04:33:49Z</time><extensions><gpxtpx:TrackPointExtension><gpxtpx:cad>0</gpxtpx:cad></gpxtpx:TrackPointExtension></extensions></trkpt><trkpt lat="15.1405880135" lon="73.9368155692"><ele>4.46</ele><time>2026-02-19T04:34:07Z</time><extensions><gpxtpx:TrackPointExtension><gpxtpx:cad>0</gpxtpx:cad></gpxtpx:TrackPointExtension></extensions></trkpt><trkpt lat="15.1407646202" lon="73.9373315591"><ele>5.42</ele><time>2026-02-19T04:34:23Z</time><extensions><gpxtpx:TrackPointExtension><gpxtpx:cad>0</gpxtpx:cad></gpxtpx:TrackPointExtension></extensions></trkpt><trkpt lat="15.1408923604" lon="73.9378312882"><ele>5.42</ele><time>2026-02-19T04:34:38Z</time><extensions><gpxtpx:TrackPointExtension><gpxtpx:cad>0</gpxtpx:cad></gpxtpx:TrackPointExtension></extensions></trkpt><trkpt lat="15.1410956215" lon="73.9383673947"><ele>4.94</ele><time>2026-02-19T04:34:55Z</time><extensions><gpxtpx:TrackPointExtension><gpxtpx:cad>0</gpxtpx:cad></gpxtpx:TrackPointExtension></extensions></trkpt><trkpt lat="15.1412175782" lon="73.9388182573"><ele>4.94</ele><time>2026-02-19T04:35:09Z</time><extensions><gpxtpx:TrackPointExtension><gpxtpx:cad>0</gpxtpx:cad></gpxtpx:TrackPointExtension></extensions></trkpt><trkpt lat="15.1413687877" lon="73.9393199142"><ele>4.94</ele><time>2026-02-19T04:35:24Z</time><extensions><gpxtpx:TrackPointExtension><gpxtpx:cad>0</gpxtpx:cad></gpxtpx:TrackPointExtension></extensions></trkpt><trkpt lat="15.1414532773" lon="73.9398285281"><ele>5.42</ele><time>2026-02-19T04:35:39Z</time><extensions><gpxtpx:TrackPointExtension><gpxtpx:cad>0</gpxtpx:cad></gpxtpx:TrackPointExtension></extensions></trkpt><trkpt lat="15.1414919179" lon="73.9404062927"><ele>5.42</ele><time>2026-02-19T04:35:56Z</time><extensions><gpxtpx:TrackPointExtension><gpxtpx:cad>0</gpxtpx:cad></gpxtpx:TrackPointExtension></extensions></trkpt><trkpt lat="15.1415921655" lon="73.9409013279"><ele>5.42</ele><time>2026-02-19T04:36:11Z</time><extensions><gpxtpx:TrackPointExtension><gpxtpx:cad>0</gpxtpx:cad></gpxtpx:TrackPointExtension></extensions></trkpt><trkpt lat="15.1416899823" lon="73.9414586406"><ele>5.42</ele><time>2026-02-19T04:36:28Z</time><extensions><gpxtpx:TrackPointExtension><gpxtpx:cad>0</gpxtpx:cad></gpxtpx:TrackPointExtension></extensions></trkpt><trkpt lat="15.1417665090" lon="73.9419970103"><ele>5.42</ele><time>2026-02-19T04:36:44Z</time><extensions><gpxtpx:TrackPointExtension><gpxtpx:cad>0</gpxtpx:cad></gpxtpx:TrackPointExtension></extensions></trkpt><trkpt lat="15.1418819278" lon="73.9424675703"><ele>4.46</ele><time>2026-02-19T04:36:58Z</time><extensions><gpxtpx:TrackPointExtension><gpxtpx:cad>0</gpxtpx:cad></gpxtpx:TrackPointExtension></extensions></trkpt><trkpt lat="15.1419650763" lon="73.9429534692"><ele>5.42</ele><time>2026-02-19T04:37:13Z</time><extensions><gpxtpx:TrackPointExtension><gpxtpx:cad>0</gpxtpx:cad></gpxtpx:TrackPointExtension></extensions></trkpt><trkpt lat="15.1420475543" lon="73.9434965327"><ele>5.42</ele><time>2026-02-19T04:37:29Z</time><extensions><gpxtpx:TrackPointExtension><gpxtpx:cad>0</gpxtpx:cad></gpxtpx:TrackPointExtension></extensions></trkpt><trkpt lat="15.1421463769" lon="73.9440856967"><ele>4.46</ele><time>2026-02-19T04:37:46Z</time><extensions><gpxtpx:TrackPointExtension><gpxtpx:cad>0</gpxtpx:cad></gpxtpx:TrackPointExtension></extensions></trkpt><trkpt lat="15.1423486322" lon="73.9447698276"><ele>3.98</ele><time>2026-02-19T04:38:06Z</time><extensions><gpxtpx:TrackPointExtension><gpxtpx:cad>0</gpxtpx:cad></gpxtpx:TrackPointExtension></extensions></trkpt><trkpt lat="15.1425481215" lon="73.9454944432"><ele>4.46</ele><time>2026-02-19T04:38:27Z</time><extensions><gpxtpx:TrackPointExtension><gpxtpx:cad>0</gpxtpx:cad></gpxtpx:TrackPointExtension></extensions></trkpt><trkpt lat="15.1425751951" lon="73.9461735450"><ele>3.02</ele><time>2026-02-19T04:38:46Z</time><extensions><gpxtpx:TrackPointExtension><gpxtpx:cad>0</gpxtpx:cad></gpxtpx:TrackPointExtension></extensions></trkpt><trkpt lat="15.1425282564" lon="73.9468704164"><ele>3.98</ele><time>2026-02-19T04:39:04Z</time><extensions><gpxtpx:TrackPointExtension><gpxtpx:cad>0</gpxtpx:cad></gpxtpx:TrackPointExtension></extensions></trkpt><trkpt lat="15.1424869336" lon="73.9475796930"><ele>3.98</ele><time>2026-02-19T04:39:22Z</time><extensions><gpxtpx:TrackPointExtension><gpxtpx:cad>0</gpxtpx:cad></gpxtpx:TrackPointExtension></extensions></trkpt></trkseg></trk></gpx>