<?xml version="1.0" encoding="UTF-8" standalone="no" ?><gpx xmlns="http://www.topografix.com/GPX/1/1" xmlns:gpxx="http://www.garmin.com/xmlschemas/GpxExtensions/v3" xmlns:wptx1="http://www.garmin.com/xmlschemas/WaypointExtension/v1" xmlns:gpxtpx="http://www.garmin.com/xmlschemas/TrackPointExtension/v1" creator="eTrex 10 SEA" version="1.1" xmlns:xsi="http://www.w3.org/2001/XMLSchema-instance" xsi:schemaLocation="http://www.topografix.com/GPX/1/1 http://www.topografix.com/GPX/1/1/gpx.xsd http://www.garmin.com/xmlschemas/GpxExtensions/v3 http://www8.garmin.com/xmlschemas/GpxExtensionsv3.xsd http://www.garmin.com/xmlschemas/WaypointExtension/v1 http://www8.garmin.com/xmlschemas/WaypointExtensionv1.xsd http://www.garmin.com/xmlschemas/TrackPointExtension/v1 http://www.garmin.com/xmlschemas/TrackPointExtensionv1.xsd"><metadata><link href="http://www.garmin.com"><text>Garmin International</text></link><time>2026-02-21T06:16:39Z</time></metadata><trk><name>21-FEB-26 11:46:36 AM</name><extensions><gpxx:TrackExtension><gpxx:DisplayColor>Cyan</gpxx:DisplayColor></gpxx:TrackExtension></extensions><trkseg><trkpt lat="15.1420102548" lon="73.9504949190"><ele>-3.71</ele><time>2026-02-21T01:32:11Z</time><extensions><gpxtpx:TrackPointExtension><gpxtpx:cad>0</gpxtpx:cad></gpxtpx:TrackPointExtension></extensions></trkpt><trkpt lat="15.1420360710" lon="73.9503161330"><ele>-3.23</ele><time>2026-02-21T01:32:19Z</time><extensions><gpxtpx:TrackPointExtension><gpxtpx:cad>0</gpxtpx:cad></gpxtpx:TrackPointExtension></extensions></trkpt><trkpt lat="15.1423928048" lon="73.9498645999"><ele>-2.27</ele><time>2026-02-21T01:32:39Z</time><extensions><gpxtpx:TrackPointExtension><gpxtpx:cad>0</gpxtpx:cad></gpxtpx:TrackPointExtension></extensions></trkpt><trkpt lat="15.1426170208" lon="73.9492541458"><ele>-1.30</ele><time>2026-02-21T01:32:56Z</time><extensions><gpxtpx:TrackPointExtension><gpxtpx:cad>0</gpxtpx:cad></gpxtpx:TrackPointExtension></extensions></trkpt><trkpt lat="15.1427761931" lon="73.9485389180"><ele>-0.82</ele><time>2026-02-21T01:33:16Z</time><extensions><gpxtpx:TrackPointExtension><gpxtpx:cad>0</gpxtpx:cad></gpxtpx:TrackPointExtension></extensions></trkpt><trkpt lat="15.1428046916" lon="73.9481258579"><ele>-2.75</ele><time>2026-02-21T01:33:28Z</time><extensions><gpxtpx:TrackPointExtension><gpxtpx:cad>0</gpxtpx:cad></gpxtpx:TrackPointExtension></extensions></trkpt><trkpt lat="15.1427863352" lon="73.9477040805"><ele>-3.71</ele><time>2026-02-21T01:33:43Z</time><extensions><gpxtpx:TrackPointExtension><gpxtpx:cad>0</gpxtpx:cad></gpxtpx:TrackPointExtension></extensions></trkpt><trkpt lat="15.1427492872" lon="73.9472838957"><ele>-3.71</ele><time>2026-02-21T01:33:59Z</time><extensions><gpxtpx:TrackPointExtension><gpxtpx:cad>0</gpxtpx:cad></gpxtpx:TrackPointExtension></extensions></trkpt><trkpt lat="15.1427097246" lon="73.9468272496"><ele>-2.75</ele><time>2026-02-21T01:34:15Z</time><extensions><gpxtpx:TrackPointExtension><gpxtpx:cad>0</gpxtpx:cad></gpxtpx:TrackPointExtension></extensions></trkpt><trkpt lat="15.1426818967" lon="73.9465046301"><ele>-2.75</ele><time>2026-02-21T01:34:29Z</time><extensions><gpxtpx:TrackPointExtension><gpxtpx:cad>0</gpxtpx:cad></gpxtpx:TrackPointExtension></extensions></trkpt><trkpt lat="15.1426420826" lon="73.9461155422"><ele>-3.23</ele><time>2026-02-21T01:34:44Z</time><extensions><gpxtpx:TrackPointExtension><gpxtpx:cad>0</gpxtpx:cad></gpxtpx:TrackPointExtension></extensions></trkpt><trkpt lat="15.1425855048" lon="73.9457986224"><ele>-3.23</ele><time>2026-02-21T01:34:57Z</time><extensions><gpxtpx:TrackPointExtension><gpxtpx:cad>0</gpxtpx:cad></gpxtpx:TrackPointExtension></extensions></trkpt><trkpt lat="15.1425453555" lon="73.9455648512"><ele>-3.23</ele><time>2026-02-21T01:35:10Z</time><extensions><gpxtpx:TrackPointExtension><gpxtpx:cad>0</gpxtpx:cad></gpxtpx:TrackPointExtension></extensions></trkpt><trkpt lat="15.1424715947" lon="73.9452701434"><ele>-2.75</ele><time>2026-02-21T01:35:24Z</time><extensions><gpxtpx:TrackPointExtension><gpxtpx:cad>0</gpxtpx:cad></gpxtpx:TrackPointExtension></extensions></trkpt><trkpt lat="15.1423163619" lon="73.9448917005"><ele>-2.27</ele><time>2026-02-21T01:35:38Z</time><extensions><gpxtpx:TrackPointExtension><gpxtpx:cad>0</gpxtpx:cad></gpxtpx:TrackPointExtension></extensions></trkpt><trkpt lat="15.1421954110" lon="73.9444979187"><ele>-3.23</ele><time>2026-02-21T01:35:52Z</time><extensions><gpxtpx:TrackPointExtension><gpxtpx:cad>0</gpxtpx:cad></gpxtpx:TrackPointExtension></extensions></trkpt><trkpt lat="15.1421415992" lon="73.9440230839"><ele>-3.23</ele><time>2026-02-21T01:36:08Z</time><extensions><gpxtpx:TrackPointExtension><gpxtpx:cad>0</gpxtpx:cad></gpxtpx:TrackPointExtension></extensions></trkpt><trkpt lat="15.1421545912" lon="73.9436311461"><ele>-3.23</ele><time>2026-02-21T01:36:23Z</time><extensions><gpxtpx:TrackPointExtension><gpxtpx:cad>0</gpxtpx:cad></gpxtpx:TrackPointExtension></extensions></trkpt><trkpt lat="15.1422281843" lon="73.9433255419"><ele>-3.71</ele><time>2026-02-21T01:36:40Z</time><extensions><gpxtpx:TrackPointExtension><gpxtpx:cad>0</gpxtpx:cad></gpxtpx:TrackPointExtension></extensions></trkpt><trkpt lat="15.1423621271" lon="73.9428850729"><ele>-3.23</ele><time>2026-02-21T01:36:56Z</time><extensions><gpxtpx:TrackPointExtension><gpxtpx:cad>0</gpxtpx:cad></gpxtpx:TrackPointExtension></extensions></trkpt><trkpt lat="15.1425181143" lon="73.9424725156"><ele>-3.71</ele><time>2026-02-21T01:37:11Z</time><extensions><gpxtpx:TrackPointExtension><gpxtpx:cad>0</gpxtpx:cad></gpxtpx:TrackPointExtension></extensions></trkpt><trkpt lat="15.1427003369" lon="73.9420838468"><ele>-2.75</ele><time>2026-02-21T01:37:27Z</time><extensions><gpxtpx:TrackPointExtension><gpxtpx:cad>0</gpxtpx:cad></gpxtpx:TrackPointExtension></extensions></trkpt><trkpt lat="15.1429455914" lon="73.9417248499"><ele>-2.75</ele><time>2026-02-21T01:37:41Z</time><extensions><gpxtpx:TrackPointExtension><gpxtpx:cad>0</gpxtpx:cad></gpxtpx:TrackPointExtension></extensions></trkpt><trkpt lat="15.1432221103" lon="73.9413748216"><ele>-3.23</ele><time>2026-02-21T01:37:56Z</time><extensions><gpxtpx:TrackPointExtension><gpxtpx:cad>0</gpxtpx:cad></gpxtpx:TrackPointExtension></extensions></trkpt><trkpt lat="15.1435391139" lon="73.9410824608"><ele>-3.23</ele><time>2026-02-21T01:38:10Z</time><extensions><gpxtpx:TrackPointExtension><gpxtpx:cad>0</gpxtpx:cad></gpxtpx:TrackPointExtension></extensions></trkpt><trkpt lat="15.1438927464" lon="73.9407988172"><ele>-2.75</ele><time>2026-02-21T01:38:24Z</time><extensions><gpxtpx:TrackPointExtension><gpxtpx:cad>0</gpxtpx:cad></gpxtpx:TrackPointExtension></extensions></trkpt><trkpt lat="15.1441586204" lon="73.9405851625"><ele>-2.27</ele><time>2026-02-21T01:38:37Z</time><extensions><gpxtpx:TrackPointExtension><gpxtpx:cad>0</gpxtpx:cad></gpxtpx:TrackPointExtension></extensions></trkpt><trkpt lat="15.1445202995" lon="73.9403253235"><ele>-2.27</ele><time>2026-02-21T01:38:52Z</time><extensions><gpxtpx:TrackPointExtension><gpxtpx:cad>0</gpxtpx:cad></gpxtpx:TrackPointExtension></extensions></trkpt><trkpt lat="15.1450578310" lon="73.9400182106"><ele>-2.75</ele><time>2026-02-21T01:39:10Z</time><extensions><gpxtpx:TrackPointExtension><gpxtpx:cad>0</gpxtpx:cad></gpxtpx:TrackPointExtension></extensions></trkpt><trkpt lat="15.1454730704" lon="73.9397667535"><ele>-3.23</ele><time>2026-02-21T01:39:24Z</time><extensions><gpxtpx:TrackPointExtension><gpxtpx:cad>0</gpxtpx:cad></gpxtpx:TrackPointExtension></extensions></trkpt><trkpt lat="15.1458205841" lon="73.9395866264"><ele>-2.75</ele><time>2026-02-21T01:39:36Z</time><extensions><gpxtpx:TrackPointExtension><gpxtpx:cad>0</gpxtpx:cad></gpxtpx:TrackPointExtension></extensions></trkpt><trkpt lat="15.1462266035" lon="73.9393996261"><ele>-3.71</ele><time>2026-02-21T01:39:51Z</time><extensions><gpxtpx:TrackPointExtension><gpxtpx:cad>0</gpxtpx:cad></gpxtpx:TrackPointExtension></extensions></trkpt><trkpt lat="15.1466925535" lon="73.9392034896"><ele>-3.23</ele><time>2026-02-21T01:40:06Z</time><extensions><gpxtpx:TrackPointExtension><gpxtpx:cad>0</gpxtpx:cad></gpxtpx:TrackPointExtension></extensions></trkpt><trkpt lat="15.1473079529" lon="73.9389874879"><ele>-3.71</ele><time>2026-02-21T01:40:25Z</time><extensions><gpxtpx:TrackPointExtension><gpxtpx:cad>0</gpxtpx:cad></gpxtpx:TrackPointExtension></extensions></trkpt><trkpt lat="15.1477583125" lon="73.9388066065"><ele>-3.71</ele><time>2026-02-21T01:40:39Z</time><extensions><gpxtpx:TrackPointExtension><gpxtpx:cad>0</gpxtpx:cad></gpxtpx:TrackPointExtension></extensions></trkpt><trkpt lat="15.1483477280" lon="73.9386430755"><ele>-3.71</ele><time>2026-02-21T01:40:57Z</time><extensions><gpxtpx:TrackPointExtension><gpxtpx:cad>0</gpxtpx:cad></gpxtpx:TrackPointExtension></extensions></trkpt><trkpt lat="15.1489674021" lon="73.9387152437"><ele>-4.19</ele><time>2026-02-21T01:41:16Z</time><extensions><gpxtpx:TrackPointExtension><gpxtpx:cad>0</gpxtpx:cad></gpxtpx:TrackPointExtension></extensions></trkpt><trkpt lat="15.1495698094" lon="73.9386366215"><ele>-2.27</ele><time>2026-02-21T01:41:35Z</time><extensions><gpxtpx:TrackPointExtension><gpxtpx:cad>0</gpxtpx:cad></gpxtpx:TrackPointExtension></extensions></trkpt><trkpt lat="15.1500754897" lon="73.9385458454"><ele>-1.30</ele><time>2026-02-21T01:41:51Z</time><extensions><gpxtpx:TrackPointExtension><gpxtpx:cad>0</gpxtpx:cad></gpxtpx:TrackPointExtension></extensions></trkpt><trkpt lat="15.1505734585" lon="73.9384883456"><ele>-1.30</ele><time>2026-02-21T01:42:07Z</time><extensions><gpxtpx:TrackPointExtension><gpxtpx:cad>0</gpxtpx:cad></gpxtpx:TrackPointExtension></extensions></trkpt><trkpt lat="15.1510171965" lon="73.9384453464"><ele>-1.79</ele><time>2026-02-21T01:42:21Z</time><extensions><gpxtpx:TrackPointExtension><gpxtpx:cad>0</gpxtpx:cad></gpxtpx:TrackPointExtension></extensions></trkpt><trkpt lat="15.1513970643" lon="73.9383993298"><ele>-1.30</ele><time>2026-02-21T01:42:33Z</time><extensions><gpxtpx:TrackPointExtension><gpxtpx:cad>0</gpxtpx:cad></gpxtpx:TrackPointExtension></extensions></trkpt><trkpt lat="15.1518084481" lon="73.9383461047"><ele>-1.79</ele><time>2026-02-21T01:42:46Z</time><extensions><gpxtpx:TrackPointExtension><gpxtpx:cad>0</gpxtpx:cad></gpxtpx:TrackPointExtension></extensions></trkpt><trkpt lat="15.1523541100" lon="73.9381735213"><ele>-1.30</ele><time>2026-02-21T01:43:04Z</time><extensions><gpxtpx:TrackPointExtension><gpxtpx:cad>0</gpxtpx:cad></gpxtpx:TrackPointExtension></extensions></trkpt><trkpt lat="15.1527422760" lon="73.9380349685"><ele>-0.34</ele><time>2026-02-21T01:43:17Z</time><extensions><gpxtpx:TrackPointExtension><gpxtpx:cad>0</gpxtpx:cad></gpxtpx:TrackPointExtension></extensions></trkpt><trkpt lat="15.1532089803" lon="73.9379245788"><ele>-0.82</ele><time>2026-02-21T01:43:32Z</time><extensions><gpxtpx:TrackPointExtension><gpxtpx:cad>0</gpxtpx:cad></gpxtpx:TrackPointExtension></extensions></trkpt><trkpt lat="15.1535931230" lon="73.9378372394"><ele>-1.30</ele><time>2026-02-21T01:43:44Z</time><extensions><gpxtpx:TrackPointExtension><gpxtpx:cad>0</gpxtpx:cad></gpxtpx:TrackPointExtension></extensions></trkpt><trkpt lat="15.1540962886" lon="73.9376799949"><ele>-1.30</ele><time>2026-02-21T01:44:00Z</time><extensions><gpxtpx:TrackPointExtension><gpxtpx:cad>0</gpxtpx:cad></gpxtpx:TrackPointExtension></extensions></trkpt><trkpt lat="15.1545878872" lon="73.9375127759"><ele>-1.79</ele><time>2026-02-21T01:44:16Z</time><extensions><gpxtpx:TrackPointExtension><gpxtpx:cad>0</gpxtpx:cad></gpxtpx:TrackPointExtension></extensions></trkpt><trkpt lat="15.1551398356" lon="73.9373392705"><ele>-2.27</ele><time>2026-02-21T01:44:34Z</time><extensions><gpxtpx:TrackPointExtension><gpxtpx:cad>0</gpxtpx:cad></gpxtpx:TrackPointExtension></extensions></trkpt><trkpt lat="15.1556586754" lon="73.9371688664"><ele>-2.75</ele><time>2026-02-21T01:44:51Z</time><extensions><gpxtpx:TrackPointExtension><gpxtpx:cad>0</gpxtpx:cad></gpxtpx:TrackPointExtension></extensions></trkpt><trkpt lat="15.1561793592" lon="73.9369961992"><ele>-2.75</ele><time>2026-02-21T01:45:08Z</time><extensions><gpxtpx:TrackPointExtension><gpxtpx:cad>0</gpxtpx:cad></gpxtpx:TrackPointExtension></extensions></trkpt><trkpt lat="15.1566676889" lon="73.9368292317"><ele>-2.27</ele><time>2026-02-21T01:45:24Z</time><extensions><gpxtpx:TrackPointExtension><gpxtpx:cad>0</gpxtpx:cad></gpxtpx:TrackPointExtension></extensions></trkpt><trkpt lat="15.1572035439" lon="73.9366783574"><ele>-2.27</ele><time>2026-02-21T01:45:41Z</time><extensions><gpxtpx:TrackPointExtension><gpxtpx:cad>0</gpxtpx:cad></gpxtpx:TrackPointExtension></extensions></trkpt><trkpt lat="15.1577636227" lon="73.9365284890"><ele>-2.75</ele><time>2026-02-21T01:45:59Z</time><extensions><gpxtpx:TrackPointExtension><gpxtpx:cad>0</gpxtpx:cad></gpxtpx:TrackPointExtension></extensions></trkpt><trkpt lat="15.1582524553" lon="73.9363632817"><ele>-2.75</ele><time>2026-02-21T01:46:15Z</time><extensions><gpxtpx:TrackPointExtension><gpxtpx:cad>0</gpxtpx:cad></gpxtpx:TrackPointExtension></extensions></trkpt><trkpt lat="15.1586774178" lon="73.9362246450"><ele>-2.75</ele><time>2026-02-21T01:46:29Z</time><extensions><gpxtpx:TrackPointExtension><gpxtpx:cad>0</gpxtpx:cad></gpxtpx:TrackPointExtension></extensions></trkpt><trkpt lat="15.1593168732" lon="73.9360376447"><ele>-2.27</ele><time>2026-02-21T01:46:49Z</time><extensions><gpxtpx:TrackPointExtension><gpxtpx:cad>0</gpxtpx:cad></gpxtpx:TrackPointExtension></extensions></trkpt><trkpt lat="15.1597978268" lon="73.9358873572"><ele>-2.27</ele><time>2026-02-21T01:47:04Z</time><extensions><gpxtpx:TrackPointExtension><gpxtpx:cad>0</gpxtpx:cad></gpxtpx:TrackPointExtension></extensions></trkpt><trkpt lat="15.1603511162" lon="73.9357281011"><ele>-2.27</ele><time>2026-02-21T01:47:21Z</time><extensions><gpxtpx:TrackPointExtension><gpxtpx:cad>0</gpxtpx:cad></gpxtpx:TrackPointExtension></extensions></trkpt><trkpt lat="15.1608701237" lon="73.9355935715"><ele>-2.27</ele><time>2026-02-21T01:47:37Z</time><extensions><gpxtpx:TrackPointExtension><gpxtpx:cad>0</gpxtpx:cad></gpxtpx:TrackPointExtension></extensions></trkpt><trkpt lat="15.1614308730" lon="73.9354759734"><ele>-1.30</ele><time>2026-02-21T01:47:54Z</time><extensions><gpxtpx:TrackPointExtension><gpxtpx:cad>0</gpxtpx:cad></gpxtpx:TrackPointExtension></extensions></trkpt><trkpt lat="15.1620741840" lon="73.9352950081"><ele>-1.30</ele><time>2026-02-21T01:48:14Z</time><extensions><gpxtpx:TrackPointExtension><gpxtpx:cad>0</gpxtpx:cad></gpxtpx:TrackPointExtension></extensions></trkpt><trkpt lat="15.1625807025" lon="73.9351287950"><ele>-1.79</ele><time>2026-02-21T01:48:30Z</time><extensions><gpxtpx:TrackPointExtension><gpxtpx:cad>0</gpxtpx:cad></gpxtpx:TrackPointExtension></extensions></trkpt><trkpt lat="15.1630989555" lon="73.9349855483"><ele>-2.27</ele><time>2026-02-21T01:48:46Z</time><extensions><gpxtpx:TrackPointExtension><gpxtpx:cad>0</gpxtpx:cad></gpxtpx:TrackPointExtension></extensions></trkpt><trkpt lat="15.1636115089" lon="73.9348264597"><ele>-1.79</ele><time>2026-02-21T01:49:02Z</time><extensions><gpxtpx:TrackPointExtension><gpxtpx:cad>0</gpxtpx:cad></gpxtpx:TrackPointExtension></extensions></trkpt><trkpt lat="15.1641830709" lon="73.9346356038"><ele>-1.79</ele><time>2026-02-21T01:49:20Z</time><extensions><gpxtpx:TrackPointExtension><gpxtpx:cad>0</gpxtpx:cad></gpxtpx:TrackPointExtension></extensions></trkpt><trkpt lat="15.1645976398" lon="73.9345306624"><ele>-2.27</ele><time>2026-02-21T01:49:33Z</time><extensions><gpxtpx:TrackPointExtension><gpxtpx:cad>0</gpxtpx:cad></gpxtpx:TrackPointExtension></extensions></trkpt><trkpt lat="15.1651509292" lon="73.9343825541"><ele>-1.79</ele><time>2026-02-21T01:49:50Z</time><extensions><gpxtpx:TrackPointExtension><gpxtpx:cad>0</gpxtpx:cad></gpxtpx:TrackPointExtension></extensions></trkpt><trkpt lat="15.1659140177" lon="73.9341713302"><ele>-2.75</ele><time>2026-02-21T01:50:14Z</time><extensions><gpxtpx:TrackPointExtension><gpxtpx:cad>0</gpxtpx:cad></gpxtpx:TrackPointExtension></extensions></trkpt><trkpt lat="15.1666865777" lon="73.9339761157"><ele>-3.23</ele><time>2026-02-21T01:50:38Z</time><extensions><gpxtpx:TrackPointExtension><gpxtpx:cad>0</gpxtpx:cad></gpxtpx:TrackPointExtension></extensions></trkpt><trkpt lat="15.1673204172" lon="73.9338122495"><ele>-2.75</ele><time>2026-02-21T01:50:57Z</time><extensions><gpxtpx:TrackPointExtension><gpxtpx:cad>0</gpxtpx:cad></gpxtpx:TrackPointExtension></extensions></trkpt><trkpt lat="15.1680219825" lon="73.9336265903"><ele>-3.23</ele><time>2026-02-21T01:51:19Z</time><extensions><gpxtpx:TrackPointExtension><gpxtpx:cad>0</gpxtpx:cad></gpxtpx:TrackPointExtension></extensions></trkpt><trkpt lat="15.1686170138" lon="73.9335401729"><ele>-2.27</ele><time>2026-02-21T01:51:37Z</time><extensions><gpxtpx:TrackPointExtension><gpxtpx:cad>0</gpxtpx:cad></gpxtpx:TrackPointExtension></extensions></trkpt><trkpt lat="15.1690998953" lon="73.9334583655"><ele>-2.27</ele><time>2026-02-21T01:51:52Z</time><extensions><gpxtpx:TrackPointExtension><gpxtpx:cad>0</gpxtpx:cad></gpxtpx:TrackPointExtension></extensions></trkpt><trkpt lat="15.1696252730" lon="73.9332359936"><ele>-1.30</ele><time>2026-02-21T01:52:09Z</time><extensions><gpxtpx:TrackPointExtension><gpxtpx:cad>0</gpxtpx:cad></gpxtpx:TrackPointExtension></extensions></trkpt><trkpt lat="15.1701825857" lon="73.9330318104"><ele>-0.82</ele><time>2026-02-21T01:52:27Z</time><extensions><gpxtpx:TrackPointExtension><gpxtpx:cad>0</gpxtpx:cad></gpxtpx:TrackPointExtension></extensions></trkpt><trkpt lat="15.1707793772" lon="73.9328334108"><ele>-0.34</ele><time>2026-02-21T01:52:46Z</time><extensions><gpxtpx:TrackPointExtension><gpxtpx:cad>0</gpxtpx:cad></gpxtpx:TrackPointExtension></extensions></trkpt><trkpt lat="15.1715170685" lon="73.9326221030"><ele>-0.82</ele><time>2026-02-21T01:53:09Z</time><extensions><gpxtpx:TrackPointExtension><gpxtpx:cad>0</gpxtpx:cad></gpxtpx:TrackPointExtension></extensions></trkpt><trkpt lat="15.1721103396" lon="73.9323957078"><ele>-1.30</ele><time>2026-02-21T01:53:28Z</time><extensions><gpxtpx:TrackPointExtension><gpxtpx:cad>0</gpxtpx:cad></gpxtpx:TrackPointExtension></extensions></trkpt><trkpt lat="15.1727541536" lon="73.9322228730"><ele>-0.82</ele><time>2026-02-21T01:53:48Z</time><extensions><gpxtpx:TrackPointExtension><gpxtpx:cad>0</gpxtpx:cad></gpxtpx:TrackPointExtension></extensions></trkpt><trkpt lat="15.1733665355" lon="73.9320840687"><ele>-0.82</ele><time>2026-02-21T01:54:07Z</time><extensions><gpxtpx:TrackPointExtension><gpxtpx:cad>0</gpxtpx:cad></gpxtpx:TrackPointExtension></extensions></trkpt><trkpt lat="15.1740359142" lon="73.9319450967"><ele>-0.82</ele><time>2026-02-21T01:54:28Z</time><extensions><gpxtpx:TrackPointExtension><gpxtpx:cad>0</gpxtpx:cad></gpxtpx:TrackPointExtension></extensions></trkpt><trkpt lat="15.1746280957" lon="73.9318695758"><ele>-0.82</ele><time>2026-02-21T01:54:46Z</time><extensions><gpxtpx:TrackPointExtension><gpxtpx:cad>0</gpxtpx:cad></gpxtpx:TrackPointExtension></extensions></trkpt><trkpt lat="15.1752692275" lon="73.9316918794"><ele>-0.82</ele><time>2026-02-21T01:55:06Z</time><extensions><gpxtpx:TrackPointExtension><gpxtpx:cad>0</gpxtpx:cad></gpxtpx:TrackPointExtension></extensions></trkpt><trkpt lat="15.1759500057" lon="73.9315513149"><ele>-0.82</ele><time>2026-02-21T01:55:27Z</time><extensions><gpxtpx:TrackPointExtension><gpxtpx:cad>0</gpxtpx:cad></gpxtpx:TrackPointExtension></extensions></trkpt><trkpt lat="15.1767234039" lon="73.9314006083"><ele>-1.30</ele><time>2026-02-21T01:55:51Z</time><extensions><gpxtpx:TrackPointExtension><gpxtpx:cad>0</gpxtpx:cad></gpxtpx:TrackPointExtension></extensions></trkpt><trkpt lat="15.1774137374" lon="73.9312815852"><ele>-1.79</ele><time>2026-02-21T01:56:12Z</time><extensions><gpxtpx:TrackPointExtension><gpxtpx:cad>0</gpxtpx:cad></gpxtpx:TrackPointExtension></extensions></trkpt><trkpt lat="15.1780000515" lon="73.9311696030"><ele>-1.79</ele><time>2026-02-21T01:56:30Z</time><extensions><gpxtpx:TrackPointExtension><gpxtpx:cad>0</gpxtpx:cad></gpxtpx:TrackPointExtension></extensions></trkpt><trkpt lat="15.1787037961" lon="73.9309999533"><ele>-1.30</ele><time>2026-02-21T01:56:52Z</time><extensions><gpxtpx:TrackPointExtension><gpxtpx:cad>0</gpxtpx:cad></gpxtpx:TrackPointExtension></extensions></trkpt><trkpt lat="15.1792913675" lon="73.9308832772"><ele>-0.82</ele><time>2026-02-21T01:57:10Z</time><extensions><gpxtpx:TrackPointExtension><gpxtpx:cad>0</gpxtpx:cad></gpxtpx:TrackPointExtension></extensions></trkpt><trkpt lat="15.1799640153" lon="73.9307185728"><ele>-0.34</ele><time>2026-02-21T01:57:31Z</time><extensions><gpxtpx:TrackPointExtension><gpxtpx:cad>0</gpxtpx:cad></gpxtpx:TrackPointExtension></extensions></trkpt><trkpt lat="15.1806303766" lon="73.9305497613"><ele>-0.34</ele><time>2026-02-21T01:57:52Z</time><extensions><gpxtpx:TrackPointExtension><gpxtpx:cad>0</gpxtpx:cad></gpxtpx:TrackPointExtension></extensions></trkpt><trkpt lat="15.1813614462" lon="73.9303852245"><ele>0.62</ele><time>2026-02-21T01:58:15Z</time><extensions><gpxtpx:TrackPointExtension><gpxtpx:cad>0</gpxtpx:cad></gpxtpx:TrackPointExtension></extensions></trkpt><trkpt lat="15.1820339262" lon="73.9302112162"><ele>0.62</ele><time>2026-02-21T01:58:36Z</time><extensions><gpxtpx:TrackPointExtension><gpxtpx:cad>0</gpxtpx:cad></gpxtpx:TrackPointExtension></extensions></trkpt><trkpt lat="15.1827073283" lon="73.9300262276"><ele>0.62</ele><time>2026-02-21T01:58:57Z</time><extensions><gpxtpx:TrackPointExtension><gpxtpx:cad>0</gpxtpx:cad></gpxtpx:TrackPointExtension></extensions></trkpt><trkpt lat="15.1833741087" lon="73.9298285823"><ele>0.14</ele><time>2026-02-21T01:59:18Z</time><extensions><gpxtpx:TrackPointExtension><gpxtpx:cad>0</gpxtpx:cad></gpxtpx:TrackPointExtension></extensions></trkpt><trkpt lat="15.1840706449" lon="73.9296145923"><ele>-0.82</ele><time>2026-02-21T01:59:40Z</time><extensions><gpxtpx:TrackPointExtension><gpxtpx:cad>0</gpxtpx:cad></gpxtpx:TrackPointExtension></extensions></trkpt><trkpt lat="15.1847250201" lon="73.9294070564"><ele>-0.34</ele><time>2026-02-21T02:00:01Z</time><extensions><gpxtpx:TrackPointExtension><gpxtpx:cad>0</gpxtpx:cad></gpxtpx:TrackPointExtension></extensions></trkpt><trkpt lat="15.1854847558" lon="73.9292032924"><ele>-0.34</ele><time>2026-02-21T02:00:25Z</time><extensions><gpxtpx:TrackPointExtension><gpxtpx:cad>0</gpxtpx:cad></gpxtpx:TrackPointExtension></extensions></trkpt><trkpt lat="15.1860372070" lon="73.9290818386"><ele>-1.79</ele><time>2026-02-21T02:00:42Z</time><extensions><gpxtpx:TrackPointExtension><gpxtpx:cad>0</gpxtpx:cad></gpxtpx:TrackPointExtension></extensions></trkpt><trkpt lat="15.1866811048" lon="73.9289298747"><ele>-1.30</ele><time>2026-02-21T02:01:02Z</time><extensions><gpxtpx:TrackPointExtension><gpxtpx:cad>0</gpxtpx:cad></gpxtpx:TrackPointExtension></extensions></trkpt><trkpt lat="15.1873133518" lon="73.9287658408"><ele>-2.27</ele><time>2026-02-21T02:01:22Z</time><extensions><gpxtpx:TrackPointExtension><gpxtpx:cad>0</gpxtpx:cad></gpxtpx:TrackPointExtension></extensions></trkpt><trkpt lat="15.1879525557" lon="73.9286225103"><ele>-1.79</ele><time>2026-02-21T02:01:42Z</time><extensions><gpxtpx:TrackPointExtension><gpxtpx:cad>0</gpxtpx:cad></gpxtpx:TrackPointExtension></extensions></trkpt><trkpt lat="15.1884870697" lon="73.9284637570"><ele>-1.79</ele><time>2026-02-21T02:01:59Z</time><extensions><gpxtpx:TrackPointExtension><gpxtpx:cad>0</gpxtpx:cad></gpxtpx:TrackPointExtension></extensions></trkpt><trkpt lat="15.1891639922" lon="73.9283019025"><ele>-2.27</ele><time>2026-02-21T02:02:20Z</time><extensions><gpxtpx:TrackPointExtension><gpxtpx:cad>0</gpxtpx:cad></gpxtpx:TrackPointExtension></extensions></trkpt><trkpt lat="15.1897873543" lon="73.9281439874"><ele>-2.27</ele><time>2026-02-21T02:02:40Z</time><extensions><gpxtpx:TrackPointExtension><gpxtpx:cad>0</gpxtpx:cad></gpxtpx:TrackPointExtension></extensions></trkpt><trkpt lat="15.1902293321" lon="73.9280129783"><ele>-2.75</ele><time>2026-02-21T02:02:54Z</time><extensions><gpxtpx:TrackPointExtension><gpxtpx:cad>0</gpxtpx:cad></gpxtpx:TrackPointExtension></extensions></trkpt><trkpt lat="15.1906941924" lon="73.9278733358"><ele>-2.75</ele><time>2026-02-21T02:03:09Z</time><extensions><gpxtpx:TrackPointExtension><gpxtpx:cad>0</gpxtpx:cad></gpxtpx:TrackPointExtension></extensions></trkpt><trkpt lat="15.1912909001" lon="73.9277754351"><ele>-3.23</ele><time>2026-02-21T02:03:28Z</time><extensions><gpxtpx:TrackPointExtension><gpxtpx:cad>0</gpxtpx:cad></gpxtpx:TrackPointExtension></extensions></trkpt><trkpt lat="15.1917710155" lon="73.9276108146"><ele>-2.75</ele><time>2026-02-21T02:03:44Z</time><extensions><gpxtpx:TrackPointExtension><gpxtpx:cad>0</gpxtpx:cad></gpxtpx:TrackPointExtension></extensions></trkpt><trkpt lat="15.1923207846" lon="73.9273915440"><ele>-2.75</ele><time>2026-02-21T02:04:02Z</time><extensions><gpxtpx:TrackPointExtension><gpxtpx:cad>0</gpxtpx:cad></gpxtpx:TrackPointExtension></extensions></trkpt><trkpt lat="15.1929158159" lon="73.9272108302"><ele>-2.75</ele><time>2026-02-21T02:04:21Z</time><extensions><gpxtpx:TrackPointExtension><gpxtpx:cad>0</gpxtpx:cad></gpxtpx:TrackPointExtension></extensions></trkpt><trkpt lat="15.1935148705" lon="73.9270414319"><ele>-2.27</ele><time>2026-02-21T02:04:40Z</time><extensions><gpxtpx:TrackPointExtension><gpxtpx:cad>0</gpxtpx:cad></gpxtpx:TrackPointExtension></extensions></trkpt><trkpt lat="15.1940874383" lon="73.9268946648"><ele>-3.23</ele><time>2026-02-21T02:04:58Z</time><extensions><gpxtpx:TrackPointExtension><gpxtpx:cad>0</gpxtpx:cad></gpxtpx:TrackPointExtension></extensions></trkpt><trkpt lat="15.1946340222" lon="73.9266767353"><ele>-2.75</ele><time>2026-02-21T02:05:16Z</time><extensions><gpxtpx:TrackPointExtension><gpxtpx:cad>0</gpxtpx:cad></gpxtpx:TrackPointExtension></extensions></trkpt><trkpt lat="15.1951708831" lon="73.9264973626"><ele>-1.79</ele><time>2026-02-21T02:05:33Z</time><extensions><gpxtpx:TrackPointExtension><gpxtpx:cad>0</gpxtpx:cad></gpxtpx:TrackPointExtension></extensions></trkpt><trkpt lat="15.1956431195" lon="73.9263432194"><ele>-2.75</ele><time>2026-02-21T02:05:48Z</time><extensions><gpxtpx:TrackPointExtension><gpxtpx:cad>0</gpxtpx:cad></gpxtpx:TrackPointExtension></extensions></trkpt><trkpt lat="15.1961438544" lon="73.9261806104"><ele>-2.27</ele><time>2026-02-21T02:06:04Z</time><extensions><gpxtpx:TrackPointExtension><gpxtpx:cad>0</gpxtpx:cad></gpxtpx:TrackPointExtension></extensions></trkpt><trkpt lat="15.1968047675" lon="73.9259746671"><ele>-1.79</ele><time>2026-02-21T02:06:25Z</time><extensions><gpxtpx:TrackPointExtension><gpxtpx:cad>0</gpxtpx:cad></gpxtpx:TrackPointExtension></extensions></trkpt><trkpt lat="15.1972127985" lon="73.9258474298"><ele>-1.30</ele><time>2026-02-21T02:06:38Z</time><extensions><gpxtpx:TrackPointExtension><gpxtpx:cad>0</gpxtpx:cad></gpxtpx:TrackPointExtension></extensions></trkpt><trkpt lat="15.1977758110" lon="73.9256546460"><ele>-0.82</ele><time>2026-02-21T02:06:56Z</time><extensions><gpxtpx:TrackPointExtension><gpxtpx:cad>0</gpxtpx:cad></gpxtpx:TrackPointExtension></extensions></trkpt><trkpt lat="15.1982437726" lon="73.9255031850"><ele>-1.79</ele><time>2026-02-21T02:07:11Z</time><extensions><gpxtpx:TrackPointExtension><gpxtpx:cad>0</gpxtpx:cad></gpxtpx:TrackPointExtension></extensions></trkpt><trkpt lat="15.1987826452" lon="73.9253435936"><ele>-1.79</ele><time>2026-02-21T02:07:28Z</time><extensions><gpxtpx:TrackPointExtension><gpxtpx:cad>0</gpxtpx:cad></gpxtpx:TrackPointExtension></extensions></trkpt><trkpt lat="15.1993438136" lon="73.9251604490"><ele>-1.79</ele><time>2026-02-21T02:07:46Z</time><extensions><gpxtpx:TrackPointExtension><gpxtpx:cad>0</gpxtpx:cad></gpxtpx:TrackPointExtension></extensions></trkpt><trkpt lat="15.1999026351" lon="73.9249841776"><ele>-1.79</ele><time>2026-02-21T02:08:04Z</time><extensions><gpxtpx:TrackPointExtension><gpxtpx:cad>0</gpxtpx:cad></gpxtpx:TrackPointExtension></extensions></trkpt><trkpt lat="15.2004732750" lon="73.9248084929"><ele>-2.27</ele><time>2026-02-21T02:08:22Z</time><extensions><gpxtpx:TrackPointExtension><gpxtpx:cad>0</gpxtpx:cad></gpxtpx:TrackPointExtension></extensions></trkpt><trkpt lat="15.2009466011" lon="73.9247129392"><ele>-1.30</ele><time>2026-02-21T02:08:37Z</time><extensions><gpxtpx:TrackPointExtension><gpxtpx:cad>0</gpxtpx:cad></gpxtpx:TrackPointExtension></extensions></trkpt><trkpt lat="15.2014276385" lon="73.9245915692"><ele>-1.79</ele><time>2026-02-21T02:08:52Z</time><extensions><gpxtpx:TrackPointExtension><gpxtpx:cad>0</gpxtpx:cad></gpxtpx:TrackPointExtension></extensions></trkpt><trkpt lat="15.2019131184" lon="73.9245087560"><ele>-1.79</ele><time>2026-02-21T02:09:07Z</time><extensions><gpxtpx:TrackPointExtension><gpxtpx:cad>0</gpxtpx:cad></gpxtpx:TrackPointExtension></extensions></trkpt><trkpt lat="15.2022587880" lon="73.9243220072"><ele>-1.79</ele><time>2026-02-21T02:09:20Z</time><extensions><gpxtpx:TrackPointExtension><gpxtpx:cad>0</gpxtpx:cad></gpxtpx:TrackPointExtension></extensions></trkpt><trkpt lat="15.2026569284" lon="73.9241519384"><ele>-2.27</ele><time>2026-02-21T02:09:34Z</time><extensions><gpxtpx:TrackPointExtension><gpxtpx:cad>0</gpxtpx:cad></gpxtpx:TrackPointExtension></extensions></trkpt><trkpt lat="15.2030690666" lon="73.9240300655"><ele>-2.75</ele><time>2026-02-21T02:09:47Z</time><extensions><gpxtpx:TrackPointExtension><gpxtpx:cad>0</gpxtpx:cad></gpxtpx:TrackPointExtension></extensions></trkpt><trkpt lat="15.2036790177" lon="73.9239271358"><ele>-2.75</ele><time>2026-02-21T02:10:06Z</time><extensions><gpxtpx:TrackPointExtension><gpxtpx:cad>0</gpxtpx:cad></gpxtpx:TrackPointExtension></extensions></trkpt><trkpt lat="15.2042815927" lon="73.9236838929"><ele>-2.75</ele><time>2026-02-21T02:10:26Z</time><extensions><gpxtpx:TrackPointExtension><gpxtpx:cad>0</gpxtpx:cad></gpxtpx:TrackPointExtension></extensions></trkpt><trkpt lat="15.2047266718" lon="73.9235988166"><ele>-2.75</ele><time>2026-02-21T02:10:41Z</time><extensions><gpxtpx:TrackPointExtension><gpxtpx:cad>0</gpxtpx:cad></gpxtpx:TrackPointExtension></extensions></trkpt><trkpt lat="15.2052207850" lon="73.9234614372"><ele>-1.30</ele><time>2026-02-21T02:10:57Z</time><extensions><gpxtpx:TrackPointExtension><gpxtpx:cad>0</gpxtpx:cad></gpxtpx:TrackPointExtension></extensions></trkpt><trkpt lat="15.2057176642" lon="73.9234027639"><ele>0.14</ele><time>2026-02-21T02:11:12Z</time><extensions><gpxtpx:TrackPointExtension><gpxtpx:cad>0</gpxtpx:cad></gpxtpx:TrackPointExtension></extensions></trkpt><trkpt lat="15.2064299583" lon="73.9232678153"><ele>-1.30</ele><time>2026-02-21T02:11:34Z</time><extensions><gpxtpx:TrackPointExtension><gpxtpx:cad>0</gpxtpx:cad></gpxtpx:TrackPointExtension></extensions></trkpt><trkpt lat="15.2071085572" lon="73.9231045358"><ele>-1.30</ele><time>2026-02-21T02:11:55Z</time><extensions><gpxtpx:TrackPointExtension><gpxtpx:cad>0</gpxtpx:cad></gpxtpx:TrackPointExtension></extensions></trkpt><trkpt lat="15.2077750862" lon="73.9229594450"><ele>-0.34</ele><time>2026-02-21T02:12:16Z</time><extensions><gpxtpx:TrackPointExtension><gpxtpx:cad>0</gpxtpx:cad></gpxtpx:TrackPointExtension></extensions></trkpt><trkpt lat="15.2083315607" lon="73.9228467084"><ele>-1.30</ele><time>2026-02-21T02:12:33Z</time><extensions><gpxtpx:TrackPointExtension><gpxtpx:cad>0</gpxtpx:cad></gpxtpx:TrackPointExtension></extensions></trkpt><trkpt lat="15.2088698465" lon="73.9226790704"><ele>-1.79</ele><time>2026-02-21T02:12:50Z</time><extensions><gpxtpx:TrackPointExtension><gpxtpx:cad>0</gpxtpx:cad></gpxtpx:TrackPointExtension></extensions></trkpt><trkpt lat="15.2093911171" lon="73.9224583749"><ele>-2.27</ele><time>2026-02-21T02:13:07Z</time><extensions><gpxtpx:TrackPointExtension><gpxtpx:cad>0</gpxtpx:cad></gpxtpx:TrackPointExtension></extensions></trkpt><trkpt lat="15.2099429816" lon="73.9223365858"><ele>-2.27</ele><time>2026-02-21T02:13:24Z</time><extensions><gpxtpx:TrackPointExtension><gpxtpx:cad>0</gpxtpx:cad></gpxtpx:TrackPointExtension></extensions></trkpt><trkpt lat="15.2104634978" lon="73.9222574607"><ele>-2.27</ele><time>2026-02-21T02:13:40Z</time><extensions><gpxtpx:TrackPointExtension><gpxtpx:cad>0</gpxtpx:cad></gpxtpx:TrackPointExtension></extensions></trkpt><trkpt lat="15.2110779751" lon="73.9221297204"><ele>-1.79</ele><time>2026-02-21T02:13:59Z</time><extensions><gpxtpx:TrackPointExtension><gpxtpx:cad>0</gpxtpx:cad></gpxtpx:TrackPointExtension></extensions></trkpt><trkpt lat="15.2116237208" lon="73.9219857194"><ele>-1.79</ele><time>2026-02-21T02:14:16Z</time><extensions><gpxtpx:TrackPointExtension><gpxtpx:cad>0</gpxtpx:cad></gpxtpx:TrackPointExtension></extensions></trkpt><trkpt lat="15.2120335959" lon="73.9218486752"><ele>-1.79</ele><time>2026-02-21T02:14:29Z</time><extensions><gpxtpx:TrackPointExtension><gpxtpx:cad>0</gpxtpx:cad></gpxtpx:TrackPointExtension></extensions></trkpt><trkpt lat="15.2125086822" lon="73.9217084460"><ele>-1.79</ele><time>2026-02-21T02:14:44Z</time><extensions><gpxtpx:TrackPointExtension><gpxtpx:cad>0</gpxtpx:cad></gpxtpx:TrackPointExtension></extensions></trkpt><trkpt lat="15.2130866982" lon="73.9215543028"><ele>-1.30</ele><time>2026-02-21T02:15:02Z</time><extensions><gpxtpx:TrackPointExtension><gpxtpx:cad>0</gpxtpx:cad></gpxtpx:TrackPointExtension></extensions></trkpt><trkpt lat="15.2136622835" lon="73.9213957172"><ele>-1.79</ele><time>2026-02-21T02:15:20Z</time><extensions><gpxtpx:TrackPointExtension><gpxtpx:cad>0</gpxtpx:cad></gpxtpx:TrackPointExtension></extensions></trkpt><trkpt lat="15.2142966259" lon="73.9212043583"><ele>-2.27</ele><time>2026-02-21T02:15:40Z</time><extensions><gpxtpx:TrackPointExtension><gpxtpx:cad>0</gpxtpx:cad></gpxtpx:TrackPointExtension></extensions></trkpt><trkpt lat="15.2148987819" lon="73.9210124966"><ele>-2.27</ele><time>2026-02-21T02:15:59Z</time><extensions><gpxtpx:TrackPointExtension><gpxtpx:cad>0</gpxtpx:cad></gpxtpx:TrackPointExtension></extensions></trkpt><trkpt lat="15.2154453658" lon="73.9208720159"><ele>-2.75</ele><time>2026-02-21T02:16:16Z</time><extensions><gpxtpx:TrackPointExtension><gpxtpx:cad>0</gpxtpx:cad></gpxtpx:TrackPointExtension></extensions></trkpt><trkpt lat="15.2160243876" lon="73.9207107481"><ele>-2.27</ele><time>2026-02-21T02:16:34Z</time><extensions><gpxtpx:TrackPointExtension><gpxtpx:cad>0</gpxtpx:cad></gpxtpx:TrackPointExtension></extensions></trkpt><trkpt lat="15.2166694589" lon="73.9205621369"><ele>-2.27</ele><time>2026-02-21T02:16:54Z</time><extensions><gpxtpx:TrackPointExtension><gpxtpx:cad>0</gpxtpx:cad></gpxtpx:TrackPointExtension></extensions></trkpt><trkpt lat="15.2172181383" lon="73.9204172138"><ele>-2.27</ele><time>2026-02-21T02:17:11Z</time><extensions><gpxtpx:TrackPointExtension><gpxtpx:cad>0</gpxtpx:cad></gpxtpx:TrackPointExtension></extensions></trkpt><trkpt lat="15.2178316936" lon="73.9202886354"><ele>-2.75</ele><time>2026-02-21T02:17:30Z</time><extensions><gpxtpx:TrackPointExtension><gpxtpx:cad>0</gpxtpx:cad></gpxtpx:TrackPointExtension></extensions></trkpt><trkpt lat="15.2184649464" lon="73.9202256873"><ele>-1.79</ele><time>2026-02-21T02:17:49Z</time><extensions><gpxtpx:TrackPointExtension><gpxtpx:cad>0</gpxtpx:cad></gpxtpx:TrackPointExtension></extensions></trkpt><trkpt lat="15.2190759033" lon="73.9200748969"><ele>-1.79</ele><time>2026-02-21T02:18:08Z</time><extensions><gpxtpx:TrackPointExtension><gpxtpx:cad>0</gpxtpx:cad></gpxtpx:TrackPointExtension></extensions></trkpt><trkpt lat="15.2195973415" lon="73.9199630823"><ele>-1.30</ele><time>2026-02-21T02:18:24Z</time><extensions><gpxtpx:TrackPointExtension><gpxtpx:cad>0</gpxtpx:cad></gpxtpx:TrackPointExtension></extensions></trkpt><trkpt lat="15.2201430034" lon="73.9198206738"><ele>-1.30</ele><time>2026-02-21T02:18:41Z</time><extensions><gpxtpx:TrackPointExtension><gpxtpx:cad>0</gpxtpx:cad></gpxtpx:TrackPointExtension></extensions></trkpt><trkpt lat="15.2207987197" lon="73.9196833782"><ele>0.14</ele><time>2026-02-21T02:19:01Z</time><extensions><gpxtpx:TrackPointExtension><gpxtpx:cad>0</gpxtpx:cad></gpxtpx:TrackPointExtension></extensions></trkpt><trkpt lat="15.2214331459" lon="73.9195123874"><ele>-0.34</ele><time>2026-02-21T02:19:21Z</time><extensions><gpxtpx:TrackPointExtension><gpxtpx:cad>0</gpxtpx:cad></gpxtpx:TrackPointExtension></extensions></trkpt><trkpt lat="15.2219837531" lon="73.9194182586"><ele>-0.82</ele><time>2026-02-21T02:19:38Z</time><extensions><gpxtpx:TrackPointExtension><gpxtpx:cad>0</gpxtpx:cad></gpxtpx:TrackPointExtension></extensions></trkpt><trkpt lat="15.2227386273" lon="73.9192544762"><ele>-1.79</ele><time>2026-02-21T02:20:01Z</time><extensions><gpxtpx:TrackPointExtension><gpxtpx:cad>0</gpxtpx:cad></gpxtpx:TrackPointExtension></extensions></trkpt><trkpt lat="15.2232670225" lon="73.9192502014"><ele>-1.79</ele><time>2026-02-21T02:20:17Z</time><extensions><gpxtpx:TrackPointExtension><gpxtpx:cad>0</gpxtpx:cad></gpxtpx:TrackPointExtension></extensions></trkpt><trkpt lat="15.2238809969" lon="73.9191121515"><ele>-2.27</ele><time>2026-02-21T02:20:36Z</time><extensions><gpxtpx:TrackPointExtension><gpxtpx:cad>0</gpxtpx:cad></gpxtpx:TrackPointExtension></extensions></trkpt><trkpt lat="15.2244599350" lon="73.9189563319"><ele>-1.79</ele><time>2026-02-21T02:20:54Z</time><extensions><gpxtpx:TrackPointExtension><gpxtpx:cad>0</gpxtpx:cad></gpxtpx:TrackPointExtension></extensions></trkpt><trkpt lat="15.2250611689" lon="73.9187671524"><ele>-1.30</ele><time>2026-02-21T02:21:13Z</time><extensions><gpxtpx:TrackPointExtension><gpxtpx:cad>0</gpxtpx:cad></gpxtpx:TrackPointExtension></extensions></trkpt><trkpt lat="15.2257986926" lon="73.9185804874"><ele>-1.30</ele><time>2026-02-21T02:21:36Z</time><extensions><gpxtpx:TrackPointExtension><gpxtpx:cad>0</gpxtpx:cad></gpxtpx:TrackPointExtension></extensions></trkpt><trkpt lat="15.2265363000" lon="73.9184114244"><ele>-0.82</ele><time>2026-02-21T02:21:59Z</time><extensions><gpxtpx:TrackPointExtension><gpxtpx:cad>0</gpxtpx:cad></gpxtpx:TrackPointExtension></extensions></trkpt><trkpt lat="15.2271698043" lon="73.9183272701"><ele>-1.79</ele><time>2026-02-21T02:22:18Z</time><extensions><gpxtpx:TrackPointExtension><gpxtpx:cad>0</gpxtpx:cad></gpxtpx:TrackPointExtension></extensions></trkpt><trkpt lat="15.2276650909" lon="73.9182525035"><ele>-1.79</ele><time>2026-02-21T02:22:33Z</time><extensions><gpxtpx:TrackPointExtension><gpxtpx:cad>0</gpxtpx:cad></gpxtpx:TrackPointExtension></extensions></trkpt><trkpt lat="15.2282814961" lon="73.9181238413"><ele>-1.79</ele><time>2026-02-21T02:22:52Z</time><extensions><gpxtpx:TrackPointExtension><gpxtpx:cad>0</gpxtpx:cad></gpxtpx:TrackPointExtension></extensions></trkpt><trkpt lat="15.2289753500" lon="73.9179033972"><ele>-0.34</ele><time>2026-02-21T02:23:14Z</time><extensions><gpxtpx:TrackPointExtension><gpxtpx:cad>0</gpxtpx:cad></gpxtpx:TrackPointExtension></extensions></trkpt><trkpt lat="15.2295250352" lon="73.9177786745"><ele>-0.82</ele><time>2026-02-21T02:23:31Z</time><extensions><gpxtpx:TrackPointExtension><gpxtpx:cad>0</gpxtpx:cad></gpxtpx:TrackPointExtension></extensions></trkpt><trkpt lat="15.2300218306" lon="73.9176804386"><ele>-1.79</ele><time>2026-02-21T02:23:46Z</time><extensions><gpxtpx:TrackPointExtension><gpxtpx:cad>0</gpxtpx:cad></gpxtpx:TrackPointExtension></extensions></trkpt><trkpt lat="15.2305838373" lon="73.9175915066"><ele>-1.30</ele><time>2026-02-21T02:24:03Z</time><extensions><gpxtpx:TrackPointExtension><gpxtpx:cad>0</gpxtpx:cad></gpxtpx:TrackPointExtension></extensions></trkpt><trkpt lat="15.2310790401" lon="73.9174211025"><ele>-2.27</ele><time>2026-02-21T02:24:19Z</time><extensions><gpxtpx:TrackPointExtension><gpxtpx:cad>0</gpxtpx:cad></gpxtpx:TrackPointExtension></extensions></trkpt><trkpt lat="15.2315775957" lon="73.9172475971"><ele>-2.27</ele><time>2026-02-21T02:24:35Z</time><extensions><gpxtpx:TrackPointExtension><gpxtpx:cad>0</gpxtpx:cad></gpxtpx:TrackPointExtension></extensions></trkpt><trkpt lat="15.2321283706" lon="73.9171221200"><ele>-2.75</ele><time>2026-02-21T02:24:52Z</time><extensions><gpxtpx:TrackPointExtension><gpxtpx:cad>0</gpxtpx:cad></gpxtpx:TrackPointExtension></extensions></trkpt><trkpt lat="15.2327483799" lon="73.9170220401"><ele>-1.79</ele><time>2026-02-21T02:25:11Z</time><extensions><gpxtpx:TrackPointExtension><gpxtpx:cad>0</gpxtpx:cad></gpxtpx:TrackPointExtension></extensions></trkpt><trkpt lat="15.2334342711" lon="73.9168600179"><ele>-1.79</ele><time>2026-02-21T02:25:32Z</time><extensions><gpxtpx:TrackPointExtension><gpxtpx:cad>0</gpxtpx:cad></gpxtpx:TrackPointExtension></extensions></trkpt><trkpt lat="15.2339429688" lon="73.9166653901"><ele>-3.23</ele><time>2026-02-21T02:25:48Z</time><extensions><gpxtpx:TrackPointExtension><gpxtpx:cad>0</gpxtpx:cad></gpxtpx:TrackPointExtension></extensions></trkpt><trkpt lat="15.2344810031" lon="73.9165218920"><ele>-2.75</ele><time>2026-02-21T02:26:05Z</time><extensions><gpxtpx:TrackPointExtension><gpxtpx:cad>0</gpxtpx:cad></gpxtpx:TrackPointExtension></extensions></trkpt><trkpt lat="15.2349383198" lon="73.9163076505"><ele>-2.75</ele><time>2026-02-21T02:26:20Z</time><extensions><gpxtpx:TrackPointExtension><gpxtpx:cad>0</gpxtpx:cad></gpxtpx:TrackPointExtension></extensions></trkpt><trkpt lat="15.2354585007" lon="73.9161916450"><ele>-2.27</ele><time>2026-02-21T02:26:36Z</time><extensions><gpxtpx:TrackPointExtension><gpxtpx:cad>0</gpxtpx:cad></gpxtpx:TrackPointExtension></extensions></trkpt><trkpt lat="15.2360041626" lon="73.9160188101"><ele>-2.27</ele><time>2026-02-21T02:26:53Z</time><extensions><gpxtpx:TrackPointExtension><gpxtpx:cad>0</gpxtpx:cad></gpxtpx:TrackPointExtension></extensions></trkpt><trkpt lat="15.2366433665" lon="73.9158418681"><ele>-2.75</ele><time>2026-02-21T02:27:13Z</time><extensions><gpxtpx:TrackPointExtension><gpxtpx:cad>0</gpxtpx:cad></gpxtpx:TrackPointExtension></extensions></trkpt><trkpt lat="15.2373265754" lon="73.9156525210"><ele>-2.27</ele><time>2026-02-21T02:27:34Z</time><extensions><gpxtpx:TrackPointExtension><gpxtpx:cad>0</gpxtpx:cad></gpxtpx:TrackPointExtension></extensions></trkpt><trkpt lat="15.2378891688" lon="73.9154185820"><ele>-2.75</ele><time>2026-02-21T02:27:52Z</time><extensions><gpxtpx:TrackPointExtension><gpxtpx:cad>0</gpxtpx:cad></gpxtpx:TrackPointExtension></extensions></trkpt><trkpt lat="15.2385247685" lon="73.9152029995"><ele>-2.27</ele><time>2026-02-21T02:28:12Z</time><extensions><gpxtpx:TrackPointExtension><gpxtpx:cad>0</gpxtpx:cad></gpxtpx:TrackPointExtension></extensions></trkpt><trkpt lat="15.2390741184" lon="73.9150556456"><ele>-2.75</ele><time>2026-02-21T02:28:29Z</time><extensions><gpxtpx:TrackPointExtension><gpxtpx:cad>0</gpxtpx:cad></gpxtpx:TrackPointExtension></extensions></trkpt><trkpt lat="15.2396479435" lon="73.9148820564"><ele>-2.75</ele><time>2026-02-21T02:28:47Z</time><extensions><gpxtpx:TrackPointExtension><gpxtpx:cad>0</gpxtpx:cad></gpxtpx:TrackPointExtension></extensions></trkpt><trkpt lat="15.2402295638" lon="73.9147675596"><ele>-3.23</ele><time>2026-02-21T02:29:05Z</time><extensions><gpxtpx:TrackPointExtension><gpxtpx:cad>0</gpxtpx:cad></gpxtpx:TrackPointExtension></extensions></trkpt><trkpt lat="15.2407054882" lon="73.9146067947"><ele>-2.75</ele><time>2026-02-21T02:29:20Z</time><extensions><gpxtpx:TrackPointExtension><gpxtpx:cad>0</gpxtpx:cad></gpxtpx:TrackPointExtension></extensions></trkpt><trkpt lat="15.2413432673" lon="73.9143900387"><ele>-2.27</ele><time>2026-02-21T02:29:40Z</time><extensions><gpxtpx:TrackPointExtension><gpxtpx:cad>0</gpxtpx:cad></gpxtpx:TrackPointExtension></extensions></trkpt><trkpt lat="15.2418754343" lon="73.9141768031"><ele>-1.30</ele><time>2026-02-21T02:29:57Z</time><extensions><gpxtpx:TrackPointExtension><gpxtpx:cad>0</gpxtpx:cad></gpxtpx:TrackPointExtension></extensions></trkpt><trkpt lat="15.2423942741" lon="73.9140297845"><ele>-1.79</ele><time>2026-02-21T02:30:13Z</time><extensions><gpxtpx:TrackPointExtension><gpxtpx:cad>0</gpxtpx:cad></gpxtpx:TrackPointExtension></extensions></trkpt><trkpt lat="15.2428775746" lon="73.9138862025"><ele>-2.27</ele><time>2026-02-21T02:30:28Z</time><extensions><gpxtpx:TrackPointExtension><gpxtpx:cad>0</gpxtpx:cad></gpxtpx:TrackPointExtension></extensions></trkpt><trkpt lat="15.2435115818" lon="73.9136663452"><ele>-1.30</ele><time>2026-02-21T02:30:48Z</time><extensions><gpxtpx:TrackPointExtension><gpxtpx:cad>0</gpxtpx:cad></gpxtpx:TrackPointExtension></extensions></trkpt><trkpt lat="15.2440179326" lon="73.9134906605"><ele>-1.79</ele><time>2026-02-21T02:31:04Z</time><extensions><gpxtpx:TrackPointExtension><gpxtpx:cad>0</gpxtpx:cad></gpxtpx:TrackPointExtension></extensions></trkpt><trkpt lat="15.2444985509" lon="73.9133236092"><ele>-1.79</ele><time>2026-02-21T02:31:19Z</time><extensions><gpxtpx:TrackPointExtension><gpxtpx:cad>0</gpxtpx:cad></gpxtpx:TrackPointExtension></extensions></trkpt><trkpt lat="15.2450374234" lon="73.9131541271"><ele>-2.75</ele><time>2026-02-21T02:31:36Z</time><extensions><gpxtpx:TrackPointExtension><gpxtpx:cad>0</gpxtpx:cad></gpxtpx:TrackPointExtension></extensions></trkpt><trkpt lat="15.2455767989" lon="73.9129716530"><ele>-3.23</ele><time>2026-02-21T02:31:53Z</time><extensions><gpxtpx:TrackPointExtension><gpxtpx:cad>0</gpxtpx:cad></gpxtpx:TrackPointExtension></extensions></trkpt><trkpt lat="15.2461823076" lon="73.9126374666"><ele>-2.27</ele><time>2026-02-21T02:32:13Z</time><extensions><gpxtpx:TrackPointExtension><gpxtpx:cad>0</gpxtpx:cad></gpxtpx:TrackPointExtension></extensions></trkpt><trkpt lat="15.2467060089" lon="73.9124502148"><ele>-0.34</ele><time>2026-02-21T02:32:30Z</time><extensions><gpxtpx:TrackPointExtension><gpxtpx:cad>0</gpxtpx:cad></gpxtpx:TrackPointExtension></extensions></trkpt><trkpt lat="15.2472653333" lon="73.9123272523"><ele>-1.30</ele><time>2026-02-21T02:32:47Z</time><extensions><gpxtpx:TrackPointExtension><gpxtpx:cad>0</gpxtpx:cad></gpxtpx:TrackPointExtension></extensions></trkpt><trkpt lat="15.2478103247" lon="73.9121353067"><ele>-0.82</ele><time>2026-02-21T02:33:04Z</time><extensions><gpxtpx:TrackPointExtension><gpxtpx:cad>0</gpxtpx:cad></gpxtpx:TrackPointExtension></extensions></trkpt><trkpt lat="15.2483974770" lon="73.9119944070"><ele>-0.34</ele><time>2026-02-21T02:33:22Z</time><extensions><gpxtpx:TrackPointExtension><gpxtpx:cad>0</gpxtpx:cad></gpxtpx:TrackPointExtension></extensions></trkpt><trkpt lat="15.2488454059" lon="73.9118416887"><ele>-0.82</ele><time>2026-02-21T02:33:36Z</time><extensions><gpxtpx:TrackPointExtension><gpxtpx:cad>0</gpxtpx:cad></gpxtpx:TrackPointExtension></extensions></trkpt><trkpt lat="15.2494382579" lon="73.9117086679"><ele>-0.82</ele><time>2026-02-21T02:33:54Z</time><extensions><gpxtpx:TrackPointExtension><gpxtpx:cad>0</gpxtpx:cad></gpxtpx:TrackPointExtension></extensions></trkpt><trkpt lat="15.2499935590" lon="73.9115598891"><ele>-0.34</ele><time>2026-02-21T02:34:11Z</time><extensions><gpxtpx:TrackPointExtension><gpxtpx:cad>0</gpxtpx:cad></gpxtpx:TrackPointExtension></extensions></trkpt><trkpt lat="15.2505106386" lon="73.9113183226"><ele>-0.34</ele><time>2026-02-21T02:34:28Z</time><extensions><gpxtpx:TrackPointExtension><gpxtpx:cad>0</gpxtpx:cad></gpxtpx:TrackPointExtension></extensions></trkpt><trkpt lat="15.2510442305" lon="73.9111162350"><ele>-0.34</ele><time>2026-02-21T02:34:45Z</time><extensions><gpxtpx:TrackPointExtension><gpxtpx:cad>0</gpxtpx:cad></gpxtpx:TrackPointExtension></extensions></trkpt><trkpt lat="15.2516234200" lon="73.9108532947"><ele>-0.34</ele><time>2026-02-21T02:35:04Z</time><extensions><gpxtpx:TrackPointExtension><gpxtpx:cad>0</gpxtpx:cad></gpxtpx:TrackPointExtension></extensions></trkpt><trkpt lat="15.2520901244" lon="73.9106539730"><ele>-1.30</ele><time>2026-02-21T02:35:19Z</time><extensions><gpxtpx:TrackPointExtension><gpxtpx:cad>0</gpxtpx:cad></gpxtpx:TrackPointExtension></extensions></trkpt><trkpt lat="15.2527528815" lon="73.9104159269"><ele>-1.30</ele><time>2026-02-21T02:35:40Z</time><extensions><gpxtpx:TrackPointExtension><gpxtpx:cad>0</gpxtpx:cad></gpxtpx:TrackPointExtension></extensions></trkpt><trkpt lat="15.2532453183" lon="73.9102294296"><ele>-1.30</ele><time>2026-02-21T02:35:56Z</time><extensions><gpxtpx:TrackPointExtension><gpxtpx:cad>0</gpxtpx:cad></gpxtpx:TrackPointExtension></extensions></trkpt><trkpt lat="15.2537740488" lon="73.9100083150"><ele>-0.82</ele><time>2026-02-21T02:36:13Z</time><extensions><gpxtpx:TrackPointExtension><gpxtpx:cad>0</gpxtpx:cad></gpxtpx:TrackPointExtension></extensions></trkpt><trkpt lat="15.2542344667" lon="73.9098032936"><ele>-0.82</ele><time>2026-02-21T02:36:28Z</time><extensions><gpxtpx:TrackPointExtension><gpxtpx:cad>0</gpxtpx:cad></gpxtpx:TrackPointExtension></extensions></trkpt><trkpt lat="15.2547719982" lon="73.9097967558"><ele>-1.30</ele><time>2026-02-21T02:36:44Z</time><extensions><gpxtpx:TrackPointExtension><gpxtpx:cad>0</gpxtpx:cad></gpxtpx:TrackPointExtension></extensions></trkpt><trkpt lat="15.2552262135" lon="73.9096882939"><ele>-1.79</ele><time>2026-02-21T02:36:58Z</time><extensions><gpxtpx:TrackPointExtension><gpxtpx:cad>0</gpxtpx:cad></gpxtpx:TrackPointExtension></extensions></trkpt><trkpt lat="15.2556717955" lon="73.9094534330"><ele>-1.79</ele><time>2026-02-21T02:37:13Z</time><extensions><gpxtpx:TrackPointExtension><gpxtpx:cad>0</gpxtpx:cad></gpxtpx:TrackPointExtension></extensions></trkpt><trkpt lat="15.2561055589" lon="73.9091750700"><ele>-0.82</ele><time>2026-02-21T02:37:28Z</time><extensions><gpxtpx:TrackPointExtension><gpxtpx:cad>0</gpxtpx:cad></gpxtpx:TrackPointExtension></extensions></trkpt><trkpt lat="15.2566316910" lon="73.9088596590"><ele>-1.79</ele><time>2026-02-21T02:37:46Z</time><extensions><gpxtpx:TrackPointExtension><gpxtpx:cad>0</gpxtpx:cad></gpxtpx:TrackPointExtension></extensions></trkpt><trkpt lat="15.2571796160" lon="73.9085926116"><ele>-1.79</ele><time>2026-02-21T02:38:04Z</time><extensions><gpxtpx:TrackPointExtension><gpxtpx:cad>0</gpxtpx:cad></gpxtpx:TrackPointExtension></extensions></trkpt><trkpt lat="15.2576517686" lon="73.9083197806"><ele>-1.30</ele><time>2026-02-21T02:38:20Z</time><extensions><gpxtpx:TrackPointExtension><gpxtpx:cad>0</gpxtpx:cad></gpxtpx:TrackPointExtension></extensions></trkpt><trkpt lat="15.2581308782" lon="73.9080584329"><ele>-1.79</ele><time>2026-02-21T02:38:36Z</time><extensions><gpxtpx:TrackPointExtension><gpxtpx:cad>0</gpxtpx:cad></gpxtpx:TrackPointExtension></extensions></trkpt><trkpt lat="15.2586168610" lon="73.9078168664"><ele>-0.82</ele><time>2026-02-21T02:38:52Z</time><extensions><gpxtpx:TrackPointExtension><gpxtpx:cad>0</gpxtpx:cad></gpxtpx:TrackPointExtension></extensions></trkpt><trkpt lat="15.2591443341" lon="73.9075588714"><ele>-1.79</ele><time>2026-02-21T02:39:09Z</time><extensions><gpxtpx:TrackPointExtension><gpxtpx:cad>0</gpxtpx:cad></gpxtpx:TrackPointExtension></extensions></trkpt><trkpt lat="15.2596753277" lon="73.9073230047"><ele>-2.27</ele><time>2026-02-21T02:39:26Z</time><extensions><gpxtpx:TrackPointExtension><gpxtpx:cad>0</gpxtpx:cad></gpxtpx:TrackPointExtension></extensions></trkpt><trkpt lat="15.2602025494" lon="73.9070827793"><ele>-2.27</ele><time>2026-02-21T02:39:43Z</time><extensions><gpxtpx:TrackPointExtension><gpxtpx:cad>0</gpxtpx:cad></gpxtpx:TrackPointExtension></extensions></trkpt><trkpt lat="15.2606486343" lon="73.9068366028"><ele>-1.79</ele><time>2026-02-21T02:39:58Z</time><extensions><gpxtpx:TrackPointExtension><gpxtpx:cad>0</gpxtpx:cad></gpxtpx:TrackPointExtension></extensions></trkpt><trkpt lat="15.2610808890" lon="73.9066332579"><ele>-0.82</ele><time>2026-02-21T02:40:12Z</time><extensions><gpxtpx:TrackPointExtension><gpxtpx:cad>0</gpxtpx:cad></gpxtpx:TrackPointExtension></extensions></trkpt><trkpt lat="15.2615913469" lon="73.9065026678"><ele>0.14</ele><time>2026-02-21T02:40:28Z</time><extensions><gpxtpx:TrackPointExtension><gpxtpx:cad>0</gpxtpx:cad></gpxtpx:TrackPointExtension></extensions></trkpt><trkpt lat="15.2621434629" lon="73.9065538812"><ele>0.62</ele><time>2026-02-21T02:40:44Z</time><extensions><gpxtpx:TrackPointExtension><gpxtpx:cad>0</gpxtpx:cad></gpxtpx:TrackPointExtension></extensions></trkpt><trkpt lat="15.2627131809" lon="73.9065359440"><ele>0.14</ele><time>2026-02-21T02:41:01Z</time><extensions><gpxtpx:TrackPointExtension><gpxtpx:cad>0</gpxtpx:cad></gpxtpx:TrackPointExtension></extensions></trkpt><trkpt lat="15.2632482816" lon="73.9064781927"><ele>-0.34</ele><time>2026-02-21T02:41:17Z</time><extensions><gpxtpx:TrackPointExtension><gpxtpx:cad>0</gpxtpx:cad></gpxtpx:TrackPointExtension></extensions></trkpt><trkpt lat="15.2638243698" lon="73.9063703176"><ele>-0.34</ele><time>2026-02-21T02:41:34Z</time><extensions><gpxtpx:TrackPointExtension><gpxtpx:cad>0</gpxtpx:cad></gpxtpx:TrackPointExtension></extensions></trkpt><trkpt lat="15.2644432895" lon="73.9061735943"><ele>0.14</ele><time>2026-02-21T02:41:53Z</time><extensions><gpxtpx:TrackPointExtension><gpxtpx:cad>0</gpxtpx:cad></gpxtpx:TrackPointExtension></extensions></trkpt><trkpt lat="15.2649193816" lon="73.9059944730"><ele>0.14</ele><time>2026-02-21T02:42:08Z</time><extensions><gpxtpx:TrackPointExtension><gpxtpx:cad>0</gpxtpx:cad></gpxtpx:TrackPointExtension></extensions></trkpt><trkpt lat="15.2653861698" lon="73.9057897031"><ele>-0.34</ele><time>2026-02-21T02:42:23Z</time><extensions><gpxtpx:TrackPointExtension><gpxtpx:cad>0</gpxtpx:cad></gpxtpx:TrackPointExtension></extensions></trkpt><trkpt lat="15.2657392994" lon="73.9056577720"><ele>-0.34</ele><time>2026-02-21T02:42:34Z</time><extensions><gpxtpx:TrackPointExtension><gpxtpx:cad>0</gpxtpx:cad></gpxtpx:TrackPointExtension></extensions></trkpt><trkpt lat="15.2662673593" lon="73.9054239169"><ele>0.14</ele><time>2026-02-21T02:42:51Z</time><extensions><gpxtpx:TrackPointExtension><gpxtpx:cad>0</gpxtpx:cad></gpxtpx:TrackPointExtension></extensions></trkpt><trkpt lat="15.2667517494" lon="73.9052480645"><ele>-0.34</ele><time>2026-02-21T02:43:06Z</time><extensions><gpxtpx:TrackPointExtension><gpxtpx:cad>0</gpxtpx:cad></gpxtpx:TrackPointExtension></extensions></trkpt><trkpt lat="15.2672425099" lon="73.9051481523"><ele>-0.34</ele><time>2026-02-21T02:43:21Z</time><extensions><gpxtpx:TrackPointExtension><gpxtpx:cad>0</gpxtpx:cad></gpxtpx:TrackPointExtension></extensions></trkpt><trkpt lat="15.2678297460" lon="73.9049783349"><ele>-0.82</ele><time>2026-02-21T02:43:39Z</time><extensions><gpxtpx:TrackPointExtension><gpxtpx:cad>0</gpxtpx:cad></gpxtpx:TrackPointExtension></extensions></trkpt><trkpt lat="15.2684315667" lon="73.9048709627"><ele>-0.34</ele><time>2026-02-21T02:43:57Z</time><extensions><gpxtpx:TrackPointExtension><gpxtpx:cad>0</gpxtpx:cad></gpxtpx:TrackPointExtension></extensions></trkpt><trkpt lat="15.2689570282" lon="73.9047441445"><ele>-0.82</ele><time>2026-02-21T02:44:13Z</time><extensions><gpxtpx:TrackPointExtension><gpxtpx:cad>0</gpxtpx:cad></gpxtpx:TrackPointExtension></extensions></trkpt><trkpt lat="15.2695823181" lon="73.9045845531"><ele>-0.34</ele><time>2026-02-21T02:44:32Z</time><extensions><gpxtpx:TrackPointExtension><gpxtpx:cad>0</gpxtpx:cad></gpxtpx:TrackPointExtension></extensions></trkpt><trkpt lat="15.2700630203" lon="73.9044232853"><ele>0.14</ele><time>2026-02-21T02:44:47Z</time><extensions><gpxtpx:TrackPointExtension><gpxtpx:cad>0</gpxtpx:cad></gpxtpx:TrackPointExtension></extensions></trkpt><trkpt lat="15.2707395237" lon="73.9042281546"><ele>-0.34</ele><time>2026-02-21T02:45:08Z</time><extensions><gpxtpx:TrackPointExtension><gpxtpx:cad>0</gpxtpx:cad></gpxtpx:TrackPointExtension></extensions></trkpt><trkpt lat="15.2712483052" lon="73.9039823972"><ele>0.14</ele><time>2026-02-21T02:45:25Z</time><extensions><gpxtpx:TrackPointExtension><gpxtpx:cad>0</gpxtpx:cad></gpxtpx:TrackPointExtension></extensions></trkpt><trkpt lat="15.2717451844" lon="73.9038392343"><ele>0.14</ele><time>2026-02-21T02:45:40Z</time><extensions><gpxtpx:TrackPointExtension><gpxtpx:cad>0</gpxtpx:cad></gpxtpx:TrackPointExtension></extensions></trkpt><trkpt lat="15.2722725738" lon="73.9037137572"><ele>-0.34</ele><time>2026-02-21T02:45:56Z</time><extensions><gpxtpx:TrackPointExtension><gpxtpx:cad>0</gpxtpx:cad></gpxtpx:TrackPointExtension></extensions></trkpt><trkpt lat="15.2728304733" lon="73.9035465382"><ele>0.14</ele><time>2026-02-21T02:46:13Z</time><extensions><gpxtpx:TrackPointExtension><gpxtpx:cad>0</gpxtpx:cad></gpxtpx:TrackPointExtension></extensions></trkpt><trkpt lat="15.2734137699" lon="73.9033532515"><ele>-0.34</ele><time>2026-02-21T02:46:31Z</time><extensions><gpxtpx:TrackPointExtension><gpxtpx:cad>0</gpxtpx:cad></gpxtpx:TrackPointExtension></extensions></trkpt><trkpt lat="15.2741594240" lon="73.9030878805"><ele>0.62</ele><time>2026-02-21T02:46:54Z</time><extensions><gpxtpx:TrackPointExtension><gpxtpx:cad>0</gpxtpx:cad></gpxtpx:TrackPointExtension></extensions></trkpt><trkpt lat="15.2747741528" lon="73.9029063284"><ele>1.10</ele><time>2026-02-21T02:47:13Z</time><extensions><gpxtpx:TrackPointExtension><gpxtpx:cad>0</gpxtpx:cad></gpxtpx:TrackPointExtension></extensions></trkpt><trkpt lat="15.2754825074" lon="73.9027681109"><ele>0.14</ele><time>2026-02-21T02:47:34Z</time><extensions><gpxtpx:TrackPointExtension><gpxtpx:cad>0</gpxtpx:cad></gpxtpx:TrackPointExtension></extensions></trkpt><trkpt lat="15.2761345357" lon="73.9025898278"><ele>0.62</ele><time>2026-02-21T02:47:54Z</time><extensions><gpxtpx:TrackPointExtension><gpxtpx:cad>0</gpxtpx:cad></gpxtpx:TrackPointExtension></extensions></trkpt><trkpt lat="15.2766742464" lon="73.9023792744"><ele>0.14</ele><time>2026-02-21T02:48:11Z</time><extensions><gpxtpx:TrackPointExtension><gpxtpx:cad>0</gpxtpx:cad></gpxtpx:TrackPointExtension></extensions></trkpt><trkpt lat="15.2771518473" lon="73.9021763485"><ele>-0.82</ele><time>2026-02-21T02:48:26Z</time><extensions><gpxtpx:TrackPointExtension><gpxtpx:cad>0</gpxtpx:cad></gpxtpx:TrackPointExtension></extensions></trkpt><trkpt lat="15.2777342219" lon="73.9019902702"><ele>-1.30</ele><time>2026-02-21T02:48:44Z</time><extensions><gpxtpx:TrackPointExtension><gpxtpx:cad>0</gpxtpx:cad></gpxtpx:TrackPointExtension></extensions></trkpt><trkpt lat="15.2782678138" lon="73.9019055292"><ele>-0.34</ele><time>2026-02-21T02:49:00Z</time><extensions><gpxtpx:TrackPointExtension><gpxtpx:cad>0</gpxtpx:cad></gpxtpx:TrackPointExtension></extensions></trkpt><trkpt lat="15.2788322512" lon="73.9018295053"><ele>-0.34</ele><time>2026-02-21T02:49:17Z</time><extensions><gpxtpx:TrackPointExtension><gpxtpx:cad>0</gpxtpx:cad></gpxtpx:TrackPointExtension></extensions></trkpt><trkpt lat="15.2794403583" lon="73.9017888531"><ele>0.14</ele><time>2026-02-21T02:49:35Z</time><extensions><gpxtpx:TrackPointExtension><gpxtpx:cad>0</gpxtpx:cad></gpxtpx:TrackPointExtension></extensions></trkpt><trkpt lat="15.2801567595" lon="73.9018033538"><ele>-0.34</ele><time>2026-02-21T02:49:56Z</time><extensions><gpxtpx:TrackPointExtension><gpxtpx:cad>0</gpxtpx:cad></gpxtpx:TrackPointExtension></extensions></trkpt><trkpt lat="15.2808645274" lon="73.9017289225"><ele>-0.34</ele><time>2026-02-21T02:50:17Z</time><extensions><gpxtpx:TrackPointExtension><gpxtpx:cad>0</gpxtpx:cad></gpxtpx:TrackPointExtension></extensions></trkpt><trkpt lat="15.2814974450" lon="73.9017227199"><ele>-0.34</ele><time>2026-02-21T02:50:36Z</time><extensions><gpxtpx:TrackPointExtension><gpxtpx:cad>0</gpxtpx:cad></gpxtpx:TrackPointExtension></extensions></trkpt><trkpt lat="15.2821635548" lon="73.9016466960"><ele>-1.30</ele><time>2026-02-21T02:50:56Z</time><extensions><gpxtpx:TrackPointExtension><gpxtpx:cad>0</gpxtpx:cad></gpxtpx:TrackPointExtension></extensions></trkpt><trkpt lat="15.2827692311" lon="73.9018272422"><ele>-1.30</ele><time>2026-02-21T02:51:15Z</time><extensions><gpxtpx:TrackPointExtension><gpxtpx:cad>0</gpxtpx:cad></gpxtpx:TrackPointExtension></extensions></trkpt><trkpt lat="15.2833675314" lon="73.9019844029"><ele>-1.30</ele><time>2026-02-21T02:51:33Z</time><extensions><gpxtpx:TrackPointExtension><gpxtpx:cad>0</gpxtpx:cad></gpxtpx:TrackPointExtension></extensions></trkpt><trkpt lat="15.2839199826" lon="73.9021542203"><ele>-0.34</ele><time>2026-02-21T02:51:50Z</time><extensions><gpxtpx:TrackPointExtension><gpxtpx:cad>0</gpxtpx:cad></gpxtpx:TrackPointExtension></extensions></trkpt><trkpt lat="15.2844555024" lon="73.9022175036"><ele>0.14</ele><time>2026-02-21T02:52:06Z</time><extensions><gpxtpx:TrackPointExtension><gpxtpx:cad>0</gpxtpx:cad></gpxtpx:TrackPointExtension></extensions></trkpt><trkpt lat="15.2850344405" lon="73.9021800365"><ele>-1.30</ele><time>2026-02-21T02:52:23Z</time><extensions><gpxtpx:TrackPointExtension><gpxtpx:cad>0</gpxtpx:cad></gpxtpx:TrackPointExtension></extensions></trkpt><trkpt lat="15.2857487462" lon="73.9021362830"><ele>-1.30</ele><time>2026-02-21T02:52:44Z</time><extensions><gpxtpx:TrackPointExtension><gpxtpx:cad>0</gpxtpx:cad></gpxtpx:TrackPointExtension></extensions></trkpt><trkpt lat="15.2863511536" lon="73.9021631889"><ele>-0.82</ele><time>2026-02-21T02:53:02Z</time><extensions><gpxtpx:TrackPointExtension><gpxtpx:cad>0</gpxtpx:cad></gpxtpx:TrackPointExtension></extensions></trkpt><trkpt lat="15.2870492823" lon="73.9020437468"><ele>0.14</ele><time>2026-02-21T02:53:23Z</time><extensions><gpxtpx:TrackPointExtension><gpxtpx:cad>0</gpxtpx:cad></gpxtpx:TrackPointExtension></extensions></trkpt><trkpt lat="15.2877215110" lon="73.9019327704"><ele>1.10</ele><time>2026-02-21T02:53:43Z</time><extensions><gpxtpx:TrackPointExtension><gpxtpx:cad>0</gpxtpx:cad></gpxtpx:TrackPointExtension></extensions></trkpt><trkpt lat="15.2883925661" lon="73.9018310979"><ele>0.14</ele><time>2026-02-21T02:54:03Z</time><extensions><gpxtpx:TrackPointExtension><gpxtpx:cad>0</gpxtpx:cad></gpxtpx:TrackPointExtension></extensions></trkpt><trkpt lat="15.2891075425" lon="73.9016016014"><ele>0.62</ele><time>2026-02-21T02:54:25Z</time><extensions><gpxtpx:TrackPointExtension><gpxtpx:cad>0</gpxtpx:cad></gpxtpx:TrackPointExtension></extensions></trkpt><trkpt lat="15.2897539549" lon="73.9014036208"><ele>1.10</ele><time>2026-02-21T02:54:45Z</time><extensions><gpxtpx:TrackPointExtension><gpxtpx:cad>0</gpxtpx:cad></gpxtpx:TrackPointExtension></extensions></trkpt><trkpt lat="15.2903737966" lon="73.9012553450"><ele>1.10</ele><time>2026-02-21T02:55:04Z</time><extensions><gpxtpx:TrackPointExtension><gpxtpx:cad>0</gpxtpx:cad></gpxtpx:TrackPointExtension></extensions></trkpt><trkpt lat="15.2908057999" lon="73.9010452945"><ele>0.62</ele><time>2026-02-21T02:55:18Z</time><extensions><gpxtpx:TrackPointExtension><gpxtpx:cad>0</gpxtpx:cad></gpxtpx:TrackPointExtension></extensions></trkpt><trkpt lat="15.2914015017" lon="73.9007943403"><ele>0.14</ele><time>2026-02-21T02:55:37Z</time><extensions><gpxtpx:TrackPointExtension><gpxtpx:cad>0</gpxtpx:cad></gpxtpx:TrackPointExtension></extensions></trkpt><trkpt lat="15.2920409571" lon="73.9005790930"><ele>-0.34</ele><time>2026-02-21T02:55:57Z</time><extensions><gpxtpx:TrackPointExtension><gpxtpx:cad>0</gpxtpx:cad></gpxtpx:TrackPointExtension></extensions></trkpt><trkpt lat="15.2927465457" lon="73.9005109482"><ele>0.14</ele><time>2026-02-21T02:56:18Z</time><extensions><gpxtpx:TrackPointExtension><gpxtpx:cad>0</gpxtpx:cad></gpxtpx:TrackPointExtension></extensions></trkpt><trkpt lat="15.2932675648" lon="73.9003599901"><ele>-0.34</ele><time>2026-02-21T02:56:34Z</time><extensions><gpxtpx:TrackPointExtension><gpxtpx:cad>0</gpxtpx:cad></gpxtpx:TrackPointExtension></extensions></trkpt><trkpt lat="15.2938185073" lon="73.9000771008"><ele>-0.82</ele><time>2026-02-21T02:56:52Z</time><extensions><gpxtpx:TrackPointExtension><gpxtpx:cad>0</gpxtpx:cad></gpxtpx:TrackPointExtension></extensions></trkpt><trkpt lat="15.2942851279" lon="73.8998960517"><ele>-0.34</ele><time>2026-02-21T02:57:07Z</time><extensions><gpxtpx:TrackPointExtension><gpxtpx:cad>0</gpxtpx:cad></gpxtpx:TrackPointExtension></extensions></trkpt><trkpt lat="15.2948305383" lon="73.8996949699"><ele>-0.34</ele><time>2026-02-21T02:57:24Z</time><extensions><gpxtpx:TrackPointExtension><gpxtpx:cad>0</gpxtpx:cad></gpxtpx:TrackPointExtension></extensions></trkpt><trkpt lat="15.2955546509" lon="73.8995218836"><ele>0.14</ele><time>2026-02-21T02:57:46Z</time><extensions><gpxtpx:TrackPointExtension><gpxtpx:cad>0</gpxtpx:cad></gpxtpx:TrackPointExtension></extensions></trkpt><trkpt lat="15.2961226087" lon="73.8994309399"><ele>0.14</ele><time>2026-02-21T02:58:03Z</time><extensions><gpxtpx:TrackPointExtension><gpxtpx:cad>0</gpxtpx:cad></gpxtpx:TrackPointExtension></extensions></trkpt><trkpt lat="15.2966474835" lon="73.8991826680"><ele>0.14</ele><time>2026-02-21T02:58:20Z</time><extensions><gpxtpx:TrackPointExtension><gpxtpx:cad>0</gpxtpx:cad></gpxtpx:TrackPointExtension></extensions></trkpt><trkpt lat="15.2971762139" lon="73.8989592902"><ele>-0.34</ele><time>2026-02-21T02:58:37Z</time><extensions><gpxtpx:TrackPointExtension><gpxtpx:cad>0</gpxtpx:cad></gpxtpx:TrackPointExtension></extensions></trkpt><trkpt lat="15.2976208739" lon="73.8986532670"><ele>0.14</ele><time>2026-02-21T02:58:53Z</time><extensions><gpxtpx:TrackPointExtension><gpxtpx:cad>0</gpxtpx:cad></gpxtpx:TrackPointExtension></extensions></trkpt><trkpt lat="15.2981276438" lon="73.8983299769"><ele>0.62</ele><time>2026-02-21T02:59:11Z</time><extensions><gpxtpx:TrackPointExtension><gpxtpx:cad>0</gpxtpx:cad></gpxtpx:TrackPointExtension></extensions></trkpt><trkpt lat="15.2986544464" lon="73.8981060125"><ele>0.62</ele><time>2026-02-21T02:59:28Z</time><extensions><gpxtpx:TrackPointExtension><gpxtpx:cad>0</gpxtpx:cad></gpxtpx:TrackPointExtension></extensions></trkpt><trkpt lat="15.2991676703" lon="73.8978591654"><ele>0.62</ele><time>2026-02-21T02:59:45Z</time><extensions><gpxtpx:TrackPointExtension><gpxtpx:cad>0</gpxtpx:cad></gpxtpx:TrackPointExtension></extensions></trkpt><trkpt lat="15.2995802276" lon="73.8976242207"><ele>0.14</ele><time>2026-02-21T02:59:59Z</time><extensions><gpxtpx:TrackPointExtension><gpxtpx:cad>0</gpxtpx:cad></gpxtpx:TrackPointExtension></extensions></trkpt><trkpt lat="15.3001360316" lon="73.8973020203"><ele>0.62</ele><time>2026-02-21T03:00:18Z</time><extensions><gpxtpx:TrackPointExtension><gpxtpx:cad>0</gpxtpx:cad></gpxtpx:TrackPointExtension></extensions></trkpt><trkpt lat="15.3006614931" lon="73.8969918899"><ele>1.10</ele><time>2026-02-21T03:00:36Z</time><extensions><gpxtpx:TrackPointExtension><gpxtpx:cad>0</gpxtpx:cad></gpxtpx:TrackPointExtension></extensions></trkpt><trkpt lat="15.3011860326" lon="73.8965499960"><ele>1.58</ele><time>2026-02-21T03:00:56Z</time><extensions><gpxtpx:TrackPointExtension><gpxtpx:cad>0</gpxtpx:cad></gpxtpx:TrackPointExtension></extensions></trkpt><trkpt lat="15.3016195446" lon="73.8961141370"><ele>2.06</ele><time>2026-02-21T03:01:14Z</time><extensions><gpxtpx:TrackPointExtension><gpxtpx:cad>0</gpxtpx:cad></gpxtpx:TrackPointExtension></extensions></trkpt><trkpt lat="15.3021310922" lon="73.8957272284"><ele>1.58</ele><time>2026-02-21T03:01:33Z</time><extensions><gpxtpx:TrackPointExtension><gpxtpx:cad>0</gpxtpx:cad></gpxtpx:TrackPointExtension></extensions></trkpt><trkpt lat="15.3026536200" lon="73.8952844962"><ele>1.58</ele><time>2026-02-21T03:01:53Z</time><extensions><gpxtpx:TrackPointExtension><gpxtpx:cad>0</gpxtpx:cad></gpxtpx:TrackPointExtension></extensions></trkpt><trkpt lat="15.3031682689" lon="73.8949385751"><ele>2.06</ele><time>2026-02-21T03:02:11Z</time><extensions><gpxtpx:TrackPointExtension><gpxtpx:cad>0</gpxtpx:cad></gpxtpx:TrackPointExtension></extensions></trkpt><trkpt lat="15.3036487196" lon="73.8945525885"><ele>2.54</ele><time>2026-02-21T03:02:29Z</time><extensions><gpxtpx:TrackPointExtension><gpxtpx:cad>0</gpxtpx:cad></gpxtpx:TrackPointExtension></extensions></trkpt><trkpt lat="15.3042144142" lon="73.8940365147"><ele>2.54</ele><time>2026-02-21T03:02:51Z</time><extensions><gpxtpx:TrackPointExtension><gpxtpx:cad>0</gpxtpx:cad></gpxtpx:TrackPointExtension></extensions></trkpt><trkpt lat="15.3046456631" lon="73.8936358597"><ele>2.06</ele><time>2026-02-21T03:03:08Z</time><extensions><gpxtpx:TrackPointExtension><gpxtpx:cad>0</gpxtpx:cad></gpxtpx:TrackPointExtension></extensions></trkpt><trkpt lat="15.3051021416" lon="73.8931637071"><ele>1.58</ele><time>2026-02-21T03:03:27Z</time><extensions><gpxtpx:TrackPointExtension><gpxtpx:cad>0</gpxtpx:cad></gpxtpx:TrackPointExtension></extensions></trkpt><trkpt lat="15.3055110946" lon="73.8926939853"><ele>3.02</ele><time>2026-02-21T03:03:45Z</time><extensions><gpxtpx:TrackPointExtension><gpxtpx:cad>0</gpxtpx:cad></gpxtpx:TrackPointExtension></extensions></trkpt><trkpt lat="15.3059012722" lon="73.8923164643"><ele>2.06</ele><time>2026-02-21T03:04:01Z</time><extensions><gpxtpx:TrackPointExtension><gpxtpx:cad>0</gpxtpx:cad></gpxtpx:TrackPointExtension></extensions></trkpt><trkpt lat="15.3065009974" lon="73.8920941763"><ele>0.14</ele><time>2026-02-21T03:04:20Z</time><extensions><gpxtpx:TrackPointExtension><gpxtpx:cad>0</gpxtpx:cad></gpxtpx:TrackPointExtension></extensions></trkpt><trkpt lat="15.3071485832" lon="73.8918802701"><ele>0.62</ele><time>2026-02-21T03:04:40Z</time><extensions><gpxtpx:TrackPointExtension><gpxtpx:cad>0</gpxtpx:cad></gpxtpx:TrackPointExtension></extensions></trkpt><trkpt lat="15.3076517489" lon="73.8916622568"><ele>0.14</ele><time>2026-02-21T03:04:56Z</time><extensions><gpxtpx:TrackPointExtension><gpxtpx:cad>0</gpxtpx:cad></gpxtpx:TrackPointExtension></extensions></trkpt><trkpt lat="15.3083307669" lon="73.8914473448"><ele>0.14</ele><time>2026-02-21T03:05:17Z</time><extensions><gpxtpx:TrackPointExtension><gpxtpx:cad>0</gpxtpx:cad></gpxtpx:TrackPointExtension></extensions></trkpt><trkpt lat="15.3089715634" lon="73.8914444111"><ele>-0.34</ele><time>2026-02-21T03:05:36Z</time><extensions><gpxtpx:TrackPointExtension><gpxtpx:cad>0</gpxtpx:cad></gpxtpx:TrackPointExtension></extensions></trkpt><trkpt lat="15.3096186463" lon="73.8912225422"><ele>0.14</ele><time>2026-02-21T03:05:56Z</time><extensions><gpxtpx:TrackPointExtension><gpxtpx:cad>0</gpxtpx:cad></gpxtpx:TrackPointExtension></extensions></trkpt><trkpt lat="15.3101763781" lon="73.8911500387"><ele>0.62</ele><time>2026-02-21T03:06:13Z</time><extensions><gpxtpx:TrackPointExtension><gpxtpx:cad>0</gpxtpx:cad></gpxtpx:TrackPointExtension></extensions></trkpt><trkpt lat="15.3109104652" lon="73.8911015075"><ele>1.10</ele><time>2026-02-21T03:06:35Z</time><extensions><gpxtpx:TrackPointExtension><gpxtpx:cad>0</gpxtpx:cad></gpxtpx:TrackPointExtension></extensions></trkpt><trkpt lat="15.3113935981" lon="73.8907956518"><ele>1.10</ele><time>2026-02-21T03:06:52Z</time><extensions><gpxtpx:TrackPointExtension><gpxtpx:cad>0</gpxtpx:cad></gpxtpx:TrackPointExtension></extensions></trkpt><trkpt lat="15.3118491545" lon="73.8904405106"><ele>1.58</ele><time>2026-02-21T03:07:09Z</time><extensions><gpxtpx:TrackPointExtension><gpxtpx:cad>0</gpxtpx:cad></gpxtpx:TrackPointExtension></extensions></trkpt><trkpt lat="15.3124301881" lon="73.8899070024"><ele>1.58</ele><time>2026-02-21T03:07:32Z</time><extensions><gpxtpx:TrackPointExtension><gpxtpx:cad>0</gpxtpx:cad></gpxtpx:TrackPointExtension></extensions></trkpt><trkpt lat="15.3128714114" lon="73.8895225246"><ele>2.54</ele><time>2026-02-21T03:07:49Z</time><extensions><gpxtpx:TrackPointExtension><gpxtpx:cad>0</gpxtpx:cad></gpxtpx:TrackPointExtension></extensions></trkpt><trkpt lat="15.3133200947" lon="73.8891515415"><ele>2.06</ele><time>2026-02-21T03:08:06Z</time><extensions><gpxtpx:TrackPointExtension><gpxtpx:cad>0</gpxtpx:cad></gpxtpx:TrackPointExtension></extensions></trkpt><trkpt lat="15.3138394374" lon="73.8887029421"><ele>0.62</ele><time>2026-02-21T03:08:26Z</time><extensions><gpxtpx:TrackPointExtension><gpxtpx:cad>0</gpxtpx:cad></gpxtpx:TrackPointExtension></extensions></trkpt><trkpt lat="15.3142203949" lon="73.8883566856"><ele>0.62</ele><time>2026-02-21T03:08:41Z</time><extensions><gpxtpx:TrackPointExtension><gpxtpx:cad>0</gpxtpx:cad></gpxtpx:TrackPointExtension></extensions></trkpt><trkpt lat="15.3147637099" lon="73.8878263626"><ele>1.10</ele><time>2026-02-21T03:09:03Z</time><extensions><gpxtpx:TrackPointExtension><gpxtpx:cad>0</gpxtpx:cad></gpxtpx:TrackPointExtension></extensions></trkpt><trkpt lat="15.3152925242" lon="73.8873254601"><ele>0.62</ele><time>2026-02-21T03:09:24Z</time><extensions><gpxtpx:TrackPointExtension><gpxtpx:cad>0</gpxtpx:cad></gpxtpx:TrackPointExtension></extensions></trkpt><trkpt lat="15.3157185763" lon="73.8869276550"><ele>1.10</ele><time>2026-02-21T03:09:41Z</time><extensions><gpxtpx:TrackPointExtension><gpxtpx:cad>0</gpxtpx:cad></gpxtpx:TrackPointExtension></extensions></trkpt><trkpt lat="15.3161090892" lon="73.8867602684"><ele>1.10</ele><time>2026-02-21T03:09:54Z</time><extensions><gpxtpx:TrackPointExtension><gpxtpx:cad>0</gpxtpx:cad></gpxtpx:TrackPointExtension></extensions></trkpt><trkpt lat="15.3166729398" lon="73.8866334502"><ele>0.62</ele><time>2026-02-21T03:10:11Z</time><extensions><gpxtpx:TrackPointExtension><gpxtpx:cad>0</gpxtpx:cad></gpxtpx:TrackPointExtension></extensions></trkpt><trkpt lat="15.3173408937" lon="73.8865104876"><ele>0.62</ele><time>2026-02-21T03:10:31Z</time><extensions><gpxtpx:TrackPointExtension><gpxtpx:cad>0</gpxtpx:cad></gpxtpx:TrackPointExtension></extensions></trkpt><trkpt lat="15.3180404473" lon="73.8863971643"><ele>0.62</ele><time>2026-02-21T03:10:52Z</time><extensions><gpxtpx:TrackPointExtension><gpxtpx:cad>0</gpxtpx:cad></gpxtpx:TrackPointExtension></extensions></trkpt><trkpt lat="15.3187086526" lon="73.8862419315"><ele>0.62</ele><time>2026-02-21T03:11:12Z</time><extensions><gpxtpx:TrackPointExtension><gpxtpx:cad>0</gpxtpx:cad></gpxtpx:TrackPointExtension></extensions></trkpt><trkpt lat="15.3192223795" lon="73.8860880397"><ele>-0.34</ele><time>2026-02-21T03:11:28Z</time><extensions><gpxtpx:TrackPointExtension><gpxtpx:cad>0</gpxtpx:cad></gpxtpx:TrackPointExtension></extensions></trkpt><trkpt lat="15.3197167441" lon="73.8859442063"><ele>-0.34</ele><time>2026-02-21T03:11:43Z</time><extensions><gpxtpx:TrackPointExtension><gpxtpx:cad>0</gpxtpx:cad></gpxtpx:TrackPointExtension></extensions></trkpt><trkpt lat="15.3203175589" lon="73.8857211638"><ele>-0.34</ele><time>2026-02-21T03:12:02Z</time><extensions><gpxtpx:TrackPointExtension><gpxtpx:cad>0</gpxtpx:cad></gpxtpx:TrackPointExtension></extensions></trkpt><trkpt lat="15.3209670726" lon="73.8854116201"><ele>-0.34</ele><time>2026-02-21T03:12:23Z</time><extensions><gpxtpx:TrackPointExtension><gpxtpx:cad>0</gpxtpx:cad></gpxtpx:TrackPointExtension></extensions></trkpt><trkpt lat="15.3215393052" lon="73.8849396352"><ele>-0.34</ele><time>2026-02-21T03:12:45Z</time><extensions><gpxtpx:TrackPointExtension><gpxtpx:cad>0</gpxtpx:cad></gpxtpx:TrackPointExtension></extensions></trkpt><trkpt lat="15.3221795149" lon="73.8847156707"><ele>-0.34</ele><time>2026-02-21T03:13:05Z</time><extensions><gpxtpx:TrackPointExtension><gpxtpx:cad>0</gpxtpx:cad></gpxtpx:TrackPointExtension></extensions></trkpt><trkpt lat="15.3226489853" lon="73.8845181093"><ele>-0.82</ele><time>2026-02-21T03:13:20Z</time><extensions><gpxtpx:TrackPointExtension><gpxtpx:cad>0</gpxtpx:cad></gpxtpx:TrackPointExtension></extensions></trkpt><trkpt lat="15.3232772928" lon="73.8842544984"><ele>-1.30</ele><time>2026-02-21T03:13:40Z</time><extensions><gpxtpx:TrackPointExtension><gpxtpx:cad>0</gpxtpx:cad></gpxtpx:TrackPointExtension></extensions></trkpt><trkpt lat="15.3238284029" lon="73.8840493932"><ele>-1.79</ele><time>2026-02-21T03:13:57Z</time><extensions><gpxtpx:TrackPointExtension><gpxtpx:cad>0</gpxtpx:cad></gpxtpx:TrackPointExtension></extensions></trkpt><trkpt lat="15.3245510068" lon="73.8839135226"><ele>-0.82</ele><time>2026-02-21T03:14:19Z</time><extensions><gpxtpx:TrackPointExtension><gpxtpx:cad>0</gpxtpx:cad></gpxtpx:TrackPointExtension></extensions></trkpt><trkpt lat="15.3252198827" lon="73.8839577790"><ele>0.14</ele><time>2026-02-21T03:14:39Z</time><extensions><gpxtpx:TrackPointExtension><gpxtpx:cad>0</gpxtpx:cad></gpxtpx:TrackPointExtension></extensions></trkpt><trkpt lat="15.3258989844" lon="73.8841420133"><ele>1.58</ele><time>2026-02-21T03:15:00Z</time><extensions><gpxtpx:TrackPointExtension><gpxtpx:cad>0</gpxtpx:cad></gpxtpx:TrackPointExtension></extensions></trkpt><trkpt lat="15.3265831992" lon="73.8842152711"><ele>1.10</ele><time>2026-02-21T03:15:20Z</time><extensions><gpxtpx:TrackPointExtension><gpxtpx:cad>0</gpxtpx:cad></gpxtpx:TrackPointExtension></extensions></trkpt><trkpt lat="15.3271797393" lon="73.8841715176"><ele>0.62</ele><time>2026-02-21T03:15:38Z</time><extensions><gpxtpx:TrackPointExtension><gpxtpx:cad>0</gpxtpx:cad></gpxtpx:TrackPointExtension></extensions></trkpt><trkpt lat="15.3278520517" lon="73.8840848487"><ele>0.62</ele><time>2026-02-21T03:15:58Z</time><extensions><gpxtpx:TrackPointExtension><gpxtpx:cad>0</gpxtpx:cad></gpxtpx:TrackPointExtension></extensions></trkpt><trkpt lat="15.3284154832" lon="73.8839726988"><ele>1.10</ele><time>2026-02-21T03:16:15Z</time><extensions><gpxtpx:TrackPointExtension><gpxtpx:cad>0</gpxtpx:cad></gpxtpx:TrackPointExtension></extensions></trkpt><trkpt lat="15.3292050585" lon="73.8838031329"><ele>0.14</ele><time>2026-02-21T03:16:39Z</time><extensions><gpxtpx:TrackPointExtension><gpxtpx:cad>0</gpxtpx:cad></gpxtpx:TrackPointExtension></extensions></trkpt><trkpt lat="15.3298738506" lon="73.8837758917"><ele>1.10</ele><time>2026-02-21T03:16:59Z</time><extensions><gpxtpx:TrackPointExtension><gpxtpx:cad>0</gpxtpx:cad></gpxtpx:TrackPointExtension></extensions></trkpt><trkpt lat="15.3304822929" lon="73.8836563658"><ele>1.10</ele><time>2026-02-21T03:17:17Z</time><extensions><gpxtpx:TrackPointExtension><gpxtpx:cad>0</gpxtpx:cad></gpxtpx:TrackPointExtension></extensions></trkpt><trkpt lat="15.3310684394" lon="73.8833721355"><ele>1.10</ele><time>2026-02-21T03:17:36Z</time><extensions><gpxtpx:TrackPointExtension><gpxtpx:cad>0</gpxtpx:cad></gpxtpx:TrackPointExtension></extensions></trkpt><trkpt lat="15.3316822462" lon="73.8831702154"><ele>0.14</ele><time>2026-02-21T03:17:55Z</time><extensions><gpxtpx:TrackPointExtension><gpxtpx:cad>0</gpxtpx:cad></gpxtpx:TrackPointExtension></extensions></trkpt><trkpt lat="15.3323032614" lon="73.8831224386"><ele>0.14</ele><time>2026-02-21T03:18:14Z</time><extensions><gpxtpx:TrackPointExtension><gpxtpx:cad>0</gpxtpx:cad></gpxtpx:TrackPointExtension></extensions></trkpt><trkpt lat="15.3329375200" lon="73.8830723986"><ele>0.62</ele><time>2026-02-21T03:18:33Z</time><extensions><gpxtpx:TrackPointExtension><gpxtpx:cad>0</gpxtpx:cad></gpxtpx:TrackPointExtension></extensions></trkpt><trkpt lat="15.3334132768" lon="73.8829997275"><ele>1.10</ele><time>2026-02-21T03:18:47Z</time><extensions><gpxtpx:TrackPointExtension><gpxtpx:cad>0</gpxtpx:cad></gpxtpx:TrackPointExtension></extensions></trkpt><trkpt lat="15.3340388183" lon="73.8829188421"><ele>1.58</ele><time>2026-02-21T03:19:06Z</time><extensions><gpxtpx:TrackPointExtension><gpxtpx:cad>0</gpxtpx:cad></gpxtpx:TrackPointExtension></extensions></trkpt><trkpt lat="15.3346403036" lon="73.8828655332"><ele>1.10</ele><time>2026-02-21T03:19:24Z</time><extensions><gpxtpx:TrackPointExtension><gpxtpx:cad>0</gpxtpx:cad></gpxtpx:TrackPointExtension></extensions></trkpt><trkpt lat="15.3351769969" lon="73.8827742543"><ele>1.10</ele><time>2026-02-21T03:19:40Z</time><extensions><gpxtpx:TrackPointExtension><gpxtpx:cad>0</gpxtpx:cad></gpxtpx:TrackPointExtension></extensions></trkpt><trkpt lat="15.3359030373" lon="73.8826120645"><ele>0.14</ele><time>2026-02-21T03:20:02Z</time><extensions><gpxtpx:TrackPointExtension><gpxtpx:cad>0</gpxtpx:cad></gpxtpx:TrackPointExtension></extensions></trkpt><trkpt lat="15.3364561591" lon="73.8824715000"><ele>-0.34</ele><time>2026-02-21T03:20:19Z</time><extensions><gpxtpx:TrackPointExtension><gpxtpx:cad>0</gpxtpx:cad></gpxtpx:TrackPointExtension></extensions></trkpt><trkpt lat="15.3371190839" lon="73.8823123276"><ele>0.62</ele><time>2026-02-21T03:20:39Z</time><extensions><gpxtpx:TrackPointExtension><gpxtpx:cad>0</gpxtpx:cad></gpxtpx:TrackPointExtension></extensions></trkpt><trkpt lat="15.3377831820" lon="73.8820815738"><ele>0.62</ele><time>2026-02-21T03:21:00Z</time><extensions><gpxtpx:TrackPointExtension><gpxtpx:cad>0</gpxtpx:cad></gpxtpx:TrackPointExtension></extensions></trkpt><trkpt lat="15.3382979985" lon="73.8819001894"><ele>0.14</ele><time>2026-02-21T03:21:16Z</time><extensions><gpxtpx:TrackPointExtension><gpxtpx:cad>0</gpxtpx:cad></gpxtpx:TrackPointExtension></extensions></trkpt><trkpt lat="15.3388074506" lon="73.8818612136"><ele>0.62</ele><time>2026-02-21T03:21:31Z</time><extensions><gpxtpx:TrackPointExtension><gpxtpx:cad>0</gpxtpx:cad></gpxtpx:TrackPointExtension></extensions></trkpt><trkpt lat="15.3394521866" lon="73.8818137720"><ele>0.62</ele><time>2026-02-21T03:21:50Z</time><extensions><gpxtpx:TrackPointExtension><gpxtpx:cad>0</gpxtpx:cad></gpxtpx:TrackPointExtension></extensions></trkpt><trkpt lat="15.3400285263" lon="73.8816194795"><ele>1.58</ele><time>2026-02-21T03:22:08Z</time><extensions><gpxtpx:TrackPointExtension><gpxtpx:cad>0</gpxtpx:cad></gpxtpx:TrackPointExtension></extensions></trkpt><trkpt lat="15.3406580072" lon="73.8814890571"><ele>1.10</ele><time>2026-02-21T03:22:27Z</time><extensions><gpxtpx:TrackPointExtension><gpxtpx:cad>0</gpxtpx:cad></gpxtpx:TrackPointExtension></extensions></trkpt><trkpt lat="15.3413770907" lon="73.8813815173"><ele>1.10</ele><time>2026-02-21T03:22:48Z</time><extensions><gpxtpx:TrackPointExtension><gpxtpx:cad>0</gpxtpx:cad></gpxtpx:TrackPointExtension></extensions></trkpt><trkpt lat="15.3420701902" lon="73.8812651765"><ele>0.62</ele><time>2026-02-21T03:23:09Z</time><extensions><gpxtpx:TrackPointExtension><gpxtpx:cad>0</gpxtpx:cad></gpxtpx:TrackPointExtension></extensions></trkpt><trkpt lat="15.3427580092" lon="73.8811055012"><ele>0.62</ele><time>2026-02-21T03:23:30Z</time><extensions><gpxtpx:TrackPointExtension><gpxtpx:cad>0</gpxtpx:cad></gpxtpx:TrackPointExtension></extensions></trkpt><trkpt lat="15.3433894180" lon="73.8809666969"><ele>0.62</ele><time>2026-02-21T03:23:49Z</time><extensions><gpxtpx:TrackPointExtension><gpxtpx:cad>0</gpxtpx:cad></gpxtpx:TrackPointExtension></extensions></trkpt><trkpt lat="15.3440170549" lon="73.8808036689"><ele>1.10</ele><time>2026-02-21T03:24:08Z</time><extensions><gpxtpx:TrackPointExtension><gpxtpx:cad>0</gpxtpx:cad></gpxtpx:TrackPointExtension></extensions></trkpt><trkpt lat="15.3448143415" lon="73.8806382101"><ele>0.62</ele><time>2026-02-21T03:24:32Z</time><extensions><gpxtpx:TrackPointExtension><gpxtpx:cad>0</gpxtpx:cad></gpxtpx:TrackPointExtension></extensions></trkpt><trkpt lat="15.3454957902" lon="73.8804346137"><ele>-0.34</ele><time>2026-02-21T03:24:53Z</time><extensions><gpxtpx:TrackPointExtension><gpxtpx:cad>0</gpxtpx:cad></gpxtpx:TrackPointExtension></extensions></trkpt><trkpt lat="15.3460448887" lon="73.8802778721"><ele>-0.82</ele><time>2026-02-21T03:25:10Z</time><extensions><gpxtpx:TrackPointExtension><gpxtpx:cad>0</gpxtpx:cad></gpxtpx:TrackPointExtension></extensions></trkpt><trkpt lat="15.3466435242" lon="73.8801547419"><ele>0.14</ele><time>2026-02-21T03:25:28Z</time><extensions><gpxtpx:TrackPointExtension><gpxtpx:cad>0</gpxtpx:cad></gpxtpx:TrackPointExtension></extensions></trkpt><trkpt lat="15.3472953010" lon="73.8799614552"><ele>2.06</ele><time>2026-02-21T03:25:48Z</time><extensions><gpxtpx:TrackPointExtension><gpxtpx:cad>0</gpxtpx:cad></gpxtpx:TrackPointExtension></extensions></trkpt><trkpt lat="15.3479909152" lon="73.8796859421"><ele>0.62</ele><time>2026-02-21T03:26:10Z</time><extensions><gpxtpx:TrackPointExtension><gpxtpx:cad>0</gpxtpx:cad></gpxtpx:TrackPointExtension></extensions></trkpt><trkpt lat="15.3485289495" lon="73.8793923240"><ele>1.10</ele><time>2026-02-21T03:26:28Z</time><extensions><gpxtpx:TrackPointExtension><gpxtpx:cad>0</gpxtpx:cad></gpxtpx:TrackPointExtension></extensions></trkpt><trkpt lat="15.3491574246" lon="73.8791268691"><ele>0.62</ele><time>2026-02-21T03:26:48Z</time><extensions><gpxtpx:TrackPointExtension><gpxtpx:cad>0</gpxtpx:cad></gpxtpx:TrackPointExtension></extensions></trkpt><trkpt lat="15.3497769311" lon="73.8789398689"><ele>0.62</ele><time>2026-02-21T03:27:07Z</time><extensions><gpxtpx:TrackPointExtension><gpxtpx:cad>0</gpxtpx:cad></gpxtpx:TrackPointExtension></extensions></trkpt><trkpt lat="15.3503343277" lon="73.8785445783"><ele>1.10</ele><time>2026-02-21T03:27:27Z</time><extensions><gpxtpx:TrackPointExtension><gpxtpx:cad>0</gpxtpx:cad></gpxtpx:TrackPointExtension></extensions></trkpt><trkpt lat="15.3510507289" lon="73.8783332705"><ele>-0.82</ele><time>2026-02-21T03:27:49Z</time><extensions><gpxtpx:TrackPointExtension><gpxtpx:cad>0</gpxtpx:cad></gpxtpx:TrackPointExtension></extensions></trkpt><trkpt lat="15.3519019950" lon="73.8779843319"><ele>-1.30</ele><time>2026-02-21T03:28:16Z</time><extensions><gpxtpx:TrackPointExtension><gpxtpx:cad>0</gpxtpx:cad></gpxtpx:TrackPointExtension></extensions></trkpt><trkpt lat="15.3526660055" lon="73.8777013589"><ele>-2.27</ele><time>2026-02-21T03:28:40Z</time><extensions><gpxtpx:TrackPointExtension><gpxtpx:cad>0</gpxtpx:cad></gpxtpx:TrackPointExtension></extensions></trkpt><trkpt lat="15.3533422574" lon="73.8773725368"><ele>-1.79</ele><time>2026-02-21T03:29:02Z</time><extensions><gpxtpx:TrackPointExtension><gpxtpx:cad>0</gpxtpx:cad></gpxtpx:TrackPointExtension></extensions></trkpt><trkpt lat="15.3542292304" lon="73.8770075049"><ele>-2.27</ele><time>2026-02-21T03:29:30Z</time><extensions><gpxtpx:TrackPointExtension><gpxtpx:cad>0</gpxtpx:cad></gpxtpx:TrackPointExtension></extensions></trkpt><trkpt lat="15.3548084199" lon="73.8766586501"><ele>-0.82</ele><time>2026-02-21T03:29:50Z</time><extensions><gpxtpx:TrackPointExtension><gpxtpx:cad>0</gpxtpx:cad></gpxtpx:TrackPointExtension></extensions></trkpt><trkpt lat="15.3553881962" lon="73.8763640262"><ele>-0.34</ele><time>2026-02-21T03:30:09Z</time><extensions><gpxtpx:TrackPointExtension><gpxtpx:cad>0</gpxtpx:cad></gpxtpx:TrackPointExtension></extensions></trkpt><trkpt lat="15.3560909349" lon="73.8760007545"><ele>0.62</ele><time>2026-02-21T03:30:32Z</time><extensions><gpxtpx:TrackPointExtension><gpxtpx:cad>0</gpxtpx:cad></gpxtpx:TrackPointExtension></extensions></trkpt><trkpt lat="15.3567398619" lon="73.8756829128"><ele>1.10</ele><time>2026-02-21T03:30:53Z</time><extensions><gpxtpx:TrackPointExtension><gpxtpx:cad>0</gpxtpx:cad></gpxtpx:TrackPointExtension></extensions></trkpt><trkpt lat="15.3575368971" lon="73.8753929827"><ele>1.10</ele><time>2026-02-21T03:31:18Z</time><extensions><gpxtpx:TrackPointExtension><gpxtpx:cad>0</gpxtpx:cad></gpxtpx:TrackPointExtension></extensions></trkpt><trkpt lat="15.3582699783" lon="73.8750177249"><ele>-0.34</ele><time>2026-02-21T03:31:42Z</time><extensions><gpxtpx:TrackPointExtension><gpxtpx:cad>0</gpxtpx:cad></gpxtpx:TrackPointExtension></extensions></trkpt><trkpt lat="15.3590101004" lon="73.8745346759"><ele>0.14</ele><time>2026-02-21T03:32:08Z</time><extensions><gpxtpx:TrackPointExtension><gpxtpx:cad>0</gpxtpx:cad></gpxtpx:TrackPointExtension></extensions></trkpt><trkpt lat="15.3596091550" lon="73.8740102202"><ele>-0.34</ele><time>2026-02-21T03:32:31Z</time><extensions><gpxtpx:TrackPointExtension><gpxtpx:cad>0</gpxtpx:cad></gpxtpx:TrackPointExtension></extensions></trkpt><trkpt lat="15.3603667952" lon="73.8735247403"><ele>-0.34</ele><time>2026-02-21T03:32:57Z</time><extensions><gpxtpx:TrackPointExtension><gpxtpx:cad>0</gpxtpx:cad></gpxtpx:TrackPointExtension></extensions></trkpt><trkpt lat="15.3610244393" lon="73.8731202297"><ele>-0.82</ele><time>2026-02-21T03:33:20Z</time><extensions><gpxtpx:TrackPointExtension><gpxtpx:cad>0</gpxtpx:cad></gpxtpx:TrackPointExtension></extensions></trkpt><trkpt lat="15.3616373241" lon="73.8725537807"><ele>0.14</ele><time>2026-02-21T03:33:44Z</time><extensions><gpxtpx:TrackPointExtension><gpxtpx:cad>0</gpxtpx:cad></gpxtpx:TrackPointExtension></extensions></trkpt><trkpt lat="15.3623033501" lon="73.8719627727"><ele>1.58</ele><time>2026-02-21T03:34:10Z</time><extensions><gpxtpx:TrackPointExtension><gpxtpx:cad>0</gpxtpx:cad></gpxtpx:TrackPointExtension></extensions></trkpt><trkpt lat="15.3629826196" lon="73.8714626245"><ele>2.54</ele><time>2026-02-21T03:34:35Z</time><extensions><gpxtpx:TrackPointExtension><gpxtpx:cad>0</gpxtpx:cad></gpxtpx:TrackPointExtension></extensions></trkpt><trkpt lat="15.3632737231" lon="73.8710421044"><ele>4.46</ele><time>2026-02-21T03:34:50Z</time><extensions><gpxtpx:TrackPointExtension><gpxtpx:cad>0</gpxtpx:cad></gpxtpx:TrackPointExtension></extensions></trkpt><trkpt lat="15.3633618169" lon="73.8702042494"><ele>5.42</ele><time>2026-02-21T03:35:14Z</time><extensions><gpxtpx:TrackPointExtension><gpxtpx:cad>0</gpxtpx:cad></gpxtpx:TrackPointExtension></extensions></trkpt><trkpt lat="15.3631282132" lon="73.8695424143"><ele>1.58</ele><time>2026-02-21T03:35:34Z</time><extensions><gpxtpx:TrackPointExtension><gpxtpx:cad>0</gpxtpx:cad></gpxtpx:TrackPointExtension></extensions></trkpt><trkpt lat="15.3630377725" lon="73.8689210638"><ele>1.10</ele><time>2026-02-21T03:35:52Z</time><extensions><gpxtpx:TrackPointExtension><gpxtpx:cad>0</gpxtpx:cad></gpxtpx:TrackPointExtension></extensions></trkpt><trkpt lat="15.3629655205" lon="73.8684502523"><ele>1.58</ele><time>2026-02-21T03:36:06Z</time><extensions><gpxtpx:TrackPointExtension><gpxtpx:cad>0</gpxtpx:cad></gpxtpx:TrackPointExtension></extensions></trkpt><trkpt lat="15.3629309870" lon="73.8676406443"><ele>1.58</ele><time>2026-02-21T03:36:29Z</time><extensions><gpxtpx:TrackPointExtension><gpxtpx:cad>0</gpxtpx:cad></gpxtpx:TrackPointExtension></extensions></trkpt><trkpt lat="15.3628415521" lon="73.8669534959"><ele>1.58</ele><time>2026-02-21T03:36:49Z</time><extensions><gpxtpx:TrackPointExtension><gpxtpx:cad>0</gpxtpx:cad></gpxtpx:TrackPointExtension></extensions></trkpt><trkpt lat="15.3627221938" lon="73.8663319778"><ele>1.58</ele><time>2026-02-21T03:37:07Z</time><extensions><gpxtpx:TrackPointExtension><gpxtpx:cad>0</gpxtpx:cad></gpxtpx:TrackPointExtension></extensions></trkpt><trkpt lat="15.3625493590" lon="73.8656550553"><ele>2.06</ele><time>2026-02-21T03:37:27Z</time><extensions><gpxtpx:TrackPointExtension><gpxtpx:cad>0</gpxtpx:cad></gpxtpx:TrackPointExtension></extensions></trkpt><trkpt lat="15.3623709921" lon="73.8649400789"><ele>1.58</ele><time>2026-02-21T03:37:48Z</time><extensions><gpxtpx:TrackPointExtension><gpxtpx:cad>0</gpxtpx:cad></gpxtpx:TrackPointExtension></extensions></trkpt><trkpt lat="15.3622723371" lon="73.8642908167"><ele>1.10</ele><time>2026-02-21T03:38:07Z</time><extensions><gpxtpx:TrackPointExtension><gpxtpx:cad>0</gpxtpx:cad></gpxtpx:TrackPointExtension></extensions></trkpt><trkpt lat="15.3621832374" lon="73.8635906763"><ele>1.10</ele><time>2026-02-21T03:38:27Z</time><extensions><gpxtpx:TrackPointExtension><gpxtpx:cad>0</gpxtpx:cad></gpxtpx:TrackPointExtension></extensions></trkpt><trkpt lat="15.3620475344" lon="73.8628347963"><ele>1.58</ele><time>2026-02-21T03:38:49Z</time><extensions><gpxtpx:TrackPointExtension><gpxtpx:cad>0</gpxtpx:cad></gpxtpx:TrackPointExtension></extensions></trkpt><trkpt lat="15.3618952353" lon="73.8620846160"><ele>1.10</ele><time>2026-02-21T03:39:11Z</time><extensions><gpxtpx:TrackPointExtension><gpxtpx:cad>0</gpxtpx:cad></gpxtpx:TrackPointExtension></extensions></trkpt><trkpt lat="15.3617436904" lon="73.8615069352"><ele>1.58</ele><time>2026-02-21T03:39:28Z</time><extensions><gpxtpx:TrackPointExtension><gpxtpx:cad>0</gpxtpx:cad></gpxtpx:TrackPointExtension></extensions></trkpt><trkpt lat="15.3615725320" lon="73.8607205451"><ele>1.10</ele><time>2026-02-21T03:39:51Z</time><extensions><gpxtpx:TrackPointExtension><gpxtpx:cad>0</gpxtpx:cad></gpxtpx:TrackPointExtension></extensions></trkpt><trkpt lat="15.3614146169" lon="73.8600076642"><ele>1.58</ele><time>2026-02-21T03:40:12Z</time><extensions><gpxtpx:TrackPointExtension><gpxtpx:cad>0</gpxtpx:cad></gpxtpx:TrackPointExtension></extensions></trkpt><trkpt lat="15.3612873796" lon="73.8593147323"><ele>1.10</ele><time>2026-02-21T03:40:32Z</time><extensions><gpxtpx:TrackPointExtension><gpxtpx:cad>0</gpxtpx:cad></gpxtpx:TrackPointExtension></extensions></trkpt><trkpt lat="15.3610225953" lon="73.8585272525"><ele>1.10</ele><time>2026-02-21T03:40:56Z</time><extensions><gpxtpx:TrackPointExtension><gpxtpx:cad>0</gpxtpx:cad></gpxtpx:TrackPointExtension></extensions></trkpt><trkpt lat="15.3608510178" lon="73.8577049039"><ele>0.62</ele><time>2026-02-21T03:41:20Z</time><extensions><gpxtpx:TrackPointExtension><gpxtpx:cad>0</gpxtpx:cad></gpxtpx:TrackPointExtension></extensions></trkpt><trkpt lat="15.3607930150" lon="73.8570132293"><ele>0.62</ele><time>2026-02-21T03:41:40Z</time><extensions><gpxtpx:TrackPointExtension><gpxtpx:cad>0</gpxtpx:cad></gpxtpx:TrackPointExtension></extensions></trkpt><trkpt lat="15.3606124688" lon="73.8562646415"><ele>0.62</ele><time>2026-02-21T03:42:02Z</time><extensions><gpxtpx:TrackPointExtension><gpxtpx:cad>0</gpxtpx:cad></gpxtpx:TrackPointExtension></extensions></trkpt><trkpt lat="15.3603854869" lon="73.8556013815"><ele>0.14</ele><time>2026-02-21T03:42:22Z</time><extensions><gpxtpx:TrackPointExtension><gpxtpx:cad>0</gpxtpx:cad></gpxtpx:TrackPointExtension></extensions></trkpt><trkpt lat="15.3601637017" lon="73.8548380416"><ele>-0.34</ele><time>2026-02-21T03:42:45Z</time><extensions><gpxtpx:TrackPointExtension><gpxtpx:cad>0</gpxtpx:cad></gpxtpx:TrackPointExtension></extensions></trkpt><trkpt lat="15.3599109873" lon="73.8541232329"><ele>0.62</ele><time>2026-02-21T03:43:07Z</time><extensions><gpxtpx:TrackPointExtension><gpxtpx:cad>0</gpxtpx:cad></gpxtpx:TrackPointExtension></extensions></trkpt><trkpt lat="15.3596791439" lon="73.8533961866"><ele>2.06</ele><time>2026-02-21T03:43:29Z</time><extensions><gpxtpx:TrackPointExtension><gpxtpx:cad>0</gpxtpx:cad></gpxtpx:TrackPointExtension></extensions></trkpt><trkpt lat="15.3594987653" lon="73.8526513707"><ele>1.58</ele><time>2026-02-21T03:43:51Z</time><extensions><gpxtpx:TrackPointExtension><gpxtpx:cad>0</gpxtpx:cad></gpxtpx:TrackPointExtension></extensions></trkpt><trkpt lat="15.3593317978" lon="73.8520169444"><ele>2.06</ele><time>2026-02-21T03:44:10Z</time><extensions><gpxtpx:TrackPointExtension><gpxtpx:cad>0</gpxtpx:cad></gpxtpx:TrackPointExtension></extensions></trkpt><trkpt lat="15.3591152094" lon="73.8512831926"><ele>2.06</ele><time>2026-02-21T03:44:32Z</time><extensions><gpxtpx:TrackPointExtension><gpxtpx:cad>0</gpxtpx:cad></gpxtpx:TrackPointExtension></extensions></trkpt><trkpt lat="15.3590119444" lon="73.8506330084"><ele>2.06</ele><time>2026-02-21T03:44:51Z</time><extensions><gpxtpx:TrackPointExtension><gpxtpx:cad>0</gpxtpx:cad></gpxtpx:TrackPointExtension></extensions></trkpt><trkpt lat="15.3589221742" lon="73.8499389868"><ele>1.10</ele><time>2026-02-21T03:45:11Z</time><extensions><gpxtpx:TrackPointExtension><gpxtpx:cad>0</gpxtpx:cad></gpxtpx:TrackPointExtension></extensions></trkpt><trkpt lat="15.3588698711" lon="73.8492831867"><ele>0.62</ele><time>2026-02-21T03:45:30Z</time><extensions><gpxtpx:TrackPointExtension><gpxtpx:cad>0</gpxtpx:cad></gpxtpx:TrackPointExtension></extensions></trkpt><trkpt lat="15.3588070069" lon="73.8485196792"><ele>1.58</ele><time>2026-02-21T03:45:52Z</time><extensions><gpxtpx:TrackPointExtension><gpxtpx:cad>0</gpxtpx:cad></gpxtpx:TrackPointExtension></extensions></trkpt><trkpt lat="15.3587828670" lon="73.8479279168"><ele>2.06</ele><time>2026-02-21T03:46:09Z</time><extensions><gpxtpx:TrackPointExtension><gpxtpx:cad>0</gpxtpx:cad></gpxtpx:TrackPointExtension></extensions></trkpt><trkpt lat="15.3586899955" lon="73.8472823426"><ele>2.54</ele><time>2026-02-21T03:46:28Z</time><extensions><gpxtpx:TrackPointExtension><gpxtpx:cad>0</gpxtpx:cad></gpxtpx:TrackPointExtension></extensions></trkpt><trkpt lat="15.3585304040" lon="73.8466845453"><ele>2.54</ele><time>2026-02-21T03:46:46Z</time><extensions><gpxtpx:TrackPointExtension><gpxtpx:cad>0</gpxtpx:cad></gpxtpx:TrackPointExtension></extensions></trkpt><trkpt lat="15.3584686294" lon="73.8459902722"><ele>2.54</ele><time>2026-02-21T03:47:06Z</time><extensions><gpxtpx:TrackPointExtension><gpxtpx:cad>0</gpxtpx:cad></gpxtpx:TrackPointExtension></extensions></trkpt><trkpt lat="15.3584958706" lon="73.8453322090"><ele>2.54</ele><time>2026-02-21T03:47:25Z</time><extensions><gpxtpx:TrackPointExtension><gpxtpx:cad>0</gpxtpx:cad></gpxtpx:TrackPointExtension></extensions></trkpt><trkpt lat="15.3584480938" lon="73.8447153848"><ele>2.54</ele><time>2026-02-21T03:47:43Z</time><extensions><gpxtpx:TrackPointExtension><gpxtpx:cad>0</gpxtpx:cad></gpxtpx:TrackPointExtension></extensions></trkpt><trkpt lat="15.3584046755" lon="73.8441939466"><ele>2.54</ele><time>2026-02-21T03:47:58Z</time><extensions><gpxtpx:TrackPointExtension><gpxtpx:cad>0</gpxtpx:cad></gpxtpx:TrackPointExtension></extensions></trkpt><trkpt lat="15.3584607504" lon="73.8434632123"><ele>2.54</ele><time>2026-02-21T03:48:19Z</time><extensions><gpxtpx:TrackPointExtension><gpxtpx:cad>0</gpxtpx:cad></gpxtpx:TrackPointExtension></extensions></trkpt><trkpt lat="15.3585472517" lon="73.8428058196"><ele>2.06</ele><time>2026-02-21T03:48:38Z</time><extensions><gpxtpx:TrackPointExtension><gpxtpx:cad>0</gpxtpx:cad></gpxtpx:TrackPointExtension></extensions></trkpt><trkpt lat="15.3585575614" lon="73.8420432340"><ele>2.06</ele><time>2026-02-21T03:49:00Z</time><extensions><gpxtpx:TrackPointExtension><gpxtpx:cad>0</gpxtpx:cad></gpxtpx:TrackPointExtension></extensions></trkpt><trkpt lat="15.3586288914" lon="73.8413053751"><ele>1.58</ele><time>2026-02-21T03:49:21Z</time><extensions><gpxtpx:TrackPointExtension><gpxtpx:cad>0</gpxtpx:cad></gpxtpx:TrackPointExtension></extensions></trkpt><trkpt lat="15.3587577213" lon="73.8407640718"><ele>2.54</ele><time>2026-02-21T03:49:37Z</time><extensions><gpxtpx:TrackPointExtension><gpxtpx:cad>0</gpxtpx:cad></gpxtpx:TrackPointExtension></extensions></trkpt><trkpt lat="15.3589789197" lon="73.8401063439"><ele>2.06</ele><time>2026-02-21T03:49:57Z</time><extensions><gpxtpx:TrackPointExtension><gpxtpx:cad>0</gpxtpx:cad></gpxtpx:TrackPointExtension></extensions></trkpt><trkpt lat="15.3591354098" lon="73.8395623583"><ele>2.06</ele><time>2026-02-21T03:50:13Z</time><extensions><gpxtpx:TrackPointExtension><gpxtpx:cad>0</gpxtpx:cad></gpxtpx:TrackPointExtension></extensions></trkpt><trkpt lat="15.3593298700" lon="73.8390049618"><ele>2.06</ele><time>2026-02-21T03:50:30Z</time><extensions><gpxtpx:TrackPointExtension><gpxtpx:cad>0</gpxtpx:cad></gpxtpx:TrackPointExtension></extensions></trkpt><trkpt lat="15.3595557623" lon="73.8383860420"><ele>1.58</ele><time>2026-02-21T03:50:49Z</time><extensions><gpxtpx:TrackPointExtension><gpxtpx:cad>0</gpxtpx:cad></gpxtpx:TrackPointExtension></extensions></trkpt><trkpt lat="15.3598024417" lon="73.8378102053"><ele>1.58</ele><time>2026-02-21T03:51:07Z</time><extensions><gpxtpx:TrackPointExtension><gpxtpx:cad>0</gpxtpx:cad></gpxtpx:TrackPointExtension></extensions></trkpt><trkpt lat="15.3600690700" lon="73.8372809719"><ele>1.58</ele><time>2026-02-21T03:51:24Z</time><extensions><gpxtpx:TrackPointExtension><gpxtpx:cad>0</gpxtpx:cad></gpxtpx:TrackPointExtension></extensions></trkpt><trkpt lat="15.3603352793" lon="73.8366897125"><ele>1.10</ele><time>2026-02-21T03:51:42Z</time><extensions><gpxtpx:TrackPointExtension><gpxtpx:cad>0</gpxtpx:cad></gpxtpx:TrackPointExtension></extensions></trkpt><trkpt lat="15.3606039193" lon="73.8361453079"><ele>0.14</ele><time>2026-02-21T03:51:59Z</time><extensions><gpxtpx:TrackPointExtension><gpxtpx:cad>0</gpxtpx:cad></gpxtpx:TrackPointExtension></extensions></trkpt><trkpt lat="15.3608520236" lon="73.8355609216"><ele>0.62</ele><time>2026-02-21T03:52:17Z</time><extensions><gpxtpx:TrackPointExtension><gpxtpx:cad>0</gpxtpx:cad></gpxtpx:TrackPointExtension></extensions></trkpt><trkpt lat="15.3612173069" lon="73.8347819075"><ele>1.58</ele><time>2026-02-21T03:52:41Z</time><extensions><gpxtpx:TrackPointExtension><gpxtpx:cad>0</gpxtpx:cad></gpxtpx:TrackPointExtension></extensions></trkpt><trkpt lat="15.3614800796" lon="73.8343200646"><ele>1.58</ele><time>2026-02-21T03:52:56Z</time><extensions><gpxtpx:TrackPointExtension><gpxtpx:cad>0</gpxtpx:cad></gpxtpx:TrackPointExtension></extensions></trkpt><trkpt lat="15.3617961612" lon="73.8336929306"><ele>1.10</ele><time>2026-02-21T03:53:16Z</time><extensions><gpxtpx:TrackPointExtension><gpxtpx:cad>0</gpxtpx:cad></gpxtpx:TrackPointExtension></extensions></trkpt><trkpt lat="15.3620829899" lon="73.8329695724"><ele>1.10</ele><time>2026-02-21T03:53:38Z</time><extensions><gpxtpx:TrackPointExtension><gpxtpx:cad>0</gpxtpx:cad></gpxtpx:TrackPointExtension></extensions></trkpt><trkpt lat="15.3623321839" lon="73.8323451206"><ele>1.10</ele><time>2026-02-21T03:53:57Z</time><extensions><gpxtpx:TrackPointExtension><gpxtpx:cad>0</gpxtpx:cad></gpxtpx:TrackPointExtension></extensions></trkpt><trkpt lat="15.3626616765" lon="73.8315907493"><ele>0.62</ele><time>2026-02-21T03:54:20Z</time><extensions><gpxtpx:TrackPointExtension><gpxtpx:cad>0</gpxtpx:cad></gpxtpx:TrackPointExtension></extensions></trkpt><trkpt lat="15.3629206773" lon="73.8310027588"><ele>0.14</ele><time>2026-02-21T03:54:38Z</time><extensions><gpxtpx:TrackPointExtension><gpxtpx:cad>0</gpxtpx:cad></gpxtpx:TrackPointExtension></extensions></trkpt><trkpt lat="15.3631358407" lon="73.8304757047"><ele>0.14</ele><time>2026-02-21T03:54:54Z</time><extensions><gpxtpx:TrackPointExtension><gpxtpx:cad>0</gpxtpx:cad></gpxtpx:TrackPointExtension></extensions></trkpt><trkpt lat="15.3634183109" lon="73.8298562821"><ele>0.14</ele><time>2026-02-21T03:55:13Z</time><extensions><gpxtpx:TrackPointExtension><gpxtpx:cad>0</gpxtpx:cad></gpxtpx:TrackPointExtension></extensions></trkpt><trkpt lat="15.3636812512" lon="73.8293532841"><ele>-0.34</ele><time>2026-02-21T03:55:29Z</time><extensions><gpxtpx:TrackPointExtension><gpxtpx:cad>0</gpxtpx:cad></gpxtpx:TrackPointExtension></extensions></trkpt><trkpt lat="15.3640322015" lon="73.8287244737"><ele>-0.82</ele><time>2026-02-21T03:55:49Z</time><extensions><gpxtpx:TrackPointExtension><gpxtpx:cad>0</gpxtpx:cad></gpxtpx:TrackPointExtension></extensions></trkpt><trkpt lat="15.3643361293" lon="73.8280373253"><ele>0.14</ele><time>2026-02-21T03:56:10Z</time><extensions><gpxtpx:TrackPointExtension><gpxtpx:cad>0</gpxtpx:cad></gpxtpx:TrackPointExtension></extensions></trkpt><trkpt lat="15.3646833077" lon="73.8273241092"><ele>0.14</ele><time>2026-02-21T03:56:32Z</time><extensions><gpxtpx:TrackPointExtension><gpxtpx:cad>0</gpxtpx:cad></gpxtpx:TrackPointExtension></extensions></trkpt><trkpt lat="15.3650020715" lon="73.8265492022"><ele>0.14</ele><time>2026-02-21T03:56:55Z</time><extensions><gpxtpx:TrackPointExtension><gpxtpx:cad>0</gpxtpx:cad></gpxtpx:TrackPointExtension></extensions></trkpt><trkpt lat="15.3654814325" lon="73.8257185556"><ele>-0.82</ele><time>2026-02-21T03:57:22Z</time><extensions><gpxtpx:TrackPointExtension><gpxtpx:cad>0</gpxtpx:cad></gpxtpx:TrackPointExtension></extensions></trkpt><trkpt lat="15.3657193948" lon="73.8252078462"><ele>1.10</ele><time>2026-02-21T03:57:38Z</time><extensions><gpxtpx:TrackPointExtension><gpxtpx:cad>0</gpxtpx:cad></gpxtpx:TrackPointExtension></extensions></trkpt><trkpt lat="15.3659848496" lon="73.8246637769"><ele>0.14</ele><time>2026-02-21T03:57:55Z</time><extensions><gpxtpx:TrackPointExtension><gpxtpx:cad>0</gpxtpx:cad></gpxtpx:TrackPointExtension></extensions></trkpt><trkpt lat="15.3661026992" lon="73.8241829071"><ele>-0.34</ele><time>2026-02-21T03:58:09Z</time><extensions><gpxtpx:TrackPointExtension><gpxtpx:cad>0</gpxtpx:cad></gpxtpx:TrackPointExtension></extensions></trkpt><trkpt lat="15.3663779609" lon="73.8235933241"><ele>1.10</ele><time>2026-02-21T03:58:27Z</time><extensions><gpxtpx:TrackPointExtension><gpxtpx:cad>0</gpxtpx:cad></gpxtpx:TrackPointExtension></extensions></trkpt><trkpt lat="15.3666807991" lon="73.8230622467"><ele>0.62</ele><time>2026-02-21T03:58:44Z</time><extensions><gpxtpx:TrackPointExtension><gpxtpx:cad>0</gpxtpx:cad></gpxtpx:TrackPointExtension></extensions></trkpt><trkpt lat="15.3669542167" lon="73.8225931115"><ele>0.14</ele><time>2026-02-21T03:58:59Z</time><extensions><gpxtpx:TrackPointExtension><gpxtpx:cad>0</gpxtpx:cad></gpxtpx:TrackPointExtension></extensions></trkpt><trkpt lat="15.3671972081" lon="73.8219989184"><ele>0.14</ele><time>2026-02-21T03:59:17Z</time><extensions><gpxtpx:TrackPointExtension><gpxtpx:cad>0</gpxtpx:cad></gpxtpx:TrackPointExtension></extensions></trkpt><trkpt lat="15.3674463183" lon="73.8214340620"><ele>0.62</ele><time>2026-02-21T03:59:34Z</time><extensions><gpxtpx:TrackPointExtension><gpxtpx:cad>0</gpxtpx:cad></gpxtpx:TrackPointExtension></extensions></trkpt><trkpt lat="15.3677567840" lon="73.8208282180"><ele>1.10</ele><time>2026-02-21T03:59:53Z</time><extensions><gpxtpx:TrackPointExtension><gpxtpx:cad>0</gpxtpx:cad></gpxtpx:TrackPointExtension></extensions></trkpt><trkpt lat="15.3680597898" lon="73.8202639483"><ele>0.62</ele><time>2026-02-21T04:00:11Z</time><extensions><gpxtpx:TrackPointExtension><gpxtpx:cad>0</gpxtpx:cad></gpxtpx:TrackPointExtension></extensions></trkpt><trkpt lat="15.3683309443" lon="73.8198036142"><ele>1.10</ele><time>2026-02-21T04:00:26Z</time><extensions><gpxtpx:TrackPointExtension><gpxtpx:cad>0</gpxtpx:cad></gpxtpx:TrackPointExtension></extensions></trkpt><trkpt lat="15.3686596826" lon="73.8191776536"><ele>0.14</ele><time>2026-02-21T04:00:46Z</time><extensions><gpxtpx:TrackPointExtension><gpxtpx:cad>0</gpxtpx:cad></gpxtpx:TrackPointExtension></extensions></trkpt><trkpt lat="15.3691321705" lon="73.8183884136"><ele>-0.34</ele><time>2026-02-21T04:01:12Z</time><extensions><gpxtpx:TrackPointExtension><gpxtpx:cad>0</gpxtpx:cad></gpxtpx:TrackPointExtension></extensions></trkpt><trkpt lat="15.3694661055" lon="73.8177916221"><ele>-0.34</ele><time>2026-02-21T04:01:31Z</time><extensions><gpxtpx:TrackPointExtension><gpxtpx:cad>0</gpxtpx:cad></gpxtpx:TrackPointExtension></extensions></trkpt><trkpt lat="15.3698525112" lon="73.8171516638"><ele>-0.82</ele><time>2026-02-21T04:01:52Z</time><extensions><gpxtpx:TrackPointExtension><gpxtpx:cad>0</gpxtpx:cad></gpxtpx:TrackPointExtension></extensions></trkpt><trkpt lat="15.3702088259" lon="73.8166534435"><ele>0.14</ele><time>2026-02-21T04:02:09Z</time><extensions><gpxtpx:TrackPointExtension><gpxtpx:cad>0</gpxtpx:cad></gpxtpx:TrackPointExtension></extensions></trkpt><trkpt lat="15.3705017734" lon="73.8160845637"><ele>1.10</ele><time>2026-02-21T04:02:27Z</time><extensions><gpxtpx:TrackPointExtension><gpxtpx:cad>0</gpxtpx:cad></gpxtpx:TrackPointExtension></extensions></trkpt><trkpt lat="15.3708746843" lon="73.8153860159"><ele>1.10</ele><time>2026-02-21T04:02:49Z</time><extensions><gpxtpx:TrackPointExtension><gpxtpx:cad>0</gpxtpx:cad></gpxtpx:TrackPointExtension></extensions></trkpt><trkpt lat="15.3712636884" lon="73.8146546949"><ele>1.10</ele><time>2026-02-21T04:03:12Z</time><extensions><gpxtpx:TrackPointExtension><gpxtpx:cad>0</gpxtpx:cad></gpxtpx:TrackPointExtension></extensions></trkpt><trkpt lat="15.3716268763" lon="73.8140332606"><ele>1.10</ele><time>2026-02-21T04:03:32Z</time><extensions><gpxtpx:TrackPointExtension><gpxtpx:cad>0</gpxtpx:cad></gpxtpx:TrackPointExtension></extensions></trkpt><trkpt lat="15.3719847836" lon="73.8133591041"><ele>1.10</ele><time>2026-02-21T04:03:53Z</time><extensions><gpxtpx:TrackPointExtension><gpxtpx:cad>0</gpxtpx:cad></gpxtpx:TrackPointExtension></extensions></trkpt><trkpt lat="15.3723145276" lon="73.8127178047"><ele>1.58</ele><time>2026-02-21T04:04:13Z</time><extensions><gpxtpx:TrackPointExtension><gpxtpx:cad>0</gpxtpx:cad></gpxtpx:TrackPointExtension></extensions></trkpt><trkpt lat="15.3725863528" lon="73.8120860606"><ele>0.62</ele><time>2026-02-21T04:04:32Z</time><extensions><gpxtpx:TrackPointExtension><gpxtpx:cad>0</gpxtpx:cad></gpxtpx:TrackPointExtension></extensions></trkpt><trkpt lat="15.3729648795" lon="73.8114766125"><ele>0.62</ele><time>2026-02-21T04:04:52Z</time><extensions><gpxtpx:TrackPointExtension><gpxtpx:cad>0</gpxtpx:cad></gpxtpx:TrackPointExtension></extensions></trkpt><trkpt lat="15.3734286502" lon="73.8108835090"><ele>0.62</ele><time>2026-02-21T04:05:13Z</time><extensions><gpxtpx:TrackPointExtension><gpxtpx:cad>0</gpxtpx:cad></gpxtpx:TrackPointExtension></extensions></trkpt><trkpt lat="15.3736542072" lon="73.8102373481"><ele>0.14</ele><time>2026-02-21T04:05:32Z</time><extensions><gpxtpx:TrackPointExtension><gpxtpx:cad>0</gpxtpx:cad></gpxtpx:TrackPointExtension></extensions></trkpt><trkpt lat="15.3740557004" lon="73.8095512893"><ele>2.54</ele><time>2026-02-21T04:05:54Z</time><extensions><gpxtpx:TrackPointExtension><gpxtpx:cad>0</gpxtpx:cad></gpxtpx:TrackPointExtension></extensions></trkpt><trkpt lat="15.3745034616" lon="73.8089881092"><ele>1.58</ele><time>2026-02-21T04:06:14Z</time><extensions><gpxtpx:TrackPointExtension><gpxtpx:cad>0</gpxtpx:cad></gpxtpx:TrackPointExtension></extensions></trkpt><trkpt lat="15.3750035260" lon="73.8083219156"><ele>1.10</ele><time>2026-02-21T04:06:37Z</time><extensions><gpxtpx:TrackPointExtension><gpxtpx:cad>0</gpxtpx:cad></gpxtpx:TrackPointExtension></extensions></trkpt><trkpt lat="15.3754957113" lon="73.8077241182"><ele>1.10</ele><time>2026-02-21T04:06:58Z</time><extensions><gpxtpx:TrackPointExtension><gpxtpx:cad>0</gpxtpx:cad></gpxtpx:TrackPointExtension></extensions></trkpt><trkpt lat="15.3760119528" lon="73.8071689010"><ele>1.10</ele><time>2026-02-21T04:07:19Z</time><extensions><gpxtpx:TrackPointExtension><gpxtpx:cad>0</gpxtpx:cad></gpxtpx:TrackPointExtension></extensions></trkpt><trkpt lat="15.3765607998" lon="73.8066944014"><ele>1.10</ele><time>2026-02-21T04:07:39Z</time><extensions><gpxtpx:TrackPointExtension><gpxtpx:cad>0</gpxtpx:cad></gpxtpx:TrackPointExtension></extensions></trkpt><trkpt lat="15.3770473693" lon="73.8062535971"><ele>1.58</ele><time>2026-02-21T04:07:57Z</time><extensions><gpxtpx:TrackPointExtension><gpxtpx:cad>0</gpxtpx:cad></gpxtpx:TrackPointExtension></extensions></trkpt><trkpt lat="15.3775497805" lon="73.8058429677"><ele>2.06</ele><time>2026-02-21T04:08:15Z</time><extensions><gpxtpx:TrackPointExtension><gpxtpx:cad>0</gpxtpx:cad></gpxtpx:TrackPointExtension></extensions></trkpt><trkpt lat="15.3779566381" lon="73.8055732381"><ele>1.58</ele><time>2026-02-21T04:08:29Z</time><extensions><gpxtpx:TrackPointExtension><gpxtpx:cad>0</gpxtpx:cad></gpxtpx:TrackPointExtension></extensions></trkpt><trkpt lat="15.3784420341" lon="73.8053338509"><ele>2.06</ele><time>2026-02-21T04:08:45Z</time><extensions><gpxtpx:TrackPointExtension><gpxtpx:cad>0</gpxtpx:cad></gpxtpx:TrackPointExtension></extensions></trkpt><trkpt lat="15.3789397515" lon="73.8048944715"><ele>2.06</ele><time>2026-02-21T04:09:04Z</time><extensions><gpxtpx:TrackPointExtension><gpxtpx:cad>0</gpxtpx:cad></gpxtpx:TrackPointExtension></extensions></trkpt><trkpt lat="15.3795434162" lon="73.8043921441"><ele>2.06</ele><time>2026-02-21T04:09:26Z</time><extensions><gpxtpx:TrackPointExtension><gpxtpx:cad>0</gpxtpx:cad></gpxtpx:TrackPointExtension></extensions></trkpt><trkpt lat="15.3800897487" lon="73.8038852904"><ele>1.58</ele><time>2026-02-21T04:09:47Z</time><extensions><gpxtpx:TrackPointExtension><gpxtpx:cad>0</gpxtpx:cad></gpxtpx:TrackPointExtension></extensions></trkpt><trkpt lat="15.3803934250" lon="73.8035306521"><ele>2.06</ele><time>2026-02-21T04:10:00Z</time><extensions><gpxtpx:TrackPointExtension><gpxtpx:cad>0</gpxtpx:cad></gpxtpx:TrackPointExtension></extensions></trkpt><trkpt lat="15.3807532601" lon="73.8031431567"><ele>1.58</ele><time>2026-02-21T04:10:15Z</time><extensions><gpxtpx:TrackPointExtension><gpxtpx:cad>0</gpxtpx:cad></gpxtpx:TrackPointExtension></extensions></trkpt><trkpt lat="15.3811201360" lon="73.8027196191"><ele>1.10</ele><time>2026-02-21T04:10:31Z</time><extensions><gpxtpx:TrackPointExtension><gpxtpx:cad>0</gpxtpx:cad></gpxtpx:TrackPointExtension></extensions></trkpt><trkpt lat="15.3815202881" lon="73.8023043796"><ele>1.10</ele><time>2026-02-21T04:10:47Z</time><extensions><gpxtpx:TrackPointExtension><gpxtpx:cad>0</gpxtpx:cad></gpxtpx:TrackPointExtension></extensions></trkpt><trkpt lat="15.3820229508" lon="73.8018093444"><ele>1.10</ele><time>2026-02-21T04:11:07Z</time><extensions><gpxtpx:TrackPointExtension><gpxtpx:cad>0</gpxtpx:cad></gpxtpx:TrackPointExtension></extensions></trkpt><trkpt lat="15.3824516851" lon="73.8013796043"><ele>1.58</ele><time>2026-02-21T04:11:24Z</time><extensions><gpxtpx:TrackPointExtension><gpxtpx:cad>0</gpxtpx:cad></gpxtpx:TrackPointExtension></extensions></trkpt><trkpt lat="15.3829067387" lon="73.8009306695"><ele>2.06</ele><time>2026-02-21T04:11:42Z</time><extensions><gpxtpx:TrackPointExtension><gpxtpx:cad>0</gpxtpx:cad></gpxtpx:TrackPointExtension></extensions></trkpt><trkpt lat="15.3834162746" lon="73.8003948145"><ele>2.54</ele><time>2026-02-21T04:12:03Z</time><extensions><gpxtpx:TrackPointExtension><gpxtpx:cad>0</gpxtpx:cad></gpxtpx:TrackPointExtension></extensions></trkpt><trkpt lat="15.3838673048" lon="73.7998313829"><ele>2.54</ele><time>2026-02-21T04:12:23Z</time><extensions><gpxtpx:TrackPointExtension><gpxtpx:cad>0</gpxtpx:cad></gpxtpx:TrackPointExtension></extensions></trkpt><trkpt lat="15.3842573147" lon="73.7993716355"><ele>2.54</ele><time>2026-02-21T04:12:40Z</time><extensions><gpxtpx:TrackPointExtension><gpxtpx:cad>0</gpxtpx:cad></gpxtpx:TrackPointExtension></extensions></trkpt><trkpt lat="15.3847040702" lon="73.7988208607"><ele>2.06</ele><time>2026-02-21T04:13:00Z</time><extensions><gpxtpx:TrackPointExtension><gpxtpx:cad>0</gpxtpx:cad></gpxtpx:TrackPointExtension></extensions></trkpt><trkpt lat="15.3852474689" lon="73.7982090656"><ele>2.54</ele><time>2026-02-21T04:13:23Z</time><extensions><gpxtpx:TrackPointExtension><gpxtpx:cad>0</gpxtpx:cad></gpxtpx:TrackPointExtension></extensions></trkpt><trkpt lat="15.3855899535" lon="73.7977075763"><ele>2.54</ele><time>2026-02-21T04:13:40Z</time><extensions><gpxtpx:TrackPointExtension><gpxtpx:cad>0</gpxtpx:cad></gpxtpx:TrackPointExtension></extensions></trkpt><trkpt lat="15.3859384730" lon="73.7972237729"><ele>2.06</ele><time>2026-02-21T04:13:57Z</time><extensions><gpxtpx:TrackPointExtension><gpxtpx:cad>0</gpxtpx:cad></gpxtpx:TrackPointExtension></extensions></trkpt><trkpt lat="15.3862445801" lon="73.7968040071"><ele>2.54</ele><time>2026-02-21T04:14:12Z</time><extensions><gpxtpx:TrackPointExtension><gpxtpx:cad>0</gpxtpx:cad></gpxtpx:TrackPointExtension></extensions></trkpt><trkpt lat="15.3865770902" lon="73.7964371312"><ele>2.06</ele><time>2026-02-21T04:14:26Z</time><extensions><gpxtpx:TrackPointExtension><gpxtpx:cad>0</gpxtpx:cad></gpxtpx:TrackPointExtension></extensions></trkpt><trkpt lat="15.3869420383" lon="73.7959667388"><ele>2.06</ele><time>2026-02-21T04:14:43Z</time><extensions><gpxtpx:TrackPointExtension><gpxtpx:cad>0</gpxtpx:cad></gpxtpx:TrackPointExtension></extensions></trkpt><trkpt lat="15.3874425218" lon="73.7954295427"><ele>3.02</ele><time>2026-02-21T04:15:04Z</time><extensions><gpxtpx:TrackPointExtension><gpxtpx:cad>0</gpxtpx:cad></gpxtpx:TrackPointExtension></extensions></trkpt><trkpt lat="15.3879245650" lon="73.7949337531"><ele>2.54</ele><time>2026-02-21T04:15:24Z</time><extensions><gpxtpx:TrackPointExtension><gpxtpx:cad>0</gpxtpx:cad></gpxtpx:TrackPointExtension></extensions></trkpt><trkpt lat="15.3883064445" lon="73.7944870815"><ele>2.54</ele><time>2026-02-21T04:15:41Z</time><extensions><gpxtpx:TrackPointExtension><gpxtpx:cad>0</gpxtpx:cad></gpxtpx:TrackPointExtension></extensions></trkpt><trkpt lat="15.3886616696" lon="73.7940663099"><ele>2.54</ele><time>2026-02-21T04:15:57Z</time><extensions><gpxtpx:TrackPointExtension><gpxtpx:cad>0</gpxtpx:cad></gpxtpx:TrackPointExtension></extensions></trkpt><trkpt lat="15.3890961036" lon="73.7936085742"><ele>3.02</ele><time>2026-02-21T04:16:15Z</time><extensions><gpxtpx:TrackPointExtension><gpxtpx:cad>0</gpxtpx:cad></gpxtpx:TrackPointExtension></extensions></trkpt><trkpt lat="15.3894953337" lon="73.7932172231"><ele>3.50</ele><time>2026-02-21T04:16:31Z</time><extensions><gpxtpx:TrackPointExtension><gpxtpx:cad>0</gpxtpx:cad></gpxtpx:TrackPointExtension></extensions></trkpt><trkpt lat="15.3898189589" lon="73.7927969545"><ele>3.50</ele><time>2026-02-21T04:16:46Z</time><extensions><gpxtpx:TrackPointExtension><gpxtpx:cad>0</gpxtpx:cad></gpxtpx:TrackPointExtension></extensions></trkpt><trkpt lat="15.3901766986" lon="73.7923128158"><ele>3.02</ele><time>2026-02-21T04:17:03Z</time><extensions><gpxtpx:TrackPointExtension><gpxtpx:cad>0</gpxtpx:cad></gpxtpx:TrackPointExtension></extensions></trkpt><trkpt lat="15.3905186802" lon="73.7919094786"><ele>2.54</ele><time>2026-02-21T04:17:18Z</time><extensions><gpxtpx:TrackPointExtension><gpxtpx:cad>0</gpxtpx:cad></gpxtpx:TrackPointExtension></extensions></trkpt><trkpt lat="15.3909231070" lon="73.7914590351"><ele>2.54</ele><time>2026-02-21T04:17:35Z</time><extensions><gpxtpx:TrackPointExtension><gpxtpx:cad>0</gpxtpx:cad></gpxtpx:TrackPointExtension></extensions></trkpt><trkpt lat="15.3914069105" lon="73.7909940910"><ele>2.54</ele><time>2026-02-21T04:17:54Z</time><extensions><gpxtpx:TrackPointExtension><gpxtpx:cad>0</gpxtpx:cad></gpxtpx:TrackPointExtension></extensions></trkpt><trkpt lat="15.3918078169" lon="73.7906090263"><ele>3.50</ele><time>2026-02-21T04:18:10Z</time><extensions><gpxtpx:TrackPointExtension><gpxtpx:cad>0</gpxtpx:cad></gpxtpx:TrackPointExtension></extensions></trkpt><trkpt lat="15.3922020178" lon="73.7902229559"><ele>4.94</ele><time>2026-02-21T04:18:26Z</time><extensions><gpxtpx:TrackPointExtension><gpxtpx:cad>0</gpxtpx:cad></gpxtpx:TrackPointExtension></extensions></trkpt><trkpt lat="15.3927578218" lon="73.7896772940"><ele>5.42</ele><time>2026-02-21T04:18:48Z</time><extensions><gpxtpx:TrackPointExtension><gpxtpx:cad>0</gpxtpx:cad></gpxtpx:TrackPointExtension></extensions></trkpt><trkpt lat="15.3932567127" lon="73.7891776487"><ele>3.50</ele><time>2026-02-21T04:19:08Z</time><extensions><gpxtpx:TrackPointExtension><gpxtpx:cad>0</gpxtpx:cad></gpxtpx:TrackPointExtension></extensions></trkpt><trkpt lat="15.3936633188" lon="73.7887432147"><ele>3.02</ele><time>2026-02-21T04:19:25Z</time><extensions><gpxtpx:TrackPointExtension><gpxtpx:cad>0</gpxtpx:cad></gpxtpx:TrackPointExtension></extensions></trkpt><trkpt lat="15.3939643968" lon="73.7883492652"><ele>2.54</ele><time>2026-02-21T04:19:39Z</time><extensions><gpxtpx:TrackPointExtension><gpxtpx:cad>0</gpxtpx:cad></gpxtpx:TrackPointExtension></extensions></trkpt><trkpt lat="15.3941810690" lon="73.7879510410"><ele>2.54</ele><time>2026-02-21T04:19:52Z</time><extensions><gpxtpx:TrackPointExtension><gpxtpx:cad>0</gpxtpx:cad></gpxtpx:TrackPointExtension></extensions></trkpt><trkpt lat="15.3944417462" lon="73.7874591071"><ele>3.02</ele><time>2026-02-21T04:20:08Z</time><extensions><gpxtpx:TrackPointExtension><gpxtpx:cad>0</gpxtpx:cad></gpxtpx:TrackPointExtension></extensions></trkpt><trkpt lat="15.3947945405" lon="73.7870677561"><ele>2.54</ele><time>2026-02-21T04:20:23Z</time><extensions><gpxtpx:TrackPointExtension><gpxtpx:cad>0</gpxtpx:cad></gpxtpx:TrackPointExtension></extensions></trkpt><trkpt lat="15.3952337522" lon="73.7867195718"><ele>2.06</ele><time>2026-02-21T04:20:39Z</time><extensions><gpxtpx:TrackPointExtension><gpxtpx:cad>0</gpxtpx:cad></gpxtpx:TrackPointExtension></extensions></trkpt><trkpt lat="15.3958328906" lon="73.7863516901"><ele>1.58</ele><time>2026-02-21T04:20:59Z</time><extensions><gpxtpx:TrackPointExtension><gpxtpx:cad>0</gpxtpx:cad></gpxtpx:TrackPointExtension></extensions></trkpt><trkpt lat="15.3963861801" lon="73.7859720737"><ele>1.58</ele><time>2026-02-21T04:21:18Z</time><extensions><gpxtpx:TrackPointExtension><gpxtpx:cad>0</gpxtpx:cad></gpxtpx:TrackPointExtension></extensions></trkpt><trkpt lat="15.3970035911" lon="73.7855523918"><ele>2.06</ele><time>2026-02-21T04:21:39Z</time><extensions><gpxtpx:TrackPointExtension><gpxtpx:cad>0</gpxtpx:cad></gpxtpx:TrackPointExtension></extensions></trkpt><trkpt lat="15.3975876421" lon="73.7852302752"><ele>4.46</ele><time>2026-02-21T04:21:58Z</time><extensions><gpxtpx:TrackPointExtension><gpxtpx:cad>0</gpxtpx:cad></gpxtpx:TrackPointExtension></extensions></trkpt><trkpt lat="15.3980829287" lon="73.7849781476"><ele>4.46</ele><time>2026-02-21T04:22:14Z</time><extensions><gpxtpx:TrackPointExtension><gpxtpx:cad>0</gpxtpx:cad></gpxtpx:TrackPointExtension></extensions></trkpt><trkpt lat="15.3986002598" lon="73.7846959289"><ele>3.98</ele><time>2026-02-21T04:22:31Z</time><extensions><gpxtpx:TrackPointExtension><gpxtpx:cad>0</gpxtpx:cad></gpxtpx:TrackPointExtension></extensions></trkpt><trkpt lat="15.3990576603" lon="73.7843691185"><ele>3.98</ele><time>2026-02-21T04:22:47Z</time><extensions><gpxtpx:TrackPointExtension><gpxtpx:cad>0</gpxtpx:cad></gpxtpx:TrackPointExtension></extensions></trkpt><trkpt lat="15.3994762525" lon="73.7839994766"><ele>4.46</ele><time>2026-02-21T04:23:03Z</time><extensions><gpxtpx:TrackPointExtension><gpxtpx:cad>0</gpxtpx:cad></gpxtpx:TrackPointExtension></extensions></trkpt><trkpt lat="15.4000891373" lon="73.7836867478"><ele>3.02</ele><time>2026-02-21T04:23:23Z</time><extensions><gpxtpx:TrackPointExtension><gpxtpx:cad>0</gpxtpx:cad></gpxtpx:TrackPointExtension></extensions></trkpt><trkpt lat="15.4006664827" lon="73.7835530564"><ele>2.54</ele><time>2026-02-21T04:23:40Z</time><extensions><gpxtpx:TrackPointExtension><gpxtpx:cad>0</gpxtpx:cad></gpxtpx:TrackPointExtension></extensions></trkpt><trkpt lat="15.4012618493" lon="73.7833542377"><ele>3.02</ele><time>2026-02-21T04:23:58Z</time><extensions><gpxtpx:TrackPointExtension><gpxtpx:cad>0</gpxtpx:cad></gpxtpx:TrackPointExtension></extensions></trkpt><trkpt lat="15.4017850477" lon="73.7831014395"><ele>2.06</ele><time>2026-02-21T04:24:15Z</time><extensions><gpxtpx:TrackPointExtension><gpxtpx:cad>0</gpxtpx:cad></gpxtpx:TrackPointExtension></extensions></trkpt><trkpt lat="15.4023681767" lon="73.7828746252"><ele>3.02</ele><time>2026-02-21T04:24:33Z</time><extensions><gpxtpx:TrackPointExtension><gpxtpx:cad>0</gpxtpx:cad></gpxtpx:TrackPointExtension></extensions></trkpt><trkpt lat="15.4028487112" lon="73.7826777343"><ele>3.02</ele><time>2026-02-21T04:24:48Z</time><extensions><gpxtpx:TrackPointExtension><gpxtpx:cad>0</gpxtpx:cad></gpxtpx:TrackPointExtension></extensions></trkpt><trkpt lat="15.4032521322" lon="73.7824078370"><ele>3.02</ele><time>2026-02-21T04:25:02Z</time><extensions><gpxtpx:TrackPointExtension><gpxtpx:cad>0</gpxtpx:cad></gpxtpx:TrackPointExtension></extensions></trkpt><trkpt lat="15.4037810303" lon="73.7821288873"><ele>2.54</ele><time>2026-02-21T04:25:19Z</time><extensions><gpxtpx:TrackPointExtension><gpxtpx:cad>0</gpxtpx:cad></gpxtpx:TrackPointExtension></extensions></trkpt><trkpt lat="15.4041308071" lon="73.7819574773"><ele>2.54</ele><time>2026-02-21T04:25:30Z</time><extensions><gpxtpx:TrackPointExtension><gpxtpx:cad>0</gpxtpx:cad></gpxtpx:TrackPointExtension></extensions></trkpt><trkpt lat="15.4046967532" lon="73.7816709839"><ele>3.02</ele><time>2026-02-21T04:25:48Z</time><extensions><gpxtpx:TrackPointExtension><gpxtpx:cad>0</gpxtpx:cad></gpxtpx:TrackPointExtension></extensions></trkpt><trkpt lat="15.4051208775" lon="73.7814304233"><ele>2.54</ele><time>2026-02-21T04:26:02Z</time><extensions><gpxtpx:TrackPointExtension><gpxtpx:cad>0</gpxtpx:cad></gpxtpx:TrackPointExtension></extensions></trkpt><trkpt lat="15.4055351112" lon="73.7812484521"><ele>2.06</ele><time>2026-02-21T04:26:15Z</time><extensions><gpxtpx:TrackPointExtension><gpxtpx:cad>0</gpxtpx:cad></gpxtpx:TrackPointExtension></extensions></trkpt><trkpt lat="15.4058773443" lon="73.7812162656"><ele>2.06</ele><time>2026-02-21T04:26:25Z</time><extensions><gpxtpx:TrackPointExtension><gpxtpx:cad>0</gpxtpx:cad></gpxtpx:TrackPointExtension></extensions></trkpt><trkpt lat="15.4063884728" lon="73.7810093164"><ele>2.54</ele><time>2026-02-21T04:26:41Z</time><extensions><gpxtpx:TrackPointExtension><gpxtpx:cad>0</gpxtpx:cad></gpxtpx:TrackPointExtension></extensions></trkpt><trkpt lat="15.4068440292" lon="73.7808039598"><ele>3.02</ele><time>2026-02-21T04:26:56Z</time><extensions><gpxtpx:TrackPointExtension><gpxtpx:cad>0</gpxtpx:cad></gpxtpx:TrackPointExtension></extensions></trkpt><trkpt lat="15.4072301835" lon="73.7807342224"><ele>2.06</ele><time>2026-02-21T04:27:07Z</time><extensions><gpxtpx:TrackPointExtension><gpxtpx:cad>0</gpxtpx:cad></gpxtpx:TrackPointExtension></extensions></trkpt><trkpt lat="15.4078201018" lon="73.7806600425"><ele>2.06</ele><time>2026-02-21T04:27:24Z</time><extensions><gpxtpx:TrackPointExtension><gpxtpx:cad>0</gpxtpx:cad></gpxtpx:TrackPointExtension></extensions></trkpt><trkpt lat="15.4083811026" lon="73.7806339748"><ele>1.58</ele><time>2026-02-21T04:27:40Z</time><extensions><gpxtpx:TrackPointExtension><gpxtpx:cad>0</gpxtpx:cad></gpxtpx:TrackPointExtension></extensions></trkpt><trkpt lat="15.4088968411" lon="73.7806227431"><ele>2.06</ele><time>2026-02-21T04:27:55Z</time><extensions><gpxtpx:TrackPointExtension><gpxtpx:cad>0</gpxtpx:cad></gpxtpx:TrackPointExtension></extensions></trkpt><trkpt lat="15.4094565846" lon="73.7806426920"><ele>1.58</ele><time>2026-02-21T04:28:11Z</time><extensions><gpxtpx:TrackPointExtension><gpxtpx:cad>0</gpxtpx:cad></gpxtpx:TrackPointExtension></extensions></trkpt><trkpt lat="15.4099509493" lon="73.7806289457"><ele>1.58</ele><time>2026-02-21T04:28:25Z</time><extensions><gpxtpx:TrackPointExtension><gpxtpx:cad>0</gpxtpx:cad></gpxtpx:TrackPointExtension></extensions></trkpt><trkpt lat="15.4104091879" lon="73.7806159537"><ele>2.06</ele><time>2026-02-21T04:28:38Z</time><extensions><gpxtpx:TrackPointExtension><gpxtpx:cad>0</gpxtpx:cad></gpxtpx:TrackPointExtension></extensions></trkpt><trkpt lat="15.4109298717" lon="73.7806363218"><ele>1.58</ele><time>2026-02-21T04:28:53Z</time><extensions><gpxtpx:TrackPointExtension><gpxtpx:cad>0</gpxtpx:cad></gpxtpx:TrackPointExtension></extensions></trkpt><trkpt lat="15.4114477895" lon="73.7806601264"><ele>0.62</ele><time>2026-02-21T04:29:08Z</time><extensions><gpxtpx:TrackPointExtension><gpxtpx:cad>0</gpxtpx:cad></gpxtpx:TrackPointExtension></extensions></trkpt><trkpt lat="15.4118948802" lon="73.7806937378"><ele>1.58</ele><time>2026-02-21T04:29:21Z</time><extensions><gpxtpx:TrackPointExtension><gpxtpx:cad>0</gpxtpx:cad></gpxtpx:TrackPointExtension></extensions></trkpt><trkpt lat="15.4123741575" lon="73.7807853520"><ele>2.54</ele><time>2026-02-21T04:29:35Z</time><extensions><gpxtpx:TrackPointExtension><gpxtpx:cad>0</gpxtpx:cad></gpxtpx:TrackPointExtension></extensions></trkpt><trkpt lat="15.4128906503" lon="73.7809752021"><ele>3.02</ele><time>2026-02-21T04:29:51Z</time><extensions><gpxtpx:TrackPointExtension><gpxtpx:cad>0</gpxtpx:cad></gpxtpx:TrackPointExtension></extensions></trkpt><trkpt lat="15.4134560097" lon="73.7811083067"><ele>3.02</ele><time>2026-02-21T04:30:08Z</time><extensions><gpxtpx:TrackPointExtension><gpxtpx:cad>0</gpxtpx:cad></gpxtpx:TrackPointExtension></extensions></trkpt><trkpt lat="15.4139835667" lon="73.7812574208"><ele>3.50</ele><time>2026-02-21T04:30:24Z</time><extensions><gpxtpx:TrackPointExtension><gpxtpx:cad>0</gpxtpx:cad></gpxtpx:TrackPointExtension></extensions></trkpt><trkpt lat="15.4145569727" lon="73.7814291660"><ele>3.02</ele><time>2026-02-21T04:30:41Z</time><extensions><gpxtpx:TrackPointExtension><gpxtpx:cad>0</gpxtpx:cad></gpxtpx:TrackPointExtension></extensions></trkpt><trkpt lat="15.4150737170" lon="73.7816226203"><ele>2.54</ele><time>2026-02-21T04:30:57Z</time><extensions><gpxtpx:TrackPointExtension><gpxtpx:cad>0</gpxtpx:cad></gpxtpx:TrackPointExtension></extensions></trkpt><trkpt lat="15.4156016093" lon="73.7817745004"><ele>3.02</ele><time>2026-02-21T04:31:13Z</time><extensions><gpxtpx:TrackPointExtension><gpxtpx:cad>0</gpxtpx:cad></gpxtpx:TrackPointExtension></extensions></trkpt><trkpt lat="15.4160908610" lon="73.7819209322"><ele>3.02</ele><time>2026-02-21T04:31:28Z</time><extensions><gpxtpx:TrackPointExtension><gpxtpx:cad>0</gpxtpx:cad></gpxtpx:TrackPointExtension></extensions></trkpt><trkpt lat="15.4165992234" lon="73.7821049988"><ele>2.54</ele><time>2026-02-21T04:31:44Z</time><extensions><gpxtpx:TrackPointExtension><gpxtpx:cad>0</gpxtpx:cad></gpxtpx:TrackPointExtension></extensions></trkpt><trkpt lat="15.4171437118" lon="73.7822991237"><ele>3.02</ele><time>2026-02-21T04:32:01Z</time><extensions><gpxtpx:TrackPointExtension><gpxtpx:cad>0</gpxtpx:cad></gpxtpx:TrackPointExtension></extensions></trkpt><trkpt lat="15.4176865239" lon="73.7825002894"><ele>2.54</ele><time>2026-02-21T04:32:18Z</time><extensions><gpxtpx:TrackPointExtension><gpxtpx:cad>0</gpxtpx:cad></gpxtpx:TrackPointExtension></extensions></trkpt><trkpt lat="15.4182626121" lon="73.7826913968"><ele>2.54</ele><time>2026-02-21T04:32:36Z</time><extensions><gpxtpx:TrackPointExtension><gpxtpx:cad>0</gpxtpx:cad></gpxtpx:TrackPointExtension></extensions></trkpt><trkpt lat="15.4188806098" lon="73.7828388344"><ele>2.54</ele><time>2026-02-21T04:32:55Z</time><extensions><gpxtpx:TrackPointExtension><gpxtpx:cad>0</gpxtpx:cad></gpxtpx:TrackPointExtension></extensions></trkpt><trkpt lat="15.4194553569" lon="73.7830158602"><ele>2.54</ele><time>2026-02-21T04:33:13Z</time><extensions><gpxtpx:TrackPointExtension><gpxtpx:cad>0</gpxtpx:cad></gpxtpx:TrackPointExtension></extensions></trkpt><trkpt lat="15.4199837521" lon="73.7832596060"><ele>2.06</ele><time>2026-02-21T04:33:30Z</time><extensions><gpxtpx:TrackPointExtension><gpxtpx:cad>0</gpxtpx:cad></gpxtpx:TrackPointExtension></extensions></trkpt><trkpt lat="15.4205360357" lon="73.7832218874"><ele>2.06</ele><time>2026-02-21T04:33:47Z</time><extensions><gpxtpx:TrackPointExtension><gpxtpx:cad>0</gpxtpx:cad></gpxtpx:TrackPointExtension></extensions></trkpt><trkpt lat="15.4210553784" lon="73.7831298541"><ele>2.06</ele><time>2026-02-21T04:34:03Z</time><extensions><gpxtpx:TrackPointExtension><gpxtpx:cad>0</gpxtpx:cad></gpxtpx:TrackPointExtension></extensions></trkpt><trkpt lat="15.4216589592" lon="73.7829422671"><ele>2.06</ele><time>2026-02-21T04:34:22Z</time><extensions><gpxtpx:TrackPointExtension><gpxtpx:cad>0</gpxtpx:cad></gpxtpx:TrackPointExtension></extensions></trkpt><trkpt lat="15.4221932217" lon="73.7828027084"><ele>2.06</ele><time>2026-02-21T04:34:39Z</time><extensions><gpxtpx:TrackPointExtension><gpxtpx:cad>0</gpxtpx:cad></gpxtpx:TrackPointExtension></extensions></trkpt><trkpt lat="15.4227956291" lon="73.7828373257"><ele>2.54</ele><time>2026-02-21T04:34:57Z</time><extensions><gpxtpx:TrackPointExtension><gpxtpx:cad>0</gpxtpx:cad></gpxtpx:TrackPointExtension></extensions></trkpt><trkpt lat="15.4233314842" lon="73.7828209810"><ele>2.54</ele><time>2026-02-21T04:35:13Z</time><extensions><gpxtpx:TrackPointExtension><gpxtpx:cad>0</gpxtpx:cad></gpxtpx:TrackPointExtension></extensions></trkpt><trkpt lat="15.4239654914" lon="73.7827838492"><ele>3.02</ele><time>2026-02-21T04:35:32Z</time><extensions><gpxtpx:TrackPointExtension><gpxtpx:cad>0</gpxtpx:cad></gpxtpx:TrackPointExtension></extensions></trkpt><trkpt lat="15.4245713353" lon="73.7827111781"><ele>2.54</ele><time>2026-02-21T04:35:50Z</time><extensions><gpxtpx:TrackPointExtension><gpxtpx:cad>0</gpxtpx:cad></gpxtpx:TrackPointExtension></extensions></trkpt><trkpt lat="15.4251427297" lon="73.7827146146"><ele>2.06</ele><time>2026-02-21T04:36:07Z</time><extensions><gpxtpx:TrackPointExtension><gpxtpx:cad>0</gpxtpx:cad></gpxtpx:TrackPointExtension></extensions></trkpt><trkpt lat="15.4257003777" lon="73.7826543488"><ele>2.54</ele><time>2026-02-21T04:36:24Z</time><extensions><gpxtpx:TrackPointExtension><gpxtpx:cad>0</gpxtpx:cad></gpxtpx:TrackPointExtension></extensions></trkpt><trkpt lat="15.4262360651" lon="73.7825995311"><ele>2.54</ele><time>2026-02-21T04:36:40Z</time><extensions><gpxtpx:TrackPointExtension><gpxtpx:cad>0</gpxtpx:cad></gpxtpx:TrackPointExtension></extensions></trkpt><trkpt lat="15.4267131630" lon="73.7825981900"><ele>2.06</ele><time>2026-02-21T04:36:54Z</time><extensions><gpxtpx:TrackPointExtension><gpxtpx:cad>0</gpxtpx:cad></gpxtpx:TrackPointExtension></extensions></trkpt><trkpt lat="15.4273190908" lon="73.7825985253"><ele>3.02</ele><time>2026-02-21T04:37:12Z</time><extensions><gpxtpx:TrackPointExtension><gpxtpx:cad>0</gpxtpx:cad></gpxtpx:TrackPointExtension></extensions></trkpt><trkpt lat="15.4278821871" lon="73.7825587951"><ele>3.98</ele><time>2026-02-21T04:37:29Z</time><extensions><gpxtpx:TrackPointExtension><gpxtpx:cad>0</gpxtpx:cad></gpxtpx:TrackPointExtension></extensions></trkpt><trkpt lat="15.4285439383" lon="73.7824924942"><ele>3.02</ele><time>2026-02-21T04:37:49Z</time><extensions><gpxtpx:TrackPointExtension><gpxtpx:cad>0</gpxtpx:cad></gpxtpx:TrackPointExtension></extensions></trkpt><trkpt lat="15.4289786238" lon="73.7824508362"><ele>2.54</ele><time>2026-02-21T04:38:02Z</time><extensions><gpxtpx:TrackPointExtension><gpxtpx:cad>0</gpxtpx:cad></gpxtpx:TrackPointExtension></extensions></trkpt><trkpt lat="15.4296410456" lon="73.7823938392"><ele>2.06</ele><time>2026-02-21T04:38:22Z</time><extensions><gpxtpx:TrackPointExtension><gpxtpx:cad>0</gpxtpx:cad></gpxtpx:TrackPointExtension></extensions></trkpt><trkpt lat="15.4303131904" lon="73.7823391054"><ele>2.06</ele><time>2026-02-21T04:38:42Z</time><extensions><gpxtpx:TrackPointExtension><gpxtpx:cad>0</gpxtpx:cad></gpxtpx:TrackPointExtension></extensions></trkpt><trkpt lat="15.4310021829" lon="73.7822375167"><ele>2.54</ele><time>2026-02-21T04:39:03Z</time><extensions><gpxtpx:TrackPointExtension><gpxtpx:cad>0</gpxtpx:cad></gpxtpx:TrackPointExtension></extensions></trkpt><trkpt lat="15.4316387046" lon="73.7821929250"><ele>2.54</ele><time>2026-02-21T04:39:22Z</time><extensions><gpxtpx:TrackPointExtension><gpxtpx:cad>0</gpxtpx:cad></gpxtpx:TrackPointExtension></extensions></trkpt><trkpt lat="15.4321759846" lon="73.7821337488"><ele>2.06</ele><time>2026-02-21T04:39:38Z</time><extensions><gpxtpx:TrackPointExtension><gpxtpx:cad>0</gpxtpx:cad></gpxtpx:TrackPointExtension></extensions></trkpt><trkpt lat="15.4327042121" lon="73.7821123749"><ele>2.54</ele><time>2026-02-21T04:39:54Z</time><extensions><gpxtpx:TrackPointExtension><gpxtpx:cad>0</gpxtpx:cad></gpxtpx:TrackPointExtension></extensions></trkpt><trkpt lat="15.4332089704" lon="73.7820933480"><ele>3.02</ele><time>2026-02-21T04:40:09Z</time><extensions><gpxtpx:TrackPointExtension><gpxtpx:cad>0</gpxtpx:cad></gpxtpx:TrackPointExtension></extensions></trkpt><trkpt lat="15.4338216037" lon="73.7820656877"><ele>3.02</ele><time>2026-02-21T04:40:27Z</time><extensions><gpxtpx:TrackPointExtension><gpxtpx:cad>0</gpxtpx:cad></gpxtpx:TrackPointExtension></extensions></trkpt><trkpt lat="15.4343795031" lon="73.7820141390"><ele>2.06</ele><time>2026-02-21T04:40:44Z</time><extensions><gpxtpx:TrackPointExtension><gpxtpx:cad>0</gpxtpx:cad></gpxtpx:TrackPointExtension></extensions></trkpt><trkpt lat="15.4350160249" lon="73.7819640990"><ele>1.58</ele><time>2026-02-21T04:41:03Z</time><extensions><gpxtpx:TrackPointExtension><gpxtpx:cad>0</gpxtpx:cad></gpxtpx:TrackPointExtension></extensions></trkpt><trkpt lat="15.4355614353" lon="73.7818610016"><ele>1.58</ele><time>2026-02-21T04:41:20Z</time><extensions><gpxtpx:TrackPointExtension><gpxtpx:cad>0</gpxtpx:cad></gpxtpx:TrackPointExtension></extensions></trkpt><trkpt lat="15.4360978771" lon="73.7818267196"><ele>1.58</ele><time>2026-02-21T04:41:36Z</time><extensions><gpxtpx:TrackPointExtension><gpxtpx:cad>0</gpxtpx:cad></gpxtpx:TrackPointExtension></extensions></trkpt><trkpt lat="15.4366271943" lon="73.7817978859"><ele>1.58</ele><time>2026-02-21T04:41:52Z</time><extensions><gpxtpx:TrackPointExtension><gpxtpx:cad>0</gpxtpx:cad></gpxtpx:TrackPointExtension></extensions></trkpt><trkpt lat="15.4371058848" lon="73.7817107141"><ele>2.06</ele><time>2026-02-21T04:42:07Z</time><extensions><gpxtpx:TrackPointExtension><gpxtpx:cad>0</gpxtpx:cad></gpxtpx:TrackPointExtension></extensions></trkpt><trkpt lat="15.4376696516" lon="73.7817878276"><ele>2.54</ele><time>2026-02-21T04:42:24Z</time><extensions><gpxtpx:TrackPointExtension><gpxtpx:cad>0</gpxtpx:cad></gpxtpx:TrackPointExtension></extensions></trkpt><trkpt lat="15.4382273834" lon="73.7817881629"><ele>2.54</ele><time>2026-02-21T04:42:41Z</time><extensions><gpxtpx:TrackPointExtension><gpxtpx:cad>0</gpxtpx:cad></gpxtpx:TrackPointExtension></extensions></trkpt><trkpt lat="15.4387974367" lon="73.7817765959"><ele>2.06</ele><time>2026-02-21T04:42:58Z</time><extensions><gpxtpx:TrackPointExtension><gpxtpx:cad>0</gpxtpx:cad></gpxtpx:TrackPointExtension></extensions></trkpt><trkpt lat="15.4393241554" lon="73.7817475945"><ele>2.06</ele><time>2026-02-21T04:43:14Z</time><extensions><gpxtpx:TrackPointExtension><gpxtpx:cad>0</gpxtpx:cad></gpxtpx:TrackPointExtension></extensions></trkpt><trkpt lat="15.4397820588" lon="73.7817724049"><ele>2.06</ele><time>2026-02-21T04:43:28Z</time><extensions><gpxtpx:TrackPointExtension><gpxtpx:cad>0</gpxtpx:cad></gpxtpx:TrackPointExtension></extensions></trkpt><trkpt lat="15.4402840510" lon="73.7818197627"><ele>2.06</ele><time>2026-02-21T04:43:43Z</time><extensions><gpxtpx:TrackPointExtension><gpxtpx:cad>0</gpxtpx:cad></gpxtpx:TrackPointExtension></extensions></trkpt><trkpt lat="15.4408545233" lon="73.7818545476"><ele>3.02</ele><time>2026-02-21T04:44:00Z</time><extensions><gpxtpx:TrackPointExtension><gpxtpx:cad>0</gpxtpx:cad></gpxtpx:TrackPointExtension></extensions></trkpt><trkpt lat="15.4414099921" lon="73.7817851454"><ele>3.98</ele><time>2026-02-21T04:44:17Z</time><extensions><gpxtpx:TrackPointExtension><gpxtpx:cad>0</gpxtpx:cad></gpxtpx:TrackPointExtension></extensions></trkpt><trkpt lat="15.4419989046" lon="73.7817384582"><ele>3.50</ele><time>2026-02-21T04:44:35Z</time><extensions><gpxtpx:TrackPointExtension><gpxtpx:cad>0</gpxtpx:cad></gpxtpx:TrackPointExtension></extensions></trkpt><trkpt lat="15.4425274674" lon="73.7817503605"><ele>3.02</ele><time>2026-02-21T04:44:51Z</time><extensions><gpxtpx:TrackPointExtension><gpxtpx:cad>0</gpxtpx:cad></gpxtpx:TrackPointExtension></extensions></trkpt><trkpt lat="15.4430516716" lon="73.7818391249"><ele>2.54</ele><time>2026-02-21T04:45:07Z</time><extensions><gpxtpx:TrackPointExtension><gpxtpx:cad>0</gpxtpx:cad></gpxtpx:TrackPointExtension></extensions></trkpt><trkpt lat="15.4435162805" lon="73.7817882467"><ele>2.54</ele><time>2026-02-21T04:45:21Z</time><extensions><gpxtpx:TrackPointExtension><gpxtpx:cad>0</gpxtpx:cad></gpxtpx:TrackPointExtension></extensions></trkpt><trkpt lat="15.4440761916" lon="73.7817584071"><ele>2.54</ele><time>2026-02-21T04:45:38Z</time><extensions><gpxtpx:TrackPointExtension><gpxtpx:cad>0</gpxtpx:cad></gpxtpx:TrackPointExtension></extensions></trkpt><trkpt lat="15.4447065108" lon="73.7816897593"><ele>1.58</ele><time>2026-02-21T04:45:57Z</time><extensions><gpxtpx:TrackPointExtension><gpxtpx:cad>0</gpxtpx:cad></gpxtpx:TrackPointExtension></extensions></trkpt><trkpt lat="15.4449720494" lon="73.7816466764"><ele>1.10</ele><time>2026-02-21T04:46:05Z</time><extensions><gpxtpx:TrackPointExtension><gpxtpx:cad>0</gpxtpx:cad></gpxtpx:TrackPointExtension></extensions></trkpt><trkpt lat="15.4451029748" lon="73.7816239614"><ele>0.62</ele><time>2026-02-21T04:46:09Z</time><extensions><gpxtpx:TrackPointExtension><gpxtpx:cad>0</gpxtpx:cad></gpxtpx:TrackPointExtension></extensions></trkpt><trkpt lat="15.4456679150" lon="73.7815947086"><ele>0.14</ele><time>2026-02-21T04:46:26Z</time><extensions><gpxtpx:TrackPointExtension><gpxtpx:cad>0</gpxtpx:cad></gpxtpx:TrackPointExtension></extensions></trkpt><trkpt lat="15.4460770357" lon="73.7816084549"><ele>-0.34</ele><time>2026-02-21T04:46:38Z</time><extensions><gpxtpx:TrackPointExtension><gpxtpx:cad>0</gpxtpx:cad></gpxtpx:TrackPointExtension></extensions></trkpt><trkpt lat="15.4465233721" lon="73.7816229556"><ele>0.62</ele><time>2026-02-21T04:46:51Z</time><extensions><gpxtpx:TrackPointExtension><gpxtpx:cad>0</gpxtpx:cad></gpxtpx:TrackPointExtension></extensions></trkpt><trkpt lat="15.4470999632" lon="73.7815556489"><ele>0.62</ele><time>2026-02-21T04:47:08Z</time><extensions><gpxtpx:TrackPointExtension><gpxtpx:cad>0</gpxtpx:cad></gpxtpx:TrackPointExtension></extensions></trkpt><trkpt lat="15.4477804061" lon="73.7815197743"><ele>1.58</ele><time>2026-02-21T04:47:28Z</time><extensions><gpxtpx:TrackPointExtension><gpxtpx:cad>0</gpxtpx:cad></gpxtpx:TrackPointExtension></extensions></trkpt><trkpt lat="15.4483540636" lon="73.7815289944"><ele>1.10</ele><time>2026-02-21T04:47:45Z</time><extensions><gpxtpx:TrackPointExtension><gpxtpx:cad>0</gpxtpx:cad></gpxtpx:TrackPointExtension></extensions></trkpt><trkpt lat="15.4489335045" lon="73.7814921979"><ele>0.14</ele><time>2026-02-21T04:48:02Z</time><extensions><gpxtpx:TrackPointExtension><gpxtpx:cad>0</gpxtpx:cad></gpxtpx:TrackPointExtension></extensions></trkpt><trkpt lat="15.4496012907" lon="73.7814479414"><ele>1.10</ele><time>2026-02-21T04:48:22Z</time><extensions><gpxtpx:TrackPointExtension><gpxtpx:cad>0</gpxtpx:cad></gpxtpx:TrackPointExtension></extensions></trkpt><trkpt lat="15.4502000101" lon="73.7815682217"><ele>1.10</ele><time>2026-02-21T04:48:40Z</time><extensions><gpxtpx:TrackPointExtension><gpxtpx:cad>0</gpxtpx:cad></gpxtpx:TrackPointExtension></extensions></trkpt><trkpt lat="15.4507347755" lon="73.7817931920"><ele>0.62</ele><time>2026-02-21T04:48:57Z</time><extensions><gpxtpx:TrackPointExtension><gpxtpx:cad>0</gpxtpx:cad></gpxtpx:TrackPointExtension></extensions></trkpt><trkpt lat="15.4512644280" lon="73.7819102872"><ele>0.14</ele><time>2026-02-21T04:49:13Z</time><extensions><gpxtpx:TrackPointExtension><gpxtpx:cad>0</gpxtpx:cad></gpxtpx:TrackPointExtension></extensions></trkpt><trkpt lat="15.4518771451" lon="73.7818734068"><ele>0.14</ele><time>2026-02-21T04:49:31Z</time><extensions><gpxtpx:TrackPointExtension><gpxtpx:cad>0</gpxtpx:cad></gpxtpx:TrackPointExtension></extensions></trkpt><trkpt lat="15.4524601065" lon="73.7818797771"><ele>0.62</ele><time>2026-02-21T04:49:48Z</time><extensions><gpxtpx:TrackPointExtension><gpxtpx:cad>0</gpxtpx:cad></gpxtpx:TrackPointExtension></extensions></trkpt><trkpt lat="15.4530758411" lon="73.7818412203"><ele>0.62</ele><time>2026-02-21T04:50:06Z</time><extensions><gpxtpx:TrackPointExtension><gpxtpx:cad>0</gpxtpx:cad></gpxtpx:TrackPointExtension></extensions></trkpt><trkpt lat="15.4535752349" lon="73.7817946170"><ele>1.10</ele><time>2026-02-21T04:50:21Z</time><extensions><gpxtpx:TrackPointExtension><gpxtpx:cad>0</gpxtpx:cad></gpxtpx:TrackPointExtension></extensions></trkpt><trkpt lat="15.4540826753" lon="73.7817972992"><ele>1.10</ele><time>2026-02-21T04:50:36Z</time><extensions><gpxtpx:TrackPointExtension><gpxtpx:cad>0</gpxtpx:cad></gpxtpx:TrackPointExtension></extensions></trkpt><trkpt lat="15.4546910338" lon="73.7817689683"><ele>1.58</ele><time>2026-02-21T04:50:54Z</time><extensions><gpxtpx:TrackPointExtension><gpxtpx:cad>0</gpxtpx:cad></gpxtpx:TrackPointExtension></extensions></trkpt><trkpt lat="15.4552341811" lon="73.7817367818"><ele>0.62</ele><time>2026-02-21T04:51:10Z</time><extensions><gpxtpx:TrackPointExtension><gpxtpx:cad>0</gpxtpx:cad></gpxtpx:TrackPointExtension></extensions></trkpt><trkpt lat="15.4557385202" lon="73.7816892564"><ele>1.10</ele><time>2026-02-21T04:51:25Z</time><extensions><gpxtpx:TrackPointExtension><gpxtpx:cad>0</gpxtpx:cad></gpxtpx:TrackPointExtension></extensions></trkpt><trkpt lat="15.4563821666" lon="73.7817322556"><ele>1.58</ele><time>2026-02-21T04:51:44Z</time><extensions><gpxtpx:TrackPointExtension><gpxtpx:cad>0</gpxtpx:cad></gpxtpx:TrackPointExtension></extensions></trkpt><trkpt lat="15.4569482803" lon="73.7817612570"><ele>1.58</ele><time>2026-02-21T04:52:00Z</time><extensions><gpxtpx:TrackPointExtension><gpxtpx:cad>0</gpxtpx:cad></gpxtpx:TrackPointExtension></extensions></trkpt><trkpt lat="15.4575833771" lon="73.7817983050"><ele>1.58</ele><time>2026-02-21T04:52:19Z</time><extensions><gpxtpx:TrackPointExtension><gpxtpx:cad>0</gpxtpx:cad></gpxtpx:TrackPointExtension></extensions></trkpt><trkpt lat="15.4582315497" lon="73.7818083633"><ele>2.54</ele><time>2026-02-21T04:52:38Z</time><extensions><gpxtpx:TrackPointExtension><gpxtpx:cad>0</gpxtpx:cad></gpxtpx:TrackPointExtension></extensions></trkpt><trkpt lat="15.4589156806" lon="73.7817713153"><ele>2.54</ele><time>2026-02-21T04:52:58Z</time><extensions><gpxtpx:TrackPointExtension><gpxtpx:cad>0</gpxtpx:cad></gpxtpx:TrackPointExtension></extensions></trkpt><trkpt lat="15.4595597461" lon="73.7817998137"><ele>2.54</ele><time>2026-02-21T04:53:17Z</time><extensions><gpxtpx:TrackPointExtension><gpxtpx:cad>0</gpxtpx:cad></gpxtpx:TrackPointExtension></extensions></trkpt><trkpt lat="15.4601947591" lon="73.7818030827"><ele>3.02</ele><time>2026-02-21T04:53:36Z</time><extensions><gpxtpx:TrackPointExtension><gpxtpx:cad>0</gpxtpx:cad></gpxtpx:TrackPointExtension></extensions></trkpt><trkpt lat="15.4607109167" lon="73.7818190083"><ele>3.02</ele><time>2026-02-21T04:53:51Z</time><extensions><gpxtpx:TrackPointExtension><gpxtpx:cad>0</gpxtpx:cad></gpxtpx:TrackPointExtension></extensions></trkpt><trkpt lat="15.4613192752" lon="73.7818687968"><ele>2.54</ele><time>2026-02-21T04:54:09Z</time><extensions><gpxtpx:TrackPointExtension><gpxtpx:cad>0</gpxtpx:cad></gpxtpx:TrackPointExtension></extensions></trkpt><trkpt lat="15.4619109537" lon="73.7819592375"><ele>2.06</ele><time>2026-02-21T04:54:27Z</time><extensions><gpxtpx:TrackPointExtension><gpxtpx:cad>0</gpxtpx:cad></gpxtpx:TrackPointExtension></extensions></trkpt><trkpt lat="15.4623631574" lon="73.7819059286"><ele>1.58</ele><time>2026-02-21T04:54:41Z</time><extensions><gpxtpx:TrackPointExtension><gpxtpx:cad>0</gpxtpx:cad></gpxtpx:TrackPointExtension></extensions></trkpt><trkpt lat="15.4629109148" lon="73.7819516100"><ele>2.06</ele><time>2026-02-21T04:54:58Z</time><extensions><gpxtpx:TrackPointExtension><gpxtpx:cad>0</gpxtpx:cad></gpxtpx:TrackPointExtension></extensions></trkpt><trkpt lat="15.4634777829" lon="73.7819864787"><ele>2.54</ele><time>2026-02-21T04:55:15Z</time><extensions><gpxtpx:TrackPointExtension><gpxtpx:cad>0</gpxtpx:cad></gpxtpx:TrackPointExtension></extensions></trkpt><trkpt lat="15.4640354309" lon="73.7819448207"><ele>2.06</ele><time>2026-02-21T04:55:32Z</time><extensions><gpxtpx:TrackPointExtension><gpxtpx:cad>0</gpxtpx:cad></gpxtpx:TrackPointExtension></extensions></trkpt><trkpt lat="15.4645086732" lon="73.7820239458"><ele>1.10</ele><time>2026-02-21T04:55:47Z</time><extensions><gpxtpx:TrackPointExtension><gpxtpx:cad>0</gpxtpx:cad></gpxtpx:TrackPointExtension></extensions></trkpt><trkpt lat="15.4649425205" lon="73.7818194274"><ele>1.58</ele><time>2026-02-21T04:56:02Z</time><extensions><gpxtpx:TrackPointExtension><gpxtpx:cad>0</gpxtpx:cad></gpxtpx:TrackPointExtension></extensions></trkpt><trkpt lat="15.4654050339" lon="73.7814243045"><ele>2.06</ele><time>2026-02-21T04:56:20Z</time><extensions><gpxtpx:TrackPointExtension><gpxtpx:cad>0</gpxtpx:cad></gpxtpx:TrackPointExtension></extensions></trkpt><trkpt lat="15.4659135640" lon="73.7810992543"><ele>2.54</ele><time>2026-02-21T04:56:38Z</time><extensions><gpxtpx:TrackPointExtension><gpxtpx:cad>0</gpxtpx:cad></gpxtpx:TrackPointExtension></extensions></trkpt><trkpt lat="15.4663122911" lon="73.7806958333"><ele>3.50</ele><time>2026-02-21T04:56:55Z</time><extensions><gpxtpx:TrackPointExtension><gpxtpx:cad>0</gpxtpx:cad></gpxtpx:TrackPointExtension></extensions></trkpt><trkpt lat="15.4667430371" lon="73.7803794164"><ele>3.50</ele><time>2026-02-21T04:57:11Z</time><extensions><gpxtpx:TrackPointExtension><gpxtpx:cad>0</gpxtpx:cad></gpxtpx:TrackPointExtension></extensions></trkpt><trkpt lat="15.4672244098" lon="73.7800898217"><ele>3.02</ele><time>2026-02-21T04:57:28Z</time><extensions><gpxtpx:TrackPointExtension><gpxtpx:cad>0</gpxtpx:cad></gpxtpx:TrackPointExtension></extensions></trkpt><trkpt lat="15.4676027689" lon="73.7797919288"><ele>3.02</ele><time>2026-02-21T04:57:42Z</time><extensions><gpxtpx:TrackPointExtension><gpxtpx:cad>0</gpxtpx:cad></gpxtpx:TrackPointExtension></extensions></trkpt><trkpt lat="15.4679808766" lon="73.7794113904"><ele>1.58</ele><time>2026-02-21T04:57:58Z</time><extensions><gpxtpx:TrackPointExtension><gpxtpx:cad>0</gpxtpx:cad></gpxtpx:TrackPointExtension></extensions></trkpt><trkpt lat="15.4685008060" lon="73.7790268287"><ele>1.58</ele><time>2026-02-21T04:58:17Z</time><extensions><gpxtpx:TrackPointExtension><gpxtpx:cad>0</gpxtpx:cad></gpxtpx:TrackPointExtension></extensions></trkpt><trkpt lat="15.4688591324" lon="73.7786668260"><ele>1.10</ele><time>2026-02-21T04:58:32Z</time><extensions><gpxtpx:TrackPointExtension><gpxtpx:cad>0</gpxtpx:cad></gpxtpx:TrackPointExtension></extensions></trkpt><trkpt lat="15.4692597874" lon="73.7783758901"><ele>1.10</ele><time>2026-02-21T04:58:47Z</time><extensions><gpxtpx:TrackPointExtension><gpxtpx:cad>0</gpxtpx:cad></gpxtpx:TrackPointExtension></extensions></trkpt><trkpt lat="15.4697364662" lon="73.7781900633"><ele>1.10</ele><time>2026-02-21T04:59:02Z</time><extensions><gpxtpx:TrackPointExtension><gpxtpx:cad>0</gpxtpx:cad></gpxtpx:TrackPointExtension></extensions></trkpt><trkpt lat="15.4700471833" lon="73.7779295538"><ele>1.10</ele><time>2026-02-21T04:59:14Z</time><extensions><gpxtpx:TrackPointExtension><gpxtpx:cad>0</gpxtpx:cad></gpxtpx:TrackPointExtension></extensions></trkpt><trkpt lat="15.4704419710" lon="73.7776076887"><ele>1.10</ele><time>2026-02-21T04:59:29Z</time><extensions><gpxtpx:TrackPointExtension><gpxtpx:cad>0</gpxtpx:cad></gpxtpx:TrackPointExtension></extensions></trkpt><trkpt lat="15.4709339887" lon="73.7772476859"><ele>2.54</ele><time>2026-02-21T04:59:47Z</time><extensions><gpxtpx:TrackPointExtension><gpxtpx:cad>0</gpxtpx:cad></gpxtpx:TrackPointExtension></extensions></trkpt><trkpt lat="15.4713295307" lon="73.7769916188"><ele>2.54</ele><time>2026-02-21T05:00:01Z</time><extensions><gpxtpx:TrackPointExtension><gpxtpx:cad>0</gpxtpx:cad></gpxtpx:TrackPointExtension></extensions></trkpt><trkpt lat="15.4718304332" lon="73.7766607851"><ele>2.06</ele><time>2026-02-21T05:00:19Z</time><extensions><gpxtpx:TrackPointExtension><gpxtpx:cad>0</gpxtpx:cad></gpxtpx:TrackPointExtension></extensions></trkpt><trkpt lat="15.4723442439" lon="73.7762670033"><ele>2.54</ele><time>2026-02-21T05:00:38Z</time><extensions><gpxtpx:TrackPointExtension><gpxtpx:cad>0</gpxtpx:cad></gpxtpx:TrackPointExtension></extensions></trkpt><trkpt lat="15.4728391115" lon="73.7758950982"><ele>1.58</ele><time>2026-02-21T05:00:56Z</time><extensions><gpxtpx:TrackPointExtension><gpxtpx:cad>0</gpxtpx:cad></gpxtpx:TrackPointExtension></extensions></trkpt><trkpt lat="15.4733188916" lon="73.7755653542"><ele>1.58</ele><time>2026-02-21T05:01:13Z</time><extensions><gpxtpx:TrackPointExtension><gpxtpx:cad>0</gpxtpx:cad></gpxtpx:TrackPointExtension></extensions></trkpt><trkpt lat="15.4738055449" lon="73.7753252964"><ele>1.58</ele><time>2026-02-21T05:01:29Z</time><extensions><gpxtpx:TrackPointExtension><gpxtpx:cad>0</gpxtpx:cad></gpxtpx:TrackPointExtension></extensions></trkpt><trkpt lat="15.4742295854" lon="73.7749642041"><ele>2.54</ele><time>2026-02-21T05:01:45Z</time><extensions><gpxtpx:TrackPointExtension><gpxtpx:cad>0</gpxtpx:cad></gpxtpx:TrackPointExtension></extensions></trkpt><trkpt lat="15.4746932723" lon="73.7746272516"><ele>2.54</ele><time>2026-02-21T05:02:02Z</time><extensions><gpxtpx:TrackPointExtension><gpxtpx:cad>0</gpxtpx:cad></gpxtpx:TrackPointExtension></extensions></trkpt><trkpt lat="15.4751116131" lon="73.7742684223"><ele>2.06</ele><time>2026-02-21T05:02:18Z</time><extensions><gpxtpx:TrackPointExtension><gpxtpx:cad>0</gpxtpx:cad></gpxtpx:TrackPointExtension></extensions></trkpt><trkpt lat="15.4755311273" lon="73.7739800010"><ele>2.06</ele><time>2026-02-21T05:02:33Z</time><extensions><gpxtpx:TrackPointExtension><gpxtpx:cad>0</gpxtpx:cad></gpxtpx:TrackPointExtension></extensions></trkpt><trkpt lat="15.4760144278" lon="73.7736493349"><ele>2.06</ele><time>2026-02-21T05:02:50Z</time><extensions><gpxtpx:TrackPointExtension><gpxtpx:cad>0</gpxtpx:cad></gpxtpx:TrackPointExtension></extensions></trkpt><trkpt lat="15.4763562419" lon="73.7733625062"><ele>1.10</ele><time>2026-02-21T05:03:03Z</time><extensions><gpxtpx:TrackPointExtension><gpxtpx:cad>0</gpxtpx:cad></gpxtpx:TrackPointExtension></extensions></trkpt><trkpt lat="15.4767658655" lon="73.7730477657"><ele>0.62</ele><time>2026-02-21T05:03:18Z</time><extensions><gpxtpx:TrackPointExtension><gpxtpx:cad>0</gpxtpx:cad></gpxtpx:TrackPointExtension></extensions></trkpt><trkpt lat="15.4772154707" lon="73.7727325223"><ele>0.14</ele><time>2026-02-21T05:03:34Z</time><extensions><gpxtpx:TrackPointExtension><gpxtpx:cad>0</gpxtpx:cad></gpxtpx:TrackPointExtension></extensions></trkpt><trkpt lat="15.4776687641" lon="73.7723752018"><ele>0.62</ele><time>2026-02-21T05:03:51Z</time><extensions><gpxtpx:TrackPointExtension><gpxtpx:cad>0</gpxtpx:cad></gpxtpx:TrackPointExtension></extensions></trkpt><trkpt lat="15.4781990033" lon="73.7720032129"><ele>0.62</ele><time>2026-02-21T05:04:10Z</time><extensions><gpxtpx:TrackPointExtension><gpxtpx:cad>0</gpxtpx:cad></gpxtpx:TrackPointExtension></extensions></trkpt><trkpt lat="15.4785636999" lon="73.7716911547"><ele>1.10</ele><time>2026-02-21T05:04:24Z</time><extensions><gpxtpx:TrackPointExtension><gpxtpx:cad>0</gpxtpx:cad></gpxtpx:TrackPointExtension></extensions></trkpt><trkpt lat="15.4790105391" lon="73.7713128794"><ele>1.10</ele><time>2026-02-21T05:04:41Z</time><extensions><gpxtpx:TrackPointExtension><gpxtpx:cad>0</gpxtpx:cad></gpxtpx:TrackPointExtension></extensions></trkpt><trkpt lat="15.4793837015" lon="73.7709156610"><ele>1.10</ele><time>2026-02-21T05:04:57Z</time><extensions><gpxtpx:TrackPointExtension><gpxtpx:cad>0</gpxtpx:cad></gpxtpx:TrackPointExtension></extensions></trkpt><trkpt lat="15.4797810875" lon="73.7706094701"><ele>0.62</ele><time>2026-02-21T05:05:12Z</time><extensions><gpxtpx:TrackPointExtension><gpxtpx:cad>0</gpxtpx:cad></gpxtpx:TrackPointExtension></extensions></trkpt><trkpt lat="15.4801988415" lon="73.7703779619"><ele>1.10</ele><time>2026-02-21T05:05:26Z</time><extensions><gpxtpx:TrackPointExtension><gpxtpx:cad>0</gpxtpx:cad></gpxtpx:TrackPointExtension></extensions></trkpt><trkpt lat="15.4806310125" lon="73.7700909656"><ele>1.10</ele><time>2026-02-21T05:05:41Z</time><extensions><gpxtpx:TrackPointExtension><gpxtpx:cad>0</gpxtpx:cad></gpxtpx:TrackPointExtension></extensions></trkpt><trkpt lat="15.4810237885" lon="73.7698211521"><ele>0.62</ele><time>2026-02-21T05:05:55Z</time><extensions><gpxtpx:TrackPointExtension><gpxtpx:cad>0</gpxtpx:cad></gpxtpx:TrackPointExtension></extensions></trkpt><trkpt lat="15.4814717174" lon="73.7695637438"><ele>0.62</ele><time>2026-02-21T05:06:10Z</time><extensions><gpxtpx:TrackPointExtension><gpxtpx:cad>0</gpxtpx:cad></gpxtpx:TrackPointExtension></extensions></trkpt><trkpt lat="15.4818797484" lon="73.7692351732"><ele>2.06</ele><time>2026-02-21T05:06:25Z</time><extensions><gpxtpx:TrackPointExtension><gpxtpx:cad>0</gpxtpx:cad></gpxtpx:TrackPointExtension></extensions></trkpt><trkpt lat="15.4823466204" lon="73.7689646892"><ele>2.54</ele><time>2026-02-21T05:06:41Z</time><extensions><gpxtpx:TrackPointExtension><gpxtpx:cad>0</gpxtpx:cad></gpxtpx:TrackPointExtension></extensions></trkpt><trkpt lat="15.4826663062" lon="73.7686519604"><ele>2.54</ele><time>2026-02-21T05:06:54Z</time><extensions><gpxtpx:TrackPointExtension><gpxtpx:cad>0</gpxtpx:cad></gpxtpx:TrackPointExtension></extensions></trkpt><trkpt lat="15.4830035940" lon="73.7683439255"><ele>3.50</ele><time>2026-02-21T05:07:07Z</time><extensions><gpxtpx:TrackPointExtension><gpxtpx:cad>0</gpxtpx:cad></gpxtpx:TrackPointExtension></extensions></trkpt><trkpt lat="15.4834174085" lon="73.7680299394"><ele>2.54</ele><time>2026-02-21T05:07:22Z</time><extensions><gpxtpx:TrackPointExtension><gpxtpx:cad>0</gpxtpx:cad></gpxtpx:TrackPointExtension></extensions></trkpt><trkpt lat="15.4838091787" lon="73.7677364890"><ele>2.06</ele><time>2026-02-21T05:07:36Z</time><extensions><gpxtpx:TrackPointExtension><gpxtpx:cad>0</gpxtpx:cad></gpxtpx:TrackPointExtension></extensions></trkpt><trkpt lat="15.4841989372" lon="73.7674404401"><ele>0.62</ele><time>2026-02-21T05:07:50Z</time><extensions><gpxtpx:TrackPointExtension><gpxtpx:cad>0</gpxtpx:cad></gpxtpx:TrackPointExtension></extensions></trkpt><trkpt lat="15.4846193735" lon="73.7671251968"><ele>-0.34</ele><time>2026-02-21T05:08:05Z</time><extensions><gpxtpx:TrackPointExtension><gpxtpx:cad>0</gpxtpx:cad></gpxtpx:TrackPointExtension></extensions></trkpt><trkpt lat="15.4850522149" lon="73.7668233644"><ele>0.14</ele><time>2026-02-21T05:08:20Z</time><extensions><gpxtpx:TrackPointExtension><gpxtpx:cad>0</gpxtpx:cad></gpxtpx:TrackPointExtension></extensions></trkpt><trkpt lat="15.4853998963" lon="73.7665939517"><ele>0.14</ele><time>2026-02-21T05:08:32Z</time><extensions><gpxtpx:TrackPointExtension><gpxtpx:cad>0</gpxtpx:cad></gpxtpx:TrackPointExtension></extensions></trkpt><trkpt lat="15.4858106934" lon="73.7664282415"><ele>1.10</ele><time>2026-02-21T05:08:45Z</time><extensions><gpxtpx:TrackPointExtension><gpxtpx:cad>0</gpxtpx:cad></gpxtpx:TrackPointExtension></extensions></trkpt><trkpt lat="15.4863048065" lon="73.7662165985"><ele>1.10</ele><time>2026-02-21T05:09:01Z</time><extensions><gpxtpx:TrackPointExtension><gpxtpx:cad>0</gpxtpx:cad></gpxtpx:TrackPointExtension></extensions></trkpt><trkpt lat="15.4866971634" lon="73.7660545763"><ele>1.58</ele><time>2026-02-21T05:09:14Z</time><extensions><gpxtpx:TrackPointExtension><gpxtpx:cad>0</gpxtpx:cad></gpxtpx:TrackPointExtension></extensions></trkpt><trkpt lat="15.4871834815" lon="73.7658255827"><ele>2.06</ele><time>2026-02-21T05:09:30Z</time><extensions><gpxtpx:TrackPointExtension><gpxtpx:cad>0</gpxtpx:cad></gpxtpx:TrackPointExtension></extensions></trkpt><trkpt lat="15.4876024090" lon="73.7655590381"><ele>1.58</ele><time>2026-02-21T05:09:45Z</time><extensions><gpxtpx:TrackPointExtension><gpxtpx:cad>0</gpxtpx:cad></gpxtpx:TrackPointExtension></extensions></trkpt><trkpt lat="15.4880758189" lon="73.7652991153"><ele>2.06</ele><time>2026-02-21T05:10:01Z</time><extensions><gpxtpx:TrackPointExtension><gpxtpx:cad>0</gpxtpx:cad></gpxtpx:TrackPointExtension></extensions></trkpt><trkpt lat="15.4885336384" lon="73.7650040723"><ele>2.54</ele><time>2026-02-21T05:10:17Z</time><extensions><gpxtpx:TrackPointExtension><gpxtpx:cad>0</gpxtpx:cad></gpxtpx:TrackPointExtension></extensions></trkpt><trkpt lat="15.4890214652" lon="73.7646208517"><ele>1.58</ele><time>2026-02-21T05:10:36Z</time><extensions><gpxtpx:TrackPointExtension><gpxtpx:cad>0</gpxtpx:cad></gpxtpx:TrackPointExtension></extensions></trkpt><trkpt lat="15.4894232936" lon="73.7642638665"><ele>1.10</ele><time>2026-02-21T05:10:52Z</time><extensions><gpxtpx:TrackPointExtension><gpxtpx:cad>0</gpxtpx:cad></gpxtpx:TrackPointExtension></extensions></trkpt><trkpt lat="15.4898254573" lon="73.7640297599"><ele>2.06</ele><time>2026-02-21T05:11:06Z</time><extensions><gpxtpx:TrackPointExtension><gpxtpx:cad>0</gpxtpx:cad></gpxtpx:TrackPointExtension></extensions></trkpt><trkpt lat="15.4903004598" lon="73.7636949867"><ele>2.06</ele><time>2026-02-21T05:11:23Z</time><extensions><gpxtpx:TrackPointExtension><gpxtpx:cad>0</gpxtpx:cad></gpxtpx:TrackPointExtension></extensions></trkpt><trkpt lat="15.4907688405" lon="73.7634397577"><ele>1.58</ele><time>2026-02-21T05:11:39Z</time><extensions><gpxtpx:TrackPointExtension><gpxtpx:cad>0</gpxtpx:cad></gpxtpx:TrackPointExtension></extensions></trkpt><trkpt lat="15.4913279135" lon="73.7631363329"><ele>1.10</ele><time>2026-02-21T05:11:58Z</time><extensions><gpxtpx:TrackPointExtension><gpxtpx:cad>0</gpxtpx:cad></gpxtpx:TrackPointExtension></extensions></trkpt><trkpt lat="15.4918097053" lon="73.7627939321"><ele>1.58</ele><time>2026-02-21T05:12:16Z</time><extensions><gpxtpx:TrackPointExtension><gpxtpx:cad>0</gpxtpx:cad></gpxtpx:TrackPointExtension></extensions></trkpt><trkpt lat="15.4923557863" lon="73.7624220271"><ele>1.58</ele><time>2026-02-21T05:12:36Z</time><extensions><gpxtpx:TrackPointExtension><gpxtpx:cad>0</gpxtpx:cad></gpxtpx:TrackPointExtension></extensions></trkpt><trkpt lat="15.4928313754" lon="73.7621806283"><ele>1.58</ele><time>2026-02-21T05:12:52Z</time><extensions><gpxtpx:TrackPointExtension><gpxtpx:cad>0</gpxtpx:cad></gpxtpx:TrackPointExtension></extensions></trkpt><trkpt lat="15.4933517240" lon="73.7619656324"><ele>1.58</ele><time>2026-02-21T05:13:09Z</time><extensions><gpxtpx:TrackPointExtension><gpxtpx:cad>0</gpxtpx:cad></gpxtpx:TrackPointExtension></extensions></trkpt><trkpt lat="15.4937919416" lon="73.7618041132"><ele>1.58</ele><time>2026-02-21T05:13:23Z</time><extensions><gpxtpx:TrackPointExtension><gpxtpx:cad>0</gpxtpx:cad></gpxtpx:TrackPointExtension></extensions></trkpt><trkpt lat="15.4943013936" lon="73.7616744451"><ele>1.58</ele><time>2026-02-21T05:13:39Z</time><extensions><gpxtpx:TrackPointExtension><gpxtpx:cad>0</gpxtpx:cad></gpxtpx:TrackPointExtension></extensions></trkpt><trkpt lat="15.4947906453" lon="73.7615714315"><ele>1.58</ele><time>2026-02-21T05:13:54Z</time><extensions><gpxtpx:TrackPointExtension><gpxtpx:cad>0</gpxtpx:cad></gpxtpx:TrackPointExtension></extensions></trkpt><trkpt lat="15.4953212198" lon="73.7613704335"><ele>3.02</ele><time>2026-02-21T05:14:11Z</time><extensions><gpxtpx:TrackPointExtension><gpxtpx:cad>0</gpxtpx:cad></gpxtpx:TrackPointExtension></extensions></trkpt><trkpt lat="15.4959536344" lon="73.7612134404"><ele>3.02</ele><time>2026-02-21T05:14:31Z</time><extensions><gpxtpx:TrackPointExtension><gpxtpx:cad>0</gpxtpx:cad></gpxtpx:TrackPointExtension></extensions></trkpt><trkpt lat="15.4965189099" lon="73.7610078324"><ele>3.02</ele><time>2026-02-21T05:14:49Z</time><extensions><gpxtpx:TrackPointExtension><gpxtpx:cad>0</gpxtpx:cad></gpxtpx:TrackPointExtension></extensions></trkpt><trkpt lat="15.4970550165" lon="73.7606754061"><ele>2.06</ele><time>2026-02-21T05:15:08Z</time><extensions><gpxtpx:TrackPointExtension><gpxtpx:cad>0</gpxtpx:cad></gpxtpx:TrackPointExtension></extensions></trkpt><trkpt lat="15.4976290930" lon="73.7603898346"><ele>2.54</ele><time>2026-02-21T05:15:27Z</time><extensions><gpxtpx:TrackPointExtension><gpxtpx:cad>0</gpxtpx:cad></gpxtpx:TrackPointExtension></extensions></trkpt><trkpt lat="15.4982518684" lon="73.7601573206"><ele>3.02</ele><time>2026-02-21T05:15:47Z</time><extensions><gpxtpx:TrackPointExtension><gpxtpx:cad>0</gpxtpx:cad></gpxtpx:TrackPointExtension></extensions></trkpt><trkpt lat="15.4988112766" lon="73.7600598391"><ele>1.10</ele><time>2026-02-21T05:16:04Z</time><extensions><gpxtpx:TrackPointExtension><gpxtpx:cad>0</gpxtpx:cad></gpxtpx:TrackPointExtension></extensions></trkpt><trkpt lat="15.4993816651" lon="73.7599844020"><ele>1.58</ele><time>2026-02-21T05:16:21Z</time><extensions><gpxtpx:TrackPointExtension><gpxtpx:cad>0</gpxtpx:cad></gpxtpx:TrackPointExtension></extensions></trkpt><trkpt lat="15.4998180270" lon="73.7598924525"><ele>2.06</ele><time>2026-02-21T05:16:34Z</time><extensions><gpxtpx:TrackPointExtension><gpxtpx:cad>0</gpxtpx:cad></gpxtpx:TrackPointExtension></extensions></trkpt><trkpt lat="15.5002989806" lon="73.7597241439"><ele>1.58</ele><time>2026-02-21T05:16:49Z</time><extensions><gpxtpx:TrackPointExtension><gpxtpx:cad>0</gpxtpx:cad></gpxtpx:TrackPointExtension></extensions></trkpt><trkpt lat="15.5008828640" lon="73.7595621217"><ele>1.58</ele><time>2026-02-21T05:17:07Z</time><extensions><gpxtpx:TrackPointExtension><gpxtpx:cad>0</gpxtpx:cad></gpxtpx:TrackPointExtension></extensions></trkpt><trkpt lat="15.5013515800" lon="73.7593804859"><ele>1.10</ele><time>2026-02-21T05:17:22Z</time><extensions><gpxtpx:TrackPointExtension><gpxtpx:cad>0</gpxtpx:cad></gpxtpx:TrackPointExtension></extensions></trkpt><trkpt lat="15.5017898697" lon="73.7591129355"><ele>1.10</ele><time>2026-02-21T05:17:37Z</time><extensions><gpxtpx:TrackPointExtension><gpxtpx:cad>0</gpxtpx:cad></gpxtpx:TrackPointExtension></extensions></trkpt><trkpt lat="15.5021184403" lon="73.7590126880"><ele>1.10</ele><time>2026-02-21T05:17:48Z</time><extensions><gpxtpx:TrackPointExtension><gpxtpx:cad>0</gpxtpx:cad></gpxtpx:TrackPointExtension></extensions></trkpt><trkpt lat="15.5025925208" lon="73.7588462234"><ele>1.10</ele><time>2026-02-21T05:18:03Z</time><extensions><gpxtpx:TrackPointExtension><gpxtpx:cad>0</gpxtpx:cad></gpxtpx:TrackPointExtension></extensions></trkpt><trkpt lat="15.5033044796" lon="73.7585814390"><ele>0.62</ele><time>2026-02-21T05:18:25Z</time><extensions><gpxtpx:TrackPointExtension><gpxtpx:cad>0</gpxtpx:cad></gpxtpx:TrackPointExtension></extensions></trkpt><trkpt lat="15.5038627144" lon="73.7585004698"><ele>0.14</ele><time>2026-02-21T05:18:42Z</time><extensions><gpxtpx:TrackPointExtension><gpxtpx:cad>0</gpxtpx:cad></gpxtpx:TrackPointExtension></extensions></trkpt><trkpt lat="15.5044430774" lon="73.7583682872"><ele>1.10</ele><time>2026-02-21T05:19:00Z</time><extensions><gpxtpx:TrackPointExtension><gpxtpx:cad>0</gpxtpx:cad></gpxtpx:TrackPointExtension></extensions></trkpt><trkpt lat="15.5049634259" lon="73.7582062650"><ele>1.10</ele><time>2026-02-21T05:19:16Z</time><extensions><gpxtpx:TrackPointExtension><gpxtpx:cad>0</gpxtpx:cad></gpxtpx:TrackPointExtension></extensions></trkpt><trkpt lat="15.5055272765" lon="73.7580890022"><ele>2.54</ele><time>2026-02-21T05:19:33Z</time><extensions><gpxtpx:TrackPointExtension><gpxtpx:cad>0</gpxtpx:cad></gpxtpx:TrackPointExtension></extensions></trkpt><trkpt lat="15.5061462801" lon="73.7579879165"><ele>2.06</ele><time>2026-02-21T05:19:52Z</time><extensions><gpxtpx:TrackPointExtension><gpxtpx:cad>0</gpxtpx:cad></gpxtpx:TrackPointExtension></extensions></trkpt><trkpt lat="15.5067229550" lon="73.7578859087"><ele>2.06</ele><time>2026-02-21T05:20:10Z</time><extensions><gpxtpx:TrackPointExtension><gpxtpx:cad>0</gpxtpx:cad></gpxtpx:TrackPointExtension></extensions></trkpt><trkpt lat="15.5072091892" lon="73.7577473558"><ele>1.58</ele><time>2026-02-21T05:20:25Z</time><extensions><gpxtpx:TrackPointExtension><gpxtpx:cad>0</gpxtpx:cad></gpxtpx:TrackPointExtension></extensions></trkpt><trkpt lat="15.5077821761" lon="73.7575779576"><ele>1.58</ele><time>2026-02-21T05:20:43Z</time><extensions><gpxtpx:TrackPointExtension><gpxtpx:cad>0</gpxtpx:cad></gpxtpx:TrackPointExtension></extensions></trkpt><trkpt lat="15.5083521456" lon="73.7573575974"><ele>1.10</ele><time>2026-02-21T05:21:01Z</time><extensions><gpxtpx:TrackPointExtension><gpxtpx:cad>0</gpxtpx:cad></gpxtpx:TrackPointExtension></extensions></trkpt><trkpt lat="15.5087819695" lon="73.7571620476"><ele>0.62</ele><time>2026-02-21T05:21:15Z</time><extensions><gpxtpx:TrackPointExtension><gpxtpx:cad>0</gpxtpx:cad></gpxtpx:TrackPointExtension></extensions></trkpt><trkpt lat="15.5093300622" lon="73.7568287831"><ele>0.62</ele><time>2026-02-21T05:21:34Z</time><extensions><gpxtpx:TrackPointExtension><gpxtpx:cad>0</gpxtpx:cad></gpxtpx:TrackPointExtension></extensions></trkpt><trkpt lat="15.5098331440" lon="73.7565363385"><ele>0.14</ele><time>2026-02-21T05:21:51Z</time><extensions><gpxtpx:TrackPointExtension><gpxtpx:cad>0</gpxtpx:cad></gpxtpx:TrackPointExtension></extensions></trkpt><trkpt lat="15.5102700926" lon="73.7562941015"><ele>0.62</ele><time>2026-02-21T05:22:06Z</time><extensions><gpxtpx:TrackPointExtension><gpxtpx:cad>0</gpxtpx:cad></gpxtpx:TrackPointExtension></extensions></trkpt><trkpt lat="15.5107066222" lon="73.7560460810"><ele>1.10</ele><time>2026-02-21T05:22:21Z</time><extensions><gpxtpx:TrackPointExtension><gpxtpx:cad>0</gpxtpx:cad></gpxtpx:TrackPointExtension></extensions></trkpt><trkpt lat="15.5112891644" lon="73.7557656225"><ele>2.06</ele><time>2026-02-21T05:22:40Z</time><extensions><gpxtpx:TrackPointExtension><gpxtpx:cad>0</gpxtpx:cad></gpxtpx:TrackPointExtension></extensions></trkpt><trkpt lat="15.5118898116" lon="73.7554386444"><ele>3.02</ele><time>2026-02-21T05:23:00Z</time><extensions><gpxtpx:TrackPointExtension><gpxtpx:cad>0</gpxtpx:cad></gpxtpx:TrackPointExtension></extensions></trkpt><trkpt lat="15.5124248285" lon="73.7550907955"><ele>3.02</ele><time>2026-02-21T05:23:19Z</time><extensions><gpxtpx:TrackPointExtension><gpxtpx:cad>0</gpxtpx:cad></gpxtpx:TrackPointExtension></extensions></trkpt><trkpt lat="15.5128864199" lon="73.7548239995"><ele>2.54</ele><time>2026-02-21T05:23:35Z</time><extensions><gpxtpx:TrackPointExtension><gpxtpx:cad>0</gpxtpx:cad></gpxtpx:TrackPointExtension></extensions></trkpt><trkpt lat="15.5132851470" lon="73.7546399329"><ele>1.10</ele><time>2026-02-21T05:23:49Z</time><extensions><gpxtpx:TrackPointExtension><gpxtpx:cad>0</gpxtpx:cad></gpxtpx:TrackPointExtension></extensions></trkpt><trkpt lat="15.5138248578" lon="73.7543691974"><ele>1.58</ele><time>2026-02-21T05:24:07Z</time><extensions><gpxtpx:TrackPointExtension><gpxtpx:cad>0</gpxtpx:cad></gpxtpx:TrackPointExtension></extensions></trkpt><trkpt lat="15.5142851919" lon="73.7540152296"><ele>1.10</ele><time>2026-02-21T05:24:25Z</time><extensions><gpxtpx:TrackPointExtension><gpxtpx:cad>0</gpxtpx:cad></gpxtpx:TrackPointExtension></extensions></trkpt><trkpt lat="15.5147765391" lon="73.7536871620"><ele>0.62</ele><time>2026-02-21T05:24:43Z</time><extensions><gpxtpx:TrackPointExtension><gpxtpx:cad>0</gpxtpx:cad></gpxtpx:TrackPointExtension></extensions></trkpt><trkpt lat="15.5152711552" lon="73.7534771953"><ele>1.58</ele><time>2026-02-21T05:25:00Z</time><extensions><gpxtpx:TrackPointExtension><gpxtpx:cad>0</gpxtpx:cad></gpxtpx:TrackPointExtension></extensions></trkpt><trkpt lat="15.5158302281" lon="73.7532661390"><ele>1.10</ele><time>2026-02-21T05:25:18Z</time><extensions><gpxtpx:TrackPointExtension><gpxtpx:cad>0</gpxtpx:cad></gpxtpx:TrackPointExtension></extensions></trkpt><trkpt lat="15.5162535980" lon="73.7530854251"><ele>1.10</ele><time>2026-02-21T05:25:32Z</time><extensions><gpxtpx:TrackPointExtension><gpxtpx:cad>0</gpxtpx:cad></gpxtpx:TrackPointExtension></extensions></trkpt><trkpt lat="15.5167268403" lon="73.7528385781"><ele>0.62</ele><time>2026-02-21T05:25:48Z</time><extensions><gpxtpx:TrackPointExtension><gpxtpx:cad>0</gpxtpx:cad></gpxtpx:TrackPointExtension></extensions></trkpt><trkpt lat="15.5173948780" lon="73.7526538409"><ele>1.10</ele><time>2026-02-21T05:26:09Z</time><extensions><gpxtpx:TrackPointExtension><gpxtpx:cad>0</gpxtpx:cad></gpxtpx:TrackPointExtension></extensions></trkpt><trkpt lat="15.5179753248" lon="73.7524912320"><ele>1.10</ele><time>2026-02-21T05:26:27Z</time><extensions><gpxtpx:TrackPointExtension><gpxtpx:cad>0</gpxtpx:cad></gpxtpx:TrackPointExtension></extensions></trkpt><trkpt lat="15.5186236650" lon="73.7523682695"><ele>1.10</ele><time>2026-02-21T05:26:47Z</time><extensions><gpxtpx:TrackPointExtension><gpxtpx:cad>0</gpxtpx:cad></gpxtpx:TrackPointExtension></extensions></trkpt><trkpt lat="15.5192787945" lon="73.7522316445"><ele>1.58</ele><time>2026-02-21T05:27:07Z</time><extensions><gpxtpx:TrackPointExtension><gpxtpx:cad>0</gpxtpx:cad></gpxtpx:TrackPointExtension></extensions></trkpt><trkpt lat="15.5198912602" lon="73.7520732265"><ele>1.58</ele><time>2026-02-21T05:27:26Z</time><extensions><gpxtpx:TrackPointExtension><gpxtpx:cad>0</gpxtpx:cad></gpxtpx:TrackPointExtension></extensions></trkpt><trkpt lat="15.5205399357" lon="73.7519253697"><ele>1.58</ele><time>2026-02-21T05:27:46Z</time><extensions><gpxtpx:TrackPointExtension><gpxtpx:cad>0</gpxtpx:cad></gpxtpx:TrackPointExtension></extensions></trkpt><trkpt lat="15.5210588593" lon="73.7519098632"><ele>1.10</ele><time>2026-02-21T05:28:02Z</time><extensions><gpxtpx:TrackPointExtension><gpxtpx:cad>0</gpxtpx:cad></gpxtpx:TrackPointExtension></extensions></trkpt><trkpt lat="15.5217855703" lon="73.7517715618"><ele>2.06</ele><time>2026-02-21T05:28:24Z</time><extensions><gpxtpx:TrackPointExtension><gpxtpx:cad>0</gpxtpx:cad></gpxtpx:TrackPointExtension></extensions></trkpt><trkpt lat="15.5224323180" lon="73.7516081147"><ele>2.06</ele><time>2026-02-21T05:28:44Z</time><extensions><gpxtpx:TrackPointExtension><gpxtpx:cad>0</gpxtpx:cad></gpxtpx:TrackPointExtension></extensions></trkpt><trkpt lat="15.5231352244" lon="73.7513419893"><ele>2.06</ele><time>2026-02-21T05:29:06Z</time><extensions><gpxtpx:TrackPointExtension><gpxtpx:cad>0</gpxtpx:cad></gpxtpx:TrackPointExtension></extensions></trkpt><trkpt lat="15.5236538127" lon="73.7511156779"><ele>2.54</ele><time>2026-02-21T05:29:23Z</time><extensions><gpxtpx:TrackPointExtension><gpxtpx:cad>0</gpxtpx:cad></gpxtpx:TrackPointExtension></extensions></trkpt><trkpt lat="15.5241806991" lon="73.7508443557"><ele>2.06</ele><time>2026-02-21T05:29:41Z</time><extensions><gpxtpx:TrackPointExtension><gpxtpx:cad>0</gpxtpx:cad></gpxtpx:TrackPointExtension></extensions></trkpt><trkpt lat="15.5248623155" lon="73.7505901325"><ele>2.06</ele><time>2026-02-21T05:30:03Z</time><extensions><gpxtpx:TrackPointExtension><gpxtpx:cad>0</gpxtpx:cad></gpxtpx:TrackPointExtension></extensions></trkpt><trkpt lat="15.5255790520" lon="73.7502911501"><ele>1.58</ele><time>2026-02-21T05:30:26Z</time><extensions><gpxtpx:TrackPointExtension><gpxtpx:cad>0</gpxtpx:cad></gpxtpx:TrackPointExtension></extensions></trkpt><trkpt lat="15.5262559745" lon="73.7501055747"><ele>2.06</ele><time>2026-02-21T05:30:47Z</time><extensions><gpxtpx:TrackPointExtension><gpxtpx:cad>0</gpxtpx:cad></gpxtpx:TrackPointExtension></extensions></trkpt><trkpt lat="15.5268694460" lon="73.7498341687"><ele>2.54</ele><time>2026-02-21T05:31:07Z</time><extensions><gpxtpx:TrackPointExtension><gpxtpx:cad>0</gpxtpx:cad></gpxtpx:TrackPointExtension></extensions></trkpt><trkpt lat="15.5274903774" lon="73.7496118806"><ele>3.50</ele><time>2026-02-21T05:31:27Z</time><extensions><gpxtpx:TrackPointExtension><gpxtpx:cad>0</gpxtpx:cad></gpxtpx:TrackPointExtension></extensions></trkpt><trkpt lat="15.5282623507" lon="73.7493683863"><ele>5.91</ele><time>2026-02-21T05:31:51Z</time><extensions><gpxtpx:TrackPointExtension><gpxtpx:cad>0</gpxtpx:cad></gpxtpx:TrackPointExtension></extensions></trkpt><trkpt lat="15.5288315658" lon="73.7491889298"><ele>6.39</ele><time>2026-02-21T05:32:09Z</time><extensions><gpxtpx:TrackPointExtension><gpxtpx:cad>0</gpxtpx:cad></gpxtpx:TrackPointExtension></extensions></trkpt><trkpt lat="15.5293959193" lon="73.7489564996"><ele>5.42</ele><time>2026-02-21T05:32:27Z</time><extensions><gpxtpx:TrackPointExtension><gpxtpx:cad>0</gpxtpx:cad></gpxtpx:TrackPointExtension></extensions></trkpt><trkpt lat="15.5299232248" lon="73.7487529032"><ele>4.46</ele><time>2026-02-21T05:32:44Z</time><extensions><gpxtpx:TrackPointExtension><gpxtpx:cad>0</gpxtpx:cad></gpxtpx:TrackPointExtension></extensions></trkpt><trkpt lat="15.5305666197" lon="73.7484529987"><ele>4.46</ele><time>2026-02-21T05:33:05Z</time><extensions><gpxtpx:TrackPointExtension><gpxtpx:cad>0</gpxtpx:cad></gpxtpx:TrackPointExtension></extensions></trkpt><trkpt lat="15.5311990343" lon="73.7482281122"><ele>4.94</ele><time>2026-02-21T05:33:25Z</time><extensions><gpxtpx:TrackPointExtension><gpxtpx:cad>0</gpxtpx:cad></gpxtpx:TrackPointExtension></extensions></trkpt><trkpt lat="15.5317711830" lon="73.7480401061"><ele>3.02</ele><time>2026-02-21T05:33:43Z</time><extensions><gpxtpx:TrackPointExtension><gpxtpx:cad>0</gpxtpx:cad></gpxtpx:TrackPointExtension></extensions></trkpt><trkpt lat="15.5322457664" lon="73.7477975339"><ele>2.06</ele><time>2026-02-21T05:33:59Z</time><extensions><gpxtpx:TrackPointExtension><gpxtpx:cad>0</gpxtpx:cad></gpxtpx:TrackPointExtension></extensions></trkpt><trkpt lat="15.5327700544" lon="73.7475508545"><ele>2.54</ele><time>2026-02-21T05:34:16Z</time><extensions><gpxtpx:TrackPointExtension><gpxtpx:cad>0</gpxtpx:cad></gpxtpx:TrackPointExtension></extensions></trkpt><trkpt lat="15.5331919994" lon="73.7474403810"><ele>1.58</ele><time>2026-02-21T05:34:29Z</time><extensions><gpxtpx:TrackPointExtension><gpxtpx:cad>0</gpxtpx:cad></gpxtpx:TrackPointExtension></extensions></trkpt><trkpt lat="15.5337818339" lon="73.7472044304"><ele>1.10</ele><time>2026-02-21T05:34:48Z</time><extensions><gpxtpx:TrackPointExtension><gpxtpx:cad>0</gpxtpx:cad></gpxtpx:TrackPointExtension></extensions></trkpt><trkpt lat="15.5342217162" lon="73.7470398098"><ele>1.58</ele><time>2026-02-21T05:35:02Z</time><extensions><gpxtpx:TrackPointExtension><gpxtpx:cad>0</gpxtpx:cad></gpxtpx:TrackPointExtension></extensions></trkpt><trkpt lat="15.5346716568" lon="73.7468026858"><ele>0.62</ele><time>2026-02-21T05:35:17Z</time><extensions><gpxtpx:TrackPointExtension><gpxtpx:cad>0</gpxtpx:cad></gpxtpx:TrackPointExtension></extensions></trkpt><trkpt lat="15.5350816995" lon="73.7465863489"><ele>0.14</ele><time>2026-02-21T05:35:31Z</time><extensions><gpxtpx:TrackPointExtension><gpxtpx:cad>0</gpxtpx:cad></gpxtpx:TrackPointExtension></extensions></trkpt><trkpt lat="15.5356345698" lon="73.7463269290"><ele>0.14</ele><time>2026-02-21T05:35:49Z</time><extensions><gpxtpx:TrackPointExtension><gpxtpx:cad>0</gpxtpx:cad></gpxtpx:TrackPointExtension></extensions></trkpt><trkpt lat="15.5361016933" lon="73.7461509090"><ele>0.14</ele><time>2026-02-21T05:36:04Z</time><extensions><gpxtpx:TrackPointExtension><gpxtpx:cad>0</gpxtpx:cad></gpxtpx:TrackPointExtension></extensions></trkpt><trkpt lat="15.5365760252" lon="73.7459692731"><ele>0.14</ele><time>2026-02-21T05:36:19Z</time><extensions><gpxtpx:TrackPointExtension><gpxtpx:cad>0</gpxtpx:cad></gpxtpx:TrackPointExtension></extensions></trkpt><trkpt lat="15.5371538736" lon="73.7457655091"><ele>-0.34</ele><time>2026-02-21T05:36:37Z</time><extensions><gpxtpx:TrackPointExtension><gpxtpx:cad>0</gpxtpx:cad></gpxtpx:TrackPointExtension></extensions></trkpt><trkpt lat="15.5377395172" lon="73.7455956079"><ele>-0.34</ele><time>2026-02-21T05:36:55Z</time><extensions><gpxtpx:TrackPointExtension><gpxtpx:cad>0</gpxtpx:cad></gpxtpx:TrackPointExtension></extensions></trkpt><trkpt lat="15.5381507333" lon="73.7454705499"><ele>-0.34</ele><time>2026-02-21T05:37:08Z</time><extensions><gpxtpx:TrackPointExtension><gpxtpx:cad>0</gpxtpx:cad></gpxtpx:TrackPointExtension></extensions></trkpt><trkpt lat="15.5386963114" lon="73.7453042530"><ele>-0.34</ele><time>2026-02-21T05:37:25Z</time><extensions><gpxtpx:TrackPointExtension><gpxtpx:cad>0</gpxtpx:cad></gpxtpx:TrackPointExtension></extensions></trkpt><trkpt lat="15.5392415542" lon="73.7451584078"><ele>-0.34</ele><time>2026-02-21T05:37:42Z</time><extensions><gpxtpx:TrackPointExtension><gpxtpx:cad>0</gpxtpx:cad></gpxtpx:TrackPointExtension></extensions></trkpt><trkpt lat="15.5396909080" lon="73.7450241297"><ele>0.14</ele><time>2026-02-21T05:37:56Z</time><extensions><gpxtpx:TrackPointExtension><gpxtpx:cad>0</gpxtpx:cad></gpxtpx:TrackPointExtension></extensions></trkpt><trkpt lat="15.5403436907" lon="73.7448196951"><ele>0.62</ele><time>2026-02-21T05:38:16Z</time><extensions><gpxtpx:TrackPointExtension><gpxtpx:cad>0</gpxtpx:cad></gpxtpx:TrackPointExtension></extensions></trkpt><trkpt lat="15.5407888535" lon="73.7446572538"><ele>1.10</ele><time>2026-02-21T05:38:30Z</time><extensions><gpxtpx:TrackPointExtension><gpxtpx:cad>0</gpxtpx:cad></gpxtpx:TrackPointExtension></extensions></trkpt><trkpt lat="15.5415220186" lon="73.7443933077"><ele>1.10</ele><time>2026-02-21T05:38:53Z</time><extensions><gpxtpx:TrackPointExtension><gpxtpx:cad>0</gpxtpx:cad></gpxtpx:TrackPointExtension></extensions></trkpt><trkpt lat="15.5421647429" lon="73.7442271784"><ele>1.10</ele><time>2026-02-21T05:39:13Z</time><extensions><gpxtpx:TrackPointExtension><gpxtpx:cad>0</gpxtpx:cad></gpxtpx:TrackPointExtension></extensions></trkpt><trkpt lat="15.5428181123" lon="73.7439391762"><ele>0.62</ele><time>2026-02-21T05:39:34Z</time><extensions><gpxtpx:TrackPointExtension><gpxtpx:cad>0</gpxtpx:cad></gpxtpx:TrackPointExtension></extensions></trkpt><trkpt lat="15.5435914267" lon="73.7436811812"><ele>1.10</ele><time>2026-02-21T05:39:58Z</time><extensions><gpxtpx:TrackPointExtension><gpxtpx:cad>0</gpxtpx:cad></gpxtpx:TrackPointExtension></extensions></trkpt><trkpt lat="15.5441977736" lon="73.7433581427"><ele>1.10</ele><time>2026-02-21T05:40:19Z</time><extensions><gpxtpx:TrackPointExtension><gpxtpx:cad>0</gpxtpx:cad></gpxtpx:TrackPointExtension></extensions></trkpt><trkpt lat="15.5448379833" lon="73.7430523708"><ele>0.62</ele><time>2026-02-21T05:40:40Z</time><extensions><gpxtpx:TrackPointExtension><gpxtpx:cad>0</gpxtpx:cad></gpxtpx:TrackPointExtension></extensions></trkpt><trkpt lat="15.5457166582" lon="73.7426841538"><ele>2.06</ele><time>2026-02-21T05:41:08Z</time><extensions><gpxtpx:TrackPointExtension><gpxtpx:cad>0</gpxtpx:cad></gpxtpx:TrackPointExtension></extensions></trkpt><trkpt lat="15.5464087520" lon="73.7423208822"><ele>3.50</ele><time>2026-02-21T05:41:31Z</time><extensions><gpxtpx:TrackPointExtension><gpxtpx:cad>0</gpxtpx:cad></gpxtpx:TrackPointExtension></extensions></trkpt><trkpt lat="15.5470591877" lon="73.7421995122"><ele>4.46</ele><time>2026-02-21T05:41:51Z</time><extensions><gpxtpx:TrackPointExtension><gpxtpx:cad>0</gpxtpx:cad></gpxtpx:TrackPointExtension></extensions></trkpt><trkpt lat="15.5475807935" lon="73.7421371508"><ele>2.54</ele><time>2026-02-21T05:42:07Z</time><extensions><gpxtpx:TrackPointExtension><gpxtpx:cad>0</gpxtpx:cad></gpxtpx:TrackPointExtension></extensions></trkpt><trkpt lat="15.5481016450" lon="73.7420655694"><ele>1.58</ele><time>2026-02-21T05:42:23Z</time><extensions><gpxtpx:TrackPointExtension><gpxtpx:cad>0</gpxtpx:cad></gpxtpx:TrackPointExtension></extensions></trkpt><trkpt lat="15.5486532580" lon="73.7419464625"><ele>0.62</ele><time>2026-02-21T05:42:40Z</time><extensions><gpxtpx:TrackPointExtension><gpxtpx:cad>0</gpxtpx:cad></gpxtpx:TrackPointExtension></extensions></trkpt><trkpt lat="15.5492010154" lon="73.7417931575"><ele>1.10</ele><time>2026-02-21T05:42:57Z</time><extensions><gpxtpx:TrackPointExtension><gpxtpx:cad>0</gpxtpx:cad></gpxtpx:TrackPointExtension></extensions></trkpt><trkpt lat="15.5496246368" lon="73.7416974362"><ele>0.62</ele><time>2026-02-21T05:43:10Z</time><extensions><gpxtpx:TrackPointExtension><gpxtpx:cad>0</gpxtpx:cad></gpxtpx:TrackPointExtension></extensions></trkpt><trkpt lat="15.5500885751" lon="73.7415090110"><ele>-0.34</ele><time>2026-02-21T05:43:25Z</time><extensions><gpxtpx:TrackPointExtension><gpxtpx:cad>0</gpxtpx:cad></gpxtpx:TrackPointExtension></extensions></trkpt><trkpt lat="15.5505562853" lon="73.7414680235"><ele>-0.82</ele><time>2026-02-21T05:43:39Z</time><extensions><gpxtpx:TrackPointExtension><gpxtpx:cad>0</gpxtpx:cad></gpxtpx:TrackPointExtension></extensions></trkpt><trkpt lat="15.5510543380" lon="73.7415347435"><ele>-0.34</ele><time>2026-02-21T05:43:54Z</time><extensions><gpxtpx:TrackPointExtension><gpxtpx:cad>0</gpxtpx:cad></gpxtpx:TrackPointExtension></extensions></trkpt><trkpt lat="15.5516051967" lon="73.7416442111"><ele>-0.82</ele><time>2026-02-21T05:44:11Z</time><extensions><gpxtpx:TrackPointExtension><gpxtpx:cad>0</gpxtpx:cad></gpxtpx:TrackPointExtension></extensions></trkpt><trkpt lat="15.5520648602" lon="73.7416865397"><ele>-0.82</ele><time>2026-02-21T05:44:25Z</time><extensions><gpxtpx:TrackPointExtension><gpxtpx:cad>0</gpxtpx:cad></gpxtpx:TrackPointExtension></extensions></trkpt><trkpt lat="15.5525228474" lon="73.7417404354"><ele>-1.30</ele><time>2026-02-21T05:44:39Z</time><extensions><gpxtpx:TrackPointExtension><gpxtpx:cad>0</gpxtpx:cad></gpxtpx:TrackPointExtension></extensions></trkpt><trkpt lat="15.5530052260" lon="73.7418168783"><ele>-1.79</ele><time>2026-02-21T05:44:54Z</time><extensions><gpxtpx:TrackPointExtension><gpxtpx:cad>0</gpxtpx:cad></gpxtpx:TrackPointExtension></extensions></trkpt><trkpt lat="15.5534569267" lon="73.7419392541"><ele>-1.30</ele><time>2026-02-21T05:45:08Z</time><extensions><gpxtpx:TrackPointExtension><gpxtpx:cad>0</gpxtpx:cad></gpxtpx:TrackPointExtension></extensions></trkpt><trkpt lat="15.5538615212" lon="73.7420458719"><ele>-1.30</ele><time>2026-02-21T05:45:21Z</time><extensions><gpxtpx:TrackPointExtension><gpxtpx:cad>0</gpxtpx:cad></gpxtpx:TrackPointExtension></extensions></trkpt><trkpt lat="15.5543576460" lon="73.7421195488"><ele>-1.79</ele><time>2026-02-21T05:45:36Z</time><extensions><gpxtpx:TrackPointExtension><gpxtpx:cad>0</gpxtpx:cad></gpxtpx:TrackPointExtension></extensions></trkpt><trkpt lat="15.5548318103" lon="73.7422213051"><ele>-0.82</ele><time>2026-02-21T05:45:51Z</time><extensions><gpxtpx:TrackPointExtension><gpxtpx:cad>0</gpxtpx:cad></gpxtpx:TrackPointExtension></extensions></trkpt><trkpt lat="15.5554272607" lon="73.7423146795"><ele>-0.34</ele><time>2026-02-21T05:46:09Z</time><extensions><gpxtpx:TrackPointExtension><gpxtpx:cad>0</gpxtpx:cad></gpxtpx:TrackPointExtension></extensions></trkpt><trkpt lat="15.5560410675" lon="73.7424466945"><ele>-0.34</ele><time>2026-02-21T05:46:28Z</time><extensions><gpxtpx:TrackPointExtension><gpxtpx:cad>0</gpxtpx:cad></gpxtpx:TrackPointExtension></extensions></trkpt><trkpt lat="15.5564914271" lon="73.7424684875"><ele>-0.34</ele><time>2026-02-21T05:46:42Z</time><extensions><gpxtpx:TrackPointExtension><gpxtpx:cad>0</gpxtpx:cad></gpxtpx:TrackPointExtension></extensions></trkpt><trkpt lat="15.5568842031" lon="73.7422814872"><ele>-0.82</ele><time>2026-02-21T05:46:55Z</time><extensions><gpxtpx:TrackPointExtension><gpxtpx:cad>0</gpxtpx:cad></gpxtpx:TrackPointExtension></extensions></trkpt><trkpt lat="15.5573331378" lon="73.7420550082"><ele>0.14</ele><time>2026-02-21T05:47:10Z</time><extensions><gpxtpx:TrackPointExtension><gpxtpx:cad>0</gpxtpx:cad></gpxtpx:TrackPointExtension></extensions></trkpt><trkpt lat="15.5579456035" lon="73.7417015433"><ele>0.14</ele><time>2026-02-21T05:47:31Z</time><extensions><gpxtpx:TrackPointExtension><gpxtpx:cad>0</gpxtpx:cad></gpxtpx:TrackPointExtension></extensions></trkpt><trkpt lat="15.5584442429" lon="73.7414279580"><ele>-0.34</ele><time>2026-02-21T05:47:48Z</time><extensions><gpxtpx:TrackPointExtension><gpxtpx:cad>0</gpxtpx:cad></gpxtpx:TrackPointExtension></extensions></trkpt><trkpt lat="15.5588992126" lon="73.7411392014"><ele>-0.82</ele><time>2026-02-21T05:48:04Z</time><extensions><gpxtpx:TrackPointExtension><gpxtpx:cad>0</gpxtpx:cad></gpxtpx:TrackPointExtension></extensions></trkpt><trkpt lat="15.5594183877" lon="73.7409027480"><ele>-0.82</ele><time>2026-02-21T05:48:21Z</time><extensions><gpxtpx:TrackPointExtension><gpxtpx:cad>0</gpxtpx:cad></gpxtpx:TrackPointExtension></extensions></trkpt><trkpt lat="15.5600157660" lon="73.7406704854"><ele>-0.82</ele><time>2026-02-21T05:48:40Z</time><extensions><gpxtpx:TrackPointExtension><gpxtpx:cad>0</gpxtpx:cad></gpxtpx:TrackPointExtension></extensions></trkpt><trkpt lat="15.5604759324" lon="73.7404846586"><ele>-0.82</ele><time>2026-02-21T05:48:55Z</time><extensions><gpxtpx:TrackPointExtension><gpxtpx:cad>0</gpxtpx:cad></gpxtpx:TrackPointExtension></extensions></trkpt><trkpt lat="15.5609770864" lon="73.7402083911"><ele>-0.34</ele><time>2026-02-21T05:49:12Z</time><extensions><gpxtpx:TrackPointExtension><gpxtpx:cad>0</gpxtpx:cad></gpxtpx:TrackPointExtension></extensions></trkpt><trkpt lat="15.5615244247" lon="73.7399501447"><ele>-0.34</ele><time>2026-02-21T05:49:30Z</time><extensions><gpxtpx:TrackPointExtension><gpxtpx:cad>0</gpxtpx:cad></gpxtpx:TrackPointExtension></extensions></trkpt><trkpt lat="15.5620057136" lon="73.7397153676"><ele>-0.34</ele><time>2026-02-21T05:49:46Z</time><extensions><gpxtpx:TrackPointExtension><gpxtpx:cad>0</gpxtpx:cad></gpxtpx:TrackPointExtension></extensions></trkpt><trkpt lat="15.5625675526" lon="73.7394062430"><ele>-0.34</ele><time>2026-02-21T05:50:05Z</time><extensions><gpxtpx:TrackPointExtension><gpxtpx:cad>0</gpxtpx:cad></gpxtpx:TrackPointExtension></extensions></trkpt><trkpt lat="15.5630252045" lon="73.7391486671"><ele>0.14</ele><time>2026-02-21T05:50:21Z</time><extensions><gpxtpx:TrackPointExtension><gpxtpx:cad>0</gpxtpx:cad></gpxtpx:TrackPointExtension></extensions></trkpt><trkpt lat="15.5635809246" lon="73.7389135547"><ele>0.62</ele><time>2026-02-21T05:50:39Z</time><extensions><gpxtpx:TrackPointExtension><gpxtpx:cad>0</gpxtpx:cad></gpxtpx:TrackPointExtension></extensions></trkpt><trkpt lat="15.5641462840" lon="73.7386961281"><ele>0.14</ele><time>2026-02-21T05:50:57Z</time><extensions><gpxtpx:TrackPointExtension><gpxtpx:cad>0</gpxtpx:cad></gpxtpx:TrackPointExtension></extensions></trkpt><trkpt lat="15.5646741763" lon="73.7384904362"><ele>0.14</ele><time>2026-02-21T05:51:14Z</time><extensions><gpxtpx:TrackPointExtension><gpxtpx:cad>0</gpxtpx:cad></gpxtpx:TrackPointExtension></extensions></trkpt><trkpt lat="15.5651874002" lon="73.7382335309"><ele>0.14</ele><time>2026-02-21T05:51:31Z</time><extensions><gpxtpx:TrackPointExtension><gpxtpx:cad>0</gpxtpx:cad></gpxtpx:TrackPointExtension></extensions></trkpt><trkpt lat="15.5657869577" lon="73.7379594427"><ele>0.14</ele><time>2026-02-21T05:51:51Z</time><extensions><gpxtpx:TrackPointExtension><gpxtpx:cad>0</gpxtpx:cad></gpxtpx:TrackPointExtension></extensions></trkpt><trkpt lat="15.5662742816" lon="73.7377391662"><ele>0.14</ele><time>2026-02-21T05:52:07Z</time><extensions><gpxtpx:TrackPointExtension><gpxtpx:cad>0</gpxtpx:cad></gpxtpx:TrackPointExtension></extensions></trkpt><trkpt lat="15.5668349471" lon="73.7375370786"><ele>0.14</ele><time>2026-02-21T05:52:25Z</time><extensions><gpxtpx:TrackPointExtension><gpxtpx:cad>0</gpxtpx:cad></gpxtpx:TrackPointExtension></extensions></trkpt><trkpt lat="15.5673396215" lon="73.7372810952"><ele>-0.34</ele><time>2026-02-21T05:52:42Z</time><extensions><gpxtpx:TrackPointExtension><gpxtpx:cad>0</gpxtpx:cad></gpxtpx:TrackPointExtension></extensions></trkpt><trkpt lat="15.5679114349" lon="73.7369349226"><ele>-0.34</ele><time>2026-02-21T05:53:02Z</time><extensions><gpxtpx:TrackPointExtension><gpxtpx:cad>0</gpxtpx:cad></gpxtpx:TrackPointExtension></extensions></trkpt><trkpt lat="15.5683472101" lon="73.7366745807"><ele>0.14</ele><time>2026-02-21T05:53:17Z</time><extensions><gpxtpx:TrackPointExtension><gpxtpx:cad>0</gpxtpx:cad></gpxtpx:TrackPointExtension></extensions></trkpt><trkpt lat="15.5689104740" lon="73.7364714872"><ele>0.62</ele><time>2026-02-21T05:53:35Z</time><extensions><gpxtpx:TrackPointExtension><gpxtpx:cad>0</gpxtpx:cad></gpxtpx:TrackPointExtension></extensions></trkpt><trkpt lat="15.5694528669" lon="73.7363001611"><ele>-0.82</ele><time>2026-02-21T05:53:52Z</time><extensions><gpxtpx:TrackPointExtension><gpxtpx:cad>0</gpxtpx:cad></gpxtpx:TrackPointExtension></extensions></trkpt><trkpt lat="15.5700380076" lon="73.7361089699"><ele>-0.82</ele><time>2026-02-21T05:54:11Z</time><extensions><gpxtpx:TrackPointExtension><gpxtpx:cad>0</gpxtpx:cad></gpxtpx:TrackPointExtension></extensions></trkpt><trkpt lat="15.5705888662" lon="73.7358319480"><ele>-1.30</ele><time>2026-02-21T05:54:29Z</time><extensions><gpxtpx:TrackPointExtension><gpxtpx:cad>0</gpxtpx:cad></gpxtpx:TrackPointExtension></extensions></trkpt><trkpt lat="15.5711716600" lon="73.7354813330"><ele>-1.30</ele><time>2026-02-21T05:54:49Z</time><extensions><gpxtpx:TrackPointExtension><gpxtpx:cad>0</gpxtpx:cad></gpxtpx:TrackPointExtension></extensions></trkpt><trkpt lat="15.5717306491" lon="73.7351716217"><ele>-1.79</ele><time>2026-02-21T05:55:08Z</time><extensions><gpxtpx:TrackPointExtension><gpxtpx:cad>0</gpxtpx:cad></gpxtpx:TrackPointExtension></extensions></trkpt><trkpt lat="15.5722245108" lon="73.7348491699"><ele>-0.34</ele><time>2026-02-21T05:55:25Z</time><extensions><gpxtpx:TrackPointExtension><gpxtpx:cad>0</gpxtpx:cad></gpxtpx:TrackPointExtension></extensions></trkpt><trkpt lat="15.5727648921" lon="73.7345981319"><ele>0.14</ele><time>2026-02-21T05:55:43Z</time><extensions><gpxtpx:TrackPointExtension><gpxtpx:cad>0</gpxtpx:cad></gpxtpx:TrackPointExtension></extensions></trkpt><trkpt lat="15.5732397269" lon="73.7343651988"><ele>0.62</ele><time>2026-02-21T05:55:59Z</time><extensions><gpxtpx:TrackPointExtension><gpxtpx:cad>0</gpxtpx:cad></gpxtpx:TrackPointExtension></extensions></trkpt><trkpt lat="15.5737188365" lon="73.7340604328"><ele>1.58</ele><time>2026-02-21T05:56:16Z</time><extensions><gpxtpx:TrackPointExtension><gpxtpx:cad>0</gpxtpx:cad></gpxtpx:TrackPointExtension></extensions></trkpt><trkpt lat="15.5741596408" lon="73.7338984106"><ele>0.62</ele><time>2026-02-21T05:56:30Z</time><extensions><gpxtpx:TrackPointExtension><gpxtpx:cad>0</gpxtpx:cad></gpxtpx:TrackPointExtension></extensions></trkpt><trkpt lat="15.5747024529" lon="73.7337098178"><ele>0.62</ele><time>2026-02-21T05:56:47Z</time><extensions><gpxtpx:TrackPointExtension><gpxtpx:cad>0</gpxtpx:cad></gpxtpx:TrackPointExtension></extensions></trkpt><trkpt lat="15.5751824006" lon="73.7334964145"><ele>1.10</ele><time>2026-02-21T05:57:03Z</time><extensions><gpxtpx:TrackPointExtension><gpxtpx:cad>0</gpxtpx:cad></gpxtpx:TrackPointExtension></extensions></trkpt><trkpt lat="15.5757081136" lon="73.7333124317"><ele>0.62</ele><time>2026-02-21T05:57:20Z</time><extensions><gpxtpx:TrackPointExtension><gpxtpx:cad>0</gpxtpx:cad></gpxtpx:TrackPointExtension></extensions></trkpt><trkpt lat="15.5762809329" lon="73.7330180593"><ele>0.14</ele><time>2026-02-21T05:57:39Z</time><extensions><gpxtpx:TrackPointExtension><gpxtpx:cad>0</gpxtpx:cad></gpxtpx:TrackPointExtension></extensions></trkpt><trkpt lat="15.5768994335" lon="73.7327762414"><ele>0.62</ele><time>2026-02-21T05:57:59Z</time><extensions><gpxtpx:TrackPointExtension><gpxtpx:cad>0</gpxtpx:cad></gpxtpx:TrackPointExtension></extensions></trkpt><trkpt lat="15.5774153396" lon="73.7325990479"><ele>0.14</ele><time>2026-02-21T05:58:15Z</time><extensions><gpxtpx:TrackPointExtension><gpxtpx:cad>0</gpxtpx:cad></gpxtpx:TrackPointExtension></extensions></trkpt><trkpt lat="15.5778950360" lon="73.7324428093"><ele>0.14</ele><time>2026-02-21T05:58:30Z</time><extensions><gpxtpx:TrackPointExtension><gpxtpx:cad>0</gpxtpx:cad></gpxtpx:TrackPointExtension></extensions></trkpt><trkpt lat="15.5784599762" lon="73.7322056852"><ele>0.14</ele><time>2026-02-21T05:58:48Z</time><extensions><gpxtpx:TrackPointExtension><gpxtpx:cad>0</gpxtpx:cad></gpxtpx:TrackPointExtension></extensions></trkpt><trkpt lat="15.5790414289" lon="73.7319499534"><ele>1.10</ele><time>2026-02-21T05:59:07Z</time><extensions><gpxtpx:TrackPointExtension><gpxtpx:cad>0</gpxtpx:cad></gpxtpx:TrackPointExtension></extensions></trkpt><trkpt lat="15.5797005817" lon="73.7316803075"><ele>0.14</ele><time>2026-02-21T05:59:28Z</time><extensions><gpxtpx:TrackPointExtension><gpxtpx:cad>0</gpxtpx:cad></gpxtpx:TrackPointExtension></extensions></trkpt><trkpt lat="15.5803418811" lon="73.7314899545"><ele>0.62</ele><time>2026-02-21T05:59:48Z</time><extensions><gpxtpx:TrackPointExtension><gpxtpx:cad>0</gpxtpx:cad></gpxtpx:TrackPointExtension></extensions></trkpt><trkpt lat="15.5808645766" lon="73.7313239928"><ele>0.14</ele><time>2026-02-21T06:00:04Z</time><extensions><gpxtpx:TrackPointExtension><gpxtpx:cad>0</gpxtpx:cad></gpxtpx:TrackPointExtension></extensions></trkpt><trkpt lat="15.5813430157" lon="73.7311580312"><ele>0.14</ele><time>2026-02-21T06:00:19Z</time><extensions><gpxtpx:TrackPointExtension><gpxtpx:cad>0</gpxtpx:cad></gpxtpx:TrackPointExtension></extensions></trkpt><trkpt lat="15.5818989873" lon="73.7309866212"><ele>0.14</ele><time>2026-02-21T06:00:36Z</time><extensions><gpxtpx:TrackPointExtension><gpxtpx:cad>0</gpxtpx:cad></gpxtpx:TrackPointExtension></extensions></trkpt><trkpt lat="15.5824977066" lon="73.7308660056"><ele>-0.34</ele><time>2026-02-21T06:00:54Z</time><extensions><gpxtpx:TrackPointExtension><gpxtpx:cad>0</gpxtpx:cad></gpxtpx:TrackPointExtension></extensions></trkpt><trkpt lat="15.5832005292" lon="73.7307801750"><ele>-1.30</ele><time>2026-02-21T06:01:15Z</time><extensions><gpxtpx:TrackPointExtension><gpxtpx:cad>0</gpxtpx:cad></gpxtpx:TrackPointExtension></extensions></trkpt><trkpt lat="15.5837693252" lon="73.7307313923"><ele>-0.82</ele><time>2026-02-21T06:01:32Z</time><extensions><gpxtpx:TrackPointExtension><gpxtpx:cad>0</gpxtpx:cad></gpxtpx:TrackPointExtension></extensions></trkpt><trkpt lat="15.5843697209" lon="73.7306183204"><ele>-0.82</ele><time>2026-02-21T06:01:50Z</time><extensions><gpxtpx:TrackPointExtension><gpxtpx:cad>0</gpxtpx:cad></gpxtpx:TrackPointExtension></extensions></trkpt><trkpt lat="15.5849323142" lon="73.7304945197"><ele>-0.82</ele><time>2026-02-21T06:02:07Z</time><extensions><gpxtpx:TrackPointExtension><gpxtpx:cad>0</gpxtpx:cad></gpxtpx:TrackPointExtension></extensions></trkpt><trkpt lat="15.5854706839" lon="73.7303299829"><ele>-0.34</ele><time>2026-02-21T06:02:24Z</time><extensions><gpxtpx:TrackPointExtension><gpxtpx:cad>0</gpxtpx:cad></gpxtpx:TrackPointExtension></extensions></trkpt><trkpt lat="15.5860789586" lon="73.7301128916"><ele>-0.34</ele><time>2026-02-21T06:02:43Z</time><extensions><gpxtpx:TrackPointExtension><gpxtpx:cad>0</gpxtpx:cad></gpxtpx:TrackPointExtension></extensions></trkpt><trkpt lat="15.5866470002" lon="73.7298772763"><ele>0.62</ele><time>2026-02-21T06:03:01Z</time><extensions><gpxtpx:TrackPointExtension><gpxtpx:cad>0</gpxtpx:cad></gpxtpx:TrackPointExtension></extensions></trkpt><trkpt lat="15.5872642435" lon="73.7297040224"><ele>0.62</ele><time>2026-02-21T06:03:20Z</time><extensions><gpxtpx:TrackPointExtension><gpxtpx:cad>0</gpxtpx:cad></gpxtpx:TrackPointExtension></extensions></trkpt><trkpt lat="15.5878187902" lon="73.7295565847"><ele>-0.34</ele><time>2026-02-21T06:03:37Z</time><extensions><gpxtpx:TrackPointExtension><gpxtpx:cad>0</gpxtpx:cad></gpxtpx:TrackPointExtension></extensions></trkpt><trkpt lat="15.5884505343" lon="73.7294590194"><ele>-1.30</ele><time>2026-02-21T06:03:56Z</time><extensions><gpxtpx:TrackPointExtension><gpxtpx:cad>0</gpxtpx:cad></gpxtpx:TrackPointExtension></extensions></trkpt><trkpt lat="15.5891596433" lon="73.7293305248"><ele>-1.79</ele><time>2026-02-21T06:04:17Z</time><extensions><gpxtpx:TrackPointExtension><gpxtpx:cad>0</gpxtpx:cad></gpxtpx:TrackPointExtension></extensions></trkpt><trkpt lat="15.5898970831" lon="73.7292853463"><ele>-1.79</ele><time>2026-02-21T06:04:39Z</time><extensions><gpxtpx:TrackPointExtension><gpxtpx:cad>0</gpxtpx:cad></gpxtpx:TrackPointExtension></extensions></trkpt><trkpt lat="15.5907366145" lon="73.7291487213"><ele>-0.82</ele><time>2026-02-21T06:05:04Z</time><extensions><gpxtpx:TrackPointExtension><gpxtpx:cad>0</gpxtpx:cad></gpxtpx:TrackPointExtension></extensions></trkpt><trkpt lat="15.5914776586" lon="73.7290223222"><ele>-1.30</ele><time>2026-02-21T06:05:26Z</time><extensions><gpxtpx:TrackPointExtension><gpxtpx:cad>0</gpxtpx:cad></gpxtpx:TrackPointExtension></extensions></trkpt><trkpt lat="15.5921844207" lon="73.7288994435"><ele>-0.34</ele><time>2026-02-21T06:05:47Z</time><extensions><gpxtpx:TrackPointExtension><gpxtpx:cad>0</gpxtpx:cad></gpxtpx:TrackPointExtension></extensions></trkpt><trkpt lat="15.5926516280" lon="73.7288327236"><ele>0.14</ele><time>2026-02-21T06:06:01Z</time><extensions><gpxtpx:TrackPointExtension><gpxtpx:cad>0</gpxtpx:cad></gpxtpx:TrackPointExtension></extensions></trkpt><trkpt lat="15.5932805222" lon="73.7286873814"><ele>1.10</ele><time>2026-02-21T06:06:20Z</time><extensions><gpxtpx:TrackPointExtension><gpxtpx:cad>0</gpxtpx:cad></gpxtpx:TrackPointExtension></extensions></trkpt><trkpt lat="15.5938960053" lon="73.7285534386"><ele>-0.34</ele><time>2026-02-21T06:06:39Z</time><extensions><gpxtpx:TrackPointExtension><gpxtpx:cad>0</gpxtpx:cad></gpxtpx:TrackPointExtension></extensions></trkpt><trkpt lat="15.5946018454" lon="73.7284001336"><ele>-1.30</ele><time>2026-02-21T06:07:00Z</time><extensions><gpxtpx:TrackPointExtension><gpxtpx:cad>0</gpxtpx:cad></gpxtpx:TrackPointExtension></extensions></trkpt><trkpt lat="15.5952157360" lon="73.7283283006"><ele>-0.82</ele><time>2026-02-21T06:07:18Z</time><extensions><gpxtpx:TrackPointExtension><gpxtpx:cad>0</gpxtpx:cad></gpxtpx:TrackPointExtension></extensions></trkpt><trkpt lat="15.5959580373" lon="73.7282511871"><ele>-0.82</ele><time>2026-02-21T06:07:40Z</time><extensions><gpxtpx:TrackPointExtension><gpxtpx:cad>0</gpxtpx:cad></gpxtpx:TrackPointExtension></extensions></trkpt><trkpt lat="15.5965296831" lon="73.7281756662"><ele>-1.79</ele><time>2026-02-21T06:07:57Z</time><extensions><gpxtpx:TrackPointExtension><gpxtpx:cad>0</gpxtpx:cad></gpxtpx:TrackPointExtension></extensions></trkpt><trkpt lat="15.5969918612" lon="73.7280796096"><ele>-2.27</ele><time>2026-02-21T06:08:11Z</time><extensions><gpxtpx:TrackPointExtension><gpxtpx:cad>0</gpxtpx:cad></gpxtpx:TrackPointExtension></extensions></trkpt><trkpt lat="15.5975257047" lon="73.7279254664"><ele>-1.79</ele><time>2026-02-21T06:08:27Z</time><extensions><gpxtpx:TrackPointExtension><gpxtpx:cad>0</gpxtpx:cad></gpxtpx:TrackPointExtension></extensions></trkpt><trkpt lat="15.5980478134" lon="73.7277676351"><ele>-1.79</ele><time>2026-02-21T06:08:43Z</time><extensions><gpxtpx:TrackPointExtension><gpxtpx:cad>0</gpxtpx:cad></gpxtpx:TrackPointExtension></extensions></trkpt><trkpt lat="15.5985052977" lon="73.7276265677"><ele>-1.79</ele><time>2026-02-21T06:08:57Z</time><extensions><gpxtpx:TrackPointExtension><gpxtpx:cad>0</gpxtpx:cad></gpxtpx:TrackPointExtension></extensions></trkpt><trkpt lat="15.5990080442" lon="73.7275803834"><ele>-1.79</ele><time>2026-02-21T06:09:12Z</time><extensions><gpxtpx:TrackPointExtension><gpxtpx:cad>0</gpxtpx:cad></gpxtpx:TrackPointExtension></extensions></trkpt><trkpt lat="15.5995788518" lon="73.7274964806"><ele>-1.30</ele><time>2026-02-21T06:09:29Z</time><extensions><gpxtpx:TrackPointExtension><gpxtpx:cad>0</gpxtpx:cad></gpxtpx:TrackPointExtension></extensions></trkpt><trkpt lat="15.6000718754" lon="73.7273669802"><ele>-0.82</ele><time>2026-02-21T06:09:44Z</time><extensions><gpxtpx:TrackPointExtension><gpxtpx:cad>0</gpxtpx:cad></gpxtpx:TrackPointExtension></extensions></trkpt><trkpt lat="15.6007632148" lon="73.7271532416"><ele>-1.79</ele><time>2026-02-21T06:10:05Z</time><extensions><gpxtpx:TrackPointExtension><gpxtpx:cad>0</gpxtpx:cad></gpxtpx:TrackPointExtension></extensions></trkpt><trkpt lat="15.6014367007" lon="73.7270545028"><ele>-1.79</ele><time>2026-02-21T06:10:25Z</time><extensions><gpxtpx:TrackPointExtension><gpxtpx:cad>0</gpxtpx:cad></gpxtpx:TrackPointExtension></extensions></trkpt><trkpt lat="15.6019915827" lon="73.7269910518"><ele>-1.30</ele><time>2026-02-21T06:10:41Z</time><extensions><gpxtpx:TrackPointExtension><gpxtpx:cad>0</gpxtpx:cad></gpxtpx:TrackPointExtension></extensions></trkpt><trkpt lat="15.6025938224" lon="73.7269683369"><ele>-1.30</ele><time>2026-02-21T06:10:59Z</time><extensions><gpxtpx:TrackPointExtension><gpxtpx:cad>0</gpxtpx:cad></gpxtpx:TrackPointExtension></extensions></trkpt><trkpt lat="15.6031987444" lon="73.7268340588"><ele>-1.30</ele><time>2026-02-21T06:11:17Z</time><extensions><gpxtpx:TrackPointExtension><gpxtpx:cad>0</gpxtpx:cad></gpxtpx:TrackPointExtension></extensions></trkpt><trkpt lat="15.6036651134" lon="73.7267440371"><ele>-1.79</ele><time>2026-02-21T06:11:31Z</time><extensions><gpxtpx:TrackPointExtension><gpxtpx:cad>0</gpxtpx:cad></gpxtpx:TrackPointExtension></extensions></trkpt><trkpt lat="15.6041682791" lon="73.7267353199"><ele>-2.75</ele><time>2026-02-21T06:11:46Z</time><extensions><gpxtpx:TrackPointExtension><gpxtpx:cad>0</gpxtpx:cad></gpxtpx:TrackPointExtension></extensions></trkpt><trkpt lat="15.6047089119" lon="73.7268369086"><ele>-2.75</ele><time>2026-02-21T06:12:02Z</time><extensions><gpxtpx:TrackPointExtension><gpxtpx:cad>0</gpxtpx:cad></gpxtpx:TrackPointExtension></extensions></trkpt><trkpt lat="15.6053330284" lon="73.7270337995"><ele>-2.75</ele><time>2026-02-21T06:12:21Z</time><extensions><gpxtpx:TrackPointExtension><gpxtpx:cad>0</gpxtpx:cad></gpxtpx:TrackPointExtension></extensions></trkpt><trkpt lat="15.6057895906" lon="73.7271370646"><ele>-3.23</ele><time>2026-02-21T06:12:36Z</time><extensions><gpxtpx:TrackPointExtension><gpxtpx:cad>0</gpxtpx:cad></gpxtpx:TrackPointExtension></extensions></trkpt><trkpt lat="15.6062907446" lon="73.7272145133"><ele>-3.23</ele><time>2026-02-21T06:12:52Z</time><extensions><gpxtpx:TrackPointExtension><gpxtpx:cad>0</gpxtpx:cad></gpxtpx:TrackPointExtension></extensions></trkpt><trkpt lat="15.6068733707" lon="73.7274230551"><ele>-2.27</ele><time>2026-02-21T06:13:10Z</time><extensions><gpxtpx:TrackPointExtension><gpxtpx:cad>0</gpxtpx:cad></gpxtpx:TrackPointExtension></extensions></trkpt><trkpt lat="15.6073170248" lon="73.7277270667"><ele>-2.75</ele><time>2026-02-21T06:13:26Z</time><extensions><gpxtpx:TrackPointExtension><gpxtpx:cad>0</gpxtpx:cad></gpxtpx:TrackPointExtension></extensions></trkpt><trkpt lat="15.6077115610" lon="73.7281109579"><ele>-2.75</ele><time>2026-02-21T06:13:42Z</time><extensions><gpxtpx:TrackPointExtension><gpxtpx:cad>0</gpxtpx:cad></gpxtpx:TrackPointExtension></extensions></trkpt><trkpt lat="15.6079655327" lon="73.7285508402"><ele>-2.27</ele><time>2026-02-21T06:13:59Z</time><extensions><gpxtpx:TrackPointExtension><gpxtpx:cad>0</gpxtpx:cad></gpxtpx:TrackPointExtension></extensions></trkpt><trkpt lat="15.6082518585" lon="73.7288808357"><ele>-1.79</ele><time>2026-02-21T06:14:13Z</time><extensions><gpxtpx:TrackPointExtension><gpxtpx:cad>0</gpxtpx:cad></gpxtpx:TrackPointExtension></extensions></trkpt><trkpt lat="15.6084488332" lon="73.7294972409"><ele>-2.27</ele><time>2026-02-21T06:14:31Z</time><extensions><gpxtpx:TrackPointExtension><gpxtpx:cad>0</gpxtpx:cad></gpxtpx:TrackPointExtension></extensions></trkpt><trkpt lat="15.6085758191" lon="73.7301046774"><ele>-1.79</ele><time>2026-02-21T06:14:48Z</time><extensions><gpxtpx:TrackPointExtension><gpxtpx:cad>0</gpxtpx:cad></gpxtpx:TrackPointExtension></extensions></trkpt><trkpt lat="15.6086856220" lon="73.7308658380"><ele>-1.79</ele><time>2026-02-21T06:15:08Z</time><extensions><gpxtpx:TrackPointExtension><gpxtpx:cad>0</gpxtpx:cad></gpxtpx:TrackPointExtension></extensions></trkpt><trkpt lat="15.6088208221" lon="73.7316772901"><ele>-1.30</ele><time>2026-02-21T06:15:27Z</time><extensions><gpxtpx:TrackPointExtension><gpxtpx:cad>0</gpxtpx:cad></gpxtpx:TrackPointExtension></extensions></trkpt><trkpt lat="15.6090291962" lon="73.7326784246"><ele>-2.75</ele><time>2026-02-21T06:15:50Z</time><extensions><gpxtpx:TrackPointExtension><gpxtpx:cad>0</gpxtpx:cad></gpxtpx:TrackPointExtension></extensions></trkpt><trkpt lat="15.6091126800" lon="73.7336132582"><ele>-1.79</ele><time>2026-02-21T06:16:11Z</time><extensions><gpxtpx:TrackPointExtension><gpxtpx:cad>0</gpxtpx:cad></gpxtpx:TrackPointExtension></extensions></trkpt><trkpt lat="15.6091850158" lon="73.7345013209"><ele>-1.79</ele><time>2026-02-21T06:16:31Z</time><extensions><gpxtpx:TrackPointExtension><gpxtpx:cad>0</gpxtpx:cad></gpxtpx:TrackPointExtension></extensions></trkpt></trkseg></trk></gpx>