<?xml version="1.0" encoding="UTF-8" standalone="no" ?><gpx xmlns="http://www.topografix.com/GPX/1/1" xmlns:gpxx="http://www.garmin.com/xmlschemas/GpxExtensions/v3" xmlns:wptx1="http://www.garmin.com/xmlschemas/WaypointExtension/v1" xmlns:gpxtpx="http://www.garmin.com/xmlschemas/TrackPointExtension/v1" creator="eTrex 10 SEA" version="1.1" xmlns:xsi="http://www.w3.org/2001/XMLSchema-instance" xsi:schemaLocation="http://www.topografix.com/GPX/1/1 http://www.topografix.com/GPX/1/1/gpx.xsd http://www.garmin.com/xmlschemas/GpxExtensions/v3 http://www8.garmin.com/xmlschemas/GpxExtensionsv3.xsd http://www.garmin.com/xmlschemas/WaypointExtension/v1 http://www8.garmin.com/xmlschemas/WaypointExtensionv1.xsd http://www.garmin.com/xmlschemas/TrackPointExtension/v1 http://www.garmin.com/xmlschemas/TrackPointExtensionv1.xsd"><metadata><link href="http://www.garmin.com"><text>Garmin International</text></link><time>2025-04-24T05:51:06Z</time></metadata><trk><name>24-APR-25 11:21:05 AM</name><extensions><gpxx:TrackExtension><gpxx:DisplayColor>Cyan</gpxx:DisplayColor></gpxx:TrackExtension></extensions><trkseg><trkpt lat="15.4617806990" lon="73.7988334335"><ele>6.39</ele><time>2025-04-24T01:34:32Z</time><extensions><gpxtpx:TrackPointExtension><gpxtpx:cad>0</gpxtpx:cad></gpxtpx:TrackPointExtension></extensions></trkpt><trkpt lat="15.4617812019" lon="73.7988051865"><ele>6.87</ele><time>2025-04-24T01:34:37Z</time><extensions><gpxtpx:TrackPointExtension><gpxtpx:cad>0</gpxtpx:cad></gpxtpx:TrackPointExtension></extensions></trkpt><trkpt lat="15.4618044198" lon="73.7986921147"><ele>6.87</ele><time>2025-04-24T01:34:42Z</time><extensions><gpxtpx:TrackPointExtension><gpxtpx:cad>0</gpxtpx:cad></gpxtpx:TrackPointExtension></extensions></trkpt><trkpt lat="15.4618872330" lon="73.7985800486"><ele>6.87</ele><time>2025-04-24T01:34:47Z</time><extensions><gpxtpx:TrackPointExtension><gpxtpx:cad>0</gpxtpx:cad></gpxtpx:TrackPointExtension></extensions></trkpt><trkpt lat="15.4619619995" lon="73.7985248119"><ele>3.98</ele><time>2025-04-24T01:34:52Z</time><extensions><gpxtpx:TrackPointExtension><gpxtpx:cad>0</gpxtpx:cad></gpxtpx:TrackPointExtension></extensions></trkpt><trkpt lat="15.4620207567" lon="73.7984887697"><ele>3.50</ele><time>2025-04-24T01:34:57Z</time><extensions><gpxtpx:TrackPointExtension><gpxtpx:cad>0</gpxtpx:cad></gpxtpx:TrackPointExtension></extensions></trkpt><trkpt lat="15.4620807711" lon="73.7984491233"><ele>3.02</ele><time>2025-04-24T01:35:00Z</time><extensions><gpxtpx:TrackPointExtension><gpxtpx:cad>0</gpxtpx:cad></gpxtpx:TrackPointExtension></extensions></trkpt><trkpt lat="15.4622092657" lon="73.7983757816"><ele>2.54</ele><time>2025-04-24T01:35:05Z</time><extensions><gpxtpx:TrackPointExtension><gpxtpx:cad>0</gpxtpx:cad></gpxtpx:TrackPointExtension></extensions></trkpt><trkpt lat="15.4623463936" lon="73.7982794736"><ele>2.06</ele><time>2025-04-24T01:35:10Z</time><extensions><gpxtpx:TrackPointExtension><gpxtpx:cad>0</gpxtpx:cad></gpxtpx:TrackPointExtension></extensions></trkpt><trkpt lat="15.4624569509" lon="73.7981847581"><ele>2.06</ele><time>2025-04-24T01:35:15Z</time><extensions><gpxtpx:TrackPointExtension><gpxtpx:cad>0</gpxtpx:cad></gpxtpx:TrackPointExtension></extensions></trkpt><trkpt lat="15.4625304602" lon="73.7981115002"><ele>2.54</ele><time>2025-04-24T01:35:20Z</time><extensions><gpxtpx:TrackPointExtension><gpxtpx:cad>0</gpxtpx:cad></gpxtpx:TrackPointExtension></extensions></trkpt><trkpt lat="15.4625779856" lon="73.7980503961"><ele>3.02</ele><time>2025-04-24T01:35:25Z</time><extensions><gpxtpx:TrackPointExtension><gpxtpx:cad>0</gpxtpx:cad></gpxtpx:TrackPointExtension></extensions></trkpt><trkpt lat="15.4626084119" lon="73.7979942374"><ele>3.02</ele><time>2025-04-24T01:35:30Z</time><extensions><gpxtpx:TrackPointExtension><gpxtpx:cad>0</gpxtpx:cad></gpxtpx:TrackPointExtension></extensions></trkpt><trkpt lat="15.4626242537" lon="73.7979523279"><ele>3.02</ele><time>2025-04-24T01:35:35Z</time><extensions><gpxtpx:TrackPointExtension><gpxtpx:cad>0</gpxtpx:cad></gpxtpx:TrackPointExtension></extensions></trkpt><trkpt lat="15.4626488965" lon="73.7979030423"><ele>3.02</ele><time>2025-04-24T01:35:40Z</time><extensions><gpxtpx:TrackPointExtension><gpxtpx:cad>0</gpxtpx:cad></gpxtpx:TrackPointExtension></extensions></trkpt><trkpt lat="15.4627045523" lon="73.7978143618"><ele>2.54</ele><time>2025-04-24T01:35:45Z</time><extensions><gpxtpx:TrackPointExtension><gpxtpx:cad>0</gpxtpx:cad></gpxtpx:TrackPointExtension></extensions></trkpt><trkpt lat="15.4627860244" lon="73.7976948358"><ele>3.02</ele><time>2025-04-24T01:35:50Z</time><extensions><gpxtpx:TrackPointExtension><gpxtpx:cad>0</gpxtpx:cad></gpxtpx:TrackPointExtension></extensions></trkpt><trkpt lat="15.4628743697" lon="73.7975889724"><ele>3.02</ele><time>2025-04-24T01:35:55Z</time><extensions><gpxtpx:TrackPointExtension><gpxtpx:cad>0</gpxtpx:cad></gpxtpx:TrackPointExtension></extensions></trkpt><trkpt lat="15.4629830830" lon="73.7974619027"><ele>3.02</ele><time>2025-04-24T01:36:00Z</time><extensions><gpxtpx:TrackPointExtension><gpxtpx:cad>0</gpxtpx:cad></gpxtpx:TrackPointExtension></extensions></trkpt><trkpt lat="15.4630968254" lon="73.7973226793"><ele>3.98</ele><time>2025-04-24T01:36:05Z</time><extensions><gpxtpx:TrackPointExtension><gpxtpx:cad>0</gpxtpx:cad></gpxtpx:TrackPointExtension></extensions></trkpt><trkpt lat="15.4632047005" lon="73.7971920054"><ele>3.98</ele><time>2025-04-24T01:36:10Z</time><extensions><gpxtpx:TrackPointExtension><gpxtpx:cad>0</gpxtpx:cad></gpxtpx:TrackPointExtension></extensions></trkpt><trkpt lat="15.4632907826" lon="73.7971041631"><ele>3.98</ele><time>2025-04-24T01:36:15Z</time><extensions><gpxtpx:TrackPointExtension><gpxtpx:cad>0</gpxtpx:cad></gpxtpx:TrackPointExtension></extensions></trkpt><trkpt lat="15.4633965623" lon="73.7970111240"><ele>3.50</ele><time>2025-04-24T01:36:20Z</time><extensions><gpxtpx:TrackPointExtension><gpxtpx:cad>0</gpxtpx:cad></gpxtpx:TrackPointExtension></extensions></trkpt><trkpt lat="15.4635343608" lon="73.7968936935"><ele>3.50</ele><time>2025-04-24T01:36:25Z</time><extensions><gpxtpx:TrackPointExtension><gpxtpx:cad>0</gpxtpx:cad></gpxtpx:TrackPointExtension></extensions></trkpt><trkpt lat="15.4636741709" lon="73.7967756763"><ele>3.50</ele><time>2025-04-24T01:36:30Z</time><extensions><gpxtpx:TrackPointExtension><gpxtpx:cad>0</gpxtpx:cad></gpxtpx:TrackPointExtension></extensions></trkpt><trkpt lat="15.4638097901" lon="73.7966562342"><ele>3.50</ele><time>2025-04-24T01:36:35Z</time><extensions><gpxtpx:TrackPointExtension><gpxtpx:cad>0</gpxtpx:cad></gpxtpx:TrackPointExtension></extensions></trkpt><trkpt lat="15.4639545456" lon="73.7965474371"><ele>3.02</ele><time>2025-04-24T01:36:40Z</time><extensions><gpxtpx:TrackPointExtension><gpxtpx:cad>0</gpxtpx:cad></gpxtpx:TrackPointExtension></extensions></trkpt><trkpt lat="15.4641013965" lon="73.7964448426"><ele>2.54</ele><time>2025-04-24T01:36:45Z</time><extensions><gpxtpx:TrackPointExtension><gpxtpx:cad>0</gpxtpx:cad></gpxtpx:TrackPointExtension></extensions></trkpt><trkpt lat="15.4642520193" lon="73.7963424157"><ele>2.54</ele><time>2025-04-24T01:36:50Z</time><extensions><gpxtpx:TrackPointExtension><gpxtpx:cad>0</gpxtpx:cad></gpxtpx:TrackPointExtension></extensions></trkpt><trkpt lat="15.4644012172" lon="73.7962466106"><ele>2.06</ele><time>2025-04-24T01:36:55Z</time><extensions><gpxtpx:TrackPointExtension><gpxtpx:cad>0</gpxtpx:cad></gpxtpx:TrackPointExtension></extensions></trkpt><trkpt lat="15.4645543545" lon="73.7961397413"><ele>1.58</ele><time>2025-04-24T01:37:00Z</time><extensions><gpxtpx:TrackPointExtension><gpxtpx:cad>0</gpxtpx:cad></gpxtpx:TrackPointExtension></extensions></trkpt><trkpt lat="15.4647095874" lon="73.7960477080"><ele>1.10</ele><time>2025-04-24T01:37:05Z</time><extensions><gpxtpx:TrackPointExtension><gpxtpx:cad>0</gpxtpx:cad></gpxtpx:TrackPointExtension></extensions></trkpt><trkpt lat="15.4648677539" lon="73.7959465384"><ele>1.10</ele><time>2025-04-24T01:37:10Z</time><extensions><gpxtpx:TrackPointExtension><gpxtpx:cad>0</gpxtpx:cad></gpxtpx:TrackPointExtension></extensions></trkpt><trkpt lat="15.4650262557" lon="73.7958534155"><ele>0.62</ele><time>2025-04-24T01:37:15Z</time><extensions><gpxtpx:TrackPointExtension><gpxtpx:cad>0</gpxtpx:cad></gpxtpx:TrackPointExtension></extensions></trkpt><trkpt lat="15.4651887808" lon="73.7957650702"><ele>0.62</ele><time>2025-04-24T01:37:20Z</time><extensions><gpxtpx:TrackPointExtension><gpxtpx:cad>0</gpxtpx:cad></gpxtpx:TrackPointExtension></extensions></trkpt><trkpt lat="15.4653373081" lon="73.7956692651"><ele>1.10</ele><time>2025-04-24T01:37:25Z</time><extensions><gpxtpx:TrackPointExtension><gpxtpx:cad>0</gpxtpx:cad></gpxtpx:TrackPointExtension></extensions></trkpt><trkpt lat="15.4654974863" lon="73.7955713645"><ele>1.10</ele><time>2025-04-24T01:37:30Z</time><extensions><gpxtpx:TrackPointExtension><gpxtpx:cad>0</gpxtpx:cad></gpxtpx:TrackPointExtension></extensions></trkpt><trkpt lat="15.4656493664" lon="73.7954657525"><ele>1.10</ele><time>2025-04-24T01:37:35Z</time><extensions><gpxtpx:TrackPointExtension><gpxtpx:cad>0</gpxtpx:cad></gpxtpx:TrackPointExtension></extensions></trkpt><trkpt lat="15.4658006597" lon="73.7953703664"><ele>1.10</ele><time>2025-04-24T01:37:40Z</time><extensions><gpxtpx:TrackPointExtension><gpxtpx:cad>0</gpxtpx:cad></gpxtpx:TrackPointExtension></extensions></trkpt><trkpt lat="15.4659579042" lon="73.7952682748"><ele>1.10</ele><time>2025-04-24T01:37:45Z</time><extensions><gpxtpx:TrackPointExtension><gpxtpx:cad>0</gpxtpx:cad></gpxtpx:TrackPointExtension></extensions></trkpt><trkpt lat="15.4661184177" lon="73.7951656803"><ele>1.10</ele><time>2025-04-24T01:37:50Z</time><extensions><gpxtpx:TrackPointExtension><gpxtpx:cad>0</gpxtpx:cad></gpxtpx:TrackPointExtension></extensions></trkpt><trkpt lat="15.4662642628" lon="73.7950490881"><ele>0.62</ele><time>2025-04-24T01:37:55Z</time><extensions><gpxtpx:TrackPointExtension><gpxtpx:cad>0</gpxtpx:cad></gpxtpx:TrackPointExtension></extensions></trkpt><trkpt lat="15.4664044082" lon="73.7949454878"><ele>-0.34</ele><time>2025-04-24T01:38:00Z</time><extensions><gpxtpx:TrackPointExtension><gpxtpx:cad>0</gpxtpx:cad></gpxtpx:TrackPointExtension></extensions></trkpt><trkpt lat="15.4665520135" lon="73.7948316615"><ele>-1.30</ele><time>2025-04-24T01:38:05Z</time><extensions><gpxtpx:TrackPointExtension><gpxtpx:cad>0</gpxtpx:cad></gpxtpx:TrackPointExtension></extensions></trkpt><trkpt lat="15.4666892253" lon="73.7947202660"><ele>-0.34</ele><time>2025-04-24T01:38:10Z</time><extensions><gpxtpx:TrackPointExtension><gpxtpx:cad>0</gpxtpx:cad></gpxtpx:TrackPointExtension></extensions></trkpt><trkpt lat="15.4668400157" lon="73.7946151569"><ele>0.62</ele><time>2025-04-24T01:38:15Z</time><extensions><gpxtpx:TrackPointExtension><gpxtpx:cad>0</gpxtpx:cad></gpxtpx:TrackPointExtension></extensions></trkpt><trkpt lat="15.4669862799" lon="73.7944994029"><ele>1.58</ele><time>2025-04-24T01:38:20Z</time><extensions><gpxtpx:TrackPointExtension><gpxtpx:cad>0</gpxtpx:cad></gpxtpx:TrackPointExtension></extensions></trkpt><trkpt lat="15.4671290237" lon="73.7943887617"><ele>1.58</ele><time>2025-04-24T01:38:25Z</time><extensions><gpxtpx:TrackPointExtension><gpxtpx:cad>0</gpxtpx:cad></gpxtpx:TrackPointExtension></extensions></trkpt><trkpt lat="15.4672703426" lon="73.7942642067"><ele>1.58</ele><time>2025-04-24T01:38:30Z</time><extensions><gpxtpx:TrackPointExtension><gpxtpx:cad>0</gpxtpx:cad></gpxtpx:TrackPointExtension></extensions></trkpt><trkpt lat="15.4674161039" lon="73.7941602711"><ele>2.06</ele><time>2025-04-24T01:38:35Z</time><extensions><gpxtpx:TrackPointExtension><gpxtpx:cad>0</gpxtpx:cad></gpxtpx:TrackPointExtension></extensions></trkpt><trkpt lat="15.4675624520" lon="73.7940349616"><ele>2.06</ele><time>2025-04-24T01:38:40Z</time><extensions><gpxtpx:TrackPointExtension><gpxtpx:cad>0</gpxtpx:cad></gpxtpx:TrackPointExtension></extensions></trkpt><trkpt lat="15.4677089676" lon="73.7939280085"><ele>2.54</ele><time>2025-04-24T01:38:45Z</time><extensions><gpxtpx:TrackPointExtension><gpxtpx:cad>0</gpxtpx:cad></gpxtpx:TrackPointExtension></extensions></trkpt><trkpt lat="15.4678518791" lon="73.7938016094"><ele>3.50</ele><time>2025-04-24T01:38:50Z</time><extensions><gpxtpx:TrackPointExtension><gpxtpx:cad>0</gpxtpx:cad></gpxtpx:TrackPointExtension></extensions></trkpt><trkpt lat="15.4679906834" lon="73.7936847657"><ele>4.46</ele><time>2025-04-24T01:38:55Z</time><extensions><gpxtpx:TrackPointExtension><gpxtpx:cad>0</gpxtpx:cad></gpxtpx:TrackPointExtension></extensions></trkpt><trkpt lat="15.4681401327" lon="73.7935573608"><ele>4.94</ele><time>2025-04-24T01:39:00Z</time><extensions><gpxtpx:TrackPointExtension><gpxtpx:cad>0</gpxtpx:cad></gpxtpx:TrackPointExtension></extensions></trkpt><trkpt lat="15.4682824574" lon="73.7934363261"><ele>5.42</ele><time>2025-04-24T01:39:05Z</time><extensions><gpxtpx:TrackPointExtension><gpxtpx:cad>0</gpxtpx:cad></gpxtpx:TrackPointExtension></extensions></trkpt><trkpt lat="15.4684200883" lon="73.7933031376"><ele>5.42</ele><time>2025-04-24T01:39:10Z</time><extensions><gpxtpx:TrackPointExtension><gpxtpx:cad>0</gpxtpx:cad></gpxtpx:TrackPointExtension></extensions></trkpt><trkpt lat="15.4685526900" lon="73.7931789178"><ele>5.42</ele><time>2025-04-24T01:39:15Z</time><extensions><gpxtpx:TrackPointExtension><gpxtpx:cad>0</gpxtpx:cad></gpxtpx:TrackPointExtension></extensions></trkpt><trkpt lat="15.4686772451" lon="73.7930425443"><ele>5.42</ele><time>2025-04-24T01:39:20Z</time><extensions><gpxtpx:TrackPointExtension><gpxtpx:cad>0</gpxtpx:cad></gpxtpx:TrackPointExtension></extensions></trkpt><trkpt lat="15.4688043147" lon="73.7929002196"><ele>5.42</ele><time>2025-04-24T01:39:25Z</time><extensions><gpxtpx:TrackPointExtension><gpxtpx:cad>0</gpxtpx:cad></gpxtpx:TrackPointExtension></extensions></trkpt><trkpt lat="15.4689224996" lon="73.7927609123"><ele>5.42</ele><time>2025-04-24T01:39:30Z</time><extensions><gpxtpx:TrackPointExtension><gpxtpx:cad>0</gpxtpx:cad></gpxtpx:TrackPointExtension></extensions></trkpt><trkpt lat="15.4690447915" lon="73.7926172465"><ele>5.42</ele><time>2025-04-24T01:39:35Z</time><extensions><gpxtpx:TrackPointExtension><gpxtpx:cad>0</gpxtpx:cad></gpxtpx:TrackPointExtension></extensions></trkpt><trkpt lat="15.4691734537" lon="73.7924812920"><ele>5.42</ele><time>2025-04-24T01:39:40Z</time><extensions><gpxtpx:TrackPointExtension><gpxtpx:cad>0</gpxtpx:cad></gpxtpx:TrackPointExtension></extensions></trkpt><trkpt lat="15.4692651518" lon="73.7923678011"><ele>5.42</ele><time>2025-04-24T01:39:45Z</time><extensions><gpxtpx:TrackPointExtension><gpxtpx:cad>0</gpxtpx:cad></gpxtpx:TrackPointExtension></extensions></trkpt><trkpt lat="15.4693006910" lon="73.7922388874"><ele>5.42</ele><time>2025-04-24T01:39:50Z</time><extensions><gpxtpx:TrackPointExtension><gpxtpx:cad>0</gpxtpx:cad></gpxtpx:TrackPointExtension></extensions></trkpt><trkpt lat="15.4693111684" lon="73.7921041902"><ele>5.42</ele><time>2025-04-24T01:39:55Z</time><extensions><gpxtpx:TrackPointExtension><gpxtpx:cad>0</gpxtpx:cad></gpxtpx:TrackPointExtension></extensions></trkpt><trkpt lat="15.4693189636" lon="73.7919499632"><ele>6.39</ele><time>2025-04-24T01:40:00Z</time><extensions><gpxtpx:TrackPointExtension><gpxtpx:cad>0</gpxtpx:cad></gpxtpx:TrackPointExtension></extensions></trkpt><trkpt lat="15.4693080671" lon="73.7918253243"><ele>6.39</ele><time>2025-04-24T01:40:05Z</time><extensions><gpxtpx:TrackPointExtension><gpxtpx:cad>0</gpxtpx:cad></gpxtpx:TrackPointExtension></extensions></trkpt><trkpt lat="15.4692819156" lon="73.7917268369"><ele>5.42</ele><time>2025-04-24T01:40:10Z</time><extensions><gpxtpx:TrackPointExtension><gpxtpx:cad>0</gpxtpx:cad></gpxtpx:TrackPointExtension></extensions></trkpt><trkpt lat="15.4692604579" lon="73.7916350551"><ele>4.46</ele><time>2025-04-24T01:40:15Z</time><extensions><gpxtpx:TrackPointExtension><gpxtpx:cad>0</gpxtpx:cad></gpxtpx:TrackPointExtension></extensions></trkpt><trkpt lat="15.4692544229" lon="73.7915226538"><ele>3.98</ele><time>2025-04-24T01:40:20Z</time><extensions><gpxtpx:TrackPointExtension><gpxtpx:cad>0</gpxtpx:cad></gpxtpx:TrackPointExtension></extensions></trkpt><trkpt lat="15.4692724440" lon="73.7913948298"><ele>3.50</ele><time>2025-04-24T01:40:25Z</time><extensions><gpxtpx:TrackPointExtension><gpxtpx:cad>0</gpxtpx:cad></gpxtpx:TrackPointExtension></extensions></trkpt><trkpt lat="15.4692854360" lon="73.7912630662"><ele>3.50</ele><time>2025-04-24T01:40:30Z</time><extensions><gpxtpx:TrackPointExtension><gpxtpx:cad>0</gpxtpx:cad></gpxtpx:TrackPointExtension></extensions></trkpt><trkpt lat="15.4692954943" lon="73.7911205739"><ele>3.50</ele><time>2025-04-24T01:40:35Z</time><extensions><gpxtpx:TrackPointExtension><gpxtpx:cad>0</gpxtpx:cad></gpxtpx:TrackPointExtension></extensions></trkpt><trkpt lat="15.4693140183" lon="73.7909805961"><ele>3.50</ele><time>2025-04-24T01:40:40Z</time><extensions><gpxtpx:TrackPointExtension><gpxtpx:cad>0</gpxtpx:cad></gpxtpx:TrackPointExtension></extensions></trkpt><trkpt lat="15.4693442769" lon="73.7908487488"><ele>3.02</ele><time>2025-04-24T01:40:45Z</time><extensions><gpxtpx:TrackPointExtension><gpxtpx:cad>0</gpxtpx:cad></gpxtpx:TrackPointExtension></extensions></trkpt><trkpt lat="15.4693932272" lon="73.7907278817"><ele>3.02</ele><time>2025-04-24T01:40:50Z</time><extensions><gpxtpx:TrackPointExtension><gpxtpx:cad>0</gpxtpx:cad></gpxtpx:TrackPointExtension></extensions></trkpt><trkpt lat="15.4694168642" lon="73.7905985489"><ele>3.02</ele><time>2025-04-24T01:40:55Z</time><extensions><gpxtpx:TrackPointExtension><gpxtpx:cad>0</gpxtpx:cad></gpxtpx:TrackPointExtension></extensions></trkpt><trkpt lat="15.4694332927" lon="73.7904522847"><ele>3.02</ele><time>2025-04-24T01:41:00Z</time><extensions><gpxtpx:TrackPointExtension><gpxtpx:cad>0</gpxtpx:cad></gpxtpx:TrackPointExtension></extensions></trkpt><trkpt lat="15.4694633838" lon="73.7902936153"><ele>3.02</ele><time>2025-04-24T01:41:05Z</time><extensions><gpxtpx:TrackPointExtension><gpxtpx:cad>0</gpxtpx:cad></gpxtpx:TrackPointExtension></extensions></trkpt><trkpt lat="15.4694823269" lon="73.7901307549"><ele>2.54</ele><time>2025-04-24T01:41:10Z</time><extensions><gpxtpx:TrackPointExtension><gpxtpx:cad>0</gpxtpx:cad></gpxtpx:TrackPointExtension></extensions></trkpt><trkpt lat="15.4695073050" lon="73.7899592612"><ele>1.58</ele><time>2025-04-24T01:41:15Z</time><extensions><gpxtpx:TrackPointExtension><gpxtpx:cad>0</gpxtpx:cad></gpxtpx:TrackPointExtension></extensions></trkpt><trkpt lat="15.4695369769" lon="73.7897939701"><ele>1.10</ele><time>2025-04-24T01:41:20Z</time><extensions><gpxtpx:TrackPointExtension><gpxtpx:cad>0</gpxtpx:cad></gpxtpx:TrackPointExtension></extensions></trkpt><trkpt lat="15.4695579316" lon="73.7896261644"><ele>1.10</ele><time>2025-04-24T01:41:25Z</time><extensions><gpxtpx:TrackPointExtension><gpxtpx:cad>0</gpxtpx:cad></gpxtpx:TrackPointExtension></extensions></trkpt><trkpt lat="15.4695133399" lon="73.7894647289"><ele>1.10</ele><time>2025-04-24T01:41:30Z</time><extensions><gpxtpx:TrackPointExtension><gpxtpx:cad>0</gpxtpx:cad></gpxtpx:TrackPointExtension></extensions></trkpt><trkpt lat="15.4694729391" lon="73.7892958336"><ele>1.10</ele><time>2025-04-24T01:41:35Z</time><extensions><gpxtpx:TrackPointExtension><gpxtpx:cad>0</gpxtpx:cad></gpxtpx:TrackPointExtension></extensions></trkpt><trkpt lat="15.4694483802" lon="73.7891274411"><ele>0.62</ele><time>2025-04-24T01:41:40Z</time><extensions><gpxtpx:TrackPointExtension><gpxtpx:cad>0</gpxtpx:cad></gpxtpx:TrackPointExtension></extensions></trkpt><trkpt lat="15.4693833366" lon="73.7889770698"><ele>0.14</ele><time>2025-04-24T01:41:45Z</time><extensions><gpxtpx:TrackPointExtension><gpxtpx:cad>0</gpxtpx:cad></gpxtpx:TrackPointExtension></extensions></trkpt><trkpt lat="15.4693312012" lon="73.7888112757"><ele>0.14</ele><time>2025-04-24T01:41:50Z</time><extensions><gpxtpx:TrackPointExtension><gpxtpx:cad>0</gpxtpx:cad></gpxtpx:TrackPointExtension></extensions></trkpt><trkpt lat="15.4693029542" lon="73.7886345014"><ele>0.62</ele><time>2025-04-24T01:41:55Z</time><extensions><gpxtpx:TrackPointExtension><gpxtpx:cad>0</gpxtpx:cad></gpxtpx:TrackPointExtension></extensions></trkpt><trkpt lat="15.4692818318" lon="73.7884728983"><ele>0.62</ele><time>2025-04-24T01:42:00Z</time><extensions><gpxtpx:TrackPointExtension><gpxtpx:cad>0</gpxtpx:cad></gpxtpx:TrackPointExtension></extensions></trkpt><trkpt lat="15.4692475498" lon="73.7882967945"><ele>0.62</ele><time>2025-04-24T01:42:05Z</time><extensions><gpxtpx:TrackPointExtension><gpxtpx:cad>0</gpxtpx:cad></gpxtpx:TrackPointExtension></extensions></trkpt><trkpt lat="15.4692291934" lon="73.7881221157"><ele>0.14</ele><time>2025-04-24T01:42:10Z</time><extensions><gpxtpx:TrackPointExtension><gpxtpx:cad>0</gpxtpx:cad></gpxtpx:TrackPointExtension></extensions></trkpt><trkpt lat="15.4692198895" lon="73.7879444193"><ele>0.14</ele><time>2025-04-24T01:42:15Z</time><extensions><gpxtpx:TrackPointExtension><gpxtpx:cad>0</gpxtpx:cad></gpxtpx:TrackPointExtension></extensions></trkpt><trkpt lat="15.4692089930" lon="73.7877647951"><ele>0.14</ele><time>2025-04-24T01:42:20Z</time><extensions><gpxtpx:TrackPointExtension><gpxtpx:cad>0</gpxtpx:cad></gpxtpx:TrackPointExtension></extensions></trkpt><trkpt lat="15.4692006949" lon="73.7875852548"><ele>0.62</ele><time>2025-04-24T01:42:25Z</time><extensions><gpxtpx:TrackPointExtension><gpxtpx:cad>0</gpxtpx:cad></gpxtpx:TrackPointExtension></extensions></trkpt><trkpt lat="15.4691964202" lon="73.7874048762"><ele>1.10</ele><time>2025-04-24T01:42:30Z</time><extensions><gpxtpx:TrackPointExtension><gpxtpx:cad>0</gpxtpx:cad></gpxtpx:TrackPointExtension></extensions></trkpt><trkpt lat="15.4691929836" lon="73.7872307841"><ele>1.10</ele><time>2025-04-24T01:42:35Z</time><extensions><gpxtpx:TrackPointExtension><gpxtpx:cad>0</gpxtpx:cad></gpxtpx:TrackPointExtension></extensions></trkpt><trkpt lat="15.4691920616" lon="73.7870540097"><ele>1.58</ele><time>2025-04-24T01:42:40Z</time><extensions><gpxtpx:TrackPointExtension><gpxtpx:cad>0</gpxtpx:cad></gpxtpx:TrackPointExtension></extensions></trkpt><trkpt lat="15.4691892955" lon="73.7868820131"><ele>1.10</ele><time>2025-04-24T01:42:45Z</time><extensions><gpxtpx:TrackPointExtension><gpxtpx:cad>0</gpxtpx:cad></gpxtpx:TrackPointExtension></extensions></trkpt><trkpt lat="15.4691878706" lon="73.7867045682"><ele>1.10</ele><time>2025-04-24T01:42:50Z</time><extensions><gpxtpx:TrackPointExtension><gpxtpx:cad>0</gpxtpx:cad></gpxtpx:TrackPointExtension></extensions></trkpt><trkpt lat="15.4691774771" lon="73.7865350861"><ele>1.10</ele><time>2025-04-24T01:42:55Z</time><extensions><gpxtpx:TrackPointExtension><gpxtpx:cad>0</gpxtpx:cad></gpxtpx:TrackPointExtension></extensions></trkpt><trkpt lat="15.4691583663" lon="73.7863541208"><ele>0.62</ele><time>2025-04-24T01:43:00Z</time><extensions><gpxtpx:TrackPointExtension><gpxtpx:cad>0</gpxtpx:cad></gpxtpx:TrackPointExtension></extensions></trkpt><trkpt lat="15.4691424407" lon="73.7861838005"><ele>0.14</ele><time>2025-04-24T01:43:05Z</time><extensions><gpxtpx:TrackPointExtension><gpxtpx:cad>0</gpxtpx:cad></gpxtpx:TrackPointExtension></extensions></trkpt><trkpt lat="15.4691469669" lon="73.7860048469"><ele>0.14</ele><time>2025-04-24T01:43:10Z</time><extensions><gpxtpx:TrackPointExtension><gpxtpx:cad>0</gpxtpx:cad></gpxtpx:TrackPointExtension></extensions></trkpt><trkpt lat="15.4691492300" lon="73.7858263962"><ele>0.14</ele><time>2025-04-24T01:43:15Z</time><extensions><gpxtpx:TrackPointExtension><gpxtpx:cad>0</gpxtpx:cad></gpxtpx:TrackPointExtension></extensions></trkpt><trkpt lat="15.4691597074" lon="73.7856571656"><ele>0.14</ele><time>2025-04-24T01:43:20Z</time><extensions><gpxtpx:TrackPointExtension><gpxtpx:cad>0</gpxtpx:cad></gpxtpx:TrackPointExtension></extensions></trkpt><trkpt lat="15.4691683408" lon="73.7854767870"><ele>0.62</ele><time>2025-04-24T01:43:25Z</time><extensions><gpxtpx:TrackPointExtension><gpxtpx:cad>0</gpxtpx:cad></gpxtpx:TrackPointExtension></extensions></trkpt><trkpt lat="15.4691868648" lon="73.7852980010"><ele>0.14</ele><time>2025-04-24T01:43:30Z</time><extensions><gpxtpx:TrackPointExtension><gpxtpx:cad>0</gpxtpx:cad></gpxtpx:TrackPointExtension></extensions></trkpt><trkpt lat="15.4692031257" lon="73.7851212267"><ele>-0.34</ele><time>2025-04-24T01:43:35Z</time><extensions><gpxtpx:TrackPointExtension><gpxtpx:cad>0</gpxtpx:cad></gpxtpx:TrackPointExtension></extensions></trkpt><trkpt lat="15.4692242481" lon="73.7849417701"><ele>-0.82</ele><time>2025-04-24T01:43:40Z</time><extensions><gpxtpx:TrackPointExtension><gpxtpx:cad>0</gpxtpx:cad></gpxtpx:TrackPointExtension></extensions></trkpt><trkpt lat="15.4692286905" lon="73.7847630680"><ele>-0.34</ele><time>2025-04-24T01:43:45Z</time><extensions><gpxtpx:TrackPointExtension><gpxtpx:cad>0</gpxtpx:cad></gpxtpx:TrackPointExtension></extensions></trkpt><trkpt lat="15.4692428559" lon="73.7845815159"><ele>0.62</ele><time>2025-04-24T01:43:50Z</time><extensions><gpxtpx:TrackPointExtension><gpxtpx:cad>0</gpxtpx:cad></gpxtpx:TrackPointExtension></extensions></trkpt><trkpt lat="15.4692501482" lon="73.7844089326"><ele>0.62</ele><time>2025-04-24T01:43:55Z</time><extensions><gpxtpx:TrackPointExtension><gpxtpx:cad>0</gpxtpx:cad></gpxtpx:TrackPointExtension></extensions></trkpt><trkpt lat="15.4692516569" lon="73.7842322420"><ele>1.58</ele><time>2025-04-24T01:44:00Z</time><extensions><gpxtpx:TrackPointExtension><gpxtpx:cad>0</gpxtpx:cad></gpxtpx:TrackPointExtension></extensions></trkpt><trkpt lat="15.4692672472" lon="73.7840611674"><ele>2.06</ele><time>2025-04-24T01:44:05Z</time><extensions><gpxtpx:TrackPointExtension><gpxtpx:cad>0</gpxtpx:cad></gpxtpx:TrackPointExtension></extensions></trkpt><trkpt lat="15.4692881182" lon="73.7838869076"><ele>2.54</ele><time>2025-04-24T01:44:10Z</time><extensions><gpxtpx:TrackPointExtension><gpxtpx:cad>0</gpxtpx:cad></gpxtpx:TrackPointExtension></extensions></trkpt><trkpt lat="15.4692959972" lon="73.7836997397"><ele>3.02</ele><time>2025-04-24T01:44:15Z</time><extensions><gpxtpx:TrackPointExtension><gpxtpx:cad>0</gpxtpx:cad></gpxtpx:TrackPointExtension></extensions></trkpt><trkpt lat="15.4693145212" lon="73.7835279107"><ele>3.02</ele><time>2025-04-24T01:44:20Z</time><extensions><gpxtpx:TrackPointExtension><gpxtpx:cad>0</gpxtpx:cad></gpxtpx:TrackPointExtension></extensions></trkpt><trkpt lat="15.4693280160" lon="73.7833500467"><ele>2.54</ele><time>2025-04-24T01:44:25Z</time><extensions><gpxtpx:TrackPointExtension><gpxtpx:cad>0</gpxtpx:cad></gpxtpx:TrackPointExtension></extensions></trkpt><trkpt lat="15.4693462886" lon="73.7831811514"><ele>2.54</ele><time>2025-04-24T01:44:30Z</time><extensions><gpxtpx:TrackPointExtension><gpxtpx:cad>0</gpxtpx:cad></gpxtpx:TrackPointExtension></extensions></trkpt><trkpt lat="15.4693554249" lon="73.7829975039"><ele>3.02</ele><time>2025-04-24T01:44:35Z</time><extensions><gpxtpx:TrackPointExtension><gpxtpx:cad>0</gpxtpx:cad></gpxtpx:TrackPointExtension></extensions></trkpt><trkpt lat="15.4693667404" lon="73.7828210648"><ele>3.02</ele><time>2025-04-24T01:44:40Z</time><extensions><gpxtpx:TrackPointExtension><gpxtpx:cad>0</gpxtpx:cad></gpxtpx:TrackPointExtension></extensions></trkpt><trkpt lat="15.4693814088" lon="73.7826381717"><ele>3.02</ele><time>2025-04-24T01:44:45Z</time><extensions><gpxtpx:TrackPointExtension><gpxtpx:cad>0</gpxtpx:cad></gpxtpx:TrackPointExtension></extensions></trkpt><trkpt lat="15.4694161937" lon="73.7824603077"><ele>2.54</ele><time>2025-04-24T01:44:50Z</time><extensions><gpxtpx:TrackPointExtension><gpxtpx:cad>0</gpxtpx:cad></gpxtpx:TrackPointExtension></extensions></trkpt><trkpt lat="15.4694611207" lon="73.7822886463"><ele>2.06</ele><time>2025-04-24T01:44:55Z</time><extensions><gpxtpx:TrackPointExtension><gpxtpx:cad>0</gpxtpx:cad></gpxtpx:TrackPointExtension></extensions></trkpt><trkpt lat="15.4694993421" lon="73.7821184099"><ele>2.06</ele><time>2025-04-24T01:45:00Z</time><extensions><gpxtpx:TrackPointExtension><gpxtpx:cad>0</gpxtpx:cad></gpxtpx:TrackPointExtension></extensions></trkpt><trkpt lat="15.4695394915" lon="73.7819391210"><ele>1.58</ele><time>2025-04-24T01:45:05Z</time><extensions><gpxtpx:TrackPointExtension><gpxtpx:cad>0</gpxtpx:cad></gpxtpx:TrackPointExtension></extensions></trkpt><trkpt lat="15.4695790540" lon="73.7817662861"><ele>2.06</ele><time>2025-04-24T01:45:10Z</time><extensions><gpxtpx:TrackPointExtension><gpxtpx:cad>0</gpxtpx:cad></gpxtpx:TrackPointExtension></extensions></trkpt><trkpt lat="15.4696191195" lon="73.7815893441"><ele>2.06</ele><time>2025-04-24T01:45:15Z</time><extensions><gpxtpx:TrackPointExtension><gpxtpx:cad>0</gpxtpx:cad></gpxtpx:TrackPointExtension></extensions></trkpt><trkpt lat="15.4696545750" lon="73.7814023439"><ele>1.10</ele><time>2025-04-24T01:45:20Z</time><extensions><gpxtpx:TrackPointExtension><gpxtpx:cad>0</gpxtpx:cad></gpxtpx:TrackPointExtension></extensions></trkpt><trkpt lat="15.4696783796" lon="73.7812362984"><ele>1.10</ele><time>2025-04-24T01:45:25Z</time><extensions><gpxtpx:TrackPointExtension><gpxtpx:cad>0</gpxtpx:cad></gpxtpx:TrackPointExtension></extensions></trkpt><trkpt lat="15.4697016813" lon="73.7810665648"><ele>1.10</ele><time>2025-04-24T01:45:30Z</time><extensions><gpxtpx:TrackPointExtension><gpxtpx:cad>0</gpxtpx:cad></gpxtpx:TrackPointExtension></extensions></trkpt><trkpt lat="15.4697220493" lon="73.7808919698"><ele>1.10</ele><time>2025-04-24T01:45:35Z</time><extensions><gpxtpx:TrackPointExtension><gpxtpx:cad>0</gpxtpx:cad></gpxtpx:TrackPointExtension></extensions></trkpt><trkpt lat="15.4697449319" lon="73.7807210628"><ele>1.58</ele><time>2025-04-24T01:45:40Z</time><extensions><gpxtpx:TrackPointExtension><gpxtpx:cad>0</gpxtpx:cad></gpxtpx:TrackPointExtension></extensions></trkpt><trkpt lat="15.4697729275" lon="73.7805431988"><ele>1.10</ele><time>2025-04-24T01:45:45Z</time><extensions><gpxtpx:TrackPointExtension><gpxtpx:cad>0</gpxtpx:cad></gpxtpx:TrackPointExtension></extensions></trkpt><trkpt lat="15.4698302597" lon="73.7803717889"><ele>1.58</ele><time>2025-04-24T01:45:50Z</time><extensions><gpxtpx:TrackPointExtension><gpxtpx:cad>0</gpxtpx:cad></gpxtpx:TrackPointExtension></extensions></trkpt><trkpt lat="15.4698704928" lon="73.7802054081"><ele>1.58</ele><time>2025-04-24T01:45:55Z</time><extensions><gpxtpx:TrackPointExtension><gpxtpx:cad>0</gpxtpx:cad></gpxtpx:TrackPointExtension></extensions></trkpt><trkpt lat="15.4698927049" lon="73.7800293881"><ele>1.58</ele><time>2025-04-24T01:46:00Z</time><extensions><gpxtpx:TrackPointExtension><gpxtpx:cad>0</gpxtpx:cad></gpxtpx:TrackPointExtension></extensions></trkpt><trkpt lat="15.4699486122" lon="73.7798601575"><ele>1.10</ele><time>2025-04-24T01:46:05Z</time><extensions><gpxtpx:TrackPointExtension><gpxtpx:cad>0</gpxtpx:cad></gpxtpx:TrackPointExtension></extensions></trkpt><trkpt lat="15.4700022563" lon="73.7796843052"><ele>1.10</ele><time>2025-04-24T01:46:10Z</time><extensions><gpxtpx:TrackPointExtension><gpxtpx:cad>0</gpxtpx:cad></gpxtpx:TrackPointExtension></extensions></trkpt><trkpt lat="15.4700645339" lon="73.7795216125"><ele>1.10</ele><time>2025-04-24T01:46:15Z</time><extensions><gpxtpx:TrackPointExtension><gpxtpx:cad>0</gpxtpx:cad></gpxtpx:TrackPointExtension></extensions></trkpt><trkpt lat="15.4701020010" lon="73.7793513760"><ele>1.10</ele><time>2025-04-24T01:46:20Z</time><extensions><gpxtpx:TrackPointExtension><gpxtpx:cad>0</gpxtpx:cad></gpxtpx:TrackPointExtension></extensions></trkpt><trkpt lat="15.4701365344" lon="73.7791848276"><ele>1.10</ele><time>2025-04-24T01:46:25Z</time><extensions><gpxtpx:TrackPointExtension><gpxtpx:cad>0</gpxtpx:cad></gpxtpx:TrackPointExtension></extensions></trkpt><trkpt lat="15.4701715708" lon="73.7790140044"><ele>1.10</ele><time>2025-04-24T01:46:30Z</time><extensions><gpxtpx:TrackPointExtension><gpxtpx:cad>0</gpxtpx:cad></gpxtpx:TrackPointExtension></extensions></trkpt><trkpt lat="15.4702097923" lon="73.7788455281"><ele>1.10</ele><time>2025-04-24T01:46:35Z</time><extensions><gpxtpx:TrackPointExtension><gpxtpx:cad>0</gpxtpx:cad></gpxtpx:TrackPointExtension></extensions></trkpt><trkpt lat="15.4702623468" lon="73.7786777224"><ele>1.58</ele><time>2025-04-24T01:46:40Z</time><extensions><gpxtpx:TrackPointExtension><gpxtpx:cad>0</gpxtpx:cad></gpxtpx:TrackPointExtension></extensions></trkpt><trkpt lat="15.4702963773" lon="73.7784996908"><ele>2.06</ele><time>2025-04-24T01:46:45Z</time><extensions><gpxtpx:TrackPointExtension><gpxtpx:cad>0</gpxtpx:cad></gpxtpx:TrackPointExtension></extensions></trkpt><trkpt lat="15.4703235347" lon="73.7783223297"><ele>2.54</ele><time>2025-04-24T01:46:50Z</time><extensions><gpxtpx:TrackPointExtension><gpxtpx:cad>0</gpxtpx:cad></gpxtpx:TrackPointExtension></extensions></trkpt><trkpt lat="15.4703530390" lon="73.7781386822"><ele>2.06</ele><time>2025-04-24T01:46:55Z</time><extensions><gpxtpx:TrackPointExtension><gpxtpx:cad>0</gpxtpx:cad></gpxtpx:TrackPointExtension></extensions></trkpt><trkpt lat="15.4703770112" lon="73.7779532745"><ele>1.10</ele><time>2025-04-24T01:47:00Z</time><extensions><gpxtpx:TrackPointExtension><gpxtpx:cad>0</gpxtpx:cad></gpxtpx:TrackPointExtension></extensions></trkpt><trkpt lat="15.4704069346" lon="73.7777830381"><ele>1.10</ele><time>2025-04-24T01:47:05Z</time><extensions><gpxtpx:TrackPointExtension><gpxtpx:cad>0</gpxtpx:cad></gpxtpx:TrackPointExtension></extensions></trkpt><trkpt lat="15.4704387859" lon="73.7776084431"><ele>0.62</ele><time>2025-04-24T01:47:10Z</time><extensions><gpxtpx:TrackPointExtension><gpxtpx:cad>0</gpxtpx:cad></gpxtpx:TrackPointExtension></extensions></trkpt><trkpt lat="15.4704504367" lon="73.7774318364"><ele>0.62</ele><time>2025-04-24T01:47:15Z</time><extensions><gpxtpx:TrackPointExtension><gpxtpx:cad>0</gpxtpx:cad></gpxtpx:TrackPointExtension></extensions></trkpt><trkpt lat="15.4704847187" lon="73.7772655394"><ele>-0.34</ele><time>2025-04-24T01:47:20Z</time><extensions><gpxtpx:TrackPointExtension><gpxtpx:cad>0</gpxtpx:cad></gpxtpx:TrackPointExtension></extensions></trkpt><trkpt lat="15.4704811983" lon="73.7770948000"><ele>-0.82</ele><time>2025-04-24T01:47:25Z</time><extensions><gpxtpx:TrackPointExtension><gpxtpx:cad>0</gpxtpx:cad></gpxtpx:TrackPointExtension></extensions></trkpt><trkpt lat="15.4704915918" lon="73.7769201212"><ele>-0.82</ele><time>2025-04-24T01:47:30Z</time><extensions><gpxtpx:TrackPointExtension><gpxtpx:cad>0</gpxtpx:cad></gpxtpx:TrackPointExtension></extensions></trkpt><trkpt lat="15.4705038294" lon="73.7767397426"><ele>-1.30</ele><time>2025-04-24T01:47:35Z</time><extensions><gpxtpx:TrackPointExtension><gpxtpx:cad>0</gpxtpx:cad></gpxtpx:TrackPointExtension></extensions></trkpt><trkpt lat="15.4705127981" lon="73.7765606213"><ele>-0.34</ele><time>2025-04-24T01:47:40Z</time><extensions><gpxtpx:TrackPointExtension><gpxtpx:cad>0</gpxtpx:cad></gpxtpx:TrackPointExtension></extensions></trkpt><trkpt lat="15.4705360159" lon="73.7763871159"><ele>-0.34</ele><time>2025-04-24T01:47:45Z</time><extensions><gpxtpx:TrackPointExtension><gpxtpx:cad>0</gpxtpx:cad></gpxtpx:TrackPointExtension></extensions></trkpt><trkpt lat="15.4705431405" lon="73.7762054801"><ele>0.14</ele><time>2025-04-24T01:47:50Z</time><extensions><gpxtpx:TrackPointExtension><gpxtpx:cad>0</gpxtpx:cad></gpxtpx:TrackPointExtension></extensions></trkpt><trkpt lat="15.4705617484" lon="73.7760280352"><ele>0.14</ele><time>2025-04-24T01:47:55Z</time><extensions><gpxtpx:TrackPointExtension><gpxtpx:cad>0</gpxtpx:cad></gpxtpx:TrackPointExtension></extensions></trkpt><trkpt lat="15.4705744050" lon="73.7758515123"><ele>0.14</ele><time>2025-04-24T01:48:00Z</time><extensions><gpxtpx:TrackPointExtension><gpxtpx:cad>0</gpxtpx:cad></gpxtpx:TrackPointExtension></extensions></trkpt><trkpt lat="15.4705801886" lon="73.7756696250"><ele>0.14</ele><time>2025-04-24T01:48:05Z</time><extensions><gpxtpx:TrackPointExtension><gpxtpx:cad>0</gpxtpx:cad></gpxtpx:TrackPointExtension></extensions></trkpt><trkpt lat="15.4705890734" lon="73.7754933536"><ele>0.62</ele><time>2025-04-24T01:48:10Z</time><extensions><gpxtpx:TrackPointExtension><gpxtpx:cad>0</gpxtpx:cad></gpxtpx:TrackPointExtension></extensions></trkpt><trkpt lat="15.4706131294" lon="73.7753211055"><ele>0.62</ele><time>2025-04-24T01:48:15Z</time><extensions><gpxtpx:TrackPointExtension><gpxtpx:cad>0</gpxtpx:cad></gpxtpx:TrackPointExtension></extensions></trkpt><trkpt lat="15.4706383590" lon="73.7751494441"><ele>0.62</ele><time>2025-04-24T01:48:20Z</time><extensions><gpxtpx:TrackPointExtension><gpxtpx:cad>0</gpxtpx:cad></gpxtpx:TrackPointExtension></extensions></trkpt><trkpt lat="15.4706681147" lon="73.7749780342"><ele>0.62</ele><time>2025-04-24T01:48:25Z</time><extensions><gpxtpx:TrackPointExtension><gpxtpx:cad>0</gpxtpx:cad></gpxtpx:TrackPointExtension></extensions></trkpt><trkpt lat="15.4707123712" lon="73.7748094741"><ele>0.62</ele><time>2025-04-24T01:48:30Z</time><extensions><gpxtpx:TrackPointExtension><gpxtpx:cad>0</gpxtpx:cad></gpxtpx:TrackPointExtension></extensions></trkpt><trkpt lat="15.4707363434" lon="73.7746334542"><ele>0.14</ele><time>2025-04-24T01:48:35Z</time><extensions><gpxtpx:TrackPointExtension><gpxtpx:cad>0</gpxtpx:cad></gpxtpx:TrackPointExtension></extensions></trkpt><trkpt lat="15.4707572144" lon="73.7744637206"><ele>0.62</ele><time>2025-04-24T01:48:40Z</time><extensions><gpxtpx:TrackPointExtension><gpxtpx:cad>0</gpxtpx:cad></gpxtpx:TrackPointExtension></extensions></trkpt><trkpt lat="15.4707852099" lon="73.7742936518"><ele>0.62</ele><time>2025-04-24T01:48:45Z</time><extensions><gpxtpx:TrackPointExtension><gpxtpx:cad>0</gpxtpx:cad></gpxtpx:TrackPointExtension></extensions></trkpt><trkpt lat="15.4708114453" lon="73.7741123512"><ele>0.62</ele><time>2025-04-24T01:48:50Z</time><extensions><gpxtpx:TrackPointExtension><gpxtpx:cad>0</gpxtpx:cad></gpxtpx:TrackPointExtension></extensions></trkpt><trkpt lat="15.4708262812" lon="73.7739325594"><ele>0.62</ele><time>2025-04-24T01:48:55Z</time><extensions><gpxtpx:TrackPointExtension><gpxtpx:cad>0</gpxtpx:cad></gpxtpx:TrackPointExtension></extensions></trkpt><trkpt lat="15.4708459787" lon="73.7737546954"><ele>0.14</ele><time>2025-04-24T01:49:00Z</time><extensions><gpxtpx:TrackPointExtension><gpxtpx:cad>0</gpxtpx:cad></gpxtpx:TrackPointExtension></extensions></trkpt><trkpt lat="15.4708478227" lon="73.7735750712"><ele>-0.34</ele><time>2025-04-24T01:49:05Z</time><extensions><gpxtpx:TrackPointExtension><gpxtpx:cad>0</gpxtpx:cad></gpxtpx:TrackPointExtension></extensions></trkpt><trkpt lat="15.4708720464" lon="73.7734003924"><ele>0.14</ele><time>2025-04-24T01:49:10Z</time><extensions><gpxtpx:TrackPointExtension><gpxtpx:cad>0</gpxtpx:cad></gpxtpx:TrackPointExtension></extensions></trkpt><trkpt lat="15.4708825238" lon="73.7732187565"><ele>0.62</ele><time>2025-04-24T01:49:15Z</time><extensions><gpxtpx:TrackPointExtension><gpxtpx:cad>0</gpxtpx:cad></gpxtpx:TrackPointExtension></extensions></trkpt><trkpt lat="15.4708993714" lon="73.7730419822"><ele>0.62</ele><time>2025-04-24T01:49:20Z</time><extensions><gpxtpx:TrackPointExtension><gpxtpx:cad>0</gpxtpx:cad></gpxtpx:TrackPointExtension></extensions></trkpt><trkpt lat="15.4709258582" lon="73.7728701532"><ele>0.62</ele><time>2025-04-24T01:49:25Z</time><extensions><gpxtpx:TrackPointExtension><gpxtpx:cad>0</gpxtpx:cad></gpxtpx:TrackPointExtension></extensions></trkpt><trkpt lat="15.4709400237" lon="73.7726962287"><ele>0.14</ele><time>2025-04-24T01:49:30Z</time><extensions><gpxtpx:TrackPointExtension><gpxtpx:cad>0</gpxtpx:cad></gpxtpx:TrackPointExtension></extensions></trkpt><trkpt lat="15.4709656723" lon="73.7725259084"><ele>0.62</ele><time>2025-04-24T01:49:35Z</time><extensions><gpxtpx:TrackPointExtension><gpxtpx:cad>0</gpxtpx:cad></gpxtpx:TrackPointExtension></extensions></trkpt><trkpt lat="15.4709796701" lon="73.7723564263"><ele>0.14</ele><time>2025-04-24T01:49:40Z</time><extensions><gpxtpx:TrackPointExtension><gpxtpx:cad>0</gpxtpx:cad></gpxtpx:TrackPointExtension></extensions></trkpt><trkpt lat="15.4709952604" lon="73.7721828371"><ele>0.62</ele><time>2025-04-24T01:49:45Z</time><extensions><gpxtpx:TrackPointExtension><gpxtpx:cad>0</gpxtpx:cad></gpxtpx:TrackPointExtension></extensions></trkpt><trkpt lat="15.4710246809" lon="73.7720069010"><ele>0.62</ele><time>2025-04-24T01:49:50Z</time><extensions><gpxtpx:TrackPointExtension><gpxtpx:cad>0</gpxtpx:cad></gpxtpx:TrackPointExtension></extensions></trkpt><trkpt lat="15.4710500780" lon="73.7718230020"><ele>0.62</ele><time>2025-04-24T01:49:55Z</time><extensions><gpxtpx:TrackPointExtension><gpxtpx:cad>0</gpxtpx:cad></gpxtpx:TrackPointExtension></extensions></trkpt><trkpt lat="15.4710815940" lon="73.7716488261"><ele>0.14</ele><time>2025-04-24T01:50:00Z</time><extensions><gpxtpx:TrackPointExtension><gpxtpx:cad>0</gpxtpx:cad></gpxtpx:TrackPointExtension></extensions></trkpt><trkpt lat="15.4710844439" lon="73.7714742310"><ele>-0.82</ele><time>2025-04-24T01:50:05Z</time><extensions><gpxtpx:TrackPointExtension><gpxtpx:cad>0</gpxtpx:cad></gpxtpx:TrackPointExtension></extensions></trkpt><trkpt lat="15.4710939992" lon="73.7712952774"><ele>-1.30</ele><time>2025-04-24T01:50:10Z</time><extensions><gpxtpx:TrackPointExtension><gpxtpx:cad>0</gpxtpx:cad></gpxtpx:TrackPointExtension></extensions></trkpt><trkpt lat="15.4710934125" lon="73.7711216882"><ele>-1.30</ele><time>2025-04-24T01:50:15Z</time><extensions><gpxtpx:TrackPointExtension><gpxtpx:cad>0</gpxtpx:cad></gpxtpx:TrackPointExtension></extensions></trkpt><trkpt lat="15.4710950889" lon="73.7709419802"><ele>-1.79</ele><time>2025-04-24T01:50:20Z</time><extensions><gpxtpx:TrackPointExtension><gpxtpx:cad>0</gpxtpx:cad></gpxtpx:TrackPointExtension></extensions></trkpt><trkpt lat="15.4711024649" lon="73.7707663793"><ele>-1.30</ele><time>2025-04-24T01:50:25Z</time><extensions><gpxtpx:TrackPointExtension><gpxtpx:cad>0</gpxtpx:cad></gpxtpx:TrackPointExtension></extensions></trkpt><trkpt lat="15.4711064883" lon="73.7705869228"><ele>-0.34</ele><time>2025-04-24T01:50:30Z</time><extensions><gpxtpx:TrackPointExtension><gpxtpx:cad>0</gpxtpx:cad></gpxtpx:TrackPointExtension></extensions></trkpt><trkpt lat="15.4711173847" lon="73.7704137526"><ele>-0.34</ele><time>2025-04-24T01:50:35Z</time><extensions><gpxtpx:TrackPointExtension><gpxtpx:cad>0</gpxtpx:cad></gpxtpx:TrackPointExtension></extensions></trkpt><trkpt lat="15.4711245093" lon="73.7702384032"><ele>0.14</ele><time>2025-04-24T01:50:40Z</time><extensions><gpxtpx:TrackPointExtension><gpxtpx:cad>0</gpxtpx:cad></gpxtpx:TrackPointExtension></extensions></trkpt><trkpt lat="15.4711307958" lon="73.7700555939"><ele>0.62</ele><time>2025-04-24T01:50:45Z</time><extensions><gpxtpx:TrackPointExtension><gpxtpx:cad>0</gpxtpx:cad></gpxtpx:TrackPointExtension></extensions></trkpt><trkpt lat="15.4711564444" lon="73.7698865309"><ele>1.10</ele><time>2025-04-24T01:50:50Z</time><extensions><gpxtpx:TrackPointExtension><gpxtpx:cad>0</gpxtpx:cad></gpxtpx:TrackPointExtension></extensions></trkpt><trkpt lat="15.4711587913" lon="73.7697000336"><ele>0.62</ele><time>2025-04-24T01:50:55Z</time><extensions><gpxtpx:TrackPointExtension><gpxtpx:cad>0</gpxtpx:cad></gpxtpx:TrackPointExtension></extensions></trkpt><trkpt lat="15.4711581208" lon="73.7695259415"><ele>0.14</ele><time>2025-04-24T01:51:00Z</time><extensions><gpxtpx:TrackPointExtension><gpxtpx:cad>0</gpxtpx:cad></gpxtpx:TrackPointExtension></extensions></trkpt><trkpt lat="15.4711674247" lon="73.7693522684"><ele>0.14</ele><time>2025-04-24T01:51:05Z</time><extensions><gpxtpx:TrackPointExtension><gpxtpx:cad>0</gpxtpx:cad></gpxtpx:TrackPointExtension></extensions></trkpt><trkpt lat="15.4711715318" lon="73.7691677827"><ele>0.14</ele><time>2025-04-24T01:51:10Z</time><extensions><gpxtpx:TrackPointExtension><gpxtpx:cad>0</gpxtpx:cad></gpxtpx:TrackPointExtension></extensions></trkpt><trkpt lat="15.4711691849" lon="73.7689967081"><ele>0.62</ele><time>2025-04-24T01:51:15Z</time><extensions><gpxtpx:TrackPointExtension><gpxtpx:cad>0</gpxtpx:cad></gpxtpx:TrackPointExtension></extensions></trkpt><trkpt lat="15.4711535946" lon="73.7688144017"><ele>0.14</ele><time>2025-04-24T01:51:20Z</time><extensions><gpxtpx:TrackPointExtension><gpxtpx:cad>0</gpxtpx:cad></gpxtpx:TrackPointExtension></extensions></trkpt><trkpt lat="15.4711533431" lon="73.7686399743"><ele>0.14</ele><time>2025-04-24T01:51:25Z</time><extensions><gpxtpx:TrackPointExtension><gpxtpx:cad>0</gpxtpx:cad></gpxtpx:TrackPointExtension></extensions></trkpt><trkpt lat="15.4711416923" lon="73.7684705760"><ele>0.62</ele><time>2025-04-24T01:51:30Z</time><extensions><gpxtpx:TrackPointExtension><gpxtpx:cad>0</gpxtpx:cad></gpxtpx:TrackPointExtension></extensions></trkpt><trkpt lat="15.4711350705" lon="73.7682911195"><ele>1.10</ele><time>2025-04-24T01:51:35Z</time><extensions><gpxtpx:TrackPointExtension><gpxtpx:cad>0</gpxtpx:cad></gpxtpx:TrackPointExtension></extensions></trkpt><trkpt lat="15.4711413570" lon="73.7681190390"><ele>1.58</ele><time>2025-04-24T01:51:40Z</time><extensions><gpxtpx:TrackPointExtension><gpxtpx:cad>0</gpxtpx:cad></gpxtpx:TrackPointExtension></extensions></trkpt><trkpt lat="15.4711468052" lon="73.7679329608"><ele>1.58</ele><time>2025-04-24T01:51:45Z</time><extensions><gpxtpx:TrackPointExtension><gpxtpx:cad>0</gpxtpx:cad></gpxtpx:TrackPointExtension></extensions></trkpt><trkpt lat="15.4711546842" lon="73.7677582819"><ele>2.06</ele><time>2025-04-24T01:51:50Z</time><extensions><gpxtpx:TrackPointExtension><gpxtpx:cad>0</gpxtpx:cad></gpxtpx:TrackPointExtension></extensions></trkpt><trkpt lat="15.4711606354" lon="73.7675821781"><ele>2.06</ele><time>2025-04-24T01:51:55Z</time><extensions><gpxtpx:TrackPointExtension><gpxtpx:cad>0</gpxtpx:cad></gpxtpx:TrackPointExtension></extensions></trkpt><trkpt lat="15.4711789079" lon="73.7674044818"><ele>2.06</ele><time>2025-04-24T01:52:00Z</time><extensions><gpxtpx:TrackPointExtension><gpxtpx:cad>0</gpxtpx:cad></gpxtpx:TrackPointExtension></extensions></trkpt><trkpt lat="15.4711918999" lon="73.7672239356"><ele>2.54</ele><time>2025-04-24T01:52:05Z</time><extensions><gpxtpx:TrackPointExtension><gpxtpx:cad>0</gpxtpx:cad></gpxtpx:TrackPointExtension></extensions></trkpt><trkpt lat="15.4712018743" lon="73.7670450658"><ele>2.06</ele><time>2025-04-24T01:52:10Z</time><extensions><gpxtpx:TrackPointExtension><gpxtpx:cad>0</gpxtpx:cad></gpxtpx:TrackPointExtension></extensions></trkpt><trkpt lat="15.4712254275" lon="73.7668612506"><ele>2.54</ele><time>2025-04-24T01:52:15Z</time><extensions><gpxtpx:TrackPointExtension><gpxtpx:cad>0</gpxtpx:cad></gpxtpx:TrackPointExtension></extensions></trkpt><trkpt lat="15.4712644871" lon="73.7666859850"><ele>2.06</ele><time>2025-04-24T01:52:20Z</time><extensions><gpxtpx:TrackPointExtension><gpxtpx:cad>0</gpxtpx:cad></gpxtpx:TrackPointExtension></extensions></trkpt><trkpt lat="15.4713098332" lon="73.7665097136"><ele>2.54</ele><time>2025-04-24T01:52:25Z</time><extensions><gpxtpx:TrackPointExtension><gpxtpx:cad>0</gpxtpx:cad></gpxtpx:TrackPointExtension></extensions></trkpt><trkpt lat="15.4713686742" lon="73.7663393095"><ele>2.54</ele><time>2025-04-24T01:52:30Z</time><extensions><gpxtpx:TrackPointExtension><gpxtpx:cad>0</gpxtpx:cad></gpxtpx:TrackPointExtension></extensions></trkpt><trkpt lat="15.4714349750" lon="73.7661756109"><ele>2.54</ele><time>2025-04-24T01:52:35Z</time><extensions><gpxtpx:TrackPointExtension><gpxtpx:cad>0</gpxtpx:cad></gpxtpx:TrackPointExtension></extensions></trkpt><trkpt lat="15.4714704305" lon="73.7660011835"><ele>3.02</ele><time>2025-04-24T01:52:40Z</time><extensions><gpxtpx:TrackPointExtension><gpxtpx:cad>0</gpxtpx:cad></gpxtpx:TrackPointExtension></extensions></trkpt><trkpt lat="15.4714925587" lon="73.7658284325"><ele>3.02</ele><time>2025-04-24T01:52:45Z</time><extensions><gpxtpx:TrackPointExtension><gpxtpx:cad>0</gpxtpx:cad></gpxtpx:TrackPointExtension></extensions></trkpt><trkpt lat="15.4715451971" lon="73.7656621356"><ele>2.54</ele><time>2025-04-24T01:52:50Z</time><extensions><gpxtpx:TrackPointExtension><gpxtpx:cad>0</gpxtpx:cad></gpxtpx:TrackPointExtension></extensions></trkpt><trkpt lat="15.4716454446" lon="73.7655229960"><ele>3.02</ele><time>2025-04-24T01:52:55Z</time><extensions><gpxtpx:TrackPointExtension><gpxtpx:cad>0</gpxtpx:cad></gpxtpx:TrackPointExtension></extensions></trkpt><trkpt lat="15.4717137571" lon="73.7653704453"><ele>2.54</ele><time>2025-04-24T01:53:00Z</time><extensions><gpxtpx:TrackPointExtension><gpxtpx:cad>0</gpxtpx:cad></gpxtpx:TrackPointExtension></extensions></trkpt><trkpt lat="15.4717090633" lon="73.7651994545"><ele>2.54</ele><time>2025-04-24T01:53:05Z</time><extensions><gpxtpx:TrackPointExtension><gpxtpx:cad>0</gpxtpx:cad></gpxtpx:TrackPointExtension></extensions></trkpt><trkpt lat="15.4717031959" lon="73.7650194112"><ele>2.06</ele><time>2025-04-24T01:53:10Z</time><extensions><gpxtpx:TrackPointExtension><gpxtpx:cad>0</gpxtpx:cad></gpxtpx:TrackPointExtension></extensions></trkpt><trkpt lat="15.4717267491" lon="73.7648377754"><ele>2.06</ele><time>2025-04-24T01:53:15Z</time><extensions><gpxtpx:TrackPointExtension><gpxtpx:cad>0</gpxtpx:cad></gpxtpx:TrackPointExtension></extensions></trkpt><trkpt lat="15.4717577621" lon="73.7646569777"><ele>2.06</ele><time>2025-04-24T01:53:20Z</time><extensions><gpxtpx:TrackPointExtension><gpxtpx:cad>0</gpxtpx:cad></gpxtpx:TrackPointExtension></extensions></trkpt><trkpt lat="15.4717820697" lon="73.7644838076"><ele>1.58</ele><time>2025-04-24T01:53:25Z</time><extensions><gpxtpx:TrackPointExtension><gpxtpx:cad>0</gpxtpx:cad></gpxtpx:TrackPointExtension></extensions></trkpt><trkpt lat="15.4718004260" lon="73.7643003277"><ele>1.58</ele><time>2025-04-24T01:53:30Z</time><extensions><gpxtpx:TrackPointExtension><gpxtpx:cad>0</gpxtpx:cad></gpxtpx:TrackPointExtension></extensions></trkpt><trkpt lat="15.4718226381" lon="73.7641195301"><ele>2.06</ele><time>2025-04-24T01:53:35Z</time><extensions><gpxtpx:TrackPointExtension><gpxtpx:cad>0</gpxtpx:cad></gpxtpx:TrackPointExtension></extensions></trkpt><trkpt lat="15.4718559980" lon="73.7639392354"><ele>2.06</ele><time>2025-04-24T01:53:40Z</time><extensions><gpxtpx:TrackPointExtension><gpxtpx:cad>0</gpxtpx:cad></gpxtpx:TrackPointExtension></extensions></trkpt><trkpt lat="15.4718767852" lon="73.7637642212"><ele>2.06</ele><time>2025-04-24T01:53:45Z</time><extensions><gpxtpx:TrackPointExtension><gpxtpx:cad>0</gpxtpx:cad></gpxtpx:TrackPointExtension></extensions></trkpt><trkpt lat="15.4719174374" lon="73.7635849323"><ele>1.58</ele><time>2025-04-24T01:53:50Z</time><extensions><gpxtpx:TrackPointExtension><gpxtpx:cad>0</gpxtpx:cad></gpxtpx:TrackPointExtension></extensions></trkpt><trkpt lat="15.4719486181" lon="73.7634115946"><ele>1.58</ele><time>2025-04-24T01:53:55Z</time><extensions><gpxtpx:TrackPointExtension><gpxtpx:cad>0</gpxtpx:cad></gpxtpx:TrackPointExtension></extensions></trkpt><trkpt lat="15.4719941318" lon="73.7632374186"><ele>1.58</ele><time>2025-04-24T01:54:00Z</time><extensions><gpxtpx:TrackPointExtension><gpxtpx:cad>0</gpxtpx:cad></gpxtpx:TrackPointExtension></extensions></trkpt><trkpt lat="15.4720364604" lon="73.7630671822"><ele>1.58</ele><time>2025-04-24T01:54:05Z</time><extensions><gpxtpx:TrackPointExtension><gpxtpx:cad>0</gpxtpx:cad></gpxtpx:TrackPointExtension></extensions></trkpt><trkpt lat="15.4720810521" lon="73.7628921680"><ele>1.10</ele><time>2025-04-24T01:54:10Z</time><extensions><gpxtpx:TrackPointExtension><gpxtpx:cad>0</gpxtpx:cad></gpxtpx:TrackPointExtension></extensions></trkpt><trkpt lat="15.4721218720" lon="73.7627181597"><ele>0.62</ele><time>2025-04-24T01:54:15Z</time><extensions><gpxtpx:TrackPointExtension><gpxtpx:cad>0</gpxtpx:cad></gpxtpx:TrackPointExtension></extensions></trkpt><trkpt lat="15.4721511248" lon="73.7625511922"><ele>0.62</ele><time>2025-04-24T01:54:20Z</time><extensions><gpxtpx:TrackPointExtension><gpxtpx:cad>0</gpxtpx:cad></gpxtpx:TrackPointExtension></extensions></trkpt><trkpt lat="15.4721823893" lon="73.7623789441"><ele>1.10</ele><time>2025-04-24T01:54:25Z</time><extensions><gpxtpx:TrackPointExtension><gpxtpx:cad>0</gpxtpx:cad></gpxtpx:TrackPointExtension></extensions></trkpt><trkpt lat="15.4722239636" lon="73.7622080371"><ele>1.10</ele><time>2025-04-24T01:54:30Z</time><extensions><gpxtpx:TrackPointExtension><gpxtpx:cad>0</gpxtpx:cad></gpxtpx:TrackPointExtension></extensions></trkpt><trkpt lat="15.4722650349" lon="73.7620341964"><ele>1.10</ele><time>2025-04-24T01:54:35Z</time><extensions><gpxtpx:TrackPointExtension><gpxtpx:cad>0</gpxtpx:cad></gpxtpx:TrackPointExtension></extensions></trkpt><trkpt lat="15.4723037593" lon="73.7618598528"><ele>1.58</ele><time>2025-04-24T01:54:40Z</time><extensions><gpxtpx:TrackPointExtension><gpxtpx:cad>0</gpxtpx:cad></gpxtpx:TrackPointExtension></extensions></trkpt><trkpt lat="15.4723574873" lon="73.7616863474"><ele>2.54</ele><time>2025-04-24T01:54:45Z</time><extensions><gpxtpx:TrackPointExtension><gpxtpx:cad>0</gpxtpx:cad></gpxtpx:TrackPointExtension></extensions></trkpt><trkpt lat="15.4723900091" lon="73.7615085673"><ele>2.06</ele><time>2025-04-24T01:54:50Z</time><extensions><gpxtpx:TrackPointExtension><gpxtpx:cad>0</gpxtpx:cad></gpxtpx:TrackPointExtension></extensions></trkpt><trkpt lat="15.4724622611" lon="73.7613612972"><ele>2.54</ele><time>2025-04-24T01:54:55Z</time><extensions><gpxtpx:TrackPointExtension><gpxtpx:cad>0</gpxtpx:cad></gpxtpx:TrackPointExtension></extensions></trkpt><trkpt lat="15.4725994729" lon="73.7613032945"><ele>2.54</ele><time>2025-04-24T01:55:00Z</time><extensions><gpxtpx:TrackPointExtension><gpxtpx:cad>0</gpxtpx:cad></gpxtpx:TrackPointExtension></extensions></trkpt><trkpt lat="15.4727152269" lon="73.7613432761"><ele>2.54</ele><time>2025-04-24T01:55:05Z</time><extensions><gpxtpx:TrackPointExtension><gpxtpx:cad>0</gpxtpx:cad></gpxtpx:TrackPointExtension></extensions></trkpt><trkpt lat="15.4727946874" lon="73.7614285201"><ele>2.54</ele><time>2025-04-24T01:55:10Z</time><extensions><gpxtpx:TrackPointExtension><gpxtpx:cad>0</gpxtpx:cad></gpxtpx:TrackPointExtension></extensions></trkpt><trkpt lat="15.4728806019" lon="73.7615244091"><ele>2.54</ele><time>2025-04-24T01:55:15Z</time><extensions><gpxtpx:TrackPointExtension><gpxtpx:cad>0</gpxtpx:cad></gpxtpx:TrackPointExtension></extensions></trkpt><trkpt lat="15.4729608167" lon="73.7615930568"><ele>3.02</ele><time>2025-04-24T01:55:20Z</time><extensions><gpxtpx:TrackPointExtension><gpxtpx:cad>0</gpxtpx:cad></gpxtpx:TrackPointExtension></extensions></trkpt><trkpt lat="15.4730292130" lon="73.7616440188"><ele>2.54</ele><time>2025-04-24T01:55:25Z</time><extensions><gpxtpx:TrackPointExtension><gpxtpx:cad>0</gpxtpx:cad></gpxtpx:TrackPointExtension></extensions></trkpt><trkpt lat="15.4731080029" lon="73.7617054582"><ele>2.54</ele><time>2025-04-24T01:55:30Z</time><extensions><gpxtpx:TrackPointExtension><gpxtpx:cad>0</gpxtpx:cad></gpxtpx:TrackPointExtension></extensions></trkpt><trkpt lat="15.4731686041" lon="73.7617591023"><ele>2.54</ele><time>2025-04-24T01:55:35Z</time><extensions><gpxtpx:TrackPointExtension><gpxtpx:cad>0</gpxtpx:cad></gpxtpx:TrackPointExtension></extensions></trkpt><trkpt lat="15.4732161295" lon="73.7618057057"><ele>2.06</ele><time>2025-04-24T01:55:40Z</time><extensions><gpxtpx:TrackPointExtension><gpxtpx:cad>0</gpxtpx:cad></gpxtpx:TrackPointExtension></extensions></trkpt><trkpt lat="15.4732535966" lon="73.7618420832"><ele>2.54</ele><time>2025-04-24T01:55:45Z</time><extensions><gpxtpx:TrackPointExtension><gpxtpx:cad>0</gpxtpx:cad></gpxtpx:TrackPointExtension></extensions></trkpt><trkpt lat="15.4732901417" lon="73.7618683185"><ele>2.54</ele><time>2025-04-24T01:55:50Z</time><extensions><gpxtpx:TrackPointExtension><gpxtpx:cad>0</gpxtpx:cad></gpxtpx:TrackPointExtension></extensions></trkpt><trkpt lat="15.4733185563" lon="73.7618926261"><ele>3.02</ele><time>2025-04-24T01:55:55Z</time><extensions><gpxtpx:TrackPointExtension><gpxtpx:cad>0</gpxtpx:cad></gpxtpx:TrackPointExtension></extensions></trkpt><trkpt lat="15.4733455461" lon="73.7619089708"><ele>2.54</ele><time>2025-04-24T01:56:00Z</time><extensions><gpxtpx:TrackPointExtension><gpxtpx:cad>0</gpxtpx:cad></gpxtpx:TrackPointExtension></extensions></trkpt><trkpt lat="15.4733644053" lon="73.7619223818"><ele>2.54</ele><time>2025-04-24T01:56:05Z</time><extensions><gpxtpx:TrackPointExtension><gpxtpx:cad>0</gpxtpx:cad></gpxtpx:TrackPointExtension></extensions></trkpt><trkpt lat="15.4733814206" lon="73.7619357090"><ele>2.06</ele><time>2025-04-24T01:56:10Z</time><extensions><gpxtpx:TrackPointExtension><gpxtpx:cad>0</gpxtpx:cad></gpxtpx:TrackPointExtension></extensions></trkpt><trkpt lat="15.4734073207" lon="73.7619579211"><ele>2.06</ele><time>2025-04-24T01:56:15Z</time><extensions><gpxtpx:TrackPointExtension><gpxtpx:cad>0</gpxtpx:cad></gpxtpx:TrackPointExtension></extensions></trkpt><trkpt lat="15.4734375793" lon="73.7619853299"><ele>2.06</ele><time>2025-04-24T01:56:20Z</time><extensions><gpxtpx:TrackPointExtension><gpxtpx:cad>0</gpxtpx:cad></gpxtpx:TrackPointExtension></extensions></trkpt><trkpt lat="15.4734581150" lon="73.7620158400"><ele>2.06</ele><time>2025-04-24T01:56:25Z</time><extensions><gpxtpx:TrackPointExtension><gpxtpx:cad>0</gpxtpx:cad></gpxtpx:TrackPointExtension></extensions></trkpt><trkpt lat="15.4734918103" lon="73.7620621920"><ele>2.06</ele><time>2025-04-24T01:56:30Z</time><extensions><gpxtpx:TrackPointExtension><gpxtpx:cad>0</gpxtpx:cad></gpxtpx:TrackPointExtension></extensions></trkpt><trkpt lat="15.4735094961" lon="73.7621059455"><ele>2.06</ele><time>2025-04-24T01:56:35Z</time><extensions><gpxtpx:TrackPointExtension><gpxtpx:cad>0</gpxtpx:cad></gpxtpx:TrackPointExtension></extensions></trkpt><trkpt lat="15.4735245835" lon="73.7621473521"><ele>2.06</ele><time>2025-04-24T01:56:40Z</time><extensions><gpxtpx:TrackPointExtension><gpxtpx:cad>0</gpxtpx:cad></gpxtpx:TrackPointExtension></extensions></trkpt><trkpt lat="15.4735604580" lon="73.7622260582"><ele>2.54</ele><time>2025-04-24T01:56:45Z</time><extensions><gpxtpx:TrackPointExtension><gpxtpx:cad>0</gpxtpx:cad></gpxtpx:TrackPointExtension></extensions></trkpt><trkpt lat="15.4736018647" lon="73.7623250484"><ele>2.06</ele><time>2025-04-24T01:56:50Z</time><extensions><gpxtpx:TrackPointExtension><gpxtpx:cad>0</gpxtpx:cad></gpxtpx:TrackPointExtension></extensions></trkpt><trkpt lat="15.4736427683" lon="73.7624283135"><ele>2.06</ele><time>2025-04-24T01:56:55Z</time><extensions><gpxtpx:TrackPointExtension><gpxtpx:cad>0</gpxtpx:cad></gpxtpx:TrackPointExtension></extensions></trkpt><trkpt lat="15.4736876115" lon="73.7625436485"><ele>1.58</ele><time>2025-04-24T01:57:00Z</time><extensions><gpxtpx:TrackPointExtension><gpxtpx:cad>0</gpxtpx:cad></gpxtpx:TrackPointExtension></extensions></trkpt><trkpt lat="15.4737343825" lon="73.7626667786"><ele>1.58</ele><time>2025-04-24T01:57:05Z</time><extensions><gpxtpx:TrackPointExtension><gpxtpx:cad>0</gpxtpx:cad></gpxtpx:TrackPointExtension></extensions></trkpt><trkpt lat="15.4737819918" lon="73.7627795152"><ele>1.58</ele><time>2025-04-24T01:57:10Z</time><extensions><gpxtpx:TrackPointExtension><gpxtpx:cad>0</gpxtpx:cad></gpxtpx:TrackPointExtension></extensions></trkpt><trkpt lat="15.4738226440" lon="73.7628894858"><ele>1.58</ele><time>2025-04-24T01:57:15Z</time><extensions><gpxtpx:TrackPointExtension><gpxtpx:cad>0</gpxtpx:cad></gpxtpx:TrackPointExtension></extensions></trkpt><trkpt lat="15.4738751985" lon="73.7630039826"><ele>2.06</ele><time>2025-04-24T01:57:20Z</time><extensions><gpxtpx:TrackPointExtension><gpxtpx:cad>0</gpxtpx:cad></gpxtpx:TrackPointExtension></extensions></trkpt><trkpt lat="15.4739187006" lon="73.7631142046"><ele>2.06</ele><time>2025-04-24T01:57:25Z</time><extensions><gpxtpx:TrackPointExtension><gpxtpx:cad>0</gpxtpx:cad></gpxtpx:TrackPointExtension></extensions></trkpt><trkpt lat="15.4739901982" lon="73.7632463034"><ele>2.06</ele><time>2025-04-24T01:57:30Z</time><extensions><gpxtpx:TrackPointExtension><gpxtpx:cad>0</gpxtpx:cad></gpxtpx:TrackPointExtension></extensions></trkpt><trkpt lat="15.4740861710" lon="73.7633957528"><ele>1.58</ele><time>2025-04-24T01:57:35Z</time><extensions><gpxtpx:TrackPointExtension><gpxtpx:cad>0</gpxtpx:cad></gpxtpx:TrackPointExtension></extensions></trkpt><trkpt lat="15.4741781205" lon="73.7635463756"><ele>1.58</ele><time>2025-04-24T01:57:40Z</time><extensions><gpxtpx:TrackPointExtension><gpxtpx:cad>0</gpxtpx:cad></gpxtpx:TrackPointExtension></extensions></trkpt><trkpt lat="15.4743045196" lon="73.7637140136"><ele>2.06</ele><time>2025-04-24T01:57:45Z</time><extensions><gpxtpx:TrackPointExtension><gpxtpx:cad>0</gpxtpx:cad></gpxtpx:TrackPointExtension></extensions></trkpt><trkpt lat="15.4744370375" lon="73.7638386525"><ele>2.06</ele><time>2025-04-24T01:57:50Z</time><extensions><gpxtpx:TrackPointExtension><gpxtpx:cad>0</gpxtpx:cad></gpxtpx:TrackPointExtension></extensions></trkpt><trkpt lat="15.4745860677" lon="73.7638877705"><ele>2.06</ele><time>2025-04-24T01:57:55Z</time><extensions><gpxtpx:TrackPointExtension><gpxtpx:cad>0</gpxtpx:cad></gpxtpx:TrackPointExtension></extensions></trkpt><trkpt lat="15.4747527838" lon="73.7639075518"><ele>2.06</ele><time>2025-04-24T01:58:00Z</time><extensions><gpxtpx:TrackPointExtension><gpxtpx:cad>0</gpxtpx:cad></gpxtpx:TrackPointExtension></extensions></trkpt><trkpt lat="15.4749267083" lon="73.7639278360"><ele>2.06</ele><time>2025-04-24T01:58:05Z</time><extensions><gpxtpx:TrackPointExtension><gpxtpx:cad>0</gpxtpx:cad></gpxtpx:TrackPointExtension></extensions></trkpt><trkpt lat="15.4751047399" lon="73.7639420014"><ele>1.58</ele><time>2025-04-24T01:58:10Z</time><extensions><gpxtpx:TrackPointExtension><gpxtpx:cad>0</gpxtpx:cad></gpxtpx:TrackPointExtension></extensions></trkpt><trkpt lat="15.4752785806" lon="73.7639403250"><ele>1.58</ele><time>2025-04-24T01:58:15Z</time><extensions><gpxtpx:TrackPointExtension><gpxtpx:cad>0</gpxtpx:cad></gpxtpx:TrackPointExtension></extensions></trkpt><trkpt lat="15.4754578695" lon="73.7639379781"><ele>1.58</ele><time>2025-04-24T01:58:20Z</time><extensions><gpxtpx:TrackPointExtension><gpxtpx:cad>0</gpxtpx:cad></gpxtpx:TrackPointExtension></extensions></trkpt><trkpt lat="15.4756523296" lon="73.7639351282"><ele>2.06</ele><time>2025-04-24T01:58:25Z</time><extensions><gpxtpx:TrackPointExtension><gpxtpx:cad>0</gpxtpx:cad></gpxtpx:TrackPointExtension></extensions></trkpt><trkpt lat="15.4758354742" lon="73.7639306020"><ele>2.06</ele><time>2025-04-24T01:58:30Z</time><extensions><gpxtpx:TrackPointExtension><gpxtpx:cad>0</gpxtpx:cad></gpxtpx:TrackPointExtension></extensions></trkpt><trkpt lat="15.4760124162" lon="73.7639173586"><ele>2.06</ele><time>2025-04-24T01:58:35Z</time><extensions><gpxtpx:TrackPointExtension><gpxtpx:cad>0</gpxtpx:cad></gpxtpx:TrackPointExtension></extensions></trkpt><trkpt lat="15.4761994164" lon="73.7639103178"><ele>2.54</ele><time>2025-04-24T01:58:40Z</time><extensions><gpxtpx:TrackPointExtension><gpxtpx:cad>0</gpxtpx:cad></gpxtpx:TrackPointExtension></extensions></trkpt><trkpt lat="15.4763711616" lon="73.7639202923"><ele>3.02</ele><time>2025-04-24T01:58:45Z</time><extensions><gpxtpx:TrackPointExtension><gpxtpx:cad>0</gpxtpx:cad></gpxtpx:TrackPointExtension></extensions></trkpt><trkpt lat="15.4765667114" lon="73.7639385648"><ele>3.02</ele><time>2025-04-24T01:58:50Z</time><extensions><gpxtpx:TrackPointExtension><gpxtpx:cad>0</gpxtpx:cad></gpxtpx:TrackPointExtension></extensions></trkpt><trkpt lat="15.4767425638" lon="73.7639383134"><ele>2.54</ele><time>2025-04-24T01:58:55Z</time><extensions><gpxtpx:TrackPointExtension><gpxtpx:cad>0</gpxtpx:cad></gpxtpx:TrackPointExtension></extensions></trkpt><trkpt lat="15.4769297317" lon="73.7639132515"><ele>2.06</ele><time>2025-04-24T01:59:00Z</time><extensions><gpxtpx:TrackPointExtension><gpxtpx:cad>0</gpxtpx:cad></gpxtpx:TrackPointExtension></extensions></trkpt><trkpt lat="15.4771140497" lon="73.7638808973"><ele>1.58</ele><time>2025-04-24T01:59:05Z</time><extensions><gpxtpx:TrackPointExtension><gpxtpx:cad>0</gpxtpx:cad></gpxtpx:TrackPointExtension></extensions></trkpt><trkpt lat="15.4772855435" lon="73.7638386525"><ele>1.10</ele><time>2025-04-24T01:59:10Z</time><extensions><gpxtpx:TrackPointExtension><gpxtpx:cad>0</gpxtpx:cad></gpxtpx:TrackPointExtension></extensions></trkpt><trkpt lat="15.4774618149" lon="73.7637990061"><ele>0.62</ele><time>2025-04-24T01:59:15Z</time><extensions><gpxtpx:TrackPointExtension><gpxtpx:cad>0</gpxtpx:cad></gpxtpx:TrackPointExtension></extensions></trkpt><trkpt lat="15.4776383378" lon="73.7637722678"><ele>-0.34</ele><time>2025-04-24T01:59:20Z</time><extensions><gpxtpx:TrackPointExtension><gpxtpx:cad>0</gpxtpx:cad></gpxtpx:TrackPointExtension></extensions></trkpt><trkpt lat="15.4778197221" lon="73.7637699209"><ele>-0.34</ele><time>2025-04-24T01:59:25Z</time><extensions><gpxtpx:TrackPointExtension><gpxtpx:cad>0</gpxtpx:cad></gpxtpx:TrackPointExtension></extensions></trkpt><trkpt lat="15.4780017771" lon="73.7637596950"><ele>-0.34</ele><time>2025-04-24T01:59:30Z</time><extensions><gpxtpx:TrackPointExtension><gpxtpx:cad>0</gpxtpx:cad></gpxtpx:TrackPointExtension></extensions></trkpt><trkpt lat="15.4781824071" lon="73.7637455296"><ele>0.14</ele><time>2025-04-24T01:59:35Z</time><extensions><gpxtpx:TrackPointExtension><gpxtpx:cad>0</gpxtpx:cad></gpxtpx:TrackPointExtension></extensions></trkpt><trkpt lat="15.4783596005" lon="73.7637233175"><ele>-0.34</ele><time>2025-04-24T01:59:40Z</time><extensions><gpxtpx:TrackPointExtension><gpxtpx:cad>0</gpxtpx:cad></gpxtpx:TrackPointExtension></extensions></trkpt><trkpt lat="15.4785251431" lon="73.7637058832"><ele>0.14</ele><time>2025-04-24T01:59:45Z</time><extensions><gpxtpx:TrackPointExtension><gpxtpx:cad>0</gpxtpx:cad></gpxtpx:TrackPointExtension></extensions></trkpt><trkpt lat="15.4786994029" lon="73.7637100741"><ele>0.14</ele><time>2025-04-24T01:59:50Z</time><extensions><gpxtpx:TrackPointExtension><gpxtpx:cad>0</gpxtpx:cad></gpxtpx:TrackPointExtension></extensions></trkpt><trkpt lat="15.4788713157" lon="73.7637016922"><ele>0.62</ele><time>2025-04-24T01:59:55Z</time><extensions><gpxtpx:TrackPointExtension><gpxtpx:cad>0</gpxtpx:cad></gpxtpx:TrackPointExtension></extensions></trkpt><trkpt lat="15.4790500179" lon="73.7636736967"><ele>0.62</ele><time>2025-04-24T02:00:00Z</time><extensions><gpxtpx:TrackPointExtension><gpxtpx:cad>0</gpxtpx:cad></gpxtpx:TrackPointExtension></extensions></trkpt><trkpt lat="15.4792321566" lon="73.7636552565"><ele>1.10</ele><time>2025-04-24T02:00:05Z</time><extensions><gpxtpx:TrackPointExtension><gpxtpx:cad>0</gpxtpx:cad></gpxtpx:TrackPointExtension></extensions></trkpt><trkpt lat="15.4794078413" lon="73.7636383250"><ele>1.10</ele><time>2025-04-24T02:00:10Z</time><extensions><gpxtpx:TrackPointExtension><gpxtpx:cad>0</gpxtpx:cad></gpxtpx:TrackPointExtension></extensions></trkpt><trkpt lat="15.4795841128" lon="73.7636175379"><ele>1.10</ele><time>2025-04-24T02:00:15Z</time><extensions><gpxtpx:TrackPointExtension><gpxtpx:cad>0</gpxtpx:cad></gpxtpx:TrackPointExtension></extensions></trkpt><trkpt lat="15.4797720350" lon="73.7635866925"><ele>1.58</ele><time>2025-04-24T02:00:20Z</time><extensions><gpxtpx:TrackPointExtension><gpxtpx:cad>0</gpxtpx:cad></gpxtpx:TrackPointExtension></extensions></trkpt><trkpt lat="15.4799464624" lon="73.7635982595"><ele>2.06</ele><time>2025-04-24T02:00:25Z</time><extensions><gpxtpx:TrackPointExtension><gpxtpx:cad>0</gpxtpx:cad></gpxtpx:TrackPointExtension></extensions></trkpt><trkpt lat="15.4801085684" lon="73.7636658177"><ele>2.54</ele><time>2025-04-24T02:00:30Z</time><extensions><gpxtpx:TrackPointExtension><gpxtpx:cad>0</gpxtpx:cad></gpxtpx:TrackPointExtension></extensions></trkpt><trkpt lat="15.4802591912" lon="73.7637644727"><ele>2.54</ele><time>2025-04-24T02:00:35Z</time><extensions><gpxtpx:TrackPointExtension><gpxtpx:cad>0</gpxtpx:cad></gpxtpx:TrackPointExtension></extensions></trkpt><trkpt lat="15.4804063775" lon="73.7638556678"><ele>2.54</ele><time>2025-04-24T02:00:40Z</time><extensions><gpxtpx:TrackPointExtension><gpxtpx:cad>0</gpxtpx:cad></gpxtpx:TrackPointExtension></extensions></trkpt><trkpt lat="15.4805772007" lon="73.7639035285"><ele>3.02</ele><time>2025-04-24T02:00:45Z</time><extensions><gpxtpx:TrackPointExtension><gpxtpx:cad>0</gpxtpx:cad></gpxtpx:TrackPointExtension></extensions></trkpt><trkpt lat="15.4807574954" lon="73.7639323622"><ele>3.02</ele><time>2025-04-24T02:00:50Z</time><extensions><gpxtpx:TrackPointExtension><gpxtpx:cad>0</gpxtpx:cad></gpxtpx:TrackPointExtension></extensions></trkpt><trkpt lat="15.4809260555" lon="73.7639574241"><ele>3.02</ele><time>2025-04-24T02:00:55Z</time><extensions><gpxtpx:TrackPointExtension><gpxtpx:cad>0</gpxtpx:cad></gpxtpx:TrackPointExtension></extensions></trkpt><trkpt lat="15.4811185040" lon="73.7639832404"><ele>3.02</ele><time>2025-04-24T02:01:00Z</time><extensions><gpxtpx:TrackPointExtension><gpxtpx:cad>0</gpxtpx:cad></gpxtpx:TrackPointExtension></extensions></trkpt><trkpt lat="15.4812926799" lon="73.7640059553"><ele>2.54</ele><time>2025-04-24T02:01:05Z</time><extensions><gpxtpx:TrackPointExtension><gpxtpx:cad>0</gpxtpx:cad></gpxtpx:TrackPointExtension></extensions></trkpt><trkpt lat="15.4814667720" lon="73.7640288379"><ele>2.54</ele><time>2025-04-24T02:01:10Z</time><extensions><gpxtpx:TrackPointExtension><gpxtpx:cad>0</gpxtpx:cad></gpxtpx:TrackPointExtension></extensions></trkpt><trkpt lat="15.4816471506" lon="73.7640431710"><ele>2.54</ele><time>2025-04-24T02:01:15Z</time><extensions><gpxtpx:TrackPointExtension><gpxtpx:cad>0</gpxtpx:cad></gpxtpx:TrackPointExtension></extensions></trkpt><trkpt lat="15.4818228353" lon="73.7640457693"><ele>2.54</ele><time>2025-04-24T02:01:20Z</time><extensions><gpxtpx:TrackPointExtension><gpxtpx:cad>0</gpxtpx:cad></gpxtpx:TrackPointExtension></extensions></trkpt><trkpt lat="15.4820267670" lon="73.7640427519"><ele>2.54</ele><time>2025-04-24T02:01:25Z</time><extensions><gpxtpx:TrackPointExtension><gpxtpx:cad>0</gpxtpx:cad></gpxtpx:TrackPointExtension></extensions></trkpt><trkpt lat="15.4822078999" lon="73.7640450150"><ele>2.06</ele><time>2025-04-24T02:01:30Z</time><extensions><gpxtpx:TrackPointExtension><gpxtpx:cad>0</gpxtpx:cad></gpxtpx:TrackPointExtension></extensions></trkpt><trkpt lat="15.4823694192" lon="73.7640459370"><ele>1.58</ele><time>2025-04-24T02:01:35Z</time><extensions><gpxtpx:TrackPointExtension><gpxtpx:cad>0</gpxtpx:cad></gpxtpx:TrackPointExtension></extensions></trkpt><trkpt lat="15.4825676512" lon="73.7640406564"><ele>1.58</ele><time>2025-04-24T02:01:40Z</time><extensions><gpxtpx:TrackPointExtension><gpxtpx:cad>0</gpxtpx:cad></gpxtpx:TrackPointExtension></extensions></trkpt><trkpt lat="15.4827528074" lon="73.7640528940"><ele>1.58</ele><time>2025-04-24T02:01:45Z</time><extensions><gpxtpx:TrackPointExtension><gpxtpx:cad>0</gpxtpx:cad></gpxtpx:TrackPointExtension></extensions></trkpt><trkpt lat="15.4829293303" lon="73.7640755251"><ele>1.58</ele><time>2025-04-24T02:01:50Z</time><extensions><gpxtpx:TrackPointExtension><gpxtpx:cad>0</gpxtpx:cad></gpxtpx:TrackPointExtension></extensions></trkpt><trkpt lat="15.4831157438" lon="73.7640880980"><ele>1.58</ele><time>2025-04-24T02:01:55Z</time><extensions><gpxtpx:TrackPointExtension><gpxtpx:cad>0</gpxtpx:cad></gpxtpx:TrackPointExtension></extensions></trkpt><trkpt lat="15.4832990561" lon="73.7640893552"><ele>2.06</ele><time>2025-04-24T02:02:00Z</time><extensions><gpxtpx:TrackPointExtension><gpxtpx:cad>0</gpxtpx:cad></gpxtpx:TrackPointExtension></extensions></trkpt><trkpt lat="15.4834733158" lon="73.7640826497"><ele>2.06</ele><time>2025-04-24T02:02:05Z</time><extensions><gpxtpx:TrackPointExtension><gpxtpx:cad>0</gpxtpx:cad></gpxtpx:TrackPointExtension></extensions></trkpt><trkpt lat="15.4836550355" lon="73.7640673108"><ele>2.06</ele><time>2025-04-24T02:02:10Z</time><extensions><gpxtpx:TrackPointExtension><gpxtpx:cad>0</gpxtpx:cad></gpxtpx:TrackPointExtension></extensions></trkpt><trkpt lat="15.4838413652" lon="73.7640616950"><ele>2.54</ele><time>2025-04-24T02:02:15Z</time><extensions><gpxtpx:TrackPointExtension><gpxtpx:cad>0</gpxtpx:cad></gpxtpx:TrackPointExtension></extensions></trkpt><trkpt lat="15.4840123560" lon="73.7640504632"><ele>2.54</ele><time>2025-04-24T02:02:20Z</time><extensions><gpxtpx:TrackPointExtension><gpxtpx:cad>0</gpxtpx:cad></gpxtpx:TrackPointExtension></extensions></trkpt><trkpt lat="15.4841795750" lon="73.7640342861"><ele>2.06</ele><time>2025-04-24T02:02:25Z</time><extensions><gpxtpx:TrackPointExtension><gpxtpx:cad>0</gpxtpx:cad></gpxtpx:TrackPointExtension></extensions></trkpt><trkpt lat="15.4843542539" lon="73.7640054524"><ele>2.06</ele><time>2025-04-24T02:02:30Z</time><extensions><gpxtpx:TrackPointExtension><gpxtpx:cad>0</gpxtpx:cad></gpxtpx:TrackPointExtension></extensions></trkpt><trkpt lat="15.4845297709" lon="73.7639922928"><ele>1.58</ele><time>2025-04-24T02:02:35Z</time><extensions><gpxtpx:TrackPointExtension><gpxtpx:cad>0</gpxtpx:cad></gpxtpx:TrackPointExtension></extensions></trkpt><trkpt lat="15.4847093113" lon="73.7639798876"><ele>1.58</ele><time>2025-04-24T02:02:40Z</time><extensions><gpxtpx:TrackPointExtension><gpxtpx:cad>0</gpxtpx:cad></gpxtpx:TrackPointExtension></extensions></trkpt><trkpt lat="15.4848839901" lon="73.7639618665"><ele>1.58</ele><time>2025-04-24T02:02:45Z</time><extensions><gpxtpx:TrackPointExtension><gpxtpx:cad>0</gpxtpx:cad></gpxtpx:TrackPointExtension></extensions></trkpt><trkpt lat="15.4850745108" lon="73.7639464438"><ele>1.58</ele><time>2025-04-24T02:02:50Z</time><extensions><gpxtpx:TrackPointExtension><gpxtpx:cad>0</gpxtpx:cad></gpxtpx:TrackPointExtension></extensions></trkpt><trkpt lat="15.4852518719" lon="73.7639239803"><ele>1.58</ele><time>2025-04-24T02:02:55Z</time><extensions><gpxtpx:TrackPointExtension><gpxtpx:cad>0</gpxtpx:cad></gpxtpx:TrackPointExtension></extensions></trkpt><trkpt lat="15.4854260478" lon="73.7638836633"><ele>2.06</ele><time>2025-04-24T02:03:00Z</time><extensions><gpxtpx:TrackPointExtension><gpxtpx:cad>0</gpxtpx:cad></gpxtpx:TrackPointExtension></extensions></trkpt><trkpt lat="15.4856041633" lon="73.7638473697"><ele>1.58</ele><time>2025-04-24T02:03:05Z</time><extensions><gpxtpx:TrackPointExtension><gpxtpx:cad>0</gpxtpx:cad></gpxtpx:TrackPointExtension></extensions></trkpt><trkpt lat="15.4857909959" lon="73.7638660613"><ele>2.06</ele><time>2025-04-24T02:03:10Z</time><extensions><gpxtpx:TrackPointExtension><gpxtpx:cad>0</gpxtpx:cad></gpxtpx:TrackPointExtension></extensions></trkpt><trkpt lat="15.4859784991" lon="73.7638890278"><ele>2.06</ele><time>2025-04-24T02:03:15Z</time><extensions><gpxtpx:TrackPointExtension><gpxtpx:cad>0</gpxtpx:cad></gpxtpx:TrackPointExtension></extensions></trkpt><trkpt lat="15.4861604702" lon="73.7638942245"><ele>1.58</ele><time>2025-04-24T02:03:20Z</time><extensions><gpxtpx:TrackPointExtension><gpxtpx:cad>0</gpxtpx:cad></gpxtpx:TrackPointExtension></extensions></trkpt><trkpt lat="15.4863333050" lon="73.7639043666"><ele>1.58</ele><time>2025-04-24T02:03:25Z</time><extensions><gpxtpx:TrackPointExtension><gpxtpx:cad>0</gpxtpx:cad></gpxtpx:TrackPointExtension></extensions></trkpt><trkpt lat="15.4865163658" lon="73.7639251538"><ele>1.58</ele><time>2025-04-24T02:03:30Z</time><extensions><gpxtpx:TrackPointExtension><gpxtpx:cad>0</gpxtpx:cad></gpxtpx:TrackPointExtension></extensions></trkpt><trkpt lat="15.4866959061" lon="73.7639568374"><ele>1.58</ele><time>2025-04-24T02:03:35Z</time><extensions><gpxtpx:TrackPointExtension><gpxtpx:cad>0</gpxtpx:cad></gpxtpx:TrackPointExtension></extensions></trkpt><trkpt lat="15.4868626222" lon="73.7639980763"><ele>2.06</ele><time>2025-04-24T02:03:40Z</time><extensions><gpxtpx:TrackPointExtension><gpxtpx:cad>0</gpxtpx:cad></gpxtpx:TrackPointExtension></extensions></trkpt><trkpt lat="15.4870452639" lon="73.7640067935"><ele>1.58</ele><time>2025-04-24T02:03:45Z</time><extensions><gpxtpx:TrackPointExtension><gpxtpx:cad>0</gpxtpx:cad></gpxtpx:TrackPointExtension></extensions></trkpt><trkpt lat="15.4872394726" lon="73.7639912032"><ele>1.58</ele><time>2025-04-24T02:03:50Z</time><extensions><gpxtpx:TrackPointExtension><gpxtpx:cad>0</gpxtpx:cad></gpxtpx:TrackPointExtension></extensions></trkpt><trkpt lat="15.4874194320" lon="73.7639772892"><ele>2.06</ele><time>2025-04-24T02:03:55Z</time><extensions><gpxtpx:TrackPointExtension><gpxtpx:cad>0</gpxtpx:cad></gpxtpx:TrackPointExtension></extensions></trkpt><trkpt lat="15.4875980504" lon="73.7639798876"><ele>2.54</ele><time>2025-04-24T02:04:00Z</time><extensions><gpxtpx:TrackPointExtension><gpxtpx:cad>0</gpxtpx:cad></gpxtpx:TrackPointExtension></extensions></trkpt><trkpt lat="15.4877777584" lon="73.7639743555"><ele>2.54</ele><time>2025-04-24T02:04:05Z</time><extensions><gpxtpx:TrackPointExtension><gpxtpx:cad>0</gpxtpx:cad></gpxtpx:TrackPointExtension></extensions></trkpt><trkpt lat="15.4879495036" lon="73.7639523111"><ele>2.54</ele><time>2025-04-24T02:04:10Z</time><extensions><gpxtpx:TrackPointExtension><gpxtpx:cad>0</gpxtpx:cad></gpxtpx:TrackPointExtension></extensions></trkpt><trkpt lat="15.4881251045" lon="73.7639518082"><ele>2.06</ele><time>2025-04-24T02:04:15Z</time><extensions><gpxtpx:TrackPointExtension><gpxtpx:cad>0</gpxtpx:cad></gpxtpx:TrackPointExtension></extensions></trkpt><trkpt lat="15.4882968497" lon="73.7639689073"><ele>1.58</ele><time>2025-04-24T02:04:20Z</time><extensions><gpxtpx:TrackPointExtension><gpxtpx:cad>0</gpxtpx:cad></gpxtpx:TrackPointExtension></extensions></trkpt><trkpt lat="15.4884782340" lon="73.7639805581"><ele>1.10</ele><time>2025-04-24T02:04:25Z</time><extensions><gpxtpx:TrackPointExtension><gpxtpx:cad>0</gpxtpx:cad></gpxtpx:TrackPointExtension></extensions></trkpt><trkpt lat="15.4886572715" lon="73.7639984954"><ele>1.58</ele><time>2025-04-24T02:04:30Z</time><extensions><gpxtpx:TrackPointExtension><gpxtpx:cad>0</gpxtpx:cad></gpxtpx:TrackPointExtension></extensions></trkpt><trkpt lat="15.4888327047" lon="73.7640165165"><ele>1.10</ele><time>2025-04-24T02:04:35Z</time><extensions><gpxtpx:TrackPointExtension><gpxtpx:cad>0</gpxtpx:cad></gpxtpx:TrackPointExtension></extensions></trkpt><trkpt lat="15.4890082218" lon="73.7640343700"><ele>1.58</ele><time>2025-04-24T02:04:40Z</time><extensions><gpxtpx:TrackPointExtension><gpxtpx:cad>0</gpxtpx:cad></gpxtpx:TrackPointExtension></extensions></trkpt><trkpt lat="15.4892025981" lon="73.7640432548"><ele>2.06</ele><time>2025-04-24T02:04:45Z</time><extensions><gpxtpx:TrackPointExtension><gpxtpx:cad>0</gpxtpx:cad></gpxtpx:TrackPointExtension></extensions></trkpt><trkpt lat="15.4893797077" lon="73.7640439253"><ele>2.06</ele><time>2025-04-24T02:04:50Z</time><extensions><gpxtpx:TrackPointExtension><gpxtpx:cad>0</gpxtpx:cad></gpxtpx:TrackPointExtension></extensions></trkpt><trkpt lat="15.4895532131" lon="73.7640654668"><ele>2.06</ele><time>2025-04-24T02:04:55Z</time><extensions><gpxtpx:TrackPointExtension><gpxtpx:cad>0</gpxtpx:cad></gpxtpx:TrackPointExtension></extensions></trkpt><trkpt lat="15.4897252936" lon="73.7640838232"><ele>2.06</ele><time>2025-04-24T02:05:00Z</time><extensions><gpxtpx:TrackPointExtension><gpxtpx:cad>0</gpxtpx:cad></gpxtpx:TrackPointExtension></extensions></trkpt><trkpt lat="15.4899034929" lon="73.7640950549"><ele>2.54</ele><time>2025-04-24T02:05:05Z</time><extensions><gpxtpx:TrackPointExtension><gpxtpx:cad>0</gpxtpx:cad></gpxtpx:TrackPointExtension></extensions></trkpt><trkpt lat="15.4900855478" lon="73.7641092204"><ele>2.06</ele><time>2025-04-24T02:05:10Z</time><extensions><gpxtpx:TrackPointExtension><gpxtpx:cad>0</gpxtpx:cad></gpxtpx:TrackPointExtension></extensions></trkpt><trkpt lat="15.4902670160" lon="73.7641281635"><ele>2.54</ele><time>2025-04-24T02:05:15Z</time><extensions><gpxtpx:TrackPointExtension><gpxtpx:cad>0</gpxtpx:cad></gpxtpx:TrackPointExtension></extensions></trkpt><trkpt lat="15.4904581234" lon="73.7641289178"><ele>2.54</ele><time>2025-04-24T02:05:20Z</time><extensions><gpxtpx:TrackPointExtension><gpxtpx:cad>0</gpxtpx:cad></gpxtpx:TrackPointExtension></extensions></trkpt><trkpt lat="15.4906354845" lon="73.7641335279"><ele>2.54</ele><time>2025-04-24T02:05:25Z</time><extensions><gpxtpx:TrackPointExtension><gpxtpx:cad>0</gpxtpx:cad></gpxtpx:TrackPointExtension></extensions></trkpt><trkpt lat="15.4908146057" lon="73.7641432509"><ele>2.54</ele><time>2025-04-24T02:05:30Z</time><extensions><gpxtpx:TrackPointExtension><gpxtpx:cad>0</gpxtpx:cad></gpxtpx:TrackPointExtension></extensions></trkpt><trkpt lat="15.4909905419" lon="73.7641632836"><ele>2.54</ele><time>2025-04-24T02:05:35Z</time><extensions><gpxtpx:TrackPointExtension><gpxtpx:cad>0</gpxtpx:cad></gpxtpx:TrackPointExtension></extensions></trkpt><trkpt lat="15.4911633767" lon="73.7641868368"><ele>2.06</ele><time>2025-04-24T02:05:40Z</time><extensions><gpxtpx:TrackPointExtension><gpxtpx:cad>0</gpxtpx:cad></gpxtpx:TrackPointExtension></extensions></trkpt><trkpt lat="15.4913509637" lon="73.7642111443"><ele>2.06</ele><time>2025-04-24T02:05:45Z</time><extensions><gpxtpx:TrackPointExtension><gpxtpx:cad>0</gpxtpx:cad></gpxtpx:TrackPointExtension></extensions></trkpt><trkpt lat="15.4915310908" lon="73.7642520480"><ele>2.54</ele><time>2025-04-24T02:05:50Z</time><extensions><gpxtpx:TrackPointExtension><gpxtpx:cad>0</gpxtpx:cad></gpxtpx:TrackPointExtension></extensions></trkpt><trkpt lat="15.4917102959" lon="73.7642712425"><ele>2.06</ele><time>2025-04-24T02:05:55Z</time><extensions><gpxtpx:TrackPointExtension><gpxtpx:cad>0</gpxtpx:cad></gpxtpx:TrackPointExtension></extensions></trkpt><trkpt lat="15.4918808676" lon="73.7642816361"><ele>2.06</ele><time>2025-04-24T02:06:00Z</time><extensions><gpxtpx:TrackPointExtension><gpxtpx:cad>0</gpxtpx:cad></gpxtpx:TrackPointExtension></extensions></trkpt><trkpt lat="15.4920674488" lon="73.7642822228"><ele>2.06</ele><time>2025-04-24T02:06:05Z</time><extensions><gpxtpx:TrackPointExtension><gpxtpx:cad>0</gpxtpx:cad></gpxtpx:TrackPointExtension></extensions></trkpt><trkpt lat="15.4922417086" lon="73.7642900180"><ele>2.06</ele><time>2025-04-24T02:06:10Z</time><extensions><gpxtpx:TrackPointExtension><gpxtpx:cad>0</gpxtpx:cad></gpxtpx:TrackPointExtension></extensions></trkpt><trkpt lat="15.4924232606" lon="73.7642987352"><ele>2.54</ele><time>2025-04-24T02:06:15Z</time><extensions><gpxtpx:TrackPointExtension><gpxtpx:cad>0</gpxtpx:cad></gpxtpx:TrackPointExtension></extensions></trkpt><trkpt lat="15.4925986938" lon="73.7643063627"><ele>2.54</ele><time>2025-04-24T02:06:20Z</time><extensions><gpxtpx:TrackPointExtension><gpxtpx:cad>0</gpxtpx:cad></gpxtpx:TrackPointExtension></extensions></trkpt><trkpt lat="15.4927708581" lon="73.7643127330"><ele>3.02</ele><time>2025-04-24T02:06:25Z</time><extensions><gpxtpx:TrackPointExtension><gpxtpx:cad>0</gpxtpx:cad></gpxtpx:TrackPointExtension></extensions></trkpt><trkpt lat="15.4929562658" lon="73.7642987352"><ele>3.02</ele><time>2025-04-24T02:06:30Z</time><extensions><gpxtpx:TrackPointExtension><gpxtpx:cad>0</gpxtpx:cad></gpxtpx:TrackPointExtension></extensions></trkpt><trkpt lat="15.4931377340" lon="73.7642637827"><ele>2.54</ele><time>2025-04-24T02:06:35Z</time><extensions><gpxtpx:TrackPointExtension><gpxtpx:cad>0</gpxtpx:cad></gpxtpx:TrackPointExtension></extensions></trkpt><trkpt lat="15.4932953138" lon="73.7641838193"><ele>2.06</ele><time>2025-04-24T02:06:40Z</time><extensions><gpxtpx:TrackPointExtension><gpxtpx:cad>0</gpxtpx:cad></gpxtpx:TrackPointExtension></extensions></trkpt><trkpt lat="15.4934269097" lon="73.7640684005"><ele>2.06</ele><time>2025-04-24T02:06:45Z</time><extensions><gpxtpx:TrackPointExtension><gpxtpx:cad>0</gpxtpx:cad></gpxtpx:TrackPointExtension></extensions></trkpt><trkpt lat="15.4935391434" lon="73.7639212143"><ele>1.58</ele><time>2025-04-24T02:06:50Z</time><extensions><gpxtpx:TrackPointExtension><gpxtpx:cad>0</gpxtpx:cad></gpxtpx:TrackPointExtension></extensions></trkpt><trkpt lat="15.4936573282" lon="73.7637861818"><ele>2.06</ele><time>2025-04-24T02:06:55Z</time><extensions><gpxtpx:TrackPointExtension><gpxtpx:cad>0</gpxtpx:cad></gpxtpx:TrackPointExtension></extensions></trkpt><trkpt lat="15.4937687237" lon="73.7636425998"><ele>1.58</ele><time>2025-04-24T02:07:00Z</time><extensions><gpxtpx:TrackPointExtension><gpxtpx:cad>0</gpxtpx:cad></gpxtpx:TrackPointExtension></extensions></trkpt><trkpt lat="15.4938797001" lon="73.7634969223"><ele>1.10</ele><time>2025-04-24T02:07:05Z</time><extensions><gpxtpx:TrackPointExtension><gpxtpx:cad>0</gpxtpx:cad></gpxtpx:TrackPointExtension></extensions></trkpt><trkpt lat="15.4939938616" lon="73.7633621413"><ele>1.10</ele><time>2025-04-24T02:07:10Z</time><extensions><gpxtpx:TrackPointExtension><gpxtpx:cad>0</gpxtpx:cad></gpxtpx:TrackPointExtension></extensions></trkpt><trkpt lat="15.4941026587" lon="73.7632121891"><ele>1.10</ele><time>2025-04-24T02:07:15Z</time><extensions><gpxtpx:TrackPointExtension><gpxtpx:cad>0</gpxtpx:cad></gpxtpx:TrackPointExtension></extensions></trkpt><trkpt lat="15.4942047503" lon="73.7630620692"><ele>1.10</ele><time>2025-04-24T02:07:20Z</time><extensions><gpxtpx:TrackPointExtension><gpxtpx:cad>0</gpxtpx:cad></gpxtpx:TrackPointExtension></extensions></trkpt><trkpt lat="15.4943053331" lon="73.7629055791"><ele>1.10</ele><time>2025-04-24T02:07:25Z</time><extensions><gpxtpx:TrackPointExtension><gpxtpx:cad>0</gpxtpx:cad></gpxtpx:TrackPointExtension></extensions></trkpt><trkpt lat="15.4944067542" lon="73.7627484184"><ele>1.10</ele><time>2025-04-24T02:07:30Z</time><extensions><gpxtpx:TrackPointExtension><gpxtpx:cad>0</gpxtpx:cad></gpxtpx:TrackPointExtension></extensions></trkpt><trkpt lat="15.4945077561" lon="73.7625969574"><ele>1.10</ele><time>2025-04-24T02:07:35Z</time><extensions><gpxtpx:TrackPointExtension><gpxtpx:cad>0</gpxtpx:cad></gpxtpx:TrackPointExtension></extensions></trkpt><trkpt lat="15.4946146253" lon="73.7624496873"><ele>1.10</ele><time>2025-04-24T02:07:40Z</time><extensions><gpxtpx:TrackPointExtension><gpxtpx:cad>0</gpxtpx:cad></gpxtpx:TrackPointExtension></extensions></trkpt><trkpt lat="15.4947068263" lon="73.7622832227"><ele>0.62</ele><time>2025-04-24T02:07:45Z</time><extensions><gpxtpx:TrackPointExtension><gpxtpx:cad>0</gpxtpx:cad></gpxtpx:TrackPointExtension></extensions></trkpt><trkpt lat="15.4947958421" lon="73.7621191889"><ele>0.62</ele><time>2025-04-24T02:07:50Z</time><extensions><gpxtpx:TrackPointExtension><gpxtpx:cad>0</gpxtpx:cad></gpxtpx:TrackPointExtension></extensions></trkpt><trkpt lat="15.4948740453" lon="73.7619551551"><ele>0.14</ele><time>2025-04-24T02:07:55Z</time><extensions><gpxtpx:TrackPointExtension><gpxtpx:cad>0</gpxtpx:cad></gpxtpx:TrackPointExtension></extensions></trkpt><trkpt lat="15.4949435312" lon="73.7617850862"><ele>-0.34</ele><time>2025-04-24T02:08:00Z</time><extensions><gpxtpx:TrackPointExtension><gpxtpx:cad>0</gpxtpx:cad></gpxtpx:TrackPointExtension></extensions></trkpt><trkpt lat="15.4950313736" lon="73.7616214715"><ele>-0.34</ele><time>2025-04-24T02:08:05Z</time><extensions><gpxtpx:TrackPointExtension><gpxtpx:cad>0</gpxtpx:cad></gpxtpx:TrackPointExtension></extensions></trkpt><trkpt lat="15.4951154441" lon="73.7614599522"><ele>-0.34</ele><time>2025-04-24T02:08:10Z</time><extensions><gpxtpx:TrackPointExtension><gpxtpx:cad>0</gpxtpx:cad></gpxtpx:TrackPointExtension></extensions></trkpt><trkpt lat="15.4951926414" lon="73.7612898834"><ele>-0.82</ele><time>2025-04-24T02:08:15Z</time><extensions><gpxtpx:TrackPointExtension><gpxtpx:cad>0</gpxtpx:cad></gpxtpx:TrackPointExtension></extensions></trkpt><trkpt lat="15.4952794779" lon="73.7611253466"><ele>-0.82</ele><time>2025-04-24T02:08:20Z</time><extensions><gpxtpx:TrackPointExtension><gpxtpx:cad>0</gpxtpx:cad></gpxtpx:TrackPointExtension></extensions></trkpt><trkpt lat="15.4953575972" lon="73.7609530147"><ele>-0.82</ele><time>2025-04-24T02:08:25Z</time><extensions><gpxtpx:TrackPointExtension><gpxtpx:cad>0</gpxtpx:cad></gpxtpx:TrackPointExtension></extensions></trkpt><trkpt lat="15.4954471998" lon="73.7607905734"><ele>-0.34</ele><time>2025-04-24T02:08:30Z</time><extensions><gpxtpx:TrackPointExtension><gpxtpx:cad>0</gpxtpx:cad></gpxtpx:TrackPointExtension></extensions></trkpt><trkpt lat="15.4955425858" lon="73.7606414594"><ele>-0.34</ele><time>2025-04-24T02:08:35Z</time><extensions><gpxtpx:TrackPointExtension><gpxtpx:cad>0</gpxtpx:cad></gpxtpx:TrackPointExtension></extensions></trkpt><trkpt lat="15.4956347868" lon="73.7604775093"><ele>-0.82</ele><time>2025-04-24T02:08:40Z</time><extensions><gpxtpx:TrackPointExtension><gpxtpx:cad>0</gpxtpx:cad></gpxtpx:TrackPointExtension></extensions></trkpt><trkpt lat="15.4957291670" lon="73.7603164930"><ele>-0.82</ele><time>2025-04-24T02:08:45Z</time><extensions><gpxtpx:TrackPointExtension><gpxtpx:cad>0</gpxtpx:cad></gpxtpx:TrackPointExtension></extensions></trkpt><trkpt lat="15.4958360363" lon="73.7601701450"><ele>-0.82</ele><time>2025-04-24T02:08:50Z</time><extensions><gpxtpx:TrackPointExtension><gpxtpx:cad>0</gpxtpx:cad></gpxtpx:TrackPointExtension></extensions></trkpt><trkpt lat="15.4959280696" lon="73.7600087095"><ele>-1.30</ele><time>2025-04-24T02:08:55Z</time><extensions><gpxtpx:TrackPointExtension><gpxtpx:cad>0</gpxtpx:cad></gpxtpx:TrackPointExtension></extensions></trkpt><trkpt lat="15.4960222822" lon="73.7598544825"><ele>-1.30</ele><time>2025-04-24T02:09:00Z</time><extensions><gpxtpx:TrackPointExtension><gpxtpx:cad>0</gpxtpx:cad></gpxtpx:TrackPointExtension></extensions></trkpt><trkpt lat="15.4961237032" lon="73.7597043626"><ele>-0.82</ele><time>2025-04-24T02:09:05Z</time><extensions><gpxtpx:TrackPointExtension><gpxtpx:cad>0</gpxtpx:cad></gpxtpx:TrackPointExtension></extensions></trkpt><trkpt lat="15.4962242022" lon="73.7595461123"><ele>-1.30</ele><time>2025-04-24T02:09:10Z</time><extensions><gpxtpx:TrackPointExtension><gpxtpx:cad>0</gpxtpx:cad></gpxtpx:TrackPointExtension></extensions></trkpt><trkpt lat="15.4963134695" lon="73.7593854312"><ele>-0.82</ele><time>2025-04-24T02:09:15Z</time><extensions><gpxtpx:TrackPointExtension><gpxtpx:cad>0</gpxtpx:cad></gpxtpx:TrackPointExtension></extensions></trkpt><trkpt lat="15.4963974562" lon="73.7592276838"><ele>-0.82</ele><time>2025-04-24T02:09:20Z</time><extensions><gpxtpx:TrackPointExtension><gpxtpx:cad>0</gpxtpx:cad></gpxtpx:TrackPointExtension></extensions></trkpt><trkpt lat="15.4964795150" lon="73.7590627279"><ele>-0.82</ele><time>2025-04-24T02:09:25Z</time><extensions><gpxtpx:TrackPointExtension><gpxtpx:cad>0</gpxtpx:cad></gpxtpx:TrackPointExtension></extensions></trkpt><trkpt lat="15.4965702072" lon="73.7588997837"><ele>-0.34</ele><time>2025-04-24T02:09:30Z</time><extensions><gpxtpx:TrackPointExtension><gpxtpx:cad>0</gpxtpx:cad></gpxtpx:TrackPointExtension></extensions></trkpt><trkpt lat="15.4966665991" lon="73.7587459758"><ele>-0.34</ele><time>2025-04-24T02:09:35Z</time><extensions><gpxtpx:TrackPointExtension><gpxtpx:cad>0</gpxtpx:cad></gpxtpx:TrackPointExtension></extensions></trkpt><trkpt lat="15.4967536870" lon="73.7585832831"><ele>-0.34</ele><time>2025-04-24T02:09:40Z</time><extensions><gpxtpx:TrackPointExtension><gpxtpx:cad>0</gpxtpx:cad></gpxtpx:TrackPointExtension></extensions></trkpt><trkpt lat="15.4968503304" lon="73.7584264576"><ele>0.14</ele><time>2025-04-24T02:09:45Z</time><extensions><gpxtpx:TrackPointExtension><gpxtpx:cad>0</gpxtpx:cad></gpxtpx:TrackPointExtension></extensions></trkpt><trkpt lat="15.4969261028" lon="73.7582595740"><ele>-0.34</ele><time>2025-04-24T02:09:50Z</time><extensions><gpxtpx:TrackPointExtension><gpxtpx:cad>0</gpxtpx:cad></gpxtpx:TrackPointExtension></extensions></trkpt><trkpt lat="15.4970101733" lon="73.7580990605"><ele>-0.34</ele><time>2025-04-24T02:09:55Z</time><extensions><gpxtpx:TrackPointExtension><gpxtpx:cad>0</gpxtpx:cad></gpxtpx:TrackPointExtension></extensions></trkpt><trkpt lat="15.4971037153" lon="73.7579428218"><ele>-0.34</ele><time>2025-04-24T02:10:00Z</time><extensions><gpxtpx:TrackPointExtension><gpxtpx:cad>0</gpxtpx:cad></gpxtpx:TrackPointExtension></extensions></trkpt><trkpt lat="15.4972043820" lon="73.7577803805"><ele>-0.34</ele><time>2025-04-24T02:10:05Z</time><extensions><gpxtpx:TrackPointExtension><gpxtpx:cad>0</gpxtpx:cad></gpxtpx:TrackPointExtension></extensions></trkpt><trkpt lat="15.4973113351" lon="73.7576254830"><ele>0.14</ele><time>2025-04-24T02:10:10Z</time><extensions><gpxtpx:TrackPointExtension><gpxtpx:cad>0</gpxtpx:cad></gpxtpx:TrackPointExtension></extensions></trkpt><trkpt lat="15.4974235687" lon="73.7574774586"><ele>0.14</ele><time>2025-04-24T02:10:15Z</time><extensions><gpxtpx:TrackPointExtension><gpxtpx:cad>0</gpxtpx:cad></gpxtpx:TrackPointExtension></extensions></trkpt><trkpt lat="15.4975343775" lon="73.7573279254"><ele>0.62</ele><time>2025-04-24T02:10:20Z</time><extensions><gpxtpx:TrackPointExtension><gpxtpx:cad>0</gpxtpx:cad></gpxtpx:TrackPointExtension></extensions></trkpt><trkpt lat="15.4976316076" lon="73.7571720220"><ele>0.62</ele><time>2025-04-24T02:10:25Z</time><extensions><gpxtpx:TrackPointExtension><gpxtpx:cad>0</gpxtpx:cad></gpxtpx:TrackPointExtension></extensions></trkpt><trkpt lat="15.4977274127" lon="73.7570231594"><ele>1.10</ele><time>2025-04-24T02:10:30Z</time><extensions><gpxtpx:TrackPointExtension><gpxtpx:cad>0</gpxtpx:cad></gpxtpx:TrackPointExtension></extensions></trkpt><trkpt lat="15.4978131596" lon="73.7568589579"><ele>1.10</ele><time>2025-04-24T02:10:35Z</time><extensions><gpxtpx:TrackPointExtension><gpxtpx:cad>0</gpxtpx:cad></gpxtpx:TrackPointExtension></extensions></trkpt><trkpt lat="15.4978900217" lon="73.7566901464"><ele>1.10</ele><time>2025-04-24T02:10:40Z</time><extensions><gpxtpx:TrackPointExtension><gpxtpx:cad>0</gpxtpx:cad></gpxtpx:TrackPointExtension></extensions></trkpt><trkpt lat="15.4979673028" lon="73.7565296330"><ele>1.10</ele><time>2025-04-24T02:10:45Z</time><extensions><gpxtpx:TrackPointExtension><gpxtpx:cad>0</gpxtpx:cad></gpxtpx:TrackPointExtension></extensions></trkpt><trkpt lat="15.4980533849" lon="73.7563643418"><ele>1.10</ele><time>2025-04-24T02:10:50Z</time><extensions><gpxtpx:TrackPointExtension><gpxtpx:cad>0</gpxtpx:cad></gpxtpx:TrackPointExtension></extensions></trkpt><trkpt lat="15.4981431551" lon="73.7562018167"><ele>1.10</ele><time>2025-04-24T02:10:55Z</time><extensions><gpxtpx:TrackPointExtension><gpxtpx:cad>0</gpxtpx:cad></gpxtpx:TrackPointExtension></extensions></trkpt><trkpt lat="15.4982442409" lon="73.7560289819"><ele>0.62</ele><time>2025-04-24T02:11:00Z</time><extensions><gpxtpx:TrackPointExtension><gpxtpx:cad>0</gpxtpx:cad></gpxtpx:TrackPointExtension></extensions></trkpt><trkpt lat="15.4983553849" lon="73.7558824662"><ele>0.62</ele><time>2025-04-24T02:11:05Z</time><extensions><gpxtpx:TrackPointExtension><gpxtpx:cad>0</gpxtpx:cad></gpxtpx:TrackPointExtension></extensions></trkpt><trkpt lat="15.4984588176" lon="73.7557337712"><ele>0.62</ele><time>2025-04-24T02:11:10Z</time><extensions><gpxtpx:TrackPointExtension><gpxtpx:cad>0</gpxtpx:cad></gpxtpx:TrackPointExtension></extensions></trkpt><trkpt lat="15.4985656030" lon="73.7555774488"><ele>0.62</ele><time>2025-04-24T02:11:15Z</time><extensions><gpxtpx:TrackPointExtension><gpxtpx:cad>0</gpxtpx:cad></gpxtpx:TrackPointExtension></extensions></trkpt><trkpt lat="15.4986749869" lon="73.7554343697"><ele>0.62</ele><time>2025-04-24T02:11:20Z</time><extensions><gpxtpx:TrackPointExtension><gpxtpx:cad>0</gpxtpx:cad></gpxtpx:TrackPointExtension></extensions></trkpt><trkpt lat="15.4987783358" lon="73.7552765384"><ele>1.58</ele><time>2025-04-24T02:11:25Z</time><extensions><gpxtpx:TrackPointExtension><gpxtpx:cad>0</gpxtpx:cad></gpxtpx:TrackPointExtension></extensions></trkpt><trkpt lat="15.4988738056" lon="73.7551182043"><ele>2.54</ele><time>2025-04-24T02:11:30Z</time><extensions><gpxtpx:TrackPointExtension><gpxtpx:cad>0</gpxtpx:cad></gpxtpx:TrackPointExtension></extensions></trkpt><trkpt lat="15.4989805911" lon="73.7549682520"><ele>3.02</ele><time>2025-04-24T02:11:35Z</time><extensions><gpxtpx:TrackPointExtension><gpxtpx:cad>0</gpxtpx:cad></gpxtpx:TrackPointExtension></extensions></trkpt><trkpt lat="15.4990862031" lon="73.7548164558"><ele>3.02</ele><time>2025-04-24T02:11:40Z</time><extensions><gpxtpx:TrackPointExtension><gpxtpx:cad>0</gpxtpx:cad></gpxtpx:TrackPointExtension></extensions></trkpt><trkpt lat="15.4991932400" lon="73.7546622287"><ele>2.54</ele><time>2025-04-24T02:11:45Z</time><extensions><gpxtpx:TrackPointExtension><gpxtpx:cad>0</gpxtpx:cad></gpxtpx:TrackPointExtension></extensions></trkpt><trkpt lat="15.4993191361" lon="73.7545156293"><ele>2.54</ele><time>2025-04-24T02:11:50Z</time><extensions><gpxtpx:TrackPointExtension><gpxtpx:cad>0</gpxtpx:cad></gpxtpx:TrackPointExtension></extensions></trkpt><trkpt lat="15.4994314536" lon="73.7543680239"><ele>1.58</ele><time>2025-04-24T02:11:55Z</time><extensions><gpxtpx:TrackPointExtension><gpxtpx:cad>0</gpxtpx:cad></gpxtpx:TrackPointExtension></extensions></trkpt><trkpt lat="15.4995471239" lon="73.7542245258"><ele>1.58</ele><time>2025-04-24T02:12:00Z</time><extensions><gpxtpx:TrackPointExtension><gpxtpx:cad>0</gpxtpx:cad></gpxtpx:TrackPointExtension></extensions></trkpt><trkpt lat="15.4996712599" lon="73.7540831231"><ele>1.10</ele><time>2025-04-24T02:12:05Z</time><extensions><gpxtpx:TrackPointExtension><gpxtpx:cad>0</gpxtpx:cad></gpxtpx:TrackPointExtension></extensions></trkpt><trkpt lat="15.4997929651" lon="73.7539454922"><ele>1.58</ele><time>2025-04-24T02:12:10Z</time><extensions><gpxtpx:TrackPointExtension><gpxtpx:cad>0</gpxtpx:cad></gpxtpx:TrackPointExtension></extensions></trkpt><trkpt lat="15.4999141674" lon="73.7538239546"><ele>1.58</ele><time>2025-04-24T02:12:15Z</time><extensions><gpxtpx:TrackPointExtension><gpxtpx:cad>0</gpxtpx:cad></gpxtpx:TrackPointExtension></extensions></trkpt><trkpt lat="15.5000425782" lon="73.7537009921"><ele>1.58</ele><time>2025-04-24T02:12:20Z</time><extensions><gpxtpx:TrackPointExtension><gpxtpx:cad>0</gpxtpx:cad></gpxtpx:TrackPointExtension></extensions></trkpt><trkpt lat="15.5001758505" lon="73.7535750959"><ele>2.06</ele><time>2025-04-24T02:12:25Z</time><extensions><gpxtpx:TrackPointExtension><gpxtpx:cad>0</gpxtpx:cad></gpxtpx:TrackPointExtension></extensions></trkpt><trkpt lat="15.5003074463" lon="73.7534445897"><ele>2.54</ele><time>2025-04-24T02:12:30Z</time><extensions><gpxtpx:TrackPointExtension><gpxtpx:cad>0</gpxtpx:cad></gpxtpx:TrackPointExtension></extensions></trkpt><trkpt lat="15.5004575662" lon="73.7533404026"><ele>2.54</ele><time>2025-04-24T02:12:35Z</time><extensions><gpxtpx:TrackPointExtension><gpxtpx:cad>0</gpxtpx:cad></gpxtpx:TrackPointExtension></extensions></trkpt><trkpt lat="15.5005980469" lon="73.7532224692"><ele>1.58</ele><time>2025-04-24T02:12:40Z</time><extensions><gpxtpx:TrackPointExtension><gpxtpx:cad>0</gpxtpx:cad></gpxtpx:TrackPointExtension></extensions></trkpt><trkpt lat="15.5007288046" lon="73.7530997582"><ele>1.10</ele><time>2025-04-24T02:12:45Z</time><extensions><gpxtpx:TrackPointExtension><gpxtpx:cad>0</gpxtpx:cad></gpxtpx:TrackPointExtension></extensions></trkpt><trkpt lat="15.5008509289" lon="73.7529592775"><ele>0.62</ele><time>2025-04-24T02:12:50Z</time><extensions><gpxtpx:TrackPointExtension><gpxtpx:cad>0</gpxtpx:cad></gpxtpx:TrackPointExtension></extensions></trkpt><trkpt lat="15.5009885598" lon="73.7528430205"><ele>0.62</ele><time>2025-04-24T02:12:55Z</time><extensions><gpxtpx:TrackPointExtension><gpxtpx:cad>0</gpxtpx:cad></gpxtpx:TrackPointExtension></extensions></trkpt><trkpt lat="15.5011332314" lon="73.7527257577"><ele>0.62</ele><time>2025-04-24T02:13:00Z</time><extensions><gpxtpx:TrackPointExtension><gpxtpx:cad>0</gpxtpx:cad></gpxtpx:TrackPointExtension></extensions></trkpt><trkpt lat="15.5012672581" lon="73.7526006158"><ele>0.62</ele><time>2025-04-24T02:13:05Z</time><extensions><gpxtpx:TrackPointExtension><gpxtpx:cad>0</gpxtpx:cad></gpxtpx:TrackPointExtension></extensions></trkpt><trkpt lat="15.5014152825" lon="73.7524855323"><ele>0.62</ele><time>2025-04-24T02:13:10Z</time><extensions><gpxtpx:TrackPointExtension><gpxtpx:cad>0</gpxtpx:cad></gpxtpx:TrackPointExtension></extensions></trkpt><trkpt lat="15.5015610438" lon="73.7523813453"><ele>0.62</ele><time>2025-04-24T02:13:15Z</time><extensions><gpxtpx:TrackPointExtension><gpxtpx:cad>0</gpxtpx:cad></gpxtpx:TrackPointExtension></extensions></trkpt><trkpt lat="15.5017162766" lon="73.7522824388"><ele>0.62</ele><time>2025-04-24T02:13:20Z</time><extensions><gpxtpx:TrackPointExtension><gpxtpx:cad>0</gpxtpx:cad></gpxtpx:TrackPointExtension></extensions></trkpt><trkpt lat="15.5018417537" lon="73.7521576323"><ele>0.62</ele><time>2025-04-24T02:13:25Z</time><extensions><gpxtpx:TrackPointExtension><gpxtpx:cad>0</gpxtpx:cad></gpxtpx:TrackPointExtension></extensions></trkpt><trkpt lat="15.5019466951" lon="73.7520246115"><ele>0.62</ele><time>2025-04-24T02:13:30Z</time><extensions><gpxtpx:TrackPointExtension><gpxtpx:cad>0</gpxtpx:cad></gpxtpx:TrackPointExtension></extensions></trkpt><trkpt lat="15.5020413268" lon="73.7518767547"><ele>0.14</ele><time>2025-04-24T02:13:35Z</time><extensions><gpxtpx:TrackPointExtension><gpxtpx:cad>0</gpxtpx:cad></gpxtpx:TrackPointExtension></extensions></trkpt><trkpt lat="15.5021557398" lon="73.7517404649"><ele>0.14</ele><time>2025-04-24T02:13:40Z</time><extensions><gpxtpx:TrackPointExtension><gpxtpx:cad>0</gpxtpx:cad></gpxtpx:TrackPointExtension></extensions></trkpt><trkpt lat="15.5022595916" lon="73.7515962962"><ele>-0.34</ele><time>2025-04-24T02:13:45Z</time><extensions><gpxtpx:TrackPointExtension><gpxtpx:cad>0</gpxtpx:cad></gpxtpx:TrackPointExtension></extensions></trkpt><trkpt lat="15.5023538880" lon="73.7514446676"><ele>-0.34</ele><time>2025-04-24T02:13:50Z</time><extensions><gpxtpx:TrackPointExtension><gpxtpx:cad>0</gpxtpx:cad></gpxtpx:TrackPointExtension></extensions></trkpt><trkpt lat="15.5024512019" lon="73.7512977328"><ele>-0.34</ele><time>2025-04-24T02:13:55Z</time><extensions><gpxtpx:TrackPointExtension><gpxtpx:cad>0</gpxtpx:cad></gpxtpx:TrackPointExtension></extensions></trkpt><trkpt lat="15.5025486834" lon="73.7511501275"><ele>-0.34</ele><time>2025-04-24T02:14:00Z</time><extensions><gpxtpx:TrackPointExtension><gpxtpx:cad>0</gpxtpx:cad></gpxtpx:TrackPointExtension></extensions></trkpt><trkpt lat="15.5026417226" lon="73.7510096468"><ele>-0.34</ele><time>2025-04-24T02:14:05Z</time><extensions><gpxtpx:TrackPointExtension><gpxtpx:cad>0</gpxtpx:cad></gpxtpx:TrackPointExtension></extensions></trkpt><trkpt lat="15.5027583148" lon="73.7508810684"><ele>-0.34</ele><time>2025-04-24T02:14:10Z</time><extensions><gpxtpx:TrackPointExtension><gpxtpx:cad>0</gpxtpx:cad></gpxtpx:TrackPointExtension></extensions></trkpt><trkpt lat="15.5028776731" lon="73.7507533282"><ele>-0.82</ele><time>2025-04-24T02:14:15Z</time><extensions><gpxtpx:TrackPointExtension><gpxtpx:cad>0</gpxtpx:cad></gpxtpx:TrackPointExtension></extensions></trkpt><trkpt lat="15.5030116998" lon="73.7506358977"><ele>-0.82</ele><time>2025-04-24T02:14:20Z</time><extensions><gpxtpx:TrackPointExtension><gpxtpx:cad>0</gpxtpx:cad></gpxtpx:TrackPointExtension></extensions></trkpt><trkpt lat="15.5031627417" lon="73.7505387515"><ele>-0.82</ele><time>2025-04-24T02:14:25Z</time><extensions><gpxtpx:TrackPointExtension><gpxtpx:cad>0</gpxtpx:cad></gpxtpx:TrackPointExtension></extensions></trkpt><trkpt lat="15.5033080000" lon="73.7504799943"><ele>-0.82</ele><time>2025-04-24T02:14:30Z</time><extensions><gpxtpx:TrackPointExtension><gpxtpx:cad>0</gpxtpx:cad></gpxtpx:TrackPointExtension></extensions></trkpt><trkpt lat="15.5034517497" lon="73.7505163718"><ele>-1.30</ele><time>2025-04-24T02:14:35Z</time><extensions><gpxtpx:TrackPointExtension><gpxtpx:cad>0</gpxtpx:cad></gpxtpx:TrackPointExtension></extensions></trkpt><trkpt lat="15.5035934038" lon="73.7506079022"><ele>-1.30</ele><time>2025-04-24T02:14:40Z</time><extensions><gpxtpx:TrackPointExtension><gpxtpx:cad>0</gpxtpx:cad></gpxtpx:TrackPointExtension></extensions></trkpt><trkpt lat="15.5037400033" lon="73.7507047132"><ele>-1.79</ele><time>2025-04-24T02:14:45Z</time><extensions><gpxtpx:TrackPointExtension><gpxtpx:cad>0</gpxtpx:cad></gpxtpx:TrackPointExtension></extensions></trkpt><trkpt lat="15.5038935598" lon="73.7508005183"><ele>-1.79</ele><time>2025-04-24T02:14:50Z</time><extensions><gpxtpx:TrackPointExtension><gpxtpx:cad>0</gpxtpx:cad></gpxtpx:TrackPointExtension></extensions></trkpt><trkpt lat="15.5040267482" lon="73.7509011012"><ele>-1.30</ele><time>2025-04-24T02:14:55Z</time><extensions><gpxtpx:TrackPointExtension><gpxtpx:cad>0</gpxtpx:cad></gpxtpx:TrackPointExtension></extensions></trkpt><trkpt lat="15.5041711684" lon="73.7510167714"><ele>-0.82</ele><time>2025-04-24T02:15:00Z</time><extensions><gpxtpx:TrackPointExtension><gpxtpx:cad>0</gpxtpx:cad></gpxtpx:TrackPointExtension></extensions></trkpt><trkpt lat="15.5043097213" lon="73.7511388119"><ele>-0.34</ele><time>2025-04-24T02:15:05Z</time><extensions><gpxtpx:TrackPointExtension><gpxtpx:cad>0</gpxtpx:cad></gpxtpx:TrackPointExtension></extensions></trkpt><trkpt lat="15.5044482742" lon="73.7512590084"><ele>-0.34</ele><time>2025-04-24T02:15:10Z</time><extensions><gpxtpx:TrackPointExtension><gpxtpx:cad>0</gpxtpx:cad></gpxtpx:TrackPointExtension></extensions></trkpt><trkpt lat="15.5045715719" lon="73.7513559032"><ele>-0.34</ele><time>2025-04-24T02:15:15Z</time><extensions><gpxtpx:TrackPointExtension><gpxtpx:cad>0</gpxtpx:cad></gpxtpx:TrackPointExtension></extensions></trkpt><trkpt lat="15.5047066044" lon="73.7514480203"><ele>-0.34</ele><time>2025-04-24T02:15:20Z</time><extensions><gpxtpx:TrackPointExtension><gpxtpx:cad>0</gpxtpx:cad></gpxtpx:TrackPointExtension></extensions></trkpt><trkpt lat="15.5048517790" lon="73.7515375391"><ele>-0.34</ele><time>2025-04-24T02:15:25Z</time><extensions><gpxtpx:TrackPointExtension><gpxtpx:cad>0</gpxtpx:cad></gpxtpx:TrackPointExtension></extensions></trkpt><trkpt lat="15.5049965344" lon="73.7516180053"><ele>0.14</ele><time>2025-04-24T02:15:30Z</time><extensions><gpxtpx:TrackPointExtension><gpxtpx:cad>0</gpxtpx:cad></gpxtpx:TrackPointExtension></extensions></trkpt><trkpt lat="15.5051541980" lon="73.7517086975"><ele>0.14</ele><time>2025-04-24T02:15:35Z</time><extensions><gpxtpx:TrackPointExtension><gpxtpx:cad>0</gpxtpx:cad></gpxtpx:TrackPointExtension></extensions></trkpt><trkpt lat="15.5053036474" lon="73.7518114597"><ele>0.62</ele><time>2025-04-24T02:15:40Z</time><extensions><gpxtpx:TrackPointExtension><gpxtpx:cad>0</gpxtpx:cad></gpxtpx:TrackPointExtension></extensions></trkpt><trkpt lat="15.5054400209" lon="73.7519024871"><ele>0.62</ele><time>2025-04-24T02:15:45Z</time><extensions><gpxtpx:TrackPointExtension><gpxtpx:cad>0</gpxtpx:cad></gpxtpx:TrackPointExtension></extensions></trkpt><trkpt lat="15.5055827647" lon="73.7520008069"><ele>0.62</ele><time>2025-04-24T02:15:50Z</time><extensions><gpxtpx:TrackPointExtension><gpxtpx:cad>0</gpxtpx:cad></gpxtpx:TrackPointExtension></extensions></trkpt><trkpt lat="15.5057024583" lon="73.7521128729"><ele>1.10</ele><time>2025-04-24T02:15:55Z</time><extensions><gpxtpx:TrackPointExtension><gpxtpx:cad>0</gpxtpx:cad></gpxtpx:TrackPointExtension></extensions></trkpt><trkpt lat="15.5058287736" lon="73.7522261962"><ele>1.10</ele><time>2025-04-24T02:16:00Z</time><extensions><gpxtpx:TrackPointExtension><gpxtpx:cad>0</gpxtpx:cad></gpxtpx:TrackPointExtension></extensions></trkpt><trkpt lat="15.5059619620" lon="73.7523456383"><ele>1.10</ele><time>2025-04-24T02:16:05Z</time><extensions><gpxtpx:TrackPointExtension><gpxtpx:cad>0</gpxtpx:cad></gpxtpx:TrackPointExtension></extensions></trkpt><trkpt lat="15.5060952343" lon="73.7524801679"><ele>0.62</ele><time>2025-04-24T02:16:10Z</time><extensions><gpxtpx:TrackPointExtension><gpxtpx:cad>0</gpxtpx:cad></gpxtpx:TrackPointExtension></extensions></trkpt><trkpt lat="15.5062121619" lon="73.7526055612"><ele>1.10</ele><time>2025-04-24T02:16:15Z</time><extensions><gpxtpx:TrackPointExtension><gpxtpx:cad>0</gpxtpx:cad></gpxtpx:TrackPointExtension></extensions></trkpt><trkpt lat="15.5063224677" lon="73.7527490593"><ele>0.62</ele><time>2025-04-24T02:16:20Z</time><extensions><gpxtpx:TrackPointExtension><gpxtpx:cad>0</gpxtpx:cad></gpxtpx:TrackPointExtension></extensions></trkpt><trkpt lat="15.5064355396" lon="73.7528900430"><ele>0.62</ele><time>2025-04-24T02:16:25Z</time><extensions><gpxtpx:TrackPointExtension><gpxtpx:cad>0</gpxtpx:cad></gpxtpx:TrackPointExtension></extensions></trkpt><trkpt lat="15.5065449234" lon="73.7530314457"><ele>0.14</ele><time>2025-04-24T02:16:30Z</time><extensions><gpxtpx:TrackPointExtension><gpxtpx:cad>0</gpxtpx:cad></gpxtpx:TrackPointExtension></extensions></trkpt><trkpt lat="15.5066828895" lon="73.7531399075"><ele>0.14</ele><time>2025-04-24T02:16:35Z</time><extensions><gpxtpx:TrackPointExtension><gpxtpx:cad>0</gpxtpx:cad></gpxtpx:TrackPointExtension></extensions></trkpt><trkpt lat="15.5068351049" lon="73.7532236427"><ele>-0.34</ele><time>2025-04-24T02:16:40Z</time><extensions><gpxtpx:TrackPointExtension><gpxtpx:cad>0</gpxtpx:cad></gpxtpx:TrackPointExtension></extensions></trkpt><trkpt lat="15.5069843028" lon="73.7533166818"><ele>-0.82</ele><time>2025-04-24T02:16:45Z</time><extensions><gpxtpx:TrackPointExtension><gpxtpx:cad>0</gpxtpx:cad></gpxtpx:TrackPointExtension></extensions></trkpt><trkpt lat="15.5071361829" lon="73.7533906102"><ele>-0.82</ele><time>2025-04-24T02:16:50Z</time><extensions><gpxtpx:TrackPointExtension><gpxtpx:cad>0</gpxtpx:cad></gpxtpx:TrackPointExtension></extensions></trkpt><trkpt lat="15.5072870571" lon="73.7534592580"><ele>-1.30</ele><time>2025-04-24T02:16:55Z</time><extensions><gpxtpx:TrackPointExtension><gpxtpx:cad>0</gpxtpx:cad></gpxtpx:TrackPointExtension></extensions></trkpt><trkpt lat="15.5074431282" lon="73.7535441667"><ele>-1.30</ele><time>2025-04-24T02:17:00Z</time><extensions><gpxtpx:TrackPointExtension><gpxtpx:cad>0</gpxtpx:cad></gpxtpx:TrackPointExtension></extensions></trkpt><trkpt lat="15.5075811781" lon="73.7536422350"><ele>-0.82</ele><time>2025-04-24T02:17:05Z</time><extensions><gpxtpx:TrackPointExtension><gpxtpx:cad>0</gpxtpx:cad></gpxtpx:TrackPointExtension></extensions></trkpt><trkpt lat="15.5077351537" lon="73.7537454162"><ele>-0.82</ele><time>2025-04-24T02:17:10Z</time><extensions><gpxtpx:TrackPointExtension><gpxtpx:cad>0</gpxtpx:cad></gpxtpx:TrackPointExtension></extensions></trkpt><trkpt lat="15.5078982655" lon="73.7538326718"><ele>-0.82</ele><time>2025-04-24T02:17:15Z</time><extensions><gpxtpx:TrackPointExtension><gpxtpx:cad>0</gpxtpx:cad></gpxtpx:TrackPointExtension></extensions></trkpt><trkpt lat="15.5080473796" lon="73.7539148144"><ele>-0.82</ele><time>2025-04-24T02:17:20Z</time><extensions><gpxtpx:TrackPointExtension><gpxtpx:cad>0</gpxtpx:cad></gpxtpx:TrackPointExtension></extensions></trkpt><trkpt lat="15.5081903748" lon="73.7540103681"><ele>-1.30</ele><time>2025-04-24T02:17:25Z</time><extensions><gpxtpx:TrackPointExtension><gpxtpx:cad>0</gpxtpx:cad></gpxtpx:TrackPointExtension></extensions></trkpt><trkpt lat="15.5083278380" lon="73.7541029043"><ele>-0.82</ele><time>2025-04-24T02:17:30Z</time><extensions><gpxtpx:TrackPointExtension><gpxtpx:cad>0</gpxtpx:cad></gpxtpx:TrackPointExtension></extensions></trkpt><trkpt lat="15.5084613618" lon="73.7542043254"><ele>-0.82</ele><time>2025-04-24T02:17:35Z</time><extensions><gpxtpx:TrackPointExtension><gpxtpx:cad>0</gpxtpx:cad></gpxtpx:TrackPointExtension></extensions></trkpt><trkpt lat="15.5086306762" lon="73.7543017231"><ele>-0.82</ele><time>2025-04-24T02:17:40Z</time><extensions><gpxtpx:TrackPointExtension><gpxtpx:cad>0</gpxtpx:cad></gpxtpx:TrackPointExtension></extensions></trkpt><trkpt lat="15.5087894294" lon="73.7543842010"><ele>-1.30</ele><time>2025-04-24T02:17:45Z</time><extensions><gpxtpx:TrackPointExtension><gpxtpx:cad>0</gpxtpx:cad></gpxtpx:TrackPointExtension></extensions></trkpt><trkpt lat="15.5089508649" lon="73.7544926628"><ele>-1.30</ele><time>2025-04-24T02:17:50Z</time><extensions><gpxtpx:TrackPointExtension><gpxtpx:cad>0</gpxtpx:cad></gpxtpx:TrackPointExtension></extensions></trkpt><trkpt lat="15.5090900883" lon="73.7545919046"><ele>-0.82</ele><time>2025-04-24T02:17:55Z</time><extensions><gpxtpx:TrackPointExtension><gpxtpx:cad>0</gpxtpx:cad></gpxtpx:TrackPointExtension></extensions></trkpt><trkpt lat="15.5092124641" lon="73.7547083292"><ele>-1.30</ele><time>2025-04-24T02:18:00Z</time><extensions><gpxtpx:TrackPointExtension><gpxtpx:cad>0</gpxtpx:cad></gpxtpx:TrackPointExtension></extensions></trkpt><trkpt lat="15.5093566328" lon="73.7548310403"><ele>-0.82</ele><time>2025-04-24T02:18:05Z</time><extensions><gpxtpx:TrackPointExtension><gpxtpx:cad>0</gpxtpx:cad></gpxtpx:TrackPointExtension></extensions></trkpt><trkpt lat="15.5094872229" lon="73.7549471296"><ele>-1.30</ele><time>2025-04-24T02:18:10Z</time><extensions><gpxtpx:TrackPointExtension><gpxtpx:cad>0</gpxtpx:cad></gpxtpx:TrackPointExtension></extensions></trkpt><trkpt lat="15.5096194893" lon="73.7550547533"><ele>-1.30</ele><time>2025-04-24T02:18:15Z</time><extensions><gpxtpx:TrackPointExtension><gpxtpx:cad>0</gpxtpx:cad></gpxtpx:TrackPointExtension></extensions></trkpt><trkpt lat="15.5097630713" lon="73.7551606167"><ele>-1.30</ele><time>2025-04-24T02:18:20Z</time><extensions><gpxtpx:TrackPointExtension><gpxtpx:cad>0</gpxtpx:cad></gpxtpx:TrackPointExtension></extensions></trkpt><trkpt lat="15.5099193100" lon="73.7552580982"><ele>-1.79</ele><time>2025-04-24T02:18:25Z</time><extensions><gpxtpx:TrackPointExtension><gpxtpx:cad>0</gpxtpx:cad></gpxtpx:TrackPointExtension></extensions></trkpt><trkpt lat="15.5100615509" lon="73.7553323619"><ele>-1.79</ele><time>2025-04-24T02:18:30Z</time><extensions><gpxtpx:TrackPointExtension><gpxtpx:cad>0</gpxtpx:cad></gpxtpx:TrackPointExtension></extensions></trkpt><trkpt lat="15.5102147721" lon="73.7554077990"><ele>-1.30</ele><time>2025-04-24T02:18:35Z</time><extensions><gpxtpx:TrackPointExtension><gpxtpx:cad>0</gpxtpx:cad></gpxtpx:TrackPointExtension></extensions></trkpt><trkpt lat="15.5103725195" lon="73.7554815598"><ele>-1.79</ele><time>2025-04-24T02:18:40Z</time><extensions><gpxtpx:TrackPointExtension><gpxtpx:cad>0</gpxtpx:cad></gpxtpx:TrackPointExtension></extensions></trkpt><trkpt lat="15.5105319433" lon="73.7555648759"><ele>-1.30</ele><time>2025-04-24T02:18:45Z</time><extensions><gpxtpx:TrackPointExtension><gpxtpx:cad>0</gpxtpx:cad></gpxtpx:TrackPointExtension></extensions></trkpt><trkpt lat="15.5106806383" lon="73.7556653749"><ele>-0.82</ele><time>2025-04-24T02:18:50Z</time><extensions><gpxtpx:TrackPointExtension><gpxtpx:cad>0</gpxtpx:cad></gpxtpx:TrackPointExtension></extensions></trkpt><trkpt lat="15.5108253937" lon="73.7557591684"><ele>-0.82</ele><time>2025-04-24T02:18:55Z</time><extensions><gpxtpx:TrackPointExtension><gpxtpx:cad>0</gpxtpx:cad></gpxtpx:TrackPointExtension></extensions></trkpt><trkpt lat="15.5109744240" lon="73.7558421493"><ele>-0.34</ele><time>2025-04-24T02:19:00Z</time><extensions><gpxtpx:TrackPointExtension><gpxtpx:cad>0</gpxtpx:cad></gpxtpx:TrackPointExtension></extensions></trkpt><trkpt lat="15.5111323390" lon="73.7559299916"><ele>-0.34</ele><time>2025-04-24T02:19:05Z</time><extensions><gpxtpx:TrackPointExtension><gpxtpx:cad>0</gpxtpx:cad></gpxtpx:TrackPointExtension></extensions></trkpt><trkpt lat="15.5112739094" lon="73.7560243718"><ele>-0.34</ele><time>2025-04-24T02:19:10Z</time><extensions><gpxtpx:TrackPointExtension><gpxtpx:cad>0</gpxtpx:cad></gpxtpx:TrackPointExtension></extensions></trkpt><trkpt lat="15.5114097800" lon="73.7561221886"><ele>0.14</ele><time>2025-04-24T02:19:15Z</time><extensions><gpxtpx:TrackPointExtension><gpxtpx:cad>0</gpxtpx:cad></gpxtpx:TrackPointExtension></extensions></trkpt><trkpt lat="15.5115467403" lon="73.7562215142"><ele>-0.34</ele><time>2025-04-24T02:19:20Z</time><extensions><gpxtpx:TrackPointExtension><gpxtpx:cad>0</gpxtpx:cad></gpxtpx:TrackPointExtension></extensions></trkpt><trkpt lat="15.5117007997" lon="73.7563078478"><ele>0.14</ele><time>2025-04-24T02:19:25Z</time><extensions><gpxtpx:TrackPointExtension><gpxtpx:cad>0</gpxtpx:cad></gpxtpx:TrackPointExtension></extensions></trkpt><trkpt lat="15.5118466448" lon="73.7564133760"><ele>0.62</ele><time>2025-04-24T02:19:30Z</time><extensions><gpxtpx:TrackPointExtension><gpxtpx:cad>0</gpxtpx:cad></gpxtpx:TrackPointExtension></extensions></trkpt><trkpt lat="15.5119896401" lon="73.7565280404"><ele>0.62</ele><time>2025-04-24T02:19:35Z</time><extensions><gpxtpx:TrackPointExtension><gpxtpx:cad>0</gpxtpx:cad></gpxtpx:TrackPointExtension></extensions></trkpt><trkpt lat="15.5121352337" lon="73.7566313893"><ele>0.14</ele><time>2025-04-24T02:19:40Z</time><extensions><gpxtpx:TrackPointExtension><gpxtpx:cad>0</gpxtpx:cad></gpxtpx:TrackPointExtension></extensions></trkpt><trkpt lat="15.5122846831" lon="73.7567233387"><ele>0.14</ele><time>2025-04-24T02:19:45Z</time><extensions><gpxtpx:TrackPointExtension><gpxtpx:cad>0</gpxtpx:cad></gpxtpx:TrackPointExtension></extensions></trkpt><trkpt lat="15.5124213081" lon="73.7568344828"><ele>0.14</ele><time>2025-04-24T02:19:50Z</time><extensions><gpxtpx:TrackPointExtension><gpxtpx:cad>0</gpxtpx:cad></gpxtpx:TrackPointExtension></extensions></trkpt><trkpt lat="15.5125461146" lon="73.7569482252"><ele>0.14</ele><time>2025-04-24T02:19:55Z</time><extensions><gpxtpx:TrackPointExtension><gpxtpx:cad>0</gpxtpx:cad></gpxtpx:TrackPointExtension></extensions></trkpt><trkpt lat="15.5126609467" lon="73.7570987642"><ele>0.62</ele><time>2025-04-24T02:20:00Z</time><extensions><gpxtpx:TrackPointExtension><gpxtpx:cad>0</gpxtpx:cad></gpxtpx:TrackPointExtension></extensions></trkpt><trkpt lat="15.5127631221" lon="73.7572267558"><ele>0.62</ele><time>2025-04-24T02:20:05Z</time><extensions><gpxtpx:TrackPointExtension><gpxtpx:cad>0</gpxtpx:cad></gpxtpx:TrackPointExtension></extensions></trkpt><trkpt lat="15.5129011720" lon="73.7573461141"><ele>0.62</ele><time>2025-04-24T02:20:10Z</time><extensions><gpxtpx:TrackPointExtension><gpxtpx:cad>0</gpxtpx:cad></gpxtpx:TrackPointExtension></extensions></trkpt><trkpt lat="15.5130118132" lon="73.7574518938"><ele>0.62</ele><time>2025-04-24T02:20:15Z</time><extensions><gpxtpx:TrackPointExtension><gpxtpx:cad>0</gpxtpx:cad></gpxtpx:TrackPointExtension></extensions></trkpt><trkpt lat="15.5131412297" lon="73.7575750239"><ele>0.62</ele><time>2025-04-24T02:20:20Z</time><extensions><gpxtpx:TrackPointExtension><gpxtpx:cad>0</gpxtpx:cad></gpxtpx:TrackPointExtension></extensions></trkpt><trkpt lat="15.5132638570" lon="73.7577082962"><ele>0.14</ele><time>2025-04-24T02:20:25Z</time><extensions><gpxtpx:TrackPointExtension><gpxtpx:cad>0</gpxtpx:cad></gpxtpx:TrackPointExtension></extensions></trkpt><trkpt lat="15.5134028289" lon="73.7578579132"><ele>0.14</ele><time>2025-04-24T02:20:30Z</time><extensions><gpxtpx:TrackPointExtension><gpxtpx:cad>0</gpxtpx:cad></gpxtpx:TrackPointExtension></extensions></trkpt><trkpt lat="15.5134907551" lon="73.7579905149"><ele>0.14</ele><time>2025-04-24T02:20:35Z</time><extensions><gpxtpx:TrackPointExtension><gpxtpx:cad>0</gpxtpx:cad></gpxtpx:TrackPointExtension></extensions></trkpt><trkpt lat="15.5135822017" lon="73.7581354380"><ele>0.14</ele><time>2025-04-24T02:20:40Z</time><extensions><gpxtpx:TrackPointExtension><gpxtpx:cad>0</gpxtpx:cad></gpxtpx:TrackPointExtension></extensions></trkpt><trkpt lat="15.5136939324" lon="73.7582711410"><ele>0.14</ele><time>2025-04-24T02:20:45Z</time><extensions><gpxtpx:TrackPointExtension><gpxtpx:cad>0</gpxtpx:cad></gpxtpx:TrackPointExtension></extensions></trkpt><trkpt lat="15.5138180684" lon="73.7583902478"><ele>0.62</ele><time>2025-04-24T02:20:50Z</time><extensions><gpxtpx:TrackPointExtension><gpxtpx:cad>0</gpxtpx:cad></gpxtpx:TrackPointExtension></extensions></trkpt><trkpt lat="15.5139795039" lon="73.7584547885"><ele>0.14</ele><time>2025-04-24T02:20:55Z</time><extensions><gpxtpx:TrackPointExtension><gpxtpx:cad>0</gpxtpx:cad></gpxtpx:TrackPointExtension></extensions></trkpt><trkpt lat="15.5141182244" lon="73.7585268728"><ele>0.14</ele><time>2025-04-24T02:21:00Z</time><extensions><gpxtpx:TrackPointExtension><gpxtpx:cad>0</gpxtpx:cad></gpxtpx:TrackPointExtension></extensions></trkpt><trkpt lat="15.5142724514" lon="73.7586215883"><ele>0.14</ele><time>2025-04-24T02:21:05Z</time><extensions><gpxtpx:TrackPointExtension><gpxtpx:cad>0</gpxtpx:cad></gpxtpx:TrackPointExtension></extensions></trkpt><trkpt lat="15.5144223198" lon="73.7587453891"><ele>0.14</ele><time>2025-04-24T02:21:10Z</time><extensions><gpxtpx:TrackPointExtension><gpxtpx:cad>0</gpxtpx:cad></gpxtpx:TrackPointExtension></extensions></trkpt><trkpt lat="15.5145579390" lon="73.7588570360"><ele>0.62</ele><time>2025-04-24T02:21:15Z</time><extensions><gpxtpx:TrackPointExtension><gpxtpx:cad>0</gpxtpx:cad></gpxtpx:TrackPointExtension></extensions></trkpt><trkpt lat="15.5146957375" lon="73.7589442916"><ele>0.14</ele><time>2025-04-24T02:21:20Z</time><extensions><gpxtpx:TrackPointExtension><gpxtpx:cad>0</gpxtpx:cad></gpxtpx:TrackPointExtension></extensions></trkpt><trkpt lat="15.5148508027" lon="73.7590488978"><ele>0.14</ele><time>2025-04-24T02:21:25Z</time><extensions><gpxtpx:TrackPointExtension><gpxtpx:cad>0</gpxtpx:cad></gpxtpx:TrackPointExtension></extensions></trkpt><trkpt lat="15.5149989948" lon="73.7591402605"><ele>0.14</ele><time>2025-04-24T02:21:30Z</time><extensions><gpxtpx:TrackPointExtension><gpxtpx:cad>0</gpxtpx:cad></gpxtpx:TrackPointExtension></extensions></trkpt><trkpt lat="15.5151326861" lon="73.7592301983"><ele>0.14</ele><time>2025-04-24T02:21:35Z</time><extensions><gpxtpx:TrackPointExtension><gpxtpx:cad>0</gpxtpx:cad></gpxtpx:TrackPointExtension></extensions></trkpt><trkpt lat="15.5152680539" lon="73.7593490537"><ele>0.62</ele><time>2025-04-24T02:21:40Z</time><extensions><gpxtpx:TrackPointExtension><gpxtpx:cad>0</gpxtpx:cad></gpxtpx:TrackPointExtension></extensions></trkpt><trkpt lat="15.5153950397" lon="73.7594636343"><ele>1.10</ele><time>2025-04-24T02:21:45Z</time><extensions><gpxtpx:TrackPointExtension><gpxtpx:cad>0</gpxtpx:cad></gpxtpx:TrackPointExtension></extensions></trkpt><trkpt lat="15.5155288987" lon="73.7595835794"><ele>1.10</ele><time>2025-04-24T02:21:50Z</time><extensions><gpxtpx:TrackPointExtension><gpxtpx:cad>0</gpxtpx:cad></gpxtpx:TrackPointExtension></extensions></trkpt><trkpt lat="15.5156457424" lon="73.7596818991"><ele>1.10</ele><time>2025-04-24T02:21:55Z</time><extensions><gpxtpx:TrackPointExtension><gpxtpx:cad>0</gpxtpx:cad></gpxtpx:TrackPointExtension></extensions></trkpt><trkpt lat="15.5157897435" lon="73.7597573362"><ele>1.10</ele><time>2025-04-24T02:22:00Z</time><extensions><gpxtpx:TrackPointExtension><gpxtpx:cad>0</gpxtpx:cad></gpxtpx:TrackPointExtension></extensions></trkpt><trkpt lat="15.5159637518" lon="73.7598317675"><ele>1.10</ele><time>2025-04-24T02:22:05Z</time><extensions><gpxtpx:TrackPointExtension><gpxtpx:cad>0</gpxtpx:cad></gpxtpx:TrackPointExtension></extensions></trkpt><trkpt lat="15.5161290430" lon="73.7599189393"><ele>1.10</ele><time>2025-04-24T02:22:10Z</time><extensions><gpxtpx:TrackPointExtension><gpxtpx:cad>0</gpxtpx:cad></gpxtpx:TrackPointExtension></extensions></trkpt><trkpt lat="15.5162675120" lon="73.7600121461"><ele>1.10</ele><time>2025-04-24T02:22:15Z</time><extensions><gpxtpx:TrackPointExtension><gpxtpx:cad>0</gpxtpx:cad></gpxtpx:TrackPointExtension></extensions></trkpt><trkpt lat="15.5164212361" lon="73.7601164170"><ele>1.10</ele><time>2025-04-24T02:22:20Z</time><extensions><gpxtpx:TrackPointExtension><gpxtpx:cad>0</gpxtpx:cad></gpxtpx:TrackPointExtension></extensions></trkpt><trkpt lat="15.5165553465" lon="73.7601970509"><ele>0.62</ele><time>2025-04-24T02:22:25Z</time><extensions><gpxtpx:TrackPointExtension><gpxtpx:cad>0</gpxtpx:cad></gpxtpx:TrackPointExtension></extensions></trkpt><trkpt lat="15.5166974198" lon="73.7602880783"><ele>0.62</ele><time>2025-04-24T02:22:30Z</time><extensions><gpxtpx:TrackPointExtension><gpxtpx:cad>0</gpxtpx:cad></gpxtpx:TrackPointExtension></extensions></trkpt><trkpt lat="15.5168394931" lon="73.7603834644"><ele>0.62</ele><time>2025-04-24T02:22:35Z</time><extensions><gpxtpx:TrackPointExtension><gpxtpx:cad>0</gpxtpx:cad></gpxtpx:TrackPointExtension></extensions></trkpt><trkpt lat="15.5170021020" lon="73.7604511902"><ele>0.62</ele><time>2025-04-24T02:22:40Z</time><extensions><gpxtpx:TrackPointExtension><gpxtpx:cad>0</gpxtpx:cad></gpxtpx:TrackPointExtension></extensions></trkpt><trkpt lat="15.5171613581" lon="73.7605221011"><ele>0.14</ele><time>2025-04-24T02:22:45Z</time><extensions><gpxtpx:TrackPointExtension><gpxtpx:cad>0</gpxtpx:cad></gpxtpx:TrackPointExtension></extensions></trkpt><trkpt lat="15.5173210334" lon="73.7605895754"><ele>-0.34</ele><time>2025-04-24T02:22:50Z</time><extensions><gpxtpx:TrackPointExtension><gpxtpx:cad>0</gpxtpx:cad></gpxtpx:TrackPointExtension></extensions></trkpt><trkpt lat="15.5174684711" lon="73.7606646772"><ele>0.14</ele><time>2025-04-24T02:22:55Z</time><extensions><gpxtpx:TrackPointExtension><gpxtpx:cad>0</gpxtpx:cad></gpxtpx:TrackPointExtension></extensions></trkpt><trkpt lat="15.5176204350" lon="73.7607393600"><ele>-0.34</ele><time>2025-04-24T02:23:00Z</time><extensions><gpxtpx:TrackPointExtension><gpxtpx:cad>0</gpxtpx:cad></gpxtpx:TrackPointExtension></extensions></trkpt><trkpt lat="15.5177781824" lon="73.7608217541"><ele>-0.34</ele><time>2025-04-24T02:23:05Z</time><extensions><gpxtpx:TrackPointExtension><gpxtpx:cad>0</gpxtpx:cad></gpxtpx:TrackPointExtension></extensions></trkpt><trkpt lat="15.5179431383" lon="73.7609013822"><ele>-0.82</ele><time>2025-04-24T02:23:10Z</time><extensions><gpxtpx:TrackPointExtension><gpxtpx:cad>0</gpxtpx:cad></gpxtpx:TrackPointExtension></extensions></trkpt><trkpt lat="15.5181090999" lon="73.7609587144"><ele>-0.34</ele><time>2025-04-24T02:23:15Z</time><extensions><gpxtpx:TrackPointExtension><gpxtpx:cad>0</gpxtpx:cad></gpxtpx:TrackPointExtension></extensions></trkpt><trkpt lat="15.5182627402" lon="73.7609574571"><ele>0.14</ele><time>2025-04-24T02:23:20Z</time><extensions><gpxtpx:TrackPointExtension><gpxtpx:cad>0</gpxtpx:cad></gpxtpx:TrackPointExtension></extensions></trkpt><trkpt lat="15.5184007064" lon="73.7608783320"><ele>0.14</ele><time>2025-04-24T02:23:25Z</time><extensions><gpxtpx:TrackPointExtension><gpxtpx:cad>0</gpxtpx:cad></gpxtpx:TrackPointExtension></extensions></trkpt><trkpt lat="15.5185380019" lon="73.7607673556"><ele>1.10</ele><time>2025-04-24T02:23:30Z</time><extensions><gpxtpx:TrackPointExtension><gpxtpx:cad>0</gpxtpx:cad></gpxtpx:TrackPointExtension></extensions></trkpt><trkpt lat="15.5186525825" lon="73.7606417108"><ele>0.62</ele><time>2025-04-24T02:23:35Z</time><extensions><gpxtpx:TrackPointExtension><gpxtpx:cad>0</gpxtpx:cad></gpxtpx:TrackPointExtension></extensions></trkpt><trkpt lat="15.5187697615" lon="73.7605145574"><ele>0.62</ele><time>2025-04-24T02:23:40Z</time><extensions><gpxtpx:TrackPointExtension><gpxtpx:cad>0</gpxtpx:cad></gpxtpx:TrackPointExtension></extensions></trkpt><trkpt lat="15.5188937299" lon="73.7603876553"><ele>-0.34</ele><time>2025-04-24T02:23:45Z</time><extensions><gpxtpx:TrackPointExtension><gpxtpx:cad>0</gpxtpx:cad></gpxtpx:TrackPointExtension></extensions></trkpt><trkpt lat="15.5190195423" lon="73.7602693029"><ele>-0.34</ele><time>2025-04-24T02:23:50Z</time><extensions><gpxtpx:TrackPointExtension><gpxtpx:cad>0</gpxtpx:cad></gpxtpx:TrackPointExtension></extensions></trkpt><trkpt lat="15.5191503838" lon="73.7601580750"><ele>-0.82</ele><time>2025-04-24T02:23:55Z</time><extensions><gpxtpx:TrackPointExtension><gpxtpx:cad>0</gpxtpx:cad></gpxtpx:TrackPointExtension></extensions></trkpt><trkpt lat="15.5192794651" lon="73.7600287423"><ele>-0.82</ele><time>2025-04-24T02:24:00Z</time><extensions><gpxtpx:TrackPointExtension><gpxtpx:cad>0</gpxtpx:cad></gpxtpx:TrackPointExtension></extensions></trkpt><trkpt lat="15.5194077920" lon="73.7599111442"><ele>-0.82</ele><time>2025-04-24T02:24:05Z</time><extensions><gpxtpx:TrackPointExtension><gpxtpx:cad>0</gpxtpx:cad></gpxtpx:TrackPointExtension></extensions></trkpt><trkpt lat="15.5195266474" lon="73.7597875111"><ele>-1.30</ele><time>2025-04-24T02:24:10Z</time><extensions><gpxtpx:TrackPointExtension><gpxtpx:cad>0</gpxtpx:cad></gpxtpx:TrackPointExtension></extensions></trkpt><trkpt lat="15.5196374562" lon="73.7596584298"><ele>-1.30</ele><time>2025-04-24T02:24:15Z</time><extensions><gpxtpx:TrackPointExtension><gpxtpx:cad>0</gpxtpx:cad></gpxtpx:TrackPointExtension></extensions></trkpt><trkpt lat="15.5197559763" lon="73.7595342100"><ele>-1.30</ele><time>2025-04-24T02:24:20Z</time><extensions><gpxtpx:TrackPointExtension><gpxtpx:cad>0</gpxtpx:cad></gpxtpx:TrackPointExtension></extensions></trkpt><trkpt lat="15.5198690481" lon="73.7594079785"><ele>-1.30</ele><time>2025-04-24T02:24:25Z</time><extensions><gpxtpx:TrackPointExtension><gpxtpx:cad>0</gpxtpx:cad></gpxtpx:TrackPointExtension></extensions></trkpt><trkpt lat="15.5199882388" lon="73.7592761312"><ele>-0.82</ele><time>2025-04-24T02:24:30Z</time><extensions><gpxtpx:TrackPointExtension><gpxtpx:cad>0</gpxtpx:cad></gpxtpx:TrackPointExtension></extensions></trkpt><trkpt lat="15.5201103631" lon="73.7591531686"><ele>-0.82</ele><time>2025-04-24T02:24:35Z</time><extensions><gpxtpx:TrackPointExtension><gpxtpx:cad>0</gpxtpx:cad></gpxtpx:TrackPointExtension></extensions></trkpt><trkpt lat="15.5202363431" lon="73.7590315472"><ele>-0.82</ele><time>2025-04-24T02:24:40Z</time><extensions><gpxtpx:TrackPointExtension><gpxtpx:cad>0</gpxtpx:cad></gpxtpx:TrackPointExtension></extensions></trkpt><trkpt lat="15.5203619879" lon="73.7589152902"><ele>-0.82</ele><time>2025-04-24T02:24:45Z</time><extensions><gpxtpx:TrackPointExtension><gpxtpx:cad>0</gpxtpx:cad></gpxtpx:TrackPointExtension></extensions></trkpt><trkpt lat="15.5204916559" lon="73.7587939203"><ele>-0.34</ele><time>2025-04-24T02:24:50Z</time><extensions><gpxtpx:TrackPointExtension><gpxtpx:cad>0</gpxtpx:cad></gpxtpx:TrackPointExtension></extensions></trkpt><trkpt lat="15.5206218269" lon="73.7586786691"><ele>-0.34</ele><time>2025-04-24T02:24:55Z</time><extensions><gpxtpx:TrackPointExtension><gpxtpx:cad>0</gpxtpx:cad></gpxtpx:TrackPointExtension></extensions></trkpt><trkpt lat="15.5207539257" lon="73.7585672736"><ele>-0.34</ele><time>2025-04-24T02:25:00Z</time><extensions><gpxtpx:TrackPointExtension><gpxtpx:cad>0</gpxtpx:cad></gpxtpx:TrackPointExtension></extensions></trkpt><trkpt lat="15.5208721943" lon="73.7584398687"><ele>-0.34</ele><time>2025-04-24T02:25:05Z</time><extensions><gpxtpx:TrackPointExtension><gpxtpx:cad>0</gpxtpx:cad></gpxtpx:TrackPointExtension></extensions></trkpt><trkpt lat="15.5209949892" lon="73.7583181635"><ele>0.14</ele><time>2025-04-24T02:25:10Z</time><extensions><gpxtpx:TrackPointExtension><gpxtpx:cad>0</gpxtpx:cad></gpxtpx:TrackPointExtension></extensions></trkpt><trkpt lat="15.5211044569" lon="73.7581810355"><ele>-0.34</ele><time>2025-04-24T02:25:15Z</time><extensions><gpxtpx:TrackPointExtension><gpxtpx:cad>0</gpxtpx:cad></gpxtpx:TrackPointExtension></extensions></trkpt><trkpt lat="15.5211988371" lon="73.7580320053"><ele>0.14</ele><time>2025-04-24T02:25:20Z</time><extensions><gpxtpx:TrackPointExtension><gpxtpx:cad>0</gpxtpx:cad></gpxtpx:TrackPointExtension></extensions></trkpt><trkpt lat="15.5213047005" lon="73.7578983977"><ele>-0.34</ele><time>2025-04-24T02:25:25Z</time><extensions><gpxtpx:TrackPointExtension><gpxtpx:cad>0</gpxtpx:cad></gpxtpx:TrackPointExtension></extensions></trkpt><trkpt lat="15.5214067083" lon="73.7577429973"><ele>-1.30</ele><time>2025-04-24T02:25:30Z</time><extensions><gpxtpx:TrackPointExtension><gpxtpx:cad>0</gpxtpx:cad></gpxtpx:TrackPointExtension></extensions></trkpt><trkpt lat="15.5215144157" lon="73.7576088030"><ele>-0.82</ele><time>2025-04-24T02:25:35Z</time><extensions><gpxtpx:TrackPointExtension><gpxtpx:cad>0</gpxtpx:cad></gpxtpx:TrackPointExtension></extensions></trkpt><trkpt lat="15.5216100533" lon="73.7574554980"><ele>-0.82</ele><time>2025-04-24T02:25:40Z</time><extensions><gpxtpx:TrackPointExtension><gpxtpx:cad>0</gpxtpx:cad></gpxtpx:TrackPointExtension></extensions></trkpt><trkpt lat="15.5217114743" lon="73.7573161907"><ele>-0.82</ele><time>2025-04-24T02:25:45Z</time><extensions><gpxtpx:TrackPointExtension><gpxtpx:cad>0</gpxtpx:cad></gpxtpx:TrackPointExtension></extensions></trkpt><trkpt lat="15.5218274798" lon="73.7571891211"><ele>-1.30</ele><time>2025-04-24T02:25:50Z</time><extensions><gpxtpx:TrackPointExtension><gpxtpx:cad>0</gpxtpx:cad></gpxtpx:TrackPointExtension></extensions></trkpt><trkpt lat="15.5219349358" lon="73.7570455391"><ele>-1.79</ele><time>2025-04-24T02:25:55Z</time><extensions><gpxtpx:TrackPointExtension><gpxtpx:cad>0</gpxtpx:cad></gpxtpx:TrackPointExtension></extensions></trkpt><trkpt lat="15.5220567249" lon="73.7569195591"><ele>-1.30</ele><time>2025-04-24T02:26:00Z</time><extensions><gpxtpx:TrackPointExtension><gpxtpx:cad>0</gpxtpx:cad></gpxtpx:TrackPointExtension></extensions></trkpt><trkpt lat="15.5221657734" lon="73.7567803357"><ele>-1.79</ele><time>2025-04-24T02:26:05Z</time><extensions><gpxtpx:TrackPointExtension><gpxtpx:cad>0</gpxtpx:cad></gpxtpx:TrackPointExtension></extensions></trkpt><trkpt lat="15.5222566333" lon="73.7566253543"><ele>-1.79</ele><time>2025-04-24T02:26:10Z</time><extensions><gpxtpx:TrackPointExtension><gpxtpx:cad>0</gpxtpx:cad></gpxtpx:TrackPointExtension></extensions></trkpt><trkpt lat="15.5223517679" lon="73.7564754859"><ele>-1.79</ele><time>2025-04-24T02:26:15Z</time><extensions><gpxtpx:TrackPointExtension><gpxtpx:cad>0</gpxtpx:cad></gpxtpx:TrackPointExtension></extensions></trkpt><trkpt lat="15.5224295519" lon="73.7563103624"><ele>-2.27</ele><time>2025-04-24T02:26:20Z</time><extensions><gpxtpx:TrackPointExtension><gpxtpx:cad>0</gpxtpx:cad></gpxtpx:TrackPointExtension></extensions></trkpt><trkpt lat="15.5225064140" lon="73.7561447360"><ele>-1.30</ele><time>2025-04-24T02:26:25Z</time><extensions><gpxtpx:TrackPointExtension><gpxtpx:cad>0</gpxtpx:cad></gpxtpx:TrackPointExtension></extensions></trkpt><trkpt lat="15.5225810967" lon="73.7559888326"><ele>-0.82</ele><time>2025-04-24T02:26:30Z</time><extensions><gpxtpx:TrackPointExtension><gpxtpx:cad>0</gpxtpx:cad></gpxtpx:TrackPointExtension></extensions></trkpt><trkpt lat="15.5226407759" lon="73.7558216136"><ele>-0.82</ele><time>2025-04-24T02:26:35Z</time><extensions><gpxtpx:TrackPointExtension><gpxtpx:cad>0</gpxtpx:cad></gpxtpx:TrackPointExtension></extensions></trkpt><trkpt lat="15.5227121059" lon="73.7556567416"><ele>-0.34</ele><time>2025-04-24T02:26:40Z</time><extensions><gpxtpx:TrackPointExtension><gpxtpx:cad>0</gpxtpx:cad></gpxtpx:TrackPointExtension></extensions></trkpt><trkpt lat="15.5227675941" lon="73.7554808892"><ele>-0.34</ele><time>2025-04-24T02:26:45Z</time><extensions><gpxtpx:TrackPointExtension><gpxtpx:cad>0</gpxtpx:cad></gpxtpx:TrackPointExtension></extensions></trkpt><trkpt lat="15.5228239205" lon="73.7553082220"><ele>0.14</ele><time>2025-04-24T02:26:50Z</time><extensions><gpxtpx:TrackPointExtension><gpxtpx:cad>0</gpxtpx:cad></gpxtpx:TrackPointExtension></extensions></trkpt><trkpt lat="15.5228861142" lon="73.7551509775"><ele>-1.30</ele><time>2025-04-24T02:26:55Z</time><extensions><gpxtpx:TrackPointExtension><gpxtpx:cad>0</gpxtpx:cad></gpxtpx:TrackPointExtension></extensions></trkpt><trkpt lat="15.5229484756" lon="73.7549766339"><ele>-2.75</ele><time>2025-04-24T02:27:00Z</time><extensions><gpxtpx:TrackPointExtension><gpxtpx:cad>0</gpxtpx:cad></gpxtpx:TrackPointExtension></extensions></trkpt><trkpt lat="15.5230175424" lon="73.7548226584"><ele>-2.75</ele><time>2025-04-24T02:27:05Z</time><extensions><gpxtpx:TrackPointExtension><gpxtpx:cad>0</gpxtpx:cad></gpxtpx:TrackPointExtension></extensions></trkpt><trkpt lat="15.5230682530" lon="73.7546535116"><ele>-2.75</ele><time>2025-04-24T02:27:10Z</time><extensions><gpxtpx:TrackPointExtension><gpxtpx:cad>0</gpxtpx:cad></gpxtpx:TrackPointExtension></extensions></trkpt><trkpt lat="15.5231664050" lon="73.7545149587"><ele>-2.75</ele><time>2025-04-24T02:27:15Z</time><extensions><gpxtpx:TrackPointExtension><gpxtpx:cad>0</gpxtpx:cad></gpxtpx:TrackPointExtension></extensions></trkpt><trkpt lat="15.5233095679" lon="73.7544167228"><ele>-3.23</ele><time>2025-04-24T02:27:20Z</time><extensions><gpxtpx:TrackPointExtension><gpxtpx:cad>0</gpxtpx:cad></gpxtpx:TrackPointExtension></extensions></trkpt><trkpt lat="15.5234488752" lon="73.7543142121"><ele>-3.23</ele><time>2025-04-24T02:27:25Z</time><extensions><gpxtpx:TrackPointExtension><gpxtpx:cad>0</gpxtpx:cad></gpxtpx:TrackPointExtension></extensions></trkpt><trkpt lat="15.5235867575" lon="73.7542133778"><ele>-2.75</ele><time>2025-04-24T02:27:30Z</time><extensions><gpxtpx:TrackPointExtension><gpxtpx:cad>0</gpxtpx:cad></gpxtpx:TrackPointExtension></extensions></trkpt><trkpt lat="15.5237367935" lon="73.7541175727"><ele>-2.75</ele><time>2025-04-24T02:27:35Z</time><extensions><gpxtpx:TrackPointExtension><gpxtpx:cad>0</gpxtpx:cad></gpxtpx:TrackPointExtension></extensions></trkpt><trkpt lat="15.5238776933" lon="73.7540166546"><ele>-2.75</ele><time>2025-04-24T02:27:40Z</time><extensions><gpxtpx:TrackPointExtension><gpxtpx:cad>0</gpxtpx:cad></gpxtpx:TrackPointExtension></extensions></trkpt><trkpt lat="15.5240195151" lon="73.7539134733"><ele>-2.27</ele><time>2025-04-24T02:27:45Z</time><extensions><gpxtpx:TrackPointExtension><gpxtpx:cad>0</gpxtpx:cad></gpxtpx:TrackPointExtension></extensions></trkpt><trkpt lat="15.5241555534" lon="73.7538035866"><ele>-2.27</ele><time>2025-04-24T02:27:50Z</time><extensions><gpxtpx:TrackPointExtension><gpxtpx:cad>0</gpxtpx:cad></gpxtpx:TrackPointExtension></extensions></trkpt><trkpt lat="15.5242853053" lon="73.7536770198"><ele>-2.75</ele><time>2025-04-24T02:27:55Z</time><extensions><gpxtpx:TrackPointExtension><gpxtpx:cad>0</gpxtpx:cad></gpxtpx:TrackPointExtension></extensions></trkpt><trkpt lat="15.5244070105" lon="73.7535473518"><ele>-2.75</ele><time>2025-04-24T02:28:00Z</time><extensions><gpxtpx:TrackPointExtension><gpxtpx:cad>0</gpxtpx:cad></gpxtpx:TrackPointExtension></extensions></trkpt><trkpt lat="15.5245184060" lon="73.7534056138"><ele>-2.75</ele><time>2025-04-24T02:28:05Z</time><extensions><gpxtpx:TrackPointExtension><gpxtpx:cad>0</gpxtpx:cad></gpxtpx:TrackPointExtension></extensions></trkpt><trkpt lat="15.5246139597" lon="73.7532593496"><ele>-3.23</ele><time>2025-04-24T02:28:10Z</time><extensions><gpxtpx:TrackPointExtension><gpxtpx:cad>0</gpxtpx:cad></gpxtpx:TrackPointExtension></extensions></trkpt><trkpt lat="15.5247232597" lon="73.7531152647"><ele>-2.75</ele><time>2025-04-24T02:28:15Z</time><extensions><gpxtpx:TrackPointExtension><gpxtpx:cad>0</gpxtpx:cad></gpxtpx:TrackPointExtension></extensions></trkpt><trkpt lat="15.5248233397" lon="73.7529761251"><ele>-1.79</ele><time>2025-04-24T02:28:20Z</time><extensions><gpxtpx:TrackPointExtension><gpxtpx:cad>0</gpxtpx:cad></gpxtpx:TrackPointExtension></extensions></trkpt><trkpt lat="15.5249135289" lon="73.7528285198"><ele>-0.82</ele><time>2025-04-24T02:28:25Z</time><extensions><gpxtpx:TrackPointExtension><gpxtpx:cad>0</gpxtpx:cad></gpxtpx:TrackPointExtension></extensions></trkpt><trkpt lat="15.5249952525" lon="73.7526640669"><ele>-0.82</ele><time>2025-04-24T02:28:30Z</time><extensions><gpxtpx:TrackPointExtension><gpxtpx:cad>0</gpxtpx:cad></gpxtpx:TrackPointExtension></extensions></trkpt><trkpt lat="15.5250939913" lon="73.7525091693"><ele>0.14</ele><time>2025-04-24T02:28:35Z</time><extensions><gpxtpx:TrackPointExtension><gpxtpx:cad>0</gpxtpx:cad></gpxtpx:TrackPointExtension></extensions></trkpt><trkpt lat="15.5251969211" lon="73.7523759808"><ele>0.14</ele><time>2025-04-24T02:28:40Z</time><extensions><gpxtpx:TrackPointExtension><gpxtpx:cad>0</gpxtpx:cad></gpxtpx:TrackPointExtension></extensions></trkpt><trkpt lat="15.5253099091" lon="73.7522390205"><ele>0.14</ele><time>2025-04-24T02:28:45Z</time><extensions><gpxtpx:TrackPointExtension><gpxtpx:cad>0</gpxtpx:cad></gpxtpx:TrackPointExtension></extensions></trkpt><trkpt lat="15.5254353024" lon="73.7521098554"><ele>0.14</ele><time>2025-04-24T02:28:50Z</time><extensions><gpxtpx:TrackPointExtension><gpxtpx:cad>0</gpxtpx:cad></gpxtpx:TrackPointExtension></extensions></trkpt><trkpt lat="15.5255579296" lon="73.7519878149"><ele>0.14</ele><time>2025-04-24T02:28:55Z</time><extensions><gpxtpx:TrackPointExtension><gpxtpx:cad>0</gpxtpx:cad></gpxtpx:TrackPointExtension></extensions></trkpt><trkpt lat="15.5256721750" lon="73.7518644333"><ele>0.62</ele><time>2025-04-24T02:29:00Z</time><extensions><gpxtpx:TrackPointExtension><gpxtpx:cad>0</gpxtpx:cad></gpxtpx:TrackPointExtension></extensions></trkpt><trkpt lat="15.5258004181" lon="73.7517441530"><ele>0.62</ele><time>2025-04-24T02:29:05Z</time><extensions><gpxtpx:TrackPointExtension><gpxtpx:cad>0</gpxtpx:cad></gpxtpx:TrackPointExtension></extensions></trkpt><trkpt lat="15.5259327684" lon="73.7516302429"><ele>0.14</ele><time>2025-04-24T02:29:10Z</time><extensions><gpxtpx:TrackPointExtension><gpxtpx:cad>0</gpxtpx:cad></gpxtpx:TrackPointExtension></extensions></trkpt><trkpt lat="15.5260729976" lon="73.7515201047"><ele>0.62</ele><time>2025-04-24T02:29:15Z</time><extensions><gpxtpx:TrackPointExtension><gpxtpx:cad>0</gpxtpx:cad></gpxtpx:TrackPointExtension></extensions></trkpt><trkpt lat="15.5262107123" lon="73.7514139898"><ele>0.62</ele><time>2025-04-24T02:29:20Z</time><extensions><gpxtpx:TrackPointExtension><gpxtpx:cad>0</gpxtpx:cad></gpxtpx:TrackPointExtension></extensions></trkpt><trkpt lat="15.5263589881" lon="73.7513158377"><ele>0.14</ele><time>2025-04-24T02:29:25Z</time><extensions><gpxtpx:TrackPointExtension><gpxtpx:cad>0</gpxtpx:cad></gpxtpx:TrackPointExtension></extensions></trkpt><trkpt lat="15.5265150592" lon="73.7512453459"><ele>0.62</ele><time>2025-04-24T02:29:30Z</time><extensions><gpxtpx:TrackPointExtension><gpxtpx:cad>0</gpxtpx:cad></gpxtpx:TrackPointExtension></extensions></trkpt><trkpt lat="15.5266679451" lon="73.7511613593"><ele>0.62</ele><time>2025-04-24T02:29:35Z</time><extensions><gpxtpx:TrackPointExtension><gpxtpx:cad>0</gpxtpx:cad></gpxtpx:TrackPointExtension></extensions></trkpt><trkpt lat="15.5268215016" lon="73.7510771211"><ele>1.10</ele><time>2025-04-24T02:29:40Z</time><extensions><gpxtpx:TrackPointExtension><gpxtpx:cad>0</gpxtpx:cad></gpxtpx:TrackPointExtension></extensions></trkpt><trkpt lat="15.5269903969" lon="73.7510041986"><ele>0.62</ele><time>2025-04-24T02:29:45Z</time><extensions><gpxtpx:TrackPointExtension><gpxtpx:cad>0</gpxtpx:cad></gpxtpx:TrackPointExtension></extensions></trkpt><trkpt lat="15.5271692667" lon="73.7509359699"><ele>1.10</ele><time>2025-04-24T02:29:50Z</time><extensions><gpxtpx:TrackPointExtension><gpxtpx:cad>0</gpxtpx:cad></gpxtpx:TrackPointExtension></extensions></trkpt><trkpt lat="15.5273285229" lon="73.7508670706"><ele>1.10</ele><time>2025-04-24T02:29:55Z</time><extensions><gpxtpx:TrackPointExtension><gpxtpx:cad>0</gpxtpx:cad></gpxtpx:TrackPointExtension></extensions></trkpt><trkpt lat="15.5274736136" lon="73.7507806532"><ele>0.62</ele><time>2025-04-24T02:30:00Z</time><extensions><gpxtpx:TrackPointExtension><gpxtpx:cad>0</gpxtpx:cad></gpxtpx:TrackPointExtension></extensions></trkpt><trkpt lat="15.5276067182" lon="73.7506673299"><ele>0.62</ele><time>2025-04-24T02:30:05Z</time><extensions><gpxtpx:TrackPointExtension><gpxtpx:cad>0</gpxtpx:cad></gpxtpx:TrackPointExtension></extensions></trkpt><trkpt lat="15.5277369730" lon="73.7505451217"><ele>0.14</ele><time>2025-04-24T02:30:10Z</time><extensions><gpxtpx:TrackPointExtension><gpxtpx:cad>0</gpxtpx:cad></gpxtpx:TrackPointExtension></extensions></trkpt><trkpt lat="15.5278770346" lon="73.7504328042"><ele>0.62</ele><time>2025-04-24T02:30:15Z</time><extensions><gpxtpx:TrackPointExtension><gpxtpx:cad>0</gpxtpx:cad></gpxtpx:TrackPointExtension></extensions></trkpt><trkpt lat="15.5280165095" lon="73.7503247615"><ele>0.14</ele><time>2025-04-24T02:30:20Z</time><extensions><gpxtpx:TrackPointExtension><gpxtpx:cad>0</gpxtpx:cad></gpxtpx:TrackPointExtension></extensions></trkpt><trkpt lat="15.5281623546" lon="73.7502198201"><ele>0.14</ele><time>2025-04-24T02:30:25Z</time><extensions><gpxtpx:TrackPointExtension><gpxtpx:cad>0</gpxtpx:cad></gpxtpx:TrackPointExtension></extensions></trkpt><trkpt lat="15.5283185095" lon="73.7501282059"><ele>-0.34</ele><time>2025-04-24T02:30:30Z</time><extensions><gpxtpx:TrackPointExtension><gpxtpx:cad>0</gpxtpx:cad></gpxtpx:TrackPointExtension></extensions></trkpt><trkpt lat="15.5284539610" lon="73.7500165589"><ele>-0.34</ele><time>2025-04-24T02:30:35Z</time><extensions><gpxtpx:TrackPointExtension><gpxtpx:cad>0</gpxtpx:cad></gpxtpx:TrackPointExtension></extensions></trkpt><trkpt lat="15.5285765883" lon="73.7498870585"><ele>0.14</ele><time>2025-04-24T02:30:40Z</time><extensions><gpxtpx:TrackPointExtension><gpxtpx:cad>0</gpxtpx:cad></gpxtpx:TrackPointExtension></extensions></trkpt><trkpt lat="15.5287027359" lon="73.7497633416"><ele>0.14</ele><time>2025-04-24T02:30:45Z</time><extensions><gpxtpx:TrackPointExtension><gpxtpx:cad>0</gpxtpx:cad></gpxtpx:TrackPointExtension></extensions></trkpt><trkpt lat="15.5288234353" lon="73.7496323325"><ele>-0.34</ele><time>2025-04-24T02:30:50Z</time><extensions><gpxtpx:TrackPointExtension><gpxtpx:cad>0</gpxtpx:cad></gpxtpx:TrackPointExtension></extensions></trkpt><trkpt lat="15.5289455596" lon="73.7495044246"><ele>-0.34</ele><time>2025-04-24T02:30:55Z</time><extensions><gpxtpx:TrackPointExtension><gpxtpx:cad>0</gpxtpx:cad></gpxtpx:TrackPointExtension></extensions></trkpt><trkpt lat="15.5290756468" lon="73.7493800372"><ele>0.14</ele><time>2025-04-24T02:31:00Z</time><extensions><gpxtpx:TrackPointExtension><gpxtpx:cad>0</gpxtpx:cad></gpxtpx:TrackPointExtension></extensions></trkpt><trkpt lat="15.5291949213" lon="73.7492526323"><ele>0.62</ele><time>2025-04-24T02:31:05Z</time><extensions><gpxtpx:TrackPointExtension><gpxtpx:cad>0</gpxtpx:cad></gpxtpx:TrackPointExtension></extensions></trkpt><trkpt lat="15.5293250084" lon="73.7491382193"><ele>0.62</ele><time>2025-04-24T02:31:10Z</time><extensions><gpxtpx:TrackPointExtension><gpxtpx:cad>0</gpxtpx:cad></gpxtpx:TrackPointExtension></extensions></trkpt><trkpt lat="15.5294618011" lon="73.7490228005"><ele>0.14</ele><time>2025-04-24T02:31:15Z</time><extensions><gpxtpx:TrackPointExtension><gpxtpx:cad>0</gpxtpx:cad></gpxtpx:TrackPointExtension></extensions></trkpt><trkpt lat="15.5295894574" lon="73.7488951441"><ele>0.14</ele><time>2025-04-24T02:31:20Z</time><extensions><gpxtpx:TrackPointExtension><gpxtpx:cad>0</gpxtpx:cad></gpxtpx:TrackPointExtension></extensions></trkpt><trkpt lat="15.5297251604" lon="73.7487860117"><ele>0.14</ele><time>2025-04-24T02:31:25Z</time><extensions><gpxtpx:TrackPointExtension><gpxtpx:cad>0</gpxtpx:cad></gpxtpx:TrackPointExtension></extensions></trkpt><trkpt lat="15.5298568401" lon="73.7486708444"><ele>-0.34</ele><time>2025-04-24T02:31:30Z</time><extensions><gpxtpx:TrackPointExtension><gpxtpx:cad>0</gpxtpx:cad></gpxtpx:TrackPointExtension></extensions></trkpt><trkpt lat="15.5299981590" lon="73.7485580239"><ele>-0.34</ele><time>2025-04-24T02:31:35Z</time><extensions><gpxtpx:TrackPointExtension><gpxtpx:cad>0</gpxtpx:cad></gpxtpx:TrackPointExtension></extensions></trkpt><trkpt lat="15.5301443394" lon="73.7484669965"><ele>-0.34</ele><time>2025-04-24T02:31:40Z</time><extensions><gpxtpx:TrackPointExtension><gpxtpx:cad>0</gpxtpx:cad></gpxtpx:TrackPointExtension></extensions></trkpt><trkpt lat="15.5302786175" lon="73.7483560201"><ele>-0.82</ele><time>2025-04-24T02:31:45Z</time><extensions><gpxtpx:TrackPointExtension><gpxtpx:cad>0</gpxtpx:cad></gpxtpx:TrackPointExtension></extensions></trkpt><trkpt lat="15.5304151587" lon="73.7482426967"><ele>-1.30</ele><time>2025-04-24T02:31:50Z</time><extensions><gpxtpx:TrackPointExtension><gpxtpx:cad>0</gpxtpx:cad></gpxtpx:TrackPointExtension></extensions></trkpt><trkpt lat="15.5305465870" lon="73.7481370848"><ele>-1.30</ele><time>2025-04-24T02:31:55Z</time><extensions><gpxtpx:TrackPointExtension><gpxtpx:cad>0</gpxtpx:cad></gpxtpx:TrackPointExtension></extensions></trkpt><trkpt lat="15.5306925159" lon="73.7480282877"><ele>-1.30</ele><time>2025-04-24T02:32:00Z</time><extensions><gpxtpx:TrackPointExtension><gpxtpx:cad>0</gpxtpx:cad></gpxtpx:TrackPointExtension></extensions></trkpt><trkpt lat="15.5308426358" lon="73.7479586340"><ele>-1.30</ele><time>2025-04-24T02:32:05Z</time><extensions><gpxtpx:TrackPointExtension><gpxtpx:cad>0</gpxtpx:cad></gpxtpx:TrackPointExtension></extensions></trkpt><trkpt lat="15.5310004670" lon="73.7478857953"><ele>-1.30</ele><time>2025-04-24T02:32:10Z</time><extensions><gpxtpx:TrackPointExtension><gpxtpx:cad>0</gpxtpx:cad></gpxtpx:TrackPointExtension></extensions></trkpt><trkpt lat="15.5311699491" lon="73.7478085980"><ele>-0.82</ele><time>2025-04-24T02:32:15Z</time><extensions><gpxtpx:TrackPointExtension><gpxtpx:cad>0</gpxtpx:cad></gpxtpx:TrackPointExtension></extensions></trkpt><trkpt lat="15.5313244276" lon="73.7477184925"><ele>-0.82</ele><time>2025-04-24T02:32:20Z</time><extensions><gpxtpx:TrackPointExtension><gpxtpx:cad>0</gpxtpx:cad></gpxtpx:TrackPointExtension></extensions></trkpt><trkpt lat="15.5314685125" lon="73.7476235256"><ele>-0.82</ele><time>2025-04-24T02:32:25Z</time><extensions><gpxtpx:TrackPointExtension><gpxtpx:cad>0</gpxtpx:cad></gpxtpx:TrackPointExtension></extensions></trkpt><trkpt lat="15.5316172913" lon="73.7475285586"><ele>-0.82</ele><time>2025-04-24T02:32:30Z</time><extensions><gpxtpx:TrackPointExtension><gpxtpx:cad>0</gpxtpx:cad></gpxtpx:TrackPointExtension></extensions></trkpt><trkpt lat="15.5317633040" lon="73.7474397104"><ele>-0.34</ele><time>2025-04-24T02:32:35Z</time><extensions><gpxtpx:TrackPointExtension><gpxtpx:cad>0</gpxtpx:cad></gpxtpx:TrackPointExtension></extensions></trkpt><trkpt lat="15.5319082271" lon="73.7473421451"><ele>-0.34</ele><time>2025-04-24T02:32:40Z</time><extensions><gpxtpx:TrackPointExtension><gpxtpx:cad>0</gpxtpx:cad></gpxtpx:TrackPointExtension></extensions></trkpt><trkpt lat="15.5320550781" lon="73.7472486030"><ele>-0.34</ele><time>2025-04-24T02:32:45Z</time><extensions><gpxtpx:TrackPointExtension><gpxtpx:cad>0</gpxtpx:cad></gpxtpx:TrackPointExtension></extensions></trkpt><trkpt lat="15.5322026834" lon="73.7471550610"><ele>-0.34</ele><time>2025-04-24T02:32:50Z</time><extensions><gpxtpx:TrackPointExtension><gpxtpx:cad>0</gpxtpx:cad></gpxtpx:TrackPointExtension></extensions></trkpt><trkpt lat="15.5323440023" lon="73.7470520474"><ele>0.14</ele><time>2025-04-24T02:32:55Z</time><extensions><gpxtpx:TrackPointExtension><gpxtpx:cad>0</gpxtpx:cad></gpxtpx:TrackPointExtension></extensions></trkpt><trkpt lat="15.5325048510" lon="73.7469227146"><ele>0.62</ele><time>2025-04-24T02:33:01Z</time><extensions><gpxtpx:TrackPointExtension><gpxtpx:cad>0</gpxtpx:cad></gpxtpx:TrackPointExtension></extensions></trkpt><trkpt lat="15.5326595809" lon="73.7468434218"><ele>0.62</ele><time>2025-04-24T02:33:06Z</time><extensions><gpxtpx:TrackPointExtension><gpxtpx:cad>0</gpxtpx:cad></gpxtpx:TrackPointExtension></extensions></trkpt><trkpt lat="15.5328138079" lon="73.7467701640"><ele>1.10</ele><time>2025-04-24T02:33:11Z</time><extensions><gpxtpx:TrackPointExtension><gpxtpx:cad>0</gpxtpx:cad></gpxtpx:TrackPointExtension></extensions></trkpt><trkpt lat="15.5329635087" lon="73.7466969062"><ele>0.62</ele><time>2025-04-24T02:33:16Z</time><extensions><gpxtpx:TrackPointExtension><gpxtpx:cad>0</gpxtpx:cad></gpxtpx:TrackPointExtension></extensions></trkpt><trkpt lat="15.5331232678" lon="73.7466115784"><ele>1.10</ele><time>2025-04-24T02:33:21Z</time><extensions><gpxtpx:TrackPointExtension><gpxtpx:cad>0</gpxtpx:cad></gpxtpx:TrackPointExtension></extensions></trkpt><trkpt lat="15.5332762375" lon="73.7465263344"><ele>1.10</ele><time>2025-04-24T02:33:26Z</time><extensions><gpxtpx:TrackPointExtension><gpxtpx:cad>0</gpxtpx:cad></gpxtpx:TrackPointExtension></extensions></trkpt><trkpt lat="15.5334281176" lon="73.7464382406"><ele>1.58</ele><time>2025-04-24T02:33:31Z</time><extensions><gpxtpx:TrackPointExtension><gpxtpx:cad>0</gpxtpx:cad></gpxtpx:TrackPointExtension></extensions></trkpt><trkpt lat="15.5335734598" lon="73.7463471293"><ele>1.58</ele><time>2025-04-24T02:33:36Z</time><extensions><gpxtpx:TrackPointExtension><gpxtpx:cad>0</gpxtpx:cad></gpxtpx:TrackPointExtension></extensions></trkpt><trkpt lat="15.5336913932" lon="73.7462807447"><ele>1.58</ele><time>2025-04-24T02:33:41Z</time><extensions><gpxtpx:TrackPointExtension><gpxtpx:cad>0</gpxtpx:cad></gpxtpx:TrackPointExtension></extensions></trkpt><trkpt lat="15.5337778945" lon="73.7462215684"><ele>1.58</ele><time>2025-04-24T02:33:46Z</time><extensions><gpxtpx:TrackPointExtension><gpxtpx:cad>0</gpxtpx:cad></gpxtpx:TrackPointExtension></extensions></trkpt><trkpt lat="15.5338777229" lon="73.7461546808"><ele>1.58</ele><time>2025-04-24T02:33:51Z</time><extensions><gpxtpx:TrackPointExtension><gpxtpx:cad>0</gpxtpx:cad></gpxtpx:TrackPointExtension></extensions></trkpt><trkpt lat="15.5339855142" lon="73.7460799143"><ele>2.06</ele><time>2025-04-24T02:33:56Z</time><extensions><gpxtpx:TrackPointExtension><gpxtpx:cad>0</gpxtpx:cad></gpxtpx:TrackPointExtension></extensions></trkpt><trkpt lat="15.5341062136" lon="73.7460003700"><ele>2.06</ele><time>2025-04-24T02:34:01Z</time><extensions><gpxtpx:TrackPointExtension><gpxtpx:cad>0</gpxtpx:cad></gpxtpx:TrackPointExtension></extensions></trkpt><trkpt lat="15.5342416652" lon="73.7459203228"><ele>1.58</ele><time>2025-04-24T02:34:06Z</time><extensions><gpxtpx:TrackPointExtension><gpxtpx:cad>0</gpxtpx:cad></gpxtpx:TrackPointExtension></extensions></trkpt><trkpt lat="15.5343756080" lon="73.7458497472"><ele>1.58</ele><time>2025-04-24T02:34:11Z</time><extensions><gpxtpx:TrackPointExtension><gpxtpx:cad>0</gpxtpx:cad></gpxtpx:TrackPointExtension></extensions></trkpt><trkpt lat="15.5345055275" lon="73.7457792554"><ele>1.10</ele><time>2025-04-24T02:34:16Z</time><extensions><gpxtpx:TrackPointExtension><gpxtpx:cad>0</gpxtpx:cad></gpxtpx:TrackPointExtension></extensions></trkpt><trkpt lat="15.5346424039" lon="73.7457137089"><ele>1.58</ele><time>2025-04-24T02:34:21Z</time><extensions><gpxtpx:TrackPointExtension><gpxtpx:cad>0</gpxtpx:cad></gpxtpx:TrackPointExtension></extensions></trkpt><trkpt lat="15.5347813759" lon="73.7456427980"><ele>1.58</ele><time>2025-04-24T02:34:26Z</time><extensions><gpxtpx:TrackPointExtension><gpxtpx:cad>0</gpxtpx:cad></gpxtpx:TrackPointExtension></extensions></trkpt><trkpt lat="15.5349066015" lon="73.7455573026"><ele>1.10</ele><time>2025-04-24T02:34:31Z</time><extensions><gpxtpx:TrackPointExtension><gpxtpx:cad>0</gpxtpx:cad></gpxtpx:TrackPointExtension></extensions></trkpt><trkpt lat="15.5350379460" lon="73.7454827875"><ele>1.58</ele><time>2025-04-24T02:34:36Z</time><extensions><gpxtpx:TrackPointExtension><gpxtpx:cad>0</gpxtpx:cad></gpxtpx:TrackPointExtension></extensions></trkpt><trkpt lat="15.5351726431" lon="73.7454062607"><ele>1.58</ele><time>2025-04-24T02:34:41Z</time><extensions><gpxtpx:TrackPointExtension><gpxtpx:cad>0</gpxtpx:cad></gpxtpx:TrackPointExtension></extensions></trkpt><trkpt lat="15.5353033170" lon="73.7453239504"><ele>1.10</ele><time>2025-04-24T02:34:46Z</time><extensions><gpxtpx:TrackPointExtension><gpxtpx:cad>0</gpxtpx:cad></gpxtpx:TrackPointExtension></extensions></trkpt><trkpt lat="15.5354352482" lon="73.7452468369"><ele>1.58</ele><time>2025-04-24T02:34:51Z</time><extensions><gpxtpx:TrackPointExtension><gpxtpx:cad>0</gpxtpx:cad></gpxtpx:TrackPointExtension></extensions></trkpt><trkpt lat="15.5355738848" lon="73.7451777700"><ele>1.58</ele><time>2025-04-24T02:34:56Z</time><extensions><gpxtpx:TrackPointExtension><gpxtpx:cad>0</gpxtpx:cad></gpxtpx:TrackPointExtension></extensions></trkpt><trkpt lat="15.5357165448" lon="73.7451082841"><ele>1.58</ele><time>2025-04-24T02:35:01Z</time><extensions><gpxtpx:TrackPointExtension><gpxtpx:cad>0</gpxtpx:cad></gpxtpx:TrackPointExtension></extensions></trkpt><trkpt lat="15.5358524993" lon="73.7450427376"><ele>1.10</ele><time>2025-04-24T02:35:06Z</time><extensions><gpxtpx:TrackPointExtension><gpxtpx:cad>0</gpxtpx:cad></gpxtpx:TrackPointExtension></extensions></trkpt><trkpt lat="15.5359975901" lon="73.7449740060"><ele>1.10</ele><time>2025-04-24T02:35:11Z</time><extensions><gpxtpx:TrackPointExtension><gpxtpx:cad>0</gpxtpx:cad></gpxtpx:TrackPointExtension></extensions></trkpt><trkpt lat="15.5361428484" lon="73.7449117284"><ele>1.10</ele><time>2025-04-24T02:35:16Z</time><extensions><gpxtpx:TrackPointExtension><gpxtpx:cad>0</gpxtpx:cad></gpxtpx:TrackPointExtension></extensions></trkpt><trkpt lat="15.5362878554" lon="73.7448572461"><ele>1.10</ele><time>2025-04-24T02:35:21Z</time><extensions><gpxtpx:TrackPointExtension><gpxtpx:cad>0</gpxtpx:cad></gpxtpx:TrackPointExtension></extensions></trkpt><trkpt lat="15.5364260729" lon="73.7448032666"><ele>1.10</ele><time>2025-04-24T02:35:26Z</time><extensions><gpxtpx:TrackPointExtension><gpxtpx:cad>0</gpxtpx:cad></gpxtpx:TrackPointExtension></extensions></trkpt><trkpt lat="15.5365790427" lon="73.7447554898"><ele>1.10</ele><time>2025-04-24T02:35:31Z</time><extensions><gpxtpx:TrackPointExtension><gpxtpx:cad>0</gpxtpx:cad></gpxtpx:TrackPointExtension></extensions></trkpt><trkpt lat="15.5367280729" lon="73.7447217107"><ele>1.10</ele><time>2025-04-24T02:35:36Z</time><extensions><gpxtpx:TrackPointExtension><gpxtpx:cad>0</gpxtpx:cad></gpxtpx:TrackPointExtension></extensions></trkpt><trkpt lat="15.5368724093" lon="73.7446919549"><ele>1.10</ele><time>2025-04-24T02:35:41Z</time><extensions><gpxtpx:TrackPointExtension><gpxtpx:cad>0</gpxtpx:cad></gpxtpx:TrackPointExtension></extensions></trkpt><trkpt lat="15.5370192602" lon="73.7446558289"><ele>1.10</ele><time>2025-04-24T02:35:46Z</time><extensions><gpxtpx:TrackPointExtension><gpxtpx:cad>0</gpxtpx:cad></gpxtpx:TrackPointExtension></extensions></trkpt><trkpt lat="15.5371625908" lon="73.7446120754"><ele>0.62</ele><time>2025-04-24T02:35:51Z</time><extensions><gpxtpx:TrackPointExtension><gpxtpx:cad>0</gpxtpx:cad></gpxtpx:TrackPointExtension></extensions></trkpt><trkpt lat="15.5373149738" lon="73.7445610296"><ele>0.62</ele><time>2025-04-24T02:35:56Z</time><extensions><gpxtpx:TrackPointExtension><gpxtpx:cad>0</gpxtpx:cad></gpxtpx:TrackPointExtension></extensions></trkpt><trkpt lat="15.5374617409" lon="73.7445184495"><ele>0.62</ele><time>2025-04-24T02:36:01Z</time><extensions><gpxtpx:TrackPointExtension><gpxtpx:cad>0</gpxtpx:cad></gpxtpx:TrackPointExtension></extensions></trkpt><trkpt lat="15.5376116093" lon="73.7444744445"><ele>0.62</ele><time>2025-04-24T02:36:06Z</time><extensions><gpxtpx:TrackPointExtension><gpxtpx:cad>0</gpxtpx:cad></gpxtpx:TrackPointExtension></extensions></trkpt><trkpt lat="15.5377589632" lon="73.7444425095"><ele>0.62</ele><time>2025-04-24T02:36:11Z</time><extensions><gpxtpx:TrackPointExtension><gpxtpx:cad>0</gpxtpx:cad></gpxtpx:TrackPointExtension></extensions></trkpt><trkpt lat="15.5379155371" lon="73.7444301043"><ele>0.14</ele><time>2025-04-24T02:36:16Z</time><extensions><gpxtpx:TrackPointExtension><gpxtpx:cad>0</gpxtpx:cad></gpxtpx:TrackPointExtension></extensions></trkpt><trkpt lat="15.5380706023" lon="73.7444141787"><ele>0.14</ele><time>2025-04-24T02:36:21Z</time><extensions><gpxtpx:TrackPointExtension><gpxtpx:cad>0</gpxtpx:cad></gpxtpx:TrackPointExtension></extensions></trkpt><trkpt lat="15.5382135976" lon="73.7443709280"><ele>0.14</ele><time>2025-04-24T02:36:26Z</time><extensions><gpxtpx:TrackPointExtension><gpxtpx:cad>0</gpxtpx:cad></gpxtpx:TrackPointExtension></extensions></trkpt><trkpt lat="15.5383624602" lon="73.7443301920"><ele>0.14</ele><time>2025-04-24T02:36:31Z</time><extensions><gpxtpx:TrackPointExtension><gpxtpx:cad>0</gpxtpx:cad></gpxtpx:TrackPointExtension></extensions></trkpt><trkpt lat="15.5385245662" lon="73.7442974187"><ele>-0.34</ele><time>2025-04-24T02:36:36Z</time><extensions><gpxtpx:TrackPointExtension><gpxtpx:cad>0</gpxtpx:cad></gpxtpx:TrackPointExtension></extensions></trkpt><trkpt lat="15.5386731774" lon="73.7442420982"><ele>-0.34</ele><time>2025-04-24T02:36:41Z</time><extensions><gpxtpx:TrackPointExtension><gpxtpx:cad>0</gpxtpx:cad></gpxtpx:TrackPointExtension></extensions></trkpt><trkpt lat="15.5388192739" lon="73.7441955786"><ele>0.14</ele><time>2025-04-24T02:36:46Z</time><extensions><gpxtpx:TrackPointExtension><gpxtpx:cad>0</gpxtpx:cad></gpxtpx:TrackPointExtension></extensions></trkpt><trkpt lat="15.5389742553" lon="73.7441665772"><ele>0.62</ele><time>2025-04-24T02:36:51Z</time><extensions><gpxtpx:TrackPointExtension><gpxtpx:cad>0</gpxtpx:cad></gpxtpx:TrackPointExtension></extensions></trkpt><trkpt lat="15.5391222797" lon="73.7441313732"><ele>0.62</ele><time>2025-04-24T02:36:56Z</time><extensions><gpxtpx:TrackPointExtension><gpxtpx:cad>0</gpxtpx:cad></gpxtpx:TrackPointExtension></extensions></trkpt><trkpt lat="15.5392701365" lon="73.7440967560"><ele>0.62</ele><time>2025-04-24T02:37:01Z</time><extensions><gpxtpx:TrackPointExtension><gpxtpx:cad>0</gpxtpx:cad></gpxtpx:TrackPointExtension></extensions></trkpt><trkpt lat="15.5394226871" lon="73.7440844346"><ele>1.10</ele><time>2025-04-24T02:37:06Z</time><extensions><gpxtpx:TrackPointExtension><gpxtpx:cad>0</gpxtpx:cad></gpxtpx:TrackPointExtension></extensions></trkpt><trkpt lat="15.5395792611" lon="73.7440815009"><ele>1.58</ele><time>2025-04-24T02:37:11Z</time><extensions><gpxtpx:TrackPointExtension><gpxtpx:cad>0</gpxtpx:cad></gpxtpx:TrackPointExtension></extensions></trkpt><trkpt lat="15.5397334881" lon="73.7440721970"><ele>2.06</ele><time>2025-04-24T02:37:16Z</time><extensions><gpxtpx:TrackPointExtension><gpxtpx:cad>0</gpxtpx:cad></gpxtpx:TrackPointExtension></extensions></trkpt><trkpt lat="15.5398680177" lon="73.7441068981"><ele>2.06</ele><time>2025-04-24T02:37:21Z</time><extensions><gpxtpx:TrackPointExtension><gpxtpx:cad>0</gpxtpx:cad></gpxtpx:TrackPointExtension></extensions></trkpt><trkpt lat="15.5399799161" lon="73.7442056369"><ele>2.06</ele><time>2025-04-24T02:37:26Z</time><extensions><gpxtpx:TrackPointExtension><gpxtpx:cad>0</gpxtpx:cad></gpxtpx:TrackPointExtension></extensions></trkpt><trkpt lat="15.5400616396" lon="73.7443354726"><ele>2.06</ele><time>2025-04-24T02:37:31Z</time><extensions><gpxtpx:TrackPointExtension><gpxtpx:cad>0</gpxtpx:cad></gpxtpx:TrackPointExtension></extensions></trkpt><trkpt lat="15.5401402619" lon="73.7444741093"><ele>2.06</ele><time>2025-04-24T02:37:36Z</time><extensions><gpxtpx:TrackPointExtension><gpxtpx:cad>0</gpxtpx:cad></gpxtpx:TrackPointExtension></extensions></trkpt><trkpt lat="15.5401901342" lon="73.7446124945"><ele>1.58</ele><time>2025-04-24T02:37:41Z</time><extensions><gpxtpx:TrackPointExtension><gpxtpx:cad>0</gpxtpx:cad></gpxtpx:TrackPointExtension></extensions></trkpt><trkpt lat="15.5402300321" lon="73.7447621953"><ele>1.58</ele><time>2025-04-24T02:37:46Z</time><extensions><gpxtpx:TrackPointExtension><gpxtpx:cad>0</gpxtpx:cad></gpxtpx:TrackPointExtension></extensions></trkpt><trkpt lat="15.5403137673" lon="73.7448857445"><ele>1.58</ele><time>2025-04-24T02:37:51Z</time><extensions><gpxtpx:TrackPointExtension><gpxtpx:cad>0</gpxtpx:cad></gpxtpx:TrackPointExtension></extensions></trkpt><trkpt lat="15.5404174514" lon="73.7450022530"><ele>1.58</ele><time>2025-04-24T02:37:56Z</time><extensions><gpxtpx:TrackPointExtension><gpxtpx:cad>0</gpxtpx:cad></gpxtpx:TrackPointExtension></extensions></trkpt><trkpt lat="15.5405304395" lon="73.7451074459"><ele>1.58</ele><time>2025-04-24T02:38:01Z</time><extensions><gpxtpx:TrackPointExtension><gpxtpx:cad>0</gpxtpx:cad></gpxtpx:TrackPointExtension></extensions></trkpt><trkpt lat="15.5406585988" lon="73.7451342680"><ele>1.58</ele><time>2025-04-24T02:38:06Z</time><extensions><gpxtpx:TrackPointExtension><gpxtpx:cad>0</gpxtpx:cad></gpxtpx:TrackPointExtension></extensions></trkpt><trkpt lat="15.5408048630" lon="73.7451373693"><ele>1.58</ele><time>2025-04-24T02:38:11Z</time><extensions><gpxtpx:TrackPointExtension><gpxtpx:cad>0</gpxtpx:cad></gpxtpx:TrackPointExtension></extensions></trkpt><trkpt lat="15.5409634486" lon="73.7451358605"><ele>1.10</ele><time>2025-04-24T02:38:16Z</time><extensions><gpxtpx:TrackPointExtension><gpxtpx:cad>0</gpxtpx:cad></gpxtpx:TrackPointExtension></extensions></trkpt><trkpt lat="15.5411279015" lon="73.7451344356"><ele>0.14</ele><time>2025-04-24T02:38:21Z</time><extensions><gpxtpx:TrackPointExtension><gpxtpx:cad>0</gpxtpx:cad></gpxtpx:TrackPointExtension></extensions></trkpt><trkpt lat="15.5412696395" lon="73.7451155763"><ele>0.14</ele><time>2025-04-24T02:38:26Z</time><extensions><gpxtpx:TrackPointExtension><gpxtpx:cad>0</gpxtpx:cad></gpxtpx:TrackPointExtension></extensions></trkpt><trkpt lat="15.5414144788" lon="73.7450892571"><ele>0.62</ele><time>2025-04-24T02:38:31Z</time><extensions><gpxtpx:TrackPointExtension><gpxtpx:cad>0</gpxtpx:cad></gpxtpx:TrackPointExtension></extensions></trkpt><trkpt lat="15.5415806919" lon="73.7450675480"><ele>1.58</ele><time>2025-04-24T02:38:36Z</time><extensions><gpxtpx:TrackPointExtension><gpxtpx:cad>0</gpxtpx:cad></gpxtpx:TrackPointExtension></extensions></trkpt><trkpt lat="15.5417280458" lon="73.7450388819"><ele>1.58</ele><time>2025-04-24T02:38:41Z</time><extensions><gpxtpx:TrackPointExtension><gpxtpx:cad>0</gpxtpx:cad></gpxtpx:TrackPointExtension></extensions></trkpt><trkpt lat="15.5418750644" lon="73.7449997384"><ele>1.10</ele><time>2025-04-24T02:38:46Z</time><extensions><gpxtpx:TrackPointExtension><gpxtpx:cad>0</gpxtpx:cad></gpxtpx:TrackPointExtension></extensions></trkpt><trkpt lat="15.5420236755" lon="73.7449703179"><ele>1.58</ele><time>2025-04-24T02:38:51Z</time><extensions><gpxtpx:TrackPointExtension><gpxtpx:cad>0</gpxtpx:cad></gpxtpx:TrackPointExtension></extensions></trkpt><trkpt lat="15.5421765614" lon="73.7449263129"><ele>1.58</ele><time>2025-04-24T02:38:56Z</time><extensions><gpxtpx:TrackPointExtension><gpxtpx:cad>0</gpxtpx:cad></gpxtpx:TrackPointExtension></extensions></trkpt><trkpt lat="15.5423138570" lon="73.7448648736"><ele>1.58</ele><time>2025-04-24T02:39:01Z</time><extensions><gpxtpx:TrackPointExtension><gpxtpx:cad>0</gpxtpx:cad></gpxtpx:TrackPointExtension></extensions></trkpt><trkpt lat="15.5424597021" lon="73.7448194437"><ele>2.06</ele><time>2025-04-24T02:39:06Z</time><extensions><gpxtpx:TrackPointExtension><gpxtpx:cad>0</gpxtpx:cad></gpxtpx:TrackPointExtension></extensions></trkpt><trkpt lat="15.5426052120" lon="73.7447629496"><ele>2.54</ele><time>2025-04-24T02:39:11Z</time><extensions><gpxtpx:TrackPointExtension><gpxtpx:cad>0</gpxtpx:cad></gpxtpx:TrackPointExtension></extensions></trkpt><trkpt lat="15.5427428428" lon="73.7447027676"><ele>2.06</ele><time>2025-04-24T02:39:16Z</time><extensions><gpxtpx:TrackPointExtension><gpxtpx:cad>0</gpxtpx:cad></gpxtpx:TrackPointExtension></extensions></trkpt><trkpt lat="15.5428829882" lon="73.7446429208"><ele>2.06</ele><time>2025-04-24T02:39:21Z</time><extensions><gpxtpx:TrackPointExtension><gpxtpx:cad>0</gpxtpx:cad></gpxtpx:TrackPointExtension></extensions></trkpt><trkpt lat="15.5430284142" lon="73.7445707526"><ele>2.06</ele><time>2025-04-24T02:39:26Z</time><extensions><gpxtpx:TrackPointExtension><gpxtpx:cad>0</gpxtpx:cad></gpxtpx:TrackPointExtension></extensions></trkpt><trkpt lat="15.5431826413" lon="73.7445220537"><ele>2.06</ele><time>2025-04-24T02:39:31Z</time><extensions><gpxtpx:TrackPointExtension><gpxtpx:cad>0</gpxtpx:cad></gpxtpx:TrackPointExtension></extensions></trkpt><trkpt lat="15.5433230381" lon="73.7444717623"><ele>1.58</ele><time>2025-04-24T02:39:36Z</time><extensions><gpxtpx:TrackPointExtension><gpxtpx:cad>0</gpxtpx:cad></gpxtpx:TrackPointExtension></extensions></trkpt><trkpt lat="15.5434725713" lon="73.7444323674"><ele>1.10</ele><time>2025-04-24T02:39:41Z</time><extensions><gpxtpx:TrackPointExtension><gpxtpx:cad>0</gpxtpx:cad></gpxtpx:TrackPointExtension></extensions></trkpt><trkpt lat="15.5436367728" lon="73.7444135919"><ele>1.10</ele><time>2025-04-24T02:39:46Z</time><extensions><gpxtpx:TrackPointExtension><gpxtpx:cad>0</gpxtpx:cad></gpxtpx:TrackPointExtension></extensions></trkpt><trkpt lat="15.5437885690" lon="73.7443897035"><ele>0.62</ele><time>2025-04-24T02:39:51Z</time><extensions><gpxtpx:TrackPointExtension><gpxtpx:cad>0</gpxtpx:cad></gpxtpx:TrackPointExtension></extensions></trkpt><trkpt lat="15.5439308938" lon="73.7444009352"><ele>0.14</ele><time>2025-04-24T02:39:56Z</time><extensions><gpxtpx:TrackPointExtension><gpxtpx:cad>0</gpxtpx:cad></gpxtpx:TrackPointExtension></extensions></trkpt><trkpt lat="15.5440816004" lon="73.7444389053"><ele>0.62</ele><time>2025-04-24T02:40:01Z</time><extensions><gpxtpx:TrackPointExtension><gpxtpx:cad>0</gpxtpx:cad></gpxtpx:TrackPointExtension></extensions></trkpt><trkpt lat="15.5442242604" lon="73.7444818206"><ele>0.62</ele><time>2025-04-24T02:40:06Z</time><extensions><gpxtpx:TrackPointExtension><gpxtpx:cad>0</gpxtpx:cad></gpxtpx:TrackPointExtension></extensions></trkpt><trkpt lat="15.5443810858" lon="73.7445188686"><ele>0.62</ele><time>2025-04-24T02:40:11Z</time><extensions><gpxtpx:TrackPointExtension><gpxtpx:cad>0</gpxtpx:cad></gpxtpx:TrackPointExtension></extensions></trkpt><trkpt lat="15.5445296969" lon="73.7445571739"><ele>0.62</ele><time>2025-04-24T02:40:16Z</time><extensions><gpxtpx:TrackPointExtension><gpxtpx:cad>0</gpxtpx:cad></gpxtpx:TrackPointExtension></extensions></trkpt><trkpt lat="15.5446762964" lon="73.7445876841"><ele>0.62</ele><time>2025-04-24T02:40:21Z</time><extensions><gpxtpx:TrackPointExtension><gpxtpx:cad>0</gpxtpx:cad></gpxtpx:TrackPointExtension></extensions></trkpt><trkpt lat="15.5448245723" lon="73.7446122430"><ele>0.62</ele><time>2025-04-24T02:40:26Z</time><extensions><gpxtpx:TrackPointExtension><gpxtpx:cad>0</gpxtpx:cad></gpxtpx:TrackPointExtension></extensions></trkpt><trkpt lat="15.5449868459" lon="73.7446315214"><ele>0.62</ele><time>2025-04-24T02:40:31Z</time><extensions><gpxtpx:TrackPointExtension><gpxtpx:cad>0</gpxtpx:cad></gpxtpx:TrackPointExtension></extensions></trkpt><trkpt lat="15.5451329425" lon="73.7446596846"><ele>0.14</ele><time>2025-04-24T02:40:36Z</time><extensions><gpxtpx:TrackPointExtension><gpxtpx:cad>0</gpxtpx:cad></gpxtpx:TrackPointExtension></extensions></trkpt><trkpt lat="15.5452875886" lon="73.7446892727"><ele>0.14</ele><time>2025-04-24T02:40:41Z</time><extensions><gpxtpx:TrackPointExtension><gpxtpx:cad>0</gpxtpx:cad></gpxtpx:TrackPointExtension></extensions></trkpt><trkpt lat="15.5454341043" lon="73.7447101437"><ele>0.14</ele><time>2025-04-24T02:40:46Z</time><extensions><gpxtpx:TrackPointExtension><gpxtpx:cad>0</gpxtpx:cad></gpxtpx:TrackPointExtension></extensions></trkpt><trkpt lat="15.5455865711" lon="73.7447232194"><ele>0.14</ele><time>2025-04-24T02:40:51Z</time><extensions><gpxtpx:TrackPointExtension><gpxtpx:cad>0</gpxtpx:cad></gpxtpx:TrackPointExtension></extensions></trkpt><trkpt lat="15.5457429774" lon="73.7447400670"><ele>0.14</ele><time>2025-04-24T02:40:56Z</time><extensions><gpxtpx:TrackPointExtension><gpxtpx:cad>0</gpxtpx:cad></gpxtpx:TrackPointExtension></extensions></trkpt><trkpt lat="15.5458933488" lon="73.7447725888"><ele>0.14</ele><time>2025-04-24T02:41:01Z</time><extensions><gpxtpx:TrackPointExtension><gpxtpx:cad>0</gpxtpx:cad></gpxtpx:TrackPointExtension></extensions></trkpt><trkpt lat="15.5460512638" lon="73.7447900232"><ele>0.14</ele><time>2025-04-24T02:41:06Z</time><extensions><gpxtpx:TrackPointExtension><gpxtpx:cad>0</gpxtpx:cad></gpxtpx:TrackPointExtension></extensions></trkpt><trkpt lat="15.5462013837" lon="73.7448027637"><ele>0.62</ele><time>2025-04-24T02:41:11Z</time><extensions><gpxtpx:TrackPointExtension><gpxtpx:cad>0</gpxtpx:cad></gpxtpx:TrackPointExtension></extensions></trkpt><trkpt lat="15.5463506654" lon="73.7448286638"><ele>0.62</ele><time>2025-04-24T02:41:16Z</time><extensions><gpxtpx:TrackPointExtension><gpxtpx:cad>0</gpxtpx:cad></gpxtpx:TrackPointExtension></extensions></trkpt><trkpt lat="15.5465094186" lon="73.7448397279"><ele>1.10</ele><time>2025-04-24T02:41:21Z</time><extensions><gpxtpx:TrackPointExtension><gpxtpx:cad>0</gpxtpx:cad></gpxtpx:TrackPointExtension></extensions></trkpt><trkpt lat="15.5466606282" lon="73.7448181026"><ele>1.10</ele><time>2025-04-24T02:41:26Z</time><extensions><gpxtpx:TrackPointExtension><gpxtpx:cad>0</gpxtpx:cad></gpxtpx:TrackPointExtension></extensions></trkpt><trkpt lat="15.5468240753" lon="73.7448063679"><ele>1.58</ele><time>2025-04-24T02:41:31Z</time><extensions><gpxtpx:TrackPointExtension><gpxtpx:cad>0</gpxtpx:cad></gpxtpx:TrackPointExtension></extensions></trkpt><trkpt lat="15.5469961558" lon="73.7448072061"><ele>1.58</ele><time>2025-04-24T02:41:36Z</time><extensions><gpxtpx:TrackPointExtension><gpxtpx:cad>0</gpxtpx:cad></gpxtpx:TrackPointExtension></extensions></trkpt><trkpt lat="15.5471776240" lon="73.7448306754"><ele>0.62</ele><time>2025-04-24T02:41:41Z</time><extensions><gpxtpx:TrackPointExtension><gpxtpx:cad>0</gpxtpx:cad></gpxtpx:TrackPointExtension></extensions></trkpt><trkpt lat="15.5473541468" lon="73.7448671367"><ele>0.62</ele><time>2025-04-24T02:41:46Z</time><extensions><gpxtpx:TrackPointExtension><gpxtpx:cad>0</gpxtpx:cad></gpxtpx:TrackPointExtension></extensions></trkpt><trkpt lat="15.5475286581" lon="73.7448984850"><ele>0.62</ele><time>2025-04-24T02:41:51Z</time><extensions><gpxtpx:TrackPointExtension><gpxtpx:cad>0</gpxtpx:cad></gpxtpx:TrackPointExtension></extensions></trkpt><trkpt lat="15.5476942845" lon="73.7449176796"><ele>0.14</ele><time>2025-04-24T02:41:56Z</time><extensions><gpxtpx:TrackPointExtension><gpxtpx:cad>0</gpxtpx:cad></gpxtpx:TrackPointExtension></extensions></trkpt><trkpt lat="15.5478666164" lon="73.7449499499"><ele>0.14</ele><time>2025-04-24T02:42:01Z</time><extensions><gpxtpx:TrackPointExtension><gpxtpx:cad>0</gpxtpx:cad></gpxtpx:TrackPointExtension></extensions></trkpt><trkpt lat="15.5480424687" lon="73.7449857406"><ele>0.62</ele><time>2025-04-24T02:42:06Z</time><extensions><gpxtpx:TrackPointExtension><gpxtpx:cad>0</gpxtpx:cad></gpxtpx:TrackPointExtension></extensions></trkpt><trkpt lat="15.5482168961" lon="73.7450031750"><ele>0.62</ele><time>2025-04-24T02:42:11Z</time><extensions><gpxtpx:TrackPointExtension><gpxtpx:cad>0</gpxtpx:cad></gpxtpx:TrackPointExtension></extensions></trkpt><trkpt lat="15.5483974423" lon="73.7449898478"><ele>0.62</ele><time>2025-04-24T02:42:16Z</time><extensions><gpxtpx:TrackPointExtension><gpxtpx:cad>0</gpxtpx:cad></gpxtpx:TrackPointExtension></extensions></trkpt><trkpt lat="15.5485660024" lon="73.7449770235"><ele>0.62</ele><time>2025-04-24T02:42:21Z</time><extensions><gpxtpx:TrackPointExtension><gpxtpx:cad>0</gpxtpx:cad></gpxtpx:TrackPointExtension></extensions></trkpt><trkpt lat="15.5487411004" lon="73.7450031750"><ele>1.10</ele><time>2025-04-24T02:42:26Z</time><extensions><gpxtpx:TrackPointExtension><gpxtpx:cad>0</gpxtpx:cad></gpxtpx:TrackPointExtension></extensions></trkpt><trkpt lat="15.5489198864" lon="73.7450339366"><ele>1.10</ele><time>2025-04-24T02:42:31Z</time><extensions><gpxtpx:TrackPointExtension><gpxtpx:cad>0</gpxtpx:cad></gpxtpx:TrackPointExtension></extensions></trkpt><trkpt lat="15.5490781367" lon="73.7450688053"><ele>0.62</ele><time>2025-04-24T02:42:36Z</time><extensions><gpxtpx:TrackPointExtension><gpxtpx:cad>0</gpxtpx:cad></gpxtpx:TrackPointExtension></extensions></trkpt><trkpt lat="15.5492395721" lon="73.7451211084"><ele>0.62</ele><time>2025-04-24T02:42:41Z</time><extensions><gpxtpx:TrackPointExtension><gpxtpx:cad>0</gpxtpx:cad></gpxtpx:TrackPointExtension></extensions></trkpt><trkpt lat="15.5494211242" lon="73.7451730762"><ele>1.58</ele><time>2025-04-24T02:42:46Z</time><extensions><gpxtpx:TrackPointExtension><gpxtpx:cad>0</gpxtpx:cad></gpxtpx:TrackPointExtension></extensions></trkpt><trkpt lat="15.5495910253" lon="73.7452330906"><ele>1.58</ele><time>2025-04-24T02:42:51Z</time><extensions><gpxtpx:TrackPointExtension><gpxtpx:cad>0</gpxtpx:cad></gpxtpx:TrackPointExtension></extensions></trkpt><trkpt lat="15.5497353617" lon="73.7452995591"><ele>1.10</ele><time>2025-04-24T02:42:56Z</time><extensions><gpxtpx:TrackPointExtension><gpxtpx:cad>0</gpxtpx:cad></gpxtpx:TrackPointExtension></extensions></trkpt><trkpt lat="15.5498978868" lon="73.7453583162"><ele>1.10</ele><time>2025-04-24T02:43:01Z</time><extensions><gpxtpx:TrackPointExtension><gpxtpx:cad>0</gpxtpx:cad></gpxtpx:TrackPointExtension></extensions></trkpt><trkpt lat="15.5500694644" lon="73.7454278022"><ele>1.58</ele><time>2025-04-24T02:43:06Z</time><extensions><gpxtpx:TrackPointExtension><gpxtpx:cad>0</gpxtpx:cad></gpxtpx:TrackPointExtension></extensions></trkpt><trkpt lat="15.5502386950" lon="73.7454774231"><ele>2.06</ele><time>2025-04-24T02:43:11Z</time><extensions><gpxtpx:TrackPointExtension><gpxtpx:cad>0</gpxtpx:cad></gpxtpx:TrackPointExtension></extensions></trkpt><trkpt lat="15.5504079256" lon="73.7455096096"><ele>1.58</ele><time>2025-04-24T02:43:16Z</time><extensions><gpxtpx:TrackPointExtension><gpxtpx:cad>0</gpxtpx:cad></gpxtpx:TrackPointExtension></extensions></trkpt><trkpt lat="15.5505712051" lon="73.7455505971"><ele>1.58</ele><time>2025-04-24T02:43:21Z</time><extensions><gpxtpx:TrackPointExtension><gpxtpx:cad>0</gpxtpx:cad></gpxtpx:TrackPointExtension></extensions></trkpt><trkpt lat="15.5507393461" lon="73.7455889862"><ele>1.58</ele><time>2025-04-24T02:43:26Z</time><extensions><gpxtpx:TrackPointExtension><gpxtpx:cad>0</gpxtpx:cad></gpxtpx:TrackPointExtension></extensions></trkpt><trkpt lat="15.5509093311" lon="73.7456327397"><ele>1.58</ele><time>2025-04-24T02:43:31Z</time><extensions><gpxtpx:TrackPointExtension><gpxtpx:cad>0</gpxtpx:cad></gpxtpx:TrackPointExtension></extensions></trkpt><trkpt lat="15.5510721076" lon="73.7456712965"><ele>1.10</ele><time>2025-04-24T02:43:36Z</time><extensions><gpxtpx:TrackPointExtension><gpxtpx:cad>0</gpxtpx:cad></gpxtpx:TrackPointExtension></extensions></trkpt><trkpt lat="15.5512199644" lon="73.7457271200"><ele>1.10</ele><time>2025-04-24T02:43:41Z</time><extensions><gpxtpx:TrackPointExtension><gpxtpx:cad>0</gpxtpx:cad></gpxtpx:TrackPointExtension></extensions></trkpt><trkpt lat="15.5513846688" lon="73.7457871344"><ele>1.10</ele><time>2025-04-24T02:43:46Z</time><extensions><gpxtpx:TrackPointExtension><gpxtpx:cad>0</gpxtpx:cad></gpxtpx:TrackPointExtension></extensions></trkpt><trkpt lat="15.5515637901" lon="73.7458351627"><ele>0.62</ele><time>2025-04-24T02:43:51Z</time><extensions><gpxtpx:TrackPointExtension><gpxtpx:cad>0</gpxtpx:cad></gpxtpx:TrackPointExtension></extensions></trkpt><trkpt lat="15.5517228786" lon="73.7459006254"><ele>0.62</ele><time>2025-04-24T02:43:56Z</time><extensions><gpxtpx:TrackPointExtension><gpxtpx:cad>0</gpxtpx:cad></gpxtpx:TrackPointExtension></extensions></trkpt><trkpt lat="15.5518677179" lon="73.7459649984"><ele>0.14</ele><time>2025-04-24T02:44:01Z</time><extensions><gpxtpx:TrackPointExtension><gpxtpx:cad>0</gpxtpx:cad></gpxtpx:TrackPointExtension></extensions></trkpt><trkpt lat="15.5520278122" lon="73.7460282817"><ele>0.62</ele><time>2025-04-24T02:44:06Z</time><extensions><gpxtpx:TrackPointExtension><gpxtpx:cad>0</gpxtpx:cad></gpxtpx:TrackPointExtension></extensions></trkpt><trkpt lat="15.5521993898" lon="73.7460955046"><ele>1.10</ele><time>2025-04-24T02:44:11Z</time><extensions><gpxtpx:TrackPointExtension><gpxtpx:cad>0</gpxtpx:cad></gpxtpx:TrackPointExtension></extensions></trkpt><trkpt lat="15.5523692910" lon="73.7461707741"><ele>1.10</ele><time>2025-04-24T02:44:16Z</time><extensions><gpxtpx:TrackPointExtension><gpxtpx:cad>0</gpxtpx:cad></gpxtpx:TrackPointExtension></extensions></trkpt><trkpt lat="15.5525216740" lon="73.7462698482"><ele>0.62</ele><time>2025-04-24T02:44:21Z</time><extensions><gpxtpx:TrackPointExtension><gpxtpx:cad>0</gpxtpx:cad></gpxtpx:TrackPointExtension></extensions></trkpt><trkpt lat="15.5526634119" lon="73.7463711854"><ele>0.62</ele><time>2025-04-24T02:44:26Z</time><extensions><gpxtpx:TrackPointExtension><gpxtpx:cad>0</gpxtpx:cad></gpxtpx:TrackPointExtension></extensions></trkpt><trkpt lat="15.5527976062" lon="73.7464465387"><ele>1.10</ele><time>2025-04-24T02:44:31Z</time><extensions><gpxtpx:TrackPointExtension><gpxtpx:cad>0</gpxtpx:cad></gpxtpx:TrackPointExtension></extensions></trkpt><trkpt lat="15.5529513303" lon="73.7465200480"><ele>0.62</ele><time>2025-04-24T02:44:36Z</time><extensions><gpxtpx:TrackPointExtension><gpxtpx:cad>0</gpxtpx:cad></gpxtpx:TrackPointExtension></extensions></trkpt><trkpt lat="15.5531266797" lon="73.7466206308"><ele>1.10</ele><time>2025-04-24T02:44:41Z</time><extensions><gpxtpx:TrackPointExtension><gpxtpx:cad>0</gpxtpx:cad></gpxtpx:TrackPointExtension></extensions></trkpt><trkpt lat="15.5532765482" lon="73.7467105687"><ele>1.10</ele><time>2025-04-24T02:44:46Z</time><extensions><gpxtpx:TrackPointExtension><gpxtpx:cad>0</gpxtpx:cad></gpxtpx:TrackPointExtension></extensions></trkpt><trkpt lat="15.5534142628" lon="73.7467838265"><ele>0.62</ele><time>2025-04-24T02:44:51Z</time><extensions><gpxtpx:TrackPointExtension><gpxtpx:cad>0</gpxtpx:cad></gpxtpx:TrackPointExtension></extensions></trkpt><trkpt lat="15.5535768718" lon="73.7468523066"><ele>0.62</ele><time>2025-04-24T02:44:56Z</time><extensions><gpxtpx:TrackPointExtension><gpxtpx:cad>0</gpxtpx:cad></gpxtpx:TrackPointExtension></extensions></trkpt><trkpt lat="15.5537319370" lon="73.7469167635"><ele>0.62</ele><time>2025-04-24T02:45:01Z</time><extensions><gpxtpx:TrackPointExtension><gpxtpx:cad>0</gpxtpx:cad></gpxtpx:TrackPointExtension></extensions></trkpt><trkpt lat="15.5538901035" lon="73.7469958048"><ele>0.62</ele><time>2025-04-24T02:45:06Z</time><extensions><gpxtpx:TrackPointExtension><gpxtpx:cad>0</gpxtpx:cad></gpxtpx:TrackPointExtension></extensions></trkpt><trkpt lat="15.5540549755" lon="73.7470658775"><ele>1.10</ele><time>2025-04-24T02:45:11Z</time><extensions><gpxtpx:TrackPointExtension><gpxtpx:cad>0</gpxtpx:cad></gpxtpx:TrackPointExtension></extensions></trkpt><trkpt lat="15.5542079452" lon="73.7471317593"><ele>1.10</ele><time>2025-04-24T02:45:16Z</time><extensions><gpxtpx:TrackPointExtension><gpxtpx:cad>0</gpxtpx:cad></gpxtpx:TrackPointExtension></extensions></trkpt><trkpt lat="15.5543525331" lon="73.7471973058"><ele>0.62</ele><time>2025-04-24T02:45:21Z</time><extensions><gpxtpx:TrackPointExtension><gpxtpx:cad>0</gpxtpx:cad></gpxtpx:TrackPointExtension></extensions></trkpt><trkpt lat="15.5545214284" lon="73.7472754251"><ele>0.62</ele><time>2025-04-24T02:45:26Z</time><extensions><gpxtpx:TrackPointExtension><gpxtpx:cad>0</gpxtpx:cad></gpxtpx:TrackPointExtension></extensions></trkpt><trkpt lat="15.5546796788" lon="73.7473537959"><ele>0.62</ele><time>2025-04-24T02:45:31Z</time><extensions><gpxtpx:TrackPointExtension><gpxtpx:cad>0</gpxtpx:cad></gpxtpx:TrackPointExtension></extensions></trkpt><trkpt lat="15.5548396055" lon="73.7474269699"><ele>0.62</ele><time>2025-04-24T02:45:36Z</time><extensions><gpxtpx:TrackPointExtension><gpxtpx:cad>0</gpxtpx:cad></gpxtpx:TrackPointExtension></extensions></trkpt><trkpt lat="15.5549683515" lon="73.7475111242"><ele>0.62</ele><time>2025-04-24T02:45:41Z</time><extensions><gpxtpx:TrackPointExtension><gpxtpx:cad>0</gpxtpx:cad></gpxtpx:TrackPointExtension></extensions></trkpt><trkpt lat="15.5551186390" lon="73.7476065941"><ele>0.14</ele><time>2025-04-24T02:45:46Z</time><extensions><gpxtpx:TrackPointExtension><gpxtpx:cad>0</gpxtpx:cad></gpxtpx:TrackPointExtension></extensions></trkpt><trkpt lat="15.5552840978" lon="73.7476871442"><ele>0.62</ele><time>2025-04-24T02:45:51Z</time><extensions><gpxtpx:TrackPointExtension><gpxtpx:cad>0</gpxtpx:cad></gpxtpx:TrackPointExtension></extensions></trkpt><trkpt lat="15.5554408394" lon="73.7477600668"><ele>1.10</ele><time>2025-04-24T02:45:56Z</time><extensions><gpxtpx:TrackPointExtension><gpxtpx:cad>0</gpxtpx:cad></gpxtpx:TrackPointExtension></extensions></trkpt><trkpt lat="15.5555878580" lon="73.7478431314"><ele>0.62</ele><time>2025-04-24T02:46:01Z</time><extensions><gpxtpx:TrackPointExtension><gpxtpx:cad>0</gpxtpx:cad></gpxtpx:TrackPointExtension></extensions></trkpt><trkpt lat="15.5557444319" lon="73.7478982005"><ele>0.62</ele><time>2025-04-24T02:46:06Z</time><extensions><gpxtpx:TrackPointExtension><gpxtpx:cad>0</gpxtpx:cad></gpxtpx:TrackPointExtension></extensions></trkpt><trkpt lat="15.5559036881" lon="73.7478900701"><ele>0.62</ele><time>2025-04-24T02:46:11Z</time><extensions><gpxtpx:TrackPointExtension><gpxtpx:cad>0</gpxtpx:cad></gpxtpx:TrackPointExtension></extensions></trkpt><trkpt lat="15.5560604297" lon="73.7478316482"><ele>1.10</ele><time>2025-04-24T02:46:16Z</time><extensions><gpxtpx:TrackPointExtension><gpxtpx:cad>0</gpxtpx:cad></gpxtpx:TrackPointExtension></extensions></trkpt><trkpt lat="15.5561912712" lon="73.7477231864"><ele>1.10</ele><time>2025-04-24T02:46:21Z</time><extensions><gpxtpx:TrackPointExtension><gpxtpx:cad>0</gpxtpx:cad></gpxtpx:TrackPointExtension></extensions></trkpt><trkpt lat="15.5563124735" lon="73.7476051692"><ele>1.10</ele><time>2025-04-24T02:46:26Z</time><extensions><gpxtpx:TrackPointExtension><gpxtpx:cad>0</gpxtpx:cad></gpxtpx:TrackPointExtension></extensions></trkpt><trkpt lat="15.5564304907" lon="73.7474827096"><ele>1.10</ele><time>2025-04-24T02:46:31Z</time><extensions><gpxtpx:TrackPointExtension><gpxtpx:cad>0</gpxtpx:cad></gpxtpx:TrackPointExtension></extensions></trkpt><trkpt lat="15.5565533694" lon="73.7473625969"><ele>1.10</ele><time>2025-04-24T02:46:36Z</time><extensions><gpxtpx:TrackPointExtension><gpxtpx:cad>0</gpxtpx:cad></gpxtpx:TrackPointExtension></extensions></trkpt><trkpt lat="15.5566862226" lon="73.7472486030"><ele>0.62</ele><time>2025-04-24T02:46:41Z</time><extensions><gpxtpx:TrackPointExtension><gpxtpx:cad>0</gpxtpx:cad></gpxtpx:TrackPointExtension></extensions></trkpt><trkpt lat="15.5568114482" lon="73.7471268978"><ele>1.10</ele><time>2025-04-24T02:46:46Z</time><extensions><gpxtpx:TrackPointExtension><gpxtpx:cad>0</gpxtpx:cad></gpxtpx:TrackPointExtension></extensions></trkpt><trkpt lat="15.5569345783" lon="73.7470015883"><ele>1.10</ele><time>2025-04-24T02:46:51Z</time><extensions><gpxtpx:TrackPointExtension><gpxtpx:cad>0</gpxtpx:cad></gpxtpx:TrackPointExtension></extensions></trkpt><trkpt lat="15.5570447166" lon="73.7468593474"><ele>1.10</ele><time>2025-04-24T02:46:56Z</time><extensions><gpxtpx:TrackPointExtension><gpxtpx:cad>0</gpxtpx:cad></gpxtpx:TrackPointExtension></extensions></trkpt><trkpt lat="15.5571621470" lon="73.7467384804"><ele>1.58</ele><time>2025-04-24T02:47:01Z</time><extensions><gpxtpx:TrackPointExtension><gpxtpx:cad>0</gpxtpx:cad></gpxtpx:TrackPointExtension></extensions></trkpt><trkpt lat="15.5572737940" lon="73.7466085609"><ele>1.10</ele><time>2025-04-24T02:47:06Z</time><extensions><gpxtpx:TrackPointExtension><gpxtpx:cad>0</gpxtpx:cad></gpxtpx:TrackPointExtension></extensions></trkpt><trkpt lat="15.5573720299" lon="73.7464597821"><ele>0.62</ele><time>2025-04-24T02:47:11Z</time><extensions><gpxtpx:TrackPointExtension><gpxtpx:cad>0</gpxtpx:cad></gpxtpx:TrackPointExtension></extensions></trkpt><trkpt lat="15.5574730318" lon="73.7463269290"><ele>1.10</ele><time>2025-04-24T02:47:16Z</time><extensions><gpxtpx:TrackPointExtension><gpxtpx:cad>0</gpxtpx:cad></gpxtpx:TrackPointExtension></extensions></trkpt><trkpt lat="15.5575729441" lon="73.7461852748"><ele>0.62</ele><time>2025-04-24T02:47:21Z</time><extensions><gpxtpx:TrackPointExtension><gpxtpx:cad>0</gpxtpx:cad></gpxtpx:TrackPointExtension></extensions></trkpt><trkpt lat="15.5576740298" lon="73.7460373342"><ele>0.62</ele><time>2025-04-24T02:47:26Z</time><extensions><gpxtpx:TrackPointExtension><gpxtpx:cad>0</gpxtpx:cad></gpxtpx:TrackPointExtension></extensions></trkpt><trkpt lat="15.5577948131" lon="73.7459115218"><ele>0.62</ele><time>2025-04-24T02:47:31Z</time><extensions><gpxtpx:TrackPointExtension><gpxtpx:cad>0</gpxtpx:cad></gpxtpx:TrackPointExtension></extensions></trkpt><trkpt lat="15.5578916240" lon="73.7457674369"><ele>0.62</ele><time>2025-04-24T02:47:36Z</time><extensions><gpxtpx:TrackPointExtension><gpxtpx:cad>0</gpxtpx:cad></gpxtpx:TrackPointExtension></extensions></trkpt><trkpt lat="15.5579900276" lon="73.7456224300"><ele>1.58</ele><time>2025-04-24T02:47:41Z</time><extensions><gpxtpx:TrackPointExtension><gpxtpx:cad>0</gpxtpx:cad></gpxtpx:TrackPointExtension></extensions></trkpt><trkpt lat="15.5580775347" lon="73.7454805244"><ele>2.54</ele><time>2025-04-24T02:47:46Z</time><extensions><gpxtpx:TrackPointExtension><gpxtpx:cad>0</gpxtpx:cad></gpxtpx:TrackPointExtension></extensions></trkpt><trkpt lat="15.5581632815" lon="73.7453210168"><ele>2.54</ele><time>2025-04-24T02:47:51Z</time><extensions><gpxtpx:TrackPointExtension><gpxtpx:cad>0</gpxtpx:cad></gpxtpx:TrackPointExtension></extensions></trkpt><trkpt lat="15.5582481064" lon="73.7451697234"><ele>2.54</ele><time>2025-04-24T02:47:56Z</time><extensions><gpxtpx:TrackPointExtension><gpxtpx:cad>0</gpxtpx:cad></gpxtpx:TrackPointExtension></extensions></trkpt><trkpt lat="15.5583429895" lon="73.7450194359"><ele>2.06</ele><time>2025-04-24T02:48:01Z</time><extensions><gpxtpx:TrackPointExtension><gpxtpx:cad>0</gpxtpx:cad></gpxtpx:TrackPointExtension></extensions></trkpt><trkpt lat="15.5584372021" lon="73.7448676396"><ele>2.06</ele><time>2025-04-24T02:48:06Z</time><extensions><gpxtpx:TrackPointExtension><gpxtpx:cad>0</gpxtpx:cad></gpxtpx:TrackPointExtension></extensions></trkpt><trkpt lat="15.5585459154" lon="73.7447272427"><ele>1.58</ele><time>2025-04-24T02:48:11Z</time><extensions><gpxtpx:TrackPointExtension><gpxtpx:cad>0</gpxtpx:cad></gpxtpx:TrackPointExtension></extensions></trkpt><trkpt lat="15.5586356856" lon="73.7445775419"><ele>1.10</ele><time>2025-04-24T02:48:16Z</time><extensions><gpxtpx:TrackPointExtension><gpxtpx:cad>0</gpxtpx:cad></gpxtpx:TrackPointExtension></extensions></trkpt><trkpt lat="15.5587286409" lon="73.7444227282"><ele>1.10</ele><time>2025-04-24T02:48:21Z</time><extensions><gpxtpx:TrackPointExtension><gpxtpx:cad>0</gpxtpx:cad></gpxtpx:TrackPointExtension></extensions></trkpt><trkpt lat="15.5588257033" lon="73.7442704290"><ele>1.10</ele><time>2025-04-24T02:48:26Z</time><extensions><gpxtpx:TrackPointExtension><gpxtpx:cad>0</gpxtpx:cad></gpxtpx:TrackPointExtension></extensions></trkpt><trkpt lat="15.5589104444" lon="73.7441156991"><ele>1.58</ele><time>2025-04-24T02:48:31Z</time><extensions><gpxtpx:TrackPointExtension><gpxtpx:cad>0</gpxtpx:cad></gpxtpx:TrackPointExtension></extensions></trkpt><trkpt lat="15.5590003822" lon="73.7439640705"><ele>2.06</ele><time>2025-04-24T02:48:36Z</time><extensions><gpxtpx:TrackPointExtension><gpxtpx:cad>0</gpxtpx:cad></gpxtpx:TrackPointExtension></extensions></trkpt><trkpt lat="15.5590908229" lon="73.7438127771"><ele>1.58</ele><time>2025-04-24T02:48:41Z</time><extensions><gpxtpx:TrackPointExtension><gpxtpx:cad>0</gpxtpx:cad></gpxtpx:TrackPointExtension></extensions></trkpt><trkpt lat="15.5591772404" lon="73.7436565384"><ele>1.10</ele><time>2025-04-24T02:48:46Z</time><extensions><gpxtpx:TrackPointExtension><gpxtpx:cad>0</gpxtpx:cad></gpxtpx:TrackPointExtension></extensions></trkpt><trkpt lat="15.5592696089" lon="73.7435091846"><ele>1.10</ele><time>2025-04-24T02:48:51Z</time><extensions><gpxtpx:TrackPointExtension><gpxtpx:cad>0</gpxtpx:cad></gpxtpx:TrackPointExtension></extensions></trkpt><trkpt lat="15.5593567807" lon="73.7433569692"><ele>0.62</ele><time>2025-04-24T02:48:56Z</time><extensions><gpxtpx:TrackPointExtension><gpxtpx:cad>0</gpxtpx:cad></gpxtpx:TrackPointExtension></extensions></trkpt><trkpt lat="15.5594431981" lon="73.7432007305"><ele>0.62</ele><time>2025-04-24T02:49:01Z</time><extensions><gpxtpx:TrackPointExtension><gpxtpx:cad>0</gpxtpx:cad></gpxtpx:TrackPointExtension></extensions></trkpt><trkpt lat="15.5595298670" lon="73.7430487666"><ele>1.10</ele><time>2025-04-24T02:49:06Z</time><extensions><gpxtpx:TrackPointExtension><gpxtpx:cad>0</gpxtpx:cad></gpxtpx:TrackPointExtension></extensions></trkpt><trkpt lat="15.5596110877" lon="73.7428934500"><ele>1.10</ele><time>2025-04-24T02:49:11Z</time><extensions><gpxtpx:TrackPointExtension><gpxtpx:cad>0</gpxtpx:cad></gpxtpx:TrackPointExtension></extensions></trkpt><trkpt lat="15.5596910510" lon="73.7427342776"><ele>1.10</ele><time>2025-04-24T02:49:16Z</time><extensions><gpxtpx:TrackPointExtension><gpxtpx:cad>0</gpxtpx:cad></gpxtpx:TrackPointExtension></extensions></trkpt><trkpt lat="15.5597809050" lon="73.7425948866"><ele>1.10</ele><time>2025-04-24T02:49:21Z</time><extensions><gpxtpx:TrackPointExtension><gpxtpx:cad>0</gpxtpx:cad></gpxtpx:TrackPointExtension></extensions></trkpt><trkpt lat="15.5598705076" lon="73.7424427550"><ele>1.10</ele><time>2025-04-24T02:49:26Z</time><extensions><gpxtpx:TrackPointExtension><gpxtpx:cad>0</gpxtpx:cad></gpxtpx:TrackPointExtension></extensions></trkpt><trkpt lat="15.5599604454" lon="73.7422886956"><ele>1.10</ele><time>2025-04-24T02:49:31Z</time><extensions><gpxtpx:TrackPointExtension><gpxtpx:cad>0</gpxtpx:cad></gpxtpx:TrackPointExtension></extensions></trkpt><trkpt lat="15.5600426719" lon="73.7421415094"><ele>1.58</ele><time>2025-04-24T02:49:36Z</time><extensions><gpxtpx:TrackPointExtension><gpxtpx:cad>0</gpxtpx:cad></gpxtpx:TrackPointExtension></extensions></trkpt><trkpt lat="15.5601354595" lon="73.7419928983"><ele>1.58</ele><time>2025-04-24T02:49:41Z</time><extensions><gpxtpx:TrackPointExtension><gpxtpx:cad>0</gpxtpx:cad></gpxtpx:TrackPointExtension></extensions></trkpt><trkpt lat="15.5602513812" lon="73.7418540101"><ele>1.58</ele><time>2025-04-24T02:49:46Z</time><extensions><gpxtpx:TrackPointExtension><gpxtpx:cad>0</gpxtpx:cad></gpxtpx:TrackPointExtension></extensions></trkpt><trkpt lat="15.5603646208" lon="73.7417209055"><ele>1.10</ele><time>2025-04-24T02:49:51Z</time><extensions><gpxtpx:TrackPointExtension><gpxtpx:cad>0</gpxtpx:cad></gpxtpx:TrackPointExtension></extensions></trkpt><trkpt lat="15.5604792852" lon="73.7415876333"><ele>1.10</ele><time>2025-04-24T02:49:56Z</time><extensions><gpxtpx:TrackPointExtension><gpxtpx:cad>0</gpxtpx:cad></gpxtpx:TrackPointExtension></extensions></trkpt><trkpt lat="15.5605952907" lon="73.7414630782"><ele>1.10</ele><time>2025-04-24T02:50:01Z</time><extensions><gpxtpx:TrackPointExtension><gpxtpx:cad>0</gpxtpx:cad></gpxtpx:TrackPointExtension></extensions></trkpt><trkpt lat="15.5606971309" lon="73.7413226813"><ele>1.58</ele><time>2025-04-24T02:50:06Z</time><extensions><gpxtpx:TrackPointExtension><gpxtpx:cad>0</gpxtpx:cad></gpxtpx:TrackPointExtension></extensions></trkpt><trkpt lat="15.5607806146" lon="73.7411660235"><ele>1.10</ele><time>2025-04-24T02:50:11Z</time><extensions><gpxtpx:TrackPointExtension><gpxtpx:cad>0</gpxtpx:cad></gpxtpx:TrackPointExtension></extensions></trkpt><trkpt lat="15.5608495139" lon="73.7410110421"><ele>1.58</ele><time>2025-04-24T02:50:16Z</time><extensions><gpxtpx:TrackPointExtension><gpxtpx:cad>0</gpxtpx:cad></gpxtpx:TrackPointExtension></extensions></trkpt><trkpt lat="15.5608910043" lon="73.7408418953"><ele>1.10</ele><time>2025-04-24T02:50:21Z</time><extensions><gpxtpx:TrackPointExtension><gpxtpx:cad>0</gpxtpx:cad></gpxtpx:TrackPointExtension></extensions></trkpt><trkpt lat="15.5609383620" lon="73.7406675518"><ele>1.58</ele><time>2025-04-24T02:50:26Z</time><extensions><gpxtpx:TrackPointExtension><gpxtpx:cad>0</gpxtpx:cad></gpxtpx:TrackPointExtension></extensions></trkpt><trkpt lat="15.5610039085" lon="73.7405020930"><ele>1.10</ele><time>2025-04-24T02:50:31Z</time><extensions><gpxtpx:TrackPointExtension><gpxtpx:cad>0</gpxtpx:cad></gpxtpx:TrackPointExtension></extensions></trkpt><trkpt lat="15.5610921700" lon="73.7403487042"><ele>1.10</ele><time>2025-04-24T02:50:36Z</time><extensions><gpxtpx:TrackPointExtension><gpxtpx:cad>0</gpxtpx:cad></gpxtpx:TrackPointExtension></extensions></trkpt><trkpt lat="15.5611879751" lon="73.7402010988"><ele>0.62</ele><time>2025-04-24T02:50:41Z</time><extensions><gpxtpx:TrackPointExtension><gpxtpx:cad>0</gpxtpx:cad></gpxtpx:TrackPointExtension></extensions></trkpt><trkpt lat="15.5613007117" lon="73.7400655635"><ele>0.62</ele><time>2025-04-24T02:50:46Z</time><extensions><gpxtpx:TrackPointExtension><gpxtpx:cad>0</gpxtpx:cad></gpxtpx:TrackPointExtension></extensions></trkpt><trkpt lat="15.5614224169" lon="73.7399439421"><ele>0.62</ele><time>2025-04-24T02:50:51Z</time><extensions><gpxtpx:TrackPointExtension><gpxtpx:cad>0</gpxtpx:cad></gpxtpx:TrackPointExtension></extensions></trkpt><trkpt lat="15.5615302920" lon="73.7398002762"><ele>0.14</ele><time>2025-04-24T02:50:56Z</time><extensions><gpxtpx:TrackPointExtension><gpxtpx:cad>0</gpxtpx:cad></gpxtpx:TrackPointExtension></extensions></trkpt><trkpt lat="15.5616389215" lon="73.7396638189"><ele>0.14</ele><time>2025-04-24T02:51:01Z</time><extensions><gpxtpx:TrackPointExtension><gpxtpx:cad>0</gpxtpx:cad></gpxtpx:TrackPointExtension></extensions></trkpt><trkpt lat="15.5617576931" lon="73.7395286188"><ele>0.62</ele><time>2025-04-24T02:51:06Z</time><extensions><gpxtpx:TrackPointExtension><gpxtpx:cad>0</gpxtpx:cad></gpxtpx:TrackPointExtension></extensions></trkpt><trkpt lat="15.5618662387" lon="73.7393851206"><ele>0.14</ele><time>2025-04-24T02:51:11Z</time><extensions><gpxtpx:TrackPointExtension><gpxtpx:cad>0</gpxtpx:cad></gpxtpx:TrackPointExtension></extensions></trkpt><trkpt lat="15.5619753711" lon="73.7392379344"><ele>0.62</ele><time>2025-04-24T02:51:16Z</time><extensions><gpxtpx:TrackPointExtension><gpxtpx:cad>0</gpxtpx:cad></gpxtpx:TrackPointExtension></extensions></trkpt><trkpt lat="15.5620896164" lon="73.7391011417"><ele>0.62</ele><time>2025-04-24T02:51:21Z</time><extensions><gpxtpx:TrackPointExtension><gpxtpx:cad>0</gpxtpx:cad></gpxtpx:TrackPointExtension></extensions></trkpt><trkpt lat="15.5622025207" lon="73.7389620859"><ele>0.62</ele><time>2025-04-24T02:51:26Z</time><extensions><gpxtpx:TrackPointExtension><gpxtpx:cad>0</gpxtpx:cad></gpxtpx:TrackPointExtension></extensions></trkpt><trkpt lat="15.5623160955" lon="73.7388374470"><ele>0.62</ele><time>2025-04-24T02:51:31Z</time><extensions><gpxtpx:TrackPointExtension><gpxtpx:cad>0</gpxtpx:cad></gpxtpx:TrackPointExtension></extensions></trkpt><trkpt lat="15.5624460988" lon="73.7387207709"><ele>0.62</ele><time>2025-04-24T02:51:36Z</time><extensions><gpxtpx:TrackPointExtension><gpxtpx:cad>0</gpxtpx:cad></gpxtpx:TrackPointExtension></extensions></trkpt><trkpt lat="15.5625597574" lon="73.7385923602"><ele>0.14</ele><time>2025-04-24T02:51:41Z</time><extensions><gpxtpx:TrackPointExtension><gpxtpx:cad>0</gpxtpx:cad></gpxtpx:TrackPointExtension></extensions></trkpt><trkpt lat="15.5626712367" lon="73.7384540588"><ele>0.14</ele><time>2025-04-24T02:51:46Z</time><extensions><gpxtpx:TrackPointExtension><gpxtpx:cad>0</gpxtpx:cad></gpxtpx:TrackPointExtension></extensions></trkpt><trkpt lat="15.5627826322" lon="73.7383208703"><ele>-0.34</ele><time>2025-04-24T02:51:51Z</time><extensions><gpxtpx:TrackPointExtension><gpxtpx:cad>0</gpxtpx:cad></gpxtpx:TrackPointExtension></extensions></trkpt><trkpt lat="15.5628970452" lon="73.7381855026"><ele>-0.34</ele><time>2025-04-24T02:51:56Z</time><extensions><gpxtpx:TrackPointExtension><gpxtpx:cad>0</gpxtpx:cad></gpxtpx:TrackPointExtension></extensions></trkpt><trkpt lat="15.5630191695" lon="73.7380551640"><ele>0.62</ele><time>2025-04-24T02:52:01Z</time><extensions><gpxtpx:TrackPointExtension><gpxtpx:cad>0</gpxtpx:cad></gpxtpx:TrackPointExtension></extensions></trkpt><trkpt lat="15.5631291401" lon="73.7379188742"><ele>0.62</ele><time>2025-04-24T02:52:06Z</time><extensions><gpxtpx:TrackPointExtension><gpxtpx:cad>0</gpxtpx:cad></gpxtpx:TrackPointExtension></extensions></trkpt><trkpt lat="15.5632300582" lon="73.7377692573"><ele>0.14</ele><time>2025-04-24T02:52:11Z</time><extensions><gpxtpx:TrackPointExtension><gpxtpx:cad>0</gpxtpx:cad></gpxtpx:TrackPointExtension></extensions></trkpt><trkpt lat="15.5633295514" lon="73.7376223225"><ele>-0.34</ele><time>2025-04-24T02:52:16Z</time><extensions><gpxtpx:TrackPointExtension><gpxtpx:cad>0</gpxtpx:cad></gpxtpx:TrackPointExtension></extensions></trkpt><trkpt lat="15.5634254403" lon="73.7374758907"><ele>0.14</ele><time>2025-04-24T02:52:21Z</time><extensions><gpxtpx:TrackPointExtension><gpxtpx:cad>0</gpxtpx:cad></gpxtpx:TrackPointExtension></extensions></trkpt><trkpt lat="15.5635134503" lon="73.7373244297"><ele>0.14</ele><time>2025-04-24T02:52:26Z</time><extensions><gpxtpx:TrackPointExtension><gpxtpx:cad>0</gpxtpx:cad></gpxtpx:TrackPointExtension></extensions></trkpt><trkpt lat="15.5636061542" lon="73.7371709570"><ele>0.14</ele><time>2025-04-24T02:52:31Z</time><extensions><gpxtpx:TrackPointExtension><gpxtpx:cad>0</gpxtpx:cad></gpxtpx:TrackPointExtension></extensions></trkpt><trkpt lat="15.5636901408" lon="73.7370215077"><ele>0.14</ele><time>2025-04-24T02:52:36Z</time><extensions><gpxtpx:TrackPointExtension><gpxtpx:cad>0</gpxtpx:cad></gpxtpx:TrackPointExtension></extensions></trkpt><trkpt lat="15.5637725350" lon="73.7368635088"><ele>-0.34</ele><time>2025-04-24T02:52:41Z</time><extensions><gpxtpx:TrackPointExtension><gpxtpx:cad>0</gpxtpx:cad></gpxtpx:TrackPointExtension></extensions></trkpt><trkpt lat="15.5638396740" lon="73.7367086951"><ele>0.14</ele><time>2025-04-24T02:52:46Z</time><extensions><gpxtpx:TrackPointExtension><gpxtpx:cad>0</gpxtpx:cad></gpxtpx:TrackPointExtension></extensions></trkpt><trkpt lat="15.5639091600" lon="73.7365493551"><ele>0.14</ele><time>2025-04-24T02:52:51Z</time><extensions><gpxtpx:TrackPointExtension><gpxtpx:cad>0</gpxtpx:cad></gpxtpx:TrackPointExtension></extensions></trkpt><trkpt lat="15.5639761314" lon="73.7363776099"><ele>0.62</ele><time>2025-04-24T02:52:56Z</time><extensions><gpxtpx:TrackPointExtension><gpxtpx:cad>0</gpxtpx:cad></gpxtpx:TrackPointExtension></extensions></trkpt><trkpt lat="15.5640503950" lon="73.7362167612"><ele>0.62</ele><time>2025-04-24T02:53:01Z</time><extensions><gpxtpx:TrackPointExtension><gpxtpx:cad>0</gpxtpx:cad></gpxtpx:TrackPointExtension></extensions></trkpt><trkpt lat="15.5641180370" lon="73.7360505480"><ele>-0.34</ele><time>2025-04-24T02:53:06Z</time><extensions><gpxtpx:TrackPointExtension><gpxtpx:cad>0</gpxtpx:cad></gpxtpx:TrackPointExtension></extensions></trkpt><trkpt lat="15.5641842540" lon="73.7358888611"><ele>0.62</ele><time>2025-04-24T02:53:11Z</time><extensions><gpxtpx:TrackPointExtension><gpxtpx:cad>0</gpxtpx:cad></gpxtpx:TrackPointExtension></extensions></trkpt><trkpt lat="15.5642539077" lon="73.7357212231"><ele>0.62</ele><time>2025-04-24T02:53:16Z</time><extensions><gpxtpx:TrackPointExtension><gpxtpx:cad>0</gpxtpx:cad></gpxtpx:TrackPointExtension></extensions></trkpt><trkpt lat="15.5643127486" lon="73.7355520763"><ele>0.62</ele><time>2025-04-24T02:53:21Z</time><extensions><gpxtpx:TrackPointExtension><gpxtpx:cad>0</gpxtpx:cad></gpxtpx:TrackPointExtension></extensions></trkpt><trkpt lat="15.5643696617" lon="73.7353836000"><ele>1.10</ele><time>2025-04-24T02:53:26Z</time><extensions><gpxtpx:TrackPointExtension><gpxtpx:cad>0</gpxtpx:cad></gpxtpx:TrackPointExtension></extensions></trkpt><trkpt lat="15.5644166004" lon="73.7352063227"><ele>0.62</ele><time>2025-04-24T02:53:31Z</time><extensions><gpxtpx:TrackPointExtension><gpxtpx:cad>0</gpxtpx:cad></gpxtpx:TrackPointExtension></extensions></trkpt><trkpt lat="15.5644875113" lon="73.7350464799"><ele>1.10</ele><time>2025-04-24T02:53:36Z</time><extensions><gpxtpx:TrackPointExtension><gpxtpx:cad>0</gpxtpx:cad></gpxtpx:TrackPointExtension></extensions></trkpt><trkpt lat="15.5645686481" lon="73.7348953541"><ele>1.10</ele><time>2025-04-24T02:53:41Z</time><extensions><gpxtpx:TrackPointExtension><gpxtpx:cad>0</gpxtpx:cad></gpxtpx:TrackPointExtension></extensions></trkpt><trkpt lat="15.5646265671" lon="73.7347249500"><ele>1.58</ele><time>2025-04-24T02:53:46Z</time><extensions><gpxtpx:TrackPointExtension><gpxtpx:cad>0</gpxtpx:cad></gpxtpx:TrackPointExtension></extensions></trkpt><trkpt lat="15.5646874197" lon="73.7345681246"><ele>1.58</ele><time>2025-04-24T02:53:51Z</time><extensions><gpxtpx:TrackPointExtension><gpxtpx:cad>0</gpxtpx:cad></gpxtpx:TrackPointExtension></extensions></trkpt><trkpt lat="15.5647430755" lon="73.7343984749"><ele>1.58</ele><time>2025-04-24T02:53:56Z</time><extensions><gpxtpx:TrackPointExtension><gpxtpx:cad>0</gpxtpx:cad></gpxtpx:TrackPointExtension></extensions></trkpt><trkpt lat="15.5648129806" lon="73.7342326809"><ele>2.06</ele><time>2025-04-24T02:54:01Z</time><extensions><gpxtpx:TrackPointExtension><gpxtpx:cad>0</gpxtpx:cad></gpxtpx:TrackPointExtension></extensions></trkpt><trkpt lat="15.5648788624" lon="73.7340668868"><ele>2.06</ele><time>2025-04-24T02:54:06Z</time><extensions><gpxtpx:TrackPointExtension><gpxtpx:cad>0</gpxtpx:cad></gpxtpx:TrackPointExtension></extensions></trkpt><trkpt lat="15.5649186764" lon="73.7338858377"><ele>1.58</ele><time>2025-04-24T02:54:11Z</time><extensions><gpxtpx:TrackPointExtension><gpxtpx:cad>0</gpxtpx:cad></gpxtpx:TrackPointExtension></extensions></trkpt><trkpt lat="15.5649637710" lon="73.7337182835"><ele>2.06</ele><time>2025-04-24T02:54:16Z</time><extensions><gpxtpx:TrackPointExtension><gpxtpx:cad>0</gpxtpx:cad></gpxtpx:TrackPointExtension></extensions></trkpt><trkpt lat="15.5650066864" lon="73.7335415091"><ele>2.06</ele><time>2025-04-24T02:54:21Z</time><extensions><gpxtpx:TrackPointExtension><gpxtpx:cad>0</gpxtpx:cad></gpxtpx:TrackPointExtension></extensions></trkpt><trkpt lat="15.5650723167" lon="73.7333763856"><ele>2.06</ele><time>2025-04-24T02:54:26Z</time><extensions><gpxtpx:TrackPointExtension><gpxtpx:cad>0</gpxtpx:cad></gpxtpx:TrackPointExtension></extensions></trkpt><trkpt lat="15.5651485082" lon="73.7332144473"><ele>1.58</ele><time>2025-04-24T02:54:31Z</time><extensions><gpxtpx:TrackPointExtension><gpxtpx:cad>0</gpxtpx:cad></gpxtpx:TrackPointExtension></extensions></trkpt><trkpt lat="15.5652279686" lon="73.7330596335"><ele>1.58</ele><time>2025-04-24T02:54:36Z</time><extensions><gpxtpx:TrackPointExtension><gpxtpx:cad>0</gpxtpx:cad></gpxtpx:TrackPointExtension></extensions></trkpt><trkpt lat="15.5653009750" lon="73.7329007965"><ele>1.58</ele><time>2025-04-24T02:54:41Z</time><extensions><gpxtpx:TrackPointExtension><gpxtpx:cad>0</gpxtpx:cad></gpxtpx:TrackPointExtension></extensions></trkpt><trkpt lat="15.5653749872" lon="73.7327419594"><ele>1.58</ele><time>2025-04-24T02:54:46Z</time><extensions><gpxtpx:TrackPointExtension><gpxtpx:cad>0</gpxtpx:cad></gpxtpx:TrackPointExtension></extensions></trkpt><trkpt lat="15.5654561240" lon="73.7325787637"><ele>0.62</ele><time>2025-04-24T02:54:51Z</time><extensions><gpxtpx:TrackPointExtension><gpxtpx:cad>0</gpxtpx:cad></gpxtpx:TrackPointExtension></extensions></trkpt><trkpt lat="15.5655452237" lon="73.7324286439"><ele>0.62</ele><time>2025-04-24T02:54:56Z</time><extensions><gpxtpx:TrackPointExtension><gpxtpx:cad>0</gpxtpx:cad></gpxtpx:TrackPointExtension></extensions></trkpt><trkpt lat="15.5656437110" lon="73.7322819605"><ele>0.14</ele><time>2025-04-24T02:55:01Z</time><extensions><gpxtpx:TrackPointExtension><gpxtpx:cad>0</gpxtpx:cad></gpxtpx:TrackPointExtension></extensions></trkpt><trkpt lat="15.5657375883" lon="73.7321273144"><ele>0.14</ele><time>2025-04-24T02:55:06Z</time><extensions><gpxtpx:TrackPointExtension><gpxtpx:cad>0</gpxtpx:cad></gpxtpx:TrackPointExtension></extensions></trkpt><trkpt lat="15.5658391770" lon="73.7319807988"><ele>0.62</ele><time>2025-04-24T02:55:11Z</time><extensions><gpxtpx:TrackPointExtension><gpxtpx:cad>0</gpxtpx:cad></gpxtpx:TrackPointExtension></extensions></trkpt><trkpt lat="15.5659407657" lon="73.7318344507"><ele>0.62</ele><time>2025-04-24T02:55:16Z</time><extensions><gpxtpx:TrackPointExtension><gpxtpx:cad>0</gpxtpx:cad></gpxtpx:TrackPointExtension></extensions></trkpt><trkpt lat="15.5660240818" lon="73.7316768710"><ele>0.62</ele><time>2025-04-24T02:55:21Z</time><extensions><gpxtpx:TrackPointExtension><gpxtpx:cad>0</gpxtpx:cad></gpxtpx:TrackPointExtension></extensions></trkpt><trkpt lat="15.5661173724" lon="73.7315280922"><ele>1.10</ele><time>2025-04-24T02:55:26Z</time><extensions><gpxtpx:TrackPointExtension><gpxtpx:cad>0</gpxtpx:cad></gpxtpx:TrackPointExtension></extensions></trkpt><trkpt lat="15.5662078131" lon="73.7313767150"><ele>1.10</ele><time>2025-04-24T02:55:31Z</time><extensions><gpxtpx:TrackPointExtension><gpxtpx:cad>0</gpxtpx:cad></gpxtpx:TrackPointExtension></extensions></trkpt><trkpt lat="15.5663082283" lon="73.7312248349"><ele>0.62</ele><time>2025-04-24T02:55:36Z</time><extensions><gpxtpx:TrackPointExtension><gpxtpx:cad>0</gpxtpx:cad></gpxtpx:TrackPointExtension></extensions></trkpt><trkpt lat="15.5664150137" lon="73.7310867012"><ele>1.58</ele><time>2025-04-24T02:55:41Z</time><extensions><gpxtpx:TrackPointExtension><gpxtpx:cad>0</gpxtpx:cad></gpxtpx:TrackPointExtension></extensions></trkpt><trkpt lat="15.5665067956" lon="73.7309279479"><ele>1.58</ele><time>2025-04-24T02:55:46Z</time><extensions><gpxtpx:TrackPointExtension><gpxtpx:cad>0</gpxtpx:cad></gpxtpx:TrackPointExtension></extensions></trkpt><trkpt lat="15.5665973201" lon="73.7307791691"><ele>1.58</ele><time>2025-04-24T02:55:51Z</time><extensions><gpxtpx:TrackPointExtension><gpxtpx:cad>0</gpxtpx:cad></gpxtpx:TrackPointExtension></extensions></trkpt><trkpt lat="15.5666865874" lon="73.7306376826"><ele>1.58</ele><time>2025-04-24T02:55:56Z</time><extensions><gpxtpx:TrackPointExtension><gpxtpx:cad>0</gpxtpx:cad></gpxtpx:TrackPointExtension></extensions></trkpt><trkpt lat="15.5667619407" lon="73.7304741517"><ele>1.58</ele><time>2025-04-24T02:56:01Z</time><extensions><gpxtpx:TrackPointExtension><gpxtpx:cad>0</gpxtpx:cad></gpxtpx:TrackPointExtension></extensions></trkpt><trkpt lat="15.5668415688" lon="73.7303181645"><ele>1.58</ele><time>2025-04-24T02:56:06Z</time><extensions><gpxtpx:TrackPointExtension><gpxtpx:cad>0</gpxtpx:cad></gpxtpx:TrackPointExtension></extensions></trkpt><trkpt lat="15.5669175088" lon="73.7301558908"><ele>1.10</ele><time>2025-04-24T02:56:11Z</time><extensions><gpxtpx:TrackPointExtension><gpxtpx:cad>0</gpxtpx:cad></gpxtpx:TrackPointExtension></extensions></trkpt><trkpt lat="15.5670048483" lon="73.7299994845"><ele>1.10</ele><time>2025-04-24T02:56:16Z</time><extensions><gpxtpx:TrackPointExtension><gpxtpx:cad>0</gpxtpx:cad></gpxtpx:TrackPointExtension></extensions></trkpt><trkpt lat="15.5670931097" lon="73.7298409827"><ele>0.14</ele><time>2025-04-24T02:56:21Z</time><extensions><gpxtpx:TrackPointExtension><gpxtpx:cad>0</gpxtpx:cad></gpxtpx:TrackPointExtension></extensions></trkpt><trkpt lat="15.5671794433" lon="73.7296882644"><ele>0.14</ele><time>2025-04-24T02:56:26Z</time><extensions><gpxtpx:TrackPointExtension><gpxtpx:cad>0</gpxtpx:cad></gpxtpx:TrackPointExtension></extensions></trkpt><trkpt lat="15.5672695488" lon="73.7295295112"><ele>-0.34</ele><time>2025-04-24T02:56:31Z</time><extensions><gpxtpx:TrackPointExtension><gpxtpx:cad>0</gpxtpx:cad></gpxtpx:TrackPointExtension></extensions></trkpt><trkpt lat="15.5673642643" lon="73.7293630466"><ele>-0.82</ele><time>2025-04-24T02:56:36Z</time><extensions><gpxtpx:TrackPointExtension><gpxtpx:cad>0</gpxtpx:cad></gpxtpx:TrackPointExtension></extensions></trkpt><trkpt lat="15.5674642604" lon="73.7292178720"><ele>-0.82</ele><time>2025-04-24T02:56:41Z</time><extensions><gpxtpx:TrackPointExtension><gpxtpx:cad>0</gpxtpx:cad></gpxtpx:TrackPointExtension></extensions></trkpt><trkpt lat="15.5675680283" lon="73.7290777266"><ele>-1.79</ele><time>2025-04-24T02:56:46Z</time><extensions><gpxtpx:TrackPointExtension><gpxtpx:cad>0</gpxtpx:cad></gpxtpx:TrackPointExtension></extensions></trkpt><trkpt lat="15.5676801782" lon="73.7289324682"><ele>-2.27</ele><time>2025-04-24T02:56:51Z</time><extensions><gpxtpx:TrackPointExtension><gpxtpx:cad>0</gpxtpx:cad></gpxtpx:TrackPointExtension></extensions></trkpt><trkpt lat="15.5677928310" lon="73.7287998665"><ele>-2.75</ele><time>2025-04-24T02:56:56Z</time><extensions><gpxtpx:TrackPointExtension><gpxtpx:cad>0</gpxtpx:cad></gpxtpx:TrackPointExtension></extensions></trkpt><trkpt lat="15.5679012928" lon="73.7286505848"><ele>-1.79</ele><time>2025-04-24T02:57:01Z</time><extensions><gpxtpx:TrackPointExtension><gpxtpx:cad>0</gpxtpx:cad></gpxtpx:TrackPointExtension></extensions></trkpt><trkpt lat="15.5680170469" lon="73.7285085116"><ele>-1.30</ele><time>2025-04-24T02:57:06Z</time><extensions><gpxtpx:TrackPointExtension><gpxtpx:cad>0</gpxtpx:cad></gpxtpx:TrackPointExtension></extensions></trkpt><trkpt lat="15.5681248382" lon="73.7283740658"><ele>-0.82</ele><time>2025-04-24T02:57:11Z</time><extensions><gpxtpx:TrackPointExtension><gpxtpx:cad>0</gpxtpx:cad></gpxtpx:TrackPointExtension></extensions></trkpt><trkpt lat="15.5682171229" lon="73.7282274663"><ele>-0.34</ele><time>2025-04-24T02:57:16Z</time><extensions><gpxtpx:TrackPointExtension><gpxtpx:cad>0</gpxtpx:cad></gpxtpx:TrackPointExtension></extensions></trkpt><trkpt lat="15.5683172029" lon="73.7280877400"><ele>0.62</ele><time>2025-04-24T02:57:21Z</time><extensions><gpxtpx:TrackPointExtension><gpxtpx:cad>0</gpxtpx:cad></gpxtpx:TrackPointExtension></extensions></trkpt><trkpt lat="15.5684171151" lon="73.7279377878"><ele>1.10</ele><time>2025-04-24T02:57:26Z</time><extensions><gpxtpx:TrackPointExtension><gpxtpx:cad>0</gpxtpx:cad></gpxtpx:TrackPointExtension></extensions></trkpt><trkpt lat="15.5685247388" lon="73.7277752627"><ele>1.10</ele><time>2025-04-24T02:57:31Z</time><extensions><gpxtpx:TrackPointExtension><gpxtpx:cad>0</gpxtpx:cad></gpxtpx:TrackPointExtension></extensions></trkpt><trkpt lat="15.5686430074" lon="73.7276428286"><ele>1.58</ele><time>2025-04-24T02:57:36Z</time><extensions><gpxtpx:TrackPointExtension><gpxtpx:cad>0</gpxtpx:cad></gpxtpx:TrackPointExtension></extensions></trkpt><trkpt lat="15.5687468592" lon="73.7275023479"><ele>1.10</ele><time>2025-04-24T02:57:41Z</time><extensions><gpxtpx:TrackPointExtension><gpxtpx:cad>0</gpxtpx:cad></gpxtpx:TrackPointExtension></extensions></trkpt><trkpt lat="15.5688483641" lon="73.7273642141"><ele>0.62</ele><time>2025-04-24T02:57:46Z</time><extensions><gpxtpx:TrackPointExtension><gpxtpx:cad>0</gpxtpx:cad></gpxtpx:TrackPointExtension></extensions></trkpt><trkpt lat="15.5689921137" lon="73.7272889446"><ele>0.62</ele><time>2025-04-24T02:57:51Z</time><extensions><gpxtpx:TrackPointExtension><gpxtpx:cad>0</gpxtpx:cad></gpxtpx:TrackPointExtension></extensions></trkpt><trkpt lat="15.5691661220" lon="73.7272964045"><ele>1.10</ele><time>2025-04-24T02:57:56Z</time><extensions><gpxtpx:TrackPointExtension><gpxtpx:cad>0</gpxtpx:cad></gpxtpx:TrackPointExtension></extensions></trkpt><trkpt lat="15.5693208519" lon="73.7273440976"><ele>0.62</ele><time>2025-04-24T02:58:01Z</time><extensions><gpxtpx:TrackPointExtension><gpxtpx:cad>0</gpxtpx:cad></gpxtpx:TrackPointExtension></extensions></trkpt><trkpt lat="15.5694818683" lon="73.7273508869"><ele>0.62</ele><time>2025-04-24T02:58:06Z</time><extensions><gpxtpx:TrackPointExtension><gpxtpx:cad>0</gpxtpx:cad></gpxtpx:TrackPointExtension></extensions></trkpt><trkpt lat="15.5696630012" lon="73.7273401581"><ele>1.58</ele><time>2025-04-24T02:58:11Z</time><extensions><gpxtpx:TrackPointExtension><gpxtpx:cad>0</gpxtpx:cad></gpxtpx:TrackPointExtension></extensions></trkpt><trkpt lat="15.5698484089" lon="73.7273721769"><ele>1.58</ele><time>2025-04-24T02:58:16Z</time><extensions><gpxtpx:TrackPointExtension><gpxtpx:cad>0</gpxtpx:cad></gpxtpx:TrackPointExtension></extensions></trkpt><trkpt lat="15.5700018816" lon="73.7274363823"><ele>1.10</ele><time>2025-04-24T02:58:21Z</time><extensions><gpxtpx:TrackPointExtension><gpxtpx:cad>0</gpxtpx:cad></gpxtpx:TrackPointExtension></extensions></trkpt><trkpt lat="15.5701532587" lon="73.7275032699"><ele>0.14</ele><time>2025-04-24T02:58:26Z</time><extensions><gpxtpx:TrackPointExtension><gpxtpx:cad>0</gpxtpx:cad></gpxtpx:TrackPointExtension></extensions></trkpt><trkpt lat="15.5703412648" lon="73.7275779527"><ele>1.10</ele><time>2025-04-24T02:58:31Z</time><extensions><gpxtpx:TrackPointExtension><gpxtpx:cad>0</gpxtpx:cad></gpxtpx:TrackPointExtension></extensions></trkpt><trkpt lat="15.5705257505" lon="73.7276175991"><ele>1.10</ele><time>2025-04-24T02:58:36Z</time><extensions><gpxtpx:TrackPointExtension><gpxtpx:cad>0</gpxtpx:cad></gpxtpx:TrackPointExtension></extensions></trkpt><trkpt lat="15.5706897844" lon="73.7276372965"><ele>1.10</ele><time>2025-04-24T02:58:41Z</time><extensions><gpxtpx:TrackPointExtension><gpxtpx:cad>0</gpxtpx:cad></gpxtpx:TrackPointExtension></extensions></trkpt><trkpt lat="15.5708573386" lon="73.7276864145"><ele>1.10</ele><time>2025-04-24T02:58:46Z</time><extensions><gpxtpx:TrackPointExtension><gpxtpx:cad>0</gpxtpx:cad></gpxtpx:TrackPointExtension></extensions></trkpt><trkpt lat="15.5710249767" lon="73.7277691439"><ele>1.10</ele><time>2025-04-24T02:58:51Z</time><extensions><gpxtpx:TrackPointExtension><gpxtpx:cad>0</gpxtpx:cad></gpxtpx:TrackPointExtension></extensions></trkpt><trkpt lat="15.5712043494" lon="73.7278364506"><ele>0.62</ele><time>2025-04-24T02:58:56Z</time><extensions><gpxtpx:TrackPointExtension><gpxtpx:cad>0</gpxtpx:cad></gpxtpx:TrackPointExtension></extensions></trkpt><trkpt lat="15.5713651143" lon="73.7278841436"><ele>0.14</ele><time>2025-04-24T02:59:01Z</time><extensions><gpxtpx:TrackPointExtension><gpxtpx:cad>0</gpxtpx:cad></gpxtpx:TrackPointExtension></extensions></trkpt><trkpt lat="15.5715381168" lon="73.7279159948"><ele>0.14</ele><time>2025-04-24T02:59:06Z</time><extensions><gpxtpx:TrackPointExtension><gpxtpx:cad>0</gpxtpx:cad></gpxtpx:TrackPointExtension></extensions></trkpt><trkpt lat="15.5717153940" lon="73.7279517017"><ele>0.62</ele><time>2025-04-24T02:59:11Z</time><extensions><gpxtpx:TrackPointExtension><gpxtpx:cad>0</gpxtpx:cad></gpxtpx:TrackPointExtension></extensions></trkpt><trkpt lat="15.5718952697" lon="73.7279756740"><ele>0.62</ele><time>2025-04-24T02:59:16Z</time><extensions><gpxtpx:TrackPointExtension><gpxtpx:cad>0</gpxtpx:cad></gpxtpx:TrackPointExtension></extensions></trkpt><trkpt lat="15.5720624048" lon="73.7279879116"><ele>1.10</ele><time>2025-04-24T02:59:21Z</time><extensions><gpxtpx:TrackPointExtension><gpxtpx:cad>0</gpxtpx:cad></gpxtpx:TrackPointExtension></extensions></trkpt><trkpt lat="15.5722395144" lon="73.7279871572"><ele>1.10</ele><time>2025-04-24T02:59:26Z</time><extensions><gpxtpx:TrackPointExtension><gpxtpx:cad>0</gpxtpx:cad></gpxtpx:TrackPointExtension></extensions></trkpt><trkpt lat="15.5724164564" lon="73.7279768474"><ele>1.58</ele><time>2025-04-24T02:59:31Z</time><extensions><gpxtpx:TrackPointExtension><gpxtpx:cad>0</gpxtpx:cad></gpxtpx:TrackPointExtension></extensions></trkpt><trkpt lat="15.5725882854" lon="73.7279619277"><ele>1.58</ele><time>2025-04-24T02:59:36Z</time><extensions><gpxtpx:TrackPointExtension><gpxtpx:cad>0</gpxtpx:cad></gpxtpx:TrackPointExtension></extensions></trkpt><trkpt lat="15.5727641378" lon="73.7279360276"><ele>2.06</ele><time>2025-04-24T02:59:41Z</time><extensions><gpxtpx:TrackPointExtension><gpxtpx:cad>0</gpxtpx:cad></gpxtpx:TrackPointExtension></extensions></trkpt><trkpt lat="15.5729361344" lon="73.7279335130"><ele>2.06</ele><time>2025-04-24T02:59:46Z</time><extensions><gpxtpx:TrackPointExtension><gpxtpx:cad>0</gpxtpx:cad></gpxtpx:TrackPointExtension></extensions></trkpt><trkpt lat="15.5731067900" lon="73.7279590778"><ele>2.54</ele><time>2025-04-24T02:59:51Z</time><extensions><gpxtpx:TrackPointExtension><gpxtpx:cad>0</gpxtpx:cad></gpxtpx:TrackPointExtension></extensions></trkpt><trkpt lat="15.5732731707" lon="73.7279665377"><ele>2.06</ele><time>2025-04-24T02:59:56Z</time><extensions><gpxtpx:TrackPointExtension><gpxtpx:cad>0</gpxtpx:cad></gpxtpx:TrackPointExtension></extensions></trkpt><trkpt lat="15.5734653678" lon="73.7279535457"><ele>2.06</ele><time>2025-04-24T03:00:01Z</time><extensions><gpxtpx:TrackPointExtension><gpxtpx:cad>0</gpxtpx:cad></gpxtpx:TrackPointExtension></extensions></trkpt><trkpt lat="15.5736381188" lon="73.7279654481"><ele>1.58</ele><time>2025-04-24T03:00:06Z</time><extensions><gpxtpx:TrackPointExtension><gpxtpx:cad>0</gpxtpx:cad></gpxtpx:TrackPointExtension></extensions></trkpt><trkpt lat="15.5738059245" lon="73.7279879116"><ele>1.10</ele><time>2025-04-24T03:00:11Z</time><extensions><gpxtpx:TrackPointExtension><gpxtpx:cad>0</gpxtpx:cad></gpxtpx:TrackPointExtension></extensions></trkpt><trkpt lat="15.5739899073" lon="73.7280154880"><ele>1.10</ele><time>2025-04-24T03:00:16Z</time><extensions><gpxtpx:TrackPointExtension><gpxtpx:cad>0</gpxtpx:cad></gpxtpx:TrackPointExtension></extensions></trkpt><trkpt lat="15.5741530191" lon="73.7280275580"><ele>1.10</ele><time>2025-04-24T03:00:21Z</time><extensions><gpxtpx:TrackPointExtension><gpxtpx:cad>0</gpxtpx:cad></gpxtpx:TrackPointExtension></extensions></trkpt><trkpt lat="15.5743179750" lon="73.7280469202"><ele>0.62</ele><time>2025-04-24T03:00:26Z</time><extensions><gpxtpx:TrackPointExtension><gpxtpx:cad>0</gpxtpx:cad></gpxtpx:TrackPointExtension></extensions></trkpt><trkpt lat="15.5744900554" lon="73.7280713115"><ele>0.62</ele><time>2025-04-24T03:00:31Z</time><extensions><gpxtpx:TrackPointExtension><gpxtpx:cad>0</gpxtpx:cad></gpxtpx:TrackPointExtension></extensions></trkpt><trkpt lat="15.5746621359" lon="73.7280792743"><ele>1.10</ele><time>2025-04-24T03:00:36Z</time><extensions><gpxtpx:TrackPointExtension><gpxtpx:cad>0</gpxtpx:cad></gpxtpx:TrackPointExtension></extensions></trkpt><trkpt lat="15.5748382397" lon="73.7280852254"><ele>0.62</ele><time>2025-04-24T03:00:41Z</time><extensions><gpxtpx:TrackPointExtension><gpxtpx:cad>0</gpxtpx:cad></gpxtpx:TrackPointExtension></extensions></trkpt><trkpt lat="15.5750156846" lon="73.7281273864"><ele>0.62</ele><time>2025-04-24T03:00:46Z</time><extensions><gpxtpx:TrackPointExtension><gpxtpx:cad>0</gpxtpx:cad></gpxtpx:TrackPointExtension></extensions></trkpt><trkpt lat="15.5751875974" lon="73.7281722296"><ele>0.62</ele><time>2025-04-24T03:00:51Z</time><extensions><gpxtpx:TrackPointExtension><gpxtpx:cad>0</gpxtpx:cad></gpxtpx:TrackPointExtension></extensions></trkpt><trkpt lat="15.5753536429" lon="73.7282256223"><ele>0.14</ele><time>2025-04-24T03:00:56Z</time><extensions><gpxtpx:TrackPointExtension><gpxtpx:cad>0</gpxtpx:cad></gpxtpx:TrackPointExtension></extensions></trkpt><trkpt lat="15.5755149107" lon="73.7282996345"><ele>0.62</ele><time>2025-04-24T03:01:01Z</time><extensions><gpxtpx:TrackPointExtension><gpxtpx:cad>0</gpxtpx:cad></gpxtpx:TrackPointExtension></extensions></trkpt><trkpt lat="15.5756859854" lon="73.7283522729"><ele>0.62</ele><time>2025-04-24T03:01:06Z</time><extensions><gpxtpx:TrackPointExtension><gpxtpx:cad>0</gpxtpx:cad></gpxtpx:TrackPointExtension></extensions></trkpt><trkpt lat="15.5758482590" lon="73.7284025643"><ele>0.62</ele><time>2025-04-24T03:01:11Z</time><extensions><gpxtpx:TrackPointExtension><gpxtpx:cad>0</gpxtpx:cad></gpxtpx:TrackPointExtension></extensions></trkpt><trkpt lat="15.5760051683" lon="73.7284682784"><ele>0.62</ele><time>2025-04-24T03:01:16Z</time><extensions><gpxtpx:TrackPointExtension><gpxtpx:cad>0</gpxtpx:cad></gpxtpx:TrackPointExtension></extensions></trkpt><trkpt lat="15.5761635024" lon="73.7285285443"><ele>0.62</ele><time>2025-04-24T03:01:21Z</time><extensions><gpxtpx:TrackPointExtension><gpxtpx:cad>0</gpxtpx:cad></gpxtpx:TrackPointExtension></extensions></trkpt><trkpt lat="15.5763374269" lon="73.7285983656"><ele>1.10</ele><time>2025-04-24T03:01:26Z</time><extensions><gpxtpx:TrackPointExtension><gpxtpx:cad>0</gpxtpx:cad></gpxtpx:TrackPointExtension></extensions></trkpt><trkpt lat="15.5765134469" lon="73.7286845315"><ele>1.58</ele><time>2025-04-24T03:01:31Z</time><extensions><gpxtpx:TrackPointExtension><gpxtpx:cad>0</gpxtpx:cad></gpxtpx:TrackPointExtension></extensions></trkpt><trkpt lat="15.5766585376" lon="73.7287515868"><ele>1.58</ele><time>2025-04-24T03:01:36Z</time><extensions><gpxtpx:TrackPointExtension><gpxtpx:cad>0</gpxtpx:cad></gpxtpx:TrackPointExtension></extensions></trkpt><trkpt lat="15.5768161174" lon="73.7288105953"><ele>1.58</ele><time>2025-04-24T03:01:41Z</time><extensions><gpxtpx:TrackPointExtension><gpxtpx:cad>0</gpxtpx:cad></gpxtpx:TrackPointExtension></extensions></trkpt><trkpt lat="15.5769904610" lon="73.7288623955"><ele>2.06</ele><time>2025-04-24T03:01:46Z</time><extensions><gpxtpx:TrackPointExtension><gpxtpx:cad>0</gpxtpx:cad></gpxtpx:TrackPointExtension></extensions></trkpt><trkpt lat="15.5771627091" lon="73.7289051432"><ele>1.58</ele><time>2025-04-24T03:01:51Z</time><extensions><gpxtpx:TrackPointExtension><gpxtpx:cad>0</gpxtpx:cad></gpxtpx:TrackPointExtension></extensions></trkpt><trkpt lat="15.5773303472" lon="73.7289574463"><ele>1.10</ele><time>2025-04-24T03:01:56Z</time><extensions><gpxtpx:TrackPointExtension><gpxtpx:cad>0</gpxtpx:cad></gpxtpx:TrackPointExtension></extensions></trkpt><trkpt lat="15.5774814729" lon="73.7290261779"><ele>1.10</ele><time>2025-04-24T03:02:01Z</time><extensions><gpxtpx:TrackPointExtension><gpxtpx:cad>0</gpxtpx:cad></gpxtpx:TrackPointExtension></extensions></trkpt><trkpt lat="15.5776355322" lon="73.7291106675"><ele>1.58</ele><time>2025-04-24T03:02:06Z</time><extensions><gpxtpx:TrackPointExtension><gpxtpx:cad>0</gpxtpx:cad></gpxtpx:TrackPointExtension></extensions></trkpt><trkpt lat="15.5778064393" lon="73.7291736156"><ele>1.58</ele><time>2025-04-24T03:02:11Z</time><extensions><gpxtpx:TrackPointExtension><gpxtpx:cad>0</gpxtpx:cad></gpxtpx:TrackPointExtension></extensions></trkpt><trkpt lat="15.5779594090" lon="73.7292465381"><ele>1.10</ele><time>2025-04-24T03:02:16Z</time><extensions><gpxtpx:TrackPointExtension><gpxtpx:cad>0</gpxtpx:cad></gpxtpx:TrackPointExtension></extensions></trkpt><trkpt lat="15.5781459901" lon="73.7293056305"><ele>1.58</ele><time>2025-04-24T03:02:21Z</time><extensions><gpxtpx:TrackPointExtension><gpxtpx:cad>0</gpxtpx:cad></gpxtpx:TrackPointExtension></extensions></trkpt><trkpt lat="15.5783153884" lon="73.7293568440"><ele>1.58</ele><time>2025-04-24T03:02:26Z</time><extensions><gpxtpx:TrackPointExtension><gpxtpx:cad>0</gpxtpx:cad></gpxtpx:TrackPointExtension></extensions></trkpt><trkpt lat="15.5784878880" lon="73.7294370588"><ele>2.06</ele><time>2025-04-24T03:02:31Z</time><extensions><gpxtpx:TrackPointExtension><gpxtpx:cad>0</gpxtpx:cad></gpxtpx:TrackPointExtension></extensions></trkpt><trkpt lat="15.5786490720" lon="73.7294830754"><ele>1.58</ele><time>2025-04-24T03:02:36Z</time><extensions><gpxtpx:TrackPointExtension><gpxtpx:cad>0</gpxtpx:cad></gpxtpx:TrackPointExtension></extensions></trkpt><trkpt lat="15.5788229126" lon="73.7295230571"><ele>1.58</ele><time>2025-04-24T03:02:41Z</time><extensions><gpxtpx:TrackPointExtension><gpxtpx:cad>0</gpxtpx:cad></gpxtpx:TrackPointExtension></extensions></trkpt><trkpt lat="15.5789940711" lon="73.7295663916"><ele>1.58</ele><time>2025-04-24T03:02:46Z</time><extensions><gpxtpx:TrackPointExtension><gpxtpx:cad>0</gpxtpx:cad></gpxtpx:TrackPointExtension></extensions></trkpt><trkpt lat="15.5791482981" lon="73.7296071276"><ele>1.58</ele><time>2025-04-24T03:02:51Z</time><extensions><gpxtpx:TrackPointExtension><gpxtpx:cad>0</gpxtpx:cad></gpxtpx:TrackPointExtension></extensions></trkpt><trkpt lat="15.5793110747" lon="73.7296269927"><ele>1.58</ele><time>2025-04-24T03:02:56Z</time><extensions><gpxtpx:TrackPointExtension><gpxtpx:cad>0</gpxtpx:cad></gpxtpx:TrackPointExtension></extensions></trkpt><trkpt lat="15.5794902798" lon="73.7296336144"><ele>1.58</ele><time>2025-04-24T03:03:01Z</time><extensions><gpxtpx:TrackPointExtension><gpxtpx:cad>0</gpxtpx:cad></gpxtpx:TrackPointExtension></extensions></trkpt><trkpt lat="15.5796528049" lon="73.7296474446"><ele>1.10</ele><time>2025-04-24T03:03:06Z</time><extensions><gpxtpx:TrackPointExtension><gpxtpx:cad>0</gpxtpx:cad></gpxtpx:TrackPointExtension></extensions></trkpt><trkpt lat="15.5798277352" lon="73.7296718359"><ele>1.10</ele><time>2025-04-24T03:03:11Z</time><extensions><gpxtpx:TrackPointExtension><gpxtpx:cad>0</gpxtpx:cad></gpxtpx:TrackPointExtension></extensions></trkpt><trkpt lat="15.5800041743" lon="73.7297068723"><ele>0.62</ele><time>2025-04-24T03:03:16Z</time><extensions><gpxtpx:TrackPointExtension><gpxtpx:cad>0</gpxtpx:cad></gpxtpx:TrackPointExtension></extensions></trkpt><trkpt lat="15.5801832955" lon="73.7297299225"><ele>0.62</ele><time>2025-04-24T03:03:21Z</time><extensions><gpxtpx:TrackPointExtension><gpxtpx:cad>0</gpxtpx:cad></gpxtpx:TrackPointExtension></extensions></trkpt><trkpt lat="15.5803601537" lon="73.7297620252"><ele>1.10</ele><time>2025-04-24T03:03:26Z</time><extensions><gpxtpx:TrackPointExtension><gpxtpx:cad>0</gpxtpx:cad></gpxtpx:TrackPointExtension></extensions></trkpt><trkpt lat="15.5805293005" lon="73.7297980674"><ele>1.58</ele><time>2025-04-24T03:03:31Z</time><extensions><gpxtpx:TrackPointExtension><gpxtpx:cad>0</gpxtpx:cad></gpxtpx:TrackPointExtension></extensions></trkpt><trkpt lat="15.5806955136" lon="73.7298239674"><ele>1.58</ele><time>2025-04-24T03:03:36Z</time><extensions><gpxtpx:TrackPointExtension><gpxtpx:cad>0</gpxtpx:cad></gpxtpx:TrackPointExtension></extensions></trkpt><trkpt lat="15.5808679294" lon="73.7298557349"><ele>1.58</ele><time>2025-04-24T03:03:41Z</time><extensions><gpxtpx:TrackPointExtension><gpxtpx:cad>0</gpxtpx:cad></gpxtpx:TrackPointExtension></extensions></trkpt><trkpt lat="15.5810463801" lon="73.7298848201"><ele>2.06</ele><time>2025-04-24T03:03:46Z</time><extensions><gpxtpx:TrackPointExtension><gpxtpx:cad>0</gpxtpx:cad></gpxtpx:TrackPointExtension></extensions></trkpt><trkpt lat="15.5812249146" lon="73.7298916932"><ele>2.06</ele><time>2025-04-24T03:03:51Z</time><extensions><gpxtpx:TrackPointExtension><gpxtpx:cad>0</gpxtpx:cad></gpxtpx:TrackPointExtension></extensions></trkpt><trkpt lat="15.5813902896" lon="73.7298926152"><ele>2.06</ele><time>2025-04-24T03:03:56Z</time><extensions><gpxtpx:TrackPointExtension><gpxtpx:cad>0</gpxtpx:cad></gpxtpx:TrackPointExtension></extensions></trkpt><trkpt lat="15.5815678183" lon="73.7298992369"><ele>2.06</ele><time>2025-04-24T03:04:01Z</time><extensions><gpxtpx:TrackPointExtension><gpxtpx:cad>0</gpxtpx:cad></gpxtpx:TrackPointExtension></extensions></trkpt><trkpt lat="15.5817434192" lon="73.7299152464"><ele>2.54</ele><time>2025-04-24T03:04:06Z</time><extensions><gpxtpx:TrackPointExtension><gpxtpx:cad>0</gpxtpx:cad></gpxtpx:TrackPointExtension></extensions></trkpt><trkpt lat="15.5819248874" lon="73.7299294956"><ele>2.54</ele><time>2025-04-24T03:04:11Z</time><extensions><gpxtpx:TrackPointExtension><gpxtpx:cad>0</gpxtpx:cad></gpxtpx:TrackPointExtension></extensions></trkpt><trkpt lat="15.5821144860" lon="73.7299164198"><ele>2.54</ele><time>2025-04-24T03:04:16Z</time><extensions><gpxtpx:TrackPointExtension><gpxtpx:cad>0</gpxtpx:cad></gpxtpx:TrackPointExtension></extensions></trkpt><trkpt lat="15.5822898354" lon="73.7299077865"><ele>2.54</ele><time>2025-04-24T03:04:21Z</time><extensions><gpxtpx:TrackPointExtension><gpxtpx:cad>0</gpxtpx:cad></gpxtpx:TrackPointExtension></extensions></trkpt><trkpt lat="15.5824700464" lon="73.7299153302"><ele>3.02</ele><time>2025-04-24T03:04:26Z</time><extensions><gpxtpx:TrackPointExtension><gpxtpx:cad>0</gpxtpx:cad></gpxtpx:TrackPointExtension></extensions></trkpt><trkpt lat="15.5826425459" lon="73.7299123127"><ele>3.02</ele><time>2025-04-24T03:04:31Z</time><extensions><gpxtpx:TrackPointExtension><gpxtpx:cad>0</gpxtpx:cad></gpxtpx:TrackPointExtension></extensions></trkpt><trkpt lat="15.5828108545" lon="73.7299030088"><ele>3.02</ele><time>2025-04-24T03:04:36Z</time><extensions><gpxtpx:TrackPointExtension><gpxtpx:cad>0</gpxtpx:cad></gpxtpx:TrackPointExtension></extensions></trkpt><trkpt lat="15.5829875451" lon="73.7299051881"><ele>3.98</ele><time>2025-04-24T03:04:41Z</time><extensions><gpxtpx:TrackPointExtension><gpxtpx:cad>0</gpxtpx:cad></gpxtpx:TrackPointExtension></extensions></trkpt><trkpt lat="15.5831642356" lon="73.7298987340"><ele>3.98</ele><time>2025-04-24T03:04:46Z</time><extensions><gpxtpx:TrackPointExtension><gpxtpx:cad>0</gpxtpx:cad></gpxtpx:TrackPointExtension></extensions></trkpt><trkpt lat="15.5833358131" lon="73.7298704032"><ele>3.50</ele><time>2025-04-24T03:04:51Z</time><extensions><gpxtpx:TrackPointExtension><gpxtpx:cad>0</gpxtpx:cad></gpxtpx:TrackPointExtension></extensions></trkpt><trkpt lat="15.5835067201" lon="73.7298333552"><ele>3.50</ele><time>2025-04-24T03:04:56Z</time><extensions><gpxtpx:TrackPointExtension><gpxtpx:cad>0</gpxtpx:cad></gpxtpx:TrackPointExtension></extensions></trkpt><trkpt lat="15.5836789683" lon="73.7298030965"><ele>3.50</ele><time>2025-04-24T03:05:01Z</time><extensions><gpxtpx:TrackPointExtension><gpxtpx:cad>0</gpxtpx:cad></gpxtpx:TrackPointExtension></extensions></trkpt><trkpt lat="15.5838543177" lon="73.7297759391"><ele>3.50</ele><time>2025-04-24T03:05:06Z</time><extensions><gpxtpx:TrackPointExtension><gpxtpx:cad>0</gpxtpx:cad></gpxtpx:TrackPointExtension></extensions></trkpt><trkpt lat="15.5840328522" lon="73.7297551520"><ele>3.02</ele><time>2025-04-24T03:05:11Z</time><extensions><gpxtpx:TrackPointExtension><gpxtpx:cad>0</gpxtpx:cad></gpxtpx:TrackPointExtension></extensions></trkpt><trkpt lat="15.5842039268" lon="73.7297254801"><ele>3.02</ele><time>2025-04-24T03:05:16Z</time><extensions><gpxtpx:TrackPointExtension><gpxtpx:cad>0</gpxtpx:cad></gpxtpx:TrackPointExtension></extensions></trkpt><trkpt lat="15.5843665358" lon="73.7296906952"><ele>2.06</ele><time>2025-04-24T03:05:21Z</time><extensions><gpxtpx:TrackPointExtension><gpxtpx:cad>0</gpxtpx:cad></gpxtpx:TrackPointExtension></extensions></trkpt><trkpt lat="15.5845337547" lon="73.7296585087"><ele>2.06</ele><time>2025-04-24T03:05:26Z</time><extensions><gpxtpx:TrackPointExtension><gpxtpx:cad>0</gpxtpx:cad></gpxtpx:TrackPointExtension></extensions></trkpt><trkpt lat="15.5847196653" lon="73.7296450976"><ele>2.54</ele><time>2025-04-24T03:05:31Z</time><extensions><gpxtpx:TrackPointExtension><gpxtpx:cad>0</gpxtpx:cad></gpxtpx:TrackPointExtension></extensions></trkpt><trkpt lat="15.5848948471" lon="73.7296261545"><ele>2.54</ele><time>2025-04-24T03:05:36Z</time><extensions><gpxtpx:TrackPointExtension><gpxtpx:cad>0</gpxtpx:cad></gpxtpx:TrackPointExtension></extensions></trkpt><trkpt lat="15.5850717891" lon="73.7296109833"><ele>2.06</ele><time>2025-04-24T03:05:41Z</time><extensions><gpxtpx:TrackPointExtension><gpxtpx:cad>0</gpxtpx:cad></gpxtpx:TrackPointExtension></extensions></trkpt><trkpt lat="15.5852447078" lon="73.7296109833"><ele>2.06</ele><time>2025-04-24T03:05:46Z</time><extensions><gpxtpx:TrackPointExtension><gpxtpx:cad>0</gpxtpx:cad></gpxtpx:TrackPointExtension></extensions></trkpt><trkpt lat="15.5854250863" lon="73.7296029367"><ele>2.06</ele><time>2025-04-24T03:05:51Z</time><extensions><gpxtpx:TrackPointExtension><gpxtpx:cad>0</gpxtpx:cad></gpxtpx:TrackPointExtension></extensions></trkpt><trkpt lat="15.5856094882" lon="73.7296047807"><ele>2.06</ele><time>2025-04-24T03:05:56Z</time><extensions><gpxtpx:TrackPointExtension><gpxtpx:cad>0</gpxtpx:cad></gpxtpx:TrackPointExtension></extensions></trkpt><trkpt lat="15.5857862625" lon="73.7296030205"><ele>2.06</ele><time>2025-04-24T03:06:01Z</time><extensions><gpxtpx:TrackPointExtension><gpxtpx:cad>0</gpxtpx:cad></gpxtpx:TrackPointExtension></extensions></trkpt><trkpt lat="15.5859514698" lon="73.7295905314"><ele>1.58</ele><time>2025-04-24T03:06:06Z</time><extensions><gpxtpx:TrackPointExtension><gpxtpx:cad>0</gpxtpx:cad></gpxtpx:TrackPointExtension></extensions></trkpt><trkpt lat="15.5861227121" lon="73.7295906153"><ele>1.58</ele><time>2025-04-24T03:06:11Z</time><extensions><gpxtpx:TrackPointExtension><gpxtpx:cad>0</gpxtpx:cad></gpxtpx:TrackPointExtension></extensions></trkpt><trkpt lat="15.5862974748" lon="73.7295955606"><ele>1.58</ele><time>2025-04-24T03:06:16Z</time><extensions><gpxtpx:TrackPointExtension><gpxtpx:cad>0</gpxtpx:cad></gpxtpx:TrackPointExtension></extensions></trkpt><trkpt lat="15.5864731595" lon="73.7296061218"><ele>1.10</ele><time>2025-04-24T03:06:21Z</time><extensions><gpxtpx:TrackPointExtension><gpxtpx:cad>0</gpxtpx:cad></gpxtpx:TrackPointExtension></extensions></trkpt><trkpt lat="15.5866495147" lon="73.7296111509"><ele>1.10</ele><time>2025-04-24T03:06:26Z</time><extensions><gpxtpx:TrackPointExtension><gpxtpx:cad>0</gpxtpx:cad></gpxtpx:TrackPointExtension></extensions></trkpt><trkpt lat="15.5868248641" lon="73.7296104804"><ele>0.62</ele><time>2025-04-24T03:06:31Z</time><extensions><gpxtpx:TrackPointExtension><gpxtpx:cad>0</gpxtpx:cad></gpxtpx:TrackPointExtension></extensions></trkpt><trkpt lat="15.5870080087" lon="73.7296134979"><ele>1.10</ele><time>2025-04-24T03:06:36Z</time><extensions><gpxtpx:TrackPointExtension><gpxtpx:cad>0</gpxtpx:cad></gpxtpx:TrackPointExtension></extensions></trkpt><trkpt lat="15.5871835258" lon="73.7296167668"><ele>1.10</ele><time>2025-04-24T03:06:41Z</time><extensions><gpxtpx:TrackPointExtension><gpxtpx:cad>0</gpxtpx:cad></gpxtpx:TrackPointExtension></extensions></trkpt><trkpt lat="15.5873432010" lon="73.7296268251"><ele>0.62</ele><time>2025-04-24T03:06:46Z</time><extensions><gpxtpx:TrackPointExtension><gpxtpx:cad>0</gpxtpx:cad></gpxtpx:TrackPointExtension></extensions></trkpt><trkpt lat="15.5875245854" lon="73.7296395656"><ele>1.10</ele><time>2025-04-24T03:06:51Z</time><extensions><gpxtpx:TrackPointExtension><gpxtpx:cad>0</gpxtpx:cad></gpxtpx:TrackPointExtension></extensions></trkpt><trkpt lat="15.5877047963" lon="73.7296495400"><ele>1.10</ele><time>2025-04-24T03:06:56Z</time><extensions><gpxtpx:TrackPointExtension><gpxtpx:cad>0</gpxtpx:cad></gpxtpx:TrackPointExtension></extensions></trkpt><trkpt lat="15.5878745299" lon="73.7296506297"><ele>1.10</ele><time>2025-04-24T03:07:01Z</time><extensions><gpxtpx:TrackPointExtension><gpxtpx:cad>0</gpxtpx:cad></gpxtpx:TrackPointExtension></extensions></trkpt><trkpt lat="15.5880453531" lon="73.7296367995"><ele>1.10</ele><time>2025-04-24T03:07:06Z</time><extensions><gpxtpx:TrackPointExtension><gpxtpx:cad>0</gpxtpx:cad></gpxtpx:TrackPointExtension></extensions></trkpt><trkpt lat="15.5882149190" lon="73.7296351232"><ele>1.10</ele><time>2025-04-24T03:07:11Z</time><extensions><gpxtpx:TrackPointExtension><gpxtpx:cad>0</gpxtpx:cad></gpxtpx:TrackPointExtension></extensions></trkpt><trkpt lat="15.5883901007" lon="73.7296401523"><ele>1.10</ele><time>2025-04-24T03:07:16Z</time><extensions><gpxtpx:TrackPointExtension><gpxtpx:cad>0</gpxtpx:cad></gpxtpx:TrackPointExtension></extensions></trkpt><trkpt lat="15.5885636900" lon="73.7296351232"><ele>1.10</ele><time>2025-04-24T03:07:21Z</time><extensions><gpxtpx:TrackPointExtension><gpxtpx:cad>0</gpxtpx:cad></gpxtpx:TrackPointExtension></extensions></trkpt><trkpt lat="15.5887382012" lon="73.7296225503"><ele>1.10</ele><time>2025-04-24T03:07:26Z</time><extensions><gpxtpx:TrackPointExtension><gpxtpx:cad>0</gpxtpx:cad></gpxtpx:TrackPointExtension></extensions></trkpt><trkpt lat="15.5888964515" lon="73.7296147551"><ele>1.10</ele><time>2025-04-24T03:07:31Z</time><extensions><gpxtpx:TrackPointExtension><gpxtpx:cad>0</gpxtpx:cad></gpxtpx:TrackPointExtension></extensions></trkpt><trkpt lat="15.5890704598" lon="73.7296025176"><ele>1.10</ele><time>2025-04-24T03:07:36Z</time><extensions><gpxtpx:TrackPointExtension><gpxtpx:cad>0</gpxtpx:cad></gpxtpx:TrackPointExtension></extensions></trkpt><trkpt lat="15.5892569572" lon="73.7295960635"><ele>1.10</ele><time>2025-04-24T03:07:41Z</time><extensions><gpxtpx:TrackPointExtension><gpxtpx:cad>0</gpxtpx:cad></gpxtpx:TrackPointExtension></extensions></trkpt><trkpt lat="15.5894208234" lon="73.7296050321"><ele>1.10</ele><time>2025-04-24T03:07:46Z</time><extensions><gpxtpx:TrackPointExtension><gpxtpx:cad>0</gpxtpx:cad></gpxtpx:TrackPointExtension></extensions></trkpt><trkpt lat="15.5895851087" lon="73.7296253163"><ele>1.58</ele><time>2025-04-24T03:07:51Z</time><extensions><gpxtpx:TrackPointExtension><gpxtpx:cad>0</gpxtpx:cad></gpxtpx:TrackPointExtension></extensions></trkpt><trkpt lat="15.5897608772" lon="73.7296199519"><ele>1.58</ele><time>2025-04-24T03:07:56Z</time><extensions><gpxtpx:TrackPointExtension><gpxtpx:cad>0</gpxtpx:cad></gpxtpx:TrackPointExtension></extensions></trkpt><trkpt lat="15.5899306946" lon="73.7295762822"><ele>1.58</ele><time>2025-04-24T03:08:01Z</time><extensions><gpxtpx:TrackPointExtension><gpxtpx:cad>0</gpxtpx:cad></gpxtpx:TrackPointExtension></extensions></trkpt><trkpt lat="15.5901029427" lon="73.7295331992"><ele>2.06</ele><time>2025-04-24T03:08:06Z</time><extensions><gpxtpx:TrackPointExtension><gpxtpx:cad>0</gpxtpx:cad></gpxtpx:TrackPointExtension></extensions></trkpt><trkpt lat="15.5902656354" lon="73.7295091432"><ele>1.58</ele><time>2025-04-24T03:08:11Z</time><extensions><gpxtpx:TrackPointExtension><gpxtpx:cad>0</gpxtpx:cad></gpxtpx:TrackPointExtension></extensions></trkpt><trkpt lat="15.5904431641" lon="73.7294958159"><ele>1.58</ele><time>2025-04-24T03:08:16Z</time><extensions><gpxtpx:TrackPointExtension><gpxtpx:cad>0</gpxtpx:cad></gpxtpx:TrackPointExtension></extensions></trkpt><trkpt lat="15.5906225368" lon="73.7294894457"><ele>1.58</ele><time>2025-04-24T03:08:21Z</time><extensions><gpxtpx:TrackPointExtension><gpxtpx:cad>0</gpxtpx:cad></gpxtpx:TrackPointExtension></extensions></trkpt><trkpt lat="15.5907861516" lon="73.7294766214"><ele>1.10</ele><time>2025-04-24T03:08:26Z</time><extensions><gpxtpx:TrackPointExtension><gpxtpx:cad>0</gpxtpx:cad></gpxtpx:TrackPointExtension></extensions></trkpt><trkpt lat="15.5909632612" lon="73.7294513918"><ele>1.10</ele><time>2025-04-24T03:08:31Z</time><extensions><gpxtpx:TrackPointExtension><gpxtpx:cad>0</gpxtpx:cad></gpxtpx:TrackPointExtension></extensions></trkpt><trkpt lat="15.5911287200" lon="73.7294381484"><ele>1.10</ele><time>2025-04-24T03:08:36Z</time><extensions><gpxtpx:TrackPointExtension><gpxtpx:cad>0</gpxtpx:cad></gpxtpx:TrackPointExtension></extensions></trkpt><trkpt lat="15.5913050752" lon="73.7294368073"><ele>1.10</ele><time>2025-04-24T03:08:41Z</time><extensions><gpxtpx:TrackPointExtension><gpxtpx:cad>0</gpxtpx:cad></gpxtpx:TrackPointExtension></extensions></trkpt><trkpt lat="15.5914792512" lon="73.7294549961"><ele>1.10</ele><time>2025-04-24T03:08:46Z</time><extensions><gpxtpx:TrackPointExtension><gpxtpx:cad>0</gpxtpx:cad></gpxtpx:TrackPointExtension></extensions></trkpt><trkpt lat="15.5916499067" lon="73.7294818182"><ele>1.10</ele><time>2025-04-24T03:08:51Z</time><extensions><gpxtpx:TrackPointExtension><gpxtpx:cad>0</gpxtpx:cad></gpxtpx:TrackPointExtension></extensions></trkpt><trkpt lat="15.5918292794" lon="73.7294735201"><ele>0.62</ele><time>2025-04-24T03:08:56Z</time><extensions><gpxtpx:TrackPointExtension><gpxtpx:cad>0</gpxtpx:cad></gpxtpx:TrackPointExtension></extensions></trkpt><trkpt lat="15.5920007732" lon="73.7294433452"><ele>0.62</ele><time>2025-04-24T03:09:01Z</time><extensions><gpxtpx:TrackPointExtension><gpxtpx:cad>0</gpxtpx:cad></gpxtpx:TrackPointExtension></extensions></trkpt><trkpt lat="15.5921694171" lon="73.7294233963"><ele>0.62</ele><time>2025-04-24T03:09:06Z</time><extensions><gpxtpx:TrackPointExtension><gpxtpx:cad>0</gpxtpx:cad></gpxtpx:TrackPointExtension></extensions></trkpt><trkpt lat="15.5923507176" lon="73.7293994240"><ele>1.10</ele><time>2025-04-24T03:09:11Z</time><extensions><gpxtpx:TrackPointExtension><gpxtpx:cad>0</gpxtpx:cad></gpxtpx:TrackPointExtension></extensions></trkpt><trkpt lat="15.5925145000" lon="73.7293796428"><ele>0.62</ele><time>2025-04-24T03:09:16Z</time><extensions><gpxtpx:TrackPointExtension><gpxtpx:cad>0</gpxtpx:cad></gpxtpx:TrackPointExtension></extensions></trkpt><trkpt lat="15.5926803779" lon="73.7293632142"><ele>0.14</ele><time>2025-04-24T03:09:21Z</time><extensions><gpxtpx:TrackPointExtension><gpxtpx:cad>0</gpxtpx:cad></gpxtpx:TrackPointExtension></extensions></trkpt><trkpt lat="15.5928584095" lon="73.7293512281"><ele>0.62</ele><time>2025-04-24T03:09:26Z</time><extensions><gpxtpx:TrackPointExtension><gpxtpx:cad>0</gpxtpx:cad></gpxtpx:TrackPointExtension></extensions></trkpt><trkpt lat="15.5930377822" lon="73.7293384876"><ele>1.10</ele><time>2025-04-24T03:09:31Z</time><extensions><gpxtpx:TrackPointExtension><gpxtpx:cad>0</gpxtpx:cad></gpxtpx:TrackPointExtension></extensions></trkpt><trkpt lat="15.5932222679" lon="73.7293075584"><ele>0.62</ele><time>2025-04-24T03:09:36Z</time><extensions><gpxtpx:TrackPointExtension><gpxtpx:cad>0</gpxtpx:cad></gpxtpx:TrackPointExtension></extensions></trkpt><trkpt lat="15.5933800153" lon="73.7292775512"><ele>0.62</ele><time>2025-04-24T03:09:41Z</time><extensions><gpxtpx:TrackPointExtension><gpxtpx:cad>0</gpxtpx:cad></gpxtpx:TrackPointExtension></extensions></trkpt><trkpt lat="15.5935510062" lon="73.7292491365"><ele>0.62</ele><time>2025-04-24T03:09:46Z</time><extensions><gpxtpx:TrackPointExtension><gpxtpx:cad>0</gpxtpx:cad></gpxtpx:TrackPointExtension></extensions></trkpt><trkpt lat="15.5937287025" lon="73.7292199675"><ele>1.10</ele><time>2025-04-24T03:09:51Z</time><extensions><gpxtpx:TrackPointExtension><gpxtpx:cad>0</gpxtpx:cad></gpxtpx:TrackPointExtension></extensions></trkpt><trkpt lat="15.5939043034" lon="73.7292004377"><ele>1.10</ele><time>2025-04-24T03:09:56Z</time><extensions><gpxtpx:TrackPointExtension><gpxtpx:cad>0</gpxtpx:cad></gpxtpx:TrackPointExtension></extensions></trkpt><trkpt lat="15.5940628052" lon="73.7291740347"><ele>1.10</ele><time>2025-04-24T03:10:01Z</time><extensions><gpxtpx:TrackPointExtension><gpxtpx:cad>0</gpxtpx:cad></gpxtpx:TrackPointExtension></extensions></trkpt><trkpt lat="15.5942322873" lon="73.7291302811"><ele>0.62</ele><time>2025-04-24T03:10:06Z</time><extensions><gpxtpx:TrackPointExtension><gpxtpx:cad>0</gpxtpx:cad></gpxtpx:TrackPointExtension></extensions></trkpt><trkpt lat="15.5943976622" lon="73.7290872820"><ele>1.10</ele><time>2025-04-24T03:10:11Z</time><extensions><gpxtpx:TrackPointExtension><gpxtpx:cad>0</gpxtpx:cad></gpxtpx:TrackPointExtension></extensions></trkpt><trkpt lat="15.5945642106" lon="73.7290412653"><ele>1.10</ele><time>2025-04-24T03:10:16Z</time><extensions><gpxtpx:TrackPointExtension><gpxtpx:cad>0</gpxtpx:cad></gpxtpx:TrackPointExtension></extensions></trkpt><trkpt lat="15.5947292503" lon="73.7289900519"><ele>0.62</ele><time>2025-04-24T03:10:21Z</time><extensions><gpxtpx:TrackPointExtension><gpxtpx:cad>0</gpxtpx:cad></gpxtpx:TrackPointExtension></extensions></trkpt><trkpt lat="15.5949064437" lon="73.7289513275"><ele>1.10</ele><time>2025-04-24T03:10:26Z</time><extensions><gpxtpx:TrackPointExtension><gpxtpx:cad>0</gpxtpx:cad></gpxtpx:TrackPointExtension></extensions></trkpt><trkpt lat="15.5950628500" lon="73.7288928218"><ele>0.62</ele><time>2025-04-24T03:10:31Z</time><extensions><gpxtpx:TrackPointExtension><gpxtpx:cad>0</gpxtpx:cad></gpxtpx:TrackPointExtension></extensions></trkpt><trkpt lat="15.5951853096" lon="73.7287722062"><ele>0.62</ele><time>2025-04-24T03:10:36Z</time><extensions><gpxtpx:TrackPointExtension><gpxtpx:cad>0</gpxtpx:cad></gpxtpx:TrackPointExtension></extensions></trkpt><trkpt lat="15.5952699669" lon="73.7286217511"><ele>0.62</ele><time>2025-04-24T03:10:41Z</time><extensions><gpxtpx:TrackPointExtension><gpxtpx:cad>0</gpxtpx:cad></gpxtpx:TrackPointExtension></extensions></trkpt><trkpt lat="15.5953376088" lon="73.7284646742"><ele>1.10</ele><time>2025-04-24T03:10:46Z</time><extensions><gpxtpx:TrackPointExtension><gpxtpx:cad>0</gpxtpx:cad></gpxtpx:TrackPointExtension></extensions></trkpt><trkpt lat="15.5953969527" lon="73.7282925937"><ele>0.62</ele><time>2025-04-24T03:10:51Z</time><extensions><gpxtpx:TrackPointExtension><gpxtpx:cad>0</gpxtpx:cad></gpxtpx:TrackPointExtension></extensions></trkpt><trkpt lat="15.5954645947" lon="73.7281354330"><ele>1.10</ele><time>2025-04-24T03:10:56Z</time><extensions><gpxtpx:TrackPointExtension><gpxtpx:cad>0</gpxtpx:cad></gpxtpx:TrackPointExtension></extensions></trkpt><trkpt lat="15.5955298059" lon="73.7279751711"><ele>0.62</ele><time>2025-04-24T03:11:01Z</time><extensions><gpxtpx:TrackPointExtension><gpxtpx:cad>0</gpxtpx:cad></gpxtpx:TrackPointExtension></extensions></trkpt><trkpt lat="15.5956023932" lon="73.7278096285"><ele>1.10</ele><time>2025-04-24T03:11:06Z</time><extensions><gpxtpx:TrackPointExtension><gpxtpx:cad>0</gpxtpx:cad></gpxtpx:TrackPointExtension></extensions></trkpt><trkpt lat="15.5956660956" lon="73.7276466843"><ele>1.10</ele><time>2025-04-24T03:11:11Z</time><extensions><gpxtpx:TrackPointExtension><gpxtpx:cad>0</gpxtpx:cad></gpxtpx:TrackPointExtension></extensions></trkpt><trkpt lat="15.5957091786" lon="73.7274693232"><ele>0.62</ele><time>2025-04-24T03:11:16Z</time><extensions><gpxtpx:TrackPointExtension><gpxtpx:cad>0</gpxtpx:cad></gpxtpx:TrackPointExtension></extensions></trkpt><trkpt lat="15.5957409460" lon="73.7272990029"><ele>1.10</ele><time>2025-04-24T03:11:21Z</time><extensions><gpxtpx:TrackPointExtension><gpxtpx:cad>0</gpxtpx:cad></gpxtpx:TrackPointExtension></extensions></trkpt><trkpt lat="15.5957556982" lon="73.7271140143"><ele>1.10</ele><time>2025-04-24T03:11:26Z</time><extensions><gpxtpx:TrackPointExtension><gpxtpx:cad>0</gpxtpx:cad></gpxtpx:TrackPointExtension></extensions></trkpt><trkpt lat="15.5957653373" lon="73.7269276846"><ele>1.10</ele><time>2025-04-24T03:11:31Z</time><extensions><gpxtpx:TrackPointExtension><gpxtpx:cad>0</gpxtpx:cad></gpxtpx:TrackPointExtension></extensions></trkpt><trkpt lat="15.5957771558" lon="73.7267621420"><ele>1.58</ele><time>2025-04-24T03:11:36Z</time><extensions><gpxtpx:TrackPointExtension><gpxtpx:cad>0</gpxtpx:cad></gpxtpx:TrackPointExtension></extensions></trkpt><trkpt lat="15.5957966857" lon="73.7265862897"><ele>2.06</ele><time>2025-04-24T03:11:41Z</time><extensions><gpxtpx:TrackPointExtension><gpxtpx:cad>0</gpxtpx:cad></gpxtpx:TrackPointExtension></extensions></trkpt><trkpt lat="15.5958685186" lon="73.7264354993"><ele>2.06</ele><time>2025-04-24T03:11:46Z</time><extensions><gpxtpx:TrackPointExtension><gpxtpx:cad>0</gpxtpx:cad></gpxtpx:TrackPointExtension></extensions></trkpt><trkpt lat="15.5959447939" lon="73.7262783386"><ele>1.58</ele><time>2025-04-24T03:11:51Z</time><extensions><gpxtpx:TrackPointExtension><gpxtpx:cad>0</gpxtpx:cad></gpxtpx:TrackPointExtension></extensions></trkpt><trkpt lat="15.5960448738" lon="73.7261322420"><ele>1.58</ele><time>2025-04-24T03:11:56Z</time><extensions><gpxtpx:TrackPointExtension><gpxtpx:cad>0</gpxtpx:cad></gpxtpx:TrackPointExtension></extensions></trkpt><trkpt lat="15.5961603764" lon="73.7260029931"><ele>1.58</ele><time>2025-04-24T03:12:01Z</time><extensions><gpxtpx:TrackPointExtension><gpxtpx:cad>0</gpxtpx:cad></gpxtpx:TrackPointExtension></extensions></trkpt><trkpt lat="15.5962601211" lon="73.7258604169"><ele>1.10</ele><time>2025-04-24T03:12:06Z</time><extensions><gpxtpx:TrackPointExtension><gpxtpx:cad>0</gpxtpx:cad></gpxtpx:TrackPointExtension></extensions></trkpt><trkpt lat="15.5963626318" lon="73.7257237919"><ele>1.10</ele><time>2025-04-24T03:12:11Z</time><extensions><gpxtpx:TrackPointExtension><gpxtpx:cad>0</gpxtpx:cad></gpxtpx:TrackPointExtension></extensions></trkpt><trkpt lat="15.5964658130" lon="73.7255712412"><ele>1.58</ele><time>2025-04-24T03:12:16Z</time><extensions><gpxtpx:TrackPointExtension><gpxtpx:cad>0</gpxtpx:cad></gpxtpx:TrackPointExtension></extensions></trkpt><trkpt lat="15.5965518951" lon="73.7254125718"><ele>1.58</ele><time>2025-04-24T03:12:21Z</time><extensions><gpxtpx:TrackPointExtension><gpxtpx:cad>0</gpxtpx:cad></gpxtpx:TrackPointExtension></extensions></trkpt><trkpt lat="15.5966435932" lon="73.7252644636"><ele>1.58</ele><time>2025-04-24T03:12:26Z</time><extensions><gpxtpx:TrackPointExtension><gpxtpx:cad>0</gpxtpx:cad></gpxtpx:TrackPointExtension></extensions></trkpt><trkpt lat="15.5967211258" lon="73.7250996754"><ele>1.58</ele><time>2025-04-24T03:12:31Z</time><extensions><gpxtpx:TrackPointExtension><gpxtpx:cad>0</gpxtpx:cad></gpxtpx:TrackPointExtension></extensions></trkpt><trkpt lat="15.5967931263" lon="73.7249433529"><ele>1.58</ele><time>2025-04-24T03:12:36Z</time><extensions><gpxtpx:TrackPointExtension><gpxtpx:cad>0</gpxtpx:cad></gpxtpx:TrackPointExtension></extensions></trkpt><trkpt lat="15.5968712457" lon="73.7247822527"><ele>1.58</ele><time>2025-04-24T03:12:41Z</time><extensions><gpxtpx:TrackPointExtension><gpxtpx:cad>0</gpxtpx:cad></gpxtpx:TrackPointExtension></extensions></trkpt><trkpt lat="15.5969533045" lon="73.7246223260"><ele>2.06</ele><time>2025-04-24T03:12:46Z</time><extensions><gpxtpx:TrackPointExtension><gpxtpx:cad>0</gpxtpx:cad></gpxtpx:TrackPointExtension></extensions></trkpt><trkpt lat="15.5970361177" lon="73.7244711164"><ele>2.06</ele><time>2025-04-24T03:12:51Z</time><extensions><gpxtpx:TrackPointExtension><gpxtpx:cad>0</gpxtpx:cad></gpxtpx:TrackPointExtension></extensions></trkpt><trkpt lat="15.5971175060" lon="73.7243079208"><ele>2.06</ele><time>2025-04-24T03:12:56Z</time><extensions><gpxtpx:TrackPointExtension><gpxtpx:cad>0</gpxtpx:cad></gpxtpx:TrackPointExtension></extensions></trkpt><trkpt lat="15.5972123053" lon="73.7241599802"><ele>2.54</ele><time>2025-04-24T03:13:01Z</time><extensions><gpxtpx:TrackPointExtension><gpxtpx:cad>0</gpxtpx:cad></gpxtpx:TrackPointExtension></extensions></trkpt><trkpt lat="15.5973174144" lon="73.7240160629"><ele>2.54</ele><time>2025-04-24T03:13:06Z</time><extensions><gpxtpx:TrackPointExtension><gpxtpx:cad>0</gpxtpx:cad></gpxtpx:TrackPointExtension></extensions></trkpt><trkpt lat="15.5974334199" lon="73.7238845509"><ele>3.02</ele><time>2025-04-24T03:13:11Z</time><extensions><gpxtpx:TrackPointExtension><gpxtpx:cad>0</gpxtpx:cad></gpxtpx:TrackPointExtension></extensions></trkpt><trkpt lat="15.5975619983" lon="73.7237681262"><ele>3.02</ele><time>2025-04-24T03:13:16Z</time><extensions><gpxtpx:TrackPointExtension><gpxtpx:cad>0</gpxtpx:cad></gpxtpx:TrackPointExtension></extensions></trkpt><trkpt lat="15.5976992100" lon="73.7236574013"><ele>3.02</ele><time>2025-04-24T03:13:21Z</time><extensions><gpxtpx:TrackPointExtension><gpxtpx:cad>0</gpxtpx:cad></gpxtpx:TrackPointExtension></extensions></trkpt><trkpt lat="15.5978329014" lon="73.7235420663"><ele>2.54</ele><time>2025-04-24T03:13:26Z</time><extensions><gpxtpx:TrackPointExtension><gpxtpx:cad>0</gpxtpx:cad></gpxtpx:TrackPointExtension></extensions></trkpt><trkpt lat="15.5979438778" lon="73.7234112248"><ele>2.06</ele><time>2025-04-24T03:13:31Z</time><extensions><gpxtpx:TrackPointExtension><gpxtpx:cad>0</gpxtpx:cad></gpxtpx:TrackPointExtension></extensions></trkpt><trkpt lat="15.5980450474" lon="73.7232753541"><ele>2.06</ele><time>2025-04-24T03:13:36Z</time><extensions><gpxtpx:TrackPointExtension><gpxtpx:cad>0</gpxtpx:cad></gpxtpx:TrackPointExtension></extensions></trkpt><trkpt lat="15.5981509108" lon="73.7231373880"><ele>1.10</ele><time>2025-04-24T03:13:41Z</time><extensions><gpxtpx:TrackPointExtension><gpxtpx:cad>0</gpxtpx:cad></gpxtpx:TrackPointExtension></extensions></trkpt><trkpt lat="15.5982506555" lon="73.7229930516"><ele>0.62</ele><time>2025-04-24T03:13:46Z</time><extensions><gpxtpx:TrackPointExtension><gpxtpx:cad>0</gpxtpx:cad></gpxtpx:TrackPointExtension></extensions></trkpt><trkpt lat="15.5983472150" lon="73.7228486314"><ele>1.10</ele><time>2025-04-24T03:13:51Z</time><extensions><gpxtpx:TrackPointExtension><gpxtpx:cad>0</gpxtpx:cad></gpxtpx:TrackPointExtension></extensions></trkpt><trkpt lat="15.5984146893" lon="73.7226762157"><ele>0.62</ele><time>2025-04-24T03:13:56Z</time><extensions><gpxtpx:TrackPointExtension><gpxtpx:cad>0</gpxtpx:cad></gpxtpx:TrackPointExtension></extensions></trkpt><trkpt lat="15.5984810740" lon="73.7225135230"><ele>1.58</ele><time>2025-04-24T03:14:01Z</time><extensions><gpxtpx:TrackPointExtension><gpxtpx:cad>0</gpxtpx:cad></gpxtpx:TrackPointExtension></extensions></trkpt><trkpt lat="15.5985180382" lon="73.7223388441"><ele>1.58</ele><time>2025-04-24T03:14:06Z</time><extensions><gpxtpx:TrackPointExtension><gpxtpx:cad>0</gpxtpx:cad></gpxtpx:TrackPointExtension></extensions></trkpt><trkpt lat="15.5985677429" lon="73.7221687753"><ele>1.58</ele><time>2025-04-24T03:14:11Z</time><extensions><gpxtpx:TrackPointExtension><gpxtpx:cad>0</gpxtpx:cad></gpxtpx:TrackPointExtension></extensions></trkpt><trkpt lat="15.5986247398" lon="73.7220093515"><ele>1.58</ele><time>2025-04-24T03:14:16Z</time><extensions><gpxtpx:TrackPointExtension><gpxtpx:cad>0</gpxtpx:cad></gpxtpx:TrackPointExtension></extensions></trkpt><trkpt lat="15.5986642186" lon="73.7218260393"><ele>2.06</ele><time>2025-04-24T03:14:21Z</time><extensions><gpxtpx:TrackPointExtension><gpxtpx:cad>0</gpxtpx:cad></gpxtpx:TrackPointExtension></extensions></trkpt><trkpt lat="15.5987235624" lon="73.7216528691"><ele>1.58</ele><time>2025-04-24T03:14:26Z</time><extensions><gpxtpx:TrackPointExtension><gpxtpx:cad>0</gpxtpx:cad></gpxtpx:TrackPointExtension></extensions></trkpt><trkpt lat="15.5987940542" lon="73.7214848958"><ele>1.10</ele><time>2025-04-24T03:14:31Z</time><extensions><gpxtpx:TrackPointExtension><gpxtpx:cad>0</gpxtpx:cad></gpxtpx:TrackPointExtension></extensions></trkpt><trkpt lat="15.5988640431" lon="73.7213383801"><ele>1.58</ele><time>2025-04-24T03:14:36Z</time><extensions><gpxtpx:TrackPointExtension><gpxtpx:cad>0</gpxtpx:cad></gpxtpx:TrackPointExtension></extensions></trkpt><trkpt lat="15.5989718344" lon="73.7212035153"><ele>2.06</ele><time>2025-04-24T03:14:41Z</time><extensions><gpxtpx:TrackPointExtension><gpxtpx:cad>0</gpxtpx:cad></gpxtpx:TrackPointExtension></extensions></trkpt><trkpt lat="15.5990951322" lon="73.7210720871"><ele>2.06</ele><time>2025-04-24T03:14:46Z</time><extensions><gpxtpx:TrackPointExtension><gpxtpx:cad>0</gpxtpx:cad></gpxtpx:TrackPointExtension></extensions></trkpt><trkpt lat="15.5992207769" lon="73.7209509686"><ele>2.54</ele><time>2025-04-24T03:14:51Z</time><extensions><gpxtpx:TrackPointExtension><gpxtpx:cad>0</gpxtpx:cad></gpxtpx:TrackPointExtension></extensions></trkpt><trkpt lat="15.5993532110" lon="73.7208358012"><ele>2.54</ele><time>2025-04-24T03:14:56Z</time><extensions><gpxtpx:TrackPointExtension><gpxtpx:cad>0</gpxtpx:cad></gpxtpx:TrackPointExtension></extensions></trkpt><trkpt lat="15.5994548835" lon="73.7207025290"><ele>2.54</ele><time>2025-04-24T03:15:01Z</time><extensions><gpxtpx:TrackPointExtension><gpxtpx:cad>0</gpxtpx:cad></gpxtpx:TrackPointExtension></extensions></trkpt><trkpt lat="15.5995643511" lon="73.7205552589"><ele>2.54</ele><time>2025-04-24T03:15:06Z</time><extensions><gpxtpx:TrackPointExtension><gpxtpx:cad>0</gpxtpx:cad></gpxtpx:TrackPointExtension></extensions></trkpt><trkpt lat="15.5996858887" lon="73.7204121798"><ele>3.02</ele><time>2025-04-24T03:15:11Z</time><extensions><gpxtpx:TrackPointExtension><gpxtpx:cad>0</gpxtpx:cad></gpxtpx:TrackPointExtension></extensions></trkpt><trkpt lat="15.5998183228" lon="73.7203001976"><ele>3.02</ele><time>2025-04-24T03:15:16Z</time><extensions><gpxtpx:TrackPointExtension><gpxtpx:cad>0</gpxtpx:cad></gpxtpx:TrackPointExtension></extensions></trkpt><trkpt lat="15.5999618210" lon="73.7201986928"><ele>3.02</ele><time>2025-04-24T03:15:21Z</time><extensions><gpxtpx:TrackPointExtension><gpxtpx:cad>0</gpxtpx:cad></gpxtpx:TrackPointExtension></extensions></trkpt><trkpt lat="15.6001084205" lon="73.7201031391"><ele>3.02</ele><time>2025-04-24T03:15:26Z</time><extensions><gpxtpx:TrackPointExtension><gpxtpx:cad>0</gpxtpx:cad></gpxtpx:TrackPointExtension></extensions></trkpt><trkpt lat="15.6002439559" lon="73.7199952640"><ele>3.02</ele><time>2025-04-24T03:15:31Z</time><extensions><gpxtpx:TrackPointExtension><gpxtpx:cad>0</gpxtpx:cad></gpxtpx:TrackPointExtension></extensions></trkpt><trkpt lat="15.6003669184" lon="73.7198718823"><ele>2.54</ele><time>2025-04-24T03:15:36Z</time><extensions><gpxtpx:TrackPointExtension><gpxtpx:cad>0</gpxtpx:cad></gpxtpx:TrackPointExtension></extensions></trkpt><trkpt lat="15.6004885398" lon="73.7197464891"><ele>2.06</ele><time>2025-04-24T03:15:41Z</time><extensions><gpxtpx:TrackPointExtension><gpxtpx:cad>0</gpxtpx:cad></gpxtpx:TrackPointExtension></extensions></trkpt><trkpt lat="15.6006128434" lon="73.7196193356"><ele>2.54</ele><time>2025-04-24T03:15:46Z</time><extensions><gpxtpx:TrackPointExtension><gpxtpx:cad>0</gpxtpx:cad></gpxtpx:TrackPointExtension></extensions></trkpt><trkpt lat="15.6007164437" lon="73.7194729876"><ele>2.54</ele><time>2025-04-24T03:15:51Z</time><extensions><gpxtpx:TrackPointExtension><gpxtpx:cad>0</gpxtpx:cad></gpxtpx:TrackPointExtension></extensions></trkpt><trkpt lat="15.6008367240" lon="73.7193444930"><ele>2.54</ele><time>2025-04-24T03:15:56Z</time><extensions><gpxtpx:TrackPointExtension><gpxtpx:cad>0</gpxtpx:cad></gpxtpx:TrackPointExtension></extensions></trkpt><trkpt lat="15.6009976566" lon="73.7192928605"><ele>3.02</ele><time>2025-04-24T03:16:01Z</time><extensions><gpxtpx:TrackPointExtension><gpxtpx:cad>0</gpxtpx:cad></gpxtpx:TrackPointExtension></extensions></trkpt><trkpt lat="15.6011603493" lon="73.7192940339"><ele>2.06</ele><time>2025-04-24T03:16:06Z</time><extensions><gpxtpx:TrackPointExtension><gpxtpx:cad>0</gpxtpx:cad></gpxtpx:TrackPointExtension></extensions></trkpt><trkpt lat="15.6013235450" lon="73.7193019129"><ele>1.58</ele><time>2025-04-24T03:16:11Z</time><extensions><gpxtpx:TrackPointExtension><gpxtpx:cad>0</gpxtpx:cad></gpxtpx:TrackPointExtension></extensions></trkpt><trkpt lat="15.6014914345" lon="73.7193105463"><ele>2.06</ele><time>2025-04-24T03:16:16Z</time><extensions><gpxtpx:TrackPointExtension><gpxtpx:cad>0</gpxtpx:cad></gpxtpx:TrackPointExtension></extensions></trkpt><trkpt lat="15.6016682927" lon="73.7193020806"><ele>2.06</ele><time>2025-04-24T03:16:21Z</time><extensions><gpxtpx:TrackPointExtension><gpxtpx:cad>0</gpxtpx:cad></gpxtpx:TrackPointExtension></extensions></trkpt><trkpt lat="15.6018373556" lon="73.7192966323"><ele>2.06</ele><time>2025-04-24T03:16:26Z</time><extensions><gpxtpx:TrackPointExtension><gpxtpx:cad>0</gpxtpx:cad></gpxtpx:TrackPointExtension></extensions></trkpt><trkpt lat="15.6020061672" lon="73.7192724925"><ele>2.06</ele><time>2025-04-24T03:16:31Z</time><extensions><gpxtpx:TrackPointExtension><gpxtpx:cad>0</gpxtpx:cad></gpxtpx:TrackPointExtension></extensions></trkpt><trkpt lat="15.6021841150" lon="73.7192530464"><ele>1.58</ele><time>2025-04-24T03:16:36Z</time><extensions><gpxtpx:TrackPointExtension><gpxtpx:cad>0</gpxtpx:cad></gpxtpx:TrackPointExtension></extensions></trkpt><trkpt lat="15.6023586262" lon="73.7192453351"><ele>1.58</ele><time>2025-04-24T03:16:41Z</time><extensions><gpxtpx:TrackPointExtension><gpxtpx:cad>0</gpxtpx:cad></gpxtpx:TrackPointExtension></extensions></trkpt><trkpt lat="15.6025257614" lon="73.7192275655"><ele>1.10</ele><time>2025-04-24T03:16:46Z</time><extensions><gpxtpx:TrackPointExtension><gpxtpx:cad>0</gpxtpx:cad></gpxtpx:TrackPointExtension></extensions></trkpt><trkpt lat="15.6026994344" lon="73.7192156631"><ele>1.10</ele><time>2025-04-24T03:16:51Z</time><extensions><gpxtpx:TrackPointExtension><gpxtpx:cad>0</gpxtpx:cad></gpxtpx:TrackPointExtension></extensions></trkpt><trkpt lat="15.6028745323" lon="73.7192138191"><ele>1.58</ele><time>2025-04-24T03:16:56Z</time><extensions><gpxtpx:TrackPointExtension><gpxtpx:cad>0</gpxtpx:cad></gpxtpx:TrackPointExtension></extensions></trkpt><trkpt lat="15.6030488759" lon="73.7192279007"><ele>1.58</ele><time>2025-04-24T03:17:01Z</time><extensions><gpxtpx:TrackPointExtension><gpxtpx:cad>0</gpxtpx:cad></gpxtpx:TrackPointExtension></extensions></trkpt><trkpt lat="15.6032129936" lon="73.7192297447"><ele>1.58</ele><time>2025-04-24T03:17:06Z</time><extensions><gpxtpx:TrackPointExtension><gpxtpx:cad>0</gpxtpx:cad></gpxtpx:TrackPointExtension></extensions></trkpt><trkpt lat="15.6033826433" lon="73.7192228716"><ele>1.58</ele><time>2025-04-24T03:17:11Z</time><extensions><gpxtpx:TrackPointExtension><gpxtpx:cad>0</gpxtpx:cad></gpxtpx:TrackPointExtension></extensions></trkpt><trkpt lat="15.6035542209" lon="73.7192279845"><ele>1.58</ele><time>2025-04-24T03:17:16Z</time><extensions><gpxtpx:TrackPointExtension><gpxtpx:cad>0</gpxtpx:cad></gpxtpx:TrackPointExtension></extensions></trkpt><trkpt lat="15.6037363596" lon="73.7192332651"><ele>1.58</ele><time>2025-04-24T03:17:21Z</time><extensions><gpxtpx:TrackPointExtension><gpxtpx:cad>0</gpxtpx:cad></gpxtpx:TrackPointExtension></extensions></trkpt><trkpt lat="15.6039117929" lon="73.7192386296"><ele>1.58</ele><time>2025-04-24T03:17:26Z</time><extensions><gpxtpx:TrackPointExtension><gpxtpx:cad>0</gpxtpx:cad></gpxtpx:TrackPointExtension></extensions></trkpt><trkpt lat="15.6040785089" lon="73.7192541361"><ele>1.58</ele><time>2025-04-24T03:17:31Z</time><extensions><gpxtpx:TrackPointExtension><gpxtpx:cad>0</gpxtpx:cad></gpxtpx:TrackPointExtension></extensions></trkpt><trkpt lat="15.6042349990" lon="73.7192947045"><ele>1.58</ele><time>2025-04-24T03:17:36Z</time><extensions><gpxtpx:TrackPointExtension><gpxtpx:cad>0</gpxtpx:cad></gpxtpx:TrackPointExtension></extensions></trkpt><trkpt lat="15.6044073310" lon="73.7193097919"><ele>1.58</ele><time>2025-04-24T03:17:41Z</time><extensions><gpxtpx:TrackPointExtension><gpxtpx:cad>0</gpxtpx:cad></gpxtpx:TrackPointExtension></extensions></trkpt><trkpt lat="15.6045856979" lon="73.7193100434"><ele>1.58</ele><time>2025-04-24T03:17:46Z</time><extensions><gpxtpx:TrackPointExtension><gpxtpx:cad>0</gpxtpx:cad></gpxtpx:TrackPointExtension></extensions></trkpt><trkpt lat="15.6047535874" lon="73.7193201855"><ele>1.10</ele><time>2025-04-24T03:17:51Z</time><extensions><gpxtpx:TrackPointExtension><gpxtpx:cad>0</gpxtpx:cad></gpxtpx:TrackPointExtension></extensions></trkpt><trkpt lat="15.6049187947" lon="73.7193324231"><ele>1.10</ele><time>2025-04-24T03:17:56Z</time><extensions><gpxtpx:TrackPointExtension><gpxtpx:cad>0</gpxtpx:cad></gpxtpx:TrackPointExtension></extensions></trkpt><trkpt lat="15.6050902046" lon="73.7193514500"><ele>1.10</ele><time>2025-04-24T03:18:01Z</time><extensions><gpxtpx:TrackPointExtension><gpxtpx:cad>0</gpxtpx:cad></gpxtpx:TrackPointExtension></extensions></trkpt><trkpt lat="15.6052668951" lon="73.7193741649"><ele>1.58</ele><time>2025-04-24T03:18:06Z</time><extensions><gpxtpx:TrackPointExtension><gpxtpx:cad>0</gpxtpx:cad></gpxtpx:TrackPointExtension></extensions></trkpt><trkpt lat="15.6054340303" lon="73.7193888333"><ele>1.58</ele><time>2025-04-24T03:18:11Z</time><extensions><gpxtpx:TrackPointExtension><gpxtpx:cad>0</gpxtpx:cad></gpxtpx:TrackPointExtension></extensions></trkpt><trkpt lat="15.6056062784" lon="73.7193867378"><ele>1.10</ele><time>2025-04-24T03:18:16Z</time><extensions><gpxtpx:TrackPointExtension><gpxtpx:cad>0</gpxtpx:cad></gpxtpx:TrackPointExtension></extensions></trkpt><trkpt lat="15.6057799514" lon="73.7193754222"><ele>1.10</ele><time>2025-04-24T03:18:21Z</time><extensions><gpxtpx:TrackPointExtension><gpxtpx:cad>0</gpxtpx:cad></gpxtpx:TrackPointExtension></extensions></trkpt><trkpt lat="15.6059409678" lon="73.7193607539"><ele>1.58</ele><time>2025-04-24T03:18:26Z</time><extensions><gpxtpx:TrackPointExtension><gpxtpx:cad>0</gpxtpx:cad></gpxtpx:TrackPointExtension></extensions></trkpt><trkpt lat="15.6061111204" lon="73.7193454150"><ele>1.58</ele><time>2025-04-24T03:18:31Z</time><extensions><gpxtpx:TrackPointExtension><gpxtpx:cad>0</gpxtpx:cad></gpxtpx:TrackPointExtension></extensions></trkpt><trkpt lat="15.6062778365" lon="73.7193427328"><ele>1.10</ele><time>2025-04-24T03:18:36Z</time><extensions><gpxtpx:TrackPointExtension><gpxtpx:cad>0</gpxtpx:cad></gpxtpx:TrackPointExtension></extensions></trkpt><trkpt lat="15.6064488273" lon="73.7193567306"><ele>1.10</ele><time>2025-04-24T03:18:41Z</time><extensions><gpxtpx:TrackPointExtension><gpxtpx:cad>0</gpxtpx:cad></gpxtpx:TrackPointExtension></extensions></trkpt><trkpt lat="15.6066227518" lon="73.7193892524"><ele>1.10</ele><time>2025-04-24T03:18:46Z</time><extensions><gpxtpx:TrackPointExtension><gpxtpx:cad>0</gpxtpx:cad></gpxtpx:TrackPointExtension></extensions></trkpt><trkpt lat="15.6067830976" lon="73.7194398791"><ele>1.10</ele><time>2025-04-24T03:18:51Z</time><extensions><gpxtpx:TrackPointExtension><gpxtpx:cad>0</gpxtpx:cad></gpxtpx:TrackPointExtension></extensions></trkpt><trkpt lat="15.6069314573" lon="73.7194906734"><ele>0.62</ele><time>2025-04-24T03:18:56Z</time><extensions><gpxtpx:TrackPointExtension><gpxtpx:cad>0</gpxtpx:cad></gpxtpx:TrackPointExtension></extensions></trkpt><trkpt lat="15.6070944015" lon="73.7194882426"><ele>0.62</ele><time>2025-04-24T03:19:01Z</time><extensions><gpxtpx:TrackPointExtension><gpxtpx:cad>0</gpxtpx:cad></gpxtpx:TrackPointExtension></extensions></trkpt><trkpt lat="15.6072573457" lon="73.7194649410"><ele>0.14</ele><time>2025-04-24T03:19:06Z</time><extensions><gpxtpx:TrackPointExtension><gpxtpx:cad>0</gpxtpx:cad></gpxtpx:TrackPointExtension></extensions></trkpt><trkpt lat="15.6074345391" lon="73.7194600794"><ele>0.14</ele><time>2025-04-24T03:19:11Z</time><extensions><gpxtpx:TrackPointExtension><gpxtpx:cad>0</gpxtpx:cad></gpxtpx:TrackPointExtension></extensions></trkpt><trkpt lat="15.6075963099" lon="73.7194836326"><ele>0.14</ele><time>2025-04-24T03:19:16Z</time><extensions><gpxtpx:TrackPointExtension><gpxtpx:cad>0</gpxtpx:cad></gpxtpx:TrackPointExtension></extensions></trkpt><trkpt lat="15.6077568233" lon="73.7195247039"><ele>0.14</ele><time>2025-04-24T03:19:21Z</time><extensions><gpxtpx:TrackPointExtension><gpxtpx:cad>0</gpxtpx:cad></gpxtpx:TrackPointExtension></extensions></trkpt><trkpt lat="15.6078891736" lon="73.7195692118"><ele>0.14</ele><time>2025-04-24T03:19:26Z</time><extensions><gpxtpx:TrackPointExtension><gpxtpx:cad>0</gpxtpx:cad></gpxtpx:TrackPointExtension></extensions></trkpt><trkpt lat="15.6080100406" lon="73.7196127977"><ele>0.62</ele><time>2025-04-24T03:19:31Z</time><extensions><gpxtpx:TrackPointExtension><gpxtpx:cad>0</gpxtpx:cad></gpxtpx:TrackPointExtension></extensions></trkpt><trkpt lat="15.6081247050" lon="73.7196338363"><ele>0.62</ele><time>2025-04-24T03:19:36Z</time><extensions><gpxtpx:TrackPointExtension><gpxtpx:cad>0</gpxtpx:cad></gpxtpx:TrackPointExtension></extensions></trkpt><trkpt lat="15.6082313228" lon="73.7196526118"><ele>1.10</ele><time>2025-04-24T03:19:41Z</time><extensions><gpxtpx:TrackPointExtension><gpxtpx:cad>0</gpxtpx:cad></gpxtpx:TrackPointExtension></extensions></trkpt><trkpt lat="15.6083454844" lon="73.7196721416"><ele>1.10</ele><time>2025-04-24T03:19:46Z</time><extensions><gpxtpx:TrackPointExtension><gpxtpx:cad>0</gpxtpx:cad></gpxtpx:TrackPointExtension></extensions></trkpt><trkpt lat="15.6084702071" lon="73.7196987960"><ele>1.10</ele><time>2025-04-24T03:19:51Z</time><extensions><gpxtpx:TrackPointExtension><gpxtpx:cad>0</gpxtpx:cad></gpxtpx:TrackPointExtension></extensions></trkpt><trkpt lat="15.6086176448" lon="73.7197213434"><ele>1.58</ele><time>2025-04-24T03:19:56Z</time><extensions><gpxtpx:TrackPointExtension><gpxtpx:cad>0</gpxtpx:cad></gpxtpx:TrackPointExtension></extensions></trkpt><trkpt lat="15.6087574549" lon="73.7197277136"><ele>1.10</ele><time>2025-04-24T03:20:01Z</time><extensions><gpxtpx:TrackPointExtension><gpxtpx:cad>0</gpxtpx:cad></gpxtpx:TrackPointExtension></extensions></trkpt><trkpt lat="15.6088893861" lon="73.7197226845"><ele>0.62</ele><time>2025-04-24T03:20:06Z</time><extensions><gpxtpx:TrackPointExtension><gpxtpx:cad>0</gpxtpx:cad></gpxtpx:TrackPointExtension></extensions></trkpt><trkpt lat="15.6090298668" lon="73.7197346706"><ele>0.62</ele><time>2025-04-24T03:20:11Z</time><extensions><gpxtpx:TrackPointExtension><gpxtpx:cad>0</gpxtpx:cad></gpxtpx:TrackPointExtension></extensions></trkpt><trkpt lat="15.6091830879" lon="73.7197575532"><ele>0.62</ele><time>2025-04-24T03:20:16Z</time><extensions><gpxtpx:TrackPointExtension><gpxtpx:cad>0</gpxtpx:cad></gpxtpx:TrackPointExtension></extensions></trkpt><trkpt lat="15.6093287654" lon="73.7197785918"><ele>0.62</ele><time>2025-04-24T03:20:21Z</time><extensions><gpxtpx:TrackPointExtension><gpxtpx:cad>0</gpxtpx:cad></gpxtpx:TrackPointExtension></extensions></trkpt><trkpt lat="15.6094725151" lon="73.7197902426"><ele>0.62</ele><time>2025-04-24T03:20:26Z</time><extensions><gpxtpx:TrackPointExtension><gpxtpx:cad>0</gpxtpx:cad></gpxtpx:TrackPointExtension></extensions></trkpt><trkpt lat="15.6096290890" lon="73.7197992112"><ele>0.62</ele><time>2025-04-24T03:20:31Z</time><extensions><gpxtpx:TrackPointExtension><gpxtpx:cad>0</gpxtpx:cad></gpxtpx:TrackPointExtension></extensions></trkpt><trkpt lat="15.6097816397" lon="73.7198066711"><ele>1.10</ele><time>2025-04-24T03:20:36Z</time><extensions><gpxtpx:TrackPointExtension><gpxtpx:cad>0</gpxtpx:cad></gpxtpx:TrackPointExtension></extensions></trkpt><trkpt lat="15.6099325977" lon="73.7198187411"><ele>1.10</ele><time>2025-04-24T03:20:41Z</time><extensions><gpxtpx:TrackPointExtension><gpxtpx:cad>0</gpxtpx:cad></gpxtpx:TrackPointExtension></extensions></trkpt><trkpt lat="15.6100772694" lon="73.7198358402"><ele>1.58</ele><time>2025-04-24T03:20:46Z</time><extensions><gpxtpx:TrackPointExtension><gpxtpx:cad>0</gpxtpx:cad></gpxtpx:TrackPointExtension></extensions></trkpt><trkpt lat="15.6102280598" lon="73.7198426295"><ele>1.10</ele><time>2025-04-24T03:20:51Z</time><extensions><gpxtpx:TrackPointExtension><gpxtpx:cad>0</gpxtpx:cad></gpxtpx:TrackPointExtension></extensions></trkpt><trkpt lat="15.6103801075" lon="73.7198343314"><ele>1.10</ele><time>2025-04-24T03:20:56Z</time><extensions><gpxtpx:TrackPointExtension><gpxtpx:cad>0</gpxtpx:cad></gpxtpx:TrackPointExtension></extensions></trkpt><trkpt lat="15.6105358433" lon="73.7198172323"><ele>1.10</ele><time>2025-04-24T03:21:01Z</time><extensions><gpxtpx:TrackPointExtension><gpxtpx:cad>0</gpxtpx:cad></gpxtpx:TrackPointExtension></extensions></trkpt><trkpt lat="15.6106933393" lon="73.7198011391"><ele>0.62</ele><time>2025-04-24T03:21:06Z</time><extensions><gpxtpx:TrackPointExtension><gpxtpx:cad>0</gpxtpx:cad></gpxtpx:TrackPointExtension></extensions></trkpt><trkpt lat="15.6108474825" lon="73.7198013067"><ele>0.14</ele><time>2025-04-24T03:21:11Z</time><extensions><gpxtpx:TrackPointExtension><gpxtpx:cad>0</gpxtpx:cad></gpxtpx:TrackPointExtension></extensions></trkpt><trkpt lat="15.6110017095" lon="73.7197995465"><ele>0.14</ele><time>2025-04-24T03:21:16Z</time><extensions><gpxtpx:TrackPointExtension><gpxtpx:cad>0</gpxtpx:cad></gpxtpx:TrackPointExtension></extensions></trkpt><trkpt lat="15.6111612171" lon="73.7197970320"><ele>0.62</ele><time>2025-04-24T03:21:21Z</time><extensions><gpxtpx:TrackPointExtension><gpxtpx:cad>0</gpxtpx:cad></gpxtpx:TrackPointExtension></extensions></trkpt><trkpt lat="15.6113192160" lon="73.7197911646"><ele>0.62</ele><time>2025-04-24T03:21:26Z</time><extensions><gpxtpx:TrackPointExtension><gpxtpx:cad>0</gpxtpx:cad></gpxtpx:TrackPointExtension></extensions></trkpt><trkpt lat="15.6114778016" lon="73.7197814416"><ele>0.62</ele><time>2025-04-24T03:21:31Z</time><extensions><gpxtpx:TrackPointExtension><gpxtpx:cad>0</gpxtpx:cad></gpxtpx:TrackPointExtension></extensions></trkpt><trkpt lat="15.6116345432" lon="73.7197660189"><ele>0.62</ele><time>2025-04-24T03:21:36Z</time><extensions><gpxtpx:TrackPointExtension><gpxtpx:cad>0</gpxtpx:cad></gpxtpx:TrackPointExtension></extensions></trkpt><trkpt lat="15.6117925420" lon="73.7197548710"><ele>1.10</ele><time>2025-04-24T03:21:41Z</time><extensions><gpxtpx:TrackPointExtension><gpxtpx:cad>0</gpxtpx:cad></gpxtpx:TrackPointExtension></extensions></trkpt><trkpt lat="15.6119560730" lon="73.7197366823"><ele>1.58</ele><time>2025-04-24T03:21:46Z</time><extensions><gpxtpx:TrackPointExtension><gpxtpx:cad>0</gpxtpx:cad></gpxtpx:TrackPointExtension></extensions></trkpt><trkpt lat="15.6121134013" lon="73.7197252829"><ele>1.58</ele><time>2025-04-24T03:21:51Z</time><extensions><gpxtpx:TrackPointExtension><gpxtpx:cad>0</gpxtpx:cad></gpxtpx:TrackPointExtension></extensions></trkpt><trkpt lat="15.6122662034" lon="73.7197262049"><ele>1.58</ele><time>2025-04-24T03:21:56Z</time><extensions><gpxtpx:TrackPointExtension><gpxtpx:cad>0</gpxtpx:cad></gpxtpx:TrackPointExtension></extensions></trkpt><trkpt lat="15.6124299020" lon="73.7197409570"><ele>1.58</ele><time>2025-04-24T03:22:01Z</time><extensions><gpxtpx:TrackPointExtension><gpxtpx:cad>0</gpxtpx:cad></gpxtpx:TrackPointExtension></extensions></trkpt><trkpt lat="15.6125897449" lon="73.7197376881"><ele>1.58</ele><time>2025-04-24T03:22:06Z</time><extensions><gpxtpx:TrackPointExtension><gpxtpx:cad>0</gpxtpx:cad></gpxtpx:TrackPointExtension></extensions></trkpt><trkpt lat="15.6127413735" lon="73.7197329942"><ele>1.10</ele><time>2025-04-24T03:22:11Z</time><extensions><gpxtpx:TrackPointExtension><gpxtpx:cad>0</gpxtpx:cad></gpxtpx:TrackPointExtension></extensions></trkpt><trkpt lat="15.6129064970" lon="73.7197314855"><ele>1.10</ele><time>2025-04-24T03:22:16Z</time><extensions><gpxtpx:TrackPointExtension><gpxtpx:cad>0</gpxtpx:cad></gpxtpx:TrackPointExtension></extensions></trkpt><trkpt lat="15.6130710337" lon="73.7197386101"><ele>1.10</ele><time>2025-04-24T03:22:21Z</time><extensions><gpxtpx:TrackPointExtension><gpxtpx:cad>0</gpxtpx:cad></gpxtpx:TrackPointExtension></extensions></trkpt><trkpt lat="15.6132309604" lon="73.7197523564"><ele>1.10</ele><time>2025-04-24T03:22:26Z</time><extensions><gpxtpx:TrackPointExtension><gpxtpx:cad>0</gpxtpx:cad></gpxtpx:TrackPointExtension></extensions></trkpt><trkpt lat="15.6133807451" lon="73.7197604030"><ele>0.62</ele><time>2025-04-24T03:22:31Z</time><extensions><gpxtpx:TrackPointExtension><gpxtpx:cad>0</gpxtpx:cad></gpxtpx:TrackPointExtension></extensions></trkpt><trkpt lat="15.6135392468" lon="73.7197597325"><ele>1.10</ele><time>2025-04-24T03:22:36Z</time><extensions><gpxtpx:TrackPointExtension><gpxtpx:cad>0</gpxtpx:cad></gpxtpx:TrackPointExtension></extensions></trkpt><trkpt lat="15.6137026940" lon="73.7197750714"><ele>0.62</ele><time>2025-04-24T03:22:41Z</time><extensions><gpxtpx:TrackPointExtension><gpxtpx:cad>0</gpxtpx:cad></gpxtpx:TrackPointExtension></extensions></trkpt><trkpt lat="15.6138475332" lon="73.7197993789"><ele>0.14</ele><time>2025-04-24T03:22:46Z</time><extensions><gpxtpx:TrackPointExtension><gpxtpx:cad>0</gpxtpx:cad></gpxtpx:TrackPointExtension></extensions></trkpt><trkpt lat="15.6140046101" lon="73.7198257819"><ele>0.14</ele><time>2025-04-24T03:22:51Z</time><extensions><gpxtpx:TrackPointExtension><gpxtpx:cad>0</gpxtpx:cad></gpxtpx:TrackPointExtension></extensions></trkpt><trkpt lat="15.6141632795" lon="73.7198225129"><ele>0.14</ele><time>2025-04-24T03:22:56Z</time><extensions><gpxtpx:TrackPointExtension><gpxtpx:cad>0</gpxtpx:cad></gpxtpx:TrackPointExtension></extensions></trkpt><trkpt lat="15.6143195182" lon="73.7198059168"><ele>0.14</ele><time>2025-04-24T03:23:01Z</time><extensions><gpxtpx:TrackPointExtension><gpxtpx:cad>0</gpxtpx:cad></gpxtpx:TrackPointExtension></extensions></trkpt><trkpt lat="15.6144742481" lon="73.7198091857"><ele>-0.34</ele><time>2025-04-24T03:23:06Z</time><extensions><gpxtpx:TrackPointExtension><gpxtpx:cad>0</gpxtpx:cad></gpxtpx:TrackPointExtension></extensions></trkpt><trkpt lat="15.6146379467" lon="73.7198200822"><ele>-0.34</ele><time>2025-04-24T03:23:11Z</time><extensions><gpxtpx:TrackPointExtension><gpxtpx:cad>0</gpxtpx:cad></gpxtpx:TrackPointExtension></extensions></trkpt><trkpt lat="15.6147896592" lon="73.7198199984"><ele>-0.34</ele><time>2025-04-24T03:23:16Z</time><extensions><gpxtpx:TrackPointExtension><gpxtpx:cad>0</gpxtpx:cad></gpxtpx:TrackPointExtension></extensions></trkpt><trkpt lat="15.6149386056" lon="73.7198246922"><ele>0.14</ele><time>2025-04-24T03:23:21Z</time><extensions><gpxtpx:TrackPointExtension><gpxtpx:cad>0</gpxtpx:cad></gpxtpx:TrackPointExtension></extensions></trkpt><trkpt lat="15.6150991190" lon="73.7198320683"><ele>0.14</ele><time>2025-04-24T03:23:26Z</time><extensions><gpxtpx:TrackPointExtension><gpxtpx:cad>0</gpxtpx:cad></gpxtpx:TrackPointExtension></extensions></trkpt><trkpt lat="15.6152566150" lon="73.7198309787"><ele>0.14</ele><time>2025-04-24T03:23:31Z</time><extensions><gpxtpx:TrackPointExtension><gpxtpx:cad>0</gpxtpx:cad></gpxtpx:TrackPointExtension></extensions></trkpt><trkpt lat="15.6154193077" lon="73.7198304757"><ele>0.14</ele><time>2025-04-24T03:23:36Z</time><extensions><gpxtpx:TrackPointExtension><gpxtpx:cad>0</gpxtpx:cad></gpxtpx:TrackPointExtension></extensions></trkpt><trkpt lat="15.6155845150" lon="73.7198352534"><ele>0.14</ele><time>2025-04-24T03:23:41Z</time><extensions><gpxtpx:TrackPointExtension><gpxtpx:cad>0</gpxtpx:cad></gpxtpx:TrackPointExtension></extensions></trkpt><trkpt lat="15.6157339644" lon="73.7198627461"><ele>0.62</ele><time>2025-04-24T03:23:46Z</time><extensions><gpxtpx:TrackPointExtension><gpxtpx:cad>0</gpxtpx:cad></gpxtpx:TrackPointExtension></extensions></trkpt><trkpt lat="15.6158855092" lon="73.7199184857"><ele>0.62</ele><time>2025-04-24T03:23:51Z</time><extensions><gpxtpx:TrackPointExtension><gpxtpx:cad>0</gpxtpx:cad></gpxtpx:TrackPointExtension></extensions></trkpt><trkpt lat="15.6160423346" lon="73.7199677713"><ele>0.62</ele><time>2025-04-24T03:23:56Z</time><extensions><gpxtpx:TrackPointExtension><gpxtpx:cad>0</gpxtpx:cad></gpxtpx:TrackPointExtension></extensions></trkpt><trkpt lat="15.6161981542" lon="73.7199857924"><ele>0.62</ele><time>2025-04-24T03:24:01Z</time><extensions><gpxtpx:TrackPointExtension><gpxtpx:cad>0</gpxtpx:cad></gpxtpx:TrackPointExtension></extensions></trkpt><trkpt lat="15.6163497828" lon="73.7199935038"><ele>0.62</ele><time>2025-04-24T03:24:06Z</time><extensions><gpxtpx:TrackPointExtension><gpxtpx:cad>0</gpxtpx:cad></gpxtpx:TrackPointExtension></extensions></trkpt><trkpt lat="15.6165009085" lon="73.7200069986"><ele>1.58</ele><time>2025-04-24T03:24:11Z</time><extensions><gpxtpx:TrackPointExtension><gpxtpx:cad>0</gpxtpx:cad></gpxtpx:TrackPointExtension></extensions></trkpt><trkpt lat="15.6166655291" lon="73.7200220861"><ele>1.58</ele><time>2025-04-24T03:24:16Z</time><extensions><gpxtpx:TrackPointExtension><gpxtpx:cad>0</gpxtpx:cad></gpxtpx:TrackPointExtension></extensions></trkpt><trkpt lat="15.6168226898" lon="73.7200310547"><ele>1.58</ele><time>2025-04-24T03:24:21Z</time><extensions><gpxtpx:TrackPointExtension><gpxtpx:cad>0</gpxtpx:cad></gpxtpx:TrackPointExtension></extensions></trkpt><trkpt lat="15.6169696245" lon="73.7200573739"><ele>1.10</ele><time>2025-04-24T03:24:26Z</time><extensions><gpxtpx:TrackPointExtension><gpxtpx:cad>0</gpxtpx:cad></gpxtpx:TrackPointExtension></extensions></trkpt><trkpt lat="15.6171307247" lon="73.7200880516"><ele>1.10</ele><time>2025-04-24T03:24:31Z</time><extensions><gpxtpx:TrackPointExtension><gpxtpx:cad>0</gpxtpx:cad></gpxtpx:TrackPointExtension></extensions></trkpt><trkpt lat="15.6172866281" lon="73.7201178074"><ele>1.10</ele><time>2025-04-24T03:24:36Z</time><extensions><gpxtpx:TrackPointExtension><gpxtpx:cad>0</gpxtpx:cad></gpxtpx:TrackPointExtension></extensions></trkpt><trkpt lat="15.6174483988" lon="73.7201420311"><ele>0.62</ele><time>2025-04-24T03:24:41Z</time><extensions><gpxtpx:TrackPointExtension><gpxtpx:cad>0</gpxtpx:cad></gpxtpx:TrackPointExtension></extensions></trkpt><trkpt lat="15.6175995246" lon="73.7201701943"><ele>0.62</ele><time>2025-04-24T03:24:46Z</time><extensions><gpxtpx:TrackPointExtension><gpxtpx:cad>0</gpxtpx:cad></gpxtpx:TrackPointExtension></extensions></trkpt><trkpt lat="15.6177573558" lon="73.7201995309"><ele>1.10</ele><time>2025-04-24T03:24:51Z</time><extensions><gpxtpx:TrackPointExtension><gpxtpx:cad>0</gpxtpx:cad></gpxtpx:TrackPointExtension></extensions></trkpt><trkpt lat="15.6179118343" lon="73.7202349026"><ele>0.62</ele><time>2025-04-24T03:24:56Z</time><extensions><gpxtpx:TrackPointExtension><gpxtpx:cad>0</gpxtpx:cad></gpxtpx:TrackPointExtension></extensions></trkpt><trkpt lat="15.6180574279" lon="73.7202691007"><ele>0.62</ele><time>2025-04-24T03:25:01Z</time><extensions><gpxtpx:TrackPointExtension><gpxtpx:cad>0</gpxtpx:cad></gpxtpx:TrackPointExtension></extensions></trkpt><trkpt lat="15.6182031892" lon="73.7203016225"><ele>0.62</ele><time>2025-04-24T03:25:06Z</time><extensions><gpxtpx:TrackPointExtension><gpxtpx:cad>0</gpxtpx:cad></gpxtpx:TrackPointExtension></extensions></trkpt><trkpt lat="15.6183632836" lon="73.7203270197"><ele>0.62</ele><time>2025-04-24T03:25:11Z</time><extensions><gpxtpx:TrackPointExtension><gpxtpx:cad>0</gpxtpx:cad></gpxtpx:TrackPointExtension></extensions></trkpt><trkpt lat="15.6185250543" lon="73.7203437835"><ele>0.62</ele><time>2025-04-24T03:25:16Z</time><extensions><gpxtpx:TrackPointExtension><gpxtpx:cad>0</gpxtpx:cad></gpxtpx:TrackPointExtension></extensions></trkpt><trkpt lat="15.6186756771" lon="73.7203806639"><ele>0.62</ele><time>2025-04-24T03:25:21Z</time><extensions><gpxtpx:TrackPointExtension><gpxtpx:cad>0</gpxtpx:cad></gpxtpx:TrackPointExtension></extensions></trkpt><trkpt lat="15.6188318320" lon="73.7204338051"><ele>0.14</ele><time>2025-04-24T03:25:26Z</time><extensions><gpxtpx:TrackPointExtension><gpxtpx:cad>0</gpxtpx:cad></gpxtpx:TrackPointExtension></extensions></trkpt><trkpt lat="15.6189767551" lon="73.7204913888"><ele>0.14</ele><time>2025-04-24T03:25:31Z</time><extensions><gpxtpx:TrackPointExtension><gpxtpx:cad>0</gpxtpx:cad></gpxtpx:TrackPointExtension></extensions></trkpt><trkpt lat="15.6191363465" lon="73.7205550913"><ele>0.14</ele><time>2025-04-24T03:25:36Z</time><extensions><gpxtpx:TrackPointExtension><gpxtpx:cad>0</gpxtpx:cad></gpxtpx:TrackPointExtension></extensions></trkpt><trkpt lat="15.6192899030" lon="73.7206185423"><ele>0.14</ele><time>2025-04-24T03:25:41Z</time><extensions><gpxtpx:TrackPointExtension><gpxtpx:cad>0</gpxtpx:cad></gpxtpx:TrackPointExtension></extensions></trkpt><trkpt lat="15.6194499973" lon="73.7206612062"><ele>0.62</ele><time>2025-04-24T03:25:46Z</time><extensions><gpxtpx:TrackPointExtension><gpxtpx:cad>0</gpxtpx:cad></gpxtpx:TrackPointExtension></extensions></trkpt><trkpt lat="15.6195915677" lon="73.7206905428"><ele>0.62</ele><time>2025-04-24T03:25:51Z</time><extensions><gpxtpx:TrackPointExtension><gpxtpx:cad>0</gpxtpx:cad></gpxtpx:TrackPointExtension></extensions></trkpt><trkpt lat="15.6197397597" lon="73.7207292672"><ele>0.62</ele><time>2025-04-24T03:25:56Z</time><extensions><gpxtpx:TrackPointExtension><gpxtpx:cad>0</gpxtpx:cad></gpxtpx:TrackPointExtension></extensions></trkpt><trkpt lat="15.6199161988" lon="73.7207631301"><ele>1.10</ele><time>2025-04-24T03:26:01Z</time><extensions><gpxtpx:TrackPointExtension><gpxtpx:cad>0</gpxtpx:cad></gpxtpx:TrackPointExtension></extensions></trkpt><trkpt lat="15.6200700905" lon="73.7207908742"><ele>1.10</ele><time>2025-04-24T03:26:06Z</time><extensions><gpxtpx:TrackPointExtension><gpxtpx:cad>0</gpxtpx:cad></gpxtpx:TrackPointExtension></extensions></trkpt><trkpt lat="15.6202012673" lon="73.7208440155"><ele>0.62</ele><time>2025-04-24T03:26:11Z</time><extensions><gpxtpx:TrackPointExtension><gpxtpx:cad>0</gpxtpx:cad></gpxtpx:TrackPointExtension></extensions></trkpt><trkpt lat="15.6203501299" lon="73.7209003419"><ele>1.10</ele><time>2025-04-24T03:26:16Z</time><extensions><gpxtpx:TrackPointExtension><gpxtpx:cad>0</gpxtpx:cad></gpxtpx:TrackPointExtension></extensions></trkpt><trkpt lat="15.6205123197" lon="73.7209596019"><ele>1.10</ele><time>2025-04-24T03:26:21Z</time><extensions><gpxtpx:TrackPointExtension><gpxtpx:cad>0</gpxtpx:cad></gpxtpx:TrackPointExtension></extensions></trkpt><trkpt lat="15.6206781976" lon="73.7210214604"><ele>1.10</ele><time>2025-04-24T03:26:26Z</time><extensions><gpxtpx:TrackPointExtension><gpxtpx:cad>0</gpxtpx:cad></gpxtpx:TrackPointExtension></extensions></trkpt><trkpt lat="15.6208044291" lon="73.7210810557"><ele>1.10</ele><time>2025-04-24T03:26:31Z</time><extensions><gpxtpx:TrackPointExtension><gpxtpx:cad>0</gpxtpx:cad></gpxtpx:TrackPointExtension></extensions></trkpt><trkpt lat="15.6209369469" lon="73.7211472727"><ele>1.10</ele><time>2025-04-24T03:26:36Z</time><extensions><gpxtpx:TrackPointExtension><gpxtpx:cad>0</gpxtpx:cad></gpxtpx:TrackPointExtension></extensions></trkpt><trkpt lat="15.6210863125" lon="73.7211942952"><ele>1.10</ele><time>2025-04-24T03:26:41Z</time><extensions><gpxtpx:TrackPointExtension><gpxtpx:cad>0</gpxtpx:cad></gpxtpx:TrackPointExtension></extensions></trkpt><trkpt lat="15.6212503463" lon="73.7212425750"><ele>1.10</ele><time>2025-04-24T03:26:46Z</time><extensions><gpxtpx:TrackPointExtension><gpxtpx:cad>0</gpxtpx:cad></gpxtpx:TrackPointExtension></extensions></trkpt><trkpt lat="15.6214084290" lon="73.7212931179"><ele>1.10</ele><time>2025-04-24T03:26:51Z</time><extensions><gpxtpx:TrackPointExtension><gpxtpx:cad>0</gpxtpx:cad></gpxtpx:TrackPointExtension></extensions></trkpt><trkpt lat="15.6215525977" lon="73.7213472649"><ele>1.10</ele><time>2025-04-24T03:26:56Z</time><extensions><gpxtpx:TrackPointExtension><gpxtpx:cad>0</gpxtpx:cad></gpxtpx:TrackPointExtension></extensions></trkpt><trkpt lat="15.6216888875" lon="73.7214039266"><ele>1.10</ele><time>2025-04-24T03:27:01Z</time><extensions><gpxtpx:TrackPointExtension><gpxtpx:cad>0</gpxtpx:cad></gpxtpx:TrackPointExtension></extensions></trkpt><trkpt lat="15.6218354031" lon="73.7214697246"><ele>1.10</ele><time>2025-04-24T03:27:06Z</time><extensions><gpxtpx:TrackPointExtension><gpxtpx:cad>0</gpxtpx:cad></gpxtpx:TrackPointExtension></extensions></trkpt><trkpt lat="15.6219913065" lon="73.7215037551"><ele>1.10</ele><time>2025-04-24T03:27:11Z</time><extensions><gpxtpx:TrackPointExtension><gpxtpx:cad>0</gpxtpx:cad></gpxtpx:TrackPointExtension></extensions></trkpt><trkpt lat="15.6221553404" lon="73.7215206027"><ele>1.10</ele><time>2025-04-24T03:27:16Z</time><extensions><gpxtpx:TrackPointExtension><gpxtpx:cad>0</gpxtpx:cad></gpxtpx:TrackPointExtension></extensions></trkpt><trkpt lat="15.6223053765" lon="73.7215563096"><ele>0.62</ele><time>2025-04-24T03:27:21Z</time><extensions><gpxtpx:TrackPointExtension><gpxtpx:cad>0</gpxtpx:cad></gpxtpx:TrackPointExtension></extensions></trkpt><trkpt lat="15.6224580109" lon="73.7215854786"><ele>0.14</ele><time>2025-04-24T03:27:26Z</time><extensions><gpxtpx:TrackPointExtension><gpxtpx:cad>0</gpxtpx:cad></gpxtpx:TrackPointExtension></extensions></trkpt><trkpt lat="15.6226132438" lon="73.7215979677"><ele>0.62</ele><time>2025-04-24T03:27:31Z</time><extensions><gpxtpx:TrackPointExtension><gpxtpx:cad>0</gpxtpx:cad></gpxtpx:TrackPointExtension></extensions></trkpt><trkpt lat="15.6227730028" lon="73.7215914298"><ele>0.14</ele><time>2025-04-24T03:27:36Z</time><extensions><gpxtpx:TrackPointExtension><gpxtpx:cad>0</gpxtpx:cad></gpxtpx:TrackPointExtension></extensions></trkpt><trkpt lat="15.6229256373" lon="73.7215631828"><ele>-0.34</ele><time>2025-04-24T03:27:41Z</time><extensions><gpxtpx:TrackPointExtension><gpxtpx:cad>0</gpxtpx:cad></gpxtpx:TrackPointExtension></extensions></trkpt><trkpt lat="15.6230846420" lon="73.7215331756"><ele>-0.34</ele><time>2025-04-24T03:27:46Z</time><extensions><gpxtpx:TrackPointExtension><gpxtpx:cad>0</gpxtpx:cad></gpxtpx:TrackPointExtension></extensions></trkpt><trkpt lat="15.6232418865" lon="73.7215014081"><ele>0.14</ele><time>2025-04-24T03:27:51Z</time><extensions><gpxtpx:TrackPointExtension><gpxtpx:cad>0</gpxtpx:cad></gpxtpx:TrackPointExtension></extensions></trkpt><trkpt lat="15.6234044116" lon="73.7214821298"><ele>0.62</ele><time>2025-04-24T03:27:56Z</time><extensions><gpxtpx:TrackPointExtension><gpxtpx:cad>0</gpxtpx:cad></gpxtpx:TrackPointExtension></extensions></trkpt><trkpt lat="15.6235582195" lon="73.7214564811"><ele>0.62</ele><time>2025-04-24T03:28:01Z</time><extensions><gpxtpx:TrackPointExtension><gpxtpx:cad>0</gpxtpx:cad></gpxtpx:TrackPointExtension></extensions></trkpt><trkpt lat="15.6237130333" lon="73.7214143202"><ele>0.62</ele><time>2025-04-24T03:28:06Z</time><extensions><gpxtpx:TrackPointExtension><gpxtpx:cad>0</gpxtpx:cad></gpxtpx:TrackPointExtension></extensions></trkpt><trkpt lat="15.6238693558" lon="73.7213847321"><ele>0.14</ele><time>2025-04-24T03:28:11Z</time><extensions><gpxtpx:TrackPointExtension><gpxtpx:cad>0</gpxtpx:cad></gpxtpx:TrackPointExtension></extensions></trkpt><trkpt lat="15.6240248401" lon="73.7213473488"><ele>-0.34</ele><time>2025-04-24T03:28:16Z</time><extensions><gpxtpx:TrackPointExtension><gpxtpx:cad>0</gpxtpx:cad></gpxtpx:TrackPointExtension></extensions></trkpt><trkpt lat="15.6241922267" lon="73.7213293277"><ele>0.14</ele><time>2025-04-24T03:28:21Z</time><extensions><gpxtpx:TrackPointExtension><gpxtpx:cad>0</gpxtpx:cad></gpxtpx:TrackPointExtension></extensions></trkpt><trkpt lat="15.6243541650" lon="73.7213110551"><ele>0.14</ele><time>2025-04-24T03:28:26Z</time><extensions><gpxtpx:TrackPointExtension><gpxtpx:cad>0</gpxtpx:cad></gpxtpx:TrackPointExtension></extensions></trkpt><trkpt lat="15.6245099846" lon="73.7212921958"><ele>0.14</ele><time>2025-04-24T03:28:31Z</time><extensions><gpxtpx:TrackPointExtension><gpxtpx:cad>0</gpxtpx:cad></gpxtpx:TrackPointExtension></extensions></trkpt><trkpt lat="15.6246699113" lon="73.7212674692"><ele>0.62</ele><time>2025-04-24T03:28:36Z</time><extensions><gpxtpx:TrackPointExtension><gpxtpx:cad>0</gpxtpx:cad></gpxtpx:TrackPointExtension></extensions></trkpt><trkpt lat="15.6248288322" lon="73.7212254759"><ele>1.10</ele><time>2025-04-24T03:28:41Z</time><extensions><gpxtpx:TrackPointExtension><gpxtpx:cad>0</gpxtpx:cad></gpxtpx:TrackPointExtension></extensions></trkpt><trkpt lat="15.6249746773" lon="73.7211749330"><ele>1.10</ele><time>2025-04-24T03:28:46Z</time><extensions><gpxtpx:TrackPointExtension><gpxtpx:cad>0</gpxtpx:cad></gpxtpx:TrackPointExtension></extensions></trkpt><trkpt lat="15.6251288205" lon="73.7211350352"><ele>1.10</ele><time>2025-04-24T03:28:51Z</time><extensions><gpxtpx:TrackPointExtension><gpxtpx:cad>0</gpxtpx:cad></gpxtpx:TrackPointExtension></extensions></trkpt><trkpt lat="15.6252829637" lon="73.7210943829"><ele>1.10</ele><time>2025-04-24T03:28:56Z</time><extensions><gpxtpx:TrackPointExtension><gpxtpx:cad>0</gpxtpx:cad></gpxtpx:TrackPointExtension></extensions></trkpt><trkpt lat="15.6254363526" lon="73.7210340332"><ele>1.10</ele><time>2025-04-24T03:29:01Z</time><extensions><gpxtpx:TrackPointExtension><gpxtpx:cad>0</gpxtpx:cad></gpxtpx:TrackPointExtension></extensions></trkpt><trkpt lat="15.6255941838" lon="73.7210321892"><ele>1.10</ele><time>2025-04-24T03:29:06Z</time><extensions><gpxtpx:TrackPointExtension><gpxtpx:cad>0</gpxtpx:cad></gpxtpx:TrackPointExtension></extensions></trkpt><trkpt lat="15.6257490814" lon="73.7210731767"><ele>1.10</ele><time>2025-04-24T03:29:11Z</time><extensions><gpxtpx:TrackPointExtension><gpxtpx:cad>0</gpxtpx:cad></gpxtpx:TrackPointExtension></extensions></trkpt><trkpt lat="15.6258986145" lon="73.7211133260"><ele>1.58</ele><time>2025-04-24T03:29:16Z</time><extensions><gpxtpx:TrackPointExtension><gpxtpx:cad>0</gpxtpx:cad></gpxtpx:TrackPointExtension></extensions></trkpt><trkpt lat="15.6260524224" lon="73.7211580854"><ele>1.10</ele><time>2025-04-24T03:29:21Z</time><extensions><gpxtpx:TrackPointExtension><gpxtpx:cad>0</gpxtpx:cad></gpxtpx:TrackPointExtension></extensions></trkpt><trkpt lat="15.6262064818" lon="73.7211903557"><ele>1.10</ele><time>2025-04-24T03:29:26Z</time><extensions><gpxtpx:TrackPointExtension><gpxtpx:cad>0</gpxtpx:cad></gpxtpx:TrackPointExtension></extensions></trkpt><trkpt lat="15.6263661571" lon="73.7212241348"><ele>0.62</ele><time>2025-04-24T03:29:31Z</time><extensions><gpxtpx:TrackPointExtension><gpxtpx:cad>0</gpxtpx:cad></gpxtpx:TrackPointExtension></extensions></trkpt><trkpt lat="15.6265057996" lon="73.7212786172"><ele>0.14</ele><time>2025-04-24T03:29:36Z</time><extensions><gpxtpx:TrackPointExtension><gpxtpx:cad>0</gpxtpx:cad></gpxtpx:TrackPointExtension></extensions></trkpt><trkpt lat="15.6266587693" lon="73.7213428225"><ele>0.14</ele><time>2025-04-24T03:29:41Z</time><extensions><gpxtpx:TrackPointExtension><gpxtpx:cad>0</gpxtpx:cad></gpxtpx:TrackPointExtension></extensions></trkpt><trkpt lat="15.6268167682" lon="73.7213842291"><ele>-0.34</ele><time>2025-04-24T03:29:46Z</time><extensions><gpxtpx:TrackPointExtension><gpxtpx:cad>0</gpxtpx:cad></gpxtpx:TrackPointExtension></extensions></trkpt><trkpt lat="15.6269845739" lon="73.7214230374"><ele>-0.82</ele><time>2025-04-24T03:29:51Z</time><extensions><gpxtpx:TrackPointExtension><gpxtpx:cad>0</gpxtpx:cad></gpxtpx:TrackPointExtension></extensions></trkpt><trkpt lat="15.6271433271" lon="73.7214579899"><ele>-0.82</ele><time>2025-04-24T03:29:56Z</time><extensions><gpxtpx:TrackPointExtension><gpxtpx:cad>0</gpxtpx:cad></gpxtpx:TrackPointExtension></extensions></trkpt><trkpt lat="15.6272865739" lon="73.7215087004"><ele>-0.82</ele><time>2025-04-24T03:30:01Z</time><extensions><gpxtpx:TrackPointExtension><gpxtpx:cad>0</gpxtpx:cad></gpxtpx:TrackPointExtension></extensions></trkpt><trkpt lat="15.6274350174" lon="73.7215579022"><ele>-0.82</ele><time>2025-04-24T03:30:06Z</time><extensions><gpxtpx:TrackPointExtension><gpxtpx:cad>0</gpxtpx:cad></gpxtpx:TrackPointExtension></extensions></trkpt><trkpt lat="15.6275930163" lon="73.7215680443"><ele>-0.82</ele><time>2025-04-24T03:30:11Z</time><extensions><gpxtpx:TrackPointExtension><gpxtpx:cad>0</gpxtpx:cad></gpxtpx:TrackPointExtension></extensions></trkpt><trkpt lat="15.6277538650" lon="73.7215522863"><ele>-0.34</ele><time>2025-04-24T03:30:16Z</time><extensions><gpxtpx:TrackPointExtension><gpxtpx:cad>0</gpxtpx:cad></gpxtpx:TrackPointExtension></extensions></trkpt><trkpt lat="15.6279199105" lon="73.7215317506"><ele>-0.34</ele><time>2025-04-24T03:30:21Z</time><extensions><gpxtpx:TrackPointExtension><gpxtpx:cad>0</gpxtpx:cad></gpxtpx:TrackPointExtension></extensions></trkpt><trkpt lat="15.6280868780" lon="73.7215124723"><ele>-0.34</ele><time>2025-04-24T03:30:26Z</time><extensions><gpxtpx:TrackPointExtension><gpxtpx:cad>0</gpxtpx:cad></gpxtpx:TrackPointExtension></extensions></trkpt><trkpt lat="15.6282391772" lon="73.7214697246"><ele>0.14</ele><time>2025-04-24T03:30:31Z</time><extensions><gpxtpx:TrackPointExtension><gpxtpx:cad>0</gpxtpx:cad></gpxtpx:TrackPointExtension></extensions></trkpt><trkpt lat="15.6283441186" lon="73.7213584967"><ele>0.14</ele><time>2025-04-24T03:30:36Z</time><extensions><gpxtpx:TrackPointExtension><gpxtpx:cad>0</gpxtpx:cad></gpxtpx:TrackPointExtension></extensions></trkpt><trkpt lat="15.6284282729" lon="73.7212132383"><ele>-0.34</ele><time>2025-04-24T03:30:41Z</time><extensions><gpxtpx:TrackPointExtension><gpxtpx:cad>0</gpxtpx:cad></gpxtpx:TrackPointExtension></extensions></trkpt><trkpt lat="15.6285093259" lon="73.7210755236"><ele>-0.34</ele><time>2025-04-24T03:30:46Z</time><extensions><gpxtpx:TrackPointExtension><gpxtpx:cad>0</gpxtpx:cad></gpxtpx:TrackPointExtension></extensions></trkpt><trkpt lat="15.6286007725" lon="73.7209381443"><ele>-0.34</ele><time>2025-04-24T03:30:51Z</time><extensions><gpxtpx:TrackPointExtension><gpxtpx:cad>0</gpxtpx:cad></gpxtpx:TrackPointExtension></extensions></trkpt><trkpt lat="15.6287048757" lon="73.7208067998"><ele>-0.34</ele><time>2025-04-24T03:30:56Z</time><extensions><gpxtpx:TrackPointExtension><gpxtpx:cad>0</gpxtpx:cad></gpxtpx:TrackPointExtension></extensions></trkpt><trkpt lat="15.6288011838" lon="73.7206734437"><ele>0.14</ele><time>2025-04-24T03:31:01Z</time><extensions><gpxtpx:TrackPointExtension><gpxtpx:cad>0</gpxtpx:cad></gpxtpx:TrackPointExtension></extensions></trkpt><trkpt lat="15.6288841646" lon="73.7205213960"><ele>0.62</ele><time>2025-04-24T03:31:06Z</time><extensions><gpxtpx:TrackPointExtension><gpxtpx:cad>0</gpxtpx:cad></gpxtpx:TrackPointExtension></extensions></trkpt><trkpt lat="15.6289672293" lon="73.7203700189"><ele>1.10</ele><time>2025-04-24T03:31:11Z</time><extensions><gpxtpx:TrackPointExtension><gpxtpx:cad>0</gpxtpx:cad></gpxtpx:TrackPointExtension></extensions></trkpt><trkpt lat="15.6290626153" lon="73.7202349864"><ele>1.58</ele><time>2025-04-24T03:31:16Z</time><extensions><gpxtpx:TrackPointExtension><gpxtpx:cad>0</gpxtpx:cad></gpxtpx:TrackPointExtension></extensions></trkpt><trkpt lat="15.6291604321" lon="73.7200994510"><ele>1.58</ele><time>2025-04-24T03:31:21Z</time><extensions><gpxtpx:TrackPointExtension><gpxtpx:cad>0</gpxtpx:cad></gpxtpx:TrackPointExtension></extensions></trkpt><trkpt lat="15.6292531360" lon="73.7199619040"><ele>1.10</ele><time>2025-04-24T03:31:26Z</time><extensions><gpxtpx:TrackPointExtension><gpxtpx:cad>0</gpxtpx:cad></gpxtpx:TrackPointExtension></extensions></trkpt><trkpt lat="15.6293557305" lon="73.7198350020"><ele>0.14</ele><time>2025-04-24T03:31:31Z</time><extensions><gpxtpx:TrackPointExtension><gpxtpx:cad>0</gpxtpx:cad></gpxtpx:TrackPointExtension></extensions></trkpt><trkpt lat="15.6294505298" lon="73.7197116204"><ele>-0.34</ele><time>2025-04-24T03:31:36Z</time><extensions><gpxtpx:TrackPointExtension><gpxtpx:cad>0</gpxtpx:cad></gpxtpx:TrackPointExtension></extensions></trkpt><trkpt lat="15.6295513641" lon="73.7195775099"><ele>-0.34</ele><time>2025-04-24T03:31:41Z</time><extensions><gpxtpx:TrackPointExtension><gpxtpx:cad>0</gpxtpx:cad></gpxtpx:TrackPointExtension></extensions></trkpt><trkpt lat="15.6296496838" lon="73.7194416393"><ele>-0.82</ele><time>2025-04-24T03:31:46Z</time><extensions><gpxtpx:TrackPointExtension><gpxtpx:cad>0</gpxtpx:cad></gpxtpx:TrackPointExtension></extensions></trkpt><trkpt lat="15.6297456566" lon="73.7193040084"><ele>-0.82</ele><time>2025-04-24T03:31:51Z</time><extensions><gpxtpx:TrackPointExtension><gpxtpx:cad>0</gpxtpx:cad></gpxtpx:TrackPointExtension></extensions></trkpt><trkpt lat="15.6298476644" lon="73.7191699818"><ele>-0.82</ele><time>2025-04-24T03:31:56Z</time><extensions><gpxtpx:TrackPointExtension><gpxtpx:cad>0</gpxtpx:cad></gpxtpx:TrackPointExtension></extensions></trkpt><trkpt lat="15.6299477443" lon="73.7190349493"><ele>-0.82</ele><time>2025-04-24T03:32:01Z</time><extensions><gpxtpx:TrackPointExtension><gpxtpx:cad>0</gpxtpx:cad></gpxtpx:TrackPointExtension></extensions></trkpt><trkpt lat="15.6300482433" lon="73.7189012580"><ele>-0.82</ele><time>2025-04-24T03:32:06Z</time><extensions><gpxtpx:TrackPointExtension><gpxtpx:cad>0</gpxtpx:cad></gpxtpx:TrackPointExtension></extensions></trkpt><trkpt lat="15.6301447190" lon="73.7187652197"><ele>-0.82</ele><time>2025-04-24T03:32:11Z</time><extensions><gpxtpx:TrackPointExtension><gpxtpx:cad>0</gpxtpx:cad></gpxtpx:TrackPointExtension></extensions></trkpt><trkpt lat="15.6302344054" lon="73.7186278403"><ele>-0.82</ele><time>2025-04-24T03:32:16Z</time><extensions><gpxtpx:TrackPointExtension><gpxtpx:cad>0</gpxtpx:cad></gpxtpx:TrackPointExtension></extensions></trkpt><trkpt lat="15.6303170510" lon="73.7184852641"><ele>0.14</ele><time>2025-04-24T03:32:21Z</time><extensions><gpxtpx:TrackPointExtension><gpxtpx:cad>0</gpxtpx:cad></gpxtpx:TrackPointExtension></extensions></trkpt><trkpt lat="15.6304009538" lon="73.7183426879"><ele>0.14</ele><time>2025-04-24T03:32:26Z</time><extensions><gpxtpx:TrackPointExtension><gpxtpx:cad>0</gpxtpx:cad></gpxtpx:TrackPointExtension></extensions></trkpt><trkpt lat="15.6304587889" lon="73.7181859463"><ele>-0.82</ele><time>2025-04-24T03:32:31Z</time><extensions><gpxtpx:TrackPointExtension><gpxtpx:cad>0</gpxtpx:cad></gpxtpx:TrackPointExtension></extensions></trkpt><trkpt lat="15.6305190548" lon="73.7180371676"><ele>-1.30</ele><time>2025-04-24T03:32:36Z</time><extensions><gpxtpx:TrackPointExtension><gpxtpx:cad>0</gpxtpx:cad></gpxtpx:TrackPointExtension></extensions></trkpt><trkpt lat="15.6305658258" lon="73.7178799231"><ele>-0.82</ele><time>2025-04-24T03:32:41Z</time><extensions><gpxtpx:TrackPointExtension><gpxtpx:cad>0</gpxtpx:cad></gpxtpx:TrackPointExtension></extensions></trkpt><trkpt lat="15.6306282710" lon="73.7177158054"><ele>0.14</ele><time>2025-04-24T03:32:46Z</time><extensions><gpxtpx:TrackPointExtension><gpxtpx:cad>0</gpxtpx:cad></gpxtpx:TrackPointExtension></extensions></trkpt><trkpt lat="15.6306934822" lon="73.7175581418"><ele>0.62</ele><time>2025-04-24T03:32:51Z</time><extensions><gpxtpx:TrackPointExtension><gpxtpx:cad>0</gpxtpx:cad></gpxtpx:TrackPointExtension></extensions></trkpt><trkpt lat="15.6307613757" lon="73.7174028251"><ele>1.10</ele><time>2025-04-24T03:32:56Z</time><extensions><gpxtpx:TrackPointExtension><gpxtpx:cad>0</gpxtpx:cad></gpxtpx:TrackPointExtension></extensions></trkpt><trkpt lat="15.6308227312" lon="73.7172445748"><ele>1.10</ele><time>2025-04-24T03:33:01Z</time><extensions><gpxtpx:TrackPointExtension><gpxtpx:cad>0</gpxtpx:cad></gpxtpx:TrackPointExtension></extensions></trkpt><trkpt lat="15.6308931392" lon="73.7170915212"><ele>1.10</ele><time>2025-04-24T03:33:06Z</time><extensions><gpxtpx:TrackPointExtension><gpxtpx:cad>0</gpxtpx:cad></gpxtpx:TrackPointExtension></extensions></trkpt><trkpt lat="15.6309829932" lon="73.7169475202"><ele>0.62</ele><time>2025-04-24T03:33:11Z</time><extensions><gpxtpx:TrackPointExtension><gpxtpx:cad>0</gpxtpx:cad></gpxtpx:TrackPointExtension></extensions></trkpt><trkpt lat="15.6310786307" lon="73.7168090511"><ele>0.14</ele><time>2025-04-24T03:33:16Z</time><extensions><gpxtpx:TrackPointExtension><gpxtpx:cad>0</gpxtpx:cad></gpxtpx:TrackPointExtension></extensions></trkpt><trkpt lat="15.6311777886" lon="73.7166810594"><ele>0.14</ele><time>2025-04-24T03:33:21Z</time><extensions><gpxtpx:TrackPointExtension><gpxtpx:cad>0</gpxtpx:cad></gpxtpx:TrackPointExtension></extensions></trkpt><trkpt lat="15.6312704924" lon="73.7165389024"><ele>0.62</ele><time>2025-04-24T03:33:26Z</time><extensions><gpxtpx:TrackPointExtension><gpxtpx:cad>0</gpxtpx:cad></gpxtpx:TrackPointExtension></extensions></trkpt><trkpt lat="15.6313589215" lon="73.7163910456"><ele>0.62</ele><time>2025-04-24T03:33:31Z</time><extensions><gpxtpx:TrackPointExtension><gpxtpx:cad>0</gpxtpx:cad></gpxtpx:TrackPointExtension></extensions></trkpt><trkpt lat="15.6314515416" lon="73.7162544206"><ele>1.58</ele><time>2025-04-24T03:33:36Z</time><extensions><gpxtpx:TrackPointExtension><gpxtpx:cad>0</gpxtpx:cad></gpxtpx:TrackPointExtension></extensions></trkpt><trkpt lat="15.6315206084" lon="73.7160943262"><ele>1.58</ele><time>2025-04-24T03:33:41Z</time><extensions><gpxtpx:TrackPointExtension><gpxtpx:cad>0</gpxtpx:cad></gpxtpx:TrackPointExtension></extensions></trkpt><trkpt lat="15.6315846462" lon="73.7159475591"><ele>1.58</ele><time>2025-04-24T03:33:46Z</time><extensions><gpxtpx:TrackPointExtension><gpxtpx:cad>0</gpxtpx:cad></gpxtpx:TrackPointExtension></extensions></trkpt><trkpt lat="15.6316432357" lon="73.7157923263"><ele>1.58</ele><time>2025-04-24T03:33:51Z</time><extensions><gpxtpx:TrackPointExtension><gpxtpx:cad>0</gpxtpx:cad></gpxtpx:TrackPointExtension></extensions></trkpt><trkpt lat="15.6316858158" lon="73.7156395242"><ele>1.58</ele><time>2025-04-24T03:33:56Z</time><extensions><gpxtpx:TrackPointExtension><gpxtpx:cad>0</gpxtpx:cad></gpxtpx:TrackPointExtension></extensions></trkpt><trkpt lat="15.6317567267" lon="73.7154898234"><ele>1.58</ele><time>2025-04-24T03:34:01Z</time><extensions><gpxtpx:TrackPointExtension><gpxtpx:cad>0</gpxtpx:cad></gpxtpx:TrackPointExtension></extensions></trkpt><trkpt lat="15.6318150647" lon="73.7153377756"><ele>2.06</ele><time>2025-04-24T03:34:06Z</time><extensions><gpxtpx:TrackPointExtension><gpxtpx:cad>0</gpxtpx:cad></gpxtpx:TrackPointExtension></extensions></trkpt><trkpt lat="15.6318680383" lon="73.7151787709"><ele>2.06</ele><time>2025-04-24T03:34:11Z</time><extensions><gpxtpx:TrackPointExtension><gpxtpx:cad>0</gpxtpx:cad></gpxtpx:TrackPointExtension></extensions></trkpt><trkpt lat="15.6319112051" lon="73.7150185090"><ele>3.02</ele><time>2025-04-24T03:34:16Z</time><extensions><gpxtpx:TrackPointExtension><gpxtpx:cad>0</gpxtpx:cad></gpxtpx:TrackPointExtension></extensions></trkpt><trkpt lat="15.6319469120" lon="73.7148518767"><ele>3.50</ele><time>2025-04-24T03:34:21Z</time><extensions><gpxtpx:TrackPointExtension><gpxtpx:cad>0</gpxtpx:cad></gpxtpx:TrackPointExtension></extensions></trkpt><trkpt lat="15.6319646817" lon="73.7146923691"><ele>3.02</ele><time>2025-04-24T03:34:26Z</time><extensions><gpxtpx:TrackPointExtension><gpxtpx:cad>0</gpxtpx:cad></gpxtpx:TrackPointExtension></extensions></trkpt><trkpt lat="15.6319734827" lon="73.7145252340"><ele>3.50</ele><time>2025-04-24T03:34:31Z</time><extensions><gpxtpx:TrackPointExtension><gpxtpx:cad>0</gpxtpx:cad></gpxtpx:TrackPointExtension></extensions></trkpt><trkpt lat="15.6320001371" lon="73.7143689115"><ele>3.50</ele><time>2025-04-24T03:34:36Z</time><extensions><gpxtpx:TrackPointExtension><gpxtpx:cad>0</gpxtpx:cad></gpxtpx:TrackPointExtension></extensions></trkpt><trkpt lat="15.6320300605" lon="73.7142068055"><ele>3.02</ele><time>2025-04-24T03:34:41Z</time><extensions><gpxtpx:TrackPointExtension><gpxtpx:cad>0</gpxtpx:cad></gpxtpx:TrackPointExtension></extensions></trkpt><trkpt lat="15.6320529431" lon="73.7140371557"><ele>2.54</ele><time>2025-04-24T03:34:46Z</time><extensions><gpxtpx:TrackPointExtension><gpxtpx:cad>0</gpxtpx:cad></gpxtpx:TrackPointExtension></extensions></trkpt><trkpt lat="15.6320894044" lon="73.7138753012"><ele>2.54</ele><time>2025-04-24T03:34:51Z</time><extensions><gpxtpx:TrackPointExtension><gpxtpx:cad>0</gpxtpx:cad></gpxtpx:TrackPointExtension></extensions></trkpt><trkpt lat="15.6321386900" lon="73.7137110159"><ele>2.54</ele><time>2025-04-24T03:34:56Z</time><extensions><gpxtpx:TrackPointExtension><gpxtpx:cad>0</gpxtpx:cad></gpxtpx:TrackPointExtension></extensions></trkpt><trkpt lat="15.6322014704" lon="73.7135530170"><ele>2.54</ele><time>2025-04-24T03:35:01Z</time><extensions><gpxtpx:TrackPointExtension><gpxtpx:cad>0</gpxtpx:cad></gpxtpx:TrackPointExtension></extensions></trkpt><trkpt lat="15.6322685257" lon="73.7134022266"><ele>3.02</ele><time>2025-04-24T03:35:06Z</time><extensions><gpxtpx:TrackPointExtension><gpxtpx:cad>0</gpxtpx:cad></gpxtpx:TrackPointExtension></extensions></trkpt><trkpt lat="15.6323344912" lon="73.7132488377"><ele>2.54</ele><time>2025-04-24T03:35:11Z</time><extensions><gpxtpx:TrackPointExtension><gpxtpx:cad>0</gpxtpx:cad></gpxtpx:TrackPointExtension></extensions></trkpt><trkpt lat="15.6324165501" lon="73.7131050043"><ele>2.06</ele><time>2025-04-24T03:35:16Z</time><extensions><gpxtpx:TrackPointExtension><gpxtpx:cad>0</gpxtpx:cad></gpxtpx:TrackPointExtension></extensions></trkpt><trkpt lat="15.6325160433" lon="73.7129750010"><ele>1.58</ele><time>2025-04-24T03:35:21Z</time><extensions><gpxtpx:TrackPointExtension><gpxtpx:cad>0</gpxtpx:cad></gpxtpx:TrackPointExtension></extensions></trkpt><trkpt lat="15.6325845234" lon="73.7128290720"><ele>1.58</ele><time>2025-04-24T03:35:26Z</time><extensions><gpxtpx:TrackPointExtension><gpxtpx:cad>0</gpxtpx:cad></gpxtpx:TrackPointExtension></extensions></trkpt><trkpt lat="15.6326224934" lon="73.7126719952"><ele>1.10</ele><time>2025-04-24T03:35:31Z</time><extensions><gpxtpx:TrackPointExtension><gpxtpx:cad>0</gpxtpx:cad></gpxtpx:TrackPointExtension></extensions></trkpt><trkpt lat="15.6326436158" lon="73.7125072069"><ele>1.10</ele><time>2025-04-24T03:35:36Z</time><extensions><gpxtpx:TrackPointExtension><gpxtpx:cad>0</gpxtpx:cad></gpxtpx:TrackPointExtension></extensions></trkpt><trkpt lat="15.6326750480" lon="73.7123471964"><ele>1.10</ele><time>2025-04-24T03:35:41Z</time><extensions><gpxtpx:TrackPointExtension><gpxtpx:cad>0</gpxtpx:cad></gpxtpx:TrackPointExtension></extensions></trkpt><trkpt lat="15.6327186339" lon="73.7121926341"><ele>0.62</ele><time>2025-04-24T03:35:46Z</time><extensions><gpxtpx:TrackPointExtension><gpxtpx:cad>0</gpxtpx:cad></gpxtpx:TrackPointExtension></extensions></trkpt><trkpt lat="15.6327295303" lon="73.7120280135"><ele>0.62</ele><time>2025-04-24T03:35:51Z</time><extensions><gpxtpx:TrackPointExtension><gpxtpx:cad>0</gpxtpx:cad></gpxtpx:TrackPointExtension></extensions></trkpt><trkpt lat="15.6327504013" lon="73.7118644826"><ele>0.14</ele><time>2025-04-24T03:35:56Z</time><extensions><gpxtpx:TrackPointExtension><gpxtpx:cad>0</gpxtpx:cad></gpxtpx:TrackPointExtension></extensions></trkpt><trkpt lat="15.6328389142" lon="73.7117560208"><ele>0.14</ele><time>2025-04-24T03:36:01Z</time><extensions><gpxtpx:TrackPointExtension><gpxtpx:cad>0</gpxtpx:cad></gpxtpx:TrackPointExtension></extensions></trkpt><trkpt lat="15.6329738628" lon="73.7117012031"><ele>-0.34</ele><time>2025-04-24T03:36:06Z</time><extensions><gpxtpx:TrackPointExtension><gpxtpx:cad>0</gpxtpx:cad></gpxtpx:TrackPointExtension></extensions></trkpt><trkpt lat="15.6331144273" lon="73.7116352376"><ele>-0.82</ele><time>2025-04-24T03:36:11Z</time><extensions><gpxtpx:TrackPointExtension><gpxtpx:cad>0</gpxtpx:cad></gpxtpx:TrackPointExtension></extensions></trkpt><trkpt lat="15.6332377251" lon="73.7115312181"><ele>-0.34</ele><time>2025-04-24T03:36:16Z</time><extensions><gpxtpx:TrackPointExtension><gpxtpx:cad>0</gpxtpx:cad></gpxtpx:TrackPointExtension></extensions></trkpt><trkpt lat="15.6333618611" lon="73.7114153802"><ele>-0.34</ele><time>2025-04-24T03:36:21Z</time><extensions><gpxtpx:TrackPointExtension><gpxtpx:cad>0</gpxtpx:cad></gpxtpx:TrackPointExtension></extensions></trkpt><trkpt lat="15.6335001625" lon="73.7113234308"><ele>-0.34</ele><time>2025-04-24T03:36:26Z</time><extensions><gpxtpx:TrackPointExtension><gpxtpx:cad>0</gpxtpx:cad></gpxtpx:TrackPointExtension></extensions></trkpt><trkpt lat="15.6336450018" lon="73.7112524360"><ele>-0.34</ele><time>2025-04-24T03:36:31Z</time><extensions><gpxtpx:TrackPointExtension><gpxtpx:cad>0</gpxtpx:cad></gpxtpx:TrackPointExtension></extensions></trkpt><trkpt lat="15.6337739993" lon="73.7111519370"><ele>-0.82</ele><time>2025-04-24T03:36:36Z</time><extensions><gpxtpx:TrackPointExtension><gpxtpx:cad>0</gpxtpx:cad></gpxtpx:TrackPointExtension></extensions></trkpt><trkpt lat="15.6338986382" lon="73.7110402063"><ele>-0.34</ele><time>2025-04-24T03:36:41Z</time><extensions><gpxtpx:TrackPointExtension><gpxtpx:cad>0</gpxtpx:cad></gpxtpx:TrackPointExtension></extensions></trkpt><trkpt lat="15.6340179127" lon="73.7109428085"><ele>-0.34</ele><time>2025-04-24T03:36:46Z</time><extensions><gpxtpx:TrackPointExtension><gpxtpx:cad>0</gpxtpx:cad></gpxtpx:TrackPointExtension></extensions></trkpt><trkpt lat="15.6341424678" lon="73.7108285632"><ele>-0.34</ele><time>2025-04-24T03:36:51Z</time><extensions><gpxtpx:TrackPointExtension><gpxtpx:cad>0</gpxtpx:cad></gpxtpx:TrackPointExtension></extensions></trkpt><trkpt lat="15.6342591438" lon="73.7107081991"><ele>-0.82</ele><time>2025-04-24T03:36:56Z</time><extensions><gpxtpx:TrackPointExtension><gpxtpx:cad>0</gpxtpx:cad></gpxtpx:TrackPointExtension></extensions></trkpt><trkpt lat="15.6343692821" lon="73.7105863262"><ele>-0.82</ele><time>2025-04-24T03:37:01Z</time><extensions><gpxtpx:TrackPointExtension><gpxtpx:cad>0</gpxtpx:cad></gpxtpx:TrackPointExtension></extensions></trkpt><trkpt lat="15.6344807614" lon="73.7104583345"><ele>-1.30</ele><time>2025-04-24T03:37:06Z</time><extensions><gpxtpx:TrackPointExtension><gpxtpx:cad>0</gpxtpx:cad></gpxtpx:TrackPointExtension></extensions></trkpt><trkpt lat="15.6345902290" lon="73.7103243917"><ele>-0.82</ele><time>2025-04-24T03:37:11Z</time><extensions><gpxtpx:TrackPointExtension><gpxtpx:cad>0</gpxtpx:cad></gpxtpx:TrackPointExtension></extensions></trkpt><trkpt lat="15.6347194780" lon="73.7102194503"><ele>-0.82</ele><time>2025-04-24T03:37:16Z</time><extensions><gpxtpx:TrackPointExtension><gpxtpx:cad>0</gpxtpx:cad></gpxtpx:TrackPointExtension></extensions></trkpt><trkpt lat="15.6348462123" lon="73.7101144250"><ele>-1.30</ele><time>2025-04-24T03:37:21Z</time><extensions><gpxtpx:TrackPointExtension><gpxtpx:cad>0</gpxtpx:cad></gpxtpx:TrackPointExtension></extensions></trkpt><trkpt lat="15.6349667441" lon="73.7100000959"><ele>-1.30</ele><time>2025-04-24T03:37:26Z</time><extensions><gpxtpx:TrackPointExtension><gpxtpx:cad>0</gpxtpx:cad></gpxtpx:TrackPointExtension></extensions></trkpt><trkpt lat="15.6350977533" lon="73.7098964117"><ele>-1.30</ele><time>2025-04-24T03:37:31Z</time><extensions><gpxtpx:TrackPointExtension><gpxtpx:cad>0</gpxtpx:cad></gpxtpx:TrackPointExtension></extensions></trkpt><trkpt lat="15.6352300197" lon="73.7097989302"><ele>-1.30</ele><time>2025-04-24T03:37:36Z</time><extensions><gpxtpx:TrackPointExtension><gpxtpx:cad>0</gpxtpx:cad></gpxtpx:TrackPointExtension></extensions></trkpt><trkpt lat="15.6353584304" lon="73.7096915580"><ele>-1.79</ele><time>2025-04-24T03:37:41Z</time><extensions><gpxtpx:TrackPointExtension><gpxtpx:cad>0</gpxtpx:cad></gpxtpx:TrackPointExtension></extensions></trkpt><trkpt lat="15.6354889367" lon="73.7095998600"><ele>-1.30</ele><time>2025-04-24T03:37:46Z</time><extensions><gpxtpx:TrackPointExtension><gpxtpx:cad>0</gpxtpx:cad></gpxtpx:TrackPointExtension></extensions></trkpt><trkpt lat="15.6356284954" lon="73.7095054798"><ele>-1.30</ele><time>2025-04-24T03:37:51Z</time><extensions><gpxtpx:TrackPointExtension><gpxtpx:cad>0</gpxtpx:cad></gpxtpx:TrackPointExtension></extensions></trkpt><trkpt lat="15.6357600074" lon="73.7094096746"><ele>-1.30</ele><time>2025-04-24T03:37:56Z</time><extensions><gpxtpx:TrackPointExtension><gpxtpx:cad>0</gpxtpx:cad></gpxtpx:TrackPointExtension></extensions></trkpt><trkpt lat="15.6359000690" lon="73.7093291245"><ele>-1.30</ele><time>2025-04-24T03:38:01Z</time><extensions><gpxtpx:TrackPointExtension><gpxtpx:cad>0</gpxtpx:cad></gpxtpx:TrackPointExtension></extensions></trkpt><trkpt lat="15.6360397954" lon="73.7092437129"><ele>-1.30</ele><time>2025-04-24T03:38:06Z</time><extensions><gpxtpx:TrackPointExtension><gpxtpx:cad>0</gpxtpx:cad></gpxtpx:TrackPointExtension></extensions></trkpt><trkpt lat="15.6361750793" lon="73.7091462314"><ele>-1.30</ele><time>2025-04-24T03:38:11Z</time><extensions><gpxtpx:TrackPointExtension><gpxtpx:cad>0</gpxtpx:cad></gpxtpx:TrackPointExtension></extensions></trkpt><trkpt lat="15.6362935994" lon="73.7090333272"><ele>-1.30</ele><time>2025-04-24T03:38:16Z</time><extensions><gpxtpx:TrackPointExtension><gpxtpx:cad>0</gpxtpx:cad></gpxtpx:TrackPointExtension></extensions></trkpt><trkpt lat="15.6364122871" lon="73.7089174893"><ele>-1.30</ele><time>2025-04-24T03:38:21Z</time><extensions><gpxtpx:TrackPointExtension><gpxtpx:cad>0</gpxtpx:cad></gpxtpx:TrackPointExtension></extensions></trkpt><trkpt lat="15.6365288794" lon="73.7088015676"><ele>-1.79</ele><time>2025-04-24T03:38:26Z</time><extensions><gpxtpx:TrackPointExtension><gpxtpx:cad>0</gpxtpx:cad></gpxtpx:TrackPointExtension></extensions></trkpt><trkpt lat="15.6366350781" lon="73.7086701393"><ele>-1.79</ele><time>2025-04-24T03:38:31Z</time><extensions><gpxtpx:TrackPointExtension><gpxtpx:cad>0</gpxtpx:cad></gpxtpx:TrackPointExtension></extensions></trkpt><trkpt lat="15.6367462222" lon="73.7085477635"><ele>-1.79</ele><time>2025-04-24T03:38:36Z</time><extensions><gpxtpx:TrackPointExtension><gpxtpx:cad>0</gpxtpx:cad></gpxtpx:TrackPointExtension></extensions></trkpt><trkpt lat="15.6368691009" lon="73.7084396370"><ele>-1.79</ele><time>2025-04-24T03:38:41Z</time><extensions><gpxtpx:TrackPointExtension><gpxtpx:cad>0</gpxtpx:cad></gpxtpx:TrackPointExtension></extensions></trkpt><trkpt lat="15.6369745452" lon="73.7083130702"><ele>-1.79</ele><time>2025-04-24T03:38:46Z</time><extensions><gpxtpx:TrackPointExtension><gpxtpx:cad>0</gpxtpx:cad></gpxtpx:TrackPointExtension></extensions></trkpt><trkpt lat="15.6370825041" lon="73.7081841566"><ele>-1.79</ele><time>2025-04-24T03:38:51Z</time><extensions><gpxtpx:TrackPointExtension><gpxtpx:cad>0</gpxtpx:cad></gpxtpx:TrackPointExtension></extensions></trkpt><trkpt lat="15.6372025330" lon="73.7080719229"><ele>-1.79</ele><time>2025-04-24T03:38:56Z</time><extensions><gpxtpx:TrackPointExtension><gpxtpx:cad>0</gpxtpx:cad></gpxtpx:TrackPointExtension></extensions></trkpt><trkpt lat="15.6373287644" lon="73.7079756986"><ele>-1.79</ele><time>2025-04-24T03:39:01Z</time><extensions><gpxtpx:TrackPointExtension><gpxtpx:cad>0</gpxtpx:cad></gpxtpx:TrackPointExtension></extensions></trkpt><trkpt lat="15.6374691613" lon="73.7078949809"><ele>-1.30</ele><time>2025-04-24T03:39:06Z</time><extensions><gpxtpx:TrackPointExtension><gpxtpx:cad>0</gpxtpx:cad></gpxtpx:TrackPointExtension></extensions></trkpt><trkpt lat="15.6376247294" lon="73.7078242376"><ele>-1.30</ele><time>2025-04-24T03:39:11Z</time><extensions><gpxtpx:TrackPointExtension><gpxtpx:cad>0</gpxtpx:cad></gpxtpx:TrackPointExtension></extensions></trkpt><trkpt lat="15.6377730891" lon="73.7077682465"><ele>-1.30</ele><time>2025-04-24T03:39:16Z</time><extensions><gpxtpx:TrackPointExtension><gpxtpx:cad>0</gpxtpx:cad></gpxtpx:TrackPointExtension></extensions></trkpt><trkpt lat="15.6379337702" lon="73.7077332940"><ele>-1.30</ele><time>2025-04-24T03:39:21Z</time><extensions><gpxtpx:TrackPointExtension><gpxtpx:cad>0</gpxtpx:cad></gpxtpx:TrackPointExtension></extensions></trkpt><trkpt lat="15.6380948704" lon="73.7076952402"><ele>-1.30</ele><time>2025-04-24T03:39:26Z</time><extensions><gpxtpx:TrackPointExtension><gpxtpx:cad>0</gpxtpx:cad></gpxtpx:TrackPointExtension></extensions></trkpt><trkpt lat="15.6382451579" lon="73.7076400034"><ele>-1.30</ele><time>2025-04-24T03:39:31Z</time><extensions><gpxtpx:TrackPointExtension><gpxtpx:cad>0</gpxtpx:cad></gpxtpx:TrackPointExtension></extensions></trkpt><trkpt lat="15.6383931823" lon="73.7075711880"><ele>-1.30</ele><time>2025-04-24T03:39:36Z</time><extensions><gpxtpx:TrackPointExtension><gpxtpx:cad>0</gpxtpx:cad></gpxtpx:TrackPointExtension></extensions></trkpt><trkpt lat="15.6385506783" lon="73.7075055577"><ele>-0.82</ele><time>2025-04-24T03:39:41Z</time><extensions><gpxtpx:TrackPointExtension><gpxtpx:cad>0</gpxtpx:cad></gpxtpx:TrackPointExtension></extensions></trkpt><trkpt lat="15.6387016363" lon="73.7074466329"><ele>-1.30</ele><time>2025-04-24T03:39:46Z</time><extensions><gpxtpx:TrackPointExtension><gpxtpx:cad>0</gpxtpx:cad></gpxtpx:TrackPointExtension></extensions></trkpt><trkpt lat="15.6388541032" lon="73.7073914800"><ele>-0.82</ele><time>2025-04-24T03:39:51Z</time><extensions><gpxtpx:TrackPointExtension><gpxtpx:cad>0</gpxtpx:cad></gpxtpx:TrackPointExtension></extensions></trkpt><trkpt lat="15.6390096713" lon="73.7073397636"><ele>-0.34</ele><time>2025-04-24T03:39:56Z</time><extensions><gpxtpx:TrackPointExtension><gpxtpx:cad>0</gpxtpx:cad></gpxtpx:TrackPointExtension></extensions></trkpt><trkpt lat="15.6391638145" lon="73.7072882988"><ele>-0.34</ele><time>2025-04-24T03:40:01Z</time><extensions><gpxtpx:TrackPointExtension><gpxtpx:cad>0</gpxtpx:cad></gpxtpx:TrackPointExtension></extensions></trkpt><trkpt lat="15.6393282674" lon="73.7072340678"><ele>0.14</ele><time>2025-04-24T03:40:06Z</time><extensions><gpxtpx:TrackPointExtension><gpxtpx:cad>0</gpxtpx:cad></gpxtpx:TrackPointExtension></extensions></trkpt><trkpt lat="15.6394849252" lon="73.7071830221"><ele>0.14</ele><time>2025-04-24T03:40:11Z</time><extensions><gpxtpx:TrackPointExtension><gpxtpx:cad>0</gpxtpx:cad></gpxtpx:TrackPointExtension></extensions></trkpt><trkpt lat="15.6396303512" lon="73.7071313895"><ele>0.14</ele><time>2025-04-24T03:40:16Z</time><extensions><gpxtpx:TrackPointExtension><gpxtpx:cad>0</gpxtpx:cad></gpxtpx:TrackPointExtension></extensions></trkpt><trkpt lat="15.6397600193" lon="73.7070909888"><ele>0.14</ele><time>2025-04-24T03:40:20Z</time><extensions><gpxtpx:TrackPointExtension><gpxtpx:cad>0</gpxtpx:cad></gpxtpx:TrackPointExtension></extensions></trkpt><trkpt lat="15.6399440020" lon="73.7070428766"><ele>-0.34</ele><time>2025-04-24T03:40:26Z</time><extensions><gpxtpx:TrackPointExtension><gpxtpx:cad>0</gpxtpx:cad></gpxtpx:TrackPointExtension></extensions></trkpt><trkpt lat="15.6401025038" lon="73.7070128694"><ele>-0.34</ele><time>2025-04-24T03:40:31Z</time><extensions><gpxtpx:TrackPointExtension><gpxtpx:cad>0</gpxtpx:cad></gpxtpx:TrackPointExtension></extensions></trkpt><trkpt lat="15.6402604189" lon="73.7070033140"><ele>-0.34</ele><time>2025-04-24T03:40:36Z</time><extensions><gpxtpx:TrackPointExtension><gpxtpx:cad>0</gpxtpx:cad></gpxtpx:TrackPointExtension></extensions></trkpt><trkpt lat="15.6404266320" lon="73.7069823593"><ele>0.14</ele><time>2025-04-24T03:40:41Z</time><extensions><gpxtpx:TrackPointExtension><gpxtpx:cad>0</gpxtpx:cad></gpxtpx:TrackPointExtension></extensions></trkpt><trkpt lat="15.6405883189" lon="73.7069572136"><ele>0.62</ele><time>2025-04-24T03:40:46Z</time><extensions><gpxtpx:TrackPointExtension><gpxtpx:cad>0</gpxtpx:cad></gpxtpx:TrackPointExtension></extensions></trkpt><trkpt lat="15.6407523528" lon="73.7069325708"><ele>0.62</ele><time>2025-04-24T03:40:51Z</time><extensions><gpxtpx:TrackPointExtension><gpxtpx:cad>0</gpxtpx:cad></gpxtpx:TrackPointExtension></extensions></trkpt><trkpt lat="15.6409125309" lon="73.7069139630"><ele>0.62</ele><time>2025-04-24T03:40:56Z</time><extensions><gpxtpx:TrackPointExtension><gpxtpx:cad>0</gpxtpx:cad></gpxtpx:TrackPointExtension></extensions></trkpt><trkpt lat="15.6410779897" lon="73.7069014739"><ele>1.10</ele><time>2025-04-24T03:41:01Z</time><extensions><gpxtpx:TrackPointExtension><gpxtpx:cad>0</gpxtpx:cad></gpxtpx:TrackPointExtension></extensions></trkpt><trkpt lat="15.6412431132" lon="73.7068924215"><ele>1.58</ele><time>2025-04-24T03:41:06Z</time><extensions><gpxtpx:TrackPointExtension><gpxtpx:cad>0</gpxtpx:cad></gpxtpx:TrackPointExtension></extensions></trkpt><trkpt lat="15.6414012797" lon="73.7068881467"><ele>1.58</ele><time>2025-04-24T03:41:11Z</time><extensions><gpxtpx:TrackPointExtension><gpxtpx:cad>0</gpxtpx:cad></gpxtpx:TrackPointExtension></extensions></trkpt><trkpt lat="15.6415622123" lon="73.7068839557"><ele>1.58</ele><time>2025-04-24T03:41:16Z</time><extensions><gpxtpx:TrackPointExtension><gpxtpx:cad>0</gpxtpx:cad></gpxtpx:TrackPointExtension></extensions></trkpt><trkpt lat="15.6417223066" lon="73.7068862189"><ele>1.58</ele><time>2025-04-24T03:41:21Z</time><extensions><gpxtpx:TrackPointExtension><gpxtpx:cad>0</gpxtpx:cad></gpxtpx:TrackPointExtension></extensions></trkpt><trkpt lat="15.6418865081" lon="73.7069220934"><ele>2.06</ele><time>2025-04-24T03:41:26Z</time><extensions><gpxtpx:TrackPointExtension><gpxtpx:cad>0</gpxtpx:cad></gpxtpx:TrackPointExtension></extensions></trkpt><trkpt lat="15.6420240551" lon="73.7070002127"><ele>2.06</ele><time>2025-04-24T03:41:31Z</time><extensions><gpxtpx:TrackPointExtension><gpxtpx:cad>0</gpxtpx:cad></gpxtpx:TrackPointExtension></extensions></trkpt><trkpt lat="15.6421470176" lon="73.7070944253"><ele>2.06</ele><time>2025-04-24T03:41:36Z</time><extensions><gpxtpx:TrackPointExtension><gpxtpx:cad>0</gpxtpx:cad></gpxtpx:TrackPointExtension></extensions></trkpt><trkpt lat="15.6422874145" lon="73.7071685214"><ele>2.06</ele><time>2025-04-24T03:41:41Z</time><extensions><gpxtpx:TrackPointExtension><gpxtpx:cad>0</gpxtpx:cad></gpxtpx:TrackPointExtension></extensions></trkpt><trkpt lat="15.6424280629" lon="73.7072313018"><ele>2.54</ele><time>2025-04-24T03:41:46Z</time><extensions><gpxtpx:TrackPointExtension><gpxtpx:cad>0</gpxtpx:cad></gpxtpx:TrackPointExtension></extensions></trkpt><trkpt lat="15.6425744109" lon="73.7072918192"><ele>2.54</ele><time>2025-04-24T03:41:51Z</time><extensions><gpxtpx:TrackPointExtension><gpxtpx:cad>0</gpxtpx:cad></gpxtpx:TrackPointExtension></extensions></trkpt><trkpt lat="15.6427231058" lon="73.7073493190"><ele>2.54</ele><time>2025-04-24T03:41:56Z</time><extensions><gpxtpx:TrackPointExtension><gpxtpx:cad>0</gpxtpx:cad></gpxtpx:TrackPointExtension></extensions></trkpt><trkpt lat="15.6428598147" lon="73.7074301206"><ele>2.06</ele><time>2025-04-24T03:42:01Z</time><extensions><gpxtpx:TrackPointExtension><gpxtpx:cad>0</gpxtpx:cad></gpxtpx:TrackPointExtension></extensions></trkpt><trkpt lat="15.6429851241" lon="73.7075272668"><ele>2.06</ele><time>2025-04-24T03:42:06Z</time><extensions><gpxtpx:TrackPointExtension><gpxtpx:cad>0</gpxtpx:cad></gpxtpx:TrackPointExtension></extensions></trkpt><trkpt lat="15.6431191508" lon="73.7076116726"><ele>2.06</ele><time>2025-04-24T03:42:11Z</time><extensions><gpxtpx:TrackPointExtension><gpxtpx:cad>0</gpxtpx:cad></gpxtpx:TrackPointExtension></extensions></trkpt><trkpt lat="15.6432746351" lon="73.7076576892"><ele>1.58</ele><time>2025-04-24T03:42:16Z</time><extensions><gpxtpx:TrackPointExtension><gpxtpx:cad>0</gpxtpx:cad></gpxtpx:TrackPointExtension></extensions></trkpt><trkpt lat="15.6434346456" lon="73.7077041250"><ele>1.58</ele><time>2025-04-24T03:42:21Z</time><extensions><gpxtpx:TrackPointExtension><gpxtpx:cad>0</gpxtpx:cad></gpxtpx:TrackPointExtension></extensions></trkpt><trkpt lat="15.6435930636" lon="73.7077487167"><ele>1.58</ele><time>2025-04-24T03:42:26Z</time><extensions><gpxtpx:TrackPointExtension><gpxtpx:cad>0</gpxtpx:cad></gpxtpx:TrackPointExtension></extensions></trkpt><trkpt lat="15.6437388249" lon="73.7078057136"><ele>1.10</ele><time>2025-04-24T03:42:31Z</time><extensions><gpxtpx:TrackPointExtension><gpxtpx:cad>0</gpxtpx:cad></gpxtpx:TrackPointExtension></extensions></trkpt><trkpt lat="15.6438848376" lon="73.7078634650"><ele>0.62</ele><time>2025-04-24T03:42:36Z</time><extensions><gpxtpx:TrackPointExtension><gpxtpx:cad>0</gpxtpx:cad></gpxtpx:TrackPointExtension></extensions></trkpt><trkpt lat="15.6440497097" lon="73.7078969087"><ele>0.62</ele><time>2025-04-24T03:42:41Z</time><extensions><gpxtpx:TrackPointExtension><gpxtpx:cad>0</gpxtpx:cad></gpxtpx:TrackPointExtension></extensions></trkpt><trkpt lat="15.6442043558" lon="73.7079311907"><ele>1.10</ele><time>2025-04-24T03:42:46Z</time><extensions><gpxtpx:TrackPointExtension><gpxtpx:cad>0</gpxtpx:cad></gpxtpx:TrackPointExtension></extensions></trkpt><trkpt lat="15.6443603430" lon="73.7079842482"><ele>0.62</ele><time>2025-04-24T03:42:51Z</time><extensions><gpxtpx:TrackPointExtension><gpxtpx:cad>0</gpxtpx:cad></gpxtpx:TrackPointExtension></extensions></trkpt><trkpt lat="15.6445133127" lon="73.7080330309"><ele>1.10</ele><time>2025-04-24T03:42:56Z</time><extensions><gpxtpx:TrackPointExtension><gpxtpx:cad>0</gpxtpx:cad></gpxtpx:TrackPointExtension></extensions></trkpt><trkpt lat="15.6446640193" lon="73.7080805562"><ele>1.10</ele><time>2025-04-24T03:43:01Z</time><extensions><gpxtpx:TrackPointExtension><gpxtpx:cad>0</gpxtpx:cad></gpxtpx:TrackPointExtension></extensions></trkpt><trkpt lat="15.6448168214" lon="73.7081186101"><ele>1.10</ele><time>2025-04-24T03:43:06Z</time><extensions><gpxtpx:TrackPointExtension><gpxtpx:cad>0</gpxtpx:cad></gpxtpx:TrackPointExtension></extensions></trkpt><trkpt lat="15.6449775025" lon="73.7081376370"><ele>1.10</ele><time>2025-04-24T03:43:11Z</time><extensions><gpxtpx:TrackPointExtension><gpxtpx:cad>0</gpxtpx:cad></gpxtpx:TrackPointExtension></extensions></trkpt><trkpt lat="15.6451103557" lon="73.7081481144"><ele>1.58</ele><time>2025-04-24T03:43:16Z</time><extensions><gpxtpx:TrackPointExtension><gpxtpx:cad>0</gpxtpx:cad></gpxtpx:TrackPointExtension></extensions></trkpt><trkpt lat="15.6452009641" lon="73.7081481144"><ele>0.62</ele><time>2025-04-24T03:43:21Z</time><extensions><gpxtpx:TrackPointExtension><gpxtpx:cad>0</gpxtpx:cad></gpxtpx:TrackPointExtension></extensions></trkpt><trkpt lat="15.6452846155" lon="73.7081558257"><ele>1.10</ele><time>2025-04-24T03:43:26Z</time><extensions><gpxtpx:TrackPointExtension><gpxtpx:cad>0</gpxtpx:cad></gpxtpx:TrackPointExtension></extensions></trkpt><trkpt lat="15.6453494914" lon="73.7081624474"><ele>0.62</ele><time>2025-04-24T03:43:31Z</time><extensions><gpxtpx:TrackPointExtension><gpxtpx:cad>0</gpxtpx:cad></gpxtpx:TrackPointExtension></extensions></trkpt><trkpt lat="15.6453990284" lon="73.7081747688"><ele>0.62</ele><time>2025-04-24T03:43:36Z</time><extensions><gpxtpx:TrackPointExtension><gpxtpx:cad>0</gpxtpx:cad></gpxtpx:TrackPointExtension></extensions></trkpt><trkpt lat="15.6454432849" lon="73.7081877608"><ele>1.10</ele><time>2025-04-24T03:43:41Z</time><extensions><gpxtpx:TrackPointExtension><gpxtpx:cad>0</gpxtpx:cad></gpxtpx:TrackPointExtension></extensions></trkpt><trkpt lat="15.6454756390" lon="73.7082040217"><ele>0.62</ele><time>2025-04-24T03:43:46Z</time><extensions><gpxtpx:TrackPointExtension><gpxtpx:cad>0</gpxtpx:cad></gpxtpx:TrackPointExtension></extensions></trkpt><trkpt lat="15.6454991922" lon="73.7082252279"><ele>0.14</ele><time>2025-04-24T03:43:51Z</time><extensions><gpxtpx:TrackPointExtension><gpxtpx:cad>0</gpxtpx:cad></gpxtpx:TrackPointExtension></extensions></trkpt><trkpt lat="15.6455146149" lon="73.7082525529"><ele>0.14</ele><time>2025-04-24T03:43:56Z</time><extensions><gpxtpx:TrackPointExtension><gpxtpx:cad>0</gpxtpx:cad></gpxtpx:TrackPointExtension></extensions></trkpt><trkpt lat="15.6455242541" lon="73.7082671374"><ele>0.62</ele><time>2025-04-24T03:44:01Z</time><extensions><gpxtpx:TrackPointExtension><gpxtpx:cad>0</gpxtpx:cad></gpxtpx:TrackPointExtension></extensions></trkpt><trkpt lat="15.6455252599" lon="73.7082720827"><ele>1.10</ele><time>2025-04-24T03:44:06Z</time><extensions><gpxtpx:TrackPointExtension><gpxtpx:cad>0</gpxtpx:cad></gpxtpx:TrackPointExtension></extensions></trkpt><trkpt lat="15.6455246732" lon="73.7082844879"><ele>2.06</ele><time>2025-04-24T03:44:11Z</time><extensions><gpxtpx:TrackPointExtension><gpxtpx:cad>0</gpxtpx:cad></gpxtpx:TrackPointExtension></extensions></trkpt><trkpt lat="15.6455250923" lon="73.7082963064"><ele>2.54</ele><time>2025-04-24T03:44:15Z</time><extensions><gpxtpx:TrackPointExtension><gpxtpx:cad>0</gpxtpx:cad></gpxtpx:TrackPointExtension></extensions></trkpt><trkpt lat="15.6455264334" lon="73.7082961388"><ele>3.02</ele><time>2025-04-24T03:44:21Z</time><extensions><gpxtpx:TrackPointExtension><gpxtpx:cad>0</gpxtpx:cad></gpxtpx:TrackPointExtension></extensions></trkpt><trkpt lat="15.6455267686" lon="73.7083034310"><ele>3.02</ele><time>2025-04-24T03:44:25Z</time><extensions><gpxtpx:TrackPointExtension><gpxtpx:cad>0</gpxtpx:cad></gpxtpx:TrackPointExtension></extensions></trkpt><trkpt lat="15.6455255114" lon="73.7083108909"><ele>3.02</ele><time>2025-04-24T03:44:31Z</time><extensions><gpxtpx:TrackPointExtension><gpxtpx:cad>0</gpxtpx:cad></gpxtpx:TrackPointExtension></extensions></trkpt><trkpt lat="15.6455240026" lon="73.7083129026"><ele>3.02</ele><time>2025-04-24T03:44:35Z</time><extensions><gpxtpx:TrackPointExtension><gpxtpx:cad>0</gpxtpx:cad></gpxtpx:TrackPointExtension></extensions></trkpt><trkpt lat="15.6455205660" lon="73.7083248887"><ele>3.02</ele><time>2025-04-24T03:44:41Z</time><extensions><gpxtpx:TrackPointExtension><gpxtpx:cad>0</gpxtpx:cad></gpxtpx:TrackPointExtension></extensions></trkpt><trkpt lat="15.6455194764" lon="73.7083309237"><ele>3.02</ele><time>2025-04-24T03:44:46Z</time><extensions><gpxtpx:TrackPointExtension><gpxtpx:cad>0</gpxtpx:cad></gpxtpx:TrackPointExtension></extensions></trkpt><trkpt lat="15.6455192249" lon="73.7083341088"><ele>3.02</ele><time>2025-04-24T03:44:51Z</time><extensions><gpxtpx:TrackPointExtension><gpxtpx:cad>0</gpxtpx:cad></gpxtpx:TrackPointExtension></extensions></trkpt><trkpt lat="15.6455183867" lon="73.7083352823"><ele>3.02</ele><time>2025-04-24T03:44:55Z</time><extensions><gpxtpx:TrackPointExtension><gpxtpx:cad>0</gpxtpx:cad></gpxtpx:TrackPointExtension></extensions></trkpt><trkpt lat="15.6455167104" lon="73.7083371263"><ele>3.02</ele><time>2025-04-24T03:45:00Z</time><extensions><gpxtpx:TrackPointExtension><gpxtpx:cad>0</gpxtpx:cad></gpxtpx:TrackPointExtension></extensions></trkpt><trkpt lat="15.6455098372" lon="73.7083421554"><ele>3.02</ele><time>2025-04-24T03:45:06Z</time><extensions><gpxtpx:TrackPointExtension><gpxtpx:cad>0</gpxtpx:cad></gpxtpx:TrackPointExtension></extensions></trkpt><trkpt lat="15.6455067359" lon="73.7083440833"><ele>3.02</ele><time>2025-04-24T03:45:11Z</time><extensions><gpxtpx:TrackPointExtension><gpxtpx:cad>0</gpxtpx:cad></gpxtpx:TrackPointExtension></extensions></trkpt><trkpt lat="15.6455032155" lon="73.7083459273"><ele>3.02</ele><time>2025-04-24T03:45:16Z</time><extensions><gpxtpx:TrackPointExtension><gpxtpx:cad>0</gpxtpx:cad></gpxtpx:TrackPointExtension></extensions></trkpt><trkpt lat="15.6455007009" lon="73.7083478551"><ele>2.54</ele><time>2025-04-24T03:45:21Z</time><extensions><gpxtpx:TrackPointExtension><gpxtpx:cad>0</gpxtpx:cad></gpxtpx:TrackPointExtension></extensions></trkpt><trkpt lat="15.6454996951" lon="73.7083486095"><ele>2.54</ele><time>2025-04-24T03:45:25Z</time><extensions><gpxtpx:TrackPointExtension><gpxtpx:cad>0</gpxtpx:cad></gpxtpx:TrackPointExtension></extensions></trkpt><trkpt lat="15.6454985216" lon="73.7083500344"><ele>3.02</ele><time>2025-04-24T03:45:31Z</time><extensions><gpxtpx:TrackPointExtension><gpxtpx:cad>0</gpxtpx:cad></gpxtpx:TrackPointExtension></extensions></trkpt><trkpt lat="15.6454974320" lon="73.7083502021"><ele>3.02</ele><time>2025-04-24T03:45:35Z</time><extensions><gpxtpx:TrackPointExtension><gpxtpx:cad>0</gpxtpx:cad></gpxtpx:TrackPointExtension></extensions></trkpt><trkpt lat="15.6454927381" lon="73.7083540577"><ele>3.02</ele><time>2025-04-24T03:45:41Z</time><extensions><gpxtpx:TrackPointExtension><gpxtpx:cad>0</gpxtpx:cad></gpxtpx:TrackPointExtension></extensions></trkpt><trkpt lat="15.6454900559" lon="73.7083562370"><ele>3.02</ele><time>2025-04-24T03:45:45Z</time><extensions><gpxtpx:TrackPointExtension><gpxtpx:cad>0</gpxtpx:cad></gpxtpx:TrackPointExtension></extensions></trkpt><trkpt lat="15.6454882119" lon="73.7083573267"><ele>3.02</ele><time>2025-04-24T03:45:51Z</time><extensions><gpxtpx:TrackPointExtension><gpxtpx:cad>0</gpxtpx:cad></gpxtpx:TrackPointExtension></extensions></trkpt><trkpt lat="15.6454851106" lon="73.7083559856"><ele>3.02</ele><time>2025-04-24T03:45:56Z</time><extensions><gpxtpx:TrackPointExtension><gpxtpx:cad>0</gpxtpx:cad></gpxtpx:TrackPointExtension></extensions></trkpt><trkpt lat="15.6454839371" lon="73.7083595898"><ele>3.02</ele><time>2025-04-24T03:46:01Z</time><extensions><gpxtpx:TrackPointExtension><gpxtpx:cad>0</gpxtpx:cad></gpxtpx:TrackPointExtension></extensions></trkpt><trkpt lat="15.6454828475" lon="73.7083609309"><ele>3.02</ele><time>2025-04-24T03:46:06Z</time><extensions><gpxtpx:TrackPointExtension><gpxtpx:cad>0</gpxtpx:cad></gpxtpx:TrackPointExtension></extensions></trkpt><trkpt lat="15.6454801653" lon="73.7083599251"><ele>3.02</ele><time>2025-04-24T03:46:11Z</time><extensions><gpxtpx:TrackPointExtension><gpxtpx:cad>0</gpxtpx:cad></gpxtpx:TrackPointExtension></extensions></trkpt><trkpt lat="15.6454793271" lon="73.7083631940"><ele>3.02</ele><time>2025-04-24T03:46:16Z</time><extensions><gpxtpx:TrackPointExtension><gpxtpx:cad>0</gpxtpx:cad></gpxtpx:TrackPointExtension></extensions></trkpt><trkpt lat="15.6454762258" lon="73.7083644513"><ele>3.02</ele><time>2025-04-24T03:46:21Z</time><extensions><gpxtpx:TrackPointExtension><gpxtpx:cad>0</gpxtpx:cad></gpxtpx:TrackPointExtension></extensions></trkpt><trkpt lat="15.6454754714" lon="73.7083647866"><ele>3.02</ele><time>2025-04-24T03:46:26Z</time><extensions><gpxtpx:TrackPointExtension><gpxtpx:cad>0</gpxtpx:cad></gpxtpx:TrackPointExtension></extensions></trkpt><trkpt lat="15.6454752199" lon="73.7083653733"><ele>3.02</ele><time>2025-04-24T03:46:31Z</time><extensions><gpxtpx:TrackPointExtension><gpxtpx:cad>0</gpxtpx:cad></gpxtpx:TrackPointExtension></extensions></trkpt><trkpt lat="15.6454756390" lon="73.7083666306"><ele>2.54</ele><time>2025-04-24T03:46:36Z</time><extensions><gpxtpx:TrackPointExtension><gpxtpx:cad>0</gpxtpx:cad></gpxtpx:TrackPointExtension></extensions></trkpt><trkpt lat="15.6454748008" lon="73.7083675526"><ele>2.54</ele><time>2025-04-24T03:46:41Z</time><extensions><gpxtpx:TrackPointExtension><gpxtpx:cad>0</gpxtpx:cad></gpxtpx:TrackPointExtension></extensions></trkpt><trkpt lat="15.6454742141" lon="73.7083689775"><ele>2.54</ele><time>2025-04-24T03:46:46Z</time><extensions><gpxtpx:TrackPointExtension><gpxtpx:cad>0</gpxtpx:cad></gpxtpx:TrackPointExtension></extensions></trkpt><trkpt lat="15.6454735436" lon="73.7083712406"><ele>3.02</ele><time>2025-04-24T03:46:51Z</time><extensions><gpxtpx:TrackPointExtension><gpxtpx:cad>0</gpxtpx:cad></gpxtpx:TrackPointExtension></extensions></trkpt><trkpt lat="15.6454728730" lon="73.7083727494"><ele>3.02</ele><time>2025-04-24T03:46:55Z</time><extensions><gpxtpx:TrackPointExtension><gpxtpx:cad>0</gpxtpx:cad></gpxtpx:TrackPointExtension></extensions></trkpt><trkpt lat="15.6454731245" lon="73.7083756831"><ele>3.02</ele><time>2025-04-24T03:47:01Z</time><extensions><gpxtpx:TrackPointExtension><gpxtpx:cad>0</gpxtpx:cad></gpxtpx:TrackPointExtension></extensions></trkpt><trkpt lat="15.6454734597" lon="73.7083766889"><ele>3.02</ele><time>2025-04-24T03:47:06Z</time><extensions><gpxtpx:TrackPointExtension><gpxtpx:cad>0</gpxtpx:cad></gpxtpx:TrackPointExtension></extensions></trkpt><trkpt lat="15.6454734597" lon="73.7083776109"><ele>3.02</ele><time>2025-04-24T03:47:11Z</time><extensions><gpxtpx:TrackPointExtension><gpxtpx:cad>0</gpxtpx:cad></gpxtpx:TrackPointExtension></extensions></trkpt><trkpt lat="15.6454738788" lon="73.7083786167"><ele>3.02</ele><time>2025-04-24T03:47:15Z</time><extensions><gpxtpx:TrackPointExtension><gpxtpx:cad>0</gpxtpx:cad></gpxtpx:TrackPointExtension></extensions></trkpt><trkpt lat="15.6454741303" lon="73.7083792873"><ele>3.02</ele><time>2025-04-24T03:47:21Z</time><extensions><gpxtpx:TrackPointExtension><gpxtpx:cad>0</gpxtpx:cad></gpxtpx:TrackPointExtension></extensions></trkpt><trkpt lat="15.6454742141" lon="73.7083796225"><ele>3.02</ele><time>2025-04-24T03:47:26Z</time><extensions><gpxtpx:TrackPointExtension><gpxtpx:cad>0</gpxtpx:cad></gpxtpx:TrackPointExtension></extensions></trkpt><trkpt lat="15.6454746332" lon="73.7083802093"><ele>3.02</ele><time>2025-04-24T03:47:30Z</time><extensions><gpxtpx:TrackPointExtension><gpxtpx:cad>0</gpxtpx:cad></gpxtpx:TrackPointExtension></extensions></trkpt><trkpt lat="15.6454750523" lon="73.7083814666"><ele>3.02</ele><time>2025-04-24T03:47:36Z</time><extensions><gpxtpx:TrackPointExtension><gpxtpx:cad>0</gpxtpx:cad></gpxtpx:TrackPointExtension></extensions></trkpt><trkpt lat="15.6454777345" lon="73.7083838973"><ele>3.50</ele><time>2025-04-24T03:47:40Z</time><extensions><gpxtpx:TrackPointExtension><gpxtpx:cad>0</gpxtpx:cad></gpxtpx:TrackPointExtension></extensions></trkpt><trkpt lat="15.6454812549" lon="73.7083845679"><ele>3.50</ele><time>2025-04-24T03:47:46Z</time><extensions><gpxtpx:TrackPointExtension><gpxtpx:cad>0</gpxtpx:cad></gpxtpx:TrackPointExtension></extensions></trkpt><trkpt lat="15.6454841886" lon="73.7083900999"><ele>3.50</ele><time>2025-04-24T03:47:51Z</time><extensions><gpxtpx:TrackPointExtension><gpxtpx:cad>0</gpxtpx:cad></gpxtpx:TrackPointExtension></extensions></trkpt><trkpt lat="15.6454846077" lon="73.7083920278"><ele>3.50</ele><time>2025-04-24T03:47:55Z</time><extensions><gpxtpx:TrackPointExtension><gpxtpx:cad>0</gpxtpx:cad></gpxtpx:TrackPointExtension></extensions></trkpt><trkpt lat="15.6454872899" lon="73.7083954643"><ele>3.50</ele><time>2025-04-24T03:48:01Z</time><extensions><gpxtpx:TrackPointExtension><gpxtpx:cad>0</gpxtpx:cad></gpxtpx:TrackPointExtension></extensions></trkpt><trkpt lat="15.6454918999" lon="73.7084035110"><ele>3.98</ele><time>2025-04-24T03:48:05Z</time><extensions><gpxtpx:TrackPointExtension><gpxtpx:cad>0</gpxtpx:cad></gpxtpx:TrackPointExtension></extensions></trkpt><trkpt lat="15.6454921514" lon="73.7084040139"><ele>3.98</ele><time>2025-04-24T03:48:11Z</time><extensions><gpxtpx:TrackPointExtension><gpxtpx:cad>0</gpxtpx:cad></gpxtpx:TrackPointExtension></extensions></trkpt><trkpt lat="15.6454959232" lon="73.7084061094"><ele>3.50</ele><time>2025-04-24T03:48:16Z</time><extensions><gpxtpx:TrackPointExtension><gpxtpx:cad>0</gpxtpx:cad></gpxtpx:TrackPointExtension></extensions></trkpt><trkpt lat="15.6454977673" lon="73.7084060255"><ele>3.02</ele><time>2025-04-24T03:48:21Z</time><extensions><gpxtpx:TrackPointExtension><gpxtpx:cad>0</gpxtpx:cad></gpxtpx:TrackPointExtension></extensions></trkpt><trkpt lat="15.6454990245" lon="73.7084068637"><ele>3.02</ele><time>2025-04-24T03:48:26Z</time><extensions><gpxtpx:TrackPointExtension><gpxtpx:cad>0</gpxtpx:cad></gpxtpx:TrackPointExtension></extensions></trkpt><trkpt lat="15.6455008686" lon="73.7084046844"><ele>3.02</ele><time>2025-04-24T03:48:31Z</time><extensions><gpxtpx:TrackPointExtension><gpxtpx:cad>0</gpxtpx:cad></gpxtpx:TrackPointExtension></extensions></trkpt><trkpt lat="15.6455019582" lon="73.7084043492"><ele>3.02</ele><time>2025-04-24T03:48:35Z</time><extensions><gpxtpx:TrackPointExtension><gpxtpx:cad>0</gpxtpx:cad></gpxtpx:TrackPointExtension></extensions></trkpt><trkpt lat="15.6455042213" lon="73.7084055226"><ele>2.54</ele><time>2025-04-24T03:48:41Z</time><extensions><gpxtpx:TrackPointExtension><gpxtpx:cad>0</gpxtpx:cad></gpxtpx:TrackPointExtension></extensions></trkpt><trkpt lat="15.6455059815" lon="73.7084060255"><ele>2.54</ele><time>2025-04-24T03:48:46Z</time><extensions><gpxtpx:TrackPointExtension><gpxtpx:cad>0</gpxtpx:cad></gpxtpx:TrackPointExtension></extensions></trkpt><trkpt lat="15.6455107592" lon="73.7084065285"><ele>2.54</ele><time>2025-04-24T03:48:51Z</time><extensions><gpxtpx:TrackPointExtension><gpxtpx:cad>0</gpxtpx:cad></gpxtpx:TrackPointExtension></extensions></trkpt><trkpt lat="15.6455146987" lon="73.7084081210"><ele>2.54</ele><time>2025-04-24T03:48:56Z</time><extensions><gpxtpx:TrackPointExtension><gpxtpx:cad>0</gpxtpx:cad></gpxtpx:TrackPointExtension></extensions></trkpt><trkpt lat="15.6455161236" lon="73.7084093783"><ele>2.54</ele><time>2025-04-24T03:49:01Z</time><extensions><gpxtpx:TrackPointExtension><gpxtpx:cad>0</gpxtpx:cad></gpxtpx:TrackPointExtension></extensions></trkpt><trkpt lat="15.6455167942" lon="73.7084098812"><ele>2.06</ele><time>2025-04-24T03:49:06Z</time><extensions><gpxtpx:TrackPointExtension><gpxtpx:cad>0</gpxtpx:cad></gpxtpx:TrackPointExtension></extensions></trkpt><trkpt lat="15.6455172971" lon="73.7084110547"><ele>2.06</ele><time>2025-04-24T03:49:11Z</time><extensions><gpxtpx:TrackPointExtension><gpxtpx:cad>0</gpxtpx:cad></gpxtpx:TrackPointExtension></extensions></trkpt><trkpt lat="15.6455186382" lon="73.7084123120"><ele>2.06</ele><time>2025-04-24T03:49:16Z</time><extensions><gpxtpx:TrackPointExtension><gpxtpx:cad>0</gpxtpx:cad></gpxtpx:TrackPointExtension></extensions></trkpt><trkpt lat="15.6455191411" lon="73.7084081210"><ele>2.06</ele><time>2025-04-24T03:49:21Z</time><extensions><gpxtpx:TrackPointExtension><gpxtpx:cad>0</gpxtpx:cad></gpxtpx:TrackPointExtension></extensions></trkpt><trkpt lat="15.6455198955" lon="73.7084094621"><ele>2.06</ele><time>2025-04-24T03:49:25Z</time><extensions><gpxtpx:TrackPointExtension><gpxtpx:cad>0</gpxtpx:cad></gpxtpx:TrackPointExtension></extensions></trkpt><trkpt lat="15.6455203146" lon="73.7084103841"><ele>2.06</ele><time>2025-04-24T03:49:31Z</time><extensions><gpxtpx:TrackPointExtension><gpxtpx:cad>0</gpxtpx:cad></gpxtpx:TrackPointExtension></extensions></trkpt><trkpt lat="15.6455210689" lon="73.7084115576"><ele>1.58</ele><time>2025-04-24T03:49:36Z</time><extensions><gpxtpx:TrackPointExtension><gpxtpx:cad>0</gpxtpx:cad></gpxtpx:TrackPointExtension></extensions></trkpt><trkpt lat="15.6455223262" lon="73.7084123120"><ele>1.58</ele><time>2025-04-24T03:49:41Z</time><extensions><gpxtpx:TrackPointExtension><gpxtpx:cad>0</gpxtpx:cad></gpxtpx:TrackPointExtension></extensions></trkpt><trkpt lat="15.6455233321" lon="73.7084134854"><ele>1.58</ele><time>2025-04-24T03:49:46Z</time><extensions><gpxtpx:TrackPointExtension><gpxtpx:cad>0</gpxtpx:cad></gpxtpx:TrackPointExtension></extensions></trkpt><trkpt lat="15.6455226615" lon="73.7084139045"><ele>1.58</ele><time>2025-04-24T03:49:51Z</time><extensions><gpxtpx:TrackPointExtension><gpxtpx:cad>0</gpxtpx:cad></gpxtpx:TrackPointExtension></extensions></trkpt><trkpt lat="15.6455209851" lon="73.7084142398"><ele>1.58</ele><time>2025-04-24T03:49:56Z</time><extensions><gpxtpx:TrackPointExtension><gpxtpx:cad>0</gpxtpx:cad></gpxtpx:TrackPointExtension></extensions></trkpt><trkpt lat="15.6455188058" lon="73.7084136531"><ele>1.58</ele><time>2025-04-24T03:50:01Z</time><extensions><gpxtpx:TrackPointExtension><gpxtpx:cad>0</gpxtpx:cad></gpxtpx:TrackPointExtension></extensions></trkpt><trkpt lat="15.6455174647" lon="73.7084144913"><ele>1.58</ele><time>2025-04-24T03:50:06Z</time><extensions><gpxtpx:TrackPointExtension><gpxtpx:cad>0</gpxtpx:cad></gpxtpx:TrackPointExtension></extensions></trkpt><trkpt lat="15.6455172971" lon="73.7084146589"><ele>1.58</ele><time>2025-04-24T03:50:11Z</time><extensions><gpxtpx:TrackPointExtension><gpxtpx:cad>0</gpxtpx:cad></gpxtpx:TrackPointExtension></extensions></trkpt><trkpt lat="15.6455169618" lon="73.7084171735"><ele>1.58</ele><time>2025-04-24T03:50:15Z</time><extensions><gpxtpx:TrackPointExtension><gpxtpx:cad>0</gpxtpx:cad></gpxtpx:TrackPointExtension></extensions></trkpt><trkpt lat="15.6455194764" lon="73.7084202748"><ele>1.58</ele><time>2025-04-24T03:50:21Z</time><extensions><gpxtpx:TrackPointExtension><gpxtpx:cad>0</gpxtpx:cad></gpxtpx:TrackPointExtension></extensions></trkpt><trkpt lat="15.6455204822" lon="73.7084244657"><ele>1.58</ele><time>2025-04-24T03:50:26Z</time><extensions><gpxtpx:TrackPointExtension><gpxtpx:cad>0</gpxtpx:cad></gpxtpx:TrackPointExtension></extensions></trkpt><trkpt lat="15.6455199793" lon="73.7084248010"><ele>1.58</ele><time>2025-04-24T03:50:31Z</time><extensions><gpxtpx:TrackPointExtension><gpxtpx:cad>0</gpxtpx:cad></gpxtpx:TrackPointExtension></extensions></trkpt><trkpt lat="15.6455191411" lon="73.7084258068"><ele>1.58</ele><time>2025-04-24T03:50:36Z</time><extensions><gpxtpx:TrackPointExtension><gpxtpx:cad>0</gpxtpx:cad></gpxtpx:TrackPointExtension></extensions></trkpt><trkpt lat="15.6454963423" lon="73.7084552273"><ele>1.58</ele><time>2025-04-24T03:50:41Z</time><extensions><gpxtpx:TrackPointExtension><gpxtpx:cad>0</gpxtpx:cad></gpxtpx:TrackPointExtension></extensions></trkpt><trkpt lat="15.6454782374" lon="73.7084879167"><ele>1.58</ele><time>2025-04-24T03:50:46Z</time><extensions><gpxtpx:TrackPointExtension><gpxtpx:cad>0</gpxtpx:cad></gpxtpx:TrackPointExtension></extensions></trkpt><trkpt lat="15.6454913132" lon="73.7085593306"><ele>1.58</ele><time>2025-04-24T03:50:51Z</time><extensions><gpxtpx:TrackPointExtension><gpxtpx:cad>0</gpxtpx:cad></gpxtpx:TrackPointExtension></extensions></trkpt><trkpt lat="15.6455750484" lon="73.7086205184"><ele>2.06</ele><time>2025-04-24T03:50:56Z</time><extensions><gpxtpx:TrackPointExtension><gpxtpx:cad>0</gpxtpx:cad></gpxtpx:TrackPointExtension></extensions></trkpt><trkpt lat="15.6457009446" lon="73.7086206861"><ele>2.06</ele><time>2025-04-24T03:51:01Z</time><extensions><gpxtpx:TrackPointExtension><gpxtpx:cad>0</gpxtpx:cad></gpxtpx:TrackPointExtension></extensions></trkpt><trkpt lat="15.6458577700" lon="73.7085869908"><ele>2.06</ele><time>2025-04-24T03:51:06Z</time><extensions><gpxtpx:TrackPointExtension><gpxtpx:cad>0</gpxtpx:cad></gpxtpx:TrackPointExtension></extensions></trkpt><trkpt lat="15.6460358016" lon="73.7085532118"><ele>2.06</ele><time>2025-04-24T03:51:11Z</time><extensions><gpxtpx:TrackPointExtension><gpxtpx:cad>0</gpxtpx:cad></gpxtpx:TrackPointExtension></extensions></trkpt><trkpt lat="15.6462155096" lon="73.7085394654"><ele>2.06</ele><time>2025-04-24T03:51:16Z</time><extensions><gpxtpx:TrackPointExtension><gpxtpx:cad>0</gpxtpx:cad></gpxtpx:TrackPointExtension></extensions></trkpt><trkpt lat="15.6463802978" lon="73.7085269764"><ele>1.10</ele><time>2025-04-24T03:51:21Z</time><extensions><gpxtpx:TrackPointExtension><gpxtpx:cad>0</gpxtpx:cad></gpxtpx:TrackPointExtension></extensions></trkpt><trkpt lat="15.6465494446" lon="73.7085263059"><ele>1.10</ele><time>2025-04-24T03:51:26Z</time><extensions><gpxtpx:TrackPointExtension><gpxtpx:cad>0</gpxtpx:cad></gpxtpx:TrackPointExtension></extensions></trkpt><trkpt lat="15.6467226986" lon="73.7085186783"><ele>0.62</ele><time>2025-04-24T03:51:31Z</time><extensions><gpxtpx:TrackPointExtension><gpxtpx:cad>0</gpxtpx:cad></gpxtpx:TrackPointExtension></extensions></trkpt><trkpt lat="15.6469024904" lon="73.7085074466"><ele>0.62</ele><time>2025-04-24T03:51:36Z</time><extensions><gpxtpx:TrackPointExtension><gpxtpx:cad>0</gpxtpx:cad></gpxtpx:TrackPointExtension></extensions></trkpt><trkpt lat="15.6470691226" lon="73.7084899284"><ele>0.14</ele><time>2025-04-24T03:51:41Z</time><extensions><gpxtpx:TrackPointExtension><gpxtpx:cad>0</gpxtpx:cad></gpxtpx:TrackPointExtension></extensions></trkpt><trkpt lat="15.6472240202" lon="73.7084610946"><ele>-0.34</ele><time>2025-04-24T03:51:46Z</time><extensions><gpxtpx:TrackPointExtension><gpxtpx:cad>0</gpxtpx:cad></gpxtpx:TrackPointExtension></extensions></trkpt><trkpt lat="15.6473989505" lon="73.7084153295"><ele>0.14</ele><time>2025-04-24T03:51:51Z</time><extensions><gpxtpx:TrackPointExtension><gpxtpx:cad>0</gpxtpx:cad></gpxtpx:TrackPointExtension></extensions></trkpt><trkpt lat="15.6475370843" lon="73.7083894294"><ele>0.14</ele><time>2025-04-24T03:51:56Z</time><extensions><gpxtpx:TrackPointExtension><gpxtpx:cad>0</gpxtpx:cad></gpxtpx:TrackPointExtension></extensions></trkpt><trkpt lat="15.6476793252" lon="73.7083864119"><ele>0.14</ele><time>2025-04-24T03:52:01Z</time><extensions><gpxtpx:TrackPointExtension><gpxtpx:cad>0</gpxtpx:cad></gpxtpx:TrackPointExtension></extensions></trkpt><trkpt lat="15.6478100829" lon="73.7083832268"><ele>0.14</ele><time>2025-04-24T03:52:06Z</time><extensions><gpxtpx:TrackPointExtension><gpxtpx:cad>0</gpxtpx:cad></gpxtpx:TrackPointExtension></extensions></trkpt><trkpt lat="15.6479488872" lon="73.7083730847"><ele>1.10</ele><time>2025-04-24T03:52:11Z</time><extensions><gpxtpx:TrackPointExtension><gpxtpx:cad>0</gpxtpx:cad></gpxtpx:TrackPointExtension></extensions></trkpt><trkpt lat="15.6481033657" lon="73.7083608471"><ele>2.06</ele><time>2025-04-24T03:52:16Z</time><extensions><gpxtpx:TrackPointExtension><gpxtpx:cad>0</gpxtpx:cad></gpxtpx:TrackPointExtension></extensions></trkpt><trkpt lat="15.6482489593" lon="73.7083612662"><ele>1.58</ele><time>2025-04-24T03:52:21Z</time><extensions><gpxtpx:TrackPointExtension><gpxtpx:cad>0</gpxtpx:cad></gpxtpx:TrackPointExtension></extensions></trkpt><trkpt lat="15.6484057009" lon="73.7083641998"><ele>1.58</ele><time>2025-04-24T03:52:26Z</time><extensions><gpxtpx:TrackPointExtension><gpxtpx:cad>0</gpxtpx:cad></gpxtpx:TrackPointExtension></extensions></trkpt><trkpt lat="15.6485501211" lon="73.7083626911"><ele>2.06</ele><time>2025-04-24T03:52:31Z</time><extensions><gpxtpx:TrackPointExtension><gpxtpx:cad>0</gpxtpx:cad></gpxtpx:TrackPointExtension></extensions></trkpt><trkpt lat="15.6486693956" lon="73.7083579972"><ele>2.06</ele><time>2025-04-24T03:52:36Z</time><extensions><gpxtpx:TrackPointExtension><gpxtpx:cad>0</gpxtpx:cad></gpxtpx:TrackPointExtension></extensions></trkpt><trkpt lat="15.6487669609" lon="73.7083540577"><ele>1.58</ele><time>2025-04-24T03:52:41Z</time><extensions><gpxtpx:TrackPointExtension><gpxtpx:cad>0</gpxtpx:cad></gpxtpx:TrackPointExtension></extensions></trkpt><trkpt lat="15.6488449965" lon="73.7083559018"><ele>1.58</ele><time>2025-04-24T03:52:46Z</time><extensions><gpxtpx:TrackPointExtension><gpxtpx:cad>0</gpxtpx:cad></gpxtpx:TrackPointExtension></extensions></trkpt><trkpt lat="15.6489154883" lon="73.7083764374"><ele>1.58</ele><time>2025-04-24T03:52:51Z</time><extensions><gpxtpx:TrackPointExtension><gpxtpx:cad>0</gpxtpx:cad></gpxtpx:TrackPointExtension></extensions></trkpt><trkpt lat="15.6489786878" lon="73.7083918601"><ele>1.58</ele><time>2025-04-24T03:52:56Z</time><extensions><gpxtpx:TrackPointExtension><gpxtpx:cad>0</gpxtpx:cad></gpxtpx:TrackPointExtension></extensions></trkpt><trkpt lat="15.6490596570" lon="73.7084115576"><ele>2.06</ele><time>2025-04-24T03:53:01Z</time><extensions><gpxtpx:TrackPointExtension><gpxtpx:cad>0</gpxtpx:cad></gpxtpx:TrackPointExtension></extensions></trkpt><trkpt lat="15.6491476670" lon="73.7084305845"><ele>2.06</ele><time>2025-04-24T03:53:06Z</time><extensions><gpxtpx:TrackPointExtension><gpxtpx:cad>0</gpxtpx:cad></gpxtpx:TrackPointExtension></extensions></trkpt><trkpt lat="15.6492301449" lon="73.7084434088"><ele>2.06</ele><time>2025-04-24T03:53:11Z</time><extensions><gpxtpx:TrackPointExtension><gpxtpx:cad>0</gpxtpx:cad></gpxtpx:TrackPointExtension></extensions></trkpt><trkpt lat="15.6493478268" lon="73.7084641121"><ele>2.06</ele><time>2025-04-24T03:53:16Z</time><extensions><gpxtpx:TrackPointExtension><gpxtpx:cad>0</gpxtpx:cad></gpxtpx:TrackPointExtension></extensions></trkpt><trkpt lat="15.6494992040" lon="73.7084836420"><ele>2.06</ele><time>2025-04-24T03:53:21Z</time><extensions><gpxtpx:TrackPointExtension><gpxtpx:cad>0</gpxtpx:cad></gpxtpx:TrackPointExtension></extensions></trkpt><trkpt lat="15.6496505812" lon="73.7085038424"><ele>1.58</ele><time>2025-04-24T03:53:26Z</time><extensions><gpxtpx:TrackPointExtension><gpxtpx:cad>0</gpxtpx:cad></gpxtpx:TrackPointExtension></extensions></trkpt><trkpt lat="15.6498050597" lon="73.7085313350"><ele>2.54</ele><time>2025-04-24T03:53:31Z</time><extensions><gpxtpx:TrackPointExtension><gpxtpx:cad>0</gpxtpx:cad></gpxtpx:TrackPointExtension></extensions></trkpt><trkpt lat="15.6499704346" lon="73.7085665390"><ele>2.54</ele><time>2025-04-24T03:53:36Z</time><extensions><gpxtpx:TrackPointExtension><gpxtpx:cad>0</gpxtpx:cad></gpxtpx:TrackPointExtension></extensions></trkpt><trkpt lat="15.6501332950" lon="73.7085889187"><ele>2.54</ele><time>2025-04-24T03:53:41Z</time><extensions><gpxtpx:TrackPointExtension><gpxtpx:cad>0</gpxtpx:cad></gpxtpx:TrackPointExtension></extensions></trkpt><trkpt lat="15.6502900366" lon="73.7086102925"><ele>2.54</ele><time>2025-04-24T03:53:46Z</time><extensions><gpxtpx:TrackPointExtension><gpxtpx:cad>0</gpxtpx:cad></gpxtpx:TrackPointExtension></extensions></trkpt><trkpt lat="15.6504586805" lon="73.7086314987"><ele>2.06</ele><time>2025-04-24T03:53:51Z</time><extensions><gpxtpx:TrackPointExtension><gpxtpx:cad>0</gpxtpx:cad></gpxtpx:TrackPointExtension></extensions></trkpt><trkpt lat="15.6506205350" lon="73.7086508609"><ele>2.06</ele><time>2025-04-24T03:53:56Z</time><extensions><gpxtpx:TrackPointExtension><gpxtpx:cad>0</gpxtpx:cad></gpxtpx:TrackPointExtension></extensions></trkpt><trkpt lat="15.6507906877" lon="73.7086757552"><ele>1.58</ele><time>2025-04-24T03:54:01Z</time><extensions><gpxtpx:TrackPointExtension><gpxtpx:cad>0</gpxtpx:cad></gpxtpx:TrackPointExtension></extensions></trkpt><trkpt lat="15.6509627681" lon="73.7087087799"><ele>1.58</ele><time>2025-04-24T03:54:06Z</time><extensions><gpxtpx:TrackPointExtension><gpxtpx:cad>0</gpxtpx:cad></gpxtpx:TrackPointExtension></extensions></trkpt><trkpt lat="15.6511372793" lon="73.7087386195"><ele>2.06</ele><time>2025-04-24T03:54:11Z</time><extensions><gpxtpx:TrackPointExtension><gpxtpx:cad>0</gpxtpx:cad></gpxtpx:TrackPointExtension></extensions></trkpt><trkpt lat="15.6512928475" lon="73.7087990530"><ele>1.58</ele><time>2025-04-24T03:54:16Z</time><extensions><gpxtpx:TrackPointExtension><gpxtpx:cad>0</gpxtpx:cad></gpxtpx:TrackPointExtension></extensions></trkpt><trkpt lat="15.6514446437" lon="73.7088658568"><ele>1.58</ele><time>2025-04-24T03:54:21Z</time><extensions><gpxtpx:TrackPointExtension><gpxtpx:cad>0</gpxtpx:cad></gpxtpx:TrackPointExtension></extensions></trkpt><trkpt lat="15.6516137067" lon="73.7089044973"><ele>1.58</ele><time>2025-04-24T03:54:26Z</time><extensions><gpxtpx:TrackPointExtension><gpxtpx:cad>0</gpxtpx:cad></gpxtpx:TrackPointExtension></extensions></trkpt><trkpt lat="15.6517829373" lon="73.7089241110"><ele>2.06</ele><time>2025-04-24T03:54:31Z</time><extensions><gpxtpx:TrackPointExtension><gpxtpx:cad>0</gpxtpx:cad></gpxtpx:TrackPointExtension></extensions></trkpt><trkpt lat="15.6519633159" lon="73.7089510169"><ele>2.06</ele><time>2025-04-24T03:54:36Z</time><extensions><gpxtpx:TrackPointExtension><gpxtpx:cad>0</gpxtpx:cad></gpxtpx:TrackPointExtension></extensions></trkpt><trkpt lat="15.6521342229" lon="73.7089750730"><ele>2.54</ele><time>2025-04-24T03:54:41Z</time><extensions><gpxtpx:TrackPointExtension><gpxtpx:cad>0</gpxtpx:cad></gpxtpx:TrackPointExtension></extensions></trkpt><trkpt lat="15.6523064710" lon="73.7089833710"><ele>2.54</ele><time>2025-04-24T03:54:46Z</time><extensions><gpxtpx:TrackPointExtension><gpxtpx:cad>0</gpxtpx:cad></gpxtpx:TrackPointExtension></extensions></trkpt><trkpt lat="15.6524803117" lon="73.7089869753"><ele>3.50</ele><time>2025-04-24T03:54:51Z</time><extensions><gpxtpx:TrackPointExtension><gpxtpx:cad>0</gpxtpx:cad></gpxtpx:TrackPointExtension></extensions></trkpt><trkpt lat="15.6526601035" lon="73.7090013083"><ele>3.50</ele><time>2025-04-24T03:54:56Z</time><extensions><gpxtpx:TrackPointExtension><gpxtpx:cad>0</gpxtpx:cad></gpxtpx:TrackPointExtension></extensions></trkpt><trkpt lat="15.6528356206" lon="73.7090127915"><ele>3.50</ele><time>2025-04-24T03:55:01Z</time><extensions><gpxtpx:TrackPointExtension><gpxtpx:cad>0</gpxtpx:cad></gpxtpx:TrackPointExtension></extensions></trkpt><trkpt lat="15.6530059408" lon="73.7090266217"><ele>3.98</ele><time>2025-04-24T03:55:06Z</time><extensions><gpxtpx:TrackPointExtension><gpxtpx:cad>0</gpxtpx:cad></gpxtpx:TrackPointExtension></extensions></trkpt><trkpt lat="15.6531817093" lon="73.7090411223"><ele>3.98</ele><time>2025-04-24T03:55:11Z</time><extensions><gpxtpx:TrackPointExtension><gpxtpx:cad>0</gpxtpx:cad></gpxtpx:TrackPointExtension></extensions></trkpt><trkpt lat="15.6533563044" lon="73.7090420444"><ele>3.98</ele><time>2025-04-24T03:55:16Z</time><extensions><gpxtpx:TrackPointExtension><gpxtpx:cad>0</gpxtpx:cad></gpxtpx:TrackPointExtension></extensions></trkpt><trkpt lat="15.6535251997" lon="73.7090289686"><ele>3.98</ele><time>2025-04-24T03:55:21Z</time><extensions><gpxtpx:TrackPointExtension><gpxtpx:cad>0</gpxtpx:cad></gpxtpx:TrackPointExtension></extensions></trkpt><trkpt lat="15.6536948495" lon="73.7090424635"><ele>3.98</ele><time>2025-04-24T03:55:26Z</time><extensions><gpxtpx:TrackPointExtension><gpxtpx:cad>0</gpxtpx:cad></gpxtpx:TrackPointExtension></extensions></trkpt><trkpt lat="15.6538610626" lon="73.7090790924"><ele>3.50</ele><time>2025-04-24T03:55:31Z</time><extensions><gpxtpx:TrackPointExtension><gpxtpx:cad>0</gpxtpx:cad></gpxtpx:TrackPointExtension></extensions></trkpt><trkpt lat="15.6540346518" lon="73.7091142964"><ele>3.98</ele><time>2025-04-24T03:55:36Z</time><extensions><gpxtpx:TrackPointExtension><gpxtpx:cad>0</gpxtpx:cad></gpxtpx:TrackPointExtension></extensions></trkpt><trkpt lat="15.6542131025" lon="73.7091527693"><ele>3.98</ele><time>2025-04-24T03:55:41Z</time><extensions><gpxtpx:TrackPointExtension><gpxtpx:cad>0</gpxtpx:cad></gpxtpx:TrackPointExtension></extensions></trkpt><trkpt lat="15.6543827523" lon="73.7091950141"><ele>3.98</ele><time>2025-04-24T03:55:46Z</time><extensions><gpxtpx:TrackPointExtension><gpxtpx:cad>0</gpxtpx:cad></gpxtpx:TrackPointExtension></extensions></trkpt><trkpt lat="15.6545506418" lon="73.7092541065"><ele>3.98</ele><time>2025-04-24T03:55:51Z</time><extensions><gpxtpx:TrackPointExtension><gpxtpx:cad>0</gpxtpx:cad></gpxtpx:TrackPointExtension></extensions></trkpt><trkpt lat="15.6547070481" lon="73.7093167193"><ele>3.98</ele><time>2025-04-24T03:55:56Z</time><extensions><gpxtpx:TrackPointExtension><gpxtpx:cad>0</gpxtpx:cad></gpxtpx:TrackPointExtension></extensions></trkpt><trkpt lat="15.6548611075" lon="73.7093737163"><ele>3.98</ele><time>2025-04-24T03:56:01Z</time><extensions><gpxtpx:TrackPointExtension><gpxtpx:cad>0</gpxtpx:cad></gpxtpx:TrackPointExtension></extensions></trkpt><trkpt lat="15.6550406478" lon="73.7094256002"><ele>3.98</ele><time>2025-04-24T03:56:06Z</time><extensions><gpxtpx:TrackPointExtension><gpxtpx:cad>0</gpxtpx:cad></gpxtpx:TrackPointExtension></extensions></trkpt><trkpt lat="15.6552067772" lon="73.7094670907"><ele>3.50</ele><time>2025-04-24T03:56:11Z</time><extensions><gpxtpx:TrackPointExtension><gpxtpx:cad>0</gpxtpx:cad></gpxtpx:TrackPointExtension></extensions></trkpt><trkpt lat="15.6553644408" lon="73.7095146999"><ele>3.02</ele><time>2025-04-24T03:56:16Z</time><extensions><gpxtpx:TrackPointExtension><gpxtpx:cad>0</gpxtpx:cad></gpxtpx:TrackPointExtension></extensions></trkpt><trkpt lat="15.6555249542" lon="73.7095770612"><ele>3.02</ele><time>2025-04-24T03:56:21Z</time><extensions><gpxtpx:TrackPointExtension><gpxtpx:cad>0</gpxtpx:cad></gpxtpx:TrackPointExtension></extensions></trkpt><trkpt lat="15.6556891557" lon="73.7096544262"><ele>3.02</ele><time>2025-04-24T03:56:26Z</time><extensions><gpxtpx:TrackPointExtension><gpxtpx:cad>0</gpxtpx:cad></gpxtpx:TrackPointExtension></extensions></trkpt><trkpt lat="15.6558474898" lon="73.7097451184"><ele>3.02</ele><time>2025-04-24T03:56:31Z</time><extensions><gpxtpx:TrackPointExtension><gpxtpx:cad>0</gpxtpx:cad></gpxtpx:TrackPointExtension></extensions></trkpt><trkpt lat="15.6559875514" lon="73.7098281831"><ele>3.02</ele><time>2025-04-24T03:56:36Z</time><extensions><gpxtpx:TrackPointExtension><gpxtpx:cad>0</gpxtpx:cad></gpxtpx:TrackPointExtension></extensions></trkpt><trkpt lat="15.6561393477" lon="73.7099170312"><ele>3.02</ele><time>2025-04-24T03:56:41Z</time><extensions><gpxtpx:TrackPointExtension><gpxtpx:cad>0</gpxtpx:cad></gpxtpx:TrackPointExtension></extensions></trkpt><trkpt lat="15.6562799960" lon="73.7099830806"><ele>2.54</ele><time>2025-04-24T03:56:46Z</time><extensions><gpxtpx:TrackPointExtension><gpxtpx:cad>0</gpxtpx:cad></gpxtpx:TrackPointExtension></extensions></trkpt><trkpt lat="15.6564447843" lon="73.7100459449"><ele>2.54</ele><time>2025-04-24T03:56:51Z</time><extensions><gpxtpx:TrackPointExtension><gpxtpx:cad>0</gpxtpx:cad></gpxtpx:TrackPointExtension></extensions></trkpt><trkpt lat="15.6566180382" lon="73.7101068813"><ele>3.02</ele><time>2025-04-24T03:56:56Z</time><extensions><gpxtpx:TrackPointExtension><gpxtpx:cad>0</gpxtpx:cad></gpxtpx:TrackPointExtension></extensions></trkpt><trkpt lat="15.6567781325" lon="73.7101683207"><ele>3.02</ele><time>2025-04-24T03:57:01Z</time><extensions><gpxtpx:TrackPointExtension><gpxtpx:cad>0</gpxtpx:cad></gpxtpx:TrackPointExtension></extensions></trkpt><trkpt lat="15.6569257379" lon="73.7102328613"><ele>3.02</ele><time>2025-04-24T03:57:06Z</time><extensions><gpxtpx:TrackPointExtension><gpxtpx:cad>0</gpxtpx:cad></gpxtpx:TrackPointExtension></extensions></trkpt><trkpt lat="15.6570686493" lon="73.7102846615"><ele>2.54</ele><time>2025-04-24T03:57:11Z</time><extensions><gpxtpx:TrackPointExtension><gpxtpx:cad>0</gpxtpx:cad></gpxtpx:TrackPointExtension></extensions></trkpt><trkpt lat="15.6572411489" lon="73.7103506271"><ele>2.54</ele><time>2025-04-24T03:57:16Z</time><extensions><gpxtpx:TrackPointExtension><gpxtpx:cad>0</gpxtpx:cad></gpxtpx:TrackPointExtension></extensions></trkpt><trkpt lat="15.6574156601" lon="73.7104364578"><ele>3.02</ele><time>2025-04-24T03:57:21Z</time><extensions><gpxtpx:TrackPointExtension><gpxtpx:cad>0</gpxtpx:cad></gpxtpx:TrackPointExtension></extensions></trkpt><trkpt lat="15.6575682946" lon="73.7105225399"><ele>3.02</ele><time>2025-04-24T03:57:26Z</time><extensions><gpxtpx:TrackPointExtension><gpxtpx:cad>0</gpxtpx:cad></gpxtpx:TrackPointExtension></extensions></trkpt><trkpt lat="15.6577120442" lon="73.7105998211"><ele>2.54</ele><time>2025-04-24T03:57:31Z</time><extensions><gpxtpx:TrackPointExtension><gpxtpx:cad>0</gpxtpx:cad></gpxtpx:TrackPointExtension></extensions></trkpt><trkpt lat="15.6578604877" lon="73.7106740847"><ele>2.06</ele><time>2025-04-24T03:57:36Z</time><extensions><gpxtpx:TrackPointExtension><gpxtpx:cad>0</gpxtpx:cad></gpxtpx:TrackPointExtension></extensions></trkpt><trkpt lat="15.6580170617" lon="73.7107295729"><ele>2.06</ele><time>2025-04-24T03:57:41Z</time><extensions><gpxtpx:TrackPointExtension><gpxtpx:cad>0</gpxtpx:cad></gpxtpx:TrackPointExtension></extensions></trkpt><trkpt lat="15.6581764016" lon="73.7107648607"><ele>2.06</ele><time>2025-04-24T03:57:46Z</time><extensions><gpxtpx:TrackPointExtension><gpxtpx:cad>0</gpxtpx:cad></gpxtpx:TrackPointExtension></extensions></trkpt><trkpt lat="15.6583628152" lon="73.7107862346"><ele>2.06</ele><time>2025-04-24T03:57:51Z</time><extensions><gpxtpx:TrackPointExtension><gpxtpx:cad>0</gpxtpx:cad></gpxtpx:TrackPointExtension></extensions></trkpt><trkpt lat="15.6585308723" lon="73.7107665371"><ele>1.58</ele><time>2025-04-24T03:57:56Z</time><extensions><gpxtpx:TrackPointExtension><gpxtpx:cad>0</gpxtpx:cad></gpxtpx:TrackPointExtension></extensions></trkpt><trkpt lat="15.6586918887" lon="73.7107419781"><ele>1.10</ele><time>2025-04-24T03:58:01Z</time><extensions><gpxtpx:TrackPointExtension><gpxtpx:cad>0</gpxtpx:cad></gpxtpx:TrackPointExtension></extensions></trkpt><trkpt lat="15.6588471215" lon="73.7106766831"><ele>1.10</ele><time>2025-04-24T03:58:06Z</time><extensions><gpxtpx:TrackPointExtension><gpxtpx:cad>0</gpxtpx:cad></gpxtpx:TrackPointExtension></extensions></trkpt><trkpt lat="15.6589732692" lon="73.7105708197"><ele>2.06</ele><time>2025-04-24T03:58:11Z</time><extensions><gpxtpx:TrackPointExtension><gpxtpx:cad>0</gpxtpx:cad></gpxtpx:TrackPointExtension></extensions></trkpt><trkpt lat="15.6590622012" lon="73.7104228791"><ele>2.54</ele><time>2025-04-24T03:58:16Z</time><extensions><gpxtpx:TrackPointExtension><gpxtpx:cad>0</gpxtpx:cad></gpxtpx:TrackPointExtension></extensions></trkpt><trkpt lat="15.6591562461" lon="73.7102689873"><ele>3.02</ele><time>2025-04-24T03:58:21Z</time><extensions><gpxtpx:TrackPointExtension><gpxtpx:cad>0</gpxtpx:cad></gpxtpx:TrackPointExtension></extensions></trkpt><trkpt lat="15.6592596788" lon="73.7101326976"><ele>2.54</ele><time>2025-04-24T03:58:26Z</time><extensions><gpxtpx:TrackPointExtension><gpxtpx:cad>0</gpxtpx:cad></gpxtpx:TrackPointExtension></extensions></trkpt><trkpt lat="15.6593646202" lon="73.7099994253"><ele>2.54</ele><time>2025-04-24T03:58:31Z</time><extensions><gpxtpx:TrackPointExtension><gpxtpx:cad>0</gpxtpx:cad></gpxtpx:TrackPointExtension></extensions></trkpt><trkpt lat="15.6594693940" lon="73.7098568492"><ele>2.54</ele><time>2025-04-24T03:58:36Z</time><extensions><gpxtpx:TrackPointExtension><gpxtpx:cad>0</gpxtpx:cad></gpxtpx:TrackPointExtension></extensions></trkpt><trkpt lat="15.6595575716" lon="73.7097078189"><ele>2.54</ele><time>2025-04-24T03:58:41Z</time><extensions><gpxtpx:TrackPointExtension><gpxtpx:cad>0</gpxtpx:cad></gpxtpx:TrackPointExtension></extensions></trkpt><trkpt lat="15.6596436538" lon="73.7095546816"><ele>3.02</ele><time>2025-04-24T03:58:46Z</time><extensions><gpxtpx:TrackPointExtension><gpxtpx:cad>0</gpxtpx:cad></gpxtpx:TrackPointExtension></extensions></trkpt><trkpt lat="15.6597211864" lon="73.7093958445"><ele>3.02</ele><time>2025-04-24T03:58:51Z</time><extensions><gpxtpx:TrackPointExtension><gpxtpx:cad>0</gpxtpx:cad></gpxtpx:TrackPointExtension></extensions></trkpt><trkpt lat="15.6598040834" lon="73.7092409469"><ele>3.50</ele><time>2025-04-24T03:58:56Z</time><extensions><gpxtpx:TrackPointExtension><gpxtpx:cad>0</gpxtpx:cad></gpxtpx:TrackPointExtension></extensions></trkpt><trkpt lat="15.6598775927" lon="73.7090764940"><ele>3.50</ele><time>2025-04-24T03:59:01Z</time><extensions><gpxtpx:TrackPointExtension><gpxtpx:cad>0</gpxtpx:cad></gpxtpx:TrackPointExtension></extensions></trkpt><trkpt lat="15.6599533651" lon="73.7089187466"><ele>3.98</ele><time>2025-04-24T03:59:06Z</time><extensions><gpxtpx:TrackPointExtension><gpxtpx:cad>0</gpxtpx:cad></gpxtpx:TrackPointExtension></extensions></trkpt><trkpt lat="15.6600286346" lon="73.7087584846"><ele>3.98</ele><time>2025-04-24T03:59:11Z</time><extensions><gpxtpx:TrackPointExtension><gpxtpx:cad>0</gpxtpx:cad></gpxtpx:TrackPointExtension></extensions></trkpt><trkpt lat="15.6601010542" lon="73.7086014915"><ele>3.98</ele><time>2025-04-24T03:59:16Z</time><extensions><gpxtpx:TrackPointExtension><gpxtpx:cad>0</gpxtpx:cad></gpxtpx:TrackPointExtension></extensions></trkpt><trkpt lat="15.6601525191" lon="73.7084276509"><ele>4.46</ele><time>2025-04-24T03:59:21Z</time><extensions><gpxtpx:TrackPointExtension><gpxtpx:cad>0</gpxtpx:cad></gpxtpx:TrackPointExtension></extensions></trkpt><trkpt lat="15.6602084264" lon="73.7082662154"><ele>4.46</ele><time>2025-04-24T03:59:26Z</time><extensions><gpxtpx:TrackPointExtension><gpxtpx:cad>0</gpxtpx:cad></gpxtpx:TrackPointExtension></extensions></trkpt><trkpt lat="15.6602485757" lon="73.7080881000"><ele>3.98</ele><time>2025-04-24T03:59:31Z</time><extensions><gpxtpx:TrackPointExtension><gpxtpx:cad>0</gpxtpx:cad></gpxtpx:TrackPointExtension></extensions></trkpt><trkpt lat="15.6603027228" lon="73.7079269998"><ele>4.46</ele><time>2025-04-24T03:59:36Z</time><extensions><gpxtpx:TrackPointExtension><gpxtpx:cad>0</gpxtpx:cad></gpxtpx:TrackPointExtension></extensions></trkpt><trkpt lat="15.6603593007" lon="73.7077609543"><ele>4.46</ele><time>2025-04-24T03:59:41Z</time><extensions><gpxtpx:TrackPointExtension><gpxtpx:cad>0</gpxtpx:cad></gpxtpx:TrackPointExtension></extensions></trkpt><trkpt lat="15.6604306307" lon="73.7076024525"><ele>4.46</ele><time>2025-04-24T03:59:46Z</time><extensions><gpxtpx:TrackPointExtension><gpxtpx:cad>0</gpxtpx:cad></gpxtpx:TrackPointExtension></extensions></trkpt><trkpt lat="15.6605089176" lon="73.7074541766"><ele>4.46</ele><time>2025-04-24T03:59:51Z</time><extensions><gpxtpx:TrackPointExtension><gpxtpx:cad>0</gpxtpx:cad></gpxtpx:TrackPointExtension></extensions></trkpt><trkpt lat="15.6605851930" lon="73.7072976027"><ele>3.98</ele><time>2025-04-24T03:59:56Z</time><extensions><gpxtpx:TrackPointExtension><gpxtpx:cad>0</gpxtpx:cad></gpxtpx:TrackPointExtension></extensions></trkpt><trkpt lat="15.6606671680" lon="73.7071390171"><ele>3.98</ele><time>2025-04-24T04:00:01Z</time><extensions><gpxtpx:TrackPointExtension><gpxtpx:cad>0</gpxtpx:cad></gpxtpx:TrackPointExtension></extensions></trkpt><trkpt lat="15.6607539207" lon="73.7069898192"><ele>3.98</ele><time>2025-04-24T04:00:06Z</time><extensions><gpxtpx:TrackPointExtension><gpxtpx:cad>0</gpxtpx:cad></gpxtpx:TrackPointExtension></extensions></trkpt><trkpt lat="15.6608321238" lon="73.7068344187"><ele>3.98</ele><time>2025-04-24T04:00:11Z</time><extensions><gpxtpx:TrackPointExtension><gpxtpx:cad>0</gpxtpx:cad></gpxtpx:TrackPointExtension></extensions></trkpt><trkpt lat="15.6609099079" lon="73.7066770066"><ele>3.50</ele><time>2025-04-24T04:00:16Z</time><extensions><gpxtpx:TrackPointExtension><gpxtpx:cad>0</gpxtpx:cad></gpxtpx:TrackPointExtension></extensions></trkpt><trkpt lat="15.6609966606" lon="73.7065308262"><ele>3.50</ele><time>2025-04-24T04:00:21Z</time><extensions><gpxtpx:TrackPointExtension><gpxtpx:cad>0</gpxtpx:cad></gpxtpx:TrackPointExtension></extensions></trkpt><trkpt lat="15.6610896997" lon="73.7063781079"><ele>3.98</ele><time>2025-04-24T04:00:26Z</time><extensions><gpxtpx:TrackPointExtension><gpxtpx:cad>0</gpxtpx:cad></gpxtpx:TrackPointExtension></extensions></trkpt><trkpt lat="15.6611838285" lon="73.7062321790"><ele>3.50</ele><time>2025-04-24T04:00:31Z</time><extensions><gpxtpx:TrackPointExtension><gpxtpx:cad>0</gpxtpx:cad></gpxtpx:TrackPointExtension></extensions></trkpt><trkpt lat="15.6612656359" lon="73.7060782872"><ele>3.02</ele><time>2025-04-24T04:00:36Z</time><extensions><gpxtpx:TrackPointExtension><gpxtpx:cad>0</gpxtpx:cad></gpxtpx:TrackPointExtension></extensions></trkpt><trkpt lat="15.6613430846" lon="73.7059191149"><ele>3.02</ele><time>2025-04-24T04:00:41Z</time><extensions><gpxtpx:TrackPointExtension><gpxtpx:cad>0</gpxtpx:cad></gpxtpx:TrackPointExtension></extensions></trkpt><trkpt lat="15.6614251435" lon="73.7057604454"><ele>3.50</ele><time>2025-04-24T04:00:46Z</time><extensions><gpxtpx:TrackPointExtension><gpxtpx:cad>0</gpxtpx:cad></gpxtpx:TrackPointExtension></extensions></trkpt><trkpt lat="15.6615005806" lon="73.7056025304"><ele>3.50</ele><time>2025-04-24T04:00:51Z</time><extensions><gpxtpx:TrackPointExtension><gpxtpx:cad>0</gpxtpx:cad></gpxtpx:TrackPointExtension></extensions></trkpt><trkpt lat="15.6615876686" lon="73.7054486386"><ele>3.50</ele><time>2025-04-24T04:00:56Z</time><extensions><gpxtpx:TrackPointExtension><gpxtpx:cad>0</gpxtpx:cad></gpxtpx:TrackPointExtension></extensions></trkpt><trkpt lat="15.6616730802" lon="73.7052986864"><ele>2.54</ele><time>2025-04-24T04:01:01Z</time><extensions><gpxtpx:TrackPointExtension><gpxtpx:cad>0</gpxtpx:cad></gpxtpx:TrackPointExtension></extensions></trkpt><trkpt lat="15.6617748365" lon="73.7051603850"><ele>2.54</ele><time>2025-04-24T04:01:06Z</time><extensions><gpxtpx:TrackPointExtension><gpxtpx:cad>0</gpxtpx:cad></gpxtpx:TrackPointExtension></extensions></trkpt><trkpt lat="15.6618656125" lon="73.7050110195"><ele>2.54</ele><time>2025-04-24T04:01:11Z</time><extensions><gpxtpx:TrackPointExtension><gpxtpx:cad>0</gpxtpx:cad></gpxtpx:TrackPointExtension></extensions></trkpt><trkpt lat="15.6619480904" lon="73.7048569601"><ele>2.06</ele><time>2025-04-24T04:01:16Z</time><extensions><gpxtpx:TrackPointExtension><gpxtpx:cad>0</gpxtpx:cad></gpxtpx:TrackPointExtension></extensions></trkpt><trkpt lat="15.6620244496" lon="73.7047079299"><ele>2.06</ele><time>2025-04-24T04:01:21Z</time><extensions><gpxtpx:TrackPointExtension><gpxtpx:cad>0</gpxtpx:cad></gpxtpx:TrackPointExtension></extensions></trkpt><trkpt lat="15.6621133815" lon="73.7045574747"><ele>2.54</ele><time>2025-04-24T04:01:26Z</time><extensions><gpxtpx:TrackPointExtension><gpxtpx:cad>0</gpxtpx:cad></gpxtpx:TrackPointExtension></extensions></trkpt><trkpt lat="15.6622106116" lon="73.7044195086"><ele>2.06</ele><time>2025-04-24T04:01:31Z</time><extensions><gpxtpx:TrackPointExtension><gpxtpx:cad>0</gpxtpx:cad></gpxtpx:TrackPointExtension></extensions></trkpt><trkpt lat="15.6623077579" lon="73.7042768486"><ele>2.54</ele><time>2025-04-24T04:01:36Z</time><extensions><gpxtpx:TrackPointExtension><gpxtpx:cad>0</gpxtpx:cad></gpxtpx:TrackPointExtension></extensions></trkpt><trkpt lat="15.6624005456" lon="73.7041294947"><ele>2.54</ele><time>2025-04-24T04:01:41Z</time><extensions><gpxtpx:TrackPointExtension><gpxtpx:cad>0</gpxtpx:cad></gpxtpx:TrackPointExtension></extensions></trkpt><trkpt lat="15.6624904834" lon="73.7039829791"><ele>2.54</ele><time>2025-04-24T04:01:46Z</time><extensions><gpxtpx:TrackPointExtension><gpxtpx:cad>0</gpxtpx:cad></gpxtpx:TrackPointExtension></extensions></trkpt><trkpt lat="15.6625797506" lon="73.7038358767"><ele>3.02</ele><time>2025-04-24T04:01:51Z</time><extensions><gpxtpx:TrackPointExtension><gpxtpx:cad>0</gpxtpx:cad></gpxtpx:TrackPointExtension></extensions></trkpt><trkpt lat="15.6626646593" lon="73.7036811467"><ele>2.54</ele><time>2025-04-24T04:01:56Z</time><extensions><gpxtpx:TrackPointExtension><gpxtpx:cad>0</gpxtpx:cad></gpxtpx:TrackPointExtension></extensions></trkpt><trkpt lat="15.6627670024" lon="73.7035456952"><ele>2.06</ele><time>2025-04-24T04:02:01Z</time><extensions><gpxtpx:TrackPointExtension><gpxtpx:cad>0</gpxtpx:cad></gpxtpx:TrackPointExtension></extensions></trkpt><trkpt lat="15.6628765538" lon="73.7034082320"><ele>1.58</ele><time>2025-04-24T04:02:06Z</time><extensions><gpxtpx:TrackPointExtension><gpxtpx:cad>0</gpxtpx:cad></gpxtpx:TrackPointExtension></extensions></trkpt><trkpt lat="15.6629894581" lon="73.7032714393"><ele>1.58</ele><time>2025-04-24T04:02:11Z</time><extensions><gpxtpx:TrackPointExtension><gpxtpx:cad>0</gpxtpx:cad></gpxtpx:TrackPointExtension></extensions></trkpt><trkpt lat="15.6630984228" lon="73.7031356525"><ele>2.06</ele><time>2025-04-24T04:02:16Z</time><extensions><gpxtpx:TrackPointExtension><gpxtpx:cad>0</gpxtpx:cad></gpxtpx:TrackPointExtension></extensions></trkpt><trkpt lat="15.6632005982" lon="73.7030020449"><ele>2.06</ele><time>2025-04-24T04:02:21Z</time><extensions><gpxtpx:TrackPointExtension><gpxtpx:cad>0</gpxtpx:cad></gpxtpx:TrackPointExtension></extensions></trkpt><trkpt lat="15.6632990018" lon="73.7028588820"><ele>1.58</ele><time>2025-04-24T04:02:26Z</time><extensions><gpxtpx:TrackPointExtension><gpxtpx:cad>0</gpxtpx:cad></gpxtpx:TrackPointExtension></extensions></trkpt><trkpt lat="15.6634019315" lon="73.7027168088"><ele>2.06</ele><time>2025-04-24T04:02:31Z</time><extensions><gpxtpx:TrackPointExtension><gpxtpx:cad>0</gpxtpx:cad></gpxtpx:TrackPointExtension></extensions></trkpt><trkpt lat="15.6635023467" lon="73.7025694549"><ele>1.58</ele><time>2025-04-24T04:02:36Z</time><extensions><gpxtpx:TrackPointExtension><gpxtpx:cad>0</gpxtpx:cad></gpxtpx:TrackPointExtension></extensions></trkpt><trkpt lat="15.6636003312" lon="73.7024210952"><ele>1.10</ele><time>2025-04-24T04:02:41Z</time><extensions><gpxtpx:TrackPointExtension><gpxtpx:cad>0</gpxtpx:cad></gpxtpx:TrackPointExtension></extensions></trkpt><trkpt lat="15.6637033448" lon="73.7022740766"><ele>1.10</ele><time>2025-04-24T04:02:46Z</time><extensions><gpxtpx:TrackPointExtension><gpxtpx:cad>0</gpxtpx:cad></gpxtpx:TrackPointExtension></extensions></trkpt><trkpt lat="15.6638145726" lon="73.7021351047"><ele>1.58</ele><time>2025-04-24T04:02:51Z</time><extensions><gpxtpx:TrackPointExtension><gpxtpx:cad>0</gpxtpx:cad></gpxtpx:TrackPointExtension></extensions></trkpt><trkpt lat="15.6639297400" lon="73.7019995693"><ele>1.10</ele><time>2025-04-24T04:02:56Z</time><extensions><gpxtpx:TrackPointExtension><gpxtpx:cad>0</gpxtpx:cad></gpxtpx:TrackPointExtension></extensions></trkpt><trkpt lat="15.6640449911" lon="73.7018766068"><ele>1.10</ele><time>2025-04-24T04:03:01Z</time><extensions><gpxtpx:TrackPointExtension><gpxtpx:cad>0</gpxtpx:cad></gpxtpx:TrackPointExtension></extensions></trkpt><trkpt lat="15.6641699653" lon="73.7017538119"><ele>1.10</ele><time>2025-04-24T04:03:06Z</time><extensions><gpxtpx:TrackPointExtension><gpxtpx:cad>0</gpxtpx:cad></gpxtpx:TrackPointExtension></extensions></trkpt><trkpt lat="15.6642925087" lon="73.7016244791"><ele>1.58</ele><time>2025-04-24T04:03:11Z</time><extensions><gpxtpx:TrackPointExtension><gpxtpx:cad>0</gpxtpx:cad></gpxtpx:TrackPointExtension></extensions></trkpt><trkpt lat="15.6644102745" lon="73.7014985830"><ele>1.10</ele><time>2025-04-24T04:03:16Z</time><extensions><gpxtpx:TrackPointExtension><gpxtpx:cad>0</gpxtpx:cad></gpxtpx:TrackPointExtension></extensions></trkpt><trkpt lat="15.6645326503" lon="73.7013660651"><ele>1.10</ele><time>2025-04-24T04:03:21Z</time><extensions><gpxtpx:TrackPointExtension><gpxtpx:cad>0</gpxtpx:cad></gpxtpx:TrackPointExtension></extensions></trkpt><trkpt lat="15.6646528468" lon="73.7012453657"><ele>1.10</ele><time>2025-04-24T04:03:26Z</time><extensions><gpxtpx:TrackPointExtension><gpxtpx:cad>0</gpxtpx:cad></gpxtpx:TrackPointExtension></extensions></trkpt><trkpt lat="15.6647701934" lon="73.7011239119"><ele>0.62</ele><time>2025-04-24T04:03:31Z</time><extensions><gpxtpx:TrackPointExtension><gpxtpx:cad>0</gpxtpx:cad></gpxtpx:TrackPointExtension></extensions></trkpt><trkpt lat="15.6648603827" lon="73.7010086607"><ele>1.10</ele><time>2025-04-24T04:03:36Z</time><extensions><gpxtpx:TrackPointExtension><gpxtpx:cad>0</gpxtpx:cad></gpxtpx:TrackPointExtension></extensions></trkpt><trkpt lat="15.6649399269" lon="73.7008794956"><ele>1.10</ele><time>2025-04-24T04:03:41Z</time><extensions><gpxtpx:TrackPointExtension><gpxtpx:cad>0</gpxtpx:cad></gpxtpx:TrackPointExtension></extensions></trkpt><trkpt lat="15.6650276016" lon="73.7007526774"><ele>1.58</ele><time>2025-04-24T04:03:46Z</time><extensions><gpxtpx:TrackPointExtension><gpxtpx:cad>0</gpxtpx:cad></gpxtpx:TrackPointExtension></extensions></trkpt><trkpt lat="15.6650994346" lon="73.7006381806"><ele>2.54</ele><time>2025-04-24T04:03:51Z</time><extensions><gpxtpx:TrackPointExtension><gpxtpx:cad>0</gpxtpx:cad></gpxtpx:TrackPointExtension></extensions></trkpt><trkpt lat="15.6651735306" lon="73.7005417049"><ele>2.54</ele><time>2025-04-24T04:03:56Z</time><extensions><gpxtpx:TrackPointExtension><gpxtpx:cad>0</gpxtpx:cad></gpxtpx:TrackPointExtension></extensions></trkpt><trkpt lat="15.6652468722" lon="73.7004440557"><ele>2.06</ele><time>2025-04-24T04:04:01Z</time><extensions><gpxtpx:TrackPointExtension><gpxtpx:cad>0</gpxtpx:cad></gpxtpx:TrackPointExtension></extensions></trkpt><trkpt lat="15.6653240696" lon="73.7003340013"><ele>1.58</ele><time>2025-04-24T04:04:06Z</time><extensions><gpxtpx:TrackPointExtension><gpxtpx:cad>0</gpxtpx:cad></gpxtpx:TrackPointExtension></extensions></trkpt><trkpt lat="15.6654158514" lon="73.7002240308"><ele>2.06</ele><time>2025-04-24T04:04:11Z</time><extensions><gpxtpx:TrackPointExtension><gpxtpx:cad>0</gpxtpx:cad></gpxtpx:TrackPointExtension></extensions></trkpt><trkpt lat="15.6655082200" lon="73.7000995595"><ele>1.58</ele><time>2025-04-24T04:04:16Z</time><extensions><gpxtpx:TrackPointExtension><gpxtpx:cad>0</gpxtpx:cad></gpxtpx:TrackPointExtension></extensions></trkpt><trkpt lat="15.6656054500" lon="73.6999703944"><ele>2.06</ele><time>2025-04-24T04:04:21Z</time><extensions><gpxtpx:TrackPointExtension><gpxtpx:cad>0</gpxtpx:cad></gpxtpx:TrackPointExtension></extensions></trkpt><trkpt lat="15.6657113973" lon="73.6998574901"><ele>1.58</ele><time>2025-04-24T04:04:26Z</time><extensions><gpxtpx:TrackPointExtension><gpxtpx:cad>0</gpxtpx:cad></gpxtpx:TrackPointExtension></extensions></trkpt><trkpt lat="15.6658208650" lon="73.6997452565"><ele>1.58</ele><time>2025-04-24T04:04:31Z</time><extensions><gpxtpx:TrackPointExtension><gpxtpx:cad>0</gpxtpx:cad></gpxtpx:TrackPointExtension></extensions></trkpt><trkpt lat="15.6659398042" lon="73.6996374652"><ele>1.58</ele><time>2025-04-24T04:04:36Z</time><extensions><gpxtpx:TrackPointExtension><gpxtpx:cad>0</gpxtpx:cad></gpxtpx:TrackPointExtension></extensions></trkpt><trkpt lat="15.6660707295" lon="73.6995314341"><ele>1.58</ele><time>2025-04-24T04:04:41Z</time><extensions><gpxtpx:TrackPointExtension><gpxtpx:cad>0</gpxtpx:cad></gpxtpx:TrackPointExtension></extensions></trkpt><trkpt lat="15.6661924347" lon="73.6994066276"><ele>1.58</ele><time>2025-04-24T04:04:46Z</time><extensions><gpxtpx:TrackPointExtension><gpxtpx:cad>0</gpxtpx:cad></gpxtpx:TrackPointExtension></extensions></trkpt><trkpt lat="15.6663181633" lon="73.6992814019"><ele>1.58</ele><time>2025-04-24T04:04:51Z</time><extensions><gpxtpx:TrackPointExtension><gpxtpx:cad>0</gpxtpx:cad></gpxtpx:TrackPointExtension></extensions></trkpt><trkpt lat="15.6664612424" lon="73.6991752870"><ele>1.58</ele><time>2025-04-24T04:04:56Z</time><extensions><gpxtpx:TrackPointExtension><gpxtpx:cad>0</gpxtpx:cad></gpxtpx:TrackPointExtension></extensions></trkpt><trkpt lat="15.6665846240" lon="73.6990636401"><ele>1.58</ele><time>2025-04-24T04:05:01Z</time><extensions><gpxtpx:TrackPointExtension><gpxtpx:cad>0</gpxtpx:cad></gpxtpx:TrackPointExtension></extensions></trkpt><trkpt lat="15.6667123642" lon="73.6989484727"><ele>1.10</ele><time>2025-04-24T04:05:06Z</time><extensions><gpxtpx:TrackPointExtension><gpxtpx:cad>0</gpxtpx:cad></gpxtpx:TrackPointExtension></extensions></trkpt><trkpt lat="15.6668489892" lon="73.6988551822"><ele>1.10</ele><time>2025-04-24T04:05:11Z</time><extensions><gpxtpx:TrackPointExtension><gpxtpx:cad>0</gpxtpx:cad></gpxtpx:TrackPointExtension></extensions></trkpt><trkpt lat="15.6669783220" lon="73.6987424456"><ele>1.10</ele><time>2025-04-24T04:05:16Z</time><extensions><gpxtpx:TrackPointExtension><gpxtpx:cad>0</gpxtpx:cad></gpxtpx:TrackPointExtension></extensions></trkpt><trkpt lat="15.6671043020" lon="73.6986223329"><ele>1.10</ele><time>2025-04-24T04:05:21Z</time><extensions><gpxtpx:TrackPointExtension><gpxtpx:cad>0</gpxtpx:cad></gpxtpx:TrackPointExtension></extensions></trkpt><trkpt lat="15.6672400050" lon="73.6985256057"><ele>0.62</ele><time>2025-04-24T04:05:26Z</time><extensions><gpxtpx:TrackPointExtension><gpxtpx:cad>0</gpxtpx:cad></gpxtpx:TrackPointExtension></extensions></trkpt><trkpt lat="15.6673759595" lon="73.6984149646"><ele>1.10</ele><time>2025-04-24T04:05:31Z</time><extensions><gpxtpx:TrackPointExtension><gpxtpx:cad>0</gpxtpx:cad></gpxtpx:TrackPointExtension></extensions></trkpt><trkpt lat="15.6675089803" lon="73.6983005516"><ele>1.10</ele><time>2025-04-24T04:05:36Z</time><extensions><gpxtpx:TrackPointExtension><gpxtpx:cad>0</gpxtpx:cad></gpxtpx:TrackPointExtension></extensions></trkpt><trkpt lat="15.6676575914" lon="73.6982059199"><ele>1.10</ele><time>2025-04-24T04:05:41Z</time><extensions><gpxtpx:TrackPointExtension><gpxtpx:cad>0</gpxtpx:cad></gpxtpx:TrackPointExtension></extensions></trkpt><trkpt lat="15.6678029336" lon="73.6981228553"><ele>1.10</ele><time>2025-04-24T04:05:46Z</time><extensions><gpxtpx:TrackPointExtension><gpxtpx:cad>0</gpxtpx:cad></gpxtpx:TrackPointExtension></extensions></trkpt><trkpt lat="15.6679397263" lon="73.6980397068"><ele>1.10</ele><time>2025-04-24T04:05:51Z</time><extensions><gpxtpx:TrackPointExtension><gpxtpx:cad>0</gpxtpx:cad></gpxtpx:TrackPointExtension></extensions></trkpt><trkpt lat="15.6680870801" lon="73.6979714781"><ele>1.10</ele><time>2025-04-24T04:05:56Z</time><extensions><gpxtpx:TrackPointExtension><gpxtpx:cad>0</gpxtpx:cad></gpxtpx:TrackPointExtension></extensions></trkpt><trkpt lat="15.6682290696" lon="73.6978824623"><ele>1.58</ele><time>2025-04-24T04:06:01Z</time><extensions><gpxtpx:TrackPointExtension><gpxtpx:cad>0</gpxtpx:cad></gpxtpx:TrackPointExtension></extensions></trkpt><trkpt lat="15.6683524512" lon="73.6977786105"><ele>1.58</ele><time>2025-04-24T04:06:06Z</time><extensions><gpxtpx:TrackPointExtension><gpxtpx:cad>0</gpxtpx:cad></gpxtpx:TrackPointExtension></extensions></trkpt><trkpt lat="15.6684793532" lon="73.6976626050"><ele>2.06</ele><time>2025-04-24T04:06:11Z</time><extensions><gpxtpx:TrackPointExtension><gpxtpx:cad>0</gpxtpx:cad></gpxtpx:TrackPointExtension></extensions></trkpt><trkpt lat="15.6685870606" lon="73.6975376308"><ele>2.54</ele><time>2025-04-24T04:06:16Z</time><extensions><gpxtpx:TrackPointExtension><gpxtpx:cad>0</gpxtpx:cad></gpxtpx:TrackPointExtension></extensions></trkpt><trkpt lat="15.6687080953" lon="73.6974171828"><ele>3.02</ele><time>2025-04-24T04:06:21Z</time><extensions><gpxtpx:TrackPointExtension><gpxtpx:cad>0</gpxtpx:cad></gpxtpx:TrackPointExtension></extensions></trkpt><trkpt lat="15.6688342430" lon="73.6973077990"><ele>3.02</ele><time>2025-04-24T04:06:26Z</time><extensions><gpxtpx:TrackPointExtension><gpxtpx:cad>0</gpxtpx:cad></gpxtpx:TrackPointExtension></extensions></trkpt><trkpt lat="15.6689544395" lon="73.6971793044"><ele>3.50</ele><time>2025-04-24T04:06:31Z</time><extensions><gpxtpx:TrackPointExtension><gpxtpx:cad>0</gpxtpx:cad></gpxtpx:TrackPointExtension></extensions></trkpt><trkpt lat="15.6690675113" lon="73.6970643885"><ele>3.02</ele><time>2025-04-24T04:06:36Z</time><extensions><gpxtpx:TrackPointExtension><gpxtpx:cad>0</gpxtpx:cad></gpxtpx:TrackPointExtension></extensions></trkpt><trkpt lat="15.6691598799" lon="73.6969987582"><ele>3.50</ele><time>2025-04-24T04:06:41Z</time><extensions><gpxtpx:TrackPointExtension><gpxtpx:cad>0</gpxtpx:cad></gpxtpx:TrackPointExtension></extensions></trkpt><trkpt lat="15.6692403462" lon="73.6969741154"><ele>3.50</ele><time>2025-04-24T04:06:46Z</time><extensions><gpxtpx:TrackPointExtension><gpxtpx:cad>0</gpxtpx:cad></gpxtpx:TrackPointExtension></extensions></trkpt><trkpt lat="15.6693079043" lon="73.6969650630"><ele>3.50</ele><time>2025-04-24T04:06:51Z</time><extensions><gpxtpx:TrackPointExtension><gpxtpx:cad>0</gpxtpx:cad></gpxtpx:TrackPointExtension></extensions></trkpt><trkpt lat="15.6693606265" lon="73.6969633866"><ele>3.50</ele><time>2025-04-24T04:06:56Z</time><extensions><gpxtpx:TrackPointExtension><gpxtpx:cad>0</gpxtpx:cad></gpxtpx:TrackPointExtension></extensions></trkpt><trkpt lat="15.6694091577" lon="73.6969632190"><ele>3.50</ele><time>2025-04-24T04:07:01Z</time><extensions><gpxtpx:TrackPointExtension><gpxtpx:cad>0</gpxtpx:cad></gpxtpx:TrackPointExtension></extensions></trkpt><trkpt lat="15.6694521569" lon="73.6969656497"><ele>3.50</ele><time>2025-04-24T04:07:06Z</time><extensions><gpxtpx:TrackPointExtension><gpxtpx:cad>0</gpxtpx:cad></gpxtpx:TrackPointExtension></extensions></trkpt><trkpt lat="15.6694847625" lon="73.6969650630"><ele>3.02</ele><time>2025-04-24T04:07:11Z</time><extensions><gpxtpx:TrackPointExtension><gpxtpx:cad>0</gpxtpx:cad></gpxtpx:TrackPointExtension></extensions></trkpt><trkpt lat="15.6695183739" lon="73.6969619617"><ele>3.50</ele><time>2025-04-24T04:07:16Z</time><extensions><gpxtpx:TrackPointExtension><gpxtpx:cad>0</gpxtpx:cad></gpxtpx:TrackPointExtension></extensions></trkpt><trkpt lat="15.6695497222" lon="73.6969608720"><ele>3.50</ele><time>2025-04-24T04:07:21Z</time><extensions><gpxtpx:TrackPointExtension><gpxtpx:cad>0</gpxtpx:cad></gpxtpx:TrackPointExtension></extensions></trkpt><trkpt lat="15.6695783883" lon="73.6969595309"><ele>3.02</ele><time>2025-04-24T04:07:26Z</time><extensions><gpxtpx:TrackPointExtension><gpxtpx:cad>0</gpxtpx:cad></gpxtpx:TrackPointExtension></extensions></trkpt><trkpt lat="15.6695947330" lon="73.6969503108"><ele>2.54</ele><time>2025-04-24T04:07:31Z</time><extensions><gpxtpx:TrackPointExtension><gpxtpx:cad>0</gpxtpx:cad></gpxtpx:TrackPointExtension></extensions></trkpt><trkpt lat="15.6696099881" lon="73.6969487183"><ele>2.54</ele><time>2025-04-24T04:07:36Z</time><extensions><gpxtpx:TrackPointExtension><gpxtpx:cad>0</gpxtpx:cad></gpxtpx:TrackPointExtension></extensions></trkpt><trkpt lat="15.6696291827" lon="73.6969466228"><ele>2.06</ele><time>2025-04-24T04:07:41Z</time><extensions><gpxtpx:TrackPointExtension><gpxtpx:cad>0</gpxtpx:cad></gpxtpx:TrackPointExtension></extensions></trkpt><trkpt lat="15.6696353015" lon="73.6969438568"><ele>2.06</ele><time>2025-04-24T04:07:46Z</time><extensions><gpxtpx:TrackPointExtension><gpxtpx:cad>0</gpxtpx:cad></gpxtpx:TrackPointExtension></extensions></trkpt><trkpt lat="15.6696451083" lon="73.6969427671"><ele>2.06</ele><time>2025-04-24T04:07:51Z</time><extensions><gpxtpx:TrackPointExtension><gpxtpx:cad>0</gpxtpx:cad></gpxtpx:TrackPointExtension></extensions></trkpt><trkpt lat="15.6696556695" lon="73.6969462037"><ele>1.58</ele><time>2025-04-24T04:07:56Z</time><extensions><gpxtpx:TrackPointExtension><gpxtpx:cad>0</gpxtpx:cad></gpxtpx:TrackPointExtension></extensions></trkpt><trkpt lat="15.6696580164" lon="73.6969472934"><ele>1.58</ele><time>2025-04-24T04:08:01Z</time><extensions><gpxtpx:TrackPointExtension><gpxtpx:cad>0</gpxtpx:cad></gpxtpx:TrackPointExtension></extensions></trkpt><trkpt lat="15.6696601957" lon="73.6969461199"><ele>1.58</ele><time>2025-04-24T04:08:06Z</time><extensions><gpxtpx:TrackPointExtension><gpxtpx:cad>0</gpxtpx:cad></gpxtpx:TrackPointExtension></extensions></trkpt><trkpt lat="15.6696643028" lon="73.6969476286"><ele>1.10</ele><time>2025-04-24T04:08:11Z</time><extensions><gpxtpx:TrackPointExtension><gpxtpx:cad>0</gpxtpx:cad></gpxtpx:TrackPointExtension></extensions></trkpt><trkpt lat="15.6696684938" lon="73.6969469581"><ele>1.10</ele><time>2025-04-24T04:08:16Z</time><extensions><gpxtpx:TrackPointExtension><gpxtpx:cad>0</gpxtpx:cad></gpxtpx:TrackPointExtension></extensions></trkpt><trkpt lat="15.6696717627" lon="73.6969464552"><ele>1.10</ele><time>2025-04-24T04:08:21Z</time><extensions><gpxtpx:TrackPointExtension><gpxtpx:cad>0</gpxtpx:cad></gpxtpx:TrackPointExtension></extensions></trkpt><trkpt lat="15.6696767081" lon="73.6969460361"><ele>1.10</ele><time>2025-04-24T04:08:26Z</time><extensions><gpxtpx:TrackPointExtension><gpxtpx:cad>0</gpxtpx:cad></gpxtpx:TrackPointExtension></extensions></trkpt><trkpt lat="15.6696806476" lon="73.6969472934"><ele>1.10</ele><time>2025-04-24T04:08:31Z</time><extensions><gpxtpx:TrackPointExtension><gpxtpx:cad>0</gpxtpx:cad></gpxtpx:TrackPointExtension></extensions></trkpt><trkpt lat="15.6697028596" lon="73.6969367322"><ele>1.10</ele><time>2025-04-24T04:08:36Z</time><extensions><gpxtpx:TrackPointExtension><gpxtpx:cad>0</gpxtpx:cad></gpxtpx:TrackPointExtension></extensions></trkpt><trkpt lat="15.6697612815" lon="73.6968947388"><ele>0.62</ele><time>2025-04-24T04:08:41Z</time><extensions><gpxtpx:TrackPointExtension><gpxtpx:cad>0</gpxtpx:cad></gpxtpx:TrackPointExtension></extensions></trkpt><trkpt lat="15.6698390655" lon="73.6968321260"><ele>1.10</ele><time>2025-04-24T04:08:46Z</time><extensions><gpxtpx:TrackPointExtension><gpxtpx:cad>0</gpxtpx:cad></gpxtpx:TrackPointExtension></extensions></trkpt><trkpt lat="15.6699343678" lon="73.6967327166"><ele>1.10</ele><time>2025-04-24T04:08:51Z</time><extensions><gpxtpx:TrackPointExtension><gpxtpx:cad>0</gpxtpx:cad></gpxtpx:TrackPointExtension></extensions></trkpt><trkpt lat="15.6700235512" lon="73.6965990253"><ele>1.58</ele><time>2025-04-24T04:08:56Z</time><extensions><gpxtpx:TrackPointExtension><gpxtpx:cad>0</gpxtpx:cad></gpxtpx:TrackPointExtension></extensions></trkpt><trkpt lat="15.6701180991" lon="73.6964667588"><ele>2.06</ele><time>2025-04-24T04:09:01Z</time><extensions><gpxtpx:TrackPointExtension><gpxtpx:cad>0</gpxtpx:cad></gpxtpx:TrackPointExtension></extensions></trkpt><trkpt lat="15.6702048518" lon="73.6963297985"><ele>2.06</ele><time>2025-04-24T04:09:06Z</time><extensions><gpxtpx:TrackPointExtension><gpxtpx:cad>0</gpxtpx:cad></gpxtpx:TrackPointExtension></extensions></trkpt><trkpt lat="15.6702833902" lon="73.6961823609"><ele>2.06</ele><time>2025-04-24T04:09:11Z</time><extensions><gpxtpx:TrackPointExtension><gpxtpx:cad>0</gpxtpx:cad></gpxtpx:TrackPointExtension></extensions></trkpt><trkpt lat="15.6703582406" lon="73.6960386112"><ele>2.54</ele><time>2025-04-24T04:09:16Z</time><extensions><gpxtpx:TrackPointExtension><gpxtpx:cad>0</gpxtpx:cad></gpxtpx:TrackPointExtension></extensions></trkpt><trkpt lat="15.6704134773" lon="73.6958835460"><ele>2.54</ele><time>2025-04-24T04:09:21Z</time><extensions><gpxtpx:TrackPointExtension><gpxtpx:cad>0</gpxtpx:cad></gpxtpx:TrackPointExtension></extensions></trkpt><trkpt lat="15.6704698876" lon="73.6957295705"><ele>3.02</ele><time>2025-04-24T04:09:26Z</time><extensions><gpxtpx:TrackPointExtension><gpxtpx:cad>0</gpxtpx:cad></gpxtpx:TrackPointExtension></extensions></trkpt><trkpt lat="15.6705353502" lon="73.6955855694"><ele>3.02</ele><time>2025-04-24T04:09:31Z</time><extensions><gpxtpx:TrackPointExtension><gpxtpx:cad>0</gpxtpx:cad></gpxtpx:TrackPointExtension></extensions></trkpt><trkpt lat="15.6705875695" lon="73.6954235472"><ele>3.02</ele><time>2025-04-24T04:09:36Z</time><extensions><gpxtpx:TrackPointExtension><gpxtpx:cad>0</gpxtpx:cad></gpxtpx:TrackPointExtension></extensions></trkpt><trkpt lat="15.6706552953" lon="73.6952737626"><ele>3.02</ele><time>2025-04-24T04:09:41Z</time><extensions><gpxtpx:TrackPointExtension><gpxtpx:cad>0</gpxtpx:cad></gpxtpx:TrackPointExtension></extensions></trkpt><trkpt lat="15.6707210094" lon="73.6951134168"><ele>2.54</ele><time>2025-04-24T04:09:46Z</time><extensions><gpxtpx:TrackPointExtension><gpxtpx:cad>0</gpxtpx:cad></gpxtpx:TrackPointExtension></extensions></trkpt><trkpt lat="15.6707784254" lon="73.6949469522"><ele>3.02</ele><time>2025-04-24T04:09:51Z</time><extensions><gpxtpx:TrackPointExtension><gpxtpx:cad>0</gpxtpx:cad></gpxtpx:TrackPointExtension></extensions></trkpt><trkpt lat="15.6708458997" lon="73.6947880313"><ele>3.02</ele><time>2025-04-24T04:09:56Z</time><extensions><gpxtpx:TrackPointExtension><gpxtpx:cad>0</gpxtpx:cad></gpxtpx:TrackPointExtension></extensions></trkpt><trkpt lat="15.6709195767" lon="73.6946286913"><ele>3.02</ele><time>2025-04-24T04:10:01Z</time><extensions><gpxtpx:TrackPointExtension><gpxtpx:cad>0</gpxtpx:cad></gpxtpx:TrackPointExtension></extensions></trkpt><trkpt lat="15.6709879730" lon="73.6944728717"><ele>3.02</ele><time>2025-04-24T04:10:06Z</time><extensions><gpxtpx:TrackPointExtension><gpxtpx:cad>0</gpxtpx:cad></gpxtpx:TrackPointExtension></extensions></trkpt><trkpt lat="15.6710386835" lon="73.6943034735"><ele>3.02</ele><time>2025-04-24T04:10:11Z</time><extensions><gpxtpx:TrackPointExtension><gpxtpx:cad>0</gpxtpx:cad></gpxtpx:TrackPointExtension></extensions></trkpt><trkpt lat="15.6710962672" lon="73.6941384338"><ele>3.02</ele><time>2025-04-24T04:10:16Z</time><extensions><gpxtpx:TrackPointExtension><gpxtpx:cad>0</gpxtpx:cad></gpxtpx:TrackPointExtension></extensions></trkpt><trkpt lat="15.6711641606" lon="73.6939784233"><ele>3.02</ele><time>2025-04-24T04:10:21Z</time><extensions><gpxtpx:TrackPointExtension><gpxtpx:cad>0</gpxtpx:cad></gpxtpx:TrackPointExtension></extensions></trkpt><trkpt lat="15.6712339818" lon="73.6938266270"><ele>3.02</ele><time>2025-04-24T04:10:26Z</time><extensions><gpxtpx:TrackPointExtension><gpxtpx:cad>0</gpxtpx:cad></gpxtpx:TrackPointExtension></extensions></trkpt><trkpt lat="15.6712954212" lon="73.6936655268"><ele>2.54</ele><time>2025-04-24T04:10:31Z</time><extensions><gpxtpx:TrackPointExtension><gpxtpx:cad>0</gpxtpx:cad></gpxtpx:TrackPointExtension></extensions></trkpt><trkpt lat="15.6713341456" lon="73.6934997328"><ele>2.54</ele><time>2025-04-24T04:10:36Z</time><extensions><gpxtpx:TrackPointExtension><gpxtpx:cad>0</gpxtpx:cad></gpxtpx:TrackPointExtension></extensions></trkpt><trkpt lat="15.6713659130" lon="73.6933250539"><ele>3.02</ele><time>2025-04-24T04:10:41Z</time><extensions><gpxtpx:TrackPointExtension><gpxtpx:cad>0</gpxtpx:cad></gpxtpx:TrackPointExtension></extensions></trkpt><trkpt lat="15.6713768933" lon="73.6931493692"><ele>3.02</ele><time>2025-04-24T04:10:46Z</time><extensions><gpxtpx:TrackPointExtension><gpxtpx:cad>0</gpxtpx:cad></gpxtpx:TrackPointExtension></extensions></trkpt><trkpt lat="15.6713865325" lon="73.6929741036"><ele>3.02</ele><time>2025-04-24T04:10:51Z</time><extensions><gpxtpx:TrackPointExtension><gpxtpx:cad>0</gpxtpx:cad></gpxtpx:TrackPointExtension></extensions></trkpt><trkpt lat="15.6714537553" lon="73.6928333715"><ele>3.02</ele><time>2025-04-24T04:10:56Z</time><extensions><gpxtpx:TrackPointExtension><gpxtpx:cad>0</gpxtpx:cad></gpxtpx:TrackPointExtension></extensions></trkpt><trkpt lat="15.6715831719" lon="73.6927537434"><ele>3.02</ele><time>2025-04-24T04:11:01Z</time><extensions><gpxtpx:TrackPointExtension><gpxtpx:cad>0</gpxtpx:cad></gpxtpx:TrackPointExtension></extensions></trkpt><trkpt lat="15.6717321184" lon="73.6927096546"><ele>2.54</ele><time>2025-04-24T04:11:06Z</time><extensions><gpxtpx:TrackPointExtension><gpxtpx:cad>0</gpxtpx:cad></gpxtpx:TrackPointExtension></extensions></trkpt><trkpt lat="15.6718690787" lon="73.6926306970"><ele>2.54</ele><time>2025-04-24T04:11:11Z</time><extensions><gpxtpx:TrackPointExtension><gpxtpx:cad>0</gpxtpx:cad></gpxtpx:TrackPointExtension></extensions></trkpt><trkpt lat="15.6719954778" lon="73.6925239954"><ele>2.54</ele><time>2025-04-24T04:11:16Z</time><extensions><gpxtpx:TrackPointExtension><gpxtpx:cad>0</gpxtpx:cad></gpxtpx:TrackPointExtension></extensions></trkpt><trkpt lat="15.6721238047" lon="73.6924070679"><ele>2.06</ele><time>2025-04-24T04:11:21Z</time><extensions><gpxtpx:TrackPointExtension><gpxtpx:cad>0</gpxtpx:cad></gpxtpx:TrackPointExtension></extensions></trkpt><trkpt lat="15.6722575799" lon="73.6923016235"><ele>2.06</ele><time>2025-04-24T04:11:26Z</time><extensions><gpxtpx:TrackPointExtension><gpxtpx:cad>0</gpxtpx:cad></gpxtpx:TrackPointExtension></extensions></trkpt><trkpt lat="15.6723921932" lon="73.6921998672"><ele>1.58</ele><time>2025-04-24T04:11:31Z</time><extensions><gpxtpx:TrackPointExtension><gpxtpx:cad>0</gpxtpx:cad></gpxtpx:TrackPointExtension></extensions></trkpt><trkpt lat="15.6725305784" lon="73.6920988653"><ele>1.10</ele><time>2025-04-24T04:11:36Z</time><extensions><gpxtpx:TrackPointExtension><gpxtpx:cad>0</gpxtpx:cad></gpxtpx:TrackPointExtension></extensions></trkpt><trkpt lat="15.6726641860" lon="73.6919997074"><ele>1.10</ele><time>2025-04-24T04:11:41Z</time><extensions><gpxtpx:TrackPointExtension><gpxtpx:cad>0</gpxtpx:cad></gpxtpx:TrackPointExtension></extensions></trkpt><trkpt lat="15.6728008110" lon="73.6918976996"><ele>1.10</ele><time>2025-04-24T04:11:46Z</time><extensions><gpxtpx:TrackPointExtension><gpxtpx:cad>0</gpxtpx:cad></gpxtpx:TrackPointExtension></extensions></trkpt><trkpt lat="15.6729454827" lon="73.6918158084"><ele>0.62</ele><time>2025-04-24T04:11:51Z</time><extensions><gpxtpx:TrackPointExtension><gpxtpx:cad>0</gpxtpx:cad></gpxtpx:TrackPointExtension></extensions></trkpt><trkpt lat="15.6730930880" lon="73.6917270441"><ele>0.62</ele><time>2025-04-24T04:11:56Z</time><extensions><gpxtpx:TrackPointExtension><gpxtpx:cad>0</gpxtpx:cad></gpxtpx:TrackPointExtension></extensions></trkpt><trkpt lat="15.6732347421" lon="73.6916372739"><ele>1.10</ele><time>2025-04-24T04:12:01Z</time><extensions><gpxtpx:TrackPointExtension><gpxtpx:cad>0</gpxtpx:cad></gpxtpx:TrackPointExtension></extensions></trkpt><trkpt lat="15.6733830180" lon="73.6915504374"><ele>1.10</ele><time>2025-04-24T04:12:06Z</time><extensions><gpxtpx:TrackPointExtension><gpxtpx:cad>0</gpxtpx:cad></gpxtpx:TrackPointExtension></extensions></trkpt><trkpt lat="15.6735327188" lon="73.6914715637"><ele>1.58</ele><time>2025-04-24T04:12:11Z</time><extensions><gpxtpx:TrackPointExtension><gpxtpx:cad>0</gpxtpx:cad></gpxtpx:TrackPointExtension></extensions></trkpt><trkpt lat="15.6736864429" lon="73.6913978867"><ele>1.58</ele><time>2025-04-24T04:12:16Z</time><extensions><gpxtpx:TrackPointExtension><gpxtpx:cad>0</gpxtpx:cad></gpxtpx:TrackPointExtension></extensions></trkpt><trkpt lat="15.6738337968" lon="73.6913326755"><ele>1.58</ele><time>2025-04-24T04:12:21Z</time><extensions><gpxtpx:TrackPointExtension><gpxtpx:cad>0</gpxtpx:cad></gpxtpx:TrackPointExtension></extensions></trkpt><trkpt lat="15.6739925500" lon="73.6912656203"><ele>1.10</ele><time>2025-04-24T04:12:26Z</time><extensions><gpxtpx:TrackPointExtension><gpxtpx:cad>0</gpxtpx:cad></gpxtpx:TrackPointExtension></extensions></trkpt><trkpt lat="15.6741454359" lon="73.6911938712"><ele>1.10</ele><time>2025-04-24T04:12:31Z</time><extensions><gpxtpx:TrackPointExtension><gpxtpx:cad>0</gpxtpx:cad></gpxtpx:TrackPointExtension></extensions></trkpt><trkpt lat="15.6743008364" lon="73.6911289115"><ele>1.58</ele><time>2025-04-24T04:12:36Z</time><extensions><gpxtpx:TrackPointExtension><gpxtpx:cad>0</gpxtpx:cad></gpxtpx:TrackPointExtension></extensions></trkpt><trkpt lat="15.6744550634" lon="73.6910826433"><ele>2.06</ele><time>2025-04-24T04:12:41Z</time><extensions><gpxtpx:TrackPointExtension><gpxtpx:cad>0</gpxtpx:cad></gpxtpx:TrackPointExtension></extensions></trkpt><trkpt lat="15.6746184267" lon="73.6910256464"><ele>2.54</ele><time>2025-04-24T04:12:46Z</time><extensions><gpxtpx:TrackPointExtension><gpxtpx:cad>0</gpxtpx:cad></gpxtpx:TrackPointExtension></extensions></trkpt><trkpt lat="15.6747774314" lon="73.6909688171"><ele>2.54</ele><time>2025-04-24T04:12:51Z</time><extensions><gpxtpx:TrackPointExtension><gpxtpx:cad>0</gpxtpx:cad></gpxtpx:TrackPointExtension></extensions></trkpt><trkpt lat="15.6749341730" lon="73.6909038574"><ele>2.54</ele><time>2025-04-24T04:12:56Z</time><extensions><gpxtpx:TrackPointExtension><gpxtpx:cad>0</gpxtpx:cad></gpxtpx:TrackPointExtension></extensions></trkpt><trkpt lat="15.6750922557" lon="73.6908475310"><ele>2.54</ele><time>2025-04-24T04:13:01Z</time><extensions><gpxtpx:TrackPointExtension><gpxtpx:cad>0</gpxtpx:cad></gpxtpx:TrackPointExtension></extensions></trkpt><trkpt lat="15.6752530206" lon="73.6908044480"><ele>2.06</ele><time>2025-04-24T04:13:06Z</time><extensions><gpxtpx:TrackPointExtension><gpxtpx:cad>0</gpxtpx:cad></gpxtpx:TrackPointExtension></extensions></trkpt><trkpt lat="15.6754114386" lon="73.6907622032"><ele>2.06</ele><time>2025-04-24T04:13:11Z</time><extensions><gpxtpx:TrackPointExtension><gpxtpx:cad>0</gpxtpx:cad></gpxtpx:TrackPointExtension></extensions></trkpt><trkpt lat="15.6755737122" lon="73.6907275021"><ele>2.54</ele><time>2025-04-24T04:13:16Z</time><extensions><gpxtpx:TrackPointExtension><gpxtpx:cad>0</gpxtpx:cad></gpxtpx:TrackPointExtension></extensions></trkpt><trkpt lat="15.6757379137" lon="73.6906734388"><ele>2.06</ele><time>2025-04-24T04:13:21Z</time><extensions><gpxtpx:TrackPointExtension><gpxtpx:cad>0</gpxtpx:cad></gpxtpx:TrackPointExtension></extensions></trkpt><trkpt lat="15.6758891232" lon="73.6906078923"><ele>1.58</ele><time>2025-04-24T04:13:26Z</time><extensions><gpxtpx:TrackPointExtension><gpxtpx:cad>0</gpxtpx:cad></gpxtpx:TrackPointExtension></extensions></trkpt><trkpt lat="15.6760382373" lon="73.6905357242"><ele>2.06</ele><time>2025-04-24T04:13:31Z</time><extensions><gpxtpx:TrackPointExtension><gpxtpx:cad>0</gpxtpx:cad></gpxtpx:TrackPointExtension></extensions></trkpt><trkpt lat="15.6761947274" lon="73.6904572695"><ele>2.54</ele><time>2025-04-24T04:13:36Z</time><extensions><gpxtpx:TrackPointExtension><gpxtpx:cad>0</gpxtpx:cad></gpxtpx:TrackPointExtension></extensions></trkpt><trkpt lat="15.6763298437" lon="73.6903629731"><ele>2.06</ele><time>2025-04-24T04:13:41Z</time><extensions><gpxtpx:TrackPointExtension><gpxtpx:cad>0</gpxtpx:cad></gpxtpx:TrackPointExtension></extensions></trkpt><trkpt lat="15.6764729228" lon="73.6902676709"><ele>2.06</ele><time>2025-04-24T04:13:46Z</time><extensions><gpxtpx:TrackPointExtension><gpxtpx:cad>0</gpxtpx:cad></gpxtpx:TrackPointExtension></extensions></trkpt><trkpt lat="15.6766299997" lon="73.6902020406"><ele>2.06</ele><time>2025-04-24T04:13:51Z</time><extensions><gpxtpx:TrackPointExtension><gpxtpx:cad>0</gpxtpx:cad></gpxtpx:TrackPointExtension></extensions></trkpt><trkpt lat="15.6767879147" lon="73.6901229993"><ele>1.58</ele><time>2025-04-24T04:13:56Z</time><extensions><gpxtpx:TrackPointExtension><gpxtpx:cad>0</gpxtpx:cad></gpxtpx:TrackPointExtension></extensions></trkpt><trkpt lat="15.6769326702" lon="73.6900490709"><ele>0.62</ele><time>2025-04-24T04:14:01Z</time><extensions><gpxtpx:TrackPointExtension><gpxtpx:cad>0</gpxtpx:cad></gpxtpx:TrackPointExtension></extensions></trkpt><trkpt lat="15.6770915911" lon="73.6899975222"><ele>0.14</ele><time>2025-04-24T04:14:06Z</time><extensions><gpxtpx:TrackPointExtension><gpxtpx:cad>0</gpxtpx:cad></gpxtpx:TrackPointExtension></extensions></trkpt><trkpt lat="15.6772482488" lon="73.6899547745"><ele>0.14</ele><time>2025-04-24T04:14:11Z</time><extensions><gpxtpx:TrackPointExtension><gpxtpx:cad>0</gpxtpx:cad></gpxtpx:TrackPointExtension></extensions></trkpt><trkpt lat="15.6774114445" lon="73.6898904853"><ele>0.14</ele><time>2025-04-24T04:14:16Z</time><extensions><gpxtpx:TrackPointExtension><gpxtpx:cad>0</gpxtpx:cad></gpxtpx:TrackPointExtension></extensions></trkpt><trkpt lat="15.6775647495" lon="73.6898268666"><ele>0.14</ele><time>2025-04-24T04:14:21Z</time><extensions><gpxtpx:TrackPointExtension><gpxtpx:cad>0</gpxtpx:cad></gpxtpx:TrackPointExtension></extensions></trkpt><trkpt lat="15.6777236704" lon="73.6897689477"><ele>0.14</ele><time>2025-04-24T04:14:26Z</time><extensions><gpxtpx:TrackPointExtension><gpxtpx:cad>0</gpxtpx:cad></gpxtpx:TrackPointExtension></extensions></trkpt><trkpt lat="15.6778741255" lon="73.6896981206"><ele>0.14</ele><time>2025-04-24T04:14:31Z</time><extensions><gpxtpx:TrackPointExtension><gpxtpx:cad>0</gpxtpx:cad></gpxtpx:TrackPointExtension></extensions></trkpt><trkpt lat="15.6780208927" lon="73.6896149721"><ele>0.14</ele><time>2025-04-24T04:14:36Z</time><extensions><gpxtpx:TrackPointExtension><gpxtpx:cad>0</gpxtpx:cad></gpxtpx:TrackPointExtension></extensions></trkpt><trkpt lat="15.6781549193" lon="73.6895118747"><ele>0.14</ele><time>2025-04-24T04:14:41Z</time><extensions><gpxtpx:TrackPointExtension><gpxtpx:cad>0</gpxtpx:cad></gpxtpx:TrackPointExtension></extensions></trkpt><trkpt lat="15.6783035304" lon="73.6894267146"><ele>0.14</ele><time>2025-04-24T04:14:46Z</time><extensions><gpxtpx:TrackPointExtension><gpxtpx:cad>0</gpxtpx:cad></gpxtpx:TrackPointExtension></extensions></trkpt><trkpt lat="15.6784528121" lon="73.6893427279"><ele>0.62</ele><time>2025-04-24T04:14:51Z</time><extensions><gpxtpx:TrackPointExtension><gpxtpx:cad>0</gpxtpx:cad></gpxtpx:TrackPointExtension></extensions></trkpt><trkpt lat="15.6785953883" lon="73.6892449949"><ele>1.10</ele><time>2025-04-24T04:14:56Z</time><extensions><gpxtpx:TrackPointExtension><gpxtpx:cad>0</gpxtpx:cad></gpxtpx:TrackPointExtension></extensions></trkpt><trkpt lat="15.6787349470" lon="73.6891440768"><ele>1.58</ele><time>2025-04-24T04:15:01Z</time><extensions><gpxtpx:TrackPointExtension><gpxtpx:cad>0</gpxtpx:cad></gpxtpx:TrackPointExtension></extensions></trkpt><trkpt lat="15.6788812950" lon="73.6890492775"><ele>1.58</ele><time>2025-04-24T04:15:06Z</time><extensions><gpxtpx:TrackPointExtension><gpxtpx:cad>0</gpxtpx:cad></gpxtpx:TrackPointExtension></extensions></trkpt><trkpt lat="15.6790283974" lon="73.6889799591"><ele>1.58</ele><time>2025-04-24T04:15:11Z</time><extensions><gpxtpx:TrackPointExtension><gpxtpx:cad>0</gpxtpx:cad></gpxtpx:TrackPointExtension></extensions></trkpt><trkpt lat="15.6791726500" lon="73.6888972297"><ele>1.58</ele><time>2025-04-24T04:15:16Z</time><extensions><gpxtpx:TrackPointExtension><gpxtpx:cad>0</gpxtpx:cad></gpxtpx:TrackPointExtension></extensions></trkpt><trkpt lat="15.6793158967" lon="73.6888119020"><ele>1.58</ele><time>2025-04-24T04:15:21Z</time><extensions><gpxtpx:TrackPointExtension><gpxtpx:cad>0</gpxtpx:cad></gpxtpx:TrackPointExtension></extensions></trkpt><trkpt lat="15.6794733927" lon="73.6887424998"><ele>1.58</ele><time>2025-04-24T04:15:26Z</time><extensions><gpxtpx:TrackPointExtension><gpxtpx:cad>0</gpxtpx:cad></gpxtpx:TrackPointExtension></extensions></trkpt><trkpt lat="15.6796223391" lon="73.6887119897"><ele>2.06</ele><time>2025-04-24T04:15:31Z</time><extensions><gpxtpx:TrackPointExtension><gpxtpx:cad>0</gpxtpx:cad></gpxtpx:TrackPointExtension></extensions></trkpt><trkpt lat="15.6797833554" lon="73.6887202878"><ele>2.54</ele><time>2025-04-24T04:15:36Z</time><extensions><gpxtpx:TrackPointExtension><gpxtpx:cad>0</gpxtpx:cad></gpxtpx:TrackPointExtension></extensions></trkpt><trkpt lat="15.6799596269" lon="73.6887580063"><ele>2.54</ele><time>2025-04-24T04:15:41Z</time><extensions><gpxtpx:TrackPointExtension><gpxtpx:cad>0</gpxtpx:cad></gpxtpx:TrackPointExtension></extensions></trkpt><trkpt lat="15.6801110879" lon="73.6888145842"><ele>2.54</ele><time>2025-04-24T04:15:46Z</time><extensions><gpxtpx:TrackPointExtension><gpxtpx:cad>0</gpxtpx:cad></gpxtpx:TrackPointExtension></extensions></trkpt><trkpt lat="15.6802599505" lon="73.6889090482"><ele>2.54</ele><time>2025-04-24T04:15:51Z</time><extensions><gpxtpx:TrackPointExtension><gpxtpx:cad>0</gpxtpx:cad></gpxtpx:TrackPointExtension></extensions></trkpt><trkpt lat="15.6803859305" lon="73.6890170909"><ele>2.54</ele><time>2025-04-24T04:15:56Z</time><extensions><gpxtpx:TrackPointExtension><gpxtpx:cad>0</gpxtpx:cad></gpxtpx:TrackPointExtension></extensions></trkpt><trkpt lat="15.6805131678" lon="73.6891379580"><ele>2.54</ele><time>2025-04-24T04:16:01Z</time><extensions><gpxtpx:TrackPointExtension><gpxtpx:cad>0</gpxtpx:cad></gpxtpx:TrackPointExtension></extensions></trkpt><trkpt lat="15.6806377228" lon="73.6892599147"><ele>2.54</ele><time>2025-04-24T04:16:06Z</time><extensions><gpxtpx:TrackPointExtension><gpxtpx:cad>0</gpxtpx:cad></gpxtpx:TrackPointExtension></extensions></trkpt><trkpt lat="15.6807528064" lon="73.6893803626"><ele>2.06</ele><time>2025-04-24T04:16:11Z</time><extensions><gpxtpx:TrackPointExtension><gpxtpx:cad>0</gpxtpx:cad></gpxtpx:TrackPointExtension></extensions></trkpt><trkpt lat="15.6808768585" lon="73.6895045824"><ele>2.06</ele><time>2025-04-24T04:16:16Z</time><extensions><gpxtpx:TrackPointExtension><gpxtpx:cad>0</gpxtpx:cad></gpxtpx:TrackPointExtension></extensions></trkpt><trkpt lat="15.6810077839" lon="73.6896181572"><ele>1.58</ele><time>2025-04-24T04:16:21Z</time><extensions><gpxtpx:TrackPointExtension><gpxtpx:cad>0</gpxtpx:cad></gpxtpx:TrackPointExtension></extensions></trkpt><trkpt lat="15.6811291538" lon="73.6897101067"><ele>1.10</ele><time>2025-04-24T04:16:26Z</time><extensions><gpxtpx:TrackPointExtension><gpxtpx:cad>0</gpxtpx:cad></gpxtpx:TrackPointExtension></extensions></trkpt><trkpt lat="15.6812713109" lon="73.6898274533"><ele>1.10</ele><time>2025-04-24T04:16:31Z</time><extensions><gpxtpx:TrackPointExtension><gpxtpx:cad>0</gpxtpx:cad></gpxtpx:TrackPointExtension></extensions></trkpt><trkpt lat="15.6813977100" lon="73.6899406090"><ele>1.10</ele><time>2025-04-24T04:16:36Z</time><extensions><gpxtpx:TrackPointExtension><gpxtpx:cad>0</gpxtpx:cad></gpxtpx:TrackPointExtension></extensions></trkpt><trkpt lat="15.6815130450" lon="73.6900608055"><ele>1.58</ele><time>2025-04-24T04:16:41Z</time><extensions><gpxtpx:TrackPointExtension><gpxtpx:cad>0</gpxtpx:cad></gpxtpx:TrackPointExtension></extensions></trkpt><trkpt lat="15.6816411205" lon="73.6901787389"><ele>1.10</ele><time>2025-04-24T04:16:46Z</time><extensions><gpxtpx:TrackPointExtension><gpxtpx:cad>0</gpxtpx:cad></gpxtpx:TrackPointExtension></extensions></trkpt><trkpt lat="15.6817634124" lon="73.6902872846"><ele>1.58</ele><time>2025-04-24T04:16:51Z</time><extensions><gpxtpx:TrackPointExtension><gpxtpx:cad>0</gpxtpx:cad></gpxtpx:TrackPointExtension></extensions></trkpt><trkpt lat="15.6818867940" lon="73.6903990153"><ele>1.58</ele><time>2025-04-24T04:16:56Z</time><extensions><gpxtpx:TrackPointExtension><gpxtpx:cad>0</gpxtpx:cad></gpxtpx:TrackPointExtension></extensions></trkpt><trkpt lat="15.6820143666" lon="73.6905242410"><ele>1.58</ele><time>2025-04-24T04:17:01Z</time><extensions><gpxtpx:TrackPointExtension><gpxtpx:cad>0</gpxtpx:cad></gpxtpx:TrackPointExtension></extensions></trkpt><trkpt lat="15.6821350660" lon="73.6906464491"><ele>1.58</ele><time>2025-04-24T04:17:06Z</time><extensions><gpxtpx:TrackPointExtension><gpxtpx:cad>0</gpxtpx:cad></gpxtpx:TrackPointExtension></extensions></trkpt><trkpt lat="15.6822570227" lon="73.6907400750"><ele>1.10</ele><time>2025-04-24T04:17:11Z</time><extensions><gpxtpx:TrackPointExtension><gpxtpx:cad>0</gpxtpx:cad></gpxtpx:TrackPointExtension></extensions></trkpt><trkpt lat="15.6823891215" lon="73.6908383109"><ele>1.10</ele><time>2025-04-24T04:17:16Z</time><extensions><gpxtpx:TrackPointExtension><gpxtpx:cad>0</gpxtpx:cad></gpxtpx:TrackPointExtension></extensions></trkpt><trkpt lat="15.6825276744" lon="73.6909483653"><ele>1.10</ele><time>2025-04-24T04:17:21Z</time><extensions><gpxtpx:TrackPointExtension><gpxtpx:cad>0</gpxtpx:cad></gpxtpx:TrackPointExtension></extensions></trkpt><trkpt lat="15.6826672330" lon="73.6910722498"><ele>0.62</ele><time>2025-04-24T04:17:26Z</time><extensions><gpxtpx:TrackPointExtension><gpxtpx:cad>0</gpxtpx:cad></gpxtpx:TrackPointExtension></extensions></trkpt><trkpt lat="15.6827975716" lon="73.6911724135"><ele>1.10</ele><time>2025-04-24T04:17:31Z</time><extensions><gpxtpx:TrackPointExtension><gpxtpx:cad>0</gpxtpx:cad></gpxtpx:TrackPointExtension></extensions></trkpt><trkpt lat="15.6829495355" lon="73.6912640277"><ele>1.10</ele><time>2025-04-24T04:17:36Z</time><extensions><gpxtpx:TrackPointExtension><gpxtpx:cad>0</gpxtpx:cad></gpxtpx:TrackPointExtension></extensions></trkpt><trkpt lat="15.6830955483" lon="73.6913415603"><ele>1.58</ele><time>2025-04-24T04:17:41Z</time><extensions><gpxtpx:TrackPointExtension><gpxtpx:cad>0</gpxtpx:cad></gpxtpx:TrackPointExtension></extensions></trkpt><trkpt lat="15.6832339335" lon="73.6914235353"><ele>1.58</ele><time>2025-04-24T04:17:46Z</time><extensions><gpxtpx:TrackPointExtension><gpxtpx:cad>0</gpxtpx:cad></gpxtpx:TrackPointExtension></extensions></trkpt><trkpt lat="15.6833842210" lon="73.6915180832"><ele>2.06</ele><time>2025-04-24T04:17:51Z</time><extensions><gpxtpx:TrackPointExtension><gpxtpx:cad>0</gpxtpx:cad></gpxtpx:TrackPointExtension></extensions></trkpt><trkpt lat="15.6835278869" lon="73.6916017346"><ele>2.54</ele><time>2025-04-24T04:17:56Z</time><extensions><gpxtpx:TrackPointExtension><gpxtpx:cad>0</gpxtpx:cad></gpxtpx:TrackPointExtension></extensions></trkpt><trkpt lat="15.6836273801" lon="73.6916801892"><ele>2.54</ele><time>2025-04-24T04:18:01Z</time><extensions><gpxtpx:TrackPointExtension><gpxtpx:cad>0</gpxtpx:cad></gpxtpx:TrackPointExtension></extensions></trkpt><trkpt lat="15.6836801022" lon="73.6917438079"><ele>2.06</ele><time>2025-04-24T04:18:06Z</time><extensions><gpxtpx:TrackPointExtension><gpxtpx:cad>0</gpxtpx:cad></gpxtpx:TrackPointExtension></extensions></trkpt><trkpt lat="15.6837311480" lon="73.6918209214"><ele>1.58</ele><time>2025-04-24T04:18:11Z</time><extensions><gpxtpx:TrackPointExtension><gpxtpx:cad>0</gpxtpx:cad></gpxtpx:TrackPointExtension></extensions></trkpt><trkpt lat="15.6837741472" lon="73.6918821093"><ele>1.10</ele><time>2025-04-24T04:18:16Z</time><extensions><gpxtpx:TrackPointExtension><gpxtpx:cad>0</gpxtpx:cad></gpxtpx:TrackPointExtension></extensions></trkpt><trkpt lat="15.6838037353" lon="73.6919059139"><ele>1.10</ele><time>2025-04-24T04:18:21Z</time><extensions><gpxtpx:TrackPointExtension><gpxtpx:cad>0</gpxtpx:cad></gpxtpx:TrackPointExtension></extensions></trkpt><trkpt lat="15.6838413700" lon="73.6919292156"><ele>1.10</ele><time>2025-04-24T04:18:26Z</time><extensions><gpxtpx:TrackPointExtension><gpxtpx:cad>0</gpxtpx:cad></gpxtpx:TrackPointExtension></extensions></trkpt><trkpt lat="15.6839094311" lon="73.6919501703"><ele>1.10</ele><time>2025-04-24T04:18:31Z</time><extensions><gpxtpx:TrackPointExtension><gpxtpx:cad>0</gpxtpx:cad></gpxtpx:TrackPointExtension></extensions></trkpt><trkpt lat="15.6839536037" lon="73.6919269525"><ele>1.58</ele><time>2025-04-24T04:18:36Z</time><extensions><gpxtpx:TrackPointExtension><gpxtpx:cad>0</gpxtpx:cad></gpxtpx:TrackPointExtension></extensions></trkpt><trkpt lat="15.6839862932" lon="73.6918891501"><ele>2.06</ele><time>2025-04-24T04:18:41Z</time><extensions><gpxtpx:TrackPointExtension><gpxtpx:cad>0</gpxtpx:cad></gpxtpx:TrackPointExtension></extensions></trkpt><trkpt lat="15.6840153784" lon="73.6918581370"><ele>3.02</ele><time>2025-04-24T04:18:46Z</time><extensions><gpxtpx:TrackPointExtension><gpxtpx:cad>0</gpxtpx:cad></gpxtpx:TrackPointExtension></extensions></trkpt><trkpt lat="15.6840379257" lon="73.6918222625"><ele>3.50</ele><time>2025-04-24T04:18:51Z</time><extensions><gpxtpx:TrackPointExtension><gpxtpx:cad>0</gpxtpx:cad></gpxtpx:TrackPointExtension></extensions></trkpt><trkpt lat="15.6840488221" lon="73.6917837895"><ele>3.50</ele><time>2025-04-24T04:18:56Z</time><extensions><gpxtpx:TrackPointExtension><gpxtpx:cad>0</gpxtpx:cad></gpxtpx:TrackPointExtension></extensions></trkpt><trkpt lat="15.6840704475" lon="73.6917814426"><ele>3.98</ele><time>2025-04-24T04:19:01Z</time><extensions><gpxtpx:TrackPointExtension><gpxtpx:cad>0</gpxtpx:cad></gpxtpx:TrackPointExtension></extensions></trkpt><trkpt lat="15.6840700284" lon="73.6917686183"><ele>3.98</ele><time>2025-04-24T04:19:06Z</time><extensions><gpxtpx:TrackPointExtension><gpxtpx:cad>0</gpxtpx:cad></gpxtpx:TrackPointExtension></extensions></trkpt><trkpt lat="15.6840714533" lon="73.6917617451"><ele>4.46</ele><time>2025-04-24T04:19:11Z</time><extensions><gpxtpx:TrackPointExtension><gpxtpx:cad>0</gpxtpx:cad></gpxtpx:TrackPointExtension></extensions></trkpt><trkpt lat="15.6840848643" lon="73.6917646788"><ele>4.46</ele><time>2025-04-24T04:19:15Z</time><extensions><gpxtpx:TrackPointExtension><gpxtpx:cad>0</gpxtpx:cad></gpxtpx:TrackPointExtension></extensions></trkpt><trkpt lat="15.6840875465" lon="73.6917653494"><ele>4.46</ele><time>2025-04-24T04:19:20Z</time><extensions><gpxtpx:TrackPointExtension><gpxtpx:cad>0</gpxtpx:cad></gpxtpx:TrackPointExtension></extensions></trkpt><trkpt lat="15.6840900611" lon="73.6917581409"><ele>3.98</ele><time>2025-04-24T04:19:26Z</time><extensions><gpxtpx:TrackPointExtension><gpxtpx:cad>0</gpxtpx:cad></gpxtpx:TrackPointExtension></extensions></trkpt><trkpt lat="15.6840927433" lon="73.6917575542"><ele>3.98</ele><time>2025-04-24T04:19:31Z</time><extensions><gpxtpx:TrackPointExtension><gpxtpx:cad>0</gpxtpx:cad></gpxtpx:TrackPointExtension></extensions></trkpt><trkpt lat="15.6840947550" lon="73.6917558778"><ele>3.98</ele><time>2025-04-24T04:19:36Z</time><extensions><gpxtpx:TrackPointExtension><gpxtpx:cad>0</gpxtpx:cad></gpxtpx:TrackPointExtension></extensions></trkpt><trkpt lat="15.6840989459" lon="73.6917528603"><ele>3.98</ele><time>2025-04-24T04:19:41Z</time><extensions><gpxtpx:TrackPointExtension><gpxtpx:cad>0</gpxtpx:cad></gpxtpx:TrackPointExtension></extensions></trkpt><trkpt lat="15.6841018796" lon="73.6917514354"><ele>3.98</ele><time>2025-04-24T04:19:46Z</time><extensions><gpxtpx:TrackPointExtension><gpxtpx:cad>0</gpxtpx:cad></gpxtpx:TrackPointExtension></extensions></trkpt><trkpt lat="15.6841051485" lon="73.6917505972"><ele>3.50</ele><time>2025-04-24T04:19:51Z</time><extensions><gpxtpx:TrackPointExtension><gpxtpx:cad>0</gpxtpx:cad></gpxtpx:TrackPointExtension></extensions></trkpt><trkpt lat="15.6841120217" lon="73.6917515192"><ele>3.50</ele><time>2025-04-24T04:19:56Z</time><extensions><gpxtpx:TrackPointExtension><gpxtpx:cad>0</gpxtpx:cad></gpxtpx:TrackPointExtension></extensions></trkpt><trkpt lat="15.6841547694" lon="73.6917459033"><ele>3.50</ele><time>2025-04-24T04:20:01Z</time><extensions><gpxtpx:TrackPointExtension><gpxtpx:cad>0</gpxtpx:cad></gpxtpx:TrackPointExtension></extensions></trkpt><trkpt lat="15.6842231657" lon="73.6917234398"><ele>3.50</ele><time>2025-04-24T04:20:06Z</time><extensions><gpxtpx:TrackPointExtension><gpxtpx:cad>0</gpxtpx:cad></gpxtpx:TrackPointExtension></extensions></trkpt><trkpt lat="15.6843293644" lon="73.6916963663"><ele>3.50</ele><time>2025-04-24T04:20:11Z</time><extensions><gpxtpx:TrackPointExtension><gpxtpx:cad>0</gpxtpx:cad></gpxtpx:TrackPointExtension></extensions></trkpt><trkpt lat="15.6844668277" lon="73.6916747410"><ele>3.50</ele><time>2025-04-24T04:20:16Z</time><extensions><gpxtpx:TrackPointExtension><gpxtpx:cad>0</gpxtpx:cad></gpxtpx:TrackPointExtension></extensions></trkpt><trkpt lat="15.6846180372" lon="73.6916828714"><ele>3.50</ele><time>2025-04-24T04:20:21Z</time><extensions><gpxtpx:TrackPointExtension><gpxtpx:cad>0</gpxtpx:cad></gpxtpx:TrackPointExtension></extensions></trkpt><trkpt lat="15.6847644690" lon="73.6917200871"><ele>3.02</ele><time>2025-04-24T04:20:26Z</time><extensions><gpxtpx:TrackPointExtension><gpxtpx:cad>0</gpxtpx:cad></gpxtpx:TrackPointExtension></extensions></trkpt><trkpt lat="15.6849191990" lon="73.6917785089"><ele>2.54</ele><time>2025-04-24T04:20:31Z</time><extensions><gpxtpx:TrackPointExtension><gpxtpx:cad>0</gpxtpx:cad></gpxtpx:TrackPointExtension></extensions></trkpt><trkpt lat="15.6850693189" lon="73.6918350868"><ele>2.54</ele><time>2025-04-24T04:20:36Z</time><extensions><gpxtpx:TrackPointExtension><gpxtpx:cad>0</gpxtpx:cad></gpxtpx:TrackPointExtension></extensions></trkpt><trkpt lat="15.6852073688" lon="73.6918879766"><ele>2.06</ele><time>2025-04-24T04:20:41Z</time><extensions><gpxtpx:TrackPointExtension><gpxtpx:cad>0</gpxtpx:cad></gpxtpx:TrackPointExtension></extensions></trkpt><trkpt lat="15.6853284873" lon="73.6919508409"><ele>1.58</ele><time>2025-04-24T04:20:46Z</time><extensions><gpxtpx:TrackPointExtension><gpxtpx:cad>0</gpxtpx:cad></gpxtpx:TrackPointExtension></extensions></trkpt><trkpt lat="15.6854654476" lon="73.6920287926"><ele>1.58</ele><time>2025-04-24T04:20:51Z</time><extensions><gpxtpx:TrackPointExtension><gpxtpx:cad>0</gpxtpx:cad></gpxtpx:TrackPointExtension></extensions></trkpt><trkpt lat="15.6856159866" lon="73.6921112705"><ele>1.58</ele><time>2025-04-24T04:20:56Z</time><extensions><gpxtpx:TrackPointExtension><gpxtpx:cad>0</gpxtpx:cad></gpxtpx:TrackPointExtension></extensions></trkpt><trkpt lat="15.6857497618" lon="73.6921800021"><ele>1.58</ele><time>2025-04-24T04:21:01Z</time><extensions><gpxtpx:TrackPointExtension><gpxtpx:cad>0</gpxtpx:cad></gpxtpx:TrackPointExtension></extensions></trkpt><trkpt lat="15.6858796813" lon="73.6922463868"><ele>1.58</ele><time>2025-04-24T04:21:06Z</time><extensions><gpxtpx:TrackPointExtension><gpxtpx:cad>0</gpxtpx:cad></gpxtpx:TrackPointExtension></extensions></trkpt><trkpt lat="15.6860276219" lon="73.6923159566"><ele>1.58</ele><time>2025-04-24T04:21:11Z</time><extensions><gpxtpx:TrackPointExtension><gpxtpx:cad>0</gpxtpx:cad></gpxtpx:TrackPointExtension></extensions></trkpt><trkpt lat="15.6861808430" lon="73.6923873704"><ele>1.58</ele><time>2025-04-24T04:21:16Z</time><extensions><gpxtpx:TrackPointExtension><gpxtpx:cad>0</gpxtpx:cad></gpxtpx:TrackPointExtension></extensions></trkpt><trkpt lat="15.6863269396" lon="73.6924620531"><ele>1.58</ele><time>2025-04-24T04:21:21Z</time><extensions><gpxtpx:TrackPointExtension><gpxtpx:cad>0</gpxtpx:cad></gpxtpx:TrackPointExtension></extensions></trkpt><trkpt lat="15.6864545122" lon="73.6925389152"><ele>1.10</ele><time>2025-04-24T04:21:26Z</time><extensions><gpxtpx:TrackPointExtension><gpxtpx:cad>0</gpxtpx:cad></gpxtpx:TrackPointExtension></extensions></trkpt><trkpt lat="15.6865896285" lon="73.6926128436"><ele>1.10</ele><time>2025-04-24T04:21:31Z</time><extensions><gpxtpx:TrackPointExtension><gpxtpx:cad>0</gpxtpx:cad></gpxtpx:TrackPointExtension></extensions></trkpt><trkpt lat="15.6867196318" lon="73.6926900409"><ele>1.58</ele><time>2025-04-24T04:21:36Z</time><extensions><gpxtpx:TrackPointExtension><gpxtpx:cad>0</gpxtpx:cad></gpxtpx:TrackPointExtension></extensions></trkpt><trkpt lat="15.6868581008" lon="73.6927643046"><ele>2.06</ele><time>2025-04-24T04:21:41Z</time><extensions><gpxtpx:TrackPointExtension><gpxtpx:cad>0</gpxtpx:cad></gpxtpx:TrackPointExtension></extensions></trkpt><trkpt lat="15.6869938876" lon="73.6928276718"><ele>2.54</ele><time>2025-04-24T04:21:46Z</time><extensions><gpxtpx:TrackPointExtension><gpxtpx:cad>0</gpxtpx:cad></gpxtpx:TrackPointExtension></extensions></trkpt><trkpt lat="15.6871378887" lon="73.6929019354"><ele>2.54</ele><time>2025-04-24T04:21:51Z</time><extensions><gpxtpx:TrackPointExtension><gpxtpx:cad>0</gpxtpx:cad></gpxtpx:TrackPointExtension></extensions></trkpt><trkpt lat="15.6872714963" lon="73.6929764505"><ele>3.02</ele><time>2025-04-24T04:21:56Z</time><extensions><gpxtpx:TrackPointExtension><gpxtpx:cad>0</gpxtpx:cad></gpxtpx:TrackPointExtension></extensions></trkpt><trkpt lat="15.6874111388" lon="73.6930442601"><ele>3.02</ele><time>2025-04-24T04:22:01Z</time><extensions><gpxtpx:TrackPointExtension><gpxtpx:cad>0</gpxtpx:cad></gpxtpx:TrackPointExtension></extensions></trkpt><trkpt lat="15.6875545532" lon="73.6931175180"><ele>3.50</ele><time>2025-04-24T04:22:06Z</time><extensions><gpxtpx:TrackPointExtension><gpxtpx:cad>0</gpxtpx:cad></gpxtpx:TrackPointExtension></extensions></trkpt><trkpt lat="15.6876918487" lon="73.6931916140"><ele>3.50</ele><time>2025-04-24T04:22:11Z</time><extensions><gpxtpx:TrackPointExtension><gpxtpx:cad>0</gpxtpx:cad></gpxtpx:TrackPointExtension></extensions></trkpt><trkpt lat="15.6878268812" lon="73.6932664644"><ele>3.02</ele><time>2025-04-24T04:22:16Z</time><extensions><gpxtpx:TrackPointExtension><gpxtpx:cad>0</gpxtpx:cad></gpxtpx:TrackPointExtension></extensions></trkpt><trkpt lat="15.6879514363" lon="73.6933430750"><ele>2.54</ele><time>2025-04-24T04:22:21Z</time><extensions><gpxtpx:TrackPointExtension><gpxtpx:cad>0</gpxtpx:cad></gpxtpx:TrackPointExtension></extensions></trkpt><trkpt lat="15.6880914979" lon="73.6934145726"><ele>3.02</ele><time>2025-04-24T04:22:26Z</time><extensions><gpxtpx:TrackPointExtension><gpxtpx:cad>0</gpxtpx:cad></gpxtpx:TrackPointExtension></extensions></trkpt><trkpt lat="15.6882319786" lon="73.6934921052"><ele>3.02</ele><time>2025-04-24T04:22:31Z</time><extensions><gpxtpx:TrackPointExtension><gpxtpx:cad>0</gpxtpx:cad></gpxtpx:TrackPointExtension></extensions></trkpt><trkpt lat="15.6883671787" lon="73.6935736611"><ele>2.54</ele><time>2025-04-24T04:22:36Z</time><extensions><gpxtpx:TrackPointExtension><gpxtpx:cad>0</gpxtpx:cad></gpxtpx:TrackPointExtension></extensions></trkpt><trkpt lat="15.6885041390" lon="73.6936444882"><ele>3.02</ele><time>2025-04-24T04:22:41Z</time><extensions><gpxtpx:TrackPointExtension><gpxtpx:cad>0</gpxtpx:cad></gpxtpx:TrackPointExtension></extensions></trkpt><trkpt lat="15.6886436976" lon="73.6937155668"><ele>3.02</ele><time>2025-04-24T04:22:46Z</time><extensions><gpxtpx:TrackPointExtension><gpxtpx:cad>0</gpxtpx:cad></gpxtpx:TrackPointExtension></extensions></trkpt><trkpt lat="15.6887952425" lon="73.6937823705"><ele>3.50</ele><time>2025-04-24T04:22:51Z</time><extensions><gpxtpx:TrackPointExtension><gpxtpx:cad>0</gpxtpx:cad></gpxtpx:TrackPointExtension></extensions></trkpt><trkpt lat="15.6889361423" lon="73.6938568857"><ele>3.50</ele><time>2025-04-24T04:22:56Z</time><extensions><gpxtpx:TrackPointExtension><gpxtpx:cad>0</gpxtpx:cad></gpxtpx:TrackPointExtension></extensions></trkpt><trkpt lat="15.6890810654" lon="73.6939325742"><ele>3.98</ele><time>2025-04-24T04:23:01Z</time><extensions><gpxtpx:TrackPointExtension><gpxtpx:cad>0</gpxtpx:cad></gpxtpx:TrackPointExtension></extensions></trkpt><trkpt lat="15.6892147567" lon="73.6939993780"><ele>3.98</ele><time>2025-04-24T04:23:06Z</time><extensions><gpxtpx:TrackPointExtension><gpxtpx:cad>0</gpxtpx:cad></gpxtpx:TrackPointExtension></extensions></trkpt><trkpt lat="15.6893561594" lon="73.6940608174"><ele>3.98</ele><time>2025-04-24T04:23:11Z</time><extensions><gpxtpx:TrackPointExtension><gpxtpx:cad>0</gpxtpx:cad></gpxtpx:TrackPointExtension></extensions></trkpt><trkpt lat="15.6894997414" lon="73.6941237655"><ele>3.50</ele><time>2025-04-24T04:23:16Z</time><extensions><gpxtpx:TrackPointExtension><gpxtpx:cad>0</gpxtpx:cad></gpxtpx:TrackPointExtension></extensions></trkpt><trkpt lat="15.6896419823" lon="73.6941998731"><ele>3.50</ele><time>2025-04-24T04:23:21Z</time><extensions><gpxtpx:TrackPointExtension><gpxtpx:cad>0</gpxtpx:cad></gpxtpx:TrackPointExtension></extensions></trkpt><trkpt lat="15.6897775177" lon="73.6942818481"><ele>3.50</ele><time>2025-04-24T04:23:26Z</time><extensions><gpxtpx:TrackPointExtension><gpxtpx:cad>0</gpxtpx:cad></gpxtpx:TrackPointExtension></extensions></trkpt><trkpt lat="15.6898994744" lon="73.6943702772"><ele>3.50</ele><time>2025-04-24T04:23:31Z</time><extensions><gpxtpx:TrackPointExtension><gpxtpx:cad>0</gpxtpx:cad></gpxtpx:TrackPointExtension></extensions></trkpt><trkpt lat="15.6900383625" lon="73.6944475584"><ele>3.02</ele><time>2025-04-24T04:23:36Z</time><extensions><gpxtpx:TrackPointExtension><gpxtpx:cad>0</gpxtpx:cad></gpxtpx:TrackPointExtension></extensions></trkpt><trkpt lat="15.6901687011" lon="73.6945293657"><ele>3.02</ele><time>2025-04-24T04:23:41Z</time><extensions><gpxtpx:TrackPointExtension><gpxtpx:cad>0</gpxtpx:cad></gpxtpx:TrackPointExtension></extensions></trkpt><trkpt lat="15.6903008837" lon="73.6946053058"><ele>2.54</ele><time>2025-04-24T04:23:46Z</time><extensions><gpxtpx:TrackPointExtension><gpxtpx:cad>0</gpxtpx:cad></gpxtpx:TrackPointExtension></extensions></trkpt><trkpt lat="15.6904279534" lon="73.6946876999"><ele>2.06</ele><time>2025-04-24T04:23:51Z</time><extensions><gpxtpx:TrackPointExtension><gpxtpx:cad>0</gpxtpx:cad></gpxtpx:TrackPointExtension></extensions></trkpt><trkpt lat="15.6905578729" lon="73.6947750393"><ele>1.58</ele><time>2025-04-24T04:23:56Z</time><extensions><gpxtpx:TrackPointExtension><gpxtpx:cad>0</gpxtpx:cad></gpxtpx:TrackPointExtension></extensions></trkpt><trkpt lat="15.6906971801" lon="73.6948559247"><ele>2.06</ele><time>2025-04-24T04:24:01Z</time><extensions><gpxtpx:TrackPointExtension><gpxtpx:cad>0</gpxtpx:cad></gpxtpx:TrackPointExtension></extensions></trkpt><trkpt lat="15.6908335537" lon="73.6949057132"><ele>2.06</ele><time>2025-04-24T04:24:06Z</time><extensions><gpxtpx:TrackPointExtension><gpxtpx:cad>0</gpxtpx:cad></gpxtpx:TrackPointExtension></extensions></trkpt><trkpt lat="15.6909831706" lon="73.6949363071"><ele>2.06</ele><time>2025-04-24T04:24:11Z</time><extensions><gpxtpx:TrackPointExtension><gpxtpx:cad>0</gpxtpx:cad></gpxtpx:TrackPointExtension></extensions></trkpt><trkpt lat="15.6911194604" lon="73.6949936394"><ele>2.06</ele><time>2025-04-24T04:24:16Z</time><extensions><gpxtpx:TrackPointExtension><gpxtpx:cad>0</gpxtpx:cad></gpxtpx:TrackPointExtension></extensions></trkpt><trkpt lat="15.6912452728" lon="73.6950586829"><ele>2.06</ele><time>2025-04-24T04:24:21Z</time><extensions><gpxtpx:TrackPointExtension><gpxtpx:cad>0</gpxtpx:cad></gpxtpx:TrackPointExtension></extensions></trkpt><trkpt lat="15.6913958956" lon="73.6951215472"><ele>1.58</ele><time>2025-04-24T04:24:26Z</time><extensions><gpxtpx:TrackPointExtension><gpxtpx:cad>0</gpxtpx:cad></gpxtpx:TrackPointExtension></extensions></trkpt><trkpt lat="15.6915455125" lon="73.6951771192"><ele>2.06</ele><time>2025-04-24T04:24:31Z</time><extensions><gpxtpx:TrackPointExtension><gpxtpx:cad>0</gpxtpx:cad></gpxtpx:TrackPointExtension></extensions></trkpt><trkpt lat="15.6916952971" lon="73.6952326074"><ele>2.54</ele><time>2025-04-24T04:24:36Z</time><extensions><gpxtpx:TrackPointExtension><gpxtpx:cad>0</gpxtpx:cad></gpxtpx:TrackPointExtension></extensions></trkpt><trkpt lat="15.6918335147" lon="73.6953010038"><ele>2.06</ele><time>2025-04-24T04:24:41Z</time><extensions><gpxtpx:TrackPointExtension><gpxtpx:cad>0</gpxtpx:cad></gpxtpx:TrackPointExtension></extensions></trkpt><trkpt lat="15.6919620093" lon="73.6953698192"><ele>2.06</ele><time>2025-04-24T04:24:46Z</time><extensions><gpxtpx:TrackPointExtension><gpxtpx:cad>0</gpxtpx:cad></gpxtpx:TrackPointExtension></extensions></trkpt><trkpt lat="15.6921126321" lon="73.6954548117"><ele>2.06</ele><time>2025-04-24T04:24:51Z</time><extensions><gpxtpx:TrackPointExtension><gpxtpx:cad>0</gpxtpx:cad></gpxtpx:TrackPointExtension></extensions></trkpt><trkpt lat="15.6922497600" lon="73.6955318414"><ele>2.06</ele><time>2025-04-24T04:24:56Z</time><extensions><gpxtpx:TrackPointExtension><gpxtpx:cad>0</gpxtpx:cad></gpxtpx:TrackPointExtension></extensions></trkpt><trkpt lat="15.6923840381" lon="73.6956019979"><ele>2.06</ele><time>2025-04-24T04:25:01Z</time><extensions><gpxtpx:TrackPointExtension><gpxtpx:cad>0</gpxtpx:cad></gpxtpx:TrackPointExtension></extensions></trkpt><trkpt lat="15.6925203279" lon="73.6956773512"><ele>2.06</ele><time>2025-04-24T04:25:06Z</time><extensions><gpxtpx:TrackPointExtension><gpxtpx:cad>0</gpxtpx:cad></gpxtpx:TrackPointExtension></extensions></trkpt><trkpt lat="15.6926718727" lon="73.6957440712"><ele>2.06</ele><time>2025-04-24T04:25:11Z</time><extensions><gpxtpx:TrackPointExtension><gpxtpx:cad>0</gpxtpx:cad></gpxtpx:TrackPointExtension></extensions></trkpt><trkpt lat="15.6928247586" lon="73.6958044209"><ele>2.54</ele><time>2025-04-24T04:25:16Z</time><extensions><gpxtpx:TrackPointExtension><gpxtpx:cad>0</gpxtpx:cad></gpxtpx:TrackPointExtension></extensions></trkpt><trkpt lat="15.6929649878" lon="73.6958656926"><ele>2.54</ele><time>2025-04-24T04:25:21Z</time><extensions><gpxtpx:TrackPointExtension><gpxtpx:cad>0</gpxtpx:cad></gpxtpx:TrackPointExtension></extensions></trkpt><trkpt lat="15.6931033731" lon="73.6959300656"><ele>2.54</ele><time>2025-04-24T04:25:26Z</time><extensions><gpxtpx:TrackPointExtension><gpxtpx:cad>0</gpxtpx:cad></gpxtpx:TrackPointExtension></extensions></trkpt><trkpt lat="15.6932462845" lon="73.6959507689"><ele>2.06</ele><time>2025-04-24T04:25:31Z</time><extensions><gpxtpx:TrackPointExtension><gpxtpx:cad>0</gpxtpx:cad></gpxtpx:TrackPointExtension></extensions></trkpt><trkpt lat="15.6933949795" lon="73.6959262937"><ele>2.06</ele><time>2025-04-24T04:25:36Z</time><extensions><gpxtpx:TrackPointExtension><gpxtpx:cad>0</gpxtpx:cad></gpxtpx:TrackPointExtension></extensions></trkpt><trkpt lat="15.6935430039" lon="73.6958853900"><ele>2.06</ele><time>2025-04-24T04:25:41Z</time><extensions><gpxtpx:TrackPointExtension><gpxtpx:cad>0</gpxtpx:cad></gpxtpx:TrackPointExtension></extensions></trkpt><trkpt lat="15.6936908606" lon="73.6958299018"><ele>2.06</ele><time>2025-04-24T04:25:46Z</time><extensions><gpxtpx:TrackPointExtension><gpxtpx:cad>0</gpxtpx:cad></gpxtpx:TrackPointExtension></extensions></trkpt><trkpt lat="15.6937942933" lon="73.6957283132"><ele>2.54</ele><time>2025-04-24T04:25:51Z</time><extensions><gpxtpx:TrackPointExtension><gpxtpx:cad>0</gpxtpx:cad></gpxtpx:TrackPointExtension></extensions></trkpt><trkpt lat="15.6938470155" lon="73.6955925263"><ele>2.54</ele><time>2025-04-24T04:25:56Z</time><extensions><gpxtpx:TrackPointExtension><gpxtpx:cad>0</gpxtpx:cad></gpxtpx:TrackPointExtension></extensions></trkpt><trkpt lat="15.6938779447" lon="73.6954364553"><ele>2.54</ele><time>2025-04-24T04:26:01Z</time><extensions><gpxtpx:TrackPointExtension><gpxtpx:cad>0</gpxtpx:cad></gpxtpx:TrackPointExtension></extensions></trkpt><trkpt lat="15.6939027552" lon="73.6952825636"><ele>2.54</ele><time>2025-04-24T04:26:06Z</time><extensions><gpxtpx:TrackPointExtension><gpxtpx:cad>0</gpxtpx:cad></gpxtpx:TrackPointExtension></extensions></trkpt><trkpt lat="15.6939481851" lon="73.6951345392"><ele>2.06</ele><time>2025-04-24T04:26:11Z</time><extensions><gpxtpx:TrackPointExtension><gpxtpx:cad>0</gpxtpx:cad></gpxtpx:TrackPointExtension></extensions></trkpt><trkpt lat="15.6940123904" lon="73.6949974112"><ele>2.54</ele><time>2025-04-24T04:26:16Z</time><extensions><gpxtpx:TrackPointExtension><gpxtpx:cad>0</gpxtpx:cad></gpxtpx:TrackPointExtension></extensions></trkpt><trkpt lat="15.6940643582" lon="73.6948528234"><ele>2.06</ele><time>2025-04-24T04:26:21Z</time><extensions><gpxtpx:TrackPointExtension><gpxtpx:cad>0</gpxtpx:cad></gpxtpx:TrackPointExtension></extensions></trkpt><trkpt lat="15.6941149849" lon="73.6946940701"><ele>1.58</ele><time>2025-04-24T04:26:26Z</time><extensions><gpxtpx:TrackPointExtension><gpxtpx:cad>0</gpxtpx:cad></gpxtpx:TrackPointExtension></extensions></trkpt><trkpt lat="15.6941765919" lon="73.6945483088"><ele>1.58</ele><time>2025-04-24T04:26:31Z</time><extensions><gpxtpx:TrackPointExtension><gpxtpx:cad>0</gpxtpx:cad></gpxtpx:TrackPointExtension></extensions></trkpt><trkpt lat="15.6942442339" lon="73.6943944171"><ele>1.58</ele><time>2025-04-24T04:26:36Z</time><extensions><gpxtpx:TrackPointExtension><gpxtpx:cad>0</gpxtpx:cad></gpxtpx:TrackPointExtension></extensions></trkpt><trkpt lat="15.6943137199" lon="73.6942564510"><ele>1.58</ele><time>2025-04-24T04:26:41Z</time><extensions><gpxtpx:TrackPointExtension><gpxtpx:cad>0</gpxtpx:cad></gpxtpx:TrackPointExtension></extensions></trkpt><trkpt lat="15.6943674479" lon="73.6941117793"><ele>1.10</ele><time>2025-04-24T04:26:46Z</time><extensions><gpxtpx:TrackPointExtension><gpxtpx:cad>0</gpxtpx:cad></gpxtpx:TrackPointExtension></extensions></trkpt><trkpt lat="15.6944379397" lon="73.6939685326"><ele>1.10</ele><time>2025-04-24T04:26:51Z</time><extensions><gpxtpx:TrackPointExtension><gpxtpx:cad>0</gpxtpx:cad></gpxtpx:TrackPointExtension></extensions></trkpt><trkpt lat="15.6945227645" lon="73.6938440613"><ele>1.10</ele><time>2025-04-24T04:26:56Z</time><extensions><gpxtpx:TrackPointExtension><gpxtpx:cad>0</gpxtpx:cad></gpxtpx:TrackPointExtension></extensions></trkpt><trkpt lat="15.6945792586" lon="73.6936909240"><ele>1.58</ele><time>2025-04-24T04:27:01Z</time><extensions><gpxtpx:TrackPointExtension><gpxtpx:cad>0</gpxtpx:cad></gpxtpx:TrackPointExtension></extensions></trkpt><trkpt lat="15.6946334895" lon="73.6935480125"><ele>1.58</ele><time>2025-04-24T04:27:06Z</time><extensions><gpxtpx:TrackPointExtension><gpxtpx:cad>0</gpxtpx:cad></gpxtpx:TrackPointExtension></extensions></trkpt><trkpt lat="15.6946805958" lon="73.6933906842"><ele>1.58</ele><time>2025-04-24T04:27:11Z</time><extensions><gpxtpx:TrackPointExtension><gpxtpx:cad>0</gpxtpx:cad></gpxtpx:TrackPointExtension></extensions></trkpt><trkpt lat="15.6947167218" lon="73.6932318471"><ele>2.06</ele><time>2025-04-24T04:27:16Z</time><extensions><gpxtpx:TrackPointExtension><gpxtpx:cad>0</gpxtpx:cad></gpxtpx:TrackPointExtension></extensions></trkpt><trkpt lat="15.6947671808" lon="73.6930854991"><ele>2.54</ele><time>2025-04-24T04:27:21Z</time><extensions><gpxtpx:TrackPointExtension><gpxtpx:cad>0</gpxtpx:cad></gpxtpx:TrackPointExtension></extensions></trkpt><trkpt lat="15.6947907340" lon="73.6929260753"><ele>2.54</ele><time>2025-04-24T04:27:26Z</time><extensions><gpxtpx:TrackPointExtension><gpxtpx:cad>0</gpxtpx:cad></gpxtpx:TrackPointExtension></extensions></trkpt><trkpt lat="15.6948062405" lon="73.6927661486"><ele>3.02</ele><time>2025-04-24T04:27:31Z</time><extensions><gpxtpx:TrackPointExtension><gpxtpx:cad>0</gpxtpx:cad></gpxtpx:TrackPointExtension></extensions></trkpt><trkpt lat="15.6948314700" lon="73.6926140171"><ele>3.02</ele><time>2025-04-24T04:27:36Z</time><extensions><gpxtpx:TrackPointExtension><gpxtpx:cad>0</gpxtpx:cad></gpxtpx:TrackPointExtension></extensions></trkpt><trkpt lat="15.6948672608" lon="73.6924543418"><ele>3.02</ele><time>2025-04-24T04:27:41Z</time><extensions><gpxtpx:TrackPointExtension><gpxtpx:cad>0</gpxtpx:cad></gpxtpx:TrackPointExtension></extensions></trkpt><trkpt lat="15.6949011236" lon="73.6922991928"><ele>2.54</ele><time>2025-04-24T04:27:46Z</time><extensions><gpxtpx:TrackPointExtension><gpxtpx:cad>0</gpxtpx:cad></gpxtpx:TrackPointExtension></extensions></trkpt><trkpt lat="15.6949212402" lon="73.6921445467"><ele>2.54</ele><time>2025-04-24T04:27:51Z</time><extensions><gpxtpx:TrackPointExtension><gpxtpx:cad>0</gpxtpx:cad></gpxtpx:TrackPointExtension></extensions></trkpt><trkpt lat="15.6949380878" lon="73.6919838656"><ele>2.54</ele><time>2025-04-24T04:27:56Z</time><extensions><gpxtpx:TrackPointExtension><gpxtpx:cad>0</gpxtpx:cad></gpxtpx:TrackPointExtension></extensions></trkpt><trkpt lat="15.6949491519" lon="73.6918264534"><ele>3.02</ele><time>2025-04-24T04:28:01Z</time><extensions><gpxtpx:TrackPointExtension><gpxtpx:cad>0</gpxtpx:cad></gpxtpx:TrackPointExtension></extensions></trkpt><trkpt lat="15.6949729566" lon="73.6916671973"><ele>3.02</ele><time>2025-04-24T04:28:06Z</time><extensions><gpxtpx:TrackPointExtension><gpxtpx:cad>0</gpxtpx:cad></gpxtpx:TrackPointExtension></extensions></trkpt><trkpt lat="15.6950262655" lon="73.6915241182"><ele>3.50</ele><time>2025-04-24T04:28:11Z</time><extensions><gpxtpx:TrackPointExtension><gpxtpx:cad>0</gpxtpx:cad></gpxtpx:TrackPointExtension></extensions></trkpt><trkpt lat="15.6950655766" lon="73.6913656164"><ele>3.50</ele><time>2025-04-24T04:28:16Z</time><extensions><gpxtpx:TrackPointExtension><gpxtpx:cad>0</gpxtpx:cad></gpxtpx:TrackPointExtension></extensions></trkpt><trkpt lat="15.6951182149" lon="73.6912207771"><ele>3.98</ele><time>2025-04-24T04:28:21Z</time><extensions><gpxtpx:TrackPointExtension><gpxtpx:cad>0</gpxtpx:cad></gpxtpx:TrackPointExtension></extensions></trkpt><trkpt lat="15.6951648183" lon="73.6910652090"><ele>4.46</ele><time>2025-04-24T04:28:26Z</time><extensions><gpxtpx:TrackPointExtension><gpxtpx:cad>0</gpxtpx:cad></gpxtpx:TrackPointExtension></extensions></trkpt><trkpt lat="15.6952441949" lon="73.6909328587"><ele>4.94</ele><time>2025-04-24T04:28:31Z</time><extensions><gpxtpx:TrackPointExtension><gpxtpx:cad>0</gpxtpx:cad></gpxtpx:TrackPointExtension></extensions></trkpt><trkpt lat="15.6953170337" lon="73.6907957308"><ele>4.94</ele><time>2025-04-24T04:28:36Z</time><extensions><gpxtpx:TrackPointExtension><gpxtpx:cad>0</gpxtpx:cad></gpxtpx:TrackPointExtension></extensions></trkpt><trkpt lat="15.6953809876" lon="73.6906478740"><ele>5.42</ele><time>2025-04-24T04:28:41Z</time><extensions><gpxtpx:TrackPointExtension><gpxtpx:cad>0</gpxtpx:cad></gpxtpx:TrackPointExtension></extensions></trkpt><trkpt lat="15.6954477914" lon="73.6905043758"><ele>4.94</ele><time>2025-04-24T04:28:46Z</time><extensions><gpxtpx:TrackPointExtension><gpxtpx:cad>0</gpxtpx:cad></gpxtpx:TrackPointExtension></extensions></trkpt><trkpt lat="15.6955070514" lon="73.6903615482"><ele>4.94</ele><time>2025-04-24T04:28:51Z</time><extensions><gpxtpx:TrackPointExtension><gpxtpx:cad>0</gpxtpx:cad></gpxtpx:TrackPointExtension></extensions></trkpt><trkpt lat="15.6955741905" lon="73.6902189720"><ele>4.94</ele><time>2025-04-24T04:28:56Z</time><extensions><gpxtpx:TrackPointExtension><gpxtpx:cad>0</gpxtpx:cad></gpxtpx:TrackPointExtension></extensions></trkpt><trkpt lat="15.6956338696" lon="73.6900820956"><ele>3.98</ele><time>2025-04-24T04:29:01Z</time><extensions><gpxtpx:TrackPointExtension><gpxtpx:cad>0</gpxtpx:cad></gpxtpx:TrackPointExtension></extensions></trkpt><trkpt lat="15.6956826523" lon="73.6899541877"><ele>3.50</ele><time>2025-04-24T04:29:06Z</time><extensions><gpxtpx:TrackPointExtension><gpxtpx:cad>0</gpxtpx:cad></gpxtpx:TrackPointExtension></extensions></trkpt><trkpt lat="15.6957335304" lon="73.6898189038"><ele>3.02</ele><time>2025-04-24T04:29:11Z</time><extensions><gpxtpx:TrackPointExtension><gpxtpx:cad>0</gpxtpx:cad></gpxtpx:TrackPointExtension></extensions></trkpt><trkpt lat="15.6957742665" lon="73.6896966118"><ele>2.54</ele><time>2025-04-24T04:29:16Z</time><extensions><gpxtpx:TrackPointExtension><gpxtpx:cad>0</gpxtpx:cad></gpxtpx:TrackPointExtension></extensions></trkpt><trkpt lat="15.6958176848" lon="73.6895681173"><ele>3.02</ele><time>2025-04-24T04:29:21Z</time><extensions><gpxtpx:TrackPointExtension><gpxtpx:cad>0</gpxtpx:cad></gpxtpx:TrackPointExtension></extensions></trkpt><trkpt lat="15.6958600972" lon="73.6894241162"><ele>3.02</ele><time>2025-04-24T04:29:26Z</time><extensions><gpxtpx:TrackPointExtension><gpxtpx:cad>0</gpxtpx:cad></gpxtpx:TrackPointExtension></extensions></trkpt><trkpt lat="15.6959114783" lon="73.6892702244"><ele>3.02</ele><time>2025-04-24T04:29:31Z</time><extensions><gpxtpx:TrackPointExtension><gpxtpx:cad>0</gpxtpx:cad></gpxtpx:TrackPointExtension></extensions></trkpt><trkpt lat="15.6959639490" lon="73.6891123094"><ele>3.02</ele><time>2025-04-24T04:29:36Z</time><extensions><gpxtpx:TrackPointExtension><gpxtpx:cad>0</gpxtpx:cad></gpxtpx:TrackPointExtension></extensions></trkpt><trkpt lat="15.6960119773" lon="73.6889493652"><ele>3.50</ele><time>2025-04-24T04:29:41Z</time><extensions><gpxtpx:TrackPointExtension><gpxtpx:cad>0</gpxtpx:cad></gpxtpx:TrackPointExtension></extensions></trkpt><trkpt lat="15.6960666273" lon="73.6887889355"><ele>3.02</ele><time>2025-04-24T04:29:46Z</time><extensions><gpxtpx:TrackPointExtension><gpxtpx:cad>0</gpxtpx:cad></gpxtpx:TrackPointExtension></extensions></trkpt><trkpt lat="15.6961149909" lon="73.6886337027"><ele>2.54</ele><time>2025-04-24T04:29:51Z</time><extensions><gpxtpx:TrackPointExtension><gpxtpx:cad>0</gpxtpx:cad></gpxtpx:TrackPointExtension></extensions></trkpt><trkpt lat="15.6961636059" lon="73.6884760391"><ele>3.02</ele><time>2025-04-24T04:29:56Z</time><extensions><gpxtpx:TrackPointExtension><gpxtpx:cad>0</gpxtpx:cad></gpxtpx:TrackPointExtension></extensions></trkpt><trkpt lat="15.6961998995" lon="73.6883144360"><ele>3.02</ele><time>2025-04-24T04:30:01Z</time><extensions><gpxtpx:TrackPointExtension><gpxtpx:cad>0</gpxtpx:cad></gpxtpx:TrackPointExtension></extensions></trkpt><trkpt lat="15.6962377019" lon="73.6881564371"><ele>3.50</ele><time>2025-04-24T04:30:06Z</time><extensions><gpxtpx:TrackPointExtension><gpxtpx:cad>0</gpxtpx:cad></gpxtpx:TrackPointExtension></extensions></trkpt><trkpt lat="15.6962719001" lon="73.6880052276"><ele>3.50</ele><time>2025-04-24T04:30:11Z</time><extensions><gpxtpx:TrackPointExtension><gpxtpx:cad>0</gpxtpx:cad></gpxtpx:TrackPointExtension></extensions></trkpt><trkpt lat="15.6963049248" lon="73.6878539342"><ele>3.50</ele><time>2025-04-24T04:30:16Z</time><extensions><gpxtpx:TrackPointExtension><gpxtpx:cad>0</gpxtpx:cad></gpxtpx:TrackPointExtension></extensions></trkpt><trkpt lat="15.6963454932" lon="73.6877070833"><ele>3.02</ele><time>2025-04-24T04:30:21Z</time><extensions><gpxtpx:TrackPointExtension><gpxtpx:cad>0</gpxtpx:cad></gpxtpx:TrackPointExtension></extensions></trkpt><trkpt lat="15.6963920128" lon="73.6875480786"><ele>2.54</ele><time>2025-04-24T04:30:26Z</time><extensions><gpxtpx:TrackPointExtension><gpxtpx:cad>0</gpxtpx:cad></gpxtpx:TrackPointExtension></extensions></trkpt><trkpt lat="15.6964495964" lon="73.6873827036"><ele>2.54</ele><time>2025-04-24T04:30:31Z</time><extensions><gpxtpx:TrackPointExtension><gpxtpx:cad>0</gpxtpx:cad></gpxtpx:TrackPointExtension></extensions></trkpt><trkpt lat="15.6965202559" lon="73.6872240342"><ele>2.06</ele><time>2025-04-24T04:30:36Z</time><extensions><gpxtpx:TrackPointExtension><gpxtpx:cad>0</gpxtpx:cad></gpxtpx:TrackPointExtension></extensions></trkpt><trkpt lat="15.6965992134" lon="73.6870659515"><ele>2.06</ele><time>2025-04-24T04:30:41Z</time><extensions><gpxtpx:TrackPointExtension><gpxtpx:cad>0</gpxtpx:cad></gpxtpx:TrackPointExtension></extensions></trkpt><trkpt lat="15.6966897380" lon="73.6869266443"><ele>2.06</ele><time>2025-04-24T04:30:46Z</time><extensions><gpxtpx:TrackPointExtension><gpxtpx:cad>0</gpxtpx:cad></gpxtpx:TrackPointExtension></extensions></trkpt><trkpt lat="15.6967722159" lon="73.6867705733"><ele>2.06</ele><time>2025-04-24T04:30:51Z</time><extensions><gpxtpx:TrackPointExtension><gpxtpx:cad>0</gpxtpx:cad></gpxtpx:TrackPointExtension></extensions></trkpt><trkpt lat="15.6968567055" lon="73.6866126582"><ele>2.06</ele><time>2025-04-24T04:30:56Z</time><extensions><gpxtpx:TrackPointExtension><gpxtpx:cad>0</gpxtpx:cad></gpxtpx:TrackPointExtension></extensions></trkpt><trkpt lat="15.6969390996" lon="73.6864612810"><ele>2.54</ele><time>2025-04-24T04:31:01Z</time><extensions><gpxtpx:TrackPointExtension><gpxtpx:cad>0</gpxtpx:cad></gpxtpx:TrackPointExtension></extensions></trkpt><trkpt lat="15.6970144529" lon="73.6863027792"><ele>2.54</ele><time>2025-04-24T04:31:06Z</time><extensions><gpxtpx:TrackPointExtension><gpxtpx:cad>0</gpxtpx:cad></gpxtpx:TrackPointExtension></extensions></trkpt><trkpt lat="15.6970834360" lon="73.6861429363"><ele>2.54</ele><time>2025-04-24T04:31:11Z</time><extensions><gpxtpx:TrackPointExtension><gpxtpx:cad>0</gpxtpx:cad></gpxtpx:TrackPointExtension></extensions></trkpt><trkpt lat="15.6971431989" lon="73.6859872844"><ele>2.54</ele><time>2025-04-24T04:31:16Z</time><extensions><gpxtpx:TrackPointExtension><gpxtpx:cad>0</gpxtpx:cad></gpxtpx:TrackPointExtension></extensions></trkpt><trkpt lat="15.6972063147" lon="73.6858221609"><ele>2.54</ele><time>2025-04-24T04:31:21Z</time><extensions><gpxtpx:TrackPointExtension><gpxtpx:cad>0</gpxtpx:cad></gpxtpx:TrackPointExtension></extensions></trkpt><trkpt lat="15.6972710229" lon="73.6856615636"><ele>3.02</ele><time>2025-04-24T04:31:26Z</time><extensions><gpxtpx:TrackPointExtension><gpxtpx:cad>0</gpxtpx:cad></gpxtpx:TrackPointExtension></extensions></trkpt><trkpt lat="15.6973364856" lon="73.6854982004"><ele>3.02</ele><time>2025-04-24T04:31:31Z</time><extensions><gpxtpx:TrackPointExtension><gpxtpx:cad>0</gpxtpx:cad></gpxtpx:TrackPointExtension></extensions></trkpt><trkpt lat="15.6973881181" lon="73.6853316519"><ele>3.02</ele><time>2025-04-24T04:31:36Z</time><extensions><gpxtpx:TrackPointExtension><gpxtpx:cad>0</gpxtpx:cad></gpxtpx:TrackPointExtension></extensions></trkpt><trkpt lat="15.6974286865" lon="73.6851625051"><ele>3.02</ele><time>2025-04-24T04:31:41Z</time><extensions><gpxtpx:TrackPointExtension><gpxtpx:cad>0</gpxtpx:cad></gpxtpx:TrackPointExtension></extensions></trkpt><trkpt lat="15.6974683329" lon="73.6849900056"><ele>3.02</ele><time>2025-04-24T04:31:46Z</time><extensions><gpxtpx:TrackPointExtension><gpxtpx:cad>0</gpxtpx:cad></gpxtpx:TrackPointExtension></extensions></trkpt><trkpt lat="15.6975073926" lon="73.6848134827"><ele>3.50</ele><time>2025-04-24T04:31:51Z</time><extensions><gpxtpx:TrackPointExtension><gpxtpx:cad>0</gpxtpx:cad></gpxtpx:TrackPointExtension></extensions></trkpt><trkpt lat="15.6975367293" lon="73.6846465990"><ele>3.50</ele><time>2025-04-24T04:31:56Z</time><extensions><gpxtpx:TrackPointExtension><gpxtpx:cad>0</gpxtpx:cad></gpxtpx:TrackPointExtension></extensions></trkpt><trkpt lat="15.6975618750" lon="73.6844707467"><ele>3.50</ele><time>2025-04-24T04:32:01Z</time><extensions><gpxtpx:TrackPointExtension><gpxtpx:cad>0</gpxtpx:cad></gpxtpx:TrackPointExtension></extensions></trkpt><trkpt lat="15.6975958217" lon="73.6842970736"><ele>3.50</ele><time>2025-04-24T04:32:06Z</time><extensions><gpxtpx:TrackPointExtension><gpxtpx:cad>0</gpxtpx:cad></gpxtpx:TrackPointExtension></extensions></trkpt><trkpt lat="15.6976369768" lon="73.6841270886"><ele>3.98</ele><time>2025-04-24T04:32:11Z</time><extensions><gpxtpx:TrackPointExtension><gpxtpx:cad>0</gpxtpx:cad></gpxtpx:TrackPointExtension></extensions></trkpt><trkpt lat="15.6976892799" lon="73.6839581933"><ele>3.98</ele><time>2025-04-24T04:32:16Z</time><extensions><gpxtpx:TrackPointExtension><gpxtpx:cad>0</gpxtpx:cad></gpxtpx:TrackPointExtension></extensions></trkpt><trkpt lat="15.6977446005" lon="73.6837912258"><ele>3.98</ele><time>2025-04-24T04:32:21Z</time><extensions><gpxtpx:TrackPointExtension><gpxtpx:cad>0</gpxtpx:cad></gpxtpx:TrackPointExtension></extensions></trkpt><trkpt lat="15.6977881864" lon="73.6836196482"><ele>3.98</ele><time>2025-04-24T04:32:26Z</time><extensions><gpxtpx:TrackPointExtension><gpxtpx:cad>0</gpxtpx:cad></gpxtpx:TrackPointExtension></extensions></trkpt><trkpt lat="15.6978316046" lon="73.6834437959"><ele>3.98</ele><time>2025-04-24T04:32:31Z</time><extensions><gpxtpx:TrackPointExtension><gpxtpx:cad>0</gpxtpx:cad></gpxtpx:TrackPointExtension></extensions></trkpt><trkpt lat="15.6978729274" lon="73.6832743138"><ele>4.46</ele><time>2025-04-24T04:32:36Z</time><extensions><gpxtpx:TrackPointExtension><gpxtpx:cad>0</gpxtpx:cad></gpxtpx:TrackPointExtension></extensions></trkpt><trkpt lat="15.6979227159" lon="73.6831060052"><ele>3.98</ele><time>2025-04-24T04:32:41Z</time><extensions><gpxtpx:TrackPointExtension><gpxtpx:cad>0</gpxtpx:cad></gpxtpx:TrackPointExtension></extensions></trkpt><trkpt lat="15.6979764439" lon="73.6829387862"><ele>4.46</ele><time>2025-04-24T04:32:46Z</time><extensions><gpxtpx:TrackPointExtension><gpxtpx:cad>0</gpxtpx:cad></gpxtpx:TrackPointExtension></extensions></trkpt><trkpt lat="15.6980339438" lon="73.6827749200"><ele>4.46</ele><time>2025-04-24T04:32:51Z</time><extensions><gpxtpx:TrackPointExtension><gpxtpx:cad>0</gpxtpx:cad></gpxtpx:TrackPointExtension></extensions></trkpt><trkpt lat="15.6981010828" lon="73.6826094612"><ele>3.98</ele><time>2025-04-24T04:32:56Z</time><extensions><gpxtpx:TrackPointExtension><gpxtpx:cad>0</gpxtpx:cad></gpxtpx:TrackPointExtension></extensions></trkpt><trkpt lat="15.6981768552" lon="73.6824444216"><ele>3.98</ele><time>2025-04-24T04:33:01Z</time><extensions><gpxtpx:TrackPointExtension><gpxtpx:cad>0</gpxtpx:cad></gpxtpx:TrackPointExtension></extensions></trkpt><trkpt lat="15.6982496101" lon="73.6822857521"><ele>3.98</ele><time>2025-04-24T04:33:06Z</time><extensions><gpxtpx:TrackPointExtension><gpxtpx:cad>0</gpxtpx:cad></gpxtpx:TrackPointExtension></extensions></trkpt><trkpt lat="15.6983049307" lon="73.6821189523"><ele>3.98</ele><time>2025-04-24T04:33:11Z</time><extensions><gpxtpx:TrackPointExtension><gpxtpx:cad>0</gpxtpx:cad></gpxtpx:TrackPointExtension></extensions></trkpt><trkpt lat="15.6983574014" lon="73.6819512304"><ele>3.98</ele><time>2025-04-24T04:33:16Z</time><extensions><gpxtpx:TrackPointExtension><gpxtpx:cad>0</gpxtpx:cad></gpxtpx:TrackPointExtension></extensions></trkpt><trkpt lat="15.6984271389" lon="73.6817885377"><ele>3.98</ele><time>2025-04-24T04:33:21Z</time><extensions><gpxtpx:TrackPointExtension><gpxtpx:cad>0</gpxtpx:cad></gpxtpx:TrackPointExtension></extensions></trkpt><trkpt lat="15.6984838005" lon="73.6816229951"><ele>3.50</ele><time>2025-04-24T04:33:26Z</time><extensions><gpxtpx:TrackPointExtension><gpxtpx:cad>0</gpxtpx:cad></gpxtpx:TrackPointExtension></extensions></trkpt><trkpt lat="15.6985335890" lon="73.6814601347"><ele>3.50</ele><time>2025-04-24T04:33:31Z</time><extensions><gpxtpx:TrackPointExtension><gpxtpx:cad>0</gpxtpx:cad></gpxtpx:TrackPointExtension></extensions></trkpt><trkpt lat="15.6985584833" lon="73.6812915746"><ele>3.50</ele><time>2025-04-24T04:33:36Z</time><extensions><gpxtpx:TrackPointExtension><gpxtpx:cad>0</gpxtpx:cad></gpxtpx:TrackPointExtension></extensions></trkpt><trkpt lat="15.6985702179" lon="73.6811087653"><ele>3.50</ele><time>2025-04-24T04:33:41Z</time><extensions><gpxtpx:TrackPointExtension><gpxtpx:cad>0</gpxtpx:cad></gpxtpx:TrackPointExtension></extensions></trkpt><trkpt lat="15.6985888258" lon="73.6809399538"><ele>3.50</ele><time>2025-04-24T04:33:46Z</time><extensions><gpxtpx:TrackPointExtension><gpxtpx:cad>0</gpxtpx:cad></gpxtpx:TrackPointExtension></extensions></trkpt><trkpt lat="15.6985916756" lon="73.6807698850"><ele>3.50</ele><time>2025-04-24T04:33:51Z</time><extensions><gpxtpx:TrackPointExtension><gpxtpx:cad>0</gpxtpx:cad></gpxtpx:TrackPointExtension></extensions></trkpt><trkpt lat="15.6985848024" lon="73.6805915181"><ele>3.50</ele><time>2025-04-24T04:33:56Z</time><extensions><gpxtpx:TrackPointExtension><gpxtpx:cad>0</gpxtpx:cad></gpxtpx:TrackPointExtension></extensions></trkpt><trkpt lat="15.6985779293" lon="73.6804150790"><ele>3.02</ele><time>2025-04-24T04:34:01Z</time><extensions><gpxtpx:TrackPointExtension><gpxtpx:cad>0</gpxtpx:cad></gpxtpx:TrackPointExtension></extensions></trkpt><trkpt lat="15.6985776778" lon="73.6802395619"><ele>2.54</ele><time>2025-04-24T04:34:06Z</time><extensions><gpxtpx:TrackPointExtension><gpxtpx:cad>0</gpxtpx:cad></gpxtpx:TrackPointExtension></extensions></trkpt><trkpt lat="15.6986014824" lon="73.6800599378"><ele>2.54</ele><time>2025-04-24T04:34:11Z</time><extensions><gpxtpx:TrackPointExtension><gpxtpx:cad>0</gpxtpx:cad></gpxtpx:TrackPointExtension></extensions></trkpt><trkpt lat="15.6986151449" lon="73.6798835825"><ele>2.54</ele><time>2025-04-24T04:34:16Z</time><extensions><gpxtpx:TrackPointExtension><gpxtpx:cad>0</gpxtpx:cad></gpxtpx:TrackPointExtension></extensions></trkpt><trkpt lat="15.6986193359" lon="73.6797029525"><ele>2.06</ele><time>2025-04-24T04:34:21Z</time><extensions><gpxtpx:TrackPointExtension><gpxtpx:cad>0</gpxtpx:cad></gpxtpx:TrackPointExtension></extensions></trkpt><trkpt lat="15.6986246165" lon="73.6795278545"><ele>2.06</ele><time>2025-04-24T04:34:26Z</time><extensions><gpxtpx:TrackPointExtension><gpxtpx:cad>0</gpxtpx:cad></gpxtpx:TrackPointExtension></extensions></trkpt><trkpt lat="15.6986257900" lon="73.6793455482"><ele>2.06</ele><time>2025-04-24T04:34:31Z</time><extensions><gpxtpx:TrackPointExtension><gpxtpx:cad>0</gpxtpx:cad></gpxtpx:TrackPointExtension></extensions></trkpt><trkpt lat="15.6986386981" lon="73.6791696120"><ele>2.06</ele><time>2025-04-24T04:34:36Z</time><extensions><gpxtpx:TrackPointExtension><gpxtpx:cad>0</gpxtpx:cad></gpxtpx:TrackPointExtension></extensions></trkpt><trkpt lat="15.6986527797" lon="73.6789908260"><ele>1.58</ele><time>2025-04-24T04:34:41Z</time><extensions><gpxtpx:TrackPointExtension><gpxtpx:cad>0</gpxtpx:cad></gpxtpx:TrackPointExtension></extensions></trkpt><trkpt lat="15.6986744888" lon="73.6788104475"><ele>1.10</ele><time>2025-04-24T04:34:46Z</time><extensions><gpxtpx:TrackPointExtension><gpxtpx:cad>0</gpxtpx:cad></gpxtpx:TrackPointExtension></extensions></trkpt><trkpt lat="15.6986933481" lon="73.6786343437"><ele>1.10</ele><time>2025-04-24T04:34:51Z</time><extensions><gpxtpx:TrackPointExtension><gpxtpx:cad>0</gpxtpx:cad></gpxtpx:TrackPointExtension></extensions></trkpt><trkpt lat="15.6987220142" lon="73.6784612574"><ele>1.58</ele><time>2025-04-24T04:34:56Z</time><extensions><gpxtpx:TrackPointExtension><gpxtpx:cad>0</gpxtpx:cad></gpxtpx:TrackPointExtension></extensions></trkpt><trkpt lat="15.6987521052" lon="73.6782883387"><ele>1.58</ele><time>2025-04-24T04:35:01Z</time><extensions><gpxtpx:TrackPointExtension><gpxtpx:cad>0</gpxtpx:cad></gpxtpx:TrackPointExtension></extensions></trkpt><trkpt lat="15.6987868901" lon="73.6781196110"><ele>1.58</ele><time>2025-04-24T04:35:06Z</time><extensions><gpxtpx:TrackPointExtension><gpxtpx:cad>0</gpxtpx:cad></gpxtpx:TrackPointExtension></extensions></trkpt><trkpt lat="15.6988122873" lon="73.6779373046"><ele>1.10</ele><time>2025-04-24T04:35:11Z</time><extensions><gpxtpx:TrackPointExtension><gpxtpx:cad>0</gpxtpx:cad></gpxtpx:TrackPointExtension></extensions></trkpt><trkpt lat="15.6988308113" lon="73.6777607817"><ele>2.06</ele><time>2025-04-24T04:35:16Z</time><extensions><gpxtpx:TrackPointExtension><gpxtpx:cad>0</gpxtpx:cad></gpxtpx:TrackPointExtension></extensions></trkpt><trkpt lat="15.6988451444" lon="73.6775856838"><ele>2.06</ele><time>2025-04-24T04:35:21Z</time><extensions><gpxtpx:TrackPointExtension><gpxtpx:cad>0</gpxtpx:cad></gpxtpx:TrackPointExtension></extensions></trkpt><trkpt lat="15.6988554541" lon="73.6774040479"><ele>1.58</ele><time>2025-04-24T04:35:26Z</time><extensions><gpxtpx:TrackPointExtension><gpxtpx:cad>0</gpxtpx:cad></gpxtpx:TrackPointExtension></extensions></trkpt><trkpt lat="15.6988712121" lon="73.6772369128"><ele>1.10</ele><time>2025-04-24T04:35:31Z</time><extensions><gpxtpx:TrackPointExtension><gpxtpx:cad>0</gpxtpx:cad></gpxtpx:TrackPointExtension></extensions></trkpt><trkpt lat="15.6988832820" lon="73.6770520918"><ele>1.10</ele><time>2025-04-24T04:35:36Z</time><extensions><gpxtpx:TrackPointExtension><gpxtpx:cad>0</gpxtpx:cad></gpxtpx:TrackPointExtension></extensions></trkpt><trkpt lat="15.6989056617" lon="73.6768812686"><ele>1.10</ele><time>2025-04-24T04:35:41Z</time><extensions><gpxtpx:TrackPointExtension><gpxtpx:cad>0</gpxtpx:cad></gpxtpx:TrackPointExtension></extensions></trkpt><trkpt lat="15.6989369262" lon="73.6767014768"><ele>1.10</ele><time>2025-04-24T04:35:46Z</time><extensions><gpxtpx:TrackPointExtension><gpxtpx:cad>0</gpxtpx:cad></gpxtpx:TrackPointExtension></extensions></trkpt><trkpt lat="15.6989785843" lon="73.6765302345"><ele>1.58</ele><time>2025-04-24T04:35:51Z</time><extensions><gpxtpx:TrackPointExtension><gpxtpx:cad>0</gpxtpx:cad></gpxtpx:TrackPointExtension></extensions></trkpt><trkpt lat="15.6990366708" lon="73.6763669550"><ele>2.06</ele><time>2025-04-24T04:35:56Z</time><extensions><gpxtpx:TrackPointExtension><gpxtpx:cad>0</gpxtpx:cad></gpxtpx:TrackPointExtension></extensions></trkpt><trkpt lat="15.6991007086" lon="73.6762023345"><ele>2.06</ele><time>2025-04-24T04:36:01Z</time><extensions><gpxtpx:TrackPointExtension><gpxtpx:cad>0</gpxtpx:cad></gpxtpx:TrackPointExtension></extensions></trkpt><trkpt lat="15.6992276944" lon="73.6761022545"><ele>2.54</ele><time>2025-04-24T04:36:06Z</time><extensions><gpxtpx:TrackPointExtension><gpxtpx:cad>0</gpxtpx:cad></gpxtpx:TrackPointExtension></extensions></trkpt><trkpt lat="15.6993789040" lon="73.6760781985"><ele>2.54</ele><time>2025-04-24T04:36:11Z</time><extensions><gpxtpx:TrackPointExtension><gpxtpx:cad>0</gpxtpx:cad></gpxtpx:TrackPointExtension></extensions></trkpt><trkpt lat="15.6995288562" lon="73.6761198565"><ele>2.54</ele><time>2025-04-24T04:36:16Z</time><extensions><gpxtpx:TrackPointExtension><gpxtpx:cad>0</gpxtpx:cad></gpxtpx:TrackPointExtension></extensions></trkpt><trkpt lat="15.6996987574" lon="73.6761802901"><ele>3.02</ele><time>2025-04-24T04:36:21Z</time><extensions><gpxtpx:TrackPointExtension><gpxtpx:cad>0</gpxtpx:cad></gpxtpx:TrackPointExtension></extensions></trkpt><trkpt lat="15.6998684071" lon="73.6762328446"><ele>2.54</ele><time>2025-04-24T04:36:26Z</time><extensions><gpxtpx:TrackPointExtension><gpxtpx:cad>0</gpxtpx:cad></gpxtpx:TrackPointExtension></extensions></trkpt><trkpt lat="15.7000226341" lon="73.6762830522"><ele>2.54</ele><time>2025-04-24T04:36:31Z</time><extensions><gpxtpx:TrackPointExtension><gpxtpx:cad>0</gpxtpx:cad></gpxtpx:TrackPointExtension></extensions></trkpt><trkpt lat="15.7001699042" lon="73.6763425637"><ele>2.06</ele><time>2025-04-24T04:36:36Z</time><extensions><gpxtpx:TrackPointExtension><gpxtpx:cad>0</gpxtpx:cad></gpxtpx:TrackPointExtension></extensions></trkpt><trkpt lat="15.7003346924" lon="73.6764011532"><ele>2.06</ele><time>2025-04-24T04:36:41Z</time><extensions><gpxtpx:TrackPointExtension><gpxtpx:cad>0</gpxtpx:cad></gpxtpx:TrackPointExtension></extensions></trkpt><trkpt lat="15.7004860695" lon="73.6764637660"><ele>2.06</ele><time>2025-04-24T04:36:46Z</time><extensions><gpxtpx:TrackPointExtension><gpxtpx:cad>0</gpxtpx:cad></gpxtpx:TrackPointExtension></extensions></trkpt><trkpt lat="15.7006353512" lon="73.6765411310"><ele>2.06</ele><time>2025-04-24T04:36:51Z</time><extensions><gpxtpx:TrackPointExtension><gpxtpx:cad>0</gpxtpx:cad></gpxtpx:TrackPointExtension></extensions></trkpt><trkpt lat="15.7007936016" lon="73.6766127963"><ele>2.54</ele><time>2025-04-24T04:36:56Z</time><extensions><gpxtpx:TrackPointExtension><gpxtpx:cad>0</gpxtpx:cad></gpxtpx:TrackPointExtension></extensions></trkpt><trkpt lat="15.7009365130" lon="73.6766840424"><ele>2.06</ele><time>2025-04-24T04:37:01Z</time><extensions><gpxtpx:TrackPointExtension><gpxtpx:cad>0</gpxtpx:cad></gpxtpx:TrackPointExtension></extensions></trkpt><trkpt lat="15.7010852918" lon="73.6767486669"><ele>2.54</ele><time>2025-04-24T04:37:06Z</time><extensions><gpxtpx:TrackPointExtension><gpxtpx:cad>0</gpxtpx:cad></gpxtpx:TrackPointExtension></extensions></trkpt><trkpt lat="15.7012470625" lon="73.6768181529"><ele>2.54</ele><time>2025-04-24T04:37:11Z</time><extensions><gpxtpx:TrackPointExtension><gpxtpx:cad>0</gpxtpx:cad></gpxtpx:TrackPointExtension></extensions></trkpt><trkpt lat="15.7014024630" lon="73.6768954340"><ele>2.54</ele><time>2025-04-24T04:37:16Z</time><extensions><gpxtpx:TrackPointExtension><gpxtpx:cad>0</gpxtpx:cad></gpxtpx:TrackPointExtension></extensions></trkpt><trkpt lat="15.7015616354" lon="73.6769698653"><ele>2.54</ele><time>2025-04-24T04:37:21Z</time><extensions><gpxtpx:TrackPointExtension><gpxtpx:cad>0</gpxtpx:cad></gpxtpx:TrackPointExtension></extensions></trkpt><trkpt lat="15.7017260883" lon="73.6770246830"><ele>2.54</ele><time>2025-04-24T04:37:26Z</time><extensions><gpxtpx:TrackPointExtension><gpxtpx:cad>0</gpxtpx:cad></gpxtpx:TrackPointExtension></extensions></trkpt><trkpt lat="15.7018917985" lon="73.6770686042"><ele>2.54</ele><time>2025-04-24T04:37:31Z</time><extensions><gpxtpx:TrackPointExtension><gpxtpx:cad>0</gpxtpx:cad></gpxtpx:TrackPointExtension></extensions></trkpt><trkpt lat="15.7020536531" lon="73.6771045625"><ele>2.54</ele><time>2025-04-24T04:37:36Z</time><extensions><gpxtpx:TrackPointExtension><gpxtpx:cad>0</gpxtpx:cad></gpxtpx:TrackPointExtension></extensions></trkpt><trkpt lat="15.7022308465" lon="73.6771327257"><ele>3.02</ele><time>2025-04-24T04:37:41Z</time><extensions><gpxtpx:TrackPointExtension><gpxtpx:cad>0</gpxtpx:cad></gpxtpx:TrackPointExtension></extensions></trkpt><trkpt lat="15.7023965567" lon="73.6771634035"><ele>2.54</ele><time>2025-04-24T04:37:46Z</time><extensions><gpxtpx:TrackPointExtension><gpxtpx:cad>0</gpxtpx:cad></gpxtpx:TrackPointExtension></extensions></trkpt><trkpt lat="15.7025647815" lon="73.6771882139"><ele>2.06</ele><time>2025-04-24T04:37:51Z</time><extensions><gpxtpx:TrackPointExtension><gpxtpx:cad>0</gpxtpx:cad></gpxtpx:TrackPointExtension></extensions></trkpt><trkpt lat="15.7027270552" lon="73.6772243399"><ele>2.06</ele><time>2025-04-24T04:37:56Z</time><extensions><gpxtpx:TrackPointExtension><gpxtpx:cad>0</gpxtpx:cad></gpxtpx:TrackPointExtension></extensions></trkpt><trkpt lat="15.7028891612" lon="73.6772621423"><ele>2.54</ele><time>2025-04-24T04:38:01Z</time><extensions><gpxtpx:TrackPointExtension><gpxtpx:cad>0</gpxtpx:cad></gpxtpx:TrackPointExtension></extensions></trkpt><trkpt lat="15.7030491717" lon="73.6773069017"><ele>2.06</ele><time>2025-04-24T04:38:06Z</time><extensions><gpxtpx:TrackPointExtension><gpxtpx:cad>0</gpxtpx:cad></gpxtpx:TrackPointExtension></extensions></trkpt><trkpt lat="15.7032159716" lon="73.6773575284"><ele>2.06</ele><time>2025-04-24T04:38:11Z</time><extensions><gpxtpx:TrackPointExtension><gpxtpx:cad>0</gpxtpx:cad></gpxtpx:TrackPointExtension></extensions></trkpt><trkpt lat="15.7033850346" lon="73.6774048023"><ele>2.06</ele><time>2025-04-24T04:38:16Z</time><extensions><gpxtpx:TrackPointExtension><gpxtpx:cad>0</gpxtpx:cad></gpxtpx:TrackPointExtension></extensions></trkpt><trkpt lat="15.7035548519" lon="73.6774426885"><ele>1.58</ele><time>2025-04-24T04:38:21Z</time><extensions><gpxtpx:TrackPointExtension><gpxtpx:cad>0</gpxtpx:cad></gpxtpx:TrackPointExtension></extensions></trkpt><trkpt lat="15.7037154492" lon="73.6774860229"><ele>2.06</ele><time>2025-04-24T04:38:26Z</time><extensions><gpxtpx:TrackPointExtension><gpxtpx:cad>0</gpxtpx:cad></gpxtpx:TrackPointExtension></extensions></trkpt><trkpt lat="15.7038838416" lon="73.6775364820"><ele>2.06</ele><time>2025-04-24T04:38:31Z</time><extensions><gpxtpx:TrackPointExtension><gpxtpx:cad>0</gpxtpx:cad></gpxtpx:TrackPointExtension></extensions></trkpt><trkpt lat="15.7040394936" lon="73.6775972508"><ele>2.54</ele><time>2025-04-24T04:38:36Z</time><extensions><gpxtpx:TrackPointExtension><gpxtpx:cad>0</gpxtpx:cad></gpxtpx:TrackPointExtension></extensions></trkpt><trkpt lat="15.7041914575" lon="73.6776652280"><ele>2.06</ele><time>2025-04-24T04:38:41Z</time><extensions><gpxtpx:TrackPointExtension><gpxtpx:cad>0</gpxtpx:cad></gpxtpx:TrackPointExtension></extensions></trkpt><trkpt lat="15.7043395657" lon="73.6777354684"><ele>2.54</ele><time>2025-04-24T04:38:46Z</time><extensions><gpxtpx:TrackPointExtension><gpxtpx:cad>0</gpxtpx:cad></gpxtpx:TrackPointExtension></extensions></trkpt><trkpt lat="15.7044978160" lon="73.6778144259"><ele>3.02</ele><time>2025-04-24T04:38:51Z</time><extensions><gpxtpx:TrackPointExtension><gpxtpx:cad>0</gpxtpx:cad></gpxtpx:TrackPointExtension></extensions></trkpt><trkpt lat="15.7046496123" lon="73.6778843310"><ele>2.54</ele><time>2025-04-24T04:38:56Z</time><extensions><gpxtpx:TrackPointExtension><gpxtpx:cad>0</gpxtpx:cad></gpxtpx:TrackPointExtension></extensions></trkpt><trkpt lat="15.7048063539" lon="73.6779503804"><ele>2.54</ele><time>2025-04-24T04:39:01Z</time><extensions><gpxtpx:TrackPointExtension><gpxtpx:cad>0</gpxtpx:cad></gpxtpx:TrackPointExtension></extensions></trkpt><trkpt lat="15.7049578149" lon="73.6780025158"><ele>3.02</ele><time>2025-04-24T04:39:06Z</time><extensions><gpxtpx:TrackPointExtension><gpxtpx:cad>0</gpxtpx:cad></gpxtpx:TrackPointExtension></extensions></trkpt><trkpt lat="15.7051203400" lon="73.6780617759"><ele>2.54</ele><time>2025-04-24T04:39:11Z</time><extensions><gpxtpx:TrackPointExtension><gpxtpx:cad>0</gpxtpx:cad></gpxtpx:TrackPointExtension></extensions></trkpt><trkpt lat="15.7052773330" lon="73.6781316809"><ele>2.54</ele><time>2025-04-24T04:39:16Z</time><extensions><gpxtpx:TrackPointExtension><gpxtpx:cad>0</gpxtpx:cad></gpxtpx:TrackPointExtension></extensions></trkpt><trkpt lat="15.7054270338" lon="73.6782072857"><ele>2.54</ele><time>2025-04-24T04:39:21Z</time><extensions><gpxtpx:TrackPointExtension><gpxtpx:cad>0</gpxtpx:cad></gpxtpx:TrackPointExtension></extensions></trkpt><trkpt lat="15.7055775728" lon="73.6782886740"><ele>2.54</ele><time>2025-04-24T04:39:26Z</time><extensions><gpxtpx:TrackPointExtension><gpxtpx:cad>0</gpxtpx:cad></gpxtpx:TrackPointExtension></extensions></trkpt><trkpt lat="15.7057316322" lon="73.6783501133"><ele>2.54</ele><time>2025-04-24T04:39:31Z</time><extensions><gpxtpx:TrackPointExtension><gpxtpx:cad>0</gpxtpx:cad></gpxtpx:TrackPointExtension></extensions></trkpt><trkpt lat="15.7058757171" lon="73.6784190964"><ele>3.02</ele><time>2025-04-24T04:39:36Z</time><extensions><gpxtpx:TrackPointExtension><gpxtpx:cad>0</gpxtpx:cad></gpxtpx:TrackPointExtension></extensions></trkpt><trkpt lat="15.7060253341" lon="73.6785144825"><ele>3.02</ele><time>2025-04-24T04:39:41Z</time><extensions><gpxtpx:TrackPointExtension><gpxtpx:cad>0</gpxtpx:cad></gpxtpx:TrackPointExtension></extensions></trkpt><trkpt lat="15.7061814051" lon="73.6785960384"><ele>3.02</ele><time>2025-04-24T04:39:46Z</time><extensions><gpxtpx:TrackPointExtension><gpxtpx:cad>0</gpxtpx:cad></gpxtpx:TrackPointExtension></extensions></trkpt><trkpt lat="15.7063352130" lon="73.6786629260"><ele>3.02</ele><time>2025-04-24T04:39:51Z</time><extensions><gpxtpx:TrackPointExtension><gpxtpx:cad>0</gpxtpx:cad></gpxtpx:TrackPointExtension></extensions></trkpt><trkpt lat="15.7064692397" lon="73.6787443142"><ele>2.54</ele><time>2025-04-24T04:39:56Z</time><extensions><gpxtpx:TrackPointExtension><gpxtpx:cad>0</gpxtpx:cad></gpxtpx:TrackPointExtension></extensions></trkpt><trkpt lat="15.7066144980" lon="73.6788282171"><ele>2.06</ele><time>2025-04-24T04:40:01Z</time><extensions><gpxtpx:TrackPointExtension><gpxtpx:cad>0</gpxtpx:cad></gpxtpx:TrackPointExtension></extensions></trkpt><trkpt lat="15.7067689765" lon="73.6789169814"><ele>3.02</ele><time>2025-04-24T04:40:06Z</time><extensions><gpxtpx:TrackPointExtension><gpxtpx:cad>0</gpxtpx:cad></gpxtpx:TrackPointExtension></extensions></trkpt><trkpt lat="15.7069181744" lon="73.6790096015"><ele>3.50</ele><time>2025-04-24T04:40:11Z</time><extensions><gpxtpx:TrackPointExtension><gpxtpx:cad>0</gpxtpx:cad></gpxtpx:TrackPointExtension></extensions></trkpt><trkpt lat="15.7070653606" lon="73.6791004613"><ele>3.50</ele><time>2025-04-24T04:40:16Z</time><extensions><gpxtpx:TrackPointExtension><gpxtpx:cad>0</gpxtpx:cad></gpxtpx:TrackPointExtension></extensions></trkpt><trkpt lat="15.7071965374" lon="73.6791988648"><ele>3.50</ele><time>2025-04-24T04:40:21Z</time><extensions><gpxtpx:TrackPointExtension><gpxtpx:cad>0</gpxtpx:cad></gpxtpx:TrackPointExtension></extensions></trkpt><trkpt lat="15.7073376048" lon="73.6792951729"><ele>3.50</ele><time>2025-04-24T04:40:26Z</time><extensions><gpxtpx:TrackPointExtension><gpxtpx:cad>0</gpxtpx:cad></gpxtpx:TrackPointExtension></extensions></trkpt><trkpt lat="15.7074962743" lon="73.6793768965"><ele>3.50</ele><time>2025-04-24T04:40:31Z</time><extensions><gpxtpx:TrackPointExtension><gpxtpx:cad>0</gpxtpx:cad></gpxtpx:TrackPointExtension></extensions></trkpt><trkpt lat="15.7076525968" lon="73.6794598773"><ele>3.02</ele><time>2025-04-24T04:40:36Z</time><extensions><gpxtpx:TrackPointExtension><gpxtpx:cad>0</gpxtpx:cad></gpxtpx:TrackPointExtension></extensions></trkpt><trkpt lat="15.7078167982" lon="73.6795441993"><ele>2.54</ele><time>2025-04-24T04:40:41Z</time><extensions><gpxtpx:TrackPointExtension><gpxtpx:cad>0</gpxtpx:cad></gpxtpx:TrackPointExtension></extensions></trkpt><trkpt lat="15.7079747133" lon="73.6796289403"><ele>3.02</ele><time>2025-04-24T04:40:46Z</time><extensions><gpxtpx:TrackPointExtension><gpxtpx:cad>0</gpxtpx:cad></gpxtpx:TrackPointExtension></extensions></trkpt><trkpt lat="15.7081243303" lon="73.6797194649"><ele>2.54</ele><time>2025-04-24T04:40:51Z</time><extensions><gpxtpx:TrackPointExtension><gpxtpx:cad>0</gpxtpx:cad></gpxtpx:TrackPointExtension></extensions></trkpt><trkpt lat="15.7082754560" lon="73.6798173655"><ele>2.06</ele><time>2025-04-24T04:40:56Z</time><extensions><gpxtpx:TrackPointExtension><gpxtpx:cad>0</gpxtpx:cad></gpxtpx:TrackPointExtension></extensions></trkpt><trkpt lat="15.7084078062" lon="73.6799102370"><ele>1.58</ele><time>2025-04-24T04:41:01Z</time><extensions><gpxtpx:TrackPointExtension><gpxtpx:cad>0</gpxtpx:cad></gpxtpx:TrackPointExtension></extensions></trkpt><trkpt lat="15.7085371390" lon="73.6800289247"><ele>1.10</ele><time>2025-04-24T04:41:06Z</time><extensions><gpxtpx:TrackPointExtension><gpxtpx:cad>0</gpxtpx:cad></gpxtpx:TrackPointExtension></extensions></trkpt><trkpt lat="15.7086681481" lon="73.6801468581"><ele>1.10</ele><time>2025-04-24T04:41:11Z</time><extensions><gpxtpx:TrackPointExtension><gpxtpx:cad>0</gpxtpx:cad></gpxtpx:TrackPointExtension></extensions></trkpt><trkpt lat="15.7088044379" lon="73.6802524701"><ele>1.58</ele><time>2025-04-24T04:41:16Z</time><extensions><gpxtpx:TrackPointExtension><gpxtpx:cad>0</gpxtpx:cad></gpxtpx:TrackPointExtension></extensions></trkpt><trkpt lat="15.7089558151" lon="73.6803633627"><ele>2.06</ele><time>2025-04-24T04:41:21Z</time><extensions><gpxtpx:TrackPointExtension><gpxtpx:cad>0</gpxtpx:cad></gpxtpx:TrackPointExtension></extensions></trkpt><trkpt lat="15.7090817112" lon="73.6804613471"><ele>2.06</ele><time>2025-04-24T04:41:26Z</time><extensions><gpxtpx:TrackPointExtension><gpxtpx:cad>0</gpxtpx:cad></gpxtpx:TrackPointExtension></extensions></trkpt><trkpt lat="15.7092081942" lon="73.6805847287"><ele>2.54</ele><time>2025-04-24T04:41:31Z</time><extensions><gpxtpx:TrackPointExtension><gpxtpx:cad>0</gpxtpx:cad></gpxtpx:TrackPointExtension></extensions></trkpt><trkpt lat="15.7093298156" lon="73.6806909274"><ele>2.06</ele><time>2025-04-24T04:41:36Z</time><extensions><gpxtpx:TrackPointExtension><gpxtpx:cad>0</gpxtpx:cad></gpxtpx:TrackPointExtension></extensions></trkpt><trkpt lat="15.7094838750" lon="73.6807793565"><ele>2.06</ele><time>2025-04-24T04:41:41Z</time><extensions><gpxtpx:TrackPointExtension><gpxtpx:cad>0</gpxtpx:cad></gpxtpx:TrackPointExtension></extensions></trkpt><trkpt lat="15.7096248586" lon="73.6808765866"><ele>2.54</ele><time>2025-04-24T04:41:46Z</time><extensions><gpxtpx:TrackPointExtension><gpxtpx:cad>0</gpxtpx:cad></gpxtpx:TrackPointExtension></extensions></trkpt><trkpt lat="15.7097678538" lon="73.6809693743"><ele>2.06</ele><time>2025-04-24T04:41:51Z</time><extensions><gpxtpx:TrackPointExtension><gpxtpx:cad>0</gpxtpx:cad></gpxtpx:TrackPointExtension></extensions></trkpt><trkpt lat="15.7099191472" lon="73.6810378544"><ele>2.06</ele><time>2025-04-24T04:41:56Z</time><extensions><gpxtpx:TrackPointExtension><gpxtpx:cad>0</gpxtpx:cad></gpxtpx:TrackPointExtension></extensions></trkpt><trkpt lat="15.7100700215" lon="73.6811016407"><ele>2.06</ele><time>2025-04-24T04:42:01Z</time><extensions><gpxtpx:TrackPointExtension><gpxtpx:cad>0</gpxtpx:cad></gpxtpx:TrackPointExtension></extensions></trkpt><trkpt lat="15.7102330495" lon="73.6811847892"><ele>2.54</ele><time>2025-04-24T04:42:06Z</time><extensions><gpxtpx:TrackPointExtension><gpxtpx:cad>0</gpxtpx:cad></gpxtpx:TrackPointExtension></extensions></trkpt><trkpt lat="15.7103928924" lon="73.6812719610"><ele>2.54</ele><time>2025-04-24T04:42:11Z</time><extensions><gpxtpx:TrackPointExtension><gpxtpx:cad>0</gpxtpx:cad></gpxtpx:TrackPointExtension></extensions></trkpt><trkpt lat="15.7105311099" lon="73.6813405249"><ele>2.06</ele><time>2025-04-24T04:42:16Z</time><extensions><gpxtpx:TrackPointExtension><gpxtpx:cad>0</gpxtpx:cad></gpxtpx:TrackPointExtension></extensions></trkpt><trkpt lat="15.7106813136" lon="73.6813955940"><ele>1.58</ele><time>2025-04-24T04:42:21Z</time><extensions><gpxtpx:TrackPointExtension><gpxtpx:cad>0</gpxtpx:cad></gpxtpx:TrackPointExtension></extensions></trkpt><trkpt lat="15.7108443417" lon="73.6814559437"><ele>1.58</ele><time>2025-04-24T04:42:26Z</time><extensions><gpxtpx:TrackPointExtension><gpxtpx:cad>0</gpxtpx:cad></gpxtpx:TrackPointExtension></extensions></trkpt><trkpt lat="15.7110206969" lon="73.6815281957"><ele>2.06</ele><time>2025-04-24T04:42:31Z</time><extensions><gpxtpx:TrackPointExtension><gpxtpx:cad>0</gpxtpx:cad></gpxtpx:TrackPointExtension></extensions></trkpt><trkpt lat="15.7111729123" lon="73.6815866176"><ele>2.06</ele><time>2025-04-24T04:42:36Z</time><extensions><gpxtpx:TrackPointExtension><gpxtpx:cad>0</gpxtpx:cad></gpxtpx:TrackPointExtension></extensions></trkpt><trkpt lat="15.7113226131" lon="73.6816528346"><ele>2.06</ele><time>2025-04-24T04:42:41Z</time><extensions><gpxtpx:TrackPointExtension><gpxtpx:cad>0</gpxtpx:cad></gpxtpx:TrackPointExtension></extensions></trkpt><trkpt lat="15.7114661951" lon="73.6817317922"><ele>1.58</ele><time>2025-04-24T04:42:46Z</time><extensions><gpxtpx:TrackPointExtension><gpxtpx:cad>0</gpxtpx:cad></gpxtpx:TrackPointExtension></extensions></trkpt><trkpt lat="15.7116284687" lon="73.6818150245"><ele>1.58</ele><time>2025-04-24T04:42:51Z</time><extensions><gpxtpx:TrackPointExtension><gpxtpx:cad>0</gpxtpx:cad></gpxtpx:TrackPointExtension></extensions></trkpt><trkpt lat="15.7117785048" lon="73.6818879470"><ele>1.58</ele><time>2025-04-24T04:42:56Z</time><extensions><gpxtpx:TrackPointExtension><gpxtpx:cad>0</gpxtpx:cad></gpxtpx:TrackPointExtension></extensions></trkpt><trkpt lat="15.7119354978" lon="73.6819555052"><ele>1.58</ele><time>2025-04-24T04:43:01Z</time><extensions><gpxtpx:TrackPointExtension><gpxtpx:cad>0</gpxtpx:cad></gpxtpx:TrackPointExtension></extensions></trkpt><trkpt lat="15.7120753918" lon="73.6820332054"><ele>1.10</ele><time>2025-04-24T04:43:06Z</time><extensions><gpxtpx:TrackPointExtension><gpxtpx:cad>0</gpxtpx:cad></gpxtpx:TrackPointExtension></extensions></trkpt><trkpt lat="15.7122224104" lon="73.6821198743"><ele>1.10</ele><time>2025-04-24T04:43:11Z</time><extensions><gpxtpx:TrackPointExtension><gpxtpx:cad>0</gpxtpx:cad></gpxtpx:TrackPointExtension></extensions></trkpt><trkpt lat="15.7123864442" lon="73.6821993347"><ele>1.58</ele><time>2025-04-24T04:43:16Z</time><extensions><gpxtpx:TrackPointExtension><gpxtpx:cad>0</gpxtpx:cad></gpxtpx:TrackPointExtension></extensions></trkpt><trkpt lat="15.7125583570" lon="73.6822821479"><ele>2.06</ele><time>2025-04-24T04:43:21Z</time><extensions><gpxtpx:TrackPointExtension><gpxtpx:cad>0</gpxtpx:cad></gpxtpx:TrackPointExtension></extensions></trkpt><trkpt lat="15.7127060462" lon="73.6823534779"><ele>2.06</ele><time>2025-04-24T04:43:26Z</time><extensions><gpxtpx:TrackPointExtension><gpxtpx:cad>0</gpxtpx:cad></gpxtpx:TrackPointExtension></extensions></trkpt><trkpt lat="15.7128604408" lon="73.6824032664"><ele>2.54</ele><time>2025-04-24T04:43:31Z</time><extensions><gpxtpx:TrackPointExtension><gpxtpx:cad>0</gpxtpx:cad></gpxtpx:TrackPointExtension></extensions></trkpt><trkpt lat="15.7130117342" lon="73.6824660469"><ele>3.02</ele><time>2025-04-24T04:43:36Z</time><extensions><gpxtpx:TrackPointExtension><gpxtpx:cad>0</gpxtpx:cad></gpxtpx:TrackPointExtension></extensions></trkpt><trkpt lat="15.7131805457" lon="73.6825536378"><ele>3.50</ele><time>2025-04-24T04:43:41Z</time><extensions><gpxtpx:TrackPointExtension><gpxtpx:cad>0</gpxtpx:cad></gpxtpx:TrackPointExtension></extensions></trkpt><trkpt lat="15.7133247983" lon="73.6826444138"><ele>3.02</ele><time>2025-04-24T04:43:46Z</time><extensions><gpxtpx:TrackPointExtension><gpxtpx:cad>0</gpxtpx:cad></gpxtpx:TrackPointExtension></extensions></trkpt><trkpt lat="15.7134644408" lon="73.6827346031"><ele>3.02</ele><time>2025-04-24T04:43:51Z</time><extensions><gpxtpx:TrackPointExtension><gpxtpx:cad>0</gpxtpx:cad></gpxtpx:TrackPointExtension></extensions></trkpt><trkpt lat="15.7135994732" lon="73.6828161590"><ele>3.02</ele><time>2025-04-24T04:43:56Z</time><extensions><gpxtpx:TrackPointExtension><gpxtpx:cad>0</gpxtpx:cad></gpxtpx:TrackPointExtension></extensions></trkpt><trkpt lat="15.7137314882" lon="73.6829075217"><ele>2.54</ele><time>2025-04-24T04:44:01Z</time><extensions><gpxtpx:TrackPointExtension><gpxtpx:cad>0</gpxtpx:cad></gpxtpx:TrackPointExtension></extensions></trkpt><trkpt lat="15.7139059156" lon="73.6830076016"><ele>3.02</ele><time>2025-04-24T04:44:06Z</time><extensions><gpxtpx:TrackPointExtension><gpxtpx:cad>0</gpxtpx:cad></gpxtpx:TrackPointExtension></extensions></trkpt><trkpt lat="15.7140505873" lon="73.6831005570"><ele>2.54</ele><time>2025-04-24T04:44:11Z</time><extensions><gpxtpx:TrackPointExtension><gpxtpx:cad>0</gpxtpx:cad></gpxtpx:TrackPointExtension></extensions></trkpt><trkpt lat="15.7141763996" lon="73.6831888184"><ele>2.54</ele><time>2025-04-24T04:44:16Z</time><extensions><gpxtpx:TrackPointExtension><gpxtpx:cad>0</gpxtpx:cad></gpxtpx:TrackPointExtension></extensions></trkpt><trkpt lat="15.7143093366" lon="73.6832785048"><ele>2.06</ele><time>2025-04-24T04:44:21Z</time><extensions><gpxtpx:TrackPointExtension><gpxtpx:cad>0</gpxtpx:cad></gpxtpx:TrackPointExtension></extensions></trkpt><trkpt lat="15.7144550979" lon="73.6833938397"><ele>2.54</ele><time>2025-04-24T04:44:26Z</time><extensions><gpxtpx:TrackPointExtension><gpxtpx:cad>0</gpxtpx:cad></gpxtpx:TrackPointExtension></extensions></trkpt><trkpt lat="15.7145624701" lon="73.6835315544"><ele>2.54</ele><time>2025-04-24T04:44:31Z</time><extensions><gpxtpx:TrackPointExtension><gpxtpx:cad>0</gpxtpx:cad></gpxtpx:TrackPointExtension></extensions></trkpt><trkpt lat="15.7146079838" lon="73.6836789083"><ele>2.54</ele><time>2025-04-24T04:44:36Z</time><extensions><gpxtpx:TrackPointExtension><gpxtpx:cad>0</gpxtpx:cad></gpxtpx:TrackPointExtension></extensions></trkpt><trkpt lat="15.7145912200" lon="73.6838396732"><ele>2.54</ele><time>2025-04-24T04:44:41Z</time><extensions><gpxtpx:TrackPointExtension><gpxtpx:cad>0</gpxtpx:cad></gpxtpx:TrackPointExtension></extensions></trkpt><trkpt lat="15.7145268470" lon="73.6840050481"><ele>2.54</ele><time>2025-04-24T04:44:46Z</time><extensions><gpxtpx:TrackPointExtension><gpxtpx:cad>0</gpxtpx:cad></gpxtpx:TrackPointExtension></extensions></trkpt><trkpt lat="15.7144494820" lon="73.6841604486"><ele>2.54</ele><time>2025-04-24T04:44:51Z</time><extensions><gpxtpx:TrackPointExtension><gpxtpx:cad>0</gpxtpx:cad></gpxtpx:TrackPointExtension></extensions></trkpt><trkpt lat="15.7143581193" lon="73.6843071319"><ele>2.54</ele><time>2025-04-24T04:44:56Z</time><extensions><gpxtpx:TrackPointExtension><gpxtpx:cad>0</gpxtpx:cad></gpxtpx:TrackPointExtension></extensions></trkpt><trkpt lat="15.7142464723" lon="73.6844363809"><ele>2.54</ele><time>2025-04-24T04:45:01Z</time><extensions><gpxtpx:TrackPointExtension><gpxtpx:cad>0</gpxtpx:cad></gpxtpx:TrackPointExtension></extensions></trkpt><trkpt lat="15.7141170558" lon="73.6845389754"><ele>2.54</ele><time>2025-04-24T04:45:06Z</time><extensions><gpxtpx:TrackPointExtension><gpxtpx:cad>0</gpxtpx:cad></gpxtpx:TrackPointExtension></extensions></trkpt><trkpt lat="15.7139882259" lon="73.6846423242"><ele>2.54</ele><time>2025-04-24T04:45:11Z</time><extensions><gpxtpx:TrackPointExtension><gpxtpx:cad>0</gpxtpx:cad></gpxtpx:TrackPointExtension></extensions></trkpt><trkpt lat="15.7138334122" lon="73.6847362015"><ele>2.54</ele><time>2025-04-24T04:45:16Z</time><extensions><gpxtpx:TrackPointExtension><gpxtpx:cad>0</gpxtpx:cad></gpxtpx:TrackPointExtension></extensions></trkpt><trkpt lat="15.7136882376" lon="73.6848130636"><ele>2.54</ele><time>2025-04-24T04:45:21Z</time><extensions><gpxtpx:TrackPointExtension><gpxtpx:cad>0</gpxtpx:cad></gpxtpx:TrackPointExtension></extensions></trkpt><trkpt lat="15.7135497686" lon="73.6849099584"><ele>2.54</ele><time>2025-04-24T04:45:26Z</time><extensions><gpxtpx:TrackPointExtension><gpxtpx:cad>0</gpxtpx:cad></gpxtpx:TrackPointExtension></extensions></trkpt><trkpt lat="15.7133938652" lon="73.6849887483"><ele>2.54</ele><time>2025-04-24T04:45:31Z</time><extensions><gpxtpx:TrackPointExtension><gpxtpx:cad>0</gpxtpx:cad></gpxtpx:TrackPointExtension></extensions></trkpt><trkpt lat="15.7132503670" lon="73.6850817874"><ele>2.54</ele><time>2025-04-24T04:45:36Z</time><extensions><gpxtpx:TrackPointExtension><gpxtpx:cad>0</gpxtpx:cad></gpxtpx:TrackPointExtension></extensions></trkpt><trkpt lat="15.7131314278" lon="73.6851816997"><ele>2.54</ele><time>2025-04-24T04:45:41Z</time><extensions><gpxtpx:TrackPointExtension><gpxtpx:cad>0</gpxtpx:cad></gpxtpx:TrackPointExtension></extensions></trkpt><trkpt lat="15.7130153384" lon="73.6852713861"><ele>3.02</ele><time>2025-04-24T04:45:46Z</time><extensions><gpxtpx:TrackPointExtension><gpxtpx:cad>0</gpxtpx:cad></gpxtpx:TrackPointExtension></extensions></trkpt><trkpt lat="15.7128992490" lon="73.6853475776"><ele>2.54</ele><time>2025-04-24T04:45:51Z</time><extensions><gpxtpx:TrackPointExtension><gpxtpx:cad>0</gpxtpx:cad></gpxtpx:TrackPointExtension></extensions></trkpt><trkpt lat="15.7127772924" lon="73.6854267027"><ele>2.54</ele><time>2025-04-24T04:45:56Z</time><extensions><gpxtpx:TrackPointExtension><gpxtpx:cad>0</gpxtpx:cad></gpxtpx:TrackPointExtension></extensions></trkpt><trkpt lat="15.7126464508" lon="73.6855089292"><ele>2.06</ele><time>2025-04-24T04:46:01Z</time><extensions><gpxtpx:TrackPointExtension><gpxtpx:cad>0</gpxtpx:cad></gpxtpx:TrackPointExtension></extensions></trkpt><trkpt lat="15.7125100773" lon="73.6855877191"><ele>1.58</ele><time>2025-04-24T04:46:06Z</time><extensions><gpxtpx:TrackPointExtension><gpxtpx:cad>0</gpxtpx:cad></gpxtpx:TrackPointExtension></extensions></trkpt><trkpt lat="15.7123877015" lon="73.6856857873"><ele>2.06</ele><time>2025-04-24T04:46:11Z</time><extensions><gpxtpx:TrackPointExtension><gpxtpx:cad>0</gpxtpx:cad></gpxtpx:TrackPointExtension></extensions></trkpt><trkpt lat="15.7122304570" lon="73.6857806705"><ele>1.58</ele><time>2025-04-24T04:46:16Z</time><extensions><gpxtpx:TrackPointExtension><gpxtpx:cad>0</gpxtpx:cad></gpxtpx:TrackPointExtension></extensions></trkpt><trkpt lat="15.7120710332" lon="73.6858530901"><ele>2.06</ele><time>2025-04-24T04:46:21Z</time><extensions><gpxtpx:TrackPointExtension><gpxtpx:cad>0</gpxtpx:cad></gpxtpx:TrackPointExtension></extensions></trkpt><trkpt lat="15.7119230926" lon="73.6859512422"><ele>2.54</ele><time>2025-04-24T04:46:26Z</time><extensions><gpxtpx:TrackPointExtension><gpxtpx:cad>0</gpxtpx:cad></gpxtpx:TrackPointExtension></extensions></trkpt><trkpt lat="15.7117803488" lon="73.6860466283"><ele>2.54</ele><time>2025-04-24T04:46:31Z</time><extensions><gpxtpx:TrackPointExtension><gpxtpx:cad>0</gpxtpx:cad></gpxtpx:TrackPointExtension></extensions></trkpt><trkpt lat="15.7116176561" lon="73.6861404218"><ele>2.54</ele><time>2025-04-24T04:46:36Z</time><extensions><gpxtpx:TrackPointExtension><gpxtpx:cad>0</gpxtpx:cad></gpxtpx:TrackPointExtension></extensions></trkpt><trkpt lat="15.7114711404" lon="73.6862373166"><ele>2.54</ele><time>2025-04-24T04:46:41Z</time><extensions><gpxtpx:TrackPointExtension><gpxtpx:cad>0</gpxtpx:cad></gpxtpx:TrackPointExtension></extensions></trkpt><trkpt lat="15.7113124710" lon="73.6863042880"><ele>2.06</ele><time>2025-04-24T04:46:46Z</time><extensions><gpxtpx:TrackPointExtension><gpxtpx:cad>0</gpxtpx:cad></gpxtpx:TrackPointExtension></extensions></trkpt><trkpt lat="15.7111408096" lon="73.6863579322"><ele>2.06</ele><time>2025-04-24T04:46:51Z</time><extensions><gpxtpx:TrackPointExtension><gpxtpx:cad>0</gpxtpx:cad></gpxtpx:TrackPointExtension></extensions></trkpt><trkpt lat="15.7109807152" lon="73.6864306033"><ele>3.02</ele><time>2025-04-24T04:46:56Z</time><extensions><gpxtpx:TrackPointExtension><gpxtpx:cad>0</gpxtpx:cad></gpxtpx:TrackPointExtension></extensions></trkpt><trkpt lat="15.7107984927" lon="73.6865009274"><ele>2.54</ele><time>2025-04-24T04:47:01Z</time><extensions><gpxtpx:TrackPointExtension><gpxtpx:cad>0</gpxtpx:cad></gpxtpx:TrackPointExtension></extensions></trkpt><trkpt lat="15.7106361352" lon="73.6865620315"><ele>2.54</ele><time>2025-04-24T04:47:06Z</time><extensions><gpxtpx:TrackPointExtension><gpxtpx:cad>0</gpxtpx:cad></gpxtpx:TrackPointExtension></extensions></trkpt><trkpt lat="15.7104764599" lon="73.6866252311"><ele>2.06</ele><time>2025-04-24T04:47:11Z</time><extensions><gpxtpx:TrackPointExtension><gpxtpx:cad>0</gpxtpx:cad></gpxtpx:TrackPointExtension></extensions></trkpt><trkpt lat="15.7103033736" lon="73.6866723374"><ele>2.06</ele><time>2025-04-24T04:47:16Z</time><extensions><gpxtpx:TrackPointExtension><gpxtpx:cad>0</gpxtpx:cad></gpxtpx:TrackPointExtension></extensions></trkpt><trkpt lat="15.7101405133" lon="73.6867356207"><ele>2.54</ele><time>2025-04-24T04:47:21Z</time><extensions><gpxtpx:TrackPointExtension><gpxtpx:cad>0</gpxtpx:cad></gpxtpx:TrackPointExtension></extensions></trkpt><trkpt lat="15.7099801674" lon="73.6867966410"><ele>2.06</ele><time>2025-04-24T04:47:26Z</time><extensions><gpxtpx:TrackPointExtension><gpxtpx:cad>0</gpxtpx:cad></gpxtpx:TrackPointExtension></extensions></trkpt><trkpt lat="15.7098131999" lon="73.6868598405"><ele>2.54</ele><time>2025-04-24T04:47:31Z</time><extensions><gpxtpx:TrackPointExtension><gpxtpx:cad>0</gpxtpx:cad></gpxtpx:TrackPointExtension></extensions></trkpt><trkpt lat="15.7096566260" lon="73.6869349424"><ele>3.02</ele><time>2025-04-24T04:47:36Z</time><extensions><gpxtpx:TrackPointExtension><gpxtpx:cad>0</gpxtpx:cad></gpxtpx:TrackPointExtension></extensions></trkpt><trkpt lat="15.7094935142" lon="73.6870101281"><ele>3.02</ele><time>2025-04-24T04:47:41Z</time><extensions><gpxtpx:TrackPointExtension><gpxtpx:cad>0</gpxtpx:cad></gpxtpx:TrackPointExtension></extensions></trkpt><trkpt lat="15.7093220204" lon="73.6870708968"><ele>3.02</ele><time>2025-04-24T04:47:46Z</time><extensions><gpxtpx:TrackPointExtension><gpxtpx:cad>0</gpxtpx:cad></gpxtpx:TrackPointExtension></extensions></trkpt><trkpt lat="15.7091494370" lon="73.6871319171"><ele>3.50</ele><time>2025-04-24T04:47:51Z</time><extensions><gpxtpx:TrackPointExtension><gpxtpx:cad>0</gpxtpx:cad></gpxtpx:TrackPointExtension></extensions></trkpt><trkpt lat="15.7089759316" lon="73.6871853936"><ele>3.50</ele><time>2025-04-24T04:47:56Z</time><extensions><gpxtpx:TrackPointExtension><gpxtpx:cad>0</gpxtpx:cad></gpxtpx:TrackPointExtension></extensions></trkpt><trkpt lat="15.7088101376" lon="73.6872424744"><ele>3.50</ele><time>2025-04-24T04:48:01Z</time><extensions><gpxtpx:TrackPointExtension><gpxtpx:cad>0</gpxtpx:cad></gpxtpx:TrackPointExtension></extensions></trkpt><trkpt lat="15.7086427510" lon="73.6872957833"><ele>3.98</ele><time>2025-04-24T04:48:06Z</time><extensions><gpxtpx:TrackPointExtension><gpxtpx:cad>0</gpxtpx:cad></gpxtpx:TrackPointExtension></extensions></trkpt><trkpt lat="15.7084622886" lon="73.6873525288"><ele>3.98</ele><time>2025-04-24T04:48:11Z</time><extensions><gpxtpx:TrackPointExtension><gpxtpx:cad>0</gpxtpx:cad></gpxtpx:TrackPointExtension></extensions></trkpt><trkpt lat="15.7082937285" lon="73.6874155607"><ele>3.50</ele><time>2025-04-24T04:48:16Z</time><extensions><gpxtpx:TrackPointExtension><gpxtpx:cad>0</gpxtpx:cad></gpxtpx:TrackPointExtension></extensions></trkpt><trkpt lat="15.7081351429" lon="73.6874987930"><ele>3.50</ele><time>2025-04-24T04:48:21Z</time><extensions><gpxtpx:TrackPointExtension><gpxtpx:cad>0</gpxtpx:cad></gpxtpx:TrackPointExtension></extensions></trkpt><trkpt lat="15.7079914771" lon="73.6875930894"><ele>3.02</ele><time>2025-04-24T04:48:26Z</time><extensions><gpxtpx:TrackPointExtension><gpxtpx:cad>0</gpxtpx:cad></gpxtpx:TrackPointExtension></extensions></trkpt><trkpt lat="15.7078405190" lon="73.6877176445"><ele>2.54</ele><time>2025-04-24T04:48:31Z</time><extensions><gpxtpx:TrackPointExtension><gpxtpx:cad>0</gpxtpx:cad></gpxtpx:TrackPointExtension></extensions></trkpt><trkpt lat="15.7077020500" lon="73.6878400203"><ele>3.02</ele><time>2025-04-24T04:48:36Z</time><extensions><gpxtpx:TrackPointExtension><gpxtpx:cad>0</gpxtpx:cad></gpxtpx:TrackPointExtension></extensions></trkpt><trkpt lat="15.7075600605" lon="73.6879515834"><ele>2.54</ele><time>2025-04-24T04:48:41Z</time><extensions><gpxtpx:TrackPointExtension><gpxtpx:cad>0</gpxtpx:cad></gpxtpx:TrackPointExtension></extensions></trkpt><trkpt lat="15.7074088510" lon="73.6880651582"><ele>3.02</ele><time>2025-04-24T04:48:46Z</time><extensions><gpxtpx:TrackPointExtension><gpxtpx:cad>0</gpxtpx:cad></gpxtpx:TrackPointExtension></extensions></trkpt><trkpt lat="15.7072670292" lon="73.6881719436"><ele>3.02</ele><time>2025-04-24T04:48:51Z</time><extensions><gpxtpx:TrackPointExtension><gpxtpx:cad>0</gpxtpx:cad></gpxtpx:TrackPointExtension></extensions></trkpt><trkpt lat="15.7071281411" lon="73.6882809084"><ele>3.02</ele><time>2025-04-24T04:48:56Z</time><extensions><gpxtpx:TrackPointExtension><gpxtpx:cad>0</gpxtpx:cad></gpxtpx:TrackPointExtension></extensions></trkpt><trkpt lat="15.7069817930" lon="73.6883784737"><ele>2.54</ele><time>2025-04-24T04:49:01Z</time><extensions><gpxtpx:TrackPointExtension><gpxtpx:cad>0</gpxtpx:cad></gpxtpx:TrackPointExtension></extensions></trkpt><trkpt lat="15.7068372052" lon="73.6884887796"><ele>2.54</ele><time>2025-04-24T04:49:06Z</time><extensions><gpxtpx:TrackPointExtension><gpxtpx:cad>0</gpxtpx:cad></gpxtpx:TrackPointExtension></extensions></trkpt><trkpt lat="15.7066778652" lon="73.6885834113"><ele>2.54</ele><time>2025-04-24T04:49:11Z</time><extensions><gpxtpx:TrackPointExtension><gpxtpx:cad>0</gpxtpx:cad></gpxtpx:TrackPointExtension></extensions></trkpt><trkpt lat="15.7065113168" lon="73.6886606086"><ele>2.54</ele><time>2025-04-24T04:49:16Z</time><extensions><gpxtpx:TrackPointExtension><gpxtpx:cad>0</gpxtpx:cad></gpxtpx:TrackPointExtension></extensions></trkpt><trkpt lat="15.7063445169" lon="73.6887537315"><ele>3.02</ele><time>2025-04-24T04:49:21Z</time><extensions><gpxtpx:TrackPointExtension><gpxtpx:cad>0</gpxtpx:cad></gpxtpx:TrackPointExtension></extensions></trkpt><trkpt lat="15.7061814051" lon="73.6888555717"><ele>3.02</ele><time>2025-04-24T04:49:26Z</time><extensions><gpxtpx:TrackPointExtension><gpxtpx:cad>0</gpxtpx:cad></gpxtpx:TrackPointExtension></extensions></trkpt><trkpt lat="15.7060243282" lon="73.6889518797"><ele>2.54</ele><time>2025-04-24T04:49:31Z</time><extensions><gpxtpx:TrackPointExtension><gpxtpx:cad>0</gpxtpx:cad></gpxtpx:TrackPointExtension></extensions></trkpt><trkpt lat="15.7058662456" lon="73.6890586652"><ele>2.54</ele><time>2025-04-24T04:49:36Z</time><extensions><gpxtpx:TrackPointExtension><gpxtpx:cad>0</gpxtpx:cad></gpxtpx:TrackPointExtension></extensions></trkpt><trkpt lat="15.7057158742" lon="73.6891516205"><ele>2.54</ele><time>2025-04-24T04:49:41Z</time><extensions><gpxtpx:TrackPointExtension><gpxtpx:cad>0</gpxtpx:cad></gpxtpx:TrackPointExtension></extensions></trkpt><trkpt lat="15.7055636588" lon="73.6892560590"><ele>2.54</ele><time>2025-04-24T04:49:46Z</time><extensions><gpxtpx:TrackPointExtension><gpxtpx:cad>0</gpxtpx:cad></gpxtpx:TrackPointExtension></extensions></trkpt><trkpt lat="15.7054013014" lon="73.6893367767"><ele>2.54</ele><time>2025-04-24T04:49:51Z</time><extensions><gpxtpx:TrackPointExtension><gpxtpx:cad>0</gpxtpx:cad></gpxtpx:TrackPointExtension></extensions></trkpt><trkpt lat="15.7052479126" lon="73.6894578952"><ele>3.02</ele><time>2025-04-24T04:49:56Z</time><extensions><gpxtpx:TrackPointExtension><gpxtpx:cad>0</gpxtpx:cad></gpxtpx:TrackPointExtension></extensions></trkpt><trkpt lat="15.7051100302" lon="73.6895951908"><ele>3.02</ele><time>2025-04-24T04:50:01Z</time><extensions><gpxtpx:TrackPointExtension><gpxtpx:cad>0</gpxtpx:cad></gpxtpx:TrackPointExtension></extensions></trkpt><trkpt lat="15.7049778476" lon="73.6897456460"><ele>3.02</ele><time>2025-04-24T04:50:06Z</time><extensions><gpxtpx:TrackPointExtension><gpxtpx:cad>0</gpxtpx:cad></gpxtpx:TrackPointExtension></extensions></trkpt><trkpt lat="15.7048487663" lon="73.6899065785"><ele>3.02</ele><time>2025-04-24T04:50:11Z</time><extensions><gpxtpx:TrackPointExtension><gpxtpx:cad>0</gpxtpx:cad></gpxtpx:TrackPointExtension></extensions></trkpt><trkpt lat="15.7047235407" lon="73.6900411081"><ele>2.54</ele><time>2025-04-24T04:50:16Z</time><extensions><gpxtpx:TrackPointExtension><gpxtpx:cad>0</gpxtpx:cad></gpxtpx:TrackPointExtension></extensions></trkpt><trkpt lat="15.7045906037" lon="73.6901854444"><ele>3.02</ele><time>2025-04-24T04:50:21Z</time><extensions><gpxtpx:TrackPointExtension><gpxtpx:cad>0</gpxtpx:cad></gpxtpx:TrackPointExtension></extensions></trkpt><trkpt lat="15.7044582535" lon="73.6903010309"><ele>3.02</ele><time>2025-04-24T04:50:26Z</time><extensions><gpxtpx:TrackPointExtension><gpxtpx:cad>0</gpxtpx:cad></gpxtpx:TrackPointExtension></extensions></trkpt><trkpt lat="15.7043068763" lon="73.6904122587"><ele>3.02</ele><time>2025-04-24T04:50:31Z</time><extensions><gpxtpx:TrackPointExtension><gpxtpx:cad>0</gpxtpx:cad></gpxtpx:TrackPointExtension></extensions></trkpt><trkpt lat="15.7041425072" lon="73.6905150209"><ele>3.02</ele><time>2025-04-24T04:50:36Z</time><extensions><gpxtpx:TrackPointExtension><gpxtpx:cad>0</gpxtpx:cad></gpxtpx:TrackPointExtension></extensions></trkpt><trkpt lat="15.7039829157" lon="73.6905886140"><ele>3.02</ele><time>2025-04-24T04:50:41Z</time><extensions><gpxtpx:TrackPointExtension><gpxtpx:cad>0</gpxtpx:cad></gpxtpx:TrackPointExtension></extensions></trkpt><trkpt lat="15.7038056385" lon="73.6906489637"><ele>3.02</ele><time>2025-04-24T04:50:46Z</time><extensions><gpxtpx:TrackPointExtension><gpxtpx:cad>0</gpxtpx:cad></gpxtpx:TrackPointExtension></extensions></trkpt><trkpt lat="15.7036446221" lon="73.6907487921"><ele>3.50</ele><time>2025-04-24T04:50:51Z</time><extensions><gpxtpx:TrackPointExtension><gpxtpx:cad>0</gpxtpx:cad></gpxtpx:TrackPointExtension></extensions></trkpt><trkpt lat="15.7034871262" lon="73.6908430886"><ele>3.50</ele><time>2025-04-24T04:50:56Z</time><extensions><gpxtpx:TrackPointExtension><gpxtpx:cad>0</gpxtpx:cad></gpxtpx:TrackPointExtension></extensions></trkpt><trkpt lat="15.7033221703" lon="73.6909339484"><ele>3.50</ele><time>2025-04-24T04:51:01Z</time><extensions><gpxtpx:TrackPointExtension><gpxtpx:cad>0</gpxtpx:cad></gpxtpx:TrackPointExtension></extensions></trkpt><trkpt lat="15.7031660154" lon="73.6910170130"><ele>3.50</ele><time>2025-04-24T04:51:06Z</time><extensions><gpxtpx:TrackPointExtension><gpxtpx:cad>0</gpxtpx:cad></gpxtpx:TrackPointExtension></extensions></trkpt><trkpt lat="15.7030018978" lon="73.6911022570"><ele>3.98</ele><time>2025-04-24T04:51:11Z</time><extensions><gpxtpx:TrackPointExtension><gpxtpx:cad>0</gpxtpx:cad></gpxtpx:TrackPointExtension></extensions></trkpt><trkpt lat="15.7028234471" lon="73.6911654565"><ele>3.98</ele><time>2025-04-24T04:51:16Z</time><extensions><gpxtpx:TrackPointExtension><gpxtpx:cad>0</gpxtpx:cad></gpxtpx:TrackPointExtension></extensions></trkpt><trkpt lat="15.7026618440" lon="73.6912230402"><ele>3.98</ele><time>2025-04-24T04:51:21Z</time><extensions><gpxtpx:TrackPointExtension><gpxtpx:cad>0</gpxtpx:cad></gpxtpx:TrackPointExtension></extensions></trkpt><trkpt lat="15.7024896797" lon="73.6912557296"><ele>3.50</ele><time>2025-04-24T04:51:26Z</time><extensions><gpxtpx:TrackPointExtension><gpxtpx:cad>0</gpxtpx:cad></gpxtpx:TrackPointExtension></extensions></trkpt><trkpt lat="15.7023158390" lon="73.6912530474"><ele>3.50</ele><time>2025-04-24T04:51:31Z</time><extensions><gpxtpx:TrackPointExtension><gpxtpx:cad>0</gpxtpx:cad></gpxtpx:TrackPointExtension></extensions></trkpt><trkpt lat="15.7021405734" lon="73.6912170891"><ele>3.50</ele><time>2025-04-24T04:51:36Z</time><extensions><gpxtpx:TrackPointExtension><gpxtpx:cad>0</gpxtpx:cad></gpxtpx:TrackPointExtension></extensions></trkpt><trkpt lat="15.7019619551" lon="73.6911735032"><ele>3.02</ele><time>2025-04-24T04:51:41Z</time><extensions><gpxtpx:TrackPointExtension><gpxtpx:cad>0</gpxtpx:cad></gpxtpx:TrackPointExtension></extensions></trkpt><trkpt lat="15.7017860189" lon="73.6911216192"><ele>2.54</ele><time>2025-04-24T04:51:46Z</time><extensions><gpxtpx:TrackPointExtension><gpxtpx:cad>0</gpxtpx:cad></gpxtpx:TrackPointExtension></extensions></trkpt><trkpt lat="15.7016179617" lon="73.6910575815"><ele>2.54</ele><time>2025-04-24T04:51:51Z</time><extensions><gpxtpx:TrackPointExtension><gpxtpx:cad>0</gpxtpx:cad></gpxtpx:TrackPointExtension></extensions></trkpt><trkpt lat="15.7014498208" lon="73.6909875087"><ele>3.02</ele><time>2025-04-24T04:51:56Z</time><extensions><gpxtpx:TrackPointExtension><gpxtpx:cad>0</gpxtpx:cad></gpxtpx:TrackPointExtension></extensions></trkpt><trkpt lat="15.7012806740" lon="73.6909187771"><ele>3.02</ele><time>2025-04-24T04:52:01Z</time><extensions><gpxtpx:TrackPointExtension><gpxtpx:cad>0</gpxtpx:cad></gpxtpx:TrackPointExtension></extensions></trkpt><trkpt lat="15.7011091802" lon="73.6908571701"><ele>2.54</ele><time>2025-04-24T04:52:06Z</time><extensions><gpxtpx:TrackPointExtension><gpxtpx:cad>0</gpxtpx:cad></gpxtpx:TrackPointExtension></extensions></trkpt><trkpt lat="15.7010015566" lon="73.6903162859"><ele>273.15</ele><time>2025-04-24T04:52:10Z</time><extensions><gpxtpx:TrackPointExtension><gpxtpx:cad>0</gpxtpx:cad></gpxtpx:TrackPointExtension></extensions></trkpt><trkpt lat="15.7005460840" lon="73.6906979140"><ele>23.69</ele><time>2025-04-24T04:52:21Z</time><extensions><gpxtpx:TrackPointExtension><gpxtpx:cad>0</gpxtpx:cad></gpxtpx:TrackPointExtension></extensions></trkpt><trkpt lat="15.7003998198" lon="73.6906504724"><ele>13.60</ele><time>2025-04-24T04:52:26Z</time><extensions><gpxtpx:TrackPointExtension><gpxtpx:cad>0</gpxtpx:cad></gpxtpx:TrackPointExtension></extensions></trkpt><trkpt lat="15.7002430782" lon="73.6905959062"><ele>9.75</ele><time>2025-04-24T04:52:31Z</time><extensions><gpxtpx:TrackPointExtension><gpxtpx:cad>0</gpxtpx:cad></gpxtpx:TrackPointExtension></extensions></trkpt><trkpt lat="15.7000829838" lon="73.6905296054"><ele>7.83</ele><time>2025-04-24T04:52:36Z</time><extensions><gpxtpx:TrackPointExtension><gpxtpx:cad>0</gpxtpx:cad></gpxtpx:TrackPointExtension></extensions></trkpt><trkpt lat="15.6999233086" lon="73.6904644780"><ele>6.87</ele><time>2025-04-24T04:52:41Z</time><extensions><gpxtpx:TrackPointExtension><gpxtpx:cad>0</gpxtpx:cad></gpxtpx:TrackPointExtension></extensions></trkpt><trkpt lat="15.6997581013" lon="73.6903943215"><ele>5.91</ele><time>2025-04-24T04:52:46Z</time><extensions><gpxtpx:TrackPointExtension><gpxtpx:cad>0</gpxtpx:cad></gpxtpx:TrackPointExtension></extensions></trkpt><trkpt lat="15.6995990966" lon="73.6903244164"><ele>4.94</ele><time>2025-04-24T04:52:51Z</time><extensions><gpxtpx:TrackPointExtension><gpxtpx:cad>0</gpxtpx:cad></gpxtpx:TrackPointExtension></extensions></trkpt><trkpt lat="15.6994331349" lon="73.6902621388"><ele>4.94</ele><time>2025-04-24T04:52:56Z</time><extensions><gpxtpx:TrackPointExtension><gpxtpx:cad>0</gpxtpx:cad></gpxtpx:TrackPointExtension></extensions></trkpt><trkpt lat="15.6992676761" lon="73.6902066506"><ele>4.94</ele><time>2025-04-24T04:53:01Z</time><extensions><gpxtpx:TrackPointExtension><gpxtpx:cad>0</gpxtpx:cad></gpxtpx:TrackPointExtension></extensions></trkpt><trkpt lat="15.6991120242" lon="73.6901423614"><ele>4.46</ele><time>2025-04-24T04:53:06Z</time><extensions><gpxtpx:TrackPointExtension><gpxtpx:cad>0</gpxtpx:cad></gpxtpx:TrackPointExtension></extensions></trkpt><trkpt lat="15.6989396922" lon="73.6900832690"><ele>4.46</ele><time>2025-04-24T04:53:11Z</time><extensions><gpxtpx:TrackPointExtension><gpxtpx:cad>0</gpxtpx:cad></gpxtpx:TrackPointExtension></extensions></trkpt><trkpt lat="15.6987725571" lon="73.6900275294"><ele>3.98</ele><time>2025-04-24T04:53:16Z</time><extensions><gpxtpx:TrackPointExtension><gpxtpx:cad>0</gpxtpx:cad></gpxtpx:TrackPointExtension></extensions></trkpt><trkpt lat="15.6986064278" lon="73.6899623182"><ele>3.98</ele><time>2025-04-24T04:53:21Z</time><extensions><gpxtpx:TrackPointExtension><gpxtpx:cad>0</gpxtpx:cad></gpxtpx:TrackPointExtension></extensions></trkpt><trkpt lat="15.6984364428" lon="73.6899031419"><ele>3.98</ele><time>2025-04-24T04:53:26Z</time><extensions><gpxtpx:TrackPointExtension><gpxtpx:cad>0</gpxtpx:cad></gpxtpx:TrackPointExtension></extensions></trkpt><trkpt lat="15.6982620154" lon="73.6898521800"><ele>3.98</ele><time>2025-04-24T04:53:31Z</time><extensions><gpxtpx:TrackPointExtension><gpxtpx:cad>0</gpxtpx:cad></gpxtpx:TrackPointExtension></extensions></trkpt><trkpt lat="15.6980891805" lon="73.6898101866"><ele>3.50</ele><time>2025-04-24T04:53:36Z</time><extensions><gpxtpx:TrackPointExtension><gpxtpx:cad>0</gpxtpx:cad></gpxtpx:TrackPointExtension></extensions></trkpt><trkpt lat="15.6979187764" lon="73.6897590570"><ele>3.50</ele><time>2025-04-24T04:53:41Z</time><extensions><gpxtpx:TrackPointExtension><gpxtpx:cad>0</gpxtpx:cad></gpxtpx:TrackPointExtension></extensions></trkpt><trkpt lat="15.6977482885" lon="73.6897134595"><ele>3.98</ele><time>2025-04-24T04:53:46Z</time><extensions><gpxtpx:TrackPointExtension><gpxtpx:cad>0</gpxtpx:cad></gpxtpx:TrackPointExtension></extensions></trkpt><trkpt lat="15.6975890324" lon="73.6896610726"><ele>3.50</ele><time>2025-04-24T04:53:51Z</time><extensions><gpxtpx:TrackPointExtension><gpxtpx:cad>0</gpxtpx:cad></gpxtpx:TrackPointExtension></extensions></trkpt><trkpt lat="15.6974213105" lon="73.6896010581"><ele>3.02</ele><time>2025-04-24T04:53:56Z</time><extensions><gpxtpx:TrackPointExtension><gpxtpx:cad>0</gpxtpx:cad></gpxtpx:TrackPointExtension></extensions></trkpt><trkpt lat="15.6972575281" lon="73.6895578913"><ele>3.02</ele><time>2025-04-24T04:54:01Z</time><extensions><gpxtpx:TrackPointExtension><gpxtpx:cad>0</gpxtpx:cad></gpxtpx:TrackPointExtension></extensions></trkpt><trkpt lat="15.6970836036" lon="73.6895151436"><ele>3.02</ele><time>2025-04-24T04:54:06Z</time><extensions><gpxtpx:TrackPointExtension><gpxtpx:cad>0</gpxtpx:cad></gpxtpx:TrackPointExtension></extensions></trkpt><trkpt lat="15.6969123613" lon="73.6894769222"><ele>3.02</ele><time>2025-04-24T04:54:11Z</time><extensions><gpxtpx:TrackPointExtension><gpxtpx:cad>0</gpxtpx:cad></gpxtpx:TrackPointExtension></extensions></trkpt><trkpt lat="15.6967426278" lon="73.6894401256"><ele>2.54</ele><time>2025-04-24T04:54:16Z</time><extensions><gpxtpx:TrackPointExtension><gpxtpx:cad>0</gpxtpx:cad></gpxtpx:TrackPointExtension></extensions></trkpt><trkpt lat="15.6965754088" lon="73.6893936899"><ele>2.54</ele><time>2025-04-24T04:54:21Z</time><extensions><gpxtpx:TrackPointExtension><gpxtpx:cad>0</gpxtpx:cad></gpxtpx:TrackPointExtension></extensions></trkpt><trkpt lat="15.6964054238" lon="73.6893481761"><ele>2.54</ele><time>2025-04-24T04:54:26Z</time><extensions><gpxtpx:TrackPointExtension><gpxtpx:cad>0</gpxtpx:cad></gpxtpx:TrackPointExtension></extensions></trkpt><trkpt lat="15.6962331757" lon="73.6893109605"><ele>2.54</ele><time>2025-04-24T04:54:31Z</time><extensions><gpxtpx:TrackPointExtension><gpxtpx:cad>0</gpxtpx:cad></gpxtpx:TrackPointExtension></extensions></trkpt><trkpt lat="15.6960622687" lon="73.6892709788"><ele>2.54</ele><time>2025-04-24T04:54:36Z</time><extensions><gpxtpx:TrackPointExtension><gpxtpx:cad>0</gpxtpx:cad></gpxtpx:TrackPointExtension></extensions></trkpt><trkpt lat="15.6958953850" lon="73.6892155744"><ele>2.06</ele><time>2025-04-24T04:54:41Z</time><extensions><gpxtpx:TrackPointExtension><gpxtpx:cad>0</gpxtpx:cad></gpxtpx:TrackPointExtension></extensions></trkpt><trkpt lat="15.6957387272" lon="73.6891475134"><ele>2.54</ele><time>2025-04-24T04:54:46Z</time><extensions><gpxtpx:TrackPointExtension><gpxtpx:cad>0</gpxtpx:cad></gpxtpx:TrackPointExtension></extensions></trkpt><trkpt lat="15.6955849193" lon="73.6890686397"><ele>2.54</ele><time>2025-04-24T04:54:51Z</time><extensions><gpxtpx:TrackPointExtension><gpxtpx:cad>0</gpxtpx:cad></gpxtpx:TrackPointExtension></extensions></trkpt><trkpt lat="15.6954275072" lon="73.6890139058"><ele>2.54</ele><time>2025-04-24T04:54:56Z</time><extensions><gpxtpx:TrackPointExtension><gpxtpx:cad>0</gpxtpx:cad></gpxtpx:TrackPointExtension></extensions></trkpt><trkpt lat="15.6952673290" lon="73.6889455933"><ele>3.02</ele><time>2025-04-24T04:55:01Z</time><extensions><gpxtpx:TrackPointExtension><gpxtpx:cad>0</gpxtpx:cad></gpxtpx:TrackPointExtension></extensions></trkpt><trkpt lat="15.6950996909" lon="73.6888800468"><ele>3.50</ele><time>2025-04-24T04:55:06Z</time><extensions><gpxtpx:TrackPointExtension><gpxtpx:cad>0</gpxtpx:cad></gpxtpx:TrackPointExtension></extensions></trkpt><trkpt lat="15.6949341483" lon="73.6888144165"><ele>3.50</ele><time>2025-04-24T04:55:11Z</time><extensions><gpxtpx:TrackPointExtension><gpxtpx:cad>0</gpxtpx:cad></gpxtpx:TrackPointExtension></extensions></trkpt><trkpt lat="15.6947698630" lon="73.6887484509"><ele>3.98</ele><time>2025-04-24T04:55:16Z</time><extensions><gpxtpx:TrackPointExtension><gpxtpx:cad>0</gpxtpx:cad></gpxtpx:TrackPointExtension></extensions></trkpt><trkpt lat="15.6946045719" lon="73.6886853352"><ele>3.98</ele><time>2025-04-24T04:55:21Z</time><extensions><gpxtpx:TrackPointExtension><gpxtpx:cad>0</gpxtpx:cad></gpxtpx:TrackPointExtension></extensions></trkpt><trkpt lat="15.6944353413" lon="73.6886269134"><ele>3.98</ele><time>2025-04-24T04:55:26Z</time><extensions><gpxtpx:TrackPointExtension><gpxtpx:cad>0</gpxtpx:cad></gpxtpx:TrackPointExtension></extensions></trkpt><trkpt lat="15.6942697149" lon="73.6885800585"><ele>3.02</ele><time>2025-04-24T04:55:31Z</time><extensions><gpxtpx:TrackPointExtension><gpxtpx:cad>0</gpxtpx:cad></gpxtpx:TrackPointExtension></extensions></trkpt><trkpt lat="15.6941000652" lon="73.6885215528"><ele>3.02</ele><time>2025-04-24T04:55:36Z</time><extensions><gpxtpx:TrackPointExtension><gpxtpx:cad>0</gpxtpx:cad></gpxtpx:TrackPointExtension></extensions></trkpt><trkpt lat="15.6939358637" lon="73.6884805653"><ele>2.54</ele><time>2025-04-24T04:55:41Z</time><extensions><gpxtpx:TrackPointExtension><gpxtpx:cad>0</gpxtpx:cad></gpxtpx:TrackPointExtension></extensions></trkpt><trkpt lat="15.6937625259" lon="73.6884317826"><ele>2.06</ele><time>2025-04-24T04:55:46Z</time><extensions><gpxtpx:TrackPointExtension><gpxtpx:cad>0</gpxtpx:cad></gpxtpx:TrackPointExtension></extensions></trkpt><trkpt lat="15.6935922895" lon="73.6883913819"><ele>2.06</ele><time>2025-04-24T04:55:51Z</time><extensions><gpxtpx:TrackPointExtension><gpxtpx:cad>0</gpxtpx:cad></gpxtpx:TrackPointExtension></extensions></trkpt><trkpt lat="15.6934150960" lon="73.6883464549"><ele>2.06</ele><time>2025-04-24T04:55:56Z</time><extensions><gpxtpx:TrackPointExtension><gpxtpx:cad>0</gpxtpx:cad></gpxtpx:TrackPointExtension></extensions></trkpt><trkpt lat="15.6932427641" lon="73.6883032043"><ele>1.58</ele><time>2025-04-24T04:56:01Z</time><extensions><gpxtpx:TrackPointExtension><gpxtpx:cad>0</gpxtpx:cad></gpxtpx:TrackPointExtension></extensions></trkpt><trkpt lat="15.6930742040" lon="73.6882524937"><ele>1.10</ele><time>2025-04-24T04:56:06Z</time><extensions><gpxtpx:TrackPointExtension><gpxtpx:cad>0</gpxtpx:cad></gpxtpx:TrackPointExtension></extensions></trkpt><trkpt lat="15.6929083262" lon="73.6882044654"><ele>1.10</ele><time>2025-04-24T04:56:11Z</time><extensions><gpxtpx:TrackPointExtension><gpxtpx:cad>0</gpxtpx:cad></gpxtpx:TrackPointExtension></extensions></trkpt><trkpt lat="15.6927356590" lon="73.6881729495"><ele>1.58</ele><time>2025-04-24T04:56:16Z</time><extensions><gpxtpx:TrackPointExtension><gpxtpx:cad>0</gpxtpx:cad></gpxtpx:TrackPointExtension></extensions></trkpt><trkpt lat="15.6925598904" lon="73.6881276872"><ele>1.10</ele><time>2025-04-24T04:56:21Z</time><extensions><gpxtpx:TrackPointExtension><gpxtpx:cad>0</gpxtpx:cad></gpxtpx:TrackPointExtension></extensions></trkpt><trkpt lat="15.6923897378" lon="73.6880927347"><ele>1.10</ele><time>2025-04-24T04:56:26Z</time><extensions><gpxtpx:TrackPointExtension><gpxtpx:cad>0</gpxtpx:cad></gpxtpx:TrackPointExtension></extensions></trkpt><trkpt lat="15.6922153104" lon="73.6880533397"><ele>1.58</ele><time>2025-04-24T04:56:31Z</time><extensions><gpxtpx:TrackPointExtension><gpxtpx:cad>0</gpxtpx:cad></gpxtpx:TrackPointExtension></extensions></trkpt><trkpt lat="15.6920454092" lon="73.6879986897"><ele>1.58</ele><time>2025-04-24T04:56:36Z</time><extensions><gpxtpx:TrackPointExtension><gpxtpx:cad>0</gpxtpx:cad></gpxtpx:TrackPointExtension></extensions></trkpt><trkpt lat="15.6918859854" lon="73.6879337300"><ele>1.58</ele><time>2025-04-24T04:56:41Z</time><extensions><gpxtpx:TrackPointExtension><gpxtpx:cad>0</gpxtpx:cad></gpxtpx:TrackPointExtension></extensions></trkpt><trkpt lat="15.6917176768" lon="73.6878698599"><ele>1.58</ele><time>2025-04-24T04:56:46Z</time><extensions><gpxtpx:TrackPointExtension><gpxtpx:cad>0</gpxtpx:cad></gpxtpx:TrackPointExtension></extensions></trkpt><trkpt lat="15.6915518828" lon="73.6878113542"><ele>1.58</ele><time>2025-04-24T04:56:51Z</time><extensions><gpxtpx:TrackPointExtension><gpxtpx:cad>0</gpxtpx:cad></gpxtpx:TrackPointExtension></extensions></trkpt><trkpt lat="15.6913847476" lon="73.6877413653"><ele>1.10</ele><time>2025-04-24T04:56:56Z</time><extensions><gpxtpx:TrackPointExtension><gpxtpx:cad>0</gpxtpx:cad></gpxtpx:TrackPointExtension></extensions></trkpt><trkpt lat="15.6912111584" lon="73.6877002101"><ele>2.06</ele><time>2025-04-24T04:57:01Z</time><extensions><gpxtpx:TrackPointExtension><gpxtpx:cad>0</gpxtpx:cad></gpxtpx:TrackPointExtension></extensions></trkpt><trkpt lat="15.6910336297" lon="73.6876691971"><ele>1.58</ele><time>2025-04-24T04:57:06Z</time><extensions><gpxtpx:TrackPointExtension><gpxtpx:cad>0</gpxtpx:cad></gpxtpx:TrackPointExtension></extensions></trkpt><trkpt lat="15.6908566039" lon="73.6876373459"><ele>1.58</ele><time>2025-04-24T04:57:11Z</time><extensions><gpxtpx:TrackPointExtension><gpxtpx:cad>0</gpxtpx:cad></gpxtpx:TrackPointExtension></extensions></trkpt><trkpt lat="15.6906842720" lon="73.6876138765"><ele>1.58</ele><time>2025-04-24T04:57:16Z</time><extensions><gpxtpx:TrackPointExtension><gpxtpx:cad>0</gpxtpx:cad></gpxtpx:TrackPointExtension></extensions></trkpt><trkpt lat="15.6905082520" lon="73.6875968613"><ele>2.06</ele><time>2025-04-24T04:57:21Z</time><extensions><gpxtpx:TrackPointExtension><gpxtpx:cad>0</gpxtpx:cad></gpxtpx:TrackPointExtension></extensions></trkpt><trkpt lat="15.6903319806" lon="73.6875545327"><ele>2.06</ele><time>2025-04-24T04:57:26Z</time><extensions><gpxtpx:TrackPointExtension><gpxtpx:cad>0</gpxtpx:cad></gpxtpx:TrackPointExtension></extensions></trkpt><trkpt lat="15.6901574694" lon="73.6875181552"><ele>2.54</ele><time>2025-04-24T04:57:31Z</time><extensions><gpxtpx:TrackPointExtension><gpxtpx:cad>0</gpxtpx:cad></gpxtpx:TrackPointExtension></extensions></trkpt><trkpt lat="15.6899807788" lon="73.6874826998"><ele>2.54</ele><time>2025-04-24T04:57:36Z</time><extensions><gpxtpx:TrackPointExtension><gpxtpx:cad>0</gpxtpx:cad></gpxtpx:TrackPointExtension></extensions></trkpt><trkpt lat="15.6898063514" lon="73.6874495074"><ele>2.54</ele><time>2025-04-24T04:57:41Z</time><extensions><gpxtpx:TrackPointExtension><gpxtpx:cad>0</gpxtpx:cad></gpxtpx:TrackPointExtension></extensions></trkpt><trkpt lat="15.6896273140" lon="73.6874143034"><ele>3.02</ele><time>2025-04-24T04:57:46Z</time><extensions><gpxtpx:TrackPointExtension><gpxtpx:cad>0</gpxtpx:cad></gpxtpx:TrackPointExtension></extensions></trkpt><trkpt lat="15.6894564070" lon="73.6873889901"><ele>3.02</ele><time>2025-04-24T04:57:51Z</time><extensions><gpxtpx:TrackPointExtension><gpxtpx:cad>0</gpxtpx:cad></gpxtpx:TrackPointExtension></extensions></trkpt><trkpt lat="15.6892861705" lon="73.6873548757"><ele>3.02</ele><time>2025-04-24T04:57:56Z</time><extensions><gpxtpx:TrackPointExtension><gpxtpx:cad>0</gpxtpx:cad></gpxtpx:TrackPointExtension></extensions></trkpt><trkpt lat="15.6891182810" lon="73.6873072665"><ele>2.54</ele><time>2025-04-24T04:58:01Z</time><extensions><gpxtpx:TrackPointExtension><gpxtpx:cad>0</gpxtpx:cad></gpxtpx:TrackPointExtension></extensions></trkpt><trkpt lat="15.6889461167" lon="73.6872547120"><ele>2.06</ele><time>2025-04-24T04:58:06Z</time><extensions><gpxtpx:TrackPointExtension><gpxtpx:cad>0</gpxtpx:cad></gpxtpx:TrackPointExtension></extensions></trkpt><trkpt lat="15.6887745392" lon="73.6871872377"><ele>2.06</ele><time>2025-04-24T04:58:11Z</time><extensions><gpxtpx:TrackPointExtension><gpxtpx:cad>0</gpxtpx:cad></gpxtpx:TrackPointExtension></extensions></trkpt><trkpt lat="15.6886149477" lon="73.6871114653"><ele>1.10</ele><time>2025-04-24T04:58:16Z</time><extensions><gpxtpx:TrackPointExtension><gpxtpx:cad>0</gpxtpx:cad></gpxtpx:TrackPointExtension></extensions></trkpt><trkpt lat="15.6884546857" lon="73.6870470084"><ele>1.58</ele><time>2025-04-24T04:58:21Z</time><extensions><gpxtpx:TrackPointExtension><gpxtpx:cad>0</gpxtpx:cad></gpxtpx:TrackPointExtension></extensions></trkpt><trkpt lat="15.6882845331" lon="73.6869869940"><ele>2.06</ele><time>2025-04-24T04:58:26Z</time><extensions><gpxtpx:TrackPointExtension><gpxtpx:cad>0</gpxtpx:cad></gpxtpx:TrackPointExtension></extensions></trkpt><trkpt lat="15.6881080102" lon="73.6869444977"><ele>2.06</ele><time>2025-04-24T04:58:31Z</time><extensions><gpxtpx:TrackPointExtension><gpxtpx:cad>0</gpxtpx:cad></gpxtpx:TrackPointExtension></extensions></trkpt><trkpt lat="15.6879327446" lon="73.6869075336"><ele>2.54</ele><time>2025-04-24T04:58:36Z</time><extensions><gpxtpx:TrackPointExtension><gpxtpx:cad>0</gpxtpx:cad></gpxtpx:TrackPointExtension></extensions></trkpt><trkpt lat="15.6877575628" lon="73.6868749280"><ele>3.02</ele><time>2025-04-24T04:58:41Z</time><extensions><gpxtpx:TrackPointExtension><gpxtpx:cad>0</gpxtpx:cad></gpxtpx:TrackPointExtension></extensions></trkpt><trkpt lat="15.6875870749" lon="73.6868454237"><ele>3.02</ele><time>2025-04-24T04:58:46Z</time><extensions><gpxtpx:TrackPointExtension><gpxtpx:cad>0</gpxtpx:cad></gpxtpx:TrackPointExtension></extensions></trkpt><trkpt lat="15.6874156650" lon="73.6868066993"><ele>2.54</ele><time>2025-04-24T04:58:51Z</time><extensions><gpxtpx:TrackPointExtension><gpxtpx:cad>0</gpxtpx:cad></gpxtpx:TrackPointExtension></extensions></trkpt><trkpt lat="15.6872429978" lon="73.6867618561"><ele>3.02</ele><time>2025-04-24T04:58:56Z</time><extensions><gpxtpx:TrackPointExtension><gpxtpx:cad>0</gpxtpx:cad></gpxtpx:TrackPointExtension></extensions></trkpt><trkpt lat="15.6870735995" lon="73.6867169291"><ele>3.02</ele><time>2025-04-24T04:59:01Z</time><extensions><gpxtpx:TrackPointExtension><gpxtpx:cad>0</gpxtpx:cad></gpxtpx:TrackPointExtension></extensions></trkpt><trkpt lat="15.6869042851" lon="73.6866434198"><ele>3.02</ele><time>2025-04-24T04:59:06Z</time><extensions><gpxtpx:TrackPointExtension><gpxtpx:cad>0</gpxtpx:cad></gpxtpx:TrackPointExtension></extensions></trkpt><trkpt lat="15.6867482979" lon="73.6865610257"><ele>3.02</ele><time>2025-04-24T04:59:11Z</time><extensions><gpxtpx:TrackPointExtension><gpxtpx:cad>0</gpxtpx:cad></gpxtpx:TrackPointExtension></extensions></trkpt><trkpt lat="15.6865895446" lon="73.6864711717"><ele>3.50</ele><time>2025-04-24T04:59:16Z</time><extensions><gpxtpx:TrackPointExtension><gpxtpx:cad>0</gpxtpx:cad></gpxtpx:TrackPointExtension></extensions></trkpt><trkpt lat="15.6864306238" lon="73.6863906216"><ele>3.98</ele><time>2025-04-24T04:59:21Z</time><extensions><gpxtpx:TrackPointExtension><gpxtpx:cad>0</gpxtpx:cad></gpxtpx:TrackPointExtension></extensions></trkpt><trkpt lat="15.6862672605" lon="73.6863048747"><ele>3.98</ele><time>2025-04-24T04:59:26Z</time><extensions><gpxtpx:TrackPointExtension><gpxtpx:cad>0</gpxtpx:cad></gpxtpx:TrackPointExtension></extensions></trkpt><trkpt lat="15.6861077528" lon="73.6862301920"><ele>3.98</ele><time>2025-04-24T04:59:31Z</time><extensions><gpxtpx:TrackPointExtension><gpxtpx:cad>0</gpxtpx:cad></gpxtpx:TrackPointExtension></extensions></trkpt><trkpt lat="15.6859469041" lon="73.6861569341"><ele>3.50</ele><time>2025-04-24T04:59:36Z</time><extensions><gpxtpx:TrackPointExtension><gpxtpx:cad>0</gpxtpx:cad></gpxtpx:TrackPointExtension></extensions></trkpt><trkpt lat="15.6857858039" lon="73.6860773060"><ele>3.50</ele><time>2025-04-24T04:59:41Z</time><extensions><gpxtpx:TrackPointExtension><gpxtpx:cad>0</gpxtpx:cad></gpxtpx:TrackPointExtension></extensions></trkpt><trkpt lat="15.6856226083" lon="73.6860077363"><ele>3.02</ele><time>2025-04-24T04:59:46Z</time><extensions><gpxtpx:TrackPointExtension><gpxtpx:cad>0</gpxtpx:cad></gpxtpx:TrackPointExtension></extensions></trkpt><trkpt lat="15.6854493544" lon="73.6859399267"><ele>3.02</ele><time>2025-04-24T04:59:51Z</time><extensions><gpxtpx:TrackPointExtension><gpxtpx:cad>0</gpxtpx:cad></gpxtpx:TrackPointExtension></extensions></trkpt><trkpt lat="15.6852834765" lon="73.6858854443"><ele>2.54</ele><time>2025-04-24T04:59:56Z</time><extensions><gpxtpx:TrackPointExtension><gpxtpx:cad>0</gpxtpx:cad></gpxtpx:TrackPointExtension></extensions></trkpt><trkpt lat="15.6851150841" lon="73.6858239211"><ele>2.54</ele><time>2025-04-24T05:00:01Z</time><extensions><gpxtpx:TrackPointExtension><gpxtpx:cad>0</gpxtpx:cad></gpxtpx:TrackPointExtension></extensions></trkpt><trkpt lat="15.6849476136" lon="73.6857711151"><ele>2.06</ele><time>2025-04-24T05:00:06Z</time><extensions><gpxtpx:TrackPointExtension><gpxtpx:cad>0</gpxtpx:cad></gpxtpx:TrackPointExtension></extensions></trkpt><trkpt lat="15.6847824901" lon="73.6857188959"><ele>2.06</ele><time>2025-04-24T05:00:11Z</time><extensions><gpxtpx:TrackPointExtension><gpxtpx:cad>0</gpxtpx:cad></gpxtpx:TrackPointExtension></extensions></trkpt><trkpt lat="15.6846101582" lon="73.6856788304"><ele>2.06</ele><time>2025-04-24T05:00:16Z</time><extensions><gpxtpx:TrackPointExtension><gpxtpx:cad>0</gpxtpx:cad></gpxtpx:TrackPointExtension></extensions></trkpt><trkpt lat="15.6844332162" lon="73.6856541876"><ele>2.54</ele><time>2025-04-24T05:00:21Z</time><extensions><gpxtpx:TrackPointExtension><gpxtpx:cad>0</gpxtpx:cad></gpxtpx:TrackPointExtension></extensions></trkpt><trkpt lat="15.6842597947" lon="73.6856240965"><ele>3.02</ele><time>2025-04-24T05:00:26Z</time><extensions><gpxtpx:TrackPointExtension><gpxtpx:cad>0</gpxtpx:cad></gpxtpx:TrackPointExtension></extensions></trkpt><trkpt lat="15.6840826850" lon="73.6855821870"><ele>2.54</ele><time>2025-04-24T05:00:31Z</time><extensions><gpxtpx:TrackPointExtension><gpxtpx:cad>0</gpxtpx:cad></gpxtpx:TrackPointExtension></extensions></trkpt><trkpt lat="15.6839083415" lon="73.6855450552"><ele>3.02</ele><time>2025-04-24T05:00:36Z</time><extensions><gpxtpx:TrackPointExtension><gpxtpx:cad>0</gpxtpx:cad></gpxtpx:TrackPointExtension></extensions></trkpt><trkpt lat="15.6837305613" lon="73.6855123658"><ele>2.54</ele><time>2025-04-24T05:00:41Z</time><extensions><gpxtpx:TrackPointExtension><gpxtpx:cad>0</gpxtpx:cad></gpxtpx:TrackPointExtension></extensions></trkpt><trkpt lat="15.6835549604" lon="73.6854903214"><ele>2.54</ele><time>2025-04-24T05:00:46Z</time><extensions><gpxtpx:TrackPointExtension><gpxtpx:cad>0</gpxtpx:cad></gpxtpx:TrackPointExtension></extensions></trkpt><trkpt lat="15.6833795272" lon="73.6854717974"><ele>3.02</ele><time>2025-04-24T05:00:51Z</time><extensions><gpxtpx:TrackPointExtension><gpxtpx:cad>0</gpxtpx:cad></gpxtpx:TrackPointExtension></extensions></trkpt><trkpt lat="15.6832035910" lon="73.6854481604"><ele>3.02</ele><time>2025-04-24T05:00:56Z</time><extensions><gpxtpx:TrackPointExtension><gpxtpx:cad>0</gpxtpx:cad></gpxtpx:TrackPointExtension></extensions></trkpt><trkpt lat="15.6830315106" lon="73.6854324024"><ele>3.02</ele><time>2025-04-24T05:01:01Z</time><extensions><gpxtpx:TrackPointExtension><gpxtpx:cad>0</gpxtpx:cad></gpxtpx:TrackPointExtension></extensions></trkpt><trkpt lat="15.6828505453" lon="73.6854164768"><ele>3.02</ele><time>2025-04-24T05:01:06Z</time><extensions><gpxtpx:TrackPointExtension><gpxtpx:cad>0</gpxtpx:cad></gpxtpx:TrackPointExtension></extensions></trkpt><trkpt lat="15.6826724298" lon="73.6854137946"><ele>3.02</ele><time>2025-04-24T05:01:11Z</time><extensions><gpxtpx:TrackPointExtension><gpxtpx:cad>0</gpxtpx:cad></gpxtpx:TrackPointExtension></extensions></trkpt><trkpt lat="15.6824928895" lon="73.6854000483"><ele>3.02</ele><time>2025-04-24T05:01:16Z</time><extensions><gpxtpx:TrackPointExtension><gpxtpx:cad>0</gpxtpx:cad></gpxtpx:TrackPointExtension></extensions></trkpt><trkpt lat="15.6823211443" lon="73.6853795964"><ele>3.02</ele><time>2025-04-24T05:01:21Z</time><extensions><gpxtpx:TrackPointExtension><gpxtpx:cad>0</gpxtpx:cad></gpxtpx:TrackPointExtension></extensions></trkpt><trkpt lat="15.6821430288" lon="73.6853697896"><ele>3.02</ele><time>2025-04-24T05:01:26Z</time><extensions><gpxtpx:TrackPointExtension><gpxtpx:cad>0</gpxtpx:cad></gpxtpx:TrackPointExtension></extensions></trkpt><trkpt lat="15.6819714513" lon="73.6853640061"><ele>3.02</ele><time>2025-04-24T05:01:31Z</time><extensions><gpxtpx:TrackPointExtension><gpxtpx:cad>0</gpxtpx:cad></gpxtpx:TrackPointExtension></extensions></trkpt><trkpt lat="15.6817942578" lon="73.6853463203"><ele>3.50</ele><time>2025-04-24T05:01:36Z</time><extensions><gpxtpx:TrackPointExtension><gpxtpx:cad>0</gpxtpx:cad></gpxtpx:TrackPointExtension></extensions></trkpt><trkpt lat="15.6816168129" lon="73.6853184085"><ele>3.50</ele><time>2025-04-24T05:01:41Z</time><extensions><gpxtpx:TrackPointExtension><gpxtpx:cad>0</gpxtpx:cad></gpxtpx:TrackPointExtension></extensions></trkpt><trkpt lat="15.6814368535" lon="73.6852779239"><ele>3.50</ele><time>2025-04-24T05:01:46Z</time><extensions><gpxtpx:TrackPointExtension><gpxtpx:cad>0</gpxtpx:cad></gpxtpx:TrackPointExtension></extensions></trkpt><trkpt lat="15.6812625937" lon="73.6852364335"><ele>3.50</ele><time>2025-04-24T05:01:51Z</time><extensions><gpxtpx:TrackPointExtension><gpxtpx:cad>0</gpxtpx:cad></gpxtpx:TrackPointExtension></extensions></trkpt><trkpt lat="15.6810913514" lon="73.6851969548"><ele>3.02</ele><time>2025-04-24T05:01:56Z</time><extensions><gpxtpx:TrackPointExtension><gpxtpx:cad>0</gpxtpx:cad></gpxtpx:TrackPointExtension></extensions></trkpt><trkpt lat="15.6809142418" lon="73.6851654388"><ele>2.54</ele><time>2025-04-24T05:02:01Z</time><extensions><gpxtpx:TrackPointExtension><gpxtpx:cad>0</gpxtpx:cad></gpxtpx:TrackPointExtension></extensions></trkpt><trkpt lat="15.6807393115" lon="73.6851464119"><ele>2.54</ele><time>2025-04-24T05:02:06Z</time><extensions><gpxtpx:TrackPointExtension><gpxtpx:cad>0</gpxtpx:cad></gpxtpx:TrackPointExtension></extensions></trkpt><trkpt lat="15.6805647165" lon="73.6850974616"><ele>2.54</ele><time>2025-04-24T05:02:11Z</time><extensions><gpxtpx:TrackPointExtension><gpxtpx:cad>0</gpxtpx:cad></gpxtpx:TrackPointExtension></extensions></trkpt><trkpt lat="15.6804018561" lon="73.6850304902"><ele>2.54</ele><time>2025-04-24T05:02:16Z</time><extensions><gpxtpx:TrackPointExtension><gpxtpx:cad>0</gpxtpx:cad></gpxtpx:TrackPointExtension></extensions></trkpt><trkpt lat="15.6802441925" lon="73.6849415582"><ele>2.54</ele><time>2025-04-24T05:02:21Z</time><extensions><gpxtpx:TrackPointExtension><gpxtpx:cad>0</gpxtpx:cad></gpxtpx:TrackPointExtension></extensions></trkpt><trkpt lat="15.6800919771" lon="73.6848431546"><ele>2.54</ele><time>2025-04-24T05:02:26Z</time><extensions><gpxtpx:TrackPointExtension><gpxtpx:cad>0</gpxtpx:cad></gpxtpx:TrackPointExtension></extensions></trkpt><trkpt lat="15.6799374148" lon="73.6847457569"><ele>2.54</ele><time>2025-04-24T05:02:31Z</time><extensions><gpxtpx:TrackPointExtension><gpxtpx:cad>0</gpxtpx:cad></gpxtpx:TrackPointExtension></extensions></trkpt><trkpt lat="15.6797736324" lon="73.6846641172"><ele>2.54</ele><time>2025-04-24T05:02:36Z</time><extensions><gpxtpx:TrackPointExtension><gpxtpx:cad>0</gpxtpx:cad></gpxtpx:TrackPointExtension></extensions></trkpt><trkpt lat="15.6796010491" lon="73.6846330203"><ele>3.02</ele><time>2025-04-24T05:02:41Z</time><extensions><gpxtpx:TrackPointExtension><gpxtpx:cad>0</gpxtpx:cad></gpxtpx:TrackPointExtension></extensions></trkpt><trkpt lat="15.6794375181" lon="73.6846766062"><ele>3.50</ele><time>2025-04-24T05:02:46Z</time><extensions><gpxtpx:TrackPointExtension><gpxtpx:cad>0</gpxtpx:cad></gpxtpx:TrackPointExtension></extensions></trkpt><trkpt lat="15.6792955287" lon="73.6847765185"><ele>3.98</ele><time>2025-04-24T05:02:51Z</time><extensions><gpxtpx:TrackPointExtension><gpxtpx:cad>0</gpxtpx:cad></gpxtpx:TrackPointExtension></extensions></trkpt><trkpt lat="15.6791793555" lon="73.6849178374"><ele>4.46</ele><time>2025-04-24T05:02:56Z</time><extensions><gpxtpx:TrackPointExtension><gpxtpx:cad>0</gpxtpx:cad></gpxtpx:TrackPointExtension></extensions></trkpt><trkpt lat="15.6790567283" lon="73.6850474216"><ele>4.46</ele><time>2025-04-24T05:03:01Z</time><extensions><gpxtpx:TrackPointExtension><gpxtpx:cad>0</gpxtpx:cad></gpxtpx:TrackPointExtension></extensions></trkpt><trkpt lat="15.6789465062" lon="73.6851738207"><ele>3.98</ele><time>2025-04-24T05:03:06Z</time><extensions><gpxtpx:TrackPointExtension><gpxtpx:cad>0</gpxtpx:cad></gpxtpx:TrackPointExtension></extensions></trkpt><trkpt lat="15.6788172573" lon="73.6852977052"><ele>3.98</ele><time>2025-04-24T05:03:11Z</time><extensions><gpxtpx:TrackPointExtension><gpxtpx:cad>0</gpxtpx:cad></gpxtpx:TrackPointExtension></extensions></trkpt><trkpt lat="15.6786512118" lon="73.6854491662"><ele>3.50</ele><time>2025-04-24T05:03:16Z</time><extensions><gpxtpx:TrackPointExtension><gpxtpx:cad>0</gpxtpx:cad></gpxtpx:TrackPointExtension></extensions></trkpt><trkpt lat="15.6785130780" lon="73.6855798401"><ele>3.02</ele><time>2025-04-24T05:03:21Z</time><extensions><gpxtpx:TrackPointExtension><gpxtpx:cad>0</gpxtpx:cad></gpxtpx:TrackPointExtension></extensions></trkpt><trkpt lat="15.6783948094" lon="73.6857144535"><ele>3.02</ele><time>2025-04-24T05:03:26Z</time><extensions><gpxtpx:TrackPointExtension><gpxtpx:cad>0</gpxtpx:cad></gpxtpx:TrackPointExtension></extensions></trkpt><trkpt lat="15.6782900356" lon="73.6858491506"><ele>2.54</ele><time>2025-04-24T05:03:31Z</time><extensions><gpxtpx:TrackPointExtension><gpxtpx:cad>0</gpxtpx:cad></gpxtpx:TrackPointExtension></extensions></trkpt><trkpt lat="15.6781598646" lon="73.6859882064"><ele>2.54</ele><time>2025-04-24T05:03:36Z</time><extensions><gpxtpx:TrackPointExtension><gpxtpx:cad>0</gpxtpx:cad></gpxtpx:TrackPointExtension></extensions></trkpt><trkpt lat="15.6780265085" lon="73.6861164495"><ele>2.54</ele><time>2025-04-24T05:03:41Z</time><extensions><gpxtpx:TrackPointExtension><gpxtpx:cad>0</gpxtpx:cad></gpxtpx:TrackPointExtension></extensions></trkpt><trkpt lat="15.6778973434" lon="73.6862368137"><ele>2.54</ele><time>2025-04-24T05:03:46Z</time><extensions><gpxtpx:TrackPointExtension><gpxtpx:cad>0</gpxtpx:cad></gpxtpx:TrackPointExtension></extensions></trkpt><trkpt lat="15.6777744647" lon="73.6863638833"><ele>3.50</ele><time>2025-04-24T05:03:51Z</time><extensions><gpxtpx:TrackPointExtension><gpxtpx:cad>0</gpxtpx:cad></gpxtpx:TrackPointExtension></extensions></trkpt><trkpt lat="15.6776454672" lon="73.6864865106"><ele>3.50</ele><time>2025-04-24T05:03:56Z</time><extensions><gpxtpx:TrackPointExtension><gpxtpx:cad>0</gpxtpx:cad></gpxtpx:TrackPointExtension></extensions></trkpt><trkpt lat="15.6775261089" lon="73.6866159271"><ele>3.98</ele><time>2025-04-24T05:04:01Z</time><extensions><gpxtpx:TrackPointExtension><gpxtpx:cad>0</gpxtpx:cad></gpxtpx:TrackPointExtension></extensions></trkpt><trkpt lat="15.6774049904" lon="73.6867357045"><ele>3.50</ele><time>2025-04-24T05:04:06Z</time><extensions><gpxtpx:TrackPointExtension><gpxtpx:cad>0</gpxtpx:cad></gpxtpx:TrackPointExtension></extensions></trkpt><trkpt lat="15.6772777531" lon="73.6868536379"><ele>3.50</ele><time>2025-04-24T05:04:11Z</time><extensions><gpxtpx:TrackPointExtension><gpxtpx:cad>0</gpxtpx:cad></gpxtpx:TrackPointExtension></extensions></trkpt><trkpt lat="15.6771493424" lon="73.6869746726"><ele>3.50</ele><time>2025-04-24T05:04:16Z</time><extensions><gpxtpx:TrackPointExtension><gpxtpx:cad>0</gpxtpx:cad></gpxtpx:TrackPointExtension></extensions></trkpt><trkpt lat="15.6770161539" lon="73.6870972998"><ele>3.50</ele><time>2025-04-24T05:04:21Z</time><extensions><gpxtpx:TrackPointExtension><gpxtpx:cad>0</gpxtpx:cad></gpxtpx:TrackPointExtension></extensions></trkpt><trkpt lat="15.6768895872" lon="73.6872318294"><ele>3.50</ele><time>2025-04-24T05:04:26Z</time><extensions><gpxtpx:TrackPointExtension><gpxtpx:cad>0</gpxtpx:cad></gpxtpx:TrackPointExtension></extensions></trkpt><trkpt lat="15.6767647807" lon="73.6873557977"><ele>3.50</ele><time>2025-04-24T05:04:31Z</time><extensions><gpxtpx:TrackPointExtension><gpxtpx:cad>0</gpxtpx:cad></gpxtpx:TrackPointExtension></extensions></trkpt><trkpt lat="15.6766353641" lon="73.6874805205"><ele>3.50</ele><time>2025-04-24T05:04:36Z</time><extensions><gpxtpx:TrackPointExtension><gpxtpx:cad>0</gpxtpx:cad></gpxtpx:TrackPointExtension></extensions></trkpt><trkpt lat="15.6764998287" lon="73.6875895690"><ele>3.02</ele><time>2025-04-24T05:04:41Z</time><extensions><gpxtpx:TrackPointExtension><gpxtpx:cad>0</gpxtpx:cad></gpxtpx:TrackPointExtension></extensions></trkpt><trkpt lat="15.6763513014" lon="73.6876846198"><ele>3.50</ele><time>2025-04-24T05:04:46Z</time><extensions><gpxtpx:TrackPointExtension><gpxtpx:cad>0</gpxtpx:cad></gpxtpx:TrackPointExtension></extensions></trkpt><trkpt lat="15.6762039475" lon="73.6877884716"><ele>3.50</ele><time>2025-04-24T05:04:51Z</time><extensions><gpxtpx:TrackPointExtension><gpxtpx:cad>0</gpxtpx:cad></gpxtpx:TrackPointExtension></extensions></trkpt><trkpt lat="15.6760435179" lon="73.6878759786"><ele>3.02</ele><time>2025-04-24T05:04:56Z</time><extensions><gpxtpx:TrackPointExtension><gpxtpx:cad>0</gpxtpx:cad></gpxtpx:TrackPointExtension></extensions></trkpt><trkpt lat="15.6758782268" lon="73.6879634857"><ele>3.02</ele><time>2025-04-24T05:05:01Z</time><extensions><gpxtpx:TrackPointExtension><gpxtpx:cad>0</gpxtpx:cad></gpxtpx:TrackPointExtension></extensions></trkpt><trkpt lat="15.6757277716" lon="73.6880619731"><ele>2.54</ele><time>2025-04-24T05:05:06Z</time><extensions><gpxtpx:TrackPointExtension><gpxtpx:cad>0</gpxtpx:cad></gpxtpx:TrackPointExtension></extensions></trkpt><trkpt lat="15.6755767297" lon="73.6881642323"><ele>2.54</ele><time>2025-04-24T05:05:11Z</time><extensions><gpxtpx:TrackPointExtension><gpxtpx:cad>0</gpxtpx:cad></gpxtpx:TrackPointExtension></extensions></trkpt><trkpt lat="15.6754146237" lon="73.6882605404"><ele>2.54</ele><time>2025-04-24T05:05:16Z</time><extensions><gpxtpx:TrackPointExtension><gpxtpx:cad>0</gpxtpx:cad></gpxtpx:TrackPointExtension></extensions></trkpt><trkpt lat="15.6752702035" lon="73.6883614585"><ele>2.54</ele><time>2025-04-24T05:05:21Z</time><extensions><gpxtpx:TrackPointExtension><gpxtpx:cad>0</gpxtpx:cad></gpxtpx:TrackPointExtension></extensions></trkpt><trkpt lat="15.6751302257" lon="73.6884622928"><ele>2.54</ele><time>2025-04-24T05:05:26Z</time><extensions><gpxtpx:TrackPointExtension><gpxtpx:cad>0</gpxtpx:cad></gpxtpx:TrackPointExtension></extensions></trkpt><trkpt lat="15.6749816984" lon="73.6885552481"><ele>3.02</ele><time>2025-04-24T05:05:31Z</time><extensions><gpxtpx:TrackPointExtension><gpxtpx:cad>0</gpxtpx:cad></gpxtpx:TrackPointExtension></extensions></trkpt><trkpt lat="15.6748450734" lon="73.6886686552"><ele>3.02</ele><time>2025-04-24T05:05:36Z</time><extensions><gpxtpx:TrackPointExtension><gpxtpx:cad>0</gpxtpx:cad></gpxtpx:TrackPointExtension></extensions></trkpt><trkpt lat="15.6746857334" lon="73.6887710821"><ele>3.02</ele><time>2025-04-24T05:05:41Z</time><extensions><gpxtpx:TrackPointExtension><gpxtpx:cad>0</gpxtpx:cad></gpxtpx:TrackPointExtension></extensions></trkpt><trkpt lat="15.6745309196" lon="73.6888594273"><ele>3.02</ele><time>2025-04-24T05:05:46Z</time><extensions><gpxtpx:TrackPointExtension><gpxtpx:cad>0</gpxtpx:cad></gpxtpx:TrackPointExtension></extensions></trkpt><trkpt lat="15.6743970606" lon="73.6889719125"><ele>3.50</ele><time>2025-04-24T05:05:51Z</time><extensions><gpxtpx:TrackPointExtension><gpxtpx:cad>0</gpxtpx:cad></gpxtpx:TrackPointExtension></extensions></trkpt><trkpt lat="15.6742478628" lon="73.6890808772"><ele>3.50</ele><time>2025-04-24T05:05:56Z</time><extensions><gpxtpx:TrackPointExtension><gpxtpx:cad>0</gpxtpx:cad></gpxtpx:TrackPointExtension></extensions></trkpt><trkpt lat="15.6741012633" lon="73.6891788617"><ele>3.50</ele><time>2025-04-24T05:06:01Z</time><extensions><gpxtpx:TrackPointExtension><gpxtpx:cad>0</gpxtpx:cad></gpxtpx:TrackPointExtension></extensions></trkpt><trkpt lat="15.6739638839" lon="73.6892934423"><ele>3.50</ele><time>2025-04-24T05:06:06Z</time><extensions><gpxtpx:TrackPointExtension><gpxtpx:cad>0</gpxtpx:cad></gpxtpx:TrackPointExtension></extensions></trkpt><trkpt lat="15.6738236547" lon="73.6894256249"><ele>3.50</ele><time>2025-04-24T05:06:11Z</time><extensions><gpxtpx:TrackPointExtension><gpxtpx:cad>0</gpxtpx:cad></gpxtpx:TrackPointExtension></extensions></trkpt><trkpt lat="15.6736976746" lon="73.6895335000"><ele>3.02</ele><time>2025-04-24T05:06:16Z</time><extensions><gpxtpx:TrackPointExtension><gpxtpx:cad>0</gpxtpx:cad></gpxtpx:TrackPointExtension></extensions></trkpt><trkpt lat="15.6735727843" lon="73.6896560434"><ele>3.50</ele><time>2025-04-24T05:06:21Z</time><extensions><gpxtpx:TrackPointExtension><gpxtpx:cad>0</gpxtpx:cad></gpxtpx:TrackPointExtension></extensions></trkpt><trkpt lat="15.6734465528" lon="73.6897969432"><ele>3.50</ele><time>2025-04-24T05:06:26Z</time><extensions><gpxtpx:TrackPointExtension><gpxtpx:cad>0</gpxtpx:cad></gpxtpx:TrackPointExtension></extensions></trkpt><trkpt lat="15.6733143702" lon="73.6899266113"><ele>3.50</ele><time>2025-04-24T05:06:31Z</time><extensions><gpxtpx:TrackPointExtension><gpxtpx:cad>0</gpxtpx:cad></gpxtpx:TrackPointExtension></extensions></trkpt><trkpt lat="15.6731748953" lon="73.6900652479"><ele>3.50</ele><time>2025-04-24T05:06:36Z</time><extensions><gpxtpx:TrackPointExtension><gpxtpx:cad>0</gpxtpx:cad></gpxtpx:TrackPointExtension></extensions></trkpt><trkpt lat="15.6730709597" lon="73.6902009510"><ele>3.50</ele><time>2025-04-24T05:06:41Z</time><extensions><gpxtpx:TrackPointExtension><gpxtpx:cad>0</gpxtpx:cad></gpxtpx:TrackPointExtension></extensions></trkpt><trkpt lat="15.6729521044" lon="73.6903460417"><ele>3.50</ele><time>2025-04-24T05:06:46Z</time><extensions><gpxtpx:TrackPointExtension><gpxtpx:cad>0</gpxtpx:cad></gpxtpx:TrackPointExtension></extensions></trkpt><trkpt lat="15.6728226878" lon="73.6904884502"><ele>3.50</ele><time>2025-04-24T05:06:51Z</time><extensions><gpxtpx:TrackPointExtension><gpxtpx:cad>0</gpxtpx:cad></gpxtpx:TrackPointExtension></extensions></trkpt><trkpt lat="15.6727157347" lon="73.6906296853"><ele>3.98</ele><time>2025-04-24T05:06:56Z</time><extensions><gpxtpx:TrackPointExtension><gpxtpx:cad>0</gpxtpx:cad></gpxtpx:TrackPointExtension></extensions></trkpt><trkpt lat="15.6726098713" lon="73.6907709204"><ele>3.50</ele><time>2025-04-24T05:07:01Z</time><extensions><gpxtpx:TrackPointExtension><gpxtpx:cad>0</gpxtpx:cad></gpxtpx:TrackPointExtension></extensions></trkpt><trkpt lat="15.6725081149" lon="73.6909153406"><ele>3.50</ele><time>2025-04-24T05:07:06Z</time><extensions><gpxtpx:TrackPointExtension><gpxtpx:cad>0</gpxtpx:cad></gpxtpx:TrackPointExtension></extensions></trkpt><trkpt lat="15.6724003237" lon="73.6910757702"><ele>3.50</ele><time>2025-04-24T05:07:11Z</time><extensions><gpxtpx:TrackPointExtension><gpxtpx:cad>0</gpxtpx:cad></gpxtpx:TrackPointExtension></extensions></trkpt><trkpt lat="15.6722969748" lon="73.6912343558"><ele>3.98</ele><time>2025-04-24T05:07:16Z</time><extensions><gpxtpx:TrackPointExtension><gpxtpx:cad>0</gpxtpx:cad></gpxtpx:TrackPointExtension></extensions></trkpt><trkpt lat="15.6722045224" lon="73.6913679633"><ele>3.98</ele><time>2025-04-24T05:07:21Z</time><extensions><gpxtpx:TrackPointExtension><gpxtpx:cad>0</gpxtpx:cad></gpxtpx:TrackPointExtension></extensions></trkpt><trkpt lat="15.6721049454" lon="73.6915166583"><ele>3.98</ele><time>2025-04-24T05:07:26Z</time><extensions><gpxtpx:TrackPointExtension><gpxtpx:cad>0</gpxtpx:cad></gpxtpx:TrackPointExtension></extensions></trkpt><trkpt lat="15.6720220484" lon="73.6916749086"><ele>4.46</ele><time>2025-04-24T05:07:31Z</time><extensions><gpxtpx:TrackPointExtension><gpxtpx:cad>0</gpxtpx:cad></gpxtpx:TrackPointExtension></extensions></trkpt><trkpt lat="15.6719306856" lon="73.6918370146"><ele>4.46</ele><time>2025-04-24T05:07:36Z</time><extensions><gpxtpx:TrackPointExtension><gpxtpx:cad>0</gpxtpx:cad></gpxtpx:TrackPointExtension></extensions></trkpt><trkpt lat="15.6718353834" lon="73.6919764057"><ele>4.46</ele><time>2025-04-24T05:07:41Z</time><extensions><gpxtpx:TrackPointExtension><gpxtpx:cad>0</gpxtpx:cad></gpxtpx:TrackPointExtension></extensions></trkpt><trkpt lat="15.6717305258" lon="73.6921491567"><ele>4.46</ele><time>2025-04-24T05:07:46Z</time><extensions><gpxtpx:TrackPointExtension><gpxtpx:cad>0</gpxtpx:cad></gpxtpx:TrackPointExtension></extensions></trkpt><trkpt lat="15.6716180407" lon="73.6923307925"><ele>4.46</ele><time>2025-04-24T05:07:51Z</time><extensions><gpxtpx:TrackPointExtension><gpxtpx:cad>0</gpxtpx:cad></gpxtpx:TrackPointExtension></extensions></trkpt><trkpt lat="15.6715156138" lon="73.6924691778"><ele>4.46</ele><time>2025-04-24T05:07:56Z</time><extensions><gpxtpx:TrackPointExtension><gpxtpx:cad>0</gpxtpx:cad></gpxtpx:TrackPointExtension></extensions></trkpt><trkpt lat="15.6714022066" lon="73.6926135141"><ele>4.46</ele><time>2025-04-24T05:08:01Z</time><extensions><gpxtpx:TrackPointExtension><gpxtpx:cad>0</gpxtpx:cad></gpxtpx:TrackPointExtension></extensions></trkpt><trkpt lat="15.6712769810" lon="73.6927518994"><ele>4.46</ele><time>2025-04-24T05:08:06Z</time><extensions><gpxtpx:TrackPointExtension><gpxtpx:cad>0</gpxtpx:cad></gpxtpx:TrackPointExtension></extensions></trkpt><trkpt lat="15.6711705308" lon="73.6928900331"><ele>4.46</ele><time>2025-04-24T05:08:11Z</time><extensions><gpxtpx:TrackPointExtension><gpxtpx:cad>0</gpxtpx:cad></gpxtpx:TrackPointExtension></extensions></trkpt><trkpt lat="15.6710468139" lon="73.6930146720"><ele>4.46</ele><time>2025-04-24T05:08:16Z</time><extensions><gpxtpx:TrackPointExtension><gpxtpx:cad>0</gpxtpx:cad></gpxtpx:TrackPointExtension></extensions></trkpt><trkpt lat="15.6709008850" lon="73.6931494530"><ele>4.46</ele><time>2025-04-24T05:08:21Z</time><extensions><gpxtpx:TrackPointExtension><gpxtpx:cad>0</gpxtpx:cad></gpxtpx:TrackPointExtension></extensions></trkpt><trkpt lat="15.6707609911" lon="73.6932708230"><ele>4.46</ele><time>2025-04-24T05:08:26Z</time><extensions><gpxtpx:TrackPointExtension><gpxtpx:cad>0</gpxtpx:cad></gpxtpx:TrackPointExtension></extensions></trkpt><trkpt lat="15.6706050877" lon="73.6933775246"><ele>4.46</ele><time>2025-04-24T05:08:31Z</time><extensions><gpxtpx:TrackPointExtension><gpxtpx:cad>0</gpxtpx:cad></gpxtpx:TrackPointExtension></extensions></trkpt><trkpt lat="15.6704584882" lon="73.6934828013"><ele>4.46</ele><time>2025-04-24T05:08:36Z</time><extensions><gpxtpx:TrackPointExtension><gpxtpx:cad>0</gpxtpx:cad></gpxtpx:TrackPointExtension></extensions></trkpt><trkpt lat="15.6703156605" lon="73.6935895029"><ele>4.46</ele><time>2025-04-24T05:08:41Z</time><extensions><gpxtpx:TrackPointExtension><gpxtpx:cad>0</gpxtpx:cad></gpxtpx:TrackPointExtension></extensions></trkpt><trkpt lat="15.6701671332" lon="73.6937048379"><ele>4.46</ele><time>2025-04-24T05:08:46Z</time><extensions><gpxtpx:TrackPointExtension><gpxtpx:cad>0</gpxtpx:cad></gpxtpx:TrackPointExtension></extensions></trkpt><trkpt lat="15.6700330228" lon="73.6938125454"><ele>4.46</ele><time>2025-04-24T05:08:51Z</time><extensions><gpxtpx:TrackPointExtension><gpxtpx:cad>0</gpxtpx:cad></gpxtpx:TrackPointExtension></extensions></trkpt><trkpt lat="15.6698879320" lon="73.6939297244"><ele>4.46</ele><time>2025-04-24T05:08:56Z</time><extensions><gpxtpx:TrackPointExtension><gpxtpx:cad>0</gpxtpx:cad></gpxtpx:TrackPointExtension></extensions></trkpt><trkpt lat="15.6697317772" lon="73.6940324865"><ele>4.46</ele><time>2025-04-24T05:09:01Z</time><extensions><gpxtpx:TrackPointExtension><gpxtpx:cad>0</gpxtpx:cad></gpxtpx:TrackPointExtension></extensions></trkpt><trkpt lat="15.6695925537" lon="73.6941390205"><ele>4.46</ele><time>2025-04-24T05:09:06Z</time><extensions><gpxtpx:TrackPointExtension><gpxtpx:cad>0</gpxtpx:cad></gpxtpx:TrackPointExtension></extensions></trkpt><trkpt lat="15.6694535818" lon="73.6942390166"><ele>3.98</ele><time>2025-04-24T05:09:11Z</time><extensions><gpxtpx:TrackPointExtension><gpxtpx:cad>0</gpxtpx:cad></gpxtpx:TrackPointExtension></extensions></trkpt><trkpt lat="15.6693007797" lon="73.6943533458"><ele>4.46</ele><time>2025-04-24T05:09:16Z</time><extensions><gpxtpx:TrackPointExtension><gpxtpx:cad>0</gpxtpx:cad></gpxtpx:TrackPointExtension></extensions></trkpt><trkpt lat="15.6691749673" lon="73.6944555212"><ele>4.46</ele><time>2025-04-24T05:09:21Z</time><extensions><gpxtpx:TrackPointExtension><gpxtpx:cad>0</gpxtpx:cad></gpxtpx:TrackPointExtension></extensions></trkpt><trkpt lat="15.6690333970" lon="73.6945773941"><ele>4.94</ele><time>2025-04-24T05:09:26Z</time><extensions><gpxtpx:TrackPointExtension><gpxtpx:cad>0</gpxtpx:cad></gpxtpx:TrackPointExtension></extensions></trkpt><trkpt lat="15.6688842829" lon="73.6946952436"><ele>4.94</ele><time>2025-04-24T05:09:31Z</time><extensions><gpxtpx:TrackPointExtension><gpxtpx:cad>0</gpxtpx:cad></gpxtpx:TrackPointExtension></extensions></trkpt><trkpt lat="15.6687446404" lon="73.6947987601"><ele>4.46</ele><time>2025-04-24T05:09:36Z</time><extensions><gpxtpx:TrackPointExtension><gpxtpx:cad>0</gpxtpx:cad></gpxtpx:TrackPointExtension></extensions></trkpt><trkpt lat="15.6685963646" lon="73.6949206330"><ele>4.94</ele><time>2025-04-24T05:09:41Z</time><extensions><gpxtpx:TrackPointExtension><gpxtpx:cad>0</gpxtpx:cad></gpxtpx:TrackPointExtension></extensions></trkpt><trkpt lat="15.6684697140" lon="73.6950386502"><ele>4.94</ele><time>2025-04-24T05:09:46Z</time><extensions><gpxtpx:TrackPointExtension><gpxtpx:cad>0</gpxtpx:cad></gpxtpx:TrackPointExtension></extensions></trkpt><trkpt lat="15.6683408841" lon="73.6951516382"><ele>4.94</ele><time>2025-04-24T05:09:51Z</time><extensions><gpxtpx:TrackPointExtension><gpxtpx:cad>0</gpxtpx:cad></gpxtpx:TrackPointExtension></extensions></trkpt><trkpt lat="15.6682102103" lon="73.6952594295"><ele>4.94</ele><time>2025-04-24T05:09:56Z</time><extensions><gpxtpx:TrackPointExtension><gpxtpx:cad>0</gpxtpx:cad></gpxtpx:TrackPointExtension></extensions></trkpt><trkpt lat="15.6680511218" lon="73.6953750998"><ele>5.42</ele><time>2025-04-24T05:10:01Z</time><extensions><gpxtpx:TrackPointExtension><gpxtpx:cad>0</gpxtpx:cad></gpxtpx:TrackPointExtension></extensions></trkpt><trkpt lat="15.6678890996" lon="73.6954729166"><ele>5.42</ele><time>2025-04-24T05:10:06Z</time><extensions><gpxtpx:TrackPointExtension><gpxtpx:cad>0</gpxtpx:cad></gpxtpx:TrackPointExtension></extensions></trkpt><trkpt lat="15.6677405722" lon="73.6955626868"><ele>5.42</ele><time>2025-04-24T05:10:11Z</time><extensions><gpxtpx:TrackPointExtension><gpxtpx:cad>0</gpxtpx:cad></gpxtpx:TrackPointExtension></extensions></trkpt><trkpt lat="15.6675854232" lon="73.6956695560"><ele>5.42</ele><time>2025-04-24T05:10:16Z</time><extensions><gpxtpx:TrackPointExtension><gpxtpx:cad>0</gpxtpx:cad></gpxtpx:TrackPointExtension></extensions></trkpt><trkpt lat="15.6674480438" lon="73.6957775149"><ele>5.42</ele><time>2025-04-24T05:10:21Z</time><extensions><gpxtpx:TrackPointExtension><gpxtpx:cad>0</gpxtpx:cad></gpxtpx:TrackPointExtension></extensions></trkpt><trkpt lat="15.6673052162" lon="73.6959076021"><ele>5.91</ele><time>2025-04-24T05:10:26Z</time><extensions><gpxtpx:TrackPointExtension><gpxtpx:cad>0</gpxtpx:cad></gpxtpx:TrackPointExtension></extensions></trkpt><trkpt lat="15.6671715248" lon="73.6960254516"><ele>5.42</ele><time>2025-04-24T05:10:31Z</time><extensions><gpxtpx:TrackPointExtension><gpxtpx:cad>0</gpxtpx:cad></gpxtpx:TrackPointExtension></extensions></trkpt><trkpt lat="15.6670323852" lon="73.6961464025"><ele>5.42</ele><time>2025-04-24T05:10:36Z</time><extensions><gpxtpx:TrackPointExtension><gpxtpx:cad>0</gpxtpx:cad></gpxtpx:TrackPointExtension></extensions></trkpt><trkpt lat="15.6669062376" lon="73.6962747294"><ele>5.91</ele><time>2025-04-24T05:10:41Z</time><extensions><gpxtpx:TrackPointExtension><gpxtpx:cad>0</gpxtpx:cad></gpxtpx:TrackPointExtension></extensions></trkpt><trkpt lat="15.6667603087" lon="73.6963977758"><ele>5.42</ele><time>2025-04-24T05:10:46Z</time><extensions><gpxtpx:TrackPointExtension><gpxtpx:cad>0</gpxtpx:cad></gpxtpx:TrackPointExtension></extensions></trkpt><trkpt lat="15.6666019745" lon="73.6965138651"><ele>5.42</ele><time>2025-04-24T05:10:51Z</time><extensions><gpxtpx:TrackPointExtension><gpxtpx:cad>0</gpxtpx:cad></gpxtpx:TrackPointExtension></extensions></trkpt><trkpt lat="15.6664655171" lon="73.6966297030"><ele>5.91</ele><time>2025-04-24T05:10:56Z</time><extensions><gpxtpx:TrackPointExtension><gpxtpx:cad>0</gpxtpx:cad></gpxtpx:TrackPointExtension></extensions></trkpt><trkpt lat="15.6663192529" lon="73.6967587844"><ele>5.42</ele><time>2025-04-24T05:11:01Z</time><extensions><gpxtpx:TrackPointExtension><gpxtpx:cad>0</gpxtpx:cad></gpxtpx:TrackPointExtension></extensions></trkpt><trkpt lat="15.6661895011" lon="73.6968697608"><ele>4.94</ele><time>2025-04-24T05:11:06Z</time><extensions><gpxtpx:TrackPointExtension><gpxtpx:cad>0</gpxtpx:cad></gpxtpx:TrackPointExtension></extensions></trkpt><trkpt lat="15.6660488527" lon="73.6970059667"><ele>5.42</ele><time>2025-04-24T05:11:11Z</time><extensions><gpxtpx:TrackPointExtension><gpxtpx:cad>0</gpxtpx:cad></gpxtpx:TrackPointExtension></extensions></trkpt><trkpt lat="15.6659187656" lon="73.6971451901"><ele>5.42</ele><time>2025-04-24T05:11:16Z</time><extensions><gpxtpx:TrackPointExtension><gpxtpx:cad>0</gpxtpx:cad></gpxtpx:TrackPointExtension></extensions></trkpt><trkpt lat="15.6658047717" lon="73.6972842459"><ele>4.94</ele><time>2025-04-24T05:11:21Z</time><extensions><gpxtpx:TrackPointExtension><gpxtpx:cad>0</gpxtpx:cad></gpxtpx:TrackPointExtension></extensions></trkpt><trkpt lat="15.6657042727" lon="73.6974426638"><ele>4.94</ele><time>2025-04-24T05:11:26Z</time><extensions><gpxtpx:TrackPointExtension><gpxtpx:cad>0</gpxtpx:cad></gpxtpx:TrackPointExtension></extensions></trkpt><trkpt lat="15.6656038575" lon="73.6976195220"><ele>4.94</ele><time>2025-04-24T05:11:31Z</time><extensions><gpxtpx:TrackPointExtension><gpxtpx:cad>0</gpxtpx:cad></gpxtpx:TrackPointExtension></extensions></trkpt><trkpt lat="15.6655039452" lon="73.6977504473"><ele>4.46</ele><time>2025-04-24T05:11:36Z</time><extensions><gpxtpx:TrackPointExtension><gpxtpx:cad>0</gpxtpx:cad></gpxtpx:TrackPointExtension></extensions></trkpt><trkpt lat="15.6653935555" lon="73.6978899222"><ele>4.46</ele><time>2025-04-24T05:11:41Z</time><extensions><gpxtpx:TrackPointExtension><gpxtpx:cad>0</gpxtpx:cad></gpxtpx:TrackPointExtension></extensions></trkpt><trkpt lat="15.6652915478" lon="73.6980307382"><ele>4.94</ele><time>2025-04-24T05:11:46Z</time><extensions><gpxtpx:TrackPointExtension><gpxtpx:cad>0</gpxtpx:cad></gpxtpx:TrackPointExtension></extensions></trkpt><trkpt lat="15.6651651487" lon="73.6981764156"><ele>4.46</ele><time>2025-04-24T05:11:51Z</time><extensions><gpxtpx:TrackPointExtension><gpxtpx:cad>0</gpxtpx:cad></gpxtpx:TrackPointExtension></extensions></trkpt><trkpt lat="15.6650164537" lon="73.6983154714"><ele>4.46</ele><time>2025-04-24T05:11:56Z</time><extensions><gpxtpx:TrackPointExtension><gpxtpx:cad>0</gpxtpx:cad></gpxtpx:TrackPointExtension></extensions></trkpt><trkpt lat="15.6648782361" lon="73.6984364223"><ele>4.46</ele><time>2025-04-24T05:12:01Z</time><extensions><gpxtpx:TrackPointExtension><gpxtpx:cad>0</gpxtpx:cad></gpxtpx:TrackPointExtension></extensions></trkpt><trkpt lat="15.6647384260" lon="73.6985577084"><ele>4.46</ele><time>2025-04-24T05:12:06Z</time><extensions><gpxtpx:TrackPointExtension><gpxtpx:cad>0</gpxtpx:cad></gpxtpx:TrackPointExtension></extensions></trkpt><trkpt lat="15.6646055728" lon="73.6986687686"><ele>4.46</ele><time>2025-04-24T05:12:11Z</time><extensions><gpxtpx:TrackPointExtension><gpxtpx:cad>0</gpxtpx:cad></gpxtpx:TrackPointExtension></extensions></trkpt><trkpt lat="15.6644629966" lon="73.6988056451"><ele>4.94</ele><time>2025-04-24T05:12:16Z</time><extensions><gpxtpx:TrackPointExtension><gpxtpx:cad>0</gpxtpx:cad></gpxtpx:TrackPointExtension></extensions></trkpt><trkpt lat="15.6643433031" lon="73.6989559326"><ele>4.94</ele><time>2025-04-24T05:12:21Z</time><extensions><gpxtpx:TrackPointExtension><gpxtpx:cad>0</gpxtpx:cad></gpxtpx:TrackPointExtension></extensions></trkpt><trkpt lat="15.6642524432" lon="73.6991261691"><ele>4.94</ele><time>2025-04-24T05:12:26Z</time><extensions><gpxtpx:TrackPointExtension><gpxtpx:cad>0</gpxtpx:cad></gpxtpx:TrackPointExtension></extensions></trkpt><trkpt lat="15.6641534530" lon="73.6992645543"><ele>4.46</ele><time>2025-04-24T05:12:31Z</time><extensions><gpxtpx:TrackPointExtension><gpxtpx:cad>0</gpxtpx:cad></gpxtpx:TrackPointExtension></extensions></trkpt><trkpt lat="15.6640480086" lon="73.6994129978"><ele>4.46</ele><time>2025-04-24T05:12:36Z</time><extensions><gpxtpx:TrackPointExtension><gpxtpx:cad>0</gpxtpx:cad></gpxtpx:TrackPointExtension></extensions></trkpt><trkpt lat="15.6639567297" lon="73.6995828990"><ele>4.94</ele><time>2025-04-24T05:12:41Z</time><extensions><gpxtpx:TrackPointExtension><gpxtpx:cad>0</gpxtpx:cad></gpxtpx:TrackPointExtension></extensions></trkpt><trkpt lat="15.6638566498" lon="73.6997398920"><ele>4.46</ele><time>2025-04-24T05:12:46Z</time><extensions><gpxtpx:TrackPointExtension><gpxtpx:cad>0</gpxtpx:cad></gpxtpx:TrackPointExtension></extensions></trkpt><trkpt lat="15.6637508702" lon="73.6998999026"><ele>4.46</ele><time>2025-04-24T05:12:51Z</time><extensions><gpxtpx:TrackPointExtension><gpxtpx:cad>0</gpxtpx:cad></gpxtpx:TrackPointExtension></extensions></trkpt><trkpt lat="15.6636565737" lon="73.7000289001"><ele>4.46</ele><time>2025-04-24T05:12:56Z</time><extensions><gpxtpx:TrackPointExtension><gpxtpx:cad>0</gpxtpx:cad></gpxtpx:TrackPointExtension></extensions></trkpt><trkpt lat="15.6635420769" lon="73.7001919281"><ele>4.94</ele><time>2025-04-24T05:13:01Z</time><extensions><gpxtpx:TrackPointExtension><gpxtpx:cad>0</gpxtpx:cad></gpxtpx:TrackPointExtension></extensions></trkpt><trkpt lat="15.6634421647" lon="73.7003277987"><ele>4.46</ele><time>2025-04-24T05:13:06Z</time><extensions><gpxtpx:TrackPointExtension><gpxtpx:cad>0</gpxtpx:cad></gpxtpx:TrackPointExtension></extensions></trkpt><trkpt lat="15.6633316074" lon="73.7004806846"><ele>4.46</ele><time>2025-04-24T05:13:11Z</time><extensions><gpxtpx:TrackPointExtension><gpxtpx:cad>0</gpxtpx:cad></gpxtpx:TrackPointExtension></extensions></trkpt><trkpt lat="15.6632387359" lon="73.7006147113"><ele>4.46</ele><time>2025-04-24T05:13:16Z</time><extensions><gpxtpx:TrackPointExtension><gpxtpx:cad>0</gpxtpx:cad></gpxtpx:TrackPointExtension></extensions></trkpt><trkpt lat="15.6631209701" lon="73.7007784098"><ele>4.46</ele><time>2025-04-24T05:13:21Z</time><extensions><gpxtpx:TrackPointExtension><gpxtpx:cad>0</gpxtpx:cad></gpxtpx:TrackPointExtension></extensions></trkpt><trkpt lat="15.6630221475" lon="73.7009239197"><ele>3.98</ele><time>2025-04-24T05:13:26Z</time><extensions><gpxtpx:TrackPointExtension><gpxtpx:cad>0</gpxtpx:cad></gpxtpx:TrackPointExtension></extensions></trkpt><trkpt lat="15.6629156973" lon="73.7010762189"><ele>3.98</ele><time>2025-04-24T05:13:31Z</time><extensions><gpxtpx:TrackPointExtension><gpxtpx:cad>0</gpxtpx:cad></gpxtpx:TrackPointExtension></extensions></trkpt><trkpt lat="15.6628192216" lon="73.7012273446"><ele>4.46</ele><time>2025-04-24T05:13:36Z</time><extensions><gpxtpx:TrackPointExtension><gpxtpx:cad>0</gpxtpx:cad></gpxtpx:TrackPointExtension></extensions></trkpt><trkpt lat="15.6626949180" lon="73.7013738602"><ele>3.98</ele><time>2025-04-24T05:13:41Z</time><extensions><gpxtpx:TrackPointExtension><gpxtpx:cad>0</gpxtpx:cad></gpxtpx:TrackPointExtension></extensions></trkpt><trkpt lat="15.6625823490" lon="73.7014986668"><ele>3.98</ele><time>2025-04-24T05:13:46Z</time><extensions><gpxtpx:TrackPointExtension><gpxtpx:cad>0</gpxtpx:cad></gpxtpx:TrackPointExtension></extensions></trkpt><trkpt lat="15.6624660920" lon="73.7016464397"><ele>3.98</ele><time>2025-04-24T05:13:51Z</time><extensions><gpxtpx:TrackPointExtension><gpxtpx:cad>0</gpxtpx:cad></gpxtpx:TrackPointExtension></extensions></trkpt><trkpt lat="15.6623402797" lon="73.7018120661"><ele>3.98</ele><time>2025-04-24T05:13:56Z</time><extensions><gpxtpx:TrackPointExtension><gpxtpx:cad>0</gpxtpx:cad></gpxtpx:TrackPointExtension></extensions></trkpt><trkpt lat="15.6622189097" lon="73.7019446678"><ele>3.98</ele><time>2025-04-24T05:14:01Z</time><extensions><gpxtpx:TrackPointExtension><gpxtpx:cad>0</gpxtpx:cad></gpxtpx:TrackPointExtension></extensions></trkpt><trkpt lat="15.6620815303" lon="73.7020869926"><ele>3.98</ele><time>2025-04-24T05:14:06Z</time><extensions><gpxtpx:TrackPointExtension><gpxtpx:cad>0</gpxtpx:cad></gpxtpx:TrackPointExtension></extensions></trkpt><trkpt lat="15.6619705539" lon="73.7022147328"><ele>3.98</ele><time>2025-04-24T05:14:11Z</time><extensions><gpxtpx:TrackPointExtension><gpxtpx:cad>0</gpxtpx:cad></gpxtpx:TrackPointExtension></extensions></trkpt><trkpt lat="15.6618291512" lon="73.7023440655"><ele>3.98</ele><time>2025-04-24T05:14:16Z</time><extensions><gpxtpx:TrackPointExtension><gpxtpx:cad>0</gpxtpx:cad></gpxtpx:TrackPointExtension></extensions></trkpt><trkpt lat="15.6617015786" lon="73.7024682015"><ele>3.98</ele><time>2025-04-24T05:14:21Z</time><extensions><gpxtpx:TrackPointExtension><gpxtpx:cad>0</gpxtpx:cad></gpxtpx:TrackPointExtension></extensions></trkpt><trkpt lat="15.6615689769" lon="73.7025982048"><ele>3.98</ele><time>2025-04-24T05:14:26Z</time><extensions><gpxtpx:TrackPointExtension><gpxtpx:cad>0</gpxtpx:cad></gpxtpx:TrackPointExtension></extensions></trkpt><trkpt lat="15.6614424102" lon="73.7027206644"><ele>4.46</ele><time>2025-04-24T05:14:31Z</time><extensions><gpxtpx:TrackPointExtension><gpxtpx:cad>0</gpxtpx:cad></gpxtpx:TrackPointExtension></extensions></trkpt><trkpt lat="15.6612975709" lon="73.7028427050"><ele>4.94</ele><time>2025-04-24T05:14:36Z</time><extensions><gpxtpx:TrackPointExtension><gpxtpx:cad>0</gpxtpx:cad></gpxtpx:TrackPointExtension></extensions></trkpt><trkpt lat="15.6611569226" lon="73.7029605545"><ele>4.46</ele><time>2025-04-24T05:14:41Z</time><extensions><gpxtpx:TrackPointExtension><gpxtpx:cad>0</gpxtpx:cad></gpxtpx:TrackPointExtension></extensions></trkpt><trkpt lat="15.6610321160" lon="73.7030827627"><ele>4.46</ele><time>2025-04-24T05:14:46Z</time><extensions><gpxtpx:TrackPointExtension><gpxtpx:cad>0</gpxtpx:cad></gpxtpx:TrackPointExtension></extensions></trkpt><trkpt lat="15.6609115843" lon="73.7032204773"><ele>4.46</ele><time>2025-04-24T05:14:51Z</time><extensions><gpxtpx:TrackPointExtension><gpxtpx:cad>0</gpxtpx:cad></gpxtpx:TrackPointExtension></extensions></trkpt><trkpt lat="15.6607783958" lon="73.7033595331"><ele>4.46</ele><time>2025-04-24T05:14:56Z</time><extensions><gpxtpx:TrackPointExtension><gpxtpx:cad>0</gpxtpx:cad></gpxtpx:TrackPointExtension></extensions></trkpt><trkpt lat="15.6606648210" lon="73.7034906261"><ele>4.46</ele><time>2025-04-24T05:15:01Z</time><extensions><gpxtpx:TrackPointExtension><gpxtpx:cad>0</gpxtpx:cad></gpxtpx:TrackPointExtension></extensions></trkpt><trkpt lat="15.6605419423" lon="73.7036149297"><ele>4.94</ele><time>2025-04-24T05:15:06Z</time><extensions><gpxtpx:TrackPointExtension><gpxtpx:cad>0</gpxtpx:cad></gpxtpx:TrackPointExtension></extensions></trkpt><trkpt lat="15.6603917386" lon="73.7037357967"><ele>4.94</ele><time>2025-04-24T05:15:11Z</time><extensions><gpxtpx:TrackPointExtension><gpxtpx:cad>0</gpxtpx:cad></gpxtpx:TrackPointExtension></extensions></trkpt><trkpt lat="15.6602572091" lon="73.7038676441"><ele>4.94</ele><time>2025-04-24T05:15:16Z</time><extensions><gpxtpx:TrackPointExtension><gpxtpx:cad>0</gpxtpx:cad></gpxtpx:TrackPointExtension></extensions></trkpt><trkpt lat="15.6601479929" lon="73.7040113937"><ele>4.94</ele><time>2025-04-24T05:15:21Z</time><extensions><gpxtpx:TrackPointExtension><gpxtpx:cad>0</gpxtpx:cad></gpxtpx:TrackPointExtension></extensions></trkpt><trkpt lat="15.6600330770" lon="73.7041544728"><ele>4.94</ele><time>2025-04-24T05:15:26Z</time><extensions><gpxtpx:TrackPointExtension><gpxtpx:cad>0</gpxtpx:cad></gpxtpx:TrackPointExtension></extensions></trkpt><trkpt lat="15.6599240284" lon="73.7042767648"><ele>4.94</ele><time>2025-04-24T05:15:31Z</time><extensions><gpxtpx:TrackPointExtension><gpxtpx:cad>0</gpxtpx:cad></gpxtpx:TrackPointExtension></extensions></trkpt><trkpt lat="15.6597928517" lon="73.7044204306"><ele>5.42</ele><time>2025-04-24T05:15:36Z</time><extensions><gpxtpx:TrackPointExtension><gpxtpx:cad>0</gpxtpx:cad></gpxtpx:TrackPointExtension></extensions></trkpt><trkpt lat="15.6596745830" lon="73.7045381963"><ele>4.94</ele><time>2025-04-24T05:15:41Z</time><extensions><gpxtpx:TrackPointExtension><gpxtpx:cad>0</gpxtpx:cad></gpxtpx:TrackPointExtension></extensions></trkpt><trkpt lat="15.6595229544" lon="73.7046548724"><ele>4.94</ele><time>2025-04-24T05:15:46Z</time><extensions><gpxtpx:TrackPointExtension><gpxtpx:cad>0</gpxtpx:cad></gpxtpx:TrackPointExtension></extensions></trkpt><trkpt lat="15.6593915261" lon="73.7047799304"><ele>5.42</ele><time>2025-04-24T05:15:51Z</time><extensions><gpxtpx:TrackPointExtension><gpxtpx:cad>0</gpxtpx:cad></gpxtpx:TrackPointExtension></extensions></trkpt><trkpt lat="15.6592513807" lon="73.7049008813"><ele>5.42</ele><time>2025-04-24T05:15:56Z</time><extensions><gpxtpx:TrackPointExtension><gpxtpx:cad>0</gpxtpx:cad></gpxtpx:TrackPointExtension></extensions></trkpt><trkpt lat="15.6591122411" lon="73.7050257716"><ele>4.94</ele><time>2025-04-24T05:16:01Z</time><extensions><gpxtpx:TrackPointExtension><gpxtpx:cad>0</gpxtpx:cad></gpxtpx:TrackPointExtension></extensions></trkpt><trkpt lat="15.6589846686" lon="73.7051769812"><ele>4.94</ele><time>2025-04-24T05:16:06Z</time><extensions><gpxtpx:TrackPointExtension><gpxtpx:cad>0</gpxtpx:cad></gpxtpx:TrackPointExtension></extensions></trkpt><trkpt lat="15.6588557549" lon="73.7053017039"><ele>4.94</ele><time>2025-04-24T05:16:11Z</time><extensions><gpxtpx:TrackPointExtension><gpxtpx:cad>0</gpxtpx:cad></gpxtpx:TrackPointExtension></extensions></trkpt><trkpt lat="15.6587166991" lon="73.7054245826"><ele>5.42</ele><time>2025-04-24T05:16:16Z</time><extensions><gpxtpx:TrackPointExtension><gpxtpx:cad>0</gpxtpx:cad></gpxtpx:TrackPointExtension></extensions></trkpt><trkpt lat="15.6585856061" lon="73.7055538315"><ele>5.42</ele><time>2025-04-24T05:16:21Z</time><extensions><gpxtpx:TrackPointExtension><gpxtpx:cad>0</gpxtpx:cad></gpxtpx:TrackPointExtension></extensions></trkpt><trkpt lat="15.6584646553" lon="73.7056914624"><ele>5.42</ele><time>2025-04-24T05:16:26Z</time><extensions><gpxtpx:TrackPointExtension><gpxtpx:cad>0</gpxtpx:cad></gpxtpx:TrackPointExtension></extensions></trkpt><trkpt lat="15.6583242584" lon="73.7058281712"><ele>5.42</ele><time>2025-04-24T05:16:31Z</time><extensions><gpxtpx:TrackPointExtension><gpxtpx:cad>0</gpxtpx:cad></gpxtpx:TrackPointExtension></extensions></trkpt><trkpt lat="15.6581970211" lon="73.7059533969"><ele>5.42</ele><time>2025-04-24T05:16:36Z</time><extensions><gpxtpx:TrackPointExtension><gpxtpx:cad>0</gpxtpx:cad></gpxtpx:TrackPointExtension></extensions></trkpt><trkpt lat="15.6580862124" lon="73.7060983200"><ele>5.42</ele><time>2025-04-24T05:16:41Z</time><extensions><gpxtpx:TrackPointExtension><gpxtpx:cad>0</gpxtpx:cad></gpxtpx:TrackPointExtension></extensions></trkpt><trkpt lat="15.6579628307" lon="73.7062434945"><ele>4.94</ele><time>2025-04-24T05:16:46Z</time><extensions><gpxtpx:TrackPointExtension><gpxtpx:cad>0</gpxtpx:cad></gpxtpx:TrackPointExtension></extensions></trkpt><trkpt lat="15.6578408740" lon="73.7063636910"><ele>4.94</ele><time>2025-04-24T05:16:51Z</time><extensions><gpxtpx:TrackPointExtension><gpxtpx:cad>0</gpxtpx:cad></gpxtpx:TrackPointExtension></extensions></trkpt><trkpt lat="15.6577093620" lon="73.7064949516"><ele>4.94</ele><time>2025-04-24T05:16:56Z</time><extensions><gpxtpx:TrackPointExtension><gpxtpx:cad>0</gpxtpx:cad></gpxtpx:TrackPointExtension></extensions></trkpt><trkpt lat="15.6575840525" lon="73.7066190876"><ele>4.94</ele><time>2025-04-24T05:17:01Z</time><extensions><gpxtpx:TrackPointExtension><gpxtpx:cad>0</gpxtpx:cad></gpxtpx:TrackPointExtension></extensions></trkpt><trkpt lat="15.6574448291" lon="73.7067399547"><ele>5.42</ele><time>2025-04-24T05:17:06Z</time><extensions><gpxtpx:TrackPointExtension><gpxtpx:cad>0</gpxtpx:cad></gpxtpx:TrackPointExtension></extensions></trkpt><trkpt lat="15.6573095452" lon="73.7068659347"><ele>5.42</ele><time>2025-04-24T05:17:11Z</time><extensions><gpxtpx:TrackPointExtension><gpxtpx:cad>0</gpxtpx:cad></gpxtpx:TrackPointExtension></extensions></trkpt><trkpt lat="15.6571843196" lon="73.7069891486"><ele>4.94</ele><time>2025-04-24T05:17:16Z</time><extensions><gpxtpx:TrackPointExtension><gpxtpx:cad>0</gpxtpx:cad></gpxtpx:TrackPointExtension></extensions></trkpt><trkpt lat="15.6570611894" lon="73.7071113568"><ele>4.94</ele><time>2025-04-24T05:17:21Z</time><extensions><gpxtpx:TrackPointExtension><gpxtpx:cad>0</gpxtpx:cad></gpxtpx:TrackPointExtension></extensions></trkpt><trkpt lat="15.6569224689" lon="73.7072300445"><ele>4.94</ele><time>2025-04-24T05:17:26Z</time><extensions><gpxtpx:TrackPointExtension><gpxtpx:cad>0</gpxtpx:cad></gpxtpx:TrackPointExtension></extensions></trkpt><trkpt lat="15.6567813177" lon="73.7073737103"><ele>5.42</ele><time>2025-04-24T05:17:31Z</time><extensions><gpxtpx:TrackPointExtension><gpxtpx:cad>0</gpxtpx:cad></gpxtpx:TrackPointExtension></extensions></trkpt><trkpt lat="15.6566635519" lon="73.7075114250"><ele>4.94</ele><time>2025-04-24T05:17:36Z</time><extensions><gpxtpx:TrackPointExtension><gpxtpx:cad>0</gpxtpx:cad></gpxtpx:TrackPointExtension></extensions></trkpt><trkpt lat="15.6565565150" lon="73.7076518219"><ele>4.94</ele><time>2025-04-24T05:17:41Z</time><extensions><gpxtpx:TrackPointExtension><gpxtpx:cad>0</gpxtpx:cad></gpxtpx:TrackPointExtension></extensions></trkpt><trkpt lat="15.6564555131" lon="73.7077977508"><ele>4.94</ele><time>2025-04-24T05:17:46Z</time><extensions><gpxtpx:TrackPointExtension><gpxtpx:cad>0</gpxtpx:cad></gpxtpx:TrackPointExtension></extensions></trkpt><trkpt lat="15.6563466322" lon="73.7079372257"><ele>4.94</ele><time>2025-04-24T05:17:51Z</time><extensions><gpxtpx:TrackPointExtension><gpxtpx:cad>0</gpxtpx:cad></gpxtpx:TrackPointExtension></extensions></trkpt><trkpt lat="15.6562338956" lon="73.7080694083"><ele>4.94</ele><time>2025-04-24T05:17:56Z</time><extensions><gpxtpx:TrackPointExtension><gpxtpx:cad>0</gpxtpx:cad></gpxtpx:TrackPointExtension></extensions></trkpt><trkpt lat="15.6561043952" lon="73.7082183547"><ele>5.91</ele><time>2025-04-24T05:18:01Z</time><extensions><gpxtpx:TrackPointExtension><gpxtpx:cad>0</gpxtpx:cad></gpxtpx:TrackPointExtension></extensions></trkpt><trkpt lat="15.6559705362" lon="73.7083634455"><ele>6.39</ele><time>2025-04-24T05:18:06Z</time><extensions><gpxtpx:TrackPointExtension><gpxtpx:cad>0</gpxtpx:cad></gpxtpx:TrackPointExtension></extensions></trkpt><trkpt lat="15.6558493339" lon="73.7084859051"><ele>6.39</ele><time>2025-04-24T05:18:11Z</time><extensions><gpxtpx:TrackPointExtension><gpxtpx:cad>0</gpxtpx:cad></gpxtpx:TrackPointExtension></extensions></trkpt><trkpt lat="15.6557235215" lon="73.7086259667"><ele>6.39</ele><time>2025-04-24T05:18:16Z</time><extensions><gpxtpx:TrackPointExtension><gpxtpx:cad>0</gpxtpx:cad></gpxtpx:TrackPointExtension></extensions></trkpt><trkpt lat="15.6555925962" lon="73.7087604124"><ele>6.39</ele><time>2025-04-24T05:18:21Z</time><extensions><gpxtpx:TrackPointExtension><gpxtpx:cad>0</gpxtpx:cad></gpxtpx:TrackPointExtension></extensions></trkpt><trkpt lat="15.6554701366" lon="73.7088918407"><ele>6.39</ele><time>2025-04-24T05:18:26Z</time><extensions><gpxtpx:TrackPointExtension><gpxtpx:cad>0</gpxtpx:cad></gpxtpx:TrackPointExtension></extensions></trkpt><trkpt lat="15.6553464197" lon="73.7090351712"><ele>6.87</ele><time>2025-04-24T05:18:31Z</time><extensions><gpxtpx:TrackPointExtension><gpxtpx:cad>0</gpxtpx:cad></gpxtpx:TrackPointExtension></extensions></trkpt><trkpt lat="15.6552162487" lon="73.7091533560"><ele>6.87</ele><time>2025-04-24T05:18:36Z</time><extensions><gpxtpx:TrackPointExtension><gpxtpx:cad>0</gpxtpx:cad></gpxtpx:TrackPointExtension></extensions></trkpt><trkpt lat="15.6550655421" lon="73.7092610635"><ele>6.87</ele><time>2025-04-24T05:18:41Z</time><extensions><gpxtpx:TrackPointExtension><gpxtpx:cad>0</gpxtpx:cad></gpxtpx:TrackPointExtension></extensions></trkpt><trkpt lat="15.6549258158" lon="73.7093701959"><ele>6.87</ele><time>2025-04-24T05:18:46Z</time><extensions><gpxtpx:TrackPointExtension><gpxtpx:cad>0</gpxtpx:cad></gpxtpx:TrackPointExtension></extensions></trkpt><trkpt lat="15.6547875144" lon="73.7094773166"><ele>6.87</ele><time>2025-04-24T05:18:51Z</time><extensions><gpxtpx:TrackPointExtension><gpxtpx:cad>0</gpxtpx:cad></gpxtpx:TrackPointExtension></extensions></trkpt><trkpt lat="15.6546600256" lon="73.7096154504"><ele>6.87</ele><time>2025-04-24T05:18:56Z</time><extensions><gpxtpx:TrackPointExtension><gpxtpx:cad>0</gpxtpx:cad></gpxtpx:TrackPointExtension></extensions></trkpt><trkpt lat="15.6545549165" lon="73.7097808253"><ele>6.87</ele><time>2025-04-24T05:19:01Z</time><extensions><gpxtpx:TrackPointExtension><gpxtpx:cad>0</gpxtpx:cad></gpxtpx:TrackPointExtension></extensions></trkpt><trkpt lat="15.6544837542" lon="73.7099274248"><ele>6.87</ele><time>2025-04-24T05:19:06Z</time><extensions><gpxtpx:TrackPointExtension><gpxtpx:cad>0</gpxtpx:cad></gpxtpx:TrackPointExtension></extensions></trkpt><trkpt lat="15.6543985102" lon="73.7100947276"><ele>6.87</ele><time>2025-04-24T05:19:11Z</time><extensions><gpxtpx:TrackPointExtension><gpxtpx:cad>0</gpxtpx:cad></gpxtpx:TrackPointExtension></extensions></trkpt><trkpt lat="15.6543101650" lon="73.7102668080"><ele>6.87</ele><time>2025-04-24T05:19:16Z</time><extensions><gpxtpx:TrackPointExtension><gpxtpx:cad>0</gpxtpx:cad></gpxtpx:TrackPointExtension></extensions></trkpt><trkpt lat="15.6542322133" lon="73.7104187720"><ele>6.87</ele><time>2025-04-24T05:19:21Z</time><extensions><gpxtpx:TrackPointExtension><gpxtpx:cad>0</gpxtpx:cad></gpxtpx:TrackPointExtension></extensions></trkpt><trkpt lat="15.6541324686" lon="73.7105759326"><ele>6.87</ele><time>2025-04-24T05:19:26Z</time><extensions><gpxtpx:TrackPointExtension><gpxtpx:cad>0</gpxtpx:cad></gpxtpx:TrackPointExtension></extensions></trkpt><trkpt lat="15.6540171336" lon="73.7107185926"><ele>6.39</ele><time>2025-04-24T05:19:31Z</time><extensions><gpxtpx:TrackPointExtension><gpxtpx:cad>0</gpxtpx:cad></gpxtpx:TrackPointExtension></extensions></trkpt><trkpt lat="15.6539052352" lon="73.7108477578"><ele>5.91</ele><time>2025-04-24T05:19:36Z</time><extensions><gpxtpx:TrackPointExtension><gpxtpx:cad>0</gpxtpx:cad></gpxtpx:TrackPointExtension></extensions></trkpt><trkpt lat="15.6537761539" lon="73.7109777611"><ele>5.91</ele><time>2025-04-24T05:19:41Z</time><extensions><gpxtpx:TrackPointExtension><gpxtpx:cad>0</gpxtpx:cad></gpxtpx:TrackPointExtension></extensions></trkpt><trkpt lat="15.6536541972" lon="73.7110925931"><ele>5.91</ele><time>2025-04-24T05:19:46Z</time><extensions><gpxtpx:TrackPointExtension><gpxtpx:cad>0</gpxtpx:cad></gpxtpx:TrackPointExtension></extensions></trkpt><trkpt lat="15.6534997188" lon="73.7111967802"><ele>5.42</ele><time>2025-04-24T05:19:51Z</time><extensions><gpxtpx:TrackPointExtension><gpxtpx:cad>0</gpxtpx:cad></gpxtpx:TrackPointExtension></extensions></trkpt><trkpt lat="15.6533518620" lon="73.7113139592"><ele>5.42</ele><time>2025-04-24T05:19:56Z</time><extensions><gpxtpx:TrackPointExtension><gpxtpx:cad>0</gpxtpx:cad></gpxtpx:TrackPointExtension></extensions></trkpt><trkpt lat="15.6532245409" lon="73.7114450522"><ele>5.42</ele><time>2025-04-24T05:20:01Z</time><extensions><gpxtpx:TrackPointExtension><gpxtpx:cad>0</gpxtpx:cad></gpxtpx:TrackPointExtension></extensions></trkpt><trkpt lat="15.6530746724" lon="73.7115615606"><ele>5.42</ele><time>2025-04-24T05:20:06Z</time><extensions><gpxtpx:TrackPointExtension><gpxtpx:cad>0</gpxtpx:cad></gpxtpx:TrackPointExtension></extensions></trkpt><trkpt lat="15.6529429927" lon="73.7116609700"><ele>4.94</ele><time>2025-04-24T05:20:11Z</time><extensions><gpxtpx:TrackPointExtension><gpxtpx:cad>0</gpxtpx:cad></gpxtpx:TrackPointExtension></extensions></trkpt><trkpt lat="15.6527993269" lon="73.7117864471"><ele>5.42</ele><time>2025-04-24T05:20:16Z</time><extensions><gpxtpx:TrackPointExtension><gpxtpx:cad>0</gpxtpx:cad></gpxtpx:TrackPointExtension></extensions></trkpt><trkpt lat="15.6526399031" lon="73.7118740380"><ele>5.42</ele><time>2025-04-24T05:20:21Z</time><extensions><gpxtpx:TrackPointExtension><gpxtpx:cad>0</gpxtpx:cad></gpxtpx:TrackPointExtension></extensions></trkpt><trkpt lat="15.6524992548" lon="73.7119664904"><ele>4.94</ele><time>2025-04-24T05:20:26Z</time><extensions><gpxtpx:TrackPointExtension><gpxtpx:cad>0</gpxtpx:cad></gpxtpx:TrackPointExtension></extensions></trkpt><trkpt lat="15.6523515657" lon="73.7120630499"><ele>4.94</ele><time>2025-04-24T05:20:31Z</time><extensions><gpxtpx:TrackPointExtension><gpxtpx:cad>0</gpxtpx:cad></gpxtpx:TrackPointExtension></extensions></trkpt><trkpt lat="15.6521752104" lon="73.7120939791"><ele>4.94</ele><time>2025-04-24T05:20:36Z</time><extensions><gpxtpx:TrackPointExtension><gpxtpx:cad>0</gpxtpx:cad></gpxtpx:TrackPointExtension></extensions></trkpt><trkpt lat="15.6520062312" lon="73.7121067196"><ele>4.94</ele><time>2025-04-24T05:20:41Z</time><extensions><gpxtpx:TrackPointExtension><gpxtpx:cad>0</gpxtpx:cad></gpxtpx:TrackPointExtension></extensions></trkpt><trkpt lat="15.6518340670" lon="73.7121000979"><ele>4.94</ele><time>2025-04-24T05:20:46Z</time><extensions><gpxtpx:TrackPointExtension><gpxtpx:cad>0</gpxtpx:cad></gpxtpx:TrackPointExtension></extensions></trkpt><trkpt lat="15.6516585499" lon="73.7120841723"><ele>5.42</ele><time>2025-04-24T05:20:51Z</time><extensions><gpxtpx:TrackPointExtension><gpxtpx:cad>0</gpxtpx:cad></gpxtpx:TrackPointExtension></extensions></trkpt><trkpt lat="15.6514875591" lon="73.7120708451"><ele>5.42</ele><time>2025-04-24T05:20:56Z</time><extensions><gpxtpx:TrackPointExtension><gpxtpx:cad>0</gpxtpx:cad></gpxtpx:TrackPointExtension></extensions></trkpt><trkpt lat="15.6513077673" lon="73.7120394967"><ele>5.42</ele><time>2025-04-24T05:21:01Z</time><extensions><gpxtpx:TrackPointExtension><gpxtpx:cad>0</gpxtpx:cad></gpxtpx:TrackPointExtension></extensions></trkpt><trkpt lat="15.6511281431" lon="73.7120316178"><ele>5.91</ele><time>2025-04-24T05:21:06Z</time><extensions><gpxtpx:TrackPointExtension><gpxtpx:cad>0</gpxtpx:cad></gpxtpx:TrackPointExtension></extensions></trkpt><trkpt lat="15.6509536318" lon="73.7119872775"><ele>5.91</ele><time>2025-04-24T05:21:11Z</time><extensions><gpxtpx:TrackPointExtension><gpxtpx:cad>0</gpxtpx:cad></gpxtpx:TrackPointExtension></extensions></trkpt><trkpt lat="15.6507863291" lon="73.7119511515"><ele>5.91</ele><time>2025-04-24T05:21:16Z</time><extensions><gpxtpx:TrackPointExtension><gpxtpx:cad>0</gpxtpx:cad></gpxtpx:TrackPointExtension></extensions></trkpt><trkpt lat="15.6506164279" lon="73.7119063921"><ele>5.42</ele><time>2025-04-24T05:21:21Z</time><extensions><gpxtpx:TrackPointExtension><gpxtpx:cad>0</gpxtpx:cad></gpxtpx:TrackPointExtension></extensions></trkpt><trkpt lat="15.6504414137" lon="73.7118823361"><ele>5.42</ele><time>2025-04-24T05:21:26Z</time><extensions><gpxtpx:TrackPointExtension><gpxtpx:cad>0</gpxtpx:cad></gpxtpx:TrackPointExtension></extensions></trkpt><trkpt lat="15.6502674054" lon="73.7118620519"><ele>5.42</ele><time>2025-04-24T05:21:31Z</time><extensions><gpxtpx:TrackPointExtension><gpxtpx:cad>0</gpxtpx:cad></gpxtpx:TrackPointExtension></extensions></trkpt><trkpt lat="15.6500973366" lon="73.7118145265"><ele>5.42</ele><time>2025-04-24T05:21:36Z</time><extensions><gpxtpx:TrackPointExtension><gpxtpx:cad>0</gpxtpx:cad></gpxtpx:TrackPointExtension></extensions></trkpt><trkpt lat="15.6499380805" lon="73.7117582001"><ele>5.42</ele><time>2025-04-24T05:21:41Z</time><extensions><gpxtpx:TrackPointExtension><gpxtpx:cad>0</gpxtpx:cad></gpxtpx:TrackPointExtension></extensions></trkpt><trkpt lat="15.6497838534" lon="73.7116810028"><ele>4.94</ele><time>2025-04-24T05:21:46Z</time><extensions><gpxtpx:TrackPointExtension><gpxtpx:cad>0</gpxtpx:cad></gpxtpx:TrackPointExtension></extensions></trkpt><trkpt lat="15.6496244296" lon="73.7116018776"><ele>4.94</ele><time>2025-04-24T05:21:51Z</time><extensions><gpxtpx:TrackPointExtension><gpxtpx:cad>0</gpxtpx:cad></gpxtpx:TrackPointExtension></extensions></trkpt><trkpt lat="15.6494603958" lon="73.7115783244"><ele>4.46</ele><time>2025-04-24T05:21:56Z</time><extensions><gpxtpx:TrackPointExtension><gpxtpx:cad>0</gpxtpx:cad></gpxtpx:TrackPointExtension></extensions></trkpt><trkpt lat="15.6492770836" lon="73.7115436234"><ele>3.98</ele><time>2025-04-24T05:22:01Z</time><extensions><gpxtpx:TrackPointExtension><gpxtpx:cad>0</gpxtpx:cad></gpxtpx:TrackPointExtension></extensions></trkpt><trkpt lat="15.6491032429" lon="73.7115253508"><ele>4.46</ele><time>2025-04-24T05:22:06Z</time><extensions><gpxtpx:TrackPointExtension><gpxtpx:cad>0</gpxtpx:cad></gpxtpx:TrackPointExtension></extensions></trkpt><trkpt lat="15.6489298213" lon="73.7114951760"><ele>3.98</ele><time>2025-04-24T05:22:11Z</time><extensions><gpxtpx:TrackPointExtension><gpxtpx:cad>0</gpxtpx:cad></gpxtpx:TrackPointExtension></extensions></trkpt><trkpt lat="15.6487520412" lon="73.7114649173"><ele>3.98</ele><time>2025-04-24T05:22:16Z</time><extensions><gpxtpx:TrackPointExtension><gpxtpx:cad>0</gpxtpx:cad></gpxtpx:TrackPointExtension></extensions></trkpt><trkpt lat="15.6485825591" lon="73.7114361674"><ele>4.46</ele><time>2025-04-24T05:22:21Z</time><extensions><gpxtpx:TrackPointExtension><gpxtpx:cad>0</gpxtpx:cad></gpxtpx:TrackPointExtension></extensions></trkpt><trkpt lat="15.6484061200" lon="73.7114083394"><ele>4.94</ele><time>2025-04-24T05:22:26Z</time><extensions><gpxtpx:TrackPointExtension><gpxtpx:cad>0</gpxtpx:cad></gpxtpx:TrackPointExtension></extensions></trkpt><trkpt lat="15.6482286751" lon="73.7113766558"><ele>4.94</ele><time>2025-04-24T05:22:31Z</time><extensions><gpxtpx:TrackPointExtension><gpxtpx:cad>0</gpxtpx:cad></gpxtpx:TrackPointExtension></extensions></trkpt><trkpt lat="15.6480533257" lon="73.7113582995"><ele>4.94</ele><time>2025-04-24T05:22:36Z</time><extensions><gpxtpx:TrackPointExtension><gpxtpx:cad>0</gpxtpx:cad></gpxtpx:TrackPointExtension></extensions></trkpt><trkpt lat="15.6478742044" lon="73.7113368418"><ele>5.42</ele><time>2025-04-24T05:22:41Z</time><extensions><gpxtpx:TrackPointExtension><gpxtpx:cad>0</gpxtpx:cad></gpxtpx:TrackPointExtension></extensions></trkpt><trkpt lat="15.6476966757" lon="73.7113332376"><ele>4.94</ele><time>2025-04-24T05:22:46Z</time><extensions><gpxtpx:TrackPointExtension><gpxtpx:cad>0</gpxtpx:cad></gpxtpx:TrackPointExtension></extensions></trkpt><trkpt lat="15.6475263555" lon="73.7113297172"><ele>4.94</ele><time>2025-04-24T05:22:51Z</time><extensions><gpxtpx:TrackPointExtension><gpxtpx:cad>0</gpxtpx:cad></gpxtpx:TrackPointExtension></extensions></trkpt><trkpt lat="15.6473556161" lon="73.7113254424"><ele>5.42</ele><time>2025-04-24T05:22:56Z</time><extensions><gpxtpx:TrackPointExtension><gpxtpx:cad>0</gpxtpx:cad></gpxtpx:TrackPointExtension></extensions></trkpt><trkpt lat="15.6471834518" lon="73.7113013864"><ele>5.91</ele><time>2025-04-24T05:23:01Z</time><extensions><gpxtpx:TrackPointExtension><gpxtpx:cad>0</gpxtpx:cad></gpxtpx:TrackPointExtension></extensions></trkpt><trkpt lat="15.6470173225" lon="73.7112831976"><ele>5.91</ele><time>2025-04-24T05:23:06Z</time><extensions><gpxtpx:TrackPointExtension><gpxtpx:cad>0</gpxtpx:cad></gpxtpx:TrackPointExtension></extensions></trkpt><trkpt lat="15.6468468346" lon="73.7112429645"><ele>5.91</ele><time>2025-04-24T05:23:11Z</time><extensions><gpxtpx:TrackPointExtension><gpxtpx:cad>0</gpxtpx:cad></gpxtpx:TrackPointExtension></extensions></trkpt><trkpt lat="15.6466817949" lon="73.7111976184"><ele>5.91</ele><time>2025-04-24T05:23:16Z</time><extensions><gpxtpx:TrackPointExtension><gpxtpx:cad>0</gpxtpx:cad></gpxtpx:TrackPointExtension></extensions></trkpt><trkpt lat="15.6465140730" lon="73.7111531105"><ele>5.42</ele><time>2025-04-24T05:23:21Z</time><extensions><gpxtpx:TrackPointExtension><gpxtpx:cad>0</gpxtpx:cad></gpxtpx:TrackPointExtension></extensions></trkpt><trkpt lat="15.6463469379" lon="73.7110992987"><ele>5.42</ele><time>2025-04-24T05:23:26Z</time><extensions><gpxtpx:TrackPointExtension><gpxtpx:cad>0</gpxtpx:cad></gpxtpx:TrackPointExtension></extensions></trkpt><trkpt lat="15.6461806409" lon="73.7110497616"><ele>5.42</ele><time>2025-04-24T05:23:31Z</time><extensions><gpxtpx:TrackPointExtension><gpxtpx:cad>0</gpxtpx:cad></gpxtpx:TrackPointExtension></extensions></trkpt><trkpt lat="15.6460125837" lon="73.7110059243"><ele>5.91</ele><time>2025-04-24T05:23:36Z</time><extensions><gpxtpx:TrackPointExtension><gpxtpx:cad>0</gpxtpx:cad></gpxtpx:TrackPointExtension></extensions></trkpt><trkpt lat="15.6458360609" lon="73.7109767552"><ele>5.91</ele><time>2025-04-24T05:23:41Z</time><extensions><gpxtpx:TrackPointExtension><gpxtpx:cad>0</gpxtpx:cad></gpxtpx:TrackPointExtension></extensions></trkpt><trkpt lat="15.6456614658" lon="73.7109725643"><ele>5.42</ele><time>2025-04-24T05:23:46Z</time><extensions><gpxtpx:TrackPointExtension><gpxtpx:cad>0</gpxtpx:cad></gpxtpx:TrackPointExtension></extensions></trkpt><trkpt lat="15.6454848591" lon="73.7109472509"><ele>5.42</ele><time>2025-04-24T05:23:51Z</time><extensions><gpxtpx:TrackPointExtension><gpxtpx:cad>0</gpxtpx:cad></gpxtpx:TrackPointExtension></extensions></trkpt><trkpt lat="15.6453152094" lon="73.7109085266"><ele>4.94</ele><time>2025-04-24T05:23:56Z</time><extensions><gpxtpx:TrackPointExtension><gpxtpx:cad>0</gpxtpx:cad></gpxtpx:TrackPointExtension></extensions></trkpt><trkpt lat="15.6451452244" lon="73.7108597439"><ele>4.94</ele><time>2025-04-24T05:24:01Z</time><extensions><gpxtpx:TrackPointExtension><gpxtpx:cad>0</gpxtpx:cad></gpxtpx:TrackPointExtension></extensions></trkpt><trkpt lat="15.6449794304" lon="73.7108155712"><ele>4.94</ele><time>2025-04-24T05:24:06Z</time><extensions><gpxtpx:TrackPointExtension><gpxtpx:cad>0</gpxtpx:cad></gpxtpx:TrackPointExtension></extensions></trkpt><trkpt lat="15.6448135525" lon="73.7107697222"><ele>4.94</ele><time>2025-04-24T05:24:11Z</time><extensions><gpxtpx:TrackPointExtension><gpxtpx:cad>0</gpxtpx:cad></gpxtpx:TrackPointExtension></extensions></trkpt><trkpt lat="15.6446443219" lon="73.7107141502"><ele>4.46</ele><time>2025-04-24T05:24:16Z</time><extensions><gpxtpx:TrackPointExtension><gpxtpx:cad>0</gpxtpx:cad></gpxtpx:TrackPointExtension></extensions></trkpt><trkpt lat="15.6444812939" lon="73.7106477655"><ele>4.46</ele><time>2025-04-24T05:24:21Z</time><extensions><gpxtpx:TrackPointExtension><gpxtpx:cad>0</gpxtpx:cad></gpxtpx:TrackPointExtension></extensions></trkpt><trkpt lat="15.6443233788" lon="73.7105881702"><ele>4.46</ele><time>2025-04-24T05:24:26Z</time><extensions><gpxtpx:TrackPointExtension><gpxtpx:cad>0</gpxtpx:cad></gpxtpx:TrackPointExtension></extensions></trkpt><trkpt lat="15.6441614404" lon="73.7105143256"><ele>4.46</ele><time>2025-04-24T05:24:31Z</time><extensions><gpxtpx:TrackPointExtension><gpxtpx:cad>0</gpxtpx:cad></gpxtpx:TrackPointExtension></extensions></trkpt><trkpt lat="15.6440009270" lon="73.7104533892"><ele>4.46</ele><time>2025-04-24T05:24:36Z</time><extensions><gpxtpx:TrackPointExtension><gpxtpx:cad>0</gpxtpx:cad></gpxtpx:TrackPointExtension></extensions></trkpt><trkpt lat="15.6438343786" lon="73.7103844900"><ele>4.94</ele><time>2025-04-24T05:24:41Z</time><extensions><gpxtpx:TrackPointExtension><gpxtpx:cad>0</gpxtpx:cad></gpxtpx:TrackPointExtension></extensions></trkpt><trkpt lat="15.6436726917" lon="73.7103332765"><ele>4.94</ele><time>2025-04-24T05:24:46Z</time><extensions><gpxtpx:TrackPointExtension><gpxtpx:cad>0</gpxtpx:cad></gpxtpx:TrackPointExtension></extensions></trkpt><trkpt lat="15.6435057241" lon="73.7102644611"><ele>4.46</ele><time>2025-04-24T05:24:51Z</time><extensions><gpxtpx:TrackPointExtension><gpxtpx:cad>0</gpxtpx:cad></gpxtpx:TrackPointExtension></extensions></trkpt><trkpt lat="15.6433408521" lon="73.7102052011"><ele>3.98</ele><time>2025-04-24T05:24:56Z</time><extensions><gpxtpx:TrackPointExtension><gpxtpx:cad>0</gpxtpx:cad></gpxtpx:TrackPointExtension></extensions></trkpt><trkpt lat="15.6431789137" lon="73.7101469468"><ele>3.98</ele><time>2025-04-24T05:25:01Z</time><extensions><gpxtpx:TrackPointExtension><gpxtpx:cad>0</gpxtpx:cad></gpxtpx:TrackPointExtension></extensions></trkpt><trkpt lat="15.6430128682" lon="73.7100795563"><ele>3.98</ele><time>2025-04-24T05:25:06Z</time><extensions><gpxtpx:TrackPointExtension><gpxtpx:cad>0</gpxtpx:cad></gpxtpx:TrackPointExtension></extensions></trkpt><trkpt lat="15.6428494211" lon="73.7100257445"><ele>3.98</ele><time>2025-04-24T05:25:11Z</time><extensions><gpxtpx:TrackPointExtension><gpxtpx:cad>0</gpxtpx:cad></gpxtpx:TrackPointExtension></extensions></trkpt><trkpt lat="15.6426816992" lon="73.7099607009"><ele>3.98</ele><time>2025-04-24T05:25:16Z</time><extensions><gpxtpx:TrackPointExtension><gpxtpx:cad>0</gpxtpx:cad></gpxtpx:TrackPointExtension></extensions></trkpt><trkpt lat="15.6425201800" lon="73.7098996807"><ele>3.98</ele><time>2025-04-24T05:25:21Z</time><extensions><gpxtpx:TrackPointExtension><gpxtpx:cad>0</gpxtpx:cad></gpxtpx:TrackPointExtension></extensions></trkpt><trkpt lat="15.6423579063" lon="73.7098345533"><ele>3.98</ele><time>2025-04-24T05:25:26Z</time><extensions><gpxtpx:TrackPointExtension><gpxtpx:cad>0</gpxtpx:cad></gpxtpx:TrackPointExtension></extensions></trkpt><trkpt lat="15.6421977282" lon="73.7097612955"><ele>3.98</ele><time>2025-04-24T05:25:31Z</time><extensions><gpxtpx:TrackPointExtension><gpxtpx:cad>0</gpxtpx:cad></gpxtpx:TrackPointExtension></extensions></trkpt><trkpt lat="15.6420372985" lon="73.7096926477"><ele>3.98</ele><time>2025-04-24T05:25:36Z</time><extensions><gpxtpx:TrackPointExtension><gpxtpx:cad>0</gpxtpx:cad></gpxtpx:TrackPointExtension></extensions></trkpt><trkpt lat="15.6418632902" lon="73.7096431106"><ele>3.98</ele><time>2025-04-24T05:25:41Z</time><extensions><gpxtpx:TrackPointExtension><gpxtpx:cad>0</gpxtpx:cad></gpxtpx:TrackPointExtension></extensions></trkpt><trkpt lat="15.6416948140" lon="73.7096124329"><ele>3.98</ele><time>2025-04-24T05:25:46Z</time><extensions><gpxtpx:TrackPointExtension><gpxtpx:cad>0</gpxtpx:cad></gpxtpx:TrackPointExtension></extensions></trkpt><trkpt lat="15.6415221468" lon="73.7095851917"><ele>3.98</ele><time>2025-04-24T05:25:51Z</time><extensions><gpxtpx:TrackPointExtension><gpxtpx:cad>0</gpxtpx:cad></gpxtpx:TrackPointExtension></extensions></trkpt><trkpt lat="15.6413473003" lon="73.7095690146"><ele>4.46</ele><time>2025-04-24T05:25:56Z</time><extensions><gpxtpx:TrackPointExtension><gpxtpx:cad>0</gpxtpx:cad></gpxtpx:TrackPointExtension></extensions></trkpt><trkpt lat="15.6411713641" lon="73.7095601298"><ele>4.46</ele><time>2025-04-24T05:26:01Z</time><extensions><gpxtpx:TrackPointExtension><gpxtpx:cad>0</gpxtpx:cad></gpxtpx:TrackPointExtension></extensions></trkpt><trkpt lat="15.6409948412" lon="73.7095540948"><ele>4.46</ele><time>2025-04-24T05:26:06Z</time><extensions><gpxtpx:TrackPointExtension><gpxtpx:cad>0</gpxtpx:cad></gpxtpx:TrackPointExtension></extensions></trkpt><trkpt lat="15.6408246048" lon="73.7095510773"><ele>4.46</ele><time>2025-04-24T05:26:11Z</time><extensions><gpxtpx:TrackPointExtension><gpxtpx:cad>0</gpxtpx:cad></gpxtpx:TrackPointExtension></extensions></trkpt><trkpt lat="15.6406543683" lon="73.7095224950"><ele>4.46</ele><time>2025-04-24T05:26:16Z</time><extensions><gpxtpx:TrackPointExtension><gpxtpx:cad>0</gpxtpx:cad></gpxtpx:TrackPointExtension></extensions></trkpt><trkpt lat="15.6404840481" lon="73.7094857823"><ele>4.46</ele><time>2025-04-24T05:26:21Z</time><extensions><gpxtpx:TrackPointExtension><gpxtpx:cad>0</gpxtpx:cad></gpxtpx:TrackPointExtension></extensions></trkpt><trkpt lat="15.6403136440" lon="73.7094400171"><ele>4.94</ele><time>2025-04-24T05:26:26Z</time><extensions><gpxtpx:TrackPointExtension><gpxtpx:cad>0</gpxtpx:cad></gpxtpx:TrackPointExtension></extensions></trkpt><trkpt lat="15.6401461735" lon="73.7094048131"><ele>4.94</ele><time>2025-04-24T05:26:31Z</time><extensions><gpxtpx:TrackPointExtension><gpxtpx:cad>0</gpxtpx:cad></gpxtpx:TrackPointExtension></extensions></trkpt><trkpt lat="15.6399734225" lon="73.7093718722"><ele>4.94</ele><time>2025-04-24T05:26:36Z</time><extensions><gpxtpx:TrackPointExtension><gpxtpx:cad>0</gpxtpx:cad></gpxtpx:TrackPointExtension></extensions></trkpt><trkpt lat="15.6398009229" lon="73.7093388475"><ele>5.42</ele><time>2025-04-24T05:26:41Z</time><extensions><gpxtpx:TrackPointExtension><gpxtpx:cad>0</gpxtpx:cad></gpxtpx:TrackPointExtension></extensions></trkpt><trkpt lat="15.6396295968" lon="73.7093036436"><ele>5.42</ele><time>2025-04-24T05:26:46Z</time><extensions><gpxtpx:TrackPointExtension><gpxtpx:cad>0</gpxtpx:cad></gpxtpx:TrackPointExtension></extensions></trkpt><trkpt lat="15.6394585222" lon="73.7092696968"><ele>5.42</ele><time>2025-04-24T05:26:51Z</time><extensions><gpxtpx:TrackPointExtension><gpxtpx:cad>0</gpxtpx:cad></gpxtpx:TrackPointExtension></extensions></trkpt><trkpt lat="15.6392873637" lon="73.7092358340"><ele>5.42</ele><time>2025-04-24T05:26:56Z</time><extensions><gpxtpx:TrackPointExtension><gpxtpx:cad>0</gpxtpx:cad></gpxtpx:TrackPointExtension></extensions></trkpt><trkpt lat="15.6391157024" lon="73.7092158850"><ele>5.42</ele><time>2025-04-24T05:27:01Z</time><extensions><gpxtpx:TrackPointExtension><gpxtpx:cad>0</gpxtpx:cad></gpxtpx:TrackPointExtension></extensions></trkpt><trkpt lat="15.6389489863" lon="73.7091938406"><ele>5.42</ele><time>2025-04-24T05:27:06Z</time><extensions><gpxtpx:TrackPointExtension><gpxtpx:cad>0</gpxtpx:cad></gpxtpx:TrackPointExtension></extensions></trkpt><trkpt lat="15.6387843657" lon="73.7091391068"><ele>5.42</ele><time>2025-04-24T05:27:11Z</time><extensions><gpxtpx:TrackPointExtension><gpxtpx:cad>0</gpxtpx:cad></gpxtpx:TrackPointExtension></extensions></trkpt><trkpt lat="15.6386200804" lon="73.7090798467"><ele>5.91</ele><time>2025-04-24T05:27:16Z</time><extensions><gpxtpx:TrackPointExtension><gpxtpx:cad>0</gpxtpx:cad></gpxtpx:TrackPointExtension></extensions></trkpt><trkpt lat="15.6384554598" lon="73.7090041582"><ele>5.91</ele><time>2025-04-24T05:27:21Z</time><extensions><gpxtpx:TrackPointExtension><gpxtpx:cad>0</gpxtpx:cad></gpxtpx:TrackPointExtension></extensions></trkpt><trkpt lat="15.6382956170" lon="73.7089337502"><ele>5.91</ele><time>2025-04-24T05:27:26Z</time><extensions><gpxtpx:TrackPointExtension><gpxtpx:cad>0</gpxtpx:cad></gpxtpx:TrackPointExtension></extensions></trkpt><trkpt lat="15.6381280627" lon="73.7088662758"><ele>5.42</ele><time>2025-04-24T05:27:31Z</time><extensions><gpxtpx:TrackPointExtension><gpxtpx:cad>0</gpxtpx:cad></gpxtpx:TrackPointExtension></extensions></trkpt><trkpt lat="15.6379610952" lon="73.7088132184"><ele>5.42</ele><time>2025-04-24T05:27:36Z</time><extensions><gpxtpx:TrackPointExtension><gpxtpx:cad>0</gpxtpx:cad></gpxtpx:TrackPointExtension></extensions></trkpt><trkpt lat="15.6377916969" lon="73.7087716442"><ele>4.94</ele><time>2025-04-24T05:27:41Z</time><extensions><gpxtpx:TrackPointExtension><gpxtpx:cad>0</gpxtpx:cad></gpxtpx:TrackPointExtension></extensions></trkpt><trkpt lat="15.6376217119" lon="73.7087334227"><ele>5.42</ele><time>2025-04-24T05:27:46Z</time><extensions><gpxtpx:TrackPointExtension><gpxtpx:cad>0</gpxtpx:cad></gpxtpx:TrackPointExtension></extensions></trkpt><trkpt lat="15.6374543253" lon="73.7086972967"><ele>5.42</ele><time>2025-04-24T05:27:51Z</time><extensions><gpxtpx:TrackPointExtension><gpxtpx:cad>0</gpxtpx:cad></gpxtpx:TrackPointExtension></extensions></trkpt><trkpt lat="15.6372833345" lon="73.7086595781"><ele>4.94</ele><time>2025-04-24T05:27:56Z</time><extensions><gpxtpx:TrackPointExtension><gpxtpx:cad>0</gpxtpx:cad></gpxtpx:TrackPointExtension></extensions></trkpt><trkpt lat="15.6371120922" lon="73.7086183392"><ele>4.46</ele><time>2025-04-24T05:28:01Z</time><extensions><gpxtpx:TrackPointExtension><gpxtpx:cad>0</gpxtpx:cad></gpxtpx:TrackPointExtension></extensions></trkpt><trkpt lat="15.6369452085" lon="73.7085879967"><ele>4.46</ele><time>2025-04-24T05:28:06Z</time><extensions><gpxtpx:TrackPointExtension><gpxtpx:cad>0</gpxtpx:cad></gpxtpx:TrackPointExtension></extensions></trkpt><trkpt lat="15.6367670931" lon="73.7085600849"><ele>4.46</ele><time>2025-04-24T05:28:11Z</time><extensions><gpxtpx:TrackPointExtension><gpxtpx:cad>0</gpxtpx:cad></gpxtpx:TrackPointExtension></extensions></trkpt><trkpt lat="15.6365922466" lon="73.7085519545"><ele>4.94</ele><time>2025-04-24T05:28:16Z</time><extensions><gpxtpx:TrackPointExtension><gpxtpx:cad>0</gpxtpx:cad></gpxtpx:TrackPointExtension></extensions></trkpt><trkpt lat="15.6364114489" lon="73.7085361965"><ele>4.94</ele><time>2025-04-24T05:28:21Z</time><extensions><gpxtpx:TrackPointExtension><gpxtpx:cad>0</gpxtpx:cad></gpxtpx:TrackPointExtension></extensions></trkpt><trkpt lat="15.6362335011" lon="73.7085289042"><ele>5.42</ele><time>2025-04-24T05:28:26Z</time><extensions><gpxtpx:TrackPointExtension><gpxtpx:cad>0</gpxtpx:cad></gpxtpx:TrackPointExtension></extensions></trkpt><trkpt lat="15.6360579841" lon="73.7085233722"><ele>5.91</ele><time>2025-04-24T05:28:31Z</time><extensions><gpxtpx:TrackPointExtension><gpxtpx:cad>0</gpxtpx:cad></gpxtpx:TrackPointExtension></extensions></trkpt><trkpt lat="15.6358740851" lon="73.7085124757"><ele>5.91</ele><time>2025-04-24T05:28:36Z</time><extensions><gpxtpx:TrackPointExtension><gpxtpx:cad>0</gpxtpx:cad></gpxtpx:TrackPointExtension></extensions></trkpt><trkpt lat="15.6357063632" lon="73.7085242942"><ele>5.91</ele><time>2025-04-24T05:28:41Z</time><extensions><gpxtpx:TrackPointExtension><gpxtpx:cad>0</gpxtpx:cad></gpxtpx:TrackPointExtension></extensions></trkpt><trkpt lat="15.6355330255" lon="73.7085226178"><ele>5.42</ele><time>2025-04-24T05:28:46Z</time><extensions><gpxtpx:TrackPointExtension><gpxtpx:cad>0</gpxtpx:cad></gpxtpx:TrackPointExtension></extensions></trkpt><trkpt lat="15.6353641301" lon="73.7085146550"><ele>5.91</ele><time>2025-04-24T05:28:51Z</time><extensions><gpxtpx:TrackPointExtension><gpxtpx:cad>0</gpxtpx:cad></gpxtpx:TrackPointExtension></extensions></trkpt><trkpt lat="15.6351938937" lon="73.7085066922"><ele>5.42</ele><time>2025-04-24T05:28:56Z</time><extensions><gpxtpx:TrackPointExtension><gpxtpx:cad>0</gpxtpx:cad></gpxtpx:TrackPointExtension></extensions></trkpt><trkpt lat="15.6350200530" lon="73.7084940355"><ele>5.42</ele><time>2025-04-24T05:29:01Z</time><extensions><gpxtpx:TrackPointExtension><gpxtpx:cad>0</gpxtpx:cad></gpxtpx:TrackPointExtension></extensions></trkpt><trkpt lat="15.6348510738" lon="73.7084772717"><ele>5.42</ele><time>2025-04-24T05:29:06Z</time><extensions><gpxtpx:TrackPointExtension><gpxtpx:cad>0</gpxtpx:cad></gpxtpx:TrackPointExtension></extensions></trkpt><trkpt lat="15.6346820947" lon="73.7084255554"><ele>4.94</ele><time>2025-04-24T05:29:11Z</time><extensions><gpxtpx:TrackPointExtension><gpxtpx:cad>0</gpxtpx:cad></gpxtpx:TrackPointExtension></extensions></trkpt><trkpt lat="15.6345261913" lon="73.7083541416"><ele>4.94</ele><time>2025-04-24T05:29:16Z</time><extensions><gpxtpx:TrackPointExtension><gpxtpx:cad>0</gpxtpx:cad></gpxtpx:TrackPointExtension></extensions></trkpt><trkpt lat="15.6343896501" lon="73.7082583364"><ele>4.94</ele><time>2025-04-24T05:29:21Z</time><extensions><gpxtpx:TrackPointExtension><gpxtpx:cad>0</gpxtpx:cad></gpxtpx:TrackPointExtension></extensions></trkpt><trkpt lat="15.6342755724" lon="73.7081310991"><ele>4.94</ele><time>2025-04-24T05:29:26Z</time><extensions><gpxtpx:TrackPointExtension><gpxtpx:cad>0</gpxtpx:cad></gpxtpx:TrackPointExtension></extensions></trkpt><trkpt lat="15.6341787614" lon="73.7079833262"><ele>4.46</ele><time>2025-04-24T05:29:31Z</time><extensions><gpxtpx:TrackPointExtension><gpxtpx:cad>0</gpxtpx:cad></gpxtpx:TrackPointExtension></extensions></trkpt><trkpt lat="15.6340873986" lon="73.7078363914"><ele>4.46</ele><time>2025-04-24T05:29:36Z</time><extensions><gpxtpx:TrackPointExtension><gpxtpx:cad>0</gpxtpx:cad></gpxtpx:TrackPointExtension></extensions></trkpt><trkpt lat="15.6339455768" lon="73.7077423465"><ele>3.98</ele><time>2025-04-24T05:29:41Z</time><extensions><gpxtpx:TrackPointExtension><gpxtpx:cad>0</gpxtpx:cad></gpxtpx:TrackPointExtension></extensions></trkpt><trkpt lat="15.6337801181" lon="73.7076835055"><ele>3.98</ele><time>2025-04-24T05:29:46Z</time><extensions><gpxtpx:TrackPointExtension><gpxtpx:cad>0</gpxtpx:cad></gpxtpx:TrackPointExtension></extensions></trkpt><trkpt lat="15.6336114742" lon="73.7076231558"><ele>3.98</ele><time>2025-04-24T05:29:51Z</time><extensions><gpxtpx:TrackPointExtension><gpxtpx:cad>0</gpxtpx:cad></gpxtpx:TrackPointExtension></extensions></trkpt><trkpt lat="15.6334460154" lon="73.7075726129"><ele>3.98</ele><time>2025-04-24T05:29:56Z</time><extensions><gpxtpx:TrackPointExtension><gpxtpx:cad>0</gpxtpx:cad></gpxtpx:TrackPointExtension></extensions></trkpt><trkpt lat="15.6332775392" lon="73.7075162027"><ele>3.98</ele><time>2025-04-24T05:30:01Z</time><extensions><gpxtpx:TrackPointExtension><gpxtpx:cad>0</gpxtpx:cad></gpxtpx:TrackPointExtension></extensions></trkpt><trkpt lat="15.6331126671" lon="73.7074723653"><ele>3.98</ele><time>2025-04-24T05:30:06Z</time><extensions><gpxtpx:TrackPointExtension><gpxtpx:cad>0</gpxtpx:cad></gpxtpx:TrackPointExtension></extensions></trkpt><trkpt lat="15.6329478789" lon="73.7074179668"><ele>3.98</ele><time>2025-04-24T05:30:11Z</time><extensions><gpxtpx:TrackPointExtension><gpxtpx:cad>0</gpxtpx:cad></gpxtpx:TrackPointExtension></extensions></trkpt><trkpt lat="15.6327902991" lon="73.7073523365"><ele>3.98</ele><time>2025-04-24T05:30:16Z</time><extensions><gpxtpx:TrackPointExtension><gpxtpx:cad>0</gpxtpx:cad></gpxtpx:TrackPointExtension></extensions></trkpt><trkpt lat="15.6326688454" lon="73.7072769832"><ele>3.98</ele><time>2025-04-24T05:30:21Z</time><extensions><gpxtpx:TrackPointExtension><gpxtpx:cad>0</gpxtpx:cad></gpxtpx:TrackPointExtension></extensions></trkpt><trkpt lat="15.6325865351" lon="73.7072234228"><ele>3.98</ele><time>2025-04-24T05:30:26Z</time><extensions><gpxtpx:TrackPointExtension><gpxtpx:cad>0</gpxtpx:cad></gpxtpx:TrackPointExtension></extensions></trkpt><trkpt lat="15.6325274426" lon="73.7071738858"><ele>3.50</ele><time>2025-04-24T05:30:31Z</time><extensions><gpxtpx:TrackPointExtension><gpxtpx:cad>0</gpxtpx:cad></gpxtpx:TrackPointExtension></extensions></trkpt><trkpt lat="15.6324670091" lon="73.7071344070"><ele>3.98</ele><time>2025-04-24T05:30:36Z</time><extensions><gpxtpx:TrackPointExtension><gpxtpx:cad>0</gpxtpx:cad></gpxtpx:TrackPointExtension></extensions></trkpt><trkpt lat="15.6324261054" lon="73.7070987001"><ele>4.94</ele><time>2025-04-24T05:30:41Z</time><extensions><gpxtpx:TrackPointExtension><gpxtpx:cad>0</gpxtpx:cad></gpxtpx:TrackPointExtension></extensions></trkpt><trkpt lat="15.6323840283" lon="73.7070624903"><ele>4.94</ele><time>2025-04-24T05:30:46Z</time><extensions><gpxtpx:TrackPointExtension><gpxtpx:cad>0</gpxtpx:cad></gpxtpx:TrackPointExtension></extensions></trkpt><trkpt lat="15.6323462259" lon="73.7070318963"><ele>4.46</ele><time>2025-04-24T05:30:51Z</time><extensions><gpxtpx:TrackPointExtension><gpxtpx:cad>0</gpxtpx:cad></gpxtpx:TrackPointExtension></extensions></trkpt><trkpt lat="15.6323211640" lon="73.7070056610"><ele>4.46</ele><time>2025-04-24T05:30:56Z</time><extensions><gpxtpx:TrackPointExtension><gpxtpx:cad>0</gpxtpx:cad></gpxtpx:TrackPointExtension></extensions></trkpt><trkpt lat="15.6322819367" lon="73.7069785036"><ele>4.46</ele><time>2025-04-24T05:31:01Z</time><extensions><gpxtpx:TrackPointExtension><gpxtpx:cad>0</gpxtpx:cad></gpxtpx:TrackPointExtension></extensions></trkpt><trkpt lat="15.6322510913" lon="73.7069561239"><ele>3.98</ele><time>2025-04-24T05:31:06Z</time><extensions><gpxtpx:TrackPointExtension><gpxtpx:cad>0</gpxtpx:cad></gpxtpx:TrackPointExtension></extensions></trkpt><trkpt lat="15.6322199106" lon="73.7069375161"><ele>3.98</ele><time>2025-04-24T05:31:11Z</time><extensions><gpxtpx:TrackPointExtension><gpxtpx:cad>0</gpxtpx:cad></gpxtpx:TrackPointExtension></extensions></trkpt><trkpt lat="15.6321844552" lon="73.7069249433"><ele>3.98</ele><time>2025-04-24T05:31:16Z</time><extensions><gpxtpx:TrackPointExtension><gpxtpx:cad>0</gpxtpx:cad></gpxtpx:TrackPointExtension></extensions></trkpt><trkpt lat="15.6321453117" lon="73.7069044076"><ele>3.98</ele><time>2025-04-24T05:31:21Z</time><extensions><gpxtpx:TrackPointExtension><gpxtpx:cad>0</gpxtpx:cad></gpxtpx:TrackPointExtension></extensions></trkpt><trkpt lat="15.6321064197" lon="73.7068936788"><ele>3.98</ele><time>2025-04-24T05:31:26Z</time><extensions><gpxtpx:TrackPointExtension><gpxtpx:cad>0</gpxtpx:cad></gpxtpx:TrackPointExtension></extensions></trkpt><trkpt lat="15.6320584752" lon="73.7068852969"><ele>3.98</ele><time>2025-04-24T05:31:31Z</time><extensions><gpxtpx:TrackPointExtension><gpxtpx:cad>0</gpxtpx:cad></gpxtpx:TrackPointExtension></extensions></trkpt><trkpt lat="15.6319858879" lon="73.7068604864"><ele>3.50</ele><time>2025-04-24T05:31:36Z</time><extensions><gpxtpx:TrackPointExtension><gpxtpx:cad>0</gpxtpx:cad></gpxtpx:TrackPointExtension></extensions></trkpt><trkpt lat="15.6318863947" lon="73.7068386935"><ele>4.46</ele><time>2025-04-24T05:31:41Z</time><extensions><gpxtpx:TrackPointExtension><gpxtpx:cad>0</gpxtpx:cad></gpxtpx:TrackPointExtension></extensions></trkpt><trkpt lat="15.6317714788" lon="73.7068119552"><ele>5.42</ele><time>2025-04-24T05:31:46Z</time><extensions><gpxtpx:TrackPointExtension><gpxtpx:cad>0</gpxtpx:cad></gpxtpx:TrackPointExtension></extensions></trkpt><trkpt lat="15.6316529587" lon="73.7067656033"><ele>5.42</ele><time>2025-04-24T05:31:51Z</time><extensions><gpxtpx:TrackPointExtension><gpxtpx:cad>0</gpxtpx:cad></gpxtpx:TrackPointExtension></extensions></trkpt><trkpt lat="15.6315327622" lon="73.7067221850"><ele>5.91</ele><time>2025-04-24T05:31:56Z</time><extensions><gpxtpx:TrackPointExtension><gpxtpx:cad>0</gpxtpx:cad></gpxtpx:TrackPointExtension></extensions></trkpt><trkpt lat="15.6314065307" lon="73.7066719774"><ele>5.91</ele><time>2025-04-24T05:32:01Z</time><extensions><gpxtpx:TrackPointExtension><gpxtpx:cad>0</gpxtpx:cad></gpxtpx:TrackPointExtension></extensions></trkpt><trkpt lat="15.6312515493" lon="73.7066258769"><ele>6.39</ele><time>2025-04-24T05:32:07Z</time><extensions><gpxtpx:TrackPointExtension><gpxtpx:cad>0</gpxtpx:cad></gpxtpx:TrackPointExtension></extensions></trkpt><trkpt lat="15.6310848333" lon="73.7065846380"><ele>5.91</ele><time>2025-04-24T05:32:13Z</time><extensions><gpxtpx:TrackPointExtension><gpxtpx:cad>0</gpxtpx:cad></gpxtpx:TrackPointExtension></extensions></trkpt><trkpt lat="15.6309440173" lon="73.7065669522"><ele>5.91</ele><time>2025-04-24T05:32:18Z</time><extensions><gpxtpx:TrackPointExtension><gpxtpx:cad>0</gpxtpx:cad></gpxtpx:TrackPointExtension></extensions></trkpt><trkpt lat="15.6307928916" lon="73.7065506075"><ele>5.91</ele><time>2025-04-24T05:32:23Z</time><extensions><gpxtpx:TrackPointExtension><gpxtpx:cad>0</gpxtpx:cad></gpxtpx:TrackPointExtension></extensions></trkpt><trkpt lat="15.6306477170" lon="73.7065493502"><ele>5.91</ele><time>2025-04-24T05:32:28Z</time><extensions><gpxtpx:TrackPointExtension><gpxtpx:cad>0</gpxtpx:cad></gpxtpx:TrackPointExtension></extensions></trkpt><trkpt lat="15.6304988544" lon="73.7065628450"><ele>5.91</ele><time>2025-04-24T05:32:33Z</time><extensions><gpxtpx:TrackPointExtension><gpxtpx:cad>0</gpxtpx:cad></gpxtpx:TrackPointExtension></extensions></trkpt><trkpt lat="15.6303530931" lon="73.7065875717"><ele>5.42</ele><time>2025-04-24T05:32:38Z</time><extensions><gpxtpx:TrackPointExtension><gpxtpx:cad>0</gpxtpx:cad></gpxtpx:TrackPointExtension></extensions></trkpt><trkpt lat="15.6302095111" lon="73.7066149805"><ele>5.91</ele><time>2025-04-24T05:32:43Z</time><extensions><gpxtpx:TrackPointExtension><gpxtpx:cad>0</gpxtpx:cad></gpxtpx:TrackPointExtension></extensions></trkpt><trkpt lat="15.6300598104" lon="73.7066367734"><ele>5.91</ele><time>2025-04-24T05:32:48Z</time><extensions><gpxtpx:TrackPointExtension><gpxtpx:cad>0</gpxtpx:cad></gpxtpx:TrackPointExtension></extensions></trkpt><trkpt lat="15.6299149711" lon="73.7066630088"><ele>5.91</ele><time>2025-04-24T05:32:53Z</time><extensions><gpxtpx:TrackPointExtension><gpxtpx:cad>0</gpxtpx:cad></gpxtpx:TrackPointExtension></extensions></trkpt><trkpt lat="15.6297712214" lon="73.7066875678"><ele>5.91</ele><time>2025-04-24T05:32:58Z</time><extensions><gpxtpx:TrackPointExtension><gpxtpx:cad>0</gpxtpx:cad></gpxtpx:TrackPointExtension></extensions></trkpt><trkpt lat="15.6296260469" lon="73.7067166530"><ele>5.91</ele><time>2025-04-24T05:33:03Z</time><extensions><gpxtpx:TrackPointExtension><gpxtpx:cad>0</gpxtpx:cad></gpxtpx:TrackPointExtension></extensions></trkpt><trkpt lat="15.6294882484" lon="73.7067636754"><ele>5.42</ele><time>2025-04-24T05:33:08Z</time><extensions><gpxtpx:TrackPointExtension><gpxtpx:cad>0</gpxtpx:cad></gpxtpx:TrackPointExtension></extensions></trkpt><trkpt lat="15.6293471809" lon="73.7068062555"><ele>5.42</ele><time>2025-04-24T05:33:13Z</time><extensions><gpxtpx:TrackPointExtension><gpxtpx:cad>0</gpxtpx:cad></gpxtpx:TrackPointExtension></extensions></trkpt><trkpt lat="15.6292105559" lon="73.7068655994"><ele>6.39</ele><time>2025-04-24T05:33:18Z</time><extensions><gpxtpx:TrackPointExtension><gpxtpx:cad>0</gpxtpx:cad></gpxtpx:TrackPointExtension></extensions></trkpt><trkpt lat="15.6290659681" lon="73.7069068383"><ele>6.39</ele><time>2025-04-24T05:33:23Z</time><extensions><gpxtpx:TrackPointExtension><gpxtpx:cad>0</gpxtpx:cad></gpxtpx:TrackPointExtension></extensions></trkpt><trkpt lat="15.6289249845" lon="73.7069265358"><ele>6.87</ele><time>2025-04-24T05:33:28Z</time><extensions><gpxtpx:TrackPointExtension><gpxtpx:cad>0</gpxtpx:cad></gpxtpx:TrackPointExtension></extensions></trkpt><trkpt lat="15.6287886109" lon="73.7069353368"><ele>6.39</ele><time>2025-04-24T05:33:33Z</time><extensions><gpxtpx:TrackPointExtension><gpxtpx:cad>0</gpxtpx:cad></gpxtpx:TrackPointExtension></extensions></trkpt><trkpt lat="15.6286728568" lon="73.7069260329"><ele>6.39</ele><time>2025-04-24T05:33:38Z</time><extensions><gpxtpx:TrackPointExtension><gpxtpx:cad>0</gpxtpx:cad></gpxtpx:TrackPointExtension></extensions></trkpt><trkpt lat="15.6285652332" lon="73.7069164775"><ele>6.39</ele><time>2025-04-24T05:33:43Z</time><extensions><gpxtpx:TrackPointExtension><gpxtpx:cad>0</gpxtpx:cad></gpxtpx:TrackPointExtension></extensions></trkpt><trkpt lat="15.6284333859" lon="73.7068956066"><ele>6.39</ele><time>2025-04-24T05:33:48Z</time><extensions><gpxtpx:TrackPointExtension><gpxtpx:cad>0</gpxtpx:cad></gpxtpx:TrackPointExtension></extensions></trkpt><trkpt lat="15.6282970961" lon="73.7068875600"><ele>5.91</ele><time>2025-04-24T05:33:53Z</time><extensions><gpxtpx:TrackPointExtension><gpxtpx:cad>0</gpxtpx:cad></gpxtpx:TrackPointExtension></extensions></trkpt><trkpt lat="15.6281562801" lon="73.7068695389"><ele>5.42</ele><time>2025-04-24T05:33:58Z</time><extensions><gpxtpx:TrackPointExtension><gpxtpx:cad>0</gpxtpx:cad></gpxtpx:TrackPointExtension></extensions></trkpt><trkpt lat="15.6280148774" lon="73.7068496738"><ele>5.91</ele><time>2025-04-24T05:34:03Z</time><extensions><gpxtpx:TrackPointExtension><gpxtpx:cad>0</gpxtpx:cad></gpxtpx:TrackPointExtension></extensions></trkpt><trkpt lat="15.6278605666" lon="73.7068338320"><ele>6.39</ele><time>2025-04-24T05:34:08Z</time><extensions><gpxtpx:TrackPointExtension><gpxtpx:cad>0</gpxtpx:cad></gpxtpx:TrackPointExtension></extensions></trkpt><trkpt lat="15.6277060043" lon="73.7068280485"><ele>6.87</ele><time>2025-04-24T05:34:13Z</time><extensions><gpxtpx:TrackPointExtension><gpxtpx:cad>0</gpxtpx:cad></gpxtpx:TrackPointExtension></extensions></trkpt><trkpt lat="15.6275484245" lon="73.7068282999"><ele>7.83</ele><time>2025-04-24T05:34:18Z</time><extensions><gpxtpx:TrackPointExtension><gpxtpx:cad>0</gpxtpx:cad></gpxtpx:TrackPointExtension></extensions></trkpt><trkpt lat="15.6273883302" lon="73.7068353407"><ele>8.31</ele><time>2025-04-24T05:34:23Z</time><extensions><gpxtpx:TrackPointExtension><gpxtpx:cad>0</gpxtpx:cad></gpxtpx:TrackPointExtension></extensions></trkpt><trkpt lat="15.6272292417" lon="73.7068490870"><ele>8.31</ele><time>2025-04-24T05:34:28Z</time><extensions><gpxtpx:TrackPointExtension><gpxtpx:cad>0</gpxtpx:cad></gpxtpx:TrackPointExtension></extensions></trkpt><trkpt lat="15.6270703208" lon="73.7068651803"><ele>7.83</ele><time>2025-04-24T05:34:33Z</time><extensions><gpxtpx:TrackPointExtension><gpxtpx:cad>0</gpxtpx:cad></gpxtpx:TrackPointExtension></extensions></trkpt><trkpt lat="15.6269191951" lon="73.7069000490"><ele>7.83</ele><time>2025-04-24T05:34:38Z</time><extensions><gpxtpx:TrackPointExtension><gpxtpx:cad>0</gpxtpx:cad></gpxtpx:TrackPointExtension></extensions></trkpt><trkpt lat="15.6267576758" lon="73.7069215067"><ele>7.83</ele><time>2025-04-24T05:34:43Z</time><extensions><gpxtpx:TrackPointExtension><gpxtpx:cad>0</gpxtpx:cad></gpxtpx:TrackPointExtension></extensions></trkpt><trkpt lat="15.6266004313" lon="73.7069622427"><ele>8.31</ele><time>2025-04-24T05:34:48Z</time><extensions><gpxtpx:TrackPointExtension><gpxtpx:cad>0</gpxtpx:cad></gpxtpx:TrackPointExtension></extensions></trkpt><trkpt lat="15.6264584418" lon="73.7070193235"><ele>8.79</ele><time>2025-04-24T05:34:53Z</time><extensions><gpxtpx:TrackPointExtension><gpxtpx:cad>0</gpxtpx:cad></gpxtpx:TrackPointExtension></extensions></trkpt><trkpt lat="15.6263045501" lon="73.7070768233"><ele>8.31</ele><time>2025-04-24T05:34:58Z</time><extensions><gpxtpx:TrackPointExtension><gpxtpx:cad>0</gpxtpx:cad></gpxtpx:TrackPointExtension></extensions></trkpt><trkpt lat="15.6261608005" lon="73.7071375083"><ele>7.83</ele><time>2025-04-24T05:35:03Z</time><extensions><gpxtpx:TrackPointExtension><gpxtpx:cad>0</gpxtpx:cad></gpxtpx:TrackPointExtension></extensions></trkpt><trkpt lat="15.6260105968" lon="73.7072039768"><ele>8.31</ele><time>2025-04-24T05:35:08Z</time><extensions><gpxtpx:TrackPointExtension><gpxtpx:cad>0</gpxtpx:cad></gpxtpx:TrackPointExtension></extensions></trkpt><trkpt lat="15.6258603092" lon="73.7072768155"><ele>8.31</ele><time>2025-04-24T05:35:13Z</time><extensions><gpxtpx:TrackPointExtension><gpxtpx:cad>0</gpxtpx:cad></gpxtpx:TrackPointExtension></extensions></trkpt><trkpt lat="15.6257371791" lon="73.7073750515"><ele>8.31</ele><time>2025-04-24T05:35:18Z</time><extensions><gpxtpx:TrackPointExtension><gpxtpx:cad>0</gpxtpx:cad></gpxtpx:TrackPointExtension></extensions></trkpt><trkpt lat="15.6255985424" lon="73.7074800767"><ele>7.83</ele><time>2025-04-24T05:35:23Z</time><extensions><gpxtpx:TrackPointExtension><gpxtpx:cad>0</gpxtpx:cad></gpxtpx:TrackPointExtension></extensions></trkpt><trkpt lat="15.6254746579" lon="73.7075753789"><ele>7.35</ele><time>2025-04-24T05:35:28Z</time><extensions><gpxtpx:TrackPointExtension><gpxtpx:cad>0</gpxtpx:cad></gpxtpx:TrackPointExtension></extensions></trkpt><trkpt lat="15.6253413018" lon="73.7076859362"><ele>6.87</ele><time>2025-04-24T05:35:33Z</time><extensions><gpxtpx:TrackPointExtension><gpxtpx:cad>0</gpxtpx:cad></gpxtpx:TrackPointExtension></extensions></trkpt><trkpt lat="15.6252165791" lon="73.7077816576"><ele>6.39</ele><time>2025-04-24T05:35:38Z</time><extensions><gpxtpx:TrackPointExtension><gpxtpx:cad>0</gpxtpx:cad></gpxtpx:TrackPointExtension></extensions></trkpt><trkpt lat="15.6250874139" lon="73.7078855094"><ele>6.39</ele><time>2025-04-24T05:35:43Z</time><extensions><gpxtpx:TrackPointExtension><gpxtpx:cad>0</gpxtpx:cad></gpxtpx:TrackPointExtension></extensions></trkpt><trkpt lat="15.6249541417" lon="73.7079951447"><ele>6.87</ele><time>2025-04-24T05:35:48Z</time><extensions><gpxtpx:TrackPointExtension><gpxtpx:cad>0</gpxtpx:cad></gpxtpx:TrackPointExtension></extensions></trkpt><trkpt lat="15.6248284131" lon="73.7080963142"><ele>7.35</ele><time>2025-04-24T05:35:53Z</time><extensions><gpxtpx:TrackPointExtension><gpxtpx:cad>0</gpxtpx:cad></gpxtpx:TrackPointExtension></extensions></trkpt><trkpt lat="15.6246890221" lon="73.7082076259"><ele>7.83</ele><time>2025-04-24T05:35:58Z</time><extensions><gpxtpx:TrackPointExtension><gpxtpx:cad>0</gpxtpx:cad></gpxtpx:TrackPointExtension></extensions></trkpt><trkpt lat="15.6245550793" lon="73.7083072029"><ele>6.87</ele><time>2025-04-24T05:36:03Z</time><extensions><gpxtpx:TrackPointExtension><gpxtpx:cad>0</gpxtpx:cad></gpxtpx:TrackPointExtension></extensions></trkpt><trkpt lat="15.6244006008" lon="73.7084295787"><ele>7.35</ele><time>2025-04-24T05:36:08Z</time><extensions><gpxtpx:TrackPointExtension><gpxtpx:cad>0</gpxtpx:cad></gpxtpx:TrackPointExtension></extensions></trkpt><trkpt lat="15.6242611259" lon="73.7085373700"><ele>7.35</ele><time>2025-04-24T05:36:13Z</time><extensions><gpxtpx:TrackPointExtension><gpxtpx:cad>0</gpxtpx:cad></gpxtpx:TrackPointExtension></extensions></trkpt><trkpt lat="15.6241212320" lon="73.7086545490"><ele>7.35</ele><time>2025-04-24T05:36:18Z</time><extensions><gpxtpx:TrackPointExtension><gpxtpx:cad>0</gpxtpx:cad></gpxtpx:TrackPointExtension></extensions></trkpt><trkpt lat="15.6239947490" lon="73.7087600771"><ele>7.83</ele><time>2025-04-24T05:36:23Z</time><extensions><gpxtpx:TrackPointExtension><gpxtpx:cad>0</gpxtpx:cad></gpxtpx:TrackPointExtension></extensions></trkpt><trkpt lat="15.6238435395" lon="73.7088573072"><ele>7.83</ele><time>2025-04-24T05:36:28Z</time><extensions><gpxtpx:TrackPointExtension><gpxtpx:cad>0</gpxtpx:cad></gpxtpx:TrackPointExtension></extensions></trkpt><trkpt lat="15.6236977782" lon="73.7089461554"><ele>7.83</ele><time>2025-04-24T05:36:33Z</time><extensions><gpxtpx:TrackPointExtension><gpxtpx:cad>0</gpxtpx:cad></gpxtpx:TrackPointExtension></extensions></trkpt><trkpt lat="15.6235412881" lon="73.7090588920"><ele>8.31</ele><time>2025-04-24T05:36:38Z</time><extensions><gpxtpx:TrackPointExtension><gpxtpx:cad>0</gpxtpx:cad></gpxtpx:TrackPointExtension></extensions></trkpt><trkpt lat="15.6234136317" lon="73.7091541104"><ele>7.83</ele><time>2025-04-24T05:36:43Z</time><extensions><gpxtpx:TrackPointExtension><gpxtpx:cad>0</gpxtpx:cad></gpxtpx:TrackPointExtension></extensions></trkpt><trkpt lat="15.6232633442" lon="73.7092647515"><ele>8.31</ele><time>2025-04-24T05:36:48Z</time><extensions><gpxtpx:TrackPointExtension><gpxtpx:cad>0</gpxtpx:cad></gpxtpx:TrackPointExtension></extensions></trkpt><trkpt lat="15.6231336761" lon="73.7093729619"><ele>8.31</ele><time>2025-04-24T05:36:53Z</time><extensions><gpxtpx:TrackPointExtension><gpxtpx:cad>0</gpxtpx:cad></gpxtpx:TrackPointExtension></extensions></trkpt><trkpt lat="15.6229838077" lon="73.7094888836"><ele>8.79</ele><time>2025-04-24T05:36:58Z</time><extensions><gpxtpx:TrackPointExtension><gpxtpx:cad>0</gpxtpx:cad></gpxtpx:TrackPointExtension></extensions></trkpt><trkpt lat="15.6228450872" lon="73.7095898855"><ele>8.79</ele><time>2025-04-24T05:37:03Z</time><extensions><gpxtpx:TrackPointExtension><gpxtpx:cad>0</gpxtpx:cad></gpxtpx:TrackPointExtension></extensions></trkpt><trkpt lat="15.6226955540" lon="73.7097050529"><ele>8.31</ele><time>2025-04-24T05:37:08Z</time><extensions><gpxtpx:TrackPointExtension><gpxtpx:cad>0</gpxtpx:cad></gpxtpx:TrackPointExtension></extensions></trkpt><trkpt lat="15.6225623656" lon="73.7098125089"><ele>8.31</ele><time>2025-04-24T05:37:13Z</time><extensions><gpxtpx:TrackPointExtension><gpxtpx:cad>0</gpxtpx:cad></gpxtpx:TrackPointExtension></extensions></trkpt><trkpt lat="15.6224175263" lon="73.7099213060"><ele>7.83</ele><time>2025-04-24T05:37:18Z</time><extensions><gpxtpx:TrackPointExtension><gpxtpx:cad>0</gpxtpx:cad></gpxtpx:TrackPointExtension></extensions></trkpt><trkpt lat="15.6222653948" lon="73.7100145128"><ele>7.35</ele><time>2025-04-24T05:37:23Z</time><extensions><gpxtpx:TrackPointExtension><gpxtpx:cad>0</gpxtpx:cad></gpxtpx:TrackPointExtension></extensions></trkpt><trkpt lat="15.6221125927" lon="73.7101192027"><ele>7.83</ele><time>2025-04-24T05:37:28Z</time><extensions><gpxtpx:TrackPointExtension><gpxtpx:cad>0</gpxtpx:cad></gpxtpx:TrackPointExtension></extensions></trkpt><trkpt lat="15.6219809130" lon="73.7102394830"><ele>7.35</ele><time>2025-04-24T05:37:33Z</time><extensions><gpxtpx:TrackPointExtension><gpxtpx:cad>0</gpxtpx:cad></gpxtpx:TrackPointExtension></extensions></trkpt><trkpt lat="15.6218576152" lon="73.7103606015"><ele>7.35</ele><time>2025-04-24T05:37:38Z</time><extensions><gpxtpx:TrackPointExtension><gpxtpx:cad>0</gpxtpx:cad></gpxtpx:TrackPointExtension></extensions></trkpt><trkpt lat="15.6217338145" lon="73.7104776967"><ele>6.39</ele><time>2025-04-24T05:37:43Z</time><extensions><gpxtpx:TrackPointExtension><gpxtpx:cad>0</gpxtpx:cad></gpxtpx:TrackPointExtension></extensions></trkpt><trkpt lat="15.6216014642" lon="73.7106031738"><ele>6.39</ele><time>2025-04-24T05:37:48Z</time><extensions><gpxtpx:TrackPointExtension><gpxtpx:cad>0</gpxtpx:cad></gpxtpx:TrackPointExtension></extensions></trkpt><trkpt lat="15.6214693654" lon="73.7107189279"><ele>6.39</ele><time>2025-04-24T05:37:53Z</time><extensions><gpxtpx:TrackPointExtension><gpxtpx:cad>0</gpxtpx:cad></gpxtpx:TrackPointExtension></extensions></trkpt><trkpt lat="15.6213309802" lon="73.7108327542"><ele>6.39</ele><time>2025-04-24T05:37:58Z</time><extensions><gpxtpx:TrackPointExtension><gpxtpx:cad>0</gpxtpx:cad></gpxtpx:TrackPointExtension></extensions></trkpt><trkpt lat="15.6212126277" lon="73.7109399587"><ele>6.39</ele><time>2025-04-24T05:38:03Z</time><extensions><gpxtpx:TrackPointExtension><gpxtpx:cad>0</gpxtpx:cad></gpxtpx:TrackPointExtension></extensions></trkpt><trkpt lat="15.6210884918" lon="73.7110826187"><ele>6.39</ele><time>2025-04-24T05:38:08Z</time><extensions><gpxtpx:TrackPointExtension><gpxtpx:cad>0</gpxtpx:cad></gpxtpx:TrackPointExtension></extensions></trkpt><trkpt lat="15.6209618412" lon="73.7112058327"><ele>6.39</ele><time>2025-04-24T05:38:13Z</time><extensions><gpxtpx:TrackPointExtension><gpxtpx:cad>0</gpxtpx:cad></gpxtpx:TrackPointExtension></extensions></trkpt><trkpt lat="15.6208330952" lon="73.7113400269"><ele>6.39</ele><time>2025-04-24T05:38:18Z</time><extensions><gpxtpx:TrackPointExtension><gpxtpx:cad>0</gpxtpx:cad></gpxtpx:TrackPointExtension></extensions></trkpt><trkpt lat="15.6207319256" lon="73.7114779931"><ele>6.39</ele><time>2025-04-24T05:38:23Z</time><extensions><gpxtpx:TrackPointExtension><gpxtpx:cad>0</gpxtpx:cad></gpxtpx:TrackPointExtension></extensions></trkpt><trkpt lat="15.6205991562" lon="73.7116069905"><ele>6.39</ele><time>2025-04-24T05:38:28Z</time><extensions><gpxtpx:TrackPointExtension><gpxtpx:cad>0</gpxtpx:cad></gpxtpx:TrackPointExtension></extensions></trkpt><trkpt lat="15.6204952206" lon="73.7117527518"><ele>6.87</ele><time>2025-04-24T05:38:33Z</time><extensions><gpxtpx:TrackPointExtension><gpxtpx:cad>0</gpxtpx:cad></gpxtpx:TrackPointExtension></extensions></trkpt><trkpt lat="15.6203917880" lon="73.7119136844"><ele>7.35</ele><time>2025-04-24T05:38:38Z</time><extensions><gpxtpx:TrackPointExtension><gpxtpx:cad>0</gpxtpx:cad></gpxtpx:TrackPointExtension></extensions></trkpt><trkpt lat="15.6202825718" lon="73.7120401673"><ele>7.35</ele><time>2025-04-24T05:38:43Z</time><extensions><gpxtpx:TrackPointExtension><gpxtpx:cad>0</gpxtpx:cad></gpxtpx:TrackPointExtension></extensions></trkpt><trkpt lat="15.6201545801" lon="73.7121674884"><ele>6.87</ele><time>2025-04-24T05:38:48Z</time><extensions><gpxtpx:TrackPointExtension><gpxtpx:cad>0</gpxtpx:cad></gpxtpx:TrackPointExtension></extensions></trkpt><trkpt lat="15.6200250797" lon="73.7123318575"><ele>7.35</ele><time>2025-04-24T05:38:53Z</time><extensions><gpxtpx:TrackPointExtension><gpxtpx:cad>0</gpxtpx:cad></gpxtpx:TrackPointExtension></extensions></trkpt><trkpt lat="15.6199088227" lon="73.7124751043"><ele>6.87</ele><time>2025-04-24T05:38:58Z</time><extensions><gpxtpx:TrackPointExtension><gpxtpx:cad>0</gpxtpx:cad></gpxtpx:TrackPointExtension></extensions></trkpt><trkpt lat="15.6197846867" lon="73.7126234639"><ele>7.35</ele><time>2025-04-24T05:39:03Z</time><extensions><gpxtpx:TrackPointExtension><gpxtpx:cad>0</gpxtpx:cad></gpxtpx:TrackPointExtension></extensions></trkpt><trkpt lat="15.6196853612" lon="73.7127703149"><ele>6.87</ele><time>2025-04-24T05:39:08Z</time><extensions><gpxtpx:TrackPointExtension><gpxtpx:cad>0</gpxtpx:cad></gpxtpx:TrackPointExtension></extensions></trkpt><trkpt lat="15.6195719540" lon="73.7129216921"><ele>7.35</ele><time>2025-04-24T05:39:13Z</time><extensions><gpxtpx:TrackPointExtension><gpxtpx:cad>0</gpxtpx:cad></gpxtpx:TrackPointExtension></extensions></trkpt><trkpt lat="15.6194465607" lon="73.7130620889"><ele>7.35</ele><time>2025-04-24T05:39:18Z</time><extensions><gpxtpx:TrackPointExtension><gpxtpx:cad>0</gpxtpx:cad></gpxtpx:TrackPointExtension></extensions></trkpt><trkpt lat="15.6193179823" lon="73.7132241111"><ele>7.83</ele><time>2025-04-24T05:39:23Z</time><extensions><gpxtpx:TrackPointExtension><gpxtpx:cad>0</gpxtpx:cad></gpxtpx:TrackPointExtension></extensions></trkpt><trkpt lat="15.6191852968" lon="73.7133908272"><ele>8.79</ele><time>2025-04-24T05:39:28Z</time><extensions><gpxtpx:TrackPointExtension><gpxtpx:cad>0</gpxtpx:cad></gpxtpx:TrackPointExtension></extensions></trkpt><trkpt lat="15.6190766674" lon="73.7135308888"><ele>8.31</ele><time>2025-04-24T05:39:33Z</time><extensions><gpxtpx:TrackPointExtension><gpxtpx:cad>0</gpxtpx:cad></gpxtpx:TrackPointExtension></extensions></trkpt><trkpt lat="15.6189645175" lon="73.7136694416"><ele>8.31</ele><time>2025-04-24T05:39:38Z</time><extensions><gpxtpx:TrackPointExtension><gpxtpx:cad>0</gpxtpx:cad></gpxtpx:TrackPointExtension></extensions></trkpt><trkpt lat="15.6188412197" lon="73.7138326373"><ele>8.31</ele><time>2025-04-24T05:39:43Z</time><extensions><gpxtpx:TrackPointExtension><gpxtpx:cad>0</gpxtpx:cad></gpxtpx:TrackPointExtension></extensions></trkpt><trkpt lat="15.6187230349" lon="73.7139700167"><ele>8.31</ele><time>2025-04-24T05:39:48Z</time><extensions><gpxtpx:TrackPointExtension><gpxtpx:cad>0</gpxtpx:cad></gpxtpx:TrackPointExtension></extensions></trkpt><trkpt lat="15.6185967196" lon="73.7141216453"><ele>8.31</ele><time>2025-04-24T05:39:53Z</time><extensions><gpxtpx:TrackPointExtension><gpxtpx:cad>0</gpxtpx:cad></gpxtpx:TrackPointExtension></extensions></trkpt><trkpt lat="15.6184780318" lon="73.7142752856"><ele>7.83</ele><time>2025-04-24T05:39:58Z</time><extensions><gpxtpx:TrackPointExtension><gpxtpx:cad>0</gpxtpx:cad></gpxtpx:TrackPointExtension></extensions></trkpt><trkpt lat="15.6183557399" lon="73.7144100666"><ele>7.83</ele><time>2025-04-24T05:40:03Z</time><extensions><gpxtpx:TrackPointExtension><gpxtpx:cad>0</gpxtpx:cad></gpxtpx:TrackPointExtension></extensions></trkpt><trkpt lat="15.6182265747" lon="73.7145528942"><ele>7.83</ele><time>2025-04-24T05:40:08Z</time><extensions><gpxtpx:TrackPointExtension><gpxtpx:cad>0</gpxtpx:cad></gpxtpx:TrackPointExtension></extensions></trkpt><trkpt lat="15.6181151792" lon="73.7147203647"><ele>8.31</ele><time>2025-04-24T05:40:13Z</time><extensions><gpxtpx:TrackPointExtension><gpxtpx:cad>0</gpxtpx:cad></gpxtpx:TrackPointExtension></extensions></trkpt><trkpt lat="15.6179901212" lon="73.7148626056"><ele>7.83</ele><time>2025-04-24T05:40:18Z</time><extensions><gpxtpx:TrackPointExtension><gpxtpx:cad>0</gpxtpx:cad></gpxtpx:TrackPointExtension></extensions></trkpt><trkpt lat="15.6178577710" lon="73.7150009908"><ele>7.35</ele><time>2025-04-24T05:40:23Z</time><extensions><gpxtpx:TrackPointExtension><gpxtpx:cad>0</gpxtpx:cad></gpxtpx:TrackPointExtension></extensions></trkpt><trkpt lat="15.6177359819" lon="73.7151553854"><ele>7.35</ele><time>2025-04-24T05:40:28Z</time><extensions><gpxtpx:TrackPointExtension><gpxtpx:cad>0</gpxtpx:cad></gpxtpx:TrackPointExtension></extensions></trkpt><trkpt lat="15.6176094990" lon="73.7152938545"><ele>6.87</ele><time>2025-04-24T05:40:33Z</time><extensions><gpxtpx:TrackPointExtension><gpxtpx:cad>0</gpxtpx:cad></gpxtpx:TrackPointExtension></extensions></trkpt><trkpt lat="15.6174899731" lon="73.7154293060"><ele>6.87</ele><time>2025-04-24T05:40:38Z</time><extensions><gpxtpx:TrackPointExtension><gpxtpx:cad>0</gpxtpx:cad></gpxtpx:TrackPointExtension></extensions></trkpt><trkpt lat="15.6173655018" lon="73.7155898195"><ele>6.87</ele><time>2025-04-24T05:40:43Z</time><extensions><gpxtpx:TrackPointExtension><gpxtpx:cad>0</gpxtpx:cad></gpxtpx:TrackPointExtension></extensions></trkpt><trkpt lat="15.6172362529" lon="73.7157257739"><ele>6.87</ele><time>2025-04-24T05:40:48Z</time><extensions><gpxtpx:TrackPointExtension><gpxtpx:cad>0</gpxtpx:cad></gpxtpx:TrackPointExtension></extensions></trkpt><trkpt lat="15.6171167269" lon="73.7158687692"><ele>7.35</ele><time>2025-04-24T05:40:53Z</time><extensions><gpxtpx:TrackPointExtension><gpxtpx:cad>0</gpxtpx:cad></gpxtpx:TrackPointExtension></extensions></trkpt><trkpt lat="15.6170056667" lon="73.7160039693"><ele>7.83</ele><time>2025-04-24T05:40:58Z</time><extensions><gpxtpx:TrackPointExtension><gpxtpx:cad>0</gpxtpx:cad></gpxtpx:TrackPointExtension></extensions></trkpt><trkpt lat="15.6168796867" lon="73.7161510717"><ele>7.83</ele><time>2025-04-24T05:41:03Z</time><extensions><gpxtpx:TrackPointExtension><gpxtpx:cad>0</gpxtpx:cad></gpxtpx:TrackPointExtension></extensions></trkpt><trkpt lat="15.6167705543" lon="73.7162972521"><ele>9.27</ele><time>2025-04-24T05:41:08Z</time><extensions><gpxtpx:TrackPointExtension><gpxtpx:cad>0</gpxtpx:cad></gpxtpx:TrackPointExtension></extensions></trkpt><trkpt lat="15.6166545488" lon="73.7164443545"><ele>9.27</ele><time>2025-04-24T05:41:13Z</time><extensions><gpxtpx:TrackPointExtension><gpxtpx:cad>0</gpxtpx:cad></gpxtpx:TrackPointExtension></extensions></trkpt><trkpt lat="15.6165222824" lon="73.7165946420"><ele>8.79</ele><time>2025-04-24T05:41:18Z</time><extensions><gpxtpx:TrackPointExtension><gpxtpx:cad>0</gpxtpx:cad></gpxtpx:TrackPointExtension></extensions></trkpt><trkpt lat="15.6164095458" lon="73.7167512998"><ele>8.79</ele><time>2025-04-24T05:41:23Z</time><extensions><gpxtpx:TrackPointExtension><gpxtpx:cad>0</gpxtpx:cad></gpxtpx:TrackPointExtension></extensions></trkpt><trkpt lat="15.6163104717" lon="73.7169073708"><ele>8.79</ele><time>2025-04-24T05:41:28Z</time><extensions><gpxtpx:TrackPointExtension><gpxtpx:cad>0</gpxtpx:cad></gpxtpx:TrackPointExtension></extensions></trkpt><trkpt lat="15.6162068713" lon="73.7170682196"><ele>8.79</ele><time>2025-04-24T05:41:33Z</time><extensions><gpxtpx:TrackPointExtension><gpxtpx:cad>0</gpxtpx:cad></gpxtpx:TrackPointExtension></extensions></trkpt><trkpt lat="15.6160900276" lon="73.7172120530"><ele>8.79</ele><time>2025-04-24T05:41:38Z</time><extensions><gpxtpx:TrackPointExtension><gpxtpx:cad>0</gpxtpx:cad></gpxtpx:TrackPointExtension></extensions></trkpt><trkpt lat="15.6159710046" lon="73.7173596583"><ele>8.79</ele><time>2025-04-24T05:41:43Z</time><extensions><gpxtpx:TrackPointExtension><gpxtpx:cad>0</gpxtpx:cad></gpxtpx:TrackPointExtension></extensions></trkpt><trkpt lat="15.6158722658" lon="73.7175097782"><ele>8.79</ele><time>2025-04-24T05:41:48Z</time><extensions><gpxtpx:TrackPointExtension><gpxtpx:cad>0</gpxtpx:cad></gpxtpx:TrackPointExtension></extensions></trkpt><trkpt lat="15.6157692522" lon="73.7176813558"><ele>8.79</ele><time>2025-04-24T05:41:53Z</time><extensions><gpxtpx:TrackPointExtension><gpxtpx:cad>0</gpxtpx:cad></gpxtpx:TrackPointExtension></extensions></trkpt><trkpt lat="15.6156764645" lon="73.7178309727"><ele>8.79</ele><time>2025-04-24T05:41:58Z</time><extensions><gpxtpx:TrackPointExtension><gpxtpx:cad>0</gpxtpx:cad></gpxtpx:TrackPointExtension></extensions></trkpt><trkpt lat="15.6155814976" lon="73.7179946713"><ele>8.79</ele><time>2025-04-24T05:42:03Z</time><extensions><gpxtpx:TrackPointExtension><gpxtpx:cad>0</gpxtpx:cad></gpxtpx:TrackPointExtension></extensions></trkpt><trkpt lat="15.6154804956" lon="73.7181614712"><ele>8.31</ele><time>2025-04-24T05:42:08Z</time><extensions><gpxtpx:TrackPointExtension><gpxtpx:cad>0</gpxtpx:cad></gpxtpx:TrackPointExtension></extensions></trkpt><trkpt lat="15.6153697707" lon="73.7183288578"><ele>8.31</ele><time>2025-04-24T05:42:13Z</time><extensions><gpxtpx:TrackPointExtension><gpxtpx:cad>0</gpxtpx:cad></gpxtpx:TrackPointExtension></extensions></trkpt><trkpt lat="15.6152586266" lon="73.7184965797"><ele>8.31</ele><time>2025-04-24T05:42:18Z</time><extensions><gpxtpx:TrackPointExtension><gpxtpx:cad>0</gpxtpx:cad></gpxtpx:TrackPointExtension></extensions></trkpt><trkpt lat="15.6151378434" lon="73.7186692469"><ele>8.31</ele><time>2025-04-24T05:42:23Z</time><extensions><gpxtpx:TrackPointExtension><gpxtpx:cad>0</gpxtpx:cad></gpxtpx:TrackPointExtension></extensions></trkpt><trkpt lat="15.6150315609" lon="73.7188305147"><ele>8.31</ele><time>2025-04-24T05:42:28Z</time><extensions><gpxtpx:TrackPointExtension><gpxtpx:cad>0</gpxtpx:cad></gpxtpx:TrackPointExtension></extensions></trkpt><trkpt lat="15.6149355043" lon="73.7189699896"><ele>7.83</ele><time>2025-04-24T05:42:33Z</time><extensions><gpxtpx:TrackPointExtension><gpxtpx:cad>0</gpxtpx:cad></gpxtpx:TrackPointExtension></extensions></trkpt><trkpt lat="15.6148126256" lon="73.7191274017"><ele>7.83</ele><time>2025-04-24T05:42:38Z</time><extensions><gpxtpx:TrackPointExtension><gpxtpx:cad>0</gpxtpx:cad></gpxtpx:TrackPointExtension></extensions></trkpt><trkpt lat="15.6146858074" lon="73.7192693911"><ele>7.83</ele><time>2025-04-24T05:42:43Z</time><extensions><gpxtpx:TrackPointExtension><gpxtpx:cad>0</gpxtpx:cad></gpxtpx:TrackPointExtension></extensions></trkpt><trkpt lat="15.6145584863" lon="73.7194015738"><ele>8.31</ele><time>2025-04-24T05:42:48Z</time><extensions><gpxtpx:TrackPointExtension><gpxtpx:cad>0</gpxtpx:cad></gpxtpx:TrackPointExtension></extensions></trkpt><trkpt lat="15.6144223642" lon="73.7195538729"><ele>8.31</ele><time>2025-04-24T05:42:53Z</time><extensions><gpxtpx:TrackPointExtension><gpxtpx:cad>0</gpxtpx:cad></gpxtpx:TrackPointExtension></extensions></trkpt><trkpt lat="15.6143039279" lon="73.7196941860"><ele>8.31</ele><time>2025-04-24T05:42:58Z</time><extensions><gpxtpx:TrackPointExtension><gpxtpx:cad>0</gpxtpx:cad></gpxtpx:TrackPointExtension></extensions></trkpt><trkpt lat="15.6141775288" lon="73.7198359240"><ele>8.79</ele><time>2025-04-24T05:43:03Z</time><extensions><gpxtpx:TrackPointExtension><gpxtpx:cad>0</gpxtpx:cad></gpxtpx:TrackPointExtension></extensions></trkpt><trkpt lat="15.6140528899" lon="73.7199755665"><ele>9.27</ele><time>2025-04-24T05:43:08Z</time><extensions><gpxtpx:TrackPointExtension><gpxtpx:cad>0</gpxtpx:cad></gpxtpx:TrackPointExtension></extensions></trkpt><trkpt lat="15.6139215454" lon="73.7200893089"><ele>9.27</ele><time>2025-04-24T05:43:13Z</time><extensions><gpxtpx:TrackPointExtension><gpxtpx:cad>0</gpxtpx:cad></gpxtpx:TrackPointExtension></extensions></trkpt><trkpt lat="15.6138073839" lon="73.7202324718"><ele>10.23</ele><time>2025-04-24T05:43:18Z</time><extensions><gpxtpx:TrackPointExtension><gpxtpx:cad>0</gpxtpx:cad></gpxtpx:TrackPointExtension></extensions></trkpt><trkpt lat="15.6137083936" lon="73.7203587033"><ele>9.75</ele><time>2025-04-24T05:43:23Z</time><extensions><gpxtpx:TrackPointExtension><gpxtpx:cad>0</gpxtpx:cad></gpxtpx:TrackPointExtension></extensions></trkpt><trkpt lat="15.6135652307" lon="73.7204872817"><ele>10.23</ele><time>2025-04-24T05:43:28Z</time><extensions><gpxtpx:TrackPointExtension><gpxtpx:cad>0</gpxtpx:cad></gpxtpx:TrackPointExtension></extensions></trkpt><trkpt lat="15.6134187989" lon="73.7206187099"><ele>10.71</ele><time>2025-04-24T05:43:33Z</time><extensions><gpxtpx:TrackPointExtension><gpxtpx:cad>0</gpxtpx:cad></gpxtpx:TrackPointExtension></extensions></trkpt><trkpt lat="15.6132969260" lon="73.7207262497"><ele>10.71</ele><time>2025-04-24T05:43:38Z</time><extensions><gpxtpx:TrackPointExtension><gpxtpx:cad>0</gpxtpx:cad></gpxtpx:TrackPointExtension></extensions></trkpt><trkpt lat="15.6131471414" lon="73.7208332866"><ele>11.19</ele><time>2025-04-24T05:43:43Z</time><extensions><gpxtpx:TrackPointExtension><gpxtpx:cad>0</gpxtpx:cad></gpxtpx:TrackPointExtension></extensions></trkpt><trkpt lat="15.6129894778" lon="73.7209457718"><ele>11.19</ele><time>2025-04-24T05:43:48Z</time><extensions><gpxtpx:TrackPointExtension><gpxtpx:cad>0</gpxtpx:cad></gpxtpx:TrackPointExtension></extensions></trkpt><trkpt lat="15.6128698681" lon="73.7210487016"><ele>11.19</ele><time>2025-04-24T05:43:53Z</time><extensions><gpxtpx:TrackPointExtension><gpxtpx:cad>0</gpxtpx:cad></gpxtpx:TrackPointExtension></extensions></trkpt><trkpt lat="15.6127433851" lon="73.7211588398"><ele>10.23</ele><time>2025-04-24T05:43:58Z</time><extensions><gpxtpx:TrackPointExtension><gpxtpx:cad>0</gpxtpx:cad></gpxtpx:TrackPointExtension></extensions></trkpt><trkpt lat="15.6126255356" lon="73.7212683912"><ele>9.27</ele><time>2025-04-24T05:44:03Z</time><extensions><gpxtpx:TrackPointExtension><gpxtpx:cad>0</gpxtpx:cad></gpxtpx:TrackPointExtension></extensions></trkpt><trkpt lat="15.6124938559" lon="73.7213641964"><ele>9.27</ele><time>2025-04-24T05:44:08Z</time><extensions><gpxtpx:TrackPointExtension><gpxtpx:cad>0</gpxtpx:cad></gpxtpx:TrackPointExtension></extensions></trkpt><trkpt lat="15.6123608351" lon="73.7214815430"><ele>9.27</ele><time>2025-04-24T05:44:13Z</time><extensions><gpxtpx:TrackPointExtension><gpxtpx:cad>0</gpxtpx:cad></gpxtpx:TrackPointExtension></extensions></trkpt><trkpt lat="15.6122490205" lon="73.7215722352"><ele>8.31</ele><time>2025-04-24T05:44:18Z</time><extensions><gpxtpx:TrackPointExtension><gpxtpx:cad>0</gpxtpx:cad></gpxtpx:TrackPointExtension></extensions></trkpt><trkpt lat="15.6121403910" lon="73.7216525339"><ele>8.79</ele><time>2025-04-24T05:44:23Z</time><extensions><gpxtpx:TrackPointExtension><gpxtpx:cad>0</gpxtpx:cad></gpxtpx:TrackPointExtension></extensions></trkpt><trkpt lat="15.6120405626" lon="73.7217558827"><ele>9.27</ele><time>2025-04-24T05:44:28Z</time><extensions><gpxtpx:TrackPointExtension><gpxtpx:cad>0</gpxtpx:cad></gpxtpx:TrackPointExtension></extensions></trkpt><trkpt lat="15.6119157560" lon="73.7218687031"><ele>8.79</ele><time>2025-04-24T05:44:33Z</time><extensions><gpxtpx:TrackPointExtension><gpxtpx:cad>0</gpxtpx:cad></gpxtpx:TrackPointExtension></extensions></trkpt><trkpt lat="15.6117941346" lon="73.7219565455"><ele>8.79</ele><time>2025-04-24T05:44:38Z</time><extensions><gpxtpx:TrackPointExtension><gpxtpx:cad>0</gpxtpx:cad></gpxtpx:TrackPointExtension></extensions></trkpt><trkpt lat="15.6117080525" lon="73.7220534403"><ele>8.79</ele><time>2025-04-24T05:44:43Z</time><extensions><gpxtpx:TrackPointExtension><gpxtpx:cad>0</gpxtpx:cad></gpxtpx:TrackPointExtension></extensions></trkpt><trkpt lat="15.6115949806" lon="73.7221685238"><ele>8.79</ele><time>2025-04-24T05:44:48Z</time><extensions><gpxtpx:TrackPointExtension><gpxtpx:cad>0</gpxtpx:cad></gpxtpx:TrackPointExtension></extensions></trkpt><trkpt lat="15.6114818249" lon="73.7222542707"><ele>8.79</ele><time>2025-04-24T05:44:53Z</time><extensions><gpxtpx:TrackPointExtension><gpxtpx:cad>0</gpxtpx:cad></gpxtpx:TrackPointExtension></extensions></trkpt><trkpt lat="15.6113674119" lon="73.7223546021"><ele>8.79</ele><time>2025-04-24T05:44:58Z</time><extensions><gpxtpx:TrackPointExtension><gpxtpx:cad>0</gpxtpx:cad></gpxtpx:TrackPointExtension></extensions></trkpt><trkpt lat="15.6112716068" lon="73.7224695180"><ele>8.31</ele><time>2025-04-24T05:45:03Z</time><extensions><gpxtpx:TrackPointExtension><gpxtpx:cad>0</gpxtpx:cad></gpxtpx:TrackPointExtension></extensions></trkpt><trkpt lat="15.6111672521" lon="73.7225856073"><ele>8.31</ele><time>2025-04-24T05:45:08Z</time><extensions><gpxtpx:TrackPointExtension><gpxtpx:cad>0</gpxtpx:cad></gpxtpx:TrackPointExtension></extensions></trkpt><trkpt lat="15.6110596284" lon="73.7226823345"><ele>7.35</ele><time>2025-04-24T05:45:13Z</time><extensions><gpxtpx:TrackPointExtension><gpxtpx:cad>0</gpxtpx:cad></gpxtpx:TrackPointExtension></extensions></trkpt><trkpt lat="15.6109153759" lon="73.7227735296"><ele>7.83</ele><time>2025-04-24T05:45:18Z</time><extensions><gpxtpx:TrackPointExtension><gpxtpx:cad>0</gpxtpx:cad></gpxtpx:TrackPointExtension></extensions></trkpt><trkpt lat="15.6107909884" lon="73.7228866853"><ele>7.83</ele><time>2025-04-24T05:45:23Z</time><extensions><gpxtpx:TrackPointExtension><gpxtpx:cad>0</gpxtpx:cad></gpxtpx:TrackPointExtension></extensions></trkpt><trkpt lat="15.6106624939" lon="73.7230037805"><ele>7.83</ele><time>2025-04-24T05:45:28Z</time><extensions><gpxtpx:TrackPointExtension><gpxtpx:cad>0</gpxtpx:cad></gpxtpx:TrackPointExtension></extensions></trkpt><trkpt lat="15.6105539482" lon="73.7231025193"><ele>7.35</ele><time>2025-04-24T05:45:33Z</time><extensions><gpxtpx:TrackPointExtension><gpxtpx:cad>0</gpxtpx:cad></gpxtpx:TrackPointExtension></extensions></trkpt><trkpt lat="15.6104878988" lon="73.7231798004"><ele>7.83</ele><time>2025-04-24T05:45:38Z</time><extensions><gpxtpx:TrackPointExtension><gpxtpx:cad>0</gpxtpx:cad></gpxtpx:TrackPointExtension></extensions></trkpt><trkpt lat="15.6104455702" lon="73.7232486159"><ele>7.83</ele><time>2025-04-24T05:45:43Z</time><extensions><gpxtpx:TrackPointExtension><gpxtpx:cad>0</gpxtpx:cad></gpxtpx:TrackPointExtension></extensions></trkpt><trkpt lat="15.6104073487" lon="73.7233023439"><ele>8.31</ele><time>2025-04-24T05:45:48Z</time><extensions><gpxtpx:TrackPointExtension><gpxtpx:cad>0</gpxtpx:cad></gpxtpx:TrackPointExtension></extensions></trkpt><trkpt lat="15.6103712227" lon="73.7233414035"><ele>8.31</ele><time>2025-04-24T05:45:53Z</time><extensions><gpxtpx:TrackPointExtension><gpxtpx:cad>0</gpxtpx:cad></gpxtpx:TrackPointExtension></extensions></trkpt><trkpt lat="15.6102965400" lon="73.7234226242"><ele>8.79</ele><time>2025-04-24T05:45:58Z</time><extensions><gpxtpx:TrackPointExtension><gpxtpx:cad>0</gpxtpx:cad></gpxtpx:TrackPointExtension></extensions></trkpt><trkpt lat="15.6102114636" lon="73.7235441618"><ele>8.31</ele><time>2025-04-24T05:46:03Z</time><extensions><gpxtpx:TrackPointExtension><gpxtpx:cad>0</gpxtpx:cad></gpxtpx:TrackPointExtension></extensions></trkpt><trkpt lat="15.6101159938" lon="73.7236850616"><ele>7.83</ele><time>2025-04-24T05:46:08Z</time><extensions><gpxtpx:TrackPointExtension><gpxtpx:cad>0</gpxtpx:cad></gpxtpx:TrackPointExtension></extensions></trkpt><trkpt lat="15.6100428198" lon="73.7237868179"><ele>7.83</ele><time>2025-04-24T05:46:13Z</time><extensions><gpxtpx:TrackPointExtension><gpxtpx:cad>0</gpxtpx:cad></gpxtpx:TrackPointExtension></extensions></trkpt><trkpt lat="15.6099573243" lon="73.7239032425"><ele>7.83</ele><time>2025-04-24T05:46:18Z</time><extensions><gpxtpx:TrackPointExtension><gpxtpx:cad>0</gpxtpx:cad></gpxtpx:TrackPointExtension></extensions></trkpt><trkpt lat="15.6098712422" lon="73.7239997182"><ele>7.35</ele><time>2025-04-24T05:46:23Z</time><extensions><gpxtpx:TrackPointExtension><gpxtpx:cad>0</gpxtpx:cad></gpxtpx:TrackPointExtension></extensions></trkpt><trkpt lat="15.6097623613" lon="73.7241088506"><ele>7.35</ele><time>2025-04-24T05:46:28Z</time><extensions><gpxtpx:TrackPointExtension><gpxtpx:cad>0</gpxtpx:cad></gpxtpx:TrackPointExtension></extensions></trkpt><trkpt lat="15.6096450984" lon="73.7241958547"><ele>7.83</ele><time>2025-04-24T05:46:33Z</time><extensions><gpxtpx:TrackPointExtension><gpxtpx:cad>0</gpxtpx:cad></gpxtpx:TrackPointExtension></extensions></trkpt><trkpt lat="15.6095296796" lon="73.7243011314"><ele>8.79</ele><time>2025-04-24T05:46:38Z</time><extensions><gpxtpx:TrackPointExtension><gpxtpx:cad>0</gpxtpx:cad></gpxtpx:TrackPointExtension></extensions></trkpt><trkpt lat="15.6094057951" lon="73.7243865430"><ele>9.27</ele><time>2025-04-24T05:46:43Z</time><extensions><gpxtpx:TrackPointExtension><gpxtpx:cad>0</gpxtpx:cad></gpxtpx:TrackPointExtension></extensions></trkpt><trkpt lat="15.6092861854" lon="73.7244629860"><ele>9.27</ele><time>2025-04-24T05:46:48Z</time><extensions><gpxtpx:TrackPointExtension><gpxtpx:cad>0</gpxtpx:cad></gpxtpx:TrackPointExtension></extensions></trkpt><trkpt lat="15.6091848481" lon="73.7245382555"><ele>9.27</ele><time>2025-04-24T05:46:53Z</time><extensions><gpxtpx:TrackPointExtension><gpxtpx:cad>0</gpxtpx:cad></gpxtpx:TrackPointExtension></extensions></trkpt><trkpt lat="15.6090840138" lon="73.7246011198"><ele>8.31</ele><time>2025-04-24T05:46:58Z</time><extensions><gpxtpx:TrackPointExtension><gpxtpx:cad>0</gpxtpx:cad></gpxtpx:TrackPointExtension></extensions></trkpt><trkpt lat="15.6089725345" lon="73.7246615533"><ele>7.35</ele><time>2025-04-24T05:47:03Z</time><extensions><gpxtpx:TrackPointExtension><gpxtpx:cad>0</gpxtpx:cad></gpxtpx:TrackPointExtension></extensions></trkpt><trkpt lat="15.6088623963" lon="73.7247387506"><ele>6.87</ele><time>2025-04-24T05:47:08Z</time><extensions><gpxtpx:TrackPointExtension><gpxtpx:cad>0</gpxtpx:cad></gpxtpx:TrackPointExtension></extensions></trkpt><trkpt lat="15.6087487377" lon="73.7248197198"><ele>6.39</ele><time>2025-04-24T05:47:13Z</time><extensions><gpxtpx:TrackPointExtension><gpxtpx:cad>0</gpxtpx:cad></gpxtpx:TrackPointExtension></extensions></trkpt><trkpt lat="15.6086401083" lon="73.7249094062"><ele>6.39</ele><time>2025-04-24T05:47:18Z</time><extensions><gpxtpx:TrackPointExtension><gpxtpx:cad>0</gpxtpx:cad></gpxtpx:TrackPointExtension></extensions></trkpt><trkpt lat="15.6085493322" lon="73.7249882799"><ele>6.39</ele><time>2025-04-24T05:47:23Z</time><extensions><gpxtpx:TrackPointExtension><gpxtpx:cad>0</gpxtpx:cad></gpxtpx:TrackPointExtension></extensions></trkpt><trkpt lat="15.6084739789" lon="73.7250769604"><ele>6.39</ele><time>2025-04-24T05:47:28Z</time><extensions><gpxtpx:TrackPointExtension><gpxtpx:cad>0</gpxtpx:cad></gpxtpx:TrackPointExtension></extensions></trkpt><trkpt lat="15.6084194966" lon="73.7251832429"><ele>6.39</ele><time>2025-04-24T05:47:33Z</time><extensions><gpxtpx:TrackPointExtension><gpxtpx:cad>0</gpxtpx:cad></gpxtpx:TrackPointExtension></extensions></trkpt><trkpt lat="15.6083652657" lon="73.7252934650"><ele>6.87</ele><time>2025-04-24T05:47:38Z</time><extensions><gpxtpx:TrackPointExtension><gpxtpx:cad>0</gpxtpx:cad></gpxtpx:TrackPointExtension></extensions></trkpt><trkpt lat="15.6083349232" lon="73.7254064530"><ele>6.87</ele><time>2025-04-24T05:47:43Z</time><extensions><gpxtpx:TrackPointExtension><gpxtpx:cad>0</gpxtpx:cad></gpxtpx:TrackPointExtension></extensions></trkpt><trkpt lat="15.6083277985" lon="73.7255308405"><ele>6.87</ele><time>2025-04-24T05:47:48Z</time><extensions><gpxtpx:TrackPointExtension><gpxtpx:cad>0</gpxtpx:cad></gpxtpx:TrackPointExtension></extensions></trkpt><trkpt lat="15.6083243620" lon="73.7256515399"><ele>6.87</ele><time>2025-04-24T05:47:53Z</time><extensions><gpxtpx:TrackPointExtension><gpxtpx:cad>0</gpxtpx:cad></gpxtpx:TrackPointExtension></extensions></trkpt><trkpt lat="15.6083303131" lon="73.7257450819"><ele>6.39</ele><time>2025-04-24T05:47:58Z</time><extensions><gpxtpx:TrackPointExtension><gpxtpx:cad>0</gpxtpx:cad></gpxtpx:TrackPointExtension></extensions></trkpt><trkpt lat="15.6083293073" lon="73.7258432340"><ele>6.39</ele><time>2025-04-24T05:48:03Z</time><extensions><gpxtpx:TrackPointExtension><gpxtpx:cad>0</gpxtpx:cad></gpxtpx:TrackPointExtension></extensions></trkpt><trkpt lat="15.6083214283" lon="73.7259516120"><ele>6.39</ele><time>2025-04-24T05:48:08Z</time><extensions><gpxtpx:TrackPointExtension><gpxtpx:cad>0</gpxtpx:cad></gpxtpx:TrackPointExtension></extensions></trkpt><trkpt lat="15.6083109509" lon="73.7260296475"><ele>6.87</ele><time>2025-04-24T05:48:13Z</time><extensions><gpxtpx:TrackPointExtension><gpxtpx:cad>0</gpxtpx:cad></gpxtpx:TrackPointExtension></extensions></trkpt><trkpt lat="15.6083013956" lon="73.7260905840"><ele>6.87</ele><time>2025-04-24T05:48:18Z</time><extensions><gpxtpx:TrackPointExtension><gpxtpx:cad>0</gpxtpx:cad></gpxtpx:TrackPointExtension></extensions></trkpt><trkpt lat="15.6083068438" lon="73.7261448149"><ele>6.87</ele><time>2025-04-24T05:48:23Z</time><extensions><gpxtpx:TrackPointExtension><gpxtpx:cad>0</gpxtpx:cad></gpxtpx:TrackPointExtension></extensions></trkpt><trkpt lat="15.6083091069" lon="73.7262117863"><ele>7.35</ele><time>2025-04-24T05:48:28Z</time><extensions><gpxtpx:TrackPointExtension><gpxtpx:cad>0</gpxtpx:cad></gpxtpx:TrackPointExtension></extensions></trkpt><trkpt lat="15.6083044130" lon="73.7262764946"><ele>6.87</ele><time>2025-04-24T05:48:33Z</time><extensions><gpxtpx:TrackPointExtension><gpxtpx:cad>0</gpxtpx:cad></gpxtpx:TrackPointExtension></extensions></trkpt><trkpt lat="15.6082827039" lon="73.7263361737"><ele>6.39</ele><time>2025-04-24T05:48:38Z</time><extensions><gpxtpx:TrackPointExtension><gpxtpx:cad>0</gpxtpx:cad></gpxtpx:TrackPointExtension></extensions></trkpt><trkpt lat="15.6082610786" lon="73.7264151312"><ele>6.39</ele><time>2025-04-24T05:48:43Z</time><extensions><gpxtpx:TrackPointExtension><gpxtpx:cad>0</gpxtpx:cad></gpxtpx:TrackPointExtension></extensions></trkpt><trkpt lat="15.6082389504" lon="73.7264981121"><ele>6.87</ele><time>2025-04-24T05:48:48Z</time><extensions><gpxtpx:TrackPointExtension><gpxtpx:cad>0</gpxtpx:cad></gpxtpx:TrackPointExtension></extensions></trkpt><trkpt lat="15.6081661955" lon="73.7265390158"><ele>6.87</ele><time>2025-04-24T05:48:53Z</time><extensions><gpxtpx:TrackPointExtension><gpxtpx:cad>0</gpxtpx:cad></gpxtpx:TrackPointExtension></extensions></trkpt><trkpt lat="15.6080861483" lon="73.7264912389"><ele>6.39</ele><time>2025-04-24T05:48:58Z</time><extensions><gpxtpx:TrackPointExtension><gpxtpx:cad>0</gpxtpx:cad></gpxtpx:TrackPointExtension></extensions></trkpt><trkpt lat="15.6080329232" lon="73.7264230940"><ele>5.91</ele><time>2025-04-24T05:49:03Z</time><extensions><gpxtpx:TrackPointExtension><gpxtpx:cad>0</gpxtpx:cad></gpxtpx:TrackPointExtension></extensions></trkpt><trkpt lat="15.6079797819" lon="73.7263114471"><ele>5.42</ele><time>2025-04-24T05:49:08Z</time><extensions><gpxtpx:TrackPointExtension><gpxtpx:cad>0</gpxtpx:cad></gpxtpx:TrackPointExtension></extensions></trkpt><trkpt lat="15.6079452485" lon="73.7262333278"><ele>6.87</ele><time>2025-04-24T05:49:13Z</time><extensions><gpxtpx:TrackPointExtension><gpxtpx:cad>0</gpxtpx:cad></gpxtpx:TrackPointExtension></extensions></trkpt><trkpt lat="15.6079019979" lon="73.7261368521"><ele>6.39</ele><time>2025-04-24T05:49:18Z</time><extensions><gpxtpx:TrackPointExtension><gpxtpx:cad>0</gpxtpx:cad></gpxtpx:TrackPointExtension></extensions></trkpt><trkpt lat="15.6078780256" lon="73.7260558829"><ele>5.91</ele><time>2025-04-24T05:49:23Z</time><extensions><gpxtpx:TrackPointExtension><gpxtpx:cad>0</gpxtpx:cad></gpxtpx:TrackPointExtension></extensions></trkpt><trkpt lat="15.6078482699" lon="73.7259669509"><ele>5.91</ele><time>2025-04-24T05:49:28Z</time><extensions><gpxtpx:TrackPointExtension><gpxtpx:cad>0</gpxtpx:cad></gpxtpx:TrackPointExtension></extensions></trkpt><trkpt lat="15.6078283209" lon="73.7259003986"><ele>6.39</ele><time>2025-04-24T05:49:33Z</time><extensions><gpxtpx:TrackPointExtension><gpxtpx:cad>0</gpxtpx:cad></gpxtpx:TrackPointExtension></extensions></trkpt><trkpt lat="15.6078040134" lon="73.7258674577"><ele>6.39</ele><time>2025-04-24T05:49:38Z</time><extensions><gpxtpx:TrackPointExtension><gpxtpx:cad>0</gpxtpx:cad></gpxtpx:TrackPointExtension></extensions></trkpt><trkpt lat="15.6077411491" lon="73.7258388754"><ele>5.91</ele><time>2025-04-24T05:49:43Z</time><extensions><gpxtpx:TrackPointExtension><gpxtpx:cad>0</gpxtpx:cad></gpxtpx:TrackPointExtension></extensions></trkpt><trkpt lat="15.6076313462" lon="73.7258245423"><ele>5.42</ele><time>2025-04-24T05:49:48Z</time><extensions><gpxtpx:TrackPointExtension><gpxtpx:cad>0</gpxtpx:cad></gpxtpx:TrackPointExtension></extensions></trkpt><trkpt lat="15.6074772030" lon="73.7258111313"><ele>4.94</ele><time>2025-04-24T05:49:53Z</time><extensions><gpxtpx:TrackPointExtension><gpxtpx:cad>0</gpxtpx:cad></gpxtpx:TrackPointExtension></extensions></trkpt><trkpt lat="15.6073093135" lon="73.7258214410"><ele>5.42</ele><time>2025-04-24T05:49:58Z</time><extensions><gpxtpx:TrackPointExtension><gpxtpx:cad>0</gpxtpx:cad></gpxtpx:TrackPointExtension></extensions></trkpt><trkpt lat="15.6071493868" lon="73.7258851435"><ele>6.39</ele><time>2025-04-24T05:50:03Z</time><extensions><gpxtpx:TrackPointExtension><gpxtpx:cad>0</gpxtpx:cad></gpxtpx:TrackPointExtension></extensions></trkpt><trkpt lat="15.6070306990" lon="73.7259773444"><ele>6.39</ele><time>2025-04-24T05:50:08Z</time><extensions><gpxtpx:TrackPointExtension><gpxtpx:cad>0</gpxtpx:cad></gpxtpx:TrackPointExtension></extensions></trkpt><trkpt lat="15.6069409288" lon="73.7261097785"><ele>6.87</ele><time>2025-04-24T05:50:13Z</time><extensions><gpxtpx:TrackPointExtension><gpxtpx:cad>0</gpxtpx:cad></gpxtpx:TrackPointExtension></extensions></trkpt><trkpt lat="15.6068745442" lon="73.7262731418"><ele>6.39</ele><time>2025-04-24T05:50:18Z</time><extensions><gpxtpx:TrackPointExtension><gpxtpx:cad>0</gpxtpx:cad></gpxtpx:TrackPointExtension></extensions></trkpt><trkpt lat="15.6068449561" lon="73.7264758162"><ele>6.39</ele><time>2025-04-24T05:50:23Z</time><extensions><gpxtpx:TrackPointExtension><gpxtpx:cad>0</gpxtpx:cad></gpxtpx:TrackPointExtension></extensions></trkpt><trkpt lat="15.6068405975" lon="73.7266500760"><ele>5.91</ele><time>2025-04-24T05:50:28Z</time><extensions><gpxtpx:TrackPointExtension><gpxtpx:cad>0</gpxtpx:cad></gpxtpx:TrackPointExtension></extensions></trkpt><trkpt lat="15.6068464648" lon="73.7268208154"><ele>4.94</ele><time>2025-04-24T05:50:33Z</time><extensions><gpxtpx:TrackPointExtension><gpxtpx:cad>0</gpxtpx:cad></gpxtpx:TrackPointExtension></extensions></trkpt><trkpt lat="15.6068410166" lon="73.7269729469"><ele>4.94</ele><time>2025-04-24T05:50:38Z</time><extensions><gpxtpx:TrackPointExtension><gpxtpx:cad>0</gpxtpx:cad></gpxtpx:TrackPointExtension></extensions></trkpt><trkpt lat="15.6068287790" lon="73.7271279283"><ele>4.46</ele><time>2025-04-24T05:50:43Z</time><extensions><gpxtpx:TrackPointExtension><gpxtpx:cad>0</gpxtpx:cad></gpxtpx:TrackPointExtension></extensions></trkpt><trkpt lat="15.6068281922" lon="73.7272998411"><ele>4.94</ele><time>2025-04-24T05:50:48Z</time><extensions><gpxtpx:TrackPointExtension><gpxtpx:cad>0</gpxtpx:cad></gpxtpx:TrackPointExtension></extensions></trkpt><trkpt lat="15.6068667490" lon="73.7274420820"><ele>5.42</ele><time>2025-04-24T05:50:53Z</time><extensions><gpxtpx:TrackPointExtension><gpxtpx:cad>0</gpxtpx:cad></gpxtpx:TrackPointExtension></extensions></trkpt><trkpt lat="15.6069128495" lon="73.7275650445"><ele>4.94</ele><time>2025-04-24T05:50:58Z</time><extensions><gpxtpx:TrackPointExtension><gpxtpx:cad>0</gpxtpx:cad></gpxtpx:TrackPointExtension></extensions></trkpt><trkpt lat="15.6069684215" lon="73.7276727520"><ele>4.46</ele><time>2025-04-24T05:51:03Z</time><extensions><gpxtpx:TrackPointExtension><gpxtpx:cad>0</gpxtpx:cad></gpxtpx:TrackPointExtension></extensions></trkpt></trkseg></trk></gpx>